nome,generos,popularidade,seguidores,imagem,genero_cluster
ARIJIT SINGH,HINDI POP,90,165739069,https://i.scdn.co/image/ab6761610000e5eb5ba2d75eb08a2d672f9b69b7,Outros
TAYLOR SWIFT,POP,100,146601270,https://i.scdn.co/image/ab6761610000e5ebe2e8e7ff002a4afda1c7147e,6.0
ED SHEERAN,SOFT POP,89,123163279,https://i.scdn.co/image/ab6761610000e5ebd55c95ad400aed87da52daec,Outros
BILLIE EILISH,POP,92,119521349,https://i.scdn.co/image/ab6761610000e5eb4a21b4760d2ecb7b0dcdc8da,6.0
THE WEEKND,POP,95,113983998,https://i.scdn.co/image/ab6761610000e5eb9e528993a2820267b97f6aae,6.0
ARIANA GRANDE,POP,92,107777870,https://i.scdn.co/image/ab6761610000e5eb6725802588d7dc1aba076ca5,6.0
EMINEM,RAP,89,105082092,https://i.scdn.co/image/ab6761610000e5eba00b11c129b27a88fc72f36b,12.0
DRAKE,RAP,96,103800341,https://i.scdn.co/image/ab6761610000e5eb4293385d324db8558179afd9,12.0
BAD BUNNY,REGGAETON,96,103484415,https://i.scdn.co/image/ab6761610000e5eb81f47f44084e0a09b5f0fa13,Outros
JUSTIN BIEBER,POP,92,85355386,https://i.scdn.co/image/ab6761610000e5ebaf20f7db5288bce9beede034,6.0
BTS,K-POP,86,81419512,https://i.scdn.co/image/ab6761610000e5ebd642648235ebf3460d2d1f6a,9.0
BRUNO MARS,R&B,91,76055599,https://i.scdn.co/image/ab6761610000e5ebc36dd9eb55fb0db4911f25dd,2.0
A.R. RAHMAN,TAMIL POP,82,72090455,https://i.scdn.co/image/ab6761610000e5ebb19af0ea736c6228d6eb539c,2.0
RIHANNA,R&B,92,69497659,https://i.scdn.co/image/ab6761610000e5ebcb565a8e684e3be458d329ac,2.0
ADELE,SOFT POP,84,67125466,https://i.scdn.co/image/ab6761610000e5eb68f6e5892075d7f22615bd17,Outros
COLDPLAY,POP,89,61164769,https://i.scdn.co/image/ab6761610000e5eb1ba8fc5f5c73e7e9313cc6eb,6.0
PRITAM,BOLLYWOOD,89,61154695,https://i.scdn.co/image/ab6761610000e5ebcb6926f44f620555ba444fca,2.0
KAROL G,REGGAETON,88,60821595,https://i.scdn.co/image/ab6761610000e5eb66041ce9eb4497057cbc3496,Outros
IMAGINE DRAGONS,ROCK,86,58517632,https://i.scdn.co/image/ab6761610000e5ebab47d8dae2b24f5afe7f9d38,14.0
BLACKPINK,K-POP,82,56411140,https://i.scdn.co/image/ab6761610000e5eb9b57f5eccf180a0049be84b3,9.0
QUEEN,CLASSIC ROCK,84,55401342,https://i.scdn.co/image/b040846ceba13c3e9c125d68389491094e7f2982,2.0
SELENA GOMEZ,POP,82,53364348,https://i.scdn.co/image/ab6761610000e5eb815e520e3ce7fe210046ba66,6.0
LANA DEL REY,POP,89,52364576,https://i.scdn.co/image/ab6761610000e5ebb99cacf8acd5378206767261,6.0
XXXTENTACION,EMO RAP,84,51923644,https://i.scdn.co/image/ab6761610000e5ebf0c20db5ef6c6fbe5135d2e4,2.0
OLIVIA RODRIGO,POP,86,49471454,https://i.scdn.co/image/ab6761610000e5ebe03a98785f3658f0b6461ec4,6.0
NEHA KAKKAR,BOLLYWOOD,73,49007550,https://i.scdn.co/image/ab6761610000e5eb32562ae7f933506c332f6586,2.0
POST MALONE,HIP HOP,87,47812166,https://i.scdn.co/image/ab6761610000e5ebe17c0aa1714a03d62b5ce4e0,Outros
DUA LIPA,POP,87,47039248,https://i.scdn.co/image/ab6761610000e5eb0c68f6c95232e716f0abee8d,6.0
SIDHU MOOSE WALA,PUNJABI HIP HOP,75,46016968,https://i.scdn.co/image/ab6761610000e5eb9973157bdaedef3f77ef8e13,2.0
MAROON 5,POP,86,45957983,https://i.scdn.co/image/ab6761610000e5ebf8349dfb619a7f842242de77,6.0
SHAWN MENDES,POP,82,45801371,https://i.scdn.co/image/ab6761610000e5eb58b4b9419486550f6fda0535,6.0
ANUEL AA,REGGAETON,88,45112869,https://i.scdn.co/image/ab6761610000e5eba23ceb177745632b517cb7b2,Outros
KENDRICK LAMAR,HIP HOP,90,44936093,https://i.scdn.co/image/ab6761610000e5eb39ba6dcd4355c03de0b50918,Outros
ANIRUDH RAVICHANDER,TAMIL POP,84,44220293,https://i.scdn.co/image/ab6761610000e5eb0f0be2054fe9594026a6b843,2.0
JUICE WRLD,MELODIC RAP,86,42837304,https://i.scdn.co/image/ab6761610000e5eb23a60030944f7853c21565ef,Outros
LADY GAGA,ART POP,90,42743096,https://i.scdn.co/image/ab6761610000e5ebaadc18cac8d48124357c38e6,6.0
TRAVIS SCOTT,RAP,90,41409574,https://i.scdn.co/image/ab6761610000e5eb19c2790744c792d05570bb71,12.0
BEYONCE,R&B,85,41339592,https://i.scdn.co/image/ab6761610000e5eb7eaa373538359164b843f7c0,2.0
ALAN WALKER,EDM,79,41332399,https://i.scdn.co/image/ab6761610000e5eb572a8eae56feae217f618078,Outros
ATIF ASLAM,BOLLYWOOD,80,41294006,https://i.scdn.co/image/ab6761610000e5ebc40600e02356cc86f0debe84,2.0
ONE DIRECTION,POP,84,40364313,https://i.scdn.co/image/5bb443424a1ad71603c43d67f5af1a04da6bb3c8,6.0
SHAKIRA,LATIN POP,86,40073849,https://i.scdn.co/image/ab6761610000e5eb44b07362e94585ebd7c564c9,6.0
OZUNA,REGGAETON,87,39490829,https://i.scdn.co/image/ab6761610000e5eb463e10d5f1a533ddd6eb9a04,Outros
J BALVIN,REGGAETON,87,39243150,https://i.scdn.co/image/ab6761610000e5eb0405b03342c2e56751b9923d,Outros
MALUMA,REGGAETON,85,38781157,https://i.scdn.co/image/ab6761610000e5ebc865fa1b398bc1cd02649f51,Outros
MARILIA MENDONCA,SERTANEJO,79,38678828,https://i.scdn.co/image/ab6761610000e5eb82541986e1e91ecd556ef72c,10.0
KATY PERRY,POP,85,38598993,https://i.scdn.co/image/ab6761610000e5eb4be5330bd48527f9dd620663,6.0
DADDY YANKEE,REGGAETON,87,38001984,https://i.scdn.co/image/ab6761610000e5eb9a6918fd0b2fd675d63c675d,Outros
MICHAEL JACKSON,POP,87,37860694,https://i.scdn.co/image/ab6761610000e5eb997cc9a4aec335d46c9481fd,6.0
YO YO HONEY SINGH,BOLLYWOOD,78,36908340,https://i.scdn.co/image/ab6761610000e5ebbc7e4fffd515b47ff1ebbc1f,2.0
DILJIT DOSANJH,BHANGRA,77,36847151,https://i.scdn.co/image/ab6761610000e5ebfc043bea91ac91c222d235c9,2.0
CAMILA CABELLO,POP,79,35664207,https://i.scdn.co/image/ab6761610000e5eb76470faf6330235edbcb90a9,6.0
GUNS N' ROSES,ROCK,81,35428207,https://i.scdn.co/image/ab6761610000e5eb50defaf9fc059a1efc541f4c,14.0
DOJA CAT,RAP,87,34976945,https://i.scdn.co/image/ab6761610000e5eb8a0644455ebfa7d3976f5101,12.0
MARSHMELLO,EDM,81,34516532,https://i.scdn.co/image/ab6761610000e5eb3b2498dc8a8c6eceed0a2db3,Outros
NICKI MINAJ,RAP,85,34362969,https://i.scdn.co/image/ab6761610000e5eb07a50f0a9a8f11e5a1102cbd,12.0
HARRY STYLES,POP,81,34210950,https://i.scdn.co/image/ab6761610000e5ebf7db7c8ede90a019c54590bb,6.0
SZA,R&B,88,33352641,https://i.scdn.co/image/ab6761610000e5ebfd0a9fb6c252a3ba44079acf,2.0
SHREYA GHOSHAL,BOLLYWOOD,85,33165983,https://i.scdn.co/image/ab6761610000e5ebe7ce89a9f5d11e0ba26677eb,2.0
AC/DC,ROCK,82,32470770,https://i.scdn.co/image/ab6761610000e5ebc4c77549095c86acb4e77b37,14.0
METALLICA,METAL,83,32388906,https://i.scdn.co/image/ab6761610000e5eb69ca98dd3083f1082d740e44,Outros
ARCTIC MONKEYS,INDIE,86,32297649,https://i.scdn.co/image/ab6761610000e5eb7da39dea0a72f581535fb11f,Outros
LINKIN PARK,NU METAL,89,32062825,https://i.scdn.co/image/ab6761610000e5eb527d95dabbe8b8b527e8136f,4.0
RAUW ALEJANDRO,REGGAETON,90,31366975,https://i.scdn.co/image/ab6761610000e5eb43ea45ccf08451d2511d33fa,Outros
KANYE WEST,RAP,91,31224907,https://i.scdn.co/image/ab6761610000e5eb6e835a500e791bf9c27a422a,12.0
THE BEATLES,CLASSIC ROCK,84,30823347,https://i.scdn.co/image/ab6761610000e5ebe9348cc01ff5d55971b22433,2.0
BADSHAH,BOLLYWOOD,75,30796471,https://i.scdn.co/image/ab6761610000e5eb7b386b1320742bd6686854e7,2.0
SIA,POP,84,30654431,https://i.scdn.co/image/ab6761610000e5eb91c19888fe2fa3d5066199d1,6.0
HENRIQUE & JULIANO,SERTANEJO,86,30383873,https://i.scdn.co/image/ab6761610000e5eb30f0dc81183daaee971c2601,10.0
RAHAT FATEH ALI KHAN,SUFI,76,28804197,https://i.scdn.co/image/ab6761610000e5ebac45eaf028dc58810df0f382,2.0
JUNIOR H,CORRIDOS TUMBADOS,89,28626110,https://i.scdn.co/image/ab6761610000e5eb5fbe9b7dc7d9a2295bd6022c,2.0
CHRIS BROWN,R&B,88,28587137,https://i.scdn.co/image/ab6761610000e5eba48397e590a1c70e2cda7728,2.0
DEMI LOVATO,POP,79,27284586,https://i.scdn.co/image/ab6761610000e5eb42d7061876b87861d7c8f3fb,6.0
DAVID GUETTA,EDM,88,27222177,https://i.scdn.co/image/ab6761610000e5ebf150017ca69c8793503c2d4f,Outros
J. COLE,RAP,83,27180330,https://i.scdn.co/image/ab6761610000e5eb4b053c29fd4b317ff825f0dc,12.0
SABRINA CARPENTER,POP,92,27074990,https://i.scdn.co/image/ab6761610000e5eb78e45cfa4697ce3c437cb455,6.0
ROMEO SANTOS,BACHATA,83,26755507,https://i.scdn.co/image/ab6761610000e5eb6d8b48abede0f9e433aa6e49,2.0
PAULO LONDRA,ARGENTINE TRAP,76,26731274,https://i.scdn.co/image/ab6761610000e5eb3deda947e22df7dd3c8fe2c2,2.0
MILEY CYRUS,POP,82,26650518,https://i.scdn.co/image/ab6761610000e5ebf4cccd14ec026038d713e353,6.0
DARSHAN RAVAL,GUJARATI GARBA,73,26550990,https://i.scdn.co/image/ab6761610000e5ebe971c19e2c773085fe2e4c32,2.0
SAM SMITH,SOFT POP,82,26375062,https://i.scdn.co/image/ab6761610000e5eb3262e01b79152c4f8007f3ac,Outros
CARDI B,POP,81,26024497,https://i.scdn.co/image/ab6761610000e5eba23286f24edd4a7dbdc6311d,6.0
TWENTY ONE PILOTS,ROCK,84,25816700,https://i.scdn.co/image/ab6761610000e5eb61a7ea26d33ded218cd1e59d,14.0
CHARLIE PUTH,SOFT POP,81,25413684,https://i.scdn.co/image/ab6761610000e5eb6721f541fb123145d4cb3ace,Outros
TYLER THE CREATOR,HIP HOP,87,24684277,https://i.scdn.co/image/ab6761610000e5ebdf2728294ff77dd11eeb18fb,Outros
LATA MANGESHKAR,GHAZAL,78,24580653,https://i.scdn.co/image/ab6761610000e5eba0199b159c0c5a9f62333d32,2.0
SEBASTIAN YATRA,COLOMBIAN POP,78,24387039,https://i.scdn.co/image/ab6761610000e5ebac1d47a290d9c451e4ba3b06,2.0
PESO PLUMA,CORRIDO,87,24275010,https://i.scdn.co/image/ab6761610000e5ebe5283f5b671cf618b82a2696,2.0
JORGE & MATEUS,SERTANEJO,81,24190447,https://i.scdn.co/image/ab6761610000e5ebcdef7b197f1add89019d6ad4,10.0
ZAYN,POP,78,24176265,https://i.scdn.co/image/ab6761610000e5eb7a1fba1bb3618ef71355f82a,6.0
21 SAVAGE,HIP HOP,85,23995614,https://i.scdn.co/image/ab6761610000e5eb4f8f76117470957c0e81e5b2,Outros
NIRVANA,GRUNGE,82,23573131,https://i.scdn.co/image/84282c28d851a700132356381fcfbadc67ff498b,Outros
TWICE,K-POP,83,23523182,https://i.scdn.co/image/ab6761610000e5eb3d8820046fd455b38d644864,9.0
ARMAAN MALIK,BOLLYWOOD,72,23480974,https://i.scdn.co/image/ab6761610000e5eb304d3dd0ed0fef6a64ba1dd7,2.0
AVICII,EDM,80,23456523,https://i.scdn.co/image/ab6761610000e5ebae07171f989fb39736674113,Outros
GUSTTAVO LIMA,SERTANEJO,79,23371108,https://i.scdn.co/image/ab6761610000e5eb08cacf062848b7318679b1b4,10.0
RED HOT CHILI PEPPERS,FUNK ROCK,84,23344771,https://i.scdn.co/image/ab6761610000e5ebc33cc15260b767ddec982ce8,Outros
CALVIN HARRIS,EDM,85,23107073,https://i.scdn.co/image/ab6761610000e5eb1e4bcd2bef1896648762dd6b,Outros
KARAN AUJLA,PUNJABI POP,82,23027750,https://i.scdn.co/image/ab6761610000e5eb8a4c60d0eebe893f72e42979,2.0
ZE NETO & CRISTIANO,SERTANEJO,80,22937866,https://i.scdn.co/image/ab6761610000e5ebc76b86b0ae0aec212d7eea0f,10.0
FUTURE,RAP,89,22847812,https://i.scdn.co/image/ab6761610000e5eb7565b356bc9d9394eefa2ccb,12.0
PINK FLOYD,PROGRESSIVE ROCK,80,22815330,https://i.scdn.co/image/ab6761610000e5eb97885ce689d644c91dfba05c,Outros
2PAC,OLD SCHOOL HIP HOP,79,22706005,https://i.scdn.co/image/ab6761610000e5eb7f5cc432c9c109248ebec1ac,2.0
SONU NIGAM,KANNADA POP,79,22669552,https://i.scdn.co/image/ab6761610000e5ebbc959d7569618ec2af2210f5,2.0
HALSEY,POP,82,22444334,https://i.scdn.co/image/ab6761610000e5eb15136101a0f63f0b2800b9dc,6.0
S. P. BALASUBRAHMANYAM,TELUGU POP,81,22367083,https://i.scdn.co/image/ab6761610000e5ebea2b56271cf92bcff45c0ae9,2.0
MELANIE MARTINEZ,POP,76,22244787,https://i.scdn.co/image/ab6761610000e5eb77ecd63aaebe2225b07c89f0,6.0
MYKE TOWERS,REGGAETON,86,22168748,https://i.scdn.co/image/ab6761610000e5eb8372345609bebaf1e948ef7f,Outros
GURU RANDHAWA,BHANGRA,74,22145628,https://i.scdn.co/image/ab6761610000e5eb531f6fb5759f44e7c3d707d6,2.0
THE NEIGHBOURHOOD,INDIE,86,21823328,https://i.scdn.co/image/ab6761610000e5ebdf0b5ac84376a0a4b2166816,Outros
UDIT NARAYAN,BOLLYWOOD,82,21808284,https://i.scdn.co/image/ab6761610000e5eb8de0e6e7e55d7773931ab7f4,2.0
NATANAEL CANO,CORRIDOS TUMBADOS,85,21807160,https://i.scdn.co/image/ab6761610000e5eb0d4838ef7ef6c0f889266f60,2.0
LIL BABY,HIP HOP,86,21797103,https://i.scdn.co/image/ab6761610000e5eb514da623c55dc9d2155705dd,Outros
KK,BOLLYWOOD,78,21753062,https://i.scdn.co/image/ab6761610000e5ebb09a31f853166e721d4d46b2,2.0
THE CHAINSMOKERS,EDM,81,21398553,https://i.scdn.co/image/ab6761610000e5eb4567279fac84a0375c3d819b,Outros
JUBIN NAUTIYAL,BHAJAN,76,21362619,https://i.scdn.co/image/ab6761610000e5eb716a9e718655bd0374073ef7,2.0
KUMAR SANU,BOLLYWOOD,79,21301190,https://i.scdn.co/image/ab6761610000e5ebc7d2a4212ee745b2c72298e0,2.0
STRAY KIDS,K-POP,85,21247892,https://i.scdn.co/image/ab6761610000e5ebf9887d2c9288f0e50a3fd69f,9.0
JAMES ARTHUR,SOFT POP,80,20921667,https://i.scdn.co/image/ab6761610000e5eb5a55e66595e80fb12dc5f5fa,Outros
ALKA YAGNIK,BOLLYWOOD,82,20726691,https://i.scdn.co/image/ab6761610000e5eb935b2dd507212bd72a71d7f9,2.0
LUIS MIGUEL,MARIACHI,83,20707647,https://i.scdn.co/image/ab6761610000e5eb6481401e529e475116702a29,Outros
NICKY JAM,REGGAETON,82,20682023,https://i.scdn.co/image/ab6761610000e5eb45780f160ed896e42b6d17b0,Outros
KISHORE KUMAR,GHAZAL,77,20543703,https://i.scdn.co/image/ab6761610000e5ebc9ac92d87de28795c1c49730,2.0
CAMILO,COLOMBIAN POP,79,20486833,https://i.scdn.co/image/ab6761610000e5ebadd0f250a8602d9bb093161f,2.0
FRANK OCEAN,INDIE,85,20457070,https://i.scdn.co/image/ab6761610000e5ebee3123e593174208f9754fab,Outros
FUERZA REGIDA,CORRIDO,91,20447270,https://i.scdn.co/image/ab6761610000e5eb158a3d24a31166b983e26325,2.0
V,K-POP,76,20136722,https://i.scdn.co/image/ab6761610000e5eb8e7d00d3aae87cf8fc6946e2,9.0
SID SRIRAM,TOLLYWOOD,77,19994053,https://i.scdn.co/image/ab6761610000e5ebef6a8800763bf428e85940a6,2.0
CARTEL DE SANTA,MEXICAN HIP HOP,78,19612591,https://i.scdn.co/image/ab6761610000e5eb72d02b5f21c6364c3d1928d7,2.0
J-HOPE,K-POP,79,19349479,https://i.scdn.co/image/ab6761610000e5eb25c2401c3595f0ac35e19b98,9.0
LIL UZI VERT,MELODIC RAP,83,19332826,https://i.scdn.co/image/ab6761610000e5eba8ce348f34f18241d3249fa9,Outros
TULUS,INDONESIAN POP,74,19289947,https://i.scdn.co/image/ab6761610000e5eb53462891ab7799f2934b568e,2.0
BANDA MS DE SERGIO LIZARRAGA,BANDA,80,19226663,https://i.scdn.co/image/ab6761610000e5ebf49a3377cacbeb4fc157949d,2.0
MAHALINI,INDONESIAN POP,73,19126714,https://i.scdn.co/image/ab6761610000e5ebd3564043a332daaa882853d6,2.0
50 CENT,EAST COAST HIP HOP,84,19065655,https://i.scdn.co/image/dd031b9c5d1b6eba4a691cd89c954255aae787f2,Outros
FEID,REGGAETON,87,19042214,https://i.scdn.co/image/ab6761610000e5eb600ee3d2a14da8d038fa7bbf,Outros
ONEREPUBLIC,SOFT POP,82,18778229,https://i.scdn.co/image/ab6761610000e5eb587687df50a967731901fcc2,Outros
JUNG KOOK,K-POP,81,18747443,https://i.scdn.co/image/ab6761610000e5eb40a7268dd742e5f63759b960,9.0
BIZARRAP,ARGENTINE TRAP,81,18287480,https://i.scdn.co/image/ab6761610000e5eb14add0d3419426b84158b913,2.0
P!NK,POP ROCK,79,18248675,https://i.scdn.co/image/ab6761610000e5eb7bbad89a61061304ec842588,Outros
LIL WAYNE,RAP,87,18073707,https://i.scdn.co/image/ab6761610000e5eb998010cd1075921b5faf16b2,12.0
ARCANGEL,REGGAETON,84,17949878,https://i.scdn.co/image/ab6761610000e5eb188fba614da521f737b24f9e,Outros
BRITNEY SPEARS,POP,82,17906350,https://i.scdn.co/image/ab6761610000e5eb26e59b825251b7df20a7b65e,6.0
RM,K-POP,71,17777206,https://i.scdn.co/image/ab6761610000e5eb847fe9bbfef3acf7981acd2a,9.0
SUNIDHI CHAUHAN,BOLLYWOOD,76,17637402,https://i.scdn.co/image/ab6761610000e5eba45f7ef3e1c982461f2dad6b,2.0
CIGARETTES AFTER SEX,DREAM POP,85,17557432,https://i.scdn.co/image/ab6761610000e5eb1c312be98c615df97ea79a30,Outros
CARIN LEON,BANDA,84,17549199,https://i.scdn.co/image/ab6761610000e5eb69543997b9f68a0d2bb37a4a,2.0
GREEN DAY,PUNK,81,17427311,https://i.scdn.co/image/ab6761610000e5eb6ff0cd5ef2ecf733804984bb,Outros
A$AP ROCKY,RAP,83,17425229,https://i.scdn.co/image/ab6761610000e5eb5c58c41a506a0d6b32cc6cad,12.0
FARRUKO,REGGAETON,83,17126099,https://i.scdn.co/image/ab6761610000e5eb69c46f8a2fe8114da9170aca,Outros
YUVAN SHANKAR RAJA,TAMIL POP,75,17107887,https://i.scdn.co/image/ab6761610000e5ebe60d7a790ebea50d205bda93,2.0
G. V. PRAKASH,TAMIL POP,76,16988972,https://i.scdn.co/image/ab6761610000e5eb0a5c692089af5c0f9cf839f3,2.0
KHALID,HIP HOP,83,16978192,https://i.scdn.co/image/ab6761610000e5eb8f77c3eddc1869e9542b04bc,Outros
BECKY G,REGGAETON,75,16718213,https://i.scdn.co/image/ab6761610000e5eb1b7aaeedafb29af4c513ebd3,Outros
DON OMAR,REGGAETON,84,16550079,https://i.scdn.co/image/ab6761610000e5ebc9154bd840cd45e769c4e480,Outros
CANSERBERO,LATIN HIP HOP,74,16494444,https://i.scdn.co/image/ab6761610000e5eba91405d63c939682e4efdcbc,6.0
VISHAL-SHEKHAR,BOLLYWOOD,80,16415210,https://i.scdn.co/image/ab6761610000e5eb90b6c3d093f9b02aad628eaf,2.0
FIFTH HARMONY,POP,69,16213227,https://i.scdn.co/image/ab6761610000e5eb5acb3cb0a8b87d3952738b97,6.0
CHRISTIAN NODAL,BANDA,79,16159207,https://i.scdn.co/image/ab6761610000e5ebb81c7e6a8d9beb21d3489ef0,2.0
AEROSMITH,CLASSIC ROCK,76,16124039,https://i.scdn.co/image/ab6761610000e5ebc5733401b4689b2064458e7d,2.0
LED ZEPPELIN,CLASSIC ROCK,77,16039862,https://i.scdn.co/image/207803ce008388d3427a685254f9de6a8f61dc2e,2.0
JUSTIN TIMBERLAKE,POP,83,15918172,https://i.scdn.co/image/ab6761610000e5eb7a5cfe2597665a3d160e805e,6.0
BON JOVI,GLAM METAL,79,15913487,https://i.scdn.co/image/ab6761610000e5eb52aade0d2ea19706074da4b9,Outros
SNOOP DOGG,G-FUNK,82,15833454,https://i.scdn.co/image/ab6761610000e5ebc19a88576ebe6fcbb325c297,2.0
LIL PEEP,EMO RAP,83,15818928,https://i.scdn.co/image/ab6761610000e5eb3d9d59e200e82fa53d8781a1,2.0
MANUEL TURIZO,REGGAETON,82,15800173,https://i.scdn.co/image/ab6761610000e5eb7bdd2cd65be6acd55ccd57d3,Outros
THE ROLLING STONES,CLASSIC ROCK,78,15772207,https://i.scdn.co/image/ab6761610000e5ebe4cea917b68726aadb4854b8,2.0
MEGHAN TRAINOR,POP,76,15748250,https://i.scdn.co/image/ab6761610000e5eb240d44db603d49305d3d7b56,6.0
GRUPO FIRME,BANDA,81,15692211,https://i.scdn.co/image/ab6761610000e5ebcd251af2268da17c3d967164,2.0
POP SMOKE,BROOKLYN DRILL,77,15662188,https://i.scdn.co/image/ab6761610000e5eb597f9edd2cd1a892d4412b09,2.0
ELTON JOHN,POP,82,15639474,https://i.scdn.co/image/ab6761610000e5eb0dc33a1c53bb58a84b45d6a7,6.0
AGUST D,K-POP,74,15600521,https://i.scdn.co/image/ab6761610000e5eb191d43dca6f2f5a126e43e4b,9.0
DR. DRE,OLD SCHOOL HIP HOP,79,15196978,https://i.scdn.co/image/83d2489cade1dadcdc533ddbcd74993d0ca6d4cb,2.0
PLAYBOI CARTI,RAGE RAP,87,15147775,https://i.scdn.co/image/ab6761610000e5ebba50ca67ffc3097f6ea1710a,Outros
YOUNGBOY NEVER BROKE AGAIN,HIP HOP,86,15132694,https://i.scdn.co/image/ab6761610000e5eb776e469c846c205685141317,Outros
MARTIN GARRIX,EDM,75,15120321,https://i.scdn.co/image/ab6761610000e5ebf5b8ee60f1f4ee3453aba40b,Outros
VIRGOUN,INDONESIAN POP,70,15109420,https://i.scdn.co/image/ab6761610000e5eba99ec2b3bd22a84739aac218,7.0
ANKIT TIWARI,BOLLYWOOD,68,15087066,https://i.scdn.co/image/ab6761610000e5eb4d9659081d3facaf14e427b1,7.0
ILAIYARAAJA,TAMIL POP,74,14997494,https://i.scdn.co/image/ab6761610000e5ebec891c36864eb59b28f65cf8,2.0
ABBA,POP,81,14991711,https://i.scdn.co/image/ab6761610000e5eb81a5ec3c9b4a6750440904d8,6.0
MAIARA & MARAISA,SERTANEJO,72,14752573,https://i.scdn.co/image/ab6761610000e5eb1e6bb2217bfd6a497a908246,10.0
GORILLAZ,ROCK,83,14675212,https://i.scdn.co/image/ab6761610000e5ebdd5b57b40cf2aaeccd07835e,14.0
MIGOS,TRAP,75,14674053,https://i.scdn.co/image/ab6761610000e5ebf4593f7b778219838d858c34,12.0
RICARDO ARJONA,LATIN POP,76,14624548,https://i.scdn.co/image/ab6761610000e5ebc39af2ce1337734a4cadadaf,6.0
CHILDISH GAMBINO,EDM,79,14624215,https://i.scdn.co/image/ab6761610000e5ebc3dc5429b676b16d451e5f77,Outros
MOHIT CHAUHAN,BOLLYWOOD,76,14580608,https://i.scdn.co/image/ab6761610000e5eb16691117e2ba803946b203ba,2.0
DHANUSH,TAMIL DANCE,73,14573550,https://i.scdn.co/image/ab6761610000e5eb4624051fef26f472c786d7c0,2.0
BURNA BOY,AFROBEATS,80,14296948,https://i.scdn.co/image/ab6761610000e5ebb4e44d0f4e3e47af2cf06f3f,2.0
SLIPKNOT,NU METAL,79,14198923,https://i.scdn.co/image/ab6761610000e5ebd0cdb283a7384a0edb665182,4.0
MORGAN WALLEN,COUNTRY,89,14159844,https://i.scdn.co/image/ab6761610000e5eb4245b1652fcc23f2b76ccd07,2.0
SYSTEM OF A DOWN,NU METAL,81,14124145,https://i.scdn.co/image/ab6761610000e5eb60063d3451ade8f9fab397c2,4.0
LEWIS CAPALDI,SOFT POP,80,14097600,https://i.scdn.co/image/ab6761610000e5ebdc9e707b0d0e591e08d3f549,Outros
FLEETWOOD MAC,CLASSIC ROCK,84,14078303,https://i.scdn.co/image/ab6761610000e5ebc8752dd511cda8c31e9daee8,2.0
RADIOHEAD,ART ROCK,87,14068465,https://i.scdn.co/image/ab6761610000e5eb4104fbd80f1f795728abbd59,Outros
MATUE,BRAZILIAN TRAP,77,14020260,https://i.scdn.co/image/ab6761610000e5eb654dc6b69f86aeb73527fc07,8.0
MORAT,COLOMBIAN POP,80,14002134,https://i.scdn.co/image/ab6761610000e5eb3d53e852b5c27d3bc5aa3439,2.0
LAST CHILD,INDONESIAN POP,71,13945019,https://i.scdn.co/image/ab6761610000e5ebafe8d291d9d89a395f2badd6,2.0
USHER,R&B,82,13849243,https://i.scdn.co/image/ab6761610000e5eb716114797a4a644c67c5fa72,2.0
SEZEN AKSU,ARABESK,73,13778923,https://i.scdn.co/image/ab6761610000e5ebd32dbe03236eda653b1a2bd0,2.0
BRYANT MYERS,TRAP LATINO,81,13743184,https://i.scdn.co/image/ab6761610000e5eb27e96bc9bbb0c28566c5d788,2.0
JENNIFER LOPEZ,POP,75,13740009,https://i.scdn.co/image/ab6761610000e5eb48e24f77a03f78a00cfda0bb,6.0
SEVENTEEN,K-POP,77,13733306,https://i.scdn.co/image/ab6761610000e5eb8da3a229445fd3cd896cdd5c,9.0
MANA,ROCK EN ESPANOL,79,13672576,https://i.scdn.co/image/ab6761610000e5eb152dcec8175d19fb12eeb8e0,2.0
B PRAAK,HINDI POP,72,13642871,https://i.scdn.co/image/ab6761610000e5eb0e03d94a7d567c5d4f73d3ed,Outros
U2,ROCK,77,13638935,https://i.scdn.co/image/ab6761610000e5ebe62be215d2ee31bcd97edaba,14.0
VICENTE FERNANDEZ,RANCHERA,78,13545571,https://i.scdn.co/image/ab6761610000e5eb18d0ae87d123dae4de445c0f,2.0
TULSI KUMAR,BOLLYWOOD,72,13516966,https://i.scdn.co/image/ab6761610000e5eb2f10dee0091f95a8207aacfb,2.0
ROSE,K-POP,79,13488262,https://i.scdn.co/image/ab6761610000e5ebcfb4350222919670128ff2dc,9.0
LUKE COMBS,COUNTRY,84,13469106,https://i.scdn.co/image/ab6761610000e5eb584e28452f46640852c2aed4,2.0
LISA,K-POP,76,13432700,https://i.scdn.co/image/ab6761610000e5eb5cd3b3af8b72e32be78571ec,9.0
BOB MARLEY & THE WAILERS,REGGAE,80,13416593,https://i.scdn.co/image/b5aae2067db80f694a980e596e7f49618c1206c9,0.0
SHANKAR MAHADEVAN,MARATHI POP,77,13405198,https://i.scdn.co/image/ab6761610000e5eb3f27a828c24d73cf0427e2e7,6.0
DUKI,ARGENTINE TRAP,80,13383852,https://i.scdn.co/image/ab6761610000e5eb0f682e8d99b232d621a25c3b,2.0
BEN&BEN,OPM,69,13288936,https://i.scdn.co/image/ab6761610000e5eb4c3336dc93ad59488de95d45,7.0
ELLIE GOULDING,POP,80,13259876,https://i.scdn.co/image/ab6761610000e5eb69266d088d2ab5c74e028863,6.0
ANITTA,BRAZILIAN POP,79,13259230,https://i.scdn.co/image/ab6761610000e5ebda2a9d91c5f52a9088851251,1.0
ENHYPEN,K-POP,80,13253268,https://i.scdn.co/image/ab6761610000e5eb99395276fc18bcf3e7e0b57e,9.0
JOAN SEBASTIAN,RANCHERA,79,13193853,https://i.scdn.co/image/ab6761610000e5eb0320f28bac81532a14c0349d,2.0
POLO G,0,77,13128397,https://i.scdn.co/image/ab6761610000e5ebbedf3bdf589da06d1567196c,3.0
MATHEUS & KAUAN,SERTANEJO,79,13127313,https://i.scdn.co/image/ab6761610000e5ebd73644778d6848a6a8fd381b,10.0
CALIBRE 50,BANDA,76,13079743,https://i.scdn.co/image/ab6761610000e5eb12a760cc5f126ce7909972d8,2.0
FOO FIGHTERS,ROCK,77,13017273,https://i.scdn.co/image/ab6761610000e5eb2c7bb73afef60ef97ad6dcb2,14.0
DABABY,0,78,12998364,https://i.scdn.co/image/ab6761610000e5ebbd6918901c1714560669f570,3.0
ALICIA KEYS,R&B,79,12961355,https://i.scdn.co/image/ab6761610000e5eb4518cf16a45e35fc0cc82862,2.0
ANNE-MARIE,POP,76,12900376,https://i.scdn.co/image/ab6761610000e5ebf94a7e185158d0950f07310b,6.0
THE NOTORIOUS B.I.G.,OLD SCHOOL HIP HOP,77,12860144,https://i.scdn.co/image/1b4858fbd24046a81cace5ee18d19c868262b91f,2.0
YNW MELLY,MELODIC RAP,72,12837233,https://i.scdn.co/image/ab6761610000e5eb4da4a196cc973f65b68fe67b,Outros
JUL,FRENCH RAP,82,12817351,https://i.scdn.co/image/ab6761610000e5ebb1c1670f8b27fcf5fe14ed3a,2.0
PANIC! AT THE DISCO,EMO,77,12745626,https://i.scdn.co/image/ab6761610000e5ebb256ae9a4b82bfff97776ae2,Outros
TV GIRL,0,81,12742953,https://i.scdn.co/image/ab6761610000e5ebd80695211689a9c8c3fee3b0,3.0
SHEILA ON 7,INDONESIAN POP,75,12665117,https://i.scdn.co/image/ab6761610000e5eb2017fda314b1745c3e96e0d5,2.0
KODAK BLACK,0,81,12549986,https://i.scdn.co/image/ab6761610000e5eb98f80af7d47ac0d17d10d989,3.0
JENNIE,K-POP,82,12533704,https://i.scdn.co/image/ab6761610000e5eba8e3627e392a1d8f539cb575,9.0
OASIS,BRITPOP,82,12521360,https://i.scdn.co/image/ab6761610000e5ebb4ddbc39706ef0f2ae0f7c9b,Outros
JAVED ALI,SUFI,73,12505731,https://i.scdn.co/image/ab6761610000e5eb84e0829f8e8abff52255fbd3,2.0
CONAN GRAY,POP,80,12497262,https://i.scdn.co/image/ab6761610000e5eb4c2b62d4748524454a6f99b0,6.0
YOUNG THUG,RAP,84,12491367,https://i.scdn.co/image/ab6761610000e5eb9f2fb33940aac624dc5d100d,12.0
JASON DERULO,PO,77,12473748,https://i.scdn.co/image/ab6761610000e5eb94cf6c87c82ddb0eade61eb0,6.0
HIPHOP TAMIZHA,TAMIL HIP HOP,69,12427426,https://i.scdn.co/image/ab6761610000e5eb67a9c256bee82482d82f2716,9.0
DEVI SRI PRASAD,TELUGU POP,74,12407640,https://i.scdn.co/image/ab6761610000e5ebaa5350248841ba12e12467af,2.0
DJ KHALED,HIP HOP,74,12387110,https://i.scdn.co/image/ab6761610000e5eb6dc42c750614c1101daef28e,Outros
WESLEY SAFADAO,FORRO,75,12332566,https://i.scdn.co/image/ab6761610000e5ebd19c0a4b9bdef344dd7efcbf,8.0
LITTLE MIX,POP,72,12326695,https://i.scdn.co/image/ab6761610000e5eb08cd53940cbf5813ee5fe565,6.0
LIL NAS X,HIP HOP,73,12309097,https://i.scdn.co/image/ab6761610000e5eb3758a33e782b46bd7f174e1d,Outros
ALESSIA CARA,POP,73,12290992,https://i.scdn.co/image/ab6761610000e5eb6cde43f126518af0ef8eddc2,6.0
NINHO,FRENCH RAP,80,12276819,https://i.scdn.co/image/ab6761610000e5eb7844053470fa0a138eec6662,2.0
MAC MILLER,POP,83,12223702,https://i.scdn.co/image/ab6761610000e5ebed3b89aa602145fde71a163a,6.0
JESSIE J,POP,72,12212986,https://i.scdn.co/image/ab6761610000e5eb92b8a2548ec8c91bb5ef418e,6.0
EAGLES,CLASSIC ROCK,77,12209323,https://i.scdn.co/image/ab6761610000e5eb0767e116a2307495e37cd7fb,2.0
VISHAL DADLANI,BOLLYWOOD,74,12137484,https://i.scdn.co/image/ab6761610000e5eb76328e37a2c1280ab9adb90c,2.0
WIZ KHALIFA,RAP,82,12118767,https://i.scdn.co/image/ab6761610000e5ebc66b0a8c3268f0b6556f64a8,12.0
TOMORROW X TOGETHER,K-POP,77,12092647,https://i.scdn.co/image/ab6761610000e5eb1c81416bbbfe539adb9d7050,9.0
SECH,REGGAETON,79,12067696,https://i.scdn.co/image/ab6761610000e5eb9c70d4207e8fe903509e5b66,Outros
AVRIL LAVIGNE,POP ROCK,77,12048041,https://i.scdn.co/image/ab6761610000e5ebcea575e8c9519d4367984256,Outros
MARIAH CAREY,CHRISTMAS,82,12027182,https://i.scdn.co/image/ab6761610000e5ebd0a27777aaeb1725add6ace8,Outros
PITBULL,EDM,85,12014406,https://i.scdn.co/image/ab6761610000e5eb8d8ac7290d0fe2d12fb6e4d9,Outros
ENRIQUE IGLESIAS,LATIN POP,78,11991903,https://i.scdn.co/image/ab6761610000e5eb4fa1405802a42c665b0f2dd1,6.0
HIMESH RESHAMMIYA,BOLLYWOOD,73,11971118,https://i.scdn.co/image/ab6761610000e5eb2cfc402fa29cd2949023a8bf,2.0
AMR DIAB,EGYPTIAN POP,71,11943648,https://i.scdn.co/image/ab6761610000e5ebab35bf72eb23fa275fdc2dcb,2.0
RODDY RICCH,MELODIC RAP,75,11900717,https://i.scdn.co/image/ab6761610000e5eb88d7900663b237167c4be332,Outros
RAMMSTEIN,INDUSTRIAL METAL,78,11883826,https://i.scdn.co/image/ab6761610000e5eb32845b1556f9dbdfe8ee6575,2.0
PINEAPPLE STORMTV,BRAZILIAN HIP HOP,70,11847288,https://i.scdn.co/image/ab6761610000e5eb7483fb9b7651d8558d310e38,9.0
AVENGED SEVENFOLD,METAL,77,11812868,https://i.scdn.co/image/ab6761610000e5eb097658d63473ecb243ed4b1f,Outros
DAVID BOWIE,GLAM ROCK,77,11810703,https://i.scdn.co/image/ab6761610000e5ebb78f77c5583ae99472dd4a49,Outros
METRO BOOMIN,0,85,11784365,https://i.scdn.co/image/ab6761610000e5eb28f1e72b31e756ea3f3a51e7,3.0
NEWJEANS,K-POP,78,11755204,https://i.scdn.co/image/ab6761610000e5eb80668ba2b15094d083780ea9,9.0
TITO DOUBLE P,CORRIDO,85,11697233,https://i.scdn.co/image/ab6761610000e5eb6aaf8a0d393605e8489447f3,2.0
WHITNEY HOUSTON,POP,77,11659477,https://i.scdn.co/image/ab6761610000e5ebcd9f60ab57585bf3b77ecc51,6.0
ALFREDO OLIVAS,BANDA,78,11590469,https://i.scdn.co/image/ab6761610000e5eba8e7bd16561a36f5cc42fafa,2.0
BIG SEAN,0,75,11558896,https://i.scdn.co/image/ab6761610000e5eb3d5b14b45d4c3d10d23b03ff,3.0
HUNGRIA,BRAZILIAN HIP HOP,75,11489978,https://i.scdn.co/image/ab6761610000e5eb7c82ddc68c54bcffb9f7a034,9.0
FALL OUT BOY,EMO,79,11448975,https://i.scdn.co/image/ab6761610000e5eb362011ebe6064c38e97e9aac,Outros
HINDIA,INDONESIAN INDIE,80,11431583,https://i.scdn.co/image/ab6761610000e5eb8022c4a018990cd93a9ddfe0,2.0
DANIEL CAESAR,0,86,11403387,https://i.scdn.co/image/ab6761610000e5ebe4d94f7cbebb17504c25d419,3.0
JULION ALVAREZ Y SU NORTENO BANDA,BANDA,81,11373936,https://i.scdn.co/image/ab6761610000e5ebc8e4ae1dad1347ca2cfa8a30,2.0
DEWA 19,INDONESIAN POP,71,11357082,https://i.scdn.co/image/ab6761610000e5eb96bfa9ff288138f3432e0fa4,2.0
NADIN AMIZAH,INDONESIAN INDIE,75,11303537,https://i.scdn.co/image/ab6761610000e5eb226dcfeea35e2dd268051744,2.0
NF,CHRISTIAN HIP HOP,81,11271908,https://i.scdn.co/image/ab6761610000e5eb8fcc5c49d2116d7251ecbd65,9.0
MC IG,BRAZILIAN FUNK,80,11262370,https://i.scdn.co/image/ab6761610000e5ebd9fee554b5ae9ad3427c0320,12.0
ALOK,BRAZILIAN BASS,77,11247825,https://i.scdn.co/image/ab6761610000e5eb6b07a040a57d013a7e49f908,8.0
ICE CUBE,GANGSTER RAP,73,11148646,https://i.scdn.co/image/ab6761610000e5eb650e79afafd00492e33d7b8c,Outros
MITSKI,0,80,11107800,https://i.scdn.co/image/ab6761610000e5eb4bdb3888818637acb71c4a13,3.0
MITHOON,BOLLYWOOD,76,11100117,https://i.scdn.co/image/ab6761610000e5eb9bd641ceb72d35b63fbb314a,2.0
TRIPPIE REDD,MELODIC RAP,81,11085136,https://i.scdn.co/image/ab6761610000e5ebf2db81b3312a1f167fc54096,Outros
JOSE JOSE,BOLERO,79,11084698,https://i.scdn.co/image/ab6761610000e5eb0c387e6ddb399d55a8e51341,2.0
KISS,GLAM ROCK,73,11082058,https://i.scdn.co/image/ab6761610000e5ebd8205a492a79bfe4b34c567a,Outros
AMIT TRIVEDI,BOLLYWOOD,74,11075859,https://i.scdn.co/image/ab6761610000e5eba37271f7a4862a6e99ce345f,2.0
NATTI NATASHA,REGGAETON,72,11069862,https://i.scdn.co/image/ab6761610000e5eb90f7f9fdc4aace2429df5883,Outros
ELVIS PRESLEY,ROCKABILLY,78,11056504,https://i.scdn.co/image/ab6761610000e5eb9a93e273380982dff84c0d7c,2.0
MC KEVIN,BRAZILIAN FUNK,73,11046042,https://i.scdn.co/image/ab6761610000e5ebc47da47379dcb83b960c0498,12.0
I-DLE,K-POP,70,11023710,https://i.scdn.co/image/ab6761610000e5eb732a090e736faef27779d24e,9.0
LUIS FONSI,LATIN,75,11008004,https://i.scdn.co/image/ab6761610000e5ebc75a7a555898c9a59602b32b,Outros
ZARA LARSSON,POP,80,10987005,https://i.scdn.co/image/ab6761610000e5eb11be9310ef4b23734c13b5c8,6.0
KELLY CLARKSON,CHRISTMAS,77,10978316,https://i.scdn.co/image/ab6761610000e5eb20b8c7d395994dc81a85f291,Outros
PALAK MUCHHAL,BOLLYWOOD,71,10956350,https://i.scdn.co/image/ab6761610000e5eb0608ee2e47f6f470211831b9,2.0
MEGAN THEE STALLION,HIP HOP,77,10949211,https://i.scdn.co/image/ab6761610000e5eb65a9ac943abab7c9935ea282,Outros
LIL YACHTY,0,76,10935568,https://i.scdn.co/image/ab6761610000e5eb86c7c38d4c8c461dba55035c,3.0
DAFT PUNK,FRENCH HOUSE,82,10934130,https://i.scdn.co/image/ab6761610000e5ebd3aa7cc0e419b6c459b08e8e,2.0
JIMIN,K-POP,79,10922374,https://i.scdn.co/image/ab6761610000e5ebcb08296cca5a2d197caabb79,9.0
MARC ANTHONY,SALSA,77,10921193,https://i.scdn.co/image/ab6761610000e5ebf925199b552d3c73c9934002,2.0
MOHAMMED RAFI,GHAZAL,70,10791620,https://i.scdn.co/image/ab6761610000e5eb261c13ddd720afec5c1dfd4e,7.0
JOJI,0,83,10750380,https://i.scdn.co/image/ab6761610000e5eb6e69601c22184c630a2d5e71,3.0
AVENTURA,BACHATA,79,10685885,https://i.scdn.co/image/ab6761610000e5eb4cd0464ef7d8eb8521f72dd8,2.0
MANESKIN,0,77,10671428,https://i.scdn.co/image/ab6761610000e5eb46d0db8a86fda630ec12401f,3.0
JUAN GABRIEL,MARIACHI,80,10636645,https://i.scdn.co/image/ab6761610000e5eb26b71e79bead8d2481411ae6,Outros
BRYSON TILLER,TRAP SOUL,80,10620979,https://i.scdn.co/image/ab6761610000e5ebb0ff28b9d4bed74c66901b2b,2.0
HARRIS JAYARAJ,TAMIL POP,74,10605332,https://i.scdn.co/image/ab6761610000e5eb1263a7722e01be16b21ab944,2.0
LORDE,POP,81,10571786,https://i.scdn.co/image/ab6761610000e5ebaa69380a8d5203257611662d,6.0
CHASE ATLANTIC,0,80,10567952,https://i.scdn.co/image/ab6761610000e5eba4e2d7045cbcca592ba6c7dd,3.0
LA ARROLLADORA BANDA EL LIMON DE RENE CAMACHO,BANDA,82,10486027,https://i.scdn.co/image/ab6761610000e5eb4c5611ded3b8605cd99deab1,2.0
GUNNA,MELODIC RAP,86,10476065,https://i.scdn.co/image/ab6761610000e5eba998bc86f87b9fe7e2466110,Outros
K. S. CHITHRA,MALAYALAM POP,76,10465704,https://i.scdn.co/image/ab6761610000e5eb27852ef557c522e357664824,2.0
JAY-Z,HIP HOP,84,10452683,https://i.scdn.co/image/ab6761610000e5ebc75afcd5a9027f60eaebb5e4,Outros
MON LAFERTE,LATIN ALTERNATIVE,79,10443208,https://i.scdn.co/image/ab6761610000e5ebd4d9941b20bbf2bbe3714acc,Outros
ASHA BHOSLE,GHAZAL,72,10440695,https://i.scdn.co/image/ab6761610000e5eb7c6855a92b408b6f82f3e6d1,2.0
IRON MAIDEN,HEAVY METAL,73,10410489,https://i.scdn.co/image/ab6761610000e5ebf9978ad4808f6f2723124d19,0.0
SELENA GOMEZ & THE SCENE,POP,69,10409599,https://i.scdn.co/image/469b6a74f5ddca9560e9f5137842e3772c8576c0,6.0
CELINE DION,VARIETE FRANCAISE,77,10395736,https://i.scdn.co/image/ab6761610000e5ebc3b380448158e7b6e5863cde,2.0
MY CHEMICAL ROMANCE,EMO,79,10362548,https://i.scdn.co/image/ab6761610000e5eb9c00ad0308287b38b8fdabc2,Outros
K. J. YESUDAS,MALAYALAM POP,74,10322218,https://i.scdn.co/image/ab6761610000e5ebdd746a334ae236bb7a95c1d5,2.0
NE-YO,POP,82,10291905,https://i.scdn.co/image/ab6761610000e5ebca118e3822061f7b7f6bc537,6.0
5 SECONDS OF SUMMER,ROCK,79,10256384,https://i.scdn.co/image/ab6761610000e5eb87cde49a53cfbdbecf68fe02,14.0
THAMAN S,TOLLYWOOD,75,10251063,https://i.scdn.co/image/ab6761610000e5eb1edc6d40afbea5426d0cfe0f,2.0
LIL TJAY,BROOKLYN DRILL,76,10250300,https://i.scdn.co/image/ab6761610000e5eb61a229ac35bdd68d42bffe32,2.0
PARTYNEXTDOOR,DARK R&B,84,10246911,https://i.scdn.co/image/ab6761610000e5eb957320981e31e862bc2fb844,2.0
LIL TECCA,MELODIC RAP,80,10241357,https://i.scdn.co/image/ab6761610000e5eb5433d9d8519ad0635d8bd869,Outros
NIALL HORAN,0,71,10238104,https://i.scdn.co/image/ab6761610000e5ebeccc1cde8e9fdcf1c9289897,3.0
LIAM PAYNE,POP,63,10235345,https://i.scdn.co/image/ab6761610000e5eb4b2a3fffa1076ea1c920dcb2,6.0
EXO,K-POP,68,10231334,https://i.scdn.co/image/ab6761610000e5ebaf3c4b988a6fef40843cdc83,9.0
SHUBH,PUNJABI HIP HOP,76,10215260,https://i.scdn.co/image/ab6761610000e5eb4490e20daec093c04ede38c6,2.0
SANTA FE KLAN,MEXICAN HIP HOP,74,10139919,https://i.scdn.co/image/ab6761610000e5ebf70d400817421baff34f54f6,2.0
SODA STEREO,ROCK EN ESPANOL,75,10123761,https://i.scdn.co/image/ab6761610000e5ebe17b9f28e68b545e075ba35f,2.0
NLE CHOPPA,0,75,10082054,https://i.scdn.co/image/ab6761610000e5ebe2c985e8509fc8788a5a5208,3.0
LUAN SANTANA,SERTANEJO,77,10076389,https://i.scdn.co/image/ab6761610000e5ebfde13b4ff04ee1c0f33c6878,10.0
PNL,FRENCH RAP,74,10061032,https://i.scdn.co/image/ab6761610000e5eb51767bb5e3e3add66699344b,2.0
RELS B,URBANO LATINO,82,10050207,https://i.scdn.co/image/ab6761610000e5ebbf0eba7a7a19be9e0a5b2315,2.0
NICK JONAS,POP,64,9973856,https://i.scdn.co/image/ab6761610000e5eb780447f701c671015c2109a0,6.0
PEARL JAM,GRUNGE,76,9967020,https://i.scdn.co/image/ab6761610000e5ebe431fb8ba17cdee73e4ce08a,Outros
LUNAY,REGGAETON,69,9905344,https://i.scdn.co/image/ab6761610000e5eb45d443b065a66c92d166f598,Outros
TRUENO,ARGENTINE TRAP,76,9902417,https://i.scdn.co/image/ab6761610000e5eb224062e2aca51b1c9f2b43ab,2.0
JESSE & JOY,LATIN POP,77,9895587,https://i.scdn.co/image/ab6761610000e5eb16c5bbc9a44625f04a4c8796,6.0
AESPA,K-POP,77,9877137,https://i.scdn.co/image/ab6761610000e5eb18d4cb767d2dfe5f4b28ba07,9.0
BEBE REXHA,POP,77,9869344,https://i.scdn.co/image/ab6761610000e5ebead1540fa76796266fadba33,6.0
NUSRAT FATEH ALI KHAN,QAWWALI,69,9860802,https://i.scdn.co/image/ab6761610000e5eb46444c5c2069fe5470bec996,7.0
PARAMORE,POP PUNK,80,9854500,https://i.scdn.co/image/ab6761610000e5ebb10c34546a4ca2d7faeb8865,Outros
BLACK SABBATH,METAL,75,9850292,https://i.scdn.co/image/ab6761610000e5eb4870cd833ebe1092601820c3,Outros
WISIN,REGGAETON,76,9831138,https://i.scdn.co/image/ab6761610000e5eb5b0446d66cb8dff19ea33ff5,Outros
SHERINE,EGYPTIAN POP,67,9827077,https://i.scdn.co/image/ab6761610000e5eb1fa228ebdfdbd596bfa1bd77,7.0
MC CABELINHO,BRAZILIAN TRAP,74,9814637,https://i.scdn.co/image/ab6761610000e5eb8e40dc37ec4f2637e69325a1,8.0
KORN,NU METAL,77,9792664,https://i.scdn.co/image/ab6761610000e5eb29af2ffb6f4ddd6324f878bc,4.0
CENTRAL CEE,UK DRILL,80,9790634,https://i.scdn.co/image/ab6761610000e5ebf6469f2cbf0a7e78744a3173,2.0
JIN,K-POP,80,9782761,https://i.scdn.co/image/ab6761610000e5eb88d8bdd33e8395f94af933b7,9.0
AMY WINEHOUSE,BLUES,77,9776548,https://i.scdn.co/image/ab6761610000e5eb2ceb023b10da17590878e88c,Outros
REIK,LATIN POP,77,9769851,https://i.scdn.co/image/ab6761610000e5eb7b201ade1f4494891f686e33,6.0
VISHAL MISHRA,BOLLYWOOD,77,9764729,https://i.scdn.co/image/ab6761610000e5eb721c7a1c506345dda87369b4,2.0
ROD WAVE,0,78,9740110,https://i.scdn.co/image/ab6761610000e5eb8674f92cf33931fa4cd298c2,3.0
RACIONAIS MC'S,BRAZILIAN HIP HOP,71,9679940,https://i.scdn.co/image/ab6761610000e5ebc5e924dc29f1dbe7eda0bba8,9.0
TIARA ANDINI,INDONESIAN POP,69,9675366,https://i.scdn.co/image/ab6761610000e5eb12d698404d2d020c4212df6b,7.0
JHENE AIKO,R&B,77,9666363,https://i.scdn.co/image/ab6761610000e5ebebd0610816b0a89f40cdb4c2,2.0
TAME IMPALA,NEO-PSYCHEDELIC,86,9661041,https://i.scdn.co/image/ab6761610000e5ebe412a782245eb20d9626c601,2.0
PISO 21,REGGAETON,74,9660987,https://i.scdn.co/image/ab6761610000e5eb9b3298d4e296defddfe37503,Outros
BLACK EYED PEAS,EDM,82,9641243,https://i.scdn.co/image/ab6761610000e5ebb3037310c07b99cbefbd2c6d,Outros
LA SANTA GRIFA,MEXICAN HIP HOP,77,9639059,https://i.scdn.co/image/ab6761610000e5eb6fb848e6126054ad4f4dbb70,2.0
WIZKID,AFROBEATS,81,9638474,https://i.scdn.co/image/ab6761610000e5ebe6ef803356b45ee5a9fa7a8a,2.0
KAILASH KHER,SUFI,70,9636882,https://i.scdn.co/image/ab6761610000e5ebc6d179e514b5cfe685f19a2e,7.0
RED VELVET,K-POP,68,9625975,https://i.scdn.co/image/ab6761610000e5eb02a562ea6b1dc718394010ac,9.0
LIL DURK,CHICAGO DRILL,80,9603151,https://i.scdn.co/image/ab6761610000e5eb09791422702c3fa9780468d4,2.0
HA*ASH,LATIN POP,75,9580544,https://i.scdn.co/image/ab6761610000e5eb65dfd5444ab66e12975674dd,6.0
YOASOBI,J-POP,73,9578766,https://i.scdn.co/image/ab6761610000e5eb507349709ae19263301a62f7,Outros
ANA CASTELA,SERTANEJO,80,9573728,https://i.scdn.co/image/ab6761610000e5ebf7a3bca3b0ed526f735ba4cd,10.0
KALI UCHIS,0,84,9556269,https://i.scdn.co/image/ab6761610000e5eb6a5bff9f9278d4eea13bb67e,3.0
JHAYCO,REGGAETON,80,9477204,https://i.scdn.co/image/ab6761610000e5eb21907ce45d02176645072c22,Outros
TATE MCRAE,0,90,9476548,https://i.scdn.co/image/ab6761610000e5ebbed8016bd64422793ff3bc75,3.0
TROYE SIVAN,HI,74,9460151,https://i.scdn.co/image/ab6761610000e5eb26e8cb3ff6fc7744b312811b,2.0
IU,K-POP,67,9449084,https://i.scdn.co/image/ab6761610000e5eb789f38042e5ef8911fc3826b,9.0
LUKE BRYAN,COUNTRY,75,9428002,https://i.scdn.co/image/ab6761610000e5eb3054c68decf0969f35305ed2,2.0
BEE GEES,DISCO,77,9405356,https://i.scdn.co/image/1d5a05673975ba0c378cd280344e000b0b865620,Outros
KING,DESI HIP HOP,64,9379508,https://i.scdn.co/image/ab6761610000e5eb3de5e76cc83756f612242378,Outros
HARRDY SANDHU,PUNJABI POP,65,9377778,https://i.scdn.co/image/ab6761610000e5ebd6f8eea11ffe8c3a701a0e7a,7.0
CNCO,REGGAETON,66,9361868,https://i.scdn.co/image/ab6761610000e5ebe61627c00d64dcb4de8001d2,Outros
DJ SNAKE,EDM,79,9356377,https://i.scdn.co/image/ab6761610000e5eb7e57e2ed9b787ba5773b7cb9,Outros
FILIPE RET,BRAZILIAN HIP HOP,78,9339041,https://i.scdn.co/image/ab6761610000e5eb0eb25db573261498b72fb6f3,9.0
BLINK-182,POP PUNK,77,9330303,https://i.scdn.co/image/ab6761610000e5eb5da36f8b98dd965336a1507a,Outros
LUIS R CONRIQUEZ,CORRIDO,82,9325223,https://i.scdn.co/image/ab6761610000e5ebbc87bbebf0dd38589b3f7576,2.0
CHAYANNE,LATIN POP,74,9310855,https://i.scdn.co/image/ab6761610000e5ebcfa5421bfe01fa7eea6308fe,6.0
CHRISTINA AGUILERA,POP,78,9289742,https://i.scdn.co/image/ab6761610000e5eb1fb7a2d94b56df1f8a61d779,6.0
SHAAN,BOLLYWOOD,70,9271134,https://i.scdn.co/image/ab6761610000e5eb2573d940f1062a6646891e50,7.0
TINI,LATIN POP,78,9259566,https://i.scdn.co/image/ab6761610000e5eb43f8f52ac55da2d54fc8fdca,6.0
DAVIDO,AFROBEATS,75,9251244,https://i.scdn.co/image/ab6761610000e5eb057fdb13352beee124b79051,2.0
CHARLIE BROWN JR.,BRAZILIAN ROCK,75,9216125,https://i.scdn.co/image/ab6761610000e5eb67bc48f32d1cc16497865361,9.0
ELADIO CARRION,TRAP LATINO,80,9211761,https://i.scdn.co/image/ab6761610000e5eb78a3800c3ef6e6e5f5cfc9a2,2.0
KESHA,POP,79,9209198,https://i.scdn.co/image/ab6761610000e5eb1c43cbfb50d7ac393df96ae5,6.0
HOZIER,POP,83,9151013,https://i.scdn.co/image/ab6761610000e5ebad85a585103dfc2f3439119a,6.0
MILO J,ARGENTINE TRAP,83,9127014,https://i.scdn.co/image/ab6761610000e5eb33c342a253daee2d1c9d5931,2.0
WISIN & YANDEL,REGGAETON,81,9113089,https://i.scdn.co/image/ab6761610000e5ebb5496c4b788e181679069ee8,Outros
CHRIS STAPLETON,COUNTRY,82,9087450,https://i.scdn.co/image/ab6761610000e5eba0c87c8f329b436eac8b9784,2.0
A BOOGIE WIT DA HOODIE,MELODIC RAP,79,9016818,https://i.scdn.co/image/ab6761610000e5ebebe9d9f649d6ef85497f71af,Outros
$UICIDEBOY$,EMO RAP,84,9011858,https://i.scdn.co/image/ab6761610000e5ebc4817922f21a5f2a36e12bf2,2.0
BLESSD,REGGAETON,84,9006376,https://i.scdn.co/image/ab6761610000e5eb021a4821c335d92d21b5f66c,Outros
FLO RIDA,HIP HOP,80,9003583,https://i.scdn.co/image/ab6761610000e5eb655ca8f3196953554b479452,Outros
KEVIN KAARL,LATIN FOLK,74,9000891,https://i.scdn.co/image/ab6761610000e5eb0d2dc2b31af50e7578c32573,6.0
GABRIELA ROCHA,GOSPEL,70,8940667,https://i.scdn.co/image/ab6761610000e5eba72b3401773d58c9b7571cbd,7.0
ITZY,K-POP,69,8936320,https://i.scdn.co/image/ab6761610000e5eb81c00b4e062603d8159b1ad8,9.0
NORIEL,TRAP LATINO,78,8922314,https://i.scdn.co/image/ab6761610000e5eb76986713496efc3717ce32ee,2.0
ROSALIA,LATIN,88,8920542,https://i.scdn.co/image/ab6761610000e5eb9354faf80eb87961466edfbf,Outros
AP DHILLON,PUNJABI HIP HOP,76,8920122,https://i.scdn.co/image/ab6761610000e5ebfb505b37709fa86cfd8f55b3,2.0
DIRE STRAITS,CLASSIC ROCK,78,8907001,https://i.scdn.co/image/ab6761610000e5eb4bdaa8c5e65b64f50549c393,2.0
REMA,AFROBEATS,77,8895301,https://i.scdn.co/image/ab6761610000e5ebcd9d661b6955241f33ef8a0a,2.0
THE DOORS,PSYCHEDELIC ROCK,72,8889057,https://i.scdn.co/image/ab6761610000e5eb440959e022afc20e819050bd,2.0
YANDEL,REGGAETON,77,8882380,https://i.scdn.co/image/ab6761610000e5ebd9b43435c8221a8fe178f65c,Outros
NIKI,INDONESIAN R&B,77,8862888,https://i.scdn.co/image/ab6761610000e5eb0654e511623cba4e0e9e2f0c,2.0
HAILEE STEINFELD,0,67,8861120,https://i.scdn.co/image/ab6761610000e5eba961383967f3a3a54e794a15,3.0
MADONNA,POP,80,8841752,https://i.scdn.co/image/ab6761610000e5eb6ccc1215f5b205aa6b34b48b,6.0
THE SCRIPT,ROCK,76,8838471,https://i.scdn.co/image/ab6761610000e5eb4a0b21cd87d8a8752fd32e94,14.0
NICKI NICOLE,ARGENTINE TRAP,74,8827802,https://i.scdn.co/image/ab6761610000e5ebb4cd562b2dfbfb953c45e881,2.0
GIRL IN RED,BEDROOM POP,74,8826309,https://i.scdn.co/image/ab6761610000e5eb1b15c2ad299fdcf864a09742,Outros
LOS ANGELES AZULES,CUMBIA,76,8767511,https://i.scdn.co/image/ab6761610000e5eb8d751eb2c4670d689d23734e,2.0
KEHLANI,0,80,8739361,https://i.scdn.co/image/ab6761610000e5eb57082fd22d755e80a648fac3,3.0
H.E.R.,R&B,74,8728247,https://i.scdn.co/image/ab6761610000e5eb417db49cde3ed1c5a65e3514,2.0
ALEJANDRO FERNANDEZ,MARIACHI,77,8717438,https://i.scdn.co/image/ab6761610000e5eb452691cfa37fdd5b3417ed0d,Outros
MARCO ANTONIO SOLIS,GRUPERA,78,8689862,https://i.scdn.co/image/ab6761610000e5eb9d818606c2582549402ca755,2.0
PRINCE ROYCE,BACHATA,76,8684425,https://i.scdn.co/image/ab6761610000e5eb5596a79f82a04f6c2e6814d2,2.0
KYGO,TROPICAL HOUSE,77,8674312,https://i.scdn.co/image/ab6761610000e5ebe5ea1aa1404629c12ad86658,Outros
MADISON BEER,0,76,8670627,https://i.scdn.co/image/ab6761610000e5ebe49a051508f6c1eeaecff664,3.0
LAUFEY,0,83,8662353,https://i.scdn.co/image/ab6761610000e5eb98c2527b85500f68f53084f2,3.0
SCORPIONS,HARD ROCK,74,8658584,https://i.scdn.co/image/ab6761610000e5eb7440170c0628c2945da819c3,Outros
OROCHI,BRAZILIAN TRAP,76,8648149,https://i.scdn.co/image/ab6761610000e5eb90b1775a323db4e9ec05b0dc,8.0
GERARDO ORTIZ,BANDA,73,8645809,https://i.scdn.co/image/ab6761610000e5eb9a02f80a6ba2cbc17948b950,2.0
XAVI,CORRIDOS TUMBADOS,77,8512251,https://i.scdn.co/image/ab6761610000e5ebae59aa2a67a1c5ec69555d1f,2.0
MUSE,ALTERNATIVE ROCK,77,8496284,https://i.scdn.co/image/ab6761610000e5eba16a11aa5842607c88a8d8a9,3.0
ANUV JAIN,INDIAN INDIE,75,8474491,https://i.scdn.co/image/ab6761610000e5eba837a6cb82dd949d5e1f9b53,2.0
ARTHUR NERY,OPM,73,8466126,https://i.scdn.co/image/ab6761610000e5eb544dbb35e54b81b9ecb42358,2.0
ALEJANDRO SANZ,LATIN POP,80,8455429,https://i.scdn.co/image/ab6761610000e5eba6b5085fa84ce968ca556162,6.0
FRANK SINATRA,CHRISTMAS,80,8440245,https://i.scdn.co/image/fc4e0f474fb4c4cb83617aa884dc9fd9822d4411,Outros
DECEMBER AVENUE,OPM,72,8437601,https://i.scdn.co/image/ab6761610000e5eb715e310a44afc065dca06589,2.0
RITA ORA,POP,69,8408671,https://i.scdn.co/image/ab6761610000e5eb2403c5e6acee38b042033062,6.0
ZION & LENNOX,REGGAETON,78,8407988,https://i.scdn.co/image/ab6761610000e5ebfa844599a8631cca451a93e5,Outros
LUDMILLA,PAGODE,74,8366968,https://i.scdn.co/image/ab6761610000e5eba021927cf2c740f6c968e29f,1.0
TORY LANEZ,0,81,8365323,https://i.scdn.co/image/ab6761610000e5ebbd5d3e1b363c3e26710661c3,3.0
2 CHAINZ,RAP,75,8326086,https://i.scdn.co/image/ab6761610000e5ebf556662d187b9191c421be1c,12.0
MARIA BECERRA,ARGENTINE TRAP,77,8308435,https://i.scdn.co/image/ab6761610000e5eb7071ddcde7ab1ef2c2b34442,2.0
MEEK MILL,RAP,74,8291896,https://i.scdn.co/image/ab6761610000e5ebbe6124fae4b13ca120033ddd,12.0
LIMP BIZKIT,NU METAL,79,8279030,https://i.scdn.co/image/4654955890cb62a6abe9daadfd2b3ecdee8036e4,4.0
NCT DREAM,K-POP,73,8260193,https://i.scdn.co/image/ab6761610000e5ebed95357b2b295b2be5058b0b,9.0
ESSAM SASA,MAHRAGANAT,66,8253738,https://i.scdn.co/image/ab6761610000e5eb364642c07f5f816e0782c463,7.0
SHANKAR-EHSAAN-LOY,BOLLYWOOD,73,8216851,https://i.scdn.co/image/ab6761610000e5eb3db0499a689aa9b4a47ebba3,2.0
MORA,URBANO LATINO,82,8216295,https://i.scdn.co/image/ab6761610000e5ebe6252cc367480d8fe43e711f,2.0
DESTINY'S CHILD,R&B,71,8186433,https://i.scdn.co/image/ab6761610000e5ebf75e64532704bd6acf0b4e76,2.0
JOHN LEGEND,SOFT POP,75,8135563,https://i.scdn.co/image/ab6761610000e5eb01784e44ffd1a339350f4417,Outros
LE SSERAFIM,K-POP,81,8135520,https://i.scdn.co/image/ab6761610000e5eb9095683b555d7c16fd3b633f,9.0
QUAVO,0,78,8133114,https://i.scdn.co/image/ab6761610000e5ebd52229f479361a2375f6021c,3.0
SUMMER WALKER,R&B,80,8093715,https://i.scdn.co/image/ab6761610000e5eb7dccb6280ed3402110d43ce3,2.0
CAZZU,ARGENTINE TRAP,76,8075714,https://i.scdn.co/image/ab6761610000e5eb97fe787d7f60a5ff32adc173,2.0
MAC DEMARCO,INDIE,80,8070277,https://i.scdn.co/image/ab6761610000e5ebc9aca5b6d4c528caf75e8a1d,Outros
RICKY MARTIN,LATIN POP,74,8069648,https://i.scdn.co/image/ab6761610000e5eb5e6e65ed12891b12233db44b,6.0
KING VON,CHICAGO DRILL,76,8049768,https://i.scdn.co/image/ab6761610000e5eb5c0b2129a88c7d6ed0704556,2.0
THE KILLERS,ALTERNATIVE ROCK,78,8049272,https://i.scdn.co/image/ab6761610000e5eb207b21f3ed0ee96adce3166a,3.0
MC LIVINHO,BRAZILIAN FUNK,72,8045501,https://i.scdn.co/image/ab6761610000e5eb0c76b75c8206efcf0d9743da,12.0
TIESTO,EDM,81,8007000,https://i.scdn.co/image/ab6761610000e5ebf4973f7346a2f35e56b63d57,Outros
THE 1975,INDIE POP,77,7995261,https://i.scdn.co/image/ab6761610000e5eb0c6e752cbb1e6d1416970f5a,Outros
CREEDENCE CLEARWATER REVIVAL,CLASSIC ROCK,78,7989871,https://i.scdn.co/image/ab6761610000e5ebd2e2b04b7ba5d60b72f54506,2.0
BRENT FAIYAZ,R&B,81,7963338,https://i.scdn.co/image/ab6761610000e5eb360bd1e440e247b4672b91ba,2.0
DADJU,FRENCH R&B,71,7938938,https://i.scdn.co/image/ab6761610000e5eb0910ff09d3b54b114d233aa3,2.0
NICKELBACK,POST-GRUNGE,79,7892130,https://i.scdn.co/image/ab6761610000e5eb4ad382f899596d8c7b9e8e09,Outros
GIMS,FRENCH RAP,81,7874082,https://i.scdn.co/image/ab6761610000e5eb77144f838397a467e807df65,2.0
PRINCE,FUNK,71,7865467,https://i.scdn.co/image/ab6761610000e5ebeaca358712b3fe4ed9814640,Outros
MC HARIEL,BRAZILIAN FUNK,73,7851275,https://i.scdn.co/image/ab6761610000e5eb59e2797b4c1efe8aea377f20,12.0
SACHIN-JIGAR,GUJARATI POP,82,7847372,https://i.scdn.co/image/ab6761610000e5ebbb4064bef3a825344d5eb79e,2.0
DE LA GHETTO,REGGAETON,77,7835571,https://i.scdn.co/image/ab6761610000e5ebdd4ee0f4cb8d05ecff5c8c88,Outros
DEFTONES,NU METAL,82,7822776,https://i.scdn.co/image/ab6761610000e5ebe3ac5eb948e78d9285d1dbdb,4.0
THE SMITHS,NEW WAVE,79,7804088,https://i.scdn.co/image/481b980af463122013e4578c08fb8c5cbfaed1e9,Outros
AVA MAX,POP,78,7791464,https://i.scdn.co/image/ab6761610000e5eb9daaa6d0500ebd6bbcc96a1b,6.0
RAE SREMMURD,0,71,7781146,https://i.scdn.co/image/ab6761610000e5ebca1568791bf7ac0cf34dbc66,3.0
JONAS BROTHERS,POP,77,7773336,https://i.scdn.co/image/ab6761610000e5eb8023e30c92f7937da19db362,6.0
TREY SONGZ,R&B,70,7755847,https://i.scdn.co/image/ab6761610000e5ebc7b9e9a3adcc3f5cbc92fb0b,2.0
RICK ROSS,SOUTHERN HIP HOP,77,7750695,https://i.scdn.co/image/ab6761610000e5eb8196a8109c28a8b8aca28fae,2.0
MC RYAN SP,BRAZILIAN FUNK,83,7745583,https://i.scdn.co/image/ab6761610000e5eb5751de055799e71658c49655,12.0
JOAO GOMES,PISEIRO,75,7732274,https://i.scdn.co/image/ab6761610000e5ebe099848b88cd1d3fca223616,7.0
BRYTIAGO,TRAP LATINO,75,7731701,https://i.scdn.co/image/ab6761610000e5eb7486acff39c8b4fced069655,2.0
KID CUDI,HIP HOP,80,7731354,https://i.scdn.co/image/ab6761610000e5eb5f00bb6dd7a7008d14156630,Outros
7 MINUTOZ,ANIME RAP,64,7731316,https://i.scdn.co/image/ab6761610000e5eb9aeb71d29f736120ddc00620,Outros
NCT 127,K-POP,64,7710444,https://i.scdn.co/image/ab6761610000e5ebdc904dcc7399f1fd90107392,9.0
GREEICY,COLOMBIAN POP,70,7710055,https://i.scdn.co/image/ab6761610000e5ebbfb6d286cf2a9b1724f9ca92,7.0
DISTURBED,METAL,75,7684681,https://i.scdn.co/image/ab6761610000e5eb6823b6df396ecf49931e34a1,Outros
LOS TIGRES DEL NORTE,NORTENO,77,7676557,https://i.scdn.co/image/ab6761610000e5eb1306b2b87b62721032d33004,2.0
LA ADICTIVA,BANDA,70,7673003,https://i.scdn.co/image/ab6761610000e5eb18129b218ae9c07848ddc759,7.0
OZZY OSBOURNE,METAL,76,7659762,https://i.scdn.co/image/ab6761610000e5ebb5b52f7e13f720c7a4856306,Outros
ZOE,ROCK EN ESPANOL,76,7655025,https://i.scdn.co/image/ab6761610000e5ebb7554bfcddafd5500ed89062,2.0
JAY CHOU,MANDOPOP,74,7652366,https://i.scdn.co/image/ab6761610000e5eb02b3aa55ba238b2ceafb09da,2.0
THE POLICE,ROCK,78,7628300,https://i.scdn.co/image/1f73a61faca2942cd5ea29c2143184db8645f0b3,14.0
GRACIE ABRAMS,0,83,7627817,https://i.scdn.co/image/ab6761610000e5ebf6d51e6f5342d2d363220920,3.0
D. IMMAN,TAMIL POP,66,7589230,https://i.scdn.co/image/ab6761610000e5eb859ef7414772b7d07526d40a,7.0
DON TOLIVER,0,86,7577756,https://i.scdn.co/image/ab6761610000e5eb52258b97639c24efe49fbf9e,3.0
LYODRA,INDONESIAN POP,68,7573247,https://i.scdn.co/image/ab6761610000e5ebd382004b4ee59e1145505c74,7.0
LIL PUMP,HIP HOP,62,7568280,https://i.scdn.co/image/ab6761610000e5eb0b151573a50ab626ee721307,Outros
GRUPO FRONTERA,CUMBIA NORTENA,84,7555283,https://i.scdn.co/image/ab6761610000e5ebb8bb50dc787d5893156689f6,2.0
SACHET TANDON,BHAJAN,74,7553622,https://i.scdn.co/image/ab6761610000e5ebe34fad78221a2cb31da57946,2.0
WEGZ,EGYPTIAN HIP HOP,63,7546950,https://i.scdn.co/image/ab6761610000e5eb81530a80ec54e7d898a16d50,5.0
KENSHI YONEZU,J-POP,80,7534321,https://i.scdn.co/image/ab6761610000e5eb551104d6bfdfc4de65b057a2,Outros
SKRILLEX,DUBSTEP,75,7529942,https://i.scdn.co/image/ab6761610000e5eb4b7641931a85c5f8d42714cf,2.0
DENNY CAKNAN,LAGU JAWA,69,7528135,https://i.scdn.co/image/ab6761610000e5eb8d49920efb5d03a00b834309,7.0
BLAKE SHELTON,COUNTRY,71,7519495,https://i.scdn.co/image/ab6761610000e5ebaa03b29eb3a550f139fbb955,2.0
ANAVITORIA,MPB,72,7470640,https://i.scdn.co/image/ab6761610000e5eb7bf0675e8644f27233931f91,11.0
BILLY JOEL,SOFT ROCK,79,7466443,https://i.scdn.co/image/ab6761610000e5ebb34057d59275011032ef8bc8,Outros
VIJAY ANTONY,TAMIL DANCE,67,7437285,https://i.scdn.co/image/ab6772690000c46c51320f1823e1b38521de23fd,7.0
FERNANDINHO,GOSPEL,72,7435733,https://i.scdn.co/image/ab6761610000e5eba598768aefc1f60cbabc827b,2.0
ASAKE,AFROBEATS,76,7425798,https://i.scdn.co/image/ab6761610000e5eb118de2c3241db238c807e9b3,2.0
JISOO,K-POP,73,7421941,https://i.scdn.co/image/ab6761610000e5eb430e142e7655af2c9be6aeab,9.0
DEPECHE MODE,NEW WAVE,75,7419255,https://i.scdn.co/image/ab6761610000e5ebaff13c9484fdad590ccfb73c,Outros
CHAPPELL ROAN,0,82,7417613,https://i.scdn.co/image/ab6761610000e5ebd258ecb0d66244e6300bcf64,3.0
SFERA EBBASTA,ITALIAN TRAP,76,7412433,https://i.scdn.co/image/ab6761610000e5eb21b75feae67bdf60ecf2eed2,8.0
PHIL COLLINS,SOFT ROCK,78,7411387,https://i.scdn.co/image/ab6761610000e5ebd4e38c4e3e5c82774740e28d,Outros
OFFICIAL HIGE DANDISM,J-POP,71,7410211,https://i.scdn.co/image/ab6761610000e5eba603edbfe14a6bced859d7e1,Outros
HARIHARAN,BHAJAN,75,7400608,https://i.scdn.co/image/ab6761610000e5eb9042ffa2a66773410eca8870,2.0
BOB DYLAN,FOLK ROCK,74,7394674,https://i.scdn.co/image/ab6761610000e5eb791742524609864273747ef5,Outros
JIMI HENDRIX,PSYCHEDELIC ROCK,68,7391945,https://i.scdn.co/image/ab6761610000e5eb90c8b988fa6e6b40e0d0bf81,7.0
ZACH BRYAN,COUNTRY,86,7383274,https://i.scdn.co/image/ab6761610000e5eb4fd54df35bfcfa0fc9fc2da7,2.0
BRUCE SPRINGSTEEN,ROCK,78,7373770,https://i.scdn.co/image/ab6761610000e5eb81df2fa2f937029ec986bbb8,14.0
TY DOLLA $IGN,TRAP SOUL,82,7369712,https://i.scdn.co/image/ab6761610000e5ebdeccf223fe80d308aba91b64,2.0
THREE DAYS GRACE,POST-GRUNGE,78,7364377,https://i.scdn.co/image/ab6761610000e5eb2e619cf7c1577485d14c2043,Outros
CIARA,RAP,70,7360111,https://i.scdn.co/image/ab6761610000e5eb5d1fbc6d7d17e7ba6b587eaf,12.0
MASOOM SHARMA,HARYANVI POP,80,7350469,https://i.scdn.co/image/ab6761610000e5eb2cf6d06726cbbf929c6d37d8,2.0
LOS TEMERARIOS,GRUPERA,79,7346114,https://i.scdn.co/image/ab6761610000e5eb282bed40bfeb28455afeeed2,2.0
TYGA,HIP HOP,79,7339991,https://i.scdn.co/image/ab6761610000e5ebc0aa5c92c47f7e766074edce,Outros
NENGO FLOW,REGGAETON,82,7338636,https://i.scdn.co/image/ab6761610000e5ebda3f48cf2309aacaab0edce2,Outros
ANDMESH,INDONESIAN POP,68,7332441,https://i.scdn.co/image/ab6761610000e5ebf89ddd2d4c1723297636f4ff,7.0
JASON MRAZ,SOFT POP,72,7317740,https://i.scdn.co/image/ab6761610000e5ebc3b370fc26c83312db52af14,Outros
LEGIAO URBANA,BRAZILIAN ROCK,69,7288447,https://i.scdn.co/image/cd410bc7c6e3591f65d9c9ee9516d2e96acfed42,9.0
HILLSONG WORSHIP,WORSHIP,75,7272034,https://i.scdn.co/image/ab6761610000e5ebb84be6517b80fe83f9941252,2.0
FLORENCE + THE MACHINE,BAROQUE POP,80,7268554,https://i.scdn.co/image/ab6761610000e5eb836eb0a7a82eb8f4133ee04d,2.0
LANY,0,78,7256542,https://i.scdn.co/image/ab6761610000e5eb8218332656745840f9ed0a50,3.0
JEREMIH,0,75,7247225,https://i.scdn.co/image/ab6761610000e5eb8ddeab89a67542470e2631c8,3.0
GUSTAVO MIOTO,SERTANEJO,72,7222416,https://i.scdn.co/image/ab6761610000e5eb3563c0a96d80f9c29e97f568,10.0
BERNADYA,INDONESIAN POP,71,7211656,https://i.scdn.co/image/ab6761610000e5ebf59d566422f82a87d74ecce7,2.0
RIZKY FEBIAN,INDONESIAN POP,72,7186528,https://i.scdn.co/image/ab6761610000e5eb6efe5841c8d0cf104c793d90,2.0
AHMET KAYA,ARABESK,69,7183414,https://i.scdn.co/image/ab6761610000e5eb8104de0cf19874d911fb335c,7.0
OSCAR MAYDON,CORRIDO,82,7180668,https://i.scdn.co/image/ab6761610000e5eb2cf67eda29b21ec665663dba,2.0
BENSON BOONE,0,84,7180300,https://i.scdn.co/image/ab6761610000e5ebb68234e1a673acc3d873d3e6,3.0
JON Z,TRAP LATINO,72,7169273,https://i.scdn.co/image/ab6761610000e5eb583afd4af7578aa288757562,2.0
STEVIE WONDER,MOTOWN,76,7163512,https://i.scdn.co/image/c59faacbed7aa770266bad048660810eca204108,2.0
ANURADHA PAUDWAL,BHAJAN,72,7145397,https://i.scdn.co/image/ab6761610000e5eb9c22e0ff8c09b0128f67393e,2.0
IWAN FALS,INDONESIAN POP,68,7140981,https://i.scdn.co/image/ab6761610000e5eb579f65f66f96339a30aa4ddc,7.0
EAZY-E,GANGSTER RAP,64,7113791,https://i.scdn.co/image/86dccc14ded05c08b96d314a5b0ddf95bb01f013,Outros
GWEN STEFANI,POP,75,7098778,https://i.scdn.co/image/ab6761610000e5ebcb243eb64e92b61504ea957b,6.0
CRIS MJ,REGGAETON CHILENO,82,7096954,https://i.scdn.co/image/ab6761610000e5eb418720dd75ca0213bc39e3e5,2.0
LOUIS TOMLINSON,POP,65,7087065,https://i.scdn.co/image/ab6761610000e5ebc39e1d45f466dd9f7d3411a3,6.0
JASON ALDEAN,COUNTRY,76,7077417,https://i.scdn.co/image/ab6761610000e5eb291068247978a7f2bdc0120d,2.0
NDX A.K.A.,LAGU JAWA,71,7039551,https://i.scdn.co/image/ab6761610000e5eb8398c5a4735d08bc7b23206c,2.0
MC KEVINHO,BRAZILIAN FUNK,64,7023320,https://i.scdn.co/image/ab6761610000e5eb86190b5139bb76e03b0d35b1,12.0
TARCISIO DO ACORDEON,PISEIRO,69,6991460,https://i.scdn.co/image/ab6761610000e5eb162108bd6e7e1e30718fa206,7.0
JUDIKA,MALAY,67,6991275,https://i.scdn.co/image/ab6761610000e5eb182818f4b3724670f8c5e9f5,7.0
ROBERTO CARLOS,MPB,70,6969995,https://i.scdn.co/image/45e8967f18679d0a5791c7f647d9f7ab1bc20f3c,11.0
PAMUNGKAS,INDONESIAN INDIE,73,6968784,https://i.scdn.co/image/ab6761610000e5eb372a08067f92c816b121ac26,2.0
EZHEL,TURKISH HIP HOP,69,6964816,https://i.scdn.co/image/ab6761610000e5eb9450a4efe117513d3ba47ded,7.0
6IX9INE,HIP HOP,71,6961551,https://i.scdn.co/image/ab6761610000e5ebf2ce0f1899ab2bf14a4eb286,Outros
RAGE AGAINST THE MACHINE,RAP METAL,71,6950429,https://i.scdn.co/image/ab6761610000e5ebda4bd2b213cae330e2a4a901,9.0
FIVE FINGER DEATH PUNCH,METAL,73,6946730,https://i.scdn.co/image/ab6761610000e5eb1e7f796a17c2dc3c28bdeeb9,Outros
COSCULLUELA,REGGAETON,75,6945590,https://i.scdn.co/image/ab6761610000e5ebf023bccf9a510b84294b3956,Outros
JOHNNY CASH,CLASSIC COUNTRY,74,6925952,https://i.scdn.co/image/ab6761610000e5eb94a8326675bfcafb20f0a235,2.0
MICHAEL BUBLE,CHRISTMAS,79,6917873,https://i.scdn.co/image/ab6761610000e5ebecf79fd5be85dabb0f489107,Outros
PARMISH VERMA,PUNJABI POP,63,6915797,https://i.scdn.co/image/ab6761610000e5eba10f998996e3d77470609e97,5.0
BRUNO & MARRONE,SERTANEJO,74,6907725,https://i.scdn.co/image/ab6761610000e5eb89ab81f9f79756a4127d6224,10.0
RICARDO MONTANER,LATIN POP,69,6880578,https://i.scdn.co/image/ab6761610000e5eb841c3389d86d41bb2f83ce83,6.0
VAN HALEN,GLAM METAL,72,6877410,https://i.scdn.co/image/ab6761610000e5ebd8475001d2700686e1008dfb,Outros
BLUEFACE,0,65,6862621,https://i.scdn.co/image/ab6761610000e5eb9ee6c8739ef1f20553231132,3.0
MC POZE DO RODO,BRAZILIAN TRAP,68,6861796,https://i.scdn.co/image/ab6761610000e5eba7b0be76e80e444c0e4d69a1,8.0
KEVIN GATES,0,75,6843755,https://i.scdn.co/image/ab6761610000e5ebce58b196dad2c3170f954f53,3.0
MAU Y RICKY,LATIN POP,67,6836266,https://i.scdn.co/image/ab6761610000e5eba9a6d54d23c227f375487916,6.0
LAUV,POP,74,6833113,https://i.scdn.co/image/ab6761610000e5ebb173d69f77530d77a991984f,6.0
CARLOS VIVES,COLOMBIAN POP,73,6813515,https://i.scdn.co/image/ab6761610000e5eb51554e4fc64c65f2d9ca4fc6,2.0
OS BAROES DA PISADINHA,PISEIRO,66,6810254,https://i.scdn.co/image/ab6761610000e5ebe3a03c0ae301118c4c887abf,7.0
KABZA DE SMALL,AMAPIANO,68,6806240,https://i.scdn.co/image/ab6761610000e5eb8a91ac668010910b368ca8c1,7.0
ADO,J-POP,76,6797031,https://i.scdn.co/image/ab6761610000e5ebbcb1c184c322688f10cdce7a,Outros
SIN BANDERA,LATIN POP,71,6787081,https://i.scdn.co/image/ab6761610000e5ebe9ca5b96ca8e0b3587e0b4c7,6.0
REX ORANGE COUNTY,BEDROOM POP,75,6762229,https://i.scdn.co/image/ab6761610000e5eb901ccc452604c427ef5f202f,Outros
BACKSTREET BOYS,POP,77,6749149,https://i.scdn.co/image/ab6761610000e5eb7b3634864a78ab6bd1d77c36,6.0
SILENT SANCTUARY,OPM,67,6723469,https://i.scdn.co/image/ab6761610000e5ebef1c66693688d31d26247d57,7.0
PLAN B,REGGAETON,80,6713580,https://i.scdn.co/image/eb21793908d1eabe0fba02659bdff4e4a4b3724a,Outros
THE CURE,NEW WAVE,76,6704196,https://i.scdn.co/image/ab6761610000e5ebdd427c765c409ec02dc3a868,Outros
GOT7,K-POP,62,6701480,https://i.scdn.co/image/ab6761610000e5eb51636490d389e8d2ab96026e,9.0
THE OFFSPRING,PUNK,77,6700082,https://i.scdn.co/image/ab6761610000e5ebffb1ffb7c417745cdad67b88,Outros
ALEMAN,MEXICAN HIP HOP,78,6691993,https://i.scdn.co/image/ab6761610000e5eb6c1d2882997b15d14a7a7661,2.0
N.W.A.,OLD SCHOOL HIP HOP,64,6673517,https://i.scdn.co/image/4f36d3f900eaf8381b0d3f5febe0e5bf8c94dbea,7.0
DAVE,GRIME,81,6672786,https://i.scdn.co/image/ab6761610000e5eb2f23c7e361cef62490f44057,Outros
KENIA OS,REGGAETON MEXA,71,6666392,https://i.scdn.co/image/ab6761610000e5eb8117ce73b5a0335562ba1f23,Outros
BRING ME THE HORIZON,METALCORE,78,6663555,https://i.scdn.co/image/ab6761610000e5ebe7c9399d0b5d813c20cbec65,0.0
CLAIRO,BEDROOM POP,79,6658942,https://i.scdn.co/image/ab6761610000e5eb4804c4a44c85afea1a72d1bd,Outros
JOHN LENNON,CHRISTMAS,72,6657309,https://i.scdn.co/image/ab6761610000e5ebe336079626f2a1be7456486c,Outros
THE KID LAROI,POP RAP,80,6644514,https://i.scdn.co/image/ab6761610000e5eb47a63ec071646765439ba93a,2.0
LUISA SONZA,BRAZILIAN POP,73,6632929,https://i.scdn.co/image/ab6761610000e5eb29651ca8a99a50f86e36a699,1.0
MUMFORD & SONS,FOLK,76,6629197,https://i.scdn.co/image/ab6761610000e5ebcd9071ae1c52076ceaf99702,2.0
IGGY AZALEA,POP,68,6620804,https://i.scdn.co/image/ab6761610000e5eb698a6abf2897a8fc8283cc0c,6.0
BEABADOOBEE,BEDROOM POP,79,6613474,https://i.scdn.co/image/ab6761610000e5ebe7c6cea0c83857388127fced,Outros
ERIC CLAPTON,BLUES,72,6601800,https://i.scdn.co/image/ab6772690000c46ca60e8f215103f6841d8a83f0,Outros
DANNY OCEAN,REGGAETON,81,6566652,https://i.scdn.co/image/ab6761610000e5ebb485cde5cba6de6e5685278a,Outros
JOURNEY,AOR,74,6552040,https://i.scdn.co/image/ab6761610000e5ebe848dfb35ea4969099662dfd,Outros
VIJAY PRAKASH,KANNADA POP,70,6519085,https://i.scdn.co/image/ab6761610000e5ebdd9861f139278c57ca97f0be,7.0
STEVE LACY,0,79,6491811,https://i.scdn.co/image/ab6761610000e5eb2297f6d794be503fc5fd031f,3.0
QUEVEDO,0,83,6473368,https://i.scdn.co/image/ab6761610000e5eb9fabcfc29eafa94841a28a9b,3.0
THE STROKES,GARAGE ROCK,76,6473032,https://i.scdn.co/image/ab6761610000e5ebc3b137793230f4043feb0089,Outros
UZI,TURKISH HIP HOP,76,6471402,https://i.scdn.co/image/ab6761610000e5ebfa27f66f319b25d81452b876,2.0
ESLABON ARMADO,CORRIDOS TUMBADOS,76,6462758,https://i.scdn.co/image/ab6761610000e5ebefb9255bbd0acdcd6a32accb,2.0
EL FANTASMA,CORRIDO,69,6454121,https://i.scdn.co/image/ab6761610000e5ebfebafbabd8a364c4aa61016e,7.0
AHMED SAAD,MAHRAGANAT,62,6446341,https://i.scdn.co/image/ab6761610000e5ebea92ed5d03d2d6174a80514c,5.0
CHARLI XCX,HYPERPOP,83,6405399,https://i.scdn.co/image/ab6761610000e5ebdaa727dd396963ba92dd6377,Outros
DIOMEDES DIAZ,VALLENATO,67,6403417,https://i.scdn.co/image/ab6761610000e5eb157304dd342624b823e6733c,7.0
VEIGH,BRAZILIAN TRAP,78,6393944,https://i.scdn.co/image/ab6761610000e5ebfe8a6cb29ef8acc97e6bb3b1,8.0
LIT KILLAH,ARGENTINE TRAP,69,6375524,https://i.scdn.co/image/ab6761610000e5eb7604d0c93a718c5a80ebc3ad,7.0
MRS. GREEN APPLE,J-POP,79,6359208,https://i.scdn.co/image/ab6761610000e5eb3745f83871d6016e5e9ce5d8,Outros
AMAAL MALLIK,BOLLYWOOD,71,6357596,https://i.scdn.co/image/ab6761610000e5ebc1559c29cb61d249075a8b86,2.0
R. D. BURMAN,GHAZAL,74,6353593,https://i.scdn.co/image/ab6761610000e5ebd3b213d51e0ea60f0c768a38,2.0
FERRUGEM,PAGODE,76,6353077,https://i.scdn.co/image/ab6761610000e5ebd25f86760d4360b22f8696da,1.0
ANU MALIK,BOLLYWOOD,67,6351784,https://i.scdn.co/image/ab6761610000e5ebd7e0f6a3b721c781859ce6bc,7.0
NISKA,FRENCH RAP,72,6341315,https://i.scdn.co/image/ab6761610000e5eb536e207c626c48b3c2419212,2.0
HARSHDEEP KAUR,BOLLYWOOD,66,6332907,https://i.scdn.co/image/ab6761610000e5eb58592f1eeadb02268eff9ca1,7.0
PANTERA,GROOVE METAL,72,6322562,https://i.scdn.co/image/ab6761610000e5ebe21999c0102c240bdf094d9b,Outros
IVE,K-POP,72,6315425,https://i.scdn.co/image/ab6761610000e5eba9c8608865ca7eded5520359,9.0
G-EAZY,0,76,6312233,https://i.scdn.co/image/ab6761610000e5ebd0f55babbbdcfab188016110,3.0
MAJOR LAZER,MOOMBAHTON,74,6308136,https://i.scdn.co/image/ab6761610000e5ebd18eac6f1e653551fd05a793,2.0
THE PUSSYCAT DOLLS,POP,70,6304868,https://i.scdn.co/image/ab6761610000e5eb292575f7d081016e04dff9ee,6.0
ALICE IN CHAINS,GRUNGE,76,6299648,https://i.scdn.co/image/ab6761610000e5eb6114a63659d0d5c0a801f733,Outros
GLORIA TREVI,LATIN POP,72,6294015,https://i.scdn.co/image/ab6761610000e5eb019feab9947713bc529250df,6.0
JUAN LUIS GUERRA 4.40,MERENGUE,75,6293882,https://i.scdn.co/image/ab6761610000e5eb9e9e37346b72b418474088af,2.0
GRUPO MARCA REGISTRADA,CORRIDO,77,6276024,https://i.scdn.co/image/ab6761610000e5eb9508af8df57e8aeb9ca50aeb,2.0
KHEA,ARGENTINE TRAP,73,6276005,https://i.scdn.co/image/ab6761610000e5eb5c4a6a8bb5dbefb53944151c,2.0
ALINE BARROS,GOSPEL,65,6257835,https://i.scdn.co/image/ab6761610000e5eb01ba501998b1bfec256b229e,7.0
EVANESCENCE,ALTERNATIVE METAL,76,6257657,https://i.scdn.co/image/ab6761610000e5eb7ecf213c7dd78e0049379c5b,Outros
ZE VAQUEIRO,PISEIRO,68,6250317,https://i.scdn.co/image/ab6761610000e5eb8883394e7e37041127647a2a,7.0
FRANCO DE VITA,LATIN POP,67,6245899,https://i.scdn.co/image/ab6761610000e5eb21fb9c2d53162906b9c23035,6.0
SOOLKING,FRENCH RAP,70,6236660,https://i.scdn.co/image/ab6761610000e5ebf5e6804e7f2f3ac8a8cfbdb0,7.0
GABITO BALLESTEROS,CORRIDO,81,6233045,https://i.scdn.co/image/ab6761610000e5eb5b58ee5baecda20a5d0d2a74,2.0
JOHN MAYER,SINGER-SONGWRITER,77,6232508,https://i.scdn.co/image/ab6761610000e5ebe926dd683e1700a6d65bd835,2.0
GRUPO MENOS E MAIS,PAGODE,84,6223036,https://i.scdn.co/image/ab6761610000e5ebcda53fa43b003c1eb9d4b7cd,1.0
ELLA MAI,R&B,70,6221383,https://i.scdn.co/image/ab6761610000e5eb67e98a610f06681cd1a00bc1,2.0
MEGADETH,THRASH METAL,71,6191824,https://i.scdn.co/image/ab6761610000e5ebd5233fdc8cad84de5b366f1b,9.0
CALUM SCOTT,SOFT POP,74,6189385,https://i.scdn.co/image/ab6761610000e5ebbcf0a0b7d6dabc8f6376f045,Outros
TJ MONTERDE,OPM,68,6185944,https://i.scdn.co/image/ab6761610000e5eb2598127d529b55dcb37d1428,7.0
BIGBANG,K-POP,70,6182982,https://i.scdn.co/image/ab6761610000e5eb597a4257d0022e2ac837fa7d,9.0
FERGIE,POP,70,6179102,https://i.scdn.co/image/ab6761610000e5eb1fd1c6d465e03a904d63c9b5,6.0
MC PAIVA ZS,BRAZILIAN FUNK,70,6174393,https://i.scdn.co/image/ab6761610000e5eb633eb45aed49a3318ef2efcb,12.0
MIGUEL,R&B,79,6172489,https://i.scdn.co/image/ab6761610000e5eb35e36c368fdcd26aba296bd1,2.0
JELLY ROLL,COUNTRY HIP HOP,80,6162049,https://i.scdn.co/image/ab6761610000e5eb27901c1c025fa90f5dc007ef,2.0
LOGIC,0,72,6144170,https://i.scdn.co/image/ab6761610000e5eb4309e7be1610df9a1fd34793,3.0
PAPA ROACH,NU METAL,73,6138146,https://i.scdn.co/image/ab6761610000e5eb170958adc93250084c317cfc,4.0
CARRIE UNDERWOOD,COUNTRY,70,6131119,https://i.scdn.co/image/ab6761610000e5eb44ebad015b420333513354ce,7.0
MARINA,0,73,6130994,https://i.scdn.co/image/ab6761610000e5eb79e12a62114be2c1f8a781f6,3.0
THE SMASHING PUMPKINS,ALTERNATIVE ROCK,74,6120592,https://i.scdn.co/image/ab6761610000e5eba7f80939b43d9efe1ca73a22,3.0
ZEDD,EDM,75,6120516,https://i.scdn.co/image/ab6761610000e5ebe28762aed82cde1178fb3873,Outros
GERA MX,MEXICAN HIP HOP,75,6098493,https://i.scdn.co/image/ab6761610000e5ebe23033f623a49ece86d3eb3d,2.0
AKON,HIP HOP,83,6071998,https://i.scdn.co/image/ab6761610000e5eb8c5984726ddb2c2d90ada28d,Outros
SKI MASK THE SLUMP GOD,0,69,6052725,https://i.scdn.co/image/ab6761610000e5ebd9531e79636e5bfa61817e43,3.0
CHANCE THE RAPPER,HIP HOP,75,6032397,https://i.scdn.co/image/ab6761610000e5ebd4d18d62a36a26fe36b70e2a,Outros
SILVESTRE DANGOND,VALLENATO,69,6029063,https://i.scdn.co/image/ab6761610000e5eb5399dbc33058bc9988deecb9,7.0
AIMYON,J-POP,70,6026177,https://i.scdn.co/image/ab6761610000e5eb8493420e21375f9603f49b89,Outros
YEAT,RAGE RAP,81,6023263,https://i.scdn.co/image/ab6761610000e5ebbcb7b5ea25215172d09d4e2e,Outros
GUCCI MANE,SOUTHERN HIP HOP,77,6011017,https://i.scdn.co/image/ab6761610000e5ebb9b77f64bd278ffde2c94428,2.0
DEEP PURPLE,HARD ROCK,66,6008097,https://i.scdn.co/image/ab6761610000e5eb3a475812e97ee788cfd5fd1a,Outros
MARVIN GAYE,MOTOWN,74,6007348,https://i.scdn.co/image/cf79bd3e5c787e2ec152eeb1ea5538b0d4cf1434,2.0
GURNAM BHULLAR,BHANGRA,61,6006265,https://i.scdn.co/image/ab6761610000e5ebffb3332c9cb2450cbca9cf78,5.0
ABHIJEET,BOLLYWOOD,72,6005968,https://i.scdn.co/image/ab6761610000e5eb20508d4335cdc0a3ec65a3aa,2.0
BABYMONSTER,K-POP,75,5999320,https://i.scdn.co/image/ab6761610000e5ebdd103806bef7f753e85587ac,9.0
CLEAN BANDIT,POP,75,5997943,https://i.scdn.co/image/ab6761610000e5eb70d80b8ab8e193aef64223ec,6.0
ROSSA,INDONESIAN POP,64,5997525,https://i.scdn.co/image/ab6761610000e5eb42e97771d6af65764d6831ea,7.0
LIL MOSEY,MELODIC RAP,65,5995551,https://i.scdn.co/image/ab6761610000e5ebdb253ca1b593bf197493a9fc,Outros
MOTLEY CRUE,GLAM METAL,71,5993471,https://i.scdn.co/image/ab6761610000e5ebab0922f900e6c22b8ef4c01c,Outros
NEETI MOHAN,BOLLYWOOD,71,5972851,https://i.scdn.co/image/ab6761610000e5eb0f8f36a34abefc60ec7aa9e0,2.0
SEMICENK,TURKISH POP,74,5969608,https://i.scdn.co/image/ab6761610000e5ebbe2410d0df76ca25e977f094,2.0
DMX,EAST COAST HIP HOP,70,5944827,https://i.scdn.co/image/ab6761610000e5ebcb1663ad23538120ad7a20c3,Outros
TIAGO PZK,ARGENTINE TRAP,75,5941414,https://i.scdn.co/image/ab6761610000e5ebe29cc283caab8912cd315718,2.0
SKILLET,CHRISTIAN ROCK,76,5939423,https://i.scdn.co/image/ab6761610000e5eb8d1be46721e37bc398ec96e7,Outros
BACK NUMBER,J-POP,77,5937688,https://i.scdn.co/image/ab6761610000e5eb4344b16f251fbbd9d34f3d5a,Outros
ONE OK ROCK,J-ROCK,71,5934326,https://i.scdn.co/image/ab6761610000e5eb65f3ecf43652596ef75f3293,Outros
WOLFGANG AMADEUS MOZART,CLASSICAL,76,5921904,https://i.scdn.co/image/ab6761610000e5eb7fa9108c6dadb8c3ec21da88,Outros
THE LUMINEERS,FOLK POP,77,5919223,https://i.scdn.co/image/ab6761610000e5eb0f882273183345499155d6ed,Outros
LYNYRD SKYNYRD,SOUTHERN ROCK,73,5915144,https://i.scdn.co/image/ab6761610000e5eb3d3ff3d4ebad10d2d2724470,Outros
SIMON & GARFUNKEL,FOLK ROCK,70,5913656,https://i.scdn.co/image/afde2fdd14f8c8ca23393f257e3a369a234a24b6,Outros
THE VAMPS,ROCK,63,5910920,https://i.scdn.co/image/ab6761610000e5eb77ef80571a40d9d19cf52208,14.0
JVKE,POP,76,5900446,https://i.scdn.co/image/ab6761610000e5eb9028079005146db88f6133d0,6.0
LAUANA PRADO,SERTANEJO,76,5895466,https://i.scdn.co/image/ab6761610000e5ebf73ee6691b0961e308ba7643,10.0
T-PAIN,HIP HOP,80,5871426,https://i.scdn.co/image/ab6761610000e5eb173c878a651babb8d0db4cee,Outros
FRENCH MONTANA,HIP HOP,75,5864492,https://i.scdn.co/image/ab6761610000e5ebadb2f8e09c3e3171956aafe4,Outros
TANISHK BAGCHI,BOLLYWOOD,79,5864413,https://i.scdn.co/image/ab6761610000e5eb96f049daefd1875282baab0a,2.0
JESUS ADRIAN ROMERO,CHRISTIAN,74,5849084,https://i.scdn.co/image/ab6761610000e5eb5a0f2cf56db7278f4aada135,Outros
FELIPE ARAUJO,SERTANEJO,65,5848502,https://i.scdn.co/image/ab6761610000e5eb5dfb20280d9e8c9777c7316f,10.0
THE WHO,CLASSIC ROCK,67,5845765,https://i.scdn.co/image/ab6772690000c46c456d5397bdf11547ef38ca93,7.0
MOHAMED HAMAKI,EGYPTIAN POP,60,5833100,https://i.scdn.co/image/ab6761610000e5eb400700c316395513ac8231a4,5.0
YURIDIA,LATIN POP,72,5816910,https://i.scdn.co/image/ab6761610000e5eb536bd31ff8011be5430502cd,6.0
KATSEYE,K-POP,84,5811971,https://i.scdn.co/image/ab6761610000e5eb484e326315e09b3f382a7960,9.0
TEDDY SWIMS,0,85,5796643,https://i.scdn.co/image/ab6761610000e5ebf9cf783eb03eb66aa43943ba,3.0
JORDAN SANDHU,BHANGRA,67,5789180,https://i.scdn.co/image/ab6761610000e5eb04423d2c30589421ce6cdf8c,7.0
KANE BROWN,COUNTRY,71,5789142,https://i.scdn.co/image/ab6761610000e5eb6c17bec75f51429ff10766a9,2.0
AYRA STARR,AFROBEATS,75,5781339,https://i.scdn.co/image/ab6761610000e5ebc13fddc19aa18159f95ab020,2.0
CHIEF KEEF,CHICAGO DRILL,75,5780515,https://i.scdn.co/image/ab6761610000e5ebf3d48b48b4603bd55f489655,2.0
KINGS OF LEON,ROCK,77,5779275,https://i.scdn.co/image/ab6761610000e5eb5e97fb0c8918ed67408f9edc,14.0
J ALVAREZ,REGGAETON,70,5778944,https://i.scdn.co/image/ab6761610000e5eb28f1e2092daada889cf349b2,Outros
CRISTIANO ARAUJO,SERTANEJO,65,5765275,https://i.scdn.co/image/ab6761610000e5ebf38f954f74a726b4b6cf2147,10.0
DAMSO,FRENCH RAP,76,5764649,https://i.scdn.co/image/ab6761610000e5eb301a9c599d85d89e7a90fed0,2.0
LIZZO,0,68,5735915,https://i.scdn.co/image/ab6761610000e5eb2f0129f850e50486a7c849b8,3.0
LUDWIG VAN BEETHOVEN,CLASSICAL,72,5734891,https://i.scdn.co/image/ab6761610000e5eba636b0b244253f602a629796,Outros
FIERSA BESARI,INDONESIAN INDIE,65,5733838,https://i.scdn.co/image/ab6761610000e5ebaf659f61f9c27fb44fcd153f,7.0
AMRINDER GILL,BHANGRA,65,5715107,https://i.scdn.co/image/ab6761610000e5ebb18293612e91f37cb211bdd5,7.0
GEORGE MICHAEL,0,73,5701348,https://i.scdn.co/image/ab6761610000e5eb2113c21548ddabe305961c28,3.0
DEF LEPPARD,GLAM METAL,70,5700129,https://i.scdn.co/image/ab6761610000e5eb695e45d9945ce1f8e5fa5c54,Outros
OMAH LAY,AFROBEATS,75,5698461,https://i.scdn.co/image/ab6761610000e5eb212e0b674da993b1a0cacb16,2.0
NOAH,INDONESIAN POP,69,5667004,https://i.scdn.co/image/ab6761610000e5ebae2e045bcd6f904c9e3b365c,7.0
MGK,0,79,5659321,https://i.scdn.co/image/ab6761610000e5eb85e7615a199f8b17fabfcd61,3.0
OFFSET,0,78,5658361,https://i.scdn.co/image/ab6761610000e5eb0f794f3394223026afa7776d,3.0
BASTILLE,ALTERNATIVE ROCK,73,5656158,https://i.scdn.co/image/ab6761610000e5ebf357b48e4344812b4e3c336f,3.0
ANA GABRIEL,RANCHERA,73,5651704,https://i.scdn.co/image/ab6761610000e5eba67b35ef27036fa201985e93,2.0
T3R ELEMENTO,CORRIDO,70,5626054,https://i.scdn.co/image/ab6761610000e5ebee4f590decd4942326a603e0,7.0
GUSTAVO CERATI,ARGENTINE ROCK,71,5598456,https://i.scdn.co/image/ab6761610000e5ebee0456d8afc4c63dff458587,3.0
FLORIDA GEORGIA LINE,COUNTRY,71,5597555,https://i.scdn.co/image/ab6761610000e5ebaa2d9bd207a62adc3edf6631,2.0
KEVIN ROLDAN,REGGAETON,70,5595453,https://i.scdn.co/image/ab6761610000e5eb606a8a6e0c94579e4dcb2a36,Outros
IVAN CORNEJO,SAD SIERRENO,77,5593089,https://i.scdn.co/image/ab6761610000e5eb0a052faab8058ca12cd9ff9b,2.0
ALEC BENJAMIN,0,73,5592582,https://i.scdn.co/image/ab6761610000e5eb5af962a543938243f083cbb9,3.0
AYA NAKAMURA,FRENCH R&B,72,5592285,https://i.scdn.co/image/ab6761610000e5eb1b1d1a60a2e95efc4eea8259,2.0
ROD STEWART,SOFT ROCK,74,5591846,https://i.scdn.co/image/ab6761610000e5eb876f7ad601fe9a02247b9fb9,Outros
JUANES,LATIN POP,75,5587669,https://i.scdn.co/image/ab6761610000e5eb1aefa2dd52fde10eba9b4d5d,6.0
NIO GARCIA,REGGAETON,68,5586512,https://i.scdn.co/image/ab6761610000e5eb4d986ea338198c8defe2d027,Outros
LARY OVER,TRAP LATINO,65,5579158,https://i.scdn.co/image/ab6761610000e5eb77daacf2c076796e402e23c9,7.0
PABLO ALBORAN,LATIN POP,74,5563514,https://i.scdn.co/image/ab6761610000e5ebc03a9c5b81e21ffb4239625b,6.0
KARTHIK,TELUGU POP,74,5561237,https://i.scdn.co/image/ab6761610000e5eb8478d51aae43fba6a503054c,2.0
DOVE CAMERON,0,71,5545776,https://i.scdn.co/image/ab6761610000e5eb0c5fcd837c1420d97f500ef9,3.0
MARCOS & BELUTTI,SERTANEJO,63,5545613,https://i.scdn.co/image/ab6761610000e5eb52b5d3dd8969c777a41e8105,10.0
NACHO,REGGAETON,62,5545165,https://i.scdn.co/image/ab6761610000e5eba152dd746e0fbfaa7c205c16,Outros
ELISSA,EGYPTIAN POP,62,5542660,https://i.scdn.co/image/ab6761610000e5ebb9e4f4dc02996d2b6f1749cd,5.0
RUSS,0,73,5520945,https://i.scdn.co/image/ab6761610000e5ebd155a3a187977765ffd9e07a,3.0
LOS BUKIS,GRUPERA,76,5517481,https://i.scdn.co/image/ab6761610000e5ebf965d7facfd674f3780158a7,2.0
BAZZI,0,68,5510557,https://i.scdn.co/image/ab6761610000e5eb901476fdd0fd274362d445db,3.0
THE CRANBERRIES,ALTERNATIVE ROCK,77,5460262,https://i.scdn.co/image/143c01f407ed64a4b3bcbc92d24c05ef80981251,3.0
ZE FELIPE,PISEIRO,74,5431348,https://i.scdn.co/image/ab6761610000e5eb9f711593804daf97f6801279,7.0
ROCIO DURCAL,RANCHERA,71,5426482,https://i.scdn.co/image/2ae2272c989c4a0921f0dd99240ef51784fda6f3,2.0
SIMONE & SIMARIA,SERTANEJO,61,5412833,https://i.scdn.co/image/ab6761610000e5eba108594c6d9e69bd76ee9ce0,10.0
S. JANAKI,KANNADA POP,74,5406264,https://i.scdn.co/image/ab6772690000c46cefaf8882f562760329d1edf6,2.0
ATEEZ,K-POP,75,5403608,https://i.scdn.co/image/ab6761610000e5eba1e2f0d5061ccdcb38398d94,9.0
R.E.M.,JANGLE POP,74,5394685,https://i.scdn.co/image/ab6761610000e5eb6334ab6a83196f36475ada7f,2.0
NATALIA LAFOURCADE,LATIN FOLK,73,5391916,https://i.scdn.co/image/ab6761610000e5ebefb8cc9d57eabb9f1e3f8d0b,6.0
ALEXIS Y FIDO,REGGAETON,67,5364721,https://i.scdn.co/image/ab6761610000e5eba0a8c2fafcbdce31dcf62881,Outros
AIR SUPPLY,SOFT ROCK,71,5350736,https://i.scdn.co/image/ab6761610000e5eb79bedf7da0a906b84128f3af,Outros
PHARRELL WILLIAMS,R&B,80,5346978,https://i.scdn.co/image/ab6761610000e5ebf0789cd783c20985ec3deb4e,2.0
CHINO PACAS,CORRIDO,77,5324512,https://i.scdn.co/image/ab6761610000e5eb4d2ec27a528f9854297e0e74,2.0
BLOK3,TURKISH HIP HOP,77,5315877,https://i.scdn.co/image/ab6761610000e5ebe21891efd758047904c2020c,2.0
MELIM,MPB,64,5312419,https://i.scdn.co/image/ab6761610000e5eb3f0c6b68f45a8f1111b5f742,11.0
SEAN PAUL,DANCEHALL,83,5311581,https://i.scdn.co/image/ab6761610000e5eb60c3e9abe7327c0097738f22,2.0
JULIA MICHAELS,0,70,5300706,https://i.scdn.co/image/ab6761610000e5eb1b098899f1cc5be055471b4d,3.0
MC DON JUAN,BRAZILIAN FUNK,74,5289959,https://i.scdn.co/image/ab6761610000e5ebab559c0d48ef955cecd4555d,12.0
LIL SKIES,MELODIC RAP,66,5287957,https://i.scdn.co/image/ab6761610000e5eb1c91ee64878b36dcee243160,Outros
ERASERHEADS,OPM,64,5287593,https://i.scdn.co/image/ab6761610000e5eb1495a867cca572484fd509ca,7.0
GIVEON,R&B,79,5286081,https://i.scdn.co/image/ab6761610000e5eb48769fa9ef3b5f24af90a09d,2.0
KEITH URBAN,COUNTRY,68,5276460,https://i.scdn.co/image/ab6761610000e5eb054c067d4cfa3b8094f3400f,7.0
EMILIA,ARGENTINE TRAP,75,5267354,https://i.scdn.co/image/ab6761610000e5ebdb822c84de3963ef2d9421ec,2.0
LOS ENANITOS VERDES,ROCK EN ESPANOL,73,5266634,https://i.scdn.co/image/0a44319db623b112c3fddca7a1ef88b5756265cd,2.0
PAUL MCCARTNEY,ROCK,72,5262364,https://i.scdn.co/image/ab6761610000e5eb03bf2fe26e397122faa3d323,14.0
GUYON WATON,LAGU JAWA,68,5249688,https://i.scdn.co/image/ab6761610000e5eb299f40ea9e00376dd2077075,7.0
CAMILA,LATIN POP,73,5234856,https://i.scdn.co/image/ab6761610000e5ebcf5593ced80101db5e41c1c2,6.0
THALIA,LATIN POP,69,5230024,https://i.scdn.co/image/ab6761610000e5eb2dd15074edfcd2301fb38e95,6.0
THE GAME,WEST COAST HIP HOP,72,5221969,https://i.scdn.co/image/ab6761610000e5eba657aa5506945d264e147244,Outros
CHINMAYI,TAMIL POP,76,5216347,https://i.scdn.co/image/ab6761610000e5eb8b1862a929651ee5ff4ce67c,2.0
GEORGE STRAIT,COUNTRY,74,5189632,https://i.scdn.co/image/ab6761610000e5eb77f28b2422efbabde324291c,2.0
SADE,0,79,5182617,https://i.scdn.co/image/ab6761610000e5eb92883b0e094a36d2f43ad284,3.0
AUDIOSLAVE,GRUNGE,71,5181819,https://i.scdn.co/image/ab6761610000e5eb5a865295befda9e060a72cb0,Outros
BREAKING BENJAMIN,ALTERNATIVE METAL,72,5177202,https://i.scdn.co/image/ab6761610000e5ebff528d242b11fdc4261d05da,Outros
MONEYBAGG YO,0,75,5167947,https://i.scdn.co/image/ab6761610000e5eb6d2f8e8fbf5b13b1baa1eeff,3.0
AJAY-ATUL,MARATHI POP,65,5158437,https://i.scdn.co/image/ab6761610000e5eb155a680a466ced2ee6679e54,6.0
MONSTA X,K-POP,60,5157709,https://i.scdn.co/image/ab6761610000e5eb28526e1eda2f78513f024fba,9.0
CARLY RAE JEPSEN,POP,71,5150220,https://i.scdn.co/image/ab6761610000e5eb8272bf414106646e0e4a89f3,6.0
ELEVATION WORSHIP,WORSHIP,76,5149219,https://i.scdn.co/image/ab6761610000e5eb6fa137c74960a6a81f11ee70,2.0
T.I.,SOUTHERN HIP HOP,76,5141515,https://i.scdn.co/image/ab6761610000e5eb12057d342f33c61b3768f2bc,2.0
DALEX,REGGAETON,74,5140381,https://i.scdn.co/image/ab6761610000e5ebff284180f08000247df12e2c,Outros
BANDA LOS RECODITOS,BANDA,68,5127388,https://i.scdn.co/image/ab6761610000e5eb05eb923707090bcb441b33d2,7.0
FETTY WAP,0,72,5126034,https://i.scdn.co/image/ab6761610000e5eb8ffb1b02e4435c5176b28ed2,3.0
SOUNDGARDEN,GRUNGE,70,5123695,https://i.scdn.co/image/ab6761610000e5ebafa254b2a224584485286526,Outros
EARTH WIND & FIRE,FUNK,74,5112680,https://i.scdn.co/image/ab6761610000e5eb9722e16a886767adf1178f92,Outros
THE BEACH BOYS,BAROQUE POP,72,5105611,https://i.scdn.co/image/ab6761610000e5eb6839f0edd42e4aea88c9baf6,2.0
DANNA PAOLA,0,68,5103604,https://i.scdn.co/image/ab6761610000e5ebf1f749eb3a877a0efb76a29d,3.0
HOMBRES G,ROCK EN ESPANOL,70,5101589,https://i.scdn.co/image/ab6761610000e5ebf00d7551907825539d1dc034,7.0
GARRY SANDHU,BHANGRA,63,5101485,https://i.scdn.co/image/ab6761610000e5eb4a405efdd59430a8e9a7e18b,5.0
BLACKBEAR,HIP HOP,72,5075405,https://i.scdn.co/image/ab6761610000e5eb38c694d4c5b98d01bca1e46d,Outros
ZEZE DI CAMARGO & LUCIANO,SERTANEJO TRADICIONAL,74,5073206,https://i.scdn.co/image/ab6761610000e5eb5542815361f8e1c9d4026efe,13.0
TIM MCGRAW,COUNTRY,70,5059840,https://i.scdn.co/image/ab6761610000e5ebbd6977f3970a7a4a8d4becbe,7.0
BINI,P-POP,66,5055248,https://i.scdn.co/image/ab6761610000e5eb8b10e8b83993fa8dc12ace18,Outros
CAIFANES,ROCK EN ESPANOL,73,5054980,https://i.scdn.co/image/ab6761610000e5eb3f58860477b33dfae15b16e0,2.0
AALIYAH,R&B,66,5054920,https://i.scdn.co/image/ab6761610000e5ebd2493cea701d45401cc79ffd,2.0
SCHOOLBOY Q,HIP HOP,73,5045411,https://i.scdn.co/image/ab6761610000e5eba59f2f483877c8d0142f71f3,Outros
CARLA MORRISON,LATIN INDIE,72,5045060,https://i.scdn.co/image/ab6761610000e5eb13022e44760fe2175dc11a0f,2.0
JUSTIN QUILES,REGGAETON,78,5044280,https://i.scdn.co/image/ab6761610000e5eb2d05ef4037103c9e2a167a3c,Outros
RUGER,AFROBEATS,67,5041897,https://i.scdn.co/image/ab6761610000e5ebcb40f788cef74edfffee4dbd,7.0
KIZZ DANIEL,AFROBEATS,68,5039958,https://i.scdn.co/image/ab6761610000e5eb864a01c2e8a53d182fd3e472,7.0
.FEAST,INDONESIAN INDIE,75,5017095,https://i.scdn.co/image/ab6761610000e5eb16f030ca05d4d917cdc2eb5e,2.0
LOS PLEBES DEL RANCHO DE ARIEL CAMACHO,BANDA,68,5007123,https://i.scdn.co/image/ab6761610000e5ebec0a87e3564134a6bcfd5452,7.0
THOMAS RHETT,COUNTRY,74,4996970,https://i.scdn.co/image/ab6761610000e5ebdaf1894b7edbfe3376d397d9,2.0
TEGO CALDERON,REGGAETON,72,4994257,https://i.scdn.co/image/ab6761610000e5eb145e37118900fb7f7261af16,Outros
CARLOS RIVERA,LATIN POP,71,4992634,https://i.scdn.co/image/ab6761610000e5ebf9b7423c2a64c31474ae92ea,6.0
MARILYN MANSON,INDUSTRIAL METAL,72,4992384,https://i.scdn.co/image/ab6761610000e5eb9420fc7bac8669f61a9f45c3,2.0
WAVE TO EARTH,0,72,4962113,https://i.scdn.co/image/ab6761610000e5eb49799010fa77f1f862ab207e,3.0
ASEES KAUR,BOLLYWOOD,71,4959302,https://i.scdn.co/image/ab6761610000e5ebc907b6b1feb4d6b09a3fbde1,2.0
ZZ TOP,SOUTHERN ROCK,69,4956137,https://i.scdn.co/image/ab6772690000c46cad8fafe5fa4ad82e7770f2ae,Outros
JKT48,INDONESIAN POP,61,4937625,https://i.scdn.co/image/ab6761610000e5eb137bcd9827e9464fd987850a,5.0
3 DOORS DOWN,POST-GRUNGE,73,4933228,https://i.scdn.co/image/ab6761610000e5eb2064b57344edc592454c8090,Outros
DARELL,REGGAETON,76,4929020,https://i.scdn.co/image/ab6761610000e5eb594bb04c77f6c06c5b4cf1f3,Outros
THE LIVING TOMBSTONE,0,72,4914355,https://i.scdn.co/image/ab6761610000e5ebf174faa646c1183dd0c953a3,3.0
KENNY CHESNEY,COUNTRY,70,4902197,https://i.scdn.co/image/ab6761610000e5eb5de44c9558a47909debca2cd,7.0
CAMILO SESTO,BOLERO,67,4874808,https://i.scdn.co/image/ab6761610000e5eb4ec8010479675af6f0b30e82,7.0
JENNI RIVERA,BANDA,70,4867151,https://i.scdn.co/image/ab6761610000e5ebe5450f0fac6cd3b3d83dd8b6,7.0
NEJO,REGGAETON,70,4863473,https://i.scdn.co/image/ab6761610000e5ebb375ba63006bb0bb1c92a316,Outros
6LACK,0,72,4857974,https://i.scdn.co/image/ab6761610000e5ebf8e7a2d1a01fd98e43ee57dc,3.0
VIRLAN GARCIA,BANDA,71,4857402,https://i.scdn.co/image/ab6761610000e5eb255b45bfa0c2c29384ed5ec9,2.0
PEPE AGUILAR,MARIACHI,70,4849382,https://i.scdn.co/image/ab6761610000e5ebaadb3acb36716e052864dbde,Outros
L7NNON,BRAZILIAN TRAP,71,4843611,https://i.scdn.co/image/ab6761610000e5eb361b418f923daf2dfe03f7d4,8.0
BRYAN ADAMS,ROCK,77,4833876,https://i.scdn.co/image/ab6761610000e5eb9333e218db341b192817db03,14.0
ICE SPICE,0,71,4827705,https://i.scdn.co/image/ab6761610000e5eb99878733414d6d04a20a5c3e,3.0
RADWIMPS,ANIME,74,4827200,https://i.scdn.co/image/ab6761610000e5ebf7374b42bee7c71b9649ac83,Outros
DAVID BISBAL,LATIN POP,69,4825307,https://i.scdn.co/image/ab6761610000e5eb8ff3fe15657621b43b5acc1d,6.0
JOHANN SEBASTIAN BACH,CLASSICAL,77,4824001,https://i.scdn.co/image/a2ec08fe69ecec2748fbc764aede8f1b03ae8f88,Outros
JAY WHEELER,REGGAETON,76,4822447,https://i.scdn.co/image/ab6761610000e5eb8d54cd36e5e639bf4d4f5583,Outros
HANS ZIMMER,SOUNDTRACK,78,4820921,https://i.scdn.co/image/ab6761610000e5eb371632043a8c12bb7eeeaf9d,2.0
TINA TURNER,POP,69,4813328,https://i.scdn.co/image/ab6761610000e5eb22102415297132237b78829d,6.0
PINKPANTHERESS,BEDROOM POP,78,4811625,https://i.scdn.co/image/ab6761610000e5eb6bf10d74063b45938f5d8656,Outros
WESTLIFE,ALTERNATIVE ROCK,71,4810001,https://i.scdn.co/image/ab6761610000e5eb7299fecc45211132432d7d8c,3.0
FERNANDO & SOROCABA,SERTANEJO,67,4798802,https://i.scdn.co/image/ab6761610000e5ebf4652f5d1d3906c5d68ed981,10.0
ORUAM,TRAP FUNK,75,4793656,https://i.scdn.co/image/ab6761610000e5eb103e2b2ae3960b860ba4b1df,2.0
YOUNG MIKO,TRAP LATINO,77,4789572,https://i.scdn.co/image/ab6761610000e5ebdad22bae6da453082af63719,2.0
HEV ABI,PINOY HIP HOP,69,4781706,https://i.scdn.co/image/ab6761610000e5eb7258170a0d3b35caea50b444,Outros
NELLY FURTADO,POP,78,4778928,https://i.scdn.co/image/ab6761610000e5ebd2ce0bf5614b54bd44e059d5,6.0
IZA,BRAZILIAN POP,61,4755237,https://i.scdn.co/image/ab6761610000e5ebdf5471e7c451d863458eba3c,1.0
WOS,ARGENTINE TRAP,68,4751808,https://i.scdn.co/image/ab6761610000e5eb22f6f9a2870926d6de2b2d09,7.0
BENNY DAYAL,BOLLYWOOD,71,4732701,https://i.scdn.co/image/ab6761610000e5ebc88897f144b4df438ec58727,2.0
AURORA,NORWEGIAN POP,74,4732259,https://i.scdn.co/image/ab6761610000e5ebeefc6f13cec94fe613a6c1c8,2.0
D4VD,POP,79,4724676,https://i.scdn.co/image/ab6761610000e5ebee632cde061121a5fe48c1d6,6.0
ROOP KUMAR RATHOD,BOLLYWOOD,69,4723450,https://i.scdn.co/image/ab6761610000e5ebed9f71fa78741d6b30cb7d49,7.0
CHICAGO,YACHT ROCK,70,4713764,https://i.scdn.co/image/ab6761610000e5ebbab088e2157b02848dfcbc1e,Outros
CUP OF JOE,OPM,76,4710670,https://i.scdn.co/image/ab6761610000e5eb79c590d13042cecbac1705f3,2.0
FIREBOY DML,AFROBEATS,71,4706713,https://i.scdn.co/image/ab6761610000e5ebf0da9bd951adbb3749b40904,2.0
MC PEDRINHO,BRAZILIAN FUNK,67,4695131,https://i.scdn.co/image/ab6761610000e5eb84bb7c6edf6a67e3203c8e58,12.0
TETO,BRAZILIAN TRAP,71,4665483,https://i.scdn.co/image/ab6761610000e5eb62f0237b5577c7c670457267,8.0
ARIEL CAMACHO Y LOS PLEBES DEL RANCHO,BANDA,69,4657336,https://i.scdn.co/image/ab6761610000e5eb44718c4f816472411cd78cd4,7.0
MELENDI,FLAMENCO,74,4654305,https://i.scdn.co/image/ab6761610000e5eb69b92908b14aa8f0b4cd175d,2.0
BRONCO,GRUPERA,74,4654256,https://i.scdn.co/image/ab6761610000e5eb5cb57224cd6e74a82b2accd6,2.0
BOYWITHUKE,0,71,4651458,https://i.scdn.co/image/ab6761610000e5ebc703d350f9cce13df4c64b3e,3.0
WEEZER,ALTERNATIVE ROCK,74,4643184,https://i.scdn.co/image/ab6761610000e5eb3cd35451daa1b690cfbbb2d4,3.0
LA OREJA DE VAN GOGH,LATIN POP,74,4641971,https://i.scdn.co/image/ab6761610000e5ebe117b72110c334c07dc13135,6.0
ZION,REGGAETON,75,4621031,https://i.scdn.co/image/ab6761610000e5eb6b21c97e8ad429fcf9c0bb65,Outros
FUJII KAZE,J-POP,74,4620266,https://i.scdn.co/image/ab6761610000e5ebadf53c59da1a6d161a55f6d4,Outros
DILSINHO,PAGODE,70,4612534,https://i.scdn.co/image/ab6761610000e5eba2db16682081a42f4cff0190,1.0
ODETARI,HYPERPOP,75,4608203,https://i.scdn.co/image/ab6761610000e5ebe7f0ccf618b34eac4a349735,Outros
MORAD,0,78,4605702,https://i.scdn.co/image/ab6761610000e5eb78be1444357da95706de5d12,3.0
DNCE,POP,67,4595697,https://i.scdn.co/image/ab6761610000e5ebf516ed43c65fe21e21a7c5bd,6.0
LVBEL C5,TURKISH HIP HOP,76,4593890,https://i.scdn.co/image/ab6761610000e5ebbc89d109efcd4516b0803e54,2.0
GLASS ANIMALS,0,74,4581200,https://i.scdn.co/image/ab6761610000e5ebeb2cc96b0ed023c5e3675b6f,3.0
JAGJIT SINGH,GHAZAL,65,4578777,https://i.scdn.co/image/ab6761610000e5eb9f40751f0a9ed5b0dca44fc3,7.0
RAMY SABRY,EGYPTIAN POP,65,4572891,https://i.scdn.co/image/ab6761610000e5ebb52a6b3ec17c450649ed1b74,7.0
SHINEDOWN,POST-GRUNGE,72,4559922,https://i.scdn.co/image/ab6761610000e5ebcf14abc10b18bc3c2373491f,Outros
BRUNA KARLA,GOSPEL,61,4559419,https://i.scdn.co/image/ab6761610000e5ebda4aaaa76080258d5c505f30,5.0
TONI BRAXTON,R&B,67,4553683,https://i.scdn.co/image/ab6761610000e5eb89773feeaeff0e1cb4951d37,2.0
GRUPO NICHE,SALSA,70,4553609,https://i.scdn.co/image/ab6761610000e5eb0544a3bba5627a598836d6ad,7.0
LIONEL RICHIE,MOTOWN,70,4553102,https://i.scdn.co/image/ab6761610000e5eb002684808eb17d8b3645b57c,7.0
TOOL,PROGRESSIVE METAL,72,4552150,https://i.scdn.co/image/ab6761610000e5eb13f5472b709101616c87cba3,Outros
1KILO,BRAZILIAN HIP HOP,61,4548758,https://i.scdn.co/image/ab6761610000e5eba68546e105fbd920adfbcc69,9.0
EDWIN LUNA Y LA TRAKALOSA DE MONTERREY,BANDA,67,4545804,https://i.scdn.co/image/ab6761610000e5ebfb5981887fdddcf4c5c29ff0,7.0
ARMIN VAN BUUREN,TRANCE,75,4545661,https://i.scdn.co/image/ab6761610000e5eb60f60edeaa78efbf3d335b2c,2.0
RYAN CASTRO,REGGAETON,80,4543798,https://i.scdn.co/image/ab6761610000e5eb528cad3e6c9a6567d4d86bc4,Outros
INTOCABLE,NORTENO,74,4541226,https://i.scdn.co/image/ab6761610000e5eb7ebb9816fc711b44d4fe58e5,2.0
JUDAS PRIEST,HEAVY METAL,66,4539719,https://i.scdn.co/image/ab6761610000e5eb4b3cfc24737acb15e73e8bd6,0.0
EL KOMANDER,CORRIDO,69,4538990,https://i.scdn.co/image/ab6761610000e5eb41d10fdbd20fa619a85444be,7.0
FOR REVENGE,INDONESIAN POP,73,4529618,https://i.scdn.co/image/ab6761610000e5eb966755ed50b3f4487621b030,2.0
TRAIN,SOFT POP,72,4526266,https://i.scdn.co/image/ab6761610000e5eb648641cd6db3012c9ad042b2,Outros
PAROKYA NI EDGAR,OPM,68,4526148,https://i.scdn.co/image/ab6761610000e5eb76ece97fbecb26ace087a952,7.0
KE PERSONAJES,CUMBIA,73,4525964,https://i.scdn.co/image/ab6761610000e5eb9c402bedf5a5387477b9d804,2.0
TLC,0,69,4524581,https://i.scdn.co/image/ab6761610000e5eb7356ae4581e46319f99c813a,3.0
MIKY WOODZ,TRAP LATINO,69,4519446,https://i.scdn.co/image/ab6761610000e5ebfb72d9b0ec49d80efdeaa2cd,7.0
MOTHER MOTHER,0,70,4505909,https://i.scdn.co/image/ab6761610000e5ebfdfbc01d2597633aae65f6b7,3.0
RUTH B.,0,71,4495197,https://i.scdn.co/image/ab6761610000e5ebfaae1d3eac51a47b9f51c9bd,3.0
PARAMPARA TANDON,BHAJAN,74,4494951,https://i.scdn.co/image/ab6761610000e5eb48674ec2817092d55d514c91,2.0
MOTORHEAD,HEAVY METAL,64,4494766,https://i.scdn.co/image/ab6761610000e5eb4994e37b0535a101ff8a8d52,0.0
JOWELL & RANDY,REGGAETON,72,4486417,https://i.scdn.co/image/ab6761610000e5eb2ab68b2708f4007a4623f652,Outros
SLAYER,THRASH METAL,65,4483783,https://i.scdn.co/image/8c81130db7b5f933412c4906c30327817f1e1b43,9.0
NETON VEGA,CORRIDO,85,4479259,https://i.scdn.co/image/ab6761610000e5eb7215ccc01c6b8f0fc59adebb,2.0
ELECTRIC LIGHT ORCHESTRA,ART ROCK,72,4475023,https://i.scdn.co/image/ab6761610000e5eb6ee22df4403027ae525ced87,Outros
BANDA EL RECODO,BANDA,74,4473466,https://i.scdn.co/image/ab6761610000e5ebf673fca644777c0c45abf71d,2.0
GRUPO 5,CUMBIA,62,4472947,https://i.scdn.co/image/ab6761610000e5ebd405d90528443d8d8031d4f4,5.0
YO GOTTI,SOUTHERN HIP HOP,64,4460820,https://i.scdn.co/image/ab6761610000e5eb38197044dd7bdb898225e6d7,7.0
CAVETOWN,BEDROOM POP,68,4459851,https://i.scdn.co/image/ab6761610000e5eb6d44973767bba9cf86217111,Outros
ALEX ROSE,TRAP LATINO,70,4459198,https://i.scdn.co/image/ab6761610000e5eb3104bfc5142e1b6db1f6b494,7.0
LMFAO,POP,68,4452719,https://i.scdn.co/image/2d75f5222d8a92d5e12419ae3e5238261f943df6,6.0
WILL.I.AM,EDM,74,4442423,https://i.scdn.co/image/ab6761610000e5eb7226c1f8cb3827c6dc6ab865,Outros
ELGRANDETOTO,MOROCCAN RAP,70,4438606,https://i.scdn.co/image/ab6761610000e5eb705722f904f257e48ac071eb,7.0
CRISTIAN CASTRO,LATIN POP,75,4426543,https://i.scdn.co/image/45025bd1014527e8f113b22fa647da7a142c3d6c,6.0
NOAH KAHAN,0,83,4415672,https://i.scdn.co/image/ab6761610000e5eb8c52b10e110f62fe45761590,3.0
MARY J. BLIGE,R&B,72,4406247,https://i.scdn.co/image/ab6761610000e5eb3d7888ba4d2bf67fe6b64a55,2.0
PABLLO VITTAR,BRAZILIAN POP,67,4399492,https://i.scdn.co/image/ab6761610000e5eb1a476094be457f065c87b7e8,1.0
SELENA,TEJANO,71,4369830,https://i.scdn.co/image/ab6761610000e5eba124102446e58b6eb0027a3d,2.0
JACK HARLOW,0,76,4368889,https://i.scdn.co/image/ab6761610000e5ebb645c02cfa05103299775097,3.0
ISADORA POMPEO,GOSPEL,68,4364057,https://i.scdn.co/image/ab6761610000e5ebbd2fc652055ac190cafa6562,7.0
OLAMIDE,AFROBEATS,70,4363813,https://i.scdn.co/image/ab6761610000e5eb690d9ec39523c7159ada0426,7.0
JASMINE SANDLAS,BHANGRA,69,4359861,https://i.scdn.co/image/ab6761610000e5eb24014f4a90070826e31dc90c,7.0
KEYSHIA COLE,R&B,71,4355235,https://i.scdn.co/image/ab6761610000e5eb432cb55e0b82419302f7cc5a,2.0
CREED,POST-GRUNGE,74,4348863,https://i.scdn.co/image/ab6761610000e5eb0d86c8971cc4d6fa63d58bae,Outros
LOS TUCANES DE TIJUANA,CORRIDO,75,4348131,https://i.scdn.co/image/ab6761610000e5eb88abc33494ac89655dc80fa2,2.0
PROJOTA,BRAZILIAN HIP HOP,62,4345942,https://i.scdn.co/image/ab6761610000e5eb0ef9fa4ede33f87f2911302e,9.0
SUM 41,POP PUNK,71,4345931,https://i.scdn.co/image/ab6761610000e5eb625af80b68ae4eb559c6c417,Outros
TOM ODELL,0,78,4341663,https://i.scdn.co/image/ab6761610000e5eb89633578648b0b51f53d167f,3.0
LEO DAN,RANCHERA,71,4330633,https://i.scdn.co/image/ab6761610000e5ebf4ec89abadc41dbee74502b0,2.0
CAPITAL BRA,GERMAN HIP HOP,68,4328970,https://i.scdn.co/image/ab6761610000e5eb0809c08ca0610e3e7168e0dc,9.0
FALLING IN REVERSE,EMO,75,4323430,https://i.scdn.co/image/ab6761610000e5eb4a733f510df96652c3bea05b,Outros
CHRISTINA PERRI,SOFT POP,73,4322128,https://i.scdn.co/image/ab6761610000e5eb9bbbc124c9f0f75af892d97d,Outros
GEORGE EZRA,0,69,4313400,https://i.scdn.co/image/ab6761610000e5ebbe936a26ceb9cbbdec7df15b,3.0
CAGE THE ELEPHANT,ALTERNATIVE ROCK,73,4312869,https://i.scdn.co/image/ab6761610000e5eb766df8f443e0160f7b35545d,3.0
GAZO,FRENCH RAP,72,4312457,https://i.scdn.co/image/ab6761610000e5eb55c7e48dcca39da16ac29471,2.0
VIDYASAGAR,MALAYALAM POP,69,4312304,https://i.scdn.co/image/ab6761610000e5ebc44f0959a67fd5f94761041a,7.0
NAS,EAST COAST HIP HOP,73,4311416,https://i.scdn.co/image/ab6761610000e5eb153198caeef9e3bda92f9285,Outros
"TITO ""EL BAMBINO""",REGGAETON,70,4310313,https://i.scdn.co/image/ab6761610000e5eb3b514e8b000993be0b22bf12,Outros
THE FRAY,ALTERNATIVE ROCK,74,4305053,https://i.scdn.co/image/ab6761610000e5ebfbde447822e329707f1c4ea3,3.0
A$AP FERG,RAP,69,4304625,https://i.scdn.co/image/ab6761610000e5eb11b1fd4dfaa772c272ac98ec,12.0
WALE,0,75,4298438,https://i.scdn.co/image/ab6761610000e5eb273bdadffd7138dcbd7b79c3,3.0
PNB ROCK,MELODIC RAP,67,4294689,https://i.scdn.co/image/ab6761610000e5eb4962230cc9649e2083ac1665,Outros
JACKSON WANG,K-POP,62,4293204,https://i.scdn.co/image/ab6761610000e5eb696194c84834e1c1782958c3,9.0
KAYBLACK,BRAZILIAN TRAP,72,4290289,https://i.scdn.co/image/ab6761610000e5eba52eb8324be9da54c529d78f,8.0
BACO EXU DO BLUES,BRAZILIAN HIP HOP,70,4271052,https://i.scdn.co/image/ab6761610000e5ebca03bdb105d972069aea55d4,9.0
SPICE GIRLS,POP,68,4264544,https://i.scdn.co/image/ab6761610000e5eb2e91ffbba84e8e94bafbc6d7,6.0
HILLSONG UNITED,WORSHIP,70,4258422,https://i.scdn.co/image/ab6761610000e5eb08b1ae876402b0a3c83d0030,7.0
ALEJANDRA GUZMAN,LATIN POP,68,4253917,https://i.scdn.co/image/ab6761610000e5ebdd9c93dfe7b0941cc014c6bf,6.0
KESHI,0,75,4241650,https://i.scdn.co/image/ab6761610000e5eb3a0f8f319aeef1aa4115f5e8,3.0
EL ALFA,DEMBOW,77,4228984,https://i.scdn.co/image/ab6761610000e5ebebc38443c371677783ebd465,2.0
BAHAA SULTAN,EGYPTIAN POP,60,4228815,https://i.scdn.co/image/ab6761610000e5eb0be95f3a807328147536bf67,5.0
CAPO PLAZA,ITALIAN TRAP,74,4226385,https://i.scdn.co/image/ab6761610000e5ebd06d1bae1ce42594ccbc77fe,8.0
MANO,TAMIL POP,68,4219863,https://i.scdn.co/image/ab6761610000e5eb30d23167c4efff2a76c76d1f,7.0
ANDERSON FREIRE,GOSPEL,61,4198064,https://i.scdn.co/image/ab6761610000e5ebcd6c889e3da0b84988bd616b,5.0
AMITABH BHATTACHARYA,BOLLYWOOD,81,4193499,https://i.scdn.co/image/ab6761610000e5eb06f04f40ecb8ca92cb714908,2.0
DEAN LEWIS,0,76,4187564,https://i.scdn.co/image/ab6761610000e5eb5ce36b9598e49901d654947c,3.0
SEYI VIBEZ,AFRO ADURA,75,4175131,https://i.scdn.co/image/ab6761610000e5eb68619b502a99da8341f45670,2.0
VASCO ROSSI,ITALIAN SINGER-SONGWRITER,66,4173988,https://i.scdn.co/image/ab6761610000e5eb6236b31052ab6d32689cd143,7.0
GAZAPIZM,TURKISH HIP HOP,62,4173894,https://i.scdn.co/image/ab6761610000e5ebd9d83936f9836fe140f53fad,5.0
ESPINOZA PAZ,BANDA,68,4173359,https://i.scdn.co/image/ab6761610000e5eb86dfc675f850ed770743f8fe,7.0
ZAC BROWN BAND,COUNTRY,71,4163788,https://i.scdn.co/image/ab6761610000e5eb5ce86e86ff94ea8995587ff2,2.0
FEBY PUTRI,INDONESIAN POP,69,4160227,https://i.scdn.co/image/ab6761610000e5eb4f758d9f221784a05343389e,7.0
HIKARU UTADA,J-POP,72,4151692,https://i.scdn.co/image/ab6761610000e5ebde34b7e4e334eb0260766f2e,Outros
ERIC CHURCH,COUNTRY,72,4149585,https://i.scdn.co/image/ab6761610000e5eb31783fb959349f0c82e39bfe,2.0
KOBA LAD,FRENCH RAP,66,4146766,https://i.scdn.co/image/ab6761610000e5eb59d9403f63dbda10b2875c53,7.0
THE BLACK KEYS,BLUES ROCK,69,4142606,https://i.scdn.co/image/ab6761610000e5eb2383f032c2aebc76cf3780ed,7.0
BRANDY,R&B,68,4141460,https://i.scdn.co/image/ab6761610000e5eb0475a5b9a265a25e5dcafae8,2.0
TRIBO DA PERIFERIA,BRAZILIAN HIP HOP,70,4136660,https://i.scdn.co/image/ab6761610000e5eb765b8922797f358f028db9bc,9.0
TEARS FOR FEARS,NEW WAVE,74,4135441,https://i.scdn.co/image/ab6761610000e5eb1e63dea1bded4ae1d53b5c9a,Outros
THIAGUINHO,PAGODE,73,4130633,https://i.scdn.co/image/ab6761610000e5eb286d5d78a231f1e78225a48a,1.0
EBRU GUNDES,ARABESK,71,4115221,https://i.scdn.co/image/ab6761610000e5eb089611d35599d38b83d1dcf8,2.0
JAMES BAY,0,68,4108324,https://i.scdn.co/image/ab6761610000e5eb58d57084e75247d33ce25eaf,3.0
RAISA,INDONESIAN POP,70,4108194,https://i.scdn.co/image/ab6761610000e5eb8e420e8555d6f49a201ed8ad,7.0
JANET JACKSON,NEW JACK SWING,67,4102624,https://i.scdn.co/image/ab6761610000e5eba8e04ff594b1fae3f1f5c9a0,7.0
KING GNU,J-POP,70,4101522,https://i.scdn.co/image/ab6761610000e5eb2bdd859253b840c93d36963e,Outros
CALI Y EL DANDEE,COLOMBIAN POP,67,4097039,https://i.scdn.co/image/ab6761610000e5ebb4b45d2caebe58e6c36cb3e2,7.0
KAVITA KRISHNAMURTHY,BOLLYWOOD,70,4087938,https://i.scdn.co/image/ab6761610000e5eb4f1d4019906979d45f7200a3,7.0
MUKESH,GHAZAL,66,4086308,https://i.scdn.co/image/ab67616d0000b27379e3e03a30c41194a914fc80,7.0
TONY DIZE,REGGAETON,72,4075332,https://i.scdn.co/image/ab6761610000e5eb2e69b2a5617714bdef96f3be,Outros
GAJENDRA VERMA,HINDI POP,69,4068896,https://i.scdn.co/image/ab6761610000e5ebc0d6c475ec2156fa07a11c67,Outros
MC DAVI,BRAZILIAN FUNK,70,4061085,https://i.scdn.co/image/ab6761610000e5eb489d453e5d9e3835c0dae37e,12.0
JACK JOHNSON,SURF ROCK,75,4058321,https://i.scdn.co/image/ab6761610000e5eb0bf3ff1eaa4c0d6d664ccc3f,Outros
TEE GRIZZLEY,0,69,4055572,https://i.scdn.co/image/ab6761610000e5eb2c7162c2f3879d5f2974c229,3.0
ALICE COOPER,GLAM ROCK,63,4049327,https://i.scdn.co/image/ab6761610000e5eb33b97c45348420d27fb92d68,Outros
PAYUNG TEDUH,INDONESIAN INDIE,65,4048977,https://i.scdn.co/image/ab6761610000e5ebfc58f42abb126bbe177239cf,7.0
AFROJACK,EDM,74,4044304,https://i.scdn.co/image/ab6761610000e5eb78484e23002e1607039af9b9,Outros
MF DOOM,EXPERIMENTAL HIP HOP,73,4039825,https://i.scdn.co/image/ab6761610000e5eb6c8167ef48a872b6f190078f,2.0
ALESSO,EDM,73,4038796,https://i.scdn.co/image/ab6761610000e5eb2828484ea968409a0ea584a6,Outros
FOSTER THE PEOPLE,ALTERNATIVE ROCK,71,4035584,https://i.scdn.co/image/ab6761610000e5eb22b8e662f0cfdddac8ab22bb,3.0
ARJAN DHILLON,PUNJABI POP,72,4032504,https://i.scdn.co/image/ab6761610000e5ebb27bbc694979e8164b6da141,2.0
MARIO,R&B,70,4022324,https://i.scdn.co/image/ab6761610000e5eb48f54214e0580b101375840c,2.0
LUDOVICO EINAUDI,NEOCLASSICAL,79,4019078,https://i.scdn.co/image/ab6761610000e5eb86008946f7c35b22282d7e8c,Outros
STONE TEMPLE PILOTS,GRUNGE,70,4015274,https://i.scdn.co/image/ab6761610000e5eb4bb64f87db255d76538b905f,Outros
MARI FERNANDEZ,PISEIRO,69,4006841,https://i.scdn.co/image/ab6761610000e5eb201a17c02717afffbdd19b82,7.0
CONJUNTO PRIMAVERA,NORTENO,75,4006782,https://i.scdn.co/image/ab6761610000e5ebe9e02f96f6030ac8a1101951,2.0
REKHA BHARDWAJ,BOLLYWOOD,65,4000007,https://i.scdn.co/image/ab6761610000e5eb1b8709e71a55317386d46e57,7.0
VALENTIN ELIZALDE,BANDA,69,3998341,https://i.scdn.co/image/20848d4bf33aec496067ff23dcb49174adde438e,7.0
SUJATHA,MALAYALAM POP,71,3994842,https://i.scdn.co/image/ab6761610000e5eb1515f0d5724076f9cfaf8b27,2.0
THIRTY SECONDS TO MARS,ALTERNATIVE ROCK,68,3990974,https://i.scdn.co/image/ab6761610000e5eb5307a8a358283efe769d9c2a,3.0
SUPERTRAMP,PROGRESSIVE ROCK,70,3986263,https://i.scdn.co/image/eebed895cad509b17c7c6faf47f21f1fc35e8829,Outros
PENTATONIX,CHRISTMAS,72,3977695,https://i.scdn.co/image/ab6761610000e5ebb3106bc5be728505c84b5585,Outros
NMIXX,K-POP,71,3976335,https://i.scdn.co/image/ab6761610000e5eb8aaf0595187aba8e8f1bd828,9.0
ULTIMO,0,67,3975157,https://i.scdn.co/image/ab6761610000e5eb314f49cce61a62a207f9a9da,3.0
PIERCE THE VEIL,EMO,77,3970992,https://i.scdn.co/image/ab6761610000e5eb6f8f8d13be17bf486219edc7,Outros
ANTONIO AGUILAR,RANCHERA,71,3967619,https://i.scdn.co/image/ab6761610000e5eb8bc8c8d13db4c3600c8d7549,2.0
SWEDISH HOUSE MAFIA,EDM,77,3964913,https://i.scdn.co/image/ab6761610000e5eb1c6b826381f6866024047bf8,Outros
BON IVER,ROCK,77,3952761,https://i.scdn.co/image/ab6761610000e5eb1a0c1f04c95539fd55ef0ebb,14.0
TARKAN,TURKISH POP,67,3949132,https://i.scdn.co/image/ab6761610000e5eb7addc58dd2bd5e9d83c83cc4,7.0
BLUR,BRITPOP,69,3947944,https://i.scdn.co/image/ab6761610000e5eb00620d736644d2359ce99430,Outros
KEANE,ROCK,75,3944679,https://i.scdn.co/image/ab6761610000e5eb92f6dba2793814a1c5aa8d35,14.0
FLOW G,PINOY HIP HOP,69,3941336,https://i.scdn.co/image/ab6761610000e5ebc3509b8472d6f4141b96fff9,Outros
JJ LIN,MANDOPOP,66,3938117,https://i.scdn.co/image/ab6761610000e5eb181b3f24c2a457e7fa3edb59,7.0
SIMPLE PLAN,POP PUNK,69,3936790,https://i.scdn.co/image/ab6761610000e5ebf8a6c76b696c37d752a6797e,Outros
EDUARDO COSTA,SERTANEJO TRADICIONAL,70,3931413,https://i.scdn.co/image/ab6761610000e5eb724c358805e181037758f986,13.0
TURMA DO PAGODE,PAGODE,72,3930286,https://i.scdn.co/image/ab6761610000e5ebd1152a6c6b63470d024ece42,1.0
G-DRAGON,K-POP,70,3923439,https://i.scdn.co/image/ab6761610000e5eb783a6a578e8eb992bfd74765,9.0
PAPON,BOLLYWOOD,65,3919519,https://i.scdn.co/image/ab6761610000e5eb29f045bb0d86147623b01b24,7.0
THE MARIAS,BEDROOM POP,84,3905040,https://i.scdn.co/image/ab6761610000e5ebaf586afa2b397f1288683a76,Outros
HARICHARAN,MOLLYWOOD,71,3903878,https://i.scdn.co/image/ab6761610000e5eb384fd0e7c27c17a9a21adbe7,2.0
DIEGO & VICTOR HUGO,SERTANEJO,77,3903272,https://i.scdn.co/image/ab6761610000e5eb713d2a5853dcb4e8dc06b6c9,10.0
ILLIT,K-POP,75,3900874,https://i.scdn.co/image/ab6761610000e5eb67a8574e6bf7fa212bb4921b,9.0
HUNTR/X,K-POP,87,3894944,https://i.scdn.co/image/ab67616d0000b2736c1334650ced0e28f0b2e13f,9.0
LUTHER VANDROSS,QUIET STORM,65,3892689,https://i.scdn.co/image/ab6761610000e5ebc609e4ef97e896a2b32b1473,7.0
DAY6,K-ROCK,67,3885364,https://i.scdn.co/image/ab6761610000e5eb6bf26f017d7397f06df7b254,Outros
STING,SOFT ROCK,73,3881065,https://i.scdn.co/image/ab6761610000e5eb9fdb4dab484a9f12e347c216,Outros
JONAS BLUE,TROPICAL HOUSE,73,3880139,https://i.scdn.co/image/ab6761610000e5ebf801dfae9ad055c7e8fd33b8,Outros
SORRISO MAROTO,PAGODE,76,3878792,https://i.scdn.co/image/ab6761610000e5eb3c7fd92646cae6da47d7f092,1.0
STROMAE,FRENCH POP,74,3877300,https://i.scdn.co/image/ab6761610000e5ebcc129f1c9b5047760d66aae2,Outros
YSY A,ARGENTINE TRAP,74,3871297,https://i.scdn.co/image/ab6761610000e5eb03e8f770b7eca91f53e39718,2.0
O RAPPA,BRAZILIAN ROCK,69,3864902,https://i.scdn.co/image/e0524e5db75789613510320d7cf7d97d6d9e89c4,9.0
FOREIGNER,AOR,73,3863411,https://i.scdn.co/image/ab6761610000e5eb8a23eb82ac13bfc05ccc3b5e,Outros
SEETHER,POST-GRUNGE,71,3851621,https://i.scdn.co/image/ab6761610000e5ebbab1b739387a6e515dd2f160,Outros
MC PH,BRAZILIAN FUNK,73,3850325,https://i.scdn.co/image/ab6761610000e5ebe587c436aab7c97e6fd17442,12.0
QUEENS OF THE STONE AGE,STONER ROCK,71,3849933,https://i.scdn.co/image/ab6761610000e5eb73edfbd970917913cfc647c7,Outros
CHALINO SANCHEZ,CORRIDO,71,3841746,https://i.scdn.co/image/ab6761610000e5eb5c2431cad6a50bb95218f856,2.0
NANCY AJRAM,EGYPTIAN POP,66,3836069,https://i.scdn.co/image/ab6761610000e5eb1c81429c45fb96c751f55313,7.0
CHER,POP,69,3826539,https://i.scdn.co/image/ab6761610000e5eb951b9e5d4f1f502691aeef1f,6.0
ANDRES CEPEDA,COLOMBIAN POP,64,3825457,https://i.scdn.co/image/ab6761610000e5eb124b41067dc0139c29150463,7.0
JOEY BADA$$,HIP HOP,71,3825259,https://i.scdn.co/image/ab6761610000e5ebae01fe0d10cd8ebb4707c461,Outros
CARPENTERS,CHRISTMAS,70,3824579,https://i.scdn.co/image/ed45f575339b044d7168780a15ff457b85be851a,Outros
KELVIN MOMO,PRIVATE SCHOOL PIANO,64,3824380,https://i.scdn.co/image/ab6761610000e5eb5459fa528a894f1f5631ce7d,7.0
YOUNGOHM,THAI HIP HOP,70,3822886,https://i.scdn.co/image/ab6761610000e5ebae5e02b462ee6517e378a502,Outros
ARETHA FRANKLIN,SOUL,69,3820677,https://i.scdn.co/image/ab6761610000e5ebf12270128127ba170f90097d,7.0
ED MAVERICK,MEXICAN INDIE,70,3820512,https://i.scdn.co/image/ab6761610000e5eb5afdda54261b90d2959c5f2a,Outros
SANTANA,0,71,3818168,https://i.scdn.co/image/ab6761610000e5eb09882b1b7b33732abd60fc38,3.0
NATTAN,PISEIRO,74,3808307,https://i.scdn.co/image/ab6761610000e5eb9239e9fe9e24fbc33ea7a9fd,7.0
GLORIA GROOVE,BRAZILIAN POP,67,3807906,https://i.scdn.co/image/ab6761610000e5ebaad09ce7fdb0906a834a204e,1.0
SIMONE MENDES,SERTANEJO,79,3807595,https://i.scdn.co/image/ab6761610000e5eb82f8ed27ed944af47c747a0c,10.0
KANY GARCIA,LATIN POP,72,3803868,https://i.scdn.co/image/ab6761610000e5eb775e2743b08d67049264e7ec,6.0
SEAN KINGSTON,HIP HOP,72,3797389,https://i.scdn.co/image/ab6761610000e5ebee205e5029a04bd0460e16e4,Outros
LEONA LEWIS,POP,67,3796257,https://i.scdn.co/image/ab6761610000e5eb0db526734de33dfced0d4f39,6.0
EASON CHAN,CANTOPOP,67,3793448,https://i.scdn.co/image/ab6761610000e5eb438e5730e9e86121f329d2dd,7.0
GHOST,METAL,74,3791998,https://i.scdn.co/image/ab6761610000e5eb2d972470f1f8110be7c07017,Outros
SHANTI DOPE,PINOY HIP HOP,68,3791339,https://i.scdn.co/image/ab6761610000e5eb57139f4c3601e9bb12be933e,Outros
STEVE AOKI,ELECTRO HOUSE,71,3790860,https://i.scdn.co/image/ab6761610000e5ebcf85b39d94c486218a687248,2.0
TAYC,FRENCH R&B,71,3790757,https://i.scdn.co/image/ab6761610000e5eb986f5e1c6f66dc40537407c3,2.0
THE XX,HIP HOP,65,3790374,https://i.scdn.co/image/ab6761610000e5eb3a96db4736ef035e1fcb2516,Outros
NELLY,HIP HOP,75,3789797,https://i.scdn.co/image/3677690af58abb70a5c5fd58d69db4d1ad705d4f,Outros
WHY DON'T WE,0,66,3789494,https://i.scdn.co/image/ab6761610000e5eb9160fac7a1ecb8ee89a633ac,3.0
C-KAN,MEXICAN HIP HOP,70,3786693,https://i.scdn.co/image/ab6761610000e5ebca62afe2c6df23438399972f,7.0
IV OF SPADES,OPM,68,3783728,https://i.scdn.co/image/ab6761610000e5eb5537941008ec8fb6add8238b,7.0
CAFE TACVBA,ROCK EN ESPANOL,68,3779525,https://i.scdn.co/image/ab6761610000e5ebaf5c3b9d45898eb08abfb42f,7.0
PASSENGER,FOLK POP,69,3769690,https://i.scdn.co/image/ab6761610000e5eba340be7e0bd2c71a3f2ca9ce,Outros
ISRAEL & RODOLFFO,SERTANEJO,69,3762128,https://i.scdn.co/image/ab6761610000e5eb49af489b11377736ccc8e6cd,10.0
TREASURE,K-POP,66,3756508,https://i.scdn.co/image/ab6761610000e5eba83f04109c3425a9ee0f00ff,9.0
GENESIS,PROGRESSIVE ROCK,70,3755046,https://i.scdn.co/image/ab6761610000e5eba6a5c327ebbc1131effef2e0,Outros
KELLY ROWLAND,0,70,3754490,https://i.scdn.co/image/ab6761610000e5eb7c614a2b3cedfc53e4679c2e,3.0
YURA YUNITA,INDONESIAN POP,63,3754400,https://i.scdn.co/image/ab6761610000e5eb50fe6d9b4037208aa8e52269,5.0
TOTO,YACHT ROCK,74,3754253,https://i.scdn.co/image/ab6761610000e5eba59a5bcab211f964fe9bfb06,Outros
CHEFIN,BRAZILIAN TRAP,69,3749245,https://i.scdn.co/image/ab6761610000e5eb07e1a1071c675094d8138c3f,8.0
DJAVAN,MPB,70,3748285,https://i.scdn.co/image/ab6761610000e5ebe699e9c224d7602835111180,11.0
BIRDY,0,70,3740191,https://i.scdn.co/image/ab6761610000e5eb778483686ae247c1906f02fb,3.0
SOFIA CARSON,0,68,3738128,https://i.scdn.co/image/ab6761610000e5eba26cb5b1e204b1049ec4d6cb,3.0
GILBERTO SANTA ROSA,SALSA,69,3729508,https://i.scdn.co/image/ab6761610000e5ebda43f09b826bdd96ae1110a4,7.0
WU-TANG CLAN,EAST COAST HIP HOP,67,3728618,https://i.scdn.co/image/ab6761610000e5ebe60866298962b71792b2bf1a,Outros
LADY A,COUNTRY,68,3724444,https://i.scdn.co/image/ab6761610000e5ebe5dd14e370550b29c4a8b0bd,7.0
YILDIZ TILBE,ARABESK,67,3716040,https://i.scdn.co/image/ab6761610000e5eb9dca7a4849a5d3c4ac20bc3d,7.0
LEONARD COHEN,SINGER-SONGWRITER,65,3714823,https://i.scdn.co/image/ab6761610000e5ebd09c1295779cfb71683cee99,7.0
BOOBA,FRENCH RAP,72,3713214,https://i.scdn.co/image/ab6761610000e5eb96b3ab10e89bad078d125c3a,2.0
MIRANDA LAMBERT,COUNTRY,67,3713065,https://i.scdn.co/image/ab6761610000e5eb88989ce8f824f1aa19d059c4,7.0
SHILPA RAO,BOLLYWOOD,75,3712769,https://i.scdn.co/image/ab6761610000e5ebada368118a052fb40d3f1a68,2.0
FOURTWNTY,INDONESIAN INDIE,69,3705627,https://i.scdn.co/image/ab6761610000e5ebd56a4e114e63de49e1458707,7.0
GODSMACK,ALTERNATIVE METAL,68,3704524,https://i.scdn.co/image/ab6761610000e5ebe024531c06e7de54f84ea6fd,Outros
GHOSTEMANE,TRAP METAL,66,3702761,https://i.scdn.co/image/ab6761610000e5eb05fe4ce6473b6f00ad5aca73,9.0
ABEL PINTOS,FOLKLORE ARGENTINO,66,3701305,https://i.scdn.co/image/ab6761610000e5eb8ada8d1327e4979244fd6519,7.0
ROB ZOMBIE,INDUSTRIAL METAL,68,3693150,https://i.scdn.co/image/ab6761610000e5ebf0e838d90c5a7b7676ff4c43,7.0
SANTHOSH NARAYANAN,TAMIL POP,72,3691769,https://i.scdn.co/image/ab6761610000e5eba52538772891f66547e1ebc3,2.0
TOVE LO,0,73,3685010,https://i.scdn.co/image/ab6761610000e5eb2360c963315739fc33b01687,3.0
JASLEEN ROYAL,HINDI POP,70,3680963,https://i.scdn.co/image/ab6761610000e5eb852737800de564b2c0efe165,Outros
RASCAL FLATTS,COUNTRY,69,3676952,https://i.scdn.co/image/ab6761610000e5eb6772748e5cd3c3de721f8c03,7.0
AJR,0,71,3675508,https://i.scdn.co/image/ab6761610000e5ebccd633470e8b93efcd8f9246,3.0
DJ MAPHORISA,AMAPIANO,70,3673753,https://i.scdn.co/image/ab6761610000e5eb175fef8bea1c4dcde8141a46,7.0
JORJA SMITH,0,72,3665395,https://i.scdn.co/image/ab6761610000e5eba6524d02e26778b0b99a33d5,3.0
PERICLES,PAGODE,71,3664863,https://i.scdn.co/image/ab6761610000e5eb138a065983331bd82b67a23f,1.0
TZ DA CORONEL,BRAZILIAN TRAP,70,3660894,https://i.scdn.co/image/ab6761610000e5eb725669891cb9b61edf74806a,8.0
INCUBUS,NU METAL,70,3658670,https://i.scdn.co/image/ab6761610000e5eb83512923cb6ea021f8bb1b3b,4.0
LABRINTH,0,74,3655405,https://i.scdn.co/image/ab6761610000e5ebe06bc05ace04b055edeeff8d,3.0
TYLA,AFROBEATS,79,3633207,https://i.scdn.co/image/ab6761610000e5eb7977176556d71cbc7fcbe6b4,2.0
BOYZ II MEN,NEW JACK SWING,69,3631984,https://i.scdn.co/image/c8b0d67be35852171d04d7309c2cfe1992a8a4eb,7.0
LENNY KRAVITZ,ROCK,72,3624292,https://i.scdn.co/image/ab6761610000e5ebe0cf058473839f1c9f49937e,14.0
OF MONSTERS AND MEN,FOLK POP,70,3620913,https://i.scdn.co/image/ab6761610000e5ebe4dd88af4c7ea59464728229,Outros
LISA,ANIME,69,3620237,https://i.scdn.co/image/ab6761610000e5eb6bf3e9d8fce49ad343eba79c,Outros
JULIO IGLESIAS,BOLERO,71,3617087,https://i.scdn.co/image/ab6761610000e5ebeb26b397cfc1d5b785296cdd,2.0
PETERPAN,INDONESIAN POP,66,3613565,https://i.scdn.co/image/ab6761610000e5eb19fd0c20ed2bed2ea04754cf,7.0
VAN MORRISON,ROCK,70,3613350,https://i.scdn.co/image/ab6761610000e5eb5885f6c2d3ecf8e08bdfa472,14.0
NATIRUTS,REGGAE,69,3611661,https://i.scdn.co/image/ab6761610000e5eb764999c0589ff0cb6eedc4f1,0.0
TIAKOLA,FRENCH RAP,74,3610648,https://i.scdn.co/image/ab6761610000e5eb4d4f46d8b3b786409a8c3219,2.0
NAPS,FRENCH RAP,66,3609928,https://i.scdn.co/image/ab6761610000e5eb301657b8cb877183b9bc7a77,7.0
DURAN DURAN,NEW WAVE,73,3608066,https://i.scdn.co/image/ab6761610000e5eb873c478913e5a70527b9442a,Outros
JOAO NETO & FREDERICO,SERTANEJO,62,3607221,https://i.scdn.co/image/ab6761610000e5ebc8bac4ca384913ab8495ac01,10.0
MAES,FRENCH RAP,71,3604599,https://i.scdn.co/image/ab6761610000e5eb94d3aff5f84dfc8bf111f157,2.0
HARDWELL,BIG ROOM,66,3598053,https://i.scdn.co/image/ab6761610000e5eb950dafd5978fad2718f4aeb6,7.0
NO.1,TURKISH HIP HOP,64,3593696,https://i.scdn.co/image/ab6761610000e5eb411422110634da0cd958b719,7.0
JANIS JOPLIN,CLASSIC ROCK,61,3592787,https://i.scdn.co/image/ab6761610000e5ebbf0ee2c099003f6886e4da0c,5.0
DIMITRI VEGAS & LIKE MIKE,BIG ROOM,72,3591608,https://i.scdn.co/image/ab6761610000e5ebc67ffae065558fd7f08a845c,2.0
ALEX G,0,75,3590978,https://i.scdn.co/image/ab6761610000e5ebcfa32469a372188d27bd17b7,3.0
MGMT,INDIE,74,3588795,https://i.scdn.co/image/ab6761610000e5eb9dccdc8f4087cbe2bdedc9d3,Outros
VIJAY,TAMIL DANCE,61,3586451,https://i.scdn.co/image/ab67616d0000b273f4ed7fcf0ad41f416974dc6d,5.0
POISON,GLAM METAL,62,3585398,https://i.scdn.co/image/70ed0b201cafa20fc3e3cb30a916f91adbb604ed,Outros
LEFTY SM,MEXICAN HIP HOP,70,3583325,https://i.scdn.co/image/ab6761610000e5eb6ea2920b3615db7f8d7c1adb,7.0
NIPSEY HUSSLE,WEST COAST HIP HOP,66,3581514,https://i.scdn.co/image/ab6761610000e5ebe9edae8fe232af1d2995c991,Outros
LENNY TAVAREZ,REGGAETON,77,3580698,https://i.scdn.co/image/ab6761610000e5eb3afda6e209cde491e2ec3ace,Outros
VAUNDY,J-POP,72,3579594,https://i.scdn.co/image/ab6761610000e5ebf6be169899c276073de46a1b,Outros
FREDERIC CHOPIN,CLASSICAL PIANO,74,3577515,https://i.scdn.co/image/ab6761610000e5ebe55372097569b7b56b439365,2.0
ASHANTI,R&B,71,3577429,https://i.scdn.co/image/ab6761610000e5eb1ebb81323a96e465ad20b932,2.0
PIXIES,ALTERNATIVE ROCK,70,3573264,https://i.scdn.co/image/ab6761610000e5eb419ffe5eb82b7460c76a986a,3.0
ARMADA,INDONESIAN POP,67,3568541,https://i.scdn.co/image/ab6761610000e5ebf9848fb41f797729e7e80a2c,7.0
NAV,MELODIC RAP,70,3567276,https://i.scdn.co/image/ab6761610000e5eb6c786d705c8c7e20c877d114,Outros
ATI242,TURKISH HIP HOP,74,3562887,https://i.scdn.co/image/ab6761610000e5ebc7545923a2c33f92fce13bae,2.0
AITANA,0,77,3559772,https://i.scdn.co/image/ab6761610000e5ebf70cb5cef7d3848570900de5,3.0
THE WHITE STRIPES,GARAGE ROCK,70,3555375,https://i.scdn.co/image/ab6761610000e5eb70cc06de8fc28226d4743cd9,Outros
TEMS,AFROBEATS,78,3553143,https://i.scdn.co/image/ab6761610000e5eb22d7d6f8981c7a27bf68a382,2.0
LA ORIGINAL BANDA EL LIMON DE SALVADOR LIZARRAGA,BANDA,65,3552908,https://i.scdn.co/image/ab6761610000e5eb77305c6c9eccc6c5bbac5730,7.0
THE GOO GOO DOLLS,ALTERNATIVE ROCK,77,3545256,https://i.scdn.co/image/ab6761610000e5ebe7b66b8c4ba729848574df7a,3.0
AFGAN,INDONESIAN POP,70,3544418,https://i.scdn.co/image/ab6761610000e5eb8d58eb4a3cd3941609327ec4,7.0
JACQUEES,R&B,68,3537753,https://i.scdn.co/image/ab6761610000e5eb3243b248b95343e0053c030a,2.0
JUICY LUICY,INDONESIAN POP,73,3531644,https://i.scdn.co/image/ab6761610000e5ebd966b59ac3edc236b907b33e,2.0
UNGU,INDONESIAN POP,65,3531093,https://i.scdn.co/image/ab6761610000e5eb4676bf0055044fa227ca4d1a,7.0
G.E.M.,MANDOPOP,66,3528909,https://i.scdn.co/image/ab6761610000e5eb8b385b6aa7b47570adbeff7b,7.0
MILIONARIO & JOSE RICO,SERTANEJO TRADICIONAL,66,3521984,https://i.scdn.co/image/ab6761610000e5eb26c5c8d56a8979c644f37de7,13.0
LA QUINTA ESTACION,LATIN POP,67,3520287,https://i.scdn.co/image/ab6761610000e5eb7d744f844ffd5d7bddf0abd8,6.0
BULLET FOR MY VALENTINE,METALCORE,67,3516097,https://i.scdn.co/image/ab6761610000e5eb18219fa877c67b4eda00550c,0.0
D12,HIP HOP,63,3515333,https://i.scdn.co/image/ab6761610000e5eb4f52827861ae9b860a5e62f6,Outros
NATHANIEL BASSEY,AFRICAN GOSPEL,62,3508481,https://i.scdn.co/image/ab6761610000e5eb11de9e26d17433c5d960c15f,5.0
TIMBALAND,HIP HOP,81,3508465,https://i.scdn.co/image/ab6761610000e5ebb713079a55dcf937d241dd2b,Outros
WIU,BRAZILIAN TRAP,73,3505650,https://i.scdn.co/image/ab6761610000e5eba99239905a1149b25c8a69ad,8.0
BABY RASTA Y GRINGO,REGGAETON,64,3505543,https://i.scdn.co/image/ab6761610000e5ebbc346ec065b191dc86d0272e,Outros
MS. LAURYN HILL,NEO SOUL,72,3500549,https://i.scdn.co/image/ccb108f19352e88d6e69b1093d75a2be5efa1c99,Outros
VANCE JOY,FOLK POP,75,3493060,https://i.scdn.co/image/ab6761610000e5eb4be87c6d504aa62024a87f48,Outros
RICH THE KID,TRAP,65,3489586,https://i.scdn.co/image/ab6761610000e5eb831fd7e9e9fe1b0217791b94,12.0
EMMANUEL,LATIN POP,69,3486662,https://i.scdn.co/image/ab6761610000e5eb134c0b81bf75f4f6ec01b316,6.0
YG,HYPHY,72,3484513,https://i.scdn.co/image/ab6761610000e5eb29831a7ff6177ec357478850,2.0
PAYAL DEV,BHAJAN,69,3483263,https://i.scdn.co/image/ab6761610000e5ebad471d68dd2bb62e7d0ebb49,7.0
ESLAM KABONGA,MAHRAGANAT,65,3482720,https://i.scdn.co/image/ab67616d0000b273067bcd726035de324f6680d3,7.0
PANCHO BARRAZA,BANDA,68,3476783,https://i.scdn.co/image/ab6761610000e5eb6497d57d47123d5dd440f428,7.0
FONSECA,COLOMBIAN POP,69,3472998,https://i.scdn.co/image/ab6761610000e5eb21d70693185e467dad0e1d8f,7.0
GALANTIS,0,69,3472742,https://i.scdn.co/image/ab6761610000e5eb7bda087d6fb48d481efd3344,3.0
TAINY,REGGAETON,78,3470306,https://i.scdn.co/image/ab6761610000e5eba0d42a558309507a6a3b3311,Outros
FIDEL RUEDA,BANDA,64,3464925,https://i.scdn.co/image/ab6761610000e5eb0d1091acb6e69d0a5e656a36,7.0
MHRAP,ANIME RAP,63,3459929,https://i.scdn.co/image/ab6761610000e5eb33d7900d20299dec06580af1,Outros
LUDACRIS,SOUTHERN HIP HOP,77,3445061,https://i.scdn.co/image/adcc1cb654e89f2e404688ae0d1bbc942ce02e5d,2.0
JAO,BRAZILIAN POP,63,3435550,https://i.scdn.co/image/ab6761610000e5ebc4bed49b3a6321d7a2097ace,1.0
ALT-J,INDIE,68,3428277,https://i.scdn.co/image/ab6761610000e5eb3fb5214e667e278a20878a6b,Outros
OUTKAST,SOUTHERN HIP HOP,75,3423833,https://i.scdn.co/image/ab6761610000e5eb0cb3f95b9f8f7337e135a925,2.0
SUBLIME,REGGAE ROCK,72,3413570,https://i.scdn.co/image/ab6761610000e5ebe726280500259dbdb97a8be4,Outros
LENIN RAMIREZ,CORRIDO,67,3413404,https://i.scdn.co/image/ab6761610000e5eb4bdcdef3654fa9eb75cf7496,7.0
JOAQUIN SABINA,TROVA,68,3406412,https://i.scdn.co/image/ab6761610000e5ebd30f9a429e2aa4eb9d1ddf21,Outros
RIO ROMA,LATIN POP,65,3403624,https://i.scdn.co/image/ab6761610000e5eb52554236750882fc799e0472,6.0
BEELE,LATIN AFROBEATS,87,3402955,https://i.scdn.co/image/ab6761610000e5eb8e10d05db45e77a86256fc5d,2.0
SHANIA TWAIN,COUNTRY,72,3398553,https://i.scdn.co/image/ab6761610000e5eb909899cd7ed1cd7353ac24f1,2.0
ALAN JACKSON,COUNTRY,73,3397897,https://i.scdn.co/image/ab6772690000c46c1dce50b93ca0b1e2f459d9e6,2.0
GEOLIER,CANZONE NAPOLETANA,74,3396004,https://i.scdn.co/image/ab6761610000e5ebc6e744c0e69ece980291a42a,2.0
LOS FABULOSOS CADILLACS,ROCK EN ESPANOL,67,3395517,https://i.scdn.co/image/ab6761610000e5ebacc7c838bf4dddcc86106b0f,7.0
XAND AVIAO,FORRO,71,3394438,https://i.scdn.co/image/ab6761610000e5ebf1989218233094ddf832f7ff,8.0
LOS CADETES DE LINARES,NORTENO,71,3392426,https://i.scdn.co/image/ab6761610000e5eb426584cae08769645b2ddfa6,2.0
NORAH JONES,JAZZ POP,73,3376896,https://i.scdn.co/image/ab6761610000e5ebed83d3ea063d87ce7e708f00,Outros
MANUEL MEDRANO,COLOMBIAN POP,72,3375221,https://i.scdn.co/image/ab6761610000e5eb1994179351ebdd2553effa3f,2.0
LUAN PEREIRA,AGRONEJO,74,3362344,https://i.scdn.co/image/ab6761610000e5eb05f209fb2372ef4e828b3cbe,Outros
JULIETA VENEGAS,LATIN POP,75,3362279,https://i.scdn.co/image/ab6761610000e5eb44270f00ab4402b3fd91bad1,6.0
STEVE MILLER BAND,CLASSIC ROCK,66,3361277,https://i.scdn.co/image/ab6761610000e5eb624ddceb90bdf808ed4e2e35,7.0
NEIL YOUNG,CLASSIC ROCK,71,3358875,https://i.scdn.co/image/ab6761610000e5ebbae8276dffd864ebac759b76,2.0
YOUNG DOLPH,SOUTHERN HIP HOP,72,3356194,https://i.scdn.co/image/ab6761610000e5eb392af601eddfa5a0c705141d,2.0
MARIA JOSE,LATIN POP,68,3354534,https://i.scdn.co/image/ab6761610000e5ebfc4826785978a18d14076b15,6.0
BROOKS & DUNN,COUNTRY,71,3354388,https://i.scdn.co/image/ab6761610000e5eb3ef457349ecbd1285b4a0d81,2.0
GHALI,ITALIAN TRAP,64,3346070,https://i.scdn.co/image/ab6761610000e5ebac3cd217755a2158a38f7ecc,8.0
WHITESNAKE,GLAM METAL,66,3344415,https://i.scdn.co/image/ab6761610000e5eb1cc545458190efc44f48035f,Outros
NAYEON,K-POP,62,3335981,https://i.scdn.co/image/ab6761610000e5eb70f34c0aeb5787411803adc4,9.0
AMENAZZY,TRAP LATINO,63,3334695,https://i.scdn.co/image/ab6761610000e5eb44d8d8c4aae6566154253895,5.0
GRUPO BRYNDIS,GRUPERA,73,3332248,https://i.scdn.co/image/ab6761610000e5eba3ed536aa62b89016ea54656,2.0
SKANK,BRAZILIAN ROCK,67,3332207,https://i.scdn.co/image/ab6761610000e5eb2b61503716c9cbb86f6a0658,9.0
ROBBIE WILLIAMS,ROCK,72,3328266,https://i.scdn.co/image/ab6761610000e5ebec4b5ff594ae3d7c5622cf23,14.0
XAMA,BRAZILIAN HIP HOP,70,3327005,https://i.scdn.co/image/ab6761610000e5eb367afe9e5b30fbb6a67a8807,9.0
FAIRUZ,0,65,3326315,https://i.scdn.co/image/ab6761610000e5eb63b2323e94f912f0f7be4051,3.0
HUGO & GUILHERME,SERTANEJO,75,3324800,https://i.scdn.co/image/ab6761610000e5ebbdf7f38935298ee22ff675bb,10.0
DIERKS BENTLEY,COUNTRY,66,3323894,https://i.scdn.co/image/ab6761610000e5ebc3552e14b485998e7bbba38b,7.0
CRYSTAL CASTLES,WITCH HOUSE,71,3323534,https://i.scdn.co/image/5419a05563a9ba8cb16fe207199c298f621eef85,2.0
CUCO,BEDROOM POP,69,3315476,https://i.scdn.co/image/ab6761610000e5eb35869fcd31b5d3252d636595,Outros
BONE THUGS-N-HARMONY,GANGSTER RAP,66,3312833,https://i.scdn.co/image/ab6761610000e5ebf8363f2ab45a545928ea29cd,Outros
SNOW PATROL,ALTERNATIVE ROCK,70,3311530,https://i.scdn.co/image/ab6761610000e5eb9b328846dc38b0a620da1ce2,3.0
JAMES BLUNT,POP,71,3309919,https://i.scdn.co/image/ab6761610000e5eb3863fa2fdb07fb4fe1a9607d,6.0
ヨルシカ,J-POP,71,3308820,https://i.scdn.co/image/ab6761610000e5ebe62cff9c6018ae5616b01eab,Outros
CYNDI LAUPER,POP,71,3302162,https://i.scdn.co/image/ab6761610000e5eb7e43679c3022f9310645078b,6.0
JUICY J,CRUNK,74,3300969,https://i.scdn.co/image/ab6761610000e5eb116fc50265ef72d7e66723a5,2.0
EDEN MUNOZ,BANDA,76,3298921,https://i.scdn.co/image/ab6761610000e5ebac92824eb3acb40fe677ef99,2.0
OMARION,R&B,61,3297363,https://i.scdn.co/image/ab6761610000e5eb9020730faab3ef6ebd31012a,2.0
APACHE 207,GERMAN HIP HOP,69,3296326,https://i.scdn.co/image/ab6761610000e5ebd8b08d3199d2bd40f909e449,9.0
THE TEMPTATIONS,MOTOWN,66,3295489,https://i.scdn.co/image/ab6761610000e5ebec212a39ffa4182a0fff4e3c,7.0
YOUNG MONEY,0,61,3291113,https://i.scdn.co/image/ca134959a6212f3931540a4c59a08e5c0774978d,3.0
MC G15,BRAZILIAN FUNK,65,3289969,https://i.scdn.co/image/ab6761610000e5eb1e5e8ecf7f0a1e2d34f53486,12.0
BERET,0,69,3288075,https://i.scdn.co/image/ab6761610000e5eb358d0cb7bf7e241430d44308,3.0
ROBIN SCHULZ,TROPICAL HOUSE,76,3284585,https://i.scdn.co/image/ab6761610000e5eb869ddcc058c5ff2a459ad8d5,Outros
FELIPE AMORIM,PISEIRO,75,3272613,https://i.scdn.co/image/ab6761610000e5ebd4b9191d8e3ee4156677d37c,7.0
NEIL DIAMOND,0,67,3257550,https://i.scdn.co/image/f4d0fb18cb338eddee6b482779d946183a743b12,3.0
LOS DOS CARNALES,CORRIDO,70,3256727,https://i.scdn.co/image/ab6761610000e5ebc5aa3d95238d6bbe76f305fe,7.0
ERYKAH BADU,NEO SOUL,68,3255831,https://i.scdn.co/image/ab6761610000e5ebfb1bc9e7ca44d473641b7842,Outros
YUNGBLUD,0,75,3254238,https://i.scdn.co/image/ab6761610000e5eb7c9287712c4355e54c94e0d0,3.0
VIJAY YESUDAS,MALAYALAM POP,66,3251353,https://i.scdn.co/image/ab6761610000e5eb776714bf7292f39e79b7eddd,7.0
DOECHII,0,76,3249760,https://i.scdn.co/image/ab6761610000e5ebca2fee52c41d3f58ceb6474b,3.0
JERE KLEIN,REGGAETON CHILENO,77,3248491,https://i.scdn.co/image/ab6761610000e5eb4b23f03ef7cc9bf87495f85b,2.0
NINA SIMONE,VOCAL JAZZ,69,3245778,https://i.scdn.co/image/ab6761610000e5eb136c51c848c26a6cce7f9e56,Outros
LOUIS ARMSTRONG,JAZZ,71,3245454,https://i.scdn.co/image/ab6772690000c46c53b6519baafe8f4d6135453e,2.0
JOAO BOSCO & VINICIUS,SERTANEJO,65,3234906,https://i.scdn.co/image/ab6761610000e5ebe9f3a158bdd1b9a2f0613c94,10.0
KENNY ROGERS,COUNTRY,71,3229525,https://i.scdn.co/image/ab6761610000e5eb43eec847b2e3aaa5f4edbd23,2.0
SHWETA MOHAN,TAMIL POP,69,3219256,https://i.scdn.co/image/ab6761610000e5eb6c88b5f7f43673d7da82976e,7.0
LA K'ONGA,CUARTETO,67,3218485,https://i.scdn.co/image/ab6761610000e5eb124a6a41568f43401994f4c8,7.0
ANDREA BOCELLI,OPERA,71,3217698,https://i.scdn.co/image/ab6761610000e5ebfb101ed2a035fcfa2bd6fee1,Outros
MIKE BAHIA,COLOMBIAN POP,63,3217464,https://i.scdn.co/image/ab6761610000e5ebe6ca12d3868c345537319772,5.0
NANPA BASICO,MEXICAN HIP HOP,75,3210722,https://i.scdn.co/image/ab6761610000e5eb8338e66d2e036e92386bad7c,2.0
GLENN FREDLY,INDONESIAN POP,68,3208690,https://i.scdn.co/image/ab6761610000e5ebf6284a310a10b07852e358cd,7.0
EMIR CAN IGREK,TURKISH POP,65,3205632,https://i.scdn.co/image/ab6761610000e5ebdfdd78b16fd5566500af4cc8,7.0
DAN + SHAY,COUNTRY,68,3205075,https://i.scdn.co/image/ab6761610000e5eb6d8d51672a27e35c806fa99c,7.0
KEN CARSON,RAGE RAP,77,3202298,https://i.scdn.co/image/ab6761610000e5eb95ccca370d8bd50e84c222bc,Outros
BOSTON,CLASSIC ROCK,66,3193210,https://i.scdn.co/image/051ffa17a5832586c6e0f8ee8a705ad15114e9c0,7.0
ALANIS MORISSETTE,ROCK,68,3188985,https://i.scdn.co/image/ab6761610000e5ebf6a97342ccd47692b7cdf8c0,14.0
KODALINE,0,67,3188668,https://i.scdn.co/image/ab6761610000e5eb0b99560e4162fe239ac6d3ba,3.0
BUSTA RHYMES,EAST COAST HIP HOP,71,3188252,https://i.scdn.co/image/ab6761610000e5eb7b31aba081ef084510cde4e3,Outros
STORMZY,GRIME,70,3186137,https://i.scdn.co/image/ab6761610000e5eb674d29e07df021a35df3ddf1,Outros
PARADOX,HINDI HIP HOP,62,3185984,https://i.scdn.co/image/ab6761610000e5ebef70afaebe2d6003ef1c94ef,Outros
OLLY MURS,0,63,3184694,https://i.scdn.co/image/ab6761610000e5ebae376a73436ffd6962ecc1a5,3.0
THE CLASH,PUNK,69,3183187,https://i.scdn.co/image/ab6761610000e5eb2fc4d22f2e060511db2ae971,Outros
YUURI,J-POP,67,3180780,https://i.scdn.co/image/ab6761610000e5eb2f68be1a1a95221976c0fbba,Outros
SACHET-PARAMPARA,BHAJAN,73,3178857,https://i.scdn.co/image/ab6761610000e5eb9415df28058107b5d54f9fad,2.0
TYLER CHILDERS,COUNTRY,76,3176474,https://i.scdn.co/image/ab6761610000e5ebf4e08c9a3cea561e8f3332a5,2.0
BEASTIE BOYS,RAP ROCK,68,3174417,https://i.scdn.co/image/705bcd56dc5dbf9ebc578a3ba8094e6d622862c2,Outros
MIGUEL BOSE,LATIN POP,71,3171735,https://i.scdn.co/image/ab6761610000e5eb1214eed8a63451d06d78f51d,6.0
IMRAN KHAN,BHANGRA,62,3170888,https://i.scdn.co/image/ab6761610000e5eb851dc4756b6845a7a5454405,5.0
JESS GLYNNE,0,74,3169069,https://i.scdn.co/image/ab6761610000e5eb954fa7ee5108a613c3f27edc,3.0
CHINO & NACHO,MERENGUE,65,3162954,https://i.scdn.co/image/ab6761610000e5ebcd07df3b3284d11536a1b00b,7.0
WHAM!,CHRISTMAS,74,3161269,https://i.scdn.co/image/ab6761610000e5eb3c9ba61df445a09d5ab9abb5,Outros
DJADJA & DINAZ,FRENCH RAP,70,3160613,https://i.scdn.co/image/ab6761610000e5ebc925eaa2db464ee9d53e61dc,7.0
ALL TIME LOW,POP PUNK,71,3157622,https://i.scdn.co/image/ab6761610000e5eb8625dac822c90c5f8c605170,Outros
SOFIA REYES,LATIN POP,64,3154066,https://i.scdn.co/image/ab6761610000e5ebcdd4df065680ce0249820863,6.0
BABY KEEM,0,73,3153942,https://i.scdn.co/image/ab6761610000e5ebd6f2323c1971fd5a70cd0255,3.0
LAUREN DAIGLE,CHRISTIAN,69,3148333,https://i.scdn.co/image/ab6761610000e5eb9db9d200f3560f487a9c5020,Outros
THE ALL-AMERICAN REJECTS,POP PUNK,69,3147030,https://i.scdn.co/image/ab6761610000e5eb8a05b6b10635b63ebc45ae54,Outros
TAEYEON,K-POP,63,3145392,https://i.scdn.co/image/ab6761610000e5ebd3cee7772514a1bcef46a9b6,9.0
NO DOUBT,POP,69,3143303,https://i.scdn.co/image/ab6772690000c46c2bc169ddd09632b994baf3b1,6.0
M. M. KEERAVAANI,TELUGU POP,67,3135769,https://i.scdn.co/image/ab6761610000e5eb52d0a69e1840de19b3d651b6,7.0
NANDO REIS,MPB,65,3127808,https://i.scdn.co/image/ab6761610000e5ebb2cbcafdb861bc51a70cabaa,11.0
SKID ROW,GLAM METAL,63,3121509,https://i.scdn.co/image/ab6761610000e5eb59fe65d4b1e00e486f285167,Outros
NEERAJ SHRIDHAR,BOLLYWOOD,68,3115719,https://i.scdn.co/image/ab67616d0000b273aca38bbbc4bdaa23155b4802,7.0
X AMBASSADORS,0,70,3111742,https://i.scdn.co/image/ab6761610000e5eb6634ca0e7f75951bfcee22fa,3.0
STONE SOUR,POST-GRUNGE,64,3109066,https://i.scdn.co/image/ab6761610000e5ebf4c48660e778eeea3d9f1c5b,Outros
TOM PETTY AND THE HEARTBREAKERS,CLASSIC ROCK,68,3108205,https://i.scdn.co/image/ab6761610000e5eb90a674bb20646b2141b60d05,7.0
CARDENALES DE NUEVO LEON,NORTENO,74,3107397,https://i.scdn.co/image/ab6761610000e5eba14d1f48e2b4431a153d2659,2.0
MC KEVIN O CHRIS,BRAZILIAN FUNK,70,3106762,https://i.scdn.co/image/ab6761610000e5ebcf0a326a6f3327841b9d2549,12.0
BNXN,AFROBEATS,71,3106706,https://i.scdn.co/image/ab6761610000e5ebeaec567710335ec2f7073526,2.0
LOST FREQUENCIES,TROPICAL HOUSE,76,3105943,https://i.scdn.co/image/ab6761610000e5eb976d55989fb4a20e346d0936,Outros
PEDRO SAMPAIO,BRAZILIAN FUNK,74,3105417,https://i.scdn.co/image/ab6761610000e5eb52260524dbe7c9f78d74795b,12.0
CESAR MENOTTI & FABIANO,SERTANEJO,63,3105208,https://i.scdn.co/image/ab6761610000e5eb89bdf5fdaec9c7fdecad1d37,10.0
*NSYNC,POP,71,3104414,https://i.scdn.co/image/ab6761610000e5eb9414ef07d0ca697726912df1,6.0
C. TANGANA,0,73,3098920,https://i.scdn.co/image/ab6761610000e5ebdfb9d2cb6a43021d9002a10e,3.0
UNNIKRISHNAN,TAMIL POP,68,3096361,https://i.scdn.co/image/ab6761610000e5eb771de7f5edec1890a536478f,7.0
INXS,0,70,3092955,https://i.scdn.co/image/ab6761610000e5eb9bfd44c9bd2aae22edfd99bf,3.0
TINASHE,ALTERNATIVE R&B,77,3091928,https://i.scdn.co/image/ab6761610000e5eba669f860c74c9007934d2cb6,3.0
TWISTED SISTER,GLAM METAL,60,3086995,https://i.scdn.co/image/758604f17b98e5db650adeebf9cf8cb55feda0f0,Outros
GEORGE HARRISON,0,68,3086137,https://i.scdn.co/image/ab6761610000e5eb0d50c5a88d44de4a2dc60dc1,3.0
SRINIVAS,TAMIL POP,62,3082666,https://i.scdn.co/image/ab6761610000e5eb6f437d599142ef0c9da39018,5.0
NINE INCH NAILS,INDUSTRIAL ROCK,71,3082560,https://i.scdn.co/image/ab6761610000e5eb752fca27c5b839ea47d5100d,Outros
SWAE LEE,0,77,3062602,https://i.scdn.co/image/ab6761610000e5ebf1be22786da29b0a1284c0a5,3.0
DJONGA,BRAZILIAN HIP HOP,69,3062225,https://i.scdn.co/image/ab6761610000e5eb4bdf3ed4663e041ea4317185,9.0
SEKAI NO OWARI,J-POP,65,3061961,https://i.scdn.co/image/ab6761610000e5ebe819f4a2d148b4c10f359c86,Outros
PUSHA T,0,73,3059271,https://i.scdn.co/image/ab6761610000e5ebc5b88a3924d8318f25f20594,3.0
SHALLIPOPI,AFROBEATS,71,3057831,https://i.scdn.co/image/ab6761610000e5eb2018b4cd2292a3a190b8a785,2.0
PANTEON ROCOCO,SKA,66,3057383,https://i.scdn.co/image/ab6761610000e5ebeb4e662c21a7d0caf7ba15fc,7.0
FUN.,ROCK,68,3056070,https://i.scdn.co/image/37bc85c957e17d3463ae40da1c8ade6bb5ecd546,14.0
PAULINA RUBIO,LATIN POP,67,3053737,https://i.scdn.co/image/ab6761610000e5eb9321984db5a56253269add04,6.0
BUNBURY,ROCK EN ESPANOL,71,3053007,https://i.scdn.co/image/ab6761610000e5ebb166829861cc22a47886a402,2.0
ODUMODUBLVCK,AFROBEATS,73,3052313,https://i.scdn.co/image/ab6761610000e5ebc5220e1882a3fd5e34203b97,2.0
DELACRUZ,BRAZILIAN HIP HOP,69,3047968,https://i.scdn.co/image/ab6761610000e5eb338566f7da918ff85ac96776,9.0
BOYCE AVENUE,ACOUSTIC POP,67,3046224,https://i.scdn.co/image/ab6761610000e5eb227c30a483da30759b462071,Outros
CALLE 13,LATIN HIP HOP,68,3038253,https://i.scdn.co/image/edabfb79fbf3d71ad9d0961a7b199a1470fe5372,6.0
CAPITAL INICIAL,BRAZILIAN ROCK,64,3035736,https://i.scdn.co/image/ab6761610000e5ebc4d7ff8212967e607b22627b,9.0
TOBY KEITH,COUNTRY,71,3034475,https://i.scdn.co/image/ab6761610000e5eb1b6b9d83cfd806b328496207,2.0
BRANTLEY GILBERT,COUNTRY,64,3030655,https://i.scdn.co/image/ab6761610000e5eb28402571625bf9e42a443e20,7.0
PHOEBE BRIDGERS,0,77,3029135,https://i.scdn.co/image/ab6761610000e5eb626686e362d30246e816cc5b,3.0
LACRIM,FRENCH RAP,69,3021744,https://i.scdn.co/image/ab6761610000e5eba6e53271c7e42d81af4fea63,7.0
LUCK RA,CUARTETO,73,3020784,https://i.scdn.co/image/ab6761610000e5ebcd4b159bfb2f02962a110b6d,2.0
HEART,CLASSIC ROCK,69,3020078,https://i.scdn.co/image/ab6772690000c46c469d216a8920e0df099e4621,7.0
ALEX WARREN,0,85,3014555,https://i.scdn.co/image/ab6761610000e5ebe5547931c7f652c2ece8b76c,3.0
TONES AND I,0,71,3011679,https://i.scdn.co/image/ab6761610000e5eba2709df1d241734826f363e3,3.0
ZE RAMALHO,MPB,65,3011313,https://i.scdn.co/image/ab6761610000e5eb607a7b4dcd5555814031c84e,11.0
ANDY RIVERA,REGGAETON,65,3010019,https://i.scdn.co/image/ab6761610000e5ebd65057761272abf84fcc7711,Outros
DREAD MAR I,SPANISH-LANGUAGE REGGAE,71,3009745,https://i.scdn.co/image/ab6761610000e5eb8f95c6e5315e196a970c38cd,2.0
FRANZ FERDINAND,INDIE ROCK,69,3008474,https://i.scdn.co/image/ab6761610000e5eb69ecfa7557856564c968640d,Outros
KID ROCK,HIP HOP,66,3006571,https://i.scdn.co/image/ab6761610000e5eb2306846cafba63385008dc21,Outros
WALLOWS,INDIE,68,3006361,https://i.scdn.co/image/ab6761610000e5ebfde4e7d59f6d8868e2ffdaf5,Outros
CAKAL,TURKISH HIP HOP,65,3005854,https://i.scdn.co/image/ab6761610000e5ebc9731900394e3b71f8f83da7,7.0
KIDD KEO,TRAP,68,3003079,https://i.scdn.co/image/ab6761610000e5ebf9c6ecc851bd73b3c174442e,12.0
MC DAVO,MEXICAN HIP HOP,67,2998102,https://i.scdn.co/image/ab6761610000e5eb3b1db9e8983f892a0da89d3a,7.0
GUE,ITALIAN TRAP,73,2996520,https://i.scdn.co/image/ab6761610000e5eb6be36ea3def9b849bb5bd8c5,8.0
WILLOW,POP,69,2995607,https://i.scdn.co/image/ab6761610000e5eb0e6e067240dd48810379dc81,6.0
EL CUARTETO DE NOS,CUARTETO,69,2995258,https://i.scdn.co/image/ab6761610000e5eb58501dc3b756044243523145,7.0
DIO,HEAVY METAL,61,2992437,https://i.scdn.co/image/ab6761610000e5eb555c8199ba80168cfeafdfbc,0.0
DOLLY PARTON,COUNTRY,72,2986535,https://i.scdn.co/image/ab6761610000e5eb61aae76c2db6b8645f1553d0,2.0
LUKAS GRAHAM,DANSK POP,70,2984391,https://i.scdn.co/image/ab6761610000e5eb955b1ec67667a5d67ebba167,7.0
TOM PETTY,CLASSIC ROCK,69,2982633,https://i.scdn.co/image/ab6761610000e5eb70f0e4f1fe50b39e622f9ac0,7.0
HEROES DEL SILENCIO,ROCK EN ESPANOL,68,2974996,https://i.scdn.co/image/9ffe8fc45b8bad986946367201a3e547d9a6dc6a,7.0
RAYE,0,83,2972544,https://i.scdn.co/image/ab6761610000e5ebde2e2ac1d53fdf9518354798,3.0
STAIND,POST-GRUNGE,70,2971951,https://i.scdn.co/image/ab6761610000e5eba43eff361de1d811e2d17adb,Outros
KID INK,HIP HOP,68,2968884,https://i.scdn.co/image/ab6761610000e5ebf4904a817005f3b96f4e6e53,Outros
NIDJI,INDONESIAN POP,67,2967754,https://i.scdn.co/image/ab6761610000e5ebd63cba90d27bdf26effba4c7,7.0
SOMBR,0,86,2963700,https://i.scdn.co/image/ab6761610000e5eb78edaa6468cae153565c2c97,3.0
NORMANI,0,67,2961183,https://i.scdn.co/image/ab6761610000e5ebdc6e85ec0f93f5b2cf475487,3.0
PRIYA SARAIYA,GUJARATI POP,67,2955976,https://i.scdn.co/image/ab6761610000e5ebefde421035552000de823ad8,7.0
MARRACASH,ITALIAN TRAP,73,2946288,https://i.scdn.co/image/ab6761610000e5eb8aa0ff279be0623fce3e6c9d,8.0
RISE AGAINST,PUNK,70,2945896,https://i.scdn.co/image/ab6761610000e5eb071291b50cd2f68a7bfe1337,Outros
ADEKUNLE GOLD,AFROBEATS,66,2945212,https://i.scdn.co/image/ab6761610000e5eba04328b8180f0437435f0a78,7.0
ALTA CONSIGNA,SIERRENO,64,2942850,https://i.scdn.co/image/ab6761610000e5eb5c2f8825649841701bc078e6,7.0
A-HA,NEW WAVE,72,2940118,https://i.scdn.co/image/ab6761610000e5eb0168ba8148c07c2cdeb7d067,Outros
YUZYUZEYKEN KONUSURUZ,TURKISH POP,64,2933541,https://i.scdn.co/image/ab6761610000e5eb245d6eec4e995c39cc7c482d,7.0
SHIVA,ITALIAN TRAP,74,2931656,https://i.scdn.co/image/ab6761610000e5ebc490d7749fd59bf2c492928d,8.0
REO SPEEDWAGON,SOFT ROCK,65,2931170,https://i.scdn.co/image/ab6761610000e5ebfc5a03aa1823cfbe08b8b2ed,Outros
MILLONARIO,MEXICAN HIP HOP,70,2930353,https://i.scdn.co/image/ab6761610000e5eb989969e7d42e6cc6b670c5bd,7.0
RICH HOMIE QUAN,SOUTHERN HIP HOP,65,2927241,https://i.scdn.co/image/ab6761610000e5ebf4b802f5eb81d33fd2db292f,7.0
CALLE 24,CORRIDO,78,2926298,https://i.scdn.co/image/ab6761610000e5eb13ec8d2390f7335cbcefdf53,2.0
CHRIS YOUNG,COUNTRY,66,2925424,https://i.scdn.co/image/ab6761610000e5eb87ae707a446eef2c870771a5,7.0
PIXOTE,PAGODE,66,2925274,https://i.scdn.co/image/ab6761610000e5eba0b5dc1d9515ab7f88de2dd1,1.0
ALEX UBAGO,LATIN POP,66,2923061,https://i.scdn.co/image/ab6761610000e5eb771399a6f8fb2feed554daf7,6.0
BRUNO & BARRETTO,SERTANEJO,61,2919246,https://i.scdn.co/image/ab6761610000e5eb212046b386b54e2d7ad5b5d5,10.0
HUMBE,0,73,2916444,https://i.scdn.co/image/ab6761610000e5eb3cfb64685c503c45c35085ee,3.0
RAMONES,PUNK,65,2914980,https://i.scdn.co/image/ab6761610000e5eb5b9f46a5c5bf8243179d56b0,Outros
DIONELA,OPM,68,2912159,https://i.scdn.co/image/ab6761610000e5eb50069ac992d74c5610ecb9cc,7.0
NEKFEU,FRENCH RAP,67,2907885,https://i.scdn.co/image/ab6772690000c46c4a1e10c0f2d273fcebe4a077,7.0
MAVERICK CITY MUSIC,WORSHIP,71,2906713,https://i.scdn.co/image/ab6761610000e5eb2bd10607316ebcf6e7eb29b2,2.0
BRAD PAISLEY,COUNTRY,66,2904505,https://i.scdn.co/image/ab6761610000e5eb378509adb9eed426bd853d0f,7.0
IBRAHIM TATLISES,ARABESK,65,2898793,https://i.scdn.co/image/ab6761610000e5eb3c18a1aa50b5bbae720ed890,7.0
LEON LARREGUI,ROCK EN ESPANOL,69,2898369,https://i.scdn.co/image/ab6761610000e5eb46c34376a1022b86c7a89b70,7.0
BOB SEGER,CLASSIC ROCK,69,2897106,https://i.scdn.co/image/ab6761610000e5ebd98e2abb8fbebc2e2340f178,7.0
ROUPA NOVA,MPB,63,2892777,https://i.scdn.co/image/ab6761610000e5eb818e8d878ff7429b83c452b2,11.0
ROXETTE,SWEDISH POP,74,2892132,https://i.scdn.co/image/ab6761610000e5eb347ca7e9f41f3ff8e2b19034,2.0
TECH N9NE,HORRORCORE,67,2891926,https://i.scdn.co/image/ab6761610000e5eb8b1697a78fbe50647333a84f,7.0
HENRIQUE & DIEGO,SERTANEJO,62,2885300,https://i.scdn.co/image/ab6761610000e5eb4a499046e6a429ac8e4d1d9a,10.0
LITTLE BIG TOWN,COUNTRY,61,2884582,https://i.scdn.co/image/ab6761610000e5eb7d9f1dbb1ef225155fd64700,5.0
LAURA PAUSINI,LATIN POP,74,2884210,https://i.scdn.co/image/ab6761610000e5eb13bfc3576c7b50e25a1fbc66,6.0
MONICA,R&B,63,2883383,https://i.scdn.co/image/ab6761610000e5ebe511dad92fbc2626144a02a2,2.0
SLEEP TOKEN,PROGRESSIVE METAL,79,2881764,https://i.scdn.co/image/ab6761610000e5ebd00c2ff422829437e6b5f1e0,Outros
JAMES TAYLOR,FOLK ROCK,66,2878394,https://i.scdn.co/image/ab6761610000e5eb5921cb8f2ec7bf6b5e725bcc,Outros
LUAR LA L,TRAP LATINO,78,2875679,https://i.scdn.co/image/ab6761610000e5eb14b809b19d54425a41df3442,2.0
JOSE LUIS PERALES,TROVA,68,2873525,https://i.scdn.co/image/ab6772690000c46cfb86dc40523b481ac5a1eedb,Outros
DARYL HALL & JOHN OATES,YACHT ROCK,75,2873337,https://i.scdn.co/image/ab6761610000e5ebae81417d966e209b735b1160,Outros
GOOD CHARLOTTE,POP PUNK,65,2867765,https://i.scdn.co/image/ab6761610000e5ebc4d383def970a8566db1cd2a,Outros
TALKING HEADS,NEW WAVE,70,2867642,https://i.scdn.co/image/e4c5b04fce8706c87663357b1f78522a3a5c641b,Outros
DENZEL CURRY,0,70,2865274,https://i.scdn.co/image/ab6761610000e5eb8e265da892579da2139b659f,3.0
THE DOOBIE BROTHERS,YACHT ROCK,69,2865129,https://i.scdn.co/image/ab6761610000e5eb28f5622994674caec36fd95c,Outros
WAKA FLOCKA FLAME,0,70,2862564,https://i.scdn.co/image/ab6761610000e5eb69b472acd219444e3defa60e,3.0
B.B. KING,BLUES,61,2859619,https://i.scdn.co/image/ffb3ff26238fe635a230bb0feb59dd0a5b209b6f,Outros
QUANDO RONDO,MELODIC RAP,61,2859377,https://i.scdn.co/image/ab6761610000e5eb22430c4f1ae751e740e201c9,Outros
THE PRODIGY,BIG BEAT,66,2854171,https://i.scdn.co/image/ab6761610000e5eb147841812056c247407811f3,7.0
LOS INVASORES DE NUEVO LEON,NORTENO,72,2852983,https://i.scdn.co/image/ab6761610000e5ebc92ddcf061e57915fbef7e07,2.0
DEADMAU5,EDM,67,2850095,https://i.scdn.co/image/ab6761610000e5eb89ffabe57a25cedeca3309e7,Outros
MACKLEMORE,0,75,2849268,https://i.scdn.co/image/ab6761610000e5eb488b3b242f97163a7f8e17b9,3.0
CORNELIO VEGA Y SU DINASTIA,BANDA,64,2849207,https://i.scdn.co/image/ab6761610000e5eb9951bb304f7358f061a49993,7.0
CHRIS JEDI,TRAP LATINO,66,2848918,https://i.scdn.co/image/ab6761610000e5eb8ea72bf4aa151fa99bf23862,7.0
BUDI DOREMI,INDONESIAN POP,66,2845170,https://i.scdn.co/image/ab6761610000e5ebac04f271f5b2f8fb1f1d5ee7,7.0
GIRLS' GENERATION,K-POP,63,2844069,https://i.scdn.co/image/ab6761610000e5eb385df356841aaec34a0914aa,9.0
BAEKHYUN,K-POP,63,2841768,https://i.scdn.co/image/ab6761610000e5eb7d4e246f8c54be347e06bffe,9.0
LP,0,66,2838338,https://i.scdn.co/image/ab6761610000e5ebb97dbdfac09764e2516cee65,3.0
THE ROSE,K-ROCK,62,2829076,https://i.scdn.co/image/ab6761610000e5ebd434a8b25f5a50277b05a402,Outros
BEACH HOUSE,DREAM POP,73,2828850,https://i.scdn.co/image/ab6761610000e5ebb3e38a46a56a423d8f741c09,Outros
KOOL & THE GANG,DISCO,68,2827404,https://i.scdn.co/image/ab6761610000e5eb69287c3f1b150bbead642499,Outros
THE KINKS,PROTO-PUNK,64,2825694,https://i.scdn.co/image/ab6761610000e5eb81f4e878e8b959fa68f15322,Outros
MARCA MP,CORRIDO,66,2825202,https://i.scdn.co/image/ab6761610000e5ebe43b921690d9cdc83df02875,7.0
DIPLO,MOOMBAHTON,79,2824817,https://i.scdn.co/image/ab6761610000e5ebdf01727aa674ddefa777797a,2.0
ANDRES CALAMARO,ARGENTINE ROCK,70,2823306,https://i.scdn.co/image/ab6761610000e5eb46de1ff7aab6d657f7776229,3.0
GINUWINE,R&B,66,2821477,https://i.scdn.co/image/c8bc9979554744c06b3c62b7e94b82cd9303ec81,2.0
ARASHI,J-POP,66,2815411,https://i.scdn.co/image/ab6761610000e5ebd95960a63ea1df7f97fcab29,Outros
BINOMIO DE ORO DE AMERICA,VALLENATO,70,2809202,https://i.scdn.co/image/ab6761610000e5eb813e7b32f71bf7229db29e1b,7.0
EL BEBETO,BANDA,64,2801483,https://i.scdn.co/image/ab6761610000e5eb343d5426a81b6c056a9ac085,7.0
LLOYD,R&B,71,2795637,https://i.scdn.co/image/ab6761610000e5eb5de0901c4bcb8d0352b71c3f,2.0
CRO,GERMAN HIP HOP,68,2794392,https://i.scdn.co/image/ab6761610000e5eb8431fb1f7c89e2511c2a790e,9.0
BBNO$,0,78,2793641,https://i.scdn.co/image/ab6761610000e5ebe7c585e9ecd65c76b7bf91ac,3.0
JOY DIVISION,POST-PUNK,63,2791902,https://i.scdn.co/image/5eeddd733170399db794d2c430a8d2cde7ae1425,Outros
ANGELE,FRENCH POP,64,2790171,https://i.scdn.co/image/ab6761610000e5eb2aefdc0f42eef75a60b341dd,Outros
DAVID KUSHNER,0,72,2787849,https://i.scdn.co/image/ab6761610000e5ebfbe8fcc1f77b0eb6761491ed,3.0
DARIUS RUCKER,COUNTRY,67,2784526,https://i.scdn.co/image/ab6761610000e5eb17f1bb8128fc6e637e4240d7,7.0
NEFFEX,0,69,2782819,https://i.scdn.co/image/ab6761610000e5eb83a6dd3444d8a133e48486a0,3.0
SIMPLY RED,ROCK,71,2781182,https://i.scdn.co/image/ab6761610000e5ebdf126340c69932e9c9ff27de,14.0
THALLES ROBERTO,GOSPEL,66,2780984,https://i.scdn.co/image/ab6761610000e5ebf1fe4f183482972da7d5e757,7.0
WERENOI,FRENCH RAP,78,2778314,https://i.scdn.co/image/ab6761610000e5eb6296c04d12f719f7ea4fe566,2.0
JAMIROQUAI,ACID JAZZ,71,2773592,https://i.scdn.co/image/ab6761610000e5eb7e6dca959714339b69e9718d,2.0
GRETA VAN FLEET,ROCK,64,2769175,https://i.scdn.co/image/ab6761610000e5eb301eb2b9d83cf86efa024ccb,14.0
NASTY C,AFROPOP,62,2768354,https://i.scdn.co/image/ab6761610000e5eb395b69e5f0be583b99318b21,5.0
BILLY CURRINGTON,COUNTRY,66,2766237,https://i.scdn.co/image/ab6761610000e5eb7147f4661aa595fc95729fc4,7.0
SCH,FRENCH RAP,72,2764288,https://i.scdn.co/image/ab6761610000e5eb4ed985f33e971801dae4e24d,2.0
FABOLOUS,0,66,2763206,https://i.scdn.co/image/ab6761610000e5ebece5603bef9fa046ef9a178c,3.0
EYEDRESS,0,70,2759533,https://i.scdn.co/image/ab6761610000e5ebb1693f731eacb1e3f294a120,3.0
THE VERVE,BRITPOP,70,2758801,https://i.scdn.co/image/ab6772690000c46c2fb11ff7658def8d8a52957c,Outros
WILLIE COLON,SALSA,71,2757963,https://i.scdn.co/image/ab6761610000e5eb4934a2c42935c770bb3ee1af,2.0
BABYMETAL,J-ROCK,69,2756469,https://i.scdn.co/image/ab6761610000e5eb8bf2dcb4312416001228a30d,Outros
HOOBASTANK,NU METAL,67,2756328,https://i.scdn.co/image/ab6761610000e5ebb6f14120a7c97c531c2ebdcc,4.0
MISSY ELLIOTT,HIP HOP,70,2755601,https://i.scdn.co/image/ab6761610000e5ebf6691f40d906f097e9fbaa4c,Outros
VOLBEAT,ROCK,70,2754486,https://i.scdn.co/image/ab6761610000e5ebed061555d0d15cf7b1e66731,14.0
AUGUST ALSINA,R&B,63,2753295,https://i.scdn.co/image/ab6761610000e5eb45ffc8f55fc50b8888e97f98,2.0
AIMER,ANIME,66,2751178,https://i.scdn.co/image/ab6761610000e5ebecb2f33d56d05407f877aa81,Outros
CHITAOZINHO & XORORO,SERTANEJO TRADICIONAL,68,2749524,https://i.scdn.co/image/ab6761610000e5ebd5fcda04e60405d7e5ca3fb1,13.0
LAZZA,ITALIAN TRAP,72,2748177,https://i.scdn.co/image/ab6761610000e5eba6fa9c526ac155d3dc888c25,8.0
MILES DAVIS,JAZZ,64,2744786,https://i.scdn.co/image/423e826b3c1b23930a255d7cbc2daf733f795507,7.0
YURI,VILLANCICOS,66,2739877,https://i.scdn.co/image/ab6761610000e5eb08d697859c0b6ad074734d04,7.0
TRACE ADKINS,COUNTRY,61,2737600,https://i.scdn.co/image/ab6761610000e5eb075290d0f64dbdd4efae7f41,5.0
ELLA FITZGERALD,VOCAL JAZZ,71,2737380,https://i.scdn.co/image/3c1d23141059785c8a863137d176319329dc17ef,Outros
EDGARDO NUNEZ,CORRIDO,73,2736704,https://i.scdn.co/image/ab6761610000e5eb1be54e53cc184bef7141d9ae,2.0
VINEETH SREENIVASAN,MALAYALAM POP,62,2736024,https://i.scdn.co/image/ab6761610000e5eb07129f934e1c9fcdff613596,5.0
G-UNIT,GANGSTER RAP,62,2733916,https://i.scdn.co/image/a668bc3f083377ca8889e9f8273c752e0342c4e0,Outros
WARREN G,G-FUNK,63,2733240,https://i.scdn.co/image/ab6761610000e5eb5c9383166226bbe48213b064,5.0
MICRO TDH,0,69,2730704,https://i.scdn.co/image/ab6761610000e5eb1fdef8de89f12d5f608f8389,3.0
RVSSIAN,TRAP LATINO,72,2730282,https://i.scdn.co/image/ab6761610000e5eba1e4324a1f517708d1fd3f98,2.0
ANTONIO VIVALDI,CLASSICAL,71,2729088,https://i.scdn.co/image/9785700bae86f991f78183076861c7342a4bcf90,Outros
JOSH TURNER,COUNTRY,65,2721674,https://i.scdn.co/image/ab6761610000e5eb94a3a9f82647f8bb112d9e01,7.0
HIVI!,INDONESIAN POP,66,2718368,https://i.scdn.co/image/ab6761610000e5ebdaecd6df4e946467b5461e5d,7.0
COCKTAIL,THAI ROCK,63,2717949,https://i.scdn.co/image/ab6761610000e5ebd7706f75460a24f8fd1132df,Outros
REDIMI2,CHRISTIAN,65,2715891,https://i.scdn.co/image/ab6761610000e5eb6204a50a0d91339e22d8540f,Outros
ANDERSON .PAAK,0,76,2710889,https://i.scdn.co/image/ab6761610000e5eb96287bd47570ff13f0c01496,3.0
TIAGO IORC,MPB,62,2702811,https://i.scdn.co/image/ab6761610000e5ebca0cbfa7da640a6c43ea74e7,11.0
MANOJ MUNTASHIR,BHAJAN,76,2701841,https://i.scdn.co/image/ab6761610000e5ebe47745d8954f918f2a41c315,2.0
SALIM-SULAIMAN,BOLLYWOOD,69,2700879,https://i.scdn.co/image/ab6761610000e5eb13a6f2195deea1f736d046e4,7.0
HERENCIA DE PATRONES,CORRIDOS TUMBADOS,65,2698796,https://i.scdn.co/image/ab6761610000e5ebbea8e9474e49de0378a8d705,7.0
MATCHBOX TWENTY,POST-GRUNGE,68,2697404,https://i.scdn.co/image/ab6761610000e5eb2600695faee2deeb736755f0,Outros
MARISA MONTE,MPB,68,2692452,https://i.scdn.co/image/ab6761610000e5ebdf680c991c829899faf1283c,11.0
EDDIE SANTIAGO,SALSA,69,2688026,https://i.scdn.co/image/ab6761610000e5eba2261fdb231185a4f11e00f6,7.0
CASPER MAGICO,TRAP LATINO,69,2687416,https://i.scdn.co/image/ab6761610000e5ebb71a6be8ee81192c3f5885aa,7.0
VU.,V-POP,64,2687371,https://i.scdn.co/image/ab6761610000e5eb2d7150aa7e90e9a85610ab3d,Outros
MASSIVE ATTACK,TRIP HOP,70,2685718,https://i.scdn.co/image/c8bbeedb05f38ae5cb982a7daf4bf7129cca892c,Outros
MACKLEMORE & RYAN LEWIS,HIP HOP,70,2684843,https://i.scdn.co/image/ab6761610000e5eb3c2f1ba4c1a3de141e63d775,Outros
HATSUNE MIKU,VOCALOID,69,2669537,https://i.scdn.co/image/ab6761610000e5ebba025c8f62612b2ca6bfa375,7.0
MUMUZINHO,PAGODE,66,2668551,https://i.scdn.co/image/ab6761610000e5ebee3999a54419f816a541dbfa,1.0
BIG TIME RUSH,POP,66,2667856,https://i.scdn.co/image/ab6761610000e5eb985f57a67a3aa6a11112677c,6.0
RAUL SEIXAS,BRAZILIAN ROCK,65,2665439,https://i.scdn.co/image/ab6761610000e5eb9f0c70d55c26e9773d00b7b1,9.0
NEELKAMAL SINGH,BHOJPURI POP,68,2663907,https://i.scdn.co/image/ab6761610000e5ebf659e690afaf665d7752edf9,7.0
SIDO,GERMAN HIP HOP,70,2663429,https://i.scdn.co/image/ab6761610000e5ebacad48182c5778b5a0ec77ed,9.0
BABY GANG,ITALIAN TRAP,72,2663295,https://i.scdn.co/image/ab6761610000e5ebd6b991e24b3ea8703cc8c1af,8.0
LOS ACOSTA,GRUPERA,69,2663224,https://i.scdn.co/image/ab6761610000e5eb2635de24251869fff06148ef,7.0
THE ANIMALS,CLASSIC ROCK,67,2657645,https://i.scdn.co/image/ab6761610000e5eb3ce1e2a99cffc7c662938b01,7.0
THE KOOKS,INDIE,68,2657421,https://i.scdn.co/image/ab6761610000e5ebdb445115fc89f2ede86dab8a,Outros
RACA NEGRA,PAGODE,67,2654115,https://i.scdn.co/image/ab6761610000e5ebd4002ad0583610a94ecdaec9,1.0
ENGENHEIROS DO HAWAII,BRAZILIAN ROCK,66,2652937,https://i.scdn.co/image/ab6761610000e5ebb2c3fe2657126650f27ccae6,9.0
SAWEETIE,0,66,2652621,https://i.scdn.co/image/ab6761610000e5eb0214fabf2d511f3a395f2cde,3.0
NO TE VA GUSTAR,ARGENTINE ROCK,68,2652286,https://i.scdn.co/image/ab6761610000e5eb6dbac98019544cd6c3f9235a,3.0
CREAM,CLASSIC ROCK,61,2648608,https://i.scdn.co/image/aab6a0a0e9ca2ab17460b0451e59ba507cc5802a,5.0
UB40,REGGAE,69,2644951,https://i.scdn.co/image/ab6761610000e5eb0169dd58a7b6e2a14f7b1726,0.0
RAY CHARLES,JAZZ BLUES,69,2643498,https://i.scdn.co/image/ab6761610000e5eb6fc460f10177fa38af69b8bf,7.0
ORANGE & LEMONS,OPM,63,2643235,https://i.scdn.co/image/ab6761610000e5ebe7a834bcb2fb66c3b4e35b9d,5.0
EVE,ANIME,66,2637700,https://i.scdn.co/image/ab6761610000e5eb34e02722260252b18292a3a9,Outros
GRIMES,ART POP,69,2636875,https://i.scdn.co/image/ab6761610000e5eb3da21f5c5e6956dd544c0d25,6.0
ASHNIKKO,0,72,2625209,https://i.scdn.co/image/ab6761610000e5eb106956a77e6a4fc74598c6a8,3.0
STEVIE RAY VAUGHAN,BLUES,61,2622458,https://i.scdn.co/image/1de60c936683320769a1bfb6fba7f75902859085,Outros
M83,0,71,2621509,https://i.scdn.co/image/ab6761610000e5eb961ef259d6d8101edd2f80c0,3.0
BOOSIE BADAZZ,SOUTHERN HIP HOP,65,2620356,https://i.scdn.co/image/ab6761610000e5eb1e73ff447dcfad678d9742d9,7.0
C.R.O,ARGENTINE TRAP,71,2617713,https://i.scdn.co/image/ab6761610000e5eb481996acd89ff921626ee7dc,2.0
CAETANO VELOSO,MPB,68,2615140,https://i.scdn.co/image/ab6761610000e5ebcffb538293045411d2b51b8a,11.0
ENYA,NEW AGE,74,2614050,https://i.scdn.co/image/ab6761610000e5eb9ce996547e0b307c94f662e6,Outros
PESADO,NORTENO,69,2613349,https://i.scdn.co/image/ab6761610000e5eb3736c817137ff0f0b072d468,7.0
EL CHAPO DE SINALOA,BANDA,63,2612703,https://i.scdn.co/image/ab6761610000e5eb76e540b7833f408db278ba4b,5.0
WALI,MALAY,64,2612034,https://i.scdn.co/image/ab6761610000e5eb5dc0837e2a7861ece18391be,7.0
R3HAB,SLAP HOUSE,71,2612025,https://i.scdn.co/image/ab6761610000e5eb16410f416adb3f56e67f6852,2.0
JOE COCKER,0,64,2611011,https://i.scdn.co/image/ab6761610000e5eb97996e2b05450ffbeafe15da,3.0
OS PARALAMAS DO SUCESSO,BRAZILIAN ROCK,65,2606012,https://i.scdn.co/image/ab6761610000e5ebc379b4361bcfb87f5bd72808,9.0
VICTOR MENDIVIL,ELECTRO CORRIDOS,85,2605452,https://i.scdn.co/image/ab6761610000e5eba7320e387a6032ed6ef726ff,2.0
RAI SAIA RODADA,FORRO,62,2598818,https://i.scdn.co/image/ab6761610000e5eba6f333a3dc620c0c752b8acc,8.0
ALEX ZURDO,CHRISTIAN,68,2598311,https://i.scdn.co/image/ab6761610000e5eb2c81bb40c3b6962eacf9dc9c,Outros
ISABEL LAROSA,0,72,2597783,https://i.scdn.co/image/ab6761610000e5eb599d3d1bf51e7e91844323d5,3.0
MARISELA,0,69,2597271,https://i.scdn.co/image/ab6761610000e5eb5d3af640fd41b2882a833e50,3.0
GLORILLA,0,77,2596072,https://i.scdn.co/image/ab6761610000e5ebc33cf3ad025517202d8efbc0,3.0
ANURAG KULKARNI,TOLLYWOOD,66,2592964,https://i.scdn.co/image/ab6761610000e5eb9f6590e0cef7d0ac838966b0,7.0
KHESARI LAL YADAV,BHOJPURI POP,70,2591713,https://i.scdn.co/image/ab6761610000e5eb034aea83b2e079e11db4eb53,7.0
OLIVER TREE,0,68,2591540,https://i.scdn.co/image/ab6761610000e5eb4b245e1bf79a109b7a1876d2,3.0
YFN LUCCI,0,64,2590360,https://i.scdn.co/image/ab6761610000e5eb65d29c08f5a954756534fd91,3.0
MICHAEL BOLTON,SOFT ROCK,65,2586685,https://i.scdn.co/image/ab6761610000e5eb621cbb757dcbf609042f98d8,Outros
WILLIE NELSON,OUTLAW COUNTRY,70,2584099,https://i.scdn.co/image/ab6772690000c46c82a531f8f5067e13517f5b15,7.0
ASHE,0,69,2583989,https://i.scdn.co/image/ab6761610000e5eb91054f6fce16973e80f0ed2a,3.0
ORELSAN,FRENCH RAP,73,2583853,https://i.scdn.co/image/ab6761610000e5eb526b24da7730a40ec6dba3b9,2.0
JOHN DENVER,FOLK,68,2583639,https://i.scdn.co/image/ab6761610000e5eb748322a35cb459c837d5ac9e,7.0
CASSIA ELLER,MPB,63,2582722,https://i.scdn.co/image/ab6761610000e5eb173e5ef74a4a36decb5dc213,11.0
JEEZY,SOUTHERN HIP HOP,72,2582678,https://i.scdn.co/image/ab6761610000e5eb075a4c9d6da66addd8247c12,2.0
ELEFANTE,ROCK EN ESPANOL,69,2581512,https://i.scdn.co/image/ab6761610000e5eba40f5812b577a0528b459e70,7.0
MAELO RUIZ,SALSA,67,2579838,https://i.scdn.co/image/ab6761610000e5eb283a54e358ed6dca7183a973,7.0
PITTY,BRAZILIAN ROCK,63,2575960,https://i.scdn.co/image/ab6761610000e5eb1183488d72f571f4b079c5d5,9.0
YOVIE & NUNO,INDONESIAN POP,69,2575755,https://i.scdn.co/image/ab6761610000e5ebbdb006ea21e76b936c98abb4,7.0
BELINDA,LATIN POP,74,2575543,https://i.scdn.co/image/ab6761610000e5ebf7d2089c22a0c253fffa1574,6.0
COLE SWINDELL,COUNTRY,64,2573314,https://i.scdn.co/image/ab6761610000e5ebaafa9cea3900bfae3dae1a4a,7.0
INDILA,FRENCH POP,71,2572915,https://i.scdn.co/image/ab6761610000e5eb6cd07d169e7e2ec94193a1d2,Outros
SLEEPING WITH SIRENS,EMO,65,2571232,https://i.scdn.co/image/ab6761610000e5eb7fbe33148fe1ae267ddb2956,Outros
RUSH,PROGRESSIVE ROCK,66,2566255,https://i.scdn.co/image/ab6761610000e5eb896c4b043fb3063178afd716,Outros
SALMO,ITALIAN TRAP,68,2563573,https://i.scdn.co/image/ab6761610000e5ebb7ee3fb6650d358fa6a95f98,8.0
SLEEPY HALLOW,BROOKLYN DRILL,71,2557978,https://i.scdn.co/image/ab6761610000e5eb85563828c7493e4edf175379,2.0
PAUL SIMON,SINGER-SONGWRITER,67,2557475,https://i.scdn.co/image/ab6761610000e5ebddc148cfa465c2065846c636,7.0
DUSTIN LYNCH,COUNTRY,64,2557169,https://i.scdn.co/image/ab6761610000e5ebf5dc4dcf9e971b375d80dd3c,7.0
BELLA SHMURDA,AFRO ADURA,68,2555792,https://i.scdn.co/image/ab6761610000e5eb26d2a252e8a5472f1cde4f55,7.0
NAT KING COLE,CHRISTMAS,74,2552776,https://i.scdn.co/image/ab6761610000e5eba30a36657c64cfaf49df85c3,Outros
TWO DOOR CINEMA CLUB,INDIE,67,2551046,https://i.scdn.co/image/ab6761610000e5eb86faeb97a905a571b2c361a0,Outros
COLBIE CAILLAT,POP,67,2550080,https://i.scdn.co/image/ab6761610000e5eb23f14547bfc255c739f61a35,6.0
OTIS REDDING,SOUL,69,2548919,https://i.scdn.co/image/4ad89c805aff0fb76b01b6b62b39e21fcd8943c3,7.0
HIEUTHUHAI,V-POP,64,2548690,https://i.scdn.co/image/ab6761610000e5eb21942907035a43a2d118c55c,Outros
MURILO HUFF,SERTANEJO,76,2545762,https://i.scdn.co/image/ab6761610000e5ebf6ed128e9471e17bdf6f32b8,10.0
TITAS,BRAZILIAN ROCK,63,2545674,https://i.scdn.co/image/ab6761610000e5eb879299d75c2461aea6d2b998,9.0
KATE BUSH,ART POP,71,2542302,https://i.scdn.co/image/ab6761610000e5eb187017724e58e78ee1f5a8e4,6.0
YASSER DESAI,BOLLYWOOD,64,2541185,https://i.scdn.co/image/ab6761610000e5eb5343c5fef9594940ce71e096,7.0
AXWELL /\ INGROSSO,EDM,64,2537839,https://i.scdn.co/image/ab6761610000e5eb9f6e5d736809c4cb40d59a7e,Outros
STEELY DAN,YACHT ROCK,69,2536983,https://i.scdn.co/image/9d01e4e9aac39b891d684d3d1a5b3a451d7c72bd,Outros
PEDRO INFANTE,RANCHERA,64,2536781,https://i.scdn.co/image/ab6761610000e5eb3783f1a7b601a7421915ebce,7.0
KONTRA K,GERMAN HIP HOP,72,2535813,https://i.scdn.co/image/ab6761610000e5eb81faab2a81545f832f6206e1,9.0
EROS RAMAZZOTTI,ITALO DANCE,71,2533100,https://i.scdn.co/image/ab6761610000e5eb28b456b05c5c79c55087fea5,2.0
GREEEEN,J-POP,61,2531561,https://i.scdn.co/image/ab6761610000e5eb2e1a2e83a7e8e20111271187,Outros
IVY QUEEN,REGGAETON,63,2530922,https://i.scdn.co/image/ab6761610000e5eb0ecc5829ffc523d1a1e32b09,Outros
BABY RASTA,REGGAETON,71,2529988,https://i.scdn.co/image/ab6761610000e5eb18f9c5cb23e65bd55af69f24,Outros
JORDIN SPARKS,R&B,64,2526528,https://i.scdn.co/image/ab6761610000e5eb19436426207ba83da96e5c1e,2.0
A DAY TO REMEMBER,METALCORE,69,2525628,https://i.scdn.co/image/ab6761610000e5eb6164f861e5e683c9067f4395,0.0
PATY CANTU,LATIN POP,62,2524135,https://i.scdn.co/image/ab6761610000e5ebb384b5e2a14e8a5d5be53bbb,6.0
YEISON JIMENEZ,POPULAR COLOMBIAN MUSIC,64,2518536,https://i.scdn.co/image/ab6761610000e5eb624060d309afaa60964fc1b6,7.0
FLUME,FUTURE BASS,69,2511374,https://i.scdn.co/image/ab6761610000e5ebd6ec6e1162ee709ad829cf82,7.0
OWL CITY,SYNTHPOP,67,2507672,https://i.scdn.co/image/ab6761610000e5ebce3fbd73ae4f8b3ff54a0a5c,Outros
SHAGGY,REGGAE,74,2505903,https://i.scdn.co/image/ab6761610000e5eb356dc7e9ba8792cb86a0c50c,0.0
G HERBO,CHICAGO DRILL,72,2504880,https://i.scdn.co/image/ab6761610000e5eb86082826eb3354f80fb012e9,2.0
HOLLYWOOD UNDEAD,RAP ROCK,67,2504822,https://i.scdn.co/image/ab6761610000e5eb4159f85a5a40c655380821da,Outros
MOLOTOV,ROCK EN ESPANOL,67,2502802,https://i.scdn.co/image/ab6761610000e5ebdd75f12d84502dc5001eabe3,7.0
LUCIANO,GERMAN HIP HOP,74,2492473,https://i.scdn.co/image/ab6761610000e5ebf55733229a6dd1c8c7b46d08,9.0
BILLY IDOL,ROCK,72,2491597,https://i.scdn.co/image/ab6761610000e5eb69408d3a9d82c2307dd8699d,14.0
R. KELLY,R&B,68,2490331,https://i.scdn.co/image/b81390065f0c65c26270a4ca1d2ceae3e30efed6,2.0
SKUSTA CLEE,PINOY HIP HOP,69,2488692,https://i.scdn.co/image/ab6761610000e5ebe3bed8cfdbf475c7c7396729,Outros
KISS OF LIFE,K-POP,66,2488657,https://i.scdn.co/image/ab6761610000e5eb5227c0582a86838a0942d9f3,9.0
LEE BRICE,COUNTRY,66,2487914,https://i.scdn.co/image/ab6761610000e5eb412d3877cd038a2d2111b766,7.0
BJORK,ART POP,75,2487844,https://i.scdn.co/image/ab6761610000e5eb8885fa2ceadc7658d65e1121,6.0
NEW ORDER,NEW WAVE,67,2482784,https://i.scdn.co/image/ab6761610000e5eba080a8e96758f416301578f9,Outros
MC PAULIN DA CAPITAL,FUNK CONSCIENTE,67,2481989,https://i.scdn.co/image/ab6761610000e5eb05a1e14a9ddf7fdbad576743,7.0
SAM HUNT,COUNTRY,66,2480983,https://i.scdn.co/image/ab6761610000e5eb800647d0d619aa4bbfc10a53,7.0
JOTA QUEST,BRAZILIAN ROCK,63,2478829,https://i.scdn.co/image/ab6761610000e5eb1db48d3d5e4615d34a5f683c,9.0
VIERRA,INDONESIAN POP,69,2477232,https://i.scdn.co/image/ab6761610000e5ebce05aec92bc5b3e81205ff73,7.0
LOS AUTENTICOS DECADENTES,ARGENTINE ROCK,68,2475642,https://i.scdn.co/image/ab6761610000e5eb5224159957a58b27db7947e2,3.0
DROWNING POOL,NU METAL,64,2471523,https://i.scdn.co/image/ab6761610000e5eb4501ba57fdddf77368c589ff,4.0
ELE A EL DOMINIO,TRAP LATINO,69,2468864,https://i.scdn.co/image/ab6761610000e5ebc55698e6c90f7901eb0ce249,7.0
PLK,FRENCH RAP,73,2460964,https://i.scdn.co/image/ab6761610000e5eb7807ff8b003a33822c40d28c,2.0
LOS CAMINANTES,GRUPERA,68,2456348,https://i.scdn.co/image/7aa2d60ae801f2a8f9a3c502e479f3907a53bc6c,7.0
JOJO,POP,62,2454366,https://i.scdn.co/image/ab6761610000e5eb7f5338888bacde64445c90e8,6.0
YERI MUA,REGGAETON MEXA,67,2454160,https://i.scdn.co/image/ab6761610000e5ebf65aa06fe0cd0906c404aaab,Outros
MC TUTO,BRAZILIAN FUNK,76,2452221,https://i.scdn.co/image/ab6761610000e5eb23079308d04f2ceb86177503,12.0
SABATON,POWER METAL,72,2451004,https://i.scdn.co/image/ab6761610000e5ebfc0524cca1171fac8678f4bf,Outros
JERRY RIVERA,SALSA,66,2448618,https://i.scdn.co/image/ab6761610000e5ebae2b016a70db58d952836f7c,7.0
LEO SANTANA,PAGODE BAIANO,69,2447441,https://i.scdn.co/image/ab6761610000e5eb5e453a3fdf252998bc0715ed,Outros
THE WANTED,ALTERNATIVE ROCK,62,2444446,https://i.scdn.co/image/ab6761610000e5ebd34d138ebcda9fca6716e70c,3.0
SEBNEM FERAH,ANATOLIAN ROCK,68,2444305,https://i.scdn.co/image/ab6761610000e5ebe3c728daf2ff8af8a518239b,9.0
HECTOR LAVOE,SALSA,66,2442097,https://i.scdn.co/image/ab6761610000e5eb19eb17f74f8216e408511ea3,7.0
CAZUZA,MPB,63,2439336,https://i.scdn.co/image/ab6761610000e5ebabc390d0dfc8c9d31f413518,11.0
NIGHTWISH,SYMPHONIC METAL,65,2434977,https://i.scdn.co/image/ab6761610000e5ebf3284e60d4e43c9a7b52c08d,Outros
BONNIE TYLER,ROCK,69,2432523,https://i.scdn.co/image/ab6761610000e5eb4ca4431cf4b1227eba8288d8,14.0
LINDSEY STIRLING,CLASSICAL,65,2431754,https://i.scdn.co/image/ab6761610000e5eb36c6fa1b8ff851988de641f8,Outros
ASKING ALEXANDRIA,METALCORE,63,2430959,https://i.scdn.co/image/ab6761610000e5ebd07f0b3d8b5c9576f15f1fb1,0.0
SOULJA BOY,HIP HOP,69,2430362,https://i.scdn.co/image/ab6761610000e5eb8a20d3aa1b91cc7bd14bd6b9,Outros
DJ ARANA,BRAZILIAN FUNK,64,2429123,https://i.scdn.co/image/ab6761610000e5eb24c28a3c4203b9854046e31e,12.0
MOBB DEEP,EAST COAST HIP HOP,70,2428585,https://i.scdn.co/image/ab6761610000e5ebf85a8db4c66d84f796d2afe5,Outros
TALWIINDER,PUNJABI HIP HOP,78,2425876,https://i.scdn.co/image/ab6761610000e5eb3966ca5f9b36d4a5d3d7f6b1,2.0
KINO,POST-PUNK,63,2425668,https://i.scdn.co/image/ab6761610000e5eb0f9e913afb90d4b58b6e8ebb,Outros
JOYNER LUCAS,0,68,2420181,https://i.scdn.co/image/ab6761610000e5ebf94c47d61b62caf79c57b091,3.0
YALIN,TURKISH POP,70,2419634,https://i.scdn.co/image/ab6761610000e5eb9d8eb4f535f3d08c9f95e22e,7.0
MATA,0,73,2417478,https://i.scdn.co/image/ab6761610000e5ebcf458eb229c6b54b60e64696,3.0
SAJA BOYS,K-POP,80,2415959,https://i.scdn.co/image/ab6761610000e5eb3ea0cd016115b811fdcba1b1,9.0
BONEZ MC,GERMAN HIP HOP,73,2415474,https://i.scdn.co/image/ab6761610000e5eb8689ec0dec0267c9928a592e,9.0
KEY GLOCK,0,74,2414741,https://i.scdn.co/image/ab6761610000e5eb491b2242456d456e76cd0c58,3.0
RICKY MONTGOMERY,0,69,2414740,https://i.scdn.co/image/ab6761610000e5eb1e0b0e47c89504891b7eb484,3.0
YOUNG JONN,AFROBEATS,68,2413538,https://i.scdn.co/image/ab6761610000e5ebc472fd2d96640f82f44493c2,7.0
LOS HURACANES DEL NORTE,NORTENO,66,2413522,https://i.scdn.co/image/ab6761610000e5eb63cfd3f7fb33b680917bc28c,7.0
A TRIBE CALLED QUEST,JAZZ RAP,66,2412191,https://i.scdn.co/image/ab6761610000e5eb774d73ae6796b6f437d89db9,Outros
ESTOPA,FLAMENCO,68,2408006,https://i.scdn.co/image/ab6761610000e5eb15247d6654967a914603547a,7.0
MIRANDA!,LATIN POP,75,2402901,https://i.scdn.co/image/ab6761610000e5ebdd199f4ee438b4a8fd85ba97,6.0
FITO Y FITIPALDIS,0,68,2402836,https://i.scdn.co/image/ab6761610000e5eb5515537857141ca2ad475f50,3.0
ARCADE FIRE,BAROQUE POP,63,2400983,https://i.scdn.co/image/ab6761610000e5eb57c6e5fa2170e9a938f4a880,5.0
FADEL CHAKER,KHALEEJI,64,2398504,https://i.scdn.co/image/ab6761610000e5ebefc1fc78f05677fb9950f11f,7.0
DJO,SYNTHPOP,75,2397322,https://i.scdn.co/image/ab6761610000e5eb4113d395582d3667b7978430,Outros
EARL SWEATSHIRT,EXPERIMENTAL HIP HOP,68,2396814,https://i.scdn.co/image/ab6761610000e5eb0c35182f50b3a0404adc56cd,7.0
CORPSE,TRAP METAL,60,2395670,https://i.scdn.co/image/ab6761610000e5ebed2fd5aa8e1c20922c190d30,9.0
PINHANI,TURKISH POP,60,2394700,https://i.scdn.co/image/ab6761610000e5eb4ddd595c78914a1e09ff6688,5.0
JACK STAUBER'S MICROPOP,0,65,2394125,https://i.scdn.co/image/ab67616d0000b273d88cb736e807e83fbe7b2882,3.0
EDICION ESPECIAL,CORRIDO,72,2393799,https://i.scdn.co/image/ab6761610000e5ebc7def0fedfbcebcdb1800864,2.0
CYPRESS HILL,WEST COAST HIP HOP,66,2391420,https://i.scdn.co/image/ab6761610000e5eb608ba101d4ff74222a6d5e5d,Outros
DAUGHTRY,0,66,2391243,https://i.scdn.co/image/ab6761610000e5ebf443a26b22e52c3b3867753d,3.0
MC NEGUINHO DO KAXETA,FUNK CONSCIENTE,66,2385762,https://i.scdn.co/image/ab6761610000e5eba8440aefd5469e927d617fad,7.0
DJ LUIAN,REGGAETON,76,2382651,https://i.scdn.co/image/ab6761610000e5eb93028abb7c53726222b50072,Outros
LATTO,HIP HOP,76,2381138,https://i.scdn.co/image/ab6761610000e5eba11b0b5c37498f5dddb1bd7b,Outros
CASTING CROWNS,CHRISTIAN,65,2378595,https://i.scdn.co/image/ab6761610000e5ebd502012596e8376956a4d078,Outros
LUCIANO PEREYRA,FOLKLORE ARGENTINO,64,2378051,https://i.scdn.co/image/ab6761610000e5ebc4eaee122a32e4601164e2f8,7.0
TAIO CRUZ,HIP HOP,68,2375492,https://i.scdn.co/image/ab6761610000e5eb153171480a6f22912253b9f1,Outros
SUFJAN STEVENS,BAROQUE POP,71,2372799,https://i.scdn.co/image/ab6761610000e5eb96e27b3bbe99d5a772c89a2a,2.0
CHENCHO CORLEONE,REGGAETON,76,2369729,https://i.scdn.co/image/ab6761610000e5eb7ab9ab65a8d38cad451d3417,Outros
NICOLE SCHERZINGER,POP,61,2369485,https://i.scdn.co/image/ab6761610000e5eb13bcbecd7d8099a9d16403cc,6.0
YELAWOLF,COUNTRY HIP HOP,66,2368421,https://i.scdn.co/image/ab6761610000e5eb97f83221c650929ceef4c0ba,7.0
FINNEAS,0,70,2367414,https://i.scdn.co/image/ab6761610000e5eb598b19a8263ee81c07e5a753,3.0
LEONARDO,SERTANEJO TRADICIONAL,67,2367229,https://i.scdn.co/image/ab6761610000e5eb233288c013b86618729c647c,13.0
METHOD MAN,EAST COAST HIP HOP,67,2366681,https://i.scdn.co/image/85fc66422f44f641ba86e39107c290fb9e9ea7b2,Outros
LEGADO 7,CORRIDO,66,2366052,https://i.scdn.co/image/ab6761610000e5eb29f1c32cf9124e53132a50b3,7.0
LA JOAQUI,RKT,66,2365155,https://i.scdn.co/image/ab6761610000e5eb12cd4a8c02d4d7af9a96b643,7.0
JEREMY ZUCKER,0,66,2361563,https://i.scdn.co/image/ab6761610000e5eb1d3f755fce4073e3fbae9437,3.0
DENNIS,BRAZILIAN FUNK,69,2359702,https://i.scdn.co/image/ab6761610000e5eb84e9632f86c291cd29960256,12.0
REMMY VALENZUELA,BANDA,70,2357591,https://i.scdn.co/image/ab6761610000e5eb9cbbc0a3985ef8b2b4d03157,7.0
FORREST FRANK,CHRISTIAN,78,2357304,https://i.scdn.co/image/ab6761610000e5ebfc23429951b765040e928baf,Outros
DEI V,TRAP LATINO,80,2356315,https://i.scdn.co/image/ab6761610000e5eb7eaaf580956a3f1cf5a2058c,2.0
PORTISHEAD,TRIP HOP,66,2354988,https://i.scdn.co/image/05d3721739aee511a898081ab140daa7890a0120,Outros
XG,K-POP,70,2354498,https://i.scdn.co/image/ab6761610000e5ebd4a49e97ee6baeee9a8c8341,9.0
JON PARDI,COUNTRY,74,2352500,https://i.scdn.co/image/ab6761610000e5eb5f47b9b3519a7f3bae080731,2.0
MC MARKS,FUNK CONSCIENTE,72,2351873,https://i.scdn.co/image/ab6761610000e5ebe8da2281384a3d379e4705fa,2.0
SEPULTURA,THRASH METAL,61,2350848,https://i.scdn.co/image/ab6761610000e5eb716f574b796045f28ce4f4f3,9.0
DISCLOSURE,HOUSE,74,2349023,https://i.scdn.co/image/ab6761610000e5eb3faf416d3be99d63fec18baa,2.0
LOS DIABLITOS,VALLENATO,67,2348004,https://i.scdn.co/image/ab6761610000e5ebeb8f1b68846a52ad9ffe6418,7.0
SIMPLE MINDS,NEW WAVE,66,2347469,https://i.scdn.co/image/ab6761610000e5eb83e9da1d7f9d7da25c9e1e53,Outros
EURYTHMICS,NEW WAVE,69,2347142,https://i.scdn.co/image/ab6761610000e5eb145a01fb993c3088fe6ac5e7,Outros
PEDRO PAULO & ALEX,SERTANEJO,61,2344194,https://i.scdn.co/image/ab6761610000e5ebcdf22c3228e567dcb940bc5a,10.0
MEN I TRUST,BEDROOM POP,70,2342458,https://i.scdn.co/image/ab6761610000e5ebfd30ebd7e80dad6b2383aab0,Outros
DIEGO TORRES,LATIN POP,64,2341756,https://i.scdn.co/image/ab6761610000e5ebdb3230fc1b438c9fc525be02,6.0
SEXYY RED,0,74,2341528,https://i.scdn.co/image/ab6761610000e5ebd341871daa2c688ea24dcf02,3.0
IDGITAF,INDONESIAN POP,65,2340686,https://i.scdn.co/image/ab6761610000e5ebc9938371e3f63554f5f66b44,7.0
FACE,0,63,2338861,https://i.scdn.co/image/ab6761610000e5eb816013e6b6a4cf226883fdc2,3.0
PINGUINI TATTICI NUCLEARI,0,68,2338639,https://i.scdn.co/image/ab6761610000e5eb3b96cd66c6bf065f7b773a33,3.0
BK,BRAZILIAN HIP HOP,74,2335530,https://i.scdn.co/image/ab6761610000e5ebaedd984d97865aef05fb6060,9.0
BONEY M.,DISCO,71,2335480,https://i.scdn.co/image/ab6761610000e5ebaf50264c42782538634391f9,Outros
GHEA INDRAWARI,INDONESIAN POP,63,2332138,https://i.scdn.co/image/ab6761610000e5eb113d26ca81c6e3cdddd5a9ea,5.0
JEFF BUCKLEY,0,74,2331189,https://i.scdn.co/image/67779606c7f151618a28f62b1d24fb514d39dacf,3.0
PRADEEP KUMAR,TAMIL POP,67,2330698,https://i.scdn.co/image/ab6761610000e5eb8bad2f4b1b3159d8c3d29f45,7.0
PUDDLE OF MUDD,POST-GRUNGE,64,2329053,https://i.scdn.co/image/ab6761610000e5eb8e0981b1159d4027f19ffcfc,Outros
MC DANIEL,BRAZILIAN FUNK,67,2328258,https://i.scdn.co/image/ab6761610000e5eb0523591fa9d6afb4a83d8c17,12.0
JAMES BROWN,FUNK,63,2327274,https://i.scdn.co/image/ab6761610000e5eb158342aa8bb8a192c778f2a5,Outros
RUFUS DU SOL,LATIN ROCK,75,2327239,https://i.scdn.co/image/ab6761610000e5ebdbe0d58f538b7d18e324af5e,6.0
TAKEOFF,0,65,2326440,https://i.scdn.co/image/ab6761610000e5ebd986fb8037e0b8e2f9f4f37d,3.0
JEET GANNGULI,BANGLA POP,70,2323333,https://i.scdn.co/image/ab6761610000e5eb6adc98db259e563ee2352b85,7.0
FRANKIE RUIZ,SALSA,70,2321827,https://i.scdn.co/image/ab6761610000e5ebc2ecc3ba06ba1a211d11af35,7.0
ROY ORBISON,ROCKABILLY,65,2321774,https://i.scdn.co/image/ab6761610000e5eb63c7956d7de45418d7fe6b25,7.0
LAMB OF GOD,GROOVE METAL,63,2317152,https://i.scdn.co/image/ab6761610000e5ebb6d0c45dea35ce01e293af64,Outros
CHRIS CORNELL,GRUNGE,60,2316381,https://i.scdn.co/image/f7db2b2d592dd542e7470e2307a5848060837565,Outros
SDM,FRENCH RAP,76,2314763,https://i.scdn.co/image/ab6761610000e5ebcef13995942c7a300df73050,2.0
POSHLAYA MOLLY,0,63,2314335,https://i.scdn.co/image/ab6761610000e5eb43313e22b75b421f1db067fa,3.0
P. SUSHEELA,TELUGU POP,63,2313771,https://i.scdn.co/image/ab6772690000c46c8bc8055af2dd6f8e8ae1de74,5.0
AYLIVA,GERMAN POP,71,2311592,https://i.scdn.co/image/ab6761610000e5eb996830f67fa1ae09c3b5edab,2.0
LULU SANTOS,MPB,63,2308935,https://i.scdn.co/image/ab6761610000e5eb0ecd444749b59868afd385b6,11.0
TIM MAIA,MPB,65,2308183,https://i.scdn.co/image/ab6761610000e5ebaa594f902dd3a6704715933f,11.0
GULSEN,TURKISH POP,68,2300880,https://i.scdn.co/image/ab6761610000e5ebf753342d107655a0e882b3fc,7.0
MC MENOR DA VG,BRAZILIAN FUNK,66,2299486,https://i.scdn.co/image/ab6761610000e5ebc3afbe20d6230e1f4f1291cc,12.0
AMANDA MIGUEL,0,66,2298394,https://i.scdn.co/image/ab6761610000e5ebd2dc9aefd04e0d5db1542d66,3.0
ALEX CAMPOS,CHRISTIAN,64,2298361,https://i.scdn.co/image/ab6761610000e5ebba08cb70db1919a794f57dba,Outros
COEZ,INDIE,68,2296369,https://i.scdn.co/image/ab6761610000e5eb84f1202871531a5afcd31cdc,Outros
GUILHERME & SANTIAGO,SERTANEJO,63,2295825,https://i.scdn.co/image/ab6761610000e5eba8c8480ed3ccf589060a0ebe,10.0
AL GREEN,SOUL,67,2295554,https://i.scdn.co/image/ab6761610000e5eb95368fba7c1ebfeb929dcbdf,7.0
KEITH SWEAT,NEW JACK SWING,61,2293889,https://i.scdn.co/image/ab6761610000e5eb40713268614b1a1cbd7c2c88,5.0
MARCOS WITT,CHRISTIAN,68,2292643,https://i.scdn.co/image/ab6761610000e5ebd1e33412f86b63c94562cd15,Outros
THEORY OF A DEADMAN,POST-GRUNGE,63,2290732,https://i.scdn.co/image/ab6761610000e5eb6cff6acc48314698c7d9ce87,Outros
BLACK SHERIF,ASAKAA,66,2290333,https://i.scdn.co/image/ab6761610000e5eb6113f6a14db5f502da789814,7.0
24KGOLDN,0,66,2289117,https://i.scdn.co/image/ab6761610000e5eb1a52daf60d0a426b294f5be5,3.0
B.O.B,POP,75,2288126,https://i.scdn.co/image/ab6761610000e5ebc9a97fba42e640d955fedf46,6.0
MARCO MENGONI,ITALO DANCE,64,2285264,https://i.scdn.co/image/ab6761610000e5eb69d3736ac2db017234219e57,7.0
DAX,0,67,2284474,https://i.scdn.co/image/ab6761610000e5eb2a9440635255a6f4f132fc64,3.0
ARMONIA 10 DE WALTHER LOZADA,CUMBIA,60,2281715,https://i.scdn.co/image/ab6761610000e5eb7127d096a754ca5d3c580d4b,5.0
EXALTASAMBA,PAGODE,66,2280769,https://i.scdn.co/image/ab67616d0000b27302e4a8d93ee164e5bd371052,1.0
IRAMA,0,66,2273982,https://i.scdn.co/image/ab6761610000e5eb3e3f5bf620d51410492b519b,3.0
LILY ALLEN,POP,79,2268764,https://i.scdn.co/image/ab6761610000e5eb18ae32afa3fea1e57c168fa3,6.0
GOTYE,INDIE,70,2268031,https://i.scdn.co/image/ab6761610000e5eb45c53413a4f0198251481b0e,Outros
KYLIE MINOGUE,DANCE POP,71,2267824,https://i.scdn.co/image/ab6761610000e5eb8df9ea4eb8ff1b136e559553,2.0
PATRICIO REY Y SUS REDONDITOS DE RICOTA,ARGENTINE ROCK,70,2267178,https://i.scdn.co/image/ab6761610000e5eb78f40b5153bfcbd5e7a55432,3.0
RAFTAAR,DESI HIP HOP,61,2266471,https://i.scdn.co/image/ab6761610000e5eb715b4d3baa72278cf77b1c15,Outros
MARCELA GANDARA,CHRISTIAN,67,2265839,https://i.scdn.co/image/ab6761610000e5eb3645225246ff4d4bd18133f2,Outros
GRUPO REVELACAO,PAGODE,70,2264864,https://i.scdn.co/image/ab6761610000e5ebc2523529fb46fb0697fa6b9c,1.0
BARRY WHITE,DISCO,66,2263561,https://i.scdn.co/image/c00b771ca8b6241bcfe316f8e8a11072714e79ef,Outros
VICTOR MANUELLE,SALSA,64,2261015,https://i.scdn.co/image/ab6761610000e5eb5b31721f85dcbad6ad366fac,7.0
RAG'N'BONE MAN,0,66,2259592,https://i.scdn.co/image/ab6761610000e5eb384297241424034f1bddd83e,3.0
FRED AGAIN..,STUTTER HOUSE,80,2258180,https://i.scdn.co/image/ab6761610000e5eb381c41adc678e4ce864eb274,2.0
KENDJI GIRAC,FRENCH POP,62,2257743,https://i.scdn.co/image/ab6761610000e5eb5d3e7a978b6e16422bcfca90,Outros
JID,0,76,2255172,https://i.scdn.co/image/ab6761610000e5eb02e4e47e711e07e363ecc6e0,3.0
THE CHEMICAL BROTHERS,BIG BEAT,63,2253608,https://i.scdn.co/image/ab6761610000e5ebae05213e52565bfd7e7489b3,5.0
JACKY CHEUNG,CANTOPOP,61,2251528,https://i.scdn.co/image/ab6761610000e5ebf1496a59885e3470c2644879,5.0
GEN HOSHINO,J-POP,65,2249138,https://i.scdn.co/image/ab6761610000e5eb70c2b92fd98fea56b5928da1,Outros
WALK THE MOON,INDIE,66,2244320,https://i.scdn.co/image/ab6761610000e5ebab9610e36fae856c0fd9b46b,Outros
MERO,GERMAN HIP HOP,69,2243132,https://i.scdn.co/image/ab6761610000e5eb4055da4e4db46ddee4944c72,9.0
DOMINIC FIKE,0,76,2241849,https://i.scdn.co/image/ab6761610000e5ebf2903326ec44d5ecb37dcad9,3.0
ALONZO,FRENCH RAP,67,2235661,https://i.scdn.co/image/ab6761610000e5eb2e879fe90ffdef1e7ef2cf0c,7.0
GRUPO CODICIADO,CORRIDO,60,2234941,https://i.scdn.co/image/ab6761610000e5eb251e93fad955fc434475e32c,5.0
GEMITAIZ,ITALIAN TRAP,67,2234155,https://i.scdn.co/image/ab6761610000e5eb7be9451444a3289ec57d73ab,8.0
JAY PARK,K-RAP,62,2233941,https://i.scdn.co/image/ab6761610000e5ebbaec57292a885401901ce138,Outros
FLOYYMENOR,REGGAETON CHILENO,77,2233485,https://i.scdn.co/image/ab6761610000e5eb035292979f82a70d9be130fd,2.0
MORADA,GOSPEL,68,2233386,https://i.scdn.co/image/ab6761610000e5ebedbcb2cbcf9ccea6f82d5f44,7.0
MC JOAOZINHO VT,FUNK CONSCIENTE,72,2233113,https://i.scdn.co/image/ab6761610000e5eb7f76718ea8101af1267a3112,2.0
REBA MCENTIRE,COUNTRY,62,2230296,https://i.scdn.co/image/ab6761610000e5eb93f5991b555305b2314d0fcf,5.0
XZIBIT,WEST COAST HIP HOP,65,2229959,https://i.scdn.co/image/ab6761610000e5eb7b6ac506853c6453a28d4a64,Outros
DUELO,NORTENO,70,2229479,https://i.scdn.co/image/ab6761610000e5eb847afd7161f5f4d49781b65c,7.0
BETHEL MUSIC,WORSHIP,73,2225974,https://i.scdn.co/image/ab6761610000e5eb750cf05b8b670b7d2c056822,2.0
JACK STAUBER,0,60,2225797,https://i.scdn.co/image/ab67616d0000b273d2b66d95bccbf64354358612,3.0
TIZIANO FERRO,ITALIAN SINGER-SONGWRITER,66,2225736,https://i.scdn.co/image/ab6761610000e5eb763201c84a6b9897a6fc2652,7.0
EDIS,TURKISH POP,61,2223745,https://i.scdn.co/image/ab6761610000e5ebf48d3ffe95a05f3f24d64da9,5.0
DIANA ROSS,MOTOWN,66,2220792,https://i.scdn.co/image/ab6761610000e5ebdb59e1c017a93648b119f0cc,7.0
CHUCK BERRY,ROCKABILLY,66,2219948,https://i.scdn.co/image/d58323616d4f5d22b51e9dfe0ba53aedabe53cd4,7.0
VITOR FERNANDES,PISEIRO,60,2219505,https://i.scdn.co/image/ab6761610000e5eb4448c83a28baf0e5825f76fa,7.0
IVETE SANGALO,AXE,65,2218645,https://i.scdn.co/image/ab6761610000e5ebed5aa22cb136fc5f75427fea,8.0
SWV,NEW JACK SWING,61,2217641,https://i.scdn.co/image/ab6761610000e5eb2c43fa54ddf21c961d2fd6c3,5.0
K/DA,K-POP,62,2216197,https://i.scdn.co/image/ab6761610000e5ebdc1dc943555dfa1ee2a107e5,9.0
PET SHOP BOYS,SYNTHPOP,69,2211621,https://i.scdn.co/image/ab6761610000e5ebd24f448b409b6304c2880614,Outros
MARIA MARCAL,GOSPEL,64,2210747,https://i.scdn.co/image/ab6761610000e5eb51f9ceb807ca9d56e2d5f1d9,7.0
BAD GYAL,NEOPERREO,73,2210225,https://i.scdn.co/image/ab6761610000e5eb1ca665916f5cbfdb2603fb57,2.0
ZUTOMAYO,J-POP,66,2206691,https://i.scdn.co/image/ab6761610000e5ebb38a96d85b0580670123280e,Outros
FAYE WEBSTER,0,73,2205067,https://i.scdn.co/image/ab6761610000e5eb4935804c2a7f4d6a22525607,3.0
JOE,R&B,64,2204697,https://i.scdn.co/image/ab6761610000e5eb56910dd36ced0f6f3fbecacd,2.0
PREM DHILLON,PUNJABI POP,68,2201568,https://i.scdn.co/image/ab6761610000e5eb68d944e4bc03bcc85f4a2b90,7.0
KHRUANGBIN,NEO-PSYCHEDELIC,72,2197799,https://i.scdn.co/image/ab6761610000e5eb7c7e48743caf917d5206fb39,2.0
ANNENMAYKANTEREIT,GERMAN INDIE,67,2192807,https://i.scdn.co/image/ab6761610000e5eb1a842e806d0f1d96af16ef86,Outros
HELENE FISCHER,SCHLAGER,65,2192604,https://i.scdn.co/image/ab6761610000e5eba33986e2319d78e7974c7bfa,7.0
TORI KELLY,0,65,2192363,https://i.scdn.co/image/ab6761610000e5ebb8b0504e27b895cca3981a1c,3.0
BELO,PAGODE,70,2190356,https://i.scdn.co/image/ab6761610000e5eb83036a4880a6984579630eb7,1.0
LORD HURON,0,77,2189133,https://i.scdn.co/image/ab6761610000e5eb0d4d3bb72e9375017fd94f71,3.0
CHEVELLE,ALTERNATIVE METAL,69,2186760,https://i.scdn.co/image/ab6761610000e5eb6411cad01afe7d60b448dabc,Outros
MODERN TALKING,EUROPOP,71,2186219,https://i.scdn.co/image/ab6761610000e5eb763481abe93a755de038db8b,2.0
DANNYLUX,SAD SIERRENO,70,2185809,https://i.scdn.co/image/ab6761610000e5eb7ffad2a4397c429549b19c47,7.0
BOL4,K-POP,60,2184990,https://i.scdn.co/image/ab6761610000e5eb4a970fe13b80298b5621d657,9.0
YUSUF / CAT STEVENS,FOLK ROCK,69,2183864,https://i.scdn.co/image/ab6761610000e5eb2f193c74ab4203899bc8771a,Outros
TWO FEET,0,68,2183271,https://i.scdn.co/image/ab6761610000e5eb279e4480311a68403f80d698,3.0
ALI GATIE,0,65,2179986,https://i.scdn.co/image/ab6761610000e5eb528642fef307039a5358e3c0,3.0
CG5,0,64,2179482,https://i.scdn.co/image/ab6761610000e5eb6445b3a6726a636df0bd8842,3.0
MIEL SAN MARCOS,CHRISTIAN,67,2179287,https://i.scdn.co/image/ab6761610000e5eb91dc36133fbb16281d1332c6,Outros
LEEHI,K-BALLAD,65,2178450,https://i.scdn.co/image/ab6761610000e5eb05cead99b1a81b82a9a42838,7.0
BIN,BRAZILIAN TRAP,69,2178309,https://i.scdn.co/image/ab6761610000e5eb9bf7e27480f599a5a7c4b80c,8.0
CHRIS TOMLIN,CHRISTIAN,70,2173637,https://i.scdn.co/image/ab6761610000e5eb802bb2bb7b9db696e444096d,Outros
DIDO,EDM,74,2173192,https://i.scdn.co/image/ab6761610000e5ebf36e7b59cdaa0df8bee8e63f,Outros
KILLSWITCH ENGAGE,METALCORE,64,2172955,https://i.scdn.co/image/ab6761610000e5eb49670e56bfa7556b4a255286,0.0
DONNA SUMMER,DISCO,64,2169085,https://i.scdn.co/image/ab6761610000e5eb9e708b5a9b76b98301d35123,Outros
LOS YONIC'S,GRUPERA,66,2164420,https://i.scdn.co/image/ab6761610000e5ebffaca28ea52e01be2ff8f70b,7.0
CREEPY NUTS,ANIME,70,2164418,https://i.scdn.co/image/ab6761610000e5eb71c03bb9c1fe71f40a5fe1dc,Outros
JA RULE,EAST COAST HIP HOP,70,2164187,https://i.scdn.co/image/ab6761610000e5ebb47b549b590b63e52c68b89b,Outros
NICKY ROMERO,BIG ROOM,62,2163928,https://i.scdn.co/image/ab6761610000e5eb263d9905b8f0b0c2643afd7d,5.0
STEVIE NICKS,0,68,2157601,https://i.scdn.co/image/ab6761610000e5ebff4ca8de3c5605e889efab75,3.0
FAT JOE,EAST COAST HIP HOP,67,2153003,https://i.scdn.co/image/ab6761610000e5eba1fe5b14818dd48f0efbf919,Outros
POOH SHIESTY,0,68,2152719,https://i.scdn.co/image/ab6761610000e5eb1dfee43816a04d0a3f89bb15,3.0
LIFEHOUSE,POST-GRUNGE,65,2152349,https://i.scdn.co/image/ab6761610000e5eb621cdc23c3db9d37d780762e,Outros
CHARLY GARCIA,ARGENTINE ROCK,65,2152012,https://i.scdn.co/image/ab6761610000e5ebe08032d12aeaad81d139f913,3.0
EMELI SANDE,0,62,2151172,https://i.scdn.co/image/ab6761610000e5ebf26a49a45ad43119b4409d7c,3.0
KAARIS,FRENCH RAP,64,2148241,https://i.scdn.co/image/ab6761610000e5ebdb540e90aed8014403605fef,7.0
MONTELL FISH,0,74,2147060,https://i.scdn.co/image/ab6761610000e5ebe89c210ab9c802e40edab268,3.0
RICH BRIAN,INDONESIAN HIP HOP,66,2146302,https://i.scdn.co/image/ab6761610000e5ebc13929d20a265e45fadadbc9,7.0
KERI HILSON,0,70,2146203,https://i.scdn.co/image/ab6761610000e5eb846bc13eb69e61cdd53a5946,3.0
M. G. SREEKUMAR,MALAYALAM POP,70,2143061,https://i.scdn.co/image/ab67616d0000b2739b6c993596a2449d416f3292,7.0
MUDVAYNE,NU METAL,60,2136355,https://i.scdn.co/image/ab6761610000e5eb9013e926945e76dbc9ad6c97,4.0
THE VELVET UNDERGROUND,PROTO-PUNK,62,2134732,https://i.scdn.co/image/d69c2cf10323bf08443c7d122f3a1824a760ab57,Outros
PABLO,ARROCHA,70,2133262,https://i.scdn.co/image/ab6761610000e5ebf61a1bf320c5561da38980aa,7.0
COMMODORES,MOTOWN,66,2132636,https://i.scdn.co/image/ab6761610000e5eb21a213a4fe1a6f9b45d3f7f9,7.0
MECANO,ROCK EN ESPANOL,66,2132112,https://i.scdn.co/image/d6b66ff338e079e9db9ad7841fc34e56ba1c4eb3,7.0
TOBY FOX,SOUNDTRACK,75,2127968,https://i.scdn.co/image/ab6761610000e5ebcce32307d0f312e8faf01bae,2.0
HELLMERRY,PINOY HIP HOP,68,2127605,https://i.scdn.co/image/ab6761610000e5ebeef39c13833db73e54f2192e,Outros
LALI,0,66,2127411,https://i.scdn.co/image/ab6761610000e5ebb38a2742e79d855f4ec81c3a,3.0
ZUBEEN GARG,BANGLA POP,73,2123232,https://i.scdn.co/image/ab6761610000e5ebc921245b32947c7d61a7356c,2.0
DAVE MATTHEWS BAND,JAM BAND,63,2121985,https://i.scdn.co/image/ab6761610000e5ebc04724201a3cd1a81d7bba05,5.0
VILMA PALMA E VAMPIROS,ROCK EN ESPANOL,64,2119670,https://i.scdn.co/image/ab6761610000e5ebf755e0c4ccc54666fe7da169,7.0
SHEENA RINGO,J-POP,66,2119198,https://i.scdn.co/image/ab6761610000e5eb8378fc68491c113e5379ceca,Outros
MC GP,BRAZILIAN FUNK,77,2118855,https://i.scdn.co/image/ab6761610000e5eb1eafbb62aa29b68601be5d11,12.0
KAMAITACHI,0,61,2117128,https://i.scdn.co/image/ab6761610000e5ebb175ef0c03c200e02f6beb2d,3.0
CONOR MAYNARD,0,61,2115870,https://i.scdn.co/image/ab6761610000e5eb9cf43d8fd322fb5abc2c3d4b,3.0
BUSH,GRUNGE,64,2115659,https://i.scdn.co/image/ab6761610000e5eb613262f46eb899a84d0c5442,Outros
FEDEZ,0,62,2112422,https://i.scdn.co/image/ab6761610000e5eb74ec3e83ba04bf0d6f0adb98,3.0
HANDE YENER,TURKISH POP,67,2111785,https://i.scdn.co/image/ab6761610000e5eba7d0d16f006f1a1b24bbd4ba,7.0
CORDAE,0,63,2111692,https://i.scdn.co/image/ab6761610000e5eb9161ad9d53d8c24e2c79d5a5,3.0
BIGXTHAPLUG,SOUTHERN HIP HOP,80,2110766,https://i.scdn.co/image/ab6761610000e5ebbc8b0b51c651063f787330c5,2.0
ANURADHA SRIRAM,TAMIL DANCE,67,2109762,https://i.scdn.co/image/ab6761610000e5eb38b24892ba1c9fbdb1a5e050,7.0
LEAGUE OF LEGENDS,EDM,78,2109605,https://i.scdn.co/image/ab6761610000e5ebe80d1ffb81aa6503ad41c574,Outros
VYBZ KARTEL,DANCEHALL,68,2107552,https://i.scdn.co/image/ab6761610000e5ebeadbfa3e0cf2f3d2a545385c,7.0
BELANOVA,LATIN POP,70,2103240,https://i.scdn.co/image/ab6761610000e5eb6e452245874aafd85b4f1e8e,6.0
PLACEBO,BRITPOP,64,2103107,https://i.scdn.co/image/ab6761610000e5ebc8b42133fea50275b77f45e2,Outros
NOAH CYRUS,POP COUNTRY,72,2102374,https://i.scdn.co/image/ab6761610000e5eb8dd6d79e9fd4d7a80875b1a3,2.0
CHEAT CODES,0,63,2101766,https://i.scdn.co/image/ab6761610000e5ebefe796d5f0fcc9bc5a757f74,3.0
LIL DARKIE,TRAP METAL,67,2099656,https://i.scdn.co/image/ab6761610000e5ebcbd188dffc3c7be2c84e98e7,9.0
SONDER,DARK R&B,71,2099357,https://i.scdn.co/image/ab6761610000e5ebfc55ad52c4f90c036acc8c15,2.0
GUILHERME & BENUTO,SERTANEJO,71,2099005,https://i.scdn.co/image/ab6761610000e5eb61f929b2c87f9c1306a8aeba,10.0
VICTONY,AFROBEATS,67,2097122,https://i.scdn.co/image/ab6761610000e5eb2d98f7145b95d591be045e09,7.0
P.O.D.,NU METAL,62,2096675,https://i.scdn.co/image/ab6761610000e5eb15c1b5623a7ba1bb228087c2,4.0
FITO PAEZ,ARGENTINE ROCK,66,2092509,https://i.scdn.co/image/ab6761610000e5eb5822a9eab577a43cfa1ba9ca,3.0
BAILEY ZIMMERMAN,COUNTRY,76,2091962,https://i.scdn.co/image/ab6761610000e5eb1c9f6b984cb667d1f4ef2f4b,2.0
BANDA PEQUENOS MUSICAL,BANDA,69,2091717,https://i.scdn.co/image/ab6761610000e5ebab65502fa1495f73d5e05cde,7.0
SEAL,POP,65,2091705,https://i.scdn.co/image/ab6761610000e5ebe29f9c69aad50e33fa61805a,6.0
YES,PROGRESSIVE ROCK,63,2091506,https://i.scdn.co/image/ab6761610000e5eb419fcf221809dabb6cc0f31c,Outros
RBD,LATIN POP,67,2086870,https://i.scdn.co/image/ab6761610000e5eb4b907f634ce7a7fd94f9ff6c,6.0
NADSON O FERINHA,ARROCHA,63,2086668,https://i.scdn.co/image/ab6761610000e5eb2db5ac53f7abab1c48b8e5b2,5.0
ZECA PAGODINHO,SAMBA,66,2084742,https://i.scdn.co/image/ab6761610000e5ebba8ad8a2315ed9148c7b1cc7,5.0
BANDA TIERRA SAGRADA,BANDA,61,2083031,https://i.scdn.co/image/ab6761610000e5eb2a3362a10e8bf2f32c0eea7d,5.0
A PERFECT CIRCLE,ALTERNATIVE METAL,64,2082713,https://i.scdn.co/image/ab6761610000e5eb5011bfcb59463d911b3e6be1,Outros
AMERICA,YACHT ROCK,71,2078433,https://i.scdn.co/image/ab6761610000e5eb1918619d3b26c6cb16084997,Outros
MILKY CHANCE,0,71,2078344,https://i.scdn.co/image/ab6761610000e5eb23eb1af2ef13c5db234ff824,3.0
BILLIE HOLIDAY,JAZZ,65,2078120,https://i.scdn.co/image/4efa6b6871a0f672b78b3d16fd5a03c6cd212d58,7.0
MOBY,DOWNTEMPO,69,2077909,https://i.scdn.co/image/ab6761610000e5eb51998989b51d8bda6a7486f2,7.0
TAMIA,R&B,64,2077291,https://i.scdn.co/image/ab6761610000e5ebcf35587ec242fd403b683687,2.0
CARLOS BAUTE,LATIN POP,63,2077134,https://i.scdn.co/image/ab6761610000e5ebd4b45fee9a41782f7462104c,6.0
LEANDRO & LEONARDO,SERTANEJO TRADICIONAL,67,2076646,https://i.scdn.co/image/ab6761610000e5eb1a78fbe9474255be6b4d6683,13.0
THE MAMAS & THE PAPAS,FOLK ROCK,67,2074024,https://i.scdn.co/image/ab6761610000e5eb4626b4e3185058d73c9ec7a7,Outros
BACILOS,COLOMBIAN POP,67,2073787,https://i.scdn.co/image/ab6761610000e5eb2ac7dc75e8e0ba7ae2e03158,7.0
HEIJAN,TURKISH HIP HOP,60,2073472,https://i.scdn.co/image/ab6761610000e5eb7c095d8148fe7c47f8ce6668,5.0
NORM ENDER,TURKISH HIP HOP,63,2073123,https://i.scdn.co/image/ab6761610000e5eb1a446a4941768741604a3590,5.0
OLIVIA O'BRIEN,POP,62,2070428,https://i.scdn.co/image/ab6761610000e5ebdedc07bc2d6f72f0041a8c1c,6.0
TRACY CHAPMAN,0,71,2070362,https://i.scdn.co/image/965060777aeacb43659097cddc16b741785a508f,3.0
JONY,0,68,2070243,https://i.scdn.co/image/ab6761610000e5ebfaca175ff553179f6b3bed6a,3.0
LOS PALMERAS,CUMBIA,62,2066060,https://i.scdn.co/image/ab6761610000e5ebf1b882895c9a41f44e40b741,5.0
INSANE CLOWN POSSE,HORRORCORE,66,2064577,https://i.scdn.co/image/ab6761610000e5eb534c6d647953f20279d654f8,7.0
ST12,INDONESIAN POP,63,2063517,https://i.scdn.co/image/ab67616d0000b273638c7c6bc078a923a14cdb85,5.0
JAY SEAN,0,67,2063178,https://i.scdn.co/image/ab6761610000e5eb1fe57aeec785741820fedd52,3.0
REYLI BARBA,LATIN POP,64,2060484,https://i.scdn.co/image/ab6761610000e5ebbca4a1e11c2ce9e76fa2a999,6.0
PAWAN SINGH,BHOJPURI POP,74,2055743,https://i.scdn.co/image/ab6761610000e5eb337a8e086da8cc3ff50f41a8,2.0
BIBI,K-POP,67,2055316,https://i.scdn.co/image/ab6761610000e5ebd7102187f27111bf9361de09,9.0
JESSI URIBE,POPULAR COLOMBIAN MUSIC,64,2054354,https://i.scdn.co/image/ab6761610000e5eb2a4dec606a956f89d7036e9f,7.0
KALEO,0,71,2053747,https://i.scdn.co/image/ab6761610000e5ebd12dda5c73df781c0bbfe311,3.0
RANDY TRAVIS,CHRISTIAN COUNTRY,68,2053709,https://i.scdn.co/image/ab6761610000e5eb275c8cd25c77691993106b5d,Outros
MAGGIE LINDEMANN,0,63,2048880,https://i.scdn.co/image/ab6761610000e5ebcb979825a02406789338a72f,3.0
ULISES BUENO,CUARTETO,65,2047943,https://i.scdn.co/image/ab6761610000e5ebddac01097d404352173e1bb2,7.0
JORY BOY,REGGAETON,72,2047389,https://i.scdn.co/image/ab6761610000e5ebd80c12237012b5b90a51489a,Outros
THE CARS,POWER POP,66,2046871,https://i.scdn.co/image/ccef506dcc1eafa2f44270918b3ba962e67ea3ad,Outros
Q' LOKURA,CUARTETO,71,2046106,https://i.scdn.co/image/ab6761610000e5eb47bf8f02b36d11bcf5a88374,2.0
NADHIF BASALAMAH,MALAY,72,2043652,https://i.scdn.co/image/ab6761610000e5eb6c95c421d7bdc60a2d980002,2.0
GRATEFUL DEAD,JAM BAND,65,2042689,https://i.scdn.co/image/ab6761610000e5ebe9aa458c09e4cf7c32232f4a,7.0
OLLY ALEXANDER (YEARS & YEARS),0,70,2042483,https://i.scdn.co/image/ab6761610000e5eb97c652b3442755c921c1277f,3.0
MABEL,0,63,2041840,https://i.scdn.co/image/ab6761610000e5ebc5c0e1d109d8a876076187f1,3.0
THEFATRAT,0,64,2041563,https://i.scdn.co/image/ab6761610000e5ebc64c5f001dc3957cf5651460,3.0
LYANNO,REGGAETON,72,2037588,https://i.scdn.co/image/ab6761610000e5eb9413ae22a9b412f39922a66a,Outros
THE ISLEY BROTHERS,MOTOWN,61,2035760,https://i.scdn.co/image/ab6761610000e5eb6a73ed54b07cd71d3b1f4789,5.0
VINCE STAPLES,0,66,2034749,https://i.scdn.co/image/ab6761610000e5eb53054f8bc7e0153daefe12cc,3.0
VAMPIRE WEEKEND,INDIE,62,2034706,https://i.scdn.co/image/ab6761610000e5eb0bb49b0b71ab3f5871860617,Outros
GRADUR,FRENCH RAP,62,2034371,https://i.scdn.co/image/ab6761610000e5ebd4fd2d73f9e95981f59fa670,5.0
LOU REED,GLAM ROCK,60,2033352,https://i.scdn.co/image/2e1e9a6fe696b536a1f9e6a27fc1ed23d2c97099,Outros
BAD OMENS,METALCORE,76,2033264,https://i.scdn.co/image/ab6761610000e5eb3dc0577ed61ec73b498a56ee,0.0
EMPIRE OF THE SUN,0,78,2032663,https://i.scdn.co/image/ab6761610000e5ebc806f3e714afa21861e20248,3.0
YUNG KAI,C-POP,70,2030393,https://i.scdn.co/image/ab6761610000e5ebb45f191e351f062c7213e0a9,Outros
NEJO & DALMATA,REGGAETON,64,2027099,https://i.scdn.co/image/ab67616d0000b2734a2cfa7ff9391b0b9d83fab1,Outros
LOS DAREYES DE LA SIERRA,CORRIDO,79,2026849,https://i.scdn.co/image/ab6761610000e5eb555bc5d86d3ad8edcfd762f4,2.0
MARCO BARRIENTOS,CHRISTIAN,65,2023775,https://i.scdn.co/image/ab6761610000e5ebe9e3fca4f279e22267baaf18,Outros
SB19,P-POP,69,2023567,https://i.scdn.co/image/ab6761610000e5eb4aac2151be750fecb674048a,Outros
BREAD,SOFT ROCK,66,2023043,https://i.scdn.co/image/a94fb066d16bf8bafed754f62c5b746357b661e6,Outros
KANA NISHINO,J-POP,63,2021887,https://i.scdn.co/image/ab6761610000e5eb9be296ee8df2825c62c2c9cd,Outros
BILL WITHERS,SOUL,73,2020381,https://i.scdn.co/image/96b85aec6907206572527e1eeec6569d5e977a38,2.0
NATANZINHO LIMA,ARROCHA,78,2019760,https://i.scdn.co/image/ab6761610000e5eb2dd5f2f96e301dd661349efb,2.0
BENY JR,DRILL,72,2019719,https://i.scdn.co/image/ab6761610000e5eb807f22297ee3cb75dff9370e,2.0
SHILOH DYNASTY,LO-FI,71,2019672,https://i.scdn.co/image/ab6761610000e5eb206a97aa01385ef684f8e58c,2.0
VICTORIOUS CAST,POP,61,2018666,https://i.scdn.co/image/a14453943d48ffbc59b889bf6b10a80bb6e5c573,6.0
MOTIONLESS IN WHITE,METALCORE,70,2018501,https://i.scdn.co/image/ab6761610000e5eb58f2b24b02877506d74b612b,0.0
DANIEL,SERTANEJO TRADICIONAL,63,2018322,https://i.scdn.co/image/ab6761610000e5eb0e18aa81ac38d5a9274501c5,13.0
RODNEY ATKINS,COUNTRY,60,2014734,https://i.scdn.co/image/ab6761610000e5eb3387c33e2f67e61ec5ef6464,5.0
ETTA JAMES,SOUL,69,2011478,https://i.scdn.co/image/ab6761610000e5eb058531dfd9746a96ad85265f,7.0
CORAZON SERRANO,CUMBIA,65,2008297,https://i.scdn.co/image/ab6761610000e5ebdf0e65c00c49eb282aa31140,7.0
FIFTY FIFTY,K-POP,65,2007822,https://i.scdn.co/image/ab6761610000e5ebc4adb615d337d90fe5bd8f64,9.0
JAKE OWEN,COUNTRY,60,2003628,https://i.scdn.co/image/ab6761610000e5eb5de7f8a6878bc929b5fc85f7,5.0
OMAR COURTZ,0,83,2002937,https://i.scdn.co/image/ab6761610000e5eb6270ba142ce97c0b644024e9,3.0
BEN HOWARD,INDIE FOLK,64,2002326,https://i.scdn.co/image/ab6761610000e5eb5aaa4c336f25c59cd9b1825a,Outros
EL TRI,MEXICAN ROCK,62,2001097,https://i.scdn.co/image/ab6761610000e5eb47be6362dc6ca3fd0de37015,5.0
VINTAGE CULTURE,BRAZILIAN BASS,71,2000812,https://i.scdn.co/image/ab6761610000e5ebb2858408e6d69098e07329fd,8.0
VOZ DE MANDO,CORRIDO,61,2000289,https://i.scdn.co/image/ab6761610000e5ebfb940d6cfbd71fbc171ed687,5.0
UFO361,GERMAN HIP HOP,69,1998967,https://i.scdn.co/image/ab6761610000e5eb986e3cb0e4a41c52ba7e011c,9.0
ENJAMBRE,MEXICAN INDIE,71,1998412,https://i.scdn.co/image/ab6761610000e5eb41b3fd8e2fcd39e259146ff9,Outros
MANU CHAO,LATIN ALTERNATIVE,71,1997560,https://i.scdn.co/image/ab6761610000e5ebf3373500e9ae4be34f94ae84,Outros
LOS INQUIETOS DEL VALLENATO,VALLENATO,66,1995349,https://i.scdn.co/image/ab6761610000e5eb15eec61161205fdc07b346c8,7.0
EUROPE,GLAM METAL,64,1994340,https://i.scdn.co/image/ab6761610000e5ebe99fd2e4f7019aa6cb8a26e9,Outros
SARA BAREILLES,0,63,1990135,https://i.scdn.co/image/ab6761610000e5eb83a5e11367a1af10a319a6ac,3.0
DIDDY,HIP HOP,71,1989991,https://i.scdn.co/image/ab6761610000e5eb5065f82653e9ad00fdcafa42,Outros
CODY JOHNSON,TEXAS COUNTRY,77,1988980,https://i.scdn.co/image/ab6761610000e5ebb1fa84619efb4bdf4f5e9c4b,2.0
LUPE FIASCO,0,68,1988700,https://i.scdn.co/image/ab6761610000e5eb17e0a43f3aaa0c48410c4b68,3.0
BORGES,BRAZILIAN TRAP,67,1981305,https://i.scdn.co/image/ab6761610000e5ebed075c6275021ad48aba48a2,8.0
LIBERACION,GRUPERA,68,1980344,https://i.scdn.co/image/ab6761610000e5ebe13588579e3eb7eb1edaee45,7.0
ROBIN THICKE,0,64,1977894,https://i.scdn.co/image/ab6761610000e5eb02582bb3fa9d68f44a247f39,3.0
ADITYA RIKHARI,HINDI INDIE,78,1977770,https://i.scdn.co/image/ab6761610000e5eb482c8b15eab378fdebc5e05e,2.0
JAMBY EL FAVO,TRAP LATINO,66,1974039,https://i.scdn.co/image/ab6761610000e5eb3a50290af6e8ffef1343d438,7.0
PAT BENATAR,AOR,63,1973272,https://i.scdn.co/image/8cd9a623b274a9e694aa7bae28f541d3977673ec,Outros
LUNY TUNES,REGGAETON,64,1971330,https://i.scdn.co/image/ab6761610000e5eb4df036150d9888732b43eeb6,Outros
OSCAR D'LEON,SALSA,63,1966751,https://i.scdn.co/image/01a4bd3a5b74f35a8d47961c3bfcb94206eda751,5.0
COUNTING CROWS,0,69,1966651,https://i.scdn.co/image/ab6761610000e5ebe49e02d94a91ccdb846a62fa,3.0
BONES,CLOUD RAP,72,1966253,https://i.scdn.co/image/ab6761610000e5eb31672210ac133d978de5ce45,Outros
VEGEDREAM,POP URBAINE,61,1965503,https://i.scdn.co/image/ab6761610000e5ebc187ebb3d5895c2e19d406a3,5.0
NAZA,POP URBAINE,67,1963670,https://i.scdn.co/image/ab6761610000e5ebde47555f2fc1b82b15a24e5e,7.0
TIPE-X,INDONESIAN ROCK,62,1963647,https://i.scdn.co/image/ab6761610000e5eb60c08baba314a1e5eec7a736,Outros
DEAN MARTIN,CHRISTMAS,73,1963046,https://i.scdn.co/image/ab6761610000e5eba3635a7078fdabf85444184c,Outros
FAITH HILL,COUNTRY,63,1960954,https://i.scdn.co/image/ab6761610000e5ebfcf4aca895932122a66211bf,5.0
MC CEBEZINHO,BRAZILIAN FUNK,73,1960340,https://i.scdn.co/image/ab6761610000e5eb6cdab9738cc51dd200082c5d,12.0
VANESSA HUDGENS,POP,61,1959610,https://i.scdn.co/image/d069c20515bc253f807a447c195e785beec89b47,6.0
VICTOR & LEO,SERTANEJO,65,1956773,https://i.scdn.co/image/ab6761610000e5eba0b0d3e191d0103c47526328,10.0
KANSAS,CLASSIC ROCK,66,1954991,https://i.scdn.co/image/ab6761610000e5eb4a5ee495f61402a3959b2d9c,7.0
LYKKE LI,0,68,1953253,https://i.scdn.co/image/ab6761610000e5eb0bf8a86c8e3a34bb4934abb7,3.0
MUSTARD,0,72,1952773,https://i.scdn.co/image/ab6761610000e5eb54406b7007a449aeaac06c44,3.0
LEO MATTIOLI,CUMBIA,62,1952609,https://i.scdn.co/image/ab6761610000e5ebe507c48c979e0cdc0f77882a,5.0
CROSBY STILLS NASH & YOUNG,FOLK ROCK,61,1949318,https://i.scdn.co/image/ab6761610000e5eb4e5018dad07ee004f171d7d3,Outros
CHARLES ANS,MEXICAN HIP HOP,69,1949141,https://i.scdn.co/image/ab6761610000e5eb0851f71b02e6604b13f94235,7.0
PETER GABRIEL,ART ROCK,64,1947213,https://i.scdn.co/image/ab6761610000e5eb997116abcd93201746831544,Outros
ALCEU VALENCA,MPB,64,1946704,https://i.scdn.co/image/ab6761610000e5ebddf1217b512aecab728c41ab,11.0
FAITH NO MORE,FUNK ROCK,61,1945926,https://i.scdn.co/image/765ad08f23f828d1a850c47ac417d7be260af932,Outros
JADEN,0,64,1943827,https://i.scdn.co/image/ab6761610000e5eb5d8f24eed04df5dac0adecf4,3.0
PHOENIX,INDIE,64,1943215,https://i.scdn.co/image/ab6761610000e5eb722051daeb10119e2e039724,Outros
TEDUA,ITALIAN TRAP,68,1942264,https://i.scdn.co/image/ab6761610000e5eb885a1ba937b99b0bb86fb0d1,8.0
JONITA GANDHI,BOLLYWOOD,72,1940037,https://i.scdn.co/image/ab6761610000e5eba308d2dbeeb587cb5e9220db,2.0
BANDA MACHOS,BANDA,66,1939740,https://i.scdn.co/image/ab6761610000e5eb62f332c0b67e6920eb70c797,7.0
LEON BRIDGES,RETRO SOUL,74,1937397,https://i.scdn.co/image/ab6761610000e5ebd5112a5b16a01e971ebb049c,Outros
FREDDIE DREDD,PHONK,66,1936765,https://i.scdn.co/image/ab6761610000e5eb043681a0d16ab5885a68d0e9,7.0
TRAP CAPOS,TRAP LATINO,72,1934683,https://i.scdn.co/image/ab6761610000e5eb87dcdc83d51c31a100dd0acb,2.0
GEORGE HENRIQUE & RODRIGO,SERTANEJO,64,1932966,https://i.scdn.co/image/ab6761610000e5eb10a5fe0e2313d4b33312da41,10.0
EL GRAN COMBO DE PUERTO RICO,SALSA,64,1928232,https://i.scdn.co/image/ab6761610000e5eb13ad2fbfd560f3866b10d5e7,7.0
UPCHURCH,COUNTRY HIP HOP,63,1926224,https://i.scdn.co/image/ab6761610000e5eb2da4fd7518141a54baa649ba,5.0
LIL' KIM,EAST COAST HIP HOP,65,1924744,https://i.scdn.co/image/ab6761610000e5eb44f424402a1933b745019107,Outros
TENACIOUS D,COMEDY,60,1924518,https://i.scdn.co/image/ab6761610000e5eb7637f18f419921b8d24bd9e5,5.0
RUSHERKING,ARGENTINE TRAP,65,1924012,https://i.scdn.co/image/ab6761610000e5eb4ebd508b14550f54b1985dc8,7.0
DYLAN SCOTT,COUNTRY,65,1921638,https://i.scdn.co/image/ab6761610000e5eb893f6ba58d8b1e42850621e1,7.0
COOLIO,WEST COAST HIP HOP,70,1920806,https://i.scdn.co/image/ab6761610000e5eb5ea53fc78df8f7e7559e228d,Outros
JUSTIN MOORE,COUNTRY,61,1917812,https://i.scdn.co/image/ab6761610000e5eb5053d9dcc37664e5176bab6f,5.0
ANNALISA,ITALO DANCE,66,1916898,https://i.scdn.co/image/ab6761610000e5eb70b15f4d2e175757efbb3814,7.0
RUEL,0,64,1913245,https://i.scdn.co/image/ab6761610000e5eb4d998c8acfa266b0e4cce44d,3.0
HANK WILLIAMS JR.,OUTLAW COUNTRY,67,1913177,https://i.scdn.co/image/ab6761610000e5ebf2335981837c8ac955769cd0,7.0
GLOC-9,PINOY HIP HOP,65,1912976,https://i.scdn.co/image/ab6761610000e5ebc427c3663058a0a1e7945d53,Outros
BLONDIE,ROCK,71,1912787,https://i.scdn.co/image/ab6761610000e5eb67dc4da82c968767d994f3c3,14.0
NATASHA BEDINGFIELD,POP,72,1910247,https://i.scdn.co/image/ab6761610000e5eb59bb5a8e6b7d6b4df92d32f4,6.0
CASSIE,0,67,1907759,https://i.scdn.co/image/ab6761610000e5eb9592a41ec193fd20c5372ed3,3.0
KIRK FRANKLIN,GOSPEL,62,1906632,https://i.scdn.co/image/ab6761610000e5ebe99c343236f3ca83febdff66,5.0
BOYNEXTDOOR,K-POP,70,1905225,https://i.scdn.co/image/ab6761610000e5ebc64f94c8865d670cb97ab49e,9.0
HUMBERTO & RONALDO,SERTANEJO,74,1904759,https://i.scdn.co/image/ab6761610000e5eb52600a1b70dbaa0f63fc7dd5,10.0
SAIKO,POP,73,1898390,https://i.scdn.co/image/ab6761610000e5eb86ea7f33c8d9c3f51faa2104,6.0
IANN DIOR,MELODIC RAP,68,1898209,https://i.scdn.co/image/ab6761610000e5eb1df5b51522294de652625947,Outros
KEBLACK,POP URBAINE,70,1898193,https://i.scdn.co/image/ab6761610000e5eb48a7356bb8eee158f9a7a11a,7.0
NAFF,INDONESIAN POP,64,1896425,https://i.scdn.co/image/ab6761610000e5eb59bdf7e5aae6e0848201dd4f,7.0
JOHN MELLENCAMP,CLASSIC ROCK,64,1895950,https://i.scdn.co/image/ab6761610000e5eb39cf2e0c338c08d5b8350053,7.0
LL COOL J,OLD SCHOOL HIP HOP,62,1894469,https://i.scdn.co/image/ab6761610000e5ebfdfbad2b88a64e661a6e6400,5.0
STEPHEN SANCHEZ,0,72,1892871,https://i.scdn.co/image/ab6761610000e5eb1e97fce6fa6fc4ebc3ebda25,3.0
TOM MACDONALD,COUNTRY HIP HOP,63,1891970,https://i.scdn.co/image/ab6761610000e5eb4c0a5ddb0ec9d0a3c7f91f8e,5.0
FRANGLISH,FRENCH R&B,68,1891149,https://i.scdn.co/image/ab6761610000e5eb7f568214a2651749cea9b073,7.0
THE JACKSON 5,MOTOWN,67,1890140,https://i.scdn.co/image/19f768d93f6c80f7d4ca5b906e1c0376a3704389,7.0
SUB URBAN,0,66,1889320,https://i.scdn.co/image/ab6761610000e5eb5364421b563ce7c759e9103d,3.0
DIE ANTWOORD,ZEF,63,1887795,https://i.scdn.co/image/ab6761610000e5ebde65d63cd6689743aeb6479f,5.0
RUBEN BLADES,SALSA,62,1885402,https://i.scdn.co/image/ab6761610000e5ebdea0cd678edd47fe4b31e3c7,5.0
EMICIDA,BRAZILIAN HIP HOP,62,1883815,https://i.scdn.co/image/ab6761610000e5eb1a143a1a56d7fd721eb43fd7,9.0
I PREVAIL,METALCORE,69,1881745,https://i.scdn.co/image/ab6761610000e5eba26ab7baa4a50f469edbfd76,0.0
NETO PENA,MEXICAN HIP HOP,67,1881465,https://i.scdn.co/image/ab6761610000e5ebc90f3fc1e05b43fe7da45773,7.0
K-CI & JOJO,R&B,61,1880436,https://i.scdn.co/image/802accab666236892f3f3bfb102323d59747b164,2.0
JASIEL NUNEZ,CORRIDOS TUMBADOS,74,1880193,https://i.scdn.co/image/ab6761610000e5eb0c1c07f322d147a1806e5c92,2.0
DAMIAN MARLEY,REGGAE,68,1879498,https://i.scdn.co/image/f05f2667aac2bbccd9bf8fcc658b647533257f16,0.0
TIMBIRICHE,LATIN POP,61,1876916,https://i.scdn.co/image/ab6761610000e5eb9923e41a8c2a8e39dd01dc71,6.0
SAM COOKE,MOTOWN,67,1874602,https://i.scdn.co/image/ab6761610000e5eb41aaa3a05d2ddba59454273e,7.0
KASABIAN,BRITPOP,61,1873294,https://i.scdn.co/image/ab6761610000e5eb9adf40411756ca7c9d92bbf2,Outros
BATUFLEX,TURKISH HIP HOP,68,1872989,https://i.scdn.co/image/ab6761610000e5eb0cd2d2dd66a12733bd7323c2,7.0
RIONEGRO & SOLIMOES,SERTANEJO TRADICIONAL,68,1872598,https://i.scdn.co/image/ab6761610000e5ebf2e621acc61dd7e8c8faa42e,13.0
OLIVIA DEAN,POP SOUL,90,1871883,https://i.scdn.co/image/ab6761610000e5eb5c7577ad44daeb7ce4b941a1,Outros
KERISPATIH,INDONESIAN POP,66,1870228,https://i.scdn.co/image/ab6761610000e5eb28ce4a28eaaf8324f80a9371,7.0
GFRIEND,K-POP,60,1868994,https://i.scdn.co/image/ab6761610000e5eb147d34b8d51da48913a8d023,9.0
DATO' SRI SITI NURHALIZA,MALAY,60,1868453,https://i.scdn.co/image/ab6761610000e5eb8590841ad55ea4615f0f7103,5.0
EL MALILLA,REGGAETON MEXA,71,1866816,https://i.scdn.co/image/ab6761610000e5eb69502b103caa58ce10961bba,Outros
BEACH BUNNY,0,65,1866552,https://i.scdn.co/image/ab6761610000e5ebc76f04ab8987c4fb298abb3c,3.0
SEU JORGE,MPB,67,1866384,https://i.scdn.co/image/ab6761610000e5eba124f650946041fc26b0379b,11.0
AYESHA EROTICA,HYPERPOP,70,1865116,https://i.scdn.co/image/ab6761610000e5eb504d26793b7f34f99506c3db,Outros
PINK SWEAT$,0,62,1863120,https://i.scdn.co/image/ab6761610000e5eb69bda36cbaa450c1c895b5cc,3.0
JARABE DE PALO,ROCK EN ESPANOL,68,1862614,https://i.scdn.co/image/ab6761610000e5eb70f08f633c78d37071b55f7a,7.0
FALLY IPUPA,RUMBA CONGOLAISE,62,1860531,https://i.scdn.co/image/ab6761610000e5ebaef56a6cfdcc53e6e8865579,5.0
LOS INQUIETOS DEL NORTE,CORRIDO,68,1860297,https://i.scdn.co/image/ab6761610000e5ebe2ba8f96414e5040f6340833,7.0
DAYA,0,71,1858373,https://i.scdn.co/image/ab6761610000e5ebe79374211456f3edbb005e2c,3.0
KID ABELHA,MPB,62,1857834,https://i.scdn.co/image/ab6761610000e5ebf25ba98f0de79121ec962369,11.0
EL DE LA GUITARRA,CORRIDO,60,1857534,https://i.scdn.co/image/ab6761610000e5eb16f468b5ceb0e83246ef2178,5.0
CLEBER & CAUAN,SERTANEJO,65,1856933,https://i.scdn.co/image/ab6761610000e5eb0839f693e8402ad5db001846,10.0
MANEVA,REGGAE,67,1852942,https://i.scdn.co/image/ab6761610000e5eb9ff7709f723192b1ef62fcfe,0.0
MAZZY STAR,DREAM POP,72,1850598,https://i.scdn.co/image/ab6772690000c46c93b4c6192035c98af64d4da3,Outros
RAF CAMORA,GERMAN HIP HOP,73,1850374,https://i.scdn.co/image/ab6761610000e5eb124e69a915968e8648d3bfce,9.0
RK,FRENCH RAP,67,1848110,https://i.scdn.co/image/ab6761610000e5eb964990a86a5e09cc7691f1f4,7.0
DON DIABLO,FUTURE HOUSE,65,1846574,https://i.scdn.co/image/ab6761610000e5eb2c1b304396981b42b6a78198,7.0
CECE WINANS,GOSPEL,67,1845819,https://i.scdn.co/image/ab6761610000e5eb4030caa03ce12f2f3aaa4a0f,7.0
ROCHAK KOHLI,BOLLYWOOD,72,1841785,https://i.scdn.co/image/ab6761610000e5ebe09b58bac3afccac3e6e546b,2.0
EL COYOTE Y SU BANDA TIERRA SANTA,BANDA,68,1841208,https://i.scdn.co/image/ab6761610000e5ebbc81366e7fefc5714ec116e5,7.0
KAYTRANADA,0,72,1840954,https://i.scdn.co/image/ab6761610000e5eb9b9d4fdf5e4cf58e2fa93167,3.0
FAITH EVANS,R&B,64,1838920,https://i.scdn.co/image/ab6761610000e5eb59b1c5df87253aa6bfd1f524,2.0
LATIN MAFIA,LATIN R&B,76,1838910,https://i.scdn.co/image/ab6761610000e5eb8abe977d17e650d4fa2ec093,Outros
HEUSS L'ENFOIRE,FRENCH RAP,63,1838755,https://i.scdn.co/image/ab6761610000e5ebb6e6024ab43689ab74cbe11e,5.0
SURESH WADKAR,BHAJAN,62,1835183,https://i.scdn.co/image/ab6761610000e5eb6a6645c135a44a10f0b0199d,5.0
TAEYANG,K-POP,65,1835065,https://i.scdn.co/image/ab6761610000e5eb496189630cd3cb0c7b593fee,9.0
BLACK LABEL SOCIETY,GROOVE METAL,63,1834654,https://i.scdn.co/image/ab6761610000e5ebca9e1ddb61172c1b9672567a,Outros
HIRAIDAI,J-POP,65,1833860,https://i.scdn.co/image/ab6761610000e5ebc557a2bcff31a30a7c79b6a9,Outros
JOHN COLTRANE,JAZZ,67,1831712,https://i.scdn.co/image/ab6761610000e5eb73c7f7505c1af82929ec41df,7.0
INTERPOL,INDIE ROCK,63,1831162,https://i.scdn.co/image/ab6761610000e5ebc31f8e7aad462874455cf070,Outros
HADES66,TRAP LATINO,75,1830485,https://i.scdn.co/image/ab6761610000e5eb735343874b4f24b657619075,2.0
STEPPENWOLF,CLASSIC ROCK,60,1829824,https://i.scdn.co/image/8208d86ed91c50bc9ffbf8f436c6e323e6bda480,5.0
EDSON & HUDSON,SERTANEJO,60,1828363,https://i.scdn.co/image/ab6761610000e5ebe2a4634c932a89727f383ccc,10.0
PSY,K-POP,63,1827542,https://i.scdn.co/image/ab6761610000e5eb24b5185226d5b7c6aa91db5a,9.0
FABIO ASHER,INDONESIAN POP,67,1826445,https://i.scdn.co/image/ab6761610000e5ebc554dcb6c9536115e141692a,7.0
KR$NA,DESI HIP HOP,64,1826179,https://i.scdn.co/image/ab6761610000e5eb33a750f4e8264286af8e751a,Outros
GERARDO CORONEL,BANDA,66,1825921,https://i.scdn.co/image/ab6761610000e5ebdb14023e9ce5d7474d409804,7.0
VIVEK - MERVIN,TAMIL POP,61,1824904,https://i.scdn.co/image/ab6761610000e5eb383d9210a6a86c4441dc8149,5.0
RICK & RENNER,SERTANEJO TRADICIONAL,62,1823787,https://i.scdn.co/image/ab6761610000e5eb679809b3dd4f94f744ad4721,13.0
TUL8TE,EGYPTIAN HIP HOP,68,1822442,https://i.scdn.co/image/ab6761610000e5eb4581658613860e3dcd4e06d9,7.0
ALLMAN BROTHERS BAND,SOUTHERN ROCK,62,1820745,https://i.scdn.co/image/ab6772690000c46c08f5d15585b77b0cb059717b,Outros
NATE DOGG,G-FUNK,76,1818411,https://i.scdn.co/image/fd5d1f379a33ee26e2dfaf296bbab0970ec95ede,2.0
DHANDA NYOLIWALA,HARYANVI POP,73,1814336,https://i.scdn.co/image/ab6761610000e5eba4d09c7b53f499b8b6fcea12,2.0
APHEX TWIN,IDM,66,1814127,https://i.scdn.co/image/ab6761610000e5ebaa3c91d792eb520a5d58daa5,7.0
IGUINHO E LULINHA,FORRO,64,1813052,https://i.scdn.co/image/ab6761610000e5ebe3ef81c3176d4b8e7d6da6c4,8.0
ANTARA MITRA,BOLLYWOOD,67,1812381,https://i.scdn.co/image/ab6761610000e5eb5b62eed50d71aabaa1ec2c46,7.0
HAMZA,FRENCH RAP,74,1810706,https://i.scdn.co/image/ab6761610000e5eb78aad18b8890189a46286aa4,2.0
P1HARMONY,K-POP,66,1810558,https://i.scdn.co/image/ab6761610000e5ebeed04378a1aa943bb51bf199,9.0
JIMMY EAT WORLD,EMO,67,1810453,https://i.scdn.co/image/ab6761610000e5eb0dc33cfd207772f8e2f6b46f,Outros
FIONA APPLE,ART POP,64,1810278,https://i.scdn.co/image/ab6761610000e5ebf178cbda9bd9a389581ff021,6.0
LUMI ATHENA,HYPERPOP,65,1810232,https://i.scdn.co/image/ab6761610000e5eb783e6eb75bb37e913ee62bae,Outros
ALVARO SOLER,0,64,1810148,https://i.scdn.co/image/ab6761610000e5ebd994b5fba5c6928eeaa7ca3c,3.0
BARRY MANILOW,YACHT ROCK,62,1806520,https://i.scdn.co/image/ab6761610000e5ebb1b2c372dd521ecc092b92ce,Outros
CHAKA KHAN,0,64,1805784,https://i.scdn.co/image/ab6761610000e5eb87b0c6a4811964bd1b7d701f,3.0
NIVEA SOARES,GOSPEL,62,1805156,https://i.scdn.co/image/ab6761610000e5eb5f8539c578b4101d9f17e876,5.0
YOUNG STUNNA,AMAPIANO,60,1804549,https://i.scdn.co/image/ab6761610000e5eb24a6d973ef9ed685c3f4ab27,5.0
MC KADU,BRAZILIAN FUNK,70,1803485,https://i.scdn.co/image/ab6761610000e5eb48ebde532789781918d43b8f,12.0
D-BLOCK EUROPE,GRIME,75,1803482,https://i.scdn.co/image/ab6761610000e5eb0491fcaf1bc0f23d4e57f316,Outros
INSPECTOR,SKA,65,1803474,https://i.scdn.co/image/ab6761610000e5eb470057fb367166bf8145949d,7.0
CULTURE CLUB,0,63,1802845,https://i.scdn.co/image/ab6761610000e5eb5903965a15551fd12feb8b87,3.0
NIMO,GERMAN HIP HOP,70,1802466,https://i.scdn.co/image/ab6761610000e5ebda4d997da08ef15b6a68fcce,9.0
CHICO BUARQUE,MPB,63,1801385,https://i.scdn.co/image/ab6761610000e5eb1f33f0eccfef05940a1ef879,11.0
OLIVIA NEWTON-JOHN,0,68,1801169,https://i.scdn.co/image/a9c4bea41f06c1be30efa9e06cb6e1a07f27e3f5,3.0
LUCKI,CLOUD RAP,76,1798683,https://i.scdn.co/image/ab6761610000e5eba032e6210b0f36b203b9dc43,Outros
GOJIRA,GROOVE METAL,64,1798609,https://i.scdn.co/image/ab6761610000e5eb96c4949ee078fbef5d5adb68,Outros
MINISTERIO ZOE,GOSPEL,62,1797240,https://i.scdn.co/image/ab6761610000e5eb044704fdfe9fa5d57b37531a,5.0
BELLAKATH,REGGAETON MEXA,66,1795073,https://i.scdn.co/image/ab6761610000e5eb3daa2453b14e7249c514e0c6,Outros
IGGY POP,PROTO-PUNK,65,1793631,https://i.scdn.co/image/ab6761610000e5eb21e6d14c3d8aab9887380d00,Outros
SHECK WES,0,63,1791691,https://i.scdn.co/image/ab6761610000e5ebf8728bd0c78cf9df934e17a4,3.0
TASH SULTANA,0,62,1790569,https://i.scdn.co/image/ab6761610000e5eb39423f1ee5fd80db932ceba4,3.0
JOE JONAS,POP,65,1788467,https://i.scdn.co/image/ab6761610000e5eb40e0e143ddf1854d4e9d02b2,6.0
TACO HEMINGWAY,0,68,1787403,https://i.scdn.co/image/ab6761610000e5ebc7b954414587e659d048d826,3.0
DREAM THEATER,PROGRESSIVE METAL,61,1784602,https://i.scdn.co/image/ab6761610000e5eb6c2390469c190a49f3926865,Outros
KPOP DEMON HUNTERS CAST,K-POP,90,1782008,https://i.scdn.co/image/ab67616d0000b2736c1334650ced0e28f0b2e13f,9.0
KSHMR,BIG ROOM,62,1780486,https://i.scdn.co/image/ab6761610000e5ebd1db941d6e307ab229651fae,5.0
THIRD EYE BLIND,0,67,1778866,https://i.scdn.co/image/ab6761610000e5eb6b1e8135b0741308a3f38ded,3.0
BABASONICOS,ARGENTINE ROCK,71,1778208,https://i.scdn.co/image/ab6761610000e5ebba6dcd28bc08e10216e4ca2e,3.0
RITA LEE,MPB,64,1777164,https://i.scdn.co/image/ab6761610000e5eb4127fac942e5106e3c953c63,11.0
LAUREN SPENCER SMITH,0,69,1775919,https://i.scdn.co/image/ab6761610000e5ebb136ed6155ddbc1a73493f14,3.0
GENTE DE ZONA,LATIN,70,1774613,https://i.scdn.co/image/ab6761610000e5eb8dcf938a337680db23215942,Outros
CURRENT JOYS,LO-FI INDIE,70,1774397,https://i.scdn.co/image/ab6761610000e5eb4a0ff79c4f265a74b3037b22,7.0
NECK DEEP,POP PUNK,64,1773711,https://i.scdn.co/image/ab6761610000e5eb2a272be2fa6777404247dc2b,Outros
ALMIGHTY,TRAP LATINO,75,1773428,https://i.scdn.co/image/ab6761610000e5eb7716e834763cacc1568e81a3,2.0
ANNA,ITALIAN TRAP,67,1770236,https://i.scdn.co/image/ab6761610000e5eb16ee63e6124b1f5ad58c6b35,8.0
LUCKY DUBE,REGGAE,61,1766319,https://i.scdn.co/image/ab6761610000e5eb55f46d4783233c46e22fed98,0.0
SASHA ALEX SLOAN,0,67,1764658,https://i.scdn.co/image/ab6761610000e5eb10b7ef8a43b16465acdc0e1d,3.0
K CAMP,R&B,61,1764224,https://i.scdn.co/image/ab6761610000e5eb2948cd9251b72583d6319140,2.0
SURF CURSE,INDIE,69,1764104,https://i.scdn.co/image/ab6761610000e5eb7fabcff4fe07270f07039355,Outros
GOKSEL,TURKISH POP,62,1763075,https://i.scdn.co/image/ab6761610000e5ebc290487c8a04d3d1a60de9ea,5.0
YUNG GRAVY,0,67,1762206,https://i.scdn.co/image/ab6761610000e5eb19db287e62460bc04d54e173,3.0
PABLO CHILL-E,CHILEAN TRAP,70,1761681,https://i.scdn.co/image/ab6761610000e5eb520b92c668acbb897e22e4ae,7.0
RAIM LAODE,INDONESIAN POP,69,1761423,https://i.scdn.co/image/ab6761610000e5eb36773c2a7ae7faaedc3daac3,7.0
ANNIE LENNOX,SYNTHPOP,71,1761267,https://i.scdn.co/image/2bf002eded5952f81c6254286d9a2d354586f070,Outros
STEREOPHONICS,BRITPOP,66,1757571,https://i.scdn.co/image/ab6761610000e5ebd170ea5fdc51c2210660c37e,Outros
KING PRINCESS,0,61,1757154,https://i.scdn.co/image/ab6761610000e5eb93aabf622c4b901548712c02,3.0
MOTIVE,TURKISH HIP HOP,74,1755299,https://i.scdn.co/image/ab6761610000e5eb8dbab2612ba5c01b1b01f952,2.0
CONNOR PRICE,R&B,72,1753377,https://i.scdn.co/image/ab6761610000e5ebc2a6cbf9d14141af68ebd141,2.0
JUNGLE,0,70,1751062,https://i.scdn.co/image/ab6761610000e5eb21f6e9ccd576bb2ef541a3fe,3.0
HUEY LEWIS & THE NEWS,0,63,1751002,https://i.scdn.co/image/ab6761610000e5eb8dfb95eb4902b28206963614,3.0
ERIC CHOU,MANDOPOP,65,1747940,https://i.scdn.co/image/ab6761610000e5eb32cabef34602bad95decc49e,7.0
OLD DOMINION,COUNTRY,66,1746752,https://i.scdn.co/image/ab6761610000e5eb54d40054752b2770df0a646f,7.0
CHARLES AZNAVOUR,CHANSON,65,1746227,https://i.scdn.co/image/ab6761610000e5eb9df3ab10872287c871c7a1be,7.0
THE STONE ROSES,MADCHESTER,63,1744192,https://i.scdn.co/image/b402bab4eb25e953eef911e1fde6076e116ce0b2,5.0
PEDRO CAPO,LATIN POP,66,1744016,https://i.scdn.co/image/ab6761610000e5eb4d3bdb12e5ac3ef6dbbefdfa,6.0
MALU,FLAMENCO POP,60,1742736,https://i.scdn.co/image/ab6761610000e5eb1350eecb71722e3502e37bd0,5.0
DON HENLEY,YACHT ROCK,64,1742640,https://i.scdn.co/image/e3bb4b09ffbf0a8f420ae14837208056cf64451e,Outros
BENGU,TURKISH POP,64,1741817,https://i.scdn.co/image/ab6761610000e5ebfe6a920dc494f8624ff2aaba,7.0
GRUPO LOS DE LA O,CORRIDO,63,1741515,https://i.scdn.co/image/ab6761610000e5ebaf711802ee1dc99a6726bbd1,5.0
TYPE O NEGATIVE,GOTHIC METAL,65,1736516,https://i.scdn.co/image/ab6761610000e5eb843df562d1bad7f5163fd164,7.0
CHRISTINE D'CLARIO,CHRISTIAN,63,1735886,https://i.scdn.co/image/ab6761610000e5eb8d6ebc95b68d20c30de36698,Outros
SHOTA SHIMIZU,J-POP,64,1732434,https://i.scdn.co/image/ab6761610000e5eb49b792517635443b9cd987a1,Outros
EGOR KREED,0,61,1731954,https://i.scdn.co/image/ab6761610000e5eb93f5ad650283a0c4b9de8878,3.0
MARK KNOPFLER,SOFT ROCK,64,1731368,https://i.scdn.co/image/ab6761610000e5eb94b957255b1e4d4ddcc470ce,Outros
NARESH IYER,TAMIL POP,69,1730196,https://i.scdn.co/image/ab6761610000e5eb91b1fee63c1f640fac0e9201,7.0
VICENTICO,ARGENTINE ROCK,61,1729268,https://i.scdn.co/image/ab6761610000e5ebbb862018edbbaeaeb0f960d0,3.0
BRIAN MCKNIGHT,QUIET STORM,61,1728806,https://i.scdn.co/image/ab6761610000e5ebccd9085c5dbc5f5a991ae59c,5.0
BEDOES 2115,0,70,1726702,https://i.scdn.co/image/ab6761610000e5eb0f17dc6c95782ddda750fb53,3.0
NESSA BARRETT,0,69,1725801,https://i.scdn.co/image/ab6761610000e5ebd9135876f44bfb446e78c07c,3.0
PALOMO,NORTENO,62,1724851,https://i.scdn.co/image/ab6761610000e5eb812e1eb121308366d5bf037f,5.0
BLUE OYSTER CULT,CLASSIC ROCK,64,1724407,https://i.scdn.co/image/ab6761610000e5eba50ccc99f741a7899654bc16,7.0
PXNDX,ROCK EN ESPANOL,67,1722439,https://i.scdn.co/image/ab6761610000e5ebb567ff9dc4dc5f2dc1201daa,7.0
FMK,ARGENTINE TRAP,65,1722185,https://i.scdn.co/image/ab6761610000e5ebc18549f048034e9a33802a72,7.0
BECK,ANTI-FOLK,65,1721742,https://i.scdn.co/image/ab6761610000e5eb917df61d55ce3ab98d43351a,Outros
CKAY,AFROBEATS,68,1721108,https://i.scdn.co/image/ab6761610000e5eb0c09347b3eb8879406da7dca,7.0
CAROLE KING,SINGER-SONGWRITER,63,1716854,https://i.scdn.co/image/ab6761610000e5ebea6c3263b9aeda33707faee5,5.0
NONT TANONT,THAI POP,63,1716168,https://i.scdn.co/image/ab6761610000e5ebd88c290d774ae0a19362d54c,6.0
HARISH RAGHAVENDRA,TAMIL POP,64,1715691,https://i.scdn.co/image/ab67616d0000b273fd948576b38a29d6b2b87301,7.0
SHIRAZ UPPAL,QAWWALI,63,1715443,https://i.scdn.co/image/ab6761610000e5eba9728c40763fd6d54c6ca550,5.0
TRIVIUM,METALCORE,63,1715185,https://i.scdn.co/image/ab6761610000e5ebab21a41e346730ff64be53c2,0.0
GAAB,PAGODE,65,1715110,https://i.scdn.co/image/ab6761610000e5eb15aab7a8920a4b6f9df4519e,1.0
DESTROY LONELY,RAGE RAP,73,1712921,https://i.scdn.co/image/ab6761610000e5ebc83ffef1cbf86d4d17e862d8,Outros
ODESZA,CHILLWAVE,66,1712859,https://i.scdn.co/image/ab6761610000e5eb9f4a0cbfcc9b274344681ccb,7.0
ROYAL BLOOD,GARAGE ROCK,62,1710815,https://i.scdn.co/image/ab6761610000e5eb084460131f00afc4621c4e38,Outros
ALEKS SYNTEK,LATIN POP,65,1710769,https://i.scdn.co/image/ab6761610000e5eb8c3afed6aabc7bfeaca50771,6.0
POPPY,0,68,1709755,https://i.scdn.co/image/ab6761610000e5eb9602d4f4d6faad23dcdf1b99,3.0
YOUNG THE GIANT,0,65,1707975,https://i.scdn.co/image/ab6761610000e5ebe1af1323b5e4017f8bfcb2b3,3.0
THE BANGLES,JANGLE POP,62,1706212,https://i.scdn.co/image/ab6761610000e5ebff0fb8cdea3f4b4ba33e8b08,5.0
6ARELYHUMAN,HYPERPOP,66,1704176,https://i.scdn.co/image/ab6761610000e5eb1ff4396b12f4b16d3abfa0cb,Outros
EL JORDAN 23,REGGAETON CHILENO,64,1702609,https://i.scdn.co/image/ab6761610000e5ebc99be602f5beac87049ca7c1,7.0
GIGI PEREZ,0,76,1700327,https://i.scdn.co/image/ab6761610000e5ebd58f13475be93b37bb63893f,3.0
MC RICK,BRAZILIAN FUNK,67,1699734,https://i.scdn.co/image/ab6761610000e5ebb39e268c8e9b21602d1e7635,12.0
SAL PRIADI,INDONESIAN INDIE,70,1697674,https://i.scdn.co/image/ab6761610000e5ebee44c322de1daaa43c1fba40,7.0
YOUNG NUDY,0,69,1695474,https://i.scdn.co/image/ab6761610000e5eb03775f1dcd383778c1e8832d,3.0
LIL JON,CRUNK,74,1695028,https://i.scdn.co/image/ab6761610000e5ebf893feb44e74c8b4c15ecc95,2.0
THE ALAN PARSONS PROJECT,PROGRESSIVE ROCK,64,1690843,https://i.scdn.co/image/3e90d18b7375a0e78340d23f72822646c4cc3b70,Outros
TZANCA URAGANU,MANELE,62,1690140,https://i.scdn.co/image/ab6761610000e5ebe29fe69aad3a7d12cb3d1b40,5.0
SAKANACTION,J-POP,66,1689138,https://i.scdn.co/image/ab6761610000e5ebe280cb4178f607eac8a8631e,Outros
NEUTRO SHORTY,TRAP LATINO,63,1689066,https://i.scdn.co/image/ab6761610000e5ebcf551cc23e7ec4bb51fdb86f,5.0
WAYLON JENNINGS,OUTLAW COUNTRY,68,1688772,https://i.scdn.co/image/ab6761610000e5ebbb45c7bb750374d4e5a4577a,7.0
BLANCO,0,65,1688641,https://i.scdn.co/image/ab6761610000e5eb0ada312688928b4beb6ce2dc,3.0
PRETENDERS,ROCK,64,1688485,https://i.scdn.co/image/ab6761610000e5ebe1e579234621464c62c08f63,14.0
THE CARDIGANS,SWEDISH POP,70,1686194,https://i.scdn.co/image/ab6761610000e5eb4458cf04006a95a1afa067f0,7.0
GYM CLASS HEROES,HIP HOP,69,1685753,https://i.scdn.co/image/ab6761610000e5ebaf10fe1f51451ea941b2d798,Outros
THE NATIONAL,INDIE ROCK,64,1684386,https://i.scdn.co/image/ab6761610000e5ebb6399a59b6016b1d1e8feb67,Outros
BARBRA STREISAND,ADULT STANDARDS,63,1683688,https://i.scdn.co/image/ab6761610000e5ebf78341630056283b6d617753,5.0
FABRI FIBRA,ITALIAN TRAP,67,1682291,https://i.scdn.co/image/ab6761610000e5eb9ad1bfa34330b53f59460c31,8.0
EDDIE VEDDER,0,62,1682266,https://i.scdn.co/image/ab6761610000e5eb98a58862098f8be6496ba9d6,3.0
YUNG BLEU,0,62,1680505,https://i.scdn.co/image/ab6761610000e5ebf1bc68595c67df3ab0ab4b43,3.0
GEISHA,INDONESIAN POP,64,1679237,https://i.scdn.co/image/ab6761610000e5eb19a949dbbbc98909cd682ff3,7.0
K-PAZ DE LA SIERRA,DURANGUENSE,63,1678169,https://i.scdn.co/image/ab6761610000e5eb45aeeaad99c30eef4f15c1a2,5.0
EL MIMOSO LUIS ANTONIO LOPEZ,BANDA,65,1677796,https://i.scdn.co/image/ab6761610000e5eb420a9f59e7110f8980ba7110,7.0
LOS BUNKERS,LATIN ROCK,66,1677501,https://i.scdn.co/image/ab6761610000e5eb02d4a255fa006a90b4aa0605,6.0
MISFITS,HORROR PUNK,64,1677111,https://i.scdn.co/image/ab6761610000e5eb030d67ff9576754ff230b2c0,7.0
TOO $HORT,HYPHY,63,1676197,https://i.scdn.co/image/ab6761610000e5ebe1000f5b1cde8889cf4dc44b,5.0
FUGEES,EAST COAST HIP HOP,66,1675735,https://i.scdn.co/image/dd757e1fca99ac0a3da9aa6c2969bc696cc672ce,Outros
CHEAP TRICK,POWER POP,60,1674486,https://i.scdn.co/image/ab6772690000c46c5ad27b7aba43e761f7e3ec46,Outros
DERMOT KENNEDY,0,70,1674361,https://i.scdn.co/image/ab6761610000e5eb18b9e835717c1e54668d0d03,3.0
JUAN MAGAN,REGGAETON,69,1673248,https://i.scdn.co/image/ab6761610000e5ebd0db36287291ce14d237ffc1,Outros
FKJ,0,64,1669513,https://i.scdn.co/image/ab6761610000e5eb6008518ffc2479a241c30754,3.0
ALABAMA,CLASSIC COUNTRY,65,1669184,https://i.scdn.co/image/e62bc7c5b919ceb8145d0c73e8d04c7b8b066f73,7.0
REN,0,68,1668765,https://i.scdn.co/image/ab6761610000e5ebd8099257b7798dd6e30f3511,3.0
MICHAEL KIWANUKA,SOUL,67,1668233,https://i.scdn.co/image/ab6761610000e5eb970e66fdac7be4f4829d4b05,7.0
BHAVI,ARGENTINE TRAP,67,1667629,https://i.scdn.co/image/ab6761610000e5eb4cbfcb2bd86ae25f5acfe834,7.0
JESSIE MURPH,0,78,1663928,https://i.scdn.co/image/ab6761610000e5ebabb501717aa1717ea4798061,3.0
JAIRO VERA,REGGAETON CHILENO,66,1662985,https://i.scdn.co/image/ab6761610000e5eb2a93c210fd0340f2bae25f64,7.0
MC LIPI,FUNK CONSCIENTE,65,1661963,https://i.scdn.co/image/ab6761610000e5eb2f6165d94eced78b39b186dc,7.0
LUCHE,ITALIAN TRAP,69,1661522,https://i.scdn.co/image/ab6761610000e5ebba678d4998e5407380b0a688,8.0
MIKE WILL MADE-IT,0,64,1661256,https://i.scdn.co/image/ab6761610000e5eba1b8879b06ed8204f15d9bc0,3.0
EMIS KILLA,ITALIAN TRAP,63,1661185,https://i.scdn.co/image/ab6761610000e5eb1f22144b6825d322cbe4d059,8.0
JIM CROCE,FOLK ROCK,66,1660653,https://i.scdn.co/image/9f9b40704e3361c93ea8a8b7a86a5d9ee755466e,Outros
YELLOWCARD,POP PUNK,65,1659121,https://i.scdn.co/image/ab6761610000e5eb6b950048b4781d0e95bd9c2c,Outros
NAZARETH,HARD ROCK,60,1657076,https://i.scdn.co/image/ab6761610000e5ebc5bc094a1280845770d009fa,Outros
SWARNALATHA,TAMIL POP,68,1656127,https://i.scdn.co/image/ab67616d0000b2738b0b9d60275bb26eaabc92fe,7.0
CLAUDE DEBUSSY,CLASSICAL,69,1650866,https://i.scdn.co/image/5e1155c852578ddf5d2cfea94ccb3a8a65efa882,Outros
TITO TORBELLINO,CORRIDO,62,1649826,https://i.scdn.co/image/ab67616d0000b273a04631682c41931957b9111a,5.0
AMERICAN AUTHORS,0,63,1649558,https://i.scdn.co/image/ab6761610000e5eb76fa6126d926bd6302239aba,3.0
ADRIEL FAVELA,CORRIDO,61,1649251,https://i.scdn.co/image/ab6761610000e5ebdb4b38fafee978fedfc44392,5.0
BENNY BLANCO,0,74,1648327,https://i.scdn.co/image/ab6761610000e5eb9e339e423b680759b0006a63,3.0
LONDON GRAMMAR,0,65,1646935,https://i.scdn.co/image/ab6761610000e5eb03fca863ba2e1e379ad19998,3.0
MINDLESS SELF INDULGENCE,0,71,1646757,https://i.scdn.co/image/786910afed9a2c3589d522a062c64fb4197d55ca,3.0
ALTAMASH FARIDI,BOLLYWOOD,67,1646453,https://i.scdn.co/image/ab67616d0000b273130330c03519a50ed76ad3f6,7.0
LOLA INDIGO,0,65,1645408,https://i.scdn.co/image/ab6761610000e5eb04b2cd112fa64c3b9c35afe5,3.0
KHALED,RAI,60,1643883,https://i.scdn.co/image/ab6761610000e5eb8cadcbb69a08b4aed788923b,5.0
ELLA HENDERSON,0,68,1643651,https://i.scdn.co/image/ab6761610000e5ebeaec0febbefd0b52023e9425,3.0
TOKISCHA,DEMBOW,70,1642340,https://i.scdn.co/image/ab6761610000e5ebef5f39dfc3f133ab974dbf3b,7.0
JEFF SATUR,T-POP,64,1642310,https://i.scdn.co/image/ab6761610000e5eb8b24c2fdf9a1b476eecdb4d7,Outros
JONI MITCHELL,FOLK,62,1642172,https://i.scdn.co/image/68cfb061951dbd44c95422a54cb70baec0722ca3,5.0
SKEPTA,GRIME,76,1641871,https://i.scdn.co/image/ab6761610000e5ebdb7e42a0c4dced06214fcdb6,Outros
UP DHARMA DOWN,OPM,64,1640593,https://i.scdn.co/image/ab6761610000e5eb0d9af87a78a52846b4706b28,7.0
HALESTORM,0,65,1640202,https://i.scdn.co/image/ab6761610000e5ebae3a9674a21b3bcf6d8a06d1,3.0
JAY ROCK,0,70,1640037,https://i.scdn.co/image/ab6761610000e5eb9c48431caf52a2d0f38433ff,3.0
MOS DEF,EAST COAST HIP HOP,66,1637544,https://i.scdn.co/image/d39cd5769332fb51014cc1cc9934c8890fcd49f7,Outros
ILLENIUM,MELODIC BASS,71,1635952,https://i.scdn.co/image/ab6761610000e5eb98e56c05d6acbf782609afa2,Outros
JOK'AIR,FRENCH RAP,67,1635368,https://i.scdn.co/image/ab6761610000e5ebc9c93c8efc8b55ff892cc337,7.0
RAIMUNDOS,BRAZILIAN ROCK,61,1634928,https://i.scdn.co/image/ab6761610000e5ebc658c7d04e7d1a107760ecf0,9.0
OGUZHAN KOC,TURKISH POP,61,1633510,https://i.scdn.co/image/ab6761610000e5eb09d1649f57b77db3682a8a42,5.0
TRAVIS TRITT,CLASSIC COUNTRY,65,1632647,https://i.scdn.co/image/ab6761610000e5eba8c570d026bf6b373b2fb307,7.0
MC LUUKY,BRAZILIAN FUNK,75,1631519,https://i.scdn.co/image/ab6761610000e5ebec1fef19ee9676f9ce662f39,12.0
MC MANEIRINHO,BRAZILIAN TRAP,62,1631168,https://i.scdn.co/image/ab6761610000e5eb74944225bf8e3dc06bc5f557,8.0
XIMENA SARINANA,LATIN INDIE,65,1630832,https://i.scdn.co/image/ab6761610000e5eb84d35c38e2f7e0a8801ca26d,7.0
ADOLESCENT'S ORQUESTA,SALSA,70,1630680,https://i.scdn.co/image/ab6761610000e5eb34a426f4d570c4c483cc90cb,7.0
BARAK,CHRISTIAN,64,1628851,https://i.scdn.co/image/ab6761610000e5ebd80e83cf2026be302bd24b5b,Outros
HANSRAJ RAGHUWANSHI,BHAJAN,63,1628348,https://i.scdn.co/image/ab6761610000e5eb2feffce3170e287e2c143dc7,5.0
JORDAN DAVIS,COUNTRY,72,1628315,https://i.scdn.co/image/ab6761610000e5eb2a02b713cac51be638001b05,2.0
YAN BLOCK,0,82,1627854,https://i.scdn.co/image/ab6761610000e5eb1da4b46f64bb40d556b5684f,3.0
MAGIC!,POP,68,1627837,https://i.scdn.co/image/ab6761610000e5eb8b68d29a8713b8260aa18e19,6.0
COLTER WALL,OUTLAW COUNTRY,70,1627218,https://i.scdn.co/image/ab6761610000e5eb882233b1dcce1d30dec22ce8,7.0
BOW WOW,R&B,60,1625161,https://i.scdn.co/image/ab6761610000e5ebdabcde5a80653290a9f0afad,2.0
YOUNG M.A,0,62,1625099,https://i.scdn.co/image/ab6761610000e5eb2f1177c2d816a671990b308f,3.0
NARDO WICK,0,62,1620395,https://i.scdn.co/image/ab6761610000e5eb5f9a514b78fb68c14233e867,3.0
KACEY MUSGRAVES,0,73,1618729,https://i.scdn.co/image/ab6761610000e5ebc548c7ff983f25641dc71ffe,3.0
JAURIA SANTA,MEXICAN HIP HOP,66,1616115,https://i.scdn.co/image/ab6761610000e5eb3324ed9662c15a32cec5181a,7.0
MATOGROSSO & MATHIAS,SERTANEJO TRADICIONAL,65,1615717,https://i.scdn.co/image/ab6761610000e5ebc99db2db6ab4e655c4d089f3,13.0
QUALITY CONTROL,0,65,1615071,https://i.scdn.co/image/ab67616d0000b273f5c547a4335523f10a802f94,3.0
JOHN WILLIAMS,SOUNDTRACK,73,1614618,https://i.scdn.co/image/ab6761610000e5eb86b13e4d2e65ebf694384ef4,2.0
ANAND RAJ ANAND,BOLLYWOOD,63,1613959,https://i.scdn.co/image/ab6761610000e5ebd0c4050859e273477e1f2b9b,5.0
RICO BLANCO,OPM,66,1613676,https://i.scdn.co/image/ab6761610000e5eb3e0f42db36239a70661ad224,7.0
TIPPU,TAMIL DANCE,68,1611754,https://i.scdn.co/image/ab6761610000e5ebb6206906f4aa197f662b43f5,7.0
HONNE,0,62,1609753,https://i.scdn.co/image/ab6761610000e5ebc19adef627892ffdee631d1a,3.0
ABRAHAM MATEO,0,69,1609320,https://i.scdn.co/image/ab6761610000e5ebc37b5aff82743fd506ae3f47,3.0
ISAIAH RASHAD,0,66,1608658,https://i.scdn.co/image/ab6761610000e5eb1ff1685224034e6c12538722,3.0
SIDDHARTHA,MEXICAN INDIE,68,1606747,https://i.scdn.co/image/ab6761610000e5ebf186cd9203f5fc01a6cd1079,Outros
EXTREMODURO,0,65,1606578,https://i.scdn.co/image/ab6761610000e5eb12434039f9760438626cf90b,3.0
BORIS BREJCHA,MINIMAL TECHNO,62,1605226,https://i.scdn.co/image/ab6761610000e5eb2cc3d29c6605e96958abf585,5.0
MASEGO,0,70,1604018,https://i.scdn.co/image/ab6761610000e5eba12539a9a66ddf0b498d4d4a,3.0
MC GW,PHONK,79,1604015,https://i.scdn.co/image/ab6761610000e5eba5c9a915be3bb408e03aa855,2.0
NAVAAN SANDHU,PUNJABI POP,71,1603044,https://i.scdn.co/image/ab6761610000e5eb6c0d944d3e236316a855cc59,2.0
YOVNGCHIMI,TRAP LATINO,69,1602854,https://i.scdn.co/image/ab6761610000e5eb73fab5be14367649f157af42,7.0
42 DUGG,0,69,1602614,https://i.scdn.co/image/ab6761610000e5eb40c29d16a1bc236c8c67bb14,3.0
KUMAAR,BOLLYWOOD,76,1601373,https://i.scdn.co/image/ab6761610000e5eb16fed6a4df005be8a121761a,2.0
NEMZZZ,UK DRILL,74,1600142,https://i.scdn.co/image/ab6761610000e5ebe72faee553df31d16c58dbf1,2.0
TRIBALISTAS,MPB,62,1596852,https://i.scdn.co/image/ab6761610000e5ebcaf37072c83daf4d76a7ee42,11.0
EVE,R&B,68,1595259,https://i.scdn.co/image/ab6761610000e5eb62423f0aa64340b1fe57c0a3,2.0
MOLCHAT DOMA,POST-PUNK,62,1594401,https://i.scdn.co/image/ab6761610000e5eb361fadaa6cab897cf6722f72,Outros
AKHIL SACHDEVA,HINDI POP,65,1593109,https://i.scdn.co/image/ab6761610000e5eb0b5162a71d6f7914c81e5a05,Outros
GNASH,0,60,1589606,https://i.scdn.co/image/ab6761610000e5eb78e3e309ea0bf5dfb2192469,3.0
GULZAR,BOLLYWOOD,66,1588962,https://i.scdn.co/image/ab6761610000e5eb27444a2555c1538c36d54c61,7.0
MEN AT WORK,0,68,1588141,https://i.scdn.co/image/ab6761610000e5ebe856945244d104fcef298237,3.0
RIM'K,FRENCH RAP,64,1586252,https://i.scdn.co/image/ab6761610000e5eb57cc4cdc09e3cc3004ebe9ba,7.0
PAILITA,REGGAETON CHILENO,64,1585438,https://i.scdn.co/image/ab6761610000e5ebc8c5cac053bbfecd381b5bce,7.0
AIRBAG,ARGENTINE ROCK,72,1584714,https://i.scdn.co/image/ab6761610000e5eb7e7ce771bde5235afd45cb43,3.0
RAUF & FAIK,0,62,1584016,https://i.scdn.co/image/ab6761610000e5eb66d39e798c7ba2ef8578799a,3.0
SIGALA,0,65,1581949,https://i.scdn.co/image/ab6761610000e5eb2287136f17708c9d01fa538c,3.0
VINOD RATHOD,GUJARATI GARBA,63,1581925,https://i.scdn.co/image/ab6761610000e5eb932320f8eb2ecd66ce86fec4,5.0
JESSIE REYEZ,0,69,1580374,https://i.scdn.co/image/ab6761610000e5eb07a189e14b42d3c65d543c92,3.0
LIZZY MCALPINE,0,76,1579409,https://i.scdn.co/image/ab6761610000e5eb912df0c93a5dc290d3c8816e,3.0
FLO MILLI,0,68,1579183,https://i.scdn.co/image/ab6761610000e5eb2dd4342359c7b3aca2bca63c,3.0
MODEST MOUSE,INDIE ROCK,63,1576398,https://i.scdn.co/image/ab6761610000e5eb39b413eb76d2ae87496d76b8,Outros
JC REYES,FLAMENCO URBANO,78,1571641,https://i.scdn.co/image/ab6761610000e5eb7478dc640b54483093bf5bed,2.0
LEANN RIMES,0,62,1570698,https://i.scdn.co/image/ab6761610000e5eb0ee40ceec2d8952bb3804496,3.0
GZUZ,GERMAN HIP HOP,72,1570134,https://i.scdn.co/image/ab6761610000e5eb453e916aad0e481ee1263851,9.0
NICK CAVE & THE BAD SEEDS,0,64,1569415,https://i.scdn.co/image/ab6761610000e5eb6bc10cacb013806f27aa7700,3.0
THE PRETTY RECKLESS,0,63,1568603,https://i.scdn.co/image/ab6761610000e5ebe47281f2be70ada41b934a71,3.0
BRUNO MAJOR,0,63,1567842,https://i.scdn.co/image/ab6761610000e5eb5b43a1fdff498297feb1d128,3.0
BRANDON LAKE,WORSHIP,76,1566952,https://i.scdn.co/image/ab6761610000e5eb8ba23cfe3ff56cc69b68f10e,2.0
LAINEY WILSON,COUNTRY,74,1566130,https://i.scdn.co/image/ab6761610000e5ebfcf27dfaf8c19bd4769b6597,2.0
JAMES MORRISON,ROCK,63,1563247,https://i.scdn.co/image/ab6761610000e5eb7793e59a0beb24340f6b0e37,14.0
VULGO FK,BRAZILIAN TRAP,72,1561039,https://i.scdn.co/image/ab6761610000e5ebfee7ad420b223bd25ea93efd,8.0
SLEEPING AT LAST,0,68,1559793,https://i.scdn.co/image/ab6761610000e5ebef7d865b0415af87357244d0,3.0
GILBERTO GIL,MPB,65,1559730,https://i.scdn.co/image/ab6761610000e5ebdf423bfb01afb1cf3d60d61a,11.0
IKIMONOGAKARI,ANIME,63,1559431,https://i.scdn.co/image/ab6761610000e5ebe142667346475389bd9d92ca,Outros
SAVAGE GARDEN,0,65,1559184,https://i.scdn.co/image/ab6761610000e5eba218283491135c3c72911719,3.0
JAMES BLAKE,0,70,1556637,https://i.scdn.co/image/ab6761610000e5eb93fe5fc8fdb5a98248911a07,3.0
RICHARD MARX,SOFT ROCK,68,1555964,https://i.scdn.co/image/ab6772690000c46cfc12d2f1fba4838bb08e8073,Outros
THE SCORE,0,66,1554153,https://i.scdn.co/image/ab6761610000e5ebc1fded2a185c54df399fe63a,3.0
NUJABES,JAZZ RAP,67,1551330,https://i.scdn.co/image/ab6761610000e5eb57f19d2f179b00207bfb3155,Outros
THE CHICKS,COUNTRY,66,1551010,https://i.scdn.co/image/ab6761610000e5eb43d9d87bba466538f5c40901,7.0
PAOLO NUTINI,0,66,1547760,https://i.scdn.co/image/ab6761610000e5eb5b30c7c50a4dc96f5d5872d5,3.0
ELIS REGINA,MPB,62,1546372,https://i.scdn.co/image/ab6761610000e5eb0fa315c76bb4539c6efa2966,11.0
IREM DERICI,TURKISH POP,60,1546045,https://i.scdn.co/image/ab6761610000e5eb19676ab29f3cda63747ed0a5,5.0
DE LA ROSE,0,80,1546025,https://i.scdn.co/image/ab6761610000e5ebb7c16668bfc8e67b329ce7c6,3.0
INNA,EUROPOP,71,1544384,https://i.scdn.co/image/ab6761610000e5eb571bd5587850d252e8fc892d,2.0
NOCAP,0,63,1542178,https://i.scdn.co/image/ab6761610000e5ebcfe87496e824428c11c00a36,3.0
LUIGI 21 PLUS,REGGAETON,65,1541682,https://i.scdn.co/image/ab6761610000e5eb30b631283ebcdd3964c9a24a,Outros
NEO PISTEA,ARGENTINE TRAP,64,1540930,https://i.scdn.co/image/ab6761610000e5eb470a058eb6cb20e0fdd55c55,7.0
LOS ORIGINALES DE SAN JUAN,CORRIDO,63,1540499,https://i.scdn.co/image/ab6761610000e5ebaa24f8198d0556febd4425e9,5.0
ALEX_G_OFFLINE,0,66,1540389,https://i.scdn.co/image/ab67616d0000b273072e2599e77865ae194b8345,3.0
THE RED JUMPSUIT APPARATUS,POP PUNK,63,1539190,https://i.scdn.co/image/ab6761610000e5ebb579588b5cd5582f6c83f6f7,Outros
PYOTR ILYICH TCHAIKOVSKY,CLASSICAL,71,1539039,https://i.scdn.co/image/9a7c31f43e22a95f6d3c57baf4f87a3a9d2b93e0,Outros
AZET,GERMAN HIP HOP,70,1538983,https://i.scdn.co/image/ab6761610000e5ebd899c38bbd85eabe5bebe0b1,9.0
DIEGO & ARNALDO,SERTANEJO,67,1537382,https://i.scdn.co/image/ab6761610000e5eb6309cc0e5ea99333aaea57e8,10.0
OXLADE,AFROBEATS,62,1536658,https://i.scdn.co/image/ab6761610000e5eb2cdb1148e14bf21f3adc78de,5.0
THUNDERCAT,0,69,1536445,https://i.scdn.co/image/ab6761610000e5eb6941830307896269157f7dd4,3.0
MIKE POSNER,0,69,1535512,https://i.scdn.co/image/ab6761610000e5eb85e71ac37632766429b0c2cb,3.0
UNNI MENON,TAMIL POP,63,1532906,https://i.scdn.co/image/ab67616d0000b273bf200632689debae4f2ae41f,5.0
PORTUGAL. THE MAN,0,71,1532080,https://i.scdn.co/image/ab6761610000e5eb86a31e209d56d3331b832d23,3.0
SAM C.S.,TAMIL POP,65,1531540,https://i.scdn.co/image/ab6761610000e5ebd375a28b3da7b612d9b92c7e,7.0
FOR KING & COUNTRY,CHRISTIAN,66,1531229,https://i.scdn.co/image/ab6761610000e5ebe16ff00d22340a29172c0f94,Outros
CESARE CREMONINI,ITALIAN SINGER-SONGWRITER,66,1530823,https://i.scdn.co/image/ab6761610000e5eb6e902d19e31e358becea34ee,7.0
GLEE CAST,CHRISTMAS,69,1530297,https://i.scdn.co/image/5b5a95f260ac429405e871777e3c17c9126c30ad,Outros
CALCINHA PRETA,FORRO,66,1528855,https://i.scdn.co/image/ab6761610000e5eb8a03f908ece3a577ed59691c,8.0
PADRE MARCELO ROSSI,GOSPEL,63,1526532,https://i.scdn.co/image/ab6761610000e5eba8d6dc284603820ba76755a1,5.0
TOBYMAC,CHRISTIAN,67,1526156,https://i.scdn.co/image/ab6761610000e5eb0f02deacc1cfdb22aabb3a49,Outros
KIZO,0,66,1524538,https://i.scdn.co/image/ab6761610000e5ebf8e135724247e48c928bfd2c,3.0
NIGHT LOVELL,EMO RAP,66,1522663,https://i.scdn.co/image/ab6761610000e5ebb71467f7ae98d2dfc256d854,7.0
CHUYIN,CORRIDO,71,1521541,https://i.scdn.co/image/ab6761610000e5ebbb44e496eebee8d42ba9b5c5,2.0
JON BELLION,0,66,1521046,https://i.scdn.co/image/ab6761610000e5ebbdc0709eec4b28557926fab6,3.0
LOS ALEGRES DEL BARRANCO,CORRIDO,68,1519706,https://i.scdn.co/image/ab6761610000e5eb04dd6a93ebb221ddde5b057e,7.0
ALVARO DIAZ,0,75,1518697,https://i.scdn.co/image/ab6761610000e5ebeac78a6231119f3799667ffb,3.0
GOPI SUNDAR,MOLLYWOOD,65,1518504,https://i.scdn.co/image/ab6761610000e5eb1a17377fa816d625eb8e7435,7.0
MERLE HAGGARD,CLASSIC COUNTRY,61,1518164,https://i.scdn.co/image/3c40c48783d62db32dff0bd510250d7532b856ee,5.0
VITAA,FRENCH R&B,63,1517373,https://i.scdn.co/image/ab6761610000e5ebc9da171aa0c11277130c3a9b,5.0
TRIO PARADA DURA,SERTANEJO TRADICIONAL,62,1517368,https://i.scdn.co/image/ab6761610000e5eb1cf4338612bd3c9e140b6d11,13.0
MARIA BETHANIA,MPB,64,1514533,https://i.scdn.co/image/ab6761610000e5eb6dd0de52c3b1a36a6400eb6d,11.0
RATA BLANCA,ROCK EN ESPANOL,63,1513116,https://i.scdn.co/image/ab6761610000e5ebfa3cc18cceab8df8d1e4c086,5.0
DPR IAN,K-RAP,63,1511691,https://i.scdn.co/image/ab6761610000e5ebe7cf64e17ae7a7ea4173f5ea,Outros
PIPE BUENO,POPULAR COLOMBIAN MUSIC,60,1507011,https://i.scdn.co/image/ab6761610000e5ebe0855e690b4191d1f71ad93a,5.0
WHITE 2115,0,68,1506412,https://i.scdn.co/image/ab6761610000e5eb324b9a637a9580627143f431,3.0
PALOMA FAITH,0,65,1506336,https://i.scdn.co/image/ab6761610000e5eb7265a79cf26c2e4b3fed8d66,3.0
BLACK COFFEE,AFRO HOUSE,65,1506293,https://i.scdn.co/image/ab6761610000e5eb980bed716b6784a79aabf00e,7.0
AXWELL,EDM,68,1505390,https://i.scdn.co/image/ab6761610000e5eb47df925e56857f312974ff55,Outros
CODIGO FN,CORRIDO,67,1504318,https://i.scdn.co/image/ab6761610000e5ebfd0b7e60b0a702ffd9650eb6,7.0
BUMP OF CHICKEN,J-POP,63,1503580,https://i.scdn.co/image/ab6761610000e5eb50f6146945f10a1742caa289,Outros
VACATIONS,0,69,1500844,https://i.scdn.co/image/ab6761610000e5eb080c868c83bba9ba37f13639,3.0
EL TRONO DE MEXICO,DURANGUENSE,69,1500713,https://i.scdn.co/image/ab6761610000e5ebbaa9a9f3052c17f786618cda,7.0
THE ROOTS,EAST COAST HIP HOP,61,1499881,https://i.scdn.co/image/ab6761610000e5eb7e92a85b9e31236380cd38f2,Outros
BOMBAY JAYASHRI,TAMIL POP,64,1499653,https://i.scdn.co/image/ab6761610000e5eb17253dc3b16a683c8e38b5aa,7.0
JANELLE MONAE,ALTERNATIVE R&B,66,1498823,https://i.scdn.co/image/ab6761610000e5eb5dab878686269b7b8f4c3ab1,3.0
HARDY,COUNTRY,73,1498010,https://i.scdn.co/image/ab6761610000e5eb3e7e5b8c09a44d49a95bd842,2.0
THOUSAND FOOT KRUTCH,CHRISTIAN ROCK,65,1497631,https://i.scdn.co/image/558f7ee322b89c8d5b846a7b38e0ad83bbaa1386,Outros
JOE HISAISHI,JAPANESE CLASSICAL,69,1496489,https://i.scdn.co/image/ab6761610000e5eb255e3fb8af57399bc9975c61,Outros
JUHN,TRAP LATINO,72,1495695,https://i.scdn.co/image/ab6761610000e5ebc212e84f670a967ecabedba5,2.0
BRETT ELDREDGE,COUNTRY,61,1494969,https://i.scdn.co/image/ab6761610000e5ebd62f6cc5c8b1d23bb749d149,5.0
THREE 6 MAFIA,SOUTHERN HIP HOP,65,1494604,https://i.scdn.co/image/ab6761610000e5eb697a2395da5148557c36af55,7.0
VAGON CHICANO,NORTENO,62,1494597,https://i.scdn.co/image/ab6761610000e5ebd15233be7fd94e9f8d71e733,5.0
KAKO,FUNK CONSCIENTE,70,1494379,https://i.scdn.co/image/ab6761610000e5eb72b025b2944a4a5e8fe43f97,7.0
ROAR,0,64,1494265,https://i.scdn.co/image/ab6761610000e5ebeb7ac1ee8617118396fa8ec6,3.0
GOKHAN TURKMEN,TURKISH POP,65,1494132,https://i.scdn.co/image/ab6761610000e5eb3a22929cb1efe2358b81751c,7.0
LOLA YOUNG,0,78,1492219,https://i.scdn.co/image/ab6761610000e5eb4831bc7f3017aae35b175d23,3.0
KEVIN AMF,ELECTRO CORRIDOS,69,1491908,https://i.scdn.co/image/ab6761610000e5eb74900422b42af2f1f5aea8a6,7.0
NIRO,FRENCH RAP,66,1490651,https://i.scdn.co/image/ab6761610000e5ebda992b048f3ff0f4944cbe10,7.0
FLYLEAF,CHRISTIAN ROCK,63,1488991,https://i.scdn.co/image/ab6761610000e5ebf806c08eef7d367476b561d0,Outros
OVY ON THE DRUMS,REGGAETON,83,1488415,https://i.scdn.co/image/ab6761610000e5eb598ae29b6fe6c2547f40bce5,Outros
FREDDIE GIBBS,JAZZ RAP,69,1488093,https://i.scdn.co/image/ab6761610000e5eb499def7bd0369aa26a22273c,Outros
LETO,FRENCH RAP,70,1487175,https://i.scdn.co/image/ab6761610000e5eba6def4f8f591699f16b168b9,7.0
ADRIANNE LENKER,0,73,1485036,https://i.scdn.co/image/ab6761610000e5eb5a7d5278cf9deda53119028c,3.0
GRUPO MAXIMO GRADO,CORRIDO,64,1483727,https://i.scdn.co/image/ab6761610000e5eba631e1e31ce94641724d2f37,7.0
PANTER BELICO,CORRIDO,69,1482813,https://i.scdn.co/image/ab6761610000e5ebfdc18f790338420834804c32,7.0
LAMP,SHIBUYA-KEI,63,1481292,https://i.scdn.co/image/ab6761610000e5eb0200ae3b8094a3b795e51f59,5.0
RICK ASTLEY,0,64,1480924,https://i.scdn.co/image/ab6761610000e5eb019782a5d4654e00db2a28a0,3.0
FIVIO FOREIGN,BROOKLYN DRILL,62,1480791,https://i.scdn.co/image/ab6761610000e5eb366afadc7bfc1671fb1d4f2c,5.0
M.I.A.,HIP HOP,67,1480763,https://i.scdn.co/image/ab6761610000e5ebd75b03e7f83d62dcd55617ca,Outros
POWFU,0,68,1480747,https://i.scdn.co/image/ab6761610000e5eb0440c749b98a38d5ea707d7a,3.0
YEAH YEAH YEAHS,0,67,1480606,https://i.scdn.co/image/ab6761610000e5eb746654923d25b6bf7c16e899,3.0
YEONJUN,K-POP,71,1479549,https://i.scdn.co/image/ab6761610000e5eb8396b8b5559921fa643761be,9.0
SHABOOZEY,0,76,1479033,https://i.scdn.co/image/ab6761610000e5eb2361ab73b5a386e2522790e8,3.0
CAIO LUCCAS,BRAZILIAN TRAP,67,1473784,https://i.scdn.co/image/ab6761610000e5eb7af90adc99b6c09e5cbc8e00,8.0
BOHSE ONKELZ,0,66,1473598,https://i.scdn.co/image/ab6761610000e5eb3b24b414e37c040158532603,3.0
SPANDAU BALLET,NEW WAVE,66,1473175,https://i.scdn.co/image/ab6761610000e5ebdc0d162db1bd6b08b2cdc24c,Outros
ROCHY RD,DEMBOW,61,1472413,https://i.scdn.co/image/ab6761610000e5eba813356bcf63fd41e073eaa3,5.0
OVI,CORRIDOS TUMBADOS,69,1471619,https://i.scdn.co/image/ab6761610000e5eb60950d1063dbb995f6951389,7.0
LOVE FUNK,BRAZILIAN FUNK,69,1471268,https://i.scdn.co/image/ab6761610000e5eba4652e5debf04261013d9d57,12.0
BONOBO,TRIP HOP,63,1471143,https://i.scdn.co/image/ab6761610000e5ebb9a3462bde9f62d74aa50507,Outros
MØ,0,69,1466120,https://i.scdn.co/image/ab6761610000e5ebea088fc970f0b2e7e49422c0,3.0
KANGEN BAND,INDONESIAN POP,64,1463908,https://i.scdn.co/image/ab6761610000e5ebb899a133953ffb218e762829,7.0
FOALS,INDIE,63,1463664,https://i.scdn.co/image/ab6761610000e5eb5f0109249ffd70b2d85a9467,Outros
ESCAPE THE FATE,EMO,60,1459114,https://i.scdn.co/image/ab6761610000e5eb8b683fb42bab8b7eb5093134,Outros
FKA TWIGS,ART POP,69,1455777,https://i.scdn.co/image/ab6761610000e5ebf62e6458f0cdf01a9368e2c4,6.0
JOSMAN,FRENCH RAP,71,1453004,https://i.scdn.co/image/ab6761610000e5ebacbd287be98c4e191127ad6e,2.0
IKKA,DESI HIP HOP,60,1452220,https://i.scdn.co/image/ab6761610000e5ebb2dc3a8ce9bf77b9c5363b67,Outros
FLEET FOXES,INDIE FOLK,64,1451220,https://i.scdn.co/image/ab6761610000e5eb7d2e812e63d6df77ee087b47,Outros
HOLE,RIOT GRRRL,62,1450070,https://i.scdn.co/image/3f070ac89152fcd23f90c1351295d8cc64d54cb2,5.0
NIRVAIR PANNU,PUNJABI POP,64,1448479,https://i.scdn.co/image/ab6761610000e5eb113086da3582506c048438a1,7.0
JOSE MARIA NAPOLEON,0,62,1445881,https://i.scdn.co/image/ab6761610000e5eb1788657214931eeec2e04aa5,3.0
TAKE THAT,0,64,1445664,https://i.scdn.co/image/ab6761610000e5ebf6de04c418fb584509452e24,3.0
WANIMA,J-POP,60,1445518,https://i.scdn.co/image/ab6761610000e5eb3250b704a6dfb2572aa8d476,Outros
RIIZE,K-POP,64,1444726,https://i.scdn.co/image/ab6761610000e5ebd75e5e369cb4ce5edfe2989d,9.0
ROB DENIEL,OPM,70,1444304,https://i.scdn.co/image/ab6761610000e5eb62db9e238ab9c84d58c7f266,7.0
GUR SIDHU,PUNJABI POP,77,1443462,https://i.scdn.co/image/ab6761610000e5ebce6061ee369719403537b902,2.0
D'ANGELO,NEO SOUL,68,1443076,https://i.scdn.co/image/c69197fa9d01ec73e2617525b920e76b550ba2e2,Outros
REGINA SPEKTOR,ANTI-FOLK,60,1442933,https://i.scdn.co/image/ab6761610000e5eba36a9f95d59ab791d5e897e9,Outros
IN THIS MOMENT,METAL,60,1442835,https://i.scdn.co/image/ab6761610000e5eb285ee23e367e081e90606ea1,Outros
BUENA VISTA SOCIAL CLUB,SON CUBANO,63,1442179,https://i.scdn.co/image/ab6761610000e5ebe35db4d5803c5a4c77dd44db,5.0
LLOYD BANKS,0,63,1441733,https://i.scdn.co/image/ab6761610000e5eb88b361f4861990f7a696c87d,3.0
LA SONORA DINAMITA,CUMBIA,67,1441126,https://i.scdn.co/image/ab6761610000e5eb8d91dcd657caf6b5d27c4fc0,7.0
HEMACHANDRA VEDALA,TELUGU POP,60,1440204,https://i.scdn.co/image/ab6761610000e5eb400283cfddf6465801f54af8,5.0
GRUPO EXTERMINADOR,CORRIDO,63,1439700,https://i.scdn.co/image/ab6761610000e5eb5ea2703bfda90ed228f02085,5.0
ELISA,ITALIAN SINGER-SONGWRITER,63,1439322,https://i.scdn.co/image/ab6761610000e5eb34bf8cd7730d5e7271e6895d,5.0
KORDHELL,PHONK,67,1439065,https://i.scdn.co/image/ab6761610000e5eb3c15e6e51a8f86b03484cd0b,7.0
EL BOGUETO,REGGAETON MEXA,75,1437632,https://i.scdn.co/image/ab6761610000e5ebbb69a4c61bf8ec639d76e331,Outros
HAIM,0,65,1437515,https://i.scdn.co/image/ab6761610000e5eb09f7ea29906a367f0648e0bc,3.0
OMER ADAM,MIZRAHI,67,1436693,https://i.scdn.co/image/ab6761610000e5ebb9dc71ce711a1a831623b92f,7.0
RKOMI,ITALIAN TRAP,65,1436358,https://i.scdn.co/image/ab6761610000e5eb98939e9f4c574acb4b5eaa7b,8.0
MIXSINGH,PUNJABI POP,70,1436157,https://i.scdn.co/image/ab6761610000e5ebffda2faaa80aee53dc9dbb47,7.0
LOS ANGELES DE CHARLY,CUMBIA,67,1435737,https://i.scdn.co/image/ab67616d0000b273919a14c87bc18a2217914e25,7.0
INDUSTRIA DEL AMOR,GRUPERA,60,1435046,https://i.scdn.co/image/ab6761610000e5ebc7953c0adbca1923202523bd,5.0
ARMANDINHO,REGGAE,66,1434392,https://i.scdn.co/image/ab6761610000e5eb826079575686a7c942e01da4,0.0
TRAVIEZOZ DE LA ZIERRA,CORRIDO,62,1433951,https://i.scdn.co/image/ab6761610000e5eb7d37f0ef0b970ba9967276ea,5.0
RYOKUOUSHOKU SHAKAI,J-POP,63,1431728,https://i.scdn.co/image/ab6761610000e5ebd9a48d00ce7cf4d66abc76b6,Outros
AJ TRACEY,GRIME,66,1431284,https://i.scdn.co/image/ab6761610000e5ebc985e94681164c167ba00cca,Outros
LOS TITANES DE DURANGO,CORRIDO,63,1431255,https://i.scdn.co/image/ab6761610000e5eb878ccad626d5b5855e141414,5.0
SNOH AALEGRA,ALTERNATIVE R&B,65,1430914,https://i.scdn.co/image/ab6761610000e5eb04ae2067ae0171af5cbf1cf1,3.0
ADDISON RAE,0,74,1428417,https://i.scdn.co/image/ab6761610000e5eb8aaca79d5544dc02bea2b6b2,3.0
FREI GILSON,GOSPEL,66,1427719,https://i.scdn.co/image/ab6761610000e5ebe958b9bdb770560b428b2f13,7.0
STAND HERE ALONE,POP PUNK,62,1425867,https://i.scdn.co/image/ab6761610000e5ebffcfc1bde8c99fdeed11a640,Outros
SHORELINE MAFIA,0,70,1423491,https://i.scdn.co/image/ab6761610000e5eb0e61917e00b5ca7882477c1c,3.0
SUKI WATERHOUSE,0,69,1422868,https://i.scdn.co/image/ab6761610000e5ebc2bb10016e2e142f397f780c,3.0
WINCENT WEISS,GERMAN POP,62,1419966,https://i.scdn.co/image/ab6761610000e5ebdc80016eee62de91344e781c,5.0
PAULA FERNANDES,SERTANEJO,61,1419250,https://i.scdn.co/image/ab6761610000e5eb8e1a02c562819afb5b79c3ea,10.0
WITHIN TEMPTATION,SYMPHONIC METAL,62,1417989,https://i.scdn.co/image/ab6761610000e5eb9d081a5e8f131e9076ac74de,Outros
SURVIVOR,ROCK,68,1417803,https://i.scdn.co/image/da30acd2c9d0f32f5f5a2d69f32c2d30335466b5,14.0
KIKUO,VOCALOID,61,1414132,https://i.scdn.co/image/ab6761610000e5eb50c295d157dbd3dc76f2ec9b,5.0
DANIELA ROMO,VILLANCICOS,62,1413930,https://i.scdn.co/image/ab6761610000e5eb30e661d6288b437bea3780c1,5.0
FATBOY SLIM,BIG BEAT,64,1412762,https://i.scdn.co/image/ab6761610000e5ebc20ed3229eeced918966a009,7.0
SADHANA SARGAM,TAMIL POP,71,1412589,https://i.scdn.co/image/ab6761610000e5eb9ec194a489e4f6c0d9515b60,2.0
RUDIMENTAL,0,68,1411798,https://i.scdn.co/image/ab6761610000e5ebf74070a7e4a3e7743f68b058,3.0
YAMA,J-POP,61,1411301,https://i.scdn.co/image/ab6761610000e5ebabbad8c1528c9a2e42d04402,Outros
DAUGHTER,0,60,1409926,https://i.scdn.co/image/ab6761610000e5eb0df313bc99b24276ea978437,3.0
JADS & JADSON,SERTANEJO,62,1408887,https://i.scdn.co/image/ab6761610000e5eb89875a17e87e5a34d85ce42d,10.0
JUSTICE,FRENCH HOUSE,67,1408229,https://i.scdn.co/image/ab6761610000e5ebf140c161d9f9cc9afe85b6ed,7.0
SANJU RATHOD,MARATHI POP,68,1407608,https://i.scdn.co/image/ab6761610000e5eb03ae58450e917e4e075f6e1d,6.0
RILEY GREEN,COUNTRY,77,1405146,https://i.scdn.co/image/ab6761610000e5eb5dc967d7e443e2ef4a7552b6,2.0
EL TIGRILLO PALMA,CORRIDO,63,1403307,https://i.scdn.co/image/ab6761610000e5eb1ac3ce271bb3aed08a7f016d,5.0
VANESSA DA MATA,MPB,66,1402942,https://i.scdn.co/image/ab6761610000e5eb0726b3a2a4db36495765f020,11.0
QUEBONAFIDE,0,66,1402626,https://i.scdn.co/image/ab6761610000e5eb2e9c6d4d26bdb6f5e7b251e0,3.0
KOLLEGAH,GERMAN HIP HOP,63,1402021,https://i.scdn.co/image/ab6761610000e5ebab301c4e5d1c03c14d1ff239,9.0
SOBEL,0,68,1401307,https://i.scdn.co/image/ab6761610000e5ebce986e50f87f661c72b5f34e,3.0
LECRAE,CHRISTIAN HIP HOP,66,1400860,https://i.scdn.co/image/ab6761610000e5eb7fe0c3a04b5e5dc4efae57a1,9.0
SAMRA,GERMAN HIP HOP,69,1400115,https://i.scdn.co/image/ab6761610000e5eb300bcf1554af5030707f00ed,9.0
COCTEAU TWINS,DREAM POP,66,1399858,https://i.scdn.co/image/ab6761610000e5eb00f01cecce8a4475c3de0998,Outros
SINEAD O'CONNOR,0,62,1399263,https://i.scdn.co/image/ab6761610000e5eba735ae0a6b7fc008350deba5,3.0
ISAIAS SAAD,GOSPEL,65,1398000,https://i.scdn.co/image/ab6761610000e5eb2409c7211721372db74ac7ae,7.0
DARDAN,GERMAN HIP HOP,73,1397577,https://i.scdn.co/image/ab6761610000e5ebef6d4855fdb656dee0a372ef,9.0
ROA,TRAP LATINO,77,1396905,https://i.scdn.co/image/ab6761610000e5eb55d74c8a0873bb7efae632b9,2.0
ARTEMAS,0,75,1396831,https://i.scdn.co/image/ab6761610000e5ebf154f40183c986c20aab75e9,3.0
HELLOWEEN,POWER METAL,61,1396792,https://i.scdn.co/image/ab6761610000e5eb7d6b878498239115a09316d3,Outros
MALIK MONTANA,0,70,1396367,https://i.scdn.co/image/ab6761610000e5ebde7885cffc35ab676e1191d7,3.0
NEJ,FRENCH R&B,62,1396048,https://i.scdn.co/image/ab6761610000e5eb8c5c6807af32de7ae71dd2f9,5.0
JT MUSIC,0,64,1394686,https://i.scdn.co/image/ab6761610000e5ebfbeeb8dfc82fe0da59cad419,3.0
GRUPO 360,CORRIDO,62,1392247,https://i.scdn.co/image/ab6761610000e5ebbb2d3d48af0a7f5ed8b0f54a,5.0
NOVO AMOR,AMBIENT FOLK,72,1391950,https://i.scdn.co/image/ab6761610000e5eb18a1928eb2892201f56d39e0,2.0
MC NEGAO ORIGINAL,BRAZILIAN FUNK,77,1391690,https://i.scdn.co/image/ab6761610000e5eb27b96acf29fff476bb179c0a,12.0
MAYDAY PARADE,POP PUNK,60,1391680,https://i.scdn.co/image/ab6761610000e5eb02b1303f6926ec11f5f8f91d,Outros
112,R&B,66,1390136,https://i.scdn.co/image/21a8b23a23a41f3736b2dd6a5df2d7dc8341ea05,2.0
LIL TRACY,EMO RAP,71,1389592,https://i.scdn.co/image/ab6761610000e5eb3d5c8ce1329232f09903c060,2.0
PHYNO,AFROBEATS,62,1389423,https://i.scdn.co/image/ab6761610000e5eb03120172bb2ed1ff08b2f7d3,5.0
POPCAAN,DANCEHALL,65,1388185,https://i.scdn.co/image/ab6761610000e5ebf502679688eab84d1612616e,7.0
KAISER CHIEFS,BRITPOP,60,1387050,https://i.scdn.co/image/ab6761610000e5ebc5e79ef4ced0ccbd8eabd960,Outros
HALE,OPM,62,1387044,https://i.scdn.co/image/ab6761610000e5eb42db0c86075ec3fd160d301c,5.0
THE-DREAM,R&B,67,1385272,https://i.scdn.co/image/ab6761610000e5eba01ad0bea0957a2e3b7c3ced,2.0
TRAPLAUDO,BRAZILIAN FUNK,70,1384258,https://i.scdn.co/image/ab6761610000e5eb783b15757c0e34dfdc325d68,12.0
SLOWDIVE,SHOEGAZE,66,1383671,https://i.scdn.co/image/ab6761610000e5eb653481f50df3c11791d6132a,Outros
LOS REHENES,GRUPERA,66,1382586,https://i.scdn.co/image/ab6761610000e5ebb7b199339ba67741255a7f51,7.0
RAINBOW KITTEN SURPRISE,0,71,1381502,https://i.scdn.co/image/ab6761610000e5eb6a5725ec47b6d8c613099d74,3.0
TOKIO HOTEL,POP ROCK,64,1380675,https://i.scdn.co/image/ab6761610000e5eb1bb213762bb8cc8c51802648,Outros
ASTRID S,NORWEGIAN POP,63,1380560,https://i.scdn.co/image/ab6761610000e5eba0afba2d87ea2c5adb0c90e3,5.0
DARKIEL,REGGAETON,68,1380192,https://i.scdn.co/image/ab6761610000e5eb0fd573b819f4c5737aa78f7d,Outros
HILLSONG YOUNG & FREE,WORSHIP,60,1379367,https://i.scdn.co/image/ab6761610000e5ebfd35859df3a7252c67d040f9,5.0
BØRNS,INDIE,66,1376771,https://i.scdn.co/image/ab6761610000e5eb252d35c84fb363ff13fc0026,Outros
POUYA,HORRORCORE,67,1374830,https://i.scdn.co/image/ab6761610000e5eb339e96f1bb7ff1f7fabc64a6,7.0
J HUS,AFROSWING,64,1372928,https://i.scdn.co/image/ab6761610000e5eb5e58d093b8bedfa530c2dd61,7.0
GRUPO ARRIESGADO,CORRIDO,68,1371650,https://i.scdn.co/image/ab6761610000e5eb9479d2ceba67a93b4ddf2ae0,7.0
INTOXICADOS,ARGENTINE ROCK,62,1371531,https://i.scdn.co/image/ab6761610000e5eb47f935f610fbbb66c8b549ff,3.0
ANDRE RIEU,CLASSICAL,66,1368856,https://i.scdn.co/image/ab6761610000e5eb85740abbdaffd46a96d3cffc,Outros
SALVIA PALTH,SLOWCORE,66,1367050,https://i.scdn.co/image/ab6761610000e5eb6a01d62c22e19a0fafbf5b10,7.0
GEORGE JONES,CLASSIC COUNTRY,62,1363754,https://i.scdn.co/image/ab6761610000e5eb5f79cb1d93cfa9684c1f6dc9,5.0
BIRDMAN,SOUTHERN HIP HOP,62,1362299,https://i.scdn.co/image/ab6772690000c46c476dfe65b2669a95f33d7173,5.0
OF MICE & MEN,METALCORE,61,1360940,https://i.scdn.co/image/ab6761610000e5ebdb9bbab9b7527362c934234c,0.0
EL BARRIO,FLAMENCO,62,1360846,https://i.scdn.co/image/ab6761610000e5eb79be00891f3e0b1a45cbd570,5.0
TOM MISCH,INDIE SOUL,65,1359435,https://i.scdn.co/image/ab6761610000e5ebb52fc43462304eb6ae5bba5f,Outros
KIDZ BOP KIDS,CHILDREN'S MUSIC,65,1359370,https://i.scdn.co/image/ab6761610000e5eb800660dddf0339c0d736c7a6,7.0
GINO & GENO,SERTANEJO TRADICIONAL,61,1359364,https://i.scdn.co/image/ab67616d0000b273ad511db7a8569e0f0c5ab12c,13.0
BLOOD ORANGE,ART POP,72,1358569,https://i.scdn.co/image/ab6761610000e5eb82a833d61eafc09c05c24882,6.0
ELLIOTT SMITH,SINGER-SONGWRITER,66,1358555,https://i.scdn.co/image/ab6761610000e5eb079739b801ab3f105866b76f,7.0
JOKER XUE,MANDOPOP,62,1358006,https://i.scdn.co/image/ab6761610000e5eb729b7e9f6f0539bd01dff7e5,5.0
STARSHIP,0,69,1356546,https://i.scdn.co/image/ab6761610000e5eb4bfb2d74ef7e09a1ebdd988d,3.0
KARI JOBE,WORSHIP,63,1356146,https://i.scdn.co/image/ab6761610000e5ebb0fd004b9a8c8544101358d3,5.0
THE HOLLIES,0,66,1355228,https://i.scdn.co/image/722e36849bde408b99330c713ebeb19157eabc89,3.0
SIOUXSIE AND THE BANSHEES,GOTHIC ROCK,60,1354869,https://i.scdn.co/image/ab6761610000e5eb924bb9e7396ad3bc32cfeab0,Outros
TONY AGUIRRE,CORRIDO,65,1354679,https://i.scdn.co/image/ab6761610000e5ebdf55fa419b89c46d5e866fc6,7.0
LA T Y LA M,CUMBIA,71,1354532,https://i.scdn.co/image/ab6761610000e5ebada7b54605dee8633d7a3e38,2.0
ENIGMA NORTENO,CORRIDO,69,1353622,https://i.scdn.co/image/ab6761610000e5eb575dc06afe851447a6f229d2,7.0
INDOCHINE,VARIETE FRANCAISE,62,1353240,https://i.scdn.co/image/ab6761610000e5eb1cde5600c843d091dbf318cd,5.0
VALD,FRENCH RAP,64,1352956,https://i.scdn.co/image/ab6761610000e5eb7f424b7449ae0a21541a370d,7.0
CRUSH,K-RAP,62,1352120,https://i.scdn.co/image/ab6761610000e5ebc80c313fbcbc06c6a15b69b0,Outros
883,ITALIAN SINGER-SONGWRITER,63,1351215,https://i.scdn.co/image/ab6761610000e5eb8f93c1992603290eea5a3068,5.0
PLAIN WHITE T'S,ALTERNATIVEROCK,63,1350270,https://i.scdn.co/image/ab6761610000e5ebe7307e9f17a33d20de1688ae,3.0
KAUSAR MUNIR,BOLLYWOOD,72,1349696,https://i.scdn.co/image/ab6761610000e5eb1d00708b0445af3d31f3d67c,2.0
TOM WALKER,0,63,1349565,https://i.scdn.co/image/ab6761610000e5ebc2384c86f647f1d9ae9fb3ed,3.0
MYLES SMITH,0,76,1349042,https://i.scdn.co/image/ab6761610000e5eb96327fa3a2c850b608b8efb3,3.0
KELSEA BALLERINI,COUNTRY,71,1348940,https://i.scdn.co/image/ab6761610000e5eb6980e0154c39e95b061b2d44,2.0
NATALIA JIMENEZ,MARIACHI,62,1348002,https://i.scdn.co/image/ab6761610000e5ebe0a005159453387986d38ce5,Outros
PAUL KALKBRENNER,MINIMAL TECHNO,67,1347879,https://i.scdn.co/image/ab6761610000e5ebb72a52d500aa9e245f9ee6a1,7.0
SAUCY DOG,J-POP,65,1347498,https://i.scdn.co/image/ab6761610000e5eb2209db79b2ac606645bbe932,Outros
TAN BIONICA,ARGENTINE ROCK,69,1347271,https://i.scdn.co/image/ab6761610000e5eb246dece9f4be99566cd31607,3.0
EARL AGUSTIN,OPM,67,1347166,https://i.scdn.co/image/ab6761610000e5ebc4637e7e5379e9132b921a33,7.0
CHET BAKER,JAZZ,66,1341975,https://i.scdn.co/image/ab6761610000e5ebabde819fe640d69f899e7844,7.0
BIG THIEF,0,70,1341889,https://i.scdn.co/image/ab6761610000e5ebb2be573b9d9ca2bf7f113d92,3.0
SHERYL CROW,0,67,1340583,https://i.scdn.co/image/ab6761610000e5eb962c94da847bcc4ef21c4ad9,3.0
C418,0,74,1339938,https://i.scdn.co/image/ab6761610000e5eba9b8234e3071836212561d19,3.0
ANDY GRAMMER,0,66,1336460,https://i.scdn.co/image/ab6761610000e5ebdfa641458cddcca4325c6afa,3.0
BILLY TALENT,PUNK,63,1336070,https://i.scdn.co/image/ab6761610000e5eb129c7158f9565223cead0dd8,Outros
GARBAGE,ROCK,60,1335658,https://i.scdn.co/image/ab6761610000e5eb370f18dc80c5e21816c42ea8,14.0
JOSEAN LOG,MEXICAN INDIE,69,1334503,https://i.scdn.co/image/ab6761610000e5eb73dd5c3798474b529c4a4b4f,Outros
ANIRAP,ANIME RAP,62,1333723,https://i.scdn.co/image/ab6761610000e5eba244f74b1ac9bb619b9cdcbe,Outros
JACKBOYS,0,62,1332037,https://i.scdn.co/image/ab6761610000e5eb440b705481183f0ddaa521d7,3.0
TION WAYNE,UK DRILL,64,1331916,https://i.scdn.co/image/ab6761610000e5ebeee81f5a8722cd8eeedd720d,7.0
CHICO REY & PARANA,SERTANEJO TRADICIONAL,63,1331403,https://i.scdn.co/image/ab6761610000e5eb9e47bd6dd1ee600b9ee8c290,13.0
MC LELE JP,FUNK CONSCIENTE,77,1331338,https://i.scdn.co/image/ab6761610000e5eb1d15b937fabc52cdc6b31ad5,2.0
ENNIO MORRICONE,SOUNDTRACK,66,1331297,https://i.scdn.co/image/ab6761610000e5ebd0430d67cd189b4b54dcf6f9,7.0
NOTHING BUT THIEVES,0,64,1330675,https://i.scdn.co/image/ab6761610000e5eb065faf07b0343e97bf3fba57,3.0
ANGUS & JULIA STONE,0,65,1329500,https://i.scdn.co/image/ab6761610000e5eba6bec94f269e61676f2fe977,3.0
NATHY PELUSO,0,67,1328820,https://i.scdn.co/image/ab6761610000e5eb075721c2893416cd8b851099,3.0
PHIL WICKHAM,WORSHIP,71,1324907,https://i.scdn.co/image/ab6761610000e5eb3c613c49520e672bff7b85f7,2.0
NATORI,J-POP,66,1323249,https://i.scdn.co/image/ab6761610000e5ebc9ee6593ec80e073c20eccc8,Outros
RICK JAMES,FUNK,62,1323119,https://i.scdn.co/image/e6c035ae9b2a8dd5cf6a3c5f4a0b274d5ff2a605,Outros
JIMMY BUFFETT,0,66,1322243,https://i.scdn.co/image/ab6761610000e5ebc51b2d9deea2b3cc8360828d,3.0
CAKE,ALTERNATIVE ROCK,62,1316968,https://i.scdn.co/image/ab6761610000e5ebb8bf71301acec36f0256c0f8,3.0
FELIX JAEHN,TROPICAL HOUSE,71,1315240,https://i.scdn.co/image/ab6761610000e5eb16fa53160733ef5d489e4ec9,Outros
JAMIE FOXX,0,69,1314494,https://i.scdn.co/image/a3823abbd476fa00cdf95a9f5cbbe09d2f96add2,3.0
JAANI,PUNJABI POP,73,1312725,https://i.scdn.co/image/ab6761610000e5eb25745e4d94f2f780b62fdee3,2.0
THE USED,EMO,62,1310468,https://i.scdn.co/image/ab6761610000e5ebfe63dc4df1696a6f6af0db15,Outros
BILLY OCEAN,YACHT ROCK,63,1309825,https://i.scdn.co/image/ab6761610000e5eb32077f76ce695c7dfa2686aa,Outros
TIMMY TRUMPET,MELBOURNE BOUNCE,70,1308644,https://i.scdn.co/image/ab6761610000e5eb82ac9eee4c8a5f57412b4821,7.0
FUNDA ARAR,TURKISH POP,62,1308439,https://i.scdn.co/image/ab6761610000e5eb0844c3dc805daa50a8986d9d,5.0
MARK RONSON,0,75,1305386,https://i.scdn.co/image/ab6761610000e5eb105cc9628c315b29d299fbb4,3.0
NOGIZAKA46,J-POP,60,1304698,https://i.scdn.co/image/ab6761610000e5eb127d3acc4a94eaf083c1b446,Outros
TRACY LAWRENCE,COUNTRY,62,1303779,https://i.scdn.co/image/ab6761610000e5eba90ba2a80781238c8dc268d8,5.0
CHANMINA,J-POP,69,1299419,https://i.scdn.co/image/ab6761610000e5eb3c6a121a9f2ce9015fefdad1,Outros
IN FLAMES,MELODIC DEATH METAL,62,1295852,https://i.scdn.co/image/ab6761610000e5eb5c3bd919d1344a738af14136,Outros
GESAFFELSTEIN,0,71,1295434,https://i.scdn.co/image/ab6761610000e5ebd1b0c16bf77cfe30c09b4951,3.0
GULAB SIDHU,PUNJABI POP,66,1294130,https://i.scdn.co/image/ab6761610000e5eb6c15917ede8838e7d1ae55b5,7.0
GABRIEL GUEDES DE ALMEIDA,GOSPEL,64,1293748,https://i.scdn.co/image/ab6761610000e5eb267aceb38e7e96e8a145fa41,7.0
THAT MEXICAN OT,0,70,1292571,https://i.scdn.co/image/ab6761610000e5eb625b3c26be121e295d514cf2,3.0
KAHITNA,INDONESIAN POP,68,1291898,https://i.scdn.co/image/ab6761610000e5ebe8b3eb71335b453ac794067e,7.0
CARLY SIMON,0,62,1289949,https://i.scdn.co/image/ab6761610000e5eb8a121647ac451ef6397d40cd,3.0
ANGELA AGUILAR,MARIACHI,66,1288839,https://i.scdn.co/image/ab6761610000e5eb1c7b2cde81b25ed3651bb28e,Outros
BOYS LIKE GIRLS,POP PUNK,60,1288544,https://i.scdn.co/image/ab6761610000e5ebfd868f2b53374ebcbdda8379,Outros
NEON TREES,EDM,65,1287172,https://i.scdn.co/image/ab6761610000e5eb2781a8f12aac83aaff949017,Outros
FREEZE CORLEONE,FRENCH RAP,62,1286663,https://i.scdn.co/image/ab6761610000e5ebcbc9cc45e24377c8ca8344e4,5.0
THE HUMAN LEAGUE,NEW WAVE,63,1284947,https://i.scdn.co/image/ab6761610000e5eb2aeee2aea5a1a1e3b76b0501,Outros
FANNY LU,COLOMBIAN POP,60,1283220,https://i.scdn.co/image/ab6761610000e5eb398cb99bf90b9f0d48de6ac3,5.0
PARKWAY DRIVE,METALCORE,64,1283206,https://i.scdn.co/image/ab6761610000e5ebd509fc845244baef598a67df,0.0
HECTOR & TITO,REGGAETON,62,1281782,https://i.scdn.co/image/0e005c30e982cd454a6eef07c89b0ae07e0c6b94,Outros
P. JAYACHANDRAN,MALAYALAM POP,62,1281702,https://i.scdn.co/image/ab67616d0000b273fa031630be607e49b66edc4a,5.0
MAGGIE ROGERS,0,67,1278540,https://i.scdn.co/image/ab6761610000e5eb42ac28bac739fd27c568cf4b,3.0
KENDO KAPONI,TRAP LATINO,67,1278380,https://i.scdn.co/image/ab6761610000e5eba6db079799d908caddf93b30,7.0
EDITH PIAF,CHANSON,60,1277177,https://i.scdn.co/image/ab6761610000e5eb4ffde9b9fb5abeb2e14cef0d,5.0
KENNY G,SMOOTH JAZZ,66,1275453,https://i.scdn.co/image/ab6761610000e5ebfce79bf01d99f9434108b56e,Outros
RENEE RAPP,0,73,1275128,https://i.scdn.co/image/ab6761610000e5eba913b09c2b17424e34c55e5e,3.0
MARCELO D2,BRAZILIAN HIP HOP,61,1274774,https://i.scdn.co/image/ab6761610000e5ebdf1e74e220a545a0df8a52ef,9.0
GRUPO LABERINTO,CORRIDO,72,1274385,https://i.scdn.co/image/ab6761610000e5eb43e17b4dbc422749b6179805,2.0
ERIC LAND,PISEIRO,62,1272313,https://i.scdn.co/image/ab6761610000e5eb5e52ac94f23bcdef66f2459e,7.0
DJ NELSON,REGGAETON,68,1272179,https://i.scdn.co/image/ab6761610000e5eb75bd36e435556651eff48254,Outros
RONDODASOSA,ITALIAN TRAP,67,1271729,https://i.scdn.co/image/ab6761610000e5eb8f6c3f931444e5c12878bfb9,8.0
DUSTER,SLOWCORE,64,1271336,https://i.scdn.co/image/ab6761610000e5ebcd67bffd1bac79ac28e77d79,7.0
CULTS,0,67,1271214,https://i.scdn.co/image/ab6761610000e5eb92ec52fb43fbd4d2511a9d1d,3.0
THE CORRS,CELTIC ROCK,61,1271091,https://i.scdn.co/image/ab6761610000e5ebde0ef21e54809a4c88a81ab6,5.0
IKKY,PUNJABI POP,78,1269968,https://i.scdn.co/image/ab6761610000e5eb89f6f33d8526f732c5379e2a,2.0
STRAWBERRY GUY,BEDROOM POP,69,1268589,https://i.scdn.co/image/ab6761610000e5eb9ef984201491d362210c467c,Outros
VICTORIA MONET,ALTERNATIVE R&B,62,1268425,https://i.scdn.co/image/ab6761610000e5eb0e3524063986882f3706730b,3.0
DEORRO,MELBOURNE BOUNCE,65,1268294,https://i.scdn.co/image/ab6761610000e5eb1dad45bf0c246be6b44d77e4,7.0
PASHANIM,GERMAN HIP HOP,72,1268104,https://i.scdn.co/image/ab6761610000e5eb70f13cba087fc982f8ce2835,9.0
THE B-52'S,NEW WAVE,60,1267741,https://i.scdn.co/image/ab6761610000e5eb85c1d77e63082caf426f6d59,Outros
AITCH,GRIME,65,1267723,https://i.scdn.co/image/ab6761610000e5eb810b2386d4b453cfd653d802,Outros
KENNY LOGGINS,YACHT ROCK,66,1267712,https://i.scdn.co/image/ab6761610000e5ebe5ade0d346536449c7a75b48,Outros
OKI,0,68,1267464,https://i.scdn.co/image/ab6761610000e5eb9dce3ef13310e925dcbfb605,3.0
LOS PARRAS,BANDA,62,1267068,https://i.scdn.co/image/ab6761610000e5eb5dac05162a6f2afb9dda45de,5.0
JADAKISS,EAST COAST HIP HOP,63,1266485,https://i.scdn.co/image/ab6761610000e5ebd8dba5c02f8c75eb280dd70e,Outros
OBITO,V-POP,61,1264844,https://i.scdn.co/image/ab6761610000e5eba385bd3e0f67945f277792c2,Outros
BOWLING FOR SOUP,POP PUNK,60,1264794,https://i.scdn.co/image/ab6761610000e5eb2636fa6bb6cb7eed65b3e80f,Outros
ANGEL Y KHRIZ,REGGAETON,64,1263133,https://i.scdn.co/image/ab6761610000e5eb4f12341242c8c3167d5c2ae2,Outros
FIRST AID KIT,INDIE FOLK,60,1262445,https://i.scdn.co/image/ab6761610000e5eb0ea606b49bea278def7337e3,Outros
DJ BOY,FUNK CONSCIENTE,67,1261191,https://i.scdn.co/image/ab6761610000e5eb137e2c3034b8ad8f1391c216,7.0
GROUPLOVE,INDIE,61,1257730,https://i.scdn.co/image/ab6761610000e5eb212e97916d72380d77a9db17,Outros
FOUR TOPS,MOTOWN,62,1257688,https://i.scdn.co/image/b4cebe6215c58efaf06407961a99c458e537050a,5.0
JAX JONES,0,69,1257572,https://i.scdn.co/image/ab6761610000e5eba0ff263b8dc91a36467fd9ca,3.0
WILLIE GONZALEZ,SALSA,62,1256225,https://i.scdn.co/image/ab6761610000e5ebcc2832cf67ab4f39bb81e6cf,5.0
BRETT YOUNG,COUNTRY,65,1255713,https://i.scdn.co/image/ab6761610000e5ebf2cf0ea699959926278d73c5,7.0
FROID,BRAZILIAN HIP HOP,60,1255164,https://i.scdn.co/image/ab6761610000e5ebec7067e407017e93de91f472,9.0
WINGS,ROCK,65,1254689,https://i.scdn.co/image/ab6761610000e5ebe2990620300995034db37d79,14.0
BETO QUINTANILLA,CORRIDO,61,1253322,https://i.scdn.co/image/201c50aa34173d674a874c16a1b32fddff6f2610,5.0
JALA BRAT,0,70,1253165,https://i.scdn.co/image/ab6761610000e5eb31664906f59a6bd63bdaae4f,3.0
ACHILLE LAURO,ITALIAN TRAP,67,1251922,https://i.scdn.co/image/ab6761610000e5ebba704c603760425127d2e884,8.0
COLLECTIVE SOUL,POST-GRUNGE,62,1250997,https://i.scdn.co/image/ab6761610000e5ebf68613ff215e381ececc6624,Outros
ARCHITECTS,METALCORE,66,1250746,https://i.scdn.co/image/ab6761610000e5ebd8691d3ca44cd95c89a40da4,0.0
LOS BUITRES DE CULIACAN SINALOA,CORRIDO,61,1249683,https://i.scdn.co/image/ab6761610000e5eb470b52e8412752baed62c516,5.0
LITTLE SIMZ,0,65,1247448,https://i.scdn.co/image/ab6761610000e5eba22264dfbad2d96ffc6ee2e0,3.0
ATITUDE 67,PAGODE,60,1246705,https://i.scdn.co/image/ab6761610000e5eb570cd4c70491e10839abb3e9,1.0
HOOTIE & THE BLOWFISH,0,63,1246221,https://i.scdn.co/image/ab6761610000e5ebaa3847bf8005c31dc44010b3,3.0
CHARLOTTE DE WITTE,ACID TECHNO,63,1244891,https://i.scdn.co/image/ab6761610000e5eb924f67fc74aabf05445c8060,5.0
CLAVE ESPECIAL,CORRIDO,75,1244371,https://i.scdn.co/image/ab6761610000e5eb3d01083ca3046db5bdba5713,2.0
GENERACION 12,CHRISTIAN,62,1243760,https://i.scdn.co/image/ab6761610000e5eb6f885145a704bca67b13320f,Outros
TWISTA,0,66,1242552,https://i.scdn.co/image/ab6761610000e5eb7171ef73f71572ca8fa6268a,3.0
EL PODER DEL NORTE,NORTENO,65,1242525,https://i.scdn.co/image/ab6761610000e5ebff3728cfc54e59cb336f16ab,7.0
YIRUMA,NEOCLASSICAL,65,1242204,https://i.scdn.co/image/ab6761610000e5eb4e986b80ca52a03792ac1b3f,Outros
MORRISSEY,BRITPOP,60,1241426,https://i.scdn.co/image/cdbc12a6b10dbab32ed73d4979183e95f46ebeb2,Outros
NILUFER,TURKISH POP,61,1241275,https://i.scdn.co/image/ab6761610000e5eb469123894674ccd7b0ead8cd,5.0
ALTER BRIDGE,POST-GRUNGE,62,1239932,https://i.scdn.co/image/ab6761610000e5ebae029ef07ce6eeee24e1a2a6,Outros
B'Z,J-POP,65,1237699,https://i.scdn.co/image/ab6761610000e5eb96b9b363daa9bbd50b92080e,Outros
YING YANG TWINS,CRUNK,64,1237528,https://i.scdn.co/image/8a522c7faa13cf4321ca6bea075fd97f75f40cfe,7.0
ELVIS CRESPO,MERENGUE,67,1235329,https://i.scdn.co/image/ab6761610000e5eb2d1163694f21bf2a51376ee3,7.0
JOSE GONZALEZ,INDIE FOLK,65,1233844,https://i.scdn.co/image/ab6761610000e5ebe3200af8abe1cfee7dcaf9a1,Outros
OUR LAST NIGHT,POST-HARDCORE,62,1233328,https://i.scdn.co/image/ab6761610000e5eb9284eb7ab597b8b48e46bbdd,5.0
CORTIS,K-POP,73,1232964,https://i.scdn.co/image/ab6761610000e5eb85fadc54e8acfed96370bfab,9.0
GRANDSON,0,64,1232856,https://i.scdn.co/image/ab6761610000e5eb1e5c7968999985162cad7042,3.0
XDINARY HEROES,K-ROCK,62,1232455,https://i.scdn.co/image/ab6761610000e5eb573af559d98d0c0228422910,Outros
VANESA MARTIN,FLAMENCO POP,64,1231079,https://i.scdn.co/image/ab6761610000e5eb399055be8ec6c6bb9e688c8e,7.0
KENAN DOGULU,TURKISH POP,65,1228825,https://i.scdn.co/image/ab6761610000e5eb522e0170157d4433e1721edc,7.0
MARIAH THE SCIENTIST,ALTERNATIVE R&B,74,1227341,https://i.scdn.co/image/ab6761610000e5eb6e0ad52899974a169ab69c88,3.0
THE SHINS,INDIE,60,1224992,https://i.scdn.co/image/ab6761610000e5eb6c87e9e995eedad42e73dcc4,Outros
INTENSE,PUNJABI POP,66,1222138,https://i.scdn.co/image/ab6761610000e5eb01b588c38c72cc46adf28ab3,7.0
ALCIONE,SAMBA,62,1221737,https://i.scdn.co/image/ab6761610000e5eb4c4bfaa865274651bfb5cb4b,5.0
SAM FENDER,0,74,1220270,https://i.scdn.co/image/ab6761610000e5eb4a3dfbf28e00c02d9d9494e8,3.0
TOM JONES,0,64,1219873,https://i.scdn.co/image/ab6761610000e5eb03dc1982d985027835b2ef60,3.0
JEREMY CAMP,CHRISTIAN,61,1217537,https://i.scdn.co/image/ab6761610000e5eb3bd064dabbb3a3f607a3c2d4,Outros
DECO*27,VOCALOID,64,1217203,https://i.scdn.co/image/ab6761610000e5eb172e8da719488cb0da105cfd,7.0
SICKICK,0,65,1216989,https://i.scdn.co/image/ab6761610000e5ebaef26ef63aec9236c54e3fd8,3.0
JORGE BEN JOR,MPB,65,1213747,https://i.scdn.co/image/a9c6a324c5f4a0f25bc711a7c4434c89c05ceba2,11.0
SDP,GERMAN POP,69,1212450,https://i.scdn.co/image/ab6761610000e5eb51822e8ecf14abf55266e5b6,7.0
"ANH TRAI ""SAY HI""",V-POP,66,1212209,https://i.scdn.co/image/ab6761610000e5eb6f1640bbb255a2921955ec7f,Outros
MATISSE,0,67,1211356,https://i.scdn.co/image/ab6761610000e5ebec19808afa93f0c003bbea42,3.0
DI PAULLO & PAULINO,SERTANEJO TRADICIONAL,61,1210932,https://i.scdn.co/image/ab6761610000e5eb9df9afea38f4e1e71bd7b49e,13.0
STEFANIE SUN,MANDOPOP,60,1210780,https://i.scdn.co/image/ab6761610000e5eb744989ed737112f4edbd2cc3,5.0
STEFFLON DON,DANCEHALL,64,1208731,https://i.scdn.co/image/ab6761610000e5ebb3c6751ef7b8d174d5f79b4c,7.0
GONDWANA,SPANISH-LANGUAGE REGGAE,61,1208183,https://i.scdn.co/image/ab6761610000e5eb77f58b8cbc0c21c9f791c9d6,5.0
CHASE & STATUS,DRUM AND BASS,68,1207777,https://i.scdn.co/image/ab6761610000e5ebd99e4a93d2db662b7a9325be,7.0
UVERWORLD,ANIME,60,1207549,https://i.scdn.co/image/ab6761610000e5eb640216c81f7052e48eb4360b,Outros
HER'S,INDIE,65,1207465,https://i.scdn.co/image/ab6761610000e5eb6e339cf31f00e472b1ddd1c5,Outros
MAN WITH A MISSION,ANIME,60,1207351,https://i.scdn.co/image/ab6761610000e5ebcfe5049bb4fcd5a3ddaa9238,Outros
STEVEN UNIVERSE,OST,67,1205347,https://i.scdn.co/image/ab6761610000e5eb5821a955623f4b2b76efdbaf,7.0
JOHN MICHAEL MONTGOMERY,COUNTRY,61,1205211,https://i.scdn.co/image/7c95c04b391ea7eae48c29f095335803136203c1,5.0
PALOMA MAMI,CHILEAN TRAP,65,1204623,https://i.scdn.co/image/ab6761610000e5eb1fd3b2ca71b1d0f71351d756,7.0
CHRISTOPHER CROSS,YACHT ROCK,68,1202956,https://i.scdn.co/image/ab6761610000e5eba2e75d072e19a6150744f924,Outros
CLINT BLACK,CLASSIC COUNTRY,60,1202588,https://i.scdn.co/image/ab6761610000e5ebfa3719bead2db47463ae5de0,5.0
KC & THE SUNSHINE BAND,DISCO,66,1202484,https://i.scdn.co/image/ab6761610000e5eb5b9b91f430a06b8094efcbda,Outros
SMASH MOUTH,0,65,1202391,https://i.scdn.co/image/ab6761610000e5ebd58661b3aa9d077580e8aa4e,3.0
BOA,0,69,1202390,https://i.scdn.co/image/ab6761610000e5ebd699423e4d35ff7a7fb66b7d,3.0
GRUPO RECLUTA,CORRIDO,63,1202093,https://i.scdn.co/image/ab6761610000e5ebd79d28c2a081a662f9f403ff,5.0
FRANZ SCHUBERT,CHAMBER MUSIC,64,1199835,https://i.scdn.co/image/ffd1ed5399935c49e9c34ba3681a899104998299,7.0
OL' DIRTY BASTARD,EAST COAST HIP HOP,62,1199287,https://i.scdn.co/image/cdcf0ecd5b041452681badedca98f7d3b8494c52,Outros
ERA7CAPONE,TURKISH HIP HOP,72,1198768,https://i.scdn.co/image/ab6761610000e5eba0f4958986aaacd1e8c4e8d3,2.0
LOREEN,EUROPOP,67,1197495,https://i.scdn.co/image/ab6761610000e5eb41763765387d46c3e127de37,7.0
311,REGGAE ROCK,62,1197441,https://i.scdn.co/image/ab6761610000e5eb16b06f19229dc1ceb654a250,Outros
ICE NINE KILLS,METALCORE,67,1196990,https://i.scdn.co/image/ab6761610000e5eb81a212234c896a0dd16dcf67,0.0
KIM PETRAS,0,71,1196628,https://i.scdn.co/image/ab6761610000e5ebbfb79df787104f6b3363529f,3.0
FRANCIS CABREL,VARIETE FRANCAISE,61,1196615,https://i.scdn.co/image/ab6761610000e5eb4a466259ed8dd954502b3ef3,5.0
GAL COSTA,MPB,63,1195915,https://i.scdn.co/image/ab6761610000e5ebce25c56eb261c36e5ebc7864,11.0
GLORIA GAYNOR,DISCO,64,1195816,https://i.scdn.co/image/ab6761610000e5ebb75ca1c0223fc450dfe3c1ec,Outros
BLAQBONEZ,ALTE,64,1195492,https://i.scdn.co/image/ab6761610000e5ebb25185d23f3b6922a95014c2,7.0
NIZIU,J-POP,60,1193351,https://i.scdn.co/image/ab6761610000e5eb226377c5087ab33439932cef,Outros
MUSIC TRAVEL LOVE,0,68,1193240,https://i.scdn.co/image/ab6761610000e5ebcc1aa7c14ffc81ede107333c,3.0
MEGAN MORONEY,COUNTRY,75,1192199,https://i.scdn.co/image/ab6761610000e5eb23435361a7e5cef9e8b73d1e,2.0
ERASURE,SYNTHPOP,62,1192032,https://i.scdn.co/image/ab6761610000e5eb8415569615b5c7f5c03c8594,Outros
FISHER,TECH HOUSE,75,1189470,https://i.scdn.co/image/ab6761610000e5eb47847d97516d0e40b01eea5f,2.0
MAITE PERRONI,LATIN POP,67,1189123,https://i.scdn.co/image/ab6761610000e5eb6f561a1ff5ae441d0577a34c,6.0
JAVIER ROSAS Y SU ARTILLERIA PESADA,CORRIDO,64,1185122,https://i.scdn.co/image/ab6761610000e5eb21fc3b027bf4505814b20cb7,7.0
DE LA SOUL,JAZZ RAP,73,1184315,https://i.scdn.co/image/ab6761610000e5ebc443011311dcf7f6eeaf507d,Outros
BLACK PUMAS,RETRO SOUL,63,1183462,https://i.scdn.co/image/ab6761610000e5eb39d27eaedd0adde305e9c98f,Outros
GRELO,SERESTA,66,1181423,https://i.scdn.co/image/ab6761610000e5eb3ff05498bb536e945cb0142a,7.0
CATFISH AND THE BOTTLEMEN,INDIE,63,1179732,https://i.scdn.co/image/ab6761610000e5ebaa7e4337ef3969e7ce27876e,Outros
SIR,ALTERNATIVE R&B,64,1178927,https://i.scdn.co/image/ab6761610000e5eb8fad33ba0d5ff81d0c453ce9,3.0
THE RED CLAY STRAYS,COUNTRY,73,1177978,https://i.scdn.co/image/ab6761610000e5eb1f87bfc1e824789e91573493,2.0
RONAN KEATING,0,61,1177895,https://i.scdn.co/image/ab6761610000e5ebc7538bd3293f5e3b292cf3e4,3.0
FUNKY,CHRISTIAN,64,1177808,https://i.scdn.co/image/ab6761610000e5ebd5db1b20133c4380730867b9,Outros
NATALIE JANE,0,61,1177352,https://i.scdn.co/image/ab6761610000e5eb924c9acfc115625c129d80a2,3.0
STICKY FINGERS,SURF ROCK,64,1175153,https://i.scdn.co/image/ab6761610000e5eb21ebb7e4085f6c9765fbe9a5,Outros
NATALIE IMBRUGLIA,0,64,1175056,https://i.scdn.co/image/ab6761610000e5eb2e023776b822635846e1f5f1,3.0
PETER CETERA,SOFT ROCK,63,1171566,https://i.scdn.co/image/d25e8d5f1d06e238771595e9b2fda6063454e85f,Outros
DELLAFUENTE,FLAMENCO URBANO,67,1170473,https://i.scdn.co/image/ab6761610000e5eb8bbfd0d545ef15b909ffe49e,7.0
DIANA KRALL,VOCAL JAZZ,64,1170262,https://i.scdn.co/image/ab6761610000e5ebd1bfc97e11bb4c1f90f287a6,Outros
CHARLIE WILSON,SEXY DRILL,63,1167940,https://i.scdn.co/image/ab6761610000e5ebb1c55850b10bbbfa9f227236,5.0
MC KELVINHO,FUNK CONSCIENTE,63,1167848,https://i.scdn.co/image/ab6761610000e5eb5a288e8ad03b6ca6c156c8c1,5.0
XAVIER WULF,CLOUD RAP,69,1167624,https://i.scdn.co/image/ab6761610000e5eb12258d35ee4378e8fdbe3dac,Outros
"HECTOR ""EL FATHER""",REGGAETON,72,1167129,https://i.scdn.co/image/fb6f6b52082b66ee883bccf31fec0640e901ef25,Outros
AIR,TRIP HOP,65,1167034,https://i.scdn.co/image/ab6761610000e5ebbba853968b8873dd4f6ef3c1,Outros
BM,RKT,64,1166965,https://i.scdn.co/image/ab6761610000e5eba77e15786f17c9425c4c6fdb,7.0
SOJA,REGGAE,61,1166512,https://i.scdn.co/image/ab6761610000e5eb63249f1bc63ff8d4205efbc8,0.0
IYAZ,0,66,1166108,https://i.scdn.co/image/07be68a6b678e0307e38303186ddbc6816f250af,3.0
APOCALYPTICA,SYMPHONIC METAL,62,1165897,https://i.scdn.co/image/ab6761610000e5ebd5b5240aa1e0454e3ea2eb72,Outros
SALIVA,NU METAL,63,1164950,https://i.scdn.co/image/ab6761610000e5eb9b0f80a20812daae4481dd54,4.0
HENRY FREITAS,FORRO,66,1164912,https://i.scdn.co/image/ab6761610000e5ebd3ba836afeb338a1d0dcb23e,8.0
ALEXANDER STEWART,0,63,1163970,https://i.scdn.co/image/ab6761610000e5eb7a0b55b9a1514dc8af25543d,3.0
YUNG LEAN,CLOUD RAP,67,1163937,https://i.scdn.co/image/ab6761610000e5eb9203ea92f4c538f41e6eea8c,Outros
EL CANTO DEL LOCO,LATIN,63,1163657,https://i.scdn.co/image/ab6761610000e5eb5f251e3951c253901cf172c0,Outros
CODY JINKS,RED DIRT,63,1163561,https://i.scdn.co/image/ab6761610000e5eb6a137a21a8f66825fffe7a43,5.0
GURINDER GILL,PUNJABI HIP HOP,68,1161785,https://i.scdn.co/image/ab6761610000e5eb7174bab444b3d4fb9926ffd9,7.0
DETONAUTAS,BRAZILIAN ROCK,62,1160802,https://i.scdn.co/image/ab6761610000e5ebb19cf97aea0a0c0ff1543172,9.0
MAINSTREET,BRAZILIAN TRAP,72,1159874,https://i.scdn.co/image/ab6761610000e5eba34de48b38aa5fba577ff336,8.0
GREGORY ALAN ISAKOV,INDIE FOLK,72,1159703,https://i.scdn.co/image/ab6761610000e5eb4528d0f9bb51b241561a16f3,Outros
WILL SMITH,RAP,66,1159612,https://i.scdn.co/image/ab6761610000e5ebdafd166f0fab33d721ff840d,12.0
DON MCLEAN,0,64,1159577,https://i.scdn.co/image/ab6761610000e5eb960f33e2e44a53d836dc8ffb,3.0
IRON & WINE,INDIE FOLK,62,1159476,https://i.scdn.co/image/ab6761610000e5eb6554f29133d7e27979e009d7,Outros
FONTAINES D.C.,POST-PUNK,71,1159416,https://i.scdn.co/image/ab6761610000e5ebc4b9cd69cf77ce41487dd69a,Outros
MILTON NASCIMENTO,MPB,63,1159054,https://i.scdn.co/image/ab6761610000e5eb8ed529f569634a2c98232412,11.0
SAINT JHN,0,66,1157861,https://i.scdn.co/image/ab6761610000e5ebd39f6882e384376eaf3271a0,3.0
WHISKEY MYERS,RED DIRT,69,1157478,https://i.scdn.co/image/ab6761610000e5eb5404ec64bfa0bd5fb100ca1d,7.0
ORGANIZE,TURKISH HIP HOP,69,1156720,https://i.scdn.co/image/ab6761610000e5eb354696c2727a8b20a8c4420e,7.0
BELCHIOR,MPB,60,1156272,https://i.scdn.co/image/ab6761610000e5eb3108834ef947e4747ed68bcf,11.0
1NONLY,PHONK,67,1154726,https://i.scdn.co/image/ab6761610000e5eb18a74f45a84009cb1f7e25c6,7.0
ASIAN KUNG-FU GENERATION,J-ROCK,61,1153885,https://i.scdn.co/image/ab6761610000e5eb40c6a6dd0715a0de86c05308,Outros
PINO DANIELE,ITALIAN SINGER-SONGWRITER,61,1153750,https://i.scdn.co/image/ab6761610000e5eb1db0d8e82e803570d0bbf422,5.0
TRAVIS,BRITPOP,60,1151576,https://i.scdn.co/image/ab6761610000e5eb44b03604cc7e3271aa5dbad0,Outros
THE HEAD AND THE HEART,INDIE FOLK,64,1151254,https://i.scdn.co/image/ab6761610000e5ebad20de0e4a289e3320c2406f,Outros
RETO,0,63,1151065,https://i.scdn.co/image/ab6761610000e5eb0230d18dd544e96ab74f6012,3.0
CHRIS REA,CHRISTMAS,64,1150304,https://i.scdn.co/image/ab6761610000e5eb81aacad025d8338d125debd0,Outros
SCOTTY MCCREERY,COUNTRY,63,1150115,https://i.scdn.co/image/ab6761610000e5eb64d476b3bf569a20b4089f6d,5.0
MEOVV,K-POP,66,1149732,https://i.scdn.co/image/ab6761610000e5ebbc6dcb995700b11563f7d8bd,9.0
VIEJAS LOCAS,ARGENTINE ROCK,61,1149659,https://i.scdn.co/image/ab67616d0000b273df3f8fd1d8e59db737afc889,3.0
URU,J-POP,61,1149647,https://i.scdn.co/image/ab6761610000e5eba9278f151bf185122c53937d,Outros
BOMBA ESTEREO,LATIN ALTERNATIVE,69,1148887,https://i.scdn.co/image/ab6761610000e5ebb6138f2e113c0f569b2c3f5a,Outros
RICO NASTY,0,61,1148187,https://i.scdn.co/image/ab6761610000e5eb8aee390911bce146c7bf488e,3.0
MC TH,BRAZILIAN FUNK,66,1147885,https://i.scdn.co/image/ab6761610000e5eb210048d570589dddb1bf4dff,12.0
THE POINTER SISTERS,DISCO,61,1147859,https://i.scdn.co/image/ab6772690000c46c8c57ac844d8c2170149462e3,Outros
MAX RICHTER,NEOCLASSICAL,73,1145078,https://i.scdn.co/image/ab6761610000e5eb8dee498089aaed97d680c5b7,Outros
IMOGEN HEAP,0,76,1144417,https://i.scdn.co/image/ab6761610000e5eba3008186ba04a1440151a939,3.0
LOS GEMELOS DE SINALOA,CORRIDO,66,1144129,https://i.scdn.co/image/ab6761610000e5eb87b29028a74fde6b1057fb61,7.0
EVALUNA MONTANER,0,62,1142449,https://i.scdn.co/image/ab6761610000e5ebe0fea3817a423295c9236332,3.0
BELL BIV DEVOE,NEW JACK SWING,61,1141700,https://i.scdn.co/image/ab6761610000e5eb6d096b2195e267e4946b16aa,5.0
PHILLIP PHILLIPS,FOLK POP,61,1140728,https://i.scdn.co/image/ab6761610000e5eb9c7c4d6d864163e70c68e4cf,Outros
LIL JON & THE EAST SIDE BOYZ,CRUNK,64,1140431,https://i.scdn.co/image/aafc4156598fa9f8f052ec5687e648ba9120f07e,7.0
SIMBA LA RUE,ITALIAN TRAP,69,1139572,https://i.scdn.co/image/ab6761610000e5eb09094dfccb6bcb4a6717a044,8.0
CHEEMA Y,PUNJABI HIP HOP,76,1138078,https://i.scdn.co/image/ab6761610000e5eb8acd9439506d057719cb4446,2.0
SHENSEEA,DANCEHALL,70,1137902,https://i.scdn.co/image/ab6761610000e5eb67199fc390ed8b61fdea059c,7.0
OMAR APOLLO,BEDROOM POP,68,1135858,https://i.scdn.co/image/ab6761610000e5ebae8080a07532b843b42acec1,Outros
LIL KLEINE,0,67,1135649,https://i.scdn.co/image/ab6761610000e5eba2a9391dc760a56270096595,3.0
BAUSA,GERMAN HIP HOP,65,1135431,https://i.scdn.co/image/ab6761610000e5ebce213bffe38bebf6f43dabc6,9.0
10CM,K-BALLAD,61,1134930,https://i.scdn.co/image/ab6761610000e5eb2445af13cb1a8132388cd566,5.0
SET IT OFF,0,66,1134198,https://i.scdn.co/image/ab6761610000e5ebdcde4cdb6b61ee2260316672,3.0
SUKHWINDER SINGH,BOLLYWOOD,70,1132653,https://i.scdn.co/image/ab6761610000e5ebc89e803f887e3829819bf82a,7.0
GABB MC,BRAZILIAN FUNK,65,1132207,https://i.scdn.co/image/ab6761610000e5ebf401cb2fef8f656b39f30da6,12.0
DJ GUUGA,BRAZILIAN FUNK,65,1132190,https://i.scdn.co/image/ab6761610000e5eb65b4040713172d81fb036f4b,12.0
CASA WORSHIP,GOSPEL,62,1131785,https://i.scdn.co/image/ab6761610000e5eb1166cd528a48f976066a4efd,5.0
VITINHO,PAGODE,62,1130449,https://i.scdn.co/image/ab6761610000e5eb944dc75c8f4200ce58c883c7,1.0
RANJITH GOVIND,TAMIL DANCE,65,1130086,https://i.scdn.co/image/ab6761610000e5ebdb9f83669c00348f06c35a28,7.0
JOAN JETT & THE BLACKHEARTS,ROCK,64,1128553,https://i.scdn.co/image/ab6761610000e5eb18b65165ad4f5f1c188efc0b,14.0
ACE OF BASE,EURODANCE,69,1128505,https://i.scdn.co/image/df9a1dd7f15d98cdbef3ee8c44adae7dec4142d6,7.0
NIKHITA GANDHI,BOLLYWOOD,70,1127759,https://i.scdn.co/image/ab6761610000e5eb628dbda01ef16646aac182b6,7.0
PRATEEK KUHAD,INDIAN INDIE,60,1126861,https://i.scdn.co/image/ab6761610000e5eb284fbc05b35f3a52501ba30a,5.0
ETHEL CAIN,SOUTHERN GOTHIC,69,1125460,https://i.scdn.co/image/ab6761610000e5eb3bbecf739fb7198dffd61795,Outros
ASAL KOLAAR,TAMIL HIP HOP,66,1124781,https://i.scdn.co/image/ab6761610000e5ebb255888bcb4a6feab6e2bb97,9.0
RYUICHI SAKAMOTO,JAPANESE CLASSICAL,62,1124421,https://i.scdn.co/image/ab6761610000e5eb323c73cb431edf7ba9ed34b2,Outros
THE MARSHALL TUCKER BAND,SOUTHERN ROCK,62,1123635,https://i.scdn.co/image/ab6761610000e5eb146388d54bc86c0dc6f59f6d,Outros
ALESSANDRO VILAS BOAS,GOSPEL,61,1121486,https://i.scdn.co/image/ab6761610000e5eb291a0d4ebd07123c068f4d1e,5.0
BLOODHOUND GANG,0,63,1120141,https://i.scdn.co/image/ab6761610000e5ebb37fd268f79456bf904d617e,3.0
ROBERTA FLACK,ADULT STANDARDS,62,1120129,https://i.scdn.co/image/d3b80d0493e0b44c1879fefff018b0a224d62468,5.0
NINA CHUBA,GERMAN INDIE,72,1117430,https://i.scdn.co/image/ab6761610000e5eb0a3c84e95542a58fd61ab47c,Outros
STARSET,0,65,1116284,https://i.scdn.co/image/ab6761610000e5eb6360a7b99211498fc60bc904,3.0
T.A.T.U.,POP ROCK,65,1116199,https://i.scdn.co/image/ab6761610000e5ebc8bb15d091287d6ce663d430,Outros
PAKY,ITALIAN TRAP,62,1115962,https://i.scdn.co/image/ab6761610000e5ebef0a78f1dc275a720f44cd06,8.0
LASSO,0,66,1114909,https://i.scdn.co/image/ab6761610000e5eb86adc679ceeaa4faaab3cd82,3.0
GIGI D'AGOSTINO,EURODANCE,69,1114725,https://i.scdn.co/image/ab6761610000e5eb3547c85b33443eb3d8abd004,7.0
RIGO TOVAR,GRUPERA,64,1113331,https://i.scdn.co/image/ab67616d0000b273afb64d23ceb1b377a15ad4ca,7.0
WARREN ZEIDERS,COUNTRY,70,1113112,https://i.scdn.co/image/ab6761610000e5ebc1790ce1715aa97f87c9e094,7.0
THE WOMBATS,INDIE,62,1112581,https://i.scdn.co/image/ab6761610000e5eb4eb9a8e62a4cfcdf61c4a03a,Outros
LUCIANO PAVAROTTI,OPERA,63,1110893,https://i.scdn.co/image/ab6761610000e5eb7c79a26af7f4b435ec8c6b95,Outros
PAROV STELAR,ELECTRO SWING,62,1110702,https://i.scdn.co/image/ab6761610000e5eb328d0dfdb980052cb6c0d3fa,5.0
EBRU YASAR,TURKISH POP,62,1110572,https://i.scdn.co/image/ab6761610000e5eb4d8fe24f8d770a9d6669b47b,5.0
CHRIS MC,BRAZILIAN HIP HOP,64,1110452,https://i.scdn.co/image/ab6761610000e5eb44193fea793274482186803a,9.0
PRO8L3M,0,71,1108498,https://i.scdn.co/image/ab6761610000e5eb7176c9c1b1deff41319c363a,3.0
FAR EAST MOVEMENT,EDM,66,1108492,https://i.scdn.co/image/ab6761610000e5eb3d00e6ff83bfcb69939de1d9,Outros
LOVEJOY,0,60,1107321,https://i.scdn.co/image/ab6761610000e5eb1bbfa76c65fddf2f208fb357,3.0
METRONOMY,NEW RAVE,60,1105674,https://i.scdn.co/image/ab6761610000e5ebceff4142bf102931cd3cd61d,Outros
GIORGIA,ITALIAN SINGER-SONGWRITER,64,1104151,https://i.scdn.co/image/ab6761610000e5ebc0eaa3ed162ba20459a32cbf,7.0
ENIGMA,NEW AGE,64,1103752,https://i.scdn.co/image/ab6761610000e5eb9ae626f41a7ce681c8266897,Outros
SO PRA CONTRARIAR,PAGODE,60,1103576,https://i.scdn.co/image/ab6761610000e5eb693f1dcf332265891aaa2b77,1.0
ELECTRIC CALLBOY,METALCORE,69,1102265,https://i.scdn.co/image/ab6761610000e5eb20f7005cd458083ae2d9ea68,0.0
AMANRAJ GILL,HARYANVI POP,68,1100619,https://i.scdn.co/image/ab6761610000e5eb8fee197e04a339b998ec5922,7.0
PETER FOX,GERMAN POP,62,1099823,https://i.scdn.co/image/ab6761610000e5eb62d32fecd906250a7353b36d,5.0
RAY LAMONTAGNE,0,65,1099787,https://i.scdn.co/image/ab6761610000e5eb44ede429cd4a7a2bda7e6156,3.0
ALFA,0,65,1099445,https://i.scdn.co/image/ab6761610000e5eb0b4f39ae1c1794f2c069dbbb,3.0
DIVYA KUMAR,BOLLYWOOD,70,1099415,https://i.scdn.co/image/ab6761610000e5eb83a8f2d61713ae45395f79ad,7.0
ROXY MUSIC,GLAM ROCK,61,1099040,https://i.scdn.co/image/ab6761610000e5eb35572c81290a3e3d4a0906e3,Outros
EXILE,J-POP,60,1098655,https://i.scdn.co/image/ab6761610000e5eb069e939c824a867e45b4a61b,Outros
PARCELS,INDIE SOUL,71,1098520,https://i.scdn.co/image/ab6761610000e5eb3f64ee564d3617f6a764f933,Outros
NATEMAN,PINOY HIP HOP,67,1098315,https://i.scdn.co/image/ab6761610000e5eb33b48611fec95f953d5d8ac9,Outros
LIGHT,TRAP,66,1096909,https://i.scdn.co/image/ab6761610000e5eb756f063169dda016118310eb,12.0
OH WONDER,0,65,1096133,https://i.scdn.co/image/ab6761610000e5eba1bbe478917fbc2c2e48c7c9,3.0
SEAFRET,0,65,1094466,https://i.scdn.co/image/ab6761610000e5eb8063d8fa2d0fd4f409b9144a,3.0
CREEP HYP,J-POP,63,1094382,https://i.scdn.co/image/ab6761610000e5ebbb66b102ab85c531397ec6b2,Outros
YANN TIERSEN,0,63,1094011,https://i.scdn.co/image/ab6761610000e5eb38c055afa566dd9f0c56fec1,3.0
PULP,BRITPOP,61,1093364,https://i.scdn.co/image/ab6761610000e5eb2a7e3dfda16364548dfdc915,Outros
KAPO,LATIN AFROBEATS,79,1092934,https://i.scdn.co/image/ab6761610000e5eb1d47bfab8b8078bb44475d99,2.0
HOTEL UGLY,0,72,1091157,https://i.scdn.co/image/ab6761610000e5eb939033cc36c08ab68b33f760,3.0
ANA MENA,0,69,1090756,https://i.scdn.co/image/ab6761610000e5eb04297878deeb94adeb697a3c,3.0
ALPHAVILLE,SYNTHPOP,70,1089756,https://i.scdn.co/image/ab6761610000e5eb3f8779bb1c97be855c6b51a8,Outros
SOLOMUN,MELODIC TECHNO,60,1089732,https://i.scdn.co/image/ab6761610000e5ebbfbacb40dced09ead13a3fa4,5.0
OLGA TANON,MERENGUE,60,1088879,https://i.scdn.co/image/ab6761610000e5eb0f65f6051b17d2670a3fdf5a,5.0
SIR MIX-A-LOT,OLD SCHOOL HIP HOP,66,1088409,https://i.scdn.co/image/ab6761610000e5ebad22596710969e658468b4c5,7.0
STILL WOOZY,BEDROOM POP,62,1088386,https://i.scdn.co/image/ab6761610000e5eb213487aac43637b03baf9db8,Outros
JORGE ARAGAO,SAMBA,64,1088211,https://i.scdn.co/image/ab6761610000e5eb4c15f4a9ea08585ab7019129,5.0
GANG STARR,EAST COAST HIP HOP,63,1087329,https://i.scdn.co/image/ab6761610000e5eb85ee94998a936ef47231db39,Outros
LUCKY BROWN,REGGAETON CHILENO,74,1087326,https://i.scdn.co/image/ab6761610000e5eb853ac8f6b002f6967069709d,2.0
AYUMI HAMASAKI,J-POP,61,1085895,https://i.scdn.co/image/ab6761610000e5ebf7500923dca99a8b9e409670,Outros
WONDER GIRLS,K-POP,61,1085491,https://i.scdn.co/image/ab6761610000e5eb30a517d1b703c3eabdac2855,9.0
JOHANNES BRAHMS,CLASSICAL,66,1085186,https://i.scdn.co/image/d5c6af18beb1411ab49c2976647e0d370bf66a88,Outros
YOUNG BUCK,SOUTHERN HIP HOP,60,1084859,https://i.scdn.co/image/897e8215aabe5527e4a3cddc3738a9ab55e5dc5c,5.0
BOBBY V.,R&B,64,1084570,https://i.scdn.co/image/ab6761610000e5ebcf100186c3b280c3fd7c731e,2.0
MATTHEW WEST,CHRISTIAN,61,1084144,https://i.scdn.co/image/ab6761610000e5eb8adaf6acfc156ed4813a498b,Outros
DECLAN MCKENNA,0,62,1083394,https://i.scdn.co/image/ab6761610000e5eb358e4bc3d74bb8af941aec7a,3.0
EDWARD SHARPE & THE MAGNETIC ZEROS,0,62,1081930,https://i.scdn.co/image/ab6761610000e5eba9557581d591dcb5dbf174df,3.0
JACK U,EDM,60,1081796,https://i.scdn.co/image/ab6772690000c46c5be2cdc85f21b8f31a84be22,Outros
LINDA RONSTADT,COUNTRY ROCK,61,1081072,https://i.scdn.co/image/ab6761610000e5eb5f374854cfe4d32df9ddeae4,Outros
BOYGENIUS,0,63,1080795,https://i.scdn.co/image/ab6761610000e5eb1a6373c01e8b86e289859f57,3.0
PAUL YOUNG,0,60,1080633,https://i.scdn.co/image/ab6761610000e5eb240f1dd467e6bbad1a0e5acd,3.0
COLO DE DEUS,WORSHIP,63,1080463,https://i.scdn.co/image/ab6761610000e5eb2e46c518e592cba6800363f2,5.0
HARINI,TAMIL POP,67,1080245,https://i.scdn.co/image/ab6761610000e5eb11f423e36efe083eee359a08,7.0
HARNOOR,PUNJABI POP,61,1080231,https://i.scdn.co/image/ab6761610000e5eb2de2d8f70bdf1c3a0668d280,5.0
VIOLETTE WAUTIER,THAI POP,60,1080095,https://i.scdn.co/image/ab6761610000e5eb1da43ceee09be7512290305b,6.0
KUNAAL VERMAA,HINDI POP,74,1078900,https://i.scdn.co/image/ab6761610000e5eb187491994c7bb4d30d7c8e6e,Outros
EVERCLEAR,POST-GRUNGE,60,1077394,https://i.scdn.co/image/ab6761610000e5eb5735cb0125f6fa06c3aa7f0d,Outros
HIM,GOTHIC METAL,66,1076791,https://i.scdn.co/image/bceb7fc52d4b64709d487f716befe43ef8273b1a,7.0
HIPPIE SABOTAGE,0,67,1074686,https://i.scdn.co/image/ab6761610000e5ebc837cf4b3ccc6c9e4b9c7634,3.0
ARIVU,TAMIL HIP HOP,69,1074057,https://i.scdn.co/image/ab6761610000e5ebecbbe611ce7b673b8b51b75d,9.0
JOE DWET FILE,KOMPA,65,1073979,https://i.scdn.co/image/ab6761610000e5ebf2a0b8a7609126c3798a741b,7.0
FAVE,AFROBEATS,60,1072746,https://i.scdn.co/image/ab6761610000e5eb9980c60ca4a1308ee97b611d,5.0
CHINGY,CRUNK,60,1072697,https://i.scdn.co/image/ab6761610000e5ebec6d65f8f8a7a95d6c6817d7,5.0
CROSSFADE,POST-GRUNGE,60,1072251,https://i.scdn.co/image/ab6761610000e5eb4af16bc8b87ea8f3b7048060,Outros
CALEMA,KIZOMBA,63,1072134,https://i.scdn.co/image/ab6761610000e5eb00a07f6c31b92c8e103774b6,5.0
3OH!3,ALTERNATIVE ROCK,63,1071594,https://i.scdn.co/image/ab6761610000e5eb9ddf6b92044ac126de4e628d,3.0
GIPSY KINGS,FLAMENCO,66,1071367,https://i.scdn.co/image/ab6761610000e5eb0021ec9649c85befdf9cc4a9,7.0
KOE WETZEL,RED DIRT,71,1071097,https://i.scdn.co/image/ab6761610000e5eb4f81d6e97713799ac3780b7f,2.0
ELODIE,0,67,1070947,https://i.scdn.co/image/ab6761610000e5eb3d700d2081843475dc5af802,3.0
PEGGY GOU,0,63,1070528,https://i.scdn.co/image/ab6761610000e5ebffbd43b1e54eb09a8c824f53,3.0
PORNOGRAFFITTI,ANIME,62,1069394,https://i.scdn.co/image/ab6761610000e5ebc35229875733deeeeb6cdfa8,Outros
DESEJO DE MENINA,FORRO,60,1069115,https://i.scdn.co/image/ab6761610000e5eb71c9ca209a05408ec3698106,8.0
DAYGLOW,0,62,1068900,https://i.scdn.co/image/ab6761610000e5eb70bbb7950edf20fc5847de6c,3.0
SHILPI RAJ,BHOJPURI POP,73,1068641,https://i.scdn.co/image/ab6761610000e5eb34b1b490b6090336abbae4af,2.0
UN CORAZON,CHRISTIAN,68,1066611,https://i.scdn.co/image/ab6761610000e5eb2cd6d3b4e453685e4539f792,Outros
ADAM LEVINE,POP,73,1065398,https://i.scdn.co/image/ab6761610000e5eb4a61c7615c8125e832ffc32c,6.0
THE DRUMS,INDIE,61,1065218,https://i.scdn.co/image/ab6761610000e5eb5aa228084150aad9199d2575,Outros
CLAUDIA LEITTE,AXE,61,1063412,https://i.scdn.co/image/ab6761610000e5ebf124d80ad340b6e83abad60f,8.0
KANA-BOON,ANIME,62,1063128,https://i.scdn.co/image/ab6761610000e5eb32ea170975715901769cf6ce,Outros
INDIA MARTINEZ,FLAMENCO,62,1062910,https://i.scdn.co/image/ab6761610000e5ebe276b05a36b55befe4791f3c,5.0
BIG L,EAST COAST HIP HOP,65,1062490,https://i.scdn.co/image/ab6761610000e5eba4f78bbc847304a2bc118e10,Outros
BABY BASH,0,63,1062043,https://i.scdn.co/image/ab6761610000e5eb0feee74aea6c89ebaae3913e,3.0
OLIVER HELDENS,FUTURE HOUSE,64,1060959,https://i.scdn.co/image/ab6761610000e5ebe0de3617061247aa35ff7865,7.0
CROWDED HOUSE,EDM,69,1060588,https://i.scdn.co/image/ab6761610000e5eb44cb4815148bd49c0a600b89,Outros
LOS PANCHOS,BOLERO,65,1060434,https://i.scdn.co/image/ab6761610000e5ebc3075578b9497169e7548468,7.0
THE WALTERS,0,70,1059521,https://i.scdn.co/image/ab6761610000e5ebb63c6c447c9c484c6e87d509,3.0
POWERWOLF,POWER METAL,61,1058168,https://i.scdn.co/image/ab6761610000e5eb7eebe31d9542992df74099f3,Outros
OBOY,FRENCH RAP,63,1057666,https://i.scdn.co/image/ab6761610000e5eb362d1c5bd5573f85b9d3fe44,5.0
DIONNE WARWICK,0,61,1057103,https://i.scdn.co/image/ab6761610000e5eb460f728695000dadb44a4e8c,3.0
SUGAR RAY,0,62,1056157,https://i.scdn.co/image/ab6761610000e5ebcebc241b0751f4125adfe41d,3.0
RAPHAEL,VILLANCICOS,62,1055465,https://i.scdn.co/image/ab6761610000e5eb96822478799640119e30628a,5.0
PALUCH,0,62,1052358,https://i.scdn.co/image/ab6761610000e5ebef68ef5aec13904d8c8d9541,3.0
UTOPIA,INDONESIAN POP,65,1050144,https://i.scdn.co/image/ab6761610000e5ebc10be7b7fff309b12b7657fd,7.0
JAYMES YOUNG,0,66,1046467,https://i.scdn.co/image/ab6761610000e5eb87528aedec4b8d5586768014,3.0
CONWAY TWITTY,CLASSIC COUNTRY,61,1046235,https://i.scdn.co/image/ab6761610000e5ebd2bccba29d28c3e81384d574,5.0
YELLOW CLAW,EDM,60,1045516,https://i.scdn.co/image/ab6761610000e5eb9abb52bfe2a010c3e05a63e7,Outros
GORDON LIGHTFOOT,FOLK ROCK,64,1044613,https://i.scdn.co/image/4786e7b7378ca4420a75b60531c333f40e9e6b6a,Outros
88RISING,0,65,1044529,https://i.scdn.co/image/ab6761610000e5eb9925b25e0ad0d1c661e1e474,3.0
INTERNET MONEY,0,66,1044433,https://i.scdn.co/image/ab6761610000e5eb30cc15d302e22803fcb5ad34,3.0
FAYE WONG,CANTOPOP,60,1043602,https://i.scdn.co/image/4899d4738b0b924c66276283dcc2fc7effc38a30,5.0
ELI SOARES,GOSPEL,63,1043189,https://i.scdn.co/image/ab6761610000e5eb3a86913d595c3a8041672f53,5.0
COMMON,HIP HOP,61,1042467,https://i.scdn.co/image/ab6761610000e5eb6354c88f58d8a99b91e0d965,Outros
JORGE RIVERA-HERRANS,MUSICALS,77,1042301,https://i.scdn.co/image/ab6761610000e5eb33004c3ff7aa2a93db21b6c1,2.0
OLIVER ANTHONY MUSIC,COUNTRY,62,1041367,https://i.scdn.co/image/ab6761610000e5ebc98f2b2e51b8b42a525942e5,5.0
KYAN,BRAZILIAN TRAP,65,1041250,https://i.scdn.co/image/ab6761610000e5eb8cd606185adb9a85e288deaa,8.0
RUSS MILLIONS,UK DRILL,61,1040970,https://i.scdn.co/image/ab6761610000e5eb30f4286ac3e8fb2afae1cff6,5.0
KAVINSKY,SYNTHWAVE,61,1039052,https://i.scdn.co/image/ab6761610000e5eb2dc7b3180bad1885c6ee1320,5.0
RAWAYANA,SPANISH-LANGUAGE REGGAE,69,1038281,https://i.scdn.co/image/ab6761610000e5ebb5c14a2ec63ac237caab6593,7.0
ØNEHEART,DARK AMBIENT,73,1037787,https://i.scdn.co/image/ab6761610000e5ebc01094c3bf728b0b503ff666,2.0
MC JACARE,BRAZILIAN FUNK,76,1037435,https://i.scdn.co/image/ab6761610000e5eb29915070fc94a63b974d185b,12.0
JORGE VERCILLO,MPB,63,1037335,https://i.scdn.co/image/ab6761610000e5eb9cb2c30573b8130b727d50ad,11.0
ERNIA,ITALIAN TRAP,71,1036224,https://i.scdn.co/image/ab6761610000e5eb2a0ccee58751efd0729d8129,8.0
E-40,HYPHY,67,1035041,https://i.scdn.co/image/ab6761610000e5eb8ca18cf65fbe696a56d9cfda,7.0
SLAUGHTER TO PREVAIL,DEATHCORE,61,1034396,https://i.scdn.co/image/ab6761610000e5ebb283678ed69bc98f2f637ad8,5.0
JOSH GROBAN,CHRISTMAS,62,1031891,https://i.scdn.co/image/ab6761610000e5eb380041733de62ff964c1c241,Outros
LAGUM,NOVA MPB,64,1031606,https://i.scdn.co/image/ab6761610000e5eb1183ac58ebef1c990805eab9,9.0
VITOR KLEY,BRAZILIAN POP,61,1031142,https://i.scdn.co/image/ab6761610000e5eb50d5abea946bcc4ee72bcee9,1.0
JPEGMAFIA,EXPERIMENTAL HIP HOP,64,1030905,https://i.scdn.co/image/ab6761610000e5ebb37aa35eec6d83fe18e48e73,7.0
BATAS SENJA,INDONESIAN INDIE,65,1028706,https://i.scdn.co/image/ab6761610000e5eb4c259c9bc85186c2c3b89f84,7.0
GAZZELLE,INDIE,63,1028033,https://i.scdn.co/image/ab6761610000e5eba37800344d499444125dead5,Outros
KHEL PANGILINAN,OPM,66,1027947,https://i.scdn.co/image/ab67616d0000b273cf27a46823f75ae6c8c78048,7.0
FAVE,FRENCH RAP,65,1027559,https://i.scdn.co/image/ab6761610000e5ebda7f1772d2baff5f79758832,7.0
YOMO,REGGAETON,61,1026156,https://i.scdn.co/image/ab6761610000e5ebd5f4d6302cf39f199c4745a8,Outros
CHRIS GREY,DARK R&B,74,1026016,https://i.scdn.co/image/ab6761610000e5eb3f52638e4236777b75100290,2.0
PENDULUM,DRUM AND BASS,64,1025230,https://i.scdn.co/image/ab6761610000e5eb4a45def215a47635d17d8a7b,7.0
JOAO PAULO & DANIEL,SERTANEJO TRADICIONAL,61,1024023,https://i.scdn.co/image/ab67616d0000b2732dd66926b91f395688b1022d,13.0
EL PADRINITO TOYS,ELECTRO CORRIDOS,63,1023516,https://i.scdn.co/image/ab6761610000e5eb7e790e2b5da88cd3f7edf322,5.0
BEACH WEATHER,0,66,1019992,https://i.scdn.co/image/ab6761610000e5eb5f316929b9b3b61a5edb8139,3.0
STURGILL SIMPSON,OUTLAW COUNTRY,63,1019353,https://i.scdn.co/image/ab6761610000e5eb1791f31121a24318e91cbda3,5.0
KALASH,SHATTA,64,1018793,https://i.scdn.co/image/ab6761610000e5ebbeffebd066171f03029a3c2a,7.0
KIDD VOODOO,REGGAETON CHILENO,75,1017715,https://i.scdn.co/image/ab6761610000e5eb5175c2ae2559526420e07e28,2.0
THE TESKEY BROTHERS,RETRO SOUL,64,1016970,https://i.scdn.co/image/ab6761610000e5ebbaf7e1f882e784750e6d7745,Outros
SPIRITBOX,METALCORE,66,1016805,https://i.scdn.co/image/ab6761610000e5eb501369c8b24b71bb2dcca603,0.0
CODICIADO,CORRIDO,65,1015181,https://i.scdn.co/image/ab6761610000e5eb3259d440056337572db83961,7.0
CLEO SOL,NEO SOUL,66,1014606,https://i.scdn.co/image/ab6761610000e5ebc7ef033a721654291ccf2ea9,Outros
MAJID JORDAN,0,67,1013725,https://i.scdn.co/image/ab6761610000e5eb3916b72e0d2752aee6974d8e,3.0
K. S. HARISANKAR,MOLLYWOOD,61,1013696,https://i.scdn.co/image/ab6761610000e5eb40c1d16c347c09e4fd3da226,5.0
FITZ AND THE TANTRUMS,0,66,1013270,https://i.scdn.co/image/ab6761610000e5eb756717e6695fbaeb236857a2,3.0
SEBASTIAN INGROSSO,EDM,68,1013002,https://i.scdn.co/image/ab6761610000e5eb075dfef99c39943c2e317560,Outros
GRYFFIN,EDM,67,1012707,https://i.scdn.co/image/ab6761610000e5eb6d8fa7b1d60c9bcba2db81ca,Outros
MANU,TECNOBREGA,60,1009538,https://i.scdn.co/image/ab6761610000e5ebc98e21783d16a16df32b15d4,Outros
THE WAR ON DRUGS,INDIE ROCK,60,1008792,https://i.scdn.co/image/ab6761610000e5eb03ef469bbf290d048e6c521d,Outros
BLACKSTREET,NEW JACK SWING,64,1008398,https://i.scdn.co/image/ab6761610000e5ebf6fc18d6914f00397161ba3a,7.0
TONY BENNETT,VOCAL JAZZ,63,1008169,https://i.scdn.co/image/ab6761610000e5ebcd9641c8b449440a77ee19cc,Outros
EDEN,0,61,1006457,https://i.scdn.co/image/ab6761610000e5eb61f85b0265f8496c97063a38,3.0
TALLY HALL,0,61,1006163,https://i.scdn.co/image/ab6761610000e5eb54e0aeaa154c233cbc92403a,3.0
HAYLEY WILLIAMS,ART POP,73,1003090,https://i.scdn.co/image/ab6761610000e5eb195bd87b60599b7a3f19abf1,6.0
CAPITAL CITIES,0,66,1002325,https://i.scdn.co/image/ab6761610000e5ebbd88e9240bca1b3dd261b6e3,3.0
P-SQUARE,AFROBEATS,61,1001558,https://i.scdn.co/image/ab6761610000e5eb7c6b34713eca70196726378f,5.0
KASKADE,EDM,64,999508,https://i.scdn.co/image/ab6761610000e5ebc96f32c30b4c236b5b9c40fa,Outros
GHOSTFACE KILLAH,EAST COAST HIP HOP,63,997769,https://i.scdn.co/image/ee2180486a42e11b6a0dfafdba9e2dbb9297a9b3,Outros
ARLINDO CRUZ,SAMBA,64,996202,https://i.scdn.co/image/ab6761610000e5eb181873f93056642d7b340839,5.0
LAXMIKANT-PYARELAL,GHAZAL,66,994897,https://i.scdn.co/image/ab67616d0000b273fe77bd21eb38ff74b5f21524,7.0
ROYKSOPP,DOWNTEMPO,60,994284,https://i.scdn.co/image/ab6761610000e5eb6bc3053447db6b61f3fe444c,5.0
BOZA,REGGAETON,70,991296,https://i.scdn.co/image/ab6761610000e5eb67e69bfa7e97cd5c2d35f032,Outros
AMADO BATISTA,BREGA,62,990211,https://i.scdn.co/image/ab6761610000e5ebf3cb050e116f26af491d3801,0.0
RAMON AYALA Y SUS BRAVOS DEL NORTE,NORTENO,67,987585,https://i.scdn.co/image/ab6761610000e5eb5339f77e509b13b12ae54529,7.0
MUNI LONG,0,67,987556,https://i.scdn.co/image/ab6761610000e5eb37c11c7e11e87dd22bdc65a4,3.0
FLETCHER,0,61,986646,https://i.scdn.co/image/ab6761610000e5eb45949cd46a265279392c62c6,3.0
ICHIKO AOBA,JAPANESE INDIE,60,986503,https://i.scdn.co/image/ab6761610000e5eb0492fac92c61b57890860332,5.0
CRAIG DAVID,0,64,985668,https://i.scdn.co/image/ab6761610000e5eb1e08103af765774d5f2daf83,3.0
IZI,ITALIAN TRAP,60,985212,https://i.scdn.co/image/ab6761610000e5eb073ff5ab47e3987e782f08c2,8.0
VEYSEL,GERMAN HIP HOP,62,984808,https://i.scdn.co/image/ab6761610000e5ebcf7b218496065a8e537edd73,9.0
KUNGS,0,67,984048,https://i.scdn.co/image/ab6761610000e5eb2ccf430b00cf456b12278de1,3.0
OLEXESH,GERMAN HIP HOP,64,983910,https://i.scdn.co/image/ab6761610000e5ebbc2d67b3d684a6eefc8e88e2,9.0
ERIC BELLINGER,0,60,983443,https://i.scdn.co/image/ab6761610000e5eb4e5e214da9df39f4aaaa13b1,3.0
AGROPLAY,AGRONEJO,64,983216,https://i.scdn.co/image/ab6761610000e5ebcb5b67f9f64247d577b9da60,Outros
GEORGE FRIDERIC HANDEL,CLASSICAL,66,983029,https://i.scdn.co/image/6391390229a5fb88e8e0d71e3e942b427d12d9a8,Outros
RVFV,FLAMENCO URBANO,71,981655,https://i.scdn.co/image/ab6761610000e5ebc02b2f49176946e3cdfecd70,2.0
K.I.Z,GERMAN HIP HOP,65,981006,https://i.scdn.co/image/ab6761610000e5ebc8f77ba064a911faaab6afd2,9.0
POIZI,TURKISH HIP HOP,75,980250,https://i.scdn.co/image/ab6761610000e5ebeaa96326ef11d9e1e840fc67,2.0
SYML,0,72,979891,https://i.scdn.co/image/ab6761610000e5eb46dfa16b01f21ceef2bca4a6,3.0
PIRLO,0,68,979685,https://i.scdn.co/image/ab6761610000e5eb82fee7f0c192b79afc2b0a91,3.0
HILLSONG EN ESPANOL,WORSHIP,63,978668,https://i.scdn.co/image/ab6761610000e5eb8c2fd958e0b8c2308d9f2d0f,5.0
PHANTOGRAM,0,71,978411,https://i.scdn.co/image/ab6761610000e5eb0fcb5946f9fea8be6ae5e858,3.0
BELINDA CARLISLE,0,62,977520,https://i.scdn.co/image/ab6761610000e5ebb080a753322b12aa4ee94e6d,3.0
DON WILLIAMS,CLASSIC COUNTRY,61,976157,https://i.scdn.co/image/ab6761610000e5eb196b848b62af7dddaf2b24c2,5.0
ROB THOMAS,0,60,975825,https://i.scdn.co/image/ab6761610000e5eb0ce758f4547e69601aa46510,3.0
AVVY SRA,PUNJABI POP,67,974868,https://i.scdn.co/image/ab6761610000e5eb2caaadd0fa4a7fb0ff304563,7.0
ST. VINCENT,ART POP,63,973735,https://i.scdn.co/image/ab6761610000e5ebbb8bc9aace3d4d39d7cfd6f1,6.0
MEDUZA,0,72,972312,https://i.scdn.co/image/ab6761610000e5eb3ad617606a561c6837586c32,3.0
MAX,POP,64,969743,https://i.scdn.co/image/ab6761610000e5eb23e614922b351df9c2e93a2b,6.0
LOFI FRUITS MUSIC,LO-FI HIP HOP,66,968513,https://i.scdn.co/image/ab6761610000e5eba54adba5045ec1bf457a9666,Outros
KING KRULE,0,60,967207,https://i.scdn.co/image/ab6761610000e5eba15b75a2ee429509f547c3af,3.0
BISHOP BRIGGS,0,62,967122,https://i.scdn.co/image/ab6761610000e5eb1acec20fd8054d2a8f0d3812,3.0
VEDAN,MALAYALAM HIP HOP,60,966875,https://i.scdn.co/image/ab6761610000e5ebb44f3f8cc95569d7d67813e9,5.0
HILLTOP HOODS,0,64,966764,https://i.scdn.co/image/ab6761610000e5eb507fc1b7c15bb63f1fbd5097,3.0
XANDE DE PILARES,SAMBA,64,965471,https://i.scdn.co/image/ab6761610000e5eb70fdcf939380809a05faf39e,5.0
KRIS R.,0,78,964485,https://i.scdn.co/image/ab6761610000e5eb8ec15510f85e978ead8d83b0,3.0
SARAH MCLACHLAN,0,65,963393,https://i.scdn.co/image/ab6761610000e5eb945445a6b9593ab3b5b49cd6,3.0
W&W,BIG ROOM,72,963111,https://i.scdn.co/image/ab6761610000e5eb124885942047b2045f6f5e00,2.0
FLANS,LATIN POP,60,962442,https://i.scdn.co/image/ab6761610000e5eb65f0701a63e3a417a23d5458,6.0
FINE YOUNG CANNIBALS,0,61,962309,https://i.scdn.co/image/ab6761610000e5eb61dce24c33b8b4d70fc587b6,3.0
HERBERT GRONEMEYER,NEUE DEUTSCHE WELLE,61,962155,https://i.scdn.co/image/ab6761610000e5eb760440fea70b384c97925c71,5.0
GEORGE BENSON,SMOOTH JAZZ,66,962108,https://i.scdn.co/image/ab6761610000e5eb487b00fa17362b8eab3b16c8,Outros
EYAL GOLAN,MIZRAHI,61,961968,https://i.scdn.co/image/ab6761610000e5eb3aaf9502fcefcf0f5e706e86,5.0
YAILIN LA MAS VIRAL,DEMBOW,66,960980,https://i.scdn.co/image/ab6761610000e5eb1fcf69020230fa4dba0d6561,7.0
LENINE,MPB,63,960409,https://i.scdn.co/image/ab6761610000e5ebec49145db333873093681fb4,11.0
PROJECT PAT,SOUTHERN HIP HOP,67,960338,https://i.scdn.co/image/ab6761610000e5eba993947c69256a79184173e2,7.0
THIEVERY CORPORATION,TRIP HOP,62,959951,https://i.scdn.co/image/ab6761610000e5eb3d9378b0995517ff9f4f2354,Outros
FATHER JOHN MISTY,0,66,959238,https://i.scdn.co/image/ab6761610000e5eb8a78e4e37d117b9cc90a6363,3.0
JUSTINE SKYE,0,62,958484,https://i.scdn.co/image/ab6761610000e5ebb690b6f30c0c6cac2a94e3bb,3.0
"LUIS ANGEL ""EL FLACO""",BANDA,64,958260,https://i.scdn.co/image/ab6761610000e5eb2daefa33a3bd82b3be1ce179,7.0
DIOGO NOGUEIRA,SAMBA,61,956612,https://i.scdn.co/image/ab6761610000e5eb182aba85497873743fee015a,5.0
FREDO,GRIME,62,956382,https://i.scdn.co/image/ab6761610000e5eb3a6ff9e3b88cb50c635ce611,Outros
TAKING BACK SUNDAY,EMO,61,956019,https://i.scdn.co/image/ab6761610000e5eb64e2c1bde6876d4a31c4d939,Outros
NICK DRAKE,FOLK,62,955526,https://i.scdn.co/image/d364b498f85ae764cd278fbba9a8ed7f00c3e434,5.0
VICTORIA JUSTICE,POP,61,955491,https://i.scdn.co/image/ab6761610000e5eb6f6dd29feccba5976186a352,6.0
OMAR MONTES,FLAMENCO,65,952991,https://i.scdn.co/image/ab6761610000e5eb57b2c419ca9a951b7825de60,7.0
GUAYNAA,REGGAETON,63,951779,https://i.scdn.co/image/ab6761610000e5eb1264147434cc5d369929916d,Outros
KURDO,GERMAN HIP HOP,63,951410,https://i.scdn.co/image/ab6761610000e5eb21a51a38c88bac19639cdfcd,9.0
YIYO SARANTE,SALSA,66,950845,https://i.scdn.co/image/ab6761610000e5ebc0386b45ead7217aeed8a300,7.0
PASTEL GHOST,WITCH HOUSE,64,950767,https://i.scdn.co/image/ab6761610000e5eb48960fcc9a9bb22d8df6eb75,7.0
LUCCAS CARLOS,BRAZILIAN HIP HOP,66,950598,https://i.scdn.co/image/ab6761610000e5eb98b1027c6d824c372275db69,9.0
JOOST,GABBER,63,949744,https://i.scdn.co/image/ab6761610000e5ebe79763534ea8ea1b94572835,5.0
WE CAME AS ROMANS,METALCORE,61,949420,https://i.scdn.co/image/ab6761610000e5ebe08b7b1c94735a45d2ba8b04,0.0
COCOMELON,CHILDREN'S MUSIC,71,948420,https://i.scdn.co/image/ab6761610000e5eb8f5e7c7b7b76fe7f994299ae,2.0
SEAN ROLDAN,TAMIL POP,63,947552,https://i.scdn.co/image/ab6761610000e5eb91c929ef2e7617e49cce5b93,5.0
JAMIE XX,HIP HOP,60,947163,https://i.scdn.co/image/ab6761610000e5eb5b2ba819fa89b17d6ae81567,Outros
SILK SONIC,0,70,947141,https://i.scdn.co/image/ab6772690000c46ca3ebb27ba9a55044f32af6e1,3.0
NEHA BHASIN,BOLLYWOOD,61,945735,https://i.scdn.co/image/ab6761610000e5eb38c5274e9f7d39ca81544c32,5.0
ERIK SATIE,CLASSICAL,67,944712,https://i.scdn.co/image/dd55078caac8105a3799c9d29f5172410da0c904,Outros
IMASE,J-POP,62,944581,https://i.scdn.co/image/ab6761610000e5eb3d2c025c71d75a0ba89718ed,Outros
TOMMY RICHMAN,0,69,943867,https://i.scdn.co/image/ab6761610000e5ebdfc519d15a709b8adef14307,3.0
JP COOPER,0,64,943652,https://i.scdn.co/image/ab6761610000e5eb612fce95c244265fd9c89c83,3.0
MATHEUS FERNANDES,PISEIRO,68,942888,https://i.scdn.co/image/ab6761610000e5ebaa4393599997eb6a4bcb5500,7.0
COI LERAY,0,67,942192,https://i.scdn.co/image/ab6761610000e5ebdae206e5bf54ad266f0f5ae9,3.0
BUFFALO SPRINGFIELD,FOLK ROCK,61,942005,https://i.scdn.co/image/b701ba75981d0b9aeef036b9fab4e3c96609e364,Outros
N.E.R.D,HIP HOP,60,941618,https://i.scdn.co/image/ab6761610000e5eb191233557c296f4b113b57be,Outros
GOLDLINK,0,62,941491,https://i.scdn.co/image/ab6761610000e5ebcbc832b2057435aa9eb7a6ea,3.0
HEITOR COSTA,SERESTA,64,941133,https://i.scdn.co/image/ab6761610000e5ebb93282e3565f067fc55d79ad,7.0
FOLA,AFRO ADURA,74,940957,https://i.scdn.co/image/ab6761610000e5eb1b1af3fa565a75691bfaabd2,2.0
MI BANDA EL MEXICANO,CUMBIA,64,939998,https://i.scdn.co/image/ab6761610000e5ebf530fee10ce80b15756f132d,7.0
BRANDI CARLILE,FOLK,66,936065,https://i.scdn.co/image/ab6761610000e5eb0d9c8ef7691538cac0b336b3,7.0
THEE SACRED SOULS,RETRO SOUL,70,933592,https://i.scdn.co/image/ab6761610000e5eb1a99219498d5119b0e742b19,Outros
SOFI TUKKER,0,66,933144,https://i.scdn.co/image/ab6761610000e5eb38e929af2f9c9fe10e690395,3.0
PLUTONIO,PORTUGUESE HIP HOP,64,930868,https://i.scdn.co/image/ab6761610000e5eb0953ca7b03a6e3431d31aea6,7.0
THE CALLING,POP ROCK,64,929390,https://i.scdn.co/image/ab6761610000e5eb38d8424c0aad47b9167e5556,Outros
BECKY HILL,0,69,928134,https://i.scdn.co/image/ab6761610000e5ebd6f6bf343b8bf12f12dc1a25,3.0
PEYTON PARRISH,SEA SHANTIES,61,927588,https://i.scdn.co/image/ab6761610000e5ebb972be214c898c268e35b2bb,5.0
PATRICK WATSON,0,71,927495,https://i.scdn.co/image/ab6761610000e5eb99cb259c9e15f82dd933b9c2,3.0
RILES,FRENCH RAP,64,926575,https://i.scdn.co/image/ab6761610000e5eba6faace318b6acab1c12c772,7.0
SEVDALIZA,0,70,924829,https://i.scdn.co/image/ab6761610000e5eb0086af40aaead26bd90c9b0a,3.0
SOFAYGO,RAGE RAP,61,923896,https://i.scdn.co/image/ab6761610000e5eb010635685ba93f98efe6e936,Outros
VU CAT TUONG,V-POP,61,923642,https://i.scdn.co/image/ab6761610000e5ebb6f728660d5609ec077de870,Outros
DISNEY,POP,84,922425,https://i.scdn.co/image/ab6761610000e5eb8a8eb6722e4495d1950088cc,6.0
EARTHGANG,0,61,920904,https://i.scdn.co/image/ab6761610000e5ebc0fdef3fa0f8d02f4bbe455a,3.0
REBELUTION,REGGAE,61,920496,https://i.scdn.co/image/ab6761610000e5eb16febf5ca93319f602000b58,0.0
BLEACHERS,0,68,920197,https://i.scdn.co/image/ab6761610000e5eb5612e039ce8b2d05e0bac0a9,3.0
THE FRATELLIS,0,61,917553,https://i.scdn.co/image/ab6761610000e5ebd693efe23dcda7b9595e77ec,3.0
FRANZ LISZT,CLASSICAL PIANO,65,917203,https://i.scdn.co/image/9ec531e3712e68c72ae3cf06f17e4055a615c4bf,7.0
PAUL WALL,SOUTHERN HIP HOP,64,916916,https://i.scdn.co/image/ab6761610000e5eb9c40e9eb9e4fa52a3c6cb9c0,7.0
CUISILLOS DE ARTURO MACIAS,BANDA,69,916823,https://i.scdn.co/image/ab6761610000e5eb6284f179622d26b4df1adf70,7.0
TOQUEL,TRAP,67,916508,https://i.scdn.co/image/ab6761610000e5ebf1a8e7254ca7fe4c30d2c9d2,12.0
INTERWORLD,PHONK,63,915920,https://i.scdn.co/image/ab6761610000e5ebd256da82ba57cf7d93caf307,5.0
LUIZ LINS,BRAZILIAN HIP HOP,60,915641,https://i.scdn.co/image/ab6761610000e5eb7c9b346e94feccd753c0d11b,9.0
JORGE DREXLER,TROVA,64,914726,https://i.scdn.co/image/ab6761610000e5ebff6bfb6400287b5c9f4e8c94,Outros
DFIDELIZ,BRAZILIAN TRAP,62,913789,https://i.scdn.co/image/ab6761610000e5eb095b7f81651c6d9384104e02,8.0
DANNY BROWN,EXPERIMENTAL HIP HOP,65,912611,https://i.scdn.co/image/ab6761610000e5eb3ed06c602b351dc33a30f018,7.0
GRUPO MOJADO,GRUPERA,64,912452,https://i.scdn.co/image/ab6761610000e5ebabeb46788b4df2064d474118,7.0
KARINA,CUMBIA,61,911770,https://i.scdn.co/image/ab6761610000e5eb745c5fd7c3f500df56fbca8b,5.0
DAMIANO DAVID,0,73,910403,https://i.scdn.co/image/ab6761610000e5eb5f4739dad0989bd723b29ff5,3.0
LORNA SHORE,DEATHCORE,62,909653,https://i.scdn.co/image/ab6761610000e5eb00ad1e10da6ee2198170a95c,5.0
L2B,FRENCH RAP,74,909473,https://i.scdn.co/image/ab6761610000e5eb22a313f9b3fe129f822aeed7,2.0
PUMAPJL,BOOM BAP,65,908365,https://i.scdn.co/image/ab6761610000e5eb7674b7357c361781ccbb942f,7.0
HAFTBEFEHL,GERMAN HIP HOP,76,904144,https://i.scdn.co/image/ab6761610000e5eb7562f7fa923ad0bd0aab2b0a,9.0
THE ALCHEMIST,ALTERNATIVE HIP HOP,73,903903,https://i.scdn.co/image/8a0d2c9a5bb08a3fd8e6ad457014022cb232525b,3.0
VITAO,BRAZILIAN POP,67,902363,https://i.scdn.co/image/ab6761610000e5ebaf665ec8e604ef23785c09c6,1.0
KINA,0,62,901590,https://i.scdn.co/image/ab6761610000e5eb258397c8073298023c532668,3.0
LIVE,POST-GRUNGE,62,899788,https://i.scdn.co/image/ab6761610000e5eba36e57a3861163c27b477734,Outros
THE HIVES,GARAGE ROCK,60,899018,https://i.scdn.co/image/ab6761610000e5eb53835e3606d53fc048e6dac8,Outros
BAD WOLVES,METAL,63,898656,https://i.scdn.co/image/ab6761610000e5eb620e9911e10064bcbf2d7481,Outros
MARTINHO DA VILA,SAMBA,60,898570,https://i.scdn.co/image/ab6761610000e5eb8abfddc3911204be23a80de0,5.0
THE PAPER KITES,INDIE FOLK,68,898338,https://i.scdn.co/image/ab6761610000e5eb7b96a71c133ebf861311b7d3,Outros
WOODKID,0,64,898199,https://i.scdn.co/image/ab6761610000e5eb75b44a5ac0ce26ea18e05265,3.0
BIG ONE,ARGENTINE TRAP,66,898046,https://i.scdn.co/image/ab6761610000e5eb4431a0a35241b2fee422452e,7.0
POLO & PAN,FRENCH INDIE POP,61,894465,https://i.scdn.co/image/ab6761610000e5ebb3a1dfb61289ad814c46d564,Outros
ORCHESTRAL MANOEUVRES IN THE DARK,NEW WAVE,61,894455,https://i.scdn.co/image/ab6761610000e5eb242a32e4d72aa217bce81a79,Outros
MONICA NARANJO,LATIN POP,60,893831,https://i.scdn.co/image/ab6761610000e5eb6f3781ed3fab6c7b8551377c,6.0
FHOP MUSIC,GOSPEL,68,892864,https://i.scdn.co/image/ab6761610000e5eb83e0cb2b660c8526bde0b8b2,7.0
MARETU,VOCALOID,61,891997,https://i.scdn.co/image/ab6761610000e5eb337ce8dd792b8d43a8ba1cba,5.0
MAREN MORRIS,COUNTRY,68,891591,https://i.scdn.co/image/ab6761610000e5eb50d78514ff06d15be59fbbc3,7.0
ELI YOUNG BAND,COUNTRY,60,891576,https://i.scdn.co/image/ab6761610000e5eb32b1fccbce97e83715079ea0,5.0
MIDNIGHT OIL,SURF ROCK,60,890478,https://i.scdn.co/image/ab6761610000e5eb250d8955d025460671be2609,Outros
FAOUZIA,0,67,889271,https://i.scdn.co/image/ab6761610000e5eb6310c4d3dcfe99b0a9da2a30,3.0
LUCKY DAYE,0,63,889011,https://i.scdn.co/image/ab6761610000e5eb59f6672fdf7466d330b815ab,3.0
TEN,K-POP,62,888886,https://i.scdn.co/image/ab6761610000e5eb7a7d3404a53c02cfb8253067,9.0
ROBYN,SWEDISH POP,64,887724,https://i.scdn.co/image/ab6761610000e5eb9f817ee0d02cba722cc991f5,7.0
LEIVA,0,67,887516,https://i.scdn.co/image/ab6761610000e5ebdc1e8822bc0aa6ebdaa977d8,3.0
AOA,K-POP,60,887176,https://i.scdn.co/image/ab67616d0000b27336adcea4e93245f1fec547df,9.0
STICK FIGURE,REGGAE,69,886642,https://i.scdn.co/image/ab6761610000e5eba0f1123095d7e00b8d9fc8ed,0.0
LIN-MANUEL MIRANDA,MUSICALS,75,886620,https://i.scdn.co/image/ab6761610000e5ebd1a725f75427ad3c3062dae2,2.0
THE FRONT BOTTOMS,MIDWEST EMO,61,886049,https://i.scdn.co/image/ab6761610000e5eb9ccd0f7c946f23ec27194c0d,5.0
CPM 22,BRAZILIAN ROCK,61,885381,https://i.scdn.co/image/ab6761610000e5eb9d47a0ac0893c45ed558d221,9.0
OLAFUR ARNALDS,NEOCLASSICAL,64,884341,https://i.scdn.co/image/ab6761610000e5eb7d901cbff8cb882e7ba4e5f3,Outros
HASAN RAHEEM,INDIAN INDIE,62,884125,https://i.scdn.co/image/ab6761610000e5eb455c78a55a67c38aefd60b7b,5.0
HANUMANKIND,MALAYALAM HIP HOP,68,883667,https://i.scdn.co/image/ab6761610000e5ebd5a94f1d05a422f1057b0e90,7.0
LILAS,J-POP,65,883575,https://i.scdn.co/image/ab6761610000e5ebb7261cb7c9979c9d4c26a101,Outros
BADBADNOTGOOD,0,63,883210,https://i.scdn.co/image/ab6761610000e5eb4fbd8eb6ef7f24c18dcb8666,3.0
JUANKA,REGGAETON CHILENO,67,882892,https://i.scdn.co/image/ab6761610000e5ebdc978c7aeb6d76071e14f183,7.0
NATOS Y WAOR,0,64,881636,https://i.scdn.co/image/ab6761610000e5eb9976938b6b1edeb8278ffb85,3.0
HALSTAGE,INDONESIAN INDIE,60,881505,https://i.scdn.co/image/ab6761610000e5ebe9c38dc6335794b27c2e8d41,5.0
SAM BARBER,COUNTRY,75,880877,https://i.scdn.co/image/ab6761610000e5ebc9f8eedb16b7eb99f2a04046,2.0
ARTIE 5IVE,ITALIAN TRAP,72,880651,https://i.scdn.co/image/ab6761610000e5eb585bcb7c5c38fa19f9e9cbde,8.0
HOSHI,FRENCH POP,60,878981,https://i.scdn.co/image/ab6761610000e5eb046311c99339258fba26c4a5,Outros
YUNG JOC,CRUNK,63,877723,https://i.scdn.co/image/ab6761610000e5eb8d49307107224315c77594c1,5.0
THE BACKSEAT LOVERS,0,67,877525,https://i.scdn.co/image/ab6761610000e5eb42ba5ff4f62126b3c96803f6,3.0
NEEDTOBREATHE,CHRISTIAN,64,876839,https://i.scdn.co/image/ab6761610000e5ebda6cc27e76ea82c83c70783d,Outros
LAURA BRANIGAN,0,65,876405,https://i.scdn.co/image/ab6761610000e5eb28d4ec7f18bcf198b275f015,3.0
TWS,K-POP,64,876375,https://i.scdn.co/image/ab6761610000e5eb06a958a7da76c5b332d421c5,9.0
RACK,TRAP,64,875966,https://i.scdn.co/image/ab6761610000e5ebd745221917910aeb4db534e9,12.0
GLORIA ESTEFAN,0,63,874862,https://i.scdn.co/image/ab6761610000e5eb159c89e0521cf7dda57bae9e,3.0
NOYZ NARCOS,ITALIAN TRAP,63,873629,https://i.scdn.co/image/ab6761610000e5ebb8644500062a21da5dd4d9c4,8.0
BENEE,0,65,873304,https://i.scdn.co/image/ab6761610000e5eb42a704d73b253170e18c16a1,3.0
MAKA,FLAMENCO,62,873172,https://i.scdn.co/image/ab6761610000e5ebf1b13be665737e71d76ec03d,5.0
KRAFTKLUB,GERMAN INDIE,63,872716,https://i.scdn.co/image/ab6761610000e5ebba37a104ca04d602889d7415,Outros
ANTONIO CARLOS JOBIM,BOSSA NOVA,68,872506,https://i.scdn.co/image/25438d99922a46a53792e1496b31159ad386806a,Outros
YUNK VINO,BRAZILIAN TRAP,65,872428,https://i.scdn.co/image/ab6761610000e5eb89e21a5f0579dfe38510fbbc,8.0
SAMPHA,INDIE SOUL,65,871648,https://i.scdn.co/image/ab6761610000e5eb36d5be1a79a8a98c4d02f012,Outros
TWO STEPS FROM HELL,ORCHESTRAL,63,870198,https://i.scdn.co/image/ab6761610000e5eb45f45ca71a417edb27ddc313,5.0
YAHRITZA Y SU ESENCIA,SAD SIERRENO,72,869633,https://i.scdn.co/image/ab6761610000e5eba112a3c6dc0fb050a1633000,2.0
RAVYN LENAE,ALTERNATIVE R&B,77,868857,https://i.scdn.co/image/ab6761610000e5eb138d70fe372dedacdca53b61,3.0
JASMINE THOMPSON,0,64,866910,https://i.scdn.co/image/ab6761610000e5eb15ad2860f59979308151bdc5,3.0
WOLF ALICE,INDIE,66,866482,https://i.scdn.co/image/ab6761610000e5eb517744f1b17b914a3ac923b7,Outros
VIDEOCLUB,FRENCH INDIE POP,67,866050,https://i.scdn.co/image/ab6761610000e5eb3d43e8bcb7eb7ad1dae465d9,Outros
ELLA EYRE,0,64,865840,https://i.scdn.co/image/ab6761610000e5eb3383ef38833013a5afc4150c,3.0
10CC,YACHT ROCK,64,864673,https://i.scdn.co/image/ab6761610000e5eb87ea0df306075f9efd8b6682,Outros
COCHISE,RAGE RAP,61,864589,https://i.scdn.co/image/ab6761610000e5eb650f2a8ea60a0dacfbd1e9fe,Outros
YASAR,TURKISH POP,60,863220,https://i.scdn.co/image/ab6761610000e5ebfb2d4fed16f19364142b8f08,5.0
JUELZ SANTANA,0,64,862308,https://i.scdn.co/image/3181f9da53d969400dc55574f2b227dc461d2e12,3.0
NOIZY,GERMAN HIP HOP,66,861590,https://i.scdn.co/image/ab6761610000e5eb44f9459821edcd9da7c83b22,9.0
JAMEY JOHNSON,OUTLAW COUNTRY,61,861502,https://i.scdn.co/image/ab6761610000e5eb64622f3071c7027edfdc60e4,5.0
DIFERENTE NIVEL,CORRIDO,62,860399,https://i.scdn.co/image/ab6761610000e5ebd06a80a408dd23aa5aec8ab0,5.0
CORINNE BAILEY RAE,0,64,860303,https://i.scdn.co/image/ab6761610000e5ebdcb57d08016c41fca3e221ab,3.0
LOJAY,AFROBEATS,63,859315,https://i.scdn.co/image/ab6761610000e5ebe217694d23f25a357ba474ef,5.0
R.K.M & KEN-Y,REGGAETON,68,858774,https://i.scdn.co/image/ab6761610000e5eb810d42c1823613afcf0d2363,Outros
ABOVE & BEYOND,TRANCE,62,856778,https://i.scdn.co/image/ab6761610000e5ebb011823512c7e3372db21b36,5.0
BUITRUONGLINH,V-POP,64,856251,https://i.scdn.co/image/ab6761610000e5eb9adfc46417bb7d546b4ab3dd,Outros
BERLIOZ,JAZZ HOUSE,65,855836,https://i.scdn.co/image/ab6761610000e5eb3a9ab7733c4e6f95251a806b,7.0
JAKES BEJOY,MALAYALAM POP,69,854588,https://i.scdn.co/image/ab6761610000e5eb5a2cc853c42d0043ac5aca82,7.0
PURPLE DISCO MACHINE,DISCO HOUSE,70,851356,https://i.scdn.co/image/ab6761610000e5ebbd1cb147996bda17ecc97dd7,7.0
UZIELITO MIX,REGGAETON MEXA,67,850916,https://i.scdn.co/image/ab6761610000e5eb41c2c21717c21b5e1ece5383,Outros
MALCOLM TODD,0,76,850471,https://i.scdn.co/image/ab6761610000e5ebdee560c99d80399eb20c3147,3.0
BLASTERJAXX,BIG ROOM,62,850449,https://i.scdn.co/image/ab6761610000e5ebe94cb6c33b1cfa5c538fe819,5.0
FINGER ELEVEN,0,62,850065,https://i.scdn.co/image/ab6761610000e5eb46660832363d5a33b3d59dfb,3.0
J.J. CALE,BLUES,61,846895,https://i.scdn.co/image/ab6761610000e5ebbe1b2ad861e0148a1540b107,Outros
DYSTINCT,MOROCCAN POP,72,846757,https://i.scdn.co/image/ab6761610000e5eb074f828c3774efb68525058f,2.0
BRRAY,REGGAETON,71,846272,https://i.scdn.co/image/ab6761610000e5eb235df98cc24cac6debc78e30,Outros
V. HARIKRISHNA,KANNADA POP,65,844676,https://i.scdn.co/image/ab6761610000e5ebf9053f59750d5427d0f2735c,7.0
IDLES,POST-PUNK,61,843527,https://i.scdn.co/image/ab6761610000e5eb15a2ab2d3913d5b998e93e71,Outros
MC L DA VINTE,BRAZILIAN FUNK,62,842601,https://i.scdn.co/image/ab6761610000e5ebe9a475cf96adbdd368ee1c68,12.0
ICARO E GILMAR,SERTANEJO,77,842041,https://i.scdn.co/image/ab6761610000e5ebefc6b2c764a0b94c8b4ad575,10.0
MR.KITTY,WITCH HOUSE,63,841896,https://i.scdn.co/image/ab6761610000e5ebf1edfd7d4c10d19d20c6efe9,5.0
KID YUGI,ITALIAN TRAP,72,841444,https://i.scdn.co/image/ab6761610000e5eb5a8302b17dee9e56ad89f199,8.0
SANT,BRAZILIAN HIP HOP,61,841164,https://i.scdn.co/image/ab6761610000e5eb45c57d46f0cc921e1b4868b2,9.0
TURNSTILE,HARDCORE PUNK,67,840641,https://i.scdn.co/image/ab6761610000e5eba4c3fd0017b42344516dc16c,Outros
SERGEI RACHMANINOFF,CLASSICAL,65,839738,https://i.scdn.co/image/463e3c5c3e814761532f554913cf2af456bcba59,Outros
KAASH PAIGE,0,66,839249,https://i.scdn.co/image/ab6761610000e5eb68cbba3fb773d0a104d1d219,3.0
FARID BANG,GERMAN HIP HOP,60,838592,https://i.scdn.co/image/ab6761610000e5eb2684462bb1c7dab7365ffcbb,9.0
HENRY MOODIE,0,66,837202,https://i.scdn.co/image/ab6761610000e5ebeb112262ba2e60bf90053a02,3.0
WET LEG,INDIE ROCK,64,836724,https://i.scdn.co/image/ab6761610000e5eba4e6cf8b3d6ea5a6b4b5fb8f,Outros
W SOUND,0,74,836134,https://i.scdn.co/image/ab6761610000e5eb64bf6054ef4b675ad9ccb157,3.0
MC MAGAL,BRAZILIAN FUNK,65,834388,https://i.scdn.co/image/ab6761610000e5eb3017e28651f5b680f4f613d4,12.0
BRIAN ENO,AMBIENT,61,833568,https://i.scdn.co/image/ab6761610000e5eb5533ce5711f95f0c436b30fe,5.0
BOBBY PULIDO,TEJANO,64,832785,https://i.scdn.co/image/ab6761610000e5ebfcfb05b6de836e66a8488f07,7.0
M4RKIM,ANIME RAP,61,832395,https://i.scdn.co/image/ab6761610000e5eb9000ddd7dbd306f05c306cf9,Outros
WESTSIDE GUNN,BOOM BAP,68,831759,https://i.scdn.co/image/ab6761610000e5eb5c37923fb58eead7ad4c0f1f,7.0
LOYLE CARNER,JAZZ RAP,66,828726,https://i.scdn.co/image/ab6761610000e5ebaab29c742b716ec24525ee56,Outros
ASTERIA,HYPERPOP,62,828331,https://i.scdn.co/image/ab6761610000e5eb1dc045758c37ed5e5ad37463,Outros
JOHN NEWMAN,0,69,827322,https://i.scdn.co/image/ab6761610000e5eba6c9028658d202663fc1bbec,3.0
WILCO,ALT COUNTRY,60,825716,https://i.scdn.co/image/ab6761610000e5ebb990b82996651d23ab4df7e8,5.0
TIEE,PAGODE,60,825205,https://i.scdn.co/image/ab6761610000e5eb65754b4347f1d5ceab98a457,1.0
GARY MOORE,BLUES,60,825021,https://i.scdn.co/image/ab6761610000e5eb445df6e3ccdb1684b75ab7b6,Outros
MARIA RITA,SAMBA,60,822841,https://i.scdn.co/image/ab6761610000e5eb78fbae6c967db0ecd17c8921,5.0
NKOSAZANA DAUGHTER,AMAPIANO,61,822054,https://i.scdn.co/image/ab6761610000e5eb558f17294fdf8757f5b9b0cc,5.0
VIVEK,TAMIL POP,70,821643,https://i.scdn.co/image/ab67616d0000b273116633561ca7705cdbcc9656,7.0
RANDY NOTA LOCA,REGGAETON,70,820159,https://i.scdn.co/image/ab6761610000e5eb6381c07889027edc122d0cfb,Outros
ONLY MONDAY,THAI ROCK,62,819912,https://i.scdn.co/image/ab6761610000e5eb7b26927f00861a8cd59cc18a,Outros
EDDY HERRERA,MERENGUE,61,819815,https://i.scdn.co/image/ab6761610000e5ebbc001e78b9bc47e9fd4664a1,5.0
MC LEOZINHO ZS,FUNK CONSCIENTE,66,818948,https://i.scdn.co/image/ab6761610000e5eb6844372d02198200322e5c1b,7.0
XAVIER RUDD,0,61,816001,https://i.scdn.co/image/ab6761610000e5eb0c898fe5227b012ee8e39e87,3.0
SLIGHTLY STOOPID,REGGAE ROCK,62,815884,https://i.scdn.co/image/ab6761610000e5ebf3af2f80187b55795f42d7f0,Outros
CHIC,DISCO,61,815315,https://i.scdn.co/image/ab6761610000e5eb4c74c17081e7e0ef8b5eb323,Outros
REBZYYX,HYPERPOP,63,814964,https://i.scdn.co/image/ab6761610000e5ebbc89505c8c4b40ef78943b9f,Outros
VARUN JAIN,HINDI POP,67,814643,https://i.scdn.co/image/ab6761610000e5eb0eb286bd9a62742a88d63512,Outros
YAELOKRE,0,61,814139,https://i.scdn.co/image/ab6761610000e5ebbbd09bb9ba23ca96f4506b9b,3.0
ANYMA,MELODIC TECHNO,70,814112,https://i.scdn.co/image/ab6761610000e5eb7f93152e853393d8c7cc71a0,7.0
THE HIGHWAYMEN,OUTLAW COUNTRY,60,812851,https://i.scdn.co/image/21910b77cbb542fcc60962aa4c6f33cdc86e62ac,5.0
PERERA DJ,BRAZILIAN FUNK,70,812838,https://i.scdn.co/image/ab6761610000e5eb12314ccc485050c440573ff7,12.0
HIMRA,RAP IVOIRE,66,810891,https://i.scdn.co/image/ab6761610000e5ebe6b7d290fb2442b9667706dd,7.0
HOLLOW COVES,INDIE FOLK,65,810350,https://i.scdn.co/image/ab6761610000e5eb1ee1cdaa581cc2784ed10f08,Outros
ROLE MODEL,BEDROOM POP,75,809679,https://i.scdn.co/image/ab6761610000e5ebffd538785c8288abd8235b41,Outros
QUINN XCII,0,61,809606,https://i.scdn.co/image/ab6761610000e5eb8d578b1517b4e96671422a0f,3.0
DJ WS DA IGREJINHA,FUNK DE BH,62,809164,https://i.scdn.co/image/ab6761610000e5ebb279586257b1c094e425c4e0,5.0
GUY2BEZBAR,FRENCH RAP,70,808103,https://i.scdn.co/image/ab6761610000e5ebe7d23bccd0ad911efd396071,7.0
SANTIGOLD,0,65,806034,https://i.scdn.co/image/ab6761610000e5eb8d7a5250b491f705d4f060b6,3.0
PK,BRAZILIAN FUNK,63,805748,https://i.scdn.co/image/ab6761610000e5eba3a88318e12af7cd2ba31c8b,12.0
HERMANOS GUTIERREZ,0,68,804308,https://i.scdn.co/image/ab6761610000e5eb5211c31290a0d915d4ee2225,3.0
SAM FELDT,TROPICAL HOUSE,66,804057,https://i.scdn.co/image/ab6761610000e5ebf090afe7b8ea177c248d4f5f,Outros
RICH AMIRI,RAGE RAP,67,803565,https://i.scdn.co/image/ab6761610000e5ebc1b3440559e08c540890848e,Outros
FOUR TET,IDM,61,802611,https://i.scdn.co/image/ab6761610000e5eb21c0ea7fc21ab3038d111ec2,5.0
GRENTPEREZ,0,62,802342,https://i.scdn.co/image/ab6761610000e5eb4f68ef0449546ebb8451a681,3.0
UNCLE KRACKER,0,61,799738,https://i.scdn.co/image/ab6761610000e5ebae45d8ab89ad4aff41dfb021,3.0
DUKE DUMONT,HOUSE,67,799065,https://i.scdn.co/image/ab6761610000e5ebc0791f9c2d17dfd58e301c91,7.0
SOFT CELL,SYNTHPOP,62,798385,https://i.scdn.co/image/ab6772690000c46c0564b6c825349fc15885bd76,Outros
"GOTAY ""EL AUTENTIKO""",REGGAETON,62,798171,https://i.scdn.co/image/ab6761610000e5eb436a6f5ae9b5d6eae4684571,Outros
PARIS PALOMA,0,67,797342,https://i.scdn.co/image/ab6761610000e5eb1bd46e4bd2aad08154e36033,3.0
HOYO-MIX,SOUNDTRACK,73,796375,https://i.scdn.co/image/ab6761610000e5eb9e83221b244b3ec23d8faa58,2.0
TAUREN WELLS,CHRISTIAN,63,795195,https://i.scdn.co/image/ab6761610000e5eb66b488f06b2220e7f66d5a87,Outros
COCO JONES,0,63,794246,https://i.scdn.co/image/ab6761610000e5eb2d9ad9587f724ff6649cb8f9,3.0
THE OUTFIELD,0,67,793602,https://i.scdn.co/image/a15f9228f28116fa806529942dbe38e8e0123388,3.0
GIGOLO Y LA EXCE,TRAP LATINO,63,792701,https://i.scdn.co/image/ab6761610000e5ebbbf19de2186ab23d59428897,5.0
POMME,FRENCH POP,67,792396,https://i.scdn.co/image/ab6761610000e5eb72871333b776c41403b2f873,Outros
PALAYE ROYALE,0,61,791333,https://i.scdn.co/image/ab6761610000e5eba81df833db157f9fbae11b00,3.0
PUN,T-POP,66,791325,https://i.scdn.co/image/ab6761610000e5eb51a251da6794f0ccf840c8a9,Outros
MASKED WOLF,0,60,789983,https://i.scdn.co/image/ab6761610000e5eb7adb7ea9396861e5df517df9,3.0
JULLIANY SOUZA,GOSPEL,69,788727,https://i.scdn.co/image/ab6761610000e5eb8976f9557390d3d788070838,7.0
YEBBA,0,72,788321,https://i.scdn.co/image/ab6761610000e5ebc7c93edb239b99c22a84bdd9,3.0
EMANERO,CUARTETO,63,786682,https://i.scdn.co/image/ab6761610000e5ebea6e8acca62f9fc24b2ab626,5.0
AQUA,EUROPOP,64,786085,https://i.scdn.co/image/ab6761610000e5eb54cd560d17307a51f3dc278a,7.0
LA FOUINE,FRENCH RAP,67,785918,https://i.scdn.co/image/ab6761610000e5eb82186bb29a237e29fcd09a8b,7.0
ICONA POP,POP PUNK,66,784051,https://i.scdn.co/image/ab6761610000e5ebc66438b1a47f714aa8e24357,Outros
KATTEYES,REGGAETON CHILENO,72,782580,https://i.scdn.co/image/ab6761610000e5ebad1224a3c37ad7a404cb3180,2.0
DWIGHT YOAKAM,CLASSIC COUNTRY,61,782449,https://i.scdn.co/image/ab6761610000e5eb28aebc3eaddd7d0f5f2d0eb7,5.0
ARCANE,EDM,77,782290,https://i.scdn.co/image/ab6761610000e5eba056b2ecc1a70ab57cdcc10b,Outros
NOVELBRIGHT,J-POP,63,780933,https://i.scdn.co/image/ab6761610000e5ebce434804c25446628ada5e16,Outros
ENGELBERT HUMPERDINCK,0,63,780506,https://i.scdn.co/image/ab6761610000e5eb0f3aa6415854de11e7d9c532,3.0
BILL EVANS,JAZZ,63,779941,https://i.scdn.co/image/427eff99088d2a1be072a012f04e2406ee7cc24b,5.0
NICKOOG CLK,REGGAETON CHILENO,61,779377,https://i.scdn.co/image/ab6761610000e5eba8bae38b8a3736e72ecb4cc6,5.0
GIBBS,0,68,779039,https://i.scdn.co/image/ab6761610000e5eb7339a984bb4d9bca11c658ea,3.0
DI PROPOSITO,PAGODE,66,777760,https://i.scdn.co/image/ab6761610000e5ebf4de5820dc512a479527fc6f,1.0
KURUPT,G-FUNK,60,777665,https://i.scdn.co/image/8d3e5e7bf70fe107b338556fcffbe575e9ac453c,5.0
ANAHI,LATIN POP,67,777579,https://i.scdn.co/image/ab6761610000e5eb11f100b42851d00418bf28de,6.0
THE TEMPER TRAP,0,70,777167,https://i.scdn.co/image/ab6761610000e5eb6a87f14ae59aa170f7e75c67,3.0
VITAMIN STRING QUARTET,ORCHESTRAL,62,776797,https://i.scdn.co/image/ab6761610000e5ebd98b55075a362aff6356cf01,5.0
KALYANJI-ANANDJI,GHAZAL,64,776378,https://i.scdn.co/image/ab67616d0000b273136f87f65afc5f0520b90b1b,7.0
THE WARNING,0,62,776117,https://i.scdn.co/image/ab6761610000e5ebc582a293332863f8e3335c80,3.0
MATT HANSEN,0,70,774456,https://i.scdn.co/image/ab6761610000e5ebc6f083b8a519edaf60677bd1,3.0
CLAYTON & ROMARIO,SERTANEJO,72,773841,https://i.scdn.co/image/ab6761610000e5ebcabd59fee95ad2f700a5702e,10.0
SAINT MOTEL,0,63,773191,https://i.scdn.co/image/ab6761610000e5eb260f7d00949296c2b7660a70,3.0
YOUNG CISTER,CHILEAN TRAP,74,772122,https://i.scdn.co/image/ab6761610000e5eb466105c67320bb99b000d2f8,2.0
LOS FARMERZ,CORRIDO,67,772004,https://i.scdn.co/image/ab6761610000e5eb42eb831a9d1f73b031c55fcf,7.0
LEON THOMAS,0,76,769986,https://i.scdn.co/image/ab6761610000e5ebc6c4f4aaf40ebee92b8a8228,3.0
ARI ABDUL,DARK R&B,67,769069,https://i.scdn.co/image/ab6761610000e5eb7cd193d17b3d7c67b8ddbf1f,7.0
YOUNG IGI,0,64,768619,https://i.scdn.co/image/ab6761610000e5eb6c9a41faecb8d7d0a7079ec6,3.0
BOSSMAN DLOW,0,66,768117,https://i.scdn.co/image/ab6761610000e5eb91fff18f08608e8fd246de72,3.0
TIAO CARREIRO & PARDINHO,SERTANEJO TRADICIONAL,60,766858,https://i.scdn.co/image/ab6761610000e5eb1041317b5f6cce2b9d6d2367,13.0
MATT MALTESE,0,67,765820,https://i.scdn.co/image/ab6761610000e5eb2f2362d4fc8263665e7a7a5f,3.0
LEON JAMES,TAMIL POP,65,763430,https://i.scdn.co/image/ab6761610000e5ebf833760908fc690faf3ba05a,7.0
SPIN DOCTORS,0,60,762637,https://i.scdn.co/image/ab6761610000e5eb407e011fe4e9100c670c0074,3.0
LOS DEL FUEGO,CUMBIA,64,762447,https://i.scdn.co/image/ab67616d0000b2733cf008706f9ffa9b51cb3679,7.0
AVERLY MORILLO,WORSHIP,60,761965,https://i.scdn.co/image/ab6761610000e5eb11c895bc959949a9a14e976f,5.0
BUBA CORELLI,0,70,760987,https://i.scdn.co/image/ab6761610000e5ebff8f57901210dc0893492337,3.0
MACY GRAY,0,60,760398,https://i.scdn.co/image/ab6761610000e5eb1f2b77b2426a741478bbbaf6,3.0
JULIANNO SOSA,CHILEAN TRAP,66,760387,https://i.scdn.co/image/ab6761610000e5eb637a2c0f0dfd49c21e2f2b25,7.0
TREATY OAK REVIVAL,COUNTRY,76,760111,https://i.scdn.co/image/ab6761610000e5eb23c075f197fe14ab3e1347f9,2.0
THE CINEMATIC ORCHESTRA,NU JAZZ,62,758559,https://i.scdn.co/image/ab6761610000e5eb9e2576943e27fcddc3bb3646,5.0
FRAH QUINTALE,INDIE,65,756807,https://i.scdn.co/image/ab6761610000e5eb3f7eadf20dfceafa55bc1a4b,Outros
DULCE MARIA,LATIN POP,67,755790,https://i.scdn.co/image/ab6761610000e5ebfe28a7d8e4843185b61b9826,6.0
CHRIS ISAAK,0,69,755400,https://i.scdn.co/image/ab6761610000e5ebf0026b72dcfa06ef8fd3c49b,3.0
JAZEEK,GERMAN HIP HOP,73,754040,https://i.scdn.co/image/ab6761610000e5eb9f352a45814f6c56f6a2821e,9.0
VANGELIS,NEW AGE,61,753985,https://i.scdn.co/image/ab6761610000e5eb4eb15436c35fface06216543,Outros
ZACH TOP,COUNTRY,73,753524,https://i.scdn.co/image/ab6761610000e5eb6399c6c9e6a52ca53bfc98a8,2.0
NITRO,ITALIAN TRAP,62,752051,https://i.scdn.co/image/ab6761610000e5eb4983f62e26f92e45fce03c81,8.0
CAAMP,INDIE FOLK,68,751908,https://i.scdn.co/image/ab6761610000e5ebe0098f9c6d8275ee0a2d2eca,Outros
KALEB J,INDONESIAN POP,63,751590,https://i.scdn.co/image/ab6761610000e5eb634d2f38605036ce3c913b8b,5.0
JOMBRIEL,SALSA CHOKE,70,751518,https://i.scdn.co/image/ab6761610000e5ebacecf4bf8006a7ab700bcaff,7.0
&TEAM,K-POP,68,750451,https://i.scdn.co/image/ab6761610000e5ebc4204e496cc9fef8d43d388f,9.0
LA MANO 1.9,FRENCH RAP,74,749406,https://i.scdn.co/image/ab6761610000e5eb9e73b9edfffeb613239669a8,2.0
L'IMPERATRICE,FRENCH INDIE POP,63,749070,https://i.scdn.co/image/ab6761610000e5ebc676dbddd1febecdb7ccf160,Outros
UNDERWORLD,BIG BEAT,60,747252,https://i.scdn.co/image/ab6761610000e5eb5cfa742c32b2f8c23f94cf7e,5.0
ALAN ARRIETA,ELECTRO CORRIDOS,67,747101,https://i.scdn.co/image/ab6761610000e5eb43d1492c679aae245c81ab50,7.0
ALEXANDRE PIRES,PAGODE,65,746694,https://i.scdn.co/image/ab6761610000e5ebc6aafcde4f379e3c332a17f3,1.0
THE RIGHTEOUS BROTHERS,0,62,746016,https://i.scdn.co/image/21584a935b760f20b4b08f7f9ddd012c12437798,3.0
DJ GM,FUNK CONSCIENTE,68,745101,https://i.scdn.co/image/ab6761610000e5ebf4c4a7be4290b19b339b0101,7.0
ALOE BLACC,0,64,744805,https://i.scdn.co/image/ab6761610000e5eb7a057bf5cea41cb016113f32,3.0
RHYDER,V-POP,62,744762,https://i.scdn.co/image/ab6761610000e5eb3a413ecb08d6a5b0a496d3c0,Outros
QING MADI,AFROBEATS,60,743377,https://i.scdn.co/image/ab6761610000e5eb6bda0e5eb4c7c204f6dcec8b,5.0
FAITHLESS,TRIP HOP,61,742320,https://i.scdn.co/image/ab6761610000e5eb2a9d5c143d566bbdbfd571f4,Outros
GIBRAN ALCOCER,0,70,740864,https://i.scdn.co/image/ab6761610000e5eb3b8bdbbc4308ec6f7b3c6528,3.0
TENXI,HIPDUT,75,740368,https://i.scdn.co/image/ab6761610000e5ebc2430b63f455505ebb8d34e1,2.0
BROCASITO,BRAZILIAN TRAP,61,740248,https://i.scdn.co/image/ab6761610000e5eb16e33119d5128712e6b81218,8.0
US AGROBOY,AGRONEJO,63,739668,https://i.scdn.co/image/ab6761610000e5eb814df20dd4dd2443019ff4a0,Outros
BUSY SIGNAL,DANCEHALL,68,738352,https://i.scdn.co/image/ab6761610000e5eba67178622a56cc3eee954a74,7.0
BOB SINCLAR,FRENCH HOUSE,70,738106,https://i.scdn.co/image/ab6761610000e5eb41ee41ab4f9aa860d5afaaa2,7.0
CHANDLER MOORE,WORSHIP,70,737964,https://i.scdn.co/image/ab6761610000e5eb469460ee9bfbe5374bd84a34,7.0
FLAWED MANGOES,0,64,737477,https://i.scdn.co/image/ab6761610000e5eb06e11c5b4dbc53557bb3b007,3.0
BIG30,0,62,736223,https://i.scdn.co/image/ab6761610000e5ebbaa10dd88c61783773e936ee,3.0
DUNCAN LAURENCE,0,65,735611,https://i.scdn.co/image/ab6761610000e5eb7a3fa5fef04357ffa40d4d5c,3.0
BANNERS,0,63,735052,https://i.scdn.co/image/ab6761610000e5eb8d3bcf6e02576325ec246d34,3.0
MARCOS BRUNET,WORSHIP,61,734878,https://i.scdn.co/image/ab6761610000e5eb46e3a162fd3b54a92dda95c8,5.0
ANDERSON NEIFF,BREGA FUNK,64,734246,https://i.scdn.co/image/ab6761610000e5eb432c91474c1d2e5294991608,7.0
CHELSEA CUTLER,0,62,734165,https://i.scdn.co/image/ab6761610000e5eb685a26f3e45cccbc9e7206f9,3.0
SAWANO HIROYUKI,ANIME,66,733988,https://i.scdn.co/image/ab6761610000e5eb7bd33413d188115f3d40e8e1,Outros
GUAYACAN ORQUESTA,SALSA,60,733653,https://i.scdn.co/image/ab6761610000e5ebc5b35990279d7c18993498aa,5.0
CORY ASBURY,WORSHIP,62,733435,https://i.scdn.co/image/ab6761610000e5eb983968216b8d4cd8693667a5,5.0
THE BOX,BRAZILIAN TRAP,63,732940,https://i.scdn.co/image/ab6761610000e5eb957d1d31dbb8e2872f2ff628,8.0
LAUREN ALAINA,COUNTRY,62,732520,https://i.scdn.co/image/ab6761610000e5ebc69310e26d6aad2b91557e65,5.0
CEELO GREEN,R&B,70,731349,https://i.scdn.co/image/ab6761610000e5eb8079989370c50963b60ee7bc,2.0
KUKON,0,67,730926,https://i.scdn.co/image/ab6761610000e5eba1e2f2ae56ed06cc7a25d10e,3.0
THE DEVIL WEARS PRADA,METALCORE,62,730814,https://i.scdn.co/image/ab6761610000e5eb8d5ac274ee6a0953f4e20c0d,0.0
ELLA LANGLEY,COUNTRY,78,730391,https://i.scdn.co/image/ab6761610000e5eb3b3bcc29f69e2096fd32d185,2.0
JOEY VALENCE & BRAE,0,65,730029,https://i.scdn.co/image/ab6761610000e5eba716924ea0257629b35848cc,3.0
YOUNG MULTI,0,60,729739,https://i.scdn.co/image/ab6761610000e5eb49675cf5c806dc43ae34eeed,3.0
SIXPENCE NONE THE RICHER,0,67,729183,https://i.scdn.co/image/ab6761610000e5eb2ebb0ae40f1aa370bbacf74d,3.0
VIKTOR SHEEN,0,67,729165,https://i.scdn.co/image/ab6761610000e5eb107498a431325f9b3f1c37ef,3.0
JET,ALTERNATIVE ROCK,63,729164,https://i.scdn.co/image/ab6761610000e5eb7fee6883cc7e990e5b6de167,3.0
JOSIAH QUEEN,CHRISTIAN FOLK,72,728132,https://i.scdn.co/image/ab6761610000e5eb643bfda11e7a4f7796454bea,Outros
SHE WANTS REVENGE,DARKWAVE,64,727401,https://i.scdn.co/image/ab6761610000e5eb6d46fba0802fbbe8ef62d842,7.0
STEPHEN MARLEY,REGGAE,61,727341,https://i.scdn.co/image/ab6761610000e5eb200689e15f3b95aaf47a05c8,0.0
WALKER HAYES,COUNTRY,60,726815,https://i.scdn.co/image/ab6761610000e5ebcc28d8620fcf5237e9155950,5.0
LAY BANKZ,JERSEY CLUB,63,726369,https://i.scdn.co/image/ab6761610000e5ebcbe07eb41d5a7c57741b3881,5.0
CHRIS DE BURGH,SOFT ROCK,61,725934,https://i.scdn.co/image/ab6761610000e5eb6dc7b79aead8085199d75560,Outros
EST GEE,0,64,725856,https://i.scdn.co/image/ab6761610000e5ebf6ee8f565f86fed366b55840,3.0
MC KITINHO,BRAZILIAN FUNK,66,725717,https://i.scdn.co/image/ab6761610000e5eb717198fac1c80a61404f51c9,12.0
KELIS,0,67,725616,https://i.scdn.co/image/ab6761610000e5ebd1222863c4217cf03dde3613,3.0
THE BLAZE,0,62,725333,https://i.scdn.co/image/ab6761610000e5ebc47d7909754b4c16982e5626,3.0
HUGH JACKMAN,MUSICALS,67,725313,https://i.scdn.co/image/e8f69e48f7ae80c6247fda3bf03d6155ae0d7282,7.0
RAM SAMPATH,BOLLYWOOD,63,724475,https://i.scdn.co/image/ab6761610000e5ebed1f220551eded3711206fa4,5.0
CELIA CRUZ,SALSA,64,722648,https://i.scdn.co/image/ab6761610000e5ebb58cbc73f2b755f60134c54b,7.0
MICHAEL W. SMITH,CHRISTIAN,61,722417,https://i.scdn.co/image/ab6761610000e5eb7bbd1530c16bdd93f9d5f7be,Outros
LAKE STREET DIVE,0,63,722254,https://i.scdn.co/image/ab6761610000e5eb65db78e2146a5a48a90c6557,3.0
NIGGA,REGGAETON,62,721992,https://i.scdn.co/image/ab6761610000e5eb2e02879fdf70caedb6b5b04a,Outros
VANESSA CARLTON,0,65,721101,https://i.scdn.co/image/ab6761610000e5ebe4522126af4bd78d7d357c7a,3.0
RAMIN DJAWADI,SOUNDTRACK,67,721032,https://i.scdn.co/image/ab6761610000e5eb91e7dd670bc7d3ec7d1cbc6f,7.0
PVRIS,0,60,720878,https://i.scdn.co/image/ab6761610000e5ebcb455882a724905a59af80f0,3.0
GABRY PONTE,SLAP HOUSE,73,720506,https://i.scdn.co/image/ab6761610000e5ebfcac554ca653af59cc7a635f,2.0
GIUSEPPE VERDI,OPERA,62,719432,https://i.scdn.co/image/29dcc5fb26df65b722073e5246c6a430e9968aa7,Outros
4 NON BLONDES,ALTERNATIVE ROCK,68,719369,https://i.scdn.co/image/ab6772690000c46cbee2b55099797d5537544010,3.0
OLDILLA,FUNK CONSCIENTE,63,719263,https://i.scdn.co/image/ab6761610000e5ebde1b9c006568daa2f254d4fe,5.0
RAFAGA,CUMBIA,61,718958,https://i.scdn.co/image/ab6761610000e5eb4317f6cacfbe9f3794058a58,5.0
BEN E. KING,0,66,718332,https://i.scdn.co/image/809b501cb89a3f6557d5532d983875f4dea1877d,3.0
BAKAR,0,65,715853,https://i.scdn.co/image/ab6761610000e5ebb66dc2607e5a3376ee4401ca,3.0
CELESTE,0,65,715581,https://i.scdn.co/image/ab6761610000e5eb2584f0dc7e943908403186b1,3.0
ODECORE,NIGHTCORE,63,714845,https://i.scdn.co/image/ab6761610000e5ebc60a637fa32f000f4f4bcf5e,5.0
NATALIE COLE,QUIET STORM,62,714527,https://i.scdn.co/image/a3201f2fbdfa1bfd894e509bd3fbf3faf7da0a00,5.0
PARKER MCCOLLUM,TEXAS COUNTRY,67,713762,https://i.scdn.co/image/ab6761610000e5ebab74fc126101bf7425ee7cc3,7.0
DENNIS LLOYD,0,63,713185,https://i.scdn.co/image/ab6761610000e5ebcba2cb4ebd9b9e6013cd72ea,3.0
COOPER ALAN,COUNTRY,65,713087,https://i.scdn.co/image/ab6761610000e5eb4e02fca86b0f8b5d86c3616e,7.0
MAX MCNOWN,0,73,712248,https://i.scdn.co/image/ab6761610000e5eb3241be31681fdb62b76a1c8b,3.0
BOLADIN 211,BRAZILIAN FUNK,71,711536,https://i.scdn.co/image/ab6761610000e5ebfe20b58d1312fba0b51170ac,12.0
NICO SANTOS,0,60,711350,https://i.scdn.co/image/ab6761610000e5eb2a1af87383630573a55effa4,3.0
DAN SANCHEZ,CORRIDOS TUMBADOS,62,711228,https://i.scdn.co/image/ab6761610000e5ebe505c6175e75d97c7542755c,5.0
REEZY,GERMAN HIP HOP,70,710759,https://i.scdn.co/image/ab6761610000e5eb7dc803617b1983c7d847ddf8,9.0
TATSUYA KITANI,ANIME,65,709086,https://i.scdn.co/image/ab6761610000e5eb8f3b2ac021a12b2bd5f19edd,Outros
FORT MINOR,RAP ROCK,61,708926,https://i.scdn.co/image/ab6761610000e5eb53a76aaa221c3214f14c4c21,Outros
EXTREME,GLAM METAL,62,708792,https://i.scdn.co/image/ab6761610000e5eba2816ccc399c2c820c3d0bb6,Outros
CARLOS Y JOSE,NORTENO,62,708664,https://i.scdn.co/image/092584945c02710620e9d9044abcd250df23e846,5.0
RHYE,0,62,708180,https://i.scdn.co/image/ab6761610000e5eb8e2b3c095f8a891f4dd86a7b,3.0
MAJOR RD,BRAZILIAN TRAP,64,707504,https://i.scdn.co/image/ab6761610000e5ebd4c78f58de177a386eebc8f0,8.0
SUPER SIMPLE SONGS,CHILDREN'S MUSIC,75,707254,https://i.scdn.co/image/ab6761610000e5eb47e877323b9ed3e02aad1499,2.0
UMAIR,DESI HIP HOP,65,706896,https://i.scdn.co/image/ab6761610000e5eb71fc989526b820f9be667441,Outros
IAN,0,68,706274,https://i.scdn.co/image/ab6761610000e5ebfc581edb6be35aef436062f8,3.0
LEO & RAPHAEL,AGRONEJO,60,704721,https://i.scdn.co/image/ab6761610000e5ebba0ca89fa892f7c49537c331,Outros
WXRDIE,VIETNAMESE HIP HOP,61,704427,https://i.scdn.co/image/ab6761610000e5ebf7ac790a43867c10ef8a7d29,5.0
VICTOR CIBRIAN,CORRIDO,62,704047,https://i.scdn.co/image/ab6761610000e5eb096c7f0b73a41a6df61849f2,5.0
KRIS KRISTOFFERSON,OUTLAW COUNTRY,62,703968,https://i.scdn.co/image/c89f4c57259c307731fe2ba93fb9d0ff40096ecd,5.0
ERIC PRYDZ,0,65,703218,https://i.scdn.co/image/ab6761610000e5eb4170f1e4c72c0a9fc2eddc1d,3.0
WWE,0,65,702994,https://i.scdn.co/image/ab6761610000e5eb172d5c6e9176e108edf89c19,3.0
CAPO,GERMAN HIP HOP,68,702416,https://i.scdn.co/image/ab6761610000e5eb1bea2952e724dda2b251417e,9.0
THE RARE OCCASIONS,0,66,702029,https://i.scdn.co/image/ab6761610000e5ebce4257ca508a2c7e600192ed,3.0
MARTA SANCHEZ,LATIN POP,62,700674,https://i.scdn.co/image/ab6761610000e5ebab29d50c5a0ccdeb88563751,6.0
LEO FOGUETE,FORRO,74,699642,https://i.scdn.co/image/ab6761610000e5ebe164e1a90abc91fd4512acee,8.0
JOAO GILBERTO,BOSSA NOVA,63,698903,https://i.scdn.co/image/ab6761610000e5ebc18449a640fefd04cfe62359,Outros
CHARLOTTE CARDIN,CHANSON QUEBECOISE,66,698611,https://i.scdn.co/image/ab6761610000e5eb54eb1c3397e52c8314ffd839,7.0
CONNIE FRANCIS,SCHLAGER,61,698266,https://i.scdn.co/image/8bdcb1cc65a0ca1d54018e308bd2471e9c4820ce,5.0
WISP,SHOEGAZE,63,698218,https://i.scdn.co/image/ab6761610000e5eb3c452fd195cec342b58a3eea,Outros
070 SHAKE,0,70,697957,https://i.scdn.co/image/ab6761610000e5eb6338990250f5d5a447650ba9,3.0
JAMIE MILLER,0,62,696488,https://i.scdn.co/image/ab6761610000e5ebe834535bf8e5e18562e0fe50,3.0
KANII,JERSEY CLUB,62,696053,https://i.scdn.co/image/ab6761610000e5ebf5114b0f4636abd624066cc9,5.0
LOUD LUXURY,0,67,694998,https://i.scdn.co/image/ab6761610000e5ebea8624227b5dade2142a984f,3.0
DJ SHADOW,TRIP HOP,65,693296,https://i.scdn.co/image/ab6761610000e5eb745460b0ffdbf5144c34498d,Outros
LIANA FLORES,0,65,692884,https://i.scdn.co/image/ab6761610000e5eb6c1f703864a0d99d0ba56fe4,3.0
BAMBAM,K-POP,60,692856,https://i.scdn.co/image/ab6761610000e5eb12644c9df4324596873dbdcb,9.0
VINCE GILL,CLASSIC COUNTRY,62,692042,https://i.scdn.co/image/ab6761610000e5ebbedd4fb3d79d6cfd9d3fe534,5.0
YOT CLUB,BEDROOM POP,62,691877,https://i.scdn.co/image/ab6761610000e5eb76aafec5ad3961953bf3595f,Outros
OMI,0,64,691784,https://i.scdn.co/image/ab6761610000e5ebb4318429cc3c4a3b72f5f87a,3.0
PHILIP GLASS,MINIMALISM,60,691604,https://i.scdn.co/image/ab6761610000e5eb6165e2f3712049f0b05f36a0,5.0
MARK AMBOR,0,68,690841,https://i.scdn.co/image/ab6761610000e5eb90c97091c193e92d82693d4f,3.0
CHERISH,0,60,690047,https://i.scdn.co/image/ab6761610000e5ebed896a298ee61f6cec91abc4,3.0
結束ハント,J-ROCK,60,688624,https://i.scdn.co/image/ab6761610000e5eb38df323a9b0d7880ae59590b,Outros
TOQUE DEZ,ARROCHA,71,687122,https://i.scdn.co/image/ab6761610000e5ebbb77215d3c7c2a8354a71286,2.0
EDDY LOVER,REGGAETON,66,686870,https://i.scdn.co/image/ab6761610000e5ebafcafc27c2eeee934879ace9,Outros
NAYT,ITALIAN TRAP,64,686834,https://i.scdn.co/image/ab6761610000e5ebf49f3a186da3f0873d85b9d8,8.0
THE STRANGLERS,PROTO-PUNK,69,685836,https://i.scdn.co/image/ab6761610000e5ebf53947fccc7f9ace4d07a43f,Outros
EM BEIHOLD,0,68,684419,https://i.scdn.co/image/ab6761610000e5eb23c885de4c81852c917608ac,3.0
CHIMBALA,DEMBOW,65,684036,https://i.scdn.co/image/ab6761610000e5eb5812abef39ccc0da49f81bad,7.0
OFENBACH,0,68,682902,https://i.scdn.co/image/ab6761610000e5ebcff7e03f7ab5f991fd6ba815,3.0
RIO ROMEO,0,65,682383,https://i.scdn.co/image/ab6761610000e5eb9ef07a166d46f32f92defe89,3.0
SUECO,0,60,680526,https://i.scdn.co/image/ab6761610000e5eb83e9737457a4a0c1c2a61d2f,3.0
LOS NUEVOS REBELDES,CORRIDO,62,680073,https://i.scdn.co/image/ab6761610000e5ebe1b74678c8789a7a2ec08393,5.0
THE LAST DINNER PARTY,0,66,679710,https://i.scdn.co/image/ab6761610000e5ebb9544964337177ad2936c39b,3.0
JORSSHH,CORRIDO,70,677301,https://i.scdn.co/image/ab6761610000e5ebea23bb9fa386b8fda4ae581e,7.0
HUGEL,LATIN HOUSE,78,676886,https://i.scdn.co/image/ab6761610000e5eb38a0345317801e06c10dcb7b,6.0
ELLEY DUHE,0,71,676092,https://i.scdn.co/image/ab6761610000e5ebbe6d799fcd475418b0c77670,3.0
ANDRE 3000,HIP HOP,65,675912,https://i.scdn.co/image/ab6761610000e5eb3d4e529331e396b79792cf1f,Outros
SKYLAR GREY,0,67,675645,https://i.scdn.co/image/ab6761610000e5eb2f9905dd7e931b2121a43967,3.0
SSIO,GERMAN HIP HOP,69,674922,https://i.scdn.co/image/ab6761610000e5eb4f45267f182721dcd4c09819,9.0
FAHEEM ABDULLAH,HINDI POP,76,674858,https://i.scdn.co/image/ab6761610000e5eb601c9af2aea18ce8c43abbb3,Outros
ELLE KING,0,64,672583,https://i.scdn.co/image/ab6761610000e5eb98f1e053c254d51c7ebb9831,3.0
4BATZ,0,63,672286,https://i.scdn.co/image/ab6761610000e5ebb9d7b39ae0ddaf062a2a72d2,3.0
BRONSKI BEAT,SYNTHPOP,62,671349,https://i.scdn.co/image/ab6761610000e5eb63ee00018727ae16e4d0ecef,Outros
HERENCIA DE GRANDES,CORRIDO,72,670756,https://i.scdn.co/image/ab6761610000e5eba774cfbcbfceeb2eccb309af,2.0
NINES,GRIME,63,670581,https://i.scdn.co/image/ab6761610000e5ebc613e7f6bde3bd8d60c28508,Outros
HEADIE ONE,UK DRILL,62,670178,https://i.scdn.co/image/ab6761610000e5eb9f5dc9f04106d2668871ce21,5.0
LA ROUX,EUROPOP,61,669487,https://i.scdn.co/image/ab6761610000e5eb209cc92e50bcfed40a6028e1,5.0
FRENNA,0,66,668677,https://i.scdn.co/image/ab6761610000e5ebf712fdcbfff535a70c995166,3.0
LA RECETA,CORRIDO,65,667979,https://i.scdn.co/image/ab6761610000e5eb2aaab3d536757679a94763d9,7.0
SUEL,PAGODE,63,667376,https://i.scdn.co/image/ab6761610000e5eb4792e7cde4aa427743c34011,1.0
KOOL SAVAS,GERMAN HIP HOP,64,667356,https://i.scdn.co/image/ab6761610000e5eb25fc30401f1b8b28e06774f1,9.0
CHRIS TRAVIS,CLOUD RAP,66,665863,https://i.scdn.co/image/ab6761610000e5eb2161c2b4c80ae13e8f0739c3,Outros
KB,CHRISTIAN HIP HOP,61,665626,https://i.scdn.co/image/ab6761610000e5ebe70d2850eb52b19a114dcbf8,9.0
YUNG BEEF,NEOPERREO,73,665123,https://i.scdn.co/image/ab6761610000e5eb8fd36b7e041d1e2cfcdb59e6,2.0
OCEAN ALLEY,SURF ROCK,64,664596,https://i.scdn.co/image/ab6761610000e5eb92b004bf56ed88782f46e4a8,Outros
MODERN BASEBALL,MIDWEST EMO,64,664048,https://i.scdn.co/image/ab6761610000e5eb61fb7bc248f90cd8e7b0223d,7.0
HYBS,0,63,663440,https://i.scdn.co/image/ab6761610000e5ebf078775e8d12a4b37770e220,3.0
AARON MAY,0,65,662637,https://i.scdn.co/image/ab6761610000e5eb8c9f2973b268e7958a216b9c,3.0
ISRAEL KAMAKAWIWO'OLE,0,62,659778,https://i.scdn.co/image/ab6761610000e5eb97eefea95f5107bb1a66d6a1,3.0
CAROLINE POLACHEK,ART POP,67,659422,https://i.scdn.co/image/ab6761610000e5eb5da901a1dd949436f2377f72,6.0
NATHAN EVANS,SEA SHANTIES,65,659148,https://i.scdn.co/image/ab6761610000e5eba6896eaac363e5a25d9ad6bf,7.0
THE POGUES,CELTIC PUNK,61,658844,https://i.scdn.co/image/636a1b47b11d0d512b4153c9d1b0625eea39f885,5.0
SIGN CRUSHES MOTORIST,SLOWCORE,63,658124,https://i.scdn.co/image/ab67616d0000b2730aa1f37455455695f6d2432a,5.0
THE LA PLANTA,CUMBIA,69,658020,https://i.scdn.co/image/ab6761610000e5ebffd2baf50892be0920d94904,7.0
THE EMOTIONS,DISCO,64,656781,https://i.scdn.co/image/47abbf144c6523f1a14b1e3c4920f0fd55e4e0cd,Outros
FINCH,SCHLAGERPARTY,67,656355,https://i.scdn.co/image/ab6761610000e5eb12c0a60f9869389150a23f57,7.0
BEN BOHMER,MELODIC HOUSE,67,654124,https://i.scdn.co/image/ab6761610000e5eb225ae05803ef744f30073834,7.0
YO-YO MA,CLASSICAL,66,653612,https://i.scdn.co/image/ab6761610000e5ebfb0fcd51414e7bbe85e00b6f,Outros
DR. DOG,0,63,652321,https://i.scdn.co/image/ab6761610000e5eb40e524c1e6dd57b9946708ed,3.0
MAMBO KINGZ,REGGAETON,76,652177,https://i.scdn.co/image/ab6761610000e5eb881ed0aa97cc8420685dc90e,Outros
LOS YAGUARU,CUMBIA,63,651169,https://i.scdn.co/image/ab6761610000e5eba23fc8172aa45a517f16439c,5.0
OLLY,0,74,650701,https://i.scdn.co/image/ab6761610000e5ebab9afdd6f4c774749f0d178e,3.0
RUELLE,0,62,650582,https://i.scdn.co/image/ab6761610000e5eb35e2308259dce61ce7614bb8,3.0
MT. JOY,0,68,649535,https://i.scdn.co/image/ab6761610000e5eb7c92602e66076f1b0bf5843b,3.0
RASHMI VIRAG,BOLLYWOOD,70,648785,https://i.scdn.co/image/ab6761610000e5eb104a8b3f3cf8b7094cb534bd,7.0
NEONI,0,68,648371,https://i.scdn.co/image/ab6761610000e5ebdc816ca679ed1e52ed6dfe4f,3.0
OTSOCHODZI,0,66,647408,https://i.scdn.co/image/ab6761610000e5ebde7629c5b0462745cbba55d8,3.0
YAZIN NIZAR,TOLLYWOOD,62,646711,https://i.scdn.co/image/ab6761610000e5ebe440ac27a4c23d0b3fce3e2d,5.0
K.FLAY,0,62,646688,https://i.scdn.co/image/ab6761610000e5ebb1b04bd0cf3284572c899e12,3.0
HUNXHO,0,65,645950,https://i.scdn.co/image/ab6761610000e5ebba200b8017c47812f045e85d,3.0
MC ANJIM,FUNK DE BH,60,644869,https://i.scdn.co/image/ab6761610000e5eb5cbabe8a4db5f8262a94232a,5.0
TURNPIKE TROUBADOURS,RED DIRT,64,644580,https://i.scdn.co/image/ab6761610000e5ebefef937e4fbe2faf0e47350d,7.0
MARINA SENA,BRAZILIAN POP,69,643993,https://i.scdn.co/image/ab6761610000e5eb5dc46cd89751c5b6ab34d210,1.0
GURLEZ AKHTAR,BHANGRA,71,643919,https://i.scdn.co/image/ab6761610000e5ebdad91d06dd67ad61e0252fd3,2.0
REALITY CLUB,INDONESIAN INDIE,65,643529,https://i.scdn.co/image/ab6761610000e5ebd9a9a4eb30f0a26c250e47e1,7.0
OASIS MINISTRY,WORSHIP,61,643104,https://i.scdn.co/image/ab6761610000e5eb29823da7783fd5d38541eff7,5.0
INDU SONALI,BHOJPURI POP,60,641941,https://i.scdn.co/image/ab6761610000e5ebf3b8c74063b591c1e4a92868,5.0
MANCHESTER ORCHESTRA,0,61,641656,https://i.scdn.co/image/ab6761610000e5eb8bf8e3c416c4c167d69e05f9,3.0
HANAN SHAAH,MOLLYWOOD,60,641334,https://i.scdn.co/image/ab6761610000e5eb8438fb346d881b8c11e6909c,5.0
GOOD KID,0,65,641140,https://i.scdn.co/image/ab6761610000e5ebbac3cd7ff17b0b9acc8ee757,3.0
TONY BOY,ITALIAN TRAP,72,640929,https://i.scdn.co/image/ab6761610000e5ebe8b8414e3850bbef4d8b84db,8.0
CHRONIXX,REGGAE,62,640589,https://i.scdn.co/image/ab6761610000e5eb52775d44c1e0695c1311ed59,0.0
GZA,EAST COAST HIP HOP,60,640402,https://i.scdn.co/image/99b354cef6f088bc6d5400fffee5095b2a038cfe,Outros
IAMJAKEHILL,EMO RAP,60,639568,https://i.scdn.co/image/ab6761610000e5ebb539c9260c552be52511e15b,5.0
TITLE FIGHT,MIDWEST EMO,65,639345,https://i.scdn.co/image/ab6761610000e5ebddf610c5554917515472fc89,7.0
BERLIN,0,61,636353,https://i.scdn.co/image/ab6761610000e5ebfba07dbdca45039f9d20e5bb,3.0
POOR MAN'S POISON,SOUTHERN GOTHIC,64,636119,https://i.scdn.co/image/ab6761610000e5eb722d0d90fff7b80f6ec6a6a2,Outros
NEW WEST,0,69,635960,https://i.scdn.co/image/ab6761610000e5eb32a5faa77c82348cf5d13590,3.0
PANCHIKO,SHOEGAZE,65,634007,https://i.scdn.co/image/ab6761610000e5eb714fa6e5682f730d0c82609c,Outros
VERONICA MAGGIO,SWEDISH POP,62,633875,https://i.scdn.co/image/ab6761610000e5eb4fdc64b2fd6f0d5c5130a259,5.0
BLADEE,CLOUD RAP,68,633850,https://i.scdn.co/image/ab6761610000e5eb43633ee607e147dfd024a198,Outros
DIMELO FLOW,REGGAETON,68,633803,https://i.scdn.co/image/ab6761610000e5ebac4689072e775862d6c2b55e,Outros
FIDUMA & JECA,SERTANEJO,65,633346,https://i.scdn.co/image/ab6761610000e5eb4f7894a48552ce46dd08194b,10.0
NCT WISH,K-POP,62,633081,https://i.scdn.co/image/ab6761610000e5ebed47aa96d82825eab5ed61c6,9.0
REMI WOLF,0,62,632313,https://i.scdn.co/image/ab6761610000e5ebe8ed9445c95bfe8b20034463,3.0
RY X,INDIE FOLK,63,631802,https://i.scdn.co/image/ab6761610000e5eb0f8c1383026ad2bbdc1a2f06,Outros
JP SAXE,0,62,631259,https://i.scdn.co/image/ab6761610000e5ebda27102c10c34a73fec10f5d,3.0
MARTY ROBBINS,CLASSIC COUNTRY,62,631200,https://i.scdn.co/image/55992126e2a79d6dad67c4e9508811ba19abc586,5.0
FATMA TURGUT,TURKISH POP,62,630907,https://i.scdn.co/image/ab6761610000e5eb2e0508eea07404bc99df460f,5.0
STEVE ANGELLO,PROGRESSIVE HOUSE,60,630527,https://i.scdn.co/image/ab6761610000e5ebb5e02dbdf0bd48e70b4afcce,Outros
DOM DOLLA,HOUSE,68,630138,https://i.scdn.co/image/ab6761610000e5eb9290e172cbcacc0521b02b11,7.0
VEDO,0,61,629549,https://i.scdn.co/image/ab6761610000e5eb2a3c244cc9a0eb57b9083bb0,3.0
FLORA MATOS,BRAZILIAN HIP HOP,60,629418,https://i.scdn.co/image/ab6761610000e5eb7f25349a142a2a41fc51af7b,9.0
KAMISA 10,PAGODE,69,629190,https://i.scdn.co/image/ab6761610000e5eb12a9877ba9844e3ba552701a,1.0
BIA,0,65,629161,https://i.scdn.co/image/ab6761610000e5eb3974170f2ec6ecb8a1c88bbc,3.0
MANIFEST,TURKISH POP,70,628890,https://i.scdn.co/image/ab6761610000e5eb446c273e3de16a4a60887f5a,7.0
HEARTS2HEARTS,K-POP,69,628112,https://i.scdn.co/image/ab6761610000e5eb508cfbb06d6efeb5712b08fb,9.0
RJ PASIN,PHONK,69,627780,https://i.scdn.co/image/ab6761610000e5ebdc3b6ba977a8734b2e76a0ef,7.0
SYD,ALTERNATIVE R&B,64,625967,https://i.scdn.co/image/ab6761610000e5ebb93c1b17e5b733ebccc7171c,3.0
TOM ROSENTHAL,0,64,625548,https://i.scdn.co/image/ab6761610000e5eb18e3b26158842962e9400bcf,3.0
Q-TIP,EAST COAST HIP HOP,60,624508,https://i.scdn.co/image/de7804e485499fb93165fb84bb6d655232c561e2,Outros
LUCY DACUS,0,66,624075,https://i.scdn.co/image/ab6761610000e5eba5a55fb2f2c129da51b7676e,3.0
RAYMIX,CUMBIA SONIDERA,64,623668,https://i.scdn.co/image/ab6761610000e5eb77981c91d17a7986baab2c06,7.0
LXNGVX,PHONK,68,621796,https://i.scdn.co/image/ab6761610000e5eb649f083a33e92e1e03ea77a0,7.0
PEABO BRYSON,QUIET STORM,61,621720,https://i.scdn.co/image/29d1f2378dbd138b2b7fad8666ab6b547448e498,5.0
LIJPE,0,66,620826,https://i.scdn.co/image/ab6761610000e5ebfa0dc1f0bc4aa891e28b772e,3.0
SAMMIE,0,63,620665,https://i.scdn.co/image/ab6761610000e5eb5c76dd327ade80af7e1f1af9,3.0
YAGA & MACKIE,REGGAETON,61,620370,https://i.scdn.co/image/ab6761610000e5eb2c44cd0860db1ab0e9336d16,Outros
BABY TATE,0,63,620314,https://i.scdn.co/image/ab6761610000e5ebe7b0d119183e74ec390d7aec,3.0
KEITH WHITLEY,CLASSIC COUNTRY,61,620174,https://i.scdn.co/image/ab6761610000e5eb006482ef0fbbbdc43ef3f874,5.0
CASCADA,EUROPOP,66,619855,https://i.scdn.co/image/ab6761610000e5eb34ff27fec73de49987eebade,7.0
SCISSOR SISTERS,0,60,619433,https://i.scdn.co/image/ab6761610000e5eb064aceda61eac4b617a9ad3f,3.0
ETERNXLKZ,PHONK,68,619316,https://i.scdn.co/image/ab6761610000e5eb2f753acc479ee3f7fef8ec9f,7.0
HESHAM ABDUL WAHAB,MOLLYWOOD,63,618559,https://i.scdn.co/image/ab6761610000e5eb18045f4451e50f23177dd524,5.0
MASAYOSHI TAKANAKA,JAZZ FUSION,60,617716,https://i.scdn.co/image/ab6761610000e5ebd675cbb190672fb7c8c7a9dd,5.0
MARINO,0,73,616415,https://i.scdn.co/image/ab6761610000e5ebdfc24f285c27f56a89c0c53b,3.0
LILY-ROSE DEPP,0,74,615936,https://i.scdn.co/image/ab6761610000e5ebc2fb4b8e035fbdad27da865f,3.0
TOM GRENNAN,0,63,615406,https://i.scdn.co/image/ab6761610000e5eb358effe4ba18cbb4fdfcbdc3,3.0
HANDE UNSAL,TURKISH POP,60,614988,https://i.scdn.co/image/ab6761610000e5ebbc53399c3f70b9dea9fd148e,5.0
LOCO,K-RAP,62,614757,https://i.scdn.co/image/ab6761610000e5eb5e7434d5fdfde7dbc146eb10,Outros
IZAAK,0,69,614420,https://i.scdn.co/image/ab6761610000e5eb1f97bdd58246276361a4bc0d,3.0
CLIPSE,0,67,614414,https://i.scdn.co/image/ab6761610000e5eb7d6973a4df776665c9852f26,3.0
TOQUINHO,BOSSA NOVA,62,614309,https://i.scdn.co/image/ab6761610000e5ebd39ecd1d7ee10e47187910a9,Outros
ZILLAKAMI,TRAP METAL,63,614295,https://i.scdn.co/image/ab6761610000e5eb0d36083ed0c0dc44de90abe7,9.0
THE PLOT IN YOU,METALCORE,65,612911,https://i.scdn.co/image/ab6761610000e5eb2dd9c6cd81b1324ba68c8ac1,0.0
YOSS BONES,MEXICAN HIP HOP,61,612095,https://i.scdn.co/image/ab6761610000e5eb2141cce2875b4f9304549e31,5.0
BENNY BENASSI,ELECTRO HOUSE,65,612010,https://i.scdn.co/image/ab6761610000e5ebae7d930f8e916482ec30a064,7.0
GNARLS BARKLEY,0,66,609928,https://i.scdn.co/image/03e8855382d21e1cbf8172c03001ab8847889f38,3.0
RONNIE FLEX,NEDERPOP,67,609235,https://i.scdn.co/image/ab6761610000e5ebb4dca003c47b02b9242b0ebc,7.0
YAGO OPROPRIO,BOOM BAP,67,608468,https://i.scdn.co/image/ab6761610000e5ebbcae189aad0812ed59c9126f,7.0
B. AJANEESH LOKNATH,KANNADA POP,67,608256,https://i.scdn.co/image/ab6761610000e5eb2ed75e55016f06027ebd3115,7.0
BLACK ALIEN,BRAZILIAN HIP HOP,60,607694,https://i.scdn.co/image/ab6761610000e5ebba2786969b06c231b04a3f80,9.0
RATATAT,0,65,607412,https://i.scdn.co/image/2f0c6c465a83cd196e651e3d4e7625ba799a6f60,3.0
YAMI SAFDIE,0,68,606322,https://i.scdn.co/image/ab6761610000e5eb484f96ea8e051aa44dad2f68,3.0
ROBERT SCHUMANN,CLASSICAL PIANO,63,606029,https://i.scdn.co/image/795f15e4d860456a306055ccc995075c5dad9fa6,5.0
JOHN SUMMIT,HOUSE,74,605759,https://i.scdn.co/image/ab6761610000e5eb2ac919903d42acf65516b540,2.0
JULIAN CASABLANCAS,0,63,603443,https://i.scdn.co/image/ab6761610000e5eb97357a72fc531a2c2d3ee47a,3.0
ISHOWSPEED,0,61,602540,https://i.scdn.co/image/ab6761610000e5ebcf69467b0007ae1f37dee5a5,3.0
CAFUNE,0,69,602494,https://i.scdn.co/image/ab6761610000e5eb4d72dc74c11df7baf1d08508,3.0
THE CRAMPS,PSYCHOBILLY,60,600732,https://i.scdn.co/image/fc6b731da9ccf21380f2c32a37a825b8b6e41fc8,5.0
BING CROSBY,CHRISTMAS,73,600367,https://i.scdn.co/image/ab6761610000e5ebc3cc7f45922b9adade39ef19,Outros
ORIGINAL BROADWAY CAST OF HAMILTON,MUSICALS,77,600066,https://i.scdn.co/image/ab67616d0000b2733743f2dba9dde74bf4338540,2.0
AU/RA,0,62,599770,https://i.scdn.co/image/ab6761610000e5eb5480d340c983b442c3f5fdbe,3.0
THE OH HELLOS,FOLK POP,61,599672,https://i.scdn.co/image/ab6761610000e5ebf95c1ca17763a05799b0f9dd,Outros
BARNS COURTNEY,0,61,599107,https://i.scdn.co/image/ab6761610000e5eb4bbc056671282e390b4c6b46,3.0
HOSHIMACHI SUISEI,J-POP,60,598909,https://i.scdn.co/image/ab6761610000e5ebde6b03e1ce3f4d3427e8cdf9,Outros
GLEN CAMPBELL,CLASSIC COUNTRY,62,598147,https://i.scdn.co/image/ab6761610000e5eb64f0f928da3d4ff7746a2df1,5.0
CRAZY TOWN,RAP ROCK,62,597652,https://i.scdn.co/image/ab6761610000e5eb62a327b7a4b1aa7c9ec7dfe2,Outros
INIGO QUINTERO,0,65,595300,https://i.scdn.co/image/ab6761610000e5eb42379e4fd1ec05a70ddc5e53,3.0
GRUPO LIMITE,GRUPERA,61,594563,https://i.scdn.co/image/ab67616d0000b273f6ef51231296439647e3995b,5.0
PERRY COMO,CHRISTMAS,66,594329,https://i.scdn.co/image/67994599f4a13b71c23e0fdfc2ffbf9ab94bb513,Outros
LUCIO101,GERMAN HIP HOP,66,594248,https://i.scdn.co/image/ab6761610000e5eb540aec4e1bee9357fc3531d4,9.0
KETS4EKI,HYPERPOP,63,594204,https://i.scdn.co/image/ab6761610000e5eb87d1314c58cd7f75f639acd0,Outros
YZOMANDIAS,0,64,593910,https://i.scdn.co/image/ab6761610000e5ebb76926feaca1b78c6bdea06a,3.0
ANDY WILLIAMS,CHRISTMAS,70,593736,https://i.scdn.co/image/ab6761610000e5eb5888acdca5e748e796b4e69b,Outros
ROYEL OTIS,INDIE,74,593595,https://i.scdn.co/image/ab6761610000e5ebab79a6385448318e8944d1ff,Outros
HUSTINDER,PUNJABI POP,64,593310,https://i.scdn.co/image/ab6761610000e5eb44d83e5a97df81dd6a4a0c9a,7.0
RUSSELL DICKERSON,COUNTRY,66,593220,https://i.scdn.co/image/ab6761610000e5eb63ae1c76b9e1cc1a29d63fa9,7.0
AMO988,TURKISH POP,65,592965,https://i.scdn.co/image/ab6761610000e5eb1fe5cf6232102620ed6dacae,7.0
NANCY SINATRA,0,65,592675,https://i.scdn.co/image/ab6761610000e5eb425050048d82a8b7dfd0e4ec,3.0
VINI VICI,PSYTRANCE,61,592591,https://i.scdn.co/image/ab6761610000e5eb16c3d0508b78984977eef4cf,5.0
MAREUX,DARKWAVE,64,590753,https://i.scdn.co/image/ab6761610000e5eb6803274ebc9fa6a1db7c3fb5,7.0
NOTHING MORE,0,66,590401,https://i.scdn.co/image/ab6761610000e5ebcd7961c989876a2982feb13e,3.0
BRYANT BARNES,0,67,590362,https://i.scdn.co/image/ab6761610000e5eb6a72681c50b8d528b586473a,3.0
CHANCE PENA,0,72,589801,https://i.scdn.co/image/ab6761610000e5eb052c39f7e68c1a04ba74bd9b,3.0
UMMET OZCAN,BIG ROOM,60,589756,https://i.scdn.co/image/ab6761610000e5eb093d801d8e6e4b2440ce7109,5.0
DOPE LEMON,0,64,589722,https://i.scdn.co/image/ab6761610000e5eb3c182606276f429540196ba5,3.0
POLIMA WESTCOAST,CHILEAN TRAP,62,589639,https://i.scdn.co/image/ab6761610000e5eb219cf27338e578419a08778b,5.0
DASH BERLIN,TRANCE,63,587694,https://i.scdn.co/image/ab6761610000e5eb1ccf27955f4dab7d03dc2ef1,5.0
DJ VICTOR,BRAZILIAN FUNK,66,587474,https://i.scdn.co/image/ab6761610000e5eba1df8b9df07f0e8489184e0c,12.0
BILLY STRINGS,BLUEGRASS,63,586865,https://i.scdn.co/image/ab6761610000e5eb532fd0e6740fd3db38933afb,Outros
VENGABOYS,EURODANCE,64,586695,https://i.scdn.co/image/ab6761610000e5eb957b1db0e338bbf2fe2cdc37,7.0
FELIX MENDELSSOHN,CHAMBER MUSIC,60,586520,https://i.scdn.co/image/32bf53aa73dbb81c615a91324efea0bcfff4b440,5.0
PRANJAL DAHIYA,HARYANVI POP,61,586420,https://i.scdn.co/image/ab6761610000e5ebc046f04d6914de347f8b77c2,5.0
WILL WOOD,0,61,586286,https://i.scdn.co/image/ab6761610000e5eb1700dda75d34be1d34ce029c,3.0
SAULT,0,64,585415,https://i.scdn.co/image/ab6761610000e5eb38dfd1af91aeccad71e6412f,3.0
3AM,LATIN R&B,64,585377,https://i.scdn.co/image/ab6761610000e5eb53736c6e138b8a9961d92b2f,Outros
JACK BLACK,0,60,585311,https://i.scdn.co/image/ab6761610000e5eb347480275d867bdc3a32e5ae,3.0
ZOE WEES,0,64,584625,https://i.scdn.co/image/ab6761610000e5eb55503d7a59287670fba618b6,3.0
TUCKER WETMORE,COUNTRY,71,584134,https://i.scdn.co/image/ab6761610000e5ebdbf7547beca0a0ce3eef2f2b,2.0
AMAARAE,ALTE,65,583336,https://i.scdn.co/image/ab6761610000e5eb82d2f8ad2b13647357e18582,7.0
CARLA BRUNI,FRENCH JAZZ,60,582460,https://i.scdn.co/image/ab6761610000e5eb1d05c17e7271984b1e009d6f,5.0
KENYA GRACE,0,62,580476,https://i.scdn.co/image/ab6761610000e5ebd4d6198f0af736122f580ee4,3.0
SKI AGGU,GERMAN INDIE,67,580404,https://i.scdn.co/image/ab6761610000e5ebe5efa60286b0c3495dc30e44,Outros
NATE SMITH,COUNTRY,67,580318,https://i.scdn.co/image/ab6761610000e5eb1a5a5a5c0592e9462114f206,7.0
BIELZIN,BRAZILIAN TRAP,60,579261,https://i.scdn.co/image/ab6761610000e5eb7d14b158cf57e949f00fe06f,8.0
BLXST,0,65,579208,https://i.scdn.co/image/ab6761610000e5ebe4fdd9d4bbb6b706ac4ad042,3.0
OGRYZEK,PHONK,68,579182,https://i.scdn.co/image/ab6761610000e5ebf5083570c3167efac89e6713,7.0
SILENCE WANG,C-POP,61,578848,https://i.scdn.co/image/ab6761610000e5ebe031c2c433fefe3fd10f5caa,Outros
JEANETTE,0,63,578726,https://i.scdn.co/image/ab6761610000e5eb88afe7ef7dda4de5744c8187,3.0
BIBI UND TINA,0,77,578631,https://i.scdn.co/image/ab6761610000e5eb5912045be22cb4a0761adbb0,3.0
CLAPTONE,0,62,578118,https://i.scdn.co/image/ab6761610000e5ebc6bd77ee4ac835421fbaf08e,3.0
EUGENIA QUEVEDO,CUARTETO,66,577930,https://i.scdn.co/image/ab6761610000e5eb26677b6609068064d987a4a8,7.0
PAPATINHO,BRAZILIAN HIP HOP,61,577708,https://i.scdn.co/image/ab6761610000e5eba75a686e7d34331cb4455759,9.0
MITCHELL TENPENNY,COUNTRY,60,577623,https://i.scdn.co/image/ab6761610000e5ebb0280a8aa0e3251854dd93fa,5.0
NICO & VINZ,0,62,576741,https://i.scdn.co/image/ab6761610000e5eb606d0660ba65b91a1d891154,3.0
YUGABHARATHI,TAMIL POP,63,575996,https://i.scdn.co/image/ab67616d0000b273680edd5604135858f4284fca,5.0
VISHNU VIJAY,MALAYALAM POP,61,575623,https://i.scdn.co/image/ab6761610000e5eb8d453f36b1119862f6f7246c,5.0
PANDORA,VILLANCICOS,61,575408,https://i.scdn.co/image/ab6761610000e5eb88ed32e9360524254008cf65,5.0
IDINA MENZEL,MUSICALS,72,575175,https://i.scdn.co/image/ab6761610000e5eb6e39cafa090a7f726177bbf7,2.0
VALENTINO MERLO,CUARTETO,61,575129,https://i.scdn.co/image/ab6761610000e5eb57058d18b8775c133b6abf1a,5.0
DUSTY SPRINGFIELD,0,64,574823,https://i.scdn.co/image/8b2bbbe1dde191c637271fab24ff66fda4faf4fa,3.0
EDVARD GRIEG,CLASSICAL,63,574104,https://i.scdn.co/image/a5dc4df4f87b534afc7b21116bc7680492210656,Outros
SUB FOCUS,DRUM AND BASS,69,573945,https://i.scdn.co/image/ab6761610000e5eb26fd464ae2464f49024dfdbd,7.0
HAVA,GERMAN HIP HOP,61,573881,https://i.scdn.co/image/ab6761610000e5eb3565a169029dbf07c7d0b7a1,9.0
SOPHIE ELLIS-BEXTOR,0,66,573066,https://i.scdn.co/image/ab6761610000e5eb180fed4e1e26cba501660afb,3.0
HOMIXIDE GANG,RAGE RAP,62,572865,https://i.scdn.co/image/ab6761610000e5eb37f3b59d4e544a0da5a42e76,Outros
WIFISKELETON,0,72,572053,https://i.scdn.co/image/ab6761610000e5eb15ff476675200f8bed35d114,3.0
RIO DA YUNG OG,0,67,572039,https://i.scdn.co/image/ab6761610000e5eb205b329cd99fd0831759b275,3.0
MAGDALENA BAY,0,69,570383,https://i.scdn.co/image/ab6761610000e5eb8257ff04aaf62d848030efeb,3.0
BOBBY VANDAMME,GERMAN HIP HOP,68,570323,https://i.scdn.co/image/ab6761610000e5eb1abed3cdee25ae2e6fab69d3,9.0
YAHIR SALDIVAR,CUMBIA,60,569433,https://i.scdn.co/image/ab6761610000e5eb649f214b9acc545dbd0cf1cd,5.0
THE RASMUS,FINNISH ROCK,61,569097,https://i.scdn.co/image/ab6761610000e5eb52612710e1a88ad35002aced,Outros
BLOODY HAWK,0,64,567922,https://i.scdn.co/image/ab6761610000e5eb73a9856e0b1918e5254f0ad0,3.0
SILVANNO SALLES,ARROCHA,61,566328,https://i.scdn.co/image/ab6761610000e5eb92c9a00e2d035b7e7e8e3def,5.0
THE SUNDAYS,DREAM POP,63,566011,https://i.scdn.co/image/d11ee55598e458475cf9b34ce3bc7ffde96aceb4,Outros
CITIZEN SOLDIER,0,62,565866,https://i.scdn.co/image/ab6761610000e5eb518fa3bdacfb82908a73dbc8,3.0
MADLIB,ALTERNATIVE HIP HOP,65,564856,https://i.scdn.co/image/ab6761610000e5ebdb860c843b90fdea28f670d6,3.0
AMBER RUN,0,60,564533,https://i.scdn.co/image/ab6761610000e5eb39cd0eb82e7cea90d8b6a9e7,3.0
ZACH WILLIAMS,CHRISTIAN,64,564095,https://i.scdn.co/image/ab6761610000e5ebf8eec84ae9eba401dfdc2273,Outros
THXSOMCH,0,66,563942,https://i.scdn.co/image/ab6761610000e5eb9d9ec0f9be851e9a7056bccd,3.0
2HOLLIS,HYPERPOP,71,563936,https://i.scdn.co/image/ab6761610000e5eba1bbb3fd6dbbdfb248f0948d,Outros
LARRY JUNE,0,66,563934,https://i.scdn.co/image/ab6761610000e5eb1c0b980410ff1016569fb371,3.0
SKILLIBENG,DANCEHALL,70,562935,https://i.scdn.co/image/ab6761610000e5eba368a83390fd80e013bb726e,7.0
FELIPE E RODRIGO,SERTANEJO,73,562638,https://i.scdn.co/image/ab6761610000e5ebbd2f0e9cd5aa71f17660231c,10.0
LINIKER,NOVA MPB,65,561879,https://i.scdn.co/image/ab6761610000e5eba3ff9fc3a247fabe1ceddd62,9.0
NENA,NEUE DEUTSCHE WELLE,63,559851,https://i.scdn.co/image/ab6761610000e5eb354ff3509f4c8207e59223cc,5.0
SUZANNE VEGA,SINGER-SONGWRITER,60,558285,https://i.scdn.co/image/ab6761610000e5eba639ef3d431a7ac817edb917,5.0
KYLE RICHH,NEW YORK DRILL,67,557966,https://i.scdn.co/image/ab6761610000e5eb266423de5bf188f7d21a9589,7.0
GIGGS,GRIME,61,557935,https://i.scdn.co/image/ab6761610000e5ebbb2efc4fc976f6aae6a4291b,Outros
SKY ROMPIENDO,REGGAETON,69,557316,https://i.scdn.co/image/ab6761610000e5eb13a70d2887a28d861b437b1f,Outros
PEZET,0,69,556702,https://i.scdn.co/image/ab6761610000e5eb786308a48b266ee22e3ea781,3.0
DUQUESA,0,67,556480,https://i.scdn.co/image/ab6761610000e5eb8b0879f1926e41ee5ab50841,3.0
ROMY,HINDI POP,66,556240,https://i.scdn.co/image/ab6761610000e5eb1feefe5e8bf8154969b5cdac,Outros
SHENANDOAH,CLASSIC COUNTRY,60,555420,https://i.scdn.co/image/ab6761610000e5ebbd57c56985bbe3cd4e2e577b,5.0
CA7RIEL & PACO AMOROSO,0,70,555100,https://i.scdn.co/image/ab6761610000e5eb1a35fd623e84de4bbb5fcb17,3.0
ARTBAT,MELODIC TECHNO,66,555079,https://i.scdn.co/image/ab6761610000e5eb2634ca41d16e9ba796dc96cb,7.0
IRENE CARA,POP,61,554579,https://i.scdn.co/image/6f67ead8aa38bba044f98ada0b1643e3a37ac1c0,6.0
YOVIE WIDIANTO,INDONESIAN POP,68,553621,https://i.scdn.co/image/ab6761610000e5eb9adad46022570f8b8b3209a9,7.0
CARLY PEARCE,COUNTRY,61,553040,https://i.scdn.co/image/ab6761610000e5eb548ec332eec618852d17c183,5.0
03 GREEDO,0,62,551661,https://i.scdn.co/image/ab6761610000e5ebb3000529ef8325f73141d908,3.0
XATAR,GERMAN HIP HOP,64,551273,https://i.scdn.co/image/ab6761610000e5ebc648dd11f5c5a46bc8d044fd,9.0
FRANKY STYLE,ARGENTINE TRAP,61,549096,https://i.scdn.co/image/ab6761610000e5eba97ebee67a517c3e3f8ad20d,5.0
LE TIGRE,RIOT GRRRL,62,548986,https://i.scdn.co/image/3bc85fea3c1ed9320f63e50bf7c6e0b1c9ced6c5,5.0
MAURICE RAVEL,CLASSICAL,60,548937,https://i.scdn.co/image/0d8f2b3e9ab748e7767fd31ff9386e06e5834e2b,Outros
BASSHUNTER,EURODANCE,62,547613,https://i.scdn.co/image/ab6761610000e5ebc54bad2f1330a03cb8aa177d,5.0
347AIDAN,0,60,547444,https://i.scdn.co/image/ab6761610000e5eb9babd79459914812bbcb86ce,3.0
VIOLENT VIRA,0,65,547103,https://i.scdn.co/image/ab6761610000e5eb7c363b8e7048e20d1f3ca631,3.0
CYNTHIA ERIVO,MUSICALS,71,546166,https://i.scdn.co/image/ab6761610000e5eb65199ed238bc45231cd3cba7,2.0
VUNDABAR,0,60,546073,https://i.scdn.co/image/ab6761610000e5ebedebd091e0dfedc99014eaeb,3.0
RAJ RANJODH,PUNJABI POP,68,546051,https://i.scdn.co/image/ab6761610000e5eb2ec843d7a31a4feebd80cf19,7.0
KONSHENS,DANCEHALL,65,545933,https://i.scdn.co/image/ab6761610000e5eb32ddacad190a7a2a816c8edb,7.0
KEINEMUSIK,AFRO HOUSE,72,545091,https://i.scdn.co/image/ab6761610000e5ebc24a9a329a26cbdfabfd73e2,2.0
MARIAH ANGELIQ,TRAP LATINO,60,544826,https://i.scdn.co/image/ab6761610000e5eb35d00d5f310a3ea40b7d47ac,5.0
DJ GLENNER,BRAZILIAN FUNK,70,544746,https://i.scdn.co/image/ab6761610000e5eb244be8009316036968f0b77e,12.0
MATT MAESON,0,65,544249,https://i.scdn.co/image/ab6761610000e5eb689ec9c5a76acc3bf7900e19,3.0
KOLOHE KAI,NZ REGGAE,61,543893,https://i.scdn.co/image/ab6761610000e5ebf1b95fa2ca1b1945a5952945,0.0
NSQK,LATIN R&B,71,543848,https://i.scdn.co/image/ab6761610000e5eb0956823d3722ba30acddbef0,Outros
JOY CROOKES,ALTERNATIVE R&B,62,543339,https://i.scdn.co/image/ab6761610000e5ebf7ea53cd2207d81a415efe7b,3.0
HULVEY,CHRISTIAN HIP HOP,65,542676,https://i.scdn.co/image/ab6761610000e5ebedf5ddd74bfe6921397f678c,9.0
LA DELIO VALDEZ,CUMBIA,60,542344,https://i.scdn.co/image/ab6761610000e5eb16be488c5b0d75957806a65b,5.0
AMY MACDONALD,0,64,541795,https://i.scdn.co/image/ab6761610000e5eb490e326b6e7e3eb9030520bf,3.0
AMY LEE,METAL MELODIC,61,541762,https://i.scdn.co/image/ab6761610000e5eb23f91cfef09d0f0a92bbaf0f,5.0
DEREK,BRAZILIAN TRAP,60,540200,https://i.scdn.co/image/ab6761610000e5eb7a43d85a2421db006351030a,8.0
ФРОЗИ,0,65,539890,https://i.scdn.co/image/ab6761610000e5eb3819a7943db7410fb9a0b673,3.0
NAOMI RAINE,WORSHIP,62,539713,https://i.scdn.co/image/ab6761610000e5eb13d078a25b6afef2ebe8989b,5.0
STAN GETZ,BOSSA NOVA,66,539435,https://i.scdn.co/image/ab6761610000e5eb45dd470659deedf47618968e,Outros
AGAINST THE CURRENT,POP PUNK,62,538769,https://i.scdn.co/image/ab6761610000e5eb469aba515a0815396f1c432c,Outros
JAVED BASHIR,SUFI,66,538040,https://i.scdn.co/image/ab6761610000e5ebf26b48d9bd1e735b83bf9d13,7.0
ANRI,CITY POP,61,537480,https://i.scdn.co/image/ab67616d0000b273cfd93d36fe2365f9436587d1,5.0
NARESH KAMATH,SUFI,64,537344,https://i.scdn.co/image/ab67616d0000b2732849d5f5c202ed936caf66c3,7.0
EL REINO INFANTIL,LULLABY,66,537190,https://i.scdn.co/image/ab6761610000e5eb2910bd93fa9b81ef8ec3b1b6,7.0
PURPEECH,THAI POP,60,537083,https://i.scdn.co/image/ab6761610000e5eb3ca5c923b8ce00ebadb1c61c,6.0
K-391,EDM,63,535912,https://i.scdn.co/image/ab6761610000e5ebcda502bc7a52244fa2b3563e,Outros
25時、ナイトコートて。,VOCALOID,61,535827,https://i.scdn.co/image/ab6761610000e5ebd103439250c5eb427e98d844,5.0
DMITRI SHOSTAKOVICH,CLASSICAL,62,535692,https://i.scdn.co/image/28f745db0a77d0e70db1c0be305f51b3478706aa,Outros
LITHE,DARK R&B,72,533020,https://i.scdn.co/image/ab6761610000e5eb47a65f889ae6db1fc109f1f0,2.0
Z9,THAI HIP HOP,66,532563,https://i.scdn.co/image/ab6761610000e5ebf991a2172c1fec6f0b00f0b1,Outros
AUDREY NUNA,0,87,532166,https://i.scdn.co/image/ab6761610000e5eb2e9ac1a1188624174e9c86a3,3.0
CUTTING CREW,EDM,63,531946,https://i.scdn.co/image/ab6761610000e5eb5677d41157dee225b3633737,Outros
ELDERBROOK,0,67,531583,https://i.scdn.co/image/ab6761610000e5eb11c38bac1b16bdcb2ea6ee7f,3.0
GERARDO DIAZ Y SU GERARQUIA,CORRIDO,62,531190,https://i.scdn.co/image/ab6761610000e5eb24650ae12bf276dd471ee458,5.0
BEN PLATT,MUSICALS,62,529449,https://i.scdn.co/image/ab6761610000e5ebb591437d027f6e66e2dd979e,5.0
OOES,0,60,528669,https://i.scdn.co/image/ab6761610000e5ebe256461bdaa16504048bee89,3.0
CAMELPHAT,MELODIC TECHNO,65,527575,https://i.scdn.co/image/ab6761610000e5eb51dfad196bb6a3f97ca87b3b,7.0
MC SACI,FUNK DE BH,62,526687,https://i.scdn.co/image/ab6761610000e5eb489e9bfc355f82ef6ced9dac,5.0
GIANT ROOKS,GERMAN INDIE,61,526638,https://i.scdn.co/image/ab6761610000e5eb788bcf4732e0fb570a9c7a35,Outros
JULIEN BAKER,AMBIENT FOLK,63,523817,https://i.scdn.co/image/ab6761610000e5eb8b2bd6b3cd88b0146f13ac99,5.0
GORGON CITY,HOUSE,61,523529,https://i.scdn.co/image/ab6761610000e5eb96e532684544ac9a33a5ebd9,5.0
THE STORY SO FAR,POP PUNK,61,522997,https://i.scdn.co/image/ab6761610000e5eb4d8d055d82fc1e5b1c5ecb1d,Outros
DIJON,INDIE R&B,68,521677,https://i.scdn.co/image/ab6761610000e5eb73479e6db034c4a43d4aee04,Outros
SAI ABHYANKKAR,TAMIL INDIE,76,521492,https://i.scdn.co/image/ab6761610000e5eb0a27dbc5eb270fd2e78b9cbb,2.0
DREAM IVORY,0,65,521292,https://i.scdn.co/image/ab6761610000e5eb04c826847b22b97922a54556,3.0
JAWAD AHMAD,BOLLYWOOD,60,520579,https://i.scdn.co/image/ab67616d0000b2738a7ae7092464f6685355dc3c,5.0
S3RL,HAPPY HARDCORE,60,520209,https://i.scdn.co/image/ab6761610000e5eb3344b0663353cf61f4e78243,5.0
MAHALAKSHMI IYER,BOLLYWOOD,67,520201,https://i.scdn.co/image/ab6761610000e5eb917bf7b3a0d7e8621a0bbed0,7.0
VICETONE,EDM,61,519487,https://i.scdn.co/image/ab6761610000e5ebc2403e7a97ee0fd9b8b121ce,Outros
FALAMANSA,FORRO,61,519188,https://i.scdn.co/image/ab6761610000e5ebf08089d75607c810c9ba0b6e,8.0
BLACHA 2115,0,60,518742,https://i.scdn.co/image/ab6761610000e5eb6ec5b7a601bc8f8822d2d694,3.0
RAMIREZ,HORRORCORE,65,517656,https://i.scdn.co/image/ab6761610000e5ebaa0f79107c05dc1694ed404f,7.0
HOMER EL MERO MERO,ARGENTINE TRAP,61,517379,https://i.scdn.co/image/ab6761610000e5eb7b04cdd58a2e8f9230b016d9,5.0
JOEL DE LA P,ELECTRO CORRIDOS,62,517269,https://i.scdn.co/image/ab6761610000e5ebb593a8aa34d89a486b6a5822,5.0
FLO,UK R&B,60,515851,https://i.scdn.co/image/ab6761610000e5eb5177c1239724039d09090788,5.0
CRUZ CAFUNE,0,68,515523,https://i.scdn.co/image/ab6761610000e5eb9f52199eefb0ccb6f69afe2c,3.0
LOATHE,SHOEGAZE,62,515320,https://i.scdn.co/image/ab6761610000e5eb4c96c5bb7a05131874998122,Outros
XLOV,K-POP,66,514899,https://i.scdn.co/image/ab6761610000e5ebb9f65d8d377f1cd413e173ae,9.0
MC MAGRINHO,FUNK DE BH,66,513094,https://i.scdn.co/image/ab6761610000e5ebbd2716fbc24dcf472b6b5243,7.0
HERMANOS ESPINOZA,CORRIDO,68,512845,https://i.scdn.co/image/ab6761610000e5eb3fed77a690df8f4eb3e3ba81,7.0
MC JHEY,PHONK,75,511519,https://i.scdn.co/image/ab6761610000e5ebaba5334e1aa59f6998a7a090,2.0
LOURENA,BRAZILIAN HIP HOP,63,511162,https://i.scdn.co/image/ab6761610000e5eb8cbaa2b06787ecfec1597c86,9.0
MURILLO E LT NO BEAT,TRAP FUNK,70,511002,https://i.scdn.co/image/ab6761610000e5eb0ab5161003e57f7770e7eb62,7.0
LACAZETTE,GERMAN HIP HOP,68,510653,https://i.scdn.co/image/ab6761610000e5eb8a472663b7522f3ef26ee633,9.0
BE:FIRST,J-POP,70,509902,https://i.scdn.co/image/ab6761610000e5ebf3463187f608a8498ecf2fdb,Outros
GRUPO CLASIFICADO,CORRIDO,64,509803,https://i.scdn.co/image/ab6761610000e5eb6c7a23f84fbc432b49cf8ad2,7.0
PASSION,WORSHIP,64,508436,https://i.scdn.co/image/ab6761610000e5eb6e1a59979a8bbd41d8a1df3b,7.0
AMO,GERMAN HIP HOP,72,508323,https://i.scdn.co/image/ab6761610000e5eb7fa5db36e0f975d6516a62c3,9.0
JUAN REZA,LAGU TIMUR,69,508171,https://i.scdn.co/image/ab67616d0000b273e650a23cce85ff0f02a0d61f,7.0
VINAI,MELBOURNE BOUNCE,63,507183,https://i.scdn.co/image/ab6761610000e5eb45febdf735530369e5e753ec,5.0
GIACOMO PUCCINI,OPERA,61,506917,https://i.scdn.co/image/98aef2b83b0148a90f9c60a163e08197f9d8606b,Outros
TRAVIS BARKER,RAP ROCK,66,506445,https://i.scdn.co/image/ab6761610000e5eb217f81a86110ebc7c0e43fb3,Outros
DAYSEEKER,METALCORE,68,506183,https://i.scdn.co/image/ab6761610000e5eb43762a7f15b8a47a8e999fa9,0.0
DUBDOGZ,BRAZILIAN BASS,65,506082,https://i.scdn.co/image/ab6761610000e5eb341d261680f3a566557f77ac,8.0
ATLXS,PHONK,74,505345,https://i.scdn.co/image/ab6761610000e5eb0dbdfe724b5e256b8ed0327a,2.0
GIO PIKA,0,63,504967,https://i.scdn.co/image/ab67616d0000b273579f34776383cde995d23cb2,3.0
ANONIMUS,REGGAETON,65,503911,https://i.scdn.co/image/ab6761610000e5ebf64ae2c7b2b36057ef597f16,Outros
KNUCKS,UK DRILL,63,503228,https://i.scdn.co/image/ab6761610000e5ebd731f829b01a61c368256c6a,5.0
9LIVES,HYPERPOP,61,503074,https://i.scdn.co/image/ab6761610000e5ebf525de2d113c26d5c46854d9,Outros
THE RUNNER,BRAZILIAN TRAP,66,502580,https://i.scdn.co/image/ab6761610000e5eb1c449c1ccfa1e55389cb6668,8.0
THIAGO AQUINO,ARROCHA,60,502087,https://i.scdn.co/image/ab6761610000e5eb467d144bfbff9993182f148e,5.0
TASHA & TRACIE,BRAZILIAN HIP HOP,61,501543,https://i.scdn.co/image/ab6761610000e5ebbe591f361b2cbcfd326a1f4b,9.0
HOWARD SHORE,SOUNDTRACK,67,501323,https://i.scdn.co/image/ab6761610000e5eb845fb635fad84bdcda4bf51f,7.0
INNER CIRCLE,REGGAE,63,501305,https://i.scdn.co/image/ab6761610000e5eb0ec60bb44bb36a4bc5beb3a0,0.0
NIC D,0,66,499752,https://i.scdn.co/image/ab6761610000e5eb81c96a7127557e1688795c8f,3.0
ALLDAY PROJECT,K-POP,63,499533,https://i.scdn.co/image/ab6761610000e5ebf507d22df70e266374e3d312,9.0
JAMES HYPE,HOUSE,70,499294,https://i.scdn.co/image/ab6761610000e5ebf279d1127692bc46781a4a10,7.0
ILYTOMMY,0,64,499061,https://i.scdn.co/image/ab6761610000e5eb4ff90dff9f5375819f3369e1,3.0
UPPERROOM,WORSHIP,66,498403,https://i.scdn.co/image/ab6761610000e5ebc058c8ded2879edce20a7a1b,7.0
EDSON GOMES,REGGAE,61,497931,https://i.scdn.co/image/ab6761610000e5eb66bb423ccf66e1b9a7100557,0.0
HOODBLAQ,GERMAN HIP HOP,67,497809,https://i.scdn.co/image/ab6761610000e5ebf314405aa7d25f511babe659,9.0
KIMBRA,0,70,496775,https://i.scdn.co/image/ab6761610000e5eb9578fe81e368c0aa6bd71544,3.0
FREYA RIDINGS,0,60,496758,https://i.scdn.co/image/ab6761610000e5eb688e5ad196998ae11fcf07a3,3.0
CAROL BIAZIN,BRAZILIAN POP,66,496725,https://i.scdn.co/image/ab6761610000e5eb0597e920287919b83192af5a,1.0
OHGEESY,0,69,496423,https://i.scdn.co/image/ab6761610000e5eba49f73d3a15c13d140f9862e,3.0
ROSE VILLAIN,ITALIAN TRAP,63,495523,https://i.scdn.co/image/ab6761610000e5ebad98155c1466d4d676ea1b2c,8.0
DANNY ELFMAN,SOUNDTRACK,67,495155,https://i.scdn.co/image/ab6761610000e5ebf741706530dbd36d43078b98,7.0
KMFDM,INDUSTRIAL,60,492912,https://i.scdn.co/image/ab6761610000e5eb6a76d5a5d332ac3af978720e,5.0
CHRISTOPHER,DANSK POP,61,492602,https://i.scdn.co/image/ab6761610000e5ebcbeef1999ead7e60710a8e76,5.0
J. ESKINE,ARROCHA,66,492515,https://i.scdn.co/image/ab6761610000e5eba0352c05797cfb3cf90db141,7.0
CHET FAKER,0,62,492108,https://i.scdn.co/image/ab6761610000e5eb7cf69a635a85a9a29bc15d23,3.0
VICENTE GARCIA,SPANISH-LANGUAGE REGGAE,61,491572,https://i.scdn.co/image/ab6761610000e5ebe9a116641be394793ac031d9,5.0
JNHYGS,JERSEY CLUB,62,491523,https://i.scdn.co/image/ab6761610000e5eb1dced9b234a02cabee113069,5.0
MARIBOU STATE,0,66,490782,https://i.scdn.co/image/ab6761610000e5eb8226ea46d749763f4e650015,3.0
VITINHO IMPERADOR,PISEIRO,69,490709,https://i.scdn.co/image/ab6761610000e5eba0c3bb2b97ec26608f48c225,7.0
MELODY,PISEIRO,65,490327,https://i.scdn.co/image/ab6761610000e5eb6f3a927865139f4ffabc4bad,7.0
BABYCHIEFDOIT,CHICAGO DRILL,66,489701,https://i.scdn.co/image/ab6761610000e5eb24e913d96b842bb3c0c9175b,7.0
GAVIN ADCOCK,COUNTRY,72,489309,https://i.scdn.co/image/ab6761610000e5eb22dd68b88d225e3d4f6505a0,2.0
ARIIS,PHONK,74,489166,https://i.scdn.co/image/ab6761610000e5ebf64aa2af649507d23f305288,2.0
SAMMY & FALSETTO,REGGAETON,63,489002,https://i.scdn.co/image/ab6761610000e5eb07c21ee2a53431ec3deed641,Outros
31 MINUTOS,LULLABY,61,488852,https://i.scdn.co/image/ab6761610000e5eb1bc04251f5d89946c375b1c2,5.0
RAJ SHEKHAR,BOLLYWOOD,69,488793,https://i.scdn.co/image/ab6761610000e5ebb608a48715214fba34187a8b,7.0
JT,0,65,487374,https://i.scdn.co/image/ab6761610000e5eb4e8562f4f668df84eb3a9b9e,3.0
HANA,J-POP,70,487282,https://i.scdn.co/image/ab6761610000e5eb8bd86f3c6b663fcd18840364,Outros
CAT BURNS,0,65,486529,https://i.scdn.co/image/ab6761610000e5ebf7ab69e1745bf3495ec13859,3.0
AVENOIR,DARK R&B,65,486466,https://i.scdn.co/image/ab6761610000e5ebb4931e767936dbd7d806089c,7.0
BOUSS,FRENCH RAP,73,485614,https://i.scdn.co/image/ab6761610000e5eb9f93aef9f9e641c259fbf28b,2.0
GILSONS,NOVA MPB,64,485478,https://i.scdn.co/image/ab6761610000e5eb919bcf8dda8256a250d10d26,9.0
RSKO,FRENCH RAP,68,484496,https://i.scdn.co/image/ab6761610000e5eb279f497d86314c4daa0d4ffa,7.0
MC LEOZIN,BRAZILIAN FUNK,64,484020,https://i.scdn.co/image/ab6761610000e5eb5d03c502c7ae70156da103a9,12.0
NIKY SAVAGE,ITALIAN TRAP,61,483701,https://i.scdn.co/image/ab6761610000e5eba6a7ef971762614417033c31,8.0
HADDAWAY,EURODANCE,67,483671,https://i.scdn.co/image/ab6761610000e5eb53842a09c7f84fda4255b3ea,7.0
LOS DOS DE TAMAULIPAS,CORRIDO,69,483037,https://i.scdn.co/image/ab6761610000e5eb8ea14cee6d946895eac8530f,7.0
CLARA LA SAN,0,71,482250,https://i.scdn.co/image/ab6761610000e5eb67cc2232ed6b629260ea08e9,3.0
SHOWTEK,HARDSTYLE,61,482247,https://i.scdn.co/image/ab6761610000e5eb34995d6b17e2274331c5382d,5.0
EJAE,K-POP,88,481273,https://i.scdn.co/image/ab6761610000e5eb823e267b7aeb50d2ab58cc94,9.0
AMBER MARK,ALTERNATIVE R&B,64,480935,https://i.scdn.co/image/ab6761610000e5eba7f15e8167fb79fe64582e96,3.0
CHASE MATTHEW,COUNTRY,65,480302,https://i.scdn.co/image/ab6761610000e5eb42f6191eccc66449a47a7b05,7.0
NAGALLI,BRAZILIAN TRAP,71,479486,https://i.scdn.co/image/ab6761610000e5eb824bfef4d45c5b91ffb2c727,8.0
AYMEN,GERMAN HIP HOP,73,478962,https://i.scdn.co/image/ab6761610000e5eb2765454887fd49a52c1f44c4,9.0
EBK JAAYBO,0,64,478484,https://i.scdn.co/image/ab6761610000e5ebe96ed4b521ff8ccbe50da45a,3.0
THE MINIONS,CHILDREN'S MUSIC,60,478253,https://i.scdn.co/image/ab6761610000e5eb35f91df1e1a8703f27132550,5.0
JATIN-LALIT,BOLLYWOOD,70,477344,https://i.scdn.co/image/ab6761610000e5eb1dc3081fe7fea3d0e55f3d85,7.0
KEN-Y,REGGAETON,67,476622,https://i.scdn.co/image/ab6761610000e5eb8bbd8ab2e788ff049dd6de93,Outros
OSHER COHEN,MIZRAHI,61,475900,https://i.scdn.co/image/ab6761610000e5eb554feee7ced67d9bbba0c8cb,5.0
ERIC CARMEN,YACHT ROCK,62,475382,https://i.scdn.co/image/a3df5b1eb9e7feb36230b8674626dd51d2bdc839,Outros
OSAMASON,RAGE RAP,71,475157,https://i.scdn.co/image/ab6761610000e5eb094034319a7da6773d92c2e5,Outros
VANSIRE,BEDROOM POP,60,473948,https://i.scdn.co/image/ab6761610000e5ebf44b9228f7c27e00783d1c8d,Outros
BAKERMAT,TROPICAL HOUSE,63,473569,https://i.scdn.co/image/ab6761610000e5ebffdb72fb02be4c91c231bc3a,Outros
KADU MARTINS,PISEIRO,62,472730,https://i.scdn.co/image/ab6761610000e5eb3aa9ebdb0e68589ea3cfa23c,7.0
JOEL CORRY,DANCE POP,67,472463,https://i.scdn.co/image/ab6761610000e5eb55cb9c8f81fcf4d31d3e29dc,7.0
KT TUNSTALL,0,62,471923,https://i.scdn.co/image/ab6761610000e5ebbef7f98e21d710c12dd4f39d,3.0
HOUSEFIRES,WORSHIP,61,471503,https://i.scdn.co/image/ab6761610000e5eb9617ab987bf55eca29e0e734,5.0
ROSA LINN,0,64,470398,https://i.scdn.co/image/ab6761610000e5eb3fe3d058cefbaa21f481f3e6,3.0
BRENDA LEE,CHRISTMAS,70,469930,https://i.scdn.co/image/ab6761610000e5eb4ea49bdca366a3baa5cbb006,Outros
DJ OREIA,BRAZILIAN FUNK,71,469585,https://i.scdn.co/image/ab6761610000e5eb7a6e5c96fe3df9f21b38d3c0,12.0
BLACK GRYPH0N,0,68,467678,https://i.scdn.co/image/ab6761610000e5eb0c3bb383b6d16581fd86189d,3.0
JOHN MICHAEL HOWELL,0,66,467353,https://i.scdn.co/image/ab6761610000e5eb2af434c316269d52e31b59c3,3.0
VICO C,LATIN HIP HOP,62,466724,https://i.scdn.co/image/ab6761610000e5eb3de710bc37cb11f524159316,6.0
CLARENT,0,73,466180,https://i.scdn.co/image/ab6761610000e5eb821e4eec4f0df126301b3a3b,3.0
JOSE FELICIANO,CHRISTMAS,67,465923,https://i.scdn.co/image/ab6761610000e5eb5f8c900bf430e6bfae9ec7c2,Outros
SLAYYYTER,HYPERPOP,60,465671,https://i.scdn.co/image/ab6761610000e5ebb03888e6dcf3480c735e9382,Outros
SIDEWALKS AND SKELETONS,WITCH HOUSE,63,464120,https://i.scdn.co/image/ab6761610000e5ebda789181e4ece5949757f419,5.0
DYLAN GOSSETT,COUNTRY,68,463481,https://i.scdn.co/image/ab6761610000e5eb14ec12233a0755f2dbd20002,7.0
MARCONI UNION,AMBIENT,61,463431,https://i.scdn.co/image/ab6761610000e5eb970f3eddaa4b6c46de16c892,5.0
SUPERHEAVEN,SHOEGAZE,63,462362,https://i.scdn.co/image/ab6761610000e5eb70e164a7c5093e347f46edb0,Outros
GOVIND VASANTHA,MOLLYWOOD,62,462361,https://i.scdn.co/image/ab6761610000e5eb49f3956aecc4f9829f16159a,5.0
TREAM,0,68,462308,https://i.scdn.co/image/ab6761610000e5ebab96d76ff8000d4bafb6bff9,3.0
MC LUAN DA BS,FUNK DE BH,60,461652,https://i.scdn.co/image/ab6761610000e5ebea41b7b71971e163f90b359b,5.0
KUSHAGRA,HINDI INDIE,69,461480,https://i.scdn.co/image/ab6761610000e5eb36727564ac48444dd9dfcb3b,7.0
KNEECAP,0,62,461294,https://i.scdn.co/image/ab6761610000e5ebc07b6d26c0ae6faa9a90152f,3.0
MADCON,NORWEGIAN HIP HOP,62,460679,https://i.scdn.co/image/ab6761610000e5ebf8805c34d9906f9c681d8c16,9.0
LANE 8,MELODIC HOUSE,60,460384,https://i.scdn.co/image/ab6761610000e5eb76d679823655e84fe5ca9bd6,5.0
GERRY RAFFERTY,YACHT ROCK,62,460157,https://i.scdn.co/image/ab6761610000e5eb458dd0cbffc2b84311f5aa7d,Outros
FRIDAYY,0,66,459420,https://i.scdn.co/image/ab6761610000e5eb719091b5ac1dd89efe0512cd,3.0
DEAN BLUNT,ART POP,66,459210,https://i.scdn.co/image/ab6761610000e5eb21f13f9b540892d4efdec68e,6.0
JON SECADA,0,61,457260,https://i.scdn.co/image/f8620fc08b69fb4a9be63660b8b3740a41be3905,3.0
VALORANT,EDM,64,456862,https://i.scdn.co/image/ab6761610000e5ebeda8af3715fb3570dd694676,Outros
JEY ONE,DEMBOW,63,456809,https://i.scdn.co/image/ab6761610000e5eb88d5856fbd23234c564fbe94,5.0
CESARIA EVORA,FADO,64,456346,https://i.scdn.co/image/ab6761610000e5eb19ef99eadb0dc66816089006,7.0
REJJIE SNOW,JAZZ RAP,61,454423,https://i.scdn.co/image/ab6761610000e5eb445a187695b168f852c77e0d,Outros
YUNA,MALAY,62,454259,https://i.scdn.co/image/ab6761610000e5eb332583960ae0f0a1aa243dea,5.0
UN POCO DE RUIDO,CUARTETO,75,454062,https://i.scdn.co/image/ab6761610000e5ebb3cf4936e79bdd3a28b09aee,2.0
ATB,TRANCE,63,454020,https://i.scdn.co/image/ab6761610000e5eb44d7cffab76f55289e92914d,5.0
NAKASH AZIZ,TOLLYWOOD,67,453378,https://i.scdn.co/image/ab6761610000e5eb27dcf20a4ef3aea2712aa3e5,7.0
CANNONS,0,61,452389,https://i.scdn.co/image/ab6761610000e5eb8fbee1462bef32bfb9adf22a,3.0
SIERRA FERRELL,AMERICANA,63,451856,https://i.scdn.co/image/ab6761610000e5eb5194bc95cebcc1215919418e,5.0
WYATT FLORES,COUNTRY,65,451750,https://i.scdn.co/image/ab6761610000e5eb552db62a30b0cc7451a40848,7.0
HAARPER,TRAP METAL,62,450251,https://i.scdn.co/image/ab6761610000e5eb6d712db64b5aab83d2b4638d,9.0
ELIJAH WOODS,0,61,450106,https://i.scdn.co/image/ab6761610000e5eb498ef1585d9e760b5493b256,3.0
FEARLESS MOTIVATION,0,60,449932,https://i.scdn.co/image/ab6761610000e5ebaa61323f98b6bbcee9936c1a,3.0
PINKFONG,CHILDREN'S MUSIC,67,449633,https://i.scdn.co/image/ab6761610000e5eb730d0b0210405e82447ca082,7.0
THE RONETTES,CHRISTMAS,70,449607,https://i.scdn.co/image/ab6761610000e5ebc47897b69089f59e31817f26,Outros
GROVER WASHINGTON JR.,SOUL JAZZ,62,449127,https://i.scdn.co/image/40f39e48362c76c3c794a28466922e0f405d7b4a,Outros
YVES TUMOR,0,73,449057,https://i.scdn.co/image/ab6761610000e5eb10afe006fe4c3309711f1966,3.0
YNG LVCAS,REGGAETON MEXA,66,448684,https://i.scdn.co/image/ab6761610000e5ebf4a77bad2abd3b0341047373,Outros
RONY PARULIAN,INDONESIAN POP,70,448683,https://i.scdn.co/image/ab6761610000e5eb6120e795b4df2d105f8e00da,7.0
DJ FKU,PHONK,73,447481,https://i.scdn.co/image/ab6761610000e5eb11fe4e1e993fd08bfa5be454,2.0
KAZ BAŁAGANE,0,69,447429,https://i.scdn.co/image/ab6761610000e5eb11bdeac014fa3dc6d9f1e96b,3.0
THE STEELDRIVERS,BLUEGRASS,61,447334,https://i.scdn.co/image/ab6761610000e5ebdc908a34abcbb9b335b94c14,Outros
KLANGKARUSSELL,0,63,446985,https://i.scdn.co/image/ab6761610000e5ebc074db95ca0a0cd7c0e197f3,3.0
RODOLFO AICARDI,CUMBIA,63,446938,https://i.scdn.co/image/ab6761610000e5eb6278d77cb6db5b2e88410ea9,5.0
ANASTACIA,0,63,446120,https://i.scdn.co/image/ab6761610000e5eb1d479612f500e9fb7bbd9abb,3.0
EIFFEL 65,EURODANCE,61,445192,https://i.scdn.co/image/ab6761610000e5eb2a1cd4d3c6f9f6cbf32ad878,5.0
COLLIE BUDDZ,REGGAE,61,444938,https://i.scdn.co/image/ab6761610000e5eb6799b9674066738256ee19f3,0.0
NIVAS K PRASANNA,TAMIL POP,63,444374,https://i.scdn.co/image/ab6761610000e5eb956dbe9f0f2307be39c36d85,5.0
YSRAEL BARAJAS,ELECTRO CORRIDOS,61,444136,https://i.scdn.co/image/ab6761610000e5eb2581386af572eec262a75b5d,5.0
ESDEEKID,0,79,444005,https://i.scdn.co/image/ab6761610000e5ebfe6d53e126b70d1c2594b434,3.0
CAMERON WHITCOMB,0,70,443977,https://i.scdn.co/image/ab6761610000e5eb712f78798ce31073c16673c8,3.0
ANGELA LEIVA,CUARTETO,63,442685,https://i.scdn.co/image/ab6761610000e5ebf3157c5ba9acfba229cfbefd,5.0
ALUNAGEORGE,0,62,442227,https://i.scdn.co/image/ab6761610000e5eb7261f020417f3931cc3db324,3.0
YAME,FRENCH RAP,60,441517,https://i.scdn.co/image/ab6761610000e5eb4f946a5fbb14c69c5f8bc47c,5.0
ITHAN NY,CHILEAN TRAP,60,441071,https://i.scdn.co/image/ab6761610000e5eb18e72bf969d460e8f35edbd5,5.0
UMBERTO TOZZI,ITALO DANCE,60,441026,https://i.scdn.co/image/ab6761610000e5eb52c81324c1e17c2e8b1d87b6,5.0
CAMILLE SAINT-SAENS,CLASSICAL,66,440836,https://i.scdn.co/image/f565d81f8dcfdec438207f6d8b34689f3489232a,Outros
HOLY PRIEST,HARD TECHNO,69,438689,https://i.scdn.co/image/ab6761610000e5eb3ed6781742a2f3159aa4ee69,7.0
CYRIL,0,77,438049,https://i.scdn.co/image/ab6761610000e5eb27341e9216c4ba62070787e9,3.0
PETER BJORN AND JOHN,INDIE,61,437434,https://i.scdn.co/image/ab6761610000e5eb515b60a11a600efe53f5bbd8,Outros
CHARLEY CROCKETT,AMERICANA,61,437037,https://i.scdn.co/image/ab6761610000e5eb0bf996dfd1b77657519a4071,5.0
MXZI,PHONK,80,436618,https://i.scdn.co/image/ab6761610000e5eb6b34efa540d602cb08cf0d41,2.0
WYCLEF JEAN,0,72,436268,https://i.scdn.co/image/ab6761610000e5ebc673023f6a83894d17cc3e50,3.0
DIMITRI VEGAS,0,71,435973,https://i.scdn.co/image/ab6761610000e5eb784b217707f1cd849149d58e,3.0
EVERYTHING BUT THE GIRL,0,62,435835,https://i.scdn.co/image/ab6761610000e5eb48b022c3b26b9d1e82a32b3a,3.0
ALEXANDRA STAN,EUROPOP,61,435113,https://i.scdn.co/image/ab6761610000e5eb4469592b9a24ea17d3f47f00,5.0
GABBY BARRETT,COUNTRY,62,434211,https://i.scdn.co/image/ab6761610000e5ebdee72ca651876ac453cbff7f,5.0
MC GH DO 7,BRAZILIAN FUNK,64,433853,https://i.scdn.co/image/ab6761610000e5eb71e6fbbb09b28255dba80501,12.0
PASTOR LOPEZ,CUMBIA,63,433455,https://i.scdn.co/image/ab6761610000e5ebbe3fa0ad400cf8146665ca13,5.0
GRIFF,0,61,433361,https://i.scdn.co/image/ab6761610000e5ebd792e541b7b46fe8546c447e,3.0
PUNCH,SOUNDTRACK,61,432648,https://i.scdn.co/image/ab6761610000e5eb065608c797a38d142082fc8a,5.0
PTASINSKI,PHONK,65,432519,https://i.scdn.co/image/ab6761610000e5eb8653ebc1f0ff63e97941e4b6,7.0
CHRIS LAKE,TECH HOUSE,69,432446,https://i.scdn.co/image/ab6761610000e5eb95a592ff038e50ddfbf7df35,7.0
BOOTSY COLLINS,FUNK,66,432003,https://i.scdn.co/image/ab6761610000e5ebfa0a1f2170348dc5c3d3ce07,Outros
CHORD OVERSTREET,0,62,431433,https://i.scdn.co/image/ab6761610000e5eb2c0c6c5b9312d4121a077139,3.0
ZEDDY WILL,JERSEY CLUB,67,431253,https://i.scdn.co/image/ab6761610000e5eb0da1fa61572650cacb649f17,7.0
HAMSALEKHA,KANNADA POP,63,430787,https://i.scdn.co/image/ab6761610000e5eb554730668db603fa86588acf,5.0
PIERRE GARNIER,VARIETE FRANCAISE,61,430387,https://i.scdn.co/image/ab6761610000e5eb58a5e6192b75c17015b0d50e,5.0
HITSUJIBUNGAKU,JAPANESE INDIE,61,430194,https://i.scdn.co/image/ab6761610000e5eb806f60f7470716001f6f3476,5.0
KIM CARNES,0,62,429983,https://i.scdn.co/image/ab6761610000e5eb1ba0c0b42be17d19a8d67d15,3.0
LUDWIG GORANSSON,SOUNDTRACK,65,429529,https://i.scdn.co/image/e7a97b420e09f4f125cd3e14fca5e7ea174e74e0,7.0
WHISNU SANTIKA,FUNKOT,60,428858,https://i.scdn.co/image/ab6761610000e5eb443f0a93160fcd27d20df292,5.0
VEN1,FRENCH RAP,62,428111,https://i.scdn.co/image/ab6761610000e5eb34cd8746a43fed9d99efa34e,5.0
CHUY MONTANA,CORRIDO,61,427971,https://i.scdn.co/image/ab67616d0000b2731f5823cc37f4b0334e42d9fb,5.0
LEELAND,WORSHIP,61,427396,https://i.scdn.co/image/ab6761610000e5eb7eb62aa8df24ec1ddad18d4c,5.0
JR TORRES,CORRIDO,67,425875,https://i.scdn.co/image/ab6761610000e5eb883eb705f5ddc20ef255ba5c,7.0
FRANCO126,INDIE,62,425140,https://i.scdn.co/image/ab6761610000e5ebfce9dfade5f473be57dd69db,Outros
EEM TRIPLIN,0,60,424866,https://i.scdn.co/image/ab6761610000e5eba98a4abc23247089880fa3f4,3.0
TAKE CARE,SLOWCORE,62,424751,https://i.scdn.co/image/ab6761610000e5ebd135a6bfefbb529ce824e278,5.0
PENYAIR,LATIN HIP HOP,60,424520,https://i.scdn.co/image/ab6761610000e5eb0f12d6cd892534a6c1bbd895,6.0
1099,GERMAN INDIE,65,424402,https://i.scdn.co/image/ab6761610000e5eb10f025f215dac765ac774b90,Outros
KAPIL KAPILAN,MALAYALAM POP,63,424138,https://i.scdn.co/image/ab6761610000e5eb4be7fe2c91db62f63cb26b56,5.0
FERNANDOCOSTA,0,62,422830,https://i.scdn.co/image/ab6761610000e5eb1466c90d68e7aef0c62425b9,3.0
DASHA,0,68,422817,https://i.scdn.co/image/ab6761610000e5ebad7f19f71b6b9a7b000f984c,3.0
RAMAJOGAYYA SASTRY,TOLLYWOOD,68,422527,https://i.scdn.co/image/ab67616d0000b2736d97b3dc154dfdbe2321fb5c,7.0
LEGION RG,CORRIDO,60,421408,https://i.scdn.co/image/ab6761610000e5eb26ca886e893e1fa692ff2979,5.0
ALISON KRAUSS,BLUEGRASS,61,421163,https://i.scdn.co/image/ab6761610000e5eb9870f6d61fa488a37fcb58df,Outros
TRAIA VEIA,SERTANEJO,66,420650,https://i.scdn.co/image/ab6761610000e5ebda1ed48f516c081f664e9012,10.0
JOSE JR,DEVOTIONAL,62,420136,https://i.scdn.co/image/ab6761610000e5eb5299df7a34e20a108b53be23,5.0
ANNE WILSON,CHRISTIAN COUNTRY,64,420121,https://i.scdn.co/image/ab6761610000e5eb010f87a994fa47d231429ca4,Outros
NAUGHTY BOY,0,63,419776,https://i.scdn.co/image/ab6761610000e5eba19c2ed6473d34ac24bd4093,3.0
FRANKIE VALLI,0,67,419616,https://i.scdn.co/image/ab6772690000c46cb8af37ba12c1ad7ebcc63c25,3.0
HBZ,0,66,419075,https://i.scdn.co/image/ab6761610000e5eba42a69d840171cdeb803ff03,3.0
פאר טסי,MIZRAHI,62,415897,https://i.scdn.co/image/ab6761610000e5ebc7bc0a2fd280687a24f60220,5.0
JAWNY,BEDROOM POP,61,415888,https://i.scdn.co/image/ab6761610000e5eb2d51d8a381c972c2a6c4643d,Outros
JAMES NEWTON HOWARD,SOUNDTRACK,63,415873,https://i.scdn.co/image/ab6761610000e5ebe9d190a9e39a772d84b068ab,5.0
SIMONE SOMMERLAND,CHILDREN'S MUSIC,72,415086,https://i.scdn.co/image/ab6761610000e5eb6b0b4482ab4a438d3435f5b6,2.0
JAYDES,0,68,414365,https://i.scdn.co/image/ab6761610000e5eb78f9fce9d1d7ccf2c05ef1c0,3.0
YE,0,63,414287,https://i.scdn.co/image/ab6761610000e5eb763ebf2c9db1346288731802,3.0
SAM,TURKISH HIP HOP,69,413215,https://i.scdn.co/image/ab6761610000e5eb54778113c49b2832f4e5dbcd,7.0
MILI,ANIME,65,412182,https://i.scdn.co/image/ab6761610000e5eb78e4ca470b70e7b5ff4a98ad,Outros
PANTELIS PANTELIDIS,LAIKO,61,411125,https://i.scdn.co/image/ab6761610000e5eb77e839c000121f8d30b97550,5.0
AKDO,TURKISH HIP HOP,73,411051,https://i.scdn.co/image/ab6761610000e5eb5cdc080ec9e9fce58aab3170,2.0
MARI FROES,NOVA MPB,64,410921,https://i.scdn.co/image/ab6761610000e5ebd59ca8c68f4bdbae60579901,9.0
BIBI BABYDOLL,PHONK,64,409235,https://i.scdn.co/image/ab6761610000e5eb5efb6403bc1ccb66777829f9,7.0
3ROBI,MOROCCAN RAP,67,408875,https://i.scdn.co/image/ab6761610000e5eb1bbad1d0a5646764e6e91196,7.0
COUNT BASIE,BIG BAND,62,408154,https://i.scdn.co/image/4f5e6383a803df41153fd871f6d0d0af7b9f08a0,5.0
AARON SMITH,0,63,407472,https://i.scdn.co/image/ab6761610000e5eba4207d7b55ad6467399d5197,3.0
FEMTANYL,BREAKCORE,62,407346,https://i.scdn.co/image/ab6761610000e5ebe969c81764c331eb7410c408,5.0
FRIENDLY THUG 52 NGG,0,65,406867,https://i.scdn.co/image/ab6761610000e5eb8ad28b2e59406528fdcd0962,3.0
ELA TAUBERT,COLOMBIAN POP,64,405901,https://i.scdn.co/image/ab6761610000e5eb875277b8d21e90a30202dc5f,7.0
NIK TENDO,0,61,404837,https://i.scdn.co/image/ab6761610000e5eb9692d0e138d904636bb5e89c,3.0
SLEEP THEORY,METALCORE,65,404302,https://i.scdn.co/image/ab6761610000e5eb34577c2bdff9becc8e201bc4,0.0
THE CRANE WIVES,0,62,402952,https://i.scdn.co/image/ab6761610000e5eb0f8584197f0995c0776bf87c,3.0
YASIN,0,64,401986,https://i.scdn.co/image/ab6761610000e5eb62561c77f93c8570076dfa9e,3.0
OLE 60,COUNTRY,69,401637,https://i.scdn.co/image/ab6761610000e5eb2da560bd3dee8f0c23384ed9,7.0
MUSCADINE BLOODLINE,COUNTRY,65,401529,https://i.scdn.co/image/ab6761610000e5eb2a68e15da9061bd7877d7741,7.0
RICH MUSIC LTD,REGGAETON,62,401356,https://i.scdn.co/image/ab6761610000e5ebb09e14fd2ae3c72dd1caf888,Outros
MUNDO BITA,LULLABY,64,400981,https://i.scdn.co/image/ab6761610000e5eb0bf67671e6a51c108987bad4,7.0
ONEFOUR,AUSSIE DRILL,61,399558,https://i.scdn.co/image/ab6761610000e5eb7aaf5562c24d6a5ae50f67fe,5.0
"FRANCO ""EL GORILLA""",REGGAETON,64,399239,https://i.scdn.co/image/ab6761610000e5eb624c350cb0754298d633a627,Outros
PARK HYO SHIN,K-BALLAD,71,398380,https://i.scdn.co/image/ab6761610000e5eb1e93f18daa7131d2e61b7728,2.0
MAGNOLIA PARK,POP PUNK,60,398131,https://i.scdn.co/image/ab6761610000e5eb0e0acbc1b6295d701c64ca0d,Outros
GUSTAVO SANTAOLALLA,SOUNDTRACK,65,397892,https://i.scdn.co/image/ab6761610000e5eb074781eba0a9c008945cde18,7.0
PARESH KAMATH,SUFI,64,396871,https://i.scdn.co/image/ab67616d0000b2732849d5f5c202ed936caf66c3,7.0
MC KANHOTO,FUNK CONSCIENTE,60,395879,https://i.scdn.co/image/ab6761610000e5eb54242e76f75d68aa3498c36b,5.0
LA BOUCHE,EURODANCE,66,394649,https://i.scdn.co/image/ab6761610000e5ebab2fd50f1aa451563964d381,7.0
ESTELLE,0,66,392035,https://i.scdn.co/image/ab6761610000e5eb253991558853fd60bd319a34,3.0
KALIM,GERMAN HIP HOP,63,391268,https://i.scdn.co/image/ab6761610000e5eb2a3f6a2206898c7930ab1c7d,9.0
MAKKO,GERMAN INDIE,67,390143,https://i.scdn.co/image/ab6761610000e5eba3e7233b6b2cdca73ec4a00c,Outros
PEIPPER,RKT,62,390089,https://i.scdn.co/image/ab6761610000e5eb93e647c204b4d9a17ac27681,5.0
NEGAV,V-POP,61,389965,https://i.scdn.co/image/ab6761610000e5eb425c4e3964f7fd024842ec76,Outros
THE PROCLAIMERS,CELTIC ROCK,61,389765,https://i.scdn.co/image/ab6772690000c46c42dd0ee8085ec78b75857c9c,5.0
GRUPO CANAVERAL DE HUMBERTO PABON,CUMBIA,64,389014,https://i.scdn.co/image/ab6761610000e5ebd4ee1d9626a9c60fc49a19d9,7.0
CLAMS CASINO,CLOUD RAP,70,388468,https://i.scdn.co/image/ab6761610000e5eb775c5cfa9dbf38861387eebc,Outros
HOV1,SWEDISH POP,64,388140,https://i.scdn.co/image/ab6761610000e5eb68493c2dc6051f0bf02a1240,7.0
JAIDEEP SAHNI,BOLLYWOOD,67,387895,https://i.scdn.co/image/ab67616d0000b273825ae4fbebb64fd9f4fd7de1,7.0
ASHU TWINKLE,HARYANVI POP,70,387467,https://i.scdn.co/image/ab6761610000e5eb801d3cba60860a723ff35781,7.0
EVGENY GRINKO,0,65,387241,https://i.scdn.co/image/ab6761610000e5eb00746ed316a7ebe7ba1bbc0d,3.0
BARASUARA,INDONESIAN INDIE,63,387149,https://i.scdn.co/image/ab6761610000e5eb178bd257d6ef0cabf44cb594,5.0
J ABDIEL,0,66,385778,https://i.scdn.co/image/ab6761610000e5ebb6bdfd42b6f873747e90570e,3.0
BEAST IN BLACK,POWER METAL,60,385395,https://i.scdn.co/image/ab6761610000e5ebc3eeafedc823cf781661e4bb,Outros
IZNA,K-POP,61,385331,https://i.scdn.co/image/ab6761610000e5ebe5471cb5eb32eadd9f8d492f,9.0
HUAN62,DEMBOW,64,385288,https://i.scdn.co/image/ab6761610000e5ebd8e2ea3a0b4c3877d5ae436f,7.0
EZRA COLLECTIVE,JAZZ RAP,62,385269,https://i.scdn.co/image/ab6761610000e5eba38669cf5ce055735f7829e6,Outros
CADE CLAIR,HYPERPOP,62,385244,https://i.scdn.co/image/ab6761610000e5ebe10555c065e5abbea628dc14,Outros
41,NEW YORK DRILL,65,385196,https://i.scdn.co/image/ab6761610000e5eb7dcb1a643ac62c67faf47a0d,7.0
אודיה,MIZRAHI,62,384617,https://i.scdn.co/image/ab6761610000e5eb9562e070d80b95e08f72141b,5.0
GUITARRICADELAFUENTE,0,63,384306,https://i.scdn.co/image/ab6761610000e5eb4a74b8b497c2bfeeebef527c,3.0
STEPHEN WILSON JR.,0,62,382851,https://i.scdn.co/image/ab6761610000e5eb2e25871e208b1befa79b4c44,3.0
GMINXR,PUNJABI HIP HOP,62,382493,https://i.scdn.co/image/ab6761610000e5eb9bfbbc0392448ba5369d39d9,5.0
SAWANOHIROYUKI[NZK],ANIME,61,382269,https://i.scdn.co/image/ab6761610000e5ebe6aeffd18b2bfe76c6a2a39c,Outros
PAWSA,TECH HOUSE,67,381843,https://i.scdn.co/image/ab6761610000e5eb855c7482ee9586e780b5f3cd,7.0
GALINHA PINTADINHA,LULLABY,64,381736,https://i.scdn.co/image/ab6761610000e5eb624a49a01efc05b7f9a99b42,7.0
THE GREATEST SHOWMAN ENSEMBLE,MUSICALS,65,380748,https://i.scdn.co/image/ab67616d0000b273b33c769adce9e164764a7ca0,7.0
ELEVATION RHYTHM,WORSHIP,67,380436,https://i.scdn.co/image/ab6761610000e5eb8cc3f5a095fda12866b14145,7.0
JAZIEL AVILEZ,CORRIDO,60,380350,https://i.scdn.co/image/ab6761610000e5eb8608ed6f15245934171fe818,5.0
SEGA SOUND TEAM,JAPANESE VGM,64,380040,https://i.scdn.co/image/ab6761610000e5eb90ce8f1aabbd240965b614a6,7.0
WATCHHOUSE,BLUEGRASS,61,379042,https://i.scdn.co/image/ab6761610000e5ebd4cf73dc366d37ad8c23b7d0,Outros
GRUPO ZUMBALE PRIMO,RANCHERA,62,378721,https://i.scdn.co/image/ab6761610000e5ebd65d0ace6d517ce48c92e4ac,5.0
MIDLAND,COUNTRY,65,377989,https://i.scdn.co/image/ab6761610000e5eb0908c07185a7b8585d40fbb2,7.0
STILL CORNERS,DREAM POP,60,377947,https://i.scdn.co/image/ab6761610000e5ebfb2743eafabeee1bd1fe6e90,Outros
RAINAO,0,66,377165,https://i.scdn.co/image/ab6761610000e5eb0297054e5768f3daf3f9978a,3.0
MC LUKI,BRAZILIAN FUNK,63,376780,https://i.scdn.co/image/ab6761610000e5ebb8c5c1371357c37f41a80127,12.0
ALLEH,0,74,376128,https://i.scdn.co/image/ab6761610000e5eb43ce88c0c0a38f7279ff6c43,3.0
FITO OLIVARES Y LA PURA SABROSURA,CUMBIA,60,375917,https://i.scdn.co/image/ab67616d0000b27317919dcb20af582d1ba75ff1,5.0
FAMOUS PLUTO,AMAPIANO,62,374804,https://i.scdn.co/image/ab6761610000e5eb6ed0d7bfd4f90c0eec46b1a8,5.0
MARCUS KING,MODERN BLUES,62,374781,https://i.scdn.co/image/ab6761610000e5eb61b1755ae106870fd27b03e0,5.0
ELYANNA,0,65,374170,https://i.scdn.co/image/ab6761610000e5eb88b64e15982a3e8177913573,3.0
DON XHONI,0,60,373867,https://i.scdn.co/image/ab6761610000e5ebd24db58113a9d4560287eaf7,3.0
JADE LEMAC,0,68,373223,https://i.scdn.co/image/ab6761610000e5eb6d24e1c8736021b3bfcb4f6c,3.0
OSCAR ORTIZ,ELECTRO CORRIDOS,60,372883,https://i.scdn.co/image/ab6761610000e5eb3ca9cccaa9c7b778aa87b13c,5.0
AVI,0,67,371706,https://i.scdn.co/image/ab6761610000e5eb2d7392e1300b103a165c8924,3.0
ELENA ROSE,LATIN AFROBEATS,73,370729,https://i.scdn.co/image/ab6761610000e5eb2948fdff5fcfa2303e18e12c,2.0
ROB49,0,63,370477,https://i.scdn.co/image/ab6761610000e5eb84205494615587fd24e917ff,3.0
BRESH,ITALIAN TRAP,68,370252,https://i.scdn.co/image/ab6761610000e5eb14183fac2c20c23b469afd8f,8.0
LESLIE ODOM JR.,MUSICALS,74,370134,https://i.scdn.co/image/ab6761610000e5ebee4e246a6c664dca653bbd2d,2.0
SWARA VERMA,HARYANVI POP,69,369652,https://i.scdn.co/image/ab6761610000e5eb1d4583c5c2de3a08d106ed84,7.0
SEEB,0,67,369476,https://i.scdn.co/image/ab6761610000e5eb6e2648826fa7ff10d943b0a4,3.0
PLAVE,K-POP,63,369384,https://i.scdn.co/image/ab6761610000e5eb7d510a4ec6b151d077eefae8,9.0
KESKIN,TURKISH HIP HOP,65,368227,https://i.scdn.co/image/ab6761610000e5eb30581bb35a8012cfb43b191d,7.0
FLATLAND CAVALRY,TEXAS COUNTRY,64,367011,https://i.scdn.co/image/ab6761610000e5eba6ea15eeb50833f74d6cd24c,7.0
GIANLUCA GRIGNANI,ROCK EN ESPANOL,62,366780,https://i.scdn.co/image/ab6761610000e5ebd5a53078e1ba73d6228a1466,5.0
BLU CANTRELL,0,61,366550,https://i.scdn.co/image/ab6761610000e5eb46920c12235935b517751f54,3.0
VICTOR VALVERDE,CORRIDO,69,366225,https://i.scdn.co/image/ab6761610000e5eb7b7e87ccb81f5a7f8e22a2ae,7.0
ALLE FARBEN,0,61,366093,https://i.scdn.co/image/ab6761610000e5ebedb5de2e88b1db5863ebc1ec,3.0
EME MALAFE,REGGAETON MEXA,63,365846,https://i.scdn.co/image/ab6761610000e5ebe83a2cc8a9e1cefbb93bf750,Outros
MC DU BLACK,BRAZILIAN FUNK,60,365387,https://i.scdn.co/image/ab6761610000e5eba235c19017317ee360cecd16,12.0
CALEB GORDON,CHRISTIAN HIP HOP,61,365256,https://i.scdn.co/image/ab6761610000e5eb82fecffbde95268b760d9cb9,9.0
LEVIANO,BRAZILIAN TRAP,63,365231,https://i.scdn.co/image/ab6761610000e5eb44084f7c8d28a0ccd9fed677,8.0
VILLANO ANTILLANO,NEOPERREO,66,365112,https://i.scdn.co/image/ab6761610000e5ebf86b3715b2b54edd72baa421,7.0
HARD GZ,0,61,364646,https://i.scdn.co/image/ab6761610000e5eb466d020d467740377fb29f4b,3.0
HUDSON WESTBROOK,COUNTRY,72,364427,https://i.scdn.co/image/ab6761610000e5eb4281e9533b3d9b5765feca69,2.0
NETTSPEND,UNDERGROUND HIP HOP,63,363649,https://i.scdn.co/image/ab6761610000e5eb6bc255a221b2d2db4c1de21f,5.0
EKKSTACY,0,62,363600,https://i.scdn.co/image/ab6761610000e5eb588107c79bcbeb284d2ef895,3.0
ANTHONY DAASAN,TAMIL DANCE,60,363026,https://i.scdn.co/image/ab6761610000e5eba5588c6da80fb83ab503cb64,5.0
OUTLAWZ,WEST COAST HIP HOP,64,363014,https://i.scdn.co/image/ab6761610000e5eb6c0bf02007c6dee703ab3c45,Outros
SYDNEY ROSE,0,64,362199,https://i.scdn.co/image/ab6761610000e5eb58cf0937223e435e34e29afb,3.0
LSD,0,61,361758,https://i.scdn.co/image/ab6761610000e5eb9923e913151e48529710edb2,3.0
ANDREW LLOYD WEBBER,MUSICALS,66,361098,https://i.scdn.co/image/ab6761610000e5eb1246c5886ac87c6334cd3a33,7.0
MARTINA STOESSEL,0,60,360714,https://i.scdn.co/image/ab67616d0000b2739198ad3781af28c9bfc7de2a,3.0
DJAY W,BRAZILIAN FUNK,62,360407,https://i.scdn.co/image/ab6761610000e5ebeaf48bd7a74b5cebfb130090,12.0
VANESSA PARADIS,VARIETE FRANCAISE,60,360071,https://i.scdn.co/image/ab6761610000e5eb0ed21d575f90079f2c7e4117,5.0
ADRIATIQUE,MELODIC TECHNO,65,359871,https://i.scdn.co/image/ab6761610000e5ebf79457bd44fc38d78dca1e97,7.0
NATE RUESS,0,65,359631,https://i.scdn.co/image/5d5dec419f704181b9a23dd9c55562632817c442,3.0
BIBI BLOCKSBERG,0,78,359128,https://i.scdn.co/image/ab6761610000e5ebe83f3be9f66d84bfd7afba29,3.0
TRINIX,0,67,358471,https://i.scdn.co/image/ab6761610000e5eb497a81cdc9c49a1c118539b3,3.0
RACHEL CHINOURIRI,0,61,358381,https://i.scdn.co/image/ab6761610000e5eb1cbc805e89343f30e20fb066,3.0
MEG DONNELLY,0,67,357906,https://i.scdn.co/image/ab6761610000e5eb3850cee23134834d50f1e6fb,3.0
SMA$HER,PHONK,72,357867,https://i.scdn.co/image/ab6761610000e5ebfd62f9075059f435ac9211bd,2.0
EL PAYASO PLIM PLIM,LULLABY,69,357791,https://i.scdn.co/image/ab6761610000e5eb0c1893cac7e715300dc0e65a,7.0
TRINIDAD CARDONA,0,61,357474,https://i.scdn.co/image/ab6761610000e5eb00cba750d86a605dad7f662a,3.0
MARCOS VILLALOBOS,ELECTRO CORRIDOS,65,357334,https://i.scdn.co/image/ab6761610000e5eb5881afd4ba59c21053d9d7a0,7.0
RAFA PABON,REGGAETON,65,357180,https://i.scdn.co/image/ab6761610000e5ebbb850ef582e83269a8831f88,Outros
DALLASS,BRAZILIAN TRAP,72,357134,https://i.scdn.co/image/ab6761610000e5eb9b36de3852c1c803e2934258,8.0
HANZEL LA H,TRAP LATINO,61,357071,https://i.scdn.co/image/ab6761610000e5eb395b6d618f024809e6de9ed0,5.0
MK,HOUSE,69,356689,https://i.scdn.co/image/ab6761610000e5eb05e35cc099dfdf207bdce2ae,7.0
TOMMEE PROFITT,0,65,356563,https://i.scdn.co/image/ab6761610000e5ebd55d2a63e1452757b332ff83,3.0
EBONY,0,63,356110,https://i.scdn.co/image/ab6761610000e5eb07f2470fe2912086a7fd0aae,3.0
MR. PROBZ,0,64,356040,https://i.scdn.co/image/ab6761610000e5eb4665e17c6cad3616d170dfeb,3.0
WAYLON WYATT,COUNTRY,67,355890,https://i.scdn.co/image/ab6761610000e5eb7731748498f58eea03d95a2d,7.0
NOBUO UEMATSU,SOUNDTRACK,60,355786,https://i.scdn.co/image/e5ac7ec5636e8c29e376eba45256c756b2879bf7,5.0
VOILA,0,68,355415,https://i.scdn.co/image/ab6761610000e5eb2b8c0a420a952a14a2e23c9c,3.0
BLUEY,CHILDREN'S MUSIC,64,354911,https://i.scdn.co/image/ab6761610000e5ebab63f9546d1869dd288d94b1,7.0
RAPHAELA SANTOS,BREGA,61,354839,https://i.scdn.co/image/ab6761610000e5eb85bc1e2b89251419bb5b98a1,0.0
WHATSAHEART,SHOEGAZE,60,354416,https://i.scdn.co/image/ab6761610000e5eb465423bf709bf268d590fe3f,Outros
ALEE,BRAZILIAN TRAP,70,354116,https://i.scdn.co/image/ab6761610000e5eb3a73517b20ba60b63324457c,8.0
DAESUNG,K-POP,61,353874,https://i.scdn.co/image/ab6761610000e5ebcebb44ed3b29601d68cac28a,9.0
LONDON SYMPHONY ORCHESTRA,CLASSICAL,74,353849,https://i.scdn.co/image/ab6761610000e5eb5a5d168879568c94e86c61aa,Outros
ROXY DEKKER,NEDERPOP,63,353408,https://i.scdn.co/image/ab6761610000e5ebc3323ad55a56ccfa4d4e6b78,5.0
LOST SKY,0,60,353283,https://i.scdn.co/image/ab6761610000e5ebc5a27c631d60a8b0c99eff59,3.0
YOUNG ADZ,GRIME,60,353141,https://i.scdn.co/image/ab6761610000e5ebc5e66de277e7753d6e479fb0,Outros
PROVINZ,GERMAN INDIE,66,352848,https://i.scdn.co/image/ab6761610000e5eb95f5676381c5df9ec9135645,Outros
JAMES HORNER,SOUNDTRACK,64,352665,https://i.scdn.co/image/cf3b34dae12d2d8147b8c2b39387047778d587e3,7.0
GALVAN REAL,FLAMENCO,60,352600,https://i.scdn.co/image/ab6761610000e5eba3540fcfa3129f0dfb683d54,5.0
LABI SIFFRE,0,64,352420,https://i.scdn.co/image/ab6761610000e5ebbac42447a71cc398fad2efac,3.0
HITEN,DESI HIP HOP,61,352071,https://i.scdn.co/image/ab6761610000e5ebf829ee502046c2d4e095ac08,Outros
SYLEENA JOHNSON,NEO SOUL,65,351968,https://i.scdn.co/image/ab6761610000e5ebdf8de935670b720d05a68179,Outros
ECCO2K,CLOUD RAP,61,350118,https://i.scdn.co/image/ab6761610000e5eba4caf4073b40cef9206c8012,Outros
GLOKK40SPAZ,UNDERGROUND HIP HOP,66,349687,https://i.scdn.co/image/ab6761610000e5eb8a9e99eb3d0dd4c6a5b7209b,7.0
GLAIVE,HYPERPOP,64,349422,https://i.scdn.co/image/ab6761610000e5ebbd09e61276a442f8c61f85b4,Outros
NITTY GRITTY DIRT BAND,BLUEGRASS,60,348663,https://i.scdn.co/image/ab6761610000e5ebaafa59a70d44b77d41b5fd50,Outros
FROU FROU,0,63,348489,https://i.scdn.co/image/ab6761610000e5eb36e26b5e16a105ddc4e238f6,3.0
BRENNO & MATHEUS,AGRONEJO,65,347959,https://i.scdn.co/image/ab6761610000e5ebbf19b1044d152d7aa06dfc13,Outros
MILO MANHEIM,0,67,347952,https://i.scdn.co/image/ab6772690000c46c85e07473b5ebf868e46b81f5,3.0
DEL THE FUNKY HOMOSAPIEN,0,67,347887,https://i.scdn.co/image/37ddb345143488175cef180b553253a467ec5362,3.0
EDWARD MAYA,EDM,67,347538,https://i.scdn.co/image/ab6761610000e5ebc45b5b51508a9d2c15c250df,Outros
DR. ALBAN,EURODANCE,63,347479,https://i.scdn.co/image/ab6761610000e5eb65df8d8faf6b4e828a33117d,5.0
ALEXANDRE DESPLAT,SOUNDTRACK,64,347025,https://i.scdn.co/image/ab6772690000c46cf9a8d4c2fbbdba7962061bf9,7.0
TY MYERS,COUNTRY,70,346994,https://i.scdn.co/image/ab6761610000e5eb557ca576b3672ae5a89ce299,7.0
SNOW STRIPPERS,ELECTROCLASH,67,346950,https://i.scdn.co/image/ab6761610000e5eb2949c67f381d533010389d6a,7.0
CODY CARNES,WORSHIP,66,346611,https://i.scdn.co/image/ab6761610000e5eb4b18d95ac132e7457f7e0e5a,7.0
FLY LO,TRAP,63,346392,https://i.scdn.co/image/ab6761610000e5eb8609bdde790c3e028dda8368,12.0
AZZY,BRAZILIAN HIP HOP,62,345894,https://i.scdn.co/image/ab6761610000e5ebfbfbb1fbe3dd682a67e560dd,9.0
ERNEST,COUNTRY,69,345044,https://i.scdn.co/image/ab6761610000e5eb5a21a7522c9d04f1bf355751,7.0
AARYAN SHAH,DARK R&B,60,345006,https://i.scdn.co/image/ab6761610000e5eb758c2827e9bcd8268fd7d8b0,5.0
KXLLSWXTCH,TRAP METAL,61,344878,https://i.scdn.co/image/ab6761610000e5eb331ab4e3c9903e7bfdb78e32,9.0
DIGGY GRAVES,HORRORCORE,62,344848,https://i.scdn.co/image/ab6761610000e5eb76214b84dc4393e4836a3920,5.0
JORDAN ADETUNJI,SEXY DRILL,63,344297,https://i.scdn.co/image/ab6761610000e5ebb37f3a71a8cd5f70d64b32cc,5.0
THE AVENER,0,61,343590,https://i.scdn.co/image/ab6761610000e5ebcf3d8cbcd375f9ac87b50ea0,3.0
DESAKTA2,CUARTETO,68,343043,https://i.scdn.co/image/ab6761610000e5ebe94a0b1e15fe27b46bd360a1,7.0
NIGHT SKINNY,ITALIAN TRAP,68,340110,https://i.scdn.co/image/ab6761610000e5eb12c0084a75a8e3be3eaa62f2,8.0
RUSOWSKY,NEOPERREO,70,339629,https://i.scdn.co/image/ab6761610000e5eb1ccc31898f2f43623815bac8,7.0
CARPETMAN,0,62,339142,https://i.scdn.co/image/ab6761610000e5ebe7ae7b7b800097eb7b189000,3.0
GILLI,DANSK RAP,64,338843,https://i.scdn.co/image/ab6761610000e5ebcc02e374cfd03a901f5a63c6,7.0
IAN CORDOVA,ELECTRO CORRIDOS,67,338792,https://i.scdn.co/image/ab6761610000e5eb536c100bbba61f6292af3272,7.0
THEUZINHO,ARROCHA,65,338585,https://i.scdn.co/image/ab6761610000e5eb6a8094039372fd4af2e5be65,7.0
NUMBER_I,J-POP,67,338279,https://i.scdn.co/image/ab6761610000e5ebd001052a98a7e17248dda6cf,Outros
ADAM PORT,AFRO HOUSE,72,337919,https://i.scdn.co/image/ab6761610000e5eb722acdd4bb9e3aac45436d08,2.0
MC MENO K,BRAZILIAN FUNK,80,337806,https://i.scdn.co/image/ab6761610000e5ebbb83e0b2decc9e04a0c78c8c,12.0
DFZM,0,70,337635,https://i.scdn.co/image/ab6761610000e5eb501b9582ecc41f4fab0e314c,3.0
PAPA V,ITALIAN TRAP,67,337299,https://i.scdn.co/image/ab6761610000e5eb2b0f79124f085551a984ecbe,8.0
FREYA SKYE,0,67,336397,https://i.scdn.co/image/ab6761610000e5eb98921b5dad95a4398c27b203,3.0
PRASOON JOSHI,BOLLYWOOD,62,336339,https://i.scdn.co/image/ab67616d0000b273f7ef0dd80ad1de8fc1727bd7,5.0
PRIYANKA SINGH,BHOJPURI POP,64,335757,https://i.scdn.co/image/ab6761610000e5eb421e6231ca4ed78fa3506d73,7.0
2WEI,0,62,335283,https://i.scdn.co/image/ab6761610000e5eb722b7deedeb78d3f4482c4d7,3.0
HOT MULLIGAN,MIDWEST EMO,63,334650,https://i.scdn.co/image/ab6761610000e5ebf39d742e60fa4e7246c133d4,5.0
THE WIGGLES,CHILDREN'S MUSIC,68,334010,https://i.scdn.co/image/ab6761610000e5ebd1ae84bcf2859d7d42e422a5,7.0
FLEX,REGGAETON,63,333662,https://i.scdn.co/image/ab6761610000e5eb48f91958697dbd1ca9fd005d,Outros
WHEATUS,0,66,332969,https://i.scdn.co/image/ab6761610000e5ebe8c1fc6fd187531a90190cc3,3.0
NICKY YOURE,0,64,332306,https://i.scdn.co/image/ab6761610000e5ebaf41adb04f91c8f9cc18a3d3,3.0
GENEZIO,FRENCH RAP,68,332254,https://i.scdn.co/image/ab6761610000e5eb900a9c7861196dee9217114a,7.0
CURRENTS,METALCORE,61,331820,https://i.scdn.co/image/ab6761610000e5eb628a3928ad94643d5c389b68,0.0
LEALL,BOOM BAP,61,330517,https://i.scdn.co/image/ab6761610000e5ebaa2f198b34083886b53b0921,5.0
MC LUANNA,BRAZILIAN TRAP,63,330015,https://i.scdn.co/image/ab6761610000e5eb273701ea51b14b0947940898,8.0
CHEZILE,0,68,329844,https://i.scdn.co/image/ab6761610000e5ebb1593dbc8b1c5ee3c62b55a1,3.0
KALPANA PATOWARY,BHOJPURI POP,63,329772,https://i.scdn.co/image/ab6761610000e5ebf7736e6629e79fa422d9418c,5.0
CHE,RAGE RAP,65,329369,https://i.scdn.co/image/ab6761610000e5ebefc665aaf840aff546d743c2,Outros
VINAYAK SASIKUMAR,MALAYALAM POP,68,329261,https://i.scdn.co/image/ab6761610000e5eb9eaf19623207dfe5105c731b,7.0
JAN BLOMQVIST,MELODIC HOUSE,61,329196,https://i.scdn.co/image/ab6761610000e5ebc5d53a4c9c695a758abbe1eb,5.0
MARCELO MARKES,GOSPEL,62,329014,https://i.scdn.co/image/ab6761610000e5eb4784fda5c9b300859b369988,5.0
CHARITY GAYLE,WORSHIP,63,328184,https://i.scdn.co/image/ab6761610000e5eb1ed6748d965beb96e5ba04c1,5.0
WHETHAN,0,64,328146,https://i.scdn.co/image/ab6761610000e5eb5a74d22ee031912d4b46871f,3.0
DJ PREMIER,EAST COAST HIP HOP,67,325968,https://i.scdn.co/image/ab6761610000e5ebba05f3f8bdbb0a9efbf4de6e,Outros
THOMAS BERGERSEN,ORCHESTRAL,63,325806,https://i.scdn.co/image/ab6761610000e5eb2a3c9a13038cce4e5155c28b,5.0
NAFEESISBOUJEE,0,66,325377,https://i.scdn.co/image/ab6761610000e5eb1784aa48f93ad19d59ea2885,3.0
IVAN GREKO,TRAP,62,325230,https://i.scdn.co/image/ab6761610000e5eb53fc4aa06e592d0c38d1e9e7,12.0
DUTCH MELROSE,DARK R&B,65,325186,https://i.scdn.co/image/ab6761610000e5eb3aa6f1cd1bbafb2aafee375c,7.0
DEXYS MIDNIGHT RUNNERS,0,61,325061,https://i.scdn.co/image/ab6761610000e5eb22b24b0c36be490f043d032a,3.0
XDUPPY,AMAPIANO,60,324584,https://i.scdn.co/image/ab6761610000e5eb728306076d13534e33b20c89,5.0
LANG LANG,CLASSICAL PIANO,63,324200,https://i.scdn.co/image/ab6761610000e5eba055dd309c431253b48ee686,5.0
VIKRAM SARKAR,HARYANVI POP,72,323849,https://i.scdn.co/image/ab6761610000e5eb66c49b2a809de1ce4762cc8c,2.0
K3,CHILDREN'S MUSIC,63,323560,https://i.scdn.co/image/ab6761610000e5eb3535c30e034eb7e6918778db,5.0
ESTEVAN PLAZOLA,CORRIDO,67,323419,https://i.scdn.co/image/ab6761610000e5eb79a674933fc41bb9403eb060,7.0
BLOODHOUND LIL JEFF,CHICAGO DRILL,65,323391,https://i.scdn.co/image/ab6761610000e5ebd2fea07df5a63d909e6b0877,7.0
VØJ,PHONK,61,323333,https://i.scdn.co/image/ab6761610000e5eb560279a9a9ca93d0873677fe,5.0
YSEULT,FRENCH R&B,64,323243,https://i.scdn.co/image/ab6761610000e5ebfb0da035dd3739987fcdaeba,7.0
2KE,PHONK,66,323181,https://i.scdn.co/image/ab6761610000e5eba2ae95e3eee9a24d0f54796c,7.0
MY HEAD IS EMPTY,DARK AMBIENT,64,322013,https://i.scdn.co/image/ab6761610000e5eb4b6030be2875fe6f412ddac9,7.0
MC JVILA,BRAZILIAN FUNK,73,321087,https://i.scdn.co/image/ab6761610000e5eb2e7d529e772eb758e00be070,12.0
TOPIC,0,73,320966,https://i.scdn.co/image/ab6761610000e5eb1e054306a04746038131cf7a,3.0
KING & PRINCE,J-POP,63,320769,https://i.scdn.co/image/ab6761610000e5eb27ffa499e94acf91dd4e5231,Outros
SAYFALSE,PHONK,79,320491,https://i.scdn.co/image/ab6761610000e5ebff21d1e99bd2b43cb6107352,2.0
TAYNA,AFRO HOUSE,62,319929,https://i.scdn.co/image/ab6761610000e5eb8a8607fea262f8bc92c37238,5.0
RICHY MITCH & THE COAL MINERS,0,68,318936,https://i.scdn.co/image/ab6761610000e5eb01ec31c861d4faed6ae74a11,3.0
CACHIRULA,REGGAETON MEXA,69,318400,https://i.scdn.co/image/ab6761610000e5eb65f1c2b41959c7f8a7f0aef4,Outros
GRAHAM,0,61,318359,https://i.scdn.co/image/ab6761610000e5eb68433ac169224827b59043a0,3.0
OMORI,0,61,317873,https://i.scdn.co/image/ab6761610000e5eb9d66564a2beec434bc7d830f,3.0
KREAM,0,63,317197,https://i.scdn.co/image/ab6761610000e5eb3b5755d93e148df795007d72,3.0
DJ JAPA NK,BRAZILIAN FUNK,79,317115,https://i.scdn.co/image/ab6761610000e5eba5a47189fc33316c3ef73794,12.0
URIEL LOZANO,CUMBIA,64,316618,https://i.scdn.co/image/ab6761610000e5eb48ab7bcff979d7e2d86753ba,7.0
DYNORO,0,63,316427,https://i.scdn.co/image/ab6761610000e5eb71c0e657e2c507f83aeb1627,3.0
KHAMARI,INDIE R&B,65,315886,https://i.scdn.co/image/ab6761610000e5eb6921bdf2ddc6e84970fd172e,Outros
NEW RADICALS,0,64,315749,https://i.scdn.co/image/181d69eb2191335b136de8993e0c2ef9f381600c,3.0
HAZE,REGGAETON,68,315678,https://i.scdn.co/image/ab6761610000e5eb1e995c033acc8dd01a359850,Outros
TYLER HUBBARD,COUNTRY,61,315505,https://i.scdn.co/image/ab6761610000e5eb2f6f827fdf212575e1c4f646,5.0
DWELE,NEO SOUL,68,315391,https://i.scdn.co/image/aa89f602bf1630354e7e43a977492634e1f77814,Outros
ARASH,AFRO HOUSE,70,315218,https://i.scdn.co/image/ab6761610000e5eb8a1890a7ec43f20b51a8e9e5,7.0
WE THE KINGDOM,WORSHIP,62,315073,https://i.scdn.co/image/ab6761610000e5eb4b79f5e97e9aac4a50a39045,5.0
MALTE MARTEN,0,64,315032,https://i.scdn.co/image/ab6761610000e5eb0a3a52f40ff854a06a13431b,3.0
JOHANN JOHANNSSON,NEOCLASSICAL,61,314884,https://i.scdn.co/image/ab6761610000e5ebd48e69f1a6285f43905ad89b,Outros
FOXES,0,62,314746,https://i.scdn.co/image/ab6761610000e5ebadb663c00fcc431448abfcb4,3.0
WIZZ BAKER,LAGU TIMUR,66,314330,https://i.scdn.co/image/ab67616d0000b2730d4cdac68ebfcf4748115d96,7.0
GEEK MUSIC,ANIME,61,314102,https://i.scdn.co/image/ab6761610000e5eb7c3e821249e3b4455323cc6d,Outros
RAGHAV CHAITANYA,HINDI INDIE,64,313695,https://i.scdn.co/image/ab6761610000e5ebf16aafe18e9e1761a79eb406,7.0
¥ELLOW BUCKS,J-RAP,60,313586,https://i.scdn.co/image/ab6761610000e5eb96f97b5864fba3b21b53bb55,Outros
DANILO E DAVI,SERTANEJO,69,312047,https://i.scdn.co/image/ab6761610000e5ebd6982a422d609e0986ecea5e,10.0
NBSPLV,0,63,312045,https://i.scdn.co/image/ab6761610000e5ebd8556811e8509d9acbf42140,3.0
KUBI PRODUCENT,0,65,312035,https://i.scdn.co/image/ab6761610000e5eb45eee2f28acd654c17040b83,3.0
SONNY FODERA,HOUSE,68,311924,https://i.scdn.co/image/ab6761610000e5eb7b6dc7a1fff395168d88fff7,7.0
CONOCIENDO RUSIA,LATIN INDIE,61,311774,https://i.scdn.co/image/ab6761610000e5eb2d0bdbd19bca408f39f2ac3b,5.0
攬佬SKAI ISYOURGOD,CHINESE HIP HOP,65,311564,https://i.scdn.co/image/ab67616d0000b2735e378db93f143ce29d316528,7.0
MNEK,0,67,311540,https://i.scdn.co/image/ab6761610000e5eb1d3c53f120baf612a3a3e23e,3.0
MARVVILA,PAGODE,65,311018,https://i.scdn.co/image/ab6761610000e5ebb63ad1968eed461c458f9b7a,1.0
SNAP!,EURODANCE,63,310828,https://i.scdn.co/image/ab6761610000e5eb1097cae1ae4199d388081661,5.0
ODEAL,AFROSWING,66,310593,https://i.scdn.co/image/ab6761610000e5eb74ad077c18bcd89234376664,7.0
MC RODRIGO DO CN,BRAZILIAN FUNK,79,310579,https://i.scdn.co/image/ab6761610000e5eb4fd600a930dcee006e63813e,12.0
ARMAND VAN HELDEN,DISCO HOUSE,64,310396,https://i.scdn.co/image/ab6761610000e5ebb22d49b871ccbfa4b31331e8,7.0
JALEN NGONDA,RETRO SOUL,62,310394,https://i.scdn.co/image/ab6761610000e5ebc25c1a242016e8199d9669ea,Outros
DROPS INA,GOSPEL,60,310054,https://i.scdn.co/image/ab6761610000e5ebc4ce932a1cd70958b2d9b571,5.0
BILLY RAY CYRUS,COUNTRY,62,308922,https://i.scdn.co/image/ab6761610000e5ebab35da9e3f7601194760be68,5.0
LOS CHAVALITOS,CORRIDO,62,307951,https://i.scdn.co/image/ab6761610000e5ebf7108e4eb956542c51bc5668,5.0
K'NAAN,0,62,307948,https://i.scdn.co/image/ab6761610000e5ebd38110d8912bd295b0fca352,3.0
ADRIAN L SANTOS,CORRIDOS TUMBADOS,60,307128,https://i.scdn.co/image/ab6761610000e5ebea4b108202d5565a65c96ecb,5.0
SONS OF LEGION,0,62,306966,https://i.scdn.co/image/ab6761610000e5ebbfb4638e8e2cf3f38671d59b,3.0
STACEY KENT,FRENCH JAZZ,60,306947,https://i.scdn.co/image/ab6761610000e5eb7773162cc90fc8dfb720fdfe,5.0
RICCHI E POVERI,ITALO DANCE,63,306696,https://i.scdn.co/image/ab6761610000e5eb56d025ec4efa356f8d72a536,5.0
GERM,HORRORCORE,63,306515,https://i.scdn.co/image/ab6761610000e5eb33dc0d770bc31f3193f0a622,5.0
WILKINSON,DRUM AND BASS,61,305973,https://i.scdn.co/image/ab6761610000e5eb5f15723ab574d7fc2db10a60,5.0
FLEURIE,0,61,305522,https://i.scdn.co/image/ab6761610000e5eb4403081d381857939edaec33,3.0
POL GRANCH,0,68,305219,https://i.scdn.co/image/ab6761610000e5eba8754cf7d085b17bfbb58f4a,3.0
JAZZWRLD,3 STEP,68,304942,https://i.scdn.co/image/ab6761610000e5eb8665a17f908fbe85342b16b5,7.0
JADE,0,64,304654,https://i.scdn.co/image/ab6761610000e5ebb6fff16f1d7f5569cbdf42ac,3.0
6YNTHMANE,PHONK,62,304432,https://i.scdn.co/image/ab6761610000e5eb9081009c6d390e2360e5b1e3,5.0
JUTES,0,63,303243,https://i.scdn.co/image/ab6761610000e5eb15303075894810f3b4deba32,3.0
JOHN POWELL,SOUNDTRACK,65,303230,https://i.scdn.co/image/ab6761610000e5eb7407d140005a90a2fcb34c43,7.0
REI AMI,0,87,302636,https://i.scdn.co/image/ab6761610000e5ebeb39ded0900c3e50e3d7ba68,3.0
BUNT.,STUTTER HOUSE,70,302607,https://i.scdn.co/image/ab6761610000e5eb5b7e8e92c0f81880bf93bc6b,7.0
VEEZE,0,63,302069,https://i.scdn.co/image/ab6761610000e5eb7a96f6990c7005c723b4799f,3.0
LEISURE,INDIE SOUL,66,302006,https://i.scdn.co/image/ab6761610000e5ebf6589d1d011c7568f9d8c113,Outros
YLL LIMANI,0,60,301158,https://i.scdn.co/image/ab6761610000e5eb5fb8a515ea21dc5e08828346,3.0
BENNETT,HYPERTECHNO,68,301036,https://i.scdn.co/image/ab6761610000e5ebceb79513a3973799e2b684d5,7.0
$WERVE,PHONK,62,300685,https://i.scdn.co/image/ab6761610000e5eb6ed87eddbe656d61db237878,5.0
NINO PAID,0,65,299785,https://i.scdn.co/image/ab6761610000e5eb92189ab1e50ef34c0e1480c7,3.0
3 PALAVRINHAS,LULLABY,63,298787,https://i.scdn.co/image/ab6761610000e5eb7cb986b1fe6e3bdebed7e69a,5.0
CLOVIS REYES,PHONK,60,298178,https://i.scdn.co/image/ab6761610000e5ebf3e44c7bfb9be35029bf54eb,5.0
WILD RIVERS,FOLK POP,62,298085,https://i.scdn.co/image/ab6761610000e5eb1741fd1185e0f8f715c34912,Outros
JMILTON,PHONK,77,297790,https://i.scdn.co/image/ab6761610000e5eb07aa3c0da075da8bd63103a9,2.0
GUILHERME SILVA,FORRO,61,297702,https://i.scdn.co/image/ab6761610000e5ebf0634498239389d14131016a,8.0
WEGH,TURKISH HIP HOP,68,297347,https://i.scdn.co/image/ab6761610000e5eb7c3e732a22ece20eb2da8095,7.0
BRADLEY COOPER,0,69,296863,https://i.scdn.co/image/ab6761610000e5eb9400a1dccee9f0df97847c0f,3.0
WILLY WILLIAM,0,65,296701,https://i.scdn.co/image/ab6761610000e5eb2d1a2589cfb209205b84aecb,3.0
REPSAJ,PHONK,71,295937,https://i.scdn.co/image/ab6761610000e5ebfc0888496f8b45d0a261c8d9,2.0
PAUL ELSTAK,HAPPY HARDCORE,60,295889,https://i.scdn.co/image/ab6761610000e5eb5361b06a42db76620304ad27,5.0
MAVERICK SABRE,0,63,295144,https://i.scdn.co/image/ab6761610000e5eb8d28bc19f7b2da51e9a07aba,3.0
TKKG,0,74,294810,https://i.scdn.co/image/ab6761610000e5eb1e8366050ddb70f1267cde51,3.0
KASKA SOCHACKA,0,64,294556,https://i.scdn.co/image/ab6761610000e5eb4a15a698ac8f0b8286bcd4d0,3.0
NAIKA,0,60,294374,https://i.scdn.co/image/ab6761610000e5eb15f1b95979ca89bddebf8d89,3.0
EMIN,0,63,294316,https://i.scdn.co/image/ab6761610000e5eba143e8f8c71d53dd8bb55ebc,3.0
ZARTMANN,GERMAN INDIE,65,294138,https://i.scdn.co/image/ab6761610000e5ebe36387eea6735b920459e21c,Outros
LA BANDA DE CARLITOS,CUARTETO,64,293836,https://i.scdn.co/image/ab67616d0000b273663e9f35f7f7af9e783007d2,7.0
THEODORA,SHATTA,74,293753,https://i.scdn.co/image/ab6761610000e5eb3bfbe791de7b8bb375eb0b63,2.0
THE LA'S,BRITPOP,62,292625,https://i.scdn.co/image/e2657fa7789ec2be647b71076b46f980f7540c73,Outros
MODJO,FRENCH HOUSE,65,292393,https://i.scdn.co/image/ab6761610000e5eb5a109bab2d99052810ba2450,7.0
LULI PAMPIN,LULLABY,67,291434,https://i.scdn.co/image/ab6761610000e5eb49ffc2a5549e64364cdbe5d9,7.0
CHARLOTTE DAY WILSON,ALTERNATIVE R&B,62,291197,https://i.scdn.co/image/ab6761610000e5eb2ccfadb75e9a48c867870c42,3.0
YOUNG STONER LIFE,0,64,290240,https://i.scdn.co/image/ab6761610000e5eb426433c9b6997417d193516c,3.0
ADRIAN KHALIF,INDONESIAN R&B,69,289852,https://i.scdn.co/image/ab6761610000e5ebf522815b12cceaf0bce75c02,7.0
OMEGA,MAMBO,65,289432,https://i.scdn.co/image/ab6761610000e5eb3f320f45c926e2cedfd9452e,7.0
ANNA OF THE NORTH,0,63,288669,https://i.scdn.co/image/ab6761610000e5eb88de210685fe0ef4e4d67c52,3.0
NIL MOLINER,0,60,288634,https://i.scdn.co/image/ab6761610000e5eb24cbb6943f1e907012373fa8,3.0
FURACAO 2000,FUNK MELODY,67,288598,https://i.scdn.co/image/ab6761610000e5eb38fff48149cd2bc468f08f4d,7.0
REGARD,0,64,288341,https://i.scdn.co/image/ab6761610000e5eb3a40d117d52a9fe3aacf304f,3.0
NERISSIMA SERPE,ITALIAN TRAP,66,288009,https://i.scdn.co/image/ab6761610000e5eb501388b8b67cdfee19ce87bd,8.0
AND ONE,EBM,61,287929,https://i.scdn.co/image/ab67616d0000b273cb184ac2977824f989ebad9c,5.0
JIRAYAUAI,AGRONEJO,60,287174,https://i.scdn.co/image/ab6761610000e5eb4b13216c892c07e0206ab904,Outros
ROBERT MILES,TRANCE,64,286803,https://i.scdn.co/image/270333abeb769990ca788d54758ba7eff4488775,7.0
SAM TINNESZ,0,64,286411,https://i.scdn.co/image/ab6761610000e5eb9d5e5c5cefd3853d4ba6324e,3.0
COREY KENT,COUNTRY,61,286374,https://i.scdn.co/image/ab6761610000e5ebdf557655038c816e3bbdb46b,5.0
DISCO LINES,STUTTER HOUSE,76,286163,https://i.scdn.co/image/ab6761610000e5eb965c9bf81cfe9ca329b8a5c7,2.0
FUEGO,TRAP LATINO,60,285640,https://i.scdn.co/image/ab6761610000e5ebe8cd41c3e80ba7e50a263e9f,5.0
BARBIE,0,63,284540,https://i.scdn.co/image/ab6761610000e5eb6dfd5084e83c98836902d963,3.0
FAKEMINK,CLOUD RAP,73,284229,https://i.scdn.co/image/ab6761610000e5eb5853fb5dff4e7d0f69df50fa,Outros
NA.MUTHUKUMAR,TAMIL POP,72,284187,https://i.scdn.co/image/ab67616d0000b273a4c14fb65103b81557ac21a2,2.0
SEU DESEJO,FORRO,62,283847,https://i.scdn.co/image/ab6761610000e5eb704c8862386609b8daec6602,8.0
DEL WATER GAP,0,64,283565,https://i.scdn.co/image/ab6761610000e5eb756c9f2be6294d04107ae215,3.0
AJULIACOSTA,0,62,283349,https://i.scdn.co/image/ab6761610000e5eb5fff1b11fac45baa55dd0a46,3.0
ZEEBA,0,63,283287,https://i.scdn.co/image/ab6761610000e5ebd717282c40f0aec698296b38,3.0
ARGY,MELODIC TECHNO,66,282792,https://i.scdn.co/image/ab6761610000e5eb6af308cbf977d9d0d4c4d820,7.0
80PURPPP,0,62,282448,https://i.scdn.co/image/ab6761610000e5ebe6b1a523ccf9346b8af87455,3.0
OCIE ELLIOTT,INDIE FOLK,66,282245,https://i.scdn.co/image/ab6761610000e5eb76d724fa9b113a325744fd34,Outros
CAFE MUSIC BGM CHANNEL,JAZZ,67,281995,https://i.scdn.co/image/ab6761610000e5ebc9d9f79c6a9a14c98ef467f4,7.0
DANGER MOUSE,0,69,281195,https://i.scdn.co/image/ab6761610000e5eb02b986f57904bca3190d8f2b,3.0
EMMIT FENN,0,61,280846,https://i.scdn.co/image/ab6761610000e5ebeefe1cd3542c693a8dba7eac,3.0
SUICIDAL-IDOL,HYPERPOP,61,280832,https://i.scdn.co/image/ab6761610000e5ebb4840df9de4684b5afe76e2b,Outros
HARD RICO,0,61,280624,https://i.scdn.co/image/ab6761610000e5eb43ea3bb5be1022b9529a31e5,3.0
KIDD,TRAP,63,279675,https://i.scdn.co/image/ab6761610000e5eb195b1870ea31d9ac7615ed08,12.0
CA7RIEL,ARGENTINE TRAP,64,278986,https://i.scdn.co/image/ab6761610000e5eb2a5839d70a30df7bda620643,7.0
THOMAS NEWMAN,SOUNDTRACK,62,278808,https://i.scdn.co/image/ab6761610000e5eb57d373e62254d0aba7d663d9,5.0
IMANBEK,SLAP HOUSE,67,278607,https://i.scdn.co/image/ab6761610000e5ebd773fade50b148f70662c783,7.0
COYOTE THEORY,0,61,278566,https://i.scdn.co/image/ab6761610000e5eb6075003c517f39c6753e72fa,3.0
SOSA LA M,GERMAN HIP HOP,70,277420,https://i.scdn.co/image/ab6761610000e5eb54d3e0a936912a2aaf6326a6,9.0
ROSCOE DASH,0,65,277167,https://i.scdn.co/image/ab6761610000e5eb2c240396ef0dbbc48da7550b,3.0
KINGFISHR,0,66,276824,https://i.scdn.co/image/ab6761610000e5eb83c1fdcef36a94e020994b51,3.0
NDOTZ,0,60,276725,https://i.scdn.co/image/ab6761610000e5eb087dd3b0e515b72a667443a1,3.0
PAAL DABBA,TAMIL HIP HOP,67,276679,https://i.scdn.co/image/ab6761610000e5eb48df0baf6ed29c59fae5b65c,9.0
FIJI,NZ REGGAE,61,276528,https://i.scdn.co/image/ab6761610000e5eb5ad7401d9c2c41856c28f426,0.0
MICHAEL MARCAGI,0,66,276463,https://i.scdn.co/image/ab6761610000e5eb462bb2faf905d962484e3125,3.0
SILET OPEN UP,LAGU TIMUR,70,274752,https://i.scdn.co/image/ab6761610000e5eb9b59e1007a20d7a5d8720dc8,7.0
NEIL FRANCES,INDIE SOUL,62,274617,https://i.scdn.co/image/ab6761610000e5eb30a5a51cd9f9998007285593,Outros
DISCIPLES,HOUSE,63,274320,https://i.scdn.co/image/ab6761610000e5eb14ecb210605298e4fe4e25aa,5.0
CORONA,EURODANCE,61,274268,https://i.scdn.co/image/ab6761610000e5eb8c5ccdc0da89e063165f0d89,5.0
SUPERNOVA ENT,BRAZILIAN TRAP,77,274094,https://i.scdn.co/image/ab6761610000e5eb836cf31bc0ee1484a377e4de,8.0
DEV,0,62,273375,https://i.scdn.co/image/ab6761610000e5ebc1556217dcbb25d0ce624e1c,3.0
1900RUGRAT,0,60,272333,https://i.scdn.co/image/ab6761610000e5ebe754696ab6df3f17945e8c3e,3.0
I DON'T LIKE MIRRORS,SLOWCORE,63,272186,https://i.scdn.co/image/ab6761610000e5eb94a2d1adb2e6e480de617542,5.0
JO1,J-POP,60,271271,https://i.scdn.co/image/ab6761610000e5ebe59d83d3af622cfe9100fa2a,Outros
AL SAFIR,0,64,271198,https://i.scdn.co/image/ab6761610000e5eb7c5885ad6dca2d1184a9a200,3.0
FLIPTURN,0,61,270387,https://i.scdn.co/image/ab6761610000e5eb724cced4ad8949fd70698843,3.0
AVAION,DEEP HOUSE,67,270278,https://i.scdn.co/image/ab6761610000e5ebfda970f4a78d0139cf1e4a52,7.0
SCYTHERMANE,PHONK,74,270205,https://i.scdn.co/image/ab6761610000e5eb78c7eac7f83aef818f78356c,2.0
ANGELA TORRES,CUARTETO,62,269905,https://i.scdn.co/image/ab6761610000e5eb7f9f32a769a8b3768a06841b,5.0
HARKIRAT SANGHA,PUNJABI POP,62,268643,https://i.scdn.co/image/ab6761610000e5ebf3a66dfb2cec14db91e107cb,5.0
MAOLEE,BRAZILIAN HIP HOP,67,268482,https://i.scdn.co/image/ab6761610000e5eb9fbfa61cb75268a91557f5f6,9.0
TINLICKER,MELODIC HOUSE,63,267968,https://i.scdn.co/image/ab6761610000e5eb6690a97712d77110c9c71663,5.0
EASYKID,REGGAETON CHILENO,73,267562,https://i.scdn.co/image/ab6761610000e5ebe502905dd79c47a3407c0649,2.0
PACO AMOROSO,0,65,267544,https://i.scdn.co/image/ab6761610000e5eb4fe38b9ac423436b47e81633,3.0
AVERY ANNA,0,70,267297,https://i.scdn.co/image/ab6761610000e5eb2508f80aa3dabd3c1254ddf3,3.0
MC XANGAI,PHONK,67,266593,https://i.scdn.co/image/ab6761610000e5ebabbce8802f11958a3af4e2a0,7.0
LILLY WOOD AND THE PRICK,FRENCH INDIE POP,63,265601,https://i.scdn.co/image/ab6761610000e5eb1f4caca17c0247e65e20645c,Outros
AINA THE END,ANIME,66,265347,https://i.scdn.co/image/ab6761610000e5eba9f196ba829a51bef8417152,Outros
FOREST BLAKK,SPOKEN WORD,65,265053,https://i.scdn.co/image/ab6761610000e5eb3e49cffa981f6a6519f5d6fb,7.0
SOAP&SKIN,0,61,264416,https://i.scdn.co/image/ab6761610000e5eb5e75400628514c426bf40b60,3.0
NTG,DEMBOW,66,264375,https://i.scdn.co/image/ab6761610000e5eb893e952582128c53febb3dc7,7.0
NOVULENT,SHOEGAZE,60,264176,https://i.scdn.co/image/ab6761610000e5eb0c6255a001f71a6e9a48a1c1,Outros
NAKAMA,PHONK,75,264125,https://i.scdn.co/image/ab6761610000e5eb000faaa184b783f3169fa592,2.0
DJ TOPO,BRAZILIAN FUNK,66,263987,https://i.scdn.co/image/ab6761610000e5eb78a0179d59f8e3e5c8bd99e7,12.0
MARTINWHITE,GUARACHA,68,263555,https://i.scdn.co/image/ab6761610000e5eb7502204ca52269a5babf40b9,7.0
OMAR CAMACHO,ELECTRO CORRIDOS,75,263333,https://i.scdn.co/image/ab6761610000e5eb184ac1b232bf4e0b17c39b5c,2.0
BERLINER PHILHARMONIKER,CLASSICAL,74,263043,https://i.scdn.co/image/ab6761610000e5eb055b7b456a9d22d6ae1ed18f,Outros
EDWIN ROSEN,GERMAN INDIE,60,262522,https://i.scdn.co/image/ab6761610000e5eb99aed29a9f17017dd0e319b2,Outros
DARUDE,EURODANCE,60,262434,https://i.scdn.co/image/ab6761610000e5eb2fe2de0779658eeb9665ccb4,5.0
SHIRO SAGISU,ANIME,62,262429,https://i.scdn.co/image/f92fa0801a9a2ecc9ff854c5d80b847afb684e6c,Outros
PNAU,0,70,261829,https://i.scdn.co/image/ab6761610000e5ebede8cb4558f41d638f13dfc6,3.0
EMMANUELLCORTESS_,CUMBIA NORTENA,66,261629,https://i.scdn.co/image/ab6761610000e5eb1601a4e064a85bf215a66680,7.0
PL QUEST,BRAZILIAN TRAP,60,260710,https://i.scdn.co/image/ab6761610000e5eb85cac25a7970314e5eca9262,8.0
KYBBA,DANCEHALL,69,260417,https://i.scdn.co/image/ab6761610000e5eb2f620848510915d42653a312,7.0
CHARLES WESLEY GODWIN,RED DIRT,62,260279,https://i.scdn.co/image/ab6761610000e5eb8093d29a7a5fc1054ccecdd6,5.0
CARTOON,0,60,259803,https://i.scdn.co/image/ab6761610000e5ebedae9400f938bd85f5c08cb7,3.0
F1 THE ALBUM,0,76,259270,https://i.scdn.co/image/ab6761610000e5eb7f4f23b9eba34d35ac86e6a8,3.0
AKUGETSU,0,63,258785,https://i.scdn.co/image/ab6761610000e5eb0ce125a64e2d6e1a8d6c9f50,3.0
SALIF KEITA,AFRO HOUSE,63,258131,https://i.scdn.co/image/ab6761610000e5ebf7b8ad976986cf439de86dce,5.0
VITO BAMBINO,0,63,256477,https://i.scdn.co/image/ab6761610000e5eb0a6fd2e9774c15ba5efd8910,3.0
SONOTWS,BOOM BAP,63,255734,https://i.scdn.co/image/ab6761610000e5eb2a6adbf946bbfd3fed4a2765,5.0
MIKEEYSMIND,0,69,254926,https://i.scdn.co/image/ab6761610000e5eb7820168963f934dd9bb9319d,3.0
SOUTH ARCADE,0,61,254825,https://i.scdn.co/image/ab6761610000e5eba3cc22890d77df9674d930e8,3.0
MIRACLE TONES,0,83,254265,https://i.scdn.co/image/ab6761610000e5eb397a7a1c7bbae495a35e8694,3.0
THAMARAI,TAMIL POP,68,254184,https://i.scdn.co/image/ab67616d0000b273c728ec74d6b16d88d8e158ef,7.0
P T K,0,67,254012,https://i.scdn.co/image/ab6761610000e5eba14bb84175ffeac396031eca,3.0
FRED & FABRICIO,SERTANEJO,65,253935,https://i.scdn.co/image/ab6761610000e5eb28b08c7191bff5dcc1b16cc5,10.0
TYLER BRADEN,COUNTRY,65,253793,https://i.scdn.co/image/ab6761610000e5ebf1744f11af15789fe74cbd47,7.0
KWN,UK R&B,65,253115,https://i.scdn.co/image/ab6761610000e5ebc3bfed5430b154e0a1b209f8,7.0
CATCH YOUR BREATH,METALCORE,62,252951,https://i.scdn.co/image/ab6761610000e5ebbcacd55299146e187c457cb6,0.0
JONAH KAGEN,0,67,252920,https://i.scdn.co/image/ab6761610000e5eb7ca33edd41225f5c41147fdd,3.0
RUMI,0,72,252617,https://i.scdn.co/image/ab6761610000e5eb6d3e66c13c41092e46da8f01,3.0
GOLDFORD,0,66,252432,https://i.scdn.co/image/ab6761610000e5eb80cba49c59ec1f5fa5667b28,3.0
CHUWI,0,64,252162,https://i.scdn.co/image/ab6761610000e5eb87a97a983f40401c00f0f45e,3.0
KABILAN,TAMIL POP,68,251749,https://i.scdn.co/image/ab67616d0000b27388e8556a37352792279e50fa,7.0
BLVCKHEART,THAI HIP HOP,65,251627,https://i.scdn.co/image/ab6761610000e5eb455d2f96c5e1639b59d25219,Outros
STEVEN RODRIGUEZ,0,64,251290,https://i.scdn.co/image/ab6761610000e5eb0b7e8d1ca72997ca014368b3,3.0
LUCIDBEATZ,0,63,251167,https://i.scdn.co/image/ab6761610000e5eb38d0ea3bc8c796dd88a9dcc0,3.0
KAMERON MARLOWE,COUNTRY,62,249968,https://i.scdn.co/image/ab6761610000e5ebf5eb06e90b9c49a2afe03760,5.0
HAKUNA GROUP MUSIC,VILLANCICOS,60,249944,https://i.scdn.co/image/ab6761610000e5ebe4d25c0abe7bd7aa1de85527,5.0
VIVA SUECIA,INDIE,66,249665,https://i.scdn.co/image/ab6761610000e5eb6845d3c9d169c11ba7a5168c,Outros
FRUITS ZIPPER,J-POP,60,248389,https://i.scdn.co/image/ab6761610000e5eb8afef4683d23fd7d0aa8b333,Outros
THUKUTHELA,3 STEP,68,247943,https://i.scdn.co/image/ab6761610000e5eb3ac0c16011c2e9c3490271c8,7.0
FAASCHTBANKLER,SCHLAGERPARTY,60,247601,https://i.scdn.co/image/ab6761610000e5eb67155f068fc4fa6f5f506df1,5.0
IKKIMEL,GERMAN INDIE,67,247499,https://i.scdn.co/image/ab6761610000e5ebeed1b2388eb3ccf305260624,Outros
BRYAN MARTIN,COUNTRY,64,246973,https://i.scdn.co/image/ab6761610000e5eb0eb99fb0fbb4ab136d507c86,7.0
LONDON PHILHARMONIC ORCHESTRA,CLASSICAL,65,245713,https://i.scdn.co/image/ab6761610000e5eb68060bb8c0b22952f9013901,Outros
COUNTRYBEAT,AGRONEJO,72,245359,https://i.scdn.co/image/ab6761610000e5eb2f7bf4be7e878b22fdb909df,Outros
YANNC,REGGAETON,62,245207,https://i.scdn.co/image/ab6761610000e5eb627045957849bcf1a5132ced,Outros
RAUL BELTRAN,CORRIDO,69,244205,https://i.scdn.co/image/ab6761610000e5eb9786753778a49cfe766b2dc9,7.0
SIENNA SPIRO,0,71,244152,https://i.scdn.co/image/ab6761610000e5eb7f30dd25b3186c39a880b30b,3.0
WESGHOST,0,60,243978,https://i.scdn.co/image/ab6761610000e5eb09935a526cc02e86cc127b5e,3.0
TOMBOCHIO,CORRIDO,71,243929,https://i.scdn.co/image/ab6761610000e5eb7eea2f88185807355e714588,2.0
THE HOME TEAM,POP PUNK,63,243642,https://i.scdn.co/image/ab6761610000e5eb2352d4cd1799b227dda056c9,Outros
AMIR AMEER,INDIAN INDIE,65,243638,https://i.scdn.co/image/ab67616d0000b273e1f7b2534c5c1fd5d9f81213,7.0
OQUES GRASSES,0,61,243607,https://i.scdn.co/image/ab6761610000e5ebd24576328d815395302e4070,3.0
ERAY067,TURKISH HIP HOP,69,243549,https://i.scdn.co/image/ab6761610000e5eb4e1408df18f7612045b26032,7.0
LEONARD BERNSTEIN,CLASSICAL,61,242645,https://i.scdn.co/image/ab6761610000e5eb41df58451c2babdf18b21f19,Outros
HARRIS & FORD,HARDSTYLE,65,242487,https://i.scdn.co/image/ab6761610000e5eb62f5e0025887546c4f8e744e,7.0
TAMMI TERRELL,MOTOWN,66,241866,https://i.scdn.co/image/85df4af2833ce0f0fa25363c59c07e90a12c78d0,7.0
FINEM,0,60,241278,https://i.scdn.co/image/ab6761610000e5ebd4293d272439981697027a59,3.0
AUSTIN GIORGIO,0,61,241033,https://i.scdn.co/image/ab6761610000e5eb65423d616b20800b4faa231a,3.0
BRANDAO85,BRAZILIAN TRAP,66,240786,https://i.scdn.co/image/ab6761610000e5eb89200b970cd38925fb1d4a2e,8.0
XAVIERSOBASED,CLOUD RAP,63,240004,https://i.scdn.co/image/ab6761610000e5eb837aeb70fbd21f9587dab56e,Outros
TOM MORELLO,ROCK,64,239815,https://i.scdn.co/image/ab6761610000e5eba824aca6e278acca89bc406b,14.0
DJ SAMIR,PHONK,79,239611,https://i.scdn.co/image/ab6761610000e5eb270d26c1be427fd625aa56dd,2.0
SPORTS,0,62,239527,https://i.scdn.co/image/ab6761610000e5ebdccb94438a3983d26c2b7529,3.0
CULTURE BEAT,EURODANCE,60,239501,https://i.scdn.co/image/ab6761610000e5eb07a45374a303dab4d637bb2d,5.0
AULI'I CRAVALHO,0,66,239283,https://i.scdn.co/image/ab6761610000e5eb11617f90346df9142b65b413,3.0
MONET192,GERMAN HIP HOP,62,239245,https://i.scdn.co/image/ab6761610000e5eba3025e6be7f423c3190032c7,9.0
WIZTHEMC,0,73,238879,https://i.scdn.co/image/ab6761610000e5ebf85961b9318192db2c4bfcec,3.0
BROOKE LIGERTWOOD,WORSHIP,69,238512,https://i.scdn.co/image/ab6761610000e5ebb3eebbca14e72dd3e896ffc0,7.0
JRK 19,FRENCH RAP,60,238432,https://i.scdn.co/image/ab6761610000e5ebab80ae7315968a32aaaf2479,5.0
IVOXYGEN,0,63,237605,https://i.scdn.co/image/ab6761610000e5ebaee3a4c818f87f489ac0ba09,3.0
MADHUBANTI BAGCHI,BOLLYWOOD,69,236730,https://i.scdn.co/image/ab6761610000e5ebd2e401323c697e59fdfd03b8,7.0
LINK DO ZAP,0,60,236450,https://i.scdn.co/image/ab6761610000e5eb2cabcd5d5ab0c6b6ad09b8ea,3.0
AKIRA YAMAOKA,JAPANESE VGM,62,236422,https://i.scdn.co/image/ab67616d0000b27330f7a8628bd1b67c0ee5c817,5.0
NOT FOR RADIO,0,64,236421,https://i.scdn.co/image/ab6761610000e5eb59a30bdb69e6a990c22a5d32,3.0
INI KAMOZE,REGGAE,60,236346,https://i.scdn.co/image/dc120e719cd173c59ba90c2cc1c5710543930de3,0.0
MARC SEGUI,0,69,235750,https://i.scdn.co/image/ab6761610000e5ebbfb3dbb2565190b37b5962b3,3.0
SAMMY VIRJI,UK GARAGE,68,235662,https://i.scdn.co/image/ab6761610000e5eb43c436dd4582521e601f8099,7.0
IAN ASHER,0,72,235453,https://i.scdn.co/image/ab6761610000e5ebcfe78b0cf61c3e2939d79627,3.0
URIAS,BRAZILIAN POP,60,234813,https://i.scdn.co/image/ab6761610000e5ebf35e1c3f88c658be155a2db2,1.0
GAMADINHO,PAGODE,61,234505,https://i.scdn.co/image/ab6761610000e5eb4d4062cecf0cf878c3308114,1.0
JOSH MELOY,RED DIRT,63,233970,https://i.scdn.co/image/ab6761610000e5ebfc984891555641e7d42babed,5.0
JUDELINE,0,66,233333,https://i.scdn.co/image/ab6761610000e5eb645f4fdadc9ab441f4b6d360,3.0
GABRIEL FAURE,CLASSICAL,62,233202,https://i.scdn.co/image/965d539c15af1d86ec4875f05ec21d32414c3e64,Outros
GRUPO SELECTIVO,CORRIDO,63,232502,https://i.scdn.co/image/ab6761610000e5eb769e6e79efbbb88b1a0241c0,5.0
JORDANA,0,62,230975,https://i.scdn.co/image/ab6761610000e5eb856b7f7308eff9c24c17cb88,3.0
CASKETS,METALCORE,60,230947,https://i.scdn.co/image/ab6761610000e5eb7094e150185be7496961ec17,0.0
CLOONEE,TECH HOUSE,63,230855,https://i.scdn.co/image/ab6761610000e5ebdd47f7988e83a7c7fe155c28,5.0
NONO LA GRINTA,FRENCH RAP,67,230844,https://i.scdn.co/image/ab6761610000e5eb44bae8751354b0827a570a68,7.0
R. CITY,0,65,230291,https://i.scdn.co/image/ab6761610000e5ebaab6a4ea243c43f032c50df4,3.0
PAW PATROL,CHILDREN'S MUSIC,67,229969,https://i.scdn.co/image/ab6761610000e5eb13d5fa941fe88493a59f31b7,7.0
DINO FONSECA,0,62,229692,https://i.scdn.co/image/ab6761610000e5eb3b4017b7ac4ed01021b0b0ad,3.0
POMMELIEN THIJS,NEDERPOP,64,229480,https://i.scdn.co/image/ab6761610000e5eb99f8e098bb883a70b1426a2a,7.0
ROZE OFICIAL,RKT,66,228904,https://i.scdn.co/image/ab6761610000e5eb540c19f1f50bc73b548f92af,7.0
RAP LA RUE,GERMAN HIP HOP,63,228738,https://i.scdn.co/image/ab6761610000e5eb4c1f20b7d95f6c22cdbc8a61,9.0
PERUNGGU,INDONESIAN INDIE,69,228620,https://i.scdn.co/image/ab6761610000e5ebaacf892228a322f1415e168f,7.0
MAU P,TECH HOUSE,66,228580,https://i.scdn.co/image/ab6761610000e5ebc494c9e97f2c6ee7560db705,7.0
EGZOD,0,63,228404,https://i.scdn.co/image/ab6761610000e5ebb6075f85c1af2a4a5f6ef591,3.0
RAFFAELLA CARRA,ITALO DANCE,60,227817,https://i.scdn.co/image/ab6761610000e5ebb11ef713e00db56ccb769274,5.0
OKLOU,ART POP,62,227193,https://i.scdn.co/image/ab6761610000e5ebf8b90fcffca3c4e28564f0e3,6.0
YASHRAJ,DESI HIP HOP,61,227094,https://i.scdn.co/image/ab6761610000e5eb07f37145bdf162fd501ad180,Outros
JOYFUL,0,61,226612,https://i.scdn.co/image/ab6761610000e5eb777c8864476322e17c450ba9,3.0
VAALI,TAMIL POP,67,226513,https://i.scdn.co/image/ab67616d0000b273c728ec74d6b16d88d8e158ef,7.0
ANAR,PHONK,60,226366,https://i.scdn.co/image/ab6761610000e5eb6bc8d47147a9fb07c581c885,5.0
RAMPA,AFRO HOUSE,66,226322,https://i.scdn.co/image/ab6761610000e5eb350efff32f3a579155fe40d2,7.0
LUM!X,SLAP HOUSE,64,225345,https://i.scdn.co/image/ab6761610000e5eb8927d2dd7a2bbb0b2249ae9e,7.0
V NAGENDRA PRASAD,KANNADA POP,61,225306,https://i.scdn.co/image/ab6761610000e5ebad20113cdfb182a199d2074d,5.0
YAKARY,GERMAN HIP HOP,60,224697,https://i.scdn.co/image/ab6761610000e5eb05fd0ac6f597814bc4e9b762,9.0
FLOR ALVAREZ,CUMBIA,60,224367,https://i.scdn.co/image/ab6761610000e5eb4dd23c385db965ee5bb4fca9,5.0
WUNDERHORSE,0,60,224363,https://i.scdn.co/image/ab6761610000e5eb0e05e549428cb38b2f3e7a60,3.0
SONS OF THE EAST,INDIE FOLK,60,224186,https://i.scdn.co/image/ab6761610000e5ebc1c18aff11fafdd24172dd08,Outros
LAGOS,0,65,223821,https://i.scdn.co/image/ab6761610000e5eb8160c4a4c0c2d5e03d36d9ec,3.0
JOHN TRAVOLTA,MUSICALS,65,223647,https://i.scdn.co/image/05b40ccc7a84868fe05d774aac684c24565cec7d,7.0
アトラスサウントチーム,JAPANESE VGM,68,223034,https://i.scdn.co/image/ab6761610000e5eb5de4fc39a57b308bece03bfa,7.0
FUKAJ,0,62,221559,https://i.scdn.co/image/ab6761610000e5eb14f752bfad47c337ea9fb316,3.0
ELMIENE,UK R&B,60,221412,https://i.scdn.co/image/ab6761610000e5eb49a28823dd4924fa14040208,5.0
GOOD NEIGHBOURS,0,66,221403,https://i.scdn.co/image/ab6761610000e5eb3d471c890df09a15cd8130a5,3.0
HAEVN,0,60,221355,https://i.scdn.co/image/ab6761610000e5eb8bd447ef8a7c2bf592a07df3,3.0
G.A,BRAZILIAN TRAP,68,220852,https://i.scdn.co/image/ab6761610000e5ebd8ade6183cfa19e54a957324,8.0
VIZE,SLAP HOUSE,62,220734,https://i.scdn.co/image/ab6761610000e5eb09ddf5b42d449c7466c1cc6a,5.0
OSCAR PETERSON TRIO,JAZZ,60,220658,https://i.scdn.co/image/ab67616d0000b273947b5cc535d76394a2d98e37,5.0
JEZZY,DEMBOW,68,220138,https://i.scdn.co/image/ab6761610000e5ebda9d7b72199987ba3bbc6b5c,7.0
PANDA,SERTANEJO,79,219469,https://i.scdn.co/image/ab6761610000e5eba2d6c900d791fb6b84425725,10.0
HAZLETT,INDIE FOLK,67,218834,https://i.scdn.co/image/ab6761610000e5ebac95c870400b061208ddfdf3,Outros
MADDIX,BIG ROOM,66,218274,https://i.scdn.co/image/ab6761610000e5eb1f3d2bbc9e9f0a14e0025c73,7.0
YORGHAKI,0,74,217264,https://i.scdn.co/image/ab6761610000e5ebdc3bd88a94c00763e2150120,3.0
JENN JOHNSON,WORSHIP,67,217178,https://i.scdn.co/image/ab6761610000e5eb8818feb6c4e452214f715c73,7.0
REY VAQUEIRO,FORRO,67,216053,https://i.scdn.co/image/ab6761610000e5eb171d3689cb6e85a3fa6e2637,8.0
GRECAS,0,61,215761,https://i.scdn.co/image/ab6761610000e5ebaf97e80ef57c27ab7d7e7dc8,3.0
IRWANSYAH,MALAY,60,215635,https://i.scdn.co/image/45d16fa319a70b2e2f20ec6a1ca378a3e401def4,5.0
ALICE DEEJAY,EURODANCE,63,215224,https://i.scdn.co/image/ab6761610000e5ebd862d575116d9b9644e0833d,5.0
JULIA WOLF,0,66,215117,https://i.scdn.co/image/ab6761610000e5eb738567b2e435de2e4df64e6c,3.0
EARTHA KITT,CHRISTMAS,60,214376,https://i.scdn.co/image/ab6761610000e5ebfa589cdca77cfcd16bb576c1,Outros
RONY AJNALI,PUNJABI POP,63,214303,https://i.scdn.co/image/ab6761610000e5ebdf0d8fb7b27e21e9899a4291,5.0
ADELA,0,63,214153,https://i.scdn.co/image/ab6761610000e5eb71e3879da7d0eb366dc79c2c,3.0
ROGER,QUIET STORM,64,214053,https://i.scdn.co/image/143249f04c9133b493b3f257beb4b2d6b6e64f3f,7.0
MALIBU,PAGODE,66,213891,https://i.scdn.co/image/ab6761610000e5eb2abda2a8320da2244a6261b7,1.0
KIZZY,BRAZILIAN TRAP,69,213855,https://i.scdn.co/image/ab6761610000e5ebc829d49d397be5548af4ef79,8.0
LIKE MIKE,0,65,213602,https://i.scdn.co/image/ab6761610000e5ebd758db35a46fbee2dcb08222,3.0
CJOTA,BRAZILIAN TRAP,62,213356,https://i.scdn.co/image/ab6761610000e5eb7deadacaf84b19b9f1778359,8.0
LOFI GIRL,LO-FI,62,212574,https://i.scdn.co/image/ab6761610000e5eb9abb85f9345e877db52aa3cb,5.0
RUBII,0,63,212137,https://i.scdn.co/image/ab6761610000e5eb3326ab2672972ff6b21efd35,3.0
LOVELI LORI,0,62,211801,https://i.scdn.co/image/ab6761610000e5ebae07056ccd6afb4cb53deef4,3.0
KAREN SOUZA,BOSSA NOVA,60,211606,https://i.scdn.co/image/ab6761610000e5eb33f989232819612b25ceae26,Outros
NILE RODGERS,0,71,210979,https://i.scdn.co/image/ab6761610000e5ebede7b4f5a5316f0cf586ec7e,3.0
LISA GERRARD,SOUNDTRACK,65,210830,https://i.scdn.co/image/e9210a0a99eab042304456351ea0bd97a8788fe5,7.0
102 BOYZ,GERMAN HIP HOP,62,209750,https://i.scdn.co/image/ab6761610000e5ebbc8870d015dadd27487df6f7,9.0
STARBOY X,PUNJABI POP,63,209075,https://i.scdn.co/image/ab6761610000e5eb039f91b4d88f15c731a90636,5.0
ESPERON,0,61,208687,https://i.scdn.co/image/ab6761610000e5ebb797be55bd7c8d0e989bce6d,3.0
SILVIA PEREZ CRUZ,FLAMENCO,64,208176,https://i.scdn.co/image/ab6761610000e5eb3847934424bd52b060015240,7.0
HAZBIN HOTEL,0,80,207884,https://i.scdn.co/image/ab6761610000e5eb61b795e14e257639391220ca,3.0
ANYME023,SHATTA,60,207507,https://i.scdn.co/image/ab6761610000e5eb042bcdcca552bd688c767f3e,5.0
NILO,BRAZILIAN FUNK,67,207412,https://i.scdn.co/image/ab6761610000e5eb10538a130690ef8a7cf15149,12.0
MC BRAZ,FUNK DE BH,60,207074,https://i.scdn.co/image/ab6761610000e5eb4f8562af40412b969c406c41,5.0
GEESE,ART ROCK,66,206884,https://i.scdn.co/image/ab6761610000e5ebbc9546a945c7563a9eb21f3d,Outros
MOLIY,ALTE,73,206134,https://i.scdn.co/image/ab6761610000e5ebb2d26d40cf819efd11f999ab,2.0
NOVILLOS DE LA SIERRA,SIERRENO,63,206072,https://i.scdn.co/image/ab6761610000e5eb4d711cf0a2d206d358c3317c,5.0
UNCLE LUCIUS,RED DIRT,61,206070,https://i.scdn.co/image/ab6761610000e5eb94d1910bea7fe31176585a57,5.0
AKIAURA,WITCH HOUSE,63,206004,https://i.scdn.co/image/ab6761610000e5eb24965382d05f7550076a984d,5.0
ANDREA VANZO,0,67,206001,https://i.scdn.co/image/ab6761610000e5eb0f4245bc7359ecfc15e2600e,3.0
TOKYOPHILE,PHONK,61,205689,https://i.scdn.co/image/ab6761610000e5ebfbaa13db694fc9bd62bbeb3f,5.0
HELENA,FRENCH POP,63,205686,https://i.scdn.co/image/ab6761610000e5eb1054079335d171488995fcab,Outros
VICTOR LEKSELL,SWEDISH POP,60,205341,https://i.scdn.co/image/ab6761610000e5eb7b17a4ddc288033ac13cffb3,5.0
PAUL CAUTHEN,OUTLAW COUNTRY,60,204950,https://i.scdn.co/image/ab6761610000e5eb0e6b28242fa0e808b6432ddd,5.0
PLAQUEBOYMAX,0,70,204252,https://i.scdn.co/image/ab6761610000e5eb7d1f7740d6c618318158cb76,3.0
NXGHT!,PHONK,69,203847,https://i.scdn.co/image/ab6761610000e5eba07880fb9632cab8efa4b12a,7.0
"EM XINH ""SAY HI""",V-POP,63,203273,https://i.scdn.co/image/ab6761610000e5eb6f627123ba2c74ec534c85f7,Outros
VAIRAMUTHU,TAMIL POP,72,203025,https://i.scdn.co/image/ab6761610000e5eb010131dbe46208d855304999,2.0
YU-PENG CHEN,SOUNDTRACK,60,202548,https://i.scdn.co/image/ab6761610000e5eb4d6a491aecf0e36870aa3a21,5.0
TAYA,WORSHIP,67,202213,https://i.scdn.co/image/ab6761610000e5ebec3a7a897b4e7584ba0a4724,7.0
LOS LARA,CORRIDO,63,202058,https://i.scdn.co/image/ab6761610000e5ebfc3e379e5d229d8fd0909b8b,5.0
VITOR E LUAN,SERTANEJO,61,201989,https://i.scdn.co/image/ab6761610000e5eb213f278e2b8809d08d94dc5e,10.0
MR. BELT & WEZOL,FUTURE HOUSE,64,201759,https://i.scdn.co/image/ab6761610000e5eb8419b04162e3cba3098187c5,7.0
RAFFI,CHILDREN'S MUSIC,64,201655,https://i.scdn.co/image/5d19c42b3e0e8ff8a29d248c5d494ed5ac0f9f5a,7.0
SOCIAL HOUSE,0,63,201484,https://i.scdn.co/image/ab6761610000e5eb758207d3e4a2ac5341366592,3.0
LOE SHIMMY,SEXY DRILL,68,201434,https://i.scdn.co/image/ab6761610000e5eb1636cf42f0555444dadb55a5,7.0
KEALA SETTLE,MUSICALS,64,201329,https://i.scdn.co/image/ab6761610000e5eb3e4e65ab59c7e8197ed3bed1,7.0
LEONY,0,63,201090,https://i.scdn.co/image/ab6761610000e5eb13d4ebaee6c50fc78a073fb0,3.0
KIM RICHARDS,CHRISTIAN,66,201080,https://i.scdn.co/image/ab6761610000e5eb1f86bce650aa11d4764aad82,Outros
HARRY LATHER,HARYANVI POP,61,200977,https://i.scdn.co/image/ab6761610000e5eb3af0930c7b5c26f204469799,5.0
VKIE,0,63,200851,https://i.scdn.co/image/ab6761610000e5ebad961947b6923260adce9e0e,3.0
FEED YOUR SOUL,0,69,200656,https://i.scdn.co/image/ab6761610000e5ebec5e2300d98a5a6a98fffb16,3.0
SLO,0,62,200469,https://i.scdn.co/image/ab6761610000e5eb9086805937b778506f1cf2c6,3.0
CRYSTAL WATERS,0,63,200152,https://i.scdn.co/image/ab6761610000e5ebf391dcee5336bb3d0e429a7d,3.0
BLANCO WHITE,INDIE FOLK,60,200023,https://i.scdn.co/image/ab6761610000e5eb12205cb471ab2a38ac9f3bf2,Outros
FRIED BY FLUORIDE,0,61,199851,https://i.scdn.co/image/ab6761610000e5ebb0a78c0e27b5b7d7abbf7722,3.0
HERBERT VON KARAJAN,CLASSICAL,69,199685,https://i.scdn.co/image/ab6761610000e5ebf67fde1740e91a88445d5bdd,Outros
EDITH WHISKERS,0,61,198916,https://i.scdn.co/image/ab6761610000e5eb2e4ab0376eb7be1f9d93b730,3.0
VIEZE ASBAK,HARD TECHNO,60,198819,https://i.scdn.co/image/ab6761610000e5eb12c4ef365d9dbc9b1c3e6ca2,5.0
BRENT COBB,OUTLAW COUNTRY,60,198684,https://i.scdn.co/image/ab6761610000e5ebe3b8a90282a972f5edabb2b2,5.0
KEVIN,0,63,198678,https://i.scdn.co/image/ab6761610000e5eba66f1f957299c6241d60af70,3.0
JUSTIN HURWITZ,0,61,198581,https://i.scdn.co/image/ab6761610000e5eb152668866cc33ae3fe2f4ede,3.0
RASHMEET KAUR,PUNJABI POP,63,198234,https://i.scdn.co/image/ab6761610000e5eb533caf574bfedfa824548ac2,5.0
ROYAL PHILHARMONIC ORCHESTRA,ORCHESTRAL,70,198086,https://i.scdn.co/image/ab6761610000e5ebf9cd4a9062ded7cb2b8a351b,7.0
BENJAMIN BLUMCHEN,0,72,196590,https://i.scdn.co/image/ab6761610000e5eb99ce0c46ce1710d30cea8179,3.0
HURRICANE WISDOM,SEXY DRILL,66,196544,https://i.scdn.co/image/ab6761610000e5eb69872e2b3b720402763db9d3,7.0
SEPH SCHLUETER,WORSHIP,62,196168,https://i.scdn.co/image/ab6761610000e5eb7c2f13ffb81a4cd794630ead,5.0
RD12,PHONK,64,195884,https://i.scdn.co/image/ab6761610000e5eba1db885abbb04e795008f9dc,7.0
CASH COBAIN,SEXY DRILL,66,195655,https://i.scdn.co/image/ab6761610000e5ebf09b7acaa166dd4d5b6bd82f,7.0
ELY OAKS,HYPERTECHNO,73,194605,https://i.scdn.co/image/ab6761610000e5eb3e75cf25e89d1ea730b48c73,2.0
ISQ,PHONK,67,194318,https://i.scdn.co/image/ab6761610000e5ebc949e40a4045ed1dec4b239b,7.0
BL8M,0,61,194014,https://i.scdn.co/image/ab6761610000e5ebd00e5de30db289c289615842,3.0
EFECTO ELEGANTE,SAD SIERRENO,62,193206,https://i.scdn.co/image/ab6761610000e5ebdb669946fe78fa0a5eba74a9,5.0
PLAYER,YACHT ROCK,62,192839,https://i.scdn.co/image/d7ff464ac91876da5a5e74539c4dde2675785031,Outros
ALEXIS FFRENCH,NEOCLASSICAL,63,192328,https://i.scdn.co/image/ab6761610000e5ebf02d96dbc42dc8f48f55c692,Outros
VOU ZUAR,PAGODE,65,192035,https://i.scdn.co/image/ab6761610000e5eb3f4215c918ee428f2ea02d6e,1.0
SUBLAHSHINI,TAMIL INDIE,68,191530,https://i.scdn.co/image/ab6761610000e5eb0c5ae47fcd9019bcdd55a405,7.0
NEIKED,0,60,191248,https://i.scdn.co/image/ab6761610000e5ebca8563247f0772c55e76d8e8,3.0
JEREMY SOULE,MEDIEVAL,66,190420,https://i.scdn.co/image/ab6761610000e5ebeee6850d24bde3815a42f83f,7.0
PARK BYEONG HOON,K-POP,60,190338,https://i.scdn.co/image/ab6761610000e5eb0bf929c191a766fe735d5b17,9.0
SPED UP NIGHTCORE,NIGHTCORE,65,190301,https://i.scdn.co/image/ab6761610000e5ebbf73929f8c684fed7af7e767,7.0
EL PLAN DE LA MARIPOSA,ARGENTINE ROCK,62,189873,https://i.scdn.co/image/ab6761610000e5eb738cb3ec27f63ca05718c2cb,3.0
NATEKI,PHONK,65,189366,https://i.scdn.co/image/ab6761610000e5ebf412cd5c0116181c07cdb690,7.0
KRISTIN CHENOWETH,MUSICALS,65,189255,https://i.scdn.co/image/ab6761610000e5eb48124fc43f870ed4501093e5,7.0
CHRISTIAN CHAVEZ,LATIN POP,67,189150,https://i.scdn.co/image/ab6761610000e5eb119b3d58323ce3337c30e1f3,6.0
LIMBO,0,60,188625,https://i.scdn.co/image/ab6761610000e5eb9684926a334692581540625e,3.0
INI,J-POP,61,188470,https://i.scdn.co/image/ab6761610000e5eb6204ca7971a5a13d22205eb4,Outros
PAULA HARTMANN,GERMAN INDIE,60,187729,https://i.scdn.co/image/ab6761610000e5eb6db6bdfd82c3394a6af3399e,Outros
#NOME?,J-POP,63,187504,https://i.scdn.co/image/ab6761610000e5eb0dcfcb6c46651873f126bc5e,Outros
BROILER,NORWEGIAN POP,64,187502,https://i.scdn.co/image/ab6761610000e5eb851d04fc6f5cd24bf1242126,7.0
OG KEEMO,GERMAN HIP HOP,62,187248,https://i.scdn.co/image/ab6761610000e5eb70ff02afaa9c0fbf9a3e5243,9.0
WHITE WIDOW,0,61,187082,https://i.scdn.co/image/ab6761610000e5ebd589ec4bb42d58b0cfc3bc87,3.0
SNOW,TURKISH HIP HOP,68,186797,https://i.scdn.co/image/ab6761610000e5eba8614845420bd173ca5af40f,7.0
FENIX FLEXIN,0,70,186767,https://i.scdn.co/image/ab6761610000e5eb0c28d98e09eb6ba34f377f5a,3.0
KENSUKE USHIO,ANIME,70,186637,https://i.scdn.co/image/ab6761610000e5eb3a56956a02c2714b346c9c31,Outros
KIDWILD,UK DRILL,63,186536,https://i.scdn.co/image/ab6761610000e5eb7f3be155afca8a70793f670d,5.0
BLOND:ISH,AFRO HOUSE,65,185942,https://i.scdn.co/image/ab6761610000e5ebe1c0014da200abe8eba9224e,7.0
GORDO,TECHENGUE,60,185635,https://i.scdn.co/image/ab6761610000e5eb1d9da120103e6a8550163f17,5.0
RAUHAN MALIK,INDIAN INDIE,65,185561,https://i.scdn.co/image/ab6761610000e5eb2dda02f35e185dbfdd97f331,7.0
PRASHANT PANDEY,HINDI POP,65,184796,https://i.scdn.co/image/ab6761610000e5ebde10506545bb3c7be26fb294,Outros
DJ NENE,BRAZILIAN FUNK,63,184552,https://i.scdn.co/image/ab6761610000e5eb1a77274c5bd1b96e518fb6b2,12.0
ARMENTA,CORRIDOS TUMBADOS,67,184379,https://i.scdn.co/image/ab6761610000e5eba50f1f0acdae03a96de4f4eb,7.0
JOSH ROSS,COUNTRY,65,183426,https://i.scdn.co/image/ab6761610000e5eb013e91fc815060881036be02,7.0
ADORE,0,64,183292,https://i.scdn.co/image/ab6761610000e5ebb2e0d242decc77b993b82149,3.0
NAYKILLA,HIPDUT,69,182602,https://i.scdn.co/image/ab6761610000e5eba224652429e1fc6dcaea1c2d,7.0
VIJAY DEVERAKONDA,0,60,181772,https://i.scdn.co/image/ab6761610000e5eb0d82619e5eaa0f7d798e18f5,3.0
ANOTR,HOUSE,63,181727,https://i.scdn.co/image/ab6761610000e5eb6700638e4d3311d5d965318c,5.0
CHRISTOPHER LARKIN,SOUNDTRACK,69,181627,https://i.scdn.co/image/ab6761610000e5eb22c3ebc48fc86c3bfdc47dfe,7.0
ROUTE 94,HOUSE,62,181530,https://i.scdn.co/image/ab6761610000e5eb33f4f47b1ac051a5461dc40e,5.0
VINCE GUARALDI TRIO,CHRISTMAS,66,181373,https://i.scdn.co/image/822d7cac5aa9649b2c8a0be5da89567f8b80ca56,Outros
EVAN HONER,0,64,180775,https://i.scdn.co/image/ab6761610000e5ebe48f7ca03277be4acbd29eda,3.0
LA RVFLEUZE,FRENCH RAP,69,180729,https://i.scdn.co/image/ab6761610000e5ebf89df910378b7084e77a4cd2,7.0
LOU BEGA,0,60,180547,https://i.scdn.co/image/ab6761610000e5ebcbe7ddc503fe3f14a2a56ac7,3.0
SMOKEDOPE2016,CLOUD RAP,64,180531,https://i.scdn.co/image/ab6761610000e5eb41b473c0cb38be804c0c0884,Outros
VACRA,FRENCH RAP,64,180489,https://i.scdn.co/image/ab6761610000e5eb9e208317df4bd367090b65e0,7.0
VALERIA CASTRO,0,60,179962,https://i.scdn.co/image/ab6761610000e5ebd3b81a26fef45131531d8fd8,3.0
ALMOST MONDAY,0,61,179673,https://i.scdn.co/image/ab6761610000e5eb76229f377eac78b8cfe6ffdf,3.0
YB WASG'OOD,PHONK,72,179492,https://i.scdn.co/image/ab6761610000e5eb2e218205c3a64311fdd7984d,2.0
COLBY O'DONIS,HIP HOP,70,179071,https://i.scdn.co/image/ab6761610000e5eb10bcb30b34cf575e653441ec,Outros
KANE RODRIGUEZ,CORRIDO,66,178603,https://i.scdn.co/image/ab6761610000e5eb316ceb1183c3b5bb5a0829b9,7.0
JENNIFER WARNES,0,61,178128,https://i.scdn.co/image/64291f4994df9512a925282f6b378dcc407d4d55,3.0
FELIPE RODRIGUES,GOSPEL,64,177961,https://i.scdn.co/image/ab6761610000e5eb1c2daeded85cf5c5ff26faef,7.0
NICHOLAS BRITELL,0,62,177848,https://i.scdn.co/image/ab6761610000e5ebac71b9e9c61e3b989058015a,3.0
49 WINCHESTER,RED DIRT,61,177820,https://i.scdn.co/image/ab6761610000e5eb8245c65d4532ae02bf39da5e,5.0
EN,MANDOPOP,62,177498,https://i.scdn.co/image/ab6761610000e5eb2bf3f0a1937bce3891ea62ab,5.0
FABRIZIO PATERLINI,NEOCLASSICAL,62,176693,https://i.scdn.co/image/ab6761610000e5eb9a93183380bf6a2eb2dec8b5,Outros
DAVEED DIGGS,MUSICALS,71,176422,https://i.scdn.co/image/ab6761610000e5ebf638289c7621609519d8ad24,2.0
AJAXX,BRAZILIAN TRAP,66,176167,https://i.scdn.co/image/ab6761610000e5ebc2ad33c1dce243dece4a39b2,8.0
SALVE MALAK,BRAZILIAN HIP HOP,67,175875,https://i.scdn.co/image/ab6761610000e5eb70e0911e8d9d499151d8c972,9.0
ITZHAK PERLMAN,CLASSICAL,63,175867,https://i.scdn.co/image/f1658bc66d1f99ab6d118f26a2abaf7dc33a272f,Outros
SHOUSE,0,65,175534,https://i.scdn.co/image/ab6761610000e5eb3e2bef54371a39e3422a4e46,3.0
PANDA BLACK,0,69,175418,https://i.scdn.co/image/ab6761610000e5eb50f4cfeca5eef9fafe647743,3.0
ROLF ZUCKOWSKI,CHRISTMAS,62,175369,https://i.scdn.co/image/75bd1069be2255fd43367a6eadc4866baee2c32e,Outros
YUNGTARR,THAI HIP HOP,62,174560,https://i.scdn.co/image/ab6761610000e5eb9b047817f68d08a6e806b3d6,Outros
MC VINNY,BRAZILIAN FUNK,60,174550,https://i.scdn.co/image/ab6761610000e5eb4f3f142a2e5e5c172c7ce2bd,12.0
ANDREW CHOI,K-POP,82,173744,https://i.scdn.co/image/ab6761610000e5eb63fd1d24444e5ef6865c670d,9.0
THE FAVORS,0,63,173598,https://i.scdn.co/image/ab6761610000e5ebd46a9812f9696c42afc9128e,3.0
GARETH.T,CANTOPOP,61,173562,https://i.scdn.co/image/ab6761610000e5eb6316f683565f5609c5377de8,5.0
TRIBBS,0,61,173458,https://i.scdn.co/image/ab6761610000e5eb280c7b22d2d365a212aa5d72,3.0
OS GAROTIN,NOVA MPB,60,172543,https://i.scdn.co/image/ab6761610000e5eb0830f992e98dedda7258dc44,9.0
23,0,61,171823,https://i.scdn.co/image/ab6761610000e5ebf0c46d3564966cfacea72fa9,3.0
BOY WONDER CF,REGGAETON,65,171583,https://i.scdn.co/image/ab6761610000e5ebdf5fb52ce231cd8e9347d608,Outros
ICEGERGERT,0,61,170963,https://i.scdn.co/image/ab6761610000e5eb37fb6ab20c3ca6ff1d645741,3.0
OVG!,PHONK,67,170800,https://i.scdn.co/image/ab6761610000e5ebc81585cb7f660f4143e1755f,7.0
NADAMAL,BRAZILIAN TRAP,64,170776,https://i.scdn.co/image/ab6761610000e5eb16581510f39e82a7bb44199c,8.0
BLOODHOUND Q50,CHICAGO DRILL,61,170253,https://i.scdn.co/image/ab6761610000e5eb30b220bdc9aa116f10f5d94e,5.0
CAST OF EPIC: THE MUSICAL,MUSICALS,75,169863,https://i.scdn.co/image/ab67616d0000b273aab8e079e15c7ef2f9259814,2.0
GABZY,AFROBEATS,61,169746,https://i.scdn.co/image/ab6761610000e5eb5a398611c6483c474d6fb209,5.0
GRUPO QUINTANNA,CUMBIA SONIDERA,60,169686,https://i.scdn.co/image/ab6761610000e5eb90d985a4f3d408000c88b229,5.0
NETTO BRITO,ARROCHA,64,169604,https://i.scdn.co/image/ab6761610000e5eb38f83ddfb4897b7557c167bb,7.0
PEDRO LOTTO,BRAZILIAN HIP HOP,68,169484,https://i.scdn.co/image/ab6761610000e5ebf0599b31687c86751e834362,9.0
LUCENZO,REGGAETON,71,168947,https://i.scdn.co/image/ab6761610000e5eb265dde2b466a2e476b1c2b61,Outros
BJ LIPS,0,65,168924,https://i.scdn.co/image/ab6761610000e5eb84848d263662f164b2d3d37c,3.0
9MICE,0,60,168749,https://i.scdn.co/image/ab6761610000e5eb8bbff39f3a8960743f9db0b9,3.0
DJ GUH MIX,BRAZILIAN FUNK,72,168638,https://i.scdn.co/image/ab6761610000e5ebe14a675d68514f9434d1d0a5,12.0
JONATHAN GROFF,MUSICALS,64,168548,https://i.scdn.co/image/ab6761610000e5ebc9adfccf56a80e25db7ad927,7.0
PEDRIN,BRAZILIAN TRAP,62,168298,https://i.scdn.co/image/ab6761610000e5eb06f82c7829df13106b86e1b2,8.0
YUKI HAYASHI,ANIME,60,167601,https://i.scdn.co/image/ab6761610000e5eb2446b3fc23566403acc9c576,Outros
BRUNO MARTINI,BRAZILIAN POP,63,166101,https://i.scdn.co/image/ab6761610000e5ebdf1dcedd8438b02499e9401f,1.0
ANDREW UNDERBERG,0,82,166000,https://i.scdn.co/image/ab6761610000e5eb64ed9630fd36c863e2b3e3c1,3.0
JOTA.PE,NOVA MPB,67,165830,https://i.scdn.co/image/ab6761610000e5eb29505a4655fb396e133b0a7f,9.0
SLXUGHTER,PHONK,78,165818,https://i.scdn.co/image/ab6761610000e5eb9031c826e43e0d2702e496cd,2.0
ESTRELLA MORENTE,FLAMENCO,64,165558,https://i.scdn.co/image/ab6761610000e5eb81f70b11f0ab6acdbf33cf47,7.0
MC DELUX,PHONK,67,164860,https://i.scdn.co/image/ab6761610000e5eb0c507ce1dc44a70ad8d90924,7.0
KRISTEN BELL,0,65,164812,https://i.scdn.co/image/4696b636f6be50265a1226814629eea4ed48a8e6,3.0
MAKAVELIGODD,TRAP METAL,60,164810,https://i.scdn.co/image/ab6761610000e5eb4c1b4aa5416f751b62dae5ff,9.0
GAMECHOPS,LO-FI,65,164416,https://i.scdn.co/image/ab6761610000e5ebdbe0ba8062f710331f9ba840,7.0
ADELE CASTILLON,FRENCH POP,66,164334,https://i.scdn.co/image/ab6761610000e5ebd36fcc4c671b7f5d08e810be,Outros
BLAIZ FAYAH,SHATTA,63,164298,https://i.scdn.co/image/ab6761610000e5ebcf0d9fb5cc2b1c2e676b1518,5.0
KETTAMA,HARD HOUSE,65,163680,https://i.scdn.co/image/ab6761610000e5eb3a3bd9f5a64b22b563bef87b,7.0
RESTRICTED,HARD TECHNO,62,163095,https://i.scdn.co/image/ab6761610000e5eb2db0cd18bf97567c727f28e7,5.0
GAMPER & DADONI,TROPICAL HOUSE,63,162642,https://i.scdn.co/image/ab6761610000e5ebc4f4397701e29245ec90b0e6,Outros
3BALLMTY,ELECTROCUMBIA,60,162635,https://i.scdn.co/image/ab6761610000e5eb8f201fdacde5cb967bc28f1b,5.0
EI COMANDO EXCLUSIVO,MEXICAN HIP HOP,66,162517,https://i.scdn.co/image/ab6761610000e5ebcc9dbe3e7eee73ade5256753,7.0
MU540,BRAZILIAN TRAP,62,162184,https://i.scdn.co/image/ab6761610000e5ebad4dea1b5329c78e71e2f04d,8.0
NATHAN DAWE,0,61,162176,https://i.scdn.co/image/ab6761610000e5eb23d2ad2aef5582a4484ecec0,3.0
PALE JAY,RETRO SOUL,62,162149,https://i.scdn.co/image/ab6761610000e5eb8f9248427efd447ee9bb61a3,Outros
RITON,HOUSE,63,161924,https://i.scdn.co/image/ab6761610000e5eb43b270773d180b196f8cf7ad,5.0
DJ DYLANFK,PHONK,68,161633,https://i.scdn.co/image/ab6761610000e5eba850fcad4b9ffb05800f7e63,7.0
GLOCKY,ITALIAN TRAP,63,161548,https://i.scdn.co/image/ab6761610000e5eb44464a71795fae3b6291b273,8.0
ELIZA DOOLITTLE,0,65,161417,https://i.scdn.co/image/ab6761610000e5eb41cfb54a7892a47b84dbf313,3.0
LAVERN,STUTTER HOUSE,61,161286,https://i.scdn.co/image/ab6761610000e5eb711c8040afe1ec9ab632b938,5.0
NEVERTEL,METALCORE,60,161186,https://i.scdn.co/image/ab6761610000e5eb632f10f0b6dca605d68e2a8f,0.0
GREY,0,64,161145,https://i.scdn.co/image/ab6761610000e5eb6f0ae12d361fa6a480cbf5a0,3.0
OUTSIDERS,HARDSTYLE,61,160848,https://i.scdn.co/image/ab6761610000e5eb2d5fe0d79da77238c5edf5f5,5.0
PREZIOSO,ITALO DANCE,63,160831,https://i.scdn.co/image/ab6761610000e5eb9cc6761bc721c62ffe4138b8,5.0
R2,FRENCH RAP,66,160361,https://i.scdn.co/image/ab6761610000e5ebf0aa8256c917e81a2bd2fb6c,7.0
FRESLY NIKIJULUW,LAGU TIMUR,66,160310,https://i.scdn.co/image/ab6761610000e5eb75e2de32384a8f8f76b41bce,7.0
OMAR,GERMAN HIP HOP,60,159912,https://i.scdn.co/image/ab6761610000e5eb55c3929d457388f9cfbc3524,9.0
DANIEL.MP3,DARK AMBIENT,67,159780,https://i.scdn.co/image/ab6761610000e5eb08eb1d8a67a540f5c78e1983,7.0
DEEPTHI SURESH,TAMIL POP,69,159187,https://i.scdn.co/image/ab6761610000e5eb7382b6c57d286d7036f64de3,7.0
FENG,CLOUD RAP,65,159016,https://i.scdn.co/image/ab6761610000e5eb1799beb583fb4df72697cfa1,Outros
MERYL STREEP,MUSICALS,64,158940,https://i.scdn.co/image/bed81fc6e2028fa4c7d01fa2066f4d600b511f03,7.0
WIENER PHILHARMONIKER,CLASSICAL,68,158815,https://i.scdn.co/image/ab6761610000e5eb4bb5eb0860d831455fab32b6,Outros
NOTION,BASSLINE,74,158780,https://i.scdn.co/image/ab6761610000e5eb62651489e3cdd3511c6d27b8,2.0
GANGGY,ELECTRO CORRIDOS,65,158335,https://i.scdn.co/image/ab6761610000e5eb81d1d5651958e645e7480f4c,7.0
AUDREY HOBERT,0,63,158277,https://i.scdn.co/image/ab6761610000e5eb4fc78e354b19324810f1e933,3.0
FENNECXX,PHONK,64,158261,https://i.scdn.co/image/ab6761610000e5ebd915950ade7fd7d760c97042,7.0
YOKO ONO,CHRISTMAS,62,158242,https://i.scdn.co/image/ab6761610000e5eb5b915a74eb7b513baf65e2d7,Outros
ESAU ORTIZ,ELECTRO CORRIDOS,65,157828,https://i.scdn.co/image/ab6761610000e5eb969a23de90f075e6952108fb,7.0
IRSHAD KAMIL,BOLLYWOOD,80,157491,https://i.scdn.co/image/ab6761610000e5eb47b943824370b9eb2fb9607f,2.0
NDS,PUNJABI POP,72,156603,https://i.scdn.co/image/ab6761610000e5ebfe402907e9c8f5b8e8547da4,2.0
NIMINO,STUTTER HOUSE,66,156302,https://i.scdn.co/image/ab6761610000e5eb3972d2fa4086a30bdc814e64,7.0
MC BRUNO MS,BRAZILIAN FUNK,60,155206,https://i.scdn.co/image/ab6761610000e5ebe38a8fe4518e9f54ce868bce,12.0
MARNIK,BIG ROOM,64,155136,https://i.scdn.co/image/ab6761610000e5eb3800ae1bc084cdb9a216cd45,7.0
JEREMY JORDAN,MUSICALS,66,155012,https://i.scdn.co/image/ab6761610000e5ebf32243f4b9f4ab3346ece91d,7.0
PA. VIJAY,TAMIL DANCE,63,154914,https://i.scdn.co/image/ab67616d0000b273ae8bbcc50ef1e895ef9c0b81,5.0
MAVO,ALTE,71,154679,https://i.scdn.co/image/ab6761610000e5eba67112e161a49ebc098fbf77,2.0
DANIEL BARENBOIM,CLASSICAL,63,154579,https://i.scdn.co/image/ab6761610000e5eb078ae88e99727476235d816f,Outros
CAMERON BOYCE,0,63,154331,https://i.scdn.co/image/ab67616d0000b273c6f3e9102135bbb04e9c5049,3.0
CHRIS LORENZO,BASS HOUSE,60,153892,https://i.scdn.co/image/ab6761610000e5ebf0c4eaa650f582c8062e0fd2,5.0
NICOLAS JULIAN,HARD TECHNO,62,153804,https://i.scdn.co/image/ab6761610000e5eb6e65f5aa10204302d1e7ce8a,5.0
TOMMYMUZZIC,NIGHTCORE,63,152382,https://i.scdn.co/image/ab6761610000e5eb2a376dd84ff516cb4067a615,5.0
2ZDINIZZ,BOOM BAP,65,152342,https://i.scdn.co/image/ab6761610000e5eb319c799e3bbd899bb43d08bd,7.0
CREEDS,HYPERTECHNO,60,152155,https://i.scdn.co/image/ab6761610000e5ebfeb1227d883e3bf4d0843c3f,5.0
PRASHANTHINI,TAMIL POP,61,151712,https://i.scdn.co/image/ab6742d3000053b70ca52c2fd07714b7779df888,5.0
FUSE ODG,AZONTO,60,150686,https://i.scdn.co/image/ab6761610000e5eb1b1294e6c6d496095fd75ba7,5.0
MADK1D,HYPERPOP,64,150535,https://i.scdn.co/image/ab6761610000e5eba52c8b2b8f6f1bbb01e377c8,Outros
KOLJA GOLDSTEIN,GERMAN HIP HOP,63,150512,https://i.scdn.co/image/ab6761610000e5eb92abc4a7e74b76def59ef498,9.0
TOTON CARIBO,LAGU TIMUR,67,150383,https://i.scdn.co/image/ab6761610000e5ebcb90126bc89c7bd595329416,7.0
LUCAS ESTRADA,TROPICAL HOUSE,64,150265,https://i.scdn.co/image/ab6761610000e5eb5b91025fad12323ee575532c,Outros
KENNY DIE,0,63,150211,https://i.scdn.co/image/ab6761610000e5eb9a1635186cf08ef374578a9b,3.0
&TEAM,K-POP,69,763313,https://i.scdn.co/image/ab6761610000e5ebc4204e496cc9fef8d43d388f,9.0
10CC,YACHT ROCK,65,868693,https://i.scdn.co/image/ab6761610000e5eb87ea0df306075f9efd8b6682,Outros
10CM,K-BALLAD,61,1143291,https://i.scdn.co/image/ab6761610000e5eb2445af13cb1a8132388cd566,5.0
25時、ナイトコートて。,VOCALOID,62,539649,https://i.scdn.co/image/ab6761610000e5ebd103439250c5eb427e98d844,5.0
2ZDINIZZ,BOOM BAP,66,156813,https://i.scdn.co/image/ab6761610000e5eb319c799e3bbd899bb43d08bd,7.0
3 DOORS DOWN,POST-GRUNGE,73,4947382,https://i.scdn.co/image/ab6761610000e5eb2064b57344edc592454c8090,Outros
3 PALAVRINHAS,LULLABY,64,300532,https://i.scdn.co/image/ab6761610000e5eb7cb986b1fe6e3bdebed7e69a,7.0
7 MINUTOZ,ANIME RAP,65,7749413,https://i.scdn.co/image/ab6761610000e5eb9aeb71d29f736120ddc00620,Outros
A-HA,NEW WAVE,73,2957104,https://i.scdn.co/image/ab6761610000e5eb0168ba8148c07c2cdeb7d067,Outros
AALIYAH,R&B,66,5065845,https://i.scdn.co/image/ab6761610000e5ebd2493cea701d45401cc79ffd,2.0
AC/DC,ROCK,83,32560157,https://i.scdn.co/image/ab6761610000e5ebc4c77549095c86acb4e77b37,14.0
ADO,J-POP,76,6835493,https://i.scdn.co/image/ab6761610000e5ebbcb1c184c322688f10cdce7a,Outros
AEROSMITH,CLASSIC ROCK,77,16170408,https://i.scdn.co/image/ab6761610000e5ebc5733401b4689b2064458e7d,2.0
AESPA,K-POP,78,9944626,https://i.scdn.co/image/ab6761610000e5eb18d4cb767d2dfe5f4b28ba07,9.0
AJAXX,BRAZILIAN TRAP,66,177582,https://i.scdn.co/image/ab6761610000e5ebc2ad33c1dce243dece4a39b2,8.0
ALCEU VALENCA,MPB,64,1950121,https://i.scdn.co/image/ab6761610000e5ebddf1217b512aecab728c41ab,11.0
ALCIONE,SAMBA,63,1223784,https://i.scdn.co/image/ab6761610000e5eb4c4bfaa865274651bfb5cb4b,5.0
ALESSANDRO VILAS BOAS,GOSPEL,61,1124214,https://i.scdn.co/image/ab6761610000e5eb291a0d4ebd07123c068f4d1e,5.0
ALEXANDRE PIRES,PAGODE,66,748802,https://i.scdn.co/image/ab6761610000e5ebc6aafcde4f379e3c332a17f3,1.0
ALICE COOPER,GLAM ROCK,63,4054475,https://i.scdn.co/image/ab6761610000e5eb33b97c45348420d27fb92d68,Outros
ALICIA KEYS,R&B,80,12993825,https://i.scdn.co/image/ab6761610000e5eb4518cf16a45e35fc0cc82862,2.0
ALPHAVILLE,SYNTHPOP,71,1096852,https://i.scdn.co/image/ab6761610000e5eb3f8779bb1c97be855c6b51a8,Outros
ALTER BRIDGE,POST-GRUNGE,62,1243730,https://i.scdn.co/image/ab6761610000e5ebae029ef07ce6eeee24e1a2a6,Outros
AMADO BATISTA,BREGA,63,992896,https://i.scdn.co/image/ab6761610000e5ebf3cb050e116f26af491d3801,0.0
AMERICA,YACHT ROCK,72,2086759,https://i.scdn.co/image/ab6761610000e5eb1918619d3b26c6cb16084997,Outros
ANA CAROLINA,MPB,60,1660102,https://i.scdn.co/image/ab6761610000e5eb787e90f9431758e97ab8e95d,11.0
ANAVITORIA,MPB,73,7485621,https://i.scdn.co/image/ab6761610000e5eb7bf0675e8644f27233931f91,11.0
AND ONE,EBM,62,295179,https://i.scdn.co/image/ab67616d0000b273cb184ac2977824f989ebad9c,5.0
ANDERSON FREIRE,GOSPEL,61,4208351,https://i.scdn.co/image/ab6761610000e5ebcd6c889e3da0b84988bd616b,5.0
ANDERSON NEIFF,BREGA FUNK,65,747821,https://i.scdn.co/image/ab6761610000e5eb432c91474c1d2e5294991608,7.0
ANDRE RIEU,CLASSICAL,67,1371650,https://i.scdn.co/image/ab6761610000e5eb85740abbdaffd46a96d3cffc,Outros
ANDREA BOCELLI,OPERA,72,3228379,https://i.scdn.co/image/ab6761610000e5ebfb101ed2a035fcfa2bd6fee1,Outros
ANIRAP,ANIME RAP,63,1356625,https://i.scdn.co/image/ab6761610000e5eba244f74b1ac9bb619b9cdcbe,Outros
ANNIE LENNOX,SYNTHPOP,71,1767674,https://i.scdn.co/image/2bf002eded5952f81c6254286d9a2d354586f070,Outros
ANTONIO CARLOS JOBIM,BOSSA NOVA,69,875383,https://i.scdn.co/image/25438d99922a46a53792e1496b31159ad386806a,Outros
ANTONIO VIVALDI,CLASSICAL,72,2734087,https://i.scdn.co/image/9785700bae86f991f78183076861c7342a4bcf90,Outros
AOA,K-POP,61,893167,https://i.scdn.co/image/ab67616d0000b27336adcea4e93245f1fec547df,9.0
APOCALYPTICA,SYMPHONIC METAL,62,1168405,https://i.scdn.co/image/ab6761610000e5ebd5b5240aa1e0454e3ea2eb72,Outros
ARLINDO CRUZ,SAMBA,65,1001429,https://i.scdn.co/image/ab6761610000e5eb181873f93056642d7b340839,5.0
ASHANTI,R&B,72,3586213,https://i.scdn.co/image/ab6761610000e5eb1ebb81323a96e465ad20b932,2.0
ASKING ALEXANDRIA,METALCORE,64,2435275,https://i.scdn.co/image/ab6761610000e5ebd07f0b3d8b5c9576f15f1fb1,0.0
ATITUDE 67,PAGODE,61,1246520,https://i.scdn.co/image/ab6761610000e5eb570cd4c70491e10839abb3e9,1.0
ATLXS,PHONK,75,516242,https://i.scdn.co/image/ab6761610000e5eb0dbdfe724b5e256b8ed0327a,2.0
AUDIOSLAVE,GRUNGE,72,5200782,https://i.scdn.co/image/ab6761610000e5eb5a865295befda9e060a72cb0,Outros
AVENGED SEVENFOLD,METAL,77,11852497,https://i.scdn.co/image/ab6761610000e5eb097658d63473ecb243ed4b1f,Outros
AZZY,BRAZILIAN HIP HOP,63,347790,https://i.scdn.co/image/ab6761610000e5ebfbfbb1fbe3dd682a67e560dd,9.0
B.B. KING,BLUES,62,2862745,https://i.scdn.co/image/ffb3ff26238fe635a230bb0feb59dd0a5b209b6f,Outros
BACO EXU DO BLUES,BRAZILIAN HIP HOP,73,4295495,https://i.scdn.co/image/ab6761610000e5ebca03bdb105d972069aea55d4,9.0
BAD COMPANY,CLASSIC ROCK,61,1372804,https://i.scdn.co/image/65d37e5c4ee9ef8bfb76de6a17e7c05316199724,5.0
BAD RELIGION,PUNK,61,1388613,https://i.scdn.co/image/ab6761610000e5eb785d6af86b16c8747ff61e42,Outros
BAD WOLVES,METAL,63,902614,https://i.scdn.co/image/ab6761610000e5eb620e9911e10064bcbf2d7481,Outros
BAMBAM,K-POP,60,696276,https://i.scdn.co/image/ab6761610000e5eb12644c9df4324596873dbdcb,9.0
BEAR MCCREARY,CELTIC,61,244022,https://i.scdn.co/image/ab6761610000e5eb7cfb8906597801fcadec3513,5.0
BEE GEES,DISCO,78,9440565,https://i.scdn.co/image/1d5a05673975ba0c378cd280344e000b0b865620,Outros
BELCHIOR,MPB,60,1160466,https://i.scdn.co/image/ab6761610000e5eb3108834ef947e4747ed68bcf,11.0
BELO,PAGODE,70,2203426,https://i.scdn.co/image/ab6761610000e5eb83036a4880a6984579630eb7,1.0
BERLINER PHILHARMONIKER,CLASSICAL,75,264338,https://i.scdn.co/image/ab6761610000e5eb055b7b456a9d22d6ae1ed18f,Outros
BIBI,K-POP,68,2075852,https://i.scdn.co/image/ab6761610000e5ebd7102187f27111bf9361de09,9.0
BIBI BABYDOLL,PHONK,64,410033,https://i.scdn.co/image/ab6761610000e5eb5efb6403bc1ccb66777829f9,7.0
BIELZIN,BRAZILIAN TRAP,60,580404,https://i.scdn.co/image/ab6761610000e5eb7d14b158cf57e949f00fe06f,8.0
BJORK,ART POP,75,2501168,https://i.scdn.co/image/ab6761610000e5eb8885fa2ceadc7658d65e1121,6.0
BK,BRAZILIAN HIP HOP,74,2363806,https://i.scdn.co/image/ab6761610000e5ebaedd984d97865aef05fb6060,9.0
BLACK ALIEN,BRAZILIAN HIP HOP,60,608801,https://i.scdn.co/image/ab6761610000e5ebba2786969b06c231b04a3f80,9.0
BLACK PUMAS,RETRO SOUL,63,1187287,https://i.scdn.co/image/ab6761610000e5eb39d27eaedd0adde305e9c98f,Outros
BLACK VEIL BRIDES,EMO,61,2097472,https://i.scdn.co/image/ab6761610000e5ebb6f2737a61158bf977b9dcdf,Outros
BLACKSTREET,NEW JACK SWING,64,1014960,https://i.scdn.co/image/ab6761610000e5ebf6fc18d6914f00397161ba3a,7.0
BLIND MELON,GRUNGE,60,1324179,https://i.scdn.co/image/ab6761610000e5ebdcc3fe6af94c5c178a36d006,Outros
BLUR,BRITPOP,69,3961842,https://i.scdn.co/image/ab6761610000e5eb00620d736644d2359ce99430,Outros
BOL4,K-POP,61,2192260,https://i.scdn.co/image/ab6761610000e5eb4a970fe13b80298b5621d657,9.0
BOM GOSTO,PAGODE,60,1245762,https://i.scdn.co/image/ab6761610000e5ebcf9826d14a38e16d8ba9cd50,1.0
BOYNEXTDOOR,K-POP,71,1931447,https://i.scdn.co/image/ab6761610000e5ebc64f94c8865d670cb97ab49e,9.0
BRANDAO85,BRAZILIAN TRAP,67,249618,https://i.scdn.co/image/ab6761610000e5eb89200b970cd38925fb1d4a2e,8.0
BRANDY,R&B,68,4152200,https://i.scdn.co/image/ab6761610000e5eb0475a5b9a265a25e5dcafae8,2.0
BREAKING BENJAMIN,ALTERNATIVE METAL,73,5189530,https://i.scdn.co/image/ab6761610000e5ebff528d242b11fdc4261d05da,Outros
BRENNO & MATHEUS,AGRONEJO,66,350653,https://i.scdn.co/image/ab6761610000e5ebbf19b1044d152d7aa06dfc13,Outros
BRIAN ENO,AMBIENT,62,835835,https://i.scdn.co/image/ab6761610000e5eb5533ce5711f95f0c436b30fe,5.0
BROCASITO,BRAZILIAN TRAP,62,745746,https://i.scdn.co/image/ab6761610000e5eb16e33119d5128712e6b81218,8.0
BRONSKI BEAT,SYNTHPOP,62,673696,https://i.scdn.co/image/ab6761610000e5eb63ee00018727ae16e4d0ecef,Outros
BRUNA KARLA,GOSPEL,61,4568812,https://i.scdn.co/image/ab6761610000e5ebda4aaaa76080258d5c505f30,5.0
BRUNO & MARRONE,SERTANEJO,75,6931485,https://i.scdn.co/image/ab6761610000e5eb89ab81f9f79756a4127d6224,10.0
BRYAN FERRY,GLAM ROCK,60,693122,https://i.scdn.co/image/ab6761610000e5ebdf091b136d3911958c29edae,Outros
BUFFALO SPRINGFIELD,FOLK ROCK,62,945521,https://i.scdn.co/image/b701ba75981d0b9aeef036b9fab4e3c96609e364,Outros
BUSH,GRUNGE,65,2121750,https://i.scdn.co/image/ab6761610000e5eb613262f46eb899a84d0c5442,Outros
BUSTA RHYMES,EAST COAST HIP HOP,72,3201267,https://i.scdn.co/image/ab6761610000e5eb7b31aba081ef084510cde4e3,Outros
CAETANO VELOSO,MPB,68,2624652,https://i.scdn.co/image/ab6761610000e5ebcffb538293045411d2b51b8a,11.0
CAJU PRA BAIXO,PAGODE,60,187483,https://i.scdn.co/image/ab6761610000e5eb5bcacb960e4040d665c01b78,1.0
CAKE,ALTERNATIVE ROCK,62,1320067,https://i.scdn.co/image/ab6761610000e5ebb8bf71301acec36f0256c0f8,3.0
CALCINHA PRETA,FORRO,67,1539796,https://i.scdn.co/image/ab6761610000e5eb8a03f908ece3a577ed59691c,8.0
CAPITAL INICIAL,BRAZILIAN ROCK,64,3042481,https://i.scdn.co/image/ab6761610000e5ebc4d7ff8212967e607b22627b,9.0
CAROL BIAZIN,BRAZILIAN POP,67,499755,https://i.scdn.co/image/ab6761610000e5eb0597e920287919b83192af5a,1.0
CASA WORSHIP,GOSPEL,63,1134344,https://i.scdn.co/image/ab6761610000e5eb1166cd528a48f976066a4efd,5.0
CASKETS,METALCORE,60,232327,https://i.scdn.co/image/ab6761610000e5eb7094e150185be7496961ec17,0.0
CASSIA ELLER,MPB,64,2588443,https://i.scdn.co/image/ab6761610000e5eb173e5ef74a4a36decb5dc213,11.0
CAZUZA,MPB,64,2447382,https://i.scdn.co/image/ab6761610000e5ebabc390d0dfc8c9d31f413518,11.0
CESAR MENOTTI & FABIANO,SERTANEJO,63,3108542,https://i.scdn.co/image/ab6761610000e5eb89bdf5fdaec9c7fdecad1d37,10.0
CHARLIE BROWN JR.,BRAZILIAN ROCK,76,9271053,https://i.scdn.co/image/ab6761610000e5eb67bc48f32d1cc16497865361,9.0
CHIC,DISCO,62,818141,https://i.scdn.co/image/ab6761610000e5eb4c74c17081e7e0ef8b5eb323,Outros
CHICO BUARQUE,MPB,64,1807899,https://i.scdn.co/image/ab6761610000e5eb1f33f0eccfef05940a1ef879,11.0
CHICO REY & PARANA,SERTANEJO TRADICIONAL,63,1338124,https://i.scdn.co/image/ab6761610000e5eb9e47bd6dd1ee600b9ee8c290,13.0
CHITAOZINHO & XORORO,SERTANEJO TRADICIONAL,68,2758342,https://i.scdn.co/image/ab6761610000e5ebd5fcda04e60405d7e5ca3fb1,13.0
CHRIS BROWN,R&B,89,28738348,https://i.scdn.co/image/ab6761610000e5eb01513fbafb66a3ca4f28b299,2.0
CHRIS CORNELL,GRUNGE,61,2319145,https://i.scdn.co/image/f7db2b2d592dd542e7470e2307a5848060837565,Outros
CHRISTOPHER LARKIN,SOUNDTRACK,69,184164,https://i.scdn.co/image/ab6761610000e5eb22c3ebc48fc86c3bfdc47dfe,7.0
CLAUDIA LEITTE,AXE,62,1063029,https://i.scdn.co/image/ab6761610000e5ebf124d80ad340b6e83abad60f,8.0
CLAYTON & ROMARIO,SERTANEJO,73,786926,https://i.scdn.co/image/ab6761610000e5ebcabd59fee95ad2f700a5702e,10.0
CLEBER & CAUAN,SERTANEJO,66,1861069,https://i.scdn.co/image/ab6761610000e5eb0839f693e8402ad5db001846,10.0
COCTEAU TWINS,DREAM POP,67,1409579,https://i.scdn.co/image/ab6761610000e5eb00f01cecce8a4475c3de0998,Outros
COLO DE DEUS,WORSHIP,64,1097655,https://i.scdn.co/image/ab6761610000e5eb2e46c518e592cba6800363f2,7.0
COMMODORES,MOTOWN,66,2139370,https://i.scdn.co/image/ab6761610000e5eb21a213a4fe1a6f9b45d3f7f9,7.0
CORONA,EURODANCE,61,275537,https://i.scdn.co/image/ab6761610000e5eb8c5ccdc0da89e063165f0d89,5.0
CPM 22,BRAZILIAN ROCK,62,891257,https://i.scdn.co/image/ab6761610000e5eb9d47a0ac0893c45ed558d221,9.0
CRAZY TOWN,RAP ROCK,63,599789,https://i.scdn.co/image/ab6761610000e5eb62a327b7a4b1aa7c9ec7dfe2,Outros
CREAM,CLASSIC ROCK,62,2655210,https://i.scdn.co/image/aab6a0a0e9ca2ab17460b0451e59ba507cc5802a,5.0
CREED,POST-GRUNGE,75,4372837,https://i.scdn.co/image/ab6761610000e5eb0d86c8971cc4d6fa63d58bae,Outros
CRIOLO,BRAZILIAN HIP HOP,60,1109139,https://i.scdn.co/image/ab6761610000e5ebb4eff86493d7392fa01ef557,9.0
CRISTIANO ARAUJO,SERTANEJO,65,5780896,https://i.scdn.co/image/ab6761610000e5ebf38f954f74a726b4b6cf2147,10.0
CROSSFADE,POST-GRUNGE,60,1076422,https://i.scdn.co/image/ab6761610000e5eb4af16bc8b87ea8f3b7048060,Outros
CULTURE BEAT,EURODANCE,60,241155,https://i.scdn.co/image/ab6761610000e5eb07a45374a303dab4d637bb2d,5.0
DALLASS,BRAZILIAN TRAP,72,359411,https://i.scdn.co/image/ab6761610000e5eb9b36de3852c1c803e2934258,8.0
DAMIAN MARLEY,REGGAE,69,1886550,https://i.scdn.co/image/f05f2667aac2bbccd9bf8fcc658b647533257f16,0.0
DANIEL,SERTANEJO TRADICIONAL,64,2024102,https://i.scdn.co/image/ab6761610000e5eb0e18aa81ac38d5a9274501c5,13.0
DANILO E DAVI,SERTANEJO,70,325988,https://i.scdn.co/image/ab6761610000e5ebd6982a422d609e0986ecea5e,10.0
DANNY ELFMAN,SOUNDTRACK,66,497814,https://i.scdn.co/image/ab6761610000e5ebf741706530dbd36d43078b98,7.0
DAVI SACER,GOSPEL,60,1875381,https://i.scdn.co/image/ab6761610000e5eba4c6eb5f6ab2345208e4cf72,5.0
DAYSEEKER,METALCORE,68,511908,https://i.scdn.co/image/ab6761610000e5eb43762a7f15b8a47a8e999fa9,0.0
DEAN,K-RAP,62,1567663,https://i.scdn.co/image/ab6761610000e5eb0380068b5097515265c51f4b,Outros
DECO*27,VOCALOID,64,1224527,https://i.scdn.co/image/ab6761610000e5eb172e8da719488cb0da105cfd,7.0
DEEP PURPLE,HARD ROCK,67,6020073,https://i.scdn.co/image/ab6761610000e5eb3a475812e97ee788cfd5fd1a,Outros
DEFTONES,NU METAL,83,7880405,https://i.scdn.co/image/ab6761610000e5ebe3ac5eb948e78d9285d1dbdb,4.0
DEPECHE MODE,NEW WAVE,75,7442443,https://i.scdn.co/image/ab6761610000e5ebaff13c9484fdad590ccfb73c,Outros
DEREK,BRAZILIAN TRAP,61,540718,https://i.scdn.co/image/ab6761610000e5eb7a43d85a2421db006351030a,8.0
DESEJO DE MENINA,FORRO,61,1079254,https://i.scdn.co/image/ab6761610000e5eb71c9ca209a05408ec3698106,8.0
DETONAUTAS,BRAZILIAN ROCK,62,1165113,https://i.scdn.co/image/ab6761610000e5ebb19cf97aea0a0c0ff1543172,9.0
DFIDELIZ,BRAZILIAN TRAP,63,914985,https://i.scdn.co/image/ab6761610000e5eb095b7f81651c6d9384104e02,8.0
DI PAULLO & PAULINO,SERTANEJO TRADICIONAL,62,1215586,https://i.scdn.co/image/ab6761610000e5eb9df9afea38f4e1e71bd7b49e,13.0
DI PROPOSITO,PAGODE,66,779528,https://i.scdn.co/image/ab6761610000e5ebf4de5820dc512a479527fc6f,1.0
DIEGO & ARNALDO,SERTANEJO,68,1540539,https://i.scdn.co/image/ab6761610000e5eb6309cc0e5ea99333aaea57e8,10.0
DIEGO & VICTOR HUGO,SERTANEJO,77,3938861,https://i.scdn.co/image/ab6761610000e5eb713d2a5853dcb4e8dc06b6c9,10.0
DIGGY GRAVES,HORRORCORE,62,348492,https://i.scdn.co/image/ab6761610000e5eb76214b84dc4393e4836a3920,5.0
DIO,HEAVY METAL,62,3000271,https://i.scdn.co/image/ab6761610000e5eb555c8199ba80168cfeafdfbc,0.0
DIOGO NOGUEIRA,SAMBA,62,957004,https://i.scdn.co/image/ab6761610000e5eb182aba85497873743fee015a,5.0
DIRE STRAITS,CLASSIC ROCK,79,8941902,https://i.scdn.co/image/ab6761610000e5eb4bdaa8c5e65b64f50549c393,2.0
DJ GM,FUNK CONSCIENTE,69,752251,https://i.scdn.co/image/ab6761610000e5eb24caac67a8a016f85c99d3ee,7.0
DJ NENE,BRAZILIAN FUNK,64,186895,https://i.scdn.co/image/ab6761610000e5eb1a77274c5bd1b96e518fb6b2,12.0
DJAVAN,MPB,70,3767732,https://i.scdn.co/image/ab6761610000e5ebe699e9c224d7602835111180,11.0
DONNA SUMMER,DISCO,65,2175163,https://i.scdn.co/image/ab6761610000e5eb9e708b5a9b76b98301d35123,Outros
DONNY HATHAWAY,SOUL,64,665191,https://i.scdn.co/image/2c9a122b0f6a1c6f083b1725f309d3a25636f4ae,7.0
DROPS INA,GOSPEL,60,313709,https://i.scdn.co/image/ab6761610000e5ebc4ce932a1cd70958b2d9b571,5.0
DROWNING POOL,NU METAL,64,2482149,https://i.scdn.co/image/ab6761610000e5eb4501ba57fdddf77368c589ff,4.0
DUBDOGZ,BRAZILIAN BASS,65,507579,https://i.scdn.co/image/ab6761610000e5eb341d261680f3a566557f77ac,8.0
DURAN DURAN,NEW WAVE,73,3623673,https://i.scdn.co/image/ab6761610000e5eb873c478913e5a70527b9442a,Outros
"EARTH, WIND & FIRE",FUNK,75,5134324,https://i.scdn.co/image/ab6761610000e5eb9722e16a886767adf1178f92,Outros
EDSON & HUDSON,SERTANEJO,61,1830772,https://i.scdn.co/image/ab6761610000e5ebe2a4634c932a89727f383ccc,10.0
EDSON GOMES,REGGAE,61,501103,https://i.scdn.co/image/ab6761610000e5eb66bb423ccf66e1b9a7100557,0.0
EDUARDO COSTA,SERTANEJO TRADICIONAL,70,3941603,https://i.scdn.co/image/ab6761610000e5eb724c358805e181037758f986,13.0
EJAE,K-POP,88,500905,https://i.scdn.co/image/ab6761610000e5eb823e267b7aeb50d2ab58cc94,9.0
ELIS REGINA,MPB,63,1551551,https://i.scdn.co/image/ab6761610000e5eb0fa315c76bb4539c6efa2966,11.0
EMICIDA,BRAZILIAN HIP HOP,63,1885756,https://i.scdn.co/image/ab6761610000e5ebf2500763c557f3625e9ad1ac,9.0
ENGENHEIROS DO HAWAII,BRAZILIAN ROCK,67,2658328,https://i.scdn.co/image/ab6761610000e5ebb2c3fe2657126650f27ccae6,9.0
ERASURE,SYNTHPOP,63,1195621,https://i.scdn.co/image/ab6761610000e5eb8415569615b5c7f5c03c8594,Outros
ERIC LAND,PISEIRO,63,1274023,https://i.scdn.co/image/ab6761610000e5eb5e52ac94f23bcdef66f2459e,7.0
ESCAPE THE FATE,EMO,61,1462201,https://i.scdn.co/image/ab6761610000e5eb8b683fb42bab8b7eb5093134,Outros
EUROPE,GLAM METAL,65,2004594,https://i.scdn.co/image/ab6761610000e5ebe99fd2e4f7019aa6cb8a26e9,Outros
EURYTHMICS,NEW WAVE,69,2356490,https://i.scdn.co/image/ab6761610000e5eb145a01fb993c3088fe6ac5e7,Outros
EVANESCENCE,ALTERNATIVE METAL,77,6314091,https://i.scdn.co/image/ab6761610000e5eb7ecf213c7dd78e0049379c5b,Outros
EVE,ANIME,67,2647092,https://i.scdn.co/image/ab6761610000e5eb5f10809c41ee1ae69b94fdbb,Outros
EXALTASAMBA,PAGODE,67,2288410,https://i.scdn.co/image/ab67616d0000b27302e4a8d93ee164e5bd371052,1.0
EXO,K-POP,69,10237961,https://i.scdn.co/image/ab6761610000e5ebaf3c4b988a6fef40843cdc83,9.0
FALAMANSA,FORRO,61,520039,https://i.scdn.co/image/ab6761610000e5ebf08089d75607c810c9ba0b6e,8.0
FELIPE E RODRIGO,SERTANEJO,74,570621,https://i.scdn.co/image/ab6761610000e5ebbbc6201230b5aae962a37dc9,10.0
FELIPE RODRIGUES,GOSPEL,65,183031,https://i.scdn.co/image/ab6761610000e5eb1c2daeded85cf5c5ff26faef,7.0
FELIX,ANIME,60,772188,https://i.scdn.co/image/ab6761610000e5eb51e1a166ae0cc73d8ec19909,Outros
FENNECXX,PHONK,65,160100,https://i.scdn.co/image/ab6761610000e5ebd915950ade7fd7d760c97042,7.0
FERRUGEM,PAGODE,76,6370463,https://i.scdn.co/image/ab6761610000e5ebd25f86760d4360b22f8696da,1.0
FHOP MUSIC,GOSPEL,69,907721,https://i.scdn.co/image/ab6761610000e5eb83e0cb2b660c8526bde0b8b2,7.0
FIDUMA & JECA,SERTANEJO,65,635665,https://i.scdn.co/image/ab6761610000e5eb4f7894a48552ce46dd08194b,10.0
FLORA MATOS,BRAZILIAN HIP HOP,60,629956,https://i.scdn.co/image/ab6761610000e5eb7f25349a142a2a41fc51af7b,9.0
FOREIGNER,AOR,74,3881132,https://i.scdn.co/image/ab6761610000e5eb8a23eb82ac13bfc05ccc3b5e,Outros
FORT MINOR,RAP ROCK,61,711303,https://i.scdn.co/image/ab6761610000e5eb53a76aaa221c3214f14c4c21,Outros
FRANZ LISZT,CLASSICAL PIANO,66,919184,https://i.scdn.co/image/9ec531e3712e68c72ae3cf06f17e4055a615c4bf,7.0
FREI GILSON,GOSPEL,66,1448647,https://i.scdn.co/image/ab6761610000e5ebe958b9bdb770560b428b2f13,7.0
FROID,BRAZILIAN HIP HOP,61,1255231,https://i.scdn.co/image/ab6761610000e5ebec7067e407017e93de91f472,9.0
FUEL,POST-GRUNGE,60,941585,https://i.scdn.co/image/ab6761610000e5eb1f8b7467250357bd9b7d97dd,Outros
G.A,BRAZILIAN TRAP,68,222631,https://i.scdn.co/image/ab6761610000e5ebd8ade6183cfa19e54a957324,8.0
GAAB,PAGODE,66,1714933,https://i.scdn.co/image/ab6761610000e5eb15aab7a8920a4b6f9df4519e,1.0
GABB MC,BRAZILIAN FUNK,66,1133447,https://i.scdn.co/image/ab6761610000e5ebf401cb2fef8f656b39f30da6,12.0
GABRIEL GUEDES DE ALMEIDA,GOSPEL,64,1300548,https://i.scdn.co/image/ab6761610000e5eb54b4f747e95495b6eb080817,7.0
GAL COSTA,MPB,64,1204179,https://i.scdn.co/image/ab6761610000e5ebce25c56eb261c36e5ebc7864,11.0
GALINHA PINTADINHA,LULLABY,65,382950,https://i.scdn.co/image/ab6761610000e5eb624a49a01efc05b7f9a99b42,7.0
GAMADINHO,PAGODE,61,239127,https://i.scdn.co/image/ab6761610000e5eb4d4062cecf0cf878c3308114,1.0
GAMECHOPS,LO-FI,65,164618,https://i.scdn.co/image/ab6761610000e5ebdbe0ba8062f710331f9ba840,7.0
GEESE,ART ROCK,67,223371,https://i.scdn.co/image/ab6761610000e5ebbc9546a945c7563a9eb21f3d,Outros
GENESIS,PROGRESSIVE ROCK,71,3764559,https://i.scdn.co/image/ab6761610000e5eba6a5c327ebbc1131effef2e0,Outros
GEORGE HENRIQUE & RODRIGO,SERTANEJO,65,1945813,https://i.scdn.co/image/ab6761610000e5eb10a5fe0e2313d4b33312da41,10.0
GFRIEND,K-POP,60,1871410,https://i.scdn.co/image/ab6761610000e5eb147d34b8d51da48913a8d023,9.0
GIACOMO PUCCINI,OPERA,62,507678,https://i.scdn.co/image/98aef2b83b0148a90f9c60a163e08197f9d8606b,Outros
GILBERTO GIL,MPB,66,1567792,https://i.scdn.co/image/ab6761610000e5ebdf423bfb01afb1cf3d60d61a,11.0
GILSONS,NEW MPB,65,486780,https://i.scdn.co/image/ab6761610000e5eb919bcf8dda8256a250d10d26,7.0
GINO & GENO,SERTANEJO TRADICIONAL,62,1362786,https://i.scdn.co/image/ab67616d0000b273ad511db7a8569e0f0c5ab12c,13.0
GIRLS' GENERATION,K-POP,64,2850622,https://i.scdn.co/image/ab6761610000e5eb385df356841aaec34a0914aa,9.0
GIUSEPPE VERDI,OPERA,63,720358,https://i.scdn.co/image/29dcc5fb26df65b722073e5246c6a430e9968aa7,Outros
GLORIA GROOVE,BRAZILIAN POP,68,3812761,https://i.scdn.co/image/ab6761610000e5ebaad09ce7fdb0906a834a204e,1.0
GODSMACK,ALTERNATIVE METAL,68,3714748,https://i.scdn.co/image/ab6761610000e5ebe024531c06e7de54f84ea6fd,Outros
GOT7,K-POP,62,6701366,https://i.scdn.co/image/ab6761610000e5eb51636490d389e8d2ab96026e,9.0
GRELO,SERESTA,68,1185706,https://i.scdn.co/image/ab6761610000e5eb3ff05498bb536e945cb0142a,7.0
GRUPO FUNDO DE QUINTAL,SAMBA,61,876896,https://i.scdn.co/image/ab6761610000e5eb58263fbfbb58e1de70801090,5.0
GRUPO REVELACAO,PAGODE,71,2275818,https://i.scdn.co/image/ab6761610000e5ebc2523529fb46fb0697fa6b9c,1.0
GUILHERME & SANTIAGO,SERTANEJO,63,2301509,https://i.scdn.co/image/ab6761610000e5eba8c8480ed3ccf589060a0ebe,10.0
GUNS N' ROSES,ROCK,82,35556365,https://i.scdn.co/image/ab6761610000e5eb50defaf9fc059a1efc541f4c,14.0
HADDAWAY,EURODANCE,67,487519,https://i.scdn.co/image/ab6761610000e5eb53842a09c7f84fda4255b3ea,7.0
HEART,CLASSIC ROCK,69,3028326,https://i.scdn.co/image/ab6772690000c46c469d216a8920e0df099e4621,7.0
HELLOWEEN,POWER METAL,61,1399991,https://i.scdn.co/image/ab6761610000e5eb7d6b878498239115a09316d3,Outros
HENRIQUE & DIEGO,SERTANEJO,62,2895671,https://i.scdn.co/image/ab6761610000e5eb4a499046e6a429ac8e4d1d9a,10.0
HENRIQUE & JULIANO,SERTANEJO,87,30582521,https://i.scdn.co/image/ab6761610000e5eb30f0dc81183daaee971c2601,10.0
HENRY FREITAS,FORRO,67,1172993,https://i.scdn.co/image/ab6761610000e5eb7cc837dc20d206cdc60f3dd6,8.0
HERBERT VON KARAJAN,CLASSICAL,70,200958,https://i.scdn.co/image/ab6761610000e5ebf67fde1740e91a88445d5bdd,Outros
HILLSONG UNITED,WORSHIP,71,4267311,https://i.scdn.co/image/ab6761610000e5eb08b1ae876402b0a3c83d0030,2.0
HIM,GOTHIC METAL,67,1090487,https://i.scdn.co/image/bceb7fc52d4b64709d487f716befe43ef8273b1a,7.0
HINDER,POST-GRUNGE,63,2091007,https://i.scdn.co/image/ab6761610000e5ebc7e44fb962c3eda2e2013a00,Outros
HOOBASTANK,NU METAL,68,2765459,https://i.scdn.co/image/ab6761610000e5ebb6f14120a7c97c531c2ebdcc,4.0
HOYO-MIX,SOUNDTRACK,74,800965,https://i.scdn.co/image/ab6761610000e5eb9e83221b244b3ec23d8faa58,2.0
HUGO HENRIQUE,SERTANEJO,60,249675,https://i.scdn.co/image/ab6761610000e5ebc94f0d6de1959986e65710e7,10.0
HUMBERTO & RONALDO,SERTANEJO,75,1908551,https://i.scdn.co/image/ab6761610000e5eb52600a1b70dbaa0f63fc7dd5,10.0
HUNGRIA,BRAZILIAN HIP HOP,75,11527433,https://i.scdn.co/image/ab6761610000e5eb7c82ddc68c54bcffb9f7a034,9.0
HWASA,K-POP,64,5681248,https://i.scdn.co/image/ab6761610000e5eb8f9fae0a4883b92545cabe60,9.0
I PREVAIL,METALCORE,70,1891235,https://i.scdn.co/image/ab6761610000e5eba26ab7baa4a50f469edbfd76,0.0
I-DLE,K-POP,71,11043025,https://i.scdn.co/image/ab6761610000e5eb732a090e736faef27779d24e,9.0
ICARO E GILMAR,SERTANEJO,78,851430,https://i.scdn.co/image/ab6761610000e5ebefc6b2c764a0b94c8b4ad575,10.0
IDLES,POST-PUNK,62,846239,https://i.scdn.co/image/ab6761610000e5eb15a2ab2d3913d5b998e93e71,Outros
IGGY POP,PROTO-PUNK,65,1798399,https://i.scdn.co/image/ab6761610000e5eb21e6d14c3d8aab9887380d00,Outros
IGUINHO E LULINHA,FORRO,65,1820999,https://i.scdn.co/image/ab6761610000e5ebe3ef81c3176d4b8e7d6da6c4,8.0
IL VOLO,OPERA,60,789605,https://i.scdn.co/image/ab6761610000e5ebd5ce3d93025863d358017c4b,Outros
ILLIT,K-POP,77,4007729,https://i.scdn.co/image/ab6761610000e5eb169a757a7d0ba53a33984416,9.0
INI KAMOZE,REGGAE,60,238617,https://i.scdn.co/image/dc120e719cd173c59ba90c2cc1c5710543930de3,0.0
INNER CIRCLE,REGGAE,63,503761,https://i.scdn.co/image/ab6761610000e5eb0ec60bb44bb36a4bc5beb3a0,0.0
IRON MAIDEN,HEAVY METAL,73,10432480,https://i.scdn.co/image/ab6761610000e5ebf9978ad4808f6f2723124d19,0.0
ISRAEL & RODOLFFO,SERTANEJO,70,3799712,https://i.scdn.co/image/ab6761610000e5eb2ee2bb3155d63c3c618993f6,10.0
ITZHAK PERLMAN,CLASSICAL,64,176574,https://i.scdn.co/image/f1658bc66d1f99ab6d118f26a2abaf7dc33a272f,Outros
ITZY,K-POP,70,8964687,https://i.scdn.co/image/ab6761610000e5eb81c00b4e062603d8159b1ad8,9.0
IVE,K-POP,72,6356051,https://i.scdn.co/image/ab6761610000e5eba9c8608865ca7eded5520359,9.0
IVETE SANGALO,AXE,66,2223412,https://i.scdn.co/image/ab6761610000e5ebed5aa22cb136fc5f75427fea,8.0
IZA,BRAZILIAN POP,61,4755388,https://i.scdn.co/image/ab6761610000e5ebdf5471e7c451d863458eba3c,1.0
IZNA,K-POP,62,396086,https://i.scdn.co/image/ab6761610000e5ebe5471cb5eb32eadd9f8d492f,9.0
JACKSON WANG,K-POP,62,4294767,https://i.scdn.co/image/ab6761610000e5eb696194c84834e1c1782958c3,9.0
JADS & JADSON,SERTANEJO,63,1411542,https://i.scdn.co/image/ab6761610000e5eb89875a17e87e5a34d85ce42d,10.0
JAMES,BRITPOP,61,630430,https://i.scdn.co/image/ab6761610000e5eb62e8e4e1ac153f2c1851c3e9,Outros
JAMES ARTHUR,SOFT POP,81,20960727,https://i.scdn.co/image/ab6761610000e5eb5a55e66595e80fb12dc5f5fa,Outros
JAMES BROWN,FUNK,64,2332499,https://i.scdn.co/image/ab6761610000e5eb158342aa8bb8a192c778f2a5,Outros
JAMES HORNER,SOUNDTRACK,65,354329,https://i.scdn.co/image/cf3b34dae12d2d8147b8c2b39387047778d587e3,7.0
JAMES HYPE,HOUSE,71,502355,https://i.scdn.co/image/ab6761610000e5eb9831431abd5c375ef7fbb1ee,2.0
JAMES NEWTON HOWARD,SOUNDTRACK,64,418301,https://i.scdn.co/image/ab6761610000e5ebe9d190a9e39a772d84b068ab,7.0
JANIS JOPLIN,CLASSIC ROCK,61,3596511,https://i.scdn.co/image/ab6761610000e5ebbf0ee2c099003f6886e4da0c,5.0
JAO,BRAZILIAN POP,63,3435647,https://i.scdn.co/image/ab6761610000e5ebc4bed49b3a6321d7a2097ace,1.0
JAY-Z,HIP HOP,84,10497912,https://i.scdn.co/image/ab6761610000e5ebc75afcd5a9027f60eaebb5e4,Outros
JAZMINE SULLIVAN,R&B,62,2193654,https://i.scdn.co/image/ab6761610000e5ebe85d25b9286d6815ddb0d82a,2.0
JEREMY SOULE,MEDIEVAL,66,191139,https://i.scdn.co/image/ab6761610000e5ebeee6850d24bde3815a42f83f,7.0
JIMI HENDRIX,PSYCHEDELIC ROCK,68,7407136,https://i.scdn.co/image/ab6761610000e5eb90c8b988fa6e6b40e0d0bf81,7.0
JIMIN,K-POP,79,10949407,https://i.scdn.co/image/ab6761610000e5ebcb08296cca5a2d197caabb79,9.0
JIMMY CLIFF,REGGAE,63,869570,https://i.scdn.co/image/ab6761610000e5eb11bdad2b191ac35053d34bd2,0.0
JIN,K-POP,80,9809938,https://i.scdn.co/image/ab6761610000e5eb88d8bdd33e8395f94af933b7,9.0
JOAN JETT & THE BLACKHEARTS,ROCK,64,1137480,https://i.scdn.co/image/ab6761610000e5eb18b65165ad4f5f1c188efc0b,14.0
JOAO GILBERTO,BOSSA NOVA,63,700571,https://i.scdn.co/image/ab6761610000e5ebc18449a640fefd04cfe62359,Outros
JOAO PAULO & DANIEL,SERTANEJO TRADICIONAL,62,1029423,https://i.scdn.co/image/ab67616d0000b2732dd66926b91f395688b1022d,13.0
JOE,R&B,65,2210552,https://i.scdn.co/image/ab6761610000e5eb56910dd36ced0f6f3fbecacd,2.0
JOHANN JOHANNSSON,NEOCLASSICAL,62,315832,https://i.scdn.co/image/ab6761610000e5ebd48e69f1a6285f43905ad89b,Outros
JOHANNES BRAHMS,CLASSICAL,66,1087420,https://i.scdn.co/image/d5c6af18beb1411ab49c2976647e0d370bf66a88,Outros
JOHNNY MATHIS,CHRISTMAS,62,451623,https://i.scdn.co/image/ab6761610000e5ebc388621eabac860a2db9af71,Outros
JORGE ARAGAO,SAMBA,65,1092558,https://i.scdn.co/image/ab6761610000e5eb4c15f4a9ea08585ab7019129,5.0
JORGE BEN JOR,MPB,66,1219500,https://i.scdn.co/image/a9c6a324c5f4a0f25bc711a7c4434c89c05ceba2,11.0
JORGE VERCILLO,MPB,64,1041273,https://i.scdn.co/image/ab6761610000e5eb9cb2c30573b8130b727d50ad,11.0
JOSE JR,DEVOTIONAL,63,423120,https://i.scdn.co/image/ab6761610000e5eb5299df7a34e20a108b53be23,5.0
JOSH GROBAN,CHRISTMAS,66,1035110,https://i.scdn.co/image/ab6761610000e5eb380041733de62ff964c1c241,Outros
JOTA QUEST,BRAZILIAN ROCK,64,2484309,https://i.scdn.co/image/ab6761610000e5eb1db48d3d5e4615d34a5f683c,9.0
JOTA.PE,NOVA MPB,68,168292,https://i.scdn.co/image/ab6761610000e5eb29505a4655fb396e133b0a7f,9.0
JOY DIVISION,POST-PUNK,64,2800140,https://i.scdn.co/image/5eeddd733170399db794d2c430a8d2cde7ae1425,Outros
JUDAS PRIEST,HEAVY METAL,66,4549295,https://i.scdn.co/image/ab6761610000e5eb4b3cfc24737acb15e73e8bd6,0.0
JULLIANY SOUZA,GOSPEL,69,806214,https://i.scdn.co/image/ab6761610000e5eb8976f9557390d3d788070838,7.0
K-CI & JOJO,R&B,62,1884426,https://i.scdn.co/image/802accab666236892f3f3bfb102323d59747b164,2.0
KADU MARTINS,PISEIRO,63,476430,https://i.scdn.co/image/ab6761610000e5eb3aa9ebdb0e68589ea3cfa23c,7.0
KAMISA 10,PAGODE,70,642185,https://i.scdn.co/image/ab6761610000e5eb7b7d00b12ebc39b460b67ec8,1.0
KANSAS,CLASSIC ROCK,66,1965277,https://i.scdn.co/image/ab6761610000e5eb4a5ee495f61402a3959b2d9c,7.0
KAROL G,REGGAETON,89,61068419,https://i.scdn.co/image/ab6761610000e5eb66041ce9eb4497057cbc3496,Outros
KAYBLACK,BRAZILIAN TRAP,74,4307589,https://i.scdn.co/image/ab6761610000e5eba52eb8324be9da54c529d78f,8.0
KC & THE SUNSHINE BAND,DISCO,67,1207750,https://i.scdn.co/image/ab6761610000e5eb5b9b91f430a06b8094efcbda,Outros
KEYSHIA COLE,R&B,72,4365662,https://i.scdn.co/image/ab6761610000e5eb432cb55e0b82419302f7cc5a,2.0
KID ABELHA,MPB,63,1861332,https://i.scdn.co/image/ab6761610000e5ebf25ba98f0de79121ec962369,11.0
KIKUO,VOCALOID,61,1421962,https://i.scdn.co/image/ab6761610000e5eb50c295d157dbd3dc76f2ec9b,5.0
KISS,GLAM ROCK,73,11124096,https://i.scdn.co/image/ab6761610000e5ebd8205a492a79bfe4b34c567a,Outros
KMFDM,INDUSTRIAL,61,499835,https://i.scdn.co/image/ab6761610000e5eb6a76d5a5d332ac3af978720e,5.0
KOOL & THE GANG,DISCO,69,2836449,https://i.scdn.co/image/ab6761610000e5eb69287c3f1b150bbead642499,Outros
KORN,NU METAL,77,9842085,https://i.scdn.co/image/ab6761610000e5eb29af2ffb6f4ddd6324f878bc,4.0
KPOP DEMON HUNTERS CAST,K-POP,90,1851043,https://i.scdn.co/image/ab67616d0000b2736c1334650ced0e28f0b2e13f,9.0
KVSH,BRAZILIAN BASS,60,448864,https://i.scdn.co/image/ab6761610000e5ebe62d945f2cd37ae94b6658e5,8.0
KY-MANI MARLEY,REGGAE,60,411207,https://i.scdn.co/image/ab6761610000e5eb5e58da6e2cec104db6eea4fa,0.0
KYAN,BRAZILIAN TRAP,66,1042729,https://i.scdn.co/image/ab6761610000e5eb8cd606185adb9a85e288deaa,8.0
L7NNON,BRAZILIAN TRAP,72,4849690,https://i.scdn.co/image/ab6761610000e5eb361b418f923daf2dfe03f7d4,8.0
LA BOUCHE,EURODANCE,66,397415,https://i.scdn.co/image/ab6761610000e5ebab2fd50f1aa451563964d381,7.0
LAGUM,NOVA MPB,65,1033265,https://i.scdn.co/image/ab6761610000e5eb1183ac58ebef1c990805eab9,9.0
LAUANA PRADO,SERTANEJO,76,5919307,https://i.scdn.co/image/ab6761610000e5ebf73ee6691b0961e308ba7643,10.0
LAUREN DAIGLE,CHRISTIAN,70,3155559,https://i.scdn.co/image/ab6761610000e5eb9db9d200f3560f487a9c5020,Outros
LE SSERAFIM,K-POP,82,8227620,https://i.scdn.co/image/ab6761610000e5eb9095683b555d7c16fd3b633f,9.0
LE TIGRE,RIOT GRRRL,63,552493,https://i.scdn.co/image/3bc85fea3c1ed9320f63e50bf7c6e0b1c9ced6c5,5.0
LEALL,BOOM BAP,61,331473,https://i.scdn.co/image/ab6761610000e5eb15efb2b7400c18ca5a975dc4,5.0
LEANDRO & LEONARDO,SERTANEJO TRADICIONAL,68,2092739,https://i.scdn.co/image/ab6761610000e5eb1a78fbe9474255be6b4d6683,13.0
LEGIAO URBANA,BRAZILIAN ROCK,70,7306291,https://i.scdn.co/image/cd410bc7c6e3591f65d9c9ee9516d2e96acfed42,9.0
LENINE,MPB,64,964176,https://i.scdn.co/image/ab6761610000e5eb585bb6ace0ecb38716039b02,11.0
LEO & RAPHAEL,AGRONEJO,61,706028,https://i.scdn.co/image/ab6761610000e5ebba0ca89fa892f7c49537c331,Outros
LEONARDO,SERTANEJO TRADICIONAL,68,2380905,https://i.scdn.co/image/ab6761610000e5eb233288c013b86618729c647c,13.0
LEVEL 42,SYNTHPOP,60,759547,https://i.scdn.co/image/ab6761610000e5ebc416e89fd5d1eedab418f8de,Outros
LIMP BIZKIT,NU METAL,80,8337414,https://i.scdn.co/image/4654955890cb62a6abe9daadfd2b3ecdee8036e4,4.0
LINDSEY STIRLING,CHRISTMAS,67,2437959,https://i.scdn.co/image/ab6761610000e5eb36c6fa1b8ff851988de641f8,Outros
LINIKER,NOVA MPB,66,566431,https://i.scdn.co/image/ab6761610000e5eba3ff9fc3a247fabe1ceddd62,9.0
LINKIN PARK,NU METAL,90,32207473,https://i.scdn.co/image/ab6761610000e5eb527d95dabbe8b8b527e8136f,4.0
LIONEL RICHIE,MOTOWN,71,4573685,https://i.scdn.co/image/ab6761610000e5eb002684808eb17d8b3645b57c,2.0
LIPPS INC.,DISCO,60,198100,https://i.scdn.co/image/ab6761610000e5ebcf5fb42825076ab99ff7a991,Outros
LISA,ANIME,69,3632998,https://i.scdn.co/image/ab6761610000e5eb6bf3e9d8fce49ad343eba79c,Outros
LIVE,POST-GRUNGE,63,902157,https://i.scdn.co/image/ab6761610000e5eba36e57a3861163c27b477734,Outros
LLOYD,R&B,71,2806960,https://i.scdn.co/image/ab6761610000e5eb5de0901c4bcb8d0352b71c3f,2.0
LONDON PHILHARMONIC ORCHESTRA,CLASSICAL,66,246727,https://i.scdn.co/image/ab6761610000e5eb68060bb8c0b22952f9013901,Outros
LOURENA,BRAZILIAN HIP HOP,64,513193,https://i.scdn.co/image/ab6761610000e5eb8cbaa2b06787ecfec1597c86,9.0
LUCCAS CARLOS,BRAZILIAN HIP HOP,67,952084,https://i.scdn.co/image/ab6761610000e5eb98b1027c6d824c372275db69,9.0
LUCIANO PAVAROTTI,OPERA,64,1114942,https://i.scdn.co/image/ab6761610000e5eb7c79a26af7f4b435ec8c6b95,Outros
LUDMILLA,PAGODE,75,8380734,https://i.scdn.co/image/ab6761610000e5eba021927cf2c740f6c968e29f,1.0
LUISA SONZA,BRAZILIAN POP,73,6636032,https://i.scdn.co/image/ab6761610000e5eb29651ca8a99a50f86e36a699,1.0
LUIZ LINS,BRAZILIAN HIP HOP,61,916001,https://i.scdn.co/image/ab6761610000e5eb7c9b346e94feccd753c0d11b,9.0
LUIZA MARTINS,SERTANEJO,60,185091,https://i.scdn.co/image/ab6761610000e5eb6378f3c6bcc2778f616de760,10.0
LULU SANTOS,MPB,64,2313992,https://i.scdn.co/image/ab6761610000e5eb0ecd444749b59868afd385b6,11.0
LXNGVX,PHONK,69,624119,https://i.scdn.co/image/ab6761610000e5eb649f083a33e92e1e03ea77a0,7.0
M4RKIM,ANIME RAP,62,839085,https://i.scdn.co/image/ab6761610000e5eb9000ddd7dbd306f05c306cf9,Outros
MAIARA & MARAISA,SERTANEJO,73,14763071,https://i.scdn.co/image/ab6761610000e5eb1e6bb2217bfd6a497a908246,10.0
MALIBU,PAGODE,67,214241,https://i.scdn.co/image/ab6761610000e5eb2abda2a8320da2244a6261b7,1.0
MANU,TECNOBREGA,61,1010656,https://i.scdn.co/image/ab6761610000e5ebc98e21783d16a16df32b15d4,Outros
MARCELO D2,BRAZILIAN HIP HOP,62,1275425,https://i.scdn.co/image/ab6761610000e5ebdf1e74e220a545a0df8a52ef,9.0
MARCELO MARKES,GOSPEL,62,331941,https://i.scdn.co/image/ab6761610000e5eb4784fda5c9b300859b369988,5.0
MARCOS & BELUTTI,SERTANEJO,64,5557726,https://i.scdn.co/image/ab6761610000e5eb52b5d3dd8969c777a41e8105,10.0
MARI FROES,NOVA MPB,65,415735,https://i.scdn.co/image/ab6761610000e5ebd59ca8c68f4bdbae60579901,9.0
MARIA BETHANIA,MPB,65,1521186,https://i.scdn.co/image/ab6761610000e5eb6dd0de52c3b1a36a6400eb6d,11.0
MARIA MARCAL,GOSPEL,65,2224430,https://i.scdn.co/image/ab6761610000e5eb51f9ceb807ca9d56e2d5f1d9,7.0
MARIA RITA,SAMBA,61,823683,https://i.scdn.co/image/ab6761610000e5eb78fbae6c967db0ecd17c8921,5.0
MARIAH CAREY,CHRISTMAS,85,12084670,https://i.scdn.co/image/ab6761610000e5ebd0a27777aaeb1725add6ace8,Outros
MARILIA MENDONCA,SERTANEJO,80,38774211,https://i.scdn.co/image/ab6761610000e5eb82541986e1e91ecd556ef72c,10.0
MARILIA TAVARES,SERTANEJO,60,289470,https://i.scdn.co/image/ab6761610000e5eb79e6689f865fc8878b82fe33,10.0
MARIO,R&B,70,4038867,https://i.scdn.co/image/ab6761610000e5eb48f54214e0580b101375840c,2.0
MARISA MONTE,MPB,69,2706590,https://i.scdn.co/image/ab6761610000e5ebdf680c991c829899faf1283c,11.0
MARK KNOPFLER,SOFT ROCK,64,1734620,https://i.scdn.co/image/ab6761610000e5eb94b957255b1e4d4ddcc470ce,Outros
MARTINHO DA VILA,SAMBA,61,900212,https://i.scdn.co/image/ab6761610000e5eb8abfddc3911204be23a80de0,5.0
MARY J. BLIGE,R&B,73,4422802,https://i.scdn.co/image/ab6761610000e5eb3d7888ba4d2bf67fe6b64a55,2.0
MATHEUS & KAUAN,SERTANEJO,79,13172073,https://i.scdn.co/image/ab6761610000e5ebd73644778d6848a6a8fd381b,10.0
MATHEUS FERNANDES,PISEIRO,67,946632,https://i.scdn.co/image/ab6761610000e5eb281785a7b2c72abd12de03bd,7.0
MATOGROSSO & MATHIAS,SERTANEJO TRADICIONAL,66,1624756,https://i.scdn.co/image/ab6761610000e5ebc99db2db6ab4e655c4d089f3,13.0
MC ANJIM,FUNK DE BH,61,645136,https://i.scdn.co/image/ab6761610000e5eb5cbabe8a4db5f8262a94232a,5.0
MC BRAZ,FUNK DE BH,60,207262,https://i.scdn.co/image/ab6761610000e5eb4f8562af40412b969c406c41,5.0
MC DANIEL,BRAZILIAN FUNK,68,2331615,https://i.scdn.co/image/ab6761610000e5eb0523591fa9d6afb4a83d8c17,12.0
MC DAVI,BRAZILIAN FUNK,71,4063934,https://i.scdn.co/image/ab6761610000e5eb489d453e5d9e3835c0dae37e,12.0
MC DON JUAN,BRAZILIAN FUNK,75,5292711,https://i.scdn.co/image/ab6761610000e5ebab559c0d48ef955cecd4555d,12.0
MC G15,BRAZILIAN FUNK,66,3290690,https://i.scdn.co/image/ab6761610000e5eb1e5e8ecf7f0a1e2d34f53486,12.0
MC GH DO 7,BRAZILIAN FUNK,68,441410,https://i.scdn.co/image/ab6761610000e5eb71e6fbbb09b28255dba80501,12.0
MC GW,PHONK,80,1606623,https://i.scdn.co/image/ab6761610000e5eba5c9a915be3bb408e03aa855,2.0
MC JACARE,BRAZILIAN FUNK,78,1057090,https://i.scdn.co/image/ab6761610000e5eb29915070fc94a63b974d185b,12.0
MC JHEY,PHONK,75,512535,https://i.scdn.co/image/ab6761610000e5ebaba5334e1aa59f6998a7a090,2.0
MC KANHOTO,FUNK CONSCIENTE,60,396882,https://i.scdn.co/image/ab6761610000e5eb54242e76f75d68aa3498c36b,5.0
MC KELVINHO,FUNK CONSCIENTE,64,1170341,https://i.scdn.co/image/ab6761610000e5eb5a288e8ad03b6ca6c156c8c1,7.0
MC KEVIN,BRAZILIAN FUNK,74,11099914,https://i.scdn.co/image/ab6761610000e5ebc47da47379dcb83b960c0498,12.0
MC KEVINHO,BRAZILIAN FUNK,64,7021322,https://i.scdn.co/image/ab6761610000e5eb86190b5139bb76e03b0d35b1,12.0
MC KITINHO,BRAZILIAN FUNK,66,725533,https://i.scdn.co/image/ab6761610000e5eb717198fac1c80a61404f51c9,12.0
MC LELE JP,FUNK CONSCIENTE,79,1343864,https://i.scdn.co/image/ab6761610000e5eb1b7a7e8385aa9130ae86e6b0,2.0
MC LEOZIN,BRAZILIAN FUNK,65,485010,https://i.scdn.co/image/ab6761610000e5eb5d03c502c7ae70156da103a9,12.0
MC LEOZINHO ZS,FUNK CONSCIENTE,68,827042,https://i.scdn.co/image/ab6761610000e5eb6844372d02198200322e5c1b,7.0
MC LUUKY,BRAZILIAN FUNK,76,1652214,https://i.scdn.co/image/ab6761610000e5ebec1fef19ee9676f9ce662f39,12.0
MC MAGAL,BRAZILIAN FUNK,66,840733,https://i.scdn.co/image/ab6761610000e5eb3017e28651f5b680f4f613d4,12.0
MC MAGRINHO,FUNK DE BH,67,513827,https://i.scdn.co/image/ab6761610000e5ebbd2716fbc24dcf472b6b5243,7.0
MC MARKS,FUNK CONSCIENTE,72,2359851,https://i.scdn.co/image/ab6761610000e5ebe8da2281384a3d379e4705fa,2.0
MC MENO K,BRAZILIAN FUNK,81,368685,https://i.scdn.co/image/ab6761610000e5ebbb83e0b2decc9e04a0c78c8c,12.0
MC MENOR DA VG,BRAZILIAN FUNK,67,2301703,https://i.scdn.co/image/ab6761610000e5eb4b40f7813c9ead9b10808827,12.0
MC NEGAO ORIGINAL,BRAZILIAN FUNK,78,1421177,https://i.scdn.co/image/ab6761610000e5ebe4110ad31fbaa0a262676cc7,12.0
MC RODRIGO DO CN,BRAZILIAN FUNK,80,317377,https://i.scdn.co/image/ab6761610000e5eb4fd600a930dcee006e63813e,12.0
MC TH,BRAZILIAN FUNK,67,1147935,https://i.scdn.co/image/ab6761610000e5eb210048d570589dddb1bf4dff,12.0
MELIM,MPB,65,5310940,https://i.scdn.co/image/ab6761610000e5eb3f0c6b68f45a8f1111b5f742,11.0
MELODY,PISEIRO,66,491524,https://i.scdn.co/image/ab6761610000e5eb6f3a927865139f4ffabc4bad,7.0
MEMPHIS MAY FIRE,METALCORE,60,946414,https://i.scdn.co/image/ab6761610000e5eb97b338006d09399d93512ad3,0.0
MENOR MC,BRAZILIAN TRAP,60,313800,https://i.scdn.co/image/ab6761610000e5ebc9b772ad11a7287f6903bc27,8.0
MEOVV,K-POP,66,1179618,https://i.scdn.co/image/ab6761610000e5ebbc6dcb995700b11563f7d8bd,9.0
MHRAP,ANIME RAP,63,3477188,https://i.scdn.co/image/ab6761610000e5eb33d7900d20299dec06580af1,Outros
MIDIAN LIMA,GOSPEL,60,1878509,https://i.scdn.co/image/ab6761610000e5eb7d26fc3eae4a61f6df5c464d,5.0
MILIONARIO & JOSE RICO,SERTANEJO TRADICIONAL,67,3533620,https://i.scdn.co/image/ab6761610000e5eb26c5c8d56a8979c644f37de7,13.0
MILTON NASCIMENTO,MPB,64,1163446,https://i.scdn.co/image/ab6761610000e5eb8ed529f569634a2c98232412,11.0
MINISTERIO ZOE,GOSPEL,62,1800468,https://i.scdn.co/image/ab6761610000e5eb044704fdfe9fa5d57b37531a,5.0
MISFITS,HORROR PUNK,64,1682346,https://i.scdn.co/image/ab6761610000e5eb030d67ff9576754ff230b2c0,7.0
MODERN TALKING,EUROPOP,71,2196334,https://i.scdn.co/image/ab6761610000e5eb763481abe93a755de038db8b,2.0
MONSTA X,K-POP,61,5157467,https://i.scdn.co/image/ab6761610000e5eb28526e1eda2f78513f024fba,9.0
MORRISSEY,BRITPOP,61,1244776,https://i.scdn.co/image/cdbc12a6b10dbab32ed73d4979183e95f46ebeb2,Outros
MU540,BRAZILIAN TRAP,62,162858,https://i.scdn.co/image/ab6761610000e5ebad4dea1b5329c78e71e2f04d,8.0
MUDVAYNE,NU METAL,60,2142030,https://i.scdn.co/image/ab6761610000e5eb9013e926945e76dbc9ad6c97,4.0
MUMUZINHO,PAGODE,67,2676253,https://i.scdn.co/image/ab6761610000e5eb83c13e78698b4871d4a60db8,1.0
MUNDO BITA,LULLABY,65,402280,https://i.scdn.co/image/ab6761610000e5eb0bf67671e6a51c108987bad4,7.0
NADSON O FERINHA,ARROCHA,64,2089015,https://i.scdn.co/image/ab6761610000e5eb2db5ac53f7abab1c48b8e5b2,7.0
NANDO REIS,MPB,65,3133507,https://i.scdn.co/image/ab6761610000e5ebb2cbcafdb861bc51a70cabaa,11.0
NATIRUTS,REGGAE,70,3620159,https://i.scdn.co/image/ab6761610000e5eb764999c0589ff0cb6eedc4f1,0.0
NAYEON,K-POP,62,3354440,https://i.scdn.co/image/ab6761610000e5eb70f34c0aeb5787411803adc4,9.0
NAZARETH,HARD ROCK,60,1660526,https://i.scdn.co/image/ab6761610000e5ebc5bc094a1280845770d009fa,Outros
NCT 127,K-POP,65,7713277,https://i.scdn.co/image/ab6761610000e5ebdc904dcc7399f1fd90107392,9.0
NCT DREAM,K-POP,74,8267320,https://i.scdn.co/image/ab6761610000e5ebed95357b2b295b2be5058b0b,9.0
NCT WISH,K-POP,63,642840,https://i.scdn.co/image/ab6761610000e5ebed47aa96d82825eab5ed61c6,9.0
NEW ORDER,NEW WAVE,67,2490436,https://i.scdn.co/image/ab6761610000e5eba080a8e96758f416301578f9,Outros
NEWJEANS,K-POP,79,11823892,https://i.scdn.co/image/ab6761610000e5eb80668ba2b15094d083780ea9,9.0
NEY MATOGROSSO,MPB,60,975416,https://i.scdn.co/image/ab6761610000e5ebe1692ccde710b6a64884e87f,11.0
NICKELBACK,POST-GRUNGE,79,7916498,https://i.scdn.co/image/ab6761610000e5eb4ad382f899596d8c7b9e8e09,Outros
NIGHTWISH,SYMPHONIC METAL,66,2440275,https://i.scdn.co/image/ab6761610000e5ebf3284e60d4e43c9a7b52c08d,Outros
NILO,BRAZILIAN FUNK,67,210230,https://i.scdn.co/image/ab6761610000e5eb10538a130690ef8a7cf15149,12.0
NINA SIMONE,VOCAL JAZZ,70,3255439,https://i.scdn.co/image/ab6761610000e5eb136c51c848c26a6cce7f9e56,Outros
NIVEA SOARES,GOSPEL,63,1810980,https://i.scdn.co/image/ab6761610000e5eb5f8539c578b4101d9f17e876,5.0
NIZIU,J-POP,61,1194421,https://i.scdn.co/image/ab6761610000e5eb226377c5087ab33439932cef,Outros
NMIXX,K-POP,71,4001246,https://i.scdn.co/image/ab6761610000e5eb8aaf0595187aba8e8f1bd828,9.0
NOBUO UEMATSU,SOUNDTRACK,61,356546,https://i.scdn.co/image/e5ac7ec5636e8c29e376eba45256c756b2879bf7,5.0
NOEL GALLAGHER'S HIGH FLYING BIRDS,BRITPOP,60,1068969,https://i.scdn.co/image/ab6761610000e5eb21544d3b4e0a00d209f56743,Outros
NOVULENT,SHOEGAZE,61,266543,https://i.scdn.co/image/ab6761610000e5eb0c6255a001f71a6e9a48a1c1,Outros
NUEKI,PHONK,60,323740,https://i.scdn.co/image/ab6761610000e5ebfa335d9a1526fb633d57df78,5.0
NXGHT!,PHONK,69,205346,https://i.scdn.co/image/ab6761610000e5eba07880fb9632cab8efa4b12a,7.0
O RAPPA,BRAZILIAN ROCK,70,3873831,https://i.scdn.co/image/e0524e5db75789613510320d7cf7d97d6d9e89c4,9.0
OASIS,BRITPOP,82,12590936,https://i.scdn.co/image/ab6761610000e5ebb4ddbc39706ef0f2ae0f7c9b,Outros
OASIS MINISTRY,WORSHIP,62,647913,https://i.scdn.co/image/ab6761610000e5eb29823da7783fd5d38541eff7,5.0
OMARION,R&B,62,3307984,https://i.scdn.co/image/ab6761610000e5eb9020730faab3ef6ebd31012a,2.0
OR3O,ELECTRO SWING,60,660711,https://i.scdn.co/image/ab6761610000e5ebf23ac05819ca084f76973359,5.0
ORCHESTRAL MANOEUVRES IN THE DARK,NEW WAVE,61,897130,https://i.scdn.co/image/ab6761610000e5eb242a32e4d72aa217bce81a79,Outros
OS PARALAMAS DO SUCESSO,BRAZILIAN ROCK,66,2612001,https://i.scdn.co/image/ab6761610000e5ebc379b4361bcfb87f5bd72808,9.0
OZZY OSBOURNE,METAL,76,7705508,https://i.scdn.co/image/ab6761610000e5ebb5b52f7e13f720c7a4856306,Outros
P.O.D.,NU METAL,62,2100244,https://i.scdn.co/image/ab6761610000e5eb15c1b5623a7ba1bb228087c2,4.0
PABLO,ARROCHA,71,2153657,https://i.scdn.co/image/ab6761610000e5ebf61a1bf320c5561da38980aa,2.0
PADRE MARCELO ROSSI,GOSPEL,63,1541005,https://i.scdn.co/image/ab6761610000e5eba8d6dc284603820ba76755a1,5.0
PANDA,SERTANEJO,81,237179,https://i.scdn.co/image/ab6761610000e5eb6e79f071b36c1858ec69e09a,10.0
PAPA ROACH,NU METAL,73,6161826,https://i.scdn.co/image/ab6761610000e5eb170958adc93250084c317cfc,4.0
PASTEL GHOST,WITCH HOUSE,65,956866,https://i.scdn.co/image/ab6761610000e5eb48960fcc9a9bb22d8df6eb75,7.0
PAULA FERNANDES,SERTANEJO,62,1421456,https://i.scdn.co/image/ab6761610000e5eb8e1a02c562819afb5b79c3ea,10.0
PAULO CESAR BARUK,GOSPEL,60,812254,https://i.scdn.co/image/ab6761610000e5eb637998561a755cddf67bbe8f,5.0
PEARL JAM,GRUNGE,77,9994477,https://i.scdn.co/image/ab6761610000e5ebe431fb8ba17cdee73e4ce08a,Outros
PENTATONIX,CHRISTMAS,77,3992313,https://i.scdn.co/image/ab6761610000e5ebb3106bc5be728505c84b5585,Outros
PERICLES,PAGODE,71,3682775,https://i.scdn.co/image/ab6761610000e5eb138a065983331bd82b67a23f,1.0
PET SHOP BOYS,SYNTHPOP,70,2221932,https://i.scdn.co/image/ab6761610000e5ebd24f448b409b6304c2880614,Outros
PETER GABRIEL,ART ROCK,64,1952228,https://i.scdn.co/image/ab6761610000e5eb997116abcd93201746831544,Outros
PINK FLOYD,PROGRESSIVE ROCK,81,22869179,https://i.scdn.co/image/ab6761610000e5eb97885ce689d644c91dfba05c,Outros
PITTY,BRAZILIAN ROCK,64,2580984,https://i.scdn.co/image/ab6761610000e5eb1183488d72f571f4b079c5d5,9.0
PIXIES,ALTERNATIVE ROCK,70,3589349,https://i.scdn.co/image/ab6761610000e5eb419ffe5eb82b7460c76a986a,3.0
PIXOTE,PAGODE,67,2934379,https://i.scdn.co/image/ab6761610000e5eba0b5dc1d9515ab7f88de2dd1,1.0
PK,BRAZILIAN FUNK,64,805617,https://i.scdn.co/image/ab6761610000e5eba3a88318e12af7cd2ba31c8b,12.0
PLAVE,K-POP,63,372844,https://i.scdn.co/image/ab6761610000e5eb7d510a4ec6b151d077eefae8,9.0
POISON,GLAM METAL,63,3592457,https://i.scdn.co/image/70ed0b201cafa20fc3e3cb30a916f91adbb604ed,Outros
PROJOTA,BRAZILIAN HIP HOP,62,4344204,https://i.scdn.co/image/ab6761610000e5eb0ef9fa4ede33f87f2911302e,9.0
PSY,K-POP,64,1832643,https://i.scdn.co/image/ab6761610000e5eb24b5185226d5b7c6aa91db5a,9.0
PULP,BRITPOP,62,1097101,https://i.scdn.co/image/ab6761610000e5eb2a7e3dfda16364548dfdc915,Outros
PUMAPJL,BOOM BAP,65,911933,https://i.scdn.co/image/ab6761610000e5eb7674b7357c361781ccbb942f,7.0
R.E.M.,JANGLE POP,74,5412220,https://i.scdn.co/image/ab6761610000e5eb6334ab6a83196f36475ada7f,2.0
RACA NEGRA,PAGODE,68,2657695,https://i.scdn.co/image/ab6761610000e5ebd4002ad0583610a94ecdaec9,1.0
RACIONAIS MC'S,BRAZILIAN HIP HOP,71,9706446,https://i.scdn.co/image/ab6761610000e5ebc5e924dc29f1dbe7eda0bba8,9.0
RAGE AGAINST THE MACHINE,RAP METAL,71,6969634,https://i.scdn.co/image/ab6761610000e5ebda4bd2b213cae330e2a4a901,9.0
RAIMUNDOS,BRAZILIAN ROCK,61,1639848,https://i.scdn.co/image/ab6761610000e5ebc658c7d04e7d1a107760ecf0,9.0
RAMONES,PUNK,65,2919594,https://i.scdn.co/image/ab6761610000e5eb5b9f46a5c5bf8243179d56b0,Outros
RAPHAELA SANTOS,BREGA,61,356906,https://i.scdn.co/image/ab6761610000e5eb85bc1e2b89251419bb5b98a1,0.0
RAUL SEIXAS,BRAZILIAN ROCK,66,2669864,https://i.scdn.co/image/ab6761610000e5eb9f0c70d55c26e9773d00b7b1,9.0
RED VELVET,K-POP,68,9632540,https://i.scdn.co/image/ab6761610000e5eb02a562ea6b1dc718394010ac,9.0
RICCHI E POVERI,ITALO DANCE,64,308506,https://i.scdn.co/image/ab6761610000e5eb56d025ec4efa356f8d72a536,7.0
RICHARD CLAYDERMAN,EASY LISTENING,63,607100,https://i.scdn.co/image/ab6761610000e5ebe572e0bc2defb843944d24a2,Outros
RICHARD MARX,SOFT ROCK,68,1562529,https://i.scdn.co/image/ab6772690000c46cfc12d2f1fba4838bb08e8073,Outros
RICK & RENNER,SERTANEJO TRADICIONAL,63,1830556,https://i.scdn.co/image/ab6761610000e5eb679809b3dd4f94f744ad4721,13.0
RIIZE,K-POP,67,1463738,https://i.scdn.co/image/ab6761610000e5ebd75e5e369cb4ce5edfe2989d,9.0
RIONEGRO & SOLIMOES,SERTANEJO TRADICIONAL,68,1876519,https://i.scdn.co/image/ab6761610000e5ebf2e621acc61dd7e8c8faa42e,13.0
RITA LEE,MPB,65,1787910,https://i.scdn.co/image/ab6761610000e5eb4127fac942e5106e3c953c63,11.0
RM,K-POP,72,17814053,https://i.scdn.co/image/ab6761610000e5eb847fe9bbfef3acf7981acd2a,9.0
ROBERT SCHUMANN,CLASSICAL PIANO,63,606704,https://i.scdn.co/image/795f15e4d860456a306055ccc995075c5dad9fa6,5.0
ROCK DANGER,BOOM BAP,63,150263,https://i.scdn.co/image/ab6761610000e5eb2d4763d4d0b7269cf501290b,5.0
ROD STEWART,SOFT ROCK,75,5608653,https://i.scdn.co/image/ab6761610000e5eb876f7ad601fe9a02247b9fb9,Outros
ROGER,QUIET STORM,64,214758,https://i.scdn.co/image/143249f04c9133b493b3f257beb4b2d6b6e64f3f,7.0
ROUPA NOVA,MPB,63,2902143,https://i.scdn.co/image/ab6761610000e5eb818e8d878ff7429b83c452b2,11.0
ROXETTE,SWEDISH POP,74,2914456,https://i.scdn.co/image/ab6761610000e5eb347ca7e9f41f3ff8e2b19034,2.0
ROXY MUSIC,GLAM ROCK,61,1101558,https://i.scdn.co/image/ab6761610000e5eb35572c81290a3e3d4a0906e3,Outros
ROYAL PHILHARMONIC ORCHESTRA,ORCHESTRAL,71,200000,https://i.scdn.co/image/ab6761610000e5ebf9cd4a9062ded7cb2b8a351b,2.0
RUBEL,NOVA MPB,60,606013,https://i.scdn.co/image/ab6761610000e5eb7e0f313f718701f5f9659529,9.0
RUSH,PROGRESSIVE ROCK,66,2572017,https://i.scdn.co/image/ab6761610000e5eb896c4b043fb3063178afd716,Outros
S3RL,HAPPY HARDCORE,61,523156,https://i.scdn.co/image/ab6761610000e5eb3344b0663353cf61f4e78243,5.0
SABOTAGE,BRAZILIAN HIP HOP,60,1591347,https://i.scdn.co/image/ab6761610000e5eb81ae0bfd666267ed9d73c77d,9.0
SALIVA,NU METAL,63,1169898,https://i.scdn.co/image/ab6761610000e5eb9b0f80a20812daae4481dd54,4.0
SALVE MALAK,BRAZILIAN HIP HOP,68,177047,https://i.scdn.co/image/ab6761610000e5eb70e0911e8d9d499151d8c972,9.0
SANT,BRAZILIAN HIP HOP,62,844093,https://i.scdn.co/image/ab6761610000e5eb45c57d46f0cc921e1b4868b2,9.0
SCORPIONS,HARD ROCK,75,8692045,https://i.scdn.co/image/ab6761610000e5eb7440170c0628c2945da819c3,Outros
SEGA SOUND TEAM,JAPANESE VGM,65,382342,https://i.scdn.co/image/ab6761610000e5eb90ce8f1aabbd240965b614a6,7.0
SEPULTURA,THRASH METAL,62,2358861,https://i.scdn.co/image/ab6761610000e5eb716f574b796045f28ce4f4f3,9.0
SEU DESEJO,FORRO,62,286713,https://i.scdn.co/image/ab6761610000e5eb704c8862386609b8daec6602,8.0
SEU JORGE,MPB,68,1872337,https://i.scdn.co/image/ab6761610000e5eba124f650946041fc26b0379b,11.0
SHE WANTS REVENGE,DARKWAVE,65,734049,https://i.scdn.co/image/ab6761610000e5eb6d46fba0802fbbe8ef62d842,7.0
SHINEDOWN,POST-GRUNGE,72,4571140,https://i.scdn.co/image/ab6761610000e5ebcf14abc10b18bc3c2373491f,Outros
SHINEE,K-POP,62,3312445,https://i.scdn.co/image/ab6761610000e5ebf6e777bb4a99ac7ddd55c762,9.0
SHIRO SAGISU,ANIME,62,264428,https://i.scdn.co/image/f92fa0801a9a2ecc9ff854c5d80b847afb684e6c,Outros
SILVANNO SALLES,ARROCHA,62,570630,https://i.scdn.co/image/ab6761610000e5eb92c9a00e2d035b7e7e8e3def,5.0
SIMONE & SIMARIA,SERTANEJO,62,5432246,https://i.scdn.co/image/ab6761610000e5eba108594c6d9e69bd76ee9ce0,10.0
SIMONE MENDES,SERTANEJO,79,3840474,https://i.scdn.co/image/ab6761610000e5eb82f8ed27ed944af47c747a0c,10.0
SIMPLE MINDS,NEW WAVE,67,2355057,https://i.scdn.co/image/ab6761610000e5eb83e9da1d7f9d7da25c9e1e53,Outros
SIOUXSIE AND THE BANSHEES,GOTHIC ROCK,60,1359987,https://i.scdn.co/image/ab6761610000e5eb924bb9e7396ad3bc32cfeab0,Outros
SISTER SLEDGE,DISCO,60,730827,https://i.scdn.co/image/ab6761610000e5eb3e3e634435f477df50760eae,Outros
SKANK,BRAZILIAN ROCK,67,3340226,https://i.scdn.co/image/ab6761610000e5eb2b61503716c9cbb86f6a0658,9.0
SKID ROW,GLAM METAL,63,3127865,https://i.scdn.co/image/ab6761610000e5eb59fe65d4b1e00e486f285167,Outros
SLIPKNOT,NU METAL,80,14261114,https://i.scdn.co/image/ab6761610000e5ebd0cdb283a7384a0edb665182,4.0
SNAP!,EURODANCE,64,313321,https://i.scdn.co/image/ab6761610000e5eb1097cae1ae4199d388081661,7.0
SO PRA CONTRARIAR,PAGODE,61,1104938,https://i.scdn.co/image/ab6761610000e5eb693f1dcf332265891aaa2b77,1.0
SOJA,REGGAE,62,1168031,https://i.scdn.co/image/ab6761610000e5eb63249f1bc63ff8d4205efbc8,0.0
SONOTWS,BOOM BAP,64,257001,https://i.scdn.co/image/ab6761610000e5eb2a6adbf946bbfd3fed4a2765,7.0
SONS OF THE EAST,INDIE FOLK,60,224959,https://i.scdn.co/image/ab6761610000e5ebc1c18aff11fafdd24172dd08,Outros
SORRISO MAROTO,PAGODE,76,3891956,https://i.scdn.co/image/ab6761610000e5eb3c7fd92646cae6da47d7f092,1.0
SOUNDGARDEN,GRUNGE,70,5142043,https://i.scdn.co/image/ab6761610000e5ebafa254b2a224584485286526,Outros
STAIND,POST-GRUNGE,70,2983414,https://i.scdn.co/image/ab6761610000e5eba43eff361de1d811e2d17adb,Outros
STATIC-X,INDUSTRIAL METAL,60,1635997,https://i.scdn.co/image/ab6761610000e5eb7f4a72d9541571d430c157c7,5.0
STEPHEN MARLEY,REGGAE,61,729051,https://i.scdn.co/image/ab6761610000e5eb200689e15f3b95aaf47a05c8,0.0
STEPPENWOLF,CLASSIC ROCK,60,1835285,https://i.scdn.co/image/8208d86ed91c50bc9ffbf8f436c6e323e6bda480,5.0
STONE SOUR,POST-GRUNGE,65,3113161,https://i.scdn.co/image/ab6761610000e5ebf4c48660e778eeea3d9f1c5b,Outros
STONE TEMPLE PILOTS,GRUNGE,71,4027968,https://i.scdn.co/image/ab6761610000e5eb4bb64f87db255d76538b905f,Outros
STRAY KIDS,K-POP,87,21386431,https://i.scdn.co/image/ab6761610000e5ebf9887d2c9288f0e50a3fd69f,9.0
SUEL,PAGODE,64,676268,https://i.scdn.co/image/ab6761610000e5eb4792e7cde4aa427743c34011,1.0
SUM 41,POP PUNK,71,4356810,https://i.scdn.co/image/ab6761610000e5eb625af80b68ae4eb559c6c417,Outros
SUPER JUNIOR,K-POP,63,2387210,https://i.scdn.co/image/ab6761610000e5ebb6d2631a4f75a584a1b4e2bf,9.0
SUPERTRAMP,PROGRESSIVE ROCK,71,3997861,https://i.scdn.co/image/eebed895cad509b17c7c6faf47f21f1fc35e8829,Outros
SWV,NEW JACK SWING,62,2223787,https://i.scdn.co/image/ab6761610000e5eb2c43fa54ddf21c961d2fd6c3,5.0
T. REX,GLAM ROCK,60,1207832,https://i.scdn.co/image/ab6761610000e5ebc2d410977cf0092bbded63ce,Outros
TALK TALK,NEW WAVE,60,652097,https://i.scdn.co/image/ab6761610000e5eb8adaa3bb54439327dbdde765,Outros
TALKING HEADS,NEW WAVE,70,2877983,https://i.scdn.co/image/e4c5b04fce8706c87663357b1f78522a3a5c641b,Outros
TASHA & TRACIE,BRAZILIAN HIP HOP,62,505501,https://i.scdn.co/image/ab6761610000e5ebbe591f361b2cbcfd326a1f4b,9.0
TEARS FOR FEARS,NEW WAVE,75,4156302,https://i.scdn.co/image/ab6761610000e5eb1e63dea1bded4ae1d53b5c9a,Outros
TECHNOTRONIC,EURODANCE,61,349641,https://i.scdn.co/image/ab6761610000e5eb9d817d4cc3d55287f565c6a4,5.0
TEN,K-POP,64,887175,https://i.scdn.co/image/ab6761610000e5ebff486ccf852ef78d6ef5a3c5,9.0
TEODORO & SAMPAIO,SERTANEJO TRADICIONAL,60,1387275,https://i.scdn.co/image/ab6761610000e5ebd47aaf18b0efdca086193f9a,13.0
TETO,BRAZILIAN TRAP,71,4683941,https://i.scdn.co/image/ab6761610000e5eb62f0237b5577c7c670457267,8.0
THE ALAN PARSONS PROJECT,PROGRESSIVE ROCK,64,1695899,https://i.scdn.co/image/3e90d18b7375a0e78340d23f72822646c4cc3b70,Outros
THE ANIMALS,CLASSIC ROCK,67,2664845,https://i.scdn.co/image/ab6761610000e5eb3ce1e2a99cffc7c662938b01,7.0
THE B-52'S,NEW WAVE,60,1270792,https://i.scdn.co/image/ab6761610000e5eb85c1d77e63082caf426f6d59,Outros
THE BAND,FOLK ROCK,62,1238881,https://i.scdn.co/image/750c386b0ca07258347328b68e171bfcc1addead,Outros
THE BANGLES,JANGLE POP,63,1712364,https://i.scdn.co/image/ab6761610000e5ebff0fb8cdea3f4b4ba33e8b08,5.0
THE BLACK CROWES,SOUTHERN ROCK,60,885151,https://i.scdn.co/image/ab6761610000e5eb01d418a99386b0a909d6e263,Outros
THE BLACK KEYS,BLUES ROCK,70,4146255,https://i.scdn.co/image/ab6761610000e5eb2383f032c2aebc76cf3780ed,7.0
THE CINEMATIC ORCHESTRA,NU JAZZ,63,761071,https://i.scdn.co/image/ab6761610000e5eb9e2576943e27fcddc3bb3646,5.0
THE CLASH,PUNK,70,3200939,https://i.scdn.co/image/ab6761610000e5eb2fc4d22f2e060511db2ae971,Outros
THE CURE,NEW WAVE,77,6731547,https://i.scdn.co/image/ab6761610000e5ebdd427c765c409ec02dc3a868,Outros
THE HUMAN LEAGUE,NEW WAVE,64,1289030,https://i.scdn.co/image/ab6761610000e5eb2aeee2aea5a1a1e3b76b0501,Outros
THE MARSHALL TUCKER BAND,SOUTHERN ROCK,62,1125932,https://i.scdn.co/image/ab6761610000e5eb146388d54bc86c0dc6f59f6d,Outros
THE POINTER SISTERS,DISCO,62,1150966,https://i.scdn.co/image/ab6772690000c46c8c57ac844d8c2170149462e3,Outros
THE SMASHING PUMPKINS,ALTERNATIVE ROCK,75,6142205,https://i.scdn.co/image/ab6761610000e5eba7f80939b43d9efe1ca73a22,3.0
THE SMITHS,NEW WAVE,80,7845984,https://i.scdn.co/image/481b980af463122013e4578c08fb8c5cbfaed1e9,Outros
THE STRANGLERS,PROTO-PUNK,71,696937,https://i.scdn.co/image/ab6761610000e5ebf53947fccc7f9ace4d07a43f,Outros
THE VELVET UNDERGROUND,PROTO-PUNK,62,2139494,https://i.scdn.co/image/d69c2cf10323bf08443c7d122f3a1824a760ab57,Outros
THE VERVE,BRITPOP,71,2771361,https://i.scdn.co/image/ab6772690000c46c2fb11ff7658def8d8a52957c,Outros
THE WHITE STRIPES,GARAGE ROCK,70,3568819,https://i.scdn.co/image/ab6761610000e5eb70cc06de8fc28226d4743cd9,Outros
THE WHO,CLASSIC ROCK,68,5856850,https://i.scdn.co/image/ab6772690000c46c456d5397bdf11547ef38ca93,7.0
THEORY OF A DEADMAN,POST-GRUNGE,63,2294711,https://i.scdn.co/image/ab6761610000e5eb6cff6acc48314698c7d9ce87,Outros
THIAGUINHO,PAGODE,74,4140396,https://i.scdn.co/image/ab6761610000e5eb286d5d78a231f1e78225a48a,1.0
THOUSAND FOOT KRUTCH,CHRISTIAN ROCK,65,1500637,https://i.scdn.co/image/558f7ee322b89c8d5b846a7b38e0ad83bbaa1386,Outros
THREE DAYS GRACE,POST-GRUNGE,79,7398186,https://i.scdn.co/image/ab6761610000e5eb2e619cf7c1577485d14c2043,Outros
TIAGO IORC,MPB,63,2703213,https://i.scdn.co/image/ab6761610000e5ebca0cbfa7da640a6c43ea74e7,11.0
TIAO CARREIRO & PARDINHO,SERTANEJO TRADICIONAL,61,768126,https://i.scdn.co/image/ab6761610000e5eb1041317b5f6cce2b9d6d2367,13.0
TIEE,PAGODE,61,826815,https://i.scdn.co/image/ab6761610000e5eb65754b4347f1d5ceab98a457,1.0
TIM MAIA,MPB,66,2314260,https://i.scdn.co/image/ab6761610000e5ebaa594f902dd3a6704715933f,11.0
TITAS,BRAZILIAN ROCK,63,2551099,https://i.scdn.co/image/ab6761610000e5eb879299d75c2461aea6d2b998,9.0
TOBY FOX,SOUNDTRACK,75,2143807,https://i.scdn.co/image/ab6761610000e5ebcce32307d0f312e8faf01bae,2.0
TOMORROW X TOGETHER,K-POP,77,12128875,https://i.scdn.co/image/ab6761610000e5eb1c81416bbbfe539adb9d7050,9.0
TONI BRAXTON,R&B,67,4565302,https://i.scdn.co/image/ab6761610000e5eb89773feeaeff0e1cb4951d37,2.0
TOQUE DEZ,ARROCHA,71,697910,https://i.scdn.co/image/ab6761610000e5ebbb77215d3c7c2a8354a71286,2.0
TOQUINHO,BOSSA NOVA,64,617027,https://i.scdn.co/image/ab6761610000e5ebd39ecd1d7ee10e47187910a9,Outros
TOTO,YACHT ROCK,75,3775487,https://i.scdn.co/image/ab6761610000e5eba59a5bcab211f964fe9bfb06,Outros
TRAIA VEIA,SERTANEJO,67,428164,https://i.scdn.co/image/ab6761610000e5ebda1ed48f516c081f664e9012,10.0
TRANS-SIBERIAN ORCHESTRA,CHRISTMAS,65,391340,https://i.scdn.co/image/ab6761610000e5eb0b8b465430abcd6d5ef5bf76,Outros
TREY SONGZ,R&B,71,7763572,https://i.scdn.co/image/ab6761610000e5ebc7b9e9a3adcc3f5cbc92fb0b,2.0
TRIBALISTAS,MPB,63,1605776,https://i.scdn.co/image/ab6761610000e5ebcaf37072c83daf4d76a7ee42,11.0
TRIBO DA PERIFERIA,BRAZILIAN HIP HOP,72,4147074,https://i.scdn.co/image/ab6761610000e5eb765b8922797f358f028db9bc,9.0
TRIO PARADA DURA,SERTANEJO TRADICIONAL,62,1522629,https://i.scdn.co/image/ab6761610000e5eb1cf4338612bd3c9e140b6d11,13.0
TRIPLES,K-POP,61,687700,https://i.scdn.co/image/ab6761610000e5ebfdbd8ab3c1afdcba51bc9d59,9.0
TRXVELER,PHONK,60,195405,https://i.scdn.co/image/ab6761610000e5ebb730b1f05373e900152bbae2,5.0
TURMA DO PAGODE,PAGODE,73,3949755,https://i.scdn.co/image/ab6761610000e5ebd1152a6c6b63470d024ece42,1.0
TWICE,K-POP,84,23618247,https://i.scdn.co/image/ab6761610000e5eb3d8820046fd455b38d644864,9.0
TWISTED SISTER,GLAM METAL,61,3096814,https://i.scdn.co/image/758604f17b98e5db650adeebf9cf8cb55feda0f0,Outros
TWS,K-POP,65,890159,https://i.scdn.co/image/ab6761610000e5eb06a958a7da76c5b332d421c5,9.0
U2,ROCK,78,13666687,https://i.scdn.co/image/ab6761610000e5ebe62be215d2ee31bcd97edaba,14.0
URIAS,BRAZILIAN POP,60,236546,https://i.scdn.co/image/ab6761610000e5ebf35e1c3f88c658be155a2db2,1.0
USHER,R&B,82,13902731,https://i.scdn.co/image/ab6761610000e5eb716114797a4a644c67c5fa72,2.0
VALESCA MAYSSA,GOSPEL,60,1238801,https://i.scdn.co/image/ab6761610000e5eb86e6110603bbbf8e14d4ade5,5.0
VAN HALEN,GLAM METAL,72,6893577,https://i.scdn.co/image/ab6761610000e5ebd8475001d2700686e1008dfb,Outros
VANESSA DA MATA,MPB,66,1408621,https://i.scdn.co/image/ab6761610000e5eb0726b3a2a4db36495765f020,11.0
VICTOR & LEO,SERTANEJO,66,1958130,https://i.scdn.co/image/ab6761610000e5eba0b0d3e191d0103c47526328,10.0
VIDEOCLUB,FRENCH INDIE POP,68,871553,https://i.scdn.co/image/ab6761610000e5eb3d43e8bcb7eb7ad1dae465d9,Outros
VILLAGE PEOPLE,DISCO,60,798492,https://i.scdn.co/image/ab6761610000e5eb60571cd7326957308bad6380,Outros
VINICIUS DE MORAES,BOSSA NOVA,61,642991,https://i.scdn.co/image/ab6761610000e5ebeaaeeb67f1f03b317e40306c,Outros
VITAO,BRAZILIAN POP,67,902393,https://i.scdn.co/image/ab6761610000e5ebaf665ec8e604ef23785c09c6,1.0
VITINHO,PAGODE,63,1134571,https://i.scdn.co/image/ab6761610000e5ebe50c12bf6067a419e498302c,1.0
VOU ZUAR,PAGODE,66,192952,https://i.scdn.co/image/ab6761610000e5eb3f4215c918ee428f2ea02d6e,1.0
WE CAME AS ROMANS,METALCORE,62,951383,https://i.scdn.co/image/ab6761610000e5eb7de63485c4014ed85b4875e5,0.0
WHITESNAKE,GLAM METAL,67,3353074,https://i.scdn.co/image/ab6761610000e5eb1cc545458190efc44f48035f,Outros
WIENER PHILHARMONIKER,CLASSICAL,69,159552,https://i.scdn.co/image/ab6761610000e5eb4bb5eb0860d831455fab32b6,Outros
WILCO,ALT COUNTRY,61,827497,https://i.scdn.co/image/ab6761610000e5ebb990b82996651d23ab4df7e8,5.0
WOLFGANG AMADEUS MOZART,CLASSICAL,76,5934580,https://i.scdn.co/image/ab6761610000e5eb7fa9108c6dadb8c3ec21da88,Outros
WONDER GIRLS,K-POP,61,1094741,https://i.scdn.co/image/ab6761610000e5eb30a517d1b703c3eabdac2855,9.0
XAND AVIAO,FORRO,72,3403941,https://i.scdn.co/image/ab6761610000e5ebf1989218233094ddf832f7ff,8.0
XANDE DE PILARES,SAMBA,65,967720,https://i.scdn.co/image/ab6761610000e5eb70fdcf939380809a05faf39e,5.0
XG,K-POP,70,2366572,https://i.scdn.co/image/ab6761610000e5ebd4a49e97ee6baeee9a8c8341,9.0
XLOV,K-POP,67,550624,https://i.scdn.co/image/ab6761610000e5ebb9f65d8d377f1cd413e173ae,9.0
YAGO OPROPRIO,BOOM BAP,67,613289,https://i.scdn.co/image/ab6761610000e5ebbcae189aad0812ed59c9126f,7.0
YAMA,J-POP,61,1415644,https://i.scdn.co/image/ab6761610000e5eb102509e6ae5000293ad834c5,Outros
YASMIN SANTOS,SERTANEJO,60,3007618,https://i.scdn.co/image/ab6761610000e5eb0122e00d419d79c002dd8a47,10.0
YAZOO,SYNTHPOP,60,763372,https://i.scdn.co/image/ab6761610000e5ebc948e0ba1e0c16f8c8ab6ad6,Outros
YEONJUN,K-POP,72,1502790,https://i.scdn.co/image/ab6761610000e5eb8396b8b5559921fa643761be,9.0
YES,PROGRESSIVE ROCK,63,2096918,https://i.scdn.co/image/ab6761610000e5eb419fcf221809dabb6cc0f31c,Outros
YSEULT,FRENCH R&B,65,324335,https://i.scdn.co/image/ab6761610000e5ebfb0da035dd3739987fcdaeba,7.0
YU-PENG CHEN,SOUNDTRACK,61,202933,https://i.scdn.co/image/ab6761610000e5eb4d6a491aecf0e36870aa3a21,5.0
ZE NETO & CRISTIANO,SERTANEJO,80,23036841,https://i.scdn.co/image/ab6761610000e5ebc76b86b0ae0aec212d7eea0f,10.0
ZE RAMALHO,MPB,66,3016903,https://i.scdn.co/image/ab6761610000e5eb607a7b4dcd5555814031c84e,11.0
ZE VAQUEIRO,PISEIRO,69,6265760,https://i.scdn.co/image/ab6761610000e5eb8883394e7e37041127647a2a,7.0
ZECA PAGODINHO,SAMBA,67,2092274,https://i.scdn.co/image/ab6761610000e5ebba8ad8a2315ed9148c7b1cc7,5.0
ZEROBASEONE,K-POP,67,1245719,https://i.scdn.co/image/ab6761610000e5eb87112f20911f26a0efb94e57,9.0
ZEZE DI CAMARGO & LUCIANO,SERTANEJO TRADICIONAL,75,5112779,https://i.scdn.co/image/ab6761610000e5eb5542815361f8e1c9d4026efe,13.0
ZEZO,SERESTA,61,417885,https://i.scdn.co/image/ab6761610000e5ebf08cceafd01cbd441fe5391f,5.0
ZICO,K-RAP,61,2100255,https://i.scdn.co/image/ab6761610000e5ebbc333412dcb39d8ef2bd91cc,Outros
ZZ TOP,SOUTHERN ROCK,70,4967820,https://i.scdn.co/image/ab6772690000c46cad8fafe5fa4ad82e7770f2ae,Outros
アトラスサウントチーム,JAPANESE VGM,68,224187,https://i.scdn.co/image/ab6761610000e5eb5de4fc39a57b308bece03bfa,7.0
結束ハント,ANIME,60,691978,https://i.scdn.co/image/ab6761610000e5eb38df323a9b0d7880ae59590b,Outros
