data,ano,dia_semana,nome_feriado,tipo_dia,temperature_2m_max,temperature_2m_min,precipitation_sum,weathercode,descricao_clima
2021-01-01,2021,Sexta-feira,Confraternização mundial,Feriado Nacional,26.2,18.4,10.5,63.0,Chuva moderada
2021-01-02,2021,Sábado,,Fim de semana,23.4,18.3,5.0,61.0,Chuva leve
2021-01-03,2021,Domingo,,Fim de semana,24.9,17.2,3.6,53.0,Chuvisco moderado
2021-01-04,2021,Segunda-feira,,Dia útil,26.8,17.2,2.4,61.0,Chuva leve
2021-01-05,2021,Terça-feira,,Dia útil,28.6,17.7,4.7,61.0,Chuva leve
2021-01-06,2021,Quarta-feira,,Dia útil,29.7,20.7,4.7,63.0,Chuva moderada
2021-01-07,2021,Quinta-feira,,Dia útil,28.9,20.8,5.3,61.0,Chuva leve
2021-01-08,2021,Sexta-feira,,Dia útil,26.6,20.6,22.5,65.0,Chuva forte
2021-01-09,2021,Sábado,,Fim de semana,26.9,19.7,4.5,61.0,Chuva leve
2021-01-10,2021,Domingo,,Fim de semana,27.9,19.4,9.3,63.0,Chuva moderada
2021-01-11,2021,Segunda-feira,,Dia útil,28.1,20.1,2.6,55.0,Chuvisco intenso
2021-01-12,2021,Terça-feira,,Dia útil,29.0,21.1,17.7,65.0,Chuva forte
2021-01-13,2021,Quarta-feira,,Dia útil,26.7,20.7,18.6,65.0,Chuva forte
2021-01-14,2021,Quinta-feira,,Dia útil,27.3,19.3,10.0,63.0,Chuva moderada
2021-01-15,2021,Sexta-feira,,Dia útil,25.9,18.8,13.0,63.0,Chuva moderada
2021-01-16,2021,Sábado,,Fim de semana,27.5,18.3,1.7,51.0,Chuvisco leve
2021-01-17,2021,Domingo,,Fim de semana,28.0,21.2,0.6,51.0,Chuvisco leve
2021-01-18,2021,Segunda-feira,,Dia útil,29.2,20.6,6.0,61.0,Chuva leve
2021-01-19,2021,Terça-feira,,Dia útil,27.2,20.2,12.9,61.0,Chuva leve
2021-01-20,2021,Quarta-feira,,Dia útil,29.0,19.9,2.4,53.0,Chuvisco moderado
2021-01-21,2021,Quinta-feira,,Dia útil,27.9,19.2,2.0,55.0,Chuvisco intenso
2021-01-22,2021,Sexta-feira,,Dia útil,27.5,19.0,1.6,53.0,Chuvisco moderado
2021-01-23,2021,Sábado,,Fim de semana,28.1,18.4,3.5,61.0,Chuva leve
2021-01-24,2021,Domingo,,Fim de semana,27.7,19.4,4.4,63.0,Chuva moderada
2021-01-25,2021,Segunda-feira,Aniversário de São Paulo,Feriado Municipal,29.7,18.8,8.8,63.0,Chuva moderada
2021-01-26,2021,Terça-feira,,Dia útil,28.1,18.3,22.5,65.0,Chuva forte
2021-01-27,2021,Quarta-feira,,Dia útil,29.2,20.5,0.5,51.0,Chuvisco leve
2021-01-28,2021,Quinta-feira,,Dia útil,29.7,20.7,6.9,63.0,Chuva moderada
2021-01-29,2021,Sexta-feira,,Dia útil,30.2,19.5,0.0,3.0,Nublado
2021-01-30,2021,Sábado,,Fim de semana,31.9,19.6,0.0,3.0,Nublado
2021-01-31,2021,Domingo,,Fim de semana,30.7,20.2,1.4,53.0,Chuvisco moderado
2021-02-01,2021,Segunda-feira,,Dia útil,29.5,21.0,4.0,61.0,Chuva leve
2021-02-02,2021,Terça-feira,,Dia útil,29.8,19.8,7.3,63.0,Chuva moderada
2021-02-03,2021,Quarta-feira,,Dia útil,29.4,18.1,0.9,53.0,Chuvisco moderado
2021-02-04,2021,Quinta-feira,,Dia útil,30.7,20.9,1.6,53.0,Chuvisco moderado
2021-02-05,2021,Sexta-feira,,Dia útil,25.9,18.2,21.9,65.0,Chuva forte
2021-02-06,2021,Sábado,,Fim de semana,25.0,17.3,1.4,53.0,Chuvisco moderado
2021-02-07,2021,Domingo,,Fim de semana,24.0,16.5,2.2,53.0,Chuvisco moderado
2021-02-08,2021,Segunda-feira,,Dia útil,24.2,14.6,0.4,51.0,Chuvisco leve
2021-02-09,2021,Terça-feira,,Dia útil,24.7,14.8,1.4,53.0,Chuvisco moderado
2021-02-10,2021,Quarta-feira,,Dia útil,25.9,16.1,3.3,61.0,Chuva leve
2021-02-11,2021,Quinta-feira,,Dia útil,25.8,17.3,19.7,65.0,Chuva forte
2021-02-12,2021,Sexta-feira,,Dia útil,25.0,17.7,9.7,63.0,Chuva moderada
2021-02-13,2021,Sábado,,Fim de semana,24.2,17.9,10.7,63.0,Chuva moderada
2021-02-14,2021,Domingo,,Fim de semana,27.0,17.4,0.0,3.0,Nublado
2021-02-15,2021,Segunda-feira,,Dia útil,27.0,18.7,1.5,51.0,Chuvisco leve
2021-02-16,2021,Terça-feira,Carnaval,Feriado Nacional,27.3,18.3,0.6,51.0,Chuvisco leve
2021-02-17,2021,Quarta-feira,,Dia útil,27.0,19.1,3.6,61.0,Chuva leve
2021-02-18,2021,Quinta-feira,,Dia útil,27.6,16.2,2.0,55.0,Chuvisco intenso
2021-02-19,2021,Sexta-feira,,Dia útil,27.6,17.4,0.2,51.0,Chuvisco leve
2021-02-20,2021,Sábado,,Fim de semana,26.8,17.2,0.3,51.0,Chuvisco leve
2021-02-21,2021,Domingo,,Fim de semana,26.2,17.5,0.6,51.0,Chuvisco leve
2021-02-22,2021,Segunda-feira,,Dia útil,26.5,18.2,0.7,51.0,Chuvisco leve
2021-02-23,2021,Terça-feira,,Dia útil,29.9,17.0,0.0,3.0,Nublado
2021-02-24,2021,Quarta-feira,,Dia útil,28.9,17.4,2.4,61.0,Chuva leve
2021-02-25,2021,Quinta-feira,,Dia útil,24.9,18.0,12.9,63.0,Chuva moderada
2021-02-26,2021,Sexta-feira,,Dia útil,22.0,17.6,24.4,65.0,Chuva forte
2021-02-27,2021,Sábado,,Fim de semana,24.4,17.8,18.6,65.0,Chuva forte
2021-02-28,2021,Domingo,,Fim de semana,26.6,17.7,13.5,65.0,Chuva forte
2021-03-01,2021,Segunda-feira,,Dia útil,26.7,18.5,1.1,55.0,Chuvisco intenso
2021-03-02,2021,Terça-feira,,Dia útil,27.7,18.6,0.6,51.0,Chuvisco leve
2021-03-03,2021,Quarta-feira,,Dia útil,28.2,20.0,0.3,51.0,Chuvisco leve
2021-03-04,2021,Quinta-feira,,Dia útil,28.2,19.3,5.1,61.0,Chuva leve
2021-03-05,2021,Sexta-feira,,Dia útil,24.2,20.0,4.9,61.0,Chuva leve
2021-03-06,2021,Sábado,,Fim de semana,24.0,18.8,23.3,63.0,Chuva moderada
2021-03-07,2021,Domingo,,Fim de semana,24.0,18.2,15.4,65.0,Chuva forte
2021-03-08,2021,Segunda-feira,,Dia útil,24.9,17.6,4.5,63.0,Chuva moderada
2021-03-09,2021,Terça-feira,,Dia útil,26.5,16.3,0.0,3.0,Nublado
2021-03-10,2021,Quarta-feira,,Dia útil,25.5,17.6,0.5,51.0,Chuvisco leve
2021-03-11,2021,Quinta-feira,,Dia útil,27.1,17.2,2.9,53.0,Chuvisco moderado
2021-03-12,2021,Sexta-feira,,Dia útil,28.6,17.5,1.1,51.0,Chuvisco leve
2021-03-13,2021,Sábado,,Fim de semana,27.5,19.0,0.0,3.0,Nublado
2021-03-14,2021,Domingo,,Fim de semana,28.0,18.6,0.8,51.0,Chuvisco leve
2021-03-15,2021,Segunda-feira,,Dia útil,27.3,17.2,1.4,53.0,Chuvisco moderado
2021-03-16,2021,Terça-feira,,Dia útil,27.6,18.6,0.8,53.0,Chuvisco moderado
2021-03-17,2021,Quarta-feira,,Dia útil,28.5,18.0,0.2,51.0,Chuvisco leve
2021-03-18,2021,Quinta-feira,,Dia útil,24.6,19.9,0.7,51.0,Chuvisco leve
2021-03-19,2021,Sexta-feira,,Dia útil,27.2,18.5,15.1,65.0,Chuva forte
2021-03-20,2021,Sábado,,Fim de semana,28.1,18.7,0.8,51.0,Chuvisco leve
2021-03-21,2021,Domingo,,Fim de semana,28.3,18.2,0.0,3.0,Nublado
2021-03-22,2021,Segunda-feira,,Dia útil,28.6,17.4,0.1,51.0,Chuvisco leve
2021-03-23,2021,Terça-feira,,Dia útil,28.6,18.9,0.0,3.0,Nublado
2021-03-24,2021,Quarta-feira,,Dia útil,28.3,18.7,0.1,51.0,Chuvisco leve
2021-03-25,2021,Quinta-feira,,Dia útil,27.8,19.3,0.3,51.0,Chuvisco leve
2021-03-26,2021,Sexta-feira,,Dia útil,29.2,18.8,0.0,3.0,Nublado
2021-03-27,2021,Sábado,,Fim de semana,30.5,18.6,0.0,3.0,Nublado
2021-03-28,2021,Domingo,,Fim de semana,30.4,18.4,2.9,61.0,Chuva leve
2021-03-29,2021,Segunda-feira,,Dia útil,29.1,19.0,14.6,65.0,Chuva forte
2021-03-30,2021,Terça-feira,,Dia útil,27.8,18.4,10.9,63.0,Chuva moderada
2021-03-31,2021,Quarta-feira,,Dia útil,22.4,15.7,2.6,53.0,Chuvisco moderado
2021-04-01,2021,Quinta-feira,,Dia útil,24.0,13.3,0.0,3.0,Nublado
2021-04-02,2021,Sexta-feira,Sexta-feira Santa,Feriado Nacional,22.8,15.3,0.2,51.0,Chuvisco leve
2021-04-03,2021,Sábado,,Fim de semana,24.8,14.3,0.1,51.0,Chuvisco leve
2021-04-04,2021,Domingo,Páscoa,Fim de semana,24.1,16.0,0.6,51.0,Chuvisco leve
2021-04-05,2021,Segunda-feira,,Dia útil,24.8,15.8,0.0,3.0,Nublado
2021-04-06,2021,Terça-feira,,Dia útil,23.3,15.6,13.1,63.0,Chuva moderada
2021-04-07,2021,Quarta-feira,,Dia útil,23.7,16.3,1.8,53.0,Chuvisco moderado
2021-04-08,2021,Quinta-feira,,Dia útil,25.1,14.9,0.0,2.0,Parcialmente nublado
2021-04-09,2021,Sexta-feira,,Dia útil,25.5,14.1,0.0,3.0,Nublado
2021-04-10,2021,Sábado,,Fim de semana,27.2,13.5,0.0,3.0,Nublado
2021-04-11,2021,Domingo,,Fim de semana,28.1,13.7,0.0,1.0,Predominantemente limpo
2021-04-12,2021,Segunda-feira,,Dia útil,28.0,15.8,0.6,51.0,Chuvisco leve
2021-04-13,2021,Terça-feira,,Dia útil,20.8,14.5,2.9,51.0,Chuvisco leve
2021-04-14,2021,Quarta-feira,,Dia útil,23.3,12.5,0.0,3.0,Nublado
2021-04-15,2021,Quinta-feira,,Dia útil,24.0,15.0,0.3,51.0,Chuvisco leve
2021-04-16,2021,Sexta-feira,,Dia útil,25.5,14.5,0.0,3.0,Nublado
2021-04-17,2021,Sábado,,Fim de semana,24.5,16.0,2.8,53.0,Chuvisco moderado
2021-04-18,2021,Domingo,,Fim de semana,23.1,16.5,18.8,63.0,Chuva moderada
2021-04-19,2021,Segunda-feira,,Dia útil,21.2,15.7,1.4,51.0,Chuvisco leve
2021-04-20,2021,Terça-feira,,Dia útil,21.0,15.4,3.0,51.0,Chuvisco leve
2021-04-21,2021,Quarta-feira,Tiradentes,Feriado Nacional,20.6,15.6,3.8,53.0,Chuvisco moderado
2021-04-22,2021,Quinta-feira,,Dia útil,18.6,14.4,2.4,53.0,Chuvisco moderado
2021-04-23,2021,Sexta-feira,,Dia útil,22.3,13.3,0.0,3.0,Nublado
2021-04-24,2021,Sábado,,Fim de semana,23.7,14.7,0.0,3.0,Nublado
2021-04-25,2021,Domingo,,Fim de semana,25.5,14.8,0.0,3.0,Nublado
2021-04-26,2021,Segunda-feira,,Dia útil,24.0,16.0,2.4,53.0,Chuvisco moderado
2021-04-27,2021,Terça-feira,,Dia útil,21.3,15.6,1.4,53.0,Chuvisco moderado
2021-04-28,2021,Quarta-feira,,Dia útil,23.0,15.1,0.3,51.0,Chuvisco leve
2021-04-29,2021,Quinta-feira,,Dia útil,20.0,13.2,1.1,51.0,Chuvisco leve
2021-04-30,2021,Sexta-feira,,Dia útil,21.8,12.8,0.0,3.0,Nublado
2021-05-01,2021,Sábado,Dia do trabalho,Fim de semana,22.1,12.1,0.0,3.0,Nublado
2021-05-02,2021,Domingo,,Fim de semana,23.5,13.1,0.0,3.0,Nublado
2021-05-03,2021,Segunda-feira,,Dia útil,24.7,13.0,0.0,3.0,Nublado
2021-05-04,2021,Terça-feira,,Dia útil,26.3,13.0,0.0,3.0,Nublado
2021-05-05,2021,Quarta-feira,,Dia útil,26.2,13.0,0.0,3.0,Nublado
2021-05-06,2021,Quinta-feira,,Dia útil,27.4,14.6,0.3,51.0,Chuvisco leve
2021-05-07,2021,Sexta-feira,,Dia útil,18.3,14.4,2.7,53.0,Chuvisco moderado
2021-05-08,2021,Sábado,,Fim de semana,20.9,14.2,0.5,51.0,Chuvisco leve
2021-05-09,2021,Domingo,,Fim de semana,22.1,13.5,0.0,3.0,Nublado
2021-05-10,2021,Segunda-feira,,Dia útil,23.3,13.8,0.0,3.0,Nublado
2021-05-11,2021,Terça-feira,,Dia útil,25.8,13.4,0.0,3.0,Nublado
2021-05-12,2021,Quarta-feira,,Dia útil,22.5,13.1,10.9,63.0,Chuva moderada
2021-05-13,2021,Quinta-feira,,Dia útil,18.3,13.1,4.4,61.0,Chuva leve
2021-05-14,2021,Sexta-feira,,Dia útil,20.3,12.8,0.1,51.0,Chuvisco leve
2021-05-15,2021,Sábado,,Fim de semana,20.1,13.7,2.7,53.0,Chuvisco moderado
2021-05-16,2021,Domingo,,Fim de semana,21.7,14.2,0.0,3.0,Nublado
2021-05-17,2021,Segunda-feira,,Dia útil,22.4,13.4,0.0,3.0,Nublado
2021-05-18,2021,Terça-feira,,Dia útil,20.1,13.1,0.6,51.0,Chuvisco leve
2021-05-19,2021,Quarta-feira,,Dia útil,23.0,12.3,0.0,3.0,Nublado
2021-05-20,2021,Quinta-feira,,Dia útil,24.5,10.8,0.0,3.0,Nublado
2021-05-21,2021,Sexta-feira,,Dia útil,26.3,12.0,0.0,3.0,Nublado
2021-05-22,2021,Sábado,,Fim de semana,19.8,14.6,11.5,63.0,Chuva moderada
2021-05-23,2021,Domingo,,Fim de semana,22.5,16.4,0.0,3.0,Nublado
2021-05-24,2021,Segunda-feira,,Dia útil,19.8,9.6,0.0,3.0,Nublado
2021-05-25,2021,Terça-feira,,Dia útil,22.1,8.5,0.0,3.0,Nublado
2021-05-26,2021,Quarta-feira,,Dia útil,24.2,7.7,0.0,3.0,Nublado
2021-05-27,2021,Quinta-feira,,Dia útil,25.4,10.9,0.0,3.0,Nublado
2021-05-28,2021,Sexta-feira,,Dia útil,26.6,13.6,0.0,3.0,Nublado
2021-05-29,2021,Sábado,,Fim de semana,28.2,19.5,0.4,51.0,Chuvisco leve
2021-05-30,2021,Domingo,,Fim de semana,21.6,16.1,0.8,51.0,Chuvisco leve
2021-05-31,2021,Segunda-feira,,Dia útil,21.0,14.4,1.3,51.0,Chuvisco leve
2021-06-01,2021,Terça-feira,,Dia útil,21.4,13.5,0.0,3.0,Nublado
2021-06-02,2021,Quarta-feira,,Dia útil,25.0,12.4,0.0,3.0,Nublado
2021-06-03,2021,Quinta-feira,Corpus Christi,Feriado Nacional,25.0,13.1,0.0,3.0,Nublado
2021-06-04,2021,Sexta-feira,,Dia útil,24.6,15.1,0.0,3.0,Nublado
2021-06-05,2021,Sábado,,Fim de semana,25.3,13.7,0.0,1.0,Predominantemente limpo
2021-06-06,2021,Domingo,,Fim de semana,25.1,12.3,0.1,51.0,Chuvisco leve
2021-06-07,2021,Segunda-feira,,Dia útil,20.7,16.3,2.9,53.0,Chuvisco moderado
2021-06-08,2021,Terça-feira,,Dia útil,19.9,15.8,1.3,51.0,Chuvisco leve
2021-06-09,2021,Quarta-feira,,Dia útil,22.8,15.9,0.2,51.0,Chuvisco leve
2021-06-10,2021,Quinta-feira,,Dia útil,22.1,16.0,6.6,55.0,Chuvisco intenso
2021-06-11,2021,Sexta-feira,,Dia útil,19.0,14.0,3.3,55.0,Chuvisco intenso
2021-06-12,2021,Sábado,,Fim de semana,19.5,12.8,0.0,3.0,Nublado
2021-06-13,2021,Domingo,,Fim de semana,18.3,10.8,0.0,3.0,Nublado
2021-06-14,2021,Segunda-feira,,Dia útil,20.2,9.4,0.0,3.0,Nublado
2021-06-15,2021,Terça-feira,,Dia útil,21.9,11.2,0.0,3.0,Nublado
2021-06-16,2021,Quarta-feira,,Dia útil,18.8,12.4,0.1,51.0,Chuvisco leve
2021-06-17,2021,Quinta-feira,,Dia útil,18.2,11.5,0.3,51.0,Chuvisco leve
2021-06-18,2021,Sexta-feira,,Dia útil,18.1,11.7,0.0,3.0,Nublado
2021-06-19,2021,Sábado,,Fim de semana,19.6,13.2,0.7,51.0,Chuvisco leve
2021-06-20,2021,Domingo,,Fim de semana,21.2,12.7,1.3,53.0,Chuvisco moderado
2021-06-21,2021,Segunda-feira,,Dia útil,19.0,12.2,1.5,53.0,Chuvisco moderado
2021-06-22,2021,Terça-feira,,Dia útil,19.0,12.9,5.1,63.0,Chuva moderada
2021-06-23,2021,Quarta-feira,,Dia útil,18.0,11.9,0.2,51.0,Chuvisco leve
2021-06-24,2021,Quinta-feira,,Dia útil,23.0,10.9,0.0,3.0,Nublado
2021-06-25,2021,Sexta-feira,,Dia útil,25.4,13.5,0.1,51.0,Chuvisco leve
2021-06-26,2021,Sábado,,Fim de semana,24.9,13.0,0.0,3.0,Nublado
2021-06-27,2021,Domingo,,Fim de semana,24.8,14.6,0.0,2.0,Parcialmente nublado
2021-06-28,2021,Segunda-feira,,Dia útil,21.4,11.5,0.1,51.0,Chuvisco leve
2021-06-29,2021,Terça-feira,,Dia útil,15.0,8.4,1.8,53.0,Chuvisco moderado
2021-06-30,2021,Quarta-feira,,Dia útil,13.4,4.3,0.0,3.0,Nublado
2021-07-01,2021,Quinta-feira,,Dia útil,17.3,5.9,0.0,3.0,Nublado
2021-07-02,2021,Sexta-feira,,Dia útil,22.4,9.0,0.0,3.0,Nublado
2021-07-03,2021,Sábado,,Fim de semana,22.7,8.3,0.0,3.0,Nublado
2021-07-04,2021,Domingo,,Fim de semana,18.8,11.9,0.0,3.0,Nublado
2021-07-05,2021,Segunda-feira,,Dia útil,19.9,11.8,0.0,3.0,Nublado
2021-07-06,2021,Terça-feira,,Dia útil,19.2,11.1,0.1,51.0,Chuvisco leve
2021-07-07,2021,Quarta-feira,,Dia útil,19.2,10.5,0.0,3.0,Nublado
2021-07-08,2021,Quinta-feira,,Dia útil,22.0,11.1,0.1,51.0,Chuvisco leve
2021-07-09,2021,Sexta-feira,,Dia útil,21.6,12.0,0.0,3.0,Nublado
2021-07-10,2021,Sábado,,Fim de semana,23.4,10.2,0.0,3.0,Nublado
2021-07-11,2021,Domingo,,Fim de semana,23.9,10.4,0.0,2.0,Parcialmente nublado
2021-07-12,2021,Segunda-feira,,Dia útil,23.9,11.0,0.0,2.0,Parcialmente nublado
2021-07-13,2021,Terça-feira,,Dia útil,24.3,9.5,0.0,3.0,Nublado
2021-07-14,2021,Quarta-feira,,Dia útil,24.5,10.6,0.0,3.0,Nublado
2021-07-15,2021,Quinta-feira,,Dia útil,26.1,13.0,0.0,3.0,Nublado
2021-07-16,2021,Sexta-feira,,Dia útil,22.6,13.1,0.0,3.0,Nublado
2021-07-17,2021,Sábado,,Fim de semana,23.9,15.1,0.3,51.0,Chuvisco leve
2021-07-18,2021,Domingo,,Fim de semana,22.3,12.3,0.3,51.0,Chuvisco leve
2021-07-19,2021,Segunda-feira,,Dia útil,17.8,6.0,0.0,3.0,Nublado
2021-07-20,2021,Terça-feira,,Dia útil,16.1,4.3,0.0,3.0,Nublado
2021-07-21,2021,Quarta-feira,,Dia útil,20.6,6.8,0.0,3.0,Nublado
2021-07-22,2021,Quinta-feira,,Dia útil,21.2,6.9,0.0,3.0,Nublado
2021-07-23,2021,Sexta-feira,,Dia útil,23.9,10.7,0.0,3.0,Nublado
2021-07-24,2021,Sábado,,Fim de semana,25.3,7.6,0.0,0.0,Céu limpo
2021-07-25,2021,Domingo,,Fim de semana,25.6,10.5,0.0,0.0,Céu limpo
2021-07-26,2021,Segunda-feira,,Dia útil,26.1,11.1,0.0,0.0,Céu limpo
2021-07-27,2021,Terça-feira,,Dia útil,28.1,15.2,0.3,51.0,Chuvisco leve
2021-07-28,2021,Quarta-feira,,Dia útil,15.5,9.0,17.8,63.0,Chuva moderada
2021-07-29,2021,Quinta-feira,,Dia útil,12.4,3.0,0.0,0.0,Céu limpo
2021-07-30,2021,Sexta-feira,,Dia útil,12.0,1.5,0.0,3.0,Nublado
2021-07-31,2021,Sábado,,Fim de semana,16.8,4.5,0.0,3.0,Nublado
2021-08-01,2021,Domingo,,Fim de semana,16.7,7.3,0.0,3.0,Nublado
2021-08-02,2021,Segunda-feira,,Dia útil,18.8,10.0,0.0,3.0,Nublado
2021-08-03,2021,Terça-feira,,Dia útil,16.7,10.2,1.2,51.0,Chuvisco leve
2021-08-04,2021,Quarta-feira,,Dia útil,17.4,10.4,0.0,3.0,Nublado
2021-08-05,2021,Quinta-feira,,Dia útil,20.8,9.4,0.0,3.0,Nublado
2021-08-06,2021,Sexta-feira,,Dia útil,22.5,11.6,0.0,3.0,Nublado
2021-08-07,2021,Sábado,,Fim de semana,22.3,12.0,0.0,3.0,Nublado
2021-08-08,2021,Domingo,,Fim de semana,23.6,11.8,0.0,2.0,Parcialmente nublado
2021-08-09,2021,Segunda-feira,,Dia útil,25.6,11.1,0.0,2.0,Parcialmente nublado
2021-08-10,2021,Terça-feira,,Dia útil,26.9,10.5,0.0,3.0,Nublado
2021-08-11,2021,Quarta-feira,,Dia útil,19.9,11.9,0.0,3.0,Nublado
2021-08-12,2021,Quinta-feira,,Dia útil,15.8,13.2,0.0,3.0,Nublado
2021-08-13,2021,Sexta-feira,,Dia útil,17.8,12.7,0.6,51.0,Chuvisco leve
2021-08-14,2021,Sábado,,Fim de semana,19.5,12.4,3.2,61.0,Chuva leve
2021-08-15,2021,Domingo,,Fim de semana,26.2,13.4,0.0,3.0,Nublado
2021-08-16,2021,Segunda-feira,,Dia útil,22.3,14.3,0.6,51.0,Chuvisco leve
2021-08-17,2021,Terça-feira,,Dia útil,28.5,13.1,0.0,1.0,Predominantemente limpo
2021-08-18,2021,Quarta-feira,,Dia útil,29.0,13.7,0.0,0.0,Céu limpo
2021-08-19,2021,Quinta-feira,,Dia útil,29.7,13.9,0.0,0.0,Céu limpo
2021-08-20,2021,Sexta-feira,,Dia útil,28.9,14.5,0.0,0.0,Céu limpo
2021-08-21,2021,Sábado,,Fim de semana,28.3,14.2,0.0,1.0,Predominantemente limpo
2021-08-22,2021,Domingo,,Fim de semana,29.4,14.2,0.0,0.0,Céu limpo
2021-08-23,2021,Segunda-feira,,Dia útil,30.0,13.1,0.0,0.0,Céu limpo
2021-08-24,2021,Terça-feira,,Dia útil,31.3,16.0,0.0,0.0,Céu limpo
2021-08-25,2021,Quarta-feira,,Dia útil,32.3,16.2,0.0,3.0,Nublado
2021-08-26,2021,Quinta-feira,,Dia útil,32.3,16.2,0.0,3.0,Nublado
2021-08-27,2021,Sexta-feira,,Dia útil,18.9,15.0,0.9,53.0,Chuvisco moderado
2021-08-28,2021,Sábado,,Fim de semana,17.0,14.8,23.0,63.0,Chuva moderada
2021-08-29,2021,Domingo,,Fim de semana,18.2,14.7,0.8,51.0,Chuvisco leve
2021-08-30,2021,Segunda-feira,,Dia útil,20.7,14.3,2.8,55.0,Chuvisco intenso
2021-08-31,2021,Terça-feira,,Dia útil,22.3,13.0,0.0,2.0,Parcialmente nublado
2021-09-01,2021,Quarta-feira,,Dia útil,23.5,12.7,0.0,3.0,Nublado
2021-09-02,2021,Quinta-feira,,Dia útil,25.8,12.6,0.0,3.0,Nublado
2021-09-03,2021,Sexta-feira,,Dia útil,28.0,13.4,0.0,3.0,Nublado
2021-09-04,2021,Sábado,,Fim de semana,28.2,14.3,0.0,3.0,Nublado
2021-09-05,2021,Domingo,,Fim de semana,30.2,14.2,0.0,3.0,Nublado
2021-09-06,2021,Segunda-feira,,Dia útil,25.5,16.2,0.0,3.0,Nublado
2021-09-07,2021,Terça-feira,Independência do Brasil,Feriado Nacional,27.9,16.4,0.0,3.0,Nublado
2021-09-07,2021,Terça-feira,Revolução Constitucionalista,Feriado Estadual,27.9,16.4,0.0,3.0,Nublado
2021-09-07,2021,Terça-feira,Consciência Negra,Feriado Municipal,27.9,16.4,0.0,3.0,Nublado
2021-09-08,2021,Quarta-feira,,Dia útil,33.4,15.6,0.0,3.0,Nublado
2021-09-09,2021,Quinta-feira,,Dia útil,30.2,17.5,0.2,51.0,Chuvisco leve
2021-09-10,2021,Sexta-feira,,Dia útil,24.5,18.4,7.8,61.0,Chuva leve
2021-09-11,2021,Sábado,,Fim de semana,24.9,16.6,0.1,51.0,Chuvisco leve
2021-09-12,2021,Domingo,,Fim de semana,28.4,15.1,0.0,3.0,Nublado
2021-09-13,2021,Segunda-feira,,Dia útil,33.1,16.9,0.0,3.0,Nublado
2021-09-14,2021,Terça-feira,,Dia útil,33.3,19.9,0.0,3.0,Nublado
2021-09-15,2021,Quarta-feira,,Dia útil,24.0,17.4,0.3,51.0,Chuvisco leve
2021-09-16,2021,Quinta-feira,,Dia útil,20.6,15.8,0.8,51.0,Chuvisco leve
2021-09-17,2021,Sexta-feira,,Dia útil,23.8,15.6,0.4,51.0,Chuvisco leve
2021-09-18,2021,Sábado,,Fim de semana,31.5,15.9,0.2,51.0,Chuvisco leve
2021-09-19,2021,Domingo,,Fim de semana,29.4,16.3,0.0,3.0,Nublado
2021-09-20,2021,Segunda-feira,,Dia útil,34.0,17.1,0.0,3.0,Nublado
2021-09-21,2021,Terça-feira,,Dia útil,34.0,14.9,0.8,51.0,Chuvisco leve
2021-09-22,2021,Quarta-feira,,Dia útil,17.3,12.2,0.8,51.0,Chuvisco leve
2021-09-23,2021,Quinta-feira,,Dia útil,20.5,10.4,0.0,2.0,Parcialmente nublado
2021-09-24,2021,Sexta-feira,,Dia útil,28.2,11.1,0.0,3.0,Nublado
2021-09-25,2021,Sábado,,Fim de semana,25.5,12.8,0.5,51.0,Chuvisco leve
2021-09-26,2021,Domingo,,Fim de semana,28.4,14.1,1.2,53.0,Chuvisco moderado
2021-09-27,2021,Segunda-feira,,Dia útil,28.5,14.9,0.1,51.0,Chuvisco leve
2021-09-28,2021,Terça-feira,,Dia útil,31.1,14.8,0.0,3.0,Nublado
2021-09-29,2021,Quarta-feira,,Dia útil,28.8,16.9,0.2,51.0,Chuvisco leve
2021-09-30,2021,Quinta-feira,,Dia útil,24.8,15.1,0.0,3.0,Nublado
2021-10-01,2021,Sexta-feira,,Dia útil,23.5,15.5,5.2,53.0,Chuvisco moderado
2021-10-02,2021,Sábado,,Fim de semana,28.0,18.1,0.7,51.0,Chuvisco leve
2021-10-03,2021,Domingo,,Fim de semana,27.7,18.1,8.2,63.0,Chuva moderada
2021-10-04,2021,Segunda-feira,,Dia útil,26.9,17.4,30.2,65.0,Chuva forte
2021-10-05,2021,Terça-feira,,Dia útil,18.4,15.5,2.1,53.0,Chuvisco moderado
2021-10-06,2021,Quarta-feira,,Dia útil,28.4,15.5,0.1,51.0,Chuvisco leve
2021-10-07,2021,Quinta-feira,,Dia útil,21.5,15.2,1.9,51.0,Chuvisco leve
2021-10-08,2021,Sexta-feira,,Dia útil,21.7,14.1,0.0,3.0,Nublado
2021-10-09,2021,Sábado,,Fim de semana,22.9,14.8,5.4,53.0,Chuvisco moderado
2021-10-10,2021,Domingo,,Fim de semana,19.5,14.8,7.8,61.0,Chuva leve
2021-10-11,2021,Segunda-feira,,Dia útil,20.2,15.4,6.0,61.0,Chuva leve
2021-10-12,2021,Terça-feira,Nossa Senhora Aparecida,Feriado Nacional,23.9,14.5,5.4,63.0,Chuva moderada
2021-10-13,2021,Quarta-feira,,Dia útil,25.7,15.2,0.7,51.0,Chuvisco leve
2021-10-14,2021,Quinta-feira,,Dia útil,27.9,15.9,0.2,51.0,Chuvisco leve
2021-10-15,2021,Sexta-feira,,Dia útil,29.1,18.4,12.3,63.0,Chuva moderada
2021-10-16,2021,Sábado,,Fim de semana,27.5,16.7,7.7,61.0,Chuva leve
2021-10-17,2021,Domingo,,Fim de semana,19.9,16.1,1.0,51.0,Chuvisco leve
2021-10-18,2021,Segunda-feira,,Dia útil,19.5,15.3,13.4,61.0,Chuva leve
2021-10-19,2021,Terça-feira,,Dia útil,16.1,11.6,6.6,55.0,Chuvisco intenso
2021-10-20,2021,Quarta-feira,,Dia útil,17.1,11.8,1.5,53.0,Chuvisco moderado
2021-10-21,2021,Quinta-feira,,Dia útil,20.6,11.4,0.1,51.0,Chuvisco leve
2021-10-22,2021,Sexta-feira,,Dia útil,24.8,11.6,0.0,3.0,Nublado
2021-10-23,2021,Sábado,,Fim de semana,29.8,13.1,0.0,3.0,Nublado
2021-10-24,2021,Domingo,,Fim de semana,23.3,15.0,12.0,63.0,Chuva moderada
2021-10-25,2021,Segunda-feira,,Dia útil,21.3,13.1,0.1,51.0,Chuvisco leve
2021-10-26,2021,Terça-feira,,Dia útil,24.3,14.2,1.4,53.0,Chuvisco moderado
2021-10-27,2021,Quarta-feira,,Dia útil,24.1,16.9,5.1,53.0,Chuvisco moderado
2021-10-28,2021,Quinta-feira,,Dia útil,23.9,17.4,8.7,61.0,Chuva leve
2021-10-29,2021,Sexta-feira,,Dia útil,23.8,16.1,0.9,53.0,Chuvisco moderado
2021-10-30,2021,Sábado,,Fim de semana,24.0,16.6,1.9,61.0,Chuva leve
2021-10-31,2021,Domingo,,Fim de semana,21.2,16.2,9.5,61.0,Chuva leve
2021-11-01,2021,Segunda-feira,,Dia útil,22.7,16.4,8.3,61.0,Chuva leve
2021-11-02,2021,Terça-feira,Finados,Feriado Nacional,22.6,16.3,1.3,51.0,Chuvisco leve
2021-11-03,2021,Quarta-feira,,Dia útil,24.1,16.4,1.3,51.0,Chuvisco leve
2021-11-04,2021,Quinta-feira,,Dia útil,26.1,15.5,0.2,51.0,Chuvisco leve
2021-11-05,2021,Sexta-feira,,Dia útil,25.1,15.0,0.0,3.0,Nublado
2021-11-06,2021,Sábado,,Fim de semana,25.7,14.2,0.0,3.0,Nublado
2021-11-07,2021,Domingo,,Fim de semana,24.5,14.6,0.0,3.0,Nublado
2021-11-08,2021,Segunda-feira,,Dia útil,26.4,13.7,0.2,51.0,Chuvisco leve
2021-11-09,2021,Terça-feira,,Dia útil,22.1,15.3,1.1,51.0,Chuvisco leve
2021-11-10,2021,Quarta-feira,,Dia útil,23.7,15.8,0.1,51.0,Chuvisco leve
2021-11-11,2021,Quinta-feira,,Dia útil,19.2,14.7,3.1,53.0,Chuvisco moderado
2021-11-12,2021,Sexta-feira,,Dia útil,20.0,13.2,0.4,51.0,Chuvisco leve
2021-11-13,2021,Sábado,,Fim de semana,20.5,10.1,0.0,3.0,Nublado
2021-11-14,2021,Domingo,,Fim de semana,25.7,11.2,0.0,3.0,Nublado
2021-11-15,2021,Segunda-feira,Proclamação da República,Feriado Nacional,26.0,13.1,0.2,51.0,Chuvisco leve
2021-11-16,2021,Terça-feira,,Dia útil,28.4,14.5,0.0,3.0,Nublado
2021-11-17,2021,Quarta-feira,,Dia útil,30.3,15.4,0.0,3.0,Nublado
2021-11-18,2021,Quinta-feira,,Dia útil,25.3,19.1,12.3,63.0,Chuva moderada
2021-11-19,2021,Sexta-feira,,Dia útil,22.5,17.1,15.9,63.0,Chuva moderada
2021-11-20,2021,Sábado,,Fim de semana,21.2,13.8,1.0,51.0,Chuvisco leve
2021-11-21,2021,Domingo,,Fim de semana,21.6,11.8,0.1,51.0,Chuvisco leve
2021-11-22,2021,Segunda-feira,,Dia útil,26.6,13.2,0.0,3.0,Nublado
2021-11-23,2021,Terça-feira,,Dia útil,31.0,12.6,0.0,3.0,Nublado
2021-11-24,2021,Quarta-feira,,Dia útil,25.5,16.7,0.0,3.0,Nublado
2021-11-25,2021,Quinta-feira,,Dia útil,30.6,16.3,0.9,53.0,Chuvisco moderado
2021-11-26,2021,Sexta-feira,,Dia útil,24.9,20.0,1.8,53.0,Chuvisco moderado
2021-11-27,2021,Sábado,,Fim de semana,28.8,18.6,1.5,53.0,Chuvisco moderado
2021-11-28,2021,Domingo,,Fim de semana,30.4,16.4,1.0,53.0,Chuvisco moderado
2021-11-29,2021,Segunda-feira,,Dia útil,31.8,18.4,0.0,3.0,Nublado
2021-11-30,2021,Terça-feira,,Dia útil,27.8,19.0,9.4,61.0,Chuva leve
2021-12-01,2021,Quarta-feira,,Dia útil,26.9,17.9,5.1,55.0,Chuvisco intenso
2021-12-02,2021,Quinta-feira,,Dia útil,25.7,16.0,1.6,55.0,Chuvisco intenso
2021-12-03,2021,Sexta-feira,,Dia útil,22.4,16.9,1.9,53.0,Chuvisco moderado
2021-12-04,2021,Sábado,,Fim de semana,25.2,15.4,0.3,51.0,Chuvisco leve
2021-12-05,2021,Domingo,,Fim de semana,27.2,15.6,0.9,51.0,Chuvisco leve
2021-12-06,2021,Segunda-feira,,Dia útil,24.9,17.1,2.9,61.0,Chuva leve
2021-12-07,2021,Terça-feira,,Dia útil,19.6,14.8,10.2,63.0,Chuva moderada
2021-12-08,2021,Quarta-feira,,Dia útil,20.0,14.7,2.4,51.0,Chuvisco leve
2021-12-09,2021,Quinta-feira,,Dia útil,22.6,13.7,0.5,51.0,Chuvisco leve
2021-12-10,2021,Sexta-feira,,Dia útil,25.3,13.5,0.0,3.0,Nublado
2021-12-11,2021,Sábado,,Fim de semana,30.6,14.2,0.0,3.0,Nublado
2021-12-12,2021,Domingo,,Fim de semana,32.1,18.4,1.9,61.0,Chuva leve
2021-12-13,2021,Segunda-feira,,Dia útil,28.5,19.2,7.4,63.0,Chuva moderada
2021-12-14,2021,Terça-feira,,Dia útil,26.4,20.1,11.4,61.0,Chuva leve
2021-12-15,2021,Quarta-feira,,Dia útil,26.9,20.6,6.8,61.0,Chuva leve
2021-12-16,2021,Quinta-feira,,Dia útil,27.7,20.4,15.6,63.0,Chuva moderada
2021-12-17,2021,Sexta-feira,,Dia útil,24.7,19.4,13.6,63.0,Chuva moderada
2021-12-18,2021,Sábado,,Fim de semana,24.2,17.3,1.5,51.0,Chuvisco leve
2021-12-19,2021,Domingo,,Fim de semana,22.4,15.7,0.6,51.0,Chuvisco leve
2021-12-20,2021,Segunda-feira,,Dia útil,25.4,14.6,0.1,51.0,Chuvisco leve
2021-12-21,2021,Terça-feira,,Dia útil,28.7,15.5,0.0,3.0,Nublado
2021-12-22,2021,Quarta-feira,,Dia útil,30.5,16.8,13.6,63.0,Chuva moderada
2021-12-23,2021,Quinta-feira,,Dia útil,22.4,16.0,7.9,63.0,Chuva moderada
2021-12-24,2021,Sexta-feira,,Dia útil,22.1,14.9,2.4,51.0,Chuvisco leve
2021-12-25,2021,Sábado,Natal,Fim de semana,24.3,14.4,0.1,51.0,Chuvisco leve
2021-12-26,2021,Domingo,,Fim de semana,28.8,14.1,0.0,2.0,Parcialmente nublado
2021-12-27,2021,Segunda-feira,,Dia útil,26.5,16.6,14.8,63.0,Chuva moderada
2021-12-28,2021,Terça-feira,,Dia útil,27.0,16.6,12.5,65.0,Chuva forte
2021-12-29,2021,Quarta-feira,,Dia útil,26.3,18.1,5.3,61.0,Chuva leve
2021-12-30,2021,Quinta-feira,,Dia útil,24.4,17.2,26.4,63.0,Chuva moderada
2021-12-31,2021,Sexta-feira,,Dia útil,24.6,17.5,29.1,65.0,Chuva forte
2022-01-01,2022,Sábado,Confraternização mundial,Fim de semana,24.8,17.6,15.8,63.0,Chuva moderada
2022-01-02,2022,Domingo,,Fim de semana,26.8,19.6,11.3,63.0,Chuva moderada
2022-01-03,2022,Segunda-feira,,Dia útil,27.2,19.0,19.4,65.0,Chuva forte
2022-01-04,2022,Terça-feira,,Dia útil,25.7,19.4,18.7,63.0,Chuva moderada
2022-01-05,2022,Quarta-feira,,Dia útil,25.8,20.3,7.3,61.0,Chuva leve
2022-01-06,2022,Quinta-feira,,Dia útil,26.5,19.1,12.7,63.0,Chuva moderada
2022-01-07,2022,Sexta-feira,,Dia útil,22.7,18.1,9.4,61.0,Chuva leve
2022-01-08,2022,Sábado,,Fim de semana,21.9,16.7,3.2,61.0,Chuva leve
2022-01-09,2022,Domingo,,Fim de semana,20.3,15.9,1.8,53.0,Chuvisco moderado
2022-01-10,2022,Segunda-feira,,Dia útil,23.9,15.8,1.5,51.0,Chuvisco leve
2022-01-11,2022,Terça-feira,,Dia útil,24.9,18.1,7.5,61.0,Chuva leve
2022-01-12,2022,Quarta-feira,,Dia útil,25.6,17.2,6.0,61.0,Chuva leve
2022-01-13,2022,Quinta-feira,,Dia útil,28.1,18.5,12.4,65.0,Chuva forte
2022-01-14,2022,Sexta-feira,,Dia útil,27.0,19.9,5.7,63.0,Chuva moderada
2022-01-15,2022,Sábado,,Fim de semana,27.8,20.4,8.0,63.0,Chuva moderada
2022-01-16,2022,Domingo,,Fim de semana,27.0,18.8,7.2,63.0,Chuva moderada
2022-01-17,2022,Segunda-feira,,Dia útil,28.7,18.5,0.2,51.0,Chuvisco leve
2022-01-18,2022,Terça-feira,,Dia útil,30.2,18.8,23.8,63.0,Chuva moderada
2022-01-19,2022,Quarta-feira,,Dia útil,30.9,18.3,0.7,51.0,Chuvisco leve
2022-01-20,2022,Quinta-feira,,Dia útil,29.8,20.1,0.7,51.0,Chuvisco leve
2022-01-21,2022,Sexta-feira,,Dia útil,28.1,19.0,0.2,51.0,Chuvisco leve
2022-01-22,2022,Sábado,,Fim de semana,29.4,18.2,0.1,51.0,Chuvisco leve
2022-01-23,2022,Domingo,,Fim de semana,30.9,19.6,0.0,3.0,Nublado
2022-01-24,2022,Segunda-feira,,Dia útil,31.9,19.6,2.2,55.0,Chuvisco intenso
2022-01-25,2022,Terça-feira,Aniversário de São Paulo,Feriado Municipal,30.2,19.3,4.2,61.0,Chuva leve
2022-01-26,2022,Quarta-feira,,Dia útil,30.0,19.9,1.2,51.0,Chuvisco leve
2022-01-27,2022,Quinta-feira,,Dia útil,30.0,19.9,0.8,51.0,Chuvisco leve
2022-01-28,2022,Sexta-feira,,Dia útil,25.0,19.0,10.4,63.0,Chuva moderada
2022-01-29,2022,Sábado,,Fim de semana,21.9,18.4,40.2,65.0,Chuva forte
2022-01-30,2022,Domingo,,Fim de semana,23.3,19.1,38.0,63.0,Chuva moderada
2022-01-31,2022,Segunda-feira,,Dia útil,23.3,19.6,20.0,63.0,Chuva moderada
2022-02-01,2022,Terça-feira,,Dia útil,25.0,19.4,10.4,63.0,Chuva moderada
2022-02-02,2022,Quarta-feira,,Dia útil,26.3,18.9,8.9,63.0,Chuva moderada
2022-02-03,2022,Quinta-feira,,Dia útil,26.6,19.0,12.2,65.0,Chuva forte
2022-02-04,2022,Sexta-feira,,Dia útil,27.7,19.2,5.0,63.0,Chuva moderada
2022-02-05,2022,Sábado,,Fim de semana,27.0,20.4,2.1,53.0,Chuvisco moderado
2022-02-06,2022,Domingo,,Fim de semana,26.9,20.5,7.8,63.0,Chuva moderada
2022-02-07,2022,Segunda-feira,,Dia útil,23.1,18.6,5.7,55.0,Chuvisco intenso
2022-02-08,2022,Terça-feira,,Dia útil,23.8,17.3,1.7,53.0,Chuvisco moderado
2022-02-09,2022,Quarta-feira,,Dia útil,23.9,15.3,0.0,3.0,Nublado
2022-02-10,2022,Quinta-feira,,Dia útil,25.4,14.5,0.1,51.0,Chuvisco leve
2022-02-11,2022,Sexta-feira,,Dia útil,24.6,15.3,2.3,55.0,Chuvisco intenso
2022-02-12,2022,Sábado,,Fim de semana,25.1,16.9,2.4,53.0,Chuvisco moderado
2022-02-13,2022,Domingo,,Fim de semana,27.9,17.2,0.5,51.0,Chuvisco leve
2022-02-14,2022,Segunda-feira,,Dia útil,29.8,19.0,0.5,53.0,Chuvisco moderado
2022-02-15,2022,Terça-feira,,Dia útil,26.7,19.0,5.2,63.0,Chuva moderada
2022-02-16,2022,Quarta-feira,,Dia útil,26.4,15.7,0.3,51.0,Chuvisco leve
2022-02-17,2022,Quinta-feira,,Dia útil,26.1,17.2,17.5,63.0,Chuva moderada
2022-02-18,2022,Sexta-feira,,Dia útil,24.7,17.1,6.6,63.0,Chuva moderada
2022-02-19,2022,Sábado,,Fim de semana,26.7,16.4,2.8,61.0,Chuva leve
2022-02-20,2022,Domingo,,Fim de semana,27.1,18.0,2.4,61.0,Chuva leve
2022-02-21,2022,Segunda-feira,,Dia útil,28.5,17.1,0.1,51.0,Chuvisco leve
2022-02-22,2022,Terça-feira,,Dia útil,29.8,17.1,0.0,1.0,Predominantemente limpo
2022-02-23,2022,Quarta-feira,,Dia útil,29.9,18.7,10.0,65.0,Chuva forte
2022-02-24,2022,Quinta-feira,,Dia útil,28.4,18.4,0.8,51.0,Chuvisco leve
2022-02-25,2022,Sexta-feira,,Dia útil,29.1,18.3,0.0,3.0,Nublado
2022-02-26,2022,Sábado,,Fim de semana,28.5,17.6,0.0,3.0,Nublado
2022-02-27,2022,Domingo,,Fim de semana,28.6,18.8,0.3,51.0,Chuvisco leve
2022-02-28,2022,Segunda-feira,,Dia útil,30.3,18.9,0.0,3.0,Nublado
2022-03-01,2022,Terça-feira,Carnaval,Feriado Nacional,31.2,19.9,15.3,65.0,Chuva forte
2022-03-02,2022,Quarta-feira,,Dia útil,29.7,18.1,0.5,51.0,Chuvisco leve
2022-03-03,2022,Quinta-feira,,Dia útil,29.7,18.4,0.9,51.0,Chuvisco leve
2022-03-04,2022,Sexta-feira,,Dia útil,28.8,19.4,5.7,63.0,Chuva moderada
2022-03-05,2022,Sábado,,Fim de semana,29.8,19.2,0.9,53.0,Chuvisco moderado
2022-03-06,2022,Domingo,,Fim de semana,30.2,19.2,6.2,63.0,Chuva moderada
2022-03-07,2022,Segunda-feira,,Dia útil,29.7,19.1,1.2,55.0,Chuvisco intenso
2022-03-08,2022,Terça-feira,,Dia útil,29.8,20.0,0.0,3.0,Nublado
2022-03-09,2022,Quarta-feira,,Dia útil,29.3,19.5,1.1,53.0,Chuvisco moderado
2022-03-10,2022,Quinta-feira,,Dia útil,30.6,18.9,1.0,51.0,Chuvisco leve
2022-03-11,2022,Sexta-feira,,Dia útil,28.4,20.3,2.2,53.0,Chuvisco moderado
2022-03-12,2022,Sábado,,Fim de semana,25.4,20.0,22.5,63.0,Chuva moderada
2022-03-13,2022,Domingo,,Fim de semana,27.2,19.4,1.7,53.0,Chuvisco moderado
2022-03-14,2022,Segunda-feira,,Dia útil,26.1,19.5,13.0,63.0,Chuva moderada
2022-03-15,2022,Terça-feira,,Dia útil,24.5,19.9,18.6,65.0,Chuva forte
2022-03-16,2022,Quarta-feira,,Dia útil,28.1,19.0,14.5,63.0,Chuva moderada
2022-03-17,2022,Quinta-feira,,Dia útil,28.8,20.0,1.7,61.0,Chuva leve
2022-03-18,2022,Sexta-feira,,Dia útil,29.1,19.6,3.0,61.0,Chuva leve
2022-03-19,2022,Sábado,,Fim de semana,29.5,20.3,23.3,65.0,Chuva forte
2022-03-20,2022,Domingo,,Fim de semana,21.5,17.1,8.3,61.0,Chuva leve
2022-03-21,2022,Segunda-feira,,Dia útil,20.9,15.9,0.2,51.0,Chuvisco leve
2022-03-22,2022,Terça-feira,,Dia útil,24.5,14.3,0.0,2.0,Parcialmente nublado
2022-03-23,2022,Quarta-feira,,Dia útil,27.3,15.3,0.4,51.0,Chuvisco leve
2022-03-24,2022,Quinta-feira,,Dia útil,28.8,17.8,0.0,3.0,Nublado
2022-03-25,2022,Sexta-feira,,Dia útil,29.2,20.4,0.1,51.0,Chuvisco leve
2022-03-26,2022,Sábado,,Fim de semana,28.0,20.8,0.7,51.0,Chuvisco leve
2022-03-27,2022,Domingo,,Fim de semana,24.9,19.7,18.2,63.0,Chuva moderada
2022-03-28,2022,Segunda-feira,,Dia útil,24.7,18.6,3.9,61.0,Chuva leve
2022-03-29,2022,Terça-feira,,Dia útil,25.8,18.1,0.7,53.0,Chuvisco moderado
2022-03-30,2022,Quarta-feira,,Dia útil,28.6,18.0,0.2,51.0,Chuvisco leve
2022-03-31,2022,Quinta-feira,,Dia útil,24.3,16.6,3.6,61.0,Chuva leve
2022-04-01,2022,Sexta-feira,,Dia útil,19.9,16.2,5.0,53.0,Chuvisco moderado
2022-04-02,2022,Sábado,,Fim de semana,21.5,17.0,1.9,51.0,Chuvisco leve
2022-04-03,2022,Domingo,,Fim de semana,26.5,17.1,1.3,55.0,Chuvisco intenso
2022-04-04,2022,Segunda-feira,,Dia útil,28.9,18.8,1.0,53.0,Chuvisco moderado
2022-04-05,2022,Terça-feira,,Dia útil,25.1,19.0,4.8,61.0,Chuva leve
2022-04-06,2022,Quarta-feira,,Dia útil,25.4,17.6,0.1,51.0,Chuvisco leve
2022-04-07,2022,Quinta-feira,,Dia útil,25.4,16.8,0.1,51.0,Chuvisco leve
2022-04-08,2022,Sexta-feira,,Dia útil,29.0,17.0,12.4,63.0,Chuva moderada
2022-04-09,2022,Sábado,,Fim de semana,27.8,17.9,1.2,51.0,Chuvisco leve
2022-04-10,2022,Domingo,,Fim de semana,25.7,18.1,0.0,3.0,Nublado
2022-04-11,2022,Segunda-feira,,Dia útil,27.9,16.9,0.0,3.0,Nublado
2022-04-12,2022,Terça-feira,,Dia útil,27.8,18.1,9.5,65.0,Chuva forte
2022-04-13,2022,Quarta-feira,,Dia útil,26.1,18.8,1.8,53.0,Chuvisco moderado
2022-04-14,2022,Quinta-feira,,Dia útil,24.6,16.5,6.0,61.0,Chuva leve
2022-04-15,2022,Sexta-feira,Sexta-feira Santa,Feriado Nacional,19.4,12.4,0.9,51.0,Chuvisco leve
2022-04-16,2022,Sábado,,Fim de semana,20.1,11.8,0.1,51.0,Chuvisco leve
2022-04-17,2022,Domingo,Páscoa,Fim de semana,20.0,13.4,0.8,51.0,Chuvisco leve
2022-04-18,2022,Segunda-feira,,Dia útil,22.2,11.8,0.1,51.0,Chuvisco leve
2022-04-19,2022,Terça-feira,,Dia útil,23.8,12.5,0.0,3.0,Nublado
2022-04-20,2022,Quarta-feira,,Dia útil,23.8,15.4,0.0,3.0,Nublado
2022-04-21,2022,Quinta-feira,Tiradentes,Feriado Nacional,25.7,14.9,0.0,3.0,Nublado
2022-04-22,2022,Sexta-feira,,Dia útil,26.8,13.4,0.2,51.0,Chuvisco leve
2022-04-23,2022,Sábado,,Fim de semana,27.5,18.0,0.0,3.0,Nublado
2022-04-24,2022,Domingo,,Fim de semana,25.5,14.4,0.0,3.0,Nublado
2022-04-25,2022,Segunda-feira,,Dia útil,26.9,16.3,0.0,3.0,Nublado
2022-04-26,2022,Terça-feira,,Dia útil,28.6,16.5,0.0,3.0,Nublado
2022-04-27,2022,Quarta-feira,,Dia útil,29.8,15.1,0.0,2.0,Parcialmente nublado
2022-04-28,2022,Quinta-feira,,Dia útil,29.7,16.7,0.0,2.0,Parcialmente nublado
2022-04-29,2022,Sexta-feira,,Dia útil,22.1,17.1,13.6,63.0,Chuva moderada
2022-04-30,2022,Sábado,,Fim de semana,20.4,17.5,1.6,51.0,Chuvisco leve
2022-05-01,2022,Domingo,Dia do trabalho,Fim de semana,27.0,17.4,0.6,51.0,Chuvisco leve
2022-05-02,2022,Segunda-feira,,Dia útil,28.0,16.2,0.3,51.0,Chuvisco leve
2022-05-03,2022,Terça-feira,,Dia útil,28.6,16.3,0.0,3.0,Nublado
2022-05-04,2022,Quarta-feira,,Dia útil,20.1,13.2,6.7,63.0,Chuva moderada
2022-05-05,2022,Quinta-feira,,Dia útil,18.3,10.9,0.9,51.0,Chuvisco leve
2022-05-06,2022,Sexta-feira,,Dia útil,20.0,13.1,0.2,51.0,Chuvisco leve
2022-05-07,2022,Sábado,,Fim de semana,17.9,11.7,0.2,51.0,Chuvisco leve
2022-05-08,2022,Domingo,,Fim de semana,21.4,13.9,0.3,51.0,Chuvisco leve
2022-05-09,2022,Segunda-feira,,Dia útil,22.7,13.9,0.0,3.0,Nublado
2022-05-10,2022,Terça-feira,,Dia útil,23.3,12.8,0.0,3.0,Nublado
2022-05-11,2022,Quarta-feira,,Dia útil,24.3,13.6,1.0,53.0,Chuvisco moderado
2022-05-12,2022,Quinta-feira,,Dia útil,22.5,15.3,2.8,55.0,Chuvisco intenso
2022-05-13,2022,Sexta-feira,,Dia útil,22.8,14.6,0.1,51.0,Chuvisco leve
2022-05-14,2022,Sábado,,Fim de semana,25.0,15.0,0.0,3.0,Nublado
2022-05-15,2022,Domingo,,Fim de semana,23.1,16.0,4.2,61.0,Chuva leve
2022-05-16,2022,Segunda-feira,,Dia útil,21.9,14.7,0.3,51.0,Chuvisco leve
2022-05-17,2022,Terça-feira,,Dia útil,16.9,9.6,0.0,3.0,Nublado
2022-05-18,2022,Quarta-feira,,Dia útil,13.2,6.3,0.0,3.0,Nublado
2022-05-19,2022,Quinta-feira,,Dia útil,15.2,7.1,0.6,53.0,Chuvisco moderado
2022-05-20,2022,Sexta-feira,,Dia útil,17.0,5.6,0.0,3.0,Nublado
2022-05-21,2022,Sábado,,Fim de semana,20.0,9.3,0.0,3.0,Nublado
2022-05-22,2022,Domingo,,Fim de semana,21.3,10.0,0.0,3.0,Nublado
2022-05-23,2022,Segunda-feira,,Dia útil,23.2,9.6,0.0,3.0,Nublado
2022-05-24,2022,Terça-feira,,Dia útil,23.3,10.2,0.0,0.0,Céu limpo
2022-05-25,2022,Quarta-feira,,Dia útil,23.6,10.1,0.0,0.0,Céu limpo
2022-05-26,2022,Quinta-feira,,Dia útil,23.8,10.9,0.0,3.0,Nublado
2022-05-27,2022,Sexta-feira,,Dia útil,24.4,12.8,0.0,3.0,Nublado
2022-05-28,2022,Sábado,,Fim de semana,24.9,12.4,0.0,3.0,Nublado
2022-05-29,2022,Domingo,,Fim de semana,25.9,14.2,0.0,3.0,Nublado
2022-05-30,2022,Segunda-feira,,Dia útil,25.6,16.9,2.6,61.0,Chuva leve
2022-05-31,2022,Terça-feira,,Dia útil,17.9,15.1,3.6,61.0,Chuva leve
2022-06-01,2022,Quarta-feira,,Dia útil,23.0,15.5,5.3,61.0,Chuva leve
2022-06-02,2022,Quinta-feira,,Dia útil,23.9,15.2,2.4,53.0,Chuvisco moderado
2022-06-03,2022,Sexta-feira,,Dia útil,17.4,14.1,2.0,51.0,Chuvisco leve
2022-06-04,2022,Sábado,,Fim de semana,20.2,13.5,1.0,51.0,Chuvisco leve
2022-06-05,2022,Domingo,,Fim de semana,21.2,12.9,0.0,3.0,Nublado
2022-06-06,2022,Segunda-feira,,Dia útil,24.3,11.4,0.0,3.0,Nublado
2022-06-07,2022,Terça-feira,,Dia útil,23.9,13.6,2.7,61.0,Chuva leve
2022-06-08,2022,Quarta-feira,,Dia útil,19.4,13.4,6.9,63.0,Chuva moderada
2022-06-09,2022,Quinta-feira,,Dia útil,20.8,12.5,0.2,51.0,Chuvisco leve
2022-06-10,2022,Sexta-feira,,Dia útil,20.8,15.0,10.2,63.0,Chuva moderada
2022-06-11,2022,Sábado,,Fim de semana,18.8,12.2,1.2,51.0,Chuvisco leve
2022-06-12,2022,Domingo,,Fim de semana,17.6,8.4,0.0,3.0,Nublado
2022-06-13,2022,Segunda-feira,,Dia útil,16.6,8.7,0.0,3.0,Nublado
2022-06-14,2022,Terça-feira,,Dia útil,17.7,9.6,0.0,3.0,Nublado
2022-06-15,2022,Quarta-feira,,Dia útil,19.6,10.6,0.3,51.0,Chuvisco leve
2022-06-16,2022,Quinta-feira,Corpus Christi,Feriado Nacional,23.3,9.5,0.0,3.0,Nublado
2022-06-17,2022,Sexta-feira,,Dia útil,23.9,8.9,0.0,3.0,Nublado
2022-06-18,2022,Sábado,,Fim de semana,19.1,13.2,9.2,63.0,Chuva moderada
2022-06-19,2022,Domingo,,Fim de semana,19.9,12.6,0.6,51.0,Chuvisco leve
2022-06-20,2022,Segunda-feira,,Dia útil,20.5,12.3,8.3,63.0,Chuva moderada
2022-06-21,2022,Terça-feira,,Dia útil,24.8,12.3,0.0,3.0,Nublado
2022-06-22,2022,Quarta-feira,,Dia útil,24.7,15.0,0.0,3.0,Nublado
2022-06-23,2022,Quinta-feira,,Dia útil,25.6,14.2,0.0,0.0,Céu limpo
2022-06-24,2022,Sexta-feira,,Dia útil,24.6,11.5,0.0,3.0,Nublado
2022-06-25,2022,Sábado,,Fim de semana,21.3,12.2,0.5,51.0,Chuvisco leve
2022-06-26,2022,Domingo,,Fim de semana,17.4,13.0,0.5,51.0,Chuvisco leve
2022-06-27,2022,Segunda-feira,,Dia útil,19.7,12.1,0.0,3.0,Nublado
2022-06-28,2022,Terça-feira,,Dia útil,23.1,8.4,0.0,3.0,Nublado
2022-06-29,2022,Quarta-feira,,Dia útil,23.3,13.5,0.0,3.0,Nublado
2022-06-30,2022,Quinta-feira,,Dia útil,21.7,11.4,0.0,3.0,Nublado
2022-07-01,2022,Sexta-feira,,Dia útil,22.6,8.4,0.0,3.0,Nublado
2022-07-02,2022,Sábado,,Fim de semana,25.9,12.1,0.0,0.0,Céu limpo
2022-07-03,2022,Domingo,,Fim de semana,25.6,10.4,0.0,0.0,Céu limpo
2022-07-04,2022,Segunda-feira,,Dia útil,25.0,11.4,0.0,0.0,Céu limpo
2022-07-05,2022,Terça-feira,,Dia útil,23.9,11.8,0.0,1.0,Predominantemente limpo
2022-07-06,2022,Quarta-feira,,Dia útil,24.2,10.8,0.0,3.0,Nublado
2022-07-07,2022,Quinta-feira,,Dia útil,24.3,13.0,0.0,3.0,Nublado
2022-07-08,2022,Sexta-feira,,Dia útil,23.9,10.3,0.0,3.0,Nublado
2022-07-09,2022,Sábado,,Fim de semana,22.5,11.4,0.0,3.0,Nublado
2022-07-10,2022,Domingo,,Fim de semana,24.2,11.5,0.0,3.0,Nublado
2022-07-11,2022,Segunda-feira,,Dia útil,24.1,13.1,0.0,3.0,Nublado
2022-07-12,2022,Terça-feira,,Dia útil,25.4,15.7,0.2,51.0,Chuvisco leve
2022-07-13,2022,Quarta-feira,,Dia útil,17.6,14.1,1.0,51.0,Chuvisco leve
2022-07-14,2022,Quinta-feira,,Dia útil,24.3,14.8,0.0,3.0,Nublado
2022-07-15,2022,Sexta-feira,,Dia útil,26.3,14.4,0.0,3.0,Nublado
2022-07-16,2022,Sábado,,Fim de semana,26.6,15.1,0.0,3.0,Nublado
2022-07-17,2022,Domingo,,Fim de semana,27.6,15.6,0.0,3.0,Nublado
2022-07-18,2022,Segunda-feira,,Dia útil,23.8,14.9,0.0,3.0,Nublado
2022-07-19,2022,Terça-feira,,Dia útil,25.5,16.0,0.0,3.0,Nublado
2022-07-20,2022,Quarta-feira,,Dia útil,22.4,15.4,0.3,51.0,Chuvisco leve
2022-07-21,2022,Quinta-feira,,Dia útil,24.7,14.9,0.0,3.0,Nublado
2022-07-22,2022,Sexta-feira,,Dia útil,25.5,12.0,0.0,3.0,Nublado
2022-07-23,2022,Sábado,,Fim de semana,25.4,11.8,0.0,3.0,Nublado
2022-07-24,2022,Domingo,,Fim de semana,25.4,11.6,0.0,3.0,Nublado
2022-07-25,2022,Segunda-feira,,Dia útil,25.5,11.8,0.0,3.0,Nublado
2022-07-26,2022,Terça-feira,,Dia útil,24.3,11.3,0.0,3.0,Nublado
2022-07-27,2022,Quarta-feira,,Dia útil,25.6,13.7,0.0,3.0,Nublado
2022-07-28,2022,Quinta-feira,,Dia útil,26.0,12.5,0.0,3.0,Nublado
2022-07-29,2022,Sexta-feira,,Dia útil,21.3,12.3,7.0,63.0,Chuva moderada
2022-07-30,2022,Sábado,,Fim de semana,17.4,9.0,0.1,51.0,Chuvisco leve
2022-07-31,2022,Domingo,,Fim de semana,20.8,9.0,0.0,3.0,Nublado
2022-08-01,2022,Segunda-feira,,Dia útil,25.9,9.6,0.0,3.0,Nublado
2022-08-02,2022,Terça-feira,,Dia útil,25.4,11.7,0.0,3.0,Nublado
2022-08-03,2022,Quarta-feira,,Dia útil,24.6,11.3,0.0,0.0,Céu limpo
2022-08-04,2022,Quinta-feira,,Dia útil,27.8,12.4,0.0,3.0,Nublado
2022-08-05,2022,Sexta-feira,,Dia útil,27.6,14.0,0.5,51.0,Chuvisco leve
2022-08-06,2022,Sábado,,Fim de semana,20.4,12.1,0.0,3.0,Nublado
2022-08-07,2022,Domingo,,Fim de semana,20.3,14.7,1.6,55.0,Chuvisco intenso
2022-08-08,2022,Segunda-feira,,Dia útil,20.8,15.8,15.6,61.0,Chuva leve
2022-08-09,2022,Terça-feira,,Dia útil,21.7,15.0,6.0,61.0,Chuva leve
2022-08-10,2022,Quarta-feira,,Dia útil,16.7,10.3,6.8,61.0,Chuva leve
2022-08-11,2022,Quinta-feira,,Dia útil,16.4,10.8,1.9,51.0,Chuvisco leve
2022-08-12,2022,Sexta-feira,,Dia útil,19.4,11.5,0.0,3.0,Nublado
2022-08-13,2022,Sábado,,Fim de semana,24.0,10.4,0.0,3.0,Nublado
2022-08-14,2022,Domingo,,Fim de semana,24.2,10.1,0.0,0.0,Céu limpo
2022-08-15,2022,Segunda-feira,,Dia útil,25.9,12.9,0.0,0.0,Céu limpo
2022-08-16,2022,Terça-feira,,Dia útil,28.4,14.4,0.0,3.0,Nublado
2022-08-17,2022,Quarta-feira,,Dia útil,22.2,13.7,0.0,3.0,Nublado
2022-08-18,2022,Quinta-feira,,Dia útil,29.0,16.6,0.0,3.0,Nublado
2022-08-19,2022,Sexta-feira,,Dia útil,17.0,8.5,4.2,53.0,Chuvisco moderado
2022-08-20,2022,Sábado,,Fim de semana,14.0,8.6,0.1,51.0,Chuvisco leve
2022-08-21,2022,Domingo,,Fim de semana,18.3,8.6,0.0,3.0,Nublado
2022-08-22,2022,Segunda-feira,,Dia útil,19.8,8.9,0.0,3.0,Nublado
2022-08-23,2022,Terça-feira,,Dia útil,22.0,9.8,0.0,3.0,Nublado
2022-08-24,2022,Quarta-feira,,Dia útil,24.0,12.3,0.0,3.0,Nublado
2022-08-25,2022,Quinta-feira,,Dia útil,25.2,13.3,0.0,3.0,Nublado
2022-08-26,2022,Sexta-feira,,Dia útil,26.0,13.4,0.0,3.0,Nublado
2022-08-27,2022,Sábado,,Fim de semana,27.6,13.4,0.0,2.0,Parcialmente nublado
2022-08-28,2022,Domingo,,Fim de semana,28.8,13.5,0.6,51.0,Chuvisco leve
2022-08-29,2022,Segunda-feira,,Dia útil,15.2,10.0,0.5,51.0,Chuvisco leve
2022-08-30,2022,Terça-feira,,Dia útil,16.8,9.7,0.6,51.0,Chuvisco leve
2022-08-31,2022,Quarta-feira,,Dia útil,20.8,10.1,0.0,3.0,Nublado
2022-09-01,2022,Quinta-feira,,Dia útil,25.0,8.0,0.0,0.0,Céu limpo
2022-09-02,2022,Sexta-feira,,Dia útil,28.4,12.3,0.0,3.0,Nublado
2022-09-03,2022,Sábado,,Fim de semana,21.6,11.9,4.1,61.0,Chuva leve
2022-09-04,2022,Domingo,,Fim de semana,14.8,10.0,16.7,65.0,Chuva forte
2022-09-05,2022,Segunda-feira,,Dia útil,20.2,11.7,0.6,51.0,Chuvisco leve
2022-09-06,2022,Terça-feira,,Dia útil,22.8,12.6,0.7,53.0,Chuvisco moderado
2022-09-07,2022,Quarta-feira,Consciência Negra,Feriado Municipal,21.0,13.7,19.7,63.0,Chuva moderada
2022-09-07,2022,Quarta-feira,Revolução Constitucionalista,Feriado Estadual,21.0,13.7,19.7,63.0,Chuva moderada
2022-09-07,2022,Quarta-feira,Independência do Brasil,Feriado Nacional,21.0,13.7,19.7,63.0,Chuva moderada
2022-09-08,2022,Quinta-feira,,Dia útil,28.7,13.1,0.0,3.0,Nublado
2022-09-09,2022,Sexta-feira,,Dia útil,31.5,16.6,0.0,3.0,Nublado
2022-09-10,2022,Sábado,,Fim de semana,30.1,13.9,0.0,3.0,Nublado
2022-09-11,2022,Domingo,,Fim de semana,17.0,11.2,0.0,3.0,Nublado
2022-09-12,2022,Segunda-feira,,Dia útil,23.6,12.5,0.2,51.0,Chuvisco leve
2022-09-13,2022,Terça-feira,,Dia útil,28.3,14.1,2.6,53.0,Chuvisco moderado
2022-09-14,2022,Quarta-feira,,Dia útil,18.7,14.6,4.9,53.0,Chuvisco moderado
2022-09-15,2022,Quinta-feira,,Dia útil,16.9,13.9,6.0,61.0,Chuva leve
2022-09-16,2022,Sexta-feira,,Dia útil,16.3,12.3,1.4,51.0,Chuvisco leve
2022-09-17,2022,Sábado,,Fim de semana,17.3,10.6,0.3,51.0,Chuvisco leve
2022-09-18,2022,Domingo,,Fim de semana,20.8,8.2,0.0,3.0,Nublado
2022-09-19,2022,Segunda-feira,,Dia útil,24.4,10.1,0.0,3.0,Nublado
2022-09-20,2022,Terça-feira,,Dia útil,26.1,12.8,4.7,61.0,Chuva leve
2022-09-21,2022,Quarta-feira,,Dia útil,25.2,13.1,7.2,63.0,Chuva moderada
2022-09-22,2022,Quinta-feira,,Dia útil,23.3,14.7,8.6,63.0,Chuva moderada
2022-09-23,2022,Sexta-feira,,Dia útil,20.7,9.9,0.0,1.0,Predominantemente limpo
2022-09-24,2022,Sábado,,Fim de semana,18.4,7.4,0.0,1.0,Predominantemente limpo
2022-09-25,2022,Domingo,,Fim de semana,21.1,9.4,0.0,3.0,Nublado
2022-09-26,2022,Segunda-feira,,Dia útil,19.1,13.5,10.5,63.0,Chuva moderada
2022-09-27,2022,Terça-feira,,Dia útil,25.2,14.9,15.0,63.0,Chuva moderada
2022-09-28,2022,Quarta-feira,,Dia útil,17.7,13.0,16.5,61.0,Chuva leve
2022-09-29,2022,Quinta-feira,,Dia útil,16.8,12.7,4.0,55.0,Chuvisco intenso
2022-09-30,2022,Sexta-feira,,Dia útil,18.3,13.1,10.0,61.0,Chuva leve
2022-10-01,2022,Sábado,,Fim de semana,23.4,14.5,2.8,61.0,Chuva leve
2022-10-02,2022,Domingo,,Fim de semana,21.0,13.4,0.0,3.0,Nublado
2022-10-03,2022,Segunda-feira,,Dia útil,23.3,12.7,8.2,63.0,Chuva moderada
2022-10-04,2022,Terça-feira,,Dia útil,20.1,15.5,0.9,51.0,Chuvisco leve
2022-10-05,2022,Quarta-feira,,Dia útil,24.3,15.1,0.1,51.0,Chuvisco leve
2022-10-06,2022,Quinta-feira,,Dia útil,29.7,15.0,9.4,63.0,Chuva moderada
2022-10-07,2022,Sexta-feira,,Dia útil,23.3,16.7,5.2,53.0,Chuvisco moderado
2022-10-08,2022,Sábado,,Fim de semana,25.5,13.9,0.0,3.0,Nublado
2022-10-09,2022,Domingo,,Fim de semana,28.3,12.6,5.8,61.0,Chuva leve
2022-10-10,2022,Segunda-feira,,Dia útil,20.5,15.9,6.2,55.0,Chuvisco intenso
2022-10-11,2022,Terça-feira,,Dia útil,27.0,16.9,4.3,63.0,Chuva moderada
2022-10-12,2022,Quarta-feira,Nossa Senhora Aparecida,Feriado Nacional,25.0,17.4,0.6,53.0,Chuvisco moderado
2022-10-13,2022,Quinta-feira,,Dia útil,30.0,17.1,0.0,3.0,Nublado
2022-10-14,2022,Sexta-feira,,Dia útil,24.3,16.6,0.4,51.0,Chuvisco leve
2022-10-15,2022,Sábado,,Fim de semana,21.6,16.4,2.1,53.0,Chuvisco moderado
2022-10-16,2022,Domingo,,Fim de semana,25.5,15.4,18.0,63.0,Chuva moderada
2022-10-17,2022,Segunda-feira,,Dia útil,24.9,16.2,0.4,51.0,Chuvisco leve
2022-10-18,2022,Terça-feira,,Dia útil,20.6,16.6,3.3,55.0,Chuvisco intenso
2022-10-19,2022,Quarta-feira,,Dia útil,24.7,16.8,5.7,63.0,Chuva moderada
2022-10-20,2022,Quinta-feira,,Dia útil,28.3,15.6,1.0,53.0,Chuvisco moderado
2022-10-21,2022,Sexta-feira,,Dia útil,25.0,19.1,3.2,61.0,Chuva leve
2022-10-22,2022,Sábado,,Fim de semana,26.3,15.8,9.0,63.0,Chuva moderada
2022-10-23,2022,Domingo,,Fim de semana,24.9,14.3,0.4,51.0,Chuvisco leve
2022-10-24,2022,Segunda-feira,,Dia útil,23.4,14.9,2.7,53.0,Chuvisco moderado
2022-10-25,2022,Terça-feira,,Dia útil,23.8,14.4,0.0,3.0,Nublado
2022-10-26,2022,Quarta-feira,,Dia útil,28.4,14.2,0.0,3.0,Nublado
2022-10-27,2022,Quinta-feira,,Dia útil,31.9,15.8,0.0,3.0,Nublado
2022-10-28,2022,Sexta-feira,,Dia útil,25.2,18.1,29.5,65.0,Chuva forte
2022-10-29,2022,Sábado,,Fim de semana,29.7,17.0,7.8,63.0,Chuva moderada
2022-10-30,2022,Domingo,,Fim de semana,28.7,17.3,5.0,63.0,Chuva moderada
2022-10-31,2022,Segunda-feira,,Dia útil,24.7,18.1,20.4,63.0,Chuva moderada
2022-11-01,2022,Terça-feira,,Dia útil,17.8,13.1,4.3,53.0,Chuvisco moderado
2022-11-02,2022,Quarta-feira,Finados,Feriado Nacional,14.3,11.8,5.7,53.0,Chuvisco moderado
2022-11-03,2022,Quinta-feira,,Dia útil,15.9,10.6,2.0,53.0,Chuvisco moderado
2022-11-04,2022,Sexta-feira,,Dia útil,18.0,8.9,0.0,3.0,Nublado
2022-11-05,2022,Sábado,,Fim de semana,18.3,10.8,0.9,51.0,Chuvisco leve
2022-11-06,2022,Domingo,,Fim de semana,18.4,10.6,0.3,51.0,Chuvisco leve
2022-11-07,2022,Segunda-feira,,Dia útil,19.0,11.6,1.7,51.0,Chuvisco leve
2022-11-08,2022,Terça-feira,,Dia útil,21.7,10.7,0.0,3.0,Nublado
2022-11-09,2022,Quarta-feira,,Dia útil,27.1,11.8,0.2,51.0,Chuvisco leve
2022-11-10,2022,Quinta-feira,,Dia útil,26.9,14.7,0.3,51.0,Chuvisco leve
2022-11-11,2022,Sexta-feira,,Dia útil,27.2,15.8,8.1,63.0,Chuva moderada
2022-11-12,2022,Sábado,,Fim de semana,25.0,17.1,1.5,51.0,Chuvisco leve
2022-11-13,2022,Domingo,,Fim de semana,29.7,16.4,0.0,3.0,Nublado
2022-11-14,2022,Segunda-feira,,Dia útil,27.0,18.7,7.5,63.0,Chuva moderada
2022-11-15,2022,Terça-feira,Proclamação da República,Feriado Nacional,26.5,16.3,1.8,53.0,Chuvisco moderado
2022-11-16,2022,Quarta-feira,,Dia útil,23.7,14.4,0.0,3.0,Nublado
2022-11-17,2022,Quinta-feira,,Dia útil,23.6,12.3,0.1,51.0,Chuvisco leve
2022-11-18,2022,Sexta-feira,,Dia útil,23.0,14.5,0.3,51.0,Chuvisco leve
2022-11-19,2022,Sábado,,Fim de semana,25.6,13.1,0.2,51.0,Chuvisco leve
2022-11-20,2022,Domingo,,Fim de semana,27.2,14.5,0.9,51.0,Chuvisco leve
2022-11-21,2022,Segunda-feira,,Dia útil,28.1,15.8,0.6,53.0,Chuvisco moderado
2022-11-22,2022,Terça-feira,,Dia útil,29.8,16.6,3.1,53.0,Chuvisco moderado
2022-11-23,2022,Quarta-feira,,Dia útil,28.1,17.3,23.0,65.0,Chuva forte
2022-11-24,2022,Quinta-feira,,Dia útil,24.6,16.3,6.4,63.0,Chuva moderada
2022-11-25,2022,Sexta-feira,,Dia útil,20.8,14.2,2.2,51.0,Chuvisco leve
2022-11-26,2022,Sábado,,Fim de semana,23.7,13.3,4.0,61.0,Chuva leve
2022-11-27,2022,Domingo,,Fim de semana,25.4,14.5,4.1,63.0,Chuva moderada
2022-11-28,2022,Segunda-feira,,Dia útil,24.3,17.3,22.6,63.0,Chuva moderada
2022-11-29,2022,Terça-feira,,Dia útil,24.8,17.3,26.5,65.0,Chuva forte
2022-11-30,2022,Quarta-feira,,Dia útil,24.9,17.2,2.4,61.0,Chuva leve
2022-12-01,2022,Quinta-feira,,Dia útil,27.5,17.0,21.8,65.0,Chuva forte
2022-12-02,2022,Sexta-feira,,Dia útil,28.8,18.3,17.9,65.0,Chuva forte
2022-12-03,2022,Sábado,,Fim de semana,27.5,20.1,13.1,63.0,Chuva moderada
2022-12-04,2022,Domingo,,Fim de semana,26.6,19.0,14.7,65.0,Chuva forte
2022-12-05,2022,Segunda-feira,,Dia útil,24.6,20.1,15.3,61.0,Chuva leve
2022-12-06,2022,Terça-feira,,Dia útil,23.6,19.6,25.0,65.0,Chuva forte
2022-12-07,2022,Quarta-feira,,Dia útil,24.9,18.4,2.9,55.0,Chuvisco intenso
2022-12-08,2022,Quinta-feira,,Dia útil,27.6,16.4,0.1,51.0,Chuvisco leve
2022-12-09,2022,Sexta-feira,,Dia útil,29.8,14.8,0.0,3.0,Nublado
2022-12-10,2022,Sábado,,Fim de semana,30.5,14.9,0.0,3.0,Nublado
2022-12-11,2022,Domingo,,Fim de semana,29.7,19.3,1.6,61.0,Chuva leve
2022-12-12,2022,Segunda-feira,,Dia útil,28.4,20.5,2.6,61.0,Chuva leve
2022-12-13,2022,Terça-feira,,Dia útil,21.9,16.5,15.0,63.0,Chuva moderada
2022-12-14,2022,Quarta-feira,,Dia útil,22.4,14.1,0.0,3.0,Nublado
2022-12-15,2022,Quinta-feira,,Dia útil,25.1,13.2,0.6,51.0,Chuvisco leve
2022-12-16,2022,Sexta-feira,,Dia útil,26.5,14.8,2.5,53.0,Chuvisco moderado
2022-12-17,2022,Sábado,,Fim de semana,23.9,15.7,1.5,53.0,Chuvisco moderado
2022-12-18,2022,Domingo,,Fim de semana,24.9,15.3,1.2,51.0,Chuvisco leve
2022-12-19,2022,Segunda-feira,,Dia útil,21.4,16.0,13.5,61.0,Chuva leve
2022-12-20,2022,Terça-feira,,Dia útil,22.5,16.5,28.6,65.0,Chuva forte
2022-12-21,2022,Quarta-feira,,Dia útil,20.6,15.9,6.4,55.0,Chuvisco intenso
2022-12-22,2022,Quinta-feira,,Dia útil,20.7,15.6,3.2,53.0,Chuvisco moderado
2022-12-23,2022,Sexta-feira,,Dia útil,23.7,14.8,1.5,55.0,Chuvisco intenso
2022-12-24,2022,Sábado,,Fim de semana,25.6,15.5,2.2,55.0,Chuvisco intenso
2022-12-25,2022,Domingo,Natal,Fim de semana,26.4,16.9,10.2,63.0,Chuva moderada
2022-12-26,2022,Segunda-feira,,Dia útil,25.6,18.8,12.6,63.0,Chuva moderada
2022-12-27,2022,Terça-feira,,Dia útil,25.8,17.9,11.8,63.0,Chuva moderada
2022-12-28,2022,Quarta-feira,,Dia útil,24.8,18.0,3.1,61.0,Chuva leve
2022-12-29,2022,Quinta-feira,,Dia útil,24.3,18.8,21.3,63.0,Chuva moderada
2022-12-30,2022,Sexta-feira,,Dia útil,24.3,17.6,5.3,61.0,Chuva leve
2022-12-31,2022,Sábado,,Fim de semana,25.7,17.3,9.2,63.0,Chuva moderada
2023-01-01,2023,Domingo,Confraternização mundial,Fim de semana,25.8,17.0,5.7,61.0,Chuva leve
2023-01-02,2023,Segunda-feira,,Dia útil,27.2,17.3,8.1,63.0,Chuva moderada
2023-01-03,2023,Terça-feira,,Dia útil,25.3,18.4,3.3,53.0,Chuvisco moderado
2023-01-04,2023,Quarta-feira,,Dia útil,25.7,17.1,17.3,63.0,Chuva moderada
2023-01-05,2023,Quinta-feira,,Dia útil,19.6,16.2,16.1,63.0,Chuva moderada
2023-01-06,2023,Sexta-feira,,Dia útil,19.2,15.8,1.8,53.0,Chuvisco moderado
2023-01-07,2023,Sábado,,Fim de semana,20.0,15.1,0.9,51.0,Chuvisco leve
2023-01-08,2023,Domingo,,Fim de semana,21.6,15.0,0.3,51.0,Chuvisco leve
2023-01-09,2023,Segunda-feira,,Dia útil,23.1,17.6,5.0,61.0,Chuva leve
2023-01-10,2023,Terça-feira,,Dia útil,24.8,18.1,16.5,65.0,Chuva forte
2023-01-11,2023,Quarta-feira,,Dia útil,24.9,17.1,3.7,53.0,Chuvisco moderado
2023-01-12,2023,Quinta-feira,,Dia útil,25.7,18.7,5.1,61.0,Chuva leve
2023-01-13,2023,Sexta-feira,,Dia útil,25.8,18.8,8.8,63.0,Chuva moderada
2023-01-14,2023,Sábado,,Fim de semana,28.1,19.5,1.4,53.0,Chuvisco moderado
2023-01-15,2023,Domingo,,Fim de semana,29.2,20.1,1.4,53.0,Chuvisco moderado
2023-01-16,2023,Segunda-feira,,Dia útil,29.3,19.1,14.0,63.0,Chuva moderada
2023-01-17,2023,Terça-feira,,Dia útil,28.6,20.2,5.3,61.0,Chuva leve
2023-01-18,2023,Quarta-feira,,Dia útil,27.7,19.2,7.6,63.0,Chuva moderada
2023-01-19,2023,Quinta-feira,,Dia útil,27.3,18.6,7.1,63.0,Chuva moderada
2023-01-20,2023,Sexta-feira,,Dia útil,23.3,18.0,19.4,63.0,Chuva moderada
2023-01-21,2023,Sábado,,Fim de semana,25.8,16.1,1.5,51.0,Chuvisco leve
2023-01-22,2023,Domingo,,Fim de semana,27.4,18.3,3.2,61.0,Chuva leve
2023-01-23,2023,Segunda-feira,,Dia útil,27.8,18.3,16.1,65.0,Chuva forte
2023-01-24,2023,Terça-feira,,Dia útil,26.9,18.5,2.4,53.0,Chuvisco moderado
2023-01-25,2023,Quarta-feira,Aniversário de São Paulo,Feriado Municipal,26.9,18.5,0.2,51.0,Chuvisco leve
2023-01-26,2023,Quinta-feira,,Dia útil,27.1,16.2,0.0,3.0,Nublado
2023-01-27,2023,Sexta-feira,,Dia útil,27.2,15.2,0.6,51.0,Chuvisco leve
2023-01-28,2023,Sábado,,Fim de semana,27.4,18.5,6.2,63.0,Chuva moderada
2023-01-29,2023,Domingo,,Fim de semana,27.2,18.1,6.2,61.0,Chuva leve
2023-01-30,2023,Segunda-feira,,Dia útil,25.5,18.5,9.6,63.0,Chuva moderada
2023-01-31,2023,Terça-feira,,Dia útil,27.0,18.9,13.4,63.0,Chuva moderada
2023-02-01,2023,Quarta-feira,,Dia útil,26.6,20.0,8.9,61.0,Chuva leve
2023-02-02,2023,Quinta-feira,,Dia útil,27.8,19.2,5.4,61.0,Chuva leve
2023-02-03,2023,Sexta-feira,,Dia útil,26.7,20.1,0.8,53.0,Chuvisco moderado
2023-02-04,2023,Sábado,,Fim de semana,27.0,19.6,8.0,61.0,Chuva leve
2023-02-05,2023,Domingo,,Fim de semana,27.0,20.0,1.9,51.0,Chuvisco leve
2023-02-06,2023,Segunda-feira,,Dia útil,27.3,18.8,9.3,63.0,Chuva moderada
2023-02-07,2023,Terça-feira,,Dia útil,25.6,17.8,26.0,63.0,Chuva moderada
2023-02-08,2023,Quarta-feira,,Dia útil,25.5,17.9,3.5,61.0,Chuva leve
2023-02-09,2023,Quinta-feira,,Dia útil,27.7,16.4,1.9,55.0,Chuvisco intenso
2023-02-10,2023,Sexta-feira,,Dia útil,27.6,18.7,18.6,65.0,Chuva forte
2023-02-11,2023,Sábado,,Fim de semana,24.7,18.4,5.2,61.0,Chuva leve
2023-02-12,2023,Domingo,,Fim de semana,26.2,17.4,16.7,63.0,Chuva moderada
2023-02-13,2023,Segunda-feira,,Dia útil,26.8,18.5,2.2,53.0,Chuvisco moderado
2023-02-14,2023,Terça-feira,,Dia útil,27.2,18.5,5.0,61.0,Chuva leve
2023-02-15,2023,Quarta-feira,,Dia útil,28.8,21.0,2.3,61.0,Chuva leve
2023-02-16,2023,Quinta-feira,,Dia útil,27.0,20.9,3.3,61.0,Chuva leve
2023-02-17,2023,Sexta-feira,,Dia útil,28.3,20.4,0.4,51.0,Chuvisco leve
2023-02-18,2023,Sábado,,Fim de semana,24.3,18.2,2.9,55.0,Chuvisco intenso
2023-02-19,2023,Domingo,,Fim de semana,20.6,17.2,43.4,63.0,Chuva moderada
2023-02-20,2023,Segunda-feira,,Dia útil,28.0,18.4,18.9,63.0,Chuva moderada
2023-02-21,2023,Terça-feira,Carnaval,Feriado Nacional,26.6,17.0,7.3,63.0,Chuva moderada
2023-02-22,2023,Quarta-feira,,Dia útil,26.2,18.2,2.9,61.0,Chuva leve
2023-02-23,2023,Quinta-feira,,Dia útil,26.9,18.8,23.7,65.0,Chuva forte
2023-02-24,2023,Sexta-feira,,Dia útil,27.4,18.0,5.2,63.0,Chuva moderada
2023-02-25,2023,Sábado,,Fim de semana,28.0,19.2,1.3,53.0,Chuvisco moderado
2023-02-26,2023,Domingo,,Fim de semana,28.3,19.6,0.6,51.0,Chuvisco leve
2023-02-27,2023,Segunda-feira,,Dia útil,26.5,19.7,2.4,53.0,Chuvisco moderado
2023-02-28,2023,Terça-feira,,Dia útil,25.4,19.2,15.9,65.0,Chuva forte
2023-03-01,2023,Quarta-feira,,Dia útil,27.1,18.0,1.1,53.0,Chuvisco moderado
2023-03-02,2023,Quinta-feira,,Dia útil,27.9,17.1,0.0,3.0,Nublado
2023-03-03,2023,Sexta-feira,,Dia útil,28.6,19.1,2.8,61.0,Chuva leve
2023-03-04,2023,Sábado,,Fim de semana,26.7,19.7,10.4,63.0,Chuva moderada
2023-03-05,2023,Domingo,,Fim de semana,25.6,19.0,6.7,63.0,Chuva moderada
2023-03-06,2023,Segunda-feira,,Dia útil,26.0,17.9,10.8,63.0,Chuva moderada
2023-03-07,2023,Terça-feira,,Dia útil,26.7,18.0,0.9,53.0,Chuvisco moderado
2023-03-08,2023,Quarta-feira,,Dia útil,28.4,18.2,9.3,65.0,Chuva forte
2023-03-09,2023,Quinta-feira,,Dia útil,28.1,19.0,8.8,63.0,Chuva moderada
2023-03-10,2023,Sexta-feira,,Dia útil,27.2,18.6,23.9,65.0,Chuva forte
2023-03-11,2023,Sábado,,Fim de semana,24.4,18.7,16.9,63.0,Chuva moderada
2023-03-12,2023,Domingo,,Fim de semana,24.2,18.9,12.1,63.0,Chuva moderada
2023-03-13,2023,Segunda-feira,,Dia útil,25.9,18.9,24.7,65.0,Chuva forte
2023-03-14,2023,Terça-feira,,Dia útil,25.8,18.4,12.7,65.0,Chuva forte
2023-03-15,2023,Quarta-feira,,Dia útil,26.0,18.2,1.8,53.0,Chuvisco moderado
2023-03-16,2023,Quinta-feira,,Dia útil,26.6,16.2,0.3,51.0,Chuvisco leve
2023-03-17,2023,Sexta-feira,,Dia útil,25.7,15.4,0.5,51.0,Chuvisco leve
2023-03-18,2023,Sábado,,Fim de semana,27.0,15.2,0.0,3.0,Nublado
2023-03-19,2023,Domingo,,Fim de semana,28.2,18.7,0.4,51.0,Chuvisco leve
2023-03-20,2023,Segunda-feira,,Dia útil,29.0,18.7,0.8,51.0,Chuvisco leve
2023-03-21,2023,Terça-feira,,Dia útil,27.6,15.6,0.0,3.0,Nublado
2023-03-22,2023,Quarta-feira,,Dia útil,28.2,17.6,0.0,3.0,Nublado
2023-03-23,2023,Quinta-feira,,Dia útil,28.2,17.5,0.0,3.0,Nublado
2023-03-24,2023,Sexta-feira,,Dia útil,28.8,16.9,0.5,51.0,Chuvisco leve
2023-03-25,2023,Sábado,,Fim de semana,28.7,17.8,0.0,3.0,Nublado
2023-03-26,2023,Domingo,,Fim de semana,30.1,18.5,1.2,53.0,Chuvisco moderado
2023-03-27,2023,Segunda-feira,,Dia útil,24.0,18.2,15.9,63.0,Chuva moderada
2023-03-28,2023,Terça-feira,,Dia útil,25.7,17.1,0.4,51.0,Chuvisco leve
2023-03-29,2023,Quarta-feira,,Dia útil,28.7,18.7,9.2,63.0,Chuva moderada
2023-03-30,2023,Quinta-feira,,Dia útil,28.2,17.9,0.2,51.0,Chuvisco leve
2023-03-31,2023,Sexta-feira,,Dia útil,27.5,18.2,10.1,65.0,Chuva forte
2023-04-01,2023,Sábado,,Fim de semana,27.2,16.5,0.3,51.0,Chuvisco leve
2023-04-02,2023,Domingo,,Fim de semana,21.6,16.0,0.4,51.0,Chuvisco leve
2023-04-03,2023,Segunda-feira,,Dia útil,24.7,14.5,0.2,51.0,Chuvisco leve
2023-04-04,2023,Terça-feira,,Dia útil,27.1,15.3,0.3,51.0,Chuvisco leve
2023-04-05,2023,Quarta-feira,,Dia útil,25.2,14.3,0.1,51.0,Chuvisco leve
2023-04-06,2023,Quinta-feira,,Dia útil,25.1,16.8,2.3,55.0,Chuvisco intenso
2023-04-07,2023,Sexta-feira,Sexta-feira Santa,Feriado Nacional,21.0,17.8,15.6,61.0,Chuva leve
2023-04-08,2023,Sábado,,Fim de semana,22.2,17.9,3.7,61.0,Chuva leve
2023-04-09,2023,Domingo,Páscoa,Fim de semana,21.9,16.0,0.8,51.0,Chuvisco leve
2023-04-10,2023,Segunda-feira,,Dia útil,23.1,14.0,0.0,3.0,Nublado
2023-04-11,2023,Terça-feira,,Dia útil,25.4,13.7,0.1,51.0,Chuvisco leve
2023-04-12,2023,Quarta-feira,,Dia útil,26.1,15.4,1.4,51.0,Chuvisco leve
2023-04-13,2023,Quinta-feira,,Dia útil,27.2,15.8,2.3,55.0,Chuvisco intenso
2023-04-14,2023,Sexta-feira,,Dia útil,23.1,17.1,9.1,61.0,Chuva leve
2023-04-15,2023,Sábado,,Fim de semana,22.0,17.6,4.9,63.0,Chuva moderada
2023-04-16,2023,Domingo,,Fim de semana,24.9,17.1,0.1,51.0,Chuvisco leve
2023-04-17,2023,Segunda-feira,,Dia útil,27.2,15.8,20.7,65.0,Chuva forte
2023-04-18,2023,Terça-feira,,Dia útil,23.0,19.2,22.2,63.0,Chuva moderada
2023-04-19,2023,Quarta-feira,,Dia útil,23.5,15.9,17.5,65.0,Chuva forte
2023-04-20,2023,Quinta-feira,,Dia útil,20.8,12.5,0.0,3.0,Nublado
2023-04-21,2023,Sexta-feira,Tiradentes,Feriado Nacional,21.3,9.4,0.0,3.0,Nublado
2023-04-22,2023,Sábado,,Fim de semana,22.8,11.5,0.0,3.0,Nublado
2023-04-23,2023,Domingo,,Fim de semana,23.6,14.0,0.0,3.0,Nublado
2023-04-24,2023,Segunda-feira,,Dia útil,23.6,13.3,0.4,51.0,Chuvisco leve
2023-04-25,2023,Terça-feira,,Dia útil,24.4,13.0,0.0,3.0,Nublado
2023-04-26,2023,Quarta-feira,,Dia útil,24.1,15.6,4.3,61.0,Chuva leve
2023-04-27,2023,Quinta-feira,,Dia útil,23.4,16.4,3.0,53.0,Chuvisco moderado
2023-04-28,2023,Sexta-feira,,Dia útil,19.1,15.4,1.7,51.0,Chuvisco leve
2023-04-29,2023,Sábado,,Fim de semana,22.4,14.4,1.7,53.0,Chuvisco moderado
2023-04-30,2023,Domingo,,Fim de semana,24.8,16.3,0.2,51.0,Chuvisco leve
2023-05-01,2023,Segunda-feira,Dia do trabalho,Feriado Nacional,24.9,16.5,0.4,51.0,Chuvisco leve
2023-05-02,2023,Terça-feira,,Dia útil,24.4,16.4,0.9,51.0,Chuvisco leve
2023-05-03,2023,Quarta-feira,,Dia útil,25.9,16.3,0.0,3.0,Nublado
2023-05-04,2023,Quinta-feira,,Dia útil,26.5,16.8,0.0,3.0,Nublado
2023-05-05,2023,Sexta-feira,,Dia útil,26.3,17.0,0.0,3.0,Nublado
2023-05-06,2023,Sábado,,Fim de semana,25.3,17.4,0.0,3.0,Nublado
2023-05-07,2023,Domingo,,Fim de semana,26.2,15.7,0.0,3.0,Nublado
2023-05-08,2023,Segunda-feira,,Dia útil,26.9,15.4,0.0,3.0,Nublado
2023-05-09,2023,Terça-feira,,Dia útil,25.3,15.1,0.1,51.0,Chuvisco leve
2023-05-10,2023,Quarta-feira,,Dia útil,21.1,17.5,6.1,61.0,Chuva leve
2023-05-11,2023,Quinta-feira,,Dia útil,23.0,15.6,0.9,51.0,Chuvisco leve
2023-05-12,2023,Sexta-feira,,Dia útil,19.7,12.8,0.9,51.0,Chuvisco leve
2023-05-13,2023,Sábado,,Fim de semana,20.1,11.7,0.1,51.0,Chuvisco leve
2023-05-14,2023,Domingo,,Fim de semana,21.7,11.2,0.0,3.0,Nublado
2023-05-15,2023,Segunda-feira,,Dia útil,21.4,10.4,0.0,3.0,Nublado
2023-05-16,2023,Terça-feira,,Dia útil,21.7,9.3,0.0,2.0,Parcialmente nublado
2023-05-17,2023,Quarta-feira,,Dia útil,19.7,11.6,0.4,51.0,Chuvisco leve
2023-05-18,2023,Quinta-feira,,Dia útil,20.7,10.0,0.0,3.0,Nublado
2023-05-19,2023,Sexta-feira,,Dia útil,21.7,9.4,0.0,3.0,Nublado
2023-05-20,2023,Sábado,,Fim de semana,23.4,9.9,0.0,3.0,Nublado
2023-05-21,2023,Domingo,,Fim de semana,24.1,10.1,0.0,3.0,Nublado
2023-05-22,2023,Segunda-feira,,Dia útil,23.8,11.6,0.0,3.0,Nublado
2023-05-23,2023,Terça-feira,,Dia útil,24.0,10.7,0.0,3.0,Nublado
2023-05-24,2023,Quarta-feira,,Dia útil,23.8,11.5,0.0,3.0,Nublado
2023-05-25,2023,Quinta-feira,,Dia útil,25.4,14.3,0.0,3.0,Nublado
2023-05-26,2023,Sexta-feira,,Dia útil,26.2,13.3,0.0,3.0,Nublado
2023-05-27,2023,Sábado,,Fim de semana,26.3,12.6,0.0,3.0,Nublado
2023-05-28,2023,Domingo,,Fim de semana,22.8,15.0,2.2,51.0,Chuvisco leve
2023-05-29,2023,Segunda-feira,,Dia útil,18.2,14.7,0.5,51.0,Chuvisco leve
2023-05-30,2023,Terça-feira,,Dia útil,20.4,14.2,1.5,53.0,Chuvisco moderado
2023-05-31,2023,Quarta-feira,,Dia útil,19.5,14.3,35.1,65.0,Chuva forte
2023-06-01,2023,Quinta-feira,,Dia útil,20.1,14.4,1.1,51.0,Chuvisco leve
2023-06-02,2023,Sexta-feira,,Dia útil,20.1,13.5,0.0,3.0,Nublado
2023-06-03,2023,Sábado,,Fim de semana,22.7,13.0,0.0,3.0,Nublado
2023-06-04,2023,Domingo,,Fim de semana,22.8,8.1,0.0,3.0,Nublado
2023-06-05,2023,Segunda-feira,,Dia útil,21.7,11.7,0.0,3.0,Nublado
2023-06-06,2023,Terça-feira,,Dia útil,20.5,11.4,0.0,3.0,Nublado
2023-06-07,2023,Quarta-feira,,Dia útil,22.5,11.0,0.0,3.0,Nublado
2023-06-08,2023,Quinta-feira,Corpus Christi,Feriado Nacional,22.7,9.6,0.0,3.0,Nublado
2023-06-09,2023,Sexta-feira,,Dia útil,23.8,9.6,0.0,0.0,Céu limpo
2023-06-10,2023,Sábado,,Fim de semana,24.1,11.9,0.0,0.0,Céu limpo
2023-06-11,2023,Domingo,,Fim de semana,25.6,14.5,0.0,0.0,Céu limpo
2023-06-12,2023,Segunda-feira,,Dia útil,26.2,13.1,0.0,3.0,Nublado
2023-06-13,2023,Terça-feira,,Dia útil,17.0,15.4,1.9,53.0,Chuvisco moderado
2023-06-14,2023,Quarta-feira,,Dia útil,17.8,15.1,15.0,61.0,Chuva leve
2023-06-15,2023,Quinta-feira,,Dia útil,17.2,14.0,11.0,61.0,Chuva leve
2023-06-16,2023,Sexta-feira,,Dia útil,16.0,10.2,0.0,3.0,Nublado
2023-06-17,2023,Sábado,,Fim de semana,17.2,7.6,0.1,51.0,Chuvisco leve
2023-06-18,2023,Domingo,,Fim de semana,17.6,9.6,0.0,3.0,Nublado
2023-06-19,2023,Segunda-feira,,Dia útil,18.2,10.2,0.0,3.0,Nublado
2023-06-20,2023,Terça-feira,,Dia útil,20.8,11.3,0.0,3.0,Nublado
2023-06-21,2023,Quarta-feira,,Dia útil,22.3,8.7,0.0,3.0,Nublado
2023-06-22,2023,Quinta-feira,,Dia útil,23.1,10.5,0.0,3.0,Nublado
2023-06-23,2023,Sexta-feira,,Dia útil,23.6,10.5,0.0,3.0,Nublado
2023-06-24,2023,Sábado,,Fim de semana,23.9,12.7,0.0,1.0,Predominantemente limpo
2023-06-25,2023,Domingo,,Fim de semana,24.5,11.7,0.0,0.0,Céu limpo
2023-06-26,2023,Segunda-feira,,Dia útil,24.9,10.6,0.0,0.0,Céu limpo
2023-06-27,2023,Terça-feira,,Dia útil,23.7,11.0,0.0,0.0,Céu limpo
2023-06-28,2023,Quarta-feira,,Dia útil,24.4,11.7,0.0,0.0,Céu limpo
2023-06-29,2023,Quinta-feira,,Dia útil,21.2,12.2,0.2,51.0,Chuvisco leve
2023-06-30,2023,Sexta-feira,,Dia útil,21.5,14.6,0.0,3.0,Nublado
2023-07-01,2023,Sábado,,Fim de semana,22.7,13.7,0.8,51.0,Chuvisco leve
2023-07-02,2023,Domingo,,Fim de semana,20.4,13.0,0.0,3.0,Nublado
2023-07-03,2023,Segunda-feira,,Dia útil,19.3,10.6,0.1,51.0,Chuvisco leve
2023-07-04,2023,Terça-feira,,Dia útil,20.1,7.9,0.0,3.0,Nublado
2023-07-05,2023,Quarta-feira,,Dia útil,22.5,7.1,0.0,3.0,Nublado
2023-07-06,2023,Quinta-feira,,Dia útil,22.5,7.7,0.0,0.0,Céu limpo
2023-07-07,2023,Sexta-feira,,Dia útil,23.4,9.7,0.0,3.0,Nublado
2023-07-08,2023,Sábado,,Fim de semana,25.2,10.0,3.0,63.0,Chuva moderada
2023-07-09,2023,Domingo,,Fim de semana,18.5,14.0,10.9,63.0,Chuva moderada
2023-07-10,2023,Segunda-feira,,Dia útil,23.5,13.6,0.4,51.0,Chuvisco leve
2023-07-11,2023,Terça-feira,,Dia útil,26.1,13.8,0.0,3.0,Nublado
2023-07-12,2023,Quarta-feira,,Dia útil,27.0,14.9,0.0,3.0,Nublado
2023-07-13,2023,Quinta-feira,,Dia útil,23.4,16.2,0.0,3.0,Nublado
2023-07-14,2023,Sexta-feira,,Dia útil,16.4,9.0,0.0,3.0,Nublado
2023-07-15,2023,Sábado,,Fim de semana,18.6,9.3,0.0,3.0,Nublado
2023-07-16,2023,Domingo,,Fim de semana,23.9,9.5,0.0,3.0,Nublado
2023-07-17,2023,Segunda-feira,,Dia útil,23.7,12.5,0.0,3.0,Nublado
2023-07-18,2023,Terça-feira,,Dia útil,18.4,14.0,0.7,51.0,Chuvisco leve
2023-07-19,2023,Quarta-feira,,Dia útil,17.2,13.7,2.7,53.0,Chuvisco moderado
2023-07-20,2023,Quinta-feira,,Dia útil,21.5,13.5,0.0,3.0,Nublado
2023-07-21,2023,Sexta-feira,,Dia útil,22.7,13.0,0.0,3.0,Nublado
2023-07-22,2023,Sábado,,Fim de semana,22.4,12.7,0.0,3.0,Nublado
2023-07-23,2023,Domingo,,Fim de semana,24.9,10.2,0.0,2.0,Parcialmente nublado
2023-07-24,2023,Segunda-feira,,Dia útil,25.4,12.9,0.0,2.0,Parcialmente nublado
2023-07-25,2023,Terça-feira,,Dia útil,25.5,13.1,0.0,1.0,Predominantemente limpo
2023-07-26,2023,Quarta-feira,,Dia útil,26.6,12.5,0.0,1.0,Predominantemente limpo
2023-07-27,2023,Quinta-feira,,Dia útil,25.0,12.8,0.2,51.0,Chuvisco leve
2023-07-28,2023,Sexta-feira,,Dia útil,27.0,15.1,1.1,55.0,Chuvisco intenso
2023-07-29,2023,Sábado,,Fim de semana,16.7,12.9,0.3,51.0,Chuvisco leve
2023-07-30,2023,Domingo,,Fim de semana,20.0,12.6,0.0,3.0,Nublado
2023-07-31,2023,Segunda-feira,,Dia útil,24.0,12.6,0.0,3.0,Nublado
2023-08-01,2023,Terça-feira,,Dia útil,23.2,14.3,0.0,3.0,Nublado
2023-08-02,2023,Quarta-feira,,Dia útil,27.4,13.1,0.0,3.0,Nublado
2023-08-03,2023,Quinta-feira,,Dia útil,27.3,12.2,0.0,0.0,Céu limpo
2023-08-04,2023,Sexta-feira,,Dia útil,23.8,10.2,0.0,3.0,Nublado
2023-08-05,2023,Sábado,,Fim de semana,26.6,12.3,0.0,3.0,Nublado
2023-08-06,2023,Domingo,,Fim de semana,29.2,12.0,0.0,0.0,Céu limpo
2023-08-07,2023,Segunda-feira,,Dia útil,29.1,15.6,0.0,3.0,Nublado
2023-08-08,2023,Terça-feira,,Dia útil,19.5,15.5,0.7,51.0,Chuvisco leve
2023-08-09,2023,Quarta-feira,,Dia útil,26.5,14.9,15.6,65.0,Chuva forte
2023-08-10,2023,Quinta-feira,,Dia útil,27.4,14.1,0.1,51.0,Chuvisco leve
2023-08-11,2023,Sexta-feira,,Dia útil,29.0,15.7,0.0,2.0,Parcialmente nublado
2023-08-12,2023,Sábado,,Fim de semana,26.3,13.7,0.7,51.0,Chuvisco leve
2023-08-13,2023,Domingo,,Fim de semana,17.2,13.2,0.2,51.0,Chuvisco leve
2023-08-14,2023,Segunda-feira,,Dia útil,19.4,13.2,0.0,3.0,Nublado
2023-08-15,2023,Terça-feira,,Dia útil,24.0,15.6,0.0,3.0,Nublado
2023-08-16,2023,Quarta-feira,,Dia útil,24.8,16.2,0.1,51.0,Chuvisco leve
2023-08-17,2023,Quinta-feira,,Dia útil,26.5,14.0,0.0,3.0,Nublado
2023-08-18,2023,Sexta-feira,,Dia útil,27.6,16.0,0.0,0.0,Céu limpo
2023-08-19,2023,Sábado,,Fim de semana,24.8,16.5,0.0,3.0,Nublado
2023-08-20,2023,Domingo,,Fim de semana,25.0,13.5,0.0,3.0,Nublado
2023-08-21,2023,Segunda-feira,,Dia útil,25.5,15.8,0.0,3.0,Nublado
2023-08-22,2023,Terça-feira,,Dia útil,29.0,12.4,0.0,3.0,Nublado
2023-08-23,2023,Quarta-feira,,Dia útil,31.7,18.7,0.0,0.0,Céu limpo
2023-08-24,2023,Quinta-feira,,Dia útil,31.5,20.3,0.2,51.0,Chuvisco leve
2023-08-25,2023,Sexta-feira,,Dia útil,24.3,14.4,4.3,61.0,Chuva leve
2023-08-26,2023,Sábado,,Fim de semana,14.9,11.7,6.6,61.0,Chuva leve
2023-08-27,2023,Domingo,,Fim de semana,13.1,11.0,5.0,55.0,Chuvisco intenso
2023-08-28,2023,Segunda-feira,,Dia útil,15.2,11.3,0.6,51.0,Chuvisco leve
2023-08-29,2023,Terça-feira,,Dia útil,20.3,11.0,1.0,51.0,Chuvisco leve
2023-08-30,2023,Quarta-feira,,Dia útil,24.3,12.6,0.0,3.0,Nublado
2023-08-31,2023,Quinta-feira,,Dia útil,24.0,11.1,0.0,3.0,Nublado
2023-09-01,2023,Sexta-feira,,Dia útil,25.6,8.2,0.0,3.0,Nublado
2023-09-02,2023,Sábado,,Fim de semana,29.3,15.5,6.0,61.0,Chuva leve
2023-09-03,2023,Domingo,,Fim de semana,29.6,18.4,3.7,55.0,Chuvisco intenso
2023-09-04,2023,Segunda-feira,,Dia útil,30.8,19.0,0.0,3.0,Nublado
2023-09-05,2023,Terça-feira,,Dia útil,24.5,15.5,0.5,51.0,Chuvisco leve
2023-09-06,2023,Quarta-feira,,Dia útil,20.0,15.1,1.1,51.0,Chuvisco leve
2023-09-07,2023,Quinta-feira,Independência do Brasil,Feriado Nacional,25.3,14.8,0.0,3.0,Nublado
2023-09-07,2023,Quinta-feira,Revolução Constitucionalista,Feriado Estadual,25.3,14.8,0.0,3.0,Nublado
2023-09-07,2023,Quinta-feira,Consciência Negra,Feriado Municipal,25.3,14.8,0.0,3.0,Nublado
2023-09-08,2023,Sexta-feira,,Dia útil,29.3,15.0,0.0,3.0,Nublado
2023-09-09,2023,Sábado,,Fim de semana,26.8,16.4,0.4,51.0,Chuvisco leve
2023-09-10,2023,Domingo,,Fim de semana,26.4,15.0,0.0,3.0,Nublado
2023-09-11,2023,Segunda-feira,,Dia útil,28.5,16.3,0.0,3.0,Nublado
2023-09-12,2023,Terça-feira,,Dia útil,30.0,16.3,0.0,0.0,Céu limpo
2023-09-13,2023,Quarta-feira,,Dia útil,32.7,14.9,0.0,3.0,Nublado
2023-09-14,2023,Quinta-feira,,Dia útil,25.7,13.1,6.5,61.0,Chuva leve
2023-09-15,2023,Sexta-feira,,Dia útil,21.7,12.1,0.3,51.0,Chuvisco leve
2023-09-16,2023,Sábado,,Fim de semana,28.2,12.7,0.0,3.0,Nublado
2023-09-17,2023,Domingo,,Fim de semana,31.2,15.3,0.0,0.0,Céu limpo
2023-09-18,2023,Segunda-feira,,Dia útil,31.5,17.2,0.0,3.0,Nublado
2023-09-19,2023,Terça-feira,,Dia útil,30.7,17.6,0.0,3.0,Nublado
2023-09-20,2023,Quarta-feira,,Dia útil,30.0,15.0,0.0,3.0,Nublado
2023-09-21,2023,Quinta-feira,,Dia útil,31.6,15.8,0.2,51.0,Chuvisco leve
2023-09-22,2023,Sexta-feira,,Dia útil,34.1,17.9,0.0,3.0,Nublado
2023-09-23,2023,Sábado,,Fim de semana,33.1,16.3,0.2,51.0,Chuvisco leve
2023-09-24,2023,Domingo,,Fim de semana,35.8,18.4,0.0,3.0,Nublado
2023-09-25,2023,Segunda-feira,,Dia útil,31.9,19.1,1.0,55.0,Chuvisco intenso
2023-09-26,2023,Terça-feira,,Dia útil,34.3,19.1,2.9,63.0,Chuva moderada
2023-09-27,2023,Quarta-feira,,Dia útil,31.3,17.1,9.0,63.0,Chuva moderada
2023-09-28,2023,Quinta-feira,,Dia útil,17.0,14.2,8.3,63.0,Chuva moderada
2023-09-29,2023,Sexta-feira,,Dia útil,22.7,13.7,0.0,3.0,Nublado
2023-09-30,2023,Sábado,,Fim de semana,28.9,15.5,9.5,63.0,Chuva moderada
2023-10-01,2023,Domingo,,Fim de semana,23.5,16.7,49.3,65.0,Chuva forte
2023-10-02,2023,Segunda-feira,,Dia útil,24.0,15.7,1.2,53.0,Chuvisco moderado
2023-10-03,2023,Terça-feira,,Dia útil,26.3,16.0,0.1,51.0,Chuvisco leve
2023-10-04,2023,Quarta-feira,,Dia útil,28.3,18.5,0.4,51.0,Chuvisco leve
2023-10-05,2023,Quinta-feira,,Dia útil,28.4,17.5,3.1,61.0,Chuva leve
2023-10-06,2023,Sexta-feira,,Dia útil,30.3,17.5,0.0,3.0,Nublado
2023-10-07,2023,Sábado,,Fim de semana,29.8,20.3,1.9,55.0,Chuvisco intenso
2023-10-08,2023,Domingo,,Fim de semana,26.9,19.9,30.6,63.0,Chuva moderada
2023-10-09,2023,Segunda-feira,,Dia útil,23.0,15.9,19.3,63.0,Chuva moderada
2023-10-10,2023,Terça-feira,,Dia útil,24.0,15.9,0.4,51.0,Chuvisco leve
2023-10-11,2023,Quarta-feira,,Dia útil,30.7,15.9,0.0,3.0,Nublado
2023-10-12,2023,Quinta-feira,Nossa Senhora Aparecida,Feriado Nacional,29.7,18.4,13.3,63.0,Chuva moderada
2023-10-13,2023,Sexta-feira,,Dia útil,18.5,14.1,4.9,53.0,Chuvisco moderado
2023-10-14,2023,Sábado,,Fim de semana,19.4,14.1,1.1,51.0,Chuvisco leve
2023-10-15,2023,Domingo,,Fim de semana,23.5,15.1,0.0,3.0,Nublado
2023-10-16,2023,Segunda-feira,,Dia útil,30.3,17.3,0.0,3.0,Nublado
2023-10-17,2023,Terça-feira,,Dia útil,25.1,18.6,7.6,61.0,Chuva leve
2023-10-18,2023,Quarta-feira,,Dia útil,23.0,16.5,1.5,51.0,Chuvisco leve
2023-10-19,2023,Quinta-feira,,Dia útil,20.4,15.6,0.9,51.0,Chuvisco leve
2023-10-20,2023,Sexta-feira,,Dia útil,20.9,15.1,0.4,51.0,Chuvisco leve
2023-10-21,2023,Sábado,,Fim de semana,22.0,15.4,1.2,51.0,Chuvisco leve
2023-10-22,2023,Domingo,,Fim de semana,25.6,15.3,0.0,3.0,Nublado
2023-10-23,2023,Segunda-feira,,Dia útil,30.5,15.9,0.0,3.0,Nublado
2023-10-24,2023,Terça-feira,,Dia útil,31.9,18.3,2.7,61.0,Chuva leve
2023-10-25,2023,Quarta-feira,,Dia útil,24.0,17.4,5.1,55.0,Chuvisco intenso
2023-10-26,2023,Quinta-feira,,Dia útil,24.0,16.5,14.3,63.0,Chuva moderada
2023-10-27,2023,Sexta-feira,,Dia útil,26.5,16.3,4.6,61.0,Chuva leve
2023-10-28,2023,Sábado,,Fim de semana,27.5,19.0,0.4,51.0,Chuvisco leve
2023-10-29,2023,Domingo,,Fim de semana,27.6,21.1,13.7,63.0,Chuva moderada
2023-10-30,2023,Segunda-feira,,Dia útil,28.1,20.5,2.2,61.0,Chuva leve
2023-10-31,2023,Terça-feira,,Dia útil,28.4,19.6,8.2,63.0,Chuva moderada
2023-11-01,2023,Quarta-feira,,Dia útil,21.9,16.2,8.2,61.0,Chuva leve
2023-11-02,2023,Quinta-feira,Finados,Feriado Nacional,22.7,15.7,0.3,51.0,Chuvisco leve
2023-11-03,2023,Sexta-feira,,Dia útil,29.8,16.7,12.4,65.0,Chuva forte
2023-11-04,2023,Sábado,,Fim de semana,25.5,15.5,1.0,51.0,Chuvisco leve
2023-11-05,2023,Domingo,,Fim de semana,22.6,13.0,0.0,3.0,Nublado
2023-11-06,2023,Segunda-feira,,Dia útil,22.6,12.2,0.0,3.0,Nublado
2023-11-07,2023,Terça-feira,,Dia útil,25.8,12.7,0.0,3.0,Nublado
2023-11-08,2023,Quarta-feira,,Dia útil,31.1,13.6,0.0,3.0,Nublado
2023-11-09,2023,Quinta-feira,,Dia útil,31.8,16.0,0.6,51.0,Chuvisco leve
2023-11-10,2023,Sexta-feira,,Dia útil,30.2,18.5,10.0,65.0,Chuva forte
2023-11-11,2023,Sábado,,Fim de semana,33.4,19.6,0.0,3.0,Nublado
2023-11-12,2023,Domingo,,Fim de semana,35.3,21.0,0.0,3.0,Nublado
2023-11-13,2023,Segunda-feira,,Dia útil,36.7,21.4,0.0,3.0,Nublado
2023-11-14,2023,Terça-feira,,Dia útil,36.2,20.4,1.8,53.0,Chuvisco moderado
2023-11-15,2023,Quarta-feira,Proclamação da República,Feriado Nacional,34.4,20.9,3.4,63.0,Chuva moderada
2023-11-16,2023,Quinta-feira,,Dia útil,31.7,19.1,1.4,53.0,Chuvisco moderado
2023-11-17,2023,Sexta-feira,,Dia útil,34.8,21.0,0.2,51.0,Chuvisco leve
2023-11-18,2023,Sábado,,Fim de semana,33.6,22.7,7.3,63.0,Chuva moderada
2023-11-19,2023,Domingo,,Fim de semana,26.3,18.8,8.5,63.0,Chuva moderada
2023-11-20,2023,Segunda-feira,,Dia útil,25.6,18.7,3.3,55.0,Chuvisco intenso
2023-11-21,2023,Terça-feira,,Dia útil,29.5,18.3,8.8,63.0,Chuva moderada
2023-11-22,2023,Quarta-feira,,Dia útil,28.8,20.6,4.8,63.0,Chuva moderada
2023-11-23,2023,Quinta-feira,,Dia útil,27.4,20.1,21.9,65.0,Chuva forte
2023-11-24,2023,Sexta-feira,,Dia útil,20.0,15.2,8.4,61.0,Chuva leve
2023-11-25,2023,Sábado,,Fim de semana,19.4,14.6,1.7,51.0,Chuvisco leve
2023-11-26,2023,Domingo,,Fim de semana,22.8,15.0,2.0,53.0,Chuvisco moderado
2023-11-27,2023,Segunda-feira,,Dia útil,25.5,17.1,14.6,63.0,Chuva moderada
2023-11-28,2023,Terça-feira,,Dia útil,28.5,18.2,9.2,61.0,Chuva leve
2023-11-29,2023,Quarta-feira,,Dia útil,26.6,19.7,6.6,61.0,Chuva leve
2023-11-30,2023,Quinta-feira,,Dia útil,27.8,19.7,0.6,51.0,Chuvisco leve
2023-12-01,2023,Sexta-feira,,Dia útil,28.9,19.7,0.2,51.0,Chuvisco leve
2023-12-02,2023,Sábado,,Fim de semana,31.2,18.0,0.0,3.0,Nublado
2023-12-03,2023,Domingo,,Fim de semana,32.4,18.3,0.0,3.0,Nublado
2023-12-04,2023,Segunda-feira,,Dia útil,30.7,18.7,0.3,51.0,Chuvisco leve
2023-12-05,2023,Terça-feira,,Dia útil,27.9,20.2,3.1,55.0,Chuvisco intenso
2023-12-06,2023,Quarta-feira,,Dia útil,29.9,19.3,1.2,55.0,Chuvisco intenso
2023-12-07,2023,Quinta-feira,,Dia útil,32.4,21.4,17.2,65.0,Chuva forte
2023-12-08,2023,Sexta-feira,,Dia útil,30.1,18.8,7.8,63.0,Chuva moderada
2023-12-09,2023,Sábado,,Fim de semana,21.6,17.4,1.2,51.0,Chuvisco leve
2023-12-10,2023,Domingo,,Fim de semana,25.5,15.3,0.7,51.0,Chuvisco leve
2023-12-11,2023,Segunda-feira,,Dia útil,26.5,17.3,8.5,63.0,Chuva moderada
2023-12-12,2023,Terça-feira,,Dia útil,23.7,16.7,0.4,51.0,Chuvisco leve
2023-12-13,2023,Quarta-feira,,Dia útil,29.2,15.9,0.0,3.0,Nublado
2023-12-14,2023,Quinta-feira,,Dia útil,31.6,17.7,0.0,3.0,Nublado
2023-12-15,2023,Sexta-feira,,Dia útil,33.1,19.5,0.0,3.0,Nublado
2023-12-16,2023,Sábado,,Fim de semana,32.0,19.5,0.8,51.0,Chuvisco leve
2023-12-17,2023,Domingo,,Fim de semana,30.7,20.5,1.2,51.0,Chuvisco leve
2023-12-18,2023,Segunda-feira,,Dia útil,31.0,18.9,0.1,51.0,Chuvisco leve
2023-12-19,2023,Terça-feira,,Dia útil,30.8,17.6,1.1,55.0,Chuvisco intenso
2023-12-20,2023,Quarta-feira,,Dia útil,28.9,16.3,0.0,3.0,Nublado
2023-12-21,2023,Quinta-feira,,Dia útil,29.8,17.1,3.4,55.0,Chuvisco intenso
2023-12-22,2023,Sexta-feira,,Dia útil,31.4,19.2,9.0,63.0,Chuva moderada
2023-12-23,2023,Sábado,,Fim de semana,29.3,19.3,11.5,65.0,Chuva forte
2023-12-24,2023,Domingo,,Fim de semana,28.8,20.3,0.8,51.0,Chuvisco leve
2023-12-25,2023,Segunda-feira,Natal,Feriado Nacional,31.7,19.0,0.0,3.0,Nublado
2023-12-26,2023,Terça-feira,,Dia útil,26.4,19.1,11.4,65.0,Chuva forte
2023-12-27,2023,Quarta-feira,,Dia útil,25.6,16.5,0.2,51.0,Chuvisco leve
2023-12-28,2023,Quinta-feira,,Dia útil,30.7,15.2,0.0,0.0,Céu limpo
2023-12-29,2023,Sexta-feira,,Dia útil,34.2,16.5,0.0,3.0,Nublado
2023-12-30,2023,Sábado,,Fim de semana,24.6,19.1,1.0,51.0,Chuvisco leve
2023-12-31,2023,Domingo,,Fim de semana,26.4,16.0,1.1,53.0,Chuvisco moderado
2024-01-01,2024,Segunda-feira,Confraternização mundial,Feriado Nacional,27.0,17.4,0.3,51.0,Chuvisco leve
2024-01-02,2024,Terça-feira,,Dia útil,28.7,17.6,2.5,53.0,Chuvisco moderado
2024-01-03,2024,Quarta-feira,,Dia útil,29.0,19.0,32.7,65.0,Chuva forte
2024-01-04,2024,Quinta-feira,,Dia útil,25.3,19.5,3.4,53.0,Chuvisco moderado
2024-01-05,2024,Sexta-feira,,Dia útil,25.2,18.9,1.5,51.0,Chuvisco leve
2024-01-06,2024,Sábado,,Fim de semana,26.6,18.4,0.3,51.0,Chuvisco leve
2024-01-07,2024,Domingo,,Fim de semana,29.9,17.0,0.4,51.0,Chuvisco leve
2024-01-08,2024,Segunda-feira,,Dia útil,32.0,19.5,0.2,51.0,Chuvisco leve
2024-01-09,2024,Terça-feira,,Dia útil,31.6,19.5,1.2,53.0,Chuvisco moderado
2024-01-10,2024,Quarta-feira,,Dia útil,30.9,19.0,17.5,63.0,Chuva moderada
2024-01-11,2024,Quinta-feira,,Dia útil,30.4,21.3,8.0,63.0,Chuva moderada
2024-01-12,2024,Sexta-feira,,Dia útil,25.8,20.9,18.0,65.0,Chuva forte
2024-01-13,2024,Sábado,,Fim de semana,22.8,18.1,22.4,65.0,Chuva forte
2024-01-14,2024,Domingo,,Fim de semana,28.9,16.3,0.5,51.0,Chuvisco leve
2024-01-15,2024,Segunda-feira,,Dia útil,29.4,20.4,0.0,3.0,Nublado
2024-01-16,2024,Terça-feira,,Dia útil,30.8,21.1,1.2,51.0,Chuvisco leve
2024-01-17,2024,Quarta-feira,,Dia útil,31.9,21.6,1.0,51.0,Chuvisco leve
2024-01-18,2024,Quinta-feira,,Dia útil,32.0,20.2,0.4,51.0,Chuvisco leve
2024-01-19,2024,Sexta-feira,,Dia útil,29.8,21.4,17.3,63.0,Chuva moderada
2024-01-20,2024,Sábado,,Fim de semana,29.1,21.3,7.7,63.0,Chuva moderada
2024-01-21,2024,Domingo,,Fim de semana,26.0,19.8,9.1,61.0,Chuva leve
2024-01-22,2024,Segunda-feira,,Dia útil,24.7,18.3,0.9,51.0,Chuvisco leve
2024-01-23,2024,Terça-feira,,Dia útil,20.4,16.7,11.1,61.0,Chuva leve
2024-01-24,2024,Quarta-feira,,Dia útil,23.0,14.0,10.8,63.0,Chuva moderada
2024-01-25,2024,Quinta-feira,Aniversário de São Paulo,Feriado Municipal,21.4,16.5,11.1,63.0,Chuva moderada
2024-01-26,2024,Sexta-feira,,Dia útil,21.8,16.1,2.2,51.0,Chuvisco leve
2024-01-27,2024,Sábado,,Fim de semana,24.3,17.1,2.3,55.0,Chuvisco intenso
2024-01-28,2024,Domingo,,Fim de semana,25.3,17.2,5.3,63.0,Chuva moderada
2024-01-29,2024,Segunda-feira,,Dia útil,27.8,17.1,0.2,51.0,Chuvisco leve
2024-01-30,2024,Terça-feira,,Dia útil,28.7,17.4,0.3,51.0,Chuvisco leve
2024-01-31,2024,Quarta-feira,,Dia útil,27.5,18.6,6.9,63.0,Chuva moderada
2024-02-01,2024,Quinta-feira,,Dia útil,25.2,17.5,3.6,61.0,Chuva leve
2024-02-02,2024,Sexta-feira,,Dia útil,25.3,18.2,13.7,65.0,Chuva forte
2024-02-03,2024,Sábado,,Fim de semana,25.3,18.0,0.3,51.0,Chuvisco leve
2024-02-04,2024,Domingo,,Fim de semana,27.4,18.4,5.4,63.0,Chuva moderada
2024-02-05,2024,Segunda-feira,,Dia útil,27.9,16.0,0.2,51.0,Chuvisco leve
2024-02-06,2024,Terça-feira,,Dia útil,27.7,16.8,0.3,51.0,Chuvisco leve
2024-02-07,2024,Quarta-feira,,Dia útil,29.8,17.4,0.0,3.0,Nublado
2024-02-08,2024,Quinta-feira,,Dia útil,29.2,17.3,0.0,3.0,Nublado
2024-02-09,2024,Sexta-feira,,Dia útil,30.8,18.3,0.0,3.0,Nublado
2024-02-10,2024,Sábado,,Fim de semana,30.5,19.2,0.0,3.0,Nublado
2024-02-11,2024,Domingo,,Fim de semana,30.8,18.3,0.1,51.0,Chuvisco leve
2024-02-12,2024,Segunda-feira,,Dia útil,30.7,20.7,2.1,61.0,Chuva leve
2024-02-13,2024,Terça-feira,Carnaval,Feriado Nacional,32.8,21.3,17.1,63.0,Chuva moderada
2024-02-14,2024,Quarta-feira,,Dia útil,24.7,19.8,28.7,63.0,Chuva moderada
2024-02-15,2024,Quinta-feira,,Dia útil,22.1,18.2,8.5,61.0,Chuva leve
2024-02-16,2024,Sexta-feira,,Dia útil,25.2,16.4,0.3,51.0,Chuvisco leve
2024-02-17,2024,Sábado,,Fim de semana,26.2,16.2,4.1,61.0,Chuva leve
2024-02-18,2024,Domingo,,Fim de semana,26.2,17.5,6.3,63.0,Chuva moderada
2024-02-19,2024,Segunda-feira,,Dia útil,27.5,18.8,2.1,61.0,Chuva leve
2024-02-20,2024,Terça-feira,,Dia útil,24.7,18.0,26.8,65.0,Chuva forte
2024-02-21,2024,Quarta-feira,,Dia útil,26.0,18.7,23.4,65.0,Chuva forte
2024-02-22,2024,Quinta-feira,,Dia útil,28.1,18.5,2.8,55.0,Chuvisco intenso
2024-02-23,2024,Sexta-feira,,Dia útil,29.6,20.5,5.8,63.0,Chuva moderada
2024-02-24,2024,Sábado,,Fim de semana,28.8,20.6,6.1,63.0,Chuva moderada
2024-02-25,2024,Domingo,,Fim de semana,27.4,20.4,3.1,61.0,Chuva leve
2024-02-26,2024,Segunda-feira,,Dia útil,26.4,19.9,2.3,53.0,Chuvisco moderado
2024-02-27,2024,Terça-feira,,Dia útil,29.9,19.9,0.0,3.0,Nublado
2024-02-28,2024,Quarta-feira,,Dia útil,29.8,21.7,5.3,61.0,Chuva leve
2024-02-29,2024,Quinta-feira,,Dia útil,29.4,20.7,6.3,63.0,Chuva moderada
2024-03-01,2024,Sexta-feira,,Dia útil,27.1,20.4,8.0,63.0,Chuva moderada
2024-03-02,2024,Sábado,,Fim de semana,26.5,18.1,0.0,3.0,Nublado
2024-03-03,2024,Domingo,,Fim de semana,29.4,17.4,0.0,3.0,Nublado
2024-03-04,2024,Segunda-feira,,Dia útil,29.5,17.7,0.0,3.0,Nublado
2024-03-05,2024,Terça-feira,,Dia útil,28.4,20.1,24.3,65.0,Chuva forte
2024-03-06,2024,Quarta-feira,,Dia útil,24.6,19.5,17.5,65.0,Chuva forte
2024-03-07,2024,Quinta-feira,,Dia útil,26.9,19.4,2.6,61.0,Chuva leve
2024-03-08,2024,Sexta-feira,,Dia útil,27.6,20.1,10.4,63.0,Chuva moderada
2024-03-09,2024,Sábado,,Fim de semana,28.4,20.5,3.2,61.0,Chuva leve
2024-03-10,2024,Domingo,,Fim de semana,27.0,20.7,3.5,53.0,Chuvisco moderado
2024-03-11,2024,Segunda-feira,,Dia útil,26.8,17.6,0.2,51.0,Chuvisco leve
2024-03-12,2024,Terça-feira,,Dia útil,27.2,16.5,0.0,3.0,Nublado
2024-03-13,2024,Quarta-feira,,Dia útil,30.4,18.7,0.0,3.0,Nublado
2024-03-14,2024,Quinta-feira,,Dia útil,30.6,19.5,0.0,3.0,Nublado
2024-03-15,2024,Sexta-feira,,Dia útil,32.0,19.7,0.0,3.0,Nublado
2024-03-16,2024,Sábado,,Fim de semana,30.9,20.8,0.0,3.0,Nublado
2024-03-17,2024,Domingo,,Fim de semana,31.7,22.2,9.9,63.0,Chuva moderada
2024-03-18,2024,Segunda-feira,,Dia útil,29.5,20.2,9.5,63.0,Chuva moderada
2024-03-19,2024,Terça-feira,,Dia útil,30.0,20.2,1.0,53.0,Chuvisco moderado
2024-03-20,2024,Quarta-feira,,Dia útil,30.0,20.2,0.5,51.0,Chuvisco leve
2024-03-21,2024,Quinta-feira,,Dia útil,31.0,22.3,10.3,63.0,Chuva moderada
2024-03-22,2024,Sexta-feira,,Dia útil,22.4,17.3,5.6,53.0,Chuvisco moderado
2024-03-23,2024,Sábado,,Fim de semana,19.7,16.8,9.1,55.0,Chuvisco intenso
2024-03-24,2024,Domingo,,Fim de semana,23.8,16.7,11.2,61.0,Chuva leve
2024-03-25,2024,Segunda-feira,,Dia útil,26.0,16.9,0.3,51.0,Chuvisco leve
2024-03-26,2024,Terça-feira,,Dia útil,25.3,15.4,0.8,53.0,Chuvisco moderado
2024-03-27,2024,Quarta-feira,,Dia útil,22.3,17.4,1.1,51.0,Chuvisco leve
2024-03-28,2024,Quinta-feira,,Dia útil,22.1,17.4,8.5,61.0,Chuva leve
2024-03-29,2024,Sexta-feira,Sexta-feira Santa,Feriado Nacional,26.0,16.7,4.6,61.0,Chuva leve
2024-03-30,2024,Sábado,,Fim de semana,26.0,17.5,0.3,51.0,Chuvisco leve
2024-03-31,2024,Domingo,Páscoa,Fim de semana,26.8,15.3,0.0,3.0,Nublado
2024-04-01,2024,Segunda-feira,,Dia útil,26.6,15.9,0.0,3.0,Nublado
2024-04-02,2024,Terça-feira,,Dia útil,27.3,17.5,0.1,51.0,Chuvisco leve
2024-04-03,2024,Quarta-feira,,Dia útil,27.8,17.3,0.0,3.0,Nublado
2024-04-04,2024,Quinta-feira,,Dia útil,29.0,17.7,0.0,3.0,Nublado
2024-04-05,2024,Sexta-feira,,Dia útil,29.0,16.6,0.0,3.0,Nublado
2024-04-06,2024,Sábado,,Fim de semana,24.4,16.3,1.1,51.0,Chuvisco leve
2024-04-07,2024,Domingo,,Fim de semana,27.2,17.7,1.1,51.0,Chuvisco leve
2024-04-08,2024,Segunda-feira,,Dia útil,25.9,17.2,3.0,53.0,Chuvisco moderado
2024-04-09,2024,Terça-feira,,Dia útil,26.3,18.7,3.7,53.0,Chuvisco moderado
2024-04-10,2024,Quarta-feira,,Dia útil,27.1,17.1,0.0,3.0,Nublado
2024-04-11,2024,Quinta-feira,,Dia útil,26.8,18.0,4.0,61.0,Chuva leve
2024-04-12,2024,Sexta-feira,,Dia útil,26.5,17.4,0.1,51.0,Chuvisco leve
2024-04-13,2024,Sábado,,Fim de semana,26.9,16.5,0.1,51.0,Chuvisco leve
2024-04-14,2024,Domingo,,Fim de semana,26.0,18.2,4.4,61.0,Chuva leve
2024-04-15,2024,Segunda-feira,,Dia útil,25.7,19.4,5.8,55.0,Chuvisco intenso
2024-04-16,2024,Terça-feira,,Dia útil,28.8,19.6,0.1,51.0,Chuvisco leve
2024-04-17,2024,Quarta-feira,,Dia útil,27.5,19.7,28.2,65.0,Chuva forte
2024-04-18,2024,Quinta-feira,,Dia útil,19.7,15.1,2.0,53.0,Chuvisco moderado
2024-04-19,2024,Sexta-feira,,Dia útil,21.9,11.8,0.0,3.0,Nublado
2024-04-20,2024,Sábado,,Fim de semana,24.1,13.3,0.0,3.0,Nublado
2024-04-21,2024,Domingo,Tiradentes,Fim de semana,25.8,14.8,0.0,3.0,Nublado
2024-04-22,2024,Segunda-feira,,Dia útil,27.2,14.4,0.0,3.0,Nublado
2024-04-23,2024,Terça-feira,,Dia útil,28.2,14.3,0.0,3.0,Nublado
2024-04-24,2024,Quarta-feira,,Dia útil,28.7,15.0,0.0,3.0,Nublado
2024-04-25,2024,Quinta-feira,,Dia útil,26.6,19.1,0.4,51.0,Chuvisco leve
2024-04-26,2024,Sexta-feira,,Dia útil,27.0,19.0,0.1,51.0,Chuvisco leve
2024-04-27,2024,Sábado,,Fim de semana,29.9,17.7,0.0,3.0,Nublado
2024-04-28,2024,Domingo,,Fim de semana,29.9,19.2,0.0,2.0,Parcialmente nublado
2024-04-29,2024,Segunda-feira,,Dia útil,30.1,18.1,0.1,51.0,Chuvisco leve
2024-04-30,2024,Terça-feira,,Dia útil,30.6,17.4,0.0,3.0,Nublado
2024-05-01,2024,Quarta-feira,Dia do trabalho,Feriado Nacional,30.3,17.3,0.0,1.0,Predominantemente limpo
2024-05-02,2024,Quinta-feira,,Dia útil,30.8,18.9,0.0,1.0,Predominantemente limpo
2024-05-03,2024,Sexta-feira,,Dia útil,30.0,17.1,0.0,3.0,Nublado
2024-05-04,2024,Sábado,,Fim de semana,31.2,16.7,0.0,1.0,Predominantemente limpo
2024-05-05,2024,Domingo,,Fim de semana,30.5,16.0,0.0,3.0,Nublado
2024-05-06,2024,Segunda-feira,,Dia útil,29.5,15.3,0.0,0.0,Céu limpo
2024-05-07,2024,Terça-feira,,Dia útil,30.0,17.6,0.0,3.0,Nublado
2024-05-08,2024,Quarta-feira,,Dia útil,29.8,19.6,0.0,2.0,Parcialmente nublado
2024-05-09,2024,Quinta-feira,,Dia útil,29.4,17.9,0.1,51.0,Chuvisco leve
2024-05-10,2024,Sexta-feira,,Dia útil,28.8,19.7,0.2,51.0,Chuvisco leve
2024-05-11,2024,Sábado,,Fim de semana,29.2,17.0,0.0,3.0,Nublado
2024-05-12,2024,Domingo,,Fim de semana,29.5,18.3,0.0,3.0,Nublado
2024-05-13,2024,Segunda-feira,,Dia útil,29.8,20.0,0.0,3.0,Nublado
2024-05-14,2024,Terça-feira,,Dia útil,21.6,17.1,2.7,55.0,Chuvisco intenso
2024-05-15,2024,Quarta-feira,,Dia útil,19.5,16.2,1.7,53.0,Chuvisco moderado
2024-05-16,2024,Quinta-feira,,Dia útil,28.8,15.5,0.0,3.0,Nublado
2024-05-17,2024,Sexta-feira,,Dia útil,29.7,19.0,0.0,3.0,Nublado
2024-05-18,2024,Sábado,,Fim de semana,29.6,16.2,0.0,3.0,Nublado
2024-05-19,2024,Domingo,,Fim de semana,25.3,18.6,0.2,51.0,Chuvisco leve
2024-05-20,2024,Segunda-feira,,Dia útil,25.6,17.2,1.6,53.0,Chuvisco moderado
2024-05-21,2024,Terça-feira,,Dia útil,24.4,16.3,0.0,3.0,Nublado
2024-05-22,2024,Quarta-feira,,Dia útil,27.5,16.5,0.0,3.0,Nublado
2024-05-23,2024,Quinta-feira,,Dia útil,27.1,15.6,0.0,3.0,Nublado
2024-05-24,2024,Sexta-feira,,Dia útil,25.7,17.6,0.4,51.0,Chuvisco leve
2024-05-25,2024,Sábado,,Fim de semana,20.9,14.0,1.1,51.0,Chuvisco leve
2024-05-26,2024,Domingo,,Fim de semana,17.6,13.7,11.6,63.0,Chuva moderada
2024-05-27,2024,Segunda-feira,,Dia útil,21.5,14.7,18.6,63.0,Chuva moderada
2024-05-28,2024,Terça-feira,,Dia útil,19.1,12.9,0.2,51.0,Chuvisco leve
2024-05-29,2024,Quarta-feira,,Dia útil,18.3,8.7,0.0,1.0,Predominantemente limpo
2024-05-30,2024,Quinta-feira,Corpus Christi,Feriado Nacional,17.8,6.7,0.0,3.0,Nublado
2024-05-31,2024,Sexta-feira,,Dia útil,19.3,11.4,0.0,3.0,Nublado
2024-06-01,2024,Sábado,,Fim de semana,22.3,11.5,0.0,3.0,Nublado
2024-06-02,2024,Domingo,,Fim de semana,24.2,9.7,0.0,3.0,Nublado
2024-06-03,2024,Segunda-feira,,Dia útil,22.9,11.6,0.1,51.0,Chuvisco leve
2024-06-04,2024,Terça-feira,,Dia útil,17.1,14.3,0.5,51.0,Chuvisco leve
2024-06-05,2024,Quarta-feira,,Dia útil,21.4,14.8,0.6,51.0,Chuvisco leve
2024-06-06,2024,Quinta-feira,,Dia útil,24.0,10.9,0.0,3.0,Nublado
2024-06-07,2024,Sexta-feira,,Dia útil,24.1,11.3,0.0,3.0,Nublado
2024-06-08,2024,Sábado,,Fim de semana,24.5,12.3,0.0,1.0,Predominantemente limpo
2024-06-09,2024,Domingo,,Fim de semana,26.2,11.2,0.0,3.0,Nublado
2024-06-10,2024,Segunda-feira,,Dia útil,26.3,14.9,0.0,3.0,Nublado
2024-06-11,2024,Terça-feira,,Dia útil,25.1,13.8,0.0,3.0,Nublado
2024-06-12,2024,Quarta-feira,,Dia útil,26.3,12.8,0.0,0.0,Céu limpo
2024-06-13,2024,Quinta-feira,,Dia útil,25.6,10.2,0.0,0.0,Céu limpo
2024-06-14,2024,Sexta-feira,,Dia útil,26.3,15.2,0.0,3.0,Nublado
2024-06-15,2024,Sábado,,Fim de semana,26.9,14.5,0.0,3.0,Nublado
2024-06-16,2024,Domingo,,Fim de semana,26.7,12.8,0.0,3.0,Nublado
2024-06-17,2024,Segunda-feira,,Dia útil,25.9,16.0,0.0,3.0,Nublado
2024-06-18,2024,Terça-feira,,Dia útil,25.2,14.4,0.0,3.0,Nublado
2024-06-19,2024,Quarta-feira,,Dia útil,25.8,12.8,0.0,1.0,Predominantemente limpo
2024-06-20,2024,Quinta-feira,,Dia útil,25.9,10.7,0.0,3.0,Nublado
2024-06-21,2024,Sexta-feira,,Dia útil,25.1,12.2,0.0,3.0,Nublado
2024-06-22,2024,Sábado,,Fim de semana,26.1,12.0,0.0,3.0,Nublado
2024-06-23,2024,Domingo,,Fim de semana,27.6,17.2,0.0,3.0,Nublado
2024-06-24,2024,Segunda-feira,,Dia útil,27.5,14.9,0.0,3.0,Nublado
2024-06-25,2024,Terça-feira,,Dia útil,21.1,16.1,0.4,51.0,Chuvisco leve
2024-06-26,2024,Quarta-feira,,Dia útil,27.6,15.4,0.0,3.0,Nublado
2024-06-27,2024,Quinta-feira,,Dia útil,23.4,16.5,1.0,51.0,Chuvisco leve
2024-06-28,2024,Sexta-feira,,Dia útil,25.7,15.2,0.0,3.0,Nublado
2024-06-29,2024,Sábado,,Fim de semana,25.1,14.7,2.4,53.0,Chuvisco moderado
2024-06-30,2024,Domingo,,Fim de semana,15.8,12.0,1.0,51.0,Chuvisco leve
2024-07-01,2024,Segunda-feira,,Dia útil,17.4,11.7,0.2,51.0,Chuvisco leve
2024-07-02,2024,Terça-feira,,Dia útil,24.2,11.4,0.0,3.0,Nublado
2024-07-03,2024,Quarta-feira,,Dia útil,25.0,12.0,0.0,3.0,Nublado
2024-07-04,2024,Quinta-feira,,Dia útil,25.5,12.1,0.0,3.0,Nublado
2024-07-05,2024,Sexta-feira,,Dia útil,25.5,10.8,0.0,3.0,Nublado
2024-07-06,2024,Sábado,,Fim de semana,21.9,14.5,0.2,51.0,Chuvisco leve
2024-07-07,2024,Domingo,,Fim de semana,26.3,13.1,0.0,3.0,Nublado
2024-07-08,2024,Segunda-feira,,Dia útil,19.2,13.0,2.1,53.0,Chuvisco moderado
2024-07-09,2024,Terça-feira,,Dia útil,15.2,11.9,24.3,63.0,Chuva moderada
2024-07-10,2024,Quarta-feira,,Dia útil,21.4,13.3,5.4,61.0,Chuva leve
2024-07-11,2024,Quinta-feira,,Dia útil,25.7,13.3,0.0,3.0,Nublado
2024-07-12,2024,Sexta-feira,,Dia útil,20.5,14.3,0.7,51.0,Chuvisco leve
2024-07-13,2024,Sábado,,Fim de semana,15.4,12.4,0.1,51.0,Chuvisco leve
2024-07-14,2024,Domingo,,Fim de semana,24.2,13.5,0.0,3.0,Nublado
2024-07-15,2024,Segunda-feira,,Dia útil,20.7,13.6,0.1,51.0,Chuvisco leve
2024-07-16,2024,Terça-feira,,Dia útil,21.0,13.7,0.0,3.0,Nublado
2024-07-17,2024,Quarta-feira,,Dia útil,22.6,13.0,0.2,51.0,Chuvisco leve
2024-07-18,2024,Quinta-feira,,Dia útil,22.9,12.4,0.0,3.0,Nublado
2024-07-19,2024,Sexta-feira,,Dia útil,20.2,10.6,0.0,3.0,Nublado
2024-07-20,2024,Sábado,,Fim de semana,20.2,10.3,0.0,3.0,Nublado
2024-07-21,2024,Domingo,,Fim de semana,22.3,11.1,0.0,3.0,Nublado
2024-07-22,2024,Segunda-feira,,Dia útil,24.7,9.2,0.0,3.0,Nublado
2024-07-23,2024,Terça-feira,,Dia útil,23.2,6.5,0.0,3.0,Nublado
2024-07-24,2024,Quarta-feira,,Dia útil,23.2,10.4,0.0,3.0,Nublado
2024-07-25,2024,Quinta-feira,,Dia útil,24.9,9.3,0.0,2.0,Parcialmente nublado
2024-07-26,2024,Sexta-feira,,Dia útil,24.9,11.4,0.0,3.0,Nublado
2024-07-27,2024,Sábado,,Fim de semana,25.9,12.7,0.0,3.0,Nublado
2024-07-28,2024,Domingo,,Fim de semana,27.7,11.4,0.0,3.0,Nublado
2024-07-29,2024,Segunda-feira,,Dia útil,26.6,13.5,0.5,51.0,Chuvisco leve
2024-07-30,2024,Terça-feira,,Dia útil,16.4,13.6,3.1,53.0,Chuvisco moderado
2024-07-31,2024,Quarta-feira,,Dia útil,22.1,13.4,0.0,3.0,Nublado
2024-08-01,2024,Quinta-feira,,Dia útil,24.3,12.9,0.0,3.0,Nublado
2024-08-02,2024,Sexta-feira,,Dia útil,25.0,12.0,0.0,1.0,Predominantemente limpo
2024-08-03,2024,Sábado,,Fim de semana,27.0,12.2,0.0,0.0,Céu limpo
2024-08-04,2024,Domingo,,Fim de semana,27.1,12.9,0.0,2.0,Parcialmente nublado
2024-08-05,2024,Segunda-feira,,Dia útil,27.9,14.5,0.0,1.0,Predominantemente limpo
2024-08-06,2024,Terça-feira,,Dia útil,27.8,13.6,0.0,3.0,Nublado
2024-08-07,2024,Quarta-feira,,Dia útil,27.7,16.6,0.0,3.0,Nublado
2024-08-08,2024,Quinta-feira,,Dia útil,31.0,18.0,0.0,3.0,Nublado
2024-08-09,2024,Sexta-feira,,Dia útil,19.6,14.8,12.1,63.0,Chuva moderada
2024-08-10,2024,Sábado,,Fim de semana,14.7,6.6,33.0,65.0,Chuva forte
2024-08-11,2024,Domingo,,Fim de semana,19.7,6.0,0.0,3.0,Nublado
2024-08-12,2024,Segunda-feira,,Dia útil,18.8,7.9,0.0,3.0,Nublado
2024-08-13,2024,Terça-feira,,Dia útil,14.0,6.3,0.1,51.0,Chuvisco leve
2024-08-14,2024,Quarta-feira,,Dia útil,21.0,6.2,0.0,3.0,Nublado
2024-08-15,2024,Quinta-feira,,Dia útil,27.2,8.8,0.0,3.0,Nublado
2024-08-16,2024,Sexta-feira,,Dia útil,28.5,11.4,0.0,0.0,Céu limpo
2024-08-17,2024,Sábado,,Fim de semana,29.0,13.4,0.0,0.0,Céu limpo
2024-08-18,2024,Domingo,,Fim de semana,29.4,13.1,0.0,0.0,Céu limpo
2024-08-19,2024,Segunda-feira,,Dia útil,29.9,12.6,0.0,0.0,Céu limpo
2024-08-20,2024,Terça-feira,,Dia útil,29.2,13.6,0.0,3.0,Nublado
2024-08-21,2024,Quarta-feira,,Dia útil,27.6,14.1,0.0,3.0,Nublado
2024-08-22,2024,Quinta-feira,,Dia útil,30.5,12.8,0.0,0.0,Céu limpo
2024-08-23,2024,Sexta-feira,,Dia útil,32.3,15.3,0.0,3.0,Nublado
2024-08-24,2024,Sábado,,Fim de semana,22.8,14.7,6.3,63.0,Chuva moderada
2024-08-25,2024,Domingo,,Fim de semana,15.1,9.1,6.7,61.0,Chuva leve
2024-08-26,2024,Segunda-feira,,Dia útil,15.3,5.6,0.0,3.0,Nublado
2024-08-27,2024,Terça-feira,,Dia útil,18.3,1.6,0.0,3.0,Nublado
2024-08-28,2024,Quarta-feira,,Dia útil,20.6,6.3,0.0,3.0,Nublado
2024-08-29,2024,Quinta-feira,,Dia útil,25.5,11.2,0.0,3.0,Nublado
2024-08-30,2024,Sexta-feira,,Dia útil,27.4,11.3,0.0,0.0,Céu limpo
2024-08-31,2024,Sábado,,Fim de semana,27.8,11.9,0.0,2.0,Parcialmente nublado
2024-09-01,2024,Domingo,,Fim de semana,30.9,12.9,0.0,3.0,Nublado
2024-09-02,2024,Segunda-feira,,Dia útil,30.0,14.5,0.0,3.0,Nublado
2024-09-03,2024,Terça-feira,,Dia útil,31.8,14.1,0.0,3.0,Nublado
2024-09-04,2024,Quarta-feira,,Dia útil,31.5,16.2,0.0,0.0,Céu limpo
2024-09-05,2024,Quinta-feira,,Dia útil,25.9,15.5,0.3,51.0,Chuvisco leve
2024-09-06,2024,Sexta-feira,,Dia útil,24.0,15.1,0.1,51.0,Chuvisco leve
2024-09-07,2024,Sábado,Independência do Brasil,Fim de semana,32.8,15.8,0.0,3.0,Nublado
2024-09-07,2024,Sábado,Revolução Constitucionalista,Fim de semana,32.8,15.8,0.0,3.0,Nublado
2024-09-08,2024,Domingo,,Fim de semana,32.4,16.6,0.0,1.0,Predominantemente limpo
2024-09-09,2024,Segunda-feira,,Dia útil,32.9,17.0,0.0,0.0,Céu limpo
2024-09-10,2024,Terça-feira,,Dia útil,32.9,15.2,0.0,3.0,Nublado
2024-09-11,2024,Quarta-feira,,Dia útil,32.7,18.3,0.0,3.0,Nublado
2024-09-12,2024,Quinta-feira,,Dia útil,33.0,19.1,0.0,1.0,Predominantemente limpo
2024-09-13,2024,Sexta-feira,,Dia útil,33.5,18.0,0.0,3.0,Nublado
2024-09-14,2024,Sábado,,Fim de semana,33.3,19.9,0.0,3.0,Nublado
2024-09-15,2024,Domingo,,Fim de semana,21.7,17.0,0.8,51.0,Chuvisco leve
2024-09-16,2024,Segunda-feira,,Dia útil,18.1,14.1,8.5,55.0,Chuvisco intenso
2024-09-17,2024,Terça-feira,,Dia útil,19.3,12.7,1.2,51.0,Chuvisco leve
2024-09-18,2024,Quarta-feira,,Dia útil,22.1,13.3,0.0,3.0,Nublado
2024-09-19,2024,Quinta-feira,,Dia útil,27.1,14.5,0.6,53.0,Chuvisco moderado
2024-09-20,2024,Sexta-feira,,Dia útil,32.6,15.3,0.1,51.0,Chuvisco leve
2024-09-21,2024,Sábado,,Fim de semana,27.8,17.1,0.8,53.0,Chuvisco moderado
2024-09-22,2024,Domingo,,Fim de semana,31.3,16.2,0.0,3.0,Nublado
2024-09-23,2024,Segunda-feira,,Dia útil,32.4,16.5,0.0,0.0,Céu limpo
2024-09-24,2024,Terça-feira,,Dia útil,34.0,16.9,0.0,2.0,Parcialmente nublado
2024-09-25,2024,Quarta-feira,,Dia útil,35.3,17.4,0.0,3.0,Nublado
2024-09-26,2024,Quinta-feira,,Dia útil,36.0,18.8,0.0,3.0,Nublado
2024-09-27,2024,Sexta-feira,,Dia útil,27.9,15.9,1.8,51.0,Chuvisco leve
2024-09-28,2024,Sábado,,Fim de semana,23.6,14.5,0.0,3.0,Nublado
2024-09-29,2024,Domingo,,Fim de semana,29.1,15.5,0.0,3.0,Nublado
2024-09-30,2024,Segunda-feira,,Dia útil,32.5,15.3,0.1,51.0,Chuvisco leve
2024-10-01,2024,Terça-feira,,Dia útil,34.5,18.0,0.0,3.0,Nublado
2024-10-02,2024,Quarta-feira,,Dia útil,36.5,18.5,0.0,3.0,Nublado
2024-10-03,2024,Quinta-feira,,Dia útil,23.3,15.2,7.2,63.0,Chuva moderada
2024-10-04,2024,Sexta-feira,,Dia útil,19.2,14.3,4.5,55.0,Chuvisco intenso
2024-10-05,2024,Sábado,,Fim de semana,23.8,14.2,0.2,51.0,Chuvisco leve
2024-10-06,2024,Domingo,,Fim de semana,25.4,13.8,0.0,3.0,Nublado
2024-10-07,2024,Segunda-feira,,Dia útil,26.7,13.0,0.0,3.0,Nublado
2024-10-08,2024,Terça-feira,,Dia útil,33.9,13.7,0.0,3.0,Nublado
2024-10-09,2024,Quarta-feira,,Dia útil,23.6,14.5,0.4,51.0,Chuvisco leve
2024-10-10,2024,Quinta-feira,,Dia útil,27.6,16.7,10.7,63.0,Chuva moderada
2024-10-11,2024,Sexta-feira,,Dia útil,27.5,18.9,7.4,61.0,Chuva leve
2024-10-12,2024,Sábado,Nossa Senhora Aparecida,Fim de semana,27.0,16.3,2.4,53.0,Chuvisco moderado
2024-10-13,2024,Domingo,,Fim de semana,25.0,15.9,0.2,51.0,Chuvisco leve
2024-10-14,2024,Segunda-feira,,Dia útil,25.3,15.6,0.2,51.0,Chuvisco leve
2024-10-15,2024,Terça-feira,,Dia útil,27.9,14.7,0.0,3.0,Nublado
2024-10-16,2024,Quarta-feira,,Dia útil,27.6,15.3,2.6,61.0,Chuva leve
2024-10-17,2024,Quinta-feira,,Dia útil,29.4,16.1,0.0,3.0,Nublado
2024-10-18,2024,Sexta-feira,,Dia útil,28.9,15.0,0.0,3.0,Nublado
2024-10-19,2024,Sábado,,Fim de semana,19.7,14.3,8.7,61.0,Chuva leve
2024-10-20,2024,Domingo,,Fim de semana,20.4,14.2,8.4,61.0,Chuva leve
2024-10-21,2024,Segunda-feira,,Dia útil,26.1,16.9,0.3,51.0,Chuvisco leve
2024-10-22,2024,Terça-feira,,Dia útil,29.6,17.8,4.4,63.0,Chuva moderada
2024-10-23,2024,Quarta-feira,,Dia útil,27.1,18.7,13.9,63.0,Chuva moderada
2024-10-24,2024,Quinta-feira,,Dia útil,28.2,20.3,8.4,61.0,Chuva leve
2024-10-25,2024,Sexta-feira,,Dia útil,26.1,20.6,4.7,61.0,Chuva leve
2024-10-26,2024,Sábado,,Fim de semana,29.0,17.8,2.6,61.0,Chuva leve
2024-10-27,2024,Domingo,,Fim de semana,19.6,15.9,1.3,51.0,Chuvisco leve
2024-10-28,2024,Segunda-feira,,Dia útil,22.3,14.9,0.0,3.0,Nublado
2024-10-29,2024,Terça-feira,,Dia útil,23.5,15.9,0.9,51.0,Chuvisco leve
2024-10-30,2024,Quarta-feira,,Dia útil,25.1,15.8,0.1,51.0,Chuvisco leve
2024-10-31,2024,Quinta-feira,,Dia útil,24.9,14.3,1.8,55.0,Chuvisco intenso
2024-11-01,2024,Sexta-feira,,Dia útil,27.7,14.8,1.4,53.0,Chuvisco moderado
2024-11-02,2024,Sábado,Finados,Fim de semana,29.3,17.5,13.3,65.0,Chuva forte
2024-11-03,2024,Domingo,,Fim de semana,22.1,19.0,19.9,63.0,Chuva moderada
2024-11-04,2024,Segunda-feira,,Dia útil,23.4,18.6,7.0,53.0,Chuvisco moderado
2024-11-05,2024,Terça-feira,,Dia útil,25.4,18.1,17.6,63.0,Chuva moderada
2024-11-06,2024,Quarta-feira,,Dia útil,26.0,19.3,25.8,63.0,Chuva moderada
2024-11-07,2024,Quinta-feira,,Dia útil,23.7,19.3,16.3,63.0,Chuva moderada
2024-11-08,2024,Sexta-feira,,Dia útil,23.2,17.3,40.7,63.0,Chuva moderada
2024-11-09,2024,Sábado,,Fim de semana,21.1,15.2,0.8,51.0,Chuvisco leve
2024-11-10,2024,Domingo,,Fim de semana,22.4,12.8,0.1,51.0,Chuvisco leve
2024-11-11,2024,Segunda-feira,,Dia útil,27.7,13.7,0.0,3.0,Nublado
2024-11-12,2024,Terça-feira,,Dia útil,31.4,15.0,2.0,61.0,Chuva leve
2024-11-13,2024,Quarta-feira,,Dia útil,21.2,15.2,11.1,63.0,Chuva moderada
2024-11-14,2024,Quinta-feira,,Dia útil,21.5,14.7,0.1,51.0,Chuvisco leve
2024-11-15,2024,Sexta-feira,Proclamação da República,Feriado Nacional,26.9,16.3,4.9,61.0,Chuva leve
2024-11-16,2024,Sábado,,Fim de semana,24.2,18.6,18.5,63.0,Chuva moderada
2024-11-17,2024,Domingo,,Fim de semana,26.0,17.3,0.4,51.0,Chuvisco leve
2024-11-18,2024,Segunda-feira,,Dia útil,29.6,16.4,0.0,3.0,Nublado
2024-11-19,2024,Terça-feira,,Dia útil,30.8,17.3,0.0,3.0,Nublado
2024-11-20,2024,Quarta-feira,Dia da consciência negra,Feriado Nacional,31.2,17.3,1.9,53.0,Chuvisco moderado
2024-11-21,2024,Quinta-feira,,Dia útil,26.8,19.1,1.0,51.0,Chuvisco leve
2024-11-22,2024,Sexta-feira,,Dia útil,23.6,18.7,2.0,53.0,Chuvisco moderado
2024-11-23,2024,Sábado,,Fim de semana,24.2,17.0,2.5,53.0,Chuvisco moderado
2024-11-24,2024,Domingo,,Fim de semana,24.8,15.1,0.2,51.0,Chuvisco leve
2024-11-25,2024,Segunda-feira,,Dia útil,29.4,14.8,0.2,51.0,Chuvisco leve
2024-11-26,2024,Terça-feira,,Dia útil,31.5,17.7,0.0,3.0,Nublado
2024-11-27,2024,Quarta-feira,,Dia útil,33.6,21.0,0.0,3.0,Nublado
2024-11-28,2024,Quinta-feira,,Dia útil,34.1,22.1,5.8,61.0,Chuva leve
2024-11-29,2024,Sexta-feira,,Dia útil,26.8,20.7,4.2,55.0,Chuvisco intenso
2024-11-30,2024,Sábado,,Fim de semana,28.5,20.6,1.7,51.0,Chuvisco leve
2024-12-01,2024,Domingo,,Fim de semana,30.6,19.1,0.2,51.0,Chuvisco leve
2024-12-02,2024,Segunda-feira,,Dia útil,30.8,21.0,6.2,61.0,Chuva leve
2024-12-03,2024,Terça-feira,,Dia útil,24.3,19.7,20.3,63.0,Chuva moderada
2024-12-04,2024,Quarta-feira,,Dia útil,20.9,17.3,2.3,61.0,Chuva leve
2024-12-05,2024,Quinta-feira,,Dia útil,27.7,17.0,15.6,65.0,Chuva forte
2024-12-06,2024,Sexta-feira,,Dia útil,29.8,19.8,2.6,61.0,Chuva leve
2024-12-07,2024,Sábado,,Fim de semana,31.4,22.0,0.2,51.0,Chuvisco leve
2024-12-08,2024,Domingo,,Fim de semana,28.4,20.8,4.4,61.0,Chuva leve
2024-12-09,2024,Segunda-feira,,Dia útil,27.4,20.7,3.5,61.0,Chuva leve
2024-12-10,2024,Terça-feira,,Dia útil,27.1,17.6,21.9,63.0,Chuva moderada
2024-12-11,2024,Quarta-feira,,Dia útil,23.5,16.3,1.2,51.0,Chuvisco leve
2024-12-12,2024,Quinta-feira,,Dia útil,25.6,15.7,0.1,51.0,Chuvisco leve
2024-12-13,2024,Sexta-feira,,Dia útil,26.7,17.0,1.3,51.0,Chuvisco leve
2024-12-14,2024,Sábado,,Fim de semana,25.7,19.4,4.0,55.0,Chuvisco intenso
2024-12-15,2024,Domingo,,Fim de semana,26.4,19.1,7.0,63.0,Chuva moderada
2024-12-16,2024,Segunda-feira,,Dia útil,28.6,19.0,0.6,51.0,Chuvisco leve
2024-12-17,2024,Terça-feira,,Dia útil,30.1,18.1,0.8,53.0,Chuvisco moderado
2024-12-18,2024,Quarta-feira,,Dia útil,29.5,16.8,0.2,51.0,Chuvisco leve
2024-12-19,2024,Quinta-feira,,Dia útil,31.8,17.9,0.0,3.0,Nublado
2024-12-20,2024,Sexta-feira,,Dia útil,31.4,21.1,8.1,63.0,Chuva moderada
2024-12-21,2024,Sábado,,Fim de semana,28.2,19.3,18.0,65.0,Chuva forte
2024-12-22,2024,Domingo,,Fim de semana,26.4,18.8,14.0,63.0,Chuva moderada
2024-12-23,2024,Segunda-feira,,Dia útil,24.7,18.9,4.6,55.0,Chuvisco intenso
2024-12-24,2024,Terça-feira,,Dia útil,26.1,17.2,2.8,53.0,Chuvisco moderado
2024-12-25,2024,Quarta-feira,Natal,Feriado Nacional,30.3,18.3,9.3,63.0,Chuva moderada
2024-12-26,2024,Quinta-feira,,Dia útil,25.3,20.4,37.7,63.0,Chuva moderada
2024-12-27,2024,Sexta-feira,,Dia útil,25.6,19.9,30.1,63.0,Chuva moderada
2024-12-28,2024,Sábado,,Fim de semana,28.3,19.2,3.6,53.0,Chuvisco moderado
2024-12-29,2024,Domingo,,Fim de semana,28.0,19.5,4.8,63.0,Chuva moderada
2024-12-30,2024,Segunda-feira,,Dia útil,26.7,18.6,5.9,63.0,Chuva moderada
2024-12-31,2024,Terça-feira,,Dia útil,28.2,18.0,4.2,63.0,Chuva moderada
2025-01-01,2025,Quarta-feira,Confraternização mundial,Feriado Nacional,28.6,18.2,5.1,63.0,Chuva moderada
2025-01-02,2025,Quinta-feira,,Dia útil,28.8,19.1,1.4,53.0,Chuvisco moderado
2025-01-03,2025,Sexta-feira,,Dia útil,27.8,19.6,4.3,61.0,Chuva leve
2025-01-04,2025,Sábado,,Fim de semana,27.2,18.7,14.4,65.0,Chuva forte
2025-01-05,2025,Domingo,,Fim de semana,29.7,17.5,3.6,61.0,Chuva leve
2025-01-06,2025,Segunda-feira,,Dia útil,30.9,18.8,1.7,55.0,Chuvisco intenso
2025-01-07,2025,Terça-feira,,Dia útil,29.5,19.3,9.7,63.0,Chuva moderada
2025-01-08,2025,Quarta-feira,,Dia útil,27.6,18.7,9.1,63.0,Chuva moderada
2025-01-09,2025,Quinta-feira,,Dia útil,25.2,18.1,1.6,53.0,Chuvisco moderado
2025-01-10,2025,Sexta-feira,,Dia útil,27.3,16.8,0.0,3.0,Nublado
2025-01-11,2025,Sábado,,Fim de semana,29.8,15.9,0.7,51.0,Chuvisco leve
2025-01-12,2025,Domingo,,Fim de semana,26.0,17.5,1.4,53.0,Chuvisco moderado
2025-01-13,2025,Segunda-feira,,Dia útil,25.9,16.2,0.0,3.0,Nublado
2025-01-14,2025,Terça-feira,,Dia útil,24.7,15.5,1.1,53.0,Chuvisco moderado
2025-01-15,2025,Quarta-feira,,Dia útil,28.8,17.6,1.8,51.0,Chuvisco leve
2025-01-16,2025,Quinta-feira,,Dia útil,29.4,19.7,11.1,63.0,Chuva moderada
2025-01-17,2025,Sexta-feira,,Dia útil,27.3,20.7,4.6,61.0,Chuva leve
2025-01-18,2025,Sábado,,Fim de semana,29.6,20.2,2.7,61.0,Chuva leve
2025-01-19,2025,Domingo,,Fim de semana,31.6,21.5,3.0,61.0,Chuva leve
2025-01-20,2025,Segunda-feira,,Dia útil,31.3,21.8,0.0,3.0,Nublado
2025-01-21,2025,Terça-feira,,Dia útil,32.1,23.1,0.2,51.0,Chuvisco leve
2025-01-22,2025,Quarta-feira,,Dia útil,33.6,21.8,8.8,63.0,Chuva moderada
2025-01-23,2025,Quinta-feira,,Dia útil,30.6,21.5,10.4,65.0,Chuva forte
2025-01-24,2025,Sexta-feira,,Dia útil,30.0,20.4,22.5,65.0,Chuva forte
2025-01-25,2025,Sábado,Aniversário de São Paulo,Fim de semana,30.6,19.4,13.7,65.0,Chuva forte
2025-01-26,2025,Domingo,,Fim de semana,29.5,20.6,23.2,65.0,Chuva forte
2025-01-27,2025,Segunda-feira,,Dia útil,26.0,19.1,14.5,63.0,Chuva moderada
2025-01-28,2025,Terça-feira,,Dia útil,26.7,19.4,13.7,63.0,Chuva moderada
2025-01-29,2025,Quarta-feira,,Dia útil,26.4,20.5,51.8,65.0,Chuva forte
2025-01-30,2025,Quinta-feira,,Dia útil,25.7,20.2,47.5,63.0,Chuva moderada
2025-01-31,2025,Sexta-feira,,Dia útil,25.2,19.7,24.3,63.0,Chuva moderada
2025-02-01,2025,Sábado,,Fim de semana,23.8,19.8,19.6,63.0,Chuva moderada
2025-02-02,2025,Domingo,,Fim de semana,26.6,19.4,18.8,63.0,Chuva moderada
2025-02-03,2025,Segunda-feira,,Dia útil,25.8,20.6,6.5,53.0,Chuvisco moderado
2025-02-04,2025,Terça-feira,,Dia útil,28.4,19.9,5.4,61.0,Chuva leve
2025-02-05,2025,Quarta-feira,,Dia útil,28.6,19.6,1.4,53.0,Chuvisco moderado
2025-02-06,2025,Quinta-feira,,Dia útil,29.6,19.5,1.0,53.0,Chuvisco moderado
2025-02-07,2025,Sexta-feira,,Dia útil,31.0,19.7,1.7,53.0,Chuvisco moderado
2025-02-08,2025,Sábado,,Fim de semana,29.4,20.9,3.9,61.0,Chuva leve
2025-02-09,2025,Domingo,,Fim de semana,32.1,19.5,1.9,55.0,Chuvisco intenso
2025-02-10,2025,Segunda-feira,,Dia útil,31.2,19.7,2.2,53.0,Chuvisco moderado
2025-02-11,2025,Terça-feira,,Dia útil,32.1,19.8,0.0,3.0,Nublado
2025-02-12,2025,Quarta-feira,,Dia útil,32.2,21.3,0.8,51.0,Chuvisco leve
2025-02-13,2025,Quinta-feira,,Dia útil,31.9,20.7,14.2,63.0,Chuva moderada
2025-02-14,2025,Sexta-feira,,Dia útil,29.2,20.4,2.9,55.0,Chuvisco intenso
2025-02-15,2025,Sábado,,Fim de semana,29.1,19.5,1.0,53.0,Chuvisco moderado
2025-02-16,2025,Domingo,,Fim de semana,32.1,21.3,0.1,51.0,Chuvisco leve
2025-02-17,2025,Segunda-feira,,Dia útil,33.8,21.9,0.0,3.0,Nublado
2025-02-18,2025,Terça-feira,,Dia útil,33.3,22.0,10.2,63.0,Chuva moderada
2025-02-19,2025,Quarta-feira,,Dia útil,31.2,20.5,9.3,63.0,Chuva moderada
2025-02-20,2025,Quinta-feira,,Dia útil,31.3,20.9,9.9,63.0,Chuva moderada
2025-02-21,2025,Sexta-feira,,Dia útil,30.0,22.0,2.4,53.0,Chuvisco moderado
2025-02-22,2025,Sábado,,Fim de semana,28.3,20.8,2.8,55.0,Chuvisco intenso
2025-02-23,2025,Domingo,,Fim de semana,29.7,20.3,3.9,61.0,Chuva leve
2025-02-24,2025,Segunda-feira,,Dia útil,30.7,20.0,2.2,61.0,Chuva leve
2025-02-25,2025,Terça-feira,,Dia útil,33.0,20.2,0.3,51.0,Chuvisco leve
2025-02-26,2025,Quarta-feira,,Dia útil,33.5,20.5,0.1,51.0,Chuvisco leve
2025-02-27,2025,Quinta-feira,,Dia útil,33.4,21.2,0.3,51.0,Chuvisco leve
2025-02-28,2025,Sexta-feira,,Dia útil,32.2,20.6,1.1,53.0,Chuvisco moderado
2025-03-01,2025,Sábado,,Fim de semana,33.4,20.6,0.0,0.0,Céu limpo
2025-03-02,2025,Domingo,,Fim de semana,34.5,21.2,0.0,1.0,Predominantemente limpo
2025-03-03,2025,Segunda-feira,,Dia útil,32.9,20.4,0.0,2.0,Parcialmente nublado
2025-03-04,2025,Terça-feira,Carnaval,Feriado Nacional,32.0,20.3,0.0,1.0,Predominantemente limpo
2025-03-05,2025,Quarta-feira,,Dia útil,30.5,20.2,0.7,51.0,Chuvisco leve
2025-03-06,2025,Quinta-feira,,Dia útil,31.3,19.4,0.8,53.0,Chuvisco moderado
2025-03-07,2025,Sexta-feira,,Dia útil,31.8,19.0,0.0,1.0,Predominantemente limpo
2025-03-08,2025,Sábado,,Fim de semana,32.7,19.1,0.8,53.0,Chuvisco moderado
2025-03-09,2025,Domingo,,Fim de semana,33.0,19.4,0.0,3.0,Nublado
2025-03-10,2025,Segunda-feira,,Dia útil,31.2,20.1,14.1,63.0,Chuva moderada
2025-03-11,2025,Terça-feira,,Dia útil,30.6,20.0,14.0,65.0,Chuva forte
2025-03-12,2025,Quarta-feira,,Dia útil,29.4,19.8,2.6,55.0,Chuvisco intenso
2025-03-13,2025,Quinta-feira,,Dia útil,28.7,20.1,4.7,61.0,Chuva leve
2025-03-14,2025,Sexta-feira,,Dia útil,27.2,19.2,6.0,63.0,Chuva moderada
2025-03-15,2025,Sábado,,Fim de semana,28.0,19.8,6.1,63.0,Chuva moderada
2025-03-16,2025,Domingo,,Fim de semana,24.6,18.7,14.7,65.0,Chuva forte
2025-03-17,2025,Segunda-feira,,Dia útil,26.7,18.0,1.9,53.0,Chuvisco moderado
2025-03-18,2025,Terça-feira,,Dia útil,29.9,19.6,9.1,61.0,Chuva leve
2025-03-19,2025,Quarta-feira,,Dia útil,25.1,18.3,2.3,55.0,Chuvisco intenso
2025-03-20,2025,Quinta-feira,,Dia útil,25.4,17.0,0.1,51.0,Chuvisco leve
2025-03-21,2025,Sexta-feira,,Dia útil,28.1,16.3,0.1,51.0,Chuvisco leve
2025-03-22,2025,Sábado,,Fim de semana,31.0,18.3,0.0,3.0,Nublado
2025-03-23,2025,Domingo,,Fim de semana,27.7,18.8,8.2,63.0,Chuva moderada
2025-03-24,2025,Segunda-feira,,Dia útil,27.2,18.2,2.8,61.0,Chuva leve
2025-03-25,2025,Terça-feira,,Dia útil,27.9,18.2,0.7,51.0,Chuvisco leve
2025-03-26,2025,Quarta-feira,,Dia útil,25.4,19.1,10.0,63.0,Chuva moderada
2025-03-27,2025,Quinta-feira,,Dia útil,27.5,17.5,0.4,51.0,Chuvisco leve
2025-03-28,2025,Sexta-feira,,Dia útil,29.3,18.6,2.4,61.0,Chuva leve
2025-03-29,2025,Sábado,,Fim de semana,29.3,18.7,1.6,55.0,Chuvisco intenso
2025-03-30,2025,Domingo,,Fim de semana,29.8,18.8,0.4,51.0,Chuvisco leve
2025-03-31,2025,Segunda-feira,,Dia útil,28.1,19.2,11.0,63.0,Chuva moderada
2025-04-01,2025,Terça-feira,,Dia útil,28.2,19.1,2.0,53.0,Chuvisco moderado
2025-04-02,2025,Quarta-feira,,Dia útil,30.0,19.8,7.7,63.0,Chuva moderada
2025-04-03,2025,Quinta-feira,,Dia útil,27.7,20.1,9.0,63.0,Chuva moderada
2025-04-04,2025,Sexta-feira,,Dia útil,27.3,19.1,6.5,61.0,Chuva leve
2025-04-05,2025,Sábado,,Fim de semana,18.8,15.7,4.0,53.0,Chuvisco moderado
2025-04-06,2025,Domingo,,Fim de semana,21.1,15.0,1.0,51.0,Chuvisco leve
2025-04-07,2025,Segunda-feira,,Dia útil,22.2,15.8,0.1,51.0,Chuvisco leve
2025-04-08,2025,Terça-feira,,Dia útil,27.6,14.6,0.3,51.0,Chuvisco leve
2025-04-09,2025,Quarta-feira,,Dia útil,28.9,17.5,11.7,63.0,Chuva moderada
2025-04-10,2025,Quinta-feira,,Dia útil,25.4,17.7,6.1,63.0,Chuva moderada
2025-04-11,2025,Sexta-feira,,Dia útil,25.7,17.6,0.6,51.0,Chuvisco leve
2025-04-12,2025,Sábado,,Fim de semana,26.3,17.5,0.4,51.0,Chuvisco leve
2025-04-13,2025,Domingo,,Fim de semana,28.4,18.0,3.2,61.0,Chuva leve
2025-04-14,2025,Segunda-feira,,Dia útil,23.4,17.6,2.5,53.0,Chuvisco moderado
2025-04-15,2025,Terça-feira,,Dia útil,25.4,16.7,0.0,3.0,Nublado
2025-04-16,2025,Quarta-feira,,Dia útil,25.7,17.6,2.6,53.0,Chuvisco moderado
2025-04-17,2025,Quinta-feira,,Dia útil,26.1,17.3,0.5,51.0,Chuvisco leve
2025-04-18,2025,Sexta-feira,Sexta-feira Santa,Feriado Nacional,27.6,17.9,16.8,65.0,Chuva forte
2025-04-19,2025,Sábado,,Fim de semana,26.0,17.5,5.7,61.0,Chuva leve
2025-04-20,2025,Domingo,Páscoa,Fim de semana,23.1,18.0,2.2,51.0,Chuvisco leve
2025-04-21,2025,Segunda-feira,Tiradentes,Feriado Nacional,22.1,16.0,1.1,51.0,Chuvisco leve
2025-04-22,2025,Terça-feira,,Dia útil,23.0,14.4,0.1,51.0,Chuvisco leve
2025-04-23,2025,Quarta-feira,,Dia útil,25.4,14.3,0.0,3.0,Nublado
2025-04-24,2025,Quinta-feira,,Dia útil,26.2,16.7,25.8,65.0,Chuva forte
2025-04-25,2025,Sexta-feira,,Dia útil,22.3,17.9,20.3,63.0,Chuva moderada
2025-04-26,2025,Sábado,,Fim de semana,25.0,16.7,2.0,53.0,Chuvisco moderado
2025-04-27,2025,Domingo,,Fim de semana,25.8,17.7,0.2,51.0,Chuvisco leve
2025-04-28,2025,Segunda-feira,,Dia útil,24.1,18.1,6.5,61.0,Chuva leve
2025-04-29,2025,Terça-feira,,Dia útil,22.3,15.9,0.3,51.0,Chuvisco leve
2025-04-30,2025,Quarta-feira,,Dia útil,21.8,14.5,0.0,3.0,Nublado
2025-05-01,2025,Quinta-feira,Dia do trabalho,Feriado Nacional,22.6,13.4,0.0,3.0,Nublado
2025-05-02,2025,Sexta-feira,,Dia útil,23.6,14.5,0.0,3.0,Nublado
2025-05-03,2025,Sábado,,Fim de semana,25.7,13.4,0.0,3.0,Nublado
2025-05-04,2025,Domingo,,Fim de semana,24.6,14.7,0.0,3.0,Nublado
2025-05-05,2025,Segunda-feira,,Dia útil,24.5,13.9,0.0,3.0,Nublado
2025-05-06,2025,Terça-feira,,Dia útil,25.7,14.6,0.0,3.0,Nublado
2025-05-07,2025,Quarta-feira,,Dia útil,28.1,15.5,0.0,3.0,Nublado
2025-05-08,2025,Quinta-feira,,Dia útil,29.1,16.2,0.0,3.0,Nublado
2025-05-09,2025,Sexta-feira,,Dia útil,29.1,19.5,0.0,3.0,Nublado
2025-05-10,2025,Sábado,,Fim de semana,28.1,17.3,7.8,61.0,Chuva leve
2025-05-11,2025,Domingo,,Fim de semana,18.1,15.3,0.5,51.0,Chuvisco leve
2025-05-12,2025,Segunda-feira,,Dia útil,21.6,14.2,0.0,3.0,Nublado
2025-05-13,2025,Terça-feira,,Dia útil,22.1,14.5,0.3,51.0,Chuvisco leve
2025-05-14,2025,Quarta-feira,,Dia útil,22.4,13.0,0.0,3.0,Nublado
2025-05-15,2025,Quinta-feira,,Dia útil,22.4,12.2,0.0,1.0,Predominantemente limpo
2025-05-16,2025,Sexta-feira,,Dia útil,25.0,13.5,0.0,3.0,Nublado
2025-05-17,2025,Sábado,,Fim de semana,26.7,13.7,0.0,3.0,Nublado
2025-05-18,2025,Domingo,,Fim de semana,26.8,14.5,0.0,3.0,Nublado
2025-05-19,2025,Segunda-feira,,Dia útil,27.0,15.0,0.0,3.0,Nublado
2025-05-20,2025,Terça-feira,,Dia útil,26.7,15.3,0.0,1.0,Predominantemente limpo
2025-05-21,2025,Quarta-feira,,Dia útil,26.3,16.7,0.3,51.0,Chuvisco leve
2025-05-22,2025,Quinta-feira,,Dia útil,25.6,17.7,11.2,63.0,Chuva moderada
2025-05-23,2025,Sexta-feira,,Dia útil,21.3,16.6,0.8,51.0,Chuvisco leve
2025-05-24,2025,Sábado,,Fim de semana,22.3,15.5,0.8,51.0,Chuvisco leve
2025-05-25,2025,Domingo,,Fim de semana,25.7,13.4,0.0,2.0,Parcialmente nublado
2025-05-26,2025,Segunda-feira,,Dia útil,26.2,13.7,0.0,3.0,Nublado
2025-05-27,2025,Terça-feira,,Dia útil,25.7,16.0,0.0,3.0,Nublado
2025-05-28,2025,Quarta-feira,,Dia útil,25.2,19.1,0.8,51.0,Chuvisco leve
2025-05-29,2025,Quinta-feira,,Dia útil,18.8,12.1,2.0,53.0,Chuvisco moderado
2025-05-30,2025,Sexta-feira,,Dia útil,19.9,8.6,0.0,3.0,Nublado
2025-05-31,2025,Sábado,,Fim de semana,23.5,12.1,0.0,3.0,Nublado
2025-06-01,2025,Domingo,,Fim de semana,23.6,12.5,0.1,51.0,Chuvisco leve
2025-06-02,2025,Segunda-feira,,Dia útil,23.7,15.8,0.0,3.0,Nublado
2025-06-03,2025,Terça-feira,,Dia útil,22.8,15.0,1.8,53.0,Chuvisco moderado
2025-06-04,2025,Quarta-feira,,Dia útil,25.5,14.7,0.0,3.0,Nublado
2025-06-05,2025,Quinta-feira,,Dia útil,26.2,16.7,4.8,61.0,Chuva leve
2025-06-06,2025,Sexta-feira,,Dia útil,19.7,16.6,2.2,53.0,Chuvisco moderado
2025-06-07,2025,Sábado,,Fim de semana,20.9,15.4,0.0,3.0,Nublado
2025-06-08,2025,Domingo,,Fim de semana,22.1,14.9,4.0,61.0,Chuva leve
2025-06-09,2025,Segunda-feira,,Dia útil,19.0,14.4,8.1,61.0,Chuva leve
2025-06-10,2025,Terça-feira,,Dia útil,17.5,13.0,1.8,51.0,Chuvisco leve
2025-06-11,2025,Quarta-feira,,Dia útil,16.0,10.4,0.4,51.0,Chuvisco leve
2025-06-12,2025,Quinta-feira,,Dia útil,15.1,9.9,0.4,51.0,Chuvisco leve
2025-06-13,2025,Sexta-feira,,Dia útil,17.7,9.1,0.0,3.0,Nublado
2025-06-14,2025,Sábado,,Fim de semana,20.6,9.3,0.0,3.0,Nublado
2025-06-15,2025,Domingo,,Fim de semana,19.9,12.2,1.1,53.0,Chuvisco moderado
2025-06-16,2025,Segunda-feira,,Dia útil,22.7,11.0,0.0,1.0,Predominantemente limpo
2025-06-17,2025,Terça-feira,,Dia útil,24.0,11.9,0.0,0.0,Céu limpo
2025-06-18,2025,Quarta-feira,,Dia útil,22.8,11.9,0.0,3.0,Nublado
2025-06-19,2025,Quinta-feira,Corpus Christi,Feriado Nacional,25.0,13.2,0.0,3.0,Nublado
2025-06-20,2025,Sexta-feira,,Dia útil,25.0,12.7,0.0,1.0,Predominantemente limpo
2025-06-21,2025,Sábado,,Fim de semana,23.4,16.2,2.8,61.0,Chuva leve
2025-06-22,2025,Domingo,,Fim de semana,23.7,16.2,1.3,53.0,Chuvisco moderado
2025-06-23,2025,Segunda-feira,,Dia útil,24.8,17.1,7.9,61.0,Chuva leve
2025-06-24,2025,Terça-feira,,Dia útil,16.9,8.0,4.6,61.0,Chuva leve
2025-06-25,2025,Quarta-feira,,Dia útil,17.3,5.6,0.0,0.0,Céu limpo
2025-06-26,2025,Quinta-feira,,Dia útil,25.0,10.9,0.0,1.0,Predominantemente limpo
2025-06-27,2025,Sexta-feira,,Dia útil,23.8,15.9,7.6,63.0,Chuva moderada
2025-06-28,2025,Sábado,,Fim de semana,25.0,15.5,0.0,3.0,Nublado
2025-06-29,2025,Domingo,,Fim de semana,25.6,17.9,0.0,3.0,Nublado
2025-06-30,2025,Segunda-feira,,Dia útil,21.8,14.9,0.1,51.0,Chuvisco leve
2025-07-01,2025,Terça-feira,,Dia útil,15.1,11.5,0.4,51.0,Chuvisco leve
2025-07-02,2025,Quarta-feira,,Dia útil,12.7,10.8,0.6,51.0,Chuvisco leve
2025-07-03,2025,Quinta-feira,,Dia útil,14.4,10.8,2.0,53.0,Chuvisco moderado
2025-07-04,2025,Sexta-feira,,Dia útil,18.6,11.9,0.4,51.0,Chuvisco leve
2025-07-05,2025,Sábado,,Fim de semana,20.6,11.4,0.0,3.0,Nublado
2025-07-06,2025,Domingo,,Fim de semana,19.5,10.2,0.0,3.0,Nublado
2025-07-07,2025,Segunda-feira,,Dia útil,19.6,10.8,0.0,3.0,Nublado
2025-07-08,2025,Terça-feira,,Dia útil,22.4,11.6,0.0,3.0,Nublado
2025-07-09,2025,Quarta-feira,,Dia útil,20.2,9.3,0.0,3.0,Nublado
2025-07-10,2025,Quinta-feira,,Dia útil,21.5,11.8,0.0,3.0,Nublado
2025-07-11,2025,Sexta-feira,,Dia útil,22.1,12.3,0.1,51.0,Chuvisco leve
2025-07-12,2025,Sábado,,Fim de semana,23.0,13.7,0.0,3.0,Nublado
2025-07-13,2025,Domingo,,Fim de semana,22.6,14.2,0.0,3.0,Nublado
2025-07-14,2025,Segunda-feira,,Dia útil,22.0,11.8,0.0,3.0,Nublado
2025-07-15,2025,Terça-feira,,Dia útil,22.6,9.5,0.0,2.0,Parcialmente nublado
2025-07-16,2025,Quarta-feira,,Dia útil,23.1,11.1,0.0,0.0,Céu limpo
2025-07-17,2025,Quinta-feira,,Dia útil,24.0,10.6,0.0,3.0,Nublado
2025-07-18,2025,Sexta-feira,,Dia útil,24.1,13.8,0.0,3.0,Nublado
2025-07-19,2025,Sábado,,Fim de semana,20.7,10.4,0.0,3.0,Nublado
2025-07-20,2025,Domingo,,Fim de semana,21.4,9.4,0.0,3.0,Nublado
2025-07-21,2025,Segunda-feira,,Dia útil,25.0,11.8,0.0,3.0,Nublado
2025-07-22,2025,Terça-feira,,Dia útil,25.4,13.5,0.0,3.0,Nublado
2025-07-23,2025,Quarta-feira,,Dia útil,21.6,13.1,0.0,1.0,Predominantemente limpo
2025-07-24,2025,Quinta-feira,,Dia útil,22.2,12.7,0.1,51.0,Chuvisco leve
2025-07-25,2025,Sexta-feira,,Dia útil,18.8,13.7,5.1,61.0,Chuva leve
2025-07-26,2025,Sábado,,Fim de semana,23.9,12.5,0.0,3.0,Nublado
2025-07-27,2025,Domingo,,Fim de semana,26.7,12.7,0.0,3.0,Nublado
2025-07-28,2025,Segunda-feira,,Dia útil,23.4,17.4,1.7,55.0,Chuvisco intenso
2025-07-29,2025,Terça-feira,,Dia útil,19.0,10.7,0.1,51.0,Chuvisco leve
2025-07-30,2025,Quarta-feira,,Dia útil,16.6,7.8,0.0,3.0,Nublado
2025-07-31,2025,Quinta-feira,,Dia útil,19.9,7.1,0.0,1.0,Predominantemente limpo
2025-08-01,2025,Sexta-feira,,Dia útil,23.9,9.4,0.0,3.0,Nublado
2025-08-02,2025,Sábado,,Fim de semana,26.5,10.7,0.0,3.0,Nublado
2025-08-03,2025,Domingo,,Fim de semana,25.4,12.3,0.0,3.0,Nublado
2025-08-04,2025,Segunda-feira,,Dia útil,22.6,12.5,0.0,3.0,Nublado
2025-08-05,2025,Terça-feira,,Dia útil,20.1,13.6,0.8,51.0,Chuvisco leve
2025-08-06,2025,Quarta-feira,,Dia útil,19.1,13.7,0.5,51.0,Chuvisco leve
2025-08-07,2025,Quinta-feira,,Dia útil,25.4,12.9,0.0,3.0,Nublado
2025-08-08,2025,Sexta-feira,,Dia útil,25.5,12.6,6.6,63.0,Chuva moderada
2025-08-09,2025,Sábado,,Fim de semana,18.4,10.3,2.3,53.0,Chuvisco moderado
2025-08-10,2025,Domingo,,Fim de semana,15.2,8.9,0.5,51.0,Chuvisco leve
2025-08-11,2025,Segunda-feira,,Dia útil,17.3,7.4,0.0,3.0,Nublado
2025-08-12,2025,Terça-feira,,Dia útil,19.5,10.3,0.0,3.0,Nublado
2025-08-13,2025,Quarta-feira,,Dia útil,25.1,9.8,0.0,3.0,Nublado
2025-08-14,2025,Quinta-feira,,Dia útil,19.3,11.9,0.0,3.0,Nublado
2025-08-15,2025,Sexta-feira,,Dia útil,20.8,10.8,0.0,3.0,Nublado
2025-08-16,2025,Sábado,,Fim de semana,23.5,12.9,0.0,3.0,Nublado
2025-08-17,2025,Domingo,,Fim de semana,25.6,13.8,0.0,3.0,Nublado
2025-08-18,2025,Segunda-feira,,Dia útil,23.8,12.7,0.0,3.0,Nublado
2025-08-19,2025,Terça-feira,,Dia útil,27.0,12.7,0.0,3.0,Nublado
2025-08-20,2025,Quarta-feira,,Dia útil,29.0,16.7,0.1,51.0,Chuvisco leve
2025-08-21,2025,Quinta-feira,,Dia útil,30.0,18.5,0.4,51.0,Chuvisco leve
2025-08-22,2025,Sexta-feira,,Dia útil,31.2,17.6,0.0,2.0,Parcialmente nublado
2025-08-23,2025,Sábado,,Fim de semana,31.4,19.3,0.0,3.0,Nublado
2025-08-24,2025,Domingo,,Fim de semana,21.9,15.1,0.1,51.0,Chuvisco leve
2025-08-25,2025,Segunda-feira,,Dia útil,28.4,14.4,0.0,3.0,Nublado
2025-08-26,2025,Terça-feira,,Dia útil,23.2,13.8,3.5,61.0,Chuva leve
2025-08-27,2025,Quarta-feira,,Dia útil,21.7,14.3,5.0,61.0,Chuva leve
2025-08-28,2025,Quinta-feira,,Dia útil,24.1,15.2,0.5,51.0,Chuvisco leve
2025-08-29,2025,Sexta-feira,,Dia útil,21.4,14.1,8.8,65.0,Chuva forte
2025-08-30,2025,Sábado,,Fim de semana,22.7,14.8,0.3,51.0,Chuvisco leve
2025-08-31,2025,Domingo,,Fim de semana,24.4,13.4,0.0,2.0,Parcialmente nublado
2025-09-01,2025,Segunda-feira,,Dia útil,24.9,15.2,0.2,51.0,Chuvisco leve
2025-09-02,2025,Terça-feira,,Dia útil,25.1,15.6,2.2,61.0,Chuva leve
2025-09-03,2025,Quarta-feira,,Dia útil,27.5,14.5,0.0,2.0,Parcialmente nublado
2025-09-04,2025,Quinta-feira,,Dia útil,27.9,14.6,0.0,3.0,Nublado
2025-09-05,2025,Sexta-feira,,Dia útil,30.4,15.4,0.0,3.0,Nublado
2025-09-06,2025,Sábado,,Fim de semana,18.7,15.1,0.3,51.0,Chuvisco leve
2025-09-07,2025,Domingo,Revolução Constitucionalista,Fim de semana,21.2,14.9,0.3,51.0,Chuvisco leve
2025-09-07,2025,Domingo,Independência do Brasil,Fim de semana,21.2,14.9,0.3,51.0,Chuvisco leve
2025-09-08,2025,Segunda-feira,,Dia útil,29.4,15.5,0.0,3.0,Nublado
2025-09-09,2025,Terça-feira,,Dia útil,26.7,19.4,0.0,3.0,Nublado
2025-09-10,2025,Quarta-feira,,Dia útil,26.8,14.2,0.0,2.0,Parcialmente nublado
2025-09-11,2025,Quinta-feira,,Dia útil,30.4,11.5,0.0,3.0,Nublado
2025-09-12,2025,Sexta-feira,,Dia útil,22.0,13.7,0.0,3.0,Nublado
2025-09-13,2025,Sábado,,Fim de semana,23.0,12.4,0.0,3.0,Nublado
2025-09-14,2025,Domingo,,Fim de semana,25.6,13.8,0.0,3.0,Nublado
2025-09-15,2025,Segunda-feira,,Dia útil,28.4,14.2,0.0,3.0,Nublado
2025-09-16,2025,Terça-feira,,Dia útil,26.0,15.1,1.5,61.0,Chuva leve
2025-09-17,2025,Quarta-feira,,Dia útil,24.1,15.6,0.1,51.0,Chuvisco leve
2025-09-18,2025,Quinta-feira,,Dia útil,24.7,14.7,0.0,3.0,Nublado
2025-09-19,2025,Sexta-feira,,Dia útil,31.3,15.0,0.0,3.0,Nublado
2025-09-20,2025,Sábado,,Fim de semana,31.3,20.0,0.0,3.0,Nublado
2025-09-21,2025,Domingo,,Fim de semana,33.1,20.6,0.3,51.0,Chuvisco leve
2025-09-22,2025,Segunda-feira,,Dia útil,24.8,18.5,9.1,63.0,Chuva moderada
2025-09-23,2025,Terça-feira,,Dia útil,19.6,13.3,3.1,61.0,Chuva leve
2025-09-24,2025,Quarta-feira,,Dia útil,19.4,13.6,0.5,51.0,Chuvisco leve
2025-09-25,2025,Quinta-feira,,Dia útil,17.2,13.2,0.2,51.0,Chuvisco leve
2025-09-26,2025,Sexta-feira,,Dia útil,18.2,12.3,0.5,51.0,Chuvisco leve
2025-09-27,2025,Sábado,,Fim de semana,24.1,10.3,0.0,3.0,Nublado
2025-09-28,2025,Domingo,,Fim de semana,29.8,11.6,0.0,3.0,Nublado
2025-09-29,2025,Segunda-feira,,Dia útil,30.3,15.9,0.0,3.0,Nublado
2025-09-30,2025,Terça-feira,,Dia útil,33.2,16.6,0.0,3.0,Nublado
2025-10-01,2025,Quarta-feira,,Dia útil,28.4,16.6,0.4,51.0,Chuvisco leve
2025-10-02,2025,Quinta-feira,,Dia útil,26.8,16.8,0.0,3.0,Nublado
2025-10-03,2025,Sexta-feira,,Dia útil,28.7,17.1,2.8,61.0,Chuva leve
2025-10-04,2025,Sábado,,Fim de semana,24.0,17.5,2.7,55.0,Chuvisco intenso
2025-10-05,2025,Domingo,,Fim de semana,30.9,18.3,0.0,2.0,Parcialmente nublado
2025-10-06,2025,Segunda-feira,,Dia útil,33.9,20.7,0.0,3.0,Nublado
2025-10-07,2025,Terça-feira,,Dia útil,23.0,15.7,1.0,51.0,Chuvisco leve
2025-10-08,2025,Quarta-feira,,Dia útil,18.6,13.8,13.8,63.0,Chuva moderada
2025-10-09,2025,Quinta-feira,,Dia útil,22.6,12.8,1.0,51.0,Chuvisco leve
2025-10-10,2025,Sexta-feira,,Dia útil,22.7,14.5,18.5,63.0,Chuva moderada
2025-10-11,2025,Sábado,,Fim de semana,24.8,14.8,6.6,63.0,Chuva moderada
2025-10-12,2025,Domingo,Nossa Senhora Aparecida,Fim de semana,28.7,16.6,2.4,61.0,Chuva leve
2025-10-13,2025,Segunda-feira,,Dia útil,25.0,18.2,5.1,53.0,Chuvisco moderado
2025-10-14,2025,Terça-feira,,Dia útil,23.7,17.0,0.6,51.0,Chuvisco leve
2025-10-15,2025,Quarta-feira,,Dia útil,22.9,14.9,0.1,51.0,Chuvisco leve
2025-10-16,2025,Quinta-feira,,Dia útil,30.3,16.4,0.0,3.0,Nublado
2025-10-17,2025,Sexta-feira,,Dia útil,32.5,16.9,7.9,63.0,Chuva moderada
2025-10-18,2025,Sábado,,Fim de semana,21.8,16.2,26.3,63.0,Chuva moderada
2025-10-19,2025,Domingo,,Fim de semana,16.1,11.4,2.1,51.0,Chuvisco leve
2025-10-20,2025,Segunda-feira,,Dia útil,17.0,10.5,0.3,51.0,Chuvisco leve
2025-10-21,2025,Terça-feira,,Dia útil,20.3,9.7,0.0,3.0,Nublado
2025-10-22,2025,Quarta-feira,,Dia útil,22.5,10.6,0.0,2.0,Parcialmente nublado
2025-10-23,2025,Quinta-feira,,Dia útil,24.2,11.4,0.0,3.0,Nublado
2025-10-24,2025,Sexta-feira,,Dia útil,26.9,12.7,0.0,3.0,Nublado
2025-10-25,2025,Sábado,,Fim de semana,28.9,14.4,0.0,3.0,Nublado
2025-10-26,2025,Domingo,,Fim de semana,32.4,16.9,0.0,3.0,Nublado
2025-10-27,2025,Segunda-feira,,Dia útil,22.4,18.7,1.8,53.0,Chuvisco moderado
2025-10-28,2025,Terça-feira,,Dia útil,23.0,17.7,13.7,63.0,Chuva moderada
2025-10-29,2025,Quarta-feira,,Dia útil,25.7,16.8,17.6,63.0,Chuva moderada
2025-10-30,2025,Quinta-feira,,Dia útil,19.4,15.2,7.6,63.0,Chuva moderada
2025-10-31,2025,Sexta-feira,,Dia útil,22.1,14.8,18.5,65.0,Chuva forte
2025-11-01,2025,Sábado,,Fim de semana,27.0,16.5,1.1,51.0,Chuvisco leve
2025-11-02,2025,Domingo,Finados,Fim de semana,21.5,17.9,22.5,63.0,Chuva moderada
2025-11-03,2025,Segunda-feira,,Dia útil,26.0,18.3,9.1,63.0,Chuva moderada
2025-11-04,2025,Terça-feira,,Dia útil,28.3,17.4,3.0,55.0,Chuvisco intenso
2025-11-05,2025,Quarta-feira,,Dia útil,28.6,19.0,4.8,63.0,Chuva moderada
2025-11-06,2025,Quinta-feira,,Dia útil,21.3,15.8,1.3,53.0,Chuvisco moderado
2025-11-07,2025,Sexta-feira,,Dia útil,29.1,14.1,0.8,53.0,Chuvisco moderado
2025-11-08,2025,Sábado,,Fim de semana,25.7,16.3,7.2,61.0,Chuva leve
2025-11-09,2025,Domingo,,Fim de semana,21.2,14.3,0.4,51.0,Chuvisco leve
2025-11-10,2025,Segunda-feira,,Dia útil,22.8,12.4,0.0,3.0,Nublado
2025-11-11,2025,Terça-feira,,Dia útil,27.0,12.1,0.0,2.0,Parcialmente nublado
2025-11-12,2025,Quarta-feira,,Dia útil,31.3,14.1,0.0,3.0,Nublado
2025-11-13,2025,Quinta-feira,,Dia útil,,,,,
2025-11-14,2025,Sexta-feira,,Dia útil,,,,,
2025-11-15,2025,Sábado,Proclamação da República,Fim de semana,,,,,
2025-11-16,2025,Domingo,,Fim de semana,,,,,
2025-11-17,2025,Segunda-feira,,Dia útil,,,,,
2025-11-18,2025,Terça-feira,,Dia útil,,,,,
2025-11-19,2025,Quarta-feira,,Dia útil,,,,,
2025-11-20,2025,Quinta-feira,Dia da consciência negra,Feriado Nacional,,,,,
2025-11-21,2025,Sexta-feira,,Dia útil,,,,,
2025-11-22,2025,Sábado,,Fim de semana,,,,,
2025-11-23,2025,Domingo,,Fim de semana,,,,,
2025-11-24,2025,Segunda-feira,,Dia útil,,,,,
2025-11-25,2025,Terça-feira,,Dia útil,,,,,
2025-11-26,2025,Quarta-feira,,Dia útil,,,,,
2025-11-27,2025,Quinta-feira,,Dia útil,,,,,
2025-11-28,2025,Sexta-feira,,Dia útil,,,,,
2025-11-29,2025,Sábado,,Fim de semana,,,,,
2025-11-30,2025,Domingo,,Fim de semana,,,,,
2025-12-01,2025,Segunda-feira,,Dia útil,,,,,
2025-12-02,2025,Terça-feira,,Dia útil,,,,,
2025-12-03,2025,Quarta-feira,,Dia útil,,,,,
2025-12-04,2025,Quinta-feira,,Dia útil,,,,,
2025-12-05,2025,Sexta-feira,,Dia útil,,,,,
2025-12-06,2025,Sábado,,Fim de semana,,,,,
2025-12-07,2025,Domingo,,Fim de semana,,,,,
2025-12-08,2025,Segunda-feira,,Dia útil,,,,,
2025-12-09,2025,Terça-feira,,Dia útil,,,,,
2025-12-10,2025,Quarta-feira,,Dia útil,,,,,
2025-12-11,2025,Quinta-feira,,Dia útil,,,,,
2025-12-12,2025,Sexta-feira,,Dia útil,,,,,
2025-12-13,2025,Sábado,,Fim de semana,,,,,
2025-12-14,2025,Domingo,,Fim de semana,,,,,
2025-12-15,2025,Segunda-feira,,Dia útil,,,,,
2025-12-16,2025,Terça-feira,,Dia útil,,,,,
2025-12-17,2025,Quarta-feira,,Dia útil,,,,,
2025-12-18,2025,Quinta-feira,,Dia útil,,,,,
2025-12-19,2025,Sexta-feira,,Dia útil,,,,,
2025-12-20,2025,Sábado,,Fim de semana,,,,,
2025-12-21,2025,Domingo,,Fim de semana,,,,,
2025-12-22,2025,Segunda-feira,,Dia útil,,,,,
2025-12-23,2025,Terça-feira,,Dia útil,,,,,
2025-12-24,2025,Quarta-feira,,Dia útil,,,,,
2025-12-25,2025,Quinta-feira,Natal,Feriado Nacional,,,,,
2025-12-26,2025,Sexta-feira,,Dia útil,,,,,
2025-12-27,2025,Sábado,,Fim de semana,,,,,
2025-12-28,2025,Domingo,,Fim de semana,,,,,
2025-12-29,2025,Segunda-feira,,Dia útil,,,,,
2025-12-30,2025,Terça-feira,,Dia útil,,,,,
2025-12-31,2025,Quarta-feira,,Dia útil,,,,,
2026-01-01,2026,Quinta-feira,Confraternização mundial,Feriado Nacional,,,,,
2026-01-02,2026,Sexta-feira,,Dia útil,,,,,
2026-01-03,2026,Sábado,,Fim de semana,,,,,
2026-01-04,2026,Domingo,,Fim de semana,,,,,
2026-01-05,2026,Segunda-feira,,Dia útil,,,,,
2026-01-06,2026,Terça-feira,,Dia útil,,,,,
2026-01-07,2026,Quarta-feira,,Dia útil,,,,,
2026-01-08,2026,Quinta-feira,,Dia útil,,,,,
2026-01-09,2026,Sexta-feira,,Dia útil,,,,,
2026-01-10,2026,Sábado,,Fim de semana,,,,,
2026-01-11,2026,Domingo,,Fim de semana,,,,,
2026-01-12,2026,Segunda-feira,,Dia útil,,,,,
2026-01-13,2026,Terça-feira,,Dia útil,,,,,
2026-01-14,2026,Quarta-feira,,Dia útil,,,,,
2026-01-15,2026,Quinta-feira,,Dia útil,,,,,
2026-01-16,2026,Sexta-feira,,Dia útil,,,,,
2026-01-17,2026,Sábado,,Fim de semana,,,,,
2026-01-18,2026,Domingo,,Fim de semana,,,,,
2026-01-19,2026,Segunda-feira,,Dia útil,,,,,
2026-01-20,2026,Terça-feira,,Dia útil,,,,,
2026-01-21,2026,Quarta-feira,,Dia útil,,,,,
2026-01-22,2026,Quinta-feira,,Dia útil,,,,,
2026-01-23,2026,Sexta-feira,,Dia útil,,,,,
2026-01-24,2026,Sábado,,Fim de semana,,,,,
2026-01-25,2026,Domingo,Aniversário de São Paulo,Fim de semana,,,,,
2026-01-26,2026,Segunda-feira,,Dia útil,,,,,
2026-01-27,2026,Terça-feira,,Dia útil,,,,,
2026-01-28,2026,Quarta-feira,,Dia útil,,,,,
2026-01-29,2026,Quinta-feira,,Dia útil,,,,,
2026-01-30,2026,Sexta-feira,,Dia útil,,,,,
2026-01-31,2026,Sábado,,Fim de semana,,,,,
2026-02-01,2026,Domingo,,Fim de semana,,,,,
2026-02-02,2026,Segunda-feira,,Dia útil,,,,,
2026-02-03,2026,Terça-feira,,Dia útil,,,,,
2026-02-04,2026,Quarta-feira,,Dia útil,,,,,
2026-02-05,2026,Quinta-feira,,Dia útil,,,,,
2026-02-06,2026,Sexta-feira,,Dia útil,,,,,
2026-02-07,2026,Sábado,,Fim de semana,,,,,
2026-02-08,2026,Domingo,,Fim de semana,,,,,
2026-02-09,2026,Segunda-feira,,Dia útil,,,,,
2026-02-10,2026,Terça-feira,,Dia útil,,,,,
2026-02-11,2026,Quarta-feira,,Dia útil,,,,,
2026-02-12,2026,Quinta-feira,,Dia útil,,,,,
2026-02-13,2026,Sexta-feira,,Dia útil,,,,,
2026-02-14,2026,Sábado,,Fim de semana,,,,,
2026-02-15,2026,Domingo,,Fim de semana,,,,,
2026-02-16,2026,Segunda-feira,,Dia útil,,,,,
2026-02-17,2026,Terça-feira,Carnaval,Feriado Nacional,,,,,
2026-02-18,2026,Quarta-feira,,Dia útil,,,,,
2026-02-19,2026,Quinta-feira,,Dia útil,,,,,
2026-02-20,2026,Sexta-feira,,Dia útil,,,,,
2026-02-21,2026,Sábado,,Fim de semana,,,,,
2026-02-22,2026,Domingo,,Fim de semana,,,,,
2026-02-23,2026,Segunda-feira,,Dia útil,,,,,
2026-02-24,2026,Terça-feira,,Dia útil,,,,,
2026-02-25,2026,Quarta-feira,,Dia útil,,,,,
2026-02-26,2026,Quinta-feira,,Dia útil,,,,,
2026-02-27,2026,Sexta-feira,,Dia útil,,,,,
2026-02-28,2026,Sábado,,Fim de semana,,,,,
2026-03-01,2026,Domingo,,Fim de semana,,,,,
2026-03-02,2026,Segunda-feira,,Dia útil,,,,,
2026-03-03,2026,Terça-feira,,Dia útil,,,,,
2026-03-04,2026,Quarta-feira,,Dia útil,,,,,
2026-03-05,2026,Quinta-feira,,Dia útil,,,,,
2026-03-06,2026,Sexta-feira,,Dia útil,,,,,
2026-03-07,2026,Sábado,,Fim de semana,,,,,
2026-03-08,2026,Domingo,,Fim de semana,,,,,
2026-03-09,2026,Segunda-feira,,Dia útil,,,,,
2026-03-10,2026,Terça-feira,,Dia útil,,,,,
2026-03-11,2026,Quarta-feira,,Dia útil,,,,,
2026-03-12,2026,Quinta-feira,,Dia útil,,,,,
2026-03-13,2026,Sexta-feira,,Dia útil,,,,,
2026-03-14,2026,Sábado,,Fim de semana,,,,,
2026-03-15,2026,Domingo,,Fim de semana,,,,,
2026-03-16,2026,Segunda-feira,,Dia útil,,,,,
2026-03-17,2026,Terça-feira,,Dia útil,,,,,
2026-03-18,2026,Quarta-feira,,Dia útil,,,,,
2026-03-19,2026,Quinta-feira,,Dia útil,,,,,
2026-03-20,2026,Sexta-feira,,Dia útil,,,,,
2026-03-21,2026,Sábado,,Fim de semana,,,,,
2026-03-22,2026,Domingo,,Fim de semana,,,,,
2026-03-23,2026,Segunda-feira,,Dia útil,,,,,
2026-03-24,2026,Terça-feira,,Dia útil,,,,,
2026-03-25,2026,Quarta-feira,,Dia útil,,,,,
2026-03-26,2026,Quinta-feira,,Dia útil,,,,,
2026-03-27,2026,Sexta-feira,,Dia útil,,,,,
2026-03-28,2026,Sábado,,Fim de semana,,,,,
2026-03-29,2026,Domingo,,Fim de semana,,,,,
2026-03-30,2026,Segunda-feira,,Dia útil,,,,,
2026-03-31,2026,Terça-feira,,Dia útil,,,,,
2026-04-01,2026,Quarta-feira,,Dia útil,,,,,
2026-04-02,2026,Quinta-feira,,Dia útil,,,,,
2026-04-03,2026,Sexta-feira,Sexta-feira Santa,Feriado Nacional,,,,,
2026-04-04,2026,Sábado,,Fim de semana,,,,,
2026-04-05,2026,Domingo,Páscoa,Fim de semana,,,,,
2026-04-06,2026,Segunda-feira,,Dia útil,,,,,
2026-04-07,2026,Terça-feira,,Dia útil,,,,,
2026-04-08,2026,Quarta-feira,,Dia útil,,,,,
2026-04-09,2026,Quinta-feira,,Dia útil,,,,,
2026-04-10,2026,Sexta-feira,,Dia útil,,,,,
2026-04-11,2026,Sábado,,Fim de semana,,,,,
2026-04-12,2026,Domingo,,Fim de semana,,,,,
2026-04-13,2026,Segunda-feira,,Dia útil,,,,,
2026-04-14,2026,Terça-feira,,Dia útil,,,,,
2026-04-15,2026,Quarta-feira,,Dia útil,,,,,
2026-04-16,2026,Quinta-feira,,Dia útil,,,,,
2026-04-17,2026,Sexta-feira,,Dia útil,,,,,
2026-04-18,2026,Sábado,,Fim de semana,,,,,
2026-04-19,2026,Domingo,,Fim de semana,,,,,
2026-04-20,2026,Segunda-feira,,Dia útil,,,,,
2026-04-21,2026,Terça-feira,Tiradentes,Feriado Nacional,,,,,
2026-04-22,2026,Quarta-feira,,Dia útil,,,,,
2026-04-23,2026,Quinta-feira,,Dia útil,,,,,
2026-04-24,2026,Sexta-feira,,Dia útil,,,,,
2026-04-25,2026,Sábado,,Fim de semana,,,,,
2026-04-26,2026,Domingo,,Fim de semana,,,,,
2026-04-27,2026,Segunda-feira,,Dia útil,,,,,
2026-04-28,2026,Terça-feira,,Dia útil,,,,,
2026-04-29,2026,Quarta-feira,,Dia útil,,,,,
2026-04-30,2026,Quinta-feira,,Dia útil,,,,,
2026-05-01,2026,Sexta-feira,Dia do trabalho,Feriado Nacional,,,,,
2026-05-02,2026,Sábado,,Fim de semana,,,,,
2026-05-03,2026,Domingo,,Fim de semana,,,,,
2026-05-04,2026,Segunda-feira,,Dia útil,,,,,
2026-05-05,2026,Terça-feira,,Dia útil,,,,,
2026-05-06,2026,Quarta-feira,,Dia útil,,,,,
2026-05-07,2026,Quinta-feira,,Dia útil,,,,,
2026-05-08,2026,Sexta-feira,,Dia útil,,,,,
2026-05-09,2026,Sábado,,Fim de semana,,,,,
2026-05-10,2026,Domingo,,Fim de semana,,,,,
2026-05-11,2026,Segunda-feira,,Dia útil,,,,,
2026-05-12,2026,Terça-feira,,Dia útil,,,,,
2026-05-13,2026,Quarta-feira,,Dia útil,,,,,
2026-05-14,2026,Quinta-feira,,Dia útil,,,,,
2026-05-15,2026,Sexta-feira,,Dia útil,,,,,
2026-05-16,2026,Sábado,,Fim de semana,,,,,
2026-05-17,2026,Domingo,,Fim de semana,,,,,
2026-05-18,2026,Segunda-feira,,Dia útil,,,,,
2026-05-19,2026,Terça-feira,,Dia útil,,,,,
2026-05-20,2026,Quarta-feira,,Dia útil,,,,,
2026-05-21,2026,Quinta-feira,,Dia útil,,,,,
2026-05-22,2026,Sexta-feira,,Dia útil,,,,,
2026-05-23,2026,Sábado,,Fim de semana,,,,,
2026-05-24,2026,Domingo,,Fim de semana,,,,,
2026-05-25,2026,Segunda-feira,,Dia útil,,,,,
2026-05-26,2026,Terça-feira,,Dia útil,,,,,
2026-05-27,2026,Quarta-feira,,Dia útil,,,,,
2026-05-28,2026,Quinta-feira,,Dia útil,,,,,
2026-05-29,2026,Sexta-feira,,Dia útil,,,,,
2026-05-30,2026,Sábado,,Fim de semana,,,,,
2026-05-31,2026,Domingo,,Fim de semana,,,,,
2026-06-01,2026,Segunda-feira,,Dia útil,,,,,
2026-06-02,2026,Terça-feira,,Dia útil,,,,,
2026-06-03,2026,Quarta-feira,,Dia útil,,,,,
2026-06-04,2026,Quinta-feira,Corpus Christi,Feriado Nacional,,,,,
2026-06-05,2026,Sexta-feira,,Dia útil,,,,,
2026-06-06,2026,Sábado,,Fim de semana,,,,,
2026-06-07,2026,Domingo,,Fim de semana,,,,,
2026-06-08,2026,Segunda-feira,,Dia útil,,,,,
2026-06-09,2026,Terça-feira,,Dia útil,,,,,
2026-06-10,2026,Quarta-feira,,Dia útil,,,,,
2026-06-11,2026,Quinta-feira,,Dia útil,,,,,
2026-06-12,2026,Sexta-feira,,Dia útil,,,,,
2026-06-13,2026,Sábado,,Fim de semana,,,,,
2026-06-14,2026,Domingo,,Fim de semana,,,,,
2026-06-15,2026,Segunda-feira,,Dia útil,,,,,
2026-06-16,2026,Terça-feira,,Dia útil,,,,,
2026-06-17,2026,Quarta-feira,,Dia útil,,,,,
2026-06-18,2026,Quinta-feira,,Dia útil,,,,,
2026-06-19,2026,Sexta-feira,,Dia útil,,,,,
2026-06-20,2026,Sábado,,Fim de semana,,,,,
2026-06-21,2026,Domingo,,Fim de semana,,,,,
2026-06-22,2026,Segunda-feira,,Dia útil,,,,,
2026-06-23,2026,Terça-feira,,Dia útil,,,,,
2026-06-24,2026,Quarta-feira,,Dia útil,,,,,
2026-06-25,2026,Quinta-feira,,Dia útil,,,,,
2026-06-26,2026,Sexta-feira,,Dia útil,,,,,
2026-06-27,2026,Sábado,,Fim de semana,,,,,
2026-06-28,2026,Domingo,,Fim de semana,,,,,
2026-06-29,2026,Segunda-feira,,Dia útil,,,,,
2026-06-30,2026,Terça-feira,,Dia útil,,,,,
2026-07-01,2026,Quarta-feira,,Dia útil,,,,,
2026-07-02,2026,Quinta-feira,,Dia útil,,,,,
2026-07-03,2026,Sexta-feira,,Dia útil,,,,,
2026-07-04,2026,Sábado,,Fim de semana,,,,,
2026-07-05,2026,Domingo,,Fim de semana,,,,,
2026-07-06,2026,Segunda-feira,,Dia útil,,,,,
2026-07-07,2026,Terça-feira,,Dia útil,,,,,
2026-07-08,2026,Quarta-feira,,Dia útil,,,,,
2026-07-09,2026,Quinta-feira,,Dia útil,,,,,
2026-07-10,2026,Sexta-feira,,Dia útil,,,,,
2026-07-11,2026,Sábado,,Fim de semana,,,,,
2026-07-12,2026,Domingo,,Fim de semana,,,,,
2026-07-13,2026,Segunda-feira,,Dia útil,,,,,
2026-07-14,2026,Terça-feira,,Dia útil,,,,,
2026-07-15,2026,Quarta-feira,,Dia útil,,,,,
2026-07-16,2026,Quinta-feira,,Dia útil,,,,,
2026-07-17,2026,Sexta-feira,,Dia útil,,,,,
2026-07-18,2026,Sábado,,Fim de semana,,,,,
2026-07-19,2026,Domingo,,Fim de semana,,,,,
2026-07-20,2026,Segunda-feira,,Dia útil,,,,,
2026-07-21,2026,Terça-feira,,Dia útil,,,,,
2026-07-22,2026,Quarta-feira,,Dia útil,,,,,
2026-07-23,2026,Quinta-feira,,Dia útil,,,,,
2026-07-24,2026,Sexta-feira,,Dia útil,,,,,
2026-07-25,2026,Sábado,,Fim de semana,,,,,
2026-07-26,2026,Domingo,,Fim de semana,,,,,
2026-07-27,2026,Segunda-feira,,Dia útil,,,,,
2026-07-28,2026,Terça-feira,,Dia útil,,,,,
2026-07-29,2026,Quarta-feira,,Dia útil,,,,,
2026-07-30,2026,Quinta-feira,,Dia útil,,,,,
2026-07-31,2026,Sexta-feira,,Dia útil,,,,,
2026-08-01,2026,Sábado,,Fim de semana,,,,,
2026-08-02,2026,Domingo,,Fim de semana,,,,,
2026-08-03,2026,Segunda-feira,,Dia útil,,,,,
2026-08-04,2026,Terça-feira,,Dia útil,,,,,
2026-08-05,2026,Quarta-feira,,Dia útil,,,,,
2026-08-06,2026,Quinta-feira,,Dia útil,,,,,
2026-08-07,2026,Sexta-feira,,Dia útil,,,,,
2026-08-08,2026,Sábado,,Fim de semana,,,,,
2026-08-09,2026,Domingo,,Fim de semana,,,,,
2026-08-10,2026,Segunda-feira,,Dia útil,,,,,
2026-08-11,2026,Terça-feira,,Dia útil,,,,,
2026-08-12,2026,Quarta-feira,,Dia útil,,,,,
2026-08-13,2026,Quinta-feira,,Dia útil,,,,,
2026-08-14,2026,Sexta-feira,,Dia útil,,,,,
2026-08-15,2026,Sábado,,Fim de semana,,,,,
2026-08-16,2026,Domingo,,Fim de semana,,,,,
2026-08-17,2026,Segunda-feira,,Dia útil,,,,,
2026-08-18,2026,Terça-feira,,Dia útil,,,,,
2026-08-19,2026,Quarta-feira,,Dia útil,,,,,
2026-08-20,2026,Quinta-feira,,Dia útil,,,,,
2026-08-21,2026,Sexta-feira,,Dia útil,,,,,
2026-08-22,2026,Sábado,,Fim de semana,,,,,
2026-08-23,2026,Domingo,,Fim de semana,,,,,
2026-08-24,2026,Segunda-feira,,Dia útil,,,,,
2026-08-25,2026,Terça-feira,,Dia útil,,,,,
2026-08-26,2026,Quarta-feira,,Dia útil,,,,,
2026-08-27,2026,Quinta-feira,,Dia útil,,,,,
2026-08-28,2026,Sexta-feira,,Dia útil,,,,,
2026-08-29,2026,Sábado,,Fim de semana,,,,,
2026-08-30,2026,Domingo,,Fim de semana,,,,,
2026-08-31,2026,Segunda-feira,,Dia útil,,,,,
2026-09-01,2026,Terça-feira,,Dia útil,,,,,
2026-09-02,2026,Quarta-feira,,Dia útil,,,,,
2026-09-03,2026,Quinta-feira,,Dia útil,,,,,
2026-09-04,2026,Sexta-feira,,Dia útil,,,,,
2026-09-05,2026,Sábado,,Fim de semana,,,,,
2026-09-06,2026,Domingo,,Fim de semana,,,,,
2026-09-07,2026,Segunda-feira,Independência do Brasil,Feriado Nacional,,,,,
2026-09-07,2026,Segunda-feira,Revolução Constitucionalista,Feriado Estadual,,,,,
2026-09-08,2026,Terça-feira,,Dia útil,,,,,
2026-09-09,2026,Quarta-feira,,Dia útil,,,,,
2026-09-10,2026,Quinta-feira,,Dia útil,,,,,
2026-09-11,2026,Sexta-feira,,Dia útil,,,,,
2026-09-12,2026,Sábado,,Fim de semana,,,,,
2026-09-13,2026,Domingo,,Fim de semana,,,,,
2026-09-14,2026,Segunda-feira,,Dia útil,,,,,
2026-09-15,2026,Terça-feira,,Dia útil,,,,,
2026-09-16,2026,Quarta-feira,,Dia útil,,,,,
2026-09-17,2026,Quinta-feira,,Dia útil,,,,,
2026-09-18,2026,Sexta-feira,,Dia útil,,,,,
2026-09-19,2026,Sábado,,Fim de semana,,,,,
2026-09-20,2026,Domingo,,Fim de semana,,,,,
2026-09-21,2026,Segunda-feira,,Dia útil,,,,,
2026-09-22,2026,Terça-feira,,Dia útil,,,,,
2026-09-23,2026,Quarta-feira,,Dia útil,,,,,
2026-09-24,2026,Quinta-feira,,Dia útil,,,,,
2026-09-25,2026,Sexta-feira,,Dia útil,,,,,
2026-09-26,2026,Sábado,,Fim de semana,,,,,
2026-09-27,2026,Domingo,,Fim de semana,,,,,
2026-09-28,2026,Segunda-feira,,Dia útil,,,,,
2026-09-29,2026,Terça-feira,,Dia útil,,,,,
2026-09-30,2026,Quarta-feira,,Dia útil,,,,,
2026-10-01,2026,Quinta-feira,,Dia útil,,,,,
2026-10-02,2026,Sexta-feira,,Dia útil,,,,,
2026-10-03,2026,Sábado,,Fim de semana,,,,,
2026-10-04,2026,Domingo,,Fim de semana,,,,,
2026-10-05,2026,Segunda-feira,,Dia útil,,,,,
2026-10-06,2026,Terça-feira,,Dia útil,,,,,
2026-10-07,2026,Quarta-feira,,Dia útil,,,,,
2026-10-08,2026,Quinta-feira,,Dia útil,,,,,
2026-10-09,2026,Sexta-feira,,Dia útil,,,,,
2026-10-10,2026,Sábado,,Fim de semana,,,,,
2026-10-11,2026,Domingo,,Fim de semana,,,,,
2026-10-12,2026,Segunda-feira,Nossa Senhora Aparecida,Feriado Nacional,,,,,
2026-10-13,2026,Terça-feira,,Dia útil,,,,,
2026-10-14,2026,Quarta-feira,,Dia útil,,,,,
2026-10-15,2026,Quinta-feira,,Dia útil,,,,,
2026-10-16,2026,Sexta-feira,,Dia útil,,,,,
2026-10-17,2026,Sábado,,Fim de semana,,,,,
2026-10-18,2026,Domingo,,Fim de semana,,,,,
2026-10-19,2026,Segunda-feira,,Dia útil,,,,,
2026-10-20,2026,Terça-feira,,Dia útil,,,,,
2026-10-21,2026,Quarta-feira,,Dia útil,,,,,
2026-10-22,2026,Quinta-feira,,Dia útil,,,,,
2026-10-23,2026,Sexta-feira,,Dia útil,,,,,
2026-10-24,2026,Sábado,,Fim de semana,,,,,
2026-10-25,2026,Domingo,,Fim de semana,,,,,
2026-10-26,2026,Segunda-feira,,Dia útil,,,,,
2026-10-27,2026,Terça-feira,,Dia útil,,,,,
2026-10-28,2026,Quarta-feira,,Dia útil,,,,,
2026-10-29,2026,Quinta-feira,,Dia útil,,,,,
2026-10-30,2026,Sexta-feira,,Dia útil,,,,,
2026-10-31,2026,Sábado,,Fim de semana,,,,,
2026-11-01,2026,Domingo,,Fim de semana,,,,,
2026-11-02,2026,Segunda-feira,Finados,Feriado Nacional,,,,,
2026-11-03,2026,Terça-feira,,Dia útil,,,,,
2026-11-04,2026,Quarta-feira,,Dia útil,,,,,
2026-11-05,2026,Quinta-feira,,Dia útil,,,,,
2026-11-06,2026,Sexta-feira,,Dia útil,,,,,
2026-11-07,2026,Sábado,,Fim de semana,,,,,
2026-11-08,2026,Domingo,,Fim de semana,,,,,
2026-11-09,2026,Segunda-feira,,Dia útil,,,,,
2026-11-10,2026,Terça-feira,,Dia útil,,,,,
2026-11-11,2026,Quarta-feira,,Dia útil,,,,,
2026-11-12,2026,Quinta-feira,,Dia útil,,,,,
2026-11-13,2026,Sexta-feira,,Dia útil,,,,,
2026-11-14,2026,Sábado,,Fim de semana,,,,,
2026-11-15,2026,Domingo,Proclamação da República,Fim de semana,,,,,
2026-11-16,2026,Segunda-feira,,Dia útil,,,,,
2026-11-17,2026,Terça-feira,,Dia útil,,,,,
2026-11-18,2026,Quarta-feira,,Dia útil,,,,,
2026-11-19,2026,Quinta-feira,,Dia útil,,,,,
2026-11-20,2026,Sexta-feira,Dia da consciência negra,Feriado Nacional,,,,,
2026-11-21,2026,Sábado,,Fim de semana,,,,,
2026-11-22,2026,Domingo,,Fim de semana,,,,,
2026-11-23,2026,Segunda-feira,,Dia útil,,,,,
2026-11-24,2026,Terça-feira,,Dia útil,,,,,
2026-11-25,2026,Quarta-feira,,Dia útil,,,,,
2026-11-26,2026,Quinta-feira,,Dia útil,,,,,
2026-11-27,2026,Sexta-feira,,Dia útil,,,,,
2026-11-28,2026,Sábado,,Fim de semana,,,,,
2026-11-29,2026,Domingo,,Fim de semana,,,,,
2026-11-30,2026,Segunda-feira,,Dia útil,,,,,
2026-12-01,2026,Terça-feira,,Dia útil,,,,,
2026-12-02,2026,Quarta-feira,,Dia útil,,,,,
2026-12-03,2026,Quinta-feira,,Dia útil,,,,,
2026-12-04,2026,Sexta-feira,,Dia útil,,,,,
2026-12-05,2026,Sábado,,Fim de semana,,,,,
2026-12-06,2026,Domingo,,Fim de semana,,,,,
2026-12-07,2026,Segunda-feira,,Dia útil,,,,,
2026-12-08,2026,Terça-feira,,Dia útil,,,,,
2026-12-09,2026,Quarta-feira,,Dia útil,,,,,
2026-12-10,2026,Quinta-feira,,Dia útil,,,,,
2026-12-11,2026,Sexta-feira,,Dia útil,,,,,
2026-12-12,2026,Sábado,,Fim de semana,,,,,
2026-12-13,2026,Domingo,,Fim de semana,,,,,
2026-12-14,2026,Segunda-feira,,Dia útil,,,,,
2026-12-15,2026,Terça-feira,,Dia útil,,,,,
2026-12-16,2026,Quarta-feira,,Dia útil,,,,,
2026-12-17,2026,Quinta-feira,,Dia útil,,,,,
2026-12-18,2026,Sexta-feira,,Dia útil,,,,,
2026-12-19,2026,Sábado,,Fim de semana,,,,,
2026-12-20,2026,Domingo,,Fim de semana,,,,,
2026-12-21,2026,Segunda-feira,,Dia útil,,,,,
2026-12-22,2026,Terça-feira,,Dia útil,,,,,
2026-12-23,2026,Quarta-feira,,Dia útil,,,,,
2026-12-24,2026,Quinta-feira,,Dia útil,,,,,
2026-12-25,2026,Sexta-feira,Natal,Feriado Nacional,,,,,
2026-12-26,2026,Sábado,,Fim de semana,,,,,
2026-12-27,2026,Domingo,,Fim de semana,,,,,
2026-12-28,2026,Segunda-feira,,Dia útil,,,,,
2026-12-29,2026,Terça-feira,,Dia útil,,,,,
2026-12-30,2026,Quarta-feira,,Dia útil,,,,,
2026-12-31,2026,Quinta-feira,,Dia útil,,,,,
