artista,data,ano,local,cidade,estado
Pitty,2021-01-15,2021,Private Venue,São Paulo,São Paulo
Nirvana Experience (ex-Hormoaning),2021-01-16,2021,Relicário Rock Bar,São Paulo,São Paulo
Ivete Sangalo,2021-02-03,2021,Conversa com Bial,São Paulo,São Paulo
Pitty,2021-02-05,2021,Private Venue,São Paulo,São Paulo
Pabllo Vittar,2021-02-06,2021,Altas Horas,São Paulo,São Paulo
Pabllo Vittar,2021-02-12,2021,Domingão do Faustão,São Paulo,São Paulo
Pitty,2021-02-19,2021,Private Venue,São Paulo,São Paulo
Nirvana Experience (ex-Hormoaning),2021-02-20,2021,Santa Breja Bar,São Paulo,São Paulo
Rancore,2021-02-21,2021,Hangar 110,São Paulo,São Paulo
Nirvana Experience (ex-Hormoaning),2021-02-26,2021,Ton Ton Jazz Bar,São Paulo,São Paulo
Urias,2021-03-26,2021,Festival BixaNagô,São Paulo,São Paulo
Jerry Smith,2021-03-28,2021,Private Venue,São Paulo,São Paulo
Djonga,2021-03-29,2021,,São Paulo,São Paulo
Gabi Martins,2021-04-04,2021,The House,São Paulo,São Paulo
Rebecca,2021-04-07,2021,The Noite com Danilo Gentili,Osasco,São Paulo
Ultraje a rigor,2021-04-22,2021,The Noite com Danilo Gentili,Osasco,São Paulo
Sophia Chablau e Uma Enorme Perda de Tempo,2021-04-22,2021,Itaú Cultural,São Paulo,São Paulo
Majur,2021-04-23,2021,Private Venue,São Paulo,São Paulo
Tulipa Ruiz,2021-04-25,2021,Private Venue,São Paulo,São Paulo
Edson & Hudson,2021-04-25,2021,Private Venue,São Paulo,São Paulo
Tulipa Ruiz,2021-05-01,2021,Estúdio Brocal,São Paulo,São Paulo
Ultraje a rigor,2021-05-13,2021,The Noite com Danilo Gentili,Osasco,São Paulo
Nirvana Experience (ex-Hormoaning),2021-05-22,2021,Zelina's Garage,São Paulo,São Paulo
Melim,2021-05-23,2021,Domingo Legal,Osasco,São Paulo
POCAH,2021-05-25,2021,Altas Horas,São Paulo,São Paulo
Luísa Sonza,2021-05-25,2021,Altas Horas,São Paulo,São Paulo
Marcio Lomiranda,2021-05-27,2021,Oca,São Paulo,São Paulo
Arthur Joly,2021-05-27,2021,Oca,São Paulo,São Paulo
RHR,2021-05-27,2021,Oca,São Paulo,São Paulo
Guerrinha,2021-05-27,2021,Oca,São Paulo,São Paulo
Forró Red Light,2021-05-28,2021,Oca,São Paulo,São Paulo
Rakta,2021-05-28,2021,Oca,São Paulo,São Paulo
Gal Costa,2021-05-28,2021,Teatro Bradesco,São Paulo,São Paulo
BADSISTA,2021-05-28,2021,Oca,São Paulo,São Paulo
Ivete Sangalo,2021-05-31,2021,Mais Você,São Paulo,São Paulo
Ultraje a rigor,2021-06-04,2021,The Noite com Danilo Gentili,Osasco,São Paulo
Pabllo Vittar,2021-06-05,2021,Private Venue,São Paulo,São Paulo
Gloria Groove,2021-06-05,2021,Private Venue,São Paulo,São Paulo
Urias,2021-06-05,2021,Private Venue,São Paulo,São Paulo
Majur,2021-06-06,2021,Avenida Paulista,São Paulo,São Paulo
Gloria Groove,2021-06-06,2021,Private Venue,São Paulo,São Paulo
Pabllo Vittar,2021-06-06,2021,Private Venue,São Paulo,São Paulo
Nirvana Experience (ex-Hormoaning),2021-06-11,2021,Relicário Rock Bar,São Paulo,São Paulo
Ultraje a rigor,2021-06-11,2021,The Noite com Danilo Gentili,Osasco,São Paulo
Ultraje a rigor,2021-06-15,2021,The Noite com Danilo Gentili,Osasco,São Paulo
Kisser Clan,2021-06-19,2021,Manifesto Bar,São Paulo,São Paulo
Gloria Groove,2021-06-26,2021,Private Venue,São Paulo,São Paulo
Nirvana Experience (ex-Hormoaning),2021-07-03,2021,Alcatéia Rock Bar,São Paulo,São Paulo
Children of the Beast,2021-07-03,2021,Manifesto Bar,São Paulo,São Paulo
Ultraje a rigor,2021-07-08,2021,The Noite com Danilo Gentili,Osasco,São Paulo
Djonga,2021-07-09,2021,,São Paulo,São Paulo
Wanessa Camargo,2021-07-10,2021,Private Venue,São Paulo,São Paulo
Ultraje a rigor,2021-07-16,2021,The Noite com Danilo Gentili,Osasco,São Paulo
Jeff Scott Soto,2021-07-16,2021,Manifesto Bar,São Paulo,São Paulo
Detonator,2021-07-16,2021,The Noite com Danilo Gentili,Osasco,São Paulo
Nirvana Experience (ex-Hormoaning),2021-07-17,2021,K9 Studio,São Paulo,São Paulo
Titãs,2021-07-17,2021,Theatro Municipal de São Paulo,São Paulo,São Paulo
Jeff Scott Soto,2021-07-18,2021,Manifesto Bar,São Paulo,São Paulo
Various Artists,2021-07-23,2021,Teatro Bradesco,São Paulo,São Paulo
Dr. Sin,2021-07-24,2021,Teatro J. Safra,São Paulo,São Paulo
Urias,2021-07-24,2021,Festival Latinidades,São Paulo,São Paulo
Nirvana Experience (ex-Hormoaning),2021-07-30,2021,Altas Horas Rock Bar,São Paulo,São Paulo
Luísa Sonza,2021-08-06,2021,"Prazer, Luísa",São Paulo,São Paulo
Children of the Beast,2021-08-06,2021,Café Piu Piu,São Paulo,São Paulo
UrucumTrio,2021-08-13,2021,Picles Cardeal,São Paulo,São Paulo
Biquini,2021-08-13,2021,AudioArena Originals,São Paulo,São Paulo
Luísa Sonza,2021-08-14,2021,"Prazer, Luísa",São Paulo,São Paulo
Vitor Ramil,2021-08-15,2021,Itaú Cultural,São Paulo,São Paulo
Ultraje a rigor,2021-08-16,2021,The Noite com Danilo Gentili,Osasco,São Paulo
Ivete Sangalo,2021-08-17,2021,Private Venue,São Paulo,São Paulo
Luísa Sonza,2021-08-20,2021,Super Dança dos Famosos,São Paulo,São Paulo
Nirvana Experience (ex-Hormoaning),2021-08-20,2021,Relicário Rock Bar,São Paulo,São Paulo
Luísa Sonza,2021-08-21,2021,"Prazer, Luísa",São Paulo,São Paulo
Nirvana Experience (ex-Hormoaning),2021-08-21,2021,Mitos & Lendas Moto Clube Rock Bar,São Paulo,São Paulo
Titãs,2021-08-28,2021,,São Paulo,São Paulo
Aquiles Priester,2021-08-29,2021,Tom Brasil,São Paulo,São Paulo
Fiuk,2021-08-29,2021,Show dos Famosos,São Paulo,São Paulo
Margareth Menezes,2021-08-29,2021,Show dos Famosos,São Paulo,São Paulo
Gloria Groove,2021-08-29,2021,Show dos Famosos,São Paulo,São Paulo
Paulo Ricardo,2021-09-04,2021,Audio,São Paulo,São Paulo
Zezé Di Camargo & Luciano,2021-09-04,2021,Espaço das Américas,São Paulo,São Paulo
Nirvana Experience (ex-Hormoaning),2021-09-04,2021,Alcatéia Rock Bar,São Paulo,São Paulo
Children of the Beast,2021-09-11,2021,Manifesto Bar,São Paulo,São Paulo
Gal Costa,2021-09-11,2021,Teatro Sérgio Cardoso,São Paulo,São Paulo
Joelma,2021-09-13,2021,Programa do Ratinho,Osasco,São Paulo
Urias,2021-09-18,2021,Festival Cultural Plural,São Paulo,São Paulo
Manu Gavassi,2021-09-23,2021,Credicard Hall,São Paulo,São Paulo
Nirvana Experience (ex-Hormoaning),2021-09-25,2021,Santa Breja Bar,São Paulo,São Paulo
Joelma,2021-09-26,2021,Altas Horas,São Paulo,São Paulo
Manu Gavassi,2021-09-28,2021,Private Venue,São Paulo,São Paulo
UrucumTrio,2021-09-28,2021,Centro Cultural da Penha,São Paulo,São Paulo
Os Paralamas do Sucesso,2021-10-02,2021,Espaço das Américas,São Paulo,São Paulo
Zeca Baleiro,2021-10-02,2021,Tom Brasil,São Paulo,São Paulo
Joelma,2021-10-03,2021,Domingo Legal,Osasco,São Paulo
Ney Matogrosso,2021-10-09,2021,Espaço das Américas,São Paulo,São Paulo
Marina Sena,2021-10-09,2021,Black Princess House,São Paulo,São Paulo
Raf F. Guimarães,2021-10-10,2021,Disconcert,São Paulo,São Paulo
Raquel,2021-10-15,2021,Audio,São Paulo,São Paulo
ÀIYÉ,2021-10-15,2021,Black Princess House,São Paulo,São Paulo
Alirio Netto,2021-10-16,2021,Blue Note São Paulo,São Paulo,São Paulo
Tuyo,2021-10-16,2021,Black Princess House,São Paulo,São Paulo
Children of the Beast,2021-10-16,2021,,São Paulo,São Paulo
Hamilton de Holanda,2021-10-16,2021,SESC Pompéia,São Paulo,São Paulo
Fernando Rosa,2021-10-21,2021,Blue Note São Paulo,São Paulo,São Paulo
Fernando & Sorocaba,2021-10-22,2021,Villa Country,São Paulo,São Paulo
Carol Biazin,2021-10-22,2021,Morumbi Town Shopping,São Paulo,São Paulo
Day Limns,2021-10-22,2021,Morumbi Town Shopping,São Paulo,São Paulo
Maiara & Maraisa,2021-10-22,2021,Villa Country,São Paulo,São Paulo
Glue Trip,2021-10-23,2021,Black Princess House,São Paulo,São Paulo
Maiara & Maraisa,2021-10-23,2021,Villa Country,São Paulo,São Paulo
Decreto Lei 50,2021-10-23,2021,Galeria do Rock,São Paulo,São Paulo
Fernando & Sorocaba,2021-10-23,2021,Villa Country,São Paulo,São Paulo
Vanessa da Mata,2021-10-23,2021,Tom Brasil,São Paulo,São Paulo
Jair Naves,2021-10-28,2021,Teatro Arthur Azevedo,São Paulo,São Paulo
Joyce,2021-10-28,2021,SESC Pompéia,São Paulo,São Paulo
MC Tha,2021-10-29,2021,Teatro Gazeta,São Paulo,São Paulo
UrucumTrio,2021-10-29,2021,Cabaret da Cecília,São Paulo,São Paulo
Gal Costa,2021-10-30,2021,Teatro Bradesco,São Paulo,São Paulo
Hurtmold,2021-10-30,2021,SESC Pompéia,São Paulo,São Paulo
Crypta,2021-11-01,2021,Family Mob Studios,São Paulo,São Paulo
Rogério Skylab,2021-11-02,2021,The Noite com Danilo Gentili,Osasco,São Paulo
Gab Ferreira,2021-11-03,2021,Audio,São Paulo,São Paulo
Terno Rei,2021-11-03,2021,Audio,São Paulo,São Paulo
Terno Rei,2021-11-04,2021,Audio,São Paulo,São Paulo
Duani,2021-11-04,2021,Palácio Tangará,São Paulo,São Paulo
Luísa Sonza,2021-11-04,2021,Private Venue,São Paulo,São Paulo
Andreas Kisser,2021-11-05,2021,SESC Vila Mariana,São Paulo,São Paulo
Andreas Kisser,2021-11-06,2021,SESC Vila Mariana,São Paulo,São Paulo
Ana Carolina,2021-11-06,2021,Tom Brasil,São Paulo,São Paulo
Innabrain,2021-11-06,2021,Espaço Fim da Rua,São Paulo,São Paulo
Andreas Kisser,2021-11-07,2021,SESC Vila Mariana,São Paulo,São Paulo
João Neto & Frederico,2021-11-07,2021,Domingão com Huck,São Paulo,São Paulo
Lauana Prado,2021-11-07,2021,Domingão com Huck,São Paulo,São Paulo
Paula Fernandes,2021-11-07,2021,Domingão com Huck,São Paulo,São Paulo
Luísa Sonza,2021-11-07,2021,Domingão com Huck,São Paulo,São Paulo
Alice Caymmi,2021-11-07,2021,SESC Belenzinho,São Paulo,São Paulo
Naiara Azevedo,2021-11-07,2021,Domingão com Huck,São Paulo,São Paulo
Fabio Lione,2021-11-09,2021,Estúdio Showlivre,São Paulo,São Paulo
Zeca Pagodinho,2021-11-12,2021,Espaço das Américas,São Paulo,São Paulo
Nirvana Experience (ex-Hormoaning),2021-11-12,2021,Relicário Rock Bar,São Paulo,São Paulo
Fabio Lione,2021-11-12,2021,Espaço Som,São Paulo,São Paulo
Spektra,2021-11-12,2021,Manifesto Bar,São Paulo,São Paulo
Decreto Lei 50,2021-11-13,2021,Espaço Som,São Paulo,São Paulo
Mombojó,2021-11-13,2021,SESC Pinheiros,São Paulo,São Paulo
Luiza Lian,2021-11-13,2021,SESC Vila Mariana,São Paulo,São Paulo
Raf F. Guimarães,2021-11-13,2021,Sebo Clepsidra,São Paulo,São Paulo
Vanguart,2021-11-13,2021,SESC Santana,São Paulo,São Paulo
Sophia Chablau e Uma Enorme Perda de Tempo,2021-11-14,2021,Teatro SESC 24 de Maio,São Paulo,São Paulo
Capital Inicial,2021-11-14,2021,Autódromo de Interlagos,São Paulo,São Paulo
Raf F. Guimarães,2021-11-14,2021,tinybar downtown,São Paulo,São Paulo
Mateus Aleluia,2021-11-14,2021,SESC Pinheiros,São Paulo,São Paulo
Crypta,2021-11-16,2021,Espaço Som,São Paulo,São Paulo
Jão,2021-11-17,2021,Private Venue,São Paulo,São Paulo
Now United,2021-11-18,2021,Domingão com Huck,São Paulo,São Paulo
Fabio Lione,2021-11-19,2021,Tom Brasil,São Paulo,São Paulo
Céu,2021-11-19,2021,Studio SP,São Paulo,São Paulo
Alirio Netto,2021-11-19,2021,Tom Brasil,São Paulo,São Paulo
Ratos de Porão,2021-11-19,2021,La Iglesia Borratxeria,São Paulo,São Paulo
Rico Dalasam,2021-11-19,2021,Centro de Culturas Negras do Jabaquara,São Paulo,São Paulo
Os Amantes,2021-11-19,2021,Teatro Gazeta,São Paulo,São Paulo
Thaíde,2021-11-20,2021,SESC Bom Retiro,São Paulo,São Paulo
Titãs,2021-11-20,2021,Arena Anhembi,São Paulo,São Paulo
Tuyo,2021-11-25,2021,Studio SP,São Paulo,São Paulo
Cat Dealers,2021-11-26,2021,São Paulo Oktoberfest,São Paulo,São Paulo
Ratos de Porão,2021-11-26,2021,La Iglesia Borratxeria,São Paulo,São Paulo
Edgar,2021-11-27,2021,Cine Joia,São Paulo,São Paulo
Psirico,2021-11-27,2021,Domingão com Huck,São Paulo,São Paulo
Biquini,2021-11-27,2021,Espaço Leste,São Paulo,São Paulo
UrucumTrio,2021-11-27,2021,Estúdio Gelatina Trêmula,São Paulo,São Paulo
Boogarins,2021-11-27,2021,Cine Joia,São Paulo,São Paulo
Jammil,2021-11-27,2021,Pavilhão do Transamerica Expo Center,São Paulo,São Paulo
Espacialrias,2021-11-27,2021,Estúdio Gelatina Trêmula,São Paulo,São Paulo
Children of the Beast,2021-11-27,2021,Manifesto Bar,São Paulo,São Paulo
Luísa Sonza,2021-11-27,2021,Domingão com Huck,São Paulo,São Paulo
Claudia Leitte,2021-11-27,2021,Estacionamento Espaço das Américas,São Paulo,São Paulo
Pabllo Vittar,2021-11-27,2021,Domingão com Huck,São Paulo,São Paulo
Gustavo Mioto,2021-11-27,2021,Pavilhão do Transamerica Expo Center,São Paulo,São Paulo
Scalene,2021-11-28,2021,Black Princess House,São Paulo,São Paulo
Vitor Fernandes,2021-12-02,2021,Centro de Tradições Nordestinas,São Paulo,São Paulo
Carol Biazin,2021-12-02,2021,Cine Joia,São Paulo,São Paulo
Tarcísio do Acordeon,2021-12-02,2021,Centro de Tradições Nordestinas,São Paulo,São Paulo
João Gomes,2021-12-02,2021,Centro de Tradições Nordestinas,São Paulo,São Paulo
Vitor Fernandes,2021-12-03,2021,Centro de Tradições Nordestinas,São Paulo,São Paulo
João Gomes,2021-12-03,2021,Centro de Tradições Nordestinas,São Paulo,São Paulo
Tarcísio do Acordeon,2021-12-03,2021,Centro de Tradições Nordestinas,São Paulo,São Paulo
Ratos de Porão,2021-12-03,2021,La Iglesia Borratxeria,São Paulo,São Paulo
Marcos Valle,2021-12-03,2021,SESC Pompéia,São Paulo,São Paulo
Zé Neto & Cristiano,2021-12-04,2021,Arena Anhembi,São Paulo,São Paulo
Alexandre Pires & Seu Jorge,2021-12-04,2021,Allianz Parque,São Paulo,São Paulo
João Gomes,2021-12-04,2021,Arena Anhembi,São Paulo,São Paulo
Marcos Valle,2021-12-04,2021,SESC Pompéia,São Paulo,São Paulo
Menores Atos,2021-12-04,2021,Fabrique Club,São Paulo,São Paulo
Ratos de Porão,2021-12-04,2021,La Iglesia Borratxeria,São Paulo,São Paulo
Johnny Hooker,2021-12-04,2021,Cine Joia,São Paulo,São Paulo
Léo Santana,2021-12-04,2021,Arena Anhembi,São Paulo,São Paulo
Wesley Safadão,2021-12-04,2021,Arena Anhembi,São Paulo,São Paulo
Anna Vis,2021-12-05,2021,Galpão Cru,São Paulo,São Paulo
Supercombo,2021-12-05,2021,Private Venue,São Paulo,São Paulo
Decreto Lei 50,2021-12-05,2021,Shopping Cidade São Paulo,São Paulo,São Paulo
Darvin,2021-12-05,2021,Carioca Club,São Paulo,São Paulo
Hateen,2021-12-05,2021,Carioca Club,São Paulo,São Paulo
Johnny Hooker,2021-12-09,2021,Teatro Bradesco,São Paulo,São Paulo
Children of the Beast,2021-12-10,2021,Casa Amarela Pub,Osasco,São Paulo
Anitta,2021-12-10,2021,Domingão com Huck,São Paulo,São Paulo
Letrux,2021-12-10,2021,SESC Pompéia,São Paulo,São Paulo
Fabio Lione,2021-12-10,2021,The Noite com Danilo Gentili,Osasco,São Paulo
Yunk Vino,2021-12-10,2021,Audio,São Paulo,São Paulo
Ivete Sangalo,2021-12-10,2021,Espaço das Américas,São Paulo,São Paulo
Recayd Mob,2021-12-10,2021,Audio,São Paulo,São Paulo
Veigh,2021-12-10,2021,Audio,São Paulo,São Paulo
Anitta,2021-12-10,2021,Private Venue,São Paulo,São Paulo
PEDRO SAMPAIO,2021-12-10,2021,Domingão com Huck,São Paulo,São Paulo
Marina Sena,2021-12-11,2021,Superlounge,São Paulo,São Paulo
Ratos de Porão,2021-12-11,2021,La Iglesia Borratxeria,São Paulo,São Paulo
Decreto Lei 50,2021-12-11,2021,Cervejazul Music Club,São Paulo,São Paulo
Manu Gavassi,2021-12-11,2021,Private Venue,São Paulo,São Paulo
BRAZA,2021-12-11,2021,Espaço Leste,São Paulo,São Paulo
UrucumTrio,2021-12-11,2021,Brigada Cultural,São Paulo,São Paulo
Nirvana Experience (ex-Hormoaning),2021-12-11,2021,Komb Bar ZL,São Paulo,São Paulo
Versus belli,2021-12-12,2021,Komb Bar ZL,São Paulo,São Paulo
Gloria,2021-12-12,2021,Carioca Club,São Paulo,São Paulo
Danny Bond,2021-12-12,2021,Audio,São Paulo,São Paulo
Letrux,2021-12-12,2021,SESC Pompéia,São Paulo,São Paulo
Kika Boom,2021-12-12,2021,Audio,São Paulo,São Paulo
Tuatha de Danann,2021-12-12,2021,Manifesto Bar,São Paulo,São Paulo
Kerli,2021-12-12,2021,Audio,São Paulo,São Paulo
Axty,2021-12-12,2021,Carioca Club,São Paulo,São Paulo
Sophia Chablau e Uma Enorme Perda de Tempo,2021-12-12,2021,Blue Note São Paulo,São Paulo,São Paulo
Greyson Chance,2021-12-12,2021,Audio,São Paulo,São Paulo
Paulinho Moska,2021-12-12,2021,SESC Pinheiros,São Paulo,São Paulo
Nando Reis,2021-12-12,2021,Avenida Paulista,São Paulo,São Paulo
Violet Chachki,2021-12-12,2021,Audio,São Paulo,São Paulo
Pabllo Vittar,2021-12-14,2021,Auditório Ibirapuera,São Paulo,São Paulo
BRAZA,2021-12-15,2021,Cine Joia,São Paulo,São Paulo
Luedji Luna,2021-12-16,2021,Studio SP,São Paulo,São Paulo
Day Limns,2021-12-17,2021,Private Venue,São Paulo,São Paulo
Henrique & Juliano,2021-12-17,2021,Estádio do Canindé,São Paulo,São Paulo
MC JottaPê,2021-12-17,2021,Private Venue,São Paulo,São Paulo
João Donato,2021-12-17,2021,SESC Pinheiros,São Paulo,São Paulo
Céu,2021-12-17,2021,Casa de Francisca,São Paulo,São Paulo
ADORA,2021-12-17,2021,Casa de Francisca,São Paulo,São Paulo
Luiza Lian,2021-12-18,2021,Teatro Paulo Eiró,São Paulo,São Paulo
Terno Rei,2021-12-18,2021,Fabrique Club,São Paulo,São Paulo
Ratos de Porão,2021-12-18,2021,La Iglesia Borratxeria,São Paulo,São Paulo
Luísa Sonza,2021-12-19,2021,Avenida Paulista,São Paulo,São Paulo
Viper,2021-12-19,2021,Carioca Club,São Paulo,São Paulo
Terno Rei,2021-12-19,2021,Fabrique Club,São Paulo,São Paulo
Luan Santana,2021-12-19,2021,Espaço das Américas,São Paulo,São Paulo
POCAH,2021-12-20,2021,Altas Horas,São Paulo,São Paulo
Jota Quest,2021-12-20,2021,Pátio Victor Malzoni,São Paulo,São Paulo
Gal Costa,2021-12-21,2021,Teatro Sérgio Cardoso,São Paulo,São Paulo
UrucumTrio,2021-12-22,2021,Porão da Cerveja,São Paulo,São Paulo
Espacialrias,2021-12-22,2021,Porão da Cerveja,São Paulo,São Paulo
Nando Reis,2021-12-23,2021,Espaço das Américas,São Paulo,São Paulo
DUDA BEAT,2021-12-31,2021,Private Venue,São Paulo,São Paulo
Dudu Nobre,2022-01-06,2022,The Masked Singer Brasil,São Paulo,São Paulo
Ivete Sangalo,2022-01-06,2022,The Masked Singer Brasil,São Paulo,São Paulo
Beto Barbosa,2022-01-06,2022,The Masked Singer Brasil,São Paulo,São Paulo
Gretchen,2022-01-06,2022,The Masked Singer Brasil,São Paulo,São Paulo
Ivete Sangalo,2022-01-06,2022,The Masked Singer Brasil,São Paulo,São Paulo
Ivete Sangalo,2022-01-07,2022,The Masked Singer Brasil,São Paulo,São Paulo
Criolo,2022-01-07,2022,SESC Vila Mariana,São Paulo,São Paulo
Josyara,2022-01-07,2022,SESC Bom Retiro,São Paulo,São Paulo
BK,2022-01-07,2022,SESC Pompéia,São Paulo,São Paulo
Dead Fish,2022-01-07,2022,Hangar 110,São Paulo,São Paulo
Chico César & Geraldo Azevedo,2022-01-07,2022,SESC Pinheiros,São Paulo,São Paulo
Zé Ibarra,2022-01-07,2022,SESC Ipiranga,São Paulo,São Paulo
Jorge & Mateus,2022-01-08,2022,Expo Center Norte,São Paulo,São Paulo
Dead Fish,2022-01-08,2022,Hangar 110,São Paulo,São Paulo
Chico César & Geraldo Azevedo,2022-01-08,2022,SESC Pinheiros,São Paulo,São Paulo
Criolo,2022-01-08,2022,SESC Vila Mariana,São Paulo,São Paulo
MC Dricka,2022-01-08,2022,Fabriketa,São Paulo,São Paulo
PEDRO SAMPAIO,2022-01-08,2022,Expo Center Norte,São Paulo,São Paulo
Horace Green,2022-01-09,2022,Hangar 110,São Paulo,São Paulo
Molho Negro,2022-01-09,2022,Hangar 110,São Paulo,São Paulo
Maria Beraldo,2022-01-09,2022,SESC Avenida Paulista,São Paulo,São Paulo
Criolo,2022-01-09,2022,SESC Vila Mariana,São Paulo,São Paulo
Chico César & Geraldo Azevedo,2022-01-09,2022,SESC Pinheiros,São Paulo,São Paulo
Dead Fish,2022-01-09,2022,Hangar 110,São Paulo,São Paulo
Martinho da Vila,2022-01-10,2022,SESC Pompéia,São Paulo,São Paulo
Péricles,2022-01-12,2022,The Masked Singer Brasil,São Paulo,São Paulo
Beto Barbosa,2022-01-12,2022,The Masked Singer Brasil,São Paulo,São Paulo
Gloria Groove,2022-01-14,2022,Village Barra Funda,São Paulo,São Paulo
Lia Clark,2022-01-14,2022,Village Barra Funda,São Paulo,São Paulo
Danny Bond,2022-01-14,2022,Village Barra Funda,São Paulo,São Paulo
Pepita,2022-01-14,2022,Village Barra Funda,São Paulo,São Paulo
Lexa,2022-01-14,2022,Village Barra Funda,São Paulo,São Paulo
POCAH,2022-01-14,2022,Village Barra Funda,São Paulo,São Paulo
Juçara Marçal,2022-01-15,2022,SESC Pinheiros,São Paulo,São Paulo
Noturnall,2022-01-21,2022,Teatro SESC 24 de Maio,São Paulo,São Paulo
Noturnall,2022-01-21,2022,Teatro SESC 24 de Maio,São Paulo,São Paulo
Kaê Guajajara,2022-01-22,2022,Casa de Cultura Municipal da Vila Guilherme - Casarão,São Paulo,São Paulo
DENNIS,2022-01-22,2022,São Paulo Expo,São Paulo,São Paulo
Ferrugem,2022-01-22,2022,São Paulo Expo,São Paulo,São Paulo
É o Tchan,2022-01-22,2022,Sonora Garden,São Paulo,São Paulo
Gretchen,2022-01-22,2022,Sonora Garden,São Paulo,São Paulo
Gustavo Mioto,2022-01-22,2022,São Paulo Expo,São Paulo,São Paulo
Gilmelândia,2022-01-23,2022,Sonora Garden,São Paulo,São Paulo
Mateus Carrilho,2022-01-23,2022,Sonora Garden,São Paulo,São Paulo
Lorena Simpson,2022-01-23,2022,Sonora Garden,São Paulo,São Paulo
Children of the Beast,2022-01-24,2022,Café Piu Piu,São Paulo,São Paulo
Gloria Groove,2022-01-24,2022,Sonora Garden,São Paulo,São Paulo
Tommy Love,2022-01-24,2022,Sonora Garden,São Paulo,São Paulo
Tchakabum,2022-01-24,2022,Sonora Garden,São Paulo,São Paulo
Lia Clark,2022-01-24,2022,Sonora Garden,São Paulo,São Paulo
Pepita,2022-01-25,2022,Sonora Garden,São Paulo,São Paulo
Luísa Sonza,2022-01-25,2022,Sonora Garden,São Paulo,São Paulo
Carla Cristina,2022-01-25,2022,Sonora Garden,São Paulo,São Paulo
Metá Metá,2022-01-25,2022,Centro Cultural São Paulo,São Paulo,São Paulo
UrucumTrio,2022-01-27,2022,CavePool,São Paulo,São Paulo
Murilo Huff,2022-01-28,2022,Vila JK,São Paulo,São Paulo
Raf F. Guimarães,2022-01-28,2022,DeathCave,São Paulo,São Paulo
Luísa Sonza,2022-01-28,2022,Transamerica Expo Center,São Paulo,São Paulo
Joelma,2022-01-28,2022,Novo Brilho Dá Lua,São Paulo,São Paulo
Joelma,2022-01-29,2022,Castelo Show,Osasco,São Paulo
Cefa,2022-01-29,2022,Jai Club,São Paulo,São Paulo
Raf F. Guimarães,2022-01-29,2022,tinybar downtown,São Paulo,São Paulo
Joelma,2022-01-30,2022,Arena Show SP,São Paulo,São Paulo
Chris Cain,2022-02-01,2022,Quintal deBetti,São Paulo,São Paulo
Tayrone,2022-02-02,2022,Faustão na Band,São Paulo,São Paulo
Belo,2022-02-02,2022,Faustão na Band,São Paulo,São Paulo
Pabllo Vittar,2022-02-02,2022,Faustão na Band,São Paulo,São Paulo
Skank,2022-02-02,2022,Faustão na Band,São Paulo,São Paulo
Roberta Campos,2022-02-02,2022,Faustão na Band,São Paulo,São Paulo
Children of the Beast,2022-02-04,2022,ZN Highway,São Paulo,São Paulo
Boate Azul Ao Vivo,2022-02-04,2022,Tom Brasil,São Paulo,São Paulo
UrucumTrio,2022-02-04,2022,Embarxador,São Paulo,São Paulo
Marisa Monte,2022-02-04,2022,Espaço das Américas,São Paulo,São Paulo
Urias,2022-02-04,2022,Cine Joia,São Paulo,São Paulo
Luedji Luna,2022-02-04,2022,SESC Belenzinho,São Paulo,São Paulo
Calcinha Preta,2022-02-04,2022,Centro de Tradições Nordestinas,São Paulo,São Paulo
Os Barões da Pisadinha,2022-02-04,2022,Centro de Tradições Nordestinas,São Paulo,São Paulo
Luan Santana,2022-02-05,2022,Estádio do Canindé,São Paulo,São Paulo
Marisa Monte,2022-02-05,2022,Espaço das Américas,São Paulo,São Paulo
ANAVITÓRIA,2022-02-05,2022,Sala São Paulo,São Paulo,São Paulo
Ferrugem,2022-02-05,2022,Estádio do Canindé,São Paulo,São Paulo
Children of the Beast,2022-02-05,2022,La Iglesia Borratxeria,São Paulo,São Paulo
LUDMILLA,2022-02-05,2022,Estádio do Canindé,São Paulo,São Paulo
André Christovam,2022-02-05,2022,Teatro SESC 24 de Maio,São Paulo,São Paulo
Rico Dalasam,2022-02-06,2022,Casa Natura Musical,São Paulo,São Paulo
André Christovam,2022-02-06,2022,Teatro SESC 24 de Maio,São Paulo,São Paulo
Rashid,2022-02-06,2022,SESC Vila Mariana,São Paulo,São Paulo
Elba Ramalho,2022-02-07,2022,Faustão na Band,São Paulo,São Paulo
Gretchen,2022-02-08,2022,Altas Horas,São Paulo,São Paulo
Ivete Sangalo,2022-02-08,2022,Altas Horas,São Paulo,São Paulo
Maiara & Maraisa,2022-02-09,2022,Faustão na Band,São Paulo,São Paulo
Henrique & Juliano,2022-02-09,2022,Faustão na Band,São Paulo,São Paulo
Letrux,2022-02-10,2022,Casa Natura Musical,São Paulo,São Paulo
Gloria Groove,2022-02-10,2022,Audio,São Paulo,São Paulo
Skank,2022-02-10,2022,Faustão na Band,São Paulo,São Paulo
Marisa Monte,2022-02-11,2022,Espaço das Américas,São Paulo,São Paulo
Luísa Sonza,2022-02-11,2022,Vila JK,São Paulo,São Paulo
POCAH,2022-02-11,2022,Faustão na Band,São Paulo,São Paulo
Letrux,2022-02-11,2022,Casa Natura Musical,São Paulo,São Paulo
Naiara Azevedo,2022-02-11,2022,Domingão com Huck,São Paulo,São Paulo
Gilmelândia,2022-02-12,2022,Audio,São Paulo,São Paulo
Nirvana Experience (ex-Hormoaning),2022-02-12,2022,Altas Horas Rock Bar,São Paulo,São Paulo
LUDMILLA,2022-02-12,2022,Esporte Clube Pinheiros,São Paulo,São Paulo
Anitta,2022-02-12,2022,Memorial da América Latina,São Paulo,São Paulo
Matheus Fernandes,2022-02-12,2022,Memorial da América Latina,São Paulo,São Paulo
Pabllo Vittar,2022-02-12,2022,Memorial da América Latina,São Paulo,São Paulo
Atitude 67,2022-02-12,2022,Memorial da América Latina,São Paulo,São Paulo
Psirico,2022-02-12,2022,Memorial da América Latina,São Paulo,São Paulo
Marisa Monte,2022-02-12,2022,Espaço das Américas,São Paulo,São Paulo
MC Danny,2022-02-12,2022,Memorial da América Latina,São Paulo,São Paulo
Chitãozinho & Xororó,2022-02-12,2022,Espaço das Américas,São Paulo,São Paulo
MC Mirella,2022-02-12,2022,Galpão 47,São Paulo,São Paulo
Lexa,2022-02-12,2022,Memorial da América Latina,São Paulo,São Paulo
Letrux,2022-02-12,2022,Casa Natura Musical,São Paulo,São Paulo
Zé Ramalho,2022-02-13,2022,Espaço das Américas,São Paulo,São Paulo
Letrux,2022-02-13,2022,Casa Natura Musical,São Paulo,São Paulo
Claudia Leitte,2022-02-14,2022,Faustão na Band,São Paulo,São Paulo
UrucumTrio,2022-02-17,2022,Picles Cardeal,São Paulo,São Paulo
Felipe Andreoli,2022-02-17,2022,Bourbon Street Music Club,São Paulo,São Paulo
Chitãozinho & Xororó,2022-02-17,2022,Espaço das Américas,São Paulo,São Paulo
Luedji Luna,2022-02-17,2022,Casa Natura Musical,São Paulo,São Paulo
Tuyo,2022-02-17,2022,Cine Joia,São Paulo,São Paulo
Nega Mel,2022-02-18,2022,Arena Sertaneja,São Paulo,São Paulo
Hermeto Pascoal,2022-02-18,2022,SESC Pinheiros,São Paulo,São Paulo
Raf F. Guimarães,2022-02-18,2022,tinybar downtown,São Paulo,São Paulo
Foojammers,2022-02-19,2022,Presley Pub,São Paulo,São Paulo
Johnny Hooker,2022-02-19,2022,Casa Natura Musical,São Paulo,São Paulo
Cerberus Attack,2022-02-19,2022,Fabrique Club,São Paulo,São Paulo
Blasthrash,2022-02-19,2022,Fabrique Club,São Paulo,São Paulo
Axty,2022-02-19,2022,Hangar 110,São Paulo,São Paulo
Zé Vaqueiro,2022-02-19,2022,Arena Sertaneja,São Paulo,São Paulo
Cemitério,2022-02-19,2022,Fabrique Club,São Paulo,São Paulo
D.F.C.,2022-02-19,2022,Fabrique Club,São Paulo,São Paulo
Eskröta,2022-02-19,2022,Fabrique Club,São Paulo,São Paulo
Gloria,2022-02-19,2022,Hangar 110,São Paulo,São Paulo
Sea Smile,2022-02-19,2022,Hangar 110,São Paulo,São Paulo
Viper,2022-02-19,2022,Manifesto Bar,São Paulo,São Paulo
Gloria,2022-02-19,2022,Hangar 110,São Paulo,São Paulo
Luísa Sonza,2022-02-19,2022,Sonora Garden,São Paulo,São Paulo
Nirvana Experience (ex-Hormoaning),2022-02-19,2022,Relicário Rock Bar,São Paulo,São Paulo
Vanguart,2022-02-20,2022,Casa Natura Musical,São Paulo,São Paulo
Sepultura,2022-02-20,2022,Audio,São Paulo,São Paulo
Maiara & Maraisa,2022-02-21,2022,The Noite com Danilo Gentili,Osasco,São Paulo
Roberta Miranda,2022-02-21,2022,Faustão na Band,São Paulo,São Paulo
Os Barões da Pisadinha,2022-02-21,2022,Faustão na Band,São Paulo,São Paulo
Turma do Pagode,2022-02-21,2022,Faustão na Band,São Paulo,São Paulo
Jota Quest,2022-02-21,2022,Faustão na Band,São Paulo,São Paulo
Gloria Groove,2022-02-21,2022,Faustão na Band,São Paulo,São Paulo
Cefa,2022-02-22,2022,Jai Club,São Paulo,São Paulo
Camisa de Vênus,2022-02-23,2022,Faustão na Band,São Paulo,São Paulo
Pixote,2022-02-23,2022,Faustão na Band,São Paulo,São Paulo
Israel & Rodolffo,2022-02-23,2022,Faustão na Band,São Paulo,São Paulo
Geraldo Azevedo,2022-02-23,2022,Faustão na Band,São Paulo,São Paulo
DUDA BEAT,2022-02-23,2022,Faustão na Band,São Paulo,São Paulo
Pabllo Vittar,2022-02-25,2022,Audio,São Paulo,São Paulo
Children of the Beast,2022-02-25,2022,Morrison Rock Bar,São Paulo,São Paulo
Tainá Costa,2022-02-25,2022,Audio,São Paulo,São Paulo
Karol Conká,2022-02-25,2022,Audio,São Paulo,São Paulo
Fernando Catatau,2022-02-25,2022,SESC Pompéia,São Paulo,São Paulo
Fernanda Takai,2022-02-25,2022,SESC Vila Mariana,São Paulo,São Paulo
MC WM,2022-02-25,2022,Audio,São Paulo,São Paulo
Danny Bond,2022-02-25,2022,Audio,São Paulo,São Paulo
POCAH,2022-02-25,2022,Audio,São Paulo,São Paulo
Sophia Chablau e Uma Enorme Perda de Tempo,2022-02-26,2022,Cultura Livre,São Paulo,São Paulo
PEDRO SAMPAIO,2022-02-26,2022,Jockey Club,São Paulo,São Paulo
Thiaguinho,2022-02-26,2022,Jockey Club,São Paulo,São Paulo
Zé Vaqueiro,2022-02-26,2022,Jockey Club,São Paulo,São Paulo
UrucumTrio,2022-02-26,2022,CavePool,São Paulo,São Paulo
Espacialrias,2022-02-26,2022,CavePool,São Paulo,São Paulo
Durval Lelys,2022-02-27,2022,Jockey Club,São Paulo,São Paulo
Fernanda Takai,2022-02-27,2022,SESC Vila Mariana,São Paulo,São Paulo
LUDMILLA,2022-02-27,2022,Jockey Club,São Paulo,São Paulo
Bloco do Sargento Pimenta,2022-02-27,2022,Trabuca Jardins,São Paulo,São Paulo
DENNIS,2022-02-27,2022,Jockey Club,São Paulo,São Paulo
Lô Borges,2022-02-27,2022,SESC Pompéia,São Paulo,São Paulo
MC Kekel,2022-02-28,2022,Audio,São Paulo,São Paulo
Alok,2022-02-28,2022,Jockey Club,São Paulo,São Paulo
Banda Eva,2022-02-28,2022,Jockey Club,São Paulo,São Paulo
Luan Santana,2022-02-28,2022,Jockey Club,São Paulo,São Paulo
Lexa,2022-02-28,2022,Audio,São Paulo,São Paulo
LUDMILLA,2022-03-01,2022,Espaço das Américas,São Paulo,São Paulo
Anitta,2022-03-01,2022,Jockey Club,São Paulo,São Paulo
Jorge & Mateus,2022-03-01,2022,Jockey Club,São Paulo,São Paulo
Gloria Groove,2022-03-01,2022,Espaço das Américas,São Paulo,São Paulo
Don L,2022-03-01,2022,SESC Pinheiros,São Paulo,São Paulo
Arnaldo Antunes,2022-03-04,2022,SESC Pinheiros,São Paulo,São Paulo
Tulipa Ruiz,2022-03-04,2022,Studio SP,São Paulo,São Paulo
Tuyo,2022-03-04,2022,SESC Belenzinho,São Paulo,São Paulo
UrucumTrio,2022-03-04,2022,Hop Alley Pub,São Paulo,São Paulo
O Grilo,2022-03-04,2022,Casa Rockambole,São Paulo,São Paulo
Carne Doce,2022-03-04,2022,SESC Santana,São Paulo,São Paulo
Inocentes,2022-03-05,2022,Hangar 110,São Paulo,São Paulo
Carne Doce,2022-03-05,2022,SESC Santana,São Paulo,São Paulo
Otto,2022-03-05,2022,SESC Vila Mariana,São Paulo,São Paulo
Tuyo,2022-03-05,2022,SESC Belenzinho,São Paulo,São Paulo
O Inimigo,2022-03-05,2022,La Iglesia Borratxeria,São Paulo,São Paulo
Edgard Scandurra,2022-03-05,2022,Blue Note São Paulo,São Paulo,São Paulo
Medulla,2022-03-06,2022,Carioca Club,São Paulo,São Paulo
Supercombo,2022-03-06,2022,Carioca Club,São Paulo,São Paulo
Carne Doce,2022-03-06,2022,SESC Santana,São Paulo,São Paulo
Ultraje a rigor,2022-03-08,2022,The Noite com Danilo Gentili,Osasco,São Paulo
Hevo 84,2022-03-08,2022,Fabrique Club,São Paulo,São Paulo
Gilsons,2022-03-10,2022,Cine Joia,São Paulo,São Paulo
Skank,2022-03-11,2022,Espaço das Américas,São Paulo,São Paulo
Paulinho da Viola,2022-03-11,2022,SESC Pinheiros,São Paulo,São Paulo
Roberta Campos,2022-03-11,2022,SESC Belenzinho,São Paulo,São Paulo
Baco Exu do Blues,2022-03-12,2022,Audio,São Paulo,São Paulo
IMPAVID COLOSSUS,2022-03-12,2022,Hangar 110,São Paulo,São Paulo
PLUMA,2022-03-12,2022,Casa Rockambole,São Paulo,São Paulo
Os Paralamas do Sucesso,2022-03-12,2022,Tokio Marine Hall,São Paulo,São Paulo
Marina Sena,2022-03-12,2022,Teatro SESC Pompéia,São Paulo,São Paulo
Getúlio Abelha,2022-03-12,2022,Cine Joia,São Paulo,São Paulo
Walfredo em Busca da Simbiose,2022-03-12,2022,Casa Rockambole,São Paulo,São Paulo
Kiko Dinucci,2022-03-12,2022,SESC Avenida Paulista,São Paulo,São Paulo
Os Amantes,2022-03-12,2022,Cine Joia,São Paulo,São Paulo
Surra,2022-03-12,2022,Fabrique Club,São Paulo,São Paulo
Skank,2022-03-12,2022,Espaço das Américas,São Paulo,São Paulo
Dingo Bells,2022-03-13,2022,SESC Santana,São Paulo,São Paulo
Marina Sena,2022-03-13,2022,Teatro SESC Pompéia,São Paulo,São Paulo
Skank,2022-03-13,2022,Espaço das Américas,São Paulo,São Paulo
Kiko Dinucci,2022-03-13,2022,SESC Avenida Paulista,São Paulo,São Paulo
Raimundos,2022-03-14,2022,Arena SBT,Osasco,São Paulo
Pabllo Vittar,2022-03-15,2022,Unique Hotel,São Paulo,São Paulo
Tiago Abravanel,2022-03-15,2022,Unique Hotel,São Paulo,São Paulo
Preta Gil,2022-03-15,2022,Unique Hotel,São Paulo,São Paulo
César Camargo Mariano,2022-03-15,2022,Sala São Paulo,São Paulo,São Paulo
Urias,2022-03-15,2022,Unique Hotel,São Paulo,São Paulo
O Grilo,2022-03-15,2022,Cine Joia,São Paulo,São Paulo
UrucumTrio,2022-03-17,2022,CavePool,São Paulo,São Paulo
La Delio Valdez,2022-03-17,2022,Casa Natura Musical,São Paulo,São Paulo
Jungle,2022-03-18,2022,Audio,São Paulo,São Paulo
Jão,2022-03-18,2022,Espaço das Américas,São Paulo,São Paulo
Now United,2022-03-18,2022,Ginásio do Ibirapuera,São Paulo,São Paulo
Now United,2022-03-19,2022,Ginásio do Ibirapuera,São Paulo,São Paulo
Luis Mariutti,2022-03-19,2022,La Iglesia Borratxeria,São Paulo,São Paulo
Hermeto Pascoal,2022-03-19,2022,Blue Note São Paulo,São Paulo,São Paulo
Maglore,2022-03-19,2022,Teatro Sérgio Cardoso,São Paulo,São Paulo
Hevo 84,2022-03-19,2022,Fabrique Club,São Paulo,São Paulo
Hateen,2022-03-19,2022,Fabrique Club,São Paulo,São Paulo
Sinistra,2022-03-19,2022,La Iglesia Borratxeria,São Paulo,São Paulo
Decreto Lei 50,2022-03-20,2022,Silsi Rock Tattoo Bar,São Paulo,São Paulo
Now United,2022-03-20,2022,Ginásio do Ibirapuera,São Paulo,São Paulo
Project46,2022-03-20,2022,Audio,São Paulo,São Paulo
Jeff Scott Soto,2022-03-20,2022,Stones Music Bar,São Paulo,São Paulo
Eric Martin,2022-03-20,2022,Stones Music Bar,São Paulo,São Paulo
Ultraje a rigor,2022-03-22,2022,The Noite com Danilo Gentili,Osasco,São Paulo
Turnstile,2022-03-23,2022,Cine Joia,São Paulo,São Paulo
UrucumTrio,2022-03-23,2022,Fauhaus,São Paulo,São Paulo
Stomp,2022-03-23,2022,Cine Joia,São Paulo,São Paulo
A Day to Remember,2022-03-24,2022,Audio,São Paulo,São Paulo
Alexisonfire,2022-03-24,2022,Audio,São Paulo,São Paulo
Pabllo Vittar,2022-03-24,2022,Autódromo de Interlagos,São Paulo,São Paulo
Kehlani,2022-03-24,2022,Autódromo de Interlagos,São Paulo,São Paulo
mgk,2022-03-24,2022,Autódromo de Interlagos,São Paulo,São Paulo
Doja Cat,2022-03-24,2022,Autódromo de Interlagos,São Paulo,São Paulo
Sophia Chablau e Uma Enorme Perda de Tempo,2022-03-25,2022,Casa Rockambole,São Paulo,São Paulo
VINNE,2022-03-25,2022,Autódromo de Interlagos,São Paulo,São Paulo
MARINA,2022-03-25,2022,Autódromo de Interlagos,São Paulo,São Paulo
JetLag Music,2022-03-25,2022,Autódromo de Interlagos,São Paulo,São Paulo
Ashnikko,2022-03-25,2022,Autódromo de Interlagos,São Paulo,São Paulo
jxdn,2022-03-25,2022,Autódromo de Interlagos,São Paulo,São Paulo
The Wombats,2022-03-25,2022,Autódromo de Interlagos,São Paulo,São Paulo
Doja Cat,2022-03-25,2022,Autódromo de Interlagos,São Paulo,São Paulo
The Strokes,2022-03-25,2022,Autódromo de Interlagos,São Paulo,São Paulo
The Raulis,2022-03-25,2022,Audio,São Paulo,São Paulo
Edgar,2022-03-25,2022,Autódromo de Interlagos,São Paulo,São Paulo
Pelados,2022-03-25,2022,Casa Rockambole,São Paulo,São Paulo
Caribou,2022-03-25,2022,Autódromo de Interlagos,São Paulo,São Paulo
Pabllo Vittar,2022-03-25,2022,Autódromo de Interlagos,São Paulo,São Paulo
Jack Harlow,2022-03-25,2022,Autódromo de Interlagos,São Paulo,São Paulo
Matuê,2022-03-25,2022,Autódromo de Interlagos,São Paulo,São Paulo
Academia da Berlinda,2022-03-25,2022,Audio,São Paulo,São Paulo
Turnstile,2022-03-25,2022,Autódromo de Interlagos,São Paulo,São Paulo
UrucumTrio,2022-03-25,2022,Hop Alley Pub,São Paulo,São Paulo
Exciter,2022-03-25,2022,Casa da Musica,São Paulo,São Paulo
The Outrageous Gravedäncer,2022-03-25,2022,La Salsa,São Paulo,São Paulo
LP,2022-03-25,2022,Autódromo de Interlagos,São Paulo,São Paulo
Meca,2022-03-25,2022,Autódromo de Interlagos,São Paulo,São Paulo
Duda Brack,2022-03-25,2022,SESC Pompéia,São Paulo,São Paulo
Innabrain,2022-03-25,2022,ECLA - Espaço Cultural da América Latina,São Paulo,São Paulo
Nando Reis,2022-03-25,2022,Clube Atlético do Juventus,São Paulo,São Paulo
mgk,2022-03-25,2022,Autódromo de Interlagos,São Paulo,São Paulo
070 Shake,2022-03-25,2022,Autódromo de Interlagos,São Paulo,São Paulo
Alan Walker,2022-03-25,2022,Autódromo de Interlagos,São Paulo,São Paulo
Chris Lake,2022-03-25,2022,Autódromo de Interlagos,São Paulo,São Paulo
Detonautas Roque Clube,2022-03-25,2022,Autódromo de Interlagos,São Paulo,São Paulo
ANAVITÓRIA,2022-03-25,2022,Clube Atlético do Juventus,São Paulo,São Paulo
Clarice Falcão,2022-03-26,2022,Autódromo de Interlagos,São Paulo,São Paulo
Alexisonfire,2022-03-26,2022,Autódromo de Interlagos,São Paulo,São Paulo
WC no Beat,2022-03-26,2022,Autódromo de Interlagos,São Paulo,São Paulo
Miley Cyrus,2022-03-26,2022,Autódromo de Interlagos,São Paulo,São Paulo
Remi Wolf,2022-03-26,2022,Autódromo de Interlagos,São Paulo,São Paulo
Terno Rei,2022-03-26,2022,Autódromo de Interlagos,São Paulo,São Paulo
Alok,2022-03-26,2022,Autódromo de Interlagos,São Paulo,São Paulo
A Day to Remember,2022-03-26,2022,Autódromo de Interlagos,São Paulo,São Paulo
Jup do Bairro,2022-03-26,2022,Autódromo de Interlagos,São Paulo,São Paulo
Fatnotronic,2022-03-26,2022,Autódromo de Interlagos,São Paulo,São Paulo
Silva,2022-03-26,2022,Autódromo de Interlagos,São Paulo,São Paulo
Ashibah,2022-03-26,2022,Autódromo de Interlagos,São Paulo,São Paulo
A$AP Rocky,2022-03-26,2022,Autódromo de Interlagos,São Paulo,São Paulo
DJ Marky,2022-03-26,2022,Autódromo de Interlagos,São Paulo,São Paulo
Paulinho Moska,2022-03-26,2022,SESC Pompéia,São Paulo,São Paulo
Alessia Cara,2022-03-26,2022,Autódromo de Interlagos,São Paulo,São Paulo
Emicida,2022-03-26,2022,Autódromo de Interlagos,São Paulo,São Paulo
Jão,2022-03-26,2022,Autódromo de Interlagos,São Paulo,São Paulo
Victor Lou,2022-03-26,2022,Autódromo de Interlagos,São Paulo,São Paulo
Lamparina,2022-03-26,2022,Autódromo de Interlagos,São Paulo,São Paulo
Deorro,2022-03-26,2022,Autódromo de Interlagos,São Paulo,São Paulo
MC Tha,2022-03-26,2022,Autódromo de Interlagos,São Paulo,São Paulo
Chemical Surf,2022-03-26,2022,Autódromo de Interlagos,São Paulo,São Paulo
Boombox Cartel,2022-03-26,2022,Autódromo de Interlagos,São Paulo,São Paulo
Two Feet,2022-03-26,2022,Autódromo de Interlagos,São Paulo,São Paulo
Biquini,2022-03-27,2022,Memorial da América Latina,São Paulo,São Paulo
Fancy Inc,2022-03-27,2022,Autódromo de Interlagos,São Paulo,São Paulo
KAYTRANADA,2022-03-27,2022,Tokyo,São Paulo,São Paulo
Planta & Raiz,2022-03-27,2022,Autódromo de Interlagos,São Paulo,São Paulo
Goldfish,2022-03-27,2022,Autódromo de Interlagos,São Paulo,São Paulo
Martin Garrix,2022-03-27,2022,Autódromo de Interlagos,São Paulo,São Paulo
Sango,2022-03-27,2022,Tokyo,São Paulo,São Paulo
The Libertines,2022-03-27,2022,Autódromo de Interlagos,São Paulo,São Paulo
Black Pumas,2022-03-27,2022,Autódromo de Interlagos,São Paulo,São Paulo
Lagum,2022-03-27,2022,Autódromo de Interlagos,São Paulo,São Paulo
Gloria Groove,2022-03-27,2022,Autódromo de Interlagos,São Paulo,São Paulo
Kehlani,2022-03-27,2022,Autódromo de Interlagos,São Paulo,São Paulo
Plebe Rude,2022-03-27,2022,Memorial da América Latina,São Paulo,São Paulo
Os Paralamas do Sucesso,2022-03-27,2022,Memorial da América Latina,São Paulo,São Paulo
Ego Kill Talent,2022-03-27,2022,Autódromo de Interlagos,São Paulo,São Paulo
IDLES,2022-03-27,2022,Autódromo de Interlagos,São Paulo,São Paulo
Cat Dealers,2022-03-27,2022,Autódromo de Interlagos,São Paulo,São Paulo
Emicida & Convidados,2022-03-27,2022,Autódromo de Interlagos,São Paulo,São Paulo
Fresno,2022-03-27,2022,Autódromo de Interlagos,São Paulo,São Paulo
Aliados,2022-03-27,2022,Autódromo de Interlagos,São Paulo,São Paulo
João Bosco,2022-03-27,2022,Casa Natura Musical,São Paulo,São Paulo
Gritando HC,2022-03-27,2022,Casa de Cultura do Butantã,São Paulo,São Paulo
Statues On Fire,2022-03-27,2022,Casa de Cultura do Butantã,São Paulo,São Paulo
Soen,2022-03-27,2022,Carioca Club,São Paulo,São Paulo
Menores Atos,2022-03-27,2022,Autódromo de Interlagos,São Paulo,São Paulo
Planet Hemp,2022-03-27,2022,Autódromo de Interlagos,São Paulo,São Paulo
Alesso,2022-03-27,2022,Autódromo de Interlagos,São Paulo,São Paulo
Malifoo,2022-03-27,2022,Autódromo de Interlagos,São Paulo,São Paulo
Djonga,2022-03-27,2022,Autódromo de Interlagos,São Paulo,São Paulo
KAYTRANADA,2022-03-27,2022,Autódromo de Interlagos,São Paulo,São Paulo
Rashid,2022-03-27,2022,Autódromo de Interlagos,São Paulo,São Paulo
Capital Inicial,2022-03-27,2022,Memorial da América Latina,São Paulo,São Paulo
Marina Sena,2022-03-27,2022,Autódromo de Interlagos,São Paulo,São Paulo
UrucumTrio,2022-03-30,2022,Cabaret da Cecília,São Paulo,São Paulo
Cynthia Luz,2022-03-31,2022,Casa Natura Musical,São Paulo,São Paulo
Gab Ferreira,2022-03-31,2022,Audio,São Paulo,São Paulo
The Drums,2022-03-31,2022,Audio,São Paulo,São Paulo
Fistt,2022-04-01,2022,Hangar 110,São Paulo,São Paulo
Garage Fuzz,2022-04-01,2022,Hangar 110,São Paulo,São Paulo
DUDA BEAT,2022-04-01,2022,Espaço das Américas,São Paulo,São Paulo
Jay Vaquer,2022-04-02,2022,Associação Beneficente Provincianos Osaka Naniwa Kai,São Paulo,São Paulo
Boogarins,2022-04-02,2022,SESC Vila Mariana,São Paulo,São Paulo
O Grande Encontro,2022-04-02,2022,Espaço das Américas,São Paulo,São Paulo
Lagum,2022-04-02,2022,Audio,São Paulo,São Paulo
Metade de Mim,2022-04-02,2022,Fenda 315,São Paulo,São Paulo
Exxótica,2022-04-02,2022,Espaço Som,São Paulo,São Paulo
Children of the Beast,2022-04-02,2022,Manifesto Bar,São Paulo,São Paulo
Pense,2022-04-02,2022,Hangar 110,São Paulo,São Paulo
Paulinho da Viola,2022-04-02,2022,Sala São Paulo,São Paulo,São Paulo
Leoni,2022-04-03,2022,Memorial da América Latina,São Paulo,São Paulo
Wilson Sideral,2022-04-03,2022,Memorial da América Latina,São Paulo,São Paulo
Léo Jaime,2022-04-03,2022,Memorial da América Latina,São Paulo,São Paulo
Joelma,2022-04-03,2022,Hora do Faro,São Paulo,São Paulo
Gloria Groove,2022-04-03,2022,Vale do Anhangabaú,São Paulo,São Paulo
Barão Vermelho,2022-04-03,2022,Memorial da América Latina,São Paulo,São Paulo
Boogarins,2022-04-03,2022,SESC Vila Mariana,São Paulo,São Paulo
Pense,2022-04-03,2022,Carioca Club,São Paulo,São Paulo
Lagum,2022-04-03,2022,Audio,São Paulo,São Paulo
Orange Disaster,2022-04-03,2022,Fffront,São Paulo,São Paulo
Sorriso Maroto,2022-04-03,2022,Expo Barra Funda,São Paulo,São Paulo
Cátia de França & Déa Trancoso & Consuelo de Paula,2022-04-03,2022,Casa Natura Musical,São Paulo,São Paulo
Dilsinho,2022-04-03,2022,Expo Barra Funda,São Paulo,São Paulo
Maroon 5,2022-04-05,2022,Allianz Parque,São Paulo,São Paulo
Jão,2022-04-05,2022,Allianz Parque,São Paulo,São Paulo
Edu Ardanuy,2022-04-07,2022,Bourbon Street Music Club,São Paulo,São Paulo
Supercombo,2022-04-08,2022,Audio,São Paulo,São Paulo
Clarissa,2022-04-08,2022,Cine Joia,São Paulo,São Paulo
Dead Fish,2022-04-08,2022,Audio,São Paulo,São Paulo
Joelma,2022-04-08,2022,Centro de Tradições Nordestinas,São Paulo,São Paulo
Joelma,2022-04-09,2022,Altas Horas,São Paulo,São Paulo
Tim Bernardes,2022-04-09,2022,SESC Vila Mariana,São Paulo,São Paulo
Lucas Inutilismo,2022-04-09,2022,Carioca Club,São Paulo,São Paulo
Don L,2022-04-09,2022,Centro Cultural Tendal da Lapa,São Paulo,São Paulo
It's All Red,2022-04-09,2022,La Iglesia Borratxeria,São Paulo,São Paulo
Zumbis do Espaço,2022-04-09,2022,Hangar 110,São Paulo,São Paulo
Les Mémoires Fall,2022-04-09,2022,Jai Club,São Paulo,São Paulo
Ultraje a rigor,2022-04-10,2022,Memorial da América Latina,São Paulo,São Paulo
Titãs,2022-04-10,2022,Memorial da América Latina,São Paulo,São Paulo
Vitor Kley,2022-04-10,2022,Audio,São Paulo,São Paulo
Ana Cañas,2022-04-10,2022,Teatro Bradesco,São Paulo,São Paulo
Camisa de Vênus,2022-04-10,2022,Memorial da América Latina,São Paulo,São Paulo
Orange Disaster,2022-04-10,2022,Estúdio Aurora,São Paulo,São Paulo
Ira!,2022-04-10,2022,Memorial da América Latina,São Paulo,São Paulo
Matanza Ritual,2022-04-10,2022,Tokio Marine Hall,São Paulo,São Paulo
Molchat Doma,2022-04-11,2022,Audio,São Paulo,São Paulo
Ultraje a rigor,2022-04-14,2022,The Noite com Danilo Gentili,Osasco,São Paulo
Jão,2022-04-14,2022,Espaço das Américas,São Paulo,São Paulo
Shaman,2022-04-15,2022,Espaço Som,São Paulo,São Paulo
Sinistra,2022-04-15,2022,Espaço Som,São Paulo,São Paulo
Céu,2022-04-15,2022,Casa Natura Musical,São Paulo,São Paulo
Maiara & Maraisa,2022-04-15,2022,Espaço das Américas,São Paulo,São Paulo
Divulsor,2022-04-15,2022,Depois do Fim do Mundo Estúdio,São Paulo,São Paulo
Naiara Azevedo,2022-04-16,2022,Altas Horas,São Paulo,São Paulo
Lenine,2022-04-16,2022,Teatro Bradesco,São Paulo,São Paulo
Tuatha de Danann,2022-04-16,2022,Jai Club,São Paulo,São Paulo
Santo Graal,2022-04-16,2022,Tokio Marine Hall,São Paulo,São Paulo
Halleck,2022-04-16,2022,Porão da Cerveja,São Paulo,São Paulo
Far from Alaska,2022-04-16,2022,Studio SP,São Paulo,São Paulo
Tarja,2022-04-16,2022,Tokio Marine Hall,São Paulo,São Paulo
Shaman,2022-04-16,2022,Tokio Marine Hall,São Paulo,São Paulo
Maiara & Maraisa,2022-04-16,2022,Private Venue,São Paulo,São Paulo
Maria Bethânia,2022-04-16,2022,Espaço das Américas,São Paulo,São Paulo
Maiara & Maraisa,2022-04-17,2022,Espaço das Américas,São Paulo,São Paulo
Paulo Ricardo,2022-04-17,2022,Memorial da América Latina,São Paulo,São Paulo
Humberto Gessinger,2022-04-17,2022,Memorial da América Latina,São Paulo,São Paulo
BLITZ,2022-04-17,2022,Memorial da América Latina,São Paulo,São Paulo
Ultraje a rigor,2022-04-19,2022,The Noite com Danilo Gentili,Osasco,São Paulo
Joelma,2022-04-20,2022,Programa do Ratinho,Osasco,São Paulo
Jambu,2022-04-20,2022,Fabrique Club,São Paulo,São Paulo
Metá Metá,2022-04-20,2022,Mundo Pensante,São Paulo,São Paulo
boy pablo,2022-04-20,2022,Fabrique Club,São Paulo,São Paulo
Arnaldo Antunes,2022-04-21,2022,Memorial da América Latina,São Paulo,São Paulo
Alice Caymmi,2022-04-21,2022,Teatro Sérgio Cardoso,São Paulo,São Paulo
Marina Lima,2022-04-21,2022,Memorial da América Latina,São Paulo,São Paulo
Frejat,2022-04-21,2022,Memorial da América Latina,São Paulo,São Paulo
Nando Reis,2022-04-21,2022,Memorial da América Latina,São Paulo,São Paulo
Kaya Conky,2022-04-21,2022,Sonora Garden,São Paulo,São Paulo
Lia Clark,2022-04-21,2022,Sonora Garden,São Paulo,São Paulo
Aretuza Lovi,2022-04-21,2022,Sonora Garden,São Paulo,São Paulo
Marina Sena,2022-04-21,2022,Cine Joia,São Paulo,São Paulo
Liniker,2022-04-22,2022,SESC Pinheiros,São Paulo,São Paulo
Hermes e Renato,2022-04-22,2022,The Noite com Danilo Gentili,Osasco,São Paulo
MC Naninha,2022-04-22,2022,Sonora Garden,São Paulo,São Paulo
Marina Sena,2022-04-22,2022,Cine Joia,São Paulo,São Paulo
Tati Quebra Barraco,2022-04-22,2022,Sonora Garden,São Paulo,São Paulo
Racionais MC’s,2022-04-22,2022,Espaço das Américas,São Paulo,São Paulo
Dexter,2022-04-22,2022,Espaço das Américas,São Paulo,São Paulo
Igor Prado,2022-04-22,2022,SESC Belenzinho,São Paulo,São Paulo
Tuyo,2022-04-22,2022,Casa Natura Musical,São Paulo,São Paulo
Rincon Sapiência,2022-04-22,2022,Espaço das Américas,São Paulo,São Paulo
Ombu,2022-04-23,2022,CENTRAL,São Paulo,São Paulo
Lupe de Lupe,2022-04-23,2022,CENTRAL,São Paulo,São Paulo
Amigos,2022-04-23,2022,Allianz Parque,São Paulo,São Paulo
Moons,2022-04-23,2022,CENTRAL,São Paulo,São Paulo
gorduratrans,2022-04-23,2022,CENTRAL,São Paulo,São Paulo
Ivete Sangalo,2022-04-23,2022,Espaço das Américas,São Paulo,São Paulo
Night Prowler,2022-04-23,2022,La Salsa,São Paulo,São Paulo
Gab Ferreira,2022-04-23,2022,CENTRAL,São Paulo,São Paulo
Odradek,2022-04-23,2022,CENTRAL,São Paulo,São Paulo
Tuyo,2022-04-23,2022,CENTRAL,São Paulo,São Paulo
CPM 22,2022-04-23,2022,Audio,São Paulo,São Paulo
ÀIYÉ,2022-04-23,2022,CENTRAL,São Paulo,São Paulo
Hellish War,2022-04-23,2022,La Salsa,São Paulo,São Paulo
Brave,2022-04-23,2022,La Salsa,São Paulo,São Paulo
Jennifer Souza,2022-04-23,2022,CENTRAL,São Paulo,São Paulo
Flageladör,2022-04-23,2022,La Salsa,São Paulo,São Paulo
Steve Grimmett's Grim Reaper,2022-04-23,2022,La Salsa,São Paulo,São Paulo
PLUMA,2022-04-24,2022,CENTRAL,São Paulo,São Paulo
Bebé Salvego,2022-04-24,2022,CENTRAL,São Paulo,São Paulo
Amigos,2022-04-24,2022,Allianz Parque,São Paulo,São Paulo
Timo Tolkki,2022-04-24,2022,Manifesto Bar,São Paulo,São Paulo
Raça,2022-04-24,2022,CENTRAL,São Paulo,São Paulo
YMA,2022-04-24,2022,CENTRAL,São Paulo,São Paulo
Walfredo em Busca da Simbiose,2022-04-24,2022,CENTRAL,São Paulo,São Paulo
E a Terra Nunca Me Pareceu Tão Distante,2022-04-24,2022,CENTRAL,São Paulo,São Paulo
Amaro Freitas,2022-04-24,2022,SESC Pompéia,São Paulo,São Paulo
SASKIA,2022-04-24,2022,CENTRAL,São Paulo,São Paulo
Holger,2022-04-24,2022,CENTRAL,São Paulo,São Paulo
BRVNKS,2022-04-24,2022,CENTRAL,São Paulo,São Paulo
Apeles,2022-04-24,2022,CENTRAL,São Paulo,São Paulo
Gabriel Ventura,2022-04-24,2022,CENTRAL,São Paulo,São Paulo
Maiara & Maraisa,2022-04-28,2022,Villa Country,São Paulo,São Paulo
Boom Boom Kid,2022-04-28,2022,Casa Natura Musical,São Paulo,São Paulo
Mahmundi,2022-04-28,2022,Studio SP,São Paulo,São Paulo
Amen Jr,2022-04-29,2022,Auditório MIS,São Paulo,São Paulo
Lulu Santos,2022-04-29,2022,Espaço das Américas,São Paulo,São Paulo
Mart’nália,2022-04-29,2022,Casa Natura Musical,São Paulo,São Paulo
Decreto Lei 50,2022-04-30,2022,St Paul's Pub,São Paulo,São Paulo
Katú Mirim,2022-04-30,2022,Casa de Cultura do Butantã,São Paulo,São Paulo
Pitty,2022-04-30,2022,Espaço Leste,São Paulo,São Paulo
Jaloo,2022-04-30,2022,SESC Bom Retiro,São Paulo,São Paulo
Zimbra,2022-04-30,2022,Carioca Club,São Paulo,São Paulo
SODOMITA,2022-04-30,2022,Casa de Cultura do Butantã,São Paulo,São Paulo
Vandal,2022-04-30,2022,Casa de Cultura do Butantã,São Paulo,São Paulo
Terno Rei,2022-04-30,2022,Cine Joia,São Paulo,São Paulo
Rodrigo Teaser,2022-04-30,2022,Teatro Aspro,Osasco,São Paulo
Nando Reis,2022-04-30,2022,Espaço Leste,São Paulo,São Paulo
KISS,2022-04-30,2022,Allianz Parque,São Paulo,São Paulo
Bebé Salvego,2022-04-30,2022,Cine Joia,São Paulo,São Paulo
Tasha & Tracie,2022-04-30,2022,Casa de Cultura do Butantã,São Paulo,São Paulo
Sugar Kane,2022-04-30,2022,Hangar 110,São Paulo,São Paulo
Bayside Kings,2022-04-30,2022,Hangar 110,São Paulo,São Paulo
Rodrigo Teaser,2022-04-30,2022,Teatro Aspro,Osasco,São Paulo
Manu Gavassi,2022-04-30,2022,Altas Horas,São Paulo,São Paulo
Cemitério,2022-05-01,2022,Centro Cultural Tendal da Lapa,São Paulo,São Paulo
Urutu,2022-05-01,2022,Centro Cultural Tendal da Lapa,São Paulo,São Paulo
Hevo 84,2022-05-01,2022,Bloco Emo,São Paulo,São Paulo
Hateen,2022-05-01,2022,Bloco Emo,São Paulo,São Paulo
Jaloo,2022-05-01,2022,SESC Bom Retiro,São Paulo,São Paulo
Walfredo em Busca da Simbiose,2022-05-01,2022,Cine Joia,São Paulo,São Paulo
Di Ferrero,2022-05-01,2022,Bloco Emo,São Paulo,São Paulo
Terno Rei,2022-05-01,2022,Cine Joia,São Paulo,São Paulo
Lasso,2022-05-01,2022,Centro Cultural Tendal da Lapa,São Paulo,São Paulo
Eskröta,2022-05-01,2022,Centro Cultural Tendal da Lapa,São Paulo,São Paulo
Paura,2022-05-01,2022,Centro Cultural Tendal da Lapa,São Paulo,São Paulo
Ego Kill Talent,2022-05-02,2022,La Iglesia Borratxeria,São Paulo,São Paulo
Flageladör,2022-05-03,2022,La Salsa,São Paulo,São Paulo
Ultraje a rigor,2022-05-04,2022,The Noite com Danilo Gentili,Osasco,São Paulo
Tasha & Tracie,2022-05-05,2022,Mundo Pensante,São Paulo,São Paulo
Ana Frango Elétrico,2022-05-05,2022,Casa Natura Musical,São Paulo,São Paulo
Ultraje a rigor,2022-05-05,2022,The Noite com Danilo Gentili,Osasco,São Paulo
Electric Mob,2022-05-05,2022,La Iglesia Borratxeria,São Paulo,São Paulo
Sax Gordon & Igor Prado,2022-05-05,2022,Bourbon Street Music Club,São Paulo,São Paulo
Darvin,2022-05-06,2022,Jai Club,São Paulo,São Paulo
Don L,2022-05-06,2022,Casa Natura Musical,São Paulo,São Paulo
Anna Vis,2022-05-06,2022,Espaço Garganta,São Paulo,São Paulo
Dr. Sin,2022-05-06,2022,Teatro J. Safra,São Paulo,São Paulo
Children of the Beast,2022-05-06,2022,ZN Highway,São Paulo,São Paulo
Caetano Veloso,2022-05-06,2022,Espaço das Américas,São Paulo,São Paulo
Charlotte de Witte,2022-05-06,2022,Sambódromo do Anhembi,São Paulo,São Paulo
Karol Conká,2022-05-07,2022,Audio,São Paulo,São Paulo
Rico Dalasam,2022-05-07,2022,Cine Joia,São Paulo,São Paulo
Péricles,2022-05-07,2022,Expo Center Norte,São Paulo,São Paulo
Boogarins,2022-05-07,2022,Galeria Olido,São Paulo,São Paulo
Lagum,2022-05-07,2022,Expo Center Norte,São Paulo,São Paulo
Don L,2022-05-07,2022,Casa Natura Musical,São Paulo,São Paulo
Gloria Groove,2022-05-07,2022,Expo Center Norte,São Paulo,São Paulo
Scalene,2022-05-07,2022,Fabrique Club,São Paulo,São Paulo
Dr. Sin,2022-05-07,2022,Teatro J. Safra,São Paulo,São Paulo
CPM 22,2022-05-08,2022,Audio,São Paulo,São Paulo
Tiê,2022-05-08,2022,SESC Belenzinho,São Paulo,São Paulo
Adriana Calcanhotto,2022-05-08,2022,Casa Natura Musical,São Paulo,São Paulo
Greta Van Fleet,2022-05-10,2022,Estádio do Morumbi,São Paulo,São Paulo
Ego Kill Talent,2022-05-10,2022,Estádio do Morumbi,São Paulo,São Paulo
Metallica,2022-05-10,2022,Estádio do Morumbi,São Paulo,São Paulo
Simone & Simaria,2022-05-10,2022,Villa Country,São Paulo,São Paulo
Metá Metá,2022-05-11,2022,Blue Note São Paulo,São Paulo,São Paulo
Davi Sabbag,2022-05-12,2022,Mundo Pensante,São Paulo,São Paulo
Juliette,2022-05-13,2022,Espaço Unimed,São Paulo,São Paulo
Chameleo,2022-05-13,2022,Heavy House,São Paulo,São Paulo
Dead Fish,2022-05-14,2022,Espaço Leste,São Paulo,São Paulo
Supla,2022-05-14,2022,Espaço Leste,São Paulo,São Paulo
Kiko Zambianchi,2022-05-14,2022,Espaço Leste,São Paulo,São Paulo
CPM 22,2022-05-14,2022,Espaço Leste,São Paulo,São Paulo
Velhas Virgens,2022-05-14,2022,Espaço Leste,São Paulo,São Paulo
Bala Desejo,2022-05-14,2022,Memorial da América Latina,São Paulo,São Paulo
Caetano Veloso,2022-05-14,2022,Memorial da América Latina,São Paulo,São Paulo
Gilsons,2022-05-14,2022,Memorial da América Latina,São Paulo,São Paulo
Luedji Luna,2022-05-14,2022,Spark Arena,São Paulo,São Paulo
Mateus Aleluia,2022-05-14,2022,SESC Pompéia,São Paulo,São Paulo
RÜFÜS DU SOL,2022-05-14,2022,Spark Arena,São Paulo,São Paulo
BRAZA,2022-05-14,2022,Audio,São Paulo,São Paulo
Camisa de Vênus,2022-05-14,2022,Espaço Leste,São Paulo,São Paulo
PLUMA,2022-05-14,2022,Memorial da América Latina,São Paulo,São Paulo
Xênia França,2022-05-14,2022,Spark Arena,São Paulo,São Paulo
Tuyo,2022-05-14,2022,Memorial da América Latina,São Paulo,São Paulo
Marina Sena,2022-05-14,2022,Spark Arena,São Paulo,São Paulo
DUDA BEAT,2022-05-14,2022,Memorial da América Latina,São Paulo,São Paulo
Bong Brigade,2022-05-14,2022,Fenda 315,São Paulo,São Paulo
FBC,2022-05-14,2022,Casa Natura Musical,São Paulo,São Paulo
Cannibal Corpse,2022-05-14,2022,Carioca Club,São Paulo,São Paulo
Gilberto Gil,2022-05-14,2022,Spark Arena,São Paulo,São Paulo
Urias,2022-05-14,2022,Memorial da América Latina,São Paulo,São Paulo
Black Alien,2022-05-14,2022,Spark Arena,São Paulo,São Paulo
Garotos Podres,2022-05-14,2022,Hangar 110,São Paulo,São Paulo
Tom Misch,2022-05-14,2022,Spark Arena,São Paulo,São Paulo
IZA,2022-05-14,2022,Memorial da América Latina,São Paulo,São Paulo
Majur,2022-05-14,2022,Memorial da América Latina,São Paulo,São Paulo
Genocídio,2022-05-14,2022,Carioca Club,São Paulo,São Paulo
Liniker,2022-05-15,2022,Spark Arena,São Paulo,São Paulo
Letrux,2022-05-15,2022,Spark Arena,São Paulo,São Paulo
Riverside,2022-05-15,2022,Carioca Club,São Paulo,São Paulo
Picanha de Chernobill,2022-05-15,2022,Avenida Paulista,São Paulo,São Paulo
Heavy Baile,2022-05-15,2022,Spark Arena,São Paulo,São Paulo
Marcelo D2,2022-05-15,2022,Spark Arena,São Paulo,São Paulo
Two Door Cinema Club,2022-05-15,2022,Spark Arena,São Paulo,São Paulo
Gorillaz,2022-05-15,2022,Spark Arena,São Paulo,São Paulo
Azymuth,2022-05-15,2022,SESC Avenida Paulista,São Paulo,São Paulo
Ben Portsmouth,2022-05-15,2022,Teatro Bradesco,São Paulo,São Paulo
Matuê,2022-05-15,2022,Spark Arena,São Paulo,São Paulo
Kiko Dinucci,2022-05-16,2022,Centro da Terra,São Paulo,São Paulo
Nina Maia,2022-05-17,2022,Centro da Terra,São Paulo,São Paulo
McFly,2022-05-17,2022,Espaço Unimed,São Paulo,São Paulo
McFly,2022-05-18,2022,Espaço Unimed,São Paulo,São Paulo
Two Door Cinema Club,2022-05-18,2022,Audio,São Paulo,São Paulo
Luísa Sonza,2022-05-19,2022,Auditório Ibirapuera,São Paulo,São Paulo
Gilberto Gil,2022-05-19,2022,Auditório Ibirapuera,São Paulo,São Paulo
Xamã,2022-05-19,2022,Auditório Ibirapuera,São Paulo,São Paulo
Ductape,2022-05-20,2022,Madame Club,São Paulo,São Paulo
The Kooks,2022-05-20,2022,Espaço Unimed,São Paulo,São Paulo
Lockdown,2022-05-20,2022,Audio,São Paulo,São Paulo
Emperor,2022-05-20,2022,Audio,São Paulo,São Paulo
Delfeayo Marsalis,2022-05-20,2022,SESC Pompéia,São Paulo,São Paulo
Chico César & Geraldo Azevedo,2022-05-21,2022,Tokio Marine Hall,São Paulo,São Paulo
João Gomes,2022-05-21,2022,Arena Anhembi,São Paulo,São Paulo
Felipe Andreoli,2022-05-21,2022,La Iglesia Borratxeria,São Paulo,São Paulo
Foojammers,2022-05-21,2022,Praça Giovani Montagna,São Paulo,São Paulo
Tarcísio do Acordeon,2022-05-21,2022,Arena Anhembi,São Paulo,São Paulo
THE DRIVER ERA,2022-05-21,2022,Cine Joia,São Paulo,São Paulo
Xand Avião,2022-05-21,2022,Arena Anhembi,São Paulo,São Paulo
Bullet Bane,2022-05-21,2022,Fabrique Club,São Paulo,São Paulo
NATTAN,2022-05-21,2022,Arena Anhembi,São Paulo,São Paulo
Deserdados,2022-05-21,2022,Fenda 315,São Paulo,São Paulo
Zé Vaqueiro,2022-05-21,2022,Arena Anhembi,São Paulo,São Paulo
Subalternos,2022-05-21,2022,Fenda 315,São Paulo,São Paulo
Mute,2022-05-21,2022,Rock Together Studio,São Paulo,São Paulo
Criolo,2022-05-21,2022,Espaço Unimed,São Paulo,São Paulo
almost monday,2022-05-21,2022,Cine Joia,São Paulo,São Paulo
Academia da Berlinda,2022-05-22,2022,SESC Pompéia,São Paulo,São Paulo
Marc Martel,2022-05-22,2022,Espaço Unimed,São Paulo,São Paulo
Tasha & Tracie,2022-05-22,2022,Casa Natura Musical,São Paulo,São Paulo
Kiko Dinucci,2022-05-23,2022,Centro da Terra,São Paulo,São Paulo
Ultraje a rigor,2022-05-23,2022,The Noite com Danilo Gentili,Osasco,São Paulo
Os Paralamas do Sucesso,2022-05-23,2022,Faustão na Band,São Paulo,São Paulo
Noturnall,2022-05-23,2022,Estúdio Showlivre,São Paulo,São Paulo
Masego,2022-05-25,2022,Audio,São Paulo,São Paulo
Bala Desejo,2022-05-25,2022,Heavy House,São Paulo,São Paulo
Kamasi Washington,2022-05-25,2022,Audio,São Paulo,São Paulo
Bala Desejo,2022-05-26,2022,Casa Natura Musical,São Paulo,São Paulo
Jão,2022-05-27,2022,Espaço Unimed,São Paulo,São Paulo
Maria Rita,2022-05-27,2022,Blue Note São Paulo,São Paulo,São Paulo
Ira!,2022-05-28,2022,Anhembi,São Paulo,São Paulo
Dire Straits Legacy,2022-05-28,2022,Anhembi,São Paulo,São Paulo
Dfideliz,2022-05-28,2022,Av. Luiz Gushiken,São Paulo,São Paulo
Arlindinho,2022-05-28,2022,Praça Brasil,São Paulo,São Paulo
Vitão,2022-05-28,2022,Praça do Campo Limpo,São Paulo,São Paulo
Margareth Menezes,2022-05-28,2022,Vale do Anhangabaú,São Paulo,São Paulo
Pitty,2022-05-28,2022,Arena Anhembi,São Paulo,São Paulo
Plebe Rude,2022-05-28,2022,Arena Anhembi,São Paulo,São Paulo
Louis Tomlinson,2022-05-28,2022,Espaço Unimed,São Paulo,São Paulo
Don L,2022-05-28,2022,Vale do Anhangabaú,São Paulo,São Paulo
Originários Originais,2022-05-28,2022,Vale do Anhangabaú,São Paulo,São Paulo
Marcos & Belutti,2022-05-28,2022,São Paulo Expo,São Paulo,São Paulo
Péricles,2022-05-28,2022,Av. Miguel Conejo,São Paulo,São Paulo
Cólera,2022-05-28,2022,Casa de Cultura do Butantã,São Paulo,São Paulo
Rashid,2022-05-28,2022,Av. Luiz Gushiken,São Paulo,São Paulo
Kevinho,2022-05-28,2022,Vale do Anhangabaú,São Paulo,São Paulo
Black Alien,2022-05-28,2022,Centro de Formação Cultural Cidade Tiradentes,São Paulo,São Paulo
Thaeme & Thiago,2022-05-28,2022,Praça do Campo Limpo,São Paulo,São Paulo
Karol Conká,2022-05-28,2022,Centro de Formação Cultural Cidade Tiradentes,São Paulo,São Paulo
Turma do Pagode,2022-05-28,2022,São Paulo Expo,São Paulo,São Paulo
Cordel do Fogo Encantado,2022-05-28,2022,Av. Eliseu de Almeida,São Paulo,São Paulo
BLITZ,2022-05-28,2022,Teatro Bradesco,São Paulo,São Paulo
Sun Room,2022-05-28,2022,Espaço Unimed,São Paulo,São Paulo
As Mercenárias,2022-05-28,2022,Casa de Cultura do Butantã,São Paulo,São Paulo
Inocentes,2022-05-28,2022,Casa de Cultura do Butantã,São Paulo,São Paulo
Arnaldo Antunes,2022-05-28,2022,Av. Eliseu de Almeida,São Paulo,São Paulo
Jorge Aragão,2022-05-28,2022,Av. Luiz Dumont Villares,São Paulo,São Paulo
Potyguara Bardo,2022-05-28,2022,Centro Cultural Tendal da Lapa,São Paulo,São Paulo
Mumuzinho,2022-05-28,2022,Av. Luiz Gushiken,São Paulo,São Paulo
Rael,2022-05-28,2022,Praça Brasil,São Paulo,São Paulo
Catto,2022-05-28,2022,Centro Cultural São Paulo,São Paulo,São Paulo
Xande de Pilares,2022-05-28,2022,Praça do Campo Limpo,São Paulo,São Paulo
Vitor Kley,2022-05-28,2022,Vale do Anhangabaú,São Paulo,São Paulo
Lauana Prado,2022-05-28,2022,Praça Brasil,São Paulo,São Paulo
Zizi Possi,2022-05-28,2022,SESC Pompéia,São Paulo,São Paulo
Capital Inicial,2022-05-28,2022,Arena Anhembi,São Paulo,São Paulo
Sidney Magal,2022-05-28,2022,Av. Luiz Dumont Villares,São Paulo,São Paulo
Maria Rita,2022-05-28,2022,Blue Note São Paulo,São Paulo,São Paulo
Biquini,2022-05-28,2022,Arena Anhembi,São Paulo,São Paulo
Mariana Aydar,2022-05-28,2022,Parque Villa-Lobos,São Paulo,São Paulo
Marina Lima,2022-05-28,2022,SESC Pompéia,São Paulo,São Paulo
Nando Reis,2022-05-28,2022,Arena Anhembi,São Paulo,São Paulo
Gloria Groove,2022-05-28,2022,Praça Brasil,São Paulo,São Paulo
Criolo,2022-05-28,2022,Av. Luiz Dumont Villares,São Paulo,São Paulo
Tribo de Jah,2022-05-28,2022,Av. Deputado Dr. José Aristodemo Pinotti,São Paulo,São Paulo
Crypta,2022-05-29,2022,Carioca Club,São Paulo,São Paulo
POCAH,2022-05-29,2022,Praça Brasil,São Paulo,São Paulo
Vazio,2022-05-29,2022,Carioca Club,São Paulo,São Paulo
NervoChaos,2022-05-29,2022,Carioca Club,São Paulo,São Paulo
Cerberus Attack,2022-05-29,2022,Carioca Club,São Paulo,São Paulo
Rincon Sapiência,2022-05-29,2022,Av. Miguel Conejo,São Paulo,São Paulo
Kevin o Chris,2022-05-29,2022,Av. Luiz Dumont Villares,São Paulo,São Paulo
Ratos de Porão,2022-05-29,2022,Carioca Club,São Paulo,São Paulo
Bicho de Pé,2022-05-29,2022,Av. Luiz Gushiken,São Paulo,São Paulo
Krisiun,2022-05-29,2022,Carioca Club,São Paulo,São Paulo
Luísa Sonza,2022-05-29,2022,Vale do Anhangabaú,São Paulo,São Paulo
Plutão Já Foi Planeta,2022-05-29,2022,Casa de Cultura do Butantã,São Paulo,São Paulo
Juçara Marçal,2022-05-29,2022,Vale do Anhangabaú,São Paulo,São Paulo
Jaloo,2022-05-29,2022,Av. Luiz Dumont Villares,São Paulo,São Paulo
Majur,2022-05-29,2022,Vale do Anhangabaú,São Paulo,São Paulo
Samprazer,2022-05-29,2022,Centro de Formação Cultural Cidade Tiradentes,São Paulo,São Paulo
Fresno,2022-05-29,2022,Av. Eliseu de Almeida,São Paulo,São Paulo
Maria Rita,2022-05-29,2022,Blue Note São Paulo,São Paulo,São Paulo
Ave Sangria,2022-05-29,2022,Casa de Cultura do Butantã,São Paulo,São Paulo
Maglore,2022-05-29,2022,Casa de Cultura do Butantã,São Paulo,São Paulo
Zizi Possi,2022-05-29,2022,SESC Pompéia,São Paulo,São Paulo
Djonga,2022-05-29,2022,Praça Brasil,São Paulo,São Paulo
LUDMILLA,2022-05-29,2022,Av. Miguel Conejo,São Paulo,São Paulo
ÀTTØØXXÁ,2022-05-29,2022,Centro de Formação Cultural Cidade Tiradentes,São Paulo,São Paulo
Céu,2022-05-29,2022,Av. Eliseu de Almeida,São Paulo,São Paulo
Neguinho da Beija Flor,2022-05-29,2022,Av. Luiz Dumont Villares,São Paulo,São Paulo
Belphegor,2022-05-29,2022,Carioca Club,São Paulo,São Paulo
MC Soffia,2022-05-29,2022,Centro Cultural Grajaú,São Paulo,São Paulo
Cavetown,2022-05-29,2022,Cine Joia,São Paulo,São Paulo
Pitty,2022-05-29,2022,Av. Eliseu de Almeida,São Paulo,São Paulo
Maneva,2022-05-29,2022,Av. Deputado Dr. José Aristodemo Pinotti,São Paulo,São Paulo
Steel Pulse,2022-05-29,2022,Espaço Leste,São Paulo,São Paulo
Getúlio Abelha,2022-05-29,2022,Virada Cultural,São Paulo,São Paulo
Tássia Reis,2022-05-29,2022,Vale do Anhangabaú,São Paulo,São Paulo
Tasha & Tracie,2022-05-29,2022,Centro de Formação Cultural Cidade Tiradentes,São Paulo,São Paulo
Diogo Nogueira,2022-05-29,2022,Av. Miguel Conejo,São Paulo,São Paulo
Letrux,2022-05-29,2022,Centro Cultural Tendal da Lapa,São Paulo,São Paulo
Ferrugem,2022-05-29,2022,Praça Brasil,São Paulo,São Paulo
Sandra de Sá,2022-05-29,2022,SESC Pompéia,São Paulo,São Paulo
Filipe Ret,2022-05-29,2022,Av. Luiz Dumont Villares,São Paulo,São Paulo
Supla,2022-05-29,2022,Centro Cultural Tendal da Lapa,São Paulo,São Paulo
Far from Alaska,2022-05-29,2022,Av. Eliseu de Almeida,São Paulo,São Paulo
Don Juan,2022-05-29,2022,Av. Luiz Gushiken,São Paulo,São Paulo
Drik Barbosa,2022-05-29,2022,Praça Brasil,São Paulo,São Paulo
Louis Tomlinson,2022-05-29,2022,Espaço Unimed,São Paulo,São Paulo
Os Barões da Pisadinha,2022-05-29,2022,Av. Deputado Dr. José Aristodemo Pinotti,São Paulo,São Paulo
Edson Gomes,2022-05-29,2022,Espaço Leste,São Paulo,São Paulo
Luedji Luna,2022-05-29,2022,Praça do Campo Limpo,São Paulo,São Paulo
Frank Aguiar,2022-05-29,2022,Av. Deputado Dr. José Aristodemo Pinotti,São Paulo,São Paulo
Planet Hemp,2022-05-29,2022,Vale do Anhangabaú,São Paulo,São Paulo
Adão Negro,2022-05-29,2022,Espaço Leste,São Paulo,São Paulo
Edgar,2022-05-29,2022,Vale do Anhangabaú,São Paulo,São Paulo
Groundation,2022-05-29,2022,Espaço Leste,São Paulo,São Paulo
MC Hariel,2022-05-29,2022,Av. Deputado Dr. José Aristodemo Pinotti,São Paulo,São Paulo
Mato Seco,2022-05-29,2022,Espaço Leste,São Paulo,São Paulo
Maskavo,2022-05-29,2022,Espaço Leste,São Paulo,São Paulo
Sun Room,2022-05-29,2022,Espaço Unimed,São Paulo,São Paulo
Ponto de Equilíbrio,2022-05-29,2022,Espaço Leste,São Paulo,São Paulo
Cidade Verde Sounds,2022-05-29,2022,Espaço Leste,São Paulo,São Paulo
Planta & Raiz,2022-05-29,2022,Espaço Leste,São Paulo,São Paulo
Cavetown,2022-05-30,2022,Cine Joia,São Paulo,São Paulo
Céu,2022-06-01,2022,Espaço Unimed,São Paulo,São Paulo
Joss Stone,2022-06-01,2022,Espaço Unimed,São Paulo,São Paulo
Tagua Tagua,2022-06-02,2022,SESC Pompéia,São Paulo,São Paulo
Curved Air,2022-06-02,2022,Espaço Unimed,São Paulo,São Paulo
Renaissance,2022-06-02,2022,Espaço Unimed,São Paulo,São Paulo
Tatá Aeroplano,2022-06-02,2022,Picles Cardeal,São Paulo,São Paulo
Amen Jr,2022-06-03,2022,Casa Rockambole,São Paulo,São Paulo
Violeta de Outono,2022-06-03,2022,SESC Belenzinho,São Paulo,São Paulo
Falsa Luz,2022-06-03,2022,Rua Fidalga 642,São Paulo,São Paulo
Metá Metá,2022-06-04,2022,Studio SP,São Paulo,São Paulo
Andralls,2022-06-04,2022,Fabrique Club,São Paulo,São Paulo
Gangrena Gasosa,2022-06-04,2022,Fabrique Club,São Paulo,São Paulo
Cemitério,2022-06-04,2022,Fabrique Club,São Paulo,São Paulo
Djavan,2022-06-04,2022,Espaço Unimed,São Paulo,São Paulo
Luísa Sonza,2022-06-04,2022,Parque do Ibirapuera,São Paulo,São Paulo
Fresno,2022-06-04,2022,Audio,São Paulo,São Paulo
Manger Cadavre?,2022-06-04,2022,Fabrique Club,São Paulo,São Paulo
Xênia França,2022-06-05,2022,Teatro SESC Pompéia,São Paulo,São Paulo
Kaê Guajajara + Bia Ferreira,2022-06-05,2022,Casa Natura Musical,São Paulo,São Paulo
Fresno,2022-06-05,2022,Audio,São Paulo,São Paulo
LANY,2022-06-07,2022,Cine Joia,São Paulo,São Paulo
Hiromi,2022-06-08,2022,Teatro Renault,São Paulo,São Paulo
DJ Marky,2022-06-09,2022,Fábrica de Postes,São Paulo,São Paulo
Vintage Culture,2022-06-09,2022,Fábrica de Postes,São Paulo,São Paulo
ANAVITÓRIA,2022-06-09,2022,Espaço Unimed,São Paulo,São Paulo
Foojammers,2022-06-10,2022,Willi Willie Bar e Arqueria,São Paulo,São Paulo
Nando Reis,2022-06-10,2022,Vibra São Paulo,São Paulo,São Paulo
Axty,2022-06-10,2022,Hangar 110,São Paulo,São Paulo
Di Ferrero,2022-06-10,2022,Cine Joia,São Paulo,São Paulo
Children of the Beast,2022-06-11,2022,Manifesto Bar,São Paulo,São Paulo
hoovaranas,2022-06-11,2022,Clube 68A,São Paulo,São Paulo
Garotas Suecas,2022-06-11,2022,SESC Belenzinho,São Paulo,São Paulo
Enorion,2022-06-11,2022,Manifesto Bar,São Paulo,São Paulo
Gloria Groove,2022-06-12,2022,São Paulo,São Paulo,São Paulo
Mônica Salmaso,2022-06-12,2022,SESC Pinheiros,São Paulo,São Paulo
Pitty,2022-06-14,2022,Altas Horas,São Paulo,São Paulo
Armandinho,2022-06-15,2022,Espaço Unimed,São Paulo,São Paulo
Ultraje a rigor,2022-06-15,2022,The Noite com Danilo Gentili,Osasco,São Paulo
Daniela Mercury,2022-06-16,2022,Arena Anhembi,São Paulo,São Paulo
Ivete Sangalo,2022-06-16,2022,Arena Anhembi,São Paulo,São Paulo
Luísa Sonza,2022-06-16,2022,Arena Anhembi,São Paulo,São Paulo
Karol Conká,2022-06-17,2022,Sambódromo do Anhembi,São Paulo,São Paulo
LUDMILLA,2022-06-17,2022,Arena Anhembi,São Paulo,São Paulo
Ajuliacosta,2022-06-17,2022,Sambódromo do Anhembi,São Paulo,São Paulo
Gloria Groove,2022-06-17,2022,Arena Anhembi,São Paulo,São Paulo
Pabllo Vittar,2022-06-17,2022,Arena Anhembi,São Paulo,São Paulo
Tasha & Tracie,2022-06-17,2022,SESC Pompéia,São Paulo,São Paulo
Jaeder Menossi,2022-06-17,2022,La Iglesia Borratxeria,São Paulo,São Paulo
Aretuza Lovi,2022-06-17,2022,Rosas de Ouro,São Paulo,São Paulo
Playboi Carti,2022-06-17,2022,Sambódromo do Anhembi,São Paulo,São Paulo
Destroy Lonely,2022-06-17,2022,Sambódromo do Anhembi,São Paulo,São Paulo
Tuyo,2022-06-17,2022,Casa de Cultura do Butantã,São Paulo,São Paulo
The Giant Void,2022-06-17,2022,La Iglesia Borratxeria,São Paulo,São Paulo
SoFaygo,2022-06-17,2022,Sambódromo do Anhembi,São Paulo,São Paulo
Babado Novo,2022-06-17,2022,Arena Anhembi,São Paulo,São Paulo
Ken Carson,2022-06-17,2022,Sambódromo do Anhembi,São Paulo,São Paulo
Veigh,2022-06-17,2022,Sambódromo do Anhembi,São Paulo,São Paulo
Brisa Flow,2022-06-17,2022,Centro Cultural São Paulo,São Paulo,São Paulo
KA$HDAMI,2022-06-17,2022,Sambódromo do Anhembi,São Paulo,São Paulo
Tim Bernardes,2022-06-18,2022,Cultura Livre,São Paulo,São Paulo
G4 Boyz,2022-06-18,2022,Sambódromo do Anhembi,São Paulo,São Paulo
DaniLeigh,2022-06-18,2022,Sambódromo do Anhembi,São Paulo,São Paulo
Pi’erre Bourne,2022-06-18,2022,Sambódromo do Anhembi,São Paulo,São Paulo
Danny Bond,2022-06-18,2022,Arena Anhembi,São Paulo,São Paulo
BK,2022-06-18,2022,Sambódromo do Anhembi,São Paulo,São Paulo
Alexandre Pires & Seu Jorge,2022-06-18,2022,Vibra São Paulo,São Paulo,São Paulo
É o Tchan,2022-06-18,2022,Arena Anhembi,São Paulo,São Paulo
Pepita,2022-06-18,2022,Arena Anhembi,São Paulo,São Paulo
Claudia Leitte,2022-06-18,2022,Arena Anhembi,São Paulo,São Paulo
Lia Clark,2022-06-18,2022,Arena Anhembi,São Paulo,São Paulo
Jup do Bairro,2022-06-18,2022,SESC Pompéia,São Paulo,São Paulo
Recayd Mob,2022-06-18,2022,Sambódromo do Anhembi,São Paulo,São Paulo
Djonga,2022-06-18,2022,Sambódromo do Anhembi,São Paulo,São Paulo
Anum Preto,2022-06-18,2022,Madame Club,São Paulo,São Paulo
Selofan,2022-06-18,2022,Madame Club,São Paulo,São Paulo
Plastique Noir,2022-06-18,2022,Madame Club,São Paulo,São Paulo
Drik Barbosa,2022-06-18,2022,Sambódromo do Anhembi,São Paulo,São Paulo
Yunk Vino,2022-06-18,2022,Sambódromo do Anhembi,São Paulo,São Paulo
Chitãozinho & Xororó,2022-06-18,2022,Clube Atlético Juventus,São Paulo,São Paulo
Sidoka,2022-06-18,2022,Sambódromo do Anhembi,São Paulo,São Paulo
Febem,2022-06-18,2022,Sambódromo do Anhembi,São Paulo,São Paulo
Filipe Ret,2022-06-18,2022,Sambódromo do Anhembi,São Paulo,São Paulo
Alinne Rosa,2022-06-18,2022,Arena Anhembi,São Paulo,São Paulo
SahBabii,2022-06-19,2022,Arena Anhembi,São Paulo,São Paulo
MD Chefe ft. DomLaike,2022-06-19,2022,Sambódromo do Anhembi,São Paulo,São Paulo
slipmami,2022-06-19,2022,Sambódromo do Anhembi,São Paulo,São Paulo
Kyan,2022-06-19,2022,Sambódromo do Anhembi,São Paulo,São Paulo
POCAH,2022-06-19,2022,Rua Augusta,São Paulo,São Paulo
Bktherula,2022-06-19,2022,Sambódromo do Anhembi,São Paulo,São Paulo
Luísa Sonza,2022-06-19,2022,Avenida Paulista,São Paulo,São Paulo
MARO,2022-06-19,2022,Sala São Paulo,São Paulo,São Paulo
Lexa,2022-06-19,2022,Avenida Paulista,São Paulo,São Paulo
Pepita,2022-06-19,2022,Avenida Paulista,São Paulo,São Paulo
Angra,2022-06-19,2022,Espaço Leste,São Paulo,São Paulo
Trippie Redd,2022-06-19,2022,Sambódromo do Anhembi,São Paulo,São Paulo
Garage Fuzz,2022-06-19,2022,Hangar 110,São Paulo,São Paulo
Jojo Maronttinni,2022-06-19,2022,Avenida Paulista,São Paulo,São Paulo
Aretuza Lovi,2022-06-19,2022,Avenida Paulista,São Paulo,São Paulo
Pabllo Vittar,2022-06-19,2022,Avenida Paulista,São Paulo,São Paulo
Raffa Moreira,2022-06-19,2022,Sambódromo do Anhembi,São Paulo,São Paulo
Ebony,2022-06-19,2022,Sambódromo do Anhembi,São Paulo,São Paulo
Tasha & Tracie,2022-06-19,2022,Sambódromo do Anhembi,São Paulo,São Paulo
Orochi,2022-06-19,2022,Sambódromo do Anhembi,São Paulo,São Paulo
MC Dricka,2022-06-19,2022,Sambódromo do Anhembi,São Paulo,São Paulo
Racionais MC’s,2022-06-19,2022,Sambódromo do Anhembi,São Paulo,São Paulo
Slayyyter,2022-06-19,2022,Cine Joia,São Paulo,São Paulo
LUDMILLA,2022-06-19,2022,Avenida Paulista,São Paulo,São Paulo
Hugin Munin,2022-06-19,2022,Carioca Club,São Paulo,São Paulo
Terra Celta,2022-06-19,2022,Carioca Club,São Paulo,São Paulo
Borges,2022-06-19,2022,Sambódromo do Anhembi,São Paulo,São Paulo
N.I.N.A (Nina do Porte),2022-06-19,2022,Sambódromo do Anhembi,São Paulo,São Paulo
Alexandre Pires & Seu Jorge,2022-06-19,2022,Vibra São Paulo,São Paulo,São Paulo
Roupa Nova,2022-06-19,2022,Clube Atlético Juventus,São Paulo,São Paulo
Skalyface,2022-06-19,2022,Espaço Leste,São Paulo,São Paulo
Corvus Corax,2022-06-19,2022,Carioca Club,São Paulo,São Paulo
Liniker,2022-06-19,2022,Avenida Paulista,São Paulo,São Paulo
Gretchen,2022-06-19,2022,Avenida Paulista,São Paulo,São Paulo
Boom Boom Kid,2022-06-19,2022,Hangar 110,São Paulo,São Paulo
João Bosco,2022-06-19,2022,Itaú Cultural,São Paulo,São Paulo
Rogério Flausino,2022-06-22,2022,Tokio Marine Hall,São Paulo,São Paulo
Vitor Kley,2022-06-22,2022,Tokio Marine Hall,São Paulo,São Paulo
Seu Jorge,2022-06-22,2022,Tokio Marine Hall,São Paulo,São Paulo
Pixote,2022-06-22,2022,Tokio Marine Hall,São Paulo,São Paulo
Supla,2022-06-22,2022,Tokio Marine Hall,São Paulo,São Paulo
Jão,2022-06-22,2022,Tokio Marine Hall,São Paulo,São Paulo
Dinho Ouro Preto,2022-06-22,2022,Tokio Marine Hall,São Paulo,São Paulo
Caetano Veloso,2022-06-24,2022,Espaço Unimed,São Paulo,São Paulo
Getúlio Abelha,2022-06-24,2022,Casa Natura Musical,São Paulo,São Paulo
Paulo Miklos,2022-06-24,2022,SESC Pinheiros,São Paulo,São Paulo
Boyce Avenue,2022-06-24,2022,Carioca Club,São Paulo,São Paulo
Flora Matos,2022-06-24,2022,Audio,São Paulo,São Paulo
Hermeto Pascoal,2022-06-25,2022,Parque Villa-Lobos,São Paulo,São Paulo
Pesta,2022-06-25,2022,La Iglesia Borratxeria,São Paulo,São Paulo
Paulo Ricardo,2022-06-25,2022,Teatro Bradesco,São Paulo,São Paulo
Caetano Veloso,2022-06-25,2022,Espaço Unimed,São Paulo,São Paulo
Ultraje a rigor,2022-06-25,2022,Parque São Jorge,São Paulo,São Paulo
Jean Tassy,2022-06-26,2022,City Lights Music Hall,São Paulo,São Paulo
Deb and The Mentals,2022-06-26,2022,Carioca Club,São Paulo,São Paulo
Scatolove,2022-06-26,2022,Carioca Club,São Paulo,São Paulo
Supercombo,2022-06-26,2022,Carioca Club,São Paulo,São Paulo
Lucas Inutilismo,2022-06-26,2022,Audio,São Paulo,São Paulo
Douglas Germano,2022-06-27,2022,SESC Carmo,São Paulo,São Paulo
Jimmy Burns,2022-06-28,2022,Quintal deBetti,São Paulo,São Paulo
Jão,2022-06-29,2022,Domingão com Huck,São Paulo,São Paulo
MC Tha,2022-06-30,2022,Cine Joia,São Paulo,São Paulo
Autoramas,2022-06-30,2022,Teatro SESC 24 de Maio,São Paulo,São Paulo
Karol Conká,2022-07-01,2022,FaBrinkedos,São Paulo,São Paulo
Danny Bond,2022-07-01,2022,FaBrinkedos,São Paulo,São Paulo
Lia Clark,2022-07-01,2022,FaBrinkedos,São Paulo,São Paulo
POCAH,2022-07-01,2022,FaBrinkedos,São Paulo,São Paulo
Aretuza Lovi,2022-07-01,2022,FaBrinkedos,São Paulo,São Paulo
Jan Lisiecki,2022-07-01,2022,Sala São Paulo,São Paulo,São Paulo
Wander Wildner,2022-07-01,2022,SESC Belenzinho,São Paulo,São Paulo
Terno Rei,2022-07-01,2022,SESC Santo Amaro,São Paulo,São Paulo
Emicida,2022-07-02,2022,Auditório Ibirapuera,São Paulo,São Paulo
Medjay,2022-07-02,2022,Tokio Marine Hall,São Paulo,São Paulo
DUDA BEAT,2022-07-02,2022,Auditório Ibirapuera,São Paulo,São Paulo
Angra,2022-07-02,2022,Tokio Marine Hall,São Paulo,São Paulo
Paulinho da Viola,2022-07-02,2022,Auditório Ibirapuera,São Paulo,São Paulo
Day Limns,2022-07-02,2022,Cine Joia,São Paulo,São Paulo
Pepita,2022-07-02,2022,FaBrinkedos,São Paulo,São Paulo
Urias,2022-07-02,2022,FaBrinkedos,São Paulo,São Paulo
Pabllo Vittar,2022-07-02,2022,FaBrinkedos,São Paulo,São Paulo
Mateus Carrilho,2022-07-02,2022,FaBrinkedos,São Paulo,São Paulo
Lagum,2022-07-02,2022,Auditório Ibirapuera,São Paulo,São Paulo
Jota Quest,2022-07-02,2022,Espaço Unimed,São Paulo,São Paulo
Trend Kill Ghosts,2022-07-02,2022,Manifesto Bar,São Paulo,São Paulo
Tim “Ripper” Owens,2022-07-02,2022,Manifesto Bar,São Paulo,São Paulo
Marcos Valle,2022-07-02,2022,Blue Note São Paulo,São Paulo,São Paulo
Marcos Valle,2022-07-02,2022,Blue Note São Paulo,São Paulo,São Paulo
Falsa Luz,2022-07-02,2022,João Ramalho 1494,São Paulo,São Paulo
Foojammers,2022-07-02,2022,Cardeal Pub,São Paulo,São Paulo
Terno Rei,2022-07-02,2022,SESC Santo Amaro,São Paulo,São Paulo
Baco Exu do Blues,2022-07-03,2022,Auditório Ibirapuera,São Paulo,São Paulo
Nando Reis,2022-07-03,2022,Auditório Ibirapuera,São Paulo,São Paulo
Luísa e os Alquimistas,2022-07-03,2022,Auditório Ibirapuera,São Paulo,São Paulo
Versus belli,2022-07-03,2022,Av. Paulista,São Paulo,São Paulo
Mart’nália,2022-07-03,2022,Auditório Ibirapuera,São Paulo,São Paulo
Jimmy Burns,2022-07-03,2022,Bourbon Street Music Club,São Paulo,São Paulo
Alceu Valença,2022-07-03,2022,Auditório Ibirapuera,São Paulo,São Paulo
Boogarins,2022-07-03,2022,Teatro Flávio Império,São Paulo,São Paulo
Marina de La Riva,2022-07-03,2022,SESC Pinheiros,São Paulo,São Paulo
BaianaSystem,2022-07-03,2022,Auditório Ibirapuera,São Paulo,São Paulo
Crypta,2022-07-04,2022,La Iglesia Borratxeria,São Paulo,São Paulo
Skank,2022-07-04,2022,Faustão na Band,São Paulo,São Paulo
Lucas Inutilismo,2022-07-08,2022,Audio,São Paulo,São Paulo
Zezé Di Camargo,2022-07-08,2022,Vila JK,São Paulo,São Paulo
Luedji Luna,2022-07-08,2022,SESC Santo Amaro,São Paulo,São Paulo
Carne Doce,2022-07-08,2022,SESC Belenzinho,São Paulo,São Paulo
Melody,2022-07-08,2022,Club Yacht,São Paulo,São Paulo
I Don't Like Mondays.,2022-07-08,2022,Anhembi,São Paulo,São Paulo
Ricardo Cruz,2022-07-08,2022,Pavilhão de Exposições do Anhembi,São Paulo,São Paulo
Pitty,2022-07-09,2022,Audio,São Paulo,São Paulo
Tom Zé,2022-07-09,2022,SESC Vila Mariana,São Paulo,São Paulo
Senpai Old School,2022-07-09,2022,Distrito Anhembi,São Paulo,São Paulo
Jovem Dionisio,2022-07-09,2022,Cine Joia,São Paulo,São Paulo
Matsuko Mawatari,2022-07-09,2022,Distrito Anhembi,São Paulo,São Paulo
medicos cubanos,2022-07-09,2022,Estúdio Aurora,São Paulo,São Paulo
Mundo Livre S/A,2022-07-09,2022,SESC Bom Retiro,São Paulo,São Paulo
Crypta,2022-07-09,2022,Centro Cultural da Juventude Ruth Cardoso,São Paulo,São Paulo
YUYU20,2022-07-09,2022,Distrito Anhembi,São Paulo,São Paulo
Letrux,2022-07-09,2022,SESC Pinheiros,São Paulo,São Paulo
DKZ,2022-07-09,2022,Korean Cultural Center,São Paulo,São Paulo
Supercombo,2022-07-09,2022,SESC Santo Amaro,São Paulo,São Paulo
Gaijin Sentai,2022-07-09,2022,Distrito Anhembi,São Paulo,São Paulo
Bong Brigade,2022-07-09,2022,Hangar 110,São Paulo,São Paulo
Tuyo,2022-07-09,2022,Casa de Cultura Municipal da Vila Guilherme - Casarão,São Paulo,São Paulo
Vitor Kley,2022-07-10,2022,Casa Natura Musical,São Paulo,São Paulo
Menores Atos,2022-07-10,2022,Casa de Cultura do Butantã,São Paulo,São Paulo
Claudia Leitte,2022-07-10,2022,Domingão com Huck,São Paulo,São Paulo
Dead Fish,2022-07-10,2022,Casa de Cultura do Butantã,São Paulo,São Paulo
Angvstia,2022-07-10,2022,Lau Estúdio,Osasco,São Paulo
Lenine,2022-07-10,2022,SESC Belenzinho,São Paulo,São Paulo
Hateen,2022-07-10,2022,Casa de Cultura Municipal da Vila Guilherme - Casarão,São Paulo,São Paulo
O Verme Vencedor,2022-07-10,2022,Lau Estúdio,Osasco,São Paulo
Danger 3,2022-07-10,2022,Anhembi,São Paulo,São Paulo
Boogarins,2022-07-10,2022,Centro Cultural da Penha,São Paulo,São Paulo
Ana Gabriela,2022-07-10,2022,Casa Natura Musical,São Paulo,São Paulo
BABYBEARD,2022-07-10,2022,Anhembi,São Paulo,São Paulo
Letrux,2022-07-10,2022,SESC Pinheiros,São Paulo,São Paulo
Tatá Aeroplano,2022-07-13,2022,SESC Pinheiros,São Paulo,São Paulo
Angra,2022-07-13,2022,Dax Rooftop,São Paulo,São Paulo
Margareth Menezes,2022-07-15,2022,SESC Pompéia,São Paulo,São Paulo
Amen Jr,2022-07-15,2022,Casa Natura Musical,São Paulo,São Paulo
Esteban Tavares,2022-07-15,2022,Casa Natura Musical,São Paulo,São Paulo
Cefa,2022-07-16,2022,Carioca Club,São Paulo,São Paulo
Angela Ro Ro,2022-07-16,2022,SESC Belenzinho,São Paulo,São Paulo
Jards Macalé,2022-07-16,2022,SESC Belenzinho,São Paulo,São Paulo
Andru Donalds,2022-07-16,2022,Blue Note São Paulo,São Paulo,São Paulo
Teco Martins,2022-07-16,2022,Carioca Club,São Paulo,São Paulo
Zander,2022-07-16,2022,Fabrique Club,São Paulo,São Paulo
Detonautas Roque Clube,2022-07-17,2022,Tokio Marine Hall,São Paulo,São Paulo
Boogarins,2022-07-17,2022,Casa de Cultura Chico Science,São Paulo,São Paulo
The Joe Perry Project,2022-07-17,2022,Área Externa do Auditório Ibirapuera,São Paulo,São Paulo
Lan Lanh,2022-07-17,2022,Auditório Ibirapuera,São Paulo,São Paulo
Raimundos,2022-07-17,2022,Tokio Marine Hall,São Paulo,São Paulo
Yohan Kisser,2022-07-17,2022,Auditório Ibirapuera,São Paulo,São Paulo
a‐ha,2022-07-18,2022,Espaço Unimed,São Paulo,São Paulo
a‐ha,2022-07-19,2022,Espaço Unimed,São Paulo,São Paulo
Ultraje a rigor,2022-07-21,2022,The Noite com Danilo Gentili,Osasco,São Paulo
Marcelo Jeneci,2022-07-21,2022,Parque da Água Branca,São Paulo,São Paulo
Marisa Monte,2022-07-21,2022,Espaço Unimed,São Paulo,São Paulo
Halleck,2022-07-22,2022,Porão da Cerveja,São Paulo,São Paulo
Erasmo Carlos,2022-07-22,2022,SESC Pinheiros,São Paulo,São Paulo
Marisa Monte,2022-07-22,2022,Espaço Unimed,São Paulo,São Paulo
Decreto Lei 50,2022-07-22,2022,Augusta 472 Rock Bar,São Paulo,São Paulo
KARD,2022-07-22,2022,Carioca Club,São Paulo,São Paulo
Don L,2022-07-22,2022,SESC Santo Amaro,São Paulo,São Paulo
FBC,2022-07-22,2022,SESC Pompéia,São Paulo,São Paulo
Jão,2022-07-22,2022,Teatro Bradesco,São Paulo,São Paulo
Autoramas,2022-07-23,2022,SESC Santo Amaro,São Paulo,São Paulo
FBC,2022-07-23,2022,SESC Pompéia,São Paulo,São Paulo
UrucumTrio,2022-07-23,2022,Cardeal Pub,São Paulo,São Paulo
Marisa Monte,2022-07-23,2022,Espaço Unimed,São Paulo,São Paulo
Rosa Tigre,2022-07-23,2022,Hangar 110,São Paulo,São Paulo
Subalternos,2022-07-23,2022,Hangar 110,São Paulo,São Paulo
Rodrigo Teaser,2022-07-23,2022,Tokio Marine Hall,São Paulo,São Paulo
Metade de Mim,2022-07-23,2022,Fabrique Club,São Paulo,São Paulo
Boogarins,2022-07-24,2022,Centro Cultural Tendal da Lapa,São Paulo,São Paulo
Command6,2022-07-24,2022,Legends Music & Bar,São Paulo,São Paulo
Bullet Bane,2022-07-24,2022,Rockfun Fest,São Paulo,São Paulo
Viper,2022-07-24,2022,Rock Fun Fest,São Paulo,São Paulo
Black Pantera,2022-07-24,2022,Centro Cultural Tendal da Lapa,São Paulo,São Paulo
Ratos de Porão,2022-07-24,2022,Casa de Cultura Itaim Paulista,São Paulo,São Paulo
PEDRO SAMPAIO,2022-07-26,2022,Vibra São Paulo,São Paulo,São Paulo
LUDMILLA,2022-07-26,2022,Vibra São Paulo,São Paulo,São Paulo
Matuê,2022-07-26,2022,Vibra São Paulo,São Paulo,São Paulo
Luísa Sonza,2022-07-26,2022,Vibra São Paulo,São Paulo,São Paulo
Xamã,2022-07-26,2022,Vibra São Paulo,São Paulo,São Paulo
Zakes Bantwini,2022-07-26,2022,Vibra São Paulo,São Paulo,São Paulo
Jão,2022-07-26,2022,Vibra São Paulo,São Paulo,São Paulo
Skank,2022-07-26,2022,Vibra São Paulo,São Paulo,São Paulo
Marisa Monte,2022-07-28,2022,Espaço Unimed,São Paulo,São Paulo
Bebé Salvego,2022-07-28,2022,SESC Pompéia,São Paulo,São Paulo
Sophia Chablau e Uma Enorme Perda de Tempo,2022-07-29,2022,SESC Avenida Paulista,São Paulo,São Paulo
Nirvana Experience (ex-Hormoaning),2022-07-29,2022,Altas Horas Rock Bar,São Paulo,São Paulo
Marisa Monte,2022-07-29,2022,Espaço Unimed,São Paulo,São Paulo
14 Bis,2022-07-29,2022,Blue Note São Paulo,São Paulo,São Paulo
UrucumTrio,2022-07-29,2022,CavePool,São Paulo,São Paulo
Trend Kill Ghosts,2022-07-30,2022,Tokio Marine Hall,São Paulo,São Paulo
Symphony X,2022-07-30,2022,Tokio Marine Hall,São Paulo,São Paulo
Marcão Britto & Thiago Castanho Charlie Brown Jr.,2022-07-30,2022,Vibra São Paulo,São Paulo,São Paulo
DENNIS,2022-07-30,2022,Estádio do Canindé,São Paulo,São Paulo
Tuyo,2022-07-30,2022,SESC Santo Amaro,São Paulo,São Paulo
Allen Key,2022-07-31,2022,Audio,São Paulo,São Paulo
Shaman,2022-07-31,2022,Audio,São Paulo,São Paulo
UrucumTrio,2022-08-04,2022,Estúdio Casa Azul,São Paulo,São Paulo
Foojammers,2022-08-04,2022,Cardeal Pub,São Paulo,São Paulo
Bruno Berle,2022-08-04,2022,Studio SP,São Paulo,São Paulo
Sepultura,2022-08-05,2022,SESC Pompéia,São Paulo,São Paulo
Blues Etílicos,2022-08-05,2022,SESC Belenzinho,São Paulo,São Paulo
Espacialrias,2022-08-05,2022,Porão da Cerveja,São Paulo,São Paulo
Emicida,2022-08-05,2022,SESC Vila Mariana,São Paulo,São Paulo
Adriana Calcanhotto,2022-08-05,2022,SESC Belenzinho,São Paulo,São Paulo
Cachorro Grande,2022-08-05,2022,Cine Joia,São Paulo,São Paulo
Guilherme Arantes,2022-08-05,2022,Tokio Marine Hall,São Paulo,São Paulo
Delta Sleep,2022-08-06,2022,Jai Club,São Paulo,São Paulo
Tortuganónima,2022-08-06,2022,Jai Club,São Paulo,São Paulo
Sepultura,2022-08-06,2022,SESC Pompéia,São Paulo,São Paulo
Emicida,2022-08-06,2022,SESC Vila Mariana,São Paulo,São Paulo
medicos cubanos,2022-08-06,2022,A Gruta Bar,São Paulo,São Paulo
Adriana Calcanhotto,2022-08-06,2022,SESC Belenzinho,São Paulo,São Paulo
Marina Sena,2022-08-06,2022,Audio,São Paulo,São Paulo
Blues Etílicos,2022-08-06,2022,SESC Belenzinho,São Paulo,São Paulo
Odradek,2022-08-06,2022,Jai Club,São Paulo,São Paulo
Sinaya,2022-08-07,2022,Audio,São Paulo,São Paulo
Os Brutus,2022-08-07,2022,Tarantino Cervejaria,São Paulo,São Paulo
Rosa Tigre,2022-08-07,2022,Tarantino Cervejaria,São Paulo,São Paulo
Gritando HC,2022-08-07,2022,Tarantino Cervejaria,São Paulo,São Paulo
Manu Gavassi,2022-08-07,2022,Espaço Unimed,São Paulo,São Paulo
Cólera,2022-08-07,2022,Tarantino Cervejaria,São Paulo,São Paulo
Palavra Cantada,2022-08-07,2022,Tokio Marine Hall,São Paulo,São Paulo
Krisiun,2022-08-07,2022,Audio,São Paulo,São Paulo
Max & Iggor Cavalera,2022-08-07,2022,Audio,São Paulo,São Paulo
Kisser Clan,2022-08-07,2022,Auditório Ibirapuera,São Paulo,São Paulo
Maurício Pereira,2022-08-07,2022,Teatro Sérgio Cardoso,São Paulo,São Paulo
Emicida,2022-08-07,2022,SESC Vila Mariana,São Paulo,São Paulo
Adriana Calcanhotto,2022-08-07,2022,SESC Belenzinho,São Paulo,São Paulo
Ash Code,2022-08-07,2022,Fofinho Rock Club,São Paulo,São Paulo
Não Há Mais Volta,2022-08-07,2022,Tarantino Cervejaria,São Paulo,São Paulo
Ira!,2022-08-07,2022,Carioca Club,São Paulo,São Paulo
Seafret,2022-08-08,2022,Fabrique Club,São Paulo,São Paulo
Eduardo Falaschi,2022-08-08,2022,The Noite com Danilo Gentili,Osasco,São Paulo
Joelma,2022-08-08,2022,The Noite com Danilo Gentili,Osasco,São Paulo
Leonardo Gonçalves,2022-08-10,2022,Teatro Bradesco,São Paulo,São Paulo
Lost in Society,2022-08-10,2022,Fffront,São Paulo,São Paulo
IMPAVID COLOSSUS,2022-08-10,2022,Fffront,São Paulo,São Paulo
Tyrone Vaughan,2022-08-11,2022,Bourbon Street Music Club,São Paulo,São Paulo
Chico César & Geraldo Azevedo,2022-08-11,2022,SESC Belenzinho,São Paulo,São Paulo
Bala Desejo,2022-08-12,2022,SESC Pompéia,São Paulo,São Paulo
Getúlio Abelha,2022-08-12,2022,Mundo Pensante,São Paulo,São Paulo
Espacialrias,2022-08-12,2022,Depois do Fim do Mundo Estúdio,São Paulo,São Paulo
Céu,2022-08-12,2022,SESC Vila Mariana,São Paulo,São Paulo
Chico César & Geraldo Azevedo,2022-08-12,2022,SESC Belenzinho,São Paulo,São Paulo
PRISCILLA,2022-08-12,2022,Audio,São Paulo,São Paulo
Atalhos,2022-08-12,2022,SESC Santo Amaro,São Paulo,São Paulo
Filarmônica de Pasárgada,2022-08-12,2022,Teatro SESC Pompéia,São Paulo,São Paulo
Innabrain,2022-08-13,2022,Casa de Cultura São Rafael,São Paulo,São Paulo
Potyguara Bardo,2022-08-13,2022,Audio,São Paulo,São Paulo
Arrigo Barnabé,2022-08-13,2022,Teatro SESC Pompéia,São Paulo,São Paulo
MCND,2022-08-13,2022,Carioca Club,São Paulo,São Paulo
Lobão,2022-08-13,2022,Teatro Bradesco,São Paulo,São Paulo
UrucumTrio,2022-08-13,2022,Estúdio Pirata 63,São Paulo,São Paulo
Chico César & Geraldo Azevedo,2022-08-13,2022,SESC Belenzinho,São Paulo,São Paulo
Kisser Clan,2022-08-13,2022,SESC Santo Amaro,São Paulo,São Paulo
Sons of Apollo,2022-08-13,2022,Tokio Marine Hall,São Paulo,São Paulo
Jão,2022-08-14,2022,Espaço Unimed,São Paulo,São Paulo
Tim Bernardes,2022-08-16,2022,Blue Note São Paulo,São Paulo,São Paulo
Chico César,2022-08-16,2022,Blue Note São Paulo,São Paulo,São Paulo
Sampa the Great,2022-08-17,2022,Audio,São Paulo,São Paulo
Cascadura,2022-08-18,2022,Casa Rockambole,São Paulo,São Paulo
Sandy,2022-08-18,2022,Espaço Unimed,São Paulo,São Paulo
Anitta,2022-08-19,2022,Neo Química Arena,São Paulo,São Paulo
Sandy,2022-08-19,2022,Espaço Unimed,São Paulo,São Paulo
Paula Toller,2022-08-19,2022,Tokio Marine Hall,São Paulo,São Paulo
Jup do Bairro,2022-08-19,2022,Cine Joia,São Paulo,São Paulo
Papatinho,2022-08-19,2022,Neo Química Arena,São Paulo,São Paulo
Di Melo,2022-08-19,2022,SESC Ipiranga,São Paulo,São Paulo
Golpe de Estado,2022-08-19,2022,SESC Santo Amaro,São Paulo,São Paulo
Linn da Quebrada,2022-08-19,2022,Cine Joia,São Paulo,São Paulo
BRAZA,2022-08-19,2022,Casa Natura Musical,São Paulo,São Paulo
Gloria Groove,2022-08-19,2022,Neo Química Arena,São Paulo,São Paulo
Foojammers,2022-08-19,2022,Presley Pub,São Paulo,São Paulo
Joelma,2022-08-19,2022,Faustão na Band,São Paulo,São Paulo
LUDMILLA,2022-08-20,2022,Distrito Anhembi,São Paulo,São Paulo
BRAZA,2022-08-20,2022,Casa Natura Musical,São Paulo,São Paulo
Paula Toller,2022-08-20,2022,Tokio Marine Hall,São Paulo,São Paulo
Zimbra,2022-08-20,2022,Osaka Naniwa Kai,São Paulo,São Paulo
PEDRO SAMPAIO,2022-08-20,2022,Distrito Anhembi,São Paulo,São Paulo
Xand Avião,2022-08-20,2022,Distrito Anhembi,São Paulo,São Paulo
Jorge & Mateus,2022-08-20,2022,Distrito Anhembi,São Paulo,São Paulo
Wander Wildner,2022-08-20,2022,SESC Santo Amaro,São Paulo,São Paulo
Gustavo Mioto,2022-08-20,2022,Distrito Anhembi,São Paulo,São Paulo
Forgotten Boys,2022-08-20,2022,Associação Cultural Cecília,São Paulo,São Paulo
Jão,2022-08-20,2022,Espaço Unimed,São Paulo,São Paulo
Zé Neto & Cristiano,2022-08-20,2022,Distrito Anhembi,São Paulo,São Paulo
Mari Fernandez,2022-08-20,2022,Distrito Anhembi,São Paulo,São Paulo
Zander,2022-08-21,2022,Fabrique Club,São Paulo,São Paulo
Darvin,2022-08-21,2022,Fabrique Club,São Paulo,São Paulo
Hateen,2022-08-21,2022,Fabrique Club,São Paulo,São Paulo
Gloria,2022-08-21,2022,Fabrique Club,São Paulo,São Paulo
Eduardo Falaschi,2022-08-21,2022,Tokio Marine Hall,São Paulo,São Paulo
ROSALÍA,2022-08-22,2022,Espaço Unimed,São Paulo,São Paulo
Bala Desejo,2022-08-22,2022,Casa Rockambole,São Paulo,São Paulo
Ivete Sangalo,2022-08-24,2022,Favela Gala,São Paulo,São Paulo
Walfredo em Busca da Simbiose,2022-08-25,2022,Cineclube Cortina,São Paulo,São Paulo
Luiza Brina,2022-08-25,2022,SESC Pompéia,São Paulo,São Paulo
Fabriccio,2022-08-25,2022,SESC Pompéia,São Paulo,São Paulo
Cícero,2022-08-26,2022,Cine Joia,São Paulo,São Paulo
Autoramas,2022-08-26,2022,SESC Belenzinho,São Paulo,São Paulo
Edgar,2022-08-26,2022,Teatro SESC 24 de Maio,São Paulo,São Paulo
Scatolove,2022-08-26,2022,Casa Rockambole,São Paulo,São Paulo
Zé Manoel,2022-08-26,2022,SESC Santo Amaro,São Paulo,São Paulo
João Bosco,2022-08-26,2022,SESC Pompéia,São Paulo,São Paulo
Bazuros,2022-08-26,2022,Secilians Shop,São Paulo,São Paulo
Milton Nascimento,2022-08-26,2022,Espaço Unimed,São Paulo,São Paulo
Ney Matogrosso,2022-08-26,2022,Vibra São Paulo,São Paulo,São Paulo
Xênia França,2022-08-27,2022,SESC Bom Retiro,São Paulo,São Paulo
Orochi,2022-08-27,2022,Estádio do Canindé,São Paulo,São Paulo
Mallu Magalhães,2022-08-27,2022,Tokio Marine Hall,São Paulo,São Paulo
João Bosco,2022-08-27,2022,SESC Pompéia,São Paulo,São Paulo
Milton Nascimento,2022-08-27,2022,Espaço Unimed,São Paulo,São Paulo
Escape the Fate,2022-08-27,2022,Carioca Club,São Paulo,São Paulo
Axty,2022-08-27,2022,Carioca Club,São Paulo,São Paulo
MC Hariel,2022-08-27,2022,Estádio do Canindé,São Paulo,São Paulo
Mato Seco,2022-08-28,2022,Espaço Unimed,São Paulo,São Paulo
The Wailers Band,2022-08-28,2022,Espaço Unimed,São Paulo,São Paulo
Chimarruts,2022-08-28,2022,Espaço Unimed,São Paulo,São Paulo
Mystifier,2022-08-28,2022,Family Mob Studios,São Paulo,São Paulo
Sophia Chablau e Uma Enorme Perda de Tempo,2022-08-28,2022,Picles Cardeal,São Paulo,São Paulo
Xênia França,2022-08-28,2022,SESC Bom Retiro,São Paulo,São Paulo
Children of the Beast,2022-08-28,2022,La Iglesia Borratxeria,São Paulo,São Paulo
Airbourne,2022-08-28,2022,Fabrique Club,São Paulo,São Paulo
Demi Lovato,2022-08-30,2022,Espaço Unimed,São Paulo,São Paulo
Tuyo,2022-08-30,2022,Espaço Unimed,São Paulo,São Paulo
Tuyo,2022-08-31,2022,Espaço Unimed,São Paulo,São Paulo
Flavia K,2022-08-31,2022,Blue Note São Paulo,São Paulo,São Paulo
Demi Lovato,2022-08-31,2022,Espaço Unimed,São Paulo,São Paulo
Dream Theater,2022-08-31,2022,Tokio Marine Hall,São Paulo,São Paulo
Juçara Marçal,2022-09-01,2022,Galeria Olido,São Paulo,São Paulo
Milton Nascimento,2022-09-01,2022,Espaço Unimed,São Paulo,São Paulo
Boogarins,2022-09-01,2022,Cineclube Cortina,São Paulo,São Paulo
Jair Naves,2022-09-01,2022,SESC Vila Mariana,São Paulo,São Paulo
Harakiri for the Sky,2022-09-02,2022,Carioca Club,São Paulo,São Paulo
Malefactor,2022-09-02,2022,Carioca Club,São Paulo,São Paulo
Milton Nascimento,2022-09-02,2022,Espaço Unimed,São Paulo,São Paulo
A Olívia,2022-09-02,2022,Casa Rockambole,São Paulo,São Paulo
Introtyl,2022-09-02,2022,Carioca Club,São Paulo,São Paulo
Masacre,2022-09-02,2022,Carioca Club,São Paulo,São Paulo
Conan,2022-09-02,2022,Carioca Club,São Paulo,São Paulo
Headhunter D.C.,2022-09-02,2022,Carioca Club,São Paulo,São Paulo
Brujería,2022-09-02,2022,Carioca Club,São Paulo,São Paulo
Rico Dalasam,2022-09-02,2022,Casa Natura Musical,São Paulo,São Paulo
Ross the Boss,2022-09-02,2022,Carioca Club,São Paulo,São Paulo
Esteban Tavares,2022-09-02,2022,Casa Rockambole,São Paulo,São Paulo
Letrux,2022-09-02,2022,SESC Santo Amaro,São Paulo,São Paulo
ROT,2022-09-02,2022,Carioca Club,São Paulo,São Paulo
Nirvana Experience (ex-Hormoaning),2022-09-02,2022,Relicário Rock Bar,São Paulo,São Paulo
Daniela Mercury,2022-09-03,2022,Sala São Paulo,São Paulo,São Paulo
Maglore,2022-09-03,2022,SESC Pompéia,São Paulo,São Paulo
Maria Gadú,2022-09-03,2022,Sala São Paulo,São Paulo,São Paulo
Weedeater,2022-09-03,2022,Carioca Club,São Paulo,São Paulo
Helheim,2022-09-03,2022,Carioca Club,São Paulo,São Paulo
Lupe de Lupe,2022-09-03,2022,Fffront,São Paulo,São Paulo
Bong Brigade,2022-09-03,2022,Fenda 315,São Paulo,São Paulo
Almir Sater,2022-09-03,2022,Vibra São Paulo,São Paulo,São Paulo
Neuroticos,2022-09-03,2022,Carioca Club,São Paulo,São Paulo
Saulo Duarte,2022-09-03,2022,Centro Cultural Tendal da Lapa,São Paulo,São Paulo
Lupe de Lupe,2022-09-03,2022,Fffront,São Paulo,São Paulo
Children of the Beast,2022-09-03,2022,Manifesto Bar,São Paulo,São Paulo
Heathen,2022-09-03,2022,Carioca Club,São Paulo,São Paulo
Psycroptic,2022-09-03,2022,Carioca Club,São Paulo,São Paulo
Vio‐lence,2022-09-03,2022,Carioca Club,São Paulo,São Paulo
Gatecreeper,2022-09-03,2022,Carioca Club,São Paulo,São Paulo
Bullet for My Valentine,2022-09-03,2022,Audio,São Paulo,São Paulo
Suicidal Angels,2022-09-03,2022,Carioca Club,São Paulo,São Paulo
Knife,2022-09-03,2022,Carioca Club,São Paulo,São Paulo
Iron Maiden,2022-09-04,2022,Estádio do Morumbi,São Paulo,São Paulo
Mork,2022-09-04,2022,Carioca Club,São Paulo,São Paulo
Avatar,2022-09-04,2022,Estádio do Morumbi,São Paulo,São Paulo
Raven,2022-09-04,2022,Carioca Club,São Paulo,São Paulo
Inter Arma,2022-09-04,2022,Carioca Club,São Paulo,São Paulo
Tribulation,2022-09-04,2022,Carioca Club,São Paulo,São Paulo
Soulburn,2022-09-04,2022,Carioca Club,São Paulo,São Paulo
Skeletal Remains,2022-09-04,2022,Carioca Club,São Paulo,São Paulo
Tulipa Ruiz,2022-09-04,2022,SESC Vila Mariana,São Paulo,São Paulo
Diamond Head,2022-09-04,2022,Carioca Club,São Paulo,São Paulo
Ultraje a rigor,2022-09-05,2022,The Noite com Danilo Gentili,Osasco,São Paulo
Corinne Bailey Rae,2022-09-05,2022,Teatro Bradesco,São Paulo,São Paulo
Falsa Luz,2022-09-06,2022,Associação Cultural Cecília,São Paulo,São Paulo
Fossilization,2022-09-06,2022,Associação Cultural Cecília,São Paulo,São Paulo
Dente Canino,2022-09-06,2022,Associação Cultural Cecília,São Paulo,São Paulo
In Venus,2022-09-06,2022,SESC Avenida Paulista,São Paulo,São Paulo
Evilcult,2022-09-06,2022,Associação Cultural Cecília,São Paulo,São Paulo
Neuroticos,2022-09-06,2022,Associação Cultural Cecília,São Paulo,São Paulo
Charlotte Matou um Cara,2022-09-06,2022,SESC Avenida Paulista,São Paulo,São Paulo
Ultraje a rigor,2022-09-06,2022,The Noite com Danilo Gentili,Osasco,São Paulo
Incantation,2022-09-07,2022,Fabrique Club,São Paulo,São Paulo
Avril Lavigne,2022-09-07,2022,Espaço Unimed,São Paulo,São Paulo
Suffocation,2022-09-07,2022,Fabrique Club,São Paulo,São Paulo
Day Limns,2022-09-07,2022,Espaço Unimed,São Paulo,São Paulo
Billy Idol,2022-09-08,2022,Pavilhão Pacaembu,São Paulo,São Paulo
Flicts,2022-09-08,2022,SESC Avenida Paulista,São Paulo,São Paulo
Dua Lipa,2022-09-08,2022,Arena Anhembi,São Paulo,São Paulo
Ratas Rabiosas,2022-09-08,2022,SESC Avenida Paulista,São Paulo,São Paulo
Arquétipo Rafa,2022-09-08,2022,SESC Pompéia,São Paulo,São Paulo
Jadsa,2022-09-08,2022,SESC Pompéia,São Paulo,São Paulo
Ombu,2022-09-09,2022,MIS - Museu da Imagem e do Som,São Paulo,São Paulo
Children of the Beast,2022-09-09,2022,ZN Highway,São Paulo,São Paulo
Bastille,2022-09-09,2022,Tokio Marine Hall,São Paulo,São Paulo
Måneskin,2022-09-09,2022,Espaço Unimed,São Paulo,São Paulo
Devotos,2022-09-09,2022,SESC Avenida Paulista,São Paulo,São Paulo
Black Pantera,2022-09-09,2022,SESC Avenida Paulista,São Paulo,São Paulo
Metá Metá,2022-09-09,2022,Casa Natura Musical,São Paulo,São Paulo
Novo Amor,2022-09-09,2022,Fabrique Club,São Paulo,São Paulo
Macy Gray,2022-09-09,2022,Blue Note São Paulo,São Paulo,São Paulo
Malka,2022-09-10,2022,Fábrica de Brinquedos,São Paulo,São Paulo
LARINHX,2022-09-10,2022,Fábrica de Brinquedos,São Paulo,São Paulo
Titãs,2022-09-10,2022,Tokio Marine Hall,São Paulo,São Paulo
Armin van Buuren,2022-09-10,2022,Arca Spaces,São Paulo,São Paulo
CPM 22,2022-09-10,2022,Vibra São Paulo,São Paulo,São Paulo
Fresno,2022-09-10,2022,Vibra São Paulo,São Paulo,São Paulo
Di Ferrero,2022-09-10,2022,Vibra São Paulo,São Paulo,São Paulo
Detonautas Roque Clube,2022-09-10,2022,Vibra São Paulo,São Paulo,São Paulo
DUDA BEAT,2022-09-10,2022,Parque da Independência,São Paulo,São Paulo
Decreto Lei 50,2022-09-10,2022,Galeria Olido,São Paulo,São Paulo
Yu Su,2022-09-10,2022,Fábrica de Brinquedos,São Paulo,São Paulo
Frontinn,2022-09-10,2022,Fábrica de Brinquedos,São Paulo,São Paulo
Suzanne Kraft,2022-09-10,2022,Fábrica de Brinquedos,São Paulo,São Paulo
Jessie J,2022-09-10,2022,Pavilhão Pacaembu,São Paulo,São Paulo
Jorge Ben Jor,2022-09-10,2022,Espaço Unimed,São Paulo,São Paulo
Leo Justi,2022-09-10,2022,Fábrica de Brinquedos,São Paulo,São Paulo
VHOOR,2022-09-10,2022,Fábrica de Brinquedos,São Paulo,São Paulo
Devotos,2022-09-10,2022,SESC Avenida Paulista,São Paulo,São Paulo
As Mercenárias,2022-09-10,2022,SESC Avenida Paulista,São Paulo,São Paulo
Palmbomen II,2022-09-10,2022,Fábrica de Brinquedos,São Paulo,São Paulo
Akin Deckard,2022-09-10,2022,Fábrica de Brinquedos,São Paulo,São Paulo
Vladimir Ivkovic,2022-09-10,2022,Fábrica de Brinquedos,São Paulo,São Paulo
KIM WOOJIN,2022-09-11,2022,Carioca Club,São Paulo,São Paulo
Angvstia,2022-09-11,2022,Centro Cultural da Juventude Ruth Cardoso,São Paulo,São Paulo
As Mercenárias,2022-09-11,2022,SESC Avenida Paulista,São Paulo,São Paulo
Black Pantera,2022-09-11,2022,SESC Avenida Paulista,São Paulo,São Paulo
Zander,2022-09-11,2022,Centro Cultural da Juventude Ruth Cardoso,São Paulo,São Paulo
Metade de Mim,2022-09-11,2022,Centro Cultural da Juventude Ruth Cardoso,São Paulo,São Paulo
Pentagram,2022-09-11,2022,Hangar 110,São Paulo,São Paulo
ANAVITÓRIA,2022-09-11,2022,Tokio Marine Hall,São Paulo,São Paulo
Rodrigo Amarante,2022-09-14,2022,Audio,São Paulo,São Paulo
Mayra Andrade,2022-09-14,2022,Audio,São Paulo,São Paulo
Tuyo,2022-09-15,2022,Cineclube Cortina,São Paulo,São Paulo
Ana Frango Elétrico,2022-09-15,2022,City Lights Music Hall,São Paulo,São Paulo
KL Jay,2022-09-16,2022,Memorial da América Latina,São Paulo,São Paulo
Gilberto Gil,2022-09-16,2022,Memorial da América Latina,São Paulo,São Paulo
Crypta,2022-09-16,2022,SESC Belenzinho,São Paulo,São Paulo
Children of the Beast,2022-09-16,2022,Casa Amarela Pub,Osasco,São Paulo
Gloria Groove,2022-09-16,2022,Espaço Unimed,São Paulo,São Paulo
Biquini,2022-09-16,2022,Clube Atlético Juventus,São Paulo,São Paulo
Tasha & Tracie,2022-09-16,2022,Memorial da América Latina,São Paulo,São Paulo
Mayra Andrade,2022-09-16,2022,Memorial da América Latina,São Paulo,São Paulo
Deekapz,2022-09-16,2022,Memorial da América Latina,São Paulo,São Paulo
Djavan,2022-09-16,2022,Memorial da América Latina,São Paulo,São Paulo
Liniker,2022-09-16,2022,Memorial da América Latina,São Paulo,São Paulo
Alceu Valença,2022-09-17,2022,Memorial da América Latina,São Paulo,São Paulo
Julian Marley,2022-09-17,2022,Espaço Unimed,São Paulo,São Paulo
Halleck,2022-09-17,2022,Red Star Studios,São Paulo,São Paulo
Crypta,2022-09-17,2022,SESC Belenzinho,São Paulo,São Paulo
Gal Costa,2022-09-17,2022,Memorial da América Latina,São Paulo,São Paulo
BK,2022-09-17,2022,Memorial da América Latina,São Paulo,São Paulo
Rachel Reis,2022-09-17,2022,Memorial da América Latina,São Paulo,São Paulo
Ana Frango Elétrico,2022-09-17,2022,Memorial da América Latina,São Paulo,São Paulo
Bala Desejo,2022-09-17,2022,Memorial da América Latina,São Paulo,São Paulo
Lulu Santos,2022-09-17,2022,Tokio Marine Hall,São Paulo,São Paulo
Agnes Nunes,2022-09-17,2022,Blue Note São Paulo,São Paulo,São Paulo
CESRV,2022-09-17,2022,Memorial da América Latina,São Paulo,São Paulo
Ancesttral,2022-09-18,2022,Carioca Club,São Paulo,São Paulo
Black Alien,2022-09-18,2022,Memorial da América Latina,São Paulo,São Paulo
Bad Manners,2022-09-18,2022,Hangar 110,São Paulo,São Paulo
Maria Bethânia,2022-09-18,2022,Memorial da América Latina,São Paulo,São Paulo
Burning Witches,2022-09-18,2022,Carioca Club,São Paulo,São Paulo
Rodrigo Amarante,2022-09-18,2022,Memorial da América Latina,São Paulo,São Paulo
Marina Sena,2022-09-18,2022,Memorial da América Latina,São Paulo,São Paulo
Destruction,2022-09-18,2022,Carioca Club,São Paulo,São Paulo
Pelados,2022-09-19,2022,Centro da Terra,São Paulo,São Paulo
Xamã,2022-09-20,2022,GExperience,São Paulo,São Paulo
Jão,2022-09-20,2022,Cineclube Cortina,São Paulo,São Paulo
Ana Carolina,2022-09-22,2022,Espaço Unimed,São Paulo,São Paulo
Detonautas Roque Clube,2022-09-22,2022,Faustão na Band,São Paulo,São Paulo
Melody,2022-09-22,2022,Club Yacht,São Paulo,São Paulo
Baco Exu do Blues,2022-09-23,2022,Audio,São Paulo,São Paulo
Pitty & Nando Reis,2022-09-23,2022,Espaço Unimed,São Paulo,São Paulo
Les Mémoires Fall,2022-09-23,2022,CIAM,São Paulo,São Paulo
Carne Doce,2022-09-23,2022,Casa Natura Musical,São Paulo,São Paulo
Tim Bernardes,2022-09-23,2022,SESC Pinheiros,São Paulo,São Paulo
Weight of Emptiness,2022-09-23,2022,CIAM,São Paulo,São Paulo
Chaosfear,2022-09-24,2022,Fabrique Club,São Paulo,São Paulo
Sevenn,2022-09-24,2022,Allianz Parque,São Paulo,São Paulo
Obituary,2022-09-24,2022,Fabrique Club,São Paulo,São Paulo
Jorge Drexler,2022-09-24,2022,Vibra São Paulo,São Paulo,São Paulo
Milton Nascimento,2022-09-24,2022,Espaço Unimed,São Paulo,São Paulo
Alaíde Costa,2022-09-24,2022,Teatro Sérgio Cardoso,São Paulo,São Paulo
Anvil FX,2022-09-24,2022,SESC 24 de Maio,São Paulo,São Paulo
Carol Biazin,2022-09-24,2022,Cine Joia,São Paulo,São Paulo
Guns N’ Roses,2022-09-24,2022,Allianz Parque,São Paulo,São Paulo
Pelados,2022-09-24,2022,Casa Rockambole,São Paulo,São Paulo
Tim Bernardes,2022-09-24,2022,SESC Pinheiros,São Paulo,São Paulo
Alinbloom,2022-09-25,2022,Fabrique Club,São Paulo,São Paulo
Skalyface,2022-09-25,2022,Carioca Club,São Paulo,São Paulo
Estado Zero,2022-09-25,2022,Fabrique Club,São Paulo,São Paulo
Cefa,2022-09-25,2022,Fabrique Club,São Paulo,São Paulo
Innabrain,2022-09-25,2022,Freaks Bar,São Paulo,São Paulo
Milton Nascimento,2022-09-25,2022,Espaço Unimed,São Paulo,São Paulo
Trend Kill Ghosts,2022-09-25,2022,Carioca Club,São Paulo,São Paulo
Ensiferum,2022-09-25,2022,Carioca Club,São Paulo,São Paulo
Joyce,2022-09-25,2022,SESC Pinheiros,São Paulo,São Paulo
HORIZON KEY,2022-09-25,2022,Fabrique Club,São Paulo,São Paulo
Incendio,2022-09-25,2022,Fabrique Club,São Paulo,São Paulo
Capital Inicial,2022-09-26,2022,Faustão na Band,São Paulo,São Paulo
Gross,2022-09-27,2022,Centro Cultural São Paulo,São Paulo,São Paulo
Sandy,2022-09-28,2022,Espaço Unimed,São Paulo,São Paulo
Andreas Kisser,2022-09-28,2022,Audio,São Paulo,São Paulo
The Gathering,2022-09-28,2022,Manifesto Bar,São Paulo,São Paulo
Metade de Mim,2022-09-29,2022,Fffront,São Paulo,São Paulo
DKB,2022-09-29,2022,Carioca Club,São Paulo,São Paulo
Oficina G3,2022-09-29,2022,Audio,São Paulo,São Paulo
Alexandre Pires & Seu Jorge,2022-09-30,2022,Clube Atlético Juventus,São Paulo,São Paulo
Spektra,2022-09-30,2022,Kiss & Fly Club,São Paulo,São Paulo
Letrux,2022-09-30,2022,Cine Joia,São Paulo,São Paulo
Rockin'1000,2022-10-01,2022,Allianz Parque,São Paulo,São Paulo
MC Binn,2022-10-01,2022,Villa Industrial,São Paulo,São Paulo
Espacialrias,2022-10-01,2022,Jai Club,São Paulo,São Paulo
Teto,2022-10-01,2022,Pavilhão de Exposições do Anhembi,São Paulo,São Paulo
Cidade Verde Sounds,2022-10-01,2022,Pavilhão de Exposições do Anhembi,São Paulo,São Paulo
ConeCrewDiretoria,2022-10-01,2022,Pavilhão de Exposições do Anhembi,São Paulo,São Paulo
BaianaSystem,2022-10-01,2022,Pavilhão de Exposições do Anhembi,São Paulo,São Paulo
Lagum,2022-10-01,2022,Pavilhão de Exposições do Anhembi,São Paulo,São Paulo
Cypress Hill,2022-10-01,2022,Pavilhão de Exposições do Anhembi,São Paulo,São Paulo
Planet Hemp,2022-10-01,2022,Pavilhão de Exposições do Anhembi,São Paulo,São Paulo
Dr. Sin,2022-10-01,2022,SESC Belenzinho,São Paulo,São Paulo
Mato Seco,2022-10-01,2022,Pavilhão de Exposições do Anhembi,São Paulo,São Paulo
Black Alien,2022-10-01,2022,Pavilhão de Exposições do Anhembi,São Paulo,São Paulo
Criolo,2022-10-01,2022,Pavilhão de Exposições do Anhembi,São Paulo,São Paulo
Hardwell,2022-10-01,2022,LaRoc Club,São Paulo,São Paulo
Mike Love,2022-10-01,2022,Pavilhão de Exposições do Anhembi,São Paulo,São Paulo
Costa Gold,2022-10-01,2022,Pavilhão de Exposições do Anhembi,São Paulo,São Paulo
Sticky Fingers,2022-10-01,2022,Pavilhão de Exposições do Anhembi,São Paulo,São Paulo
SOJA,2022-10-01,2022,Pavilhão de Exposições do Anhembi,São Paulo,São Paulo
Cynthia Luz,2022-10-01,2022,Pavilhão de Exposições do Anhembi,São Paulo,São Paulo
Jinjer,2022-10-01,2022,Carioca Club,São Paulo,São Paulo
Maneva,2022-10-01,2022,Pavilhão de Exposições do Anhembi,São Paulo,São Paulo
Racionais MC’s,2022-10-01,2022,Pavilhão de Exposições do Anhembi,São Paulo,São Paulo
Djonga,2022-10-01,2022,Pavilhão de Exposições do Anhembi,São Paulo,São Paulo
Matuê,2022-10-01,2022,Pavilhão de Exposições do Anhembi,São Paulo,São Paulo
Pat Metheny,2022-10-04,2022,Teatro Alfa,São Paulo,São Paulo
Exploding Star Orchestra,2022-10-05,2022,SESC Pompéia,São Paulo,São Paulo
The Baggios,2022-10-06,2022,Cine Joia,São Paulo,São Paulo
El Mató a un Policía Motorizado,2022-10-06,2022,Cine Joia,São Paulo,São Paulo
Scracho,2022-10-07,2022,Carioca Club,São Paulo,São Paulo
Abajur,2022-10-07,2022,SESC Pompéia,São Paulo,São Paulo
Vanguart,2022-10-07,2022,SESC Santo Amaro,São Paulo,São Paulo
Eric Prydz,2022-10-07,2022,Arca Spaces,São Paulo,São Paulo
Inocentes,2022-10-07,2022,La Iglesia Borratxeria,São Paulo,São Paulo
Golpe de Estado,2022-10-07,2022,Espaço Som,São Paulo,São Paulo
Aliados,2022-10-07,2022,Audio,São Paulo,São Paulo
Silva,2022-10-07,2022,Ginásio do Ibirapuera,São Paulo,São Paulo
Marcão Britto & Thiago Castanho Charlie Brown Jr.,2022-10-07,2022,Audio,São Paulo,São Paulo
Billy The Kid,2022-10-08,2022,Jai Club,São Paulo,São Paulo
Black Alien,2022-10-08,2022,Memorial da América Latina,São Paulo,São Paulo
BK,2022-10-08,2022,Memorial da América Latina,São Paulo,São Paulo
Eric Prydz,2022-10-08,2022,Arca Spaces,São Paulo,São Paulo
Maurício Pereira,2022-10-08,2022,Instituto Çarê,São Paulo,São Paulo
Tasha & Tracie,2022-10-08,2022,Memorial da América Latina,São Paulo,São Paulo
Monobloco,2022-10-08,2022,Ginásio do Ibirapuera,São Paulo,São Paulo
Foojammers,2022-10-08,2022,Praça Giovani Montagna,São Paulo,São Paulo
Djonga,2022-10-08,2022,Memorial da América Latina,São Paulo,São Paulo
Helloween,2022-10-08,2022,Espaço Unimed,São Paulo,São Paulo
Gloria Groove,2022-10-08,2022,Allianz Parque Hall,São Paulo,São Paulo
Violeta de Outono,2022-10-08,2022,Madame Underground Club,São Paulo,São Paulo
Scracho,2022-10-08,2022,Carioca Club,São Paulo,São Paulo
Rodrigo Ogi,2022-10-08,2022,Studio SP,São Paulo,São Paulo
Banda AL9,2022-10-08,2022,Teatro Jardim Sul,São Paulo,São Paulo
J Balvin,2022-10-08,2022,Allianz Parque Hall,São Paulo,São Paulo
HammerFall,2022-10-08,2022,Espaço Unimed,São Paulo,São Paulo
Tropkillaz,2022-10-08,2022,Allianz Parque Hall,São Paulo,São Paulo
TINI,2022-10-08,2022,Vibra São Paulo,São Paulo,São Paulo
Eric Prydz,2022-10-09,2022,Arca Spaces,São Paulo,São Paulo
Nicole Mitchell's Black Earth Sway,2022-10-09,2022,SESC Pompéia,São Paulo,São Paulo
Helloween,2022-10-09,2022,Espaço Unimed,São Paulo,São Paulo
Zélia Duncan,2022-10-09,2022,Ginásio do Ibirapuera,São Paulo,São Paulo
Dermot Kennedy,2022-10-09,2022,Avenida Paulista,São Paulo,São Paulo
Dani Black,2022-10-09,2022,Casa Natura Musical,São Paulo,São Paulo
HammerFall,2022-10-09,2022,Espaço Unimed,São Paulo,São Paulo
Jão,2022-10-10,2022,Blue Note São Paulo,São Paulo,São Paulo
Ananda,2022-10-11,2022,Espaço Aroo,São Paulo,São Paulo
Video Game Orchestra,2022-10-11,2022,Expo Center Norte,São Paulo,São Paulo
Day Limns,2022-10-11,2022,Espaço Aroo,São Paulo,São Paulo
Bianca,2022-10-11,2022,Espaço Aroo,São Paulo,São Paulo
Skalyface,2022-10-12,2022,Carioca Club,São Paulo,São Paulo
Number Teddie,2022-10-12,2022,Centro Esportivo e de Lazer Tietê,São Paulo,São Paulo
Fresno,2022-10-12,2022,Expo Center Norte,São Paulo,São Paulo
Wanessa Camargo,2022-10-12,2022,Teatro Bradesco,São Paulo,São Paulo
Fresno,2022-10-12,2022,Centro Esportivo e de Lazer Tietê,São Paulo,São Paulo
Perotá Chingó,2022-10-12,2022,Centro Esportivo e de Lazer Tietê,São Paulo,São Paulo
TUM,2022-10-12,2022,Centro Esportivo e de Lazer Tietê,São Paulo,São Paulo
Video Games Live,2022-10-12,2022,Expo Center Norte,São Paulo,São Paulo
Ouse Morrer,2022-10-12,2022,GAS Studios,São Paulo,São Paulo
BADSISTA,2022-10-12,2022,Centro Esportivo e de Lazer Tietê,São Paulo,São Paulo
Jack White,2022-10-12,2022,Centro Esportivo e de Lazer Tietê,São Paulo,São Paulo
Rincon Sapiência,2022-10-12,2022,Centro Esportivo e de Lazer Tietê,São Paulo,São Paulo
Trend Kill Ghosts,2022-10-12,2022,Carioca Club,São Paulo,São Paulo
Chet Faker,2022-10-12,2022,Centro Esportivo e de Lazer Tietê,São Paulo,São Paulo
Pixies,2022-10-12,2022,Centro Esportivo e de Lazer Tietê,São Paulo,São Paulo
Prong,2022-10-12,2022,Fabrique Club,São Paulo,São Paulo
Sonic Symphony,2022-10-12,2022,Expo Center Norte,São Paulo,São Paulo
Cat Power,2022-10-12,2022,Centro Esportivo e de Lazer Tietê,São Paulo,São Paulo
U.D.O.,2022-10-12,2022,Carioca Club,São Paulo,São Paulo
Brisa Flow,2022-10-12,2022,Centro Esportivo e de Lazer Tietê,São Paulo,São Paulo
Jup do Bairro,2022-10-12,2022,Centro Esportivo e de Lazer Tietê,São Paulo,São Paulo
Bufo Borealis,2022-10-13,2022,Blue Note São Paulo,São Paulo,São Paulo
David Garrett,2022-10-13,2022,Espaço Unimed,São Paulo,São Paulo
Sandy,2022-10-13,2022,Conjunto Nacional,São Paulo,São Paulo
Beast in Black,2022-10-14,2022,Espaço Unimed,São Paulo,São Paulo
Nightwish,2022-10-14,2022,Espaço Unimed,São Paulo,São Paulo
Nirvana Experience (ex-Hormoaning),2022-10-14,2022,Altas Horas Rock Bar,São Paulo,São Paulo
Mariá Portugal,2022-10-14,2022,SESC Pompéia,São Paulo,São Paulo
Violeta de Outono,2022-10-14,2022,London Calling Discos,São Paulo,São Paulo
Gabriel Nandes,2022-10-14,2022,Teatro da Rotina,São Paulo,São Paulo
Tulipa Ruiz,2022-10-14,2022,SESC Pinheiros,São Paulo,São Paulo
Lenine,2022-10-15,2022,Sala São Paulo,São Paulo,São Paulo
Espacialrias,2022-10-15,2022,Red Star Studios,São Paulo,São Paulo
Jorge Aragão,2022-10-15,2022,Sambódromo do Anhembi,São Paulo,São Paulo
Espacialrias,2022-10-15,2022,Passagem Literária da Consolação,São Paulo,São Paulo
Gilsons,2022-10-15,2022,Sambódromo do Anhembi,São Paulo,São Paulo
Lara Silva,2022-10-15,2022,VIP Station,São Paulo,São Paulo
Baby do Brasil,2022-10-15,2022,Sambódromo do Anhembi,São Paulo,São Paulo
APNEA,2022-10-15,2022,Hangar 110,São Paulo,São Paulo
Adriana Calcanhotto,2022-10-15,2022,Sambódromo do Anhembi,São Paulo,São Paulo
Wanessa Camargo,2022-10-15,2022,High Club,São Paulo,São Paulo
Zeca Baleiro,2022-10-15,2022,Sambódromo do Anhembi,São Paulo,São Paulo
MC Mirella,2022-10-15,2022,VIP Station,São Paulo,São Paulo
Arnaldo Antunes,2022-10-15,2022,Sala São Paulo,São Paulo,São Paulo
Hanson,2022-10-15,2022,Espaço Unimed,São Paulo,São Paulo
Black Mantra,2022-10-15,2022,Studio SP,São Paulo,São Paulo
Orkestra Rumpilezz,2022-10-15,2022,SESC Pompéia,São Paulo,São Paulo
Vivendo do Ócio,2022-10-15,2022,Centro Cultural Tendal da Lapa,São Paulo,São Paulo
Lab. Fantasma,2022-10-15,2022,Sambódromo do Anhembi,São Paulo,São Paulo
Apnea,2022-10-15,2022,Hangar 110,São Paulo,São Paulo
medicos cubanos,2022-10-15,2022,Estúdio Aurora,São Paulo,São Paulo
Nitrominds,2022-10-15,2022,Hangar 110,São Paulo,São Paulo
Air Supply,2022-10-16,2022,Espaço Unimed,São Paulo,São Paulo
Mahmundi,2022-10-16,2022,Itaú Cultural,São Paulo,São Paulo
Vanessa da Mata,2022-10-16,2022,Sambódromo do Anhembi,São Paulo,São Paulo
Diogo Nogueira,2022-10-16,2022,Sambódromo do Anhembi,São Paulo,São Paulo
Bala Desejo,2022-10-16,2022,Sambódromo do Anhembi,São Paulo,São Paulo
DPR LIVE,2022-10-16,2022,Audio,São Paulo,São Paulo
Elba Ramalho,2022-10-16,2022,Sambódromo do Anhembi,São Paulo,São Paulo
Frejat,2022-10-16,2022,Sambódromo do Anhembi,São Paulo,São Paulo
DPR CREAM,2022-10-16,2022,Audio,São Paulo,São Paulo
DPR REM,2022-10-16,2022,Audio,São Paulo,São Paulo
Ana Cañas,2022-10-16,2022,Teatro Gazeta,São Paulo,São Paulo
Susana Baca,2022-10-16,2022,SESC Pompéia,São Paulo,São Paulo
Nando Reis,2022-10-16,2022,Sambódromo do Anhembi,São Paulo,São Paulo
DPR IAN,2022-10-16,2022,Audio,São Paulo,São Paulo
Oficina G3,2022-10-17,2022,The Noite com Danilo Gentili,Osasco,São Paulo
Pedro Pastoriz,2022-10-18,2022,Centro Cultural São Paulo,São Paulo,São Paulo
She Past Away,2022-10-19,2022,Cine Joia,São Paulo,São Paulo
Sophia Chablau,2022-10-19,2022,Casa Rockambole,São Paulo,São Paulo
Dobet Gnahoré,2022-10-19,2022,SESC Pompéia,São Paulo,São Paulo
Ray Lema,2022-10-20,2022,SESC Pompéia,São Paulo,São Paulo
Halleck,2022-10-20,2022,Fenda 315,São Paulo,São Paulo
Tagua Tagua,2022-10-20,2022,Cineclube Cortina,São Paulo,São Paulo
Leela,2022-10-20,2022,Casa Rockambole,São Paulo,São Paulo
Daniel Drexler,2022-10-20,2022,Casa Natura Musical,São Paulo,São Paulo
THE PURO,2022-10-20,2022,Casa Rockambole,São Paulo,São Paulo
Melody,2022-10-21,2022,Largo São Francisco,São Paulo,São Paulo
MC Carol,2022-10-21,2022,Largo São Francisco,São Paulo,São Paulo
Skank,2022-10-21,2022,Espaço Unimed,São Paulo,São Paulo
Gloria Groove,2022-10-21,2022,FaBrinkedos,São Paulo,São Paulo
Pabllo Vittar,2022-10-21,2022,FaBrinkedos,São Paulo,São Paulo
A Banda Mais Bonita da Cidade,2022-10-21,2022,Casa Rockambole,São Paulo,São Paulo
Children of the Beast,2022-10-21,2022,Morrison Rock Bar,São Paulo,São Paulo
Skank,2022-10-22,2022,Espaço Unimed,São Paulo,São Paulo
Cleef,2022-10-22,2022,Casa Rockambole,São Paulo,São Paulo
The Mission,2022-10-22,2022,Carioca Club,São Paulo,São Paulo
Torture Squad,2022-10-22,2022,Centro Cultural Tendal da Lapa,São Paulo,São Paulo
Gloria Groove,2022-10-22,2022,Rosas de Ouro,São Paulo,São Paulo
Alestorm,2022-10-22,2022,Fabrique Club,São Paulo,São Paulo
Kokoroko,2022-10-22,2022,SESC Pompéia,São Paulo,São Paulo
Marina Lima,2022-10-22,2022,Praça das Artes,São Paulo,São Paulo
Dead Fish,2022-10-23,2022,Centro Cultural Tendal da Lapa,São Paulo,São Paulo
Black Label Society,2022-10-23,2022,Audio,São Paulo,São Paulo
Kokoroko,2022-10-23,2022,SESC Pompéia,São Paulo,São Paulo
Yngwie Malmsteen,2022-10-24,2022,Carioca Club,São Paulo,São Paulo
DUDA BEAT,2022-10-25,2022,Teatro Alfa,São Paulo,São Paulo
Letrux,2022-10-25,2022,Galeria Olido,São Paulo,São Paulo
Cyro Sampaio,2022-10-27,2022,Cine Joia,São Paulo,São Paulo
James Boogaloo Bolden,2022-10-27,2022,Bourbon Street Music Club,São Paulo,São Paulo
Letrux,2022-10-27,2022,Casa de Cultura do Butantã,São Paulo,São Paulo
Ivete Sangalo,2022-10-27,2022,Rede Globo Estudio,São Paulo,São Paulo
Esteban Tavares,2022-10-27,2022,Cine Joia,São Paulo,São Paulo
medicos cubanos,2022-10-28,2022,Picles Cardeal,São Paulo,São Paulo
Halleck,2022-10-28,2022,Mad Bird,São Paulo,São Paulo
Foojammers,2022-10-28,2022,Presley Pub,São Paulo,São Paulo
Gloria,2022-10-29,2022,Carioca Club,São Paulo,São Paulo
Luedji Luna,2022-10-29,2022,SESC Pinheiros,São Paulo,São Paulo
Paula Toller,2022-10-29,2022,Audio,São Paulo,São Paulo
Blues Pills,2022-10-29,2022,Carioca Club,São Paulo,São Paulo
Flageladör,2022-10-30,2022,Jai Club,São Paulo,São Paulo
Daniela Mercury,2022-10-30,2022,Avenida Paulista,São Paulo,São Paulo
Toxic Holocaust,2022-10-30,2022,Jai Club,São Paulo,São Paulo
The Mission,2022-10-30,2022,Carioca Club,São Paulo,São Paulo
Gene Loves Jezebel,2022-10-30,2022,Carioca Club,São Paulo,São Paulo
Cynthia Luz,2022-10-31,2022,Cine Joia,São Paulo,São Paulo
Benjamin Ferreira,2022-10-31,2022,Cine Joia,São Paulo,São Paulo
ÀVUÀ,2022-10-31,2022,Cine Joia,São Paulo,São Paulo
Karen Francis,2022-10-31,2022,Cine Joia,São Paulo,São Paulo
Tuyo,2022-10-31,2022,Cine Joia,São Paulo,São Paulo
BRVNKS,2022-11-01,2022,Cine Joia,São Paulo,São Paulo
Gab Ferreira,2022-11-01,2022,Cine Joia,São Paulo,São Paulo
Ana Frango Elétrico,2022-11-01,2022,Cine Joia,São Paulo,São Paulo
Milton Nascimento,2022-11-01,2022,Espaço Unimed,São Paulo,São Paulo
VHOOR,2022-11-01,2022,Cine Joia,São Paulo,São Paulo
Deekapz,2022-11-01,2022,Cine Joia,São Paulo,São Paulo
Zé Ibarra,2022-11-01,2022,Espaço Unimed,São Paulo,São Paulo
Manu Gavassi,2022-11-01,2022,Casa Rockambole,São Paulo,São Paulo
Charlotte de Witte,2022-11-01,2022,Arca Spaces,São Paulo,São Paulo
The Skatalites,2022-11-02,2022,City Lights Music Hall,São Paulo,São Paulo
Peroli,2022-11-02,2022,Cine Joia,São Paulo,São Paulo
EL LIF,2022-11-02,2022,Cine Joia,São Paulo,São Paulo
Tim Bernardes,2022-11-02,2022,Distrito Anhembi,São Paulo,São Paulo
Tim Bernardes,2022-11-02,2022,Distrito Anhembi,São Paulo,São Paulo
Sidoka,2022-11-02,2022,Cine Joia,São Paulo,São Paulo
Gilberto Gil,2022-11-02,2022,Teatro Sérgio Cardoso,São Paulo,São Paulo
BRIME,2022-11-02,2022,Cine Joia,São Paulo,São Paulo
Urias,2022-11-02,2022,Cine Joia,São Paulo,São Paulo
Lord Apex,2022-11-02,2022,Cine Joia,São Paulo,São Paulo
Spynauts,2022-11-03,2022,Cardeal Pub,São Paulo,São Paulo
Juçara Marçal,2022-11-03,2022,Palácio das Convenções do Anhembi,São Paulo,São Paulo
Valentina Luz,2022-11-03,2022,Cine Joia,São Paulo,São Paulo
Supercombo,2022-11-03,2022,Cineclube Cortina,São Paulo,São Paulo
Céu,2022-11-03,2022,Palácio das Convenções do Anhembi,São Paulo,São Paulo
Amaia,2022-11-03,2022,Palácio das Convenções do Anhembi,São Paulo,São Paulo
Bebé Salvego,2022-11-03,2022,Palácio das Convenções do Anhembi,São Paulo,São Paulo
Milton Nascimento,2022-11-03,2022,Espaço Unimed,São Paulo,São Paulo
Föllakzoid,2022-11-03,2022,Cine Joia,São Paulo,São Paulo
Ratos de Porão,2022-11-03,2022,Audio,São Paulo,São Paulo
Molho Negro,2022-11-03,2022,Audio,São Paulo,São Paulo
Crypta,2022-11-03,2022,Audio,São Paulo,São Paulo
Boogarins,2022-11-03,2022,Cine Joia,São Paulo,São Paulo
Liniker,2022-11-03,2022,Palácio das Convenções do Anhembi,São Paulo,São Paulo
Carolina Durante,2022-11-03,2022,Cine Joia,São Paulo,São Paulo
Black Pantera,2022-11-03,2022,Audio,São Paulo,São Paulo
Dead Fish,2022-11-03,2022,Audio,São Paulo,São Paulo
Jup do Bairro,2022-11-03,2022,Cine Joia,São Paulo,São Paulo
Innabrain,2022-11-04,2022,Estúdio Toca do Disco,São Paulo,São Paulo
De Schuurman,2022-11-04,2022,Cine Joia,São Paulo,São Paulo
Rogério Skylab,2022-11-04,2022,Carioca Club,São Paulo,São Paulo
Merca Bae,2022-11-04,2022,Audio,São Paulo,São Paulo
Authentically Plastic,2022-11-04,2022,Cine Joia,São Paulo,São Paulo
Teto Preto,2022-11-04,2022,Cine Joia,São Paulo,São Paulo
Sangre Nueva,2022-11-04,2022,Audio,São Paulo,São Paulo
Milton Nascimento,2022-11-04,2022,Espaço Unimed,São Paulo,São Paulo
Mexican Jihad,2022-11-04,2022,Cine Joia,São Paulo,São Paulo
Joelma,2022-11-04,2022,CDT da Anhanguera,Osasco,São Paulo
Mestre Ambrósio,2022-11-04,2022,SESC Vila Mariana,São Paulo,São Paulo
Debit,2022-11-04,2022,Cine Joia,São Paulo,São Paulo
Bad Gyal,2022-11-04,2022,Audio,São Paulo,São Paulo
Ouse Morrer,2022-11-04,2022,Porão da Cerveja,São Paulo,São Paulo
Angvstia,2022-11-04,2022,Porão da Cerveja,São Paulo,São Paulo
Accdnts,2022-11-04,2022,Porão da Cerveja,São Paulo,São Paulo
Dorsal Atlântica,2022-11-04,2022,SESC Belenzinho,São Paulo,São Paulo
FBC,2022-11-04,2022,Audio,São Paulo,São Paulo
Mac Júlia,2022-11-04,2022,Audio,São Paulo,São Paulo
MC Yallah,2022-11-04,2022,Cine Joia,São Paulo,São Paulo
Roberto Carlos,2022-11-05,2022,Espaço Unimed,São Paulo,São Paulo
Tasha & Tracie,2022-11-05,2022,Distrito Anhembi,São Paulo,São Paulo
Helado Negro,2022-11-05,2022,Distrito Anhembi,São Paulo,São Paulo
Los Planetas,2022-11-05,2022,Distrito Anhembi,São Paulo,São Paulo
L7NNON,2022-11-05,2022,Distrito Anhembi,São Paulo,São Paulo
Seth Troxler,2022-11-05,2022,Distrito Anhembi,São Paulo,São Paulo
Carolina Durante,2022-11-05,2022,Distrito Anhembi,São Paulo,São Paulo
Amaia,2022-11-05,2022,Distrito Anhembi,São Paulo,São Paulo
Boy Harsher,2022-11-05,2022,Distrito Anhembi,São Paulo,São Paulo
Luccas Carlos,2022-11-05,2022,Distrito Anhembi,São Paulo,São Paulo
Beach House,2022-11-05,2022,Distrito Anhembi,São Paulo,São Paulo
Tim Bernardes,2022-11-05,2022,Distrito Anhembi,São Paulo,São Paulo
John Talabot,2022-11-05,2022,Distrito Anhembi,São Paulo,São Paulo
Shygirl,2022-11-05,2022,Distrito Anhembi,São Paulo,São Paulo
Sangre Nueva,2022-11-05,2022,Distrito Anhembi,São Paulo,São Paulo
Liniker,2022-11-05,2022,Distrito Anhembi,São Paulo,São Paulo
Interpol,2022-11-05,2022,Distrito Anhembi,São Paulo,São Paulo
Josyara,2022-11-05,2022,Distrito Anhembi,São Paulo,São Paulo
Sevdaliza,2022-11-05,2022,Distrito Anhembi,São Paulo,São Paulo
Mitski,2022-11-05,2022,Distrito Anhembi,São Paulo,São Paulo
Michael Bublé,2022-11-05,2022,Allianz Parque,São Paulo,São Paulo
Wanessa Camargo,2022-11-05,2022,CDT da Anhanguera,Osasco,São Paulo
BEAK>,2022-11-05,2022,Distrito Anhembi,São Paulo,São Paulo
ÀTTØØXXÁ,2022-11-05,2022,Memorial da América Latina,São Paulo,São Paulo
Giovani Cidreira,2022-11-05,2022,Distrito Anhembi,São Paulo,São Paulo
O Poeta,2022-11-05,2022,Memorial da América Latina,São Paulo,São Paulo
Dorsal Atlântica,2022-11-05,2022,SESC Belenzinho,São Paulo,São Paulo
BADSISTA,2022-11-05,2022,Distrito Anhembi,São Paulo,São Paulo
Barão Vermelho,2022-11-05,2022,Tokio Marine Hall,São Paulo,São Paulo
Björk,2022-11-05,2022,Distrito Anhembi,São Paulo,São Paulo
José González,2022-11-05,2022,Distrito Anhembi,São Paulo,São Paulo
Jonathan Ferr,2022-11-05,2022,Distrito Anhembi,São Paulo,São Paulo
Raimundos,2022-11-05,2022,Audio,São Paulo,São Paulo
Santiago Motorizado,2022-11-05,2022,Distrito Anhembi,São Paulo,São Paulo
Arctic Monkeys,2022-11-05,2022,Distrito Anhembi,São Paulo,São Paulo
Raveena,2022-11-06,2022,Distrito Anhembi,São Paulo,São Paulo
Massacration,2022-11-06,2022,Audio,São Paulo,São Paulo
Föllakzoid,2022-11-06,2022,Distrito Anhembi,São Paulo,São Paulo
Caroline Polachek,2022-11-06,2022,Distrito Anhembi,São Paulo,São Paulo
Don L,2022-11-06,2022,Distrito Anhembi,São Paulo,São Paulo
Medulla,2022-11-06,2022,Distrito Anhembi,São Paulo,São Paulo
Mestre Ambrósio,2022-11-06,2022,SESC Vila Mariana,São Paulo,São Paulo
Travis Scott,2022-11-06,2022,Distrito Anhembi,São Paulo,São Paulo
Charli xcx,2022-11-06,2022,Distrito Anhembi,São Paulo,São Paulo
Señor Coconut and His Orchestra,2022-11-06,2022,Distrito Anhembi,São Paulo,São Paulo
Roberto Carlos,2022-11-06,2022,Espaço Unimed,São Paulo,São Paulo
John Talabot,2022-11-06,2022,Distrito Anhembi,São Paulo,São Paulo
Operador,2022-11-06,2022,Audio,São Paulo,São Paulo
Terno Rei,2022-11-06,2022,Distrito Anhembi,São Paulo,São Paulo
Japanese Breakfast,2022-11-06,2022,Distrito Anhembi,São Paulo,São Paulo
Phoebe Bridgers,2022-11-06,2022,Distrito Anhembi,São Paulo,São Paulo
Arca,2022-11-06,2022,Distrito Anhembi,São Paulo,São Paulo
JPEGMAFIA,2022-11-06,2022,Distrito Anhembi,São Paulo,São Paulo
Jovem Dionisio,2022-11-06,2022,Distrito Anhembi,São Paulo,São Paulo
Jade Baraldo,2022-11-06,2022,SESC Belenzinho,São Paulo,São Paulo
Father John Misty,2022-11-06,2022,Distrito Anhembi,São Paulo,São Paulo
Julia Mestre,2022-11-06,2022,Distrito Anhembi,São Paulo,São Paulo
MC Dricka,2022-11-06,2022,Distrito Anhembi,São Paulo,São Paulo
Hermeto Pascoal,2022-11-06,2022,Distrito Anhembi,São Paulo,São Paulo
VTSS feat. LSDXOXO,2022-11-06,2022,Distrito Anhembi,São Paulo,São Paulo
Maglore,2022-11-06,2022,Distrito Anhembi,São Paulo,São Paulo
CHAI,2022-11-06,2022,Distrito Anhembi,São Paulo,São Paulo
Jessie Ware,2022-11-06,2022,Distrito Anhembi,São Paulo,São Paulo
Lorde,2022-11-06,2022,Distrito Anhembi,São Paulo,São Paulo
Amaro Freitas,2022-11-06,2022,Distrito Anhembi,São Paulo,São Paulo
Bad Gyal,2022-11-06,2022,Distrito Anhembi,São Paulo,São Paulo
Michael Bublé,2022-11-06,2022,Allianz Parque,São Paulo,São Paulo
Fernando Rosa,2022-11-07,2022,JW Marriot Hotel Ballroom,São Paulo,São Paulo
Father John Misty,2022-11-08,2022,Cine Joia,São Paulo,São Paulo
Roberto Carlos,2022-11-09,2022,Espaço Unimed,São Paulo,São Paulo
Charli xcx,2022-11-09,2022,Audio,São Paulo,São Paulo
Mia Badgyal,2022-11-09,2022,Audio,São Paulo,São Paulo
Mayhem,2022-11-10,2022,Carioca Club,São Paulo,São Paulo
Vazio,2022-11-10,2022,Carioca Club,São Paulo,São Paulo
Omen,2022-11-10,2022,Carioca Club,São Paulo,São Paulo
Sérgio Britto,2022-11-10,2022,Blue Note São Paulo,São Paulo,São Paulo
Flageladör,2022-11-10,2022,Carioca Club,São Paulo,São Paulo
Maiara & Maraisa,2022-11-11,2022,Vibra São Paulo,São Paulo,São Paulo
Hateen,2022-11-11,2022,Casa Rockambole,São Paulo,São Paulo
Mind Against,2022-11-11,2022,Arca Spaces,São Paulo,São Paulo
Sven Väth,2022-11-11,2022,Arca Spaces,São Paulo,São Paulo
Jão,2022-11-11,2022,Espaço Unimed,São Paulo,São Paulo
Alceu Valença,2022-11-12,2022,Espaço Unimed,São Paulo,São Paulo
Ben Klock,2022-11-12,2022,Arca Spaces,São Paulo,São Paulo
shame,2022-11-12,2022,Fabrique Club,São Paulo,São Paulo
Peggy Gou,2022-11-12,2022,Arca Spaces,São Paulo,São Paulo
The Killers,2022-11-12,2022,Allianz Parque,São Paulo,São Paulo
Biquini,2022-11-12,2022,Espaço Leste,São Paulo,São Paulo
Fresno,2022-11-12,2022,Allianz Parque,São Paulo,São Paulo
The Band CAMINO,2022-11-12,2022,Allianz Parque,São Paulo,São Paulo
twenty one pilots,2022-11-12,2022,Allianz Parque,São Paulo,São Paulo
Bonnie Tyler,2022-11-12,2022,Tokio Marine Hall,São Paulo,São Paulo
Hot Chip,2022-11-12,2022,Allianz Parque,São Paulo,São Paulo
Maz,2022-11-13,2022,Espaço Unimed,São Paulo,São Paulo
Kygo,2022-11-13,2022,Espaço Unimed,São Paulo,São Paulo
Bhaskar,2022-11-13,2022,Espaço Unimed,São Paulo,São Paulo
Frank Walker,2022-11-13,2022,Espaço Unimed,São Paulo,São Paulo
IZA,2022-11-13,2022,Autódromo de Interlagos,São Paulo,São Paulo
Behemoth,2022-11-13,2022,Audio,São Paulo,São Paulo
Onanizer,2022-11-13,2022,Instituto Raiz da Serra,São Paulo,São Paulo
Arch Enemy,2022-11-13,2022,Audio,São Paulo,São Paulo
Crypta,2022-11-13,2022,Audio,São Paulo,São Paulo
Nervosa,2022-11-13,2022,Audio,São Paulo,São Paulo
Jorge Aragão,2022-11-13,2022,Autódromo de Interlagos,São Paulo,São Paulo
shame,2022-11-14,2022,Bar Alto,São Paulo,São Paulo
Zimbra,2022-11-14,2022,Cine Joia,São Paulo,São Paulo
Paulo Ricardo,2022-11-14,2022,Faustão na Band,São Paulo,São Paulo
Eric Martin,2022-11-15,2022,Stones Music Bar,São Paulo,São Paulo
Now United,2022-11-15,2022,The Noite com Danilo Gentili,Osasco,São Paulo
Liam Gallagher,2022-11-15,2022,Espaço Unimed,São Paulo,São Paulo
Livia Nery,2022-11-17,2022,SESC Pompéia,São Paulo,São Paulo
Janine Mathias,2022-11-17,2022,SESC Pompéia,São Paulo,São Paulo
Roberto Carlos,2022-11-17,2022,Espaço Unimed,São Paulo,São Paulo
Mc Zaac,2022-11-17,2022,Faustão na Band,São Paulo,São Paulo
Kings of Convenience,2022-11-17,2022,Audio,São Paulo,São Paulo
Doyle,2022-11-18,2022,Campo de Marte,São Paulo,São Paulo
Capital Inicial,2022-11-18,2022,Espaço Unimed,São Paulo,São Paulo
Cirque du Soleil,2022-11-18,2022,Parque Villa-Lobos,São Paulo,São Paulo
Nevasca,2022-11-18,2022,Cardeal Pub,São Paulo,São Paulo
Cátia de França,2022-11-18,2022,Teatro Alfredo Mesquita,São Paulo,São Paulo
Carbona,2022-11-18,2022,Campo de Marte,São Paulo,São Paulo
Os Excluídos,2022-11-18,2022,Campo de Marte,São Paulo,São Paulo
Selvagens à Procura de Lei,2022-11-18,2022,Studio SP,São Paulo,São Paulo
Adore Delano,2022-11-18,2022,Fabrique Club,São Paulo,São Paulo
Zumbis do Espaço,2022-11-18,2022,Campo de Marte,São Paulo,São Paulo
Ivete Sangalo,2022-11-18,2022,Tokio Marine Hall,São Paulo,São Paulo
Foojammers,2022-11-18,2022,Willi Willie Bar e Arqueria,São Paulo,São Paulo
Daniela Mercury,2022-11-19,2022,Arena Anhembi,São Paulo,São Paulo
Ego Absence,2022-11-19,2022,Legends Music & Bar,São Paulo,São Paulo
Luísa Sonza,2022-11-19,2022,Arca Spaces,São Paulo,São Paulo
Now United,2022-11-19,2022,Allianz Parque,São Paulo,São Paulo
Living Metal,2022-11-19,2022,Legends Music & Bar,São Paulo,São Paulo
Marina Sena,2022-11-19,2022,Arena Anhembi,São Paulo,São Paulo
PEDRO SAMPAIO,2022-11-19,2022,Arca Spaces,São Paulo,São Paulo
Eskröta,2022-11-19,2022,La Iglesia Borratxeria,São Paulo,São Paulo
Cemitério,2022-11-19,2022,La Iglesia Borratxeria,São Paulo,São Paulo
Ambush,2022-11-19,2022,Jai Club,São Paulo,São Paulo
PRISCILLA,2022-11-19,2022,Arena Anhembi,São Paulo,São Paulo
Wizards,2022-11-19,2022,Legends Music & Bar,São Paulo,São Paulo
Axecuter,2022-11-19,2022,Jai Club,São Paulo,São Paulo
I Am Morbid,2022-11-19,2022,Fabrique Club,São Paulo,São Paulo
Os Paralamas do Sucesso,2022-11-19,2022,Vibra São Paulo,São Paulo,São Paulo
Epica,2022-11-19,2022,Audio,São Paulo,São Paulo
Karol Conká,2022-11-19,2022,Parque Villa-Lobos,São Paulo,São Paulo
Aquaria,2022-11-19,2022,Legends Music & Bar,São Paulo,São Paulo
Carne Doce,2022-11-19,2022,SESC Pompéia,São Paulo,São Paulo
Ivete Sangalo,2022-11-19,2022,Arena Anhembi,São Paulo,São Paulo
Wanessa Camargo,2022-11-19,2022,Arena Anhembi,São Paulo,São Paulo
Bixiga 70,2022-11-19,2022,SESC Belenzinho,São Paulo,São Paulo
Caravellus,2022-11-19,2022,Legends Music & Bar,São Paulo,São Paulo
XFears,2022-11-19,2022,Legends Music & Bar,São Paulo,São Paulo
Clash Bulldog’s,2022-11-20,2022,Avenida Ipiranga,São Paulo,São Paulo
InDharma,2022-11-20,2022,Avenida Ipiranga,São Paulo,São Paulo
Cátia de França,2022-11-20,2022,Teatro João Caetano,São Paulo,São Paulo
Detonautas Roque Clube,2022-11-20,2022,Avenida Ipiranga,São Paulo,São Paulo
CPM 22,2022-11-20,2022,Campo de Marte,São Paulo,São Paulo
Flicts,2022-11-20,2022,Campo de Marte,São Paulo,São Paulo
Gritando HC,2022-11-20,2022,Campo de Marte,São Paulo,São Paulo
D.F.C.,2022-11-20,2022,Campo de Marte,São Paulo,São Paulo
Abraskadabra,2022-11-20,2022,Campo de Marte,São Paulo,São Paulo
Pense,2022-11-20,2022,Campo de Marte,São Paulo,São Paulo
Colligere,2022-11-20,2022,Campo de Marte,São Paulo,São Paulo
Garage Fuzz,2022-11-20,2022,Campo de Marte,São Paulo,São Paulo
Forgotten Boys,2022-11-20,2022,Campo de Marte,São Paulo,São Paulo
Supercombo,2022-11-20,2022,Avenida Ipiranga,São Paulo,São Paulo
Almir Sater,2022-11-20,2022,Teatro Bradesco,São Paulo,São Paulo
Black Pantera,2022-11-20,2022,Avenida Ipiranga,São Paulo,São Paulo
Espacialrias,2022-11-20,2022,Espaço Authoral,São Paulo,São Paulo
Biquini,2022-11-22,2022,Hotel Rosewood,São Paulo,São Paulo
Dazaranha,2022-11-22,2022,Blue Note São Paulo,São Paulo,São Paulo
Gustavo Mioto,2022-11-24,2022,Vale do Anhangabaú,São Paulo,São Paulo
Léo Santana,2022-11-24,2022,Vale do Anhangabaú,São Paulo,São Paulo
Matuê,2022-11-24,2022,Parque do Ibirapuera,São Paulo,São Paulo
L7NNON,2022-11-24,2022,Parque do Ibirapuera,São Paulo,São Paulo
DENNIS,2022-11-24,2022,Parque do Ibirapuera,São Paulo,São Paulo
KARTAS,2022-11-24,2022,PORTA,São Paulo,São Paulo
Wesley Safadão,2022-11-24,2022,Parque do Ibirapuera,São Paulo,São Paulo
Ana Carolina,2022-11-25,2022,Vibra São Paulo,São Paulo,São Paulo
Azymuth,2022-11-25,2022,City Lights Music Hall,São Paulo,São Paulo
Golden Child,2022-11-25,2022,VIP Station,São Paulo,São Paulo
Marcos Valle,2022-11-25,2022,City Lights Music Hall,São Paulo,São Paulo
Jota Quest,2022-11-25,2022,Clube Círculo Militar,São Paulo,São Paulo
Caetano Veloso,2022-11-25,2022,Espaço Unimed,São Paulo,São Paulo
Joelma,2022-11-25,2022,Centro de Tradições Nordestinas,São Paulo,São Paulo
Filipe Ret,2022-11-26,2022,Parque do Ibirapuera,São Paulo,São Paulo
While She Sleeps,2022-11-26,2022,VIP Station,São Paulo,São Paulo
Karnak,2022-11-26,2022,Blue Note São Paulo,São Paulo,São Paulo
Gusttavo Lima,2022-11-26,2022,Allianz Parque,São Paulo,São Paulo
Manu Gavassi,2022-11-26,2022,Tokio Marine Hall,São Paulo,São Paulo
Nevasca,2022-11-26,2022,Vila Paulistânia,São Paulo,São Paulo
Jay B,2022-11-26,2022,Vibra São Paulo,São Paulo,São Paulo
Cubüs,2022-11-26,2022,Porão da Cerveja,São Paulo,São Paulo
Decreto Lei 50,2022-11-26,2022,Silsi Rock Tattoo Bar,São Paulo,São Paulo
Marcelo D2,2022-11-26,2022,Parque do Ibirapuera,São Paulo,São Paulo
As Mercenárias,2022-11-26,2022,Associação Cultural Cecília,São Paulo,São Paulo
VOLA,2022-11-26,2022,Fabrique Club,São Paulo,São Paulo
Terno Rei,2022-11-26,2022,Casa Natura Musical,São Paulo,São Paulo
Axty,2022-11-26,2022,VIP Station,São Paulo,São Paulo
Caetano Veloso,2022-11-26,2022,Espaço Unimed,São Paulo,São Paulo
Mombojó,2022-11-26,2022,Studio SP,São Paulo,São Paulo
Azymuth,2022-11-26,2022,Associação Cultural Cecília,São Paulo,São Paulo
Racionais MC’s,2022-11-26,2022,Parque do Ibirapuera,São Paulo,São Paulo
The Lautreamonts,2022-11-26,2022,Porão da Cerveja,São Paulo,São Paulo
Maiara & Maraisa,2022-11-26,2022,Allianz Parque,São Paulo,São Paulo
Dennis e o Cão da Meia-Noite,2022-11-26,2022,Porão da Cerveja,São Paulo,São Paulo
Ballet Clandestino,2022-11-26,2022,Porão da Cerveja,São Paulo,São Paulo
Caetano Veloso,2022-11-27,2022,Espaço Unimed,São Paulo,São Paulo
Alice Phoebe Lou,2022-11-27,2022,Cine Joia,São Paulo,São Paulo
YMA,2022-11-27,2022,Cine Joia,São Paulo,São Paulo
Decreto Lei 50,2022-11-27,2022,Silsi Rock Tattoo Bar,São Paulo,São Paulo
Terno Rei,2022-11-27,2022,Casa Natura Musical,São Paulo,São Paulo
GBH,2022-11-27,2022,Fabrique Club,São Paulo,São Paulo
Sinistra,2022-11-27,2022,Tiarlinda Eventos,São Paulo,São Paulo
Karnak,2022-11-27,2022,Blue Note São Paulo,São Paulo,São Paulo
Lucas Inutilismo,2022-11-28,2022,Audio,São Paulo,São Paulo
Alexandre Pires,2022-11-28,2022,Parque do Ibirapuera,São Paulo,São Paulo
Dubdogz,2022-11-28,2022,Parque do Ibirapuera,São Paulo,São Paulo
Jorge & Mateus,2022-11-28,2022,Parque do Ibirapuera,São Paulo,São Paulo
Mari Fernandez,2022-11-28,2022,Parque do Ibirapuera,São Paulo,São Paulo
Juliette,2022-11-28,2022,Ginásio do Ibirapuera,São Paulo,São Paulo
Joelma,2022-11-29,2022,Encontro com Patrícia Poeta,São Paulo,São Paulo
Nevasca,2022-11-30,2022,Senac,São Paulo,São Paulo
Warhammer,2022-11-30,2022,Legends Music & Bar,São Paulo,São Paulo
Gaerea,2022-11-30,2022,Legends Music & Bar,São Paulo,São Paulo
Sandy,2022-11-30,2022,Vibra São Paulo,São Paulo,São Paulo
Titãs,2022-12-01,2022,The Noite com Danilo Gentili,Osasco,São Paulo
Karen Jonz,2022-12-01,2022,Cineclube Cortina,São Paulo,São Paulo
Sandy,2022-12-01,2022,Vibra São Paulo,São Paulo,São Paulo
Russ,2022-12-01,2022,Audio,São Paulo,São Paulo
Gab Ferreira,2022-12-01,2022,Cineclube Cortina,São Paulo,São Paulo
Ivete Sangalo,2022-12-02,2022,Unique Hotel,São Paulo,São Paulo
Gloria,2022-12-02,2022,Hangar 110,São Paulo,São Paulo
Turma do Pagode,2022-12-02,2022,Parque do Ibirapuera,São Paulo,São Paulo
Alok,2022-12-02,2022,Parque do Ibirapuera,São Paulo,São Paulo
Marina Lima,2022-12-02,2022,Blue Note São Paulo,São Paulo,São Paulo
Malifoo,2022-12-02,2022,Private Venue,São Paulo,São Paulo
Orquestra Sinfônica do Estado de São Paulo,2022-12-02,2022,Sala São Paulo,São Paulo,São Paulo
Banda Eva,2022-12-02,2022,Private Venue,São Paulo,São Paulo
Matheus & Kauan,2022-12-02,2022,Private Venue,São Paulo,São Paulo
Tulipa Ruiz,2022-12-02,2022,SESC Belenzinho,São Paulo,São Paulo
Humberto Gessinger,2022-12-02,2022,Tokio Marine Hall,São Paulo,São Paulo
Axty,2022-12-02,2022,Hangar 110,São Paulo,São Paulo
Anitta,2022-12-02,2022,Parque do Ibirapuera,São Paulo,São Paulo
BaianaSystem,2022-12-03,2022,Memorial da América Latina,São Paulo,São Paulo
Silva,2022-12-03,2022,Parque do Ibirapuera,São Paulo,São Paulo
Agrotóxico,2022-12-03,2022,Hangar 110,São Paulo,São Paulo
Jão,2022-12-03,2022,Parque do Ibirapuera,São Paulo,São Paulo
Terno Rei,2022-12-03,2022,Cultura Livre,São Paulo,São Paulo
Zé Ramalho,2022-12-03,2022,Tokio Marine Hall,São Paulo,São Paulo
Pitty & Nando Reis,2022-12-03,2022,Vibra São Paulo,São Paulo,São Paulo
Luísa Sonza,2022-12-03,2022,Parque do Ibirapuera,São Paulo,São Paulo
Halleck,2022-12-03,2022,Porão da Cerveja,São Paulo,São Paulo
Zander,2022-12-03,2022,Centro Cultural Tendal da Lapa,São Paulo,São Paulo
Mukeka di Rato,2022-12-03,2022,Centro Cultural Tendal da Lapa,São Paulo,São Paulo
Bob Moses,2022-12-03,2022,Praça das Artes,São Paulo,São Paulo
Marina Lima,2022-12-03,2022,Blue Note São Paulo,São Paulo,São Paulo
Dominatrix,2022-12-03,2022,Centro Cultural Tendal da Lapa,São Paulo,São Paulo
Tulipa Ruiz,2022-12-03,2022,SESC Belenzinho,São Paulo,São Paulo
The Exploited,2022-12-03,2022,Hangar 110,São Paulo,São Paulo
Lucifer,2022-12-03,2022,Fabrique Club,São Paulo,São Paulo
Metade de Mim,2022-12-03,2022,Bay Area Estúdios,São Paulo,São Paulo
MC Soffia,2022-12-04,2022,Memorial da América Latina,São Paulo,São Paulo
Watain,2022-12-04,2022,Fabrique Club,São Paulo,São Paulo
Titãs,2022-12-04,2022,Tokio Marine Hall,São Paulo,São Paulo
Supla,2022-12-04,2022,Tokio Marine Hall,São Paulo,São Paulo
Fantastic Negrito,2022-12-04,2022,Blue Note São Paulo,São Paulo,São Paulo
Exodus,2022-12-04,2022,Carioca Club,São Paulo,São Paulo
Skinner Project,2022-12-04,2022,Red Star Studios,São Paulo,São Paulo
IZA,2022-12-04,2022,Memorial da América Latina,São Paulo,São Paulo
Metronomy,2022-12-04,2022,Cine Joia,São Paulo,São Paulo
Torture Squad,2022-12-04,2022,Carioca Club,São Paulo,São Paulo
Crypta,2022-12-04,2022,Centro Cultural da Juventude Ruth Cardoso,São Paulo,São Paulo
Kaê Guajajara,2022-12-04,2022,Memorial da América Latina,São Paulo,São Paulo
Plebe Rude,2022-12-04,2022,Tokio Marine Hall,São Paulo,São Paulo
Fancy Inc,2022-12-04,2022,Espaço Unimed,São Paulo,São Paulo
The Rose,2022-12-04,2022,Espaço Unimed,São Paulo,São Paulo
Casagrande & Hanysz,2022-12-05,2022,Carioca Club,São Paulo,São Paulo
NATTAN,2022-12-05,2022,Parque do Ibirapuera,São Paulo,São Paulo
Matheus & Kauan,2022-12-05,2022,Vale do Anhangabaú,São Paulo,São Paulo
Animals as Leaders,2022-12-05,2022,Carioca Club,São Paulo,São Paulo
Matheus & Kauan,2022-12-05,2022,Parque do Ibirapuera,São Paulo,São Paulo
Raça Negra,2022-12-05,2022,Parque do Ibirapuera,São Paulo,São Paulo
Lucifer,2022-12-06,2022,La Iglesia Borratxeria,São Paulo,São Paulo
Original Koffee,2022-12-06,2022,Allianz Parque,São Paulo,São Paulo
Harry Styles,2022-12-06,2022,Allianz Parque,São Paulo,São Paulo
Ziminino,2022-12-08,2022,SESC Pompéia,São Paulo,São Paulo
Dandara Manoela,2022-12-08,2022,SESC Pompéia,São Paulo,São Paulo
Il Volo,2022-12-08,2022,Encontro com Patrícia Poeta,São Paulo,São Paulo
Pelados,2022-12-08,2022,SESC Vila Mariana,São Paulo,São Paulo
Amaro Freitas & Zé Manoel,2022-12-08,2022,Galeria Olido,São Paulo,São Paulo
Terno Rei,2022-12-08,2022,Estúdio Trama,São Paulo,São Paulo
FBC,2022-12-08,2022,City Lights Music Hall,São Paulo,São Paulo
Vazio,2022-12-09,2022,La Iglesia Borratxeria,São Paulo,São Paulo
Manger Cadavre?,2022-12-09,2022,La Iglesia Borratxeria,São Paulo,São Paulo
Blackning,2022-12-09,2022,La Iglesia Borratxeria,São Paulo,São Paulo
Walfredo em Busca da Simbiose,2022-12-09,2022,Bar Alto,São Paulo,São Paulo
Eros Ramazzotti,2022-12-09,2022,Vibra São Paulo,São Paulo,São Paulo
Vitor Ramil,2022-12-09,2022,SESC Santana,São Paulo,São Paulo
Cleef,2022-12-09,2022,Fenda 315,São Paulo,São Paulo
Desalmado,2022-12-09,2022,La Iglesia Borratxeria,São Paulo,São Paulo
Osvaldo Pereira,2022-12-10,2022,Neo Química Arena,São Paulo,São Paulo
Zezé Di Camargo & Luciano,2022-12-10,2022,Allianz Parque,São Paulo,São Paulo
Chitãozinho & Xororó,2022-12-10,2022,Allianz Parque,São Paulo,São Paulo
O Kannalha,2022-12-10,2022,Neo Química Arena,São Paulo,São Paulo
GRC Escola de Samba Vai Vai,2022-12-10,2022,Neo Química Arena,São Paulo,São Paulo
Mu540,2022-12-10,2022,Neo Química Arena,São Paulo,São Paulo
Fat Family,2022-12-10,2022,Neo Química Arena,São Paulo,São Paulo
Bixarte,2022-12-10,2022,Neo Química Arena,São Paulo,São Paulo
Rennan da Penha,2022-12-10,2022,Neo Química Arena,São Paulo,São Paulo
Afrobapho,2022-12-10,2022,Neo Química Arena,São Paulo,São Paulo
Ivete Sangalo,2022-12-10,2022,Clube Atlético Monte Líbano,São Paulo,São Paulo
EVEHIVE,2022-12-10,2022,Neo Química Arena,São Paulo,São Paulo
Deize Tigrona,2022-12-10,2022,Neo Química Arena,São Paulo,São Paulo
Discharge,2022-12-10,2022,Fabrique Club,São Paulo,São Paulo
Urias,2022-12-10,2022,Neo Química Arena,São Paulo,São Paulo
Afro B,2022-12-10,2022,Neo Química Arena,São Paulo,São Paulo
ÀTTØØXXÁ,2022-12-10,2022,Neo Química Arena,São Paulo,São Paulo
Molho Negro,2022-12-10,2022,Hangar 110,São Paulo,São Paulo
Adriana Calcanhotto,2022-12-10,2022,Casa Natura Musical,São Paulo,São Paulo
Eduardo Costa,2022-12-10,2022,Allianz Parque,São Paulo,São Paulo
Boate Azul Ao Vivo,2022-12-10,2022,Allianz Parque,São Paulo,São Paulo
Bruno & Marrone,2022-12-10,2022,Allianz Parque,São Paulo,São Paulo
LUDMILLA,2022-12-10,2022,Neo Química Arena,São Paulo,São Paulo
Sugar Kane,2022-12-10,2022,Hangar 110,São Paulo,São Paulo
Jennifer Souza,2022-12-11,2022,Tokio Marine Hall,São Paulo,São Paulo
Samael,2022-12-11,2022,Audio,São Paulo,São Paulo
PLUMA,2022-12-11,2022,Tokio Marine Hall,São Paulo,São Paulo
Alvvays,2022-12-11,2022,Tokio Marine Hall,São Paulo,São Paulo
Trovão,2022-12-11,2022,Legends Music & Bar,São Paulo,São Paulo
Fleet Foxes,2022-12-11,2022,Tokio Marine Hall,São Paulo,São Paulo
Ombu,2022-12-11,2022,Tokio Marine Hall,São Paulo,São Paulo
Discharge,2022-12-11,2022,Fabrique Club,São Paulo,São Paulo
Crumb,2022-12-11,2022,Tokio Marine Hall,São Paulo,São Paulo
Ratos de Porão,2022-12-11,2022,Fabrique Club,São Paulo,São Paulo
Hypocrisy,2022-12-11,2022,Audio,São Paulo,São Paulo
Pense,2022-12-11,2022,Cine Joia,São Paulo,São Paulo
Medulla,2022-12-11,2022,Cine Joia,São Paulo,São Paulo
Jão,2022-12-11,2022,Novo Anhangabaú,São Paulo,São Paulo
Bruno Berle,2022-12-11,2022,Tokio Marine Hall,São Paulo,São Paulo
Otto,2022-12-13,2022,Casa de Francisca,São Paulo,São Paulo
Harry Styles,2022-12-13,2022,Allianz Parque,São Paulo,São Paulo
Original Koffee,2022-12-13,2022,Allianz Parque,São Paulo,São Paulo
PEDRO SAMPAIO,2022-12-14,2022,Audio,São Paulo,São Paulo
Harry Styles,2022-12-14,2022,Allianz Parque,São Paulo,São Paulo
Original Koffee,2022-12-14,2022,Allianz Parque,São Paulo,São Paulo
Trivium,2022-12-14,2022,Cine Joia,São Paulo,São Paulo
Pantera,2022-12-15,2022,Vibra São Paulo,São Paulo,São Paulo
Boogarins,2022-12-15,2022,City Lights Music Hall,São Paulo,São Paulo
Judas Priest,2022-12-15,2022,Vibra São Paulo,São Paulo,São Paulo
Orquestra Sinfônica do Estado de São Paulo,2022-12-15,2022,Sala São Paulo,São Paulo,São Paulo
Xênia França,2022-12-15,2022,Centro Cultural São Paulo,São Paulo,São Paulo
Bring Me the Horizon,2022-12-16,2022,Vibra São Paulo,São Paulo,São Paulo
Los Sebosos Postizos,2022-12-16,2022,SESC Pompéia,São Paulo,São Paulo
Polara,2022-12-16,2022,Associação Cultural Cecília,São Paulo,São Paulo
Orquestra Sinfônica do Estado de São Paulo,2022-12-16,2022,Sala São Paulo,São Paulo,São Paulo
Tuyo,2022-12-16,2022,Studio SP,São Paulo,São Paulo
Fernanda Takai,2022-12-16,2022,Faculdade de Direito da Universidade de São Paulo,São Paulo,São Paulo
Orange Disaster,2022-12-16,2022,Estúdio Aurora,São Paulo,São Paulo
Vended,2022-12-16,2022,Vibra São Paulo,São Paulo,São Paulo
Nirvana Experience (ex-Hormoaning),2022-12-17,2022,Bitcho's Bar,São Paulo,São Paulo
Metade de Mim,2022-12-17,2022,Hangar 110,São Paulo,São Paulo
Em Ruínas,2022-12-17,2022,Jai Club,São Paulo,São Paulo
Cemitério,2022-12-17,2022,Jai Club,São Paulo,São Paulo
YUYU20,2022-12-17,2022,Distrito Anhembi,São Paulo,São Paulo
Los Sebosos Postizos,2022-12-17,2022,SESC Pompéia,São Paulo,São Paulo
Selvageria,2022-12-17,2022,Jai Club,São Paulo,São Paulo
Mariene de Castro,2022-12-17,2022,SESC Pompéia,São Paulo,São Paulo
Marisa Monte,2022-12-17,2022,Parque do Ibirapuera,São Paulo,São Paulo
Seu Jorge,2022-12-17,2022,Parque do Ibirapuera,São Paulo,São Paulo
Maglore,2022-12-17,2022,Cine Joia,São Paulo,São Paulo
Orquestra Sinfônica do Estado de São Paulo,2022-12-17,2022,Sala São Paulo,São Paulo,São Paulo
PEDRO SAMPAIO,2022-12-17,2022,Novo Anhangabaú,São Paulo,São Paulo
Luedji Luna,2022-12-17,2022,Casa Natura Musical,São Paulo,São Paulo
Wesley Safadão,2022-12-17,2022,Novo Anhangabaú,São Paulo,São Paulo
Jorge & Mateus,2022-12-17,2022,Novo Anhangabaú,São Paulo,São Paulo
Bullet Bane,2022-12-17,2022,City Lights Music Hall,São Paulo,São Paulo
Foojammers,2022-12-17,2022,Cardeal Pub,São Paulo,São Paulo
Senpai Old School,2022-12-18,2022,Distrito Anhembi,São Paulo,São Paulo
Pantera,2022-12-18,2022,Sambódromo do Anhembi,São Paulo,São Paulo
AKINO,2022-12-18,2022,Distrito Anhembi,São Paulo,São Paulo
Guilherme de Sá,2022-12-18,2022,Carioca Club,São Paulo,São Paulo
Judas Priest,2022-12-18,2022,Sambódromo do Anhembi,São Paulo,São Paulo
Bring Me the Horizon,2022-12-18,2022,Sambódromo do Anhembi,São Paulo,São Paulo
Mr. Bungle,2022-12-18,2022,Sambódromo do Anhembi,São Paulo,São Paulo
Wasabi,2022-12-18,2022,Distrito Anhembi,São Paulo,São Paulo
Project46,2022-12-18,2022,Sambódromo do Anhembi,São Paulo,São Paulo
Maglore,2022-12-18,2022,Cine Joia,São Paulo,São Paulo
Orquestra Experimental de Repertório,2022-12-18,2022,Theatro Municipal de São Paulo,São Paulo,São Paulo
Orquestra Sinfônica do Estado de São Paulo,2022-12-18,2022,Sala São Paulo,São Paulo,São Paulo
Slipknot,2022-12-18,2022,Sambódromo do Anhembi,São Paulo,São Paulo
Sepultura,2022-12-18,2022,Sambódromo do Anhembi,São Paulo,São Paulo
Vended,2022-12-18,2022,Sambódromo do Anhembi,São Paulo,São Paulo
Trivium,2022-12-18,2022,Sambódromo do Anhembi,São Paulo,São Paulo
Black Pantera,2022-12-18,2022,Sambódromo do Anhembi,São Paulo,São Paulo
Jimmy & Rats,2022-12-18,2022,Sambódromo do Anhembi,São Paulo,São Paulo
Oitão,2022-12-18,2022,Sambódromo do Anhembi,São Paulo,São Paulo
"Francisco, el Hombre",2022-12-19,2022,Casa de Cultura Municipal da Vila Guilherme - Casarão,São Paulo,São Paulo
Potyguara Bardo,2022-12-19,2022,Casa de Cultura Municipal da Vila Guilherme - Casarão,São Paulo,São Paulo
Tom Zé,2022-12-19,2022,Teatro Sérgio Cardoso,São Paulo,São Paulo
Tó Brandileone,2022-12-20,2022,Bona Casa de Música,São Paulo,São Paulo
Potyguara Bardo,2022-12-20,2022,Casa de Cultura Municipal da Vila Guilherme - Casarão,São Paulo,São Paulo
"Francisco, el Hombre",2022-12-20,2022,Casa de Cultura Municipal da Vila Guilherme - Casarão,São Paulo,São Paulo
Tim Bernardes,2022-12-20,2022,Theatro Municipal de São Paulo,São Paulo,São Paulo
Tim Bernardes,2022-12-20,2022,Theatro Municipal de São Paulo,São Paulo,São Paulo
Daniel,2022-12-21,2022,Vibra São Paulo,São Paulo,São Paulo
Zé Ibarra,2022-12-22,2022,Cineclube Cortina,São Paulo,São Paulo
LUDMILLA,2022-12-23,2022,Espaço Unimed,São Paulo,São Paulo
Mc Don Juan,2022-12-23,2022,Espaço Unimed,São Paulo,São Paulo
MC Hariel,2022-12-23,2022,Espaço Unimed,São Paulo,São Paulo
MC Livinho,2022-12-23,2022,Espaço Unimed,São Paulo,São Paulo
The Ocean,2022-12-28,2022,Carioca Club,São Paulo,São Paulo
Decreto Lei 50,2022-12-30,2022,Instituto Cultural Bolivia Rock,São Paulo,São Paulo
Xamã,2022-12-31,2022,Avenida Paulista,São Paulo,São Paulo
Leonardo,2023-01-01,2023,Avenida Paulista,São Paulo,São Paulo
Alaíde Costa,2023-01-04,2023,SESC Pompéia,São Paulo,São Paulo
Don L,2023-01-06,2023,SESC Bom Retiro,São Paulo,São Paulo
Tom Zé,2023-01-06,2023,SESC Belenzinho,São Paulo,São Paulo
Krisiun,2023-01-06,2023,SESC Belenzinho,São Paulo,São Paulo
Bala Desejo,2023-01-07,2023,Teatro SESC 24 de Maio,São Paulo,São Paulo
Don L,2023-01-07,2023,SESC Bom Retiro,São Paulo,São Paulo
Krisiun,2023-01-07,2023,SESC Belenzinho,São Paulo,São Paulo
medicos cubanos,2023-01-08,2023,Porão da Cerveja,São Paulo,São Paulo
Bala Desejo,2023-01-08,2023,Teatro SESC 24 de Maio,São Paulo,São Paulo
Terno Rei,2023-01-08,2023,SESC Bom Retiro,São Paulo,São Paulo
Tom Zé,2023-01-08,2023,SESC Belenzinho,São Paulo,São Paulo
Supercombo,2023-01-08,2023,Casa Rockambole,São Paulo,São Paulo
Lupe de Lupe,2023-01-12,2023,Red Star Studios,São Paulo,São Paulo
Fernanda Takai,2023-01-12,2023,SESC Pompéia,São Paulo,São Paulo
Fernanda Takai,2023-01-13,2023,SESC Pompéia,São Paulo,São Paulo
Giovani Cidreira,2023-01-13,2023,SESC Belenzinho,São Paulo,São Paulo
Orquestra Brasileira de Música Jamaicana,2023-01-14,2023,Blue Note São Paulo,São Paulo,São Paulo
Roupa Nova,2023-01-14,2023,Vibra São Paulo,São Paulo,São Paulo
Tuatha de Danann,2023-01-14,2023,Jai Club,São Paulo,São Paulo
Allen Key,2023-01-14,2023,Jai Club,São Paulo,São Paulo
Giallos,2023-01-15,2023,Associação Cultural Cecília,São Paulo,São Paulo
Xand Avião,2023-01-15,2023,Memorial da América Latina,São Paulo,São Paulo
Valesca Popozuda,2023-01-15,2023,Memorial da América Latina,São Paulo,São Paulo
Anitta,2023-01-15,2023,Memorial da América Latina,São Paulo,São Paulo
Filipe Ret,2023-01-15,2023,Memorial da América Latina,São Paulo,São Paulo
Orange Disaster,2023-01-15,2023,Associação Cultural Cecília,São Paulo,São Paulo
Luedji Luna,2023-01-15,2023,Memorial da América Latina,São Paulo,São Paulo
Gabriel Thomaz,2023-01-15,2023,Associação Cultural Cecília,São Paulo,São Paulo
Gloria Groove,2023-01-15,2023,Memorial da América Latina,São Paulo,São Paulo
Hodari,2023-01-17,2023,Blue Note São Paulo,São Paulo,São Paulo
Jack Johnson,2023-01-18,2023,Espaço Unimed,São Paulo,São Paulo
Ivete Sangalo,2023-01-18,2023,Sheraton Hotel,São Paulo,São Paulo
NCT 127,2023-01-18,2023,Vibra São Paulo,São Paulo,São Paulo
Rogê,2023-01-18,2023,Espaço Unimed,São Paulo,São Paulo
NCT 127,2023-01-19,2023,Vibra São Paulo,São Paulo,São Paulo
Geoff Tate,2023-01-20,2023,Tokio Marine Hall,São Paulo,São Paulo
NCT 127,2023-01-20,2023,Vibra São Paulo,São Paulo,São Paulo
Marenna,2023-01-20,2023,Tokio Marine Hall,São Paulo,São Paulo
Höröyá,2023-01-20,2023,SESC Pompéia,São Paulo,São Paulo
Emicida,2023-01-20,2023,Espaço Unimed,São Paulo,São Paulo
Lenine,2023-01-20,2023,SESC Pompéia,São Paulo,São Paulo
E a Terra Nunca Me Pareceu Tão Distante,2023-01-20,2023,Bar Alto,São Paulo,São Paulo
Tiësto,2023-01-20,2023,LaRoc Club,São Paulo,São Paulo
Tropical Nada,2023-01-20,2023,Studio SP,São Paulo,São Paulo
Wander Wildner,2023-01-20,2023,Clandestino Estúdio,São Paulo,São Paulo
Eduardo Falaschi,2023-01-21,2023,Tokio Marine Hall,São Paulo,São Paulo
Silva,2023-01-21,2023,Memorial da América Latina,São Paulo,São Paulo
Erykah Badu,2023-01-21,2023,Memorial da América Latina,São Paulo,São Paulo
Wanessa Camargo,2023-01-21,2023,Festival Agrada Gregos 2023,São Paulo,São Paulo
Karnak,2023-01-21,2023,Teatro SESC 24 de Maio,São Paulo,São Paulo
Bicho de Pé,2023-01-21,2023,SESC Belenzinho,São Paulo,São Paulo
Tatá Aeroplano,2023-01-21,2023,SESC Belenzinho,São Paulo,São Paulo
Edgar,2023-01-21,2023,SESC Pompéia,São Paulo,São Paulo
BRAZA,2023-01-21,2023,Audio,São Paulo,São Paulo
Karnak,2023-01-22,2023,Teatro SESC 24 de Maio,São Paulo,São Paulo
Fresno,2023-01-24,2023,Espaço Leste,São Paulo,São Paulo
Danilo Caymmi,2023-01-24,2023,Blue Note São Paulo,São Paulo,São Paulo
CPM 22,2023-01-24,2023,Espaço Leste,São Paulo,São Paulo
Nando Reis,2023-01-25,2023,Centro Cultural São Paulo,São Paulo,São Paulo
Almir Sater,2023-01-25,2023,Vale do Anhangabaú,São Paulo,São Paulo
Fresno,2023-01-25,2023,Vale do Anhangabaú,São Paulo,São Paulo
Di Ferrero,2023-01-25,2023,Centro Cultural Tendal da Lapa,São Paulo,São Paulo
João Gomes,2023-01-25,2023,Vale do Anhangabaú,São Paulo,São Paulo
Dona Onete,2023-01-25,2023,Vale do Anhangabaú,São Paulo,São Paulo
Belo,2023-01-25,2023,Vale do Anhangabaú,São Paulo,São Paulo
Douglas Germano,2023-01-25,2023,SESC Interlagos,São Paulo,São Paulo
Karnak,2023-01-25,2023,Teatro SESC 24 de Maio,São Paulo,São Paulo
Xamã,2023-01-26,2023,The Masked Singer Brasil,São Paulo,São Paulo
Mano Walter,2023-01-26,2023,The Masked Singer Brasil,São Paulo,São Paulo
Ivete Sangalo,2023-01-26,2023,The Masked Singer Brasil,São Paulo,São Paulo
Babu Santana,2023-01-26,2023,The Masked Singer Brasil,São Paulo,São Paulo
Flay,2023-01-26,2023,The Masked Singer Brasil,São Paulo,São Paulo
Luccas Carlos,2023-01-26,2023,SESC Pompéia,São Paulo,São Paulo
O Grilo,2023-01-26,2023,Casa Rockambole,São Paulo,São Paulo
PLUMA,2023-01-26,2023,Casa Rockambole,São Paulo,São Paulo
Larissa Luz,2023-01-26,2023,The Masked Singer Brasil,São Paulo,São Paulo
Nirvana Experience (ex-Hormoaning),2023-01-27,2023,Relicário Rock Bar,São Paulo,São Paulo
Backstreet Boys,2023-01-27,2023,Allianz Parque,São Paulo,São Paulo
Wanessa Camargo,2023-01-27,2023,High Club,São Paulo,São Paulo
Luísa Sonza,2023-01-27,2023,Espaço Unimed,São Paulo,São Paulo
Evan Dando,2023-01-27,2023,Fffront,São Paulo,São Paulo
Twinpine(s),2023-01-27,2023,Fffront,São Paulo,São Paulo
Gustthavo,2023-01-27,2023,Casa De Show Específica,São Paulo,São Paulo
Febre90s,2023-01-27,2023,Cineclube Cortina,São Paulo,São Paulo
Backstreet Boys,2023-01-28,2023,Allianz Parque,São Paulo,São Paulo
Torture Squad,2023-01-28,2023,Jai Club,São Paulo,São Paulo
BK,2023-01-28,2023,Audio,São Paulo,São Paulo
Shea Couleé,2023-01-28,2023,Cine Joia,São Paulo,São Paulo
Lexa,2023-01-28,2023,VIP Station,São Paulo,São Paulo
Black Pantera,2023-01-28,2023,La Iglesia Borratxeria,São Paulo,São Paulo
Valesca Popozuda,2023-01-28,2023,VIP Station,São Paulo,São Paulo
Information Society,2023-01-28,2023,Terra SP,São Paulo,São Paulo
Gabrielle Aplin,2023-01-28,2023,Casa Rockambole,São Paulo,São Paulo
Hermeto Pascoal,2023-01-28,2023,SESC Bom Retiro,São Paulo,São Paulo
Decreto Lei 50,2023-01-28,2023,Instituto Cultural Bolivia Rock,São Paulo,São Paulo
POCAH,2023-01-28,2023,VIP Station,São Paulo,São Paulo
Ouse Morrer,2023-01-29,2023,Bay Area Estúdios,São Paulo,São Paulo
Sinistra,2023-01-29,2023,Carioca Club,São Paulo,São Paulo
Good Intentions,2023-01-29,2023,Bay Area Estúdios,São Paulo,São Paulo
Flávio Venturini,2023-01-29,2023,Teatro J. Safra,São Paulo,São Paulo
Ivete Sangalo,2023-02-01,2023,The Masked Singer Brasil,São Paulo,São Paulo
Xamã,2023-02-01,2023,The Masked Singer Brasil,São Paulo,São Paulo
Babu Santana,2023-02-01,2023,The Masked Singer Brasil,São Paulo,São Paulo
Joelma,2023-02-01,2023,The Masked Singer Brasil,São Paulo,São Paulo
Flay,2023-02-01,2023,The Masked Singer Brasil,São Paulo,São Paulo
Larissa Luz,2023-02-01,2023,The Masked Singer Brasil,São Paulo,São Paulo
Mano Walter,2023-02-01,2023,The Masked Singer Brasil,São Paulo,São Paulo
Ale Sater,2023-02-02,2023,Bar Alto,São Paulo,São Paulo
Orquestra Petrobras Sinfônica,2023-02-02,2023,Vibra São Paulo,São Paulo,São Paulo
Alexandre Pires & Seu Jorge,2023-02-03,2023,Espaço Unimed,São Paulo,São Paulo
Renato Teixeira,2023-02-03,2023,SESC Belenzinho,São Paulo,São Paulo
"Francisco, el Hombre",2023-02-03,2023,SESC Belenzinho,São Paulo,São Paulo
Bong Brigade,2023-02-03,2023,La Iglesia Borratxeria,São Paulo,São Paulo
Polara,2023-02-03,2023,Bar Alto,São Paulo,São Paulo
Halleck,2023-02-03,2023,Black Hole,São Paulo,São Paulo
Noturnall,2023-02-04,2023,Carioca Club,São Paulo,São Paulo
Dubdogz,2023-02-04,2023,Allianz Parque,São Paulo,São Paulo
Gloria Groove,2023-02-04,2023,Allianz Parque,São Paulo,São Paulo
Alice Caymmi,2023-02-04,2023,Centro Cultural São Paulo,São Paulo,São Paulo
Seu Jorge,2023-02-04,2023,Espaço Unimed,São Paulo,São Paulo
Alexandre Pires & Seu Jorge,2023-02-04,2023,Espaço Unimed,São Paulo,São Paulo
Paul Di’Anno,2023-02-04,2023,Carioca Club,São Paulo,São Paulo
Innabrain,2023-02-04,2023,Sorrentino's Café e Bar,São Paulo,São Paulo
Claudia Leitte,2023-02-04,2023,Allianz Parque,São Paulo,São Paulo
Luísa Sonza,2023-02-04,2023,Allianz Parque,São Paulo,São Paulo
Electric Gypsy,2023-02-04,2023,Carioca Club,São Paulo,São Paulo
BaianaSystem,2023-02-05,2023,Allianz Parque,São Paulo,São Paulo
Belvedere,2023-02-05,2023,Jai Club,São Paulo,São Paulo
Gloria,2023-02-05,2023,VIP Station,São Paulo,São Paulo
Pabllo Vittar,2023-02-07,2023,Avenida Paulista,São Paulo,São Paulo
Opeth,2023-02-08,2023,Terra SP,São Paulo,São Paulo
Paal Nilssen-Love,2023-02-08,2023,Teatro SESC 24 de Maio,São Paulo,São Paulo
LP,2023-02-08,2023,Audio,São Paulo,São Paulo
gorduratrans,2023-02-08,2023,Bar Alto,São Paulo,São Paulo
SUPER JUNIOR,2023-02-09,2023,Espaço Unimed,São Paulo,São Paulo
Ivete Sangalo,2023-02-09,2023,The Masked Singer Brasil,São Paulo,São Paulo
Flay,2023-02-09,2023,The Masked Singer Brasil,São Paulo,São Paulo
Xamã,2023-02-09,2023,The Masked Singer Brasil,São Paulo,São Paulo
Larissa Luz,2023-02-09,2023,The Masked Singer Brasil,São Paulo,São Paulo
Lianne La Havas,2023-02-09,2023,Cine Joia,São Paulo,São Paulo
Far from Alaska,2023-02-10,2023,SESC Belenzinho,São Paulo,São Paulo
Pitty & Nando Reis,2023-02-10,2023,Clube Atlético Juventus,São Paulo,São Paulo
Emicida,2023-02-10,2023,Espaço Unimed,São Paulo,São Paulo
Terra Celta,2023-02-10,2023,Jai Club,São Paulo,São Paulo
Karol Conká,2023-02-10,2023,SESC Pompéia,São Paulo,São Paulo
Lianne La Havas,2023-02-10,2023,Cine Joia,São Paulo,São Paulo
Black Coffee,2023-02-10,2023,Centro de Eventos João Dias,São Paulo,São Paulo
Fresno,2023-02-10,2023,Clube Atlético Juventus,São Paulo,São Paulo
Johnny Gioeli,2023-02-10,2023,Legends Music & Bar,São Paulo,São Paulo
Tulipa Ruiz,2023-02-11,2023,SESC Bom Retiro,São Paulo,São Paulo
Karol Conká,2023-02-11,2023,SESC Pompéia,São Paulo,São Paulo
Kamelot,2023-02-11,2023,Carioca Club,São Paulo,São Paulo
Manu Chao,2023-02-11,2023,Cine Joia,São Paulo,São Paulo
Sapobanjo,2023-02-11,2023,Hangar 110,São Paulo,São Paulo
Turilli / Lione Rhapsody,2023-02-11,2023,Carioca Club,São Paulo,São Paulo
Jão,2023-02-11,2023,Memorial da América Latina,São Paulo,São Paulo
Mari Fernandez,2023-02-11,2023,Memorial da América Latina,São Paulo,São Paulo
Pabllo Vittar,2023-02-11,2023,Memorial da América Latina,São Paulo,São Paulo
Anitta,2023-02-11,2023,Memorial da América Latina,São Paulo,São Paulo
The Troops of Doom,2023-02-11,2023,SESC Belenzinho,São Paulo,São Paulo
Bloco do Sargento Pimenta,2023-02-11,2023,Brigadeiro Faria Lima,São Paulo,São Paulo
Lia Clark,2023-02-12,2023,Santo Amaro,São Paulo,São Paulo
Aretuza Lovi,2023-02-12,2023,Santo Amaro,São Paulo,São Paulo
Vivendo do Ócio,2023-02-12,2023,Fabrique Club,São Paulo,São Paulo
Luísa Sonza,2023-02-12,2023,Rua Laguna,São Paulo,São Paulo
Lexa,2023-02-12,2023,Avenida Marquês de São Vicente,São Paulo,São Paulo
Ouse Morrer,2023-02-12,2023,Centro Cultural da Juventude Ruth Cardoso,São Paulo,São Paulo
Wanessa Camargo,2023-02-12,2023,Santo Amaro,São Paulo,São Paulo
Emicida,2023-02-12,2023,Espaço Unimed,São Paulo,São Paulo
Nirvana Experience (ex-Hormoaning),2023-02-12,2023,Area 51 Bar,São Paulo,São Paulo
Johnny Hooker,2023-02-12,2023,Santo Amaro,São Paulo,São Paulo
Pepita,2023-02-12,2023,Santo Amaro,São Paulo,São Paulo
Vitão,2023-02-12,2023,Santo Amaro,São Paulo,São Paulo
Luiza Possi,2023-02-12,2023,Santo Amaro,São Paulo,São Paulo
Tulipa Ruiz,2023-02-12,2023,SESC Bom Retiro,São Paulo,São Paulo
Claudia Leitte,2023-02-13,2023,,São Paulo,São Paulo
Manu Chao,2023-02-14,2023,Cine Joia,São Paulo,São Paulo
ONEUS,2023-02-15,2023,Terra SP,São Paulo,São Paulo
BRVNKS,2023-02-16,2023,Bar Alto,São Paulo,São Paulo
Lamparina,2023-02-16,2023,SESC Pompéia,São Paulo,São Paulo
Céu,2023-02-17,2023,SESC Pinheiros,São Paulo,São Paulo
Hermes e Renato,2023-02-17,2023,Audio,São Paulo,São Paulo
Ratos de Porão,2023-02-17,2023,SESC Bom Retiro,São Paulo,São Paulo
Massacration,2023-02-17,2023,Audio,São Paulo,São Paulo
DENNIS,2023-02-18,2023,Jockey Club,São Paulo,São Paulo
NATTAN,2023-02-18,2023,Jockey Club,São Paulo,São Paulo
Thiaguinho,2023-02-18,2023,Jockey Club,São Paulo,São Paulo
Gloria Groove,2023-02-18,2023,Brigadeiro Faria Lima,São Paulo,São Paulo
Rogério Skylab,2023-02-18,2023,Carioca Club,São Paulo,São Paulo
Céu,2023-02-18,2023,SESC Pinheiros,São Paulo,São Paulo
Opera Multi Steel,2023-02-18,2023,Madame Club,São Paulo,São Paulo
Pink Turns Blue,2023-02-18,2023,Madame Club,São Paulo,São Paulo
3 Cold Men,2023-02-18,2023,Madame Club,São Paulo,São Paulo
Sophia Chablau e Uma Enorme Perda de Tempo,2023-02-19,2023,SESC Ipiranga,São Paulo,São Paulo
Mari Fernandez,2023-02-19,2023,Jockey Club,São Paulo,São Paulo
PEDRO SAMPAIO,2023-02-19,2023,Jockey Club,São Paulo,São Paulo
Grupo Menos é Mais,2023-02-19,2023,Jockey Club,São Paulo,São Paulo
PEDRO SAMPAIO,2023-02-19,2023,Parque do Ibirapuera,São Paulo,São Paulo
Pabllo Vittar,2023-02-19,2023,Parque do Ibirapuera,São Paulo,São Paulo
Céu,2023-02-19,2023,SESC Pinheiros,São Paulo,São Paulo
MC Carol,2023-02-19,2023,Parque do Ibirapuera,São Paulo,São Paulo
Lia Clark,2023-02-19,2023,Parque do Ibirapuera,São Paulo,São Paulo
MC Tchelinho,2023-02-19,2023,Parque do Ibirapuera,São Paulo,São Paulo
Opera Multi Steel,2023-02-19,2023,Madame Underground Club,São Paulo,São Paulo
Pink Turns Blue,2023-02-19,2023,Madame Underground Club,São Paulo,São Paulo
Diplo,2023-02-20,2023,LaRoc Club,São Paulo,São Paulo
Banda Eva,2023-02-20,2023,Jockey Club,São Paulo,São Paulo
Skull Fist,2023-02-20,2023,Jai Club,São Paulo,São Paulo
Léo Santana,2023-02-20,2023,Jockey Club,São Paulo,São Paulo
Hellway Train,2023-02-20,2023,Jai Club,São Paulo,São Paulo
Sweet Danger,2023-02-20,2023,Jai Club,São Paulo,São Paulo
Axecuter,2023-02-20,2023,Jai Club,São Paulo,São Paulo
Murdeath,2023-02-20,2023,Jai Club,São Paulo,São Paulo
BIKE,2023-02-20,2023,SESC Ipiranga,São Paulo,São Paulo
Sophia Chablau e Uma Enorme Perda de Tempo,2023-02-20,2023,SESC Ipiranga,São Paulo,São Paulo
Alok,2023-02-20,2023,Jockey Club,São Paulo,São Paulo
Xand Avião,2023-02-21,2023,Jockey Club,São Paulo,São Paulo
Anitta,2023-02-21,2023,Jockey Club,São Paulo,São Paulo
Jorge & Mateus,2023-02-21,2023,Jockey Club,São Paulo,São Paulo
Swallow the Sun,2023-02-21,2023,Fabrique Club,São Paulo,São Paulo
Casagrande & Hanysz,2023-02-23,2023,SESC Avenida Paulista,São Paulo,São Paulo
Cefa,2023-02-24,2023,La Iglesia Borratxeria,São Paulo,São Paulo
Black Mantra,2023-02-24,2023,Studio SP,São Paulo,São Paulo
Boogarins,2023-02-24,2023,Teatro SESC Pompéia,São Paulo,São Paulo
Thunderor,2023-02-25,2023,Hangar 110,São Paulo,São Paulo
Papangu,2023-02-25,2023,Fenda 315,São Paulo,São Paulo
Théo Armen,2023-02-25,2023,Quinto Pecado Café & Bistrot,São Paulo,São Paulo
BaianaSystem,2023-02-25,2023,Parque do Ibirapuera,São Paulo,São Paulo
Ivete Sangalo,2023-02-25,2023,Sambódromo do Anhembi,São Paulo,São Paulo
Enforcer,2023-02-25,2023,Hangar 110,São Paulo,São Paulo
Daniela Mercury,2023-02-26,2023,Rua da Consolação,São Paulo,São Paulo
Crush All Tyranny,2023-02-26,2023,Centro Cultural Tendal da Lapa,São Paulo,São Paulo
Armadilha,2023-02-26,2023,Centro Cultural Tendal da Lapa,São Paulo,São Paulo
Cemitério,2023-02-26,2023,Centro Cultural Tendal da Lapa,São Paulo,São Paulo
Papangu,2023-02-26,2023,Centro Cultural Tendal da Lapa,São Paulo,São Paulo
Test,2023-02-28,2023,Centro da Terra,São Paulo,São Paulo
Wanessa Camargo,2023-02-28,2023,Encontro com Patrícia Poeta,São Paulo,São Paulo
Imagine Dragons,2023-02-28,2023,Allianz Parque,São Paulo,São Paulo
Papangu,2023-02-28,2023,Centro da Terra,São Paulo,São Paulo
OUTROEU,2023-02-28,2023,Allianz Parque,São Paulo,São Paulo
Rodrigo Teaser,2023-03-01,2023,Teatro Bradesco,São Paulo,São Paulo
Persefone,2023-03-01,2023,Manifesto Bar,São Paulo,São Paulo
Bijoux Cone,2023-03-02,2023,PORTA,São Paulo,São Paulo
Orquestra Sinfônica do Estado de São Paulo,2023-03-02,2023,Sala São Paulo,São Paulo,São Paulo
Menores Atos,2023-03-02,2023,Bar Alto,São Paulo,São Paulo
Lê Almeida,2023-03-02,2023,PORTA,São Paulo,São Paulo
Yacøpsæ,2023-03-02,2023,Instituto Raiz da Serra,São Paulo,São Paulo
Dean Z,2023-03-02,2023,Teatro Bradesco,São Paulo,São Paulo
Call the Police,2023-03-03,2023,Teatro Bradesco,São Paulo,São Paulo
Orquestra Sinfônica do Estado de São Paulo,2023-03-03,2023,Sala São Paulo,São Paulo,São Paulo
Lauren Jauregui,2023-03-03,2023,Audio,São Paulo,São Paulo
Evan Dando,2023-03-03,2023,SESC Avenida Paulista,São Paulo,São Paulo
Andy Summers,2023-03-03,2023,Teatro Bradesco,São Paulo,São Paulo
Big Time Rush,2023-03-03,2023,Espaço Unimed,São Paulo,São Paulo
Letrux,2023-03-03,2023,Casa Natura Musical,São Paulo,São Paulo
Lexa,2023-03-04,2023,Centro Esportivo e de Lazer Tietê,São Paulo,São Paulo
Jovem Dionisio,2023-03-04,2023,Audio,São Paulo,São Paulo
Decreto Lei 50,2023-03-04,2023,Caos Bar,São Paulo,São Paulo
Rachel Reis,2023-03-04,2023,Centro Esportivo e de Lazer Tietê,São Paulo,São Paulo
Orquestra Sinfônica do Estado de São Paulo,2023-03-04,2023,Sala São Paulo,São Paulo,São Paulo
Peroli,2023-03-04,2023,Centro Esportivo e de Lazer Tietê,São Paulo,São Paulo
Negra Li,2023-03-04,2023,Centro Esportivo e de Lazer Tietê,São Paulo,São Paulo
DUDA BEAT,2023-03-04,2023,Centro Esportivo e de Lazer Tietê,São Paulo,São Paulo
Innabrain,2023-03-04,2023,Estúdio Doca,São Paulo,São Paulo
Sandy,2023-03-04,2023,Centro Esportivo e de Lazer Tietê,São Paulo,São Paulo
Jota Quest,2023-03-04,2023,Espaço Unimed,São Paulo,São Paulo
JoJo,2023-03-04,2023,Centro Esportivo e de Lazer Tietê,São Paulo,São Paulo
Evan Dando,2023-03-04,2023,SESC Avenida Paulista,São Paulo,São Paulo
Hevo 84,2023-03-04,2023,Hangar 110,São Paulo,São Paulo
Mariah Angeliq,2023-03-04,2023,Centro Esportivo e de Lazer Tietê,São Paulo,São Paulo
Halleck,2023-03-04,2023,Altas Horas Rock Bar,São Paulo,São Paulo
Letrux,2023-03-04,2023,Casa Natura Musical,São Paulo,São Paulo
Foojammers,2023-03-04,2023,Presley Pub,São Paulo,São Paulo
Chico Buarque,2023-03-04,2023,Tokio Marine Hall,São Paulo,São Paulo
Margareth Menezes,2023-03-04,2023,Centro Esportivo e de Lazer Tietê,São Paulo,São Paulo
Manu Gavassi,2023-03-05,2023,Centro Esportivo e de Lazer Tietê,São Paulo,São Paulo
Blu DeTiger,2023-03-05,2023,Centro Esportivo e de Lazer Tietê,São Paulo,São Paulo
Night Prowler,2023-03-05,2023,Manifesto Bar,São Paulo,São Paulo
ANAVITÓRIA,2023-03-05,2023,Centro Esportivo e de Lazer Tietê,São Paulo,São Paulo
Alcione,2023-03-05,2023,Centro Esportivo e de Lazer Tietê,São Paulo,São Paulo
Majur,2023-03-05,2023,Centro Esportivo e de Lazer Tietê,São Paulo,São Paulo
Anelis Assumpção,2023-03-05,2023,SESC Pinheiros,São Paulo,São Paulo
Papangu,2023-03-05,2023,Fffront,São Paulo,São Paulo
Tinashe,2023-03-05,2023,Centro Esportivo e de Lazer Tietê,São Paulo,São Paulo
Chico Buarque,2023-03-05,2023,Tokio Marine Hall,São Paulo,São Paulo
Tinashe,2023-03-06,2023,Zig Studio,São Paulo,São Paulo
Def Leppard,2023-03-07,2023,Allianz Parque,São Paulo,São Paulo
Eduardo Falaschi,2023-03-07,2023,Allianz Parque,São Paulo,São Paulo
Mötley Crüe,2023-03-07,2023,Allianz Parque,São Paulo,São Paulo
Wanessa Camargo,2023-03-07,2023,Altas Horas,São Paulo,São Paulo
Lexa,2023-03-07,2023,Altas Horas,São Paulo,São Paulo
Gloria Groove,2023-03-07,2023,Altas Horas,São Paulo,São Paulo
Tiago Abravanel,2023-03-07,2023,Altas Horas,São Paulo,São Paulo
Daniel,2023-03-07,2023,Altas Horas,São Paulo,São Paulo
Al Di Meola,2023-03-07,2023,Sala São Paulo,São Paulo,São Paulo
Maíra Freitas,2023-03-09,2023,SESC Pompéia,São Paulo,São Paulo
Coldplay,2023-03-10,2023,Estádio do Morumbi,São Paulo,São Paulo
Veigh,2023-03-10,2023,Parque Rivera,São Paulo,São Paulo
Tasha & Tracie,2023-03-10,2023,Casa de Cultura do Butantã,São Paulo,São Paulo
Russo Passapusso,2023-03-10,2023,SESC Pinheiros,São Paulo,São Paulo
Gustthavo,2023-03-10,2023,Casa De Show Específica,São Paulo,São Paulo
As Mercenárias,2023-03-10,2023,SESC Bom Retiro,São Paulo,São Paulo
Vintage Culture,2023-03-10,2023,Parque Rivera,São Paulo,São Paulo
Elana Dara,2023-03-10,2023,Estádio do Morumbi,São Paulo,São Paulo
CHVRCHES,2023-03-10,2023,Estádio do Morumbi,São Paulo,São Paulo
Marcos Valle,2023-03-10,2023,SESC Pompéia,São Paulo,São Paulo
Angra,2023-03-10,2023,Centro de Eventos Pedro Bortolosso,Osasco,São Paulo
Hateen,2023-03-11,2023,SESC Avenida Paulista,São Paulo,São Paulo
Psychotic Eyes,2023-03-11,2023,Crash Church Underground Ministry,São Paulo,São Paulo
Paula Toller,2023-03-11,2023,Clube Atlético Juventus,São Paulo,São Paulo
Bong Brigade,2023-03-11,2023,Fenda 315,São Paulo,São Paulo
Zander,2023-03-11,2023,VIP Station,São Paulo,São Paulo
Coldplay,2023-03-11,2023,Estádio do Morumbi,São Paulo,São Paulo
Cigar,2023-03-11,2023,VIP Station,São Paulo,São Paulo
Satanic Surfers,2023-03-11,2023,VIP Station,São Paulo,São Paulo
Elke,2023-03-11,2023,Centro Esportivo e de Lazer Tietê,São Paulo,São Paulo
MakeWar,2023-03-11,2023,VIP Station,São Paulo,São Paulo
Millencolin,2023-03-11,2023,VIP Station,São Paulo,São Paulo
CHVRCHES,2023-03-11,2023,Estádio do Morumbi,São Paulo,São Paulo
Marina Sena,2023-03-11,2023,Casa Natura Musical,São Paulo,São Paulo
Anyma,2023-03-11,2023,Arca Spaces,São Paulo,São Paulo
Kid Koala,2023-03-11,2023,SESC Pompéia,São Paulo,São Paulo
Paramore,2023-03-11,2023,Centro Esportivo e de Lazer Tietê,São Paulo,São Paulo
Innellea,2023-03-11,2023,Arca Spaces,São Paulo,São Paulo
Elana Dara,2023-03-11,2023,Estádio do Morumbi,São Paulo,São Paulo
Trovão,2023-03-12,2023,Carioca Club,São Paulo,São Paulo
Ratos de Porão,2023-03-12,2023,Carioca Club,São Paulo,São Paulo
Violator,2023-03-12,2023,Carioca Club,São Paulo,São Paulo
Facada,2023-03-12,2023,Carioca Club,São Paulo,São Paulo
WIU,2023-03-12,2023,Audio,São Paulo,São Paulo
Kid Koala,2023-03-12,2023,SESC Pompéia,São Paulo,São Paulo
D.R.I.,2023-03-12,2023,Carioca Club,São Paulo,São Paulo
Salvador Sobral,2023-03-12,2023,SESC Pinheiros,São Paulo,São Paulo
Paramore,2023-03-12,2023,Centro Esportivo e de Lazer Tietê,São Paulo,São Paulo
Elke,2023-03-12,2023,Centro Esportivo e de Lazer Tietê,São Paulo,São Paulo
Deafheaven,2023-03-12,2023,Fabrique Club,São Paulo,São Paulo
terraplana,2023-03-12,2023,Fabrique Club,São Paulo,São Paulo
Elana Dara,2023-03-13,2023,Estádio do Morumbi,São Paulo,São Paulo
Coldplay,2023-03-13,2023,Estádio do Morumbi,São Paulo,São Paulo
CHVRCHES,2023-03-13,2023,Estádio do Morumbi,São Paulo,São Paulo
The Black Crowes,2023-03-14,2023,Espaço Unimed,São Paulo,São Paulo
Hurricanes,2023-03-14,2023,Espaço Unimed,São Paulo,São Paulo
Coldplay,2023-03-14,2023,Estádio do Morumbi,São Paulo,São Paulo
Elana Dara,2023-03-14,2023,Estádio do Morumbi,São Paulo,São Paulo
CHVRCHES,2023-03-14,2023,Estádio do Morumbi,São Paulo,São Paulo
Pupillo,2023-03-16,2023,SESC Pompéia,São Paulo,São Paulo
Molho Negro,2023-03-16,2023,Bar Alto,São Paulo,São Paulo
Paulo Miklos,2023-03-16,2023,Blue Note São Paulo,São Paulo,São Paulo
CHVRCHES,2023-03-16,2023,Audio,São Paulo,São Paulo
Coldplay,2023-03-17,2023,Estádio do Morumbi,São Paulo,São Paulo
Urias,2023-03-17,2023,Casa Natura Musical,São Paulo,São Paulo
CHVRCHES,2023-03-17,2023,Estádio do Morumbi,São Paulo,São Paulo
Maglore,2023-03-17,2023,SESC Belenzinho,São Paulo,São Paulo
Malvada,2023-03-17,2023,Terra SP,São Paulo,São Paulo
Angra,2023-03-17,2023,Terra SP,São Paulo,São Paulo
Carne Doce,2023-03-17,2023,City Lights Music Hall,São Paulo,São Paulo
Viper,2023-03-17,2023,Terra SP,São Paulo,São Paulo
Skank,2023-03-17,2023,Espaço Unimed,São Paulo,São Paulo
Getúlio Abelha,2023-03-17,2023,Cineclube Cortina,São Paulo,São Paulo
Luísa Sonza,2023-03-17,2023,Parque Burle Marx,São Paulo,São Paulo
Matanza Ritual,2023-03-17,2023,Terra SP,São Paulo,São Paulo
Elana Dara,2023-03-17,2023,Estádio do Morumbi,São Paulo,São Paulo
Subalternos,2023-03-18,2023,Espaço Som,São Paulo,São Paulo
The Last Poets,2023-03-18,2023,SESC Pompéia,São Paulo,São Paulo
Hybrid Theory,2023-03-18,2023,Carioca Club,São Paulo,São Paulo
Jadsa,2023-03-18,2023,Bar Alto,São Paulo,São Paulo
Ivete Sangalo,2023-03-18,2023,Private Venue,São Paulo,São Paulo
Coldplay,2023-03-18,2023,Estádio do Morumbi,São Paulo,São Paulo
CHVRCHES,2023-03-18,2023,Estádio do Morumbi,São Paulo,São Paulo
Sonata Arctica,2023-03-18,2023,Audio,São Paulo,São Paulo
FireWing,2023-03-18,2023,Audio,São Paulo,São Paulo
Skank,2023-03-18,2023,Espaço Unimed,São Paulo,São Paulo
Das Ich,2023-03-18,2023,Madame Club,São Paulo,São Paulo
Elana Dara,2023-03-18,2023,Estádio do Morumbi,São Paulo,São Paulo
The Last Poets,2023-03-19,2023,SESC Pompéia,São Paulo,São Paulo
Cátia de França,2023-03-19,2023,SESC Pinheiros,São Paulo,São Paulo
Evan Dando,2023-03-19,2023,Fabrique Club,São Paulo,São Paulo
Ludovico Einaudi,2023-03-19,2023,Vibra São Paulo,São Paulo,São Paulo
Cut Copy,2023-03-19,2023,Cine Joia,São Paulo,São Paulo
Lô Borges,2023-03-19,2023,SESC Pinheiros,São Paulo,São Paulo
Skank,2023-03-19,2023,Espaço Unimed,São Paulo,São Paulo
Statues On Fire,2023-03-22,2023,Cine Joia,São Paulo,São Paulo
Jeff Scott Soto,2023-03-22,2023,Stones Music Bar,São Paulo,São Paulo
Eric Martin,2023-03-22,2023,Stones Music Bar,São Paulo,São Paulo
Rise Against,2023-03-22,2023,Cine Joia,São Paulo,São Paulo
LUDMILLA,2023-03-23,2023,Shopping Cidade São Paulo,São Paulo,São Paulo
Jeff Scott Soto,2023-03-23,2023,The Flaming Youth Experience,São Paulo,São Paulo
Martn'ália,2023-03-23,2023,Blue Note São Paulo,São Paulo,São Paulo
YUNGBLUD,2023-03-23,2023,Cine Joia,São Paulo,São Paulo
Jane’s Addiction,2023-03-23,2023,Audio,São Paulo,São Paulo
Dios Salve a la Reina,2023-03-23,2023,Vibra São Paulo,São Paulo,São Paulo
Devochka,2023-03-24,2023,Autódromo de Interlagos,São Paulo,São Paulo
ANAVITÓRIA,2023-03-24,2023,Autódromo de Interlagos,São Paulo,São Paulo
Polo & Pan,2023-03-24,2023,Autódromo de Interlagos,São Paulo,São Paulo
Nora en Pure,2023-03-24,2023,Autódromo de Interlagos,São Paulo,São Paulo
Suki Waterhouse,2023-03-24,2023,Autódromo de Interlagos,São Paulo,São Paulo
Kali Uchis,2023-03-24,2023,Autódromo de Interlagos,São Paulo,São Paulo
Claptone,2023-03-24,2023,Autódromo de Interlagos,São Paulo,São Paulo
Conan Gray,2023-03-24,2023,Autódromo de Interlagos,São Paulo,São Paulo
PEDRO SAMPAIO,2023-03-24,2023,Autódromo de Interlagos,São Paulo,São Paulo
Brisa Flow,2023-03-24,2023,Autódromo de Interlagos,São Paulo,São Paulo
John Summit,2023-03-24,2023,Autódromo de Interlagos,São Paulo,São Paulo
Modest Mouse,2023-03-24,2023,Autódromo de Interlagos,São Paulo,São Paulo
Gab Ferreira,2023-03-24,2023,Autódromo de Interlagos,São Paulo,São Paulo
Aliados,2023-03-24,2023,Autódromo de Interlagos,São Paulo,São Paulo
Billie Eilish,2023-03-24,2023,Autódromo de Interlagos,São Paulo,São Paulo
Attomica,2023-03-24,2023,SESC Belenzinho,São Paulo,São Paulo
Jards Macalé,2023-03-24,2023,SESC Pinheiros,São Paulo,São Paulo
Monstrosity,2023-03-24,2023,Hangar 110,São Paulo,São Paulo
Planta & Raiz,2023-03-24,2023,Autódromo de Interlagos,São Paulo,São Paulo
Öwnboss,2023-03-24,2023,Autódromo de Interlagos,São Paulo,São Paulo
Autoramas,2023-03-24,2023,Associação Cultural Cecília,São Paulo,São Paulo
Black Alien,2023-03-24,2023,Autódromo de Interlagos,São Paulo,São Paulo
Hot Milk,2023-03-24,2023,Autódromo de Interlagos,São Paulo,São Paulo
Lil Nas X,2023-03-24,2023,Autódromo de Interlagos,São Paulo,São Paulo
Rise Against,2023-03-24,2023,Autódromo de Interlagos,São Paulo,São Paulo
MADDS,2023-03-24,2023,Autódromo de Interlagos,São Paulo,São Paulo
Mother Mother,2023-03-24,2023,Autódromo de Interlagos,São Paulo,São Paulo
Gorgon City,2023-03-24,2023,Autódromo de Interlagos,São Paulo,São Paulo
Mochakk,2023-03-25,2023,Autódromo de Interlagos,São Paulo,São Paulo
Carol Biazin,2023-03-25,2023,Autódromo de Interlagos,São Paulo,São Paulo
Blasphemy,2023-03-25,2023,Hangar 110,São Paulo,São Paulo
Death Worship,2023-03-25,2023,Hangar 110,São Paulo,São Paulo
Chico Buarque,2023-03-25,2023,Tokio Marine Hall,São Paulo,São Paulo
Tássia Reis,2023-03-25,2023,Autódromo de Interlagos,São Paulo,São Paulo
Melanie Martinez,2023-03-25,2023,Autódromo de Interlagos,São Paulo,São Paulo
Purple Disco Machine,2023-03-25,2023,Autódromo de Interlagos,São Paulo,São Paulo
LUDMILLA,2023-03-25,2023,Autódromo de Interlagos,São Paulo,São Paulo
twenty one pilots,2023-03-25,2023,Autódromo de Interlagos,São Paulo,São Paulo
Jamie xx,2023-03-25,2023,Autódromo de Interlagos,São Paulo,São Paulo
The 1975,2023-03-25,2023,Autódromo de Interlagos,São Paulo,São Paulo
Liu,2023-03-25,2023,Autódromo de Interlagos,São Paulo,São Paulo
Jane’s Addiction,2023-03-25,2023,Autódromo de Interlagos,São Paulo,São Paulo
Tame Impala,2023-03-25,2023,Autódromo de Interlagos,São Paulo,São Paulo
Pitty,2023-03-25,2023,Autódromo de Interlagos,São Paulo,São Paulo
Wallows,2023-03-25,2023,Autódromo de Interlagos,São Paulo,São Paulo
Medulla,2023-03-25,2023,Autódromo de Interlagos,São Paulo,São Paulo
Mulamba,2023-03-25,2023,Autódromo de Interlagos,São Paulo,São Paulo
Katatonia,2023-03-25,2023,Carioca Club,São Paulo,São Paulo
Subcut,2023-03-25,2023,La Iglesia Borratxeria,São Paulo,São Paulo
Sofi Tukker,2023-03-25,2023,Autódromo de Interlagos,São Paulo,São Paulo
Arrigo Barnabé,2023-03-25,2023,SESC Pinheiros,São Paulo,São Paulo
YUNGBLUD,2023-03-25,2023,Autódromo de Interlagos,São Paulo,São Paulo
Gilsons,2023-03-25,2023,Autódromo de Interlagos,São Paulo,São Paulo
Ana Frango Elétrico,2023-03-25,2023,Autódromo de Interlagos,São Paulo,São Paulo
Filipe Ret,2023-03-25,2023,Autódromo de Interlagos,São Paulo,São Paulo
Bode Preto,2023-03-25,2023,Hangar 110,São Paulo,São Paulo
L7NNON,2023-03-26,2023,Autódromo de Interlagos,São Paulo,São Paulo
Black Pantera,2023-03-26,2023,Autódromo de Interlagos,São Paulo,São Paulo
Baco Exu do Blues,2023-03-26,2023,Autódromo de Interlagos,São Paulo,São Paulo
Dubdogz,2023-03-26,2023,Autódromo de Interlagos,São Paulo,São Paulo
Fred again..,2023-03-26,2023,Autódromo de Interlagos,São Paulo,São Paulo
Mystifier,2023-03-26,2023,Hangar 110,São Paulo,São Paulo
Psychotic Eyes,2023-03-26,2023,Av. Paulista,São Paulo,São Paulo
TesseracT,2023-03-26,2023,Carioca Club,São Paulo,São Paulo
Deekapz,2023-03-26,2023,Autódromo de Interlagos,São Paulo,São Paulo
Goat Semen,2023-03-26,2023,Hangar 110,São Paulo,São Paulo
Skrillex,2023-03-26,2023,Autódromo de Interlagos,São Paulo,São Paulo
Alison Wonderland,2023-03-26,2023,Autódromo de Interlagos,São Paulo,São Paulo
Armin van Buuren,2023-03-26,2023,Autódromo de Interlagos,São Paulo,São Paulo
Number Teddie,2023-03-26,2023,Autódromo de Interlagos,São Paulo,São Paulo
Rashid,2023-03-26,2023,Autódromo de Interlagos,São Paulo,São Paulo
Tuyo,2023-03-26,2023,Autódromo de Interlagos,São Paulo,São Paulo
Witchcraft,2023-03-26,2023,Hangar 110,São Paulo,São Paulo
Subcut,2023-03-26,2023,Instituto Raiz da Serra,São Paulo,São Paulo
O Grilo,2023-03-26,2023,Autódromo de Interlagos,São Paulo,São Paulo
Os Paralamas do Sucesso,2023-03-26,2023,Autódromo de Interlagos,São Paulo,São Paulo
The Rose,2023-03-26,2023,Autódromo de Interlagos,São Paulo,São Paulo
ROSALÍA,2023-03-26,2023,Autódromo de Interlagos,São Paulo,São Paulo
Rooftime,2023-03-26,2023,Autódromo de Interlagos,São Paulo,São Paulo
KVSH,2023-03-26,2023,Autódromo de Interlagos,São Paulo,São Paulo
Cigarettes After Sex,2023-03-26,2023,Autódromo de Interlagos,São Paulo,São Paulo
AURORA,2023-03-26,2023,Autódromo de Interlagos,São Paulo,São Paulo
Tove Lo,2023-03-26,2023,Autódromo de Interlagos,São Paulo,São Paulo
Cigarettes After Sex,2023-03-27,2023,Audio,São Paulo,São Paulo
Skrillex,2023-03-27,2023,Coffeeshop Club,São Paulo,São Paulo
Fred again..,2023-03-27,2023,Zig Studio,São Paulo,São Paulo
Humberto Gessinger,2023-03-27,2023,Blue Note São Paulo,São Paulo,São Paulo
Tove Lo,2023-03-28,2023,Audio,São Paulo,São Paulo
Chitãozinho & Xororó,2023-03-28,2023,Altas Horas,São Paulo,São Paulo
Darkane,2023-03-29,2023,La Iglesia Borratxeria,São Paulo,São Paulo
Claudia Leitte,2023-03-29,2023,Faustão na Band,São Paulo,São Paulo
Hammurabi,2023-03-29,2023,La Iglesia Borratxeria,São Paulo,São Paulo
Chico Buarque,2023-03-30,2023,Tokio Marine Hall,São Paulo,São Paulo
MediuM,2023-03-30,2023,Fffront,São Paulo,São Paulo
Di Ferrero,2023-03-30,2023,Hangar 110,São Paulo,São Paulo
Jeito Moleque,2023-03-30,2023,Mirante Esperia,São Paulo,São Paulo
Nevasca,2023-03-31,2023,Cardeal Pub,São Paulo,São Paulo
Zumbis do Espaço,2023-03-31,2023,La Iglesia Borratxeria,São Paulo,São Paulo
Juçara Marçal,2023-03-31,2023,Centro Cultural Tendal da Lapa,São Paulo,São Paulo
MediuM,2023-03-31,2023,Lau Estúdio,Osasco,São Paulo
Luedji Luna,2023-03-31,2023,Audio,São Paulo,São Paulo
Operador,2023-04-01,2023,Fabrique Club,São Paulo,São Paulo
Sheku Kanneh‐Mason,2023-04-01,2023,Sala São Paulo,São Paulo,São Paulo
Luísa Sonza,2023-04-01,2023,Vale do Anhangabaú,São Paulo,São Paulo
Amaro Freitas,2023-04-01,2023,SESC Pinheiros,São Paulo,São Paulo
Zumbis do Espaço,2023-04-01,2023,La Iglesia Borratxeria,São Paulo,São Paulo
Applegate,2023-04-01,2023,Cine Joia,São Paulo,São Paulo
Supla,2023-04-01,2023,Madame Underground Club,São Paulo,São Paulo
Hibria,2023-04-01,2023,Fabrique Club,São Paulo,São Paulo
Ira!,2023-04-01,2023,Teatro Bradesco,São Paulo,São Paulo
Paul van Dyk,2023-04-01,2023,,São Paulo,São Paulo
BK,2023-04-02,2023,Espaço Unimed,São Paulo,São Paulo
Planet Hemp,2023-04-02,2023,Espaço Unimed,São Paulo,São Paulo
Sweet Danger,2023-04-02,2023,House of Legends,São Paulo,São Paulo
Bullet Bane,2023-04-02,2023,Carioca Club,São Paulo,São Paulo
Wu‐Tang Clan,2023-04-02,2023,Espaço Unimed,São Paulo,São Paulo
O Verme Vencedor,2023-04-02,2023,Lau Estúdio,Osasco,São Paulo
Tasha & Tracie,2023-04-02,2023,Espaço Unimed,São Paulo,São Paulo
Boogarins,2023-04-02,2023,Cine Joia,São Paulo,São Paulo
Alcest,2023-04-02,2023,Carioca Club,São Paulo,São Paulo
Zumbis do Espaço,2023-04-02,2023,La Iglesia Borratxeria,São Paulo,São Paulo
Biter,2023-04-02,2023,House of Legends,São Paulo,São Paulo
Joy Anonymous,2023-04-02,2023,Coffeeshop Club,São Paulo,São Paulo
Armadilha,2023-04-02,2023,House of Legends,São Paulo,São Paulo
Otto,2023-04-04,2023,Senac Lapa Scipião,São Paulo,São Paulo
ROT,2023-04-06,2023,Jai Club,São Paulo,São Paulo
Vazio,2023-04-06,2023,Jai Club,São Paulo,São Paulo
Infamous Glory,2023-04-06,2023,Jai Club,São Paulo,São Paulo
Velho,2023-04-06,2023,Jai Club,São Paulo,São Paulo
Nirvana Experience (ex-Hormoaning),2023-04-06,2023,Rancho Urbano,São Paulo,São Paulo
Paula Rebellato,2023-04-06,2023,Bar Alto,São Paulo,São Paulo
Gui Mota,2023-04-06,2023,St Paul's Pub,São Paulo,São Paulo
Don L,2023-04-06,2023,Casa Natura Musical,São Paulo,São Paulo
Gustavo Mioto,2023-04-06,2023,Vibra São Paulo,São Paulo,São Paulo
Chico Buarque,2023-04-07,2023,Tokio Marine Hall,São Paulo,São Paulo
Jyoty,2023-04-07,2023,,São Paulo,São Paulo
Don L,2023-04-07,2023,Casa Natura Musical,São Paulo,São Paulo
M.I.A.,2023-04-07,2023,Praça das Artes,São Paulo,São Paulo
Dead Fish,2023-04-08,2023,SESC Pompéia,São Paulo,São Paulo
lōtico,2023-04-08,2023,Bay Area Estúdios,São Paulo,São Paulo
Seu Jorge,2023-04-09,2023,Allianz Parque,São Paulo,São Paulo
Eric Martin,2023-04-09,2023,The Flaming Youth Experience,São Paulo,São Paulo
Lupe de Lupe,2023-04-09,2023,Bar Alto,São Paulo,São Paulo
Pierce the Veil,2023-04-09,2023,Audio,São Paulo,São Paulo
Gloria,2023-04-09,2023,Audio,São Paulo,São Paulo
Joelma,2023-04-11,2023,Encontro com Patrícia Poeta,São Paulo,São Paulo
Pin Ups,2023-04-12,2023,SESC Avenida Paulista,São Paulo,São Paulo
Hoodoo Gurus,2023-04-12,2023,Vibra São Paulo,São Paulo,São Paulo
Yazmin Lacey,2023-04-13,2023,Audio,São Paulo,São Paulo
Odradek,2023-04-13,2023,Bar Alto,São Paulo,São Paulo
Cymande,2023-04-13,2023,Audio,São Paulo,São Paulo
Revelação,2023-04-13,2023,Mirante Esperia,São Paulo,São Paulo
Test,2023-04-13,2023,Bar Alto,São Paulo,São Paulo
Tasha & Tracie,2023-04-14,2023,SESC Belenzinho,São Paulo,São Paulo
Hatefulmurder,2023-04-14,2023,Carioca Club,São Paulo,São Paulo
Beyond Creation,2023-04-14,2023,Carioca Club,São Paulo,São Paulo
Zaz,2023-04-14,2023,Espaço Unimed,São Paulo,São Paulo
Cynic,2023-04-14,2023,Carioca Club,São Paulo,São Paulo
Moonspell,2023-04-14,2023,Carioca Club,São Paulo,São Paulo
Weight of Emptiness,2023-04-14,2023,Carioca Club,São Paulo,São Paulo
Joelma,2023-04-14,2023,Centro de Tradições Nordestinas,São Paulo,São Paulo
Violeta de Outono,2023-04-14,2023,London Calling Discos,São Paulo,São Paulo
Krang,2023-04-14,2023,La Iglesia Borratxeria,São Paulo,São Paulo
New Democracy,2023-04-14,2023,Carioca Club,São Paulo,São Paulo
Emphuria,2023-04-14,2023,Hangar 110,São Paulo,São Paulo
Axty,2023-04-14,2023,Hangar 110,São Paulo,São Paulo
Garotos Podres,2023-04-15,2023,SESC Belenzinho,São Paulo,São Paulo
Nirvana Experience (ex-Hormoaning),2023-04-15,2023,Refúgio Music Bar,São Paulo,São Paulo
BADSISTA,2023-04-15,2023,Casa Natura Musical,São Paulo,São Paulo
Bruce Dickinson,2023-04-15,2023,Vibra São Paulo,São Paulo,São Paulo
Tim Bernardes,2023-04-15,2023,Espaço Unimed,São Paulo,São Paulo
Innabrain,2023-04-15,2023,Reação Underground,São Paulo,São Paulo
Shawn James,2023-04-15,2023,Fabrique Club,São Paulo,São Paulo
Wanessa Camargo,2023-04-15,2023,Audio,São Paulo,São Paulo
Emicida,2023-04-16,2023,SESC Pompéia,São Paulo,São Paulo
ballburya,2023-04-16,2023,La Iglesia Borratxeria,São Paulo,São Paulo
Ivete Sangalo,2023-04-16,2023,Clube Atlético Monte Líbano,São Paulo,São Paulo
Decreto Lei 50,2023-04-16,2023,Instituto Cultural Bolivia Rock,São Paulo,São Paulo
Febre90s,2023-04-16,2023,Salad Days,São Paulo,São Paulo
Diunna Greenleaf,2023-04-19,2023,Bourbon Street Music Club,São Paulo,São Paulo
Ana Cañas,2023-04-19,2023,Shopping Vila Olimpia,São Paulo,São Paulo
Alceu Valença,2023-04-20,2023,Espaço Unimed,São Paulo,São Paulo
Paula Lima,2023-04-20,2023,Pátio do Colégio,São Paulo,São Paulo
Inimigos da HP,2023-04-20,2023,Mirante Esperia,São Paulo,São Paulo
Falamansa,2023-04-20,2023,Espaço Unimed,São Paulo,São Paulo
BIKE,2023-04-20,2023,Cine Joia,São Paulo,São Paulo
Apeles,2023-04-20,2023,Bar Alto,São Paulo,São Paulo
Trio Mocotó,2023-04-20,2023,Cine Joia,São Paulo,São Paulo
BNegão,2023-04-20,2023,Centro Cultural São Paulo,São Paulo,São Paulo
Joss Stone,2023-04-20,2023,Vibra São Paulo,São Paulo,São Paulo
Johnny Hooker,2023-04-20,2023,Pátio do Colégio,São Paulo,São Paulo
Céu,2023-04-20,2023,Pátio do Colégio,São Paulo,São Paulo
The Brian Jonestown Massacre,2023-04-20,2023,Cine Joia,São Paulo,São Paulo
MARO,2023-04-21,2023,Casa Natura Musical,São Paulo,São Paulo
Timmy Trumpet,2023-04-21,2023,Vale do Anhangabaú,São Paulo,São Paulo
Wade,2023-04-21,2023,Vale do Anhangabaú,São Paulo,São Paulo
Oliver Heldens,2023-04-21,2023,Vale do Anhangabaú,São Paulo,São Paulo
Marshmello,2023-04-21,2023,Vale do Anhangabaú,São Paulo,São Paulo
Alan Walker,2023-04-21,2023,Vale do Anhangabaú,São Paulo,São Paulo
Chemical Surf,2023-04-21,2023,Vale do Anhangabaú,São Paulo,São Paulo
Mykris,2023-04-21,2023,Vale do Anhangabaú,São Paulo,São Paulo
Pan-Pot,2023-04-21,2023,Vale do Anhangabaú,São Paulo,São Paulo
FTampa,2023-04-21,2023,Vale do Anhangabaú,São Paulo,São Paulo
Loco Dice,2023-04-21,2023,Vale do Anhangabaú,São Paulo,São Paulo
Melanie Ribbe,2023-04-21,2023,Vale do Anhangabaú,São Paulo,São Paulo
Popof,2023-04-21,2023,Vale do Anhangabaú,São Paulo,São Paulo
OnlyOneOf,2023-04-21,2023,VIP Station,São Paulo,São Paulo
Dubfire,2023-04-21,2023,Vale do Anhangabaú,São Paulo,São Paulo
HI‐LO,2023-04-21,2023,Vale do Anhangabaú,São Paulo,São Paulo
Chico César & Geraldo Azevedo,2023-04-21,2023,SESC Vila Mariana,São Paulo,São Paulo
Ultraje a rigor,2023-04-21,2023,The Noite com Danilo Gentili,Osasco,São Paulo
Enrico Sangiuliano,2023-04-21,2023,Vale do Anhangabaú,São Paulo,São Paulo
Céu,2023-04-22,2023,Sala São Paulo,São Paulo,São Paulo
Solardo,2023-04-22,2023,Vale do Anhangabaú,São Paulo,São Paulo
Hi-Profile,2023-04-22,2023,Vale do Anhangabaú,São Paulo,São Paulo
Kasablanca,2023-04-22,2023,Vale do Anhangabaú,São Paulo,São Paulo
Kölsch,2023-04-22,2023,Vale do Anhangabaú,São Paulo,São Paulo
Axwell,2023-04-22,2023,Vale do Anhangabaú,São Paulo,São Paulo
Above & Beyond,2023-04-22,2023,Vale do Anhangabaú,São Paulo,São Paulo
Binaryh,2023-04-22,2023,Vale do Anhangabaú,São Paulo,São Paulo
VINNE,2023-04-22,2023,Vale do Anhangabaú,São Paulo,São Paulo
Gui Boratto,2023-04-22,2023,Vale do Anhangabaú,São Paulo,São Paulo
Reinier Zonneveld,2023-04-22,2023,Vale do Anhangabaú,São Paulo,São Paulo
Nicky Romero,2023-04-22,2023,Vale do Anhangabaú,São Paulo,São Paulo
DJ Snake,2023-04-22,2023,Vale do Anhangabaú,São Paulo,São Paulo
Rattus,2023-04-22,2023,Hangar 110,São Paulo,São Paulo
Ilario Alicante,2023-04-22,2023,Vale do Anhangabaú,São Paulo,São Paulo
Doro,2023-04-22,2023,Allianz Parque,São Paulo,São Paulo
Ace Ventura,2023-04-22,2023,Vale do Anhangabaú,São Paulo,São Paulo
POCAH,2023-04-22,2023,Espaço Prince Tower,São Paulo,São Paulo
Azymuth,2023-04-22,2023,Blue Note São Paulo,São Paulo,São Paulo
Candlemass,2023-04-22,2023,Allianz Parque,São Paulo,São Paulo
Scorpions,2023-04-22,2023,Allianz Parque,São Paulo,São Paulo
Helloween,2023-04-22,2023,Allianz Parque,São Paulo,São Paulo
Vini Vici,2023-04-22,2023,Vale do Anhangabaú,São Paulo,São Paulo
Jair Naves,2023-04-22,2023,Associação Cultural Cecília,São Paulo,São Paulo
Deep Purple,2023-04-22,2023,Allianz Parque,São Paulo,São Paulo
Chico César & Geraldo Azevedo,2023-04-22,2023,SESC Vila Mariana,São Paulo,São Paulo
Symphony X,2023-04-22,2023,Allianz Parque,São Paulo,São Paulo
Vanessa da Mata,2023-04-22,2023,Sala São Paulo,São Paulo,São Paulo
Sam Paganini,2023-04-22,2023,Vale do Anhangabaú,São Paulo,São Paulo
KISS,2023-04-22,2023,Allianz Parque,São Paulo,São Paulo
Vitor Kley,2023-04-23,2023,Audio,São Paulo,São Paulo
Neil Turbin,2023-04-23,2023,Jai Club,São Paulo,São Paulo
Tim “Ripper” Owens,2023-04-23,2023,Manifesto Bar,São Paulo,São Paulo
Chico César & Geraldo Azevedo,2023-04-23,2023,SESC Vila Mariana,São Paulo,São Paulo
Udo Dirkschneider,2023-04-23,2023,Manifesto Bar,São Paulo,São Paulo
Ultraje a rigor,2023-04-26,2023,The Noite com Danilo Gentili,Osasco,São Paulo
Rattus,2023-04-26,2023,La Iglesia Borratxeria,São Paulo,São Paulo
Terveet Kädet,2023-04-26,2023,La Iglesia Borratxeria,São Paulo,São Paulo
Ratos de Porão,2023-04-26,2023,La Iglesia Borratxeria,São Paulo,São Paulo
Maria Gadú,2023-04-27,2023,SESC Pompéia,São Paulo,São Paulo
Rodriguinho,2023-04-27,2023,Mirante Esperia,São Paulo,São Paulo
Fresno,2023-04-28,2023,Terra SP,São Paulo,São Paulo
Rachel Reis,2023-04-28,2023,Casa Natura Musical,São Paulo,São Paulo
Maria Gadú,2023-04-28,2023,Teatro SESC Pompéia,São Paulo,São Paulo
Day Limns,2023-04-28,2023,Terra SP,São Paulo,São Paulo
PRISCILLA,2023-04-28,2023,Audio,São Paulo,São Paulo
Péricles,2023-04-28,2023,Espaço Unimed,São Paulo,São Paulo
Accept,2023-04-29,2023,Memorial da América Latina,São Paulo,São Paulo
Simone,2023-04-29,2023,Tokio Marine Hall,São Paulo,São Paulo
Voodoo Kiss,2023-04-29,2023,Memorial da América Latina,São Paulo,São Paulo
Benediction,2023-04-29,2023,Memorial da América Latina,São Paulo,São Paulo
Tuatha de Danann,2023-04-29,2023,Memorial da América Latina,São Paulo,São Paulo
Blind Guardian,2023-04-29,2023,Memorial da América Latina,São Paulo,São Paulo
Inocentes,2023-04-29,2023,Hangar 110,São Paulo,São Paulo
Shaman,2023-04-29,2023,Memorial da América Latina,São Paulo,São Paulo
Skid Row,2023-04-29,2023,Memorial da América Latina,São Paulo,São Paulo
Lamb of God,2023-04-29,2023,Memorial da América Latina,São Paulo,São Paulo
Lord of the Lost,2023-04-29,2023,Memorial da América Latina,São Paulo,São Paulo
Stone Temple Pilots,2023-04-29,2023,Memorial da América Latina,São Paulo,São Paulo
Evergrey,2023-04-29,2023,Audio,São Paulo,São Paulo
Skamoondongos,2023-04-29,2023,SESC Belenzinho,São Paulo,São Paulo
Marc Martel,2023-04-29,2023,Memorial da América Latina,São Paulo,São Paulo
Cockney Rejects,2023-04-29,2023,Hangar 110,São Paulo,São Paulo
Foojammers,2023-04-29,2023,CavePool,São Paulo,São Paulo
Perturbator,2023-04-29,2023,Audio,São Paulo,São Paulo
Sepultura,2023-04-29,2023,Memorial da América Latina,São Paulo,São Paulo
MC Tha,2023-04-29,2023,SESC Santo Amaro,São Paulo,São Paulo
João Gordo,2023-04-29,2023,Memorial da América Latina,São Paulo,São Paulo
Crypta,2023-04-29,2023,Memorial da América Latina,São Paulo,São Paulo
Perturbator,2023-04-29,2023,Memorial da América Latina,São Paulo,São Paulo
Viper,2023-04-29,2023,Memorial da América Latina,São Paulo,São Paulo
Apocalyptica,2023-04-29,2023,Memorial da América Latina,São Paulo,São Paulo
Finntroll,2023-04-30,2023,Memorial da América Latina,São Paulo,São Paulo
Testament,2023-04-30,2023,Memorial da América Latina,São Paulo,São Paulo
Bittencourt Project,2023-04-30,2023,Memorial da América Latina,São Paulo,São Paulo
H.E.A.T,2023-04-30,2023,Memorial da América Latina,São Paulo,São Paulo
ÀVUÀ,2023-04-30,2023,SESC Ipiranga,São Paulo,São Paulo
Krisiun,2023-04-30,2023,Memorial da América Latina,São Paulo,São Paulo
Electric Gypsy,2023-04-30,2023,Memorial da América Latina,São Paulo,São Paulo
Nothing,2023-04-30,2023,Fabrique Club,São Paulo,São Paulo
Velvet Chains,2023-04-30,2023,Memorial da América Latina,São Paulo,São Paulo
Project46,2023-04-30,2023,Memorial da América Latina,São Paulo,São Paulo
Grave Digger,2023-04-30,2023,Memorial da América Latina,São Paulo,São Paulo
Bury Tomorrow,2023-04-30,2023,Memorial da América Latina,São Paulo,São Paulo
Simone,2023-04-30,2023,Tokio Marine Hall,São Paulo,São Paulo
Vixen,2023-04-30,2023,Memorial da América Latina,São Paulo,São Paulo
Sinistra,2023-04-30,2023,Memorial da América Latina,São Paulo,São Paulo
Vixen,2023-04-30,2023,Audio,São Paulo,São Paulo
Avantasia,2023-04-30,2023,Memorial da América Latina,São Paulo,São Paulo
Tarcísio do Acordeon,2023-04-30,2023,Sambódromo do Anhembi,São Paulo,São Paulo
gorduratrans,2023-04-30,2023,Fabrique Club,São Paulo,São Paulo
Luísa Sonza,2023-04-30,2023,Sambódromo do Anhembi,São Paulo,São Paulo
Perturbator,2023-04-30,2023,Audio,São Paulo,São Paulo
Xand Avião,2023-04-30,2023,Sambódromo do Anhembi,São Paulo,São Paulo
Kreator,2023-04-30,2023,Memorial da América Latina,São Paulo,São Paulo
Beast in Black,2023-04-30,2023,Memorial da América Latina,São Paulo,São Paulo
Evergrey,2023-04-30,2023,Memorial da América Latina,São Paulo,São Paulo
Parkway Drive,2023-04-30,2023,Memorial da América Latina,São Paulo,São Paulo
NATTAN,2023-04-30,2023,Sambódromo do Anhembi,São Paulo,São Paulo
Vitor Fernandes,2023-04-30,2023,Sambódromo do Anhembi,São Paulo,São Paulo
Stratovarius,2023-04-30,2023,Memorial da América Latina,São Paulo,São Paulo
João Gomes,2023-04-30,2023,Sambódromo do Anhembi,São Paulo,São Paulo
The Winery Dogs,2023-04-30,2023,Memorial da América Latina,São Paulo,São Paulo
Napalm Death,2023-04-30,2023,Memorial da América Latina,São Paulo,São Paulo
Clava,2023-04-30,2023,Rock Together Studio,São Paulo,São Paulo
Mari Fernandez,2023-04-30,2023,Sambódromo do Anhembi,São Paulo,São Paulo
Álcool,2023-05-01,2023,House of Legends,São Paulo,São Paulo
Amazarak,2023-05-01,2023,House of Legends,São Paulo,São Paulo
Skalyface,2023-05-01,2023,Carioca Club,São Paulo,São Paulo
Myrath,2023-05-01,2023,Carioca Club,São Paulo,São Paulo
Hereticae,2023-05-01,2023,House of Legends,São Paulo,São Paulo
Nocturnal,2023-05-01,2023,House of Legends,São Paulo,São Paulo
lōtico,2023-05-02,2023,Espaço das Artes - USP,São Paulo,São Paulo
Ale Sater,2023-05-04,2023,SESC Pompéia,São Paulo,São Paulo
Karol Conká,2023-05-04,2023,Cine Joia,São Paulo,São Paulo
Luedji Luna,2023-05-05,2023,Allianz Parque,São Paulo,São Paulo
Johnny Hooker,2023-05-05,2023,SESC Belenzinho,São Paulo,São Paulo
Alicia Keys,2023-05-05,2023,Allianz Parque,São Paulo,São Paulo
Edson & Hudson,2023-05-05,2023,Espaço Unimed,São Paulo,São Paulo
"Francisco, el Hombre",2023-05-05,2023,Cine Joia,São Paulo,São Paulo
Cefa,2023-05-05,2023,Hangar 110,São Paulo,São Paulo
Marina Sena,2023-05-05,2023,Audio,São Paulo,São Paulo
Madkill,2023-05-06,2023,Cranius Pub,São Paulo,São Paulo
Amelie Lens,2023-05-06,2023,SESI Vila Leopoldina,São Paulo,São Paulo
Steel Pulse,2023-05-06,2023,Distrito Anhembi,São Paulo,São Paulo
Filipe Ret,2023-05-06,2023,Distrito Anhembi,São Paulo,São Paulo
Bryan Behr,2023-05-06,2023,Casa Rockambole,São Paulo,São Paulo
Gloria Groove,2023-05-06,2023,Distrito Anhembi,São Paulo,São Paulo
Lourena,2023-05-06,2023,Distrito Anhembi,São Paulo,São Paulo
Matuê,2023-05-06,2023,Distrito Anhembi,São Paulo,São Paulo
Léo Santana,2023-05-06,2023,Parque do Ibirapuera,São Paulo,São Paulo
Gustavo Mioto,2023-05-06,2023,Parque do Ibirapuera,São Paulo,São Paulo
Legião Urbana,2023-05-06,2023,Espaço Unimed,São Paulo,São Paulo
Shaodree,2023-05-06,2023,Distrito Anhembi,São Paulo,São Paulo
Armandinho,2023-05-06,2023,Distrito Anhembi,São Paulo,São Paulo
Wiz Khalifa,2023-05-06,2023,Distrito Anhembi,São Paulo,São Paulo
Feitiço Oculto,2023-05-06,2023,Cranius Pub,São Paulo,São Paulo
All Is Allowed,2023-05-06,2023,Fabrique Club,São Paulo,São Paulo
Red Fang,2023-05-06,2023,Fabrique Club,São Paulo,São Paulo
Luan Santana,2023-05-06,2023,Parque do Ibirapuera,São Paulo,São Paulo
Fino Coletivo,2023-05-06,2023,SESC Pompéia,São Paulo,São Paulo
Teto,2023-05-06,2023,Distrito Anhembi,São Paulo,São Paulo
MC Cabelinho,2023-05-06,2023,Distrito Anhembi,São Paulo,São Paulo
Orochi,2023-05-06,2023,Distrito Anhembi,São Paulo,São Paulo
3030,2023-05-06,2023,Distrito Anhembi,São Paulo,São Paulo
Tasha & Tracie,2023-05-06,2023,Distrito Anhembi,São Paulo,São Paulo
Dire Straits Legacy,2023-05-07,2023,Espaço Unimed,São Paulo,São Paulo
Ice Cube,2023-05-07,2023,Distrito Anhembi,São Paulo,São Paulo
Onda Vaga,2023-05-07,2023,Cineclube Cortina,São Paulo,São Paulo
Cidade Verde Sounds,2023-05-07,2023,Distrito Anhembi,São Paulo,São Paulo
Pelados,2023-05-07,2023,SESC Avenida Paulista,São Paulo,São Paulo
Mato Seco,2023-05-07,2023,Distrito Anhembi,São Paulo,São Paulo
Racionais MC’s,2023-05-07,2023,Distrito Anhembi,São Paulo,São Paulo
Planet Hemp,2023-05-07,2023,Distrito Anhembi,São Paulo,São Paulo
Dezarie,2023-05-07,2023,Distrito Anhembi,São Paulo,São Paulo
Alma D'Jem,2023-05-07,2023,Distrito Anhembi,São Paulo,São Paulo
Marcelo Falcão,2023-05-07,2023,Distrito Anhembi,São Paulo,São Paulo
Chase Atlantic,2023-05-07,2023,Distrito Anhembi,São Paulo,São Paulo
Hungria Hip-Hop,2023-05-07,2023,Distrito Anhembi,São Paulo,São Paulo
Chase Atlantic,2023-05-09,2023,Audio,São Paulo,São Paulo
Deekapz,2023-05-11,2023,Coffeeshop Club,São Paulo,São Paulo
Espacialrias,2023-05-11,2023,Red Star Studios,São Paulo,São Paulo
Marcão Britto & Thiago Castanho Charlie Brown Jr.,2023-05-12,2023,Audio,São Paulo,São Paulo
Baco Exu do Blues,2023-05-12,2023,Espaço Unimed,São Paulo,São Paulo
Maglore,2023-05-12,2023,Cineclube Cortina,São Paulo,São Paulo
Reckless Love,2023-05-12,2023,Manifesto Bar,São Paulo,São Paulo
Double You,2023-05-13,2023,Tokio Marine Hall,São Paulo,São Paulo
Gloria,2023-05-13,2023,Hangar 110,São Paulo,São Paulo
Maglore,2023-05-13,2023,Cineclube Cortina,São Paulo,São Paulo
Terno Rei,2023-05-13,2023,Cine Joia,São Paulo,São Paulo
ballburya,2023-05-13,2023,Cerveja Azul Music Bar,São Paulo,São Paulo
Ney Matogrosso,2023-05-13,2023,Espaço Unimed,São Paulo,São Paulo
Terno Rei,2023-05-13,2023,Cine Joia,São Paulo,São Paulo
Liniker,2023-05-14,2023,Parque da Água Branca,São Paulo,São Paulo
Tulipa Ruiz,2023-05-14,2023,Parque da Água Branca,São Paulo,São Paulo
Mestrinho,2023-05-14,2023,Parque da Água Branca,São Paulo,São Paulo
Alzira Espíndola,2023-05-14,2023,Parque da Água Branca,São Paulo,São Paulo
Lenine,2023-05-14,2023,Parque da Água Branca,São Paulo,São Paulo
Daniel,2023-05-14,2023,Vibra São Paulo,São Paulo,São Paulo
Deicide,2023-05-14,2023,Fabrique Club,São Paulo,São Paulo
Ney Matogrosso,2023-05-14,2023,Espaço Unimed,São Paulo,São Paulo
Catto,2023-05-14,2023,SESC Bom Retiro,São Paulo,São Paulo
Vulture,2023-05-14,2023,Fabrique Club,São Paulo,São Paulo
Chico César,2023-05-14,2023,Parque da Água Branca,São Paulo,São Paulo
Kataklysm,2023-05-14,2023,Fabrique Club,São Paulo,São Paulo
Larissa Luz,2023-05-14,2023,Parque da Água Branca,São Paulo,São Paulo
Jackson Wang,2023-05-15,2023,Espaço Unimed,São Paulo,São Paulo
La Femme,2023-05-16,2023,Fabrique Club,São Paulo,São Paulo
Sam Quealy,2023-05-16,2023,Fabrique Club,São Paulo,São Paulo
The Royal Thieves,2023-05-16,2023,Fabrique Club,São Paulo,São Paulo
Julieta Venegas,2023-05-18,2023,Teatro Bradesco,São Paulo,São Paulo
DJ Nuts,2023-05-18,2023,Casa Natura Musical,São Paulo,São Paulo
No Te Va Gustar,2023-05-18,2023,SESC Pompéia,São Paulo,São Paulo
Dry Cleaning,2023-05-19,2023,Parque do Ibirapuera,São Paulo,São Paulo
Christine and the Queens,2023-05-19,2023,Parque do Ibirapuera,São Paulo,São Paulo
Tigran Hamasyan,2023-05-19,2023,Parque do Ibirapuera,São Paulo,São Paulo
Cranial Crusher,2023-05-19,2023,Jai Club,São Paulo,São Paulo
Arlo Parks,2023-05-19,2023,Parque do Ibirapuera,São Paulo,São Paulo
Julian Lage,2023-05-19,2023,Parque do Ibirapuera,São Paulo,São Paulo
Blasthrash,2023-05-19,2023,Jai Club,São Paulo,São Paulo
Nubya Garcia,2023-05-19,2023,Parque do Ibirapuera,São Paulo,São Paulo
Perpetual Warfare,2023-05-19,2023,Jai Club,São Paulo,São Paulo
Xênia França,2023-05-19,2023,Parque do Ibirapuera,São Paulo,São Paulo
Nuclëar Fröst,2023-05-19,2023,Jai Club,São Paulo,São Paulo
Daniel,2023-05-19,2023,Vibra São Paulo,São Paulo,São Paulo
Espacialrias,2023-05-19,2023,Picles Cardeal,São Paulo,São Paulo
Whiplash,2023-05-19,2023,Jai Club,São Paulo,São Paulo
PLUMA,2023-05-19,2023,SESC Santo Amaro,São Paulo,São Paulo
Cemitério,2023-05-19,2023,Jai Club,São Paulo,São Paulo
Djavan,2023-05-20,2023,Espaço Unimed,São Paulo,São Paulo
Crypta,2023-05-20,2023,Teatro Mars,São Paulo,São Paulo
BaianaSystem,2023-05-20,2023,Parque Villa-Lobos,São Paulo,São Paulo
Incantation,2023-05-20,2023,Teatro Mars,São Paulo,São Paulo
Jon Batiste,2023-05-20,2023,Parque do Ibirapuera,São Paulo,São Paulo
Blick Bassy,2023-05-20,2023,Parque do Ibirapuera,São Paulo,São Paulo
Vazio,2023-05-20,2023,Teatro Mars,São Paulo,São Paulo
Russo Passapusso,2023-05-20,2023,Parque do Ibirapuera,São Paulo,São Paulo
Karol Conká,2023-05-20,2023,Parque Villa-Lobos,São Paulo,São Paulo
Zander,2023-05-20,2023,SESC Pompéia,São Paulo,São Paulo
Luedji Luna,2023-05-20,2023,Parque Villa-Lobos,São Paulo,São Paulo
Mdou Moctar,2023-05-20,2023,Parque do Ibirapuera,São Paulo,São Paulo
Children of the Beast,2023-05-20,2023,Manifesto Bar,São Paulo,São Paulo
Underworld,2023-05-20,2023,Parque do Ibirapuera,São Paulo,São Paulo
Feminine HiFi,2023-05-20,2023,Parque do Ibirapuera,São Paulo,São Paulo
Os Paralamas do Sucesso,2023-05-20,2023,Espaço Leste,São Paulo,São Paulo
Kraftwerk,2023-05-20,2023,Parque do Ibirapuera,São Paulo,São Paulo
Model 500,2023-05-20,2023,Parque do Ibirapuera,São Paulo,São Paulo
Dorsal Atlântica,2023-05-20,2023,Teatro Mars,São Paulo,São Paulo
The Troops of Doom,2023-05-20,2023,Teatro Mars,São Paulo,São Paulo
MC Tha,2023-05-20,2023,Parque Villa-Lobos,São Paulo,São Paulo
Nando Reis,2023-05-20,2023,Parque Villa-Lobos,São Paulo,São Paulo
Alcione,2023-05-20,2023,Parque Villa-Lobos,São Paulo,São Paulo
Liniker,2023-05-21,2023,Parque Villa-Lobos,São Paulo,São Paulo
João Gomes,2023-05-21,2023,Parque Villa-Lobos,São Paulo,São Paulo
Seu Jorge,2023-05-21,2023,Parque Villa-Lobos,São Paulo,São Paulo
Tim Bernardes,2023-05-21,2023,Parque do Ibirapuera,São Paulo,São Paulo
Chico César & Geraldo Azevedo,2023-05-21,2023,Parque Villa-Lobos,São Paulo,São Paulo
Criolo,2023-05-21,2023,Parque Villa-Lobos,São Paulo,São Paulo
Tasha & Tracie,2023-05-21,2023,Parque Villa-Lobos,São Paulo,São Paulo
"Black Country, New Road",2023-05-21,2023,Parque do Ibirapuera,São Paulo,São Paulo
DOMi & JD BECK,2023-05-21,2023,Parque do Ibirapuera,São Paulo,São Paulo
Supercombo,2023-05-21,2023,Audio,São Paulo,São Paulo
Weyes Blood,2023-05-21,2023,Parque do Ibirapuera,São Paulo,São Paulo
The War on Drugs,2023-05-21,2023,Parque do Ibirapuera,São Paulo,São Paulo
Samara Joy,2023-05-21,2023,Parque do Ibirapuera,São Paulo,São Paulo
The Comet Is Coming,2023-05-21,2023,Parque do Ibirapuera,São Paulo,São Paulo
Caetano Veloso,2023-05-21,2023,Parque do Ibirapuera,São Paulo,São Paulo
Anna Vis,2023-05-24,2023,Casa de Francisca,São Paulo,São Paulo
Tulipa Ruiz,2023-05-25,2023,SESC Ipiranga,São Paulo,São Paulo
Silibrina,2023-05-25,2023,Audio,São Paulo,São Paulo
Children of the Beast,2023-05-25,2023,The Metal Bar,São Paulo,São Paulo
Ritchie,2023-05-25,2023,Cine Joia,São Paulo,São Paulo
Snarky Puppy,2023-05-25,2023,Audio,São Paulo,São Paulo
Russo Passapusso + Antonio Carlos e Jocafi,2023-05-26,2023,Casa Natura Musical,São Paulo,São Paulo
Luciana Mello,2023-05-26,2023,SESC Belenzinho,São Paulo,São Paulo
BNegão,2023-05-26,2023,SESC Pinheiros,São Paulo,São Paulo
Giolì & Assia,2023-05-26,2023,Autódromo de Interlagos,São Paulo,São Paulo
Nirvana Experience (ex-Hormoaning),2023-05-26,2023,Relicário Rock Bar,São Paulo,São Paulo
Montanee,2023-05-26,2023,La Iglesia Borratxeria,São Paulo,São Paulo
Tássia Reis,2023-05-27,2023,"Avenida Eliseu de Almeida, 3307",São Paulo,São Paulo
Tiee,2023-05-27,2023,"Av. Luiz Dumont Villares, 1400, Parada Inglesa",São Paulo,São Paulo
Supercombo,2023-05-27,2023,SESC Interlagos,São Paulo,São Paulo
Johnny Hooker,2023-05-27,2023,Centro Cultural São Paulo,São Paulo,São Paulo
Mart’nália,2023-05-27,2023,Centro Cultural Tendal da Lapa,São Paulo,São Paulo
BaianaSystem,2023-05-27,2023,Vale do Anhangabaú,São Paulo,São Paulo
Olodum,2023-05-27,2023,"Av. Nagib Farah Maluf, Itaquera",São Paulo,São Paulo
Baco Exu do Blues,2023-05-27,2023,"Av. Nagib Farah Maluf, Itaquera",São Paulo,São Paulo
Abraskadabra,2023-05-27,2023,Hangar 110,São Paulo,São Paulo
Kaya Conky,2023-05-27,2023,Avenida Marquês de São Vicente,São Paulo,São Paulo
Lexa,2023-05-27,2023,"Rua Dr. Joviano Pacheco de Aguirre, 30",São Paulo,São Paulo
Sugar Kane,2023-05-27,2023,Hangar 110,São Paulo,São Paulo
Paula Toller,2023-05-27,2023,Tokio Marine Hall,São Paulo,São Paulo
RP Boo,2023-05-27,2023,function.fm,São Paulo,São Paulo
Gloria Groove,2023-05-27,2023,Vale do Anhangabaú,São Paulo,São Paulo
Ratos de Porão,2023-05-27,2023,Casa de Cultura do Butantã,São Paulo,São Paulo
WiseSided,2023-05-27,2023,Boiódromo de Cajamar,Cajamar,São Paulo
Gritando HC,2023-05-27,2023,Casa de Cultura do Butantã,São Paulo,São Paulo
Boogarins,2023-05-27,2023,Casa de Cultura Municipal da Vila Guilherme - Casarão,São Paulo,São Paulo
Zé Ramalho,2023-05-27,2023,Espaço Unimed,São Paulo,São Paulo
Carlinhos Brown,2023-05-27,2023,"Av. Luiz Dumont Villares, 1400, Parada Inglesa",São Paulo,São Paulo
Garotos Podres,2023-05-27,2023,Casa de Cultura do Butantã,São Paulo,São Paulo
Tiago Iorc,2023-05-27,2023,Vibra São Paulo,São Paulo,São Paulo
Michel Teló,2023-05-27,2023,"Rua Dr. Joviano Pacheco de Aguirre, 30",São Paulo,São Paulo
Far from Alaska,2023-05-28,2023,SESC Interlagos,São Paulo,São Paulo
Melim,2023-05-28,2023,"Avenida Eliseu de Almeida, 3307",São Paulo,São Paulo
Kapanga,2023-05-28,2023,Casa de Cultura do Butantã,São Paulo,São Paulo
Night Prowler,2023-05-28,2023,Jai Club,São Paulo,São Paulo
IZA,2023-05-28,2023,Vale do Anhangabaú,São Paulo,São Paulo
Solange Almeida,2023-05-28,2023,"Rua Dr. Joviano Pacheco de Aguirre, 30",São Paulo,São Paulo
Ivan Lins,2023-05-28,2023,SESC Pinheiros,São Paulo,São Paulo
Tasha & Tracie,2023-05-28,2023,"Av. Nagib Farah Maluf, Itaquera",São Paulo,São Paulo
Supla,2023-05-28,2023,"Avenida Eliseu de Almeida, 3307",São Paulo,São Paulo
MC Cabelinho,2023-05-28,2023,"Av. Nagib Farah Maluf, Itaquera",São Paulo,São Paulo
Tulipa Ruiz,2023-05-28,2023,Centro Cultural Tendal da Lapa,São Paulo,São Paulo
Tom Zé,2023-05-28,2023,Centro Cultural Tendal da Lapa,São Paulo,São Paulo
Flageladör,2023-05-28,2023,Jai Club,São Paulo,São Paulo
Los Mirlos,2023-05-28,2023,Vale do Anhangabaú,São Paulo,São Paulo
Céu,2023-05-28,2023,SESC Consolação,São Paulo,São Paulo
Luedji Luna,2023-05-28,2023,Vale do Anhangabaú,São Paulo,São Paulo
Eskröta,2023-05-28,2023,Jai Club,São Paulo,São Paulo
Sofía Viola,2023-05-28,2023,Centro Cultural Tendal da Lapa,São Paulo,São Paulo
Biter,2023-05-28,2023,Jai Club,São Paulo,São Paulo
Alceu Valença,2023-05-28,2023,Vale do Anhangabaú,São Paulo,São Paulo
ANAVITÓRIA,2023-05-28,2023,"Avenida Eliseu de Almeida, 3307",São Paulo,São Paulo
Marina Sena,2023-05-28,2023,"Avenida Eliseu de Almeida, 3307",São Paulo,São Paulo
Aline Barros,2023-05-28,2023,"Av. Nagib Farah Maluf, Itaquera",São Paulo,São Paulo
L7NNON,2023-05-28,2023,"Rua Dr. Joviano Pacheco de Aguirre, 30",São Paulo,São Paulo
Rosa de Saron,2023-05-28,2023,Carioca Club,São Paulo,São Paulo
Evil Invaders,2023-05-28,2023,Jai Club,São Paulo,São Paulo
Papatinho,2023-05-28,2023,"Rua Dr. Joviano Pacheco de Aguirre, 30",São Paulo,São Paulo
Di Melo,2023-05-30,2023,Fatiado Discos e Cervejas Especiais,São Paulo,São Paulo
Wanessa Camargo,2023-05-30,2023,Altas Horas,São Paulo,São Paulo
Léo Santana,2023-05-30,2023,Altas Horas,São Paulo,São Paulo
Toquinho,2023-05-30,2023,Altas Horas,São Paulo,São Paulo
Otto,2023-05-30,2023,Altas Horas,São Paulo,São Paulo
Leonardo Gonçalves,2023-05-31,2023,Teatro Bradesco,São Paulo,São Paulo
The Beast Experience,2023-05-31,2023,Teatro UMC,São Paulo,São Paulo
Ombu,2023-06-01,2023,Cine Joia,São Paulo,São Paulo
Os Mutantes,2023-06-01,2023,Cine Joia,São Paulo,São Paulo
Lupe de Lupe,2023-06-01,2023,Red Star Studios,São Paulo,São Paulo
Julia Mestre,2023-06-01,2023,Casa Natura Musical,São Paulo,São Paulo
Dora Morelenbaum,2023-06-01,2023,Bona Casa de Música,São Paulo,São Paulo
Tom Morello,2023-06-02,2023,Parque do Ibirapuera,São Paulo,São Paulo
Extreme,2023-06-02,2023,Parque do Ibirapuera,São Paulo,São Paulo
Vespas Mandarinas,2023-06-02,2023,SESC Santo Amaro,São Paulo,São Paulo
Danny Bond,2023-06-02,2023,Komplexo Tempo,São Paulo,São Paulo
Nirvana Experience (ex-Hormoaning),2023-06-02,2023,Santa Breja Bar,São Paulo,São Paulo
Malvada,2023-06-02,2023,Parque do Ibirapuera,São Paulo,São Paulo
Getúlio Abelha,2023-06-02,2023,Komplexo Tempo,São Paulo,São Paulo
Urias,2023-06-02,2023,Komplexo Tempo,São Paulo,São Paulo
Rebecca,2023-06-02,2023,Komplexo Tempo,São Paulo,São Paulo
Orquestra Sinfônica do Estado de São Paulo,2023-06-02,2023,Sala São Paulo,São Paulo,São Paulo
Pabllo Vittar,2023-06-02,2023,Komplexo Tempo,São Paulo,São Paulo
Aretuza Lovi,2023-06-02,2023,Komplexo Tempo,São Paulo,São Paulo
Orquestra Sinfônica do Estado de São Paulo,2023-06-03,2023,Sala São Paulo,São Paulo,São Paulo
Jehnny Beth,2023-06-03,2023,Novo Anhangabaú,São Paulo,São Paulo
ÀVUÀ,2023-06-03,2023,Novo Anhangabaú,São Paulo,São Paulo
Carlise Guy,2023-06-03,2023,Parque do Ibirapuera,São Paulo,São Paulo
BADBADNOTGOOD,2023-06-03,2023,Novo Anhangabaú,São Paulo,São Paulo
MEE,2023-06-03,2023,City Lights Music Hall,São Paulo,São Paulo
Buddy Guy,2023-06-03,2023,Parque do Ibirapuera,São Paulo,São Paulo
Djonga,2023-06-03,2023,Novo Anhangabaú,São Paulo,São Paulo
Ana Frango Elétrico,2023-06-03,2023,SESC Vila Mariana,São Paulo,São Paulo
N.I.N.A (Nina do Porte),2023-06-03,2023,Novo Anhangabaú,São Paulo,São Paulo
Steve Vai,2023-06-03,2023,Parque do Ibirapuera,São Paulo,São Paulo
Foojammers,2023-06-03,2023,Presley Pub,São Paulo,São Paulo
John Wayne,2023-06-03,2023,City Lights Music Hall,São Paulo,São Paulo
DUDA BEAT,2023-06-03,2023,Novo Anhangabaú,São Paulo,São Paulo
ballburya,2023-06-03,2023,Jai Club,São Paulo,São Paulo
Hevo 84,2023-06-03,2023,Bloco Emo,São Paulo,São Paulo
Artur Menezes,2023-06-03,2023,Parque do Ibirapuera,São Paulo,São Paulo
Lulu Santos,2023-06-03,2023,Espaço Unimed,São Paulo,São Paulo
Replace,2023-06-03,2023,Bloco Emo,São Paulo,São Paulo
Mateus Carrilho,2023-06-03,2023,Komplexo Tempo,São Paulo,São Paulo
Dead Fish,2023-06-03,2023,Parque do Ibirapuera,São Paulo,São Paulo
Lia Clark,2023-06-03,2023,Komplexo Tempo,São Paulo,São Paulo
Flume,2023-06-03,2023,Novo Anhangabaú,São Paulo,São Paulo
Natiruts,2023-06-03,2023,Novo Anhangabaú,São Paulo,São Paulo
Lexa,2023-06-03,2023,Komplexo Tempo,São Paulo,São Paulo
Lana Del Rey,2023-06-03,2023,Novo Anhangabaú,São Paulo,São Paulo
Electric Mob,2023-06-03,2023,La Iglesia Borratxeria,São Paulo,São Paulo
Mestre Ambrósio,2023-06-03,2023,SESC Pompéia,São Paulo,São Paulo
Pepita,2023-06-03,2023,Komplexo Tempo,São Paulo,São Paulo
Mac Júlia,2023-06-03,2023,Komplexo Tempo,São Paulo,São Paulo
HAIM,2023-06-04,2023,Novo Anhangabaú,São Paulo,São Paulo
Don L,2023-06-04,2023,Novo Anhangabaú,São Paulo,São Paulo
Ana Frango Elétrico,2023-06-04,2023,SESC Vila Mariana,São Paulo,São Paulo
Children of the Beast,2023-06-04,2023,Budegaalokka,São Paulo,São Paulo
Ira!,2023-06-04,2023,Parque do Ibirapuera,São Paulo,São Paulo
Day Limns,2023-06-04,2023,Parque do Ibirapuera,São Paulo,São Paulo
Protoje,2023-06-04,2023,Audio,São Paulo,São Paulo
Sabrina Carpenter,2023-06-04,2023,Novo Anhangabaú,São Paulo,São Paulo
Tom Morello,2023-06-04,2023,Parque do Ibirapuera,São Paulo,São Paulo
Goo Goo Dolls,2023-06-04,2023,Parque do Ibirapuera,São Paulo,São Paulo
Florence + the Machine,2023-06-04,2023,Novo Anhangabaú,São Paulo,São Paulo
NX Zero,2023-06-04,2023,Novo Anhangabaú,São Paulo,São Paulo
Far from Alaska,2023-06-04,2023,Novo Anhangabaú,São Paulo,São Paulo
The Mars Volta,2023-06-04,2023,Novo Anhangabaú,São Paulo,São Paulo
Buddy Guy,2023-06-04,2023,Parque do Ibirapuera,São Paulo,São Paulo
Capital Inicial,2023-06-04,2023,Novo Anhangabaú,São Paulo,São Paulo
Wanessa Camargo,2023-06-05,2023,The Noite com Danilo Gentili,Osasco,São Paulo
Fear Factory,2023-06-06,2023,Fabrique Club,São Paulo,São Paulo
Skin Culture,2023-06-06,2023,Fabrique Club,São Paulo,São Paulo
Wanessa Camargo,2023-06-06,2023,Hora do Faro,São Paulo,São Paulo
Korzus,2023-06-06,2023,Fabrique Club,São Paulo,São Paulo
Planet Hemp,2023-06-07,2023,Espaço Leste,São Paulo,São Paulo
Wanessa Camargo,2023-06-07,2023,Programa Eliana,Osasco,São Paulo
Ventania,2023-06-07,2023,Espaço Leste,São Paulo,São Paulo
Children of the Beast,2023-06-07,2023,Café Piu Piu,São Paulo,São Paulo
Cátia de França,2023-06-08,2023,Itaú Cultural,São Paulo,São Paulo
Claudia Leitte,2023-06-08,2023,Sambódromo do Anhembi,São Paulo,São Paulo
Ivete Sangalo,2023-06-08,2023,Sambódromo do Anhembi,São Paulo,São Paulo
Walfredo em Busca da Simbiose,2023-06-08,2023,Bar Alto,São Paulo,São Paulo
Mahmundi,2023-06-09,2023,SESC Pinheiros,São Paulo,São Paulo
Linn da Quebrada,2023-06-09,2023,Zig Studio,São Paulo,São Paulo
Os Amantes,2023-06-09,2023,Casa Natura Musical,São Paulo,São Paulo
Gloria Groove,2023-06-09,2023,Sambódromo do Anhembi,São Paulo,São Paulo
Menores Atos,2023-06-09,2023,SESC Belenzinho,São Paulo,São Paulo
Daniela Mercury,2023-06-09,2023,Sambódromo do Anhembi,São Paulo,São Paulo
lōtico,2023-06-09,2023,Cardeal Pub,São Paulo,São Paulo
Jup do Bairro,2023-06-09,2023,Galeria Olido,São Paulo,São Paulo
Alinne Rosa,2023-06-09,2023,Sambódromo do Anhembi,São Paulo,São Paulo
Timbalada,2023-06-10,2023,Sambódromo do Anhembi,São Paulo,São Paulo
Catto,2023-06-10,2023,Galeria Olido,São Paulo,São Paulo
Innabrain,2023-06-10,2023,Espaço Fim da Rua,São Paulo,São Paulo
Lexa,2023-06-10,2023,Sambódromo do Anhembi,São Paulo,São Paulo
Marina Sena,2023-06-10,2023,Vale do Anhangabaú,São Paulo,São Paulo
Liniker,2023-06-10,2023,Vale do Anhangabaú,São Paulo,São Paulo
Silva,2023-06-10,2023,Vale do Anhangabaú,São Paulo,São Paulo
Johnny Hooker,2023-06-10,2023,Vale do Anhangabaú,São Paulo,São Paulo
Claudia Leitte,2023-06-10,2023,Sambódromo do Anhembi,São Paulo,São Paulo
Pabllo Vittar,2023-06-10,2023,Sambódromo do Anhembi,São Paulo,São Paulo
Karol Conká,2023-06-10,2023,Vale do Anhangabaú,São Paulo,São Paulo
MC Soffia,2023-06-11,2023,Avenida Paulista,São Paulo,São Paulo
Haggard,2023-06-11,2023,Carioca Club,São Paulo,São Paulo
Grag Queen,2023-06-11,2023,Avenida Paulista,São Paulo,São Paulo
Daniela Mercury,2023-06-11,2023,Avenida Paulista,São Paulo,São Paulo
Pepita,2023-06-11,2023,Avenida Paulista,São Paulo,São Paulo
Majur,2023-06-11,2023,Avenida Paulista,São Paulo,São Paulo
Arthur Verocai,2023-06-11,2023,Auditório Simón Bolívar - Memorial da América Latina,São Paulo,São Paulo
POCAH,2023-06-11,2023,Avenida Paulista,São Paulo,São Paulo
Pabllo Vittar,2023-06-11,2023,Avenida Paulista,São Paulo,São Paulo
Urias,2023-06-11,2023,Avenida Paulista,São Paulo,São Paulo
Fernando Catatau,2023-06-12,2023,Odette,São Paulo,São Paulo
Luiza Possi,2023-06-13,2023,Faustão na Band,São Paulo,São Paulo
Wanessa Camargo,2023-06-13,2023,Faustão na Band,São Paulo,São Paulo
Chico César,2023-06-13,2023,Theatro Municipal de São Paulo,São Paulo,São Paulo
Zeca Baleiro,2023-06-13,2023,Theatro Municipal de São Paulo,São Paulo,São Paulo
Tropical Nada,2023-06-14,2023,Fffront,São Paulo,São Paulo
Colomy,2023-06-16,2023,Allianz Parque,São Paulo,São Paulo
Titãs,2023-06-16,2023,Allianz Parque,São Paulo,São Paulo
Colligere,2023-06-16,2023,La Iglesia Borratxeria,São Paulo,São Paulo
Halleck,2023-06-16,2023,Porão da Cerveja,São Paulo,São Paulo
Ney Matogrosso,2023-06-16,2023,Espaço Unimed,São Paulo,São Paulo
Marcelo D2,2023-06-16,2023,Audio,São Paulo,São Paulo
Don L,2023-06-16,2023,SESC Pompéia,São Paulo,São Paulo
Viper,2023-06-16,2023,House of Legends,São Paulo,São Paulo
Potyguara Bardo,2023-06-16,2023,Cineclube Cortina,São Paulo,São Paulo
Davi Sabbag,2023-06-16,2023,Cineclube Cortina,São Paulo,São Paulo
Alexandre Pires & Seu Jorge,2023-06-17,2023,Espaço Unimed,São Paulo,São Paulo
Cult of Fire,2023-06-17,2023,Hangar 110,São Paulo,São Paulo
Holger,2023-06-17,2023,Estúdio Aurora,São Paulo,São Paulo
Children of the Beast,2023-06-17,2023,ZN Highway,São Paulo,São Paulo
Colomy,2023-06-17,2023,Allianz Parque,São Paulo,São Paulo
Sioux 66,2023-06-17,2023,Allianz Parque,São Paulo,São Paulo
Angvstia,2023-06-17,2023,Casa Síntese,São Paulo,São Paulo
Titãs,2023-06-17,2023,Allianz Parque,São Paulo,São Paulo
Alexandre Pires & Seu Jorge,2023-06-18,2023,Espaço Unimed,São Paulo,São Paulo
Metade de Mim,2023-06-18,2023,Carioca Club,São Paulo,São Paulo
Nile,2023-06-18,2023,Jai Club,São Paulo,São Paulo
The Sisters of Mercy,2023-06-18,2023,Tokio Marine Hall,São Paulo,São Paulo
Sioux 66,2023-06-18,2023,Allianz Parque,São Paulo,São Paulo
Pense,2023-06-18,2023,Carioca Club,São Paulo,São Paulo
Mukeka di Rato,2023-06-18,2023,Carioca Club,São Paulo,São Paulo
Titãs,2023-06-18,2023,Allianz Parque,São Paulo,São Paulo
Sudarshana,2023-06-18,2023,Carioca Club,São Paulo,São Paulo
3 Pipe Problem,2023-06-18,2023,Tokio Marine Hall,São Paulo,São Paulo
Nação Zumbi,2023-06-18,2023,Vale do Anhangabaú,São Paulo,São Paulo
Bayside Kings,2023-06-18,2023,Carioca Club,São Paulo,São Paulo
Dance of Days,2023-06-18,2023,Carioca Club,São Paulo,São Paulo
terraplana,2023-06-19,2023,SESC Carmo,São Paulo,São Paulo
Álcool,2023-06-23,2023,Hangar 110,São Paulo,São Paulo
Xênia França,2023-06-23,2023,SESC Santo Amaro,São Paulo,São Paulo
Innabrain,2023-06-23,2023,Porão da Cerveja,São Paulo,São Paulo
The Outrageous Gravedäncer,2023-06-23,2023,Hangar 110,São Paulo,São Paulo
Selvageria,2023-06-23,2023,Hangar 110,São Paulo,São Paulo
POCAH,2023-06-23,2023,Audio,São Paulo,São Paulo
Terno Rei,2023-06-23,2023,SESC Belenzinho,São Paulo,São Paulo
Holger,2023-06-23,2023,Laje 795,São Paulo,São Paulo
Chitãozinho & Xororó,2023-06-23,2023,Espaço Unimed,São Paulo,São Paulo
Mahmundi,2023-06-23,2023,Cineclube Cortina,São Paulo,São Paulo
Nevasca,2023-06-24,2023,Only Rock Bar,São Paulo,São Paulo
Garotos Podres,2023-06-24,2023,Hangar 110,São Paulo,São Paulo
MC Hariel,2023-06-24,2023,Parque do Ibirapuera,São Paulo,São Paulo
Cólera,2023-06-24,2023,Hangar 110,São Paulo,São Paulo
Maria Rita,2023-06-24,2023,Parque do Ibirapuera,São Paulo,São Paulo
Quântico Romance,2023-06-24,2023,La Iglesia Borratxeria,São Paulo,São Paulo
Chitãozinho & Xororó,2023-06-24,2023,Espaço Unimed,São Paulo,São Paulo
Nomade Orquestra,2023-06-24,2023,Teatro SESC 24 de Maio,São Paulo,São Paulo
Yamandu Costa,2023-06-24,2023,SESC Pinheiros,São Paulo,São Paulo
António Zambujo,2023-06-24,2023,SESC Pinheiros,São Paulo,São Paulo
Jorge Ben Jor,2023-06-24,2023,Parque do Ibirapuera,São Paulo,São Paulo
Terno Rei,2023-06-24,2023,SESC Belenzinho,São Paulo,São Paulo
Carol Biazin,2023-06-24,2023,Casa Natura Musical,São Paulo,São Paulo
Zeca Pagodinho,2023-06-24,2023,Parque do Ibirapuera,São Paulo,São Paulo
Tuyo,2023-06-25,2023,Parque do Ibirapuera,São Paulo,São Paulo
Joelma,2023-06-25,2023,Parque do Ibirapuera,São Paulo,São Paulo
Gilberto Gil,2023-06-25,2023,Parque do Ibirapuera,São Paulo,São Paulo
Pitty,2023-06-25,2023,Parque do Ibirapuera,São Paulo,São Paulo
Delacruz,2023-06-25,2023,Parque do Ibirapuera,São Paulo,São Paulo
A Espetacular Charanga do França,2023-06-25,2023,Parque do Ibirapuera,São Paulo,São Paulo
Test,2023-06-26,2023,Estúdio Páprica,São Paulo,São Paulo
Metade de Mim,2023-06-26,2023,Fffront,São Paulo,São Paulo
Zander,2023-06-26,2023,Fffront,São Paulo,São Paulo
Titãs,2023-06-27,2023,Vibra São Paulo,São Paulo,São Paulo
Bike,2023-06-29,2023,SESC Carmo,São Paulo,São Paulo
Caixa Cubo,2023-06-29,2023,SESC Pompéia,São Paulo,São Paulo
Raimundos,2023-06-29,2023,Audio,São Paulo,São Paulo
Bixarte,2023-06-29,2023,Casa Natura Musical,São Paulo,São Paulo
Nevasca,2023-06-29,2023,St Paul's Pub,São Paulo,São Paulo
Péricles,2023-06-30,2023,Audio,São Paulo,São Paulo
Bebê Feio,2023-06-30,2023,Cardeal Pub,São Paulo,São Paulo
Lagum,2023-06-30,2023,Espaço Unimed,São Paulo,São Paulo
Karnak,2023-06-30,2023,SESC Pompéia,São Paulo,São Paulo
Aretuza Lovi,2023-07-01,2023,Ribeirão Pires,São Paulo,São Paulo
Melody,2023-07-01,2023,Ribeirão Pires,São Paulo,São Paulo
The Mist,2023-07-01,2023,SESC Belenzinho,São Paulo,São Paulo
Karol Conká,2023-07-01,2023,SESC Vila Mariana,São Paulo,São Paulo
Getúlio Abelha,2023-07-01,2023,Mundo Pensante,São Paulo,São Paulo
Karnak,2023-07-01,2023,SESC Pompéia,São Paulo,São Paulo
Marcos Almeida,2023-07-01,2023,Casa Natura Musical,São Paulo,São Paulo
Danny Bond,2023-07-01,2023,Ribeirão Pires,São Paulo,São Paulo
The Beast Experience,2023-07-01,2023,Manifesto Bar,São Paulo,São Paulo
Worst,2023-07-01,2023,La Iglesia Borratxeria,São Paulo,São Paulo
Nevasca,2023-07-02,2023,Tonton Jazz & Music Bar,São Paulo,São Paulo
Carol Biazin,2023-07-02,2023,Casa Natura Musical,São Paulo,São Paulo
Sophia Chablau e Uma Enorme Perda de Tempo,2023-07-02,2023,SESC Belenzinho,São Paulo,São Paulo
Angvstia,2023-07-02,2023,Rock Together Studio,São Paulo,São Paulo
Karol Conká,2023-07-02,2023,SESC Vila Mariana,São Paulo,São Paulo
Emphuria,2023-07-02,2023,Centro Cultural da Juventude Ruth Cardoso,São Paulo,São Paulo
Project46,2023-07-02,2023,Centro Cultural da Juventude Ruth Cardoso,São Paulo,São Paulo
Hatefulmurder,2023-07-02,2023,Centro Cultural da Juventude Ruth Cardoso,São Paulo,São Paulo
John Wayne,2023-07-02,2023,Centro Cultural da Juventude Ruth Cardoso,São Paulo,São Paulo
Eminence,2023-07-02,2023,Centro Cultural da Juventude Ruth Cardoso,São Paulo,São Paulo
The Manhattans,2023-07-02,2023,Espaço Unimed,São Paulo,São Paulo
NCT DREAM,2023-07-04,2023,Vibra São Paulo,São Paulo,São Paulo
Ultraje a rigor,2023-07-05,2023,The Noite com Danilo Gentili,Osasco,São Paulo
CNCO,2023-07-05,2023,Audio,São Paulo,São Paulo
Children of the Beast,2023-07-06,2023,Morrison Rock Bar,São Paulo,São Paulo
Angvstia,2023-07-06,2023,Fffront,São Paulo,São Paulo
Roberto Carlos,2023-07-07,2023,Vibra São Paulo,São Paulo,São Paulo
MIYAVI,2023-07-07,2023,Espaço Unimed,São Paulo,São Paulo
Jeff Satur,2023-07-07,2023,Espaço Unimed,São Paulo,São Paulo
2Z,2023-07-07,2023,Espaço Unimed,São Paulo,São Paulo
TRI.BE,2023-07-07,2023,Espaço Unimed,São Paulo,São Paulo
O Teatro Mágico,2023-07-07,2023,Carioca Club,São Paulo,São Paulo
BOY STORY,2023-07-07,2023,Espaço Unimed,São Paulo,São Paulo
Linn da Quebrada,2023-07-07,2023,SESC Pompéia,São Paulo,São Paulo
CLASS:y,2023-07-07,2023,Espaço Unimed,São Paulo,São Paulo
Ira!,2023-07-08,2023,Espaço Leste,São Paulo,São Paulo
Capital Inicial,2023-07-08,2023,Clube Paineiras,São Paulo,São Paulo
Ana Frango Elétrico,2023-07-08,2023,Cineclube Cortina,São Paulo,São Paulo
Nenhum de Nós,2023-07-08,2023,Espaço Leste,São Paulo,São Paulo
Lou Garcia,2023-07-08,2023,Casa Rockambole,São Paulo,São Paulo
Sasha Velour,2023-07-08,2023,Teatro Bradesco,São Paulo,São Paulo
Bufo Borealis,2023-07-08,2023,Associação Cultural Cecília,São Paulo,São Paulo
Linn da Quebrada,2023-07-08,2023,SESC Pompéia,São Paulo,São Paulo
Zanias,2023-07-08,2023,Madame Underground Club,São Paulo,São Paulo
Urias,2023-07-08,2023,Casa Natura Musical,São Paulo,São Paulo
Murilo Huff,2023-07-08,2023,Parque do Ibirapuera,São Paulo,São Paulo
João Gomes,2023-07-08,2023,Parque do Ibirapuera,São Paulo,São Paulo
Qual,2023-07-08,2023,Madame Underground Club,São Paulo,São Paulo
Zander,2023-07-08,2023,The Mezz,São Paulo,São Paulo
Roberto Carlos,2023-07-08,2023,Vibra São Paulo,São Paulo,São Paulo
Vazio,2023-07-09,2023,Casa de Cultura Municipal da Vila Guilherme - Casarão,São Paulo,São Paulo
Casagrande & Hanysz,2023-07-09,2023,Manifesto Bar,São Paulo,São Paulo
Leptospirose,2023-07-09,2023,Casa de Cultura Municipal da Vila Guilherme - Casarão,São Paulo,São Paulo
ROT,2023-07-09,2023,Casa de Cultura Municipal da Vila Guilherme - Casarão,São Paulo,São Paulo
Vinicius Chagas,2023-07-09,2023,Parque Burle Marx,São Paulo,São Paulo
Tarcísio do Acordeon,2023-07-09,2023,Parque do Ibirapuera,São Paulo,São Paulo
Supercombo,2023-07-09,2023,SESC Itaquera,São Paulo,São Paulo
Vanessa Moreno,2023-07-09,2023,Parque Burle Marx,São Paulo,São Paulo
Bell Marques,2023-07-09,2023,Parque do Ibirapuera,São Paulo,São Paulo
Bixiga 70,2023-07-09,2023,Parque Burle Marx,São Paulo,São Paulo
D.K. Harrell,2023-07-11,2023,The Blue Pub,São Paulo,São Paulo
Eduardo Falaschi,2023-07-12,2023,Centro Cultural FIESP,São Paulo,São Paulo
Zander,2023-07-13,2023,Fffront,São Paulo,São Paulo
Metade de Mim,2023-07-13,2023,Fffront,São Paulo,São Paulo
Carne Doce,2023-07-13,2023,Casa Natura Musical,São Paulo,São Paulo
Supla,2023-07-13,2023,Shopping Vila Olimpia,São Paulo,São Paulo
Spektra,2023-07-13,2023,Manifesto Bar,São Paulo,São Paulo
NANO,2023-07-13,2023,Pavilhão de Exposições do Anhembi,São Paulo,São Paulo
Supla,2023-07-13,2023,London Calling Discos,São Paulo,São Paulo
Letrux,2023-07-13,2023,SESC Pompéia,São Paulo,São Paulo
FLOW,2023-07-13,2023,Pavilhão de Exposições do Anhembi,São Paulo,São Paulo
Jimmy & Rats,2023-07-14,2023,Hangar 110,São Paulo,São Paulo
Marisa Monte,2023-07-14,2023,Espaço Unimed,São Paulo,São Paulo
NANO,2023-07-14,2023,Pavilhão de Exposições do Anhembi,São Paulo,São Paulo
WOODZ,2023-07-14,2023,Terra SP,São Paulo,São Paulo
ASCA,2023-07-14,2023,Pavilhão de Exposições do Anhembi,São Paulo,São Paulo
Letrux,2023-07-14,2023,SESC Pompéia,São Paulo,São Paulo
Péricles,2023-07-14,2023,Clube Esportivo da Penha,São Paulo,São Paulo
Wasabi,2023-07-14,2023,Pavilhão de Exposições do Anhembi,São Paulo,São Paulo
Selvagens à Procura de Lei,2023-07-14,2023,SESC Pinheiros,São Paulo,São Paulo
Malvada,2023-07-14,2023,Hangar 110,São Paulo,São Paulo
Sepultura,2023-07-14,2023,SESC Belenzinho,São Paulo,São Paulo
Who‐ya Extended,2023-07-14,2023,Pavilhão de Exposições do Anhembi,São Paulo,São Paulo
SennaRin,2023-07-14,2023,Pavilhão de Exposições do Anhembi,São Paulo,São Paulo
Pense,2023-07-15,2023,Centro Cultural Tendal da Lapa,São Paulo,São Paulo
Autoramas,2023-07-15,2023,Centro Cultural Tendal da Lapa,São Paulo,São Paulo
Letrux,2023-07-15,2023,SESC Pompéia,São Paulo,São Paulo
BURNOUT SYNDROMES,2023-07-15,2023,Pavilhão de Exposições do Anhembi,São Paulo,São Paulo
Sepultura,2023-07-15,2023,SESC Belenzinho,São Paulo,São Paulo
Orquestra Sinfônica da FAB,2023-07-15,2023,Sala São Paulo,São Paulo,São Paulo
Senpai Old School,2023-07-15,2023,Pavilhão de Exposições do Anhembi,São Paulo,São Paulo
Survive Said The Prophet,2023-07-15,2023,Pavilhão de Exposições do Anhembi,São Paulo,São Paulo
YUYU20,2023-07-15,2023,Pavilhão de Exposições do Anhembi,São Paulo,São Paulo
Belgrado,2023-07-15,2023,Fabrique Club,São Paulo,São Paulo
Marisa Monte,2023-07-15,2023,Espaço Unimed,São Paulo,São Paulo
Decreto Lei 50,2023-07-15,2023,Instituto Cultural Bolivia Rock,São Paulo,São Paulo
lōtico,2023-07-15,2023,Rock Together Studio,São Paulo,São Paulo
Terno Rei,2023-07-15,2023,Casa Rockambole,São Paulo,São Paulo
Juliette,2023-07-16,2023,Parque do Ibirapuera,São Paulo,São Paulo
SCANDAL,2023-07-16,2023,Pavilhão de Exposições do Anhembi,São Paulo,São Paulo
FLOW,2023-07-16,2023,Pavilhão de Exposições do Anhembi,São Paulo,São Paulo
Holger,2023-07-16,2023,Bar Alto,São Paulo,São Paulo
Marcelo Jeneci,2023-07-16,2023,SESC Vila Mariana,São Paulo,São Paulo
Claudia Leitte,2023-07-16,2023,Parque do Ibirapuera,São Paulo,São Paulo
Terno Rei,2023-07-16,2023,Casa Rockambole,São Paulo,São Paulo
Pense,2023-07-16,2023,Centro de Esportes Radicais,São Paulo,São Paulo
Joker,2023-07-16,2023,Fenda 315,São Paulo,São Paulo
Ricardo Cruz,2023-07-16,2023,Pavilhão de Exposições do Anhembi,São Paulo,São Paulo
Yumi Matsuzawa,2023-07-16,2023,Pavilhão de Exposições do Anhembi,São Paulo,São Paulo
Rodrigo Rossi,2023-07-16,2023,Pavilhão de Exposições do Anhembi,São Paulo,São Paulo
Malditos Jovens do Reggae,2023-07-16,2023,Fenda 315,São Paulo,São Paulo
Danger 3,2023-07-16,2023,Pavilhão de Exposições do Anhembi,São Paulo,São Paulo
Eduardo Falaschi,2023-07-16,2023,Centro de Esportes Radicais,São Paulo,São Paulo
Janaína Bianchi,2023-07-16,2023,Pavilhão de Exposições do Anhembi,São Paulo,São Paulo
Larissa Tassi,2023-07-16,2023,Pavilhão de Exposições do Anhembi,São Paulo,São Paulo
The Beast Experience,2023-07-16,2023,ZN Highway,São Paulo,São Paulo
Supercombo,2023-07-16,2023,Centro de Esportes Radicais,São Paulo,São Paulo
Bayside Kings,2023-07-16,2023,Centro de Esportes Radicais,São Paulo,São Paulo
YUYU20,2023-07-16,2023,Pavilhão de Exposições do Anhembi,São Paulo,São Paulo
Pabllo Vittar,2023-07-17,2023,Sala São Paulo,São Paulo,São Paulo
Ultraje a rigor,2023-07-17,2023,The Noite com Danilo Gentili,Osasco,São Paulo
Massacration,2023-07-19,2023,The Noite com Danilo Gentili,Osasco,São Paulo
Nirvana Experience (ex-Hormoaning),2023-07-20,2023,Fuertes Rock Pub,São Paulo,São Paulo
Ultraje a rigor,2023-07-20,2023,The Noite com Danilo Gentili,Osasco,São Paulo
Bryan Behr,2023-07-20,2023,Shopping Vila Olimpia,São Paulo,São Paulo
P1Harmony,2023-07-21,2023,Tokio Marine Hall,São Paulo,São Paulo
Rogério Skylab,2023-07-21,2023,Carioca Club,São Paulo,São Paulo
Marisa Monte,2023-07-21,2023,Espaço Unimed,São Paulo,São Paulo
DEAFKIDS,2023-07-21,2023,SESC Avenida Paulista,São Paulo,São Paulo
BK,2023-07-21,2023,SESC Belenzinho,São Paulo,São Paulo
Paolo Vallinari,2023-07-22,2023,Private Venue,São Paulo,São Paulo
Luedji Luna,2023-07-22,2023,SESC Pompéia,São Paulo,São Paulo
Revenge of Kiss,2023-07-22,2023,Woodstock Rock Store,São Paulo,São Paulo
Marisa Monte,2023-07-22,2023,Espaço Unimed,São Paulo,São Paulo
Tulipa Ruiz,2023-07-22,2023,Casa Natura Musical,São Paulo,São Paulo
Nirvana Experience (ex-Hormoaning),2023-07-22,2023,Casa da Matrona,São Paulo,São Paulo
Bong Brigade,2023-07-22,2023,Fffront,São Paulo,São Paulo
Rico Dalasam,2023-07-22,2023,Audio,São Paulo,São Paulo
Ratos de Porão,2023-07-22,2023,Centro Cultural Tendal da Lapa,São Paulo,São Paulo
APNEA,2023-07-23,2023,Centro Cultural Tendal da Lapa,São Paulo,São Paulo
Garage Fuzz,2023-07-23,2023,Centro Cultural Tendal da Lapa,São Paulo,São Paulo
Linn da Quebrada,2023-07-25,2023,Centro Cultural São Paulo,São Paulo,São Paulo
5 Seconds of Summer,2023-07-25,2023,Espaço Unimed,São Paulo,São Paulo
Day Limns,2023-07-25,2023,Espaço Unimed,São Paulo,São Paulo
Dead Fish,2023-07-26,2023,Espaço Som,São Paulo,São Paulo
Menores Atos,2023-07-27,2023,SESC Carmo,São Paulo,São Paulo
QueenMilk,2023-07-28,2023,Manifesto Bar,São Paulo,São Paulo
Colligere,2023-07-28,2023,SESC Avenida Paulista,São Paulo,São Paulo
Maurício Pereira e Tonho Penhasco,2023-07-28,2023,Bona Casa de Música,São Paulo,São Paulo
Bala Desejo,2023-07-28,2023,SESC Pinheiros,São Paulo,São Paulo
Falamansa,2023-07-28,2023,Centro de Tradições Nordestinas,São Paulo,São Paulo
Foojammers,2023-07-28,2023,Presley Pub,São Paulo,São Paulo
ballburya,2023-07-28,2023,Black Hole,São Paulo,São Paulo
Adriana Calcanhotto,2023-07-28,2023,SESC Pompéia,São Paulo,São Paulo
Alceu Valença,2023-07-28,2023,Centro de Tradições Nordestinas,São Paulo,São Paulo
Beto Lee,2023-07-29,2023,Vibra São Paulo,São Paulo,São Paulo
Command6,2023-07-29,2023,Hangar 110,São Paulo,São Paulo
Emphuria,2023-07-29,2023,Hangar 110,São Paulo,São Paulo
Adriana Calcanhotto,2023-07-29,2023,SESC Pompéia,São Paulo,São Paulo
Thiago Pantaleão,2023-07-29,2023,VIP Station,São Paulo,São Paulo
Karol Conká,2023-07-29,2023,VIP Station,São Paulo,São Paulo
Kryour,2023-07-29,2023,Hangar 110,São Paulo,São Paulo
QueenMilk,2023-07-29,2023,Manifesto Bar,São Paulo,São Paulo
Ratos de Porão,2023-07-29,2023,Teatro Flávio Império,São Paulo,São Paulo
Papangu,2023-07-30,2023,SESC Carmo,São Paulo,São Paulo
Fafá de Belém,2023-07-30,2023,SESC Vila Mariana,São Paulo,São Paulo
Karol Conká,2023-07-30,2023,Centro Cultural Tendal da Lapa,São Paulo,São Paulo
Cefa,2023-07-30,2023,Fffront,São Paulo,São Paulo
medicos cubanos,2023-07-30,2023,Porão da Cerveja,São Paulo,São Paulo
Ratos de Porão,2023-07-30,2023,Centro Cultural da Penha,São Paulo,São Paulo
Fossilization,2023-07-30,2023,Fenda 315,São Paulo,São Paulo
Mariá Portugal,2023-07-31,2023,SESC Avenida Paulista,São Paulo,São Paulo
Quartabê + Metá Metá,2023-08-01,2023,SESC Pinheiros,São Paulo,São Paulo
Restart,2023-08-01,2023,Casa Rockambole,São Paulo,São Paulo
Pullovers,2023-08-02,2023,Fffront,São Paulo,São Paulo
Os Últimos Escolhidos do Futebol,2023-08-03,2023,Teatro da Rotina,São Paulo,São Paulo
Charme Chulo,2023-08-03,2023,City Lights Music Hall,São Paulo,São Paulo
Jair Naves,2023-08-03,2023,City Lights Music Hall,São Paulo,São Paulo
Michel Teló,2023-08-03,2023,Ginásio do Ibirapuera,São Paulo,São Paulo
BIKE,2023-08-03,2023,Cineclube Cortina,São Paulo,São Paulo
Las Ligas Menores,2023-08-03,2023,Cineclube Cortina,São Paulo,São Paulo
Bufo Borealis,2023-08-03,2023,SESC Pompéia,São Paulo,São Paulo
Raça Negra,2023-08-04,2023,Ginásio do Ibirapuera,São Paulo,São Paulo
Zezé Di Camargo & Luciano,2023-08-04,2023,Espaço Unimed,São Paulo,São Paulo
Pato Fu,2023-08-04,2023,Audio,São Paulo,São Paulo
Chrystian,2023-08-04,2023,Estúdio Showlivre,São Paulo,São Paulo
Angra,2023-08-04,2023,SESC Belenzinho,São Paulo,São Paulo
The Anmer,2023-08-05,2023,Cardeal Pub,São Paulo,São Paulo
Trovão,2023-08-05,2023,La Iglesia Borratxeria,São Paulo,São Paulo
Spynauts,2023-08-05,2023,Cardeal Pub,São Paulo,São Paulo
BLITZ,2023-08-05,2023,Tokio Marine Hall,São Paulo,São Paulo
Roberta Sá,2023-08-05,2023,SESC Pompéia,São Paulo,São Paulo
Liniker,2023-08-05,2023,Casa Natura Musical,São Paulo,São Paulo
Angra,2023-08-05,2023,SESC Belenzinho,São Paulo,São Paulo
The Beast Experience,2023-08-05,2023,Teatro UMC,São Paulo,São Paulo
Rosa de Saron,2023-08-06,2023,Theatro Municipal de São Paulo,São Paulo,São Paulo
Leonardo,2023-08-06,2023,Ginásio do Ibirapuera,São Paulo,São Paulo
Epik High,2023-08-06,2023,Vibra São Paulo,São Paulo,São Paulo
Geraldo Azevedo,2023-08-06,2023,Ginásio do Ibirapuera,São Paulo,São Paulo
Alceu Valença,2023-08-06,2023,Ginásio do Ibirapuera,São Paulo,São Paulo
Léo Santana,2023-08-06,2023,Ginásio do Ibirapuera,São Paulo,São Paulo
Karina Buhr,2023-08-10,2023,SESC Pompéia,São Paulo,São Paulo
Hermeto Pascoal,2023-08-10,2023,Casa Natura Musical,São Paulo,São Paulo
Ira!,2023-08-11,2023,Teatro Bradesco,São Paulo,São Paulo
Deekapz,2023-08-11,2023,Cineclube Cortina,São Paulo,São Paulo
Mu540,2023-08-11,2023,Cineclube Cortina,São Paulo,São Paulo
Adriana Calcanhotto,2023-08-11,2023,Audio,São Paulo,São Paulo
Sandy,2023-08-11,2023,Espaço Unimed,São Paulo,São Paulo
Rodrigo Amarante,2023-08-11,2023,Audio,São Paulo,São Paulo
Supercombo,2023-08-12,2023,SESC Belenzinho,São Paulo,São Paulo
Ira!,2023-08-12,2023,Teatro Bradesco,São Paulo,São Paulo
Luiza Lian,2023-08-12,2023,SESC Pompéia,São Paulo,São Paulo
Besouro Mulher,2023-08-12,2023,Casa Rockambole,São Paulo,São Paulo
Bong Brigade,2023-08-12,2023,Red Star Studios,São Paulo,São Paulo
Boogarins,2023-08-12,2023,SESC Santana,São Paulo,São Paulo
Céu,2023-08-12,2023,SESC Belenzinho,São Paulo,São Paulo
Tantum,2023-08-12,2023,Espaço Nordestino,Arujá,São Paulo
Children of the Beast,2023-08-12,2023,ZN Highway,São Paulo,São Paulo
Supla E Os Punks de Boutique,2023-08-12,2023,SESC Santo Amaro,São Paulo,São Paulo
Firefriend,2023-08-12,2023,Fffront,São Paulo,São Paulo
As Mercenárias,2023-08-12,2023,SESC Pompéia,São Paulo,São Paulo
lōtico,2023-08-12,2023,Fenda 315,São Paulo,São Paulo
Sandy,2023-08-12,2023,Espaço Unimed,São Paulo,São Paulo
Merda,2023-08-13,2023,Fffront,São Paulo,São Paulo
Boogarins,2023-08-13,2023,SESC Santana,São Paulo,São Paulo
KL Jay,2023-08-13,2023,Centro Cultural São Paulo,São Paulo,São Paulo
Ritchie,2023-08-13,2023,Espaço Unimed,São Paulo,São Paulo
Luiza Lian,2023-08-13,2023,SESC Pompéia,São Paulo,São Paulo
The Vintage Caravan,2023-08-13,2023,Legends Music & Bar,São Paulo,São Paulo
Tantum,2023-08-13,2023,Legends Music & Bar,São Paulo,São Paulo
Hillbilly Rawhide,2023-08-13,2023,Gaz Burning Bar,São Paulo,São Paulo
Lúcio Maia,2023-08-13,2023,SESC Belenzinho,São Paulo,São Paulo
Zezé Di Camargo,2023-08-14,2023,Encontro com Patrícia Poeta,São Paulo,São Paulo
Henrique & Diego,2023-08-15,2023,Vila JK,São Paulo,São Paulo
Tiago Abravanel,2023-08-17,2023,Villaggio JK,São Paulo,São Paulo
Alinne Rosa,2023-08-17,2023,Villaggio JK,São Paulo,São Paulo
Armiferum,2023-08-18,2023,Fabrique Club,São Paulo,São Paulo
Manu Gavassi,2023-08-18,2023,Audio,São Paulo,São Paulo
Orquestra Vermelha,2023-08-18,2023,SESC Avenida Paulista,São Paulo,São Paulo
KL Jay,2023-08-18,2023,Miuda,São Paulo,São Paulo
"Francisco, el Hombre",2023-08-18,2023,SESC Pompéia,São Paulo,São Paulo
Dr. Sin,2023-08-18,2023,Fabrique Club,São Paulo,São Paulo
Medjay,2023-08-18,2023,Fabrique Club,São Paulo,São Paulo
Jaques Morelenbaum,2023-08-18,2023,Museu de Arte Moderna,São Paulo,São Paulo
Flageladör,2023-08-19,2023,Centro Cultural Tendal da Lapa,São Paulo,São Paulo
Ana Castela,2023-08-19,2023,Sambódromo do Anhembi,São Paulo,São Paulo
Bruno & Marrone,2023-08-19,2023,Sambódromo do Anhembi,São Paulo,São Paulo
Gustavo Mioto,2023-08-19,2023,Sambódromo do Anhembi,São Paulo,São Paulo
João Gomes,2023-08-19,2023,Sambódromo do Anhembi,São Paulo,São Paulo
Maiara & Maraisa,2023-08-19,2023,Sambódromo do Anhembi,São Paulo,São Paulo
PEDRO SAMPAIO,2023-08-19,2023,Sambódromo do Anhembi,São Paulo,São Paulo
Leptospirose,2023-08-19,2023,Centro Cultural Tendal da Lapa,São Paulo,São Paulo
Mari Fernandez,2023-08-19,2023,Sambódromo do Anhembi,São Paulo,São Paulo
Paura,2023-08-19,2023,Centro Cultural Tendal da Lapa,São Paulo,São Paulo
Fistt,2023-08-19,2023,The Mezz,São Paulo,São Paulo
Andralls,2023-08-19,2023,Centro Cultural Tendal da Lapa,São Paulo,São Paulo
Zé Neto & Cristiano,2023-08-19,2023,Sambódromo do Anhembi,São Paulo,São Paulo
Orquestra Vermelha,2023-08-19,2023,SESC Avenida Paulista,São Paulo,São Paulo
La Revancha,2023-08-19,2023,Centro Cultural Tendal da Lapa,São Paulo,São Paulo
Bong Brigade,2023-08-19,2023,Nave Coletiva,São Paulo,São Paulo
MEE,2023-08-19,2023,Centro Cultural Tendal da Lapa,São Paulo,São Paulo
Budang,2023-08-19,2023,Centro Cultural Tendal da Lapa,São Paulo,São Paulo
Não Há Mais Volta,2023-08-19,2023,The Mezz,São Paulo,São Paulo
Gritando HC,2023-08-19,2023,The Mezz,São Paulo,São Paulo
Danny Vaughn,2023-08-19,2023,Legends Music & Bar,São Paulo,São Paulo
Obitto,2023-08-19,2023,Centro Cultural Tendal da Lapa,São Paulo,São Paulo
Malditos Jovens do Reggae,2023-08-19,2023,Centro Cultural Tendal da Lapa,São Paulo,São Paulo
Furious,2023-08-19,2023,Centro Esportivo Arthur Friedenreich,São Paulo,São Paulo
Pense,2023-08-19,2023,The Mezz,São Paulo,São Paulo
Odeon,2023-08-19,2023,Hangar 110,São Paulo,São Paulo
Cemitério,2023-08-19,2023,Centro Cultural Tendal da Lapa,São Paulo,São Paulo
Bebê Feio,2023-08-19,2023,Jai Club,São Paulo,São Paulo
Steve Hackett,2023-08-20,2023,Espaço Unimed,São Paulo,São Paulo
Rancore,2023-08-20,2023,Augusta Hi-Fi,São Paulo,São Paulo
Danny Vaughn,2023-08-20,2023,Legends Music & Bar,São Paulo,São Paulo
Orquestra Vermelha,2023-08-20,2023,SESC Avenida Paulista,São Paulo,São Paulo
Potyguara Bardo,2023-08-20,2023,Casa do Tatuapé,São Paulo,São Paulo
Sinistra,2023-08-22,2023,Red Star Studios,São Paulo,São Paulo
Quartabê,2023-08-22,2023,Teatro das Artes,São Paulo,São Paulo
Jonny Craig,2023-08-24,2023,Cine Joia,São Paulo,São Paulo
terraplana,2023-08-24,2023,Bar Alto,São Paulo,São Paulo
Ultraje a rigor,2023-08-24,2023,The Noite com Danilo Gentili,Osasco,São Paulo
Calum Scott,2023-08-25,2023,Vibra São Paulo,São Paulo,São Paulo
The Slackers,2023-08-25,2023,Centro Cultural São Paulo,São Paulo,São Paulo
Curumin,2023-08-25,2023,SESC Pompéia,São Paulo,São Paulo
Caetano Veloso,2023-08-25,2023,Espaço Unimed,São Paulo,São Paulo
Cícero,2023-08-25,2023,Casa Natura Musical,São Paulo,São Paulo
Tuyo,2023-08-25,2023,SESC Consolação,São Paulo,São Paulo
The Maine,2023-08-25,2023,VIP Station,São Paulo,São Paulo
Ruel,2023-08-25,2023,Cine Joia,São Paulo,São Paulo
Blind Pigs,2023-08-26,2023,Campo de Marte,São Paulo,São Paulo
Chuva Negra,2023-08-26,2023,Campo de Marte,São Paulo,São Paulo
Tuyo,2023-08-26,2023,SESC Consolação,São Paulo,São Paulo
Cícero,2023-08-26,2023,Casa Natura Musical,São Paulo,São Paulo
The Maine,2023-08-26,2023,VIP Station,São Paulo,São Paulo
Caetano Veloso,2023-08-26,2023,Espaço Unimed,São Paulo,São Paulo
Brujería,2023-08-26,2023,Carioca Club,São Paulo,São Paulo
Espacialrias,2023-08-26,2023,A Porta Maldita,São Paulo,São Paulo
Gloria,2023-08-26,2023,Cine Joia,São Paulo,São Paulo
Chelsea Grin,2023-08-26,2023,Cine Joia,São Paulo,São Paulo
Carminho,2023-08-26,2023,Sala São Paulo,São Paulo,São Paulo
Axty,2023-08-26,2023,Cine Joia,São Paulo,São Paulo
Molho Negro,2023-08-26,2023,Campo de Marte,São Paulo,São Paulo
Ultraje a rigor,2023-08-26,2023,Tokio Marine Hall,São Paulo,São Paulo
Draconian,2023-08-26,2023,Fabrique Club,São Paulo,São Paulo
Rancore,2023-08-26,2023,Fábrica de Impressões,São Paulo,São Paulo
Foojammers,2023-08-26,2023,Pinheiros Fest,São Paulo,São Paulo
ATEEZ,2023-08-26,2023,Allianz Parque,São Paulo,São Paulo
Silva,2023-08-26,2023,Sala São Paulo,São Paulo,São Paulo
The Slackers,2023-08-26,2023,Campo de Marte,São Paulo,São Paulo
Samiam,2023-08-26,2023,Campo de Marte,São Paulo,São Paulo
Sapobanjo,2023-08-26,2023,Campo de Marte,São Paulo,São Paulo
Dead Fish,2023-08-26,2023,Fábrica de Impressões,São Paulo,São Paulo
Rancore,2023-08-27,2023,Fábrica de Impressões,São Paulo,São Paulo
Chelsea Grin,2023-08-27,2023,Fábrica de Impressões,São Paulo,São Paulo
Leela,2023-08-27,2023,Fábrica de Impressões,São Paulo,São Paulo
Diogo Defante,2023-08-27,2023,Carioca Club,São Paulo,São Paulo
Zander,2023-08-27,2023,Fábrica de Impressões,São Paulo,São Paulo
Jonny Craig,2023-08-27,2023,Fábrica de Impressões,São Paulo,São Paulo
Tuyo,2023-08-27,2023,SESC Consolação,São Paulo,São Paulo
Draconian,2023-08-27,2023,La Iglesia Borratxeria,São Paulo,São Paulo
The Slackers,2023-08-27,2023,Centro Cultural da Juventude Ruth Cardoso,São Paulo,São Paulo
Day Limns,2023-08-27,2023,Fábrica de Impressões,São Paulo,São Paulo
Foojammers,2023-08-27,2023,Pinheiros Fest,São Paulo,São Paulo
ballburya,2023-08-27,2023,Estudio Forno,São Paulo,São Paulo
Hevo 84,2023-08-27,2023,Fábrica de Impressões,São Paulo,São Paulo
Granada,2023-08-27,2023,Fábrica de Impressões,São Paulo,São Paulo
Milton Guedes,2023-08-30,2023,Shopping Vila Olimpia,São Paulo,São Paulo
KL Jay,2023-08-30,2023,Centro Cultural São Paulo,São Paulo,São Paulo
Zezé Di Camargo,2023-09-01,2023,Vibra São Paulo,São Paulo,São Paulo
KL Jay,2023-09-01,2023,Prato do Dia,São Paulo,São Paulo
Black Pantera,2023-09-01,2023,SESC Bom Retiro,São Paulo,São Paulo
Camisa de Vênus,2023-09-01,2023,Centro Cultural São Paulo,São Paulo,São Paulo
Dilsinho,2023-09-01,2023,Espaço Unimed,São Paulo,São Paulo
Criolo,2023-09-02,2023,Autódromo de Interlagos,São Paulo,São Paulo
Caio Luccas,2023-09-02,2023,Autódromo de Interlagos,São Paulo,São Paulo
Teto,2023-09-02,2023,Autódromo de Interlagos,São Paulo,São Paulo
Tropkillaz,2023-09-02,2023,Autódromo de Interlagos,São Paulo,São Paulo
MC Hariel,2023-09-02,2023,Autódromo de Interlagos,São Paulo,São Paulo
Forró Red Light,2023-09-02,2023,Autódromo de Interlagos,São Paulo,São Paulo
Foojammers,2023-09-02,2023,CavePool,São Paulo,São Paulo
KARTAS,2023-09-02,2023,Garagem Beleza,São Paulo,São Paulo
Hermeto Pascoal,2023-09-02,2023,Autódromo de Interlagos,São Paulo,São Paulo
Dead Fish,2023-09-02,2023,SESC Bom Retiro,São Paulo,São Paulo
Esperanza Spalding,2023-09-02,2023,Autódromo de Interlagos,São Paulo,São Paulo
Pretinho da Serrinha,2023-09-02,2023,SESC Pompéia,São Paulo,São Paulo
Iggy Azalea,2023-09-02,2023,Autódromo de Interlagos,São Paulo,São Paulo
Post Malone,2023-09-02,2023,Autódromo de Interlagos,São Paulo,São Paulo
Urias,2023-09-02,2023,Autódromo de Interlagos,São Paulo,São Paulo
Racionais MC’s,2023-09-02,2023,Autódromo de Interlagos,São Paulo,São Paulo
Kayblack,2023-09-02,2023,Autódromo de Interlagos,São Paulo,São Paulo
Orochi,2023-09-02,2023,Autódromo de Interlagos,São Paulo,São Paulo
Tasha & Tracie,2023-09-02,2023,Autódromo de Interlagos,São Paulo,São Paulo
Demi Lovato,2023-09-02,2023,Autódromo de Interlagos,São Paulo,São Paulo
Rancore,2023-09-03,2023,Hangar 110,São Paulo,São Paulo
Ney Matogrosso,2023-09-03,2023,Autódromo de Interlagos,São Paulo,São Paulo
Seu Jorge,2023-09-03,2023,Autódromo de Interlagos,São Paulo,São Paulo
Jonathan Ferr,2023-09-03,2023,Autódromo de Interlagos,São Paulo,São Paulo
Carlos do Complexo,2023-09-03,2023,Autódromo de Interlagos,São Paulo,São Paulo
Veigh,2023-09-03,2023,Autódromo de Interlagos,São Paulo,São Paulo
Ouse Morrer,2023-09-03,2023,Rock Together Studio,São Paulo,São Paulo
Rancore,2023-09-03,2023,Hangar 110,São Paulo,São Paulo
Paul Kalkbrenner,2023-09-03,2023,Autódromo de Interlagos,São Paulo,São Paulo
Leon Bridges,2023-09-03,2023,Autódromo de Interlagos,São Paulo,São Paulo
Ellen Allien,2023-09-03,2023,Autódromo de Interlagos,São Paulo,São Paulo
NoPorn,2023-09-03,2023,Autódromo de Interlagos,São Paulo,São Paulo
Lia Clark,2023-09-03,2023,Autódromo de Interlagos,São Paulo,São Paulo
Matuê,2023-09-03,2023,Autódromo de Interlagos,São Paulo,São Paulo
WIU,2023-09-03,2023,Autódromo de Interlagos,São Paulo,São Paulo
Luísa Sonza,2023-09-03,2023,Autódromo de Interlagos,São Paulo,São Paulo
Superbrava,2023-09-03,2023,Rock Together Studio,São Paulo,São Paulo
Bebe Rexha,2023-09-03,2023,Autódromo de Interlagos,São Paulo,São Paulo
Bruno Mars,2023-09-03,2023,Autódromo de Interlagos,São Paulo,São Paulo
Alok,2023-09-03,2023,Autódromo de Interlagos,São Paulo,São Paulo
Esperanza Spalding,2023-09-03,2023,Autódromo de Interlagos,São Paulo,São Paulo
Luccas Carlos,2023-09-03,2023,Autódromo de Interlagos,São Paulo,São Paulo
Nomade Orquestra,2023-09-04,2023,Centro Cultural Tendal da Lapa,São Paulo,São Paulo
Russo Passapusso,2023-09-04,2023,Centro Cultural Tendal da Lapa,São Paulo,São Paulo
Luísa Sonza,2023-09-05,2023,Altas Horas,São Paulo,São Paulo
Maiara & Maraisa,2023-09-05,2023,Altas Horas,São Paulo,São Paulo
Teresa Cristina,2023-09-05,2023,Altas Horas,São Paulo,São Paulo
Lupe de Lupe,2023-09-06,2023,Bar Alto,São Paulo,São Paulo
Halleck,2023-09-06,2023,Altas Horas Rock Bar,São Paulo,São Paulo
Angélique Kidjo,2023-09-07,2023,Autódromo de Interlagos,São Paulo,São Paulo
Ne‐Yo,2023-09-07,2023,Autódromo de Interlagos,São Paulo,São Paulo
Maroon 5,2023-09-07,2023,Autódromo de Interlagos,São Paulo,São Paulo
Shermanology,2023-09-07,2023,Autódromo de Interlagos,São Paulo,São Paulo
Afterclapp,2023-09-07,2023,Autódromo de Interlagos,São Paulo,São Paulo
Thiago Pantaleão,2023-09-07,2023,Audio,São Paulo,São Paulo
Afrocidade,2023-09-07,2023,Autódromo de Interlagos,São Paulo,São Paulo
LUDMILLA,2023-09-07,2023,Autódromo de Interlagos,São Paulo,São Paulo
Kerri Chandler,2023-09-07,2023,Autódromo de Interlagos,São Paulo,São Paulo
Ivan Lins,2023-09-07,2023,Autódromo de Interlagos,São Paulo,São Paulo
Maria Rita,2023-09-07,2023,Autódromo de Interlagos,São Paulo,São Paulo
Joss Stone,2023-09-07,2023,Autódromo de Interlagos,São Paulo,São Paulo
Bong Brigade,2023-09-07,2023,Fenda 315,São Paulo,São Paulo
Hodari,2023-09-07,2023,Autódromo de Interlagos,São Paulo,São Paulo
Stanley Jordan,2023-09-07,2023,Autódromo de Interlagos,São Paulo,São Paulo
Leviaethan,2023-09-07,2023,Carioca Club,São Paulo,São Paulo
POCAH,2023-09-07,2023,Autódromo de Interlagos,São Paulo,São Paulo
In the Woods…,2023-09-07,2023,Carioca Club,São Paulo,São Paulo
Erasy,2023-09-07,2023,Carioca Club,São Paulo,São Paulo
Mumuzinho,2023-09-07,2023,Private Venue,São Paulo,São Paulo
Burn the Mankind,2023-09-07,2023,Carioca Club,São Paulo,São Paulo
Lenine,2023-09-07,2023,SESC Pinheiros,São Paulo,São Paulo
Voivod,2023-09-07,2023,Carioca Club,São Paulo,São Paulo
Warshipper,2023-09-07,2023,Carioca Club,São Paulo,São Paulo
Marvvila,2023-09-07,2023,Autódromo de Interlagos,São Paulo,São Paulo
Larissa Luz,2023-09-07,2023,Autódromo de Interlagos,São Paulo,São Paulo
Masego,2023-09-07,2023,Autódromo de Interlagos,São Paulo,São Paulo
The Chainsmokers,2023-09-07,2023,Autódromo de Interlagos,São Paulo,São Paulo
L_cio,2023-09-07,2023,Autódromo de Interlagos,São Paulo,São Paulo
SODOMITA,2023-09-07,2023,Centro Cultural São Paulo,São Paulo,São Paulo
Ananda,2023-09-08,2023,Jardim Botânico,São Paulo,São Paulo
Picture,2023-09-08,2023,Carioca Club,São Paulo,São Paulo
Defleshed,2023-09-08,2023,Carioca Club,São Paulo,São Paulo
Mercyless,2023-09-08,2023,Carioca Club,São Paulo,São Paulo
Torture Squad,2023-09-08,2023,Carioca Club,São Paulo,São Paulo
Yeah Yeah Yeahs,2023-09-08,2023,Cine Joia,São Paulo,São Paulo
Nightfall,2023-09-08,2023,Carioca Club,São Paulo,São Paulo
Purgatory,2023-09-08,2023,Carioca Club,São Paulo,São Paulo
Lenine,2023-09-08,2023,SESC Pinheiros,São Paulo,São Paulo
MC Soffia,2023-09-08,2023,Jardim Botânico,São Paulo,São Paulo
Podridão,2023-09-08,2023,Carioca Club,São Paulo,São Paulo
Banda AL9,2023-09-08,2023,The Noite com Danilo Gentili,Osasco,São Paulo
Parasital Existence,2023-09-08,2023,Carioca Club,São Paulo,São Paulo
Immolation,2023-09-08,2023,Carioca Club,São Paulo,São Paulo
Test,2023-09-09,2023,Carioca Club,São Paulo,São Paulo
Terno Rei,2023-09-09,2023,Autódromo de Interlagos,São Paulo,São Paulo
Chico César,2023-09-09,2023,Sala São Paulo,São Paulo,São Paulo
Stanley Jordan,2023-09-09,2023,Autódromo de Interlagos,São Paulo,São Paulo
Holocausto Canibal,2023-09-09,2023,Carioca Club,São Paulo,São Paulo
Vulcano,2023-09-09,2023,Carioca Club,São Paulo,São Paulo
Sadistic Intent,2023-09-09,2023,Carioca Club,São Paulo,São Paulo
Holger,2023-09-09,2023,Cineclube Cortina,São Paulo,São Paulo
Mariana Aydar,2023-09-09,2023,Sala São Paulo,São Paulo,São Paulo
Sodom,2023-09-09,2023,Carioca Club,São Paulo,São Paulo
Violentor,2023-09-09,2023,Carioca Club,São Paulo,São Paulo
Mecano Un-Ltd,2023-09-09,2023,Madame Club,São Paulo,São Paulo
Sacramentum,2023-09-09,2023,Carioca Club,São Paulo,São Paulo
Bulldozer,2023-09-09,2023,Carioca Club,São Paulo,São Paulo
Mestrinho,2023-09-09,2023,Sala São Paulo,São Paulo,São Paulo
BADSISTA,2023-09-09,2023,Autódromo de Interlagos,São Paulo,São Paulo
Yunk Vino,2023-09-09,2023,Autódromo de Interlagos,São Paulo,São Paulo
Yeah Yeah Yeahs,2023-09-09,2023,Autódromo de Interlagos,São Paulo,São Paulo
Grag Queen,2023-09-09,2023,Autódromo de Interlagos,São Paulo,São Paulo
Barão Vermelho,2023-09-09,2023,Autódromo de Interlagos,São Paulo,São Paulo
Garbage,2023-09-09,2023,Autódromo de Interlagos,São Paulo,São Paulo
Wet Leg,2023-09-09,2023,Autódromo de Interlagos,São Paulo,São Paulo
Detonautas Roque Clube,2023-09-09,2023,Autódromo de Interlagos,São Paulo,São Paulo
Hamilton de Holanda,2023-09-09,2023,Autódromo de Interlagos,São Paulo,São Paulo
MC Dricka,2023-09-09,2023,Autódromo de Interlagos,São Paulo,São Paulo
Mc Don Juan,2023-09-09,2023,Autódromo de Interlagos,São Paulo,São Paulo
Pitty,2023-09-09,2023,Autódromo de Interlagos,São Paulo,São Paulo
Kenya20hz,2023-09-09,2023,Autódromo de Interlagos,São Paulo,São Paulo
Renato Cohen,2023-09-09,2023,Autódromo de Interlagos,São Paulo,São Paulo
Thorium,2023-09-09,2023,Carioca Club,São Paulo,São Paulo
Foo Fighters,2023-09-09,2023,Autódromo de Interlagos,São Paulo,São Paulo
Cancer,2023-09-10,2023,Carioca Club,São Paulo,São Paulo
Jão,2023-09-10,2023,Autódromo de Interlagos,São Paulo,São Paulo
Kim Petras,2023-09-10,2023,Autódromo de Interlagos,São Paulo,São Paulo
Luedji Luna,2023-09-10,2023,SESC Santana,São Paulo,São Paulo
Triumph of Death,2023-09-10,2023,Carioca Club,São Paulo,São Paulo
Miasthenia,2023-09-10,2023,Carioca Club,São Paulo,São Paulo
LION BABE,2023-09-10,2023,Autódromo de Interlagos,São Paulo,São Paulo
Xênia França,2023-09-10,2023,Autódromo de Interlagos,São Paulo,São Paulo
Demonical,2023-09-10,2023,Carioca Club,São Paulo,São Paulo
Acid King,2023-09-10,2023,Carioca Club,São Paulo,São Paulo
Pabllo Vittar,2023-09-10,2023,Autódromo de Interlagos,São Paulo,São Paulo
H.E.R.,2023-09-10,2023,Autódromo de Interlagos,São Paulo,São Paulo
Mantar,2023-09-10,2023,Carioca Club,São Paulo,São Paulo
Gloria Groove,2023-09-10,2023,Autódromo de Interlagos,São Paulo,São Paulo
Esteban Tavares,2023-09-10,2023,Lata Velha Rock Bar,Osasco,São Paulo
Assassin,2023-09-10,2023,Carioca Club,São Paulo,São Paulo
Bruno Mars,2023-09-10,2023,Autódromo de Interlagos,São Paulo,São Paulo
Richard Bone,2023-09-10,2023,Autódromo de Interlagos,São Paulo,São Paulo
DJ Mau Mau,2023-09-10,2023,Autódromo de Interlagos,São Paulo,São Paulo
Darren Emerson,2023-09-10,2023,Autódromo de Interlagos,São Paulo,São Paulo
Crazy P,2023-09-10,2023,Autódromo de Interlagos,São Paulo,São Paulo
Tássia Reis,2023-09-10,2023,Autódromo de Interlagos,São Paulo,São Paulo
N.I.N.A (Nina do Porte),2023-09-10,2023,Autódromo de Interlagos,São Paulo,São Paulo
Paradise Guerrilla,2023-09-10,2023,Autódromo de Interlagos,São Paulo,São Paulo
Banda Mantiqueira,2023-09-10,2023,Autódromo de Interlagos,São Paulo,São Paulo
Children of the Beast,2023-09-10,2023,Morumbizinho Moto Club,São Paulo,São Paulo
Lucifer’s Child,2023-09-10,2023,Carioca Club,São Paulo,São Paulo
Richard Bona,2023-09-10,2023,Autódromo de Interlagos,São Paulo,São Paulo
Siegrid Ingrid,2023-09-10,2023,Carioca Club,São Paulo,São Paulo
Marina Sena,2023-09-10,2023,Autódromo de Interlagos,São Paulo,São Paulo
Cynthia Luz,2023-09-10,2023,Autódromo de Interlagos,São Paulo,São Paulo
IZA,2023-09-10,2023,Autódromo de Interlagos,São Paulo,São Paulo
aespa,2023-09-11,2023,Espaço Unimed,São Paulo,São Paulo
Los Sebosos Postizos,2023-09-12,2023,Bona Casa de Música,São Paulo,São Paulo
Pullovers,2023-09-13,2023,Bar Alto,São Paulo,São Paulo
Zé Ibarra,2023-09-13,2023,Teatro SESC 24 de Maio,São Paulo,São Paulo
Los Sebosos Postizos,2023-09-13,2023,Bona Casa de Música,São Paulo,São Paulo
Gilberto Gil,2023-09-14,2023,Espaço Unimed,São Paulo,São Paulo
Against the Current,2023-09-14,2023,Fabrique Club,São Paulo,São Paulo
Cidadão Instigado,2023-09-14,2023,SESC Pompéia,São Paulo,São Paulo
Péricles,2023-09-15,2023,Memorial da América Latina,São Paulo,São Paulo
BaianaSystem,2023-09-15,2023,Memorial da América Latina,São Paulo,São Paulo
Puterrier,2023-09-15,2023,Memorial da América Latina,São Paulo,São Paulo
Gilberto Gil,2023-09-15,2023,Espaço Unimed,São Paulo,São Paulo
FBC,2023-09-15,2023,Memorial da América Latina,São Paulo,São Paulo
Boogarins,2023-09-15,2023,Memorial da América Latina,São Paulo,São Paulo
Olodum,2023-09-15,2023,Memorial da América Latina,São Paulo,São Paulo
Febre90s,2023-09-15,2023,Memorial da América Latina,São Paulo,São Paulo
Alzira E + Corte,2023-09-15,2023,SESC Avenida Paulista,São Paulo,São Paulo
Mustang 73,2023-09-15,2023,A Sétima Taberna,São Paulo,São Paulo
Tagua Tagua,2023-09-15,2023,SESC Belenzinho,São Paulo,São Paulo
Edson & Hudson,2023-09-15,2023,Villa Country,São Paulo,São Paulo
Fafá de Belém,2023-09-15,2023,Memorial da América Latina,São Paulo,São Paulo
Jadsa,2023-09-15,2023,Memorial da América Latina,São Paulo,São Paulo
Gilberto Gil,2023-09-16,2023,Espaço Unimed,São Paulo,São Paulo
Jadsa,2023-09-16,2023,Teatro SESC 24 de Maio,São Paulo,São Paulo
Novos Baianos,2023-09-16,2023,Memorial da América Latina,São Paulo,São Paulo
Don L,2023-09-16,2023,Memorial da América Latina,São Paulo,São Paulo
Lucas Estrela,2023-09-16,2023,Memorial da América Latina,São Paulo,São Paulo
Jards Macalé,2023-09-16,2023,Memorial da América Latina,São Paulo,São Paulo
The Beast Experience,2023-09-16,2023,Manifesto Bar,São Paulo,São Paulo
Flora Matos,2023-09-16,2023,Audio,São Paulo,São Paulo
Imminent Attack,2023-09-16,2023,Lau Estúdio,Osasco,São Paulo
Skamoondongos,2023-09-16,2023,Carioca Club,São Paulo,São Paulo
O Verme Vencedor,2023-09-16,2023,Lau Estúdio,Osasco,São Paulo
The Toy Dolls,2023-09-16,2023,Carioca Club,São Paulo,São Paulo
Simone,2023-09-16,2023,Memorial da América Latina,São Paulo,São Paulo
Metá Metá,2023-09-16,2023,Memorial da América Latina,São Paulo,São Paulo
Marina Lima,2023-09-17,2023,Memorial da América Latina,São Paulo,São Paulo
CESRV,2023-09-17,2023,Memorial da América Latina,São Paulo,São Paulo
KL Jay,2023-09-17,2023,Memorial da América Latina,São Paulo,São Paulo
RHR,2023-09-17,2023,Memorial da América Latina,São Paulo,São Paulo
Letrux,2023-09-17,2023,Memorial da América Latina,São Paulo,São Paulo
Bruno Berle,2023-09-17,2023,Memorial da América Latina,São Paulo,São Paulo
Jorge Ben Jor,2023-09-17,2023,Memorial da América Latina,São Paulo,São Paulo
Sophia Chablau e Uma Enorme Perda de Tempo,2023-09-17,2023,Memorial da América Latina,São Paulo,São Paulo
Marcelo Jeneci,2023-09-17,2023,Rua dos Pinheiros,São Paulo,São Paulo
Jay Vaquer,2023-09-17,2023,Augusta Hi-Fi,São Paulo,São Paulo
Marcos Valle,2023-09-17,2023,Memorial da América Latina,São Paulo,São Paulo
Rodrigo Alarcon,2023-09-17,2023,Fabrique Club,São Paulo,São Paulo
Stage Left Rush Tribute Band,2023-09-17,2023,Bourbon Street Music Club,São Paulo,São Paulo
Chico Chico,2023-09-18,2023,Teatro Mars,São Paulo,São Paulo
Chico Bernardes,2023-09-20,2023,Cine Joia,São Paulo,São Paulo
José González,2023-09-20,2023,Cine Joia,São Paulo,São Paulo
Ghost,2023-09-20,2023,Espaço Unimed,São Paulo,São Paulo
Ghost,2023-09-21,2023,Espaço Unimed,São Paulo,São Paulo
Crypta,2023-09-21,2023,Espaço Unimed,São Paulo,São Paulo
Brisa Flow,2023-09-21,2023,Centro Cultural São Paulo,São Paulo,São Paulo
Mustang 73,2023-09-21,2023,Only Rock Bar,São Paulo,São Paulo
Marcelo Tofani,2023-09-21,2023,Picles Cardeal,São Paulo,São Paulo
Korzus,2023-09-22,2023,Hangar 110,São Paulo,São Paulo
Kryour,2023-09-22,2023,Hangar 110,São Paulo,São Paulo
Banda Líbanos,2023-09-22,2023,Centro de Tradições Nordestinas,São Paulo,São Paulo
Bullet Bane,2023-09-22,2023,SESC Belenzinho,São Paulo,São Paulo
Michel Oliveira,2023-09-22,2023,Hangar 110,São Paulo,São Paulo
Lynyrd Skynyrd,2023-09-22,2023,Espaço Unimed,São Paulo,São Paulo
Forrozão Tropykalia,2023-09-22,2023,Centro de Tradições Nordestinas,São Paulo,São Paulo
Batista Lima,2023-09-22,2023,Centro de Tradições Nordestinas,São Paulo,São Paulo
Mastruz com Leite,2023-09-22,2023,Centro de Tradições Nordestinas,São Paulo,São Paulo
Humberto Gessinger,2023-09-23,2023,Distrito Anhembi,São Paulo,São Paulo
Legião Urbana,2023-09-23,2023,Distrito Anhembi,São Paulo,São Paulo
Pitty,2023-09-23,2023,Distrito Anhembi,São Paulo,São Paulo
Nenhum de Nós,2023-09-23,2023,Distrito Anhembi,São Paulo,São Paulo
Manowar,2023-09-23,2023,Espaço Unimed,São Paulo,São Paulo
Marcelo Falcão,2023-09-23,2023,Arena Anhembi,São Paulo,São Paulo
Terra Celta,2023-09-23,2023,Centro Esportivo Arthur Friedenreich,São Paulo,São Paulo
VAV,2023-09-23,2023,VIP Station,São Paulo,São Paulo
Emicaeli,2023-09-23,2023,Cine Joia,São Paulo,São Paulo
Bong Brigade,2023-09-23,2023,Hangar 110,São Paulo,São Paulo
Tarja,2023-09-23,2023,Tokio Marine Hall,São Paulo,São Paulo
Narnia,2023-09-23,2023,Legends Music & Bar,São Paulo,São Paulo
Di Melo,2023-09-23,2023,Secilians Shop,São Paulo,São Paulo
Fresno,2023-09-23,2023,Distrito Anhembi,São Paulo,São Paulo
Os Paralamas do Sucesso,2023-09-23,2023,Arena Anhembi,São Paulo,São Paulo
Nando Reis,2023-09-23,2023,Distrito Anhembi,São Paulo,São Paulo
Huey,2023-09-23,2023,Cine Joia,São Paulo,São Paulo
Combover,2023-09-23,2023,Cine Joia,São Paulo,São Paulo
Maglore,2023-09-23,2023,SESC Vila Mariana,São Paulo,São Paulo
CPM 22,2023-09-23,2023,Distrito Anhembi,São Paulo,São Paulo
Biquini,2023-09-23,2023,Distrito Anhembi,São Paulo,São Paulo
Santo Graal,2023-09-23,2023,Tokio Marine Hall,São Paulo,São Paulo
Punho de Mahin,2023-09-23,2023,Cine Joia,São Paulo,São Paulo
Maglore,2023-09-24,2023,SESC Vila Mariana,São Paulo,São Paulo
Odeon,2023-09-24,2023,Cine Joia,São Paulo,São Paulo
Supercombo,2023-09-24,2023,Cine Joia,São Paulo,São Paulo
Daniela Mercury,2023-09-24,2023,Parque do Carmo,São Paulo,São Paulo
Set It Off,2023-09-24,2023,Fabrique Club,São Paulo,São Paulo
Sandy,2023-09-26,2023,Altas Horas,São Paulo,São Paulo
Roupa Nova,2023-09-26,2023,Altas Horas,São Paulo,São Paulo
POCAH,2023-09-26,2023,Auditório Ibirapuera,São Paulo,São Paulo
Bixiga 70,2023-09-27,2023,Casa de Francisca,São Paulo,São Paulo
The KingDom,2023-09-27,2023,Carioca Club,São Paulo,São Paulo
Distant Worlds Philharmonic Orchestra and Chorus,2023-09-28,2023,Espaço Unimed,São Paulo,São Paulo
Emicida,2023-09-28,2023,Private Venue,São Paulo,São Paulo
Lagum,2023-09-28,2023,Private Venue,São Paulo,São Paulo
Wanessa Camargo,2023-09-29,2023,Melhor da Noite,São Paulo,São Paulo
Nirvana Experience (ex-Hormoaning),2023-09-29,2023,Relicário Rock Bar,São Paulo,São Paulo
YMA,2023-09-29,2023,Cineclube Cortina,São Paulo,São Paulo
Gabriel Thomaz,2023-09-29,2023,Associação Cultural Cecília,São Paulo,São Paulo
Subalternos,2023-09-29,2023,Associação Cultural Cecília,São Paulo,São Paulo
Vulcano,2023-09-29,2023,SESC Belenzinho,São Paulo,São Paulo
System Olympia,2023-09-30,2023,Fabriketa,São Paulo,São Paulo
Burrice Precoce,2023-09-30,2023,City Lights Music Hall,São Paulo,São Paulo
Clava,2023-09-30,2023,City Lights Music Hall,São Paulo,São Paulo
Legowelt,2023-09-30,2023,Fabriketa,São Paulo,São Paulo
Joker,2023-09-30,2023,City Lights Music Hall,São Paulo,São Paulo
Zopelar,2023-09-30,2023,Fabriketa,São Paulo,São Paulo
Gloria,2023-09-30,2023,Carioca Club,São Paulo,São Paulo
Paura,2023-09-30,2023,City Lights Music Hall,São Paulo,São Paulo
Que Sakamoto,2023-09-30,2023,Fabriketa,São Paulo,São Paulo
Luiza Lian,2023-09-30,2023,Jardim Botânico,São Paulo,São Paulo
Tulipa Ruiz,2023-09-30,2023,Jardim Botânico,São Paulo,São Paulo
Strong Reaction,2023-09-30,2023,City Lights Music Hall,São Paulo,São Paulo
DMX Krew,2023-09-30,2023,Fabriketa,São Paulo,São Paulo
D. Tiffany,2023-09-30,2023,Fabriketa,São Paulo,São Paulo
Ivete Sangalo,2023-09-30,2023,Allianz Parque,São Paulo,São Paulo
lōtico,2023-09-30,2023,Fffront,São Paulo,São Paulo
DJ Marcelle/Another Nice Mess,2023-09-30,2023,Fabriketa,São Paulo,São Paulo
Cashu,2023-09-30,2023,Fabriketa,São Paulo,São Paulo
InDharma,2023-09-30,2023,Centro Cultural Tendal da Lapa,São Paulo,São Paulo
Massacration,2023-09-30,2023,Centro de Eventos Pedro Bortolosso,Osasco,São Paulo
Rod Stewart,2023-09-30,2023,Allianz Parque,São Paulo,São Paulo
Zimbra,2023-09-30,2023,SESC Belenzinho,São Paulo,São Paulo
RHR,2023-09-30,2023,Fabriketa,São Paulo,São Paulo
Palmbomen II,2023-09-30,2023,Fabriketa,São Paulo,São Paulo
Metá Metá,2023-09-30,2023,SESC Belenzinho,São Paulo,São Paulo
The Beast Experience,2023-10-01,2023,Anjos Studio,Osasco,São Paulo
Banda Del Rey,2023-10-01,2023,SESC Vila Mariana,São Paulo,São Paulo
The Ten Tenors,2023-10-01,2023,Espaço Unimed,São Paulo,São Paulo
Lupe de Lupe,2023-10-01,2023,SESC Santana,São Paulo,São Paulo
Haken,2023-10-01,2023,Carioca Club,São Paulo,São Paulo
Robert Flynn,2023-10-04,2023,CDT da Anhanguera,Osasco,São Paulo
Massacration,2023-10-04,2023,Vibra São Paulo,São Paulo,São Paulo
Jovens Ateus,2023-10-04,2023,Bar Alto,São Paulo,São Paulo
Robert Flynn,2023-10-05,2023,Concept Store VCI,São Paulo,São Paulo
Vazio,2023-10-05,2023,Jai Club,São Paulo,São Paulo
Ultraje a rigor,2023-10-05,2023,The Noite com Danilo Gentili,Osasco,São Paulo
UADA,2023-10-05,2023,Jai Club,São Paulo,São Paulo
Funeral Putrid,2023-10-05,2023,Jai Club,São Paulo,São Paulo
Evilcult,2023-10-05,2023,Jai Club,São Paulo,São Paulo
Os Mutantes,2023-10-05,2023,SESC Pompéia,São Paulo,São Paulo
Djavan,2023-10-06,2023,Clube Atlético Juventus,São Paulo,São Paulo
Juliette,2023-10-06,2023,Audio,São Paulo,São Paulo
Diogo Defante,2023-10-06,2023,Espaço Unimed,São Paulo,São Paulo
Marcão Britto & Thiago Castanho Charlie Brown Jr.,2023-10-06,2023,Vibra São Paulo,São Paulo,São Paulo
Martinho da Vila,2023-10-06,2023,Sesc 14 Bis,São Paulo,São Paulo
Lucas Inutilismo,2023-10-06,2023,Espaço Unimed,São Paulo,São Paulo
Day Limns,2023-10-06,2023,Vibra São Paulo,São Paulo,São Paulo
Dr. Sin,2023-10-06,2023,Manifesto Bar,São Paulo,São Paulo
Banda Eva,2023-10-06,2023,Ginásio do Ibirapuera,São Paulo,São Paulo
BRAZA,2023-10-06,2023,Vibra São Paulo,São Paulo,São Paulo
Raimundos,2023-10-06,2023,Vibra São Paulo,São Paulo,São Paulo
Fresno,2023-10-06,2023,Vibra São Paulo,São Paulo,São Paulo
Mateus Aleluia,2023-10-06,2023,SESC Vila Mariana,São Paulo,São Paulo
Martinho da Vila,2023-10-07,2023,Sesc 14 Bis,São Paulo,São Paulo
Halleck,2023-10-07,2023,Centro Cultural Charada Vídeo Clube,São Paulo,São Paulo
KL Jay,2023-10-07,2023,Sonzera,São Paulo,São Paulo
POCAH,2023-10-07,2023,Audio,São Paulo,São Paulo
Wanessa Camargo,2023-10-07,2023,Blue Note São Paulo,São Paulo,São Paulo
Visions of Atlantis,2023-10-07,2023,Hangar 110,São Paulo,São Paulo
Anneke van Giersbergen and Marco Hietala,2023-10-07,2023,Teatro Bradesco,São Paulo,São Paulo
Céu,2023-10-07,2023,Casa Natura Musical,São Paulo,São Paulo
Catto,2023-10-07,2023,Bona Casa de Música,São Paulo,São Paulo
Restart,2023-10-07,2023,Espaço Unimed,São Paulo,São Paulo
Innabrain,2023-10-08,2023,Bar do Sapão,São Paulo,São Paulo
Daparte,2023-10-08,2023,SESC Belenzinho,São Paulo,São Paulo
Restart,2023-10-08,2023,Espaço Unimed,São Paulo,São Paulo
Martinho da Vila,2023-10-08,2023,Sesc 14 Bis,São Paulo,São Paulo
Jota Quest,2023-10-08,2023,Vibra São Paulo,São Paulo,São Paulo
Paula Rebellato,2023-10-09,2023,Centro da Terra,São Paulo,São Paulo
KAYTRANADA,2023-10-10,2023,CENTRAL,São Paulo,São Paulo
Zumbis do Espaço,2023-10-10,2023,Carioca Club,São Paulo,São Paulo
CESRV,2023-10-10,2023,CENTRAL,São Paulo,São Paulo
VHOOR,2023-10-10,2023,CENTRAL,São Paulo,São Paulo
Mike Dean,2023-10-10,2023,Allianz Parque,São Paulo,São Paulo
Deekapz,2023-10-10,2023,CENTRAL,São Paulo,São Paulo
The Weeknd,2023-10-10,2023,Allianz Parque,São Paulo,São Paulo
KAYTRANADA,2023-10-10,2023,Allianz Parque,São Paulo,São Paulo
Where’s My Bible,2023-10-10,2023,Fffront,São Paulo,São Paulo
DJ Nuts,2023-10-10,2023,CENTRAL,São Paulo,São Paulo
Ductape,2023-10-11,2023,Madame Underground Club,São Paulo,São Paulo
Raça Negra,2023-10-11,2023,Espaço Unimed,São Paulo,São Paulo
KAYTRANADA,2023-10-11,2023,Allianz Parque,São Paulo,São Paulo
Ivete Sangalo,2023-10-11,2023,Grand Hyatt,São Paulo,São Paulo
The Weeknd,2023-10-11,2023,Allianz Parque,São Paulo,São Paulo
Mike Dean,2023-10-11,2023,Allianz Parque,São Paulo,São Paulo
Video Game Orchestra,2023-10-12,2023,Expo Center Norte,São Paulo,São Paulo
Children of the Beast,2023-10-12,2023,ZN Highway,São Paulo,São Paulo
FBC,2023-10-12,2023,SESC Pompéia,São Paulo,São Paulo
Otto,2023-10-13,2023,SESC Pinheiros,São Paulo,São Paulo
Cefa,2023-10-13,2023,SESC Belenzinho,São Paulo,São Paulo
Deathstars,2023-10-13,2023,Fabrique Club,São Paulo,São Paulo
Senpai Old School,2023-10-13,2023,Expo Center Norte,São Paulo,São Paulo
Seattle Supersonics,2023-10-13,2023,Audio,São Paulo,São Paulo
Video Game Orchestra,2023-10-13,2023,Expo Center Norte,São Paulo,São Paulo
Potyguara Bardo,2023-10-13,2023,Praça Dom José Gaspar,São Paulo,São Paulo
Revenge of Kiss,2023-10-14,2023,Woodstock Rock Store,São Paulo,São Paulo
Sonic Symphony,2023-10-14,2023,Expo Center Norte,São Paulo,São Paulo
Irmãs de Pau,2023-10-14,2023,VIP Station,São Paulo,São Paulo
Mombojó,2023-10-14,2023,SESC Santana,São Paulo,São Paulo
Melody,2023-10-14,2023,VIP Station,São Paulo,São Paulo
medicos cubanos,2023-10-14,2023,Porão da Cerveja,São Paulo,São Paulo
Inês É Morta,2023-10-14,2023,Associação Cultural Cecília,São Paulo,São Paulo
Pepita,2023-10-14,2023,VIP Station,São Paulo,São Paulo
Kaya Conky,2023-10-14,2023,VIP Station,São Paulo,São Paulo
Letrux,2023-10-14,2023,Praça das Artes,São Paulo,São Paulo
gorduratrans,2023-10-14,2023,Associação Cultural Cecília,São Paulo,São Paulo
Kika Boom,2023-10-14,2023,VIP Station,São Paulo,São Paulo
Senpai Old School,2023-10-14,2023,Expo Center Norte,São Paulo,São Paulo
Violeta de Outono,2023-10-14,2023,Instituto Cultural Bolivia Rock,São Paulo,São Paulo
Metá Metá,2023-10-14,2023,Praça das Artes,São Paulo,São Paulo
Crypta,2023-10-15,2023,Centro Esportivo e de Lazer Tietê,São Paulo,São Paulo
Dead Fish,2023-10-15,2023,Centro Esportivo e de Lazer Tietê,São Paulo,São Paulo
Leci Brandão,2023-10-15,2023,Memorial da América Latina,São Paulo,São Paulo
John Wayne,2023-10-15,2023,Centro Esportivo e de Lazer Tietê,São Paulo,São Paulo
Mattilha,2023-10-15,2023,Centro Esportivo e de Lazer Tietê,São Paulo,São Paulo
Estado Zero,2023-10-15,2023,Centro Esportivo e de Lazer Tietê,São Paulo,São Paulo
Sonic Symphony,2023-10-15,2023,Expo Center Norte,São Paulo,São Paulo
Paulo Miklos,2023-10-15,2023,Centro Esportivo e de Lazer Tietê,São Paulo,São Paulo
Mombojó,2023-10-15,2023,SESC Santana,São Paulo,São Paulo
Steve Angello,2023-10-15,2023,LaRoc Club,São Paulo,São Paulo
Oitão,2023-10-15,2023,Centro Esportivo e de Lazer Tietê,São Paulo,São Paulo
Rockfun Legends,2023-10-15,2023,Centro Esportivo e de Lazer Tietê,São Paulo,São Paulo
Chico César,2023-10-15,2023,Parque Villa-Lobos,São Paulo,São Paulo
Senpai Old School,2023-10-15,2023,Expo Center Norte,São Paulo,São Paulo
Marky Ramone’s Blitzkrieg,2023-10-15,2023,Carioca Club,São Paulo,São Paulo
Tom Zé,2023-10-15,2023,Praça das Artes,São Paulo,São Paulo
Negra Li,2023-10-15,2023,Parque Villa-Lobos,São Paulo,São Paulo
Krisiun,2023-10-15,2023,Centro Esportivo e de Lazer Tietê,São Paulo,São Paulo
Os Mutantes,2023-10-15,2023,Centro Esportivo e de Lazer Tietê,São Paulo,São Paulo
Almir Sater,2023-10-16,2023,Teatro Bradesco,São Paulo,São Paulo
Kiko Dinucci,2023-10-17,2023,Casa de Francisca,São Paulo,São Paulo
Noturnall,2023-10-17,2023,Red Star Studios,São Paulo,São Paulo
Chico Bernardes,2023-10-17,2023,Bona Casa de Música,São Paulo,São Paulo
Kiko Dinucci,2023-10-18,2023,Casa de Francisca,São Paulo,São Paulo
Makaya McCraven,2023-10-18,2023,SESC Pompéia,São Paulo,São Paulo
I Am Morbid,2023-10-19,2023,Fabrique Club,São Paulo,São Paulo
YMA,2023-10-19,2023,Picles Cardeal,São Paulo,São Paulo
Steel Panther,2023-10-19,2023,Audio,São Paulo,São Paulo
Makaya McCraven,2023-10-19,2023,SESC Pompéia,São Paulo,São Paulo
CPM 22,2023-10-19,2023,SESC Bom Retiro,São Paulo,São Paulo
Vanessa Moreno,2023-10-19,2023,Sesc 14 Bis,São Paulo,São Paulo
Perotá Chingó,2023-10-20,2023,Audio,São Paulo,São Paulo
Rubel,2023-10-20,2023,Espaço Unimed,São Paulo,São Paulo
L7,2023-10-20,2023,Carioca Club,São Paulo,São Paulo
Cólera,2023-10-20,2023,Carioca Club,São Paulo,São Paulo
Hexis,2023-10-20,2023,VIP Station,São Paulo,São Paulo
Falsa Luz,2023-10-20,2023,VIP Station,São Paulo,São Paulo
As Mercenárias,2023-10-20,2023,Carioca Club,São Paulo,São Paulo
Amenra,2023-10-20,2023,VIP Station,São Paulo,São Paulo
Desalmado,2023-10-20,2023,VIP Station,São Paulo,São Paulo
Paulinho da Viola,2023-10-20,2023,SESC Pinheiros,São Paulo,São Paulo
Innabrain,2023-10-20,2023,Porão da Cerveja,São Paulo,São Paulo
Ira!,2023-10-20,2023,Ginásio do Ibirapuera,São Paulo,São Paulo
Sugar Kane,2023-10-20,2023,SESC Belenzinho,São Paulo,São Paulo
Vanessa Moreno,2023-10-20,2023,Sesc 14 Bis,São Paulo,São Paulo
Orchestre Poly-Rythmo de Cotonou,2023-10-20,2023,SESC Pompéia,São Paulo,São Paulo
Giulia Be,2023-10-20,2023,Teatro Bradesco,São Paulo,São Paulo
Silvana Estrada,2023-10-20,2023,Cineclube Cortina,São Paulo,São Paulo
Thandi Ntuli,2023-10-20,2023,Teatro SESC Pompéia,São Paulo,São Paulo
Alfredo Rodríguez,2023-10-21,2023,Sesc 14 Bis,São Paulo,São Paulo
Ego Kill Talent,2023-10-21,2023,Allianz Parque,São Paulo,São Paulo
Conociendo Rusia,2023-10-21,2023,Cineclube Cortina,São Paulo,São Paulo
Axty,2023-10-21,2023,Expo Center Norte,São Paulo,São Paulo
Foojammers,2023-10-21,2023,Presley Pub,São Paulo,São Paulo
The Toasters,2023-10-21,2023,Jai Club,São Paulo,São Paulo
The Beast Experience,2023-10-21,2023,Manifesto Bar,São Paulo,São Paulo
Spok Frevo Orquestra,2023-10-21,2023,Teatro SESC Pompéia,São Paulo,São Paulo
Hermeto Pascoal,2023-10-21,2023,Parque Villa-Lobos,São Paulo,São Paulo
Evanescence,2023-10-21,2023,Allianz Parque,São Paulo,São Paulo
Gloria,2023-10-21,2023,Expo Center Norte,São Paulo,São Paulo
Jorge Ben Jor,2023-10-21,2023,Espaço Unimed,São Paulo,São Paulo
Mart’nália,2023-10-21,2023,Casa Natura Musical,São Paulo,São Paulo
Paulinho da Viola,2023-10-21,2023,SESC Pinheiros,São Paulo,São Paulo
Esteban Tavares,2023-10-21,2023,Cineclube Cortina,São Paulo,São Paulo
Odeon,2023-10-21,2023,Expo Center Norte,São Paulo,São Paulo
Orchestre Poly-Rythmo de Cotonou,2023-10-21,2023,SESC Pompéia,São Paulo,São Paulo
Retrofoguetes,2023-10-22,2023,Tipitina Bar,São Paulo,São Paulo
Spok Frevo Orquestra,2023-10-22,2023,Teatro SESC Pompéia,São Paulo,São Paulo
Alfredo Rodríguez,2023-10-22,2023,Sesc 14 Bis,São Paulo,São Paulo
Skinner Project,2023-10-22,2023,Red Star Studios,São Paulo,São Paulo
Ratos de Porão,2023-10-22,2023,Lata Velha Rock Bar,Osasco,São Paulo
Sophia Chablau e Uma Enorme Perda de Tempo,2023-10-22,2023,Cine Joia,São Paulo,São Paulo
Dori Caymmi,2023-10-25,2023,SESC Vila Mariana,São Paulo,São Paulo
Hexis,2023-10-25,2023,Fenda 315,São Paulo,São Paulo
Kleiton & Kledir,2023-10-25,2023,Blue Note São Paulo,São Paulo,São Paulo
Vinny Appice,2023-10-26,2023,Café Piu Piu,São Paulo,São Paulo
Mustang 73,2023-10-26,2023,Only Rock Bar,São Paulo,São Paulo
Ava Rocha,2023-10-26,2023,Casa Natura Musical,São Paulo,São Paulo
Roberto Carlos,2023-10-26,2023,Espaço Unimed,São Paulo,São Paulo
In Element,2023-10-26,2023,Fabrique Club,São Paulo,São Paulo
Angel Bat Dawid,2023-10-26,2023,Teatro SESC Pompéia,São Paulo,São Paulo
Septicflesh,2023-10-26,2023,Fabrique Club,São Paulo,São Paulo
Sona Jobarteh,2023-10-26,2023,Sesc 14 Bis,São Paulo,São Paulo
Black Flag,2023-10-27,2023,Carioca Club,São Paulo,São Paulo
Chico Batera,2023-10-27,2023,SESC Pompéia,São Paulo,São Paulo
Garotos Podres,2023-10-27,2023,Carioca Club,São Paulo,São Paulo
Os Gatunos,2023-10-27,2023,Red Star Studios,São Paulo,São Paulo
Sérgio Hinds,2023-10-27,2023,SESC Belenzinho,São Paulo,São Paulo
The Almighty Devildogs,2023-10-27,2023,Red Star Studios,São Paulo,São Paulo
Intóxicos,2023-10-27,2023,Red Star Studios,São Paulo,São Paulo
Bragolin,2023-10-28,2023,Madame Club,São Paulo,São Paulo
Budang,2023-10-28,2023,Associação Cultural Cecília,São Paulo,São Paulo
Malditos Jovens do Reggae,2023-10-28,2023,Associação Cultural Cecília,São Paulo,São Paulo
Sílvia Pérez Cruz,2023-10-28,2023,Teatro SESC Pompéia,São Paulo,São Paulo
Damon Locks Black Monument Ensemble,2023-10-28,2023,SESC Pompéia,São Paulo,São Paulo
Tabber,2023-10-28,2023,Studio Stage,São Paulo,São Paulo
Dente Canino,2023-10-28,2023,Associação Cultural Cecília,São Paulo,São Paulo
Céu,2023-10-28,2023,Área Externa do Auditório Ibirapuera,São Paulo,São Paulo
Claudia Leitte,2023-10-28,2023,Área Externa do Auditório Ibirapuera,São Paulo,São Paulo
Oswaldo Montenegro,2023-10-28,2023,Tokio Marine Hall,São Paulo,São Paulo
ballburya,2023-10-28,2023,Rock Together Studio,São Paulo,São Paulo
Egberto Gismonti,2023-10-28,2023,Sesc 14 Bis,São Paulo,São Paulo
Roberto Carlos,2023-10-28,2023,Espaço Unimed,São Paulo,São Paulo
Retrofoguetes,2023-10-28,2023,Red Star Studios,São Paulo,São Paulo
Halleck,2023-10-28,2023,Porão da Cerveja,São Paulo,São Paulo
Paolo Vallinari,2023-10-28,2023,Speakworld Idiomas,São Paulo,São Paulo
Linn da Quebrada,2023-10-28,2023,SESC Vila Mariana,São Paulo,São Paulo
Umbilichaos,2023-10-28,2023,Centro Cultural da Juventude Ruth Cardoso,São Paulo,São Paulo
Pesta,2023-10-28,2023,Centro Cultural da Juventude Ruth Cardoso,São Paulo,São Paulo
Tulipa Ruiz,2023-10-28,2023,Auditório Ibirapuera,São Paulo,São Paulo
Espectro,2023-10-28,2023,Centro Cultural da Juventude Ruth Cardoso,São Paulo,São Paulo
Los Maganos,2023-10-28,2023,Red Star Studios,São Paulo,São Paulo
Fábio Jr.,2023-10-28,2023,Vibra São Paulo,São Paulo,São Paulo
Zumbis do Espaço,2023-10-28,2023,Hangar 110,São Paulo,São Paulo
Innabrain,2023-10-28,2023,Espaço Fim da Rua,São Paulo,São Paulo
Project46,2023-10-29,2023,Tokio Marine Hall,São Paulo,São Paulo
Sílvia Pérez Cruz,2023-10-29,2023,Teatro SESC Pompéia,São Paulo,São Paulo
Egberto Gismonti,2023-10-29,2023,Sesc 14 Bis,São Paulo,São Paulo
Marduk,2023-10-29,2023,VIP Station,São Paulo,São Paulo
Grave Desecrator,2023-10-29,2023,VIP Station,São Paulo,São Paulo
Mortuorial Eclipse,2023-10-29,2023,VIP Station,São Paulo,São Paulo
Luxúria de Lillith,2023-10-29,2023,VIP Station,São Paulo,São Paulo
Impurity,2023-10-29,2023,VIP Station,São Paulo,São Paulo
Children of the Beast,2023-10-29,2023,Lata Velha Rock Bar,Osasco,São Paulo
Obscura,2023-10-29,2023,Carioca Club,São Paulo,São Paulo
Machine Head,2023-10-29,2023,Tokio Marine Hall,São Paulo,São Paulo
Primal Fear,2023-10-29,2023,Fabrique Club,São Paulo,São Paulo
Roberto Carlos,2023-10-29,2023,Espaço Unimed,São Paulo,São Paulo
Hateen,2023-10-29,2023,Centro Cultural Tendal da Lapa,São Paulo,São Paulo
Cícero,2023-10-29,2023,SESC Belenzinho,São Paulo,São Paulo
Damon Locks Black Monument Ensemble,2023-10-29,2023,SESC Pompéia,São Paulo,São Paulo
Iara Rennó,2023-10-31,2023,Bona Casa de Música,São Paulo,São Paulo
Thiago Bianchi,2023-10-31,2023,Blue Note São Paulo,São Paulo,São Paulo
Wanessa Camargo,2023-11-01,2023,Terra SP,São Paulo,São Paulo
Ville Valo,2023-11-01,2023,Carioca Club,São Paulo,São Paulo
Sean Kingston,2023-11-01,2023,The Noite com Danilo Gentili,Osasco,São Paulo
Meu Funeral,2023-11-02,2023,Family Mob Studios,São Paulo,São Paulo
Allen Key,2023-11-03,2023,Tokio Marine Hall,São Paulo,São Paulo
Bryan Behr,2023-11-03,2023,Casa Natura Musical,São Paulo,São Paulo
Justabeli,2023-11-03,2023,Jai Club,São Paulo,São Paulo
Bayside Kings,2023-11-03,2023,Fabrique Club,São Paulo,São Paulo
Podridão,2023-11-03,2023,Jai Club,São Paulo,São Paulo
Rise of the Northstar,2023-11-03,2023,Fabrique Club,São Paulo,São Paulo
Paura,2023-11-03,2023,Fabrique Club,São Paulo,São Paulo
Luiz Toffoli,2023-11-03,2023,Tokio Marine Hall,São Paulo,São Paulo
O Verme Vencedor,2023-11-03,2023,Lau Estúdio,Osasco,São Paulo
Ney Matogrosso,2023-11-03,2023,SESC Pinheiros,São Paulo,São Paulo
Måneskin,2023-11-03,2023,Espaço Unimed,São Paulo,São Paulo
Angra,2023-11-03,2023,Tokio Marine Hall,São Paulo,São Paulo
Children of the Beast,2023-11-03,2023,Morrison Rock Bar,São Paulo,São Paulo
Vader,2023-11-03,2023,Jai Club,São Paulo,São Paulo
Kasino,2023-11-04,2023,Centro Esportivo e de Lazer Tietê,São Paulo,São Paulo
Supla E Os Punks de Boutique,2023-11-04,2023,Centro Esportivo e de Lazer Tietê,São Paulo,São Paulo
Felipe Dylon,2023-11-04,2023,Centro Esportivo e de Lazer Tietê,São Paulo,São Paulo
Br’oZ,2023-11-04,2023,Centro Esportivo e de Lazer Tietê,São Paulo,São Paulo
Halsey,2023-11-04,2023,Allianz Parque,São Paulo,São Paulo
Caxtrinho,2023-11-04,2023,Garagem Beleza,São Paulo,São Paulo
ballburya,2023-11-04,2023,St Paul's Pub,São Paulo,São Paulo
Kim Hyun Joong,2023-11-04,2023,Teatro J. Safra,São Paulo,São Paulo
Tim “Ripper” Owens,2023-11-04,2023,Centro de Eventos Pro Magno,São Paulo,São Paulo
mgk,2023-11-04,2023,Allianz Parque,São Paulo,São Paulo
Cine,2023-11-04,2023,Centro Esportivo e de Lazer Tietê,São Paulo,São Paulo
Hodari,2023-11-04,2023,Allianz Parque,São Paulo,São Paulo
Zumbis do Espaço,2023-11-04,2023,Centro de Eventos Pro Magno,São Paulo,São Paulo
Oumou Sangaré,2023-11-04,2023,SESC Pompéia,São Paulo,São Paulo
Alceu Valença,2023-11-04,2023,Tokio Marine Hall,São Paulo,São Paulo
Tasha & Tracie,2023-11-04,2023,Instituto Tomie Othake,São Paulo,São Paulo
ALCHEMIA,2023-11-04,2023,Centro de Eventos Pro Magno,São Paulo,São Paulo
Furacão 2000,2023-11-04,2023,Centro Esportivo e de Lazer Tietê,São Paulo,São Paulo
Sean Kingston,2023-11-04,2023,Centro Esportivo e de Lazer Tietê,São Paulo,São Paulo
jxdn,2023-11-04,2023,Allianz Parque,São Paulo,São Paulo
CPM 22,2023-11-04,2023,Centro Esportivo e de Lazer Tietê,São Paulo,São Paulo
Gabriel o Pensador,2023-11-04,2023,Centro Esportivo e de Lazer Tietê,São Paulo,São Paulo
Swedish House Mafia,2023-11-04,2023,Allianz Parque,São Paulo,São Paulo
Marcão Britto & Thiago Castanho Charlie Brown Jr.,2023-11-04,2023,Centro Esportivo e de Lazer Tietê,São Paulo,São Paulo
Wanessa Camargo,2023-11-04,2023,Centro Esportivo e de Lazer Tietê,São Paulo,São Paulo
The Lumineers,2023-11-05,2023,Espaço Unimed,São Paulo,São Paulo
LUDMILLA,2023-11-05,2023,Autódromo de Interlagos,São Paulo,São Paulo
Oumou Sangaré,2023-11-05,2023,SESC Pompéia,São Paulo,São Paulo
Tasha & Tracie,2023-11-05,2023,Allianz Parque,São Paulo,São Paulo
Sofi Tukker,2023-11-05,2023,Allianz Parque,São Paulo,São Paulo
Thundercat,2023-11-05,2023,Allianz Parque,São Paulo,São Paulo
Torture Squad,2023-11-05,2023,Centro de Eventos Pro Magno,São Paulo,São Paulo
Kendrick Lamar,2023-11-05,2023,Allianz Parque,São Paulo,São Paulo
IZA,2023-11-05,2023,Allianz Parque,São Paulo,São Paulo
Agnostic Front,2023-11-05,2023,Fabrique Club,São Paulo,São Paulo
Ney Matogrosso,2023-11-05,2023,SESC Pinheiros,São Paulo,São Paulo
Terno Rei,2023-11-05,2023,Espaço Unimed,São Paulo,São Paulo
Electric Funeral,2023-11-05,2023,Centro de Eventos Pro Magno,São Paulo,São Paulo
Mork,2023-11-06,2023,House of Legends,São Paulo,São Paulo
Test,2023-11-06,2023,House of Legends,São Paulo,São Paulo
Goatburner,2023-11-06,2023,House of Legends,São Paulo,São Paulo
Sodoma,2023-11-06,2023,House of Legends,São Paulo,São Paulo
Funeratus,2023-11-06,2023,House of Legends,São Paulo,São Paulo
NervoChaos,2023-11-06,2023,House of Legends,São Paulo,São Paulo
Zander,2023-11-08,2023,Bar Alto,São Paulo,São Paulo
Emicida,2023-11-08,2023,Expo Center Norte,São Paulo,São Paulo
Alice Glass,2023-11-08,2023,Madame Underground Club,São Paulo,São Paulo
Alter Bridge,2023-11-08,2023,Espaço Unimed,São Paulo,São Paulo
Jorge Drexler,2023-11-09,2023,Espaço Unimed,São Paulo,São Paulo
In Flames,2023-11-09,2023,Tokio Marine Hall,São Paulo,São Paulo
Jammil,2023-11-09,2023,Expo Center Norte,São Paulo,São Paulo
Br’oZ,2023-11-09,2023,Teatro Bradesco,São Paulo,São Paulo
Papisa,2023-11-09,2023,Bar Alto,São Paulo,São Paulo
Kryour,2023-11-09,2023,Tokio Marine Hall,São Paulo,São Paulo
Indigo Mood,2023-11-09,2023,Bar Alto,São Paulo,São Paulo
Bebê Feio,2023-11-10,2023,Red Star Studios,São Paulo,São Paulo
Irontom,2023-11-10,2023,Estádio do Morumbi,São Paulo,São Paulo
Boate Azul Ao Vivo,2023-11-10,2023,Espaço Unimed,São Paulo,São Paulo
Edu Lobo,2023-11-10,2023,Teatro B32,São Paulo,São Paulo
Blind Pigs,2023-11-10,2023,Carioca Club,São Paulo,São Paulo
Urias,2023-11-10,2023,Vibra São Paulo,São Paulo,São Paulo
Jeito Moleque,2023-11-10,2023,Expo Center Norte,São Paulo,São Paulo
Red Hot Chili Peppers,2023-11-10,2023,Estádio do Morumbi,São Paulo,São Paulo
Buchecha,2023-11-10,2023,Expo Center Norte,São Paulo,São Paulo
Rodrigo Campos,2023-11-10,2023,Odette,São Paulo,São Paulo
Não Há Mais Volta,2023-11-10,2023,Carioca Club,São Paulo,São Paulo
Alice Glass,2023-11-10,2023,Vibra São Paulo,São Paulo,São Paulo
Juçara Marçal,2023-11-10,2023,SESC Pompéia,São Paulo,São Paulo
Trym,2023-11-10,2023,Arca Spaces,São Paulo,São Paulo
Charlotte de Witte,2023-11-10,2023,Arca Spaces,São Paulo,São Paulo
Gritando HC,2023-11-10,2023,Carioca Club,São Paulo,São Paulo
Lulu Santos,2023-11-10,2023,Tokio Marine Hall,São Paulo,São Paulo
Zumbis do Espaço,2023-11-10,2023,Carioca Club,São Paulo,São Paulo
Chad Smith,2023-11-10,2023,Stones Music Bar,São Paulo,São Paulo
Pabllo Vittar,2023-11-10,2023,Vibra São Paulo,São Paulo,São Paulo
Catch Side,2023-11-11,2023,Carioca Club,São Paulo,São Paulo
Boy Harsher,2023-11-11,2023,Private Venue,São Paulo,São Paulo
Roger Waters,2023-11-11,2023,Allianz Parque,São Paulo,São Paulo
Glenn Hughes,2023-11-11,2023,VIP Station,São Paulo,São Paulo
Boy Harsher,2023-11-11,2023,Fábrica de Impressões,São Paulo,São Paulo
Catto,2023-11-11,2023,Teatro SESC Pompéia,São Paulo,São Paulo
Richie Ramone,2023-11-11,2023,Manifesto Bar,São Paulo,São Paulo
Juçara Marçal,2023-11-11,2023,SESC Pompéia,São Paulo,São Paulo
Foojammers,2023-11-11,2023,Skull Skate Park,São Paulo,São Paulo
Combover,2023-11-11,2023,Fffront,São Paulo,São Paulo
Wanessa Camargo,2023-11-11,2023,Shopee,São Paulo,São Paulo
RBD,2023-11-12,2023,Estádio do Morumbi,São Paulo,São Paulo
Seu Jorge,2023-11-12,2023,Parque Villa-Lobos,São Paulo,São Paulo
Roger Waters,2023-11-12,2023,Allianz Parque,São Paulo,São Paulo
KLB,2023-11-12,2023,Vibra São Paulo,São Paulo,São Paulo
Raça,2023-11-12,2023,Casa Rockambole,São Paulo,São Paulo
RBD,2023-11-13,2023,Estádio do Morumbi,São Paulo,São Paulo
Joelma,2023-11-13,2023,Encontro com Patrícia Poeta,São Paulo,São Paulo
Mastodon,2023-11-14,2023,Espaço Unimed,São Paulo,São Paulo
Pitty,2023-11-14,2023,Allianz Parque,São Paulo,São Paulo
Gojira,2023-11-14,2023,Espaço Unimed,São Paulo,São Paulo
Alanis Morissette,2023-11-14,2023,Allianz Parque,São Paulo,São Paulo
Grag Queen,2023-11-14,2023,High Club,São Paulo,São Paulo
Forgotten Boys,2023-11-14,2023,Fffront,São Paulo,São Paulo
Vamoz,2023-11-14,2023,Fffront,São Paulo,São Paulo
Joelma,2023-11-14,2023,Centro de Tradições Nordestinas,São Paulo,São Paulo
Maglore,2023-11-15,2023,Casa Natura Musical,São Paulo,São Paulo
Saxon,2023-11-15,2023,Tokio Marine Hall,São Paulo,São Paulo
The Aggrolites,2023-11-15,2023,Fabrique Club,São Paulo,São Paulo
Firefriend,2023-11-15,2023,San Pancho,São Paulo,São Paulo
Madzilla,2023-11-15,2023,Tokio Marine Hall,São Paulo,São Paulo
Julia Mestre,2023-11-16,2023,Cultura Livre,São Paulo,São Paulo
RBD,2023-11-16,2023,Allianz Parque,São Paulo,São Paulo
Fernando Catatau,2023-11-16,2023,Bona Casa de Música,São Paulo,São Paulo
Ira!,2023-11-17,2023,Vibra São Paulo,São Paulo,São Paulo
RBD,2023-11-17,2023,Allianz Parque,São Paulo,São Paulo
Desalmado,2023-11-17,2023,Hangar 110,São Paulo,São Paulo
Zélia Duncan,2023-11-17,2023,SESC Pompéia,São Paulo,São Paulo
Os Paralamas do Sucesso,2023-11-17,2023,Vibra São Paulo,São Paulo,São Paulo
Mustang 73,2023-11-17,2023,A Sétima Taberna,São Paulo,São Paulo
Gangrena Gasosa,2023-11-17,2023,Hangar 110,São Paulo,São Paulo
PVA,2023-11-17,2023,Casa Rockambole,São Paulo,São Paulo
Winter,2023-11-17,2023,Casa Rockambole,São Paulo,São Paulo
Leprous,2023-11-17,2023,Carioca Club,São Paulo,São Paulo
Peter Bjorn and John,2023-11-17,2023,Cine Joia,São Paulo,São Paulo
Gloria Groove,2023-11-17,2023,Espaço Unimed,São Paulo,São Paulo
Hatchie,2023-11-17,2023,Casa Rockambole,São Paulo,São Paulo
The Beast Experience,2023-11-18,2023,Manifesto Bar,São Paulo,São Paulo
Jards Macalé,2023-11-18,2023,SESC Pompéia,São Paulo,São Paulo
Hardcore Superstar,2023-11-18,2023,Carioca Club,São Paulo,São Paulo
NNHMN,2023-11-18,2023,Madame Underground Club,São Paulo,São Paulo
Ultra Sunn,2023-11-18,2023,Madame Underground Club,São Paulo,São Paulo
BaianaSystem,2023-11-18,2023,Memorial da América Latina,São Paulo,São Paulo
Fred Hersch,2023-11-18,2023,Sala São Paulo,São Paulo,São Paulo
POCAH,2023-11-18,2023,VIP Station,São Paulo,São Paulo
Cólera,2023-11-18,2023,Quadra do Sindicato dos Bancários,São Paulo,São Paulo
Mustang 73,2023-11-18,2023,Cervejazul Music Club,São Paulo,São Paulo
RBD,2023-11-18,2023,Allianz Parque,São Paulo,São Paulo
Agrotóxico,2023-11-18,2023,Quadra do Sindicato dos Bancários,São Paulo,São Paulo
Deserdados,2023-11-18,2023,Quadra do Sindicato dos Bancários,São Paulo,São Paulo
Invasores de Cérebros,2023-11-18,2023,Quadra do Sindicato dos Bancários,São Paulo,São Paulo
OdioSocial,2023-11-18,2023,Quadra do Sindicato dos Bancários,São Paulo,São Paulo
Owen,2023-11-18,2023,Casa Rockambole,São Paulo,São Paulo
Diana Krall,2023-11-18,2023,Tokio Marine Hall,São Paulo,São Paulo
RBD,2023-11-19,2023,Allianz Parque,São Paulo,São Paulo
DZK,2023-11-19,2023,Quadra do Sindicato dos Bancários,São Paulo,São Paulo
Paranoid Existence,2023-11-19,2023,Instituto Cultural Bolivia Rock,São Paulo,São Paulo
Infamous Glory,2023-11-19,2023,VIP Station,São Paulo,São Paulo
Molho Negro,2023-11-19,2023,SESC Avenida Paulista,São Paulo,São Paulo
Sangue de Bode,2023-11-19,2023,VIP Station,São Paulo,São Paulo
PVA,2023-11-19,2023,Tokio Marine Hall,São Paulo,São Paulo
Vitam et Mortem,2023-11-19,2023,VIP Station,São Paulo,São Paulo
terraplana + Shower Curtain,2023-11-19,2023,Tokio Marine Hall,São Paulo,São Paulo
Lixomania,2023-11-19,2023,Quadra do Sindicato dos Bancários,São Paulo,São Paulo
Whitney,2023-11-19,2023,Tokio Marine Hall,São Paulo,São Paulo
THUS LOVE,2023-11-19,2023,Tokio Marine Hall,São Paulo,São Paulo
Os Excluídos,2023-11-19,2023,Quadra do Sindicato dos Bancários,São Paulo,São Paulo
Abbath,2023-11-19,2023,VIP Station,São Paulo,São Paulo
Unknown Mortal Orchestra,2023-11-19,2023,Tokio Marine Hall,São Paulo,São Paulo
Hatchie,2023-11-19,2023,Tokio Marine Hall,São Paulo,São Paulo
Flicts,2023-11-19,2023,Quadra do Sindicato dos Bancários,São Paulo,São Paulo
American Football,2023-11-19,2023,Tokio Marine Hall,São Paulo,São Paulo
Evan Dando,2023-11-19,2023,Bar Alto,São Paulo,São Paulo
Ludovic,2023-11-20,2023,Casa Rockambole,São Paulo,São Paulo
THUS LOVE,2023-11-20,2023,Casa Rockambole,São Paulo,São Paulo
Eric Nam,2023-11-20,2023,Cine Joia,São Paulo,São Paulo
Lenna Bahule,2023-11-21,2023,Redoma,São Paulo,São Paulo
Fábio Jr.,2023-11-21,2023,Vibra São Paulo,São Paulo,São Paulo
Alzira E + Corte,2023-11-22,2023,Casa de Francisca,São Paulo,São Paulo
Renato Teixeira,2023-11-22,2023,Cine Joia,São Paulo,São Paulo
Hermanos Gutiérrez,2023-11-22,2023,Cine Joia,São Paulo,São Paulo
Catto,2023-11-22,2023,Blue Note São Paulo,São Paulo,São Paulo
Ana Frango Elétrico,2023-11-23,2023,SESC Pompéia,São Paulo,São Paulo
Fino Coletivo,2023-11-23,2023,Casa Natura Musical,São Paulo,São Paulo
Tom Zé,2023-11-23,2023,Teatro SESC Pompéia,São Paulo,São Paulo
Inocentes,2023-11-24,2023,SESC Belenzinho,São Paulo,São Paulo
Silva,2023-11-24,2023,Espaço Unimed,São Paulo,São Paulo
Terra Celta,2023-11-24,2023,Carioca Club,São Paulo,São Paulo
Taberna folk,2023-11-24,2023,Carioca Club,São Paulo,São Paulo
Korpiklaani,2023-11-24,2023,Carioca Club,São Paulo,São Paulo
Ana Frango Elétrico,2023-11-24,2023,SESC Pompéia,São Paulo,São Paulo
Taylor Swift,2023-11-24,2023,Allianz Parque,São Paulo,São Paulo
Nirvana Experience (ex-Hormoaning),2023-11-24,2023,Fuertes Rock Pub,São Paulo,São Paulo
Sabrina Carpenter,2023-11-24,2023,Allianz Parque,São Paulo,São Paulo
Fernanda Takai,2023-11-24,2023,Blue Note São Paulo,São Paulo,São Paulo
Tsjuder,2023-11-25,2023,Jai Club,São Paulo,São Paulo
Sabrina Carpenter,2023-11-25,2023,Allianz Parque,São Paulo,São Paulo
Taylor Swift,2023-11-25,2023,Allianz Parque,São Paulo,São Paulo
Blind Guardian,2023-11-25,2023,Terra SP,São Paulo,São Paulo
Trend Kill Ghosts,2023-11-25,2023,Terra SP,São Paulo,São Paulo
Hate Moss,2023-11-25,2023,Depois do Fim do Mundo Estúdio,São Paulo,São Paulo
Caetano Veloso,2023-11-25,2023,Espaço Unimed,São Paulo,São Paulo
Odeon,2023-11-25,2023,Carioca Club,São Paulo,São Paulo
Fleezus,2023-11-25,2023,SESC Pompéia,São Paulo,São Paulo
Marcos Valle,2023-11-25,2023,Casa Natura Musical,São Paulo,São Paulo
Humberto Gessinger,2023-11-25,2023,Tokio Marine Hall,São Paulo,São Paulo
Project46,2023-11-25,2023,Carioca Club,São Paulo,São Paulo
Gustavo Bertoni,2023-11-26,2023,SESC Belenzinho,São Paulo,São Paulo
Taylor Swift,2023-11-26,2023,Allianz Parque,São Paulo,São Paulo
Seun Kuti & Egypt 80,2023-11-26,2023,Centro Cultural Tendal da Lapa,São Paulo,São Paulo
Sabrina Carpenter,2023-11-26,2023,Allianz Parque,São Paulo,São Paulo
Blind Guardian,2023-11-26,2023,Terra SP,São Paulo,São Paulo
Trend Kill Ghosts,2023-11-26,2023,Terra SP,São Paulo,São Paulo
Caetano Veloso,2023-11-27,2023,Espaço Unimed,São Paulo,São Paulo
Bruno Berle,2023-11-28,2023,Centro da Terra,São Paulo,São Paulo
Bazuros,2023-11-29,2023,Estúdio Lâmina,São Paulo,São Paulo
FKJ,2023-11-29,2023,Audio,São Paulo,São Paulo
black midi,2023-11-29,2023,Cine Joia,São Paulo,São Paulo
PLUMA,2023-11-29,2023,Cine Joia,São Paulo,São Paulo
Tulipa Ruiz,2023-11-30,2023,SESC Pompéia,São Paulo,São Paulo
Carlos do Complexo,2023-11-30,2023,Audio,São Paulo,São Paulo
The Killers,2023-11-30,2023,Tokio Marine Hall,São Paulo,São Paulo
Seun Kuti & Egypt 80,2023-11-30,2023,Audio,São Paulo,São Paulo
Bruce Dickinson,2023-11-30,2023,São Paulo Expo,São Paulo,São Paulo
Slowdive,2023-11-30,2023,Cine Joia,São Paulo,São Paulo
Bia Ferreira,2023-11-30,2023,Audio,São Paulo,São Paulo
terraplana,2023-11-30,2023,Cine Joia,São Paulo,São Paulo
Mindflow,2023-12-01,2023,La Iglesia Borratxeria,São Paulo,São Paulo
Bebê Feio,2023-12-01,2023,Cardeal Pub,São Paulo,São Paulo
Camisa de Vênus,2023-12-01,2023,Teatro Bradesco,São Paulo,São Paulo
The Beast Experience,2023-12-01,2023,Teatro Bravos,São Paulo,São Paulo
Garotos Podres,2023-12-01,2023,Hangar 110,São Paulo,São Paulo
Tulipa Ruiz,2023-12-01,2023,SESC Pompéia,São Paulo,São Paulo
Luiza Lian,2023-12-01,2023,Audio,São Paulo,São Paulo
Róisín Murphy,2023-12-01,2023,Audio,São Paulo,São Paulo
DJ Playero,2023-12-01,2023,Audio,São Paulo,São Paulo
Lucrecia Dalt,2023-12-01,2023,Cine Joia,São Paulo,São Paulo
Metric,2023-12-01,2023,Cine Joia,São Paulo,São Paulo
O Teatro Mágico,2023-12-01,2023,Carioca Club,São Paulo,São Paulo
Nevasca,2023-12-02,2023,Artlivre,São Paulo,São Paulo
slipmami,2023-12-02,2023,Autódromo de Interlagos,São Paulo,São Paulo
The Hives,2023-12-02,2023,Autódromo de Interlagos,São Paulo,São Paulo
Getúlio Abelha,2023-12-02,2023,Autódromo de Interlagos,São Paulo,São Paulo
Marisa Monte,2023-12-02,2023,Autódromo de Interlagos,São Paulo,São Paulo
Axty,2023-12-02,2023,Hangar 110,São Paulo,São Paulo
L_cio,2023-12-02,2023,Autódromo de Interlagos,São Paulo,São Paulo
ÀIYÉ,2023-12-02,2023,Autódromo de Interlagos,São Paulo,São Paulo
BAD LUV,2023-12-02,2023,Hangar 110,São Paulo,São Paulo
Sandy,2023-12-02,2023,Vibra São Paulo,São Paulo,São Paulo
OFF!,2023-12-02,2023,Autódromo de Interlagos,São Paulo,São Paulo
No Pressure,2023-12-02,2023,City Lights Music Hall,São Paulo,São Paulo
Carlos Lyra,2023-12-02,2023,Teatro SESC Pompéia,São Paulo,São Paulo
Guilherme Arantes,2023-12-02,2023,Tokio Marine Hall,São Paulo,São Paulo
Amigos,2023-12-02,2023,Allianz Parque,São Paulo,São Paulo
Bazuros,2023-12-02,2023,PORTA,São Paulo,São Paulo
Kelela,2023-12-02,2023,Autódromo de Interlagos,São Paulo,São Paulo
Pet Shop Boys,2023-12-02,2023,Autódromo de Interlagos,São Paulo,São Paulo
Carnifex,2023-12-02,2023,Fabrique Club,São Paulo,São Paulo
VHOOR,2023-12-02,2023,Autódromo de Interlagos,São Paulo,São Paulo
Nevasca,2023-12-02,2023,St Paul's Pub,São Paulo,São Paulo
The Killers,2023-12-02,2023,Autódromo de Interlagos,São Paulo,São Paulo
Krisiun,2023-12-02,2023,Cine Joia,São Paulo,São Paulo
Creatures,2023-12-02,2023,Jai Club,São Paulo,São Paulo
MC Binn,2023-12-02,2023,Autódromo de Interlagos,São Paulo,São Paulo
black midi,2023-12-02,2023,Autódromo de Interlagos,São Paulo,São Paulo
Slowdive,2023-12-02,2023,Autódromo de Interlagos,São Paulo,São Paulo
Hellway Train,2023-12-02,2023,Jai Club,São Paulo,São Paulo
Marina Herlop,2023-12-02,2023,Autódromo de Interlagos,São Paulo,São Paulo
Supercombo,2023-12-02,2023,São Paulo Expo,São Paulo,São Paulo
Dorian Electra,2023-12-02,2023,Autódromo de Interlagos,São Paulo,São Paulo
Metric,2023-12-02,2023,Autódromo de Interlagos,São Paulo,São Paulo
LUDMILLA,2023-12-02,2023,Centro Esportivo e de Lazer Tietê,São Paulo,São Paulo
CSS,2023-12-02,2023,Autódromo de Interlagos,São Paulo,São Paulo
Mu540,2023-12-03,2023,Autódromo de Interlagos,São Paulo,São Paulo
KL Jay,2023-12-03,2023,Autódromo de Interlagos,São Paulo,São Paulo
Róisín Murphy,2023-12-03,2023,Autódromo de Interlagos,São Paulo,São Paulo
Mateus Fazeno Rock,2023-12-03,2023,Autódromo de Interlagos,São Paulo,São Paulo
TOKiMONSTA,2023-12-03,2023,Autódromo de Interlagos,São Paulo,São Paulo
Catto,2023-12-03,2023,Autódromo de Interlagos,São Paulo,São Paulo
DJ Mau Mau,2023-12-03,2023,Autódromo de Interlagos,São Paulo,São Paulo
Carlos Lyra,2023-12-03,2023,SESC Pompéia,São Paulo,São Paulo
Sophia Chablau e Uma Enorme Perda de Tempo,2023-12-03,2023,Autódromo de Interlagos,São Paulo,São Paulo
The Blessed Madonna,2023-12-03,2023,Autódromo de Interlagos,São Paulo,São Paulo
El Mató a un Policía Motorizado,2023-12-03,2023,Autódromo de Interlagos,São Paulo,São Paulo
Nelson D,2023-12-03,2023,Autódromo de Interlagos,São Paulo,São Paulo
Marina Sena,2023-12-03,2023,Autódromo de Interlagos,São Paulo,São Paulo
Just Mustard,2023-12-03,2023,Autódromo de Interlagos,São Paulo,São Paulo
Toccororo,2023-12-03,2023,Autódromo de Interlagos,São Paulo,São Paulo
Soccer Mommy,2023-12-03,2023,Autódromo de Interlagos,São Paulo,São Paulo
Bad Religion,2023-12-03,2023,Autódromo de Interlagos,São Paulo,São Paulo
Carly Rae Jepsen,2023-12-03,2023,Autódromo de Interlagos,São Paulo,São Paulo
Hudson Mohawke,2023-12-03,2023,Autódromo de Interlagos,São Paulo,São Paulo
Beck,2023-12-03,2023,Autódromo de Interlagos,São Paulo,São Paulo
ANAVITÓRIA,2023-12-03,2023,Espaço Unimed,São Paulo,São Paulo
MC Carol,2023-12-03,2023,Autódromo de Interlagos,São Paulo,São Paulo
Dennis Stratton,2023-12-03,2023,Teatro Mars,São Paulo,São Paulo
The Cure,2023-12-03,2023,Autódromo de Interlagos,São Paulo,São Paulo
Pet Shop Boys,2023-12-04,2023,Audio,São Paulo,São Paulo
Marissol Mwaba,2023-12-04,2023,União Fraterna,São Paulo,São Paulo
Lamparina,2023-12-04,2023,União Fraterna,São Paulo,São Paulo
Gloria Groove,2023-12-05,2023,Transamerica Expo Center,São Paulo,São Paulo
NX Zero,2023-12-06,2023,Hangar 110,São Paulo,São Paulo
Colbie Caillat,2023-12-07,2023,Vibra São Paulo,São Paulo,São Paulo
Paul McCartney,2023-12-07,2023,Allianz Parque,São Paulo,São Paulo
Chris Holmes,2023-12-07,2023,Allianz Parque,São Paulo,São Paulo
Lenna Bahule,2023-12-07,2023,Bona Casa de Música,São Paulo,São Paulo
Children of the Beast,2023-12-07,2023,The Metal Bar,São Paulo,São Paulo
Paul McCartney,2023-12-07,2023,Allianz Parque,São Paulo,São Paulo
iamamiwhoami,2023-12-07,2023,Carioca Club,São Paulo,São Paulo
Foojammers,2023-12-08,2023,Willi Willie Bar e Arqueria,São Paulo,São Paulo
Sara Não Tem Nome,2023-12-08,2023,SESC Belenzinho,São Paulo,São Paulo
Urias,2023-12-08,2023,Zig Studio,São Paulo,São Paulo
Test,2023-12-08,2023,Cineclube Cortina,São Paulo,São Paulo
Kiko Loureiro,2023-12-08,2023,SESC Avenida Paulista,São Paulo,São Paulo
Bufo Borealis,2023-12-08,2023,Cineclube Cortina,São Paulo,São Paulo
Mad Professor,2023-12-08,2023,Centro Cultural Tendal da Lapa,São Paulo,São Paulo
Nidia Góngora,2023-12-08,2023,Centro Cultural Tendal da Lapa,São Paulo,São Paulo
Sidney Magal,2023-12-08,2023,SESI,Osasco,São Paulo
Tuatha de Danann,2023-12-08,2023,Manifesto Bar,São Paulo,São Paulo
Wesley Safadão,2023-12-09,2023,Distrito Anhembi,São Paulo,São Paulo
Coralinne,2023-12-09,2023,Nimbus Studio,São Paulo,São Paulo
Simone,2023-12-09,2023,Sala São Paulo,São Paulo,São Paulo
Kumbia Queers,2023-12-09,2023,Casa de Cultura do Butantã,São Paulo,São Paulo
Violator,2023-12-09,2023,City Lights Music Hall,São Paulo,São Paulo
Malvada,2023-12-09,2023,Audio,São Paulo,São Paulo
Kiko Loureiro,2023-12-09,2023,SESC Avenida Paulista,São Paulo,São Paulo
Revenge of Kiss,2023-12-09,2023,Woodstock Rock Store,São Paulo,São Paulo
Djavan,2023-12-09,2023,Vibra São Paulo,São Paulo,São Paulo
Black Pantera,2023-12-09,2023,Audio,São Paulo,São Paulo
Flageladör,2023-12-09,2023,City Lights Music Hall,São Paulo,São Paulo
Sheck Wes,2023-12-09,2023,Neo Química Arena,São Paulo,São Paulo
Tasha & Tracie,2023-12-09,2023,Neo Química Arena,São Paulo,São Paulo
Besouro Mulher,2023-12-09,2023,SESC Vila Mariana,São Paulo,São Paulo
Cuatro Pesos de Propina,2023-12-09,2023,Casa de Cultura do Butantã,São Paulo,São Paulo
Paul McCartney,2023-12-09,2023,Allianz Parque,São Paulo,São Paulo
Alceu Valença,2023-12-09,2023,Parque Villa-Lobos,São Paulo,São Paulo
Pelados,2023-12-09,2023,SESC Vila Mariana,São Paulo,São Paulo
Matanza Ritual,2023-12-09,2023,Audio,São Paulo,São Paulo
Derek,2023-12-09,2023,Neo Química Arena,São Paulo,São Paulo
Paul McCartney,2023-12-09,2023,Allianz Parque,São Paulo,São Paulo
Crypta,2023-12-09,2023,Audio,São Paulo,São Paulo
Don Toliver,2023-12-09,2023,Neo Química Arena,São Paulo,São Paulo
Raffa Moreira,2023-12-09,2023,Neo Química Arena,São Paulo,São Paulo
Maglore,2023-12-09,2023,Casa de Cultura do Butantã,São Paulo,São Paulo
"Ryu, the Runner",2023-12-09,2023,Neo Química Arena,São Paulo,São Paulo
Major RD,2023-12-09,2023,Neo Química Arena,São Paulo,São Paulo
Chris Holmes,2023-12-09,2023,Allianz Parque,São Paulo,São Paulo
Teto,2023-12-10,2023,Neo Química Arena,São Paulo,São Paulo
Matuê,2023-12-10,2023,Neo Química Arena,São Paulo,São Paulo
Bazuros,2023-12-10,2023,Casa de Cultura do Butantã,São Paulo,São Paulo
Vanessa da Mata,2023-12-10,2023,Parque Villa-Lobos,São Paulo,São Paulo
Valesca Popozuda,2023-12-10,2023,Parque Villa-Lobos,São Paulo,São Paulo
Siegrid Ingrid,2023-12-10,2023,Manifesto Skate Park,São Paulo,São Paulo
Roddy Ricch,2023-12-10,2023,Neo Química Arena,São Paulo,São Paulo
Rockfun Legends,2023-12-10,2023,Manifesto Skate Park,São Paulo,São Paulo
Thisquietarmy,2023-12-10,2023,Dissenso Lounge,São Paulo,São Paulo
Liniker,2023-12-10,2023,Parque Villa-Lobos,São Paulo,São Paulo
Lil Durk,2023-12-10,2023,Neo Química Arena,São Paulo,São Paulo
Paul McCartney,2023-12-10,2023,Allianz Parque,São Paulo,São Paulo
Joyce Alane,2023-12-10,2023,Parque Villa-Lobos,São Paulo,São Paulo
Finis Hominis,2023-12-10,2023,Fffront,São Paulo,São Paulo
Children of the Beast,2023-12-10,2023,Budegaalokka,São Paulo,São Paulo
Paul McCartney,2023-12-10,2023,Allianz Parque,São Paulo,São Paulo
Veigh,2023-12-10,2023,CENA 2K23,São Paulo,São Paulo
Pato Fu,2023-12-10,2023,Teatro Flávio Império,São Paulo,São Paulo
Brisa Flow,2023-12-10,2023,Casa de Cultura do Butantã,São Paulo,São Paulo
Mahmundi,2023-12-10,2023,Bienal do Ibirapuera,São Paulo,São Paulo
Uriah Heep,2023-12-10,2023,Tokio Marine Hall,São Paulo,São Paulo
Oitão,2023-12-10,2023,Manifesto Skate Park,São Paulo,São Paulo
Jé Santiago,2023-12-10,2023,Neo Química Arena,São Paulo,São Paulo
Rudies Flacko,2023-12-10,2023,Neo Química Arena,São Paulo,São Paulo
Yunk Vino,2023-12-10,2023,Neo Química Arena,São Paulo,São Paulo
Chris Holmes,2023-12-10,2023,Allianz Parque,São Paulo,São Paulo
Cemitério,2023-12-10,2023,Fffront,São Paulo,São Paulo
Marquinhos Moura,2023-12-11,2023,Altas Horas,São Paulo,São Paulo
Lucas Inutilismo,2023-12-11,2023,Audio,São Paulo,São Paulo
Luísa Sonza,2023-12-11,2023,Altas Horas,São Paulo,São Paulo
Vanessa Jackson,2023-12-11,2023,Altas Horas,São Paulo,São Paulo
Wanessa Camargo,2023-12-11,2023,Altas Horas,São Paulo,São Paulo
Samuel Rosa,2023-12-11,2023,Altas Horas,São Paulo,São Paulo
Regis Danese,2023-12-11,2023,Altas Horas,São Paulo,São Paulo
Vanessa da Mata,2023-12-11,2023,Altas Horas,São Paulo,São Paulo
Moacyr Franco,2023-12-11,2023,Altas Horas,São Paulo,São Paulo
José Augusto,2023-12-12,2023,Altas Horas,São Paulo,São Paulo
Fábio Jr.,2023-12-12,2023,Altas Horas,São Paulo,São Paulo
Luísa Sonza,2023-12-12,2023,Ginásio do Ibirapuera,São Paulo,São Paulo
Jards Macalé,2023-12-13,2023,Casa de Francisca,São Paulo,São Paulo
Marisa Monte,2023-12-13,2023,Pinacoteca de São Paulo,São Paulo,São Paulo
You Me at Six,2023-12-13,2023,Cine Joia,São Paulo,São Paulo
Ego Kill Talent,2023-12-13,2023,City Lights Music Hall,São Paulo,São Paulo
Dead Fish,2023-12-13,2023,Cine Joia,São Paulo,São Paulo
Krisiun,2023-12-14,2023,Casa de Cultura da Brasilândia,São Paulo,São Paulo
Oitão,2023-12-14,2023,Casa de Cultura da Brasilândia,São Paulo,São Paulo
Ratos de Porão,2023-12-14,2023,SESC Santana,São Paulo,São Paulo
Rachel Reis,2023-12-14,2023,Teatro Municipal Glória Giglio,Osasco,São Paulo
Luísa Sonza,2023-12-14,2023,Teatro Sérgio Cardoso,São Paulo,São Paulo
Tim Bernardes,2023-12-15,2023,Theatro Municipal de São Paulo,São Paulo,São Paulo
Krisiun,2023-12-15,2023,Casa de Cultura Chico Science,São Paulo,São Paulo
Day Limns,2023-12-15,2023,Allianz Parque,São Paulo,São Paulo
Supercombo,2023-12-15,2023,Allianz Parque,São Paulo,São Paulo
Retrato,2023-12-15,2023,Associação Cultural Cecília,São Paulo,São Paulo
Zeca Pagodinho,2023-12-15,2023,Vibra São Paulo,São Paulo,São Paulo
MARO,2023-12-15,2023,Bona Casa de Música,São Paulo,São Paulo
Gloria,2023-12-15,2023,Allianz Parque,São Paulo,São Paulo
NX Zero,2023-12-15,2023,Allianz Parque,São Paulo,São Paulo
You Me at Six,2023-12-15,2023,Allianz Parque,São Paulo,São Paulo
Boogarins,2023-12-15,2023,Casa Rockambole,São Paulo,São Paulo
Oitão,2023-12-15,2023,Casa de Cultura Chico Science,São Paulo,São Paulo
Tim Bernardes,2023-12-15,2023,Theatro Municipal de São Paulo,São Paulo,São Paulo
Fafá de Belém,2023-12-16,2023,Teatro Bradesco,São Paulo,São Paulo
You Me at Six,2023-12-16,2023,Allianz Parque,São Paulo,São Paulo
Supercombo,2023-12-16,2023,Allianz Parque,São Paulo,São Paulo
Ouse Morrer,2023-12-16,2023,Rock Together Studio,São Paulo,São Paulo
Tim Bernardes,2023-12-16,2023,Theatro Municipal de São Paulo,São Paulo,São Paulo
Siegrid Ingrid,2023-12-16,2023,Praça Heróis Da Força Expedicionária Brasileira,São Paulo,São Paulo
NX Zero,2023-12-16,2023,Allianz Parque,São Paulo,São Paulo
No Fun at All,2023-12-16,2023,VIP Station,São Paulo,São Paulo
You Me at Six,2023-12-16,2023,Allianz Parque,São Paulo,São Paulo
Statues On Fire,2023-12-16,2023,VIP Station,São Paulo,São Paulo
Tim Bernardes,2023-12-16,2023,Theatro Municipal de São Paulo,São Paulo,São Paulo
Made in Brazil,2023-12-16,2023,Praça Heróis Da Força Expedicionária Brasileira,São Paulo,São Paulo
Oitão,2023-12-16,2023,Praça Heróis Da Força Expedicionária Brasileira,São Paulo,São Paulo
Rogério Skylab,2023-12-16,2023,Carioca Club,São Paulo,São Paulo
Crypta,2023-12-16,2023,City Lights Music Hall,São Paulo,São Paulo
Boogarins,2023-12-16,2023,Casa Rockambole,São Paulo,São Paulo
Ignite,2023-12-16,2023,VIP Station,São Paulo,São Paulo
Lupe de Lupe,2023-12-16,2023,Bar Alto,São Paulo,São Paulo
Letrux,2023-12-16,2023,Casa Natura Musical,São Paulo,São Paulo
Day Limns,2023-12-16,2023,Allianz Parque,São Paulo,São Paulo
Gloria,2023-12-16,2023,Allianz Parque,São Paulo,São Paulo
Carol Biazin,2023-12-17,2023,Audio,São Paulo,São Paulo
Menores Atos,2023-12-17,2023,City Lights Music Hall,São Paulo,São Paulo
The Beast Experience,2023-12-17,2023,Anjos Studio,Osasco,São Paulo
Amigos,2023-12-17,2023,Allianz Parque,São Paulo,São Paulo
MARO,2023-12-17,2023,Bona Casa de Música,São Paulo,São Paulo
Adriana Calcanhotto,2023-12-17,2023,SESC Pinheiros,São Paulo,São Paulo
Children of the Beast,2023-12-17,2023,ZN Highway,São Paulo,São Paulo
Jão,2023-12-18,2023,Sala São Paulo,São Paulo,São Paulo
OUTROEU,2023-12-18,2023,União Fraterna,São Paulo,São Paulo
Luiza Lian,2023-12-18,2023,União Fraterna,São Paulo,São Paulo
Pedro Altério,2023-12-18,2023,União Fraterna,São Paulo,São Paulo
Diogo Nogueira,2023-12-19,2023,Altas Horas,São Paulo,São Paulo
Gloria Groove,2023-12-19,2023,Altas Horas,São Paulo,São Paulo
Zélia Duncan,2023-12-20,2023,Teatro Arthur Azevedo,São Paulo,São Paulo
Zeca Veloso,2023-12-20,2023,Bona Casa de Música,São Paulo,São Paulo
Pedro Martins,2023-12-20,2023,Blue Note São Paulo,São Paulo,São Paulo
Titãs,2023-12-21,2023,Allianz Parque,São Paulo,São Paulo
Garotas Suecas,2023-12-21,2023,Allianz Parque,São Paulo,São Paulo
Foojammers,2023-12-21,2023,Skull Skate Park,São Paulo,São Paulo
Maurício Manieri,2023-12-22,2023,Espaço Unimed,São Paulo,São Paulo
Vespas Mandarinas,2023-12-22,2023,La Iglesia Borratxeria,São Paulo,São Paulo
Dead Fish,2023-12-22,2023,Hangar 110,São Paulo,São Paulo
Sioux 66,2023-12-22,2023,Allianz Parque,São Paulo,São Paulo
Colomy,2023-12-22,2023,Allianz Parque,São Paulo,São Paulo
Titãs,2023-12-22,2023,Allianz Parque,São Paulo,São Paulo
Applegate,2023-12-23,2023,A Porta Maldita,São Paulo,São Paulo
Dead Fish,2023-12-23,2023,Hangar 110,São Paulo,São Paulo
Titãs,2023-12-23,2023,Allianz Parque,São Paulo,São Paulo
Espacialrias,2023-12-23,2023,A Porta Maldita,São Paulo,São Paulo
Sioux 66,2023-12-23,2023,Allianz Parque,São Paulo,São Paulo
Colomy,2023-12-23,2023,Allianz Parque,São Paulo,São Paulo
Chitãozinho & Xororó,2023-12-31,2023,Avenida Paulista,São Paulo,São Paulo
Zezé Di Camargo,2023-12-31,2023,Avenida Paulista,São Paulo,São Paulo
Pato Fu,2024-01-05,2024,SESC Pinheiros,São Paulo,São Paulo
Crazy Legs,2024-01-05,2024,SESC Ipiranga,São Paulo,São Paulo
Made in Brazil,2024-01-05,2024,SESC Belenzinho,São Paulo,São Paulo
Mahmundi,2024-01-06,2024,Teatro SESC 24 de Maio,São Paulo,São Paulo
Pato Fu,2024-01-06,2024,SESC Pinheiros,São Paulo,São Paulo
Kleiton & Kledir,2024-01-06,2024,Blue Note São Paulo,São Paulo,São Paulo
Mc Maha,2024-01-07,2024,Carioca Club,São Paulo,São Paulo
Grupo Fundo de Quintal,2024-01-07,2024,SESC Vila Mariana,São Paulo,São Paulo
88não!,2024-01-07,2024,Depois do Fim do Mundo Estúdio,São Paulo,São Paulo
Arrigo Barnabé,2024-01-07,2024,SESC Pompéia,São Paulo,São Paulo
Não Há Mais Volta,2024-01-07,2024,Depois do Fim do Mundo Estúdio,São Paulo,São Paulo
Pato Fu,2024-01-07,2024,SESC Pinheiros,São Paulo,São Paulo
Ana Castela,2024-01-08,2024,Allianz Parque Hall,São Paulo,São Paulo
Tom Zé,2024-01-11,2024,Casa de Francisca,São Paulo,São Paulo
Orquestra Vermelha,2024-01-12,2024,SESC Vila Mariana,São Paulo,São Paulo
Ratos de Porão,2024-01-12,2024,SESC Pompéia,São Paulo,São Paulo
Digitalism,2024-01-12,2024,CENTRAL,São Paulo,São Paulo
Antônio Neves,2024-01-12,2024,Teatro SESC Pompéia,São Paulo,São Paulo
Lexa,2024-01-12,2024,Audio,São Paulo,São Paulo
Ratos de Porão,2024-01-13,2024,SESC Pompéia,São Paulo,São Paulo
FireWing,2024-01-14,2024,Audio,São Paulo,São Paulo
Luis Mariutti,2024-01-14,2024,Audio,São Paulo,São Paulo
Auro Control,2024-01-14,2024,Audio,São Paulo,São Paulo
Vocifer,2024-01-14,2024,Audio,São Paulo,São Paulo
Luis Mariutti,2024-01-14,2024,Audio,São Paulo,São Paulo
VELMAS,2024-01-14,2024,Avenida Paulista,São Paulo,São Paulo
Yussef Dayes,2024-01-16,2024,Blue Note São Paulo,São Paulo,São Paulo
Yussef Dayes,2024-01-16,2024,Blue Note São Paulo,São Paulo,São Paulo
Nick Carter,2024-01-17,2024,Audio,São Paulo,São Paulo
Yussef Dayes,2024-01-17,2024,Blue Note São Paulo,São Paulo,São Paulo
Yussef Dayes,2024-01-17,2024,Blue Note São Paulo,São Paulo,São Paulo
Bidê ou Balde,2024-01-18,2024,Cine Joia,São Paulo,São Paulo
Boom Boom Kid,2024-01-18,2024,SESC Avenida Paulista,São Paulo,São Paulo
Angela Ro Ro,2024-01-18,2024,Sesc 14 Bis,São Paulo,São Paulo
Allen Key,2024-01-19,2024,Carioca Club,São Paulo,São Paulo
Carro Bomba,2024-01-19,2024,Café Piu Piu,São Paulo,São Paulo
Far from Alaska,2024-01-19,2024,SESC Pompéia,São Paulo,São Paulo
Apocalyptica,2024-01-19,2024,Carioca Club,São Paulo,São Paulo
Pabllo Vittar,2024-01-19,2024,Vibra São Paulo,São Paulo,São Paulo
Sinistra,2024-01-19,2024,Café Piu Piu,São Paulo,São Paulo
Crypta,2024-01-19,2024,SESC Bom Retiro,São Paulo,São Paulo
The Beast Experience,2024-01-20,2024,Manifesto Bar,São Paulo,São Paulo
Black Pantera,2024-01-20,2024,SESC Santo Amaro,São Paulo,São Paulo
Foojammers,2024-01-20,2024,Cardeal Pub,São Paulo,São Paulo
Nameless Gods,2024-01-20,2024,Centro Cultural da Juventude Ruth Cardoso,São Paulo,São Paulo
Selvageria,2024-01-20,2024,Hellraiser Rock Bar,São Paulo,São Paulo
Jão,2024-01-20,2024,Allianz Parque,São Paulo,São Paulo
Maglore,2024-01-20,2024,SESC Bom Retiro,São Paulo,São Paulo
As Mercenárias,2024-01-20,2024,PORTA,São Paulo,São Paulo
BURNOUT SYNDROMES,2024-01-20,2024,Espaço Hakka,São Paulo,São Paulo
Coralinne,2024-01-21,2024,Avenida Paulista,São Paulo,São Paulo
Janaína Bianchi,2024-01-21,2024,Espaço Hakka,São Paulo,São Paulo
Supercombo,2024-01-21,2024,Casa Rockambole,São Paulo,São Paulo
Maglore,2024-01-21,2024,SESC Bom Retiro,São Paulo,São Paulo
Granada,2024-01-21,2024,Hangar 110,São Paulo,São Paulo
Jão,2024-01-21,2024,Allianz Parque,São Paulo,São Paulo
Supercombo,2024-01-21,2024,Casa Rockambole,São Paulo,São Paulo
Asfixia Social,2024-01-21,2024,Festival Sabotage Vive,São Paulo,São Paulo
BURNOUT SYNDROMES,2024-01-21,2024,Espaço Hakka,São Paulo,São Paulo
Eskröta,2024-01-21,2024,Festival Sabotage Vive,São Paulo,São Paulo
Larissa Tassi,2024-01-21,2024,Espaço Hakka,São Paulo,São Paulo
Ricardo Cruz,2024-01-21,2024,Espaço Hakka,São Paulo,São Paulo
Black Pantera,2024-01-21,2024,Festival Sabotage Vive,São Paulo,São Paulo
Mateus Fazeno Rock,2024-01-22,2024,SESC Carmo,São Paulo,São Paulo
Gard Nilssen’s Supersonic Orchestra,2024-01-23,2024,SESC Belenzinho,São Paulo,São Paulo
Mette Rasmussen,2024-01-23,2024,SESC Belenzinho,São Paulo,São Paulo
MEE,2024-01-24,2024,Lau Estúdio,Osasco,São Paulo
Flageladör,2024-01-24,2024,The Metal Bar,São Paulo,São Paulo
Ingebrigt Håker Flaten,2024-01-24,2024,SESC Belenzinho,São Paulo,São Paulo
Children of the Beast,2024-01-24,2024,Café Piu Piu,São Paulo,São Paulo
Os Paralamas do Sucesso,2024-01-24,2024,Clube Atlético Juventus,São Paulo,São Paulo
Gard Nilssen’s Supersonic Orchestra,2024-01-24,2024,SESC Belenzinho,São Paulo,São Paulo
Feminine HiFi,2024-01-24,2024,Audio,São Paulo,São Paulo
BRAZA,2024-01-24,2024,Audio,São Paulo,São Paulo
Test,2024-01-24,2024,Lau Estúdio,Osasco,São Paulo
MC Tha,2024-01-25,2024,Centro de Formação Cultural Cidade Tiradentes,São Paulo,São Paulo
Catto,2024-01-25,2024,SESC Pinheiros,São Paulo,São Paulo
Dead Fish,2024-01-25,2024,Centro Cultural Tendal da Lapa,São Paulo,São Paulo
Anitta,2024-01-25,2024,Memorial da América Latina,São Paulo,São Paulo
WIU,2024-01-25,2024,Memorial da América Latina,São Paulo,São Paulo
Manu,2024-01-25,2024,Memorial da América Latina,São Paulo,São Paulo
Teto,2024-01-25,2024,Memorial da América Latina,São Paulo,São Paulo
Crypta,2024-01-25,2024,Casa de Cultura do Butantã,São Paulo,São Paulo
Thiago Pantaleão,2024-01-25,2024,Sonora Garden,São Paulo,São Paulo
Claudia Leitte,2024-01-25,2024,Memorial da América Latina,São Paulo,São Paulo
Foojammers,2024-01-25,2024,Skull Skate Park,São Paulo,São Paulo
Urias,2024-01-25,2024,Sonora Garden,São Paulo,São Paulo
Luísa Sonza,2024-01-25,2024,Memorial da América Latina,São Paulo,São Paulo
lōtico,2024-01-25,2024,City Lights Music Hall,São Paulo,São Paulo
Baby do Brasil,2024-01-25,2024,Avenida São João,São Paulo,São Paulo
POCAH,2024-01-25,2024,Sonora Garden,São Paulo,São Paulo
The Varukers,2024-01-26,2024,SESC Belenzinho,São Paulo,São Paulo
Marcão Britto & Thiago Castanho Charlie Brown Jr.,2024-01-26,2024,Clube Atlético Juventus,São Paulo,São Paulo
Baco Exu do Blues,2024-01-26,2024,Espaço Unimed,São Paulo,São Paulo
Asfixia Social,2024-01-26,2024,SESC Belenzinho,São Paulo,São Paulo
Dead Fish,2024-01-26,2024,Centro Cultural Tendal da Lapa,São Paulo,São Paulo
Gustthavo,2024-01-26,2024,Casa De Show Específica,São Paulo,São Paulo
Trio Mocotó,2024-01-26,2024,SESC Pompéia,São Paulo,São Paulo
Fatboy Slim,2024-01-26,2024,Praça Pedro Lessa,São Paulo,São Paulo
Marcelo Falcão,2024-01-26,2024,Clube Atlético Juventus,São Paulo,São Paulo
Dexter,2024-01-27,2024,Vale do Anhangabaú,São Paulo,São Paulo
Rappin’ Hood,2024-01-27,2024,Vale do Anhangabaú,São Paulo,São Paulo
Monobloco,2024-01-27,2024,Allianz Parque,São Paulo,São Paulo
Thaíde,2024-01-27,2024,Vale do Anhangabaú,São Paulo,São Paulo
Underoath,2024-01-27,2024,VIP Station,São Paulo,São Paulo
Gloria,2024-01-27,2024,VIP Station,São Paulo,São Paulo
Tasha & Tracie,2024-01-27,2024,Vale do Anhangabaú,São Paulo,São Paulo
Di Função,2024-01-27,2024,Vale do Anhangabaú,São Paulo,São Paulo
Doce Encontro,2024-01-27,2024,Vale do Anhangabaú,São Paulo,São Paulo
Racionais MC’s,2024-01-27,2024,Vale do Anhangabaú,São Paulo,São Paulo
Jup do Bairro,2024-01-27,2024,Centro Cultural da Diversidade,São Paulo,São Paulo
Trio Mocotó,2024-01-27,2024,SESC Pompéia,São Paulo,São Paulo
Banda Eva,2024-01-27,2024,Allianz Parque,São Paulo,São Paulo
Daniela Mercury,2024-01-27,2024,Allianz Parque,São Paulo,São Paulo
Maiara & Maraisa,2024-01-27,2024,Allianz Parque,São Paulo,São Paulo
Autoramas,2024-01-27,2024,SESC Belenzinho,São Paulo,São Paulo
Johnny Hooker,2024-01-27,2024,Casa Natura Musical,São Paulo,São Paulo
Ms Nina,2024-01-27,2024,Cineclube Cortina,São Paulo,São Paulo
Eduardo Falaschi,2024-01-27,2024,Tokio Marine Hall,São Paulo,São Paulo
Garotos Podres,2024-01-27,2024,Centro Cultural Tendal da Lapa,São Paulo,São Paulo
Joelma,2024-01-27,2024,Allianz Parque,São Paulo,São Paulo
Gloria Groove,2024-01-27,2024,Allianz Parque,São Paulo,São Paulo
Companhia do Calypso,2024-01-27,2024,Centro de Tradições Nordestinas,São Paulo,São Paulo
Yamandu Costa,2024-01-28,2024,SESC Vila Mariana,São Paulo,São Paulo
Boca Livre,2024-01-28,2024,SESC Pinheiros,São Paulo,São Paulo
UELO,2024-01-28,2024,Cine Joia,São Paulo,São Paulo
Pabllo Vittar,2024-01-28,2024,Sonora Garden,São Paulo,São Paulo
Hibalta,2024-01-28,2024,Cine Joia,São Paulo,São Paulo
Zimbra,2024-01-28,2024,Cine Joia,São Paulo,São Paulo
António Zambujo,2024-01-28,2024,SESC Vila Mariana,São Paulo,São Paulo
Chrystian,2024-01-29,2024,Teatro Bradesco,São Paulo,São Paulo
Hurtmold,2024-01-30,2024,SESC Consolação,São Paulo,São Paulo
Velvet Chains,2024-01-31,2024,Espaço Unimed,São Paulo,São Paulo
Slash featuring Myles Kennedy and the Conspirators,2024-01-31,2024,Espaço Unimed,São Paulo,São Paulo
Bazuros,2024-01-31,2024,Bar Alto,São Paulo,São Paulo
Manu Chao,2024-02-01,2024,Cine Joia,São Paulo,São Paulo
Buchecha,2024-02-02,2024,SESC Pompéia,São Paulo,São Paulo
Beto Guedes,2024-02-03,2024,Tokio Marine Hall,São Paulo,São Paulo
Lô Borges,2024-02-03,2024,Tokio Marine Hall,São Paulo,São Paulo
lōtico,2024-02-03,2024,Fffront,São Paulo,São Paulo
Foojammers,2024-02-03,2024,festa Target Sistemas,São Paulo,São Paulo
Children of the Beast,2024-02-03,2024,ZN Highway,São Paulo,São Paulo
ballburya,2024-02-03,2024,A Porta Maldita,São Paulo,São Paulo
Zumbis do Espaço,2024-02-03,2024,La Iglesia Borratxeria,São Paulo,São Paulo
Manu Chao,2024-02-03,2024,Cine Joia,São Paulo,São Paulo
Flávio Venturini,2024-02-03,2024,Tokio Marine Hall,São Paulo,São Paulo
Lulu Santos,2024-02-03,2024,Clube Atlético Juventus,São Paulo,São Paulo
Hevo 84,2024-02-03,2024,Jai Club,São Paulo,São Paulo
Boogarins,2024-02-03,2024,SESC Vila Mariana,São Paulo,São Paulo
Halleck,2024-02-03,2024,Depois do Fim do Mundo Estúdio,São Paulo,São Paulo
Rodrigo Ogi,2024-02-03,2024,SESC Santana,São Paulo,São Paulo
Roland Grapow,2024-02-03,2024,SESC Belenzinho,São Paulo,São Paulo
Anitta,2024-02-04,2024,Memorial da América Latina,São Paulo,São Paulo
Veigh,2024-02-04,2024,Memorial da América Latina,São Paulo,São Paulo
João Gomes,2024-02-04,2024,Memorial da América Latina,São Paulo,São Paulo
Karnak,2024-02-04,2024,Teatro SESC 24 de Maio,São Paulo,São Paulo
Xand Avião,2024-02-04,2024,Memorial da América Latina,São Paulo,São Paulo
DENNIS,2024-02-04,2024,Memorial da América Latina,São Paulo,São Paulo
Boogarins,2024-02-04,2024,SESC Vila Mariana,São Paulo,São Paulo
Manu Chao,2024-02-06,2024,Cine Joia,São Paulo,São Paulo
TWICE,2024-02-06,2024,Allianz Parque,São Paulo,São Paulo
GIRLSET,2024-02-06,2024,Allianz Parque,São Paulo,São Paulo
GIRLSET,2024-02-07,2024,Allianz Parque,São Paulo,São Paulo
TWICE,2024-02-07,2024,Allianz Parque,São Paulo,São Paulo
Juliana Perdigão,2024-02-08,2024,SESC Pinheiros,São Paulo,São Paulo
Ana Frango Elétrico,2024-02-09,2024,SESC Ipiranga,São Paulo,São Paulo
Funk Como Le Gusta,2024-02-09,2024,Centro Cultural São Paulo,São Paulo,São Paulo
Patife Band,2024-02-09,2024,SESC Belenzinho,São Paulo,São Paulo
Roots – Sepultura Tributo,2024-02-09,2024,A Casa do Rock,São Paulo,São Paulo
Rogério Skylab,2024-02-09,2024,Carioca Club,São Paulo,São Paulo
Roots – Sepultura Tributo,2024-02-10,2024,Motoclube Rebelião do Bando,São Paulo,São Paulo
Gloria Groove,2024-02-10,2024,Parque do Ibirapuera,São Paulo,São Paulo
OMEGA X,2024-02-10,2024,VIP Station,São Paulo,São Paulo
Banda Uó,2024-02-10,2024,Parque do Ibirapuera,São Paulo,São Paulo
Gretchen,2024-02-10,2024,Parque do Ibirapuera,São Paulo,São Paulo
Exxocet,2024-02-10,2024,Malta Rock Bar,São Paulo,São Paulo
Ana Frango Elétrico,2024-02-10,2024,SESC Ipiranga,São Paulo,São Paulo
Lia Clark,2024-02-10,2024,Praça da República,São Paulo,São Paulo
Skin Culture,2024-02-10,2024,Crash Church Underground Ministry,São Paulo,São Paulo
TRAITRS,2024-02-10,2024,Madame Club,São Paulo,São Paulo
Plastique Noir,2024-02-10,2024,Madame Club,São Paulo,São Paulo
Potochkine,2024-02-10,2024,Madame Club,São Paulo,São Paulo
Urias,2024-02-11,2024,Parque do Ibirapuera,São Paulo,São Paulo
Lia Clark,2024-02-11,2024,Parque do Ibirapuera,São Paulo,São Paulo
Exhorder,2024-02-11,2024,Carioca Club,São Paulo,São Paulo
Santa Muerte,2024-02-11,2024,Carioca Club,São Paulo,São Paulo
Pabllo Vittar,2024-02-11,2024,Parque do Ibirapuera,São Paulo,São Paulo
IZA,2024-02-11,2024,Rua Laguna,São Paulo,São Paulo
Cerberus Attack,2024-02-11,2024,Carioca Club,São Paulo,São Paulo
LUDMILLA,2024-02-11,2024,Centro Esportivo e de Lazer Tietê,São Paulo,São Paulo
Ratos de Porão,2024-02-11,2024,Carioca Club,São Paulo,São Paulo
Escalpo,2024-02-11,2024,Carioca Club,São Paulo,São Paulo
Damn Youth,2024-02-11,2024,Carioca Club,São Paulo,São Paulo
Vio‐lence,2024-02-11,2024,Carioca Club,São Paulo,São Paulo
Bazuros,2024-02-12,2024,Associação Cultural Cecília,São Paulo,São Paulo
Anitta,2024-02-12,2024,Centro Esportivo e de Lazer Tietê,São Paulo,São Paulo
Banda Eva,2024-02-12,2024,Centro Esportivo e de Lazer Tietê,São Paulo,São Paulo
PEDRO SAMPAIO,2024-02-12,2024,Centro Esportivo e de Lazer Tietê,São Paulo,São Paulo
POCAH,2024-02-13,2024,Avenida Marquês de São Vicente,São Paulo,São Paulo
Vivi,2024-02-13,2024,Avenida Marquês de São Vicente,São Paulo,São Paulo
POCAH,2024-02-13,2024,Audio,São Paulo,São Paulo
Bibi Babydoll,2024-02-13,2024,Avenida Marquês de São Vicente,São Paulo,São Paulo
Mc Mari,2024-02-13,2024,Avenida Marquês de São Vicente,São Paulo,São Paulo
MC Soffia,2024-02-13,2024,Avenida Marquês de São Vicente,São Paulo,São Paulo
Angvstia,2024-02-14,2024,Fffront,São Paulo,São Paulo
Não Há Mais Volta,2024-02-14,2024,Fffront,São Paulo,São Paulo
Public Serpents,2024-02-14,2024,Fffront,São Paulo,São Paulo
Tom Zé,2024-02-15,2024,Casa de Francisca,São Paulo,São Paulo
Exxocet,2024-02-15,2024,Manifesto Bar,São Paulo,São Paulo
Ratos de Porão,2024-02-15,2024,La Iglesia Borratxeria,São Paulo,São Paulo
Mustang 73,2024-02-15,2024,St Paul's Pub,São Paulo,São Paulo
BIKE,2024-02-16,2024,SESC Belenzinho,São Paulo,São Paulo
Molho Negro,2024-02-16,2024,Casa Rockambole,São Paulo,São Paulo
Azymuth,2024-02-16,2024,Blue Note São Paulo,São Paulo,São Paulo
FBC,2024-02-16,2024,Casa Natura Musical,São Paulo,São Paulo
Tropical Nada,2024-02-16,2024,Casa Rockambole,São Paulo,São Paulo
Dead Fish,2024-02-16,2024,SESC Belenzinho,São Paulo,São Paulo
Manger Cadavre?,2024-02-17,2024,Fffront,São Paulo,São Paulo
Innabrain,2024-02-17,2024,Espaço Fim da Rua,São Paulo,São Paulo
InRaza,2024-02-17,2024,Jai Club,São Paulo,São Paulo
BaianaSystem,2024-02-17,2024,Parque do Ibirapuera,São Paulo,São Paulo
Mato Seco,2024-02-17,2024,Autódromo de Interlagos,São Paulo,São Paulo
Sangue de Bode,2024-02-17,2024,Fffront,São Paulo,São Paulo
Eutenia,2024-02-17,2024,Jai Club,São Paulo,São Paulo
Dead Fish,2024-02-17,2024,SESC Belenzinho,São Paulo,São Paulo
Fausto Fawcett,2024-02-17,2024,SESC Avenida Paulista,São Paulo,São Paulo
Urias,2024-02-17,2024,Bloco da Batekoo,São Paulo,São Paulo
Emphuria,2024-02-17,2024,Jai Club,São Paulo,São Paulo
IC3PEAK,2024-02-18,2024,Fabrique Club,São Paulo,São Paulo
Bloco do Sargento Pimenta,2024-02-18,2024,Praça da República,São Paulo,São Paulo
The Ghost Inside,2024-02-18,2024,VIP Station,São Paulo,São Paulo
Daniela Mercury,2024-02-18,2024,Rua da Consolação,São Paulo,São Paulo
PEDRO SAMPAIO,2024-02-18,2024,Parque do Ibirapuera,São Paulo,São Paulo
Mustang 73,2024-02-18,2024,A Sétima Taberna,São Paulo,São Paulo
Marcela Lucatelli,2024-02-19,2024,Garagem Beleza,São Paulo,São Paulo
Men at Work,2024-02-21,2024,Vibra São Paulo,São Paulo,São Paulo
Motorama,2024-02-22,2024,Fabrique Club,São Paulo,São Paulo
Coralinne,2024-02-22,2024,St Paul's Pub,São Paulo,São Paulo
Bufo Borealis,2024-02-22,2024,Biblioteca Municipal Mário de Andrade,São Paulo,São Paulo
Lúcio Maia,2024-02-22,2024,Picles Cardeal,São Paulo,São Paulo
Tati Quebra Barraco,2024-02-22,2024,Centro Cultural São Paulo,São Paulo,São Paulo
Alzira E + Corte,2024-02-22,2024,SESC Pompéia,São Paulo,São Paulo
Angela Ro Ro,2024-02-22,2024,Sesc 14 Bis,São Paulo,São Paulo
Julio Secchin,2024-02-23,2024,Casa Natura Musical,São Paulo,São Paulo
Josyara,2024-02-23,2024,SESC Avenida Paulista,São Paulo,São Paulo
Alzira E + Corte,2024-02-23,2024,SESC Pompéia,São Paulo,São Paulo
Comeback Kid,2024-02-24,2024,Hangar 110,São Paulo,São Paulo
Cemitério,2024-02-24,2024,Centro Cultural da Juventude Ruth Cardoso,São Paulo,São Paulo
Bala Desejo,2024-02-24,2024,Audio,São Paulo,São Paulo
Ratas Rabiosas,2024-02-24,2024,Centro Cultural da Juventude Ruth Cardoso,São Paulo,São Paulo
D.F.C.,2024-02-24,2024,Centro Cultural da Juventude Ruth Cardoso,São Paulo,São Paulo
Anyma,2024-02-24,2024,Autódromo de Interlagos,São Paulo,São Paulo
Children of the Beast,2024-02-24,2024,Lata Velha Rock Bar,Osasco,São Paulo
lōtico,2024-02-24,2024,Estúdio Páprica,São Paulo,São Paulo
Dean Z,2024-02-24,2024,Tokio Marine Hall,São Paulo,São Paulo
Cátia de França,2024-02-24,2024,SESC Bom Retiro,São Paulo,São Paulo
Danilo Cutrim,2024-02-25,2024,Bona Casa de Música,São Paulo,São Paulo
The Mönic,2024-02-25,2024,Tarantino Cervejaria,São Paulo,São Paulo
Os Paralamas do Sucesso,2024-02-25,2024,Arena VIP,Osasco,São Paulo
Test,2024-02-25,2024,Fabrique Club,São Paulo,São Paulo
Eskröta,2024-02-25,2024,Tarantino Cervejaria,São Paulo,São Paulo
Danilo Cutrim,2024-02-25,2024,Bona Casa de Música,São Paulo,São Paulo
Black Pantera,2024-02-25,2024,Tarantino Cervejaria,São Paulo,São Paulo
DEAFKIDS,2024-02-25,2024,Fabrique Club,São Paulo,São Paulo
Hateen,2024-02-25,2024,Tarantino Cervejaria,São Paulo,São Paulo
Paura,2024-02-25,2024,Tarantino Cervejaria,São Paulo,São Paulo
Lightning Bolt,2024-02-25,2024,Fabrique Club,São Paulo,São Paulo
Punho de Mahin,2024-02-25,2024,Tarantino Cervejaria,São Paulo,São Paulo
Zeca Baleiro,2024-02-25,2024,SESC Itaquera,São Paulo,São Paulo
Jup do Bairro + Mu540,2024-02-27,2024,Centro Cultural São Paulo,São Paulo,São Paulo
Fat Family,2024-02-28,2024,Centro Cultural São Paulo,São Paulo,São Paulo
Rotting Christ,2024-02-29,2024,Carioca Club,São Paulo,São Paulo
Di Melo,2024-02-29,2024,Mundo Pensante,São Paulo,São Paulo
Ava Rocha,2024-02-29,2024,SESC Pompéia,São Paulo,São Paulo
Patife Band,2024-02-29,2024,Picles Cardeal,São Paulo,São Paulo
Odradek,2024-02-29,2024,Picles Cardeal,São Paulo,São Paulo
Zé Ramalho,2024-03-01,2024,Espaço Unimed,São Paulo,São Paulo
Lamparina,2024-03-01,2024,Audio,São Paulo,São Paulo
Clarice Falcão,2024-03-01,2024,Casa Natura Musical,São Paulo,São Paulo
Simple Plan,2024-03-01,2024,Vibra São Paulo,São Paulo,São Paulo
Fin del Mundo,2024-03-01,2024,SESC Avenida Paulista,São Paulo,São Paulo
Catto,2024-03-01,2024,Bona Casa de Música,São Paulo,São Paulo
Juçara Marçal,2024-03-01,2024,SESC Vila Mariana,São Paulo,São Paulo
NX Zero,2024-03-01,2024,Vibra São Paulo,São Paulo,São Paulo
The Used,2024-03-02,2024,Allianz Parque,São Paulo,São Paulo
King Krule,2024-03-02,2024,Terra SP,São Paulo,São Paulo
Guerreiros Headbangers,2024-03-02,2024,Hangar 110,São Paulo,São Paulo
Guerrinha,2024-03-02,2024,Terra SP,São Paulo,São Paulo
A Day to Remember,2024-03-02,2024,Allianz Parque,São Paulo,São Paulo
Mayday Parade,2024-03-02,2024,Allianz Parque,São Paulo,São Paulo
Simple Plan,2024-03-02,2024,Allianz Parque,São Paulo,São Paulo
Mateus Aleluia,2024-03-02,2024,Casa Natura Musical,São Paulo,São Paulo
All Time Low,2024-03-02,2024,Allianz Parque,São Paulo,São Paulo
The All‐American Rejects,2024-03-02,2024,Allianz Parque,São Paulo,São Paulo
Asking Alexandria,2024-03-02,2024,Allianz Parque,São Paulo,São Paulo
Laura Pausini,2024-03-02,2024,Espaço Unimed,São Paulo,São Paulo
Eddie,2024-03-02,2024,SESC Pompéia,São Paulo,São Paulo
NX Zero,2024-03-02,2024,Allianz Parque,São Paulo,São Paulo
Boys Like Girls,2024-03-02,2024,Allianz Parque,São Paulo,São Paulo
Plain White T’s,2024-03-02,2024,Allianz Parque,São Paulo,São Paulo
Fresno,2024-03-02,2024,Allianz Parque,São Paulo,São Paulo
Armadilha,2024-03-02,2024,Hangar 110,São Paulo,São Paulo
Selvageria,2024-03-02,2024,Hangar 110,São Paulo,São Paulo
Pitty,2024-03-02,2024,Allianz Parque,São Paulo,São Paulo
Laura Pausini,2024-03-03,2024,Espaço Unimed,São Paulo,São Paulo
Florcadaver,2024-03-05,2024,Audio,São Paulo,São Paulo
BamBam,2024-03-05,2024,Vibra São Paulo,São Paulo,São Paulo
The Biggs,2024-03-05,2024,Audio,São Paulo,São Paulo
Bikini Kill,2024-03-05,2024,Audio,São Paulo,São Paulo
Bertha Lutz,2024-03-05,2024,Audio,São Paulo,São Paulo
Guilherme Arantes,2024-03-06,2024,Teatro SESC Pompéia,São Paulo,São Paulo
Guilherme Arantes,2024-03-07,2024,Teatro SESC Pompéia,São Paulo,São Paulo
Bruno Berle,2024-03-07,2024,Bona Casa de Música,São Paulo,São Paulo
Allen Key,2024-03-08,2024,Tokio Marine Hall,São Paulo,São Paulo
Marko Hietala,2024-03-08,2024,Tokio Marine Hall,São Paulo,São Paulo
Letrux,2024-03-08,2024,SESC Belenzinho,São Paulo,São Paulo
Ego Kill Talent,2024-03-08,2024,SESC Belenzinho,São Paulo,São Paulo
Guilherme Arantes,2024-03-08,2024,Teatro SESC Pompéia,São Paulo,São Paulo
Neverland,2024-03-08,2024,Allianz Parque,São Paulo,São Paulo
Alcione,2024-03-08,2024,Espaço Unimed,São Paulo,São Paulo
Brant Bjork Trio,2024-03-08,2024,Casa Áurea,São Paulo,São Paulo
Tatá Aeroplano,2024-03-08,2024,Casa Rockambole,São Paulo,São Paulo
Joelma,2024-03-08,2024,Vibra São Paulo,São Paulo,São Paulo
Luiza Lian,2024-03-08,2024,SESC Pinheiros,São Paulo,São Paulo
Po,2024-03-08,2024,Allianz Parque,São Paulo,São Paulo
Tarja,2024-03-08,2024,Tokio Marine Hall,São Paulo,São Paulo
Tuatha de Danann,2024-03-09,2024,SESC Belenzinho,São Paulo,São Paulo
The Beast Experience,2024-03-09,2024,Manifesto Bar,São Paulo,São Paulo
Statues On Fire,2024-03-09,2024,Hangar 110,São Paulo,São Paulo
Catto,2024-03-09,2024,Sesc 14 Bis,São Paulo,São Paulo
Paula Toller,2024-03-09,2024,Vibra São Paulo,São Paulo,São Paulo
Garage Fuzz,2024-03-09,2024,Hangar 110,São Paulo,São Paulo
Arrigo Barnabé,2024-03-09,2024,Casa de Francisca,São Paulo,São Paulo
Bayside Kings,2024-03-09,2024,Hangar 110,São Paulo,São Paulo
Fin del Mundo,2024-03-09,2024,Bar Alto,São Paulo,São Paulo
Ney Matogrosso,2024-03-09,2024,Tokio Marine Hall,São Paulo,São Paulo
Maria Bethânia,2024-03-09,2024,Espaço Unimed,São Paulo,São Paulo
APNEA,2024-03-09,2024,Hangar 110,São Paulo,São Paulo
Children of the Beast,2024-03-10,2024,St. Patrick Irish Pub Tatuapé,São Paulo,São Paulo
Maria Bethânia,2024-03-10,2024,Espaço Unimed,São Paulo,São Paulo
Carne Doce,2024-03-10,2024,SESC Vila Mariana,São Paulo,São Paulo
Smoky Mary,2024-03-10,2024,Avenida Paulista,São Paulo,São Paulo
Luedji Luna,2024-03-10,2024,Clube Esperia,São Paulo,São Paulo
O Grilo,2024-03-11,2024,Teatro Mars,São Paulo,São Paulo
Marcelo Tofani,2024-03-11,2024,Teatro Mars,São Paulo,São Paulo
Bikini Kill,2024-03-14,2024,Audio,São Paulo,São Paulo
As Mercenárias,2024-03-14,2024,Audio,São Paulo,São Paulo
Weedra,2024-03-14,2024,Audio,São Paulo,São Paulo
Varanda,2024-03-14,2024,Picles Cardeal,São Paulo,São Paulo
Punho de Mahin,2024-03-14,2024,Audio,São Paulo,São Paulo
Isabella Taviani,2024-03-14,2024,Casa Natura Musical,São Paulo,São Paulo
Moreno Veloso,2024-03-15,2024,Itaú Cultural,São Paulo,São Paulo
Jota.pê,2024-03-15,2024,Casa Natura Musical,São Paulo,São Paulo
Nomade Orquestra,2024-03-15,2024,Casa de Francisca,São Paulo,São Paulo
Maglore,2024-03-15,2024,Cine Joia,São Paulo,São Paulo
Foojammers,2024-03-15,2024,Presley Pub,São Paulo,São Paulo
Vazio,2024-03-15,2024,SESC Belenzinho,São Paulo,São Paulo
Jorge Aragão,2024-03-15,2024,Vila do Samba,São Paulo,São Paulo
Luis Mariutti,2024-03-16,2024,La Iglesia Borratxeria,São Paulo,São Paulo
Giallos,2024-03-16,2024,Associação Cultural Cecília,São Paulo,São Paulo
Krisiun,2024-03-16,2024,SESC Avenida Paulista,São Paulo,São Paulo
Aliados,2024-03-16,2024,Fabrique Club,São Paulo,São Paulo
Angel Du$t,2024-03-16,2024,Jai Club,São Paulo,São Paulo
Roots – Sepultura Tributo,2024-03-16,2024,Nosso Bar,São Paulo,São Paulo
Lebanon Hanover,2024-03-16,2024,Carioca Club,São Paulo,São Paulo
Thiago Bianchi,2024-03-16,2024,La Iglesia Borratxeria,São Paulo,São Paulo
Crizin da Z.O.,2024-03-16,2024,Associação Cultural Cecília,São Paulo,São Paulo
Helio Flanders,2024-03-16,2024,SESC Belenzinho,São Paulo,São Paulo
Kaya Conky,2024-03-16,2024,VIP Station,São Paulo,São Paulo
No Warning,2024-03-16,2024,Jai Club,São Paulo,São Paulo
Amaro Freitas & Zé Manoel,2024-03-16,2024,Sesc 14 Bis,São Paulo,São Paulo
Biter,2024-03-16,2024,Hellraiser Rock Bar,São Paulo,São Paulo
Sweet Danger,2024-03-16,2024,Hellraiser Rock Bar,São Paulo,São Paulo
Pretty Boy Floyd,2024-03-17,2024,Carioca Club,São Paulo,São Paulo
Laboratori,2024-03-17,2024,Casa de Cultura Campo Limpo,São Paulo,São Paulo
Stevie Rachelle,2024-03-17,2024,Carioca Club,São Paulo,São Paulo
Goaten,2024-03-17,2024,Carioca Club,São Paulo,São Paulo
2Z,2024-03-17,2024,VIP Station,São Paulo,São Paulo
Crazy Lixx,2024-03-17,2024,Carioca Club,São Paulo,São Paulo
Anelis Assumpção,2024-03-17,2024,SESC Pinheiros,São Paulo,São Paulo
Placebo,2024-03-17,2024,Espaço Unimed,São Paulo,São Paulo
Big Special,2024-03-17,2024,Espaço Unimed,São Paulo,São Paulo
Luísa Sonza,2024-03-17,2024,Parque Burle Marx,São Paulo,São Paulo
Don L,2024-03-17,2024,Casa Natura Musical,São Paulo,São Paulo
Ultraje a rigor,2024-03-18,2024,The Noite com Danilo Gentili,Osasco,São Paulo
Bufo Borealis,2024-03-19,2024,Blue Note São Paulo,São Paulo,São Paulo
Catto,2024-03-19,2024,Centro Cultural São Paulo,São Paulo,São Paulo
FLETCHER,2024-03-20,2024,Cine Joia,São Paulo,São Paulo
FM,2024-03-20,2024,Manifesto Bar,São Paulo,São Paulo
O Inimigo,2024-03-20,2024,PORTA,São Paulo,São Paulo
Day Limns,2024-03-20,2024,Cine Joia,São Paulo,São Paulo
Kamaal Williams,2024-03-20,2024,Casa Natura Musical,São Paulo,São Paulo
THE DRIVER ERA,2024-03-21,2024,Cine Joia,São Paulo,São Paulo
RADWIMPS,2024-03-21,2024,Terra SP,São Paulo,São Paulo
terraplana,2024-03-21,2024,SESC Pompéia,São Paulo,São Paulo
Bloody Nightmare,2024-03-21,2024,Hellraiser Rock Bar,São Paulo,São Paulo
Mark Hoppus,2024-03-21,2024,Hotel Rosewood,São Paulo,São Paulo
Tuyo,2024-03-21,2024,Itaú Cultural,São Paulo,São Paulo
Zé Ibarra,2024-03-21,2024,Blue Note São Paulo,São Paulo,São Paulo
Negra Li,2024-03-21,2024,Centro Cultural São Paulo,São Paulo,São Paulo
Vingança Suprema,2024-03-21,2024,Hellraiser Rock Bar,São Paulo,São Paulo
blink‐182,2024-03-22,2024,Autódromo de Interlagos,São Paulo,São Paulo
The Blaze,2024-03-22,2024,Autódromo de Interlagos,São Paulo,São Paulo
Dom Dolla,2024-03-22,2024,Autódromo de Interlagos,São Paulo,São Paulo
Tasha & Tracie,2024-03-22,2024,SESC Pompéia,São Paulo,São Paulo
Oruã,2024-03-22,2024,Fffront,São Paulo,São Paulo
Rancore,2024-03-22,2024,Autódromo de Interlagos,São Paulo,São Paulo
Classmatic,2024-03-22,2024,Autódromo de Interlagos,São Paulo,São Paulo
FLETCHER,2024-03-22,2024,Autódromo de Interlagos,São Paulo,São Paulo
BaianaSystem,2024-03-22,2024,Autódromo de Interlagos,São Paulo,São Paulo
Tuyo,2024-03-22,2024,Itaú Cultural,São Paulo,São Paulo
Arcade Fire,2024-03-22,2024,Autódromo de Interlagos,São Paulo,São Paulo
Mila Journée,2024-03-22,2024,Autódromo de Interlagos,São Paulo,São Paulo
Jungle,2024-03-22,2024,Autódromo de Interlagos,São Paulo,São Paulo
The Offspring,2024-03-22,2024,Autódromo de Interlagos,São Paulo,São Paulo
Luísa Sonza,2024-03-22,2024,Autódromo de Interlagos,São Paulo,São Paulo
Mary Mesk,2024-03-22,2024,Autódromo de Interlagos,São Paulo,São Paulo
Lourena,2024-03-22,2024,Autódromo de Interlagos,São Paulo,São Paulo
Maneva,2024-03-22,2024,Autódromo de Interlagos,São Paulo,São Paulo
O Terno,2024-03-22,2024,Espaço Unimed,São Paulo,São Paulo
Ema Stoned,2024-03-22,2024,Associação Cultural Cecília,São Paulo,São Paulo
JUSTB,2024-03-22,2024,Studio Stage,São Paulo,São Paulo
Sophia Chablau,2024-03-22,2024,MIS - Museu da Imagem e do Som,São Paulo,São Paulo
Elba Ramalho,2024-03-22,2024,SESC Pinheiros,São Paulo,São Paulo
Children of the Beast,2024-03-22,2024,Morrison Rock Bar,São Paulo,São Paulo
Dexter,2024-03-22,2024,Autódromo de Interlagos,São Paulo,São Paulo
Herzegovina,2024-03-22,2024,Associação Cultural Cecília,São Paulo,São Paulo
KARTAS,2024-03-22,2024,Fffront,São Paulo,São Paulo
Marcelo D2,2024-03-22,2024,Autódromo de Interlagos,São Paulo,São Paulo
Diplo,2024-03-22,2024,Autódromo de Interlagos,São Paulo,São Paulo
Arcade Fire,2024-03-22,2024,Autódromo de Interlagos,São Paulo,São Paulo
Irmãs de Pau,2024-03-22,2024,VIP Station,São Paulo,São Paulo
Kings of Leon,2024-03-23,2024,Autódromo de Interlagos,São Paulo,São Paulo
Victor & Leo,2024-03-23,2024,MorumBIS,São Paulo,São Paulo
Tulipa Ruiz,2024-03-23,2024,Autódromo de Interlagos,São Paulo,São Paulo
Pierce the Veil,2024-03-23,2024,Autódromo de Interlagos,São Paulo,São Paulo
Supla,2024-03-23,2024,Autódromo de Interlagos,São Paulo,São Paulo
Stop Play Moon,2024-03-23,2024,Autódromo de Interlagos,São Paulo,São Paulo
Groove Delight,2024-03-23,2024,Autódromo de Interlagos,São Paulo,São Paulo
Espacialrias,2024-03-23,2024,A Porta Maldita,São Paulo,São Paulo
Mc Luanna,2024-03-23,2024,Autódromo de Interlagos,São Paulo,São Paulo
Death Of Caligari,2024-03-23,2024,Porão da Cerveja,São Paulo,São Paulo
Stevie Rachelle,2024-03-23,2024,Jai Club,São Paulo,São Paulo
Death to All,2024-03-23,2024,Carioca Club,São Paulo,São Paulo
Luis Miguel,2024-03-23,2024,Allianz Parque,São Paulo,São Paulo
Sandra de Sá,2024-03-23,2024,SESC Vila Mariana,São Paulo,São Paulo
Riascode,2024-03-23,2024,Autódromo de Interlagos,São Paulo,São Paulo
Timmy Trumpet,2024-03-23,2024,Autódromo de Interlagos,São Paulo,São Paulo
Titãs,2024-03-23,2024,Autódromo de Interlagos,São Paulo,São Paulo
Thirty Seconds to Mars,2024-03-23,2024,Autódromo de Interlagos,São Paulo,São Paulo
King Gizzard & the Lizard Wizard,2024-03-23,2024,Autódromo de Interlagos,São Paulo,São Paulo
Tasha & Tracie,2024-03-23,2024,SESC Pompéia,São Paulo,São Paulo
Hozier,2024-03-23,2024,Autódromo de Interlagos,São Paulo,São Paulo
Above & Beyond,2024-03-23,2024,Autódromo de Interlagos,São Paulo,São Paulo
Xamã,2024-03-23,2024,Autódromo de Interlagos,São Paulo,São Paulo
Day Limns,2024-03-23,2024,Autódromo de Interlagos,São Paulo,São Paulo
Kevin o Chris,2024-03-23,2024,Autódromo de Interlagos,São Paulo,São Paulo
Limp Bizkit,2024-03-23,2024,Autódromo de Interlagos,São Paulo,São Paulo
Gloria,2024-03-23,2024,SESC Belenzinho,São Paulo,São Paulo
Loud Luxury,2024-03-23,2024,Autódromo de Interlagos,São Paulo,São Paulo
BK,2024-03-23,2024,Autódromo de Interlagos,São Paulo,São Paulo
Jessica Brankka,2024-03-23,2024,Autódromo de Interlagos,São Paulo,São Paulo
Manu Gavassi,2024-03-23,2024,Autódromo de Interlagos,São Paulo,São Paulo
Mindflow,2024-03-23,2024,La Iglesia Borratxeria,São Paulo,São Paulo
O Terno,2024-03-23,2024,Espaço Unimed,São Paulo,São Paulo
Jessie Reyez,2024-03-23,2024,Autódromo de Interlagos,São Paulo,São Paulo
Gabe,2024-03-23,2024,Autódromo de Interlagos,São Paulo,São Paulo
Céu,2024-03-24,2024,Autódromo de Interlagos,São Paulo,São Paulo
Phoenix,2024-03-24,2024,Autódromo de Interlagos,São Paulo,São Paulo
MC Soffia,2024-03-24,2024,Autódromo de Interlagos,São Paulo,São Paulo
ZHU,2024-03-24,2024,Autódromo de Interlagos,São Paulo,São Paulo
THE DRIVER ERA,2024-03-24,2024,Autódromo de Interlagos,São Paulo,São Paulo
MEDUZA,2024-03-24,2024,Autódromo de Interlagos,São Paulo,São Paulo
J. Worra,2024-03-24,2024,Autódromo de Interlagos,São Paulo,São Paulo
As Mercenárias,2024-03-24,2024,Tarantino Cervejaria,São Paulo,São Paulo
Westlife,2024-03-24,2024,Espaço Unimed,São Paulo,São Paulo
SZA,2024-03-24,2024,Autódromo de Interlagos,São Paulo,São Paulo
MC Livinho,2024-03-24,2024,Autódromo de Interlagos,São Paulo,São Paulo
Vulgo FK,2024-03-24,2024,Autódromo de Interlagos,São Paulo,São Paulo
Sandra de Sá,2024-03-24,2024,SESC Vila Mariana,São Paulo,São Paulo
Greta Van Fleet,2024-03-24,2024,Autódromo de Interlagos,São Paulo,São Paulo
Omar Apollo,2024-03-24,2024,Autódromo de Interlagos,São Paulo,São Paulo
Rael,2024-03-24,2024,Autódromo de Interlagos,São Paulo,São Paulo
Nothing But Thieves,2024-03-24,2024,Autódromo de Interlagos,São Paulo,São Paulo
Gilberto Gil,2024-03-24,2024,Autódromo de Interlagos,São Paulo,São Paulo
Hungría,2024-03-24,2024,Autódromo de Interlagos,São Paulo,São Paulo
YMA,2024-03-24,2024,Autódromo de Interlagos,São Paulo,São Paulo
Bloody Nightmare,2024-03-24,2024,Jai Club,São Paulo,São Paulo
Living Metal,2024-03-24,2024,Jai Club,São Paulo,São Paulo
Sagrado Eu,2024-03-24,2024,Tarantino Cervejaria,São Paulo,São Paulo
Bazuros,2024-03-24,2024,Tarantino Cervejaria,São Paulo,São Paulo
BRAZA,2024-03-24,2024,Autódromo de Interlagos,São Paulo,São Paulo
Dayglow,2024-03-24,2024,Autódromo de Interlagos,São Paulo,São Paulo
Mc Daniel,2024-03-24,2024,Autódromo de Interlagos,São Paulo,São Paulo
Dombresky,2024-03-24,2024,Autódromo de Interlagos,São Paulo,São Paulo
Sam Smith,2024-03-24,2024,Autódromo de Interlagos,São Paulo,São Paulo
Tz da Coronel,2024-03-24,2024,Autódromo de Interlagos,São Paulo,São Paulo
Axty,2024-03-26,2024,Terra SP,São Paulo,São Paulo
Projetonave,2024-03-26,2024,Associação Cultural Cecília,São Paulo,São Paulo
Black Veil Brides,2024-03-26,2024,Terra SP,São Paulo,São Paulo
Escarnium,2024-03-27,2024,Red Star Studios,São Paulo,São Paulo
Master,2024-03-27,2024,Red Star Studios,São Paulo,São Paulo
Ale Sater,2024-03-27,2024,Blue Note São Paulo,São Paulo,São Paulo
"Juçara Marçal, Suzana Salles e Kiko Dinucci",2024-03-27,2024,Centro Cultural São Paulo,São Paulo,São Paulo
Smack,2024-03-27,2024,PORTA,São Paulo,São Paulo
Andralls,2024-03-27,2024,Red Star Studios,São Paulo,São Paulo
Assucena,2024-03-28,2024,Centro Cultural São Paulo,São Paulo,São Paulo
Ajuliacosta,2024-03-29,2024,Audio,São Paulo,São Paulo
Eric Prydz,2024-03-29,2024,Arca Spaces,São Paulo,São Paulo
BRIME,2024-03-29,2024,Audio,São Paulo,São Paulo
ballburya,2024-03-29,2024,Fenda 315,São Paulo,São Paulo
Heretoir,2024-03-29,2024,House of Legends,São Paulo,São Paulo
MC Tha,2024-03-30,2024,Casa Natura Musical,São Paulo,São Paulo
Roots – Sepultura Tributo,2024-03-30,2024,Altas Horas,São Paulo,São Paulo
Bebê Feio,2024-03-30,2024,Cardeal Pub,São Paulo,São Paulo
Trypophöbia,2024-03-30,2024,cafundó,São Paulo,São Paulo
Dance of Days,2024-03-30,2024,City Lights Music Hall,São Paulo,São Paulo
Viper,2024-03-30,2024,SESC Belenzinho,São Paulo,São Paulo
Brujería,2024-03-31,2024,City Lights Music Hall,São Paulo,São Paulo
Paul Lewis,2024-03-31,2024,Sala São Paulo,São Paulo,São Paulo
Tuyo,2024-04-01,2024,União Fraterna,São Paulo,São Paulo
Höröyá,2024-04-02,2024,SESC Consolação,São Paulo,São Paulo
Bike,2024-04-02,2024,Picles Cardeal,São Paulo,São Paulo
Nina Maia,2024-04-03,2024,Bona Casa de Música,São Paulo,São Paulo
E a Terra Nunca Me Pareceu Tão Distante,2024-04-03,2024,Cine Joia,São Paulo,São Paulo
Riverside,2024-04-03,2024,Carioca Club,São Paulo,São Paulo
Russian Circles,2024-04-03,2024,Cine Joia,São Paulo,São Paulo
Pelados,2024-04-04,2024,Fffront,São Paulo,São Paulo
Orquestra Sinfônica do Estado de São Paulo,2024-04-04,2024,Sala São Paulo,São Paulo,São Paulo
Gong,2024-04-04,2024,Casa Rockambole,São Paulo,São Paulo
Psirico,2024-04-04,2024,Funilaria,São Paulo,São Paulo
Children of the Beast,2024-04-04,2024,Bar do Juiz - Patriarca,São Paulo,São Paulo
OnlyOneOf,2024-04-04,2024,Studio Stage,São Paulo,São Paulo
Esteban Tavares,2024-04-05,2024,Casa AlgoHits,São Paulo,São Paulo
Jaloo,2024-04-05,2024,Audio,São Paulo,São Paulo
Exciter,2024-04-06,2024,Jai Club,São Paulo,São Paulo
Cynthia Luz,2024-04-06,2024,Casa Natura Musical,São Paulo,São Paulo
Tim Kasher,2024-04-06,2024,Carioca Club,São Paulo,São Paulo
Os Paralamas do Sucesso,2024-04-06,2024,Espaço Unimed,São Paulo,São Paulo
Só Pra Contrariar,2024-04-06,2024,Allianz Parque,São Paulo,São Paulo
Gritando HC,2024-04-06,2024,Centro Cultural Tendal da Lapa,São Paulo,São Paulo
Emmercia,2024-04-06,2024,Hangar 110,São Paulo,São Paulo
Thursday,2024-04-06,2024,Carioca Club,São Paulo,São Paulo
Deekapz,2024-04-06,2024,Void General Store,São Paulo,São Paulo
Errol Dunkley,2024-04-06,2024,Fabrique Club,São Paulo,São Paulo
BAT,2024-04-06,2024,Jai Club,São Paulo,São Paulo
Halleck,2024-04-06,2024,Porão da Cerveja,São Paulo,São Paulo
Johnny Osbourne,2024-04-06,2024,Fabrique Club,São Paulo,São Paulo
Salvador Sobral,2024-04-06,2024,SESC Pinheiros,São Paulo,São Paulo
Hellway Train,2024-04-06,2024,Jai Club,São Paulo,São Paulo
Axty,2024-04-06,2024,Hangar 110,São Paulo,São Paulo
Foojammers,2024-04-06,2024,CPOR-SP,São Paulo,São Paulo
Paul Lewis,2024-04-07,2024,Sala São Paulo,São Paulo,São Paulo
Made in Brazil,2024-04-07,2024,Mister Rock Bar,São Paulo,São Paulo
Orphaned Land,2024-04-07,2024,Carioca Club,São Paulo,São Paulo
Ouse Morrer,2024-04-07,2024,Ateliê do Bixiga,São Paulo,São Paulo
O Inimigo,2024-04-07,2024,Ateliê do Bixiga,São Paulo,São Paulo
Bebê Feio,2024-04-07,2024,La Iglesia Borratxeria,São Paulo,São Paulo
Geoff Rickly,2024-04-07,2024,Centro Cultural Tendal da Lapa,São Paulo,São Paulo
Salvador Sobral,2024-04-07,2024,SESC Pinheiros,São Paulo,São Paulo
Punho de Mahin,2024-04-07,2024,Ateliê do Bixiga,São Paulo,São Paulo
Tim Kasher,2024-04-07,2024,Centro Cultural Tendal da Lapa,São Paulo,São Paulo
Urutu,2024-04-07,2024,Ateliê do Bixiga,São Paulo,São Paulo
Maurício Pereira,2024-04-07,2024,Parque da Água Branca,São Paulo,São Paulo
Pabllo Vittar,2024-04-09,2024,Zig Studio,São Paulo,São Paulo
Claudia Leitte,2024-04-09,2024,Vibra São Paulo,São Paulo,São Paulo
Devendra Banhart,2024-04-10,2024,Audio,São Paulo,São Paulo
Clau,2024-04-11,2024,Casa Natura Musical,São Paulo,São Paulo
Adi Oasis,2024-04-11,2024,Audio,São Paulo,São Paulo
Alfa Mist,2024-04-11,2024,Audio,São Paulo,São Paulo
Mahmundi,2024-04-11,2024,Funilaria,São Paulo,São Paulo
Danny D. Weirdo,2024-04-12,2024,A Porta Maldita,São Paulo,São Paulo
Pitty,2024-04-12,2024,Espaço Unimed,São Paulo,São Paulo
Jimmy & Rats,2024-04-12,2024,SESC Belenzinho,São Paulo,São Paulo
Selvageria,2024-04-12,2024,Jai Club,São Paulo,São Paulo
Hamilton de Holanda,2024-04-12,2024,Casa Natura Musical,São Paulo,São Paulo
Leather,2024-04-12,2024,Jai Club,São Paulo,São Paulo
Alzira E + Corte,2024-04-12,2024,Casa de Francisca,São Paulo,São Paulo
Rick Wakeman,2024-04-12,2024,Tokio Marine Hall,São Paulo,São Paulo
Clan of Xymox,2024-04-12,2024,Fabrique Club,São Paulo,São Paulo
Capote,2024-04-13,2024,Casa AlgoHits,São Paulo,São Paulo
Laboratori,2024-04-13,2024,La Iglesia Borratxeria,São Paulo,São Paulo
Coralinne,2024-04-13,2024,St Paul's Pub,São Paulo,São Paulo
Shotgun,2024-04-13,2024,Hellraiser Rock Bar,São Paulo,São Paulo
Nameless Gods,2024-04-13,2024,Fenda 315,São Paulo,São Paulo
Armadilha,2024-04-13,2024,Hellraiser Rock Bar,São Paulo,São Paulo
Rita Benneditto,2024-04-13,2024,Casa Natura Musical,São Paulo,São Paulo
Renato Borghetti,2024-04-13,2024,Parque Villa-Lobos,São Paulo,São Paulo
Crueldade,2024-04-13,2024,Hellraiser Rock Bar,São Paulo,São Paulo
Irmãs de Pau,2024-04-13,2024,Aloka,São Paulo,São Paulo
Royal Blood,2024-04-13,2024,Audio,São Paulo,São Paulo
Arturo Sandoval,2024-04-13,2024,Parque Villa-Lobos,São Paulo,São Paulo
Leoni,2024-04-13,2024,SESC Avenida Paulista,São Paulo,São Paulo
Álcool,2024-04-13,2024,Hellraiser Rock Bar,São Paulo,São Paulo
Jethro Tull,2024-04-13,2024,Vibra São Paulo,São Paulo,São Paulo
Alabama Mike,2024-04-13,2024,Parque Villa-Lobos,São Paulo,São Paulo
Infamous Glory,2024-04-13,2024,Fenda 315,São Paulo,São Paulo
Coralinne,2024-04-14,2024,Av. Paulista,São Paulo,São Paulo
Pitty,2024-04-14,2024,Espaço Unimed,São Paulo,São Paulo
Rodrigo Ogi,2024-04-14,2024,Casa Natura Musical,São Paulo,São Paulo
Manger Cadavre?,2024-04-14,2024,Festival Usina Hardcore,São Paulo,São Paulo
MAGIC!,2024-04-14,2024,Audio,São Paulo,São Paulo
Capote,2024-04-14,2024,Casa AlgoHits,São Paulo,São Paulo
Mike Massé,2024-04-14,2024,Manifesto Bar,São Paulo,São Paulo
Crush All Tyranny,2024-04-14,2024,Festival Usina Hardcore,São Paulo,São Paulo
Personas,2024-04-14,2024,Casa AlgoHits,São Paulo,São Paulo
Dead Fish,2024-04-14,2024,Incinerador Vergueiro,São Paulo,São Paulo
El Toro Fuerte,2024-04-14,2024,Casa AlgoHits,São Paulo,São Paulo
Soen,2024-04-14,2024,Carioca Club,São Paulo,São Paulo
Lúcio Maia,2024-04-14,2024,Centro Cultural da Juventude Ruth Cardoso,São Paulo,São Paulo
Liam Benzvi,2024-04-16,2024,Tokio Marine Hall,São Paulo,São Paulo
Turnstile,2024-04-16,2024,Tokio Marine Hall,São Paulo,São Paulo
Deleasa,2024-04-16,2024,Allianz Parque,São Paulo,São Paulo
Jonas Brothers,2024-04-16,2024,Allianz Parque,São Paulo,São Paulo
Tom Jones,2024-04-17,2024,Espaço Unimed,São Paulo,São Paulo
"Juçara Marçal, Suzana Salles e Kiko Dinucci",2024-04-17,2024,Casa de Francisca,São Paulo,São Paulo
Jay Vaquer,2024-04-17,2024,Blue Note São Paulo,São Paulo,São Paulo
Orquestra Sinfônica do Estado de São Paulo,2024-04-18,2024,Sala São Paulo,São Paulo,São Paulo
Megadeth,2024-04-18,2024,Espaço Unimed,São Paulo,São Paulo
Ajuliacosta,2024-04-18,2024,Casa Natura Musical,São Paulo,São Paulo
Thiago Pantaleão,2024-04-18,2024,Funilaria,São Paulo,São Paulo
Lenine,2024-04-18,2024,SESC Bom Retiro,São Paulo,São Paulo
Ricardo Cruz,2024-04-18,2024,Sala São Paulo,São Paulo,São Paulo
Soweto,2024-04-19,2024,Allianz Parque,São Paulo,São Paulo
Black Mantra,2024-04-19,2024,SESC Pinheiros,São Paulo,São Paulo
Héloa,2024-04-19,2024,Casa Natura Musical,São Paulo,São Paulo
Death Of Caligari,2024-04-19,2024,The Flaming Youth Experience,São Paulo,São Paulo
Ricardo Cruz,2024-04-19,2024,Sala São Paulo,São Paulo,São Paulo
Aluna,2024-04-19,2024,Zig Studio,São Paulo,São Paulo
Orquestra Sinfônica do Estado de São Paulo,2024-04-19,2024,Sala São Paulo,São Paulo,São Paulo
Cátia de França,2024-04-19,2024,SESC Pompéia,São Paulo,São Paulo
Marie Davidson,2024-04-19,2024,Caracol Bar,São Paulo,São Paulo
Alzira E + Corte,2024-04-19,2024,Casinha do Núcleo,São Paulo,São Paulo
Helena Hauff,2024-04-20,2024,Estádio do Canindé,São Paulo,São Paulo
DJ Nuts,2024-04-20,2024,City Lights Music Hall,São Paulo,São Paulo
Mark Farner's American Band,2024-04-20,2024,Carioca Club,São Paulo,São Paulo
Marie Davidson,2024-04-20,2024,Estádio do Canindé,São Paulo,São Paulo
Soweto,2024-04-20,2024,Allianz Parque,São Paulo,São Paulo
Innabrain,2024-04-20,2024,Sorrentino's Café e Bar,São Paulo,São Paulo
Halleck,2024-04-20,2024,Veganaassoo,São Paulo,São Paulo
Trypophöbia,2024-04-20,2024,"Walk Together, Mosh Together",São Paulo,São Paulo
Ricardo Cruz,2024-04-20,2024,Sala São Paulo,São Paulo,São Paulo
DJ Marcelle/Another Nice Mess,2024-04-20,2024,Estádio do Canindé,São Paulo,São Paulo
Orquestra Sinfônica do Estado de São Paulo,2024-04-20,2024,Sala São Paulo,São Paulo,São Paulo
Joyce,2024-04-20,2024,SESC Pompéia,São Paulo,São Paulo
Azymuth,2024-04-20,2024,City Lights Music Hall,São Paulo,São Paulo
Cátia de França,2024-04-20,2024,SESC Pompéia,São Paulo,São Paulo
CPM 22,2024-04-21,2024,Concha Acústica da Faculdade Fito,Osasco,São Paulo
Orquestra Sinfônica do Estado de São Paulo,2024-04-21,2024,Sala São Paulo,São Paulo,São Paulo
Dominatrix,2024-04-21,2024,Centro Cultural Tendal da Lapa,São Paulo,São Paulo
Ratas Rabiosas,2024-04-21,2024,Centro Cultural Tendal da Lapa,São Paulo,São Paulo
Di Ferrero,2024-04-21,2024,Concha Acústica da Faculdade Fito,Osasco,São Paulo
Planta & Raiz,2024-04-21,2024,Concha Acústica da Faculdade Fito,Osasco,São Paulo
Roots – Sepultura Tributo,2024-04-21,2024,Parque do Ibirapuera,São Paulo,São Paulo
Jonathan Ferr,2024-04-21,2024,SESC 24 de Maio,São Paulo,São Paulo
The Calling,2024-04-21,2024,Carioca Club,São Paulo,São Paulo
As Mercenárias,2024-04-21,2024,Centro Cultural Tendal da Lapa,São Paulo,São Paulo
Raimundos,2024-04-21,2024,Concha Acústica da Faculdade Fito,Osasco,São Paulo
Hurricanes,2024-04-21,2024,La Iglesia Borratxeria,São Paulo,São Paulo
Juçara Marçal,2024-04-21,2024,Casa Natura Musical,São Paulo,São Paulo
Ricardo Cruz,2024-04-21,2024,Sala São Paulo,São Paulo,São Paulo
Alzira E + Corte,2024-04-21,2024,Casa Natura Musical,São Paulo,São Paulo
Children of the Beast,2024-04-21,2024,ZN Highway,São Paulo,São Paulo
boasorte,2024-04-21,2024,Bar Alto,São Paulo,São Paulo
Joyce,2024-04-21,2024,SESC Pompéia,São Paulo,São Paulo
terraplana,2024-04-21,2024,Bar Alto,São Paulo,São Paulo
Air Supply,2024-04-21,2024,Espaço Unimed,São Paulo,São Paulo
Sioux 66,2024-04-21,2024,La Iglesia Borratxeria,São Paulo,São Paulo
Otto,2024-04-21,2024,SESC Pinheiros,São Paulo,São Paulo
Rancore,2024-04-23,2024,Estúdio 89 Rádio Rock,São Paulo,São Paulo
Boogarins,2024-04-24,2024,Centro Cultural São Paulo,São Paulo,São Paulo
Jeff Scott Soto,2024-04-24,2024,Manifesto Bar,São Paulo,São Paulo
Hamilton de Holanda,2024-04-25,2024,Teatro SESC 24 de Maio,São Paulo,São Paulo
Tetê Espíndola,2024-04-25,2024,SESC Pompéia,São Paulo,São Paulo
Di Melo,2024-04-25,2024,Picles Cardeal,São Paulo,São Paulo
Pietá,2024-04-25,2024,SESC Pompéia,São Paulo,São Paulo
Echo of Silence,2024-04-26,2024,Cardeal Pub,São Paulo,São Paulo
Hamilton de Holanda,2024-04-26,2024,Teatro SESC 24 de Maio,São Paulo,São Paulo
Curumin,2024-04-26,2024,Cine Joia,São Paulo,São Paulo
Vanessa Moreno,2024-04-26,2024,Casa Natura Musical,São Paulo,São Paulo
Guilherme Arantes,2024-04-26,2024,Blue Note São Paulo,São Paulo,São Paulo
Lamparina,2024-04-26,2024,SESC Bom Retiro,São Paulo,São Paulo
Mr. Big,2024-04-26,2024,Memorial da América Latina,São Paulo,São Paulo
Electric Mob,2024-04-26,2024,Memorial da América Latina,São Paulo,São Paulo
Sebastian Bach,2024-04-26,2024,Memorial da América Latina,São Paulo,São Paulo
Black Stone Cherry,2024-04-26,2024,Memorial da América Latina,São Paulo,São Paulo
Exodus,2024-04-26,2024,Memorial da América Latina,São Paulo,São Paulo
Massacration,2024-04-26,2024,Memorial da América Latina,São Paulo,São Paulo
Cultura Tres,2024-04-26,2024,Memorial da América Latina,São Paulo,São Paulo
ALCHEMIA,2024-04-26,2024,Memorial da América Latina,São Paulo,São Paulo
Foojammers,2024-04-26,2024,Willi Willie Bar e Arqueria,São Paulo,São Paulo
Sioux 66,2024-04-26,2024,Memorial da América Latina,São Paulo,São Paulo
Clash Bulldog’s,2024-04-26,2024,Memorial da América Latina,São Paulo,São Paulo
Gene Simmons Band,2024-04-26,2024,Memorial da América Latina,São Paulo,São Paulo
Eduardo Falaschi,2024-04-26,2024,Memorial da América Latina,São Paulo,São Paulo
Biohazard,2024-04-26,2024,Memorial da América Latina,São Paulo,São Paulo
Tygers of Pan Tang,2024-04-26,2024,Memorial da América Latina,São Paulo,São Paulo
The 69 Eyes,2024-04-26,2024,Memorial da América Latina,São Paulo,São Paulo
Dr. Sin,2024-04-26,2024,Memorial da América Latina,São Paulo,São Paulo
MINIPONY,2024-04-26,2024,Memorial da América Latina,São Paulo,São Paulo
As Orquídeas do Brasil,2024-04-26,2024,Teatro SESC Pompéia,São Paulo,São Paulo
Flotsam and Jetsam,2024-04-26,2024,Memorial da América Latina,São Paulo,São Paulo
Nestor,2024-04-26,2024,Memorial da América Latina,São Paulo,São Paulo
Zumbis do Espaço,2024-04-26,2024,Memorial da América Latina,São Paulo,São Paulo
Céu,2024-04-27,2024,SESC Pinheiros,São Paulo,São Paulo
Ebony,2024-04-27,2024,VIP Station,São Paulo,São Paulo
Innabrain,2024-04-27,2024,Dona Xika,São Paulo,São Paulo
Danny Bond,2024-04-27,2024,VIP Station,São Paulo,São Paulo
Otto,2024-04-27,2024,Cine Joia,São Paulo,São Paulo
Rage in My Eyes,2024-04-27,2024,Memorial da América Latina,São Paulo,São Paulo
Vanessa da Mata,2024-04-27,2024,Tokio Marine Hall,São Paulo,São Paulo
Pelados,2024-04-27,2024,Casa Rockambole,São Paulo,São Paulo
Grupo Fundo de Quintal,2024-04-27,2024,Casa Natura Musical,São Paulo,São Paulo
Urias,2024-04-27,2024,VIP Station,São Paulo,São Paulo
The Beauty of Gemina,2024-04-27,2024,Madame Club,São Paulo,São Paulo
Forbidden,2024-04-27,2024,Memorial da América Latina,São Paulo,São Paulo
Dark Tranquillity,2024-04-27,2024,Memorial da América Latina,São Paulo,São Paulo
HammerFall,2024-04-27,2024,Memorial da América Latina,São Paulo,São Paulo
Within Temptation,2024-04-27,2024,Memorial da América Latina,São Paulo,São Paulo
Sinistra,2024-04-27,2024,Memorial da América Latina,São Paulo,São Paulo
Noturnall,2024-04-27,2024,Memorial da América Latina,São Paulo,São Paulo
Kaya Conky,2024-04-27,2024,VIP Station,São Paulo,São Paulo
Lacuna Coil,2024-04-27,2024,Memorial da América Latina,São Paulo,São Paulo
Jelusick,2024-04-27,2024,Memorial da América Latina,São Paulo,São Paulo
Besouro Mulher,2024-04-27,2024,Casa Rockambole,São Paulo,São Paulo
Mac Júlia,2024-04-27,2024,VIP Station,São Paulo,São Paulo
Nestor,2024-04-27,2024,Dede House,São Paulo,São Paulo
Alesana,2024-04-27,2024,Carioca Club,São Paulo,São Paulo
In Extremo,2024-04-27,2024,Memorial da América Latina,São Paulo,São Paulo
About2Crash,2024-04-27,2024,Memorial da América Latina,São Paulo,São Paulo
Eminence,2024-04-27,2024,Memorial da América Latina,São Paulo,São Paulo
The Night Flight Orchestra,2024-04-27,2024,Memorial da América Latina,São Paulo,São Paulo
Jeff Scott Soto,2024-04-27,2024,Memorial da América Latina,São Paulo,São Paulo
Angra,2024-04-27,2024,Memorial da América Latina,São Paulo,São Paulo
Gamma Ray,2024-04-27,2024,Memorial da América Latina,São Paulo,São Paulo
Epica,2024-04-27,2024,Memorial da América Latina,São Paulo,São Paulo
Korzus,2024-04-27,2024,Memorial da América Latina,São Paulo,São Paulo
O Grande Encontro,2024-04-27,2024,Espaço Unimed,São Paulo,São Paulo
Yamandu Costa,2024-04-27,2024,Teatro SESC 24 de Maio,São Paulo,São Paulo
Fafá de Belém,2024-04-27,2024,Sesc 14 Bis,São Paulo,São Paulo
Nervosa,2024-04-27,2024,Memorial da América Latina,São Paulo,São Paulo
Noturnall,2024-04-28,2024,Woodstock Rock Store,São Paulo,São Paulo
Medulla,2024-04-28,2024,Casa Natura Musical,São Paulo,São Paulo
Santo Graal,2024-04-28,2024,Memorial da América Latina,São Paulo,São Paulo
Far from Alaska,2024-04-28,2024,Casa Natura Musical,São Paulo,São Paulo
Carol Biazin,2024-04-28,2024,Teatro Gazeta,São Paulo,São Paulo
Yamandu Costa,2024-04-28,2024,Teatro SESC 24 de Maio,São Paulo,São Paulo
Death Angel,2024-04-28,2024,Memorial da América Latina,São Paulo,São Paulo
Axty,2024-04-28,2024,Memorial da América Latina,São Paulo,São Paulo
Killswitch Engage,2024-04-28,2024,Memorial da América Latina,São Paulo,São Paulo
Avatar,2024-04-28,2024,Memorial da América Latina,São Paulo,São Paulo
Mercyful Fate,2024-04-28,2024,Memorial da América Latina,São Paulo,São Paulo
Carol Biazin,2024-04-28,2024,Teatro Gazeta,São Paulo,São Paulo
Dire Straits Legacy,2024-04-28,2024,Vibra São Paulo,São Paulo,São Paulo
Amaro Freitas,2024-04-28,2024,Teatro SESC Pompéia,São Paulo,São Paulo
Oitão,2024-04-28,2024,Woodstock Rock Store,São Paulo,São Paulo
Amorphis,2024-04-28,2024,Memorial da América Latina,São Paulo,São Paulo
Ratos de Porão,2024-04-28,2024,Memorial da América Latina,São Paulo,São Paulo
Kryour,2024-04-28,2024,Memorial da América Latina,São Paulo,São Paulo
While She Sleeps,2024-04-28,2024,Memorial da América Latina,São Paulo,São Paulo
Carcass,2024-04-28,2024,Memorial da América Latina,São Paulo,São Paulo
Battle Beast,2024-04-28,2024,Memorial da América Latina,São Paulo,São Paulo
Hellish War,2024-04-28,2024,Memorial da América Latina,São Paulo,São Paulo
John Wayne,2024-04-28,2024,Memorial da América Latina,São Paulo,São Paulo
Overkill,2024-04-28,2024,Memorial da América Latina,São Paulo,São Paulo
Anthrax,2024-04-28,2024,Memorial da América Latina,São Paulo,São Paulo
Eclipse,2024-04-28,2024,Memorial da América Latina,São Paulo,São Paulo
The Troops of Doom,2024-04-28,2024,Memorial da América Latina,São Paulo,São Paulo
Torture Squad,2024-04-28,2024,Memorial da América Latina,São Paulo,São Paulo
Jessie J,2024-04-30,2024,Espaço Unimed,São Paulo,São Paulo
Test,2024-04-30,2024,Fffront,São Paulo,São Paulo
Lauren Jauregui,2024-04-30,2024,Espaço Unimed,São Paulo,São Paulo
Cultura Tres,2024-04-30,2024,La Iglesia Borratxeria,São Paulo,São Paulo
Samuel Rosa,2024-04-30,2024,Clube Atlético Juventus,São Paulo,São Paulo
Frejat,2024-04-30,2024,Clube Atlético Juventus,São Paulo,São Paulo
Bruxax,2024-04-30,2024,La Iglesia Borratxeria,São Paulo,São Paulo
Accept,2024-05-01,2024,Carioca Club,São Paulo,São Paulo
Arrigo Barnabé,2024-05-01,2024,SESC Vila Mariana,São Paulo,São Paulo
ABBA the Show,2024-05-01,2024,Espaço Unimed,São Paulo,São Paulo
Amalgama,2024-05-01,2024,Carioca Club,São Paulo,São Paulo
Baleia de Lupe,2024-05-02,2024,Bar Alto,São Paulo,São Paulo
Tagore,2024-05-02,2024,Odette,São Paulo,São Paulo
McFly,2024-05-02,2024,Espaço Unimed,São Paulo,São Paulo
Sophia Chablau e Uma Enorme Perda de Tempo,2024-05-03,2024,SESC Bom Retiro,São Paulo,São Paulo
McFly,2024-05-03,2024,Espaço Unimed,São Paulo,São Paulo
Maglore,2024-05-03,2024,SESC Santana,São Paulo,São Paulo
BaianaSystem,2024-05-03,2024,Audio,São Paulo,São Paulo
Bong Brigade,2024-05-03,2024,Porão da Cerveja,São Paulo,São Paulo
Trio Mocotó,2024-05-03,2024,Casa Natura Musical,São Paulo,São Paulo
The Beast Experience,2024-05-03,2024,Manifesto Bar,São Paulo,São Paulo
Mundo Livre S/A,2024-05-04,2024,SESC Pompéia,São Paulo,São Paulo
Social Chaos,2024-05-04,2024,Centro Cultural da Juventude Ruth Cardoso,São Paulo,São Paulo
ROT,2024-05-04,2024,Centro Cultural da Juventude Ruth Cardoso,São Paulo,São Paulo
Lulu Santos,2024-05-04,2024,Espaço Unimed,São Paulo,São Paulo
Vazio,2024-05-04,2024,Centro Cultural da Juventude Ruth Cardoso,São Paulo,São Paulo
Hateen,2024-05-04,2024,Jai Club,São Paulo,São Paulo
Maglore,2024-05-04,2024,SESC Santana,São Paulo,São Paulo
Jards Macalé,2024-05-04,2024,SESC Vila Mariana,São Paulo,São Paulo
Roots – Sepultura Tributo,2024-05-04,2024,Santa Breja Bar,São Paulo,São Paulo
Tom Zé,2024-05-04,2024,Casa Natura Musical,São Paulo,São Paulo
Simone,2024-05-04,2024,Tokio Marine Hall,São Paulo,São Paulo
Vanguart,2024-05-04,2024,SESC Bom Retiro,São Paulo,São Paulo
Bruce Dickinson,2024-05-04,2024,Vibra São Paulo,São Paulo,São Paulo
Noturnall,2024-05-04,2024,Vibra São Paulo,São Paulo,São Paulo
Korzus,2024-05-05,2024,La Iglesia Borratxeria,São Paulo,São Paulo
Test,2024-05-05,2024,La Iglesia Borratxeria,São Paulo,São Paulo
Misfats,2024-05-05,2024,La Iglesia Borratxeria,São Paulo,São Paulo
Herzegovina,2024-05-05,2024,Cine Joia,São Paulo,São Paulo
Daniel Drexler,2024-05-05,2024,SESC Pompéia,São Paulo,São Paulo
ABBA the Show,2024-05-05,2024,Espaço Unimed,São Paulo,São Paulo
Armiferum,2024-05-05,2024,Jai Club,São Paulo,São Paulo
Vanguart,2024-05-05,2024,SESC Bom Retiro,São Paulo,São Paulo
Riviera Gaz,2024-05-05,2024,Cine Joia,São Paulo,São Paulo
Perc3ption,2024-05-05,2024,Jai Club,São Paulo,São Paulo
Santa Cora,2024-05-05,2024,Jai Club,São Paulo,São Paulo
Giovani Cidreira,2024-05-06,2024,Casa Rockambole,São Paulo,São Paulo
Aquino e a Orquestra Invisível,2024-05-06,2024,Casa Rockambole,São Paulo,São Paulo
Tiê,2024-05-06,2024,Casa Rockambole,São Paulo,São Paulo
Jadsa,2024-05-07,2024,Pulso Hotel,São Paulo,São Paulo
LANY,2024-05-07,2024,Audio,São Paulo,São Paulo
Helio Flanders,2024-05-09,2024,Sesc 14 Bis,São Paulo,São Paulo
Ashnikko,2024-05-09,2024,Audio,São Paulo,São Paulo
Rhapsody of Fire,2024-05-09,2024,Carioca Club,São Paulo,São Paulo
Tortoise,2024-05-09,2024,Cine Joia,São Paulo,São Paulo
Ana Frango Elétrico,2024-05-09,2024,Casa Natura Musical,São Paulo,São Paulo
Maurício Pereira e Tonho Penhasco,2024-05-09,2024,SESC Pompéia,São Paulo,São Paulo
Skalyface,2024-05-09,2024,Carioca Club,São Paulo,São Paulo
Wanessa Camargo,2024-05-10,2024,Audio,São Paulo,São Paulo
Maurício Pereira e Tonho Penhasco,2024-05-10,2024,Teatro SESC Pompéia,São Paulo,São Paulo
ONDASTRAL,2024-05-10,2024,Carioca Club,São Paulo,São Paulo
KAROL G,2024-05-10,2024,Centro Esportivo e de Lazer Tietê,São Paulo,São Paulo
Rashid,2024-05-10,2024,SESC Pompéia,São Paulo,São Paulo
YMA,2024-05-10,2024,MIS - Museu da Imagem e do Som,São Paulo,São Paulo
Felipe Andreoli,2024-05-10,2024,Café Piu Piu,São Paulo,São Paulo
Nando Fernandes,2024-05-10,2024,Café Piu Piu,São Paulo,São Paulo
Diogo Defante,2024-05-10,2024,Carioca Club,São Paulo,São Paulo
DJ RaMeMes,2024-05-10,2024,Void General Store,São Paulo,São Paulo
Bittencourt Project,2024-05-10,2024,Café Piu Piu,São Paulo,São Paulo
Rubel,2024-05-10,2024,SESC Belenzinho,São Paulo,São Paulo
Diego Martins,2024-05-10,2024,Audio,São Paulo,São Paulo
UELO,2024-05-10,2024,La Iglesia Borratxeria,São Paulo,São Paulo
terraplana,2024-05-11,2024,Fabrique Club,São Paulo,São Paulo
Djavan,2024-05-11,2024,Espaço Unimed,São Paulo,São Paulo
Turnover,2024-05-11,2024,Fabrique Club,São Paulo,São Paulo
Axty,2024-05-11,2024,Carioca Club,São Paulo,São Paulo
Louis Tomlinson,2024-05-11,2024,Allianz Parque,São Paulo,São Paulo
Giant Rooks,2024-05-11,2024,Allianz Parque,São Paulo,São Paulo
Paolo Ravley,2024-05-11,2024,Cine Joia,São Paulo,São Paulo
Robin McAuley,2024-05-11,2024,Manifesto Bar,São Paulo,São Paulo
Hammerhead Blues,2024-05-11,2024,La Iglesia Borratxeria,São Paulo,São Paulo
Erik Mårtensson,2024-05-11,2024,Manifesto Bar,São Paulo,São Paulo
Xênia França,2024-05-11,2024,Cine Joia,São Paulo,São Paulo
Chez Kane,2024-05-11,2024,Manifesto Bar,São Paulo,São Paulo
Zumbis do Espaço,2024-05-11,2024,Hangar 110,São Paulo,São Paulo
APNEA,2024-05-11,2024,La Iglesia Borratxeria,São Paulo,São Paulo
John Corabi,2024-05-11,2024,Manifesto Bar,São Paulo,São Paulo
Freak Fur,2024-05-11,2024,Hangar 110,São Paulo,São Paulo
Rubel,2024-05-11,2024,SESC Belenzinho,São Paulo,São Paulo
Toninho Horta,2024-05-12,2024,SESC Pompéia,São Paulo,São Paulo
Pedro Martins,2024-05-12,2024,Casa Natura Musical,São Paulo,São Paulo
Djavan,2024-05-12,2024,Espaço Unimed,São Paulo,São Paulo
Ana Frango Elétrico,2024-05-13,2024,União Fraterna,São Paulo,São Paulo
PLUMA,2024-05-13,2024,União Fraterna,São Paulo,São Paulo
Ron Keel,2024-05-16,2024,Malta Rock Bar,São Paulo,São Paulo
Lenna Bahule,2024-05-16,2024,Teatro SESC Pompéia,São Paulo,São Paulo
Majur,2024-05-16,2024,Funilaria,São Paulo,São Paulo
DUDA BEAT,2024-05-16,2024,Espaço Unimed,São Paulo,São Paulo
Boogarins,2024-05-16,2024,Casa Natura Musical,São Paulo,São Paulo
The Charles Lloyd Quartet,2024-05-17,2024,Auditório Ibirapuera,São Paulo,São Paulo
Gilsons,2024-05-17,2024,Espaço Unimed,São Paulo,São Paulo
Jeff Parker,2024-05-17,2024,SESC Belenzinho,São Paulo,São Paulo
Jihye Lee Orchestra,2024-05-17,2024,Auditório Ibirapuera,São Paulo,São Paulo
Bruno Pernadas,2024-05-17,2024,SESC Pompéia,São Paulo,São Paulo
Ava Rocha,2024-05-17,2024,Picles Cardeal,São Paulo,São Paulo
Jakob Bro,2024-05-17,2024,Auditório Ibirapuera,São Paulo,São Paulo
Ação Direta,2024-05-17,2024,Fffront,São Paulo,São Paulo
Foojammers,2024-05-17,2024,Skull Skate Park,São Paulo,São Paulo
Daniel Santiago & Pedro Martins,2024-05-17,2024,Auditório Ibirapuera,São Paulo,São Paulo
Ron Keel,2024-05-17,2024,House of Legends,São Paulo,São Paulo
ROT,2024-05-17,2024,Fffront,São Paulo,São Paulo
Marina Lima,2024-05-17,2024,Casa Natura Musical,São Paulo,São Paulo
Village People,2024-05-17,2024,Tokio Marine Hall,São Paulo,São Paulo
Paula Toller,2024-05-17,2024,Clube Atlético Juventus,São Paulo,São Paulo
Ariel Pink,2024-05-17,2024,Fabrique Club,São Paulo,São Paulo
Paulo Ricardo,2024-05-17,2024,Clube Atlético Juventus,São Paulo,São Paulo
Einar Solberg,2024-05-17,2024,Teatro UMC,São Paulo,São Paulo
Tuyo,2024-05-17,2024,Audio,São Paulo,São Paulo
Léo Santana,2024-05-18,2024,Vale do Anhangabaú,São Paulo,São Paulo
Ricardo Cruz,2024-05-18,2024,Jai Club,São Paulo,São Paulo
Black Pumas,2024-05-18,2024,Parque do Ibirapuera,São Paulo,São Paulo
Jota.pê,2024-05-18,2024,SESC Pompéia,São Paulo,São Paulo
Vanessa da Mata,2024-05-18,2024,Av. Eliseu de Almeida,São Paulo,São Paulo
Rico Dalasam,2024-05-18,2024,Centro Cultural da Penha,São Paulo,São Paulo
Mato Seco,2024-05-18,2024,SESC Interlagos,São Paulo,São Paulo
Tom Zé,2024-05-18,2024,Sesc 14 Bis,São Paulo,São Paulo
RAYE,2024-05-18,2024,Parque do Ibirapuera,São Paulo,São Paulo
Vazio,2024-05-18,2024,Centro Cultural da Juventude Ruth Cardoso,São Paulo,São Paulo
Karol Conká,2024-05-18,2024,Vale do Anhangabaú,São Paulo,São Paulo
Joelma,2024-05-18,2024,Vale do Anhangabaú,São Paulo,São Paulo
Cida Moreira,2024-05-18,2024,Odette,São Paulo,São Paulo
Funk Como Le Gusta,2024-05-18,2024,SESC Pompéia,São Paulo,São Paulo
Paura,2024-05-18,2024,Centro Cultural da Juventude Ruth Cardoso,São Paulo,São Paulo
Romy,2024-05-18,2024,Parque do Ibirapuera,São Paulo,São Paulo
Pato Fu,2024-05-18,2024,Audio,São Paulo,São Paulo
Rachel Reis,2024-05-18,2024,Casa Natura Musical,São Paulo,São Paulo
Jaloo,2024-05-18,2024,Parque do Ibirapuera,São Paulo,São Paulo
Djonga,2024-05-18,2024,Vale do Anhangabaú,São Paulo,São Paulo
Ayra Starr,2024-05-18,2024,Parque do Ibirapuera,São Paulo,São Paulo
Ratos de Porão,2024-05-18,2024,Centro Cultural da Juventude Ruth Cardoso,São Paulo,São Paulo
Hurricanes,2024-05-18,2024,Hangar 110,São Paulo,São Paulo
Pabllo Vittar,2024-05-18,2024,Vale do Anhangabaú,São Paulo,São Paulo
Electric Mob,2024-05-18,2024,Hangar 110,São Paulo,São Paulo
Skalyface,2024-05-18,2024,Carioca Club,São Paulo,São Paulo
Jup do Bairro,2024-05-18,2024,Centro Cultural da Penha,São Paulo,São Paulo
Anelis Assumpção,2024-05-18,2024,SESC Belenzinho,São Paulo,São Paulo
Fausto Fawcett,2024-05-18,2024,Parque do Ibirapuera,São Paulo,São Paulo
Innabrain,2024-05-18,2024,CEU Artur Alvim,São Paulo,São Paulo
Ed Motta,2024-05-18,2024,Teatro SESC 24 de Maio,São Paulo,São Paulo
Accept,2024-05-18,2024,Carioca Club,São Paulo,São Paulo
Soft Cell,2024-05-18,2024,Parque do Ibirapuera,São Paulo,São Paulo
Cimafunk,2024-05-18,2024,Parque do Ibirapuera,São Paulo,São Paulo
2manydjs,2024-05-18,2024,Parque do Ibirapuera,São Paulo,São Paulo
Tuatha de Danann,2024-05-18,2024,Studio Stage,São Paulo,São Paulo
Crizin da Z.O.,2024-05-18,2024,SESC Avenida Paulista,São Paulo,São Paulo
Krisiun,2024-05-18,2024,Centro Cultural da Juventude Ruth Cardoso,São Paulo,São Paulo
Funk Como Le Gusta,2024-05-19,2024,SESC Pompéia,São Paulo,São Paulo
Matuê,2024-05-19,2024,Vale do Anhangabaú,São Paulo,São Paulo
Junio Barreto,2024-05-19,2024,Centro Cultural Tendal da Lapa,São Paulo,São Paulo
Gloria Groove,2024-05-19,2024,Virada Cultural,São Paulo,São Paulo
Laboratori,2024-05-19,2024,Novo Brilho Dá Lua,São Paulo,São Paulo
Paris Texas,2024-05-19,2024,Parque do Ibirapuera,São Paulo,São Paulo
Jair Naves,2024-05-19,2024,Parque do Ibirapuera,São Paulo,São Paulo
Dinner Party,2024-05-19,2024,Auditório Ibirapuera,São Paulo,São Paulo
Questions,2024-05-19,2024,Novo Brilho Dá Lua,São Paulo,São Paulo
Halleck,2024-05-19,2024,A Porta Maldita,São Paulo,São Paulo
Preta Gil,2024-05-19,2024,Parque do Ibirapuera,São Paulo,São Paulo
Jota.pê,2024-05-19,2024,SESC Pompéia,São Paulo,São Paulo
DENNIS,2024-05-19,2024,Vale do Anhangabaú,São Paulo,São Paulo
Eskröta,2024-05-19,2024,Novo Brilho Dá Lua,São Paulo,São Paulo
Bayside Kings,2024-05-19,2024,Novo Brilho Dá Lua,São Paulo,São Paulo
Geraldo Azevedo,2024-05-19,2024,Av. Deputado Dr. José Aristodemo Pinotti,São Paulo,São Paulo
Plastic Fire,2024-05-19,2024,Novo Brilho Dá Lua,São Paulo,São Paulo
Los Sebosos Postizos,2024-05-19,2024,Centro Cultural Tendal da Lapa,São Paulo,São Paulo
Academia da Berlinda,2024-05-19,2024,Centro Cultural Tendal da Lapa,São Paulo,São Paulo
Mateus Fazeno Rock,2024-05-19,2024,Casa de Cultura Tremembé,São Paulo,São Paulo
Children of the Beast,2024-05-19,2024,La Iglesia Borratxeria,São Paulo,São Paulo
Rastapé,2024-05-19,2024,Virada Cultural,São Paulo,São Paulo
Trypophöbia,2024-05-19,2024,Help! Fest - SOS Rio Grande do Sul,São Paulo,São Paulo
Picanha de Chernobill,2024-05-19,2024,Avenida Paulista,São Paulo,São Paulo
Fran,2024-05-19,2024,Parque do Ibirapuera,São Paulo,São Paulo
One True Reason,2024-05-19,2024,Novo Brilho Dá Lua,São Paulo,São Paulo
Bufo Borealis,2024-05-19,2024,MIS - Museu da Imagem e do Som,São Paulo,São Paulo
Tom Zé,2024-05-19,2024,Sesc 14 Bis,São Paulo,São Paulo
DJ Memé,2024-05-19,2024,Parque do Ibirapuera,São Paulo,São Paulo
Luccas Carlos,2024-05-19,2024,Parque do Ibirapuera,São Paulo,São Paulo
Jorge Aragão,2024-05-19,2024,Centro Cultural Grajaú,São Paulo,São Paulo
Pavement,2024-05-19,2024,Parque do Ibirapuera,São Paulo,São Paulo
Coralinne,2024-05-19,2024,Avenida Paulista,São Paulo,São Paulo
Jay Vaquer,2024-05-19,2024,Fabrique Club,São Paulo,São Paulo
Blessthefall,2024-05-19,2024,Carioca Club,São Paulo,São Paulo
Cassiane,2024-05-19,2024,Vale do Anhangabaú,São Paulo,São Paulo
Maria Rita,2024-05-19,2024,Virada Cultural,São Paulo,São Paulo
Squid,2024-05-19,2024,Parque do Ibirapuera,São Paulo,São Paulo
Gilsons,2024-05-19,2024,Espaço Unimed,São Paulo,São Paulo
Danna Paola,2024-05-19,2024,Cine Joia,São Paulo,São Paulo
Donavon Frankenreiter,2024-05-19,2024,Audio,São Paulo,São Paulo
Daniel Ganjaman,2024-05-19,2024,Parque do Ibirapuera,São Paulo,São Paulo
Robert Glasper,2024-05-19,2024,Auditório Ibirapuera,São Paulo,São Paulo
Cat Power,2024-05-19,2024,Parque do Ibirapuera,São Paulo,São Paulo
David Morales,2024-05-19,2024,Parque do Ibirapuera,São Paulo,São Paulo
Liniker,2024-05-19,2024,Parque do Ibirapuera,São Paulo,São Paulo
Innabrain,2024-05-19,2024,Gaz Burning Bar,São Paulo,São Paulo
Far from Alaska,2024-05-19,2024,Casa de Cultura Tremembé,São Paulo,São Paulo
Young Fathers,2024-05-19,2024,Parque do Ibirapuera,São Paulo,São Paulo
Negra Li,2024-05-19,2024,Parque do Ibirapuera,São Paulo,São Paulo
Kamasi Washington,2024-05-19,2024,Auditório Ibirapuera,São Paulo,São Paulo
Noah Cyrus,2024-05-19,2024,Parque do Ibirapuera,São Paulo,São Paulo
Daniel Caesar,2024-05-19,2024,Parque do Ibirapuera,São Paulo,São Paulo
Milky Chance,2024-05-19,2024,Audio,São Paulo,São Paulo
Oruã,2024-05-21,2024,Red Star Studios,São Paulo,São Paulo
Iara Rennó,2024-05-21,2024,Pulso Hotel,São Paulo,São Paulo
Bruna Alimonda,2024-05-21,2024,Casa de Francisca,São Paulo,São Paulo
Gustthavo,2024-05-21,2024,Casa De Show Específica,São Paulo,São Paulo
Luedji Luna,2024-05-21,2024,Casa Natura Musical,São Paulo,São Paulo
Mayra Andrade,2024-05-22,2024,Teatro SESC Pompéia,São Paulo,São Paulo
Raça,2024-05-22,2024,Bar Alto,São Paulo,São Paulo
Edgard Scandurra,2024-05-23,2024,SESC Pompéia,São Paulo,São Paulo
Mother Folkers,2024-05-23,2024,Porão da SanFran,São Paulo,São Paulo
Il Divo,2024-05-23,2024,Espaço Unimed,São Paulo,São Paulo
João Gordo & Asteroides Trio,2024-05-23,2024,London Calling Discos,São Paulo,São Paulo
Sigrid,2024-05-23,2024,Cine Joia,São Paulo,São Paulo
Gab Ferreira,2024-05-23,2024,Cine Joia,São Paulo,São Paulo
Mayra Andrade,2024-05-23,2024,SESC Pompéia,São Paulo,São Paulo
Edson & Hudson,2024-05-24,2024,Tokio Marine Hall,São Paulo,São Paulo
Cachorro Grande,2024-05-24,2024,Cine Joia,São Paulo,São Paulo
Luísa Sonza,2024-05-24,2024,Espaço Unimed,São Paulo,São Paulo
Urias,2024-05-24,2024,Audio,São Paulo,São Paulo
The Calling,2024-05-24,2024,Carioca Club,São Paulo,São Paulo
Vespas Mandarinas,2024-05-24,2024,SESC Belenzinho,São Paulo,São Paulo
Peter Evans,2024-05-24,2024,SESC Belenzinho,São Paulo,São Paulo
Luedji Luna,2024-05-24,2024,SESC Pinheiros,São Paulo,São Paulo
Zander,2024-05-24,2024,SESC Belenzinho,São Paulo,São Paulo
Raimundos,2024-05-25,2024,Arena Anhembi,São Paulo,São Paulo
Desalmado,2024-05-25,2024,Fffront,São Paulo,São Paulo
Emicida,2024-05-25,2024,Parque do Ibirapuera,São Paulo,São Paulo
Roots – Sepultura Tributo,2024-05-25,2024,Relicário Rock Bar,São Paulo,São Paulo
Di Ferrero,2024-05-25,2024,Arena Anhembi,São Paulo,São Paulo
Melly,2024-05-25,2024,Parque Villa-Lobos,São Paulo,São Paulo
FBC,2024-05-25,2024,Parque Villa-Lobos,São Paulo,São Paulo
Biquini,2024-05-25,2024,Arena Anhembi,São Paulo,São Paulo
Alceu Valença,2024-05-25,2024,Parque Villa-Lobos,São Paulo,São Paulo
Nando Reis,2024-05-25,2024,Parque Villa-Lobos,São Paulo,São Paulo
Hodari,2024-05-25,2024,Parque Villa-Lobos,São Paulo,São Paulo
Luísa Sonza,2024-05-25,2024,Espaço Unimed,São Paulo,São Paulo
DJ Bonekinha Iraquiana,2024-05-25,2024,Void General Store,São Paulo,São Paulo
Bufo Borealis,2024-05-25,2024,Centro Cultural Tendal da Lapa,São Paulo,São Paulo
Leci Brandão,2024-05-25,2024,Parque Villa-Lobos,São Paulo,São Paulo
Humberto Gessinger,2024-05-25,2024,Arena Anhembi,São Paulo,São Paulo
Pabllo Vittar,2024-05-25,2024,Parque Villa-Lobos,São Paulo,São Paulo
BLITZ,2024-05-25,2024,Arena Anhembi,São Paulo,São Paulo
The Risen Dread,2024-05-25,2024,Casa Áurea,São Paulo,São Paulo
Andrea Bocelli,2024-05-25,2024,Allianz Parque,São Paulo,São Paulo
Hatefulmurder,2024-05-25,2024,Casa Áurea,São Paulo,São Paulo
Fernanda Abreu,2024-05-25,2024,SESC Pinheiros,São Paulo,São Paulo
Simoninha,2024-05-25,2024,Sala São Paulo,São Paulo,São Paulo
Xande de Pilares,2024-05-25,2024,Sala São Paulo,São Paulo,São Paulo
Yoh,2024-05-25,2024,Centro Cultural Tendal da Lapa,São Paulo,São Paulo
Ira!,2024-05-25,2024,Arena Anhembi,São Paulo,São Paulo
Ultraje a rigor,2024-05-25,2024,Arena Anhembi,São Paulo,São Paulo
Detonautas Roque Clube,2024-05-25,2024,Arena Anhembi,São Paulo,São Paulo
Jota.pê,2024-05-25,2024,Parque do Ibirapuera,São Paulo,São Paulo
Gloria,2024-05-25,2024,Hangar 110,São Paulo,São Paulo
Paulo Ricardo,2024-05-25,2024,Arena Anhembi,São Paulo,São Paulo
Frejat,2024-05-25,2024,Arena Anhembi,São Paulo,São Paulo
Davide Carbone,2024-05-26,2024,Allianz Parque,São Paulo,São Paulo
Getúlio Abelha,2024-05-26,2024,Parque Villa-Lobos,São Paulo,São Paulo
Baco Exu do Blues,2024-05-26,2024,Parque Villa-Lobos,São Paulo,São Paulo
Marina Sena,2024-05-26,2024,Parque Villa-Lobos,São Paulo,São Paulo
Maria Gadú,2024-05-26,2024,Parque Villa-Lobos,São Paulo,São Paulo
Fernanda Abreu,2024-05-26,2024,SESC Pinheiros,São Paulo,São Paulo
Urias,2024-05-26,2024,Parque Villa-Lobos,São Paulo,São Paulo
Maria Rita,2024-05-26,2024,Parque Villa-Lobos,São Paulo,São Paulo
Andrea Bocelli,2024-05-26,2024,Allianz Parque,São Paulo,São Paulo
Rico Dalasam,2024-05-26,2024,Parque Villa-Lobos,São Paulo,São Paulo
Catto,2024-05-27,2024,Teatro Mars,São Paulo,São Paulo
Teto Preto,2024-05-27,2024,SESC Carmo,São Paulo,São Paulo
Di Melo,2024-05-28,2024,Fatiado Discos e Cervejas Especiais,São Paulo,São Paulo
Johnny Hooker,2024-05-29,2024,Centro Cultural Tendal da Lapa,São Paulo,São Paulo
Juçara Marçal,2024-05-29,2024,Centro Cultural FIESP,São Paulo,São Paulo
Lorena Simpson,2024-05-29,2024,High Club,São Paulo,São Paulo
Wanessa Camargo,2024-05-29,2024,High Club,São Paulo,São Paulo
Oingo Boingo Former Members,2024-05-29,2024,Espaço Unimed,São Paulo,São Paulo
Eddie,2024-05-30,2024,Casa de Francisca,São Paulo,São Paulo
Totô de Babalong,2024-05-30,2024,Funilaria,São Paulo,São Paulo
Gloria Groove,2024-05-30,2024,Arena Pinheiros,São Paulo,São Paulo
Maurício Pereira e Tonho Penhasco,2024-05-31,2024,Casa de Francisca,São Paulo,São Paulo
Karen Jonz,2024-05-31,2024,SESC Avenida Paulista,São Paulo,São Paulo
Joelma,2024-05-31,2024,Arena Pinheiros,São Paulo,São Paulo
Infamous Glory,2024-06-01,2024,Jai Club,São Paulo,São Paulo
Jenni Sex,2024-06-01,2024,Madame Club,São Paulo,São Paulo
Denuit,2024-06-01,2024,Madame Club,São Paulo,São Paulo
Wade MacNeil,2024-06-01,2024,Carioca Club,São Paulo,São Paulo
Black Pantera,2024-06-01,2024,Gaz Burning Bar,São Paulo,São Paulo
Não Há Mais Volta,2024-06-01,2024,Gaz Burning Bar,São Paulo,São Paulo
Axty,2024-06-01,2024,SESC Belenzinho,São Paulo,São Paulo
Cha Eun Woo,2024-06-01,2024,Vibra São Paulo,São Paulo,São Paulo
Desalmado,2024-06-01,2024,Jai Club,São Paulo,São Paulo
InRaza,2024-06-01,2024,Gaz Burning Bar,São Paulo,São Paulo
Twin Tribes,2024-06-01,2024,Madame Club,São Paulo,São Paulo
Jake Shears,2024-06-01,2024,Campo de Marte,São Paulo,São Paulo
ROT,2024-06-01,2024,Jai Club,São Paulo,São Paulo
Obitto,2024-06-01,2024,Jai Club,São Paulo,São Paulo
Podridão,2024-06-01,2024,Jai Club,São Paulo,São Paulo
Selton,2024-06-01,2024,SESC Pompéia,São Paulo,São Paulo
Gaby Amarantos,2024-06-02,2024,Avenida Paulista,São Paulo,São Paulo
Gloria Groove,2024-06-02,2024,Avenida Paulista,São Paulo,São Paulo
Pabllo Vittar,2024-06-02,2024,Avenida Paulista,São Paulo,São Paulo
Diodato,2024-06-02,2024,SESC Pinheiros,São Paulo,São Paulo
Coralinne,2024-06-02,2024,Hellraiser Rock Bar,São Paulo,São Paulo
DEVILOOF,2024-06-02,2024,Jai Club,São Paulo,São Paulo
Banda Uó,2024-06-02,2024,Avenida Paulista,São Paulo,São Paulo
Test,2024-06-03,2024,Centro da Terra,São Paulo,São Paulo
Juçara Marçal,2024-06-04,2024,Centro da Terra,São Paulo,São Paulo
ANNÁ,2024-06-05,2024,SESC Pinheiros,São Paulo,São Paulo
Metá Metá,2024-06-05,2024,Casa de Francisca,São Paulo,São Paulo
Terno Rei,2024-06-05,2024,Bar Alto,São Paulo,São Paulo
Los Sebosos Postizos,2024-06-06,2024,SESC Pompéia,São Paulo,São Paulo
New Model Army,2024-06-06,2024,Fabrique Club,São Paulo,São Paulo
Black Alien,2024-06-06,2024,Cine Joia,São Paulo,São Paulo
Richard Clayderman,2024-06-06,2024,Espaço Unimed,São Paulo,São Paulo
Metá Metá,2024-06-06,2024,Casa de Francisca,São Paulo,São Paulo
FBC,2024-06-07,2024,Centro Cultural Tendal da Lapa,São Paulo,São Paulo
Laboratori,2024-06-07,2024,Fffront,São Paulo,São Paulo
Interpol,2024-06-07,2024,Audio,São Paulo,São Paulo
Los Sebosos Postizos,2024-06-07,2024,SESC Pompéia,São Paulo,São Paulo
Roots – Sepultura Tributo,2024-06-07,2024,Altas Horas,São Paulo,São Paulo
Amigos,2024-06-07,2024,Allianz Parque,São Paulo,São Paulo
Espacialrias,2024-06-07,2024,Cavalo Estúdio,São Paulo,São Paulo
Patrulha do Espaço,2024-06-07,2024,SESC Belenzinho,São Paulo,São Paulo
Coralinne,2024-06-07,2024,St Paul's Pub,São Paulo,São Paulo
Weedevil,2024-06-08,2024,Fffront,São Paulo,São Paulo
Presidente Judas,2024-06-08,2024,Fffront,São Paulo,São Paulo
Os Brutus,2024-06-08,2024,Carioca Club,São Paulo,São Paulo
Los Sebosos Postizos,2024-06-08,2024,SESC Pompéia,São Paulo,São Paulo
Matogrosso & Mathias,2024-06-08,2024,,São Paulo,São Paulo
New Model Army,2024-06-08,2024,Carioca Club,São Paulo,São Paulo
Interpol,2024-06-08,2024,Audio,São Paulo,São Paulo
Fábio Jr.,2024-06-08,2024,Tokio Marine Hall,São Paulo,São Paulo
Carne Doce,2024-06-08,2024,SESC Belenzinho,São Paulo,São Paulo
Revenge of Kiss,2024-06-08,2024,Woodstock Rock Store,São Paulo,São Paulo
Innabrain,2024-06-08,2024,Porão da Cerveja,São Paulo,São Paulo
FoxHeads,2024-06-08,2024,Woodstock Rock Store,São Paulo,São Paulo
Raça Negra,2024-06-08,2024,Vibra São Paulo,São Paulo,São Paulo
The Beast Experience,2024-06-08,2024,Teatro UMC,São Paulo,São Paulo
boasorte,2024-06-08,2024,A Porta Maldita,São Paulo,São Paulo
Arrigo Barnabé,2024-06-09,2024,Bona Casa de Música,São Paulo,São Paulo
Facada,2024-06-09,2024,VIP Station,São Paulo,São Paulo
Conception,2024-06-09,2024,Carioca Club,São Paulo,São Paulo
Xamã,2024-06-09,2024,Allianz Parque,São Paulo,São Paulo
Thedy Corrêa,2024-06-09,2024,Allianz Parque,São Paulo,São Paulo
JUNIOR,2024-06-09,2024,Allianz Parque,São Paulo,São Paulo
WIU,2024-06-09,2024,Allianz Parque,São Paulo,São Paulo
Xand Avião,2024-06-09,2024,Allianz Parque,São Paulo,São Paulo
MC Hariel,2024-06-09,2024,Allianz Parque,São Paulo,São Paulo
Vulcano,2024-06-09,2024,VIP Station,São Paulo,São Paulo
Trio Virgulino,2024-06-09,2024,SESC Interlagos,São Paulo,São Paulo
Léo Santana,2024-06-09,2024,Allianz Parque,São Paulo,São Paulo
Juliette,2024-06-09,2024,Allianz Parque,São Paulo,São Paulo
Armiferum,2024-06-09,2024,Carioca Club,São Paulo,São Paulo
Carlinhos Brown,2024-06-09,2024,Allianz Parque,São Paulo,São Paulo
LUDMILLA,2024-06-09,2024,Allianz Parque,São Paulo,São Paulo
Velho,2024-06-09,2024,VIP Station,São Paulo,São Paulo
Cemitério,2024-06-09,2024,VIP Station,São Paulo,São Paulo
Grupo Menos é Mais,2024-06-09,2024,Allianz Parque,São Paulo,São Paulo
Maestrick,2024-06-09,2024,Carioca Club,São Paulo,São Paulo
Armandinho,2024-06-09,2024,Allianz Parque,São Paulo,São Paulo
Turma do Pagode,2024-06-09,2024,Allianz Parque,São Paulo,São Paulo
Lexa,2024-06-09,2024,Allianz Parque,São Paulo,São Paulo
Mc Don Juan,2024-06-09,2024,Allianz Parque,São Paulo,São Paulo
MC Davi,2024-06-09,2024,Allianz Parque,São Paulo,São Paulo
PEDRO SAMPAIO,2024-06-09,2024,Allianz Parque,São Paulo,São Paulo
Luísa Sonza,2024-06-09,2024,Allianz Parque,São Paulo,São Paulo
Mc Daniel,2024-06-09,2024,Allianz Parque,São Paulo,São Paulo
DUDA BEAT,2024-06-09,2024,Allianz Parque,São Paulo,São Paulo
Ferrugem,2024-06-09,2024,Allianz Parque,São Paulo,São Paulo
Cristiano Quevedo,2024-06-09,2024,Allianz Parque,São Paulo,São Paulo
Vitor Kley,2024-06-09,2024,Allianz Parque,São Paulo,São Paulo
FBC,2024-06-09,2024,Centro Cultural Tendal da Lapa,São Paulo,São Paulo
Venom Inc.,2024-06-09,2024,VIP Station,São Paulo,São Paulo
Possessed,2024-06-09,2024,VIP Station,São Paulo,São Paulo
Luan Pereira,2024-06-09,2024,Allianz Parque,São Paulo,São Paulo
Zé Felipe,2024-06-09,2024,Allianz Parque,São Paulo,São Paulo
Gloria Groove,2024-06-09,2024,Allianz Parque,São Paulo,São Paulo
Elton Saldanha,2024-06-09,2024,Allianz Parque,São Paulo,São Paulo
Esteban Tavares,2024-06-09,2024,Augusta Hi-Fi,São Paulo,São Paulo
POCAH,2024-06-09,2024,Allianz Parque,São Paulo,São Paulo
O Teatro Mágico,2024-06-09,2024,Teatro J. Safra,São Paulo,São Paulo
Test,2024-06-10,2024,Centro da Terra,São Paulo,São Paulo
Rodrigo Teaser,2024-06-10,2024,The Noite com Danilo Gentili,Osasco,São Paulo
Facada,2024-06-10,2024,Fenda 315,São Paulo,São Paulo
Liniker,2024-06-11,2024,Teatro Bradesco,São Paulo,São Paulo
Juçara Marçal,2024-06-11,2024,Centro da Terra,São Paulo,São Paulo
Daniel,2024-06-12,2024,Programa Eliana,Osasco,São Paulo
Jota Quest,2024-06-12,2024,Estação Sé,São Paulo,São Paulo
Arrigo Barnabé,2024-06-12,2024,Casa de Francisca,São Paulo,São Paulo
Tiago Iorc,2024-06-12,2024,Teatro Bradesco,São Paulo,São Paulo
Zezé Di Camargo & Luciano,2024-06-12,2024,Espaço Unimed,São Paulo,São Paulo
ÀIYÉ,2024-06-13,2024,Picles Cardeal,São Paulo,São Paulo
Tagore,2024-06-13,2024,Mundo Pensante,São Paulo,São Paulo
MC Soffia,2024-06-13,2024,Funilaria,São Paulo,São Paulo
Lúcio Maia,2024-06-13,2024,Mundo Pensante,São Paulo,São Paulo
Enthroned,2024-06-13,2024,La Iglesia Borratxeria,São Paulo,São Paulo
Black Pantera,2024-06-13,2024,SESC Pompéia,São Paulo,São Paulo
NervoChaos,2024-06-13,2024,La Iglesia Borratxeria,São Paulo,São Paulo
Introtyl,2024-06-13,2024,La Iglesia Borratxeria,São Paulo,São Paulo
Alzira E + Corte,2024-06-13,2024,Picles Cardeal,São Paulo,São Paulo
Nenhum de Nós,2024-06-14,2024,Teatro B32,São Paulo,São Paulo
Rico Dalasam,2024-06-14,2024,SESC Belenzinho,São Paulo,São Paulo
Péricles,2024-06-14,2024,Audio,São Paulo,São Paulo
Paulo Miklos,2024-06-14,2024,SESC Pinheiros,São Paulo,São Paulo
Marcelo Jeneci,2024-06-14,2024,SESC Pompéia,São Paulo,São Paulo
ballburya,2024-06-14,2024,Cardeal Pub,São Paulo,São Paulo
ANAVITÓRIA & Nando Reis,2024-06-14,2024,Espaço Unimed,São Paulo,São Paulo
365,2024-06-14,2024,London Calling Discos,São Paulo,São Paulo
DJ Guih da ZO,2024-06-14,2024,Void General Store,São Paulo,São Paulo
Boyce Avenue,2024-06-15,2024,VIP Station,São Paulo,São Paulo
Frontinn,2024-06-15,2024,Caracol Bar,São Paulo,São Paulo
Sandy,2024-06-15,2024,Espaço Unimed,São Paulo,São Paulo
Jota Quest,2024-06-15,2024,Allianz Parque,São Paulo,São Paulo
Mariana Nolasco,2024-06-15,2024,VIP Station,São Paulo,São Paulo
POCAH,2024-06-15,2024,Audio,São Paulo,São Paulo
Gabriel Gonti,2024-06-15,2024,VIP Station,São Paulo,São Paulo
Marcelo Jeneci,2024-06-15,2024,SESC Pompéia,São Paulo,São Paulo
Nuclearphobia,2024-06-15,2024,Shub House,São Paulo,São Paulo
Chão de Taco,2024-06-15,2024,Hangar 110,São Paulo,São Paulo
MC Soffia,2024-06-15,2024,Audio,São Paulo,São Paulo
Paulo Miklos,2024-06-15,2024,SESC Pinheiros,São Paulo,São Paulo
Funk Como Le Gusta,2024-06-15,2024,Tarantino Cervejaria,São Paulo,São Paulo
O Grilo,2024-06-15,2024,Casa Natura Musical,São Paulo,São Paulo
DUDA BEAT,2024-06-15,2024,Audio,São Paulo,São Paulo
Menores Atos,2024-06-15,2024,Hangar 110,São Paulo,São Paulo
Picanha de Chernobill,2024-06-16,2024,Avenida Paulista,São Paulo,São Paulo
Sandy,2024-06-16,2024,Espaço Unimed,São Paulo,São Paulo
DJ Marky,2024-06-16,2024,D-Edge Club,São Paulo,São Paulo
Rancore,2024-06-16,2024,Cine Joia,São Paulo,São Paulo
Nomade Orquestra,2024-06-16,2024,SESC Pinheiros,São Paulo,São Paulo
City and Colour,2024-06-16,2024,Tokio Marine Hall,São Paulo,São Paulo
Test,2024-06-17,2024,Centro da Terra,São Paulo,São Paulo
Tangolo Mangos,2024-06-20,2024,Casa Natura Musical,São Paulo,São Paulo
Crânula,2024-06-20,2024,Depois do Fim do Mundo Estúdio,São Paulo,São Paulo
Lúcio Maia,2024-06-20,2024,CineSesc,São Paulo,São Paulo
Sophia Chablau e Uma Enorme Perda de Tempo,2024-06-20,2024,Casa Natura Musical,São Paulo,São Paulo
Karnak,2024-06-20,2024,Blue Note São Paulo,São Paulo,São Paulo
Zeca Pagodinho,2024-06-21,2024,Espaço Unimed,São Paulo,São Paulo
Pitty,2024-06-21,2024,Terra SP,São Paulo,São Paulo
Far from Alaska,2024-06-21,2024,SESC Santana,São Paulo,São Paulo
Discharge,2024-06-21,2024,Carioca Club,São Paulo,São Paulo
BNegão,2024-06-21,2024,Cinemateca Brasileira,São Paulo,São Paulo
Hermeto Pascoal,2024-06-21,2024,SESC Vila Mariana,São Paulo,São Paulo
365,2024-06-21,2024,SESC Belenzinho,São Paulo,São Paulo
Havok,2024-06-21,2024,Carioca Club,São Paulo,São Paulo
Midnight,2024-06-21,2024,Carioca Club,São Paulo,São Paulo
Manger Cadavre?,2024-06-21,2024,Carioca Club,São Paulo,São Paulo
Rodrigo Teaser,2024-06-22,2024,Tokio Marine Hall,São Paulo,São Paulo
lōtico,2024-06-22,2024,A Porta Maldita,São Paulo,São Paulo
Dead Fish,2024-06-22,2024,Cine Joia,São Paulo,São Paulo
Capote,2024-06-22,2024,Fffront,São Paulo,São Paulo
Zeca Pagodinho,2024-06-22,2024,Espaço Unimed,São Paulo,São Paulo
Zander,2024-06-22,2024,Hangar 110,São Paulo,São Paulo
Nameless Gods,2024-06-22,2024,A Porta Maldita,São Paulo,São Paulo
Charli xcx,2024-06-22,2024,Zig Studio,São Paulo,São Paulo
Arrigo Barnabé,2024-06-22,2024,Galeria Olido,São Paulo,São Paulo
Bong Brigade,2024-06-22,2024,Fenda 315,São Paulo,São Paulo
Matanza Ritual,2024-06-22,2024,Audio,São Paulo,São Paulo
Marisa Monte,2024-06-22,2024,Praça do Relógio da Universidade de São Paulo (USP),São Paulo,São Paulo
Hermeto Pascoal,2024-06-22,2024,SESC Vila Mariana,São Paulo,São Paulo
Di Ferrero,2024-06-22,2024,Parque do Ibirapuera,São Paulo,São Paulo
Massacration,2024-06-22,2024,Audio,São Paulo,São Paulo
Bazuros,2024-06-22,2024,Sol Y Sombra,São Paulo,São Paulo
Evergrey,2024-06-22,2024,Carioca Club,São Paulo,São Paulo
The Obsessed,2024-06-22,2024,City Lights Music Hall,São Paulo,São Paulo
CPM 22,2024-06-22,2024,Parque do Ibirapuera,São Paulo,São Paulo
Hamilton de Holanda,2024-06-22,2024,SESC Pinheiros,São Paulo,São Paulo
Joe Bonamassa,2024-06-22,2024,Parque do Ibirapuera,São Paulo,São Paulo
Espectro,2024-06-22,2024,City Lights Music Hall,São Paulo,São Paulo
Eric Gales,2024-06-22,2024,Parque do Ibirapuera,São Paulo,São Paulo
Zakk Sabbath,2024-06-22,2024,Parque do Ibirapuera,São Paulo,São Paulo
Pesta,2024-06-22,2024,City Lights Music Hall,São Paulo,São Paulo
Tulipa Ruiz,2024-06-23,2024,Casa Natura Musical,São Paulo,São Paulo
Hermeto Pascoal,2024-06-23,2024,SESC Vila Mariana,São Paulo,São Paulo
Paira,2024-06-23,2024,Bar Alto,São Paulo,São Paulo
Hamilton de Holanda,2024-06-23,2024,SESC Pinheiros,São Paulo,São Paulo
Rodrigo Teaser,2024-06-23,2024,Tokio Marine Hall,São Paulo,São Paulo
Rancore,2024-06-23,2024,Cine Joia,São Paulo,São Paulo
Mundo Video,2024-06-23,2024,Bar Alto,São Paulo,São Paulo
Jovens Ateus,2024-06-23,2024,Jai Club,São Paulo,São Paulo
Test,2024-06-24,2024,Centro da Terra,São Paulo,São Paulo
Marisa Monte,2024-06-24,2024,Centro de Difusão Internacional da Universidade de São Paulo (CDI-USP),São Paulo,São Paulo
Maurício Pereira e Tonho Penhasco,2024-06-25,2024,Pulso Hotel,São Paulo,São Paulo
BLITZ,2024-06-25,2024,Pavilhão do Transamerica Expo Center,São Paulo,São Paulo
Rancore,2024-06-26,2024,Bar Alto,São Paulo,São Paulo
Jadsa,2024-06-26,2024,SESC Pinheiros,São Paulo,São Paulo
Tangolo Mangos,2024-06-26,2024,A Porta Maldita,São Paulo,São Paulo
Luiza Possi,2024-06-26,2024,Pavilhão do Transamerica Expo Center,São Paulo,São Paulo
Josyara,2024-06-26,2024,Centro Cultural São Paulo,São Paulo,São Paulo
IVE,2024-06-26,2024,Espaço Unimed,São Paulo,São Paulo
Os Paralamas do Sucesso,2024-06-27,2024,Pavilhão do Transamerica Expo Center,São Paulo,São Paulo
Tiganá Santana,2024-06-27,2024,SESC Pompéia,São Paulo,São Paulo
Chitãozinho & Xororó,2024-06-27,2024,Allianz Parque,São Paulo,São Paulo
Ana Frango Elétrico,2024-06-28,2024,Auditório Rubens Borba de Moraes,São Paulo,São Paulo
João Suplicy,2024-06-28,2024,Teatro B32,São Paulo,São Paulo
Children of the Beast,2024-06-28,2024,Morrison Rock Bar,São Paulo,São Paulo
Silibrina,2024-06-28,2024,Cine Joia,São Paulo,São Paulo
Quartabê,2024-06-28,2024,SESC Vila Mariana,São Paulo,São Paulo
Death Of Caligari,2024-06-28,2024,cafundó,São Paulo,São Paulo
Lagum,2024-06-28,2024,Espaço Unimed,São Paulo,São Paulo
Ego Kill Talent,2024-06-28,2024,SESC Avenida Paulista,São Paulo,São Paulo
Falling Ashes,2024-06-28,2024,Porão da Cerveja,São Paulo,São Paulo
Heaven’s Guardian,2024-06-28,2024,Teatro Gamaro,São Paulo,São Paulo
Tiganá Santana,2024-06-28,2024,SESC Pompéia,São Paulo,São Paulo
Os Garotin,2024-06-29,2024,Parque do Ibirapuera,São Paulo,São Paulo
Catto,2024-06-29,2024,Parque do Ibirapuera,São Paulo,São Paulo
Chitãozinho & Xororó,2024-06-29,2024,Parque do Ibirapuera,São Paulo,São Paulo
Nação Zumbi,2024-06-29,2024,Parque do Ibirapuera,São Paulo,São Paulo
Chico César & Zeca Baleiro,2024-06-29,2024,Parque do Ibirapuera,São Paulo,São Paulo
Fresno,2024-06-29,2024,Parque do Ibirapuera,São Paulo,São Paulo
Ego Kill Talent,2024-06-29,2024,SESC Avenida Paulista,São Paulo,São Paulo
Banda Uó,2024-06-29,2024,Parque do Ibirapuera,São Paulo,São Paulo
Capital Inicial,2024-06-29,2024,Espaço Unimed,São Paulo,São Paulo
Espacialrias,2024-06-29,2024,A Porta Maldita,São Paulo,São Paulo
PRISCILLA,2024-06-30,2024,Tokio Marine Hall,São Paulo,São Paulo
Capital Inicial,2024-06-30,2024,Espaço Unimed,São Paulo,São Paulo
Djavan,2024-06-30,2024,Parque do Ibirapuera,São Paulo,São Paulo
Assucena,2024-06-30,2024,Parque do Ibirapuera,São Paulo,São Paulo
Mãeana,2024-06-30,2024,Parque do Ibirapuera,São Paulo,São Paulo
MC Cabelinho,2024-06-30,2024,Parque do Ibirapuera,São Paulo,São Paulo
Armandinho,2024-06-30,2024,Parque do Ibirapuera,São Paulo,São Paulo
Alcione,2024-06-30,2024,Parque do Ibirapuera,São Paulo,São Paulo
Revenge of Kiss,2024-06-30,2024,Woodstock Rock Store,São Paulo,São Paulo
Axty,2024-06-30,2024,Jai Club,São Paulo,São Paulo
Rockfun Legends,2024-06-30,2024,Woodstock Rock Store,São Paulo,São Paulo
Bruxax,2024-06-30,2024,Woodstock Rock Store,São Paulo,São Paulo
Oitão,2024-06-30,2024,Woodstock Rock Store,São Paulo,São Paulo
Dr. Sin,2024-06-30,2024,Woodstock Rock Store,São Paulo,São Paulo
Adriana Calcanhotto,2024-06-30,2024,Parque do Ibirapuera,São Paulo,São Paulo
Espacialrias,2024-07-03,2024,Porão da Cerveja,São Paulo,São Paulo
Diogo Defante,2024-07-03,2024,Facebook Brasil,São Paulo,São Paulo
Angus & Julia Stone,2024-07-03,2024,Cine Joia,São Paulo,São Paulo
Valesca Popozuda,2024-07-04,2024,Funilaria,São Paulo,São Paulo
Kiko Dinucci,2024-07-04,2024,Casa de Francisca,São Paulo,São Paulo
Red Razor,2024-07-05,2024,Fffront,São Paulo,São Paulo
Projetonave,2024-07-05,2024,A Porta Maldita,São Paulo,São Paulo
Tulipa Ruiz,2024-07-05,2024,SESC Belenzinho,São Paulo,São Paulo
Os Replicantes,2024-07-05,2024,SESC Avenida Paulista,São Paulo,São Paulo
Russo Passapusso,2024-07-05,2024,SESC Pompéia,São Paulo,São Paulo
The Manhattans,2024-07-05,2024,Espaço Unimed,São Paulo,São Paulo
Cobra Spell,2024-07-05,2024,Jai Club,São Paulo,São Paulo
Cidade Dormitório,2024-07-06,2024,Picles Cardeal,São Paulo,São Paulo
Maglore,2024-07-06,2024,Casa Natura Musical,São Paulo,São Paulo
The Beast Experience,2024-07-06,2024,Manifesto Bar,São Paulo,São Paulo
Hurtmold,2024-07-06,2024,Centro Cultural da Juventude Ruth Cardoso,São Paulo,São Paulo
Ancestral Malediction,2024-07-06,2024,House of Legends,São Paulo,São Paulo
Sinister,2024-07-06,2024,House of Legends,São Paulo,São Paulo
Podridão,2024-07-06,2024,House of Legends,São Paulo,São Paulo
Ouse Morrer,2024-07-06,2024,Cervejaria Rat,São Paulo,São Paulo
Michael Sullivan &Paulo Massadas,2024-07-06,2024,Cine Joia,São Paulo,São Paulo
Cefa,2024-07-06,2024,Hangar 110,São Paulo,São Paulo
DJ K,2024-07-06,2024,Void General Store,São Paulo,São Paulo
Os Replicantes,2024-07-06,2024,SESC Avenida Paulista,São Paulo,São Paulo
Thiaguinho,2024-07-06,2024,Espaço Unimed,São Paulo,São Paulo
Vulture,2024-07-06,2024,House of Legends,São Paulo,São Paulo
Halleck,2024-07-06,2024,Depois do Fim do Mundo Estúdio,São Paulo,São Paulo
Roots – Sepultura Tributo,2024-07-06,2024,Cardeal Pub,São Paulo,São Paulo
Grinders,2024-07-07,2024,Arena Show SP,São Paulo,São Paulo
Korja,2024-07-07,2024,Arena Show SP,São Paulo,São Paulo
Emphuria,2024-07-07,2024,Arena Show SP,São Paulo,São Paulo
Plastic Fire,2024-07-07,2024,Arena Show SP,São Paulo,São Paulo
Halleck,2024-07-07,2024,Fábrica de Cultura da Cidade Tiradentes,São Paulo,São Paulo
Dharma Numb,2024-07-07,2024,Arena Show SP,São Paulo,São Paulo
Coralinne,2024-07-07,2024,Avenida Paulista,São Paulo,São Paulo
Laboratori,2024-07-07,2024,Arena Show SP,São Paulo,São Paulo
Vanguart,2024-07-08,2024,Largo do Paissandu,São Paulo,São Paulo
Boogarins,2024-07-08,2024,Largo do Paissandu,São Paulo,São Paulo
Forró Saborear,2024-07-08,2024,Terra SP,São Paulo,São Paulo
Calcinha Preta,2024-07-08,2024,Terra SP,São Paulo,São Paulo
Carne Doce,2024-07-08,2024,Largo do Paissandu,São Paulo,São Paulo
lōtico,2024-07-08,2024,Fenda 315,São Paulo,São Paulo
Institution,2024-07-08,2024,Fenda 315,São Paulo,São Paulo
Nação Zumbi,2024-07-09,2024,SESC Interlagos,São Paulo,São Paulo
Guilherme de Sá,2024-07-09,2024,Campo de Marte - Hangar 2,São Paulo,São Paulo
Karol Conká,2024-07-09,2024,Audio,São Paulo,São Paulo
Plutão Já Foi Planeta,2024-07-09,2024,Teatro Flávio Império,São Paulo,São Paulo
Duquesa,2024-07-09,2024,Centro Cultural São Paulo,São Paulo,São Paulo
normA,2024-07-09,2024,Teatro Flávio Império,São Paulo,São Paulo
Ema Stoned,2024-07-09,2024,Teatro Flávio Império,São Paulo,São Paulo
Black Circle,2024-07-10,2024,Teatro Bradesco,São Paulo,São Paulo
Garotos Podres,2024-07-10,2024,Centro Cultural da Juventude Ruth Cardoso,São Paulo,São Paulo
Black Pantera,2024-07-10,2024,Centro Cultural da Juventude Ruth Cardoso,São Paulo,São Paulo
Punho de Mahin,2024-07-10,2024,Centro Cultural da Juventude Ruth Cardoso,São Paulo,São Paulo
Planet Hemp,2024-07-11,2024,Espaço Unimed,São Paulo,São Paulo
Dominatrix,2024-07-11,2024,Centro Cultural da Diversidade,São Paulo,São Paulo
Arrigo Barnabé,2024-07-11,2024,Picles Cardeal,São Paulo,São Paulo
Tatá Aeroplano,2024-07-11,2024,SESC Pompéia,São Paulo,São Paulo
Milieu,2024-07-11,2024,A Porta Maldita,São Paulo,São Paulo
Mark Tuan,2024-07-11,2024,Cine Joia,São Paulo,São Paulo
Retrato,2024-07-11,2024,A Porta Maldita,São Paulo,São Paulo
Emicaeli,2024-07-11,2024,A Porta Maldita,São Paulo,São Paulo
Zaynara,2024-07-12,2024,Funilaria,São Paulo,São Paulo
Terno Rei,2024-07-12,2024,Casa de Cultura do Butantã,São Paulo,São Paulo
Maglore,2024-07-12,2024,Casa de Cultura do Butantã,São Paulo,São Paulo
MEE,2024-07-12,2024,Estúdio Páprica,São Paulo,São Paulo
Marcos Valle,2024-07-12,2024,Cine Joia,São Paulo,São Paulo
normA,2024-07-12,2024,Casa de Cultura do Butantã,São Paulo,São Paulo
Nina Maia,2024-07-12,2024,SESC Belenzinho,São Paulo,São Paulo
Yohan Kisser,2024-07-12,2024,Autódromo de Interlagos,São Paulo,São Paulo
Dead Fish,2024-07-12,2024,SESC Campo Limpo,São Paulo,São Paulo
Vivendo do Ócio,2024-07-12,2024,Casa de Cultura do Butantã,São Paulo,São Paulo
Ultraje a rigor,2024-07-13,2024,Tokio Marine Hall,São Paulo,São Paulo
Korzus,2024-07-13,2024,Centro Esportivo e de Lazer Tietê,São Paulo,São Paulo
Oitão,2024-07-13,2024,Centro Esportivo e de Lazer Tietê,São Paulo,São Paulo
Suicidal Tendencies,2024-07-13,2024,Centro Esportivo e de Lazer Tietê,São Paulo,São Paulo
Inocentes,2024-07-13,2024,Centro Esportivo e de Lazer Tietê,São Paulo,São Paulo
CPM 22,2024-07-13,2024,Audio,São Paulo,São Paulo
Cali,2024-07-13,2024,Centro Esportivo e de Lazer Tietê,São Paulo,São Paulo
Zumbis do Espaço,2024-07-13,2024,Centro Cultural Tendal da Lapa,São Paulo,São Paulo
365,2024-07-13,2024,Tokio Marine Hall,São Paulo,São Paulo
Possuído Pelo Cão,2024-07-13,2024,Red Star Studios,São Paulo,São Paulo
Invasores de Cérebros,2024-07-13,2024,Red Star Studios,São Paulo,São Paulo
AttracthA,2024-07-13,2024,Manifesto Bar,São Paulo,São Paulo
Hiatus,2024-07-13,2024,Red Star Studios,São Paulo,São Paulo
Dischavizer,2024-07-13,2024,Red Star Studios,São Paulo,São Paulo
YMA,2024-07-13,2024,Casa Rockambole,São Paulo,São Paulo
Jadsa,2024-07-13,2024,Casa Rockambole,São Paulo,São Paulo
Children of the Beast,2024-07-13,2024,Mister Bar,São Paulo,São Paulo
Jimmy “Bo” Horne,2024-07-13,2024,Allianz Parque,São Paulo,São Paulo
Rael,2024-07-13,2024,Allianz Parque,São Paulo,São Paulo
Catto,2024-07-13,2024,SESC Santana,São Paulo,São Paulo
Raimundos,2024-07-13,2024,Tokio Marine Hall,São Paulo,São Paulo
Ema Stoned,2024-07-13,2024,Cine Joia,São Paulo,São Paulo
Artigo DZ9?,2024-07-13,2024,Centro Cultural Tendal da Lapa,São Paulo,São Paulo
Criolo,2024-07-13,2024,Allianz Parque,São Paulo,São Paulo
Odeon,2024-07-13,2024,Hangar 110,São Paulo,São Paulo
Anna Vis,2024-07-13,2024,Ágora Teatro,São Paulo,São Paulo
The Troops of Doom,2024-07-13,2024,La Iglesia Borratxeria,São Paulo,São Paulo
Pentacrostic,2024-07-13,2024,La Iglesia Borratxeria,São Paulo,São Paulo
Rockfun Legends,2024-07-13,2024,Centro Esportivo e de Lazer Tietê,São Paulo,São Paulo
The Biggs,2024-07-13,2024,Cine Joia,São Paulo,São Paulo
As Mercenárias,2024-07-13,2024,Cine Joia,São Paulo,São Paulo
Jorge Du Peixe,2024-07-13,2024,City Lights Music Hall,São Paulo,São Paulo
Wizards,2024-07-13,2024,Centro Cultural da Penha,São Paulo,São Paulo
Mano Brown,2024-07-13,2024,Allianz Parque,São Paulo,São Paulo
Lauryn Hill,2024-07-13,2024,Allianz Parque,São Paulo,São Paulo
Sandra de Sá,2024-07-13,2024,Allianz Parque,São Paulo,São Paulo
Sinistra,2024-07-13,2024,Manifesto Bar,São Paulo,São Paulo
Dominatrix,2024-07-13,2024,Cine Joia,São Paulo,São Paulo
Corja,2024-07-13,2024,Centro Esportivo e de Lazer Tietê,São Paulo,São Paulo
Eskröta,2024-07-13,2024,Centro Cultural Tendal da Lapa,São Paulo,São Paulo
The Mönic,2024-07-13,2024,Cine Joia,São Paulo,São Paulo
JUN. K,2024-07-14,2024,Audio,São Paulo,São Paulo
Urutu,2024-07-14,2024,Centro Cultural Tendal da Lapa,São Paulo,São Paulo
BK,2024-07-14,2024,Espaço Unimed,São Paulo,São Paulo
Catto,2024-07-14,2024,SESC Santana,São Paulo,São Paulo
A Banda Mais Bonita da Cidade,2024-07-14,2024,Casa Natura Musical,São Paulo,São Paulo
Halleck,2024-07-14,2024,ECL Fofão Rock'n Bar,São Paulo,São Paulo
Vazio,2024-07-14,2024,Centro Cultural Tendal da Lapa,São Paulo,São Paulo
Possuído Pelo Cão,2024-07-14,2024,Centro Cultural Tendal da Lapa,São Paulo,São Paulo
Hellway Train,2024-07-14,2024,Centro Cultural Tendal da Lapa,São Paulo,São Paulo
ballburya,2024-07-14,2024,House of Legends,São Paulo,São Paulo
Paura,2024-07-14,2024,Centro Cultural Tendal da Lapa,São Paulo,São Paulo
Sadistic Messiah,2024-07-14,2024,Centro Cultural Tendal da Lapa,São Paulo,São Paulo
Roots – Sepultura Tributo,2024-07-14,2024,Avenida Paulista,São Paulo,São Paulo
Massacration,2024-07-16,2024,The Noite com Danilo Gentili,Osasco,São Paulo
Bruno Gadiol,2024-07-17,2024,Blue Note São Paulo,São Paulo,São Paulo
Allen Key,2024-07-18,2024,Manifesto Bar,São Paulo,São Paulo
ZAQ,2024-07-18,2024,Pavilhão de Exposições do Anhembi,São Paulo,São Paulo
Luísa Sonza,2024-07-18,2024,Parque do Ibirapuera,São Paulo,São Paulo
Orange Disaster,2024-07-18,2024,A Porta Maldita,São Paulo,São Paulo
MC Cabelinho,2024-07-18,2024,Parque do Ibirapuera,São Paulo,São Paulo
Fuzz Sagrado,2024-07-18,2024,Fabrique Club,São Paulo,São Paulo
Catto,2024-07-18,2024,Caixa Cultural São Paulo,São Paulo,São Paulo
nano.RIPE,2024-07-18,2024,Pavilhão de Exposições do Anhembi,São Paulo,São Paulo
Mateus Fazeno Rock,2024-07-18,2024,Casa Natura Musical,São Paulo,São Paulo
Roland Grapow,2024-07-18,2024,Manifesto Bar,São Paulo,São Paulo
Clutch,2024-07-18,2024,Fabrique Club,São Paulo,São Paulo
Jão,2024-07-18,2024,Parque do Ibirapuera,São Paulo,São Paulo
Iara Rennó,2024-07-19,2024,Picles Cardeal,São Paulo,São Paulo
Mariana Aydar,2024-07-19,2024,Caixa Cultural São Paulo,São Paulo,São Paulo
Arquétipo Rafa,2024-07-19,2024,Picles Cardeal,São Paulo,São Paulo
The Lemonheads,2024-07-19,2024,Cine Joia,São Paulo,São Paulo
Sara Hebe,2024-07-19,2024,Sol Y Sombra,São Paulo,São Paulo
Jaloo,2024-07-19,2024,SESC Pompéia,São Paulo,São Paulo
Thaíde,2024-07-19,2024,Secilians Shop,São Paulo,São Paulo
Takeru,2024-07-19,2024,Pavilhão de Exposições do Anhembi,São Paulo,São Paulo
ANNÁ,2024-07-19,2024,Odette,São Paulo,São Paulo
Wa-suta,2024-07-19,2024,Pavilhão de Exposições do Anhembi,São Paulo,São Paulo
Badi Assad,2024-07-19,2024,Itaú Cultural,São Paulo,São Paulo
ALI,2024-07-19,2024,Pavilhão de Exposições do Anhembi,São Paulo,São Paulo
Thunderbird,2024-07-19,2024,Cine Joia,São Paulo,São Paulo
Johnny Hooker,2024-07-19,2024,Audio,São Paulo,São Paulo
Saleka,2024-07-19,2024,Shopping Iguatemi,São Paulo,São Paulo
Badi Assad,2024-07-20,2024,SESC Pinheiros,São Paulo,São Paulo
Rockfun Legends,2024-07-20,2024,Casa de Cultura Chico Science,São Paulo,São Paulo
Esteban Tavares,2024-07-20,2024,City Lights Music Hall,São Paulo,São Paulo
nano.RIPE,2024-07-20,2024,Pavilhão de Exposições do Anhembi,São Paulo,São Paulo
Anelis Assumpção,2024-07-20,2024,Itaú Cultural,São Paulo,São Paulo
Refugio,2024-07-20,2024,Jai Club,São Paulo,São Paulo
Malvada,2024-07-20,2024,Casa de Cultura Chico Science,São Paulo,São Paulo
Garotos Podres,2024-07-20,2024,Galeria Olido,São Paulo,São Paulo
Duquesa,2024-07-20,2024,Centro Cultural Vila Itororó,São Paulo,São Paulo
Oitão,2024-07-20,2024,Casa de Cultura Chico Science,São Paulo,São Paulo
HellLight,2024-07-20,2024,Red Star Studios,São Paulo,São Paulo
Vickeblanka,2024-07-20,2024,Pavilhão de Exposições do Anhembi,São Paulo,São Paulo
Polako,2024-07-20,2024,City Lights Music Hall,São Paulo,São Paulo
VHOOR,2024-07-20,2024,Void General Store,São Paulo,São Paulo
Xande de Pilares,2024-07-20,2024,Espaço Unimed,São Paulo,São Paulo
Escombro,2024-07-20,2024,Casa de Cultura Chico Science,São Paulo,São Paulo
Meu Funeral,2024-07-20,2024,Casa AlgoHits,São Paulo,São Paulo
Siegrid Ingrid,2024-07-20,2024,Casa de Cultura Chico Science,São Paulo,São Paulo
Larissa Luz,2024-07-20,2024,Caixa Cultural São Paulo,São Paulo,São Paulo
Don L,2024-07-20,2024,SESC Belenzinho,São Paulo,São Paulo
ClariS,2024-07-20,2024,Pavilhão de Exposições do Anhembi,São Paulo,São Paulo
Zander,2024-07-20,2024,City Lights Music Hall,São Paulo,São Paulo
Jaloo,2024-07-20,2024,SESC Pompéia,São Paulo,São Paulo
ALI,2024-07-21,2024,Pavilhão de Exposições do Anhembi,São Paulo,São Paulo
Cólera,2024-07-21,2024,Galeria Olido,São Paulo,São Paulo
Rachel Reis,2024-07-21,2024,Caixa Cultural São Paulo,São Paulo,São Paulo
Red Fox,2024-07-21,2024,Centro Esportivo e de Lazer Tietê,São Paulo,São Paulo
Medulla,2024-07-21,2024,SESC Interlagos,São Paulo,São Paulo
Rockfun Legends,2024-07-21,2024,Centro Esportivo e de Lazer Tietê,São Paulo,São Paulo
Edson & Hudson,2024-07-21,2024,Centro Esportivo e de Lazer Tietê,São Paulo,São Paulo
Wizards,2024-07-21,2024,Manifesto Bar,São Paulo,São Paulo
Living Metal,2024-07-21,2024,Manifesto Bar,São Paulo,São Paulo
Hillbilly Rawhide,2024-07-21,2024,Centro Esportivo e de Lazer Tietê,São Paulo,São Paulo
Hurtmold,2024-07-21,2024,Centro Cultural Tendal da Lapa,São Paulo,São Paulo
Malta,2024-07-21,2024,Centro Esportivo e de Lazer Tietê,São Paulo,São Paulo
Dogma,2024-07-21,2024,Carioca Club,São Paulo,São Paulo
Gabi e Rapha,2024-07-21,2024,Centro Esportivo e de Lazer Tietê,São Paulo,São Paulo
Salário Mínimo,2024-07-21,2024,Manifesto Bar,São Paulo,São Paulo
ROOKiEZ is PUNK’D,2024-07-21,2024,Pavilhão de Exposições do Anhembi,São Paulo,São Paulo
Zumbis do Espaço,2024-07-21,2024,Manifesto Bar,São Paulo,São Paulo
Wind Rose,2024-07-21,2024,Carioca Club,São Paulo,São Paulo
Dogma,2024-07-23,2024,Casa Áurea,São Paulo,São Paulo
Izzy Gordon,2024-07-23,2024,Galeria Olido,São Paulo,São Paulo
Kombi,2024-07-23,2024,Estúdio Páprica,São Paulo,São Paulo
The Heathen Scÿthe,2024-07-23,2024,Casa Áurea,São Paulo,São Paulo
Hurtmold,2024-07-23,2024,Casa de Cultura Municipal da Vila Guilherme - Casarão,São Paulo,São Paulo
Izzy Gordon,2024-07-24,2024,Galeria Olido,São Paulo,São Paulo
Antiprisma,2024-07-24,2024,Garagem Beleza,São Paulo,São Paulo
Retrato,2024-07-24,2024,Garagem Beleza,São Paulo,São Paulo
BIKE,2024-07-25,2024,SESC Pompéia,São Paulo,São Paulo
Juliana Perdigão,2024-07-25,2024,SESC Pompéia,São Paulo,São Paulo
FBC,2024-07-25,2024,Cine Joia,São Paulo,São Paulo
Ilessi,2024-07-25,2024,Casa de Francisca,São Paulo,São Paulo
MC Tha,2024-07-25,2024,Centro de Culturas Negras do Jabaquara,São Paulo,São Paulo
Boogarins,2024-07-25,2024,Picles Cardeal,São Paulo,São Paulo
Jair Naves,2024-07-25,2024,SESC Carmo,São Paulo,São Paulo
Chico Trujillo,2024-07-26,2024,SESC Pompéia,São Paulo,São Paulo
Bazuros,2024-07-26,2024,Sol Y Sombra,São Paulo,São Paulo
Clarissa,2024-07-26,2024,Casa Rockambole,São Paulo,São Paulo
Magnólia,2024-07-26,2024,Fffront,São Paulo,São Paulo
Assucena,2024-07-26,2024,SESC Pinheiros,São Paulo,São Paulo
Maurício Pereira e Tonho Penhasco,2024-07-26,2024,Bona Casa de Música,São Paulo,São Paulo
O Grilo,2024-07-26,2024,SESC Belenzinho,São Paulo,São Paulo
Os Garotin,2024-07-27,2024,Casa Natura Musical,São Paulo,São Paulo
BaianaSystem,2024-07-27,2024,Parque Villa-Lobos,São Paulo,São Paulo
As Mercenárias,2024-07-27,2024,SESC Belenzinho,São Paulo,São Paulo
Luiz Toffoli,2024-07-27,2024,Tokio Marine Hall,São Paulo,São Paulo
Apeles,2024-07-27,2024,Bar Alto,São Paulo,São Paulo
Lobotomia,2024-07-27,2024,La Iglesia Borratxeria,São Paulo,São Paulo
"Francisco, el Hombre",2024-07-27,2024,Audio,São Paulo,São Paulo
Chico Trujillo,2024-07-27,2024,SESC Pompéia,São Paulo,São Paulo
Symphony X,2024-07-27,2024,Tokio Marine Hall,São Paulo,São Paulo
Ilessi,2024-07-27,2024,Teatro Procópio Ferreira,São Paulo,São Paulo
Sombra,2024-07-27,2024,Secilians Shop,São Paulo,São Paulo
Surra,2024-07-27,2024,Centro Cultural da Juventude Ruth Cardoso,São Paulo,São Paulo
Firefriend,2024-07-27,2024,PORTA,São Paulo,São Paulo
Burrice Precoce,2024-07-27,2024,Centro Cultural da Juventude Ruth Cardoso,São Paulo,São Paulo
Bijoux Cone,2024-07-27,2024,Bar Alto,São Paulo,São Paulo
DEAFKIDS,2024-07-27,2024,SESC Belenzinho,São Paulo,São Paulo
MEE,2024-07-27,2024,Centro Cultural da Juventude Ruth Cardoso,São Paulo,São Paulo
Alessandra Leão,2024-07-27,2024,Pinacoteca de São Paulo,São Paulo,São Paulo
Black Pantera,2024-07-28,2024,SESC Itaquera,São Paulo,São Paulo
Os Garotin,2024-07-28,2024,Casa Natura Musical,São Paulo,São Paulo
MEE,2024-07-28,2024,Fabrique Club,São Paulo,São Paulo
Punho de Mahin,2024-07-28,2024,Fabrique Club,São Paulo,São Paulo
Capote,2024-07-28,2024,Bar Alto,São Paulo,São Paulo
Point of No Return,2024-07-28,2024,Fabrique Club,São Paulo,São Paulo
Sadistic Intent,2024-07-28,2024,Legends Music & Bar,São Paulo,São Paulo
Firefriend,2024-07-28,2024,San Pancho,São Paulo,São Paulo
Strong Reaction,2024-07-28,2024,Fabrique Club,São Paulo,São Paulo
Mato Seco,2024-07-28,2024,Praça da República,São Paulo,São Paulo
Coralinne,2024-07-28,2024,Avenida Paulista,São Paulo,São Paulo
Juçara Marçal,2024-07-29,2024,SESC Carmo,São Paulo,São Paulo
Mariana Volker,2024-07-29,2024,União Fraterna,São Paulo,São Paulo
Rico Dalasam,2024-07-29,2024,União Fraterna,São Paulo,São Paulo
Kombi,2024-07-30,2024,PORTA,São Paulo,São Paulo
Montanee,2024-08-01,2024,Fffront,São Paulo,São Paulo
Preta Gil,2024-08-01,2024,Funilaria,São Paulo,São Paulo
Power Trio,2024-08-01,2024,Bar Alto,São Paulo,São Paulo
Malu Maria,2024-08-01,2024,SESC Vila Mariana,São Paulo,São Paulo
KL Jay,2024-08-02,2024,CENTRAL,São Paulo,São Paulo
Samuel Rosa,2024-08-02,2024,Espaço Unimed,São Paulo,São Paulo
Kaia Jette,2024-08-02,2024,Carioca Club,São Paulo,São Paulo
Clenched Fist,2024-08-02,2024,La Iglesia Borratxeria,São Paulo,São Paulo
Varanda,2024-08-02,2024,Cineclube Cortina,São Paulo,São Paulo
Pelados,2024-08-02,2024,Cineclube Cortina,São Paulo,São Paulo
Filó Machado,2024-08-02,2024,MIS - Museu da Imagem e do Som,São Paulo,São Paulo
terraplana,2024-08-02,2024,SESC Santana,São Paulo,São Paulo
Chico Trujillo,2024-08-02,2024,Sol Y Sombra,São Paulo,São Paulo
Emblem3,2024-08-02,2024,Carioca Club,São Paulo,São Paulo
Bebê Feio,2024-08-03,2024,Fffront,São Paulo,São Paulo
Dominatrix,2024-08-03,2024,Cine Joia,São Paulo,São Paulo
Roots – Sepultura Tributo,2024-08-03,2024,Woodstock Rock Store,São Paulo,São Paulo
Hot Water Music,2024-08-03,2024,Cine Joia,São Paulo,São Paulo
Viper,2024-08-03,2024,SESC Avenida Paulista,São Paulo,São Paulo
Zeca Baleiro,2024-08-03,2024,Casa Natura Musical,São Paulo,São Paulo
Metallstein,2024-08-03,2024,Woodstock Rock Store,São Paulo,São Paulo
Noturnall,2024-08-03,2024,Tokio Marine Hall,São Paulo,São Paulo
Call the Police,2024-08-03,2024,Vibra São Paulo,São Paulo,São Paulo
Chris Cresswell,2024-08-03,2024,Cine Joia,São Paulo,São Paulo
Seu Jorge,2024-08-03,2024,Parque Villa-Lobos,São Paulo,São Paulo
Magnólia,2024-08-03,2024,Porão da Cerveja,São Paulo,São Paulo
Hateen,2024-08-03,2024,Cine Joia,São Paulo,São Paulo
Backdrop Falls,2024-08-03,2024,Cine Joia,São Paulo,São Paulo
Zander,2024-08-03,2024,Centro Cultural da Juventude Ruth Cardoso,São Paulo,São Paulo
Eduardo Falaschi,2024-08-03,2024,Tokio Marine Hall,São Paulo,São Paulo
Bayside Kings,2024-08-03,2024,Cine Joia,São Paulo,São Paulo
Storia,2024-08-03,2024,Tokio Marine Hall,São Paulo,São Paulo
Nitrominds,2024-08-04,2024,Audio,São Paulo,São Paulo
Zeca Baleiro,2024-08-04,2024,Casa Natura Musical,São Paulo,São Paulo
ballburya,2024-08-04,2024,Centro Cultural da Juventude Ruth Cardoso,São Paulo,São Paulo
Falling Ashes,2024-08-04,2024,Jai Club,São Paulo,São Paulo
Cátia de França,2024-08-04,2024,SESC Belenzinho,São Paulo,São Paulo
Sugar Kane,2024-08-04,2024,Audio,São Paulo,São Paulo
Ação Direta,2024-08-04,2024,Centro Cultural Tendal da Lapa,São Paulo,São Paulo
Podridão,2024-08-04,2024,Centro Cultural Tendal da Lapa,São Paulo,São Paulo
The Get Up Kids,2024-08-04,2024,Audio,São Paulo,São Paulo
Day Limns,2024-08-04,2024,Carioca Club,São Paulo,São Paulo
Aditive,2024-08-04,2024,Audio,São Paulo,São Paulo
Chuck Ragan,2024-08-04,2024,Audio,São Paulo,São Paulo
Retrato,2024-08-08,2024,PORTA,São Paulo,São Paulo
The Baggios,2024-08-08,2024,SESC Pompéia,São Paulo,São Paulo
Gritando HC,2024-08-08,2024,Picles Cardeal,São Paulo,São Paulo
Febem,2024-08-09,2024,SESC Pompéia,São Paulo,São Paulo
Tangolo Mangos,2024-08-09,2024,Auditório MIS,São Paulo,São Paulo
Ana Frango Elétrico,2024-08-09,2024,SESC Belenzinho,São Paulo,São Paulo
Rogério Skylab,2024-08-09,2024,Carioca Club,São Paulo,São Paulo
Céu,2024-08-09,2024,Audio,São Paulo,São Paulo
Forfun,2024-08-09,2024,Allianz Parque,São Paulo,São Paulo
Menores Atos,2024-08-09,2024,Allianz Parque,São Paulo,São Paulo
Rancore,2024-08-09,2024,Allianz Parque,São Paulo,São Paulo
Emblem3,2024-08-09,2024,Casa Áurea,São Paulo,São Paulo
Vanguart,2024-08-09,2024,Cine Joia,São Paulo,São Paulo
Febem,2024-08-10,2024,SESC Pompéia,São Paulo,São Paulo
Ana Frango Elétrico,2024-08-10,2024,SESC Belenzinho,São Paulo,São Paulo
Luiz Toffoli,2024-08-10,2024,Tokio Marine Hall,São Paulo,São Paulo
Krisiun,2024-08-10,2024,VIP Station,São Paulo,São Paulo
Paradise in Flames,2024-08-10,2024,VIP Station,São Paulo,São Paulo
Sílvia Pérez Cruz,2024-08-10,2024,Casa Natura Musical,São Paulo,São Paulo
Bane,2024-08-10,2024,House of Legends,São Paulo,São Paulo
Hillbilly Rawhide,2024-08-10,2024,Gaz Burning Bar,São Paulo,São Paulo
Spiritual Hate,2024-08-10,2024,VIP Station,São Paulo,São Paulo
Ritchie,2024-08-10,2024,Audio,São Paulo,São Paulo
Amazarak,2024-08-10,2024,VIP Station,São Paulo,São Paulo
Good Intentions,2024-08-10,2024,House of Legends,São Paulo,São Paulo
Batushka,2024-08-10,2024,VIP Station,São Paulo,São Paulo
Shaytan,2024-08-10,2024,VIP Station,São Paulo,São Paulo
Tim Bernardes,2024-08-10,2024,Espaço Unimed,São Paulo,São Paulo
Tuyo,2024-08-10,2024,SESC Vila Mariana,São Paulo,São Paulo
Luiza Lian,2024-08-10,2024,SESC Bom Retiro,São Paulo,São Paulo
Subalternos,2024-08-10,2024,Casa de Cultura do Butantã,São Paulo,São Paulo
Statues On Fire,2024-08-10,2024,Casa de Cultura do Butantã,São Paulo,São Paulo
CHUU,2024-08-10,2024,Studio Stage,São Paulo,São Paulo
ballburya,2024-08-10,2024,A Porta Maldita,São Paulo,São Paulo
DJ Dayeh,2024-08-10,2024,Void General Store,São Paulo,São Paulo
Zé Ibarra,2024-08-10,2024,Casa Natura Musical,São Paulo,São Paulo
Kiko Loureiro,2024-08-10,2024,Tokio Marine Hall,São Paulo,São Paulo
Ney Matogrosso,2024-08-10,2024,Allianz Parque,São Paulo,São Paulo
Zé Ibarra,2024-08-11,2024,Casa Natura Musical,São Paulo,São Paulo
Korzus,2024-08-11,2024,Woodstock Rock Store,São Paulo,São Paulo
Tuyo,2024-08-11,2024,SESC Vila Mariana,São Paulo,São Paulo
Oitão,2024-08-11,2024,Woodstock Rock Store,São Paulo,São Paulo
Wanessa Camargo,2024-08-11,2024,Domingo Legal,Osasco,São Paulo
Sílvia Pérez Cruz,2024-08-11,2024,Casa Natura Musical,São Paulo,São Paulo
Children of the Beast,2024-08-11,2024,St. Patrick Irish Pub Tatuapé,São Paulo,São Paulo
Trypophöbia,2024-08-11,2024,In Grind We Rise Fest,São Paulo,São Paulo
Cogumelo Plutão,2024-08-11,2024,Picles Cardeal,São Paulo,São Paulo
Lô Borges,2024-08-12,2024,Studio Stage,São Paulo,São Paulo
Pedro Viáfora,2024-08-12,2024,Studio Stage,São Paulo,São Paulo
Roberta Campos,2024-08-12,2024,Studio Stage,São Paulo,São Paulo
Autoramas,2024-08-12,2024,Centro da Terra,São Paulo,São Paulo
Kiko Dinucci,2024-08-13,2024,Pulso Hotel,São Paulo,São Paulo
Adriana Calcanhotto,2024-08-13,2024,Blue Note São Paulo,São Paulo,São Paulo
Adriana Calcanhotto,2024-08-13,2024,Blue Note São Paulo,São Paulo,São Paulo
Tom Zé,2024-08-13,2024,Faculdade de Direito da Universidade de São Paulo,São Paulo,São Paulo
Jota.pê,2024-08-14,2024,Blue Note São Paulo,São Paulo,São Paulo
Jota.pê,2024-08-14,2024,Blue Note São Paulo,São Paulo,São Paulo
Otto,2024-08-15,2024,SESC Pompéia,São Paulo,São Paulo
Anvil FX,2024-08-15,2024,PORTA,São Paulo,São Paulo
Vanessa Jackson,2024-08-15,2024,Blue Note São Paulo,São Paulo,São Paulo
Mundo Livre S/A,2024-08-15,2024,SESC Ipiranga,São Paulo,São Paulo
Emicaeli,2024-08-15,2024,PORTA,São Paulo,São Paulo
Dave Evans,2024-08-16,2024,SESC Belenzinho,São Paulo,São Paulo
Léo Jaime,2024-08-16,2024,Blue Note São Paulo,São Paulo,São Paulo
Febre90s,2024-08-16,2024,Cine Joia,São Paulo,São Paulo
Trio Parada Dura,2024-08-16,2024,Villa Country,São Paulo,São Paulo
Léo Jaime,2024-08-16,2024,Blue Note São Paulo,São Paulo,São Paulo
João Gordo,2024-08-16,2024,London Calling Discos,São Paulo,São Paulo
Tellus Terror,2024-08-16,2024,Jai Club,São Paulo,São Paulo
Otto,2024-08-16,2024,SESC Pompéia,São Paulo,São Paulo
Tagua Tagua,2024-08-16,2024,SESC Vila Mariana,São Paulo,São Paulo
DJ Nuts,2024-08-16,2024,Cine Joia,São Paulo,São Paulo
Mundo Livre S/A,2024-08-16,2024,SESC Ipiranga,São Paulo,São Paulo
Cólera,2024-08-17,2024,Centro Cultural Tendal da Lapa,São Paulo,São Paulo
Helio Flanders,2024-08-17,2024,Odette,São Paulo,São Paulo
Léo Jaime,2024-08-17,2024,Blue Note São Paulo,São Paulo,São Paulo
Amen Corner,2024-08-17,2024,Hangar 110,São Paulo,São Paulo
Statues On Fire,2024-08-17,2024,Centro Cultural Tendal da Lapa,São Paulo,São Paulo
Léo Jaime,2024-08-17,2024,Blue Note São Paulo,São Paulo,São Paulo
Garotos Podres,2024-08-17,2024,Centro Cultural Tendal da Lapa,São Paulo,São Paulo
Gagged,2024-08-17,2024,Centro Cultural Tendal da Lapa,São Paulo,São Paulo
Amaro Freitas,2024-08-17,2024,SESC Vila Mariana,São Paulo,São Paulo
Bulldozer,2024-08-17,2024,Hangar 110,São Paulo,São Paulo
Los Sebosos Postizos,2024-08-17,2024,City Lights Music Hall,São Paulo,São Paulo
Raça,2024-08-17,2024,Goose Island Brewhouse,São Paulo,São Paulo
Headhunter D.C.,2024-08-17,2024,Hangar 110,São Paulo,São Paulo
Orthostat,2024-08-17,2024,Hangar 110,São Paulo,São Paulo
Axty,2024-08-17,2024,Estação Mix,Osasco,São Paulo
Karen Jonz,2024-08-17,2024,SESC Bom Retiro,São Paulo,São Paulo
Simone Mendes,2024-08-17,2024,Distrito Anhembi,São Paulo,São Paulo
Mawaca,2024-08-17,2024,SESC Bom Retiro,São Paulo,São Paulo
Leonardo,2024-08-17,2024,Distrito Anhembi,São Paulo,São Paulo
Zé Neto & Cristiano,2024-08-17,2024,Distrito Anhembi,São Paulo,São Paulo
NTX,2024-08-17,2024,Praça Cel. Fernando Prestes,São Paulo,São Paulo
Gustavo Mioto,2024-08-17,2024,Distrito Anhembi,São Paulo,São Paulo
NATTAN,2024-08-17,2024,Distrito Anhembi,São Paulo,São Paulo
Ave Sangria,2024-08-17,2024,Casa Natura Musical,São Paulo,São Paulo
Vitor Fernandes,2024-08-17,2024,Distrito Anhembi,São Paulo,São Paulo
Maiara & Maraisa,2024-08-17,2024,Distrito Anhembi,São Paulo,São Paulo
Otto,2024-08-17,2024,SESC Pompéia,São Paulo,São Paulo
PEDRO SAMPAIO,2024-08-17,2024,Distrito Anhembi,São Paulo,São Paulo
Angra,2024-08-17,2024,Espaço Unimed,São Paulo,São Paulo
Coralinne,2024-08-17,2024,St Paul's Pub,São Paulo,São Paulo
Dischavizer,2024-08-18,2024,Rock Together Studio,São Paulo,São Paulo
Eskröta,2024-08-18,2024,City Lights Music Hall,São Paulo,São Paulo
Gigante Animal,2024-08-18,2024,Cine Joia,São Paulo,São Paulo
Cemitério,2024-08-18,2024,City Lights Music Hall,São Paulo,São Paulo
Amaro Freitas,2024-08-18,2024,SESC Vila Mariana,São Paulo,São Paulo
Dorsal Atlântica,2024-08-18,2024,City Lights Music Hall,São Paulo,São Paulo
Jaloo,2024-08-18,2024,Zig Studio,São Paulo,São Paulo
Catto,2024-08-18,2024,Arena B3,São Paulo,São Paulo
NTX,2024-08-18,2024,Praça Cel. Fernando Prestes,São Paulo,São Paulo
Marcão Britto & Thiago Castanho Charlie Brown Jr.,2024-08-18,2024,Tokio Marine Hall,São Paulo,São Paulo
Karate,2024-08-18,2024,Cine Joia,São Paulo,São Paulo
Kikuo,2024-08-18,2024,Carioca Club,São Paulo,São Paulo
Crânula,2024-08-18,2024,Rock Together Studio,São Paulo,São Paulo
Vanguart,2024-08-19,2024,Teatro Mars,São Paulo,São Paulo
Jinkx Monsoon,2024-08-20,2024,Teatro Bradesco,São Paulo,São Paulo
Adriana Calcanhotto,2024-08-20,2024,Blue Note São Paulo,São Paulo,São Paulo
Alice Caymmi,2024-08-21,2024,Teatro Oficina,São Paulo,São Paulo
Blubell,2024-08-22,2024,Bona Casa de Música,São Paulo,São Paulo
Zander,2024-08-22,2024,Picles Cardeal,São Paulo,São Paulo
Luísa Sonza,2024-08-22,2024,Teatro B32,São Paulo,São Paulo
Clarice Falcão,2024-08-22,2024,Cine Joia,São Paulo,São Paulo
Ema Stoned,2024-08-22,2024,SESC Carmo,São Paulo,São Paulo
Letz Zep,2024-08-22,2024,Tokio Marine Hall,São Paulo,São Paulo
Juliana Linhares,2024-08-22,2024,Itaú Cultural,São Paulo,São Paulo
Nina Fernandes,2024-08-22,2024,Cine Joia,São Paulo,São Paulo
Dillon O'Bannon,2024-08-22,2024,Fenda 315,São Paulo,São Paulo
Skinner Project,2024-08-23,2024,A Porta Maldita,São Paulo,São Paulo
Gabriel Thomaz Trio,2024-08-23,2024,Fenda 315,São Paulo,São Paulo
KL Jay,2024-08-23,2024,Alma São Paulo,São Paulo,São Paulo
Pitty,2024-08-23,2024,Clube Atlético Juventus,São Paulo,São Paulo
Alzira E + Corte,2024-08-23,2024,SESC Santo Amaro,São Paulo,São Paulo
Marcelo Falcão,2024-08-23,2024,Clube Atlético Juventus,São Paulo,São Paulo
Juliana Linhares,2024-08-23,2024,Itaú Cultural,São Paulo,São Paulo
EVEHIVE,2024-08-23,2024,Void General Store,São Paulo,São Paulo
Edgar,2024-08-23,2024,SESC Vila Mariana,São Paulo,São Paulo
Olivia Byington,2024-08-23,2024,SESC Belenzinho,São Paulo,São Paulo
Foojammers,2024-08-23,2024,Willi Willie Bar e Arqueria,São Paulo,São Paulo
JADE,2024-08-23,2024,Zig Studio,São Paulo,São Paulo
365,2024-08-24,2024,Galeria Olido,São Paulo,São Paulo
Tulipa Ruiz,2024-08-24,2024,Itaú Cultural,São Paulo,São Paulo
Orquestra Voadora,2024-08-24,2024,Casa Natura Musical,São Paulo,São Paulo
Terno Rei,2024-08-24,2024,Terra SP,São Paulo,São Paulo
Sioux 66,2024-08-24,2024,Casa de Cultura Chico Science,São Paulo,São Paulo
Siegrid Ingrid,2024-08-24,2024,Red Star Studios,São Paulo,São Paulo
Schlop,2024-08-24,2024,Fffront,São Paulo,São Paulo
Torture Squad,2024-08-24,2024,Red Star Studios,São Paulo,São Paulo
Infamous Glory,2024-08-24,2024,Red Star Studios,São Paulo,São Paulo
Jay Vaquer,2024-08-24,2024,Augusta Hi-Fi,São Paulo,São Paulo
Luis Mariutti,2024-08-24,2024,La Iglesia Borratxeria,São Paulo,São Paulo
Max B.O.,2024-08-24,2024,Sol Y Sombra,São Paulo,São Paulo
DJ Bonekinha Iraquiana,2024-08-24,2024,Void General Store,São Paulo,São Paulo
Olivia Byington,2024-08-24,2024,SESC Belenzinho,São Paulo,São Paulo
Jovens Ateus,2024-08-24,2024,Terra SP,São Paulo,São Paulo
Kill for Nothing,2024-08-24,2024,La Iglesia Borratxeria,São Paulo,São Paulo
Marina Lima,2024-08-24,2024,Clube Paineiras,São Paulo,São Paulo
Irmãos Mariutti,2024-08-24,2024,La Iglesia Borratxeria,São Paulo,São Paulo
Miragem,2024-08-24,2024,Fffront,São Paulo,São Paulo
Natiruts,2024-08-24,2024,Allianz Parque,São Paulo,São Paulo
Sky Down,2024-08-24,2024,Garagem Beleza,São Paulo,São Paulo
Olivia Byington,2024-08-25,2024,SESC Belenzinho,São Paulo,São Paulo
Natiruts,2024-08-25,2024,Allianz Parque,São Paulo,São Paulo
FBC,2024-08-25,2024,SESC Itaquera,São Paulo,São Paulo
Fresno,2024-08-25,2024,Av. Paulista,São Paulo,São Paulo
Tulipa Ruiz,2024-08-25,2024,Itaú Cultural,São Paulo,São Paulo
Rosa de Saron,2024-08-25,2024,Carioca Club,São Paulo,São Paulo
ballburya,2024-08-25,2024,House of Legends,São Paulo,São Paulo
Potyguara Bardo,2024-08-27,2024,Centro Cultural São Paulo,São Paulo,São Paulo
Céu,2024-08-27,2024,Caixa Cultural São Paulo,São Paulo,São Paulo
Mala Rodríguez,2024-08-27,2024,Sol Y Sombra,São Paulo,São Paulo
Peter Hook & the Light,2024-08-27,2024,Audio,São Paulo,São Paulo
Arnaldo Antunes,2024-08-28,2024,Caixa Cultural São Paulo,São Paulo,São Paulo
Zerb,2024-08-29,2024,Brigadeiro Faria Lima,São Paulo,São Paulo
Alok,2024-08-29,2024,Brigadeiro Faria Lima,São Paulo,São Paulo
Mother Folkers,2024-08-29,2024,Porão da SanFran,São Paulo,São Paulo
Lúcio Maia,2024-08-29,2024,Picles Cardeal,São Paulo,São Paulo
Paulo Miklos,2024-08-30,2024,Caixa Cultural São Paulo,São Paulo,São Paulo
Orange Disaster,2024-08-30,2024,PORTA,São Paulo,São Paulo
Rapsody,2024-08-30,2024,Audio,São Paulo,São Paulo
Exclusive Os Cabides,2024-08-30,2024,Cineclube Cortina,São Paulo,São Paulo
Baco Exu do Blues,2024-08-30,2024,Espaço Unimed,São Paulo,São Paulo
Ouse Morrer,2024-08-30,2024,cafundó,São Paulo,São Paulo
BK,2024-08-30,2024,SESC Pompéia,São Paulo,São Paulo
Leela,2024-08-30,2024,SESC Belenzinho,São Paulo,São Paulo
Sky Down,2024-08-30,2024,Picles Cardeal,São Paulo,São Paulo
Natiruts,2024-08-30,2024,Allianz Parque,São Paulo,São Paulo
Herzegovina,2024-08-30,2024,PORTA,São Paulo,São Paulo
Getúlio Abelha,2024-08-30,2024,Cine Joia,São Paulo,São Paulo
Onze:20,2024-08-31,2024,Jai Club,São Paulo,São Paulo
Legião Urbana,2024-08-31,2024,Espaço Unimed,São Paulo,São Paulo
GANGgajang,2024-08-31,2024,Vibra São Paulo,São Paulo,São Paulo
Coralinne,2024-08-31,2024,Cervejazul Music Club,São Paulo,São Paulo
Weedevil,2024-08-31,2024,La Iglesia Borratxeria,São Paulo,São Paulo
D.F.C.,2024-08-31,2024,Hangar 110,São Paulo,São Paulo
Manger Cadavre?,2024-08-31,2024,Hangar 110,São Paulo,São Paulo
Mukeka di Rato,2024-08-31,2024,Hangar 110,São Paulo,São Paulo
A Creche,2024-08-31,2024,Hangar 110,São Paulo,São Paulo
Paira,2024-08-31,2024,Casa Rockambole,São Paulo,São Paulo
Ale Sater,2024-08-31,2024,Casa Rockambole,São Paulo,São Paulo
Sinistra,2024-08-31,2024,Transamerica Expo Center,São Paulo,São Paulo
Bebê Feio,2024-08-31,2024,Jai Club,São Paulo,São Paulo
Don L,2024-08-31,2024,Cine Joia,São Paulo,São Paulo
Children of the Beast,2024-08-31,2024,Lata Velha Rock Bar,Osasco,São Paulo
Zizi Possi,2024-08-31,2024,Caixa Cultural São Paulo,São Paulo,São Paulo
Rockfun Legends,2024-08-31,2024,Casa de Cultura Chico Science,São Paulo,São Paulo
PLUMA,2024-08-31,2024,Casa Rockambole,São Paulo,São Paulo
hoovaranas,2024-08-31,2024,Casa Rockambole,São Paulo,São Paulo
Besouro Mulher,2024-08-31,2024,Casa Rockambole,São Paulo,São Paulo
Hoodoo Gurus,2024-08-31,2024,Vibra São Paulo,São Paulo,São Paulo
Bazuros,2024-08-31,2024,Sol Y Sombra,São Paulo,São Paulo
Caxtrinho,2024-08-31,2024,SESC Pompéia,São Paulo,São Paulo
NoSunnyDayz,2024-08-31,2024,La Iglesia Borratxeria,São Paulo,São Paulo
Natiruts,2024-08-31,2024,Allianz Parque,São Paulo,São Paulo
Viper,2024-08-31,2024,Casa de Cultura Chico Science,São Paulo,São Paulo
Oitão,2024-08-31,2024,Casa de Cultura Chico Science,São Paulo,São Paulo
Firefriend,2024-08-31,2024,Garagem Beleza,São Paulo,São Paulo
ReggaeSPYS,2024-08-31,2024,Vibra São Paulo,São Paulo,São Paulo
Rael,2024-09-01,2024,Caixa Cultural São Paulo,São Paulo,São Paulo
Coralinne,2024-09-01,2024,Jai Club,São Paulo,São Paulo
Caxtrinho,2024-09-01,2024,SESC Pompéia,São Paulo,São Paulo
Laboratori,2024-09-01,2024,Avenida Paulista,São Paulo,São Paulo
NCT DREAM,2024-09-02,2024,Espaço Unimed,São Paulo,São Paulo
Cuca Ferreira,2024-09-03,2024,Centro da Terra,São Paulo,São Paulo
The Drums,2024-09-04,2024,VIP Station,São Paulo,São Paulo
Sessa,2024-09-05,2024,Casa Rockambole,São Paulo,São Paulo
Tori,2024-09-05,2024,Casa Rockambole,São Paulo,São Paulo
O Kannalha,2024-09-05,2024,Funilaria,São Paulo,São Paulo
Tangolo Mangos,2024-09-05,2024,Casa Rockambole,São Paulo,São Paulo
Jota.pê,2024-09-05,2024,Casa de Francisca,São Paulo,São Paulo
Tuyo,2024-09-05,2024,Galeria Olido,São Paulo,São Paulo
Fernando Catatau,2024-09-05,2024,Picles Cardeal,São Paulo,São Paulo
Bazuros,2024-09-06,2024,Secilians Shop,São Paulo,São Paulo
Marcos Suzano,2024-09-06,2024,Memorial da América Latina,São Paulo,São Paulo
Lenine,2024-09-06,2024,Memorial da América Latina,São Paulo,São Paulo
Adriana Calcanhotto & Arnaldo Antunes,2024-09-06,2024,Memorial da América Latina,São Paulo,São Paulo
Forró Red Light,2024-09-06,2024,Memorial da América Latina,São Paulo,São Paulo
Silvia Machete,2024-09-06,2024,Memorial da América Latina,São Paulo,São Paulo
Guro,2024-09-06,2024,Fenda 315,São Paulo,São Paulo
Greve,2024-09-06,2024,Fenda 315,São Paulo,São Paulo
Boogarins,2024-09-06,2024,SESC Belenzinho,São Paulo,São Paulo
Boca Livre,2024-09-06,2024,Memorial da América Latina,São Paulo,São Paulo
Torture Squad,2024-09-06,2024,Espaço Unimed,São Paulo,São Paulo
Beto Guedes,2024-09-06,2024,Auditório Simón Bolívar - Memorial da América Latina,São Paulo,São Paulo
DJ K,2024-09-06,2024,Void General Store,São Paulo,São Paulo
Detonautas Roque Clube,2024-09-06,2024,Tokio Marine Hall,São Paulo,São Paulo
O Terno,2024-09-06,2024,Memorial da América Latina,São Paulo,São Paulo
Cold Cave,2024-09-06,2024,Carioca Club,São Paulo,São Paulo
14 Bis,2024-09-06,2024,Auditório Simón Bolívar - Memorial da América Latina,São Paulo,São Paulo
Anitta,2024-09-06,2024,Neo Química Arena,São Paulo,São Paulo
Zeeba,2024-09-06,2024,Neo Química Arena,São Paulo,São Paulo
Derek,2024-09-06,2024,Coffeeshop Club,São Paulo,São Paulo
Sombra,2024-09-06,2024,SESC Pompéia,São Paulo,São Paulo
Luísa Sonza,2024-09-06,2024,Neo Química Arena,São Paulo,São Paulo
Sepultura,2024-09-06,2024,Espaço Unimed,São Paulo,São Paulo
Carola,2024-09-06,2024,Neo Química Arena,São Paulo,São Paulo
Flávio Venturini,2024-09-06,2024,Auditório Simón Bolívar - Memorial da América Latina,São Paulo,São Paulo
Deekapz,2024-09-07,2024,Memorial da América Latina,São Paulo,São Paulo
dadá Joãozinho,2024-09-07,2024,Memorial da América Latina,São Paulo,São Paulo
Ebony,2024-09-07,2024,Casa Natura Musical,São Paulo,São Paulo
Cefa,2024-09-07,2024,Casa AlgoHits,São Paulo,São Paulo
Rancore,2024-09-07,2024,Cultura Livre,São Paulo,São Paulo
Mike Dean,2024-09-07,2024,MorumBIS,São Paulo,São Paulo
Cultura Tres,2024-09-07,2024,Espaço Unimed,São Paulo,São Paulo
Jovem Dionisio,2024-09-07,2024,Audio,São Paulo,São Paulo
Dead Fish,2024-09-07,2024,Pesqueiro do Elias,Cajamar,São Paulo
João Bosco,2024-09-07,2024,Memorial da América Latina,São Paulo,São Paulo
Dead Fish,2024-09-07,2024,Teatro SESC 24 de Maio,São Paulo,São Paulo
Sandra de Sá,2024-09-07,2024,Memorial da América Latina,São Paulo,São Paulo
DJ Guuga,2024-09-07,2024,MorumBIS,São Paulo,São Paulo
Sepultura,2024-09-07,2024,Espaço Unimed,São Paulo,São Paulo
Los Mirlos,2024-09-07,2024,SESC Pompéia,São Paulo,São Paulo
Hyldon,2024-09-07,2024,Memorial da América Latina,São Paulo,São Paulo
Lulu Santos,2024-09-07,2024,Memorial da América Latina,São Paulo,São Paulo
Tássia Reis,2024-09-07,2024,Memorial da América Latina,São Paulo,São Paulo
Febem,2024-09-07,2024,Cine Joia,São Paulo,São Paulo
Stratus Luna,2024-09-07,2024,A Porta Maldita,São Paulo,São Paulo
Bebé,2024-09-07,2024,Memorial da América Latina,São Paulo,São Paulo
Os Paralamas do Sucesso,2024-09-07,2024,Memorial da América Latina,São Paulo,São Paulo
Applegate,2024-09-07,2024,A Porta Maldita,São Paulo,São Paulo
The Weeknd,2024-09-07,2024,MorumBIS,São Paulo,São Paulo
Tulipa Ruiz,2024-09-07,2024,Memorial da América Latina,São Paulo,São Paulo
Flor Et,2024-09-08,2024,Tarantino Cervejaria,São Paulo,São Paulo
Dead Fish,2024-09-08,2024,Teatro SESC 24 de Maio,São Paulo,São Paulo
Black Pantera,2024-09-08,2024,Espaço Unimed,São Paulo,São Paulo
Riot V,2024-09-08,2024,Manifesto Bar,São Paulo,São Paulo
Hardgainer,2024-09-08,2024,Tarantino Cervejaria,São Paulo,São Paulo
Hateen,2024-09-08,2024,Tarantino Cervejaria,São Paulo,São Paulo
Yago Oproprio,2024-09-08,2024,Memorial da América Latina,São Paulo,São Paulo
Joyce Alane,2024-09-08,2024,Memorial da América Latina,São Paulo,São Paulo
Planet Hemp,2024-09-08,2024,Memorial da América Latina,São Paulo,São Paulo
Metade de Mim,2024-09-08,2024,Tarantino Cervejaria,São Paulo,São Paulo
Mestrinho,2024-09-08,2024,Memorial da América Latina,São Paulo,São Paulo
Licks & Maltz,2024-09-08,2024,Carioca Club,São Paulo,São Paulo
Fistt,2024-09-08,2024,Tarantino Cervejaria,São Paulo,São Paulo
5 a Seco,2024-09-08,2024,Memorial da América Latina,São Paulo,São Paulo
Jogo Sujo,2024-09-08,2024,Carioca Club,São Paulo,São Paulo
Mariana Aydar,2024-09-08,2024,Memorial da América Latina,São Paulo,São Paulo
Children of the Beast,2024-09-08,2024,Morumbizinho Moto Club,São Paulo,São Paulo
Xande de Pilares,2024-09-08,2024,Memorial da América Latina,São Paulo,São Paulo
Sepultura,2024-09-08,2024,Espaço Unimed,São Paulo,São Paulo
Timbalada,2024-09-08,2024,Memorial da América Latina,São Paulo,São Paulo
Sophia Chablau & Felipe Vaqueiro,2024-09-09,2024,Bona Casa de Música,São Paulo,São Paulo
Jonnata Doll e os Garotos Solventes,2024-09-10,2024,Centro da Terra,São Paulo,São Paulo
Therion,2024-09-11,2024,Carioca Club,São Paulo,São Paulo
Travis Scott,2024-09-11,2024,Allianz Parque,São Paulo,São Paulo
Lomiiel,2024-09-11,2024,Allianz Parque,São Paulo,São Paulo
Christone “Kingfish” Ingram,2024-09-12,2024,Teatro Bradesco,São Paulo,São Paulo
Varanda,2024-09-12,2024,SESC Vila Mariana,São Paulo,São Paulo
Os Brutus,2024-09-12,2024,Fenda 315,São Paulo,São Paulo
Esteban Tavares,2024-09-12,2024,Picles Cardeal,São Paulo,São Paulo
Projetonave,2024-09-12,2024,Fffront,São Paulo,São Paulo
Jammil,2024-09-12,2024,Funilaria,São Paulo,São Paulo
Crizin da Z.O.,2024-09-12,2024,SESC Pompéia,São Paulo,São Paulo
Miragem,2024-09-12,2024,A Porta Maldita,São Paulo,São Paulo
Children of the Beast,2024-09-12,2024,Bar do Juiz - Patriarca,São Paulo,São Paulo
Marina Lima,2024-09-13,2024,SESC Pompéia,São Paulo,São Paulo
João Bosco,2024-09-13,2024,Sesc 14 Bis,São Paulo,São Paulo
Academia da Berlinda,2024-09-13,2024,City Lights Music Hall,São Paulo,São Paulo
Malfeitona,2024-09-13,2024,Sol Y Sombra,São Paulo,São Paulo
Sebastianismos,2024-09-13,2024,Sol Y Sombra,São Paulo,São Paulo
Circus Maximus,2024-09-13,2024,Hangar 110,São Paulo,São Paulo
Orange Disaster,2024-09-13,2024,Picles Cardeal,São Paulo,São Paulo
Antiprisma,2024-09-13,2024,Picles Cardeal,São Paulo,São Paulo
Sudor Marika,2024-09-13,2024,Sol Y Sombra,São Paulo,São Paulo
Marcia Griffiths,2024-09-13,2024,Cine Joia,São Paulo,São Paulo
Fin del Mundo,2024-09-13,2024,SESC Belenzinho,São Paulo,São Paulo
Deep Purple,2024-09-13,2024,Espaço Unimed,São Paulo,São Paulo
The Orange Disaster,2024-09-13,2024,Picles Cardeal,São Paulo,São Paulo
Tribo de Jah,2024-09-14,2024,SESC Santo Amaro,São Paulo,São Paulo
As Mercenárias,2024-09-14,2024,PORTA,São Paulo,São Paulo
TesseracT,2024-09-14,2024,Carioca Club,São Paulo,São Paulo
João Bosco,2024-09-14,2024,Sesc 14 Bis,São Paulo,São Paulo
Carne Doce,2024-09-14,2024,City Lights Music Hall,São Paulo,São Paulo
Matchbox,2024-09-14,2024,Centro Esportivo Arthur Friedenreich,São Paulo,São Paulo
John Wayne,2024-09-14,2024,Casa de Cultura Chico Science,São Paulo,São Paulo
Retrato,2024-09-14,2024,Fffront,São Paulo,São Paulo
Céu,2024-09-14,2024,SESC Vila Mariana,São Paulo,São Paulo
Pavilhão 9,2024-09-14,2024,Casa de Cultura Chico Science,São Paulo,São Paulo
D'Artagnan Não Mora Mais Aqui,2024-09-14,2024,Fffront,São Paulo,São Paulo
The Beast Experience,2024-09-14,2024,Manifesto Bar,São Paulo,São Paulo
Adorável Clichê,2024-09-14,2024,Bar Alto,São Paulo,São Paulo
Roots – Sepultura Tributo,2024-09-14,2024,Crash Church Underground Ministry,São Paulo,São Paulo
Halleck,2024-09-14,2024,Cardeal Pub,São Paulo,São Paulo
Marina Lima,2024-09-14,2024,SESC Pompéia,São Paulo,São Paulo
O Teatro Mágico,2024-09-14,2024,Tokio Marine Hall,São Paulo,São Paulo
Coralinne,2024-09-14,2024,Bay Area Estúdios,São Paulo,São Paulo
Ghetto Kumbé,2024-09-14,2024,Centro Cultural Tendal da Lapa,São Paulo,São Paulo
Ilú Obá De Min,2024-09-14,2024,Centro Cultural Tendal da Lapa,São Paulo,São Paulo
Moreno Veloso,2024-09-14,2024,Casa Natura Musical,São Paulo,São Paulo
Orange Disaster,2024-09-15,2024,Fenda 315,São Paulo,São Paulo
Emicaeli,2024-09-15,2024,Fenda 315,São Paulo,São Paulo
Céu,2024-09-15,2024,SESC Vila Mariana,São Paulo,São Paulo
TesseracT,2024-09-15,2024,Fabrique Club,São Paulo,São Paulo
The Spunyboys,2024-09-15,2024,Centro Esportivo Arthur Friedenreich,São Paulo,São Paulo
João Bosco,2024-09-15,2024,Sesc 14 Bis,São Paulo,São Paulo
Cida Moreira,2024-09-15,2024,SESC Avenida Paulista,São Paulo,São Paulo
Adorável Clichê,2024-09-15,2024,Cine Joia,São Paulo,São Paulo
Guilherme de Sá,2024-09-15,2024,Campo de Marte,São Paulo,São Paulo
Rosa de Saron,2024-09-15,2024,Campo de Marte,São Paulo,São Paulo
DIIV,2024-09-15,2024,Cine Joia,São Paulo,São Paulo
Benito di Paula,2024-09-15,2024,Tokio Marine Hall,São Paulo,São Paulo
Elephant Gym,2024-09-15,2024,Casa Rockambole,São Paulo,São Paulo
DREAMCATCHER,2024-09-15,2024,Terra SP,São Paulo,São Paulo
Newen Afrobeat,2024-09-15,2024,Centro Cultural Tendal da Lapa,São Paulo,São Paulo
Daymé Arocena,2024-09-15,2024,Centro Cultural Tendal da Lapa,São Paulo,São Paulo
DIIV,2024-09-16,2024,Bar Alto,São Paulo,São Paulo
ARTMS,2024-09-17,2024,Terra SP,São Paulo,São Paulo
Bufo Borealis,2024-09-17,2024,Centro da Terra,São Paulo,São Paulo
Lúcio Maia,2024-09-17,2024,Centro da Terra,São Paulo,São Paulo
Guilherme de Sá,2024-09-18,2024,Centro Cultural da Penha,São Paulo,São Paulo
Jards Macalé,2024-09-18,2024,Picles Cardeal,São Paulo,São Paulo
Chitãozinho & Xororó,2024-09-18,2024,Altas Horas,São Paulo,São Paulo
Jards Macalé,2024-09-19,2024,Picles Cardeal,São Paulo,São Paulo
"Thalin, Cravinhos, VCR Slim, Pirlo & iloveyoulangelo",2024-09-19,2024,SESC Pompéia,São Paulo,São Paulo
Catto,2024-09-19,2024,Teatro das Artes,São Paulo,São Paulo
Yamandu Costa,2024-09-19,2024,Blue Note São Paulo,São Paulo,São Paulo
Ne‐Yo,2024-09-19,2024,Espaço Unimed,São Paulo,São Paulo
Wander Wildner,2024-09-19,2024,Fenda 315,São Paulo,São Paulo
DJ Zé Pedro,2024-09-20,2024,Allianz Parque,São Paulo,São Paulo
DJ Zé Pedro,2024-09-20,2024,Edifício Copan,São Paulo,São Paulo
Banda Uó,2024-09-20,2024,Centro Cultural Tendal da Lapa,São Paulo,São Paulo
Acid Mothers Temple & The Melting Paraiso U.F.O.,2024-09-20,2024,Fabrique Club,São Paulo,São Paulo
Devotos,2024-09-20,2024,Fabrique Club,São Paulo,São Paulo
Espacialrias,2024-09-20,2024,Fffront,São Paulo,São Paulo
Patife Band,2024-09-20,2024,Fabrique Club,São Paulo,São Paulo
Mariah Carey,2024-09-20,2024,Allianz Parque,São Paulo,São Paulo
Rodrigo Teaser,2024-09-21,2024,Audio,São Paulo,São Paulo
Carminho,2024-09-21,2024,Tokio Marine Hall,São Paulo,São Paulo
Don L,2024-09-21,2024,Centro Cultural São Paulo,São Paulo,São Paulo
Renato Braz,2024-09-21,2024,Edifício Copan,São Paulo,São Paulo
Poltergat,2024-09-21,2024,Estúdio Aurora,São Paulo,São Paulo
Cida Moreira,2024-09-21,2024,Edifício Copan,São Paulo,São Paulo
Orange Disaster,2024-09-21,2024,Estúdio Aurora,São Paulo,São Paulo
FIGUEROAS,2024-09-21,2024,Picles Cardeal,São Paulo,São Paulo
Gloria Gaynor,2024-09-21,2024,Espaço Unimed,São Paulo,São Paulo
SIAMÉS,2024-09-21,2024,Casa Natura Musical,São Paulo,São Paulo
Black Pantera,2024-09-21,2024,SESC Belenzinho,São Paulo,São Paulo
Lô Borges,2024-09-21,2024,SESC Pompéia,São Paulo,São Paulo
Letrux,2024-09-21,2024,SESC Vila Mariana,São Paulo,São Paulo
Coqui Sosa,2024-09-21,2024,Edifício Copan,São Paulo,São Paulo
Comando Nuclear,2024-09-22,2024,Jai Club,São Paulo,São Paulo
Raven,2024-09-22,2024,Jai Club,São Paulo,São Paulo
Nameless Gods,2024-09-22,2024,cafundó,São Paulo,São Paulo
Assucena,2024-09-22,2024,Edifício Copan,São Paulo,São Paulo
Hurtmold,2024-09-22,2024,City Lights Music Hall,São Paulo,São Paulo
Zezé Motta,2024-09-22,2024,Edifício Copan,São Paulo,São Paulo
ballburya,2024-09-22,2024,Avenida Paulista,São Paulo,São Paulo
Alaíde Costa,2024-09-22,2024,Edifício Copan,São Paulo,São Paulo
Joss Stone,2024-09-24,2024,Espaço Unimed,São Paulo,São Paulo
Guilherme de Sá,2024-09-24,2024,Teatro Paulo Eiró,São Paulo,São Paulo
Los Sebosos Postizos,2024-09-25,2024,Centro Cultural São Paulo,São Paulo,São Paulo
Values Here,2024-09-26,2024,Rock Together Studio,São Paulo,São Paulo
Children of the Beast,2024-09-26,2024,Stones Music Bar,São Paulo,São Paulo
Os Paralamas do Sucesso,2024-09-26,2024,Audio,São Paulo,São Paulo
Walter Schreifels,2024-09-26,2024,Fffront,São Paulo,São Paulo
Paula Toller,2024-09-26,2024,Private Venue,São Paulo,São Paulo
Ouse Morrer,2024-09-26,2024,Rock Together Studio,São Paulo,São Paulo
Tom Cridland,2024-09-26,2024,Vibra São Paulo,São Paulo,São Paulo
Vanguart,2024-09-26,2024,Teatro SESC 24 de Maio,São Paulo,São Paulo
Escape the Fate,2024-09-26,2024,Hangar 110,São Paulo,São Paulo
Junio Barreto,2024-09-26,2024,SESC Pompéia,São Paulo,São Paulo
Far from Alaska,2024-09-26,2024,Shopping Vila Olimpia,São Paulo,São Paulo
Alice Caymmi,2024-09-27,2024,Sesc 14 Bis,São Paulo,São Paulo
Freak Fur,2024-09-27,2024,Fabrique Club,São Paulo,São Paulo
Bebel Gilberto,2024-09-27,2024,SESC Pinheiros,São Paulo,São Paulo
Silva,2024-09-27,2024,Espaço Unimed,São Paulo,São Paulo
Sound Bullet,2024-09-27,2024,Fenda 315,São Paulo,São Paulo
Strong Reaction,2024-09-27,2024,Fabrique Club,São Paulo,São Paulo
Good Intentions,2024-09-27,2024,Fabrique Club,São Paulo,São Paulo
Devotos,2024-09-27,2024,Audio,São Paulo,São Paulo
Tuyo,2024-09-27,2024,Centro Cultural Vila Itororó,São Paulo,São Paulo
Cyro Sampaio,2024-09-27,2024,Fenda 315,São Paulo,São Paulo
Vanguart,2024-09-27,2024,Teatro SESC 24 de Maio,São Paulo,São Paulo
Sky Down,2024-09-27,2024,Fffront,São Paulo,São Paulo
Cidade Dormitório,2024-09-27,2024,Cineclube Cortina,São Paulo,São Paulo
Tony Ann,2024-09-27,2024,Auditório Simón Bolívar - Memorial da América Latina,São Paulo,São Paulo
Gorilla Biscuits,2024-09-27,2024,Fabrique Club,São Paulo,São Paulo
Paura,2024-09-27,2024,Fabrique Club,São Paulo,São Paulo
Nação Zumbi,2024-09-27,2024,Audio,São Paulo,São Paulo
Values Here,2024-09-27,2024,Fabrique Club,São Paulo,São Paulo
Pélico,2024-09-27,2024,Centro Cultural São Paulo,São Paulo,São Paulo
Melly,2024-09-27,2024,Casa Natura Musical,São Paulo,São Paulo
Tatá Aeroplano,2024-09-27,2024,Cineclube Cortina,São Paulo,São Paulo
Eric Clapton,2024-09-28,2024,Vibra São Paulo,São Paulo,São Paulo
Dame Area,2024-09-28,2024,Madame Club,São Paulo,São Paulo
Lulina,2024-09-28,2024,Odette,São Paulo,São Paulo
Henrique Mota,2024-09-28,2024,Memorial da América Latina,São Paulo,São Paulo
Fabio Cadore,2024-09-28,2024,SESC Itaquera,São Paulo,São Paulo
Vulcano,2024-09-28,2024,La Iglesia Borratxeria,São Paulo,São Paulo
Gary Clark Jr.,2024-09-28,2024,Vibra São Paulo,São Paulo,São Paulo
Scott Kinsey,2024-09-28,2024,Memorial da América Latina,São Paulo,São Paulo
Amaro Freitas,2024-09-28,2024,Memorial da América Latina,São Paulo,São Paulo
Death Of Caligari,2024-09-28,2024,Depois do Fim do Mundo Estúdio,São Paulo,São Paulo
Biter,2024-09-28,2024,Hellraiser Rock Bar,São Paulo,São Paulo
Dianne Reeves,2024-09-28,2024,Memorial da América Latina,São Paulo,São Paulo
Ludovic,2024-09-28,2024,City Lights Music Hall,São Paulo,São Paulo
Niall Horan,2024-09-28,2024,Parque do Ibirapuera,São Paulo,São Paulo
Floral,2024-09-28,2024,Rock Together Studio,São Paulo,São Paulo
Pelados,2024-09-28,2024,SESC Belenzinho,São Paulo,São Paulo
Loyal Gun,2024-09-28,2024,Fffront,São Paulo,São Paulo
Nick León,2024-09-28,2024,Fabriketa,São Paulo,São Paulo
Aurora Halal,2024-09-28,2024,Fabriketa,São Paulo,São Paulo
DJ LHC,2024-09-28,2024,Fabriketa,São Paulo,São Paulo
Titãs,2024-09-28,2024,Espaço Unimed,São Paulo,São Paulo
Masturbator,2024-09-28,2024,La Iglesia Borratxeria,São Paulo,São Paulo
Clarissa,2024-09-28,2024,Parque do Ibirapuera,São Paulo,São Paulo
Guillerrrmo,2024-09-28,2024,Fabriketa,São Paulo,São Paulo
L_cio,2024-09-28,2024,Fabriketa,São Paulo,São Paulo
DJ Magal,2024-09-28,2024,Fabriketa,São Paulo,São Paulo
Frontinn,2024-09-28,2024,Fabriketa,São Paulo,São Paulo
DJ Fart,2024-09-28,2024,Fabriketa,São Paulo,São Paulo
Night Prowler,2024-09-28,2024,Hellraiser Rock Bar,São Paulo,São Paulo
Nene H,2024-09-28,2024,Fabriketa,São Paulo,São Paulo
Dopplereffekt,2024-09-28,2024,Fabriketa,São Paulo,São Paulo
Alexander Robotnick,2024-09-28,2024,Fabriketa,São Paulo,São Paulo
Mainline Magic Orchestra,2024-09-28,2024,Fabriketa,São Paulo,São Paulo
Terno Rei,2024-09-28,2024,SESC Vila Mariana,São Paulo,São Paulo
Hotaru,2024-09-28,2024,Fabriketa,São Paulo,São Paulo
Nicole Salmi,2024-09-29,2024,Espaço Cachuera!,São Paulo,São Paulo
Foojammers,2024-09-29,2024,Av. Paulista,São Paulo,São Paulo
Magnólia,2024-09-29,2024,A Porta Maldita,São Paulo,São Paulo
Terno Rei,2024-09-29,2024,SESC Vila Mariana,São Paulo,São Paulo
Gary Clark Jr.,2024-09-29,2024,Allianz Parque,São Paulo,São Paulo
Salomão Soares,2024-09-29,2024,Memorial da América Latina,São Paulo,São Paulo
Dani & Debora Gurgel Quarteto,2024-09-29,2024,Memorial da América Latina,São Paulo,São Paulo
Guegué Medeiros,2024-09-29,2024,Memorial da América Latina,São Paulo,São Paulo
Eric Clapton,2024-09-29,2024,Allianz Parque,São Paulo,São Paulo
Seu Jorge,2024-09-29,2024,Memorial da América Latina,São Paulo,São Paulo
Daniel Jobim,2024-09-29,2024,Memorial da América Latina,São Paulo,São Paulo
Shai Maestro Trio,2024-09-29,2024,Memorial da América Latina,São Paulo,São Paulo
Bruno Mars,2024-10-01,2024,Tokio Marine Hall,São Paulo,São Paulo
Ema Stoned,2024-10-01,2024,SESC Consolação,São Paulo,São Paulo
Blogueirinha,2024-10-02,2024,,São Paulo,São Paulo
Rafael Bittencourt,2024-10-02,2024,Blue Note São Paulo,São Paulo,São Paulo
Rafael Bittencourt,2024-10-02,2024,Blue Note São Paulo,São Paulo,São Paulo
Chico Bernardes,2024-10-03,2024,Bona Casa de Música,São Paulo,São Paulo
Jup do Bairro,2024-10-03,2024,Picles Cardeal,São Paulo,São Paulo
Ajuliacosta,2024-10-03,2024,SESC Pompéia,São Paulo,São Paulo
Nill,2024-10-03,2024,Casa Natura Musical,São Paulo,São Paulo
Banda Del Rey,2024-10-04,2024,City Lights Music Hall,São Paulo,São Paulo
Seu Cuca,2024-10-04,2024,Jai Club,São Paulo,São Paulo
Samuel Rosa,2024-10-04,2024,Clube Atletico Paulistano,São Paulo,São Paulo
Bruno Mars,2024-10-04,2024,MorumBIS,São Paulo,São Paulo
Curumin,2024-10-04,2024,SESC Pompéia,São Paulo,São Paulo
Cattarse,2024-10-04,2024,Fffront,São Paulo,São Paulo
Inocentes,2024-10-04,2024,London Calling Discos,São Paulo,São Paulo
"Francisco, el Hombre",2024-10-04,2024,Casa Natura Musical,São Paulo,São Paulo
Dibob,2024-10-04,2024,Jai Club,São Paulo,São Paulo
Almôndegas,2024-10-04,2024,SESC Belenzinho,São Paulo,São Paulo
Maglore,2024-10-05,2024,Casa Rockambole,São Paulo,São Paulo
Orthostat,2024-10-05,2024,La Iglesia Borratxeria,São Paulo,São Paulo
Halleck,2024-10-05,2024,Porão da Cerveja,São Paulo,São Paulo
Almir Sater,2024-10-05,2024,Clube Atletico Paulistano,São Paulo,São Paulo
Various Artists,2024-10-05,2024,Allianz Parque,São Paulo,São Paulo
Bruno Mars,2024-10-05,2024,MorumBIS,São Paulo,São Paulo
Isabella Lovestory,2024-10-05,2024,Zig Studio,São Paulo,São Paulo
Juliana Linhares,2024-10-05,2024,SESC 24 de Maio,São Paulo,São Paulo
ballburya,2024-10-05,2024,Instituto Cultural Bolivia Rock,São Paulo,São Paulo
Children of the Beast,2024-10-05,2024,Budegaalokka,São Paulo,São Paulo
Escombro,2024-10-05,2024,Centro Cultural da Juventude Ruth Cardoso,São Paulo,São Paulo
Bayside Kings,2024-10-05,2024,Centro Cultural da Juventude Ruth Cardoso,São Paulo,São Paulo
Curumin,2024-10-05,2024,SESC Pompéia,São Paulo,São Paulo
Burrice Precoce,2024-10-05,2024,Centro Cultural da Juventude Ruth Cardoso,São Paulo,São Paulo
Demophobia,2024-10-05,2024,La Iglesia Borratxeria,São Paulo,São Paulo
Capote,2024-10-05,2024,Centro Cultural da Juventude Ruth Cardoso,São Paulo,São Paulo
InRaza,2024-10-05,2024,La Iglesia Borratxeria,São Paulo,São Paulo
Metade de Mim,2024-10-05,2024,Centro Cultural da Juventude Ruth Cardoso,São Paulo,São Paulo
Válvera,2024-10-06,2024,Carioca Club,São Paulo,São Paulo
Garage Fuzz,2024-10-06,2024,Cine Joia,São Paulo,São Paulo
Destruction,2024-10-06,2024,Carioca Club,São Paulo,São Paulo
Chuva Negra,2024-10-06,2024,Cine Joia,São Paulo,São Paulo
Zander,2024-10-06,2024,Cine Joia,São Paulo,São Paulo
Hateen,2024-10-06,2024,Cine Joia,São Paulo,São Paulo
A.C.E,2024-10-06,2024,VIP Station,São Paulo,São Paulo
Night Prowler,2024-10-06,2024,Fabrique Club,São Paulo,São Paulo
Maglore,2024-10-06,2024,Casa Rockambole,São Paulo,São Paulo
Ilustre Refém,2024-10-06,2024,Jai Club,São Paulo,São Paulo
Weedevil,2024-10-06,2024,Fabrique Club,São Paulo,São Paulo
Hybrid Theory,2024-10-06,2024,Tokio Marine Hall,São Paulo,São Paulo
Sextrash,2024-10-06,2024,Carioca Club,São Paulo,São Paulo
Lucifer,2024-10-06,2024,Fabrique Club,São Paulo,São Paulo
Tantum,2024-10-06,2024,Fabrique Club,São Paulo,São Paulo
Space Grease,2024-10-06,2024,Fabrique Club,São Paulo,São Paulo
Rancore,2024-10-06,2024,Hangar 110,São Paulo,São Paulo
Pesta,2024-10-06,2024,Fabrique Club,São Paulo,São Paulo
Rancore,2024-10-06,2024,Hangar 110,São Paulo,São Paulo
Cyro Sampaio,2024-10-07,2024,União Fraterna,São Paulo,São Paulo
Nando Reis,2024-10-07,2024,União Fraterna,São Paulo,São Paulo
OUTROEU,2024-10-07,2024,União Fraterna,São Paulo,São Paulo
Bruno Mars,2024-10-08,2024,MorumBIS,São Paulo,São Paulo
Ashnikko,2024-10-08,2024,Audio,São Paulo,São Paulo
Matteo Bocelli,2024-10-09,2024,Sala São Paulo,São Paulo,São Paulo
Bruno Mars,2024-10-09,2024,MorumBIS,São Paulo,São Paulo
TAXIDERMIA,2024-10-10,2024,SESC Vila Mariana,São Paulo,São Paulo
Péricles,2024-10-10,2024,Parque Villa-Lobos,São Paulo,São Paulo
ANNÁ,2024-10-10,2024,SESC Pompéia,São Paulo,São Paulo
Oswaldo Montenegro,2024-10-10,2024,Tokio Marine Hall,São Paulo,São Paulo
Aláfia,2024-10-10,2024,Centro Cultural São Paulo,São Paulo,São Paulo
Sonic Symphony,2024-10-11,2024,Expo Center Norte,São Paulo,São Paulo
Shawn James,2024-10-11,2024,Carioca Club,São Paulo,São Paulo
Roberta Sá,2024-10-11,2024,Cine Joia,São Paulo,São Paulo
Malditos Jovens do Reggae,2024-10-11,2024,Estúdio Páprica,São Paulo,São Paulo
CPM 22,2024-10-11,2024,Parque Villa-Lobos,São Paulo,São Paulo
Lencinho,2024-10-11,2024,Casa AlgoHits,São Paulo,São Paulo
Pabllo Vittar,2024-10-11,2024,Audio,São Paulo,São Paulo
Urias,2024-10-11,2024,Audio,São Paulo,São Paulo
Paura,2024-10-12,2024,Galpão Cru,São Paulo,São Paulo
Chão de Taco,2024-10-12,2024,La Iglesia Borratxeria,São Paulo,São Paulo
Black Pantera,2024-10-12,2024,Tokio Marine Hall,São Paulo,São Paulo
Clava,2024-10-12,2024,Galpão Cru,São Paulo,São Paulo
UANA,2024-10-12,2024,Funilaria,São Paulo,São Paulo
Living Colour,2024-10-12,2024,Tokio Marine Hall,São Paulo,São Paulo
Nando Reis,2024-10-12,2024,Espaço Unimed,São Paulo,São Paulo
Budang,2024-10-12,2024,Galpão Cru,São Paulo,São Paulo
Sonic Symphony,2024-10-12,2024,Expo Center Norte,São Paulo,São Paulo
Falsa Luz,2024-10-12,2024,Galpão Cru,São Paulo,São Paulo
Tomar Control,2024-10-12,2024,Galpão Cru,São Paulo,São Paulo
Jorge Aragão,2024-10-12,2024,Parque Villa-Lobos,São Paulo,São Paulo
Grupo Fundo de Quintal,2024-10-12,2024,Parque Villa-Lobos,São Paulo,São Paulo
Bruno Mars,2024-10-12,2024,MorumBIS,São Paulo,São Paulo
Wardruna,2024-10-12,2024,Terra SP,São Paulo,São Paulo
Clan Dos Mortos Cicatriz,2024-10-12,2024,Galpão Cru,São Paulo,São Paulo
MEE,2024-10-13,2024,Galpão Cru,São Paulo,São Paulo
I Shot Cyrus,2024-10-13,2024,Galpão Cru,São Paulo,São Paulo
Punho de Mahin,2024-10-13,2024,Baraki House,São Paulo,São Paulo
Xuxa,2024-10-13,2024,Neo Química Arena,São Paulo,São Paulo
O Inimigo,2024-10-13,2024,Galpão Cru,São Paulo,São Paulo
Sophia Chablau e Uma Enorme Perda de Tempo,2024-10-13,2024,SESC Ipiranga,São Paulo,São Paulo
Norte Cartel,2024-10-13,2024,Galpão Cru,São Paulo,São Paulo
EVERGLOW,2024-10-13,2024,Terra SP,São Paulo,São Paulo
The Mission,2024-10-13,2024,Carioca Club,São Paulo,São Paulo
Tomar Control,2024-10-13,2024,Baraki House,São Paulo,São Paulo
Joker,2024-10-13,2024,Galpão Cru,São Paulo,São Paulo
Dead Fish,2024-10-13,2024,Concha Acústica da Faculdade Fito,Osasco,São Paulo
69 Enfermos,2024-10-13,2024,Fffront,São Paulo,São Paulo
Sonic Symphony,2024-10-13,2024,Expo Center Norte,São Paulo,São Paulo
Helô Ribeiro,2024-10-13,2024,Teatro de Arena Eugênio Kusnet,São Paulo,São Paulo
Drunktank,2024-10-13,2024,Fffront,São Paulo,São Paulo
Marcelo Falcão,2024-10-13,2024,Parque Villa-Lobos,São Paulo,São Paulo
Gagged,2024-10-13,2024,Fffront,São Paulo,São Paulo
Fresno,2024-10-13,2024,Concha Acústica da Faculdade Fito,Osasco,São Paulo
Posers,2024-10-13,2024,La Iglesia Borratxeria,São Paulo,São Paulo
Christian Death,2024-10-13,2024,Carioca Club,São Paulo,São Paulo
Bruno Mars,2024-10-13,2024,MorumBIS,São Paulo,São Paulo
Maneva,2024-10-13,2024,Parque Villa-Lobos,São Paulo,São Paulo
DPR CREAM,2024-10-14,2024,Komplexo Tempo,São Paulo,São Paulo
DPR IAN,2024-10-14,2024,Komplexo Tempo,São Paulo,São Paulo
DPR ARTIC,2024-10-14,2024,Komplexo Tempo,São Paulo,São Paulo
Paul McCartney,2024-10-15,2024,Allianz Parque,São Paulo,São Paulo
The Hives,2024-10-15,2024,Tokio Marine Hall,São Paulo,São Paulo
Gustthavo,2024-10-15,2024,Casa De Show Específica,São Paulo,São Paulo
Chris Holmes,2024-10-15,2024,Allianz Parque,São Paulo,São Paulo
Paul McCartney,2024-10-15,2024,Allianz Parque,São Paulo,São Paulo
Chris Holmes,2024-10-16,2024,Allianz Parque,São Paulo,São Paulo
Paul McCartney,2024-10-16,2024,Allianz Parque,São Paulo,São Paulo
Paul McCartney,2024-10-16,2024,Allianz Parque,São Paulo,São Paulo
Alzira E + Corte,2024-10-17,2024,Casa de Francisca,São Paulo,São Paulo
The Moors,2024-10-17,2024,Fenda 315,São Paulo,São Paulo
Viratempo,2024-10-17,2024,Picles Cardeal,São Paulo,São Paulo
Pitty,2024-10-17,2024,Parque Villa-Lobos,São Paulo,São Paulo
Winona Riders,2024-10-17,2024,Bar Alto,São Paulo,São Paulo
Besouro Mulher,2024-10-17,2024,Picles Cardeal,São Paulo,São Paulo
Supersuckers,2024-10-18,2024,Jai Club,São Paulo,São Paulo
The Moors,2024-10-18,2024,Porão da Cerveja,São Paulo,São Paulo
Dead Fish,2024-10-18,2024,La Iglesia Borratxeria,São Paulo,São Paulo
Children of the Beast,2024-10-18,2024,Morrison Rock Bar,São Paulo,São Paulo
Aziz Ibrahim,2024-10-18,2024,City Lights Music Hall,São Paulo,São Paulo
Golpe de Estado,2024-10-18,2024,SESC Avenida Paulista,São Paulo,São Paulo
Trachoma,2024-10-18,2024,Rock Together Studio,São Paulo,São Paulo
Infamous Glory,2024-10-18,2024,Rock Together Studio,São Paulo,São Paulo
Bebê Feio,2024-10-18,2024,Depois do Fim do Mundo Estúdio,São Paulo,São Paulo
Leptospirose,2024-10-18,2024,Fenda 315,São Paulo,São Paulo
Gaby Amarantos,2024-10-18,2024,SESC Vila Mariana,São Paulo,São Paulo
Doce Encontro,2024-10-18,2024,Parque Villa-Lobos,São Paulo,São Paulo
Fresno,2024-10-18,2024,Espaço Unimed,São Paulo,São Paulo
Nameless Gods,2024-10-18,2024,Depois do Fim do Mundo Estúdio,São Paulo,São Paulo
The Mullet Monster Mafia,2024-10-18,2024,Jai Club,São Paulo,São Paulo
Tássia Reis,2024-10-18,2024,SESC Pompéia,São Paulo,São Paulo
Peter Pan Speedrock,2024-10-18,2024,Jai Club,São Paulo,São Paulo
Thanathus,2024-10-18,2024,Depois do Fim do Mundo Estúdio,São Paulo,São Paulo
DragonForce,2024-10-19,2024,Allianz Parque,São Paulo,São Paulo
Mudvayne,2024-10-19,2024,Allianz Parque,São Paulo,São Paulo
Krisiun,2024-10-19,2024,Allianz Parque,São Paulo,São Paulo
Eskröta,2024-10-19,2024,Allianz Parque,São Paulo,São Paulo
Ratos de Porão,2024-10-19,2024,Allianz Parque,São Paulo,São Paulo
Big Up,2024-10-19,2024,SENAC Nações Unidas,São Paulo,São Paulo
Lúcio Maia,2024-10-19,2024,SESC Avenida Paulista,São Paulo,São Paulo
Gaby Amarantos,2024-10-19,2024,SESC Vila Mariana,São Paulo,São Paulo
Meshuggah,2024-10-19,2024,Allianz Parque,São Paulo,São Paulo
Michale Graves,2024-10-19,2024,Hangar 110,São Paulo,São Paulo
Gloria Groove,2024-10-19,2024,Espaço Unimed,São Paulo,São Paulo
Los Sebosos Postizos,2024-10-19,2024,SESC Belenzinho,São Paulo,São Paulo
Jorge Vercillo,2024-10-19,2024,Parque Villa-Lobos,São Paulo,São Paulo
Pense,2024-10-19,2024,Fabrique Club,São Paulo,São Paulo
Enigma Central Park,2024-10-19,2024,Fffront,São Paulo,São Paulo
Roupa Nova,2024-10-19,2024,Parque Villa-Lobos,São Paulo,São Paulo
Orbit Culture,2024-10-19,2024,Allianz Parque,São Paulo,São Paulo
Amon Amarth,2024-10-19,2024,Allianz Parque,São Paulo,São Paulo
Slipknot,2024-10-19,2024,Allianz Parque,São Paulo,São Paulo
eliminadorzinho,2024-10-19,2024,City Lights Music Hall,São Paulo,São Paulo
Xênia França,2024-10-19,2024,SENAC Osasco,Osasco,São Paulo
Chococorn and the Sugarcanes,2024-10-19,2024,City Lights Music Hall,São Paulo,São Paulo
The Moors,2024-10-19,2024,Hangar 110,São Paulo,São Paulo
Project46,2024-10-19,2024,Allianz Parque,São Paulo,São Paulo
H₂O,2024-10-19,2024,Fabrique Club,São Paulo,São Paulo
Eminence,2024-10-19,2024,Allianz Parque,São Paulo,São Paulo
Firefriend,2024-10-19,2024,Laje,São Paulo,São Paulo
Yamandu Costa,2024-10-19,2024,Parque Villa-Lobos,São Paulo,São Paulo
Kryour,2024-10-19,2024,Allianz Parque,São Paulo,São Paulo
Antiprisma,2024-10-19,2024,Fffront,São Paulo,São Paulo
BABYMETAL,2024-10-20,2024,Allianz Parque,São Paulo,São Paulo
Papangu,2024-10-20,2024,Allianz Parque,São Paulo,São Paulo
Poppy,2024-10-20,2024,Allianz Parque,São Paulo,São Paulo
Slipknot,2024-10-20,2024,Allianz Parque,São Paulo,São Paulo
Till Lindemann,2024-10-20,2024,Allianz Parque,São Paulo,São Paulo
P.O.D.,2024-10-20,2024,Allianz Parque,São Paulo,São Paulo
Zimbra,2024-10-20,2024,Cine Joia,São Paulo,São Paulo
Monobloco,2024-10-20,2024,Parque Villa-Lobos,São Paulo,São Paulo
Black Pantera,2024-10-20,2024,Allianz Parque,São Paulo,São Paulo
Korzus,2024-10-20,2024,Allianz Parque,São Paulo,São Paulo
Mundo Video,2024-10-20,2024,City Lights Music Hall,São Paulo,São Paulo
Raça,2024-10-20,2024,City Lights Music Hall,São Paulo,São Paulo
Ego Kill Talent,2024-10-20,2024,Allianz Parque,São Paulo,São Paulo
The Mönic,2024-10-20,2024,Allianz Parque,São Paulo,São Paulo
DUDA BEAT,2024-10-20,2024,Tokio Marine Hall,São Paulo,São Paulo
Thiaguinho,2024-10-20,2024,Parque Villa-Lobos,São Paulo,São Paulo
Luísa e os Alquimistas,2024-10-20,2024,SESC Vila Mariana,São Paulo,São Paulo
Bad Omens,2024-10-20,2024,Allianz Parque,São Paulo,São Paulo
Seven Hours After Violet,2024-10-20,2024,Allianz Parque,São Paulo,São Paulo
BABYMETAL,2024-10-21,2024,Audio,São Paulo,São Paulo
Seven Hours After Violet,2024-10-21,2024,Audio,São Paulo,São Paulo
Papangu,2024-10-22,2024,Fffront,São Paulo,São Paulo
Pense,2024-10-22,2024,Casa AlgoHits,São Paulo,São Paulo
Arto Lindsay,2024-10-22,2024,Matiz,São Paulo,São Paulo
Chitãozinho & Xororó,2024-10-23,2024,Audio,São Paulo,São Paulo
Voluntários da Pátria,2024-10-23,2024,SESC Pompéia,São Paulo,São Paulo
Mother Mother,2024-10-23,2024,Tokio Marine Hall,São Paulo,São Paulo
Tomar Control,2024-10-23,2024,Fenda 315,São Paulo,São Paulo
Zé Manoel,2024-10-23,2024,SESC Vila Mariana,São Paulo,São Paulo
Tyrone Vaughan,2024-10-23,2024,Bourbon Street Music Club,São Paulo,São Paulo
Arrigo Barnabé,2024-10-24,2024,Bar Praça 87,São Paulo,São Paulo
KL Jay,2024-10-24,2024,Katarina Bar,São Paulo,São Paulo
Ciça Moreira,2024-10-24,2024,Shopping Vila Olimpia,São Paulo,São Paulo
Fantastic Negrito,2024-10-24,2024,Cine Joia,São Paulo,São Paulo
Scatolove,2024-10-24,2024,Shopping Vila Olimpia,São Paulo,São Paulo
Odair José,2024-10-25,2024,SESC Vila Mariana,São Paulo,São Paulo
Paula Toller,2024-10-25,2024,Espaço Unimed,São Paulo,São Paulo
Julio Secchin,2024-10-25,2024,MIS - Museu da Imagem e do Som,São Paulo,São Paulo
Catto,2024-10-25,2024,Casa Natura Musical,São Paulo,São Paulo
Roupa Nova,2024-10-25,2024,Clube Atlético Juventus,São Paulo,São Paulo
Carne Doce,2024-10-25,2024,Teatro SESC 24 de Maio,São Paulo,São Paulo
Coralinne,2024-10-25,2024,La Iglesia Borratxeria,São Paulo,São Paulo
ToyShop,2024-10-25,2024,London Calling Discos,São Paulo,São Paulo
Black Alien,2024-10-25,2024,SESC Pompéia,São Paulo,São Paulo
Poise,2024-10-25,2024,La Iglesia Borratxeria,São Paulo,São Paulo
Marcelo D2,2024-10-26,2024,Audio,São Paulo,São Paulo
Giant Love,2024-10-26,2024,Veganaassoo,São Paulo,São Paulo
Andralls,2024-10-26,2024,VIP Station,São Paulo,São Paulo
Foojammers,2024-10-26,2024,Cardeal Pub,São Paulo,São Paulo
Cemitério,2024-10-26,2024,VIP Station,São Paulo,São Paulo
Podridão,2024-10-26,2024,VIP Station,São Paulo,São Paulo
Trachoma,2024-10-26,2024,VIP Station,São Paulo,São Paulo
Dischavizer,2024-10-26,2024,VIP Station,São Paulo,São Paulo
Fossilization,2024-10-26,2024,VIP Station,São Paulo,São Paulo
Odair José,2024-10-26,2024,SESC Vila Mariana,São Paulo,São Paulo
Subcut,2024-10-26,2024,VIP Station,São Paulo,São Paulo
Black Alien,2024-10-26,2024,SESC Pompéia,São Paulo,São Paulo
Gloria,2024-10-26,2024,Carioca Club,São Paulo,São Paulo
ballburya,2024-10-26,2024,Rock Together Studio,São Paulo,São Paulo
Baixo Calão,2024-10-26,2024,VIP Station,São Paulo,São Paulo
Grinders,2024-10-26,2024,La Iglesia Borratxeria,São Paulo,São Paulo
Tuyo,2024-10-26,2024,Casa Natura Musical,São Paulo,São Paulo
ROT,2024-10-26,2024,VIP Station,São Paulo,São Paulo
Dead Congregation,2024-10-26,2024,VIP Station,São Paulo,São Paulo
Chameleo,2024-10-26,2024,Cine Joia,São Paulo,São Paulo
Lencinho,2024-10-26,2024,Casa AlgoHits,São Paulo,São Paulo
Cólera,2024-10-26,2024,La Iglesia Borratxeria,São Paulo,São Paulo
Bong Brigade,2024-10-26,2024,Hangar 110,São Paulo,São Paulo
Jamie xx,2024-10-26,2024,Praça das Artes,São Paulo,São Paulo
DZK,2024-10-26,2024,La Iglesia Borratxeria,São Paulo,São Paulo
Petra,2024-10-26,2024,Carioca Club,São Paulo,São Paulo
Coralinne,2024-10-26,2024,Casa Lab,São Paulo,São Paulo
Matuê,2024-10-26,2024,Memorial da América Latina,São Paulo,São Paulo
Firefriend,2024-10-26,2024,Veganaassoo,São Paulo,São Paulo
Bride,2024-10-26,2024,Carioca Club,São Paulo,São Paulo
Napalm Death,2024-10-26,2024,VIP Station,São Paulo,São Paulo
Restart,2024-10-26,2024,Espaço Unimed,São Paulo,São Paulo
Surra,2024-10-26,2024,VIP Station,São Paulo,São Paulo
FIGUEROAS,2024-10-26,2024,SESC Vila Mariana,São Paulo,São Paulo
Samuel Rosa,2024-10-26,2024,Clube Paineiras,São Paulo,São Paulo
PLUMA,2024-10-26,2024,SESC Belenzinho,São Paulo,São Paulo
Carne Doce,2024-10-26,2024,Teatro SESC 24 de Maio,São Paulo,São Paulo
Dionne Warwick,2024-10-26,2024,Vibra São Paulo,São Paulo,São Paulo
Subcut,2024-10-27,2024,Porão da Cerveja,São Paulo,São Paulo
Péricles,2024-10-27,2024,Mirante Esperia,São Paulo,São Paulo
Baixo Calão,2024-10-27,2024,La Iglesia Borratxeria,São Paulo,São Paulo
Jimmy & Rats,2024-10-27,2024,School of Rock São Paulo,São Paulo,São Paulo
Sabbat,2024-10-27,2024,Jai Club,São Paulo,São Paulo
Dead Congregation,2024-10-27,2024,La Iglesia Borratxeria,São Paulo,São Paulo
Akua Dixon,2024-10-29,2024,Casa de Francisca,São Paulo,São Paulo
Wanderléa,2024-10-30,2024,Centro Cultural São Paulo,São Paulo,São Paulo
Blogueirinha,2024-10-30,2024,,São Paulo,São Paulo
Nouvelle Vague,2024-10-30,2024,Audio,São Paulo,São Paulo
Gabriel Thomaz,2024-10-31,2024,PORTA,São Paulo,São Paulo
Emicaeli,2024-10-31,2024,PORTA,São Paulo,São Paulo
LIO,2024-10-31,2024,Blue Note São Paulo,São Paulo,São Paulo
Josy.Anne,2024-10-31,2024,SESC Pompéia,São Paulo,São Paulo
Children of the Beast,2024-10-31,2024,Bar do Juiz - Patriarca,São Paulo,São Paulo
Dente Canino,2024-10-31,2024,PORTA,São Paulo,São Paulo
Schlop,2024-10-31,2024,Fffront,São Paulo,São Paulo
[darkscape],2024-10-31,2024,Manifesto Bar,São Paulo,São Paulo
Joelma,2024-10-31,2024,CDT da Anhanguera,Osasco,São Paulo
Torture Squad,2024-10-31,2024,The Metal Bar,São Paulo,São Paulo
Mãeana,2024-10-31,2024,Audio,São Paulo,São Paulo
Catto,2024-11-01,2024,SESC Belenzinho,São Paulo,São Paulo
Thalma de Freitas,2024-11-01,2024,SESC Pompéia,São Paulo,São Paulo
Leptospirose,2024-11-01,2024,Fenda 315,São Paulo,São Paulo
Bazuros,2024-11-01,2024,PORTA,São Paulo,São Paulo
Merda,2024-11-01,2024,Fenda 315,São Paulo,São Paulo
Flageladör,2024-11-01,2024,SESC Belenzinho,São Paulo,São Paulo
Jorge Aragão,2024-11-01,2024,Autódromo de Interlagos,São Paulo,São Paulo
Dawn Penn,2024-11-01,2024,Espaço Usine,São Paulo,São Paulo
Pabllo Vittar,2024-11-01,2024,Vibra São Paulo,São Paulo,São Paulo
MCND,2024-11-01,2024,Studio Stage,São Paulo,São Paulo
Rodolfo Abrantes,2024-11-01,2024,Carioca Club,São Paulo,São Paulo
Chameleo,2024-11-01,2024,Vibra São Paulo,São Paulo,São Paulo
Iara Rennó,2024-11-02,2024,Odette,São Paulo,São Paulo
Adrian Vandenberg,2024-11-02,2024,Manifesto Bar,São Paulo,São Paulo
Mystifier,2024-11-02,2024,Casa Áurea,São Paulo,São Paulo
Sea Smile,2024-11-02,2024,Hangar 110,São Paulo,São Paulo
Catto,2024-11-02,2024,SESC Belenzinho,São Paulo,São Paulo
Lobão,2024-11-02,2024,Tokio Marine Hall,São Paulo,São Paulo
Spektra,2024-11-02,2024,Manifesto Bar,São Paulo,São Paulo
Merda,2024-11-02,2024,Casa AlgoHits,São Paulo,São Paulo
Axty,2024-11-02,2024,Hangar 110,São Paulo,São Paulo
Roots – Sepultura Tributo,2024-11-02,2024,Rock Wheels Kustom Bar,São Paulo,São Paulo
Alok,2024-11-02,2024,Autódromo de Interlagos,São Paulo,São Paulo
face to face,2024-11-02,2024,VIP Station,São Paulo,São Paulo
Sleaford Mods,2024-11-02,2024,Carioca Club,São Paulo,São Paulo
Black Pantera,2024-11-02,2024,Carioca Club,São Paulo,São Paulo
Retrato,2024-11-02,2024,A Porta Maldita,São Paulo,São Paulo
Zebrahead,2024-11-02,2024,VIP Station,São Paulo,São Paulo
Os Estilhaços,2024-11-02,2024,A Porta Maldita,São Paulo,São Paulo
Zander,2024-11-02,2024,VIP Station,São Paulo,São Paulo
Firefriend,2024-11-02,2024,A Porta Maldita,São Paulo,São Paulo
Under Influence,2024-11-02,2024,VIP Station,São Paulo,São Paulo
A Wilhelm Scream,2024-11-02,2024,VIP Station,São Paulo,São Paulo
The Mönic,2024-11-02,2024,VIP Station,São Paulo,São Paulo
Coralinne,2024-11-02,2024,Mooca Rock Bar,São Paulo,São Paulo
Luiza Lian,2024-11-02,2024,SESC Vila Mariana,São Paulo,São Paulo
Garage Fuzz,2024-11-02,2024,VIP Station,São Paulo,São Paulo
Nina Maia,2024-11-03,2024,SESC Avenida Paulista,São Paulo,São Paulo
Leptospirose,2024-11-03,2024,Fenda 315,São Paulo,São Paulo
Daniel,2024-11-03,2024,Autódromo de Interlagos,São Paulo,São Paulo
Trypophöbia,2024-11-03,2024,"Condições Extremas, Respostas Extremas",São Paulo,São Paulo
Merda,2024-11-03,2024,Fenda 315,São Paulo,São Paulo
Infected Rain,2024-11-03,2024,Fabrique Club,São Paulo,São Paulo
Terno Rei,2024-11-03,2024,Espaço Unimed,São Paulo,São Paulo
The Smashing Pumpkins,2024-11-03,2024,Espaço Unimed,São Paulo,São Paulo
Rocky,2024-11-03,2024,Carioca Club,São Paulo,São Paulo
Edgard Scandurra,2024-11-04,2024,City Lights Music Hall,São Paulo,São Paulo
Saulo Duarte,2024-11-04,2024,City Lights Music Hall,São Paulo,São Paulo
Ludovic,2024-11-04,2024,Centro da Terra,São Paulo,São Paulo
Pabllo Vittar,2024-11-05,2024,MASP,São Paulo,São Paulo
Boy Harsher,2024-11-05,2024,Carioca Club,São Paulo,São Paulo
Travis,2024-11-05,2024,Audio,São Paulo,São Paulo
Erykah Badu,2024-11-06,2024,Espaço Unimed,São Paulo,São Paulo
Marcelo D2,2024-11-06,2024,Centro Cultural São Paulo,São Paulo,São Paulo
Zeca Veloso,2024-11-06,2024,Bona Casa de Música,São Paulo,São Paulo
Inimigos da HP,2024-11-06,2024,Expo Center Norte,São Paulo,São Paulo
Luedji Luna,2024-11-06,2024,Espaço Unimed,São Paulo,São Paulo
CPM 22,2024-11-07,2024,Expo Center Norte,São Paulo,São Paulo
Dope,2024-11-07,2024,Terra SP,São Paulo,São Paulo
Static‐X,2024-11-07,2024,Terra SP,São Paulo,São Paulo
Silva,2024-11-07,2024,Roca SP Gallery,São Paulo,São Paulo
Marcelo D2,2024-11-07,2024,Centro Cultural São Paulo,São Paulo,São Paulo
Silvia Machete,2024-11-07,2024,Casa Natura Musical,São Paulo,São Paulo
Busted,2024-11-07,2024,Cine Joia,São Paulo,São Paulo
Titãs,2024-11-08,2024,Expo Center Norte,São Paulo,São Paulo
Fafá de Belém,2024-11-08,2024,Tokio Marine Hall,São Paulo,São Paulo
Firefriend,2024-11-08,2024,Red Star Studios,São Paulo,São Paulo
Mechanics,2024-11-08,2024,Red Star Studios,São Paulo,São Paulo
Bazuros,2024-11-08,2024,Sol Y Sombra,São Paulo,São Paulo
Infected Rain,2024-11-08,2024,Centro de Eventos Pro Magno,São Paulo,São Paulo
slipmami,2024-11-08,2024,Casa Natura Musical,São Paulo,São Paulo
Antiline,2024-11-08,2024,La Iglesia Borratxeria,São Paulo,São Paulo
DEAFKIDS,2024-11-08,2024,La Iglesia Borratxeria,São Paulo,São Paulo
Péricles,2024-11-08,2024,Terra SP,São Paulo,São Paulo
Bebê Feio,2024-11-08,2024,La Iglesia Borratxeria,São Paulo,São Paulo
Fábio Zanon,2024-11-08,2024,Teatro Cultura Artística,São Paulo,São Paulo
Liniker,2024-11-08,2024,Espaço Unimed,São Paulo,São Paulo
Nameless Gods,2024-11-09,2024,Fffront,São Paulo,São Paulo
homeninvisivel,2024-11-09,2024,VIP Station,São Paulo,São Paulo
Evilcult,2024-11-09,2024,Carioca Club,São Paulo,São Paulo
Asphyx,2024-11-09,2024,Carioca Club,São Paulo,São Paulo
LUDMILLA,2024-11-09,2024,Centro Esportivo e de Lazer Tietê,São Paulo,São Paulo
Bebê Feio,2024-11-09,2024,La Iglesia Borratxeria,São Paulo,São Paulo
Matanza Inc,2024-11-09,2024,La Iglesia Borratxeria,São Paulo,São Paulo
Zero to Hero,2024-11-09,2024,VIP Station,São Paulo,São Paulo
The Troops of Doom,2024-11-09,2024,Carioca Club,São Paulo,São Paulo
Viper,2024-11-09,2024,Casa de Cultura Chico Science,São Paulo,São Paulo
Mundo Video,2024-11-09,2024,Casa Rockambole,São Paulo,São Paulo
Maglore,2024-11-09,2024,Galeria Olido,São Paulo,São Paulo
Ego Kill Talent,2024-11-09,2024,Family Mob Studios,São Paulo,São Paulo
Keane,2024-11-09,2024,Espaço Unimed,São Paulo,São Paulo
Noturnall,2024-11-09,2024,Centro de Eventos Pro Magno,São Paulo,São Paulo
Mechanics,2024-11-09,2024,La Iglesia Borratxeria,São Paulo,São Paulo
Raimundos,2024-11-09,2024,Estádio do Canindé,São Paulo,São Paulo
Miragem,2024-11-09,2024,PORTA,São Paulo,São Paulo
Fábio Zanon,2024-11-09,2024,Teatro Cultura Artística,São Paulo,São Paulo
Hanging Freud,2024-11-09,2024,Madame Club,São Paulo,São Paulo
Pitch Yarn of Matter,2024-11-09,2024,Madame Club,São Paulo,São Paulo
Tuyo,2024-11-09,2024,SESC Bom Retiro,São Paulo,São Paulo
Contra o Céu,2024-11-09,2024,Hangar 110,São Paulo,São Paulo
Forever Grey,2024-11-09,2024,Madame Club,São Paulo,São Paulo
Foojammers,2024-11-09,2024,CavePool,São Paulo,São Paulo
Water From Your Eyes,2024-11-09,2024,Casa Rockambole,São Paulo,São Paulo
Movements,2024-11-09,2024,VIP Station,São Paulo,São Paulo
Joelma,2024-11-09,2024,CDT da Anhanguera,Osasco,São Paulo
Gal Go,2024-11-09,2024,Casa Rockambole,São Paulo,São Paulo
Schlop,2024-11-09,2024,PORTA,São Paulo,São Paulo
terraplana,2024-11-09,2024,Casa Rockambole,São Paulo,São Paulo
MEE,2024-11-10,2024,Cine Joia,São Paulo,São Paulo
Ana Frango Elétrico,2024-11-10,2024,Tokio Marine Hall,São Paulo,São Paulo
BADBADNOTGOOD,2024-11-10,2024,Tokio Marine Hall,São Paulo,São Paulo
Converge,2024-11-10,2024,Cine Joia,São Paulo,São Paulo
Fresno,2024-11-10,2024,Estádio do Canindé,São Paulo,São Paulo
TRAGO,2024-11-10,2024,SESC Vila Mariana,São Paulo,São Paulo
Dance of Days,2024-11-10,2024,Red Star Studios,São Paulo,São Paulo
Paira,2024-11-10,2024,Tokio Marine Hall,São Paulo,São Paulo
Water From Your Eyes,2024-11-10,2024,Tokio Marine Hall,São Paulo,São Paulo
Dinosaur Jr.,2024-11-10,2024,Tokio Marine Hall,São Paulo,São Paulo
Raça,2024-11-10,2024,Tokio Marine Hall,São Paulo,São Paulo
LUDMILLA,2024-11-10,2024,Centro Esportivo e de Lazer Tietê,São Paulo,São Paulo
Picture,2024-11-10,2024,Manifesto Bar,São Paulo,São Paulo
Nabihah Iqbal,2024-11-10,2024,Tokio Marine Hall,São Paulo,São Paulo
Tuyo,2024-11-10,2024,SESC Bom Retiro,São Paulo,São Paulo
Moto Perpétuo,2024-11-11,2024,Café Piu Piu,São Paulo,São Paulo
Dirkschneider,2024-11-11,2024,Carioca Club,São Paulo,São Paulo
Nabihah Iqbal,2024-11-11,2024,SESC Carmo,São Paulo,São Paulo
Jair Naves,2024-11-11,2024,Centro da Terra,São Paulo,São Paulo
Odair José,2024-11-11,2024,City Lights Music Hall,São Paulo,São Paulo
Maria Beraldo,2024-11-11,2024,City Lights Music Hall,São Paulo,São Paulo
Siegrid Ingrid,2024-11-12,2024,Fabrique Club,São Paulo,São Paulo
Ne Obliviscaris,2024-11-12,2024,Carioca Club,São Paulo,São Paulo
Bianca Del Rio,2024-11-12,2024,Teatro Bradesco,São Paulo,São Paulo
Adi Oasis,2024-11-12,2024,Blue Note São Paulo,São Paulo,São Paulo
Hypocrisy,2024-11-12,2024,Fabrique Club,São Paulo,São Paulo
Moto Perpétuo,2024-11-12,2024,Café Piu Piu,São Paulo,São Paulo
E a Terra Nunca Me Pareceu Tão Distante,2024-11-12,2024,Audio,São Paulo,São Paulo
Torture Squad,2024-11-12,2024,Fabrique Club,São Paulo,São Paulo
Jerry Cantrell,2024-11-12,2024,Audio,São Paulo,São Paulo
Chelsea Grin,2024-11-13,2024,Hangar 110,São Paulo,São Paulo
Satyricon,2024-11-13,2024,Carioca Club,São Paulo,São Paulo
Forgotten Boys,2024-11-13,2024,SESC Avenida Paulista,São Paulo,São Paulo
Liniker,2024-11-13,2024,Espaço Unimed,São Paulo,São Paulo
Jada Imani,2024-11-13,2024,PORTA,São Paulo,São Paulo
Di Melo,2024-11-14,2024,Mundo Pensante,São Paulo,São Paulo
Franz Ferdinand,2024-11-14,2024,Tokio Marine Hall,São Paulo,São Paulo
Enslaved,2024-11-14,2024,Fabrique Club,São Paulo,São Paulo
Marina Sena,2024-11-14,2024,Audio,São Paulo,São Paulo
Núbia,2024-11-14,2024,SESC Pompéia,São Paulo,São Paulo
"Thalin, Cravinhos, VCR Slim, Pirlo & iloveyoulangelo",2024-11-14,2024,Cineclube Cortina,São Paulo,São Paulo
Grupo Menos é Mais,2024-11-14,2024,Espaço Unimed,São Paulo,São Paulo
Oficina G3,2024-11-14,2024,Carioca Club,São Paulo,São Paulo
The Tremolo Beer Gut,2024-11-14,2024,Red Star Studios,São Paulo,São Paulo
Os Brutus,2024-11-14,2024,Red Star Studios,São Paulo,São Paulo
Forgotten Boys,2024-11-14,2024,SESC Avenida Paulista,São Paulo,São Paulo
Pitty,2024-11-15,2024,Parque Villa-Lobos,São Paulo,São Paulo
Joelma,2024-11-15,2024,Altas Horas,São Paulo,São Paulo
Mc Luanna,2024-11-15,2024,Parque Villa-Lobos,São Paulo,São Paulo
La Ciencia Simple,2024-11-15,2024,SESC Avenida Paulista,São Paulo,São Paulo
Victoria,2024-11-15,2024,Zig Studio,São Paulo,São Paulo
Mike Vescera,2024-11-15,2024,Manifesto Bar,São Paulo,São Paulo
Ego Kill Talent,2024-11-15,2024,Allianz Parque,São Paulo,São Paulo
Assucena,2024-11-15,2024,Parque Villa-Lobos,São Paulo,São Paulo
Linkin Park,2024-11-15,2024,Allianz Parque,São Paulo,São Paulo
Crânula,2024-11-15,2024,La Iglesia Borratxeria,São Paulo,São Paulo
Katatonia,2024-11-15,2024,Carioca Club,São Paulo,São Paulo
Victoria,2024-11-15,2024,Bar Alto,São Paulo,São Paulo
Orquestra Brasileira de Música Jamaicana,2024-11-15,2024,Casa de Francisca,São Paulo,São Paulo
Cranial Crusher,2024-11-15,2024,La Iglesia Borratxeria,São Paulo,São Paulo
Sadistic Messiah,2024-11-15,2024,La Iglesia Borratxeria,São Paulo,São Paulo
Kool & the Gang,2024-11-15,2024,Espaço Unimed,São Paulo,São Paulo
Dfideliz,2024-11-15,2024,A MATA,São Paulo,São Paulo
Ego Kill Talent,2024-11-16,2024,Allianz Parque,São Paulo,São Paulo
Foojammers,2024-11-16,2024,CPOR-SP,São Paulo,São Paulo
Getúlio Abelha,2024-11-16,2024,Praça Dom José Gaspar,São Paulo,São Paulo
YMA,2024-11-16,2024,Espaço Unimed,São Paulo,São Paulo
Luiza Lian,2024-11-16,2024,Praça das Artes,São Paulo,São Paulo
Alice Caymmi,2024-11-16,2024,Praça Dom José Gaspar,São Paulo,São Paulo
Creatures,2024-11-16,2024,Red Star Studios,São Paulo,São Paulo
Deathgeist,2024-11-16,2024,Casa de Cultura Chico Science,São Paulo,São Paulo
Calcinha Preta,2024-11-16,2024,Terra SP,São Paulo,São Paulo
Night Prowler,2024-11-16,2024,Red Star Studios,São Paulo,São Paulo
The Beast Experience,2024-11-16,2024,Audio,São Paulo,São Paulo
Rockfun Legends,2024-11-16,2024,Casa de Cultura Chico Science,São Paulo,São Paulo
Eduardo Falaschi,2024-11-16,2024,Casa de Cultura Chico Science,São Paulo,São Paulo
Marcelo D2,2024-11-16,2024,CASA NALATAXSTRAAT,São Paulo,São Paulo
Seventh Seal,2024-11-16,2024,Casa de Cultura Chico Science,São Paulo,São Paulo
Tessuto,2024-11-16,2024,Komplexo Tempo,São Paulo,São Paulo
Boogarins,2024-11-16,2024,Praça Dom José Gaspar,São Paulo,São Paulo
Bea Pelea,2024-11-16,2024,Espaço Prince Tower,São Paulo,São Paulo
Linkin Park,2024-11-16,2024,Allianz Parque,São Paulo,São Paulo
Eelke Kleijn,2024-11-16,2024,Komplexo Tempo,São Paulo,São Paulo
Souldynamic,2024-11-16,2024,Komplexo Tempo,São Paulo,São Paulo
MCR-T,2024-11-16,2024,Komplexo Tempo,São Paulo,São Paulo
Pet Duo,2024-11-16,2024,Komplexo Tempo,São Paulo,São Paulo
From House To Disco,2024-11-16,2024,Komplexo Tempo,São Paulo,São Paulo
The Blessed Madonna,2024-11-16,2024,Komplexo Tempo,São Paulo,São Paulo
Horace Andy,2024-11-16,2024,Espaço Usine,São Paulo,São Paulo
AURORA,2024-11-16,2024,Espaço Unimed,São Paulo,São Paulo
Marcelinho da Lua,2024-11-16,2024,Espaço Usine,São Paulo,São Paulo
Jeff Mills,2024-11-16,2024,Komplexo Tempo,São Paulo,São Paulo
BNegão,2024-11-16,2024,SESC Pompéia,São Paulo,São Paulo
Yellow P,2024-11-16,2024,Espaço Usine,São Paulo,São Paulo
Fernanda Smania,2024-11-16,2024,Casa Lab,São Paulo,São Paulo
Hector Oaks,2024-11-16,2024,Komplexo Tempo,São Paulo,São Paulo
Albuquerque,2024-11-16,2024,Komplexo Tempo,São Paulo,São Paulo
Somniac One,2024-11-16,2024,Komplexo Tempo,São Paulo,São Paulo
Sara Landry,2024-11-16,2024,Komplexo Tempo,São Paulo,São Paulo
Menores Atos,2024-11-16,2024,Carioca Club,São Paulo,São Paulo
AnD,2024-11-16,2024,Komplexo Tempo,São Paulo,São Paulo
Cinthie,2024-11-16,2024,Komplexo Tempo,São Paulo,São Paulo
DVS1,2024-11-16,2024,Komplexo Tempo,São Paulo,São Paulo
Mary Mesk,2024-11-16,2024,Komplexo Tempo,São Paulo,São Paulo
E a Terra Nunca Me Pareceu Tão Distante,2024-11-17,2024,Fabrique Club,São Paulo,São Paulo
Nelson D,2024-11-17,2024,Praça Dom José Gaspar,São Paulo,São Paulo
Ava Rocha,2024-11-17,2024,Praça das Artes,São Paulo,São Paulo
Sophia Chablau e Uma Enorme Perda de Tempo,2024-11-17,2024,Praça Dom José Gaspar,São Paulo,São Paulo
Big Up,2024-11-17,2024,Espaço Unimed,São Paulo,São Paulo
Gouge Away,2024-11-17,2024,Fabrique Club,São Paulo,São Paulo
Innabrain,2024-11-17,2024,Gaz Burning Bar,São Paulo,São Paulo
NoPorn,2024-11-17,2024,Praça Dom José Gaspar,São Paulo,São Paulo
Gagged,2024-11-17,2024,Fabrique Club,São Paulo,São Paulo
Forfun,2024-11-17,2024,Espaço Unimed,São Paulo,São Paulo
La Ciencia Simple,2024-11-17,2024,Bar Alto,São Paulo,São Paulo
Raimundos,2024-11-17,2024,Expo Center Norte,São Paulo,São Paulo
Joyce Manor,2024-11-17,2024,Fabrique Club,São Paulo,São Paulo
Rumo,2024-11-17,2024,Praça Dom José Gaspar,São Paulo,São Paulo
Paolo Vallinari,2024-11-17,2024,ALBEV,Mairiporã,São Paulo
Jair Naves,2024-11-18,2024,Centro da Terra,São Paulo,São Paulo
Di Melo,2024-11-18,2024,Teatro Mars,São Paulo,São Paulo
Diego Estevam,2024-11-19,2024,SESC Consolação,São Paulo,São Paulo
Belcea Quartet,2024-11-19,2024,Teatro Cultura Artística,São Paulo,São Paulo
Liniker,2024-11-19,2024,Espaço Unimed,São Paulo,São Paulo
Joelma,2024-11-19,2024,Centro de Tradições Nordestinas,São Paulo,São Paulo
Daparte,2024-11-19,2024,Casa Rockambole,São Paulo,São Paulo
Quatuor Ébène,2024-11-19,2024,Teatro Cultura Artística,São Paulo,São Paulo
Ja Rule,2024-11-19,2024,Terra SP,São Paulo,São Paulo
Nabiyah Be,2024-11-20,2024,Bona Casa de Música,São Paulo,São Paulo
Foojammers,2024-11-20,2024,Wyndham Garden São Paulo,São Paulo,São Paulo
Tuyo,2024-11-20,2024,Centro Cultural FIESP,São Paulo,São Paulo
Mundo Video,2024-11-20,2024,Caracol Bar,São Paulo,São Paulo
Juçara Marçal,2024-11-20,2024,Casa de Francisca,São Paulo,São Paulo
Belcea Quartet,2024-11-20,2024,Teatro Cultura Artística,São Paulo,São Paulo
Derek,2024-11-20,2024,LayBack Park,São Paulo,São Paulo
Quatuor Ébène,2024-11-20,2024,Teatro Cultura Artística,São Paulo,São Paulo
Guilherme de Sá,2024-11-20,2024,Carioca Club,São Paulo,São Paulo
Foojammers,2024-11-20,2024,Willi Willie Bar e Arqueria,São Paulo,São Paulo
Kiko Zambianchi,2024-11-21,2024,Audio,São Paulo,São Paulo
Apeles,2024-11-21,2024,Cine Joia,São Paulo,São Paulo
Céu,2024-11-21,2024,Estúdio TV Cultura,São Paulo,São Paulo
The Vaccines,2024-11-21,2024,Cine Joia,São Paulo,São Paulo
Sessa,2024-11-21,2024,Caracol Bar,São Paulo,São Paulo
UANA,2024-11-21,2024,Casa Natura Musical,São Paulo,São Paulo
Totô de Babalong,2024-11-22,2024,MIS - Museu da Imagem e do Som,São Paulo,São Paulo
Capital Inicial,2024-11-22,2024,Clube Atlético Juventus,São Paulo,São Paulo
Racionais MC’s,2024-11-22,2024,Espaço Unimed,São Paulo,São Paulo
Lulu Santos,2024-11-22,2024,Tokio Marine Hall,São Paulo,São Paulo
Duo Siqueira Lima,2024-11-22,2024,Teatro Cultura Artística,São Paulo,São Paulo
DJ Nuts,2024-11-22,2024,Cine Joia,São Paulo,São Paulo
Rodrigo Teaser,2024-11-22,2024,Pavilhão de Exposições do Anhembi,São Paulo,São Paulo
DJ KOCO a.k.a. SHIMOKITA,2024-11-22,2024,Cine Joia,São Paulo,São Paulo
Lianne La Havas,2024-11-23,2024,Allianz Parque,São Paulo,São Paulo
Worst,2024-11-23,2024,Centro Cultural Santo Amaro,São Paulo,São Paulo
The Heathen Scÿthe,2024-11-23,2024,Centro Cultural Santo Amaro,São Paulo,São Paulo
Höröyá,2024-11-23,2024,SESC Pompéia,São Paulo,São Paulo
JUNIOR,2024-11-23,2024,Tokio Marine Hall,São Paulo,São Paulo
Frejat,2024-11-23,2024,Allianz Parque,São Paulo,São Paulo
Laboratori,2024-11-23,2024,La Iglesia Borratxeria,São Paulo,São Paulo
Zal Idrissa Sissokho,2024-11-23,2024,SESC Pompéia,São Paulo,São Paulo
V48,2024-11-23,2024,La Iglesia Borratxeria,São Paulo,São Paulo
Malta,2024-11-23,2024,Centro Cultural Santo Amaro,São Paulo,São Paulo
Crumb,2024-11-23,2024,Cine Joia,São Paulo,São Paulo
Esteban Tavares,2024-11-23,2024,Casa Rockambole,São Paulo,São Paulo
Duo Siqueira Lima,2024-11-23,2024,Teatro Cultura Artística,São Paulo,São Paulo
Rockfun Legends,2024-11-23,2024,Centro Cultural Santo Amaro,São Paulo,São Paulo
Tonelada,2024-11-23,2024,La Iglesia Borratxeria,São Paulo,São Paulo
PLUMA,2024-11-23,2024,Cine Joia,São Paulo,São Paulo
Rappin’ Hood,2024-11-23,2024,FESPSP,São Paulo,São Paulo
Lenny Kravitz,2024-11-23,2024,Allianz Parque,São Paulo,São Paulo
Inês É Morta,2024-11-23,2024,Madame Club,São Paulo,São Paulo
Kamau,2024-11-23,2024,SESC Belenzinho,São Paulo,São Paulo
The Mönic,2024-11-23,2024,Hangar 110,São Paulo,São Paulo
Sugar Kane,2024-11-23,2024,Hangar 110,São Paulo,São Paulo
Roots – Sepultura Tributo,2024-11-23,2024,Cardeal Pub,São Paulo,São Paulo
Liniker,2024-11-23,2024,Allianz Parque,São Paulo,São Paulo
Firefriend,2024-11-23,2024,Fffront,São Paulo,São Paulo
Apollo,2024-11-23,2024,Sofia de Simoni's House,São Paulo,São Paulo
Rubel,2024-11-23,2024,Audio,São Paulo,São Paulo
boasorte,2024-11-23,2024,Casa AlgoHits,São Paulo,São Paulo
Muzak,2024-11-23,2024,Madame Club,São Paulo,São Paulo
Ponto de Equilíbrio,2024-11-23,2024,SESC Belenzinho,São Paulo,São Paulo
Jorge Ben Jor,2024-11-23,2024,Espaço Unimed,São Paulo,São Paulo
Steel Pulse,2024-11-24,2024,Audio,São Paulo,São Paulo
Vanguart,2024-11-24,2024,City Lights Music Hall,São Paulo,São Paulo
Creedence Clearwater Revisited,2024-11-24,2024,Vibra São Paulo,São Paulo,São Paulo
Capote,2024-11-24,2024,Casa AlgoHits,São Paulo,São Paulo
Pentagram Chile,2024-11-24,2024,La Iglesia Borratxeria,São Paulo,São Paulo
Lianne La Havas,2024-11-24,2024,Cine Joia,São Paulo,São Paulo
Toto,2024-11-24,2024,Espaço Unimed,São Paulo,São Paulo
Black Alien,2024-11-24,2024,Parque Villa-Lobos,São Paulo,São Paulo
Suffocation of Soul,2024-11-24,2024,La Iglesia Borratxeria,São Paulo,São Paulo
Delvon Lamarr Organ Trio,2024-11-24,2024,Bourbon Street Music Club,São Paulo,São Paulo
O Inimigo,2024-11-24,2024,Salad Days,São Paulo,São Paulo
Saudade,2024-11-24,2024,Espaço Unimed,São Paulo,São Paulo
Clinton Fearon,2024-11-24,2024,Audio,São Paulo,São Paulo
Cristal,2024-11-24,2024,Casa Natura Musical,São Paulo,São Paulo
Test,2024-11-25,2024,Galpão Comum,São Paulo,São Paulo
Quadrilha,2024-11-25,2024,União Fraterna,São Paulo,São Paulo
Suricato,2024-11-25,2024,União Fraterna,São Paulo,São Paulo
Jair Naves,2024-11-25,2024,Centro da Terra,São Paulo,São Paulo
Julio Secchin,2024-11-25,2024,União Fraterna,São Paulo,São Paulo
Manu Chao,2024-11-26,2024,City Lights Music Hall,São Paulo,São Paulo
Roberto Carlos,2024-11-27,2024,Allianz Parque,São Paulo,São Paulo
Joana Queiroz,2024-11-27,2024,SESC Avenida Paulista,São Paulo,São Paulo
Luedji Luna,2024-11-27,2024,Centro Cultural São Paulo,São Paulo,São Paulo
Santa Clara,2024-11-27,2024,Diminuta Bar,São Paulo,São Paulo
Hélène Grimaud,2024-11-27,2024,Teatro Cultura Artística,São Paulo,São Paulo
Hurtmold,2024-11-27,2024,Casa de Francisca,São Paulo,São Paulo
The David Cross Band,2024-11-28,2024,Casa Rockambole,São Paulo,São Paulo
Bring Me the Horizon,2024-11-28,2024,Audio,São Paulo,São Paulo
Hélène Grimaud,2024-11-28,2024,Teatro Cultura Artística,São Paulo,São Paulo
Kisser Clan,2024-11-28,2024,Teatro Sabesp Frei Caneca,São Paulo,São Paulo
Luedji Luna,2024-11-28,2024,Centro Cultural São Paulo,São Paulo,São Paulo
Thayná Oliveira,2024-11-28,2024,SESC Avenida Paulista,São Paulo,São Paulo
Chico Trujillo,2024-11-28,2024,Cine Joia,São Paulo,São Paulo
E a Terra Nunca Me Pareceu Tão Distante,2024-11-28,2024,Bar Alto,São Paulo,São Paulo
Anelis Assumpção,2024-11-29,2024,SESC Pompéia,São Paulo,São Paulo
Jota.pê,2024-11-29,2024,Teatro das Artes,São Paulo,São Paulo
Bazuros,2024-11-29,2024,Mundo Pensante,São Paulo,São Paulo
FIGUEROAS,2024-11-29,2024,Mundo Pensante,São Paulo,São Paulo
Racionais MC’s,2024-11-29,2024,Espaço Unimed,São Paulo,São Paulo
Supercombo,2024-11-29,2024,SESC Santana,São Paulo,São Paulo
FLOW,2024-11-29,2024,Carioca Club,São Paulo,São Paulo
Exclusive Os Cabides,2024-11-29,2024,Casa Rockambole,São Paulo,São Paulo
Elba Ramalho,2024-11-29,2024,Pavilhão de Exposições do Anhembi,São Paulo,São Paulo
Biquini,2024-11-29,2024,Clube Círculo Militar,São Paulo,São Paulo
Depois da Tempestade,2024-11-29,2024,La Iglesia Borratxeria,São Paulo,São Paulo
Jovens Ateus,2024-11-29,2024,Casa Rockambole,São Paulo,São Paulo
Giallos,2024-11-29,2024,Garagem Beleza,São Paulo,São Paulo
The Oasis Experience,2024-11-29,2024,Terra SP,São Paulo,São Paulo
Mariana Aydar,2024-11-30,2024,Parque Villa-Lobos,São Paulo,São Paulo
ANAVITÓRIA,2024-11-30,2024,Parque Villa-Lobos,São Paulo,São Paulo
Luedji Luna,2024-11-30,2024,Parque Villa-Lobos,São Paulo,São Paulo
Beatles para Crianças,2024-11-30,2024,Parque Villa-Lobos,São Paulo,São Paulo
Galinha Pintadinha,2024-11-30,2024,Parque Villa-Lobos,São Paulo,São Paulo
Laura.aLL,2024-11-30,2024,Theatro Municipal de São Paulo,São Paulo,São Paulo
Counter Time,2024-11-30,2024,Knight's Pub,São Paulo,São Paulo
Anelis Assumpção,2024-11-30,2024,SESC Pompéia,São Paulo,São Paulo
Danny Bond,2024-11-30,2024,Saraiva Morumbi,São Paulo,São Paulo
Cleef,2024-11-30,2024,A Porta Maldita,São Paulo,São Paulo
Patati e Patatá,2024-11-30,2024,Parque Villa-Lobos,São Paulo,São Paulo
Maria Gadú,2024-11-30,2024,Parque Villa-Lobos,São Paulo,São Paulo
The Plot in You,2024-11-30,2024,Allianz Parque,São Paulo,São Paulo
Bring Me the Horizon,2024-11-30,2024,Allianz Parque,São Paulo,São Paulo
Warbringer,2024-11-30,2024,VIP Station,São Paulo,São Paulo
Venom,2024-11-30,2024,VIP Station,São Paulo,São Paulo
Meu Funeral,2024-11-30,2024,SESC Belenzinho,São Paulo,São Paulo
Spiritbox,2024-11-30,2024,Allianz Parque,São Paulo,São Paulo
Vazio,2024-11-30,2024,VIP Station,São Paulo,São Paulo
Motionless in White,2024-11-30,2024,Allianz Parque,São Paulo,São Paulo
Armandinho,2024-11-30,2024,Audio,São Paulo,São Paulo
Whipstriker,2024-11-30,2024,VIP Station,São Paulo,São Paulo
Ratos de Porão,2024-11-30,2024,La Iglesia Borratxeria,São Paulo,São Paulo
Paranoikos Rock Band,2024-11-30,2024,Sede Nacional Corvos Brasil,Osasco,São Paulo
Flageladör,2024-11-30,2024,VIP Station,São Paulo,São Paulo
The Party Band,2024-12-01,2024,SESC Pompéia,São Paulo,São Paulo
Nova Orquestra,2024-12-01,2024,Bona Casa de Música,São Paulo,São Paulo
Letuce,2024-12-01,2024,Casa Natura Musical,São Paulo,São Paulo
Pense,2024-12-01,2024,Centro Cultural Tendal da Lapa,São Paulo,São Paulo
João Bosco,2024-12-01,2024,Bourbon Street Music Club,São Paulo,São Paulo
Supercombo,2024-12-01,2024,Cine Joia,São Paulo,São Paulo
Em Ruínas,2024-12-01,2024,Red Star Studios,São Paulo,São Paulo
Juçara Marçal,2024-12-01,2024,Itaú Cultural,São Paulo,São Paulo
As Mercenárias,2024-12-01,2024,Carioca Club,São Paulo,São Paulo
Dora Morelenbaum,2024-12-01,2024,Casa Rockambole,São Paulo,São Paulo
Ira!,2024-12-01,2024,Carioca Club,São Paulo,São Paulo
Billlie,2024-12-03,2024,Studio Stage,São Paulo,São Paulo
Zella Day,2024-12-04,2024,Fabrique Club,São Paulo,São Paulo
Gaidaa,2024-12-04,2024,SESC Vila Mariana,São Paulo,São Paulo
Tiê,2024-12-04,2024,Caixa Cultural São Paulo,São Paulo,São Paulo
Mc Tuto,2024-12-05,2024,Mirante Esperia,São Paulo,São Paulo
Children of the Beast,2024-12-05,2024,Morrison Rock Bar,São Paulo,São Paulo
Mu540,2024-12-05,2024,Mirante Esperia,São Paulo,São Paulo
Tony Moore,2024-12-05,2024,Fabrique Club,São Paulo,São Paulo
Diogo Defante,2024-12-05,2024,São Paulo Expo,São Paulo,São Paulo
British Lion,2024-12-05,2024,Fabrique Club,São Paulo,São Paulo
Tiê,2024-12-05,2024,Caixa Cultural São Paulo,São Paulo,São Paulo
Boogarins,2024-12-06,2024,Cine Joia,São Paulo,São Paulo
Insomnium,2024-12-06,2024,Carioca Club,São Paulo,São Paulo
Ritchie,2024-12-06,2024,Teatro Bradesco,São Paulo,São Paulo
Tiê,2024-12-06,2024,Caixa Cultural São Paulo,São Paulo,São Paulo
Volbeat,2024-12-06,2024,Allianz Parque,São Paulo,São Paulo
The Beast Experience,2024-12-06,2024,Manifesto Bar,São Paulo,São Paulo
hoovaranas,2024-12-06,2024,Cine Joia,São Paulo,São Paulo
Iron Maiden,2024-12-06,2024,Allianz Parque,São Paulo,São Paulo
Contra o Céu,2024-12-06,2024,Rock Together Studio,São Paulo,São Paulo
The White Buffalo,2024-12-06,2024,Terra SP,São Paulo,São Paulo
Otto,2024-12-07,2024,Blue Note São Paulo,São Paulo,São Paulo
Cefa,2024-12-07,2024,Carioca Club,São Paulo,São Paulo
Iron Maiden,2024-12-07,2024,Allianz Parque,São Paulo,São Paulo
Caixão,2024-12-07,2024,La Iglesia Borratxeria,São Paulo,São Paulo
Urutu,2024-12-07,2024,La Iglesia Borratxeria,São Paulo,São Paulo
Volbeat,2024-12-07,2024,Allianz Parque,São Paulo,São Paulo
Espectro,2024-12-07,2024,La Iglesia Borratxeria,São Paulo,São Paulo
Finis Hominis,2024-12-07,2024,La Iglesia Borratxeria,São Paulo,São Paulo
Autoramas,2024-12-07,2024,Jai Club,São Paulo,São Paulo
Irmãs de Pau,2024-12-07,2024,Estádio do Canindé,São Paulo,São Paulo
Helio Flanders,2024-12-07,2024,Pátio Metrô São Bento,São Paulo,São Paulo
Otto,2024-12-07,2024,Blue Note São Paulo,São Paulo,São Paulo
Smoky Mary,2024-12-07,2024,Casa Áurea,São Paulo,São Paulo
Katy da Voz e as Abusadas,2024-12-07,2024,Estádio do Canindé,São Paulo,São Paulo
Rogério Skylab,2024-12-07,2024,Casa Natura Musical,São Paulo,São Paulo
Jão,2024-12-07,2024,Vibra São Paulo,São Paulo,São Paulo
Punho de Mahin,2024-12-07,2024,Central Panelaço,São Paulo,São Paulo
Jup do Bairro,2024-12-07,2024,Estádio do Canindé,São Paulo,São Paulo
Urias,2024-12-07,2024,Estádio do Canindé,São Paulo,São Paulo
COUCOU CHLOE,2024-12-07,2024,Estádio do Canindé,São Paulo,São Paulo
Brooke Candy,2024-12-07,2024,Estádio do Canindé,São Paulo,São Paulo
Thy Art Is Murder,2024-12-08,2024,Hangar 110,São Paulo,São Paulo
Children of the Beast,2024-12-08,2024,Mister Rock Bar,São Paulo,São Paulo
Fim da Aurora,2024-12-08,2024,Terra SP,São Paulo,São Paulo
Jinjer,2024-12-08,2024,Terra SP,São Paulo,São Paulo
Heaven Shall Burn,2024-12-08,2024,Terra SP,São Paulo,São Paulo
The Knock Knocks,2024-12-08,2024,Avenida Paulista,São Paulo,São Paulo
Garage Fuzz,2024-12-08,2024,Audio,São Paulo,São Paulo
Jão,2024-12-08,2024,Vibra São Paulo,São Paulo,São Paulo
Zander,2024-12-08,2024,Audio,São Paulo,São Paulo
Caixão,2024-12-08,2024,Veganaassoo,São Paulo,São Paulo
Sidney Magal,2024-12-08,2024,Teatro Bradesco,São Paulo,São Paulo
Chico Bernardes,2024-12-08,2024,Estúdio Trampolim,São Paulo,São Paulo
Rashid,2024-12-08,2024,Casa Natura Musical,São Paulo,São Paulo
Dead Fish,2024-12-08,2024,Audio,São Paulo,São Paulo
Benito di Paula,2024-12-08,2024,Centro Cultural São Paulo,São Paulo,São Paulo
Bebê Feio,2024-12-08,2024,Casa Áurea,São Paulo,São Paulo
Sebastianismos,2024-12-09,2024,União Fraterna,São Paulo,São Paulo
Madball,2024-12-09,2024,Espaço Usine,São Paulo,São Paulo
Julia Mestre,2024-12-09,2024,União Fraterna,São Paulo,São Paulo
Paura,2024-12-09,2024,Espaço Usine,São Paulo,São Paulo
Blogueirinha,2024-12-09,2024,,São Paulo,São Paulo
Jaloo,2024-12-09,2024,União Fraterna,São Paulo,São Paulo
Fabiana Cozza,2024-12-10,2024,Galpão Cultural Elza Soares,São Paulo,São Paulo
Rashid,2024-12-10,2024,Galpão Cultural Elza Soares,São Paulo,São Paulo
Don L,2024-12-10,2024,Galpão Cultural Elza Soares,São Paulo,São Paulo
DEAFKIDS,2024-12-10,2024,Centro da Terra,São Paulo,São Paulo
Crizin da Z.O.,2024-12-10,2024,Centro da Terra,São Paulo,São Paulo
KL Jay,2024-12-10,2024,Galpão Cultural Elza Soares,São Paulo,São Paulo
Metá Metá,2024-12-11,2024,Casa de Francisca,São Paulo,São Paulo
Rodrigo Teaser,2024-12-11,2024,Teatro Bradesco,São Paulo,São Paulo
Bufo Borealis,2024-12-12,2024,Picles Cardeal,São Paulo,São Paulo
Rodrigo Teaser,2024-12-12,2024,Teatro Bradesco,São Paulo,São Paulo
Tokio Hotel,2024-12-12,2024,Vibra São Paulo,São Paulo,São Paulo
KOKOKO!,2024-12-12,2024,SESC Avenida Paulista,São Paulo,São Paulo
Coralinne,2024-12-12,2024,Rust 'N Oil,São Paulo,São Paulo
Pelados,2024-12-12,2024,Picles Cardeal,São Paulo,São Paulo
Schlop,2024-12-12,2024,Garagem Beleza,São Paulo,São Paulo
Metá Metá,2024-12-12,2024,Casa de Francisca,São Paulo,São Paulo
The Skatalites,2024-12-13,2024,Cine Joia,São Paulo,São Paulo
Nação Zumbi,2024-12-13,2024,SESC Pompéia,São Paulo,São Paulo
Simone Mendes,2024-12-13,2024,Centro de Tradições Nordestinas,São Paulo,São Paulo
KOKOKO!,2024-12-13,2024,SESC Avenida Paulista,São Paulo,São Paulo
Hillbilly Rawhide,2024-12-13,2024,Jai Club,São Paulo,São Paulo
Catavento,2024-12-13,2024,A Porta Maldita,São Paulo,São Paulo
Hermeto Pascoal,2024-12-13,2024,SESC Pompéia,São Paulo,São Paulo
Zumbis do Espaço,2024-12-13,2024,Jai Club,São Paulo,São Paulo
Foojammers,2024-12-13,2024,Willi Willie Bar e Arqueria,São Paulo,São Paulo
eliminadorzinho,2024-12-13,2024,La Iglesia Borratxeria,São Paulo,São Paulo
Ale Sater,2024-12-13,2024,SESC Ipiranga,São Paulo,São Paulo
Quarteto de Cordas Monte Cristo,2024-12-13,2024,Auditório do MASP,São Paulo,São Paulo
Camisa de Vênus,2024-12-14,2024,Teatro Bradesco,São Paulo,São Paulo
Ale Sater,2024-12-14,2024,SESC Ipiranga,São Paulo,São Paulo
DJ Nyack,2024-12-14,2024,Parque Villa-Lobos,São Paulo,São Paulo
Zeca Pagodinho,2024-12-14,2024,Vibra São Paulo,São Paulo,São Paulo
Cleef,2024-12-14,2024,Fenda 315,São Paulo,São Paulo
LUDMILLA,2024-12-14,2024,Parque Villa-Lobos,São Paulo,São Paulo
Caetano Veloso & Maria Bethânia,2024-12-14,2024,Allianz Parque,São Paulo,São Paulo
Gusttavo Lima,2024-12-14,2024,MorumBIS,São Paulo,São Paulo
Descendents,2024-12-14,2024,Terra SP,São Paulo,São Paulo
Circle Jerks,2024-12-14,2024,Terra SP,São Paulo,São Paulo
Hermeto Pascoal,2024-12-14,2024,SESC Pompéia,São Paulo,São Paulo
Yago Oproprio,2024-12-14,2024,Parque Villa-Lobos,São Paulo,São Paulo
Armadilha,2024-12-14,2024,Red Star Studios,São Paulo,São Paulo
Black Pantera,2024-12-14,2024,Tarantino Cervejaria,São Paulo,São Paulo
Mariana Aydar & Mestrinho,2024-12-14,2024,Casa Natura Musical,São Paulo,São Paulo
Amaarae,2024-12-14,2024,Parque Villa-Lobos,São Paulo,São Paulo
Anelis Assumpção,2024-12-14,2024,Parque Villa-Lobos,São Paulo,São Paulo
Rachel Reis,2024-12-14,2024,Parque Villa-Lobos,São Paulo,São Paulo
Masturbator,2024-12-14,2024,Woodstock Rock Store,São Paulo,São Paulo
Vulcano,2024-12-14,2024,Woodstock Rock Store,São Paulo,São Paulo
Nação Zumbi,2024-12-14,2024,SESC Pompéia,São Paulo,São Paulo
Under Influence,2024-12-14,2024,Terra SP,São Paulo,São Paulo
Hatefulmurder,2024-12-15,2024,Cine Joia,São Paulo,São Paulo
Angelus Apatrida,2024-12-15,2024,Cine Joia,São Paulo,São Paulo
Quântico Romance,2024-12-15,2024,Hotel Cambridge,São Paulo,São Paulo
Shelter,2024-12-15,2024,Carioca Club,São Paulo,São Paulo
Descendents,2024-12-15,2024,Hangar 110,São Paulo,São Paulo
Circle Jerks,2024-12-15,2024,Hangar 110,São Paulo,São Paulo
Caetano Veloso & Maria Bethânia,2024-12-15,2024,Allianz Parque,São Paulo,São Paulo
Bayside Kings,2024-12-15,2024,Carioca Club,São Paulo,São Paulo
Cubüs,2024-12-15,2024,Hotel Cambridge,São Paulo,São Paulo
Nação Zumbi,2024-12-15,2024,SESC Pompéia,São Paulo,São Paulo
Crypta,2024-12-15,2024,Cine Joia,São Paulo,São Paulo
Manger Cadavre?,2024-12-15,2024,Cine Joia,São Paulo,São Paulo
InRaza,2024-12-15,2024,Cine Joia,São Paulo,São Paulo
The Beast Experience,2024-12-15,2024,Anjos Studio,Osasco,São Paulo
BNegão,2024-12-15,2024,Ginásio do Ibirapuera,São Paulo,São Paulo
Dream Theater,2024-12-15,2024,Vibra São Paulo,São Paulo,São Paulo
Clarissa,2024-12-15,2024,City Lights Music Hall,São Paulo,São Paulo
Hermeto Pascoal,2024-12-15,2024,SESC Pompéia,São Paulo,São Paulo
Carol Biazin,2024-12-15,2024,Audio,São Paulo,São Paulo
Zimbra,2024-12-16,2024,Teatro Mars,São Paulo,São Paulo
Tuyo,2024-12-16,2024,Teatro Mars,São Paulo,São Paulo
Sofia Freire,2024-12-16,2024,Bona Casa de Música,São Paulo,São Paulo
FBC,2024-12-16,2024,Theatro Municipal de São Paulo,São Paulo,São Paulo
João Carlos Martins,2024-12-16,2024,Teatro Santander,São Paulo,São Paulo
Terno Rei,2024-12-17,2024,Theatro Municipal de São Paulo,São Paulo,São Paulo
Héloa,2024-12-17,2024,Teatro Renault,São Paulo,São Paulo
Karina Buhr,2024-12-17,2024,Teatro Renault,São Paulo,São Paulo
Ana Castela,2024-12-17,2024,Teatro Renault,São Paulo,São Paulo
Melly,2024-12-17,2024,Teatro Renault,São Paulo,São Paulo
PRISCILLA,2024-12-17,2024,Teatro Renault,São Paulo,São Paulo
Zaynara,2024-12-17,2024,Teatro Renault,São Paulo,São Paulo
Luísa Sonza,2024-12-17,2024,Teatro Renault,São Paulo,São Paulo
Lia de Itamaracá,2024-12-17,2024,Teatro Renault,São Paulo,São Paulo
Caetano Veloso & Maria Bethânia,2024-12-18,2024,Allianz Parque,São Paulo,São Paulo
Arrigo Barnabé,2024-12-19,2024,Picles Cardeal,São Paulo,São Paulo
Kiko Dinucci,2024-12-19,2024,PORTA,São Paulo,São Paulo
ÀIYÉ,2024-12-19,2024,Bar Alto,São Paulo,São Paulo
Skinner Project,2024-12-19,2024,Casa Lab,São Paulo,São Paulo
Paira,2024-12-19,2024,Bar Alto,São Paulo,São Paulo
Mundo Video,2024-12-19,2024,Bar Alto,São Paulo,São Paulo
Montanee,2024-12-20,2024,La Iglesia Borratxeria,São Paulo,São Paulo
Dead Fish,2024-12-20,2024,Hangar 110,São Paulo,São Paulo
Forgotten Boys,2024-12-20,2024,Fffront,São Paulo,São Paulo
Deb and The Mentals,2024-12-20,2024,La Iglesia Borratxeria,São Paulo,São Paulo
Titãs,2024-12-20,2024,Terra SP,São Paulo,São Paulo
Hurtmold,2024-12-20,2024,Fffront,São Paulo,São Paulo
Rico Dalasam,2024-12-20,2024,Cine Joia,São Paulo,São Paulo
Menores Atos,2024-12-20,2024,La Iglesia Borratxeria,São Paulo,São Paulo
Halleck,2024-12-20,2024,Hotel Cambridge,São Paulo,São Paulo
Resgate,2024-12-21,2024,Terra SP,São Paulo,São Paulo
Information Society,2024-12-21,2024,Vibra São Paulo,São Paulo,São Paulo
Nitrominds,2024-12-21,2024,Centro Cultural Tendal da Lapa,São Paulo,São Paulo
Azeroth,2024-12-21,2024,Tokio Marine Hall,São Paulo,São Paulo
Roots – Sepultura Tributo,2024-12-21,2024,Galeria do Rock,São Paulo,São Paulo
Kon Kan,2024-12-21,2024,Vibra São Paulo,São Paulo,São Paulo
Rodolfo Abrantes,2024-12-21,2024,Terra SP,São Paulo,São Paulo
Oficina G3,2024-12-21,2024,Terra SP,São Paulo,São Paulo
Inês É Morta,2024-12-21,2024,La Iglesia Borratxeria,São Paulo,São Paulo
Post Malone,2024-12-21,2024,Neo Química Arena,São Paulo,São Paulo
ROT,2024-12-21,2024,Rock Together Studio,São Paulo,São Paulo
Color for Shane,2024-12-21,2024,Casa Elefante,São Paulo,São Paulo
Chris Brown,2024-12-21,2024,Allianz Parque,São Paulo,São Paulo
Angra Tributo,2024-12-21,2024,Galeria do Rock,São Paulo,São Paulo
Amorfo,2024-12-21,2024,Centro Cultural Tendal da Lapa,São Paulo,São Paulo
Patife Band,2024-12-21,2024,La Iglesia Borratxeria,São Paulo,São Paulo
Applegate,2024-12-21,2024,A Porta Maldita,São Paulo,São Paulo
Veigh,2024-12-21,2024,Neo Química Arena,São Paulo,São Paulo
Angra,2024-12-21,2024,Tokio Marine Hall,São Paulo,São Paulo
Wanessa Camargo,2024-12-21,2024,Teatro Bibi Ferreira,São Paulo,São Paulo
Funk Como Le Gusta,2024-12-21,2024,Blue Note São Paulo,São Paulo,São Paulo
SFAC,2024-12-21,2024,Gaz Burning Bar,São Paulo,São Paulo
Crexpo,2024-12-21,2024,Gaz Burning Bar,São Paulo,São Paulo
Decreto Lei 50,2024-12-21,2024,Instituto Cultural Bolivia Rock,São Paulo,São Paulo
Vintage Culture,2024-12-21,2024,Neo Química Arena,São Paulo,São Paulo
Gusttavo Lima,2024-12-21,2024,Neo Química Arena,São Paulo,São Paulo
Desalmado,2024-12-21,2024,Gaz Burning Bar,São Paulo,São Paulo
Futuro,2024-12-21,2024,La Iglesia Borratxeria,São Paulo,São Paulo
Funk Como Le Gusta,2024-12-21,2024,Blue Note São Paulo,São Paulo,São Paulo
Estado Laico,2024-12-21,2024,Gaz Burning Bar,São Paulo,São Paulo
Kevin Brauer,2024-12-21,2024,Neo Química Arena,São Paulo,São Paulo
Wisdom,2024-12-22,2024,Fabrique Club,São Paulo,São Paulo
Aeternus,2024-12-22,2024,Fabrique Club,São Paulo,São Paulo
NervoChaos,2024-12-22,2024,Fabrique Club,São Paulo,São Paulo
Dead Fish,2024-12-22,2024,Hangar 110,São Paulo,São Paulo
Blood Red Throne,2024-12-22,2024,Fabrique Club,São Paulo,São Paulo
Chris Brown,2024-12-22,2024,Allianz Parque,São Paulo,São Paulo
Dino Fonseca,2024-12-26,2024,Teatro Bradesco,São Paulo,São Paulo
Guilherme Eddino,2024-12-27,2024,Casa Lab,São Paulo,São Paulo
Halleck,2024-12-27,2024,Setessete Music Bar,São Paulo,São Paulo
Gloria Groove,2024-12-31,2024,Avenida Paulista,São Paulo,São Paulo
Foojammers,2025-03-02,2025,Willi Willie Bar e Arqueria,São Paulo,São Paulo
Tempers,2025-03-02,2025,Madame Club,São Paulo,São Paulo
JUNHO,2025-03-02,2025,Vibra São Paulo,São Paulo,São Paulo
POCAH,2025-03-02,2025,Parque do Ibirapuera,São Paulo,São Paulo
Twilight Ritual,2025-03-02,2025,Madame Club,São Paulo,São Paulo
Night in Athens,2025-03-02,2025,Madame Club,São Paulo,São Paulo
Innabrain,2025-03-02,2025,Gaz Burning Bar,São Paulo,São Paulo
Catto,2025-03-02,2025,Praça da República,São Paulo,São Paulo
Black Pantera,2025-03-02,2025,SESC Ipiranga,São Paulo,São Paulo
Lô Borges,2025-03-03,2025,Sesc 14 Bis,São Paulo,São Paulo
Jota.pê,2025-03-03,2025,SESC Belenzinho,São Paulo,São Paulo
Leoni,2025-03-03,2025,SESC Belenzinho,São Paulo,São Paulo
Anitta,2025-03-03,2025,Jockey Club,São Paulo,São Paulo
Sevdaliza,2025-03-03,2025,Parque do Ibirapuera,São Paulo,São Paulo
Irmãs de Pau,2025-03-03,2025,Parque do Ibirapuera,São Paulo,São Paulo
Pabllo Vittar,2025-03-03,2025,Parque do Ibirapuera,São Paulo,São Paulo
As Mercenárias,2025-03-03,2025,SESC Ipiranga,São Paulo,São Paulo
águas,2025-03-04,2025,Casa Elefante,São Paulo,São Paulo
Di Ferrero,2025-03-04,2025,Brigadeiro Faria Lima,São Paulo,São Paulo
IZA,2025-03-04,2025,Parque do Ibirapuera,São Paulo,São Paulo
As Mercenárias,2025-03-04,2025,SESC Ipiranga,São Paulo,São Paulo
Klitoria,2025-03-06,2025,Cine Joia,São Paulo,São Paulo
Amyl and the Sniffers,2025-03-06,2025,Cine Joia,São Paulo,São Paulo
Counter Time,2025-03-07,2025,House of Legends,São Paulo,São Paulo
Nameless Gods,2025-03-07,2025,La Iglesia Borratxeria,São Paulo,São Paulo
Rakta,2025-03-07,2025,PORTA,São Paulo,São Paulo
Zeca Baleiro,2025-03-07,2025,Casa Natura Musical,São Paulo,São Paulo
Podridão,2025-03-07,2025,La Iglesia Borratxeria,São Paulo,São Paulo
The Damned,2025-03-07,2025,Cine Joia,São Paulo,São Paulo
Penélope,2025-03-07,2025,Blue Note São Paulo,São Paulo,São Paulo
Tchula Bombarda,2025-03-07,2025,Estúdio Aurora,São Paulo,São Paulo
Ana Frango Elétrico,2025-03-07,2025,SESC Bom Retiro,São Paulo,São Paulo
Night Demon,2025-03-07,2025,Hangar 110,São Paulo,São Paulo
Vazio,2025-03-07,2025,La Iglesia Borratxeria,São Paulo,São Paulo
Chumbo,2025-03-07,2025,Hangar 110,São Paulo,São Paulo
Hellish War,2025-03-07,2025,Hangar 110,São Paulo,São Paulo
Melly,2025-03-07,2025,SESC Pompéia,São Paulo,São Paulo
Cirith Ungol,2025-03-07,2025,Hangar 110,São Paulo,São Paulo
Luedji Luna,2025-03-08,2025,Casa Natura Musical,São Paulo,São Paulo
Andreas Kisser,2025-03-08,2025,Central Panelaço,São Paulo,São Paulo
Suicidal Nazareth,2025-03-08,2025,VIP Station,São Paulo,São Paulo
Bebê Feio,2025-03-08,2025,Fffront,São Paulo,São Paulo
Los Suffers,2025-03-08,2025,Fffront,São Paulo,São Paulo
Hardgainer,2025-03-08,2025,Fffront,São Paulo,São Paulo
Rise Against,2025-03-08,2025,Allianz Parque,São Paulo,São Paulo
The Warning,2025-03-08,2025,Allianz Parque,São Paulo,São Paulo
Amyl and the Sniffers,2025-03-08,2025,Allianz Parque,São Paulo,São Paulo
The Offspring,2025-03-08,2025,Allianz Parque,São Paulo,São Paulo
Jonabug,2025-03-08,2025,La Iglesia Borratxeria,São Paulo,São Paulo
BaianaSystem,2025-03-08,2025,Parque do Ibirapuera,São Paulo,São Paulo
The Damned,2025-03-08,2025,Allianz Parque,São Paulo,São Paulo
Besatt,2025-03-08,2025,VIP Station,São Paulo,São Paulo
Dark Funeral,2025-03-08,2025,VIP Station,São Paulo,São Paulo
Luxúria de Lillith,2025-03-08,2025,VIP Station,São Paulo,São Paulo
Mystifier,2025-03-08,2025,VIP Station,São Paulo,São Paulo
Chuva Negra,2025-03-08,2025,La Iglesia Borratxeria,São Paulo,São Paulo
Polara,2025-03-08,2025,La Iglesia Borratxeria,São Paulo,São Paulo
Sublime,2025-03-08,2025,Allianz Parque,São Paulo,São Paulo
Luedji Luna,2025-03-09,2025,Casa Natura Musical,São Paulo,São Paulo
Klitoria,2025-03-09,2025,Espaço Usine,São Paulo,São Paulo
Daniela Mercury,2025-03-09,2025,Rua da Consolação,São Paulo,São Paulo
Juçara Marçal,2025-03-09,2025,SESC Vila Mariana,São Paulo,São Paulo
Léo Santana,2025-03-09,2025,Parque do Ibirapuera,São Paulo,São Paulo
Black Pantera,2025-03-09,2025,Espaço Usine,São Paulo,São Paulo
Bode Preto,2025-03-09,2025,VIP Station,São Paulo,São Paulo
Muert,2025-03-09,2025,VIP Station,São Paulo,São Paulo
Zulu,2025-03-09,2025,Espaço Usine,São Paulo,São Paulo
Panzerfaust,2025-03-09,2025,VIP Station,São Paulo,São Paulo
Punho de Mahin,2025-03-09,2025,Centro Cultural da Juventude Ruth Cardoso,São Paulo,São Paulo
Hardgainer,2025-03-09,2025,Espaço Usine,São Paulo,São Paulo
Clava,2025-03-09,2025,Espaço Usine,São Paulo,São Paulo
Point of No Return,2025-03-09,2025,Espaço Usine,São Paulo,São Paulo
Earth Crisis,2025-03-09,2025,Espaço Usine,São Paulo,São Paulo
Cryfemal,2025-03-09,2025,VIP Station,São Paulo,São Paulo
Eternal Sacrifice,2025-03-09,2025,VIP Station,São Paulo,São Paulo
Ratas Rabiosas,2025-03-09,2025,Centro Cultural da Juventude Ruth Cardoso,São Paulo,São Paulo
Eskröta,2025-03-09,2025,Centro Cultural da Juventude Ruth Cardoso,São Paulo,São Paulo
MC Taya,2025-03-09,2025,Espaço Usine,São Paulo,São Paulo
Pedra Letícia,2025-03-11,2025,Teatro Gazeta,São Paulo,São Paulo
Trachoma,2025-03-12,2025,La Iglesia Borratxeria,São Paulo,São Paulo
Test,2025-03-12,2025,Cineclube Cortina,São Paulo,São Paulo
Gutalax,2025-03-12,2025,La Iglesia Borratxeria,São Paulo,São Paulo
DEAFKIDS,2025-03-12,2025,Cineclube Cortina,São Paulo,São Paulo
Genetics,2025-03-12,2025,Teatro Sabesp Frei Caneca,São Paulo,São Paulo
Two Feet,2025-03-12,2025,Cine Joia,São Paulo,São Paulo
DEAFKIDS + Test,2025-03-12,2025,Cineclube Cortina,São Paulo,São Paulo
Mel Lisboa,2025-03-13,2025,Blue Note São Paulo,São Paulo,São Paulo
Gutalax,2025-03-13,2025,Hangar 110,São Paulo,São Paulo
Leprous,2025-03-13,2025,VIP Station,São Paulo,São Paulo
Imminent Attack,2025-03-13,2025,Hangar 110,São Paulo,São Paulo
Catto,2025-03-13,2025,Cine Joia,São Paulo,São Paulo
Red N Hell,2025-03-13,2025,Hangar 110,São Paulo,São Paulo
Mel Lisboa,2025-03-13,2025,Blue Note São Paulo,São Paulo,São Paulo
Nomade,2025-03-14,2025,Cerveja Azul Music Bar,São Paulo,São Paulo
Bufo Borealis,2025-03-14,2025,SESC Vila Mariana,São Paulo,São Paulo
Raça,2025-03-14,2025,Cine Joia,São Paulo,São Paulo
Pabllo Vittar,2025-03-14,2025,Estrella Galicia Hangarbar,São Paulo,São Paulo
Superguidis,2025-03-14,2025,Cine Joia,São Paulo,São Paulo
"Thalin, Cravinhos, VCR Slim, Pirlo & iloveyoulangelo",2025-03-14,2025,SESC Belenzinho,São Paulo,São Paulo
Decreto Lei 50,2025-03-14,2025,Setessete Music Bar,São Paulo,São Paulo
Paula Toller,2025-03-14,2025,Private Venue,São Paulo,São Paulo
Molho Negro,2025-03-15,2025,VIP Station,São Paulo,São Paulo
Toni Tornado,2025-03-15,2025,SESC Pompéia,São Paulo,São Paulo
Rancore,2025-03-15,2025,SESC Belenzinho,São Paulo,São Paulo
Meu Funeral,2025-03-15,2025,Bar Alto,São Paulo,São Paulo
Archgoat,2025-03-15,2025,Fabrique Club,São Paulo,São Paulo
Simply Red,2025-03-15,2025,Allianz Parque,São Paulo,São Paulo
Hammerhead Blues,2025-03-15,2025,VIP Station,São Paulo,São Paulo
Graveyard,2025-03-15,2025,VIP Station,São Paulo,São Paulo
Space Grease,2025-03-15,2025,VIP Station,São Paulo,São Paulo
DUDA BEAT,2025-03-15,2025,Audio,São Paulo,São Paulo
When I Die,2025-03-15,2025,La Iglesia Borratxeria,São Paulo,São Paulo
The Laws Kill Destroy,2025-03-15,2025,Fabrique Club,São Paulo,São Paulo
Elder Effe,2025-03-15,2025,VIP Station,São Paulo,São Paulo
BIKE,2025-03-15,2025,VIP Station,São Paulo,São Paulo
Danko Jones,2025-03-15,2025,VIP Station,São Paulo,São Paulo
Mundo Video,2025-03-15,2025,Audio,São Paulo,São Paulo
Lacuna Coil,2025-03-15,2025,Carioca Club,São Paulo,São Paulo
Innabrain,2025-03-15,2025,Fffront,São Paulo,São Paulo
Pitch Yarn of Matter,2025-03-15,2025,La Iglesia Borratxeria,São Paulo,São Paulo
Camarones - Orquestra Guitarrística,2025-03-15,2025,VIP Station,São Paulo,São Paulo
Miragem,2025-03-16,2025,A Porta Maldita,São Paulo,São Paulo
Tchula Bombarda,2025-03-16,2025,PORTA,São Paulo,São Paulo
João Penca e seus Miquinhos Amestrados,2025-03-16,2025,Gaz Burning Bar,São Paulo,São Paulo
Emicaeli,2025-03-16,2025,PORTA,São Paulo,São Paulo
Textures,2025-03-16,2025,Hangar 110,São Paulo,São Paulo
Fafá de Belém,2025-03-16,2025,SESC Pinheiros,São Paulo,São Paulo
Decadas Infinitas,2025-03-16,2025,Casa Lab,São Paulo,São Paulo
Jão,2025-03-16,2025,Vibra São Paulo,São Paulo,São Paulo
Liniker,2025-03-16,2025,Vibra São Paulo,São Paulo,São Paulo
Combover,2025-03-16,2025,PORTA,São Paulo,São Paulo
Rain City Drive,2025-03-16,2025,Carioca Club,São Paulo,São Paulo
Dayseeker,2025-03-16,2025,Carioca Club,São Paulo,São Paulo
Arrigo Barnabé,2025-03-17,2025,Teatro Mars,São Paulo,São Paulo
PLUMA,2025-03-17,2025,Casa Rockambole,São Paulo,São Paulo
Mon Laferte,2025-03-18,2025,Tokio Marine Hall,São Paulo,São Paulo
T.V. Smith,2025-03-18,2025,Casa Áurea,São Paulo,São Paulo
Inocentes,2025-03-18,2025,Casa Áurea,São Paulo,São Paulo
Gilberto Gil,2025-03-19,2025,Pavilhão da Bienal,São Paulo,São Paulo
Anelis Assumpção,2025-03-20,2025,Katarina Bar,São Paulo,São Paulo
Mari Jasca,2025-03-20,2025,SESC Pompéia,São Paulo,São Paulo
Bijoux Cone,2025-03-20,2025,SESC Vila Mariana,São Paulo,São Paulo
Gabi Melim,2025-03-20,2025,Casa Natura Musical,São Paulo,São Paulo
Mel Lisboa,2025-03-20,2025,Blue Note São Paulo,São Paulo,São Paulo
Mel Lisboa,2025-03-20,2025,Blue Note São Paulo,São Paulo,São Paulo
Atreyu,2025-03-20,2025,Carioca Club,São Paulo,São Paulo
The Reign of Kindo,2025-03-21,2025,La Iglesia Borratxeria,São Paulo,São Paulo
Desaster,2025-03-21,2025,Carioca Club,São Paulo,São Paulo
Elder Effe,2025-03-21,2025,Cine Joia,São Paulo,São Paulo
APNEA,2025-03-21,2025,Cine Joia,São Paulo,São Paulo
Bewitched,2025-03-21,2025,Carioca Club,São Paulo,São Paulo
Pitty,2025-03-21,2025,Espaço Unimed,São Paulo,São Paulo
Sodom,2025-03-21,2025,Carioca Club,São Paulo,São Paulo
Sacramentum,2025-03-21,2025,Carioca Club,São Paulo,São Paulo
Craca,2025-03-21,2025,Garagem Beleza,São Paulo,São Paulo
The Mönic,2025-03-21,2025,SESC Avenida Paulista,São Paulo,São Paulo
Mudhoney,2025-03-21,2025,Cine Joia,São Paulo,São Paulo
Vanguart,2025-03-21,2025,Casa Rockambole,São Paulo,São Paulo
The Beast Experience,2025-03-21,2025,Manifesto Bar,São Paulo,São Paulo
The Black Spade,2025-03-21,2025,Carioca Club,São Paulo,São Paulo
Children of the Beast,2025-03-21,2025,Morrison Rock Bar,São Paulo,São Paulo
L7,2025-03-22,2025,Terra SP,São Paulo,São Paulo
Do Culto ao Coma,2025-03-22,2025,Casa de Cultura Chico Science,São Paulo,São Paulo
Ode Insone,2025-03-22,2025,VIP Station,São Paulo,São Paulo
Alcione,2025-03-22,2025,Espaço Unimed,São Paulo,São Paulo
Bruxax,2025-03-22,2025,Casa de Cultura Chico Science,São Paulo,São Paulo
Chez Kane,2025-03-22,2025,Manifesto Bar,São Paulo,São Paulo
The Reign of Kindo,2025-03-22,2025,La Iglesia Borratxeria,São Paulo,São Paulo
Midnite City,2025-03-22,2025,Manifesto Bar,São Paulo,São Paulo
Saturnus,2025-03-22,2025,VIP Station,São Paulo,São Paulo
Golpe de Estado,2025-03-22,2025,Casa de Cultura Chico Science,São Paulo,São Paulo
Hot Mulligan,2025-03-22,2025,Hangar 110,São Paulo,São Paulo
Poema Arcanus,2025-03-22,2025,VIP Station,São Paulo,São Paulo
Roots – Sepultura Tributo,2025-03-22,2025,Woodstock Rock Store,São Paulo,São Paulo
Marina Peralta,2025-03-22,2025,SESC Bom Retiro,São Paulo,São Paulo
Clarice Falcão,2025-03-22,2025,Casa Natura Musical,São Paulo,São Paulo
Garbage,2025-03-22,2025,Terra SP,São Paulo,São Paulo
The Mönic,2025-03-22,2025,Terra SP,São Paulo,São Paulo
Simone,2025-03-22,2025,Tokio Marine Hall,São Paulo,São Paulo
Sudarshana,2025-03-22,2025,SESC Avenida Paulista,São Paulo,São Paulo
Abuso Sonoro,2025-03-22,2025,Rock Together Studio,São Paulo,São Paulo
Trypophöbia,2025-03-22,2025,Extremo Horror Fest,São Paulo,São Paulo
Jair Naves,2025-03-23,2025,Tarantino Cervejaria,São Paulo,São Paulo
Surra,2025-03-23,2025,Tarantino Cervejaria,São Paulo,São Paulo
Ted Poley,2025-03-23,2025,Manifesto Bar,São Paulo,São Paulo
There's no Face,2025-03-23,2025,Cine Joia,São Paulo,São Paulo
Questions,2025-03-23,2025,Tarantino Cervejaria,São Paulo,São Paulo
Colligere,2025-03-23,2025,Tarantino Cervejaria,São Paulo,São Paulo
Axty,2025-03-23,2025,Cine Joia,São Paulo,São Paulo
Midnite City,2025-03-23,2025,Manifesto Bar,São Paulo,São Paulo
Os Excluídos,2025-03-23,2025,Tarantino Cervejaria,São Paulo,São Paulo
Tasha & Tracie,2025-03-23,2025,Centro Cultural Grajaú,São Paulo,São Paulo
No Rest,2025-03-23,2025,Centro Cultural Tendal da Lapa,São Paulo,São Paulo
Curveless,2025-03-23,2025,Cine Joia,São Paulo,São Paulo
Odeon,2025-03-23,2025,Cine Joia,São Paulo,São Paulo
Innabrain,2025-03-23,2025,Espaço Fim da Rua,São Paulo,São Paulo
Sirenia,2025-03-23,2025,Jai Club,São Paulo,São Paulo
D.E.R.,2025-03-23,2025,Centro Cultural Tendal da Lapa,São Paulo,São Paulo
Plague Rages,2025-03-23,2025,Centro Cultural Tendal da Lapa,São Paulo,São Paulo
Abuso Sonoro,2025-03-23,2025,Centro Cultural Tendal da Lapa,São Paulo,São Paulo
Edgard Scandurra,2025-03-23,2025,Bona Casa de Música,São Paulo,São Paulo
Mahmundi,2025-03-24,2025,Teatro Mars,São Paulo,São Paulo
Yohan Kisser,2025-03-24,2025,casa slamb,Pinheiros,São Paulo
Dora Morelenbaum,2025-03-24,2025,Teatro Mars,São Paulo,São Paulo
Silvia Machete,2025-03-25,2025,Pulso Hotel,São Paulo,São Paulo
Jão,2025-03-25,2025,Casa Charlô,São Paulo,São Paulo
António Zambujo & Yamandu Costa,2025-03-25,2025,Tokio Marine Hall,São Paulo,São Paulo
Terno Rei,2025-03-26,2025,Estúdio 89 Rádio Rock,São Paulo,São Paulo
JPEGMAFIA,2025-03-27,2025,Cine Joia,São Paulo,São Paulo
Dead Fish,2025-03-27,2025,Estação Sé,São Paulo,São Paulo
girl in red,2025-03-27,2025,Audio,São Paulo,São Paulo
Terno Rei,2025-03-27,2025,Estação Pinheiros,São Paulo,São Paulo
DJ RaMeMes,2025-03-27,2025,Cine Joia,São Paulo,São Paulo
Inhaler,2025-03-27,2025,Audio,São Paulo,São Paulo
Mel Lisboa,2025-03-27,2025,Blue Note São Paulo,São Paulo,São Paulo
Mel Lisboa,2025-03-27,2025,Blue Note São Paulo,São Paulo,São Paulo
Grupo Fundo de Quintal,2025-03-27,2025,Casa Natura Musical,São Paulo,São Paulo
Cashu,2025-03-28,2025,Autódromo de Interlagos,São Paulo,São Paulo
Plebe Rude,2025-03-28,2025,Cine Joia,São Paulo,São Paulo
L_cio,2025-03-28,2025,Autódromo de Interlagos,São Paulo,São Paulo
Paula Chalup,2025-03-28,2025,Autódromo de Interlagos,São Paulo,São Paulo
Juyè,2025-03-28,2025,Autódromo de Interlagos,São Paulo,São Paulo
Disco Lines,2025-03-28,2025,Autódromo de Interlagos,São Paulo,São Paulo
DJ GBR,2025-03-28,2025,Autódromo de Interlagos,São Paulo,São Paulo
Inocentes,2025-03-28,2025,Cine Joia,São Paulo,São Paulo
Nessa Barrett,2025-03-28,2025,Autódromo de Interlagos,São Paulo,São Paulo
BLANCAh,2025-03-28,2025,Autódromo de Interlagos,São Paulo,São Paulo
Natiruts,2025-03-28,2025,Credicard Hall,São Paulo,São Paulo
Olivia Rodrigo,2025-03-28,2025,Autódromo de Interlagos,São Paulo,São Paulo
Allen Key,2025-03-28,2025,Audio,São Paulo,São Paulo
White Denim,2025-03-28,2025,Autódromo de Interlagos,São Paulo,São Paulo
Matanza Ritual,2025-03-28,2025,Audio,São Paulo,São Paulo
Chico César,2025-03-28,2025,SESC Pinheiros,São Paulo,São Paulo
girl in red,2025-03-28,2025,Autódromo de Interlagos,São Paulo,São Paulo
James Hype,2025-03-28,2025,Autódromo de Interlagos,São Paulo,São Paulo
Dead Fish,2025-03-28,2025,Autódromo de Interlagos,São Paulo,São Paulo
Ratos de Porão,2025-03-28,2025,Audio,São Paulo,São Paulo
Allen Key,2025-03-28,2025,Autódromo de Interlagos,São Paulo,São Paulo
Pavilhão 9,2025-03-28,2025,Audio,São Paulo,São Paulo
Tropkillaz,2025-03-28,2025,Autódromo de Interlagos,São Paulo,São Paulo
JPEGMAFIA,2025-03-28,2025,Autódromo de Interlagos,São Paulo,São Paulo
Caribou,2025-03-28,2025,Autódromo de Interlagos,São Paulo,São Paulo
Jão,2025-03-28,2025,Autódromo de Interlagos,São Paulo,São Paulo
RÜFÜS DU SOL,2025-03-28,2025,Autódromo de Interlagos,São Paulo,São Paulo
Empire of the Sun,2025-03-28,2025,Autódromo de Interlagos,São Paulo,São Paulo
Inhaler,2025-03-28,2025,Autódromo de Interlagos,São Paulo,São Paulo
Jovem Dionisio,2025-03-28,2025,Autódromo de Interlagos,São Paulo,São Paulo
Tropkillaz,2025-03-28,2025,Autódromo de Interlagos,São Paulo,São Paulo
Calequi y las Panteras,2025-03-28,2025,SESC Pompéia,São Paulo,São Paulo
PLUMA,2025-03-28,2025,Autódromo de Interlagos,São Paulo,São Paulo
Miragem,2025-03-28,2025,Picles Cardeal,São Paulo,São Paulo
Sérgio Britto,2025-03-29,2025,SESC Santana,São Paulo,São Paulo
Bruno Gadiol,2025-03-29,2025,Autódromo de Interlagos,São Paulo,São Paulo
Artemas,2025-03-29,2025,Autódromo de Interlagos,São Paulo,São Paulo
San Holo,2025-03-29,2025,Autódromo de Interlagos,São Paulo,São Paulo
Kasablanca,2025-03-29,2025,Autódromo de Interlagos,São Paulo,São Paulo
Zudizilla,2025-03-29,2025,Autódromo de Interlagos,São Paulo,São Paulo
Válvera,2025-03-29,2025,Praça Dilva Gomes Martins,São Paulo,São Paulo
Axty,2025-03-29,2025,VIP Station,São Paulo,São Paulo
Selvageria,2025-03-29,2025,Hangar 110,São Paulo,São Paulo
Samhara,2025-03-29,2025,Autódromo de Interlagos,São Paulo,São Paulo
wave to earth,2025-03-29,2025,Autódromo de Interlagos,São Paulo,São Paulo
Bruno Martini,2025-03-29,2025,Autódromo de Interlagos,São Paulo,São Paulo
Picanha de Chernobill,2025-03-29,2025,Autódromo de Interlagos,São Paulo,São Paulo
San Holo,2025-03-29,2025,Autódromo de Interlagos,São Paulo,São Paulo
Luan Santana,2025-03-29,2025,Mercado Livre Arena Pacaembu,São Paulo,São Paulo
Korzus,2025-03-29,2025,Praça Dilva Gomes Martins,São Paulo,São Paulo
Alanis Morissette,2025-03-29,2025,Autódromo de Interlagos,São Paulo,São Paulo
Etta,2025-03-29,2025,Autódromo de Interlagos,São Paulo,São Paulo
Chico César,2025-03-29,2025,SESC Pinheiros,São Paulo,São Paulo
Slaughter to Prevail,2025-03-29,2025,VIP Station,São Paulo,São Paulo
Andralls,2025-03-29,2025,Fffront,São Paulo,São Paulo
Paulinho da Viola,2025-03-29,2025,Espaço Unimed,São Paulo,São Paulo
Velho,2025-03-29,2025,SESC Belenzinho,São Paulo,São Paulo
Marina Lima,2025-03-29,2025,Autódromo de Interlagos,São Paulo,São Paulo
Teddy Swims,2025-03-29,2025,Autódromo de Interlagos,São Paulo,São Paulo
Sophia Chablau e Uma Enorme Perda de Tempo,2025-03-29,2025,Autódromo de Interlagos,São Paulo,São Paulo
Benson Boone,2025-03-29,2025,Autódromo de Interlagos,São Paulo,São Paulo
Zerb,2025-03-29,2025,Autódromo de Interlagos,São Paulo,São Paulo
Fresno,2025-03-29,2025,Autódromo de Interlagos,São Paulo,São Paulo
Tate McRae,2025-03-29,2025,Autódromo de Interlagos,São Paulo,São Paulo
Drik Barbosa,2025-03-29,2025,Autódromo de Interlagos,São Paulo,São Paulo
Kamau,2025-03-29,2025,Autódromo de Interlagos,São Paulo,São Paulo
Lamparina,2025-03-29,2025,Autódromo de Interlagos,São Paulo,São Paulo
Zedd,2025-03-29,2025,Autódromo de Interlagos,São Paulo,São Paulo
Tagua Tagua,2025-03-29,2025,Autódromo de Interlagos,São Paulo,São Paulo
Shawn Mendes,2025-03-29,2025,Autódromo de Interlagos,São Paulo,São Paulo
The Marías,2025-03-29,2025,Autódromo de Interlagos,São Paulo,São Paulo
Agazero,2025-03-30,2025,Autódromo de Interlagos,São Paulo,São Paulo
Giovanna Moraes,2025-03-30,2025,Autódromo de Interlagos,São Paulo,São Paulo
Sérgio Britto,2025-03-30,2025,SESC Santana,São Paulo,São Paulo
The Heathen Scÿthe,2025-03-30,2025,Centro Cultural Tendal da Lapa,São Paulo,São Paulo
Leci Brandão,2025-03-30,2025,SESC Interlagos,São Paulo,São Paulo
Weedevil,2025-03-30,2025,Fabrique Club,São Paulo,São Paulo
Ruback,2025-03-30,2025,Autódromo de Interlagos,São Paulo,São Paulo
Skin Culture,2025-03-30,2025,Centro Cultural Tendal da Lapa,São Paulo,São Paulo
Pesta,2025-03-30,2025,Fabrique Club,São Paulo,São Paulo
Marc Martel,2025-03-30,2025,Terra SP,São Paulo,São Paulo
Pentagram,2025-03-30,2025,Fabrique Club,São Paulo,São Paulo
Any Mello,2025-03-30,2025,Autódromo de Interlagos,São Paulo,São Paulo
Due,2025-03-30,2025,Autódromo de Interlagos,São Paulo,São Paulo
Weedevil,2025-03-30,2025,Centro Cultural Tendal da Lapa,São Paulo,São Paulo
Justin Timberlake,2025-03-30,2025,Autódromo de Interlagos,São Paulo,São Paulo
Ca7riel & Paco Amoroso,2025-03-30,2025,Autódromo de Interlagos,São Paulo,São Paulo
Halleck,2025-03-30,2025,Madera Bar,São Paulo,São Paulo
Marina Peralta,2025-03-30,2025,Autódromo de Interlagos,São Paulo,São Paulo
Chico César,2025-03-30,2025,SESC Pinheiros,São Paulo,São Paulo
Tool,2025-03-30,2025,Autódromo de Interlagos,São Paulo,São Paulo
Michael Kiwanuka,2025-03-30,2025,Autódromo de Interlagos,São Paulo,São Paulo
Sepultura,2025-03-30,2025,Autódromo de Interlagos,São Paulo,São Paulo
Sofia Freire,2025-03-30,2025,Autódromo de Interlagos,São Paulo,São Paulo
Terno Rei,2025-03-30,2025,Autódromo de Interlagos,São Paulo,São Paulo
Bush,2025-03-30,2025,Autódromo de Interlagos,São Paulo,São Paulo
Barry Can’t Swim,2025-03-30,2025,Autódromo de Interlagos,São Paulo,São Paulo
Clube Dezenove,2025-03-30,2025,Autódromo de Interlagos,São Paulo,São Paulo
Ashibah,2025-03-30,2025,Autódromo de Interlagos,São Paulo,São Paulo
Charlotte de Witte,2025-03-30,2025,Autódromo de Interlagos,São Paulo,São Paulo
Parcels,2025-03-30,2025,Autódromo de Interlagos,São Paulo,São Paulo
Foster the People,2025-03-30,2025,Autódromo de Interlagos,São Paulo,São Paulo
Charlotte Matou um Cara,2025-03-30,2025,Autódromo de Interlagos,São Paulo,São Paulo
Blond:ish,2025-03-30,2025,Autódromo de Interlagos,São Paulo,São Paulo
NEIL FRANCES,2025-03-30,2025,Autódromo de Interlagos,São Paulo,São Paulo
One Vision,2025-03-30,2025,Terra SP,São Paulo,São Paulo
Catto,2025-03-31,2025,Coringa,São Paulo,São Paulo
Parcels,2025-03-31,2025,Audio,São Paulo,São Paulo
Mel Lisboa,2025-04-01,2025,Blue Note São Paulo,São Paulo,São Paulo
Mel Lisboa,2025-04-01,2025,Blue Note São Paulo,São Paulo,São Paulo
Hao Yang,2025-04-01,2025,Teatro Cultura Artística,São Paulo,São Paulo
Jon Spencer,2025-04-02,2025,SESC Avenida Paulista,São Paulo,São Paulo
The Hives,2025-04-02,2025,The Noite com Danilo Gentili,Osasco,São Paulo
Jon Spencer,2025-04-03,2025,SESC Avenida Paulista,São Paulo,São Paulo
Yugyeom,2025-04-03,2025,Terra SP,São Paulo,São Paulo
Otto,2025-04-03,2025,Casa Natura Musical,São Paulo,São Paulo
Last Dinosaurs,2025-04-04,2025,Jai Club,São Paulo,São Paulo
Andralls,2025-04-04,2025,La Iglesia Borratxeria,São Paulo,São Paulo
Faces of Death,2025-04-04,2025,La Iglesia Borratxeria,São Paulo,São Paulo
Children of the Beast,2025-04-04,2025,Mister Rock Bar,São Paulo,São Paulo
Chaos Synopsis,2025-04-04,2025,La Iglesia Borratxeria,São Paulo,São Paulo
Subcut,2025-04-04,2025,Niá,São Paulo,São Paulo
Tatá Aeroplano,2025-04-04,2025,Picles Cardeal,São Paulo,São Paulo
Mato Seco,2025-04-04,2025,City Lights Music Hall,São Paulo,São Paulo
Tihuana,2025-04-05,2025,Vibra São Paulo,São Paulo,São Paulo
Marky Ramone’s Blitzkrieg,2025-04-05,2025,Carioca Club,São Paulo,São Paulo
Counter Time,2025-04-05,2025,Knight's Pub,São Paulo,São Paulo
Horace Green,2025-04-05,2025,Fenda 315,São Paulo,São Paulo
César Menotti & Fabiano,2025-04-05,2025,Mercado Livre Arena Pacaembu,São Paulo,São Paulo
Marcelo D2,2025-04-05,2025,Sonora Garden,São Paulo,São Paulo
Filipe Ret,2025-04-05,2025,Clube Atlético Juventus,São Paulo,São Paulo
Guerra Santa,2025-04-05,2025,La Iglesia Borratxeria,São Paulo,São Paulo
Living Metal,2025-04-05,2025,La Iglesia Borratxeria,São Paulo,São Paulo
Olymp,2025-04-05,2025,La Iglesia Borratxeria,São Paulo,São Paulo
Belo,2025-04-05,2025,Mercado Livre Arena Pacaembu,São Paulo,São Paulo
Dead Fish,2025-04-05,2025,Hangar 110,São Paulo,São Paulo
Jorge & Mateus,2025-04-05,2025,Mercado Livre Arena Pacaembu,São Paulo,São Paulo
Dakhmas,2025-04-05,2025,Jai Club,São Paulo,São Paulo
Resistência Terminal,2025-04-05,2025,Jai Club,São Paulo,São Paulo
Id Est Me,2025-04-05,2025,Jai Club,São Paulo,São Paulo
Nova Orquestra,2025-04-05,2025,Casa Natura Musical,São Paulo,São Paulo
Supercombo,2025-04-05,2025,Casa Natura Musical,São Paulo,São Paulo
terraplana,2025-04-05,2025,SESC Belenzinho,São Paulo,São Paulo
Contra o Céu,2025-04-05,2025,Fenda 315,São Paulo,São Paulo
Stray Kids,2025-04-05,2025,MorumBIS,São Paulo,São Paulo
"Francisco, el Hombre",2025-04-05,2025,Cine Joia,São Paulo,São Paulo
Kill for Nothing,2025-04-05,2025,Jai Club,São Paulo,São Paulo
Far from Alaska,2025-04-06,2025,Cine Joia,São Paulo,São Paulo
Garage Fuzz,2025-04-06,2025,La Iglesia Borratxeria,São Paulo,São Paulo
YMA,2025-04-06,2025,Casa Rockambole,São Paulo,São Paulo
Simone Mendes,2025-04-06,2025,Mercado Livre Arena Pacaembu,São Paulo,São Paulo
Chococorn and the Sugarcanes,2025-04-06,2025,Hangar 110,São Paulo,São Paulo
eliminadorzinho,2025-04-06,2025,Hangar 110,São Paulo,São Paulo
Jorge & Mateus,2025-04-06,2025,Mercado Livre Arena Pacaembu,São Paulo,São Paulo
Sugar Kane,2025-04-06,2025,Cine Joia,São Paulo,São Paulo
Bella e o Olmo da Bruxa,2025-04-06,2025,Hangar 110,São Paulo,São Paulo
Maré Tardia,2025-04-06,2025,Casa Rockambole,São Paulo,São Paulo
girlblogging,2025-04-06,2025,Casa Rockambole,São Paulo,São Paulo
Timo Tolkki,2025-04-06,2025,Morrison Rock Bar,São Paulo,São Paulo
The Amity Affliction,2025-04-06,2025,Carioca Club,São Paulo,São Paulo
Stray Kids,2025-04-06,2025,MorumBIS,São Paulo,São Paulo
Ghast,2025-04-06,2025,Casa Rockambole,São Paulo,São Paulo
Finis Hominis,2025-04-06,2025,Casa Rockambole,São Paulo,São Paulo
Trypophöbia,2025-04-06,2025,Extreme Sunday,Osasco,São Paulo
águas,2025-04-08,2025,Casa Elefante,São Paulo,São Paulo
Hermanos Gutiérrez,2025-04-08,2025,Matiz,São Paulo,São Paulo
Far from Alaska,2025-04-08,2025,Estudio Iquiririm,São Paulo,São Paulo
Yaya Bey,2025-04-09,2025,Casa Natura Musical,São Paulo,São Paulo
Ale Sater,2025-04-10,2025,Bona Casa de Música,São Paulo,São Paulo
Ancient,2025-04-10,2025,Jai Club,São Paulo,São Paulo
Incubus,2025-04-10,2025,Espaço Unimed,São Paulo,São Paulo
Lia Clark,2025-04-10,2025,Funilaria,São Paulo,São Paulo
Hermanos Gutiérrez,2025-04-10,2025,Casa Natura Musical,São Paulo,São Paulo
Chris Kilmore,2025-04-10,2025,Matiz,São Paulo,São Paulo
Banana Gun,2025-04-10,2025,La Iglesia Borratxeria,São Paulo,São Paulo
Tuyo,2025-04-11,2025,SESC Pinheiros,São Paulo,São Paulo
Yves,2025-04-11,2025,VIP Station,São Paulo,São Paulo
blah,2025-04-11,2025,VIP Station,São Paulo,São Paulo
Johnny Hooker,2025-04-11,2025,Audio,São Paulo,São Paulo
Di Melo,2025-04-11,2025,SESC Pompéia,São Paulo,São Paulo
Menores Atos,2025-04-11,2025,Cine Joia,São Paulo,São Paulo
Allen Key,2025-04-11,2025,Tokio Marine Hall,São Paulo,São Paulo
Nevasca,2025-04-11,2025,Cardeal Pub,São Paulo,São Paulo
Uriah Heep,2025-04-11,2025,Tokio Marine Hall,São Paulo,São Paulo
PeLanza,2025-04-11,2025,Jai Club,São Paulo,São Paulo
Roots – Sepultura Tributo,2025-04-11,2025,Rock Wheels Kustom Bar,São Paulo,São Paulo
Rogério Skylab,2025-04-11,2025,Carioca Club,São Paulo,São Paulo
Black Jack,2025-04-11,2025,La Iglesia Borratxeria,São Paulo,São Paulo
Gilberto Gil,2025-04-11,2025,Allianz Parque,São Paulo,São Paulo
Funeratus,2025-04-12,2025,Carioca Club,São Paulo,São Paulo
Rebaelliun,2025-04-12,2025,Carioca Club,São Paulo,São Paulo
The Smyths,2025-04-12,2025,Tokio Marine Hall,São Paulo,São Paulo
Mano Brown,2025-04-12,2025,Parque do Ibirapuera,São Paulo,São Paulo
Big,2025-04-12,2025,A Porta Maldita,São Paulo,São Paulo
Joker,2025-04-12,2025,A Porta Maldita,São Paulo,São Paulo
Bebê Feio,2025-04-12,2025,A Porta Maldita,São Paulo,São Paulo
CRAS,2025-04-12,2025,A Porta Maldita,São Paulo,São Paulo
Drug Church,2025-04-12,2025,Jai Club,São Paulo,São Paulo
Silent Planet,2025-04-12,2025,City Lights Music Hall,São Paulo,São Paulo
Foojammers,2025-04-12,2025,CavePool,São Paulo,São Paulo
Samael,2025-04-12,2025,Carioca Club,São Paulo,São Paulo
Ouse Morrer,2025-04-12,2025,Jai Club,São Paulo,São Paulo
Bibi Babydoll,2025-04-12,2025,VIP Station,São Paulo,São Paulo
Masacre,2025-04-12,2025,Carioca Club,São Paulo,São Paulo
boasorte,2025-04-12,2025,Casa Rockambole,São Paulo,São Paulo
Esteban Tavares,2025-04-12,2025,Hangar 110,São Paulo,São Paulo
Scalene,2025-04-12,2025,Cine Joia,São Paulo,São Paulo
Chão de Taco,2025-04-12,2025,Casa Rockambole,São Paulo,São Paulo
Counter Time,2025-04-12,2025,Under Pub,São Paulo,São Paulo
Irmãs de Pau,2025-04-12,2025,Studio Stage,São Paulo,São Paulo
Suffocation,2025-04-12,2025,Carioca Club,São Paulo,São Paulo
Feralkat,2025-04-12,2025,Picles Cardeal,São Paulo,São Paulo
Edu K,2025-04-12,2025,La Iglesia Borratxeria,São Paulo,São Paulo
Alceu Valença & Orquestra Ouro Preto,2025-04-12,2025,Vibra São Paulo,São Paulo,São Paulo
Distant Shores,2025-04-12,2025,City Lights Music Hall,São Paulo,São Paulo
Rashid,2025-04-12,2025,Parque do Ibirapuera,São Paulo,São Paulo
Chris Murray,2025-04-12,2025,Fatiado Discos e Cervejas Especiais,São Paulo,São Paulo
Nations,2025-04-12,2025,City Lights Music Hall,São Paulo,São Paulo
LUDMILLA,2025-04-12,2025,Parque do Ibirapuera,São Paulo,São Paulo
Emmercia,2025-04-12,2025,City Lights Music Hall,São Paulo,São Paulo
Martinho da Vila,2025-04-12,2025,Parque do Ibirapuera,São Paulo,São Paulo
Luísa Sonza,2025-04-12,2025,Espaço Unimed,São Paulo,São Paulo
Papisa,2025-04-12,2025,Picles Cardeal,São Paulo,São Paulo
Gilberto Gil,2025-04-12,2025,Allianz Parque,São Paulo,São Paulo
The Nosferatu,2025-04-13,2025,Madame Club,São Paulo,São Paulo
IZA,2025-04-13,2025,Parque do Ibirapuera,São Paulo,São Paulo
Ivete Sangalo,2025-04-13,2025,Parque do Ibirapuera,São Paulo,São Paulo
Imperium D,2025-04-13,2025,Manifesto Bar,São Paulo,São Paulo
Humanal,2025-04-13,2025,Manifesto Bar,São Paulo,São Paulo
Neural Wreck,2025-04-13,2025,Manifesto Bar,São Paulo,São Paulo
Ferrugem,2025-04-13,2025,Parque do Ibirapuera,São Paulo,São Paulo
Crânula,2025-04-13,2025,La Iglesia Borratxeria,São Paulo,São Paulo
Hardgainer,2025-04-13,2025,Manifesto Bar,São Paulo,São Paulo
Nevasca,2025-04-13,2025,Willi Willie Bar e Arqueria,São Paulo,São Paulo
Antidemon,2025-04-13,2025,Centro Cultural São Paulo,São Paulo,São Paulo
Bebê Feio,2025-04-13,2025,Manifesto Bar,São Paulo,São Paulo
ONE OK ROCK,2025-04-13,2025,Espaço Unimed,São Paulo,São Paulo
Matanza Ritual,2025-04-13,2025,Centro Cultural São Paulo,São Paulo,São Paulo
Simbiose,2025-04-13,2025,La Iglesia Borratxeria,São Paulo,São Paulo
Third Coast Percussion,2025-04-14,2025,Teatro Cultura Artística,São Paulo,São Paulo
Péricles,2025-04-15,2025,Google,São Paulo,São Paulo
Donavon Frankenreiter,2025-04-15,2025,Vibra São Paulo,São Paulo,São Paulo
DJ Nuts,2025-04-15,2025,Void General Store,São Paulo,São Paulo
Ben Harper & The Innocent Criminals,2025-04-15,2025,Vibra São Paulo,São Paulo,São Paulo
Juliana Linhares,2025-04-16,2025,SESC Bom Retiro,São Paulo,São Paulo
Tindersticks,2025-04-16,2025,Auditório Simón Bolívar - Memorial da América Latina,São Paulo,São Paulo
Third Coast Percussion,2025-04-16,2025,Teatro Cultura Artística,São Paulo,São Paulo
ONE OR EIGHT,2025-04-16,2025,Teatro Gamaro,São Paulo,São Paulo
The Fuzztones,2025-04-17,2025,Cine Joia,São Paulo,São Paulo
The Gasolines,2025-04-17,2025,Cine Joia,São Paulo,São Paulo
Terno Rei,2025-04-17,2025,Estúdio TV Cultura,São Paulo,São Paulo
Autoramas,2025-04-17,2025,Cine Joia,São Paulo,São Paulo
BRIME,2025-04-17,2025,Audio,São Paulo,São Paulo
Yago Oproprio,2025-04-17,2025,SESC Bom Retiro,São Paulo,São Paulo
Wander Wildner,2025-04-17,2025,Picles Cardeal,São Paulo,São Paulo
Clenched Fist,2025-04-18,2025,La Iglesia Borratxeria,São Paulo,São Paulo
Álcool,2025-04-18,2025,La Iglesia Borratxeria,São Paulo,São Paulo
The Harpia,2025-04-18,2025,La Iglesia Borratxeria,São Paulo,São Paulo
Halleck,2025-04-18,2025,Setessete Music Bar,São Paulo,São Paulo
Alzira E + Corte,2025-04-18,2025,PORTA,São Paulo,São Paulo
Hellway Train,2025-04-18,2025,La Iglesia Borratxeria,São Paulo,São Paulo
Carista,2025-04-19,2025,Estádio do Canindé,São Paulo,São Paulo
Pedro Bertho,2025-04-19,2025,Estádio do Canindé,São Paulo,São Paulo
Zopelar,2025-04-19,2025,Estádio do Canindé,São Paulo,São Paulo
Omar Souleyman,2025-04-19,2025,Estádio do Canindé,São Paulo,São Paulo
Hudson Mohawke,2025-04-19,2025,Estádio do Canindé,São Paulo,São Paulo
Scorpions,2025-04-19,2025,Allianz Parque,São Paulo,São Paulo
Capote,2025-04-19,2025,Fffront,São Paulo,São Paulo
Roots – Sepultura Tributo,2025-04-19,2025,Cardeal Pub,São Paulo,São Paulo
FIGUEROAS,2025-04-19,2025,Picles Cardeal,São Paulo,São Paulo
Judas Priest,2025-04-19,2025,Allianz Parque,São Paulo,São Paulo
Bebê Feio,2025-04-19,2025,Depois do Fim do Mundo Estúdio,São Paulo,São Paulo
Hermeto Pascoal,2025-04-19,2025,Casa Natura Musical,São Paulo,São Paulo
Sujera,2025-04-19,2025,SESC Belenzinho,São Paulo,São Paulo
Savatage,2025-04-19,2025,Allianz Parque,São Paulo,São Paulo
Stratovarius,2025-04-19,2025,Allianz Parque,São Paulo,São Paulo
Andrés Calamaro,2025-04-19,2025,Cine Joia,São Paulo,São Paulo
Project46,2025-04-19,2025,SESC Belenzinho,São Paulo,São Paulo
Pullovers,2025-04-19,2025,Cultura Livre,São Paulo,São Paulo
Negro Leo,2025-04-19,2025,SESC Pompéia,São Paulo,São Paulo
Opeth,2025-04-19,2025,Allianz Parque,São Paulo,São Paulo
Simbiose,2025-04-19,2025,Central Panelaço,São Paulo,São Paulo
Queensrÿche,2025-04-19,2025,Allianz Parque,São Paulo,São Paulo
Europe,2025-04-19,2025,Allianz Parque,São Paulo,São Paulo
Gangrena Gasosa,2025-04-19,2025,La Iglesia Borratxeria,São Paulo,São Paulo
Valesuchi,2025-04-20,2025,Estádio do Canindé,São Paulo,São Paulo
Franzizca,2025-04-20,2025,Estádio do Canindé,São Paulo,São Paulo
KiNK,2025-04-20,2025,Estádio do Canindé,São Paulo,São Paulo
Gabi Fischer,2025-04-20,2025,Estádio do Canindé,São Paulo,São Paulo
Alírio,2025-04-20,2025,Estádio do Canindé,São Paulo,São Paulo
Olof Dreijer,2025-04-20,2025,Estádio do Canindé,São Paulo,São Paulo
Queensrÿche,2025-04-20,2025,Vibra São Paulo,São Paulo,São Paulo
Torture Squad,2025-04-20,2025,Vibra São Paulo,São Paulo,São Paulo
Carlos do Complexo,2025-04-20,2025,Estádio do Canindé,São Paulo,São Paulo
Koka,2025-04-20,2025,Estádio do Canindé,São Paulo,São Paulo
Judas Priest,2025-04-20,2025,Vibra São Paulo,São Paulo,São Paulo
Alex Kassian,2025-04-20,2025,Estádio do Canindé,São Paulo,São Paulo
Suze Ijó,2025-04-20,2025,Estádio do Canindé,São Paulo,São Paulo
Partiboi69,2025-04-20,2025,Estádio do Canindé,São Paulo,São Paulo
Cashu,2025-04-20,2025,Estádio do Canindé,São Paulo,São Paulo
DPR,2025-04-20,2025,Estádio do Canindé,São Paulo,São Paulo
O Inimigo,2025-04-20,2025,Cervejaria Rat,São Paulo,São Paulo
Avalon Emerson,2025-04-20,2025,Estádio do Canindé,São Paulo,São Paulo
Ben UFO,2025-04-20,2025,Estádio do Canindé,São Paulo,São Paulo
Job Jobse,2025-04-20,2025,Estádio do Canindé,São Paulo,São Paulo
Ouse Morrer,2025-04-20,2025,Cervejaria Rat,São Paulo,São Paulo
SPFDJ,2025-04-20,2025,Estádio do Canindé,São Paulo,São Paulo
Distant Shores,2025-04-20,2025,La Iglesia Borratxeria,São Paulo,São Paulo
Id Est Me,2025-04-20,2025,La Iglesia Borratxeria,São Paulo,São Paulo
Hector Oaks,2025-04-20,2025,Estádio do Canindé,São Paulo,São Paulo
Jadsa,2025-04-21,2025,Bar Alto,São Paulo,São Paulo
OTTOPAPI,2025-04-21,2025,Bar Alto,São Paulo,São Paulo
Maré Tardia,2025-04-21,2025,Bar Alto,São Paulo,São Paulo
Madmans Esprit,2025-04-21,2025,La Iglesia Borratxeria,São Paulo,São Paulo
Bruno Berle,2025-04-21,2025,Coringa,São Paulo,São Paulo
Savatage,2025-04-21,2025,Espaço Unimed,São Paulo,São Paulo
Fausto Fawcett,2025-04-21,2025,Bar Alto,São Paulo,São Paulo
Giovani Cidreira,2025-04-21,2025,Coringa,São Paulo,São Paulo
Opeth,2025-04-21,2025,Espaço Unimed,São Paulo,São Paulo
Ava Rocha,2025-04-21,2025,Coringa,São Paulo,São Paulo
Kaleo,2025-04-22,2025,Audio,São Paulo,São Paulo
Ginger and the Peppers,2025-04-22,2025,Audio,São Paulo,São Paulo
Rogério Skylab,2025-04-22,2025,,São Paulo,São Paulo
Escalandrum,2025-04-23,2025,Centro Cultural FIESP,São Paulo,São Paulo
Carne Doce,2025-04-24,2025,Casa Natura Musical,São Paulo,São Paulo
Jadsa,2025-04-24,2025,Misericórdia,São Paulo,São Paulo
XG,2025-04-24,2025,Tokio Marine Hall,São Paulo,São Paulo
Hurtmold,2025-04-24,2025,SESC Carmo,São Paulo,São Paulo
Mestrinho,2025-04-24,2025,Teatro SESC 24 de Maio,São Paulo,São Paulo
Banda Uó,2025-04-25,2025,Audio,São Paulo,São Paulo
PLUMA,2025-04-25,2025,Misericórdia,São Paulo,São Paulo
Bebé Salvego,2025-04-25,2025,SESC Belenzinho,São Paulo,São Paulo
Mari Jasca,2025-04-25,2025,Casa de Francisca,São Paulo,São Paulo
Paira,2025-04-25,2025,Auditório MIS,São Paulo,São Paulo
Ego Absence,2025-04-25,2025,La Iglesia Borratxeria,São Paulo,São Paulo
Trend Kill Ghosts,2025-04-25,2025,La Iglesia Borratxeria,São Paulo,São Paulo
Arnaldo Antunes,2025-04-25,2025,SESC Pompéia,São Paulo,São Paulo
ROT,2025-04-25,2025,SESC Belenzinho,São Paulo,São Paulo
Veludo Oculto,2025-04-25,2025,Casa Urânia,São Paulo,São Paulo
Gilberto Gil,2025-04-25,2025,Allianz Parque,São Paulo,São Paulo
Dexter,2025-04-26,2025,Casa de Cultura Itaim Paulista,São Paulo,São Paulo
Crizin da Z.O.,2025-04-26,2025,Casa Rockambole,São Paulo,São Paulo
Ndee Naldinho,2025-04-26,2025,Casa de Cultura Itaim Paulista,São Paulo,São Paulo
Metade de Mim,2025-04-26,2025,Misericórdia,São Paulo,São Paulo
Nando Reis,2025-04-26,2025,Clube Atlético Juventus,São Paulo,São Paulo
Ava Mendoza,2025-04-26,2025,SESC Avenida Paulista,São Paulo,São Paulo
Cólera,2025-04-26,2025,Centro Cultural Tendal da Lapa,São Paulo,São Paulo
YMA,2025-04-26,2025,Misericórdia,São Paulo,São Paulo
Frejat,2025-04-26,2025,Clube Atlético Juventus,São Paulo,São Paulo
Arnaldo Antunes,2025-04-26,2025,SESC Pompéia,São Paulo,São Paulo
Gilberto Gil,2025-04-26,2025,Allianz Parque,São Paulo,São Paulo
lōtico,2025-04-26,2025,Bar Alto,São Paulo,São Paulo
Maglore,2025-04-26,2025,Cine Joia,São Paulo,São Paulo
Boogarins,2025-04-26,2025,Casa Rockambole,São Paulo,São Paulo
Roots – Sepultura Tributo,2025-04-26,2025,Galeria do Rock,São Paulo,São Paulo
Marina Sena,2025-04-26,2025,Espaço Unimed,São Paulo,São Paulo
Caxtrinho,2025-04-26,2025,SESC Belenzinho,São Paulo,São Paulo
Machine Girl,2025-04-26,2025,Hangar 110,São Paulo,São Paulo
Saturndust,2025-04-26,2025,Bar Alto,São Paulo,São Paulo
Adorável Clichê,2025-04-26,2025,Casa Rockambole,São Paulo,São Paulo
AQUINO,2025-04-26,2025,Casa Rockambole,São Paulo,São Paulo
Innabrain,2025-04-27,2025,Red Star Studios,São Paulo,São Paulo
Arnaldo Antunes,2025-04-27,2025,SESC Pompéia,São Paulo,São Paulo
Zijian Wei,2025-04-27,2025,Teatro Cultura Artística,São Paulo,São Paulo
hoovaranas,2025-04-28,2025,SESC Carmo,São Paulo,São Paulo
Debrix,2025-04-30,2025,Carioca Club,São Paulo,São Paulo
Raimundos,2025-04-30,2025,Espaço Unimed,São Paulo,São Paulo
Marcão Britto & Thiago Castanho Charlie Brown Jr.,2025-04-30,2025,Espaço Unimed,São Paulo,São Paulo
Treva,2025-04-30,2025,Carioca Club,São Paulo,São Paulo
Helmet,2025-04-30,2025,Carioca Club,São Paulo,São Paulo
Marcelo Falcão,2025-04-30,2025,Espaço Unimed,São Paulo,São Paulo
Facada,2025-05-01,2025,Burning House,São Paulo,São Paulo
The Accüsed A.D.,2025-05-01,2025,Burning House,São Paulo,São Paulo
Dream Spirit,2025-05-01,2025,Manifesto Bar,São Paulo,São Paulo
Karma,2025-05-01,2025,Manifesto Bar,São Paulo,São Paulo
D.E.R.,2025-05-01,2025,Burning House,São Paulo,São Paulo
Karnak,2025-05-01,2025,Bona Casa de Música,São Paulo,São Paulo
D.F.C.,2025-05-01,2025,Burning House,São Paulo,São Paulo
Sadistic Messiah,2025-05-01,2025,Burning House,São Paulo,São Paulo
Counter Time,2025-05-01,2025,Under Pub,São Paulo,São Paulo
Walfredo em Busca da Simbiose,2025-05-01,2025,Picles Cardeal,São Paulo,São Paulo
THE DRIVER ERA,2025-05-02,2025,Tokio Marine Hall,São Paulo,São Paulo
Antiprisma,2025-05-02,2025,Picles Cardeal,São Paulo,São Paulo
Dogma,2025-05-02,2025,Memorial da América Latina,São Paulo,São Paulo
Pretty Maids,2025-05-02,2025,Memorial da América Latina,São Paulo,São Paulo
Polly Noise and the Cracks,2025-05-02,2025,Picles Cardeal,São Paulo,São Paulo
Karnak,2025-05-02,2025,Bona Casa de Música,São Paulo,São Paulo
Ginger and the Peppers,2025-05-02,2025,La Iglesia Borratxeria,São Paulo,São Paulo
Doro,2025-05-02,2025,Memorial da América Latina,São Paulo,São Paulo
Gabriel Thomaz,2025-05-02,2025,Picles Cardeal,São Paulo,São Paulo
DJ K,2025-05-02,2025,Void General Store,São Paulo,São Paulo
Armored Saint,2025-05-02,2025,Memorial da América Latina,São Paulo,São Paulo
Pedra Branca,2025-05-02,2025,Tokio Marine Hall,São Paulo,São Paulo
DJ Dry,2025-05-02,2025,Void General Store,São Paulo,São Paulo
Glenn Hughes,2025-05-02,2025,Memorial da América Latina,São Paulo,São Paulo
Kissin’ Dynamite,2025-05-02,2025,Memorial da América Latina,São Paulo,São Paulo
Cleef,2025-05-02,2025,A Porta Maldita,São Paulo,São Paulo
Sutil Modelo Novo,2025-05-02,2025,cafundó,São Paulo,São Paulo
Meu Funeral,2025-05-03,2025,Jai Club,São Paulo,São Paulo
Saxon,2025-05-03,2025,Memorial da América Latina,São Paulo,São Paulo
Dream Spirit,2025-05-03,2025,Memorial da América Latina,São Paulo,São Paulo
School of Rock,2025-05-03,2025,Memorial da América Latina,São Paulo,São Paulo
Matanza Ritual,2025-05-03,2025,Memorial da América Latina,São Paulo,São Paulo
Válvera,2025-05-03,2025,Memorial da América Latina,São Paulo,São Paulo
Ensiferum,2025-05-03,2025,Memorial da América Latina,São Paulo,São Paulo
Carro Bomba,2025-05-03,2025,Memorial da América Latina,São Paulo,São Paulo
Sonata Arctica,2025-05-03,2025,Memorial da América Latina,São Paulo,São Paulo
Grupo Fundo de Quintal,2025-05-03,2025,SESC Belenzinho,São Paulo,São Paulo
Os Garotin,2025-05-03,2025,Parque Villa-Lobos,São Paulo,São Paulo
Malefactor,2025-05-03,2025,Memorial da América Latina,São Paulo,São Paulo
Pressive,2025-05-03,2025,Memorial da América Latina,São Paulo,São Paulo
Municipal Waste,2025-05-03,2025,Memorial da América Latina,São Paulo,São Paulo
Dynazty,2025-05-03,2025,Memorial da América Latina,São Paulo,São Paulo
Sabaton,2025-05-03,2025,Memorial da América Latina,São Paulo,São Paulo
Lacrimosa,2025-05-03,2025,Memorial da América Latina,São Paulo,São Paulo
Íñigo Quintero,2025-05-03,2025,Casa Rockambole,São Paulo,São Paulo
Ana Cañas,2025-05-03,2025,SESC Pinheiros,São Paulo,São Paulo
Melton Sello,2025-05-03,2025,Jai Club,São Paulo,São Paulo
Sutil Modelo Novo,2025-05-03,2025,Veganaassoo,São Paulo,São Paulo
Ebony,2025-05-03,2025,Parque Villa-Lobos,São Paulo,São Paulo
Ney Matogrosso,2025-05-03,2025,Parque Villa-Lobos,São Paulo,São Paulo
Burning Witches,2025-05-03,2025,Memorial da América Latina,São Paulo,São Paulo
Viper,2025-05-03,2025,Memorial da América Latina,São Paulo,São Paulo
Ana Frango Elétrico,2025-05-03,2025,Museu da Língua Portuguesa,São Paulo,São Paulo
H.E.A.T,2025-05-03,2025,Memorial da América Latina,São Paulo,São Paulo
Dark Angel,2025-05-03,2025,Memorial da América Latina,São Paulo,São Paulo
Gloria Perpetua,2025-05-03,2025,Memorial da América Latina,São Paulo,São Paulo
Hardgainer,2025-05-03,2025,Memorial da América Latina,São Paulo,São Paulo
Jotapê,2025-05-03,2025,Parque Villa-Lobos,São Paulo,São Paulo
Rico Dalasam,2025-05-03,2025,SESC Consolação,São Paulo,São Paulo
Darvin,2025-05-03,2025,Jai Club,São Paulo,São Paulo
Daniela Mercury,2025-05-03,2025,Parque Villa-Lobos,São Paulo,São Paulo
Violeta de Outono,2025-05-03,2025,SESC Belenzinho,São Paulo,São Paulo
Powerwolf,2025-05-03,2025,Memorial da América Latina,São Paulo,São Paulo
Kamelot,2025-05-03,2025,Memorial da América Latina,São Paulo,São Paulo
Vader,2025-05-04,2025,Memorial da América Latina,São Paulo,São Paulo
W.A.S.P.,2025-05-04,2025,Memorial da América Latina,São Paulo,São Paulo
BaianaSystem,2025-05-04,2025,Parque Villa-Lobos,São Paulo,São Paulo
Silva,2025-05-04,2025,Parque Villa-Lobos,São Paulo,São Paulo
João Gomes,2025-05-04,2025,Parque Villa-Lobos,São Paulo,São Paulo
Ana Cañas,2025-05-04,2025,SESC Pinheiros,São Paulo,São Paulo
Black Pantera,2025-05-04,2025,Memorial da América Latina,São Paulo,São Paulo
Beyond the Black,2025-05-04,2025,Memorial da América Latina,São Paulo,São Paulo
Warshipper,2025-05-04,2025,Memorial da América Latina,São Paulo,São Paulo
Kerry King,2025-05-04,2025,Memorial da América Latina,São Paulo,São Paulo
Dorsal Atlântica,2025-05-04,2025,Memorial da América Latina,São Paulo,São Paulo
Ronnie James Dio Tribute,2025-05-04,2025,Memorial da América Latina,São Paulo,São Paulo
Simple Minds,2025-05-04,2025,Espaço Unimed,São Paulo,São Paulo
Maestrick,2025-05-04,2025,Memorial da América Latina,São Paulo,São Paulo
Hatefulmurder,2025-05-04,2025,Memorial da América Latina,São Paulo,São Paulo
Nile,2025-05-04,2025,Memorial da América Latina,São Paulo,São Paulo
Avantasia,2025-05-04,2025,Memorial da América Latina,São Paulo,São Paulo
Paradise Lost,2025-05-04,2025,Memorial da América Latina,São Paulo,São Paulo
Ready to be Hated,2025-05-04,2025,Memorial da América Latina,São Paulo,São Paulo
School of Rock,2025-05-04,2025,Memorial da América Latina,São Paulo,São Paulo
Hibria,2025-05-04,2025,Memorial da América Latina,São Paulo,São Paulo
Blind Guardian,2025-05-04,2025,Memorial da América Latina,São Paulo,São Paulo
Rico Dalasam,2025-05-04,2025,SESC Consolação,São Paulo,São Paulo
Lord of the Lost,2025-05-04,2025,Memorial da América Latina,São Paulo,São Paulo
Yago Oproprio,2025-05-04,2025,Parque Villa-Lobos,São Paulo,São Paulo
Alcione,2025-05-04,2025,Parque Villa-Lobos,São Paulo,São Paulo
Haken,2025-05-04,2025,Memorial da América Latina,São Paulo,São Paulo
The Heathen Scÿthe,2025-05-04,2025,Memorial da América Latina,São Paulo,São Paulo
Flor,2025-05-04,2025,Parque Villa-Lobos,São Paulo,São Paulo
Rachel Reis,2025-05-04,2025,Parque Villa-Lobos,São Paulo,São Paulo
Kamelot,2025-05-04,2025,Memorial da América Latina,São Paulo,São Paulo
Destruction,2025-05-04,2025,Memorial da América Latina,São Paulo,São Paulo
Arize,2025-05-06,2025,La Iglesia Borratxeria,São Paulo,São Paulo
Escalpo,2025-05-06,2025,La Iglesia Borratxeria,São Paulo,São Paulo
OGI,2025-05-06,2025,Void General Store,São Paulo,São Paulo
The Chisel,2025-05-06,2025,La Iglesia Borratxeria,São Paulo,São Paulo
Eric Martin & Jeff Scott Soto,2025-05-07,2025,Galeria do Rock,São Paulo,São Paulo
Adrian Younge,2025-05-07,2025,Teatro Cultura Artística,São Paulo,São Paulo
Spektra,2025-05-07,2025,Galeria do Rock,São Paulo,São Paulo
E a Terra Nunca Me Pareceu Tão Distante,2025-05-08,2025,Bar Alto,São Paulo,São Paulo
Trupe Chá de Boldo,2025-05-08,2025,Casa de Francisca,São Paulo,São Paulo
Sevdaliza,2025-05-08,2025,Tokio Marine Hall,São Paulo,São Paulo
Mahmundi,2025-05-08,2025,Funilaria,São Paulo,São Paulo
Punho de Mahin,2025-05-08,2025,SESC Pompéia,São Paulo,São Paulo
Dora Morelenbaum,2025-05-08,2025,Casa Natura Musical,São Paulo,São Paulo
Don Ernesto,2025-05-08,2025,Parque da Água Branca,São Paulo,São Paulo
Pabllo Vittar,2025-05-09,2025,Centro de Tradições Nordestinas,São Paulo,São Paulo
Marina Nemesio,2025-05-09,2025,Odette,São Paulo,São Paulo
Paul Higgs,2025-05-09,2025,Odette,São Paulo,São Paulo
Ira!,2025-05-09,2025,Vibra São Paulo,São Paulo,São Paulo
Heartlistener,2025-05-09,2025,Casa AlgoHits,São Paulo,São Paulo
Dharma Numb,2025-05-09,2025,Casa AlgoHits,São Paulo,São Paulo
Chico Bernardes,2025-05-09,2025,Odette,São Paulo,São Paulo
Mateus Aleluia,2025-05-09,2025,Casa Natura Musical,São Paulo,São Paulo
Kevin Johansen,2025-05-09,2025,Teatro Bradesco,São Paulo,São Paulo
Bixiga 70,2025-05-09,2025,SESC Pompéia,São Paulo,São Paulo
Crush Us All,2025-05-09,2025,Casa AlgoHits,São Paulo,São Paulo
BEAT,2025-05-09,2025,Espaço Unimed,São Paulo,São Paulo
Paura,2025-05-10,2025,Red Star Studios,São Paulo,São Paulo
Ira!,2025-05-10,2025,Vibra São Paulo,São Paulo,São Paulo
Linn da Quebrada,2025-05-10,2025,Sesc 14 Bis,São Paulo,São Paulo
Touché Amoré,2025-05-10,2025,City Lights Music Hall,São Paulo,São Paulo
Janeiro Industrial,2025-05-10,2025,City Lights Music Hall,São Paulo,São Paulo
Foreigner,2025-05-10,2025,Espaço Unimed,São Paulo,São Paulo
Jovens Ateus,2025-05-10,2025,La Iglesia Borratxeria,São Paulo,São Paulo
Aliados,2025-05-10,2025,School of Rock São Paulo,São Paulo,São Paulo
Bebê Feio,2025-05-10,2025,Lau Estúdio,Osasco,São Paulo
Desalmado,2025-05-10,2025,Burning House,São Paulo,São Paulo
CRAS,2025-05-10,2025,Burning House,São Paulo,São Paulo
De Carne e Flor,2025-05-10,2025,City Lights Music Hall,São Paulo,São Paulo
Mateus Aleluia,2025-05-10,2025,Casa Natura Musical,São Paulo,São Paulo
O Grilo,2025-05-10,2025,Audio,São Paulo,São Paulo
girlblogging,2025-05-10,2025,La Iglesia Borratxeria,São Paulo,São Paulo
Giant Jellyfish,2025-05-10,2025,Fenda 315,São Paulo,São Paulo
Estado Laico,2025-05-10,2025,Lau Estúdio,Osasco,São Paulo
Vazio,2025-05-10,2025,Burning House,São Paulo,São Paulo
Ego Kill Talent,2025-05-10,2025,Allianz Parque,São Paulo,São Paulo
BIKE,2025-05-10,2025,Fenda 315,São Paulo,São Paulo
System of a Down,2025-05-10,2025,Allianz Parque,São Paulo,São Paulo
Night Prowler,2025-05-10,2025,Woodstock Rock Store,São Paulo,São Paulo
Hardgainer,2025-05-10,2025,Burning House,São Paulo,São Paulo
Ivan Vilela,2025-05-10,2025,Parque da Água Branca,São Paulo,São Paulo
Crânula,2025-05-10,2025,Red Star Studios,São Paulo,São Paulo
Eric Martin & Jeff Scott Soto,2025-05-10,2025,Espaço Unimed,São Paulo,São Paulo
Defunto,2025-05-10,2025,Lau Estúdio,Osasco,São Paulo
Fang,2025-05-11,2025,Carioca Club,São Paulo,São Paulo
The Chisel,2025-05-11,2025,Carioca Club,São Paulo,São Paulo
System of a Down,2025-05-11,2025,Allianz Parque,São Paulo,São Paulo
Punho de Mahin,2025-05-11,2025,Carioca Club,São Paulo,São Paulo
Faíska,2025-05-11,2025,Centro Cultural São Paulo,São Paulo,São Paulo
The Exploited,2025-05-11,2025,Carioca Club,São Paulo,São Paulo
Urutu,2025-05-11,2025,Carioca Club,São Paulo,São Paulo
Ratos de Porão,2025-05-11,2025,Carioca Club,São Paulo,São Paulo
Escalpo,2025-05-11,2025,Carioca Club,São Paulo,São Paulo
Tim “Ripper” Owens,2025-05-11,2025,Manifesto Bar,São Paulo,São Paulo
Linn da Quebrada,2025-05-11,2025,Sesc 14 Bis,São Paulo,São Paulo
Zé Ramalho,2025-05-11,2025,Espaço Unimed,São Paulo,São Paulo
Fat Family,2025-05-11,2025,Parque da Água Branca,São Paulo,São Paulo
Paulinho Moska,2025-05-11,2025,Parque da Água Branca,São Paulo,São Paulo
A Espetacular Charanga do França,2025-05-11,2025,Parque da Água Branca,São Paulo,São Paulo
Picanha de Chernobill,2025-05-11,2025,Centro Cultural São Paulo,São Paulo,São Paulo
Lobão,2025-05-11,2025,Centro Cultural São Paulo,São Paulo,São Paulo
The Mönic,2025-05-11,2025,Centro Cultural São Paulo,São Paulo,São Paulo
Ego Kill Talent,2025-05-11,2025,Allianz Parque,São Paulo,São Paulo
Marina Lima,2025-05-11,2025,Parque da Água Branca,São Paulo,São Paulo
FBC,2025-05-11,2025,Parque da Água Branca,São Paulo,São Paulo
Mateus Aleluia,2025-05-11,2025,Casa Natura Musical,São Paulo,São Paulo
Catto,2025-05-11,2025,Parque da Água Branca,São Paulo,São Paulo
Sujera,2025-05-11,2025,Centro Cultural São Paulo,São Paulo,São Paulo
Arnaldo Antunes,2025-05-11,2025,Parque da Água Branca,São Paulo,São Paulo
Rogério Skylab,2025-05-12,2025,Teatro Mars,São Paulo,São Paulo
Matheus Caster,2025-05-12,2025,Teatro Mars,São Paulo,São Paulo
Foojammers,2025-05-12,2025,Relicário Rock Bar,São Paulo,São Paulo
Bela Maria,2025-05-12,2025,Teatro Mars,São Paulo,São Paulo
Ale Sater,2025-05-12,2025,Teatro Mars,São Paulo,São Paulo
Josy.Anne,2025-05-13,2025,Centro da Terra,São Paulo,São Paulo
Ego Kill Talent,2025-05-14,2025,Autódromo de Interlagos,São Paulo,São Paulo
AFI,2025-05-14,2025,Autódromo de Interlagos,São Paulo,São Paulo
System of a Down,2025-05-14,2025,Autódromo de Interlagos,São Paulo,São Paulo
Jambu,2025-05-15,2025,Bar Alto,São Paulo,São Paulo
Carcass,2025-05-15,2025,Carioca Club,São Paulo,São Paulo
Sophia Chablau e Uma Enorme Perda de Tempo,2025-05-15,2025,SESC Pompéia,São Paulo,São Paulo
BIKE,2025-05-15,2025,PORTA,São Paulo,São Paulo
Ema Stoned,2025-05-15,2025,PORTA,São Paulo,São Paulo
Violeta de Outono,2025-05-15,2025,PORTA,São Paulo,São Paulo
Paula Toller,2025-05-16,2025,Espaço Unimed,São Paulo,São Paulo
The Amy Winehouse Band,2025-05-16,2025,Cine Joia,São Paulo,São Paulo
Pedro Abrunhosa,2025-05-16,2025,Casa Natura Musical,São Paulo,São Paulo
Eskröta,2025-05-16,2025,SESC Avenida Paulista,São Paulo,São Paulo
Palaye Royale,2025-05-16,2025,Carioca Club,São Paulo,São Paulo
Marina Lima,2025-05-16,2025,SESC Pinheiros,São Paulo,São Paulo
Detestation,2025-05-17,2025,Centro Cultural Tendal da Lapa,São Paulo,São Paulo
Dogma,2025-05-17,2025,Teatro APCD,São Paulo,São Paulo
Fabio Lione,2025-05-17,2025,Teatro APCD,São Paulo,São Paulo
Academia da Berlinda,2025-05-17,2025,City Lights Music Hall,São Paulo,São Paulo
Bong Brigade,2025-05-17,2025,Hangar 110,São Paulo,São Paulo
Dogma,2025-05-17,2025,Teatro APCD,São Paulo,São Paulo
Roots – Sepultura Tributo,2025-05-17,2025,ZN Highway,São Paulo,São Paulo
Social Chaos,2025-05-17,2025,Centro Cultural Tendal da Lapa,São Paulo,São Paulo
Di Ferrero,2025-05-17,2025,Audio,São Paulo,São Paulo
Getúlio Abelha,2025-05-17,2025,SESC Belenzinho,São Paulo,São Paulo
Jupta,2025-05-17,2025,VIP Station,São Paulo,São Paulo
Armagedom,2025-05-17,2025,Centro Cultural Tendal da Lapa,São Paulo,São Paulo
Fabio Lione,2025-05-17,2025,Teatro APCD,São Paulo,São Paulo
Giovanna Moraes,2025-05-17,2025,VIP Station,São Paulo,São Paulo
Leoni,2025-05-17,2025,Blue Note São Paulo,São Paulo,São Paulo
Pense,2025-05-17,2025,Vans Pinheiros Store,São Paulo,São Paulo
MC Taya,2025-05-17,2025,VIP Station,São Paulo,São Paulo
Allen Key,2025-05-17,2025,VIP Station,São Paulo,São Paulo
Zélia Duncan,2025-05-17,2025,SESC Pompéia,São Paulo,São Paulo
Contra o Céu,2025-05-17,2025,Cervejaria Rat,São Paulo,São Paulo
Asfixia Social,2025-05-17,2025,VIP Station,São Paulo,São Paulo
Die Selektion,2025-05-17,2025,Madame Club,São Paulo,São Paulo
Deathgeist,2025-05-17,2025,La Iglesia Borratxeria,São Paulo,São Paulo
Supercombo,2025-05-17,2025,VIP Station,São Paulo,São Paulo
Counter Time,2025-05-17,2025,ZN Highway,São Paulo,São Paulo
Aléxia,2025-05-17,2025,VIP Station,São Paulo,São Paulo
The Beast Experience,2025-05-17,2025,Teatro Eva Wilma,São Paulo,São Paulo
Don L,2025-05-17,2025,SESC Vila Mariana,São Paulo,São Paulo
Banana Kush,2025-05-17,2025,VIP Station,São Paulo,São Paulo
Navala,2025-05-17,2025,VIP Station,São Paulo,São Paulo
Hungrs,2025-05-17,2025,VIP Station,São Paulo,São Paulo
Pedro Lanches,2025-05-17,2025,VIP Station,São Paulo,São Paulo
Dogma,2025-05-18,2025,Teatro APCD,São Paulo,São Paulo
João Gordo & Asteroides Trio,2025-05-18,2025,Centro Cultural Tendal da Lapa,São Paulo,São Paulo
Besouro Mulher,2025-05-18,2025,Casa Natura Musical,São Paulo,São Paulo
Fabio Lione,2025-05-18,2025,Teatro APCD,São Paulo,São Paulo
Pelados,2025-05-18,2025,Casa Natura Musical,São Paulo,São Paulo
Jeff Scott Soto,2025-05-18,2025,Manifesto Bar,São Paulo,São Paulo
Tonho Penhasco,2025-05-18,2025,A Porta Maldita,São Paulo,São Paulo
MC Hariel,2025-05-18,2025,Allianz Parque,São Paulo,São Paulo
Gritando HC,2025-05-18,2025,Centro Cultural Tendal da Lapa,São Paulo,São Paulo
Castello Branco,2025-05-18,2025,Rua dos Pinheiros,São Paulo,São Paulo
Spektra,2025-05-18,2025,Manifesto Bar,São Paulo,São Paulo
Ana Cañas,2025-05-19,2025,Espaço Usine,São Paulo,São Paulo
Silvia Machete,2025-05-19,2025,Espaço Usine,São Paulo,São Paulo
Dogma,2025-05-19,2025,Manifesto Bar,São Paulo,São Paulo
Luedji Luna,2025-05-19,2025,Espaço Usine,São Paulo,São Paulo
Manuel Barrueco,2025-05-20,2025,Teatro Cultura Artística,São Paulo,São Paulo
Blogueirinha,2025-05-20,2025,,São Paulo,São Paulo
Danilo Caymmi,2025-05-21,2025,SESC 24 de Maio,São Paulo,São Paulo
Stone Temple Pilots,2025-05-22,2025,Terra SP,São Paulo,São Paulo
Beherit,2025-05-22,2025,Carioca Club,São Paulo,São Paulo
Velvet Chains,2025-05-22,2025,Terra SP,São Paulo,São Paulo
Joe Lovano Quintet,2025-05-22,2025,Auditório Ibirapuera,São Paulo,São Paulo
Amaro Freitas,2025-05-22,2025,Auditório Ibirapuera,São Paulo,São Paulo
Raffa Torres,2025-05-22,2025,Vibra São Paulo,São Paulo,São Paulo
Arooj Aftab,2025-05-22,2025,Auditório Ibirapuera,São Paulo,São Paulo
Cólera,2025-05-22,2025,Teatro SESC 24 de Maio,São Paulo,São Paulo
Irmãs de Pau,2025-05-23,2025,Zig Studio,São Paulo,São Paulo
Kassa Overall,2025-05-23,2025,Auditório Ibirapuera,São Paulo,São Paulo
Brian Blade Fellowship,2025-05-23,2025,Auditório Ibirapuera,São Paulo,São Paulo
Meshell Ndegeocello,2025-05-23,2025,Auditório Ibirapuera,São Paulo,São Paulo
Eddie,2025-05-23,2025,Mundo Pensante,São Paulo,São Paulo
Decadas Infinitas,2025-05-23,2025,cafundó,São Paulo,São Paulo
Black Pantera,2025-05-24,2025,SESC Belenzinho,São Paulo,São Paulo
Buzzcocks,2025-05-24,2025,Carioca Club,São Paulo,São Paulo
Tarja,2025-05-24,2025,Tokio Marine Hall,São Paulo,São Paulo
Michael Sullivan,2025-05-24,2025,Casa de Cultura Municipal Freguesia do Ó,São Paulo,São Paulo
Leoni,2025-05-24,2025,Blue Note São Paulo,São Paulo,São Paulo
Kid Creole and the Coconuts,2025-05-24,2025,Praça da República,São Paulo,São Paulo
Orchestra Baobab,2025-05-24,2025,Vale do Anhangabaú,São Paulo,São Paulo
Devotos,2025-05-24,2025,Casa de Cultura do Butantã,São Paulo,São Paulo
Karnak,2025-05-24,2025,Centro Cultural São Paulo,São Paulo,São Paulo
Yellowman,2025-05-24,2025,Rua XV de Novembro,São Paulo,São Paulo
Wanessa Camargo,2025-05-24,2025,Largo do Arouche,São Paulo,São Paulo
Rhoda Scott,2025-05-24,2025,Praça da República,São Paulo,São Paulo
Pato Fu,2025-05-24,2025,SESC Pompéia,São Paulo,São Paulo
Tribo de Jah,2025-05-24,2025,SESC Pompéia,São Paulo,São Paulo
Renato Teixeira,2025-05-24,2025,SESC Pompéia,São Paulo,São Paulo
Lexa,2025-05-24,2025,Praça de Eventos - Vila Princesa Isabel,São Paulo,São Paulo
Otto,2025-05-24,2025,SESC Pinheiros,São Paulo,São Paulo
Carola,2025-05-24,2025,Parque do Ibirapuera,São Paulo,São Paulo
FBC,2025-05-24,2025,SESC Bom Retiro,São Paulo,São Paulo
Benito di Paula,2025-05-24,2025,SESC 24 de Maio,São Paulo,São Paulo
DUDA BEAT,2025-05-24,2025,Av. Pirajussara,São Paulo,São Paulo
KAMIJO,2025-05-24,2025,Hangar 110,São Paulo,São Paulo
Fat Family,2025-05-24,2025,SESC Carmo,São Paulo,São Paulo
Lovebirds,2025-05-24,2025,Parque do Ibirapuera,São Paulo,São Paulo
Silva,2025-05-24,2025,Vale do Anhangabaú,São Paulo,São Paulo
Mari Jasca,2025-05-24,2025,Centro Cultural São Paulo,São Paulo,São Paulo
Tasha & Tracie,2025-05-24,2025,SESC Vila Mariana,São Paulo,São Paulo
Bazuros,2025-05-24,2025,SESC Belenzinho,São Paulo,São Paulo
Black Pantera,2025-05-24,2025,SESC Belenzinho,São Paulo,São Paulo
Air,2025-05-24,2025,Parque do Ibirapuera,São Paulo,São Paulo
Leci Brandão,2025-05-24,2025,Sesc 14 Bis,São Paulo,São Paulo
Agnes Nunes,2025-05-24,2025,Parque do Ibirapuera,São Paulo,São Paulo
Luedji Luna,2025-05-24,2025,SESC Itaquera,São Paulo,São Paulo
Jota.pê,2025-05-24,2025,Av. Pirajussara,São Paulo,São Paulo
Juliana Linhares,2025-05-24,2025,Largo do Arouche,São Paulo,São Paulo
Madzilla,2025-05-24,2025,Tokio Marine Hall,São Paulo,São Paulo
Planta & Raiz,2025-05-24,2025,SESC Interlagos,São Paulo,São Paulo
DJ Hum,2025-05-24,2025,SESC Santana,São Paulo,São Paulo
Mariana Aydar,2025-05-24,2025,Centro Cultural Tendal da Lapa,São Paulo,São Paulo
Pretenders,2025-05-24,2025,Parque do Ibirapuera,São Paulo,São Paulo
Sidoka,2025-05-24,2025,Casa de Cultura Hip Hop Leste,São Paulo,São Paulo
Elisa Gudin,2025-05-24,2025,Theatro Municipal de São Paulo,São Paulo,São Paulo
Eduardo Gudin,2025-05-24,2025,Theatro Municipal de São Paulo,São Paulo,São Paulo
Don L,2025-05-24,2025,Rua Prof. Oscar Barreto Filho,São Paulo,São Paulo
MC Pedrinho,2025-05-24,2025,Rua Teresinha do Prado de Oliveira,São Paulo,São Paulo
A. G. Cook,2025-05-24,2025,Parque do Ibirapuera,São Paulo,São Paulo
Beach Weather,2025-05-24,2025,Parque do Ibirapuera,São Paulo,São Paulo
Márcia,2025-05-24,2025,Theatro Municipal de São Paulo,São Paulo,São Paulo
Luísa Sonza,2025-05-24,2025,"Praça Dollman, Freguesia do Ó",São Paulo,São Paulo
Diogo Nogueira,2025-05-24,2025,Av. Antonio Carlos Benjamin dos Santos,São Paulo,São Paulo
MC Pedrinho,2025-05-24,2025,Rua Teresinha do Prado de Oliveira,São Paulo,São Paulo
Rastapé,2025-05-24,2025,Av. Antonio Carlos Benjamin dos Santos,São Paulo,São Paulo
Claudio Nucci,2025-05-24,2025,Theatro Municipal de São Paulo,São Paulo,São Paulo
Eliana de Lima,2025-05-24,2025,Casa de Cultura Guaianases,São Paulo,São Paulo
Stefano Mota,2025-05-24,2025,Folk Cafés,São Paulo,São Paulo
Stephen Sanchez,2025-05-24,2025,Parque do Ibirapuera,São Paulo,São Paulo
Kyan,2025-05-24,2025,Rua Prof. Oscar Barreto Filho,São Paulo,São Paulo
Banda Uó,2025-05-24,2025,Av. Pirajussara,São Paulo,São Paulo
Rappin’ Hood,2025-05-24,2025,Theatro Municipal de São Paulo,São Paulo,São Paulo
Tom Zé,2025-05-24,2025,Centro Cultural São Paulo,São Paulo,São Paulo
Toninho Geraes,2025-05-24,2025,Casa de Cultura Manoel Mendonça,São Paulo,São Paulo
Perfume Genius,2025-05-24,2025,Parque do Ibirapuera,São Paulo,São Paulo
Gossip,2025-05-24,2025,Parque do Ibirapuera,São Paulo,São Paulo
Peter Cat Recording Co.,2025-05-24,2025,Parque do Ibirapuera,São Paulo,São Paulo
James Boogaloo Bolden,2025-05-25,2025,Praça da República,São Paulo,São Paulo
Anelis Assumpção,2025-05-25,2025,Largo do Arouche,São Paulo,São Paulo
Ira!,2025-05-25,2025,Av. Luiz Dumont Villares,São Paulo,São Paulo
Vanessa da Mata,2025-05-25,2025,"Av. Luiz Dumont Villares, 1400, Parada Inglesa",São Paulo,São Paulo
Sound Dimension,2025-05-25,2025,Praça da República,São Paulo,São Paulo
The Soul Vendors,2025-05-25,2025,Praça da República,São Paulo,São Paulo
Fred Wesley,2025-05-25,2025,Praça da República,São Paulo,São Paulo
Velvet Chains,2025-05-25,2025,Manifesto Bar,São Paulo,São Paulo
Leci Brandão,2025-05-25,2025,Sesc 14 Bis,São Paulo,São Paulo
Moacyr Franco,2025-05-25,2025,Casa de Cultura Municipal Freguesia do Ó,São Paulo,São Paulo
João Gomes,2025-05-25,2025,Vale do Anhangabaú,São Paulo,São Paulo
Ricardo Cruz,2025-05-25,2025,House of Legends,São Paulo,São Paulo
Paulo Miklos,2025-05-25,2025,SESC Itaquera,São Paulo,São Paulo
KL Jay,2025-05-25,2025,SESC Bom Retiro,São Paulo,São Paulo
Benito di Paula,2025-05-25,2025,SESC 24 de Maio,São Paulo,São Paulo
Luísa Sonza,2025-05-25,2025,Praça do Campo Limpo,São Paulo,São Paulo
From House To Disco,2025-05-25,2025,Parque do Ibirapuera,São Paulo,São Paulo
Juçara Marçal,2025-05-25,2025,Virada Cultural,São Paulo,São Paulo
Tasha & Tracie,2025-05-25,2025,SESC Vila Mariana,São Paulo,São Paulo
DJ Marky,2025-05-25,2025,Parque do Ibirapuera,São Paulo,São Paulo
Otto,2025-05-25,2025,SESC Pinheiros,São Paulo,São Paulo
Wanderléa,2025-05-25,2025,Theatro Municipal de São Paulo,São Paulo,São Paulo
Duquesa,2025-05-25,2025,Largo do Arouche,São Paulo,São Paulo
Yellowman,2025-05-25,2025,Casa de Cultura do Butantã,São Paulo,São Paulo
Counter Time,2025-05-25,2025,Av. Paulista,São Paulo,São Paulo
Pato Fu,2025-05-25,2025,SESC Pompéia,São Paulo,São Paulo
"Thalin, Cravinhos, VCR Slim, Pirlo & iloveyoulangelo",2025-05-25,2025,Parque do Ibirapuera,São Paulo,São Paulo
Nile Rodgers & Chic,2025-05-25,2025,Parque do Ibirapuera,São Paulo,São Paulo
Fin del Mundo,2025-05-25,2025,Coreto Antônio Prado,São Paulo,São Paulo
Mato Seco,2025-05-25,2025,Casa de Cultura do Butantã,São Paulo,São Paulo
Sepultura,2025-05-25,2025,Av. Pirajussara,São Paulo,São Paulo
Liniker,2025-05-25,2025,Vale do Anhangabaú,São Paulo,São Paulo
Sampa Crew,2025-05-25,2025,Av. Antonio Carlos Benjamin dos Santos,São Paulo,São Paulo
Mumuzinho,2025-05-25,2025,Rua Teresinha do Prado de Oliveira,São Paulo,São Paulo
Seu Jorge,2025-05-25,2025,Parque do Ibirapuera,São Paulo,São Paulo
Brocasito,2025-05-25,2025,Casa de Cultura Hip Hop Leste,São Paulo,São Paulo
Vitor Fernandes,2025-05-25,2025,Av. Antonio Carlos Benjamin dos Santos,São Paulo,São Paulo
English Teacher,2025-05-25,2025,Parque do Ibirapuera,São Paulo,São Paulo
SuperJazzClub,2025-05-25,2025,Parque do Ibirapuera,São Paulo,São Paulo
Fresno,2025-05-25,2025,Av. Pirajussara,São Paulo,São Paulo
Felipe e Rodrigo,2025-05-25,2025,Av. Antonio Carlos Benjamin dos Santos,São Paulo,São Paulo
Cynthia Luz,2025-05-25,2025,Rua Teresinha do Prado de Oliveira,São Paulo,São Paulo
The Last Dinner Party,2025-05-25,2025,Parque do Ibirapuera,São Paulo,São Paulo
Rappin’ Hood,2025-05-25,2025,Casa de Cultura Chico Science,São Paulo,São Paulo
Mundo Livre S/A,2025-05-25,2025,Casa de Cultura Chico Science,São Paulo,São Paulo
Dead Fish,2025-05-25,2025,Av. Pirajussara,São Paulo,São Paulo
Zé Vaqueiro,2025-05-25,2025,Praça Brasil,São Paulo,São Paulo
Latino,2025-05-25,2025,Rua Teresinha do Prado de Oliveira,São Paulo,São Paulo
Mel Lisboa,2025-05-25,2025,Parque Villa-Lobos,São Paulo,São Paulo
Cat Burns,2025-05-25,2025,Parque do Ibirapuera,São Paulo,São Paulo
Orquestra Brasileira de Música Jamaicana,2025-05-25,2025,Casa de Cultura do Butantã,São Paulo,São Paulo
Wilco,2025-05-25,2025,Parque do Ibirapuera,São Paulo,São Paulo
Stick Figure,2025-05-25,2025,Terra SP,São Paulo,São Paulo
Helio Flanders,2025-05-26,2025,Coringa,São Paulo,São Paulo
João Gomes & Mestrinho & Jota.pê,2025-05-26,2025,Casa Natura Musical,São Paulo,São Paulo
Scalene,2025-05-26,2025,Coringa,São Paulo,São Paulo
Walmir Borges,2025-05-28,2025,SESC Pompéia,São Paulo,São Paulo
John Wayne,2025-05-29,2025,City Lights Music Hall,São Paulo,São Paulo
Manoel Cordeiro,2025-05-29,2025,Casa Rockambole,São Paulo,São Paulo
Evadne,2025-05-29,2025,Red Star Studios,São Paulo,São Paulo
águas,2025-05-29,2025,PORTA,São Paulo,São Paulo
Banana Gun,2025-05-29,2025,La Iglesia Borratxeria,São Paulo,São Paulo
HellLight,2025-05-29,2025,Red Star Studios,São Paulo,São Paulo
Walmir Borges,2025-05-29,2025,SESC Pompéia,São Paulo,São Paulo
WIU,2025-05-29,2025,Audio,São Paulo,São Paulo
Sessa,2025-05-29,2025,Casa de Francisca,São Paulo,São Paulo
Gabriel Ventura,2025-05-29,2025,SESC Vila Mariana,São Paulo,São Paulo
Into The Void,2025-05-29,2025,City Lights Music Hall,São Paulo,São Paulo
City Mall,2025-05-29,2025,Casa Rockambole,São Paulo,São Paulo
CACO/CONCHA,2025-05-29,2025,Casa Rockambole,São Paulo,São Paulo
Jards Macalé & Kiko Dinucci,2025-05-29,2025,SESC Pompéia,São Paulo,São Paulo
Miss May I,2025-05-29,2025,City Lights Music Hall,São Paulo,São Paulo
Maurício Pereira,2025-05-29,2025,Bona Casa de Música,São Paulo,São Paulo
Rancore,2025-05-29,2025,Bar Alto,São Paulo,São Paulo
Coral,2025-05-30,2025,Casa Rockambole,São Paulo,São Paulo
Polako,2025-05-30,2025,TasteIT Restaurante,São Paulo,São Paulo
Dark Witch,2025-05-30,2025,La Iglesia Borratxeria,São Paulo,São Paulo
Joelma,2025-05-30,2025,Centro de Tradições Nordestinas,São Paulo,São Paulo
Counter Time,2025-05-30,2025,Under Pub,São Paulo,São Paulo
Hozier,2025-05-30,2025,Espaço Unimed,São Paulo,São Paulo
As Mercenárias,2025-05-30,2025,Picles Cardeal,São Paulo,São Paulo
Angry,2025-05-30,2025,La Iglesia Borratxeria,São Paulo,São Paulo
Paulão 7 Cordas,2025-05-30,2025,SESC Pompéia,São Paulo,São Paulo
Blades of Steel,2025-05-30,2025,La Iglesia Borratxeria,São Paulo,São Paulo
Supervão,2025-05-30,2025,Casa AlgoHits,São Paulo,São Paulo
Gigi Perez,2025-05-30,2025,Espaço Unimed,São Paulo,São Paulo
The Lemon Twigs,2025-05-30,2025,Cine Joia,São Paulo,São Paulo
Eminence,2025-05-30,2025,SESC Belenzinho,São Paulo,São Paulo
Tropical Nada,2025-05-30,2025,Casa Rockambole,São Paulo,São Paulo
PEDRO SAMPAIO,2025-05-30,2025,Autódromo de Interlagos,São Paulo,São Paulo
Carol Biazin,2025-05-30,2025,SESC Santana,São Paulo,São Paulo
Tim Bernardes,2025-05-30,2025,Cine Joia,São Paulo,São Paulo
Bia Ferreira,2025-05-30,2025,Bona Casa de Música,São Paulo,São Paulo
Matuê,2025-05-30,2025,Autódromo de Interlagos,São Paulo,São Paulo
Jards Macalé & Kiko Dinucci,2025-05-30,2025,SESC Pompéia,São Paulo,São Paulo
Hermeto Pascoal,2025-05-30,2025,SESC Pinheiros,São Paulo,São Paulo
Josyara,2025-05-31,2025,SESC Pompéia,São Paulo,São Paulo
Pense,2025-05-31,2025,Hangar 110,São Paulo,São Paulo
Os Paralamas do Sucesso,2025-05-31,2025,Allianz Parque,São Paulo,São Paulo
Jadsa,2025-05-31,2025,Parque do Ibirapuera,São Paulo,São Paulo
Chuva Negra,2025-05-31,2025,Hangar 110,São Paulo,São Paulo
Exclusive Os Cabides,2025-05-31,2025,Parque do Ibirapuera,São Paulo,São Paulo
Paulão 7 Cordas,2025-05-31,2025,SESC Pompéia,São Paulo,São Paulo
O Teatro Mágico,2025-05-31,2025,Espaço Unimed,São Paulo,São Paulo
Arrigo Barnabé,2025-05-31,2025,Casa Natura Musical,São Paulo,São Paulo
Children of the Beast,2025-05-31,2025,Lata Velha Rock Bar,Osasco,São Paulo
Móveis Coloniais de Acaju,2025-05-31,2025,Espaço Unimed,São Paulo,São Paulo
Obsoletion,2025-05-31,2025,Fenda 315,São Paulo,São Paulo
Dente Canino,2025-05-31,2025,Fenda 315,São Paulo,São Paulo
Dado Villa‐Lobos,2025-05-31,2025,Allianz Parque,São Paulo,São Paulo
Terno Rei,2025-05-31,2025,Parque do Ibirapuera,São Paulo,São Paulo
Turma do Pagode,2025-05-31,2025,Vibra São Paulo,São Paulo,São Paulo
Vera Fischer Era Clubber,2025-05-31,2025,Parque do Ibirapuera,São Paulo,São Paulo
Colina,2025-05-31,2025,Hangar 110,São Paulo,São Paulo
Companhia do Calypso,2025-05-31,2025,Centro de Tradições Nordestinas,São Paulo,São Paulo
Supervão,2025-05-31,2025,Parque do Ibirapuera,São Paulo,São Paulo
Bebê Feio,2025-05-31,2025,Fenda 315,São Paulo,São Paulo
Yago Oproprio,2025-05-31,2025,Parque do Ibirapuera,São Paulo,São Paulo
Maria Beraldo,2025-05-31,2025,Parque do Ibirapuera,São Paulo,São Paulo
Carol Biazin,2025-05-31,2025,SESC Santana,São Paulo,São Paulo
St. Vincent,2025-05-31,2025,Parque do Ibirapuera,São Paulo,São Paulo
Norah Jones,2025-05-31,2025,Parque do Ibirapuera,São Paulo,São Paulo
Tássia Reis,2025-05-31,2025,Parque do Ibirapuera,São Paulo,São Paulo
Hermeto Pascoal,2025-05-31,2025,SESC Pinheiros,São Paulo,São Paulo
Kim Gordon,2025-05-31,2025,Parque do Ibirapuera,São Paulo,São Paulo
Laufey,2025-05-31,2025,Parque do Ibirapuera,São Paulo,São Paulo
Stefanie,2025-05-31,2025,Parque do Ibirapuera,São Paulo,São Paulo
Moor Mother,2025-05-31,2025,Parque do Ibirapuera,São Paulo,São Paulo
The Lemon Twigs,2025-05-31,2025,Parque do Ibirapuera,São Paulo,São Paulo
NervoChaos,2025-06-01,2025,Espaço Nordestino,Arujá,São Paulo
Josyara,2025-06-01,2025,SESC Pompéia,São Paulo,São Paulo
Absu,2025-06-01,2025,Burning House,São Paulo,São Paulo
Skeletal Remains,2025-06-01,2025,Espaço Nordestino,Arujá,São Paulo
Kim Gordon,2025-06-01,2025,Cine Joia,São Paulo,São Paulo
Carol Biazin,2025-06-01,2025,SESC Santana,São Paulo,São Paulo
Moor Mother,2025-06-01,2025,Cine Joia,São Paulo,São Paulo
Roots – Sepultura Tributo,2025-06-01,2025,Jai Club,São Paulo,São Paulo
Counter Time,2025-06-01,2025,Jai Club,São Paulo,São Paulo
Hermeto Pascoal,2025-06-01,2025,SESC Pinheiros,São Paulo,São Paulo
Daniel,2025-06-04,2025,Private Venue,São Paulo,São Paulo
Arto Lindsay,2025-06-05,2025,City Lights Music Hall,São Paulo,São Paulo
Fransia,2025-06-05,2025,Mamãe Bar,São Paulo,São Paulo
Chico César,2025-06-05,2025,SESC Pompéia,São Paulo,São Paulo
Thiago Nassif,2025-06-05,2025,City Lights Music Hall,São Paulo,São Paulo
Rodrigo Teaser,2025-06-05,2025,Tokio Marine Hall,São Paulo,São Paulo
Nilze Carvalho,2025-06-05,2025,SESC Pompéia,São Paulo,São Paulo
estéreo boutique,2025-06-05,2025,Bar Alto,São Paulo,São Paulo
LX,2025-06-05,2025,Crema Club,São Paulo,São Paulo
Atalhos,2025-06-05,2025,Bar Alto,São Paulo,São Paulo
Silvia Machete,2025-06-06,2025,SESC 24 de Maio,São Paulo,São Paulo
Patati e Patatá,2025-06-06,2025,Vale do Anhangabaú,São Paulo,São Paulo
Papangu,2025-06-06,2025,Burning House,São Paulo,São Paulo
Nilze Carvalho,2025-06-06,2025,SESC Pompéia,São Paulo,São Paulo
Ratos de Porão,2025-06-06,2025,SESC Belenzinho,São Paulo,São Paulo
Jé Santiago,2025-06-06,2025,Crema Club,São Paulo,São Paulo
Bode Preto,2025-06-06,2025,La Iglesia Borratxeria,São Paulo,São Paulo
Ivo Meirelles,2025-06-06,2025,Bar Brahma,São Paulo,São Paulo
Pat Thomas & Ebo Taylor,2025-06-06,2025,Casa Natura Musical,São Paulo,São Paulo
Tássia Reis,2025-06-06,2025,SESC Vila Mariana,São Paulo,São Paulo
Arnaldo Antunes,2025-06-06,2025,Sesc 14 Bis,São Paulo,São Paulo
ANAVITÓRIA,2025-06-06,2025,Espaço Unimed,São Paulo,São Paulo
Chico César,2025-06-06,2025,SESC Pompéia,São Paulo,São Paulo
Sujera,2025-06-07,2025,Burning House,São Paulo,São Paulo
Ale Sater,2025-06-07,2025,Pátio Metrô São Bento,São Paulo,São Paulo
boasorte,2025-06-07,2025,Audio,São Paulo,São Paulo
Daniela Araújo,2025-06-07,2025,Vale do Anhangabaú,São Paulo,São Paulo
Pixote,2025-06-07,2025,Vale do Anhangabaú,São Paulo,São Paulo
João Camarero,2025-06-07,2025,SESC Pompéia,São Paulo,São Paulo
Andy Addams,2025-06-07,2025,Tokio Marine Hall,São Paulo,São Paulo
Vitor Kley,2025-06-07,2025,Parque do Ibirapuera,São Paulo,São Paulo
Cachorro Grande,2025-06-07,2025,Parque do Ibirapuera,São Paulo,São Paulo
Los Sebosos Postizos,2025-06-07,2025,SESC Pinheiros,São Paulo,São Paulo
Bicho de Pé,2025-06-07,2025,Vale do Anhangabaú,São Paulo,São Paulo
Ratos de Porão,2025-06-07,2025,SESC Belenzinho,São Paulo,São Paulo
Porno Massacre,2025-06-07,2025,Central Panelaço,São Paulo,São Paulo
Emery,2025-06-07,2025,Audio,São Paulo,São Paulo
Fresno,2025-06-07,2025,Audio,São Paulo,São Paulo
Anberlin,2025-06-07,2025,Audio,São Paulo,São Paulo
Dave Matthews Band,2025-06-07,2025,Parque do Ibirapuera,São Paulo,São Paulo
Margarida Campelo,2025-06-07,2025,Bar Alto,São Paulo,São Paulo
Tonelada,2025-06-07,2025,Burning House,São Paulo,São Paulo
Uganga,2025-06-07,2025,Burning House,São Paulo,São Paulo
John Wayne,2025-06-07,2025,Burning House,São Paulo,São Paulo
Demophobia,2025-06-07,2025,La Iglesia Borratxeria,São Paulo,São Paulo
mae,2025-06-07,2025,Audio,São Paulo,São Paulo
Infamous Glory,2025-06-07,2025,La Iglesia Borratxeria,São Paulo,São Paulo
Hateen,2025-06-07,2025,Audio,São Paulo,São Paulo
Restos de Nada,2025-06-07,2025,Jai Club,São Paulo,São Paulo
Ana Castela,2025-06-07,2025,Espaço de Eventos do Centro Residencial,Arujá,São Paulo
Counter Time,2025-06-07,2025,Batera's Beat Pinheiros,São Paulo,São Paulo
Kiko Loureiro,2025-06-07,2025,Tokio Marine Hall,São Paulo,São Paulo
Arnaldo Antunes,2025-06-07,2025,Sesc 14 Bis,São Paulo,São Paulo
Orthostat,2025-06-07,2025,La Iglesia Borratxeria,São Paulo,São Paulo
Crucifixion,2025-06-07,2025,La Iglesia Borratxeria,São Paulo,São Paulo
Chico César,2025-06-07,2025,SESC Pompéia,São Paulo,São Paulo
Richard Ashcroft,2025-06-07,2025,Parque do Ibirapuera,São Paulo,São Paulo
Irmãs de Pau,2025-06-07,2025,VIP Station,São Paulo,São Paulo
Lixomania,2025-06-07,2025,Jai Club,São Paulo,São Paulo
Worst,2025-06-08,2025,Praça do Morcegão,São Paulo,São Paulo
Mestrinho,2025-06-08,2025,Parque Villa-Lobos,São Paulo,São Paulo
Dave Matthews Band,2025-06-08,2025,Parque do Ibirapuera,São Paulo,São Paulo
Paula Lima,2025-06-08,2025,Parque do Ibirapuera,São Paulo,São Paulo
Odeon,2025-06-08,2025,Praça do Morcegão,São Paulo,São Paulo
Piano Rock,2025-06-08,2025,Vale do Anhangabaú,São Paulo,São Paulo
Dead Fish,2025-06-08,2025,Praça do Morcegão,São Paulo,São Paulo
Mawaca,2025-06-08,2025,Bunkyo,São Paulo,São Paulo
Léo Maia,2025-06-08,2025,Vale do Anhangabaú,São Paulo,São Paulo
Barão Vermelho,2025-06-08,2025,Parque do Ibirapuera,São Paulo,São Paulo
João Camarero,2025-06-08,2025,SESC Pompéia,São Paulo,São Paulo
CRUZADO,2025-06-08,2025,Tarantino Cervejaria,São Paulo,São Paulo
Nando Reis,2025-06-08,2025,Vale do Anhangabaú,São Paulo,São Paulo
Los Sebosos Postizos,2025-06-08,2025,SESC Pinheiros,São Paulo,São Paulo
Jeff Scott Soto,2025-06-08,2025,Bourbon Street Music Club,São Paulo,São Paulo
Alexandre Pires,2025-06-08,2025,Espaço de Eventos do Centro Residencial,Arujá,São Paulo
Inês É Morta,2025-06-08,2025,Tarantino Cervejaria,São Paulo,São Paulo
mae,2025-06-08,2025,Audio,São Paulo,São Paulo
Emery,2025-06-08,2025,Audio,São Paulo,São Paulo
Hateen,2025-06-08,2025,Audio,São Paulo,São Paulo
Arnaldo Antunes,2025-06-08,2025,Sesc 14 Bis,São Paulo,São Paulo
Fresno,2025-06-08,2025,Audio,São Paulo,São Paulo
Morro Fuji,2025-06-08,2025,Audio,São Paulo,São Paulo
Anberlin,2025-06-08,2025,Audio,São Paulo,São Paulo
Richard Ashcroft,2025-06-08,2025,Parque do Ibirapuera,São Paulo,São Paulo
Picanha de Chernobill,2025-06-08,2025,Avenida Paulista,São Paulo,São Paulo
Laylah Arruda,2025-06-08,2025,Tarantino Cervejaria,São Paulo,São Paulo
Escombro,2025-06-10,2025,Jai Club,São Paulo,São Paulo
One True Reason,2025-06-10,2025,Jai Club,São Paulo,São Paulo
Jeff Scott Soto,2025-06-10,2025,Manifesto Bar,São Paulo,São Paulo
Militia,2025-06-10,2025,Jai Club,São Paulo,São Paulo
Jeff Scott Soto,2025-06-11,2025,Malta Rock Bar,São Paulo,São Paulo
Maurício Manieri,2025-06-11,2025,Vibra São Paulo,São Paulo,São Paulo
Jennifer Souza,2025-06-11,2025,PORTA,São Paulo,São Paulo
Clap Your Hands Say Yeah,2025-06-12,2025,Cine Joia,São Paulo,São Paulo
Bruna Mendez,2025-06-12,2025,SESC Vila Mariana,São Paulo,São Paulo
Paira,2025-06-12,2025,Cine Joia,São Paulo,São Paulo
Santíssima Trindade,2025-06-12,2025,Manifesto Bar,São Paulo,São Paulo
Radio Show,2025-06-12,2025,Manifesto Bar,São Paulo,São Paulo
Trachoma,2025-06-13,2025,Red Star Studios,São Paulo,São Paulo
Sugar Kane,2025-06-13,2025,La Iglesia Borratxeria,São Paulo,São Paulo
Podridão,2025-06-13,2025,Red Star Studios,São Paulo,São Paulo
Agrotóxico,2025-06-13,2025,Red Star Studios,São Paulo,São Paulo
Oficina G3,2025-06-13,2025,Carioca Club,São Paulo,São Paulo
Wasted Kidds,2025-06-13,2025,La Iglesia Borratxeria,São Paulo,São Paulo
ROT,2025-06-13,2025,Red Star Studios,São Paulo,São Paulo
Skinner Project,2025-06-13,2025,Casa Lab,São Paulo,São Paulo
Gloria Groove,2025-06-13,2025,Espaço Unimed,São Paulo,São Paulo
OdioSocial,2025-06-13,2025,Red Star Studios,São Paulo,São Paulo
DENNIS,2025-06-13,2025,Espaço de Eventos do Centro Residencial,Arujá,São Paulo
swave,2025-06-13,2025,La Iglesia Borratxeria,São Paulo,São Paulo
Paulo Ricardo,2025-06-13,2025,Teatro Bradesco,São Paulo,São Paulo
Maré Tardia,2025-06-13,2025,PORTA,São Paulo,São Paulo
Counter Time,2025-06-13,2025,Under Pub,São Paulo,São Paulo
Nando Reis,2025-06-13,2025,Vibra São Paulo,São Paulo,São Paulo
Hurtmold,2025-06-13,2025,Casa de Francisca,São Paulo,São Paulo
Black Days,2025-06-13,2025,Casa AlgoHits,São Paulo,São Paulo
Marcos & Belutti,2025-06-14,2025,Suhai Music Hall,São Paulo,São Paulo
Trypophöbia,2025-06-14,2025,Veganaassoo,São Paulo,São Paulo
Innabrain,2025-06-14,2025,Dona Xika,São Paulo,São Paulo
Marcão Britto & Thiago Castanho Charlie Brown Jr.,2025-06-14,2025,Parque do Ibirapuera,São Paulo,São Paulo
Tim “Ripper” Owens,2025-06-14,2025,Galeria Olido,São Paulo,São Paulo
Sixpence None the Richer,2025-06-14,2025,Carioca Club,São Paulo,São Paulo
Black Tie,2025-06-14,2025,Galeria Olido,São Paulo,São Paulo
BAEKHYUN,2025-06-14,2025,Vibra São Paulo,São Paulo,São Paulo
Madgator,2025-06-14,2025,Galeria Olido,São Paulo,São Paulo
Gloria,2025-06-14,2025,Hangar 110,São Paulo,São Paulo
Black Pantera,2025-06-14,2025,Parque do Ibirapuera,São Paulo,São Paulo
Daniel,2025-06-14,2025,Espaço de Eventos do Centro Residencial,Arujá,São Paulo
Children of the Beast,2025-06-14,2025,Budegaalokka,São Paulo,São Paulo
Just Heroes,2025-06-14,2025,Galeria Olido,São Paulo,São Paulo
Larissa Liveir,2025-06-14,2025,Parque do Ibirapuera,São Paulo,São Paulo
Alice Cooper,2025-06-14,2025,Parque do Ibirapuera,São Paulo,São Paulo
Children of the Beast,2025-06-14,2025,Galeria do Rock,São Paulo,São Paulo
Antroforce,2025-06-14,2025,Galeria Olido,São Paulo,São Paulo
Bebê Feio,2025-06-14,2025,Porão da Cerveja,São Paulo,São Paulo
Matu Miranda & Giuliano Eriston,2025-06-14,2025,Odette,São Paulo,São Paulo
Immolation,2025-06-15,2025,Hangar 110,São Paulo,São Paulo
Hurricanes,2025-06-15,2025,Parque do Ibirapuera,São Paulo,São Paulo
Judith Hill,2025-06-15,2025,Parque do Ibirapuera,São Paulo,São Paulo
NervoChaos,2025-06-15,2025,Hangar 110,São Paulo,São Paulo
BAEKHYUN,2025-06-15,2025,Vibra São Paulo,São Paulo,São Paulo
Halleck,2025-06-15,2025,Jai Club,São Paulo,São Paulo
Deep Purple,2025-06-15,2025,Parque do Ibirapuera,São Paulo,São Paulo
Rethink,2025-06-15,2025,Rock Together Studio,São Paulo,São Paulo
Zé Henrique & Gabriel,2025-06-15,2025,Espaço de Eventos do Centro Residencial,Arujá,São Paulo
Salma e Mac,2025-06-16,2025,Coringa,São Paulo,São Paulo
Bruna Mendez,2025-06-16,2025,Coringa,São Paulo,São Paulo
RoB Love,2025-06-16,2025,Coringa,São Paulo,São Paulo
Bratislava,2025-06-16,2025,Coringa,São Paulo,São Paulo
Ocultum,2025-06-18,2025,La Iglesia Borratxeria,São Paulo,São Paulo
Weedevil,2025-06-18,2025,La Iglesia Borratxeria,São Paulo,São Paulo
The Manhattans,2025-06-18,2025,Espaço Unimed,São Paulo,São Paulo
Irmãs de Pau,2025-06-18,2025,Sonora Garden,São Paulo,São Paulo
Lucyfuzz,2025-06-18,2025,La Iglesia Borratxeria,São Paulo,São Paulo
Marina Sena,2025-06-18,2025,Sonora Garden,São Paulo,São Paulo
No Violence,2025-06-18,2025,Cinemateca Brasileira,São Paulo,São Paulo
Ivete Sangalo,2025-06-18,2025,Sonora Garden,São Paulo,São Paulo
Erasy,2025-06-18,2025,La Iglesia Borratxeria,São Paulo,São Paulo
Claudia Leitte,2025-06-18,2025,Sonora Garden,São Paulo,São Paulo
Throw Me to the Wolves,2025-06-19,2025,Burning House,São Paulo,São Paulo
CACO/CONCHA,2025-06-19,2025,Casa Lab,São Paulo,São Paulo
Duo Assad,2025-06-19,2025,Teatro Cultura Artística,São Paulo,São Paulo
Abraskadabra,2025-06-19,2025,Bar Alto,São Paulo,São Paulo
Falamansa,2025-06-19,2025,Centro Esportivo e de Lazer Tietê,São Paulo,São Paulo
Marcos & Belutti,2025-06-19,2025,Centro Esportivo e de Lazer Tietê,São Paulo,São Paulo
Possessed,2025-06-19,2025,Burning House,São Paulo,São Paulo
Belo,2025-06-19,2025,Centro Esportivo e de Lazer Tietê,São Paulo,São Paulo
Violins,2025-06-20,2025,Cine Joia,São Paulo,São Paulo
Letrux,2025-06-20,2025,SESC Pompéia,São Paulo,São Paulo
Black Drawing Chalks,2025-06-20,2025,Cine Joia,São Paulo,São Paulo
Test,2025-06-20,2025,Fffront,São Paulo,São Paulo
Maré Tardia,2025-06-20,2025,La Iglesia Borratxeria,São Paulo,São Paulo
Treva,2025-06-20,2025,La Iglesia Borratxeria,São Paulo,São Paulo
Hellbenders,2025-06-20,2025,Cine Joia,São Paulo,São Paulo
Black Mantra,2025-06-20,2025,SESC Belenzinho,São Paulo,São Paulo
Rodrigo Teaser,2025-06-20,2025,Tokio Marine Hall,São Paulo,São Paulo
MQN,2025-06-20,2025,Cine Joia,São Paulo,São Paulo
Karol Conká,2025-06-21,2025,Vale do Anhangabaú,São Paulo,São Paulo
Agrotóxico,2025-06-21,2025,Hangar 110,São Paulo,São Paulo
Comeback Kid,2025-06-21,2025,Hangar 110,São Paulo,São Paulo
Rubel,2025-06-21,2025,SESC Vila Mariana,São Paulo,São Paulo
Juçara Marçal,2025-06-21,2025,Sesc 14 Bis,São Paulo,São Paulo
Boom Boom Kid,2025-06-21,2025,Centro Cultural Tendal da Lapa,São Paulo,São Paulo
Casuarina,2025-06-21,2025,Movimento Cultural Recreativo Dois-Dois,São Paulo,São Paulo
Michel Teló,2025-06-21,2025,Centro Esportivo e de Lazer Tietê,São Paulo,São Paulo
Jenni Sex,2025-06-21,2025,La Iglesia Borratxeria,São Paulo,São Paulo
Never Look Back,2025-06-21,2025,Hangar 110,São Paulo,São Paulo
Ney Matogrosso,2025-06-21,2025,Vale do Anhangabaú,São Paulo,São Paulo
Urias,2025-06-21,2025,Vale do Anhangabaú,São Paulo,São Paulo
Mahmundi,2025-06-21,2025,Centro Cultural Banco do Brasil,São Paulo,São Paulo
Rodrigo Teaser,2025-06-21,2025,Tokio Marine Hall,São Paulo,São Paulo
Kryour,2025-06-21,2025,Jai Club,São Paulo,São Paulo
Torture Squad,2025-06-21,2025,Red Star Studios,São Paulo,São Paulo
LUDMILLA,2025-06-21,2025,Vale do Anhangabaú,São Paulo,São Paulo
The Casualties,2025-06-21,2025,Hangar 110,São Paulo,São Paulo
Muzak,2025-06-21,2025,La Iglesia Borratxeria,São Paulo,São Paulo
Jair Naves,2025-06-21,2025,Garagem Beleza,São Paulo,São Paulo
Camerata Fukuda,2025-06-22,2025,Teatro Cultura Artística,São Paulo,São Paulo
Rubel,2025-06-22,2025,SESC Vila Mariana,São Paulo,São Paulo
Chuva Negra,2025-06-22,2025,Tarantino Cervejaria,São Paulo,São Paulo
Laboratori,2025-06-22,2025,Tarantino Cervejaria,São Paulo,São Paulo
Bazuros,2025-06-22,2025,Carioca Club,São Paulo,São Paulo
El Majadero,2025-06-22,2025,Carioca Club,São Paulo,São Paulo
Juçara Marçal,2025-06-22,2025,Sesc 14 Bis,São Paulo,São Paulo
Aclive,2025-06-22,2025,Tarantino Cervejaria,São Paulo,São Paulo
Statues On Fire,2025-06-22,2025,Tarantino Cervejaria,São Paulo,São Paulo
LUDMILLA,2025-06-22,2025,Avenida Paulista,São Paulo,São Paulo
Counter Time,2025-06-22,2025,Rock Wheels Kustom Bar,São Paulo,São Paulo
Sangue de Bode,2025-06-22,2025,Tarantino Cervejaria,São Paulo,São Paulo
MC Taya,2025-06-22,2025,Tarantino Cervejaria,São Paulo,São Paulo
Chico Trujillo,2025-06-22,2025,Carioca Club,São Paulo,São Paulo
Molho Negro,2025-06-22,2025,Tarantino Cervejaria,São Paulo,São Paulo
DJ Marky,2025-06-23,2025,Centro Cultural Tendal da Lapa,São Paulo,São Paulo
Tiê,2025-06-23,2025,União Fraterna,São Paulo,São Paulo
Letrux,2025-06-23,2025,União Fraterna,São Paulo,São Paulo
Tom Zé,2025-06-24,2025,Instituto de Estudos Brasileiros,São Paulo,São Paulo
Mahmundi,2025-06-24,2025,Bona Casa de Música,São Paulo,São Paulo
Zimbra,2025-06-24,2025,Teatro Alfredo Mesquita,São Paulo,São Paulo
Terno Rei,2025-06-25,2025,Alpha FM,São Paulo,São Paulo
Os Paralamas do Sucesso,2025-06-25,2025,Auditório Celso Furtado,São Paulo,São Paulo
Terno Rei,2025-06-25,2025,Estúdio 89 Rádio Rock,São Paulo,São Paulo
Gastação Infinita,2025-06-26,2025,Picles Cardeal,São Paulo,São Paulo
"Thalin, Cravinhos, VCR Slim, Pirlo & iloveyoulangelo",2025-06-26,2025,Mundo Pensante,São Paulo,São Paulo
Cidade Dormitório,2025-06-26,2025,Picles Cardeal,São Paulo,São Paulo
Terno Rei,2025-06-26,2025,Cultura Livre,São Paulo,São Paulo
Rodrigo Teaser,2025-06-27,2025,Clube do Minhoca,São Paulo,São Paulo
Children of the Beast,2025-06-27,2025,Morrison Rock Bar,São Paulo,São Paulo
Jaloo,2025-06-27,2025,Audio,São Paulo,São Paulo
Os Amantes,2025-06-27,2025,Audio,São Paulo,São Paulo
Do Culto ao Coma,2025-06-27,2025,La Iglesia Borratxeria,São Paulo,São Paulo
Veludo Oculto,2025-06-27,2025,Shuffle Bar,São Paulo,São Paulo
Biquini,2025-06-27,2025,Tokio Marine Hall,São Paulo,São Paulo
Daniel,2025-06-27,2025,Esporte Clube Pinheiros,São Paulo,São Paulo
Counter Time,2025-06-27,2025,Under Pub,São Paulo,São Paulo
Bruna Lucchesi,2025-06-27,2025,Cine Joia,São Paulo,São Paulo
Aléxia,2025-06-27,2025,La Iglesia Borratxeria,São Paulo,São Paulo
Vanguart,2025-06-27,2025,Cine Joia,São Paulo,São Paulo
Sessa,2025-06-27,2025,Odette,São Paulo,São Paulo
Ave Sangria,2025-06-27,2025,SESC Pompéia,São Paulo,São Paulo
Alok,2025-06-28,2025,Mercado Livre Arena Pacaembu,São Paulo,São Paulo
Terno Rei,2025-06-28,2025,Tokio Marine Hall,São Paulo,São Paulo
Só Pra Contrariar,2025-06-28,2025,Parque do Ibirapuera,São Paulo,São Paulo
Sophia Chablau,2025-06-28,2025,Casa Marx,São Paulo,São Paulo
Pretinho da Serrinha,2025-06-28,2025,Parque do Ibirapuera,São Paulo,São Paulo
Taberna folk,2025-06-28,2025,Burning House,São Paulo,São Paulo
Catto,2025-06-28,2025,Centro Cultural Banco do Brasil,São Paulo,São Paulo
Bonde do Tigrão,2025-06-28,2025,Parque do Ibirapuera,São Paulo,São Paulo
Seu Jorge,2025-06-28,2025,Parque do Ibirapuera,São Paulo,São Paulo
Criolo,2025-06-28,2025,Parque do Ibirapuera,São Paulo,São Paulo
Spok Frevo Orquestra & Lenine,2025-06-28,2025,Parque do Ibirapuera,São Paulo,São Paulo
Throw Me to the Wolves,2025-06-28,2025,Burning House,São Paulo,São Paulo
Ed Motta,2025-06-28,2025,Teatro Bradesco,São Paulo,São Paulo
Ave Sangria,2025-06-28,2025,SESC Pompéia,São Paulo,São Paulo
Matuê,2025-06-28,2025,Mercado Livre Arena Pacaembu,São Paulo,São Paulo
terraplana,2025-06-28,2025,Tokio Marine Hall,São Paulo,São Paulo
Trepanado,2025-06-28,2025,Parque do Ibirapuera,São Paulo,São Paulo
Bhaskar,2025-06-28,2025,Mercado Livre Arena Pacaembu,São Paulo,São Paulo
Leci Brandão,2025-06-28,2025,Parque do Ibirapuera,São Paulo,São Paulo
A Lenda dos Garotos Perdidos,2025-06-28,2025,Burning House,São Paulo,São Paulo
Personas,2025-06-28,2025,Casa Lab,São Paulo,São Paulo
Nando Reis,2025-06-28,2025,Suhai Music Hall,São Paulo,São Paulo
The Beast Experience,2025-06-28,2025,Manifesto Bar,São Paulo,São Paulo
o Bardo e o Banjo,2025-06-28,2025,Burning House,São Paulo,São Paulo
Jovens Ateus,2025-06-28,2025,Fábrica Escalada,São Paulo,São Paulo
Raça Negra,2025-06-29,2025,Parque do Ibirapuera,São Paulo,São Paulo
Samuel Rosa,2025-06-29,2025,Parque do Ibirapuera,São Paulo,São Paulo
Gloria Groove,2025-06-29,2025,Parque do Ibirapuera,São Paulo,São Paulo
Millos Kaiser,2025-06-29,2025,Parque do Ibirapuera,São Paulo,São Paulo
A.K.A. Linda Green,2025-06-29,2025,Parque do Ibirapuera,São Paulo,São Paulo
Saulo Fernandes,2025-06-29,2025,Parque do Ibirapuera,São Paulo,São Paulo
Chameleo,2025-06-29,2025,Centro Cultural São Paulo,São Paulo,São Paulo
Luiz Caldas,2025-06-29,2025,Parque do Ibirapuera,São Paulo,São Paulo
Gabriel o Pensador,2025-06-29,2025,Parque do Ibirapuera,São Paulo,São Paulo
Getúlio Abelha,2025-06-29,2025,Itaú Cultural,São Paulo,São Paulo
Gustavo Bertoni,2025-06-30,2025,Coringa,São Paulo,São Paulo
Sessa,2025-06-30,2025,Coringa,São Paulo,São Paulo
DJ Zegon,2025-06-30,2025,Fatiado Discos e Cervejas Especiais,São Paulo,São Paulo
Natália Matos,2025-06-30,2025,Coringa,São Paulo,São Paulo
Mahmundi,2025-07-01,2025,Bona Casa de Música,São Paulo,São Paulo
Banana Gun,2025-07-03,2025,La Iglesia Borratxeria,São Paulo,São Paulo
YUYU20,2025-07-03,2025,Distrito Anhembi,São Paulo,São Paulo
Kiko Dinucci,2025-07-03,2025,Casa de Francisca,São Paulo,São Paulo
Big Ocean,2025-07-03,2025,Distrito Anhembi,São Paulo,São Paulo
Hyldon,2025-07-04,2025,SESC Bom Retiro,São Paulo,São Paulo
O Último Banco Do Bar,2025-07-04,2025,La Iglesia Borratxeria,São Paulo,São Paulo
POCAH,2025-07-04,2025,Audio,São Paulo,São Paulo
Wenny,2025-07-04,2025,Audio,São Paulo,São Paulo
Cigar Box Band,2025-07-04,2025,La Iglesia Borratxeria,São Paulo,São Paulo
Getúlio Abelha,2025-07-04,2025,City Lights Music Hall,São Paulo,São Paulo
Thiago Pantaleão,2025-07-04,2025,Audio,São Paulo,São Paulo
AKINO with bless4,2025-07-04,2025,Distrito Anhembi,São Paulo,São Paulo
ASH DA HERO,2025-07-04,2025,Distrito Anhembi,São Paulo,São Paulo
Yago Oproprio,2025-07-04,2025,SESC Pompéia,São Paulo,São Paulo
Carne Doce,2025-07-04,2025,SESC Santana,São Paulo,São Paulo
Murrugas,2025-07-04,2025,La Iglesia Borratxeria,São Paulo,São Paulo
Tulipa Ruiz,2025-07-05,2025,Casa de Francisca,São Paulo,São Paulo
SCANDAL,2025-07-05,2025,Distrito Anhembi,São Paulo,São Paulo
Innabrain,2025-07-05,2025,Praças da Cultura,São Paulo,São Paulo
Rico Dalasam,2025-07-05,2025,Casa Natura Musical,São Paulo,São Paulo
Jair Naves,2025-07-05,2025,La Iglesia Borratxeria,São Paulo,São Paulo
águas,2025-07-05,2025,Casa Elefante,São Paulo,São Paulo
Jonnata Doll,2025-07-05,2025,La Iglesia Borratxeria,São Paulo,São Paulo
Albertinho dos Reys,2025-07-05,2025,La Iglesia Borratxeria,São Paulo,São Paulo
Sistah Chilli,2025-07-05,2025,Centro Cultural Butantã,São Paulo,São Paulo
Hyldon,2025-07-05,2025,SESC Bom Retiro,São Paulo,São Paulo
Do As Infinity,2025-07-05,2025,Distrito Anhembi,São Paulo,São Paulo
Eduardo Falaschi,2025-07-05,2025,Tokio Marine Hall,São Paulo,São Paulo
Catto,2025-07-05,2025,SESC Pompéia,São Paulo,São Paulo
Noturnall,2025-07-05,2025,Tokio Marine Hall,São Paulo,São Paulo
Henrique & Juliano,2025-07-05,2025,Allianz Parque,São Paulo,São Paulo
Carne Doce,2025-07-05,2025,SESC Santana,São Paulo,São Paulo
Tuyo,2025-07-05,2025,Cine Joia,São Paulo,São Paulo
seven oops,2025-07-05,2025,Distrito Anhembi,São Paulo,São Paulo
Roy Khan,2025-07-05,2025,Tokio Marine Hall,São Paulo,São Paulo
Banda Eva,2025-07-05,2025,Suhai Music Hall,São Paulo,São Paulo
Faun,2025-07-05,2025,Carioca Club,São Paulo,São Paulo
Auro Control,2025-07-05,2025,Tokio Marine Hall,São Paulo,São Paulo
Bazuros,2025-07-05,2025,Centro Cultural Butantã,São Paulo,São Paulo
MindaRyn,2025-07-06,2025,Distrito Anhembi,São Paulo,São Paulo
Graça Cunha,2025-07-06,2025,Distrito Anhembi,São Paulo,São Paulo
Larissa Tassi,2025-07-06,2025,Distrito Anhembi,São Paulo,São Paulo
Catto,2025-07-06,2025,SESC Pompéia,São Paulo,São Paulo
Carne Doce,2025-07-06,2025,SESC Santana,São Paulo,São Paulo
Sistah Mari,2025-07-06,2025,Carioca Club,São Paulo,São Paulo
Sistah Chilli,2025-07-06,2025,Carioca Club,São Paulo,São Paulo
Don Carlos,2025-07-06,2025,Carioca Club,São Paulo,São Paulo
Leões de Israel,2025-07-06,2025,Carioca Club,São Paulo,São Paulo
Jeff Satur,2025-07-06,2025,Terra SP,São Paulo,São Paulo
Yumi Matsuzawa,2025-07-06,2025,Distrito Anhembi,São Paulo,São Paulo
Sujera,2025-07-06,2025,Praça do Morcegão,São Paulo,São Paulo
Ricardo Cruz,2025-07-06,2025,Distrito Anhembi,São Paulo,São Paulo
Danilo Cutrim,2025-07-06,2025,Casa Rockambole,São Paulo,São Paulo
NIGHTMARE,2025-07-06,2025,Distrito Anhembi,São Paulo,São Paulo
FLOW,2025-07-06,2025,Distrito Anhembi,São Paulo,São Paulo
Rancore,2025-07-06,2025,Praça do Morcegão,São Paulo,São Paulo
Hiroshi Kitadani,2025-07-06,2025,Distrito Anhembi,São Paulo,São Paulo
Innabrain,2025-07-06,2025,Praças da Cultura,São Paulo,São Paulo
Digão,2025-07-06,2025,Praça do Morcegão,São Paulo,São Paulo
STEREO DIVE FOUNDATION,2025-07-06,2025,Distrito Anhembi,São Paulo,São Paulo
Inocentes,2025-07-07,2025,Casa de Cultura Itaim Paulista,São Paulo,São Paulo
KARTAS,2025-07-07,2025,Centro da Terra,São Paulo,São Paulo
Supercombo,2025-07-07,2025,Estação Sé,São Paulo,São Paulo
Punho de Mahin,2025-07-07,2025,Casa de Cultura Itaim Paulista,São Paulo,São Paulo
James Blunt,2025-07-08,2025,Terra SP,São Paulo,São Paulo
Cólera,2025-07-08,2025,Centro Cultural da Juventude Ruth Cardoso,São Paulo,São Paulo
Lixomania,2025-07-08,2025,Centro Cultural da Juventude Ruth Cardoso,São Paulo,São Paulo
Dubdogz,2025-07-09,2025,Parque Burle Marx,São Paulo,São Paulo
Statues On Fire,2025-07-09,2025,Casa de Cultura do Butantã,São Paulo,São Paulo
Sophia Chablau e Uma Enorme Perda de Tempo,2025-07-09,2025,Picles Cardeal,São Paulo,São Paulo
The Mönic,2025-07-09,2025,Casa de Cultura do Butantã,São Paulo,São Paulo
365,2025-07-09,2025,Casa de Cultura do Butantã,São Paulo,São Paulo
Gritando HC,2025-07-10,2025,Casa de Cultura do M'boi Mirim,São Paulo,São Paulo
Walfredo em Busca da Simbiose,2025-07-10,2025,Casa Natura Musical,São Paulo,São Paulo
Daparte,2025-07-10,2025,Casa Natura Musical,São Paulo,São Paulo
As Mercenárias,2025-07-10,2025,Teatro SESC 24 de Maio,São Paulo,São Paulo
CACO/CONCHA,2025-07-10,2025,PORTA,São Paulo,São Paulo
Curumin,2025-07-11,2025,Casa de Francisca,São Paulo,São Paulo
Sophia Chablau e Uma Enorme Perda de Tempo,2025-07-11,2025,Praça do Patriarca,São Paulo,São Paulo
Capote,2025-07-11,2025,Fenda 315,São Paulo,São Paulo
Terno Rei,2025-07-11,2025,Praça do Patriarca,São Paulo,São Paulo
Garotos Podres,2025-07-11,2025,SESC Campo Limpo,São Paulo,São Paulo
Sem Cultura,2025-07-11,2025,La Iglesia Borratxeria,São Paulo,São Paulo
Dead Fish,2025-07-11,2025,Cine Joia,São Paulo,São Paulo
Dorsal Atlântica,2025-07-11,2025,SESC 24 de Maio,São Paulo,São Paulo
Greve,2025-07-11,2025,La Iglesia Borratxeria,São Paulo,São Paulo
Cemitério,2025-07-11,2025,La Iglesia Borratxeria,São Paulo,São Paulo
Roots – Sepultura Tributo,2025-07-11,2025,cafundó,São Paulo,São Paulo
Decadas Infinitas,2025-07-11,2025,A Porta Maldita,São Paulo,São Paulo
Odeon,2025-07-11,2025,Carioca Club,São Paulo,São Paulo
Penpen,2025-07-11,2025,La Iglesia Borratxeria,São Paulo,São Paulo
5 a Seco,2025-07-11,2025,Espaço Unimed,São Paulo,São Paulo
Duquesa,2025-07-11,2025,SESC Bom Retiro,São Paulo,São Paulo
Ventania,2025-07-11,2025,Arena Galeria,São Paulo,São Paulo
Eterna Inocencia,2025-07-11,2025,Cine Joia,São Paulo,São Paulo
Basttardz,2025-07-11,2025,La Iglesia Borratxeria,São Paulo,São Paulo
O Grilo,2025-07-11,2025,Praça do Patriarca,São Paulo,São Paulo
Paura,2025-07-12,2025,Estúdio Páprica,São Paulo,São Paulo
Santo Graal,2025-07-12,2025,La Iglesia Borratxeria,São Paulo,São Paulo
Odradek,2025-07-12,2025,Casa Natura Musical,São Paulo,São Paulo
Sonic Dash,2025-07-12,2025,Gaz Burning Bar,São Paulo,São Paulo
Phobia Punk Rockers,2025-07-12,2025,Fenda 315,São Paulo,São Paulo
Innabrain,2025-07-12,2025,COHAB 2,São Paulo,São Paulo
Kronos Quartet,2025-07-12,2025,Teatro Cultura Artística,São Paulo,São Paulo
Luiza Lian,2025-07-12,2025,Bona Casa de Música,São Paulo,São Paulo
Kaya Conky,2025-07-12,2025,Paraíso Morumbi,São Paulo,São Paulo
Menores Atos,2025-07-12,2025,Casa Natura Musical,São Paulo,São Paulo
Katy da Voz e as Abusadas,2025-07-12,2025,Paraíso Morumbi,São Paulo,São Paulo
EQ,2025-07-12,2025,Veneno Live Radio,São Paulo,São Paulo
Bazuros,2025-07-12,2025,Fenda 315,São Paulo,São Paulo
CRAS,2025-07-12,2025,Estúdio Páprica,São Paulo,São Paulo
Bebê Feio,2025-07-12,2025,Estúdio Páprica,São Paulo,São Paulo
Garage Fuzz,2025-07-12,2025,Praça do Patriarca,São Paulo,São Paulo
Ratos de Porão,2025-07-12,2025,Centro Cultural Tendal da Lapa,São Paulo,São Paulo
EQ,2025-07-12,2025,Teatro Mars,São Paulo,São Paulo
Pense,2025-07-12,2025,Praça do Patriarca,São Paulo,São Paulo
The Troops of Doom,2025-07-12,2025,SESC Belenzinho,São Paulo,São Paulo
Escombro,2025-07-12,2025,Burning House,São Paulo,São Paulo
Varanda,2025-07-12,2025,SESC Belenzinho,São Paulo,São Paulo
Plebe Rude,2025-07-12,2025,Praça do Patriarca,São Paulo,São Paulo
Maestrick,2025-07-12,2025,La Iglesia Borratxeria,São Paulo,São Paulo
Jay B,2025-07-12,2025,Cine Joia,São Paulo,São Paulo
Dance of Days,2025-07-12,2025,SESC 24 de Maio,São Paulo,São Paulo
Arize,2025-07-12,2025,Centro Cultural Tendal da Lapa,São Paulo,São Paulo
Moptop,2025-07-12,2025,Augusta Hi-Fi,São Paulo,São Paulo
Militia,2025-07-12,2025,Burning House,São Paulo,São Paulo
Tiny Moving Parts,2025-07-13,2025,Casa Rockambole,São Paulo,São Paulo
Frejat,2025-07-13,2025,Vale do Anhangabaú,São Paulo,São Paulo
Jay Vaquer,2025-07-13,2025,Blue Note São Paulo,São Paulo,São Paulo
Massacration,2025-07-13,2025,Cine Joia,São Paulo,São Paulo
Angra,2025-07-13,2025,Vale do Anhangabaú,São Paulo,São Paulo
Supercombo,2025-07-13,2025,Vale do Anhangabaú,São Paulo,São Paulo
Matanza Ritual,2025-07-13,2025,Vale do Anhangabaú,São Paulo,São Paulo
Nameless Gods,2025-07-13,2025,La Iglesia Borratxeria,São Paulo,São Paulo
Eterna Inocencia,2025-07-13,2025,Centro Cultural Tendal da Lapa,São Paulo,São Paulo
Rockfun Legends,2025-07-13,2025,Vale do Anhangabaú,São Paulo,São Paulo
Kvlto,2025-07-13,2025,La Iglesia Borratxeria,São Paulo,São Paulo
Moptop,2025-07-13,2025,Augusta Hi-Fi,São Paulo,São Paulo
Chão de Taco,2025-07-13,2025,Casa Rockambole,São Paulo,São Paulo
Zero to Hero,2025-07-13,2025,Casa Rockambole,São Paulo,São Paulo
Contra o Céu,2025-07-13,2025,Centro Cultural Tendal da Lapa,São Paulo,São Paulo
The Satan’s Scourge,2025-07-13,2025,La Iglesia Borratxeria,São Paulo,São Paulo
Jazztick,2025-07-13,2025,Fabrique Club,São Paulo,São Paulo
Ratos de Porão,2025-07-13,2025,SESC Interlagos,São Paulo,São Paulo
Capital Inicial,2025-07-13,2025,Autódromo de Interlagos,São Paulo,São Paulo
O Inimigo,2025-07-13,2025,Centro Cultural Tendal da Lapa,São Paulo,São Paulo
Kronos Quartet,2025-07-13,2025,Teatro Cultura Artística,São Paulo,São Paulo
BK,2025-07-13,2025,Espaço Unimed,São Paulo,São Paulo
Children of the Beast,2025-07-13,2025,Mister Rock Bar,São Paulo,São Paulo
terraplana,2025-07-13,2025,SESC Itaquera,São Paulo,São Paulo
Glover.,2025-07-13,2025,Casa Rockambole,São Paulo,São Paulo
Dance of Days,2025-07-13,2025,SESC 24 de Maio,São Paulo,São Paulo
Justabeli,2025-07-13,2025,La Iglesia Borratxeria,São Paulo,São Paulo
Vanessa da Mata,2025-07-14,2025,Teatro Bradesco,São Paulo,São Paulo
KARTAS,2025-07-14,2025,Centro da Terra,São Paulo,São Paulo
Kisser Clan,2025-07-15,2025,SESC Consolação,São Paulo,São Paulo
WONHO,2025-07-15,2025,Terra SP,São Paulo,São Paulo
Bufo Borealis,2025-07-15,2025,Blue Note São Paulo,São Paulo,São Paulo
Laksmi,2025-07-16,2025,Whiplash Bar,São Paulo,São Paulo
Natiruts,2025-07-18,2025,Allianz Parque,São Paulo,São Paulo
Penélope,2025-07-18,2025,SESC Pinheiros,São Paulo,São Paulo
Zé Ibarra,2025-07-18,2025,SESC Pompéia,São Paulo,São Paulo
Luis Mariutti,2025-07-18,2025,La Iglesia Borratxeria,São Paulo,São Paulo
Surra,2025-07-18,2025,SESC Belenzinho,São Paulo,São Paulo
Adorável Clichê,2025-07-18,2025,Casa Natura Musical,São Paulo,São Paulo
Medjay,2025-07-18,2025,La Iglesia Borratxeria,São Paulo,São Paulo
Cidade Dormitório,2025-07-18,2025,Auditório MIS,São Paulo,São Paulo
Don L,2025-07-18,2025,Audio,São Paulo,São Paulo
PLUMA,2025-07-18,2025,Casa Natura Musical,São Paulo,São Paulo
Biquini,2025-07-18,2025,Clube Atlético Juventus,São Paulo,São Paulo
Fossilization,2025-07-19,2025,La Iglesia Borratxeria,São Paulo,São Paulo
Ratos de Porão,2025-07-19,2025,Casa de Cultura do Butantã,São Paulo,São Paulo
Natiruts,2025-07-19,2025,Allianz Parque,São Paulo,São Paulo
Urias,2025-07-19,2025,Sonora Garden,São Paulo,São Paulo
D.E.R.,2025-07-19,2025,La Iglesia Borratxeria,São Paulo,São Paulo
Caixão,2025-07-19,2025,SESC Belenzinho,São Paulo,São Paulo
Esteban Tavares,2025-07-19,2025,Casa Rockambole,São Paulo,São Paulo
Benito di Paula,2025-07-19,2025,Teatro Bradesco,São Paulo,São Paulo
Vanessa da Mata,2025-07-19,2025,Vibra São Paulo,São Paulo,São Paulo
Equinoxious,2025-07-19,2025,Madame Underground Club,São Paulo,São Paulo
Julia Mestre,2025-07-19,2025,SESC Belenzinho,São Paulo,São Paulo
Lia Clark,2025-07-19,2025,Sonora Garden,São Paulo,São Paulo
Kaya Conky,2025-07-19,2025,Sonora Garden,São Paulo,São Paulo
Ebony,2025-07-19,2025,Sonora Garden,São Paulo,São Paulo
Duquesa,2025-07-19,2025,Sonora Garden,São Paulo,São Paulo
Azymuth,2025-07-19,2025,Blue Note São Paulo,São Paulo,São Paulo
DJ Blakes,2025-07-19,2025,Sonora Garden,São Paulo,São Paulo
Coyote Bad Trip,2025-07-19,2025,La Iglesia Borratxeria,São Paulo,São Paulo
Bebé Salvego,2025-07-20,2025,SESC Consolação,São Paulo,São Paulo
Caixão,2025-07-20,2025,VIP Station,São Paulo,São Paulo
Allen Key,2025-07-20,2025,VIP Station,São Paulo,São Paulo
Crypta,2025-07-20,2025,VIP Station,São Paulo,São Paulo
Paradise in Flames,2025-07-20,2025,VIP Station,São Paulo,São Paulo
Guilherme de Sá,2025-07-20,2025,Carioca Club,São Paulo,São Paulo
School of Rock,2025-07-20,2025,VIP Station,São Paulo,São Paulo
KARTAS,2025-07-21,2025,Centro da Terra,São Paulo,São Paulo
Cidade Dormitório,2025-07-21,2025,A Porta Maldita,São Paulo,São Paulo
lllucas,2025-07-21,2025,A Porta Maldita,São Paulo,São Paulo
Colde,2025-07-22,2025,Cine Joia,São Paulo,São Paulo
Grigory Sokolov,2025-07-23,2025,Teatro Cultura Artística,São Paulo,São Paulo
Forgotten Boys,2025-07-23,2025,Centro Cultural São Paulo,São Paulo,São Paulo
Horace Green,2025-07-24,2025,Bar Alto,São Paulo,São Paulo
Grigory Sokolov,2025-07-24,2025,Teatro Cultura Artística,São Paulo,São Paulo
Marcela Lucatelli,2025-07-24,2025,Casa de Francisca,São Paulo,São Paulo
Korzus,2025-07-24,2025,SESC Avenida Paulista,São Paulo,São Paulo
Tuyo,2025-07-25,2025,TasteIT Restaurante,São Paulo,São Paulo
Feitiço Oculto,2025-07-25,2025,La Iglesia Borratxeria,São Paulo,São Paulo
Antroforce,2025-07-25,2025,La Iglesia Borratxeria,São Paulo,São Paulo
Megahertz,2025-07-25,2025,La Iglesia Borratxeria,São Paulo,São Paulo
Thalma de Freitas,2025-07-25,2025,Casa Natura Musical,São Paulo,São Paulo
Assucena,2025-07-25,2025,SESC Belenzinho,São Paulo,São Paulo
Maiara & Maraisa,2025-07-25,2025,Centro de Tradições Nordestinas,São Paulo,São Paulo
Rogério Skylab,2025-07-25,2025,SESC Avenida Paulista,São Paulo,São Paulo
Bazuros,2025-07-26,2025,PORTA,São Paulo,São Paulo
Rogério Skylab,2025-07-26,2025,SESC Avenida Paulista,São Paulo,São Paulo
Trypophöbia,2025-07-26,2025,Rock Together Studio,São Paulo,São Paulo
Metaklapa,2025-07-26,2025,Teatro Eva Wilma,São Paulo,São Paulo
Stomp,2025-07-26,2025,La Iglesia Borratxeria,São Paulo,São Paulo
MEE,2025-07-26,2025,La Iglesia Borratxeria,São Paulo,São Paulo
Lupe de Lupe,2025-07-26,2025,SESC Belenzinho,São Paulo,São Paulo
Negra Li,2025-07-26,2025,Casa Natura Musical,São Paulo,São Paulo
Ato Fálico,2025-07-26,2025,La Iglesia Borratxeria,São Paulo,São Paulo
Punho de Mahin,2025-07-26,2025,Burning House,São Paulo,São Paulo
Mãeana,2025-07-26,2025,Parque Villa-Lobos,São Paulo,São Paulo
Toni Garrido,2025-07-26,2025,Parque Villa-Lobos,São Paulo,São Paulo
Infamous Glory,2025-07-26,2025,Burning House,São Paulo,São Paulo
Arize,2025-07-26,2025,La Iglesia Borratxeria,São Paulo,São Paulo
Nyahbinghi Dub,2025-07-26,2025,Parque do Trote,São Paulo,São Paulo
D.E.R.,2025-07-26,2025,Burning House,São Paulo,São Paulo
Nando Reis,2025-07-26,2025,Parque Villa-Lobos,São Paulo,São Paulo
Lila Iké,2025-07-26,2025,Parque do Trote,São Paulo,São Paulo
Feminine HiFi,2025-07-26,2025,Parque do Trote,São Paulo,São Paulo
DEAFKIDS,2025-07-26,2025,Burning House,São Paulo,São Paulo
João Gordo,2025-07-26,2025,SESC Santo Amaro,São Paulo,São Paulo
Beatles para Crianças,2025-07-26,2025,Parque Villa-Lobos,São Paulo,São Paulo
Maria Gadú,2025-07-26,2025,Parque Villa-Lobos,São Paulo,São Paulo
Roberta Sá,2025-07-26,2025,Parque Villa-Lobos,São Paulo,São Paulo
Pentacrostic,2025-07-26,2025,Jai Club,São Paulo,São Paulo
Amen Corner,2025-07-26,2025,Jai Club,São Paulo,São Paulo
Yellowman,2025-07-26,2025,City Lights Music Hall,São Paulo,São Paulo
David Hubbard,2025-07-26,2025,Parque do Trote,São Paulo,São Paulo
Mundo Bita,2025-07-26,2025,Parque Villa-Lobos,São Paulo,São Paulo
Point of No Return,2025-07-27,2025,Centro Cultural Tendal da Lapa,São Paulo,São Paulo
Yellowman,2025-07-27,2025,Parque do Trote,São Paulo,São Paulo
Belford,2025-07-27,2025,La Iglesia Borratxeria,São Paulo,São Paulo
Além do Caos,2025-07-27,2025,La Iglesia Borratxeria,São Paulo,São Paulo
PaulinC,2025-07-27,2025,La Iglesia Borratxeria,São Paulo,São Paulo
Gibaa,2025-07-27,2025,La Iglesia Borratxeria,São Paulo,São Paulo
Innabrain,2025-07-27,2025,Espaço Fim da Rua,São Paulo,São Paulo
Bride,2025-07-27,2025,VIP Station,São Paulo,São Paulo
Dead Fish,2025-07-27,2025,SESC Itaquera,São Paulo,São Paulo
Futuro,2025-07-27,2025,Centro Cultural Tendal da Lapa,São Paulo,São Paulo
Cätärro,2025-07-27,2025,Centro Cultural Tendal da Lapa,São Paulo,São Paulo
Yuzo Koshiro,2025-07-27,2025,Transamerica Expo Center,São Paulo,São Paulo
Noiado,2025-07-27,2025,Centro Cultural Tendal da Lapa,São Paulo,São Paulo
The Renegades of Punk,2025-07-27,2025,Centro Cultural Tendal da Lapa,São Paulo,São Paulo
Narnia,2025-07-27,2025,VIP Station,São Paulo,São Paulo
Sistah Mari,2025-07-27,2025,Parque do Trote,São Paulo,São Paulo
Yellow P,2025-07-27,2025,Parque do Trote,São Paulo,São Paulo
Pabllo Vittar,2025-07-27,2025,Funilaria,São Paulo,São Paulo
Marina Peralta,2025-07-27,2025,Parque do Trote,São Paulo,São Paulo
Stryper,2025-07-27,2025,VIP Station,São Paulo,São Paulo
Paira,2025-07-28,2025,SESC Carmo,São Paulo,São Paulo
KARTAS,2025-07-28,2025,Centro da Terra,São Paulo,São Paulo
NYO Jazz,2025-07-29,2025,Teatro Cultura Artística,São Paulo,São Paulo
Dora Morelenbaum,2025-07-31,2025,Casa Rockambole,São Paulo,São Paulo
Samara Joy,2025-07-31,2025,Teatro Cultura Artística,São Paulo,São Paulo
Zander,2025-07-31,2025,SESC Carmo,São Paulo,São Paulo
Iorigun,2025-07-31,2025,Casa Rockambole,São Paulo,São Paulo
Vera Fischer Era Clubber,2025-07-31,2025,Casa Rockambole,São Paulo,São Paulo
CACO/CONCHA,2025-07-31,2025,Casa Rockambole,São Paulo,São Paulo
Bong Brigade,2025-08-01,2025,Red Star Studios,São Paulo,São Paulo
Budah,2025-08-01,2025,Mercado Livre Arena Pacaembu,São Paulo,São Paulo
Guaribas,2025-08-01,2025,Casa Rockambole,São Paulo,São Paulo
Febre90s,2025-08-01,2025,Cine Joia,São Paulo,São Paulo
Deekapz,2025-08-01,2025,Cine Joia,São Paulo,São Paulo
Ivan Lins,2025-08-01,2025,Tokio Marine Hall,São Paulo,São Paulo
Gastação Infinita,2025-08-01,2025,Casa Rockambole,São Paulo,São Paulo
Tuyo,2025-08-01,2025,SESC Belenzinho,São Paulo,São Paulo
BRAZA,2025-08-01,2025,Audio,São Paulo,São Paulo
Veigh,2025-08-01,2025,Mercado Livre Arena Pacaembu,São Paulo,São Paulo
BNegão,2025-08-01,2025,Casa Natura Musical,São Paulo,São Paulo
Maria Beraldo,2025-08-01,2025,SESC Belenzinho,São Paulo,São Paulo
Tangolo Mangos,2025-08-01,2025,Casa Rockambole,São Paulo,São Paulo
Matuê,2025-08-01,2025,Mercado Livre Arena Pacaembu,São Paulo,São Paulo
Dinamite Club,2025-08-02,2025,Casa AlgoHits,São Paulo,São Paulo
Vingança Suprema,2025-08-02,2025,La Iglesia Borratxeria,São Paulo,São Paulo
Ancesttor,2025-08-02,2025,La Iglesia Borratxeria,São Paulo,São Paulo
Nicolas Jaar,2025-08-02,2025,Arca Spaces,São Paulo,São Paulo
Lagum,2025-08-02,2025,Espaço Unimed,São Paulo,São Paulo
Pense,2025-08-02,2025,SESC Belenzinho,São Paulo,São Paulo
Zero to Hero,2025-08-02,2025,Casa AlgoHits,São Paulo,São Paulo
Evil Sense,2025-08-02,2025,La Iglesia Borratxeria,São Paulo,São Paulo
MAGIC!,2025-08-02,2025,Tokio Marine Hall,São Paulo,São Paulo
Thrash Terror,2025-08-02,2025,La Iglesia Borratxeria,São Paulo,São Paulo
Ela Minus,2025-08-02,2025,Arca Spaces,São Paulo,São Paulo
VØID IT,2025-08-03,2025,La Iglesia Borratxeria,São Paulo,São Paulo
Vanguart,2025-08-03,2025,SESC Pinheiros,São Paulo,São Paulo
Subcut,2025-08-03,2025,La Iglesia Borratxeria,São Paulo,São Paulo
Trypophöbia,2025-08-03,2025,La Iglesia Borratxeria,São Paulo,São Paulo
A.R.D.,2025-08-03,2025,Centro Cultural Tendal da Lapa,São Paulo,São Paulo
Fogo Cruzado,2025-08-03,2025,Centro Cultural Tendal da Lapa,São Paulo,São Paulo
Sub Existência,2025-08-03,2025,Centro Cultural Tendal da Lapa,São Paulo,São Paulo
Menstruação Anarquika,2025-08-03,2025,Centro Cultural Tendal da Lapa,São Paulo,São Paulo
Viper,2025-08-03,2025,Tokio Marine Hall,São Paulo,São Paulo
Azeroth,2025-08-03,2025,Tokio Marine Hall,São Paulo,São Paulo
Angra,2025-08-03,2025,Tokio Marine Hall,São Paulo,São Paulo
Deadly Surgery,2025-08-03,2025,La Iglesia Borratxeria,São Paulo,São Paulo
DZK,2025-08-03,2025,Centro Cultural Tendal da Lapa,São Paulo,São Paulo
Marcela Lucatelli,2025-08-04,2025,Instituto Cultural da Dinamarca,São Paulo,São Paulo
DJ Marlboro,2025-08-05,2025,Matiz,São Paulo,São Paulo
Marcela Lucatelli,2025-08-05,2025,Centro da Terra,São Paulo,São Paulo
Sanha,2025-08-05,2025,Terra SP,São Paulo,São Paulo
Peroli,2025-08-05,2025,Matiz,São Paulo,São Paulo
Marcela Lucatelli,2025-08-06,2025,Mamãe Bar,São Paulo,São Paulo
Concertgebouw Kamerorkest,2025-08-06,2025,Teatro Cultura Artística,São Paulo,São Paulo
Lio,2025-08-06,2025,Blue Note São Paulo,São Paulo,São Paulo
Rincon Sapiência,2025-08-06,2025,Galpão Cultural Elza Soares,São Paulo,São Paulo
Dead Fish,2025-08-07,2025,Galpão Cultural Elza Soares,São Paulo,São Paulo
Cor dos Olhos,2025-08-07,2025,City Lights Music Hall,São Paulo,São Paulo
E a Terra Nunca Me Pareceu Tão Distante,2025-08-07,2025,Bar Alto,São Paulo,São Paulo
Bazuros,2025-08-07,2025,A Porta Maldita,São Paulo,São Paulo
Pato Fu,2025-08-07,2025,Audio,São Paulo,São Paulo
BNegão,2025-08-07,2025,Sesc 14 Bis,São Paulo,São Paulo
Rocco,2025-08-08,2025,La Iglesia Borratxeria,São Paulo,São Paulo
Arnaldo Antunes,2025-08-08,2025,Cine Joia,São Paulo,São Paulo
DJ Hum,2025-08-08,2025,Patuá Discos,São Paulo,São Paulo
Luca Argel,2025-08-08,2025,Casa Odette,São Paulo,São Paulo
Uiu Lopes,2025-08-08,2025,Casa Rockambole,São Paulo,São Paulo
FBC,2025-08-08,2025,Audio,São Paulo,São Paulo
Celacanto,2025-08-08,2025,Casa Rockambole,São Paulo,São Paulo
Bazuros,2025-08-08,2025,Sol Y Sombra,São Paulo,São Paulo
Claudia Manzo,2025-08-08,2025,Sol Y Sombra,São Paulo,São Paulo
Made in Brazil,2025-08-08,2025,SESC Pompéia,São Paulo,São Paulo
Sujera,2025-08-08,2025,La Iglesia Borratxeria,São Paulo,São Paulo
Antrvm,2025-08-08,2025,La Iglesia Borratxeria,São Paulo,São Paulo
Nina Maia,2025-08-08,2025,Cine Joia,São Paulo,São Paulo
Revengin,2025-08-08,2025,Arena Galeria,São Paulo,São Paulo
A Última Theoria,2025-08-08,2025,La Iglesia Borratxeria,São Paulo,São Paulo
Martina Berther,2025-08-08,2025,Biblioteca Municipal Mário de Andrade,São Paulo,São Paulo
Maria Beraldo,2025-08-08,2025,Biblioteca Municipal Mário de Andrade,São Paulo,São Paulo
Unholy Harakiri,2025-08-08,2025,La Iglesia Borratxeria,São Paulo,São Paulo
Podeserdesligado,2025-08-08,2025,Biblioteca Municipal Mário de Andrade,São Paulo,São Paulo
Papangu,2025-08-08,2025,SESC Belenzinho,São Paulo,São Paulo
Negro Leo,2025-08-08,2025,Biblioteca Municipal Mário de Andrade,São Paulo,São Paulo
Cachorro Grande,2025-08-08,2025,Carioca Club,São Paulo,São Paulo
Cephalotripsy,2025-08-08,2025,House of Legends,São Paulo,São Paulo
BNegão,2025-08-08,2025,Sesc 14 Bis,São Paulo,São Paulo
The Rose,2025-08-08,2025,Vibra São Paulo,São Paulo,São Paulo
Midgard,2025-08-08,2025,Arena Galeria,São Paulo,São Paulo
Motores Malditos,2025-08-08,2025,Arena Galeria,São Paulo,São Paulo
Massive Power,2025-08-09,2025,Hangar 110,São Paulo,São Paulo
Titãs,2025-08-09,2025,Clube Atlético Juventus,São Paulo,São Paulo
Inferno Nuclear,2025-08-09,2025,Hangar 110,São Paulo,São Paulo
Raí Saia Rodada,2025-08-09,2025,Neo Química Arena,São Paulo,São Paulo
Anthares,2025-08-09,2025,Hangar 110,São Paulo,São Paulo
Angelique,2025-08-09,2025,La Iglesia Borratxeria,São Paulo,São Paulo
Os Paralamas do Sucesso,2025-08-09,2025,Clube Atlético Juventus,São Paulo,São Paulo
Miragem,2025-08-09,2025,Bar Alto,São Paulo,São Paulo
Black Pantera,2025-08-09,2025,Gaz Burning Bar,São Paulo,São Paulo
Six Sex,2025-08-09,2025,Zig Studio,São Paulo,São Paulo
Armadilha,2025-08-09,2025,Hangar 110,São Paulo,São Paulo
Calcinha Preta,2025-08-09,2025,Neo Química Arena,São Paulo,São Paulo
Núbia,2025-08-09,2025,SESC Belenzinho,São Paulo,São Paulo
JUNIOR,2025-08-09,2025,Tokio Marine Hall,São Paulo,São Paulo
Revengin,2025-08-09,2025,La Iglesia Borratxeria,São Paulo,São Paulo
Counter Time,2025-08-09,2025,Tchê Café,São Paulo,São Paulo
Made in Brazil,2025-08-09,2025,SESC Pompéia,São Paulo,São Paulo
Violeta García,2025-08-09,2025,Biblioteca Municipal Mário de Andrade,São Paulo,São Paulo
Burkhard Beins,2025-08-09,2025,Biblioteca Municipal Mário de Andrade,São Paulo,São Paulo
Lupe de Lupe,2025-08-09,2025,Casa AlgoHits,São Paulo,São Paulo
Far Beyond Empire,2025-08-09,2025,La Iglesia Borratxeria,São Paulo,São Paulo
Audréanne Filion,2025-08-09,2025,Biblioteca Municipal Mário de Andrade,São Paulo,São Paulo
Emilio Gordoa,2025-08-09,2025,Biblioteca Municipal Mário de Andrade,São Paulo,São Paulo
Juçara Marçal,2025-08-09,2025,Biblioteca Municipal Mário de Andrade,São Paulo,São Paulo
Céu,2025-08-09,2025,SESC Bom Retiro,São Paulo,São Paulo
Unha Pintada,2025-08-09,2025,Neo Química Arena,São Paulo,São Paulo
Mickey Junkies,2025-08-10,2025,Fenda 315,São Paulo,São Paulo
Inês É Morta,2025-08-10,2025,Fenda 315,São Paulo,São Paulo
Carol Biazin,2025-08-10,2025,Audio,São Paulo,São Paulo
Freak Fur,2025-08-10,2025,Fabrique Club,São Paulo,São Paulo
7Seconds,2025-08-10,2025,Fabrique Club,São Paulo,São Paulo
O Inimigo,2025-08-10,2025,Fabrique Club,São Paulo,São Paulo
Yohan Kisser,2025-08-12,2025,Centro Cultural Vila Itororó,São Paulo,São Paulo
Kiko Dinucci,2025-08-12,2025,Bona Casa de Música,São Paulo,São Paulo
Sessa,2025-08-12,2025,Centro da Terra,São Paulo,São Paulo
Ado,2025-08-13,2025,Espaço Unimed,São Paulo,São Paulo
Mel Lisboa,2025-08-13,2025,Blue Note São Paulo,São Paulo,São Paulo
Mel Lisboa,2025-08-13,2025,Blue Note São Paulo,São Paulo,São Paulo
Mauro Henrique,2025-08-13,2025,Teatro Gamaro,São Paulo,São Paulo
Flor Gil,2025-08-14,2025,Bona Casa de Música,São Paulo,São Paulo
Alice Caymmi,2025-08-14,2025,Casa Natura Musical,São Paulo,São Paulo
Stefano Moliner,2025-08-14,2025,La Iglesia Borratxeria,São Paulo,São Paulo
The Living Tombstone,2025-08-14,2025,Cine Joia,São Paulo,São Paulo
UAU,2025-08-15,2025,Studio Stage,São Paulo,São Paulo
"Thalin, Cravinhos, VCR Slim, Pirlo & iloveyoulangelo",2025-08-15,2025,Sol Y Sombra,São Paulo,São Paulo
CPM 22,2025-08-15,2025,Suhai Music Hall,São Paulo,São Paulo
Takeru,2025-08-15,2025,La Iglesia Borratxeria,São Paulo,São Paulo
Jovens Ateus,2025-08-15,2025,Auditório MIS,São Paulo,São Paulo
Tetê Espíndola,2025-08-15,2025,Casa Natura Musical,São Paulo,São Paulo
Sonic Dash,2025-08-15,2025,Depois do Fim do Mundo Estúdio,São Paulo,São Paulo
Luedji Luna,2025-08-15,2025,Espaço Unimed,São Paulo,São Paulo
Philippe Seabra,2025-08-15,2025,London Calling Discos,São Paulo,São Paulo
Deekapz,2025-08-15,2025,CENTRAL,São Paulo,São Paulo
Kylie Minogue,2025-08-15,2025,Ginásio do Ibirapuera,São Paulo,São Paulo
Jodie Harsh,2025-08-15,2025,Zig Studio,São Paulo,São Paulo
Counter Time,2025-08-15,2025,House of Legends,São Paulo,São Paulo
Rotentix,2025-08-16,2025,Hangar 110,São Paulo,São Paulo
Zumbis do Espaço,2025-08-16,2025,Hangar 110,São Paulo,São Paulo
Gustavo Mioto,2025-08-16,2025,Estacionamento do Anhembi,São Paulo,São Paulo
Belo,2025-08-16,2025,Estacionamento do Anhembi,São Paulo,São Paulo
Rejeitados,2025-08-16,2025,Central Panelaço,São Paulo,São Paulo
Crise,2025-08-16,2025,Casa AlgoHits,São Paulo,São Paulo
Bruno Berle,2025-08-16,2025,Cine Joia,São Paulo,São Paulo
Stela,2025-08-16,2025,Casa AlgoHits,São Paulo,São Paulo
Roberto Carlos,2025-08-16,2025,Tokio Marine Hall,São Paulo,São Paulo
Tamashiro Chiharu,2025-08-16,2025,Clube Círculo Militar,São Paulo,São Paulo
Mahmundi,2025-08-16,2025,Sesc 14 Bis,São Paulo,São Paulo
Ana Castela,2025-08-16,2025,Arena Anhembi,São Paulo,São Paulo
Chuva Negra,2025-08-16,2025,Fenda 315,São Paulo,São Paulo
Hardgainer,2025-08-16,2025,A Porta Maldita,São Paulo,São Paulo
Joker,2025-08-16,2025,A Porta Maldita,São Paulo,São Paulo
Tagua Tagua,2025-08-16,2025,Cine Joia,São Paulo,São Paulo
Children of the Beast,2025-08-16,2025,Mister Rock Bar,São Paulo,São Paulo
Luan Santana,2025-08-16,2025,Arena Anhembi,São Paulo,São Paulo
Bebê Feio,2025-08-16,2025,A Porta Maldita,São Paulo,São Paulo
Ana Gabriela,2025-08-16,2025,Casa Natura Musical,São Paulo,São Paulo
Sílvia Pérez Cruz & Salvador Sobral,2025-08-16,2025,SESC Vila Mariana,São Paulo,São Paulo
Don L,2025-08-16,2025,Centro Cultural Tendal da Lapa,São Paulo,São Paulo
Deb and The Mentals,2025-08-16,2025,Casa AlgoHits,São Paulo,São Paulo
Redneck,2025-08-17,2025,La Iglesia Borratxeria,São Paulo,São Paulo
Sílvia Pérez Cruz & Salvador Sobral,2025-08-17,2025,SESC Vila Mariana,São Paulo,São Paulo
Warbound,2025-08-17,2025,La Iglesia Borratxeria,São Paulo,São Paulo
Emmercia,2025-08-17,2025,Carioca Club,São Paulo,São Paulo
The Devil Wears Prada,2025-08-17,2025,Carioca Club,São Paulo,São Paulo
Ney Matogrosso,2025-08-17,2025,Tokio Marine Hall,São Paulo,São Paulo
Mahmundi,2025-08-17,2025,Sesc 14 Bis,São Paulo,São Paulo
Eu Serei a Hiena,2025-08-17,2025,SESC Belenzinho,São Paulo,São Paulo
Funeral Blood,2025-08-17,2025,La Iglesia Borratxeria,São Paulo,São Paulo
Gilberto Gil,2025-08-17,2025,Auditório Ibirapuera,São Paulo,São Paulo
Gabriel Bianco,2025-08-19,2025,Teatro Cultura Artística,São Paulo,São Paulo
Mahmundi,2025-08-19,2025,Bona Casa de Música,São Paulo,São Paulo
Gilberto Gil,2025-08-20,2025,Auditório Ibirapuera,São Paulo,São Paulo
Maz,2025-08-20,2025,Auditório Ibirapuera,São Paulo,São Paulo
Mel Lisboa,2025-08-20,2025,Blue Note São Paulo,São Paulo,São Paulo
Kaya,2025-08-20,2025,Cine Joia,São Paulo,São Paulo
Agnes Nunes,2025-08-20,2025,Auditório Ibirapuera,São Paulo,São Paulo
MAYOHK,2025-08-20,2025,Cine Joia,São Paulo,São Paulo
Schwarz Stein,2025-08-20,2025,Cine Joia,São Paulo,São Paulo
Tyla,2025-08-20,2025,Auditório Ibirapuera,São Paulo,São Paulo
Anitta,2025-08-20,2025,Auditório Ibirapuera,São Paulo,São Paulo
Bruna Mendez,2025-08-20,2025,Bona Casa de Música,São Paulo,São Paulo
Közi,2025-08-20,2025,Cine Joia,São Paulo,São Paulo
Thundercat,2025-08-20,2025,Audio,São Paulo,São Paulo
Mel Lisboa,2025-08-20,2025,Blue Note São Paulo,São Paulo,São Paulo
Pietá,2025-08-21,2025,Casa de Francisca,São Paulo,São Paulo
Tulipa Ruiz,2025-08-21,2025,SESC Bom Retiro,São Paulo,São Paulo
Kiko Dinucci,2025-08-21,2025,PORTA,São Paulo,São Paulo
Theo Bial,2025-08-21,2025,Galeria Borogodó,São Paulo,São Paulo
Ivete Sangalo,2025-08-21,2025,Suhai Music Hall,São Paulo,São Paulo
Jambu,2025-08-21,2025,Picles Cardeal,São Paulo,São Paulo
The Aristocrats,2025-08-22,2025,Carioca Club,São Paulo,São Paulo
Karina Buhr,2025-08-22,2025,SESC Pompéia,São Paulo,São Paulo
Izzy Gordon,2025-08-22,2025,Patuá Discos,São Paulo,São Paulo
António Zambujo & Maria Luiza Jobim,2025-08-22,2025,Blue Note São Paulo,São Paulo,São Paulo
Flageladör,2025-08-22,2025,La Iglesia Borratxeria,São Paulo,São Paulo
Tatá Aeroplano,2025-08-22,2025,Casa de Francisca,São Paulo,São Paulo
Tropical Nada,2025-08-22,2025,SESC Avenida Paulista,São Paulo,São Paulo
Menores Atos,2025-08-22,2025,SESC Belenzinho,São Paulo,São Paulo
Thramentor,2025-08-22,2025,La Iglesia Borratxeria,São Paulo,São Paulo
Marina Lima,2025-08-22,2025,Casa Natura Musical,São Paulo,São Paulo
Blackened Entrails,2025-08-22,2025,La Iglesia Borratxeria,São Paulo,São Paulo
Ethel Hunter,2025-08-22,2025,La Iglesia Borratxeria,São Paulo,São Paulo
Orquestra Brasileira de Música Jamaicana,2025-08-23,2025,Audio,São Paulo,São Paulo
Marina Lima,2025-08-23,2025,Casa Natura Musical,São Paulo,São Paulo
Victor & Leo,2025-08-23,2025,Allianz Parque,São Paulo,São Paulo
Harmada,2025-08-23,2025,A Porta Maldita,São Paulo,São Paulo
Fernando Malt,2025-08-23,2025,Folk Cafés,São Paulo,São Paulo
Terminal Guadalupe,2025-08-23,2025,A Porta Maldita,São Paulo,São Paulo
Chitãozinho & Xororó,2025-08-23,2025,Allianz Parque,São Paulo,São Paulo
Posthumous,2025-08-23,2025,La Iglesia Borratxeria,São Paulo,São Paulo
Meu Funeral,2025-08-23,2025,Burning House,São Paulo,São Paulo
águas,2025-08-23,2025,Garagem Beleza,São Paulo,São Paulo
Samuca e a Selva,2025-08-23,2025,Audio,São Paulo,São Paulo
Cradle of Filth,2025-08-23,2025,Carioca Club,São Paulo,São Paulo
Hateen,2025-08-23,2025,Hangar 110,São Paulo,São Paulo
Vivian Benford,2025-08-23,2025,A Porta Maldita,São Paulo,São Paulo
Kocytus,2025-08-23,2025,Red Star Studios,São Paulo,São Paulo
Daniel,2025-08-23,2025,Allianz Parque,São Paulo,São Paulo
Sugar Kane,2025-08-23,2025,Hangar 110,São Paulo,São Paulo
Tellus Terror,2025-08-23,2025,Carioca Club,São Paulo,São Paulo
Ana Carolina,2025-08-23,2025,Espaço Unimed,São Paulo,São Paulo
Zezé Di Camargo & Luciano,2025-08-23,2025,Allianz Parque,São Paulo,São Paulo
The Mönic,2025-08-23,2025,Burning House,São Paulo,São Paulo
Roots – Sepultura Tributo,2025-08-23,2025,Cerveja Azul Music Bar,São Paulo,São Paulo
Lupa,2025-08-23,2025,Burning House,São Paulo,São Paulo
Leonardo,2025-08-23,2025,Allianz Parque,São Paulo,São Paulo
UADA,2025-08-23,2025,Carioca Club,São Paulo,São Paulo
Paulo Miklos,2025-08-24,2025,Galeria Olido,São Paulo,São Paulo
Rico Dalasam,2025-08-24,2025,Centro Cultural São Paulo,São Paulo,São Paulo
Vespas Mandarinas,2025-08-24,2025,Galeria Olido,São Paulo,São Paulo
Testament,2025-08-24,2025,Carioca Club,São Paulo,São Paulo
Drenna,2025-08-24,2025,Galeria Olido,São Paulo,São Paulo
Rockfun Legends,2025-08-24,2025,Galeria Olido,São Paulo,São Paulo
Renato Braz,2025-08-24,2025,Sesc 14 Bis,São Paulo,São Paulo
Seafret,2025-08-24,2025,Cine Joia,São Paulo,São Paulo
Genocídio,2025-08-24,2025,Carioca Club,São Paulo,São Paulo
Anna Geniushene,2025-08-24,2025,Teatro Cultura Artística,São Paulo,São Paulo
Chica Barreto,2025-08-24,2025,SESC Belenzinho,São Paulo,São Paulo
Skinner Project,2025-08-24,2025,Red Star Studios,São Paulo,São Paulo
Boogarins,2025-08-25,2025,SESC Carmo,São Paulo,São Paulo
Dilsinho,2025-08-26,2025,Globo TV Studios,São Paulo,São Paulo
Playing for Change,2025-08-26,2025,Globo TV Studios,São Paulo,São Paulo
The Veronicas,2025-08-26,2025,Cine Joia,São Paulo,São Paulo
Trupe Chá de Boldo,2025-08-27,2025,Teatro Popular do SESI,São Paulo,São Paulo
Gwendoline,2025-08-27,2025,Redoma,São Paulo,São Paulo
Adriana Calcanhotto,2025-08-28,2025,Caixa Cultural São Paulo,São Paulo,São Paulo
Cidade Dormitório,2025-08-28,2025,SESC Vila Mariana,São Paulo,São Paulo
A Olívia,2025-08-28,2025,Goela,São Paulo,São Paulo
Polako,2025-08-29,2025,La Iglesia Borratxeria,São Paulo,São Paulo
Yellowcard,2025-08-29,2025,Tokio Marine Hall,São Paulo,São Paulo
Carlos,2025-08-29,2025,La Iglesia Borratxeria,São Paulo,São Paulo
Catto,2025-08-29,2025,Casa Natura Musical,São Paulo,São Paulo
Dona Olga,2025-08-29,2025,La Iglesia Borratxeria,São Paulo,São Paulo
Saulo Duarte,2025-08-29,2025,Mundo Pensante,São Paulo,São Paulo
Adriana Calcanhotto,2025-08-29,2025,Caixa Cultural São Paulo,São Paulo,São Paulo
Neck Deep,2025-08-29,2025,Tokio Marine Hall,São Paulo,São Paulo
Bufo Borealis,2025-08-29,2025,Centro Cultural São Paulo,São Paulo,São Paulo
Story of the Year,2025-08-29,2025,Tokio Marine Hall,São Paulo,São Paulo
CACO/CONCHA,2025-08-29,2025,Mamãe Bar,São Paulo,São Paulo
Danny Bond,2025-08-29,2025,Audio,São Paulo,São Paulo
Bittencourt Project,2025-08-29,2025,SESC Avenida Paulista,São Paulo,São Paulo
Exclusive Os Cabides,2025-08-29,2025,SESC Belenzinho,São Paulo,São Paulo
Arrigo Barnabé,2025-08-29,2025,Arena Galeria,São Paulo,São Paulo
Tagore,2025-08-30,2025,Casa Rockambole,São Paulo,São Paulo
Supervão,2025-08-30,2025,Casa Rockambole,São Paulo,São Paulo
BIKE,2025-08-30,2025,A Porta Maldita,São Paulo,São Paulo
Firefriend,2025-08-30,2025,A Porta Maldita,São Paulo,São Paulo
Jovem Dionisio,2025-08-30,2025,SESC Belenzinho,São Paulo,São Paulo
Forgotten Boys,2025-08-30,2025,Casa Rockambole,São Paulo,São Paulo
Loomer,2025-08-30,2025,A Porta Maldita,São Paulo,São Paulo
Fake Number,2025-08-30,2025,Allianz Parque,São Paulo,São Paulo
Trypophöbia,2025-08-30,2025,Rock Together Studio,São Paulo,São Paulo
Desalmado,2025-08-30,2025,La Iglesia Borratxeria,São Paulo,São Paulo
Revenge of Kiss,2025-08-30,2025,Woodstock Rock Store,São Paulo,São Paulo
Eclipse,2025-08-30,2025,Manifesto Bar,São Paulo,São Paulo
Yellowcard,2025-08-30,2025,Allianz Parque,São Paulo,São Paulo
Gloria,2025-08-30,2025,Allianz Parque,São Paulo,São Paulo
Macaco Bong,2025-08-30,2025,Casa Rockambole,São Paulo,São Paulo
White Canyon & The 5th Dimension,2025-08-30,2025,A Porta Maldita,São Paulo,São Paulo
Johnny Gioeli,2025-08-30,2025,Manifesto Bar,São Paulo,São Paulo
Fresno,2025-08-30,2025,Allianz Parque,São Paulo,São Paulo
Dead Fish,2025-08-30,2025,Allianz Parque,São Paulo,São Paulo
Selvageria,2025-08-30,2025,Arena Galeria,São Paulo,São Paulo
Gueersh,2025-08-30,2025,Garagem Beleza,São Paulo,São Paulo
Militia,2025-08-30,2025,La Iglesia Borratxeria,São Paulo,São Paulo
Story of the Year,2025-08-30,2025,Allianz Parque,São Paulo,São Paulo
Forfun,2025-08-30,2025,Allianz Parque,São Paulo,São Paulo
Fall Out Boy,2025-08-30,2025,Allianz Parque,São Paulo,São Paulo
Adrenaustera,2025-08-30,2025,La Iglesia Borratxeria,São Paulo,São Paulo
Good Charlotte,2025-08-30,2025,Allianz Parque,São Paulo,São Paulo
Faces of Death,2025-08-30,2025,Arena Galeria,São Paulo,São Paulo
The Outrageous Gravedäncer,2025-08-30,2025,Arena Galeria,São Paulo,São Paulo
Xucro,2025-08-30,2025,La Iglesia Borratxeria,São Paulo,São Paulo
The Veronicas,2025-08-30,2025,Allianz Parque,São Paulo,São Paulo
Neck Deep,2025-08-30,2025,Allianz Parque,São Paulo,São Paulo
The Maine,2025-08-30,2025,Allianz Parque,São Paulo,São Paulo
Supergrass,2025-08-31,2025,Terra SP,São Paulo,São Paulo
Quinta Travessa,2025-08-31,2025,Burning House,São Paulo,São Paulo
De Carne e Flor,2025-08-31,2025,La Iglesia Borratxeria,São Paulo,São Paulo
The 69 Eyes,2025-08-31,2025,Fabrique Club,São Paulo,São Paulo
Fim da Aurora,2025-08-31,2025,La Iglesia Borratxeria,São Paulo,São Paulo
Edgard Scandurra,2025-08-31,2025,Terra SP,São Paulo,São Paulo
A Olívia,2025-08-31,2025,Jai Club,São Paulo,São Paulo
Jambu,2025-08-31,2025,Jai Club,São Paulo,São Paulo
Rosa de Saron,2025-08-31,2025,Carioca Club,São Paulo,São Paulo
Yago Oproprio,2025-08-31,2025,SESC Itaquera,São Paulo,São Paulo
When I Die,2025-08-31,2025,Fabrique Club,São Paulo,São Paulo
Magnólia,2025-08-31,2025,La Iglesia Borratxeria,São Paulo,São Paulo
Crânula,2025-08-31,2025,Burning House,São Paulo,São Paulo
Ana Carolina,2025-08-31,2025,Espaço Unimed,São Paulo,São Paulo
Joyce Alane,2025-08-31,2025,Caixa Cultural São Paulo,São Paulo,São Paulo
The Central Scrutinizer Band,2025-08-31,2025,Tarantino Cervejaria,São Paulo,São Paulo
Dakhmas,2025-08-31,2025,Burning House,São Paulo,São Paulo
Laboratori,2025-08-31,2025,Burning House,São Paulo,São Paulo
Id Est Me,2025-08-31,2025,Burning House,São Paulo,São Paulo
Sujera,2025-08-31,2025,Burning House,São Paulo,São Paulo
Ogna,2025-08-31,2025,La Iglesia Borratxeria,São Paulo,São Paulo
Drama,2025-08-31,2025,Fabrique Club,São Paulo,São Paulo
Pat Metheny,2025-09-01,2025,Teatro Cultura Artística,São Paulo,São Paulo
Pat Metheny,2025-09-02,2025,Teatro Cultura Artística,São Paulo,São Paulo
Pitty,2025-09-03,2025,Audio,São Paulo,São Paulo
Tim Bernardes,2025-09-03,2025,Auditório Simón Bolívar - Memorial da América Latina,São Paulo,São Paulo
Tim Bernardes,2025-09-03,2025,Auditório Simón Bolívar - Memorial da América Latina,São Paulo,São Paulo
Tim Bernardes,2025-09-04,2025,Auditório Simón Bolívar - Memorial da América Latina,São Paulo,São Paulo
Roupa Nova,2025-09-04,2025,Teatro Bradesco,São Paulo,São Paulo
Final Dose,2025-09-04,2025,La Iglesia Borratxeria,São Paulo,São Paulo
Dor,2025-09-04,2025,La Iglesia Borratxeria,São Paulo,São Paulo
Tim Bernardes,2025-09-04,2025,Auditório Simón Bolívar - Memorial da América Latina,São Paulo,São Paulo
Vazio,2025-09-04,2025,La Iglesia Borratxeria,São Paulo,São Paulo
Teenage Fanclub,2025-09-04,2025,Cine Joia,São Paulo,São Paulo
Necrofilosophy,2025-09-05,2025,VIP Station,São Paulo,São Paulo
Kamasi Washington,2025-09-05,2025,Neo Química Arena,São Paulo,São Paulo
Drogma,2025-09-05,2025,Mamãe Bar,São Paulo,São Paulo
Cidade Negra,2025-09-05,2025,Memorial da América Latina,São Paulo,São Paulo
Liniker,2025-09-05,2025,Memorial da América Latina,São Paulo,São Paulo
Glote,2025-09-05,2025,Mamãe Bar,São Paulo,São Paulo
Tássia Reis,2025-09-05,2025,Memorial da América Latina,São Paulo,São Paulo
Ana Castela,2025-09-05,2025,Neo Química Arena,São Paulo,São Paulo
Mahmundi,2025-09-05,2025,Casa 1,São Paulo,São Paulo
KAROL G,2025-09-05,2025,Neo Química Arena,São Paulo,São Paulo
Tim Bernardes,2025-09-05,2025,Memorial da América Latina,São Paulo,São Paulo
Marrakesh ʘ,2025-09-05,2025,Bar Alto,São Paulo,São Paulo
Skin Culture,2025-09-05,2025,La Iglesia Borratxeria,São Paulo,São Paulo
Pato Fu,2025-09-05,2025,SESC Belenzinho,São Paulo,São Paulo
Hate Moss,2025-09-05,2025,SESC Avenida Paulista,São Paulo,São Paulo
Primordial,2025-09-05,2025,VIP Station,São Paulo,São Paulo
Thulcandra,2025-09-05,2025,VIP Station,São Paulo,São Paulo
The Crown,2025-09-05,2025,VIP Station,São Paulo,São Paulo
Marina Sena,2025-09-05,2025,Memorial da América Latina,São Paulo,São Paulo
Vermin Womb,2025-09-05,2025,VIP Station,São Paulo,São Paulo
Nanase Aikawa,2025-09-05,2025,Blue Note São Paulo,São Paulo,São Paulo
NVLO,2025-09-05,2025,La Iglesia Borratxeria,São Paulo,São Paulo
Agalloch,2025-09-05,2025,VIP Station,São Paulo,São Paulo
CONTORTION,2025-09-05,2025,La Iglesia Borratxeria,São Paulo,São Paulo
Echo Upstairs,2025-09-05,2025,Mamãe Bar,São Paulo,São Paulo
Necromantticu,2025-09-06,2025,VIP Station,São Paulo,São Paulo
Chico César & Zeca Baleiro,2025-09-06,2025,Tokio Marine Hall,São Paulo,São Paulo
Zé Ibarra,2025-09-06,2025,Memorial da América Latina,São Paulo,São Paulo
Bittersweethearts,2025-09-06,2025,Fffront,São Paulo,São Paulo
MC Hariel,2025-09-06,2025,Autódromo de Interlagos,São Paulo,São Paulo
Imprecation,2025-09-06,2025,VIP Station,São Paulo,São Paulo
Primitive Man,2025-09-06,2025,VIP Station,São Paulo,São Paulo
Budah,2025-09-06,2025,Autódromo de Interlagos,São Paulo,São Paulo
Leprovore,2025-09-06,2025,VIP Station,São Paulo,São Paulo
Joabe Reis,2025-09-06,2025,Autódromo de Interlagos,São Paulo,São Paulo
Pato Fu,2025-09-06,2025,SESC Belenzinho,São Paulo,São Paulo
BAD LUV,2025-09-06,2025,Casa Rockambole,São Paulo,São Paulo
Terno Rei,2025-09-06,2025,Memorial da América Latina,São Paulo,São Paulo
Nando Reis e Chico Chico,2025-09-06,2025,Memorial da América Latina,São Paulo,São Paulo
Innabrain,2025-09-06,2025,Gaz Burning Bar,São Paulo,São Paulo
Decadas Infinitas,2025-09-06,2025,Casa Lab,São Paulo,São Paulo
CLUBZ,2025-09-06,2025,SESC Avenida Paulista,São Paulo,São Paulo
Apto Vulgar,2025-09-06,2025,La Iglesia Borratxeria,São Paulo,São Paulo
Travis Scott,2025-09-06,2025,Audio,São Paulo,São Paulo
Ultimato,2025-09-06,2025,La Iglesia Borratxeria,São Paulo,São Paulo
Projeto Mayhem,2025-09-06,2025,La Iglesia Borratxeria,São Paulo,São Paulo
Black Alien,2025-09-06,2025,Memorial da América Latina,São Paulo,São Paulo
Tom Zé,2025-09-06,2025,Salão Nobre da Câmara Municipal de São Paulo,São Paulo,São Paulo
Terceira Guerra,2025-09-06,2025,La Iglesia Borratxeria,São Paulo,São Paulo
Mateus Aleluia,2025-09-06,2025,Pavilhão da Bienal,São Paulo,São Paulo
MC Cabelinho,2025-09-06,2025,Autódromo de Interlagos,São Paulo,São Paulo
Arthur Verocai,2025-09-06,2025,Auditório Simón Bolívar - Memorial da América Latina,São Paulo,São Paulo
1349,2025-09-06,2025,VIP Station,São Paulo,São Paulo
Overkill,2025-09-06,2025,VIP Station,São Paulo,São Paulo
Incantation,2025-09-06,2025,VIP Station,São Paulo,São Paulo
Macabre,2025-09-06,2025,VIP Station,São Paulo,São Paulo
Almir Sater,2025-09-06,2025,Vibra São Paulo,São Paulo,São Paulo
Teto,2025-09-06,2025,Autódromo de Interlagos,São Paulo,São Paulo
Burna Boy,2025-09-06,2025,Autódromo de Interlagos,São Paulo,São Paulo
Lauryn Hill,2025-09-06,2025,Autódromo de Interlagos,São Paulo,São Paulo
Karol Conká,2025-09-06,2025,Autódromo de Interlagos,São Paulo,São Paulo
Coven,2025-09-06,2025,VIP Station,São Paulo,São Paulo
Féretro,2025-09-06,2025,VIP Station,São Paulo,São Paulo
Silva,2025-09-06,2025,Memorial da América Latina,São Paulo,São Paulo
Tasha & Tracie,2025-09-06,2025,Autódromo de Interlagos,São Paulo,São Paulo
Matuê,2025-09-06,2025,Autódromo de Interlagos,São Paulo,São Paulo
Travis Scott,2025-09-06,2025,Autódromo de Interlagos,São Paulo,São Paulo
Paira,2025-09-06,2025,SESC Belenzinho,São Paulo,São Paulo
Borges,2025-09-06,2025,Autódromo de Interlagos,São Paulo,São Paulo
Filipe Ret,2025-09-06,2025,Autódromo de Interlagos,São Paulo,São Paulo
Don Toliver,2025-09-06,2025,Autódromo de Interlagos,São Paulo,São Paulo
Bütcher,2025-09-06,2025,VIP Station,São Paulo,São Paulo
Wisdom,2025-09-06,2025,VIP Station,São Paulo,São Paulo
Stacey Ryan,2025-09-06,2025,Autódromo de Interlagos,São Paulo,São Paulo
WIU,2025-09-06,2025,Autódromo de Interlagos,São Paulo,São Paulo
Darkened Nocturn Slaughtercult,2025-09-07,2025,VIP Station,São Paulo,São Paulo
Morkalv,2025-09-07,2025,VIP Station,São Paulo,São Paulo
Inocentes,2025-09-07,2025,Autódromo de Interlagos,São Paulo,São Paulo
Tyranex,2025-09-07,2025,VIP Station,São Paulo,São Paulo
Pitty,2025-09-07,2025,Autódromo de Interlagos,São Paulo,São Paulo
Bruce Dickinson,2025-09-07,2025,Autódromo de Interlagos,São Paulo,São Paulo
Supla,2025-09-07,2025,Autódromo de Interlagos,São Paulo,São Paulo
Escafism,2025-09-07,2025,VIP Station,São Paulo,São Paulo
MC Taya,2025-09-07,2025,Autódromo de Interlagos,São Paulo,São Paulo
Final Dose,2025-09-07,2025,Fffront,São Paulo,São Paulo
BK,2025-09-07,2025,Memorial da América Latina,São Paulo,São Paulo
Green Day,2025-09-07,2025,Autódromo de Interlagos,São Paulo,São Paulo
Hotelo,2025-09-07,2025,Autódromo de Interlagos,São Paulo,São Paulo
Caetano Veloso,2025-09-07,2025,Memorial da América Latina,São Paulo,São Paulo
Anelis Assumpção,2025-09-07,2025,Memorial da América Latina,São Paulo,São Paulo
Dora Morelenbaum,2025-09-07,2025,Memorial da América Latina,São Paulo,São Paulo
Mateus Aleluia,2025-09-07,2025,Auditório Simón Bolívar - Memorial da América Latina,São Paulo,São Paulo
Josyara,2025-09-07,2025,Memorial da América Latina,São Paulo,São Paulo
NervoChaos,2025-09-07,2025,VIP Station,São Paulo,São Paulo
Pele Fria,2025-09-07,2025,Fffront,São Paulo,São Paulo
Obsoletion,2025-09-07,2025,Fffront,São Paulo,São Paulo
Punho de Mahin,2025-09-07,2025,Autódromo de Interlagos,São Paulo,São Paulo
Trypophöbia,2025-09-07,2025,Rock Together Studio,São Paulo,São Paulo
Tihuana,2025-09-07,2025,Autódromo de Interlagos,São Paulo,São Paulo
Cat Dealers,2025-09-07,2025,Autódromo de Interlagos,São Paulo,São Paulo
MEE,2025-09-07,2025,Fffront,São Paulo,São Paulo
Big,2025-09-07,2025,Fffront,São Paulo,São Paulo
Power Trip,2025-09-07,2025,VIP Station,São Paulo,São Paulo
Bad Religion,2025-09-07,2025,Autódromo de Interlagos,São Paulo,São Paulo
Varathron,2025-09-07,2025,VIP Station,São Paulo,São Paulo
The Mist,2025-09-07,2025,VIP Station,São Paulo,São Paulo
Candlemass,2025-09-07,2025,VIP Station,São Paulo,São Paulo
Triptykon,2025-09-07,2025,VIP Station,São Paulo,São Paulo
Ready to be Hated,2025-09-07,2025,Autódromo de Interlagos,São Paulo,São Paulo
Lupe de Lupe,2025-09-07,2025,La Iglesia Borratxeria,São Paulo,São Paulo
Karina Buhr,2025-09-07,2025,Autódromo de Interlagos,São Paulo,São Paulo
Black Pantera,2025-09-07,2025,Autódromo de Interlagos,São Paulo,São Paulo
Ash Nazg Búrz,2025-09-07,2025,VIP Station,São Paulo,São Paulo
CPM 22,2025-09-07,2025,Autódromo de Interlagos,São Paulo,São Paulo
Capital Inicial,2025-09-07,2025,Autódromo de Interlagos,São Paulo,São Paulo
The Mönic,2025-09-07,2025,Autódromo de Interlagos,São Paulo,São Paulo
Orthostat,2025-09-07,2025,VIP Station,São Paulo,São Paulo
Iggy Pop,2025-09-07,2025,Autódromo de Interlagos,São Paulo,São Paulo
Kamasi Washington,2025-09-07,2025,Autódromo de Interlagos,São Paulo,São Paulo
Igor Cavalera,2025-09-09,2025,Bar Alto,São Paulo,São Paulo
Cancer,2025-09-10,2025,Burning House,São Paulo,São Paulo
Pestilence,2025-09-10,2025,Burning House,São Paulo,São Paulo
Podridão,2025-09-10,2025,Burning House,São Paulo,São Paulo
Kiko Dinucci,2025-09-11,2025,Mamãe Bar,São Paulo,São Paulo
Quasar,2025-09-11,2025,Casa Rockambole,São Paulo,São Paulo
Bella e o Olmo da Bruxa,2025-09-11,2025,Casa Rockambole,São Paulo,São Paulo
DEAFKIDS + Test,2025-09-11,2025,SESC Avenida Paulista,São Paulo,São Paulo
Ebony,2025-09-11,2025,Casa Natura Musical,São Paulo,São Paulo
Roupa Nova,2025-09-12,2025,Clube Atlético Juventus,São Paulo,São Paulo
DUDA BEAT,2025-09-12,2025,Autódromo de Interlagos,São Paulo,São Paulo
CeeLo Green,2025-09-12,2025,Autódromo de Interlagos,São Paulo,São Paulo
DEAFKIDS + Test,2025-09-12,2025,SESC Avenida Paulista,São Paulo,São Paulo
Rejeitados,2025-09-12,2025,CRUSP - Conjunto Residencial da USP,São Paulo,São Paulo
Di Ferrero,2025-09-12,2025,Autódromo de Interlagos,São Paulo,São Paulo
Timo Tolkki,2025-09-12,2025,Galeria do Rock,São Paulo,São Paulo
Jason Derulo,2025-09-12,2025,Autódromo de Interlagos,São Paulo,São Paulo
Luísa Sonza,2025-09-12,2025,Autódromo de Interlagos,São Paulo,São Paulo
Personas,2025-09-12,2025,La Iglesia Borratxeria,São Paulo,São Paulo
Colina,2025-09-12,2025,La Iglesia Borratxeria,São Paulo,São Paulo
Arnaldo Antunes,2025-09-12,2025,SESC Pinheiros,São Paulo,São Paulo
PEDRO SAMPAIO,2025-09-12,2025,Autódromo de Interlagos,São Paulo,São Paulo
Leo Gandelman,2025-09-12,2025,Autódromo de Interlagos,São Paulo,São Paulo
Clarea,2025-09-12,2025,La Iglesia Borratxeria,São Paulo,São Paulo
Trypophöbia,2025-09-12,2025,Niá,São Paulo,São Paulo
Labirinto Crânio,2025-09-12,2025,CRUSP - Conjunto Residencial da USP,São Paulo,São Paulo
Gus Monsanto,2025-09-12,2025,Galeria do Rock,São Paulo,São Paulo
SKÁLD,2025-09-12,2025,Carioca Club,São Paulo,São Paulo
Guantas,2025-09-12,2025,Sol Y Sombra,São Paulo,São Paulo
Vulcano,2025-09-12,2025,Burning House,São Paulo,São Paulo
CONTORTION,2025-09-12,2025,Burning House,São Paulo,São Paulo
Jota Quest,2025-09-12,2025,Autódromo de Interlagos,São Paulo,São Paulo
Kayblack,2025-09-12,2025,Autódromo de Interlagos,São Paulo,São Paulo
Malevolent Creation,2025-09-12,2025,Burning House,São Paulo,São Paulo
Tz da Coronel,2025-09-12,2025,Autódromo de Interlagos,São Paulo,São Paulo
Duquesa,2025-09-12,2025,Autódromo de Interlagos,São Paulo,São Paulo
Krisiun,2025-09-12,2025,Burning House,São Paulo,São Paulo
Backstreet Boys,2025-09-12,2025,Autódromo de Interlagos,São Paulo,São Paulo
Snarky Puppy,2025-09-12,2025,Autódromo de Interlagos,São Paulo,São Paulo
Brô MC's,2025-09-12,2025,Autódromo de Interlagos,São Paulo,São Paulo
Dubdogz,2025-09-12,2025,Autódromo de Interlagos,São Paulo,São Paulo
Kaê Guajajara,2025-09-12,2025,Autódromo de Interlagos,São Paulo,São Paulo
Danny D. Weirdo,2025-09-13,2025,La Iglesia Borratxeria,São Paulo,São Paulo
Johnny Hooker,2025-09-13,2025,SESC Vila Mariana,São Paulo,São Paulo
Arnaldo Antunes,2025-09-13,2025,SESC Pinheiros,São Paulo,São Paulo
Jessie J,2025-09-13,2025,Autódromo de Interlagos,São Paulo,São Paulo
Odeon,2025-09-13,2025,Hangar 110,São Paulo,São Paulo
D.E.R.,2025-09-13,2025,La Iglesia Borratxeria,São Paulo,São Paulo
Black Days,2025-09-13,2025,Hangar 110,São Paulo,São Paulo
Emmercia,2025-09-13,2025,Hangar 110,São Paulo,São Paulo
Natasha Bedingfield,2025-09-13,2025,Autódromo de Interlagos,São Paulo,São Paulo
Mariah Carey,2025-09-13,2025,Autódromo de Interlagos,São Paulo,São Paulo
Ivete Sangalo,2025-09-13,2025,Autódromo de Interlagos,São Paulo,São Paulo
Invictus,2025-09-13,2025,La Iglesia Borratxeria,São Paulo,São Paulo
Strung Out,2025-09-13,2025,VIP Station,São Paulo,São Paulo
Roots – Sepultura Tributo,2025-09-13,2025,Crash Church Underground Ministry,São Paulo,São Paulo
Lionel Richie,2025-09-13,2025,Autódromo de Interlagos,São Paulo,São Paulo
Dente Canino,2025-09-13,2025,La Iglesia Borratxeria,São Paulo,São Paulo
Jacob Collier,2025-09-13,2025,Autódromo de Interlagos,São Paulo,São Paulo
Sonora2,2025-09-13,2025,Palácio Tangará,São Paulo,São Paulo
Chefin,2025-09-13,2025,Autódromo de Interlagos,São Paulo,São Paulo
Sophia Chablau e Uma Enorme Perda de Tempo,2025-09-13,2025,SESC Belenzinho,São Paulo,São Paulo
Liu,2025-09-13,2025,Autódromo de Interlagos,São Paulo,São Paulo
JUNIOR,2025-09-13,2025,Autódromo de Interlagos,São Paulo,São Paulo
Stefanie,2025-09-13,2025,Autódromo de Interlagos,São Paulo,São Paulo
Belvedere,2025-09-13,2025,VIP Station,São Paulo,São Paulo
Gloria Groove,2025-09-13,2025,Autódromo de Interlagos,São Paulo,São Paulo
PRISCILLA,2025-09-13,2025,Autódromo de Interlagos,São Paulo,São Paulo
Jesse & Joy,2025-09-13,2025,Cine Joia,São Paulo,São Paulo
MC Livinho,2025-09-13,2025,Autódromo de Interlagos,São Paulo,São Paulo
Criolo,2025-09-13,2025,Autódromo de Interlagos,São Paulo,São Paulo
Os Garotin,2025-09-13,2025,Autódromo de Interlagos,São Paulo,São Paulo
Vanessa Moreno,2025-09-13,2025,Autódromo de Interlagos,São Paulo,São Paulo
Péricles,2025-09-13,2025,Autódromo de Interlagos,São Paulo,São Paulo
Authority Zero,2025-09-13,2025,VIP Station,São Paulo,São Paulo
Violeta de Outono,2025-09-14,2025,Fabrique Club,São Paulo,São Paulo
Jacob Collier,2025-09-14,2025,Autódromo de Interlagos,São Paulo,São Paulo
Fleshgod Apocalypse,2025-09-14,2025,Terra SP,São Paulo,São Paulo
Johnny Hooker,2025-09-14,2025,SESC Vila Mariana,São Paulo,São Paulo
Boston Manor,2025-09-14,2025,City Lights Music Hall,São Paulo,São Paulo
Arnaldo Antunes,2025-09-14,2025,SESC Pinheiros,São Paulo,São Paulo
Santa Cora,2025-09-14,2025,La Iglesia Borratxeria,São Paulo,São Paulo
Retrato,2025-09-14,2025,Fabrique Club,São Paulo,São Paulo
Epica,2025-09-14,2025,Terra SP,São Paulo,São Paulo
HYDE,2025-09-14,2025,Carioca Club,São Paulo,São Paulo
Espectro,2025-09-14,2025,Jai Club,São Paulo,São Paulo
Hällas,2025-09-14,2025,Jai Club,São Paulo,São Paulo
Xênia França,2025-09-14,2025,SESC Santana,São Paulo,São Paulo
Carol Biazin,2025-09-14,2025,Autódromo de Interlagos,São Paulo,São Paulo
LUDMILLA,2025-09-14,2025,Autódromo de Interlagos,São Paulo,São Paulo
João Bosco,2025-09-14,2025,Autódromo de Interlagos,São Paulo,São Paulo
Joelma,2025-09-14,2025,Autódromo de Interlagos,São Paulo,São Paulo
Luis Mariutti,2025-09-14,2025,La Iglesia Borratxeria,São Paulo,São Paulo
Maré Morta,2025-09-14,2025,City Lights Music Hall,São Paulo,São Paulo
Oruã,2025-09-14,2025,Fabrique Club,São Paulo,São Paulo
A Place to Bury Strangers,2025-09-14,2025,Fabrique Club,São Paulo,São Paulo
Geraldo Azevedo,2025-09-14,2025,Autódromo de Interlagos,São Paulo,São Paulo
Felipe Cordeiro,2025-09-14,2025,Autódromo de Interlagos,São Paulo,São Paulo
J Balvin,2025-09-14,2025,Autódromo de Interlagos,São Paulo,São Paulo
Belo,2025-09-14,2025,Autódromo de Interlagos,São Paulo,São Paulo
Jota.pê,2025-09-14,2025,Autódromo de Interlagos,São Paulo,São Paulo
IZA,2025-09-14,2025,Autódromo de Interlagos,São Paulo,São Paulo
Camila Cabello,2025-09-14,2025,Autódromo de Interlagos,São Paulo,São Paulo
Katy Perry,2025-09-14,2025,Autódromo de Interlagos,São Paulo,São Paulo
ANNA,2025-09-14,2025,Autódromo de Interlagos,São Paulo,São Paulo
DENNIS,2025-09-14,2025,Autódromo de Interlagos,São Paulo,São Paulo
Rachel Reis,2025-09-14,2025,Autódromo de Interlagos,São Paulo,São Paulo
Les Arts Florissants,2025-09-14,2025,Teatro Cultura Artística,São Paulo,São Paulo
Bufo Borealis,2025-09-14,2025,Fabrique Club,São Paulo,São Paulo
swave,2025-09-14,2025,City Lights Music Hall,São Paulo,São Paulo
Les Arts Florissants,2025-09-15,2025,Teatro Cultura Artística,São Paulo,São Paulo
Aurora Rules,2025-09-15,2025,La Iglesia Borratxeria,São Paulo,São Paulo
Fabio Golfetti,2025-09-16,2025,Centro da Terra,São Paulo,São Paulo
Cemetery Skyline,2025-09-16,2025,Hangar 110,São Paulo,São Paulo
Stefano Moliner,2025-09-17,2025,La Iglesia Borratxeria,São Paulo,São Paulo
Les Arts Florissants,2025-09-17,2025,Teatro Cultura Artística,São Paulo,São Paulo
Ca7riel & Paco Amoroso,2025-09-17,2025,Audio,São Paulo,São Paulo
Dente Canino,2025-09-18,2025,Red Star Studios,São Paulo,São Paulo
Hate Moss,2025-09-18,2025,PORTA,São Paulo,São Paulo
Tangolo Mangos,2025-09-18,2025,SESC Vila Mariana,São Paulo,São Paulo
Les Arts Florissants,2025-09-18,2025,Teatro Cultura Artística,São Paulo,São Paulo
Invictus,2025-09-18,2025,Red Star Studios,São Paulo,São Paulo
Infect,2025-09-18,2025,Red Star Studios,São Paulo,São Paulo
Karnak,2025-09-18,2025,Casa Rockambole,São Paulo,São Paulo
Arma,2025-09-19,2025,La Iglesia Borratxeria,São Paulo,São Paulo
Evilcult,2025-09-19,2025,La Iglesia Borratxeria,São Paulo,São Paulo
Letrux,2025-09-19,2025,Caixa Cultural São Paulo,São Paulo,São Paulo
Amazarak,2025-09-19,2025,La Iglesia Borratxeria,São Paulo,São Paulo
Cordel do Fogo Encantado,2025-09-19,2025,Vale do Anhangabaú,São Paulo,São Paulo
Dead Fish,2025-09-19,2025,SESC Bom Retiro,São Paulo,São Paulo
Deb and The Mentals,2025-09-19,2025,PORTA,São Paulo,São Paulo
Roberto Fonseca,2025-09-19,2025,Vale do Anhangabaú,São Paulo,São Paulo
Karnak,2025-09-19,2025,Casa Rockambole,São Paulo,São Paulo
Edu Lobo,2025-09-19,2025,Teatro Cultura Artística,São Paulo,São Paulo
Infect,2025-09-19,2025,Jai Club,São Paulo,São Paulo
Paura,2025-09-19,2025,Jai Club,São Paulo,São Paulo
FBC,2025-09-19,2025,SESC Belenzinho,São Paulo,São Paulo
Deserdados,2025-09-19,2025,Jai Club,São Paulo,São Paulo
Mahmundi,2025-09-19,2025,Caixa Cultural São Paulo,São Paulo,São Paulo
Mastrobiso,2025-09-19,2025,PORTA,São Paulo,São Paulo
Agravo,2025-09-19,2025,Jai Club,São Paulo,São Paulo
Cícero,2025-09-19,2025,Caixa Cultural São Paulo,São Paulo,São Paulo
Lalssu,2025-09-20,2025,La Iglesia Borratxeria,São Paulo,São Paulo
Votia,2025-09-20,2025,Vale do Anhangabaú,São Paulo,São Paulo
Delgres,2025-09-20,2025,Vale do Anhangabaú,São Paulo,São Paulo
Esperanza Spalding,2025-09-20,2025,Audio,São Paulo,São Paulo
Jorge Ben Jor,2025-09-20,2025,Espaço Unimed,São Paulo,São Paulo
Rue Oberkampf,2025-09-20,2025,Madame Club,São Paulo,São Paulo
Annie & The Caldwells,2025-09-20,2025,Vale do Anhangabaú,São Paulo,São Paulo
Bixiga 70,2025-09-20,2025,Vale do Anhangabaú,São Paulo,São Paulo
Dora Morelenbaum,2025-09-20,2025,SESC Belenzinho,São Paulo,São Paulo
Velho,2025-09-20,2025,La Iglesia Borratxeria,São Paulo,São Paulo
Roots – Sepultura Tributo,2025-09-20,2025,Galeria do Rock,São Paulo,São Paulo
Infect,2025-09-20,2025,Estúdio Páprica,São Paulo,São Paulo
Edgar,2025-09-20,2025,Centro Cultural Tendal da Lapa,São Paulo,São Paulo
Lúcio Maia,2025-09-20,2025,Centro Cultural Tendal da Lapa,São Paulo,São Paulo
Obscure Relic,2025-09-20,2025,La Iglesia Borratxeria,São Paulo,São Paulo
Spiritual Hate,2025-09-20,2025,La Iglesia Borratxeria,São Paulo,São Paulo
Kaê Guajajara,2025-09-20,2025,Centro Cultural Tendal da Lapa,São Paulo,São Paulo
Felipe Cordeiro,2025-09-20,2025,Centro Cultural Tendal da Lapa,São Paulo,São Paulo
FBC,2025-09-20,2025,SESC Belenzinho,São Paulo,São Paulo
Blasphemaniac,2025-09-20,2025,La Iglesia Borratxeria,São Paulo,São Paulo
Gloria Perpetua,2025-09-21,2025,Transamerica Expo Center,São Paulo,São Paulo
Guilherme de Sá,2025-09-21,2025,Campo de Marte,São Paulo,São Paulo
Carlos Malta & Pife Muderno,2025-09-21,2025,Vale do Anhangabaú,São Paulo,São Paulo
Mork Visdom,2025-09-21,2025,La Iglesia Borratxeria,São Paulo,São Paulo
Ortinho,2025-09-21,2025,Vale do Anhangabaú,São Paulo,São Paulo
Subalternos,2025-09-21,2025,Fenda 315,São Paulo,São Paulo
Lia de Itamaracá,2025-09-21,2025,Vale do Anhangabaú,São Paulo,São Paulo
Kill for Nothing,2025-09-21,2025,Transamerica Expo Center,São Paulo,São Paulo
Ubuntu Ensemble,2025-09-21,2025,Igreja Nossa Senhora do Rosário dos Homens Pretos,São Paulo,São Paulo
Tuyo,2025-09-21,2025,Casa Rockambole,São Paulo,São Paulo
Lord Satanaquia,2025-09-21,2025,La Iglesia Borratxeria,São Paulo,São Paulo
Luis Mariutti,2025-09-21,2025,Transamerica Expo Center,São Paulo,São Paulo
Eyshila,2025-09-21,2025,Yah Church,São Paulo,São Paulo
Soviet Soviet,2025-09-21,2025,Jai Club,São Paulo,São Paulo
Academia da Berlinda,2025-09-21,2025,Vale do Anhangabaú,São Paulo,São Paulo
Selvageria,2025-09-21,2025,Manifesto Bar,São Paulo,São Paulo
Bebê Feio,2025-09-21,2025,Bay Area Estúdios,São Paulo,São Paulo
88não!,2025-09-21,2025,Fenda 315,São Paulo,São Paulo
Faca Preta,2025-09-21,2025,Fenda 315,São Paulo,São Paulo
Neil Turbin,2025-09-21,2025,Manifesto Bar,São Paulo,São Paulo
Sargeist,2025-09-21,2025,La Iglesia Borratxeria,São Paulo,São Paulo
ionnalee,2025-09-23,2025,Cine Joia,São Paulo,São Paulo
Dexter,2025-09-23,2025,Matilha Cultural,São Paulo,São Paulo
águas,2025-09-23,2025,Casa Elefante,São Paulo,São Paulo
Walfredo em Busca da Simbiose,2025-09-25,2025,A Porta Maldita,São Paulo,São Paulo
Vitão,2025-09-25,2025,Shopping Vila Olimpia,São Paulo,São Paulo
Vovô Bebê,2025-09-25,2025,SESC Pompéia,São Paulo,São Paulo
Imminence,2025-09-25,2025,Carioca Club,São Paulo,São Paulo
Stacey Kent,2025-09-25,2025,Teatro Cultura Artística,São Paulo,São Paulo
Kryour,2025-09-25,2025,Carioca Club,São Paulo,São Paulo
Selvagens à Procura de Lei,2025-09-26,2025,Bar Alto,São Paulo,São Paulo
CACO/CONCHA,2025-09-26,2025,A Porta Maldita,São Paulo,São Paulo
Cigarros Molhados,2025-09-26,2025,La Iglesia Borratxeria,São Paulo,São Paulo
Polako,2025-09-26,2025,La Iglesia Borratxeria,São Paulo,São Paulo
Leather,2025-09-26,2025,Malta Rock Bar,São Paulo,São Paulo
Dexter,2025-09-26,2025,SESC Pompéia,São Paulo,São Paulo
Júnior Groovador,2025-09-26,2025,Goela,São Paulo,São Paulo
Vespas Mandarinas,2025-09-26,2025,La Iglesia Borratxeria,São Paulo,São Paulo
Dibob,2025-09-26,2025,Jai Club,São Paulo,São Paulo
Antiprisma,2025-09-26,2025,Estúdio Aurora,São Paulo,São Paulo
Oruã,2025-09-26,2025,Auditório MIS,São Paulo,São Paulo
Raça Negra,2025-09-26,2025,Espaço Unimed,São Paulo,São Paulo
No Te Va Gustar,2025-09-26,2025,Cine Joia,São Paulo,São Paulo
The Sisters of Mercy,2025-09-26,2025,Tokio Marine Hall,São Paulo,São Paulo
3 Pipe Problem,2025-09-26,2025,Tokio Marine Hall,São Paulo,São Paulo
Ana Frango Elétrico,2025-09-26,2025,Audio,São Paulo,São Paulo
Alívio Cômico,2025-09-27,2025,Casa AlgoHits,São Paulo,São Paulo
Blades of Steel,2025-09-27,2025,La Iglesia Borratxeria,São Paulo,São Paulo
Anette Olzon,2025-09-27,2025,VIP Station,São Paulo,São Paulo
Magistry,2025-09-27,2025,VIP Station,São Paulo,São Paulo
Imundos,2025-09-27,2025,La Iglesia Borratxeria,São Paulo,São Paulo
Innabrain,2025-09-27,2025,Praça Rotary,São Paulo,São Paulo
Santo Graal,2025-09-27,2025,La Iglesia Borratxeria,São Paulo,São Paulo
Fernanda Abreu,2025-09-27,2025,Sesc 14 Bis,São Paulo,São Paulo
Dexter,2025-09-27,2025,SESC Pompéia,São Paulo,São Paulo
Rancore,2025-09-27,2025,Hangar 110,São Paulo,São Paulo
Titãs,2025-09-27,2025,Parque Villa-Lobos,São Paulo,São Paulo
Paulo Ricardo,2025-09-27,2025,Parque Villa-Lobos,São Paulo,São Paulo
Claudia Leitte,2025-09-27,2025,Suhai Music Hall,São Paulo,São Paulo
High Moonlight,2025-09-27,2025,La Iglesia Borratxeria,São Paulo,São Paulo
Garotos Podres,2025-09-27,2025,SESC Belenzinho,São Paulo,São Paulo
Trovão,2025-09-27,2025,Burning House,São Paulo,São Paulo
Ira!,2025-09-27,2025,Parque Villa-Lobos,São Paulo,São Paulo
Pé de Sonho,2025-09-27,2025,Teatro B32,São Paulo,São Paulo
Ultraje a rigor,2025-09-27,2025,Parque Villa-Lobos,São Paulo,São Paulo
Raimundos,2025-09-27,2025,Parque Villa-Lobos,São Paulo,São Paulo
Reação em Cadeia,2025-09-27,2025,Audio,São Paulo,São Paulo
Tutu,2025-09-27,2025,Casa AlgoHits,São Paulo,São Paulo
Seu Jorge,2025-09-27,2025,Vibra São Paulo,São Paulo,São Paulo
Pato Fu,2025-09-27,2025,Parque Villa-Lobos,São Paulo,São Paulo
Hurtmold,2025-09-27,2025,Salad Days,São Paulo,São Paulo
Nenhum de Nós,2025-09-27,2025,Parque Villa-Lobos,São Paulo,São Paulo
Tihuana,2025-09-27,2025,Parque Villa-Lobos,São Paulo,São Paulo
Biquini,2025-09-27,2025,Parque Villa-Lobos,São Paulo,São Paulo
Nando Reis,2025-09-27,2025,Parque Villa-Lobos,São Paulo,São Paulo
Garotos Podres,2025-09-27,2025,SESC Belenzinho,São Paulo,São Paulo
Krisiun,2025-09-28,2025,Parque Tiquatira,São Paulo,São Paulo
Em Ruínas,2025-09-28,2025,Fofinho Rock Club,São Paulo,São Paulo
Ana Cañas,2025-09-28,2025,SESC Vila Mariana,São Paulo,São Paulo
Behemoth,2025-09-28,2025,Terra SP,São Paulo,São Paulo
Rancore,2025-09-28,2025,Hangar 110,São Paulo,São Paulo
Mahmundi,2025-09-28,2025,Caixa Cultural São Paulo,São Paulo,São Paulo
Nidhogg,2025-09-28,2025,Terra SP,São Paulo,São Paulo
40 Fingers,2025-09-28,2025,Vibra São Paulo,São Paulo,São Paulo
Mateus Fazeno Rock,2025-09-28,2025,Casa Natura Musical,São Paulo,São Paulo
Bittencourt Project,2025-09-28,2025,Manifesto Bar,São Paulo,São Paulo
KANGDANIEL,2025-09-28,2025,Cine Joia,São Paulo,São Paulo
Leif Ove Andsnes,2025-09-28,2025,Teatro Cultura Artística,São Paulo,São Paulo
Kacey Musgraves,2025-09-28,2025,Audio,São Paulo,São Paulo
Deicide,2025-09-28,2025,Terra SP,São Paulo,São Paulo
Leif Ove Andsnes,2025-09-29,2025,Teatro Cultura Artística,São Paulo,São Paulo
Ca7riel & Paco Amoroso,2025-09-30,2025,Allianz Parque,São Paulo,São Paulo
Kendrick Lamar,2025-09-30,2025,Allianz Parque,São Paulo,São Paulo
Toquinho,2025-09-30,2025,Estúdios Globo São Paulo,São Paulo,São Paulo
Cidade Negra,2025-09-30,2025,Estúdios Globo São Paulo,São Paulo,São Paulo
Rachel Chinouriri,2025-10-01,2025,Cine Joia,São Paulo,São Paulo
Hate,2025-10-02,2025,Burning House,São Paulo,São Paulo
De La Soul,2025-10-02,2025,Audio,São Paulo,São Paulo
Vera Fischer Era Clubber,2025-10-02,2025,SESC Pompéia,São Paulo,São Paulo
Naima Bock,2025-10-02,2025,PORTA,São Paulo,São Paulo
Giovani Cidreira,2025-10-02,2025,Casa de Francisca,São Paulo,São Paulo
Chico Bernardes,2025-10-02,2025,PORTA,São Paulo,São Paulo
Chaos Synopsis,2025-10-02,2025,Burning House,São Paulo,São Paulo
Vltimas,2025-10-02,2025,Burning House,São Paulo,São Paulo
TootArd,2025-10-02,2025,SESC Avenida Paulista,São Paulo,São Paulo
The Calling,2025-10-02,2025,Kiss Fm Studios,São Paulo,São Paulo
Candy Mel,2025-10-03,2025,SESC Pompéia,São Paulo,São Paulo
Macabro,2025-10-03,2025,La Iglesia Borratxeria,São Paulo,São Paulo
Rom Santana,2025-10-03,2025,Sol Y Sombra,São Paulo,São Paulo
Vanguart,2025-10-03,2025,SESC Belenzinho,São Paulo,São Paulo
Evaya,2025-10-03,2025,Mamãe Bar,São Paulo,São Paulo
Retromorcego,2025-10-03,2025,La Iglesia Borratxeria,São Paulo,São Paulo
CPM 22,2025-10-03,2025,São Paulo Oktoberfest,São Paulo,São Paulo
Lagum,2025-10-03,2025,Espaço Unimed,São Paulo,São Paulo
"Thalin, Cravinhos, VCR Slim, Pirlo & iloveyoulangelo",2025-10-03,2025,SESC Vila Mariana,São Paulo,São Paulo
Bullet Bane,2025-10-03,2025,Fabrique Club,São Paulo,São Paulo
Bayside Kings,2025-10-03,2025,Fabrique Club,São Paulo,São Paulo
Bebê Feio,2025-10-03,2025,La Iglesia Borratxeria,São Paulo,São Paulo
TootArd,2025-10-03,2025,SESC Avenida Paulista,São Paulo,São Paulo
Caxtrinho,2025-10-03,2025,PORTA,São Paulo,São Paulo
Krisiun,2025-10-03,2025,City Lights Music Hall,São Paulo,São Paulo
Mukeka di Rato,2025-10-04,2025,Hangar 110,São Paulo,São Paulo
ANAVITÓRIA,2025-10-04,2025,Espaço Unimed,São Paulo,São Paulo
Ava Rocha,2025-10-04,2025,SESC Pompéia,São Paulo,São Paulo
"Mônica Salmaso, André Mehmari",2025-10-04,2025,SESC Pinheiros,São Paulo,São Paulo
Leptospirose,2025-10-04,2025,Hangar 110,São Paulo,São Paulo
Steinkrug,2025-10-04,2025,La Iglesia Borratxeria,São Paulo,São Paulo
Maria Bethânia,2025-10-04,2025,Tokio Marine Hall,São Paulo,São Paulo
Electric Gypsy,2025-10-04,2025,La Iglesia Borratxeria,São Paulo,São Paulo
Nite Stinger,2025-10-04,2025,La Iglesia Borratxeria,São Paulo,São Paulo
from20 & HELLO GLOOM,2025-10-04,2025,Studio Stage,São Paulo,São Paulo
D.F.C.,2025-10-04,2025,Hangar 110,São Paulo,São Paulo
Rachel Reis,2025-10-05,2025,SESC Vila Mariana,São Paulo,São Paulo
ANAVITÓRIA,2025-10-05,2025,Espaço Unimed,São Paulo,São Paulo
Claudia Leitte,2025-10-05,2025,Domingo Legal,Osasco,São Paulo
Dani Black,2025-10-05,2025,Casa Natura Musical,São Paulo,São Paulo
Evaya,2025-10-05,2025,Garagem Beleza,São Paulo,São Paulo
Docaos,2025-10-05,2025,La Iglesia Borratxeria,São Paulo,São Paulo
Pense,2025-10-05,2025,La Iglesia Borratxeria,São Paulo,São Paulo
Lamp,2025-10-05,2025,Cine Joia,São Paulo,São Paulo
Maria Bethânia,2025-10-05,2025,Tokio Marine Hall,São Paulo,São Paulo
Bullet Bane,2025-10-06,2025,Casa Rockambole,São Paulo,São Paulo
BAD LUV,2025-10-06,2025,Casa Rockambole,São Paulo,São Paulo
João Gomes,2025-10-07,2025,Google,São Paulo,São Paulo
Karen Dió,2025-10-07,2025,Casa Rockambole,São Paulo,São Paulo
Gilberto Gil,2025-10-07,2025,Estúdios Globo São Paulo,São Paulo,São Paulo
Tom Zé,2025-10-08,2025,Estúdio TV Cultura,São Paulo,São Paulo
Paura,2025-10-08,2025,Burning House,São Paulo,São Paulo
Cro‐Mags,2025-10-08,2025,Burning House,São Paulo,São Paulo
Xangai,2025-10-08,2025,Centro Cultural São Paulo,São Paulo,São Paulo
Toni Tornado,2025-10-09,2025,SESC Consolação,São Paulo,São Paulo
maquinas,2025-10-09,2025,Fffront,São Paulo,São Paulo
Matute,2025-10-09,2025,Teatro Bradesco,São Paulo,São Paulo
Trio Sabiá,2025-10-09,2025,Centro Cultural São Paulo,São Paulo,São Paulo
Chococorn and the Sugarcanes,2025-10-09,2025,Cineclube Cortina,São Paulo,São Paulo
Pelados,2025-10-09,2025,Cineclube Cortina,São Paulo,São Paulo
Thaíde,2025-10-09,2025,Centro Cultural São Paulo,São Paulo,São Paulo
Nina Maia,2025-10-09,2025,Cineclube Cortina,São Paulo,São Paulo
Throw Me to the Wolves,2025-10-09,2025,Carioca Club,São Paulo,São Paulo
Exodus,2025-10-09,2025,Carioca Club,São Paulo,São Paulo
Lenna Bahule,2025-10-09,2025,Casa Natura Musical,São Paulo,São Paulo
CRAS,2025-10-10,2025,La Iglesia Borratxeria,São Paulo,São Paulo
Siegrid Ingrid,2025-10-10,2025,La Iglesia Borratxeria,São Paulo,São Paulo
Neural Wreck,2025-10-10,2025,La Iglesia Borratxeria,São Paulo,São Paulo
Rogério Skylab,2025-10-10,2025,Carioca Club,São Paulo,São Paulo
InRaza,2025-10-10,2025,La Iglesia Borratxeria,São Paulo,São Paulo
Negra Li,2025-10-10,2025,Cine Joia,São Paulo,São Paulo
Totô de Babalong,2025-10-10,2025,Funilaria,São Paulo,São Paulo
Joyce,2025-10-10,2025,SESC Pinheiros,São Paulo,São Paulo
The Damnation,2025-10-10,2025,La Iglesia Borratxeria,São Paulo,São Paulo
The Damnnation,2025-10-10,2025,La Iglesia Borratxeria,São Paulo,São Paulo
Ladrones,2025-10-10,2025,Burning House,São Paulo,São Paulo
Kenny G,2025-10-10,2025,Espaço Unimed,São Paulo,São Paulo
Phill Veras,2025-10-10,2025,Teatro Mooca,São Paulo,São Paulo
Joker,2025-10-10,2025,A Porta Maldita,São Paulo,São Paulo
Death Before Dishonor,2025-10-10,2025,Burning House,São Paulo,São Paulo
Odeon,2025-10-10,2025,Burning House,São Paulo,São Paulo
DJ Dolores,2025-10-10,2025,Centro Cultural São Paulo,São Paulo,São Paulo
Il Volo,2025-10-10,2025,Vibra São Paulo,São Paulo,São Paulo
Worst,2025-10-10,2025,Burning House,São Paulo,São Paulo
Big,2025-10-10,2025,A Porta Maldita,São Paulo,São Paulo
Mestre Ambrósio,2025-10-10,2025,Centro Cultural São Paulo,São Paulo,São Paulo
Sem Remorso,2025-10-11,2025,Casa da Musica,São Paulo,São Paulo
Ritual,2025-10-11,2025,Casa da Musica,São Paulo,São Paulo
Eduardo Falaschi,2025-10-11,2025,Manifesto Bar,São Paulo,São Paulo
Pugno,2025-10-11,2025,Hangar 110,São Paulo,São Paulo
Humberto Gessinger,2025-10-11,2025,Espaço Unimed,São Paulo,São Paulo
Under Influence,2025-10-11,2025,VIP Station,São Paulo,São Paulo
Codeine,2025-10-11,2025,City Lights Music Hall,São Paulo,São Paulo
Brujería,2025-10-11,2025,Fabrique Club,São Paulo,São Paulo
Black Pantera,2025-10-11,2025,Hangar 110,São Paulo,São Paulo
Cigar,2025-10-11,2025,VIP Station,São Paulo,São Paulo
Joyce,2025-10-11,2025,SESC Pinheiros,São Paulo,São Paulo
Gabriel Thomaz,2025-10-11,2025,Laje,São Paulo,São Paulo
Lagwagon,2025-10-11,2025,VIP Station,São Paulo,São Paulo
Guandu,2025-10-11,2025,City Lights Music Hall,São Paulo,São Paulo
Punho de Mahin,2025-10-11,2025,Hangar 110,São Paulo,São Paulo
águas,2025-10-11,2025,Laje,São Paulo,São Paulo
Surra,2025-10-11,2025,Casa da Musica,São Paulo,São Paulo
Tilman Hoppstock,2025-10-11,2025,Teatro Cultura Artística,São Paulo,São Paulo
Tulipa Ruiz,2025-10-11,2025,SESC Santo Amaro,São Paulo,São Paulo
Klitoria,2025-10-11,2025,Casa da Musica,São Paulo,São Paulo
Maria Bethânia,2025-10-11,2025,Tokio Marine Hall,São Paulo,São Paulo
Luedji Luna,2025-10-11,2025,Casa Natura Musical,São Paulo,São Paulo
Jovens Ateus,2025-10-11,2025,Casa da Musica,São Paulo,São Paulo
Lasso,2025-10-11,2025,Casa da Musica,São Paulo,São Paulo
Ana Castela,2025-10-11,2025,Suhai Music Hall,São Paulo,São Paulo
Liträo,2025-10-11,2025,Casa da Musica,São Paulo,São Paulo
DJ Tudo,2025-10-11,2025,Centro Cultural São Paulo,São Paulo,São Paulo
Tom Zé,2025-10-11,2025,Centro Cultural São Paulo,São Paulo,São Paulo
Il Volo,2025-10-11,2025,Vibra São Paulo,São Paulo,São Paulo
The Birthday Party Band,2025-10-11,2025,PORTA,São Paulo,São Paulo
Cícero,2025-10-11,2025,Audio,São Paulo,São Paulo
Ema Stoned,2025-10-11,2025,SESC Belenzinho,São Paulo,São Paulo
Offside,2025-10-12,2025,Casa da Musica,São Paulo,São Paulo
Ema Stoned,2025-10-12,2025,SESC Belenzinho,São Paulo,São Paulo
Rom Santana,2025-10-12,2025,Casa de Francisca,São Paulo,São Paulo
Distant Shores,2025-10-12,2025,La Iglesia Borratxeria,São Paulo,São Paulo
Abstracted,2025-10-12,2025,La Iglesia Borratxeria,São Paulo,São Paulo
Stryker,2025-10-12,2025,Casa da Musica,São Paulo,São Paulo
Il Volo,2025-10-12,2025,Vibra São Paulo,São Paulo,São Paulo
The Calling,2025-10-12,2025,Audio,São Paulo,São Paulo
Declive,2025-10-12,2025,Casa da Musica,São Paulo,São Paulo
Institution,2025-10-12,2025,Casa da Musica,São Paulo,São Paulo
Alerta vermelho,2025-10-12,2025,Casa da Musica,São Paulo,São Paulo
Despize,2025-10-12,2025,Casa da Musica,São Paulo,São Paulo
Oblivionist,2025-10-12,2025,La Iglesia Borratxeria,São Paulo,São Paulo
Paradox Method,2025-10-12,2025,La Iglesia Borratxeria,São Paulo,São Paulo
Maria Bethânia,2025-10-12,2025,Tokio Marine Hall,São Paulo,São Paulo
Eduardo Gudin,2025-10-13,2025,Bona Casa de Música,São Paulo,São Paulo
Kiko Dinucci,2025-10-13,2025,Centro da Terra,São Paulo,São Paulo
Cleiton Rasta,2025-10-13,2025,Fatiado Discos e Cervejas Especiais,São Paulo,São Paulo
Baaba Maal,2025-10-14,2025,SESC Pompéia,São Paulo,São Paulo
Marina Sena,2025-10-14,2025,,São Paulo,São Paulo
Metá Metá,2025-10-14,2025,Google,São Paulo,São Paulo
Gilberto Gil,2025-10-14,2025,Parque Villa-Lobos,São Paulo,São Paulo
"Jeff Mills, Prabhu Edouard & Jean-Philippe Dary",2025-10-14,2025,Casa Natura Musical,São Paulo,São Paulo
Baaba Maal,2025-10-15,2025,SESC Pompéia,São Paulo,São Paulo
Leon Gurfein y Las Gatas Embarazadas,2025-10-15,2025,Mamãe Bar,São Paulo,São Paulo
Dom Salvador,2025-10-15,2025,Teatro SESC Pompéia,São Paulo,São Paulo
Ginger and the Peppers,2025-10-16,2025,La Iglesia Borratxeria,São Paulo,São Paulo
Chuva Negra,2025-10-16,2025,Algo Hits,São Paulo,São Paulo
Marsilak,2025-10-16,2025,La Iglesia Borratxeria,São Paulo,São Paulo
Alogte Oho and his Sounds of Joy,2025-10-16,2025,SESC Pompéia,São Paulo,São Paulo
Juvi,2025-10-16,2025,Picles Cardeal,São Paulo,São Paulo
Dom Salvador,2025-10-16,2025,Teatro SESC Pompéia,São Paulo,São Paulo
Julia Mestre,2025-10-16,2025,Casa Natura Musical,São Paulo,São Paulo
SiM,2025-10-17,2025,Audio,São Paulo,São Paulo
Lavínia Alves,2025-10-17,2025,Bona Casa de Música,São Paulo,São Paulo
swave,2025-10-17,2025,City Lights Music Hall,São Paulo,São Paulo
The Dead South,2025-10-17,2025,Carioca Club,São Paulo,São Paulo
Peach Eyes,2025-10-17,2025,La Iglesia Borratxeria,São Paulo,São Paulo
Chico César,2025-10-17,2025,SESC Belenzinho,São Paulo,São Paulo
Maremoto,2025-10-17,2025,Casa Lab,São Paulo,São Paulo
Steven Wilson,2025-10-17,2025,Tokio Marine Hall,São Paulo,São Paulo
BRAZA,2025-10-17,2025,SESC Belenzinho,São Paulo,São Paulo
eliminadorzinho,2025-10-17,2025,Casa Rockambole,São Paulo,São Paulo
MC Livinho,2025-10-17,2025,Mercado Livre Arena Pacaembu,São Paulo,São Paulo
Funérea,2025-10-17,2025,La Iglesia Borratxeria,São Paulo,São Paulo
Carol Biazin,2025-10-17,2025,Mercado Livre Arena Pacaembu,São Paulo,São Paulo
Dom Salvador,2025-10-17,2025,Teatro SESC Pompéia,São Paulo,São Paulo
Gilberto Gil,2025-10-17,2025,Allianz Parque,São Paulo,São Paulo
Alogte Oho and his Sounds of Joy,2025-10-17,2025,SESC Pompéia,São Paulo,São Paulo
Dado Villa‐Lobos,2025-10-17,2025,Clube Atlético Juventus,São Paulo,São Paulo
Samuel Rosa,2025-10-17,2025,Clube Atlético Juventus,São Paulo,São Paulo
Magnólia,2025-10-17,2025,La Iglesia Borratxeria,São Paulo,São Paulo
Ema Stoned,2025-10-17,2025,Laje,São Paulo,São Paulo
Luísa Sonza,2025-10-17,2025,Mercado Livre Arena Pacaembu,São Paulo,São Paulo
Institution,2025-10-17,2025,Bar Alto,São Paulo,São Paulo
Escombro,2025-10-17,2025,Bay Area Estúdios,São Paulo,São Paulo
Dharma Numb,2025-10-17,2025,Bar Alto,São Paulo,São Paulo
Toquinho,2025-10-17,2025,Espaço Unimed,São Paulo,São Paulo
Rise of the Northstar,2025-10-18,2025,Fabrique Club,São Paulo,São Paulo
Metalucifer,2025-10-18,2025,Hangar 110,São Paulo,São Paulo
Anitta,2025-10-18,2025,,São Paulo,São Paulo
BRAZA,2025-10-18,2025,SESC Belenzinho,São Paulo,São Paulo
Distimia Felt,2025-10-18,2025,La Iglesia Borratxeria,São Paulo,São Paulo
Kumpania Algazarra,2025-10-18,2025,SESC Vila Mariana,São Paulo,São Paulo
Terceira Guerra,2025-10-18,2025,La Iglesia Borratxeria,São Paulo,São Paulo
Kryour,2025-10-18,2025,La Iglesia Borratxeria,São Paulo,São Paulo
Spectral Despair,2025-10-18,2025,La Iglesia Borratxeria,São Paulo,São Paulo
Sélène Saint‐Aimé,2025-10-18,2025,Teatro SESC Pompéia,São Paulo,São Paulo
Tigran Hamasyan,2025-10-18,2025,Sesc 14 Bis,São Paulo,São Paulo
Ballet Clandestino,2025-10-18,2025,Depois do Fim do Mundo Estúdio,São Paulo,São Paulo
Power from Hell,2025-10-18,2025,Hangar 110,São Paulo,São Paulo
The Black Spade,2025-10-18,2025,Hangar 110,São Paulo,São Paulo
Kaya Conky,2025-10-18,2025,VIP Station,São Paulo,São Paulo
Bayside Kings,2025-10-18,2025,Fabrique Club,São Paulo,São Paulo
Cleiton Rasta,2025-10-18,2025,Quintal do Minhocão,São Paulo,São Paulo
Orquestra Sinfônica do Estado de São Paulo,2025-10-18,2025,Sala São Paulo,São Paulo,São Paulo
Cruel Force,2025-10-18,2025,Hangar 110,São Paulo,São Paulo
Sabathan,2025-10-18,2025,Hangar 110,São Paulo,São Paulo
Chico César,2025-10-18,2025,SESC Belenzinho,São Paulo,São Paulo
FIGUEROAS,2025-10-18,2025,SESC Interlagos,São Paulo,São Paulo
Dennis e o Cão da Meia-Noite,2025-10-18,2025,Depois do Fim do Mundo Estúdio,São Paulo,São Paulo
Labirinto Crânio,2025-10-18,2025,Depois do Fim do Mundo Estúdio,São Paulo,São Paulo
Darvin,2025-10-18,2025,Augusta Hi-Fi,São Paulo,São Paulo
Danny Bond,2025-10-18,2025,VIP Station,São Paulo,São Paulo
Luiz Caldas,2025-10-18,2025,SESC Pinheiros,São Paulo,São Paulo
Fábio Jr.,2025-10-18,2025,Suhai Music Hall,São Paulo,São Paulo
Gilberto Gil,2025-10-18,2025,Allianz Parque,São Paulo,São Paulo
B5,2025-10-18,2025,Augusta Hi-Fi,São Paulo,São Paulo
Sujera,2025-10-18,2025,Fabrique Club,São Paulo,São Paulo
Luedji Luna,2025-10-18,2025,SESC Pompéia,São Paulo,São Paulo
Emicaeli,2025-10-18,2025,Niá,São Paulo,São Paulo
Maria Bethânia,2025-10-19,2025,Tokio Marine Hall,São Paulo,São Paulo
ROT,2025-10-19,2025,Casa de Cultura do Butantã,São Paulo,São Paulo
Pato Fu,2025-10-19,2025,SESC Itaquera,São Paulo,São Paulo
Rom Santana,2025-10-19,2025,Funilaria,São Paulo,São Paulo
Rincon Sapiência,2025-10-19,2025,Parque Villa-Lobos,São Paulo,São Paulo
Oz Guarani,2025-10-19,2025,Parque Villa-Lobos,São Paulo,São Paulo
High Moonlight,2025-10-19,2025,La Iglesia Borratxeria,São Paulo,São Paulo
Sandra de Sá,2025-10-19,2025,Parque Villa-Lobos,São Paulo,São Paulo
Rebuke,2025-10-19,2025,Fffront,São Paulo,São Paulo
Getúlio Abelha,2025-10-19,2025,Parque Villa-Lobos,São Paulo,São Paulo
Saulo Duarte,2025-10-19,2025,Parque Villa-Lobos,São Paulo,São Paulo
Mariana Aydar,2025-10-19,2025,Palácio Tangará,São Paulo,São Paulo
Tigran Hamasyan,2025-10-19,2025,Sesc 14 Bis,São Paulo,São Paulo
Ratas Rabiosas,2025-10-19,2025,Casa de Cultura do Butantã,São Paulo,São Paulo
Aguidavi do Jêje,2025-10-19,2025,Teatro SESC Pompéia,São Paulo,São Paulo
Hefesto,2025-10-19,2025,La Iglesia Borratxeria,São Paulo,São Paulo
Pense,2025-10-19,2025,Centro Cultural Santo Amaro,São Paulo,São Paulo
Maglore,2025-10-19,2025,SESC Vila Mariana,São Paulo,São Paulo
Aláfia,2025-10-19,2025,SESC Pompéia,São Paulo,São Paulo
Chico César,2025-10-19,2025,SESC Belenzinho,São Paulo,São Paulo
Vazio,2025-10-19,2025,Casa de Cultura do Butantã,São Paulo,São Paulo
Questions,2025-10-19,2025,Casa de Cultura do Butantã,São Paulo,São Paulo
Cyberpunch,2025-10-19,2025,La Iglesia Borratxeria,São Paulo,São Paulo
Mortruz,2025-10-19,2025,La Iglesia Borratxeria,São Paulo,São Paulo
Luedji Luna,2025-10-19,2025,SESC Pompéia,São Paulo,São Paulo
Bem Gil,2025-10-20,2025,Bona Casa de Música,São Paulo,São Paulo
Bem Gil,2025-10-20,2025,Bona Casa de Música,São Paulo,São Paulo
Juçara Marçal,2025-10-20,2025,Centro da Terra,São Paulo,São Paulo
Cleiton Rasta,2025-10-20,2025,Fatiado Discos e Cervejas Especiais,São Paulo,São Paulo
Péricles,2025-10-21,2025,Google,São Paulo,São Paulo
Di Ferrero,2025-10-22,2025,Audio,São Paulo,São Paulo
Michale Graves,2025-10-22,2025,Galeria do Rock,São Paulo,São Paulo
Hurricanes,2025-10-22,2025,Blue Note São Paulo,São Paulo,São Paulo
John Pizzarelli,2025-10-22,2025,Bourbon Street Music Club,São Paulo,São Paulo
Katy da Voz e as Abusadas,2025-10-22,2025,Zig Duplex,São Paulo,São Paulo
Rauw Alejandro,2025-10-22,2025,Vibra São Paulo,São Paulo,São Paulo
Fim do Silêncio,2025-10-23,2025,La Iglesia Borratxeria,São Paulo,São Paulo
Ocean Alley,2025-10-23,2025,Audio,São Paulo,São Paulo
Fantazmaz,2025-10-23,2025,La Iglesia Borratxeria,São Paulo,São Paulo
Odair José,2025-10-23,2025,Cinemateca Brasileira,São Paulo,São Paulo
Yellow Days,2025-10-23,2025,Cine Joia,São Paulo,São Paulo
Walfredo em Busca da Simbiose,2025-10-23,2025,Casa Rockambole,São Paulo,São Paulo
Moonlight Benjamin,2025-10-23,2025,SESC Pompéia,São Paulo,São Paulo
Porno Massacre,2025-10-23,2025,La Iglesia Borratxeria,São Paulo,São Paulo
Arrigo Barnabé,2025-10-23,2025,Picles Cardeal,São Paulo,São Paulo
Hugo Fattoruso,2025-10-23,2025,Sesc 14 Bis,São Paulo,São Paulo
De Mar Y Rio,2025-10-24,2025,SESC Pompéia,São Paulo,São Paulo
Bryony Jarman-Pinto,2025-10-24,2025,Teatro SESC Pompéia,São Paulo,São Paulo
Mandiê,2025-10-24,2025,Porão da Cerveja,São Paulo,São Paulo
planetesauvage,2025-10-24,2025,Porão da Cerveja,São Paulo,São Paulo
As Mercenárias,2025-10-24,2025,PORTA,São Paulo,São Paulo
P1Harmony,2025-10-24,2025,Vibra São Paulo,São Paulo,São Paulo
Os Paralamas do Sucesso,2025-10-24,2025,Espaço Unimed,São Paulo,São Paulo
Smag På Dig Selv,2025-10-24,2025,SESC Avenida Paulista,São Paulo,São Paulo
Hugo Fattoruso,2025-10-24,2025,Sesc 14 Bis,São Paulo,São Paulo
Vanessa da Mata,2025-10-24,2025,Arca Spaces,São Paulo,São Paulo
Rappin’ Hood,2025-10-24,2025,Espaço Usine,São Paulo,São Paulo
Before Breathing,2025-10-24,2025,Arena Galeria,São Paulo,São Paulo
Skin Culture,2025-10-24,2025,Arena Galeria,São Paulo,São Paulo
MC Hariel,2025-10-24,2025,Espaço Usine,São Paulo,São Paulo
Skillet,2025-10-24,2025,Audio,São Paulo,São Paulo
Tasha & Tracie,2025-10-24,2025,Espaço Usine,São Paulo,São Paulo
Uttara,2025-10-24,2025,Arena Galeria,São Paulo,São Paulo
Pelados,2025-10-24,2025,Casa Rockambole,São Paulo,São Paulo
Thalin,2025-10-25,2025,Fábrica de Impressões,São Paulo,São Paulo
Os Brutus,2025-10-25,2025,Hangar 110,São Paulo,São Paulo
Ludovic,2025-10-25,2025,City Lights Music Hall,São Paulo,São Paulo
Catto,2025-10-25,2025,Praça Dom José Gaspar,São Paulo,São Paulo
Raimundos,2025-10-25,2025,Allianz Parque,São Paulo,São Paulo
Ferrugem,2025-10-25,2025,Neo Química Arena,São Paulo,São Paulo
Tiago Iorc,2025-10-25,2025,Neo Química Arena,São Paulo,São Paulo
Selton,2025-10-25,2025,SESC Avenida Paulista,São Paulo,São Paulo
TV on the Radio,2025-10-25,2025,Fábrica de Impressões,São Paulo,São Paulo
Eudóxia de Barros,2025-10-25,2025,Praça das Artes,São Paulo,São Paulo
Djuena Tikuna,2025-10-25,2025,Praça Dom José Gaspar,São Paulo,São Paulo
PeLanza,2025-10-25,2025,Neo Química Arena,São Paulo,São Paulo
Mano Brown,2025-10-25,2025,Fábrica de Impressões,São Paulo,São Paulo
Di Ferrero,2025-10-25,2025,Neo Química Arena,São Paulo,São Paulo
Bebê Feio,2025-10-25,2025,Hangar 110,São Paulo,São Paulo
DJ SWISHA,2025-10-25,2025,Teia,São Paulo,São Paulo
YMA,2025-10-25,2025,SESC Belenzinho,São Paulo,São Paulo
Lido Pimienta,2025-10-25,2025,Sesc 14 Bis,São Paulo,São Paulo
Pesta,2025-10-25,2025,Jai Club,São Paulo,São Paulo
Ivete Sangalo,2025-10-25,2025,Jockey Club,São Paulo,São Paulo
Tierra Whack,2025-10-25,2025,Fábrica de Impressões,São Paulo,São Paulo
Negro Leo,2025-10-25,2025,Fábrica de Impressões,São Paulo,São Paulo
Gritando HC,2025-10-25,2025,Hangar 110,São Paulo,São Paulo
Álcool,2025-10-25,2025,Burning House,São Paulo,São Paulo
Soccer Mommy,2025-10-25,2025,Fábrica de Impressões,São Paulo,São Paulo
Marie Davidson,2025-10-25,2025,Teia Klub,São Paulo,São Paulo
Grave Desecrator,2025-10-25,2025,La Iglesia Borratxeria,São Paulo,São Paulo
Jadsa,2025-10-25,2025,Casa Rockambole,São Paulo,São Paulo
Pabllo Vittar,2025-10-25,2025,Vibra São Paulo,São Paulo,São Paulo
Veigh,2025-10-25,2025,Espaço Unimed,São Paulo,São Paulo
Sapo Banjo,2025-10-25,2025,Hangar 110,São Paulo,São Paulo
Dee Diggs,2025-10-25,2025,Teia,São Paulo,São Paulo
Panic Shack,2025-10-25,2025,Fábrica de Impressões,São Paulo,São Paulo
Sadistic Messiah,2025-10-25,2025,Burning House,São Paulo,São Paulo
Jambu,2025-10-25,2025,Casa Rockambole,São Paulo,São Paulo
Evinha,2025-10-25,2025,SESC Pompéia,São Paulo,São Paulo
Magüerbes,2025-10-25,2025,Goela,São Paulo,São Paulo
Shy One,2025-10-25,2025,Teia,São Paulo,São Paulo
Mathew Jonson,2025-10-25,2025,Teia,São Paulo,São Paulo
Velho,2025-10-25,2025,La Iglesia Borratxeria,São Paulo,São Paulo
Chaka Khan,2025-10-25,2025,Fábrica de Impressões,São Paulo,São Paulo
Arca,2025-10-25,2025,Fábrica de Impressões,São Paulo,São Paulo
Stoned Jesus,2025-10-25,2025,Jai Club,São Paulo,São Paulo
Huey,2025-10-25,2025,Goela,São Paulo,São Paulo
X-Coast,2025-10-25,2025,Teia,São Paulo,São Paulo
Maria Bethânia,2025-10-25,2025,Tokio Marine Hall,São Paulo,São Paulo
Metá Metá,2025-10-25,2025,Fábrica de Impressões,São Paulo,São Paulo
terraplana,2025-10-25,2025,Casa Rockambole,São Paulo,São Paulo
Molho Negro,2025-10-25,2025,Casa Rockambole,São Paulo,São Paulo
Nação Zumbi,2025-10-25,2025,Audio,São Paulo,São Paulo
PR.A.DO,2025-10-25,2025,Teia,São Paulo,São Paulo
Podridão,2025-10-25,2025,La Iglesia Borratxeria,São Paulo,São Paulo
Miasthenia,2025-10-25,2025,La Iglesia Borratxeria,São Paulo,São Paulo
D.I.E.,2025-10-25,2025,Teia,São Paulo,São Paulo
Pelados,2025-10-25,2025,Fábrica de Impressões,São Paulo,São Paulo
Chico César,2025-10-25,2025,Pavilhão da Bienal,São Paulo,São Paulo
Guns N’ Roses,2025-10-25,2025,Allianz Parque,São Paulo,São Paulo
EVEHIVE,2025-10-25,2025,Teia,São Paulo,São Paulo
Dedeco,2025-10-25,2025,Teia,São Paulo,São Paulo
Levi Lenzi,2025-10-25,2025,Teia,São Paulo,São Paulo
Kahil El’Zabar,2025-10-25,2025,Teatro SESC Pompéia,São Paulo,São Paulo
Ave Sangria,2025-10-25,2025,Casa Natura Musical,São Paulo,São Paulo
Don L,2025-10-25,2025,Fábrica de Impressões,São Paulo,São Paulo
Clementaum,2025-10-25,2025,Teia,São Paulo,São Paulo
CyberKills,2025-10-26,2025,Zig Studio,São Paulo,São Paulo
Stefanie,2025-10-26,2025,Praça Dom José Gaspar,São Paulo,São Paulo
Hardgainer,2025-10-26,2025,Depois do Fim do Mundo Estúdio,São Paulo,São Paulo
Lido Pimienta,2025-10-26,2025,Sesc 14 Bis,São Paulo,São Paulo
FUSO!,2025-10-26,2025,Zig Studio,São Paulo,São Paulo
Bebê Feio,2025-10-26,2025,Depois do Fim do Mundo Estúdio,São Paulo,São Paulo
Integrity,2025-10-26,2025,Burning House,São Paulo,São Paulo
Sophia Chablau & Felipe Vaqueiro,2025-10-26,2025,Casa Natura Musical,São Paulo,São Paulo
Evinha,2025-10-26,2025,SESC Pompéia,São Paulo,São Paulo
5 a Seco,2025-10-26,2025,SESC Vila Mariana,São Paulo,São Paulo
Maria Bethânia,2025-10-26,2025,Tokio Marine Hall,São Paulo,São Paulo
Obsoletion,2025-10-26,2025,Burning House,São Paulo,São Paulo
Kahil El’Zabar,2025-10-26,2025,Teatro SESC Pompéia,São Paulo,São Paulo
Infortuno,2025-10-26,2025,Burning House,São Paulo,São Paulo
Clementaum,2025-10-26,2025,Zig Studio,São Paulo,São Paulo
Di Melo,2025-10-26,2025,Praça Dom José Gaspar,São Paulo,São Paulo
Arca,2025-10-26,2025,Zig Studio,São Paulo,São Paulo
Cleiton Rasta,2025-10-27,2025,Fatiado Discos e Cervejas Especiais,São Paulo,São Paulo
Crizin da Z.O.,2025-10-27,2025,Centro da Terra,São Paulo,São Paulo
David Cross,2025-10-28,2025,Teatro Sabesp Frei Caneca,São Paulo,São Paulo
Dialeto,2025-10-28,2025,Teatro Sabesp Frei Caneca,São Paulo,São Paulo
Jup do Bairro,2025-10-28,2025,Teatro Oficina,São Paulo,São Paulo
Smoota,2025-10-28,2025,PORTA,São Paulo,São Paulo
Céu,2025-10-28,2025,Google,São Paulo,São Paulo
Caxtrinho,2025-10-29,2025,Casa de Francisca,São Paulo,São Paulo
Crizin da Z.O.,2025-10-29,2025,Fenda 315,São Paulo,São Paulo
Ava Rocha,2025-10-29,2025,Estação Motiva Cultural,São Paulo,São Paulo
Zé Ibarra,2025-10-30,2025,Casa Natura Musical,São Paulo,São Paulo
Ana Carolina,2025-10-30,2025,Tokio Marine Hall,São Paulo,São Paulo
Curumin,2025-10-30,2025,Mundo Pensante,São Paulo,São Paulo
Fruko,2025-10-30,2025,SESC Pompéia,São Paulo,São Paulo
The Whitest Boy Alive,2025-10-30,2025,Audio,São Paulo,São Paulo
DEAFKIDS,2025-10-30,2025,Fffront,São Paulo,São Paulo
Stefano Moliner,2025-10-30,2025,La Iglesia Borratxeria,São Paulo,São Paulo
Seattle Supersonics,2025-10-30,2025,Carioca Club,São Paulo,São Paulo
Xis,2025-10-30,2025,Teatro SESC 24 de Maio,São Paulo,São Paulo
ONEW,2025-10-30,2025,Terra SP,São Paulo,São Paulo
Tom Zé,2025-10-30,2025,SESC Bom Retiro,São Paulo,São Paulo
Virgínia Rodrigues,2025-10-30,2025,Sesc 14 Bis,São Paulo,São Paulo
Gabi Motuba,2025-10-30,2025,Teatro SESC Pompéia,São Paulo,São Paulo
Boogarins,2025-10-30,2025,Cine Joia,São Paulo,São Paulo
Masterplan,2025-10-31,2025,Fabrique Club,São Paulo,São Paulo
CACO/CONCHA,2025-10-31,2025,Escola Politécnica da USP (Universidade Estadual de São Paulo),São Paulo,São Paulo
Lagum,2025-10-31,2025,MorumBIS,São Paulo,São Paulo
Eddie,2025-10-31,2025,City Lights Music Hall,São Paulo,São Paulo
Vale Cinza,2025-10-31,2025,La Iglesia Borratxeria,São Paulo,São Paulo
Jesus Complex,2025-10-31,2025,La Iglesia Borratxeria,São Paulo,São Paulo
When I Die,2025-10-31,2025,La Iglesia Borratxeria,São Paulo,São Paulo
Refused,2025-10-31,2025,Terra SP,São Paulo,São Paulo
Dominique Fils-Aimé,2025-10-31,2025,Sesc 14 Bis,São Paulo,São Paulo
Eu Serei a Hiena,2025-10-31,2025,Terra SP,São Paulo,São Paulo
Trend Kill Ghosts,2025-10-31,2025,Fabrique Club,São Paulo,São Paulo
Nando Reis,2025-10-31,2025,Suhai Music Hall,São Paulo,São Paulo
Imagine Dragons,2025-10-31,2025,MorumBIS,São Paulo,São Paulo
Seventh Seal,2025-10-31,2025,Fabrique Club,São Paulo,São Paulo
Cólera,2025-10-31,2025,SESC Avenida Paulista,São Paulo,São Paulo
Otoboke Beaver,2025-10-31,2025,Cine Joia,São Paulo,São Paulo
Baco Exu do Blues,2025-10-31,2025,Espaço Unimed,São Paulo,São Paulo
Deserdados,2025-11-01,2025,Jai Club,São Paulo,São Paulo
Garotos Podres,2025-11-01,2025,Jai Club,São Paulo,São Paulo
Nanowar of Steel,2025-11-01,2025,Carioca Club,São Paulo,São Paulo
Guantas,2025-11-01,2025,Memorial da América Latina,São Paulo,São Paulo
Lagum,2025-11-01,2025,MorumBIS,São Paulo,São Paulo
Garage Fuzz,2025-11-01,2025,SESC Avenida Paulista,São Paulo,São Paulo
Dor,2025-11-01,2025,Estúdio Páprica,São Paulo,São Paulo
Etran de L’Aïr,2025-11-01,2025,SESC Pompéia,São Paulo,São Paulo
Exclusive Os Cabides,2025-11-01,2025,PORTA,São Paulo,São Paulo
Lixomania,2025-11-01,2025,Jai Club,São Paulo,São Paulo
Fecaloma,2025-11-01,2025,Depois do Fim do Mundo Estúdio,São Paulo,São Paulo
Heidevolk,2025-11-01,2025,Carioca Club,São Paulo,São Paulo
Adriana Partimpim,2025-11-01,2025,Vibra São Paulo,São Paulo,São Paulo
Amina Claudine Myers Trio,2025-11-01,2025,Teatro SESC Pompéia,São Paulo,São Paulo
Fagner,2025-11-01,2025,Tokio Marine Hall,São Paulo,São Paulo
Halleck,2025-11-01,2025,Porão da Cerveja,São Paulo,São Paulo
Duquesa,2025-11-01,2025,SESC Belenzinho,São Paulo,São Paulo
Rodrigo Ogi,2025-11-01,2025,Casa Natura Musical,São Paulo,São Paulo
Imagine Dragons,2025-11-01,2025,MorumBIS,São Paulo,São Paulo
Capitão Fausto,2025-11-01,2025,Cine Joia,São Paulo,São Paulo
Michale Graves,2025-11-01,2025,Hangar 110,São Paulo,São Paulo
Aymée Nuviola,2025-11-01,2025,Sesc 14 Bis,São Paulo,São Paulo
Gustavo Mioto,2025-11-01,2025,Espaço Unimed,São Paulo,São Paulo
Mogwai,2025-11-02,2025,Parque do Ibirapuera,São Paulo,São Paulo
Personas,2025-11-02,2025,Casa Rockambole,São Paulo,São Paulo
Ponto de Equilíbrio,2025-11-02,2025,Espaço Unimed,São Paulo,São Paulo
Otoboke Beaver,2025-11-02,2025,Parque do Ibirapuera,São Paulo,São Paulo
Marduk,2025-11-02,2025,Manifesto Bar,São Paulo,São Paulo
Sturm Café,2025-11-02,2025,Madame Club,São Paulo,São Paulo
The Wailers,2025-11-02,2025,Espaço Unimed,São Paulo,São Paulo
Bloc Party,2025-11-02,2025,Parque do Ibirapuera,São Paulo,São Paulo
Bebê Feio,2025-11-02,2025,Depois do Fim do Mundo Estúdio,São Paulo,São Paulo
Judeline,2025-11-02,2025,Parque do Ibirapuera,São Paulo,São Paulo
A.K.A. Linda Green,2025-11-02,2025,Parque do Ibirapuera,São Paulo,São Paulo
I Set My Friends on Fire,2025-11-02,2025,Audio,São Paulo,São Paulo
Planta & Raiz,2025-11-02,2025,Espaço Unimed,São Paulo,São Paulo
Gloria,2025-11-02,2025,Audio,São Paulo,São Paulo
Dischavizer,2025-11-02,2025,Instituto Raiz da Serra,São Paulo,São Paulo
F.D.S.,2025-11-02,2025,Instituto Raiz da Serra,São Paulo,São Paulo
Halleck,2025-11-02,2025,La Iglesia Borratxeria,São Paulo,São Paulo
Id Est Me,2025-11-02,2025,Depois do Fim do Mundo Estúdio,São Paulo,São Paulo
Amina Claudine Myers Trio,2025-11-02,2025,Teatro SESC Pompéia,São Paulo,São Paulo
Trio Mocotó,2025-11-02,2025,SESC Pompéia,São Paulo,São Paulo
Wagner Tiso,2025-11-02,2025,Teatro SESC 24 de Maio,São Paulo,São Paulo
Bella e o Olmo da Bruxa,2025-11-02,2025,SESC Belenzinho,São Paulo,São Paulo
Aymée Nuviola,2025-11-02,2025,Sesc 14 Bis,São Paulo,São Paulo
Etran de L’Aïr,2025-11-02,2025,SESC Pompéia,São Paulo,São Paulo
Weezer,2025-11-02,2025,Parque do Ibirapuera,São Paulo,São Paulo
Decreto Lei 50,2025-11-02,2025,Porão da Cerveja,São Paulo,São Paulo
Djavan,2025-11-04,2025,Estúdios Globo São Paulo,São Paulo,São Paulo
Kiko Dinucci,2025-11-04,2025,Bona Casa de Música,São Paulo,São Paulo
Ney Matogrosso,2025-11-04,2025,Google,São Paulo,São Paulo
PLUMA,2025-11-04,2025,Audio,São Paulo,São Paulo
L’Impératrice,2025-11-04,2025,Audio,São Paulo,São Paulo
Tash Sultana,2025-11-05,2025,Audio,São Paulo,São Paulo
Geordie Greep,2025-11-05,2025,Bar Alto,São Paulo,São Paulo
Thomas Strønen,2025-11-05,2025,SESC 24 de Maio,São Paulo,São Paulo
Kisser Clan,2025-11-06,2025,Teatro Bradesco,São Paulo,São Paulo
La Inquisición,2025-11-06,2025,La Iglesia Borratxeria,São Paulo,São Paulo
Owen,2025-11-06,2025,Jai Club,São Paulo,São Paulo
Rom Santana,2025-11-06,2025,SESC Pompéia,São Paulo,São Paulo
Faca Preta,2025-11-06,2025,La Iglesia Borratxeria,São Paulo,São Paulo
Macaco Bong,2025-11-06,2025,Picles Cardeal,São Paulo,São Paulo
Ajuliacosta,2025-11-06,2025,Casa Natura Musical,São Paulo,São Paulo
terraplana,2025-11-06,2025,Bar Alto,São Paulo,São Paulo
Cyro Sampaio,2025-11-06,2025,Jai Club,São Paulo,São Paulo
Poppy,2025-11-06,2025,Cine Joia,São Paulo,São Paulo
Horse Jumper of Love,2025-11-06,2025,Bar Alto,São Paulo,São Paulo
Rafael Castro,2025-11-06,2025,Casa de Francisca,São Paulo,São Paulo
Anna of the North,2025-11-07,2025,Teatro Bradesco,São Paulo,São Paulo
Pedro Sá,2025-11-07,2025,Casa Rockambole,São Paulo,São Paulo
Damiano David,2025-11-07,2025,Tokio Marine Hall,São Paulo,São Paulo
Hurtmold,2025-11-07,2025,SESC Belenzinho,São Paulo,São Paulo
BANKS,2025-11-07,2025,Cine Joia,São Paulo,São Paulo
Helado Negro,2025-11-07,2025,Casa Rockambole,São Paulo,São Paulo
Budang,2025-11-07,2025,La Iglesia Borratxeria,São Paulo,São Paulo
Harakiri for the Sky,2025-11-07,2025,Burning House,São Paulo,São Paulo
Halfsleeper,2025-11-07,2025,Burning House,São Paulo,São Paulo
Halfsleeper,2025-11-08,2025,Madame Club,São Paulo,São Paulo
Matuê,2025-11-08,2025,Komplexo Tempo,São Paulo,São Paulo
COBRAH,2025-11-08,2025,Fabriketa,São Paulo,São Paulo
Urias,2025-11-08,2025,Fabriketa,São Paulo,São Paulo
HammerFall,2025-11-08,2025,VIP Station,São Paulo,São Paulo
The Real McKenzies,2025-11-08,2025,Jai Club,São Paulo,São Paulo
Marisa Monte,2025-11-08,2025,Parque do Ibirapuera,São Paulo,São Paulo
Rose Gray,2025-11-08,2025,Fabriketa,São Paulo,São Paulo
Throw Me to the Wolves,2025-11-08,2025,VIP Station,São Paulo,São Paulo
Cap’n Jazz,2025-11-08,2025,Cine Joia,São Paulo,São Paulo
Seun Kuti,2025-11-08,2025,SESC Pompéia,São Paulo,São Paulo
CPM 22,2025-11-08,2025,Expo Barra Funda,São Paulo,São Paulo
Esteban Tavares,2025-11-08,2025,Hangar 110,São Paulo,São Paulo
Supla,2025-11-08,2025,Vibra São Paulo,São Paulo,São Paulo
DUDA BEAT,2025-11-08,2025,Fabriketa,São Paulo,São Paulo
Bree Runway,2025-11-08,2025,Fabriketa,São Paulo,São Paulo
Karol Conká,2025-11-08,2025,Teatro SESC 24 de Maio,São Paulo,São Paulo
Katy da Voz e as Abusadas,2025-11-08,2025,Fabriketa,São Paulo,São Paulo
Billy Idol,2025-11-08,2025,Vibra São Paulo,São Paulo,São Paulo
Roots – Sepultura Tributo,2025-11-08,2025,Woodstock Rock Store,São Paulo,São Paulo
Chameleo,2025-11-08,2025,Fabriketa,São Paulo,São Paulo
cotoba,2025-11-08,2025,La Iglesia Borratxeria,São Paulo,São Paulo
Poppy,2025-11-08,2025,MorumBIS,São Paulo,São Paulo
Linkin Park,2025-11-08,2025,MorumBIS,São Paulo,São Paulo
Cova Rasa,2025-11-08,2025,VIP Station,São Paulo,São Paulo
Pelados,2025-11-08,2025,Cultura Livre,São Paulo,São Paulo
Selofan,2025-11-08,2025,Madame Club,São Paulo,São Paulo
Marrakesh ʘ,2025-11-08,2025,Cine Joia,São Paulo,São Paulo
Seun Kuti,2025-11-09,2025,SESC Pompéia,São Paulo,São Paulo
Horse Jumper of Love,2025-11-09,2025,Tokio Marine Hall,São Paulo,São Paulo
Hellway Train,2025-11-09,2025,Jai Club,São Paulo,São Paulo
Walfredo em Busca da Simbiose,2025-11-09,2025,Tokio Marine Hall,São Paulo,São Paulo
Geordie Greep,2025-11-09,2025,Tokio Marine Hall,São Paulo,São Paulo
Ambush,2025-11-09,2025,Jai Club,São Paulo,São Paulo
Jovens Ateus,2025-11-09,2025,Tokio Marine Hall,São Paulo,São Paulo
Yo La Tengo,2025-11-09,2025,Tokio Marine Hall,São Paulo,São Paulo
Gab Ferreira,2025-11-09,2025,Tokio Marine Hall,São Paulo,São Paulo
Stereolab,2025-11-09,2025,Tokio Marine Hall,São Paulo,São Paulo
Marisa Monte,2025-11-09,2025,Parque do Ibirapuera,São Paulo,São Paulo
Chase Atlantic,2025-11-09,2025,Suhai Music Hall,São Paulo,São Paulo
Viper,2025-11-09,2025,Galeria Olido,São Paulo,São Paulo
Karol Conká,2025-11-09,2025,Teatro SESC 24 de Maio,São Paulo,São Paulo
Clenched Fist,2025-11-09,2025,Jai Club,São Paulo,São Paulo
Dire Straits Legacy,2025-11-09,2025,Espaço Unimed,São Paulo,São Paulo
Yo La Tengo,2025-11-10,2025,Cine Joia,São Paulo,São Paulo
Sister Nancy,2025-11-11,2025,Cine Joia,São Paulo,São Paulo
Primal Scream,2025-11-11,2025,Audio,São Paulo,São Paulo
Frente Cumbiero,2025-11-12,2025,Prato do Dia,São Paulo,São Paulo
Nilüfer Yanya,2025-11-12,2025,Cine Joia,São Paulo,São Paulo
Kiko Dinucci,2025-11-12,2025,PORTA,São Paulo,São Paulo
Polo & Pan,2025-11-12,2025,Audio,São Paulo,São Paulo
Massive Attack,2025-11-13,2025,Espaço Unimed,São Paulo,São Paulo
Inferno Nuclear,2025-11-13,2025,La Iglesia Borratxeria,São Paulo,São Paulo
Rhegia,2025-11-13,2025,La Iglesia Borratxeria,São Paulo,São Paulo
Podeserdesligado,2025-11-13,2025,Pavilhão da Bienal,São Paulo,São Paulo
Andralls,2025-11-13,2025,La Iglesia Borratxeria,São Paulo,São Paulo
Cavalera Conspiracy,2025-11-13,2025,Espaço Unimed,São Paulo,São Paulo
Francinni Bessie,2025-11-13,2025,Gaz Burning Bar,São Paulo,São Paulo
James,2025-11-13,2025,Audio,São Paulo,São Paulo
Jaloo,2025-11-14,2025,Casa Natura Musical,São Paulo,São Paulo
Roberto Carlos,2025-11-14,2025,Suhai Music Hall,São Paulo,São Paulo
Now United,2025-11-14,2025,Vibra São Paulo,São Paulo,São Paulo
Yago Oproprio,2025-11-14,2025,SESC Belenzinho,São Paulo,São Paulo
Motorama,2025-11-14,2025,Hangar 110,São Paulo,São Paulo
Frente Cumbiero,2025-11-14,2025,Centro Cultural Tendal da Lapa,São Paulo,São Paulo
Hammerhead Blues,2025-11-14,2025,La Iglesia Borratxeria,São Paulo,São Paulo
Capital Inicial,2025-11-14,2025,Espaço Unimed,São Paulo,São Paulo
Grave Digger,2025-11-14,2025,Carioca Club,São Paulo,São Paulo
Just Heroes,2025-11-14,2025,Carioca Club,São Paulo,São Paulo
Odair José,2025-11-14,2025,Bona Casa de Música,São Paulo,São Paulo
Giant Jellyfish,2025-11-14,2025,La Iglesia Borratxeria,São Paulo,São Paulo
Paula Toller,2025-11-15,2025,Private Venue,São Paulo,São Paulo
Yohan Kisser,2025-11-15,2025,Espaço Unimed,São Paulo,São Paulo
Ema Stoned,2025-11-15,2025,Fffront,São Paulo,São Paulo
Mu540,2025-11-15,2025,Sonora Garden,São Paulo,São Paulo
Capital Inicial,2025-11-15,2025,Espaço Unimed,São Paulo,São Paulo
Projeto Nave,2025-11-15,2025,A Porta Maldita,São Paulo,São Paulo
Duquesa,2025-11-15,2025,Sonora Garden,São Paulo,São Paulo
Now United,2025-11-15,2025,Vibra São Paulo,São Paulo,São Paulo
Rom Santana,2025-11-15,2025,Sonora Garden,São Paulo,São Paulo
BK,2025-11-15,2025,Sonora Garden,São Paulo,São Paulo
O Kannalha,2025-11-15,2025,Sonora Garden,São Paulo,São Paulo
Carlos do Complexo,2025-11-15,2025,Sonora Garden,São Paulo,São Paulo
Francinni Bessie,2025-11-15,2025,Twang Lab Studio,São Paulo,São Paulo
Podeserdesligado,2025-11-15,2025,Pavilhão da Bienal,São Paulo,São Paulo
Fresno,2025-11-15,2025,Expo Center Norte,São Paulo,São Paulo
Roberto Carlos,2025-11-15,2025,Suhai Music Hall,São Paulo,São Paulo
Paulo Ricardo,2025-11-15,2025,The Cavern Club São Paulo,São Paulo,São Paulo
Urias,2025-11-15,2025,Sonora Garden,São Paulo,São Paulo
BaianaSystem,2025-11-15,2025,Allianz Parque,São Paulo,São Paulo
Dexter,2025-11-15,2025,Pavilhão da Bienal,São Paulo,São Paulo
Jenni Sex,2025-11-15,2025,Tokio Marine Hall,São Paulo,São Paulo
Blasphemaniac,2025-11-15,2025,Jai Club,São Paulo,São Paulo
Groza,2025-11-15,2025,Jai Club,São Paulo,São Paulo
Molchat Doma,2025-11-15,2025,Tokio Marine Hall,São Paulo,São Paulo
Planet Hemp,2025-11-15,2025,Allianz Parque,São Paulo,São Paulo
Dua Lipa,2025-11-15,2025,MorumBIS,São Paulo,São Paulo
Ato Fálico,2025-11-16,2025,Centro Cultural Tendal da Lapa,São Paulo,São Paulo
No Violence,2025-11-16,2025,Centro Cultural Tendal da Lapa,São Paulo,São Paulo
Francinni Bessie,2025-11-16,2025,Hot Rod Dog,São Paulo,São Paulo
Ethel Hunter,2025-11-16,2025,Centro Cultural Tendal da Lapa,São Paulo,São Paulo
Octopoulpe,2025-11-16,2025,Centro Cultural Tendal da Lapa,São Paulo,São Paulo
O Grande Babaca,2025-11-16,2025,Casa Rockambole,São Paulo,São Paulo
Seun Kuti & Egypt 80,2025-11-16,2025,Bourbon Street Music Club,São Paulo,São Paulo
Stomp,2025-11-16,2025,Centro Cultural Tendal da Lapa,São Paulo,São Paulo
Surra,2025-11-16,2025,Centro Cultural Tendal da Lapa,São Paulo,São Paulo
MEE,2025-11-16,2025,Centro Cultural Tendal da Lapa,São Paulo,São Paulo
Plague Rages,2025-11-16,2025,Burning House,São Paulo,São Paulo
VØID IT,2025-11-16,2025,Burning House,São Paulo,São Paulo
Social Shit,2025-11-16,2025,Centro Cultural Tendal da Lapa,São Paulo,São Paulo
Electric Gypsy,2025-11-16,2025,VIP Station,São Paulo,São Paulo
Lupe de Lupe,2025-11-16,2025,Casa Rockambole,São Paulo,São Paulo
Glenn Hughes,2025-11-16,2025,VIP Station,São Paulo,São Paulo
Paura,2025-11-16,2025,Centro Cultural Tendal da Lapa,São Paulo,São Paulo
D.E.R.,2025-11-16,2025,Burning House,São Paulo,São Paulo
Desalmado,2025-11-16,2025,Burning House,São Paulo,São Paulo
Rotten Sound,2025-11-16,2025,Burning House,São Paulo,São Paulo
Baixo Calão,2025-11-16,2025,Burning House,São Paulo,São Paulo
Rabujos,2025-11-16,2025,Burning House,São Paulo,São Paulo
Discurso de Pobre,2025-11-16,2025,Centro Cultural Tendal da Lapa,São Paulo,São Paulo
Obsoletion,2025-11-16,2025,Centro Cultural Tendal da Lapa,São Paulo,São Paulo
Pathologic Noise,2025-11-16,2025,La Iglesia Borratxeria,São Paulo,São Paulo
Osas Destiny,2025-11-16,2025,Fatiado Discos e Cervejas Especiais,São Paulo,São Paulo
Gloryhammer,2025-11-16,2025,Carioca Club,São Paulo,São Paulo
Megahertz,2025-11-16,2025,La Iglesia Borratxeria,São Paulo,São Paulo
Juvi,2025-11-16,2025,Casa Rockambole,São Paulo,São Paulo
Leviaethan,2025-11-16,2025,La Iglesia Borratxeria,São Paulo,São Paulo
Vitor Brauer,2025-11-17,2025,Fatiado Discos e Cervejas Especiais,São Paulo,São Paulo
Amaro Freitas,2025-11-17,2025,Teatro Sabesp Frei Caneca,São Paulo,São Paulo
Adriana Moreira,2025-11-18,2025,Espaço Unimed,São Paulo,São Paulo
Drik Barbosa,2025-11-18,2025,Espaço Unimed,São Paulo,São Paulo
Boyce Avenue,2025-11-18,2025,Audio,São Paulo,São Paulo
Charlotte Matou um Cara,2025-11-18,2025,Centro Cultural São Paulo,São Paulo,São Paulo
Marcio Art,2025-11-18,2025,Espaço Unimed,São Paulo,São Paulo
Perotá Chingó,2025-11-18,2025,Casa Natura Musical,São Paulo,São Paulo
Mano Brown,2025-11-18,2025,Espaço Unimed,São Paulo,São Paulo
Rappin’ Hood,2025-11-18,2025,Espaço Unimed,São Paulo,São Paulo
Seu Jorge,2025-11-18,2025,Espaço Unimed,São Paulo,São Paulo
Luedji Luna,2025-11-18,2025,Espaço Unimed,São Paulo,São Paulo
Combover,2025-11-19,2025,Estúdio Aurora,São Paulo,São Paulo
Cleiton Rasta,2025-11-19,2025,Casa El Cabriton,São Paulo,São Paulo
Juçara Marçal,2025-11-19,2025,Casa de Francisca,São Paulo,São Paulo
Francinni Bessie,2025-11-19,2025,Garajinho do Julinho,São Paulo,São Paulo
Octopoulpe,2025-11-19,2025,Fenda 315,São Paulo,São Paulo
Alice Caymmi,2025-11-19,2025,Teatro Multiplan MorumbiShopping,São Paulo,São Paulo
Djonga,2025-11-19,2025,Espaço Unimed,São Paulo,São Paulo
Ivan Lins,2025-11-20,2025,Praça Charles Miller,São Paulo,São Paulo
Alzira E + Corte,2025-11-20,2025,A Porta Maldita,São Paulo,São Paulo
Juçara Marçal,2025-11-20,2025,Casa de Francisca,São Paulo,São Paulo
Os Garotin,2025-11-20,2025,Audio,São Paulo,São Paulo
Smack,2025-11-20,2025,Red Star Studios,São Paulo,São Paulo
KOKOKO!,2025-11-20,2025,Centro Cultural Tendal da Lapa,São Paulo,São Paulo
Simone,2025-11-20,2025,Praça Charles Miller,São Paulo,São Paulo
boasorte,2025-11-20,2025,La Iglesia Borratxeria,São Paulo,São Paulo
Geminis Bee Gees,2025-11-20,2025,Teatro Bradesco,São Paulo,São Paulo
Andrea Bocelli,2025-11-20,2025,Praça Charles Miller,São Paulo,São Paulo
Paula Lima,2025-11-20,2025,Praça Charles Miller,São Paulo,São Paulo
Francinni Bessie,2025-11-21,2025,Gaz Burning Bar,São Paulo,São Paulo
Alee,2025-11-21,2025,Neo Química Arena,São Paulo,São Paulo
Andrea Bocelli,2025-11-21,2025,Mercado Livre Arena Pacaembu,São Paulo,São Paulo
"Ryu, the Runner",2025-11-21,2025,Neo Química Arena,São Paulo,São Paulo
D. Savage,2025-11-21,2025,Neo Química Arena,São Paulo,São Paulo
Abbot,2025-11-21,2025,Neo Química Arena,São Paulo,São Paulo
Spectral Despair,2025-11-21,2025,La Iglesia Borratxeria,São Paulo,São Paulo
Skrilla,2025-11-21,2025,Neo Química Arena,São Paulo,São Paulo
Tz da Coronel,2025-11-21,2025,Neo Química Arena,São Paulo,São Paulo
Léo Jaime,2025-11-21,2025,The Cavern Club São Paulo,São Paulo,São Paulo
Id Est Me,2025-11-21,2025,La Iglesia Borratxeria,São Paulo,São Paulo
Desalmado,2025-11-21,2025,La Iglesia Borratxeria,São Paulo,São Paulo
Caio Luccas,2025-11-21,2025,Neo Química Arena,São Paulo,São Paulo
Chitãozinho & Xororó,2025-11-21,2025,Espaço Unimed,São Paulo,São Paulo
Molho Negro,2025-11-21,2025,Casa Rockambole,São Paulo,São Paulo
Oodaredevil,2025-11-22,2025,Neo Química Arena,São Paulo,São Paulo
Gueppardo,2025-11-22,2025,La Iglesia Borratxeria,São Paulo,São Paulo
Children of the Beast,2025-11-22,2025,Galeria do Rock,São Paulo,São Paulo
Huey,2025-11-22,2025,A Porta Maldita,São Paulo,São Paulo
Children of the Beast,2025-11-22,2025,Lata Velha Rock Bar,Osasco,São Paulo
Major RD,2025-11-22,2025,Neo Química Arena,São Paulo,São Paulo
Andrea Bocelli,2025-11-22,2025,Mercado Livre Arena Pacaembu,São Paulo,São Paulo
Cruzador Fantasma,2025-11-22,2025,La Iglesia Borratxeria,São Paulo,São Paulo
lōtico,2025-11-22,2025,A Porta Maldita,São Paulo,São Paulo
Lil Gotit,2025-11-22,2025,Neo Química Arena,São Paulo,São Paulo
Bktherula,2025-11-22,2025,Neo Química Arena,São Paulo,São Paulo
Oasis,2025-11-22,2025,MorumBIS,São Paulo,São Paulo
Kaash Paige,2025-11-22,2025,Neo Química Arena,São Paulo,São Paulo
Arctodus Savage,2025-11-22,2025,La Iglesia Borratxeria,São Paulo,São Paulo
Richard Ashcroft,2025-11-22,2025,MorumBIS,São Paulo,São Paulo
FERG,2025-11-22,2025,Neo Química Arena,São Paulo,São Paulo
Armadilha,2025-11-22,2025,La Iglesia Borratxeria,São Paulo,São Paulo
Francinni Bessie,2025-11-22,2025,Steel Music Bar,São Paulo,São Paulo
Chitãozinho & Xororó,2025-11-22,2025,Espaço Unimed,São Paulo,São Paulo
bbno$,2025-11-22,2025,Cine Joia,São Paulo,São Paulo
Matanza Inc,2025-11-23,2025,Tarantino Cervejaria,São Paulo,São Paulo
Young Thug,2025-11-23,2025,Neo Química Arena,São Paulo,São Paulo
Matuê,2025-11-23,2025,Neo Química Arena,São Paulo,São Paulo
Oasis,2025-11-23,2025,MorumBIS,São Paulo,São Paulo
O Terço,2025-11-23,2025,The Cavern Club São Paulo,São Paulo,São Paulo
Raffa Moreira,2025-11-23,2025,Neo Química Arena,São Paulo,São Paulo
Yunk Vino,2025-11-23,2025,Neo Química Arena,São Paulo,São Paulo
Plutão Já Foi Planeta,2025-11-23,2025,Tarantino Cervejaria,São Paulo,São Paulo
Punkzilla!,2025-11-23,2025,Tarantino Cervejaria,São Paulo,São Paulo
Ulcerate,2025-11-23,2025,La Iglesia Borratxeria,São Paulo,São Paulo
Deb and The Mentals,2025-11-23,2025,Tarantino Cervejaria,São Paulo,São Paulo
Isabella Taviani,2025-11-23,2025,Tokio Marine Hall,São Paulo,São Paulo
Basttardz,2025-11-23,2025,Tarantino Cervejaria,São Paulo,São Paulo
Bebê Feio,2025-11-23,2025,Tarantino Cervejaria,São Paulo,São Paulo
MC Livinho,2025-11-23,2025,Suhai Music Hall,São Paulo,São Paulo
Mundo Livre S/A,2025-11-23,2025,Pavilhão da Bienal,São Paulo,São Paulo
Maciel Salú,2025-11-23,2025,Pavilhão da Bienal,São Paulo,São Paulo
Karina Buhr,2025-11-23,2025,Pavilhão da Bienal,São Paulo,São Paulo
Escombro,2025-11-23,2025,Tarantino Cervejaria,São Paulo,São Paulo
Seun Kuti & Egypt 80,2025-11-23,2025,Mundo Pensante,São Paulo,São Paulo
Arkona,2025-11-23,2025,Carioca Club,São Paulo,São Paulo
Esteban Tavares,2025-11-23,2025,Tarantino Cervejaria,São Paulo,São Paulo
Atrocity,2025-11-23,2025,Carioca Club,São Paulo,São Paulo
MC Hariel,2025-11-23,2025,Suhai Music Hall,São Paulo,São Paulo
Skepta,2025-11-23,2025,Neo Química Arena,São Paulo,São Paulo
Richard Ashcroft,2025-11-23,2025,MorumBIS,São Paulo,São Paulo
Leaves’ Eyes,2025-11-23,2025,Carioca Club,São Paulo,São Paulo
UnoTheActivist,2025-11-23,2025,Neo Química Arena,São Paulo,São Paulo
