nome;data;ano;nome_local;Pista;Pista Premium;Camarote;Cadeira Inferior;Cadeira Inferior Visão Parcial;Cadeira Superior;Cadeira Superior Visão Parcial;Mesa;Cadeira;Open Bar;Arquibancada;PIT;Early Entrance;Lolla Pista;Lolla Lounge;Lolla Confort;Meet & Greet;Backstage;Mezanino ;Frontstage;VIP I;VIP II;Super Premium;Bistrô Superior;Lounge
ZEZE DI CAMARGO & LUCIANO;04/09/2021;2021;ESPACO DAS AMERICAS;170;280;1800;350;0;220;0;0;0;0;0;0;0;0;0;0;0;0;0;0;0;0;0;0;0
OS PARALAMAS DO SUCESSO;02/10/2021;2021;ESPACO DAS AMERICAS;200;0;0;0;0;0;0;0;0;0;0;0;0;0;0;0;0;0;0;0;0;0;0;0;0
FERNANDO & SOROCABA;22/10/2021;2021;VILLA COUNTRY;200;550;0;120;0;80;0;0;0;0;0;0;0;0;0;0;0;0;0;0;0;0;0;0;0
MAIARA & MARAISA;22/10/2021;2021;VILLA COUNTRY;200;550;0;120;0;80;0;0;0;0;0;0;0;0;0;0;0;0;0;0;0;0;0;0;0
FERNANDO & SOROCABA;23/10/2021;2021;VILLA COUNTRY;200;550;0;120;0;80;0;0;0;0;0;0;0;0;0;0;0;0;0;0;0;0;0;0;0
MAIARA & MARAISA;23/10/2021;2021;VILLA COUNTRY;200;550;0;120;0;80;0;0;0;0;0;0;0;0;0;0;0;0;0;0;0;0;0;0;0
VANESSA DA MATA;23/10/2021;2021;TOM BRASIL;198;0;0;0;0;0;0;0;0;0;0;0;0;0;0;0;0;0;0;0;0;0;0;0;0
ZECA PAGODINHO;12/11/2021;2021;ESPACO DAS AMERICAS;210;320;420;280;0;0;0;0;0;0;0;0;0;0;0;0;0;0;0;0;0;0;0;0;0
CAPITAL INICIAL;14/11/2021;2021;AUTODROMO DE INTERLAGOS;0;0;0;0;0;0;0;0;0;0;0;0;0;0;0;0;0;0;0;0;0;0;0;0;0
TITAS;20/11/2021;2021;ARENA ANHEMBI;180;300;500;0;0;0;0;0;0;0;0;0;0;0;0;0;0;0;0;0;0;0;0;0;0
GUSTAVO MIOTO;27/11/2021;2021;PAVILHAO DO TRANSAMERICA EXPO CENTER;0;0;0;0;0;0;0;0;0;0;0;0;0;0;0;0;0;0;0;0;0;0;0;0;0
JOAO GOMES;02/12/2021;2021;CENTRO DE TRADICOES NORDESTINAS;0;0;0;0;0;0;0;0;0;0;0;0;0;0;0;0;0;0;0;0;0;0;0;0;0
TARCISIO DO ACORDEON;02/12/2021;2021;CENTRO DE TRADICOES NORDESTINAS;0;0;0;0;0;0;0;0;0;0;0;0;0;0;0;0;0;0;0;0;0;0;0;0;0
VITOR FERNANDES;02/12/2021;2021;CENTRO DE TRADICOES NORDESTINAS;0;0;0;0;0;0;0;0;0;0;0;0;0;0;0;0;0;0;0;0;0;0;0;0;0
JOAO GOMES;03/12/2021;2021;CENTRO DE TRADICOES NORDESTINAS;0;0;0;0;0;0;0;0;0;0;0;0;0;0;0;0;0;0;0;0;0;0;0;0;0
TARCISIO DO ACORDEON;03/12/2021;2021;CENTRO DE TRADICOES NORDESTINAS;0;0;0;0;0;0;0;0;0;0;0;0;0;0;0;0;0;0;0;0;0;0;0;0;0
VITOR FERNANDES;03/12/2021;2021;CENTRO DE TRADICOES NORDESTINAS;0;0;0;0;0;0;0;0;0;0;0;0;0;0;0;0;0;0;0;0;0;0;0;0;0
JOAO GOMES;04/12/2021;2021;ARENA ANHEMBI;550;990;0;560;0;390;0;0;0;0;0;0;0;0;0;0;0;0;0;0;0;0;0;0;0
LEO SANTANA;04/12/2021;2021;ARENA ANHEMBI;550;990;0;560;0;390;0;0;0;0;0;0;0;0;0;0;0;0;0;0;0;0;0;0;0
WESLEY SAFADAO;04/12/2021;2021;ARENA ANHEMBI;550;990;0;560;0;390;0;0;0;0;0;0;0;0;0;0;0;0;0;0;0;0;0;0;0
ZE NETO & CRISTIANO;04/12/2021;2021;ARENA ANHEMBI;550;990;0;560;0;390;0;0;0;0;0;0;0;0;0;0;0;0;0;0;0;0;0;0;0
IVETE SANGALO;10/12/2021;2021;ESPACO DAS AMERICAS;260;420;500;0;0;0;0;0;0;0;0;0;0;0;0;0;0;0;0;0;0;0;0;0;0
VEIGH;10/12/2021;2021;AUDIO;0;0;0;0;0;0;0;0;0;0;0;0;0;0;0;0;0;0;0;0;0;0;0;0;0
YUNK VINO;10/12/2021;2021;AUDIO;0;0;0;0;0;0;0;0;0;0;0;0;0;0;0;0;0;0;0;0;0;0;0;0;0
HENRIQUE & JULIANO;17/12/2021;2021;ESTADIO DO CANINDE;250;560;0;250;0;100;0;0;0;0;0;0;0;0;0;0;0;1690;0;0;0;0;0;0;0
LUAN SANTANA;19/12/2021;2021;ESPACO DAS AMERICAS;0;120;260;0;0;0;0;0;0;0;0;0;0;0;0;0;0;0;0;0;0;0;0;0;0
NANDO REIS;23/12/2021;2021;ESPACO DAS AMERICAS;130;220;250;180;0;0;0;0;0;0;0;0;0;0;0;0;0;0;0;0;0;0;0;0;0
JORGE & MATEUS;08/01/2022;2022;EXPO CENTER NORTE;200;560;0;0;0;0;0;0;0;0;90;0;0;0;0;0;0;0;0;0;0;0;0;0;0
PEDRO SAMPAIO;08/01/2022;2022;EXPO CENTER NORTE;200;560;0;0;0;0;0;0;0;0;90;0;0;0;0;0;0;0;0;0;0;0;0;0;0
DENNIS;22/01/2022;2022;SAO PAULO EXPO;0;0;380;0;0;0;0;420;0;0;0;0;0;0;0;0;0;0;0;0;0;0;0;0;0
FERRUGEM;22/01/2022;2022;SAO PAULO EXPO;0;0;380;0;0;0;0;420;0;0;0;0;0;0;0;0;0;0;0;0;0;0;0;0;0
GUSTAVO MIOTO;22/01/2022;2022;SAO PAULO EXPO;0;0;380;0;0;0;0;420;0;0;0;0;0;0;0;0;0;0;0;0;0;0;0;0;0
LUISA SONZA;28/01/2022;2022;TRANSAMERICA EXPO CENTER;0;0;0;0;0;0;0;0;0;0;0;0;0;0;0;0;0;0;0;0;0;0;0;0;0
CALCINHA PRETA;04/02/2022;2022;CENTRO DE TRADICOES NORDESTINAS;200;0;0;0;0;0;0;0;0;0;0;0;0;0;0;0;0;0;0;0;0;0;0;0;0
MARISA MONTE;04/02/2022;2022;ESPACO DAS AMERICAS;220;400;650;0;0;0;0;0;0;0;0;0;0;0;0;0;0;0;0;0;0;0;0;0;0
OS BAROES DA PISADINHA;04/02/2022;2022;CENTRO DE TRADICOES NORDESTINAS;200;0;0;0;0;0;0;0;0;0;0;0;0;0;0;0;0;0;0;0;0;0;0;0;0
FERRUGEM;05/02/2022;2022;ESTADIO DO CANINDE;0;0;465;645;0;0;0;0;0;0;0;0;0;0;0;0;0;0;0;0;1465;0;0;0;0
LUAN SANTANA;05/02/2022;2022;ESTADIO DO CANINDE;0;0;465;645;0;0;0;0;0;0;0;0;0;0;0;0;0;0;0;0;1465;0;0;0;0
LUDMILLA;05/02/2022;2022;ESTADIO DO CANINDE;0;0;465;645;0;0;0;0;0;0;0;0;0;0;0;0;0;0;0;0;1465;0;0;0;0
MARISA MONTE;05/02/2022;2022;ESPACO DAS AMERICAS;220;400;650;0;0;0;0;0;0;0;0;0;0;0;0;0;0;0;0;0;0;0;0;0;0
GLORIA GROOVE;10/02/2022;2022;AUDIO;160;0;0;0;0;0;0;0;0;0;0;0;0;0;0;0;0;0;0;0;0;0;0;0;0
MARISA MONTE;11/02/2022;2022;ESPACO DAS AMERICAS;220;400;650;0;0;0;0;0;0;0;0;0;0;0;0;0;0;0;0;0;0;0;0;0;0
ANITTA;12/02/2022;2022;MEMORIAL DA AMERICA LATINA;280;0;0;0;0;0;0;0;0;0;0;0;0;0;0;0;0;0;0;0;500;0;0;0;0
ATITUDE 67;12/02/2022;2022;MEMORIAL DA AMERICA LATINA;280;0;0;0;0;0;0;0;0;0;0;0;0;0;0;0;0;0;0;0;500;0;0;0;0
CHITAOZINHO & XORORO;12/02/2022;2022;ESPACO DAS AMERICAS;220;400;650;0;0;0;0;0;0;0;0;0;0;0;0;0;0;0;0;0;0;0;0;0;0
MARISA MONTE;12/02/2022;2022;ESPACO DAS AMERICAS;220;400;650;0;0;0;0;0;0;0;0;0;0;0;0;0;0;0;0;0;0;0;0;0;0
MATHEUS FERNANDES;12/02/2022;2022;MEMORIAL DA AMERICA LATINA;280;0;0;0;0;0;0;0;0;0;0;0;0;0;0;0;0;0;0;0;500;0;0;0;0
PABLLO VITTAR;12/02/2022;2022;MEMORIAL DA AMERICA LATINA;280;0;0;0;0;0;0;0;0;0;0;0;0;0;0;0;0;0;0;0;500;0;0;0;0
ZE RAMALHO;13/02/2022;2022;ESPACO DAS AMERICAS;160;280;320;220;0;0;0;0;0;0;0;0;0;0;0;0;0;0;0;0;0;0;0;0;0
CHITAOZINHO & XORORO;17/02/2022;2022;ESPACO DAS AMERICAS;220;400;650;0;0;0;0;0;0;0;0;0;0;0;0;0;0;0;0;0;0;0;0;0;0
ZE VAQUEIRO;19/02/2022;2022;ARENA SERTANEJA;0;0;0;0;0;0;0;0;0;0;0;0;0;0;0;0;0;0;0;0;0;0;0;0;0
SEPULTURA;20/02/2022;2022;AUDIO;120;0;240;0;0;0;0;0;0;0;0;0;0;0;0;0;0;0;0;240;0;0;0;0;0
PABLLO VITTAR;25/02/2022;2022;AUDIO;120;0;250;0;0;0;0;0;0;0;0;0;0;0;0;0;0;0;0;220;0;0;0;0;0
PEDRO SAMPAIO;26/02/2022;2022;JOCKEY CLUB;0;0;0;0;0;0;0;0;0;0;0;0;0;0;0;0;0;0;0;0;0;0;0;0;0
THIAGUINHO;26/02/2022;2022;JOCKEY CLUB;0;0;0;0;0;0;0;0;0;0;0;0;0;0;0;0;0;0;0;0;0;0;0;0;0
ZE VAQUEIRO;26/02/2022;2022;JOCKEY CLUB;0;0;0;0;0;0;0;0;0;0;0;0;0;0;0;0;0;0;0;0;0;0;0;0;0
DENNIS;27/02/2022;2022;JOCKEY CLUB;380;0;0;260;0;260;0;0;0;580;0;0;0;0;0;0;0;0;0;450;0;0;0;0;0
LUDMILLA;27/02/2022;2022;JOCKEY CLUB;380;0;0;260;0;260;0;0;0;580;0;0;0;0;0;0;0;0;0;450;0;0;0;0;0
ALOK;28/02/2022;2022;JOCKEY CLUB;390;0;0;0;0;0;0;0;0;0;0;0;0;0;0;0;0;0;0;0;0;0;0;0;0
LUAN SANTANA;28/02/2022;2022;JOCKEY CLUB;390;0;0;0;0;0;0;0;0;0;0;0;0;0;0;0;0;0;0;0;0;0;0;0;0
ANITTA;01/03/2022;2022;JOCKEY CLUB;390;0;0;0;0;0;0;0;0;0;0;0;0;0;0;0;0;0;0;0;0;0;0;0;0
GLORIA GROOVE;01/03/2022;2022;ESPACO DAS AMERICAS;380;0;0;260;0;260;0;0;0;580;0;0;0;0;0;0;0;0;0;450;0;0;0;0;0
JORGE & MATEUS;01/03/2022;2022;JOCKEY CLUB;160;560;1200;0;0;0;0;0;0;0;72;0;0;0;0;0;0;0;0;0;0;0;0;0;0
LUDMILLA;01/03/2022;2022;ESPACO DAS AMERICAS;380;0;0;260;0;260;0;0;0;580;0;0;0;0;0;0;0;0;0;450;0;0;0;0;0
SKANK;11/03/2022;2022;ESPACO DAS AMERICAS;140;220;380;0;0;0;0;0;0;0;0;0;0;0;0;0;0;0;290;0;0;0;0;0;0
BACO EXU DO BLUES;12/03/2022;2022;AUDIO;170;90;0;110;0;0;0;0;0;0;0;0;0;0;0;0;0;0;0;0;0;0;0;0;0
OS PARALAMAS DO SUCESSO;12/03/2022;2022;TOKIO MARINE HALL;200;0;0;0;0;0;0;0;0;0;0;0;0;0;0;0;0;0;0;0;0;0;0;0;0
SKANK;12/03/2022;2022;ESPACO DAS AMERICAS;140;220;380;0;0;0;0;0;0;0;0;0;0;0;0;0;0;0;290;0;0;0;0;0;0
SKANK;13/03/2022;2022;ESPACO DAS AMERICAS;140;220;380;0;0;0;0;0;0;0;0;0;0;0;0;0;0;0;290;0;0;0;0;0;0
JAO;18/03/2022;2022;ESPACO DAS AMERICAS;140;300;0;0;0;0;0;0;0;0;0;0;0;0;0;0;0;0;0;0;0;0;0;0;0
JUNGLE;18/03/2022;2022;AUDIO;410;750;975;0;0;0;0;0;0;0;0;0;0;0;0;0;0;0;0;0;0;0;0;0;0
A DAY TO REMEMBER;24/03/2022;2022;AUDIO;360;574;0;0;0;0;0;0;0;0;0;0;0;0;0;0;0;0;0;0;0;0;0;0;0
DOJA CAT;24/03/2022;2022;AUTODROMO DE INTERLAGOS;0;0;0;0;0;0;0;0;0;0;0;0;0;1050;2400;1840;0;0;0;0;0;0;0;0;0
KEHLANI;24/03/2022;2022;AUTODROMO DE INTERLAGOS;0;0;0;0;0;0;0;0;0;0;0;0;0;1050;2400;1840;0;0;0;0;0;0;0;0;0
MGK;24/03/2022;2022;AUTODROMO DE INTERLAGOS;0;0;0;0;0;0;0;0;0;0;0;0;0;1050;2400;1840;0;0;0;0;0;0;0;0;0
PABLLO VITTAR;24/03/2022;2022;AUTODROMO DE INTERLAGOS;0;0;0;0;0;0;0;0;0;0;0;0;0;1050;2400;1840;0;0;0;0;0;0;0;0;0
070 SHAKE;25/03/2022;2022;AUTODROMO DE INTERLAGOS;0;0;0;0;0;0;0;0;0;0;0;0;0;1050;2400;1840;0;0;0;0;0;0;0;0;0
ALAN WALKER;25/03/2022;2022;AUTODROMO DE INTERLAGOS;0;0;0;0;0;0;0;0;0;0;0;0;0;1050;2400;1840;0;0;0;0;0;0;0;0;0
ASHNIKKO;25/03/2022;2022;AUTODROMO DE INTERLAGOS;0;0;0;0;0;0;0;0;0;0;0;0;0;1050;2400;1840;0;0;0;0;0;0;0;0;0
CHRIS LAKE;25/03/2022;2022;AUTODROMO DE INTERLAGOS;0;0;0;0;0;0;0;0;0;0;0;0;0;1050;2400;1840;0;0;0;0;0;0;0;0;0
DOJA CAT;25/03/2022;2022;AUTODROMO DE INTERLAGOS;0;0;0;0;0;0;0;0;0;0;0;0;0;1050;2400;1840;0;0;0;0;0;0;0;0;0
JACK HARLOW;25/03/2022;2022;AUTODROMO DE INTERLAGOS;0;0;0;0;0;0;0;0;0;0;0;0;0;1050;2400;1840;0;0;0;0;0;0;0;0;0
LP;25/03/2022;2022;AUTODROMO DE INTERLAGOS;0;0;0;0;0;0;0;0;0;0;0;0;0;1050;2400;1840;0;0;0;0;0;0;0;0;0
MARINA;25/03/2022;2022;AUTODROMO DE INTERLAGOS;0;0;0;0;0;0;0;0;0;0;0;0;0;1050;2400;1840;0;0;0;0;0;0;0;0;0
MATUE;25/03/2022;2022;AUTODROMO DE INTERLAGOS;0;0;0;0;0;0;0;0;0;0;0;0;0;1050;2400;1840;0;0;0;0;0;0;0;0;0
MGK;25/03/2022;2022;AUTODROMO DE INTERLAGOS;0;0;0;0;0;0;0;0;0;0;0;0;0;1050;2400;1840;0;0;0;0;0;0;0;0;0
PABLLO VITTAR;25/03/2022;2022;AUTODROMO DE INTERLAGOS;0;0;0;0;0;0;0;0;0;0;0;0;0;1050;2400;1840;0;0;0;0;0;0;0;0;0
THE STROKES;25/03/2022;2022;AUTODROMO DE INTERLAGOS;0;0;0;0;0;0;0;0;0;0;0;0;0;1050;2400;1840;0;0;0;0;0;0;0;0;0
THE WOMBATS;25/03/2022;2022;AUTODROMO DE INTERLAGOS;0;0;0;0;0;0;0;0;0;0;0;0;0;1050;2400;1840;0;0;0;0;0;0;0;0;0
TURNSTILE;25/03/2022;2022;AUTODROMO DE INTERLAGOS;0;0;0;0;0;0;0;0;0;0;0;0;0;1050;2400;1840;0;0;0;0;0;0;0;0;0
A DAY TO REMEMBER;26/03/2022;2022;AUTODROMO DE INTERLAGOS;0;0;0;0;0;0;0;0;0;0;0;0;0;1050;2400;1840;0;0;0;0;0;0;0;0;0
A$AP ROCKY;26/03/2022;2022;AUTODROMO DE INTERLAGOS;0;0;0;0;0;0;0;0;0;0;0;0;0;1050;2400;1840;0;0;0;0;0;0;0;0;0
ALESSIA CARA;26/03/2022;2022;AUTODROMO DE INTERLAGOS;0;0;0;0;0;0;0;0;0;0;0;0;0;1050;2400;1840;0;0;0;0;0;0;0;0;0
ALOK;26/03/2022;2022;AUTODROMO DE INTERLAGOS;0;0;0;0;0;0;0;0;0;0;0;0;0;1050;2400;1840;0;0;0;0;0;0;0;0;0
DEORRO;26/03/2022;2022;AUTODROMO DE INTERLAGOS;0;0;0;0;0;0;0;0;0;0;0;0;0;1050;2400;1840;0;0;0;0;0;0;0;0;0
EMICIDA;26/03/2022;2022;AUTODROMO DE INTERLAGOS;0;0;0;0;0;0;0;0;0;0;0;0;0;1050;2400;1840;0;0;0;0;0;0;0;0;0
JAO;26/03/2022;2022;AUTODROMO DE INTERLAGOS;0;0;0;0;0;0;0;0;0;0;0;0;0;1050;2400;1840;0;0;0;0;0;0;0;0;0
MILEY CYRUS;26/03/2022;2022;AUTODROMO DE INTERLAGOS;0;0;0;0;0;0;0;0;0;0;0;0;0;1050;2400;1840;0;0;0;0;0;0;0;0;0
REMI WOLF;26/03/2022;2022;AUTODROMO DE INTERLAGOS;0;0;0;0;0;0;0;0;0;0;0;0;0;1050;2400;1840;0;0;0;0;0;0;0;0;0
TWO FEET;26/03/2022;2022;AUTODROMO DE INTERLAGOS;0;0;0;0;0;0;0;0;0;0;0;0;0;1050;2400;1840;0;0;0;0;0;0;0;0;0
ALESSO;27/03/2022;2022;AUTODROMO DE INTERLAGOS;0;0;0;0;0;0;0;0;0;0;0;0;0;1050;2400;1840;0;0;0;0;0;0;0;0;0
BLACK PUMAS;27/03/2022;2022;AUTODROMO DE INTERLAGOS;0;0;0;0;0;0;0;0;0;0;0;0;0;1050;2400;1840;0;0;0;0;0;0;0;0;0
CAPITAL INICIAL;27/03/2022;2022;MEMORIAL DA AMERICA LATINA;160;0;400;0;0;0;0;0;0;0;0;0;0;0;0;0;0;0;0;0;0;0;0;0;0
DJONGA;27/03/2022;2022;AUTODROMO DE INTERLAGOS;0;0;0;0;0;0;0;0;0;0;0;0;0;1050;2400;1840;0;0;0;0;0;0;0;0;0
GLORIA GROOVE;27/03/2022;2022;AUTODROMO DE INTERLAGOS;0;0;0;0;0;0;0;0;0;0;0;0;0;1050;2400;1840;0;0;0;0;0;0;0;0;0
IDLES;27/03/2022;2022;AUTODROMO DE INTERLAGOS;0;0;0;0;0;0;0;0;0;0;0;0;0;1050;2400;1840;0;0;0;0;0;0;0;0;0
KAYTRANADA;27/03/2022;2022;AUTODROMO DE INTERLAGOS;0;0;0;0;0;0;0;0;0;0;0;0;0;1050;2400;1840;0;0;0;0;0;0;0;0;0
KEHLANI;27/03/2022;2022;AUTODROMO DE INTERLAGOS;0;0;0;0;0;0;0;0;0;0;0;0;0;1050;2400;1840;0;0;0;0;0;0;0;0;0
LAGUM;27/03/2022;2022;AUTODROMO DE INTERLAGOS;0;0;0;0;0;0;0;0;0;0;0;0;0;1050;2400;1840;0;0;0;0;0;0;0;0;0
MARINA SENA;27/03/2022;2022;AUTODROMO DE INTERLAGOS;0;0;0;0;0;0;0;0;0;0;0;0;0;1050;2400;1840;0;0;0;0;0;0;0;0;0
MARTIN GARRIX;27/03/2022;2022;AUTODROMO DE INTERLAGOS;0;0;0;0;0;0;0;0;0;0;0;0;0;1050;2400;1840;0;0;0;0;0;0;0;0;0
OS PARALAMAS DO SUCESSO;27/03/2022;2022;MEMORIAL DA AMERICA LATINA;160;0;400;0;0;0;0;0;0;0;0;0;0;0;0;0;0;0;0;0;0;0;0;0;0
THE DRUMS;31/03/2022;2022;AUDIO;130;0;0;0;0;0;0;0;0;0;0;0;0;0;0;0;0;0;0;0;0;0;0;0;0
LAGUM;02/04/2022;2022;AUDIO;160;0;0;0;0;0;0;0;0;0;0;0;0;0;0;0;0;0;0;0;0;0;0;0;0
DILSINHO;03/04/2022;2022;EXPO BARRA FUNDA;0;0;0;0;0;0;0;0;0;0;0;0;0;0;0;0;0;0;0;0;0;0;0;0;0
GLORIA GROOVE;03/04/2022;2022;VALE DO ANHANGABAU;300;0;0;0;0;0;0;0;0;0;0;0;0;0;0;0;0;500;0;0;0;0;0;0;0
LAGUM;03/04/2022;2022;AUDIO;160;0;0;0;0;0;0;0;0;0;0;0;0;0;0;0;0;0;0;0;0;0;0;0;0
SORRISO MAROTO;03/04/2022;2022;EXPO BARRA FUNDA;0;0;0;0;0;0;0;0;0;0;0;0;0;0;0;0;0;0;0;0;0;0;0;0;0
JAO;05/04/2022;2022;ALLIANZ PARQUE;815;0;0;0;0;0;0;0;0;0;0;0;0;0;0;0;0;0;0;0;0;0;0;0;0
MAROON 5;05/04/2022;2022;ALLIANZ PARQUE;815;0;0;0;0;0;0;0;0;0;0;0;0;0;0;0;0;0;0;0;0;0;0;0;0
TITAS;10/04/2022;2022;MEMORIAL DA AMERICA LATINA;400;800;0;0;0;0;0;0;0;0;0;0;0;0;0;0;0;0;0;0;0;0;0;0;0
VITOR KLEY;10/04/2022;2022;AUDIO;0;0;0;0;0;0;0;0;0;0;0;0;0;0;0;0;0;70;0;0;0;0;0;0;0
MOLCHAT DOMA;11/04/2022;2022;AUDIO;180;0;0;0;0;0;0;0;0;0;0;0;0;0;0;0;0;0;400;0;0;0;0;0;0
JAO;14/04/2022;2022;ESPACO DAS AMERICAS;140;300;0;0;0;0;0;0;0;0;0;0;0;0;0;0;0;0;0;0;0;0;0;0;0
MAIARA & MARAISA;15/04/2022;2022;ESPACO DAS AMERICAS;590;650;800;0;0;0;0;0;0;0;0;0;0;0;0;0;0;0;0;0;0;0;0;0;0
MARIA BETHANIA;16/04/2022;2022;ESPACO DAS AMERICAS;180;347;260;0;140;0;0;0;0;0;0;0;0;0;0;0;0;0;150;0;0;0;0;0;0
MAIARA & MARAISA;17/04/2022;2022;ESPACO DAS AMERICAS;590;650;800;0;0;0;0;0;0;0;0;0;0;0;0;0;0;0;0;0;0;0;0;0;0
NANDO REIS;21/04/2022;2022;MEMORIAL DA AMERICA LATINA;340;0;0;0;0;0;0;0;0;0;0;0;0;0;0;0;0;0;0;0;0;0;0;0;0
RACIONAIS MC'S;22/04/2022;2022;ESPACO DAS AMERICAS;140;0;290;0;0;0;0;0;0;0;0;0;0;0;0;0;0;0;0;0;0;0;0;0;0
CPM 22;23/04/2022;2022;AUDIO;200;0;0;0;0;0;0;0;0;0;0;0;0;0;0;0;0;0;100;0;0;0;0;0;0
IVETE SANGALO;23/04/2022;2022;ESPACO DAS AMERICAS;100;220;360;0;0;0;0;0;0;0;0;0;0;0;0;0;0;0;300;0;0;0;0;0;0
MAIARA & MARAISA;28/04/2022;2022;VILLA COUNTRY;70;0;340;0;0;0;0;0;0;0;0;0;0;0;0;0;0;0;0;0;0;0;0;0;0
LULU SANTOS;29/04/2022;2022;ESPACO DAS AMERICAS;120;280;300;0;0;0;0;0;0;0;0;0;0;0;0;0;0;0;0;0;0;0;0;0;0
KISS;30/04/2022;2022;ALLIANZ PARQUE;380;720;0;480;0;300;0;0;0;0;0;0;0;0;0;0;0;0;0;0;0;0;0;0;0
CAETANO VELOSO;06/05/2022;2022;ESPACO DAS AMERICAS;200;320;430;0;0;320;0;0;0;0;0;0;0;0;0;0;0;0;0;0;480;0;0;0;0
CHARLOTTE DE WITTE;06/05/2022;2022;SAMBODROMO DO ANHEMBI;500;0;0;0;0;0;0;0;0;0;0;0;0;0;0;0;0;0;780;0;0;0;0;0;0
GLORIA GROOVE;07/05/2022;2022;EXPO CENTER NORTE;;;;;;;;;;;;;;;;;;;;;;;;;
LAGUM;07/05/2022;2022;EXPO CENTER NORTE;;;;;;;;;;;;;;;;;;;;;;;;;
PERICLES;07/05/2022;2022;EXPO CENTER NORTE;;;;;;;;;;;;;;;;;;;;;;;;;
CPM 22;08/05/2022;2022;AUDIO;200;0;0;0;0;0;0;0;0;0;0;0;0;0;0;0;0;0;100;0;0;0;0;0;0
GRETA VAN FLEET;10/05/2022;2022;ESTADIO DO MORUMBI;420;780;0;320;0;290;0;0;0;0;0;0;0;0;0;0;0;0;0;0;0;0;0;0;0
METALLICA;10/05/2022;2022;ESTADIO DO MORUMBI;420;780;0;320;0;290;0;0;0;0;0;0;0;0;0;0;0;0;0;0;0;0;0;0;0
SIMONE & SIMARIA;10/05/2022;2022;VILLA COUNTRY;110;400;650;0;0;0;0;0;0;0;0;0;0;0;0;0;0;0;0;0;0;0;0;0;0
CAETANO VELOSO;14/05/2022;2022;MEMORIAL DA AMERICA LATINA;250;0;0;0;0;0;0;0;0;0;0;0;0;0;0;0;0;0;0;0;0;0;0;0;0
GILSONS;14/05/2022;2022;MEMORIAL DA AMERICA LATINA;250;0;0;0;0;0;0;0;0;0;0;0;0;0;0;0;0;0;0;0;0;0;0;0;0
IZA;14/05/2022;2022;MEMORIAL DA AMERICA LATINA;250;0;0;0;0;0;0;0;0;0;0;0;0;0;0;0;0;0;0;0;0;0;0;0;0
URIAS;14/05/2022;2022;MEMORIAL DA AMERICA LATINA;250;0;0;0;0;0;0;0;0;0;0;0;0;0;0;0;0;0;0;0;0;0;0;0;0
TWO DOOR CINEMA CLUB;18/05/2022;2022;AUDIO;250;0;0;0;0;0;0;0;0;0;0;0;0;0;0;0;0;0;350;0;0;0;0;0;0
THE KOOKS;20/05/2022;2022;ESPACO UNIMED;300;600;0;0;0;0;0;0;0;0;0;0;0;0;0;0;0;0;800;0;0;0;0;0;0
JOAO GOMES;21/05/2022;2022;ARENA ANHEMBI;100;140;0;0;0;0;0;0;0;0;0;0;0;0;0;0;0;0;0;0;0;0;0;0;0
NATTAN;21/05/2022;2022;ARENA ANHEMBI;100;140;0;0;0;0;0;0;0;0;0;0;0;0;0;0;0;0;0;0;0;0;0;0;0
TARCISIO DO ACORDEON;21/05/2022;2022;ARENA ANHEMBI;100;140;0;0;0;0;0;0;0;0;0;0;0;0;0;0;0;0;0;0;0;0;0;0;0
XAND AVIAO;21/05/2022;2022;ARENA ANHEMBI;100;140;0;0;0;0;0;0;0;0;0;0;0;0;0;0;0;0;0;0;0;0;0;0;0
ZE VAQUEIRO;21/05/2022;2022;ARENA ANHEMBI;100;140;0;0;0;0;0;0;0;0;0;0;0;0;0;0;0;0;0;0;0;0;0;0;0
MASEGO;25/05/2022;2022;AUDIO;0;0;0;0;0;0;0;0;0;0;0;0;0;0;0;0;0;0;0;0;0;0;0;0;0
JAO;27/05/2022;2022;ESPACO UNIMED;140;300;0;0;0;0;0;0;0;0;0;0;0;0;0;0;0;0;0;0;0;0;0;0;0
CAPITAL INICIAL;28/05/2022;2022;ARENA ANHEMBI;230;450;805;0;0;0;0;0;0;0;0;0;0;0;0;0;0;0;0;0;0;0;0;0;0
LOUIS TOMLINSON;28/05/2022;2022;ESPACO UNIMED;220;0;400;0;0;0;0;0;0;0;0;0;0;0;0;0;0;0;0;0;0;0;0;0;0
MARCOS & BELUTTI;28/05/2022;2022;SAO PAULO EXPO;0;0;0;0;0;0;0;0;0;0;0;0;0;0;0;0;0;0;0;0;0;0;0;0;0
NANDO REIS;28/05/2022;2022;ARENA ANHEMBI;230;450;805;0;0;0;0;0;0;0;0;0;0;0;0;0;0;0;0;0;0;0;0;0;0
PITTY;28/05/2022;2022;ARENA ANHEMBI;230;450;805;0;0;0;0;0;0;0;0;0;0;0;0;0;0;0;0;0;0;0;0;0;0
TURMA DO PAGODE;28/05/2022;2022;SAO PAULO EXPO;0;0;0;0;0;0;0;0;0;0;0;0;0;0;0;0;0;0;0;0;0;0;0;0;0
VITOR KLEY;28/05/2022;2022;VALE DO ANHANGABAU;0;0;0;0;0;0;0;0;0;0;0;0;0;0;0;0;0;0;0;0;0;0;0;0;0
LOUIS TOMLINSON;29/05/2022;2022;ESPACO UNIMED;220;0;400;0;0;0;0;0;0;0;0;0;0;0;0;0;0;0;0;0;0;0;0;0;0
LUISA SONZA;29/05/2022;2022;VALE DO ANHANGABAU;0;0;0;0;0;0;0;0;0;0;0;0;0;0;0;0;0;0;0;0;0;0;0;0;0
DJAVAN;04/06/2022;2022;ESPACO UNIMED;210;320;430;280;0;0;0;0;0;0;0;0;0;0;0;0;0;0;0;0;0;0;0;0;0
ANAVITORIA;09/06/2022;2022;ESPACO UNIMED;180;210;340;0;0;0;0;0;0;0;0;0;0;0;0;0;0;0;0;0;0;0;0;0;0
NANDO REIS;10/06/2022;2022;VIBRA SAO PAULO;320;380;400;0;0;140;0;440;0;0;0;0;0;0;0;0;0;0;0;0;0;0;0;0;0
ARMANDINHO;15/06/2022;2022;ESPACO UNIMED;240;0;0;0;0;0;0;0;0;0;0;0;0;0;0;0;0;0;0;0;0;0;0;0;0
IVETE SANGALO;16/06/2022;2022;ARENA ANHEMBI;200;0;300;0;0;0;0;0;0;0;0;0;0;0;0;0;0;0;0;0;0;0;0;0;0
LUISA SONZA;16/06/2022;2022;ARENA ANHEMBI;200;0;300;0;0;0;0;0;0;0;0;0;0;0;0;0;0;0;0;0;0;0;0;0;0
AJULIACOSTA;17/06/2022;2022;SAMBODROMO DO ANHEMBI;440;0;0;0;0;0;0;0;0;0;0;0;0;0;0;0;0;0;0;0;0;0;0;0;0
DESTROY LONELY;17/06/2022;2022;SAMBODROMO DO ANHEMBI;440;0;0;0;0;0;0;0;0;0;0;0;0;0;0;0;0;0;0;0;0;0;0;0;0
GLORIA GROOVE;17/06/2022;2022;ARENA ANHEMBI;380;0;0;260;0;260;0;0;0;580;0;0;0;0;0;0;0;0;0;450;0;0;0;0;0
KEN CARSON;17/06/2022;2022;SAMBODROMO DO ANHEMBI;440;0;0;0;0;0;0;0;0;0;0;0;0;0;0;0;0;0;0;0;0;0;0;0;0
LUDMILLA;17/06/2022;2022;ARENA ANHEMBI;380;0;0;260;0;260;0;0;0;580;0;0;0;0;0;0;0;0;0;450;0;0;0;0;0
PABLLO VITTAR;17/06/2022;2022;ARENA ANHEMBI;380;0;0;260;0;260;0;0;0;580;0;0;0;0;0;0;0;0;0;450;0;0;0;0;0
PLAYBOI CARTI;17/06/2022;2022;SAMBODROMO DO ANHEMBI;440;0;0;0;0;0;0;0;0;0;0;0;0;0;0;0;0;0;0;0;0;0;0;0;0
SOFAYGO;17/06/2022;2022;SAMBODROMO DO ANHEMBI;440;0;0;0;0;0;0;0;0;0;0;0;0;0;0;0;0;0;0;0;0;0;0;0;0
VEIGH;17/06/2022;2022;SAMBODROMO DO ANHEMBI;440;0;0;0;0;0;0;0;0;0;0;0;0;0;0;0;0;0;0;0;0;0;0;0;0
BK;18/06/2022;2022;SAMBODROMO DO ANHEMBI;440;0;0;0;0;0;0;0;0;0;0;0;0;0;0;0;0;0;0;0;0;0;0;0;0
CLAUDIA LEITTE;18/06/2022;2022;ARENA ANHEMBI;380;0;0;260;0;260;0;0;0;580;0;0;0;0;0;0;0;0;0;450;0;0;0;0;0
DJONGA;18/06/2022;2022;SAMBODROMO DO ANHEMBI;440;0;0;0;0;0;0;0;0;0;0;0;0;0;0;0;0;0;0;0;0;0;0;0;0
FILIPE RET;18/06/2022;2022;SAMBODROMO DO ANHEMBI;440;0;0;0;0;0;0;0;0;0;0;0;0;0;0;0;0;0;0;0;0;0;0;0;0
YUNK VINO;18/06/2022;2022;SAMBODROMO DO ANHEMBI;440;0;0;0;0;0;0;0;0;0;0;0;0;0;0;0;0;0;0;0;0;0;0;0;0
BORGES;19/06/2022;2022;SAMBODROMO DO ANHEMBI;440;0;0;0;0;0;0;0;0;0;0;0;0;0;0;0;0;0;0;0;0;0;0;0;0
EBONY;19/06/2022;2022;SAMBODROMO DO ANHEMBI;440;0;0;0;0;0;0;0;0;0;0;0;0;0;0;0;0;0;0;0;0;0;0;0;0
KYAN;19/06/2022;2022;SAMBODROMO DO ANHEMBI;440;0;0;0;0;0;0;0;0;0;0;0;0;0;0;0;0;0;0;0;0;0;0;0;0
OROCHI;19/06/2022;2022;SAMBODROMO DO ANHEMBI;440;0;0;0;0;0;0;0;0;0;0;0;0;0;0;0;0;0;0;0;0;0;0;0;0
RACIONAIS MC'S;19/06/2022;2022;SAMBODROMO DO ANHEMBI;440;0;0;0;0;0;0;0;0;0;0;0;0;0;0;0;0;0;0;0;0;0;0;0;0
TASHA & TRACIE;19/06/2022;2022;SAMBODROMO DO ANHEMBI;440;0;0;0;0;0;0;0;0;0;0;0;0;0;0;0;0;0;0;0;0;0;0;0;0
TRIPPIE REDD;19/06/2022;2022;SAMBODROMO DO ANHEMBI;440;0;0;0;0;0;0;0;0;0;0;0;0;0;0;0;0;0;0;0;0;0;0;0;0
JAO;22/06/2022;2022;TOKIO MARINE HALL;100;240;0;0;0;0;0;0;0;0;0;0;0;0;0;0;0;0;0;0;0;0;0;0;0
PIXOTE;22/06/2022;2022;TOKIO MARINE HALL;100;240;0;0;0;0;0;0;0;0;0;0;0;0;0;0;0;0;0;0;0;0;0;0;0
SEU JORGE;22/06/2022;2022;TOKIO MARINE HALL;100;240;0;0;0;0;0;0;0;0;0;0;0;0;0;0;0;0;0;0;0;0;0;0;0
VITOR KLEY;22/06/2022;2022;TOKIO MARINE HALL;100;240;0;0;0;0;0;0;0;0;0;0;0;0;0;0;0;0;0;0;0;0;0;0;0
CAETANO VELOSO;24/06/2022;2022;ESPACO UNIMED;180;380;430;0;0;320;0;0;0;0;0;0;0;0;0;0;0;0;280;0;520;0;0;0;0
FLORA MATOS;24/06/2022;2022;AUDIO;60;0;0;0;0;0;0;0;0;0;0;0;0;0;0;0;0;0;0;0;0;0;0;0;0
CAETANO VELOSO;25/06/2022;2022;ESPACO UNIMED;180;380;430;0;0;320;0;0;0;0;0;0;0;0;0;0;0;0;280;0;520;0;0;0;0
JOTA QUEST;02/07/2022;2022;ESPACO UNIMED;120;200;320;0;0;0;0;0;0;0;0;0;0;0;0;0;0;0;240;0;0;0;0;0;0
PITTY;09/07/2022;2022;AUDIO;120;0;480;0;0;0;0;0;0;0;0;0;0;0;0;0;0;0;180;0;0;0;0;0;0
RAIMUNDOS;17/07/2022;2022;TOKIO MARINE HALL;0;0;240;0;220;0;0;0;0;0;0;0;0;0;0;0;0;0;0;0;0;0;0;0;0
A-HA;18/07/2022;2022;ESPACO UNIMED;410;750;0;0;0;240;0;0;0;0;0;0;0;0;0;0;0;0;0;0;0;0;0;0;0
A-HA;19/07/2022;2022;ESPACO UNIMED;410;750;0;0;0;240;0;0;0;0;0;0;0;0;0;0;0;0;0;0;0;0;0;0;0
MARISA MONTE;21/07/2022;2022;ESPACO UNIMED;220;420;520;0;0;0;0;0;0;0;0;0;0;0;0;0;0;0;240;0;0;0;0;0;0
MARISA MONTE;22/07/2022;2022;ESPACO UNIMED;220;420;520;0;0;0;0;0;0;0;0;0;0;0;0;0;0;0;240;0;0;0;0;0;0
MARISA MONTE;23/07/2022;2022;ESPACO UNIMED;220;420;520;0;0;0;0;0;0;0;0;0;0;0;0;0;0;0;240;0;0;0;0;0;0
JAO;26/07/2022;2022;VIBRA SAO PAULO;;;;;;;;;;;;;;;;;;;;;;;;;
LUDMILLA;26/07/2022;2022;VIBRA SAO PAULO;;;;;;;;;;;;;;;;;;;;;;;;;
LUISA SONZA;26/07/2022;2022;VIBRA SAO PAULO;;;;;;;;;;;;;;;;;;;;;;;;;
MATUE;26/07/2022;2022;VIBRA SAO PAULO;;;;;;;;;;;;;;;;;;;;;;;;;
PEDRO SAMPAIO;26/07/2022;2022;VIBRA SAO PAULO;;;;;;;;;;;;;;;;;;;;;;;;;
SKANK;26/07/2022;2022;VIBRA SAO PAULO;;;;;;;;;;;;;;;;;;;;;;;;;
XAMA;26/07/2022;2022;VIBRA SAO PAULO;;;;;;;;;;;;;;;;;;;;;;;;;
MARISA MONTE;28/07/2022;2022;ESPACO UNIMED;220;420;520;0;0;0;0;0;0;0;0;0;0;0;0;0;0;0;240;0;0;0;0;0;0
MARISA MONTE;29/07/2022;2022;ESPACO UNIMED;220;420;520;0;0;0;0;0;0;0;0;0;0;0;0;0;0;0;240;0;0;0;0;0;0
DENNIS;30/07/2022;2022;ESTADIO DO CANINDE;250;370;0;0;0;0;0;0;0;0;0;0;0;0;0;0;0;0;0;0;0;0;0;0;0
MARINA SENA;06/08/2022;2022;AUDIO;180;0;0;0;0;0;0;0;0;0;0;0;0;0;0;0;0;0;0;0;0;0;0;0;0
JAO;14/08/2022;2022;ESPACO UNIMED;140;300;0;0;0;0;0;0;0;0;0;0;0;0;0;0;0;0;0;0;0;0;0;0;0
ANITTA;19/08/2022;2022;NEO QUIMICA ARENA;120;200;0;0;0;0;0;0;0;0;0;0;0;0;0;0;0;0;0;0;0;0;0;0;0
GLORIA GROOVE;19/08/2022;2022;NEO QUIMICA ARENA;120;200;0;0;0;0;0;0;0;0;0;0;0;0;0;0;0;0;0;0;0;0;0;0;0
PAPATINHO;19/08/2022;2022;NEO QUIMICA ARENA;120;200;0;0;0;0;0;0;0;0;0;0;0;0;0;0;0;0;0;0;0;0;0;0;0
GUSTAVO MIOTO;20/08/2022;2022;DISTRITO ANHEMBI;0;1100;0;0;0;0;0;0;380;0;190;0;0;0;0;0;0;0;0;1400;0;0;0;0;0
JAO;20/08/2022;2022;ESPACO UNIMED;140;300;0;0;0;0;0;0;0;0;0;0;0;0;0;0;0;0;0;0;0;0;0;0;0
JORGE & MATEUS;20/08/2022;2022;DISTRITO ANHEMBI;0;1100;0;0;0;0;0;0;380;0;190;0;0;0;0;0;0;0;0;1400;0;0;0;0;0
LUDMILLA;20/08/2022;2022;DISTRITO ANHEMBI;0;1100;0;0;0;0;0;0;380;0;190;0;0;0;0;0;0;0;0;1400;0;0;0;0;0
MARI FERNANDEZ;20/08/2022;2022;DISTRITO ANHEMBI;0;1100;0;0;0;0;0;0;380;0;190;0;0;0;0;0;0;0;0;1400;0;0;0;0;0
PEDRO SAMPAIO;20/08/2022;2022;DISTRITO ANHEMBI;0;1100;0;0;0;0;0;0;380;0;190;0;0;0;0;0;0;0;0;1400;0;0;0;0;0
XAND AVIAO;20/08/2022;2022;DISTRITO ANHEMBI;0;1100;0;0;0;0;0;0;380;0;190;0;0;0;0;0;0;0;0;1400;0;0;0;0;0
ZE NETO & CRISTIANO;20/08/2022;2022;DISTRITO ANHEMBI;0;1100;0;0;0;0;0;0;380;0;190;0;0;0;0;0;0;0;0;1400;0;0;0;0;0
ROSALIA;22/08/2022;2022;ESPACO UNIMED;480;720;750;0;0;0;0;0;0;0;0;0;0;0;0;0;0;0;740;0;0;0;0;0;0
MILTON NASCIMENTO;26/08/2022;2022;ESPACO UNIMED;200;530;630;0;0;0;0;0;0;0;0;0;0;0;0;0;0;0;320;0;0;0;0;0;0
MC HARIEL;27/08/2022;2022;ESTADIO DO CANINDE;200;530;630;0;0;0;0;0;0;0;0;0;0;0;0;0;0;0;320;0;0;0;0;0;0
MILTON NASCIMENTO;27/08/2022;2022;ESPACO UNIMED;200;530;630;0;0;0;0;0;0;0;0;0;0;0;0;0;0;0;320;0;0;0;0;0;0
OROCHI;27/08/2022;2022;ESTADIO DO CANINDE;110;300;0;0;0;0;0;0;0;0;0;0;0;0;0;0;0;0;0;0;0;0;0;0;0
DEMI LOVATO;30/08/2022;2022;ESPACO UNIMED;700;1500;0;0;0;0;0;0;0;0;0;0;0;0;0;0;0;0;0;0;0;0;0;0;0
DEMI LOVATO;31/08/2022;2022;ESPACO UNIMED;700;1500;0;0;0;0;0;0;0;0;0;0;0;0;0;0;0;0;0;0;0;0;0;0;0
DREAM THEATER;31/08/2022;2022;TOKIO MARINE HALL;340;620;660;0;0;0;0;0;0;0;0;0;0;0;0;0;0;0;0;0;0;0;0;0;0
MILTON NASCIMENTO;01/09/2022;2022;ESPACO UNIMED;200;530;630;0;0;0;0;0;0;0;0;0;0;0;0;0;0;0;320;0;0;0;0;0;0
MILTON NASCIMENTO;02/09/2022;2022;ESPACO UNIMED;200;530;630;0;0;0;0;0;0;0;0;0;0;0;0;0;0;0;320;0;0;0;0;0;0
BULLET FOR MY VALENTINE;03/09/2022;2022;AUDIO;495;895;0;665;0;365;0;0;0;0;0;0;0;0;0;0;0;0;0;0;0;0;0;0;0
IRON MAIDEN;04/09/2022;2022;ESTADIO DO MORUMBI;430;750;0;520;0;0;0;0;0;0;0;0;0;0;0;0;0;0;0;0;0;0;0;0;0
AVRIL LAVIGNE;07/09/2022;2022;ESPACO UNIMED;431;731;691;0;0;0;0;0;0;0;0;0;0;0;0;0;0;0;301;0;0;0;0;0;0
DUA LIPA;08/09/2022;2022;ARENA ANHEMBI;590;890;0;720;0;780;0;0;0;0;460;0;0;0;0;0;0;0;0;0;0;0;0;0;0
BASTILLE;09/09/2022;2022;TOKIO MARINE HALL;360;580;480;370;0;340;0;0;0;0;0;0;0;0;0;0;0;0;0;0;0;0;0;0;0
MANESKIN;09/09/2022;2022;ESPACO UNIMED;380;580;700;0;0;0;0;0;0;0;0;0;0;0;0;0;0;0;620;0;0;0;0;0;0
CPM 22;10/09/2022;2022;VIBRA SAO PAULO;160;240;0;0;0;0;0;0;0;0;0;0;0;0;0;0;0;0;0;0;0;0;0;0;0
JORGE BEN JOR;10/09/2022;2022;ESPACO UNIMED;0;0;0;0;0;0;0;0;0;0;0;0;0;0;0;0;0;0;0;0;0;0;0;0;0
TITAS;10/09/2022;2022;TOKIO MARINE HALL;400;800;0;0;0;0;0;0;0;0;0;0;0;0;0;0;0;0;0;0;0;0;0;0;0
ANAVITORIA;11/09/2022;2022;TOKIO MARINE HALL;240;320;330;310;0;250;0;0;0;0;0;0;0;0;0;0;0;0;0;0;0;0;0;0;0
DJAVAN;16/09/2022;2022;MEMORIAL DA AMERICA LATINA;295;595;0;520;0;210;0;0;0;0;0;0;0;0;0;0;0;0;0;0;1170;0;0;0;0
GILBERTO GIL;16/09/2022;2022;MEMORIAL DA AMERICA LATINA;295;595;0;520;0;210;0;0;0;0;0;0;0;0;0;0;0;0;0;0;1170;0;0;0;0
GLORIA GROOVE;16/09/2022;2022;ESPACO UNIMED;80;150;380;0;0;0;0;0;0;0;0;0;0;0;0;0;0;0;0;0;0;0;0;0;0
LINIKER;16/09/2022;2022;MEMORIAL DA AMERICA LATINA;295;595;0;520;0;210;0;0;0;0;0;0;0;0;0;0;0;0;0;0;1170;0;0;0;0
TASHA & TRACIE;16/09/2022;2022;MEMORIAL DA AMERICA LATINA;295;595;0;520;0;210;0;0;0;0;0;0;0;0;0;0;0;0;0;0;1170;0;0;0;0
ALCEU VALENCA;17/09/2022;2022;MEMORIAL DA AMERICA LATINA;200;380;430;280;0;0;0;0;0;0;0;0;0;0;0;0;0;0;0;0;0;0;0;0;0
BK;17/09/2022;2022;MEMORIAL DA AMERICA LATINA;200;380;430;280;0;0;0;0;0;0;0;0;0;0;0;0;0;0;0;0;0;0;0;0;0
GAL COSTA;17/09/2022;2022;MEMORIAL DA AMERICA LATINA;200;380;430;280;0;0;0;0;0;0;0;0;0;0;0;0;0;0;0;0;0;0;0;0;0
LULU SANTOS;17/09/2022;2022;TOKIO MARINE HALL;0;0;0;0;0;0;0;0;0;0;0;0;0;0;0;0;0;0;0;0;0;0;0;0;0
BLACK ALIEN;18/09/2022;2022;MEMORIAL DA AMERICA LATINA;0;0;0;0;0;0;0;0;0;0;0;0;0;0;0;0;0;0;0;0;0;0;0;0;0
MARIA BETHANIA;18/09/2022;2022;MEMORIAL DA AMERICA LATINA;0;0;0;0;0;0;0;0;0;0;0;0;0;0;0;0;0;0;0;0;0;0;0;0;0
MARINA SENA;18/09/2022;2022;MEMORIAL DA AMERICA LATINA;0;0;0;0;0;0;0;0;0;0;0;0;0;0;0;0;0;0;0;0;0;0;0;0;0
BACO EXU DO BLUES;23/09/2022;2022;AUDIO;170;90;0;110;0;0;0;0;0;0;0;0;0;0;0;0;0;0;0;0;0;0;0;0;0
GUNS N' ROSES;24/09/2022;2022;ALLIANZ PARQUE;480;950;0;650;0;380;0;0;0;0;0;0;0;0;0;0;0;2290;0;0;0;0;0;0;0
JORGE DREXLER;24/09/2022;2022;VIBRA SAO PAULO;160;260;360;0;0;0;0;0;0;0;0;0;0;0;0;0;0;0;0;0;0;0;0;0;0
MILTON NASCIMENTO;24/09/2022;2022;ESPACO UNIMED;200;530;630;0;0;0;0;0;0;0;0;0;0;0;0;0;0;0;320;0;0;0;0;0;0
MILTON NASCIMENTO;25/09/2022;2022;ESPACO UNIMED;200;530;630;0;0;0;0;0;0;0;0;0;0;0;0;0;0;0;320;0;0;0;0;0;0
BK;08/10/2022;2022;MEMORIAL DA AMERICA LATINA;0;0;0;0;0;0;0;0;0;0;0;0;0;0;0;0;0;0;0;0;0;0;0;0;0
BLACK ALIEN;08/10/2022;2022;MEMORIAL DA AMERICA LATINA;0;0;0;0;0;0;0;0;0;0;0;0;0;0;0;0;0;0;0;0;0;0;0;0;0
DJONGA;08/10/2022;2022;MEMORIAL DA AMERICA LATINA;0;0;0;0;0;0;0;0;0;0;0;0;0;0;0;0;0;0;0;0;0;0;0;0;0
HELLOWEEN;08/10/2022;2022;ESPACO UNIMED;250;480;600;0;0;0;0;0;0;0;0;0;0;0;0;0;0;0;520;0;0;0;0;0;0
TASHA & TRACIE;08/10/2022;2022;MEMORIAL DA AMERICA LATINA;0;0;0;0;0;0;0;0;0;0;0;0;0;0;0;0;0;0;0;0;0;0;0;0;0
TINI;08/10/2022;2022;VIBRA SAO PAULO;700;750;800;650;0;350;0;0;0;0;0;0;0;0;0;0;0;0;0;0;0;0;0;0;0
HELLOWEEN;09/10/2022;2022;ESPACO UNIMED;250;480;600;0;0;0;0;0;0;0;0;0;0;0;0;0;0;0;520;0;0;0;0;0;0
BEAST IN BLACK;14/10/2022;2022;ESPACO UNIMED;190;290;480;0;0;0;0;0;0;0;0;0;0;0;0;0;0;0;370;0;0;0;0;0;0
NIGHTWISH;14/10/2022;2022;ESPACO UNIMED;190;290;480;0;0;0;0;0;0;0;0;0;0;0;0;0;0;0;370;0;0;0;0;0;0
GILSONS;15/10/2022;2022;SAMBODROMO DO ANHEMBI;250;1000;0;0;0;0;0;0;0;0;0;0;0;0;0;0;0;0;0;0;0;0;0;0;0
JORGE ARAGAO;15/10/2022;2022;SAMBODROMO DO ANHEMBI;250;1000;0;0;0;0;0;0;0;0;0;0;0;0;0;0;0;0;0;0;0;0;0;0;0
AIR SUPPLY;16/10/2022;2022;ESPACO UNIMED;590;940;0;0;0;0;0;0;0;0;0;0;0;0;0;0;0;0;0;0;0;0;0;0;0
DIOGO NOGUEIRA;16/10/2022;2022;SAMBODROMO DO ANHEMBI;760;1200;0;0;0;500;0;0;0;0;0;0;0;0;0;0;0;0;0;0;0;0;0;0;0
DPR IAN;16/10/2022;2022;AUDIO;320;0;490;0;0;0;0;0;0;0;0;0;0;0;0;0;0;0;0;0;580;830;0;0;0
NANDO REIS;16/10/2022;2022;SAMBODROMO DO ANHEMBI;760;1200;0;0;0;500;0;0;0;0;0;0;0;0;0;0;0;0;0;0;0;0;0;0;0
VANESSA DA MATA;16/10/2022;2022;SAMBODROMO DO ANHEMBI;760;1200;0;0;0;500;0;0;0;0;0;0;0;0;0;0;0;0;0;0;0;0;0;0;0
SKANK;21/10/2022;2022;ESPACO UNIMED;140;200;420;0;0;0;0;0;0;0;0;0;0;0;0;0;0;0;280;0;0;0;0;0;0
SKANK;22/10/2022;2022;ESPACO UNIMED;140;200;420;0;0;0;0;0;0;0;0;0;0;0;0;0;0;0;280;0;0;0;0;0;0
BLACK LABEL SOCIETY;23/10/2022;2022;AUDIO;280;400;400;0;0;0;0;0;0;0;0;0;0;0;0;0;0;0;0;0;600;0;0;0;0
MILTON NASCIMENTO;01/11/2022;2022;ESPACO UNIMED;200;530;630;0;0;0;0;0;0;0;0;0;0;0;0;0;0;0;320;0;0;0;0;0;0
MILTON NASCIMENTO;03/11/2022;2022;ESPACO UNIMED;200;530;630;0;0;0;0;0;0;0;0;0;0;0;0;0;0;0;320;0;0;0;0;0;0
BAD GYAL;04/11/2022;2022;AUDIO;980;0;0;0;0;0;0;0;0;0;0;0;0;0;0;0;0;0;0;0;0;0;0;0;0
MILTON NASCIMENTO;04/11/2022;2022;ESPACO UNIMED;200;530;630;0;0;0;0;0;0;0;0;0;0;0;0;0;0;0;320;0;0;0;0;0;0
ARCTIC MONKEYS;05/11/2022;2022;DISTRITO ANHEMBI;560;890;0;750;0;0;0;0;0;0;0;0;0;0;0;0;0;0;0;0;0;0;0;0;0
BEACH HOUSE;05/11/2022;2022;DISTRITO ANHEMBI;560;890;0;750;0;0;0;0;0;0;0;0;0;0;0;0;0;0;0;0;0;0;0;0;0
BJORK;05/11/2022;2022;DISTRITO ANHEMBI;560;890;0;750;0;0;0;0;0;0;0;0;0;0;0;0;0;0;0;0;0;0;0;0;0
INTERPOL;05/11/2022;2022;DISTRITO ANHEMBI;560;890;0;750;0;0;0;0;0;0;0;0;0;0;0;0;0;0;0;0;0;0;0;0;0
JOSE GONZALEZ;05/11/2022;2022;DISTRITO ANHEMBI;560;890;0;750;0;0;0;0;0;0;0;0;0;0;0;0;0;0;0;0;0;0;0;0;0
L7NNON;05/11/2022;2022;DISTRITO ANHEMBI;560;890;0;750;0;0;0;0;0;0;0;0;0;0;0;0;0;0;0;0;0;0;0;0;0
LINIKER;05/11/2022;2022;DISTRITO ANHEMBI;560;890;0;750;0;0;0;0;0;0;0;0;0;0;0;0;0;0;0;0;0;0;0;0;0
LUCCAS CARLOS;05/11/2022;2022;DISTRITO ANHEMBI;560;890;0;750;0;0;0;0;0;0;0;0;0;0;0;0;0;0;0;0;0;0;0;0;0
MICHAEL BUBLE;05/11/2022;2022;ALLIANZ PARQUE;600;820;0;400;0;300;220;0;0;0;0;0;0;0;0;0;0;0;0;0;0;0;0;0;0
MITSKI;05/11/2022;2022;DISTRITO ANHEMBI;560;890;0;750;0;0;0;0;0;0;0;0;0;0;0;0;0;0;0;0;0;0;0;0;0
RAIMUNDOS;05/11/2022;2022;AUDIO;80;0;0;0;0;0;0;0;0;0;0;0;0;0;0;0;0;0;0;0;0;0;0;0;0
ROBERTO CARLOS;05/11/2022;2022;ESPACO UNIMED;310;580;520;0;0;0;0;0;0;0;0;0;0;0;0;0;0;0;0;0;0;0;0;0;0
SEVDALIZA;05/11/2022;2022;DISTRITO ANHEMBI;560;890;0;750;0;0;0;0;0;0;0;0;0;0;0;0;0;0;0;0;0;0;0;0;0
TASHA & TRACIE;05/11/2022;2022;DISTRITO ANHEMBI;560;890;0;750;0;0;0;0;0;0;0;0;0;0;0;0;0;0;0;0;0;0;0;0;0
BAD GYAL;06/11/2022;2022;DISTRITO ANHEMBI;560;890;0;750;0;0;0;0;0;0;0;0;0;0;0;0;0;0;0;0;0;0;0;0;0
CAROLINE POLACHEK;06/11/2022;2022;DISTRITO ANHEMBI;560;890;0;750;0;0;0;0;0;0;0;0;0;0;0;0;0;0;0;0;0;0;0;0;0
CHARLI XCX;06/11/2022;2022;DISTRITO ANHEMBI;560;890;0;750;0;0;0;0;0;0;0;0;0;0;0;0;0;0;0;0;0;0;0;0;0
FATHER JOHN MISTY;06/11/2022;2022;DISTRITO ANHEMBI;560;890;0;750;0;0;0;0;0;0;0;0;0;0;0;0;0;0;0;0;0;0;0;0;0
JPEGMAFIA;06/11/2022;2022;DISTRITO ANHEMBI;560;890;0;750;0;0;0;0;0;0;0;0;0;0;0;0;0;0;0;0;0;0;0;0;0
LORDE;06/11/2022;2022;DISTRITO ANHEMBI;560;890;0;750;0;0;0;0;0;0;0;0;0;0;0;0;0;0;0;0;0;0;0;0;0
MICHAEL BUBLE;06/11/2022;2022;ALLIANZ PARQUE;600;820;0;400;0;300;220;0;0;0;0;0;0;0;0;0;0;0;0;0;0;0;0;0;0
PHOEBE BRIDGERS;06/11/2022;2022;DISTRITO ANHEMBI;560;890;0;750;0;0;0;0;0;0;0;0;0;0;0;0;0;0;0;0;0;0;0;0;0
ROBERTO CARLOS;06/11/2022;2022;ESPACO UNIMED;310;580;520;0;0;0;0;0;0;0;0;0;0;0;0;0;0;0;0;0;0;0;0;0;0
TRAVIS SCOTT;06/11/2022;2022;DISTRITO ANHEMBI;560;890;0;750;0;0;0;0;0;0;0;0;0;0;0;0;0;0;0;0;0;0;0;0;300
CHARLI XCX;09/11/2022;2022;AUDIO;370;0;0;0;0;0;0;0;0;0;0;0;0;0;0;0;0;0;540;0;0;0;0;0;0
ROBERTO CARLOS;09/11/2022;2022;ESPACO UNIMED;310;580;520;0;0;0;0;0;0;0;0;0;0;0;0;0;0;0;0;0;0;0;0;0;0
JAO;11/11/2022;2022;ESPACO UNIMED;140;300;0;0;0;0;0;0;0;0;0;0;0;0;0;0;0;0;0;0;0;0;0;0;0
MAIARA & MARAISA;11/11/2022;2022;VIBRA SAO PAULO;80;0;0;0;0;0;0;0;0;0;0;0;0;0;0;0;0;0;0;0;0;0;0;0;0
ALCEU VALENCA;12/11/2022;2022;ESPACO UNIMED;160;0;0;0;0;0;0;0;0;0;0;0;0;0;0;0;0;0;0;0;0;0;0;0;0
BONNIE TYLER;12/11/2022;2022;TOKIO MARINE HALL;329;239;319;0;0;259;0;0;0;0;0;0;0;0;0;0;0;0;0;0;379;0;0;0;0
THE KILLERS;12/11/2022;2022;ALLIANZ PARQUE;540;990;1990;680;0;340;0;0;0;0;0;0;0;0;0;0;0;0;0;0;0;0;0;0;0
TWENTY ONE PILOTS;12/11/2022;2022;ALLIANZ PARQUE;540;990;1990;680;0;340;0;0;0;0;0;0;0;0;0;0;0;0;0;0;0;0;0;0;0
KYGO;13/11/2022;2022;ESPACO UNIMED;400;0;0;0;0;0;0;0;0;0;0;0;0;0;0;0;0;0;0;0;0;0;0;0;0
ROBERTO CARLOS;17/11/2022;2022;ESPACO UNIMED;310;580;520;0;0;0;0;0;0;0;0;0;0;0;0;0;0;0;0;0;0;0;0;0;0
CAPITAL INICIAL;18/11/2022;2022;ESPACO UNIMED;120;220;320;0;0;0;0;0;0;0;0;0;0;0;0;0;0;0;0;0;0;0;0;0;0
IVETE SANGALO;18/11/2022;2022;TOKIO MARINE HALL;0;0;0;0;0;0;0;0;0;0;0;0;0;0;0;0;0;0;0;0;0;0;0;0;0
IVETE SANGALO;19/11/2022;2022;ARENA ANHEMBI;0;0;0;0;0;0;0;0;0;0;0;0;0;0;0;0;0;0;0;0;0;0;0;0;0
MARINA SENA;19/11/2022;2022;ARENA ANHEMBI;0;0;0;0;0;0;0;0;0;0;0;0;0;0;0;0;0;0;0;0;0;0;0;0;0
OS PARALAMAS DO SUCESSO;19/11/2022;2022;VIBRA SAO PAULO;200;0;0;0;0;0;0;0;0;0;0;0;0;0;0;0;0;0;0;0;0;0;0;0;0
GUSTAVO MIOTO;24/11/2022;2022;VALE DO ANHANGABAU;0;0;0;0;0;0;0;0;0;0;0;0;0;0;0;0;0;0;0;0;0;0;0;0;0
LEO SANTANA;24/11/2022;2022;VALE DO ANHANGABAU;0;0;0;0;0;0;0;0;0;0;0;0;0;0;0;0;0;0;0;0;0;0;0;0;0
CAETANO VELOSO;25/11/2022;2022;ESPACO UNIMED;180;380;430;0;0;320;0;0;0;0;0;0;0;0;0;0;0;0;280;0;520;0;0;0;0
CAETANO VELOSO;26/11/2022;2022;ESPACO UNIMED;180;380;430;0;0;320;0;0;0;0;0;0;0;0;0;0;0;0;280;0;520;0;0;0;0
GUSTTAVO LIMA;26/11/2022;2022;ALLIANZ PARQUE;340;0;0;0;0;0;0;0;0;0;0;0;0;0;0;0;0;0;7000;0;0;0;0;0;0
MAIARA & MARAISA;26/11/2022;2022;ALLIANZ PARQUE;340;0;0;0;0;0;0;0;0;0;0;0;0;0;0;0;0;0;7000;0;0;0;0;0;0
CAETANO VELOSO;27/11/2022;2022;ESPACO UNIMED;180;380;430;0;0;320;0;0;0;0;0;0;0;0;0;0;0;0;280;0;520;0;0;0;0
RUSS;01/12/2022;2022;AUDIO;310;0;330;0;0;0;0;0;0;0;0;0;0;0;0;0;0;0;0;0;0;0;0;0;0
ZE RAMALHO;03/12/2022;2022;TOKIO MARINE HALL;160;200;280;0;0;0;0;0;0;0;0;0;0;0;0;0;0;0;0;0;0;0;0;0;0
IZA;04/12/2022;2022;MEMORIAL DA AMERICA LATINA;250;0;0;0;0;0;0;0;0;0;0;0;0;0;0;0;0;0;0;0;0;0;0;0;0
THE ROSE;04/12/2022;2022;ESPACO UNIMED;400;0;0;0;0;0;0;0;0;0;0;0;0;0;0;0;600;0;480;0;0;0;0;0;0
TITAS;04/12/2022;2022;TOKIO MARINE HALL;400;800;0;0;0;0;0;0;0;0;0;0;0;0;0;0;0;0;0;0;0;0;0;0;0
MATHEUS & KAUAN;05/12/2022;2022;VALE DO ANHANGABAU;0;0;0;0;0;0;0;0;0;0;0;0;0;0;0;0;0;0;0;0;0;0;0;0;0
HARRY STYLES;06/12/2022;2022;ALLIANZ PARQUE;0;668;0;0;0;328;0;0;0;0;0;0;0;0;0;0;0;0;0;0;0;0;0;0;0
EROS RAMAZZOTTI;09/12/2022;2022;VIBRA SAO PAULO;360;425;0;0;0;0;0;0;0;0;0;0;0;0;0;0;0;0;0;0;0;0;0;0;0
BRUNO & MARRONE;10/12/2022;2022;ALLIANZ PARQUE;421;0;0;180;0;0;0;13000;0;0;0;0;0;0;0;0;0;0;0;0;0;0;0;0;0
CHITAOZINHO & XORORO;10/12/2022;2022;ALLIANZ PARQUE;421;0;0;180;0;0;0;13000;0;0;0;0;0;0;0;0;0;0;0;0;0;0;0;0;0
EDUARDO COSTA;10/12/2022;2022;ALLIANZ PARQUE;421;0;0;180;0;0;0;13000;0;0;0;0;0;0;0;0;0;0;0;0;0;0;0;0;0
LUDMILLA;10/12/2022;2022;NEO QUIMICA ARENA;380;0;0;260;0;260;0;0;0;580;0;0;0;0;0;0;0;0;0;450;0;0;0;0;0
MU540;10/12/2022;2022;NEO QUIMICA ARENA;380;0;0;260;0;260;0;0;0;580;0;0;0;0;0;0;0;0;0;450;0;0;0;0;0
URIAS;10/12/2022;2022;NEO QUIMICA ARENA;380;0;0;260;0;260;0;0;0;580;0;0;0;0;0;0;0;0;0;450;0;0;0;0;0
ZEZE DI CAMARGO & LUCIANO;10/12/2022;2022;ALLIANZ PARQUE;421;0;0;180;0;0;0;13000;0;0;0;0;0;0;0;0;0;0;0;0;0;0;0;0;0
FLEET FOXES;11/12/2022;2022;TOKIO MARINE HALL;450;0;0;0;0;0;0;0;0;0;0;0;0;0;0;0;0;0;0;0;0;0;0;0;0
JAO;11/12/2022;2022;NOVO ANHANGABAU;0;0;0;0;0;0;0;0;0;0;0;0;0;0;0;0;0;0;0;0;0;0;0;0;0
HARRY STYLES;13/12/2022;2022;ALLIANZ PARQUE;0;751;0;561;0;381;0;0;0;0;0;0;0;0;0;0;0;0;0;0;0;0;0;0;0
HARRY STYLES;14/12/2022;2022;ALLIANZ PARQUE;0;751;0;561;0;381;0;0;0;0;0;0;0;0;0;0;0;0;0;0;0;0;0;0;0
PEDRO SAMPAIO;14/12/2022;2022;AUDIO;120;0;0;0;0;0;0;0;0;0;0;0;0;0;0;0;0;0;0;0;0;0;0;0;0
JUDAS PRIEST;15/12/2022;2022;VIBRA SAO PAULO;390;690;600;0;0;0;0;0;0;0;0;0;0;0;0;0;0;0;260;0;0;0;0;0;0
PANTERA;15/12/2022;2022;VIBRA SAO PAULO;390;690;600;0;0;0;0;0;0;0;0;0;0;0;0;0;0;0;260;0;0;0;0;0;0
BRING ME THE HORIZON;16/12/2022;2022;VIBRA SAO PAULO;390;790;0;490;0;250;0;0;0;0;0;0;0;0;0;0;0;0;0;0;0;0;0;0;0
JORGE & MATEUS;17/12/2022;2022;NOVO ANHANGABAU;620;920;0;740;0;460;0;0;0;0;0;0;0;0;0;0;0;0;0;0;0;0;0;0;0
PEDRO SAMPAIO;17/12/2022;2022;NOVO ANHANGABAU;620;920;0;740;0;460;0;0;0;0;0;0;0;0;0;0;0;0;0;0;0;0;0;0;0
WESLEY SAFADAO;17/12/2022;2022;NOVO ANHANGABAU;620;920;0;740;0;460;0;0;0;0;0;0;0;0;0;0;0;0;0;0;0;0;0;0;0
BRING ME THE HORIZON;18/12/2022;2022;SAMBODROMO DO ANHEMBI;900;0;0;0;0;0;0;0;0;0;0;0;0;0;0;0;0;0;0;0;0;0;0;0;0
JUDAS PRIEST;18/12/2022;2022;SAMBODROMO DO ANHEMBI;900;0;0;0;0;0;0;0;0;0;0;0;0;0;0;0;0;0;0;0;0;0;0;0;0
PANTERA;18/12/2022;2022;SAMBODROMO DO ANHEMBI;900;0;0;0;0;0;0;0;0;0;0;0;0;0;0;0;0;0;0;0;0;0;0;0;0
SEPULTURA;18/12/2022;2022;SAMBODROMO DO ANHEMBI;900;0;0;0;0;0;0;0;0;0;0;0;0;0;0;0;0;0;0;0;0;0;0;0;0
SLIPKNOT;18/12/2022;2022;SAMBODROMO DO ANHEMBI;900;0;0;0;0;0;0;0;0;0;0;0;0;0;0;0;0;0;0;0;0;0;0;0;0
TRIVIUM;18/12/2022;2022;SAMBODROMO DO ANHEMBI;900;0;0;0;0;0;0;0;0;0;0;0;0;0;0;0;0;0;0;0;0;0;0;0;0
DANIEL;21/12/2022;2022;VIBRA SAO PAULO;260;0;400;0;0;190;0;550;0;0;0;0;0;0;0;0;0;0;0;0;0;0;0;0;0
LUDMILLA;23/12/2022;2022;ESPACO UNIMED;380;0;0;260;0;260;0;0;0;580;0;0;0;0;0;0;0;0;0;450;0;0;0;0;0
MC DON JUAN;23/12/2022;2022;ESPACO UNIMED;380;0;0;260;0;260;0;0;0;580;0;0;0;0;0;0;0;0;0;450;0;0;0;0;0
MC HARIEL;23/12/2022;2022;ESPACO UNIMED;380;0;0;260;0;260;0;0;0;580;0;0;0;0;0;0;0;0;0;450;0;0;0;0;0
MC LIVINHO;23/12/2022;2022;ESPACO UNIMED;380;0;0;260;0;260;0;0;0;580;0;0;0;0;0;0;0;0;0;450;0;0;0;0;0
ROUPA NOVA;14/01/2023;2023;VIBRA SAO PAULO;100;390;0;0;0;0;0;0;0;0;0;0;0;0;0;0;0;0;0;0;0;0;0;0;0
ANITTA;15/01/2023;2023;MEMORIAL DA AMERICA LATINA;270;0;0;0;0;0;0;0;0;0;0;0;0;0;0;0;0;0;0;0;0;0;0;0;0
FILIPE RET;15/01/2023;2023;MEMORIAL DA AMERICA LATINA;270;0;0;0;0;0;0;0;0;0;0;0;0;0;0;0;0;0;0;0;0;0;0;0;0
GLORIA GROOVE;15/01/2023;2023;MEMORIAL DA AMERICA LATINA;270;0;0;0;0;0;0;0;0;0;0;0;0;0;0;0;0;0;0;0;0;0;0;0;0
XAND AVIAO;15/01/2023;2023;MEMORIAL DA AMERICA LATINA;270;0;0;0;0;0;0;0;0;0;0;0;0;0;0;0;0;0;0;0;0;0;0;0;0
JACK JOHNSON;18/01/2023;2023;ESPACO UNIMED;395,5;585,5;665,5;0;0;0;0;0;0;0;0;0;0;0;0;0;0;0;625,5;0;0;0;0;0;0
NCT 127;18/01/2023;2023;VIBRA SAO PAULO;690;900;720;0;0;400;350;0;0;0;0;0;0;0;0;0;0;0;0;0;0;0;0;0;0
NCT 127;19/01/2023;2023;VIBRA SAO PAULO;690;900;720;0;0;400;350;0;0;0;0;0;0;0;0;0;0;0;0;0;0;0;0;0;0
EMICIDA;20/01/2023;2023;ESPACO UNIMED;250;350;0;0;0;0;0;0;0;0;0;0;0;0;0;0;0;0;0;0;0;0;0;0;0
NCT 127;20/01/2023;2023;VIBRA SAO PAULO;690;900;720;0;0;400;350;0;0;0;0;0;0;0;0;0;0;0;0;0;0;0;0;0;0
ERYKAH BADU;21/01/2023;2023;MEMORIAL DA AMERICA LATINA;165;0;0;0;0;0;0;0;0;0;0;0;0;0;0;0;0;0;0;0;0;0;0;0;0
BELO;25/01/2023;2023;VALE DO ANHANGABAU;0;0;0;0;0;0;0;0;0;0;0;0;0;0;0;0;0;0;0;0;0;0;0;0;0
JOAO GOMES;25/01/2023;2023;VALE DO ANHANGABAU;0;0;0;0;0;0;0;0;0;0;0;0;0;0;0;0;0;0;0;0;0;0;0;0;0
NANDO REIS;25/01/2023;2023;CENTRO CULTURAL SAO PAULO;0;0;0;0;0;0;0;0;0;0;0;0;0;0;0;0;0;0;0;0;0;0;0;0;0
BACKSTREET BOYS;27/01/2023;2023;ALLIANZ PARQUE;360;720;0;480;0;0;0;0;0;0;0;770;0;0;0;0;0;0;0;0;0;0;0;0;0
LUISA SONZA;27/01/2023;2023;ESPACO UNIMED;140;220;360;0;0;0;0;0;0;0;0;0;0;0;0;0;0;0;280;0;0;0;0;0;0
BACKSTREET BOYS;28/01/2023;2023;ALLIANZ PARQUE;360;720;0;480;0;0;0;0;0;0;0;770;0;0;0;0;0;0;0;0;0;0;0;0;0
BK;28/01/2023;2023;AUDIO;80;0;0;0;0;0;0;0;0;0;0;0;0;0;0;0;0;0;0;0;0;0;0;0;0
CLAUDIA LEITTE;04/02/2023;2023;ALLIANZ PARQUE;150;190;290;0;0;0;0;0;0;0;0;0;0;0;0;0;0;0;0;0;0;0;0;0;0
DUBDOGZ;04/02/2023;2023;ALLIANZ PARQUE;150;190;290;0;0;0;0;0;0;0;0;0;0;0;0;0;0;0;0;0;0;0;0;0;0
GLORIA GROOVE;04/02/2023;2023;ALLIANZ PARQUE;150;190;290;0;0;0;0;0;0;0;0;0;0;0;0;0;0;0;0;0;0;0;0;0;0
LUISA SONZA;04/02/2023;2023;ALLIANZ PARQUE;150;190;290;0;0;0;0;0;0;0;0;0;0;0;0;0;0;0;0;0;0;0;0;0;0
SEU JORGE;04/02/2023;2023;ESPACO UNIMED;180;0;290;0;0;0;0;0;0;0;0;0;0;0;0;0;0;0;0;0;0;0;0;0;0
LP;08/02/2023;2023;AUDIO;320;0;0;0;0;0;0;0;0;0;0;0;0;0;0;0;0;0;420;0;0;0;0;0;0
SUPER JUNIOR;09/02/2023;2023;ESPACO UNIMED;450;900;0;0;0;0;0;0;0;0;0;0;0;0;0;0;0;0;790;0;1000;0;0;0;0
EMICIDA;10/02/2023;2023;ESPACO UNIMED;250;350;0;0;0;0;0;0;0;0;0;0;0;0;0;0;0;0;0;0;0;0;0;0;0
ANITTA;11/02/2023;2023;MEMORIAL DA AMERICA LATINA;270;0;0;0;0;0;0;0;0;0;0;0;0;0;0;0;0;0;0;0;0;0;0;0;0
JAO;11/02/2023;2023;MEMORIAL DA AMERICA LATINA;270;0;0;0;0;0;0;0;0;0;0;0;0;0;0;0;0;0;0;0;0;0;0;0;0
MARI FERNANDEZ;11/02/2023;2023;MEMORIAL DA AMERICA LATINA;270;0;0;0;0;0;0;0;0;0;0;0;0;0;0;0;0;0;0;0;0;0;0;0;0
PABLLO VITTAR;11/02/2023;2023;MEMORIAL DA AMERICA LATINA;270;0;0;0;0;0;0;0;0;0;0;0;0;0;0;0;0;0;0;0;0;0;0;0;0
EMICIDA;12/02/2023;2023;ESPACO UNIMED;250;350;0;0;0;0;0;0;0;0;0;0;0;0;0;0;0;0;0;0;0;0;0;0;0
DENNIS;18/02/2023;2023;JOCKEY CLUB;0;0;0;0;0;0;0;0;0;1670;0;0;0;0;0;0;0;0;0;0;0;0;0;0;0
NATTAN;18/02/2023;2023;JOCKEY CLUB;0;0;0;0;0;0;0;0;0;1670;0;0;0;0;0;0;0;0;0;0;0;0;0;0;0
THIAGUINHO;18/02/2023;2023;JOCKEY CLUB;0;0;0;0;0;0;0;0;0;1670;0;0;0;0;0;0;0;0;0;0;0;0;0;0;0
GRUPO MENOS E MAIS;19/02/2023;2023;JOCKEY CLUB;410;0;0;0;0;0;0;0;0;0;0;0;0;0;0;0;0;0;0;0;0;0;0;0;0
MARI FERNANDEZ;19/02/2023;2023;JOCKEY CLUB;410;0;0;0;0;0;0;0;0;0;0;0;0;0;0;0;0;0;0;0;0;0;0;0;0
PEDRO SAMPAIO;19/02/2023;2023;JOCKEY CLUB;410;0;0;0;0;0;0;0;0;0;0;0;0;0;0;0;0;0;0;0;0;0;0;0;0
ALOK;20/02/2023;2023;JOCKEY CLUB;370;620;0;0;0;0;0;0;0;0;0;0;0;0;0;0;0;0;0;0;0;0;0;0;0
LEO SANTANA;20/02/2023;2023;JOCKEY CLUB;370;620;0;0;0;0;0;0;0;0;0;0;0;0;0;0;0;0;0;0;0;0;0;0;0
ANITTA;21/02/2023;2023;JOCKEY CLUB;170;0;0;0;0;0;0;0;0;390;0;0;0;0;0;0;0;0;0;0;0;0;0;0;0
JORGE & MATEUS;21/02/2023;2023;JOCKEY CLUB;170;0;0;0;0;0;0;0;0;390;0;0;0;0;0;0;0;0;0;0;0;0;0;0;0
XAND AVIAO;21/02/2023;2023;JOCKEY CLUB;170;0;0;0;0;0;0;0;0;390;0;0;0;0;0;0;0;0;0;0;0;0;0;0;0
IVETE SANGALO;25/02/2023;2023;SAMBODROMO DO ANHEMBI;0;0;0;0;0;0;0;0;0;0;0;0;0;0;0;0;0;0;0;0;0;0;0;0;0
IMAGINE DRAGONS;28/02/2023;2023;ALLIANZ PARQUE;560;940;0;920;0;860;0;0;0;0;490;1800;0;0;0;0;0;0;0;0;0;0;0;0;0
BIG TIME RUSH;03/03/2023;2023;ESPACO UNIMED;390;650;620;0;0;0;0;0;0;0;0;0;0;0;0;0;0;0;680;0;0;0;0;0;0
CHICO BUARQUE;04/03/2023;2023;TOKIO MARINE HALL;160;700;480;280;0;250;0;0;0;0;0;0;0;0;0;0;0;0;0;0;0;0;0;0;0
JOTA QUEST;04/03/2023;2023;ESPACO UNIMED;220;280;0;0;0;0;0;0;0;0;0;0;0;0;0;0;0;0;0;0;0;0;0;0;0
CHICO BUARQUE;05/03/2023;2023;TOKIO MARINE HALL;160;700;480;280;0;250;0;0;0;0;0;0;0;0;0;0;0;0;0;0;0;0;0;0;0
DEF LEPPARD;07/03/2023;2023;ALLIANZ PARQUE;680;1180;0;780;0;480;0;0;0;0;0;0;0;0;0;0;0;2800;0;0;2400;2450;0;0;0
MOTLEY CRUE;07/03/2023;2023;ALLIANZ PARQUE;680;1180;0;780;0;480;0;0;0;0;0;0;0;0;0;0;0;2800;0;0;2400;2450;0;0;0
COLDPLAY;10/03/2023;2023;ESTADIO DO MORUMBI;590;980;0;750;0;490;0;0;0;0;0;0;0;0;0;0;0;0;0;0;0;0;0;0;0
COLDPLAY;11/03/2023;2023;ESTADIO DO MORUMBI;590;980;0;750;0;490;0;0;0;0;0;0;0;0;0;0;0;0;0;0;0;0;0;0;0
WIU;12/03/2023;2023;AUDIO;120;0;0;0;0;0;0;0;0;0;0;0;0;0;0;0;0;0;0;0;0;0;0;0;0
COLDPLAY;13/03/2023;2023;ESTADIO DO MORUMBI;590;980;0;750;0;490;0;0;0;0;0;0;0;0;0;0;0;0;0;0;0;0;0;0;0
COLDPLAY;14/03/2023;2023;ESTADIO DO MORUMBI;590;980;0;750;0;490;0;0;0;0;0;0;0;0;0;0;0;0;0;0;0;0;0;0;0
THE BLACK CROWES;14/03/2023;2023;ESPACO UNIMED;340;600;670;0;0;0;0;0;0;0;0;0;0;0;0;0;0;0;640;0;0;0;0;0;0
COLDPLAY;17/03/2023;2023;ESTADIO DO MORUMBI;590;980;0;750;0;490;0;0;0;0;0;0;0;0;0;0;0;0;0;0;0;0;0;0;0
SKANK;17/03/2023;2023;ESPACO UNIMED;318;0;420;0;0;140;0;0;0;0;0;0;0;0;0;0;0;0;0;0;0;0;0;0;0
COLDPLAY;18/03/2023;2023;ESTADIO DO MORUMBI;590;980;0;750;0;490;0;0;0;0;0;0;0;0;0;0;0;0;0;0;0;0;0;0;0
SKANK;18/03/2023;2023;ESPACO UNIMED;318;0;420;0;0;140;0;0;0;0;0;0;0;0;0;0;0;0;0;0;0;0;0;0;0
LUDOVICO EINAUDI;19/03/2023;2023;VIBRA SAO PAULO;190;350;690;710;0;580;0;0;860;0;0;0;0;0;0;0;0;0;0;0;0;0;0;0;0
SKANK;19/03/2023;2023;ESPACO UNIMED;318;0;420;0;0;140;0;0;0;0;0;0;0;0;0;0;0;0;0;0;0;0;0;0;0
ANAVITORIA;24/03/2023;2023;AUTODROMO DE INTERLAGOS;0;0;0;0;0;0;0;0;0;0;0;0;0;1100;2250;1770;0;0;0;0;0;0;0;0;0
BILLIE EILISH;24/03/2023;2023;AUTODROMO DE INTERLAGOS;0;0;0;0;0;0;0;0;0;0;0;0;0;1100;2250;1770;0;0;0;0;0;0;0;0;0
BLACK ALIEN;24/03/2023;2023;AUTODROMO DE INTERLAGOS;0;0;0;0;0;0;0;0;0;0;0;0;0;1100;2250;1770;0;0;0;0;0;0;0;0;0
CLAPTONE;24/03/2023;2023;AUTODROMO DE INTERLAGOS;0;0;0;0;0;0;0;0;0;0;0;0;0;1100;2250;1770;0;0;0;0;0;0;0;0;0
CONAN GRAY;24/03/2023;2023;AUTODROMO DE INTERLAGOS;0;0;0;0;0;0;0;0;0;0;0;0;0;1100;2250;1770;0;0;0;0;0;0;0;0;0
GORGON CITY;24/03/2023;2023;AUTODROMO DE INTERLAGOS;0;0;0;0;0;0;0;0;0;0;0;0;0;1100;2250;1770;0;0;0;0;0;0;0;0;0
JOHN SUMMIT;24/03/2023;2023;AUTODROMO DE INTERLAGOS;0;0;0;0;0;0;0;0;0;0;0;0;0;1100;2250;1770;0;0;0;0;0;0;0;0;0
KALI UCHIS;24/03/2023;2023;AUTODROMO DE INTERLAGOS;0;0;0;0;0;0;0;0;0;0;0;0;0;1100;2250;1770;0;0;0;0;0;0;0;0;0
LIL NAS X;24/03/2023;2023;AUTODROMO DE INTERLAGOS;0;0;0;0;0;0;0;0;0;0;0;0;0;1100;2250;1770;0;0;0;0;0;0;0;0;0
MODEST MOUSE;24/03/2023;2023;AUTODROMO DE INTERLAGOS;0;0;0;0;0;0;0;0;0;0;0;0;0;1100;2250;1770;0;0;0;0;0;0;0;0;0
MOTHER MOTHER;24/03/2023;2023;AUTODROMO DE INTERLAGOS;0;0;0;0;0;0;0;0;0;0;0;0;0;1100;2250;1770;0;0;0;0;0;0;0;0;0
PEDRO SAMPAIO;24/03/2023;2023;AUTODROMO DE INTERLAGOS;0;0;0;0;0;0;0;0;0;0;0;0;0;1100;2250;1770;0;0;0;0;0;0;0;0;0
POLO & PAN;24/03/2023;2023;AUTODROMO DE INTERLAGOS;0;0;0;0;0;0;0;0;0;0;0;0;0;1100;2250;1770;0;0;0;0;0;0;0;0;0
RISE AGAINST;24/03/2023;2023;AUTODROMO DE INTERLAGOS;0;0;0;0;0;0;0;0;0;0;0;0;0;1100;2250;1770;0;0;0;0;0;0;0;0;0
SUKI WATERHOUSE;24/03/2023;2023;AUTODROMO DE INTERLAGOS;0;0;0;0;0;0;0;0;0;0;0;0;0;1100;2250;1770;0;0;0;0;0;0;0;0;0
CAROL BIAZIN;25/03/2023;2023;AUTODROMO DE INTERLAGOS;0;0;0;0;0;0;0;0;0;0;0;0;0;1100;2250;1770;0;0;0;0;0;0;0;0;0
CHICO BUARQUE;25/03/2023;2023;TOKIO MARINE HALL;160;700;480;280;0;250;0;0;0;0;0;0;0;0;0;0;0;0;0;0;0;0;0;0;0
FILIPE RET;25/03/2023;2023;AUTODROMO DE INTERLAGOS;0;0;0;0;0;0;0;0;0;0;0;0;0;1100;2250;1770;0;0;0;0;0;0;0;0;0
GILSONS;25/03/2023;2023;AUTODROMO DE INTERLAGOS;0;0;0;0;0;0;0;0;0;0;0;0;0;1100;2250;1770;0;0;0;0;0;0;0;0;0
JAMIE XX;25/03/2023;2023;AUTODROMO DE INTERLAGOS;0;0;0;0;0;0;0;0;0;0;0;0;0;1100;2250;1770;0;0;0;0;0;0;0;0;0
LUDMILLA;25/03/2023;2023;AUTODROMO DE INTERLAGOS;0;0;0;0;0;0;0;0;0;0;0;0;0;1100;2250;1770;0;0;0;0;0;0;0;0;0
MELANIE MARTINEZ;25/03/2023;2023;AUTODROMO DE INTERLAGOS;0;0;0;0;0;0;0;0;0;0;0;0;0;1100;2250;1770;0;0;0;0;0;0;0;0;0
PITTY;25/03/2023;2023;AUTODROMO DE INTERLAGOS;0;0;0;0;0;0;0;0;0;0;0;0;0;1100;2250;1770;0;0;0;0;0;0;0;0;0
PURPLE DISCO MACHINE;25/03/2023;2023;AUTODROMO DE INTERLAGOS;0;0;0;0;0;0;0;0;0;0;0;0;0;1100;2250;1770;0;0;0;0;0;0;0;0;0
SOFI TUKKER;25/03/2023;2023;AUTODROMO DE INTERLAGOS;0;0;0;0;0;0;0;0;0;0;0;0;0;1100;2250;1770;0;0;0;0;0;0;0;0;0
TAME IMPALA;25/03/2023;2023;AUTODROMO DE INTERLAGOS;0;0;0;0;0;0;0;0;0;0;0;0;0;1100;2250;1770;0;0;0;0;0;0;0;0;0
THE 1975;25/03/2023;2023;AUTODROMO DE INTERLAGOS;0;0;0;0;0;0;0;0;0;0;0;0;0;1100;2250;1770;0;0;0;0;0;0;0;0;0
TWENTY ONE PILOTS;25/03/2023;2023;AUTODROMO DE INTERLAGOS;0;0;0;0;0;0;0;0;0;0;0;0;0;1100;2250;1770;0;0;0;0;0;0;0;0;0
WALLOWS;25/03/2023;2023;AUTODROMO DE INTERLAGOS;0;0;0;0;0;0;0;0;0;0;0;0;1100;2250;1770;0;0;0;0;0;0;0;0;0;0
YUNGBLUD;25/03/2023;2023;AUTODROMO DE INTERLAGOS;0;0;0;0;0;0;0;0;0;0;0;0;1100;2250;1770;0;0;0;0;0;0;0;0;0;0
ARMIN VAN BUUREN;26/03/2023;2023;AUTODROMO DE INTERLAGOS;0;0;0;0;0;0;0;0;0;0;0;0;0;1100;2250;1770;0;0;0;0;0;0;0;0;0
AURORA;26/03/2023;2023;AUTODROMO DE INTERLAGOS;0;0;0;0;0;0;0;0;0;0;0;0;0;1100;2250;1770;0;0;0;0;0;0;0;0;0
BACO EXU DO BLUES;26/03/2023;2023;AUTODROMO DE INTERLAGOS;0;0;0;0;0;0;0;0;0;0;0;0;0;1100;2250;1770;0;0;0;0;0;0;0;0;0
CIGARETTES AFTER SEX;26/03/2023;2023;AUTODROMO DE INTERLAGOS;0;0;0;0;0;0;0;0;0;0;0;0;0;1100;2250;1770;0;0;0;0;0;0;0;0;0
DUBDOGZ;26/03/2023;2023;AUTODROMO DE INTERLAGOS;0;0;0;0;0;0;0;0;0;0;0;0;0;1100;2250;1770;0;0;0;0;0;0;0;0;0
FRED AGAIN..;26/03/2023;2023;AUTODROMO DE INTERLAGOS;0;0;0;0;0;0;0;0;0;0;0;0;0;1100;2250;1770;0;0;0;0;0;0;0;0;0
L7NNON;26/03/2023;2023;AUTODROMO DE INTERLAGOS;0;0;0;0;0;0;0;0;0;0;0;0;0;1100;2250;1770;0;0;0;0;0;0;0;0;0
OS PARALAMAS DO SUCESSO;26/03/2023;2023;AUTODROMO DE INTERLAGOS;0;0;0;0;0;0;0;0;0;0;0;0;0;1100;2250;1770;0;0;0;0;0;0;0;0;0
ROSALIA;26/03/2023;2023;AUTODROMO DE INTERLAGOS;0;0;0;0;0;0;0;0;0;0;0;0;0;1100;2250;1770;0;0;0;0;0;0;0;0;0
SKRILLEX;26/03/2023;2023;AUTODROMO DE INTERLAGOS;0;0;0;0;0;0;0;0;0;0;0;0;0;1100;2250;1770;0;0;0;0;0;0;0;0;0
THE ROSE;26/03/2023;2023;AUTODROMO DE INTERLAGOS;0;0;0;0;0;0;0;0;0;0;0;0;0;1100;2250;1770;0;0;0;0;0;0;0;0;0
TOVE LO;26/03/2023;2023;AUTODROMO DE INTERLAGOS;0;0;0;0;0;0;0;0;0;0;0;0;0;1100;2250;1770;0;0;0;0;0;0;0;0;0
CIGARETTES AFTER SEX;27/03/2023;2023;AUDIO;160;0;0;0;0;0;0;0;0;0;0;0;0;0;0;0;0;0;240;0;0;0;0;0;0
TOVE LO;28/03/2023;2023;AUDIO;160;0;0;0;0;0;0;0;0;0;0;0;0;0;0;0;0;0;0;0;0;0;0;0;0
CHICO BUARQUE;30/03/2023;2023;TOKIO MARINE HALL;160;700;480;280;0;250;0;0;0;0;0;0;0;0;0;0;0;0;0;0;0;0;0;0;0
LUISA SONZA;01/04/2023;2023;VALE DO ANHANGABAU;0;0;0;0;0;0;0;0;0;0;0;0;0;0;0;0;0;0;0;0;0;0;0;0;0
BK;02/04/2023;2023;ESPACO UNIMED;440;640;0;0;0;0;0;0;0;0;0;0;0;0;0;0;0;0;0;0;0;0;0;0;0
TASHA & TRACIE;02/04/2023;2023;ESPACO UNIMED;440;640;0;0;0;0;0;0;0;0;0;0;0;0;0;0;0;0;0;0;0;0;0;0;0
WU-TANG CLAN;02/04/2023;2023;ESPACO UNIMED;440;640;0;0;0;0;0;0;0;0;0;0;0;0;0;0;0;0;0;0;0;0;0;0;0
GUSTAVO MIOTO;06/04/2023;2023;VIBRA SAO PAULO;380;0;420;320;0;0;0;0;0;0;0;0;0;0;0;0;0;0;0;0;0;0;0;0;0
CHICO BUARQUE;07/04/2023;2023;TOKIO MARINE HALL;160;700;480;280;0;250;0;0;0;0;0;0;0;0;0;0;0;0;0;0;0;0;0;0;0
PIERCE THE VEIL;09/04/2023;2023;AUDIO;390;640;680;0;0;0;0;0;0;0;0;0;0;0;0;0;0;0;660;0;0;0;0;0;0
ALCEU VALENCA;20/04/2023;2023;ESPACO UNIMED;380;600;1200;0;0;0;0;0;0;0;0;0;0;0;0;0;0;0;0;0;0;0;0;0;0
FALAMANSA;20/04/2023;2023;ESPACO UNIMED;380;600;1200;0;0;0;0;0;0;0;0;0;0;0;0;0;0;0;0;0;0;0;0;0;0
ALAN WALKER;21/04/2023;2023;VALE DO ANHANGABAU;750;1500;0;0;0;0;0;0;0;0;0;0;0;0;0;0;0;0;0;0;0;0;0;0;0
MARSHMELLO;21/04/2023;2023;VALE DO ANHANGABAU;750;1500;0;0;0;0;0;0;0;0;0;0;0;0;0;0;0;0;0;0;0;0;0;0;0
OLIVER HELDENS;21/04/2023;2023;VALE DO ANHANGABAU;750;1500;0;0;0;0;0;0;0;0;0;0;0;0;0;0;0;0;0;0;0;0;0;0;0
TIMMY TRUMPET;21/04/2023;2023;VALE DO ANHANGABAU;750;1500;0;0;0;0;0;0;0;0;0;0;0;0;0;0;0;0;0;0;0;0;0;0;0
ABOVE & BEYOND;22/04/2023;2023;VALE DO ANHANGABAU;750;1500;0;0;0;0;0;0;0;0;0;0;0;0;0;0;0;0;0;0;0;0;0;0;0
AXWELL;22/04/2023;2023;VALE DO ANHANGABAU;750;1500;0;0;0;0;0;0;0;0;0;0;0;0;0;0;0;0;0;0;0;0;0;0;0
DEEP PURPLE;22/04/2023;2023;ALLIANZ PARQUE;680;1180;0;780;0;480;0;0;0;0;0;0;0;0;0;0;0;0;0;0;0;0;0;0;0
DJ SNAKE;22/04/2023;2023;VALE DO ANHANGABAU;750;1500;0;0;0;0;0;0;0;0;0;0;0;0;0;0;0;0;0;0;0;0;0;0;0
HELLOWEEN;22/04/2023;2023;ALLIANZ PARQUE;680;1180;0;780;0;480;0;0;0;0;0;0;0;0;0;0;0;0;0;0;0;0;0;0;0
KISS;22/04/2023;2023;ALLIANZ PARQUE;680;1180;0;780;0;480;0;0;0;0;0;0;0;0;0;0;0;0;0;0;0;0;0;0;0
NICKY ROMERO;22/04/2023;2023;VALE DO ANHANGABAU;750;1500;0;0;0;0;0;0;0;0;0;0;0;0;0;0;0;0;0;0;0;0;0;0;0
SCORPIONS;22/04/2023;2023;ALLIANZ PARQUE;680;1180;0;780;0;480;0;0;0;0;0;0;0;0;0;0;0;0;0;0;0;0;0;0;0
VINI VICI;22/04/2023;2023;VALE DO ANHANGABAU;750;1500;0;0;0;0;0;0;0;0;0;0;0;0;0;0;0;0;0;0;0;0;0;0;0
VITOR KLEY;23/04/2023;2023;AUDIO;140;0;0;0;0;0;0;0;0;0;0;0;0;0;0;0;0;0;180;0;500;0;0;0;0
PERICLES;28/04/2023;2023;ESPACO UNIMED;160;240;280;200;0;0;0;0;0;0;0;0;0;0;0;0;0;0;0;0;0;0;0;0;0
APOCALYPTICA;29/04/2023;2023;MEMORIAL DA AMERICA LATINA;400;600;0;0;0;0;0;0;0;0;0;0;0;0;0;0;0;0;600;0;0;0;0;0;0
LAMB OF GOD;29/04/2023;2023;MEMORIAL DA AMERICA LATINA;400;600;0;0;0;0;0;0;0;0;0;0;0;0;0;0;0;0;600;0;0;0;0;0;0
SEPULTURA;29/04/2023;2023;MEMORIAL DA AMERICA LATINA;400;600;0;0;0;0;0;0;0;0;0;0;0;0;0;0;0;0;600;0;0;0;0;0;0
SKID ROW;29/04/2023;2023;MEMORIAL DA AMERICA LATINA;400;600;0;0;0;0;0;0;0;0;0;0;0;0;0;0;0;0;600;0;0;0;0;0;0
STONE TEMPLE PILOTS;29/04/2023;2023;MEMORIAL DA AMERICA LATINA;400;600;0;0;0;0;0;0;0;0;0;0;0;0;0;0;0;0;600;0;0;0;0;0;0
BEAST IN BLACK;30/04/2023;2023;MEMORIAL DA AMERICA LATINA;400;600;0;0;0;0;0;0;0;0;0;0;0;0;0;0;0;0;600;0;0;0;0;0;0
JOAO GOMES;30/04/2023;2023;SAMBODROMO DO ANHEMBI;120;160;6000;0;0;0;0;0;0;0;0;0;0;0;0;0;0;0;0;0;0;0;0;0;0
LUISA SONZA;30/04/2023;2023;SAMBODROMO DO ANHEMBI;120;160;6000;0;0;0;0;0;0;0;0;0;0;0;0;0;0;0;0;0;0;0;0;0;0
MARI FERNANDEZ;30/04/2023;2023;SAMBODROMO DO ANHEMBI;120;160;6000;0;0;0;0;0;0;0;0;0;0;0;0;0;0;0;0;0;0;0;0;0;0
NATTAN;30/04/2023;2023;SAMBODROMO DO ANHEMBI;120;160;6000;0;0;0;0;0;0;0;0;0;0;0;0;0;0;0;0;0;0;0;0;0;0
PARKWAY DRIVE;30/04/2023;2023;MEMORIAL DA AMERICA LATINA;400;600;0;0;0;0;0;0;0;0;0;0;0;0;0;0;0;0;600;0;0;0;0;0;0
TARCISIO DO ACORDEON;30/04/2023;2023;SAMBODROMO DO ANHEMBI;120;160;6000;0;0;0;0;0;0;0;0;0;0;0;0;0;0;0;0;0;0;0;0;0;0
VITOR FERNANDES;30/04/2023;2023;SAMBODROMO DO ANHEMBI;120;160;6000;0;0;0;0;0;0;0;0;0;0;0;0;0;0;0;0;0;0;0;0;0;0
XAND AVIAO;30/04/2023;2023;SAMBODROMO DO ANHEMBI;120;160;6000;0;0;0;0;0;0;0;0;0;0;0;0;0;0;0;0;0;0;0;0;0;0
ALICIA KEYS;05/05/2023;2023;ALLIANZ PARQUE;780;880;980;720;0;550;0;0;0;0;0;0;0;0;0;0;0;0;0;0;0;0;0;0;0
EDSON & HUDSON;05/05/2023;2023;ESPACO UNIMED;220;380;500;480;0;340;0;0;0;0;0;0;0;0;0;0;0;0;0;0;0;0;0;0;300
MARINA SENA;05/05/2023;2023;AUDIO;180;0;0;0;0;0;0;0;0;0;0;0;0;0;0;0;0;0;300;0;0;0;0;0;0
ARMANDINHO;06/05/2023;2023;DISTRITO ANHEMBI;200;300;0;0;0;0;0;0;0;0;0;0;0;0;0;0;0;0;0;0;0;0;0;0;0
FILIPE RET;06/05/2023;2023;DISTRITO ANHEMBI;200;300;0;0;0;0;0;0;0;0;0;0;0;0;0;0;0;0;0;0;0;0;0;0;0
GLORIA GROOVE;06/05/2023;2023;DISTRITO ANHEMBI;200;300;0;0;0;0;0;0;0;0;0;0;0;0;0;0;0;0;0;0;0;0;0;0;0
LEGIAO URBANA;06/05/2023;2023;ESPACO UNIMED;120;220;320;0;0;0;0;0;0;0;0;0;0;0;0;0;0;0;0;0;0;0;0;0;0
LOURENA;06/05/2023;2023;DISTRITO ANHEMBI;200;300;0;0;0;0;0;0;0;0;0;0;0;0;0;0;0;0;0;0;0;0;0;0;0
MATUE;06/05/2023;2023;DISTRITO ANHEMBI;200;300;0;0;0;0;0;0;0;0;0;0;0;0;0;0;0;0;0;0;0;0;0;0;0
MC CABELINHO;06/05/2023;2023;DISTRITO ANHEMBI;200;300;0;0;0;0;0;0;0;0;0;0;0;0;0;0;0;0;0;0;0;0;0;0;0
OROCHI;06/05/2023;2023;DISTRITO ANHEMBI;200;300;0;0;0;0;0;0;0;0;0;0;0;0;0;0;0;0;0;0;0;0;0;0;0
TASHA & TRACIE;06/05/2023;2023;DISTRITO ANHEMBI;200;300;0;0;0;0;0;0;0;0;0;0;0;0;0;0;0;0;0;0;0;0;0;0;0
TETO;06/05/2023;2023;DISTRITO ANHEMBI;200;300;0;0;0;0;0;0;0;0;0;0;0;0;0;0;0;0;0;0;0;0;0;0;0
WIZ KHALIFA;06/05/2023;2023;DISTRITO ANHEMBI;200;300;0;0;0;0;0;0;0;0;0;0;0;0;0;0;0;0;0;0;0;0;0;0;0
CHASE ATLANTIC;07/05/2023;2023;DISTRITO ANHEMBI;200;300;0;0;0;0;0;0;0;0;0;0;0;0;0;0;0;0;0;0;0;0;0;0;0
ICE CUBE;07/05/2023;2023;DISTRITO ANHEMBI;200;300;0;0;0;0;0;0;0;0;0;0;0;0;0;0;0;0;0;0;0;0;0;0;0
RACIONAIS MC'S;07/05/2023;2023;DISTRITO ANHEMBI;200;300;0;0;0;0;0;0;0;0;0;0;0;0;0;0;0;0;0;0;0;0;0;0;0
CHASE ATLANTIC;09/05/2023;2023;AUDIO;320;0;460;0;0;0;0;0;0;0;0;0;0;0;0;0;0;0;0;0;0;0;0;0;0
BACO EXU DO BLUES;12/05/2023;2023;ESPACO UNIMED;160;0;0;0;0;110;0;0;0;0;0;0;0;0;0;0;0;0;0;0;0;0;0;0;0
DANIEL;14/05/2023;2023;VIBRA SAO PAULO;90;170;410;140;0;0;0;0;0;0;0;0;0;0;0;0;0;0;0;0;0;0;0;0;0
JACKSON WANG;15/05/2023;2023;ESPACO UNIMED;460;850;1200;0;0;0;0;0;0;0;0;0;0;0;0;0;0;0;900;0;0;0;0;0;0
DANIEL;19/05/2023;2023;VIBRA SAO PAULO;90;170;410;140;0;0;0;0;0;0;0;0;0;0;0;0;0;0;0;0;0;0;0;0;0
DJAVAN;20/05/2023;2023;ESPACO UNIMED;210;595;0;0;0;0;0;0;0;0;0;0;0;0;0;0;0;0;0;0;1000;0;0;0;0
GLORIA GROOVE;27/05/2023;2023;VALE DO ANHANGABAU;270;0;0;0;0;0;0;0;0;0;0;0;0;0;0;0;0;0;0;0;0;0;0;0;0
TIAGO IORC;27/05/2023;2023;VIBRA SAO PAULO;120;320;0;0;0;0;0;0;0;0;0;0;0;0;0;0;0;0;0;0;0;0;0;0;0
ZE RAMALHO;27/05/2023;2023;ESPACO UNIMED;120;280;360;0;0;0;0;0;0;0;0;0;0;0;0;0;0;0;0;0;0;0;0;0;0
ALCEU VALENCA;28/05/2023;2023;VALE DO ANHANGABAU;0;0;0;0;0;0;0;0;0;0;0;0;0;0;0;0;0;0;0;0;0;0;0;0;0
IZA;28/05/2023;2023;VALE DO ANHANGABAU;0;0;0;0;0;0;0;0;0;0;0;0;0;0;0;0;0;0;0;0;0;0;0;0;0
PABLLO VITTAR;02/06/2023;2023;KOMPLEXO TEMPO;120;0;250;0;0;0;0;0;0;0;0;0;0;0;0;0;0;0;0;220;0;0;0;0;0
URIAS;02/06/2023;2023;KOMPLEXO TEMPO;120;0;250;0;0;0;0;0;0;0;0;0;0;0;0;0;0;0;0;220;0;0;0;0;0
BADBADNOTGOOD;03/06/2023;2023;NOVO ANHANGABAU;850;2200;0;0;0;0;0;0;0;0;0;0;0;0;0;0;0;0;0;0;0;0;0;0;0
DJONGA;03/06/2023;2023;NOVO ANHANGABAU;850;2200;0;0;0;0;0;0;0;0;0;0;0;0;0;0;0;0;0;0;0;0;0;0;0
FLUME;03/06/2023;2023;NOVO ANHANGABAU;850;2200;0;0;0;0;0;0;0;0;0;0;0;0;0;0;0;0;0;0;0;0;0;0;0
LANA DEL REY;03/06/2023;2023;NOVO ANHANGABAU;850;2200;0;0;0;0;0;0;0;0;0;0;0;0;0;0;0;0;0;0;0;0;0;0;0
LULU SANTOS;03/06/2023;2023;ESPACO UNIMED;140;320;320;260;0;0;0;0;0;0;0;0;0;0;0;0;0;0;0;0;0;0;0;0;0
NATIRUTS;03/06/2023;2023;NOVO ANHANGABAU;850;2200;0;0;0;0;0;0;0;0;0;0;0;0;0;0;0;0;0;0;0;0;0;0;0
CAPITAL INICIAL;04/06/2023;2023;NOVO ANHANGABAU;850;1990;0;0;0;0;0;0;0;0;0;0;0;0;0;0;0;0;0;0;0;0;0;0;0
FLORENCE + THE MACHINE;04/06/2023;2023;NOVO ANHANGABAU;850;1990;0;0;0;0;0;0;0;0;0;0;0;0;0;0;0;0;0;0;0;0;0;0;0
HAIM;04/06/2023;2023;NOVO ANHANGABAU;850;1990;0;0;0;0;0;0;0;0;0;0;0;0;0;0;0;0;0;0;0;0;0;0;0
SABRINA CARPENTER;04/06/2023;2023;NOVO ANHANGABAU;850;1990;0;0;0;0;0;0;0;0;0;0;0;0;0;0;0;0;0;0;0;0;0;0;0
CLAUDIA LEITTE;08/06/2023;2023;SAMBODROMO DO ANHEMBI;200;0;0;0;0;0;0;0;0;0;0;0;0;0;0;0;0;0;0;0;0;0;0;0;0
IVETE SANGALO;08/06/2023;2023;SAMBODROMO DO ANHEMBI;200;0;0;0;0;0;0;0;0;0;0;0;0;0;0;0;0;0;0;0;0;0;0;0;0
GLORIA GROOVE;09/06/2023;2023;SAMBODROMO DO ANHEMBI;200;0;0;0;0;0;0;0;0;0;0;0;0;0;0;0;0;0;0;0;0;0;0;0;0
CLAUDIA LEITTE;10/06/2023;2023;SAMBODROMO DO ANHEMBI;200;0;0;0;0;0;0;0;0;0;0;0;0;0;0;0;0;0;0;0;0;0;0;0;0
LINIKER;10/06/2023;2023;VALE DO ANHANGABAU;100;0;0;0;0;0;0;0;0;0;0;0;0;0;0;0;0;0;0;0;0;0;0;0;0
MARINA SENA;10/06/2023;2023;VALE DO ANHANGABAU;100;0;0;0;0;0;0;0;0;0;0;0;0;0;0;0;0;0;0;0;0;0;0;0;0
PABLLO VITTAR;10/06/2023;2023;SAMBODROMO DO ANHEMBI;200;0;0;0;0;0;0;0;0;0;0;0;0;0;0;0;0;0;0;0;0;0;0;0;0
MARCELO D2;16/06/2023;2023;AUDIO;120;0;0;0;0;0;0;0;0;0;0;0;0;0;0;0;0;0;300;0;0;0;0;0;0
TITAS;16/06/2023;2023;ALLIANZ PARQUE;300;450;0;250;0;95;0;0;0;0;0;0;700;0;0;0;1440;0;0;0;0;0;0;0;0
TITAS;17/06/2023;2023;ALLIANZ PARQUE;300;450;0;250;0;95;0;0;0;0;0;0;700;0;0;0;1440;0;0;0;0;0;0;0;0
TITAS;18/06/2023;2023;ALLIANZ PARQUE;300;450;0;250;0;95;0;0;0;0;0;0;700;0;0;0;1440;0;0;0;0;0;0;0;0
CHITAOZINHO & XORORO;23/06/2023;2023;ESPACO UNIMED;400;600;850;0;0;0;0;0;0;0;0;0;0;0;0;0;0;0;250;0;0;0;0;0;0
CHITAOZINHO & XORORO;24/06/2023;2023;ESPACO UNIMED;400;600;850;0;0;0;0;0;0;0;0;0;0;0;0;0;0;0;250;0;0;0;0;0;0
TITAS;27/06/2023;2023;VIBRA SAO PAULO;280;480;0;0;0;0;0;0;0;0;0;0;0;0;0;0;0;0;0;0;0;0;0;0;0
RAIMUNDOS;29/06/2023;2023;AUDIO;210;0;0;0;0;0;0;0;0;0;0;0;0;0;0;0;0;0;0;0;0;0;0;0;0
LAGUM;30/06/2023;2023;ESPACO UNIMED;220;0;360;0;0;0;0;0;0;0;0;0;0;0;0;0;0;0;0;0;0;0;0;0;0
PERICLES;30/06/2023;2023;AUDIO;140;0;0;0;0;0;0;0;0;0;0;0;0;0;0;0;0;0;0;0;0;0;0;0;0
NCT DREAM;04/07/2023;2023;VIBRA SAO PAULO;700;950;780;0;0;400;350;0;0;0;0;0;0;0;0;0;0;0;0;0;0;0;0;0;0
CNCO;05/07/2023;2023;AUDIO;420;0;540;0;0;0;0;0;0;0;0;0;0;0;0;0;0;0;0;0;0;0;0;0;0
JEFF SATUR;07/07/2023;2023;ESPACO UNIMED;460;840;990;0;0;0;0;0;0;0;0;0;0;0;0;0;0;0;980;0;0;0;0;0;0
ROBERTO CARLOS;07/07/2023;2023;VIBRA SAO PAULO;350;1000;0;0;0;0;0;0;0;0;0;0;0;0;0;0;0;0;0;0;0;0;0;0;0
ROBERTO CARLOS;08/07/2023;2023;VIBRA SAO PAULO;350;1000;0;0;0;0;0;0;0;0;0;0;0;0;0;0;0;0;0;0;0;0;0;0;0
MARISA MONTE;14/07/2023;2023;ESPACO UNIMED;180;420;480;0;0;0;0;0;0;0;0;0;0;0;0;0;0;0;280;0;0;0;0;0;0
MARISA MONTE;15/07/2023;2023;ESPACO UNIMED;180;420;480;0;0;0;0;0;0;0;0;0;0;0;0;0;0;0;280;0;0;0;0;0;0
MARISA MONTE;21/07/2023;2023;ESPACO UNIMED;180;420;480;0;0;0;0;0;0;0;0;0;0;0;0;0;0;0;280;0;0;0;0;0;0
P1HARMONY;21/07/2023;2023;TOKIO MARINE HALL;340;490;410;490;0;340;0;0;0;0;0;0;0;0;0;0;0;0;0;0;440;550;0;0;0
MARISA MONTE;22/07/2023;2023;ESPACO UNIMED;180;420;480;0;0;0;0;0;0;0;0;0;0;0;0;0;0;0;280;0;0;0;0;0;0
5 SECONDS OF SUMMER;25/07/2023;2023;ESPACO UNIMED;440;680;700;0;0;0;0;0;0;0;0;0;0;0;0;0;0;0;720;0;0;0;0;0;0
ALCEU VALENCA;28/07/2023;2023;CENTRO DE TRADICOES NORDESTINAS;96;0;0;0;0;0;0;0;0;0;0;0;0;0;0;0;0;0;0;0;0;0;0;0;0
FALAMANSA;28/07/2023;2023;CENTRO DE TRADICOES NORDESTINAS;96;0;0;0;0;0;0;0;0;0;0;0;0;0;0;0;0;0;0;0;0;0;0;0;0
RACA NEGRA;04/08/2023;2023;GINASIO DO IBIRAPUERA;0;0;0;0;0;0;0;0;0;0;0;0;0;0;0;0;0;0;0;0;0;0;0;0;0
ZEZE DI CAMARGO & LUCIANO;04/08/2023;2023;ESPACO UNIMED;220;380;500;340;0;0;0;0;0;0;0;0;0;0;0;0;0;0;0;0;0;0;0;0;0
ALCEU VALENCA;06/08/2023;2023;GINASIO DO IBIRAPUERA;0;0;0;0;0;0;0;0;0;0;0;0;0;0;0;0;0;0;0;0;0;0;0;0;0
LEO SANTANA;06/08/2023;2023;GINASIO DO IBIRAPUERA;0;0;0;0;0;0;0;0;0;0;0;0;0;0;0;0;0;0;0;0;0;0;0;0;0
LEONARDO;06/08/2023;2023;GINASIO DO IBIRAPUERA;0;0;0;0;0;0;0;0;0;0;0;0;0;0;0;0;0;0;0;0;0;0;0;0;0
ANA CASTELA;19/08/2023;2023;SAMBODROMO DO ANHEMBI;180;320;450;220;0;120;0;0;0;0;0;0;0;0;0;0;0;0;0;0;0;0;0;0;0
BRUNO & MARRONE;19/08/2023;2023;SAMBODROMO DO ANHEMBI;180;320;450;220;0;120;0;0;0;0;0;0;0;0;0;0;0;0;0;0;0;0;0;0;0
GUSTAVO MIOTO;19/08/2023;2023;SAMBODROMO DO ANHEMBI;180;320;450;220;0;120;0;0;0;0;0;0;0;0;0;0;0;0;0;0;0;0;0;0;0
JOAO GOMES;19/08/2023;2023;SAMBODROMO DO ANHEMBI;180;320;450;220;0;120;0;0;0;0;0;0;0;0;0;0;0;0;0;0;0;0;0;0;0
MAIARA & MARAISA;19/08/2023;2023;SAMBODROMO DO ANHEMBI;180;320;450;220;0;120;0;0;0;0;0;0;0;0;0;0;0;0;0;0;0;0;0;0;0
MARI FERNANDEZ;19/08/2023;2023;SAMBODROMO DO ANHEMBI;180;320;450;220;0;120;0;0;0;0;0;0;0;0;0;0;0;0;0;0;0;0;0;0;0
PEDRO SAMPAIO;19/08/2023;2023;SAMBODROMO DO ANHEMBI;180;320;450;220;0;120;0;0;0;0;0;0;0;0;0;0;0;0;0;0;0;0;0;0;0
ZE NETO & CRISTIANO;19/08/2023;2023;SAMBODROMO DO ANHEMBI;180;320;450;220;0;120;0;0;0;0;0;0;0;0;0;0;0;0;0;0;0;0;0;0;0
CAETANO VELOSO;25/08/2023;2023;ESPACO UNIMED;720;0;0;0;0;0;0;0;0;0;0;0;0;0;0;0;0;0;0;0;0;0;0;0;0
CALUM SCOTT;25/08/2023;2023;VIBRA SAO PAULO;760;0;1200;0;0;0;0;0;0;0;470;0;0;0;0;0;0;0;0;0;0;0;0;0;0
ATEEZ;26/08/2023;2023;ALLIANZ PARQUE;690;0;0;390;0;0;0;0;0;0;0;990;0;0;0;0;0;0;0;0;0;0;0;0;0
CAETANO VELOSO;26/08/2023;2023;ESPACO UNIMED;720;0;0;0;0;0;0;0;0;0;0;0;0;0;0;0;0;0;0;0;0;0;0;0;0
DILSINHO;01/09/2023;2023;ESPACO UNIMED;60;100;190;0;0;0;0;0;0;0;0;0;0;0;0;0;0;0;0;0;0;0;0;0;0
CAIO LUCCAS;02/09/2023;2023;AUTODROMO DE INTERLAGOS;815;0;0;0;0;0;0;0;0;0;0;0;0;0;0;0;0;0;0;0;0;0;0;0;0
DEMI LOVATO;02/09/2023;2023;AUTODROMO DE INTERLAGOS;815;0;0;0;0;0;0;0;0;0;0;0;0;0;0;0;0;0;0;0;0;0;0;0;0
IGGY AZALEA;02/09/2023;2023;AUTODROMO DE INTERLAGOS;815;0;0;0;0;0;0;0;0;0;0;0;0;0;0;0;0;0;0;0;0;0;0;0;0
KAYBLACK;02/09/2023;2023;AUTODROMO DE INTERLAGOS;815;0;0;0;0;0;0;0;0;0;0;0;0;0;0;0;0;0;0;0;0;0;0;0;0
MC HARIEL;02/09/2023;2023;AUTODROMO DE INTERLAGOS;815;0;0;0;0;0;0;0;0;0;0;0;0;0;0;0;0;0;0;0;0;0;0;0;0
OROCHI;02/09/2023;2023;AUTODROMO DE INTERLAGOS;815;0;0;0;0;0;0;0;0;0;0;0;0;0;0;0;0;0;0;0;0;0;0;0;0
POST MALONE;02/09/2023;2023;AUTODROMO DE INTERLAGOS;815;0;0;0;0;0;0;0;0;0;0;0;0;0;0;0;0;0;0;0;0;0;0;0;0
RACIONAIS MC'S;02/09/2023;2023;AUTODROMO DE INTERLAGOS;815;0;0;0;0;0;0;0;0;0;0;0;0;0;0;0;0;0;0;0;0;0;0;0;0
TASHA & TRACIE;02/09/2023;2023;AUTODROMO DE INTERLAGOS;815;0;0;0;0;0;0;0;0;0;0;0;0;0;0;0;0;0;0;0;0;0;0;0;0
TETO;02/09/2023;2023;AUTODROMO DE INTERLAGOS;815;0;0;0;0;0;0;0;0;0;0;0;0;0;0;0;0;0;0;0;0;0;0;0;0
URIAS;02/09/2023;2023;AUTODROMO DE INTERLAGOS;815;0;0;0;0;0;0;0;0;0;0;0;0;0;0;0;0;0;0;0;0;0;0;0;0
ALOK;03/09/2023;2023;AUTODROMO DE INTERLAGOS;815;0;0;0;0;0;0;0;0;0;0;0;0;0;0;0;0;0;0;0;0;0;0;0;0
BEBE REXHA;03/09/2023;2023;AUTODROMO DE INTERLAGOS;815;0;0;0;0;0;0;0;0;0;0;0;0;0;0;0;0;0;0;0;0;0;0;0;0
BRUNO MARS;03/09/2023;2023;AUTODROMO DE INTERLAGOS;815;0;0;0;0;0;0;0;0;0;0;0;0;0;0;0;0;0;0;0;0;0;0;0;0
LEON BRIDGES;03/09/2023;2023;AUTODROMO DE INTERLAGOS;815;0;0;0;0;0;0;0;0;0;0;0;0;0;0;0;0;0;0;0;0;0;0;0;0
LUCCAS CARLOS;03/09/2023;2023;AUTODROMO DE INTERLAGOS;815;0;0;0;0;0;0;0;0;0;0;0;0;0;0;0;0;0;0;0;0;0;0;0;0
LUISA SONZA;03/09/2023;2023;AUTODROMO DE INTERLAGOS;815;0;0;0;0;0;0;0;0;0;0;0;0;0;0;0;0;0;0;0;0;0;0;0;0
MATUE;03/09/2023;2023;AUTODROMO DE INTERLAGOS;815;0;0;0;0;0;0;0;0;0;0;0;0;0;0;0;0;0;0;0;0;0;0;0;0
PAUL KALKBRENNER;03/09/2023;2023;AUTODROMO DE INTERLAGOS;815;0;0;0;0;0;0;0;0;0;0;0;0;0;0;0;0;0;0;0;0;0;0;0;0
SEU JORGE;03/09/2023;2023;AUTODROMO DE INTERLAGOS;815;0;0;0;0;0;0;0;0;0;0;0;0;0;0;0;0;0;0;0;0;0;0;0;0
VEIGH;03/09/2023;2023;AUTODROMO DE INTERLAGOS;815;0;0;0;0;0;0;0;0;0;0;0;0;0;0;0;0;0;0;0;0;0;0;0;0
WIU;03/09/2023;2023;AUTODROMO DE INTERLAGOS;815;0;0;0;0;0;0;0;0;0;0;0;0;0;0;0;0;0;0;0;0;0;0;0;0
LUDMILLA;07/09/2023;2023;AUTODROMO DE INTERLAGOS;815;0;0;0;0;0;0;0;0;0;0;0;0;0;0;0;0;0;0;0;0;0;0;0;0
MARIA RITA;07/09/2023;2023;AUTODROMO DE INTERLAGOS;815;0;0;0;0;0;0;0;0;0;0;0;0;0;0;0;0;0;0;0;0;0;0;0;0
MAROON 5;07/09/2023;2023;AUTODROMO DE INTERLAGOS;815;0;0;0;0;0;0;0;0;0;0;0;0;0;0;0;0;0;0;0;0;0;0;0;0
MARVVILA;07/09/2023;2023;AUTODROMO DE INTERLAGOS;815;0;0;0;0;0;0;0;0;0;0;0;0;0;0;0;0;0;0;0;0;0;0;0;0
MASEGO;07/09/2023;2023;AUTODROMO DE INTERLAGOS;815;0;0;0;0;0;0;0;0;0;0;0;0;0;0;0;0;0;0;0;0;0;0;0;0
NE-YO;07/09/2023;2023;AUTODROMO DE INTERLAGOS;815;0;0;0;0;0;0;0;0;0;0;0;0;0;0;0;0;0;0;0;0;0;0;0;0
THE CHAINSMOKERS;07/09/2023;2023;AUTODROMO DE INTERLAGOS;815;0;0;0;0;0;0;0;0;0;0;0;0;0;0;0;0;0;0;0;0;0;0;0;0
FOO FIGHTERS;09/09/2023;2023;AUTODROMO DE INTERLAGOS;815;0;0;0;0;0;0;0;0;0;0;0;0;0;0;0;0;0;0;0;0;0;0;0;0
GARBAGE;09/09/2023;2023;AUTODROMO DE INTERLAGOS;815;0;0;0;0;0;0;0;0;0;0;0;0;0;0;0;0;0;0;0;0;0;0;0;0
MC DON JUAN;09/09/2023;2023;AUTODROMO DE INTERLAGOS;815;0;0;0;0;0;0;0;0;0;0;0;0;0;0;0;0;0;0;0;0;0;0;0;0
PITTY;09/09/2023;2023;AUTODROMO DE INTERLAGOS;815;0;0;0;0;0;0;0;0;0;0;0;0;0;0;0;0;0;0;0;0;0;0;0;0
WET LEG;09/09/2023;2023;AUTODROMO DE INTERLAGOS;815;0;0;0;0;0;0;0;0;0;0;0;0;0;0;0;0;0;0;0;0;0;0;0;0
YEAH YEAH YEAHS;09/09/2023;2023;AUTODROMO DE INTERLAGOS;815;0;0;0;0;0;0;0;0;0;0;0;0;0;0;0;0;0;0;0;0;0;0;0;0
YUNK VINO;09/09/2023;2023;AUTODROMO DE INTERLAGOS;815;0;0;0;0;0;0;0;0;0;0;0;0;0;0;0;0;0;0;0;0;0;0;0;0
BRUNO MARS;10/09/2023;2023;AUTODROMO DE INTERLAGOS;815;0;0;0;0;0;0;0;0;0;0;0;0;0;0;0;0;0;0;0;0;0;0;0;0
GLORIA GROOVE;10/09/2023;2023;AUTODROMO DE INTERLAGOS;815;0;0;0;0;0;0;0;0;0;0;0;0;0;0;0;0;0;0;0;0;0;0;0;0
H.E.R.;10/09/2023;2023;AUTODROMO DE INTERLAGOS;815;0;0;0;0;0;0;0;0;0;0;0;0;0;0;0;0;0;0;0;0;0;0;0;0
IZA;10/09/2023;2023;AUTODROMO DE INTERLAGOS;815;0;0;0;0;0;0;0;0;0;0;0;0;0;0;0;0;0;0;0;0;0;0;0;0
JAO;10/09/2023;2023;AUTODROMO DE INTERLAGOS;815;0;0;0;0;0;0;0;0;0;0;0;0;0;0;0;0;0;0;0;0;0;0;0;0
KIM PETRAS;10/09/2023;2023;AUTODROMO DE INTERLAGOS;815;0;0;0;0;0;0;0;0;0;0;0;0;0;0;0;0;0;0;0;0;0;0;0;0
MARINA SENA;10/09/2023;2023;AUTODROMO DE INTERLAGOS;815;0;0;0;0;0;0;0;0;0;0;0;0;0;0;0;0;0;0;0;0;0;0;0;0
PABLLO VITTAR;10/09/2023;2023;AUTODROMO DE INTERLAGOS;815;0;0;0;0;0;0;0;0;0;0;0;0;0;0;0;0;0;0;0;0;0;0;0;0
AESPA;11/09/2023;2023;ESPACO UNIMED;490;940;840;0;0;0;0;0;0;0;0;0;0;0;0;0;0;0;960;0;0;0;0;0;0
GILBERTO GIL;14/09/2023;2023;ESPACO UNIMED;280;530;0;380;0;0;0;0;0;0;0;0;0;0;0;0;0;0;0;0;0;0;0;0;0
EDSON & HUDSON;15/09/2023;2023;VILLA COUNTRY;60;150;400;0;0;0;0;700;0;0;0;0;0;0;0;0;0;0;1700;0;0;0;0;0;0
GILBERTO GIL;15/09/2023;2023;ESPACO UNIMED;280;530;0;380;0;0;0;0;0;0;0;0;0;0;0;0;0;0;0;0;0;0;0;0;0
PERICLES;15/09/2023;2023;MEMORIAL DA AMERICA LATINA;360;0;0;0;0;0;0;0;0;0;0;0;0;0;0;0;0;0;0;0;0;0;0;0;0
FLORA MATOS;16/09/2023;2023;AUDIO;160;0;0;0;0;0;0;0;0;0;0;0;0;0;0;0;0;0;0;0;0;0;0;0;0
GILBERTO GIL;16/09/2023;2023;ESPACO UNIMED;280;530;0;380;0;0;0;0;0;0;0;0;0;0;0;0;0;0;0;0;0;0;0;0;0
JORGE BEN JOR;17/09/2023;2023;MEMORIAL DA AMERICA LATINA;0;0;0;0;0;0;0;0;0;0;0;0;0;0;0;0;0;0;0;0;0;0;0;0;0
GHOST;20/09/2023;2023;ESPACO UNIMED;370;580;650;0;0;0;0;0;0;0;0;0;0;0;0;0;0;0;600;0;0;0;0;0;0
GHOST;21/09/2023;2023;ESPACO UNIMED;370;580;650;0;0;0;0;0;0;0;0;0;0;0;0;0;0;0;600;0;0;0;0;0;0
LYNYRD SKYNYRD;22/09/2023;2023;ESPACO UNIMED;450;750;825;0;0;0;0;0;0;0;0;0;0;0;0;0;0;0;780;0;0;0;0;0;0
CPM 22;23/09/2023;2023;DISTRITO ANHEMBI;0;0;0;0;0;0;0;0;0;0;0;0;0;0;0;0;0;0;0;0;0;0;0;0;0
LEGIAO URBANA;23/09/2023;2023;DISTRITO ANHEMBI;0;0;0;0;0;0;0;0;0;0;0;0;0;0;0;0;0;0;0;0;0;0;0;0;0
NANDO REIS;23/09/2023;2023;DISTRITO ANHEMBI;0;0;0;0;0;0;0;0;0;0;0;0;0;0;0;0;0;0;0;0;0;0;0;0;0
OS PARALAMAS DO SUCESSO;23/09/2023;2023;ARENA ANHEMBI;0;0;0;0;0;0;0;0;0;0;0;0;0;0;0;0;0;0;0;0;0;0;0;0;0
PITTY;23/09/2023;2023;DISTRITO ANHEMBI;0;0;0;0;0;0;0;0;0;0;0;0;0;0;0;0;0;0;0;0;0;0;0;0;0
IVETE SANGALO;30/09/2023;2023;ALLIANZ PARQUE;680;840;1100;660;0;320;0;0;0;0;0;0;0;0;0;0;0;0;0;0;0;0;0;0;0
ROD STEWART;30/09/2023;2023;ALLIANZ PARQUE;680;840;1100;660;0;320;0;0;0;0;0;0;0;0;0;0;0;0;0;0;0;0;0;0;0
RAIMUNDOS;06/10/2023;2023;VIBRA SAO PAULO;150;250;0;0;0;0;0;0;0;0;0;0;0;0;0;0;0;0;0;0;0;0;0;0;0
JOTA QUEST;08/10/2023;2023;VIBRA SAO PAULO;210;0;215;190;150;80;65;0;0;0;0;0;0;0;0;0;0;0;0;0;0;0;0;0;0
KAYTRANADA;10/10/2023;2023;ALLIANZ PARQUE;0;750;0;650;0;460;0;0;0;0;0;0;0;0;0;0;0;0;0;0;0;0;0;0;0
THE WEEKND;10/10/2023;2023;ALLIANZ PARQUE;0;750;0;650;0;460;0;0;0;0;0;0;0;0;0;0;0;0;0;0;0;0;0;0;0
KAYTRANADA;11/10/2023;2023;ALLIANZ PARQUE;0;750;0;650;0;460;0;0;0;0;0;0;0;0;0;0;0;0;0;0;0;0;0;0;0
RACA NEGRA;11/10/2023;2023;ESPACO UNIMED;140;240;330;200;0;0;0;0;0;0;0;0;0;0;0;0;0;0;0;0;0;0;0;0;0
THE WEEKND;11/10/2023;2023;ALLIANZ PARQUE;0;750;0;650;0;460;0;0;0;0;0;0;0;0;0;0;0;0;0;0;0;0;0;0;0
EVANESCENCE;21/10/2023;2023;ALLIANZ PARQUE;350;650;0;350;0;0;0;0;0;0;0;0;0;0;0;0;0;0;0;0;1385;2143;0;0;0
JORGE BEN JOR;21/10/2023;2023;ESPACO UNIMED;100;130;240;0;0;0;0;0;0;0;0;0;0;0;0;0;0;0;0;0;0;0;0;0;0
ROBERTO CARLOS;26/10/2023;2023;ESPACO UNIMED;260;480;630;0;0;0;0;0;0;0;0;0;0;0;0;0;0;0;600;0;800;0;0;0;0
ROBERTO CARLOS;28/10/2023;2023;ESPACO UNIMED;260;480;630;0;0;0;0;0;0;0;0;0;0;0;0;0;0;0;600;0;800;0;0;0;0
ROBERTO CARLOS;29/10/2023;2023;ESPACO UNIMED;260;480;630;0;0;0;0;0;0;0;0;0;0;0;0;0;0;0;600;0;800;0;0;0;0
MANESKIN;03/11/2023;2023;ESPACO UNIMED;450;700;850;0;0;0;0;0;0;0;0;0;0;0;0;0;0;0;750;0;0;0;0;0;0
ALCEU VALENCA;04/11/2023;2023;TOKIO MARINE HALL;240;580;0;0;0;0;0;0;0;0;0;0;0;0;0;0;0;0;0;0;0;0;0;0;0
HALSEY;04/11/2023;2023;ALLIANZ PARQUE;550;990;1990;560;0;390;0;0;0;0;0;0;0;0;0;0;0;0;0;0;0;0;0;0;0
MGK;04/11/2023;2023;ALLIANZ PARQUE;550;990;1990;560;0;390;0;0;0;0;0;0;0;0;0;0;0;0;0;0;0;0;0;0;0
SWEDISH HOUSE MAFIA;04/11/2023;2023;ALLIANZ PARQUE;550;990;1990;560;0;390;0;0;0;0;0;0;0;0;0;0;0;0;0;0;0;0;0;0;0
IZA;05/11/2023;2023;ALLIANZ PARQUE;820;0;0;0;0;0;0;0;0;0;0;0;0;0;0;0;0;0;0;0;0;0;0;0;0
KENDRICK LAMAR;05/11/2023;2023;ALLIANZ PARQUE;820;0;0;0;0;0;0;0;0;0;0;0;0;0;0;0;0;0;0;0;0;0;0;0;0
SOFI TUKKER;05/11/2023;2023;ALLIANZ PARQUE;820;0;0;0;0;0;0;0;0;0;0;0;0;0;0;0;0;0;0;0;0;0;0;0;0
TASHA & TRACIE;05/11/2023;2023;ALLIANZ PARQUE;820;0;0;0;0;0;0;0;0;0;0;0;0;0;0;0;0;0;0;0;0;0;0;0;0
THE LUMINEERS;05/11/2023;2023;ESPACO UNIMED;440;720;680;0;0;350;0;0;0;0;0;0;0;0;0;0;0;0;740;0;0;0;0;0;0
THUNDERCAT;05/11/2023;2023;ALLIANZ PARQUE;820;0;0;0;0;0;0;0;0;0;0;0;0;0;0;0;0;0;0;0;0;0;0;0;0
ALTER BRIDGE;08/11/2023;2023;ESPACO UNIMED;300;500;0;0;0;0;0;0;0;0;0;0;0;0;0;0;0;0;550;0;0;0;0;0;0
EMICIDA;08/11/2023;2023;EXPO CENTER NORTE;0;0;0;0;0;0;0;0;0;0;0;0;0;0;0;0;0;0;0;0;0;0;0;0;0
IN FLAMES;09/11/2023;2023;TOKIO MARINE HALL;340;600;440;340;0;240;0;0;0;0;0;0;0;0;0;0;0;0;0;0;0;0;0;0;0
JORGE DREXLER;09/11/2023;2023;ESPACO UNIMED;240;420;470;0;0;0;0;0;0;0;0;0;0;0;0;0;0;0;320;0;0;0;0;0;0
LULU SANTOS;10/11/2023;2023;TOKIO MARINE HALL;160;350;420;0;0;0;0;0;0;0;0;0;0;0;0;0;0;0;0;0;0;0;0;0;0
PABLLO VITTAR;10/11/2023;2023;VIBRA SAO PAULO;50;0;0;0;0;0;0;0;0;0;0;0;0;0;0;0;0;0;0;0;0;0;0;0;0
RED HOT CHILI PEPPERS;10/11/2023;2023;ESTADIO DO MORUMBI;540;880;0;620;0;650;0;0;0;0;440;0;0;0;0;0;0;0;0;0;0;0;0;0;0
URIAS;10/11/2023;2023;VIBRA SAO PAULO;50;0;0;0;0;0;0;0;0;0;0;0;0;0;0;0;0;0;0;0;0;0;0;0;0
RBD;12/11/2023;2023;ESTADIO DO MORUMBI;480;850;0;540;0;420;0;0;0;0;560;0;0;0;0;0;0;0;0;0;0;0;0;0;0
RBD;13/11/2023;2023;ESTADIO DO MORUMBI;480;850;0;540;0;420;0;0;0;0;560;0;0;0;0;0;0;0;0;0;0;0;0;0;0
ALANIS MORISSETTE;14/11/2023;2023;ALLIANZ PARQUE;550;760;0;640;0;450;0;0;0;0;0;0;0;0;0;0;0;0;0;0;0;0;0;0;0
GOJIRA;14/11/2023;2023;ESPACO UNIMED;450;690;850;0;0;0;0;0;0;0;0;0;0;0;0;0;0;0;750;0;0;0;0;0;0
PITTY;14/11/2023;2023;ALLIANZ PARQUE;550;760;0;640;0;450;0;0;0;0;0;0;0;0;0;0;0;0;0;0;0;0;0;0;0
RBD;16/11/2023;2023;ALLIANZ PARQUE;480;850;0;560;0;420;0;0;0;0;0;0;0;0;0;0;0;0;0;0;0;0;0;0;0
GLORIA GROOVE;17/11/2023;2023;ESPACO UNIMED;120;220;360;0;0;0;0;0;0;0;0;0;0;0;0;0;0;0;280;0;0;0;0;0;0
OS PARALAMAS DO SUCESSO;17/11/2023;2023;VIBRA SAO PAULO;280;0;0;0;0;0;0;0;0;0;0;0;0;0;0;0;0;0;0;0;0;0;0;0;0
RBD;17/11/2023;2023;ALLIANZ PARQUE;480;850;0;560;0;420;0;0;0;0;0;0;0;0;0;0;0;0;0;0;0;0;0;0;0
DIANA KRALL;18/11/2023;2023;TOKIO MARINE HALL;400;0;0;0;0;0;0;0;0;0;0;0;0;0;0;0;0;0;0;0;0;0;0;0;0
RBD;18/11/2023;2023;ALLIANZ PARQUE;480;850;0;560;0;420;0;0;0;0;0;0;0;0;0;0;0;0;0;0;0;0;0;0;0
RBD;19/11/2023;2023;ALLIANZ PARQUE;480;850;0;560;0;420;0;0;0;0;0;0;0;0;0;0;0;0;0;0;0;0;0;0;0
SABRINA CARPENTER;24/11/2023;2023;ALLIANZ PARQUE;0;1050;0;750;480;500;380;0;0;0;0;0;0;0;0;0;0;0;0;0;0;0;0;0;0
TAYLOR SWIFT;24/11/2023;2023;ALLIANZ PARQUE;0;1050;0;750;480;500;380;0;0;0;0;0;0;0;0;0;0;0;0;0;0;0;0;0;0
CAETANO VELOSO;25/11/2023;2023;ESPACO UNIMED;720;0;0;0;0;0;0;0;0;0;0;0;0;0;0;0;0;0;0;0;0;0;0;0;0
SABRINA CARPENTER;25/11/2023;2023;ALLIANZ PARQUE;0;1050;0;750;480;500;380;0;0;0;0;0;0;0;0;0;0;0;0;0;0;0;0;0;0
TAYLOR SWIFT;25/11/2023;2023;ALLIANZ PARQUE;0;1050;0;750;480;500;380;0;0;0;0;0;0;0;0;0;0;0;0;0;0;0;0;0;0
SABRINA CARPENTER;26/11/2023;2023;ALLIANZ PARQUE;0;1050;0;750;480;500;380;0;0;0;0;0;0;0;0;0;0;0;0;0;0;0;0;0;0
TAYLOR SWIFT;26/11/2023;2023;ALLIANZ PARQUE;0;1050;0;750;480;500;380;0;0;0;0;0;0;0;0;0;0;0;0;0;0;0;0;0;0
CAETANO VELOSO;27/11/2023;2023;ESPACO UNIMED;720;0;0;0;0;0;0;0;0;0;0;0;0;0;0;0;0;0;0;0;0;0;0;0;0
FKJ;29/11/2023;2023;AUDIO;160;0;0;0;0;0;0;0;0;0;0;0;0;0;0;0;0;0;0;0;0;0;0;0;0
THE KILLERS;30/11/2023;2023;TOKIO MARINE HALL;810;0;900;780;0;0;0;0;0;0;0;0;0;0;0;0;0;0;0;0;0;0;0;0;0
MARISA MONTE;02/12/2023;2023;AUTODROMO DE INTERLAGOS;990;2000;0;0;0;0;0;0;0;0;0;0;0;0;0;0;0;0;0;0;0;0;0;0;0
PET SHOP BOYS;02/12/2023;2023;AUTODROMO DE INTERLAGOS;990;2000;0;0;0;0;0;0;0;0;0;0;0;0;0;0;0;0;0;0;0;0;0;0;0
SLOWDIVE;02/12/2023;2023;AUTODROMO DE INTERLAGOS;990;2000;0;0;0;0;0;0;0;0;0;0;0;0;0;0;0;0;0;0;0;0;0;0;0
THE HIVES;02/12/2023;2023;AUTODROMO DE INTERLAGOS;990;2000;0;0;0;0;0;0;0;0;0;0;0;0;0;0;0;0;0;0;0;0;0;0;0
THE KILLERS;02/12/2023;2023;AUTODROMO DE INTERLAGOS;990;2000;0;0;0;0;0;0;0;0;0;0;0;0;0;0;0;0;0;0;0;0;0;0;0
ANAVITORIA;03/12/2023;2023;ESPACO UNIMED;120;150;320;0;0;0;0;0;0;0;0;0;0;0;0;0;0;0;0;0;0;0;0;0;0
BAD RELIGION;03/12/2023;2023;AUTODROMO DE INTERLAGOS;990;2000;0;0;0;0;0;0;0;0;0;0;0;0;0;0;0;0;0;0;0;0;0;0;0
BECK;03/12/2023;2023;AUTODROMO DE INTERLAGOS;990;2000;0;0;0;0;0;0;0;0;0;0;0;0;0;0;0;0;0;0;0;0;0;0;0
CARLY RAE JEPSEN;03/12/2023;2023;AUTODROMO DE INTERLAGOS;990;2000;0;0;0;0;0;0;0;0;0;0;0;0;0;0;0;0;0;0;0;0;0;0;0
MARINA SENA;03/12/2023;2023;AUTODROMO DE INTERLAGOS;990;2000;0;0;0;0;0;0;0;0;0;0;0;0;0;0;0;0;0;0;0;0;0;0;0
MU540;03/12/2023;2023;AUTODROMO DE INTERLAGOS;990;2000;0;0;0;0;0;0;0;0;0;0;0;0;0;0;0;0;0;0;0;0;0;0;0
THE CURE;03/12/2023;2023;AUTODROMO DE INTERLAGOS;990;2000;0;0;0;0;0;0;0;0;0;0;0;0;0;0;0;0;0;0;0;0;0;0;0
PET SHOP BOYS;04/12/2023;2023;AUDIO;450;0;0;0;0;0;0;0;0;0;0;0;0;0;0;0;0;0;560;0;0;0;0;0;0
GLORIA GROOVE;05/12/2023;2023;TRANSAMERICA EXPO CENTER;0;0;0;0;0;0;0;0;0;0;0;0;0;0;0;0;0;0;0;0;0;0;0;0;0
COLBIE CAILLAT;07/12/2023;2023;VIBRA SAO PAULO;330;0;430;0;0;280;0;0;0;0;0;0;0;0;0;0;0;0;0;0;0;0;0;0;0
PAUL MCCARTNEY;07/12/2023;2023;ALLIANZ PARQUE;650;990;0;890;0;450;0;0;0;0;0;0;0;0;0;0;0;0;0;0;0;0;0;0;0
DEREK;09/12/2023;2023;NEO QUIMICA ARENA;220;0;0;0;0;0;0;0;0;330;0;0;0;0;0;0;0;0;0;0;860;0;0;0;0
DJAVAN;09/12/2023;2023;VIBRA SAO PAULO;295;595;0;520;0;210;0;0;0;0;0;0;0;0;0;0;0;0;0;0;0;0;0;0;0
DON TOLIVER;09/12/2023;2023;NEO QUIMICA ARENA;220;0;0;0;0;0;0;0;0;330;0;0;0;0;0;0;0;0;0;0;860;0;0;0;0
MAJOR RD;09/12/2023;2023;NEO QUIMICA ARENA;220;0;0;0;0;0;0;0;0;330;0;0;0;0;0;0;0;0;0;0;860;0;0;0;0
PAUL MCCARTNEY;09/12/2023;2023;ALLIANZ PARQUE;650;990;0;890;0;450;0;0;0;0;0;0;0;0;0;0;0;0;0;0;0;0;0;0;0
SHECK WES;09/12/2023;2023;NEO QUIMICA ARENA;220;0;0;0;0;0;0;0;0;330;0;0;0;0;0;0;0;0;0;0;860;0;0;0;0
TASHA & TRACIE;09/12/2023;2023;NEO QUIMICA ARENA;220;0;0;0;0;0;0;0;0;330;0;0;0;0;0;0;0;0;0;0;860;0;0;0;0
WESLEY SAFADAO;09/12/2023;2023;DISTRITO ANHEMBI;220;0;0;0;0;0;0;0;0;330;0;0;0;0;0;0;0;0;0;0;860;0;0;0;0
LIL DURK;10/12/2023;2023;NEO QUIMICA ARENA;345;735;0;0;0;0;0;0;0;0;0;0;0;0;0;0;0;0;0;0;0;0;0;0;0
MATUE;10/12/2023;2023;NEO QUIMICA ARENA;345;735;0;0;0;0;0;0;0;0;0;0;0;0;0;0;0;0;0;0;0;0;0;0;0
PAUL MCCARTNEY;10/12/2023;2023;ALLIANZ PARQUE;650;990;0;890;0;450;0;0;0;0;0;0;0;0;0;0;0;0;0;0;0;0;0;0;0
RODDY RICCH;10/12/2023;2023;NEO QUIMICA ARENA;345;735;0;0;0;0;0;0;0;0;0;0;0;0;0;0;0;0;0;0;0;0;0;0;0
TETO;10/12/2023;2023;NEO QUIMICA ARENA;345;735;0;0;0;0;0;0;0;0;0;0;0;0;0;0;0;0;0;0;0;0;0;0;0
YUNK VINO;10/12/2023;2023;NEO QUIMICA ARENA;345;735;0;0;0;0;0;0;0;0;0;0;0;0;0;0;0;0;0;0;0;0;0;0;0
ZECA PAGODINHO;15/12/2023;2023;VIBRA SAO PAULO;160;300;520;0;0;0;0;0;0;0;0;0;0;0;0;0;0;0;0;0;0;0;0;0;0
CAROL BIAZIN;17/12/2023;2023;AUDIO;100;0;0;0;0;0;0;0;0;0;0;0;0;0;0;0;0;0;0;0;0;0;0;0;0
TITAS;21/12/2023;2023;ALLIANZ PARQUE;300;450;0;250;0;95;0;0;0;0;0;0;700;0;0;0;1440;0;0;0;0;0;0;0;0
TITAS;22/12/2023;2023;ALLIANZ PARQUE;300;450;0;250;0;95;0;0;0;0;0;0;700;0;0;0;1440;0;0;0;0;0;0;0;0
TITAS;23/12/2023;2023;ALLIANZ PARQUE;300;450;0;250;0;95;0;0;0;0;0;0;700;0;0;0;1440;0;0;0;0;0;0;0;0
PABLLO VITTAR;19/01/2024;2024;VIBRA SAO PAULO;105;0;0;0;0;0;0;0;0;0;0;0;0;0;0;0;0;0;0;0;0;0;0;0;0
JAO;20/01/2024;2024;ALLIANZ PARQUE;180;350;0;125;0;60;0;0;0;0;0;0;0;0;0;0;0;0;0;0;790;900;0;0;0
JAO;21/01/2024;2024;ALLIANZ PARQUE;180;350;0;125;0;60;0;0;0;0;0;0;0;0;0;0;0;0;0;0;790;900;0;0;0
ANITTA;25/01/2024;2024;MEMORIAL DA AMERICA LATINA;280;0;0;0;0;0;0;0;0;680;0;0;0;0;0;0;0;0;0;0;0;0;0;0;0
CLAUDIA LEITTE;25/01/2024;2024;MEMORIAL DA AMERICA LATINA;280;0;0;0;0;0;0;0;0;680;0;0;0;0;0;0;0;0;0;0;0;0;0;0;0
LUISA SONZA;25/01/2024;2024;MEMORIAL DA AMERICA LATINA;280;0;0;0;0;0;0;0;0;680;0;0;0;0;0;0;0;0;0;0;0;0;0;0;0
MANU;25/01/2024;2024;MEMORIAL DA AMERICA LATINA;280;0;0;0;0;0;0;0;0;680;0;0;0;0;0;0;0;0;0;0;0;0;0;0;0
TETO;25/01/2024;2024;MEMORIAL DA AMERICA LATINA;280;0;0;0;0;0;0;0;0;680;0;0;0;0;0;0;0;0;0;0;0;0;0;0;0
WIU;25/01/2024;2024;MEMORIAL DA AMERICA LATINA;280;0;0;0;0;0;0;0;0;680;0;0;0;0;0;0;0;0;0;0;0;0;0;0;0
BACO EXU DO BLUES;26/01/2024;2024;ESPACO UNIMED;160;0;0;0;0;110;0;0;0;0;0;0;0;0;0;0;0;0;0;0;0;0;0;0;0
GLORIA GROOVE;27/01/2024;2024;ALLIANZ PARQUE;250;490;0;290;0;100;0;0;0;0;0;0;0;0;0;0;0;0;0;0;1190;0;0;0;0
MAIARA & MARAISA;27/01/2024;2024;ALLIANZ PARQUE;250;490;0;290;0;100;0;0;0;0;0;0;0;0;0;0;0;0;0;0;1190;0;0;0;0
RACIONAIS MC'S;27/01/2024;2024;VALE DO ANHANGABAU;0;0;0;0;0;0;0;0;0;0;0;0;0;0;0;0;0;0;0;0;0;0;0;0;0
TASHA & TRACIE;27/01/2024;2024;VALE DO ANHANGABAU;0;0;0;0;0;0;0;0;0;0;0;0;0;0;0;0;0;0;0;0;0;0;0;0;0
ANITTA;04/02/2024;2024;MEMORIAL DA AMERICA LATINA;280;0;0;0;0;0;0;0;0;680;0;0;0;0;0;0;0;0;0;0;0;0;0;0;0
DENNIS;04/02/2024;2024;MEMORIAL DA AMERICA LATINA;280;0;0;0;0;0;0;0;0;680;0;0;0;0;0;0;0;0;0;0;0;0;0;0;0
JOAO GOMES;04/02/2024;2024;MEMORIAL DA AMERICA LATINA;280;0;0;0;0;0;0;0;0;680;0;0;0;0;0;0;0;0;0;0;0;0;0;0;0
VEIGH;04/02/2024;2024;MEMORIAL DA AMERICA LATINA;280;0;0;0;0;0;0;0;0;680;0;0;0;0;0;0;0;0;0;0;0;0;0;0;0
XAND AVIAO;04/02/2024;2024;MEMORIAL DA AMERICA LATINA;280;0;0;0;0;0;0;0;0;680;0;0;0;0;0;0;0;0;0;0;0;0;0;0;0
TWICE;06/02/2024;2024;ALLIANZ PARQUE;540;880;0;620;0;650;0;0;0;0;440;0;0;0;0;0;0;0;0;0;0;0;0;0;0
TWICE;07/02/2024;2024;ALLIANZ PARQUE;540;880;0;620;0;650;0;0;0;0;440;0;0;0;0;0;0;0;0;0;0;0;0;0;0
MEN AT WORK;21/02/2024;2024;VIBRA SAO PAULO;600;0;800;700;0;400;0;0;0;0;0;0;0;0;0;0;0;0;0;0;0;0;0;0;0
ANYMA;24/02/2024;2024;AUTODROMO DE INTERLAGOS;0;0;0;0;0;0;0;0;0;0;0;0;1100;0;0;0;0;0;0;0;0;0;0;0;0
SIMPLE PLAN;01/03/2024;2024;VIBRA SAO PAULO;500;780;390;0;0;0;0;0;0;0;0;0;0;0;0;0;0;0;0;0;0;0;0;0;0
ZE RAMALHO;01/03/2024;2024;ESPACO UNIMED;120;280;360;0;0;0;0;0;0;0;0;0;0;0;0;0;0;0;0;0;0;0;0;0;0
A DAY TO REMEMBER;02/03/2024;2024;ALLIANZ PARQUE;380;650;0;420;0;280;0;0;0;0;0;0;0;0;0;0;0;0;0;0;990;2000;0;0;0
ALL TIME LOW;02/03/2024;2024;ALLIANZ PARQUE;380;650;0;420;0;280;0;0;0;0;0;0;0;0;0;0;0;0;0;0;990;2000;0;0;0
ASKING ALEXANDRIA;02/03/2024;2024;ALLIANZ PARQUE;380;650;0;420;0;280;0;0;0;0;0;0;0;0;0;0;0;0;0;0;990;2000;0;0;0
BOYS LIKE GIRLS;02/03/2024;2024;ALLIANZ PARQUE;380;650;0;420;0;280;0;0;0;0;0;0;0;0;0;0;0;0;0;0;990;2000;0;0;0
KING KRULE;02/03/2024;2024;TERRA SP;330;0;0;0;0;0;0;0;0;0;0;0;0;0;0;0;0;0;420;0;0;0;0;0;0
LAURA PAUSINI;02/03/2024;2024;ESPACO UNIMED;500;800;850;0;0;0;0;0;0;0;0;0;0;0;0;0;0;0;0;0;0;0;0;0;0
MAYDAY PARADE;02/03/2024;2024;ALLIANZ PARQUE;380;650;0;420;0;280;0;0;0;0;0;0;0;0;0;0;0;0;0;0;990;2000;0;0;0
PITTY;02/03/2024;2024;ALLIANZ PARQUE;380;650;0;420;0;280;0;0;0;0;0;0;0;0;0;0;0;0;0;0;990;2000;0;0;0
PLAIN WHITE T'S;02/03/2024;2024;ALLIANZ PARQUE;380;650;0;420;0;280;0;0;0;0;0;0;0;0;0;0;0;0;0;0;990;2000;0;0;0
SIMPLE PLAN;02/03/2024;2024;ALLIANZ PARQUE;380;650;0;420;0;280;0;0;0;0;0;0;0;0;0;0;0;0;0;0;990;2000;0;0;0
THE ALL-AMERICAN REJECTS;02/03/2024;2024;ALLIANZ PARQUE;380;650;0;420;0;280;0;0;0;0;0;0;0;0;0;0;0;0;0;0;990;2000;0;0;0
THE USED;02/03/2024;2024;ALLIANZ PARQUE;380;650;0;420;0;280;0;0;0;0;0;0;0;0;0;0;0;0;0;0;990;2000;0;0;0
LAURA PAUSINI;03/03/2024;2024;ESPACO UNIMED;500;800;850;0;0;0;0;0;0;0;0;0;0;0;0;0;0;0;0;0;0;0;0;0;0
BAMBAM;05/03/2024;2024;VIBRA SAO PAULO;460;790;600;0;0;400;0;0;0;0;0;0;0;0;0;0;0;0;0;0;1980;1780;0;0;0
ALCIONE;08/03/2024;2024;ESPACO UNIMED;160;0;390;0;0;0;0;0;0;0;0;0;0;0;0;0;0;0;0;0;390;0;0;0;0
MARIA BETHANIA;09/03/2024;2024;ESPACO UNIMED;640;980;980;940;0;440;0;0;0;0;0;0;0;0;0;0;0;0;0;0;0;0;0;0;0
MARIA BETHANIA;10/03/2024;2024;ESPACO UNIMED;640;980;980;940;0;440;0;0;0;0;0;0;0;0;0;0;0;0;0;0;0;0;0;0;0
PLACEBO;17/03/2024;2024;ESPACO UNIMED;500;0;700;0;0;0;0;0;0;0;0;0;0;0;0;0;0;0;550;0;0;0;0;0;0
RADWIMPS;21/03/2024;2024;TERRA SP;650;0;0;0;0;0;0;0;0;0;0;0;0;0;0;0;0;0;650;0;0;0;0;0;0
ARCADE FIRE;22/03/2024;2024;AUTODROMO DE INTERLAGOS;0;0;0;0;0;0;0;0;0;0;0;0;0;1100;2250;1750;0;0;0;0;0;0;0;0;0
BLINK-182;22/03/2024;2024;AUTODROMO DE INTERLAGOS;0;0;0;0;0;0;0;0;0;0;0;0;0;0;0;0;0;0;0;0;0;0;0;0;0
DIPLO;22/03/2024;2024;AUTODROMO DE INTERLAGOS;0;0;0;0;0;0;0;0;0;0;0;0;0;1100;2250;1750;0;0;0;0;0;0;0;0;0
DOM DOLLA;22/03/2024;2024;AUTODROMO DE INTERLAGOS;0;0;0;0;0;0;0;0;0;0;0;0;0;1100;2250;1750;0;0;0;0;0;0;0;0;0
FLETCHER;22/03/2024;2024;AUTODROMO DE INTERLAGOS;0;0;0;0;0;0;0;0;0;0;0;0;0;1100;2250;1750;0;0;0;0;0;0;0;0;0
JUNGLE;22/03/2024;2024;AUTODROMO DE INTERLAGOS;0;0;0;0;0;0;0;0;0;0;0;0;0;1100;2250;1750;0;0;0;0;0;0;0;0;0
LOURENA;22/03/2024;2024;AUTODROMO DE INTERLAGOS;0;0;0;0;0;0;0;0;0;0;0;0;0;1100;2250;1750;0;0;0;0;0;0;0;0;0
LUISA SONZA;22/03/2024;2024;AUTODROMO DE INTERLAGOS;0;0;0;0;0;0;0;0;0;0;0;0;0;1100;2250;1750;0;0;0;0;0;0;0;0;0
MANEVA;22/03/2024;2024;AUTODROMO DE INTERLAGOS;0;0;0;0;0;0;0;0;0;0;0;0;0;1100;2250;1750;0;0;0;0;0;0;0;0;0
MARCELO D2;22/03/2024;2024;AUTODROMO DE INTERLAGOS;0;0;0;0;0;0;0;0;0;0;0;0;0;1100;2250;1750;0;0;0;0;0;0;0;0;0
THE BLAZE;22/03/2024;2024;AUTODROMO DE INTERLAGOS;0;0;0;0;0;0;0;0;0;0;0;0;0;1100;2250;1750;0;0;0;0;0;0;0;0;0
THE OFFSPRING;22/03/2024;2024;AUTODROMO DE INTERLAGOS;0;0;0;0;0;0;0;0;0;0;0;0;1100;0;0;0;0;0;0;0;0;0;0;0;0
ABOVE & BEYOND;23/03/2024;2024;AUTODROMO DE INTERLAGOS;0;0;0;0;0;0;0;0;0;0;0;0;0;1100;2250;1750;0;0;0;0;0;0;0;0;0
BK;23/03/2024;2024;AUTODROMO DE INTERLAGOS;0;0;0;0;0;0;0;0;0;0;0;0;0;1100;2250;1750;0;0;0;0;0;0;0;0;0
HOZIER;23/03/2024;2024;AUTODROMO DE INTERLAGOS;0;0;0;0;0;0;0;0;0;0;0;0;0;1100;2250;1750;0;0;0;0;0;0;0;0;0
JESSIE REYEZ;23/03/2024;2024;AUTODROMO DE INTERLAGOS;0;0;0;0;0;0;0;0;0;0;0;0;0;1100;2250;1750;0;0;0;0;0;0;0;0;0
KINGS OF LEON;23/03/2024;2024;AUTODROMO DE INTERLAGOS;0;0;0;0;0;0;0;0;0;0;0;0;0;1100;2250;1750;0;0;0;0;0;0;0;0;0
LIMP BIZKIT;23/03/2024;2024;AUTODROMO DE INTERLAGOS;0;0;0;0;0;0;0;0;0;0;0;0;0;1100;2250;1750;0;0;0;0;0;0;0;0;0
LOUD LUXURY;23/03/2024;2024;AUTODROMO DE INTERLAGOS;0;0;0;0;0;0;0;0;0;0;0;0;0;1100;2250;1750;0;0;0;0;0;0;0;0;0
LUIS MIGUEL;23/03/2024;2024;ALLIANZ PARQUE;0;0;1300;660;720;430;0;0;800;0;0;0;0;0;0;0;0;0;1250;0;0;0;0;0;0
MC LUANNA;23/03/2024;2024;AUTODROMO DE INTERLAGOS;0;0;0;0;0;0;0;0;0;0;0;0;0;1100;2250;1750;0;0;0;0;0;0;0;0;0
PIERCE THE VEIL;23/03/2024;2024;AUTODROMO DE INTERLAGOS;0;0;0;0;0;0;0;0;0;0;0;0;0;1100;2250;1750;0;0;0;0;0;0;0;0;0
THIRTY SECONDS TO MARS;23/03/2024;2024;AUTODROMO DE INTERLAGOS;0;0;0;0;0;0;0;0;0;0;0;0;0;1100;2250;1750;0;0;0;0;0;0;0;0;0
TIMMY TRUMPET;23/03/2024;2024;AUTODROMO DE INTERLAGOS;0;0;0;0;0;0;0;0;0;0;0;0;0;1100;2250;1750;0;0;0;0;0;0;0;0;0
TITAS;23/03/2024;2024;AUTODROMO DE INTERLAGOS;0;0;0;0;0;0;0;0;0;0;0;0;0;1100;2250;1750;0;0;0;0;0;0;0;0;0
VICTOR & LEO;23/03/2024;2024;MORUMBIS;240;0;0;0;0;0;0;0;0;0;160;0;0;0;0;0;0;0;0;0;0;0;0;0;0
XAMA;23/03/2024;2024;AUTODROMO DE INTERLAGOS;0;0;0;0;0;0;0;0;0;0;0;0;0;1100;2250;1750;0;0;0;0;0;0;0;0;0
DAYGLOW;24/03/2024;2024;AUTODROMO DE INTERLAGOS;0;0;0;0;0;0;0;0;0;0;0;0;0;1100;2250;1750;0;0;0;0;0;0;0;0;0
GILBERTO GIL;24/03/2024;2024;AUTODROMO DE INTERLAGOS;0;0;0;0;0;0;0;0;0;0;0;0;0;1100;2250;1750;0;0;0;0;0;0;0;0;0
GRETA VAN FLEET;24/03/2024;2024;AUTODROMO DE INTERLAGOS;0;0;0;0;0;0;0;0;0;0;0;0;0;1100;2250;1750;0;0;0;0;0;0;0;0;0
HUNGRIA;24/03/2024;2024;AUTODROMO DE INTERLAGOS;0;0;0;0;0;0;0;0;0;0;0;0;0;1100;2250;1750;0;0;0;0;0;0;0;0;0
MC DANIEL;24/03/2024;2024;AUTODROMO DE INTERLAGOS;0;0;0;0;0;0;0;0;0;0;0;0;0;1100;2250;1750;0;0;0;0;0;0;0;0;0
MC LIVINHO;24/03/2024;2024;AUTODROMO DE INTERLAGOS;0;0;0;0;0;0;0;0;0;0;0;0;0;1100;2250;1750;0;0;0;0;0;0;0;0;0
MEDUZA;24/03/2024;2024;AUTODROMO DE INTERLAGOS;0;0;0;0;0;0;0;0;0;0;0;0;0;1100;2250;1750;0;0;0;0;0;0;0;0;0
NOTHING BUT THIEVES;24/03/2024;2024;AUTODROMO DE INTERLAGOS;0;0;0;0;0;0;0;0;0;0;0;0;0;1100;2250;1750;0;0;0;0;0;0;0;0;0
OMAR APOLLO;24/03/2024;2024;AUTODROMO DE INTERLAGOS;0;0;0;0;0;0;0;0;0;0;0;0;0;1100;2250;1750;0;0;0;0;0;0;0;0;0
PHOENIX;24/03/2024;2024;AUTODROMO DE INTERLAGOS;0;0;0;0;0;0;0;0;0;0;0;0;0;1100;2250;1750;0;0;0;0;0;0;0;0;0
SAM SMITH;24/03/2024;2024;AUTODROMO DE INTERLAGOS;0;0;0;0;0;0;0;0;0;0;0;0;0;1100;2250;1750;0;0;0;0;0;0;0;0;0
SZA;24/03/2024;2024;AUTODROMO DE INTERLAGOS;0;0;0;0;0;0;0;0;0;0;0;0;0;1100;2250;1750;0;0;0;0;0;0;0;0;0
TZ DA CORONEL;24/03/2024;2024;AUTODROMO DE INTERLAGOS;0;0;0;0;0;0;0;0;0;0;0;0;0;1100;2250;1750;0;0;0;0;0;0;0;0;0
VULGO FK;24/03/2024;2024;AUTODROMO DE INTERLAGOS;0;0;0;0;0;0;0;0;0;0;0;0;0;1100;2250;1750;0;0;0;0;0;0;0;0;0
WESTLIFE;24/03/2024;2024;ESPACO UNIMED;480;720;740;0;0;0;0;0;0;0;0;0;0;0;0;0;0;0;750;0;0;0;0;0;0
BLACK VEIL BRIDES;26/03/2024;2024;TERRA SP;400;0;0;0;0;0;0;0;0;0;0;0;0;0;0;0;0;0;440;0;0;0;0;0;0
AJULIACOSTA;29/03/2024;2024;AUDIO;60;0;200;0;0;0;0;0;0;0;0;0;0;0;0;0;0;0;160;0;0;0;0;0;0
OS PARALAMAS DO SUCESSO;06/04/2024;2024;ESPACO UNIMED;100;395;0;0;0;0;0;0;0;0;0;0;0;0;0;0;0;0;0;0;0;0;0;0;0
SO PRA CONTRARIAR;06/04/2024;2024;ALLIANZ PARQUE;120;220;200;200;0;0;0;0;0;0;0;0;0;0;0;0;0;0;0;0;0;0;0;0;0
CLAUDIA LEITTE;09/04/2024;2024;VIBRA SAO PAULO;140;0;0;0;0;0;0;0;0;0;0;0;0;0;0;0;0;0;0;0;0;0;0;0;0
PITTY;12/04/2024;2024;ESPACO UNIMED;100;140;230;0;0;0;0;0;0;0;0;0;0;0;0;0;0;0;0;0;0;0;0;0;0
ROYAL BLOOD;13/04/2024;2024;AUDIO;390;0;650;0;0;0;0;0;0;0;0;0;0;0;0;0;0;0;0;0;0;0;0;0;0
MAGIC!;14/04/2024;2024;AUDIO;360;0;0;0;0;0;0;0;0;0;0;0;0;0;0;0;0;0;0;0;0;0;0;0;0
PITTY;14/04/2024;2024;ESPACO UNIMED;100;140;230;0;0;0;0;0;0;0;0;0;0;0;0;0;0;0;0;0;0;0;0;0;0
JONAS BROTHERS;16/04/2024;2024;ALLIANZ PARQUE;440;740;0;540;0;350;0;0;0;0;0;0;0;0;0;0;0;0;0;0;0;0;0;0;0
TURNSTILE;16/04/2024;2024;TOKIO MARINE HALL;380;520;540;440;0;340;0;0;0;0;0;0;0;0;0;0;0;0;0;0;2200;0;0;0;0
TOM JONES;17/04/2024;2024;ESPACO UNIMED;650;880;790;0;0;0;0;0;0;0;0;980;0;0;0;0;0;0;650;0;0;0;0;0;0
MEGADETH;18/04/2024;2024;ESPACO UNIMED;440;680;850;0;0;0;0;0;0;0;0;0;0;0;0;0;0;0;720;0;0;0;0;0;0
AIR SUPPLY;21/04/2024;2024;ESPACO UNIMED;380;680;920;0;0;0;0;0;0;0;0;0;0;0;0;0;0;0;800;0;0;0;0;0;0
VANESSA DA MATA;27/04/2024;2024;TOKIO MARINE HALL;179;259;299;269;0;219;0;0;0;0;0;0;0;0;0;0;0;0;0;0;0;0;0;0;0
WITHIN TEMPTATION;27/04/2024;2024;MEMORIAL DA AMERICA LATINA;565;665;0;0;0;0;0;0;0;0;0;0;0;0;0;0;0;0;0;0;0;0;0;0;0
KILLSWITCH ENGAGE;28/04/2024;2024;MEMORIAL DA AMERICA LATINA;565;665;0;0;0;0;0;0;0;0;0;0;0;0;0;0;0;0;0;0;0;0;0;0;0
JESSIE J;30/04/2024;2024;ESPACO UNIMED;380;720;665;0;0;0;0;0;0;0;0;0;0;0;0;0;0;0;750;0;0;0;0;0;0
LULU SANTOS;04/05/2024;2024;ESPACO UNIMED;140;320;320;260;0;0;0;0;0;0;0;0;0;0;0;0;0;0;0;0;0;0;0;0;0
LANY;07/05/2024;2024;AUDIO;395;0;0;0;0;0;0;0;0;0;0;0;0;0;0;0;0;0;475;0;975;0;0;0;0
ASHNIKKO;09/05/2024;2024;AUDIO;360;0;0;0;0;0;0;0;0;0;0;0;0;0;0;0;0;0;0;0;0;0;0;0;0
DJAVAN;11/05/2024;2024;ESPACO UNIMED;210;595;0;0;0;0;0;0;0;0;0;0;0;0;0;0;0;0;0;0;0;0;0;0;0
GIANT ROOKS;11/05/2024;2024;ALLIANZ PARQUE;460;820;1000;550;0;320;0;0;0;0;0;0;0;0;0;0;0;0;0;0;0;0;0;0;0
LOUIS TOMLINSON;11/05/2024;2024;ALLIANZ PARQUE;460;820;1000;550;0;320;0;0;0;0;0;0;0;0;0;0;0;0;0;0;0;0;0;0;0
DJAVAN;12/05/2024;2024;ESPACO UNIMED;210;595;0;0;0;0;0;0;0;0;0;0;0;0;0;0;0;0;0;0;0;0;0;0;0
GILSONS;17/05/2024;2024;ESPACO UNIMED;0;140;240;0;0;0;0;0;0;0;0;0;0;0;0;0;0;0;0;0;0;0;0;0;0
DJONGA;18/05/2024;2024;VALE DO ANHANGABAU;0;0;0;0;0;0;0;0;0;0;0;0;0;0;0;0;0;0;0;0;0;0;0;0;0
LEO SANTANA;18/05/2024;2024;VALE DO ANHANGABAU;0;0;0;0;0;0;0;0;0;0;0;0;0;0;0;0;0;0;0;0;0;0;0;0;0
PABLLO VITTAR;18/05/2024;2024;VALE DO ANHANGABAU;0;0;0;0;0;0;0;0;0;0;0;0;0;0;0;0;0;0;0;0;0;0;0;0;0
DENNIS;19/05/2024;2024;VALE DO ANHANGABAU;0;0;0;0;0;0;0;0;0;0;0;0;0;0;0;0;0;0;0;0;0;0;0;0;0
GILSONS;19/05/2024;2024;ESPACO UNIMED;0;140;240;0;0;0;0;0;0;0;0;0;0;0;0;0;0;0;0;0;0;0;0;0;0
MATUE;19/05/2024;2024;VALE DO ANHANGABAU;0;0;0;0;0;0;0;0;0;0;0;0;0;0;0;0;0;0;0;0;0;0;0;0;300
MILKY CHANCE;19/05/2024;2024;AUDIO;190;0;0;0;0;0;0;0;0;0;0;0;0;0;0;0;0;0;0;0;0;0;0;0;0
EDSON & HUDSON;24/05/2024;2024;TOKIO MARINE HALL;140;280;300;0;0;0;0;0;0;0;0;0;0;0;0;0;0;0;0;0;0;0;0;0;0
LUISA SONZA;24/05/2024;2024;ESPACO UNIMED;180;240;360;0;0;0;0;0;0;0;0;0;0;0;0;0;0;0;0;0;0;0;0;0;0
URIAS;24/05/2024;2024;AUDIO;160;0;0;0;0;0;0;0;0;0;0;0;0;0;0;0;0;0;0;0;0;0;0;0;0
ANDREA BOCELLI;25/05/2024;2024;ALLIANZ PARQUE;0;0;0;1640;0;495;0;0;6400;0;0;0;0;0;0;0;0;0;0;0;0;0;0;0;0
LUISA SONZA;25/05/2024;2024;ESPACO UNIMED;180;240;360;0;0;0;0;0;0;0;0;0;0;0;0;0;0;0;0;0;0;0;0;0;0
RAIMUNDOS;25/05/2024;2024;ARENA ANHEMBI;120;0;260;0;0;0;0;0;0;0;0;0;0;0;0;0;0;0;0;0;0;0;0;0;0
ANDREA BOCELLI;26/05/2024;2024;ALLIANZ PARQUE;0;0;0;1640;0;495;0;0;6400;0;0;0;0;0;0;0;0;0;0;0;0;0;0;0;0
RICHARD CLAYDERMAN;06/06/2024;2024;ESPACO UNIMED;125;350;500;0;0;0;0;0;0;0;0;0;0;0;0;0;0;0;0;0;0;0;0;0;0
INTERPOL;07/06/2024;2024;AUDIO;130;0;530;0;0;0;0;0;0;0;0;0;0;0;0;0;0;0;0;0;0;0;0;0;0
INTERPOL;08/06/2024;2024;AUDIO;130;0;530;0;0;0;0;0;0;0;0;0;0;0;0;0;0;0;0;0;0;0;0;0;0
RACA NEGRA;08/06/2024;2024;VIBRA SAO PAULO;0;0;170;0;0;0;0;150;0;0;90;0;0;0;0;0;0;0;0;0;0;0;0;0;0
ARMANDINHO;09/06/2024;2024;ALLIANZ PARQUE;250;490;0;290;0;100;0;0;0;0;0;0;0;0;0;0;0;0;0;0;1190;0;0;0;0
FERRUGEM;09/06/2024;2024;ALLIANZ PARQUE;250;490;0;290;0;100;0;0;0;0;0;0;0;0;0;0;0;0;0;0;1190;0;0;0;0
GLORIA GROOVE;09/06/2024;2024;ALLIANZ PARQUE;250;490;0;290;0;100;0;0;0;0;0;0;0;0;0;0;0;0;0;0;1190;0;0;0;0
GRUPO MENOS E MAIS;09/06/2024;2024;ALLIANZ PARQUE;250;490;0;290;0;100;0;0;0;0;0;0;0;0;0;0;0;0;0;0;1190;0;0;0;0
LEO SANTANA;09/06/2024;2024;ALLIANZ PARQUE;250;490;0;290;0;100;0;0;0;0;0;0;0;0;0;0;0;0;0;0;1190;0;0;0;0
LUAN PEREIRA;09/06/2024;2024;ALLIANZ PARQUE;250;490;0;290;0;100;0;0;0;0;0;0;0;0;0;0;0;0;0;0;1190;0;0;0;0
LUDMILLA;09/06/2024;2024;ALLIANZ PARQUE;250;490;0;290;0;100;0;0;0;0;0;0;0;0;0;0;0;0;0;0;1190;0;0;0;0
LUISA SONZA;09/06/2024;2024;ALLIANZ PARQUE;250;490;0;290;0;100;0;0;0;0;0;0;0;0;0;0;0;0;0;0;1190;0;0;0;0
MC DANIEL;09/06/2024;2024;ALLIANZ PARQUE;250;490;0;290;0;100;0;0;0;0;0;0;0;0;0;0;0;0;0;0;1190;0;0;0;0
MC DAVI;09/06/2024;2024;ALLIANZ PARQUE;250;490;0;290;0;100;0;0;0;0;0;0;0;0;0;0;0;0;0;0;1190;0;0;0;0
MC DON JUAN;09/06/2024;2024;ALLIANZ PARQUE;250;490;0;290;0;100;0;0;0;0;0;0;0;0;0;0;0;0;0;0;1190;0;0;0;0
MC HARIEL;09/06/2024;2024;ALLIANZ PARQUE;250;490;0;290;0;100;0;0;0;0;0;0;0;0;0;0;0;0;0;0;1190;0;0;0;0
PEDRO SAMPAIO;09/06/2024;2024;ALLIANZ PARQUE;250;490;0;290;0;100;0;0;0;0;0;0;0;0;0;0;0;0;0;0;1190;0;0;0;0
TURMA DO PAGODE;09/06/2024;2024;ALLIANZ PARQUE;250;490;0;290;0;100;0;0;0;0;0;0;0;0;0;0;0;0;0;0;1190;0;0;0;0
VITOR KLEY;09/06/2024;2024;ALLIANZ PARQUE;250;490;0;290;0;100;0;0;0;0;0;0;0;0;0;0;0;0;0;0;1190;0;0;0;0
WIU;09/06/2024;2024;ALLIANZ PARQUE;250;490;0;290;0;100;0;0;0;0;0;0;0;0;0;0;0;0;0;0;1190;0;0;0;0
XAMA;09/06/2024;2024;ALLIANZ PARQUE;250;490;0;290;0;100;0;0;0;0;0;0;0;0;0;0;0;0;0;0;1190;0;0;0;0
XAND AVIAO;09/06/2024;2024;ALLIANZ PARQUE;250;490;0;290;0;100;0;0;0;0;0;0;0;0;0;0;0;0;0;0;1190;0;0;0;0
ZE FELIPE;09/06/2024;2024;ALLIANZ PARQUE;250;490;0;290;0;100;0;0;0;0;0;0;0;0;0;0;0;0;0;0;1190;0;0;0;0
ZEZE DI CAMARGO & LUCIANO;12/06/2024;2024;ESPACO UNIMED;340;380;500;220;0;180;0;0;480;0;0;0;0;0;0;0;0;0;0;0;0;0;0;0;0
PERICLES;14/06/2024;2024;AUDIO;140;0;260;0;0;0;0;0;0;0;0;0;0;0;0;0;0;0;0;0;0;0;0;0;0
JOTA QUEST;15/06/2024;2024;ALLIANZ PARQUE;500;560;700;250;0;100;0;0;0;0;0;0;0;0;0;0;0;0;0;0;0;0;0;0;0
PITTY;21/06/2024;2024;TERRA SP;210;0;0;0;0;0;0;0;0;0;0;0;0;0;0;0;0;0;0;0;0;0;0;0;0
ZECA PAGODINHO;21/06/2024;2024;ESPACO UNIMED;540;0;420;0;0;0;0;0;0;0;0;0;0;0;0;0;0;0;250;0;0;0;0;0;0
ZECA PAGODINHO;22/06/2024;2024;ESPACO UNIMED;540;0;420;0;0;0;0;0;0;0;0;0;0;0;0;0;0;0;250;0;0;0;0;0;0
IVE;26/06/2024;2024;ESPACO UNIMED;590;880;920;0;0;0;0;0;0;0;0;0;0;0;0;0;0;0;950;0;0;0;0;0;0
CHITAOZINHO & XORORO;27/06/2024;2024;ALLIANZ PARQUE;421;0;0;0;0;0;0;13500;220;0;0;0;0;0;0;0;0;0;0;0;0;0;0;0;0
OS PARALAMAS DO SUCESSO;27/06/2024;2024;PAVILHAO DO TRANSAMERICA EXPO CENTER;100;0;395;0;0;0;0;0;0;0;0;0;0;0;0;0;0;0;0;0;0;0;0;0;0
LAGUM;28/06/2024;2024;ESPACO UNIMED;240;0;360;0;0;0;0;0;0;0;0;0;0;0;0;0;0;0;0;0;0;0;0;0;0
CAPITAL INICIAL;29/06/2024;2024;ESPACO UNIMED;140;320;280;0;0;140;0;0;0;0;0;0;0;0;0;0;0;0;0;0;0;0;0;0;0
CAPITAL INICIAL;30/06/2024;2024;ESPACO UNIMED;140;320;280;0;0;140;0;0;0;0;0;0;0;0;0;0;0;0;0;0;0;0;0;0;0
THIAGUINHO;06/07/2024;2024;ESPACO UNIMED;140;430;430;0;0;0;0;0;0;0;0;0;0;0;0;0;0;0;0;0;0;0;0;0;0
CALCINHA PRETA;08/07/2024;2024;TERRA SP;200;0;0;0;0;0;0;0;0;0;0;0;0;0;0;0;0;0;0;0;0;0;0;0;0
DUQUESA;09/07/2024;2024;CENTRO CULTURAL SAO PAULO;0;0;0;0;0;0;0;0;0;0;0;0;0;0;0;0;0;0;0;0;0;0;0;0;0
CPM 22;13/07/2024;2024;AUDIO;140;400;0;0;0;0;0;0;0;0;0;0;0;0;0;0;0;0;0;0;0;0;0;0;0
RAIMUNDOS;13/07/2024;2024;TOKIO MARINE HALL;120;240;0;0;0;0;0;0;0;0;0;0;0;0;0;0;0;0;0;0;0;0;0;0;0
BK;14/07/2024;2024;ESPACO UNIMED;0;0;0;0;0;0;0;0;0;0;0;0;0;0;0;0;0;0;0;0;0;0;0;0;0
XANDE DE PILARES;20/07/2024;2024;ESPACO UNIMED;180;280;380;280;0;0;0;0;0;0;0;0;0;0;0;0;0;0;0;0;0;0;0;0;0
TRIO PARADA DURA;16/08/2024;2024;VILLA COUNTRY;80;0;0;0;0;0;0;0;0;0;0;0;0;0;0;0;0;0;0;0;0;0;0;0;0
GUSTAVO MIOTO;17/08/2024;2024;DISTRITO ANHEMBI;590;920;0;720;0;750;0;0;0;0;460;0;2581;0;0;0;0;0;0;0;0;0;0;0;0
LEONARDO;17/08/2024;2024;DISTRITO ANHEMBI;590;920;0;720;0;750;0;0;0;0;460;0;2581;0;0;0;0;0;0;0;0;0;0;0;0
MAIARA & MARAISA;17/08/2024;2024;DISTRITO ANHEMBI;590;920;0;720;0;750;0;0;0;0;460;0;2581;0;0;0;0;0;0;0;0;0;0;0;0
NATTAN;17/08/2024;2024;DISTRITO ANHEMBI;590;920;0;720;0;750;0;0;0;0;460;0;2581;0;0;0;0;0;0;0;0;0;0;0;0
PEDRO SAMPAIO;17/08/2024;2024;DISTRITO ANHEMBI;590;920;0;720;0;750;0;0;0;0;460;0;2581;0;0;0;0;0;0;0;0;0;0;0;0
SIMONE MENDES;17/08/2024;2024;DISTRITO ANHEMBI;590;920;0;720;0;750;0;0;0;0;460;0;2581;0;0;0;0;0;0;0;0;0;0;0;0
VITOR FERNANDES;17/08/2024;2024;DISTRITO ANHEMBI;590;920;0;720;0;750;0;0;0;0;460;0;2581;0;0;0;0;0;0;0;0;0;0;0;0
ZE NETO & CRISTIANO;17/08/2024;2024;DISTRITO ANHEMBI;590;920;0;720;0;750;0;0;0;0;460;0;2581;0;0;0;0;0;0;0;0;0;0;0;0
NATIRUTS;24/08/2024;2024;ALLIANZ PARQUE;290;390;0;0;0;120;0;0;0;0;0;0;0;0;0;0;0;0;0;0;0;0;0;0;0
NATIRUTS;25/08/2024;2024;ALLIANZ PARQUE;290;390;0;0;0;120;0;0;0;0;0;0;0;0;0;0;0;0;0;0;0;0;0;0;0
BACO EXU DO BLUES;30/08/2024;2024;ESPACO UNIMED;160;0;0;0;0;110;0;0;0;0;0;0;0;0;0;0;0;0;0;0;0;0;0;0;0
NATIRUTS;30/08/2024;2024;ALLIANZ PARQUE;290;390;0;0;0;120;0;0;0;0;0;0;0;0;0;0;0;0;0;0;0;0;0;0;0
LEGIAO URBANA;31/08/2024;2024;ESPACO UNIMED;140;220;320;0;0;0;0;0;0;0;0;0;0;0;0;0;0;0;0;0;0;0;0;0;0
NATIRUTS;31/08/2024;2024;ALLIANZ PARQUE;290;390;0;0;0;120;0;0;0;0;0;0;0;0;0;0;0;0;0;0;0;0;0;0;0
NCT DREAM;02/09/2024;2024;ESPACO UNIMED;0;790;840;0;0;0;0;0;0;0;0;0;0;0;0;0;0;0;850;0;1726;0;0;0;0
ANITTA;06/09/2024;2024;NEO QUIMICA ARENA;0;0;0;0;0;0;0;0;0;0;0;0;0;0;0;0;0;0;0;0;298;0;0;0;0
LENINE;06/09/2024;2024;MEMORIAL DA AMERICA LATINA;280;0;0;0;0;0;0;0;0;0;0;0;0;0;0;0;0;0;0;0;0;0;0;0;0
LUISA SONZA;06/09/2024;2024;NEO QUIMICA ARENA;0;0;0;0;0;0;0;0;0;0;0;0;0;0;0;0;0;0;0;0;298;0;0;0;0
SEPULTURA;06/09/2024;2024;ESPACO UNIMED;150;250;350;0;0;0;0;0;0;0;0;0;650;0;0;0;0;0;300;0;0;0;0;0;0
ZEEBA;06/09/2024;2024;NEO QUIMICA ARENA;0;0;0;0;0;0;0;0;0;0;0;0;0;0;0;0;0;0;0;0;298;0;0;0;0
DJ GUUGA;07/09/2024;2024;MORUMBIS;0;700;0;800;0;850;0;0;0;0;490;0;0;0;0;0;0;0;0;0;0;0;0;0;0
LULU SANTOS;07/09/2024;2024;MEMORIAL DA AMERICA LATINA;320;0;0;0;0;0;0;0;0;0;0;0;0;0;0;0;0;0;0;0;0;0;0;0;0
OS PARALAMAS DO SUCESSO;07/09/2024;2024;MEMORIAL DA AMERICA LATINA;320;0;0;0;0;0;0;0;0;0;0;0;0;0;0;0;0;0;0;0;0;0;0;0;0
SEPULTURA;07/09/2024;2024;ESPACO UNIMED;150;250;350;0;0;0;0;0;0;0;0;0;650;0;0;0;0;0;300;0;0;0;0;0;0
THE WEEKND;07/09/2024;2024;MORUMBIS;0;700;0;800;0;850;0;0;0;0;490;0;0;0;0;0;0;0;0;0;0;0;0;0;0
SEPULTURA;08/09/2024;2024;ESPACO UNIMED;150;250;350;0;0;0;0;0;0;0;0;0;650;0;0;0;0;0;300;0;0;0;0;0;0
XANDE DE PILARES;08/09/2024;2024;MEMORIAL DA AMERICA LATINA;280;0;0;0;0;0;0;0;0;0;0;0;0;0;0;0;0;0;0;0;0;0;0;0;0
YAGO OPROPRIO;08/09/2024;2024;MEMORIAL DA AMERICA LATINA;280;0;0;0;0;0;0;0;0;0;0;0;0;0;0;0;0;0;0;0;0;0;0;0;0
TRAVIS SCOTT;11/09/2024;2024;ALLIANZ PARQUE;560;890;0;750;0;490;0;0;0;0;0;0;0;0;0;0;0;0;0;0;0;0;0;0;0
DEEP PURPLE;13/09/2024;2024;ESPACO UNIMED;450;700;825;0;0;0;0;0;0;0;0;0;0;0;0;0;0;0;750;0;0;0;0;0;0
NE-YO;19/09/2024;2024;ESPACO UNIMED;760;0;1200;0;0;530;0;0;0;0;0;0;0;0;0;0;0;0;0;0;0;0;0;0;0
MARIAH CAREY;20/09/2024;2024;ALLIANZ PARQUE;390;790;0;490;0;340;0;0;0;0;0;0;0;0;0;0;0;0;0;0;0;0;0;0;0
GLORIA GAYNOR;21/09/2024;2024;ESPACO UNIMED;700;460;0;0;0;0;0;0;0;0;0;0;0;0;0;0;0;0;400;0;0;0;0;0;0
ERIC CLAPTON;28/09/2024;2024;VIBRA SAO PAULO;1700;0;2000;0;0;460;280;0;0;0;0;0;0;0;0;0;0;0;0;0;0;0;0;0;0
TITAS;28/09/2024;2024;ESPACO UNIMED;125;0;0;0;0;0;0;0;0;0;0;0;0;0;0;0;0;0;0;0;0;0;0;0;0
ERIC CLAPTON;29/09/2024;2024;ALLIANZ PARQUE;620;1200;0;780;0;430;0;0;0;0;0;0;0;0;0;0;0;0;0;0;0;0;0;0;0
SEU JORGE;29/09/2024;2024;MEMORIAL DA AMERICA LATINA;200;0;360;0;0;0;0;0;0;0;0;0;0;0;0;0;0;0;0;0;0;0;0;0;0
BRUNO MARS;01/10/2024;2024;TOKIO MARINE HALL;0;0;0;0;0;0;0;0;0;0;0;0;0;0;0;0;0;0;0;0;0;0;0;0;0
BRUNO MARS;04/10/2024;2024;MORUMBIS;650;1250;0;780;0;860;0;0;0;0;470;0;0;0;0;0;0;0;0;0;0;0;0;0;0
BRUNO MARS;05/10/2024;2024;MORUMBIS;650;1250;0;780;0;860;0;0;0;0;470;0;0;0;0;0;0;0;0;0;0;0;0;0;0
ASHNIKKO;08/10/2024;2024;AUDIO;360;0;0;0;0;0;0;0;0;0;0;0;0;0;0;0;0;0;0;0;0;0;0;0;0
BRUNO MARS;08/10/2024;2024;MORUMBIS;650;1250;0;780;0;860;0;0;0;0;470;0;0;0;0;0;0;0;0;0;0;0;0;0;0
BRUNO MARS;09/10/2024;2024;MORUMBIS;650;1250;0;780;0;860;0;0;0;0;470;0;0;0;0;0;0;0;0;0;0;0;0;0;0
PABLLO VITTAR;11/10/2024;2024;AUDIO;160;0;0;0;0;0;0;0;0;0;0;0;0;0;0;0;0;0;0;0;0;0;0;0;0
URIAS;11/10/2024;2024;AUDIO;160;0;0;0;0;0;0;0;0;0;0;0;0;0;0;0;0;0;0;0;0;0;0;0;0
BRUNO MARS;12/10/2024;2024;MORUMBIS;650;1250;0;780;0;860;0;0;0;0;470;0;0;0;0;0;0;0;0;0;0;0;0;0;0
NANDO REIS;12/10/2024;2024;ESPACO UNIMED;350;160;360;0;0;0;0;0;0;0;0;0;0;0;0;0;0;0;0;0;0;0;0;0;0
BRUNO MARS;13/10/2024;2024;MORUMBIS;650;1250;0;780;0;860;0;0;0;0;470;0;0;0;0;0;0;0;0;0;0;0;0;0;0
DPR IAN;14/10/2024;2024;KOMPLEXO TEMPO;450;0;0;0;0;0;0;0;0;0;0;0;0;0;0;0;0;0;560;0;600;1350;0;0;0
PAUL MCCARTNEY;15/10/2024;2024;ALLIANZ PARQUE;650;990;0;890;0;450;0;0;0;0;0;0;0;0;0;0;0;0;0;0;0;0;0;0;0
THE HIVES;15/10/2024;2024;TOKIO MARINE HALL;360;420;550;400;0;0;0;0;0;0;0;0;0;0;0;0;0;0;0;0;0;0;0;0;0
PAUL MCCARTNEY;16/10/2024;2024;ALLIANZ PARQUE;650;990;0;890;0;450;0;0;0;0;0;0;0;0;0;0;0;0;0;0;0;0;0;0;0
GLORIA GROOVE;19/10/2024;2024;ESPACO UNIMED;180;280;320;0;0;0;0;0;0;0;0;0;0;0;0;0;0;0;0;0;0;0;0;0;0
MUDVAYNE;19/10/2024;2024;ALLIANZ PARQUE;790;0;0;690;0;490;0;0;0;0;0;0;0;0;0;0;0;0;0;0;4990;1990;0;0;0
SLIPKNOT;19/10/2024;2024;ALLIANZ PARQUE;790;0;0;690;0;490;0;0;0;0;0;0;0;0;0;0;0;0;0;0;4990;1990;0;0;0
BABYMETAL;20/10/2024;2024;ALLIANZ PARQUE;790;0;0;690;0;490;0;0;0;0;0;0;0;0;0;0;0;0;0;0;4990;1990;0;0;0
BAD OMENS;20/10/2024;2024;ALLIANZ PARQUE;790;0;0;690;0;490;0;0;0;0;0;0;0;0;0;0;0;0;0;0;4990;1990;0;0;0
P.O.D.;20/10/2024;2024;ALLIANZ PARQUE;790;0;0;690;0;490;0;0;0;0;0;0;0;0;0;0;0;0;0;0;4990;1990;0;0;0
POPPY;20/10/2024;2024;ALLIANZ PARQUE;790;0;0;690;0;490;0;0;0;0;0;0;0;0;0;0;0;0;0;0;4990;1990;0;0;0
SLIPKNOT;20/10/2024;2024;ALLIANZ PARQUE;790;0;0;690;0;490;0;0;0;0;0;0;0;0;0;0;0;0;0;0;4990;1990;0;0;0
BABYMETAL;21/10/2024;2024;AUDIO;380;440;0;0;0;0;0;0;0;0;0;0;0;0;0;0;0;0;0;0;0;0;0;0;0
CHITAOZINHO & XORORO;23/10/2024;2024;AUDIO;760;975;1200;560;0;200;0;0;0;0;0;0;0;0;0;0;0;0;0;0;0;0;0;0;0
MOTHER MOTHER;23/10/2024;2024;TOKIO MARINE HALL;420;620;640;390;0;360;0;0;0;0;0;0;0;0;0;0;0;0;0;0;0;0;0;0;0
DIONNE WARWICK;26/10/2024;2024;VIBRA SAO PAULO;300;700;1200;0;0;0;0;0;0;0;0;0;0;0;0;0;0;0;0;0;0;0;0;0;0
MARCELO D2;26/10/2024;2024;AUDIO;140;0;0;0;0;0;0;0;0;0;0;0;0;0;0;0;0;0;0;0;0;0;0;0;0
MATUE;26/10/2024;2024;MEMORIAL DA AMERICA LATINA;100;0;600;0;0;0;0;0;0;0;0;0;0;0;0;0;0;0;0;200;0;0;0;0;0
PABLLO VITTAR;01/11/2024;2024;VIBRA SAO PAULO;105;0;0;0;0;0;0;0;0;0;0;0;0;0;0;0;0;0;0;0;0;0;0;0;0
THE SMASHING PUMPKINS;03/11/2024;2024;ESPACO UNIMED;390;690;600;0;0;0;0;0;0;0;0;0;0;0;0;0;0;0;650;0;0;0;0;0;0
TRAVIS;05/11/2024;2024;AUDIO;490;600;890;0;0;0;0;0;0;0;0;0;0;0;0;0;0;0;0;0;0;0;0;0;0
ERYKAH BADU;06/11/2024;2024;ESPACO UNIMED;220;340;475;0;0;0;0;0;0;0;0;0;0;0;0;0;0;0;0;0;0;0;0;0;0
MARCELO D2;06/11/2024;2024;CENTRO CULTURAL SAO PAULO;84;150;230;0;0;0;0;0;0;0;0;0;0;0;0;0;0;0;0;0;0;0;0;0;0
CPM 22;07/11/2024;2024;EXPO CENTER NORTE;0;0;0;0;0;0;0;0;0;0;0;0;0;0;0;0;0;0;0;0;0;0;0;0;0
MARCELO D2;07/11/2024;2024;CENTRO CULTURAL SAO PAULO;84;150;230;0;0;0;0;0;0;0;0;0;0;0;0;0;0;0;0;0;0;0;0;0;0
LINIKER;08/11/2024;2024;ESPACO UNIMED;300;0;0;0;0;0;0;0;0;0;0;0;0;0;0;0;0;0;0;0;0;0;0;0;0
PERICLES;08/11/2024;2024;TERRA SP;100;250;0;0;0;0;0;0;0;0;0;0;0;0;0;0;0;0;0;0;0;0;0;0;0
TITAS;08/11/2024;2024;EXPO CENTER NORTE;190;395;320;0;0;0;0;0;0;0;0;0;0;0;0;0;0;0;0;0;990;0;0;0;0
KEANE;09/11/2024;2024;ESPACO UNIMED;380;710;830;0;0;0;0;0;0;0;0;0;0;0;0;0;0;0;740;0;0;0;0;0;0
RAIMUNDOS;09/11/2024;2024;ESTADIO DO CANINDE;320;800;450;0;0;0;0;0;0;0;0;0;0;0;0;0;0;0;0;0;0;0;0;0;0
BADBADNOTGOOD;10/11/2024;2024;TOKIO MARINE HALL;530;0;0;0;0;0;0;0;0;0;0;0;0;0;0;0;0;0;0;0;0;0;0;0;0
LINIKER;13/11/2024;2024;ESPACO UNIMED;300;0;0;0;0;0;0;0;0;0;0;0;0;0;0;0;0;0;0;0;0;0;0;0;0
FRANZ FERDINAND;14/11/2024;2024;TOKIO MARINE HALL;380;460;500;420;0;350;0;0;0;0;0;0;0;0;0;0;0;0;0;0;0;0;0;0;0
GRUPO MENOS E MAIS;14/11/2024;2024;ESPACO UNIMED;160;200;320;0;0;0;0;0;0;0;0;0;0;0;0;0;0;0;0;0;0;0;0;0;0
MARINA SENA;14/11/2024;2024;AUDIO;375;0;0;0;0;95;0;0;0;0;0;0;0;0;0;0;0;0;0;0;0;0;0;0;0
KOOL & THE GANG;15/11/2024;2024;ESPACO UNIMED;0;440;820;0;0;0;0;0;0;0;0;0;0;0;0;0;0;0;0;0;0;0;0;0;0
LINKIN PARK;15/11/2024;2024;ALLIANZ PARQUE;650;1050;0;850;0;750;0;0;0;0;540;1250;0;0;0;0;0;0;0;0;0;0;0;0;0
AURORA;16/11/2024;2024;ESPACO UNIMED;0;590;770;0;0;0;0;0;0;0;0;0;0;0;0;0;0;0;680;0;0;0;0;0;0
CALCINHA PRETA;16/11/2024;2024;TERRA SP;200;0;0;0;0;0;0;0;0;0;0;0;0;0;0;0;0;0;0;0;0;0;0;0;0
LINKIN PARK;16/11/2024;2024;ALLIANZ PARQUE;650;1050;0;850;0;750;0;0;0;0;540;1250;0;0;0;0;0;0;0;0;0;0;0;0;0
RAIMUNDOS;17/11/2024;2024;EXPO CENTER NORTE;0;0;0;0;0;0;0;0;0;0;0;0;0;0;0;0;0;0;0;0;0;0;0;0;0
JA RULE;19/11/2024;2024;TERRA SP;200;0;330;0;0;0;0;0;0;0;0;0;0;0;0;0;0;0;0;0;0;0;0;0;0
LINIKER;19/11/2024;2024;ESPACO UNIMED;300;0;0;0;0;0;0;0;0;0;0;0;0;0;0;0;0;0;0;0;0;0;0;0;0
LULU SANTOS;22/11/2024;2024;TOKIO MARINE HALL;220;0;460;0;0;0;0;0;0;0;0;0;0;0;0;0;0;0;0;0;0;0;0;0;0
RACIONAIS MC'S;22/11/2024;2024;ESPACO UNIMED;140;0;290;0;0;0;0;0;0;0;0;0;0;0;0;0;0;0;0;0;0;0;0;0;0
JORGE BEN JOR;23/11/2024;2024;ESPACO UNIMED;240;0;290;0;0;0;0;0;0;0;0;0;0;0;0;0;0;0;0;0;0;0;0;0;0
LENNY KRAVITZ;23/11/2024;2024;ALLIANZ PARQUE;480;850;0;680;480;380;0;0;0;0;0;0;0;0;0;0;0;0;0;0;0;0;0;0;0
LINIKER;23/11/2024;2024;ALLIANZ PARQUE;480;850;0;680;480;380;0;0;0;0;0;0;0;0;0;0;0;0;0;0;0;0;0;0;0
TOTO;24/11/2024;2024;ESPACO UNIMED;0;680;0;0;0;0;0;0;0;0;0;0;0;0;0;0;0;0;780;0;0;0;0;0;0
ROBERTO CARLOS;27/11/2024;2024;ALLIANZ PARQUE;590;860;1120;590;350;350;240;0;0;0;0;0;0;0;0;0;0;0;0;0;0;0;0;0;0
BRING ME THE HORIZON;28/11/2024;2024;AUDIO;390;0;0;0;0;0;0;0;0;0;0;0;0;0;0;0;0;0;450;0;0;0;0;0;0
RACIONAIS MC'S;29/11/2024;2024;ESPACO UNIMED;140;0;290;0;0;0;0;0;0;0;0;0;0;0;0;0;0;0;0;0;0;0;0;0;0
ARMANDINHO;30/11/2024;2024;AUDIO;80;0;0;0;0;0;0;0;0;0;0;0;0;0;0;0;0;0;0;0;140;0;0;0;0
BRING ME THE HORIZON;30/11/2024;2024;ALLIANZ PARQUE;390;790;0;490;0;250;0;0;0;0;0;0;0;0;0;0;0;0;0;0;0;0;0;0;0
MOTIONLESS IN WHITE;30/11/2024;2024;ALLIANZ PARQUE;390;790;0;490;0;250;0;0;0;0;0;0;0;0;0;0;0;0;0;0;0;0;0;0;0
SPIRITBOX;30/11/2024;2024;ALLIANZ PARQUE;390;790;0;490;0;250;0;0;0;0;0;0;0;0;0;0;0;0;0;0;0;0;0;0;0
THE PLOT IN YOU;30/11/2024;2024;ALLIANZ PARQUE;390;790;0;490;0;250;0;0;0;0;0;0;0;0;0;0;0;0;0;0;0;0;0;0;0
IRON MAIDEN;06/12/2024;2024;ALLIANZ PARQUE;585;1200;0;690;650;425;0;0;0;0;0;0;0;0;0;0;0;0;0;0;0;0;0;0;0
VOLBEAT;06/12/2024;2024;ALLIANZ PARQUE;585;1200;0;690;650;425;0;0;0;0;0;0;0;0;0;0;0;0;0;0;0;0;0;0;0
IRON MAIDEN;07/12/2024;2024;ALLIANZ PARQUE;585;1200;0;690;650;425;0;0;0;0;0;0;0;0;0;0;0;0;0;0;0;0;0;0;0
JAO;07/12/2024;2024;VIBRA SAO PAULO;350;500;0;0;0;0;0;0;0;0;0;0;0;0;0;0;0;0;0;0;0;0;0;0;0
URIAS;07/12/2024;2024;ESTADIO DO CANINDE;;;;;;;;;;;;;;;;;;;;;;;;;
VOLBEAT;07/12/2024;2024;ALLIANZ PARQUE;585;1200;0;690;650;425;0;0;0;0;0;0;0;0;0;0;0;0;0;0;0;0;0;0;0
JAO;08/12/2024;2024;VIBRA SAO PAULO;350;500;0;0;0;0;0;0;0;0;0;0;0;0;0;0;0;0;0;0;0;0;0;0;0
TOKIO HOTEL;12/12/2024;2024;VIBRA SAO PAULO;200;300;400;0;0;0;0;0;0;0;0;0;0;0;0;0;0;0;0;0;0;0;0;0;0
SIMONE MENDES;13/12/2024;2024;CENTRO DE TRADICOES NORDESTINAS;110;240;900;0;0;0;0;0;0;0;0;0;0;0;0;0;0;0;0;0;0;0;0;0;0
GUSTTAVO LIMA;14/12/2024;2024;MORUMBIS;90;0;0;0;0;0;0;0;0;0;0;0;0;0;0;0;0;0;0;0;0;0;0;0;0
ZECA PAGODINHO;14/12/2024;2024;VIBRA SAO PAULO;760;0;1200;0;0;500;0;0;0;0;0;0;0;0;0;0;0;0;0;0;0;0;0;0;0
CAROL BIAZIN;15/12/2024;2024;AUDIO;140;0;0;0;0;0;0;0;0;0;0;0;0;0;0;0;0;0;0;0;0;0;0;0;0
DREAM THEATER;15/12/2024;2024;VIBRA SAO PAULO;700;800;850;0;0;0;0;0;0;0;0;0;0;0;0;0;0;0;0;0;1700;2000;0;0;0
TITAS;20/12/2024;2024;TERRA SP;280;980;0;0;0;100;0;0;0;0;0;0;0;0;0;0;0;0;0;0;0;0;0;0;0
CHRIS BROWN;21/12/2024;2024;ALLIANZ PARQUE;445,5;725,5;685,5;0;0;0;0;0;0;0;0;0;0;0;0;0;0;0;295,5;0;0;0;0;0;0
GUSTTAVO LIMA;21/12/2024;2024;NEO QUIMICA ARENA;450;840;0;0;0;0;0;0;0;0;0;0;0;0;0;0;0;0;0;0;0;0;0;0;0
POST MALONE;21/12/2024;2024;NEO QUIMICA ARENA;450;840;0;0;0;0;0;0;0;0;0;0;0;0;0;0;0;0;0;0;0;0;0;0;0
VEIGH;21/12/2024;2024;NEO QUIMICA ARENA;450;840;0;0;0;0;0;0;0;0;0;0;0;0;0;0;0;0;0;0;0;0;0;0;0
VINTAGE CULTURE;21/12/2024;2024;NEO QUIMICA ARENA;450;840;0;0;0;0;0;0;0;0;0;0;0;0;0;0;0;0;0;0;0;0;0;0;0
CHRIS BROWN;22/12/2024;2024;ALLIANZ PARQUE;445,5;725,5;685,5;0;0;0;0;0;0;0;0;0;0;0;0;0;0;0;295,5;0;0;0;0;0;0
ANITTA;03/03/2025;2025;JOCKEY CLUB;0;340;0;0;0;0;0;0;0;780;0;0;0;0;0;0;0;0;0;0;0;0;0;0;0
RISE AGAINST;08/03/2025;2025;ALLIANZ PARQUE;890;0;0;590;0;390;0;0;0;0;0;0;0;0;0;0;0;0;0;0;0;0;0;0;0
SUBLIME;08/03/2025;2025;ALLIANZ PARQUE;890;0;0;590;0;390;0;0;0;0;0;0;0;0;0;0;0;0;0;0;0;0;0;0;0
THE OFFSPRING;08/03/2025;2025;ALLIANZ PARQUE;890;0;0;590;0;390;0;0;0;0;0;0;0;0;0;0;0;0;0;0;0;0;0;0;0
THE WARNING;08/03/2025;2025;ALLIANZ PARQUE;890;0;0;590;0;390;0;0;0;0;0;0;0;0;0;0;0;0;0;0;0;0;0;0;0
SIMPLY RED;15/03/2025;2025;ALLIANZ PARQUE;900;1800;0;690;560;390;0;0;0;0;0;0;0;0;0;0;0;0;0;0;0;0;0;0;0
JAO;16/03/2025;2025;VIBRA SAO PAULO;350;500;0;0;0;0;0;0;0;0;0;0;0;0;0;0;0;0;0;0;0;0;0;0;0
LINIKER;16/03/2025;2025;VIBRA SAO PAULO;350;500;0;0;0;0;0;0;0;0;0;0;0;0;0;0;0;0;0;0;0;0;0;0;0
MON LAFERTE;18/03/2025;2025;TOKIO MARINE HALL;190;420;0;0;0;0;0;0;0;0;0;0;0;0;0;0;0;0;0;0;0;0;0;0;0
PITTY;21/03/2025;2025;ESPACO UNIMED;100;140;230;0;0;0;0;0;0;0;0;0;0;0;0;0;0;0;0;0;0;0;0;0;0
ALCIONE;22/03/2025;2025;ESPACO UNIMED;180;220;320;0;0;160;0;0;0;0;0;0;0;0;0;0;0;0;0;0;0;0;0;0;0
GARBAGE;22/03/2025;2025;TERRA SP;600;1000;1200;0;0;0;0;0;0;0;0;0;0;0;0;0;0;0;0;0;0;0;0;0;0
GIRL IN RED;27/03/2025;2025;AUDIO;500;0;0;0;0;0;0;0;0;0;0;0;0;0;0;0;0;0;0;0;0;0;0;0;0
DISCO LINES;28/03/2025;2025;AUTODROMO DE INTERLAGOS;0;0;0;0;0;0;0;0;0;0;0;0;0;1050;2310;1674,5;0;0;0;0;0;0;0;0;0
EMPIRE OF THE SUN;28/03/2025;2025;AUTODROMO DE INTERLAGOS;0;0;0;0;0;0;0;0;0;0;0;0;0;1050;2310;1674,5;0;0;0;0;0;0;0;0;0
GIRL IN RED;28/03/2025;2025;AUTODROMO DE INTERLAGOS;0;0;0;0;0;0;0;0;0;0;0;0;0;1050;2310;1674,5;0;0;0;0;0;0;0;0;0
JAMES HYPE;28/03/2025;2025;AUTODROMO DE INTERLAGOS;0;0;0;0;0;0;0;0;0;0;0;0;0;1050;2310;1674,5;0;0;0;0;0;0;0;0;0
JAO;28/03/2025;2025;AUTODROMO DE INTERLAGOS;0;0;0;0;0;0;0;0;0;0;0;0;0;1050;2310;1674,5;0;0;0;0;0;0;0;0;0
JPEGMAFIA;28/03/2025;2025;AUTODROMO DE INTERLAGOS;0;0;0;0;0;0;0;0;0;0;0;0;0;1050;2310;1674,5;0;0;0;0;0;0;0;0;0
NESSA BARRETT;28/03/2025;2025;AUTODROMO DE INTERLAGOS;0;0;0;0;0;0;0;0;0;0;0;0;0;1050;2310;1674,5;0;0;0;0;0;0;0;0;0
OLIVIA RODRIGO;28/03/2025;2025;AUTODROMO DE INTERLAGOS;0;0;0;0;0;0;0;0;0;0;0;0;0;1050;2310;1674,5;0;0;0;0;0;0;0;0;0
RUFUS DU SOL;28/03/2025;2025;AUTODROMO DE INTERLAGOS;0;0;0;0;0;0;0;0;0;0;0;0;0;1050;2310;1674,5;0;0;0;0;0;0;0;0;0
ALANIS MORISSETTE;29/03/2025;2025;AUTODROMO DE INTERLAGOS;0;0;0;0;0;0;0;0;0;0;0;0;0;1050;2310;1674,5;0;0;0;0;0;0;0;0;0
ARTEMAS;29/03/2025;2025;AUTODROMO DE INTERLAGOS;0;0;0;0;0;0;0;0;0;0;0;0;0;1050;2310;1674,5;0;0;0;0;0;0;0;0;0
BENSON BOONE;29/03/2025;2025;AUTODROMO DE INTERLAGOS;0;0;0;0;0;0;0;0;0;0;0;0;0;1050;2310;1674,5;0;0;0;0;0;0;0;0;0
BRUNO MARTINI;29/03/2025;2025;AUTODROMO DE INTERLAGOS;0;0;0;0;0;0;0;0;0;0;0;0;0;1050;2310;1674,5;0;0;0;0;0;0;0;0;0
LUAN SANTANA;29/03/2025;2025;MERCADO LIVRE ARENA PACAEMBU;0;560;1000;0;0;0;0;0;0;0;380;0;0;0;0;0;0;0;0;0;0;0;0;0;0
SHAWN MENDES;29/03/2025;2025;AUTODROMO DE INTERLAGOS;0;0;0;0;0;0;0;0;0;0;0;0;0;1050;2310;1674,5;0;0;0;0;0;0;0;0;0
TATE MCRAE;29/03/2025;2025;AUTODROMO DE INTERLAGOS;0;0;0;0;0;0;0;0;0;0;0;0;0;1050;2310;1674,5;0;0;0;0;0;0;0;0;0
TEDDY SWIMS;29/03/2025;2025;AUTODROMO DE INTERLAGOS;0;0;0;0;0;0;0;0;0;0;0;0;0;1050;2310;1674,5;0;0;0;0;0;0;0;0;0
THE MARIAS;29/03/2025;2025;AUTODROMO DE INTERLAGOS;0;0;0;0;0;0;0;0;0;0;0;0;0;1050;2310;1674,5;0;0;0;0;0;0;0;0;0
WAVE TO EARTH;29/03/2025;2025;AUTODROMO DE INTERLAGOS;0;0;0;0;0;0;0;0;0;0;0;0;0;1050;2310;1674,5;0;0;0;0;0;0;0;0;0
ZEDD;29/03/2025;2025;AUTODROMO DE INTERLAGOS;0;0;0;0;0;0;0;0;0;0;0;0;0;1050;2310;1674,5;0;0;0;0;0;0;0;0;0
BLOND:ISH;30/03/2025;2025;AUTODROMO DE INTERLAGOS;0;0;0;0;0;0;0;0;0;0;0;0;0;1050;2310;1674,5;0;0;0;0;0;0;0;0;0
BUSH;30/03/2025;2025;AUTODROMO DE INTERLAGOS;0;0;0;0;0;0;0;0;0;0;0;0;0;1050;2310;1674,5;0;0;0;0;0;0;0;0;0
CA7RIEL & PACO AMOROSO;30/03/2025;2025;AUTODROMO DE INTERLAGOS;0;0;0;0;0;0;0;0;0;0;0;0;0;1050;2310;1674,5;0;0;0;0;0;0;0;0;0
CHARLOTTE DE WITTE;30/03/2025;2025;AUTODROMO DE INTERLAGOS;0;0;0;0;0;0;0;0;0;0;0;0;0;1050;2310;1674,5;0;0;0;0;0;0;0;0;0
FOSTER THE PEOPLE;30/03/2025;2025;AUTODROMO DE INTERLAGOS;0;0;0;0;0;0;0;0;0;0;0;0;0;1050;2310;1674,5;0;0;0;0;0;0;0;0;0
JUSTIN TIMBERLAKE;30/03/2025;2025;AUTODROMO DE INTERLAGOS;0;0;0;0;0;0;0;0;0;0;0;0;0;1050;2310;1674,5;0;0;0;0;0;0;0;0;0
MICHAEL KIWANUKA;30/03/2025;2025;AUTODROMO DE INTERLAGOS;0;0;0;0;0;0;0;0;0;0;0;0;0;1050;2310;1674,5;0;0;0;0;0;0;0;0;0
NEIL FRANCES;30/03/2025;2025;AUTODROMO DE INTERLAGOS;0;0;0;0;0;0;0;0;0;0;0;0;0;1050;2310;1674,5;0;0;0;0;0;0;0;0;0
PARCELS;30/03/2025;2025;AUTODROMO DE INTERLAGOS;0;0;0;0;0;0;0;0;0;0;0;0;0;1050;2310;1674,5;0;0;0;0;0;0;0;0;0
SEPULTURA;30/03/2025;2025;AUTODROMO DE INTERLAGOS;0;0;0;0;0;0;0;0;0;0;0;0;0;1050;2310;1674,5;0;0;0;0;0;0;0;0;0
TOOL;30/03/2025;2025;AUTODROMO DE INTERLAGOS;0;0;0;0;0;0;0;0;0;0;0;0;0;1050;2310;1674,5;0;0;0;0;0;0;0;0;0
PARCELS;31/03/2025;2025;AUDIO;500;0;0;0;0;0;0;0;0;0;0;0;0;0;0;0;0;0;0;0;0;0;0;0;0
BELO;05/04/2025;2025;MERCADO LIVRE ARENA PACAEMBU;0;0;1600;300;0;100;0;0;0;0;0;0;0;0;0;0;0;0;0;0;0;0;0;0;0
CESAR MENOTTI & FABIANO;05/04/2025;2025;MERCADO LIVRE ARENA PACAEMBU;0;0;1600;300;0;100;0;0;0;0;0;0;0;0;0;0;0;0;0;0;0;0;0;0;0
JORGE & MATEUS;05/04/2025;2025;MERCADO LIVRE ARENA PACAEMBU;0;0;1600;300;0;100;0;0;0;0;0;0;0;0;0;0;0;0;0;0;0;0;0;0;0
STRAY KIDS;05/04/2025;2025;MORUMBIS;590;920;0;720;0;750;0;0;0;0;460;0;0;0;0;0;0;0;0;0;2581;0;0;0;0
JORGE & MATEUS;06/04/2025;2025;MERCADO LIVRE ARENA PACAEMBU;0;0;1600;300;0;100;0;0;0;0;0;0;0;0;0;0;0;0;0;0;0;0;0;0;0
SIMONE MENDES;06/04/2025;2025;MERCADO LIVRE ARENA PACAEMBU;0;0;1600;300;0;100;0;0;0;0;0;0;0;0;0;0;0;0;0;0;0;0;0;0;0
STRAY KIDS;06/04/2025;2025;MORUMBIS;590;920;0;720;0;750;0;0;0;0;460;0;0;0;0;0;0;0;0;0;2581;0;0;0;0
INCUBUS;10/04/2025;2025;ESPACO UNIMED;400;720;650;0;0;0;0;0;0;0;0;0;0;0;0;0;0;0;750;0;2470;3220;0;0;0
GILBERTO GIL;11/04/2025;2025;ALLIANZ PARQUE;0;530;0;380;0;230;0;0;0;0;0;0;0;0;0;0;0;0;0;0;0;0;0;0;0
GILBERTO GIL;12/04/2025;2025;ALLIANZ PARQUE;0;530;0;380;0;230;0;0;0;0;0;0;0;0;0;0;0;0;0;0;0;0;0;0;0
LUISA SONZA;12/04/2025;2025;ESPACO UNIMED;180;240;360;0;0;0;0;0;0;0;0;0;0;0;0;0;0;0;0;0;0;0;0;0;0
ONE OK ROCK;13/04/2025;2025;ESPACO UNIMED;280;0;0;0;0;0;0;0;0;0;0;0;0;0;0;0;0;0;500;0;0;0;0;0;0
EUROPE;19/04/2025;2025;ALLIANZ PARQUE;680;1180;0;780;0;480;0;0;0;0;0;0;0;0;0;0;0;2800;0;0;2000;2400;0;0;0
JUDAS PRIEST;19/04/2025;2025;ALLIANZ PARQUE;680;1180;0;780;0;480;0;0;0;0;0;0;0;0;0;0;0;2800;0;0;2000;2400;0;0;0
SCORPIONS;19/04/2025;2025;ALLIANZ PARQUE;680;1180;0;780;0;480;0;0;0;0;0;0;0;0;0;0;0;2800;0;0;2000;2400;0;0;0
JUDAS PRIEST;20/04/2025;2025;VIBRA SAO PAULO;680;1180;0;780;0;480;0;0;0;0;0;0;0;0;0;0;0;2800;0;0;2000;2400;0;0;0
KALEO;22/04/2025;2025;AUDIO;360;0;0;0;0;0;0;0;0;0;0;0;0;0;0;0;1040;0;0;0;729;0;0;0;0
XG;24/04/2025;2025;TOKIO MARINE HALL;520;0;630;380;0;300;0;0;0;0;0;0;0;0;0;0;0;0;0;0;1020;0;0;0;0
GILBERTO GIL;25/04/2025;2025;ALLIANZ PARQUE;0;530;0;380;0;230;0;0;0;0;0;0;0;0;0;0;0;0;0;0;0;0;0;0;0
GILBERTO GIL;26/04/2025;2025;ALLIANZ PARQUE;0;530;0;380;0;230;0;0;0;0;0;0;0;0;0;0;0;0;0;0;0;0;0;0;0
MARINA SENA;26/04/2025;2025;ESPACO UNIMED;535;995;1295;0;0;0;0;0;0;0;0;0;0;0;0;0;0;0;1125;0;0;0;0;0;0
RAIMUNDOS;30/04/2025;2025;ESPACO UNIMED;;;;;;;;;;;;;;;;;;;;;;;;;
POWERWOLF;03/05/2025;2025;MEMORIAL DA AMERICA LATINA;0;1192;2172;0;0;0;0;0;0;0;0;0;0;0;0;0;0;0;0;0;0;0;0;0;0
SABATON;03/05/2025;2025;MEMORIAL DA AMERICA LATINA;0;1192;2172;0;0;0;0;0;0;0;0;0;0;0;0;0;0;0;0;0;0;0;0;0;0
SIMPLE MINDS;04/05/2025;2025;ESPACO UNIMED;390;680;830;0;0;0;0;0;0;0;0;0;0;0;0;0;0;0;720;0;0;0;0;0;0
SEVDALIZA;08/05/2025;2025;TOKIO MARINE HALL;300;480;400;0;0;0;0;0;0;0;0;0;0;0;0;0;0;0;0;0;0;0;0;0;0
PABLLO VITTAR;09/05/2025;2025;CENTRO DE TRADICOES NORDESTINAS;200;400;500;0;0;0;0;0;0;0;0;0;0;0;0;0;0;0;0;0;0;0;0;0;0
FOREIGNER;10/05/2025;2025;ESPACO UNIMED;0;680;850;0;0;0;0;750;0;0;0;0;0;0;0;0;0;0;720;0;0;0;0;0;0
SYSTEM OF A DOWN;10/05/2025;2025;ALLIANZ PARQUE;595;1095;0;695;0;495;0;0;1195;0;0;0;0;0;0;0;0;0;0;0;1885;0;0;0;0
SYSTEM OF A DOWN;11/05/2025;2025;ALLIANZ PARQUE;595;1095;0;695;0;495;0;0;1195;0;0;0;0;0;0;0;0;0;0;0;1885;0;0;0;0
ZE RAMALHO;11/05/2025;2025;ESPACO UNIMED;120;280;360;0;0;0;0;0;0;0;0;0;0;0;0;0;0;0;0;0;0;0;0;0;0
SYSTEM OF A DOWN;14/05/2025;2025;AUTODROMO DE INTERLAGOS;595;0;0;0;0;0;0;0;0;0;0;0;0;0;0;0;0;0;0;0;2495;0;0;0;0
STONE TEMPLE PILOTS;22/05/2025;2025;TERRA SP;400;600;0;0;0;0;0;0;0;0;0;0;0;0;0;0;0;0;600;0;0;0;0;0;0
JOAO GOMES;25/05/2025;2025;VALE DO ANHANGABAU;100;140;0;0;0;0;0;0;0;0;0;0;0;0;0;0;0;0;0;0;0;0;0;0;0
LINIKER;25/05/2025;2025;VALE DO ANHANGABAU;100;140;0;0;0;0;0;0;0;0;0;0;0;0;0;0;0;0;0;0;0;0;0;0;0
STICK FIGURE;25/05/2025;2025;TERRA SP;440;0;920;0;0;0;0;0;0;0;0;0;0;0;0;0;0;0;0;0;0;0;0;0;0
WIU;29/05/2025;2025;AUDIO;100;240;0;0;0;0;0;0;0;0;0;0;0;0;0;0;0;0;160;0;0;0;0;0;0
GIGI PEREZ;30/05/2025;2025;ESPACO UNIMED;640;850;890;0;0;0;0;0;0;0;0;0;0;0;0;0;0;0;880;0;0;0;0;0;0
HOZIER;30/05/2025;2025;ESPACO UNIMED;640;850;890;0;0;0;0;0;0;0;0;0;0;0;0;0;0;0;880;0;0;0;0;0;0
OS PARALAMAS DO SUCESSO;31/05/2025;2025;ALLIANZ PARQUE;225;395;0;345;0;100;0;0;0;0;0;0;0;0;0;0;0;0;0;0;0;0;0;0;0
TURMA DO PAGODE;31/05/2025;2025;VIBRA SAO PAULO;0;0;0;0;0;0;0;0;0;0;0;0;0;0;0;0;0;0;0;0;0;0;0;0;0
ANAVITORIA;06/06/2025;2025;ESPACO UNIMED;110;150;320;0;0;0;0;0;0;0;0;0;0;0;0;0;0;0;0;0;0;0;0;0;0
PIXOTE;07/06/2025;2025;VALE DO ANHANGABAU;0;0;0;0;0;0;0;0;0;0;0;0;0;0;0;0;0;0;0;0;0;0;0;0;0
NANDO REIS;08/06/2025;2025;VALE DO ANHANGABAU;0;0;0;0;0;0;0;0;0;0;0;0;0;0;0;0;0;0;0;0;0;0;0;0;0
GLORIA GROOVE;13/06/2025;2025;ESPACO UNIMED;90;0;0;0;0;0;0;0;0;0;0;0;0;0;0;0;0;0;0;0;0;0;0;0;0
NANDO REIS;13/06/2025;2025;VIBRA SAO PAULO;140;320;400;0;0;0;0;400;0;0;0;0;0;0;0;0;0;0;0;0;0;0;0;0;0
BAEKHYUN;14/06/2025;2025;VIBRA SAO PAULO;480;1050;650;0;0;360;0;0;0;0;0;0;0;0;0;0;0;0;0;0;2100;2500;0;0;0
MARCOS & BELUTTI;14/06/2025;2025;SUHAI MUSIC HALL;260;340;420;0;0;0;0;0;0;0;0;0;0;0;0;0;0;0;360;0;400;440;0;0;0
BAEKHYUN;15/06/2025;2025;VIBRA SAO PAULO;480;1050;650;0;0;360;0;0;0;0;0;0;0;0;0;0;0;0;0;0;2100;2500;0;0;0
LUDMILLA;21/06/2025;2025;VALE DO ANHANGABAU;300;0;0;0;0;0;0;0;0;0;0;0;0;0;0;0;0;500;0;0;0;0;0;0;0
URIAS;21/06/2025;2025;VALE DO ANHANGABAU;300;0;0;0;0;0;0;0;0;0;0;0;0;0;0;0;0;500;0;0;0;0;0;0;0
ALOK;28/06/2025;2025;MERCADO LIVRE ARENA PACAEMBU;340;0;0;0;0;0;0;0;200;900;140;0;0;0;0;0;0;0;0;0;0;0;0;0;0
MATUE;28/06/2025;2025;MERCADO LIVRE ARENA PACAEMBU;340;0;0;0;0;0;0;0;200;900;140;0;0;0;0;0;0;0;0;0;0;0;0;0;0
NANDO REIS;28/06/2025;2025;SUHAI MUSIC HALL;200;340;0;0;0;0;0;0;0;0;0;0;0;0;0;0;0;0;0;0;0;0;0;0;0
HENRIQUE & JULIANO;05/07/2025;2025;ALLIANZ PARQUE;480;790;0;580;0;420;0;0;0;0;0;0;0;0;0;0;0;0;0;0;0;0;0;0;0
JEFF SATUR;06/07/2025;2025;TERRA SP;440;700;600;0;0;0;0;0;0;0;0;0;0;0;0;0;0;0;340;0;1240;2150;0;0;0
JAMES BLUNT;08/07/2025;2025;TERRA SP;330;640;0;0;0;0;0;0;0;0;0;0;0;0;0;0;0;0;0;0;0;0;0;0;0
BK;13/07/2025;2025;ESPACO UNIMED;200;0;0;0;0;0;0;0;0;0;0;0;0;0;0;0;0;0;250;0;0;0;0;0;0
NATIRUTS;18/07/2025;2025;ALLIANZ PARQUE;290;490;0;0;0;140;0;0;0;0;0;0;0;0;0;0;0;0;0;0;990;0;0;0;0
NATIRUTS;19/07/2025;2025;ALLIANZ PARQUE;290;490;0;0;0;140;0;0;0;0;0;0;0;0;0;0;0;0;0;0;990;0;0;0;0
VANESSA DA MATA;19/07/2025;2025;VIBRA SAO PAULO;0;0;320;0;0;0;0;120;0;0;0;0;0;0;0;0;0;0;0;0;0;0;0;0;0
MAIARA & MARAISA;25/07/2025;2025;CENTRO DE TRADICOES NORDESTINAS;790;0;0;690;0;490;0;0;0;0;0;0;0;0;0;0;0;0;0;0;4990;1990;0;0;0
MATUE;01/08/2025;2025;MERCADO LIVRE ARENA PACAEMBU;100;0;600;0;0;0;0;0;0;0;0;0;0;0;0;0;0;0;0;200;0;0;0;0;0
VEIGH;01/08/2025;2025;MERCADO LIVRE ARENA PACAEMBU;100;0;600;0;0;0;0;0;0;0;0;0;0;0;0;0;0;0;0;200;0;0;0;0;0
LAGUM;02/08/2025;2025;ESPACO UNIMED;220;0;260;0;0;0;0;0;0;0;0;0;0;0;0;0;0;0;0;0;0;0;0;0;0
MAGIC!;02/08/2025;2025;TOKIO MARINE HALL;760;0;1200;0;0;560;0;0;0;0;0;0;0;0;0;0;0;0;0;0;0;0;0;0;0
THE ROSE;08/08/2025;2025;VIBRA SAO PAULO;0;990;940;890;690;500;420;0;0;0;0;0;0;0;0;0;0;0;0;0;0;0;0;0;0
CALCINHA PRETA;09/08/2025;2025;NEO QUIMICA ARENA;160;260;0;0;0;0;0;0;0;0;0;0;0;0;0;0;0;440;0;0;0;0;0;0;0
RAI SAIA RODADA;09/08/2025;2025;NEO QUIMICA ARENA;160;260;0;0;0;0;0;0;0;0;0;0;0;0;0;0;0;440;0;0;0;0;0;0;0
CAROL BIAZIN;10/08/2025;2025;AUDIO;240;0;0;0;0;0;0;0;0;0;0;0;0;0;0;0;0;0;0;0;0;0;0;0;0
ADO;13/08/2025;2025;ESPACO UNIMED;360;0;930;0;0;0;0;0;0;0;0;0;0;0;0;0;0;0;0;0;840;0;0;0;0
CPM 22;15/08/2025;2025;SUHAI MUSIC HALL;750;900;1200;0;0;0;0;0;0;0;0;0;0;0;0;0;0;0;0;0;0;0;0;0;0
KYLIE MINOGUE;15/08/2025;2025;GINASIO DO IBIRAPUERA;1250;1350;1480;1180;1080;880;790;0;0;0;0;0;0;0;0;0;0;0;0;0;0;0;0;0;0
ANA CASTELA;16/08/2025;2025;ARENA ANHEMBI;220;0;0;0;0;0;0;0;0;1300;0;0;0;0;0;0;0;0;0;450;0;0;0;0;0
LUAN SANTANA;16/08/2025;2025;ARENA ANHEMBI;220;0;0;0;0;0;0;0;0;1300;0;0;0;0;0;0;0;0;0;450;0;0;0;0;0
ROBERTO CARLOS;16/08/2025;2025;TOKIO MARINE HALL;800;1100;1200;900;0;780;0;0;0;0;0;0;0;0;0;0;0;0;0;0;0;0;0;0;0
THUNDERCAT;20/08/2025;2025;AUDIO;420;0;0;0;0;0;0;0;0;0;0;0;0;0;0;0;0;0;0;0;0;0;0;0;0
IVETE SANGALO;21/08/2025;2025;SUHAI MUSIC HALL;380;720;0;0;0;0;0;0;0;570;0;0;0;0;0;0;0;0;0;0;0;0;0;0;0
CHITAOZINHO & XORORO;23/08/2025;2025;ALLIANZ PARQUE;0;160;200;0;0;0;0;0;0;0;0;0;0;0;0;0;0;0;0;0;0;0;0;0;0
DANIEL;23/08/2025;2025;ALLIANZ PARQUE;0;160;200;0;0;0;0;0;0;0;0;0;0;0;0;0;0;0;0;0;0;0;0;0;0
LEONARDO;23/08/2025;2025;ALLIANZ PARQUE;0;160;200;0;0;0;0;0;0;0;0;0;0;0;0;0;0;0;0;0;0;0;0;0;0
VICTOR & LEO;23/08/2025;2025;ALLIANZ PARQUE;0;160;200;0;0;0;0;0;0;0;0;0;0;0;0;0;0;0;0;0;0;0;0;0;0
ZEZE DI CAMARGO & LUCIANO;23/08/2025;2025;ALLIANZ PARQUE;0;160;200;0;0;0;0;0;0;0;0;0;0;0;0;0;0;0;0;0;0;0;0;0;0
NECK DEEP;29/08/2025;2025;TOKIO MARINE HALL;395;595;695;495;0;395;0;0;0;0;0;0;0;0;0;0;0;0;0;0;0;0;0;0;0
YELLOWCARD;29/08/2025;2025;TOKIO MARINE HALL;395;595;695;495;0;395;0;0;0;0;0;0;0;0;0;0;0;0;0;0;0;0;0;0;0
FALL OUT BOY;30/08/2025;2025;ALLIANZ PARQUE;895;0;0;695;0;495;0;0;0;0;0;0;0;0;0;0;0;0;0;0;1395;0;0;0;0
GOOD CHARLOTTE;30/08/2025;2025;ALLIANZ PARQUE;895;0;0;695;0;495;0;0;0;0;0;0;0;0;0;0;0;0;0;0;1395;0;0;0;0
NECK DEEP;30/08/2025;2025;ALLIANZ PARQUE;895;0;0;695;0;495;0;0;0;0;0;0;0;0;0;0;0;0;0;0;1395;0;0;0;0
YELLOWCARD;30/08/2025;2025;ALLIANZ PARQUE;895;0;0;695;0;495;0;0;0;0;0;0;0;0;0;0;0;0;0;0;1395;0;0;0;0
PITTY;03/09/2025;2025;AUDIO;0;0;0;0;0;0;0;0;0;0;0;0;0;0;0;0;0;0;0;0;0;0;0;0;0
LINIKER;05/09/2025;2025;MEMORIAL DA AMERICA LATINA;360;0;0;0;0;0;0;0;0;0;0;0;0;0;0;0;0;0;0;0;0;0;0;0;0
MARINA SENA;05/09/2025;2025;MEMORIAL DA AMERICA LATINA;360;0;0;0;0;0;0;0;0;0;0;0;0;0;0;0;0;0;0;0;0;0;0;0;0
BLACK ALIEN;06/09/2025;2025;MEMORIAL DA AMERICA LATINA;280;0;0;0;0;0;0;0;0;0;0;0;0;0;0;0;0;0;0;0;0;0;0;0;0
BORGES;06/09/2025;2025;AUTODROMO DE INTERLAGOS;975;0;0;0;0;0;0;0;0;0;0;0;0;0;0;0;0;0;0;0;0;0;0;0;0
BURNA BOY;06/09/2025;2025;AUTODROMO DE INTERLAGOS;975;0;0;0;0;0;0;0;0;0;0;0;0;0;0;0;0;0;0;0;0;0;0;0;0
DON TOLIVER;06/09/2025;2025;AUTODROMO DE INTERLAGOS;975;0;0;0;0;0;0;0;0;0;0;0;0;0;0;0;0;0;0;0;0;0;0;0;0
FILIPE RET;06/09/2025;2025;AUTODROMO DE INTERLAGOS;975;0;0;0;0;0;0;0;0;0;0;0;0;0;0;0;0;0;0;0;0;0;0;0;0
MATUE;06/09/2025;2025;AUTODROMO DE INTERLAGOS;975;0;0;0;0;0;0;0;0;0;0;0;0;0;0;0;0;0;0;0;0;0;0;0;0
MC CABELINHO;06/09/2025;2025;AUTODROMO DE INTERLAGOS;975;0;0;0;0;0;0;0;0;0;0;0;0;0;0;0;0;0;0;0;0;0;0;0;0
MC HARIEL;06/09/2025;2025;AUTODROMO DE INTERLAGOS;975;0;0;0;0;0;0;0;0;0;0;0;0;0;0;0;0;0;0;0;0;0;0;0;0
TASHA & TRACIE;06/09/2025;2025;AUTODROMO DE INTERLAGOS;975;0;0;0;0;0;0;0;0;0;0;0;0;0;0;0;0;0;0;0;0;0;0;0;0
TETO;06/09/2025;2025;AUTODROMO DE INTERLAGOS;975;0;0;0;0;0;0;0;0;0;0;0;0;0;0;0;0;0;0;0;0;0;0;0;0
TRAVIS SCOTT;06/09/2025;2025;AUDIO;490;890;0;0;0;0;0;0;0;0;0;0;0;0;0;0;0;0;0;0;0;0;0;0;0
TRAVIS SCOTT;06/09/2025;2025;AUTODROMO DE INTERLAGOS;975;0;0;0;0;0;0;0;0;0;0;0;0;0;0;0;0;0;0;0;0;0;0;0;0
WIU;06/09/2025;2025;AUTODROMO DE INTERLAGOS;975;0;0;0;0;0;0;0;0;0;0;0;0;0;0;0;0;0;0;0;0;0;0;0;0
BAD RELIGION;07/09/2025;2025;AUTODROMO DE INTERLAGOS;975;0;0;0;0;0;0;0;0;0;0;0;0;0;0;0;0;0;0;0;0;0;0;0;0
BK;07/09/2025;2025;MEMORIAL DA AMERICA LATINA;720;0;0;0;0;0;0;0;0;0;0;0;0;0;0;0;0;0;0;0;0;0;0;0;0
CAETANO VELOSO;07/09/2025;2025;MEMORIAL DA AMERICA LATINA;720;0;0;0;0;0;0;0;0;0;0;0;0;0;0;0;0;0;0;0;0;0;0;0;0
CAPITAL INICIAL;07/09/2025;2025;AUTODROMO DE INTERLAGOS;975;0;0;0;0;0;0;0;0;0;0;0;0;0;0;0;0;0;0;0;0;0;0;0;0
CPM 22;07/09/2025;2025;AUTODROMO DE INTERLAGOS;975;0;0;0;0;0;0;0;0;0;0;0;0;0;0;0;0;0;0;0;0;0;0;0;0
GREEN DAY;07/09/2025;2025;AUTODROMO DE INTERLAGOS;975;0;0;0;0;0;0;0;0;0;0;0;0;0;0;0;0;0;0;0;0;0;0;0;0
IGGY POP;07/09/2025;2025;AUTODROMO DE INTERLAGOS;975;0;0;0;0;0;0;0;0;0;0;0;0;0;0;0;0;0;0;0;0;0;0;0;0
PITTY;07/09/2025;2025;AUTODROMO DE INTERLAGOS;975;0;0;0;0;0;0;0;0;0;0;0;0;0;0;0;0;0;0;0;0;0;0;0;0
BACKSTREET BOYS;12/09/2025;2025;AUTODROMO DE INTERLAGOS;975;0;0;0;0;0;0;0;0;0;0;0;0;0;0;0;0;0;0;0;0;0;0;0;0
CEELO GREEN;12/09/2025;2025;AUTODROMO DE INTERLAGOS;975;0;0;0;0;0;0;0;0;0;0;0;0;0;0;0;0;0;0;0;0;0;0;0;0
DUBDOGZ;12/09/2025;2025;AUTODROMO DE INTERLAGOS;975;0;0;0;0;0;0;0;0;0;0;0;0;0;0;0;0;0;0;0;0;0;0;0;0
DUQUESA;12/09/2025;2025;AUTODROMO DE INTERLAGOS;975;0;0;0;0;0;0;0;0;0;0;0;0;0;0;0;0;0;0;0;0;0;0;0;0
JASON DERULO;12/09/2025;2025;AUTODROMO DE INTERLAGOS;975;0;0;0;0;0;0;0;0;0;0;0;0;0;0;0;0;0;0;0;0;0;0;0;0
JOTA QUEST;12/09/2025;2025;AUTODROMO DE INTERLAGOS;975;0;0;0;0;0;0;0;0;0;0;0;0;0;0;0;0;0;0;0;0;0;0;0;0
KAYBLACK;12/09/2025;2025;AUTODROMO DE INTERLAGOS;975;0;0;0;0;0;0;0;0;0;0;0;0;0;0;0;0;0;0;0;0;0;0;0;0
LUISA SONZA;12/09/2025;2025;AUTODROMO DE INTERLAGOS;975;0;0;0;0;0;0;0;0;0;0;0;0;0;0;0;0;0;0;0;0;0;0;0;0
PEDRO SAMPAIO;12/09/2025;2025;AUTODROMO DE INTERLAGOS;975;0;0;0;0;0;0;0;0;0;0;0;0;0;0;0;0;0;0;0;0;0;0;0;0
TZ DA CORONEL;12/09/2025;2025;AUTODROMO DE INTERLAGOS;975;0;0;0;0;0;0;0;0;0;0;0;0;0;0;0;0;0;0;0;0;0;0;0;0
CHEFIN;13/09/2025;2025;AUTODROMO DE INTERLAGOS;975;0;0;0;0;0;0;0;0;0;0;0;0;0;0;0;0;0;0;0;0;0;0;0;0
GLORIA GROOVE;13/09/2025;2025;AUTODROMO DE INTERLAGOS;975;0;0;0;0;0;0;0;0;0;0;0;0;0;0;0;0;0;0;0;0;0;0;0;0
IVETE SANGALO;13/09/2025;2025;AUTODROMO DE INTERLAGOS;975;0;0;0;0;0;0;0;0;0;0;0;0;0;0;0;0;0;0;0;0;0;0;0;0
JESSIE J;13/09/2025;2025;AUTODROMO DE INTERLAGOS;975;0;0;0;0;0;0;0;0;0;0;0;0;0;0;0;0;0;0;0;0;0;0;0;0
LIONEL RICHIE;13/09/2025;2025;AUTODROMO DE INTERLAGOS;975;0;0;0;0;0;0;0;0;0;0;0;0;0;0;0;0;0;0;0;0;0;0;0;0
MARIAH CAREY;13/09/2025;2025;AUTODROMO DE INTERLAGOS;975;0;0;0;0;0;0;0;0;0;0;0;0;0;0;0;0;0;0;0;0;0;0;0;0
MC LIVINHO;13/09/2025;2025;AUTODROMO DE INTERLAGOS;975;0;0;0;0;0;0;0;0;0;0;0;0;0;0;0;0;0;0;0;0;0;0;0;0
NATASHA BEDINGFIELD;13/09/2025;2025;AUTODROMO DE INTERLAGOS;975;0;0;0;0;0;0;0;0;0;0;0;0;0;0;0;0;0;0;0;0;0;0;0;0
OS GAROTIN;13/09/2025;2025;AUTODROMO DE INTERLAGOS;975;0;0;0;0;0;0;0;0;0;0;0;0;0;0;0;0;0;0;0;0;0;0;0;0
PERICLES;13/09/2025;2025;AUTODROMO DE INTERLAGOS;975;0;0;0;0;0;0;0;0;0;0;0;0;0;0;0;0;0;0;0;0;0;0;0;0
ANNA;14/09/2025;2025;AUTODROMO DE INTERLAGOS;975;0;0;0;0;0;0;0;0;0;0;0;0;0;0;0;0;0;0;0;0;0;0;0;0
BELO;14/09/2025;2025;AUTODROMO DE INTERLAGOS;975;0;0;0;0;0;0;0;0;0;0;0;0;0;0;0;0;0;0;0;0;0;0;0;0
CAMILA CABELLO;14/09/2025;2025;AUTODROMO DE INTERLAGOS;975;0;0;0;0;0;0;0;0;0;0;0;0;0;0;0;0;0;0;0;0;0;0;0;0
CAROL BIAZIN;14/09/2025;2025;AUTODROMO DE INTERLAGOS;975;0;0;0;0;0;0;0;0;0;0;0;0;0;0;0;0;0;0;0;0;0;0;0;0
DENNIS;14/09/2025;2025;AUTODROMO DE INTERLAGOS;975;0;0;0;0;0;0;0;0;0;0;0;0;0;0;0;0;0;0;0;0;0;0;0;0
IZA;14/09/2025;2025;AUTODROMO DE INTERLAGOS;975;0;0;0;0;0;0;0;0;0;0;0;0;0;0;0;0;0;0;0;0;0;0;0;0
J BALVIN;14/09/2025;2025;AUTODROMO DE INTERLAGOS;975;0;0;0;0;0;0;0;0;0;0;0;0;0;0;0;0;0;0;0;0;0;0;0;0
JOTA.PE;14/09/2025;2025;AUTODROMO DE INTERLAGOS;975;0;0;0;0;0;0;0;0;0;0;0;0;0;0;0;0;0;0;0;0;0;0;0;0
KATY PERRY;14/09/2025;2025;AUTODROMO DE INTERLAGOS;975;0;0;0;0;0;0;0;0;0;0;0;0;0;0;0;0;0;0;0;0;0;0;0;0
LUDMILLA;14/09/2025;2025;AUTODROMO DE INTERLAGOS;975;0;0;0;0;0;0;0;0;0;0;0;0;0;0;0;0;0;0;0;0;0;0;0;0
CA7RIEL & PACO AMOROSO;17/09/2025;2025;AUDIO;180;0;0;0;0;0;0;0;0;0;0;0;0;0;0;0;0;0;0;0;0;0;0;0;0
JORGE BEN JOR;20/09/2025;2025;ESPACO UNIMED;260;320;530;0;0;0;0;0;0;0;0;0;0;0;0;0;0;0;0;0;0;0;0;0;0
RACA NEGRA;26/09/2025;2025;ESPACO UNIMED;320;440;460;400;0;0;0;0;0;0;0;0;0;0;0;0;0;0;0;0;580;0;0;0;0
CLAUDIA LEITTE;27/09/2025;2025;SUHAI MUSIC HALL;330;0;400;0;0;0;0;0;0;0;0;0;0;0;0;0;0;0;400;0;450;500;0;0;0
SEU JORGE;27/09/2025;2025;VIBRA SAO PAULO;78;0;0;0;0;0;0;0;0;0;0;0;0;0;0;0;0;0;0;0;0;0;0;0;0
KACEY MUSGRAVES;28/09/2025;2025;AUDIO;406;0;0;0;0;0;0;0;0;0;0;0;0;0;0;0;0;0;386;0;0;0;0;0;0
CA7RIEL & PACO AMOROSO;30/09/2025;2025;ALLIANZ PARQUE;590;990;0;890;0;560;0;0;0;0;0;0;0;0;0;0;0;0;0;0;0;0;0;0;0
KENDRICK LAMAR;30/09/2025;2025;ALLIANZ PARQUE;590;990;0;890;0;560;0;0;0;0;0;0;0;0;0;0;0;0;0;0;0;0;0;0;0
DE LA SOUL;02/10/2025;2025;AUDIO;220;0;0;0;0;0;0;0;0;0;0;0;0;0;0;0;0;0;0;0;0;0;0;0;0
LAGUM;03/10/2025;2025;ESPACO UNIMED;220;0;260;0;0;0;0;0;0;0;0;0;0;0;0;0;0;0;0;0;0;0;0;0;0
ANAVITORIA;04/10/2025;2025;ESPACO UNIMED;110;150;320;0;0;0;0;0;0;0;0;0;0;0;0;0;0;0;0;0;0;0;0;0;0
MARIA BETHANIA;04/10/2025;2025;TOKIO MARINE HALL;580;720;980;940;0;440;0;0;0;0;0;0;0;0;0;0;0;0;0;0;820;980;0;0;0
ANAVITORIA;05/10/2025;2025;ESPACO UNIMED;110;150;320;0;0;0;0;0;0;0;0;0;0;0;0;0;0;0;0;0;0;0;0;0;0
MARIA BETHANIA;05/10/2025;2025;TOKIO MARINE HALL;580;720;980;940;0;440;0;0;0;0;0;0;0;0;0;0;0;0;0;0;820;980;0;0;0
KENNY G;10/10/2025;2025;ESPACO UNIMED;550;740;770;0;0;0;0;0;0;0;0;0;0;0;0;0;0;0;540;900;0;0;0;0;0
ANA CASTELA;11/10/2025;2025;SUHAI MUSIC HALL;230;0;250;150;0;0;0;0;0;0;0;0;0;0;0;0;0;0;0;0;0;0;0;0;0
MARIA BETHANIA;11/10/2025;2025;TOKIO MARINE HALL;580;720;980;940;0;440;0;0;0;0;0;0;0;0;0;0;0;0;0;0;820;980;0;0;0
MARIA BETHANIA;12/10/2025;2025;TOKIO MARINE HALL;580;720;980;940;0;440;0;0;0;0;0;0;0;0;0;0;0;0;0;0;820;980;0;0;0
THE CALLING;12/10/2025;2025;AUDIO;300;400;400;0;0;0;0;0;0;0;0;0;0;0;0;0;0;0;0;0;0;0;0;0;0
CAROL BIAZIN;17/10/2025;2025;MERCADO LIVRE ARENA PACAEMBU;;;;;;;;;;;;;;;;;;;;;;;;;
GILBERTO GIL;17/10/2025;2025;ALLIANZ PARQUE;0;530;0;380;0;230;0;0;0;0;0;0;0;0;0;0;0;0;0;0;0;0;0;0;0
LUISA SONZA;17/10/2025;2025;MERCADO LIVRE ARENA PACAEMBU;162,15;0;0;0;0;0;0;0;0;0;0;0;0;0;0;0;0;0;0;0;0;0;0;0;0
MC LIVINHO;17/10/2025;2025;MERCADO LIVRE ARENA PACAEMBU;162,15;0;0;0;0;0;0;0;0;0;0;0;0;0;0;0;0;0;0;0;0;0;0;0;0
TOQUINHO;17/10/2025;2025;ESPACO UNIMED;220;340;380;0;0;0;0;0;0;0;0;0;0;0;0;0;0;0;0;0;520;0;0;0;0
GILBERTO GIL;18/10/2025;2025;ALLIANZ PARQUE;0;530;0;380;0;230;0;0;0;0;0;0;0;0;0;0;0;0;0;0;0;0;0;0;0
MARIA BETHANIA;19/10/2025;2025;TOKIO MARINE HALL;580;720;980;940;0;440;0;0;0;0;0;0;0;0;0;0;0;0;0;0;820;980;0;0;0
RAUW ALEJANDRO;22/10/2025;2025;VIBRA SAO PAULO;550;860;885;0;0;450;0;0;0;0;0;0;3898;0;0;0;11709;0;0;0;2596;0;0;0;0
OCEAN ALLEY;23/10/2025;2025;AUDIO;160;0;0;0;0;0;0;0;0;0;0;0;0;0;0;0;0;0;0;0;0;0;0;0;0
OS PARALAMAS DO SUCESSO;24/10/2025;2025;ESPACO UNIMED;0;260;530;0;0;0;0;0;0;0;0;0;0;0;0;0;0;0;0;0;0;0;0;0;0
P1HARMONY;24/10/2025;2025;VIBRA SAO PAULO;750;820;700;0;0;500;0;0;0;0;0;0;0;0;0;0;0;0;0;0;1500;2000;0;0;0
SKILLET;24/10/2025;2025;AUDIO;540;0;0;0;0;0;0;0;0;0;0;0;0;0;0;0;0;0;0;0;590;0;0;0;0
FERRUGEM;25/10/2025;2025;NEO QUIMICA ARENA;160;0;0;0;0;0;0;0;0;0;0;0;0;0;0;0;0;0;0;0;0;0;0;0;0
GUNS N' ROSES;25/10/2025;2025;ALLIANZ PARQUE;590;1080;0;0;0;0;0;0;0;0;0;0;0;0;0;0;0;0;0;0;0;0;0;0;0
IVETE SANGALO;25/10/2025;2025;JOCKEY CLUB;380;720;0;0;0;0;0;0;0;570;0;0;0;0;0;0;0;0;0;0;0;0;0;0;0
MARIA BETHANIA;25/10/2025;2025;TOKIO MARINE HALL;580;720;980;940;0;440;0;0;0;0;0;0;0;0;0;0;0;0;0;0;820;980;0;0;0
PABLLO VITTAR;25/10/2025;2025;VIBRA SAO PAULO;105;0;0;0;0;0;0;0;0;0;0;0;0;0;0;0;0;0;0;0;0;0;0;0;0
RAIMUNDOS;25/10/2025;2025;ALLIANZ PARQUE;590;1080;0;0;0;0;0;0;0;0;0;0;0;0;0;0;0;0;0;0;0;0;0;0;0
TIAGO IORC;25/10/2025;2025;NEO QUIMICA ARENA;;;;;;;;;;;;;;;;;;;;;;;;;
VEIGH;25/10/2025;2025;ESPACO UNIMED;135;0;485;0;0;0;0;0;0;0;0;0;0;0;0;0;0;0;465;0;477;777;0;0;0
MARIA BETHANIA;26/10/2025;2025;TOKIO MARINE HALL;580;720;980;940;0;440;0;0;0;0;0;0;0;0;0;0;0;0;0;0;820;980;0;0;0
BACO EXU DO BLUES;31/10/2025;2025;ESPACO UNIMED;160;0;265;0;0;0;0;0;0;0;0;0;0;0;0;0;0;0;0;0;0;0;0;0;0
IMAGINE DRAGONS;31/10/2025;2025;MORUMBIS;700;1500;0;0;0;0;0;0;0;0;0;0;0;0;0;0;0;0;0;0;0;0;0;0;0
LAGUM;31/10/2025;2025;MORUMBIS;700;1500;0;0;0;0;0;0;0;0;0;0;0;0;0;0;0;0;0;0;0;0;0;0;0
NANDO REIS;31/10/2025;2025;SUHAI MUSIC HALL;200;340;0;0;0;0;0;0;0;0;0;0;0;0;0;0;0;0;0;0;0;0;0;0;0
GUSTAVO MIOTO;01/11/2025;2025;ESPACO UNIMED;100;200;300;0;0;0;0;0;0;0;0;0;0;0;0;0;0;0;0;0;0;0;0;0;0
IMAGINE DRAGONS;01/11/2025;2025;MORUMBIS;700;1500;0;0;0;0;0;0;0;0;0;0;0;0;0;0;0;0;0;0;0;0;0;0;0
LAGUM;01/11/2025;2025;MORUMBIS;700;1500;0;0;0;0;0;0;0;0;0;0;0;0;0;0;0;0;0;0;0;0;0;0;0
L'IMPERATRICE;04/11/2025;2025;AUDIO;355;0;0;0;0;0;0;0;0;0;0;0;0;0;0;0;0;0;455;0;0;0;0;0;0
TASH SULTANA;05/11/2025;2025;AUDIO;425;0;0;0;0;0;0;0;0;0;0;0;0;0;0;0;0;0;465;0;0;0;0;0;0
DAMIANO DAVID;07/11/2025;2025;TOKIO MARINE HALL;390;540;570;490;0;490;0;0;0;0;0;0;0;0;0;0;0;0;0;0;0;0;0;0;0
BILLY IDOL;08/11/2025;2025;VIBRA SAO PAULO;790;300;930;0;0;470;0;0;0;0;0;0;0;0;0;0;0;0;0;0;0;0;0;0;0
CPM 22;08/11/2025;2025;EXPO BARRA FUNDA;0;0;0;0;0;0;0;0;0;0;0;0;0;0;0;0;0;0;0;0;0;0;0;0;0
LINKIN PARK;08/11/2025;2025;MORUMBIS;550;860;890;0;0;420;0;0;0;0;0;0;0;0;0;0;11709;0;0;0;0;0;0;0;0
MATUE;08/11/2025;2025;KOMPLEXO TEMPO;100;0;600;0;0;0;0;0;0;0;0;0;0;0;0;0;0;0;0;200;0;0;0;0;0
POPPY;08/11/2025;2025;MORUMBIS;550;860;890;0;0;420;0;0;0;0;0;0;0;0;0;0;11709;0;0;0;0;0;0;0;0
CHASE ATLANTIC;09/11/2025;2025;SUHAI MUSIC HALL;490;690;820;0;0;0;0;0;0;0;0;0;0;0;0;0;0;0;780;0;0;0;0;0;0
POLO & PAN;12/11/2025;2025;AUDIO;400;0;450;0;0;0;0;0;0;0;0;0;0;0;0;0;0;0;0;0;990;0;0;0;0
JAMES;13/11/2025;2025;AUDIO;585;785;685;0;0;0;0;0;0;0;0;0;0;0;0;0;0;0;0;0;0;0;0;0;0
MASSIVE ATTACK;13/11/2025;2025;ESPACO UNIMED;535;995;1295;0;0;0;0;0;0;0;0;0;0;0;0;0;0;0;1125;0;0;0;0;0;0
CAPITAL INICIAL;14/11/2025;2025;ESPACO UNIMED;200;320;420;0;0;0;0;0;0;0;0;0;0;0;0;0;0;0;0;0;0;0;0;0;0
ROBERTO CARLOS;14/11/2025;2025;SUHAI MUSIC HALL;510;830;1200;0;0;0;0;0;0;0;0;0;0;0;0;0;0;0;300;0;860;800;0;0;0
CAPITAL INICIAL;15/11/2025;2025;ESPACO UNIMED;200;320;420;0;0;0;0;0;0;0;0;0;0;0;0;0;0;0;0;0;0;0;0;0;0
DUA LIPA;15/11/2025;2025;MORUMBIS;420;750;520;520;0;320;0;0;0;0;0;0;0;0;0;0;0;0;0;0;0;0;0;0;0
MOLCHAT DOMA;15/11/2025;2025;TOKIO MARINE HALL;360;420;320;400;0;500;0;0;0;0;0;0;0;0;0;0;0;0;0;0;0;0;0;0;0
ROBERTO CARLOS;15/11/2025;2025;SUHAI MUSIC HALL;510;830;1200;0;0;0;0;0;0;0;0;0;0;0;0;0;0;0;300;0;860;800;0;0;0
BOYCE AVENUE;18/11/2025;2025;AUDIO;175;0;0;0;0;0;0;0;0;0;0;0;0;0;0;0;0;0;0;0;0;0;0;0;0
SEU JORGE;18/11/2025;2025;ESPACO UNIMED;340;0;460;0;0;0;0;0;0;0;0;0;0;0;0;0;0;0;0;0;0;0;0;0;0
DJONGA;19/11/2025;2025;ESPACO UNIMED;160;0;0;0;0;0;0;0;0;0;0;0;0;0;0;0;0;0;0;0;0;0;0;0;0
OS GAROTIN;20/11/2025;2025;AUDIO;175;0;0;0;0;0;0;0;0;0;0;0;0;0;0;0;0;0;0;0;0;0;0;0;0
ALEE;21/11/2025;2025;NEO QUIMICA ARENA;110;0;0;0;0;0;0;0;0;0;0;0;0;0;0;0;0;0;0;0;0;0;0;0;0
ANDREA BOCELLI;21/11/2025;2025;MERCADO LIVRE ARENA PACAEMBU;0;0;0;1580;0;790;0;0;7900;0;0;0;0;0;0;0;0;0;0;0;0;0;0;0;0
CAIO LUCCAS;21/11/2025;2025;NEO QUIMICA ARENA;110;0;0;0;0;0;0;0;0;0;0;0;0;0;0;0;0;0;0;0;0;0;0;0;0
CHITAOZINHO & XORORO;21/11/2025;2025;ESPACO UNIMED;380;540;700;0;0;0;0;0;0;0;0;0;0;0;0;0;0;0;0;0;0;0;0;0;0
TZ DA CORONEL;21/11/2025;2025;NEO QUIMICA ARENA;110;0;0;0;0;0;0;0;0;0;0;0;0;0;0;0;0;0;0;0;0;0;0;0;0
ANDREA BOCELLI;22/11/2025;2025;MERCADO LIVRE ARENA PACAEMBU;0;0;0;1580;0;790;0;0;7900;0;0;0;0;0;0;0;0;0;0;0;0;0;0;0;0
CHITAOZINHO & XORORO;22/11/2025;2025;ESPACO UNIMED;380;540;700;0;0;0;0;0;0;0;0;0;0;0;0;0;0;0;0;0;0;0;0;0;0
KAASH PAIGE;22/11/2025;2025;NEO QUIMICA ARENA;110;0;0;0;0;0;0;0;0;0;0;0;0;0;0;0;0;0;0;0;0;0;0;0;0
MAJOR RD;22/11/2025;2025;NEO QUIMICA ARENA;110;0;0;0;0;0;0;0;0;0;0;0;0;0;0;0;0;0;0;0;0;0;0;0;0
OASIS;22/11/2025;2025;MORUMBIS;590;1250;0;0;0;0;0;0;0;0;0;0;0;0;0;0;0;0;0;0;0;0;0;0;0
MATUE;23/11/2025;2025;NEO QUIMICA ARENA;110;0;0;0;0;0;0;0;0;0;0;0;0;0;0;0;0;0;0;0;0;0;0;0;0
MC HARIEL;23/11/2025;2025;SUHAI MUSIC HALL;120;180;170;0;0;0;0;0;0;0;0;0;0;0;0;0;0;0;160;0;0;0;0;0;0
MC LIVINHO;23/11/2025;2025;SUHAI MUSIC HALL;120;180;170;0;0;0;0;0;0;0;0;0;0;0;0;0;0;0;160;0;0;0;0;0;0
OASIS;23/11/2025;2025;MORUMBIS;590;1250;0;0;0;0;0;0;0;0;0;0;0;0;0;0;0;0;0;0;0;0;0;0;0
SKEPTA;23/11/2025;2025;NEO QUIMICA ARENA;110;0;0;0;0;0;0;0;0;0;0;0;0;0;0;0;0;0;0;0;0;0;0;0;0
YOUNG THUG;23/11/2025;2025;NEO QUIMICA ARENA;110;0;0;0;0;0;0;0;0;0;0;0;0;0;0;0;0;0;0;0;0;0;0;0;0
YUNK VINO;23/11/2025;2025;NEO QUIMICA ARENA;110;0;0;0;0;0;0;0;0;0;0;0;0;0;0;0;0;0;0;0;0;0;0;0;0
