nome,id_spotify,generos,popularidade,seguidores,imagem,fonte
KAROL G,790FomKkXshlbRYZFtlgla,"reggaeton, latin, urbano latino",88,60932975,https://i.scdn.co/image/ab6761610000e5eb66041ce9eb4497057cbc3496,nova consulta
Shawn Mendes,7n2wHs1TKAczGzO7Dd2rGr,,83,45831466,https://i.scdn.co/image/ab6761610000e5eb58b4b9419486550f6fda0535,nova consulta
Marília Mendonça,1yR65psqiazQpeM79CcGh8,"sertanejo, sertanejo universitário, arrocha, forró",79,38724422,https://i.scdn.co/image/ab6761610000e5eb82541986e1e91ecd556ef72c,nova consulta
Guns N' Roses,3qm84nBOXUEQ2vnTfUTTFC,"rock, glam metal, hard rock, classic rock",81,35487701,https://i.scdn.co/image/ab6761610000e5eb50defaf9fc059a1efc541f4c,nova consulta
AC/DC,711MCceyCBcFnzjGY4Q7Un,"rock, hard rock, classic rock, rock and roll",82,32511106,https://i.scdn.co/image/ab6761610000e5ebc4c77549095c86acb4e77b37,nova consulta
Henrique & Juliano,3p7PcrEHaaKLJnPUGOtRlT,"sertanejo, sertanejo universitário, arrocha, agronejo",86,30491947,https://i.scdn.co/image/ab6761610000e5eb30f0dc81183daaee971c2601,nova consulta
Chris Brown,7bXgB6jMjp9ATFy66eO08Z,r&b,89,28665336,https://i.scdn.co/image/ab6761610000e5eba48397e590a1c70e2cda7728,nova consulta
Demi Lovato,6S2OmqARrzebs0tKUEyXyp,,79,27283542,https://i.scdn.co/image/ab6761610000e5eb42d7061876b87861d7c8f3fb,nova consulta
TWICE,7n2Ycct7Beij7Dj7meI4X0,k-pop,84,23568555,https://i.scdn.co/image/ab6761610000e5eb3d8820046fd455b38d644864,nova consulta
Zé Neto & Cristiano,487N2T9nIPEHrlTZLL3SQs,"sertanejo, sertanejo universitário, agronejo, arrocha",80,22985794,https://i.scdn.co/image/ab6761610000e5ebc76b86b0ae0aec212d7eea0f,nova consulta
Pink Floyd,0k17h0D3J5VfsdmQ1iZtE9,"progressive rock, psychedelic rock, classic rock, art rock, rock",81,22839284,https://i.scdn.co/image/ab6761610000e5eb97885ce689d644c91dfba05c,nova consulta
James Arthur,4IWBUUAFIplrNtaOHcJPRM,soft pop,81,20942728,https://i.scdn.co/image/ab6761610000e5eb5a55e66595e80fb12dc5f5fa,nova consulta
RM,2auC28zjQyVTsiZKNgPRGs,"k-pop, k-rap",72,17797238,https://i.scdn.co/image/ab6761610000e5eb847fe9bbfef3acf7981acd2a,nova consulta
Fifth Harmony,1l8Fu6IkuTP0U5QetQJ5Xt,,70,16211196,https://i.scdn.co/image/ab6761610000e5eb5acb3cb0a8b87d3952738b97,nova consulta
Aerosmith,7Ey4PD4MYsKc5I2dolUwbH,"classic rock, rock",77,16146027,https://i.scdn.co/image/ab6761610000e5ebc5733401b4689b2064458e7d,nova consulta
Led Zeppelin,36QJpDe2go2KgaRleHCDTp,"classic rock, rock, hard rock, rock and roll",77,16060292,https://i.scdn.co/image/207803ce008388d3427a685254f9de6a8f61dc2e,nova consulta
ABBA,0LcJLqbBmaGUft1e9Mm8HV,,81,15024584,https://i.scdn.co/image/ab6761610000e5eb81a5ec3c9b4a6750440904d8,nova consulta
Maiara & Maraisa,59jlthNnbmim5l9tmNA7se,"sertanejo, sertanejo universitário, piseiro",72,14756977,https://i.scdn.co/image/ab6761610000e5eb1e6bb2217bfd6a497a908246,nova consulta
Slipknot,05fG473iIaoy82BF1aGhL8,"nu metal, metal, alternative metal, rap metal, heavy metal",79,14227101,https://i.scdn.co/image/ab6761610000e5ebd0cdb283a7384a0edb665182,nova consulta
System Of A Down,5eAWCfyUhZtHHtBdNk56l1,"nu metal, metal, alternative metal, rap metal, rock",82,14158926,https://i.scdn.co/image/ab6761610000e5eb60063d3451ade8f9fab397c2,nova consulta
USHER,23zg3TcAtWQy7J6upgbUnj,r&b,82,13877580,https://i.scdn.co/image/ab6761610000e5eb716114797a4a644c67c5fa72,nova consulta
Jennifer Lopez,2DlGxzQSjYe5N6G9nkYghR,,76,13750515,https://i.scdn.co/image/ab6761610000e5eb48e24f77a03f78a00cfda0bb,nova consulta
U2,51Blml2LZPmy7TTiAg47vQ,rock,77,13651862,https://i.scdn.co/image/ab6761610000e5ebe62be215d2ee31bcd97edaba,nova consulta
Matheus & Kauan,2Z0lRIqr997lIUiPtrpKCr,"sertanejo, sertanejo universitário, arrocha, agronejo",79,13149358,https://i.scdn.co/image/ab6761610000e5ebd73644778d6848a6a8fd381b,nova consulta
Alicia Keys,3DiDSECUqqY1AuBP8qtaIa,"r&b, neo soul",80,12980539,https://i.scdn.co/image/ab6761610000e5eb4518cf16a45e35fc0cc82862,nova consulta
Oasis,2DaxqgrOhkeH0fpeiQq2f4,"britpop, madchester",82,12561017,https://i.scdn.co/image/ab6761610000e5ebb4ddbc39706ef0f2ae0f7c9b,nova consulta
Jason Derulo,07YZf4WDAMNwqr4jfgOZ8y,,77,12478601,https://i.scdn.co/image/ab6761610000e5eb94cf6c87c82ddb0eade61eb0,nova consulta
TOMORROW X TOGETHER,0ghlgldX5Dd6720Q3qFyQB,k-pop,77,12112033,https://i.scdn.co/image/ab6761610000e5eb1c81416bbbfe539adb9d7050,nova consulta
Mariah Carey,4iHNK0tOyZPYnBU7nGAgpQ,christmas,83,12057764,https://i.scdn.co/image/ab6761610000e5ebd0a27777aaeb1725add6ace8,nova consulta
NewJeans,6HvZYsbFfjnjFrWF950C9d,k-pop,79,11791921,https://i.scdn.co/image/ab6761610000e5eb80668ba2b15094d083780ea9,nova consulta
Hungria,0vLuOi2k62sHujIfplInlK,brazilian hip hop,75,11507783,https://i.scdn.co/image/ab6761610000e5eb7c82ddc68c54bcffb9f7a034,nova consulta
KISS,07XSN3sPlIlB2L2XNcTwJw,"glam rock, glam metal, hard rock, rock, classic rock",73,11100932,https://i.scdn.co/image/ab6761610000e5ebd8205a492a79bfe4b34c567a,nova consulta
Mc Kevin,5pBMkZNIlbGTH3hrsQJqAa,"brazilian funk, funk consciente, trap funk",74,11072658,https://i.scdn.co/image/ab6761610000e5ebc47da47379dcb83b960c0498,nova consulta
i-dle,2AfmfGFbe0A0WsTYm0SDTx,k-pop,70,11032507,https://i.scdn.co/image/ab6761610000e5eb732a090e736faef27779d24e,nova consulta
Iron Maiden,6mdiAmATAx73kdxrNrnlao,"heavy metal, metal, hard rock, rock",73,10420194,https://i.scdn.co/image/ab6761610000e5ebf9978ad4808f6f2723124d19,nova consulta
Ne-Yo,21E3waRsmPlU7jZsS13rcj,,82,10314451,https://i.scdn.co/image/ab6761610000e5ebca118e3822061f7b7f6bc537,nova consulta
EXO,3cjEqqelV9zb4BYE3qDQ4O,k-pop,68,10234088,https://i.scdn.co/image/ab6761610000e5ebaf3c4b988a6fef40843cdc83,nova consulta
Pearl Jam,1w5Kfo2jwwIPruYS2UWh56,"grunge, rock, post-grunge",76,9980029,https://i.scdn.co/image/ab6761610000e5ebe431fb8ba17cdee73e4ce08a,nova consulta
aespa,6YVMFz59CuY7ngCxTxjpxE,k-pop,78,9913150,https://i.scdn.co/image/ab6761610000e5eb18d4cb767d2dfe5f4b28ba07,nova consulta
Bebe Rexha,64M6ah0SkkRsnPGtGiRAbb,,77,9879276,https://i.scdn.co/image/ab6761610000e5ebead1540fa76796266fadba33,nova consulta
Korn,3RNrq3jvMZxD9ZyoOZbQOD,"nu metal, metal, rap metal, alternative metal",77,9815507,https://i.scdn.co/image/ab6761610000e5eb29af2ffb6f4ddd6324f878bc,nova consulta
Jin,5vV3bFXnN6D6N3Nj4xRvaV,k-pop,80,9797578,https://i.scdn.co/image/ab6761610000e5eb88d8bdd33e8395f94af933b7,nova consulta
Racionais MC's,29CQLw9uLWsl8Qkz9holfr,"brazilian hip hop, rap, boom bap",71,9693334,https://i.scdn.co/image/ab6761610000e5ebc5e924dc29f1dbe7eda0bba8,nova consulta
Red Velvet,1z4g3DjTBBZKhvAroFlhOM,k-pop,68,9629204,https://i.scdn.co/image/ab6761610000e5eb02a562ea6b1dc718394010ac,nova consulta
Bee Gees,1LZEQNv7sE11VDY3SdxQeN,disco,77,9421696,https://i.scdn.co/image/1d5a05673975ba0c378cd280344e000b0b865620,nova consulta
Charlie Brown Jr.,1on7ZQ2pvgeQF4vmIA09x5,"brazilian rock, mpb, brazilian pop",75,9248817,https://i.scdn.co/image/ab6761610000e5eb67bc48f32d1cc16497865361,nova consulta
ITZY,2KC9Qb60EaY0kW4eH68vr3,k-pop,69,8949833,https://i.scdn.co/image/ab6761610000e5eb81c00b4e062603d8159b1ad8,nova consulta
Dire Straits,0WwSkZ7LtFUFjGjMZBMt6T,classic rock,79,8923021,https://i.scdn.co/image/ab6761610000e5eb4bdaa8c5e65b64f50549c393,nova consulta
Scorpions,27T030eWyCQRmDyuvr1kxY,"hard rock, glam metal, rock",75,8673796,https://i.scdn.co/image/ab6761610000e5eb7440170c0628c2945da819c3,nova consulta
LUDMILLA,3CDoRporvSjdzTrm99a3gi,"pagode, brazilian pop, funk pop, brazilian funk, pagode baiano, funk carioca",74,8374022,https://i.scdn.co/image/ab6761610000e5eba021927cf2c740f6c968e29f,nova consulta
Limp Bizkit,165ZgPlLkK7bf5bDoFc6Sb,"nu metal, rap metal, alternative metal, rap rock",80,8305434,https://i.scdn.co/image/4654955890cb62a6abe9daadfd2b3ecdee8036e4,nova consulta
Destiny's Child,1Y8cdNmUJH7yBTd9yOvr5i,,71,8199098,https://i.scdn.co/image/ab6761610000e5ebf75e64532704bd6acf0b4e76,nova consulta
LE SSERAFIM,4SpbR6yFEvexJuaBpgAU5p,k-pop,81,8185571,https://i.scdn.co/image/ab6761610000e5eb9095683b555d7c16fd3b633f,nova consulta
The Smiths,3yY2gUcIsjMr8hjo51PoJ8,"new wave, madchester, jangle pop",79,7826659,https://i.scdn.co/image/481b980af463122013e4578c08fb8c5cbfaed1e9,nova consulta
Trey Songz,2iojnBLj0qIMiKPvVhLnsH,r&b,71,7759778,https://i.scdn.co/image/ab6761610000e5ebc7b9e9a3adcc3f5cbc92fb0b,nova consulta
7 Minutoz,2563ILWHSx52eOxOoi5rJW,"anime rap, anime",65,7740111,https://i.scdn.co/image/ab6761610000e5eb9aeb71d29f736120ddc00620,nova consulta
Ozzy Osbourne,6ZLTlhejhndI4Rh53vYhrY,"metal, glam metal, heavy metal, hard rock",76,7680565,https://i.scdn.co/image/ab6761610000e5ebb5b52f7e13f720c7a4856306,nova consulta
ANAVITÓRIA,1sPg5EHuQXTMElpZ4iUgXe,"mpb, nova mpb, brazilian pop",73,7480017,https://i.scdn.co/image/ab6761610000e5eb7bf0675e8644f27233931f91,nova consulta
Depeche Mode,762310PdDnwsDxAQxzQkfX,"new wave, synthpop, darkwave",75,7429613,https://i.scdn.co/image/ab6761610000e5ebaff13c9484fdad590ccfb73c,nova consulta
Jimi Hendrix,776Uo845nYHJpNaStv1Ds4,"psychedelic rock, classic rock, acid rock, blues rock",68,7398722,https://i.scdn.co/image/ab6761610000e5eb90c8b988fa6e6b40e0d0bf81,nova consulta
Ciara,2NdeV5rLm47xAvogXrYhJX,,71,7369202,https://i.scdn.co/image/ab6761610000e5eb5d1fbc6d7d17e7ba6b587eaf,nova consulta
Legião Urbana,6tw6EpC9RgmSRZiZg0n22t,"brazilian rock, mpb, brazilian pop",70,7297331,https://i.scdn.co/image/cd410bc7c6e3591f65d9c9ee9516d2e96acfed42,nova consulta
MC Kevinho,1mXAhKnZEdF6rotyyd4GBi,"brazilian funk, funk pop",64,7022367,https://i.scdn.co/image/ab6761610000e5eb86190b5139bb76e03b0d35b1,nova consulta
Freddie Mercury,4M1FpEWs2PeYfJe7xxJfhH,,59,7008639,https://i.scdn.co/image/ab6761610000e5eb1052b77abd7f89485562d797,nova consulta
Bruno & Marrone,5JXhkyafynxCvxtov7C1PV,"sertanejo, sertanejo tradicional, sertanejo universitário",75,6920778,https://i.scdn.co/image/ab6761610000e5eb89ab81f9f79756a4127d6224,nova consulta
Van Halen,2cnMpRsOVqtPMfq7YiFE6K,"glam metal, classic rock, rock, hard rock",72,6884741,https://i.scdn.co/image/ab6761610000e5ebd8475001d2700686e1008dfb,nova consulta
Ado,6mEQK9m2krja6X1cfsAjfl,"j-pop, anime, vocaloid, j-rock",76,6818163,https://i.scdn.co/image/ab6761610000e5ebbcb1c184c322688f10cdce7a,nova consulta
The Cure,7bu3H8JO7d0UbMoVzbo70s,"new wave, post-punk, gothic rock, darkwave",77,6718585,https://i.scdn.co/image/ab6761610000e5ebdd427c765c409ec02dc3a868,nova consulta
GOT7,6nfDaffa50mKtEOwR8g4df,k-pop,62,6701303,https://i.scdn.co/image/ab6761610000e5eb51636490d389e8d2ab96026e,nova consulta
Luísa Sonza,4PzYKhC14sTJNEr0dzoo0d,"brazilian pop, funk pop, brazilian funk",73,6634171,https://i.scdn.co/image/ab6761610000e5eb29651ca8a99a50f86e36a699,nova consulta
Ferrugem,5ZfBThYiIIhL7jHMG8gDB2,"pagode, samba",76,6361386,https://i.scdn.co/image/ab6761610000e5ebd25f86760d4360b22f8696da,nova consulta
IVE,6RHTUrRF63xao58xh9FXYJ,k-pop,72,6333030,https://i.scdn.co/image/ab6761610000e5eba9c8608865ca7eded5520359,nova consulta
The Pussycat Dolls,6wPhSqRtPu1UhRCDX5yaDJ,,71,6314692,https://i.scdn.co/image/ab6761610000e5eb292575f7d081016e04dff9ee,nova consulta
Zé Vaqueiro,5K8Rmjmf4RZFffz94EmBRt,"piseiro, forró, sertanejo, arrocha, brega, seresta",69,6257145,https://i.scdn.co/image/ab6761610000e5eb8883394e7e37041127647a2a,nova consulta
Megadeth,1Yox196W7bzVNZI7RBaPnf,"thrash metal, metal, heavy metal, speed metal",71,6200179,https://i.scdn.co/image/ab6761610000e5ebd5233fdc8cad84de5b366f1b,nova consulta
The Smashing Pumpkins,40Yq4vzPs9VNUrIBG5Jr2i,"alternative rock, rock",75,6132631,https://i.scdn.co/image/ab6761610000e5eba7f80939b43d9efe1ca73a22,nova consulta
Akon,0z4gvV4rjIZ9wHck67ucSV,,83,6092110,https://i.scdn.co/image/ab6761610000e5eb8c5984726ddb2c2d90ada28d,nova consulta
Deep Purple,568ZhdwyaiCyOGJRtNYhWf,"hard rock, classic rock, rock",67,6013341,https://i.scdn.co/image/ab6761610000e5eb3a475812e97ee788cfd5fd1a,nova consulta
KATSEYE,3c0gDdb9lhnHGFtP4prQpn,k-pop,84,5937017,https://i.scdn.co/image/ab6761610000e5eb484e326315e09b3f382a7960,nova consulta
Wolfgang Amadeus Mozart,4NJhFmfw43RLBLjQvxDuRS,"classical, opera, requiem, classical piano, chamber music",76,5928957,https://i.scdn.co/image/ab6761610000e5eb7fa9108c6dadb8c3ec21da88,nova consulta
Lynyrd Skynyrd,4MVyzYMgTwdP7Z49wAZHx0,"southern rock, classic rock, rock",74,5925411,https://i.scdn.co/image/ab6761610000e5eb3d3ff3d4ebad10d2d2724470,nova consulta
The Who,67ea9eGLXYMsO2eYQRui3w,"classic rock, rock",67,5850708,https://i.scdn.co/image/ab6772690000c46c456d5397bdf11547ef38ca93,nova consulta
Cristiano Araújo,4HF14RSTZQcEafvfPCFEpI,"sertanejo, sertanejo universitário, arrocha",65,5772050,https://i.scdn.co/image/ab6761610000e5ebf38f954f74a726b4b6cf2147,nova consulta
Ludwig van Beethoven,2wOqMjp9TyABvtHdOSOTUS,"classical, classical piano, chamber music",72,5740196,https://i.scdn.co/image/ab6761610000e5eba636b0b244253f602a629796,nova consulta
HWASA,7bmYpVgQub656uNTu6qGNQ,k-pop,61,5664335,https://i.scdn.co/image/ab6761610000e5eb8f9fae0a4883b92545cabe60,nova consulta
Marcos & Belutti,0NsJZ5PMjqghGDuMzY7CuT,"sertanejo, sertanejo universitário",63,5550697,https://i.scdn.co/image/ab6761610000e5eb52b5d3dd8969c777a41e8105,nova consulta
Simone & Simaria,0MInKJqZscEeNc5K3K0mkE,"sertanejo, sertanejo universitário, forró, arrocha, brazilian pop",62,5421427,https://i.scdn.co/image/ab6761610000e5eba108594c6d9e69bd76ee9ce0,nova consulta
ATEEZ,68KmkJeZGfwe1OUaivBa2L,"k-pop, noise music",75,5416872,https://i.scdn.co/image/ab6761610000e5eba1e2f0d5061ccdcb38398d94,nova consulta
R.E.M.,4KWTAlx2RvbpseOGMEmROg,"jangle pop, alternative rock, rock",74,5402769,https://i.scdn.co/image/ab6761610000e5eb6334ab6a83196f36475ada7f,nova consulta
Air Supply,4xXCRXOfQKQ2gjWxNhNzYW,soft rock,72,5360558,https://i.scdn.co/image/ab6761610000e5eb79bedf7da0a906b84128f3af,nova consulta
Melim,6uYrXgVHctAJtIdSODcyLJ,"mpb, brazilian pop, nova mpb",64,5311585,https://i.scdn.co/image/ab6761610000e5eb3f0c6b68f45a8f1111b5f742,nova consulta
Mc Don Juan,7Lmrb6KcIzfkmgbtokjsAL,"brazilian funk, funk consciente, trap funk",74,5291358,https://i.scdn.co/image/ab6761610000e5ebab559c0d48ef955cecd4555d,nova consulta
Audioslave,2ziB7fzrXBoh1HUPS6sVFn,"grunge, post-grunge, alternative metal",72,5190700,https://i.scdn.co/image/ab6761610000e5eb5a865295befda9e060a72cb0,nova consulta
MONSTA X,4TnGh5PKbSjpYqpIdlW5nz,"k-pop, noise music",61,5157556,https://i.scdn.co/image/ab6761610000e5eb28526e1eda2f78513f024fba,nova consulta
Soundgarden,5xUf6j4upBrXZPg6AI4MRK,"grunge, post-grunge, hard rock",70,5132378,https://i.scdn.co/image/ab6761610000e5ebafa254b2a224584485286526,nova consulta
"Earth, Wind & Fire",4QQgXkCYTt3BlENzhyNETg,"funk, disco",74,5122394,https://i.scdn.co/image/ab6761610000e5eb9722e16a886767adf1178f92,nova consulta
Zezé Di Camargo & Luciano,4dyYjqmYDjegbB3F2mbvcT,"sertanejo tradicional, sertanejo",74,5093659,https://i.scdn.co/image/ab6761610000e5eb5542815361f8e1c9d4026efe,nova consulta
Aaliyah,0urTpYCsixqZwgNTkPJOJ4,r&b,66,5060684,https://i.scdn.co/image/ab6761610000e5ebd2493cea701d45401cc79ffd,nova consulta
ZZ Top,2AM4ilv6UzW0uMRuqKtDgN,"southern rock, classic rock, blues rock, rock",69,4961597,https://i.scdn.co/image/ab6772690000c46cad8fafe5fa4ad82e7770f2ae,nova consulta
L7NNON,0JjPiLQNgAFaEkwoy56B1C,"brazilian trap, brazilian hip hop, trap funk, trap, funk carioca",71,4845751,https://i.scdn.co/image/ab6761610000e5eb361b418f923daf2dfe03f7d4,nova consulta
IZA,3zgnrYIltMkgeejmvMCnes,"brazilian pop, funk pop",61,4755251,https://i.scdn.co/image/ab6761610000e5ebdf5471e7c451d863458eba3c,nova consulta
AURORA,1WgXqy2Dd70QQOU7Ay074N,"norwegian pop, art pop",74,4743449,https://i.scdn.co/image/ab6761610000e5ebeefc6f13cec94fe613a6c1c8,nova consulta
Teto,68YeXpLt3jB7JHQS5ZjMGo,"brazilian trap, trap, trap funk, brazilian hip hop",71,4673634,https://i.scdn.co/image/ab6761610000e5eb62f0237b5577c7c670457267,nova consulta
Shinedown,70BYFdaZbEKbeauJ670ysI,"post-grunge, alternative metal, rock",72,4565359,https://i.scdn.co/image/ab6761610000e5ebcf14abc10b18bc3c2373491f,nova consulta
Bruna Karla,0YdeGzSneJdP1NEKY3EFlR,"gospel, brazilian gospel, worship, pentecostal",61,4564307,https://i.scdn.co/image/ab6761610000e5ebda4aaaa76080258d5c505f30,nova consulta
Lionel Richie,3gMaNLQm7D9MornNILzdSl,motown,71,4562452,https://i.scdn.co/image/ab6761610000e5eb002684808eb17d8b3645b57c,nova consulta
Toni Braxton,3X458ddYA2YcVWuVIGGOYe,r&b,67,4559484,https://i.scdn.co/image/ab6761610000e5eb89773feeaeff0e1cb4951d37,nova consulta
Judas Priest,2tRsMl4eGxwoNabM08Dm4I,"heavy metal, metal, hard rock, glam metal",66,4544011,https://i.scdn.co/image/ab6761610000e5eb4b3cfc24737acb15e73e8bd6,nova consulta
TLC,0TImkz4nPqjegtVSMZnMRq,,69,4531711,https://i.scdn.co/image/ab6761610000e5eb7356ae4581e46319f99c813a,nova consulta
Motörhead,1DFr97A9HnbV3SKTJFu62M,"heavy metal, metal, speed metal, hard rock, rock",65,4498719,https://i.scdn.co/image/ab6761610000e5eb4994e37b0535a101ff8a8d52,nova consulta
Mary J. Blige,1XkoF8ryArs86LZvFOkbyr,r&b,72,4415373,https://i.scdn.co/image/ab6761610000e5eb3d7888ba4d2bf67fe6b64a55,nova consulta
Keyshia Cole,1vfezMIyCr4XUdYRaKIKi3,r&b,71,4360818,https://i.scdn.co/image/ab6761610000e5eb432cb55e0b82419302f7cc5a,nova consulta
Creed,43sZBwHjahUvgbx1WNIkIz,post-grunge,75,4360001,https://i.scdn.co/image/ab6761610000e5eb0d86c8971cc4d6fa63d58bae,nova consulta
Sum 41,0qT79UgT5tY4yudH9VfsdT,"pop punk, punk, skate punk",71,4350912,https://i.scdn.co/image/ab6761610000e5eb625af80b68ae4eb559c6c417,nova consulta
Projota,2zGf6lwQ9PxXdoeo5XXP2K,"brazilian hip hop, brazilian pop",62,4345147,https://i.scdn.co/image/ab6761610000e5eb0ef9fa4ede33f87f2911302e,nova consulta
NCT U,3paGCCtX1Xr4Gx53mSeZuQ,"k-pop, noise music",59,4345024,https://i.scdn.co/image/ab6761610000e5eb38c136f067600bd431dd9b93,nova consulta
KayBlack,2h5Ha0ZiMFmOQD3iYcSXsy,"brazilian trap, trap funk, trap, brazilian hip hop",73,4300706,https://i.scdn.co/image/ab6761610000e5eba52eb8324be9da54c529d78f,nova consulta
Jackson Wang,1kfWoWgCugPkyxQP8lkRlY,k-pop,62,4293839,https://i.scdn.co/image/ab6761610000e5eb696194c84834e1c1782958c3,nova consulta
Baco Exu do Blues,78nr1pVnDR7qZH6QbVMYZf,"brazilian hip hop, brazilian trap",72,4285505,https://i.scdn.co/image/ab6761610000e5ebca03bdb105d972069aea55d4,nova consulta
Anderson Freire,1HxtfSGL8pWUwAyVgpbU5B,"gospel, brazilian gospel, worship, pentecostal",61,4204400,https://i.scdn.co/image/ab6761610000e5ebcd6c889e3da0b84988bd616b,nova consulta
Brandy,05oH07COxkXKIMt6mIPRee,r&b,68,4147118,https://i.scdn.co/image/ab6761610000e5eb0475a5b9a265a25e5dcafae8,nova consulta
Tears For Fears,4bthk9UfsYUYdcFyqxmSUU,"new wave, synthpop",75,4144967,https://i.scdn.co/image/ab6761610000e5eb1e63dea1bded4ae1d53b5c9a,nova consulta
The Black Keys,7mnBLXK823vNxN3UWB7Gfz,"blues rock, garage rock, modern blues, rock",69,4144122,https://i.scdn.co/image/ab6761610000e5eb2383f032c2aebc76cf3780ed,nova consulta
Tribo da Periferia,1xxS2WrLlgl9QNGEUCsbPG,brazilian hip hop,71,4141363,https://i.scdn.co/image/ab6761610000e5eb765b8922797f358f028db9bc,nova consulta
Thiaguinho,1vppDmG3i5sXf3DJzrK4T1,"pagode, samba",74,4135736,https://i.scdn.co/image/ab6761610000e5eb286d5d78a231f1e78225a48a,nova consulta
James Bay,4EzkuveR9pLvDVFNx6foYD,,68,4109500,https://i.scdn.co/image/ab6761610000e5eb58d57084e75247d33ce25eaf,nova consulta
Mc Davi,1cYhx7ZOhYoVmnDPb9KMwo,"brazilian funk, funk consciente, trap funk",71,4062249,https://i.scdn.co/image/ab6761610000e5eb489d453e5d9e3835c0dae37e,nova consulta
Alice Cooper,3EhbVgyfGd7HkpsagwL9GS,"glam rock, hard rock, glam metal, proto-punk, classic rock",63,4051646,https://i.scdn.co/image/ab6761610000e5eb33b97c45348420d27fb92d68,nova consulta
Mario,20s0P9QLxGqKuCsGwFsp7w,r&b,70,4031179,https://i.scdn.co/image/ab6761610000e5eb48f54214e0580b101375840c,nova consulta
Stone Temple Pilots,2UazAtjfzqBF0Nho2awK4z,"grunge, alternative rock, post-grunge, rock",70,4021053,https://i.scdn.co/image/ab6761610000e5eb4bb64f87db255d76538b905f,nova consulta
Mari Fernandez,0BHm7qbh3ENxvXzkQAG7MP,"piseiro, sertanejo, forró, arrocha, agronejo, sertanejo universitário",70,4011965,https://i.scdn.co/image/ab6761610000e5eb201a17c02717afffbdd19b82,nova consulta
Supertramp,3JsMj0DEzyWc0VDlHuy9Bx,"progressive rock, classic rock",70,3991476,https://i.scdn.co/image/eebed895cad509b17c7c6faf47f21f1fc35e8829,nova consulta
NMIXX,28ot3wh4oNmoFOdVajibBl,k-pop,71,3987784,https://i.scdn.co/image/ab6761610000e5eb8aaf0595187aba8e8f1bd828,nova consulta
Blur,7MhMgCo0Bl0Kukl93PZbYS,"britpop, madchester, alternative rock",69,3954430,https://i.scdn.co/image/ab6761610000e5eb00620d736644d2359ce99430,nova consulta
ILLIT,36cgvBn0aadzOijnjjwqMN,k-pop,76,3950034,https://i.scdn.co/image/ab6761610000e5eb169a757a7d0ba53a33984416,nova consulta
Simple Plan,2p4FqHnazRucYQHyDCdBrJ,"pop punk, punk, emo",69,3940952,https://i.scdn.co/image/ab6761610000e5ebf8a6c76b696c37d752a6797e,nova consulta
Turma do Pagode,5JG9GISYjRLQUJMH2C6iJ5,"pagode, samba",72,3940158,https://i.scdn.co/image/ab6761610000e5ebd1152a6c6b63470d024ece42,nova consulta
Eduardo Costa,2OUgs5INWK2UEvZ6amWiJr,"sertanejo tradicional, sertanejo, sertanejo universitário",70,3936618,https://i.scdn.co/image/ab6761610000e5eb724c358805e181037758f986,nova consulta
Diego & Victor Hugo,3k68C6mNMJL6OaAdWeW2ZF,"sertanejo, sertanejo universitário, arrocha, agronejo, piseiro",77,3921148,https://i.scdn.co/image/ab6761610000e5eb713d2a5853dcb4e8dc06b6c9,nova consulta
Sorriso Maroto,1fUSLFr4WUBx7joEcGwpvG,"pagode, samba",76,3885340,https://i.scdn.co/image/ab6761610000e5eb3c7fd92646cae6da47d7f092,nova consulta
Foreigner,6IRouO5mvvfcyxtPDKMYFN,"aor, classic rock",73,3871393,https://i.scdn.co/image/ab6761610000e5eb8a23eb82ac13bfc05ccc3b5e,nova consulta
O Rappa,1A5QJAC1vdhbhPE25Q0x0f,"brazilian rock, mpb, brazilian pop, brazilian hip hop, reggae",69,3869807,https://i.scdn.co/image/e0524e5db75789613510320d7cf7d97d6d9e89c4,nova consulta
Cher,72OaDtakiy6yFqkt4TsiFt,,70,3831006,https://i.scdn.co/image/ab6761610000e5eb860b5a38a308428c310ee013,nova consulta
Simone Mendes,2eK9gcJQ6uqVvJL63dnOM3,"sertanejo, sertanejo universitário, pagode, forró, piseiro, agronejo, arrocha",79,3823082,https://i.scdn.co/image/ab6761610000e5eb82f8ed27ed944af47c747a0c,nova consulta
Gloria Groove,7rXMvXRnWHaSwnVvPeUUfw,"brazilian pop, funk pop, pagode, brazilian funk",67,3810085,https://i.scdn.co/image/ab6761610000e5ebaad09ce7fdb0906a834a204e,nova consulta
Nelly,2gBjLmx6zQnFGQJCAQpRgw,,76,3804068,https://i.scdn.co/image/3677690af58abb70a5c5fd58d69db4d1ad705d4f,nova consulta
Israel & Rodolffo,41QLxRXlc2NwfJZkHGHKid,"sertanejo, sertanejo universitário, agronejo, piseiro, arrocha",70,3782227,https://i.scdn.co/image/ab6761610000e5eb49af489b11377736ccc8e6cd,nova consulta
TOTO,0PFtn5NtBbbUNbU9EAmIWF,"yacht rock, soft rock",74,3763769,https://i.scdn.co/image/ab6761610000e5eba59a5bcab211f964fe9bfb06,nova consulta
Kelly Rowland,3AuMNF8rQAKOzjYppFNAoB,,70,3763219,https://i.scdn.co/image/ab6761610000e5eb7c614a2b3cedfc53e4679c2e,nova consulta
Genesis,3CkvROUTQ6nRi9yQOcsB50,"progressive rock, art rock",70,3759305,https://i.scdn.co/image/ab6761610000e5eba6a5c327ebbc1131effef2e0,nova consulta
Djavan,5rrmaoBXZ7Jcs4Qb77j0YA,mpb,70,3757876,https://i.scdn.co/image/ab6761610000e5ebe699e9c224d7602835111180,nova consulta
Godsmack,6gZq1Q6bdOxsUPUG1TaFbF,"alternative metal, nu metal, hard rock, rap metal, metal",68,3709296,https://i.scdn.co/image/ab6761610000e5ebe024531c06e7de54f84ea6fd,nova consulta
Péricles,6gEzJZrbm0F4ihvE9iXR9z,"pagode, samba",71,3673183,https://i.scdn.co/image/ab6761610000e5eb138a065983331bd82b67a23f,nova consulta
Natiruts,4PhdYoQGH8s1xee81dqQOO,"reggae, mpb, roots reggae",69,3616512,https://i.scdn.co/image/ab6761610000e5eb764999c0589ff0cb6eedc4f1,nova consulta
Duran Duran,0lZoBs4Pzo7R89JM9lxwoT,"new wave, synthpop",73,3615230,https://i.scdn.co/image/ab6761610000e5eb873c478913e5a70527b9442a,nova consulta
Janis Joplin,4NgfOZCL9Ml67xzM0xzIvC,"classic rock, psychedelic rock, acid rock",61,3594492,https://i.scdn.co/image/ab6761610000e5ebbf0ee2c099003f6886e4da0c,nova consulta
Poison,1fBCIkoPOPCDLUxGuWNvyo,"glam metal, glam rock",62,3588726,https://i.scdn.co/image/70ed0b201cafa20fc3e3cb30a916f91adbb604ed,nova consulta
Ashanti,5rkVyNGXEgeUqKkB5ccK83,r&b,72,3582149,https://i.scdn.co/image/ab6761610000e5eb1ebb81323a96e465ad20b932,nova consulta
The White Stripes,4F84IBURUo98rz4r61KF70,"garage rock, blues rock, rock, alternative rock",70,3562656,https://i.scdn.co/image/ab6761610000e5eb70cc06de8fc28226d4743cd9,nova consulta
Milionário & José Rico,4oa7ETNZH1ivfzFkCGVZlR,"sertanejo tradicional, sertanejo",67,3527730,https://i.scdn.co/image/ab6761610000e5eb26c5c8d56a8979c644f37de7,nova consulta
Bullet For My Valentine,7iWiAD5LLKyiox2grgfmUT,"metalcore, metal",67,3520436,https://i.scdn.co/image/ab6761610000e5eb18219fa877c67b4eda00550c,nova consulta
MHRAP,7w4W5Yr7oTBAqhglv0IP87,"anime rap, anime",63,3467532,https://i.scdn.co/image/ab6761610000e5eb33d7900d20299dec06580af1,nova consulta
Jão,59FrDXDVJz0EKqYg39dnT2,"brazilian pop, nova mpb, mpb",63,3435578,https://i.scdn.co/image/ab6761610000e5ebc4bed49b3a6321d7a2097ace,nova consulta
Xand Avião,43DRDu6nLSeIedZ7T1A616,"forró, piseiro, sertanejo, arrocha, sertanejo universitário, brega",71,3399504,https://i.scdn.co/image/ab6761610000e5ebf1989218233094ddf832f7ff,nova consulta
Whitesnake,3UbyYnvNIT5DFXU4WgiGpP,"glam metal, glam rock, hard rock",66,3348453,https://i.scdn.co/image/ab6761610000e5eb1cc545458190efc44f48035f,nova consulta
NAYEON,1VwDG9aBflQupaFNjUru9A,k-pop,62,3345815,https://i.scdn.co/image/ab6761610000e5eb70f34c0aeb5787411803adc4,nova consulta
Skank,4C4kpaAdp6aKSkguw40SsU,"brazilian rock, mpb, brazilian pop, pop rock",67,3336499,https://i.scdn.co/image/ab6761610000e5eb2b61503716c9cbb86f6a0658,nova consulta
James Blunt,7KMqksf0UMdyA0UCf4R3ux,,71,3313875,https://i.scdn.co/image/ab6761610000e5eb3863fa2fdb07fb4fe1a9607d,nova consulta
SHINee,2hRQKC0gqlZGPrmUKbcchR,k-pop,62,3310748,https://i.scdn.co/image/ab6761610000e5ebf6e777bb4a99ac7ddd55c762,nova consulta
Cyndi Lauper,2BTZIqw0ntH9MvilQ3ewNY,,71,3308464,https://i.scdn.co/image/ab6761610000e5eb7e43679c3022f9310645078b,nova consulta
Omarion,0f5nVCcR06GX8Qikz0COtT,r&b,61,3302959,https://i.scdn.co/image/ab6761610000e5eb9020730faab3ef6ebd31012a,nova consulta
The Temptations,3RwQ26hR2tJtA8F9p2n7jG,"motown, classic soul, soul",66,3298820,https://i.scdn.co/image/ab6761610000e5ebec212a39ffa4182a0fff4e3c,nova consulta
MC G15,3Nipsl6GVwwGyeAk0J29C6,brazilian funk,66,3290289,https://i.scdn.co/image/ab6761610000e5eb1e5e8ecf7f0a1e2d34f53486,nova consulta
Nina Simone,7G1GBhoKtEPnP86X2PvEYO,"vocal jazz, jazz blues, soul, soul jazz, jazz, blues",69,3251103,https://i.scdn.co/image/ab6761610000e5eb136c51c848c26a6cce7f9e56,nova consulta
Andrea Bocelli,3EA9hVIzKfFiQI0Kikz2wo,opera,71,3222756,https://i.scdn.co/image/ab6761610000e5ebfb101ed2a035fcfa2bd6fee1,nova consulta
Busta Rhymes,1YfEcTuGvBQ8xSD1f53UnK,east coast hip hop,72,3195466,https://i.scdn.co/image/ab6761610000e5eb7b31aba081ef084510cde4e3,nova consulta
The Clash,3RGLhK1IP9jnYFH4BRFJBS,punk,69,3191604,https://i.scdn.co/image/ab6761610000e5eb2fc4d22f2e060511db2ae971,nova consulta
Lauren Daigle,40LHVA5BTQp9RxHOQ9JPYj,"christian, worship, ccm",70,3151750,https://i.scdn.co/image/ab6761610000e5eb9db9d200f3560f487a9c5020,nova consulta
Nando Reis,7n1XMwvxPf10t4OX6h6Ufy,"mpb, brazilian rock, brazilian pop, nova mpb",65,3131439,https://i.scdn.co/image/ab6761610000e5ebb2cbcafdb861bc51a70cabaa,nova consulta
Skid Row,4opTS86dN9uO313J9CE8xg,"glam metal, glam rock, hard rock",63,3124374,https://i.scdn.co/image/ab6761610000e5eb59fe65d4b1e00e486f285167,nova consulta
*NSYNC,6Ff53KvcvAj5U7Z1vojB5o,,71,3109988,https://i.scdn.co/image/ab6761610000e5eb9414ef07d0ca697726912df1,nova consulta
César Menotti & Fabiano,08yxJfM5RnFAjJvMJIFnvh,"sertanejo, sertanejo tradicional, sertanejo universitário",63,3106674,https://i.scdn.co/image/ab6761610000e5eb89bdf5fdaec9c7fdecad1d37,nova consulta
INXS,1eClJfHLoDI4rZe5HxzBFv,,70,3097258,https://i.scdn.co/image/ab6761610000e5eb9bfd44c9bd2aae22edfd99bf,nova consulta
Twisted Sister,7b85ve82Sh36a3UAx74wut,"glam metal, glam rock",61,3091390,https://i.scdn.co/image/758604f17b98e5db650adeebf9cf8cb55feda0f0,nova consulta
Capital Inicial,4Z0yuwHVJBROVZqFpTIr0d,"brazilian rock, mpb, brazilian pop, pop rock",64,3039429,https://i.scdn.co/image/ab6761610000e5ebc4d7ff8212967e607b22627b,nova consulta
Heart,34jw2BbxjoYalTp8cJFCPv,"classic rock, aor, rock",69,3023834,https://i.scdn.co/image/ab6772690000c46c469d216a8920e0df099e4621,nova consulta
Zé Ramalho,7JoWcJHDOG58JYTe6d400S,"mpb, forró tradicional, sertanejo tradicional, forró",65,3013762,https://i.scdn.co/image/ab6761610000e5eb607a7b4dcd5555814031c84e,nova consulta
Yasmin Santos,597XBqZtaiZC7laCNx3nVz,"sertanejo, sertanejo universitário",60,3007958,https://i.scdn.co/image/ab6761610000e5eb0122e00d419d79c002dd8a47,nova consulta
Dio,4CYeVo5iZbtYGBN4Isc3n6,"heavy metal, metal, hard rock, glam metal",62,2995970,https://i.scdn.co/image/ab6761610000e5eb555c8199ba80168cfeafdfbc,nova consulta
Normani,2cWZOOzeOm4WmBJRnD5R7I,,68,2962955,https://i.scdn.co/image/ab6761610000e5ebdc6e85ec0f93f5b2cf475487,nova consulta
a-ha,2jzc5TC5TVFLXQlBNiIUzE,"new wave, synthpop",73,2947904,https://i.scdn.co/image/ab6761610000e5eb0168ba8148c07c2cdeb7d067,nova consulta
Rise Against,6Wr3hh341P84m3EI8qdn9O,"punk, hardcore punk",70,2947849,https://i.scdn.co/image/ab6761610000e5eb071291b50cd2f68a7bfe1337,nova consulta
Pixote,0ciLF0bOuu2BhqzCEZgHoB,"pagode, samba",67,2929307,https://i.scdn.co/image/ab6761610000e5eba0b5dc1d9515ab7f88de2dd1,nova consulta
Ramones,1co4F2pPNH8JjTutZkmgSm,"punk, proto-punk",65,2917508,https://i.scdn.co/image/ab6761610000e5eb5b9f46a5c5bf8243179d56b0,nova consulta
Roxette,2SHhfs4BiDxGQ3oxqf0UHY,swedish pop,74,2903440,https://i.scdn.co/image/ab6761610000e5eb347ca7e9f41f3ff8e2b19034,nova consulta
Roupa Nova,2poCUrtJvVVgfA2hgri1IS,"mpb, brazilian pop, brazilian rock",63,2897635,https://i.scdn.co/image/ab6761610000e5eb818e8d878ff7429b83c452b2,nova consulta
Henrique & Diego,1D6vAeVUcgMbSx80IA3Zun,"sertanejo, sertanejo universitário, arrocha",62,2889824,https://i.scdn.co/image/ab6761610000e5eb4a499046e6a429ac8e4d1d9a,nova consulta
Talking Heads,2x9SpqnPi8rlE9pjHBwmSC,"new wave, post-punk",70,2873017,https://i.scdn.co/image/e4c5b04fce8706c87663357b1f78522a3a5c641b,nova consulta
B.B. King,5xLSa7l4IV1gsQfhAMvl0U,"blues, classic blues, jazz blues, soul blues, blues rock",62,2861091,https://i.scdn.co/image/ffb3ff26238fe635a230bb0feb59dd0a5b209b6f,nova consulta
Girls' Generation,0Sadg1vgvaPqGTOjxu0N6c,k-pop,64,2846698,https://i.scdn.co/image/ab6761610000e5eb385df356841aaec34a0914aa,nova consulta
Kool & The Gang,3VNITwohbvU5Wuy5PC6dsI,"disco, funk",68,2831374,https://i.scdn.co/image/ab6761610000e5eb69287c3f1b150bbead642499,nova consulta
2NE1,1l0mKo96Jh9HVYONcRl3Yp,k-pop,59,2795709,https://i.scdn.co/image/ab6761610000e5ebcd3114c3d3dc89d5ec1c9145,nova consulta
Joy Division,432R46LaYsJZV2Gmc4jUV5,"post-punk, new wave, gothic rock, darkwave, madchester, cold wave",63,2795559,https://i.scdn.co/image/5eeddd733170399db794d2c430a8d2cde7ae1425,nova consulta
Simply Red,1fa0cOhromAZdq2xRA4vv8,,71,2785464,https://i.scdn.co/image/ab6761610000e5ebdf126340c69932e9c9ff27de,nova consulta
Hoobastank,2MqhkhX4npxDZ62ObR5ELO,nu metal,68,2760484,https://i.scdn.co/image/ab6761610000e5ebb6f14120a7c97c531c2ebdcc,nova consulta
Chitãozinho & Xororó,7gfkYbxpguEc9bm6m8TpAr,"sertanejo tradicional, sertanejo, agronejo",68,2753874,https://i.scdn.co/image/ab6761610000e5ebd5fcda04e60405d7e5ca3fb1,nova consulta
Cassiane,6MQhMvMTFK4nAQzoOKrwY3,"gospel, pentecostal, brazilian gospel, worship",59,2749809,https://i.scdn.co/image/ab6761610000e5ebf0544fd215cec6388e7e7613,nova consulta
Antonio Vivaldi,2QOIawHpSlOwXDvSqQ9YJR,classical,71,2731761,https://i.scdn.co/image/9785700bae86f991f78183076861c7342a4bcf90,nova consulta
TIAGO IORC,4iWkwAVzssjb8XgxdoOL6M,"mpb, nova mpb, brazilian pop",63,2702973,https://i.scdn.co/image/ab6761610000e5ebca0cbfa7da640a6c43ea74e7,nova consulta
Marisa Monte,0rSTXALHu0EKAawPLBdODH,"mpb, nova mpb",69,2699733,https://i.scdn.co/image/ab6761610000e5ebdf680c991c829899faf1283c,nova consulta
Mumuzinho,34dfPo3Zi55yM6oV46q4y7,"pagode, samba",67,2671992,https://i.scdn.co/image/ab6761610000e5ebee3999a54419f816a541dbfa,nova consulta
Raul Seixas,7jrRQZg4FZq6dwpi3baKcu,"brazilian rock, mpb, brazilian pop",65,2667331,https://i.scdn.co/image/ab6761610000e5eb9f0c70d55c26e9773d00b7b1,nova consulta
The Animals,3ICflSq6ZgYAIrm2CTkfVP,classic rock,67,2661514,https://i.scdn.co/image/ab6761610000e5eb3ce1e2a99cffc7c662938b01,nova consulta
Raça Negra,1RnHJ07H3jcpay9PrUPjnt,"pagode, samba",68,2655582,https://i.scdn.co/image/ab6761610000e5ebd4002ad0583610a94ecdaec9,nova consulta
Engenheiros Do Hawaii,0GNq4xh8uFCyihPurnunf7,"brazilian rock, mpb, brazilian pop, pop rock",66,2655284,https://i.scdn.co/image/ab6761610000e5ebb2c3fe2657126650f27ccae6,nova consulta
Cream,74oJ4qxwOZvX6oSsu1DGnw,"classic rock, psychedelic rock, acid rock, blues rock",62,2651538,https://i.scdn.co/image/aab6a0a0e9ca2ab17460b0451e59ba507cc5802a,nova consulta
Eve,58oPVy7oihAEXE0Ott6JOf,"anime, j-pop, j-rock, vocaloid, japanese indie",67,2641564,https://i.scdn.co/image/ab6761610000e5eb5f10809c41ee1ae69b94fdbb,nova consulta
Caetano Veloso,7HGNYPmbDrMkylWqeFCOIQ,"mpb, bossa nova, samba",68,2620213,https://i.scdn.co/image/ab6761610000e5ebcffb538293045411d2b51b8a,nova consulta
Os Paralamas Do Sucesso,7EM9m7HOXxVgP9oEpDDv70,"brazilian rock, mpb, brazilian pop, latin rock, pop rock",66,2608666,https://i.scdn.co/image/ab6761610000e5ebc379b4361bcfb87f5bd72808,nova consulta
Cássia Eller,10naVTwNjE50daQVrN0bXh,"mpb, brazilian rock, brazilian pop",64,2585317,https://i.scdn.co/image/ab6761610000e5eb173e5ef74a4a36decb5dc213,nova consulta
Pitty,2dmQ0vMD3THLMcz7DsvfaT,"brazilian rock, mpb, brazilian pop",64,2578212,https://i.scdn.co/image/ab6761610000e5eb1183488d72f571f4b079c5d5,nova consulta
Rush,2Hkut4rAAyrQxRdof7FVJq,"progressive rock, classic rock, hard rock, rock, aor",66,2568913,https://i.scdn.co/image/ab6761610000e5eb896c4b043fb3063178afd716,nova consulta
Titãs,2euX7vCVnJy3TVEGfc0RCl,"brazilian rock, mpb, brazilian pop, pop rock",63,2548271,https://i.scdn.co/image/ab6761610000e5eb879299d75c2461aea6d2b998,nova consulta
Jordin Sparks,2AQjGvtT0pFYfxR3neFcvz,,64,2527880,https://i.scdn.co/image/ab6761610000e5eb19436426207ba83da96e5c1e,nova consulta
Björk,7w29UYBi0qsHi5RTcv3lmA,"art pop, trip hop",75,2495499,https://i.scdn.co/image/ab6761610000e5eb8885fa2ceadc7658d65e1121,nova consulta
New Order,0yNLKJebCb8Aueb54LYya3,"new wave, synthpop, post-punk, madchester",67,2486207,https://i.scdn.co/image/ab6761610000e5eba080a8e96758f416301578f9,nova consulta
MC Paulin da Capital,592JnViQ2tot63c1SbtgK2,"funk consciente, brazilian funk, trap funk",68,2485837,https://i.scdn.co/image/ab6761610000e5eb05a1e14a9ddf7fdbad576743,nova consulta
Jota Quest,5re6NsyXzHg6uvNimzQ3F6,"brazilian rock, mpb, brazilian pop, pop rock",63,2481930,https://i.scdn.co/image/ab6761610000e5eb1db48d3d5e4615d34a5f683c,nova consulta
JoJo,5xuNBZoM7z1Vv8IQ6uM0p6,,62,2455436,https://i.scdn.co/image/ab6761610000e5eb7f5338888bacde64445c90e8,nova consulta
Cazuza,1PwOU6fFbmaGkK3wkbb8fU,"mpb, brazilian rock, brazilian pop",63,2443048,https://i.scdn.co/image/ab6761610000e5ebabc390d0dfc8c9d31f413518,nova consulta
Nightwish,2NPduAUeLVsfIauhRwuft1,"symphonic metal, gothic metal, power metal, metal, folk metal, gothic rock",66,2437357,https://i.scdn.co/image/ab6761610000e5ebf3284e60d4e43c9a7b52c08d,nova consulta
Lindsey Stirling,378dH6EszOLFShpRzAQkVM,,66,2434912,https://i.scdn.co/image/ab6761610000e5eb36c6fa1b8ff851988de641f8,nova consulta
Asking Alexandria,1caBfBEapzw8z2Qz9q0OaQ,"metalcore, screamo, post-hardcore, metal, emo",63,2433296,https://i.scdn.co/image/ab6761610000e5ebd07f0b3d8b5c9576f15f1fb1,nova consulta
Arcade Fire,3kjuyTCjPG1WMFCiyc5IuB,"baroque pop, indie rock",64,2402647,https://i.scdn.co/image/ab6761610000e5eb57c6e5fa2170e9a938f4a880,nova consulta
SUPER JUNIOR,6gzXCdfYfFe5XKhPKkYqxV,k-pop,63,2385589,https://i.scdn.co/image/ab6761610000e5ebb6d2631a4f75a584a1b4e2bf,nova consulta
Casting Crowns,6eJqAWJdd8JhAN1pQGie4r,"christian, worship, ccm, christian rock, christian alternative rock, christian pop",65,2381559,https://i.scdn.co/image/ab6761610000e5ebd502012596e8376956a4d078,nova consulta
Leonardo,2YWOP324cKGfkTo2PydgJR,"sertanejo tradicional, sertanejo",68,2373731,https://i.scdn.co/image/ab6761610000e5eb233288c013b86618729c647c,nova consulta
Nicole Scherzinger,40xbWSB4JPdOkRyuTDy1oP,,61,2369199,https://i.scdn.co/image/ab6761610000e5eb13bcbecd7d8099a9d16403cc,nova consulta
XG,0LOK81e9H5lr61HlGGHqwA,k-pop,70,2361417,https://i.scdn.co/image/ab6761610000e5ebd4a49e97ee6baeee9a8c8341,nova consulta
Sepultura,6JW8wliOEwaDZ231ZY7cf4,"thrash metal, groove metal, metal, death metal, nu metal, heavy metal, speed metal, alternative metal",61,2355341,https://i.scdn.co/image/ab6761610000e5eb716f574b796045f28ce4f4f3,nova consulta
MC Marks,04QHNiih9ZesPvals6II1h,"funk consciente, brazilian funk, trap funk",72,2355290,https://i.scdn.co/image/ab6761610000e5ebe8da2281384a3d379e4705fa,nova consulta
Eurythmics,0NKDgy9j66h3DLnN8qu1bB,"new wave, synthpop",69,2351390,https://i.scdn.co/image/ab6761610000e5eb145a01fb993c3088fe6ac5e7,nova consulta
Simple Minds,6hN9F0iuULZYWXppob22Aj,new wave,67,2350920,https://i.scdn.co/image/ab6761610000e5eb83e9da1d7f9d7da25c9e1e53,nova consulta
BK,1YOVBTvznjiDvtAj4ExHeo,"brazilian hip hop, boom bap, brazilian trap",74,2350807,https://i.scdn.co/image/ab6761610000e5ebaedd984d97865aef05fb6060,nova consulta
Mc Daniel,6YzSM19LzpLH0nVKKU6Jsy,"brazilian funk, agronejo, trap funk, funk consciente",67,2330239,https://i.scdn.co/image/ab6761610000e5eb0523591fa9d6afb4a83d8c17,nova consulta
James Brown,7GaxyUddsPok8BuhxN6OUW,"funk, soul, motown, classic soul",63,2330146,https://i.scdn.co/image/ab6761610000e5eb158342aa8bb8a192c778f2a5,nova consulta
Chris Cornell,0XHiH53dHrvbwfjYM7en7I,grunge,60,2317620,https://i.scdn.co/image/f7db2b2d592dd542e7470e2307a5848060837565,nova consulta
Lulu Santos,0A1oy7PC7fdzURgaLaWkL1,"mpb, brazilian rock, brazilian pop",64,2311421,https://i.scdn.co/image/ab6761610000e5eb0ecd444749b59868afd385b6,nova consulta
Tim Maia,0jOs0wnXCu1bGGP7kh5uIu,mpb,66,2311025,https://i.scdn.co/image/ab6761610000e5ebaa594f902dd3a6704715933f,nova consulta
MC Menor da VG,4maKTxhTIDEnWKra7wEIMR,"brazilian funk, funk consciente, trap funk",66,2300895,https://i.scdn.co/image/ab6761610000e5ebc3afbe20d6230e1f4f1291cc,nova consulta
Guilherme & Santiago,61rqgwKmF0QwycnC8O82rn,"sertanejo, sertanejo universitário, sertanejo tradicional",63,2298324,https://i.scdn.co/image/ab6761610000e5eba8c8480ed3ccf589060a0ebe,nova consulta
Theory of a Deadman,74eX4C98E4FCrAMl39qRsJ,"post-grunge, alternative metal",63,2292576,https://i.scdn.co/image/ab6761610000e5eb6cff6acc48314698c7d9ce87,nova consulta
Exaltasamba,6VPRGmbZ0dupZrbwwEDRRw,"pagode, samba",67,2284125,https://i.scdn.co/image/ab67616d0000b27302e4a8d93ee164e5bd371052,nova consulta
Grupo Revelação,7yQrcdkLdBAkV7yY9fF2Hw,"pagode, samba",71,2269682,https://i.scdn.co/image/ab6761610000e5ebc2523529fb46fb0697fa6b9c,nova consulta
Barry White,3rfgbfpPSfXY40lzRK7Syt,"disco, soul, classic soul, quiet storm, philly soul",67,2266098,https://i.scdn.co/image/c00b771ca8b6241bcfe316f8e8a11072714e79ef,nova consulta
Jay Park,4XDi67ZENZcbfKnvMnTYsI,"k-rap, k-pop",63,2234855,https://i.scdn.co/image/ab6761610000e5ebbaec57292a885401901ce138,nova consulta
Ivete Sangalo,7dzq55YG3wjViqexDwiycQ,"axé, pagode baiano, mpb, brazilian pop",65,2221478,https://i.scdn.co/image/ab6761610000e5ebed5aa22cb136fc5f75427fea,nova consulta
Maria Marçal,1pZ1kGj7yoPvG1sSN74imk,"gospel, worship, brazilian gospel, pentecostal",64,2219007,https://i.scdn.co/image/ab6761610000e5eb51f9ceb807ca9d56e2d5f1d9,nova consulta
Pet Shop Boys,2ycnb8Er79LoH2AsR5ldjh,"synthpop, new wave",70,2216670,https://i.scdn.co/image/ab6761610000e5ebd24f448b409b6304c2880614,nova consulta
K/DA,4gOc8TsQed9eqnqJct2c5v,k-pop,62,2216630,https://i.scdn.co/image/ab6761610000e5ebdc1dc943555dfa1ee2a107e5,nova consulta
ZUTOMAYO,38WbKH6oKAZskBhqDFA8Uj,"j-pop, j-rock, anime, japanese indie",67,2210853,https://i.scdn.co/image/ab6761610000e5ebb38a96d85b0580670123280e,nova consulta
Joe,3zTOe1BtyTkwNvYZOxXktX,"r&b, quiet storm",65,2207797,https://i.scdn.co/image/ab6761610000e5eb56910dd36ced0f6f3fbecacd,nova consulta
Belo,7hLjkyL9Pz9xtQNahzJZki,"pagode, samba",70,2196482,https://i.scdn.co/image/ab6761610000e5eb83036a4880a6984579630eb7,nova consulta
Tori Kelly,1vSN1fsvrzpbttOYGsliDr,,65,2192740,https://i.scdn.co/image/ab6761610000e5ebb8b0504e27b895cca3981a1c,nova consulta
Jazmine Sullivan,7gSjFKpVmDgC2MMsnN8CYq,r&b,61,2191686,https://i.scdn.co/image/ab6761610000e5ebe85d25b9286d6815ddb0d82a,nova consulta
Modern Talking,79bxUQsBIXO8nVLB9fYKf7,"europop, italo disco, eurodance",71,2190776,https://i.scdn.co/image/ab6761610000e5eb763481abe93a755de038db8b,nova consulta
BOL4,4k5fFEYgkWYrYvtOK3zVBl,"k-pop, k-ballad",61,2187223,https://i.scdn.co/image/ab6761610000e5eb4a970fe13b80298b5621d657,nova consulta
Donna Summer,2eogQKWWoohI3BSnoG7E2U,"disco, hi-nrg",65,2171742,https://i.scdn.co/image/ab6761610000e5eb9e708b5a9b76b98301d35123,nova consulta
Styx,4salDzkGmfycRqNUbyBphh,"classic rock, aor, progressive rock",63,2171108,https://i.scdn.co/image/ab6761610000e5ebc2a482e06d5e31e6cc6cf7ec,nova consulta
Keri Hilson,63wjoROpeh5f11Qm93UiJ1,,70,2148043,https://i.scdn.co/image/ab6761610000e5eb846bc13eb69e61cdd53a5946,nova consulta
Pablo,2uOlKKhuUUWlTITCYYUuIK,"arrocha, seresta, brega, forró, piseiro, sertanejo",70,2142393,https://i.scdn.co/image/ab6761610000e5ebf61a1bf320c5561da38980aa,nova consulta
Mudvayne,2Pfv2w8a20xzC7Dr7QXRqM,"nu metal, alternative metal, rap metal, metal",60,2139502,https://i.scdn.co/image/ab6761610000e5eb9013e926945e76dbc9ad6c97,nova consulta
The Velvet Underground,1nJvji2KIlWSseXRSlNYsC,"proto-punk, art rock",62,2137261,https://i.scdn.co/image/d69c2cf10323bf08443c7d122f3a1824a760ab57,nova consulta
Commodores,6twIAGnYuIT1pncMAsXnEm,"motown, classic soul",66,2135701,https://i.scdn.co/image/ab6761610000e5eb21a213a4fe1a6f9b45d3f7f9,nova consulta
Toby Fox,57DlMWmbVIf2ssJ8QBpBau,soundtrack,75,2135489,https://i.scdn.co/image/ab6761610000e5ebcce32307d0f312e8faf01bae,nova consulta
kamaitachi,1ISc8zhrqxd5WrJMkMMLSm,,61,2120180,https://i.scdn.co/image/ab6761610000e5ebb175ef0c03c200e02f6beb2d,nova consulta
Bush,78SHxLdtysAXgywQ4vE0Oa,"grunge, post-grunge",64,2118416,https://i.scdn.co/image/ab6761610000e5eb613262f46eb899a84d0c5442,nova consulta
AKMU,6OwKE9Ez6ALxpTaKcT5ayv,"k-ballad, k-pop",59,2105731,https://i.scdn.co/image/ab6761610000e5eb00beb181c5f5464f4562f90f,nova consulta
ZICO,4XpUIb8uuNlIWVKmgKZXC0,"k-rap, k-pop",61,2097617,https://i.scdn.co/image/ab6761610000e5ebbc333412dcb39d8ef2bd91cc,nova consulta
Black Veil Brides,6O7MpKrY91vlCd4Osi6XKs,"emo, screamo",61,2096714,https://i.scdn.co/image/ab6761610000e5ebb6f2737a61158bf977b9dcdf,nova consulta
Seal,5GtMEZEeFFsuHY8ad4kOxv,,65,2095192,https://i.scdn.co/image/ab6761610000e5ebe29f9c69aad50e33fa61805a,nova consulta
Yes,7AC976RDJzL2asmZuz7qil,"progressive rock, art rock, aor",63,2093871,https://i.scdn.co/image/ab6761610000e5eb419fcf221809dabb6cc0f31c,nova consulta
Hinder,6BMhCQJYHxxKAeqYS1p5rY,post-grunge,63,2088489,https://i.scdn.co/image/ab6761610000e5ebc7e44fb962c3eda2e2013a00,nova consulta
Zeca Pagodinho,3qZ2n5keOAat1SoF6bHwmb,"samba, pagode",66,2088308,https://i.scdn.co/image/ab6761610000e5ebba8ad8a2315ed9148c7b1cc7,nova consulta
Nadson O Ferinha,7KdmibNmW5J0q5YtGnJqQ8,"arrocha, seresta, piseiro, brega, forró, sertanejo",63,2087743,https://i.scdn.co/image/ab6761610000e5eb2db5ac53f7abab1c48b8e5b2,nova consulta
Leandro & Leonardo,0qHOVLCmMmMgk9l3GsgmUB,"sertanejo tradicional, sertanejo",68,2084920,https://i.scdn.co/image/ab6761610000e5eb1a78fbe9474255be6b4d6683,nova consulta
America,35U9lQaRWSQISxQAB94Meo,"yacht rock, soft rock, folk rock",71,2082297,https://i.scdn.co/image/ab6761610000e5eb1918619d3b26c6cb16084997,nova consulta
Moby,3OsRAKCvk37zwYcnzRf5XF,"downtempo, trip hop",70,2081686,https://i.scdn.co/image/ab6761610000e5eb51998989b51d8bda6a7486f2,nova consulta
BIBI,6UbmqUEgjLA6jAcXwbM1Z9,"k-pop, k-rap",67,2064980,https://i.scdn.co/image/ab6761610000e5ebd7102187f27111bf9361de09,nova consulta
Daniel,2wwWukJBsCikjlj7vlbQkM,"sertanejo tradicional, sertanejo",63,2021228,https://i.scdn.co/image/ab6761610000e5eb0e18aa81ac38d5a9274501c5,nova consulta
David Gilmour,2FcC4sDMXme2ziI7tGKMK8,progressive rock,59,2019784,https://i.scdn.co/image/ab6761610000e5eb4ab2cbce7e4f8f2c9be48a71,nova consulta
Jennifer Hudson,35GL8Cu2GKTcHzKGi75xl5,,59,2014892,https://i.scdn.co/image/ab6761610000e5eb2662b4a85c8b3e57cb3953cc,nova consulta
Europe,7Js6Lde8thlIHXggv2SCBz,glam metal,65,1999119,https://i.scdn.co/image/ab6761610000e5ebe99fd2e4f7019aa6cb8a26e9,nova consulta
Counting Crows,0vEsuISMWAKNctLlUAhSZC,,70,1969091,https://i.scdn.co/image/ab6761610000e5ebe49e02d94a91ccdb846a62fa,nova consulta
Kansas,2hl0xAkS2AIRAu23TVMBG1,"classic rock, progressive rock, aor",66,1959780,https://i.scdn.co/image/ab6761610000e5eb4a5ee495f61402a3959b2d9c,nova consulta
Victor & Leo,2HtEBtekn0bXogyogD3PTr,"sertanejo, sertanejo tradicional, sertanejo universitário",65,1957282,https://i.scdn.co/image/ab6761610000e5eba0b0d3e191d0103c47526328,nova consulta
Peter Gabriel,7C4sUpWGlTy7IANjruj02I,art rock,64,1949888,https://i.scdn.co/image/ab6761610000e5eb997116abcd93201746831544,nova consulta
Alceu Valença,559vxOLTzlAv0zB77JMcdG,"mpb, forró tradicional, forró",64,1948466,https://i.scdn.co/image/ab6761610000e5ebddf1217b512aecab728c41ab,nova consulta
George Henrique & Rodrigo,3FlCKtwOEYQQYyGVEbxG2Z,"sertanejo, sertanejo universitário, agronejo, arrocha",65,1940062,https://i.scdn.co/image/ab6761610000e5eb10a5fe0e2313d4b33312da41,nova consulta
BOYNEXTDOOR,4hnHLgMSOiqERWBL4jINP1,k-pop,70,1916715,https://i.scdn.co/image/ab6761610000e5ebc64f94c8865d670cb97ab49e,nova consulta
Cassie,27FGXRNruFoOdf1vP8dqcH,,67,1911041,https://i.scdn.co/image/ab6761610000e5eb9592a41ec193fd20c5372ed3,nova consulta
Humberto & Ronaldo,1zEo6Fk1iaaOYFlFPBHCFn,"sertanejo, sertanejo universitário, arrocha",75,1906508,https://i.scdn.co/image/ab6761610000e5eb52600a1b70dbaa0f63fc7dd5,nova consulta
I Prevail,3Uobr6LgQpBbk6k4QGAb3V,"metalcore, metal",69,1887111,https://i.scdn.co/image/ab6761610000e5eba26ab7baa4a50f469edbfd76,nova consulta
Emicida,2d9LRvQJnAXRijqIJDDs2K,"brazilian hip hop, nova mpb",62,1884338,https://i.scdn.co/image/ab6761610000e5eb1a143a1a56d7fd721eb43fd7,nova consulta
Damian Marley,3QJzdZJYIAcoET1GcfpNGi,"reggae, ragga, roots reggae",68,1882761,https://i.scdn.co/image/f05f2667aac2bbccd9bf8fcc658b647533257f16,nova consulta
K-Ci & JoJo,05RZIdfz59ZW2FvFuwnmNK,r&b,61,1882569,https://i.scdn.co/image/802accab666236892f3f3bfb102323d59747b164,nova consulta
Midian Lima,1UNm54Ts7vBGKcWjbjEmMw,"gospel, pentecostal, brazilian gospel, worship",60,1875080,https://i.scdn.co/image/ab6761610000e5eb6ac9b25b3d4b07bdbf56e1f4,nova consulta
Rionegro & Solimões,33NrinbbEctw1wsdKNgZeZ,"sertanejo tradicional, sertanejo, agronejo, sertanejo universitário",68,1874697,https://i.scdn.co/image/ab6761610000e5ebf2e621acc61dd7e8c8faa42e,nova consulta
Davi Sacer,6z6iovCkrGvBsRsLOrFbdx,"gospel, brazilian gospel, worship",59,1873656,https://i.scdn.co/image/ab6761610000e5eba4c6eb5f6ab2345208e4cf72,nova consulta
GFRIEND,0qlWcS66ohOIi0M8JZwPft,k-pop,60,1870234,https://i.scdn.co/image/ab6761610000e5eb147d34b8d51da48913a8d023,nova consulta
Seu Jorge,0i1s9WcIu0PrUvHzALgofo,"mpb, samba, pagode",68,1869082,https://i.scdn.co/image/ab6761610000e5eba124f650946041fc26b0379b,nova consulta
Kid Abelha,4bOZtegYNmYOe3gMgPtt0H,"mpb, brazilian rock, brazilian pop",63,1859447,https://i.scdn.co/image/ab6761610000e5ebf25ba98f0de79121ec962369,nova consulta
Cleber & Cauan,6Y8pfJkEdw4EAST4g9C026,"sertanejo, sertanejo universitário, agronejo",65,1858734,https://i.scdn.co/image/ab6761610000e5eb0839f693e8402ad5db001846,nova consulta
Steppenwolf,1WRM9i067hd2ujxxi8FI3m,"classic rock, acid rock",60,1832357,https://i.scdn.co/image/8208d86ed91c50bc9ffbf8f436c6e323e6bda480,nova consulta
PSY,2dd5mrQZvg6SmahdgVKDzh,k-pop,64,1830205,https://i.scdn.co/image/ab6761610000e5eb24b5185226d5b7c6aa91db5a,nova consulta
Edson & Hudson,6zpNfYJcPavd1pqLXKiSvl,"sertanejo, sertanejo tradicional, sertanejo universitário",60,1829429,https://i.scdn.co/image/ab6761610000e5ebe2a4634c932a89727f383ccc,nova consulta
Rick & Renner,0ozdcqmICsOZDe7eJQVzrp,"sertanejo tradicional, sertanejo",62,1826797,https://i.scdn.co/image/ab6761610000e5eb679809b3dd4f94f744ad4721,nova consulta
Iguinho e Lulinha,45MLFvHRAGIOvnslTnzS8C,"forró, piseiro, arrocha, seresta, brega, sertanejo",64,1816790,https://i.scdn.co/image/ab6761610000e5ebe3ef81c3176d4b8e7d6da6c4,nova consulta
KPop Demon Hunters Cast,7mW7Tv7NvywKKXqafZo0Lc,k-pop,90,1814409,https://i.scdn.co/image/ab67616d0000b2736c1334650ced0e28f0b2e13f,nova consulta
KAI,6iVo62B0bdTknRcrktCmak,k-pop,59,1810186,https://i.scdn.co/image/ab6761610000e5eb0020266884faa55685884292,nova consulta
Nívea Soares,7FJXPSSrHgr0YDfeiQ63uk,"gospel, brazilian gospel, worship, devotional",62,1807795,https://i.scdn.co/image/ab6761610000e5eb5f8539c578b4101d9f17e876,nova consulta
Mc Kadu,21ELc2P2rA3Cu6xw3VWqvv,"brazilian funk, funk consciente, trap funk",70,1806585,https://i.scdn.co/image/ab6761610000e5eb48ebde532789781918d43b8f,nova consulta
Culture Club,6kz53iCdBSqhQCZ21CoLcc,,63,1804925,https://i.scdn.co/image/ab6761610000e5eb5903965a15551fd12feb8b87,nova consulta
Chico Buarque,6tOsSffQQIXmK8TqsDck8t,"mpb, bossa nova, samba, brazilian jazz",63,1804442,https://i.scdn.co/image/ab6761610000e5eb1f33f0eccfef05940a1ef879,nova consulta
Ministério Zoe,6bxqwbU9pD8GXcuSmNSSHU,"gospel, worship, brazilian gospel, devotional",62,1799039,https://i.scdn.co/image/ab6761610000e5eb044704fdfe9fa5d57b37531a,nova consulta
Iggy Pop,33EUXrFKGjpUSGacqEHhU4,"proto-punk, glam rock",65,1795817,https://i.scdn.co/image/ab6761610000e5eb21e6d14c3d8aab9887380d00,nova consulta
Rita Lee,7dnT2FUXhjirperXaH22IJ,"mpb, brazilian rock",65,1782212,https://i.scdn.co/image/ab6761610000e5eb4127fac942e5106e3c953c63,nova consulta
Annie Lennox,5MspMQqdVbdwP6ax3GXqum,synthpop,71,1764281,https://i.scdn.co/image/2bf002eded5952f81c6254286d9a2d354586f070,nova consulta
Huey Lewis & The News,7A9yZMTrFZcgEWAX2kBfK6,,64,1752603,https://i.scdn.co/image/ab6761610000e5eb8dfb95eb4902b28206963614,nova consulta
Type O Negative,0blJzvevdXrp21YeI2vbco,"gothic metal, gothic rock, doom metal",66,1741859,https://i.scdn.co/image/ab6761610000e5eb843df562d1bad7f5163fd164,nova consulta
Mark Knopfler,0FI0kxP0BWurTz8cB8BBug,soft rock,64,1732933,https://i.scdn.co/image/ab6761610000e5eb94b957255b1e4d4ddcc470ce,nova consulta
Brian McKnight,6k0IBR0lU42s2GYpNX7kA9,"quiet storm, r&b",61,1730947,https://i.scdn.co/image/ab6761610000e5ebccd9085c5dbc5f5a991ae59c,nova consulta
Gaab,2iK1rsbYstkSVn57M4s8ut,"pagode, brazilian funk",65,1714971,https://i.scdn.co/image/ab6761610000e5eb15aab7a8920a4b6f9df4519e,nova consulta
The Bangles,51l0uqRxGaczYr4271pVIC,jangle pop,62,1709075,https://i.scdn.co/image/ab6761610000e5ebff0fb8cdea3f4b4ba33e8b08,nova consulta
Zaz,1mbgj8ERPs8lWi7t5cYrdy,"chanson, french pop, french jazz",64,1695767,https://i.scdn.co/image/ab6761610000e5ebcd2ea058786ee3f85067e3a6,nova consulta
The Alan Parsons Project,2m62cc253Xvd9qYQ8d2X3d,"progressive rock, classic rock",64,1693062,https://i.scdn.co/image/3e90d18b7375a0e78340d23f72822646c4cc3b70,nova consulta
Eddie Vedder,0mXTJETA4XUa12MmmXxZJh,,62,1683011,https://i.scdn.co/image/ab6761610000e5eb98a58862098f8be6496ba9d6,nova consulta
Misfits,1cXi8ALPQCBHZbf0EgP4Ey,"horror punk, punk, psychobilly, hardcore punk, skate punk",64,1680014,https://i.scdn.co/image/ab6761610000e5eb030d67ff9576754ff230b2c0,nova consulta
Rainbow,6SLAMfhOi7UJI0fMztaK0m,"hard rock, aor, metal, heavy metal",59,1662236,https://i.scdn.co/image/e0ad73e5231086142031094d86e8bef61576268c,nova consulta
Ana Carolina,4HP9KltldfmkH2M2pQozzN,"mpb, brazilian pop, nova mpb",60,1658780,https://i.scdn.co/image/ab6761610000e5eb787e90f9431758e97ab8e95d,nova consulta
Nazareth,6fvN9GmMCVKb5LY0WsnjFP,hard rock,60,1658663,https://i.scdn.co/image/ab6761610000e5ebc5bc094a1280845770d009fa,nova consulta
MC LUUKY,70jpkgy5oGT4YjaGFpCpk7,"brazilian funk, trap funk, funk consciente",75,1641755,https://i.scdn.co/image/ab6761610000e5ebec1fef19ee9676f9ce662f39,nova consulta
Raimundos,3CfJckVRuukdJSvK3r89yJ,"brazilian rock, mpb, brazilian pop",61,1637260,https://i.scdn.co/image/ab6761610000e5ebc658c7d04e7d1a107760ecf0,nova consulta
Static-X,7JDSHlDdVTo7aZKdQZ53Vf,"industrial metal, nu metal, industrial rock, industrial, rap metal, metal, alternative metal",59,1633672,https://i.scdn.co/image/ab6761610000e5eb7f4a72d9541571d430c157c7,nova consulta
Matogrosso & Mathias,5he1UTofdFOcdbKqnLixko,"sertanejo tradicional, sertanejo",65,1619879,https://i.scdn.co/image/ab6761610000e5ebc99db2db6ab4e655c4d089f3,nova consulta
Mc Gw,0f1IECbrVV952unZkzrsg2,"phonk, brazilian funk, brazilian phonk, funk carioca",80,1605165,https://i.scdn.co/image/ab6761610000e5eba5c9a915be3bb408e03aa855,nova consulta
Tribalistas,4laQz4PaKeh2Hu6QL6evVD,"mpb, nova mpb",63,1601139,https://i.scdn.co/image/ab6761610000e5ebcaf37072c83daf4d76a7ee42,nova consulta
Eve,4d3yvTptO48nOYTPBcPFZC,,69,1598076,https://i.scdn.co/image/ab6761610000e5eb62423f0aa64340b1fe57c0a3,nova consulta
Molchat Doma,1nVq0hKIVReeaiB3xJgKf0,"post-punk, darkwave, cold wave, gothic rock",62,1597450,https://i.scdn.co/image/ab6761610000e5eb361fadaa6cab897cf6722f72,nova consulta
Mýa,6lHL3ubAMgSasKjNqKb8HF,,62,1594813,https://i.scdn.co/image/ab6761610000e5eb41e8f69cf7a693536fb3155a,nova consulta
Men At Work,0f3EsoviYnRKTkmayI3cux,,68,1592265,https://i.scdn.co/image/ab6761610000e5ebe856945244d104fcef298237,nova consulta
Sabotage,5deK5HnwbEKvge2svL0i0B,"brazilian hip hop, boom bap",59,1588153,https://i.scdn.co/image/ab6761610000e5eb81ae0bfd666267ed9d73c77d,nova consulta
Barão Vermelho,5zq0SGWxrmzpTSXkBEQzMj,"brazilian rock, mpb, brazilian pop",59,1587157,https://i.scdn.co/image/ab6761610000e5eb0a99240de57ca26882e62628,nova consulta
fromis_9,24nUVBIlCGi4twz4nYxJum,"k-pop, bubblegum pop",59,1579226,https://i.scdn.co/image/ab6761610000e5eb9287cd584e823ab3391f0f7e,nova consulta
James Morrison,3LpLGlgRS1IKPPwElnpW35,,63,1564246,https://i.scdn.co/image/ab6761610000e5eb7793e59a0beb24340f6b0e37,nova consulta
Gilberto Gil,7oEkUINVIj1Nr3Wnj8tzqr,"mpb, bossa nova, forró tradicional, samba, brazilian jazz",66,1563981,https://i.scdn.co/image/ab6761610000e5ebdf423bfb01afb1cf3d60d61a,nova consulta
James Blake,53KwLdlmrlCelAZMaLVZqU,,70,1558480,https://i.scdn.co/image/ab6761610000e5eb93fe5fc8fdb5a98248911a07,nova consulta
Elis Regina,0yFvXd36g5sNKYDi0Kkvl8,"mpb, bossa nova, brazilian jazz, samba",63,1548820,https://i.scdn.co/image/ab6761610000e5eb0fa315c76bb4539c6efa2966,nova consulta
Diego & Arnaldo,0CrGLmfVKzk9rAyiNb91ft,"sertanejo, sertanejo universitário, agronejo",67,1538724,https://i.scdn.co/image/ab6761610000e5eb6309cc0e5ea99333aaea57e8,nova consulta
Padre Marcelo Rossi,0BLa22ZCJcTxW78hoNlFA9,"gospel, worship",63,1535012,https://i.scdn.co/image/ab6761610000e5eba8d6dc284603820ba76755a1,nova consulta
Calcinha Preta,6Kps94g1Npexh3LrinIOvC,"forró, brega, tecnobrega, arrocha, forró tradicional, calypso, piseiro, seresta",67,1534409,https://i.scdn.co/image/ab6761610000e5eb8a03f908ece3a577ed59691c,nova consulta
Trio Parada Dura,41fjoh5NjJhlDHYIUb9Hsk,"sertanejo tradicional, sertanejo",62,1519869,https://i.scdn.co/image/ab6761610000e5eb1cf4338612bd3c9e140b6d11,nova consulta
Maria Bethânia,3f5VCwd57gZsqMad28jyLV,"mpb, samba, bossa nova, axé",64,1517944,https://i.scdn.co/image/ab6761610000e5eb6dd0de52c3b1a36a6400eb6d,nova consulta
Preto no Branco,0JC6R3kbXUHe5QrxqzFwom,"gospel, brazilian gospel, worship",59,1495250,https://i.scdn.co/image/ab6761610000e5ebdaad9c0d7f5c55519bed7104,nova consulta
YEONJUN,2Mo2yHjmrDRZW7yRuJwR2w,k-pop,71,1490437,https://i.scdn.co/image/ab6761610000e5eb8396b8b5559921fa643761be,nova consulta
Rick Astley,0gxyHStUsqpMadRV0Di1Qt,,64,1482750,https://i.scdn.co/image/ab6761610000e5eb019782a5d4654e00db2a28a0,nova consulta
FKA twigs,6nB0iY1cjSY1KyhYyuIIKH,"art pop, alternative r&b",70,1461041,https://i.scdn.co/image/ab6761610000e5ebf62e6458f0cdf01a9368e2c4,nova consulta
Escape the Fate,5ojhEavq6altxW8fWIlLum,"emo, post-hardcore, screamo, metalcore",61,1460845,https://i.scdn.co/image/ab6761610000e5eb8b683fb42bab8b7eb5093134,nova consulta
RIIZE,2jOm3cYujQx6o1dxuiuqaX,k-pop,65,1452400,https://i.scdn.co/image/ab6761610000e5ebd75e5e369cb4ce5edfe2989d,nova consulta
Frei Gilson,0jzTaWBcJ6h5ccHe04CcyX,"gospel, worship",66,1439390,https://i.scdn.co/image/ab6761610000e5ebe958b9bdb770560b428b2f13,nova consulta
Survivor,26bcq2nyj5GB7uRr558iQg,,68,1421515,https://i.scdn.co/image/da30acd2c9d0f32f5f5a2d69f32c2d30335466b5,nova consulta
Paula Fernandes,1nca3OA1kKCpP6aPJcBL92,"sertanejo, sertanejo tradicional, sertanejo universitário",62,1419852,https://i.scdn.co/image/ab6761610000e5eb8e1a02c562819afb5b79c3ea,nova consulta
Kikuo,5FhcqamaRFfpZb4VHV47fu,vocaloid,61,1417758,https://i.scdn.co/image/ab6761610000e5eb50c295d157dbd3dc76f2ec9b,nova consulta
Jads & Jadson,3HxTMZ6kZ9OuvFfwcYJwov,"sertanejo, sertanejo universitário, agronejo, sertanejo tradicional",62,1410173,https://i.scdn.co/image/ab6761610000e5eb89875a17e87e5a34d85ce42d,nova consulta
CHVRCHES,3CjlHNtplJyTf9npxaPl5w,synthpop,61,1407709,https://i.scdn.co/image/ab6761610000e5eb15e5ae2c6a8cdf07ed0253ae,nova consulta
Mc Negão Original,4LHTgACY32k94VDjenF0nP,"brazilian funk, trap funk, funk consciente",77,1405937,https://i.scdn.co/image/ab6761610000e5eb27b96acf29fff476bb179c0a,nova consulta
Vanessa Da Mata,57pVvBwa3ZCR9LsVlkLXj7,"mpb, nova mpb, samba",66,1405627,https://i.scdn.co/image/ab6761610000e5eb0726b3a2a4db36495765f020,nova consulta
Cocteau Twins,5Wabl1lPdNOeIn0SQ5A1mp,"dream pop, shoegaze, gothic rock",67,1404995,https://i.scdn.co/image/ab6761610000e5eb00f01cecce8a4475c3de0998,nova consulta
High School Musical Cast,2gUMs9PE8XZVQyzCDqaYmW,,62,1399187,https://i.scdn.co/image/ab6761610000e5ebd360aa4088626e140ee80147,nova consulta
Helloween,4pQN0GB0fNEEOfQCaWotsY,"power metal, speed metal, heavy metal, metal, symphonic metal",61,1398235,https://i.scdn.co/image/ab6761610000e5eb7d6b878498239115a09316d3,nova consulta
Bad Religion,2yJwXpWAQOOl5XFzbCxLs9,"punk, skate punk, hardcore punk, melodic hardcore, ska punk",60,1387568,https://i.scdn.co/image/ab6761610000e5eb785d6af86b16c8747ff61e42,nova consulta
Teodoro & Sampaio,7oraQbXIkvzBmNLzjRVvCH,"sertanejo tradicional, sertanejo",59,1384908,https://i.scdn.co/image/ab6761610000e5ebd47aaf18b0efdca086193f9a,nova consulta
Bad Company,5AEG63ajney2BoDXi0Vb84,"classic rock, aor, southern rock, hard rock",60,1370760,https://i.scdn.co/image/65d37e5c4ee9ef8bfb76de6a17e7c05316199724,nova consulta
André Rieu,3hJv5p2HwekJysNB2NDnEC,"classical, orchestral",66,1370366,https://i.scdn.co/image/ab6761610000e5eb85740abbdaffd46a96d3cffc,nova consulta
James TW,0B3N0ZINFWvizfa8bKiz4v,,59,1368179,https://i.scdn.co/image/ab6761610000e5eb856c04f446eb4217fc1de30f,nova consulta
Silverchair,4iudEcmuPlYNdbP3e1bdn1,"grunge, post-grunge",59,1362499,https://i.scdn.co/image/ab6761610000e5eb61c676a8416dd369d5560b2f,nova consulta
Gino & Geno,2rGEXX2PXml6YnjkgOlWwT,"sertanejo tradicional, sertanejo, forró",61,1361082,https://i.scdn.co/image/ab67616d0000b273ad511db7a8569e0f0c5ab12c,nova consulta
Siouxsie and the Banshees,1n65zfwYIj5kKEtNgxUlWb,"gothic rock, post-punk, darkwave, new wave, deathrock, cold wave",60,1357112,https://i.scdn.co/image/ab6761610000e5eb924bb9e7396ad3bc32cfeab0,nova consulta
anirap,0rVzRhHB7PRsiNlRn2wc4B,"anime rap, anime",63,1345036,https://i.scdn.co/image/ab6761610000e5eba244f74b1ac9bb619b9cdcbe,nova consulta
Primus,64mPnRMMeudAet0E62ypkx,"funk rock, alternative metal, alternative rock, nu metal",59,1344667,https://i.scdn.co/image/ab6761610000e5eb54ed648a0c70ed8910840f4a,nova consulta
Sheryl Crow,4TKTii6gnOnUXQHyuo9JaD,,67,1342402,https://i.scdn.co/image/ab6761610000e5eb962c94da847bcc4ef21c4ad9,nova consulta
Mc Lele JP,1mV9h1AwhRXSjBFcYpajgY,"funk consciente, brazilian funk, trap funk",78,1337027,https://i.scdn.co/image/ab6761610000e5eb1d15b937fabc52cdc6b31ad5,nova consulta
Chico Rey & Paraná,1UIlMGFBSIAFckml8NylWm,"sertanejo tradicional, sertanejo",63,1334428,https://i.scdn.co/image/ab6761610000e5eb9e47bd6dd1ee600b9ee8c290,nova consulta
Blind Melon,5sD1ZLf2dGQ9gQ3YJl1eAd,grunge,60,1322798,https://i.scdn.co/image/ab6761610000e5ebdcc3fe6af94c5c178a36d006,nova consulta
Jamie Foxx,7LnaAXbDVIL75IVPnndf7w,,69,1316011,https://i.scdn.co/image/a3823abbd476fa00cdf95a9f5cbbe09d2f96add2,nova consulta
Gabriel Guedes de Almeida,5ETTRSAa5g5uIMNOgqnJPB,"gospel, brazilian gospel, worship, devotional",64,1298519,https://i.scdn.co/image/ab6761610000e5eb54b4f747e95495b6eb080817,nova consulta
The Human League,1aX2dmV8XoHYCOQRxjPESG,"new wave, synthpop",63,1286755,https://i.scdn.co/image/ab6761610000e5eb2aeee2aea5a1a1e3b76b0501,nova consulta
Marcelo D2,1vEN3d3dJbmdHQpXD6AIkL,"brazilian hip hop, samba, brazilian rock",61,1275077,https://i.scdn.co/image/ab6761610000e5ebdf1e74e220a545a0df8a52ef,nova consulta
Eric Land,007FXgr0jLBJxhPJjacXQH,"piseiro, forró, arrocha, sertanejo, brega, seresta",63,1273107,https://i.scdn.co/image/ab6761610000e5eb5e52ac94f23bcdef66f2459e,nova consulta
The B-52's,3gdbcIdNypBsYNu3iiCjtN,"new wave, post-punk",60,1269207,https://i.scdn.co/image/ab6761610000e5eb85c1d77e63082caf426f6d59,nova consulta
Froid,45Yz90pqjzEdJzpEQg1eII,"brazilian hip hop, boom bap, brazilian trap",60,1255188,https://i.scdn.co/image/ab6761610000e5ebec7067e407017e93de91f472,nova consulta
Atitude 67,1vp5pm1DluN0sNXx4tMZzo,"pagode, samba, brazilian pop",61,1246589,https://i.scdn.co/image/ab6761610000e5eb570cd4c70491e10839abb3e9,nova consulta
Bom Gosto,4SaxUo7mfdHBowU0llwxFd,"pagode, samba",59,1243911,https://i.scdn.co/image/ab6761610000e5ebcf9826d14a38e16d8ba9cd50,nova consulta
Morrissey,3iTsJGG39nMg9YiolUgLMQ,"britpop, madchester, new wave, jangle pop",61,1243404,https://i.scdn.co/image/cdbc12a6b10dbab32ed73d4979183e95f46ebeb2,nova consulta
Alter Bridge,4DWX7u8BV0vZIQSpJQQDWU,"post-grunge, alternative metal, hard rock",62,1241840,https://i.scdn.co/image/ab6761610000e5ebae029ef07ce6eeee24e1a2a6,nova consulta
Sisqo,6x9QLdzo6eBZxJ1bHsDkjg,,61,1238844,https://i.scdn.co/image/65c4f2d897d65c2236ddc7ab761887910f8ac02f,nova consulta
ZEROBASEONE,7cjg7EkeZy3OI5o9Qthc6n,k-pop,65,1238581,https://i.scdn.co/image/ab6761610000e5eb87112f20911f26a0efb94e57,nova consulta
The Band,4vpDg7Y7fU982Ds30zawDA,"folk rock, roots rock, southern rock, americana",61,1237246,https://i.scdn.co/image/750c386b0ca07258347328b68e171bfcc1addead,nova consulta
Valesca Mayssa,4K4fsuNkaAwysF3AxRPLNh,"gospel, pentecostal, brazilian gospel, worship, devotional",59,1235423,https://i.scdn.co/image/ab6761610000e5eb86e6110603bbbf8e14d4ade5,nova consulta
Alcione,0hPar6ePAELiu9rYMdvMEo,"samba, pagode, mpb",62,1222686,https://i.scdn.co/image/ab6761610000e5eb4c4bfaa865274651bfb5cb4b,nova consulta
DECO*27,7kZTWx6cRLc0TSRPq1XBMP,"vocaloid, j-pop",64,1220521,https://i.scdn.co/image/ab6761610000e5eb172e8da719488cb0da105cfd,nova consulta
Jorge Ben Jor,5JYtpnUKxAzXfHEYpOeeit,"mpb, bossa nova, samba, brazilian jazz",65,1216481,https://i.scdn.co/image/a9c6a324c5f4a0f25bc711a7c4434c89c05ceba2,nova consulta
Di Paullo & Paulino,1e5A3rWcqk9WfLjeg5T3dI,"sertanejo tradicional, sertanejo",62,1213006,https://i.scdn.co/image/ab6761610000e5eb9df9afea38f4e1e71bd7b49e,nova consulta
bôa,5jTtGLk1mGFMY5lQOvJYUj,,69,1207207,https://i.scdn.co/image/ab6761610000e5ebd699423e4d35ff7a7fb66b7d,nova consulta
T. Rex,3dBVyJ7JuOMt4GE9607Qin,"glam rock, proto-punk",60,1206374,https://i.scdn.co/image/ab6761610000e5ebc2d410977cf0092bbded63ce,nova consulta
KC & The Sunshine Band,3mQBpAOMWYqAZyxtyeo4Lo,disco,66,1204832,https://i.scdn.co/image/ab6761610000e5eb5b9b91f430a06b8094efcbda,nova consulta
Mc Tato,7lc98VPDdogFv3eLfCX7sq,brazilian funk,59,1201895,https://i.scdn.co/image/ab6761610000e5eb96e5900ffa4872cd11e65481,nova consulta
Gal Costa,1b8kpp4DUwt1hWaxTiWQhD,"mpb, bossa nova, brazilian jazz",64,1199741,https://i.scdn.co/image/ab6761610000e5ebce25c56eb261c36e5ebc7864,nova consulta
NiziU,3z8diLlUCkN1j9N9ZdnfBJ,"j-pop, k-pop",60,1193859,https://i.scdn.co/image/ab6761610000e5eb226377c5087ab33439932cef,nova consulta
Erasure,0z5DFXmhT4ZNzWElsM7V89,"synthpop, new wave",63,1193675,https://i.scdn.co/image/ab6761610000e5eb8415569615b5c7f5c03c8594,nova consulta
Black Pumas,6eU0jV2eEZ8XTM7EmlguK6,retro soul,63,1185167,https://i.scdn.co/image/ab6761610000e5eb39d27eaedd0adde305e9c98f,nova consulta
Grelo,1eIYP01ZLPKEExhcV6xFgt,"seresta, arrocha, piseiro, forró, brega, sertanejo",67,1183046,https://i.scdn.co/image/ab6761610000e5eb3ff05498bb536e945cb0142a,nova consulta
Henry Freitas,6wduHvHCH5QZtWs6ULilDM,"forró, piseiro, arrocha, seresta, sertanejo, brega",66,1169682,https://i.scdn.co/image/ab6761610000e5eb7cc837dc20d206cdc60f3dd6,nova consulta
Iyaz,5tKXB9uuebKE34yowVaU3C,,67,1169324,https://i.scdn.co/image/07be68a6b678e0307e38303186ddbc6816f250af,nova consulta
Mc Kelvinho,1S4ASTDQvMwm6jP95pIsYB,"funk consciente, brazilian funk, trap funk",64,1168961,https://i.scdn.co/image/ab6761610000e5eb5a288e8ad03b6ca6c156c8c1,nova consulta
Saliva,5S6hjAxgxjsLylsTtMIimO,"nu metal, rap metal",63,1167245,https://i.scdn.co/image/ab6761610000e5eb9b0f80a20812daae4481dd54,nova consulta
SOJA,2vaWvC8suCFkRXejDOK7EE,"reggae, roots reggae, reggae rock",62,1167190,https://i.scdn.co/image/ab6761610000e5eb63249f1bc63ff8d4205efbc8,nova consulta
Apocalyptica,4Lm0pUvmisUHMdoky5ch2I,symphonic metal,62,1167044,https://i.scdn.co/image/ab6761610000e5ebd5b5240aa1e0454e3ea2eb72,nova consulta
MEOVV,08hHTBHlv0WRXWlyrsb6Kv,k-pop,66,1164984,https://i.scdn.co/image/ab6761610000e5ebbc6dcb995700b11563f7d8bd,nova consulta
Detonautas,5AlUDdksfPP7l4Qm22MJA9,"brazilian rock, mpb, brazilian pop, pop rock",62,1163270,https://i.scdn.co/image/ab6761610000e5ebb19cf97aea0a0c0ff1543172,nova consulta
Milton Nascimento,3Bnq7jiU506HcPjRgQ43TM,"mpb, bossa nova, brazilian jazz",64,1161329,https://i.scdn.co/image/ab6761610000e5eb8ed529f569634a2c98232412,nova consulta
Belchior,0C8HhyOa7zfzIl3gmPjY52,mpb,60,1158398,https://i.scdn.co/image/ab6761610000e5eb3108834ef947e4747ed68bcf,nova consulta
NOFX,4S2yOnmsWW97dT87yVoaSZ,"punk, skate punk, ska punk, ska, melodic hardcore, hardcore punk",59,1157607,https://i.scdn.co/image/ab6772690000c46cddcf65625878991cf30658be,nova consulta
The Pointer Sisters,2kreKea2n96dXjcyAU9j5N,disco,61,1149223,https://i.scdn.co/image/ab6772690000c46c8c57ac844d8c2170149462e3,nova consulta
Mc Th,0bg3fNpRQgZTCAg3Bseyly,"brazilian funk, funk carioca",66,1147832,https://i.scdn.co/image/ab6761610000e5eb210048d570589dddb1bf4dff,nova consulta
Bell Biv DeVoe,2zFZiWQJFFshzojycnXoTL,new jack swing,61,1143032,https://i.scdn.co/image/ab6761610000e5eb6d096b2195e267e4946b16aa,nova consulta
10CM,6zn0ihyAApAYV51zpXxdEp,"k-ballad, soundtrack",61,1137647,https://i.scdn.co/image/ab6761610000e5eb2445af13cb1a8132388cd566,nova consulta
Set It Off,06bDwgCHeMAwhgI8il4Y5k,,66,1135861,https://i.scdn.co/image/ab6761610000e5ebdcde4cdb6b61ee2260316672,nova consulta
Opeth,0ybFZ2Ab08V8hueghSXm6E,"progressive metal, progressive rock, metal, death metal, melodic death metal",59,1133512,https://i.scdn.co/image/ab6761610000e5eb45e1bb6e5285297f9e55e550,nova consulta
Casa Worship,4bqKmu3kRUl6X7pTl1CuVs,"gospel, worship, brazilian gospel, devotional",63,1133423,https://i.scdn.co/image/ab6761610000e5eb1166cd528a48f976066a4efd,nova consulta
Gabb MC,5qyPbwqvOEp7FvR1EeTQQ2,"brazilian funk, funk consciente, trap funk",65,1132755,https://i.scdn.co/image/ab6761610000e5ebf401cb2fef8f656b39f30da6,nova consulta
Joan Jett & the Blackhearts,1Fmb52lZ6Jv7FMWXXTPO3K,rock,64,1132535,https://i.scdn.co/image/ab6761610000e5eb18b65165ad4f5f1c188efc0b,nova consulta
Vitinho,09djLPsTydbIFC9duW5mQp,"pagode, samba",62,1132330,https://i.scdn.co/image/ab6761610000e5eb944dc75c8f4200ce58c883c7,nova consulta
The Marshall Tucker Band,59QxeZBL6k9L4oJBGSyukd,"southern rock, country rock, classic rock",62,1124901,https://i.scdn.co/image/ab6761610000e5eb146388d54bc86c0dc6f59f6d,nova consulta
Alessandro Vilas Boas,7nMA5jUpayvsedWUkX9lx7,"gospel, devotional, worship, brazilian gospel",61,1123060,https://i.scdn.co/image/ab6761610000e5eb291a0d4ebd07123c068f4d1e,nova consulta
Roberta Flack,0W498bDDNlJIrYMKXdpLHA,"adult standards, classic soul",62,1121585,https://i.scdn.co/image/d3b80d0493e0b44c1879fefff018b0a224d62468,nova consulta
STARSET,0kD8IT1CzF7js2XKM9lLLa,,65,1117916,https://i.scdn.co/image/ab6761610000e5eb6360a7b99211498fc60bc904,nova consulta
Cynthia Luz,0QHGCPmM4UgeNvrNPntSlu,brazilian hip hop,59,1115440,https://i.scdn.co/image/ab6761610000e5eb003954b9c52329885cf7aeeb,nova consulta
Luciano Pavarotti,0Y8KmFkKOgJybpVobn1onU,"opera, classical, canzone napoletana",64,1112779,https://i.scdn.co/image/ab6761610000e5eb7c79a26af7f4b435ec8c6b95,nova consulta
Criolo,37ZflmHTdxkSLQuT8w9NBs,"brazilian hip hop, samba, mpb, nova mpb",59,1108773,https://i.scdn.co/image/ab6761610000e5ebb4eff86493d7392fa01ef557,nova consulta
Metronomy,54QMjE4toDfiCryzYWCpXX,"new rave, alternative dance",60,1106356,https://i.scdn.co/image/ab6761610000e5ebceff4142bf102931cd3cd61d,nova consulta
Só Pra Contrariar,2B8HcBRTizIsSPryM46Sb1,"pagode, samba, axé",61,1104164,https://i.scdn.co/image/ab6761610000e5eb693f1dcf332265891aaa2b77,nova consulta
Roxy Music,3fhOTtm0LBJ3Ojn4hIljLo,"glam rock, art rock",61,1100440,https://i.scdn.co/image/ab6761610000e5eb35572c81290a3e3d4a0906e3,nova consulta
Pulp,36E7oYfz3LLRto6l2WmDcD,"britpop, madchester",61,1095391,https://i.scdn.co/image/ab6761610000e5eb2a7e3dfda16364548dfdc915,nova consulta
Alphaville,0xliTEbFfy5HQHvsTknTkX,synthpop,70,1092984,https://i.scdn.co/image/ab6761610000e5eb3f8779bb1c97be855c6b51a8,nova consulta
Colo de Deus,1AY6YtpuVujP4Pa3ibD1M1,"worship, gospel",63,1091442,https://i.scdn.co/image/ab6761610000e5eb2e46c518e592cba6800363f2,nova consulta
Jorge Aragão,2cAooeeHKk2UvzUgIxpS0y,"samba, pagode",64,1090406,https://i.scdn.co/image/ab6761610000e5eb4c15f4a9ea08585ab7019129,nova consulta
Wonder Girls,3Cv2vi3WTl8VZOTdrBkKdM,k-pop,61,1089761,https://i.scdn.co/image/ab6761610000e5eb30a517d1b703c3eabdac2855,nova consulta
Johannes Brahms,5wTAi7QkpP6kp8a54lmTOq,"classical, classical piano, chamber music, orchestral",66,1086423,https://i.scdn.co/image/d5c6af18beb1411ab49c2976647e0d370bf66a88,nova consulta
HIM,74aLweE8FHHf4yN5TWv1GM,"gothic metal, gothic rock, finnish rock",67,1083124,https://i.scdn.co/image/bceb7fc52d4b64709d487f716befe43ef8273b1a,nova consulta
Danzig,34c4iQ5tkaZKu6Sv28BTde,horror punk,59,1074956,https://i.scdn.co/image/ab6772690000c46cfc6c290e700ffc24fce643c1,nova consulta
Desejo De Menina,2BwGxEffKsSjsQyKNtBgcQ,"forró, tecnobrega, brega, arrocha",61,1074638,https://i.scdn.co/image/ab6761610000e5eb71c9ca209a05408ec3698106,nova consulta
Noel Gallagher's High Flying Birds,7sjttK1WcZeyLPn3IsQ62L,"britpop, madchester",59,1067143,https://i.scdn.co/image/ab6761610000e5eb21544d3b4e0a00d209f56743,nova consulta
Claudia Leitte,2OjoIDVPQKT9B7loZbPEfp,"axé, brazilian pop",61,1063216,https://i.scdn.co/image/ab6761610000e5ebf124d80ad340b6e83abad60f,nova consulta
Antony & Gabriel,1uhE4e8omc2wKqIK88bqH4,"agronejo, sertanejo, sertanejo universitário",59,1062854,https://i.scdn.co/image/ab6761610000e5eb2d8de7e965f34dcf980c3755,nova consulta
Mc Jacaré,6qrqAYlS6lUj2BVXax7SZW,"brazilian funk, funk carioca, trap funk",77,1046187,https://i.scdn.co/image/ab6761610000e5eb29915070fc94a63b974d185b,nova consulta
Kyan,05qCf6M7E7AxizHVmrcPqh,"brazilian trap, trap funk, trap, brazilian hip hop",66,1042087,https://i.scdn.co/image/ab6761610000e5eb8cd606185adb9a85e288deaa,nova consulta
Jorge Vercillo,783AF57UpgTN2fditDRFSs,"mpb, nova mpb",63,1039024,https://i.scdn.co/image/ab6761610000e5eb9cb2c30573b8130b727d50ad,nova consulta
Josh Groban,6cXMpsP9x0SH4kFfMyVezF,christmas,63,1033564,https://i.scdn.co/image/ab6761610000e5eb380041733de62ff964c1c241,nova consulta
Lagum,5D56dZmhE9DgT01XixdHiD,"nova mpb, mpb, brazilian pop",64,1032393,https://i.scdn.co/image/ab6761610000e5eb1183ac58ebef1c990805eab9,nova consulta
João Paulo & Daniel,4rOoJbjbSc9bNHPyHGdfbc,"sertanejo tradicional, sertanejo",61,1026966,https://i.scdn.co/image/ab67616d0000b2732dd66926b91f395688b1022d,nova consulta
Rogerinho,5JbQpbeFaKfuZVFzKwaawP,"piseiro, arrocha, forró, pagode baiano, brazilian funk, brega funk, brega",59,1018313,https://i.scdn.co/image/ab6761610000e5eb64aa81c78329e6a33142ba65,nova consulta
Blackstreet,2P3cjUru4H3fhSXXNxE9kA,new jack swing,64,1011979,https://i.scdn.co/image/ab6761610000e5ebf6fc18d6914f00397161ba3a,nova consulta
Manu,0CdnnCbbKD4oIzBmxi2o7r,"tecnobrega, sertanejo, forró, piseiro, brega, arrocha, seresta, sertanejo universitário",61,1010069,https://i.scdn.co/image/ab6761610000e5ebc98e21783d16a16df32b15d4,nova consulta
Los Hermanos,7Brxri4l1ATShikyHXsEr6,"brazilian rock, mpb, nova mpb, brazilian pop",59,1005270,https://i.scdn.co/image/ab6761610000e5ebc7fe84d060ca15142db4f115,nova consulta
Arlindo Cruz,096an3uS6ZaK2XySae6SqP,"samba, pagode, mpb",65,998423,https://i.scdn.co/image/ab6761610000e5eb181873f93056642d7b340839,nova consulta
Muni Long,7tjVFCxJdwT4NdrTmjyjQ6,,67,992494,https://i.scdn.co/image/ab6761610000e5eb37c11c7e11e87dd22bdc65a4,nova consulta
Amado Batista,5mQMEwn8ExRnlxpp3L0gHn,"brega, seresta, sertanejo tradicional, sertanejo",62,991440,https://i.scdn.co/image/ab6761610000e5ebf3cb050e116f26af491d3801,nova consulta
St. Vincent,7bcbShaqKdcyjnmv4Ix8j6,art pop,63,974466,https://i.scdn.co/image/ab6761610000e5ebbb8bc9aace3d4d39d7cfd6f1,nova consulta
Ney Matogrosso,2SFIMUkCdZowbeisskDdhn,"mpb, samba",59,972449,https://i.scdn.co/image/ab6761610000e5ebe1692ccde710b6a64884e87f,nova consulta
Buckcherry,0yN7xI1blow9nYIK0R8nM7,,59,971023,https://i.scdn.co/image/ab6761610000e5ebd842638cedc0a18bba151b1c,nova consulta
Xande de Pilares,4IQKOXNGjuRRe0WgOm5YfB,"samba, pagode",64,966449,https://i.scdn.co/image/ab6761610000e5eb70fdcf939380809a05faf39e,nova consulta
Sarah Beatriz,5eo3eRvCHJhgMDL6K1cbMT,"gospel, brazilian gospel, worship, devotional",59,965777,https://i.scdn.co/image/ab6761610000e5ebbfef8cb7efba80ccf355718d,nova consulta
Leandro Borges,1W08UTn6HSj0dHarQE7ReQ,"gospel, brazilian gospel, worship, pentecostal",59,965193,https://i.scdn.co/image/ab6761610000e5eb87d586cac5fdc7f98f76ff7d,nova consulta
Fine Young Cannibals,20p5D2KrE8CGuOjHtxsyTp,,61,963513,https://i.scdn.co/image/ab6761610000e5eb61dce24c33b8b4d70fc587b6,nova consulta
Lenine,4YLBdrR3DVSMncm785NH6C,"mpb, nova mpb",63,961900,https://i.scdn.co/image/ab6761610000e5eb585bb6ace0ecb38716039b02,nova consulta
NX Zero,1A3dFCPF68vh5lyxzBqLUH,"brazilian rock, emo, brazilian pop",59,959093,https://i.scdn.co/image/ab6761610000e5eb26af884ba5e1ccc77d1a4ba4,nova consulta
Diogo Nogueira,57xRtfFlssbpntpRQOBodd,"samba, pagode, mpb",61,956756,https://i.scdn.co/image/ab6761610000e5eb182aba85497873743fee015a,nova consulta
WOODZ,6y9nlaoynxSvoTGY09Vdcy,"k-rock, k-pop",59,954958,https://i.scdn.co/image/ab6761610000e5eba2c9b8c0aaf95a94a8a23ce1,nova consulta
Pastel Ghost,06O23tLg0or676h8EEzH7W,"witch house, darkwave",65,953689,https://i.scdn.co/image/ab6761610000e5eb48960fcc9a9bb22d8df6eb75,nova consulta
Luccas Carlos,5WFFFHVqeVk5tLuYh2KjQy,"brazilian hip hop, brazilian pop, brazilian trap",67,951295,https://i.scdn.co/image/ab6761610000e5eb98b1027c6d824c372275db69,nova consulta
We Came As Romans,6qO6LhD6FuXK5e2PtfAIMz,"metalcore, post-hardcore, screamo, metal",62,950341,https://i.scdn.co/image/ab6761610000e5ebe08b7b1c94735a45d2ba8b04,nova consulta
Kanaria,1k5LyiTCRzPjORzcgHqJxF,"vocaloid, j-pop",59,949004,https://i.scdn.co/image/ab6761610000e5ebba1e05d057356305ef1cd969,nova consulta
Silk Sonic,6PvvGcCY2XtUcSRld1Wilr,,71,948653,https://i.scdn.co/image/ab6772690000c46ca3ebb27ba9a55044f32af6e1,nova consulta
Memphis May Fire,7cNNNhdJDrt3vgQjwSavNf,"metalcore, post-hardcore, screamo",59,945196,https://i.scdn.co/image/ab6761610000e5eb97b338006d09399d93512ad3,nova consulta
Matheus Fernandes,37mqXU98U5GmH5ZDtlHM1c,"piseiro, sertanejo, pagode, forró, arrocha, sertanejo universitário",69,943997,https://i.scdn.co/image/ab6761610000e5eb281785a7b2c72abd12de03bd,nova consulta
Buffalo Springfield,3eskO5m0H4yiF64vRySBjr,"folk rock, country rock",61,943906,https://i.scdn.co/image/b701ba75981d0b9aeef036b9fab4e3c96609e364,nova consulta
Fuel,0EyuKHE1AeE9lWUF8mzKVp,post-grunge,60,939600,https://i.scdn.co/image/ab6761610000e5eb1f8b7467250357bd9b7d97dd,nova consulta
The Calling,5aMmmNxw4vgpc5XC6hK0zp,pop rock,65,931574,https://i.scdn.co/image/ab6761610000e5eb38d8424c0aad47b9167e5556,nova consulta
Agnes Obel,1rKrEdI6GKirxWHxIUPYms,,60,930810,https://i.scdn.co/image/ab6761610000e5eb312fa20da6b19e20d9b07974,nova consulta
YENA,49muoiIu4uea4PO8vueUNN,k-pop,59,929435,https://i.scdn.co/image/ab6761610000e5eb7271e8ecf4ba257055c4e9dc,nova consulta
Franz Liszt,1385hLNbrnbCJGokfH2ac2,"classical piano, classical",65,918227,https://i.scdn.co/image/9ec531e3712e68c72ae3cf06f17e4055a615c4bf,nova consulta
Luiz Lins,0hWRVPGWjaXcEvg8l65Tx0,brazilian hip hop,60,915920,https://i.scdn.co/image/ab6761610000e5eb7c9b346e94feccd753c0d11b,nova consulta
Dfideliz,0oNOkdVXXFaWC9tPb7Ol10,"brazilian trap, brazilian hip hop, trap, trap funk",63,914504,https://i.scdn.co/image/ab6761610000e5eb095b7f81651c6d9384104e02,nova consulta
pumapjl,1iVZ4G8loVE1bb5EWuOvMM,"boom bap, brazilian hip hop",65,910391,https://i.scdn.co/image/ab6761610000e5eb7674b7357c361781ccbb942f,nova consulta
fhop music,0V208yTQ5OGOUBZuszu6Fn,"gospel, devotional, worship, brazilian gospel",68,902592,https://i.scdn.co/image/ab6761610000e5eb83e0cb2b660c8526bde0b8b2,nova consulta
Vitão,06lnOkY99sXVW44Y0M4BDP,"brazilian pop, brazilian hip hop",67,902374,https://i.scdn.co/image/ab6761610000e5ebaf665ec8e604ef23785c09c6,nova consulta
Live,6eoJpTIlcuxJNjV5fDzDJH,"post-grunge, grunge",62,900873,https://i.scdn.co/image/ab6761610000e5eba36e57a3861163c27b477734,nova consulta
Bad Wolves,0eI3X5rAzHRZVe5FPk4MN1,metal,63,900870,https://i.scdn.co/image/ab6761610000e5eb620e9911e10064bcbf2d7481,nova consulta
Martinho Da Vila,6rM2yY0GnVcOHMU5GD3y9E,"samba, pagode, mpb",61,899298,https://i.scdn.co/image/ab6761610000e5eb8abfddc3911204be23a80de0,nova consulta
Orchestral Manoeuvres In The Dark,7wJ9NwdRWtN92NunmXuwBk,"new wave, synthpop",61,895714,https://i.scdn.co/image/ab6761610000e5eb242a32e4d72aa217bce81a79,nova consulta
TEN,3Q5Qep7ytrjVleNnMnntgQ,k-pop,63,890654,https://i.scdn.co/image/ab6761610000e5eb7a7d3404a53c02cfb8253067,nova consulta
AOA,54gWVQFHf8IIqbjxAoOarN,k-pop,61,889854,https://i.scdn.co/image/ab67616d0000b27336adcea4e93245f1fec547df,nova consulta
CPM 22,2Jw4Lrfjnyv2QsDoBgnrAP,"brazilian rock, brazilian pop",61,888095,https://i.scdn.co/image/ab6761610000e5eb9d47a0ac0893c45ed558d221,nova consulta
The Black Crowes,5krkohEVJYw0qoB5VWwxaC,"southern rock, rock",60,884112,https://i.scdn.co/image/ab6761610000e5eb01d418a99386b0a909d6e263,nova consulta
TWS,4GgBKgxhc649frZDHcXIEz,k-pop,64,882243,https://i.scdn.co/image/ab6761610000e5eb06a958a7da76c5b332d421c5,nova consulta
Grupo Fundo De Quintal,1WkZvxuA4zCcFF9GChK6Vr,"samba, pagode",60,875258,https://i.scdn.co/image/ab6761610000e5eb58263fbfbb58e1de70801090,nova consulta
Antônio Carlos Jobim,3pO5VjZ4wOHCMBXOvbMISG,"bossa nova, brazilian jazz, mpb, latin jazz",69,873792,https://i.scdn.co/image/25438d99922a46a53792e1496b31159ad386806a,nova consulta
Gerson Rufino,0y9kZHlHvgvMQDcFAQJziR,"gospel, brazilian gospel, pentecostal",59,869779,https://i.scdn.co/image/ab6761610000e5ebe79dd0aa346d7d16ead2a162,nova consulta
Jasmine Thompson,2TL8gYTNgD6nXkyuUdDrMg,,64,866898,https://i.scdn.co/image/ab6761610000e5eb15ad2860f59979308151bdc5,nova consulta
10cc,6i6WlGzQtXtz7GcC5H5st5,"yacht rock, art rock, glam rock",64,866488,https://i.scdn.co/image/ab6761610000e5eb87ea0df306075f9efd8b6682,nova consulta
Jimmy Cliff,3rJ3m1tM6vUgiWLjfV8sRf,"reggae, rocksteady, roots reggae",61,865045,https://i.scdn.co/image/ab6761610000e5eb11bdad2b191ac35053d34bd2,nova consulta
Ícaro e Gilmar,6Wlvsn3IPHiZwAv02lB5eC,"sertanejo, sertanejo universitário, agronejo, sertanejo tradicional",78,847313,https://i.scdn.co/image/ab6761610000e5ebefc6b2c764a0b94c8b4ad575,nova consulta
IDLES,75mafsNqNE1WSEVxIKuY5C,"post-punk, punk, noise rock",62,844714,https://i.scdn.co/image/ab6761610000e5eb15a2ab2d3913d5b998e93e71,nova consulta
Sant,7IlBcKrGUBJ0NKdnbDde89,"brazilian hip hop, boom bap",61,842452,https://i.scdn.co/image/ab6761610000e5eb45c57d46f0cc921e1b4868b2,nova consulta
Mc Magal,2FDaBZt51fOXh2rbHL8Afr,"brazilian funk, funk consciente, trap funk",65,837181,https://i.scdn.co/image/ab6761610000e5eb3017e28651f5b680f4f613d4,nova consulta
M4rkim,1FIPvZeXQpcA62WXcoCELX,"anime rap, anime",61,835537,https://i.scdn.co/image/ab6761610000e5eb9000ddd7dbd306f05c306cf9,nova consulta
Wilco,2QoU3awHVdcHS8LrZEKvSM,"alt country, americana, indie rock",60,826645,https://i.scdn.co/image/ab6761610000e5ebb990b82996651d23ab4df7e8,nova consulta
Tiee,1runhgZ4PyzxBhg0Nrc1F8,"pagode, samba",60,825922,https://i.scdn.co/image/ab6761610000e5eb65754b4347f1d5ceab98a457,nova consulta
Saba,7Hjbimq43OgxaBRpFXic4x,,59,824850,https://i.scdn.co/image/ab6761610000e5ebed8fc47f905709e79b06f12e,nova consulta
Maria Rita,1C8UBSZs5rOPfxuxTMS6OI,"samba, mpb, pagode, nova mpb, bossa nova",60,823156,https://i.scdn.co/image/ab6761610000e5eb78fbae6c967db0ecd17c8921,nova consulta
MC Leozinho ZS,6VyttZwyEMGBl90oGdKCB8,"funk consciente, brazilian funk, trap funk",67,822351,https://i.scdn.co/image/ab6761610000e5eb6844372d02198200322e5c1b,nova consulta
CHIC,0Xf8oDAJYd2D0k3NLI19OV,"disco, funk",62,816579,https://i.scdn.co/image/ab6761610000e5eb4c74c17081e7e0ef8b5eb323,nova consulta
The Cult,49DW3KvkyjHO35mK1JnSyS,"hard rock, gothic rock, glam metal",59,814360,https://i.scdn.co/image/ab6761610000e5eb84dd49fca89ff6df6f2124e5,nova consulta
Paulo Cesar Baruk,0GQKmEguhkY8DCzH4NdJvD,"gospel, brazilian gospel, worship, devotional",60,811523,https://i.scdn.co/image/ab6761610000e5eb637998561a755cddf67bbe8f,nova consulta
Pk,5xYkM2vMrE23taj6tl7qkm,"brazilian funk, trap funk, brazilian hip hop",63,805681,https://i.scdn.co/image/ab6761610000e5eba3a88318e12af7cd2ba31c8b,nova consulta
Julliany Souza,0d71FlLkqZzdpEQifcngQq,"gospel, worship, brazilian gospel, devotional",69,798795,https://i.scdn.co/image/ab6761610000e5eb8976f9557390d3d788070838,nova consulta
Julia Vitória,6tLHGlt7L7raSf6vr96hWi,"gospel, brazilian gospel, worship, devotional",59,798619,https://i.scdn.co/image/ab6761610000e5ebc8985fa1c0b824f1565cf279,nova consulta
HOYO-MiX,2YvlK6lKiKVjXxsjvNbnqg,soundtrack,73,798594,https://i.scdn.co/image/ab6761610000e5eb9e83221b244b3ec23d8faa58,nova consulta
Coco Jones,4DHLoiIqFYYFjH09WduvFd,,64,797981,https://i.scdn.co/image/ab6761610000e5eb2d9ad9587f724ff6649cb8f9,nova consulta
Village People,0dCKce6tJJdHvlWnDMwzPW,disco,59,796887,https://i.scdn.co/image/ab6761610000e5eb60571cd7326957308bad6380,nova consulta
Pomme,6e3pZKXUxrPfnUPJ960Hd9,french pop,68,793375,https://i.scdn.co/image/ab6761610000e5eb72871333b776c41403b2f873,nova consulta
Il Volo,0dE9ooTNz8iEKIKItRI66t,opera,59,788678,https://i.scdn.co/image/ab6761610000e5ebd5ce3d93025863d358017c4b,nova consulta
Clayton & Romário,1tKrZaph4cLsnEdqC5BNEQ,"sertanejo, sertanejo universitário, agronejo, arrocha",73,780189,https://i.scdn.co/image/ab6761610000e5ebcabd59fee95ad2f700a5702e,nova consulta
Di Propósito,2uSwBbWqsXgoMYQjynmwQ7,"pagode, samba",66,778519,https://i.scdn.co/image/ab6761610000e5ebf4de5820dc512a479527fc6f,nova consulta
Tião Carreiro & Pardinho,2PLF4pjm6A5eztTVbt9ou4,"sertanejo tradicional, sertanejo",60,767433,https://i.scdn.co/image/ab6761610000e5eb1041317b5f6cce2b9d6d2367,nova consulta
Yazoo,1G1mX30GpUJqOr1QU2eBSs,"synthpop, new wave",59,762342,https://i.scdn.co/image/ab6761610000e5ebc948e0ba1e0c16f8c8ab6ad6,nova consulta
Felix,4UIOuc84ExWojcUzFGtb8W,anime,59,760086,https://i.scdn.co/image/ab6761610000e5eb51e1a166ae0cc73d8ec19909,nova consulta
The Cinematic Orchestra,32ogthv0BdaSMPml02X9YB,"nu jazz, downtempo",63,759922,https://i.scdn.co/image/ab6761610000e5eb9e2576943e27fcddc3bb3646,nova consulta
Level 42,0L9xkvBPcEp1nrhDrodxc5,synthpop,59,758853,https://i.scdn.co/image/ab6761610000e5ebc416e89fd5d1eedab418f8de,nova consulta
&TEAM,2xfxRiKxoHl5tI0MKyvqV7,"k-pop, j-pop",68,756338,https://i.scdn.co/image/ab6761610000e5ebc4204e496cc9fef8d43d388f,nova consulta
Vangelis,4P70aqttdpJ9vuYFDmf7f6,new age,61,755424,https://i.scdn.co/image/ab6761610000e5eb4eb15436c35fface06216543,nova consulta
Dj GM,03PnQHlbH5nDDVX3hNg628,"funk consciente, brazilian funk, trap funk",68,748965,https://i.scdn.co/image/ab6761610000e5ebf4c4a7be4290b19b339b0101,nova consulta
Alexandre Pires,0Rrl4hJQjRAbGtiEwAqS5N,"pagode, samba",65,747562,https://i.scdn.co/image/ab6761610000e5ebc6aafcde4f379e3c332a17f3,nova consulta
Anderson Neiff,0DLzO3qfGGEJyXwLflcgXK,"brega funk, brega, brazilian funk",64,741209,https://i.scdn.co/image/ab6761610000e5eb432c91474c1d2e5294991608,nova consulta
Sigrid,4TrraAsitQKl821DQY42cZ,norwegian pop,60,731883,https://i.scdn.co/image/ab6761610000e5ebe264eb6c9a66b212bb108f85,nova consulta
Jet,5ypxebeHEIXjMtJb17uJlI,,64,730963,https://i.scdn.co/image/ab6761610000e5eb7fee6883cc7e990e5b6de167,nova consulta
She Wants Revenge,2zRt0sfxNnqI8gLR7d8gWt,"darkwave, gothic rock",64,730402,https://i.scdn.co/image/ab6761610000e5eb6d46fba0802fbbe8ef62d842,nova consulta
James Ingram,5bTTx0CRvZj1kRJwUsWWYo,yacht rock,59,730297,https://i.scdn.co/image/dcd0a82176f8716c4e18420809c6939fb8bab0d3,nova consulta
Sister Sledge,6gkWznnJkdkwRPVcmnrays,"disco, philly soul",59,729776,https://i.scdn.co/image/ab6761610000e5eb3e3e634435f477df50760eae,nova consulta
Kelis,0IF46mUS8NXjgHabxk2MCM,,67,728247,https://i.scdn.co/image/ab6761610000e5ebd1222863c4217cf03dde3613,nova consulta
Stephen Marley,0CIwCGmQMqHqiblnZlFia1,"reggae, roots reggae, ragga",61,728162,https://i.scdn.co/image/ab6761610000e5eb200689e15f3b95aaf47a05c8,nova consulta
Mc Kitinho,1d2PrJ5wELpihT8yrwH4mO,brazilian funk,66,725634,https://i.scdn.co/image/ab6761610000e5eb717198fac1c80a61404f51c9,nova consulta
Giuseppe Verdi,1JOQXgYdQV2yfrhewqx96o,"opera, classical",62,719928,https://i.scdn.co/image/29dcc5fb26df65b722073e5246c6a430e9968aa7,nova consulta
Fort Minor,7dWYWUbO68rXJOcyA7SpJk,rap rock,61,710083,https://i.scdn.co/image/ab6761610000e5eb53a76aaa221c3214f14c4c21,nova consulta
Léo & Raphael,68cvVh3HBHdwWfccCTaq0T,"agronejo, sertanejo, sertanejo universitário, piseiro",60,705313,https://i.scdn.co/image/ab6761610000e5ebba0ca89fa892f7c49537c331,nova consulta
João Gilberto,77ZUbcdoU5KCPHNUl8bgQy,"bossa nova, brazilian jazz, samba, latin jazz, cool jazz, jazz, mpb",63,699775,https://i.scdn.co/image/ab6761610000e5ebc18449a640fefd04cfe62359,nova consulta
Dr. Hook,2Mhi3jfuRSdbVZPdjqsnnN,yacht rock,59,697022,https://i.scdn.co/image/db8117c5757ee73c402eda5dd52c29cdcc3cfbbd,nova consulta
BamBam,2p48L95TwEaYkSdn6R7LOr,"k-pop, t-pop",60,694262,https://i.scdn.co/image/ab6761610000e5eb12644c9df4324596873dbdcb,nova consulta
OMI,5MouCg6ta7zAxsfMEbc1uh,,65,692432,https://i.scdn.co/image/ab6761610000e5ebb4318429cc3c4a3b72f5f87a,nova consulta
Bryan Ferry,5RNFFojXkPRmlJZIwXeKQC,glam rock,59,692271,https://i.scdn.co/image/ab6761610000e5ebdf091b136d3911958c29edae,nova consulta
The Stranglers,0RUEHcBiENFEqxgicqS2ig,"proto-punk, new wave",70,691998,https://i.scdn.co/image/ab6761610000e5ebf53947fccc7f9ace4d07a43f,nova consulta
Toque Dez,6u3oPV9fJJnIOKvKMoROmG,"arrocha, seresta, brega, forró, piseiro",71,691890,https://i.scdn.co/image/ab6761610000e5ebbb77215d3c7c2a8354a71286,nova consulta
結束バンド,2nvl0N9GwyX69RRBMEZ4OD,"j-rock, anime, j-pop",60,690179,https://i.scdn.co/image/ab6761610000e5eb38df323a9b0d7880ae59590b,nova consulta
tripleS,5Z71xE9prhpHrqL5thVMyK,k-pop,59,683773,https://i.scdn.co/image/ab6761610000e5ebfdbd8ab3c1afdcba51bc9d59,nova consulta
Bronski Beat,2wpWOzQE5TpA0dVnh5YD08,"synthpop, hi-nrg",62,672423,https://i.scdn.co/image/ab6761610000e5eb63ee00018727ae16e4d0ecef,nova consulta
Suel,4hpKB93agzoncsTXEstSpK,"pagode, samba",63,671368,https://i.scdn.co/image/ab6761610000e5eb4792e7cde4aa427743c34011,nova consulta
Ritchie Valens,5Y9xEAGW4GwGJgbiI6W85P,"doo-wop, rock and roll",59,664465,https://i.scdn.co/image/c0797b7eeb72ffd9760fa5a026641d14b3fd547a,nova consulta
Donny Hathaway,0HU0U9kdXEHZVxUNbuQe8S,"soul, classic soul",62,663049,https://i.scdn.co/image/2c9a122b0f6a1c6f083b1725f309d3a25636f4ae,nova consulta
OR3O,3Tqz477C42DxC4UT7rk3yx,electro swing,60,658973,https://i.scdn.co/image/ab6761610000e5ebf23ac05819ca084f76973359,nova consulta
Talk Talk,7Fo8TAyGJr4VmhE68QamMf,"new wave, synthpop",60,650762,https://i.scdn.co/image/ab6761610000e5eb8adaa3bb54439327dbdde765,nova consulta
Oasis Ministry,71Q7jmvxx7g06qlWNEU45p,"worship, christian",62,645739,https://i.scdn.co/image/ab6761610000e5eb29823da7783fd5d38541eff7,nova consulta
Mc Anjim,0DjQFfVxBipTFTXRCwImMP,"funk de bh, brazilian funk",60,644951,https://i.scdn.co/image/ab6761610000e5eb5cbabe8a4db5f8262a94232a,nova consulta
Vinícius de Moraes,5HlnN6xF2MD87KhGRmCRTd,"bossa nova, mpb, brazilian jazz, samba",60,642078,https://i.scdn.co/image/ab6761610000e5ebeaaeeb67f1f03b317e40306c,nova consulta
Berlin,2aS6jYh7ysTL1ZUsHneNgM,,61,637695,https://i.scdn.co/image/ab6761610000e5ebfba07dbdca45039f9d20e5bb,nova consulta
NCT WISH,4FqmqIspLaUGtxAFFLsZxc,k-pop,62,637161,https://i.scdn.co/image/ab6761610000e5ebed47aa96d82825eab5ed61c6,nova consulta
Kamisa 10,39VceBo0jXir85LCeAmAIs,"pagode, samba",69,634961,https://i.scdn.co/image/ab6761610000e5eb12a9877ba9844e3ba552701a,nova consulta
Fiduma & Jeca,2h73KyGixa4A1xlhcxjpG1,"sertanejo, agronejo, sertanejo universitário",65,634464,https://i.scdn.co/image/ab6761610000e5eb4f7894a48552ce46dd08194b,nova consulta
Léo Magalhães,4B0rppbJilYfZOPPEgpPtz,"seresta, arrocha, brega, sertanejo, forró, sertanejo universitário, sertanejo tradicional",59,633593,https://i.scdn.co/image/ab6761610000e5ebed1da968731b26e781fe8717,nova consulta
Flora Matos,5Znx4PG5UsUitigaJnmZX3,brazilian hip hop,60,629626,https://i.scdn.co/image/ab6761610000e5eb7f25349a142a2a41fc51af7b,nova consulta
James,0qLNsNKm8bQcMoRFkR8Hmh,"britpop, madchester",61,629616,https://i.scdn.co/image/ab6761610000e5eb62e8e4e1ac153f2c1851c3e9,nova consulta
LXNGVX,5IpS1TN1Crp8Ym4zjiIrtK,"phonk, brazilian phonk",69,622938,https://i.scdn.co/image/ab6761610000e5eb649f083a33e92e1e03ea77a0,nova consulta
Toquinho,7rPqFVgJYARiFsLDlN6W6y,"bossa nova, mpb, brazilian jazz, samba",63,615594,https://i.scdn.co/image/ab6761610000e5ebd39ecd1d7ee10e47187910a9,nova consulta
Yago Oproprio,7HoPy2YmahCCaYaFSFq497,"boom bap, brazilian hip hop",67,610668,https://i.scdn.co/image/ab6761610000e5ebbcae189aad0812ed59c9126f,nova consulta
Black Alien,6aCbXH85qN6xo54C7atSMx,"brazilian hip hop, boom bap",60,608272,https://i.scdn.co/image/ab6761610000e5ebba2786969b06c231b04a3f80,nova consulta
Richard Clayderman,0h885xmyK9xHfhyXQr37L6,easy listening,63,606445,https://i.scdn.co/image/ab6761610000e5ebe572e0bc2defb843944d24a2,nova consulta
Robert Schumann,2UqjDAXnDxejEyE0CzfUrZ,"classical piano, classical, chamber music",63,606331,https://i.scdn.co/image/795f15e4d860456a306055ccc995075c5dad9fa6,nova consulta
Rubel,0slVGXBggrLglTLNKbeEyW,"nova mpb, mpb",60,604821,https://i.scdn.co/image/ab6761610000e5eb7e0f313f718701f5f9659529,nova consulta
The Cramps,4lYtGx5NZQJHsMyhHc5iz3,"psychobilly, horror punk, rockabilly, deathrock, gothic rock",59,601837,https://i.scdn.co/image/fc6b731da9ccf21380f2c32a37a825b8b6e41fc8,nova consulta
Beth Carvalho,56TkPi7rpmU8jTpkcK7FY3,"samba, pagode, mpb",59,590925,https://i.scdn.co/image/ab6761610000e5eb565b853f9e6046aaf0c251a1,nova consulta
DOPE LEMON,7oZLKL1GjYiaAgssXsLmW8,,64,590730,https://i.scdn.co/image/ab6761610000e5eb3c182606276f429540196ba5,nova consulta
Bielzin,2vWGxqWbGgmgxVDZ5CBvBP,"brazilian trap, trap funk, trap, brazilian hip hop, brazilian funk",60,579791,https://i.scdn.co/image/ab6761610000e5eb7d14b158cf57e949f00fe06f,nova consulta
Silvanno Salles,0HFoOA61ShFCVKyKUPoN6B,"arrocha, seresta, brega, forró, piseiro",62,568200,https://i.scdn.co/image/ab6761610000e5eb92c9a00e2d035b7e7e8e3def,nova consulta
Felipe e Rodrigo,7gZu6kPnY9enEi5FvgTO4F,"sertanejo, sertanejo universitário, agronejo",73,566375,https://i.scdn.co/image/ab6761610000e5ebbd2f0e9cd5aa71f17660231c,nova consulta
Liniker,2O6q06oNcmOIPg1qidSU3C,"nova mpb, mpb, brazilian pop",66,564065,https://i.scdn.co/image/ab6761610000e5eba3ff9fc3a247fabe1ceddd62,nova consulta
Kailane Frauches,4Gbrv0tqC8CkFU639l5VjD,"gospel, pentecostal, worship, brazilian gospel",59,562410,https://i.scdn.co/image/ab6761610000e5eb99cb7738e55531fb282d9d3d,nova consulta
DJ Lucas Beat,2zWqENF4cnsd1nLmraG9IE,"agronejo, piseiro, brazilian funk, sertanejo",59,559710,https://i.scdn.co/image/ab6761610000e5ebdc5b05e4849b7ef4b7e802df,nova consulta
Irene Cara,3oZa8Xs6IjlIUGLAhVyK4G,,62,555684,https://i.scdn.co/image/6f67ead8aa38bba044f98ada0b1643e3a37ac1c0,nova consulta
Le Tigre,2n6FviARgtjjimZXu18uRM,"riot grrrl, queercore, electroclash",62,550894,https://i.scdn.co/image/3bc85fea3c1ed9320f63e50bf7c6e0b1c9ced6c5,nova consulta
Derek,4Y0VwRwAOyJutxoVpPX4td,"brazilian trap, trap, brazilian hip hop, trap funk",60,540468,https://i.scdn.co/image/ab6761610000e5eb7a43d85a2421db006351030a,nova consulta
Alice Phoebe Lou,03uMw43UVu9MsQCcHVSGjX,,61,540156,https://i.scdn.co/image/ab6761610000e5eb5d2ce0048a6e0974b08ae73e,nova consulta
25時、ナイトコードで。,1VMXuPyhNldYomz8ojLKP7,"vocaloid, j-pop",61,537640,https://i.scdn.co/image/ab6761610000e5ebd103439250c5eb427e98d844,nova consulta
Cutting Crew,3cniTumSiUysiPWXapGx1i,,64,533870,https://i.scdn.co/image/ab6761610000e5eb5677d41157dee225b3633737,nova consulta
ERA,4D0CepDROoLM09ht1sM5cu,"new age, gregorian chant, celtic",59,533317,https://i.scdn.co/image/ab6761610000e5eb5f10ce6dc9df56645cf461fe,nova consulta
XLOV,2b8aDRZFgUGWiUGchpWsyC,k-pop,66,531807,https://i.scdn.co/image/ab6761610000e5ebb9f65d8d377f1cd413e173ae,nova consulta
Monster High,43niWwvn8OX1HmJLXu4aLV,,60,530092,https://i.scdn.co/image/ab6761610000e5eba26c5d6f82e579733e0548e0,nova consulta
Falamansa,6uTK3YD9CT3pLx2yEfVmXk,"forró, forró tradicional",61,519623,https://i.scdn.co/image/ab6761610000e5ebf08089d75607c810c9ba0b6e,nova consulta
Mc Magrinho,4JA9UvIYD3D5kL7utiGJMI,"funk de bh, brazilian funk, funk carioca",67,513414,https://i.scdn.co/image/ab6761610000e5ebbd2716fbc24dcf472b6b5243,nova consulta
Lourena,3jLj1sAQaEpLpktyJmyGIh,brazilian hip hop,64,512165,https://i.scdn.co/image/ab6761610000e5eb8cbaa2b06787ecfec1597c86,nova consulta
Mc Jhey,34giN3qeTOdgDSJIdtIMdm,"phonk, brazilian funk, brazilian phonk",75,511979,https://i.scdn.co/image/ab6761610000e5ebaba5334e1aa59f6998a7a090,nova consulta
ATLXS,5SCDfg1YoEfI5gFtXqEWah,"phonk, brazilian phonk",75,510469,https://i.scdn.co/image/ab6761610000e5eb0dbdfe724b5e256b8ed0327a,nova consulta
Dayseeker,5FjQVp1Lb0kltmwIuu5kfj,"metalcore, post-hardcore",68,509436,https://i.scdn.co/image/ab6761610000e5eb43762a7f15b8a47a8e999fa9,nova consulta
Giacomo Puccini,0OzxPXyowUEQ532c9AmHUR,"opera, classical",61,507292,https://i.scdn.co/image/98aef2b83b0148a90f9c60a163e08197f9d8606b,nova consulta
Tasha & Tracie,5Gv1C1LY8pWiYcfcdjSNMT,"brazilian hip hop, brazilian trap",61,503703,https://i.scdn.co/image/ab6761610000e5ebbe591f361b2cbcfd326a1f4b,nova consulta
Inner Circle,5os0Ltvz8Q8BvXOPOd1frx,"reggae, roots reggae",63,502686,https://i.scdn.co/image/ab6761610000e5eb0ec60bb44bb36a4bc5beb3a0,nova consulta
James Hype,43BxCL6t4c73BQnIJtry5v,"house, tech house",70,500838,https://i.scdn.co/image/ab6761610000e5ebf279d1127692bc46781a4a10,nova consulta
Carol Biazin,5dYdZmGyv2UTIN1XMe1drN,"brazilian pop, nova mpb",66,498218,https://i.scdn.co/image/ab6761610000e5eb0597e920287919b83192af5a,nova consulta
Danny Elfman,5qBZETtyzfYnXOobDXbmcD,soundtrack,67,496431,https://i.scdn.co/image/ab6761610000e5ebf741706530dbd36d43078b98,nova consulta
KMFDM,3V4IvzRQYP5mzuVtkcHgVa,"industrial, industrial metal, industrial rock, ebm",60,496085,https://i.scdn.co/image/ab6761610000e5eb6a76d5a5d332ac3af978720e,nova consulta
EJAE,0RMJOzHDhAKY1o2j0W0vxY,k-pop,88,491257,https://i.scdn.co/image/ab6761610000e5eb823e267b7aeb50d2ab58cc94,nova consulta
Melody,7ySZCEP4HFGckYYPK5rqFI,"piseiro, brazilian pop, agronejo, funk pop",65,490972,https://i.scdn.co/image/ab6761610000e5eb6f3a927865139f4ffabc4bad,nova consulta
Gilsons,6q7nMIVgGohQ14mSsq3F8t,"nova mpb, mpb",65,486214,https://i.scdn.co/image/ab6761610000e5eb919bcf8dda8256a250d10d26,nova consulta
Haddaway,0Suv0tRrNrUlRzAy8aXjma,eurodance,67,485463,https://i.scdn.co/image/ab6761610000e5eb53842a09c7f84fda4255b3ea,nova consulta
Mc Leozin,6mKwmTMzDrye9elc8JWiw3,"brazilian funk, funk de bh",64,484437,https://i.scdn.co/image/ab6761610000e5eb5d03c502c7ae70156da103a9,nova consulta
Kadu Martins,57VQCKnZ9nhS7bvoviXuZK,"piseiro, forró, arrocha, brazilian funk",63,474395,https://i.scdn.co/image/ab6761610000e5eb3aa9ebdb0e68589ea3cfa23c,nova consulta
Brenda Lee,4cPHsZM98sKzmV26wlwD2W,christmas,72,472433,https://i.scdn.co/image/ab6761610000e5eb4ea49bdca366a3baa5cbb006,nova consulta
Jon Secada,10n1KB2sjTrGdyuC83y8jW,,62,457719,https://i.scdn.co/image/f8620fc08b69fb4a9be63660b8b3740a41be3905,nova consulta
Johnny Mathis,21LGsW7bziR4Ledx7WZ1Wf,christmas,60,450910,https://i.scdn.co/image/ab6761610000e5ebc388621eabac860a2db9af71,nova consulta
KVSH,2uGKgNuq7MnKksXiSO6HjB,"brazilian bass, electronic, electro",59,448547,https://i.scdn.co/image/ab6761610000e5ebe62d945f2cd37ae94b6658e5,nova consulta
MC Levin,0guw2RGoUqaWKpoCY5DzWY,"brazilian funk, brega funk",59,437621,https://i.scdn.co/image/ab6761610000e5eb94a9038f40802cbbc4968814,nova consulta
MC GH do 7,5XUMgbLR3zyRPesnTQY31C,"brazilian funk, trap funk, funk consciente",65,437084,https://i.scdn.co/image/ab6761610000e5eb71e6fbbb09b28255dba80501,nova consulta
Silva,50sftj2oW2iBviA6RkTzsz,"nova mpb, mpb, brazilian pop",59,435240,https://i.scdn.co/image/ab6761610000e5eb58b80d8560a14c0fdff67a5f,nova consulta
Michael Giacchino,4kLvhMAuCloLxoP1aVM7Lr,soundtrack,65,434371,https://i.scdn.co/image/ab6761610000e5eb9945209ac13720afd7eea2e3,nova consulta
Kim Carnes,5PN2aHIvLEM98XIorsPMhE,,62,431176,https://i.scdn.co/image/ab6761610000e5eb1ba0c0b42be17d19a8d67d15,nova consulta
Traia Véia,0FMBXfGasuAjdpsCs7zgju,"sertanejo, sertanejo universitário, agronejo",67,422312,https://i.scdn.co/image/ab6761610000e5ebda1ed48f516c081f664e9012,nova consulta
José Jr,2aHIXgsgccgg4j8BBzrvb6,"devotional, gospel, worship, brazilian gospel",62,421619,https://i.scdn.co/image/ab6761610000e5eb5299df7a34e20a108b53be23,nova consulta
Lit,5mgr0FFpvy267wKVAYg8qp,pop punk,59,419579,https://i.scdn.co/image/ab6761610000e5ebb55c4b1d23c8f52d0584cf19,nova consulta
James Newton Howard,2M4eNCvV3CJUswavkhAQg2,soundtrack,64,417182,https://i.scdn.co/image/ab6761610000e5ebe9d190a9e39a772d84b068ab,nova consulta
Zezo,5R18GNmvBWGTfBAG0Xy8WT,"seresta, brega, forró, arrocha, forró tradicional, piseiro",60,415649,https://i.scdn.co/image/ab6761610000e5ebf08cceafd01cbd441fe5391f,nova consulta
Mari Froes,60oAQJsBmykZP3GwjbSL6S,nova mpb,65,413144,https://i.scdn.co/image/ab6761610000e5ebd59ca8c68f4bdbae60579901,nova consulta
Ky-Mani Marley,1XTGADISSMRf8B4TcVGYUC,"reggae, roots reggae, ragga",60,410939,https://i.scdn.co/image/ab6761610000e5eb5e58da6e2cec104db6eea4fa,nova consulta
Naomi Scott,2Zi3RrdQqk63Xj0914STkS,,60,410679,https://i.scdn.co/image/ab6761610000e5eba0f6d9d7942673cfb03996c8,nova consulta
Khantrast,1MOetFIO4hBem9p9FVP9Jo,"anime rap, anime",63,410656,https://i.scdn.co/image/ab6761610000e5ebf7de95ac6e2d747b8c3ee071,nova consulta
Bibi Babydoll,6R26kGib2ubbZJMh7kKVGV,"phonk, brazilian phonk",64,409620,https://i.scdn.co/image/ab6761610000e5eb5efb6403bc1ccb66777829f9,nova consulta
Stephen Wilson Jr.,4DSDa4HvAWqvb3dMHUOAfd,,64,402958,https://i.scdn.co/image/ab6761610000e5eb2e25871e208b1befa79b4c44,nova consulta
Mundo Bita,47iSWoNrLjnWCWesR14gL2,"lullaby, children's music",64,401593,https://i.scdn.co/image/ab6761610000e5eb0bf67671e6a51c108987bad4,nova consulta
Mc Kanhoto,3bpbNht7qJCmPo8sjVF3tA,"funk consciente, brazilian funk, trap funk",60,396388,https://i.scdn.co/image/ab6761610000e5eb54242e76f75d68aa3498c36b,nova consulta
La Bouche,488v7rQzthLNK22r0UvMie,"eurodance, europop",66,395957,https://i.scdn.co/image/ab6761610000e5ebab2fd50f1aa451563964d381,nova consulta
izna,6EB5QC7lGAu7bSuWQ416d4,k-pop,62,389884,https://i.scdn.co/image/ab6761610000e5ebe5471cb5eb32eadd9f8d492f,nova consulta
Nico,0IwlY33zbBXN7zlS9DP2Cj,"proto-punk, art rock",59,388035,https://i.scdn.co/image/677676052b80931c35666be501d1f0d5c97397c9,nova consulta
Galinha Pintadinha,070CnHC2iZh5oLpyWYPf8h,"lullaby, children's music",65,382307,https://i.scdn.co/image/ab6761610000e5eb624a49a01efc05b7f9a99b42,nova consulta
Bryce Savage,3BKu8LEdOvfIVWXZlmJAGI,,59,381575,https://i.scdn.co/image/ab6761610000e5ebd27f0664579e1c5db646a124,nova consulta
SEGA SOUND TEAM,4ShgdWtm52xvEr8uYmT0V6,"japanese vgm, soundtrack",65,381068,https://i.scdn.co/image/ab6761610000e5eb90ce8f1aabbd240965b614a6,nova consulta
PLAVE,0k2zyzGq6HX383VlMBOvRG,k-pop,63,371215,https://i.scdn.co/image/ab6761610000e5eb7d510a4ec6b151d077eefae8,nova consulta
Seeb,5iNrZmtVMtYev5M9yoWpEq,,67,369652,https://i.scdn.co/image/ab6761610000e5eb6e2648826fa7ff10d943b0a4,nova consulta
Blu Cantrell,6vytZ677lz4LzCrUDcDokM,,61,367691,https://i.scdn.co/image/ab6761610000e5eb46920c12235935b517751f54,nova consulta
Ebony,1UBSRfDGNkhpTWQeMyCwHb,,63,358453,https://i.scdn.co/image/ab6761610000e5eb07f2470fe2912086a7fd0aae,nova consulta
Dallass,4LAFtDzlQM89xov636hMVv,"brazilian trap, trap funk, trap, brazilian hip hop",72,358096,https://i.scdn.co/image/ab6761610000e5eb9b36de3852c1c803e2934258,nova consulta
Labi Siffre,5CzlICF8GCY0pRC82MKrhX,,65,357998,https://i.scdn.co/image/ab6761610000e5ebbac42447a71cc398fad2efac,nova consulta
Nobuo Uematsu,3V79CTgRnsDdJSTqKitROv,"soundtrack, japanese vgm, japanese classical",60,356116,https://i.scdn.co/image/e5ac7ec5636e8c29e376eba45256c756b2879bf7,nova consulta
Raphaela Santos,1xUYzPQi0zdezdLkEjuqQH,"brega, forró, arrocha, seresta, tecnobrega, piseiro",61,355784,https://i.scdn.co/image/ab6761610000e5eb85bc1e2b89251419bb5b98a1,nova consulta
James Horner,3PhL2Vdao2v8SS8AptuhAr,soundtrack,65,353602,https://i.scdn.co/image/cf3b34dae12d2d8147b8c2b39387047778d587e3,nova consulta
MC Meno K,1CbQrKvCpEnekM3QMGJtXK,"brazilian funk, funk carioca",81,351799,https://i.scdn.co/image/ab6761610000e5ebbb83e0b2decc9e04a0c78c8c,nova consulta
Brenno & Matheus,5aC2LaswbZgcf1G2uxqBxF,"agronejo, sertanejo, sertanejo universitário, piseiro",65,349150,https://i.scdn.co/image/ab6761610000e5ebbf19b1044d152d7aa06dfc13,nova consulta
Technotronic,2Cd98zHVdZeOCisc6Gi2sB,"eurodance, hip house, dance",60,348611,https://i.scdn.co/image/ab6761610000e5eb9d817d4cc3d55287f565c6a4,nova consulta
Diggy Graves,1TpOqFPZPxxeuLHL3oSl2t,horrorcore,62,346952,https://i.scdn.co/image/ab6761610000e5eb76214b84dc4393e4836a3920,nova consulta
Azzy,1uf8uSErmKc3JVtmjVBZ83,brazilian hip hop,62,346715,https://i.scdn.co/image/ab6761610000e5ebfbfbb1fbe3dd682a67e560dd,nova consulta
LEALL,4h52MPCFvx56uhmH254Uqz,"boom bap, brazilian hip hop, brazilian trap, grime",61,331040,https://i.scdn.co/image/ab6761610000e5ebaa2f198b34083886b53b0921,nova consulta
Marcelo Markes,6SuvEQMnKI1I4rfErcOdi2,"gospel, worship, brazilian gospel, devotional",62,330391,https://i.scdn.co/image/ab6761610000e5eb4784fda5c9b300859b369988,nova consulta
Alan Silvestri,0Xk15jHKly4c3AhPr5vjoA,soundtrack,59,329703,https://i.scdn.co/image/99a6958df8dfe17c85eff3ac7d2aed2a87413f72,nova consulta
JMSN,6HCkJzbswOIc7Qc5TJ1n5l,alternative r&b,60,320733,https://i.scdn.co/image/ab6761610000e5ebab39fdc015ba78f38f5f10c0,nova consulta
Danilo e Davi,5DaqVKaxeqDbJuxaIP9m4u,"sertanejo, agronejo, sertanejo universitário",69,318526,https://i.scdn.co/image/ab6761610000e5ebd6982a422d609e0986ecea5e,nova consulta
New Radicals,0Grjlu7ncIuCaSYvCs9fcd,,64,316978,https://i.scdn.co/image/181d69eb2191335b136de8993e0c2ef9f381600c,nova consulta
Geek Music,4TkCMPznXOjlsYLfzIU1rw,anime,62,315272,https://i.scdn.co/image/ab6761610000e5eb7c3e821249e3b4455323cc6d,nova consulta
Mc Rodrigo do CN,54bV1pHNm5h5EcEgMis1RC,"brazilian funk, funk de bh, funk carioca",79,313543,https://i.scdn.co/image/ab6761610000e5eb4fd600a930dcee006e63813e,nova consulta
Menor MC,78Y1NpgD0yMKoBetaYlUzS,"brazilian trap, trap funk, brazilian funk, trap",60,312688,https://i.scdn.co/image/ab6761610000e5ebc9b772ad11a7287f6903bc27,nova consulta
SNAP!,2FrKQPjJe4pVMZOgm0ESOx,eurodance,64,311983,https://i.scdn.co/image/ab6761610000e5eb1097cae1ae4199d388081661,nova consulta
Drops INA,0KKcTiB0jc5ZWK1a0JfuUh,"gospel, devotional, worship, brazilian gospel",60,311798,https://i.scdn.co/image/ab6761610000e5ebc4ce932a1cd70958b2d9b571,nova consulta
Sons of Legion,4WBCjNjq0MGPsvcXyOPWKW,,62,310162,https://i.scdn.co/image/ab6761610000e5ebbfb4638e8e2cf3f38671d59b,nova consulta
Ricchi E Poveri,5BwOOeKayeMZXa5SSaiRxv,"italo dance, italo disco",64,307502,https://i.scdn.co/image/ab6761610000e5eb56d025ec4efa356f8d72a536,nova consulta
John Powell,3EAHF3jdnHHdko5DBrhRUP,soundtrack,65,304394,https://i.scdn.co/image/ab6761610000e5eb7407d140005a90a2fcb34c43,nova consulta
ZOMBIES – Cast,2L7RaHwfVU6ge64IJF8GO5,,71,301551,https://i.scdn.co/image/ab6761610000e5eb43c5a4ee0ebf8f393b9615e6,nova consulta
Georges Bizet,2D7RkvtKKb6E5UmbjQM1Jd,"opera, classical",59,300725,https://i.scdn.co/image/4a640bd1a558a58cc4dc3b8effec7747ae55ce17,nova consulta
3 Palavrinhas,6apif9UbguC36klKtjMKVL,"lullaby, children's music",63,299593,https://i.scdn.co/image/ab6761610000e5eb7cb986b1fe6e3bdebed7e69a,nova consulta
Guilherme Silva,46NHIGaIM5YNY9Wu1kIqvP,"forró, piseiro, seresta, arrocha, brega",61,298625,https://i.scdn.co/image/ab6761610000e5ebf0634498239389d14131016a,nova consulta
And One,6OAueBADydAjR5lP5NqTvv,"ebm, industrial, synthpop, darkwave",62,291239,https://i.scdn.co/image/ab67616d0000b273cb184ac2977824f989ebad9c,nova consulta
Marília Tavares,5B1BR71Q9cBvvoNocPSHiL,"sertanejo, arrocha, seresta",60,288658,https://i.scdn.co/image/ab6761610000e5eb79e6689f865fc8878b82fe33,nova consulta
AJULIACOSTA,0eHkGhhUyp3LZdtZjaA8gd,,63,286616,https://i.scdn.co/image/ab6761610000e5eb5fff1b11fac45baa55dd0a46,nova consulta
Seu Desejo,71qmoLfGw4fDPJPJ2MBNax,"forró, arrocha, brega, piseiro, seresta",62,285466,https://i.scdn.co/image/ab6761610000e5eb704c8862386609b8daec6602,nova consulta
Zeeba,7qPLO2XOUaRrRxkvLZ3AEK,,64,283476,https://i.scdn.co/image/ab6761610000e5ebd717282c40f0aec698296b38,nova consulta
Corona,26T6b8maqEVltcmE4kSDUl,eurodance,61,274884,https://i.scdn.co/image/ab6761610000e5eb8c5ccdc0da89e063165f0d89,nova consulta
Novulent,2Q0rAyTIfdTUwDt8jpEpv0,shoegaze,61,265525,https://i.scdn.co/image/ab6761610000e5eb0c6255a001f71a6e9a48a1c1,nova consulta
DJ TOPO,0xj9MJx9r0wO2o4aqdergP,brazilian funk,66,264393,https://i.scdn.co/image/ab6761610000e5eb78a0179d59f8e3e5c8bd99e7,nova consulta
Berliner Philharmoniker,6uRJnvQ3f8whVnmeoecv5Z,"classical, orchestral, opera, requiem",74,263626,https://i.scdn.co/image/ab6761610000e5eb055b7b456a9d22d6ae1ed18f,nova consulta
Shiro SAGISU,5k3NfhEeZHpouIGDpjKOPo,"anime, soundtrack",62,263502,https://i.scdn.co/image/f92fa0801a9a2ecc9ff854c5d80b847afb684e6c,nova consulta
SonoTWS,4V6S8Exb51yXRs6oiJYIgE,"boom bap, brazilian hip hop",64,256419,https://i.scdn.co/image/ab6761610000e5eb2a6adbf946bbfd3fed4a2765,nova consulta
Menahan Street Band,1PryMSya1JnSAlcwYawCxp,retro soul,60,255907,https://i.scdn.co/image/ab6761610000e5eb46dc0fd03399b8a9dfed982d,nova consulta
MC Vitin LC,3VU1prPpWqYhRlKS6FQNMR,"funk de bh, brazilian funk, brega funk",59,254275,https://i.scdn.co/image/ab6761610000e5eb9a35410451f3859d7ca5294a,nova consulta
Hugo Henrique,5Z05MLMVXu2Vmj1WWwO97E,"sertanejo, sertanejo universitário",59,249062,https://i.scdn.co/image/ab6761610000e5ebc94f0d6de1959986e65710e7,nova consulta
London Philharmonic Orchestra,3PfJE6ebCbCHeuqO4BfNeA,"classical, opera, orchestral",66,246170,https://i.scdn.co/image/ab6761610000e5eb68060bb8c0b22952f9013901,nova consulta
Bear McCreary,2ifvIECHAlEgPMBuBOJ0lG,"celtic, soundtrack",60,243569,https://i.scdn.co/image/ab6761610000e5eb7cfb8906597801fcadec3513,nova consulta
Brandão85,2KwQkyJzT9r6Hh56jtfuse,"brazilian trap, trap, brazilian hip hop, trap funk",66,242327,https://i.scdn.co/image/ab6761610000e5eb89200b970cd38925fb1d4a2e,nova consulta
Culture Beat,0BZ3BHzfYwpd3k5TDnvAz8,eurodance,60,240269,https://i.scdn.co/image/ab6761610000e5eb07a45374a303dab4d637bb2d,nova consulta
Link do Zap,69HZc0P77aI7VUFx4GAdQm,,61,238112,https://i.scdn.co/image/ab6761610000e5eb2cabcd5d5ab0c6b6ad09b8ea,nova consulta
iNi Kamoze,1VJspRsoC6c0bvqhnSiFCs,"reggae, roots reggae",60,237374,https://i.scdn.co/image/dc120e719cd173c59ba90c2cc1c5710543930de3,nova consulta
Gamadinho,5midJ0agDR5PUU5QbBswDt,"pagode, samba",61,236681,https://i.scdn.co/image/ab6761610000e5eb4d4062cecf0cf878c3308114,nova consulta
Urias,6BXiBj4eAZsiynbcmSRHUs,brazilian pop,60,235709,https://i.scdn.co/image/ab6761610000e5ebf35e1c3f88c658be155a2db2,nova consulta
Sain,26aPjwxSSJsGy6yQ19YL55,"boom bap, brazilian hip hop",59,235666,https://i.scdn.co/image/ab6761610000e5ebf869eed3ad45a493e0caf03b,nova consulta
Caskets,2XIbOWDT5vZPW7jNyzdfcK,"metalcore, post-hardcore",60,231541,https://i.scdn.co/image/ab6761610000e5eb7094e150185be7496961ec17,nova consulta
Oklou,6fFcUOFcbjeIuEomuUthkw,"art pop, hyperpop",63,229735,https://i.scdn.co/image/ab6761610000e5ebf8b90fcffca3c4e28564f0e3,nova consulta
Panda,5qIpstBGrGteJZg1xIvbiz,"sertanejo, sertanejo universitário",80,228499,https://i.scdn.co/image/ab6761610000e5eba2d6c900d791fb6b84425725,nova consulta
Sons Of The East,6cSxzHrQgGc4I4Ck5Gewej,"indie folk, folk pop",60,224515,https://i.scdn.co/image/ab6761610000e5ebc1c18aff11fafdd24172dd08,nova consulta
G.A,4yFJeWVY6IZLc5KcYCvtBE,"brazilian trap, trap funk, trap",68,221880,https://i.scdn.co/image/ab6761610000e5ebd8ade6183cfa19e54a957324,nova consulta
Steve Jablonsky,5Il8YjuVAWkWNH2xgjFMpF,soundtrack,59,219829,https://i.scdn.co/image/c65979ab9c8924cd836b77331cf8afa4463f51eb,nova consulta
Geese,0WCo84qtCKfbyIf1lqQWB4,art rock,66,216408,https://i.scdn.co/image/ab6761610000e5ebbc9546a945c7563a9eb21f3d,nova consulta
MC K.K,6TtI28JVtV3RufOCwLvHod,brazilian funk,59,215893,https://i.scdn.co/image/ab6761610000e5eba8455b5d27570a239b293a77,nova consulta
Roger,3GMoVpWJy4smKuxFuFTwXC,quiet storm,64,214383,https://i.scdn.co/image/143249f04c9133b493b3f257beb4b2d6b6e64f3f,nova consulta
Malibu,0PMk31f9Log4ixwUUY40p6,"pagode, brazilian pop",66,214055,https://i.scdn.co/image/ab6761610000e5eb2abda2a8320da2244a6261b7,nova consulta
MC Braz,7htxZTR76qcXYJylEmkLiJ,"funk de bh, brazilian funk",60,207169,https://i.scdn.co/image/ab6761610000e5eb4f8562af40412b969c406c41,nova consulta
NXGHT!,7lAaAGxYxk2GH8cMbTEwAL,"phonk, brazilian phonk",69,204536,https://i.scdn.co/image/ab6761610000e5eba07880fb9632cab8efa4b12a,nova consulta
Yu-Peng Chen,6CY7WNJfd5uZclcS3WeEjx,soundtrack,61,202749,https://i.scdn.co/image/ab6761610000e5eb4d6a491aecf0e36870aa3a21,nova consulta
Leony,2NpPlwwDVYR5dIj0F31EcC,,64,201381,https://i.scdn.co/image/ab6761610000e5eb13d4ebaee6c50fc78a073fb0,nova consulta
Crystal Waters,2sd9Q3r0Jhqpe3w9WVuG43,,63,200860,https://i.scdn.co/image/ab6761610000e5ebf391dcee5336bb3d0e429a7d,nova consulta
Herbert von Karajan,5zCaQxjl110XTrm4LQ1CxY,"classical, opera, orchestral, requiem",70,200372,https://i.scdn.co/image/ab6761610000e5ebf67fde1740e91a88445d5bdd,nova consulta
Royal Philharmonic Orchestra,0MvSBMGRQJY3mRwIbJsqF1,"orchestral, classical",70,198970,https://i.scdn.co/image/ab6761610000e5ebf9cd4a9062ded7cb2b8a351b,nova consulta
Lipps Inc.,0lwRI7lvmlRY5DiA5Xa6wQ,disco,59,197077,https://i.scdn.co/image/ab6761610000e5ebcf5fb42825076ab99ff7a991,nova consulta
BL8M,3oOA09qR93zgp61ALkHIJJ,,61,195647,https://i.scdn.co/image/ab6761610000e5ebd00e5de30db289c289615842,nova consulta
TRXVELER,31VaidRoI1NnHfyY8SxSL7,"phonk, brazilian phonk",59,194874,https://i.scdn.co/image/ab6761610000e5ebb730b1f05373e900152bbae2,nova consulta
Vou Zuar,5x2zeeLVXEDaMHRaRmH3FD,"pagode, samba",65,192437,https://i.scdn.co/image/ab6761610000e5eb3f4215c918ee428f2ea02d6e,nova consulta
Jeremy Soule,77yY2QmM6bYvjJ3y5L2R0v,"medieval, soundtrack",66,190772,https://i.scdn.co/image/ab6761610000e5ebeee6850d24bde3815a42f83f,nova consulta
Rennan da Penha,7ecRwFks8F2vYad383BkKf,"brazilian funk, funk carioca, brega funk",59,190733,https://i.scdn.co/image/ab6761610000e5ebfb4757b595668cf82e9a829c,nova consulta
Caju Pra Baixo,4QXf68owEt4pbGAUeDaIfp,"pagode, samba",59,186853,https://i.scdn.co/image/ab6761610000e5eb5bcacb960e4040d665c01b78,nova consulta
Dj Nene,5iR3NEmAFbIBa7v8y3fRbM,"brazilian funk, funk consciente, trap funk",64,185690,https://i.scdn.co/image/ab6761610000e5eb1a77274c5bd1b96e518fb6b2,nova consulta
Luiza Martins,5Ywgqsa6t5yNiD1wgQuw43,"sertanejo, sertanejo universitário",59,184206,https://i.scdn.co/image/ab6761610000e5eb6378f3c6bcc2778f616de760,nova consulta
Christopher Larkin,13kMpt8IdcHcdxPLcJrgU2,soundtrack,69,182892,https://i.scdn.co/image/ab6761610000e5eb22c3ebc48fc86c3bfdc47dfe,nova consulta
Felipe Rodrigues,2Fg24GlhFBtqn2c9FxzFrS,"gospel, devotional, worship, brazilian gospel",64,180730,https://i.scdn.co/image/ab6761610000e5eb1c2daeded85cf5c5ff26faef,nova consulta
Shakin' Stevens,0wi4yTYlGtEnbGo4ltZTib,"christmas, rockabilly",63,179595,https://i.scdn.co/image/ab6761610000e5eb0cdda37cae32193ecc26fe02,nova consulta
Ajaxx,0y7B2G0jNMGWyQJsOoRMUt,"brazilian trap, trap funk, trap, brazilian hip hop",66,176822,https://i.scdn.co/image/ab6761610000e5ebc2ad33c1dce243dece4a39b2,nova consulta
Salve Malak,7zxFc10N9BP2lg73b8cwZ0,brazilian hip hop,67,176425,https://i.scdn.co/image/ab6761610000e5eb70e0911e8d9d499151d8c972,nova consulta
Itzhak Perlman,0hIG9FXgjQxT8fKaYceFbA,"classical, chamber music",64,176250,https://i.scdn.co/image/f1658bc66d1f99ab6d118f26a2abaf7dc33a272f,nova consulta
NADAMAL,3YVxmhkewoRHu8WFgWlCb7,"brazilian trap, trap, trap funk, brazilian hip hop",64,171195,https://i.scdn.co/image/ab6761610000e5eb16581510f39e82a7bb44199c,nova consulta
Cast of EPIC: The Musical,1gV480zBnPy4ktKHfHKxZ5,musicals,75,170615,https://i.scdn.co/image/ab67616d0000b273aab8e079e15c7ef2f9259814,nova consulta
Yuki Hayashi,3oGVQWQy7lgTMuTnKUZZNZ,"anime, soundtrack",61,168765,https://i.scdn.co/image/ab6761610000e5eb2446b3fc23566403acc9c576,nova consulta
Jota.pê,17MzHbvKuzJje12SxWY9wN,"nova mpb, forró, forró tradicional, mpb",67,167029,https://i.scdn.co/image/ab6761610000e5eb29505a4655fb396e133b0a7f,nova consulta
Mc Delux,3l4fsEzoeabsET7ddv0lZW,"phonk, brazilian phonk, brazilian funk",67,165078,https://i.scdn.co/image/ab6761610000e5eb0c507ce1dc44a70ad8d90924,nova consulta
Mu540,13yQqjPy4Esq0Ru3R1fipU,"brazilian trap, trap funk, trap, brazilian hip hop",62,162553,https://i.scdn.co/image/ab6761610000e5ebad4dea1b5329c78e71e2f04d,nova consulta
Prezioso,3iMzbvXlgNUpoFccD60bvr,italo dance,63,161271,https://i.scdn.co/image/ab6761610000e5eb9cc6761bc721c62ffe4138b8,nova consulta
Yoko Ono,2s4tjL6W3qrblOe0raIzwJ,christmas,65,158768,https://i.scdn.co/image/ab6761610000e5eb5b915a74eb7b513baf65e2d7,nova consulta
Alan Menken,5sy77gt4bfsLcSQ8GIe4ZZ,,60,158347,https://i.scdn.co/image/aaf98f449a8c8716b1dc68a782e8eb3ed8651515,nova consulta
2ZDinizz,13zmjclMwzz8kIxRrN7JOV,"boom bap, brazilian hip hop",65,154561,https://i.scdn.co/image/ab6761610000e5eb319c799e3bbd899bb43d08bd,nova consulta
Rock Danger,1mjuRRMumbLmGmHmYvMDcb,"boom bap, brazilian trap, brazilian hip hop, trap, trap funk",63,150040,https://i.scdn.co/image/ab6761610000e5eb2d4763d4d0b7269cf501290b,nova consulta
