,data,ano,nome_local,nome,Categoria_Local,Tipo_Espaco,generos,popularidade,seguidores,festival,lotacao,setor,preco,preco_medio,Categoria_Setor,dia_semana,tipo_dia,descricao_clima,mes,distancia_dias_anterior
0,2023-11-24,2023,ALLIANZ PARQUE,TAYLOR SWIFT,ARENAS E ESTADIOS,ESTADIO MULTIUSO,POP,100.0,146601270.0,False,50000.0,Pista Premium,1050.0,632.0,VIP,SEXTA-FEIRA,DIA UTIL,CHUVA LEVE,NOVEMBRO,999.0
1,2023-11-24,2023,ALLIANZ PARQUE,TAYLOR SWIFT,ARENAS E ESTADIOS,ESTADIO MULTIUSO,POP,100.0,146601270.0,False,50000.0,Cadeira Inferior,750.0,632.0,INTERMEDIARIO,SEXTA-FEIRA,DIA UTIL,CHUVA LEVE,NOVEMBRO,0.0
2,2023-11-24,2023,ALLIANZ PARQUE,TAYLOR SWIFT,ARENAS E ESTADIOS,ESTADIO MULTIUSO,POP,100.0,146601270.0,False,50000.0,Cadeira Inferior Visão Parcial,480.0,632.0,COMUM,SEXTA-FEIRA,DIA UTIL,CHUVA LEVE,NOVEMBRO,0.0
3,2023-11-24,2023,ALLIANZ PARQUE,TAYLOR SWIFT,ARENAS E ESTADIOS,ESTADIO MULTIUSO,POP,100.0,146601270.0,False,50000.0,Cadeira Superior,500.0,632.0,INTERMEDIARIO,SEXTA-FEIRA,DIA UTIL,CHUVA LEVE,NOVEMBRO,0.0
4,2023-11-24,2023,ALLIANZ PARQUE,TAYLOR SWIFT,ARENAS E ESTADIOS,ESTADIO MULTIUSO,POP,100.0,146601270.0,False,50000.0,Cadeira Superior Visão Parcial,380.0,632.0,COMUM,SEXTA-FEIRA,DIA UTIL,CHUVA LEVE,NOVEMBRO,0.0
5,2023-11-25,2023,ALLIANZ PARQUE,TAYLOR SWIFT,ARENAS E ESTADIOS,ESTADIO MULTIUSO,POP,100.0,146601270.0,False,50000.0,Pista Premium,1050.0,632.0,VIP,SABADO,FIM DE SEMANA,CHUVISCO LEVE,NOVEMBRO,1.0
6,2023-11-25,2023,ALLIANZ PARQUE,TAYLOR SWIFT,ARENAS E ESTADIOS,ESTADIO MULTIUSO,POP,100.0,146601270.0,False,50000.0,Cadeira Inferior,750.0,632.0,INTERMEDIARIO,SABADO,FIM DE SEMANA,CHUVISCO LEVE,NOVEMBRO,0.0
7,2023-11-25,2023,ALLIANZ PARQUE,TAYLOR SWIFT,ARENAS E ESTADIOS,ESTADIO MULTIUSO,POP,100.0,146601270.0,False,50000.0,Cadeira Inferior Visão Parcial,480.0,632.0,COMUM,SABADO,FIM DE SEMANA,CHUVISCO LEVE,NOVEMBRO,0.0
8,2023-11-25,2023,ALLIANZ PARQUE,TAYLOR SWIFT,ARENAS E ESTADIOS,ESTADIO MULTIUSO,POP,100.0,146601270.0,False,50000.0,Cadeira Superior,500.0,632.0,INTERMEDIARIO,SABADO,FIM DE SEMANA,CHUVISCO LEVE,NOVEMBRO,0.0
9,2023-11-25,2023,ALLIANZ PARQUE,TAYLOR SWIFT,ARENAS E ESTADIOS,ESTADIO MULTIUSO,POP,100.0,146601270.0,False,50000.0,Cadeira Superior Visão Parcial,380.0,632.0,COMUM,SABADO,FIM DE SEMANA,CHUVISCO LEVE,NOVEMBRO,0.0
10,2023-11-26,2023,ALLIANZ PARQUE,TAYLOR SWIFT,ARENAS E ESTADIOS,ESTADIO MULTIUSO,POP,100.0,146601270.0,False,50000.0,Pista Premium,1050.0,632.0,VIP,DOMINGO,FIM DE SEMANA,CHUVISCO MODERADO,NOVEMBRO,1.0
11,2023-11-26,2023,ALLIANZ PARQUE,TAYLOR SWIFT,ARENAS E ESTADIOS,ESTADIO MULTIUSO,POP,100.0,146601270.0,False,50000.0,Cadeira Inferior,750.0,632.0,INTERMEDIARIO,DOMINGO,FIM DE SEMANA,CHUVISCO MODERADO,NOVEMBRO,0.0
12,2023-11-26,2023,ALLIANZ PARQUE,TAYLOR SWIFT,ARENAS E ESTADIOS,ESTADIO MULTIUSO,POP,100.0,146601270.0,False,50000.0,Cadeira Inferior Visão Parcial,480.0,632.0,COMUM,DOMINGO,FIM DE SEMANA,CHUVISCO MODERADO,NOVEMBRO,0.0
13,2023-11-26,2023,ALLIANZ PARQUE,TAYLOR SWIFT,ARENAS E ESTADIOS,ESTADIO MULTIUSO,POP,100.0,146601270.0,False,50000.0,Cadeira Superior,500.0,632.0,INTERMEDIARIO,DOMINGO,FIM DE SEMANA,CHUVISCO MODERADO,NOVEMBRO,0.0
14,2023-11-26,2023,ALLIANZ PARQUE,TAYLOR SWIFT,ARENAS E ESTADIOS,ESTADIO MULTIUSO,POP,100.0,146601270.0,False,50000.0,Cadeira Superior Visão Parcial,380.0,632.0,COMUM,DOMINGO,FIM DE SEMANA,CHUVISCO MODERADO,NOVEMBRO,0.0
15,2023-03-24,2023,AUTODROMO DE INTERLAGOS,BILLIE EILISH,ARENAS E ESTADIOS,AREA EXTERNA PARA EVENTOS,POP,92.0,119521349.0,LOLLAPALOOZA,103350.0,Lolla Pista,1100.0,1706.6666666666667,COMUM,SEXTA-FEIRA,DIA UTIL,CHUVISCO LEVE,MARÇO,-247.0
16,2023-03-24,2023,AUTODROMO DE INTERLAGOS,BILLIE EILISH,ARENAS E ESTADIOS,AREA EXTERNA PARA EVENTOS,POP,92.0,119521349.0,LOLLAPALOOZA,103350.0,Lolla Lounge,2250.0,1706.6666666666667,LUXO,SEXTA-FEIRA,DIA UTIL,CHUVISCO LEVE,MARÇO,0.0
17,2023-03-24,2023,AUTODROMO DE INTERLAGOS,BILLIE EILISH,ARENAS E ESTADIOS,AREA EXTERNA PARA EVENTOS,POP,92.0,119521349.0,LOLLAPALOOZA,103350.0,Lolla Confort,1770.0,1706.6666666666667,VIP,SEXTA-FEIRA,DIA UTIL,CHUVISCO LEVE,MARÇO,0.0
18,2023-10-10,2023,ALLIANZ PARQUE,THE WEEKND,ARENAS E ESTADIOS,ESTADIO MULTIUSO,POP,95.0,113983998.0,False,48000.0,Pista Premium,750.0,620.0,VIP,TERCA-FEIRA,DIA UTIL,CHUVISCO LEVE,OUTUBRO,200.0
19,2023-10-10,2023,ALLIANZ PARQUE,THE WEEKND,ARENAS E ESTADIOS,ESTADIO MULTIUSO,POP,95.0,113983998.0,False,48000.0,Cadeira Inferior,650.0,620.0,INTERMEDIARIO,TERCA-FEIRA,DIA UTIL,CHUVISCO LEVE,OUTUBRO,0.0
20,2023-10-10,2023,ALLIANZ PARQUE,THE WEEKND,ARENAS E ESTADIOS,ESTADIO MULTIUSO,POP,95.0,113983998.0,False,48000.0,Cadeira Superior,460.0,620.0,INTERMEDIARIO,TERCA-FEIRA,DIA UTIL,CHUVISCO LEVE,OUTUBRO,0.0
21,2023-10-11,2023,ALLIANZ PARQUE,THE WEEKND,ARENAS E ESTADIOS,ESTADIO MULTIUSO,POP,95.0,113983998.0,False,48000.0,Pista Premium,750.0,620.0,VIP,QUARTA-FEIRA,DIA UTIL,NUBLADO,OUTUBRO,1.0
22,2023-10-11,2023,ALLIANZ PARQUE,THE WEEKND,ARENAS E ESTADIOS,ESTADIO MULTIUSO,POP,95.0,113983998.0,False,48000.0,Cadeira Inferior,650.0,620.0,INTERMEDIARIO,QUARTA-FEIRA,DIA UTIL,NUBLADO,OUTUBRO,0.0
23,2023-10-11,2023,ALLIANZ PARQUE,THE WEEKND,ARENAS E ESTADIOS,ESTADIO MULTIUSO,POP,95.0,113983998.0,False,48000.0,Cadeira Superior,460.0,620.0,INTERMEDIARIO,QUARTA-FEIRA,DIA UTIL,NUBLADO,OUTUBRO,0.0
24,2024-09-07,2024,MORUMBIS,THE WEEKND,ARENAS E ESTADIOS,ESTADIO MULTIUSO,POP,95.0,113983998.0,False,64319.0,Pista Premium,700.0,710.0,VIP,SABADO,FIM DE SEMANA,NUBLADO,SETEMBRO,332.0
25,2024-09-07,2024,MORUMBIS,THE WEEKND,ARENAS E ESTADIOS,ESTADIO MULTIUSO,POP,95.0,113983998.0,False,64319.0,Cadeira Inferior,800.0,710.0,INTERMEDIARIO,SABADO,FIM DE SEMANA,NUBLADO,SETEMBRO,0.0
26,2024-09-07,2024,MORUMBIS,THE WEEKND,ARENAS E ESTADIOS,ESTADIO MULTIUSO,POP,95.0,113983998.0,False,64319.0,Cadeira Superior,850.0,710.0,INTERMEDIARIO,SABADO,FIM DE SEMANA,NUBLADO,SETEMBRO,0.0
27,2024-09-07,2024,MORUMBIS,THE WEEKND,ARENAS E ESTADIOS,ESTADIO MULTIUSO,POP,95.0,113983998.0,False,64319.0,Arquibancada,490.0,710.0,COMUM,SABADO,FIM DE SEMANA,NUBLADO,SETEMBRO,0.0
28,2023-09-03,2023,AUTODROMO DE INTERLAGOS,BRUNO MARS,ARENAS E ESTADIOS,AREA EXTERNA PARA EVENTOS,R&B,91.0,76055599.0,THE TOWN,100000.0,Pista,815.0,815.0,COMUM,DOMINGO,FIM DE SEMANA,CHUVISCO INTENSO,SETEMBRO,999.0
29,2023-09-10,2023,AUTODROMO DE INTERLAGOS,BRUNO MARS,ARENAS E ESTADIOS,AREA EXTERNA PARA EVENTOS,R&B,91.0,76055599.0,THE TOWN,100000.0,Pista,815.0,815.0,COMUM,DOMINGO,FIM DE SEMANA,NUBLADO,SETEMBRO,7.0
30,2024-10-04,2024,MORUMBIS,BRUNO MARS,ARENAS E ESTADIOS,ESTADIO MULTIUSO,R&B,91.0,76055599.0,False,80723.0,Pista,650.0,802.0,COMUM,SEXTA-FEIRA,DIA UTIL,CHUVISCO INTENSO,OUTUBRO,390.0
31,2024-10-04,2024,MORUMBIS,BRUNO MARS,ARENAS E ESTADIOS,ESTADIO MULTIUSO,R&B,91.0,76055599.0,False,80723.0,Pista Premium,1250.0,802.0,VIP,SEXTA-FEIRA,DIA UTIL,CHUVISCO INTENSO,OUTUBRO,0.0
32,2024-10-04,2024,MORUMBIS,BRUNO MARS,ARENAS E ESTADIOS,ESTADIO MULTIUSO,R&B,91.0,76055599.0,False,80723.0,Cadeira Inferior,780.0,802.0,INTERMEDIARIO,SEXTA-FEIRA,DIA UTIL,CHUVISCO INTENSO,OUTUBRO,0.0
33,2024-10-04,2024,MORUMBIS,BRUNO MARS,ARENAS E ESTADIOS,ESTADIO MULTIUSO,R&B,91.0,76055599.0,False,80723.0,Cadeira Superior,860.0,802.0,INTERMEDIARIO,SEXTA-FEIRA,DIA UTIL,CHUVISCO INTENSO,OUTUBRO,0.0
34,2024-10-04,2024,MORUMBIS,BRUNO MARS,ARENAS E ESTADIOS,ESTADIO MULTIUSO,R&B,91.0,76055599.0,False,80723.0,Arquibancada,470.0,802.0,COMUM,SEXTA-FEIRA,DIA UTIL,CHUVISCO INTENSO,OUTUBRO,0.0
35,2024-10-05,2024,MORUMBIS,BRUNO MARS,ARENAS E ESTADIOS,ESTADIO MULTIUSO,R&B,91.0,76055599.0,False,80723.0,Pista,650.0,802.0,COMUM,SABADO,FIM DE SEMANA,CHUVISCO LEVE,OUTUBRO,1.0
36,2024-10-05,2024,MORUMBIS,BRUNO MARS,ARENAS E ESTADIOS,ESTADIO MULTIUSO,R&B,91.0,76055599.0,False,80723.0,Pista Premium,1250.0,802.0,VIP,SABADO,FIM DE SEMANA,CHUVISCO LEVE,OUTUBRO,0.0
37,2024-10-05,2024,MORUMBIS,BRUNO MARS,ARENAS E ESTADIOS,ESTADIO MULTIUSO,R&B,91.0,76055599.0,False,80723.0,Cadeira Inferior,780.0,802.0,INTERMEDIARIO,SABADO,FIM DE SEMANA,CHUVISCO LEVE,OUTUBRO,0.0
38,2024-10-05,2024,MORUMBIS,BRUNO MARS,ARENAS E ESTADIOS,ESTADIO MULTIUSO,R&B,91.0,76055599.0,False,80723.0,Cadeira Superior,860.0,802.0,INTERMEDIARIO,SABADO,FIM DE SEMANA,CHUVISCO LEVE,OUTUBRO,0.0
39,2024-10-05,2024,MORUMBIS,BRUNO MARS,ARENAS E ESTADIOS,ESTADIO MULTIUSO,R&B,91.0,76055599.0,False,80723.0,Arquibancada,470.0,802.0,COMUM,SABADO,FIM DE SEMANA,CHUVISCO LEVE,OUTUBRO,0.0
40,2024-10-08,2024,MORUMBIS,BRUNO MARS,ARENAS E ESTADIOS,ESTADIO MULTIUSO,R&B,91.0,76055599.0,False,80724.0,Pista,650.0,802.0,COMUM,TERCA-FEIRA,DIA UTIL,NUBLADO,OUTUBRO,3.0
41,2024-10-08,2024,MORUMBIS,BRUNO MARS,ARENAS E ESTADIOS,ESTADIO MULTIUSO,R&B,91.0,76055599.0,False,80724.0,Pista Premium,1250.0,802.0,VIP,TERCA-FEIRA,DIA UTIL,NUBLADO,OUTUBRO,0.0
42,2024-10-08,2024,MORUMBIS,BRUNO MARS,ARENAS E ESTADIOS,ESTADIO MULTIUSO,R&B,91.0,76055599.0,False,80724.0,Cadeira Inferior,780.0,802.0,INTERMEDIARIO,TERCA-FEIRA,DIA UTIL,NUBLADO,OUTUBRO,0.0
43,2024-10-08,2024,MORUMBIS,BRUNO MARS,ARENAS E ESTADIOS,ESTADIO MULTIUSO,R&B,91.0,76055599.0,False,80724.0,Cadeira Superior,860.0,802.0,INTERMEDIARIO,TERCA-FEIRA,DIA UTIL,NUBLADO,OUTUBRO,0.0
44,2024-10-08,2024,MORUMBIS,BRUNO MARS,ARENAS E ESTADIOS,ESTADIO MULTIUSO,R&B,91.0,76055599.0,False,80724.0,Arquibancada,470.0,802.0,COMUM,TERCA-FEIRA,DIA UTIL,NUBLADO,OUTUBRO,0.0
45,2024-10-09,2024,MORUMBIS,BRUNO MARS,ARENAS E ESTADIOS,ESTADIO MULTIUSO,R&B,91.0,76055599.0,False,80723.0,Pista,650.0,802.0,COMUM,QUARTA-FEIRA,DIA UTIL,CHUVISCO LEVE,OUTUBRO,1.0
46,2024-10-09,2024,MORUMBIS,BRUNO MARS,ARENAS E ESTADIOS,ESTADIO MULTIUSO,R&B,91.0,76055599.0,False,80723.0,Pista Premium,1250.0,802.0,VIP,QUARTA-FEIRA,DIA UTIL,CHUVISCO LEVE,OUTUBRO,0.0
47,2024-10-09,2024,MORUMBIS,BRUNO MARS,ARENAS E ESTADIOS,ESTADIO MULTIUSO,R&B,91.0,76055599.0,False,80723.0,Cadeira Inferior,780.0,802.0,INTERMEDIARIO,QUARTA-FEIRA,DIA UTIL,CHUVISCO LEVE,OUTUBRO,0.0
48,2024-10-09,2024,MORUMBIS,BRUNO MARS,ARENAS E ESTADIOS,ESTADIO MULTIUSO,R&B,91.0,76055599.0,False,80723.0,Cadeira Superior,860.0,802.0,INTERMEDIARIO,QUARTA-FEIRA,DIA UTIL,CHUVISCO LEVE,OUTUBRO,0.0
49,2024-10-09,2024,MORUMBIS,BRUNO MARS,ARENAS E ESTADIOS,ESTADIO MULTIUSO,R&B,91.0,76055599.0,False,80723.0,Arquibancada,470.0,802.0,COMUM,QUARTA-FEIRA,DIA UTIL,CHUVISCO LEVE,OUTUBRO,0.0
50,2024-10-12,2024,MORUMBIS,BRUNO MARS,ARENAS E ESTADIOS,ESTADIO MULTIUSO,R&B,91.0,76055599.0,False,80723.0,Pista,650.0,802.0,COMUM,SABADO,FIM DE SEMANA,CHUVISCO MODERADO,OUTUBRO,3.0
51,2024-10-12,2024,MORUMBIS,BRUNO MARS,ARENAS E ESTADIOS,ESTADIO MULTIUSO,R&B,91.0,76055599.0,False,80723.0,Pista Premium,1250.0,802.0,VIP,SABADO,FIM DE SEMANA,CHUVISCO MODERADO,OUTUBRO,0.0
52,2024-10-12,2024,MORUMBIS,BRUNO MARS,ARENAS E ESTADIOS,ESTADIO MULTIUSO,R&B,91.0,76055599.0,False,80723.0,Cadeira Inferior,780.0,802.0,INTERMEDIARIO,SABADO,FIM DE SEMANA,CHUVISCO MODERADO,OUTUBRO,0.0
53,2024-10-12,2024,MORUMBIS,BRUNO MARS,ARENAS E ESTADIOS,ESTADIO MULTIUSO,R&B,91.0,76055599.0,False,80723.0,Cadeira Superior,860.0,802.0,INTERMEDIARIO,SABADO,FIM DE SEMANA,CHUVISCO MODERADO,OUTUBRO,0.0
54,2024-10-12,2024,MORUMBIS,BRUNO MARS,ARENAS E ESTADIOS,ESTADIO MULTIUSO,R&B,91.0,76055599.0,False,80723.0,Arquibancada,470.0,802.0,COMUM,SABADO,FIM DE SEMANA,CHUVISCO MODERADO,OUTUBRO,0.0
55,2024-10-13,2024,MORUMBIS,BRUNO MARS,ARENAS E ESTADIOS,ESTADIO MULTIUSO,R&B,91.0,76055599.0,False,80723.0,Pista,650.0,802.0,COMUM,DOMINGO,FIM DE SEMANA,CHUVISCO LEVE,OUTUBRO,1.0
56,2024-10-13,2024,MORUMBIS,BRUNO MARS,ARENAS E ESTADIOS,ESTADIO MULTIUSO,R&B,91.0,76055599.0,False,80723.0,Pista Premium,1250.0,802.0,VIP,DOMINGO,FIM DE SEMANA,CHUVISCO LEVE,OUTUBRO,0.0
57,2024-10-13,2024,MORUMBIS,BRUNO MARS,ARENAS E ESTADIOS,ESTADIO MULTIUSO,R&B,91.0,76055599.0,False,80723.0,Cadeira Inferior,780.0,802.0,INTERMEDIARIO,DOMINGO,FIM DE SEMANA,CHUVISCO LEVE,OUTUBRO,0.0
58,2024-10-13,2024,MORUMBIS,BRUNO MARS,ARENAS E ESTADIOS,ESTADIO MULTIUSO,R&B,91.0,76055599.0,False,80723.0,Cadeira Superior,860.0,802.0,INTERMEDIARIO,DOMINGO,FIM DE SEMANA,CHUVISCO LEVE,OUTUBRO,0.0
59,2024-10-13,2024,MORUMBIS,BRUNO MARS,ARENAS E ESTADIOS,ESTADIO MULTIUSO,R&B,91.0,76055599.0,False,80723.0,Arquibancada,470.0,802.0,COMUM,DOMINGO,FIM DE SEMANA,CHUVISCO LEVE,OUTUBRO,0.0
60,2023-03-10,2023,ESTADIO DO MORUMBI,COLDPLAY,ARENAS E ESTADIOS,ESTADIO MULTIUSO,POP,89.0,61164769.0,False,73275.0,Pista,590.0,702.5,COMUM,SEXTA-FEIRA,DIA UTIL,CHUVA FORTE,MARÇO,-547.0
61,2023-03-10,2023,ESTADIO DO MORUMBI,COLDPLAY,ARENAS E ESTADIOS,ESTADIO MULTIUSO,POP,89.0,61164769.0,False,73275.0,Pista Premium,980.0,702.5,VIP,SEXTA-FEIRA,DIA UTIL,CHUVA FORTE,MARÇO,0.0
62,2023-03-10,2023,ESTADIO DO MORUMBI,COLDPLAY,ARENAS E ESTADIOS,ESTADIO MULTIUSO,POP,89.0,61164769.0,False,73275.0,Cadeira Inferior,750.0,702.5,INTERMEDIARIO,SEXTA-FEIRA,DIA UTIL,CHUVA FORTE,MARÇO,0.0
63,2023-03-10,2023,ESTADIO DO MORUMBI,COLDPLAY,ARENAS E ESTADIOS,ESTADIO MULTIUSO,POP,89.0,61164769.0,False,73275.0,Cadeira Superior,490.0,702.5,INTERMEDIARIO,SEXTA-FEIRA,DIA UTIL,CHUVA FORTE,MARÇO,0.0
64,2023-03-11,2023,ESTADIO DO MORUMBI,COLDPLAY,ARENAS E ESTADIOS,ESTADIO MULTIUSO,POP,89.0,61164769.0,False,73275.0,Pista,590.0,702.5,COMUM,SABADO,FIM DE SEMANA,CHUVA MODERADA,MARÇO,1.0
65,2023-03-11,2023,ESTADIO DO MORUMBI,COLDPLAY,ARENAS E ESTADIOS,ESTADIO MULTIUSO,POP,89.0,61164769.0,False,73275.0,Pista Premium,980.0,702.5,VIP,SABADO,FIM DE SEMANA,CHUVA MODERADA,MARÇO,0.0
66,2023-03-11,2023,ESTADIO DO MORUMBI,COLDPLAY,ARENAS E ESTADIOS,ESTADIO MULTIUSO,POP,89.0,61164769.0,False,73275.0,Cadeira Inferior,750.0,702.5,INTERMEDIARIO,SABADO,FIM DE SEMANA,CHUVA MODERADA,MARÇO,0.0
67,2023-03-11,2023,ESTADIO DO MORUMBI,COLDPLAY,ARENAS E ESTADIOS,ESTADIO MULTIUSO,POP,89.0,61164769.0,False,73275.0,Cadeira Superior,490.0,702.5,INTERMEDIARIO,SABADO,FIM DE SEMANA,CHUVA MODERADA,MARÇO,0.0
68,2023-03-13,2023,ESTADIO DO MORUMBI,COLDPLAY,ARENAS E ESTADIOS,ESTADIO MULTIUSO,POP,89.0,61164769.0,False,73275.0,Pista,590.0,702.5,COMUM,SEGUNDA-FEIRA,DIA UTIL,CHUVA FORTE,MARÇO,2.0
69,2023-03-13,2023,ESTADIO DO MORUMBI,COLDPLAY,ARENAS E ESTADIOS,ESTADIO MULTIUSO,POP,89.0,61164769.0,False,73275.0,Pista Premium,980.0,702.5,VIP,SEGUNDA-FEIRA,DIA UTIL,CHUVA FORTE,MARÇO,0.0
70,2023-03-13,2023,ESTADIO DO MORUMBI,COLDPLAY,ARENAS E ESTADIOS,ESTADIO MULTIUSO,POP,89.0,61164769.0,False,73275.0,Cadeira Inferior,750.0,702.5,INTERMEDIARIO,SEGUNDA-FEIRA,DIA UTIL,CHUVA FORTE,MARÇO,0.0
71,2023-03-13,2023,ESTADIO DO MORUMBI,COLDPLAY,ARENAS E ESTADIOS,ESTADIO MULTIUSO,POP,89.0,61164769.0,False,73275.0,Cadeira Superior,490.0,702.5,INTERMEDIARIO,SEGUNDA-FEIRA,DIA UTIL,CHUVA FORTE,MARÇO,0.0
72,2023-03-14,2023,ESTADIO DO MORUMBI,COLDPLAY,ARENAS E ESTADIOS,ESTADIO MULTIUSO,POP,89.0,61164769.0,False,73276.0,Pista,590.0,702.5,COMUM,TERCA-FEIRA,DIA UTIL,CHUVA FORTE,MARÇO,1.0
73,2023-03-14,2023,ESTADIO DO MORUMBI,COLDPLAY,ARENAS E ESTADIOS,ESTADIO MULTIUSO,POP,89.0,61164769.0,False,73276.0,Pista Premium,980.0,702.5,VIP,TERCA-FEIRA,DIA UTIL,CHUVA FORTE,MARÇO,0.0
74,2023-03-14,2023,ESTADIO DO MORUMBI,COLDPLAY,ARENAS E ESTADIOS,ESTADIO MULTIUSO,POP,89.0,61164769.0,False,73276.0,Cadeira Inferior,750.0,702.5,INTERMEDIARIO,TERCA-FEIRA,DIA UTIL,CHUVA FORTE,MARÇO,0.0
75,2023-03-14,2023,ESTADIO DO MORUMBI,COLDPLAY,ARENAS E ESTADIOS,ESTADIO MULTIUSO,POP,89.0,61164769.0,False,73276.0,Cadeira Superior,490.0,702.5,INTERMEDIARIO,TERCA-FEIRA,DIA UTIL,CHUVA FORTE,MARÇO,0.0
76,2023-03-17,2023,ESTADIO DO MORUMBI,COLDPLAY,ARENAS E ESTADIOS,ESTADIO MULTIUSO,POP,89.0,61164769.0,False,73275.0,Pista,590.0,702.5,COMUM,SEXTA-FEIRA,DIA UTIL,CHUVISCO LEVE,MARÇO,3.0
77,2023-03-17,2023,ESTADIO DO MORUMBI,COLDPLAY,ARENAS E ESTADIOS,ESTADIO MULTIUSO,POP,89.0,61164769.0,False,73275.0,Pista Premium,980.0,702.5,VIP,SEXTA-FEIRA,DIA UTIL,CHUVISCO LEVE,MARÇO,0.0
78,2023-03-17,2023,ESTADIO DO MORUMBI,COLDPLAY,ARENAS E ESTADIOS,ESTADIO MULTIUSO,POP,89.0,61164769.0,False,73275.0,Cadeira Inferior,750.0,702.5,INTERMEDIARIO,SEXTA-FEIRA,DIA UTIL,CHUVISCO LEVE,MARÇO,0.0
79,2023-03-17,2023,ESTADIO DO MORUMBI,COLDPLAY,ARENAS E ESTADIOS,ESTADIO MULTIUSO,POP,89.0,61164769.0,False,73275.0,Cadeira Superior,490.0,702.5,INTERMEDIARIO,SEXTA-FEIRA,DIA UTIL,CHUVISCO LEVE,MARÇO,0.0
80,2023-03-18,2023,ESTADIO DO MORUMBI,COLDPLAY,ARENAS E ESTADIOS,ESTADIO MULTIUSO,POP,89.0,61164769.0,False,73275.0,Pista,590.0,702.5,COMUM,SABADO,FIM DE SEMANA,NUBLADO,MARÇO,1.0
81,2023-03-18,2023,ESTADIO DO MORUMBI,COLDPLAY,ARENAS E ESTADIOS,ESTADIO MULTIUSO,POP,89.0,61164769.0,False,73275.0,Pista Premium,980.0,702.5,VIP,SABADO,FIM DE SEMANA,NUBLADO,MARÇO,0.0
82,2023-03-18,2023,ESTADIO DO MORUMBI,COLDPLAY,ARENAS E ESTADIOS,ESTADIO MULTIUSO,POP,89.0,61164769.0,False,73275.0,Cadeira Inferior,750.0,702.5,INTERMEDIARIO,SABADO,FIM DE SEMANA,NUBLADO,MARÇO,0.0
83,2023-03-18,2023,ESTADIO DO MORUMBI,COLDPLAY,ARENAS E ESTADIOS,ESTADIO MULTIUSO,POP,89.0,61164769.0,False,73275.0,Cadeira Superior,490.0,702.5,INTERMEDIARIO,SABADO,FIM DE SEMANA,NUBLADO,MARÇO,0.0
84,2023-02-28,2023,ALLIANZ PARQUE,IMAGINE DRAGONS,ARENAS E ESTADIOS,ESTADIO MULTIUSO,ROCK,86.0,58517632.0,False,49085.0,Pista,560.0,928.3333333333334,COMUM,TERCA-FEIRA,DIA UTIL,CHUVA FORTE,FEVEREIRO,999.0
85,2023-02-28,2023,ALLIANZ PARQUE,IMAGINE DRAGONS,ARENAS E ESTADIOS,ESTADIO MULTIUSO,ROCK,86.0,58517632.0,False,49085.0,Pista Premium,940.0,928.3333333333334,VIP,TERCA-FEIRA,DIA UTIL,CHUVA FORTE,FEVEREIRO,0.0
86,2023-02-28,2023,ALLIANZ PARQUE,IMAGINE DRAGONS,ARENAS E ESTADIOS,ESTADIO MULTIUSO,ROCK,86.0,58517632.0,False,49085.0,Cadeira Inferior,920.0,928.3333333333334,INTERMEDIARIO,TERCA-FEIRA,DIA UTIL,CHUVA FORTE,FEVEREIRO,0.0
87,2023-02-28,2023,ALLIANZ PARQUE,IMAGINE DRAGONS,ARENAS E ESTADIOS,ESTADIO MULTIUSO,ROCK,86.0,58517632.0,False,49085.0,Cadeira Superior,860.0,928.3333333333334,INTERMEDIARIO,TERCA-FEIRA,DIA UTIL,CHUVA FORTE,FEVEREIRO,0.0
88,2023-02-28,2023,ALLIANZ PARQUE,IMAGINE DRAGONS,ARENAS E ESTADIOS,ESTADIO MULTIUSO,ROCK,86.0,58517632.0,False,49085.0,Arquibancada,490.0,928.3333333333334,COMUM,TERCA-FEIRA,DIA UTIL,CHUVA FORTE,FEVEREIRO,0.0
89,2023-02-28,2023,ALLIANZ PARQUE,IMAGINE DRAGONS,ARENAS E ESTADIOS,ESTADIO MULTIUSO,ROCK,86.0,58517632.0,False,49085.0,PIT,1800.0,928.3333333333334,ULTRA VIP,TERCA-FEIRA,DIA UTIL,CHUVA FORTE,FEVEREIRO,0.0
90,2025-10-31,2025,MORUMBIS,IMAGINE DRAGONS,ARENAS E ESTADIOS,ESTADIO MULTIUSO,ROCK,86.0,58517632.0,False,60000.0,Pista,700.0,1100.0,COMUM,SEXTA-FEIRA,DIA UTIL,CHUVA FORTE,OUTUBRO,976.0
91,2025-10-31,2025,MORUMBIS,IMAGINE DRAGONS,ARENAS E ESTADIOS,ESTADIO MULTIUSO,ROCK,86.0,58517632.0,False,60000.0,Pista Premium,1500.0,1100.0,VIP,SEXTA-FEIRA,DIA UTIL,CHUVA FORTE,OUTUBRO,0.0
92,2025-11-01,2025,MORUMBIS,IMAGINE DRAGONS,ARENAS E ESTADIOS,ESTADIO MULTIUSO,ROCK,86.0,58517632.0,False,60000.0,Pista,700.0,1100.0,COMUM,SABADO,FIM DE SEMANA,CHUVISCO LEVE,NOVEMBRO,1.0
93,2025-11-01,2025,MORUMBIS,IMAGINE DRAGONS,ARENAS E ESTADIOS,ESTADIO MULTIUSO,ROCK,86.0,58517632.0,False,60000.0,Pista Premium,1500.0,1100.0,VIP,SABADO,FIM DE SEMANA,CHUVISCO LEVE,NOVEMBRO,0.0
94,2025-03-28,2025,AUTODROMO DE INTERLAGOS,OLIVIA RODRIGO,ARENAS E ESTADIOS,AREA EXTERNA PARA EVENTOS,POP,86.0,49471454.0,LOLLAPALOOZA,80000.0,Lolla Pista,1050.0,1678.1666666666667,COMUM,SEXTA-FEIRA,DIA UTIL,CHUVA LEVE,MARÇO,741.0
95,2025-03-28,2025,AUTODROMO DE INTERLAGOS,OLIVIA RODRIGO,ARENAS E ESTADIOS,AREA EXTERNA PARA EVENTOS,POP,86.0,49471454.0,LOLLAPALOOZA,80000.0,Lolla Lounge,2310.0,1678.1666666666667,LUXO,SEXTA-FEIRA,DIA UTIL,CHUVA LEVE,MARÇO,0.0
96,2025-03-28,2025,AUTODROMO DE INTERLAGOS,OLIVIA RODRIGO,ARENAS E ESTADIOS,AREA EXTERNA PARA EVENTOS,POP,86.0,49471454.0,LOLLAPALOOZA,80000.0,Lolla Confort,1674.5,1678.1666666666667,VIP,SEXTA-FEIRA,DIA UTIL,CHUVA LEVE,MARÇO,0.0
97,2023-09-02,2023,AUTODROMO DE INTERLAGOS,POST MALONE,ARENAS E ESTADIOS,AREA EXTERNA PARA EVENTOS,HIP HOP,87.0,47812166.0,THE TOWN,100000.0,Pista,815.0,815.0,COMUM,SABADO,FIM DE SEMANA,CHUVA LEVE,SETEMBRO,999.0
98,2024-12-21,2024,NEO QUIMICA ARENA,POST MALONE,ARENAS E ESTADIOS,ESTADIO MULTIUSO,HIP HOP,87.0,47812166.0,False,33921.0,Pista,450.0,645.0,COMUM,SABADO,FIM DE SEMANA,CHUVA FORTE,DEZEMBRO,476.0
99,2024-12-21,2024,NEO QUIMICA ARENA,POST MALONE,ARENAS E ESTADIOS,ESTADIO MULTIUSO,HIP HOP,87.0,47812166.0,False,33921.0,Pista Premium,840.0,645.0,VIP,SABADO,FIM DE SEMANA,CHUVA FORTE,DEZEMBRO,0.0
100,2022-09-08,2022,ARENA ANHEMBI,DUA LIPA,GRANDES CASAS,AREA EXTERNA PARA EVENTOS,POP,87.0,47039248.0,False,33921.0,Pista,590.0,688.0,COMUM,QUINTA-FEIRA,DIA UTIL,NUBLADO,SETEMBRO,-932.0
101,2022-09-08,2022,ARENA ANHEMBI,DUA LIPA,GRANDES CASAS,AREA EXTERNA PARA EVENTOS,POP,87.0,47039248.0,False,33921.0,Pista Premium,890.0,688.0,VIP,QUINTA-FEIRA,DIA UTIL,NUBLADO,SETEMBRO,0.0
102,2022-09-08,2022,ARENA ANHEMBI,DUA LIPA,GRANDES CASAS,AREA EXTERNA PARA EVENTOS,POP,87.0,47039248.0,False,33921.0,Cadeira Inferior,720.0,688.0,INTERMEDIARIO,QUINTA-FEIRA,DIA UTIL,NUBLADO,SETEMBRO,0.0
103,2022-09-08,2022,ARENA ANHEMBI,DUA LIPA,GRANDES CASAS,AREA EXTERNA PARA EVENTOS,POP,87.0,47039248.0,False,33921.0,Cadeira Superior,780.0,688.0,INTERMEDIARIO,QUINTA-FEIRA,DIA UTIL,NUBLADO,SETEMBRO,0.0
104,2022-09-08,2022,ARENA ANHEMBI,DUA LIPA,GRANDES CASAS,AREA EXTERNA PARA EVENTOS,POP,87.0,47039248.0,False,33921.0,Arquibancada,460.0,688.0,COMUM,QUINTA-FEIRA,DIA UTIL,NUBLADO,SETEMBRO,0.0
105,2025-11-15,2025,MORUMBIS,DUA LIPA,ARENAS E ESTADIOS,ESTADIO MULTIUSO,POP,87.0,47039248.0,False,62000.0,Pista,420.0,506.0,COMUM,SABADO,FIM DE SEMANA,<FUNCTION SERIES.MODE AT 0X0000027829051A80>,NOVEMBRO,1164.0
106,2025-11-15,2025,MORUMBIS,DUA LIPA,ARENAS E ESTADIOS,ESTADIO MULTIUSO,POP,87.0,47039248.0,False,62000.0,Pista Premium,750.0,506.0,VIP,SABADO,FIM DE SEMANA,<FUNCTION SERIES.MODE AT 0X0000027829051A80>,NOVEMBRO,0.0
107,2025-11-15,2025,MORUMBIS,DUA LIPA,ARENAS E ESTADIOS,ESTADIO MULTIUSO,POP,87.0,47039248.0,False,62000.0,Camarote,520.0,506.0,LUXO,SABADO,FIM DE SEMANA,<FUNCTION SERIES.MODE AT 0X0000027829051A80>,NOVEMBRO,0.0
108,2025-11-15,2025,MORUMBIS,DUA LIPA,ARENAS E ESTADIOS,ESTADIO MULTIUSO,POP,87.0,47039248.0,False,62000.0,Cadeira Inferior,520.0,506.0,INTERMEDIARIO,SABADO,FIM DE SEMANA,<FUNCTION SERIES.MODE AT 0X0000027829051A80>,NOVEMBRO,0.0
109,2025-11-15,2025,MORUMBIS,DUA LIPA,ARENAS E ESTADIOS,ESTADIO MULTIUSO,POP,87.0,47039248.0,False,62000.0,Cadeira Superior,320.0,506.0,INTERMEDIARIO,SABADO,FIM DE SEMANA,<FUNCTION SERIES.MODE AT 0X0000027829051A80>,NOVEMBRO,0.0
110,2023-09-07,2023,AUTODROMO DE INTERLAGOS,MAROON 5,ARENAS E ESTADIOS,AREA EXTERNA PARA EVENTOS,POP,86.0,45957983.0,THE TOWN,100000.0,Pista,815.0,815.0,COMUM,QUINTA-FEIRA,FERIADO NACIONAL,NUBLADO,SETEMBRO,-800.0
111,2022-04-05,2022,ALLIANZ PARQUE,MAROON 5,ARENAS E ESTADIOS,ESTADIO MULTIUSO,POP,86.0,45957983.0,False,46881.0,Pista,815.0,815.0,COMUM,TERCA-FEIRA,DIA UTIL,CHUVA LEVE,ABRIL,-520.0
112,2025-03-29,2025,AUTODROMO DE INTERLAGOS,SHAWN MENDES,ARENAS E ESTADIOS,AREA EXTERNA PARA EVENTOS,POP,82.0,45801371.0,LOLLAPALOOZA,80000.0,Lolla Pista,1050.0,1678.1666666666667,COMUM,SABADO,FIM DE SEMANA,CHUVISCO INTENSO,MARÇO,1089.0
113,2025-03-29,2025,AUTODROMO DE INTERLAGOS,SHAWN MENDES,ARENAS E ESTADIOS,AREA EXTERNA PARA EVENTOS,POP,82.0,45801371.0,LOLLAPALOOZA,80000.0,Lolla Lounge,2310.0,1678.1666666666667,LUXO,SABADO,FIM DE SEMANA,CHUVISCO INTENSO,MARÇO,0.0
114,2025-03-29,2025,AUTODROMO DE INTERLAGOS,SHAWN MENDES,ARENAS E ESTADIOS,AREA EXTERNA PARA EVENTOS,POP,82.0,45801371.0,LOLLAPALOOZA,80000.0,Lolla Confort,1674.5,1678.1666666666667,VIP,SABADO,FIM DE SEMANA,CHUVISCO INTENSO,MARÇO,0.0
115,2023-11-05,2023,ALLIANZ PARQUE,KENDRICK LAMAR,ARENAS E ESTADIOS,ESTADIO MULTIUSO,HIP HOP,90.0,44936093.0,False,40000.0,Pista,820.0,820.0,COMUM,DOMINGO,FIM DE SEMANA,NUBLADO,NOVEMBRO,-412.0
116,2025-09-30,2025,ALLIANZ PARQUE,KENDRICK LAMAR,ARENAS E ESTADIOS,ESTADIO MULTIUSO,HIP HOP,90.0,44936093.0,False,55000.0,Pista,590.0,757.5,COMUM,TERCA-FEIRA,DIA UTIL,NUBLADO,SETEMBRO,695.0
117,2025-09-30,2025,ALLIANZ PARQUE,KENDRICK LAMAR,ARENAS E ESTADIOS,ESTADIO MULTIUSO,HIP HOP,90.0,44936093.0,False,55000.0,Pista Premium,990.0,757.5,VIP,TERCA-FEIRA,DIA UTIL,NUBLADO,SETEMBRO,0.0
118,2025-09-30,2025,ALLIANZ PARQUE,KENDRICK LAMAR,ARENAS E ESTADIOS,ESTADIO MULTIUSO,HIP HOP,90.0,44936093.0,False,55000.0,Cadeira Inferior,890.0,757.5,INTERMEDIARIO,TERCA-FEIRA,DIA UTIL,NUBLADO,SETEMBRO,0.0
119,2025-09-30,2025,ALLIANZ PARQUE,KENDRICK LAMAR,ARENAS E ESTADIOS,ESTADIO MULTIUSO,HIP HOP,90.0,44936093.0,False,55000.0,Cadeira Superior,560.0,757.5,INTERMEDIARIO,TERCA-FEIRA,DIA UTIL,NUBLADO,SETEMBRO,0.0
120,2025-09-06,2025,AUDIO,TRAVIS SCOTT,MEDIAS CASAS,CASA DE SHOWS,RAP,90.0,41409574.0,False,3200.0,Pista,490.0,690.0,COMUM,SABADO,FIM DE SEMANA,CHUVISCO LEVE,SETEMBRO,999.0
121,2025-09-06,2025,AUDIO,TRAVIS SCOTT,MEDIAS CASAS,CASA DE SHOWS,RAP,90.0,41409574.0,False,3200.0,Pista Premium,890.0,690.0,VIP,SABADO,FIM DE SEMANA,CHUVISCO LEVE,SETEMBRO,0.0
122,2025-09-06,2025,AUTODROMO DE INTERLAGOS,TRAVIS SCOTT,ARENAS E ESTADIOS,AREA EXTERNA PARA EVENTOS,RAP,90.0,41409574.0,THE TOWN,100000.0,Pista,975.0,975.0,COMUM,SABADO,FIM DE SEMANA,CHUVISCO LEVE,SETEMBRO,0.0
123,2024-09-11,2024,ALLIANZ PARQUE,TRAVIS SCOTT,ARENAS E ESTADIOS,ESTADIO MULTIUSO,RAP,90.0,41409574.0,False,42200.0,Pista,560.0,672.5,COMUM,QUARTA-FEIRA,DIA UTIL,NUBLADO,SETEMBRO,-360.0
124,2024-09-11,2024,ALLIANZ PARQUE,TRAVIS SCOTT,ARENAS E ESTADIOS,ESTADIO MULTIUSO,RAP,90.0,41409574.0,False,42200.0,Pista Premium,890.0,672.5,VIP,QUARTA-FEIRA,DIA UTIL,NUBLADO,SETEMBRO,0.0
125,2024-09-11,2024,ALLIANZ PARQUE,TRAVIS SCOTT,ARENAS E ESTADIOS,ESTADIO MULTIUSO,RAP,90.0,41409574.0,False,42200.0,Cadeira Inferior,750.0,672.5,INTERMEDIARIO,QUARTA-FEIRA,DIA UTIL,NUBLADO,SETEMBRO,0.0
126,2024-09-11,2024,ALLIANZ PARQUE,TRAVIS SCOTT,ARENAS E ESTADIOS,ESTADIO MULTIUSO,RAP,90.0,41409574.0,False,42200.0,Cadeira Superior,490.0,672.5,INTERMEDIARIO,QUARTA-FEIRA,DIA UTIL,NUBLADO,SETEMBRO,0.0
127,2022-11-06,2022,DISTRITO ANHEMBI,TRAVIS SCOTT,GRANDES CASAS,AREA EXTERNA PARA EVENTOS,RAP,90.0,41409574.0,PRIMAVERA SOUND,42200.0,Pista,560.0,625.0,COMUM,DOMINGO,FIM DE SEMANA,CHUVISCO LEVE,NOVEMBRO,-675.0
128,2022-11-06,2022,DISTRITO ANHEMBI,TRAVIS SCOTT,GRANDES CASAS,AREA EXTERNA PARA EVENTOS,RAP,90.0,41409574.0,PRIMAVERA SOUND,42200.0,Pista Premium,890.0,625.0,VIP,DOMINGO,FIM DE SEMANA,CHUVISCO LEVE,NOVEMBRO,0.0
129,2022-11-06,2022,DISTRITO ANHEMBI,TRAVIS SCOTT,GRANDES CASAS,AREA EXTERNA PARA EVENTOS,RAP,90.0,41409574.0,PRIMAVERA SOUND,42200.0,Cadeira Inferior,750.0,625.0,INTERMEDIARIO,DOMINGO,FIM DE SEMANA,CHUVISCO LEVE,NOVEMBRO,0.0
130,2022-11-06,2022,DISTRITO ANHEMBI,TRAVIS SCOTT,GRANDES CASAS,AREA EXTERNA PARA EVENTOS,RAP,90.0,41409574.0,PRIMAVERA SOUND,42200.0,Lounge,300.0,625.0,LUXO,DOMINGO,FIM DE SEMANA,CHUVISCO LEVE,NOVEMBRO,0.0
131,2022-03-25,2022,AUTODROMO DE INTERLAGOS,ALAN WALKER,ARENAS E ESTADIOS,AREA EXTERNA PARA EVENTOS,EDM,79.0,41332399.0,LOLLAPALOOZA,100980.0,Lolla Pista,1050.0,1763.3333333333333,COMUM,SEXTA-FEIRA,DIA UTIL,CHUVISCO LEVE,MARÇO,999.0
132,2022-03-25,2022,AUTODROMO DE INTERLAGOS,ALAN WALKER,ARENAS E ESTADIOS,AREA EXTERNA PARA EVENTOS,EDM,79.0,41332399.0,LOLLAPALOOZA,100980.0,Lolla Lounge,2400.0,1763.3333333333333,LUXO,SEXTA-FEIRA,DIA UTIL,CHUVISCO LEVE,MARÇO,0.0
133,2022-03-25,2022,AUTODROMO DE INTERLAGOS,ALAN WALKER,ARENAS E ESTADIOS,AREA EXTERNA PARA EVENTOS,EDM,79.0,41332399.0,LOLLAPALOOZA,100980.0,Lolla Confort,1840.0,1763.3333333333333,VIP,SEXTA-FEIRA,DIA UTIL,CHUVISCO LEVE,MARÇO,0.0
134,2023-04-21,2023,VALE DO ANHANGABAU,ALAN WALKER,GRANDES CASAS,AREA EXTERNA PARA EVENTOS,EDM,79.0,41332399.0,ULTRA BRASIL,20000.0,Pista,750.0,1125.0,COMUM,SEXTA-FEIRA,FERIADO NACIONAL,NUBLADO,ABRIL,392.0
135,2023-04-21,2023,VALE DO ANHANGABAU,ALAN WALKER,GRANDES CASAS,AREA EXTERNA PARA EVENTOS,EDM,79.0,41332399.0,ULTRA BRASIL,20000.0,Pista Premium,1500.0,1125.0,VIP,SEXTA-FEIRA,FERIADO NACIONAL,NUBLADO,ABRIL,0.0
136,2025-09-14,2025,AUTODROMO DE INTERLAGOS,J BALVIN,ARENAS E ESTADIOS,AREA EXTERNA PARA EVENTOS,REGGAETON,87.0,39243150.0,THE TOWN,82000.0,Pista,975.0,975.0,COMUM,DOMINGO,FIM DE SEMANA,NUBLADO,SETEMBRO,999.0
137,2025-09-14,2025,AUTODROMO DE INTERLAGOS,KATY PERRY,ARENAS E ESTADIOS,AREA EXTERNA PARA EVENTOS,POP,85.0,38598993.0,THE TOWN,82000.0,Pista,975.0,975.0,COMUM,DOMINGO,FIM DE SEMANA,NUBLADO,SETEMBRO,169.0
138,2025-09-14,2025,AUTODROMO DE INTERLAGOS,CAMILA CABELLO,ARENAS E ESTADIOS,AREA EXTERNA PARA EVENTOS,POP,79.0,35664207.0,THE TOWN,82000.0,Pista,975.0,975.0,COMUM,DOMINGO,FIM DE SEMANA,NUBLADO,SETEMBRO,0.0
139,2022-09-24,2022,ALLIANZ PARQUE,GUNS N' ROSES,ARENAS E ESTADIOS,ESTADIO MULTIUSO,ROCK,81.0,35428207.0,False,45032.0,Pista,480.0,950.0,COMUM,SABADO,FIM DE SEMANA,PREDOMINANTEMENTE LIMPO,SETEMBRO,-1134.0
140,2022-09-24,2022,ALLIANZ PARQUE,GUNS N' ROSES,ARENAS E ESTADIOS,ESTADIO MULTIUSO,ROCK,81.0,35428207.0,False,45032.0,Pista Premium,950.0,950.0,VIP,SABADO,FIM DE SEMANA,PREDOMINANTEMENTE LIMPO,SETEMBRO,0.0
141,2022-09-24,2022,ALLIANZ PARQUE,GUNS N' ROSES,ARENAS E ESTADIOS,ESTADIO MULTIUSO,ROCK,81.0,35428207.0,False,45032.0,Cadeira Inferior,650.0,950.0,INTERMEDIARIO,SABADO,FIM DE SEMANA,PREDOMINANTEMENTE LIMPO,SETEMBRO,0.0
142,2022-09-24,2022,ALLIANZ PARQUE,GUNS N' ROSES,ARENAS E ESTADIOS,ESTADIO MULTIUSO,ROCK,81.0,35428207.0,False,45032.0,Cadeira Superior,380.0,950.0,INTERMEDIARIO,SABADO,FIM DE SEMANA,PREDOMINANTEMENTE LIMPO,SETEMBRO,0.0
143,2022-09-24,2022,ALLIANZ PARQUE,GUNS N' ROSES,ARENAS E ESTADIOS,ESTADIO MULTIUSO,ROCK,81.0,35428207.0,False,45032.0,Backstage,2290.0,950.0,VIP,SABADO,FIM DE SEMANA,PREDOMINANTEMENTE LIMPO,SETEMBRO,0.0
144,2025-10-25,2025,ALLIANZ PARQUE,GUNS N' ROSES,ARENAS E ESTADIOS,ESTADIO MULTIUSO,ROCK,81.0,35428207.0,False,49107.0,Pista,590.0,835.0,COMUM,SABADO,FIM DE SEMANA,NUBLADO,OUTUBRO,1127.0
145,2025-10-25,2025,ALLIANZ PARQUE,GUNS N' ROSES,ARENAS E ESTADIOS,ESTADIO MULTIUSO,ROCK,81.0,35428207.0,False,49107.0,Pista Premium,1080.0,835.0,VIP,SABADO,FIM DE SEMANA,NUBLADO,OUTUBRO,0.0
146,2022-03-24,2022,AUTODROMO DE INTERLAGOS,DOJA CAT,ARENAS E ESTADIOS,AREA EXTERNA PARA EVENTOS,RAP,87.0,34976945.0,False,0.0,Lolla Pista,1050.0,1763.3333333333333,COMUM,QUINTA-FEIRA,DIA UTIL,NUBLADO,MARÇO,-227.0
147,2022-03-24,2022,AUTODROMO DE INTERLAGOS,DOJA CAT,ARENAS E ESTADIOS,AREA EXTERNA PARA EVENTOS,RAP,87.0,34976945.0,False,0.0,Lolla Lounge,2400.0,1763.3333333333333,LUXO,QUINTA-FEIRA,DIA UTIL,NUBLADO,MARÇO,0.0
148,2022-03-24,2022,AUTODROMO DE INTERLAGOS,DOJA CAT,ARENAS E ESTADIOS,AREA EXTERNA PARA EVENTOS,RAP,87.0,34976945.0,False,0.0,Lolla Confort,1840.0,1763.3333333333333,VIP,QUINTA-FEIRA,DIA UTIL,NUBLADO,MARÇO,0.0
149,2022-03-25,2022,AUTODROMO DE INTERLAGOS,DOJA CAT,ARENAS E ESTADIOS,AREA EXTERNA PARA EVENTOS,RAP,87.0,34976945.0,LOLLAPALOOZA,100980.0,Lolla Pista,1050.0,1763.3333333333333,COMUM,SEXTA-FEIRA,DIA UTIL,CHUVISCO LEVE,MARÇO,1.0
150,2022-03-25,2022,AUTODROMO DE INTERLAGOS,DOJA CAT,ARENAS E ESTADIOS,AREA EXTERNA PARA EVENTOS,RAP,87.0,34976945.0,LOLLAPALOOZA,100980.0,Lolla Lounge,2400.0,1763.3333333333333,LUXO,SEXTA-FEIRA,DIA UTIL,CHUVISCO LEVE,MARÇO,0.0
151,2022-03-25,2022,AUTODROMO DE INTERLAGOS,DOJA CAT,ARENAS E ESTADIOS,AREA EXTERNA PARA EVENTOS,RAP,87.0,34976945.0,LOLLAPALOOZA,100980.0,Lolla Confort,1840.0,1763.3333333333333,VIP,SEXTA-FEIRA,DIA UTIL,CHUVISCO LEVE,MARÇO,0.0
152,2023-04-21,2023,VALE DO ANHANGABAU,MARSHMELLO,GRANDES CASAS,AREA EXTERNA PARA EVENTOS,EDM,81.0,34516532.0,ULTRA BRASIL,20000.0,Pista,750.0,1125.0,COMUM,SEXTA-FEIRA,FERIADO NACIONAL,NUBLADO,ABRIL,0.0
153,2023-04-21,2023,VALE DO ANHANGABAU,MARSHMELLO,GRANDES CASAS,AREA EXTERNA PARA EVENTOS,EDM,81.0,34516532.0,ULTRA BRASIL,20000.0,Pista Premium,1500.0,1125.0,VIP,SEXTA-FEIRA,FERIADO NACIONAL,NUBLADO,ABRIL,0.0
154,2022-12-06,2022,ALLIANZ PARQUE,HARRY STYLES,ARENAS E ESTADIOS,ESTADIO MULTIUSO,POP,81.0,34210950.0,False,45670.0,Pista Premium,668.0,498.0,VIP,TERCA-FEIRA,DIA UTIL,CHUVA FORTE,DEZEMBRO,-1013.0
155,2022-12-06,2022,ALLIANZ PARQUE,HARRY STYLES,ARENAS E ESTADIOS,ESTADIO MULTIUSO,POP,81.0,34210950.0,False,45670.0,Cadeira Superior,328.0,498.0,INTERMEDIARIO,TERCA-FEIRA,DIA UTIL,CHUVA FORTE,DEZEMBRO,0.0
156,2022-12-13,2022,ALLIANZ PARQUE,HARRY STYLES,ARENAS E ESTADIOS,ESTADIO MULTIUSO,POP,81.0,34210950.0,False,45669.0,Pista Premium,751.0,564.3333333333334,VIP,TERCA-FEIRA,DIA UTIL,CHUVA MODERADA,DEZEMBRO,7.0
157,2022-12-13,2022,ALLIANZ PARQUE,HARRY STYLES,ARENAS E ESTADIOS,ESTADIO MULTIUSO,POP,81.0,34210950.0,False,45669.0,Cadeira Inferior,561.0,564.3333333333334,INTERMEDIARIO,TERCA-FEIRA,DIA UTIL,CHUVA MODERADA,DEZEMBRO,0.0
158,2022-12-13,2022,ALLIANZ PARQUE,HARRY STYLES,ARENAS E ESTADIOS,ESTADIO MULTIUSO,POP,81.0,34210950.0,False,45669.0,Cadeira Superior,381.0,564.3333333333334,INTERMEDIARIO,TERCA-FEIRA,DIA UTIL,CHUVA MODERADA,DEZEMBRO,0.0
159,2022-12-14,2022,ALLIANZ PARQUE,HARRY STYLES,ARENAS E ESTADIOS,ESTADIO MULTIUSO,POP,81.0,34210950.0,False,45669.0,Pista Premium,751.0,564.3333333333334,VIP,QUARTA-FEIRA,DIA UTIL,NUBLADO,DEZEMBRO,1.0
160,2022-12-14,2022,ALLIANZ PARQUE,HARRY STYLES,ARENAS E ESTADIOS,ESTADIO MULTIUSO,POP,81.0,34210950.0,False,45669.0,Cadeira Inferior,561.0,564.3333333333334,INTERMEDIARIO,QUARTA-FEIRA,DIA UTIL,NUBLADO,DEZEMBRO,0.0
161,2022-12-14,2022,ALLIANZ PARQUE,HARRY STYLES,ARENAS E ESTADIOS,ESTADIO MULTIUSO,POP,81.0,34210950.0,False,45669.0,Cadeira Superior,381.0,564.3333333333334,INTERMEDIARIO,QUARTA-FEIRA,DIA UTIL,NUBLADO,DEZEMBRO,0.0
162,2024-03-24,2024,AUTODROMO DE INTERLAGOS,SZA,ARENAS E ESTADIOS,AREA EXTERNA PARA EVENTOS,R&B,88.0,33352641.0,LOLLAPALOOZA,80000.0,Lolla Pista,1100.0,1700.0,COMUM,DOMINGO,FIM DE SEMANA,CHUVA LEVE,MARÇO,-203.0
163,2024-03-24,2024,AUTODROMO DE INTERLAGOS,SZA,ARENAS E ESTADIOS,AREA EXTERNA PARA EVENTOS,R&B,88.0,33352641.0,LOLLAPALOOZA,80000.0,Lolla Lounge,2250.0,1700.0,LUXO,DOMINGO,FIM DE SEMANA,CHUVA LEVE,MARÇO,0.0
164,2024-03-24,2024,AUTODROMO DE INTERLAGOS,SZA,ARENAS E ESTADIOS,AREA EXTERNA PARA EVENTOS,R&B,88.0,33352641.0,LOLLAPALOOZA,80000.0,Lolla Confort,1750.0,1700.0,VIP,DOMINGO,FIM DE SEMANA,CHUVA LEVE,MARÇO,0.0
165,2022-05-10,2022,ESTADIO DO MORUMBI,METALLICA,ARENAS E ESTADIOS,ESTADIO MULTIUSO,METAL,83.0,32388906.0,False,55000.0,Pista,420.0,452.5,COMUM,TERCA-FEIRA,DIA UTIL,NUBLADO,MAIO,999.0
166,2022-05-10,2022,ESTADIO DO MORUMBI,METALLICA,ARENAS E ESTADIOS,ESTADIO MULTIUSO,METAL,83.0,32388906.0,False,55000.0,Pista Premium,780.0,452.5,VIP,TERCA-FEIRA,DIA UTIL,NUBLADO,MAIO,0.0
167,2022-05-10,2022,ESTADIO DO MORUMBI,METALLICA,ARENAS E ESTADIOS,ESTADIO MULTIUSO,METAL,83.0,32388906.0,False,55000.0,Cadeira Inferior,320.0,452.5,INTERMEDIARIO,TERCA-FEIRA,DIA UTIL,NUBLADO,MAIO,0.0
168,2022-05-10,2022,ESTADIO DO MORUMBI,METALLICA,ARENAS E ESTADIOS,ESTADIO MULTIUSO,METAL,83.0,32388906.0,False,55000.0,Cadeira Superior,290.0,452.5,INTERMEDIARIO,TERCA-FEIRA,DIA UTIL,NUBLADO,MAIO,0.0
169,2022-11-05,2022,DISTRITO ANHEMBI,ARCTIC MONKEYS,GRANDES CASAS,AREA EXTERNA PARA EVENTOS,INDIE,86.0,32297649.0,PRIMAVERA SOUND,45000.0,Pista,560.0,733.3333333333334,COMUM,SABADO,FIM DE SEMANA,CHUVISCO LEVE,NOVEMBRO,999.0
170,2022-11-05,2022,DISTRITO ANHEMBI,ARCTIC MONKEYS,GRANDES CASAS,AREA EXTERNA PARA EVENTOS,INDIE,86.0,32297649.0,PRIMAVERA SOUND,45000.0,Pista Premium,890.0,733.3333333333334,VIP,SABADO,FIM DE SEMANA,CHUVISCO LEVE,NOVEMBRO,0.0
171,2022-11-05,2022,DISTRITO ANHEMBI,ARCTIC MONKEYS,GRANDES CASAS,AREA EXTERNA PARA EVENTOS,INDIE,86.0,32297649.0,PRIMAVERA SOUND,45000.0,Cadeira Inferior,750.0,733.3333333333334,INTERMEDIARIO,SABADO,FIM DE SEMANA,CHUVISCO LEVE,NOVEMBRO,0.0
172,2024-11-15,2024,ALLIANZ PARQUE,LINKIN PARK,ARENAS E ESTADIOS,ESTADIO MULTIUSO,NU METAL,89.0,32062825.0,False,48900.0,Pista,650.0,848.3333333333334,COMUM,SEXTA-FEIRA,FERIADO NACIONAL,CHUVA LEVE,NOVEMBRO,999.0
173,2024-11-15,2024,ALLIANZ PARQUE,LINKIN PARK,ARENAS E ESTADIOS,ESTADIO MULTIUSO,NU METAL,89.0,32062825.0,False,48900.0,Pista Premium,1050.0,848.3333333333334,VIP,SEXTA-FEIRA,FERIADO NACIONAL,CHUVA LEVE,NOVEMBRO,0.0
174,2024-11-15,2024,ALLIANZ PARQUE,LINKIN PARK,ARENAS E ESTADIOS,ESTADIO MULTIUSO,NU METAL,89.0,32062825.0,False,48900.0,Cadeira Inferior,850.0,848.3333333333334,INTERMEDIARIO,SEXTA-FEIRA,FERIADO NACIONAL,CHUVA LEVE,NOVEMBRO,0.0
175,2024-11-15,2024,ALLIANZ PARQUE,LINKIN PARK,ARENAS E ESTADIOS,ESTADIO MULTIUSO,NU METAL,89.0,32062825.0,False,48900.0,Cadeira Superior,750.0,848.3333333333334,INTERMEDIARIO,SEXTA-FEIRA,FERIADO NACIONAL,CHUVA LEVE,NOVEMBRO,0.0
176,2024-11-15,2024,ALLIANZ PARQUE,LINKIN PARK,ARENAS E ESTADIOS,ESTADIO MULTIUSO,NU METAL,89.0,32062825.0,False,48900.0,Arquibancada,540.0,848.3333333333334,COMUM,SEXTA-FEIRA,FERIADO NACIONAL,CHUVA LEVE,NOVEMBRO,0.0
177,2024-11-15,2024,ALLIANZ PARQUE,LINKIN PARK,ARENAS E ESTADIOS,ESTADIO MULTIUSO,NU METAL,89.0,32062825.0,False,48900.0,PIT,1250.0,848.3333333333334,ULTRA VIP,SEXTA-FEIRA,FERIADO NACIONAL,CHUVA LEVE,NOVEMBRO,0.0
178,2024-11-16,2024,ALLIANZ PARQUE,LINKIN PARK,ARENAS E ESTADIOS,ESTADIO MULTIUSO,NU METAL,89.0,32062825.0,False,48027.0,Pista,650.0,848.3333333333334,COMUM,SABADO,FIM DE SEMANA,CHUVA MODERADA,NOVEMBRO,1.0
179,2024-11-16,2024,ALLIANZ PARQUE,LINKIN PARK,ARENAS E ESTADIOS,ESTADIO MULTIUSO,NU METAL,89.0,32062825.0,False,48027.0,Pista Premium,1050.0,848.3333333333334,VIP,SABADO,FIM DE SEMANA,CHUVA MODERADA,NOVEMBRO,0.0
180,2024-11-16,2024,ALLIANZ PARQUE,LINKIN PARK,ARENAS E ESTADIOS,ESTADIO MULTIUSO,NU METAL,89.0,32062825.0,False,48027.0,Cadeira Inferior,850.0,848.3333333333334,INTERMEDIARIO,SABADO,FIM DE SEMANA,CHUVA MODERADA,NOVEMBRO,0.0
181,2024-11-16,2024,ALLIANZ PARQUE,LINKIN PARK,ARENAS E ESTADIOS,ESTADIO MULTIUSO,NU METAL,89.0,32062825.0,False,48027.0,Cadeira Superior,750.0,848.3333333333334,INTERMEDIARIO,SABADO,FIM DE SEMANA,CHUVA MODERADA,NOVEMBRO,0.0
182,2024-11-16,2024,ALLIANZ PARQUE,LINKIN PARK,ARENAS E ESTADIOS,ESTADIO MULTIUSO,NU METAL,89.0,32062825.0,False,48027.0,Arquibancada,540.0,848.3333333333334,COMUM,SABADO,FIM DE SEMANA,CHUVA MODERADA,NOVEMBRO,0.0
183,2024-11-16,2024,ALLIANZ PARQUE,LINKIN PARK,ARENAS E ESTADIOS,ESTADIO MULTIUSO,NU METAL,89.0,32062825.0,False,48027.0,PIT,1250.0,848.3333333333334,ULTRA VIP,SABADO,FIM DE SEMANA,CHUVA MODERADA,NOVEMBRO,0.0
184,2025-11-08,2025,MORUMBIS,LINKIN PARK,ARENAS E ESTADIOS,ESTADIO MULTIUSO,NU METAL,89.0,32062825.0,False,68000.0,Pista,550.0,2885.8,COMUM,SABADO,FIM DE SEMANA,CHUVA LEVE,NOVEMBRO,357.0
185,2025-11-08,2025,MORUMBIS,LINKIN PARK,ARENAS E ESTADIOS,ESTADIO MULTIUSO,NU METAL,89.0,32062825.0,False,68000.0,Pista Premium,860.0,2885.8,VIP,SABADO,FIM DE SEMANA,CHUVA LEVE,NOVEMBRO,0.0
186,2025-11-08,2025,MORUMBIS,LINKIN PARK,ARENAS E ESTADIOS,ESTADIO MULTIUSO,NU METAL,89.0,32062825.0,False,68000.0,Camarote,890.0,2885.8,LUXO,SABADO,FIM DE SEMANA,CHUVA LEVE,NOVEMBRO,0.0
187,2025-11-08,2025,MORUMBIS,LINKIN PARK,ARENAS E ESTADIOS,ESTADIO MULTIUSO,NU METAL,89.0,32062825.0,False,68000.0,Cadeira Superior,420.0,2885.8,INTERMEDIARIO,SABADO,FIM DE SEMANA,CHUVA LEVE,NOVEMBRO,0.0
188,2025-11-08,2025,MORUMBIS,LINKIN PARK,ARENAS E ESTADIOS,ESTADIO MULTIUSO,NU METAL,89.0,32062825.0,False,68000.0,Meet & Greet,11709.0,2885.8,ULTRA VIP,SABADO,FIM DE SEMANA,CHUVA LEVE,NOVEMBRO,0.0
189,2025-10-22,2025,VIBRA SAO PAULO,RAUW ALEJANDRO,MEDIAS CASAS,TEATRO E CASA DE ESPETACULOS,REGGAETON,90.0,31366975.0,False,7000.0,Pista,550.0,2992.5714285714284,COMUM,QUARTA-FEIRA,DIA UTIL,PARCIALMENTE NUBLADO,OUTUBRO,38.0
190,2025-10-22,2025,VIBRA SAO PAULO,RAUW ALEJANDRO,MEDIAS CASAS,TEATRO E CASA DE ESPETACULOS,REGGAETON,90.0,31366975.0,False,7000.0,Pista Premium,860.0,2992.5714285714284,VIP,QUARTA-FEIRA,DIA UTIL,PARCIALMENTE NUBLADO,OUTUBRO,0.0
191,2025-10-22,2025,VIBRA SAO PAULO,RAUW ALEJANDRO,MEDIAS CASAS,TEATRO E CASA DE ESPETACULOS,REGGAETON,90.0,31366975.0,False,7000.0,Camarote,885.0,2992.5714285714284,LUXO,QUARTA-FEIRA,DIA UTIL,PARCIALMENTE NUBLADO,OUTUBRO,0.0
192,2025-10-22,2025,VIBRA SAO PAULO,RAUW ALEJANDRO,MEDIAS CASAS,TEATRO E CASA DE ESPETACULOS,REGGAETON,90.0,31366975.0,False,7000.0,Cadeira Superior,450.0,2992.5714285714284,INTERMEDIARIO,QUARTA-FEIRA,DIA UTIL,PARCIALMENTE NUBLADO,OUTUBRO,0.0
193,2025-10-22,2025,VIBRA SAO PAULO,RAUW ALEJANDRO,MEDIAS CASAS,TEATRO E CASA DE ESPETACULOS,REGGAETON,90.0,31366975.0,False,7000.0,Early Entrance,3898.0,2992.5714285714284,VIP,QUARTA-FEIRA,DIA UTIL,PARCIALMENTE NUBLADO,OUTUBRO,0.0
194,2025-10-22,2025,VIBRA SAO PAULO,RAUW ALEJANDRO,MEDIAS CASAS,TEATRO E CASA DE ESPETACULOS,REGGAETON,90.0,31366975.0,False,7000.0,Meet & Greet,11709.0,2992.5714285714284,ULTRA VIP,QUARTA-FEIRA,DIA UTIL,PARCIALMENTE NUBLADO,OUTUBRO,0.0
195,2025-10-22,2025,VIBRA SAO PAULO,RAUW ALEJANDRO,MEDIAS CASAS,TEATRO E CASA DE ESPETACULOS,REGGAETON,90.0,31366975.0,False,7000.0,VIP I,2596.0,2992.5714285714284,VIP,QUARTA-FEIRA,DIA UTIL,PARCIALMENTE NUBLADO,OUTUBRO,0.0
196,2025-07-05,2025,ALLIANZ PARQUE,HENRIQUE & JULIANO,ARENAS E ESTADIOS,ESTADIO MULTIUSO,SERTANEJO,86.0,30383873.0,False,42959.0,Pista,480.0,567.5,COMUM,SABADO,FIM DE SEMANA,NUBLADO,JULHO,999.0
197,2025-07-05,2025,ALLIANZ PARQUE,HENRIQUE & JULIANO,ARENAS E ESTADIOS,ESTADIO MULTIUSO,SERTANEJO,86.0,30383873.0,False,42959.0,Pista Premium,790.0,567.5,VIP,SABADO,FIM DE SEMANA,NUBLADO,JULHO,0.0
198,2025-07-05,2025,ALLIANZ PARQUE,HENRIQUE & JULIANO,ARENAS E ESTADIOS,ESTADIO MULTIUSO,SERTANEJO,86.0,30383873.0,False,42959.0,Cadeira Inferior,580.0,567.5,INTERMEDIARIO,SABADO,FIM DE SEMANA,NUBLADO,JULHO,0.0
199,2025-07-05,2025,ALLIANZ PARQUE,HENRIQUE & JULIANO,ARENAS E ESTADIOS,ESTADIO MULTIUSO,SERTANEJO,86.0,30383873.0,False,42959.0,Cadeira Superior,420.0,567.5,INTERMEDIARIO,SABADO,FIM DE SEMANA,NUBLADO,JULHO,0.0
200,2025-07-05,2025,ALLIANZ PARQUE,HENRIQUE & JULIANO,ARENAS E ESTADIOS,ESTADIO MULTIUSO,SERTANEJO,86.0,30383873.0,False,42959.0,Pista,480.0,567.5,COMUM,SABADO,FIM DE SEMANA,NUBLADO,JULHO,0.0
201,2024-12-21,2024,ALLIANZ PARQUE,CHRIS BROWN,ARENAS E ESTADIOS,ESTADIO MULTIUSO,R&B,88.0,28587137.0,False,49937.0,Pista,445.5,538.0,COMUM,SABADO,FIM DE SEMANA,CHUVA FORTE,DEZEMBRO,272.0
202,2024-12-21,2024,ALLIANZ PARQUE,CHRIS BROWN,ARENAS E ESTADIOS,ESTADIO MULTIUSO,R&B,88.0,28587137.0,False,49937.0,Pista Premium,725.5,538.0,VIP,SABADO,FIM DE SEMANA,CHUVA FORTE,DEZEMBRO,0.0
203,2024-12-21,2024,ALLIANZ PARQUE,CHRIS BROWN,ARENAS E ESTADIOS,ESTADIO MULTIUSO,R&B,88.0,28587137.0,False,49937.0,Camarote,685.5,538.0,LUXO,SABADO,FIM DE SEMANA,CHUVA FORTE,DEZEMBRO,0.0
204,2024-12-21,2024,ALLIANZ PARQUE,CHRIS BROWN,ARENAS E ESTADIOS,ESTADIO MULTIUSO,R&B,88.0,28587137.0,False,49937.0,Mezanino ,295.5,538.0,INTERMEDIARIO,SABADO,FIM DE SEMANA,CHUVA FORTE,DEZEMBRO,0.0
205,2024-12-22,2024,ALLIANZ PARQUE,CHRIS BROWN,ARENAS E ESTADIOS,ESTADIO MULTIUSO,R&B,88.0,28587137.0,False,49937.0,Pista,445.5,538.0,COMUM,DOMINGO,FIM DE SEMANA,CHUVA MODERADA,DEZEMBRO,1.0
206,2024-12-22,2024,ALLIANZ PARQUE,CHRIS BROWN,ARENAS E ESTADIOS,ESTADIO MULTIUSO,R&B,88.0,28587137.0,False,49937.0,Pista Premium,725.5,538.0,VIP,DOMINGO,FIM DE SEMANA,CHUVA MODERADA,DEZEMBRO,0.0
207,2024-12-22,2024,ALLIANZ PARQUE,CHRIS BROWN,ARENAS E ESTADIOS,ESTADIO MULTIUSO,R&B,88.0,28587137.0,False,49937.0,Camarote,685.5,538.0,LUXO,DOMINGO,FIM DE SEMANA,CHUVA MODERADA,DEZEMBRO,0.0
208,2024-12-22,2024,ALLIANZ PARQUE,CHRIS BROWN,ARENAS E ESTADIOS,ESTADIO MULTIUSO,R&B,88.0,28587137.0,False,49937.0,Mezanino ,295.5,538.0,INTERMEDIARIO,DOMINGO,FIM DE SEMANA,CHUVA MODERADA,DEZEMBRO,0.0
209,2023-09-02,2023,AUTODROMO DE INTERLAGOS,DEMI LOVATO,ARENAS E ESTADIOS,AREA EXTERNA PARA EVENTOS,POP,79.0,27284586.0,THE TOWN,100000.0,Pista,815.0,815.0,COMUM,SABADO,FIM DE SEMANA,CHUVA LEVE,SETEMBRO,262.0
210,2022-08-30,2022,ESPACO UNIMED,DEMI LOVATO,MEDIAS CASAS,CASA DE SHOWS,POP,79.0,27284586.0,False,8000.0,Pista,700.0,1100.0,COMUM,TERCA-FEIRA,DIA UTIL,CHUVISCO LEVE,AGOSTO,-368.0
211,2022-08-30,2022,ESPACO UNIMED,DEMI LOVATO,MEDIAS CASAS,CASA DE SHOWS,POP,79.0,27284586.0,False,8000.0,Pista Premium,1500.0,1100.0,VIP,TERCA-FEIRA,DIA UTIL,CHUVISCO LEVE,AGOSTO,0.0
212,2022-08-31,2022,ESPACO UNIMED,DEMI LOVATO,MEDIAS CASAS,CASA DE SHOWS,POP,79.0,27284586.0,False,8000.0,Pista,700.0,1100.0,COMUM,QUARTA-FEIRA,DIA UTIL,NUBLADO,AGOSTO,1.0
213,2022-08-31,2022,ESPACO UNIMED,DEMI LOVATO,MEDIAS CASAS,CASA DE SHOWS,POP,79.0,27284586.0,False,8000.0,Pista Premium,1500.0,1100.0,VIP,QUARTA-FEIRA,DIA UTIL,NUBLADO,AGOSTO,0.0
214,2023-11-24,2023,ALLIANZ PARQUE,SABRINA CARPENTER,ARENAS E ESTADIOS,ESTADIO MULTIUSO,POP,92.0,27074990.0,False,50000.0,Pista Premium,1050.0,632.0,VIP,SEXTA-FEIRA,DIA UTIL,CHUVA LEVE,NOVEMBRO,450.0
215,2023-11-24,2023,ALLIANZ PARQUE,SABRINA CARPENTER,ARENAS E ESTADIOS,ESTADIO MULTIUSO,POP,92.0,27074990.0,False,50000.0,Cadeira Inferior,750.0,632.0,INTERMEDIARIO,SEXTA-FEIRA,DIA UTIL,CHUVA LEVE,NOVEMBRO,0.0
216,2023-11-24,2023,ALLIANZ PARQUE,SABRINA CARPENTER,ARENAS E ESTADIOS,ESTADIO MULTIUSO,POP,92.0,27074990.0,False,50000.0,Cadeira Inferior Visão Parcial,480.0,632.0,COMUM,SEXTA-FEIRA,DIA UTIL,CHUVA LEVE,NOVEMBRO,0.0
217,2023-11-24,2023,ALLIANZ PARQUE,SABRINA CARPENTER,ARENAS E ESTADIOS,ESTADIO MULTIUSO,POP,92.0,27074990.0,False,50000.0,Cadeira Superior,500.0,632.0,INTERMEDIARIO,SEXTA-FEIRA,DIA UTIL,CHUVA LEVE,NOVEMBRO,0.0
218,2023-11-24,2023,ALLIANZ PARQUE,SABRINA CARPENTER,ARENAS E ESTADIOS,ESTADIO MULTIUSO,POP,92.0,27074990.0,False,50000.0,Cadeira Superior Visão Parcial,380.0,632.0,COMUM,SEXTA-FEIRA,DIA UTIL,CHUVA LEVE,NOVEMBRO,0.0
219,2023-11-25,2023,ALLIANZ PARQUE,SABRINA CARPENTER,ARENAS E ESTADIOS,ESTADIO MULTIUSO,POP,92.0,27074990.0,False,50000.0,Pista Premium,1050.0,632.0,VIP,SABADO,FIM DE SEMANA,CHUVISCO LEVE,NOVEMBRO,1.0
220,2023-11-25,2023,ALLIANZ PARQUE,SABRINA CARPENTER,ARENAS E ESTADIOS,ESTADIO MULTIUSO,POP,92.0,27074990.0,False,50000.0,Cadeira Inferior,750.0,632.0,INTERMEDIARIO,SABADO,FIM DE SEMANA,CHUVISCO LEVE,NOVEMBRO,0.0
221,2023-11-25,2023,ALLIANZ PARQUE,SABRINA CARPENTER,ARENAS E ESTADIOS,ESTADIO MULTIUSO,POP,92.0,27074990.0,False,50000.0,Cadeira Inferior Visão Parcial,480.0,632.0,COMUM,SABADO,FIM DE SEMANA,CHUVISCO LEVE,NOVEMBRO,0.0
222,2023-11-25,2023,ALLIANZ PARQUE,SABRINA CARPENTER,ARENAS E ESTADIOS,ESTADIO MULTIUSO,POP,92.0,27074990.0,False,50000.0,Cadeira Superior,500.0,632.0,INTERMEDIARIO,SABADO,FIM DE SEMANA,CHUVISCO LEVE,NOVEMBRO,0.0
223,2023-11-25,2023,ALLIANZ PARQUE,SABRINA CARPENTER,ARENAS E ESTADIOS,ESTADIO MULTIUSO,POP,92.0,27074990.0,False,50000.0,Cadeira Superior Visão Parcial,380.0,632.0,COMUM,SABADO,FIM DE SEMANA,CHUVISCO LEVE,NOVEMBRO,0.0
224,2023-11-26,2023,ALLIANZ PARQUE,SABRINA CARPENTER,ARENAS E ESTADIOS,ESTADIO MULTIUSO,POP,92.0,27074990.0,False,50000.0,Pista Premium,1050.0,632.0,VIP,DOMINGO,FIM DE SEMANA,CHUVISCO MODERADO,NOVEMBRO,1.0
225,2023-11-26,2023,ALLIANZ PARQUE,SABRINA CARPENTER,ARENAS E ESTADIOS,ESTADIO MULTIUSO,POP,92.0,27074990.0,False,50000.0,Cadeira Inferior,750.0,632.0,INTERMEDIARIO,DOMINGO,FIM DE SEMANA,CHUVISCO MODERADO,NOVEMBRO,0.0
226,2023-11-26,2023,ALLIANZ PARQUE,SABRINA CARPENTER,ARENAS E ESTADIOS,ESTADIO MULTIUSO,POP,92.0,27074990.0,False,50000.0,Cadeira Inferior Visão Parcial,480.0,632.0,COMUM,DOMINGO,FIM DE SEMANA,CHUVISCO MODERADO,NOVEMBRO,0.0
227,2023-11-26,2023,ALLIANZ PARQUE,SABRINA CARPENTER,ARENAS E ESTADIOS,ESTADIO MULTIUSO,POP,92.0,27074990.0,False,50000.0,Cadeira Superior,500.0,632.0,INTERMEDIARIO,DOMINGO,FIM DE SEMANA,CHUVISCO MODERADO,NOVEMBRO,0.0
228,2023-11-26,2023,ALLIANZ PARQUE,SABRINA CARPENTER,ARENAS E ESTADIOS,ESTADIO MULTIUSO,POP,92.0,27074990.0,False,50000.0,Cadeira Superior Visão Parcial,380.0,632.0,COMUM,DOMINGO,FIM DE SEMANA,CHUVISCO MODERADO,NOVEMBRO,0.0
229,2023-06-04,2023,NOVO ANHANGABAU,SABRINA CARPENTER,GRANDES CASAS,AREA EXTERNA PARA EVENTOS,POP,92.0,27074990.0,MITA FESTIVAL,30000.0,Pista,850.0,1420.0,COMUM,DOMINGO,FIM DE SEMANA,NUBLADO,JUNHO,-175.0
230,2023-06-04,2023,NOVO ANHANGABAU,SABRINA CARPENTER,GRANDES CASAS,AREA EXTERNA PARA EVENTOS,POP,92.0,27074990.0,MITA FESTIVAL,30000.0,Pista Premium,1990.0,1420.0,VIP,DOMINGO,FIM DE SEMANA,NUBLADO,JUNHO,0.0
231,2022-03-26,2022,AUTODROMO DE INTERLAGOS,MILEY CYRUS,ARENAS E ESTADIOS,AREA EXTERNA PARA EVENTOS,POP,82.0,26650518.0,LOLLAPALOOZA,103000.0,Lolla Pista,1050.0,1763.3333333333333,COMUM,SABADO,FIM DE SEMANA,CHUVISCO LEVE,MARÇO,-435.0
232,2022-03-26,2022,AUTODROMO DE INTERLAGOS,MILEY CYRUS,ARENAS E ESTADIOS,AREA EXTERNA PARA EVENTOS,POP,82.0,26650518.0,LOLLAPALOOZA,103000.0,Lolla Lounge,2400.0,1763.3333333333333,LUXO,SABADO,FIM DE SEMANA,CHUVISCO LEVE,MARÇO,0.0
233,2022-03-26,2022,AUTODROMO DE INTERLAGOS,MILEY CYRUS,ARENAS E ESTADIOS,AREA EXTERNA PARA EVENTOS,POP,82.0,26650518.0,LOLLAPALOOZA,103000.0,Lolla Confort,1840.0,1763.3333333333333,VIP,SABADO,FIM DE SEMANA,CHUVISCO LEVE,MARÇO,0.0
234,2024-03-24,2024,AUTODROMO DE INTERLAGOS,SAM SMITH,ARENAS E ESTADIOS,AREA EXTERNA PARA EVENTOS,SOFT POP,82.0,26375062.0,LOLLAPALOOZA,80000.0,Lolla Pista,1100.0,1700.0,COMUM,DOMINGO,FIM DE SEMANA,CHUVA LEVE,MARÇO,999.0
235,2024-03-24,2024,AUTODROMO DE INTERLAGOS,SAM SMITH,ARENAS E ESTADIOS,AREA EXTERNA PARA EVENTOS,SOFT POP,82.0,26375062.0,LOLLAPALOOZA,80000.0,Lolla Lounge,2250.0,1700.0,LUXO,DOMINGO,FIM DE SEMANA,CHUVA LEVE,MARÇO,0.0
236,2024-03-24,2024,AUTODROMO DE INTERLAGOS,SAM SMITH,ARENAS E ESTADIOS,AREA EXTERNA PARA EVENTOS,SOFT POP,82.0,26375062.0,LOLLAPALOOZA,80000.0,Lolla Confort,1750.0,1700.0,VIP,DOMINGO,FIM DE SEMANA,CHUVA LEVE,MARÇO,0.0
237,2023-03-25,2023,AUTODROMO DE INTERLAGOS,TWENTY ONE PILOTS,ARENAS E ESTADIOS,AREA EXTERNA PARA EVENTOS,ROCK,84.0,25816700.0,LOLLAPALOOZA,98500.0,Lolla Pista,1100.0,1706.6666666666667,COMUM,SABADO,FIM DE SEMANA,NUBLADO,MARÇO,-945.0
238,2023-03-25,2023,AUTODROMO DE INTERLAGOS,TWENTY ONE PILOTS,ARENAS E ESTADIOS,AREA EXTERNA PARA EVENTOS,ROCK,84.0,25816700.0,LOLLAPALOOZA,98500.0,Lolla Lounge,2250.0,1706.6666666666667,LUXO,SABADO,FIM DE SEMANA,NUBLADO,MARÇO,0.0
239,2023-03-25,2023,AUTODROMO DE INTERLAGOS,TWENTY ONE PILOTS,ARENAS E ESTADIOS,AREA EXTERNA PARA EVENTOS,ROCK,84.0,25816700.0,LOLLAPALOOZA,98500.0,Lolla Confort,1770.0,1706.6666666666667,VIP,SABADO,FIM DE SEMANA,NUBLADO,MARÇO,0.0
240,2022-11-12,2022,ALLIANZ PARQUE,TWENTY ONE PILOTS,ARENAS E ESTADIOS,ESTADIO MULTIUSO,ROCK,84.0,25816700.0,False,35000.0,Pista,540.0,908.0,COMUM,SABADO,FIM DE SEMANA,CHUVISCO LEVE,NOVEMBRO,-133.0
241,2022-11-12,2022,ALLIANZ PARQUE,TWENTY ONE PILOTS,ARENAS E ESTADIOS,ESTADIO MULTIUSO,ROCK,84.0,25816700.0,False,35000.0,Pista Premium,990.0,908.0,VIP,SABADO,FIM DE SEMANA,CHUVISCO LEVE,NOVEMBRO,0.0
242,2022-11-12,2022,ALLIANZ PARQUE,TWENTY ONE PILOTS,ARENAS E ESTADIOS,ESTADIO MULTIUSO,ROCK,84.0,25816700.0,False,35000.0,Camarote,1990.0,908.0,LUXO,SABADO,FIM DE SEMANA,CHUVISCO LEVE,NOVEMBRO,0.0
243,2022-11-12,2022,ALLIANZ PARQUE,TWENTY ONE PILOTS,ARENAS E ESTADIOS,ESTADIO MULTIUSO,ROCK,84.0,25816700.0,False,35000.0,Cadeira Inferior,680.0,908.0,INTERMEDIARIO,SABADO,FIM DE SEMANA,CHUVISCO LEVE,NOVEMBRO,0.0
244,2022-11-12,2022,ALLIANZ PARQUE,TWENTY ONE PILOTS,ARENAS E ESTADIOS,ESTADIO MULTIUSO,ROCK,84.0,25816700.0,False,35000.0,Cadeira Superior,340.0,908.0,INTERMEDIARIO,SABADO,FIM DE SEMANA,CHUVISCO LEVE,NOVEMBRO,0.0
245,2022-03-01,2022,JOCKEY CLUB,JORGE & MATEUS,MEDIAS CASAS,CENTRO DE EVENTOS,SERTANEJO,81.0,24190447.0,False,3000.0,Pista,160.0,498.0,COMUM,TERCA-FEIRA,FERIADO NACIONAL,CHUVA FORTE,MARÇO,-1222.0
246,2022-03-01,2022,JOCKEY CLUB,JORGE & MATEUS,MEDIAS CASAS,CENTRO DE EVENTOS,SERTANEJO,81.0,24190447.0,False,3000.0,Pista Premium,560.0,498.0,VIP,TERCA-FEIRA,FERIADO NACIONAL,CHUVA FORTE,MARÇO,0.0
247,2022-03-01,2022,JOCKEY CLUB,JORGE & MATEUS,MEDIAS CASAS,CENTRO DE EVENTOS,SERTANEJO,81.0,24190447.0,False,3000.0,Camarote,1200.0,498.0,LUXO,TERCA-FEIRA,FERIADO NACIONAL,CHUVA FORTE,MARÇO,0.0
248,2022-03-01,2022,JOCKEY CLUB,JORGE & MATEUS,MEDIAS CASAS,CENTRO DE EVENTOS,SERTANEJO,81.0,24190447.0,False,3000.0,Arquibancada,72.0,498.0,COMUM,TERCA-FEIRA,FERIADO NACIONAL,CHUVA FORTE,MARÇO,0.0
249,2023-02-21,2023,JOCKEY CLUB,JORGE & MATEUS,MEDIAS CASAS,CENTRO DE EVENTOS,SERTANEJO,81.0,24190447.0,False,7000.0,Pista,170.0,280.0,COMUM,TERCA-FEIRA,FERIADO NACIONAL,CHUVA MODERADA,FEVEREIRO,357.0
250,2023-02-21,2023,JOCKEY CLUB,JORGE & MATEUS,MEDIAS CASAS,CENTRO DE EVENTOS,SERTANEJO,81.0,24190447.0,False,7000.0,Open Bar,390.0,280.0,VIP,TERCA-FEIRA,FERIADO NACIONAL,CHUVA MODERADA,FEVEREIRO,0.0
251,2022-08-20,2022,DISTRITO ANHEMBI,JORGE & MATEUS,GRANDES CASAS,AREA EXTERNA PARA EVENTOS,SERTANEJO,81.0,24190447.0,False,45000.0,Pista Premium,1100.0,767.5,VIP,SABADO,FIM DE SEMANA,CHUVISCO LEVE,AGOSTO,-185.0
252,2022-08-20,2022,DISTRITO ANHEMBI,JORGE & MATEUS,GRANDES CASAS,AREA EXTERNA PARA EVENTOS,SERTANEJO,81.0,24190447.0,False,45000.0,Cadeira,380.0,767.5,INTERMEDIARIO,SABADO,FIM DE SEMANA,CHUVISCO LEVE,AGOSTO,0.0
253,2022-08-20,2022,DISTRITO ANHEMBI,JORGE & MATEUS,GRANDES CASAS,AREA EXTERNA PARA EVENTOS,SERTANEJO,81.0,24190447.0,False,45000.0,Arquibancada,190.0,767.5,COMUM,SABADO,FIM DE SEMANA,CHUVISCO LEVE,AGOSTO,0.0
254,2022-08-20,2022,DISTRITO ANHEMBI,JORGE & MATEUS,GRANDES CASAS,AREA EXTERNA PARA EVENTOS,SERTANEJO,81.0,24190447.0,False,45000.0,Frontstage,1400.0,767.5,VIP,SABADO,FIM DE SEMANA,CHUVISCO LEVE,AGOSTO,0.0
255,2022-12-17,2022,NOVO ANHANGABAU,JORGE & MATEUS,GRANDES CASAS,AREA EXTERNA PARA EVENTOS,SERTANEJO,81.0,24190447.0,False,45000.0,Pista,620.0,685.0,COMUM,SABADO,FIM DE SEMANA,CHUVISCO MODERADO,DEZEMBRO,119.0
256,2022-12-17,2022,NOVO ANHANGABAU,JORGE & MATEUS,GRANDES CASAS,AREA EXTERNA PARA EVENTOS,SERTANEJO,81.0,24190447.0,False,45000.0,Pista Premium,920.0,685.0,VIP,SABADO,FIM DE SEMANA,CHUVISCO MODERADO,DEZEMBRO,0.0
257,2022-12-17,2022,NOVO ANHANGABAU,JORGE & MATEUS,GRANDES CASAS,AREA EXTERNA PARA EVENTOS,SERTANEJO,81.0,24190447.0,False,45000.0,Cadeira Inferior,740.0,685.0,INTERMEDIARIO,SABADO,FIM DE SEMANA,CHUVISCO MODERADO,DEZEMBRO,0.0
258,2022-12-17,2022,NOVO ANHANGABAU,JORGE & MATEUS,GRANDES CASAS,AREA EXTERNA PARA EVENTOS,SERTANEJO,81.0,24190447.0,False,45000.0,Cadeira Superior,460.0,685.0,INTERMEDIARIO,SABADO,FIM DE SEMANA,CHUVISCO MODERADO,DEZEMBRO,0.0
259,2025-04-05,2025,MERCADO LIVRE ARENA PACAEMBU,JORGE & MATEUS,GRANDES CASAS,ESTADIO MULTIUSO,SERTANEJO,81.0,24190447.0,False,40000.0,Camarote,1600.0,666.6666666666666,LUXO,SABADO,FIM DE SEMANA,CHUVISCO MODERADO,ABRIL,840.0
260,2025-04-05,2025,MERCADO LIVRE ARENA PACAEMBU,JORGE & MATEUS,GRANDES CASAS,ESTADIO MULTIUSO,SERTANEJO,81.0,24190447.0,False,40000.0,Cadeira Inferior,300.0,666.6666666666666,INTERMEDIARIO,SABADO,FIM DE SEMANA,CHUVISCO MODERADO,ABRIL,0.0
261,2025-04-05,2025,MERCADO LIVRE ARENA PACAEMBU,JORGE & MATEUS,GRANDES CASAS,ESTADIO MULTIUSO,SERTANEJO,81.0,24190447.0,False,40000.0,Cadeira Superior,100.0,666.6666666666666,INTERMEDIARIO,SABADO,FIM DE SEMANA,CHUVISCO MODERADO,ABRIL,0.0
262,2025-04-06,2025,MERCADO LIVRE ARENA PACAEMBU,JORGE & MATEUS,GRANDES CASAS,ESTADIO MULTIUSO,SERTANEJO,81.0,24190447.0,False,40000.0,Camarote,1600.0,666.6666666666666,LUXO,DOMINGO,FIM DE SEMANA,CHUVISCO LEVE,ABRIL,1.0
263,2025-04-06,2025,MERCADO LIVRE ARENA PACAEMBU,JORGE & MATEUS,GRANDES CASAS,ESTADIO MULTIUSO,SERTANEJO,81.0,24190447.0,False,40000.0,Cadeira Inferior,300.0,666.6666666666666,INTERMEDIARIO,DOMINGO,FIM DE SEMANA,CHUVISCO LEVE,ABRIL,0.0
264,2025-04-06,2025,MERCADO LIVRE ARENA PACAEMBU,JORGE & MATEUS,GRANDES CASAS,ESTADIO MULTIUSO,SERTANEJO,81.0,24190447.0,False,40000.0,Cadeira Superior,100.0,666.6666666666666,INTERMEDIARIO,DOMINGO,FIM DE SEMANA,CHUVISCO LEVE,ABRIL,0.0
265,2024-02-06,2024,ALLIANZ PARQUE,TWICE,ARENAS E ESTADIOS,ESTADIO MULTIUSO,K-POP,83.0,23523182.0,False,37992.0,Pista,540.0,626.0,COMUM,TERCA-FEIRA,DIA UTIL,CHUVISCO LEVE,FEVEREIRO,999.0
266,2024-02-06,2024,ALLIANZ PARQUE,TWICE,ARENAS E ESTADIOS,ESTADIO MULTIUSO,K-POP,83.0,23523182.0,False,37992.0,Pista Premium,880.0,626.0,VIP,TERCA-FEIRA,DIA UTIL,CHUVISCO LEVE,FEVEREIRO,0.0
267,2024-02-06,2024,ALLIANZ PARQUE,TWICE,ARENAS E ESTADIOS,ESTADIO MULTIUSO,K-POP,83.0,23523182.0,False,37992.0,Cadeira Inferior,620.0,626.0,INTERMEDIARIO,TERCA-FEIRA,DIA UTIL,CHUVISCO LEVE,FEVEREIRO,0.0
268,2024-02-06,2024,ALLIANZ PARQUE,TWICE,ARENAS E ESTADIOS,ESTADIO MULTIUSO,K-POP,83.0,23523182.0,False,37992.0,Cadeira Superior,650.0,626.0,INTERMEDIARIO,TERCA-FEIRA,DIA UTIL,CHUVISCO LEVE,FEVEREIRO,0.0
269,2024-02-06,2024,ALLIANZ PARQUE,TWICE,ARENAS E ESTADIOS,ESTADIO MULTIUSO,K-POP,83.0,23523182.0,False,37992.0,Arquibancada,440.0,626.0,COMUM,TERCA-FEIRA,DIA UTIL,CHUVISCO LEVE,FEVEREIRO,0.0
270,2024-02-06,2024,ALLIANZ PARQUE,TWICE,ARENAS E ESTADIOS,ESTADIO MULTIUSO,K-POP,83.0,23523182.0,False,37992.0,Pista,540.0,626.0,COMUM,TERCA-FEIRA,DIA UTIL,CHUVISCO LEVE,FEVEREIRO,0.0
271,2024-02-07,2024,ALLIANZ PARQUE,TWICE,ARENAS E ESTADIOS,ESTADIO MULTIUSO,K-POP,83.0,23523182.0,False,37992.0,Pista,540.0,626.0,COMUM,QUARTA-FEIRA,DIA UTIL,NUBLADO,FEVEREIRO,1.0
272,2024-02-07,2024,ALLIANZ PARQUE,TWICE,ARENAS E ESTADIOS,ESTADIO MULTIUSO,K-POP,83.0,23523182.0,False,37992.0,Pista Premium,880.0,626.0,VIP,QUARTA-FEIRA,DIA UTIL,NUBLADO,FEVEREIRO,0.0
273,2024-02-07,2024,ALLIANZ PARQUE,TWICE,ARENAS E ESTADIOS,ESTADIO MULTIUSO,K-POP,83.0,23523182.0,False,37992.0,Cadeira Inferior,620.0,626.0,INTERMEDIARIO,QUARTA-FEIRA,DIA UTIL,NUBLADO,FEVEREIRO,0.0
274,2024-02-07,2024,ALLIANZ PARQUE,TWICE,ARENAS E ESTADIOS,ESTADIO MULTIUSO,K-POP,83.0,23523182.0,False,37992.0,Cadeira Superior,650.0,626.0,INTERMEDIARIO,QUARTA-FEIRA,DIA UTIL,NUBLADO,FEVEREIRO,0.0
275,2024-02-07,2024,ALLIANZ PARQUE,TWICE,ARENAS E ESTADIOS,ESTADIO MULTIUSO,K-POP,83.0,23523182.0,False,37992.0,Arquibancada,440.0,626.0,COMUM,QUARTA-FEIRA,DIA UTIL,NUBLADO,FEVEREIRO,0.0
276,2024-02-07,2024,ALLIANZ PARQUE,TWICE,ARENAS E ESTADIOS,ESTADIO MULTIUSO,K-POP,83.0,23523182.0,False,37992.0,Pista,540.0,626.0,COMUM,QUARTA-FEIRA,DIA UTIL,NUBLADO,FEVEREIRO,0.0
277,2022-11-26,2022,ALLIANZ PARQUE,GUSTTAVO LIMA,ARENAS E ESTADIOS,ESTADIO MULTIUSO,SERTANEJO,79.0,23371108.0,False,49250.0,Pista,340.0,3670.0,COMUM,SABADO,FIM DE SEMANA,CHUVA LEVE,NOVEMBRO,-862.0
278,2022-11-26,2022,ALLIANZ PARQUE,GUSTTAVO LIMA,ARENAS E ESTADIOS,ESTADIO MULTIUSO,SERTANEJO,79.0,23371108.0,False,49250.0,Mezanino ,7000.0,3670.0,INTERMEDIARIO,SABADO,FIM DE SEMANA,CHUVA LEVE,NOVEMBRO,0.0
279,2024-12-21,2024,NEO QUIMICA ARENA,GUSTTAVO LIMA,ARENAS E ESTADIOS,ESTADIO MULTIUSO,SERTANEJO,79.0,23371108.0,False,33921.0,Pista,450.0,645.0,COMUM,SABADO,FIM DE SEMANA,CHUVA FORTE,DEZEMBRO,756.0
280,2024-12-21,2024,NEO QUIMICA ARENA,GUSTTAVO LIMA,ARENAS E ESTADIOS,ESTADIO MULTIUSO,SERTANEJO,79.0,23371108.0,False,33921.0,Pista Premium,840.0,645.0,VIP,SABADO,FIM DE SEMANA,CHUVA FORTE,DEZEMBRO,0.0
281,2024-12-14,2024,MORUMBIS,GUSTTAVO LIMA,ARENAS E ESTADIOS,ESTADIO MULTIUSO,SERTANEJO,79.0,23371108.0,False,80000.0,Pista,90.0,90.0,COMUM,SABADO,FIM DE SEMANA,CHUVISCO INTENSO,DEZEMBRO,-7.0
282,2023-11-10,2023,ESTADIO DO MORUMBI,RED HOT CHILI PEPPERS,ARENAS E ESTADIOS,ESTADIO MULTIUSO,FUNK ROCK,84.0,23344771.0,False,71239.0,Pista,540.0,626.0,COMUM,SEXTA-FEIRA,DIA UTIL,CHUVA FORTE,NOVEMBRO,999.0
283,2023-11-10,2023,ESTADIO DO MORUMBI,RED HOT CHILI PEPPERS,ARENAS E ESTADIOS,ESTADIO MULTIUSO,FUNK ROCK,84.0,23344771.0,False,71239.0,Pista Premium,880.0,626.0,VIP,SEXTA-FEIRA,DIA UTIL,CHUVA FORTE,NOVEMBRO,0.0
284,2023-11-10,2023,ESTADIO DO MORUMBI,RED HOT CHILI PEPPERS,ARENAS E ESTADIOS,ESTADIO MULTIUSO,FUNK ROCK,84.0,23344771.0,False,71239.0,Cadeira Inferior,620.0,626.0,INTERMEDIARIO,SEXTA-FEIRA,DIA UTIL,CHUVA FORTE,NOVEMBRO,0.0
285,2023-11-10,2023,ESTADIO DO MORUMBI,RED HOT CHILI PEPPERS,ARENAS E ESTADIOS,ESTADIO MULTIUSO,FUNK ROCK,84.0,23344771.0,False,71239.0,Cadeira Superior,650.0,626.0,INTERMEDIARIO,SEXTA-FEIRA,DIA UTIL,CHUVA FORTE,NOVEMBRO,0.0
286,2023-11-10,2023,ESTADIO DO MORUMBI,RED HOT CHILI PEPPERS,ARENAS E ESTADIOS,ESTADIO MULTIUSO,FUNK ROCK,84.0,23344771.0,False,71239.0,Arquibancada,440.0,626.0,COMUM,SEXTA-FEIRA,DIA UTIL,CHUVA FORTE,NOVEMBRO,0.0
287,2023-08-19,2023,SAMBODROMO DO ANHEMBI,ZE NETO & CRISTIANO,ARENAS E ESTADIOS,AREA EXTERNA PARA EVENTOS,SERTANEJO,80.0,22937866.0,False,90000.0,Pista,180.0,258.0,COMUM,SABADO,FIM DE SEMANA,NUBLADO,AGOSTO,-483.0
288,2023-08-19,2023,SAMBODROMO DO ANHEMBI,ZE NETO & CRISTIANO,ARENAS E ESTADIOS,AREA EXTERNA PARA EVENTOS,SERTANEJO,80.0,22937866.0,False,90000.0,Pista Premium,320.0,258.0,VIP,SABADO,FIM DE SEMANA,NUBLADO,AGOSTO,0.0
289,2023-08-19,2023,SAMBODROMO DO ANHEMBI,ZE NETO & CRISTIANO,ARENAS E ESTADIOS,AREA EXTERNA PARA EVENTOS,SERTANEJO,80.0,22937866.0,False,90000.0,Camarote,450.0,258.0,LUXO,SABADO,FIM DE SEMANA,NUBLADO,AGOSTO,0.0
290,2023-08-19,2023,SAMBODROMO DO ANHEMBI,ZE NETO & CRISTIANO,ARENAS E ESTADIOS,AREA EXTERNA PARA EVENTOS,SERTANEJO,80.0,22937866.0,False,90000.0,Cadeira Inferior,220.0,258.0,INTERMEDIARIO,SABADO,FIM DE SEMANA,NUBLADO,AGOSTO,0.0
291,2023-08-19,2023,SAMBODROMO DO ANHEMBI,ZE NETO & CRISTIANO,ARENAS E ESTADIOS,AREA EXTERNA PARA EVENTOS,SERTANEJO,80.0,22937866.0,False,90000.0,Cadeira Superior,120.0,258.0,INTERMEDIARIO,SABADO,FIM DE SEMANA,NUBLADO,AGOSTO,0.0
292,2023-08-19,2023,SAMBODROMO DO ANHEMBI,ZE NETO & CRISTIANO,ARENAS E ESTADIOS,AREA EXTERNA PARA EVENTOS,SERTANEJO,80.0,22937866.0,False,90000.0,Pista,180.0,258.0,COMUM,SABADO,FIM DE SEMANA,NUBLADO,AGOSTO,0.0
293,2022-08-20,2022,DISTRITO ANHEMBI,ZE NETO & CRISTIANO,GRANDES CASAS,AREA EXTERNA PARA EVENTOS,SERTANEJO,80.0,22937866.0,False,45000.0,Pista Premium,1100.0,767.5,VIP,SABADO,FIM DE SEMANA,CHUVISCO LEVE,AGOSTO,-364.0
294,2022-08-20,2022,DISTRITO ANHEMBI,ZE NETO & CRISTIANO,GRANDES CASAS,AREA EXTERNA PARA EVENTOS,SERTANEJO,80.0,22937866.0,False,45000.0,Cadeira,380.0,767.5,INTERMEDIARIO,SABADO,FIM DE SEMANA,CHUVISCO LEVE,AGOSTO,0.0
295,2022-08-20,2022,DISTRITO ANHEMBI,ZE NETO & CRISTIANO,GRANDES CASAS,AREA EXTERNA PARA EVENTOS,SERTANEJO,80.0,22937866.0,False,45000.0,Arquibancada,190.0,767.5,COMUM,SABADO,FIM DE SEMANA,CHUVISCO LEVE,AGOSTO,0.0
296,2022-08-20,2022,DISTRITO ANHEMBI,ZE NETO & CRISTIANO,GRANDES CASAS,AREA EXTERNA PARA EVENTOS,SERTANEJO,80.0,22937866.0,False,45000.0,Frontstage,1400.0,767.5,VIP,SABADO,FIM DE SEMANA,CHUVISCO LEVE,AGOSTO,0.0
297,2022-08-20,2022,DISTRITO ANHEMBI,ZE NETO & CRISTIANO,GRANDES CASAS,AREA EXTERNA PARA EVENTOS,SERTANEJO,80.0,22937866.0,False,45000.0,Pista Premium,1100.0,767.5,VIP,SABADO,FIM DE SEMANA,CHUVISCO LEVE,AGOSTO,0.0
298,2024-08-17,2024,DISTRITO ANHEMBI,ZE NETO & CRISTIANO,GRANDES CASAS,AREA EXTERNA PARA EVENTOS,SERTANEJO,80.0,22937866.0,False,24000.0,Pista,590.0,1003.5,COMUM,SABADO,FIM DE SEMANA,CEU LIMPO,AGOSTO,728.0
299,2024-08-17,2024,DISTRITO ANHEMBI,ZE NETO & CRISTIANO,GRANDES CASAS,AREA EXTERNA PARA EVENTOS,SERTANEJO,80.0,22937866.0,False,24000.0,Pista Premium,920.0,1003.5,VIP,SABADO,FIM DE SEMANA,CEU LIMPO,AGOSTO,0.0
300,2024-08-17,2024,DISTRITO ANHEMBI,ZE NETO & CRISTIANO,GRANDES CASAS,AREA EXTERNA PARA EVENTOS,SERTANEJO,80.0,22937866.0,False,24000.0,Cadeira Inferior,720.0,1003.5,INTERMEDIARIO,SABADO,FIM DE SEMANA,CEU LIMPO,AGOSTO,0.0
301,2024-08-17,2024,DISTRITO ANHEMBI,ZE NETO & CRISTIANO,GRANDES CASAS,AREA EXTERNA PARA EVENTOS,SERTANEJO,80.0,22937866.0,False,24000.0,Cadeira Superior,750.0,1003.5,INTERMEDIARIO,SABADO,FIM DE SEMANA,CEU LIMPO,AGOSTO,0.0
302,2024-08-17,2024,DISTRITO ANHEMBI,ZE NETO & CRISTIANO,GRANDES CASAS,AREA EXTERNA PARA EVENTOS,SERTANEJO,80.0,22937866.0,False,24000.0,Arquibancada,460.0,1003.5,COMUM,SABADO,FIM DE SEMANA,CEU LIMPO,AGOSTO,0.0
303,2024-08-17,2024,DISTRITO ANHEMBI,ZE NETO & CRISTIANO,GRANDES CASAS,AREA EXTERNA PARA EVENTOS,SERTANEJO,80.0,22937866.0,False,24000.0,Early Entrance,2581.0,1003.5,VIP,SABADO,FIM DE SEMANA,CEU LIMPO,AGOSTO,0.0
304,2024-08-17,2024,DISTRITO ANHEMBI,ZE NETO & CRISTIANO,GRANDES CASAS,AREA EXTERNA PARA EVENTOS,SERTANEJO,80.0,22937866.0,False,24000.0,Pista,590.0,1003.5,COMUM,SABADO,FIM DE SEMANA,CEU LIMPO,AGOSTO,0.0
305,2023-11-04,2023,ALLIANZ PARQUE,HALSEY,ARENAS E ESTADIOS,ESTADIO MULTIUSO,POP,82.0,22444334.0,False,35000.0,Pista,550.0,896.0,COMUM,SABADO,FIM DE SEMANA,CHUVISCO LEVE,NOVEMBRO,588.0
306,2023-11-04,2023,ALLIANZ PARQUE,HALSEY,ARENAS E ESTADIOS,ESTADIO MULTIUSO,POP,82.0,22444334.0,False,35000.0,Pista Premium,990.0,896.0,VIP,SABADO,FIM DE SEMANA,CHUVISCO LEVE,NOVEMBRO,0.0
307,2023-11-04,2023,ALLIANZ PARQUE,HALSEY,ARENAS E ESTADIOS,ESTADIO MULTIUSO,POP,82.0,22444334.0,False,35000.0,Camarote,1990.0,896.0,LUXO,SABADO,FIM DE SEMANA,CHUVISCO LEVE,NOVEMBRO,0.0
308,2023-11-04,2023,ALLIANZ PARQUE,HALSEY,ARENAS E ESTADIOS,ESTADIO MULTIUSO,POP,82.0,22444334.0,False,35000.0,Cadeira Inferior,560.0,896.0,INTERMEDIARIO,SABADO,FIM DE SEMANA,CHUVISCO LEVE,NOVEMBRO,0.0
309,2023-11-04,2023,ALLIANZ PARQUE,HALSEY,ARENAS E ESTADIOS,ESTADIO MULTIUSO,POP,82.0,22444334.0,False,35000.0,Cadeira Superior,390.0,896.0,INTERMEDIARIO,SABADO,FIM DE SEMANA,CHUVISCO LEVE,NOVEMBRO,0.0
310,2023-03-25,2023,AUTODROMO DE INTERLAGOS,MELANIE MARTINEZ,ARENAS E ESTADIOS,AREA EXTERNA PARA EVENTOS,POP,76.0,22244787.0,LOLLAPALOOZA,98500.0,Lolla Pista,1100.0,1706.6666666666667,COMUM,SABADO,FIM DE SEMANA,NUBLADO,MARÇO,-224.0
311,2023-03-25,2023,AUTODROMO DE INTERLAGOS,MELANIE MARTINEZ,ARENAS E ESTADIOS,AREA EXTERNA PARA EVENTOS,POP,76.0,22244787.0,LOLLAPALOOZA,98500.0,Lolla Lounge,2250.0,1706.6666666666667,LUXO,SABADO,FIM DE SEMANA,NUBLADO,MARÇO,0.0
312,2023-03-25,2023,AUTODROMO DE INTERLAGOS,MELANIE MARTINEZ,ARENAS E ESTADIOS,AREA EXTERNA PARA EVENTOS,POP,76.0,22244787.0,LOLLAPALOOZA,98500.0,Lolla Confort,1770.0,1706.6666666666667,VIP,SABADO,FIM DE SEMANA,NUBLADO,MARÇO,0.0
313,2023-09-07,2023,AUTODROMO DE INTERLAGOS,THE CHAINSMOKERS,ARENAS E ESTADIOS,AREA EXTERNA PARA EVENTOS,EDM,81.0,21398553.0,THE TOWN,100000.0,Pista,815.0,815.0,COMUM,QUINTA-FEIRA,FERIADO NACIONAL,NUBLADO,SETEMBRO,139.0
314,2025-04-05,2025,MORUMBIS,STRAY KIDS,ARENAS E ESTADIOS,ESTADIO MULTIUSO,K-POP,85.0,21247892.0,False,55239.0,Pista,590.0,1003.5,COMUM,SABADO,FIM DE SEMANA,CHUVISCO MODERADO,ABRIL,423.0
315,2025-04-05,2025,MORUMBIS,STRAY KIDS,ARENAS E ESTADIOS,ESTADIO MULTIUSO,K-POP,85.0,21247892.0,False,55239.0,Pista Premium,920.0,1003.5,VIP,SABADO,FIM DE SEMANA,CHUVISCO MODERADO,ABRIL,0.0
316,2025-04-05,2025,MORUMBIS,STRAY KIDS,ARENAS E ESTADIOS,ESTADIO MULTIUSO,K-POP,85.0,21247892.0,False,55239.0,Cadeira Inferior,720.0,1003.5,INTERMEDIARIO,SABADO,FIM DE SEMANA,CHUVISCO MODERADO,ABRIL,0.0
317,2025-04-05,2025,MORUMBIS,STRAY KIDS,ARENAS E ESTADIOS,ESTADIO MULTIUSO,K-POP,85.0,21247892.0,False,55239.0,Cadeira Superior,750.0,1003.5,INTERMEDIARIO,SABADO,FIM DE SEMANA,CHUVISCO MODERADO,ABRIL,0.0
318,2025-04-05,2025,MORUMBIS,STRAY KIDS,ARENAS E ESTADIOS,ESTADIO MULTIUSO,K-POP,85.0,21247892.0,False,55239.0,Arquibancada,460.0,1003.5,COMUM,SABADO,FIM DE SEMANA,CHUVISCO MODERADO,ABRIL,0.0
319,2025-04-05,2025,MORUMBIS,STRAY KIDS,ARENAS E ESTADIOS,ESTADIO MULTIUSO,K-POP,85.0,21247892.0,False,55239.0,VIP I,2581.0,1003.5,VIP,SABADO,FIM DE SEMANA,CHUVISCO MODERADO,ABRIL,0.0
320,2025-04-06,2025,MORUMBIS,STRAY KIDS,ARENAS E ESTADIOS,ESTADIO MULTIUSO,K-POP,85.0,21247892.0,False,55240.0,Pista,590.0,1003.5,COMUM,DOMINGO,FIM DE SEMANA,CHUVISCO LEVE,ABRIL,1.0
321,2025-04-06,2025,MORUMBIS,STRAY KIDS,ARENAS E ESTADIOS,ESTADIO MULTIUSO,K-POP,85.0,21247892.0,False,55240.0,Pista Premium,920.0,1003.5,VIP,DOMINGO,FIM DE SEMANA,CHUVISCO LEVE,ABRIL,0.0
322,2025-04-06,2025,MORUMBIS,STRAY KIDS,ARENAS E ESTADIOS,ESTADIO MULTIUSO,K-POP,85.0,21247892.0,False,55240.0,Cadeira Inferior,720.0,1003.5,INTERMEDIARIO,DOMINGO,FIM DE SEMANA,CHUVISCO LEVE,ABRIL,0.0
323,2025-04-06,2025,MORUMBIS,STRAY KIDS,ARENAS E ESTADIOS,ESTADIO MULTIUSO,K-POP,85.0,21247892.0,False,55240.0,Cadeira Superior,750.0,1003.5,INTERMEDIARIO,DOMINGO,FIM DE SEMANA,CHUVISCO LEVE,ABRIL,0.0
324,2025-04-06,2025,MORUMBIS,STRAY KIDS,ARENAS E ESTADIOS,ESTADIO MULTIUSO,K-POP,85.0,21247892.0,False,55240.0,Arquibancada,460.0,1003.5,COMUM,DOMINGO,FIM DE SEMANA,CHUVISCO LEVE,ABRIL,0.0
325,2025-04-06,2025,MORUMBIS,STRAY KIDS,ARENAS E ESTADIOS,ESTADIO MULTIUSO,K-POP,85.0,21247892.0,False,55240.0,VIP I,2581.0,1003.5,VIP,DOMINGO,FIM DE SEMANA,CHUVISCO LEVE,ABRIL,0.0
326,2024-03-23,2024,ALLIANZ PARQUE,LUIS MIGUEL,ARENAS E ESTADIOS,ESTADIO MULTIUSO,MARIACHI,83.0,20707647.0,False,24207.0,Camarote,1300.0,860.0,LUXO,SABADO,FIM DE SEMANA,CHUVISCO INTENSO,MARÇO,999.0
327,2024-03-23,2024,ALLIANZ PARQUE,LUIS MIGUEL,ARENAS E ESTADIOS,ESTADIO MULTIUSO,MARIACHI,83.0,20707647.0,False,24207.0,Cadeira Inferior,660.0,860.0,INTERMEDIARIO,SABADO,FIM DE SEMANA,CHUVISCO INTENSO,MARÇO,0.0
328,2024-03-23,2024,ALLIANZ PARQUE,LUIS MIGUEL,ARENAS E ESTADIOS,ESTADIO MULTIUSO,MARIACHI,83.0,20707647.0,False,24207.0,Cadeira Inferior Visão Parcial,720.0,860.0,COMUM,SABADO,FIM DE SEMANA,CHUVISCO INTENSO,MARÇO,0.0
329,2024-03-23,2024,ALLIANZ PARQUE,LUIS MIGUEL,ARENAS E ESTADIOS,ESTADIO MULTIUSO,MARIACHI,83.0,20707647.0,False,24207.0,Cadeira Superior,430.0,860.0,INTERMEDIARIO,SABADO,FIM DE SEMANA,CHUVISCO INTENSO,MARÇO,0.0
330,2024-03-23,2024,ALLIANZ PARQUE,LUIS MIGUEL,ARENAS E ESTADIOS,ESTADIO MULTIUSO,MARIACHI,83.0,20707647.0,False,24207.0,Cadeira,800.0,860.0,INTERMEDIARIO,SABADO,FIM DE SEMANA,CHUVISCO INTENSO,MARÇO,0.0
331,2024-03-23,2024,ALLIANZ PARQUE,LUIS MIGUEL,ARENAS E ESTADIOS,ESTADIO MULTIUSO,MARIACHI,83.0,20707647.0,False,24207.0,Mezanino ,1250.0,860.0,INTERMEDIARIO,SABADO,FIM DE SEMANA,CHUVISCO INTENSO,MARÇO,0.0
332,2023-03-27,2023,AUDIO,CIGARETTES AFTER SEX,MEDIAS CASAS,CASA DE SHOWS,DREAM POP,85.0,17557432.0,False,3900.0,Pista,160.0,200.0,COMUM,SEGUNDA-FEIRA,DIA UTIL,CHUVA MODERADA,MARÇO,999.0
333,2023-03-27,2023,AUDIO,CIGARETTES AFTER SEX,MEDIAS CASAS,CASA DE SHOWS,DREAM POP,85.0,17557432.0,False,3900.0,Mezanino ,240.0,200.0,INTERMEDIARIO,SEGUNDA-FEIRA,DIA UTIL,CHUVA MODERADA,MARÇO,0.0
334,2023-03-26,2023,AUTODROMO DE INTERLAGOS,CIGARETTES AFTER SEX,ARENAS E ESTADIOS,AREA EXTERNA PARA EVENTOS,DREAM POP,85.0,17557432.0,LOLLAPALOOZA,100750.0,Lolla Pista,1100.0,1706.6666666666667,COMUM,DOMINGO,FIM DE SEMANA,CHUVISCO MODERADO,MARÇO,-1.0
335,2023-03-26,2023,AUTODROMO DE INTERLAGOS,CIGARETTES AFTER SEX,ARENAS E ESTADIOS,AREA EXTERNA PARA EVENTOS,DREAM POP,85.0,17557432.0,LOLLAPALOOZA,100750.0,Lolla Lounge,2250.0,1706.6666666666667,LUXO,DOMINGO,FIM DE SEMANA,CHUVISCO MODERADO,MARÇO,0.0
336,2023-03-26,2023,AUTODROMO DE INTERLAGOS,CIGARETTES AFTER SEX,ARENAS E ESTADIOS,AREA EXTERNA PARA EVENTOS,DREAM POP,85.0,17557432.0,LOLLAPALOOZA,100750.0,Lolla Confort,1770.0,1706.6666666666667,VIP,DOMINGO,FIM DE SEMANA,CHUVISCO MODERADO,MARÇO,0.0
337,2025-09-07,2025,AUTODROMO DE INTERLAGOS,GREEN DAY,ARENAS E ESTADIOS,AREA EXTERNA PARA EVENTOS,PUNK,81.0,17427311.0,THE TOWN,90000.0,Pista,975.0,975.0,COMUM,DOMINGO,FIM DE SEMANA,CHUVISCO LEVE,SETEMBRO,999.0
338,2022-03-26,2022,AUTODROMO DE INTERLAGOS,A$AP ROCKY,ARENAS E ESTADIOS,AREA EXTERNA PARA EVENTOS,RAP,83.0,17425229.0,LOLLAPALOOZA,103000.0,Lolla Pista,1050.0,1763.3333333333333,COMUM,SABADO,FIM DE SEMANA,CHUVISCO LEVE,MARÇO,1.0
339,2022-03-26,2022,AUTODROMO DE INTERLAGOS,A$AP ROCKY,ARENAS E ESTADIOS,AREA EXTERNA PARA EVENTOS,RAP,83.0,17425229.0,LOLLAPALOOZA,103000.0,Lolla Lounge,2400.0,1763.3333333333333,LUXO,SABADO,FIM DE SEMANA,CHUVISCO LEVE,MARÇO,0.0
340,2022-03-26,2022,AUTODROMO DE INTERLAGOS,A$AP ROCKY,ARENAS E ESTADIOS,AREA EXTERNA PARA EVENTOS,RAP,83.0,17425229.0,LOLLAPALOOZA,103000.0,Lolla Confort,1840.0,1763.3333333333333,VIP,SABADO,FIM DE SEMANA,CHUVISCO LEVE,MARÇO,0.0
341,2025-03-30,2025,AUTODROMO DE INTERLAGOS,JUSTIN TIMBERLAKE,ARENAS E ESTADIOS,AREA EXTERNA PARA EVENTOS,POP,83.0,15918172.0,LOLLAPALOOZA,80000.0,Lolla Pista,1050.0,1678.1666666666667,COMUM,DOMINGO,FIM DE SEMANA,CHUVISCO LEVE,MARÇO,736.0
342,2025-03-30,2025,AUTODROMO DE INTERLAGOS,JUSTIN TIMBERLAKE,ARENAS E ESTADIOS,AREA EXTERNA PARA EVENTOS,POP,83.0,15918172.0,LOLLAPALOOZA,80000.0,Lolla Lounge,2310.0,1678.1666666666667,LUXO,DOMINGO,FIM DE SEMANA,CHUVISCO LEVE,MARÇO,0.0
343,2025-03-30,2025,AUTODROMO DE INTERLAGOS,JUSTIN TIMBERLAKE,ARENAS E ESTADIOS,AREA EXTERNA PARA EVENTOS,POP,83.0,15918172.0,LOLLAPALOOZA,80000.0,Lolla Confort,1674.5,1678.1666666666667,VIP,DOMINGO,FIM DE SEMANA,CHUVISCO LEVE,MARÇO,0.0
344,2022-06-17,2022,SAMBODROMO DO ANHEMBI,PLAYBOI CARTI,ARENAS E ESTADIOS,AREA EXTERNA PARA EVENTOS,RAGE RAP,87.0,15147775.0,False,34000.0,Pista,440.0,440.0,COMUM,SEXTA-FEIRA,DIA UTIL,NUBLADO,JUNHO,999.0
345,2022-03-27,2022,AUTODROMO DE INTERLAGOS,MARTIN GARRIX,ARENAS E ESTADIOS,AREA EXTERNA PARA EVENTOS,EDM,75.0,15120321.0,LOLLAPALOOZA,98255.0,Lolla Pista,1050.0,1763.3333333333333,COMUM,DOMINGO,FIM DE SEMANA,CHUVA MODERADA,MARÇO,-529.0
346,2022-03-27,2022,AUTODROMO DE INTERLAGOS,MARTIN GARRIX,ARENAS E ESTADIOS,AREA EXTERNA PARA EVENTOS,EDM,75.0,15120321.0,LOLLAPALOOZA,98255.0,Lolla Lounge,2400.0,1763.3333333333333,LUXO,DOMINGO,FIM DE SEMANA,CHUVA MODERADA,MARÇO,0.0
347,2022-03-27,2022,AUTODROMO DE INTERLAGOS,MARTIN GARRIX,ARENAS E ESTADIOS,AREA EXTERNA PARA EVENTOS,EDM,75.0,15120321.0,LOLLAPALOOZA,98255.0,Lolla Confort,1840.0,1763.3333333333333,VIP,DOMINGO,FIM DE SEMANA,CHUVA MODERADA,MARÇO,0.0
348,2022-04-15,2022,ESPACO DAS AMERICAS,MAIARA & MARAISA,MEDIAS CASAS,CASA DE SHOWS,SERTANEJO,72.0,14752573.0,False,8000.0,Pista,590.0,680.0,COMUM,SEXTA-FEIRA,FERIADO NACIONAL,CHUVISCO LEVE,ABRIL,-855.0
349,2022-04-15,2022,ESPACO DAS AMERICAS,MAIARA & MARAISA,MEDIAS CASAS,CASA DE SHOWS,SERTANEJO,72.0,14752573.0,False,8000.0,Pista Premium,650.0,680.0,VIP,SEXTA-FEIRA,FERIADO NACIONAL,CHUVISCO LEVE,ABRIL,0.0
350,2022-04-15,2022,ESPACO DAS AMERICAS,MAIARA & MARAISA,MEDIAS CASAS,CASA DE SHOWS,SERTANEJO,72.0,14752573.0,False,8000.0,Camarote,800.0,680.0,LUXO,SEXTA-FEIRA,FERIADO NACIONAL,CHUVISCO LEVE,ABRIL,0.0
351,2022-04-15,2022,ESPACO DAS AMERICAS,MAIARA & MARAISA,MEDIAS CASAS,CASA DE SHOWS,SERTANEJO,72.0,14752573.0,False,8000.0,Pista,590.0,680.0,COMUM,SEXTA-FEIRA,FERIADO NACIONAL,CHUVISCO LEVE,ABRIL,0.0
352,2022-04-17,2022,ESPACO DAS AMERICAS,MAIARA & MARAISA,MEDIAS CASAS,CASA DE SHOWS,SERTANEJO,72.0,14752573.0,False,7000.0,Pista,590.0,680.0,COMUM,DOMINGO,FIM DE SEMANA,CHUVISCO LEVE,ABRIL,2.0
353,2022-04-17,2022,ESPACO DAS AMERICAS,MAIARA & MARAISA,MEDIAS CASAS,CASA DE SHOWS,SERTANEJO,72.0,14752573.0,False,7000.0,Pista Premium,650.0,680.0,VIP,DOMINGO,FIM DE SEMANA,CHUVISCO LEVE,ABRIL,0.0
354,2022-04-17,2022,ESPACO DAS AMERICAS,MAIARA & MARAISA,MEDIAS CASAS,CASA DE SHOWS,SERTANEJO,72.0,14752573.0,False,7000.0,Camarote,800.0,680.0,LUXO,DOMINGO,FIM DE SEMANA,CHUVISCO LEVE,ABRIL,0.0
355,2022-04-17,2022,ESPACO DAS AMERICAS,MAIARA & MARAISA,MEDIAS CASAS,CASA DE SHOWS,SERTANEJO,72.0,14752573.0,False,7000.0,Pista,590.0,680.0,COMUM,DOMINGO,FIM DE SEMANA,CHUVISCO LEVE,ABRIL,0.0
356,2022-04-28,2022,VILLA COUNTRY,MAIARA & MARAISA,MEDIAS CASAS,CASA DE SHOWS,SERTANEJO,72.0,14752573.0,False,7500.0,Pista,70.0,205.0,COMUM,QUINTA-FEIRA,DIA UTIL,PARCIALMENTE NUBLADO,ABRIL,11.0
357,2022-04-28,2022,VILLA COUNTRY,MAIARA & MARAISA,MEDIAS CASAS,CASA DE SHOWS,SERTANEJO,72.0,14752573.0,False,7500.0,Camarote,340.0,205.0,LUXO,QUINTA-FEIRA,DIA UTIL,PARCIALMENTE NUBLADO,ABRIL,0.0
358,2022-04-28,2022,VILLA COUNTRY,MAIARA & MARAISA,MEDIAS CASAS,CASA DE SHOWS,SERTANEJO,72.0,14752573.0,False,7500.0,Pista,70.0,205.0,COMUM,QUINTA-FEIRA,DIA UTIL,PARCIALMENTE NUBLADO,ABRIL,0.0
359,2022-11-26,2022,ALLIANZ PARQUE,MAIARA & MARAISA,ARENAS E ESTADIOS,ESTADIO MULTIUSO,SERTANEJO,72.0,14752573.0,False,49250.0,Pista,340.0,3670.0,COMUM,SABADO,FIM DE SEMANA,CHUVA LEVE,NOVEMBRO,212.0
360,2022-11-26,2022,ALLIANZ PARQUE,MAIARA & MARAISA,ARENAS E ESTADIOS,ESTADIO MULTIUSO,SERTANEJO,72.0,14752573.0,False,49250.0,Mezanino ,7000.0,3670.0,INTERMEDIARIO,SABADO,FIM DE SEMANA,CHUVA LEVE,NOVEMBRO,0.0
361,2022-11-26,2022,ALLIANZ PARQUE,MAIARA & MARAISA,ARENAS E ESTADIOS,ESTADIO MULTIUSO,SERTANEJO,72.0,14752573.0,False,49250.0,Pista,340.0,3670.0,COMUM,SABADO,FIM DE SEMANA,CHUVA LEVE,NOVEMBRO,0.0
362,2024-01-27,2024,ALLIANZ PARQUE,MAIARA & MARAISA,ARENAS E ESTADIOS,ESTADIO MULTIUSO,SERTANEJO,72.0,14752573.0,False,40000.0,Pista,250.0,464.0,COMUM,SABADO,FIM DE SEMANA,CHUVISCO INTENSO,JANEIRO,427.0
363,2024-01-27,2024,ALLIANZ PARQUE,MAIARA & MARAISA,ARENAS E ESTADIOS,ESTADIO MULTIUSO,SERTANEJO,72.0,14752573.0,False,40000.0,Pista Premium,490.0,464.0,VIP,SABADO,FIM DE SEMANA,CHUVISCO INTENSO,JANEIRO,0.0
364,2024-01-27,2024,ALLIANZ PARQUE,MAIARA & MARAISA,ARENAS E ESTADIOS,ESTADIO MULTIUSO,SERTANEJO,72.0,14752573.0,False,40000.0,Cadeira Inferior,290.0,464.0,INTERMEDIARIO,SABADO,FIM DE SEMANA,CHUVISCO INTENSO,JANEIRO,0.0
365,2024-01-27,2024,ALLIANZ PARQUE,MAIARA & MARAISA,ARENAS E ESTADIOS,ESTADIO MULTIUSO,SERTANEJO,72.0,14752573.0,False,40000.0,Cadeira Superior,100.0,464.0,INTERMEDIARIO,SABADO,FIM DE SEMANA,CHUVISCO INTENSO,JANEIRO,0.0
366,2024-01-27,2024,ALLIANZ PARQUE,MAIARA & MARAISA,ARENAS E ESTADIOS,ESTADIO MULTIUSO,SERTANEJO,72.0,14752573.0,False,40000.0,VIP I,1190.0,464.0,VIP,SABADO,FIM DE SEMANA,CHUVISCO INTENSO,JANEIRO,0.0
367,2024-01-27,2024,ALLIANZ PARQUE,MAIARA & MARAISA,ARENAS E ESTADIOS,ESTADIO MULTIUSO,SERTANEJO,72.0,14752573.0,False,40000.0,Pista,250.0,464.0,COMUM,SABADO,FIM DE SEMANA,CHUVISCO INTENSO,JANEIRO,0.0
368,2023-08-19,2023,SAMBODROMO DO ANHEMBI,MAIARA & MARAISA,ARENAS E ESTADIOS,AREA EXTERNA PARA EVENTOS,SERTANEJO,72.0,14752573.0,False,90000.0,Pista,180.0,258.0,COMUM,SABADO,FIM DE SEMANA,NUBLADO,AGOSTO,-161.0
369,2023-08-19,2023,SAMBODROMO DO ANHEMBI,MAIARA & MARAISA,ARENAS E ESTADIOS,AREA EXTERNA PARA EVENTOS,SERTANEJO,72.0,14752573.0,False,90000.0,Pista Premium,320.0,258.0,VIP,SABADO,FIM DE SEMANA,NUBLADO,AGOSTO,0.0
370,2023-08-19,2023,SAMBODROMO DO ANHEMBI,MAIARA & MARAISA,ARENAS E ESTADIOS,AREA EXTERNA PARA EVENTOS,SERTANEJO,72.0,14752573.0,False,90000.0,Camarote,450.0,258.0,LUXO,SABADO,FIM DE SEMANA,NUBLADO,AGOSTO,0.0
371,2023-08-19,2023,SAMBODROMO DO ANHEMBI,MAIARA & MARAISA,ARENAS E ESTADIOS,AREA EXTERNA PARA EVENTOS,SERTANEJO,72.0,14752573.0,False,90000.0,Cadeira Inferior,220.0,258.0,INTERMEDIARIO,SABADO,FIM DE SEMANA,NUBLADO,AGOSTO,0.0
372,2023-08-19,2023,SAMBODROMO DO ANHEMBI,MAIARA & MARAISA,ARENAS E ESTADIOS,AREA EXTERNA PARA EVENTOS,SERTANEJO,72.0,14752573.0,False,90000.0,Cadeira Superior,120.0,258.0,INTERMEDIARIO,SABADO,FIM DE SEMANA,NUBLADO,AGOSTO,0.0
373,2023-08-19,2023,SAMBODROMO DO ANHEMBI,MAIARA & MARAISA,ARENAS E ESTADIOS,AREA EXTERNA PARA EVENTOS,SERTANEJO,72.0,14752573.0,False,90000.0,Pista,180.0,258.0,COMUM,SABADO,FIM DE SEMANA,NUBLADO,AGOSTO,0.0
374,2022-11-11,2022,VIBRA SAO PAULO,MAIARA & MARAISA,MEDIAS CASAS,TEATRO E CASA DE ESPETACULOS,SERTANEJO,72.0,14752573.0,False,3000.0,Pista,80.0,80.0,COMUM,SEXTA-FEIRA,DIA UTIL,CHUVA MODERADA,NOVEMBRO,-281.0
375,2022-11-11,2022,VIBRA SAO PAULO,MAIARA & MARAISA,MEDIAS CASAS,TEATRO E CASA DE ESPETACULOS,SERTANEJO,72.0,14752573.0,False,3000.0,Pista,80.0,80.0,COMUM,SEXTA-FEIRA,DIA UTIL,CHUVA MODERADA,NOVEMBRO,0.0
376,2024-08-17,2024,DISTRITO ANHEMBI,MAIARA & MARAISA,GRANDES CASAS,AREA EXTERNA PARA EVENTOS,SERTANEJO,72.0,14752573.0,False,24000.0,Pista,590.0,1003.5,COMUM,SABADO,FIM DE SEMANA,CEU LIMPO,AGOSTO,645.0
377,2024-08-17,2024,DISTRITO ANHEMBI,MAIARA & MARAISA,GRANDES CASAS,AREA EXTERNA PARA EVENTOS,SERTANEJO,72.0,14752573.0,False,24000.0,Pista Premium,920.0,1003.5,VIP,SABADO,FIM DE SEMANA,CEU LIMPO,AGOSTO,0.0
378,2024-08-17,2024,DISTRITO ANHEMBI,MAIARA & MARAISA,GRANDES CASAS,AREA EXTERNA PARA EVENTOS,SERTANEJO,72.0,14752573.0,False,24000.0,Cadeira Inferior,720.0,1003.5,INTERMEDIARIO,SABADO,FIM DE SEMANA,CEU LIMPO,AGOSTO,0.0
379,2024-08-17,2024,DISTRITO ANHEMBI,MAIARA & MARAISA,GRANDES CASAS,AREA EXTERNA PARA EVENTOS,SERTANEJO,72.0,14752573.0,False,24000.0,Cadeira Superior,750.0,1003.5,INTERMEDIARIO,SABADO,FIM DE SEMANA,CEU LIMPO,AGOSTO,0.0
380,2024-08-17,2024,DISTRITO ANHEMBI,MAIARA & MARAISA,GRANDES CASAS,AREA EXTERNA PARA EVENTOS,SERTANEJO,72.0,14752573.0,False,24000.0,Arquibancada,460.0,1003.5,COMUM,SABADO,FIM DE SEMANA,CEU LIMPO,AGOSTO,0.0
381,2024-08-17,2024,DISTRITO ANHEMBI,MAIARA & MARAISA,GRANDES CASAS,AREA EXTERNA PARA EVENTOS,SERTANEJO,72.0,14752573.0,False,24000.0,Early Entrance,2581.0,1003.5,VIP,SABADO,FIM DE SEMANA,CEU LIMPO,AGOSTO,0.0
382,2024-08-17,2024,DISTRITO ANHEMBI,MAIARA & MARAISA,GRANDES CASAS,AREA EXTERNA PARA EVENTOS,SERTANEJO,72.0,14752573.0,False,24000.0,Pista,590.0,1003.5,COMUM,SABADO,FIM DE SEMANA,CEU LIMPO,AGOSTO,0.0
383,2025-09-06,2025,AUTODROMO DE INTERLAGOS,BURNA BOY,ARENAS E ESTADIOS,AREA EXTERNA PARA EVENTOS,AFROBEATS,80.0,14296948.0,THE TOWN,100000.0,Pista,975.0,975.0,COMUM,SABADO,FIM DE SEMANA,CHUVISCO LEVE,SETEMBRO,999.0
384,2024-10-19,2024,ALLIANZ PARQUE,SLIPKNOT,ARENAS E ESTADIOS,ESTADIO MULTIUSO,NU METAL,79.0,14198923.0,False,60000.0,Pista,790.0,1790.0,COMUM,SABADO,FIM DE SEMANA,CHUVA LEVE,OUTUBRO,-385.0
385,2024-10-19,2024,ALLIANZ PARQUE,SLIPKNOT,ARENAS E ESTADIOS,ESTADIO MULTIUSO,NU METAL,79.0,14198923.0,False,60000.0,Cadeira Inferior,690.0,1790.0,INTERMEDIARIO,SABADO,FIM DE SEMANA,CHUVA LEVE,OUTUBRO,0.0
386,2024-10-19,2024,ALLIANZ PARQUE,SLIPKNOT,ARENAS E ESTADIOS,ESTADIO MULTIUSO,NU METAL,79.0,14198923.0,False,60000.0,Cadeira Superior,490.0,1790.0,INTERMEDIARIO,SABADO,FIM DE SEMANA,CHUVA LEVE,OUTUBRO,0.0
387,2024-10-19,2024,ALLIANZ PARQUE,SLIPKNOT,ARENAS E ESTADIOS,ESTADIO MULTIUSO,NU METAL,79.0,14198923.0,False,60000.0,VIP I,4990.0,1790.0,VIP,SABADO,FIM DE SEMANA,CHUVA LEVE,OUTUBRO,0.0
388,2024-10-19,2024,ALLIANZ PARQUE,SLIPKNOT,ARENAS E ESTADIOS,ESTADIO MULTIUSO,NU METAL,79.0,14198923.0,False,60000.0,VIP II,1990.0,1790.0,ULTRA VIP,SABADO,FIM DE SEMANA,CHUVA LEVE,OUTUBRO,0.0
389,2024-10-20,2024,ALLIANZ PARQUE,SLIPKNOT,ARENAS E ESTADIOS,ESTADIO MULTIUSO,NU METAL,79.0,14198923.0,False,60000.0,Pista,790.0,1790.0,COMUM,DOMINGO,FIM DE SEMANA,CHUVA LEVE,OUTUBRO,1.0
390,2024-10-20,2024,ALLIANZ PARQUE,SLIPKNOT,ARENAS E ESTADIOS,ESTADIO MULTIUSO,NU METAL,79.0,14198923.0,False,60000.0,Cadeira Inferior,690.0,1790.0,INTERMEDIARIO,DOMINGO,FIM DE SEMANA,CHUVA LEVE,OUTUBRO,0.0
391,2024-10-20,2024,ALLIANZ PARQUE,SLIPKNOT,ARENAS E ESTADIOS,ESTADIO MULTIUSO,NU METAL,79.0,14198923.0,False,60000.0,Cadeira Superior,490.0,1790.0,INTERMEDIARIO,DOMINGO,FIM DE SEMANA,CHUVA LEVE,OUTUBRO,0.0
392,2024-10-20,2024,ALLIANZ PARQUE,SLIPKNOT,ARENAS E ESTADIOS,ESTADIO MULTIUSO,NU METAL,79.0,14198923.0,False,60000.0,VIP I,4990.0,1790.0,VIP,DOMINGO,FIM DE SEMANA,CHUVA LEVE,OUTUBRO,0.0
393,2024-10-20,2024,ALLIANZ PARQUE,SLIPKNOT,ARENAS E ESTADIOS,ESTADIO MULTIUSO,NU METAL,79.0,14198923.0,False,60000.0,VIP II,1990.0,1790.0,ULTRA VIP,DOMINGO,FIM DE SEMANA,CHUVA LEVE,OUTUBRO,0.0
394,2022-12-18,2022,SAMBODROMO DO ANHEMBI,SLIPKNOT,ARENAS E ESTADIOS,AREA EXTERNA PARA EVENTOS,NU METAL,79.0,14198923.0,False,45000.0,Pista,900.0,900.0,COMUM,DOMINGO,FIM DE SEMANA,CHUVISCO LEVE,DEZEMBRO,-672.0
395,2025-05-14,2025,AUTODROMO DE INTERLAGOS,SYSTEM OF A DOWN,ARENAS E ESTADIOS,AREA EXTERNA PARA EVENTOS,NU METAL,81.0,14124145.0,False,70000.0,Pista,595.0,1545.0,COMUM,QUARTA-FEIRA,DIA UTIL,NUBLADO,MAIO,878.0
396,2025-05-14,2025,AUTODROMO DE INTERLAGOS,SYSTEM OF A DOWN,ARENAS E ESTADIOS,AREA EXTERNA PARA EVENTOS,NU METAL,81.0,14124145.0,False,70000.0,VIP I,2495.0,1545.0,VIP,QUARTA-FEIRA,DIA UTIL,NUBLADO,MAIO,0.0
397,2025-05-10,2025,ALLIANZ PARQUE,SYSTEM OF A DOWN,ARENAS E ESTADIOS,ESTADIO MULTIUSO,NU METAL,81.0,14124145.0,False,47645.0,Pista,595.0,993.3333333333334,COMUM,SABADO,FIM DE SEMANA,CHUVA LEVE,MAIO,-4.0
398,2025-05-10,2025,ALLIANZ PARQUE,SYSTEM OF A DOWN,ARENAS E ESTADIOS,ESTADIO MULTIUSO,NU METAL,81.0,14124145.0,False,47645.0,Pista Premium,1095.0,993.3333333333334,VIP,SABADO,FIM DE SEMANA,CHUVA LEVE,MAIO,0.0
399,2025-05-10,2025,ALLIANZ PARQUE,SYSTEM OF A DOWN,ARENAS E ESTADIOS,ESTADIO MULTIUSO,NU METAL,81.0,14124145.0,False,47645.0,Cadeira Inferior,695.0,993.3333333333334,INTERMEDIARIO,SABADO,FIM DE SEMANA,CHUVA LEVE,MAIO,0.0
400,2025-05-10,2025,ALLIANZ PARQUE,SYSTEM OF A DOWN,ARENAS E ESTADIOS,ESTADIO MULTIUSO,NU METAL,81.0,14124145.0,False,47645.0,Cadeira Superior,495.0,993.3333333333334,INTERMEDIARIO,SABADO,FIM DE SEMANA,CHUVA LEVE,MAIO,0.0
401,2025-05-10,2025,ALLIANZ PARQUE,SYSTEM OF A DOWN,ARENAS E ESTADIOS,ESTADIO MULTIUSO,NU METAL,81.0,14124145.0,False,47645.0,Cadeira,1195.0,993.3333333333334,INTERMEDIARIO,SABADO,FIM DE SEMANA,CHUVA LEVE,MAIO,0.0
402,2025-05-10,2025,ALLIANZ PARQUE,SYSTEM OF A DOWN,ARENAS E ESTADIOS,ESTADIO MULTIUSO,NU METAL,81.0,14124145.0,False,47645.0,VIP I,1885.0,993.3333333333334,VIP,SABADO,FIM DE SEMANA,CHUVA LEVE,MAIO,0.0
403,2025-05-11,2025,ALLIANZ PARQUE,SYSTEM OF A DOWN,ARENAS E ESTADIOS,ESTADIO MULTIUSO,NU METAL,81.0,14124145.0,False,47645.0,Pista,595.0,993.3333333333334,COMUM,DOMINGO,FIM DE SEMANA,CHUVISCO LEVE,MAIO,1.0
404,2025-05-11,2025,ALLIANZ PARQUE,SYSTEM OF A DOWN,ARENAS E ESTADIOS,ESTADIO MULTIUSO,NU METAL,81.0,14124145.0,False,47645.0,Pista Premium,1095.0,993.3333333333334,VIP,DOMINGO,FIM DE SEMANA,CHUVISCO LEVE,MAIO,0.0
405,2025-05-11,2025,ALLIANZ PARQUE,SYSTEM OF A DOWN,ARENAS E ESTADIOS,ESTADIO MULTIUSO,NU METAL,81.0,14124145.0,False,47645.0,Cadeira Inferior,695.0,993.3333333333334,INTERMEDIARIO,DOMINGO,FIM DE SEMANA,CHUVISCO LEVE,MAIO,0.0
406,2025-05-11,2025,ALLIANZ PARQUE,SYSTEM OF A DOWN,ARENAS E ESTADIOS,ESTADIO MULTIUSO,NU METAL,81.0,14124145.0,False,47645.0,Cadeira Superior,495.0,993.3333333333334,INTERMEDIARIO,DOMINGO,FIM DE SEMANA,CHUVISCO LEVE,MAIO,0.0
407,2025-05-11,2025,ALLIANZ PARQUE,SYSTEM OF A DOWN,ARENAS E ESTADIOS,ESTADIO MULTIUSO,NU METAL,81.0,14124145.0,False,47645.0,Cadeira,1195.0,993.3333333333334,INTERMEDIARIO,DOMINGO,FIM DE SEMANA,CHUVISCO LEVE,MAIO,0.0
408,2025-05-11,2025,ALLIANZ PARQUE,SYSTEM OF A DOWN,ARENAS E ESTADIOS,ESTADIO MULTIUSO,NU METAL,81.0,14124145.0,False,47645.0,VIP I,1885.0,993.3333333333334,VIP,DOMINGO,FIM DE SEMANA,CHUVISCO LEVE,MAIO,0.0
409,2022-03-25,2022,AUTODROMO DE INTERLAGOS,MATUE,ARENAS E ESTADIOS,AREA EXTERNA PARA EVENTOS,BRAZILIAN TRAP,77.0,14020260.0,LOLLAPALOOZA,100980.0,Lolla Pista,1050.0,1763.3333333333333,COMUM,SEXTA-FEIRA,DIA UTIL,CHUVISCO LEVE,MARÇO,999.0
410,2022-03-25,2022,AUTODROMO DE INTERLAGOS,MATUE,ARENAS E ESTADIOS,AREA EXTERNA PARA EVENTOS,BRAZILIAN TRAP,77.0,14020260.0,LOLLAPALOOZA,100980.0,Lolla Lounge,2400.0,1763.3333333333333,LUXO,SEXTA-FEIRA,DIA UTIL,CHUVISCO LEVE,MARÇO,0.0
411,2022-03-25,2022,AUTODROMO DE INTERLAGOS,MATUE,ARENAS E ESTADIOS,AREA EXTERNA PARA EVENTOS,BRAZILIAN TRAP,77.0,14020260.0,LOLLAPALOOZA,100980.0,Lolla Confort,1840.0,1763.3333333333333,VIP,SEXTA-FEIRA,DIA UTIL,CHUVISCO LEVE,MARÇO,0.0
412,2023-09-03,2023,AUTODROMO DE INTERLAGOS,MATUE,ARENAS E ESTADIOS,AREA EXTERNA PARA EVENTOS,BRAZILIAN TRAP,77.0,14020260.0,THE TOWN,100000.0,Pista,815.0,815.0,COMUM,DOMINGO,FIM DE SEMANA,CHUVISCO INTENSO,SETEMBRO,527.0
413,2025-09-06,2025,AUTODROMO DE INTERLAGOS,MATUE,ARENAS E ESTADIOS,AREA EXTERNA PARA EVENTOS,BRAZILIAN TRAP,77.0,14020260.0,THE TOWN,100000.0,Pista,975.0,975.0,COMUM,SABADO,FIM DE SEMANA,CHUVISCO LEVE,SETEMBRO,734.0
414,2024-10-26,2024,MEMORIAL DA AMERICA LATINA,MATUE,GRANDES CASAS,AREA EXTERNA PARA EVENTOS,BRAZILIAN TRAP,77.0,14020260.0,False,10000.0,Pista,100.0,300.0,COMUM,SABADO,FIM DE SEMANA,CHUVA LEVE,OUTUBRO,-315.0
415,2024-10-26,2024,MEMORIAL DA AMERICA LATINA,MATUE,GRANDES CASAS,AREA EXTERNA PARA EVENTOS,BRAZILIAN TRAP,77.0,14020260.0,False,10000.0,Camarote,600.0,300.0,LUXO,SABADO,FIM DE SEMANA,CHUVA LEVE,OUTUBRO,0.0
416,2024-10-26,2024,MEMORIAL DA AMERICA LATINA,MATUE,GRANDES CASAS,AREA EXTERNA PARA EVENTOS,BRAZILIAN TRAP,77.0,14020260.0,False,10000.0,Frontstage,200.0,300.0,VIP,SABADO,FIM DE SEMANA,CHUVA LEVE,OUTUBRO,0.0
417,2024-05-19,2024,VALE DO ANHANGABAU,MATUE,GRANDES CASAS,AREA EXTERNA PARA EVENTOS,BRAZILIAN TRAP,77.0,14020260.0,False,20000.0,Lounge,300.0,300.0,LUXO,DOMINGO,FIM DE SEMANA,CHUVISCO LEVE,MAIO,-160.0
418,2022-07-26,2022,VIBRA SAO PAULO,MATUE,MEDIAS CASAS,TEATRO E CASA DE ESPETACULOS,BRAZILIAN TRAP,77.0,14020260.0,False,6500.0,Lolla Pista,1100.0,1700.0,COMUM,TERCA-FEIRA,DIA UTIL,NUBLADO,JULHO,-663.0
419,2022-07-26,2022,VIBRA SAO PAULO,MATUE,MEDIAS CASAS,TEATRO E CASA DE ESPETACULOS,BRAZILIAN TRAP,77.0,14020260.0,False,6500.0,Lolla Lounge,2250.0,1700.0,LUXO,TERCA-FEIRA,DIA UTIL,NUBLADO,JULHO,0.0
420,2022-07-26,2022,VIBRA SAO PAULO,MATUE,MEDIAS CASAS,TEATRO E CASA DE ESPETACULOS,BRAZILIAN TRAP,77.0,14020260.0,False,6500.0,Lolla Confort,1750.0,1700.0,VIP,TERCA-FEIRA,DIA UTIL,NUBLADO,JULHO,0.0
421,2023-05-06,2023,DISTRITO ANHEMBI,MATUE,GRANDES CASAS,AREA EXTERNA PARA EVENTOS,BRAZILIAN TRAP,77.0,14020260.0,False,40000.0,Pista,200.0,250.0,COMUM,SABADO,FIM DE SEMANA,NUBLADO,MAIO,284.0
422,2023-05-06,2023,DISTRITO ANHEMBI,MATUE,GRANDES CASAS,AREA EXTERNA PARA EVENTOS,BRAZILIAN TRAP,77.0,14020260.0,False,40000.0,Pista Premium,300.0,250.0,VIP,SABADO,FIM DE SEMANA,NUBLADO,MAIO,0.0
423,2025-11-23,2025,NEO QUIMICA ARENA,MATUE,ARENAS E ESTADIOS,ESTADIO MULTIUSO,BRAZILIAN TRAP,77.0,14020260.0,False,0.0,Pista,110.0,110.0,COMUM,DOMINGO,FIM DE SEMANA,<FUNCTION SERIES.MODE AT 0X0000027829051A80>,NOVEMBRO,932.0
424,2025-06-28,2025,MERCADO LIVRE ARENA PACAEMBU,MATUE,GRANDES CASAS,ESTADIO MULTIUSO,BRAZILIAN TRAP,77.0,14020260.0,False,25000.0,Pista,340.0,395.0,COMUM,SABADO,FIM DE SEMANA,NUBLADO,JUNHO,-148.0
425,2025-06-28,2025,MERCADO LIVRE ARENA PACAEMBU,MATUE,GRANDES CASAS,ESTADIO MULTIUSO,BRAZILIAN TRAP,77.0,14020260.0,False,25000.0,Cadeira,200.0,395.0,INTERMEDIARIO,SABADO,FIM DE SEMANA,NUBLADO,JUNHO,0.0
426,2025-06-28,2025,MERCADO LIVRE ARENA PACAEMBU,MATUE,GRANDES CASAS,ESTADIO MULTIUSO,BRAZILIAN TRAP,77.0,14020260.0,False,25000.0,Open Bar,900.0,395.0,VIP,SABADO,FIM DE SEMANA,NUBLADO,JUNHO,0.0
427,2025-06-28,2025,MERCADO LIVRE ARENA PACAEMBU,MATUE,GRANDES CASAS,ESTADIO MULTIUSO,BRAZILIAN TRAP,77.0,14020260.0,False,25000.0,Arquibancada,140.0,395.0,COMUM,SABADO,FIM DE SEMANA,NUBLADO,JUNHO,0.0
428,2025-08-01,2025,MERCADO LIVRE ARENA PACAEMBU,MATUE,GRANDES CASAS,ESTADIO MULTIUSO,BRAZILIAN TRAP,77.0,14020260.0,False,25000.0,Pista,100.0,300.0,COMUM,SEXTA-FEIRA,DIA UTIL,NUBLADO,AGOSTO,34.0
429,2025-08-01,2025,MERCADO LIVRE ARENA PACAEMBU,MATUE,GRANDES CASAS,ESTADIO MULTIUSO,BRAZILIAN TRAP,77.0,14020260.0,False,25000.0,Camarote,600.0,300.0,LUXO,SEXTA-FEIRA,DIA UTIL,NUBLADO,AGOSTO,0.0
430,2025-08-01,2025,MERCADO LIVRE ARENA PACAEMBU,MATUE,GRANDES CASAS,ESTADIO MULTIUSO,BRAZILIAN TRAP,77.0,14020260.0,False,25000.0,Frontstage,200.0,300.0,VIP,SEXTA-FEIRA,DIA UTIL,NUBLADO,AGOSTO,0.0
431,2024-01-25,2024,MEMORIAL DA AMERICA LATINA,ANITTA,GRANDES CASAS,AREA EXTERNA PARA EVENTOS,BRAZILIAN POP,79.0,13259230.0,False,20000.0,Pista,280.0,480.0,COMUM,QUINTA-FEIRA,FERIADO MUNICIPAL,CHUVA MODERADA,JANEIRO,999.0
432,2024-01-25,2024,MEMORIAL DA AMERICA LATINA,ANITTA,GRANDES CASAS,AREA EXTERNA PARA EVENTOS,BRAZILIAN POP,79.0,13259230.0,False,20000.0,Open Bar,680.0,480.0,VIP,QUINTA-FEIRA,FERIADO MUNICIPAL,CHUVA MODERADA,JANEIRO,0.0
433,2022-03-01,2022,JOCKEY CLUB,ANITTA,MEDIAS CASAS,CENTRO DE EVENTOS,BRAZILIAN POP,79.0,13259230.0,False,3000.0,Pista,390.0,390.0,COMUM,TERCA-FEIRA,FERIADO NACIONAL,CHUVA FORTE,MARÇO,-695.0
434,2023-02-21,2023,JOCKEY CLUB,ANITTA,MEDIAS CASAS,CENTRO DE EVENTOS,BRAZILIAN POP,79.0,13259230.0,False,7000.0,Pista,170.0,280.0,COMUM,TERCA-FEIRA,FERIADO NACIONAL,CHUVA MODERADA,FEVEREIRO,357.0
435,2023-02-21,2023,JOCKEY CLUB,ANITTA,MEDIAS CASAS,CENTRO DE EVENTOS,BRAZILIAN POP,79.0,13259230.0,False,7000.0,Open Bar,390.0,280.0,VIP,TERCA-FEIRA,FERIADO NACIONAL,CHUVA MODERADA,FEVEREIRO,0.0
436,2022-08-19,2022,NEO QUIMICA ARENA,ANITTA,ARENAS E ESTADIOS,ESTADIO MULTIUSO,BRAZILIAN POP,79.0,13259230.0,False,50000.0,Pista,120.0,160.0,COMUM,SEXTA-FEIRA,DIA UTIL,CHUVISCO MODERADO,AGOSTO,-186.0
437,2022-08-19,2022,NEO QUIMICA ARENA,ANITTA,ARENAS E ESTADIOS,ESTADIO MULTIUSO,BRAZILIAN POP,79.0,13259230.0,False,50000.0,Pista Premium,200.0,160.0,VIP,SEXTA-FEIRA,DIA UTIL,CHUVISCO MODERADO,AGOSTO,0.0
438,2024-09-06,2024,NEO QUIMICA ARENA,ANITTA,ARENAS E ESTADIOS,ESTADIO MULTIUSO,BRAZILIAN POP,79.0,13259230.0,False,25000.0,VIP I,298.0,298.0,VIP,SEXTA-FEIRA,DIA UTIL,CHUVISCO LEVE,SETEMBRO,749.0
439,2023-09-09,2023,AUTODROMO DE INTERLAGOS,FOO FIGHTERS,ARENAS E ESTADIOS,AREA EXTERNA PARA EVENTOS,ROCK,77.0,13017273.0,THE TOWN,100000.0,Pista,815.0,815.0,COMUM,SABADO,FIM DE SEMANA,CHUVISCO LEVE,SETEMBRO,301.0
440,2023-05-05,2023,ALLIANZ PARQUE,ALICIA KEYS,ARENAS E ESTADIOS,ESTADIO MULTIUSO,R&B,79.0,12961355.0,False,50000.0,Pista,780.0,782.0,COMUM,SEXTA-FEIRA,DIA UTIL,NUBLADO,MAIO,-597.0
441,2023-05-05,2023,ALLIANZ PARQUE,ALICIA KEYS,ARENAS E ESTADIOS,ESTADIO MULTIUSO,R&B,79.0,12961355.0,False,50000.0,Pista Premium,880.0,782.0,VIP,SEXTA-FEIRA,DIA UTIL,NUBLADO,MAIO,0.0
442,2023-05-05,2023,ALLIANZ PARQUE,ALICIA KEYS,ARENAS E ESTADIOS,ESTADIO MULTIUSO,R&B,79.0,12961355.0,False,50000.0,Camarote,980.0,782.0,LUXO,SEXTA-FEIRA,DIA UTIL,NUBLADO,MAIO,0.0
443,2023-05-05,2023,ALLIANZ PARQUE,ALICIA KEYS,ARENAS E ESTADIOS,ESTADIO MULTIUSO,R&B,79.0,12961355.0,False,50000.0,Cadeira Inferior,720.0,782.0,INTERMEDIARIO,SEXTA-FEIRA,DIA UTIL,NUBLADO,MAIO,0.0
444,2023-05-05,2023,ALLIANZ PARQUE,ALICIA KEYS,ARENAS E ESTADIOS,ESTADIO MULTIUSO,R&B,79.0,12961355.0,False,50000.0,Cadeira Superior,550.0,782.0,INTERMEDIARIO,SEXTA-FEIRA,DIA UTIL,NUBLADO,MAIO,0.0
445,2025-11-22,2025,MORUMBIS,OASIS,ARENAS E ESTADIOS,ESTADIO MULTIUSO,BRITPOP,82.0,12521360.0,False,66000.0,Pista,590.0,920.0,COMUM,SABADO,FIM DE SEMANA,<FUNCTION SERIES.MODE AT 0X0000027829051A80>,NOVEMBRO,999.0
446,2025-11-22,2025,MORUMBIS,OASIS,ARENAS E ESTADIOS,ESTADIO MULTIUSO,BRITPOP,82.0,12521360.0,False,66000.0,Pista Premium,1250.0,920.0,VIP,SABADO,FIM DE SEMANA,<FUNCTION SERIES.MODE AT 0X0000027829051A80>,NOVEMBRO,0.0
447,2025-11-22,2025,MORUMBIS,OASIS,ARENAS E ESTADIOS,ESTADIO MULTIUSO,BRITPOP,82.0,12521360.0,False,66000.0,Pista,590.0,920.0,COMUM,SABADO,FIM DE SEMANA,<FUNCTION SERIES.MODE AT 0X0000027829051A80>,NOVEMBRO,0.0
448,2025-11-23,2025,MORUMBIS,OASIS,ARENAS E ESTADIOS,ESTADIO MULTIUSO,BRITPOP,82.0,12521360.0,False,66000.0,Pista,590.0,920.0,COMUM,DOMINGO,FIM DE SEMANA,<FUNCTION SERIES.MODE AT 0X0000027829051A80>,NOVEMBRO,1.0
449,2025-11-23,2025,MORUMBIS,OASIS,ARENAS E ESTADIOS,ESTADIO MULTIUSO,BRITPOP,82.0,12521360.0,False,66000.0,Pista Premium,1250.0,920.0,VIP,DOMINGO,FIM DE SEMANA,<FUNCTION SERIES.MODE AT 0X0000027829051A80>,NOVEMBRO,0.0
450,2025-11-23,2025,MORUMBIS,OASIS,ARENAS E ESTADIOS,ESTADIO MULTIUSO,BRITPOP,82.0,12521360.0,False,66000.0,Pista,590.0,920.0,COMUM,DOMINGO,FIM DE SEMANA,<FUNCTION SERIES.MODE AT 0X0000027829051A80>,NOVEMBRO,0.0
451,2023-03-24,2023,AUTODROMO DE INTERLAGOS,CONAN GRAY,ARENAS E ESTADIOS,AREA EXTERNA PARA EVENTOS,POP,80.0,12497262.0,LOLLAPALOOZA,103350.0,Lolla Pista,1100.0,1706.6666666666667,COMUM,SEXTA-FEIRA,DIA UTIL,CHUVISCO LEVE,MARÇO,-737.0
452,2023-03-24,2023,AUTODROMO DE INTERLAGOS,CONAN GRAY,ARENAS E ESTADIOS,AREA EXTERNA PARA EVENTOS,POP,80.0,12497262.0,LOLLAPALOOZA,103350.0,Lolla Lounge,2250.0,1706.6666666666667,LUXO,SEXTA-FEIRA,DIA UTIL,CHUVISCO LEVE,MARÇO,0.0
453,2023-03-24,2023,AUTODROMO DE INTERLAGOS,CONAN GRAY,ARENAS E ESTADIOS,AREA EXTERNA PARA EVENTOS,POP,80.0,12497262.0,LOLLAPALOOZA,103350.0,Lolla Confort,1770.0,1706.6666666666667,VIP,SEXTA-FEIRA,DIA UTIL,CHUVISCO LEVE,MARÇO,0.0
454,2025-11-23,2025,NEO QUIMICA ARENA,YOUNG THUG,ARENAS E ESTADIOS,ESTADIO MULTIUSO,RAP,84.0,12491367.0,False,0.0,Pista,110.0,110.0,COMUM,DOMINGO,FIM DE SEMANA,<FUNCTION SERIES.MODE AT 0X0000027829051A80>,NOVEMBRO,1338.0
455,2025-09-12,2025,AUTODROMO DE INTERLAGOS,JASON DERULO,ARENAS E ESTADIOS,AREA EXTERNA PARA EVENTOS,PO,77.0,12473748.0,THE TOWN,75000.0,Pista,975.0,975.0,COMUM,SEXTA-FEIRA,DIA UTIL,NUBLADO,SETEMBRO,999.0
456,2023-12-09,2023,DISTRITO ANHEMBI,WESLEY SAFADAO,GRANDES CASAS,AREA EXTERNA PARA EVENTOS,FORRO,75.0,12332566.0,False,35000.0,Pista,220.0,470.0,COMUM,SABADO,FIM DE SEMANA,CHUVISCO LEVE,DEZEMBRO,999.0
457,2023-12-09,2023,DISTRITO ANHEMBI,WESLEY SAFADAO,GRANDES CASAS,AREA EXTERNA PARA EVENTOS,FORRO,75.0,12332566.0,False,35000.0,Open Bar,330.0,470.0,VIP,SABADO,FIM DE SEMANA,CHUVISCO LEVE,DEZEMBRO,0.0
458,2023-12-09,2023,DISTRITO ANHEMBI,WESLEY SAFADAO,GRANDES CASAS,AREA EXTERNA PARA EVENTOS,FORRO,75.0,12332566.0,False,35000.0,VIP I,860.0,470.0,VIP,SABADO,FIM DE SEMANA,CHUVISCO LEVE,DEZEMBRO,0.0
459,2022-12-17,2022,NOVO ANHANGABAU,WESLEY SAFADAO,GRANDES CASAS,AREA EXTERNA PARA EVENTOS,FORRO,75.0,12332566.0,False,45000.0,Pista,620.0,685.0,COMUM,SABADO,FIM DE SEMANA,CHUVISCO MODERADO,DEZEMBRO,-357.0
460,2022-12-17,2022,NOVO ANHANGABAU,WESLEY SAFADAO,GRANDES CASAS,AREA EXTERNA PARA EVENTOS,FORRO,75.0,12332566.0,False,45000.0,Pista Premium,920.0,685.0,VIP,SABADO,FIM DE SEMANA,CHUVISCO MODERADO,DEZEMBRO,0.0
461,2022-12-17,2022,NOVO ANHANGABAU,WESLEY SAFADAO,GRANDES CASAS,AREA EXTERNA PARA EVENTOS,FORRO,75.0,12332566.0,False,45000.0,Cadeira Inferior,740.0,685.0,INTERMEDIARIO,SABADO,FIM DE SEMANA,CHUVISCO MODERADO,DEZEMBRO,0.0
462,2022-12-17,2022,NOVO ANHANGABAU,WESLEY SAFADAO,GRANDES CASAS,AREA EXTERNA PARA EVENTOS,FORRO,75.0,12332566.0,False,45000.0,Cadeira Superior,460.0,685.0,INTERMEDIARIO,SABADO,FIM DE SEMANA,CHUVISCO MODERADO,DEZEMBRO,0.0
463,2023-03-24,2023,AUTODROMO DE INTERLAGOS,LIL NAS X,ARENAS E ESTADIOS,AREA EXTERNA PARA EVENTOS,HIP HOP,73.0,12309097.0,LOLLAPALOOZA,103350.0,Lolla Pista,1100.0,1706.6666666666667,COMUM,SEXTA-FEIRA,DIA UTIL,CHUVISCO LEVE,MARÇO,-921.0
464,2023-03-24,2023,AUTODROMO DE INTERLAGOS,LIL NAS X,ARENAS E ESTADIOS,AREA EXTERNA PARA EVENTOS,HIP HOP,73.0,12309097.0,LOLLAPALOOZA,103350.0,Lolla Lounge,2250.0,1706.6666666666667,LUXO,SEXTA-FEIRA,DIA UTIL,CHUVISCO LEVE,MARÇO,0.0
465,2023-03-24,2023,AUTODROMO DE INTERLAGOS,LIL NAS X,ARENAS E ESTADIOS,AREA EXTERNA PARA EVENTOS,HIP HOP,73.0,12309097.0,LOLLAPALOOZA,103350.0,Lolla Confort,1770.0,1706.6666666666667,VIP,SEXTA-FEIRA,DIA UTIL,CHUVISCO LEVE,MARÇO,0.0
466,2022-03-26,2022,AUTODROMO DE INTERLAGOS,ALESSIA CARA,ARENAS E ESTADIOS,AREA EXTERNA PARA EVENTOS,POP,73.0,12290992.0,LOLLAPALOOZA,103000.0,Lolla Pista,1050.0,1763.3333333333333,COMUM,SABADO,FIM DE SEMANA,CHUVISCO LEVE,MARÇO,-363.0
467,2022-03-26,2022,AUTODROMO DE INTERLAGOS,ALESSIA CARA,ARENAS E ESTADIOS,AREA EXTERNA PARA EVENTOS,POP,73.0,12290992.0,LOLLAPALOOZA,103000.0,Lolla Lounge,2400.0,1763.3333333333333,LUXO,SABADO,FIM DE SEMANA,CHUVISCO LEVE,MARÇO,0.0
468,2022-03-26,2022,AUTODROMO DE INTERLAGOS,ALESSIA CARA,ARENAS E ESTADIOS,AREA EXTERNA PARA EVENTOS,POP,73.0,12290992.0,LOLLAPALOOZA,103000.0,Lolla Confort,1840.0,1763.3333333333333,VIP,SABADO,FIM DE SEMANA,CHUVISCO LEVE,MARÇO,0.0
469,2025-09-13,2025,AUTODROMO DE INTERLAGOS,JESSIE J,ARENAS E ESTADIOS,AREA EXTERNA PARA EVENTOS,POP,72.0,12212986.0,THE TOWN,78000.0,Pista,975.0,975.0,COMUM,SABADO,FIM DE SEMANA,NUBLADO,SETEMBRO,1267.0
470,2024-04-30,2024,ESPACO UNIMED,JESSIE J,MEDIAS CASAS,CASA DE SHOWS,POP,72.0,12212986.0,False,8000.0,Pista,380.0,628.75,COMUM,TERCA-FEIRA,DIA UTIL,NUBLADO,ABRIL,-501.0
471,2024-04-30,2024,ESPACO UNIMED,JESSIE J,MEDIAS CASAS,CASA DE SHOWS,POP,72.0,12212986.0,False,8000.0,Pista Premium,720.0,628.75,VIP,TERCA-FEIRA,DIA UTIL,NUBLADO,ABRIL,0.0
472,2024-04-30,2024,ESPACO UNIMED,JESSIE J,MEDIAS CASAS,CASA DE SHOWS,POP,72.0,12212986.0,False,8000.0,Camarote,665.0,628.75,LUXO,TERCA-FEIRA,DIA UTIL,NUBLADO,ABRIL,0.0
473,2024-04-30,2024,ESPACO UNIMED,JESSIE J,MEDIAS CASAS,CASA DE SHOWS,POP,72.0,12212986.0,False,8000.0,Mezanino ,750.0,628.75,INTERMEDIARIO,TERCA-FEIRA,DIA UTIL,NUBLADO,ABRIL,0.0
474,2023-05-06,2023,DISTRITO ANHEMBI,WIZ KHALIFA,GRANDES CASAS,AREA EXTERNA PARA EVENTOS,RAP,82.0,12118767.0,False,40000.0,Pista,200.0,250.0,COMUM,SABADO,FIM DE SEMANA,NUBLADO,MAIO,-932.0
475,2023-05-06,2023,DISTRITO ANHEMBI,WIZ KHALIFA,GRANDES CASAS,AREA EXTERNA PARA EVENTOS,RAP,82.0,12118767.0,False,40000.0,Pista Premium,300.0,250.0,VIP,SABADO,FIM DE SEMANA,NUBLADO,MAIO,0.0
476,2022-09-07,2022,ESPACO UNIMED,AVRIL LAVIGNE,MEDIAS CASAS,CASA DE SHOWS,POP ROCK,77.0,12048041.0,False,8000.0,Pista,431.0,538.5,COMUM,QUARTA-FEIRA,FERIADO MUNICIPAL,CHUVA MODERADA,SETEMBRO,999.0
477,2022-09-07,2022,ESPACO UNIMED,AVRIL LAVIGNE,MEDIAS CASAS,CASA DE SHOWS,POP ROCK,77.0,12048041.0,False,8000.0,Pista Premium,731.0,538.5,VIP,QUARTA-FEIRA,FERIADO MUNICIPAL,CHUVA MODERADA,SETEMBRO,0.0
478,2022-09-07,2022,ESPACO UNIMED,AVRIL LAVIGNE,MEDIAS CASAS,CASA DE SHOWS,POP ROCK,77.0,12048041.0,False,8000.0,Camarote,691.0,538.5,LUXO,QUARTA-FEIRA,FERIADO MUNICIPAL,CHUVA MODERADA,SETEMBRO,0.0
479,2022-09-07,2022,ESPACO UNIMED,AVRIL LAVIGNE,MEDIAS CASAS,CASA DE SHOWS,POP ROCK,77.0,12048041.0,False,8000.0,Mezanino ,301.0,538.5,INTERMEDIARIO,QUARTA-FEIRA,FERIADO MUNICIPAL,CHUVA MODERADA,SETEMBRO,0.0
480,2025-09-13,2025,AUTODROMO DE INTERLAGOS,MARIAH CAREY,ARENAS E ESTADIOS,AREA EXTERNA PARA EVENTOS,CHRISTMAS,82.0,12027182.0,THE TOWN,78000.0,Pista,975.0,975.0,COMUM,SABADO,FIM DE SEMANA,NUBLADO,SETEMBRO,999.0
481,2024-09-20,2024,ALLIANZ PARQUE,MARIAH CAREY,ARENAS E ESTADIOS,ESTADIO MULTIUSO,CHRISTMAS,82.0,12027182.0,False,50126.0,Pista,390.0,502.5,COMUM,SEXTA-FEIRA,DIA UTIL,CHUVISCO LEVE,SETEMBRO,-358.0
482,2024-09-20,2024,ALLIANZ PARQUE,MARIAH CAREY,ARENAS E ESTADIOS,ESTADIO MULTIUSO,CHRISTMAS,82.0,12027182.0,False,50126.0,Pista Premium,790.0,502.5,VIP,SEXTA-FEIRA,DIA UTIL,CHUVISCO LEVE,SETEMBRO,0.0
483,2024-09-20,2024,ALLIANZ PARQUE,MARIAH CAREY,ARENAS E ESTADIOS,ESTADIO MULTIUSO,CHRISTMAS,82.0,12027182.0,False,50126.0,Cadeira Inferior,490.0,502.5,INTERMEDIARIO,SEXTA-FEIRA,DIA UTIL,CHUVISCO LEVE,SETEMBRO,0.0
484,2024-09-20,2024,ALLIANZ PARQUE,MARIAH CAREY,ARENAS E ESTADIOS,ESTADIO MULTIUSO,CHRISTMAS,82.0,12027182.0,False,50126.0,Cadeira Superior,340.0,502.5,INTERMEDIARIO,SEXTA-FEIRA,DIA UTIL,CHUVISCO LEVE,SETEMBRO,0.0
485,2024-03-24,2024,AUTODROMO DE INTERLAGOS,HUNGRIA,ARENAS E ESTADIOS,AREA EXTERNA PARA EVENTOS,BRAZILIAN HIP HOP,75.0,11489978.0,LOLLAPALOOZA,80000.0,Lolla Pista,1100.0,1700.0,COMUM,DOMINGO,FIM DE SEMANA,CHUVA LEVE,MARÇO,999.0
486,2024-03-24,2024,AUTODROMO DE INTERLAGOS,HUNGRIA,ARENAS E ESTADIOS,AREA EXTERNA PARA EVENTOS,BRAZILIAN HIP HOP,75.0,11489978.0,LOLLAPALOOZA,80000.0,Lolla Lounge,2250.0,1700.0,LUXO,DOMINGO,FIM DE SEMANA,CHUVA LEVE,MARÇO,0.0
487,2024-03-24,2024,AUTODROMO DE INTERLAGOS,HUNGRIA,ARENAS E ESTADIOS,AREA EXTERNA PARA EVENTOS,BRAZILIAN HIP HOP,75.0,11489978.0,LOLLAPALOOZA,80000.0,Lolla Confort,1750.0,1700.0,VIP,DOMINGO,FIM DE SEMANA,CHUVA LEVE,MARÇO,0.0
488,2025-08-30,2025,ALLIANZ PARQUE,FALL OUT BOY,ARENAS E ESTADIOS,ESTADIO MULTIUSO,EMO,79.0,11448975.0,I WANNA BE TOUR,50000.0,Pista,895.0,870.0,COMUM,SABADO,FIM DE SEMANA,CHUVISCO LEVE,AGOSTO,999.0
489,2025-08-30,2025,ALLIANZ PARQUE,FALL OUT BOY,ARENAS E ESTADIOS,ESTADIO MULTIUSO,EMO,79.0,11448975.0,I WANNA BE TOUR,50000.0,Cadeira Inferior,695.0,870.0,INTERMEDIARIO,SABADO,FIM DE SEMANA,CHUVISCO LEVE,AGOSTO,0.0
490,2025-08-30,2025,ALLIANZ PARQUE,FALL OUT BOY,ARENAS E ESTADIOS,ESTADIO MULTIUSO,EMO,79.0,11448975.0,I WANNA BE TOUR,50000.0,Cadeira Superior,495.0,870.0,INTERMEDIARIO,SABADO,FIM DE SEMANA,CHUVISCO LEVE,AGOSTO,0.0
491,2025-08-30,2025,ALLIANZ PARQUE,FALL OUT BOY,ARENAS E ESTADIOS,ESTADIO MULTIUSO,EMO,79.0,11448975.0,I WANNA BE TOUR,50000.0,VIP I,1395.0,870.0,VIP,SABADO,FIM DE SEMANA,CHUVISCO LEVE,AGOSTO,0.0
492,2022-03-26,2022,AUTODROMO DE INTERLAGOS,ALOK,ARENAS E ESTADIOS,AREA EXTERNA PARA EVENTOS,BRAZILIAN BASS,77.0,11247825.0,LOLLAPALOOZA,103000.0,Lolla Pista,1050.0,1763.3333333333333,COMUM,SABADO,FIM DE SEMANA,CHUVISCO LEVE,MARÇO,999.0
493,2022-03-26,2022,AUTODROMO DE INTERLAGOS,ALOK,ARENAS E ESTADIOS,AREA EXTERNA PARA EVENTOS,BRAZILIAN BASS,77.0,11247825.0,LOLLAPALOOZA,103000.0,Lolla Lounge,2400.0,1763.3333333333333,LUXO,SABADO,FIM DE SEMANA,CHUVISCO LEVE,MARÇO,0.0
494,2022-03-26,2022,AUTODROMO DE INTERLAGOS,ALOK,ARENAS E ESTADIOS,AREA EXTERNA PARA EVENTOS,BRAZILIAN BASS,77.0,11247825.0,LOLLAPALOOZA,103000.0,Lolla Confort,1840.0,1763.3333333333333,VIP,SABADO,FIM DE SEMANA,CHUVISCO LEVE,MARÇO,0.0
495,2023-09-03,2023,AUTODROMO DE INTERLAGOS,ALOK,ARENAS E ESTADIOS,AREA EXTERNA PARA EVENTOS,BRAZILIAN BASS,77.0,11247825.0,THE TOWN,100000.0,Pista,815.0,815.0,COMUM,DOMINGO,FIM DE SEMANA,CHUVISCO INTENSO,SETEMBRO,526.0
496,2022-02-28,2022,JOCKEY CLUB,ALOK,MEDIAS CASAS,CENTRO DE EVENTOS,BRAZILIAN BASS,77.0,11247825.0,False,3000.0,Pista,390.0,390.0,COMUM,SEGUNDA-FEIRA,DIA UTIL,NUBLADO,FEVEREIRO,-552.0
497,2023-02-20,2023,JOCKEY CLUB,ALOK,MEDIAS CASAS,CENTRO DE EVENTOS,BRAZILIAN BASS,77.0,11247825.0,False,4000.0,Pista,370.0,495.0,COMUM,SEGUNDA-FEIRA,DIA UTIL,CHUVA MODERADA,FEVEREIRO,357.0
498,2023-02-20,2023,JOCKEY CLUB,ALOK,MEDIAS CASAS,CENTRO DE EVENTOS,BRAZILIAN BASS,77.0,11247825.0,False,4000.0,Pista Premium,620.0,495.0,VIP,SEGUNDA-FEIRA,DIA UTIL,CHUVA MODERADA,FEVEREIRO,0.0
499,2025-06-28,2025,MERCADO LIVRE ARENA PACAEMBU,ALOK,GRANDES CASAS,ESTADIO MULTIUSO,BRAZILIAN BASS,77.0,11247825.0,False,25000.0,Pista,340.0,395.0,COMUM,SABADO,FIM DE SEMANA,NUBLADO,JUNHO,859.0
500,2025-06-28,2025,MERCADO LIVRE ARENA PACAEMBU,ALOK,GRANDES CASAS,ESTADIO MULTIUSO,BRAZILIAN BASS,77.0,11247825.0,False,25000.0,Cadeira,200.0,395.0,INTERMEDIARIO,SABADO,FIM DE SEMANA,NUBLADO,JUNHO,0.0
501,2025-06-28,2025,MERCADO LIVRE ARENA PACAEMBU,ALOK,GRANDES CASAS,ESTADIO MULTIUSO,BRAZILIAN BASS,77.0,11247825.0,False,25000.0,Open Bar,900.0,395.0,VIP,SABADO,FIM DE SEMANA,NUBLADO,JUNHO,0.0
502,2025-06-28,2025,MERCADO LIVRE ARENA PACAEMBU,ALOK,GRANDES CASAS,ESTADIO MULTIUSO,BRAZILIAN BASS,77.0,11247825.0,False,25000.0,Arquibancada,140.0,395.0,COMUM,SABADO,FIM DE SEMANA,NUBLADO,JUNHO,0.0
503,2023-05-07,2023,DISTRITO ANHEMBI,ICE CUBE,GRANDES CASAS,AREA EXTERNA PARA EVENTOS,GANGSTER RAP,73.0,11148646.0,False,25000.0,Pista,200.0,250.0,COMUM,DOMINGO,FIM DE SEMANA,NUBLADO,MAIO,999.0
504,2023-05-07,2023,DISTRITO ANHEMBI,ICE CUBE,GRANDES CASAS,AREA EXTERNA PARA EVENTOS,GANGSTER RAP,73.0,11148646.0,False,25000.0,Pista Premium,300.0,250.0,VIP,DOMINGO,FIM DE SEMANA,NUBLADO,MAIO,0.0
505,2022-11-05,2022,DISTRITO ANHEMBI,MITSKI,GRANDES CASAS,AREA EXTERNA PARA EVENTOS,0,80.0,11107800.0,PRIMAVERA SOUND,45000.0,Pista,560.0,733.3333333333334,COMUM,SABADO,FIM DE SEMANA,CHUVISCO LEVE,NOVEMBRO,999.0
506,2022-11-05,2022,DISTRITO ANHEMBI,MITSKI,GRANDES CASAS,AREA EXTERNA PARA EVENTOS,0,80.0,11107800.0,PRIMAVERA SOUND,45000.0,Pista Premium,890.0,733.3333333333334,VIP,SABADO,FIM DE SEMANA,CHUVISCO LEVE,NOVEMBRO,0.0
507,2022-11-05,2022,DISTRITO ANHEMBI,MITSKI,GRANDES CASAS,AREA EXTERNA PARA EVENTOS,0,80.0,11107800.0,PRIMAVERA SOUND,45000.0,Cadeira Inferior,750.0,733.3333333333334,INTERMEDIARIO,SABADO,FIM DE SEMANA,CHUVISCO LEVE,NOVEMBRO,0.0
508,2022-06-19,2022,SAMBODROMO DO ANHEMBI,TRIPPIE REDD,ARENAS E ESTADIOS,AREA EXTERNA PARA EVENTOS,MELODIC RAP,81.0,11085136.0,False,42000.0,Pista,440.0,440.0,COMUM,DOMINGO,FIM DE SEMANA,CHUVISCO LEVE,JUNHO,999.0
509,2022-04-30,2022,ALLIANZ PARQUE,KISS,ARENAS E ESTADIOS,ESTADIO MULTIUSO,GLAM ROCK,73.0,11082058.0,False,45000.0,Pista,380.0,470.0,COMUM,SABADO,FIM DE SEMANA,CHUVISCO LEVE,ABRIL,999.0
510,2022-04-30,2022,ALLIANZ PARQUE,KISS,ARENAS E ESTADIOS,ESTADIO MULTIUSO,GLAM ROCK,73.0,11082058.0,False,45000.0,Pista Premium,720.0,470.0,VIP,SABADO,FIM DE SEMANA,CHUVISCO LEVE,ABRIL,0.0
511,2022-04-30,2022,ALLIANZ PARQUE,KISS,ARENAS E ESTADIOS,ESTADIO MULTIUSO,GLAM ROCK,73.0,11082058.0,False,45000.0,Cadeira Inferior,480.0,470.0,INTERMEDIARIO,SABADO,FIM DE SEMANA,CHUVISCO LEVE,ABRIL,0.0
512,2022-04-30,2022,ALLIANZ PARQUE,KISS,ARENAS E ESTADIOS,ESTADIO MULTIUSO,GLAM ROCK,73.0,11082058.0,False,45000.0,Cadeira Superior,300.0,470.0,INTERMEDIARIO,SABADO,FIM DE SEMANA,CHUVISCO LEVE,ABRIL,0.0
513,2023-04-22,2023,ALLIANZ PARQUE,KISS,ARENAS E ESTADIOS,ESTADIO MULTIUSO,GLAM ROCK,73.0,11082058.0,MONSTERS OF ROCK,50000.0,Pista,680.0,780.0,COMUM,SABADO,FIM DE SEMANA,NUBLADO,ABRIL,357.0
514,2023-04-22,2023,ALLIANZ PARQUE,KISS,ARENAS E ESTADIOS,ESTADIO MULTIUSO,GLAM ROCK,73.0,11082058.0,MONSTERS OF ROCK,50000.0,Pista Premium,1180.0,780.0,VIP,SABADO,FIM DE SEMANA,NUBLADO,ABRIL,0.0
515,2023-04-22,2023,ALLIANZ PARQUE,KISS,ARENAS E ESTADIOS,ESTADIO MULTIUSO,GLAM ROCK,73.0,11082058.0,MONSTERS OF ROCK,50000.0,Cadeira Inferior,780.0,780.0,INTERMEDIARIO,SABADO,FIM DE SEMANA,NUBLADO,ABRIL,0.0
516,2023-04-22,2023,ALLIANZ PARQUE,KISS,ARENAS E ESTADIOS,ESTADIO MULTIUSO,GLAM ROCK,73.0,11082058.0,MONSTERS OF ROCK,50000.0,Cadeira Superior,480.0,780.0,INTERMEDIARIO,SABADO,FIM DE SEMANA,NUBLADO,ABRIL,0.0
517,2022-09-09,2022,ESPACO UNIMED,MANESKIN,MEDIAS CASAS,CASA DE SHOWS,0,77.0,10671428.0,False,7092.0,Pista,380.0,570.0,COMUM,SEXTA-FEIRA,DIA UTIL,NUBLADO,SETEMBRO,-57.0
518,2022-09-09,2022,ESPACO UNIMED,MANESKIN,MEDIAS CASAS,CASA DE SHOWS,0,77.0,10671428.0,False,7092.0,Pista Premium,580.0,570.0,VIP,SEXTA-FEIRA,DIA UTIL,NUBLADO,SETEMBRO,0.0
519,2022-09-09,2022,ESPACO UNIMED,MANESKIN,MEDIAS CASAS,CASA DE SHOWS,0,77.0,10671428.0,False,7092.0,Camarote,700.0,570.0,LUXO,SEXTA-FEIRA,DIA UTIL,NUBLADO,SETEMBRO,0.0
520,2022-09-09,2022,ESPACO UNIMED,MANESKIN,MEDIAS CASAS,CASA DE SHOWS,0,77.0,10671428.0,False,7092.0,Mezanino ,620.0,570.0,INTERMEDIARIO,SEXTA-FEIRA,DIA UTIL,NUBLADO,SETEMBRO,0.0
521,2023-11-03,2023,ESPACO UNIMED,MANESKIN,MEDIAS CASAS,CASA DE SHOWS,0,77.0,10671428.0,False,7912.0,Pista,450.0,687.5,COMUM,SEXTA-FEIRA,DIA UTIL,CHUVA FORTE,NOVEMBRO,420.0
522,2023-11-03,2023,ESPACO UNIMED,MANESKIN,MEDIAS CASAS,CASA DE SHOWS,0,77.0,10671428.0,False,7912.0,Pista Premium,700.0,687.5,VIP,SEXTA-FEIRA,DIA UTIL,CHUVA FORTE,NOVEMBRO,0.0
523,2023-11-03,2023,ESPACO UNIMED,MANESKIN,MEDIAS CASAS,CASA DE SHOWS,0,77.0,10671428.0,False,7912.0,Camarote,850.0,687.5,LUXO,SEXTA-FEIRA,DIA UTIL,CHUVA FORTE,NOVEMBRO,0.0
524,2023-11-03,2023,ESPACO UNIMED,MANESKIN,MEDIAS CASAS,CASA DE SHOWS,0,77.0,10671428.0,False,7912.0,Mezanino ,750.0,687.5,INTERMEDIARIO,SEXTA-FEIRA,DIA UTIL,CHUVA FORTE,NOVEMBRO,0.0
525,2022-11-06,2022,DISTRITO ANHEMBI,LORDE,GRANDES CASAS,AREA EXTERNA PARA EVENTOS,POP,81.0,10571786.0,PRIMAVERA SOUND,42200.0,Pista,560.0,733.3333333333334,COMUM,DOMINGO,FIM DE SEMANA,CHUVISCO LEVE,NOVEMBRO,-541.0
526,2022-11-06,2022,DISTRITO ANHEMBI,LORDE,GRANDES CASAS,AREA EXTERNA PARA EVENTOS,POP,81.0,10571786.0,PRIMAVERA SOUND,42200.0,Pista Premium,890.0,733.3333333333334,VIP,DOMINGO,FIM DE SEMANA,CHUVISCO LEVE,NOVEMBRO,0.0
527,2022-11-06,2022,DISTRITO ANHEMBI,LORDE,GRANDES CASAS,AREA EXTERNA PARA EVENTOS,POP,81.0,10571786.0,PRIMAVERA SOUND,42200.0,Cadeira Inferior,750.0,733.3333333333334,INTERMEDIARIO,DOMINGO,FIM DE SEMANA,CHUVISCO LEVE,NOVEMBRO,0.0
528,2023-05-09,2023,AUDIO,CHASE ATLANTIC,MEDIAS CASAS,CASA DE SHOWS,0,80.0,10567952.0,False,3200.0,Pista,320.0,390.0,COMUM,TERCA-FEIRA,DIA UTIL,CHUVISCO LEVE,MAIO,-178.0
529,2023-05-09,2023,AUDIO,CHASE ATLANTIC,MEDIAS CASAS,CASA DE SHOWS,0,80.0,10567952.0,False,3200.0,Camarote,460.0,390.0,LUXO,TERCA-FEIRA,DIA UTIL,CHUVISCO LEVE,MAIO,0.0
530,2023-05-07,2023,DISTRITO ANHEMBI,CHASE ATLANTIC,GRANDES CASAS,AREA EXTERNA PARA EVENTOS,0,80.0,10567952.0,False,25000.0,Pista,200.0,250.0,COMUM,DOMINGO,FIM DE SEMANA,NUBLADO,MAIO,-2.0
531,2023-05-07,2023,DISTRITO ANHEMBI,CHASE ATLANTIC,GRANDES CASAS,AREA EXTERNA PARA EVENTOS,0,80.0,10567952.0,False,25000.0,Pista Premium,300.0,250.0,VIP,DOMINGO,FIM DE SEMANA,NUBLADO,MAIO,0.0
532,2025-11-09,2025,SUHAI MUSIC HALL,CHASE ATLANTIC,MEDIAS CASAS,CASA DE SHOWS,0,80.0,10567952.0,False,8800.0,Pista,490.0,695.0,COMUM,DOMINGO,FIM DE SEMANA,CHUVISCO LEVE,NOVEMBRO,917.0
533,2025-11-09,2025,SUHAI MUSIC HALL,CHASE ATLANTIC,MEDIAS CASAS,CASA DE SHOWS,0,80.0,10567952.0,False,8800.0,Pista Premium,690.0,695.0,VIP,DOMINGO,FIM DE SEMANA,CHUVISCO LEVE,NOVEMBRO,0.0
534,2025-11-09,2025,SUHAI MUSIC HALL,CHASE ATLANTIC,MEDIAS CASAS,CASA DE SHOWS,0,80.0,10567952.0,False,8800.0,Camarote,820.0,695.0,LUXO,DOMINGO,FIM DE SEMANA,CHUVISCO LEVE,NOVEMBRO,0.0
535,2025-11-09,2025,SUHAI MUSIC HALL,CHASE ATLANTIC,MEDIAS CASAS,CASA DE SHOWS,0,80.0,10567952.0,False,8800.0,Mezanino ,780.0,695.0,INTERMEDIARIO,DOMINGO,FIM DE SEMANA,CHUVISCO LEVE,NOVEMBRO,0.0
536,2025-03-18,2025,TOKIO MARINE HALL,MON LAFERTE,MEDIAS CASAS,CASA DE SHOWS,LATIN ALTERNATIVE,79.0,10443208.0,False,3800.0,Pista,190.0,305.0,COMUM,TERCA-FEIRA,DIA UTIL,CHUVA LEVE,MARÇO,999.0
537,2025-03-18,2025,TOKIO MARINE HALL,MON LAFERTE,MEDIAS CASAS,CASA DE SHOWS,LATIN ALTERNATIVE,79.0,10443208.0,False,3800.0,Pista Premium,420.0,305.0,VIP,TERCA-FEIRA,DIA UTIL,CHUVA LEVE,MARÇO,0.0
538,2024-12-06,2024,ALLIANZ PARQUE,IRON MAIDEN,ARENAS E ESTADIOS,ESTADIO MULTIUSO,HEAVY METAL,73.0,10410489.0,False,43312.0,Pista,585.0,710.0,COMUM,SEXTA-FEIRA,DIA UTIL,CHUVA LEVE,DEZEMBRO,999.0
539,2024-12-06,2024,ALLIANZ PARQUE,IRON MAIDEN,ARENAS E ESTADIOS,ESTADIO MULTIUSO,HEAVY METAL,73.0,10410489.0,False,43312.0,Pista Premium,1200.0,710.0,VIP,SEXTA-FEIRA,DIA UTIL,CHUVA LEVE,DEZEMBRO,0.0
540,2024-12-06,2024,ALLIANZ PARQUE,IRON MAIDEN,ARENAS E ESTADIOS,ESTADIO MULTIUSO,HEAVY METAL,73.0,10410489.0,False,43312.0,Cadeira Inferior,690.0,710.0,INTERMEDIARIO,SEXTA-FEIRA,DIA UTIL,CHUVA LEVE,DEZEMBRO,0.0
541,2024-12-06,2024,ALLIANZ PARQUE,IRON MAIDEN,ARENAS E ESTADIOS,ESTADIO MULTIUSO,HEAVY METAL,73.0,10410489.0,False,43312.0,Cadeira Inferior Visão Parcial,650.0,710.0,COMUM,SEXTA-FEIRA,DIA UTIL,CHUVA LEVE,DEZEMBRO,0.0
542,2024-12-06,2024,ALLIANZ PARQUE,IRON MAIDEN,ARENAS E ESTADIOS,ESTADIO MULTIUSO,HEAVY METAL,73.0,10410489.0,False,43312.0,Cadeira Superior,425.0,710.0,INTERMEDIARIO,SEXTA-FEIRA,DIA UTIL,CHUVA LEVE,DEZEMBRO,0.0
543,2024-12-07,2024,ALLIANZ PARQUE,IRON MAIDEN,ARENAS E ESTADIOS,ESTADIO MULTIUSO,HEAVY METAL,73.0,10410489.0,False,43000.0,Pista,585.0,710.0,COMUM,SABADO,FIM DE SEMANA,CHUVISCO LEVE,DEZEMBRO,1.0
544,2024-12-07,2024,ALLIANZ PARQUE,IRON MAIDEN,ARENAS E ESTADIOS,ESTADIO MULTIUSO,HEAVY METAL,73.0,10410489.0,False,43000.0,Pista Premium,1200.0,710.0,VIP,SABADO,FIM DE SEMANA,CHUVISCO LEVE,DEZEMBRO,0.0
545,2024-12-07,2024,ALLIANZ PARQUE,IRON MAIDEN,ARENAS E ESTADIOS,ESTADIO MULTIUSO,HEAVY METAL,73.0,10410489.0,False,43000.0,Cadeira Inferior,690.0,710.0,INTERMEDIARIO,SABADO,FIM DE SEMANA,CHUVISCO LEVE,DEZEMBRO,0.0
546,2024-12-07,2024,ALLIANZ PARQUE,IRON MAIDEN,ARENAS E ESTADIOS,ESTADIO MULTIUSO,HEAVY METAL,73.0,10410489.0,False,43000.0,Cadeira Inferior Visão Parcial,650.0,710.0,COMUM,SABADO,FIM DE SEMANA,CHUVISCO LEVE,DEZEMBRO,0.0
547,2024-12-07,2024,ALLIANZ PARQUE,IRON MAIDEN,ARENAS E ESTADIOS,ESTADIO MULTIUSO,HEAVY METAL,73.0,10410489.0,False,43000.0,Cadeira Superior,425.0,710.0,INTERMEDIARIO,SABADO,FIM DE SEMANA,CHUVISCO LEVE,DEZEMBRO,0.0
548,2022-09-04,2022,ESTADIO DO MORUMBI,IRON MAIDEN,ARENAS E ESTADIOS,ESTADIO MULTIUSO,HEAVY METAL,73.0,10410489.0,False,56316.0,Pista,430.0,566.6666666666666,COMUM,DOMINGO,FIM DE SEMANA,CHUVA FORTE,SETEMBRO,-825.0
549,2022-09-04,2022,ESTADIO DO MORUMBI,IRON MAIDEN,ARENAS E ESTADIOS,ESTADIO MULTIUSO,HEAVY METAL,73.0,10410489.0,False,56316.0,Pista Premium,750.0,566.6666666666666,VIP,DOMINGO,FIM DE SEMANA,CHUVA FORTE,SETEMBRO,0.0
550,2022-09-04,2022,ESTADIO DO MORUMBI,IRON MAIDEN,ARENAS E ESTADIOS,ESTADIO MULTIUSO,HEAVY METAL,73.0,10410489.0,False,56316.0,Cadeira Inferior,520.0,566.6666666666666,INTERMEDIARIO,DOMINGO,FIM DE SEMANA,CHUVA FORTE,SETEMBRO,0.0
551,2023-09-07,2023,AUTODROMO DE INTERLAGOS,NE-YO,ARENAS E ESTADIOS,AREA EXTERNA PARA EVENTOS,POP,82.0,10291905.0,THE TOWN,100000.0,Pista,815.0,815.0,COMUM,QUINTA-FEIRA,FERIADO NACIONAL,NUBLADO,SETEMBRO,305.0
552,2023-09-07,2023,AUTODROMO DE INTERLAGOS,NE-YO,ARENAS E ESTADIOS,AREA EXTERNA PARA EVENTOS,POP,82.0,10291905.0,THE TOWN,100000.0,Pista,815.0,815.0,COMUM,QUINTA-FEIRA,FERIADO NACIONAL,NUBLADO,SETEMBRO,0.0
553,2024-09-19,2024,ESPACO UNIMED,NE-YO,MEDIAS CASAS,CASA DE SHOWS,POP,82.0,10291905.0,False,7808.0,Pista,760.0,830.0,COMUM,QUINTA-FEIRA,DIA UTIL,CHUVISCO MODERADO,SETEMBRO,378.0
554,2024-09-19,2024,ESPACO UNIMED,NE-YO,MEDIAS CASAS,CASA DE SHOWS,POP,82.0,10291905.0,False,7808.0,Camarote,1200.0,830.0,LUXO,QUINTA-FEIRA,DIA UTIL,CHUVISCO MODERADO,SETEMBRO,0.0
555,2024-09-19,2024,ESPACO UNIMED,NE-YO,MEDIAS CASAS,CASA DE SHOWS,POP,82.0,10291905.0,False,7808.0,Cadeira Superior,530.0,830.0,INTERMEDIARIO,QUINTA-FEIRA,DIA UTIL,CHUVISCO MODERADO,SETEMBRO,0.0
556,2024-09-19,2024,ESPACO UNIMED,NE-YO,MEDIAS CASAS,CASA DE SHOWS,POP,82.0,10291905.0,False,7808.0,Pista,760.0,830.0,COMUM,QUINTA-FEIRA,DIA UTIL,CHUVISCO MODERADO,SETEMBRO,0.0
557,2023-07-25,2023,ESPACO UNIMED,5 SECONDS OF SUMMER,MEDIAS CASAS,CASA DE SHOWS,ROCK,79.0,10256384.0,False,8000.0,Pista,440.0,635.0,COMUM,TERCA-FEIRA,DIA UTIL,PREDOMINANTEMENTE LIMPO,JULHO,-46.0
558,2023-07-25,2023,ESPACO UNIMED,5 SECONDS OF SUMMER,MEDIAS CASAS,CASA DE SHOWS,ROCK,79.0,10256384.0,False,8000.0,Pista Premium,680.0,635.0,VIP,TERCA-FEIRA,DIA UTIL,PREDOMINANTEMENTE LIMPO,JULHO,0.0
559,2023-07-25,2023,ESPACO UNIMED,5 SECONDS OF SUMMER,MEDIAS CASAS,CASA DE SHOWS,ROCK,79.0,10256384.0,False,8000.0,Camarote,700.0,635.0,LUXO,TERCA-FEIRA,DIA UTIL,PREDOMINANTEMENTE LIMPO,JULHO,0.0
560,2023-07-25,2023,ESPACO UNIMED,5 SECONDS OF SUMMER,MEDIAS CASAS,CASA DE SHOWS,ROCK,79.0,10256384.0,False,8000.0,Mezanino ,720.0,635.0,INTERMEDIARIO,TERCA-FEIRA,DIA UTIL,PREDOMINANTEMENTE LIMPO,JULHO,0.0
561,2025-08-16,2025,ARENA ANHEMBI,LUAN SANTANA,GRANDES CASAS,AREA EXTERNA PARA EVENTOS,SERTANEJO,77.0,10076389.0,False,40000.0,Pista,220.0,656.6666666666666,COMUM,SABADO,FIM DE SEMANA,NUBLADO,AGOSTO,364.0
562,2025-08-16,2025,ARENA ANHEMBI,LUAN SANTANA,GRANDES CASAS,AREA EXTERNA PARA EVENTOS,SERTANEJO,77.0,10076389.0,False,40000.0,Open Bar,1300.0,656.6666666666666,VIP,SABADO,FIM DE SEMANA,NUBLADO,AGOSTO,0.0
563,2025-08-16,2025,ARENA ANHEMBI,LUAN SANTANA,GRANDES CASAS,AREA EXTERNA PARA EVENTOS,SERTANEJO,77.0,10076389.0,False,40000.0,Frontstage,450.0,656.6666666666666,VIP,SABADO,FIM DE SEMANA,NUBLADO,AGOSTO,0.0
564,2022-02-28,2022,JOCKEY CLUB,LUAN SANTANA,MEDIAS CASAS,CENTRO DE EVENTOS,SERTANEJO,77.0,10076389.0,False,3000.0,Pista,390.0,390.0,COMUM,SEGUNDA-FEIRA,DIA UTIL,NUBLADO,FEVEREIRO,-1265.0
565,2025-03-29,2025,MERCADO LIVRE ARENA PACAEMBU,LUAN SANTANA,GRANDES CASAS,ESTADIO MULTIUSO,SERTANEJO,77.0,10076389.0,False,40000.0,Pista Premium,560.0,646.6666666666666,VIP,SABADO,FIM DE SEMANA,CHUVISCO INTENSO,MARÇO,1125.0
566,2025-03-29,2025,MERCADO LIVRE ARENA PACAEMBU,LUAN SANTANA,GRANDES CASAS,ESTADIO MULTIUSO,SERTANEJO,77.0,10076389.0,False,40000.0,Camarote,1000.0,646.6666666666666,LUXO,SABADO,FIM DE SEMANA,CHUVISCO INTENSO,MARÇO,0.0
567,2025-03-29,2025,MERCADO LIVRE ARENA PACAEMBU,LUAN SANTANA,GRANDES CASAS,ESTADIO MULTIUSO,SERTANEJO,77.0,10076389.0,False,40000.0,Arquibancada,380.0,646.6666666666666,COMUM,SABADO,FIM DE SEMANA,CHUVISCO INTENSO,MARÇO,0.0
568,2023-09-11,2023,ESPACO UNIMED,AESPA,MEDIAS CASAS,CASA DE SHOWS,K-POP,77.0,9877137.0,False,8000.0,Pista,490.0,807.5,COMUM,SEGUNDA-FEIRA,DIA UTIL,NUBLADO,SETEMBRO,-573.0
569,2023-09-11,2023,ESPACO UNIMED,AESPA,MEDIAS CASAS,CASA DE SHOWS,K-POP,77.0,9877137.0,False,8000.0,Pista Premium,940.0,807.5,VIP,SEGUNDA-FEIRA,DIA UTIL,NUBLADO,SETEMBRO,0.0
570,2023-09-11,2023,ESPACO UNIMED,AESPA,MEDIAS CASAS,CASA DE SHOWS,K-POP,77.0,9877137.0,False,8000.0,Camarote,840.0,807.5,LUXO,SEGUNDA-FEIRA,DIA UTIL,NUBLADO,SETEMBRO,0.0
571,2023-09-11,2023,ESPACO UNIMED,AESPA,MEDIAS CASAS,CASA DE SHOWS,K-POP,77.0,9877137.0,False,8000.0,Mezanino ,960.0,807.5,INTERMEDIARIO,SEGUNDA-FEIRA,DIA UTIL,NUBLADO,SETEMBRO,0.0
572,2023-09-03,2023,AUTODROMO DE INTERLAGOS,BEBE REXHA,ARENAS E ESTADIOS,AREA EXTERNA PARA EVENTOS,POP,77.0,9869344.0,THE TOWN,100000.0,Pista,815.0,815.0,COMUM,DOMINGO,FIM DE SEMANA,CHUVISCO INTENSO,SETEMBRO,-382.0
573,2025-09-06,2025,AUTODROMO DE INTERLAGOS,MC CABELINHO,ARENAS E ESTADIOS,AREA EXTERNA PARA EVENTOS,BRAZILIAN TRAP,74.0,9814637.0,THE TOWN,100000.0,Pista,975.0,975.0,COMUM,SABADO,FIM DE SEMANA,CHUVISCO LEVE,SETEMBRO,36.0
574,2023-05-06,2023,DISTRITO ANHEMBI,MC CABELINHO,GRANDES CASAS,AREA EXTERNA PARA EVENTOS,BRAZILIAN TRAP,74.0,9814637.0,False,40000.0,Pista,200.0,250.0,COMUM,SABADO,FIM DE SEMANA,NUBLADO,MAIO,-854.0
575,2023-05-06,2023,DISTRITO ANHEMBI,MC CABELINHO,GRANDES CASAS,AREA EXTERNA PARA EVENTOS,BRAZILIAN TRAP,74.0,9814637.0,False,40000.0,Pista Premium,300.0,250.0,VIP,SABADO,FIM DE SEMANA,NUBLADO,MAIO,0.0
576,2022-04-22,2022,ESPACO DAS AMERICAS,RACIONAIS MC'S,MEDIAS CASAS,CASA DE SHOWS,BRAZILIAN HIP HOP,71.0,9679940.0,False,6000.0,Pista,140.0,215.0,COMUM,SEXTA-FEIRA,DIA UTIL,CHUVISCO LEVE,ABRIL,-702.0
577,2022-04-22,2022,ESPACO DAS AMERICAS,RACIONAIS MC'S,MEDIAS CASAS,CASA DE SHOWS,BRAZILIAN HIP HOP,71.0,9679940.0,False,6000.0,Camarote,290.0,215.0,LUXO,SEXTA-FEIRA,DIA UTIL,CHUVISCO LEVE,ABRIL,0.0
578,2022-04-22,2022,ESPACO DAS AMERICAS,RACIONAIS MC'S,MEDIAS CASAS,CASA DE SHOWS,BRAZILIAN HIP HOP,71.0,9679940.0,False,6000.0,Pista,140.0,215.0,COMUM,SEXTA-FEIRA,DIA UTIL,CHUVISCO LEVE,ABRIL,0.0
579,2023-09-02,2023,AUTODROMO DE INTERLAGOS,RACIONAIS MC'S,ARENAS E ESTADIOS,AREA EXTERNA PARA EVENTOS,BRAZILIAN HIP HOP,71.0,9679940.0,THE TOWN,100000.0,Pista,815.0,815.0,COMUM,SABADO,FIM DE SEMANA,CHUVA LEVE,SETEMBRO,498.0
580,2023-09-02,2023,AUTODROMO DE INTERLAGOS,RACIONAIS MC'S,ARENAS E ESTADIOS,AREA EXTERNA PARA EVENTOS,BRAZILIAN HIP HOP,71.0,9679940.0,THE TOWN,100000.0,Pista,815.0,815.0,COMUM,SABADO,FIM DE SEMANA,CHUVA LEVE,SETEMBRO,0.0
581,2022-06-19,2022,SAMBODROMO DO ANHEMBI,RACIONAIS MC'S,ARENAS E ESTADIOS,AREA EXTERNA PARA EVENTOS,BRAZILIAN HIP HOP,71.0,9679940.0,False,42000.0,Pista,440.0,440.0,COMUM,DOMINGO,FIM DE SEMANA,CHUVISCO LEVE,JUNHO,-440.0
582,2022-06-19,2022,SAMBODROMO DO ANHEMBI,RACIONAIS MC'S,ARENAS E ESTADIOS,AREA EXTERNA PARA EVENTOS,BRAZILIAN HIP HOP,71.0,9679940.0,False,42000.0,Pista,440.0,440.0,COMUM,DOMINGO,FIM DE SEMANA,CHUVISCO LEVE,JUNHO,0.0
583,2024-11-22,2024,ESPACO UNIMED,RACIONAIS MC'S,MEDIAS CASAS,CASA DE SHOWS,BRAZILIAN HIP HOP,71.0,9679940.0,False,8000.0,Pista,140.0,215.0,COMUM,SEXTA-FEIRA,DIA UTIL,CHUVISCO MODERADO,NOVEMBRO,887.0
584,2024-11-22,2024,ESPACO UNIMED,RACIONAIS MC'S,MEDIAS CASAS,CASA DE SHOWS,BRAZILIAN HIP HOP,71.0,9679940.0,False,8000.0,Camarote,290.0,215.0,LUXO,SEXTA-FEIRA,DIA UTIL,CHUVISCO MODERADO,NOVEMBRO,0.0
585,2024-11-22,2024,ESPACO UNIMED,RACIONAIS MC'S,MEDIAS CASAS,CASA DE SHOWS,BRAZILIAN HIP HOP,71.0,9679940.0,False,8000.0,Pista,140.0,215.0,COMUM,SEXTA-FEIRA,DIA UTIL,CHUVISCO MODERADO,NOVEMBRO,0.0
586,2024-11-29,2024,ESPACO UNIMED,RACIONAIS MC'S,MEDIAS CASAS,CASA DE SHOWS,BRAZILIAN HIP HOP,71.0,9679940.0,False,8000.0,Pista,140.0,215.0,COMUM,SEXTA-FEIRA,DIA UTIL,CHUVISCO INTENSO,NOVEMBRO,7.0
587,2024-11-29,2024,ESPACO UNIMED,RACIONAIS MC'S,MEDIAS CASAS,CASA DE SHOWS,BRAZILIAN HIP HOP,71.0,9679940.0,False,8000.0,Camarote,290.0,215.0,LUXO,SEXTA-FEIRA,DIA UTIL,CHUVISCO INTENSO,NOVEMBRO,0.0
588,2024-11-29,2024,ESPACO UNIMED,RACIONAIS MC'S,MEDIAS CASAS,CASA DE SHOWS,BRAZILIAN HIP HOP,71.0,9679940.0,False,8000.0,Pista,140.0,215.0,COMUM,SEXTA-FEIRA,DIA UTIL,CHUVISCO INTENSO,NOVEMBRO,0.0
589,2023-05-07,2023,DISTRITO ANHEMBI,RACIONAIS MC'S,GRANDES CASAS,AREA EXTERNA PARA EVENTOS,BRAZILIAN HIP HOP,71.0,9679940.0,False,25000.0,Pista,200.0,250.0,COMUM,DOMINGO,FIM DE SEMANA,NUBLADO,MAIO,-572.0
590,2023-05-07,2023,DISTRITO ANHEMBI,RACIONAIS MC'S,GRANDES CASAS,AREA EXTERNA PARA EVENTOS,BRAZILIAN HIP HOP,71.0,9679940.0,False,25000.0,Pista Premium,300.0,250.0,VIP,DOMINGO,FIM DE SEMANA,NUBLADO,MAIO,0.0
591,2023-05-07,2023,DISTRITO ANHEMBI,RACIONAIS MC'S,GRANDES CASAS,AREA EXTERNA PARA EVENTOS,BRAZILIAN HIP HOP,71.0,9679940.0,False,25000.0,Pista,200.0,250.0,COMUM,DOMINGO,FIM DE SEMANA,NUBLADO,MAIO,0.0
592,2023-03-25,2023,AUTODROMO DE INTERLAGOS,TAME IMPALA,ARENAS E ESTADIOS,AREA EXTERNA PARA EVENTOS,NEO-PSYCHEDELIC,86.0,9661041.0,LOLLAPALOOZA,98500.0,Lolla Pista,1100.0,1706.6666666666667,COMUM,SABADO,FIM DE SEMANA,NUBLADO,MARÇO,999.0
593,2023-03-25,2023,AUTODROMO DE INTERLAGOS,TAME IMPALA,ARENAS E ESTADIOS,AREA EXTERNA PARA EVENTOS,NEO-PSYCHEDELIC,86.0,9661041.0,LOLLAPALOOZA,98500.0,Lolla Lounge,2250.0,1706.6666666666667,LUXO,SABADO,FIM DE SEMANA,NUBLADO,MARÇO,0.0
594,2023-03-25,2023,AUTODROMO DE INTERLAGOS,TAME IMPALA,ARENAS E ESTADIOS,AREA EXTERNA PARA EVENTOS,NEO-PSYCHEDELIC,86.0,9661041.0,LOLLAPALOOZA,98500.0,Lolla Confort,1770.0,1706.6666666666667,VIP,SABADO,FIM DE SEMANA,NUBLADO,MARÇO,0.0
595,2025-08-16,2025,ARENA ANHEMBI,ANA CASTELA,GRANDES CASAS,AREA EXTERNA PARA EVENTOS,SERTANEJO,80.0,9573728.0,False,40000.0,Pista,220.0,656.6666666666666,COMUM,SABADO,FIM DE SEMANA,NUBLADO,AGOSTO,140.0
596,2025-08-16,2025,ARENA ANHEMBI,ANA CASTELA,GRANDES CASAS,AREA EXTERNA PARA EVENTOS,SERTANEJO,80.0,9573728.0,False,40000.0,Open Bar,1300.0,656.6666666666666,VIP,SABADO,FIM DE SEMANA,NUBLADO,AGOSTO,0.0
597,2025-08-16,2025,ARENA ANHEMBI,ANA CASTELA,GRANDES CASAS,AREA EXTERNA PARA EVENTOS,SERTANEJO,80.0,9573728.0,False,40000.0,Frontstage,450.0,656.6666666666666,VIP,SABADO,FIM DE SEMANA,NUBLADO,AGOSTO,0.0
598,2023-08-19,2023,SAMBODROMO DO ANHEMBI,ANA CASTELA,ARENAS E ESTADIOS,AREA EXTERNA PARA EVENTOS,SERTANEJO,80.0,9573728.0,False,90000.0,Pista,180.0,258.0,COMUM,SABADO,FIM DE SEMANA,NUBLADO,AGOSTO,-728.0
599,2023-08-19,2023,SAMBODROMO DO ANHEMBI,ANA CASTELA,ARENAS E ESTADIOS,AREA EXTERNA PARA EVENTOS,SERTANEJO,80.0,9573728.0,False,90000.0,Pista Premium,320.0,258.0,VIP,SABADO,FIM DE SEMANA,NUBLADO,AGOSTO,0.0
600,2023-08-19,2023,SAMBODROMO DO ANHEMBI,ANA CASTELA,ARENAS E ESTADIOS,AREA EXTERNA PARA EVENTOS,SERTANEJO,80.0,9573728.0,False,90000.0,Camarote,450.0,258.0,LUXO,SABADO,FIM DE SEMANA,NUBLADO,AGOSTO,0.0
601,2023-08-19,2023,SAMBODROMO DO ANHEMBI,ANA CASTELA,ARENAS E ESTADIOS,AREA EXTERNA PARA EVENTOS,SERTANEJO,80.0,9573728.0,False,90000.0,Cadeira Inferior,220.0,258.0,INTERMEDIARIO,SABADO,FIM DE SEMANA,NUBLADO,AGOSTO,0.0
602,2023-08-19,2023,SAMBODROMO DO ANHEMBI,ANA CASTELA,ARENAS E ESTADIOS,AREA EXTERNA PARA EVENTOS,SERTANEJO,80.0,9573728.0,False,90000.0,Cadeira Superior,120.0,258.0,INTERMEDIARIO,SABADO,FIM DE SEMANA,NUBLADO,AGOSTO,0.0
603,2025-10-11,2025,SUHAI MUSIC HALL,ANA CASTELA,MEDIAS CASAS,CASA DE SHOWS,SERTANEJO,80.0,9573728.0,False,8500.0,Pista,230.0,210.0,COMUM,SABADO,FIM DE SEMANA,CHUVA MODERADA,OUTUBRO,784.0
604,2025-10-11,2025,SUHAI MUSIC HALL,ANA CASTELA,MEDIAS CASAS,CASA DE SHOWS,SERTANEJO,80.0,9573728.0,False,8500.0,Camarote,250.0,210.0,LUXO,SABADO,FIM DE SEMANA,CHUVA MODERADA,OUTUBRO,0.0
605,2025-10-11,2025,SUHAI MUSIC HALL,ANA CASTELA,MEDIAS CASAS,CASA DE SHOWS,SERTANEJO,80.0,9573728.0,False,8500.0,Cadeira Inferior,150.0,210.0,INTERMEDIARIO,SABADO,FIM DE SEMANA,CHUVA MODERADA,OUTUBRO,0.0
606,2023-03-24,2023,AUTODROMO DE INTERLAGOS,KALI UCHIS,ARENAS E ESTADIOS,AREA EXTERNA PARA EVENTOS,0,84.0,9556269.0,LOLLAPALOOZA,103350.0,Lolla Pista,1100.0,1706.6666666666667,COMUM,SEXTA-FEIRA,DIA UTIL,CHUVISCO LEVE,MARÇO,-961.0
607,2023-03-24,2023,AUTODROMO DE INTERLAGOS,KALI UCHIS,ARENAS E ESTADIOS,AREA EXTERNA PARA EVENTOS,0,84.0,9556269.0,LOLLAPALOOZA,103350.0,Lolla Lounge,2250.0,1706.6666666666667,LUXO,SEXTA-FEIRA,DIA UTIL,CHUVISCO LEVE,MARÇO,0.0
608,2023-03-24,2023,AUTODROMO DE INTERLAGOS,KALI UCHIS,ARENAS E ESTADIOS,AREA EXTERNA PARA EVENTOS,0,84.0,9556269.0,LOLLAPALOOZA,103350.0,Lolla Confort,1770.0,1706.6666666666667,VIP,SEXTA-FEIRA,DIA UTIL,CHUVISCO LEVE,MARÇO,0.0
609,2025-03-29,2025,AUTODROMO DE INTERLAGOS,TATE MCRAE,ARENAS E ESTADIOS,AREA EXTERNA PARA EVENTOS,0,90.0,9476548.0,LOLLAPALOOZA,80000.0,Lolla Pista,1050.0,1678.1666666666667,COMUM,SABADO,FIM DE SEMANA,CHUVISCO INTENSO,MARÇO,736.0
610,2025-03-29,2025,AUTODROMO DE INTERLAGOS,TATE MCRAE,ARENAS E ESTADIOS,AREA EXTERNA PARA EVENTOS,0,90.0,9476548.0,LOLLAPALOOZA,80000.0,Lolla Lounge,2310.0,1678.1666666666667,LUXO,SABADO,FIM DE SEMANA,CHUVISCO INTENSO,MARÇO,0.0
611,2025-03-29,2025,AUTODROMO DE INTERLAGOS,TATE MCRAE,ARENAS E ESTADIOS,AREA EXTERNA PARA EVENTOS,0,90.0,9476548.0,LOLLAPALOOZA,80000.0,Lolla Confort,1674.5,1678.1666666666667,VIP,SABADO,FIM DE SEMANA,CHUVISCO INTENSO,MARÇO,0.0
612,2023-07-05,2023,AUDIO,CNCO,MEDIAS CASAS,CASA DE SHOWS,REGGAETON,66.0,9361868.0,False,3200.0,Pista,420.0,480.0,COMUM,QUARTA-FEIRA,DIA UTIL,NUBLADO,JULHO,-840.0
613,2023-07-05,2023,AUDIO,CNCO,MEDIAS CASAS,CASA DE SHOWS,REGGAETON,66.0,9361868.0,False,3200.0,Camarote,540.0,480.0,LUXO,QUARTA-FEIRA,DIA UTIL,NUBLADO,JULHO,0.0
614,2023-04-22,2023,VALE DO ANHANGABAU,DJ SNAKE,GRANDES CASAS,AREA EXTERNA PARA EVENTOS,EDM,79.0,9356377.0,ULTRA BRASIL,20000.0,Pista,750.0,1125.0,COMUM,SABADO,FIM DE SEMANA,NUBLADO,ABRIL,391.0
615,2023-04-22,2023,VALE DO ANHANGABAU,DJ SNAKE,GRANDES CASAS,AREA EXTERNA PARA EVENTOS,EDM,79.0,9356377.0,ULTRA BRASIL,20000.0,Pista Premium,1500.0,1125.0,VIP,SABADO,FIM DE SEMANA,NUBLADO,ABRIL,0.0
616,2023-03-25,2023,AUTODROMO DE INTERLAGOS,FILIPE RET,ARENAS E ESTADIOS,AREA EXTERNA PARA EVENTOS,BRAZILIAN HIP HOP,78.0,9339041.0,LOLLAPALOOZA,98500.0,Lolla Pista,1100.0,1706.6666666666667,COMUM,SABADO,FIM DE SEMANA,NUBLADO,MARÇO,-43.0
617,2023-03-25,2023,AUTODROMO DE INTERLAGOS,FILIPE RET,ARENAS E ESTADIOS,AREA EXTERNA PARA EVENTOS,BRAZILIAN HIP HOP,78.0,9339041.0,LOLLAPALOOZA,98500.0,Lolla Lounge,2250.0,1706.6666666666667,LUXO,SABADO,FIM DE SEMANA,NUBLADO,MARÇO,0.0
618,2023-03-25,2023,AUTODROMO DE INTERLAGOS,FILIPE RET,ARENAS E ESTADIOS,AREA EXTERNA PARA EVENTOS,BRAZILIAN HIP HOP,78.0,9339041.0,LOLLAPALOOZA,98500.0,Lolla Confort,1770.0,1706.6666666666667,VIP,SABADO,FIM DE SEMANA,NUBLADO,MARÇO,0.0
619,2025-09-06,2025,AUTODROMO DE INTERLAGOS,FILIPE RET,ARENAS E ESTADIOS,AREA EXTERNA PARA EVENTOS,BRAZILIAN HIP HOP,78.0,9339041.0,THE TOWN,100000.0,Pista,975.0,975.0,COMUM,SABADO,FIM DE SEMANA,CHUVISCO LEVE,SETEMBRO,896.0
620,2022-06-18,2022,SAMBODROMO DO ANHEMBI,FILIPE RET,ARENAS E ESTADIOS,AREA EXTERNA PARA EVENTOS,BRAZILIAN HIP HOP,78.0,9339041.0,False,34000.0,Pista,440.0,440.0,COMUM,SABADO,FIM DE SEMANA,CHUVA MODERADA,JUNHO,-1176.0
621,2023-05-06,2023,DISTRITO ANHEMBI,FILIPE RET,GRANDES CASAS,AREA EXTERNA PARA EVENTOS,BRAZILIAN HIP HOP,78.0,9339041.0,False,40000.0,Pista,200.0,250.0,COMUM,SABADO,FIM DE SEMANA,NUBLADO,MAIO,322.0
622,2023-05-06,2023,DISTRITO ANHEMBI,FILIPE RET,GRANDES CASAS,AREA EXTERNA PARA EVENTOS,BRAZILIAN HIP HOP,78.0,9339041.0,False,40000.0,Pista Premium,300.0,250.0,VIP,SABADO,FIM DE SEMANA,NUBLADO,MAIO,0.0
623,2022-10-08,2022,VIBRA SAO PAULO,TINI,MEDIAS CASAS,TEATRO E CASA DE ESPETACULOS,LATIN POP,78.0,9259566.0,False,7000.0,Pista,700.0,650.0,COMUM,SABADO,FIM DE SEMANA,NUBLADO,OUTUBRO,999.0
624,2022-10-08,2022,VIBRA SAO PAULO,TINI,MEDIAS CASAS,TEATRO E CASA DE ESPETACULOS,LATIN POP,78.0,9259566.0,False,7000.0,Pista Premium,750.0,650.0,VIP,SABADO,FIM DE SEMANA,NUBLADO,OUTUBRO,0.0
625,2022-10-08,2022,VIBRA SAO PAULO,TINI,MEDIAS CASAS,TEATRO E CASA DE ESPETACULOS,LATIN POP,78.0,9259566.0,False,7000.0,Camarote,800.0,650.0,LUXO,SABADO,FIM DE SEMANA,NUBLADO,OUTUBRO,0.0
626,2022-10-08,2022,VIBRA SAO PAULO,TINI,MEDIAS CASAS,TEATRO E CASA DE ESPETACULOS,LATIN POP,78.0,9259566.0,False,7000.0,Cadeira Inferior,650.0,650.0,INTERMEDIARIO,SABADO,FIM DE SEMANA,NUBLADO,OUTUBRO,0.0
627,2022-10-08,2022,VIBRA SAO PAULO,TINI,MEDIAS CASAS,TEATRO E CASA DE ESPETACULOS,LATIN POP,78.0,9259566.0,False,7000.0,Cadeira Superior,350.0,650.0,INTERMEDIARIO,SABADO,FIM DE SEMANA,NUBLADO,OUTUBRO,0.0
628,2024-03-23,2024,AUTODROMO DE INTERLAGOS,HOZIER,ARENAS E ESTADIOS,AREA EXTERNA PARA EVENTOS,POP,83.0,9151013.0,LOLLAPALOOZA,80000.0,Lolla Pista,1100.0,1700.0,COMUM,SABADO,FIM DE SEMANA,CHUVISCO INTENSO,MARÇO,202.0
629,2024-03-23,2024,AUTODROMO DE INTERLAGOS,HOZIER,ARENAS E ESTADIOS,AREA EXTERNA PARA EVENTOS,POP,83.0,9151013.0,LOLLAPALOOZA,80000.0,Lolla Lounge,2250.0,1700.0,LUXO,SABADO,FIM DE SEMANA,CHUVISCO INTENSO,MARÇO,0.0
630,2024-03-23,2024,AUTODROMO DE INTERLAGOS,HOZIER,ARENAS E ESTADIOS,AREA EXTERNA PARA EVENTOS,POP,83.0,9151013.0,LOLLAPALOOZA,80000.0,Lolla Confort,1750.0,1700.0,VIP,SABADO,FIM DE SEMANA,CHUVISCO INTENSO,MARÇO,0.0
631,2025-05-30,2025,ESPACO UNIMED,HOZIER,MEDIAS CASAS,CASA DE SHOWS,POP,83.0,9151013.0,False,8000.0,Pista,640.0,815.0,COMUM,SEXTA-FEIRA,DIA UTIL,NUBLADO,MAIO,433.0
632,2025-05-30,2025,ESPACO UNIMED,HOZIER,MEDIAS CASAS,CASA DE SHOWS,POP,83.0,9151013.0,False,8000.0,Pista Premium,850.0,815.0,VIP,SEXTA-FEIRA,DIA UTIL,NUBLADO,MAIO,0.0
633,2025-05-30,2025,ESPACO UNIMED,HOZIER,MEDIAS CASAS,CASA DE SHOWS,POP,83.0,9151013.0,False,8000.0,Camarote,890.0,815.0,LUXO,SEXTA-FEIRA,DIA UTIL,NUBLADO,MAIO,0.0
634,2025-05-30,2025,ESPACO UNIMED,HOZIER,MEDIAS CASAS,CASA DE SHOWS,POP,83.0,9151013.0,False,8000.0,Mezanino ,880.0,815.0,INTERMEDIARIO,SEXTA-FEIRA,DIA UTIL,NUBLADO,MAIO,0.0
635,2023-03-26,2023,AUTODROMO DE INTERLAGOS,ROSALIA,ARENAS E ESTADIOS,AREA EXTERNA PARA EVENTOS,LATIN,88.0,8920542.0,LOLLAPALOOZA,100750.0,Lolla Pista,1100.0,1706.6666666666667,COMUM,DOMINGO,FIM DE SEMANA,CHUVISCO MODERADO,MARÇO,999.0
636,2023-03-26,2023,AUTODROMO DE INTERLAGOS,ROSALIA,ARENAS E ESTADIOS,AREA EXTERNA PARA EVENTOS,LATIN,88.0,8920542.0,LOLLAPALOOZA,100750.0,Lolla Lounge,2250.0,1706.6666666666667,LUXO,DOMINGO,FIM DE SEMANA,CHUVISCO MODERADO,MARÇO,0.0
637,2023-03-26,2023,AUTODROMO DE INTERLAGOS,ROSALIA,ARENAS E ESTADIOS,AREA EXTERNA PARA EVENTOS,LATIN,88.0,8920542.0,LOLLAPALOOZA,100750.0,Lolla Confort,1770.0,1706.6666666666667,VIP,DOMINGO,FIM DE SEMANA,CHUVISCO MODERADO,MARÇO,0.0
638,2022-08-22,2022,ESPACO UNIMED,ROSALIA,MEDIAS CASAS,CASA DE SHOWS,LATIN,88.0,8920542.0,False,8594.0,Pista,480.0,672.5,COMUM,SEGUNDA-FEIRA,DIA UTIL,NUBLADO,AGOSTO,-216.0
639,2022-08-22,2022,ESPACO UNIMED,ROSALIA,MEDIAS CASAS,CASA DE SHOWS,LATIN,88.0,8920542.0,False,8594.0,Pista Premium,720.0,672.5,VIP,SEGUNDA-FEIRA,DIA UTIL,NUBLADO,AGOSTO,0.0
640,2022-08-22,2022,ESPACO UNIMED,ROSALIA,MEDIAS CASAS,CASA DE SHOWS,LATIN,88.0,8920542.0,False,8594.0,Camarote,750.0,672.5,LUXO,SEGUNDA-FEIRA,DIA UTIL,NUBLADO,AGOSTO,0.0
641,2022-08-22,2022,ESPACO UNIMED,ROSALIA,MEDIAS CASAS,CASA DE SHOWS,LATIN,88.0,8920542.0,False,8594.0,Mezanino ,740.0,672.5,INTERMEDIARIO,SEGUNDA-FEIRA,DIA UTIL,NUBLADO,AGOSTO,0.0
642,2025-03-27,2025,AUDIO,GIRL IN RED,MEDIAS CASAS,CASA DE SHOWS,BEDROOM POP,74.0,8826309.0,False,3200.0,Pista,500.0,500.0,COMUM,QUINTA-FEIRA,DIA UTIL,CHUVISCO LEVE,MARÇO,999.0
643,2025-03-28,2025,AUTODROMO DE INTERLAGOS,GIRL IN RED,ARENAS E ESTADIOS,AREA EXTERNA PARA EVENTOS,BEDROOM POP,74.0,8826309.0,LOLLAPALOOZA,80000.0,Lolla Pista,1050.0,1678.1666666666667,COMUM,SEXTA-FEIRA,DIA UTIL,CHUVA LEVE,MARÇO,1.0
644,2025-03-28,2025,AUTODROMO DE INTERLAGOS,GIRL IN RED,ARENAS E ESTADIOS,AREA EXTERNA PARA EVENTOS,BEDROOM POP,74.0,8826309.0,LOLLAPALOOZA,80000.0,Lolla Lounge,2310.0,1678.1666666666667,LUXO,SEXTA-FEIRA,DIA UTIL,CHUVA LEVE,MARÇO,0.0
645,2025-03-28,2025,AUTODROMO DE INTERLAGOS,GIRL IN RED,ARENAS E ESTADIOS,AREA EXTERNA PARA EVENTOS,BEDROOM POP,74.0,8826309.0,LOLLAPALOOZA,80000.0,Lolla Confort,1674.5,1678.1666666666667,VIP,SEXTA-FEIRA,DIA UTIL,CHUVA LEVE,MARÇO,0.0
646,2022-03-24,2022,AUTODROMO DE INTERLAGOS,KEHLANI,ARENAS E ESTADIOS,AREA EXTERNA PARA EVENTOS,0,80.0,8739361.0,False,0.0,Lolla Pista,1050.0,1763.3333333333333,COMUM,QUINTA-FEIRA,DIA UTIL,NUBLADO,MARÇO,-1101.0
647,2022-03-24,2022,AUTODROMO DE INTERLAGOS,KEHLANI,ARENAS E ESTADIOS,AREA EXTERNA PARA EVENTOS,0,80.0,8739361.0,False,0.0,Lolla Lounge,2400.0,1763.3333333333333,LUXO,QUINTA-FEIRA,DIA UTIL,NUBLADO,MARÇO,0.0
648,2022-03-24,2022,AUTODROMO DE INTERLAGOS,KEHLANI,ARENAS E ESTADIOS,AREA EXTERNA PARA EVENTOS,0,80.0,8739361.0,False,0.0,Lolla Confort,1840.0,1763.3333333333333,VIP,QUINTA-FEIRA,DIA UTIL,NUBLADO,MARÇO,0.0
649,2022-03-27,2022,AUTODROMO DE INTERLAGOS,KEHLANI,ARENAS E ESTADIOS,AREA EXTERNA PARA EVENTOS,0,80.0,8739361.0,LOLLAPALOOZA,98255.0,Lolla Pista,1050.0,1763.3333333333333,COMUM,DOMINGO,FIM DE SEMANA,CHUVA MODERADA,MARÇO,3.0
650,2022-03-27,2022,AUTODROMO DE INTERLAGOS,KEHLANI,ARENAS E ESTADIOS,AREA EXTERNA PARA EVENTOS,0,80.0,8739361.0,LOLLAPALOOZA,98255.0,Lolla Lounge,2400.0,1763.3333333333333,LUXO,DOMINGO,FIM DE SEMANA,CHUVA MODERADA,MARÇO,0.0
651,2022-03-27,2022,AUTODROMO DE INTERLAGOS,KEHLANI,ARENAS E ESTADIOS,AREA EXTERNA PARA EVENTOS,0,80.0,8739361.0,LOLLAPALOOZA,98255.0,Lolla Confort,1840.0,1763.3333333333333,VIP,DOMINGO,FIM DE SEMANA,CHUVA MODERADA,MARÇO,0.0
652,2023-09-10,2023,AUTODROMO DE INTERLAGOS,H.E.R.,ARENAS E ESTADIOS,AREA EXTERNA PARA EVENTOS,R&B,74.0,8728247.0,THE TOWN,100000.0,Pista,815.0,815.0,COMUM,DOMINGO,FIM DE SEMANA,NUBLADO,SETEMBRO,128.0
653,2022-11-13,2022,ESPACO UNIMED,KYGO,MEDIAS CASAS,CASA DE SHOWS,TROPICAL HOUSE,77.0,8674312.0,False,8000.0,Pista,400.0,400.0,COMUM,DOMINGO,FIM DE SEMANA,NUBLADO,NOVEMBRO,999.0
654,2023-04-22,2023,ALLIANZ PARQUE,SCORPIONS,ARENAS E ESTADIOS,ESTADIO MULTIUSO,HARD ROCK,74.0,8658584.0,MONSTERS OF ROCK,50000.0,Pista,680.0,780.0,COMUM,SABADO,FIM DE SEMANA,NUBLADO,ABRIL,999.0
655,2023-04-22,2023,ALLIANZ PARQUE,SCORPIONS,ARENAS E ESTADIOS,ESTADIO MULTIUSO,HARD ROCK,74.0,8658584.0,MONSTERS OF ROCK,50000.0,Pista Premium,1180.0,780.0,VIP,SABADO,FIM DE SEMANA,NUBLADO,ABRIL,0.0
656,2023-04-22,2023,ALLIANZ PARQUE,SCORPIONS,ARENAS E ESTADIOS,ESTADIO MULTIUSO,HARD ROCK,74.0,8658584.0,MONSTERS OF ROCK,50000.0,Cadeira Inferior,780.0,780.0,INTERMEDIARIO,SABADO,FIM DE SEMANA,NUBLADO,ABRIL,0.0
657,2023-04-22,2023,ALLIANZ PARQUE,SCORPIONS,ARENAS E ESTADIOS,ESTADIO MULTIUSO,HARD ROCK,74.0,8658584.0,MONSTERS OF ROCK,50000.0,Cadeira Superior,480.0,780.0,INTERMEDIARIO,SABADO,FIM DE SEMANA,NUBLADO,ABRIL,0.0
658,2025-04-19,2025,ALLIANZ PARQUE,SCORPIONS,ARENAS E ESTADIOS,ESTADIO MULTIUSO,HARD ROCK,74.0,8658584.0,MONSTERS OF ROCK,49000.0,Pista,680.0,1474.2857142857142,COMUM,SABADO,FIM DE SEMANA,CHUVA LEVE,ABRIL,728.0
659,2025-04-19,2025,ALLIANZ PARQUE,SCORPIONS,ARENAS E ESTADIOS,ESTADIO MULTIUSO,HARD ROCK,74.0,8658584.0,MONSTERS OF ROCK,49000.0,Pista Premium,1180.0,1474.2857142857142,VIP,SABADO,FIM DE SEMANA,CHUVA LEVE,ABRIL,0.0
660,2025-04-19,2025,ALLIANZ PARQUE,SCORPIONS,ARENAS E ESTADIOS,ESTADIO MULTIUSO,HARD ROCK,74.0,8658584.0,MONSTERS OF ROCK,49000.0,Cadeira Inferior,780.0,1474.2857142857142,INTERMEDIARIO,SABADO,FIM DE SEMANA,CHUVA LEVE,ABRIL,0.0
661,2025-04-19,2025,ALLIANZ PARQUE,SCORPIONS,ARENAS E ESTADIOS,ESTADIO MULTIUSO,HARD ROCK,74.0,8658584.0,MONSTERS OF ROCK,49000.0,Cadeira Superior,480.0,1474.2857142857142,INTERMEDIARIO,SABADO,FIM DE SEMANA,CHUVA LEVE,ABRIL,0.0
662,2025-04-19,2025,ALLIANZ PARQUE,SCORPIONS,ARENAS E ESTADIOS,ESTADIO MULTIUSO,HARD ROCK,74.0,8658584.0,MONSTERS OF ROCK,49000.0,Backstage,2800.0,1474.2857142857142,VIP,SABADO,FIM DE SEMANA,CHUVA LEVE,ABRIL,0.0
663,2025-04-19,2025,ALLIANZ PARQUE,SCORPIONS,ARENAS E ESTADIOS,ESTADIO MULTIUSO,HARD ROCK,74.0,8658584.0,MONSTERS OF ROCK,49000.0,VIP I,2000.0,1474.2857142857142,VIP,SABADO,FIM DE SEMANA,CHUVA LEVE,ABRIL,0.0
664,2025-04-19,2025,ALLIANZ PARQUE,SCORPIONS,ARENAS E ESTADIOS,ESTADIO MULTIUSO,HARD ROCK,74.0,8658584.0,MONSTERS OF ROCK,49000.0,VIP II,2400.0,1474.2857142857142,ULTRA VIP,SABADO,FIM DE SEMANA,CHUVA LEVE,ABRIL,0.0
665,2023-09-02,2023,AUTODROMO DE INTERLAGOS,OROCHI,ARENAS E ESTADIOS,AREA EXTERNA PARA EVENTOS,BRAZILIAN TRAP,76.0,8648149.0,THE TOWN,100000.0,Pista,815.0,815.0,COMUM,SABADO,FIM DE SEMANA,CHUVA LEVE,SETEMBRO,119.0
666,2022-06-19,2022,SAMBODROMO DO ANHEMBI,OROCHI,ARENAS E ESTADIOS,AREA EXTERNA PARA EVENTOS,BRAZILIAN TRAP,76.0,8648149.0,False,42000.0,Pista,440.0,440.0,COMUM,DOMINGO,FIM DE SEMANA,CHUVISCO LEVE,JUNHO,-440.0
667,2023-05-06,2023,DISTRITO ANHEMBI,OROCHI,GRANDES CASAS,AREA EXTERNA PARA EVENTOS,BRAZILIAN TRAP,76.0,8648149.0,False,40000.0,Pista,200.0,250.0,COMUM,SABADO,FIM DE SEMANA,NUBLADO,MAIO,321.0
668,2023-05-06,2023,DISTRITO ANHEMBI,OROCHI,GRANDES CASAS,AREA EXTERNA PARA EVENTOS,BRAZILIAN TRAP,76.0,8648149.0,False,40000.0,Pista Premium,300.0,250.0,VIP,SABADO,FIM DE SEMANA,NUBLADO,MAIO,0.0
669,2022-03-01,2022,ESPACO DAS AMERICAS,LUDMILLA,MEDIAS CASAS,CASA DE SHOWS,PAGODE,74.0,8366968.0,False,6500.0,Pista,380.0,386.0,COMUM,TERCA-FEIRA,FERIADO NACIONAL,CHUVA FORTE,MARÇO,999.0
670,2022-03-01,2022,ESPACO DAS AMERICAS,LUDMILLA,MEDIAS CASAS,CASA DE SHOWS,PAGODE,74.0,8366968.0,False,6500.0,Cadeira Inferior,260.0,386.0,INTERMEDIARIO,TERCA-FEIRA,FERIADO NACIONAL,CHUVA FORTE,MARÇO,0.0
671,2022-03-01,2022,ESPACO DAS AMERICAS,LUDMILLA,MEDIAS CASAS,CASA DE SHOWS,PAGODE,74.0,8366968.0,False,6500.0,Cadeira Superior,260.0,386.0,INTERMEDIARIO,TERCA-FEIRA,FERIADO NACIONAL,CHUVA FORTE,MARÇO,0.0
672,2022-03-01,2022,ESPACO DAS AMERICAS,LUDMILLA,MEDIAS CASAS,CASA DE SHOWS,PAGODE,74.0,8366968.0,False,6500.0,Open Bar,580.0,386.0,VIP,TERCA-FEIRA,FERIADO NACIONAL,CHUVA FORTE,MARÇO,0.0
673,2022-03-01,2022,ESPACO DAS AMERICAS,LUDMILLA,MEDIAS CASAS,CASA DE SHOWS,PAGODE,74.0,8366968.0,False,6500.0,Frontstage,450.0,386.0,VIP,TERCA-FEIRA,FERIADO NACIONAL,CHUVA FORTE,MARÇO,0.0
674,2023-03-25,2023,AUTODROMO DE INTERLAGOS,LUDMILLA,ARENAS E ESTADIOS,AREA EXTERNA PARA EVENTOS,PAGODE,74.0,8366968.0,LOLLAPALOOZA,98500.0,Lolla Pista,1100.0,1706.6666666666667,COMUM,SABADO,FIM DE SEMANA,NUBLADO,MARÇO,389.0
675,2023-03-25,2023,AUTODROMO DE INTERLAGOS,LUDMILLA,ARENAS E ESTADIOS,AREA EXTERNA PARA EVENTOS,PAGODE,74.0,8366968.0,LOLLAPALOOZA,98500.0,Lolla Lounge,2250.0,1706.6666666666667,LUXO,SABADO,FIM DE SEMANA,NUBLADO,MARÇO,0.0
676,2023-03-25,2023,AUTODROMO DE INTERLAGOS,LUDMILLA,ARENAS E ESTADIOS,AREA EXTERNA PARA EVENTOS,PAGODE,74.0,8366968.0,LOLLAPALOOZA,98500.0,Lolla Confort,1770.0,1706.6666666666667,VIP,SABADO,FIM DE SEMANA,NUBLADO,MARÇO,0.0
677,2023-09-07,2023,AUTODROMO DE INTERLAGOS,LUDMILLA,ARENAS E ESTADIOS,AREA EXTERNA PARA EVENTOS,PAGODE,74.0,8366968.0,THE TOWN,100000.0,Pista,815.0,815.0,COMUM,QUINTA-FEIRA,FERIADO NACIONAL,NUBLADO,SETEMBRO,166.0
678,2025-09-14,2025,AUTODROMO DE INTERLAGOS,LUDMILLA,ARENAS E ESTADIOS,AREA EXTERNA PARA EVENTOS,PAGODE,74.0,8366968.0,THE TOWN,82000.0,Pista,975.0,975.0,COMUM,DOMINGO,FIM DE SEMANA,NUBLADO,SETEMBRO,738.0
679,2022-06-17,2022,ARENA ANHEMBI,LUDMILLA,GRANDES CASAS,AREA EXTERNA PARA EVENTOS,PAGODE,74.0,8366968.0,False,20000.0,Pista,380.0,386.0,COMUM,SEXTA-FEIRA,DIA UTIL,NUBLADO,JUNHO,-1185.0
680,2022-06-17,2022,ARENA ANHEMBI,LUDMILLA,GRANDES CASAS,AREA EXTERNA PARA EVENTOS,PAGODE,74.0,8366968.0,False,20000.0,Cadeira Inferior,260.0,386.0,INTERMEDIARIO,SEXTA-FEIRA,DIA UTIL,NUBLADO,JUNHO,0.0
681,2022-06-17,2022,ARENA ANHEMBI,LUDMILLA,GRANDES CASAS,AREA EXTERNA PARA EVENTOS,PAGODE,74.0,8366968.0,False,20000.0,Cadeira Superior,260.0,386.0,INTERMEDIARIO,SEXTA-FEIRA,DIA UTIL,NUBLADO,JUNHO,0.0
682,2022-06-17,2022,ARENA ANHEMBI,LUDMILLA,GRANDES CASAS,AREA EXTERNA PARA EVENTOS,PAGODE,74.0,8366968.0,False,20000.0,Open Bar,580.0,386.0,VIP,SEXTA-FEIRA,DIA UTIL,NUBLADO,JUNHO,0.0
683,2022-06-17,2022,ARENA ANHEMBI,LUDMILLA,GRANDES CASAS,AREA EXTERNA PARA EVENTOS,PAGODE,74.0,8366968.0,False,20000.0,Frontstage,450.0,386.0,VIP,SEXTA-FEIRA,DIA UTIL,NUBLADO,JUNHO,0.0
684,2024-06-09,2024,ALLIANZ PARQUE,LUDMILLA,ARENAS E ESTADIOS,ESTADIO MULTIUSO,PAGODE,74.0,8366968.0,False,21188.0,Pista,250.0,464.0,COMUM,DOMINGO,FIM DE SEMANA,NUBLADO,JUNHO,723.0
685,2024-06-09,2024,ALLIANZ PARQUE,LUDMILLA,ARENAS E ESTADIOS,ESTADIO MULTIUSO,PAGODE,74.0,8366968.0,False,21188.0,Pista Premium,490.0,464.0,VIP,DOMINGO,FIM DE SEMANA,NUBLADO,JUNHO,0.0
686,2024-06-09,2024,ALLIANZ PARQUE,LUDMILLA,ARENAS E ESTADIOS,ESTADIO MULTIUSO,PAGODE,74.0,8366968.0,False,21188.0,Cadeira Inferior,290.0,464.0,INTERMEDIARIO,DOMINGO,FIM DE SEMANA,NUBLADO,JUNHO,0.0
687,2024-06-09,2024,ALLIANZ PARQUE,LUDMILLA,ARENAS E ESTADIOS,ESTADIO MULTIUSO,PAGODE,74.0,8366968.0,False,21188.0,Cadeira Superior,100.0,464.0,INTERMEDIARIO,DOMINGO,FIM DE SEMANA,NUBLADO,JUNHO,0.0
688,2024-06-09,2024,ALLIANZ PARQUE,LUDMILLA,ARENAS E ESTADIOS,ESTADIO MULTIUSO,PAGODE,74.0,8366968.0,False,21188.0,VIP I,1190.0,464.0,VIP,DOMINGO,FIM DE SEMANA,NUBLADO,JUNHO,0.0
689,2022-02-27,2022,JOCKEY CLUB,LUDMILLA,MEDIAS CASAS,CENTRO DE EVENTOS,PAGODE,74.0,8366968.0,False,3000.0,Pista,380.0,386.0,COMUM,DOMINGO,FIM DE SEMANA,CHUVISCO LEVE,FEVEREIRO,-833.0
690,2022-02-27,2022,JOCKEY CLUB,LUDMILLA,MEDIAS CASAS,CENTRO DE EVENTOS,PAGODE,74.0,8366968.0,False,3000.0,Cadeira Inferior,260.0,386.0,INTERMEDIARIO,DOMINGO,FIM DE SEMANA,CHUVISCO LEVE,FEVEREIRO,0.0
691,2022-02-27,2022,JOCKEY CLUB,LUDMILLA,MEDIAS CASAS,CENTRO DE EVENTOS,PAGODE,74.0,8366968.0,False,3000.0,Cadeira Superior,260.0,386.0,INTERMEDIARIO,DOMINGO,FIM DE SEMANA,CHUVISCO LEVE,FEVEREIRO,0.0
692,2022-02-27,2022,JOCKEY CLUB,LUDMILLA,MEDIAS CASAS,CENTRO DE EVENTOS,PAGODE,74.0,8366968.0,False,3000.0,Open Bar,580.0,386.0,VIP,DOMINGO,FIM DE SEMANA,CHUVISCO LEVE,FEVEREIRO,0.0
693,2022-02-27,2022,JOCKEY CLUB,LUDMILLA,MEDIAS CASAS,CENTRO DE EVENTOS,PAGODE,74.0,8366968.0,False,3000.0,Frontstage,450.0,386.0,VIP,DOMINGO,FIM DE SEMANA,CHUVISCO LEVE,FEVEREIRO,0.0
694,2025-06-21,2025,VALE DO ANHANGABAU,LUDMILLA,GRANDES CASAS,AREA EXTERNA PARA EVENTOS,PAGODE,74.0,8366968.0,False,15000.0,Pista,300.0,400.0,COMUM,SABADO,FIM DE SEMANA,CHUVA LEVE,JUNHO,1210.0
695,2025-06-21,2025,VALE DO ANHANGABAU,LUDMILLA,GRANDES CASAS,AREA EXTERNA PARA EVENTOS,PAGODE,74.0,8366968.0,False,15000.0,Backstage,500.0,400.0,VIP,SABADO,FIM DE SEMANA,CHUVA LEVE,JUNHO,0.0
696,2022-12-23,2022,ESPACO UNIMED,LUDMILLA,MEDIAS CASAS,CASA DE SHOWS,PAGODE,74.0,8366968.0,False,7800.0,Pista,380.0,386.0,COMUM,SEXTA-FEIRA,DIA UTIL,CHUVISCO INTENSO,DEZEMBRO,-911.0
697,2022-12-23,2022,ESPACO UNIMED,LUDMILLA,MEDIAS CASAS,CASA DE SHOWS,PAGODE,74.0,8366968.0,False,7800.0,Cadeira Inferior,260.0,386.0,INTERMEDIARIO,SEXTA-FEIRA,DIA UTIL,CHUVISCO INTENSO,DEZEMBRO,0.0
698,2022-12-23,2022,ESPACO UNIMED,LUDMILLA,MEDIAS CASAS,CASA DE SHOWS,PAGODE,74.0,8366968.0,False,7800.0,Cadeira Superior,260.0,386.0,INTERMEDIARIO,SEXTA-FEIRA,DIA UTIL,CHUVISCO INTENSO,DEZEMBRO,0.0
699,2022-12-23,2022,ESPACO UNIMED,LUDMILLA,MEDIAS CASAS,CASA DE SHOWS,PAGODE,74.0,8366968.0,False,7800.0,Open Bar,580.0,386.0,VIP,SEXTA-FEIRA,DIA UTIL,CHUVISCO INTENSO,DEZEMBRO,0.0
700,2022-12-23,2022,ESPACO UNIMED,LUDMILLA,MEDIAS CASAS,CASA DE SHOWS,PAGODE,74.0,8366968.0,False,7800.0,Frontstage,450.0,386.0,VIP,SEXTA-FEIRA,DIA UTIL,CHUVISCO INTENSO,DEZEMBRO,0.0
701,2022-08-20,2022,DISTRITO ANHEMBI,LUDMILLA,GRANDES CASAS,AREA EXTERNA PARA EVENTOS,PAGODE,74.0,8366968.0,False,45000.0,Pista Premium,1100.0,767.5,VIP,SABADO,FIM DE SEMANA,CHUVISCO LEVE,AGOSTO,-125.0
702,2022-08-20,2022,DISTRITO ANHEMBI,LUDMILLA,GRANDES CASAS,AREA EXTERNA PARA EVENTOS,PAGODE,74.0,8366968.0,False,45000.0,Cadeira,380.0,767.5,INTERMEDIARIO,SABADO,FIM DE SEMANA,CHUVISCO LEVE,AGOSTO,0.0
703,2022-08-20,2022,DISTRITO ANHEMBI,LUDMILLA,GRANDES CASAS,AREA EXTERNA PARA EVENTOS,PAGODE,74.0,8366968.0,False,45000.0,Arquibancada,190.0,767.5,COMUM,SABADO,FIM DE SEMANA,CHUVISCO LEVE,AGOSTO,0.0
704,2022-08-20,2022,DISTRITO ANHEMBI,LUDMILLA,GRANDES CASAS,AREA EXTERNA PARA EVENTOS,PAGODE,74.0,8366968.0,False,45000.0,Frontstage,1400.0,767.5,VIP,SABADO,FIM DE SEMANA,CHUVISCO LEVE,AGOSTO,0.0
705,2022-12-10,2022,NEO QUIMICA ARENA,LUDMILLA,ARENAS E ESTADIOS,ESTADIO MULTIUSO,PAGODE,74.0,8366968.0,False,10000.0,Pista,380.0,386.0,COMUM,SABADO,FIM DE SEMANA,NUBLADO,DEZEMBRO,112.0
706,2022-12-10,2022,NEO QUIMICA ARENA,LUDMILLA,ARENAS E ESTADIOS,ESTADIO MULTIUSO,PAGODE,74.0,8366968.0,False,10000.0,Cadeira Inferior,260.0,386.0,INTERMEDIARIO,SABADO,FIM DE SEMANA,NUBLADO,DEZEMBRO,0.0
707,2022-12-10,2022,NEO QUIMICA ARENA,LUDMILLA,ARENAS E ESTADIOS,ESTADIO MULTIUSO,PAGODE,74.0,8366968.0,False,10000.0,Cadeira Superior,260.0,386.0,INTERMEDIARIO,SABADO,FIM DE SEMANA,NUBLADO,DEZEMBRO,0.0
708,2022-12-10,2022,NEO QUIMICA ARENA,LUDMILLA,ARENAS E ESTADIOS,ESTADIO MULTIUSO,PAGODE,74.0,8366968.0,False,10000.0,Open Bar,580.0,386.0,VIP,SABADO,FIM DE SEMANA,NUBLADO,DEZEMBRO,0.0
709,2022-12-10,2022,NEO QUIMICA ARENA,LUDMILLA,ARENAS E ESTADIOS,ESTADIO MULTIUSO,PAGODE,74.0,8366968.0,False,10000.0,Frontstage,450.0,386.0,VIP,SABADO,FIM DE SEMANA,NUBLADO,DEZEMBRO,0.0
710,2024-03-23,2024,AUTODROMO DE INTERLAGOS,LIMP BIZKIT,ARENAS E ESTADIOS,AREA EXTERNA PARA EVENTOS,NU METAL,79.0,8279030.0,LOLLAPALOOZA,80000.0,Lolla Pista,1100.0,1700.0,COMUM,SABADO,FIM DE SEMANA,CHUVISCO INTENSO,MARÇO,-414.0
711,2024-03-23,2024,AUTODROMO DE INTERLAGOS,LIMP BIZKIT,ARENAS E ESTADIOS,AREA EXTERNA PARA EVENTOS,NU METAL,79.0,8279030.0,LOLLAPALOOZA,80000.0,Lolla Lounge,2250.0,1700.0,LUXO,SABADO,FIM DE SEMANA,CHUVISCO INTENSO,MARÇO,0.0
712,2024-03-23,2024,AUTODROMO DE INTERLAGOS,LIMP BIZKIT,ARENAS E ESTADIOS,AREA EXTERNA PARA EVENTOS,NU METAL,79.0,8279030.0,LOLLAPALOOZA,80000.0,Lolla Confort,1750.0,1700.0,VIP,SABADO,FIM DE SEMANA,CHUVISCO INTENSO,MARÇO,0.0
713,2024-09-02,2024,ESPACO UNIMED,NCT DREAM,MEDIAS CASAS,CASA DE SHOWS,K-POP,73.0,8260193.0,False,8000.0,Pista Premium,790.0,1051.5,VIP,SEGUNDA-FEIRA,DIA UTIL,NUBLADO,SETEMBRO,357.0
714,2024-09-02,2024,ESPACO UNIMED,NCT DREAM,MEDIAS CASAS,CASA DE SHOWS,K-POP,73.0,8260193.0,False,8000.0,Camarote,840.0,1051.5,LUXO,SEGUNDA-FEIRA,DIA UTIL,NUBLADO,SETEMBRO,0.0
715,2024-09-02,2024,ESPACO UNIMED,NCT DREAM,MEDIAS CASAS,CASA DE SHOWS,K-POP,73.0,8260193.0,False,8000.0,Mezanino ,850.0,1051.5,INTERMEDIARIO,SEGUNDA-FEIRA,DIA UTIL,NUBLADO,SETEMBRO,0.0
716,2024-09-02,2024,ESPACO UNIMED,NCT DREAM,MEDIAS CASAS,CASA DE SHOWS,K-POP,73.0,8260193.0,False,8000.0,VIP I,1726.0,1051.5,VIP,SEGUNDA-FEIRA,DIA UTIL,NUBLADO,SETEMBRO,0.0
717,2023-07-04,2023,VIBRA SAO PAULO,NCT DREAM,MEDIAS CASAS,TEATRO E CASA DE ESPETACULOS,K-POP,73.0,8260193.0,False,6600.0,Pista,700.0,636.0,COMUM,TERCA-FEIRA,DIA UTIL,NUBLADO,JULHO,-426.0
718,2023-07-04,2023,VIBRA SAO PAULO,NCT DREAM,MEDIAS CASAS,TEATRO E CASA DE ESPETACULOS,K-POP,73.0,8260193.0,False,6600.0,Pista Premium,950.0,636.0,VIP,TERCA-FEIRA,DIA UTIL,NUBLADO,JULHO,0.0
719,2023-07-04,2023,VIBRA SAO PAULO,NCT DREAM,MEDIAS CASAS,TEATRO E CASA DE ESPETACULOS,K-POP,73.0,8260193.0,False,6600.0,Camarote,780.0,636.0,LUXO,TERCA-FEIRA,DIA UTIL,NUBLADO,JULHO,0.0
720,2023-07-04,2023,VIBRA SAO PAULO,NCT DREAM,MEDIAS CASAS,TEATRO E CASA DE ESPETACULOS,K-POP,73.0,8260193.0,False,6600.0,Cadeira Superior,400.0,636.0,INTERMEDIARIO,TERCA-FEIRA,DIA UTIL,NUBLADO,JULHO,0.0
721,2023-07-04,2023,VIBRA SAO PAULO,NCT DREAM,MEDIAS CASAS,TEATRO E CASA DE ESPETACULOS,K-POP,73.0,8260193.0,False,6600.0,Cadeira Superior Visão Parcial,350.0,636.0,COMUM,TERCA-FEIRA,DIA UTIL,NUBLADO,JULHO,0.0
722,2023-12-02,2023,AUTODROMO DE INTERLAGOS,THE KILLERS,ARENAS E ESTADIOS,AREA EXTERNA PARA EVENTOS,ALTERNATIVE ROCK,78.0,8049272.0,False,50000.0,Pista,990.0,1495.0,COMUM,SABADO,FIM DE SEMANA,NUBLADO,DEZEMBRO,999.0
723,2023-12-02,2023,AUTODROMO DE INTERLAGOS,THE KILLERS,ARENAS E ESTADIOS,AREA EXTERNA PARA EVENTOS,ALTERNATIVE ROCK,78.0,8049272.0,False,50000.0,Pista Premium,2000.0,1495.0,VIP,SABADO,FIM DE SEMANA,NUBLADO,DEZEMBRO,0.0
724,2022-11-12,2022,ALLIANZ PARQUE,THE KILLERS,ARENAS E ESTADIOS,ESTADIO MULTIUSO,ALTERNATIVE ROCK,78.0,8049272.0,False,35000.0,Pista,540.0,908.0,COMUM,SABADO,FIM DE SEMANA,CHUVISCO LEVE,NOVEMBRO,-385.0
725,2022-11-12,2022,ALLIANZ PARQUE,THE KILLERS,ARENAS E ESTADIOS,ESTADIO MULTIUSO,ALTERNATIVE ROCK,78.0,8049272.0,False,35000.0,Pista Premium,990.0,908.0,VIP,SABADO,FIM DE SEMANA,CHUVISCO LEVE,NOVEMBRO,0.0
726,2022-11-12,2022,ALLIANZ PARQUE,THE KILLERS,ARENAS E ESTADIOS,ESTADIO MULTIUSO,ALTERNATIVE ROCK,78.0,8049272.0,False,35000.0,Camarote,1990.0,908.0,LUXO,SABADO,FIM DE SEMANA,CHUVISCO LEVE,NOVEMBRO,0.0
727,2022-11-12,2022,ALLIANZ PARQUE,THE KILLERS,ARENAS E ESTADIOS,ESTADIO MULTIUSO,ALTERNATIVE ROCK,78.0,8049272.0,False,35000.0,Cadeira Inferior,680.0,908.0,INTERMEDIARIO,SABADO,FIM DE SEMANA,CHUVISCO LEVE,NOVEMBRO,0.0
728,2022-11-12,2022,ALLIANZ PARQUE,THE KILLERS,ARENAS E ESTADIOS,ESTADIO MULTIUSO,ALTERNATIVE ROCK,78.0,8049272.0,False,35000.0,Cadeira Superior,340.0,908.0,INTERMEDIARIO,SABADO,FIM DE SEMANA,CHUVISCO LEVE,NOVEMBRO,0.0
729,2023-11-30,2023,TOKIO MARINE HALL,THE KILLERS,MEDIAS CASAS,CASA DE SHOWS,ALTERNATIVE ROCK,78.0,8049272.0,False,4000.0,Pista,810.0,830.0,COMUM,QUINTA-FEIRA,DIA UTIL,CHUVISCO LEVE,NOVEMBRO,383.0
730,2023-11-30,2023,TOKIO MARINE HALL,THE KILLERS,MEDIAS CASAS,CASA DE SHOWS,ALTERNATIVE ROCK,78.0,8049272.0,False,4000.0,Camarote,900.0,830.0,LUXO,QUINTA-FEIRA,DIA UTIL,CHUVISCO LEVE,NOVEMBRO,0.0
731,2023-11-30,2023,TOKIO MARINE HALL,THE KILLERS,MEDIAS CASAS,CASA DE SHOWS,ALTERNATIVE ROCK,78.0,8049272.0,False,4000.0,Cadeira Inferior,780.0,830.0,INTERMEDIARIO,QUINTA-FEIRA,DIA UTIL,CHUVISCO LEVE,NOVEMBRO,0.0
732,2024-03-24,2024,AUTODROMO DE INTERLAGOS,MC LIVINHO,ARENAS E ESTADIOS,AREA EXTERNA PARA EVENTOS,BRAZILIAN FUNK,72.0,8045501.0,LOLLAPALOOZA,80000.0,Lolla Pista,1100.0,1700.0,COMUM,DOMINGO,FIM DE SEMANA,CHUVA LEVE,MARÇO,999.0
733,2024-03-24,2024,AUTODROMO DE INTERLAGOS,MC LIVINHO,ARENAS E ESTADIOS,AREA EXTERNA PARA EVENTOS,BRAZILIAN FUNK,72.0,8045501.0,LOLLAPALOOZA,80000.0,Lolla Lounge,2250.0,1700.0,LUXO,DOMINGO,FIM DE SEMANA,CHUVA LEVE,MARÇO,0.0
734,2024-03-24,2024,AUTODROMO DE INTERLAGOS,MC LIVINHO,ARENAS E ESTADIOS,AREA EXTERNA PARA EVENTOS,BRAZILIAN FUNK,72.0,8045501.0,LOLLAPALOOZA,80000.0,Lolla Confort,1750.0,1700.0,VIP,DOMINGO,FIM DE SEMANA,CHUVA LEVE,MARÇO,0.0
735,2025-09-13,2025,AUTODROMO DE INTERLAGOS,MC LIVINHO,ARENAS E ESTADIOS,AREA EXTERNA PARA EVENTOS,BRAZILIAN FUNK,72.0,8045501.0,THE TOWN,78000.0,Pista,975.0,975.0,COMUM,SABADO,FIM DE SEMANA,NUBLADO,SETEMBRO,538.0
736,2022-12-23,2022,ESPACO UNIMED,MC LIVINHO,MEDIAS CASAS,CASA DE SHOWS,BRAZILIAN FUNK,72.0,8045501.0,False,7800.0,Pista,380.0,386.0,COMUM,SEXTA-FEIRA,DIA UTIL,CHUVISCO INTENSO,DEZEMBRO,-995.0
737,2022-12-23,2022,ESPACO UNIMED,MC LIVINHO,MEDIAS CASAS,CASA DE SHOWS,BRAZILIAN FUNK,72.0,8045501.0,False,7800.0,Cadeira Inferior,260.0,386.0,INTERMEDIARIO,SEXTA-FEIRA,DIA UTIL,CHUVISCO INTENSO,DEZEMBRO,0.0
738,2022-12-23,2022,ESPACO UNIMED,MC LIVINHO,MEDIAS CASAS,CASA DE SHOWS,BRAZILIAN FUNK,72.0,8045501.0,False,7800.0,Cadeira Superior,260.0,386.0,INTERMEDIARIO,SEXTA-FEIRA,DIA UTIL,CHUVISCO INTENSO,DEZEMBRO,0.0
739,2022-12-23,2022,ESPACO UNIMED,MC LIVINHO,MEDIAS CASAS,CASA DE SHOWS,BRAZILIAN FUNK,72.0,8045501.0,False,7800.0,Open Bar,580.0,386.0,VIP,SEXTA-FEIRA,DIA UTIL,CHUVISCO INTENSO,DEZEMBRO,0.0
740,2022-12-23,2022,ESPACO UNIMED,MC LIVINHO,MEDIAS CASAS,CASA DE SHOWS,BRAZILIAN FUNK,72.0,8045501.0,False,7800.0,Frontstage,450.0,386.0,VIP,SEXTA-FEIRA,DIA UTIL,CHUVISCO INTENSO,DEZEMBRO,0.0
741,2025-10-17,2025,MERCADO LIVRE ARENA PACAEMBU,MC LIVINHO,GRANDES CASAS,ESTADIO MULTIUSO,BRAZILIAN FUNK,72.0,8045501.0,False,25000.0,Pista,162.15,162.15,COMUM,SEXTA-FEIRA,DIA UTIL,CHUVA MODERADA,OUTUBRO,1029.0
742,2025-11-23,2025,SUHAI MUSIC HALL,MC LIVINHO,MEDIAS CASAS,CASA DE SHOWS,BRAZILIAN FUNK,72.0,8045501.0,False,8500.0,Pista,120.0,157.5,COMUM,DOMINGO,FIM DE SEMANA,<FUNCTION SERIES.MODE AT 0X0000027829051A80>,NOVEMBRO,37.0
743,2025-11-23,2025,SUHAI MUSIC HALL,MC LIVINHO,MEDIAS CASAS,CASA DE SHOWS,BRAZILIAN FUNK,72.0,8045501.0,False,8500.0,Pista Premium,180.0,157.5,VIP,DOMINGO,FIM DE SEMANA,<FUNCTION SERIES.MODE AT 0X0000027829051A80>,NOVEMBRO,0.0
744,2025-11-23,2025,SUHAI MUSIC HALL,MC LIVINHO,MEDIAS CASAS,CASA DE SHOWS,BRAZILIAN FUNK,72.0,8045501.0,False,8500.0,Camarote,170.0,157.5,LUXO,DOMINGO,FIM DE SEMANA,<FUNCTION SERIES.MODE AT 0X0000027829051A80>,NOVEMBRO,0.0
745,2025-11-23,2025,SUHAI MUSIC HALL,MC LIVINHO,MEDIAS CASAS,CASA DE SHOWS,BRAZILIAN FUNK,72.0,8045501.0,False,8500.0,Mezanino ,160.0,157.5,INTERMEDIARIO,DOMINGO,FIM DE SEMANA,<FUNCTION SERIES.MODE AT 0X0000027829051A80>,NOVEMBRO,0.0
746,2023-03-25,2023,AUTODROMO DE INTERLAGOS,THE 1975,ARENAS E ESTADIOS,AREA EXTERNA PARA EVENTOS,INDIE POP,77.0,7995261.0,LOLLAPALOOZA,98500.0,Lolla Pista,1100.0,1706.6666666666667,COMUM,SABADO,FIM DE SEMANA,NUBLADO,MARÇO,999.0
747,2023-03-25,2023,AUTODROMO DE INTERLAGOS,THE 1975,ARENAS E ESTADIOS,AREA EXTERNA PARA EVENTOS,INDIE POP,77.0,7995261.0,LOLLAPALOOZA,98500.0,Lolla Lounge,2250.0,1706.6666666666667,LUXO,SABADO,FIM DE SEMANA,NUBLADO,MARÇO,0.0
748,2023-03-25,2023,AUTODROMO DE INTERLAGOS,THE 1975,ARENAS E ESTADIOS,AREA EXTERNA PARA EVENTOS,INDIE POP,77.0,7995261.0,LOLLAPALOOZA,98500.0,Lolla Confort,1770.0,1706.6666666666667,VIP,SABADO,FIM DE SEMANA,NUBLADO,MARÇO,0.0
749,2023-09-02,2023,AUTODROMO DE INTERLAGOS,MC HARIEL,ARENAS E ESTADIOS,AREA EXTERNA PARA EVENTOS,BRAZILIAN FUNK,73.0,7851275.0,THE TOWN,100000.0,Pista,815.0,815.0,COMUM,SABADO,FIM DE SEMANA,CHUVA LEVE,SETEMBRO,-813.0
750,2025-09-06,2025,AUTODROMO DE INTERLAGOS,MC HARIEL,ARENAS E ESTADIOS,AREA EXTERNA PARA EVENTOS,BRAZILIAN FUNK,73.0,7851275.0,THE TOWN,100000.0,Pista,975.0,975.0,COMUM,SABADO,FIM DE SEMANA,CHUVISCO LEVE,SETEMBRO,735.0
751,2024-06-09,2024,ALLIANZ PARQUE,MC HARIEL,ARENAS E ESTADIOS,ESTADIO MULTIUSO,BRAZILIAN FUNK,73.0,7851275.0,False,21188.0,Pista,250.0,464.0,COMUM,DOMINGO,FIM DE SEMANA,NUBLADO,JUNHO,-454.0
752,2024-06-09,2024,ALLIANZ PARQUE,MC HARIEL,ARENAS E ESTADIOS,ESTADIO MULTIUSO,BRAZILIAN FUNK,73.0,7851275.0,False,21188.0,Pista Premium,490.0,464.0,VIP,DOMINGO,FIM DE SEMANA,NUBLADO,JUNHO,0.0
753,2024-06-09,2024,ALLIANZ PARQUE,MC HARIEL,ARENAS E ESTADIOS,ESTADIO MULTIUSO,BRAZILIAN FUNK,73.0,7851275.0,False,21188.0,Cadeira Inferior,290.0,464.0,INTERMEDIARIO,DOMINGO,FIM DE SEMANA,NUBLADO,JUNHO,0.0
754,2024-06-09,2024,ALLIANZ PARQUE,MC HARIEL,ARENAS E ESTADIOS,ESTADIO MULTIUSO,BRAZILIAN FUNK,73.0,7851275.0,False,21188.0,Cadeira Superior,100.0,464.0,INTERMEDIARIO,DOMINGO,FIM DE SEMANA,NUBLADO,JUNHO,0.0
755,2024-06-09,2024,ALLIANZ PARQUE,MC HARIEL,ARENAS E ESTADIOS,ESTADIO MULTIUSO,BRAZILIAN FUNK,73.0,7851275.0,False,21188.0,VIP I,1190.0,464.0,VIP,DOMINGO,FIM DE SEMANA,NUBLADO,JUNHO,0.0
756,2022-08-27,2022,ESTADIO DO CANINDE,MC HARIEL,GRANDES CASAS,ESTADIO MULTIUSO,BRAZILIAN FUNK,73.0,7851275.0,False,10000.0,Pista,200.0,420.0,COMUM,SABADO,FIM DE SEMANA,PARCIALMENTE NUBLADO,AGOSTO,-652.0
757,2022-08-27,2022,ESTADIO DO CANINDE,MC HARIEL,GRANDES CASAS,ESTADIO MULTIUSO,BRAZILIAN FUNK,73.0,7851275.0,False,10000.0,Pista Premium,530.0,420.0,VIP,SABADO,FIM DE SEMANA,PARCIALMENTE NUBLADO,AGOSTO,0.0
758,2022-08-27,2022,ESTADIO DO CANINDE,MC HARIEL,GRANDES CASAS,ESTADIO MULTIUSO,BRAZILIAN FUNK,73.0,7851275.0,False,10000.0,Camarote,630.0,420.0,LUXO,SABADO,FIM DE SEMANA,PARCIALMENTE NUBLADO,AGOSTO,0.0
759,2022-08-27,2022,ESTADIO DO CANINDE,MC HARIEL,GRANDES CASAS,ESTADIO MULTIUSO,BRAZILIAN FUNK,73.0,7851275.0,False,10000.0,Mezanino ,320.0,420.0,INTERMEDIARIO,SABADO,FIM DE SEMANA,PARCIALMENTE NUBLADO,AGOSTO,0.0
760,2022-12-23,2022,ESPACO UNIMED,MC HARIEL,MEDIAS CASAS,CASA DE SHOWS,BRAZILIAN FUNK,73.0,7851275.0,False,7800.0,Pista,380.0,386.0,COMUM,SEXTA-FEIRA,DIA UTIL,CHUVISCO INTENSO,DEZEMBRO,118.0
761,2022-12-23,2022,ESPACO UNIMED,MC HARIEL,MEDIAS CASAS,CASA DE SHOWS,BRAZILIAN FUNK,73.0,7851275.0,False,7800.0,Cadeira Inferior,260.0,386.0,INTERMEDIARIO,SEXTA-FEIRA,DIA UTIL,CHUVISCO INTENSO,DEZEMBRO,0.0
762,2022-12-23,2022,ESPACO UNIMED,MC HARIEL,MEDIAS CASAS,CASA DE SHOWS,BRAZILIAN FUNK,73.0,7851275.0,False,7800.0,Cadeira Superior,260.0,386.0,INTERMEDIARIO,SEXTA-FEIRA,DIA UTIL,CHUVISCO INTENSO,DEZEMBRO,0.0
763,2022-12-23,2022,ESPACO UNIMED,MC HARIEL,MEDIAS CASAS,CASA DE SHOWS,BRAZILIAN FUNK,73.0,7851275.0,False,7800.0,Open Bar,580.0,386.0,VIP,SEXTA-FEIRA,DIA UTIL,CHUVISCO INTENSO,DEZEMBRO,0.0
764,2022-12-23,2022,ESPACO UNIMED,MC HARIEL,MEDIAS CASAS,CASA DE SHOWS,BRAZILIAN FUNK,73.0,7851275.0,False,7800.0,Frontstage,450.0,386.0,VIP,SEXTA-FEIRA,DIA UTIL,CHUVISCO INTENSO,DEZEMBRO,0.0
765,2025-11-23,2025,SUHAI MUSIC HALL,MC HARIEL,MEDIAS CASAS,CASA DE SHOWS,BRAZILIAN FUNK,73.0,7851275.0,False,8500.0,Pista,120.0,157.5,COMUM,DOMINGO,FIM DE SEMANA,<FUNCTION SERIES.MODE AT 0X0000027829051A80>,NOVEMBRO,1066.0
766,2025-11-23,2025,SUHAI MUSIC HALL,MC HARIEL,MEDIAS CASAS,CASA DE SHOWS,BRAZILIAN FUNK,73.0,7851275.0,False,8500.0,Pista Premium,180.0,157.5,VIP,DOMINGO,FIM DE SEMANA,<FUNCTION SERIES.MODE AT 0X0000027829051A80>,NOVEMBRO,0.0
767,2025-11-23,2025,SUHAI MUSIC HALL,MC HARIEL,MEDIAS CASAS,CASA DE SHOWS,BRAZILIAN FUNK,73.0,7851275.0,False,8500.0,Camarote,170.0,157.5,LUXO,DOMINGO,FIM DE SEMANA,<FUNCTION SERIES.MODE AT 0X0000027829051A80>,NOVEMBRO,0.0
768,2025-11-23,2025,SUHAI MUSIC HALL,MC HARIEL,MEDIAS CASAS,CASA DE SHOWS,BRAZILIAN FUNK,73.0,7851275.0,False,8500.0,Mezanino ,160.0,157.5,INTERMEDIARIO,DOMINGO,FIM DE SEMANA,<FUNCTION SERIES.MODE AT 0X0000027829051A80>,NOVEMBRO,0.0
769,2024-04-16,2024,ALLIANZ PARQUE,JONAS BROTHERS,ARENAS E ESTADIOS,ESTADIO MULTIUSO,POP,77.0,7773336.0,False,45000.0,Pista,440.0,517.5,COMUM,TERCA-FEIRA,DIA UTIL,CHUVISCO LEVE,ABRIL,-409.0
770,2024-04-16,2024,ALLIANZ PARQUE,JONAS BROTHERS,ARENAS E ESTADIOS,ESTADIO MULTIUSO,POP,77.0,7773336.0,False,45000.0,Pista Premium,740.0,517.5,VIP,TERCA-FEIRA,DIA UTIL,CHUVISCO LEVE,ABRIL,0.0
771,2024-04-16,2024,ALLIANZ PARQUE,JONAS BROTHERS,ARENAS E ESTADIOS,ESTADIO MULTIUSO,POP,77.0,7773336.0,False,45000.0,Cadeira Inferior,540.0,517.5,INTERMEDIARIO,TERCA-FEIRA,DIA UTIL,CHUVISCO LEVE,ABRIL,0.0
772,2024-04-16,2024,ALLIANZ PARQUE,JONAS BROTHERS,ARENAS E ESTADIOS,ESTADIO MULTIUSO,POP,77.0,7773336.0,False,45000.0,Cadeira Superior,350.0,517.5,INTERMEDIARIO,TERCA-FEIRA,DIA UTIL,CHUVISCO LEVE,ABRIL,0.0
773,2022-05-21,2022,ARENA ANHEMBI,JOAO GOMES,GRANDES CASAS,AREA EXTERNA PARA EVENTOS,PISEIRO,75.0,7732274.0,False,2200.0,Pista,100.0,120.0,COMUM,SABADO,FIM DE SEMANA,NUBLADO,MAIO,999.0
774,2022-05-21,2022,ARENA ANHEMBI,JOAO GOMES,GRANDES CASAS,AREA EXTERNA PARA EVENTOS,PISEIRO,75.0,7732274.0,False,2200.0,Pista Premium,140.0,120.0,VIP,SABADO,FIM DE SEMANA,NUBLADO,MAIO,0.0
775,2023-04-30,2023,SAMBODROMO DO ANHEMBI,JOAO GOMES,ARENAS E ESTADIOS,AREA EXTERNA PARA EVENTOS,PISEIRO,75.0,7732274.0,False,20000.0,Pista,120.0,2093.333333333333,COMUM,DOMINGO,FIM DE SEMANA,CHUVISCO LEVE,ABRIL,344.0
776,2023-04-30,2023,SAMBODROMO DO ANHEMBI,JOAO GOMES,ARENAS E ESTADIOS,AREA EXTERNA PARA EVENTOS,PISEIRO,75.0,7732274.0,False,20000.0,Pista Premium,160.0,2093.333333333333,VIP,DOMINGO,FIM DE SEMANA,CHUVISCO LEVE,ABRIL,0.0
777,2023-04-30,2023,SAMBODROMO DO ANHEMBI,JOAO GOMES,ARENAS E ESTADIOS,AREA EXTERNA PARA EVENTOS,PISEIRO,75.0,7732274.0,False,20000.0,Camarote,6000.0,2093.333333333333,LUXO,DOMINGO,FIM DE SEMANA,CHUVISCO LEVE,ABRIL,0.0
778,2023-08-19,2023,SAMBODROMO DO ANHEMBI,JOAO GOMES,ARENAS E ESTADIOS,AREA EXTERNA PARA EVENTOS,PISEIRO,75.0,7732274.0,False,90000.0,Pista,180.0,258.0,COMUM,SABADO,FIM DE SEMANA,NUBLADO,AGOSTO,111.0
779,2023-08-19,2023,SAMBODROMO DO ANHEMBI,JOAO GOMES,ARENAS E ESTADIOS,AREA EXTERNA PARA EVENTOS,PISEIRO,75.0,7732274.0,False,90000.0,Pista Premium,320.0,258.0,VIP,SABADO,FIM DE SEMANA,NUBLADO,AGOSTO,0.0
780,2023-08-19,2023,SAMBODROMO DO ANHEMBI,JOAO GOMES,ARENAS E ESTADIOS,AREA EXTERNA PARA EVENTOS,PISEIRO,75.0,7732274.0,False,90000.0,Camarote,450.0,258.0,LUXO,SABADO,FIM DE SEMANA,NUBLADO,AGOSTO,0.0
781,2023-08-19,2023,SAMBODROMO DO ANHEMBI,JOAO GOMES,ARENAS E ESTADIOS,AREA EXTERNA PARA EVENTOS,PISEIRO,75.0,7732274.0,False,90000.0,Cadeira Inferior,220.0,258.0,INTERMEDIARIO,SABADO,FIM DE SEMANA,NUBLADO,AGOSTO,0.0
782,2023-08-19,2023,SAMBODROMO DO ANHEMBI,JOAO GOMES,ARENAS E ESTADIOS,AREA EXTERNA PARA EVENTOS,PISEIRO,75.0,7732274.0,False,90000.0,Cadeira Superior,120.0,258.0,INTERMEDIARIO,SABADO,FIM DE SEMANA,NUBLADO,AGOSTO,0.0
783,2023-01-18,2023,VIBRA SAO PAULO,NCT 127,MEDIAS CASAS,TEATRO E CASA DE ESPETACULOS,K-POP,64.0,7710444.0,False,7000.0,Pista,690.0,612.0,COMUM,QUARTA-FEIRA,DIA UTIL,CHUVA MODERADA,JANEIRO,-167.0
784,2023-01-18,2023,VIBRA SAO PAULO,NCT 127,MEDIAS CASAS,TEATRO E CASA DE ESPETACULOS,K-POP,64.0,7710444.0,False,7000.0,Pista Premium,900.0,612.0,VIP,QUARTA-FEIRA,DIA UTIL,CHUVA MODERADA,JANEIRO,0.0
785,2023-01-18,2023,VIBRA SAO PAULO,NCT 127,MEDIAS CASAS,TEATRO E CASA DE ESPETACULOS,K-POP,64.0,7710444.0,False,7000.0,Camarote,720.0,612.0,LUXO,QUARTA-FEIRA,DIA UTIL,CHUVA MODERADA,JANEIRO,0.0
786,2023-01-18,2023,VIBRA SAO PAULO,NCT 127,MEDIAS CASAS,TEATRO E CASA DE ESPETACULOS,K-POP,64.0,7710444.0,False,7000.0,Cadeira Superior,400.0,612.0,INTERMEDIARIO,QUARTA-FEIRA,DIA UTIL,CHUVA MODERADA,JANEIRO,0.0
787,2023-01-18,2023,VIBRA SAO PAULO,NCT 127,MEDIAS CASAS,TEATRO E CASA DE ESPETACULOS,K-POP,64.0,7710444.0,False,7000.0,Cadeira Superior Visão Parcial,350.0,612.0,COMUM,QUARTA-FEIRA,DIA UTIL,CHUVA MODERADA,JANEIRO,0.0
788,2023-01-19,2023,VIBRA SAO PAULO,NCT 127,MEDIAS CASAS,TEATRO E CASA DE ESPETACULOS,K-POP,64.0,7710444.0,False,7000.0,Pista,690.0,612.0,COMUM,QUINTA-FEIRA,DIA UTIL,CHUVA MODERADA,JANEIRO,1.0
789,2023-01-19,2023,VIBRA SAO PAULO,NCT 127,MEDIAS CASAS,TEATRO E CASA DE ESPETACULOS,K-POP,64.0,7710444.0,False,7000.0,Pista Premium,900.0,612.0,VIP,QUINTA-FEIRA,DIA UTIL,CHUVA MODERADA,JANEIRO,0.0
790,2023-01-19,2023,VIBRA SAO PAULO,NCT 127,MEDIAS CASAS,TEATRO E CASA DE ESPETACULOS,K-POP,64.0,7710444.0,False,7000.0,Camarote,720.0,612.0,LUXO,QUINTA-FEIRA,DIA UTIL,CHUVA MODERADA,JANEIRO,0.0
791,2023-01-19,2023,VIBRA SAO PAULO,NCT 127,MEDIAS CASAS,TEATRO E CASA DE ESPETACULOS,K-POP,64.0,7710444.0,False,7000.0,Cadeira Superior,400.0,612.0,INTERMEDIARIO,QUINTA-FEIRA,DIA UTIL,CHUVA MODERADA,JANEIRO,0.0
792,2023-01-19,2023,VIBRA SAO PAULO,NCT 127,MEDIAS CASAS,TEATRO E CASA DE ESPETACULOS,K-POP,64.0,7710444.0,False,7000.0,Cadeira Superior Visão Parcial,350.0,612.0,COMUM,QUINTA-FEIRA,DIA UTIL,CHUVA MODERADA,JANEIRO,0.0
793,2023-01-20,2023,VIBRA SAO PAULO,NCT 127,MEDIAS CASAS,TEATRO E CASA DE ESPETACULOS,K-POP,64.0,7710444.0,False,7000.0,Pista,690.0,612.0,COMUM,SEXTA-FEIRA,DIA UTIL,CHUVA MODERADA,JANEIRO,1.0
794,2023-01-20,2023,VIBRA SAO PAULO,NCT 127,MEDIAS CASAS,TEATRO E CASA DE ESPETACULOS,K-POP,64.0,7710444.0,False,7000.0,Pista Premium,900.0,612.0,VIP,SEXTA-FEIRA,DIA UTIL,CHUVA MODERADA,JANEIRO,0.0
795,2023-01-20,2023,VIBRA SAO PAULO,NCT 127,MEDIAS CASAS,TEATRO E CASA DE ESPETACULOS,K-POP,64.0,7710444.0,False,7000.0,Camarote,720.0,612.0,LUXO,SEXTA-FEIRA,DIA UTIL,CHUVA MODERADA,JANEIRO,0.0
796,2023-01-20,2023,VIBRA SAO PAULO,NCT 127,MEDIAS CASAS,TEATRO E CASA DE ESPETACULOS,K-POP,64.0,7710444.0,False,7000.0,Cadeira Superior,400.0,612.0,INTERMEDIARIO,SEXTA-FEIRA,DIA UTIL,CHUVA MODERADA,JANEIRO,0.0
797,2023-01-20,2023,VIBRA SAO PAULO,NCT 127,MEDIAS CASAS,TEATRO E CASA DE ESPETACULOS,K-POP,64.0,7710444.0,False,7000.0,Cadeira Superior Visão Parcial,350.0,612.0,COMUM,SEXTA-FEIRA,DIA UTIL,CHUVA MODERADA,JANEIRO,0.0
798,2025-09-06,2025,AUTODROMO DE INTERLAGOS,DON TOLIVER,ARENAS E ESTADIOS,AREA EXTERNA PARA EVENTOS,0,86.0,7577756.0,THE TOWN,100000.0,Pista,975.0,975.0,COMUM,SABADO,FIM DE SEMANA,CHUVISCO LEVE,SETEMBRO,1259.0
799,2023-03-26,2023,AUTODROMO DE INTERLAGOS,SKRILLEX,ARENAS E ESTADIOS,AREA EXTERNA PARA EVENTOS,DUBSTEP,75.0,7529942.0,LOLLAPALOOZA,100750.0,Lolla Pista,1100.0,1706.6666666666667,COMUM,DOMINGO,FIM DE SEMANA,CHUVISCO MODERADO,MARÇO,999.0
800,2023-03-26,2023,AUTODROMO DE INTERLAGOS,SKRILLEX,ARENAS E ESTADIOS,AREA EXTERNA PARA EVENTOS,DUBSTEP,75.0,7529942.0,LOLLAPALOOZA,100750.0,Lolla Lounge,2250.0,1706.6666666666667,LUXO,DOMINGO,FIM DE SEMANA,CHUVISCO MODERADO,MARÇO,0.0
801,2023-03-26,2023,AUTODROMO DE INTERLAGOS,SKRILLEX,ARENAS E ESTADIOS,AREA EXTERNA PARA EVENTOS,DUBSTEP,75.0,7529942.0,LOLLAPALOOZA,100750.0,Lolla Confort,1770.0,1706.6666666666667,VIP,DOMINGO,FIM DE SEMANA,CHUVISCO MODERADO,MARÇO,0.0
802,2023-03-24,2023,AUTODROMO DE INTERLAGOS,ANAVITORIA,ARENAS E ESTADIOS,AREA EXTERNA PARA EVENTOS,MPB,72.0,7470640.0,LOLLAPALOOZA,103350.0,Lolla Pista,1100.0,1706.6666666666667,COMUM,SEXTA-FEIRA,DIA UTIL,CHUVISCO LEVE,MARÇO,999.0
803,2023-03-24,2023,AUTODROMO DE INTERLAGOS,ANAVITORIA,ARENAS E ESTADIOS,AREA EXTERNA PARA EVENTOS,MPB,72.0,7470640.0,LOLLAPALOOZA,103350.0,Lolla Lounge,2250.0,1706.6666666666667,LUXO,SEXTA-FEIRA,DIA UTIL,CHUVISCO LEVE,MARÇO,0.0
804,2023-03-24,2023,AUTODROMO DE INTERLAGOS,ANAVITORIA,ARENAS E ESTADIOS,AREA EXTERNA PARA EVENTOS,MPB,72.0,7470640.0,LOLLAPALOOZA,103350.0,Lolla Confort,1770.0,1706.6666666666667,VIP,SEXTA-FEIRA,DIA UTIL,CHUVISCO LEVE,MARÇO,0.0
805,2022-09-11,2022,TOKIO MARINE HALL,ANAVITORIA,MEDIAS CASAS,CASA DE SHOWS,MPB,72.0,7470640.0,False,3850.0,Pista,240.0,290.0,COMUM,DOMINGO,FIM DE SEMANA,NUBLADO,SETEMBRO,-194.0
806,2022-09-11,2022,TOKIO MARINE HALL,ANAVITORIA,MEDIAS CASAS,CASA DE SHOWS,MPB,72.0,7470640.0,False,3850.0,Pista Premium,320.0,290.0,VIP,DOMINGO,FIM DE SEMANA,NUBLADO,SETEMBRO,0.0
807,2022-09-11,2022,TOKIO MARINE HALL,ANAVITORIA,MEDIAS CASAS,CASA DE SHOWS,MPB,72.0,7470640.0,False,3850.0,Camarote,330.0,290.0,LUXO,DOMINGO,FIM DE SEMANA,NUBLADO,SETEMBRO,0.0
808,2022-09-11,2022,TOKIO MARINE HALL,ANAVITORIA,MEDIAS CASAS,CASA DE SHOWS,MPB,72.0,7470640.0,False,3850.0,Cadeira Inferior,310.0,290.0,INTERMEDIARIO,DOMINGO,FIM DE SEMANA,NUBLADO,SETEMBRO,0.0
809,2022-09-11,2022,TOKIO MARINE HALL,ANAVITORIA,MEDIAS CASAS,CASA DE SHOWS,MPB,72.0,7470640.0,False,3850.0,Cadeira Superior,250.0,290.0,INTERMEDIARIO,DOMINGO,FIM DE SEMANA,NUBLADO,SETEMBRO,0.0
810,2022-06-09,2022,ESPACO UNIMED,ANAVITORIA,MEDIAS CASAS,CASA DE SHOWS,MPB,72.0,7470640.0,False,8000.0,Pista,180.0,243.33333333333331,COMUM,QUINTA-FEIRA,DIA UTIL,CHUVISCO LEVE,JUNHO,-94.0
811,2022-06-09,2022,ESPACO UNIMED,ANAVITORIA,MEDIAS CASAS,CASA DE SHOWS,MPB,72.0,7470640.0,False,8000.0,Pista Premium,210.0,243.33333333333331,VIP,QUINTA-FEIRA,DIA UTIL,CHUVISCO LEVE,JUNHO,0.0
812,2022-06-09,2022,ESPACO UNIMED,ANAVITORIA,MEDIAS CASAS,CASA DE SHOWS,MPB,72.0,7470640.0,False,8000.0,Camarote,340.0,243.33333333333331,LUXO,QUINTA-FEIRA,DIA UTIL,CHUVISCO LEVE,JUNHO,0.0
813,2023-12-03,2023,ESPACO UNIMED,ANAVITORIA,MEDIAS CASAS,CASA DE SHOWS,MPB,72.0,7470640.0,False,7000.0,Pista,120.0,196.66666666666663,COMUM,DOMINGO,FIM DE SEMANA,NUBLADO,DEZEMBRO,542.0
814,2023-12-03,2023,ESPACO UNIMED,ANAVITORIA,MEDIAS CASAS,CASA DE SHOWS,MPB,72.0,7470640.0,False,7000.0,Pista Premium,150.0,196.66666666666663,VIP,DOMINGO,FIM DE SEMANA,NUBLADO,DEZEMBRO,0.0
815,2023-12-03,2023,ESPACO UNIMED,ANAVITORIA,MEDIAS CASAS,CASA DE SHOWS,MPB,72.0,7470640.0,False,7000.0,Camarote,320.0,196.66666666666663,LUXO,DOMINGO,FIM DE SEMANA,NUBLADO,DEZEMBRO,0.0
816,2025-06-06,2025,ESPACO UNIMED,ANAVITORIA,MEDIAS CASAS,CASA DE SHOWS,MPB,72.0,7470640.0,False,8000.0,Pista,110.0,193.33333333333331,COMUM,SEXTA-FEIRA,DIA UTIL,CHUVISCO MODERADO,JUNHO,551.0
817,2025-06-06,2025,ESPACO UNIMED,ANAVITORIA,MEDIAS CASAS,CASA DE SHOWS,MPB,72.0,7470640.0,False,8000.0,Pista Premium,150.0,193.33333333333331,VIP,SEXTA-FEIRA,DIA UTIL,CHUVISCO MODERADO,JUNHO,0.0
818,2025-06-06,2025,ESPACO UNIMED,ANAVITORIA,MEDIAS CASAS,CASA DE SHOWS,MPB,72.0,7470640.0,False,8000.0,Camarote,320.0,193.33333333333331,LUXO,SEXTA-FEIRA,DIA UTIL,CHUVISCO MODERADO,JUNHO,0.0
819,2025-10-04,2025,ESPACO UNIMED,ANAVITORIA,MEDIAS CASAS,CASA DE SHOWS,MPB,72.0,7470640.0,False,8000.0,Pista,110.0,193.33333333333331,COMUM,SABADO,FIM DE SEMANA,CHUVISCO INTENSO,OUTUBRO,120.0
820,2025-10-04,2025,ESPACO UNIMED,ANAVITORIA,MEDIAS CASAS,CASA DE SHOWS,MPB,72.0,7470640.0,False,8000.0,Pista Premium,150.0,193.33333333333331,VIP,SABADO,FIM DE SEMANA,CHUVISCO INTENSO,OUTUBRO,0.0
821,2025-10-04,2025,ESPACO UNIMED,ANAVITORIA,MEDIAS CASAS,CASA DE SHOWS,MPB,72.0,7470640.0,False,8000.0,Camarote,320.0,193.33333333333331,LUXO,SABADO,FIM DE SEMANA,CHUVISCO INTENSO,OUTUBRO,0.0
822,2025-10-05,2025,ESPACO UNIMED,ANAVITORIA,MEDIAS CASAS,CASA DE SHOWS,MPB,72.0,7470640.0,False,8000.0,Pista,110.0,193.33333333333331,COMUM,DOMINGO,FIM DE SEMANA,PARCIALMENTE NUBLADO,OUTUBRO,1.0
823,2025-10-05,2025,ESPACO UNIMED,ANAVITORIA,MEDIAS CASAS,CASA DE SHOWS,MPB,72.0,7470640.0,False,8000.0,Pista Premium,150.0,193.33333333333331,VIP,DOMINGO,FIM DE SEMANA,PARCIALMENTE NUBLADO,OUTUBRO,0.0
824,2025-10-05,2025,ESPACO UNIMED,ANAVITORIA,MEDIAS CASAS,CASA DE SHOWS,MPB,72.0,7470640.0,False,8000.0,Camarote,320.0,193.33333333333331,LUXO,DOMINGO,FIM DE SEMANA,PARCIALMENTE NUBLADO,OUTUBRO,0.0
825,2023-05-06,2023,ESPACO UNIMED,LEGIAO URBANA,MEDIAS CASAS,CASA DE SHOWS,BRAZILIAN ROCK,69.0,7288447.0,False,7700.0,Pista,120.0,220.0,COMUM,SABADO,FIM DE SEMANA,NUBLADO,MAIO,999.0
826,2023-05-06,2023,ESPACO UNIMED,LEGIAO URBANA,MEDIAS CASAS,CASA DE SHOWS,BRAZILIAN ROCK,69.0,7288447.0,False,7700.0,Pista Premium,220.0,220.0,VIP,SABADO,FIM DE SEMANA,NUBLADO,MAIO,0.0
827,2023-05-06,2023,ESPACO UNIMED,LEGIAO URBANA,MEDIAS CASAS,CASA DE SHOWS,BRAZILIAN ROCK,69.0,7288447.0,False,7700.0,Camarote,320.0,220.0,LUXO,SABADO,FIM DE SEMANA,NUBLADO,MAIO,0.0
828,2024-08-31,2024,ESPACO UNIMED,LEGIAO URBANA,MEDIAS CASAS,CASA DE SHOWS,BRAZILIAN ROCK,69.0,7288447.0,False,7000.0,Pista,140.0,226.66666666666663,COMUM,SABADO,FIM DE SEMANA,PARCIALMENTE NUBLADO,AGOSTO,483.0
829,2024-08-31,2024,ESPACO UNIMED,LEGIAO URBANA,MEDIAS CASAS,CASA DE SHOWS,BRAZILIAN ROCK,69.0,7288447.0,False,7000.0,Pista Premium,220.0,226.66666666666663,VIP,SABADO,FIM DE SEMANA,PARCIALMENTE NUBLADO,AGOSTO,0.0
830,2024-08-31,2024,ESPACO UNIMED,LEGIAO URBANA,MEDIAS CASAS,CASA DE SHOWS,BRAZILIAN ROCK,69.0,7288447.0,False,7000.0,Camarote,320.0,226.66666666666663,LUXO,SABADO,FIM DE SEMANA,PARCIALMENTE NUBLADO,AGOSTO,0.0
831,2023-06-04,2023,NOVO ANHANGABAU,FLORENCE + THE MACHINE,GRANDES CASAS,AREA EXTERNA PARA EVENTOS,BAROQUE POP,80.0,7268554.0,MITA FESTIVAL,30000.0,Pista,850.0,1420.0,COMUM,DOMINGO,FIM DE SEMANA,NUBLADO,JUNHO,999.0
832,2023-06-04,2023,NOVO ANHANGABAU,FLORENCE + THE MACHINE,GRANDES CASAS,AREA EXTERNA PARA EVENTOS,BAROQUE POP,80.0,7268554.0,MITA FESTIVAL,30000.0,Pista Premium,1990.0,1420.0,VIP,DOMINGO,FIM DE SEMANA,NUBLADO,JUNHO,0.0
833,2024-05-07,2024,AUDIO,LANY,MEDIAS CASAS,CASA DE SHOWS,0,78.0,7256542.0,False,2639.0666666666666,Pista,395.0,615.0,COMUM,TERCA-FEIRA,DIA UTIL,NUBLADO,MAIO,-487.0
834,2024-05-07,2024,AUDIO,LANY,MEDIAS CASAS,CASA DE SHOWS,0,78.0,7256542.0,False,2639.0666666666666,Mezanino ,475.0,615.0,INTERMEDIARIO,TERCA-FEIRA,DIA UTIL,NUBLADO,MAIO,0.0
835,2024-05-07,2024,AUDIO,LANY,MEDIAS CASAS,CASA DE SHOWS,0,78.0,7256542.0,False,2639.0666666666666,VIP I,975.0,615.0,VIP,TERCA-FEIRA,DIA UTIL,NUBLADO,MAIO,0.0
836,2022-01-22,2022,SAO PAULO EXPO,GUSTAVO MIOTO,ARENAS E ESTADIOS,CENTRO DE EXPOSICOES,SERTANEJO,72.0,7222416.0,False,10000.0,Camarote,380.0,400.0,LUXO,SABADO,FIM DE SEMANA,CHUVISCO LEVE,JANEIRO,-1358.0
837,2022-01-22,2022,SAO PAULO EXPO,GUSTAVO MIOTO,ARENAS E ESTADIOS,CENTRO DE EXPOSICOES,SERTANEJO,72.0,7222416.0,False,10000.0,Mesa,420.0,400.0,LUXO,SABADO,FIM DE SEMANA,CHUVISCO LEVE,JANEIRO,0.0
838,2023-08-19,2023,SAMBODROMO DO ANHEMBI,GUSTAVO MIOTO,ARENAS E ESTADIOS,AREA EXTERNA PARA EVENTOS,SERTANEJO,72.0,7222416.0,False,90000.0,Pista,180.0,258.0,COMUM,SABADO,FIM DE SEMANA,NUBLADO,AGOSTO,574.0
839,2023-08-19,2023,SAMBODROMO DO ANHEMBI,GUSTAVO MIOTO,ARENAS E ESTADIOS,AREA EXTERNA PARA EVENTOS,SERTANEJO,72.0,7222416.0,False,90000.0,Pista Premium,320.0,258.0,VIP,SABADO,FIM DE SEMANA,NUBLADO,AGOSTO,0.0
840,2023-08-19,2023,SAMBODROMO DO ANHEMBI,GUSTAVO MIOTO,ARENAS E ESTADIOS,AREA EXTERNA PARA EVENTOS,SERTANEJO,72.0,7222416.0,False,90000.0,Camarote,450.0,258.0,LUXO,SABADO,FIM DE SEMANA,NUBLADO,AGOSTO,0.0
841,2023-08-19,2023,SAMBODROMO DO ANHEMBI,GUSTAVO MIOTO,ARENAS E ESTADIOS,AREA EXTERNA PARA EVENTOS,SERTANEJO,72.0,7222416.0,False,90000.0,Cadeira Inferior,220.0,258.0,INTERMEDIARIO,SABADO,FIM DE SEMANA,NUBLADO,AGOSTO,0.0
842,2023-08-19,2023,SAMBODROMO DO ANHEMBI,GUSTAVO MIOTO,ARENAS E ESTADIOS,AREA EXTERNA PARA EVENTOS,SERTANEJO,72.0,7222416.0,False,90000.0,Cadeira Superior,120.0,258.0,INTERMEDIARIO,SABADO,FIM DE SEMANA,NUBLADO,AGOSTO,0.0
843,2025-11-01,2025,ESPACO UNIMED,GUSTAVO MIOTO,MEDIAS CASAS,CASA DE SHOWS,SERTANEJO,72.0,7222416.0,False,6000.0,Pista,100.0,200.0,COMUM,SABADO,FIM DE SEMANA,CHUVISCO LEVE,NOVEMBRO,805.0
844,2025-11-01,2025,ESPACO UNIMED,GUSTAVO MIOTO,MEDIAS CASAS,CASA DE SHOWS,SERTANEJO,72.0,7222416.0,False,6000.0,Pista Premium,200.0,200.0,VIP,SABADO,FIM DE SEMANA,CHUVISCO LEVE,NOVEMBRO,0.0
845,2025-11-01,2025,ESPACO UNIMED,GUSTAVO MIOTO,MEDIAS CASAS,CASA DE SHOWS,SERTANEJO,72.0,7222416.0,False,6000.0,Camarote,300.0,200.0,LUXO,SABADO,FIM DE SEMANA,CHUVISCO LEVE,NOVEMBRO,0.0
846,2023-04-06,2023,VIBRA SAO PAULO,GUSTAVO MIOTO,MEDIAS CASAS,TEATRO E CASA DE ESPETACULOS,SERTANEJO,72.0,7222416.0,False,7000.0,Pista,380.0,373.3333333333333,COMUM,QUINTA-FEIRA,DIA UTIL,CHUVISCO INTENSO,ABRIL,-940.0
847,2023-04-06,2023,VIBRA SAO PAULO,GUSTAVO MIOTO,MEDIAS CASAS,TEATRO E CASA DE ESPETACULOS,SERTANEJO,72.0,7222416.0,False,7000.0,Camarote,420.0,373.3333333333333,LUXO,QUINTA-FEIRA,DIA UTIL,CHUVISCO INTENSO,ABRIL,0.0
848,2023-04-06,2023,VIBRA SAO PAULO,GUSTAVO MIOTO,MEDIAS CASAS,TEATRO E CASA DE ESPETACULOS,SERTANEJO,72.0,7222416.0,False,7000.0,Cadeira Inferior,320.0,373.3333333333333,INTERMEDIARIO,QUINTA-FEIRA,DIA UTIL,CHUVISCO INTENSO,ABRIL,0.0
849,2022-08-20,2022,DISTRITO ANHEMBI,GUSTAVO MIOTO,GRANDES CASAS,AREA EXTERNA PARA EVENTOS,SERTANEJO,72.0,7222416.0,False,45000.0,Pista Premium,1100.0,767.5,VIP,SABADO,FIM DE SEMANA,CHUVISCO LEVE,AGOSTO,-229.0
850,2022-08-20,2022,DISTRITO ANHEMBI,GUSTAVO MIOTO,GRANDES CASAS,AREA EXTERNA PARA EVENTOS,SERTANEJO,72.0,7222416.0,False,45000.0,Cadeira,380.0,767.5,INTERMEDIARIO,SABADO,FIM DE SEMANA,CHUVISCO LEVE,AGOSTO,0.0
851,2022-08-20,2022,DISTRITO ANHEMBI,GUSTAVO MIOTO,GRANDES CASAS,AREA EXTERNA PARA EVENTOS,SERTANEJO,72.0,7222416.0,False,45000.0,Arquibancada,190.0,767.5,COMUM,SABADO,FIM DE SEMANA,CHUVISCO LEVE,AGOSTO,0.0
852,2022-08-20,2022,DISTRITO ANHEMBI,GUSTAVO MIOTO,GRANDES CASAS,AREA EXTERNA PARA EVENTOS,SERTANEJO,72.0,7222416.0,False,45000.0,Frontstage,1400.0,767.5,VIP,SABADO,FIM DE SEMANA,CHUVISCO LEVE,AGOSTO,0.0
853,2024-08-17,2024,DISTRITO ANHEMBI,GUSTAVO MIOTO,GRANDES CASAS,AREA EXTERNA PARA EVENTOS,SERTANEJO,72.0,7222416.0,False,24000.0,Pista,590.0,1003.5,COMUM,SABADO,FIM DE SEMANA,CEU LIMPO,AGOSTO,728.0
854,2024-08-17,2024,DISTRITO ANHEMBI,GUSTAVO MIOTO,GRANDES CASAS,AREA EXTERNA PARA EVENTOS,SERTANEJO,72.0,7222416.0,False,24000.0,Pista Premium,920.0,1003.5,VIP,SABADO,FIM DE SEMANA,CEU LIMPO,AGOSTO,0.0
855,2024-08-17,2024,DISTRITO ANHEMBI,GUSTAVO MIOTO,GRANDES CASAS,AREA EXTERNA PARA EVENTOS,SERTANEJO,72.0,7222416.0,False,24000.0,Cadeira Inferior,720.0,1003.5,INTERMEDIARIO,SABADO,FIM DE SEMANA,CEU LIMPO,AGOSTO,0.0
856,2024-08-17,2024,DISTRITO ANHEMBI,GUSTAVO MIOTO,GRANDES CASAS,AREA EXTERNA PARA EVENTOS,SERTANEJO,72.0,7222416.0,False,24000.0,Cadeira Superior,750.0,1003.5,INTERMEDIARIO,SABADO,FIM DE SEMANA,CEU LIMPO,AGOSTO,0.0
857,2024-08-17,2024,DISTRITO ANHEMBI,GUSTAVO MIOTO,GRANDES CASAS,AREA EXTERNA PARA EVENTOS,SERTANEJO,72.0,7222416.0,False,24000.0,Arquibancada,460.0,1003.5,COMUM,SABADO,FIM DE SEMANA,CEU LIMPO,AGOSTO,0.0
858,2024-08-17,2024,DISTRITO ANHEMBI,GUSTAVO MIOTO,GRANDES CASAS,AREA EXTERNA PARA EVENTOS,SERTANEJO,72.0,7222416.0,False,24000.0,Early Entrance,2581.0,1003.5,VIP,SABADO,FIM DE SEMANA,CEU LIMPO,AGOSTO,0.0
859,2025-03-29,2025,AUTODROMO DE INTERLAGOS,BENSON BOONE,ARENAS E ESTADIOS,AREA EXTERNA PARA EVENTOS,0,84.0,7180300.0,LOLLAPALOOZA,80000.0,Lolla Pista,1050.0,1678.1666666666667,COMUM,SABADO,FIM DE SEMANA,CHUVISCO INTENSO,MARÇO,326.0
860,2025-03-29,2025,AUTODROMO DE INTERLAGOS,BENSON BOONE,ARENAS E ESTADIOS,AREA EXTERNA PARA EVENTOS,0,84.0,7180300.0,LOLLAPALOOZA,80000.0,Lolla Lounge,2310.0,1678.1666666666667,LUXO,SABADO,FIM DE SEMANA,CHUVISCO INTENSO,MARÇO,0.0
861,2025-03-29,2025,AUTODROMO DE INTERLAGOS,BENSON BOONE,ARENAS E ESTADIOS,AREA EXTERNA PARA EVENTOS,0,84.0,7180300.0,LOLLAPALOOZA,80000.0,Lolla Confort,1674.5,1678.1666666666667,VIP,SABADO,FIM DE SEMANA,CHUVISCO INTENSO,MARÇO,0.0
862,2024-05-11,2024,ALLIANZ PARQUE,LOUIS TOMLINSON,ARENAS E ESTADIOS,ESTADIO MULTIUSO,POP,65.0,7087065.0,False,16406.0,Pista,460.0,630.0,COMUM,SABADO,FIM DE SEMANA,NUBLADO,MAIO,25.0
863,2024-05-11,2024,ALLIANZ PARQUE,LOUIS TOMLINSON,ARENAS E ESTADIOS,ESTADIO MULTIUSO,POP,65.0,7087065.0,False,16406.0,Pista Premium,820.0,630.0,VIP,SABADO,FIM DE SEMANA,NUBLADO,MAIO,0.0
864,2024-05-11,2024,ALLIANZ PARQUE,LOUIS TOMLINSON,ARENAS E ESTADIOS,ESTADIO MULTIUSO,POP,65.0,7087065.0,False,16406.0,Camarote,1000.0,630.0,LUXO,SABADO,FIM DE SEMANA,NUBLADO,MAIO,0.0
865,2024-05-11,2024,ALLIANZ PARQUE,LOUIS TOMLINSON,ARENAS E ESTADIOS,ESTADIO MULTIUSO,POP,65.0,7087065.0,False,16406.0,Cadeira Inferior,550.0,630.0,INTERMEDIARIO,SABADO,FIM DE SEMANA,NUBLADO,MAIO,0.0
866,2024-05-11,2024,ALLIANZ PARQUE,LOUIS TOMLINSON,ARENAS E ESTADIOS,ESTADIO MULTIUSO,POP,65.0,7087065.0,False,16406.0,Cadeira Superior,320.0,630.0,INTERMEDIARIO,SABADO,FIM DE SEMANA,NUBLADO,MAIO,0.0
867,2022-05-28,2022,ESPACO UNIMED,LOUIS TOMLINSON,MEDIAS CASAS,CASA DE SHOWS,POP,65.0,7087065.0,False,8203.0,Pista,220.0,310.0,COMUM,SABADO,FIM DE SEMANA,NUBLADO,MAIO,-714.0
868,2022-05-28,2022,ESPACO UNIMED,LOUIS TOMLINSON,MEDIAS CASAS,CASA DE SHOWS,POP,65.0,7087065.0,False,8203.0,Camarote,400.0,310.0,LUXO,SABADO,FIM DE SEMANA,NUBLADO,MAIO,0.0
869,2022-05-29,2022,ESPACO UNIMED,LOUIS TOMLINSON,MEDIAS CASAS,CASA DE SHOWS,POP,65.0,7087065.0,False,0.0,Pista,220.0,310.0,COMUM,DOMINGO,FIM DE SEMANA,NUBLADO,MAIO,1.0
870,2022-05-29,2022,ESPACO UNIMED,LOUIS TOMLINSON,MEDIAS CASAS,CASA DE SHOWS,POP,65.0,7087065.0,False,0.0,Camarote,400.0,310.0,LUXO,DOMINGO,FIM DE SEMANA,NUBLADO,MAIO,0.0
871,2022-05-21,2022,ARENA ANHEMBI,TARCISIO DO ACORDEON,GRANDES CASAS,AREA EXTERNA PARA EVENTOS,PISEIRO,69.0,6991460.0,False,2200.0,Pista,100.0,120.0,COMUM,SABADO,FIM DE SEMANA,NUBLADO,MAIO,-455.0
872,2022-05-21,2022,ARENA ANHEMBI,TARCISIO DO ACORDEON,GRANDES CASAS,AREA EXTERNA PARA EVENTOS,PISEIRO,69.0,6991460.0,False,2200.0,Pista Premium,140.0,120.0,VIP,SABADO,FIM DE SEMANA,NUBLADO,MAIO,0.0
873,2023-04-30,2023,SAMBODROMO DO ANHEMBI,TARCISIO DO ACORDEON,ARENAS E ESTADIOS,AREA EXTERNA PARA EVENTOS,PISEIRO,69.0,6991460.0,False,20000.0,Pista,120.0,2093.333333333333,COMUM,DOMINGO,FIM DE SEMANA,CHUVISCO LEVE,ABRIL,344.0
874,2023-04-30,2023,SAMBODROMO DO ANHEMBI,TARCISIO DO ACORDEON,ARENAS E ESTADIOS,AREA EXTERNA PARA EVENTOS,PISEIRO,69.0,6991460.0,False,20000.0,Pista Premium,160.0,2093.333333333333,VIP,DOMINGO,FIM DE SEMANA,CHUVISCO LEVE,ABRIL,0.0
875,2023-04-30,2023,SAMBODROMO DO ANHEMBI,TARCISIO DO ACORDEON,ARENAS E ESTADIOS,AREA EXTERNA PARA EVENTOS,PISEIRO,69.0,6991460.0,False,20000.0,Camarote,6000.0,2093.333333333333,LUXO,DOMINGO,FIM DE SEMANA,CHUVISCO LEVE,ABRIL,0.0
876,2024-11-27,2024,ALLIANZ PARQUE,ROBERTO CARLOS,ARENAS E ESTADIOS,ESTADIO MULTIUSO,MPB,70.0,6969995.0,False,30000.0,Pista,590.0,585.7142857142857,COMUM,QUARTA-FEIRA,DIA UTIL,NUBLADO,NOVEMBRO,-312.0
877,2024-11-27,2024,ALLIANZ PARQUE,ROBERTO CARLOS,ARENAS E ESTADIOS,ESTADIO MULTIUSO,MPB,70.0,6969995.0,False,30000.0,Pista Premium,860.0,585.7142857142857,VIP,QUARTA-FEIRA,DIA UTIL,NUBLADO,NOVEMBRO,0.0
878,2024-11-27,2024,ALLIANZ PARQUE,ROBERTO CARLOS,ARENAS E ESTADIOS,ESTADIO MULTIUSO,MPB,70.0,6969995.0,False,30000.0,Camarote,1120.0,585.7142857142857,LUXO,QUARTA-FEIRA,DIA UTIL,NUBLADO,NOVEMBRO,0.0
879,2024-11-27,2024,ALLIANZ PARQUE,ROBERTO CARLOS,ARENAS E ESTADIOS,ESTADIO MULTIUSO,MPB,70.0,6969995.0,False,30000.0,Cadeira Inferior,590.0,585.7142857142857,INTERMEDIARIO,QUARTA-FEIRA,DIA UTIL,NUBLADO,NOVEMBRO,0.0
880,2024-11-27,2024,ALLIANZ PARQUE,ROBERTO CARLOS,ARENAS E ESTADIOS,ESTADIO MULTIUSO,MPB,70.0,6969995.0,False,30000.0,Cadeira Inferior Visão Parcial,350.0,585.7142857142857,COMUM,QUARTA-FEIRA,DIA UTIL,NUBLADO,NOVEMBRO,0.0
881,2024-11-27,2024,ALLIANZ PARQUE,ROBERTO CARLOS,ARENAS E ESTADIOS,ESTADIO MULTIUSO,MPB,70.0,6969995.0,False,30000.0,Cadeira Superior,350.0,585.7142857142857,INTERMEDIARIO,QUARTA-FEIRA,DIA UTIL,NUBLADO,NOVEMBRO,0.0
882,2024-11-27,2024,ALLIANZ PARQUE,ROBERTO CARLOS,ARENAS E ESTADIOS,ESTADIO MULTIUSO,MPB,70.0,6969995.0,False,30000.0,Cadeira Superior Visão Parcial,240.0,585.7142857142857,COMUM,QUARTA-FEIRA,DIA UTIL,NUBLADO,NOVEMBRO,0.0
883,2025-08-16,2025,TOKIO MARINE HALL,ROBERTO CARLOS,MEDIAS CASAS,CASA DE SHOWS,MPB,70.0,6969995.0,False,3000.0,Pista,800.0,956.0,COMUM,SABADO,FIM DE SEMANA,NUBLADO,AGOSTO,262.0
884,2025-08-16,2025,TOKIO MARINE HALL,ROBERTO CARLOS,MEDIAS CASAS,CASA DE SHOWS,MPB,70.0,6969995.0,False,3000.0,Pista Premium,1100.0,956.0,VIP,SABADO,FIM DE SEMANA,NUBLADO,AGOSTO,0.0
885,2025-08-16,2025,TOKIO MARINE HALL,ROBERTO CARLOS,MEDIAS CASAS,CASA DE SHOWS,MPB,70.0,6969995.0,False,3000.0,Camarote,1200.0,956.0,LUXO,SABADO,FIM DE SEMANA,NUBLADO,AGOSTO,0.0
886,2025-08-16,2025,TOKIO MARINE HALL,ROBERTO CARLOS,MEDIAS CASAS,CASA DE SHOWS,MPB,70.0,6969995.0,False,3000.0,Cadeira Inferior,900.0,956.0,INTERMEDIARIO,SABADO,FIM DE SEMANA,NUBLADO,AGOSTO,0.0
887,2025-08-16,2025,TOKIO MARINE HALL,ROBERTO CARLOS,MEDIAS CASAS,CASA DE SHOWS,MPB,70.0,6969995.0,False,3000.0,Cadeira Superior,780.0,956.0,INTERMEDIARIO,SABADO,FIM DE SEMANA,NUBLADO,AGOSTO,0.0
888,2022-11-05,2022,ESPACO UNIMED,ROBERTO CARLOS,MEDIAS CASAS,CASA DE SHOWS,MPB,70.0,6969995.0,False,3425.0,Pista,310.0,470.0,COMUM,SABADO,FIM DE SEMANA,CHUVISCO LEVE,NOVEMBRO,-1015.0
889,2022-11-05,2022,ESPACO UNIMED,ROBERTO CARLOS,MEDIAS CASAS,CASA DE SHOWS,MPB,70.0,6969995.0,False,3425.0,Pista Premium,580.0,470.0,VIP,SABADO,FIM DE SEMANA,CHUVISCO LEVE,NOVEMBRO,0.0
890,2022-11-05,2022,ESPACO UNIMED,ROBERTO CARLOS,MEDIAS CASAS,CASA DE SHOWS,MPB,70.0,6969995.0,False,3425.0,Camarote,520.0,470.0,LUXO,SABADO,FIM DE SEMANA,CHUVISCO LEVE,NOVEMBRO,0.0
891,2022-11-06,2022,ESPACO UNIMED,ROBERTO CARLOS,MEDIAS CASAS,CASA DE SHOWS,MPB,70.0,6969995.0,False,3425.0,Pista,310.0,470.0,COMUM,DOMINGO,FIM DE SEMANA,CHUVISCO LEVE,NOVEMBRO,1.0
892,2022-11-06,2022,ESPACO UNIMED,ROBERTO CARLOS,MEDIAS CASAS,CASA DE SHOWS,MPB,70.0,6969995.0,False,3425.0,Pista Premium,580.0,470.0,VIP,DOMINGO,FIM DE SEMANA,CHUVISCO LEVE,NOVEMBRO,0.0
893,2022-11-06,2022,ESPACO UNIMED,ROBERTO CARLOS,MEDIAS CASAS,CASA DE SHOWS,MPB,70.0,6969995.0,False,3425.0,Camarote,520.0,470.0,LUXO,DOMINGO,FIM DE SEMANA,CHUVISCO LEVE,NOVEMBRO,0.0
894,2022-11-09,2022,ESPACO UNIMED,ROBERTO CARLOS,MEDIAS CASAS,CASA DE SHOWS,MPB,70.0,6969995.0,False,3425.0,Pista,310.0,470.0,COMUM,QUARTA-FEIRA,DIA UTIL,CHUVISCO LEVE,NOVEMBRO,3.0
895,2022-11-09,2022,ESPACO UNIMED,ROBERTO CARLOS,MEDIAS CASAS,CASA DE SHOWS,MPB,70.0,6969995.0,False,3425.0,Pista Premium,580.0,470.0,VIP,QUARTA-FEIRA,DIA UTIL,CHUVISCO LEVE,NOVEMBRO,0.0
896,2022-11-09,2022,ESPACO UNIMED,ROBERTO CARLOS,MEDIAS CASAS,CASA DE SHOWS,MPB,70.0,6969995.0,False,3425.0,Camarote,520.0,470.0,LUXO,QUARTA-FEIRA,DIA UTIL,CHUVISCO LEVE,NOVEMBRO,0.0
897,2022-11-17,2022,ESPACO UNIMED,ROBERTO CARLOS,MEDIAS CASAS,CASA DE SHOWS,MPB,70.0,6969995.0,False,3425.0,Pista,310.0,470.0,COMUM,QUINTA-FEIRA,DIA UTIL,CHUVISCO LEVE,NOVEMBRO,8.0
898,2022-11-17,2022,ESPACO UNIMED,ROBERTO CARLOS,MEDIAS CASAS,CASA DE SHOWS,MPB,70.0,6969995.0,False,3425.0,Pista Premium,580.0,470.0,VIP,QUINTA-FEIRA,DIA UTIL,CHUVISCO LEVE,NOVEMBRO,0.0
899,2022-11-17,2022,ESPACO UNIMED,ROBERTO CARLOS,MEDIAS CASAS,CASA DE SHOWS,MPB,70.0,6969995.0,False,3425.0,Camarote,520.0,470.0,LUXO,QUINTA-FEIRA,DIA UTIL,CHUVISCO LEVE,NOVEMBRO,0.0
900,2023-10-26,2023,ESPACO UNIMED,ROBERTO CARLOS,MEDIAS CASAS,CASA DE SHOWS,MPB,70.0,6969995.0,False,8000.0,Pista,260.0,554.0,COMUM,QUINTA-FEIRA,DIA UTIL,CHUVA MODERADA,OUTUBRO,343.0
901,2023-10-26,2023,ESPACO UNIMED,ROBERTO CARLOS,MEDIAS CASAS,CASA DE SHOWS,MPB,70.0,6969995.0,False,8000.0,Pista Premium,480.0,554.0,VIP,QUINTA-FEIRA,DIA UTIL,CHUVA MODERADA,OUTUBRO,0.0
902,2023-10-26,2023,ESPACO UNIMED,ROBERTO CARLOS,MEDIAS CASAS,CASA DE SHOWS,MPB,70.0,6969995.0,False,8000.0,Camarote,630.0,554.0,LUXO,QUINTA-FEIRA,DIA UTIL,CHUVA MODERADA,OUTUBRO,0.0
903,2023-10-26,2023,ESPACO UNIMED,ROBERTO CARLOS,MEDIAS CASAS,CASA DE SHOWS,MPB,70.0,6969995.0,False,8000.0,Mezanino ,600.0,554.0,INTERMEDIARIO,QUINTA-FEIRA,DIA UTIL,CHUVA MODERADA,OUTUBRO,0.0
904,2023-10-26,2023,ESPACO UNIMED,ROBERTO CARLOS,MEDIAS CASAS,CASA DE SHOWS,MPB,70.0,6969995.0,False,8000.0,VIP I,800.0,554.0,VIP,QUINTA-FEIRA,DIA UTIL,CHUVA MODERADA,OUTUBRO,0.0
905,2023-10-28,2023,ESPACO UNIMED,ROBERTO CARLOS,MEDIAS CASAS,CASA DE SHOWS,MPB,70.0,6969995.0,False,8000.0,Pista,260.0,554.0,COMUM,SABADO,FIM DE SEMANA,CHUVISCO LEVE,OUTUBRO,2.0
906,2023-10-28,2023,ESPACO UNIMED,ROBERTO CARLOS,MEDIAS CASAS,CASA DE SHOWS,MPB,70.0,6969995.0,False,8000.0,Pista Premium,480.0,554.0,VIP,SABADO,FIM DE SEMANA,CHUVISCO LEVE,OUTUBRO,0.0
907,2023-10-28,2023,ESPACO UNIMED,ROBERTO CARLOS,MEDIAS CASAS,CASA DE SHOWS,MPB,70.0,6969995.0,False,8000.0,Camarote,630.0,554.0,LUXO,SABADO,FIM DE SEMANA,CHUVISCO LEVE,OUTUBRO,0.0
908,2023-10-28,2023,ESPACO UNIMED,ROBERTO CARLOS,MEDIAS CASAS,CASA DE SHOWS,MPB,70.0,6969995.0,False,8000.0,Mezanino ,600.0,554.0,INTERMEDIARIO,SABADO,FIM DE SEMANA,CHUVISCO LEVE,OUTUBRO,0.0
909,2023-10-28,2023,ESPACO UNIMED,ROBERTO CARLOS,MEDIAS CASAS,CASA DE SHOWS,MPB,70.0,6969995.0,False,8000.0,VIP I,800.0,554.0,VIP,SABADO,FIM DE SEMANA,CHUVISCO LEVE,OUTUBRO,0.0
910,2023-10-29,2023,ESPACO UNIMED,ROBERTO CARLOS,MEDIAS CASAS,CASA DE SHOWS,MPB,70.0,6969995.0,False,8000.0,Pista,260.0,554.0,COMUM,DOMINGO,FIM DE SEMANA,CHUVA MODERADA,OUTUBRO,1.0
911,2023-10-29,2023,ESPACO UNIMED,ROBERTO CARLOS,MEDIAS CASAS,CASA DE SHOWS,MPB,70.0,6969995.0,False,8000.0,Pista Premium,480.0,554.0,VIP,DOMINGO,FIM DE SEMANA,CHUVA MODERADA,OUTUBRO,0.0
912,2023-10-29,2023,ESPACO UNIMED,ROBERTO CARLOS,MEDIAS CASAS,CASA DE SHOWS,MPB,70.0,6969995.0,False,8000.0,Camarote,630.0,554.0,LUXO,DOMINGO,FIM DE SEMANA,CHUVA MODERADA,OUTUBRO,0.0
913,2023-10-29,2023,ESPACO UNIMED,ROBERTO CARLOS,MEDIAS CASAS,CASA DE SHOWS,MPB,70.0,6969995.0,False,8000.0,Mezanino ,600.0,554.0,INTERMEDIARIO,DOMINGO,FIM DE SEMANA,CHUVA MODERADA,OUTUBRO,0.0
914,2023-10-29,2023,ESPACO UNIMED,ROBERTO CARLOS,MEDIAS CASAS,CASA DE SHOWS,MPB,70.0,6969995.0,False,8000.0,VIP I,800.0,554.0,VIP,DOMINGO,FIM DE SEMANA,CHUVA MODERADA,OUTUBRO,0.0
915,2023-07-07,2023,VIBRA SAO PAULO,ROBERTO CARLOS,MEDIAS CASAS,TEATRO E CASA DE ESPETACULOS,MPB,70.0,6969995.0,False,7000.0,Pista,350.0,675.0,COMUM,SEXTA-FEIRA,DIA UTIL,NUBLADO,JULHO,-114.0
916,2023-07-07,2023,VIBRA SAO PAULO,ROBERTO CARLOS,MEDIAS CASAS,TEATRO E CASA DE ESPETACULOS,MPB,70.0,6969995.0,False,7000.0,Pista Premium,1000.0,675.0,VIP,SEXTA-FEIRA,DIA UTIL,NUBLADO,JULHO,0.0
917,2023-07-08,2023,VIBRA SAO PAULO,ROBERTO CARLOS,MEDIAS CASAS,TEATRO E CASA DE ESPETACULOS,MPB,70.0,6969995.0,False,7000.0,Pista,350.0,675.0,COMUM,SABADO,FIM DE SEMANA,CHUVA MODERADA,JULHO,1.0
918,2023-07-08,2023,VIBRA SAO PAULO,ROBERTO CARLOS,MEDIAS CASAS,TEATRO E CASA DE ESPETACULOS,MPB,70.0,6969995.0,False,7000.0,Pista Premium,1000.0,675.0,VIP,SABADO,FIM DE SEMANA,CHUVA MODERADA,JULHO,0.0
919,2025-11-14,2025,SUHAI MUSIC HALL,ROBERTO CARLOS,MEDIAS CASAS,CASA DE SHOWS,MPB,70.0,6969995.0,False,9000.0,Pista,510.0,750.0,COMUM,SEXTA-FEIRA,DIA UTIL,<FUNCTION SERIES.MODE AT 0X0000027829051A80>,NOVEMBRO,860.0
920,2025-11-14,2025,SUHAI MUSIC HALL,ROBERTO CARLOS,MEDIAS CASAS,CASA DE SHOWS,MPB,70.0,6969995.0,False,9000.0,Pista Premium,830.0,750.0,VIP,SEXTA-FEIRA,DIA UTIL,<FUNCTION SERIES.MODE AT 0X0000027829051A80>,NOVEMBRO,0.0
921,2025-11-14,2025,SUHAI MUSIC HALL,ROBERTO CARLOS,MEDIAS CASAS,CASA DE SHOWS,MPB,70.0,6969995.0,False,9000.0,Camarote,1200.0,750.0,LUXO,SEXTA-FEIRA,DIA UTIL,<FUNCTION SERIES.MODE AT 0X0000027829051A80>,NOVEMBRO,0.0
922,2025-11-14,2025,SUHAI MUSIC HALL,ROBERTO CARLOS,MEDIAS CASAS,CASA DE SHOWS,MPB,70.0,6969995.0,False,9000.0,Mezanino ,300.0,750.0,INTERMEDIARIO,SEXTA-FEIRA,DIA UTIL,<FUNCTION SERIES.MODE AT 0X0000027829051A80>,NOVEMBRO,0.0
923,2025-11-14,2025,SUHAI MUSIC HALL,ROBERTO CARLOS,MEDIAS CASAS,CASA DE SHOWS,MPB,70.0,6969995.0,False,9000.0,VIP I,860.0,750.0,VIP,SEXTA-FEIRA,DIA UTIL,<FUNCTION SERIES.MODE AT 0X0000027829051A80>,NOVEMBRO,0.0
924,2025-11-14,2025,SUHAI MUSIC HALL,ROBERTO CARLOS,MEDIAS CASAS,CASA DE SHOWS,MPB,70.0,6969995.0,False,9000.0,VIP II,800.0,750.0,ULTRA VIP,SEXTA-FEIRA,DIA UTIL,<FUNCTION SERIES.MODE AT 0X0000027829051A80>,NOVEMBRO,0.0
925,2025-11-15,2025,SUHAI MUSIC HALL,ROBERTO CARLOS,MEDIAS CASAS,CASA DE SHOWS,MPB,70.0,6969995.0,False,8800.0,Pista,510.0,750.0,COMUM,SABADO,FIM DE SEMANA,<FUNCTION SERIES.MODE AT 0X0000027829051A80>,NOVEMBRO,1.0
926,2025-11-15,2025,SUHAI MUSIC HALL,ROBERTO CARLOS,MEDIAS CASAS,CASA DE SHOWS,MPB,70.0,6969995.0,False,8800.0,Pista Premium,830.0,750.0,VIP,SABADO,FIM DE SEMANA,<FUNCTION SERIES.MODE AT 0X0000027829051A80>,NOVEMBRO,0.0
927,2025-11-15,2025,SUHAI MUSIC HALL,ROBERTO CARLOS,MEDIAS CASAS,CASA DE SHOWS,MPB,70.0,6969995.0,False,8800.0,Camarote,1200.0,750.0,LUXO,SABADO,FIM DE SEMANA,<FUNCTION SERIES.MODE AT 0X0000027829051A80>,NOVEMBRO,0.0
928,2025-11-15,2025,SUHAI MUSIC HALL,ROBERTO CARLOS,MEDIAS CASAS,CASA DE SHOWS,MPB,70.0,6969995.0,False,8800.0,Mezanino ,300.0,750.0,INTERMEDIARIO,SABADO,FIM DE SEMANA,<FUNCTION SERIES.MODE AT 0X0000027829051A80>,NOVEMBRO,0.0
929,2025-11-15,2025,SUHAI MUSIC HALL,ROBERTO CARLOS,MEDIAS CASAS,CASA DE SHOWS,MPB,70.0,6969995.0,False,8800.0,VIP I,860.0,750.0,VIP,SABADO,FIM DE SEMANA,<FUNCTION SERIES.MODE AT 0X0000027829051A80>,NOVEMBRO,0.0
930,2025-11-15,2025,SUHAI MUSIC HALL,ROBERTO CARLOS,MEDIAS CASAS,CASA DE SHOWS,MPB,70.0,6969995.0,False,8800.0,VIP II,800.0,750.0,ULTRA VIP,SABADO,FIM DE SEMANA,<FUNCTION SERIES.MODE AT 0X0000027829051A80>,NOVEMBRO,0.0
931,2022-11-05,2022,ALLIANZ PARQUE,MICHAEL BUBLE,ARENAS E ESTADIOS,ESTADIO MULTIUSO,CHRISTMAS,79.0,6917873.0,False,31000.0,Pista,600.0,468.0,COMUM,SABADO,FIM DE SEMANA,CHUVISCO LEVE,NOVEMBRO,-685.0
932,2022-11-05,2022,ALLIANZ PARQUE,MICHAEL BUBLE,ARENAS E ESTADIOS,ESTADIO MULTIUSO,CHRISTMAS,79.0,6917873.0,False,31000.0,Pista Premium,820.0,468.0,VIP,SABADO,FIM DE SEMANA,CHUVISCO LEVE,NOVEMBRO,0.0
933,2022-11-05,2022,ALLIANZ PARQUE,MICHAEL BUBLE,ARENAS E ESTADIOS,ESTADIO MULTIUSO,CHRISTMAS,79.0,6917873.0,False,31000.0,Cadeira Inferior,400.0,468.0,INTERMEDIARIO,SABADO,FIM DE SEMANA,CHUVISCO LEVE,NOVEMBRO,0.0
934,2022-11-05,2022,ALLIANZ PARQUE,MICHAEL BUBLE,ARENAS E ESTADIOS,ESTADIO MULTIUSO,CHRISTMAS,79.0,6917873.0,False,31000.0,Cadeira Superior,300.0,468.0,INTERMEDIARIO,SABADO,FIM DE SEMANA,CHUVISCO LEVE,NOVEMBRO,0.0
935,2022-11-05,2022,ALLIANZ PARQUE,MICHAEL BUBLE,ARENAS E ESTADIOS,ESTADIO MULTIUSO,CHRISTMAS,79.0,6917873.0,False,31000.0,Cadeira Superior Visão Parcial,220.0,468.0,COMUM,SABADO,FIM DE SEMANA,CHUVISCO LEVE,NOVEMBRO,0.0
936,2022-11-06,2022,ALLIANZ PARQUE,MICHAEL BUBLE,ARENAS E ESTADIOS,ESTADIO MULTIUSO,CHRISTMAS,79.0,6917873.0,False,20429.0,Pista,600.0,468.0,COMUM,DOMINGO,FIM DE SEMANA,CHUVISCO LEVE,NOVEMBRO,1.0
937,2022-11-06,2022,ALLIANZ PARQUE,MICHAEL BUBLE,ARENAS E ESTADIOS,ESTADIO MULTIUSO,CHRISTMAS,79.0,6917873.0,False,20429.0,Pista Premium,820.0,468.0,VIP,DOMINGO,FIM DE SEMANA,CHUVISCO LEVE,NOVEMBRO,0.0
938,2022-11-06,2022,ALLIANZ PARQUE,MICHAEL BUBLE,ARENAS E ESTADIOS,ESTADIO MULTIUSO,CHRISTMAS,79.0,6917873.0,False,20429.0,Cadeira Inferior,400.0,468.0,INTERMEDIARIO,DOMINGO,FIM DE SEMANA,CHUVISCO LEVE,NOVEMBRO,0.0
939,2022-11-06,2022,ALLIANZ PARQUE,MICHAEL BUBLE,ARENAS E ESTADIOS,ESTADIO MULTIUSO,CHRISTMAS,79.0,6917873.0,False,20429.0,Cadeira Superior,300.0,468.0,INTERMEDIARIO,DOMINGO,FIM DE SEMANA,CHUVISCO LEVE,NOVEMBRO,0.0
940,2022-11-06,2022,ALLIANZ PARQUE,MICHAEL BUBLE,ARENAS E ESTADIOS,ESTADIO MULTIUSO,CHRISTMAS,79.0,6917873.0,False,20429.0,Cadeira Superior Visão Parcial,220.0,468.0,COMUM,DOMINGO,FIM DE SEMANA,CHUVISCO LEVE,NOVEMBRO,0.0
941,2022-12-10,2022,ALLIANZ PARQUE,BRUNO & MARRONE,ARENAS E ESTADIOS,ESTADIO MULTIUSO,SERTANEJO,74.0,6907725.0,False,45000.0,Pista,421.0,4533.666666666667,COMUM,SABADO,FIM DE SEMANA,NUBLADO,DEZEMBRO,-616.0
942,2022-12-10,2022,ALLIANZ PARQUE,BRUNO & MARRONE,ARENAS E ESTADIOS,ESTADIO MULTIUSO,SERTANEJO,74.0,6907725.0,False,45000.0,Cadeira Inferior,180.0,4533.666666666667,INTERMEDIARIO,SABADO,FIM DE SEMANA,NUBLADO,DEZEMBRO,0.0
943,2022-12-10,2022,ALLIANZ PARQUE,BRUNO & MARRONE,ARENAS E ESTADIOS,ESTADIO MULTIUSO,SERTANEJO,74.0,6907725.0,False,45000.0,Mesa,13000.0,4533.666666666667,LUXO,SABADO,FIM DE SEMANA,NUBLADO,DEZEMBRO,0.0
944,2022-12-10,2022,ALLIANZ PARQUE,BRUNO & MARRONE,ARENAS E ESTADIOS,ESTADIO MULTIUSO,SERTANEJO,74.0,6907725.0,False,45000.0,Pista,421.0,4533.666666666667,COMUM,SABADO,FIM DE SEMANA,NUBLADO,DEZEMBRO,0.0
945,2023-08-19,2023,SAMBODROMO DO ANHEMBI,BRUNO & MARRONE,ARENAS E ESTADIOS,AREA EXTERNA PARA EVENTOS,SERTANEJO,74.0,6907725.0,False,90000.0,Pista,180.0,258.0,COMUM,SABADO,FIM DE SEMANA,NUBLADO,AGOSTO,252.0
946,2023-08-19,2023,SAMBODROMO DO ANHEMBI,BRUNO & MARRONE,ARENAS E ESTADIOS,AREA EXTERNA PARA EVENTOS,SERTANEJO,74.0,6907725.0,False,90000.0,Pista Premium,320.0,258.0,VIP,SABADO,FIM DE SEMANA,NUBLADO,AGOSTO,0.0
947,2023-08-19,2023,SAMBODROMO DO ANHEMBI,BRUNO & MARRONE,ARENAS E ESTADIOS,AREA EXTERNA PARA EVENTOS,SERTANEJO,74.0,6907725.0,False,90000.0,Camarote,450.0,258.0,LUXO,SABADO,FIM DE SEMANA,NUBLADO,AGOSTO,0.0
948,2023-08-19,2023,SAMBODROMO DO ANHEMBI,BRUNO & MARRONE,ARENAS E ESTADIOS,AREA EXTERNA PARA EVENTOS,SERTANEJO,74.0,6907725.0,False,90000.0,Cadeira Inferior,220.0,258.0,INTERMEDIARIO,SABADO,FIM DE SEMANA,NUBLADO,AGOSTO,0.0
949,2023-08-19,2023,SAMBODROMO DO ANHEMBI,BRUNO & MARRONE,ARENAS E ESTADIOS,AREA EXTERNA PARA EVENTOS,SERTANEJO,74.0,6907725.0,False,90000.0,Cadeira Superior,120.0,258.0,INTERMEDIARIO,SABADO,FIM DE SEMANA,NUBLADO,AGOSTO,0.0
950,2023-08-19,2023,SAMBODROMO DO ANHEMBI,BRUNO & MARRONE,ARENAS E ESTADIOS,AREA EXTERNA PARA EVENTOS,SERTANEJO,74.0,6907725.0,False,90000.0,Pista,180.0,258.0,COMUM,SABADO,FIM DE SEMANA,NUBLADO,AGOSTO,0.0
951,2022-02-04,2022,CENTRO DE TRADICOES NORDESTINAS,OS BAROES DA PISADINHA,MEDIAS CASAS,CASA DE SHOWS,PISEIRO,66.0,6810254.0,False,4700.0,Pista,200.0,200.0,COMUM,SEXTA-FEIRA,DIA UTIL,CHUVA MODERADA,FEVEREIRO,-450.0
952,2025-08-13,2025,ESPACO UNIMED,ADO,MEDIAS CASAS,CASA DE SHOWS,J-POP,76.0,6797031.0,False,8000.0,Pista,360.0,710.0,COMUM,QUARTA-FEIRA,DIA UTIL,NUBLADO,AGOSTO,999.0
953,2025-08-13,2025,ESPACO UNIMED,ADO,MEDIAS CASAS,CASA DE SHOWS,J-POP,76.0,6797031.0,False,8000.0,Camarote,930.0,710.0,LUXO,QUARTA-FEIRA,DIA UTIL,NUBLADO,AGOSTO,0.0
954,2025-08-13,2025,ESPACO UNIMED,ADO,MEDIAS CASAS,CASA DE SHOWS,J-POP,76.0,6797031.0,False,8000.0,VIP I,840.0,710.0,VIP,QUARTA-FEIRA,DIA UTIL,NUBLADO,AGOSTO,0.0
955,2025-09-12,2025,AUTODROMO DE INTERLAGOS,BACKSTREET BOYS,ARENAS E ESTADIOS,AREA EXTERNA PARA EVENTOS,POP,77.0,6749149.0,THE TOWN,75000.0,Pista,975.0,975.0,COMUM,SEXTA-FEIRA,DIA UTIL,NUBLADO,SETEMBRO,1202.0
956,2023-01-27,2023,ALLIANZ PARQUE,BACKSTREET BOYS,ARENAS E ESTADIOS,ESTADIO MULTIUSO,POP,77.0,6749149.0,False,46000.0,Pista,360.0,582.5,COMUM,SEXTA-FEIRA,DIA UTIL,CHUVISCO LEVE,JANEIRO,-959.0
957,2023-01-27,2023,ALLIANZ PARQUE,BACKSTREET BOYS,ARENAS E ESTADIOS,ESTADIO MULTIUSO,POP,77.0,6749149.0,False,46000.0,Pista Premium,720.0,582.5,VIP,SEXTA-FEIRA,DIA UTIL,CHUVISCO LEVE,JANEIRO,0.0
958,2023-01-27,2023,ALLIANZ PARQUE,BACKSTREET BOYS,ARENAS E ESTADIOS,ESTADIO MULTIUSO,POP,77.0,6749149.0,False,46000.0,Cadeira Inferior,480.0,582.5,INTERMEDIARIO,SEXTA-FEIRA,DIA UTIL,CHUVISCO LEVE,JANEIRO,0.0
959,2023-01-27,2023,ALLIANZ PARQUE,BACKSTREET BOYS,ARENAS E ESTADIOS,ESTADIO MULTIUSO,POP,77.0,6749149.0,False,46000.0,PIT,770.0,582.5,ULTRA VIP,SEXTA-FEIRA,DIA UTIL,CHUVISCO LEVE,JANEIRO,0.0
960,2023-01-28,2023,ALLIANZ PARQUE,BACKSTREET BOYS,ARENAS E ESTADIOS,ESTADIO MULTIUSO,POP,77.0,6749149.0,False,45340.0,Pista,360.0,582.5,COMUM,SABADO,FIM DE SEMANA,CHUVA MODERADA,JANEIRO,1.0
961,2023-01-28,2023,ALLIANZ PARQUE,BACKSTREET BOYS,ARENAS E ESTADIOS,ESTADIO MULTIUSO,POP,77.0,6749149.0,False,45340.0,Pista Premium,720.0,582.5,VIP,SABADO,FIM DE SEMANA,CHUVA MODERADA,JANEIRO,0.0
962,2023-01-28,2023,ALLIANZ PARQUE,BACKSTREET BOYS,ARENAS E ESTADIOS,ESTADIO MULTIUSO,POP,77.0,6749149.0,False,45340.0,Cadeira Inferior,480.0,582.5,INTERMEDIARIO,SABADO,FIM DE SEMANA,CHUVA MODERADA,JANEIRO,0.0
963,2023-01-28,2023,ALLIANZ PARQUE,BACKSTREET BOYS,ARENAS E ESTADIOS,ESTADIO MULTIUSO,POP,77.0,6749149.0,False,45340.0,PIT,770.0,582.5,ULTRA VIP,SABADO,FIM DE SEMANA,CHUVA MODERADA,JANEIRO,0.0
964,2023-12-03,2023,AUTODROMO DE INTERLAGOS,THE CURE,ARENAS E ESTADIOS,AREA EXTERNA PARA EVENTOS,NEW WAVE,76.0,6704196.0,False,50000.0,Pista,990.0,1495.0,COMUM,DOMINGO,FIM DE SEMANA,NUBLADO,DEZEMBRO,999.0
965,2023-12-03,2023,AUTODROMO DE INTERLAGOS,THE CURE,ARENAS E ESTADIOS,AREA EXTERNA PARA EVENTOS,NEW WAVE,76.0,6704196.0,False,50000.0,Pista Premium,2000.0,1495.0,VIP,DOMINGO,FIM DE SEMANA,NUBLADO,DEZEMBRO,0.0
966,2024-03-22,2024,AUTODROMO DE INTERLAGOS,THE OFFSPRING,ARENAS E ESTADIOS,AREA EXTERNA PARA EVENTOS,PUNK,77.0,6700082.0,LOLLAPALOOZA,80000.0,Early Entrance,1100.0,1100.0,VIP,SEXTA-FEIRA,DIA UTIL,CHUVISCO MODERADO,MARÇO,-534.0
967,2025-03-08,2025,ALLIANZ PARQUE,THE OFFSPRING,ARENAS E ESTADIOS,ESTADIO MULTIUSO,PUNK,77.0,6700082.0,False,37608.0,Pista,890.0,623.3333333333334,COMUM,SABADO,FIM DE SEMANA,CHUVISCO MODERADO,MARÇO,351.0
968,2025-03-08,2025,ALLIANZ PARQUE,THE OFFSPRING,ARENAS E ESTADIOS,ESTADIO MULTIUSO,PUNK,77.0,6700082.0,False,37608.0,Cadeira Inferior,590.0,623.3333333333334,INTERMEDIARIO,SABADO,FIM DE SEMANA,CHUVISCO MODERADO,MARÇO,0.0
969,2025-03-08,2025,ALLIANZ PARQUE,THE OFFSPRING,ARENAS E ESTADIOS,ESTADIO MULTIUSO,PUNK,77.0,6700082.0,False,37608.0,Cadeira Superior,390.0,623.3333333333334,INTERMEDIARIO,SABADO,FIM DE SEMANA,CHUVISCO MODERADO,MARÇO,0.0
970,2024-11-28,2024,AUDIO,BRING ME THE HORIZON,MEDIAS CASAS,CASA DE SHOWS,METALCORE,78.0,6663555.0,False,3200.0,Pista,390.0,420.0,COMUM,QUINTA-FEIRA,DIA UTIL,CHUVA LEVE,NOVEMBRO,999.0
971,2024-11-28,2024,AUDIO,BRING ME THE HORIZON,MEDIAS CASAS,CASA DE SHOWS,METALCORE,78.0,6663555.0,False,3200.0,Mezanino ,450.0,420.0,INTERMEDIARIO,QUINTA-FEIRA,DIA UTIL,CHUVA LEVE,NOVEMBRO,0.0
972,2024-11-30,2024,ALLIANZ PARQUE,BRING ME THE HORIZON,ARENAS E ESTADIOS,ESTADIO MULTIUSO,METALCORE,78.0,6663555.0,False,46572.0,Pista,390.0,480.0,COMUM,SABADO,FIM DE SEMANA,CHUVISCO LEVE,NOVEMBRO,2.0
973,2024-11-30,2024,ALLIANZ PARQUE,BRING ME THE HORIZON,ARENAS E ESTADIOS,ESTADIO MULTIUSO,METALCORE,78.0,6663555.0,False,46572.0,Pista Premium,790.0,480.0,VIP,SABADO,FIM DE SEMANA,CHUVISCO LEVE,NOVEMBRO,0.0
974,2024-11-30,2024,ALLIANZ PARQUE,BRING ME THE HORIZON,ARENAS E ESTADIOS,ESTADIO MULTIUSO,METALCORE,78.0,6663555.0,False,46572.0,Cadeira Inferior,490.0,480.0,INTERMEDIARIO,SABADO,FIM DE SEMANA,CHUVISCO LEVE,NOVEMBRO,0.0
975,2024-11-30,2024,ALLIANZ PARQUE,BRING ME THE HORIZON,ARENAS E ESTADIOS,ESTADIO MULTIUSO,METALCORE,78.0,6663555.0,False,46572.0,Cadeira Superior,250.0,480.0,INTERMEDIARIO,SABADO,FIM DE SEMANA,CHUVISCO LEVE,NOVEMBRO,0.0
976,2022-12-18,2022,SAMBODROMO DO ANHEMBI,BRING ME THE HORIZON,ARENAS E ESTADIOS,AREA EXTERNA PARA EVENTOS,METALCORE,78.0,6663555.0,False,45000.0,Pista,900.0,900.0,COMUM,DOMINGO,FIM DE SEMANA,CHUVISCO LEVE,DEZEMBRO,-713.0
977,2022-12-16,2022,VIBRA SAO PAULO,BRING ME THE HORIZON,MEDIAS CASAS,TEATRO E CASA DE ESPETACULOS,METALCORE,78.0,6663555.0,False,4000.0,Pista,390.0,480.0,COMUM,SEXTA-FEIRA,DIA UTIL,CHUVISCO MODERADO,DEZEMBRO,-2.0
978,2022-12-16,2022,VIBRA SAO PAULO,BRING ME THE HORIZON,MEDIAS CASAS,TEATRO E CASA DE ESPETACULOS,METALCORE,78.0,6663555.0,False,4000.0,Pista Premium,790.0,480.0,VIP,SEXTA-FEIRA,DIA UTIL,CHUVISCO MODERADO,DEZEMBRO,0.0
979,2022-12-16,2022,VIBRA SAO PAULO,BRING ME THE HORIZON,MEDIAS CASAS,TEATRO E CASA DE ESPETACULOS,METALCORE,78.0,6663555.0,False,4000.0,Cadeira Inferior,490.0,480.0,INTERMEDIARIO,SEXTA-FEIRA,DIA UTIL,CHUVISCO MODERADO,DEZEMBRO,0.0
980,2022-12-16,2022,VIBRA SAO PAULO,BRING ME THE HORIZON,MEDIAS CASAS,TEATRO E CASA DE ESPETACULOS,METALCORE,78.0,6663555.0,False,4000.0,Cadeira Superior,250.0,480.0,INTERMEDIARIO,SEXTA-FEIRA,DIA UTIL,CHUVISCO MODERADO,DEZEMBRO,0.0
981,2023-09-03,2023,AUTODROMO DE INTERLAGOS,LUISA SONZA,ARENAS E ESTADIOS,AREA EXTERNA PARA EVENTOS,BRAZILIAN POP,73.0,6632929.0,THE TOWN,100000.0,Pista,815.0,815.0,COMUM,DOMINGO,FIM DE SEMANA,CHUVISCO INTENSO,SETEMBRO,-369.0
982,2024-03-22,2024,AUTODROMO DE INTERLAGOS,LUISA SONZA,ARENAS E ESTADIOS,AREA EXTERNA PARA EVENTOS,BRAZILIAN POP,73.0,6632929.0,LOLLAPALOOZA,80000.0,Lolla Pista,1100.0,1700.0,COMUM,SEXTA-FEIRA,DIA UTIL,CHUVISCO MODERADO,MARÇO,201.0
983,2024-03-22,2024,AUTODROMO DE INTERLAGOS,LUISA SONZA,ARENAS E ESTADIOS,AREA EXTERNA PARA EVENTOS,BRAZILIAN POP,73.0,6632929.0,LOLLAPALOOZA,80000.0,Lolla Lounge,2250.0,1700.0,LUXO,SEXTA-FEIRA,DIA UTIL,CHUVISCO MODERADO,MARÇO,0.0
984,2024-03-22,2024,AUTODROMO DE INTERLAGOS,LUISA SONZA,ARENAS E ESTADIOS,AREA EXTERNA PARA EVENTOS,BRAZILIAN POP,73.0,6632929.0,LOLLAPALOOZA,80000.0,Lolla Confort,1750.0,1700.0,VIP,SEXTA-FEIRA,DIA UTIL,CHUVISCO MODERADO,MARÇO,0.0
985,2025-09-12,2025,AUTODROMO DE INTERLAGOS,LUISA SONZA,ARENAS E ESTADIOS,AREA EXTERNA PARA EVENTOS,BRAZILIAN POP,73.0,6632929.0,THE TOWN,75000.0,Pista,975.0,975.0,COMUM,SEXTA-FEIRA,DIA UTIL,NUBLADO,SETEMBRO,539.0
986,2022-06-16,2022,ARENA ANHEMBI,LUISA SONZA,GRANDES CASAS,AREA EXTERNA PARA EVENTOS,BRAZILIAN POP,73.0,6632929.0,False,20000.0,Pista,200.0,250.0,COMUM,QUINTA-FEIRA,FERIADO NACIONAL,NUBLADO,JUNHO,-1184.0
987,2022-06-16,2022,ARENA ANHEMBI,LUISA SONZA,GRANDES CASAS,AREA EXTERNA PARA EVENTOS,BRAZILIAN POP,73.0,6632929.0,False,20000.0,Camarote,300.0,250.0,LUXO,QUINTA-FEIRA,FERIADO NACIONAL,NUBLADO,JUNHO,0.0
988,2023-02-04,2023,ALLIANZ PARQUE,LUISA SONZA,ARENAS E ESTADIOS,ESTADIO MULTIUSO,BRAZILIAN POP,73.0,6632929.0,False,20000.0,Pista,150.0,210.0,COMUM,SABADO,FIM DE SEMANA,CHUVA LEVE,FEVEREIRO,233.0
989,2023-02-04,2023,ALLIANZ PARQUE,LUISA SONZA,ARENAS E ESTADIOS,ESTADIO MULTIUSO,BRAZILIAN POP,73.0,6632929.0,False,20000.0,Pista Premium,190.0,210.0,VIP,SABADO,FIM DE SEMANA,CHUVA LEVE,FEVEREIRO,0.0
990,2023-02-04,2023,ALLIANZ PARQUE,LUISA SONZA,ARENAS E ESTADIOS,ESTADIO MULTIUSO,BRAZILIAN POP,73.0,6632929.0,False,20000.0,Camarote,290.0,210.0,LUXO,SABADO,FIM DE SEMANA,CHUVA LEVE,FEVEREIRO,0.0
991,2024-06-09,2024,ALLIANZ PARQUE,LUISA SONZA,ARENAS E ESTADIOS,ESTADIO MULTIUSO,BRAZILIAN POP,73.0,6632929.0,False,21188.0,Pista,250.0,464.0,COMUM,DOMINGO,FIM DE SEMANA,NUBLADO,JUNHO,491.0
992,2024-06-09,2024,ALLIANZ PARQUE,LUISA SONZA,ARENAS E ESTADIOS,ESTADIO MULTIUSO,BRAZILIAN POP,73.0,6632929.0,False,21188.0,Pista Premium,490.0,464.0,VIP,DOMINGO,FIM DE SEMANA,NUBLADO,JUNHO,0.0
993,2024-06-09,2024,ALLIANZ PARQUE,LUISA SONZA,ARENAS E ESTADIOS,ESTADIO MULTIUSO,BRAZILIAN POP,73.0,6632929.0,False,21188.0,Cadeira Inferior,290.0,464.0,INTERMEDIARIO,DOMINGO,FIM DE SEMANA,NUBLADO,JUNHO,0.0
994,2024-06-09,2024,ALLIANZ PARQUE,LUISA SONZA,ARENAS E ESTADIOS,ESTADIO MULTIUSO,BRAZILIAN POP,73.0,6632929.0,False,21188.0,Cadeira Superior,100.0,464.0,INTERMEDIARIO,DOMINGO,FIM DE SEMANA,NUBLADO,JUNHO,0.0
995,2024-06-09,2024,ALLIANZ PARQUE,LUISA SONZA,ARENAS E ESTADIOS,ESTADIO MULTIUSO,BRAZILIAN POP,73.0,6632929.0,False,21188.0,VIP I,1190.0,464.0,VIP,DOMINGO,FIM DE SEMANA,NUBLADO,JUNHO,0.0
996,2024-01-25,2024,MEMORIAL DA AMERICA LATINA,LUISA SONZA,GRANDES CASAS,AREA EXTERNA PARA EVENTOS,BRAZILIAN POP,73.0,6632929.0,False,20000.0,Pista,280.0,480.0,COMUM,QUINTA-FEIRA,FERIADO MUNICIPAL,CHUVA MODERADA,JANEIRO,-136.0
997,2024-01-25,2024,MEMORIAL DA AMERICA LATINA,LUISA SONZA,GRANDES CASAS,AREA EXTERNA PARA EVENTOS,BRAZILIAN POP,73.0,6632929.0,False,20000.0,Open Bar,680.0,480.0,VIP,QUINTA-FEIRA,FERIADO MUNICIPAL,CHUVA MODERADA,JANEIRO,0.0
998,2023-04-30,2023,SAMBODROMO DO ANHEMBI,LUISA SONZA,ARENAS E ESTADIOS,AREA EXTERNA PARA EVENTOS,BRAZILIAN POP,73.0,6632929.0,False,20000.0,Pista,120.0,2093.333333333333,COMUM,DOMINGO,FIM DE SEMANA,CHUVISCO LEVE,ABRIL,-270.0
999,2023-04-30,2023,SAMBODROMO DO ANHEMBI,LUISA SONZA,ARENAS E ESTADIOS,AREA EXTERNA PARA EVENTOS,BRAZILIAN POP,73.0,6632929.0,False,20000.0,Pista Premium,160.0,2093.333333333333,VIP,DOMINGO,FIM DE SEMANA,CHUVISCO LEVE,ABRIL,0.0
1000,2023-04-30,2023,SAMBODROMO DO ANHEMBI,LUISA SONZA,ARENAS E ESTADIOS,AREA EXTERNA PARA EVENTOS,BRAZILIAN POP,73.0,6632929.0,False,20000.0,Camarote,6000.0,2093.333333333333,LUXO,DOMINGO,FIM DE SEMANA,CHUVISCO LEVE,ABRIL,0.0
1001,2023-01-27,2023,ESPACO UNIMED,LUISA SONZA,MEDIAS CASAS,CASA DE SHOWS,BRAZILIAN POP,73.0,6632929.0,False,8000.0,Pista,140.0,250.0,COMUM,SEXTA-FEIRA,DIA UTIL,CHUVISCO LEVE,JANEIRO,-93.0
1002,2023-01-27,2023,ESPACO UNIMED,LUISA SONZA,MEDIAS CASAS,CASA DE SHOWS,BRAZILIAN POP,73.0,6632929.0,False,8000.0,Pista Premium,220.0,250.0,VIP,SEXTA-FEIRA,DIA UTIL,CHUVISCO LEVE,JANEIRO,0.0
1003,2023-01-27,2023,ESPACO UNIMED,LUISA SONZA,MEDIAS CASAS,CASA DE SHOWS,BRAZILIAN POP,73.0,6632929.0,False,8000.0,Camarote,360.0,250.0,LUXO,SEXTA-FEIRA,DIA UTIL,CHUVISCO LEVE,JANEIRO,0.0
1004,2023-01-27,2023,ESPACO UNIMED,LUISA SONZA,MEDIAS CASAS,CASA DE SHOWS,BRAZILIAN POP,73.0,6632929.0,False,8000.0,Mezanino ,280.0,250.0,INTERMEDIARIO,SEXTA-FEIRA,DIA UTIL,CHUVISCO LEVE,JANEIRO,0.0
1005,2024-05-24,2024,ESPACO UNIMED,LUISA SONZA,MEDIAS CASAS,CASA DE SHOWS,BRAZILIAN POP,73.0,6632929.0,False,7800.0,Pista,180.0,260.0,COMUM,SEXTA-FEIRA,DIA UTIL,CHUVISCO LEVE,MAIO,483.0
1006,2024-05-24,2024,ESPACO UNIMED,LUISA SONZA,MEDIAS CASAS,CASA DE SHOWS,BRAZILIAN POP,73.0,6632929.0,False,7800.0,Pista Premium,240.0,260.0,VIP,SEXTA-FEIRA,DIA UTIL,CHUVISCO LEVE,MAIO,0.0
1007,2024-05-24,2024,ESPACO UNIMED,LUISA SONZA,MEDIAS CASAS,CASA DE SHOWS,BRAZILIAN POP,73.0,6632929.0,False,7800.0,Camarote,360.0,260.0,LUXO,SEXTA-FEIRA,DIA UTIL,CHUVISCO LEVE,MAIO,0.0
1008,2024-05-25,2024,ESPACO UNIMED,LUISA SONZA,MEDIAS CASAS,CASA DE SHOWS,BRAZILIAN POP,73.0,6632929.0,False,7550.0,Pista,180.0,260.0,COMUM,SABADO,FIM DE SEMANA,CHUVISCO LEVE,MAIO,1.0
1009,2024-05-25,2024,ESPACO UNIMED,LUISA SONZA,MEDIAS CASAS,CASA DE SHOWS,BRAZILIAN POP,73.0,6632929.0,False,7550.0,Pista Premium,240.0,260.0,VIP,SABADO,FIM DE SEMANA,CHUVISCO LEVE,MAIO,0.0
1010,2024-05-25,2024,ESPACO UNIMED,LUISA SONZA,MEDIAS CASAS,CASA DE SHOWS,BRAZILIAN POP,73.0,6632929.0,False,7550.0,Camarote,360.0,260.0,LUXO,SABADO,FIM DE SEMANA,CHUVISCO LEVE,MAIO,0.0
1011,2025-04-12,2025,ESPACO UNIMED,LUISA SONZA,MEDIAS CASAS,CASA DE SHOWS,BRAZILIAN POP,73.0,6632929.0,False,6500.0,Pista,180.0,260.0,COMUM,SABADO,FIM DE SEMANA,CHUVISCO LEVE,ABRIL,322.0
1012,2025-04-12,2025,ESPACO UNIMED,LUISA SONZA,MEDIAS CASAS,CASA DE SHOWS,BRAZILIAN POP,73.0,6632929.0,False,6500.0,Pista Premium,240.0,260.0,VIP,SABADO,FIM DE SEMANA,CHUVISCO LEVE,ABRIL,0.0
1013,2025-04-12,2025,ESPACO UNIMED,LUISA SONZA,MEDIAS CASAS,CASA DE SHOWS,BRAZILIAN POP,73.0,6632929.0,False,6500.0,Camarote,360.0,260.0,LUXO,SABADO,FIM DE SEMANA,CHUVISCO LEVE,ABRIL,0.0
1014,2022-07-26,2022,VIBRA SAO PAULO,LUISA SONZA,MEDIAS CASAS,TEATRO E CASA DE ESPETACULOS,BRAZILIAN POP,73.0,6632929.0,False,6500.0,Lolla Pista,1100.0,1700.0,COMUM,TERCA-FEIRA,DIA UTIL,NUBLADO,JULHO,-991.0
1015,2022-07-26,2022,VIBRA SAO PAULO,LUISA SONZA,MEDIAS CASAS,TEATRO E CASA DE ESPETACULOS,BRAZILIAN POP,73.0,6632929.0,False,6500.0,Lolla Lounge,2250.0,1700.0,LUXO,TERCA-FEIRA,DIA UTIL,NUBLADO,JULHO,0.0
1016,2022-07-26,2022,VIBRA SAO PAULO,LUISA SONZA,MEDIAS CASAS,TEATRO E CASA DE ESPETACULOS,BRAZILIAN POP,73.0,6632929.0,False,6500.0,Lolla Confort,1750.0,1700.0,VIP,TERCA-FEIRA,DIA UTIL,NUBLADO,JULHO,0.0
1017,2024-09-06,2024,NEO QUIMICA ARENA,LUISA SONZA,ARENAS E ESTADIOS,ESTADIO MULTIUSO,BRAZILIAN POP,73.0,6632929.0,False,25000.0,VIP I,298.0,298.0,VIP,SEXTA-FEIRA,DIA UTIL,CHUVISCO LEVE,SETEMBRO,773.0
1018,2025-10-17,2025,MERCADO LIVRE ARENA PACAEMBU,LUISA SONZA,GRANDES CASAS,ESTADIO MULTIUSO,BRAZILIAN POP,73.0,6632929.0,False,25000.0,Pista,162.15,162.15,COMUM,SEXTA-FEIRA,DIA UTIL,CHUVA MODERADA,OUTUBRO,406.0
1019,2023-09-02,2023,AUTODROMO DE INTERLAGOS,IGGY AZALEA,ARENAS E ESTADIOS,AREA EXTERNA PARA EVENTOS,POP,68.0,6620804.0,THE TOWN,100000.0,Pista,815.0,815.0,COMUM,SABADO,FIM DE SEMANA,CHUVA LEVE,SETEMBRO,217.0
1020,2024-09-29,2024,ALLIANZ PARQUE,ERIC CLAPTON,ARENAS E ESTADIOS,ESTADIO MULTIUSO,BLUES,72.0,6601800.0,False,44234.0,Pista,620.0,757.5,COMUM,DOMINGO,FIM DE SEMANA,NUBLADO,SETEMBRO,999.0
1021,2024-09-29,2024,ALLIANZ PARQUE,ERIC CLAPTON,ARENAS E ESTADIOS,ESTADIO MULTIUSO,BLUES,72.0,6601800.0,False,44234.0,Pista Premium,1200.0,757.5,VIP,DOMINGO,FIM DE SEMANA,NUBLADO,SETEMBRO,0.0
1022,2024-09-29,2024,ALLIANZ PARQUE,ERIC CLAPTON,ARENAS E ESTADIOS,ESTADIO MULTIUSO,BLUES,72.0,6601800.0,False,44234.0,Cadeira Inferior,780.0,757.5,INTERMEDIARIO,DOMINGO,FIM DE SEMANA,NUBLADO,SETEMBRO,0.0
1023,2024-09-29,2024,ALLIANZ PARQUE,ERIC CLAPTON,ARENAS E ESTADIOS,ESTADIO MULTIUSO,BLUES,72.0,6601800.0,False,44234.0,Cadeira Superior,430.0,757.5,INTERMEDIARIO,DOMINGO,FIM DE SEMANA,NUBLADO,SETEMBRO,0.0
1024,2024-09-28,2024,VIBRA SAO PAULO,ERIC CLAPTON,MEDIAS CASAS,TEATRO E CASA DE ESPETACULOS,BLUES,72.0,6601800.0,False,7000.0,Pista,1700.0,1110.0,COMUM,SABADO,FIM DE SEMANA,NUBLADO,SETEMBRO,-1.0
1025,2024-09-28,2024,VIBRA SAO PAULO,ERIC CLAPTON,MEDIAS CASAS,TEATRO E CASA DE ESPETACULOS,BLUES,72.0,6601800.0,False,7000.0,Camarote,2000.0,1110.0,LUXO,SABADO,FIM DE SEMANA,NUBLADO,SETEMBRO,0.0
1026,2024-09-28,2024,VIBRA SAO PAULO,ERIC CLAPTON,MEDIAS CASAS,TEATRO E CASA DE ESPETACULOS,BLUES,72.0,6601800.0,False,7000.0,Cadeira Superior,460.0,1110.0,INTERMEDIARIO,SABADO,FIM DE SEMANA,NUBLADO,SETEMBRO,0.0
1027,2024-09-28,2024,VIBRA SAO PAULO,ERIC CLAPTON,MEDIAS CASAS,TEATRO E CASA DE ESPETACULOS,BLUES,72.0,6601800.0,False,7000.0,Cadeira Superior Visão Parcial,280.0,1110.0,COMUM,SABADO,FIM DE SEMANA,NUBLADO,SETEMBRO,0.0
1028,2022-03-25,2022,AUTODROMO DE INTERLAGOS,THE STROKES,ARENAS E ESTADIOS,AREA EXTERNA PARA EVENTOS,GARAGE ROCK,76.0,6473032.0,LOLLAPALOOZA,100980.0,Lolla Pista,1050.0,1763.3333333333333,COMUM,SEXTA-FEIRA,DIA UTIL,CHUVISCO LEVE,MARÇO,999.0
1029,2022-03-25,2022,AUTODROMO DE INTERLAGOS,THE STROKES,ARENAS E ESTADIOS,AREA EXTERNA PARA EVENTOS,GARAGE ROCK,76.0,6473032.0,LOLLAPALOOZA,100980.0,Lolla Lounge,2400.0,1763.3333333333333,LUXO,SEXTA-FEIRA,DIA UTIL,CHUVISCO LEVE,MARÇO,0.0
1030,2022-03-25,2022,AUTODROMO DE INTERLAGOS,THE STROKES,ARENAS E ESTADIOS,AREA EXTERNA PARA EVENTOS,GARAGE ROCK,76.0,6473032.0,LOLLAPALOOZA,100980.0,Lolla Confort,1840.0,1763.3333333333333,VIP,SEXTA-FEIRA,DIA UTIL,CHUVISCO LEVE,MARÇO,0.0
1031,2022-11-09,2022,AUDIO,CHARLI XCX,MEDIAS CASAS,CASA DE SHOWS,HYPERPOP,83.0,6405399.0,False,1000.0,Pista,370.0,455.0,COMUM,QUARTA-FEIRA,DIA UTIL,CHUVISCO LEVE,NOVEMBRO,999.0
1032,2022-11-09,2022,AUDIO,CHARLI XCX,MEDIAS CASAS,CASA DE SHOWS,HYPERPOP,83.0,6405399.0,False,1000.0,Mezanino ,540.0,455.0,INTERMEDIARIO,QUARTA-FEIRA,DIA UTIL,CHUVISCO LEVE,NOVEMBRO,0.0
1033,2022-11-06,2022,DISTRITO ANHEMBI,CHARLI XCX,GRANDES CASAS,AREA EXTERNA PARA EVENTOS,HYPERPOP,83.0,6405399.0,PRIMAVERA SOUND,42200.0,Pista,560.0,733.3333333333334,COMUM,DOMINGO,FIM DE SEMANA,CHUVISCO LEVE,NOVEMBRO,-3.0
1034,2022-11-06,2022,DISTRITO ANHEMBI,CHARLI XCX,GRANDES CASAS,AREA EXTERNA PARA EVENTOS,HYPERPOP,83.0,6405399.0,PRIMAVERA SOUND,42200.0,Pista Premium,890.0,733.3333333333334,VIP,DOMINGO,FIM DE SEMANA,CHUVISCO LEVE,NOVEMBRO,0.0
1035,2022-11-06,2022,DISTRITO ANHEMBI,CHARLI XCX,GRANDES CASAS,AREA EXTERNA PARA EVENTOS,HYPERPOP,83.0,6405399.0,PRIMAVERA SOUND,42200.0,Cadeira Inferior,750.0,733.3333333333334,INTERMEDIARIO,DOMINGO,FIM DE SEMANA,CHUVISCO LEVE,NOVEMBRO,0.0
1036,2023-09-03,2023,AUTODROMO DE INTERLAGOS,VEIGH,ARENAS E ESTADIOS,AREA EXTERNA PARA EVENTOS,BRAZILIAN TRAP,78.0,6393944.0,THE TOWN,100000.0,Pista,815.0,815.0,COMUM,DOMINGO,FIM DE SEMANA,CHUVISCO INTENSO,SETEMBRO,120.0
1037,2022-06-17,2022,SAMBODROMO DO ANHEMBI,VEIGH,ARENAS E ESTADIOS,AREA EXTERNA PARA EVENTOS,BRAZILIAN TRAP,78.0,6393944.0,False,34000.0,Pista,440.0,440.0,COMUM,SEXTA-FEIRA,DIA UTIL,NUBLADO,JUNHO,-443.0
1038,2025-10-25,2025,ESPACO UNIMED,VEIGH,MEDIAS CASAS,CASA DE SHOWS,BRAZILIAN TRAP,78.0,6393944.0,False,8000.0,Pista,135.0,467.8,COMUM,SABADO,FIM DE SEMANA,NUBLADO,OUTUBRO,1226.0
1039,2025-10-25,2025,ESPACO UNIMED,VEIGH,MEDIAS CASAS,CASA DE SHOWS,BRAZILIAN TRAP,78.0,6393944.0,False,8000.0,Camarote,485.0,467.8,LUXO,SABADO,FIM DE SEMANA,NUBLADO,OUTUBRO,0.0
1040,2025-10-25,2025,ESPACO UNIMED,VEIGH,MEDIAS CASAS,CASA DE SHOWS,BRAZILIAN TRAP,78.0,6393944.0,False,8000.0,Mezanino ,465.0,467.8,INTERMEDIARIO,SABADO,FIM DE SEMANA,NUBLADO,OUTUBRO,0.0
1041,2025-10-25,2025,ESPACO UNIMED,VEIGH,MEDIAS CASAS,CASA DE SHOWS,BRAZILIAN TRAP,78.0,6393944.0,False,8000.0,VIP I,477.0,467.8,VIP,SABADO,FIM DE SEMANA,NUBLADO,OUTUBRO,0.0
1042,2025-10-25,2025,ESPACO UNIMED,VEIGH,MEDIAS CASAS,CASA DE SHOWS,BRAZILIAN TRAP,78.0,6393944.0,False,8000.0,VIP II,777.0,467.8,ULTRA VIP,SABADO,FIM DE SEMANA,NUBLADO,OUTUBRO,0.0
1043,2024-12-21,2024,NEO QUIMICA ARENA,VEIGH,ARENAS E ESTADIOS,ESTADIO MULTIUSO,BRAZILIAN TRAP,78.0,6393944.0,False,33921.0,Pista,450.0,645.0,COMUM,SABADO,FIM DE SEMANA,CHUVA FORTE,DEZEMBRO,-308.0
1044,2024-12-21,2024,NEO QUIMICA ARENA,VEIGH,ARENAS E ESTADIOS,ESTADIO MULTIUSO,BRAZILIAN TRAP,78.0,6393944.0,False,33921.0,Pista Premium,840.0,645.0,VIP,SABADO,FIM DE SEMANA,CHUVA FORTE,DEZEMBRO,0.0
1045,2025-08-01,2025,MERCADO LIVRE ARENA PACAEMBU,VEIGH,GRANDES CASAS,ESTADIO MULTIUSO,BRAZILIAN TRAP,78.0,6393944.0,False,25000.0,Pista,100.0,300.0,COMUM,SEXTA-FEIRA,DIA UTIL,NUBLADO,AGOSTO,223.0
1046,2025-08-01,2025,MERCADO LIVRE ARENA PACAEMBU,VEIGH,GRANDES CASAS,ESTADIO MULTIUSO,BRAZILIAN TRAP,78.0,6393944.0,False,25000.0,Camarote,600.0,300.0,LUXO,SEXTA-FEIRA,DIA UTIL,NUBLADO,AGOSTO,0.0
1047,2025-08-01,2025,MERCADO LIVRE ARENA PACAEMBU,VEIGH,GRANDES CASAS,ESTADIO MULTIUSO,BRAZILIAN TRAP,78.0,6393944.0,False,25000.0,Frontstage,200.0,300.0,VIP,SEXTA-FEIRA,DIA UTIL,NUBLADO,AGOSTO,0.0
1048,2024-06-09,2024,ALLIANZ PARQUE,FERRUGEM,ARENAS E ESTADIOS,ESTADIO MULTIUSO,PAGODE,76.0,6353077.0,False,21188.0,Pista,250.0,464.0,COMUM,DOMINGO,FIM DE SEMANA,NUBLADO,JUNHO,547.0
1049,2024-06-09,2024,ALLIANZ PARQUE,FERRUGEM,ARENAS E ESTADIOS,ESTADIO MULTIUSO,PAGODE,76.0,6353077.0,False,21188.0,Pista Premium,490.0,464.0,VIP,DOMINGO,FIM DE SEMANA,NUBLADO,JUNHO,0.0
1050,2024-06-09,2024,ALLIANZ PARQUE,FERRUGEM,ARENAS E ESTADIOS,ESTADIO MULTIUSO,PAGODE,76.0,6353077.0,False,21188.0,Cadeira Inferior,290.0,464.0,INTERMEDIARIO,DOMINGO,FIM DE SEMANA,NUBLADO,JUNHO,0.0
1051,2024-06-09,2024,ALLIANZ PARQUE,FERRUGEM,ARENAS E ESTADIOS,ESTADIO MULTIUSO,PAGODE,76.0,6353077.0,False,21188.0,Cadeira Superior,100.0,464.0,INTERMEDIARIO,DOMINGO,FIM DE SEMANA,NUBLADO,JUNHO,0.0
1052,2024-06-09,2024,ALLIANZ PARQUE,FERRUGEM,ARENAS E ESTADIOS,ESTADIO MULTIUSO,PAGODE,76.0,6353077.0,False,21188.0,VIP I,1190.0,464.0,VIP,DOMINGO,FIM DE SEMANA,NUBLADO,JUNHO,0.0
1053,2022-01-22,2022,SAO PAULO EXPO,FERRUGEM,ARENAS E ESTADIOS,CENTRO DE EXPOSICOES,PAGODE,76.0,6353077.0,False,10000.0,Camarote,380.0,400.0,LUXO,SABADO,FIM DE SEMANA,CHUVISCO LEVE,JANEIRO,-869.0
1054,2022-01-22,2022,SAO PAULO EXPO,FERRUGEM,ARENAS E ESTADIOS,CENTRO DE EXPOSICOES,PAGODE,76.0,6353077.0,False,10000.0,Mesa,420.0,400.0,LUXO,SABADO,FIM DE SEMANA,CHUVISCO LEVE,JANEIRO,0.0
1055,2025-10-25,2025,NEO QUIMICA ARENA,FERRUGEM,ARENAS E ESTADIOS,ESTADIO MULTIUSO,PAGODE,76.0,6353077.0,False,48000.0,Pista,160.0,160.0,COMUM,SABADO,FIM DE SEMANA,NUBLADO,OUTUBRO,1372.0
1056,2022-12-18,2022,SAMBODROMO DO ANHEMBI,PANTERA,ARENAS E ESTADIOS,AREA EXTERNA PARA EVENTOS,GROOVE METAL,72.0,6322562.0,False,45000.0,Pista,900.0,900.0,COMUM,DOMINGO,FIM DE SEMANA,CHUVISCO LEVE,DEZEMBRO,999.0
1057,2022-12-15,2022,VIBRA SAO PAULO,PANTERA,MEDIAS CASAS,TEATRO E CASA DE ESPETACULOS,GROOVE METAL,72.0,6322562.0,False,7000.0,Pista,390.0,485.0,COMUM,QUINTA-FEIRA,DIA UTIL,CHUVISCO LEVE,DEZEMBRO,-3.0
1058,2022-12-15,2022,VIBRA SAO PAULO,PANTERA,MEDIAS CASAS,TEATRO E CASA DE ESPETACULOS,GROOVE METAL,72.0,6322562.0,False,7000.0,Pista Premium,690.0,485.0,VIP,QUINTA-FEIRA,DIA UTIL,CHUVISCO LEVE,DEZEMBRO,0.0
1059,2022-12-15,2022,VIBRA SAO PAULO,PANTERA,MEDIAS CASAS,TEATRO E CASA DE ESPETACULOS,GROOVE METAL,72.0,6322562.0,False,7000.0,Camarote,600.0,485.0,LUXO,QUINTA-FEIRA,DIA UTIL,CHUVISCO LEVE,DEZEMBRO,0.0
1060,2022-12-15,2022,VIBRA SAO PAULO,PANTERA,MEDIAS CASAS,TEATRO E CASA DE ESPETACULOS,GROOVE METAL,72.0,6322562.0,False,7000.0,Mezanino ,260.0,485.0,INTERMEDIARIO,QUINTA-FEIRA,DIA UTIL,CHUVISCO LEVE,DEZEMBRO,0.0
1061,2024-06-26,2024,ESPACO UNIMED,IVE,MEDIAS CASAS,CASA DE SHOWS,K-POP,72.0,6315425.0,False,8000.0,Pista,590.0,835.0,COMUM,QUARTA-FEIRA,DIA UTIL,NUBLADO,JUNHO,523.0
1062,2024-06-26,2024,ESPACO UNIMED,IVE,MEDIAS CASAS,CASA DE SHOWS,K-POP,72.0,6315425.0,False,8000.0,Pista Premium,880.0,835.0,VIP,QUARTA-FEIRA,DIA UTIL,NUBLADO,JUNHO,0.0
1063,2024-06-26,2024,ESPACO UNIMED,IVE,MEDIAS CASAS,CASA DE SHOWS,K-POP,72.0,6315425.0,False,8000.0,Camarote,920.0,835.0,LUXO,QUARTA-FEIRA,DIA UTIL,NUBLADO,JUNHO,0.0
1064,2024-06-26,2024,ESPACO UNIMED,IVE,MEDIAS CASAS,CASA DE SHOWS,K-POP,72.0,6315425.0,False,8000.0,Mezanino ,950.0,835.0,INTERMEDIARIO,QUARTA-FEIRA,DIA UTIL,NUBLADO,JUNHO,0.0
1065,2024-06-26,2024,ESPACO UNIMED,IVE,MEDIAS CASAS,CASA DE SHOWS,K-POP,72.0,6315425.0,False,8000.0,Pista,590.0,835.0,COMUM,QUARTA-FEIRA,DIA UTIL,NUBLADO,JUNHO,0.0
1066,2023-10-21,2023,ALLIANZ PARQUE,EVANESCENCE,ARENAS E ESTADIOS,ESTADIO MULTIUSO,ALTERNATIVE METAL,76.0,6257657.0,False,40000.0,Pista,350.0,975.6,COMUM,SABADO,FIM DE SEMANA,CHUVISCO LEVE,OUTUBRO,999.0
1067,2023-10-21,2023,ALLIANZ PARQUE,EVANESCENCE,ARENAS E ESTADIOS,ESTADIO MULTIUSO,ALTERNATIVE METAL,76.0,6257657.0,False,40000.0,Pista Premium,650.0,975.6,VIP,SABADO,FIM DE SEMANA,CHUVISCO LEVE,OUTUBRO,0.0
1068,2023-10-21,2023,ALLIANZ PARQUE,EVANESCENCE,ARENAS E ESTADIOS,ESTADIO MULTIUSO,ALTERNATIVE METAL,76.0,6257657.0,False,40000.0,Cadeira Inferior,350.0,975.6,INTERMEDIARIO,SABADO,FIM DE SEMANA,CHUVISCO LEVE,OUTUBRO,0.0
1069,2023-10-21,2023,ALLIANZ PARQUE,EVANESCENCE,ARENAS E ESTADIOS,ESTADIO MULTIUSO,ALTERNATIVE METAL,76.0,6257657.0,False,40000.0,VIP I,1385.0,975.6,VIP,SABADO,FIM DE SEMANA,CHUVISCO LEVE,OUTUBRO,0.0
1070,2023-10-21,2023,ALLIANZ PARQUE,EVANESCENCE,ARENAS E ESTADIOS,ESTADIO MULTIUSO,ALTERNATIVE METAL,76.0,6257657.0,False,40000.0,VIP II,2143.0,975.6,ULTRA VIP,SABADO,FIM DE SEMANA,CHUVISCO LEVE,OUTUBRO,0.0
1071,2022-05-21,2022,ARENA ANHEMBI,ZE VAQUEIRO,GRANDES CASAS,AREA EXTERNA PARA EVENTOS,PISEIRO,68.0,6250317.0,False,2200.0,Pista,100.0,120.0,COMUM,SABADO,FIM DE SEMANA,NUBLADO,MAIO,106.0
1072,2022-05-21,2022,ARENA ANHEMBI,ZE VAQUEIRO,GRANDES CASAS,AREA EXTERNA PARA EVENTOS,PISEIRO,68.0,6250317.0,False,2200.0,Pista Premium,140.0,120.0,VIP,SABADO,FIM DE SEMANA,NUBLADO,MAIO,0.0
1073,2024-06-09,2024,ALLIANZ PARQUE,GRUPO MENOS E MAIS,ARENAS E ESTADIOS,ESTADIO MULTIUSO,PAGODE,84.0,6223036.0,False,21188.0,Pista,250.0,464.0,COMUM,DOMINGO,FIM DE SEMANA,NUBLADO,JUNHO,-503.0
1074,2024-06-09,2024,ALLIANZ PARQUE,GRUPO MENOS E MAIS,ARENAS E ESTADIOS,ESTADIO MULTIUSO,PAGODE,84.0,6223036.0,False,21188.0,Pista Premium,490.0,464.0,VIP,DOMINGO,FIM DE SEMANA,NUBLADO,JUNHO,0.0
1075,2024-06-09,2024,ALLIANZ PARQUE,GRUPO MENOS E MAIS,ARENAS E ESTADIOS,ESTADIO MULTIUSO,PAGODE,84.0,6223036.0,False,21188.0,Cadeira Inferior,290.0,464.0,INTERMEDIARIO,DOMINGO,FIM DE SEMANA,NUBLADO,JUNHO,0.0
1076,2024-06-09,2024,ALLIANZ PARQUE,GRUPO MENOS E MAIS,ARENAS E ESTADIOS,ESTADIO MULTIUSO,PAGODE,84.0,6223036.0,False,21188.0,Cadeira Superior,100.0,464.0,INTERMEDIARIO,DOMINGO,FIM DE SEMANA,NUBLADO,JUNHO,0.0
1077,2024-06-09,2024,ALLIANZ PARQUE,GRUPO MENOS E MAIS,ARENAS E ESTADIOS,ESTADIO MULTIUSO,PAGODE,84.0,6223036.0,False,21188.0,VIP I,1190.0,464.0,VIP,DOMINGO,FIM DE SEMANA,NUBLADO,JUNHO,0.0
1078,2023-02-19,2023,JOCKEY CLUB,GRUPO MENOS E MAIS,MEDIAS CASAS,CENTRO DE EVENTOS,PAGODE,84.0,6223036.0,False,10000.0,Pista,410.0,410.0,COMUM,DOMINGO,FIM DE SEMANA,CHUVA MODERADA,FEVEREIRO,-476.0
1079,2024-11-14,2024,ESPACO UNIMED,GRUPO MENOS E MAIS,MEDIAS CASAS,CASA DE SHOWS,PAGODE,84.0,6223036.0,False,8000.0,Pista,160.0,226.66666666666663,COMUM,QUINTA-FEIRA,DIA UTIL,CHUVISCO LEVE,NOVEMBRO,634.0
1080,2024-11-14,2024,ESPACO UNIMED,GRUPO MENOS E MAIS,MEDIAS CASAS,CASA DE SHOWS,PAGODE,84.0,6223036.0,False,8000.0,Pista Premium,200.0,226.66666666666663,VIP,QUINTA-FEIRA,DIA UTIL,CHUVISCO LEVE,NOVEMBRO,0.0
1081,2024-11-14,2024,ESPACO UNIMED,GRUPO MENOS E MAIS,MEDIAS CASAS,CASA DE SHOWS,PAGODE,84.0,6223036.0,False,8000.0,Camarote,320.0,226.66666666666663,LUXO,QUINTA-FEIRA,DIA UTIL,CHUVISCO LEVE,NOVEMBRO,0.0
1082,2024-04-18,2024,ESPACO UNIMED,MEGADETH,MEDIAS CASAS,CASA DE SHOWS,THRASH METAL,71.0,6191824.0,False,8000.0,Pista,440.0,672.5,COMUM,QUINTA-FEIRA,DIA UTIL,CHUVISCO MODERADO,ABRIL,999.0
1083,2024-04-18,2024,ESPACO UNIMED,MEGADETH,MEDIAS CASAS,CASA DE SHOWS,THRASH METAL,71.0,6191824.0,False,8000.0,Pista Premium,680.0,672.5,VIP,QUINTA-FEIRA,DIA UTIL,CHUVISCO MODERADO,ABRIL,0.0
1084,2024-04-18,2024,ESPACO UNIMED,MEGADETH,MEDIAS CASAS,CASA DE SHOWS,THRASH METAL,71.0,6191824.0,False,8000.0,Camarote,850.0,672.5,LUXO,QUINTA-FEIRA,DIA UTIL,CHUVISCO MODERADO,ABRIL,0.0
1085,2024-04-18,2024,ESPACO UNIMED,MEGADETH,MEDIAS CASAS,CASA DE SHOWS,THRASH METAL,71.0,6191824.0,False,8000.0,Mezanino ,720.0,672.5,INTERMEDIARIO,QUINTA-FEIRA,DIA UTIL,CHUVISCO MODERADO,ABRIL,0.0
1086,2022-03-25,2022,AUTODROMO DE INTERLAGOS,MARINA,ARENAS E ESTADIOS,AREA EXTERNA PARA EVENTOS,0,73.0,6130994.0,LOLLAPALOOZA,100980.0,Lolla Pista,1050.0,1763.3333333333333,COMUM,SEXTA-FEIRA,DIA UTIL,CHUVISCO LEVE,MARÇO,-1100.0
1087,2022-03-25,2022,AUTODROMO DE INTERLAGOS,MARINA,ARENAS E ESTADIOS,AREA EXTERNA PARA EVENTOS,0,73.0,6130994.0,LOLLAPALOOZA,100980.0,Lolla Lounge,2400.0,1763.3333333333333,LUXO,SEXTA-FEIRA,DIA UTIL,CHUVISCO LEVE,MARÇO,0.0
1088,2022-03-25,2022,AUTODROMO DE INTERLAGOS,MARINA,ARENAS E ESTADIOS,AREA EXTERNA PARA EVENTOS,0,73.0,6130994.0,LOLLAPALOOZA,100980.0,Lolla Confort,1840.0,1763.3333333333333,VIP,SEXTA-FEIRA,DIA UTIL,CHUVISCO LEVE,MARÇO,0.0
1089,2024-11-03,2024,ESPACO UNIMED,THE SMASHING PUMPKINS,MEDIAS CASAS,CASA DE SHOWS,ALTERNATIVE ROCK,74.0,6120592.0,False,8000.0,Pista,390.0,582.5,COMUM,DOMINGO,FIM DE SEMANA,CHUVA MODERADA,NOVEMBRO,339.0
1090,2024-11-03,2024,ESPACO UNIMED,THE SMASHING PUMPKINS,MEDIAS CASAS,CASA DE SHOWS,ALTERNATIVE ROCK,74.0,6120592.0,False,8000.0,Pista Premium,690.0,582.5,VIP,DOMINGO,FIM DE SEMANA,CHUVA MODERADA,NOVEMBRO,0.0
1091,2024-11-03,2024,ESPACO UNIMED,THE SMASHING PUMPKINS,MEDIAS CASAS,CASA DE SHOWS,ALTERNATIVE ROCK,74.0,6120592.0,False,8000.0,Camarote,600.0,582.5,LUXO,DOMINGO,FIM DE SEMANA,CHUVA MODERADA,NOVEMBRO,0.0
1092,2024-11-03,2024,ESPACO UNIMED,THE SMASHING PUMPKINS,MEDIAS CASAS,CASA DE SHOWS,ALTERNATIVE ROCK,74.0,6120592.0,False,8000.0,Mezanino ,650.0,582.5,INTERMEDIARIO,DOMINGO,FIM DE SEMANA,CHUVA MODERADA,NOVEMBRO,0.0
1093,2025-03-29,2025,AUTODROMO DE INTERLAGOS,ZEDD,ARENAS E ESTADIOS,AREA EXTERNA PARA EVENTOS,EDM,75.0,6120516.0,LOLLAPALOOZA,80000.0,Lolla Pista,1050.0,1678.1666666666667,COMUM,SABADO,FIM DE SEMANA,CHUVISCO INTENSO,MARÇO,707.0
1094,2025-03-29,2025,AUTODROMO DE INTERLAGOS,ZEDD,ARENAS E ESTADIOS,AREA EXTERNA PARA EVENTOS,EDM,75.0,6120516.0,LOLLAPALOOZA,80000.0,Lolla Lounge,2310.0,1678.1666666666667,LUXO,SABADO,FIM DE SEMANA,CHUVISCO INTENSO,MARÇO,0.0
1095,2025-03-29,2025,AUTODROMO DE INTERLAGOS,ZEDD,ARENAS E ESTADIOS,AREA EXTERNA PARA EVENTOS,EDM,75.0,6120516.0,LOLLAPALOOZA,80000.0,Lolla Confort,1674.5,1678.1666666666667,VIP,SABADO,FIM DE SEMANA,CHUVISCO INTENSO,MARÇO,0.0
1096,2023-04-22,2023,ALLIANZ PARQUE,DEEP PURPLE,ARENAS E ESTADIOS,ESTADIO MULTIUSO,HARD ROCK,66.0,6008097.0,MONSTERS OF ROCK,50000.0,Pista,680.0,780.0,COMUM,SABADO,FIM DE SEMANA,NUBLADO,ABRIL,-728.0
1097,2023-04-22,2023,ALLIANZ PARQUE,DEEP PURPLE,ARENAS E ESTADIOS,ESTADIO MULTIUSO,HARD ROCK,66.0,6008097.0,MONSTERS OF ROCK,50000.0,Pista Premium,1180.0,780.0,VIP,SABADO,FIM DE SEMANA,NUBLADO,ABRIL,0.0
1098,2023-04-22,2023,ALLIANZ PARQUE,DEEP PURPLE,ARENAS E ESTADIOS,ESTADIO MULTIUSO,HARD ROCK,66.0,6008097.0,MONSTERS OF ROCK,50000.0,Cadeira Inferior,780.0,780.0,INTERMEDIARIO,SABADO,FIM DE SEMANA,NUBLADO,ABRIL,0.0
1099,2023-04-22,2023,ALLIANZ PARQUE,DEEP PURPLE,ARENAS E ESTADIOS,ESTADIO MULTIUSO,HARD ROCK,66.0,6008097.0,MONSTERS OF ROCK,50000.0,Cadeira Superior,480.0,780.0,INTERMEDIARIO,SABADO,FIM DE SEMANA,NUBLADO,ABRIL,0.0
1100,2024-09-13,2024,ESPACO UNIMED,DEEP PURPLE,MEDIAS CASAS,CASA DE SHOWS,HARD ROCK,66.0,6008097.0,False,7800.0,Pista,450.0,681.25,COMUM,SEXTA-FEIRA,DIA UTIL,NUBLADO,SETEMBRO,510.0
1101,2024-09-13,2024,ESPACO UNIMED,DEEP PURPLE,MEDIAS CASAS,CASA DE SHOWS,HARD ROCK,66.0,6008097.0,False,7800.0,Pista Premium,700.0,681.25,VIP,SEXTA-FEIRA,DIA UTIL,NUBLADO,SETEMBRO,0.0
1102,2024-09-13,2024,ESPACO UNIMED,DEEP PURPLE,MEDIAS CASAS,CASA DE SHOWS,HARD ROCK,66.0,6008097.0,False,7800.0,Camarote,825.0,681.25,LUXO,SEXTA-FEIRA,DIA UTIL,NUBLADO,SETEMBRO,0.0
1103,2024-09-13,2024,ESPACO UNIMED,DEEP PURPLE,MEDIAS CASAS,CASA DE SHOWS,HARD ROCK,66.0,6008097.0,False,7800.0,Mezanino ,750.0,681.25,INTERMEDIARIO,SEXTA-FEIRA,DIA UTIL,NUBLADO,SETEMBRO,0.0
1104,2023-03-07,2023,ALLIANZ PARQUE,MOTLEY CRUE,ARENAS E ESTADIOS,ESTADIO MULTIUSO,GLAM METAL,71.0,5993471.0,False,30000.0,Pista,680.0,1538.571428571429,COMUM,TERCA-FEIRA,DIA UTIL,CHUVISCO MODERADO,MARÇO,999.0
1105,2023-03-07,2023,ALLIANZ PARQUE,MOTLEY CRUE,ARENAS E ESTADIOS,ESTADIO MULTIUSO,GLAM METAL,71.0,5993471.0,False,30000.0,Pista Premium,1180.0,1538.571428571429,VIP,TERCA-FEIRA,DIA UTIL,CHUVISCO MODERADO,MARÇO,0.0
1106,2023-03-07,2023,ALLIANZ PARQUE,MOTLEY CRUE,ARENAS E ESTADIOS,ESTADIO MULTIUSO,GLAM METAL,71.0,5993471.0,False,30000.0,Cadeira Inferior,780.0,1538.571428571429,INTERMEDIARIO,TERCA-FEIRA,DIA UTIL,CHUVISCO MODERADO,MARÇO,0.0
1107,2023-03-07,2023,ALLIANZ PARQUE,MOTLEY CRUE,ARENAS E ESTADIOS,ESTADIO MULTIUSO,GLAM METAL,71.0,5993471.0,False,30000.0,Cadeira Superior,480.0,1538.571428571429,INTERMEDIARIO,TERCA-FEIRA,DIA UTIL,CHUVISCO MODERADO,MARÇO,0.0
1108,2023-03-07,2023,ALLIANZ PARQUE,MOTLEY CRUE,ARENAS E ESTADIOS,ESTADIO MULTIUSO,GLAM METAL,71.0,5993471.0,False,30000.0,Backstage,2800.0,1538.571428571429,VIP,TERCA-FEIRA,DIA UTIL,CHUVISCO MODERADO,MARÇO,0.0
1109,2023-03-07,2023,ALLIANZ PARQUE,MOTLEY CRUE,ARENAS E ESTADIOS,ESTADIO MULTIUSO,GLAM METAL,71.0,5993471.0,False,30000.0,VIP I,2400.0,1538.571428571429,VIP,TERCA-FEIRA,DIA UTIL,CHUVISCO MODERADO,MARÇO,0.0
1110,2023-03-07,2023,ALLIANZ PARQUE,MOTLEY CRUE,ARENAS E ESTADIOS,ESTADIO MULTIUSO,GLAM METAL,71.0,5993471.0,False,30000.0,VIP II,2450.0,1538.571428571429,ULTRA VIP,TERCA-FEIRA,DIA UTIL,CHUVISCO MODERADO,MARÇO,0.0
1111,2025-10-24,2025,AUDIO,SKILLET,MEDIAS CASAS,CASA DE SHOWS,CHRISTIAN ROCK,76.0,5939423.0,False,3200.0,Pista,540.0,565.0,COMUM,SEXTA-FEIRA,DIA UTIL,NUBLADO,OUTUBRO,999.0
1112,2025-10-24,2025,AUDIO,SKILLET,MEDIAS CASAS,CASA DE SHOWS,CHRISTIAN ROCK,76.0,5939423.0,False,3200.0,VIP I,590.0,565.0,VIP,SEXTA-FEIRA,DIA UTIL,NUBLADO,OUTUBRO,0.0
1113,2025-04-13,2025,ESPACO UNIMED,ONE OK ROCK,MEDIAS CASAS,CASA DE SHOWS,J-ROCK,71.0,5934326.0,False,7002.0,Pista,280.0,390.0,COMUM,DOMINGO,FIM DE SEMANA,CHUVA LEVE,ABRIL,999.0
1114,2025-04-13,2025,ESPACO UNIMED,ONE OK ROCK,MEDIAS CASAS,CASA DE SHOWS,J-ROCK,71.0,5934326.0,False,7002.0,Mezanino ,500.0,390.0,INTERMEDIARIO,DOMINGO,FIM DE SEMANA,CHUVA LEVE,ABRIL,0.0
1115,2023-11-05,2023,ESPACO UNIMED,THE LUMINEERS,MEDIAS CASAS,CASA DE SHOWS,FOLK POP,77.0,5919223.0,False,7000.0,Pista,440.0,586.0,COMUM,DOMINGO,FIM DE SEMANA,NUBLADO,NOVEMBRO,999.0
1116,2023-11-05,2023,ESPACO UNIMED,THE LUMINEERS,MEDIAS CASAS,CASA DE SHOWS,FOLK POP,77.0,5919223.0,False,7000.0,Pista Premium,720.0,586.0,VIP,DOMINGO,FIM DE SEMANA,NUBLADO,NOVEMBRO,0.0
1117,2023-11-05,2023,ESPACO UNIMED,THE LUMINEERS,MEDIAS CASAS,CASA DE SHOWS,FOLK POP,77.0,5919223.0,False,7000.0,Camarote,680.0,586.0,LUXO,DOMINGO,FIM DE SEMANA,NUBLADO,NOVEMBRO,0.0
1118,2023-11-05,2023,ESPACO UNIMED,THE LUMINEERS,MEDIAS CASAS,CASA DE SHOWS,FOLK POP,77.0,5919223.0,False,7000.0,Cadeira Superior,350.0,586.0,INTERMEDIARIO,DOMINGO,FIM DE SEMANA,NUBLADO,NOVEMBRO,0.0
1119,2023-11-05,2023,ESPACO UNIMED,THE LUMINEERS,MEDIAS CASAS,CASA DE SHOWS,FOLK POP,77.0,5919223.0,False,7000.0,Mezanino ,740.0,586.0,INTERMEDIARIO,DOMINGO,FIM DE SEMANA,NUBLADO,NOVEMBRO,0.0
1120,2023-09-22,2023,ESPACO UNIMED,LYNYRD SKYNYRD,MEDIAS CASAS,CASA DE SHOWS,SOUTHERN ROCK,73.0,5915144.0,False,7000.0,Pista,450.0,701.25,COMUM,SEXTA-FEIRA,DIA UTIL,NUBLADO,SETEMBRO,999.0
1121,2023-09-22,2023,ESPACO UNIMED,LYNYRD SKYNYRD,MEDIAS CASAS,CASA DE SHOWS,SOUTHERN ROCK,73.0,5915144.0,False,7000.0,Pista Premium,750.0,701.25,VIP,SEXTA-FEIRA,DIA UTIL,NUBLADO,SETEMBRO,0.0
1122,2023-09-22,2023,ESPACO UNIMED,LYNYRD SKYNYRD,MEDIAS CASAS,CASA DE SHOWS,SOUTHERN ROCK,73.0,5915144.0,False,7000.0,Camarote,825.0,701.25,LUXO,SEXTA-FEIRA,DIA UTIL,NUBLADO,SETEMBRO,0.0
1123,2023-09-22,2023,ESPACO UNIMED,LYNYRD SKYNYRD,MEDIAS CASAS,CASA DE SHOWS,SOUTHERN ROCK,73.0,5915144.0,False,7000.0,Mezanino ,780.0,701.25,INTERMEDIARIO,SEXTA-FEIRA,DIA UTIL,NUBLADO,SETEMBRO,0.0
1124,2025-03-29,2025,AUTODROMO DE INTERLAGOS,TEDDY SWIMS,ARENAS E ESTADIOS,AREA EXTERNA PARA EVENTOS,0,85.0,5796643.0,LOLLAPALOOZA,80000.0,Lolla Pista,1050.0,1678.1666666666667,COMUM,SABADO,FIM DE SEMANA,CHUVISCO INTENSO,MARÇO,1100.0
1125,2025-03-29,2025,AUTODROMO DE INTERLAGOS,TEDDY SWIMS,ARENAS E ESTADIOS,AREA EXTERNA PARA EVENTOS,0,85.0,5796643.0,LOLLAPALOOZA,80000.0,Lolla Lounge,2310.0,1678.1666666666667,LUXO,SABADO,FIM DE SEMANA,CHUVISCO INTENSO,MARÇO,0.0
1126,2025-03-29,2025,AUTODROMO DE INTERLAGOS,TEDDY SWIMS,ARENAS E ESTADIOS,AREA EXTERNA PARA EVENTOS,0,85.0,5796643.0,LOLLAPALOOZA,80000.0,Lolla Confort,1674.5,1678.1666666666667,VIP,SABADO,FIM DE SEMANA,CHUVISCO INTENSO,MARÇO,0.0
1127,2024-03-23,2024,AUTODROMO DE INTERLAGOS,KINGS OF LEON,ARENAS E ESTADIOS,AREA EXTERNA PARA EVENTOS,ROCK,77.0,5779275.0,LOLLAPALOOZA,80000.0,Lolla Pista,1100.0,1700.0,COMUM,SABADO,FIM DE SEMANA,CHUVISCO INTENSO,MARÇO,242.0
1128,2024-03-23,2024,AUTODROMO DE INTERLAGOS,KINGS OF LEON,ARENAS E ESTADIOS,AREA EXTERNA PARA EVENTOS,ROCK,77.0,5779275.0,LOLLAPALOOZA,80000.0,Lolla Lounge,2250.0,1700.0,LUXO,SABADO,FIM DE SEMANA,CHUVISCO INTENSO,MARÇO,0.0
1129,2024-03-23,2024,AUTODROMO DE INTERLAGOS,KINGS OF LEON,ARENAS E ESTADIOS,AREA EXTERNA PARA EVENTOS,ROCK,77.0,5779275.0,LOLLAPALOOZA,80000.0,Lolla Confort,1750.0,1700.0,VIP,SABADO,FIM DE SEMANA,CHUVISCO INTENSO,MARÇO,0.0
1130,2023-03-07,2023,ALLIANZ PARQUE,DEF LEPPARD,ARENAS E ESTADIOS,ESTADIO MULTIUSO,GLAM METAL,70.0,5700129.0,False,30000.0,Pista,680.0,1538.571428571429,COMUM,TERCA-FEIRA,DIA UTIL,CHUVISCO MODERADO,MARÇO,0.0
1131,2023-03-07,2023,ALLIANZ PARQUE,DEF LEPPARD,ARENAS E ESTADIOS,ESTADIO MULTIUSO,GLAM METAL,70.0,5700129.0,False,30000.0,Pista Premium,1180.0,1538.571428571429,VIP,TERCA-FEIRA,DIA UTIL,CHUVISCO MODERADO,MARÇO,0.0
1132,2023-03-07,2023,ALLIANZ PARQUE,DEF LEPPARD,ARENAS E ESTADIOS,ESTADIO MULTIUSO,GLAM METAL,70.0,5700129.0,False,30000.0,Cadeira Inferior,780.0,1538.571428571429,INTERMEDIARIO,TERCA-FEIRA,DIA UTIL,CHUVISCO MODERADO,MARÇO,0.0
1133,2023-03-07,2023,ALLIANZ PARQUE,DEF LEPPARD,ARENAS E ESTADIOS,ESTADIO MULTIUSO,GLAM METAL,70.0,5700129.0,False,30000.0,Cadeira Superior,480.0,1538.571428571429,INTERMEDIARIO,TERCA-FEIRA,DIA UTIL,CHUVISCO MODERADO,MARÇO,0.0
1134,2023-03-07,2023,ALLIANZ PARQUE,DEF LEPPARD,ARENAS E ESTADIOS,ESTADIO MULTIUSO,GLAM METAL,70.0,5700129.0,False,30000.0,Backstage,2800.0,1538.571428571429,VIP,TERCA-FEIRA,DIA UTIL,CHUVISCO MODERADO,MARÇO,0.0
1135,2023-03-07,2023,ALLIANZ PARQUE,DEF LEPPARD,ARENAS E ESTADIOS,ESTADIO MULTIUSO,GLAM METAL,70.0,5700129.0,False,30000.0,VIP I,2400.0,1538.571428571429,VIP,TERCA-FEIRA,DIA UTIL,CHUVISCO MODERADO,MARÇO,0.0
1136,2023-03-07,2023,ALLIANZ PARQUE,DEF LEPPARD,ARENAS E ESTADIOS,ESTADIO MULTIUSO,GLAM METAL,70.0,5700129.0,False,30000.0,VIP II,2450.0,1538.571428571429,ULTRA VIP,TERCA-FEIRA,DIA UTIL,CHUVISCO MODERADO,MARÇO,0.0
1137,2022-03-24,2022,AUTODROMO DE INTERLAGOS,MGK,ARENAS E ESTADIOS,AREA EXTERNA PARA EVENTOS,0,79.0,5659321.0,False,0.0,Lolla Pista,1050.0,1763.3333333333333,COMUM,QUINTA-FEIRA,DIA UTIL,NUBLADO,MARÇO,-1101.0
1138,2022-03-24,2022,AUTODROMO DE INTERLAGOS,MGK,ARENAS E ESTADIOS,AREA EXTERNA PARA EVENTOS,0,79.0,5659321.0,False,0.0,Lolla Lounge,2400.0,1763.3333333333333,LUXO,QUINTA-FEIRA,DIA UTIL,NUBLADO,MARÇO,0.0
1139,2022-03-24,2022,AUTODROMO DE INTERLAGOS,MGK,ARENAS E ESTADIOS,AREA EXTERNA PARA EVENTOS,0,79.0,5659321.0,False,0.0,Lolla Confort,1840.0,1763.3333333333333,VIP,QUINTA-FEIRA,DIA UTIL,NUBLADO,MARÇO,0.0
1140,2022-03-25,2022,AUTODROMO DE INTERLAGOS,MGK,ARENAS E ESTADIOS,AREA EXTERNA PARA EVENTOS,0,79.0,5659321.0,LOLLAPALOOZA,100980.0,Lolla Pista,1050.0,1763.3333333333333,COMUM,SEXTA-FEIRA,DIA UTIL,CHUVISCO LEVE,MARÇO,1.0
1141,2022-03-25,2022,AUTODROMO DE INTERLAGOS,MGK,ARENAS E ESTADIOS,AREA EXTERNA PARA EVENTOS,0,79.0,5659321.0,LOLLAPALOOZA,100980.0,Lolla Lounge,2400.0,1763.3333333333333,LUXO,SEXTA-FEIRA,DIA UTIL,CHUVISCO LEVE,MARÇO,0.0
1142,2022-03-25,2022,AUTODROMO DE INTERLAGOS,MGK,ARENAS E ESTADIOS,AREA EXTERNA PARA EVENTOS,0,79.0,5659321.0,LOLLAPALOOZA,100980.0,Lolla Confort,1840.0,1763.3333333333333,VIP,SEXTA-FEIRA,DIA UTIL,CHUVISCO LEVE,MARÇO,0.0
1143,2023-11-04,2023,ALLIANZ PARQUE,MGK,ARENAS E ESTADIOS,ESTADIO MULTIUSO,0,79.0,5659321.0,False,35000.0,Pista,550.0,896.0,COMUM,SABADO,FIM DE SEMANA,CHUVISCO LEVE,NOVEMBRO,589.0
1144,2023-11-04,2023,ALLIANZ PARQUE,MGK,ARENAS E ESTADIOS,ESTADIO MULTIUSO,0,79.0,5659321.0,False,35000.0,Pista Premium,990.0,896.0,VIP,SABADO,FIM DE SEMANA,CHUVISCO LEVE,NOVEMBRO,0.0
1145,2023-11-04,2023,ALLIANZ PARQUE,MGK,ARENAS E ESTADIOS,ESTADIO MULTIUSO,0,79.0,5659321.0,False,35000.0,Camarote,1990.0,896.0,LUXO,SABADO,FIM DE SEMANA,CHUVISCO LEVE,NOVEMBRO,0.0
1146,2023-11-04,2023,ALLIANZ PARQUE,MGK,ARENAS E ESTADIOS,ESTADIO MULTIUSO,0,79.0,5659321.0,False,35000.0,Cadeira Inferior,560.0,896.0,INTERMEDIARIO,SABADO,FIM DE SEMANA,CHUVISCO LEVE,NOVEMBRO,0.0
1147,2023-11-04,2023,ALLIANZ PARQUE,MGK,ARENAS E ESTADIOS,ESTADIO MULTIUSO,0,79.0,5659321.0,False,35000.0,Cadeira Superior,390.0,896.0,INTERMEDIARIO,SABADO,FIM DE SEMANA,CHUVISCO LEVE,NOVEMBRO,0.0
1148,2022-09-09,2022,TOKIO MARINE HALL,BASTILLE,MEDIAS CASAS,CASA DE SHOWS,ALTERNATIVE ROCK,73.0,5656158.0,False,4000.0,Pista,360.0,426.0,COMUM,SEXTA-FEIRA,DIA UTIL,NUBLADO,SETEMBRO,-786.0
1149,2022-09-09,2022,TOKIO MARINE HALL,BASTILLE,MEDIAS CASAS,CASA DE SHOWS,ALTERNATIVE ROCK,73.0,5656158.0,False,4000.0,Pista Premium,580.0,426.0,VIP,SEXTA-FEIRA,DIA UTIL,NUBLADO,SETEMBRO,0.0
1150,2022-09-09,2022,TOKIO MARINE HALL,BASTILLE,MEDIAS CASAS,CASA DE SHOWS,ALTERNATIVE ROCK,73.0,5656158.0,False,4000.0,Camarote,480.0,426.0,LUXO,SEXTA-FEIRA,DIA UTIL,NUBLADO,SETEMBRO,0.0
1151,2022-09-09,2022,TOKIO MARINE HALL,BASTILLE,MEDIAS CASAS,CASA DE SHOWS,ALTERNATIVE ROCK,73.0,5656158.0,False,4000.0,Cadeira Inferior,370.0,426.0,INTERMEDIARIO,SEXTA-FEIRA,DIA UTIL,NUBLADO,SETEMBRO,0.0
1152,2022-09-09,2022,TOKIO MARINE HALL,BASTILLE,MEDIAS CASAS,CASA DE SHOWS,ALTERNATIVE ROCK,73.0,5656158.0,False,4000.0,Cadeira Superior,340.0,426.0,INTERMEDIARIO,SEXTA-FEIRA,DIA UTIL,NUBLADO,SETEMBRO,0.0
1153,2023-09-30,2023,ALLIANZ PARQUE,ROD STEWART,ARENAS E ESTADIOS,ESTADIO MULTIUSO,SOFT ROCK,74.0,5591846.0,False,30160.0,Pista,680.0,720.0,COMUM,SABADO,FIM DE SEMANA,CHUVA MODERADA,SETEMBRO,999.0
1154,2023-09-30,2023,ALLIANZ PARQUE,ROD STEWART,ARENAS E ESTADIOS,ESTADIO MULTIUSO,SOFT ROCK,74.0,5591846.0,False,30160.0,Pista Premium,840.0,720.0,VIP,SABADO,FIM DE SEMANA,CHUVA MODERADA,SETEMBRO,0.0
1155,2023-09-30,2023,ALLIANZ PARQUE,ROD STEWART,ARENAS E ESTADIOS,ESTADIO MULTIUSO,SOFT ROCK,74.0,5591846.0,False,30160.0,Camarote,1100.0,720.0,LUXO,SABADO,FIM DE SEMANA,CHUVA MODERADA,SETEMBRO,0.0
1156,2023-09-30,2023,ALLIANZ PARQUE,ROD STEWART,ARENAS E ESTADIOS,ESTADIO MULTIUSO,SOFT ROCK,74.0,5591846.0,False,30160.0,Cadeira Inferior,660.0,720.0,INTERMEDIARIO,SABADO,FIM DE SEMANA,CHUVA MODERADA,SETEMBRO,0.0
1157,2023-09-30,2023,ALLIANZ PARQUE,ROD STEWART,ARENAS E ESTADIOS,ESTADIO MULTIUSO,SOFT ROCK,74.0,5591846.0,False,30160.0,Cadeira Superior,320.0,720.0,INTERMEDIARIO,SABADO,FIM DE SEMANA,CHUVA MODERADA,SETEMBRO,0.0
1158,2025-06-14,2025,SUHAI MUSIC HALL,MARCOS & BELUTTI,MEDIAS CASAS,CASA DE SHOWS,SERTANEJO,63.0,5545613.0,False,8500.0,Pista,260.0,370.0,COMUM,SABADO,FIM DE SEMANA,NUBLADO,JUNHO,665.0
1159,2025-06-14,2025,SUHAI MUSIC HALL,MARCOS & BELUTTI,MEDIAS CASAS,CASA DE SHOWS,SERTANEJO,63.0,5545613.0,False,8500.0,Pista Premium,340.0,370.0,VIP,SABADO,FIM DE SEMANA,NUBLADO,JUNHO,0.0
1160,2025-06-14,2025,SUHAI MUSIC HALL,MARCOS & BELUTTI,MEDIAS CASAS,CASA DE SHOWS,SERTANEJO,63.0,5545613.0,False,8500.0,Camarote,420.0,370.0,LUXO,SABADO,FIM DE SEMANA,NUBLADO,JUNHO,0.0
1161,2025-06-14,2025,SUHAI MUSIC HALL,MARCOS & BELUTTI,MEDIAS CASAS,CASA DE SHOWS,SERTANEJO,63.0,5545613.0,False,8500.0,Mezanino ,360.0,370.0,INTERMEDIARIO,SABADO,FIM DE SEMANA,NUBLADO,JUNHO,0.0
1162,2025-06-14,2025,SUHAI MUSIC HALL,MARCOS & BELUTTI,MEDIAS CASAS,CASA DE SHOWS,SERTANEJO,63.0,5545613.0,False,8500.0,VIP I,400.0,370.0,VIP,SABADO,FIM DE SEMANA,NUBLADO,JUNHO,0.0
1163,2025-06-14,2025,SUHAI MUSIC HALL,MARCOS & BELUTTI,MEDIAS CASAS,CASA DE SHOWS,SERTANEJO,63.0,5545613.0,False,8500.0,VIP II,440.0,370.0,ULTRA VIP,SABADO,FIM DE SEMANA,NUBLADO,JUNHO,0.0
1164,2022-12-01,2022,AUDIO,RUSS,MEDIAS CASAS,CASA DE SHOWS,0,73.0,5520945.0,False,2700.0,Pista,310.0,320.0,COMUM,QUINTA-FEIRA,DIA UTIL,CHUVA FORTE,DEZEMBRO,-338.0
1165,2022-12-01,2022,AUDIO,RUSS,MEDIAS CASAS,CASA DE SHOWS,0,73.0,5520945.0,False,2700.0,Camarote,330.0,320.0,LUXO,QUINTA-FEIRA,DIA UTIL,CHUVA FORTE,DEZEMBRO,0.0
1166,2024-06-09,2024,ALLIANZ PARQUE,ZE FELIPE,ARENAS E ESTADIOS,ESTADIO MULTIUSO,PISEIRO,74.0,5431348.0,False,21188.0,Pista,250.0,464.0,COMUM,DOMINGO,FIM DE SEMANA,NUBLADO,JUNHO,750.0
1167,2024-06-09,2024,ALLIANZ PARQUE,ZE FELIPE,ARENAS E ESTADIOS,ESTADIO MULTIUSO,PISEIRO,74.0,5431348.0,False,21188.0,Pista Premium,490.0,464.0,VIP,DOMINGO,FIM DE SEMANA,NUBLADO,JUNHO,0.0
1168,2024-06-09,2024,ALLIANZ PARQUE,ZE FELIPE,ARENAS E ESTADIOS,ESTADIO MULTIUSO,PISEIRO,74.0,5431348.0,False,21188.0,Cadeira Inferior,290.0,464.0,INTERMEDIARIO,DOMINGO,FIM DE SEMANA,NUBLADO,JUNHO,0.0
1169,2024-06-09,2024,ALLIANZ PARQUE,ZE FELIPE,ARENAS E ESTADIOS,ESTADIO MULTIUSO,PISEIRO,74.0,5431348.0,False,21188.0,Cadeira Superior,100.0,464.0,INTERMEDIARIO,DOMINGO,FIM DE SEMANA,NUBLADO,JUNHO,0.0
1170,2024-06-09,2024,ALLIANZ PARQUE,ZE FELIPE,ARENAS E ESTADIOS,ESTADIO MULTIUSO,PISEIRO,74.0,5431348.0,False,21188.0,VIP I,1190.0,464.0,VIP,DOMINGO,FIM DE SEMANA,NUBLADO,JUNHO,0.0
1171,2022-05-10,2022,VILLA COUNTRY,SIMONE & SIMARIA,MEDIAS CASAS,CASA DE SHOWS,SERTANEJO,61.0,5412833.0,False,8500.0,Pista,110.0,386.6666666666667,COMUM,TERCA-FEIRA,DIA UTIL,NUBLADO,MAIO,-1131.0
1172,2022-05-10,2022,VILLA COUNTRY,SIMONE & SIMARIA,MEDIAS CASAS,CASA DE SHOWS,SERTANEJO,61.0,5412833.0,False,8500.0,Pista Premium,400.0,386.6666666666667,VIP,TERCA-FEIRA,DIA UTIL,NUBLADO,MAIO,0.0
1173,2022-05-10,2022,VILLA COUNTRY,SIMONE & SIMARIA,MEDIAS CASAS,CASA DE SHOWS,SERTANEJO,61.0,5412833.0,False,8500.0,Camarote,650.0,386.6666666666667,LUXO,TERCA-FEIRA,DIA UTIL,NUBLADO,MAIO,0.0
1174,2022-05-10,2022,VILLA COUNTRY,SIMONE & SIMARIA,MEDIAS CASAS,CASA DE SHOWS,SERTANEJO,61.0,5412833.0,False,8500.0,Pista,110.0,386.6666666666667,COMUM,TERCA-FEIRA,DIA UTIL,NUBLADO,MAIO,0.0
1175,2023-08-26,2023,ALLIANZ PARQUE,ATEEZ,ARENAS E ESTADIOS,ESTADIO MULTIUSO,K-POP,75.0,5403608.0,False,30000.0,Pista,690.0,690.0,COMUM,SABADO,FIM DE SEMANA,CHUVA LEVE,AGOSTO,-305.0
1176,2023-08-26,2023,ALLIANZ PARQUE,ATEEZ,ARENAS E ESTADIOS,ESTADIO MULTIUSO,K-POP,75.0,5403608.0,False,30000.0,Cadeira Inferior,390.0,690.0,INTERMEDIARIO,SABADO,FIM DE SEMANA,CHUVA LEVE,AGOSTO,0.0
1177,2023-08-26,2023,ALLIANZ PARQUE,ATEEZ,ARENAS E ESTADIOS,ESTADIO MULTIUSO,K-POP,75.0,5403608.0,False,30000.0,PIT,990.0,690.0,ULTRA VIP,SABADO,FIM DE SEMANA,CHUVA LEVE,AGOSTO,0.0
1178,2022-10-16,2022,ESPACO UNIMED,AIR SUPPLY,MEDIAS CASAS,CASA DE SHOWS,SOFT ROCK,71.0,5350736.0,False,6000.0,Pista,590.0,765.0,COMUM,DOMINGO,FIM DE SEMANA,CHUVA MODERADA,OUTUBRO,-349.0
1179,2022-10-16,2022,ESPACO UNIMED,AIR SUPPLY,MEDIAS CASAS,CASA DE SHOWS,SOFT ROCK,71.0,5350736.0,False,6000.0,Pista Premium,940.0,765.0,VIP,DOMINGO,FIM DE SEMANA,CHUVA MODERADA,OUTUBRO,0.0
1180,2024-04-21,2024,ESPACO UNIMED,AIR SUPPLY,MEDIAS CASAS,CASA DE SHOWS,SOFT ROCK,71.0,5350736.0,False,7500.0,Pista,380.0,695.0,COMUM,DOMINGO,FIM DE SEMANA,NUBLADO,ABRIL,553.0
1181,2024-04-21,2024,ESPACO UNIMED,AIR SUPPLY,MEDIAS CASAS,CASA DE SHOWS,SOFT ROCK,71.0,5350736.0,False,7500.0,Pista Premium,680.0,695.0,VIP,DOMINGO,FIM DE SEMANA,NUBLADO,ABRIL,0.0
1182,2024-04-21,2024,ESPACO UNIMED,AIR SUPPLY,MEDIAS CASAS,CASA DE SHOWS,SOFT ROCK,71.0,5350736.0,False,7500.0,Camarote,920.0,695.0,LUXO,DOMINGO,FIM DE SEMANA,NUBLADO,ABRIL,0.0
1183,2024-04-21,2024,ESPACO UNIMED,AIR SUPPLY,MEDIAS CASAS,CASA DE SHOWS,SOFT ROCK,71.0,5350736.0,False,7500.0,Mezanino ,800.0,695.0,INTERMEDIARIO,DOMINGO,FIM DE SEMANA,NUBLADO,ABRIL,0.0
1184,2023-09-09,2023,AUTODROMO DE INTERLAGOS,MC DON JUAN,ARENAS E ESTADIOS,AREA EXTERNA PARA EVENTOS,BRAZILIAN FUNK,74.0,5289959.0,THE TOWN,100000.0,Pista,815.0,815.0,COMUM,SABADO,FIM DE SEMANA,CHUVISCO LEVE,SETEMBRO,-806.0
1185,2023-09-09,2023,AUTODROMO DE INTERLAGOS,MC DON JUAN,ARENAS E ESTADIOS,AREA EXTERNA PARA EVENTOS,BRAZILIAN FUNK,74.0,5289959.0,THE TOWN,100000.0,Pista,815.0,815.0,COMUM,SABADO,FIM DE SEMANA,CHUVISCO LEVE,SETEMBRO,0.0
1186,2024-06-09,2024,ALLIANZ PARQUE,MC DON JUAN,ARENAS E ESTADIOS,ESTADIO MULTIUSO,BRAZILIAN FUNK,74.0,5289959.0,False,21188.0,Pista,250.0,464.0,COMUM,DOMINGO,FIM DE SEMANA,NUBLADO,JUNHO,274.0
1187,2024-06-09,2024,ALLIANZ PARQUE,MC DON JUAN,ARENAS E ESTADIOS,ESTADIO MULTIUSO,BRAZILIAN FUNK,74.0,5289959.0,False,21188.0,Pista Premium,490.0,464.0,VIP,DOMINGO,FIM DE SEMANA,NUBLADO,JUNHO,0.0
1188,2024-06-09,2024,ALLIANZ PARQUE,MC DON JUAN,ARENAS E ESTADIOS,ESTADIO MULTIUSO,BRAZILIAN FUNK,74.0,5289959.0,False,21188.0,Cadeira Inferior,290.0,464.0,INTERMEDIARIO,DOMINGO,FIM DE SEMANA,NUBLADO,JUNHO,0.0
1189,2024-06-09,2024,ALLIANZ PARQUE,MC DON JUAN,ARENAS E ESTADIOS,ESTADIO MULTIUSO,BRAZILIAN FUNK,74.0,5289959.0,False,21188.0,Cadeira Superior,100.0,464.0,INTERMEDIARIO,DOMINGO,FIM DE SEMANA,NUBLADO,JUNHO,0.0
1190,2024-06-09,2024,ALLIANZ PARQUE,MC DON JUAN,ARENAS E ESTADIOS,ESTADIO MULTIUSO,BRAZILIAN FUNK,74.0,5289959.0,False,21188.0,VIP I,1190.0,464.0,VIP,DOMINGO,FIM DE SEMANA,NUBLADO,JUNHO,0.0
1191,2024-06-09,2024,ALLIANZ PARQUE,MC DON JUAN,ARENAS E ESTADIOS,ESTADIO MULTIUSO,BRAZILIAN FUNK,74.0,5289959.0,False,21188.0,Pista,250.0,464.0,COMUM,DOMINGO,FIM DE SEMANA,NUBLADO,JUNHO,0.0
1192,2022-12-23,2022,ESPACO UNIMED,MC DON JUAN,MEDIAS CASAS,CASA DE SHOWS,BRAZILIAN FUNK,74.0,5289959.0,False,7800.0,Pista,380.0,386.0,COMUM,SEXTA-FEIRA,DIA UTIL,CHUVISCO INTENSO,DEZEMBRO,-534.0
1193,2022-12-23,2022,ESPACO UNIMED,MC DON JUAN,MEDIAS CASAS,CASA DE SHOWS,BRAZILIAN FUNK,74.0,5289959.0,False,7800.0,Cadeira Inferior,260.0,386.0,INTERMEDIARIO,SEXTA-FEIRA,DIA UTIL,CHUVISCO INTENSO,DEZEMBRO,0.0
1194,2022-12-23,2022,ESPACO UNIMED,MC DON JUAN,MEDIAS CASAS,CASA DE SHOWS,BRAZILIAN FUNK,74.0,5289959.0,False,7800.0,Cadeira Superior,260.0,386.0,INTERMEDIARIO,SEXTA-FEIRA,DIA UTIL,CHUVISCO INTENSO,DEZEMBRO,0.0
1195,2022-12-23,2022,ESPACO UNIMED,MC DON JUAN,MEDIAS CASAS,CASA DE SHOWS,BRAZILIAN FUNK,74.0,5289959.0,False,7800.0,Open Bar,580.0,386.0,VIP,SEXTA-FEIRA,DIA UTIL,CHUVISCO INTENSO,DEZEMBRO,0.0
1196,2022-12-23,2022,ESPACO UNIMED,MC DON JUAN,MEDIAS CASAS,CASA DE SHOWS,BRAZILIAN FUNK,74.0,5289959.0,False,7800.0,Frontstage,450.0,386.0,VIP,SEXTA-FEIRA,DIA UTIL,CHUVISCO INTENSO,DEZEMBRO,0.0
1197,2022-12-23,2022,ESPACO UNIMED,MC DON JUAN,MEDIAS CASAS,CASA DE SHOWS,BRAZILIAN FUNK,74.0,5289959.0,False,7800.0,Pista,380.0,386.0,COMUM,SEXTA-FEIRA,DIA UTIL,CHUVISCO INTENSO,DEZEMBRO,0.0
1198,2023-12-07,2023,ALLIANZ PARQUE,PAUL MCCARTNEY,ARENAS E ESTADIOS,ESTADIO MULTIUSO,ROCK,72.0,5262364.0,False,49742.0,Pista,650.0,745.0,COMUM,QUINTA-FEIRA,DIA UTIL,CHUVA FORTE,DEZEMBRO,-107.0
1199,2023-12-07,2023,ALLIANZ PARQUE,PAUL MCCARTNEY,ARENAS E ESTADIOS,ESTADIO MULTIUSO,ROCK,72.0,5262364.0,False,49742.0,Pista Premium,990.0,745.0,VIP,QUINTA-FEIRA,DIA UTIL,CHUVA FORTE,DEZEMBRO,0.0
1200,2023-12-07,2023,ALLIANZ PARQUE,PAUL MCCARTNEY,ARENAS E ESTADIOS,ESTADIO MULTIUSO,ROCK,72.0,5262364.0,False,49742.0,Cadeira Inferior,890.0,745.0,INTERMEDIARIO,QUINTA-FEIRA,DIA UTIL,CHUVA FORTE,DEZEMBRO,0.0
1201,2023-12-07,2023,ALLIANZ PARQUE,PAUL MCCARTNEY,ARENAS E ESTADIOS,ESTADIO MULTIUSO,ROCK,72.0,5262364.0,False,49742.0,Cadeira Superior,450.0,745.0,INTERMEDIARIO,QUINTA-FEIRA,DIA UTIL,CHUVA FORTE,DEZEMBRO,0.0
1202,2023-12-07,2023,ALLIANZ PARQUE,PAUL MCCARTNEY,ARENAS E ESTADIOS,ESTADIO MULTIUSO,ROCK,72.0,5262364.0,False,49742.0,Pista,650.0,745.0,COMUM,QUINTA-FEIRA,DIA UTIL,CHUVA FORTE,DEZEMBRO,0.0
1203,2023-12-09,2023,ALLIANZ PARQUE,PAUL MCCARTNEY,ARENAS E ESTADIOS,ESTADIO MULTIUSO,ROCK,72.0,5262364.0,False,49742.0,Pista,650.0,745.0,COMUM,SABADO,FIM DE SEMANA,CHUVISCO LEVE,DEZEMBRO,2.0
1204,2023-12-09,2023,ALLIANZ PARQUE,PAUL MCCARTNEY,ARENAS E ESTADIOS,ESTADIO MULTIUSO,ROCK,72.0,5262364.0,False,49742.0,Pista Premium,990.0,745.0,VIP,SABADO,FIM DE SEMANA,CHUVISCO LEVE,DEZEMBRO,0.0
1205,2023-12-09,2023,ALLIANZ PARQUE,PAUL MCCARTNEY,ARENAS E ESTADIOS,ESTADIO MULTIUSO,ROCK,72.0,5262364.0,False,49742.0,Cadeira Inferior,890.0,745.0,INTERMEDIARIO,SABADO,FIM DE SEMANA,CHUVISCO LEVE,DEZEMBRO,0.0
1206,2023-12-09,2023,ALLIANZ PARQUE,PAUL MCCARTNEY,ARENAS E ESTADIOS,ESTADIO MULTIUSO,ROCK,72.0,5262364.0,False,49742.0,Cadeira Superior,450.0,745.0,INTERMEDIARIO,SABADO,FIM DE SEMANA,CHUVISCO LEVE,DEZEMBRO,0.0
1207,2023-12-09,2023,ALLIANZ PARQUE,PAUL MCCARTNEY,ARENAS E ESTADIOS,ESTADIO MULTIUSO,ROCK,72.0,5262364.0,False,49742.0,Pista,650.0,745.0,COMUM,SABADO,FIM DE SEMANA,CHUVISCO LEVE,DEZEMBRO,0.0
1208,2023-12-10,2023,ALLIANZ PARQUE,PAUL MCCARTNEY,ARENAS E ESTADIOS,ESTADIO MULTIUSO,ROCK,72.0,5262364.0,False,49742.0,Pista,650.0,745.0,COMUM,DOMINGO,FIM DE SEMANA,CHUVISCO LEVE,DEZEMBRO,1.0
1209,2023-12-10,2023,ALLIANZ PARQUE,PAUL MCCARTNEY,ARENAS E ESTADIOS,ESTADIO MULTIUSO,ROCK,72.0,5262364.0,False,49742.0,Pista Premium,990.0,745.0,VIP,DOMINGO,FIM DE SEMANA,CHUVISCO LEVE,DEZEMBRO,0.0
1210,2023-12-10,2023,ALLIANZ PARQUE,PAUL MCCARTNEY,ARENAS E ESTADIOS,ESTADIO MULTIUSO,ROCK,72.0,5262364.0,False,49742.0,Cadeira Inferior,890.0,745.0,INTERMEDIARIO,DOMINGO,FIM DE SEMANA,CHUVISCO LEVE,DEZEMBRO,0.0
1211,2023-12-10,2023,ALLIANZ PARQUE,PAUL MCCARTNEY,ARENAS E ESTADIOS,ESTADIO MULTIUSO,ROCK,72.0,5262364.0,False,49742.0,Cadeira Superior,450.0,745.0,INTERMEDIARIO,DOMINGO,FIM DE SEMANA,CHUVISCO LEVE,DEZEMBRO,0.0
1212,2023-12-10,2023,ALLIANZ PARQUE,PAUL MCCARTNEY,ARENAS E ESTADIOS,ESTADIO MULTIUSO,ROCK,72.0,5262364.0,False,49742.0,Pista,650.0,745.0,COMUM,DOMINGO,FIM DE SEMANA,CHUVISCO LEVE,DEZEMBRO,0.0
1213,2024-10-15,2024,ALLIANZ PARQUE,PAUL MCCARTNEY,ARENAS E ESTADIOS,ESTADIO MULTIUSO,ROCK,72.0,5262364.0,False,49071.0,Pista,650.0,745.0,COMUM,TERCA-FEIRA,DIA UTIL,NUBLADO,OUTUBRO,310.0
1214,2024-10-15,2024,ALLIANZ PARQUE,PAUL MCCARTNEY,ARENAS E ESTADIOS,ESTADIO MULTIUSO,ROCK,72.0,5262364.0,False,49071.0,Pista Premium,990.0,745.0,VIP,TERCA-FEIRA,DIA UTIL,NUBLADO,OUTUBRO,0.0
1215,2024-10-15,2024,ALLIANZ PARQUE,PAUL MCCARTNEY,ARENAS E ESTADIOS,ESTADIO MULTIUSO,ROCK,72.0,5262364.0,False,49071.0,Cadeira Inferior,890.0,745.0,INTERMEDIARIO,TERCA-FEIRA,DIA UTIL,NUBLADO,OUTUBRO,0.0
1216,2024-10-15,2024,ALLIANZ PARQUE,PAUL MCCARTNEY,ARENAS E ESTADIOS,ESTADIO MULTIUSO,ROCK,72.0,5262364.0,False,49071.0,Cadeira Superior,450.0,745.0,INTERMEDIARIO,TERCA-FEIRA,DIA UTIL,NUBLADO,OUTUBRO,0.0
1217,2024-10-15,2024,ALLIANZ PARQUE,PAUL MCCARTNEY,ARENAS E ESTADIOS,ESTADIO MULTIUSO,ROCK,72.0,5262364.0,False,49071.0,Pista,650.0,745.0,COMUM,TERCA-FEIRA,DIA UTIL,NUBLADO,OUTUBRO,0.0
1218,2024-10-16,2024,ALLIANZ PARQUE,PAUL MCCARTNEY,ARENAS E ESTADIOS,ESTADIO MULTIUSO,ROCK,72.0,5262364.0,False,49070.0,Pista,650.0,745.0,COMUM,QUARTA-FEIRA,DIA UTIL,CHUVA LEVE,OUTUBRO,1.0
1219,2024-10-16,2024,ALLIANZ PARQUE,PAUL MCCARTNEY,ARENAS E ESTADIOS,ESTADIO MULTIUSO,ROCK,72.0,5262364.0,False,49070.0,Pista Premium,990.0,745.0,VIP,QUARTA-FEIRA,DIA UTIL,CHUVA LEVE,OUTUBRO,0.0
1220,2024-10-16,2024,ALLIANZ PARQUE,PAUL MCCARTNEY,ARENAS E ESTADIOS,ESTADIO MULTIUSO,ROCK,72.0,5262364.0,False,49070.0,Cadeira Inferior,890.0,745.0,INTERMEDIARIO,QUARTA-FEIRA,DIA UTIL,CHUVA LEVE,OUTUBRO,0.0
1221,2024-10-16,2024,ALLIANZ PARQUE,PAUL MCCARTNEY,ARENAS E ESTADIOS,ESTADIO MULTIUSO,ROCK,72.0,5262364.0,False,49070.0,Cadeira Superior,450.0,745.0,INTERMEDIARIO,QUARTA-FEIRA,DIA UTIL,CHUVA LEVE,OUTUBRO,0.0
1222,2024-10-16,2024,ALLIANZ PARQUE,PAUL MCCARTNEY,ARENAS E ESTADIOS,ESTADIO MULTIUSO,ROCK,72.0,5262364.0,False,49070.0,Pista,650.0,745.0,COMUM,QUARTA-FEIRA,DIA UTIL,CHUVA LEVE,OUTUBRO,0.0
1223,2023-12-03,2023,AUTODROMO DE INTERLAGOS,CARLY RAE JEPSEN,ARENAS E ESTADIOS,AREA EXTERNA PARA EVENTOS,POP,71.0,5150220.0,False,50000.0,Pista,990.0,1495.0,COMUM,DOMINGO,FIM DE SEMANA,NUBLADO,DEZEMBRO,92.0
1224,2023-12-03,2023,AUTODROMO DE INTERLAGOS,CARLY RAE JEPSEN,ARENAS E ESTADIOS,AREA EXTERNA PARA EVENTOS,POP,71.0,5150220.0,False,50000.0,Pista Premium,2000.0,1495.0,VIP,DOMINGO,FIM DE SEMANA,NUBLADO,DEZEMBRO,0.0
1225,2022-12-10,2022,ALLIANZ PARQUE,ZEZE DI CAMARGO & LUCIANO,ARENAS E ESTADIOS,ESTADIO MULTIUSO,SERTANEJO TRADICIONAL,74.0,5073206.0,False,45000.0,Pista,421.0,4533.666666666667,COMUM,SABADO,FIM DE SEMANA,NUBLADO,DEZEMBRO,999.0
1226,2022-12-10,2022,ALLIANZ PARQUE,ZEZE DI CAMARGO & LUCIANO,ARENAS E ESTADIOS,ESTADIO MULTIUSO,SERTANEJO TRADICIONAL,74.0,5073206.0,False,45000.0,Cadeira Inferior,180.0,4533.666666666667,INTERMEDIARIO,SABADO,FIM DE SEMANA,NUBLADO,DEZEMBRO,0.0
1227,2022-12-10,2022,ALLIANZ PARQUE,ZEZE DI CAMARGO & LUCIANO,ARENAS E ESTADIOS,ESTADIO MULTIUSO,SERTANEJO TRADICIONAL,74.0,5073206.0,False,45000.0,Mesa,13000.0,4533.666666666667,LUXO,SABADO,FIM DE SEMANA,NUBLADO,DEZEMBRO,0.0
1228,2025-08-23,2025,ALLIANZ PARQUE,ZEZE DI CAMARGO & LUCIANO,ARENAS E ESTADIOS,ESTADIO MULTIUSO,SERTANEJO TRADICIONAL,74.0,5073206.0,False,45000.0,Pista Premium,160.0,180.0,VIP,SABADO,FIM DE SEMANA,NUBLADO,AGOSTO,987.0
1229,2025-08-23,2025,ALLIANZ PARQUE,ZEZE DI CAMARGO & LUCIANO,ARENAS E ESTADIOS,ESTADIO MULTIUSO,SERTANEJO TRADICIONAL,74.0,5073206.0,False,45000.0,Camarote,200.0,180.0,LUXO,SABADO,FIM DE SEMANA,NUBLADO,AGOSTO,0.0
1230,2023-08-04,2023,ESPACO UNIMED,ZEZE DI CAMARGO & LUCIANO,MEDIAS CASAS,CASA DE SHOWS,SERTANEJO TRADICIONAL,74.0,5073206.0,False,7600.0,Pista,220.0,360.0,COMUM,SEXTA-FEIRA,DIA UTIL,NUBLADO,AGOSTO,-750.0
1231,2023-08-04,2023,ESPACO UNIMED,ZEZE DI CAMARGO & LUCIANO,MEDIAS CASAS,CASA DE SHOWS,SERTANEJO TRADICIONAL,74.0,5073206.0,False,7600.0,Pista Premium,380.0,360.0,VIP,SEXTA-FEIRA,DIA UTIL,NUBLADO,AGOSTO,0.0
1232,2023-08-04,2023,ESPACO UNIMED,ZEZE DI CAMARGO & LUCIANO,MEDIAS CASAS,CASA DE SHOWS,SERTANEJO TRADICIONAL,74.0,5073206.0,False,7600.0,Camarote,500.0,360.0,LUXO,SEXTA-FEIRA,DIA UTIL,NUBLADO,AGOSTO,0.0
1233,2023-08-04,2023,ESPACO UNIMED,ZEZE DI CAMARGO & LUCIANO,MEDIAS CASAS,CASA DE SHOWS,SERTANEJO TRADICIONAL,74.0,5073206.0,False,7600.0,Cadeira Inferior,340.0,360.0,INTERMEDIARIO,SEXTA-FEIRA,DIA UTIL,NUBLADO,AGOSTO,0.0
1234,2024-06-12,2024,ESPACO UNIMED,ZEZE DI CAMARGO & LUCIANO,MEDIAS CASAS,CASA DE SHOWS,SERTANEJO TRADICIONAL,74.0,5073206.0,False,7000.0,Pista,340.0,350.0,COMUM,QUARTA-FEIRA,DIA UTIL,CEU LIMPO,JUNHO,313.0
1235,2024-06-12,2024,ESPACO UNIMED,ZEZE DI CAMARGO & LUCIANO,MEDIAS CASAS,CASA DE SHOWS,SERTANEJO TRADICIONAL,74.0,5073206.0,False,7000.0,Pista Premium,380.0,350.0,VIP,QUARTA-FEIRA,DIA UTIL,CEU LIMPO,JUNHO,0.0
1236,2024-06-12,2024,ESPACO UNIMED,ZEZE DI CAMARGO & LUCIANO,MEDIAS CASAS,CASA DE SHOWS,SERTANEJO TRADICIONAL,74.0,5073206.0,False,7000.0,Camarote,500.0,350.0,LUXO,QUARTA-FEIRA,DIA UTIL,CEU LIMPO,JUNHO,0.0
1237,2024-06-12,2024,ESPACO UNIMED,ZEZE DI CAMARGO & LUCIANO,MEDIAS CASAS,CASA DE SHOWS,SERTANEJO TRADICIONAL,74.0,5073206.0,False,7000.0,Cadeira Inferior,220.0,350.0,INTERMEDIARIO,QUARTA-FEIRA,DIA UTIL,CEU LIMPO,JUNHO,0.0
1238,2024-06-12,2024,ESPACO UNIMED,ZEZE DI CAMARGO & LUCIANO,MEDIAS CASAS,CASA DE SHOWS,SERTANEJO TRADICIONAL,74.0,5073206.0,False,7000.0,Cadeira Superior,180.0,350.0,INTERMEDIARIO,QUARTA-FEIRA,DIA UTIL,CEU LIMPO,JUNHO,0.0
1239,2024-06-12,2024,ESPACO UNIMED,ZEZE DI CAMARGO & LUCIANO,MEDIAS CASAS,CASA DE SHOWS,SERTANEJO TRADICIONAL,74.0,5073206.0,False,7000.0,Cadeira,480.0,350.0,INTERMEDIARIO,QUARTA-FEIRA,DIA UTIL,CEU LIMPO,JUNHO,0.0
1240,2025-03-29,2025,AUTODROMO DE INTERLAGOS,WAVE TO EARTH,ARENAS E ESTADIOS,AREA EXTERNA PARA EVENTOS,0,72.0,4962113.0,LOLLAPALOOZA,80000.0,Lolla Pista,1050.0,1678.1666666666667,COMUM,SABADO,FIM DE SEMANA,CHUVISCO INTENSO,MARÇO,849.0
1241,2025-03-29,2025,AUTODROMO DE INTERLAGOS,WAVE TO EARTH,ARENAS E ESTADIOS,AREA EXTERNA PARA EVENTOS,0,72.0,4962113.0,LOLLAPALOOZA,80000.0,Lolla Lounge,2310.0,1678.1666666666667,LUXO,SABADO,FIM DE SEMANA,CHUVISCO INTENSO,MARÇO,0.0
1242,2025-03-29,2025,AUTODROMO DE INTERLAGOS,WAVE TO EARTH,ARENAS E ESTADIOS,AREA EXTERNA PARA EVENTOS,0,72.0,4962113.0,LOLLAPALOOZA,80000.0,Lolla Confort,1674.5,1678.1666666666667,VIP,SABADO,FIM DE SEMANA,CHUVISCO INTENSO,MARÇO,0.0
1243,2023-03-26,2023,AUTODROMO DE INTERLAGOS,L7NNON,ARENAS E ESTADIOS,AREA EXTERNA PARA EVENTOS,BRAZILIAN TRAP,71.0,4843611.0,LOLLAPALOOZA,100750.0,Lolla Pista,1100.0,1706.6666666666667,COMUM,DOMINGO,FIM DE SEMANA,CHUVISCO MODERADO,MARÇO,-859.0
1244,2023-03-26,2023,AUTODROMO DE INTERLAGOS,L7NNON,ARENAS E ESTADIOS,AREA EXTERNA PARA EVENTOS,BRAZILIAN TRAP,71.0,4843611.0,LOLLAPALOOZA,100750.0,Lolla Lounge,2250.0,1706.6666666666667,LUXO,DOMINGO,FIM DE SEMANA,CHUVISCO MODERADO,MARÇO,0.0
1245,2023-03-26,2023,AUTODROMO DE INTERLAGOS,L7NNON,ARENAS E ESTADIOS,AREA EXTERNA PARA EVENTOS,BRAZILIAN TRAP,71.0,4843611.0,LOLLAPALOOZA,100750.0,Lolla Confort,1770.0,1706.6666666666667,VIP,DOMINGO,FIM DE SEMANA,CHUVISCO MODERADO,MARÇO,0.0
1246,2023-03-26,2023,AUTODROMO DE INTERLAGOS,L7NNON,ARENAS E ESTADIOS,AREA EXTERNA PARA EVENTOS,BRAZILIAN TRAP,71.0,4843611.0,LOLLAPALOOZA,100750.0,Lolla Pista,1100.0,1706.6666666666667,COMUM,DOMINGO,FIM DE SEMANA,CHUVISCO MODERADO,MARÇO,0.0
1247,2022-11-05,2022,DISTRITO ANHEMBI,L7NNON,GRANDES CASAS,AREA EXTERNA PARA EVENTOS,BRAZILIAN TRAP,71.0,4843611.0,PRIMAVERA SOUND,45000.0,Pista,560.0,733.3333333333334,COMUM,SABADO,FIM DE SEMANA,CHUVISCO LEVE,NOVEMBRO,-141.0
1248,2022-11-05,2022,DISTRITO ANHEMBI,L7NNON,GRANDES CASAS,AREA EXTERNA PARA EVENTOS,BRAZILIAN TRAP,71.0,4843611.0,PRIMAVERA SOUND,45000.0,Pista Premium,890.0,733.3333333333334,VIP,SABADO,FIM DE SEMANA,CHUVISCO LEVE,NOVEMBRO,0.0
1249,2022-11-05,2022,DISTRITO ANHEMBI,L7NNON,GRANDES CASAS,AREA EXTERNA PARA EVENTOS,BRAZILIAN TRAP,71.0,4843611.0,PRIMAVERA SOUND,45000.0,Cadeira Inferior,750.0,733.3333333333334,INTERMEDIARIO,SABADO,FIM DE SEMANA,CHUVISCO LEVE,NOVEMBRO,0.0
1250,2022-11-05,2022,DISTRITO ANHEMBI,L7NNON,GRANDES CASAS,AREA EXTERNA PARA EVENTOS,BRAZILIAN TRAP,71.0,4843611.0,PRIMAVERA SOUND,45000.0,Pista,560.0,733.3333333333334,COMUM,SABADO,FIM DE SEMANA,CHUVISCO LEVE,NOVEMBRO,0.0
1251,2024-03-21,2024,TERRA SP,RADWIMPS,MEDIAS CASAS,CASA DE SHOWS,ANIME,74.0,4827200.0,False,3900.0,Pista,650.0,650.0,COMUM,QUINTA-FEIRA,DIA UTIL,CHUVA MODERADA,MARÇO,999.0
1252,2024-03-21,2024,TERRA SP,RADWIMPS,MEDIAS CASAS,CASA DE SHOWS,ANIME,74.0,4827200.0,False,3900.0,Mezanino ,650.0,650.0,INTERMEDIARIO,QUINTA-FEIRA,DIA UTIL,CHUVA MODERADA,MARÇO,0.0
1253,2024-03-24,2024,ESPACO UNIMED,WESTLIFE,MEDIAS CASAS,CASA DE SHOWS,ALTERNATIVE ROCK,71.0,4810001.0,False,7700.0,Pista,480.0,672.5,COMUM,DOMINGO,FIM DE SEMANA,CHUVA LEVE,MARÇO,562.0
1254,2024-03-24,2024,ESPACO UNIMED,WESTLIFE,MEDIAS CASAS,CASA DE SHOWS,ALTERNATIVE ROCK,71.0,4810001.0,False,7700.0,Pista Premium,720.0,672.5,VIP,DOMINGO,FIM DE SEMANA,CHUVA LEVE,MARÇO,0.0
1255,2024-03-24,2024,ESPACO UNIMED,WESTLIFE,MEDIAS CASAS,CASA DE SHOWS,ALTERNATIVE ROCK,71.0,4810001.0,False,7700.0,Camarote,740.0,672.5,LUXO,DOMINGO,FIM DE SEMANA,CHUVA LEVE,MARÇO,0.0
1256,2024-03-24,2024,ESPACO UNIMED,WESTLIFE,MEDIAS CASAS,CASA DE SHOWS,ALTERNATIVE ROCK,71.0,4810001.0,False,7700.0,Mezanino ,750.0,672.5,INTERMEDIARIO,DOMINGO,FIM DE SEMANA,CHUVA LEVE,MARÇO,0.0
1257,2023-09-10,2023,AUTODROMO DE INTERLAGOS,IZA,ARENAS E ESTADIOS,AREA EXTERNA PARA EVENTOS,BRAZILIAN POP,61.0,4755237.0,THE TOWN,100000.0,Pista,815.0,815.0,COMUM,DOMINGO,FIM DE SEMANA,NUBLADO,SETEMBRO,-768.0
1258,2023-09-10,2023,AUTODROMO DE INTERLAGOS,IZA,ARENAS E ESTADIOS,AREA EXTERNA PARA EVENTOS,BRAZILIAN POP,61.0,4755237.0,THE TOWN,100000.0,Pista,815.0,815.0,COMUM,DOMINGO,FIM DE SEMANA,NUBLADO,SETEMBRO,0.0
1259,2025-09-14,2025,AUTODROMO DE INTERLAGOS,IZA,ARENAS E ESTADIOS,AREA EXTERNA PARA EVENTOS,BRAZILIAN POP,61.0,4755237.0,THE TOWN,82000.0,Pista,975.0,975.0,COMUM,DOMINGO,FIM DE SEMANA,NUBLADO,SETEMBRO,735.0
1260,2025-09-14,2025,AUTODROMO DE INTERLAGOS,IZA,ARENAS E ESTADIOS,AREA EXTERNA PARA EVENTOS,BRAZILIAN POP,61.0,4755237.0,THE TOWN,82000.0,Pista,975.0,975.0,COMUM,DOMINGO,FIM DE SEMANA,NUBLADO,SETEMBRO,0.0
1261,2023-11-05,2023,ALLIANZ PARQUE,IZA,ARENAS E ESTADIOS,ESTADIO MULTIUSO,BRAZILIAN POP,61.0,4755237.0,False,40000.0,Pista,820.0,820.0,COMUM,DOMINGO,FIM DE SEMANA,NUBLADO,NOVEMBRO,-679.0
1262,2023-11-05,2023,ALLIANZ PARQUE,IZA,ARENAS E ESTADIOS,ESTADIO MULTIUSO,BRAZILIAN POP,61.0,4755237.0,False,40000.0,Pista,820.0,820.0,COMUM,DOMINGO,FIM DE SEMANA,NUBLADO,NOVEMBRO,0.0
1263,2022-05-14,2022,MEMORIAL DA AMERICA LATINA,IZA,GRANDES CASAS,AREA EXTERNA PARA EVENTOS,BRAZILIAN POP,61.0,4755237.0,False,12000.0,Pista,250.0,250.0,COMUM,SABADO,FIM DE SEMANA,NUBLADO,MAIO,-540.0
1264,2022-05-14,2022,MEMORIAL DA AMERICA LATINA,IZA,GRANDES CASAS,AREA EXTERNA PARA EVENTOS,BRAZILIAN POP,61.0,4755237.0,False,12000.0,Pista,250.0,250.0,COMUM,SABADO,FIM DE SEMANA,NUBLADO,MAIO,0.0
1265,2022-12-04,2022,MEMORIAL DA AMERICA LATINA,IZA,GRANDES CASAS,AREA EXTERNA PARA EVENTOS,BRAZILIAN POP,61.0,4755237.0,False,10000.0,Pista,250.0,250.0,COMUM,DOMINGO,FIM DE SEMANA,CHUVA FORTE,DEZEMBRO,204.0
1266,2022-12-04,2022,MEMORIAL DA AMERICA LATINA,IZA,GRANDES CASAS,AREA EXTERNA PARA EVENTOS,BRAZILIAN POP,61.0,4755237.0,False,10000.0,Pista,250.0,250.0,COMUM,DOMINGO,FIM DE SEMANA,CHUVA FORTE,DEZEMBRO,0.0
1267,2023-03-26,2023,AUTODROMO DE INTERLAGOS,AURORA,ARENAS E ESTADIOS,AREA EXTERNA PARA EVENTOS,NORWEGIAN POP,74.0,4732259.0,LOLLAPALOOZA,100750.0,Lolla Pista,1100.0,1706.6666666666667,COMUM,DOMINGO,FIM DE SEMANA,CHUVISCO MODERADO,MARÇO,999.0
1268,2023-03-26,2023,AUTODROMO DE INTERLAGOS,AURORA,ARENAS E ESTADIOS,AREA EXTERNA PARA EVENTOS,NORWEGIAN POP,74.0,4732259.0,LOLLAPALOOZA,100750.0,Lolla Lounge,2250.0,1706.6666666666667,LUXO,DOMINGO,FIM DE SEMANA,CHUVISCO MODERADO,MARÇO,0.0
1269,2023-03-26,2023,AUTODROMO DE INTERLAGOS,AURORA,ARENAS E ESTADIOS,AREA EXTERNA PARA EVENTOS,NORWEGIAN POP,74.0,4732259.0,LOLLAPALOOZA,100750.0,Lolla Confort,1770.0,1706.6666666666667,VIP,DOMINGO,FIM DE SEMANA,CHUVISCO MODERADO,MARÇO,0.0
1270,2023-03-26,2023,AUTODROMO DE INTERLAGOS,AURORA,ARENAS E ESTADIOS,AREA EXTERNA PARA EVENTOS,NORWEGIAN POP,74.0,4732259.0,LOLLAPALOOZA,100750.0,Lolla Pista,1100.0,1706.6666666666667,COMUM,DOMINGO,FIM DE SEMANA,CHUVISCO MODERADO,MARÇO,0.0
1271,2023-09-02,2023,AUTODROMO DE INTERLAGOS,TETO,ARENAS E ESTADIOS,AREA EXTERNA PARA EVENTOS,BRAZILIAN TRAP,71.0,4665483.0,THE TOWN,100000.0,Pista,815.0,815.0,COMUM,SABADO,FIM DE SEMANA,CHUVA LEVE,SETEMBRO,301.0
1272,2025-09-06,2025,AUTODROMO DE INTERLAGOS,TETO,ARENAS E ESTADIOS,AREA EXTERNA PARA EVENTOS,BRAZILIAN TRAP,71.0,4665483.0,THE TOWN,100000.0,Pista,975.0,975.0,COMUM,SABADO,FIM DE SEMANA,CHUVISCO LEVE,SETEMBRO,735.0
1273,2024-01-25,2024,MEMORIAL DA AMERICA LATINA,TETO,GRANDES CASAS,AREA EXTERNA PARA EVENTOS,BRAZILIAN TRAP,71.0,4665483.0,False,20000.0,Pista,280.0,480.0,COMUM,QUINTA-FEIRA,FERIADO MUNICIPAL,CHUVA MODERADA,JANEIRO,-590.0
1274,2024-01-25,2024,MEMORIAL DA AMERICA LATINA,TETO,GRANDES CASAS,AREA EXTERNA PARA EVENTOS,BRAZILIAN TRAP,71.0,4665483.0,False,20000.0,Open Bar,680.0,480.0,VIP,QUINTA-FEIRA,FERIADO MUNICIPAL,CHUVA MODERADA,JANEIRO,0.0
1275,2023-05-06,2023,DISTRITO ANHEMBI,TETO,GRANDES CASAS,AREA EXTERNA PARA EVENTOS,BRAZILIAN TRAP,71.0,4665483.0,False,40000.0,Pista,200.0,250.0,COMUM,SABADO,FIM DE SEMANA,NUBLADO,MAIO,-264.0
1276,2023-05-06,2023,DISTRITO ANHEMBI,TETO,GRANDES CASAS,AREA EXTERNA PARA EVENTOS,BRAZILIAN TRAP,71.0,4665483.0,False,40000.0,Pista Premium,300.0,250.0,VIP,SABADO,FIM DE SEMANA,NUBLADO,MAIO,0.0
1277,2023-09-01,2023,ESPACO UNIMED,DILSINHO,MEDIAS CASAS,CASA DE SHOWS,PAGODE,70.0,4612534.0,False,7850.0,Pista,60.0,116.66666666666669,COMUM,SEXTA-FEIRA,DIA UTIL,NUBLADO,SETEMBRO,-440.0
1278,2023-09-01,2023,ESPACO UNIMED,DILSINHO,MEDIAS CASAS,CASA DE SHOWS,PAGODE,70.0,4612534.0,False,7850.0,Pista Premium,100.0,116.66666666666669,VIP,SEXTA-FEIRA,DIA UTIL,NUBLADO,SETEMBRO,0.0
1279,2023-09-01,2023,ESPACO UNIMED,DILSINHO,MEDIAS CASAS,CASA DE SHOWS,PAGODE,70.0,4612534.0,False,7850.0,Camarote,190.0,116.66666666666669,LUXO,SEXTA-FEIRA,DIA UTIL,NUBLADO,SETEMBRO,0.0
1280,2025-09-13,2025,AUTODROMO DE INTERLAGOS,LIONEL RICHIE,ARENAS E ESTADIOS,AREA EXTERNA PARA EVENTOS,MOTOWN,70.0,4553102.0,THE TOWN,78000.0,Pista,975.0,975.0,COMUM,SABADO,FIM DE SEMANA,NUBLADO,SETEMBRO,999.0
1281,2025-03-30,2025,AUTODROMO DE INTERLAGOS,TOOL,ARENAS E ESTADIOS,AREA EXTERNA PARA EVENTOS,PROGRESSIVE METAL,72.0,4552150.0,LOLLAPALOOZA,80000.0,Lolla Pista,1050.0,1678.1666666666667,COMUM,DOMINGO,FIM DE SEMANA,CHUVISCO LEVE,MARÇO,999.0
1282,2025-03-30,2025,AUTODROMO DE INTERLAGOS,TOOL,ARENAS E ESTADIOS,AREA EXTERNA PARA EVENTOS,PROGRESSIVE METAL,72.0,4552150.0,LOLLAPALOOZA,80000.0,Lolla Lounge,2310.0,1678.1666666666667,LUXO,DOMINGO,FIM DE SEMANA,CHUVISCO LEVE,MARÇO,0.0
1283,2025-03-30,2025,AUTODROMO DE INTERLAGOS,TOOL,ARENAS E ESTADIOS,AREA EXTERNA PARA EVENTOS,PROGRESSIVE METAL,72.0,4552150.0,LOLLAPALOOZA,80000.0,Lolla Confort,1674.5,1678.1666666666667,VIP,DOMINGO,FIM DE SEMANA,CHUVISCO LEVE,MARÇO,0.0
1284,2023-03-26,2023,AUTODROMO DE INTERLAGOS,ARMIN VAN BUUREN,ARENAS E ESTADIOS,AREA EXTERNA PARA EVENTOS,TRANCE,75.0,4545661.0,LOLLAPALOOZA,100750.0,Lolla Pista,1100.0,1706.6666666666667,COMUM,DOMINGO,FIM DE SEMANA,CHUVISCO MODERADO,MARÇO,999.0
1285,2023-03-26,2023,AUTODROMO DE INTERLAGOS,ARMIN VAN BUUREN,ARENAS E ESTADIOS,AREA EXTERNA PARA EVENTOS,TRANCE,75.0,4545661.0,LOLLAPALOOZA,100750.0,Lolla Lounge,2250.0,1706.6666666666667,LUXO,DOMINGO,FIM DE SEMANA,CHUVISCO MODERADO,MARÇO,0.0
1286,2023-03-26,2023,AUTODROMO DE INTERLAGOS,ARMIN VAN BUUREN,ARENAS E ESTADIOS,AREA EXTERNA PARA EVENTOS,TRANCE,75.0,4545661.0,LOLLAPALOOZA,100750.0,Lolla Confort,1770.0,1706.6666666666667,VIP,DOMINGO,FIM DE SEMANA,CHUVISCO MODERADO,MARÇO,0.0
1287,2025-04-19,2025,ALLIANZ PARQUE,JUDAS PRIEST,ARENAS E ESTADIOS,ESTADIO MULTIUSO,HEAVY METAL,66.0,4539719.0,MONSTERS OF ROCK,49000.0,Pista,680.0,1474.2857142857142,COMUM,SABADO,FIM DE SEMANA,CHUVA LEVE,ABRIL,958.0
1288,2025-04-19,2025,ALLIANZ PARQUE,JUDAS PRIEST,ARENAS E ESTADIOS,ESTADIO MULTIUSO,HEAVY METAL,66.0,4539719.0,MONSTERS OF ROCK,49000.0,Pista Premium,1180.0,1474.2857142857142,VIP,SABADO,FIM DE SEMANA,CHUVA LEVE,ABRIL,0.0
1289,2025-04-19,2025,ALLIANZ PARQUE,JUDAS PRIEST,ARENAS E ESTADIOS,ESTADIO MULTIUSO,HEAVY METAL,66.0,4539719.0,MONSTERS OF ROCK,49000.0,Cadeira Inferior,780.0,1474.2857142857142,INTERMEDIARIO,SABADO,FIM DE SEMANA,CHUVA LEVE,ABRIL,0.0
1290,2025-04-19,2025,ALLIANZ PARQUE,JUDAS PRIEST,ARENAS E ESTADIOS,ESTADIO MULTIUSO,HEAVY METAL,66.0,4539719.0,MONSTERS OF ROCK,49000.0,Cadeira Superior,480.0,1474.2857142857142,INTERMEDIARIO,SABADO,FIM DE SEMANA,CHUVA LEVE,ABRIL,0.0
1291,2025-04-19,2025,ALLIANZ PARQUE,JUDAS PRIEST,ARENAS E ESTADIOS,ESTADIO MULTIUSO,HEAVY METAL,66.0,4539719.0,MONSTERS OF ROCK,49000.0,Backstage,2800.0,1474.2857142857142,VIP,SABADO,FIM DE SEMANA,CHUVA LEVE,ABRIL,0.0
1292,2025-04-19,2025,ALLIANZ PARQUE,JUDAS PRIEST,ARENAS E ESTADIOS,ESTADIO MULTIUSO,HEAVY METAL,66.0,4539719.0,MONSTERS OF ROCK,49000.0,VIP I,2000.0,1474.2857142857142,VIP,SABADO,FIM DE SEMANA,CHUVA LEVE,ABRIL,0.0
1293,2025-04-19,2025,ALLIANZ PARQUE,JUDAS PRIEST,ARENAS E ESTADIOS,ESTADIO MULTIUSO,HEAVY METAL,66.0,4539719.0,MONSTERS OF ROCK,49000.0,VIP II,2400.0,1474.2857142857142,ULTRA VIP,SABADO,FIM DE SEMANA,CHUVA LEVE,ABRIL,0.0
1294,2022-12-18,2022,SAMBODROMO DO ANHEMBI,JUDAS PRIEST,ARENAS E ESTADIOS,AREA EXTERNA PARA EVENTOS,HEAVY METAL,66.0,4539719.0,False,45000.0,Pista,900.0,900.0,COMUM,DOMINGO,FIM DE SEMANA,CHUVISCO LEVE,DEZEMBRO,-853.0
1295,2022-12-15,2022,VIBRA SAO PAULO,JUDAS PRIEST,MEDIAS CASAS,TEATRO E CASA DE ESPETACULOS,HEAVY METAL,66.0,4539719.0,False,7000.0,Pista,390.0,485.0,COMUM,QUINTA-FEIRA,DIA UTIL,CHUVISCO LEVE,DEZEMBRO,-3.0
1296,2022-12-15,2022,VIBRA SAO PAULO,JUDAS PRIEST,MEDIAS CASAS,TEATRO E CASA DE ESPETACULOS,HEAVY METAL,66.0,4539719.0,False,7000.0,Pista Premium,690.0,485.0,VIP,QUINTA-FEIRA,DIA UTIL,CHUVISCO LEVE,DEZEMBRO,0.0
1297,2022-12-15,2022,VIBRA SAO PAULO,JUDAS PRIEST,MEDIAS CASAS,TEATRO E CASA DE ESPETACULOS,HEAVY METAL,66.0,4539719.0,False,7000.0,Camarote,600.0,485.0,LUXO,QUINTA-FEIRA,DIA UTIL,CHUVISCO LEVE,DEZEMBRO,0.0
1298,2022-12-15,2022,VIBRA SAO PAULO,JUDAS PRIEST,MEDIAS CASAS,TEATRO E CASA DE ESPETACULOS,HEAVY METAL,66.0,4539719.0,False,7000.0,Mezanino ,260.0,485.0,INTERMEDIARIO,QUINTA-FEIRA,DIA UTIL,CHUVISCO LEVE,DEZEMBRO,0.0
1299,2025-04-20,2025,VIBRA SAO PAULO,JUDAS PRIEST,MEDIAS CASAS,TEATRO E CASA DE ESPETACULOS,HEAVY METAL,66.0,4539719.0,False,6500.0,Pista,680.0,1474.2857142857142,COMUM,DOMINGO,FIM DE SEMANA,CHUVISCO LEVE,ABRIL,857.0
1300,2025-04-20,2025,VIBRA SAO PAULO,JUDAS PRIEST,MEDIAS CASAS,TEATRO E CASA DE ESPETACULOS,HEAVY METAL,66.0,4539719.0,False,6500.0,Pista Premium,1180.0,1474.2857142857142,VIP,DOMINGO,FIM DE SEMANA,CHUVISCO LEVE,ABRIL,0.0
1301,2025-04-20,2025,VIBRA SAO PAULO,JUDAS PRIEST,MEDIAS CASAS,TEATRO E CASA DE ESPETACULOS,HEAVY METAL,66.0,4539719.0,False,6500.0,Cadeira Inferior,780.0,1474.2857142857142,INTERMEDIARIO,DOMINGO,FIM DE SEMANA,CHUVISCO LEVE,ABRIL,0.0
1302,2025-04-20,2025,VIBRA SAO PAULO,JUDAS PRIEST,MEDIAS CASAS,TEATRO E CASA DE ESPETACULOS,HEAVY METAL,66.0,4539719.0,False,6500.0,Cadeira Superior,480.0,1474.2857142857142,INTERMEDIARIO,DOMINGO,FIM DE SEMANA,CHUVISCO LEVE,ABRIL,0.0
1303,2025-04-20,2025,VIBRA SAO PAULO,JUDAS PRIEST,MEDIAS CASAS,TEATRO E CASA DE ESPETACULOS,HEAVY METAL,66.0,4539719.0,False,6500.0,Backstage,2800.0,1474.2857142857142,VIP,DOMINGO,FIM DE SEMANA,CHUVISCO LEVE,ABRIL,0.0
1304,2025-04-20,2025,VIBRA SAO PAULO,JUDAS PRIEST,MEDIAS CASAS,TEATRO E CASA DE ESPETACULOS,HEAVY METAL,66.0,4539719.0,False,6500.0,VIP I,2000.0,1474.2857142857142,VIP,DOMINGO,FIM DE SEMANA,CHUVISCO LEVE,ABRIL,0.0
1305,2025-04-20,2025,VIBRA SAO PAULO,JUDAS PRIEST,MEDIAS CASAS,TEATRO E CASA DE ESPETACULOS,HEAVY METAL,66.0,4539719.0,False,6500.0,VIP II,2400.0,1474.2857142857142,ULTRA VIP,DOMINGO,FIM DE SEMANA,CHUVISCO LEVE,ABRIL,0.0
1306,2023-03-24,2023,AUTODROMO DE INTERLAGOS,MOTHER MOTHER,ARENAS E ESTADIOS,AREA EXTERNA PARA EVENTOS,0,70.0,4505909.0,LOLLAPALOOZA,103350.0,Lolla Pista,1100.0,1706.6666666666667,COMUM,SEXTA-FEIRA,DIA UTIL,CHUVISCO LEVE,MARÇO,-736.0
1307,2023-03-24,2023,AUTODROMO DE INTERLAGOS,MOTHER MOTHER,ARENAS E ESTADIOS,AREA EXTERNA PARA EVENTOS,0,70.0,4505909.0,LOLLAPALOOZA,103350.0,Lolla Lounge,2250.0,1706.6666666666667,LUXO,SEXTA-FEIRA,DIA UTIL,CHUVISCO LEVE,MARÇO,0.0
1308,2023-03-24,2023,AUTODROMO DE INTERLAGOS,MOTHER MOTHER,ARENAS E ESTADIOS,AREA EXTERNA PARA EVENTOS,0,70.0,4505909.0,LOLLAPALOOZA,103350.0,Lolla Confort,1770.0,1706.6666666666667,VIP,SEXTA-FEIRA,DIA UTIL,CHUVISCO LEVE,MARÇO,0.0
1309,2024-10-23,2024,TOKIO MARINE HALL,MOTHER MOTHER,MEDIAS CASAS,CASA DE SHOWS,0,70.0,4505909.0,False,3900.0,Pista,420.0,486.0,COMUM,QUARTA-FEIRA,DIA UTIL,CHUVA MODERADA,OUTUBRO,579.0
1310,2024-10-23,2024,TOKIO MARINE HALL,MOTHER MOTHER,MEDIAS CASAS,CASA DE SHOWS,0,70.0,4505909.0,False,3900.0,Pista Premium,620.0,486.0,VIP,QUARTA-FEIRA,DIA UTIL,CHUVA MODERADA,OUTUBRO,0.0
1311,2024-10-23,2024,TOKIO MARINE HALL,MOTHER MOTHER,MEDIAS CASAS,CASA DE SHOWS,0,70.0,4505909.0,False,3900.0,Camarote,640.0,486.0,LUXO,QUARTA-FEIRA,DIA UTIL,CHUVA MODERADA,OUTUBRO,0.0
1312,2024-10-23,2024,TOKIO MARINE HALL,MOTHER MOTHER,MEDIAS CASAS,CASA DE SHOWS,0,70.0,4505909.0,False,3900.0,Cadeira Inferior,390.0,486.0,INTERMEDIARIO,QUARTA-FEIRA,DIA UTIL,CHUVA MODERADA,OUTUBRO,0.0
1313,2024-10-23,2024,TOKIO MARINE HALL,MOTHER MOTHER,MEDIAS CASAS,CASA DE SHOWS,0,70.0,4505909.0,False,3900.0,Cadeira Superior,360.0,486.0,INTERMEDIARIO,QUARTA-FEIRA,DIA UTIL,CHUVA MODERADA,OUTUBRO,0.0
1314,2022-02-25,2022,AUDIO,PABLLO VITTAR,MEDIAS CASAS,CASA DE SHOWS,BRAZILIAN POP,67.0,4399492.0,False,3200.0,Pista,120.0,196.66666666666663,COMUM,SEXTA-FEIRA,DIA UTIL,NUBLADO,FEVEREIRO,-282.0
1315,2022-02-25,2022,AUDIO,PABLLO VITTAR,MEDIAS CASAS,CASA DE SHOWS,BRAZILIAN POP,67.0,4399492.0,False,3200.0,Camarote,250.0,196.66666666666663,LUXO,SEXTA-FEIRA,DIA UTIL,NUBLADO,FEVEREIRO,0.0
1316,2022-02-25,2022,AUDIO,PABLLO VITTAR,MEDIAS CASAS,CASA DE SHOWS,BRAZILIAN POP,67.0,4399492.0,False,3200.0,Frontstage,220.0,196.66666666666663,VIP,SEXTA-FEIRA,DIA UTIL,NUBLADO,FEVEREIRO,0.0
1317,2024-10-11,2024,AUDIO,PABLLO VITTAR,MEDIAS CASAS,CASA DE SHOWS,BRAZILIAN POP,67.0,4399492.0,False,2900.0,Pista,160.0,160.0,COMUM,SEXTA-FEIRA,DIA UTIL,CHUVA LEVE,OUTUBRO,959.0
1318,2022-03-24,2022,AUTODROMO DE INTERLAGOS,PABLLO VITTAR,ARENAS E ESTADIOS,AREA EXTERNA PARA EVENTOS,BRAZILIAN POP,67.0,4399492.0,False,0.0,Lolla Pista,1050.0,1763.3333333333333,COMUM,QUINTA-FEIRA,DIA UTIL,NUBLADO,MARÇO,-932.0
1319,2022-03-24,2022,AUTODROMO DE INTERLAGOS,PABLLO VITTAR,ARENAS E ESTADIOS,AREA EXTERNA PARA EVENTOS,BRAZILIAN POP,67.0,4399492.0,False,0.0,Lolla Lounge,2400.0,1763.3333333333333,LUXO,QUINTA-FEIRA,DIA UTIL,NUBLADO,MARÇO,0.0
1320,2022-03-24,2022,AUTODROMO DE INTERLAGOS,PABLLO VITTAR,ARENAS E ESTADIOS,AREA EXTERNA PARA EVENTOS,BRAZILIAN POP,67.0,4399492.0,False,0.0,Lolla Confort,1840.0,1763.3333333333333,VIP,QUINTA-FEIRA,DIA UTIL,NUBLADO,MARÇO,0.0
1321,2022-03-25,2022,AUTODROMO DE INTERLAGOS,PABLLO VITTAR,ARENAS E ESTADIOS,AREA EXTERNA PARA EVENTOS,BRAZILIAN POP,67.0,4399492.0,LOLLAPALOOZA,100980.0,Lolla Pista,1050.0,1763.3333333333333,COMUM,SEXTA-FEIRA,DIA UTIL,CHUVISCO LEVE,MARÇO,1.0
1322,2022-03-25,2022,AUTODROMO DE INTERLAGOS,PABLLO VITTAR,ARENAS E ESTADIOS,AREA EXTERNA PARA EVENTOS,BRAZILIAN POP,67.0,4399492.0,LOLLAPALOOZA,100980.0,Lolla Lounge,2400.0,1763.3333333333333,LUXO,SEXTA-FEIRA,DIA UTIL,CHUVISCO LEVE,MARÇO,0.0
1323,2022-03-25,2022,AUTODROMO DE INTERLAGOS,PABLLO VITTAR,ARENAS E ESTADIOS,AREA EXTERNA PARA EVENTOS,BRAZILIAN POP,67.0,4399492.0,LOLLAPALOOZA,100980.0,Lolla Confort,1840.0,1763.3333333333333,VIP,SEXTA-FEIRA,DIA UTIL,CHUVISCO LEVE,MARÇO,0.0
1324,2023-09-10,2023,AUTODROMO DE INTERLAGOS,PABLLO VITTAR,ARENAS E ESTADIOS,AREA EXTERNA PARA EVENTOS,BRAZILIAN POP,67.0,4399492.0,THE TOWN,100000.0,Pista,815.0,815.0,COMUM,DOMINGO,FIM DE SEMANA,NUBLADO,SETEMBRO,534.0
1325,2022-06-17,2022,ARENA ANHEMBI,PABLLO VITTAR,GRANDES CASAS,AREA EXTERNA PARA EVENTOS,BRAZILIAN POP,67.0,4399492.0,False,20000.0,Pista,380.0,386.0,COMUM,SEXTA-FEIRA,DIA UTIL,NUBLADO,JUNHO,-450.0
1326,2022-06-17,2022,ARENA ANHEMBI,PABLLO VITTAR,GRANDES CASAS,AREA EXTERNA PARA EVENTOS,BRAZILIAN POP,67.0,4399492.0,False,20000.0,Cadeira Inferior,260.0,386.0,INTERMEDIARIO,SEXTA-FEIRA,DIA UTIL,NUBLADO,JUNHO,0.0
1327,2022-06-17,2022,ARENA ANHEMBI,PABLLO VITTAR,GRANDES CASAS,AREA EXTERNA PARA EVENTOS,BRAZILIAN POP,67.0,4399492.0,False,20000.0,Cadeira Superior,260.0,386.0,INTERMEDIARIO,SEXTA-FEIRA,DIA UTIL,NUBLADO,JUNHO,0.0
1328,2022-06-17,2022,ARENA ANHEMBI,PABLLO VITTAR,GRANDES CASAS,AREA EXTERNA PARA EVENTOS,BRAZILIAN POP,67.0,4399492.0,False,20000.0,Open Bar,580.0,386.0,VIP,SEXTA-FEIRA,DIA UTIL,NUBLADO,JUNHO,0.0
1329,2022-06-17,2022,ARENA ANHEMBI,PABLLO VITTAR,GRANDES CASAS,AREA EXTERNA PARA EVENTOS,BRAZILIAN POP,67.0,4399492.0,False,20000.0,Frontstage,450.0,386.0,VIP,SEXTA-FEIRA,DIA UTIL,NUBLADO,JUNHO,0.0
1330,2023-06-10,2023,SAMBODROMO DO ANHEMBI,PABLLO VITTAR,ARENAS E ESTADIOS,AREA EXTERNA PARA EVENTOS,BRAZILIAN POP,67.0,4399492.0,False,50000.0,Pista,200.0,200.0,COMUM,SABADO,FIM DE SEMANA,CEU LIMPO,JUNHO,358.0
1331,2023-11-10,2023,VIBRA SAO PAULO,PABLLO VITTAR,MEDIAS CASAS,TEATRO E CASA DE ESPETACULOS,BRAZILIAN POP,67.0,4399492.0,False,5600.0,Pista,50.0,50.0,COMUM,SEXTA-FEIRA,DIA UTIL,CHUVA FORTE,NOVEMBRO,153.0
1332,2024-01-19,2024,VIBRA SAO PAULO,PABLLO VITTAR,MEDIAS CASAS,TEATRO E CASA DE ESPETACULOS,BRAZILIAN POP,67.0,4399492.0,False,0.0,Pista,105.0,105.0,COMUM,SEXTA-FEIRA,DIA UTIL,CHUVA MODERADA,JANEIRO,70.0
1333,2024-11-01,2024,VIBRA SAO PAULO,PABLLO VITTAR,MEDIAS CASAS,TEATRO E CASA DE ESPETACULOS,BRAZILIAN POP,67.0,4399492.0,False,6500.0,Pista,105.0,105.0,COMUM,SEXTA-FEIRA,DIA UTIL,CHUVISCO MODERADO,NOVEMBRO,287.0
1334,2025-10-25,2025,VIBRA SAO PAULO,PABLLO VITTAR,MEDIAS CASAS,TEATRO E CASA DE ESPETACULOS,BRAZILIAN POP,67.0,4399492.0,False,7000.0,Pista,105.0,105.0,COMUM,SABADO,FIM DE SEMANA,NUBLADO,OUTUBRO,358.0
1335,2022-03-25,2022,AUTODROMO DE INTERLAGOS,JACK HARLOW,ARENAS E ESTADIOS,AREA EXTERNA PARA EVENTOS,0,76.0,4368889.0,LOLLAPALOOZA,100980.0,Lolla Pista,1050.0,1763.3333333333333,COMUM,SEXTA-FEIRA,DIA UTIL,CHUVISCO LEVE,MARÇO,-943.0
1336,2022-03-25,2022,AUTODROMO DE INTERLAGOS,JACK HARLOW,ARENAS E ESTADIOS,AREA EXTERNA PARA EVENTOS,0,76.0,4368889.0,LOLLAPALOOZA,100980.0,Lolla Lounge,2400.0,1763.3333333333333,LUXO,SEXTA-FEIRA,DIA UTIL,CHUVISCO LEVE,MARÇO,0.0
1337,2022-03-25,2022,AUTODROMO DE INTERLAGOS,JACK HARLOW,ARENAS E ESTADIOS,AREA EXTERNA PARA EVENTOS,0,76.0,4368889.0,LOLLAPALOOZA,100980.0,Lolla Confort,1840.0,1763.3333333333333,VIP,SEXTA-FEIRA,DIA UTIL,CHUVISCO LEVE,MARÇO,0.0
1338,2023-05-15,2023,ESPACO UNIMED,JACKSON WANG,MEDIAS CASAS,CASA DE SHOWS,K-POP,62.0,4293204.0,False,6124.0,Pista,460.0,852.5,COMUM,SEGUNDA-FEIRA,DIA UTIL,NUBLADO,MAIO,-103.0
1339,2023-05-15,2023,ESPACO UNIMED,JACKSON WANG,MEDIAS CASAS,CASA DE SHOWS,K-POP,62.0,4293204.0,False,6124.0,Pista Premium,850.0,852.5,VIP,SEGUNDA-FEIRA,DIA UTIL,NUBLADO,MAIO,0.0
1340,2023-05-15,2023,ESPACO UNIMED,JACKSON WANG,MEDIAS CASAS,CASA DE SHOWS,K-POP,62.0,4293204.0,False,6124.0,Camarote,1200.0,852.5,LUXO,SEGUNDA-FEIRA,DIA UTIL,NUBLADO,MAIO,0.0
1341,2023-05-15,2023,ESPACO UNIMED,JACKSON WANG,MEDIAS CASAS,CASA DE SHOWS,K-POP,62.0,4293204.0,False,6124.0,Mezanino ,900.0,852.5,INTERMEDIARIO,SEGUNDA-FEIRA,DIA UTIL,NUBLADO,MAIO,0.0
1342,2023-09-02,2023,AUTODROMO DE INTERLAGOS,KAYBLACK,ARENAS E ESTADIOS,AREA EXTERNA PARA EVENTOS,BRAZILIAN TRAP,72.0,4290289.0,THE TOWN,100000.0,Pista,815.0,815.0,COMUM,SABADO,FIM DE SEMANA,CHUVA LEVE,SETEMBRO,119.0
1343,2023-09-02,2023,AUTODROMO DE INTERLAGOS,KAYBLACK,ARENAS E ESTADIOS,AREA EXTERNA PARA EVENTOS,BRAZILIAN TRAP,72.0,4290289.0,THE TOWN,100000.0,Pista,815.0,815.0,COMUM,SABADO,FIM DE SEMANA,CHUVA LEVE,SETEMBRO,0.0
1344,2025-09-12,2025,AUTODROMO DE INTERLAGOS,KAYBLACK,ARENAS E ESTADIOS,AREA EXTERNA PARA EVENTOS,BRAZILIAN TRAP,72.0,4290289.0,THE TOWN,75000.0,Pista,975.0,975.0,COMUM,SEXTA-FEIRA,DIA UTIL,NUBLADO,SETEMBRO,741.0
1345,2025-09-12,2025,AUTODROMO DE INTERLAGOS,KAYBLACK,ARENAS E ESTADIOS,AREA EXTERNA PARA EVENTOS,BRAZILIAN TRAP,72.0,4290289.0,THE TOWN,75000.0,Pista,975.0,975.0,COMUM,SEXTA-FEIRA,DIA UTIL,NUBLADO,SETEMBRO,0.0
1346,2022-03-12,2022,AUDIO,BACO EXU DO BLUES,MEDIAS CASAS,CASA DE SHOWS,BRAZILIAN HIP HOP,70.0,4271052.0,False,3200.0,Pista,170.0,123.33333333333331,COMUM,SABADO,FIM DE SEMANA,CHUVA MODERADA,MARÇO,-420.0
1347,2022-03-12,2022,AUDIO,BACO EXU DO BLUES,MEDIAS CASAS,CASA DE SHOWS,BRAZILIAN HIP HOP,70.0,4271052.0,False,3200.0,Pista Premium,90.0,123.33333333333331,VIP,SABADO,FIM DE SEMANA,CHUVA MODERADA,MARÇO,0.0
1348,2022-03-12,2022,AUDIO,BACO EXU DO BLUES,MEDIAS CASAS,CASA DE SHOWS,BRAZILIAN HIP HOP,70.0,4271052.0,False,3200.0,Cadeira Inferior,110.0,123.33333333333331,INTERMEDIARIO,SABADO,FIM DE SEMANA,CHUVA MODERADA,MARÇO,0.0
1349,2022-03-12,2022,AUDIO,BACO EXU DO BLUES,MEDIAS CASAS,CASA DE SHOWS,BRAZILIAN HIP HOP,70.0,4271052.0,False,3200.0,Pista,170.0,123.33333333333331,COMUM,SABADO,FIM DE SEMANA,CHUVA MODERADA,MARÇO,0.0
1350,2022-09-23,2022,AUDIO,BACO EXU DO BLUES,MEDIAS CASAS,CASA DE SHOWS,BRAZILIAN HIP HOP,70.0,4271052.0,False,3200.0,Pista,170.0,123.33333333333331,COMUM,SEXTA-FEIRA,DIA UTIL,PREDOMINANTEMENTE LIMPO,SETEMBRO,195.0
1351,2022-09-23,2022,AUDIO,BACO EXU DO BLUES,MEDIAS CASAS,CASA DE SHOWS,BRAZILIAN HIP HOP,70.0,4271052.0,False,3200.0,Pista Premium,90.0,123.33333333333331,VIP,SEXTA-FEIRA,DIA UTIL,PREDOMINANTEMENTE LIMPO,SETEMBRO,0.0
1352,2022-09-23,2022,AUDIO,BACO EXU DO BLUES,MEDIAS CASAS,CASA DE SHOWS,BRAZILIAN HIP HOP,70.0,4271052.0,False,3200.0,Cadeira Inferior,110.0,123.33333333333331,INTERMEDIARIO,SEXTA-FEIRA,DIA UTIL,PREDOMINANTEMENTE LIMPO,SETEMBRO,0.0
1353,2022-09-23,2022,AUDIO,BACO EXU DO BLUES,MEDIAS CASAS,CASA DE SHOWS,BRAZILIAN HIP HOP,70.0,4271052.0,False,3200.0,Pista,170.0,123.33333333333331,COMUM,SEXTA-FEIRA,DIA UTIL,PREDOMINANTEMENTE LIMPO,SETEMBRO,0.0
1354,2023-03-26,2023,AUTODROMO DE INTERLAGOS,BACO EXU DO BLUES,ARENAS E ESTADIOS,AREA EXTERNA PARA EVENTOS,BRAZILIAN HIP HOP,70.0,4271052.0,LOLLAPALOOZA,100750.0,Lolla Pista,1100.0,1706.6666666666667,COMUM,DOMINGO,FIM DE SEMANA,CHUVISCO MODERADO,MARÇO,184.0
1355,2023-03-26,2023,AUTODROMO DE INTERLAGOS,BACO EXU DO BLUES,ARENAS E ESTADIOS,AREA EXTERNA PARA EVENTOS,BRAZILIAN HIP HOP,70.0,4271052.0,LOLLAPALOOZA,100750.0,Lolla Lounge,2250.0,1706.6666666666667,LUXO,DOMINGO,FIM DE SEMANA,CHUVISCO MODERADO,MARÇO,0.0
1356,2023-03-26,2023,AUTODROMO DE INTERLAGOS,BACO EXU DO BLUES,ARENAS E ESTADIOS,AREA EXTERNA PARA EVENTOS,BRAZILIAN HIP HOP,70.0,4271052.0,LOLLAPALOOZA,100750.0,Lolla Confort,1770.0,1706.6666666666667,VIP,DOMINGO,FIM DE SEMANA,CHUVISCO MODERADO,MARÇO,0.0
1357,2023-03-26,2023,AUTODROMO DE INTERLAGOS,BACO EXU DO BLUES,ARENAS E ESTADIOS,AREA EXTERNA PARA EVENTOS,BRAZILIAN HIP HOP,70.0,4271052.0,LOLLAPALOOZA,100750.0,Lolla Pista,1100.0,1706.6666666666667,COMUM,DOMINGO,FIM DE SEMANA,CHUVISCO MODERADO,MARÇO,0.0
1358,2023-05-12,2023,ESPACO UNIMED,BACO EXU DO BLUES,MEDIAS CASAS,CASA DE SHOWS,BRAZILIAN HIP HOP,70.0,4271052.0,False,7500.0,Pista,160.0,135.0,COMUM,SEXTA-FEIRA,DIA UTIL,CHUVISCO LEVE,MAIO,47.0
1359,2023-05-12,2023,ESPACO UNIMED,BACO EXU DO BLUES,MEDIAS CASAS,CASA DE SHOWS,BRAZILIAN HIP HOP,70.0,4271052.0,False,7500.0,Cadeira Superior,110.0,135.0,INTERMEDIARIO,SEXTA-FEIRA,DIA UTIL,CHUVISCO LEVE,MAIO,0.0
1360,2023-05-12,2023,ESPACO UNIMED,BACO EXU DO BLUES,MEDIAS CASAS,CASA DE SHOWS,BRAZILIAN HIP HOP,70.0,4271052.0,False,7500.0,Pista,160.0,135.0,COMUM,SEXTA-FEIRA,DIA UTIL,CHUVISCO LEVE,MAIO,0.0
1361,2024-01-26,2024,ESPACO UNIMED,BACO EXU DO BLUES,MEDIAS CASAS,CASA DE SHOWS,BRAZILIAN HIP HOP,70.0,4271052.0,False,8000.0,Pista,160.0,135.0,COMUM,SEXTA-FEIRA,DIA UTIL,CHUVISCO LEVE,JANEIRO,259.0
1362,2024-01-26,2024,ESPACO UNIMED,BACO EXU DO BLUES,MEDIAS CASAS,CASA DE SHOWS,BRAZILIAN HIP HOP,70.0,4271052.0,False,8000.0,Cadeira Superior,110.0,135.0,INTERMEDIARIO,SEXTA-FEIRA,DIA UTIL,CHUVISCO LEVE,JANEIRO,0.0
1363,2024-01-26,2024,ESPACO UNIMED,BACO EXU DO BLUES,MEDIAS CASAS,CASA DE SHOWS,BRAZILIAN HIP HOP,70.0,4271052.0,False,8000.0,Pista,160.0,135.0,COMUM,SEXTA-FEIRA,DIA UTIL,CHUVISCO LEVE,JANEIRO,0.0
1364,2024-08-30,2024,ESPACO UNIMED,BACO EXU DO BLUES,MEDIAS CASAS,CASA DE SHOWS,BRAZILIAN HIP HOP,70.0,4271052.0,False,7678.333333333333,Pista,160.0,135.0,COMUM,SEXTA-FEIRA,DIA UTIL,CEU LIMPO,AGOSTO,217.0
1365,2024-08-30,2024,ESPACO UNIMED,BACO EXU DO BLUES,MEDIAS CASAS,CASA DE SHOWS,BRAZILIAN HIP HOP,70.0,4271052.0,False,7678.333333333333,Cadeira Superior,110.0,135.0,INTERMEDIARIO,SEXTA-FEIRA,DIA UTIL,CEU LIMPO,AGOSTO,0.0
1366,2024-08-30,2024,ESPACO UNIMED,BACO EXU DO BLUES,MEDIAS CASAS,CASA DE SHOWS,BRAZILIAN HIP HOP,70.0,4271052.0,False,7678.333333333333,Pista,160.0,135.0,COMUM,SEXTA-FEIRA,DIA UTIL,CEU LIMPO,AGOSTO,0.0
1367,2025-10-31,2025,ESPACO UNIMED,BACO EXU DO BLUES,MEDIAS CASAS,CASA DE SHOWS,BRAZILIAN HIP HOP,70.0,4271052.0,False,6500.0,Pista,160.0,212.5,COMUM,SEXTA-FEIRA,DIA UTIL,CHUVA FORTE,OUTUBRO,427.0
1368,2025-10-31,2025,ESPACO UNIMED,BACO EXU DO BLUES,MEDIAS CASAS,CASA DE SHOWS,BRAZILIAN HIP HOP,70.0,4271052.0,False,6500.0,Camarote,265.0,212.5,LUXO,SEXTA-FEIRA,DIA UTIL,CHUVA FORTE,OUTUBRO,0.0
1369,2025-10-31,2025,ESPACO UNIMED,BACO EXU DO BLUES,MEDIAS CASAS,CASA DE SHOWS,BRAZILIAN HIP HOP,70.0,4271052.0,False,6500.0,Pista,160.0,212.5,COMUM,SEXTA-FEIRA,DIA UTIL,CHUVA FORTE,OUTUBRO,0.0
1370,2023-02-18,2023,JOCKEY CLUB,THIAGUINHO,MEDIAS CASAS,CENTRO DE EVENTOS,PAGODE,73.0,4130633.0,False,7000.0,Open Bar,1670.0,1670.0,VIP,SABADO,FIM DE SEMANA,CHUVISCO INTENSO,FEVEREIRO,-195.0
1371,2023-02-18,2023,JOCKEY CLUB,THIAGUINHO,MEDIAS CASAS,CENTRO DE EVENTOS,PAGODE,73.0,4130633.0,False,7000.0,Open Bar,1670.0,1670.0,VIP,SABADO,FIM DE SEMANA,CHUVISCO INTENSO,FEVEREIRO,0.0
1372,2024-07-06,2024,ESPACO UNIMED,THIAGUINHO,MEDIAS CASAS,CASA DE SHOWS,PAGODE,73.0,4130633.0,False,7930.0,Pista,140.0,333.3333333333333,COMUM,SABADO,FIM DE SEMANA,CHUVISCO LEVE,JULHO,504.0
1373,2024-07-06,2024,ESPACO UNIMED,THIAGUINHO,MEDIAS CASAS,CASA DE SHOWS,PAGODE,73.0,4130633.0,False,7930.0,Pista Premium,430.0,333.3333333333333,VIP,SABADO,FIM DE SEMANA,CHUVISCO LEVE,JULHO,0.0
1374,2024-07-06,2024,ESPACO UNIMED,THIAGUINHO,MEDIAS CASAS,CASA DE SHOWS,PAGODE,73.0,4130633.0,False,7930.0,Camarote,430.0,333.3333333333333,LUXO,SABADO,FIM DE SEMANA,CHUVISCO LEVE,JULHO,0.0
1375,2024-07-06,2024,ESPACO UNIMED,THIAGUINHO,MEDIAS CASAS,CASA DE SHOWS,PAGODE,73.0,4130633.0,False,7930.0,Pista,140.0,333.3333333333333,COMUM,SABADO,FIM DE SEMANA,CHUVISCO LEVE,JULHO,0.0
1376,2024-06-09,2024,ALLIANZ PARQUE,MC DAVI,ARENAS E ESTADIOS,ESTADIO MULTIUSO,BRAZILIAN FUNK,70.0,4061085.0,False,21188.0,Pista,250.0,464.0,COMUM,DOMINGO,FIM DE SEMANA,NUBLADO,JUNHO,534.0
1377,2024-06-09,2024,ALLIANZ PARQUE,MC DAVI,ARENAS E ESTADIOS,ESTADIO MULTIUSO,BRAZILIAN FUNK,70.0,4061085.0,False,21188.0,Pista Premium,490.0,464.0,VIP,DOMINGO,FIM DE SEMANA,NUBLADO,JUNHO,0.0
1378,2024-06-09,2024,ALLIANZ PARQUE,MC DAVI,ARENAS E ESTADIOS,ESTADIO MULTIUSO,BRAZILIAN FUNK,70.0,4061085.0,False,21188.0,Cadeira Inferior,290.0,464.0,INTERMEDIARIO,DOMINGO,FIM DE SEMANA,NUBLADO,JUNHO,0.0
1379,2024-06-09,2024,ALLIANZ PARQUE,MC DAVI,ARENAS E ESTADIOS,ESTADIO MULTIUSO,BRAZILIAN FUNK,70.0,4061085.0,False,21188.0,Cadeira Superior,100.0,464.0,INTERMEDIARIO,DOMINGO,FIM DE SEMANA,NUBLADO,JUNHO,0.0
1380,2024-06-09,2024,ALLIANZ PARQUE,MC DAVI,ARENAS E ESTADIOS,ESTADIO MULTIUSO,BRAZILIAN FUNK,70.0,4061085.0,False,21188.0,VIP I,1190.0,464.0,VIP,DOMINGO,FIM DE SEMANA,NUBLADO,JUNHO,0.0
1381,2024-06-09,2024,ALLIANZ PARQUE,MC DAVI,ARENAS E ESTADIOS,ESTADIO MULTIUSO,BRAZILIAN FUNK,70.0,4061085.0,False,21188.0,Pista,250.0,464.0,COMUM,DOMINGO,FIM DE SEMANA,NUBLADO,JUNHO,0.0
1382,2023-01-18,2023,ESPACO UNIMED,JACK JOHNSON,MEDIAS CASAS,CASA DE SHOWS,SURF ROCK,75.0,4058321.0,False,8000.0,Pista,395.5,568.0,COMUM,QUARTA-FEIRA,DIA UTIL,CHUVA MODERADA,JANEIRO,999.0
1383,2023-01-18,2023,ESPACO UNIMED,JACK JOHNSON,MEDIAS CASAS,CASA DE SHOWS,SURF ROCK,75.0,4058321.0,False,8000.0,Pista Premium,585.5,568.0,VIP,QUARTA-FEIRA,DIA UTIL,CHUVA MODERADA,JANEIRO,0.0
1384,2023-01-18,2023,ESPACO UNIMED,JACK JOHNSON,MEDIAS CASAS,CASA DE SHOWS,SURF ROCK,75.0,4058321.0,False,8000.0,Camarote,665.5,568.0,LUXO,QUARTA-FEIRA,DIA UTIL,CHUVA MODERADA,JANEIRO,0.0
1385,2023-01-18,2023,ESPACO UNIMED,JACK JOHNSON,MEDIAS CASAS,CASA DE SHOWS,SURF ROCK,75.0,4058321.0,False,8000.0,Mezanino ,625.5,568.0,INTERMEDIARIO,QUARTA-FEIRA,DIA UTIL,CHUVA MODERADA,JANEIRO,0.0
1386,2022-03-27,2022,AUTODROMO DE INTERLAGOS,ALESSO,ARENAS E ESTADIOS,AREA EXTERNA PARA EVENTOS,EDM,73.0,4038796.0,LOLLAPALOOZA,98255.0,Lolla Pista,1050.0,1763.3333333333333,COMUM,DOMINGO,FIM DE SEMANA,CHUVA MODERADA,MARÇO,-1098.0
1387,2022-03-27,2022,AUTODROMO DE INTERLAGOS,ALESSO,ARENAS E ESTADIOS,AREA EXTERNA PARA EVENTOS,EDM,73.0,4038796.0,LOLLAPALOOZA,98255.0,Lolla Lounge,2400.0,1763.3333333333333,LUXO,DOMINGO,FIM DE SEMANA,CHUVA MODERADA,MARÇO,0.0
1388,2022-03-27,2022,AUTODROMO DE INTERLAGOS,ALESSO,ARENAS E ESTADIOS,AREA EXTERNA PARA EVENTOS,EDM,73.0,4038796.0,LOLLAPALOOZA,98255.0,Lolla Confort,1840.0,1763.3333333333333,VIP,DOMINGO,FIM DE SEMANA,CHUVA MODERADA,MARÇO,0.0
1389,2025-03-30,2025,AUTODROMO DE INTERLAGOS,FOSTER THE PEOPLE,ARENAS E ESTADIOS,AREA EXTERNA PARA EVENTOS,ALTERNATIVE ROCK,71.0,4035584.0,LOLLAPALOOZA,80000.0,Lolla Pista,1050.0,1678.1666666666667,COMUM,DOMINGO,FIM DE SEMANA,CHUVISCO LEVE,MARÇO,371.0
1390,2025-03-30,2025,AUTODROMO DE INTERLAGOS,FOSTER THE PEOPLE,ARENAS E ESTADIOS,AREA EXTERNA PARA EVENTOS,ALTERNATIVE ROCK,71.0,4035584.0,LOLLAPALOOZA,80000.0,Lolla Lounge,2310.0,1678.1666666666667,LUXO,DOMINGO,FIM DE SEMANA,CHUVISCO LEVE,MARÇO,0.0
1391,2025-03-30,2025,AUTODROMO DE INTERLAGOS,FOSTER THE PEOPLE,ARENAS E ESTADIOS,AREA EXTERNA PARA EVENTOS,ALTERNATIVE ROCK,71.0,4035584.0,LOLLAPALOOZA,80000.0,Lolla Confort,1674.5,1678.1666666666667,VIP,DOMINGO,FIM DE SEMANA,CHUVISCO LEVE,MARÇO,0.0
1392,2023-03-19,2023,VIBRA SAO PAULO,LUDOVICO EINAUDI,MEDIAS CASAS,TEATRO E CASA DE ESPETACULOS,NEOCLASSICAL,79.0,4019078.0,False,4000.0,Pista,190.0,563.3333333333334,COMUM,DOMINGO,FIM DE SEMANA,CHUVISCO LEVE,MARÇO,999.0
1393,2023-03-19,2023,VIBRA SAO PAULO,LUDOVICO EINAUDI,MEDIAS CASAS,TEATRO E CASA DE ESPETACULOS,NEOCLASSICAL,79.0,4019078.0,False,4000.0,Pista Premium,350.0,563.3333333333334,VIP,DOMINGO,FIM DE SEMANA,CHUVISCO LEVE,MARÇO,0.0
1394,2023-03-19,2023,VIBRA SAO PAULO,LUDOVICO EINAUDI,MEDIAS CASAS,TEATRO E CASA DE ESPETACULOS,NEOCLASSICAL,79.0,4019078.0,False,4000.0,Camarote,690.0,563.3333333333334,LUXO,DOMINGO,FIM DE SEMANA,CHUVISCO LEVE,MARÇO,0.0
1395,2023-03-19,2023,VIBRA SAO PAULO,LUDOVICO EINAUDI,MEDIAS CASAS,TEATRO E CASA DE ESPETACULOS,NEOCLASSICAL,79.0,4019078.0,False,4000.0,Cadeira Inferior,710.0,563.3333333333334,INTERMEDIARIO,DOMINGO,FIM DE SEMANA,CHUVISCO LEVE,MARÇO,0.0
1396,2023-03-19,2023,VIBRA SAO PAULO,LUDOVICO EINAUDI,MEDIAS CASAS,TEATRO E CASA DE ESPETACULOS,NEOCLASSICAL,79.0,4019078.0,False,4000.0,Cadeira Superior,580.0,563.3333333333334,INTERMEDIARIO,DOMINGO,FIM DE SEMANA,CHUVISCO LEVE,MARÇO,0.0
1397,2023-03-19,2023,VIBRA SAO PAULO,LUDOVICO EINAUDI,MEDIAS CASAS,TEATRO E CASA DE ESPETACULOS,NEOCLASSICAL,79.0,4019078.0,False,4000.0,Cadeira,860.0,563.3333333333334,INTERMEDIARIO,DOMINGO,FIM DE SEMANA,CHUVISCO LEVE,MARÇO,0.0
1398,2023-04-29,2023,MEMORIAL DA AMERICA LATINA,STONE TEMPLE PILOTS,GRANDES CASAS,AREA EXTERNA PARA EVENTOS,GRUNGE,70.0,4015274.0,SUMMER BREEZE BRASIL,12500.0,Pista,400.0,533.3333333333334,COMUM,SABADO,FIM DE SEMANA,CHUVISCO MODERADO,ABRIL,999.0
1399,2023-04-29,2023,MEMORIAL DA AMERICA LATINA,STONE TEMPLE PILOTS,GRANDES CASAS,AREA EXTERNA PARA EVENTOS,GRUNGE,70.0,4015274.0,SUMMER BREEZE BRASIL,12500.0,Pista Premium,600.0,533.3333333333334,VIP,SABADO,FIM DE SEMANA,CHUVISCO MODERADO,ABRIL,0.0
1400,2023-04-29,2023,MEMORIAL DA AMERICA LATINA,STONE TEMPLE PILOTS,GRANDES CASAS,AREA EXTERNA PARA EVENTOS,GRUNGE,70.0,4015274.0,SUMMER BREEZE BRASIL,12500.0,Mezanino ,600.0,533.3333333333334,INTERMEDIARIO,SABADO,FIM DE SEMANA,CHUVISCO MODERADO,ABRIL,0.0
1401,2025-05-22,2025,TERRA SP,STONE TEMPLE PILOTS,MEDIAS CASAS,CASA DE SHOWS,GRUNGE,70.0,4015274.0,False,2800.0,Pista,400.0,533.3333333333334,COMUM,QUINTA-FEIRA,DIA UTIL,CHUVA MODERADA,MAIO,754.0
1402,2025-05-22,2025,TERRA SP,STONE TEMPLE PILOTS,MEDIAS CASAS,CASA DE SHOWS,GRUNGE,70.0,4015274.0,False,2800.0,Pista Premium,600.0,533.3333333333334,VIP,QUINTA-FEIRA,DIA UTIL,CHUVA MODERADA,MAIO,0.0
1403,2025-05-22,2025,TERRA SP,STONE TEMPLE PILOTS,MEDIAS CASAS,CASA DE SHOWS,GRUNGE,70.0,4015274.0,False,2800.0,Mezanino ,600.0,533.3333333333334,INTERMEDIARIO,QUINTA-FEIRA,DIA UTIL,CHUVA MODERADA,MAIO,0.0
1404,2023-02-19,2023,JOCKEY CLUB,MARI FERNANDEZ,MEDIAS CASAS,CENTRO DE EVENTOS,PISEIRO,69.0,4006841.0,False,10000.0,Pista,410.0,410.0,COMUM,DOMINGO,FIM DE SEMANA,CHUVA MODERADA,FEVEREIRO,-476.0
1405,2023-04-30,2023,SAMBODROMO DO ANHEMBI,MARI FERNANDEZ,ARENAS E ESTADIOS,AREA EXTERNA PARA EVENTOS,PISEIRO,69.0,4006841.0,False,20000.0,Pista,120.0,2093.333333333333,COMUM,DOMINGO,FIM DE SEMANA,CHUVISCO LEVE,ABRIL,70.0
1406,2023-04-30,2023,SAMBODROMO DO ANHEMBI,MARI FERNANDEZ,ARENAS E ESTADIOS,AREA EXTERNA PARA EVENTOS,PISEIRO,69.0,4006841.0,False,20000.0,Pista Premium,160.0,2093.333333333333,VIP,DOMINGO,FIM DE SEMANA,CHUVISCO LEVE,ABRIL,0.0
1407,2023-04-30,2023,SAMBODROMO DO ANHEMBI,MARI FERNANDEZ,ARENAS E ESTADIOS,AREA EXTERNA PARA EVENTOS,PISEIRO,69.0,4006841.0,False,20000.0,Camarote,6000.0,2093.333333333333,LUXO,DOMINGO,FIM DE SEMANA,CHUVISCO LEVE,ABRIL,0.0
1408,2023-08-19,2023,SAMBODROMO DO ANHEMBI,MARI FERNANDEZ,ARENAS E ESTADIOS,AREA EXTERNA PARA EVENTOS,PISEIRO,69.0,4006841.0,False,90000.0,Pista,180.0,258.0,COMUM,SABADO,FIM DE SEMANA,NUBLADO,AGOSTO,111.0
1409,2023-08-19,2023,SAMBODROMO DO ANHEMBI,MARI FERNANDEZ,ARENAS E ESTADIOS,AREA EXTERNA PARA EVENTOS,PISEIRO,69.0,4006841.0,False,90000.0,Pista Premium,320.0,258.0,VIP,SABADO,FIM DE SEMANA,NUBLADO,AGOSTO,0.0
1410,2023-08-19,2023,SAMBODROMO DO ANHEMBI,MARI FERNANDEZ,ARENAS E ESTADIOS,AREA EXTERNA PARA EVENTOS,PISEIRO,69.0,4006841.0,False,90000.0,Camarote,450.0,258.0,LUXO,SABADO,FIM DE SEMANA,NUBLADO,AGOSTO,0.0
1411,2023-08-19,2023,SAMBODROMO DO ANHEMBI,MARI FERNANDEZ,ARENAS E ESTADIOS,AREA EXTERNA PARA EVENTOS,PISEIRO,69.0,4006841.0,False,90000.0,Cadeira Inferior,220.0,258.0,INTERMEDIARIO,SABADO,FIM DE SEMANA,NUBLADO,AGOSTO,0.0
1412,2023-08-19,2023,SAMBODROMO DO ANHEMBI,MARI FERNANDEZ,ARENAS E ESTADIOS,AREA EXTERNA PARA EVENTOS,PISEIRO,69.0,4006841.0,False,90000.0,Cadeira Superior,120.0,258.0,INTERMEDIARIO,SABADO,FIM DE SEMANA,NUBLADO,AGOSTO,0.0
1413,2022-08-20,2022,DISTRITO ANHEMBI,MARI FERNANDEZ,GRANDES CASAS,AREA EXTERNA PARA EVENTOS,PISEIRO,69.0,4006841.0,False,45000.0,Pista Premium,1100.0,767.5,VIP,SABADO,FIM DE SEMANA,CHUVISCO LEVE,AGOSTO,-364.0
1414,2022-08-20,2022,DISTRITO ANHEMBI,MARI FERNANDEZ,GRANDES CASAS,AREA EXTERNA PARA EVENTOS,PISEIRO,69.0,4006841.0,False,45000.0,Cadeira,380.0,767.5,INTERMEDIARIO,SABADO,FIM DE SEMANA,CHUVISCO LEVE,AGOSTO,0.0
1415,2022-08-20,2022,DISTRITO ANHEMBI,MARI FERNANDEZ,GRANDES CASAS,AREA EXTERNA PARA EVENTOS,PISEIRO,69.0,4006841.0,False,45000.0,Arquibancada,190.0,767.5,COMUM,SABADO,FIM DE SEMANA,CHUVISCO LEVE,AGOSTO,0.0
1416,2022-08-20,2022,DISTRITO ANHEMBI,MARI FERNANDEZ,GRANDES CASAS,AREA EXTERNA PARA EVENTOS,PISEIRO,69.0,4006841.0,False,45000.0,Frontstage,1400.0,767.5,VIP,SABADO,FIM DE SEMANA,CHUVISCO LEVE,AGOSTO,0.0
1417,2024-03-23,2024,AUTODROMO DE INTERLAGOS,THIRTY SECONDS TO MARS,ARENAS E ESTADIOS,AREA EXTERNA PARA EVENTOS,ALTERNATIVE ROCK,68.0,3990974.0,LOLLAPALOOZA,80000.0,Lolla Pista,1100.0,1700.0,COMUM,SABADO,FIM DE SEMANA,CHUVISCO INTENSO,MARÇO,-372.0
1418,2024-03-23,2024,AUTODROMO DE INTERLAGOS,THIRTY SECONDS TO MARS,ARENAS E ESTADIOS,AREA EXTERNA PARA EVENTOS,ALTERNATIVE ROCK,68.0,3990974.0,LOLLAPALOOZA,80000.0,Lolla Lounge,2250.0,1700.0,LUXO,SABADO,FIM DE SEMANA,CHUVISCO INTENSO,MARÇO,0.0
1419,2024-03-23,2024,AUTODROMO DE INTERLAGOS,THIRTY SECONDS TO MARS,ARENAS E ESTADIOS,AREA EXTERNA PARA EVENTOS,ALTERNATIVE ROCK,68.0,3990974.0,LOLLAPALOOZA,80000.0,Lolla Confort,1750.0,1700.0,VIP,SABADO,FIM DE SEMANA,CHUVISCO INTENSO,MARÇO,0.0
1420,2023-04-09,2023,AUDIO,PIERCE THE VEIL,MEDIAS CASAS,CASA DE SHOWS,EMO,77.0,3970992.0,False,3000.0,Pista,390.0,592.5,COMUM,DOMINGO,FIM DE SEMANA,CHUVISCO LEVE,ABRIL,-874.0
1421,2023-04-09,2023,AUDIO,PIERCE THE VEIL,MEDIAS CASAS,CASA DE SHOWS,EMO,77.0,3970992.0,False,3000.0,Pista Premium,640.0,592.5,VIP,DOMINGO,FIM DE SEMANA,CHUVISCO LEVE,ABRIL,0.0
1422,2023-04-09,2023,AUDIO,PIERCE THE VEIL,MEDIAS CASAS,CASA DE SHOWS,EMO,77.0,3970992.0,False,3000.0,Camarote,680.0,592.5,LUXO,DOMINGO,FIM DE SEMANA,CHUVISCO LEVE,ABRIL,0.0
1423,2023-04-09,2023,AUDIO,PIERCE THE VEIL,MEDIAS CASAS,CASA DE SHOWS,EMO,77.0,3970992.0,False,3000.0,Mezanino ,660.0,592.5,INTERMEDIARIO,DOMINGO,FIM DE SEMANA,CHUVISCO LEVE,ABRIL,0.0
1424,2024-03-23,2024,AUTODROMO DE INTERLAGOS,PIERCE THE VEIL,ARENAS E ESTADIOS,AREA EXTERNA PARA EVENTOS,EMO,77.0,3970992.0,LOLLAPALOOZA,80000.0,Lolla Pista,1100.0,1700.0,COMUM,SABADO,FIM DE SEMANA,CHUVISCO INTENSO,MARÇO,349.0
1425,2024-03-23,2024,AUTODROMO DE INTERLAGOS,PIERCE THE VEIL,ARENAS E ESTADIOS,AREA EXTERNA PARA EVENTOS,EMO,77.0,3970992.0,LOLLAPALOOZA,80000.0,Lolla Lounge,2250.0,1700.0,LUXO,SABADO,FIM DE SEMANA,CHUVISCO INTENSO,MARÇO,0.0
1426,2024-03-23,2024,AUTODROMO DE INTERLAGOS,PIERCE THE VEIL,ARENAS E ESTADIOS,AREA EXTERNA PARA EVENTOS,EMO,77.0,3970992.0,LOLLAPALOOZA,80000.0,Lolla Confort,1750.0,1700.0,VIP,SABADO,FIM DE SEMANA,CHUVISCO INTENSO,MARÇO,0.0
1427,2023-11-04,2023,ALLIANZ PARQUE,SWEDISH HOUSE MAFIA,ARENAS E ESTADIOS,ESTADIO MULTIUSO,EDM,77.0,3964913.0,False,35000.0,Pista,550.0,896.0,COMUM,SABADO,FIM DE SEMANA,CHUVISCO LEVE,NOVEMBRO,587.0
1428,2023-11-04,2023,ALLIANZ PARQUE,SWEDISH HOUSE MAFIA,ARENAS E ESTADIOS,ESTADIO MULTIUSO,EDM,77.0,3964913.0,False,35000.0,Pista Premium,990.0,896.0,VIP,SABADO,FIM DE SEMANA,CHUVISCO LEVE,NOVEMBRO,0.0
1429,2023-11-04,2023,ALLIANZ PARQUE,SWEDISH HOUSE MAFIA,ARENAS E ESTADIOS,ESTADIO MULTIUSO,EDM,77.0,3964913.0,False,35000.0,Camarote,1990.0,896.0,LUXO,SABADO,FIM DE SEMANA,CHUVISCO LEVE,NOVEMBRO,0.0
1430,2023-11-04,2023,ALLIANZ PARQUE,SWEDISH HOUSE MAFIA,ARENAS E ESTADIOS,ESTADIO MULTIUSO,EDM,77.0,3964913.0,False,35000.0,Cadeira Inferior,560.0,896.0,INTERMEDIARIO,SABADO,FIM DE SEMANA,CHUVISCO LEVE,NOVEMBRO,0.0
1431,2023-11-04,2023,ALLIANZ PARQUE,SWEDISH HOUSE MAFIA,ARENAS E ESTADIOS,ESTADIO MULTIUSO,EDM,77.0,3964913.0,False,35000.0,Cadeira Superior,390.0,896.0,INTERMEDIARIO,SABADO,FIM DE SEMANA,CHUVISCO LEVE,NOVEMBRO,0.0
1432,2024-11-09,2024,ESPACO UNIMED,KEANE,MEDIAS CASAS,CASA DE SHOWS,ROCK,75.0,3944679.0,False,8000.0,Pista,380.0,665.0,COMUM,SABADO,FIM DE SEMANA,CHUVISCO LEVE,NOVEMBRO,24.0
1433,2024-11-09,2024,ESPACO UNIMED,KEANE,MEDIAS CASAS,CASA DE SHOWS,ROCK,75.0,3944679.0,False,8000.0,Pista Premium,710.0,665.0,VIP,SABADO,FIM DE SEMANA,CHUVISCO LEVE,NOVEMBRO,0.0
1434,2024-11-09,2024,ESPACO UNIMED,KEANE,MEDIAS CASAS,CASA DE SHOWS,ROCK,75.0,3944679.0,False,8000.0,Camarote,830.0,665.0,LUXO,SABADO,FIM DE SEMANA,CHUVISCO LEVE,NOVEMBRO,0.0
1435,2024-11-09,2024,ESPACO UNIMED,KEANE,MEDIAS CASAS,CASA DE SHOWS,ROCK,75.0,3944679.0,False,8000.0,Mezanino ,740.0,665.0,INTERMEDIARIO,SABADO,FIM DE SEMANA,CHUVISCO LEVE,NOVEMBRO,0.0
1436,2024-03-02,2024,ALLIANZ PARQUE,SIMPLE PLAN,ARENAS E ESTADIOS,ESTADIO MULTIUSO,POP PUNK,69.0,3936790.0,I WANNA BE TOUR,41717.0,Pista,380.0,786.6666666666666,COMUM,SABADO,FIM DE SEMANA,NUBLADO,MARÇO,999.0
1437,2024-03-02,2024,ALLIANZ PARQUE,SIMPLE PLAN,ARENAS E ESTADIOS,ESTADIO MULTIUSO,POP PUNK,69.0,3936790.0,I WANNA BE TOUR,41717.0,Pista Premium,650.0,786.6666666666666,VIP,SABADO,FIM DE SEMANA,NUBLADO,MARÇO,0.0
1438,2024-03-02,2024,ALLIANZ PARQUE,SIMPLE PLAN,ARENAS E ESTADIOS,ESTADIO MULTIUSO,POP PUNK,69.0,3936790.0,I WANNA BE TOUR,41717.0,Cadeira Inferior,420.0,786.6666666666666,INTERMEDIARIO,SABADO,FIM DE SEMANA,NUBLADO,MARÇO,0.0
1439,2024-03-02,2024,ALLIANZ PARQUE,SIMPLE PLAN,ARENAS E ESTADIOS,ESTADIO MULTIUSO,POP PUNK,69.0,3936790.0,I WANNA BE TOUR,41717.0,Cadeira Superior,280.0,786.6666666666666,INTERMEDIARIO,SABADO,FIM DE SEMANA,NUBLADO,MARÇO,0.0
1440,2024-03-02,2024,ALLIANZ PARQUE,SIMPLE PLAN,ARENAS E ESTADIOS,ESTADIO MULTIUSO,POP PUNK,69.0,3936790.0,I WANNA BE TOUR,41717.0,VIP I,990.0,786.6666666666666,VIP,SABADO,FIM DE SEMANA,NUBLADO,MARÇO,0.0
1441,2024-03-02,2024,ALLIANZ PARQUE,SIMPLE PLAN,ARENAS E ESTADIOS,ESTADIO MULTIUSO,POP PUNK,69.0,3936790.0,I WANNA BE TOUR,41717.0,VIP II,2000.0,786.6666666666666,ULTRA VIP,SABADO,FIM DE SEMANA,NUBLADO,MARÇO,0.0
1442,2024-03-01,2024,VIBRA SAO PAULO,SIMPLE PLAN,MEDIAS CASAS,TEATRO E CASA DE ESPETACULOS,POP PUNK,69.0,3936790.0,False,7000.0,Pista,500.0,556.6666666666666,COMUM,SEXTA-FEIRA,DIA UTIL,CHUVA MODERADA,MARÇO,-1.0
1443,2024-03-01,2024,VIBRA SAO PAULO,SIMPLE PLAN,MEDIAS CASAS,TEATRO E CASA DE ESPETACULOS,POP PUNK,69.0,3936790.0,False,7000.0,Pista Premium,780.0,556.6666666666666,VIP,SEXTA-FEIRA,DIA UTIL,CHUVA MODERADA,MARÇO,0.0
1444,2024-03-01,2024,VIBRA SAO PAULO,SIMPLE PLAN,MEDIAS CASAS,TEATRO E CASA DE ESPETACULOS,POP PUNK,69.0,3936790.0,False,7000.0,Camarote,390.0,556.6666666666666,LUXO,SEXTA-FEIRA,DIA UTIL,CHUVA MODERADA,MARÇO,0.0
1445,2022-12-10,2022,ALLIANZ PARQUE,EDUARDO COSTA,ARENAS E ESTADIOS,ESTADIO MULTIUSO,SERTANEJO TRADICIONAL,70.0,3931413.0,False,45000.0,Pista,421.0,4533.666666666667,COMUM,SABADO,FIM DE SEMANA,NUBLADO,DEZEMBRO,-550.0
1446,2022-12-10,2022,ALLIANZ PARQUE,EDUARDO COSTA,ARENAS E ESTADIOS,ESTADIO MULTIUSO,SERTANEJO TRADICIONAL,70.0,3931413.0,False,45000.0,Cadeira Inferior,180.0,4533.666666666667,INTERMEDIARIO,SABADO,FIM DE SEMANA,NUBLADO,DEZEMBRO,0.0
1447,2022-12-10,2022,ALLIANZ PARQUE,EDUARDO COSTA,ARENAS E ESTADIOS,ESTADIO MULTIUSO,SERTANEJO TRADICIONAL,70.0,3931413.0,False,45000.0,Mesa,13000.0,4533.666666666667,LUXO,SABADO,FIM DE SEMANA,NUBLADO,DEZEMBRO,0.0
1448,2024-06-09,2024,ALLIANZ PARQUE,TURMA DO PAGODE,ARENAS E ESTADIOS,ESTADIO MULTIUSO,PAGODE,72.0,3930286.0,False,21188.0,Pista,250.0,464.0,COMUM,DOMINGO,FIM DE SEMANA,NUBLADO,JUNHO,-27.0
1449,2024-06-09,2024,ALLIANZ PARQUE,TURMA DO PAGODE,ARENAS E ESTADIOS,ESTADIO MULTIUSO,PAGODE,72.0,3930286.0,False,21188.0,Pista Premium,490.0,464.0,VIP,DOMINGO,FIM DE SEMANA,NUBLADO,JUNHO,0.0
1450,2024-06-09,2024,ALLIANZ PARQUE,TURMA DO PAGODE,ARENAS E ESTADIOS,ESTADIO MULTIUSO,PAGODE,72.0,3930286.0,False,21188.0,Cadeira Inferior,290.0,464.0,INTERMEDIARIO,DOMINGO,FIM DE SEMANA,NUBLADO,JUNHO,0.0
1451,2024-06-09,2024,ALLIANZ PARQUE,TURMA DO PAGODE,ARENAS E ESTADIOS,ESTADIO MULTIUSO,PAGODE,72.0,3930286.0,False,21188.0,Cadeira Superior,100.0,464.0,INTERMEDIARIO,DOMINGO,FIM DE SEMANA,NUBLADO,JUNHO,0.0
1452,2024-06-09,2024,ALLIANZ PARQUE,TURMA DO PAGODE,ARENAS E ESTADIOS,ESTADIO MULTIUSO,PAGODE,72.0,3930286.0,False,21188.0,VIP I,1190.0,464.0,VIP,DOMINGO,FIM DE SEMANA,NUBLADO,JUNHO,0.0
1453,2025-03-29,2025,AUTODROMO DE INTERLAGOS,THE MARIAS,ARENAS E ESTADIOS,AREA EXTERNA PARA EVENTOS,BEDROOM POP,84.0,3905040.0,LOLLAPALOOZA,80000.0,Lolla Pista,1050.0,1678.1666666666667,COMUM,SABADO,FIM DE SEMANA,CHUVISCO INTENSO,MARÇO,1.0
1454,2025-03-29,2025,AUTODROMO DE INTERLAGOS,THE MARIAS,ARENAS E ESTADIOS,AREA EXTERNA PARA EVENTOS,BEDROOM POP,84.0,3905040.0,LOLLAPALOOZA,80000.0,Lolla Lounge,2310.0,1678.1666666666667,LUXO,SABADO,FIM DE SEMANA,CHUVISCO INTENSO,MARÇO,0.0
1455,2025-03-29,2025,AUTODROMO DE INTERLAGOS,THE MARIAS,ARENAS E ESTADIOS,AREA EXTERNA PARA EVENTOS,BEDROOM POP,84.0,3905040.0,LOLLAPALOOZA,80000.0,Lolla Confort,1674.5,1678.1666666666667,VIP,SABADO,FIM DE SEMANA,CHUVISCO INTENSO,MARÇO,0.0
1456,2025-05-10,2025,ESPACO UNIMED,FOREIGNER,MEDIAS CASAS,CASA DE SHOWS,AOR,73.0,3863411.0,False,7500.0,Pista Premium,680.0,750.0,VIP,SABADO,FIM DE SEMANA,CHUVA LEVE,MAIO,999.0
1457,2025-05-10,2025,ESPACO UNIMED,FOREIGNER,MEDIAS CASAS,CASA DE SHOWS,AOR,73.0,3863411.0,False,7500.0,Camarote,850.0,750.0,LUXO,SABADO,FIM DE SEMANA,CHUVA LEVE,MAIO,0.0
1458,2025-05-10,2025,ESPACO UNIMED,FOREIGNER,MEDIAS CASAS,CASA DE SHOWS,AOR,73.0,3863411.0,False,7500.0,Mesa,750.0,750.0,LUXO,SABADO,FIM DE SEMANA,CHUVA LEVE,MAIO,0.0
1459,2025-05-10,2025,ESPACO UNIMED,FOREIGNER,MEDIAS CASAS,CASA DE SHOWS,AOR,73.0,3863411.0,False,7500.0,Mezanino ,720.0,750.0,INTERMEDIARIO,SABADO,FIM DE SEMANA,CHUVA LEVE,MAIO,0.0
1460,2022-05-21,2022,ARENA ANHEMBI,NATTAN,GRANDES CASAS,AREA EXTERNA PARA EVENTOS,PISEIRO,74.0,3808307.0,False,2200.0,Pista,100.0,120.0,COMUM,SABADO,FIM DE SEMANA,NUBLADO,MAIO,-91.0
1461,2022-05-21,2022,ARENA ANHEMBI,NATTAN,GRANDES CASAS,AREA EXTERNA PARA EVENTOS,PISEIRO,74.0,3808307.0,False,2200.0,Pista Premium,140.0,120.0,VIP,SABADO,FIM DE SEMANA,NUBLADO,MAIO,0.0
1462,2023-02-18,2023,JOCKEY CLUB,NATTAN,MEDIAS CASAS,CENTRO DE EVENTOS,PISEIRO,74.0,3808307.0,False,7000.0,Open Bar,1670.0,1670.0,VIP,SABADO,FIM DE SEMANA,CHUVISCO INTENSO,FEVEREIRO,273.0
1463,2023-04-30,2023,SAMBODROMO DO ANHEMBI,NATTAN,ARENAS E ESTADIOS,AREA EXTERNA PARA EVENTOS,PISEIRO,74.0,3808307.0,False,20000.0,Pista,120.0,2093.333333333333,COMUM,DOMINGO,FIM DE SEMANA,CHUVISCO LEVE,ABRIL,71.0
1464,2023-04-30,2023,SAMBODROMO DO ANHEMBI,NATTAN,ARENAS E ESTADIOS,AREA EXTERNA PARA EVENTOS,PISEIRO,74.0,3808307.0,False,20000.0,Pista Premium,160.0,2093.333333333333,VIP,DOMINGO,FIM DE SEMANA,CHUVISCO LEVE,ABRIL,0.0
1465,2023-04-30,2023,SAMBODROMO DO ANHEMBI,NATTAN,ARENAS E ESTADIOS,AREA EXTERNA PARA EVENTOS,PISEIRO,74.0,3808307.0,False,20000.0,Camarote,6000.0,2093.333333333333,LUXO,DOMINGO,FIM DE SEMANA,CHUVISCO LEVE,ABRIL,0.0
1466,2024-08-17,2024,DISTRITO ANHEMBI,NATTAN,GRANDES CASAS,AREA EXTERNA PARA EVENTOS,PISEIRO,74.0,3808307.0,False,24000.0,Pista,590.0,1003.5,COMUM,SABADO,FIM DE SEMANA,CEU LIMPO,AGOSTO,475.0
1467,2024-08-17,2024,DISTRITO ANHEMBI,NATTAN,GRANDES CASAS,AREA EXTERNA PARA EVENTOS,PISEIRO,74.0,3808307.0,False,24000.0,Pista Premium,920.0,1003.5,VIP,SABADO,FIM DE SEMANA,CEU LIMPO,AGOSTO,0.0
1468,2024-08-17,2024,DISTRITO ANHEMBI,NATTAN,GRANDES CASAS,AREA EXTERNA PARA EVENTOS,PISEIRO,74.0,3808307.0,False,24000.0,Cadeira Inferior,720.0,1003.5,INTERMEDIARIO,SABADO,FIM DE SEMANA,CEU LIMPO,AGOSTO,0.0
1469,2024-08-17,2024,DISTRITO ANHEMBI,NATTAN,GRANDES CASAS,AREA EXTERNA PARA EVENTOS,PISEIRO,74.0,3808307.0,False,24000.0,Cadeira Superior,750.0,1003.5,INTERMEDIARIO,SABADO,FIM DE SEMANA,CEU LIMPO,AGOSTO,0.0
1470,2024-08-17,2024,DISTRITO ANHEMBI,NATTAN,GRANDES CASAS,AREA EXTERNA PARA EVENTOS,PISEIRO,74.0,3808307.0,False,24000.0,Arquibancada,460.0,1003.5,COMUM,SABADO,FIM DE SEMANA,CEU LIMPO,AGOSTO,0.0
1471,2024-08-17,2024,DISTRITO ANHEMBI,NATTAN,GRANDES CASAS,AREA EXTERNA PARA EVENTOS,PISEIRO,74.0,3808307.0,False,24000.0,Early Entrance,2581.0,1003.5,VIP,SABADO,FIM DE SEMANA,CEU LIMPO,AGOSTO,0.0
1472,2022-02-10,2022,AUDIO,GLORIA GROOVE,MEDIAS CASAS,CASA DE SHOWS,BRAZILIAN POP,67.0,3807906.0,False,2000.0,Pista,160.0,160.0,COMUM,QUINTA-FEIRA,DIA UTIL,CHUVISCO LEVE,FEVEREIRO,-1353.0
1473,2022-02-10,2022,AUDIO,GLORIA GROOVE,MEDIAS CASAS,CASA DE SHOWS,BRAZILIAN POP,67.0,3807906.0,False,2000.0,Pista,160.0,160.0,COMUM,QUINTA-FEIRA,DIA UTIL,CHUVISCO LEVE,FEVEREIRO,0.0
1474,2022-03-01,2022,ESPACO DAS AMERICAS,GLORIA GROOVE,MEDIAS CASAS,CASA DE SHOWS,BRAZILIAN POP,67.0,3807906.0,False,6500.0,Pista,380.0,386.0,COMUM,TERCA-FEIRA,FERIADO NACIONAL,CHUVA FORTE,MARÇO,19.0
1475,2022-03-01,2022,ESPACO DAS AMERICAS,GLORIA GROOVE,MEDIAS CASAS,CASA DE SHOWS,BRAZILIAN POP,67.0,3807906.0,False,6500.0,Cadeira Inferior,260.0,386.0,INTERMEDIARIO,TERCA-FEIRA,FERIADO NACIONAL,CHUVA FORTE,MARÇO,0.0
1476,2022-03-01,2022,ESPACO DAS AMERICAS,GLORIA GROOVE,MEDIAS CASAS,CASA DE SHOWS,BRAZILIAN POP,67.0,3807906.0,False,6500.0,Cadeira Superior,260.0,386.0,INTERMEDIARIO,TERCA-FEIRA,FERIADO NACIONAL,CHUVA FORTE,MARÇO,0.0
1477,2022-03-01,2022,ESPACO DAS AMERICAS,GLORIA GROOVE,MEDIAS CASAS,CASA DE SHOWS,BRAZILIAN POP,67.0,3807906.0,False,6500.0,Open Bar,580.0,386.0,VIP,TERCA-FEIRA,FERIADO NACIONAL,CHUVA FORTE,MARÇO,0.0
1478,2022-03-01,2022,ESPACO DAS AMERICAS,GLORIA GROOVE,MEDIAS CASAS,CASA DE SHOWS,BRAZILIAN POP,67.0,3807906.0,False,6500.0,Frontstage,450.0,386.0,VIP,TERCA-FEIRA,FERIADO NACIONAL,CHUVA FORTE,MARÇO,0.0
1479,2022-03-01,2022,ESPACO DAS AMERICAS,GLORIA GROOVE,MEDIAS CASAS,CASA DE SHOWS,BRAZILIAN POP,67.0,3807906.0,False,6500.0,Pista,380.0,386.0,COMUM,TERCA-FEIRA,FERIADO NACIONAL,CHUVA FORTE,MARÇO,0.0
1480,2022-03-27,2022,AUTODROMO DE INTERLAGOS,GLORIA GROOVE,ARENAS E ESTADIOS,AREA EXTERNA PARA EVENTOS,BRAZILIAN POP,67.0,3807906.0,LOLLAPALOOZA,98255.0,Lolla Pista,1050.0,1763.3333333333333,COMUM,DOMINGO,FIM DE SEMANA,CHUVA MODERADA,MARÇO,26.0
1481,2022-03-27,2022,AUTODROMO DE INTERLAGOS,GLORIA GROOVE,ARENAS E ESTADIOS,AREA EXTERNA PARA EVENTOS,BRAZILIAN POP,67.0,3807906.0,LOLLAPALOOZA,98255.0,Lolla Lounge,2400.0,1763.3333333333333,LUXO,DOMINGO,FIM DE SEMANA,CHUVA MODERADA,MARÇO,0.0
1482,2022-03-27,2022,AUTODROMO DE INTERLAGOS,GLORIA GROOVE,ARENAS E ESTADIOS,AREA EXTERNA PARA EVENTOS,BRAZILIAN POP,67.0,3807906.0,LOLLAPALOOZA,98255.0,Lolla Confort,1840.0,1763.3333333333333,VIP,DOMINGO,FIM DE SEMANA,CHUVA MODERADA,MARÇO,0.0
1483,2022-03-27,2022,AUTODROMO DE INTERLAGOS,GLORIA GROOVE,ARENAS E ESTADIOS,AREA EXTERNA PARA EVENTOS,BRAZILIAN POP,67.0,3807906.0,LOLLAPALOOZA,98255.0,Lolla Pista,1050.0,1763.3333333333333,COMUM,DOMINGO,FIM DE SEMANA,CHUVA MODERADA,MARÇO,0.0
1484,2023-09-10,2023,AUTODROMO DE INTERLAGOS,GLORIA GROOVE,ARENAS E ESTADIOS,AREA EXTERNA PARA EVENTOS,BRAZILIAN POP,67.0,3807906.0,THE TOWN,100000.0,Pista,815.0,815.0,COMUM,DOMINGO,FIM DE SEMANA,NUBLADO,SETEMBRO,532.0
1485,2023-09-10,2023,AUTODROMO DE INTERLAGOS,GLORIA GROOVE,ARENAS E ESTADIOS,AREA EXTERNA PARA EVENTOS,BRAZILIAN POP,67.0,3807906.0,THE TOWN,100000.0,Pista,815.0,815.0,COMUM,DOMINGO,FIM DE SEMANA,NUBLADO,SETEMBRO,0.0
1486,2025-09-13,2025,AUTODROMO DE INTERLAGOS,GLORIA GROOVE,ARENAS E ESTADIOS,AREA EXTERNA PARA EVENTOS,BRAZILIAN POP,67.0,3807906.0,THE TOWN,78000.0,Pista,975.0,975.0,COMUM,SABADO,FIM DE SEMANA,NUBLADO,SETEMBRO,734.0
1487,2025-09-13,2025,AUTODROMO DE INTERLAGOS,GLORIA GROOVE,ARENAS E ESTADIOS,AREA EXTERNA PARA EVENTOS,BRAZILIAN POP,67.0,3807906.0,THE TOWN,78000.0,Pista,975.0,975.0,COMUM,SABADO,FIM DE SEMANA,NUBLADO,SETEMBRO,0.0
1488,2022-06-17,2022,ARENA ANHEMBI,GLORIA GROOVE,GRANDES CASAS,AREA EXTERNA PARA EVENTOS,BRAZILIAN POP,67.0,3807906.0,False,20000.0,Pista,380.0,386.0,COMUM,SEXTA-FEIRA,DIA UTIL,NUBLADO,JUNHO,-1184.0
1489,2022-06-17,2022,ARENA ANHEMBI,GLORIA GROOVE,GRANDES CASAS,AREA EXTERNA PARA EVENTOS,BRAZILIAN POP,67.0,3807906.0,False,20000.0,Cadeira Inferior,260.0,386.0,INTERMEDIARIO,SEXTA-FEIRA,DIA UTIL,NUBLADO,JUNHO,0.0
1490,2022-06-17,2022,ARENA ANHEMBI,GLORIA GROOVE,GRANDES CASAS,AREA EXTERNA PARA EVENTOS,BRAZILIAN POP,67.0,3807906.0,False,20000.0,Cadeira Superior,260.0,386.0,INTERMEDIARIO,SEXTA-FEIRA,DIA UTIL,NUBLADO,JUNHO,0.0
1491,2022-06-17,2022,ARENA ANHEMBI,GLORIA GROOVE,GRANDES CASAS,AREA EXTERNA PARA EVENTOS,BRAZILIAN POP,67.0,3807906.0,False,20000.0,Open Bar,580.0,386.0,VIP,SEXTA-FEIRA,DIA UTIL,NUBLADO,JUNHO,0.0
1492,2022-06-17,2022,ARENA ANHEMBI,GLORIA GROOVE,GRANDES CASAS,AREA EXTERNA PARA EVENTOS,BRAZILIAN POP,67.0,3807906.0,False,20000.0,Frontstage,450.0,386.0,VIP,SEXTA-FEIRA,DIA UTIL,NUBLADO,JUNHO,0.0
1493,2022-06-17,2022,ARENA ANHEMBI,GLORIA GROOVE,GRANDES CASAS,AREA EXTERNA PARA EVENTOS,BRAZILIAN POP,67.0,3807906.0,False,20000.0,Pista,380.0,386.0,COMUM,SEXTA-FEIRA,DIA UTIL,NUBLADO,JUNHO,0.0
1494,2023-02-04,2023,ALLIANZ PARQUE,GLORIA GROOVE,ARENAS E ESTADIOS,ESTADIO MULTIUSO,BRAZILIAN POP,67.0,3807906.0,False,20000.0,Pista,150.0,210.0,COMUM,SABADO,FIM DE SEMANA,CHUVA LEVE,FEVEREIRO,232.0
1495,2023-02-04,2023,ALLIANZ PARQUE,GLORIA GROOVE,ARENAS E ESTADIOS,ESTADIO MULTIUSO,BRAZILIAN POP,67.0,3807906.0,False,20000.0,Pista Premium,190.0,210.0,VIP,SABADO,FIM DE SEMANA,CHUVA LEVE,FEVEREIRO,0.0
1496,2023-02-04,2023,ALLIANZ PARQUE,GLORIA GROOVE,ARENAS E ESTADIOS,ESTADIO MULTIUSO,BRAZILIAN POP,67.0,3807906.0,False,20000.0,Camarote,290.0,210.0,LUXO,SABADO,FIM DE SEMANA,CHUVA LEVE,FEVEREIRO,0.0
1497,2023-02-04,2023,ALLIANZ PARQUE,GLORIA GROOVE,ARENAS E ESTADIOS,ESTADIO MULTIUSO,BRAZILIAN POP,67.0,3807906.0,False,20000.0,Pista,150.0,210.0,COMUM,SABADO,FIM DE SEMANA,CHUVA LEVE,FEVEREIRO,0.0
1498,2024-01-27,2024,ALLIANZ PARQUE,GLORIA GROOVE,ARENAS E ESTADIOS,ESTADIO MULTIUSO,BRAZILIAN POP,67.0,3807906.0,False,40000.0,Pista,250.0,464.0,COMUM,SABADO,FIM DE SEMANA,CHUVISCO INTENSO,JANEIRO,357.0
1499,2024-01-27,2024,ALLIANZ PARQUE,GLORIA GROOVE,ARENAS E ESTADIOS,ESTADIO MULTIUSO,BRAZILIAN POP,67.0,3807906.0,False,40000.0,Pista Premium,490.0,464.0,VIP,SABADO,FIM DE SEMANA,CHUVISCO INTENSO,JANEIRO,0.0
1500,2024-01-27,2024,ALLIANZ PARQUE,GLORIA GROOVE,ARENAS E ESTADIOS,ESTADIO MULTIUSO,BRAZILIAN POP,67.0,3807906.0,False,40000.0,Cadeira Inferior,290.0,464.0,INTERMEDIARIO,SABADO,FIM DE SEMANA,CHUVISCO INTENSO,JANEIRO,0.0
1501,2024-01-27,2024,ALLIANZ PARQUE,GLORIA GROOVE,ARENAS E ESTADIOS,ESTADIO MULTIUSO,BRAZILIAN POP,67.0,3807906.0,False,40000.0,Cadeira Superior,100.0,464.0,INTERMEDIARIO,SABADO,FIM DE SEMANA,CHUVISCO INTENSO,JANEIRO,0.0
1502,2024-01-27,2024,ALLIANZ PARQUE,GLORIA GROOVE,ARENAS E ESTADIOS,ESTADIO MULTIUSO,BRAZILIAN POP,67.0,3807906.0,False,40000.0,VIP I,1190.0,464.0,VIP,SABADO,FIM DE SEMANA,CHUVISCO INTENSO,JANEIRO,0.0
1503,2024-01-27,2024,ALLIANZ PARQUE,GLORIA GROOVE,ARENAS E ESTADIOS,ESTADIO MULTIUSO,BRAZILIAN POP,67.0,3807906.0,False,40000.0,Pista,250.0,464.0,COMUM,SABADO,FIM DE SEMANA,CHUVISCO INTENSO,JANEIRO,0.0
1504,2024-06-09,2024,ALLIANZ PARQUE,GLORIA GROOVE,ARENAS E ESTADIOS,ESTADIO MULTIUSO,BRAZILIAN POP,67.0,3807906.0,False,21188.0,Pista,250.0,464.0,COMUM,DOMINGO,FIM DE SEMANA,NUBLADO,JUNHO,134.0
1505,2024-06-09,2024,ALLIANZ PARQUE,GLORIA GROOVE,ARENAS E ESTADIOS,ESTADIO MULTIUSO,BRAZILIAN POP,67.0,3807906.0,False,21188.0,Pista Premium,490.0,464.0,VIP,DOMINGO,FIM DE SEMANA,NUBLADO,JUNHO,0.0
1506,2024-06-09,2024,ALLIANZ PARQUE,GLORIA GROOVE,ARENAS E ESTADIOS,ESTADIO MULTIUSO,BRAZILIAN POP,67.0,3807906.0,False,21188.0,Cadeira Inferior,290.0,464.0,INTERMEDIARIO,DOMINGO,FIM DE SEMANA,NUBLADO,JUNHO,0.0
1507,2024-06-09,2024,ALLIANZ PARQUE,GLORIA GROOVE,ARENAS E ESTADIOS,ESTADIO MULTIUSO,BRAZILIAN POP,67.0,3807906.0,False,21188.0,Cadeira Superior,100.0,464.0,INTERMEDIARIO,DOMINGO,FIM DE SEMANA,NUBLADO,JUNHO,0.0
1508,2024-06-09,2024,ALLIANZ PARQUE,GLORIA GROOVE,ARENAS E ESTADIOS,ESTADIO MULTIUSO,BRAZILIAN POP,67.0,3807906.0,False,21188.0,VIP I,1190.0,464.0,VIP,DOMINGO,FIM DE SEMANA,NUBLADO,JUNHO,0.0
1509,2024-06-09,2024,ALLIANZ PARQUE,GLORIA GROOVE,ARENAS E ESTADIOS,ESTADIO MULTIUSO,BRAZILIAN POP,67.0,3807906.0,False,21188.0,Pista,250.0,464.0,COMUM,DOMINGO,FIM DE SEMANA,NUBLADO,JUNHO,0.0
1510,2022-05-07,2022,EXPO CENTER NORTE,GLORIA GROOVE,GRANDES CASAS,CENTRO DE EXPOSICOES,BRAZILIAN POP,67.0,3807906.0,False,4000.0,Pista,160.0,160.0,COMUM,SABADO,FIM DE SEMANA,CHUVISCO LEVE,MAIO,-764.0
1511,2022-05-07,2022,EXPO CENTER NORTE,GLORIA GROOVE,GRANDES CASAS,CENTRO DE EXPOSICOES,BRAZILIAN POP,67.0,3807906.0,False,4000.0,Pista,160.0,160.0,COMUM,SABADO,FIM DE SEMANA,CHUVISCO LEVE,MAIO,0.0
1512,2022-04-03,2022,VALE DO ANHANGABAU,GLORIA GROOVE,GRANDES CASAS,AREA EXTERNA PARA EVENTOS,BRAZILIAN POP,67.0,3807906.0,False,26428.571428571428,Pista,300.0,400.0,COMUM,DOMINGO,FIM DE SEMANA,CHUVISCO INTENSO,ABRIL,-34.0
1513,2022-04-03,2022,VALE DO ANHANGABAU,GLORIA GROOVE,GRANDES CASAS,AREA EXTERNA PARA EVENTOS,BRAZILIAN POP,67.0,3807906.0,False,26428.571428571428,Backstage,500.0,400.0,VIP,DOMINGO,FIM DE SEMANA,CHUVISCO INTENSO,ABRIL,0.0
1514,2022-04-03,2022,VALE DO ANHANGABAU,GLORIA GROOVE,GRANDES CASAS,AREA EXTERNA PARA EVENTOS,BRAZILIAN POP,67.0,3807906.0,False,26428.571428571428,Pista,300.0,400.0,COMUM,DOMINGO,FIM DE SEMANA,CHUVISCO INTENSO,ABRIL,0.0
1515,2023-05-27,2023,VALE DO ANHANGABAU,GLORIA GROOVE,GRANDES CASAS,AREA EXTERNA PARA EVENTOS,BRAZILIAN POP,67.0,3807906.0,False,20000.0,Pista,270.0,270.0,COMUM,SABADO,FIM DE SEMANA,NUBLADO,MAIO,419.0
1516,2023-05-27,2023,VALE DO ANHANGABAU,GLORIA GROOVE,GRANDES CASAS,AREA EXTERNA PARA EVENTOS,BRAZILIAN POP,67.0,3807906.0,False,20000.0,Pista,270.0,270.0,COMUM,SABADO,FIM DE SEMANA,NUBLADO,MAIO,0.0
1517,2023-06-09,2023,SAMBODROMO DO ANHEMBI,GLORIA GROOVE,ARENAS E ESTADIOS,AREA EXTERNA PARA EVENTOS,BRAZILIAN POP,67.0,3807906.0,False,17000.0,Pista,200.0,200.0,COMUM,SEXTA-FEIRA,DIA UTIL,CEU LIMPO,JUNHO,13.0
1518,2023-06-09,2023,SAMBODROMO DO ANHEMBI,GLORIA GROOVE,ARENAS E ESTADIOS,AREA EXTERNA PARA EVENTOS,BRAZILIAN POP,67.0,3807906.0,False,17000.0,Pista,200.0,200.0,COMUM,SEXTA-FEIRA,DIA UTIL,CEU LIMPO,JUNHO,0.0
1519,2022-09-16,2022,ESPACO UNIMED,GLORIA GROOVE,MEDIAS CASAS,CASA DE SHOWS,BRAZILIAN POP,67.0,3807906.0,False,7838.0,Pista,80.0,203.33333333333331,COMUM,SEXTA-FEIRA,DIA UTIL,CHUVISCO LEVE,SETEMBRO,-266.0
1520,2022-09-16,2022,ESPACO UNIMED,GLORIA GROOVE,MEDIAS CASAS,CASA DE SHOWS,BRAZILIAN POP,67.0,3807906.0,False,7838.0,Pista Premium,150.0,203.33333333333331,VIP,SEXTA-FEIRA,DIA UTIL,CHUVISCO LEVE,SETEMBRO,0.0
1521,2022-09-16,2022,ESPACO UNIMED,GLORIA GROOVE,MEDIAS CASAS,CASA DE SHOWS,BRAZILIAN POP,67.0,3807906.0,False,7838.0,Camarote,380.0,203.33333333333331,LUXO,SEXTA-FEIRA,DIA UTIL,CHUVISCO LEVE,SETEMBRO,0.0
1522,2022-09-16,2022,ESPACO UNIMED,GLORIA GROOVE,MEDIAS CASAS,CASA DE SHOWS,BRAZILIAN POP,67.0,3807906.0,False,7838.0,Pista,80.0,203.33333333333331,COMUM,SEXTA-FEIRA,DIA UTIL,CHUVISCO LEVE,SETEMBRO,0.0
1523,2023-11-17,2023,ESPACO UNIMED,GLORIA GROOVE,MEDIAS CASAS,CASA DE SHOWS,BRAZILIAN POP,67.0,3807906.0,False,8000.0,Pista,120.0,245.0,COMUM,SEXTA-FEIRA,DIA UTIL,CHUVISCO LEVE,NOVEMBRO,427.0
1524,2023-11-17,2023,ESPACO UNIMED,GLORIA GROOVE,MEDIAS CASAS,CASA DE SHOWS,BRAZILIAN POP,67.0,3807906.0,False,8000.0,Pista Premium,220.0,245.0,VIP,SEXTA-FEIRA,DIA UTIL,CHUVISCO LEVE,NOVEMBRO,0.0
1525,2023-11-17,2023,ESPACO UNIMED,GLORIA GROOVE,MEDIAS CASAS,CASA DE SHOWS,BRAZILIAN POP,67.0,3807906.0,False,8000.0,Camarote,360.0,245.0,LUXO,SEXTA-FEIRA,DIA UTIL,CHUVISCO LEVE,NOVEMBRO,0.0
1526,2023-11-17,2023,ESPACO UNIMED,GLORIA GROOVE,MEDIAS CASAS,CASA DE SHOWS,BRAZILIAN POP,67.0,3807906.0,False,8000.0,Mezanino ,280.0,245.0,INTERMEDIARIO,SEXTA-FEIRA,DIA UTIL,CHUVISCO LEVE,NOVEMBRO,0.0
1527,2023-11-17,2023,ESPACO UNIMED,GLORIA GROOVE,MEDIAS CASAS,CASA DE SHOWS,BRAZILIAN POP,67.0,3807906.0,False,8000.0,Pista,120.0,245.0,COMUM,SEXTA-FEIRA,DIA UTIL,CHUVISCO LEVE,NOVEMBRO,0.0
1528,2024-10-19,2024,ESPACO UNIMED,GLORIA GROOVE,MEDIAS CASAS,CASA DE SHOWS,BRAZILIAN POP,67.0,3807906.0,False,8000.0,Pista,180.0,260.0,COMUM,SABADO,FIM DE SEMANA,CHUVA LEVE,OUTUBRO,337.0
1529,2024-10-19,2024,ESPACO UNIMED,GLORIA GROOVE,MEDIAS CASAS,CASA DE SHOWS,BRAZILIAN POP,67.0,3807906.0,False,8000.0,Pista Premium,280.0,260.0,VIP,SABADO,FIM DE SEMANA,CHUVA LEVE,OUTUBRO,0.0
1530,2024-10-19,2024,ESPACO UNIMED,GLORIA GROOVE,MEDIAS CASAS,CASA DE SHOWS,BRAZILIAN POP,67.0,3807906.0,False,8000.0,Camarote,320.0,260.0,LUXO,SABADO,FIM DE SEMANA,CHUVA LEVE,OUTUBRO,0.0
1531,2024-10-19,2024,ESPACO UNIMED,GLORIA GROOVE,MEDIAS CASAS,CASA DE SHOWS,BRAZILIAN POP,67.0,3807906.0,False,8000.0,Pista,180.0,260.0,COMUM,SABADO,FIM DE SEMANA,CHUVA LEVE,OUTUBRO,0.0
1532,2025-06-13,2025,ESPACO UNIMED,GLORIA GROOVE,MEDIAS CASAS,CASA DE SHOWS,BRAZILIAN POP,67.0,3807906.0,False,8000.0,Pista,90.0,90.0,COMUM,SEXTA-FEIRA,DIA UTIL,NUBLADO,JUNHO,237.0
1533,2025-06-13,2025,ESPACO UNIMED,GLORIA GROOVE,MEDIAS CASAS,CASA DE SHOWS,BRAZILIAN POP,67.0,3807906.0,False,8000.0,Pista,90.0,90.0,COMUM,SEXTA-FEIRA,DIA UTIL,NUBLADO,JUNHO,0.0
1534,2023-05-06,2023,DISTRITO ANHEMBI,GLORIA GROOVE,GRANDES CASAS,AREA EXTERNA PARA EVENTOS,BRAZILIAN POP,67.0,3807906.0,False,40000.0,Pista,200.0,250.0,COMUM,SABADO,FIM DE SEMANA,NUBLADO,MAIO,-769.0
1535,2023-05-06,2023,DISTRITO ANHEMBI,GLORIA GROOVE,GRANDES CASAS,AREA EXTERNA PARA EVENTOS,BRAZILIAN POP,67.0,3807906.0,False,40000.0,Pista Premium,300.0,250.0,VIP,SABADO,FIM DE SEMANA,NUBLADO,MAIO,0.0
1536,2023-05-06,2023,DISTRITO ANHEMBI,GLORIA GROOVE,GRANDES CASAS,AREA EXTERNA PARA EVENTOS,BRAZILIAN POP,67.0,3807906.0,False,40000.0,Pista,200.0,250.0,COMUM,SABADO,FIM DE SEMANA,NUBLADO,MAIO,0.0
1537,2022-08-19,2022,NEO QUIMICA ARENA,GLORIA GROOVE,ARENAS E ESTADIOS,ESTADIO MULTIUSO,BRAZILIAN POP,67.0,3807906.0,False,50000.0,Pista,120.0,160.0,COMUM,SEXTA-FEIRA,DIA UTIL,CHUVISCO MODERADO,AGOSTO,-260.0
1538,2022-08-19,2022,NEO QUIMICA ARENA,GLORIA GROOVE,ARENAS E ESTADIOS,ESTADIO MULTIUSO,BRAZILIAN POP,67.0,3807906.0,False,50000.0,Pista Premium,200.0,160.0,VIP,SEXTA-FEIRA,DIA UTIL,CHUVISCO MODERADO,AGOSTO,0.0
1539,2022-08-19,2022,NEO QUIMICA ARENA,GLORIA GROOVE,ARENAS E ESTADIOS,ESTADIO MULTIUSO,BRAZILIAN POP,67.0,3807906.0,False,50000.0,Pista,120.0,160.0,COMUM,SEXTA-FEIRA,DIA UTIL,CHUVISCO MODERADO,AGOSTO,0.0
1540,2024-12-13,2024,CENTRO DE TRADICOES NORDESTINAS,SIMONE MENDES,MEDIAS CASAS,CASA DE SHOWS,SERTANEJO,79.0,3807595.0,False,7000.0,Pista,110.0,416.6666666666667,COMUM,SEXTA-FEIRA,DIA UTIL,CHUVISCO LEVE,DEZEMBRO,948.0
1541,2024-12-13,2024,CENTRO DE TRADICOES NORDESTINAS,SIMONE MENDES,MEDIAS CASAS,CASA DE SHOWS,SERTANEJO,79.0,3807595.0,False,7000.0,Pista Premium,240.0,416.6666666666667,VIP,SEXTA-FEIRA,DIA UTIL,CHUVISCO LEVE,DEZEMBRO,0.0
1542,2024-12-13,2024,CENTRO DE TRADICOES NORDESTINAS,SIMONE MENDES,MEDIAS CASAS,CASA DE SHOWS,SERTANEJO,79.0,3807595.0,False,7000.0,Camarote,900.0,416.6666666666667,LUXO,SEXTA-FEIRA,DIA UTIL,CHUVISCO LEVE,DEZEMBRO,0.0
1543,2024-08-17,2024,DISTRITO ANHEMBI,SIMONE MENDES,GRANDES CASAS,AREA EXTERNA PARA EVENTOS,SERTANEJO,79.0,3807595.0,False,24000.0,Pista,590.0,1003.5,COMUM,SABADO,FIM DE SEMANA,CEU LIMPO,AGOSTO,-118.0
1544,2024-08-17,2024,DISTRITO ANHEMBI,SIMONE MENDES,GRANDES CASAS,AREA EXTERNA PARA EVENTOS,SERTANEJO,79.0,3807595.0,False,24000.0,Pista Premium,920.0,1003.5,VIP,SABADO,FIM DE SEMANA,CEU LIMPO,AGOSTO,0.0
1545,2024-08-17,2024,DISTRITO ANHEMBI,SIMONE MENDES,GRANDES CASAS,AREA EXTERNA PARA EVENTOS,SERTANEJO,79.0,3807595.0,False,24000.0,Cadeira Inferior,720.0,1003.5,INTERMEDIARIO,SABADO,FIM DE SEMANA,CEU LIMPO,AGOSTO,0.0
1546,2024-08-17,2024,DISTRITO ANHEMBI,SIMONE MENDES,GRANDES CASAS,AREA EXTERNA PARA EVENTOS,SERTANEJO,79.0,3807595.0,False,24000.0,Cadeira Superior,750.0,1003.5,INTERMEDIARIO,SABADO,FIM DE SEMANA,CEU LIMPO,AGOSTO,0.0
1547,2024-08-17,2024,DISTRITO ANHEMBI,SIMONE MENDES,GRANDES CASAS,AREA EXTERNA PARA EVENTOS,SERTANEJO,79.0,3807595.0,False,24000.0,Arquibancada,460.0,1003.5,COMUM,SABADO,FIM DE SEMANA,CEU LIMPO,AGOSTO,0.0
1548,2024-08-17,2024,DISTRITO ANHEMBI,SIMONE MENDES,GRANDES CASAS,AREA EXTERNA PARA EVENTOS,SERTANEJO,79.0,3807595.0,False,24000.0,Early Entrance,2581.0,1003.5,VIP,SABADO,FIM DE SEMANA,CEU LIMPO,AGOSTO,0.0
1549,2025-04-06,2025,MERCADO LIVRE ARENA PACAEMBU,SIMONE MENDES,GRANDES CASAS,ESTADIO MULTIUSO,SERTANEJO,79.0,3807595.0,False,40000.0,Camarote,1600.0,666.6666666666666,LUXO,DOMINGO,FIM DE SEMANA,CHUVISCO LEVE,ABRIL,232.0
1550,2025-04-06,2025,MERCADO LIVRE ARENA PACAEMBU,SIMONE MENDES,GRANDES CASAS,ESTADIO MULTIUSO,SERTANEJO,79.0,3807595.0,False,40000.0,Cadeira Inferior,300.0,666.6666666666666,INTERMEDIARIO,DOMINGO,FIM DE SEMANA,CHUVISCO LEVE,ABRIL,0.0
1551,2025-04-06,2025,MERCADO LIVRE ARENA PACAEMBU,SIMONE MENDES,GRANDES CASAS,ESTADIO MULTIUSO,SERTANEJO,79.0,3807595.0,False,40000.0,Cadeira Superior,100.0,666.6666666666666,INTERMEDIARIO,DOMINGO,FIM DE SEMANA,CHUVISCO LEVE,ABRIL,0.0
1552,2023-09-20,2023,ESPACO UNIMED,GHOST,MEDIAS CASAS,CASA DE SHOWS,METAL,74.0,3791998.0,False,8000.0,Pista,370.0,550.0,COMUM,QUARTA-FEIRA,DIA UTIL,NUBLADO,SETEMBRO,498.0
1553,2023-09-20,2023,ESPACO UNIMED,GHOST,MEDIAS CASAS,CASA DE SHOWS,METAL,74.0,3791998.0,False,8000.0,Pista Premium,580.0,550.0,VIP,QUARTA-FEIRA,DIA UTIL,NUBLADO,SETEMBRO,0.0
1554,2023-09-20,2023,ESPACO UNIMED,GHOST,MEDIAS CASAS,CASA DE SHOWS,METAL,74.0,3791998.0,False,8000.0,Camarote,650.0,550.0,LUXO,QUARTA-FEIRA,DIA UTIL,NUBLADO,SETEMBRO,0.0
1555,2023-09-20,2023,ESPACO UNIMED,GHOST,MEDIAS CASAS,CASA DE SHOWS,METAL,74.0,3791998.0,False,8000.0,Mezanino ,600.0,550.0,INTERMEDIARIO,QUARTA-FEIRA,DIA UTIL,NUBLADO,SETEMBRO,0.0
1556,2023-09-21,2023,ESPACO UNIMED,GHOST,MEDIAS CASAS,CASA DE SHOWS,METAL,74.0,3791998.0,False,8000.0,Pista,370.0,550.0,COMUM,QUINTA-FEIRA,DIA UTIL,CHUVISCO LEVE,SETEMBRO,1.0
1557,2023-09-21,2023,ESPACO UNIMED,GHOST,MEDIAS CASAS,CASA DE SHOWS,METAL,74.0,3791998.0,False,8000.0,Pista Premium,580.0,550.0,VIP,QUINTA-FEIRA,DIA UTIL,CHUVISCO LEVE,SETEMBRO,0.0
1558,2023-09-21,2023,ESPACO UNIMED,GHOST,MEDIAS CASAS,CASA DE SHOWS,METAL,74.0,3791998.0,False,8000.0,Camarote,650.0,550.0,LUXO,QUINTA-FEIRA,DIA UTIL,CHUVISCO LEVE,SETEMBRO,0.0
1559,2023-09-21,2023,ESPACO UNIMED,GHOST,MEDIAS CASAS,CASA DE SHOWS,METAL,74.0,3791998.0,False,8000.0,Mezanino ,600.0,550.0,INTERMEDIARIO,QUINTA-FEIRA,DIA UTIL,CHUVISCO LEVE,SETEMBRO,0.0
1560,2024-11-24,2024,ESPACO UNIMED,TOTO,MEDIAS CASAS,CASA DE SHOWS,YACHT ROCK,74.0,3754253.0,False,6500.0,Pista Premium,680.0,730.0,VIP,DOMINGO,FIM DE SEMANA,CHUVISCO LEVE,NOVEMBRO,999.0
1561,2024-11-24,2024,ESPACO UNIMED,TOTO,MEDIAS CASAS,CASA DE SHOWS,YACHT ROCK,74.0,3754253.0,False,6500.0,Mezanino ,780.0,730.0,INTERMEDIARIO,DOMINGO,FIM DE SEMANA,CHUVISCO LEVE,NOVEMBRO,0.0
1562,2025-09-13,2025,AUTODROMO DE INTERLAGOS,CHEFIN,ARENAS E ESTADIOS,AREA EXTERNA PARA EVENTOS,BRAZILIAN TRAP,69.0,3749245.0,THE TOWN,78000.0,Pista,975.0,975.0,COMUM,SABADO,FIM DE SEMANA,NUBLADO,SETEMBRO,1.0
1563,2022-09-16,2022,MEMORIAL DA AMERICA LATINA,DJAVAN,GRANDES CASAS,AREA EXTERNA PARA EVENTOS,MPB,70.0,3748285.0,COALA FESTIVAL,6500.0,Pista,295.0,558.0,COMUM,SEXTA-FEIRA,DIA UTIL,CHUVISCO LEVE,SETEMBRO,-1156.0
1564,2022-09-16,2022,MEMORIAL DA AMERICA LATINA,DJAVAN,GRANDES CASAS,AREA EXTERNA PARA EVENTOS,MPB,70.0,3748285.0,COALA FESTIVAL,6500.0,Pista Premium,595.0,558.0,VIP,SEXTA-FEIRA,DIA UTIL,CHUVISCO LEVE,SETEMBRO,0.0
1565,2022-09-16,2022,MEMORIAL DA AMERICA LATINA,DJAVAN,GRANDES CASAS,AREA EXTERNA PARA EVENTOS,MPB,70.0,3748285.0,COALA FESTIVAL,6500.0,Cadeira Inferior,520.0,558.0,INTERMEDIARIO,SEXTA-FEIRA,DIA UTIL,CHUVISCO LEVE,SETEMBRO,0.0
1566,2022-09-16,2022,MEMORIAL DA AMERICA LATINA,DJAVAN,GRANDES CASAS,AREA EXTERNA PARA EVENTOS,MPB,70.0,3748285.0,COALA FESTIVAL,6500.0,Cadeira Superior,210.0,558.0,INTERMEDIARIO,SEXTA-FEIRA,DIA UTIL,CHUVISCO LEVE,SETEMBRO,0.0
1567,2022-09-16,2022,MEMORIAL DA AMERICA LATINA,DJAVAN,GRANDES CASAS,AREA EXTERNA PARA EVENTOS,MPB,70.0,3748285.0,COALA FESTIVAL,6500.0,VIP I,1170.0,558.0,VIP,SEXTA-FEIRA,DIA UTIL,CHUVISCO LEVE,SETEMBRO,0.0
1568,2022-09-16,2022,MEMORIAL DA AMERICA LATINA,DJAVAN,GRANDES CASAS,AREA EXTERNA PARA EVENTOS,MPB,70.0,3748285.0,COALA FESTIVAL,6500.0,Pista,295.0,558.0,COMUM,SEXTA-FEIRA,DIA UTIL,CHUVISCO LEVE,SETEMBRO,0.0
1569,2022-06-04,2022,ESPACO UNIMED,DJAVAN,MEDIAS CASAS,CASA DE SHOWS,MPB,70.0,3748285.0,False,7700.0,Pista,210.0,310.0,COMUM,SABADO,FIM DE SEMANA,CHUVISCO LEVE,JUNHO,-104.0
1570,2022-06-04,2022,ESPACO UNIMED,DJAVAN,MEDIAS CASAS,CASA DE SHOWS,MPB,70.0,3748285.0,False,7700.0,Pista Premium,320.0,310.0,VIP,SABADO,FIM DE SEMANA,CHUVISCO LEVE,JUNHO,0.0
1571,2022-06-04,2022,ESPACO UNIMED,DJAVAN,MEDIAS CASAS,CASA DE SHOWS,MPB,70.0,3748285.0,False,7700.0,Camarote,430.0,310.0,LUXO,SABADO,FIM DE SEMANA,CHUVISCO LEVE,JUNHO,0.0
1572,2022-06-04,2022,ESPACO UNIMED,DJAVAN,MEDIAS CASAS,CASA DE SHOWS,MPB,70.0,3748285.0,False,7700.0,Cadeira Inferior,280.0,310.0,INTERMEDIARIO,SABADO,FIM DE SEMANA,CHUVISCO LEVE,JUNHO,0.0
1573,2022-06-04,2022,ESPACO UNIMED,DJAVAN,MEDIAS CASAS,CASA DE SHOWS,MPB,70.0,3748285.0,False,7700.0,Pista,210.0,310.0,COMUM,SABADO,FIM DE SEMANA,CHUVISCO LEVE,JUNHO,0.0
1574,2023-05-20,2023,ESPACO UNIMED,DJAVAN,MEDIAS CASAS,CASA DE SHOWS,MPB,70.0,3748285.0,False,7000.0,Pista,210.0,601.6666666666666,COMUM,SABADO,FIM DE SEMANA,NUBLADO,MAIO,350.0
1575,2023-05-20,2023,ESPACO UNIMED,DJAVAN,MEDIAS CASAS,CASA DE SHOWS,MPB,70.0,3748285.0,False,7000.0,Pista Premium,595.0,601.6666666666666,VIP,SABADO,FIM DE SEMANA,NUBLADO,MAIO,0.0
1576,2023-05-20,2023,ESPACO UNIMED,DJAVAN,MEDIAS CASAS,CASA DE SHOWS,MPB,70.0,3748285.0,False,7000.0,VIP I,1000.0,601.6666666666666,VIP,SABADO,FIM DE SEMANA,NUBLADO,MAIO,0.0
1577,2023-05-20,2023,ESPACO UNIMED,DJAVAN,MEDIAS CASAS,CASA DE SHOWS,MPB,70.0,3748285.0,False,7000.0,Pista,210.0,601.6666666666666,COMUM,SABADO,FIM DE SEMANA,NUBLADO,MAIO,0.0
1578,2024-05-11,2024,ESPACO UNIMED,DJAVAN,MEDIAS CASAS,CASA DE SHOWS,MPB,70.0,3748285.0,False,8000.0,Pista,210.0,402.5,COMUM,SABADO,FIM DE SEMANA,NUBLADO,MAIO,357.0
1579,2024-05-11,2024,ESPACO UNIMED,DJAVAN,MEDIAS CASAS,CASA DE SHOWS,MPB,70.0,3748285.0,False,8000.0,Pista Premium,595.0,402.5,VIP,SABADO,FIM DE SEMANA,NUBLADO,MAIO,0.0
1580,2024-05-11,2024,ESPACO UNIMED,DJAVAN,MEDIAS CASAS,CASA DE SHOWS,MPB,70.0,3748285.0,False,8000.0,Pista,210.0,402.5,COMUM,SABADO,FIM DE SEMANA,NUBLADO,MAIO,0.0
1581,2024-05-12,2024,ESPACO UNIMED,DJAVAN,MEDIAS CASAS,CASA DE SHOWS,MPB,70.0,3748285.0,False,7500.0,Pista,210.0,402.5,COMUM,DOMINGO,FIM DE SEMANA,NUBLADO,MAIO,1.0
1582,2024-05-12,2024,ESPACO UNIMED,DJAVAN,MEDIAS CASAS,CASA DE SHOWS,MPB,70.0,3748285.0,False,7500.0,Pista Premium,595.0,402.5,VIP,DOMINGO,FIM DE SEMANA,NUBLADO,MAIO,0.0
1583,2024-05-12,2024,ESPACO UNIMED,DJAVAN,MEDIAS CASAS,CASA DE SHOWS,MPB,70.0,3748285.0,False,7500.0,Pista,210.0,402.5,COMUM,DOMINGO,FIM DE SEMANA,NUBLADO,MAIO,0.0
1584,2023-12-09,2023,VIBRA SAO PAULO,DJAVAN,MEDIAS CASAS,TEATRO E CASA DE ESPETACULOS,MPB,70.0,3748285.0,False,4200.0,Pista,295.0,405.0,COMUM,SABADO,FIM DE SEMANA,CHUVISCO LEVE,DEZEMBRO,-155.0
1585,2023-12-09,2023,VIBRA SAO PAULO,DJAVAN,MEDIAS CASAS,TEATRO E CASA DE ESPETACULOS,MPB,70.0,3748285.0,False,4200.0,Pista Premium,595.0,405.0,VIP,SABADO,FIM DE SEMANA,CHUVISCO LEVE,DEZEMBRO,0.0
1586,2023-12-09,2023,VIBRA SAO PAULO,DJAVAN,MEDIAS CASAS,TEATRO E CASA DE ESPETACULOS,MPB,70.0,3748285.0,False,4200.0,Cadeira Inferior,520.0,405.0,INTERMEDIARIO,SABADO,FIM DE SEMANA,CHUVISCO LEVE,DEZEMBRO,0.0
1587,2023-12-09,2023,VIBRA SAO PAULO,DJAVAN,MEDIAS CASAS,TEATRO E CASA DE ESPETACULOS,MPB,70.0,3748285.0,False,4200.0,Cadeira Superior,210.0,405.0,INTERMEDIARIO,SABADO,FIM DE SEMANA,CHUVISCO LEVE,DEZEMBRO,0.0
1588,2023-12-09,2023,VIBRA SAO PAULO,DJAVAN,MEDIAS CASAS,TEATRO E CASA DE ESPETACULOS,MPB,70.0,3748285.0,False,4200.0,Pista,295.0,405.0,COMUM,SABADO,FIM DE SEMANA,CHUVISCO LEVE,DEZEMBRO,0.0
1589,2023-04-02,2023,ESPACO UNIMED,WU-TANG CLAN,MEDIAS CASAS,CASA DE SHOWS,EAST COAST HIP HOP,67.0,3728618.0,False,7500.0,Pista,440.0,540.0,COMUM,DOMINGO,FIM DE SEMANA,CHUVISCO LEVE,ABRIL,999.0
1590,2023-04-02,2023,ESPACO UNIMED,WU-TANG CLAN,MEDIAS CASAS,CASA DE SHOWS,EAST COAST HIP HOP,67.0,3728618.0,False,7500.0,Pista Premium,640.0,540.0,VIP,DOMINGO,FIM DE SEMANA,CHUVISCO LEVE,ABRIL,0.0
1591,2023-03-28,2023,AUDIO,TOVE LO,MEDIAS CASAS,CASA DE SHOWS,0,73.0,3685010.0,False,3200.0,Pista,160.0,160.0,COMUM,TERCA-FEIRA,DIA UTIL,CHUVISCO LEVE,MARÇO,368.0
1592,2023-03-26,2023,AUTODROMO DE INTERLAGOS,TOVE LO,ARENAS E ESTADIOS,AREA EXTERNA PARA EVENTOS,0,73.0,3685010.0,LOLLAPALOOZA,100750.0,Lolla Pista,1100.0,1706.6666666666667,COMUM,DOMINGO,FIM DE SEMANA,CHUVISCO MODERADO,MARÇO,-2.0
1593,2023-03-26,2023,AUTODROMO DE INTERLAGOS,TOVE LO,ARENAS E ESTADIOS,AREA EXTERNA PARA EVENTOS,0,73.0,3685010.0,LOLLAPALOOZA,100750.0,Lolla Lounge,2250.0,1706.6666666666667,LUXO,DOMINGO,FIM DE SEMANA,CHUVISCO MODERADO,MARÇO,0.0
1594,2023-03-26,2023,AUTODROMO DE INTERLAGOS,TOVE LO,ARENAS E ESTADIOS,AREA EXTERNA PARA EVENTOS,0,73.0,3685010.0,LOLLAPALOOZA,100750.0,Lolla Confort,1770.0,1706.6666666666667,VIP,DOMINGO,FIM DE SEMANA,CHUVISCO MODERADO,MARÇO,0.0
1595,2023-06-30,2023,AUDIO,PERICLES,MEDIAS CASAS,CASA DE SHOWS,PAGODE,71.0,3664863.0,False,2800.0,Pista,140.0,140.0,COMUM,SEXTA-FEIRA,DIA UTIL,NUBLADO,JUNHO,-345.0
1596,2023-06-30,2023,AUDIO,PERICLES,MEDIAS CASAS,CASA DE SHOWS,PAGODE,71.0,3664863.0,False,2800.0,Pista,140.0,140.0,COMUM,SEXTA-FEIRA,DIA UTIL,NUBLADO,JUNHO,0.0
1597,2024-06-14,2024,AUDIO,PERICLES,MEDIAS CASAS,CASA DE SHOWS,PAGODE,71.0,3664863.0,False,2800.0,Pista,140.0,200.0,COMUM,SEXTA-FEIRA,DIA UTIL,NUBLADO,JUNHO,350.0
1598,2024-06-14,2024,AUDIO,PERICLES,MEDIAS CASAS,CASA DE SHOWS,PAGODE,71.0,3664863.0,False,2800.0,Camarote,260.0,200.0,LUXO,SEXTA-FEIRA,DIA UTIL,NUBLADO,JUNHO,0.0
1599,2024-06-14,2024,AUDIO,PERICLES,MEDIAS CASAS,CASA DE SHOWS,PAGODE,71.0,3664863.0,False,2800.0,Pista,140.0,200.0,COMUM,SEXTA-FEIRA,DIA UTIL,NUBLADO,JUNHO,0.0
1600,2025-09-13,2025,AUTODROMO DE INTERLAGOS,PERICLES,ARENAS E ESTADIOS,AREA EXTERNA PARA EVENTOS,PAGODE,71.0,3664863.0,THE TOWN,78000.0,Pista,975.0,975.0,COMUM,SABADO,FIM DE SEMANA,NUBLADO,SETEMBRO,456.0
1601,2025-09-13,2025,AUTODROMO DE INTERLAGOS,PERICLES,ARENAS E ESTADIOS,AREA EXTERNA PARA EVENTOS,PAGODE,71.0,3664863.0,THE TOWN,78000.0,Pista,975.0,975.0,COMUM,SABADO,FIM DE SEMANA,NUBLADO,SETEMBRO,0.0
1602,2022-05-07,2022,EXPO CENTER NORTE,PERICLES,GRANDES CASAS,CENTRO DE EXPOSICOES,PAGODE,71.0,3664863.0,False,4000.0,Pista,240.0,240.0,COMUM,SABADO,FIM DE SEMANA,CHUVISCO LEVE,MAIO,-1225.0
1603,2022-05-07,2022,EXPO CENTER NORTE,PERICLES,GRANDES CASAS,CENTRO DE EXPOSICOES,PAGODE,71.0,3664863.0,False,4000.0,Pista,240.0,240.0,COMUM,SABADO,FIM DE SEMANA,CHUVISCO LEVE,MAIO,0.0
1604,2023-09-15,2023,MEMORIAL DA AMERICA LATINA,PERICLES,GRANDES CASAS,AREA EXTERNA PARA EVENTOS,PAGODE,71.0,3664863.0,COALA FESTIVAL,4000.0,Pista,360.0,360.0,COMUM,SEXTA-FEIRA,DIA UTIL,CHUVISCO LEVE,SETEMBRO,496.0
1605,2023-09-15,2023,MEMORIAL DA AMERICA LATINA,PERICLES,GRANDES CASAS,AREA EXTERNA PARA EVENTOS,PAGODE,71.0,3664863.0,COALA FESTIVAL,4000.0,Pista,360.0,360.0,COMUM,SEXTA-FEIRA,DIA UTIL,CHUVISCO LEVE,SETEMBRO,0.0
1606,2023-04-28,2023,ESPACO UNIMED,PERICLES,MEDIAS CASAS,CASA DE SHOWS,PAGODE,71.0,3664863.0,False,7930.0,Pista,160.0,220.0,COMUM,SEXTA-FEIRA,DIA UTIL,CHUVISCO LEVE,ABRIL,-140.0
1607,2023-04-28,2023,ESPACO UNIMED,PERICLES,MEDIAS CASAS,CASA DE SHOWS,PAGODE,71.0,3664863.0,False,7930.0,Pista Premium,240.0,220.0,VIP,SEXTA-FEIRA,DIA UTIL,CHUVISCO LEVE,ABRIL,0.0
1608,2023-04-28,2023,ESPACO UNIMED,PERICLES,MEDIAS CASAS,CASA DE SHOWS,PAGODE,71.0,3664863.0,False,7930.0,Camarote,280.0,220.0,LUXO,SEXTA-FEIRA,DIA UTIL,CHUVISCO LEVE,ABRIL,0.0
1609,2023-04-28,2023,ESPACO UNIMED,PERICLES,MEDIAS CASAS,CASA DE SHOWS,PAGODE,71.0,3664863.0,False,7930.0,Cadeira Inferior,200.0,220.0,INTERMEDIARIO,SEXTA-FEIRA,DIA UTIL,CHUVISCO LEVE,ABRIL,0.0
1610,2023-04-28,2023,ESPACO UNIMED,PERICLES,MEDIAS CASAS,CASA DE SHOWS,PAGODE,71.0,3664863.0,False,7930.0,Pista,160.0,220.0,COMUM,SEXTA-FEIRA,DIA UTIL,CHUVISCO LEVE,ABRIL,0.0
1611,2024-11-08,2024,TERRA SP,PERICLES,MEDIAS CASAS,CASA DE SHOWS,PAGODE,71.0,3664863.0,False,3200.0,Pista,100.0,175.0,COMUM,SEXTA-FEIRA,DIA UTIL,CHUVA MODERADA,NOVEMBRO,560.0
1612,2024-11-08,2024,TERRA SP,PERICLES,MEDIAS CASAS,CASA DE SHOWS,PAGODE,71.0,3664863.0,False,3200.0,Pista Premium,250.0,175.0,VIP,SEXTA-FEIRA,DIA UTIL,CHUVA MODERADA,NOVEMBRO,0.0
1613,2024-11-08,2024,TERRA SP,PERICLES,MEDIAS CASAS,CASA DE SHOWS,PAGODE,71.0,3664863.0,False,3200.0,Pista,100.0,175.0,COMUM,SEXTA-FEIRA,DIA UTIL,CHUVA MODERADA,NOVEMBRO,0.0
1614,2024-03-24,2024,AUTODROMO DE INTERLAGOS,TZ DA CORONEL,ARENAS E ESTADIOS,AREA EXTERNA PARA EVENTOS,BRAZILIAN TRAP,70.0,3660894.0,LOLLAPALOOZA,80000.0,Lolla Pista,1100.0,1700.0,COMUM,DOMINGO,FIM DE SEMANA,CHUVA LEVE,MARÇO,-538.0
1615,2024-03-24,2024,AUTODROMO DE INTERLAGOS,TZ DA CORONEL,ARENAS E ESTADIOS,AREA EXTERNA PARA EVENTOS,BRAZILIAN TRAP,70.0,3660894.0,LOLLAPALOOZA,80000.0,Lolla Lounge,2250.0,1700.0,LUXO,DOMINGO,FIM DE SEMANA,CHUVA LEVE,MARÇO,0.0
1616,2024-03-24,2024,AUTODROMO DE INTERLAGOS,TZ DA CORONEL,ARENAS E ESTADIOS,AREA EXTERNA PARA EVENTOS,BRAZILIAN TRAP,70.0,3660894.0,LOLLAPALOOZA,80000.0,Lolla Confort,1750.0,1700.0,VIP,DOMINGO,FIM DE SEMANA,CHUVA LEVE,MARÇO,0.0
1617,2025-09-12,2025,AUTODROMO DE INTERLAGOS,TZ DA CORONEL,ARENAS E ESTADIOS,AREA EXTERNA PARA EVENTOS,BRAZILIAN TRAP,70.0,3660894.0,THE TOWN,75000.0,Pista,975.0,975.0,COMUM,SEXTA-FEIRA,DIA UTIL,NUBLADO,SETEMBRO,537.0
1618,2025-11-21,2025,NEO QUIMICA ARENA,TZ DA CORONEL,ARENAS E ESTADIOS,ESTADIO MULTIUSO,BRAZILIAN TRAP,70.0,3660894.0,False,20000.0,Pista,110.0,110.0,COMUM,SEXTA-FEIRA,DIA UTIL,<FUNCTION SERIES.MODE AT 0X0000027829051A80>,NOVEMBRO,70.0
1619,2025-04-10,2025,ESPACO UNIMED,INCUBUS,MEDIAS CASAS,CASA DE SHOWS,NU METAL,70.0,3658670.0,False,8648.0,Pista,400.0,1368.3333333333333,COMUM,QUINTA-FEIRA,DIA UTIL,CHUVA MODERADA,ABRIL,383.0
1620,2025-04-10,2025,ESPACO UNIMED,INCUBUS,MEDIAS CASAS,CASA DE SHOWS,NU METAL,70.0,3658670.0,False,8648.0,Pista Premium,720.0,1368.3333333333333,VIP,QUINTA-FEIRA,DIA UTIL,CHUVA MODERADA,ABRIL,0.0
1621,2025-04-10,2025,ESPACO UNIMED,INCUBUS,MEDIAS CASAS,CASA DE SHOWS,NU METAL,70.0,3658670.0,False,8648.0,Camarote,650.0,1368.3333333333333,LUXO,QUINTA-FEIRA,DIA UTIL,CHUVA MODERADA,ABRIL,0.0
1622,2025-04-10,2025,ESPACO UNIMED,INCUBUS,MEDIAS CASAS,CASA DE SHOWS,NU METAL,70.0,3658670.0,False,8648.0,Mezanino ,750.0,1368.3333333333333,INTERMEDIARIO,QUINTA-FEIRA,DIA UTIL,CHUVA MODERADA,ABRIL,0.0
1623,2025-04-10,2025,ESPACO UNIMED,INCUBUS,MEDIAS CASAS,CASA DE SHOWS,NU METAL,70.0,3658670.0,False,8648.0,VIP I,2470.0,1368.3333333333333,VIP,QUINTA-FEIRA,DIA UTIL,CHUVA MODERADA,ABRIL,0.0
1624,2025-04-10,2025,ESPACO UNIMED,INCUBUS,MEDIAS CASAS,CASA DE SHOWS,NU METAL,70.0,3658670.0,False,8648.0,VIP II,3220.0,1368.3333333333333,ULTRA VIP,QUINTA-FEIRA,DIA UTIL,CHUVA MODERADA,ABRIL,0.0
1625,2024-11-23,2024,ALLIANZ PARQUE,LENNY KRAVITZ,ARENAS E ESTADIOS,ESTADIO MULTIUSO,ROCK,72.0,3624292.0,False,17720.0,Pista,480.0,574.0,COMUM,SABADO,FIM DE SEMANA,CHUVISCO MODERADO,NOVEMBRO,14.0
1626,2024-11-23,2024,ALLIANZ PARQUE,LENNY KRAVITZ,ARENAS E ESTADIOS,ESTADIO MULTIUSO,ROCK,72.0,3624292.0,False,17720.0,Pista Premium,850.0,574.0,VIP,SABADO,FIM DE SEMANA,CHUVISCO MODERADO,NOVEMBRO,0.0
1627,2024-11-23,2024,ALLIANZ PARQUE,LENNY KRAVITZ,ARENAS E ESTADIOS,ESTADIO MULTIUSO,ROCK,72.0,3624292.0,False,17720.0,Cadeira Inferior,680.0,574.0,INTERMEDIARIO,SABADO,FIM DE SEMANA,CHUVISCO MODERADO,NOVEMBRO,0.0
1628,2024-11-23,2024,ALLIANZ PARQUE,LENNY KRAVITZ,ARENAS E ESTADIOS,ESTADIO MULTIUSO,ROCK,72.0,3624292.0,False,17720.0,Cadeira Inferior Visão Parcial,480.0,574.0,COMUM,SABADO,FIM DE SEMANA,CHUVISCO MODERADO,NOVEMBRO,0.0
1629,2024-11-23,2024,ALLIANZ PARQUE,LENNY KRAVITZ,ARENAS E ESTADIOS,ESTADIO MULTIUSO,ROCK,72.0,3624292.0,False,17720.0,Cadeira Superior,380.0,574.0,INTERMEDIARIO,SABADO,FIM DE SEMANA,CHUVISCO MODERADO,NOVEMBRO,0.0
1630,2024-08-24,2024,ALLIANZ PARQUE,NATIRUTS,ARENAS E ESTADIOS,ESTADIO MULTIUSO,REGGAE,69.0,3611661.0,False,50000.0,Pista,290.0,266.6666666666667,COMUM,SABADO,FIM DE SEMANA,CHUVA MODERADA,AGOSTO,999.0
1631,2024-08-24,2024,ALLIANZ PARQUE,NATIRUTS,ARENAS E ESTADIOS,ESTADIO MULTIUSO,REGGAE,69.0,3611661.0,False,50000.0,Pista Premium,390.0,266.6666666666667,VIP,SABADO,FIM DE SEMANA,CHUVA MODERADA,AGOSTO,0.0
1632,2024-08-24,2024,ALLIANZ PARQUE,NATIRUTS,ARENAS E ESTADIOS,ESTADIO MULTIUSO,REGGAE,69.0,3611661.0,False,50000.0,Cadeira Superior,120.0,266.6666666666667,INTERMEDIARIO,SABADO,FIM DE SEMANA,CHUVA MODERADA,AGOSTO,0.0
1633,2024-08-24,2024,ALLIANZ PARQUE,NATIRUTS,ARENAS E ESTADIOS,ESTADIO MULTIUSO,REGGAE,69.0,3611661.0,False,50000.0,Pista,290.0,266.6666666666667,COMUM,SABADO,FIM DE SEMANA,CHUVA MODERADA,AGOSTO,0.0
1634,2024-08-25,2024,ALLIANZ PARQUE,NATIRUTS,ARENAS E ESTADIOS,ESTADIO MULTIUSO,REGGAE,69.0,3611661.0,False,50000.0,Pista,290.0,266.6666666666667,COMUM,DOMINGO,FIM DE SEMANA,CHUVA LEVE,AGOSTO,1.0
1635,2024-08-25,2024,ALLIANZ PARQUE,NATIRUTS,ARENAS E ESTADIOS,ESTADIO MULTIUSO,REGGAE,69.0,3611661.0,False,50000.0,Pista Premium,390.0,266.6666666666667,VIP,DOMINGO,FIM DE SEMANA,CHUVA LEVE,AGOSTO,0.0
1636,2024-08-25,2024,ALLIANZ PARQUE,NATIRUTS,ARENAS E ESTADIOS,ESTADIO MULTIUSO,REGGAE,69.0,3611661.0,False,50000.0,Cadeira Superior,120.0,266.6666666666667,INTERMEDIARIO,DOMINGO,FIM DE SEMANA,CHUVA LEVE,AGOSTO,0.0
1637,2024-08-25,2024,ALLIANZ PARQUE,NATIRUTS,ARENAS E ESTADIOS,ESTADIO MULTIUSO,REGGAE,69.0,3611661.0,False,50000.0,Pista,290.0,266.6666666666667,COMUM,DOMINGO,FIM DE SEMANA,CHUVA LEVE,AGOSTO,0.0
1638,2024-08-30,2024,ALLIANZ PARQUE,NATIRUTS,ARENAS E ESTADIOS,ESTADIO MULTIUSO,REGGAE,69.0,3611661.0,False,50000.0,Pista,290.0,266.6666666666667,COMUM,SEXTA-FEIRA,DIA UTIL,CEU LIMPO,AGOSTO,5.0
1639,2024-08-30,2024,ALLIANZ PARQUE,NATIRUTS,ARENAS E ESTADIOS,ESTADIO MULTIUSO,REGGAE,69.0,3611661.0,False,50000.0,Pista Premium,390.0,266.6666666666667,VIP,SEXTA-FEIRA,DIA UTIL,CEU LIMPO,AGOSTO,0.0
1640,2024-08-30,2024,ALLIANZ PARQUE,NATIRUTS,ARENAS E ESTADIOS,ESTADIO MULTIUSO,REGGAE,69.0,3611661.0,False,50000.0,Cadeira Superior,120.0,266.6666666666667,INTERMEDIARIO,SEXTA-FEIRA,DIA UTIL,CEU LIMPO,AGOSTO,0.0
1641,2024-08-30,2024,ALLIANZ PARQUE,NATIRUTS,ARENAS E ESTADIOS,ESTADIO MULTIUSO,REGGAE,69.0,3611661.0,False,50000.0,Pista,290.0,266.6666666666667,COMUM,SEXTA-FEIRA,DIA UTIL,CEU LIMPO,AGOSTO,0.0
1642,2024-08-31,2024,ALLIANZ PARQUE,NATIRUTS,ARENAS E ESTADIOS,ESTADIO MULTIUSO,REGGAE,69.0,3611661.0,False,50000.0,Pista,290.0,266.6666666666667,COMUM,SABADO,FIM DE SEMANA,PARCIALMENTE NUBLADO,AGOSTO,1.0
1643,2024-08-31,2024,ALLIANZ PARQUE,NATIRUTS,ARENAS E ESTADIOS,ESTADIO MULTIUSO,REGGAE,69.0,3611661.0,False,50000.0,Pista Premium,390.0,266.6666666666667,VIP,SABADO,FIM DE SEMANA,PARCIALMENTE NUBLADO,AGOSTO,0.0
1644,2024-08-31,2024,ALLIANZ PARQUE,NATIRUTS,ARENAS E ESTADIOS,ESTADIO MULTIUSO,REGGAE,69.0,3611661.0,False,50000.0,Cadeira Superior,120.0,266.6666666666667,INTERMEDIARIO,SABADO,FIM DE SEMANA,PARCIALMENTE NUBLADO,AGOSTO,0.0
1645,2024-08-31,2024,ALLIANZ PARQUE,NATIRUTS,ARENAS E ESTADIOS,ESTADIO MULTIUSO,REGGAE,69.0,3611661.0,False,50000.0,Pista,290.0,266.6666666666667,COMUM,SABADO,FIM DE SEMANA,PARCIALMENTE NUBLADO,AGOSTO,0.0
1646,2025-07-18,2025,ALLIANZ PARQUE,NATIRUTS,ARENAS E ESTADIOS,ESTADIO MULTIUSO,REGGAE,69.0,3611661.0,False,0.0,Pista,290.0,477.5,COMUM,SEXTA-FEIRA,DIA UTIL,NUBLADO,JULHO,321.0
1647,2025-07-18,2025,ALLIANZ PARQUE,NATIRUTS,ARENAS E ESTADIOS,ESTADIO MULTIUSO,REGGAE,69.0,3611661.0,False,0.0,Pista Premium,490.0,477.5,VIP,SEXTA-FEIRA,DIA UTIL,NUBLADO,JULHO,0.0
1648,2025-07-18,2025,ALLIANZ PARQUE,NATIRUTS,ARENAS E ESTADIOS,ESTADIO MULTIUSO,REGGAE,69.0,3611661.0,False,0.0,Cadeira Superior,140.0,477.5,INTERMEDIARIO,SEXTA-FEIRA,DIA UTIL,NUBLADO,JULHO,0.0
1649,2025-07-18,2025,ALLIANZ PARQUE,NATIRUTS,ARENAS E ESTADIOS,ESTADIO MULTIUSO,REGGAE,69.0,3611661.0,False,0.0,VIP I,990.0,477.5,VIP,SEXTA-FEIRA,DIA UTIL,NUBLADO,JULHO,0.0
1650,2025-07-18,2025,ALLIANZ PARQUE,NATIRUTS,ARENAS E ESTADIOS,ESTADIO MULTIUSO,REGGAE,69.0,3611661.0,False,0.0,Pista,290.0,477.5,COMUM,SEXTA-FEIRA,DIA UTIL,NUBLADO,JULHO,0.0
1651,2025-07-19,2025,ALLIANZ PARQUE,NATIRUTS,ARENAS E ESTADIOS,ESTADIO MULTIUSO,REGGAE,69.0,3611661.0,False,50000.0,Pista,290.0,477.5,COMUM,SABADO,FIM DE SEMANA,NUBLADO,JULHO,1.0
1652,2025-07-19,2025,ALLIANZ PARQUE,NATIRUTS,ARENAS E ESTADIOS,ESTADIO MULTIUSO,REGGAE,69.0,3611661.0,False,50000.0,Pista Premium,490.0,477.5,VIP,SABADO,FIM DE SEMANA,NUBLADO,JULHO,0.0
1653,2025-07-19,2025,ALLIANZ PARQUE,NATIRUTS,ARENAS E ESTADIOS,ESTADIO MULTIUSO,REGGAE,69.0,3611661.0,False,50000.0,Cadeira Superior,140.0,477.5,INTERMEDIARIO,SABADO,FIM DE SEMANA,NUBLADO,JULHO,0.0
1654,2025-07-19,2025,ALLIANZ PARQUE,NATIRUTS,ARENAS E ESTADIOS,ESTADIO MULTIUSO,REGGAE,69.0,3611661.0,False,50000.0,VIP I,990.0,477.5,VIP,SABADO,FIM DE SEMANA,NUBLADO,JULHO,0.0
1655,2025-07-19,2025,ALLIANZ PARQUE,NATIRUTS,ARENAS E ESTADIOS,ESTADIO MULTIUSO,REGGAE,69.0,3611661.0,False,50000.0,Pista,290.0,477.5,COMUM,SABADO,FIM DE SEMANA,NUBLADO,JULHO,0.0
1656,2022-09-03,2022,AUDIO,BULLET FOR MY VALENTINE,MEDIAS CASAS,CASA DE SHOWS,METALCORE,67.0,3516097.0,False,3200.0,Pista,495.0,605.0,COMUM,SABADO,FIM DE SEMANA,CHUVA LEVE,SETEMBRO,-104.0
1657,2022-09-03,2022,AUDIO,BULLET FOR MY VALENTINE,MEDIAS CASAS,CASA DE SHOWS,METALCORE,67.0,3516097.0,False,3200.0,Pista Premium,895.0,605.0,VIP,SABADO,FIM DE SEMANA,CHUVA LEVE,SETEMBRO,0.0
1658,2022-09-03,2022,AUDIO,BULLET FOR MY VALENTINE,MEDIAS CASAS,CASA DE SHOWS,METALCORE,67.0,3516097.0,False,3200.0,Cadeira Inferior,665.0,605.0,INTERMEDIARIO,SABADO,FIM DE SEMANA,CHUVA LEVE,SETEMBRO,0.0
1659,2022-09-03,2022,AUDIO,BULLET FOR MY VALENTINE,MEDIAS CASAS,CASA DE SHOWS,METALCORE,67.0,3516097.0,False,3200.0,Cadeira Superior,365.0,605.0,INTERMEDIARIO,SABADO,FIM DE SEMANA,CHUVA LEVE,SETEMBRO,0.0
1660,2023-03-12,2023,AUDIO,WIU,MEDIAS CASAS,CASA DE SHOWS,BRAZILIAN TRAP,73.0,3505650.0,False,3200.0,Pista,120.0,120.0,COMUM,DOMINGO,FIM DE SEMANA,CHUVA MODERADA,MARÇO,-985.0
1661,2025-05-29,2025,AUDIO,WIU,MEDIAS CASAS,CASA DE SHOWS,BRAZILIAN TRAP,73.0,3505650.0,False,3200.0,Pista,100.0,166.66666666666666,COMUM,QUINTA-FEIRA,DIA UTIL,CHUVISCO MODERADO,MAIO,809.0
1662,2025-05-29,2025,AUDIO,WIU,MEDIAS CASAS,CASA DE SHOWS,BRAZILIAN TRAP,73.0,3505650.0,False,3200.0,Pista Premium,240.0,166.66666666666666,VIP,QUINTA-FEIRA,DIA UTIL,CHUVISCO MODERADO,MAIO,0.0
1663,2025-05-29,2025,AUDIO,WIU,MEDIAS CASAS,CASA DE SHOWS,BRAZILIAN TRAP,73.0,3505650.0,False,3200.0,Mezanino ,160.0,166.66666666666666,INTERMEDIARIO,QUINTA-FEIRA,DIA UTIL,CHUVISCO MODERADO,MAIO,0.0
1664,2023-09-03,2023,AUTODROMO DE INTERLAGOS,WIU,ARENAS E ESTADIOS,AREA EXTERNA PARA EVENTOS,BRAZILIAN TRAP,73.0,3505650.0,THE TOWN,100000.0,Pista,815.0,815.0,COMUM,DOMINGO,FIM DE SEMANA,CHUVISCO INTENSO,SETEMBRO,-634.0
1665,2025-09-06,2025,AUTODROMO DE INTERLAGOS,WIU,ARENAS E ESTADIOS,AREA EXTERNA PARA EVENTOS,BRAZILIAN TRAP,73.0,3505650.0,THE TOWN,100000.0,Pista,975.0,975.0,COMUM,SABADO,FIM DE SEMANA,CHUVISCO LEVE,SETEMBRO,734.0
1666,2024-06-09,2024,ALLIANZ PARQUE,WIU,ARENAS E ESTADIOS,ESTADIO MULTIUSO,BRAZILIAN TRAP,73.0,3505650.0,False,21188.0,Pista,250.0,464.0,COMUM,DOMINGO,FIM DE SEMANA,NUBLADO,JUNHO,-454.0
1667,2024-06-09,2024,ALLIANZ PARQUE,WIU,ARENAS E ESTADIOS,ESTADIO MULTIUSO,BRAZILIAN TRAP,73.0,3505650.0,False,21188.0,Pista Premium,490.0,464.0,VIP,DOMINGO,FIM DE SEMANA,NUBLADO,JUNHO,0.0
1668,2024-06-09,2024,ALLIANZ PARQUE,WIU,ARENAS E ESTADIOS,ESTADIO MULTIUSO,BRAZILIAN TRAP,73.0,3505650.0,False,21188.0,Cadeira Inferior,290.0,464.0,INTERMEDIARIO,DOMINGO,FIM DE SEMANA,NUBLADO,JUNHO,0.0
1669,2024-06-09,2024,ALLIANZ PARQUE,WIU,ARENAS E ESTADIOS,ESTADIO MULTIUSO,BRAZILIAN TRAP,73.0,3505650.0,False,21188.0,Cadeira Superior,100.0,464.0,INTERMEDIARIO,DOMINGO,FIM DE SEMANA,NUBLADO,JUNHO,0.0
1670,2024-06-09,2024,ALLIANZ PARQUE,WIU,ARENAS E ESTADIOS,ESTADIO MULTIUSO,BRAZILIAN TRAP,73.0,3505650.0,False,21188.0,VIP I,1190.0,464.0,VIP,DOMINGO,FIM DE SEMANA,NUBLADO,JUNHO,0.0
1671,2024-01-25,2024,MEMORIAL DA AMERICA LATINA,WIU,GRANDES CASAS,AREA EXTERNA PARA EVENTOS,BRAZILIAN TRAP,73.0,3505650.0,False,20000.0,Pista,280.0,480.0,COMUM,QUINTA-FEIRA,FERIADO MUNICIPAL,CHUVA MODERADA,JANEIRO,-136.0
1672,2024-01-25,2024,MEMORIAL DA AMERICA LATINA,WIU,GRANDES CASAS,AREA EXTERNA PARA EVENTOS,BRAZILIAN TRAP,73.0,3505650.0,False,20000.0,Open Bar,680.0,480.0,VIP,QUINTA-FEIRA,FERIADO MUNICIPAL,CHUVA MODERADA,JANEIRO,0.0
1673,2022-03-18,2022,ESPACO DAS AMERICAS,JAO,MEDIAS CASAS,CASA DE SHOWS,BRAZILIAN POP,63.0,3435550.0,False,6000.0,Pista,140.0,220.0,COMUM,SEXTA-FEIRA,DIA UTIL,CHUVA LEVE,MARÇO,-154.0
1674,2022-03-18,2022,ESPACO DAS AMERICAS,JAO,MEDIAS CASAS,CASA DE SHOWS,BRAZILIAN POP,63.0,3435550.0,False,6000.0,Pista Premium,300.0,220.0,VIP,SEXTA-FEIRA,DIA UTIL,CHUVA LEVE,MARÇO,0.0
1675,2022-04-14,2022,ESPACO DAS AMERICAS,JAO,MEDIAS CASAS,CASA DE SHOWS,BRAZILIAN POP,63.0,3435550.0,False,8000.0,Pista,140.0,220.0,COMUM,QUINTA-FEIRA,DIA UTIL,CHUVA LEVE,ABRIL,27.0
1676,2022-04-14,2022,ESPACO DAS AMERICAS,JAO,MEDIAS CASAS,CASA DE SHOWS,BRAZILIAN POP,63.0,3435550.0,False,8000.0,Pista Premium,300.0,220.0,VIP,QUINTA-FEIRA,DIA UTIL,CHUVA LEVE,ABRIL,0.0
1677,2022-03-26,2022,AUTODROMO DE INTERLAGOS,JAO,ARENAS E ESTADIOS,AREA EXTERNA PARA EVENTOS,BRAZILIAN POP,63.0,3435550.0,LOLLAPALOOZA,103000.0,Lolla Pista,1050.0,1763.3333333333333,COMUM,SABADO,FIM DE SEMANA,CHUVISCO LEVE,MARÇO,-19.0
1678,2022-03-26,2022,AUTODROMO DE INTERLAGOS,JAO,ARENAS E ESTADIOS,AREA EXTERNA PARA EVENTOS,BRAZILIAN POP,63.0,3435550.0,LOLLAPALOOZA,103000.0,Lolla Lounge,2400.0,1763.3333333333333,LUXO,SABADO,FIM DE SEMANA,CHUVISCO LEVE,MARÇO,0.0
1679,2022-03-26,2022,AUTODROMO DE INTERLAGOS,JAO,ARENAS E ESTADIOS,AREA EXTERNA PARA EVENTOS,BRAZILIAN POP,63.0,3435550.0,LOLLAPALOOZA,103000.0,Lolla Confort,1840.0,1763.3333333333333,VIP,SABADO,FIM DE SEMANA,CHUVISCO LEVE,MARÇO,0.0
1680,2023-09-10,2023,AUTODROMO DE INTERLAGOS,JAO,ARENAS E ESTADIOS,AREA EXTERNA PARA EVENTOS,BRAZILIAN POP,63.0,3435550.0,THE TOWN,100000.0,Pista,815.0,815.0,COMUM,DOMINGO,FIM DE SEMANA,NUBLADO,SETEMBRO,533.0
1681,2025-03-28,2025,AUTODROMO DE INTERLAGOS,JAO,ARENAS E ESTADIOS,AREA EXTERNA PARA EVENTOS,BRAZILIAN POP,63.0,3435550.0,LOLLAPALOOZA,80000.0,Lolla Pista,1050.0,1678.1666666666667,COMUM,SEXTA-FEIRA,DIA UTIL,CHUVA LEVE,MARÇO,565.0
1682,2025-03-28,2025,AUTODROMO DE INTERLAGOS,JAO,ARENAS E ESTADIOS,AREA EXTERNA PARA EVENTOS,BRAZILIAN POP,63.0,3435550.0,LOLLAPALOOZA,80000.0,Lolla Lounge,2310.0,1678.1666666666667,LUXO,SEXTA-FEIRA,DIA UTIL,CHUVA LEVE,MARÇO,0.0
1683,2025-03-28,2025,AUTODROMO DE INTERLAGOS,JAO,ARENAS E ESTADIOS,AREA EXTERNA PARA EVENTOS,BRAZILIAN POP,63.0,3435550.0,LOLLAPALOOZA,80000.0,Lolla Confort,1674.5,1678.1666666666667,VIP,SEXTA-FEIRA,DIA UTIL,CHUVA LEVE,MARÇO,0.0
1684,2022-04-05,2022,ALLIANZ PARQUE,JAO,ARENAS E ESTADIOS,ESTADIO MULTIUSO,BRAZILIAN POP,63.0,3435550.0,False,46881.0,Pista,815.0,815.0,COMUM,TERCA-FEIRA,DIA UTIL,CHUVA LEVE,ABRIL,-1088.0
1685,2024-01-20,2024,ALLIANZ PARQUE,JAO,ARENAS E ESTADIOS,ESTADIO MULTIUSO,BRAZILIAN POP,63.0,3435550.0,False,50000.0,Pista,180.0,400.8333333333333,COMUM,SABADO,FIM DE SEMANA,CHUVA MODERADA,JANEIRO,655.0
1686,2024-01-20,2024,ALLIANZ PARQUE,JAO,ARENAS E ESTADIOS,ESTADIO MULTIUSO,BRAZILIAN POP,63.0,3435550.0,False,50000.0,Pista Premium,350.0,400.8333333333333,VIP,SABADO,FIM DE SEMANA,CHUVA MODERADA,JANEIRO,0.0
1687,2024-01-20,2024,ALLIANZ PARQUE,JAO,ARENAS E ESTADIOS,ESTADIO MULTIUSO,BRAZILIAN POP,63.0,3435550.0,False,50000.0,Cadeira Inferior,125.0,400.8333333333333,INTERMEDIARIO,SABADO,FIM DE SEMANA,CHUVA MODERADA,JANEIRO,0.0
1688,2024-01-20,2024,ALLIANZ PARQUE,JAO,ARENAS E ESTADIOS,ESTADIO MULTIUSO,BRAZILIAN POP,63.0,3435550.0,False,50000.0,Cadeira Superior,60.0,400.8333333333333,INTERMEDIARIO,SABADO,FIM DE SEMANA,CHUVA MODERADA,JANEIRO,0.0
1689,2024-01-20,2024,ALLIANZ PARQUE,JAO,ARENAS E ESTADIOS,ESTADIO MULTIUSO,BRAZILIAN POP,63.0,3435550.0,False,50000.0,VIP I,790.0,400.8333333333333,VIP,SABADO,FIM DE SEMANA,CHUVA MODERADA,JANEIRO,0.0
1690,2024-01-20,2024,ALLIANZ PARQUE,JAO,ARENAS E ESTADIOS,ESTADIO MULTIUSO,BRAZILIAN POP,63.0,3435550.0,False,50000.0,VIP II,900.0,400.8333333333333,ULTRA VIP,SABADO,FIM DE SEMANA,CHUVA MODERADA,JANEIRO,0.0
1691,2024-01-21,2024,ALLIANZ PARQUE,JAO,ARENAS E ESTADIOS,ESTADIO MULTIUSO,BRAZILIAN POP,63.0,3435550.0,False,47000.0,Pista,180.0,400.8333333333333,COMUM,DOMINGO,FIM DE SEMANA,CHUVA LEVE,JANEIRO,1.0
1692,2024-01-21,2024,ALLIANZ PARQUE,JAO,ARENAS E ESTADIOS,ESTADIO MULTIUSO,BRAZILIAN POP,63.0,3435550.0,False,47000.0,Pista Premium,350.0,400.8333333333333,VIP,DOMINGO,FIM DE SEMANA,CHUVA LEVE,JANEIRO,0.0
1693,2024-01-21,2024,ALLIANZ PARQUE,JAO,ARENAS E ESTADIOS,ESTADIO MULTIUSO,BRAZILIAN POP,63.0,3435550.0,False,47000.0,Cadeira Inferior,125.0,400.8333333333333,INTERMEDIARIO,DOMINGO,FIM DE SEMANA,CHUVA LEVE,JANEIRO,0.0
1694,2024-01-21,2024,ALLIANZ PARQUE,JAO,ARENAS E ESTADIOS,ESTADIO MULTIUSO,BRAZILIAN POP,63.0,3435550.0,False,47000.0,Cadeira Superior,60.0,400.8333333333333,INTERMEDIARIO,DOMINGO,FIM DE SEMANA,CHUVA LEVE,JANEIRO,0.0
1695,2024-01-21,2024,ALLIANZ PARQUE,JAO,ARENAS E ESTADIOS,ESTADIO MULTIUSO,BRAZILIAN POP,63.0,3435550.0,False,47000.0,VIP I,790.0,400.8333333333333,VIP,DOMINGO,FIM DE SEMANA,CHUVA LEVE,JANEIRO,0.0
1696,2024-01-21,2024,ALLIANZ PARQUE,JAO,ARENAS E ESTADIOS,ESTADIO MULTIUSO,BRAZILIAN POP,63.0,3435550.0,False,47000.0,VIP II,900.0,400.8333333333333,ULTRA VIP,DOMINGO,FIM DE SEMANA,CHUVA LEVE,JANEIRO,0.0
1697,2022-06-22,2022,TOKIO MARINE HALL,JAO,MEDIAS CASAS,CASA DE SHOWS,BRAZILIAN POP,63.0,3435550.0,False,4000.0,Pista,100.0,170.0,COMUM,QUARTA-FEIRA,DIA UTIL,NUBLADO,JUNHO,-578.0
1698,2022-06-22,2022,TOKIO MARINE HALL,JAO,MEDIAS CASAS,CASA DE SHOWS,BRAZILIAN POP,63.0,3435550.0,False,4000.0,Pista Premium,240.0,170.0,VIP,QUARTA-FEIRA,DIA UTIL,NUBLADO,JUNHO,0.0
1699,2022-05-27,2022,ESPACO UNIMED,JAO,MEDIAS CASAS,CASA DE SHOWS,BRAZILIAN POP,63.0,3435550.0,False,8000.0,Pista,140.0,220.0,COMUM,SEXTA-FEIRA,DIA UTIL,NUBLADO,MAIO,-26.0
1700,2022-05-27,2022,ESPACO UNIMED,JAO,MEDIAS CASAS,CASA DE SHOWS,BRAZILIAN POP,63.0,3435550.0,False,8000.0,Pista Premium,300.0,220.0,VIP,SEXTA-FEIRA,DIA UTIL,NUBLADO,MAIO,0.0
1701,2022-08-14,2022,ESPACO UNIMED,JAO,MEDIAS CASAS,CASA DE SHOWS,BRAZILIAN POP,63.0,3435550.0,False,8000.0,Pista,140.0,220.0,COMUM,DOMINGO,FIM DE SEMANA,CEU LIMPO,AGOSTO,79.0
1702,2022-08-14,2022,ESPACO UNIMED,JAO,MEDIAS CASAS,CASA DE SHOWS,BRAZILIAN POP,63.0,3435550.0,False,8000.0,Pista Premium,300.0,220.0,VIP,DOMINGO,FIM DE SEMANA,CEU LIMPO,AGOSTO,0.0
1703,2022-08-20,2022,ESPACO UNIMED,JAO,MEDIAS CASAS,CASA DE SHOWS,BRAZILIAN POP,63.0,3435550.0,False,8000.0,Pista,140.0,220.0,COMUM,SABADO,FIM DE SEMANA,CHUVISCO LEVE,AGOSTO,6.0
1704,2022-08-20,2022,ESPACO UNIMED,JAO,MEDIAS CASAS,CASA DE SHOWS,BRAZILIAN POP,63.0,3435550.0,False,8000.0,Pista Premium,300.0,220.0,VIP,SABADO,FIM DE SEMANA,CHUVISCO LEVE,AGOSTO,0.0
1705,2022-11-11,2022,ESPACO UNIMED,JAO,MEDIAS CASAS,CASA DE SHOWS,BRAZILIAN POP,63.0,3435550.0,False,8000.0,Pista,140.0,220.0,COMUM,SEXTA-FEIRA,DIA UTIL,CHUVA MODERADA,NOVEMBRO,83.0
1706,2022-11-11,2022,ESPACO UNIMED,JAO,MEDIAS CASAS,CASA DE SHOWS,BRAZILIAN POP,63.0,3435550.0,False,8000.0,Pista Premium,300.0,220.0,VIP,SEXTA-FEIRA,DIA UTIL,CHUVA MODERADA,NOVEMBRO,0.0
1707,2022-07-26,2022,VIBRA SAO PAULO,JAO,MEDIAS CASAS,TEATRO E CASA DE ESPETACULOS,BRAZILIAN POP,63.0,3435550.0,False,6500.0,Pista,975.0,975.0,COMUM,TERCA-FEIRA,DIA UTIL,NUBLADO,JULHO,-108.0
1708,2024-12-07,2024,VIBRA SAO PAULO,JAO,MEDIAS CASAS,TEATRO E CASA DE ESPETACULOS,BRAZILIAN POP,63.0,3435550.0,False,7000.0,Pista,350.0,425.0,COMUM,SABADO,FIM DE SEMANA,CHUVISCO LEVE,DEZEMBRO,865.0
1709,2024-12-07,2024,VIBRA SAO PAULO,JAO,MEDIAS CASAS,TEATRO E CASA DE ESPETACULOS,BRAZILIAN POP,63.0,3435550.0,False,7000.0,Pista Premium,500.0,425.0,VIP,SABADO,FIM DE SEMANA,CHUVISCO LEVE,DEZEMBRO,0.0
1710,2024-12-08,2024,VIBRA SAO PAULO,JAO,MEDIAS CASAS,TEATRO E CASA DE ESPETACULOS,BRAZILIAN POP,63.0,3435550.0,False,7000.0,Pista,350.0,425.0,COMUM,DOMINGO,FIM DE SEMANA,CHUVA LEVE,DEZEMBRO,1.0
1711,2024-12-08,2024,VIBRA SAO PAULO,JAO,MEDIAS CASAS,TEATRO E CASA DE ESPETACULOS,BRAZILIAN POP,63.0,3435550.0,False,7000.0,Pista Premium,500.0,425.0,VIP,DOMINGO,FIM DE SEMANA,CHUVA LEVE,DEZEMBRO,0.0
1712,2025-03-16,2025,VIBRA SAO PAULO,JAO,MEDIAS CASAS,TEATRO E CASA DE ESPETACULOS,BRAZILIAN POP,63.0,3435550.0,False,6800.0,Pista,350.0,425.0,COMUM,DOMINGO,FIM DE SEMANA,CHUVA FORTE,MARÇO,98.0
1713,2025-03-16,2025,VIBRA SAO PAULO,JAO,MEDIAS CASAS,TEATRO E CASA DE ESPETACULOS,BRAZILIAN POP,63.0,3435550.0,False,6800.0,Pista Premium,500.0,425.0,VIP,DOMINGO,FIM DE SEMANA,CHUVA FORTE,MARÇO,0.0
1714,2025-03-08,2025,ALLIANZ PARQUE,SUBLIME,ARENAS E ESTADIOS,ESTADIO MULTIUSO,REGGAE ROCK,72.0,3413570.0,False,37608.0,Pista,890.0,623.3333333333334,COMUM,SABADO,FIM DE SEMANA,CHUVISCO MODERADO,MARÇO,999.0
1715,2025-03-08,2025,ALLIANZ PARQUE,SUBLIME,ARENAS E ESTADIOS,ESTADIO MULTIUSO,REGGAE ROCK,72.0,3413570.0,False,37608.0,Cadeira Inferior,590.0,623.3333333333334,INTERMEDIARIO,SABADO,FIM DE SEMANA,CHUVISCO MODERADO,MARÇO,0.0
1716,2025-03-08,2025,ALLIANZ PARQUE,SUBLIME,ARENAS E ESTADIOS,ESTADIO MULTIUSO,REGGAE ROCK,72.0,3413570.0,False,37608.0,Cadeira Superior,390.0,623.3333333333334,INTERMEDIARIO,SABADO,FIM DE SEMANA,CHUVISCO MODERADO,MARÇO,0.0
1717,2022-05-21,2022,ARENA ANHEMBI,XAND AVIAO,GRANDES CASAS,AREA EXTERNA PARA EVENTOS,FORRO,71.0,3394438.0,False,2200.0,Pista,100.0,120.0,COMUM,SABADO,FIM DE SEMANA,NUBLADO,MAIO,-210.0
1718,2022-05-21,2022,ARENA ANHEMBI,XAND AVIAO,GRANDES CASAS,AREA EXTERNA PARA EVENTOS,FORRO,71.0,3394438.0,False,2200.0,Pista Premium,140.0,120.0,VIP,SABADO,FIM DE SEMANA,NUBLADO,MAIO,0.0
1719,2022-05-21,2022,ARENA ANHEMBI,XAND AVIAO,GRANDES CASAS,AREA EXTERNA PARA EVENTOS,FORRO,71.0,3394438.0,False,2200.0,Pista,100.0,120.0,COMUM,SABADO,FIM DE SEMANA,NUBLADO,MAIO,0.0
1720,2024-06-09,2024,ALLIANZ PARQUE,XAND AVIAO,ARENAS E ESTADIOS,ESTADIO MULTIUSO,FORRO,71.0,3394438.0,False,21188.0,Pista,250.0,464.0,COMUM,DOMINGO,FIM DE SEMANA,NUBLADO,JUNHO,750.0
1721,2024-06-09,2024,ALLIANZ PARQUE,XAND AVIAO,ARENAS E ESTADIOS,ESTADIO MULTIUSO,FORRO,71.0,3394438.0,False,21188.0,Pista Premium,490.0,464.0,VIP,DOMINGO,FIM DE SEMANA,NUBLADO,JUNHO,0.0
1722,2024-06-09,2024,ALLIANZ PARQUE,XAND AVIAO,ARENAS E ESTADIOS,ESTADIO MULTIUSO,FORRO,71.0,3394438.0,False,21188.0,Cadeira Inferior,290.0,464.0,INTERMEDIARIO,DOMINGO,FIM DE SEMANA,NUBLADO,JUNHO,0.0
1723,2024-06-09,2024,ALLIANZ PARQUE,XAND AVIAO,ARENAS E ESTADIOS,ESTADIO MULTIUSO,FORRO,71.0,3394438.0,False,21188.0,Cadeira Superior,100.0,464.0,INTERMEDIARIO,DOMINGO,FIM DE SEMANA,NUBLADO,JUNHO,0.0
1724,2024-06-09,2024,ALLIANZ PARQUE,XAND AVIAO,ARENAS E ESTADIOS,ESTADIO MULTIUSO,FORRO,71.0,3394438.0,False,21188.0,VIP I,1190.0,464.0,VIP,DOMINGO,FIM DE SEMANA,NUBLADO,JUNHO,0.0
1725,2024-06-09,2024,ALLIANZ PARQUE,XAND AVIAO,ARENAS E ESTADIOS,ESTADIO MULTIUSO,FORRO,71.0,3394438.0,False,21188.0,Pista,250.0,464.0,COMUM,DOMINGO,FIM DE SEMANA,NUBLADO,JUNHO,0.0
1726,2023-02-21,2023,JOCKEY CLUB,XAND AVIAO,MEDIAS CASAS,CENTRO DE EVENTOS,FORRO,71.0,3394438.0,False,7000.0,Pista,170.0,280.0,COMUM,TERCA-FEIRA,FERIADO NACIONAL,CHUVA MODERADA,FEVEREIRO,-474.0
1727,2023-02-21,2023,JOCKEY CLUB,XAND AVIAO,MEDIAS CASAS,CENTRO DE EVENTOS,FORRO,71.0,3394438.0,False,7000.0,Open Bar,390.0,280.0,VIP,TERCA-FEIRA,FERIADO NACIONAL,CHUVA MODERADA,FEVEREIRO,0.0
1728,2023-02-21,2023,JOCKEY CLUB,XAND AVIAO,MEDIAS CASAS,CENTRO DE EVENTOS,FORRO,71.0,3394438.0,False,7000.0,Pista,170.0,280.0,COMUM,TERCA-FEIRA,FERIADO NACIONAL,CHUVA MODERADA,FEVEREIRO,0.0
1729,2023-04-30,2023,SAMBODROMO DO ANHEMBI,XAND AVIAO,ARENAS E ESTADIOS,AREA EXTERNA PARA EVENTOS,FORRO,71.0,3394438.0,False,20000.0,Pista,120.0,2093.333333333333,COMUM,DOMINGO,FIM DE SEMANA,CHUVISCO LEVE,ABRIL,68.0
1730,2023-04-30,2023,SAMBODROMO DO ANHEMBI,XAND AVIAO,ARENAS E ESTADIOS,AREA EXTERNA PARA EVENTOS,FORRO,71.0,3394438.0,False,20000.0,Pista Premium,160.0,2093.333333333333,VIP,DOMINGO,FIM DE SEMANA,CHUVISCO LEVE,ABRIL,0.0
1731,2023-04-30,2023,SAMBODROMO DO ANHEMBI,XAND AVIAO,ARENAS E ESTADIOS,AREA EXTERNA PARA EVENTOS,FORRO,71.0,3394438.0,False,20000.0,Camarote,6000.0,2093.333333333333,LUXO,DOMINGO,FIM DE SEMANA,CHUVISCO LEVE,ABRIL,0.0
1732,2023-04-30,2023,SAMBODROMO DO ANHEMBI,XAND AVIAO,ARENAS E ESTADIOS,AREA EXTERNA PARA EVENTOS,FORRO,71.0,3394438.0,False,20000.0,Pista,120.0,2093.333333333333,COMUM,DOMINGO,FIM DE SEMANA,CHUVISCO LEVE,ABRIL,0.0
1733,2022-08-20,2022,DISTRITO ANHEMBI,XAND AVIAO,GRANDES CASAS,AREA EXTERNA PARA EVENTOS,FORRO,71.0,3394438.0,False,45000.0,Pista Premium,1100.0,767.5,VIP,SABADO,FIM DE SEMANA,CHUVISCO LEVE,AGOSTO,-253.0
1734,2022-08-20,2022,DISTRITO ANHEMBI,XAND AVIAO,GRANDES CASAS,AREA EXTERNA PARA EVENTOS,FORRO,71.0,3394438.0,False,45000.0,Cadeira,380.0,767.5,INTERMEDIARIO,SABADO,FIM DE SEMANA,CHUVISCO LEVE,AGOSTO,0.0
1735,2022-08-20,2022,DISTRITO ANHEMBI,XAND AVIAO,GRANDES CASAS,AREA EXTERNA PARA EVENTOS,FORRO,71.0,3394438.0,False,45000.0,Arquibancada,190.0,767.5,COMUM,SABADO,FIM DE SEMANA,CHUVISCO LEVE,AGOSTO,0.0
1736,2022-08-20,2022,DISTRITO ANHEMBI,XAND AVIAO,GRANDES CASAS,AREA EXTERNA PARA EVENTOS,FORRO,71.0,3394438.0,False,45000.0,Frontstage,1400.0,767.5,VIP,SABADO,FIM DE SEMANA,CHUVISCO LEVE,AGOSTO,0.0
1737,2022-08-20,2022,DISTRITO ANHEMBI,XAND AVIAO,GRANDES CASAS,AREA EXTERNA PARA EVENTOS,FORRO,71.0,3394438.0,False,45000.0,Pista Premium,1100.0,767.5,VIP,SABADO,FIM DE SEMANA,CHUVISCO LEVE,AGOSTO,0.0
1738,2024-06-09,2024,ALLIANZ PARQUE,LUAN PEREIRA,ARENAS E ESTADIOS,ESTADIO MULTIUSO,AGRONEJO,74.0,3362344.0,False,21188.0,Pista,250.0,464.0,COMUM,DOMINGO,FIM DE SEMANA,NUBLADO,JUNHO,999.0
1739,2024-06-09,2024,ALLIANZ PARQUE,LUAN PEREIRA,ARENAS E ESTADIOS,ESTADIO MULTIUSO,AGRONEJO,74.0,3362344.0,False,21188.0,Pista Premium,490.0,464.0,VIP,DOMINGO,FIM DE SEMANA,NUBLADO,JUNHO,0.0
1740,2024-06-09,2024,ALLIANZ PARQUE,LUAN PEREIRA,ARENAS E ESTADIOS,ESTADIO MULTIUSO,AGRONEJO,74.0,3362344.0,False,21188.0,Cadeira Inferior,290.0,464.0,INTERMEDIARIO,DOMINGO,FIM DE SEMANA,NUBLADO,JUNHO,0.0
1741,2024-06-09,2024,ALLIANZ PARQUE,LUAN PEREIRA,ARENAS E ESTADIOS,ESTADIO MULTIUSO,AGRONEJO,74.0,3362344.0,False,21188.0,Cadeira Superior,100.0,464.0,INTERMEDIARIO,DOMINGO,FIM DE SEMANA,NUBLADO,JUNHO,0.0
1742,2024-06-09,2024,ALLIANZ PARQUE,LUAN PEREIRA,ARENAS E ESTADIOS,ESTADIO MULTIUSO,AGRONEJO,74.0,3362344.0,False,21188.0,VIP I,1190.0,464.0,VIP,DOMINGO,FIM DE SEMANA,NUBLADO,JUNHO,0.0
1743,2022-03-11,2022,ESPACO DAS AMERICAS,SKANK,MEDIAS CASAS,CASA DE SHOWS,BRAZILIAN ROCK,67.0,3332207.0,False,8000.0,Pista,140.0,257.5,COMUM,SEXTA-FEIRA,DIA UTIL,CHUVISCO MODERADO,MARÇO,-904.0
1744,2022-03-11,2022,ESPACO DAS AMERICAS,SKANK,MEDIAS CASAS,CASA DE SHOWS,BRAZILIAN ROCK,67.0,3332207.0,False,8000.0,Pista Premium,220.0,257.5,VIP,SEXTA-FEIRA,DIA UTIL,CHUVISCO MODERADO,MARÇO,0.0
1745,2022-03-11,2022,ESPACO DAS AMERICAS,SKANK,MEDIAS CASAS,CASA DE SHOWS,BRAZILIAN ROCK,67.0,3332207.0,False,8000.0,Camarote,380.0,257.5,LUXO,SEXTA-FEIRA,DIA UTIL,CHUVISCO MODERADO,MARÇO,0.0
1746,2022-03-11,2022,ESPACO DAS AMERICAS,SKANK,MEDIAS CASAS,CASA DE SHOWS,BRAZILIAN ROCK,67.0,3332207.0,False,8000.0,Mezanino ,290.0,257.5,INTERMEDIARIO,SEXTA-FEIRA,DIA UTIL,CHUVISCO MODERADO,MARÇO,0.0
1747,2022-03-12,2022,ESPACO DAS AMERICAS,SKANK,MEDIAS CASAS,CASA DE SHOWS,BRAZILIAN ROCK,67.0,3332207.0,False,8000.0,Pista,140.0,257.5,COMUM,SABADO,FIM DE SEMANA,CHUVA MODERADA,MARÇO,1.0
1748,2022-03-12,2022,ESPACO DAS AMERICAS,SKANK,MEDIAS CASAS,CASA DE SHOWS,BRAZILIAN ROCK,67.0,3332207.0,False,8000.0,Pista Premium,220.0,257.5,VIP,SABADO,FIM DE SEMANA,CHUVA MODERADA,MARÇO,0.0
1749,2022-03-12,2022,ESPACO DAS AMERICAS,SKANK,MEDIAS CASAS,CASA DE SHOWS,BRAZILIAN ROCK,67.0,3332207.0,False,8000.0,Camarote,380.0,257.5,LUXO,SABADO,FIM DE SEMANA,CHUVA MODERADA,MARÇO,0.0
1750,2022-03-12,2022,ESPACO DAS AMERICAS,SKANK,MEDIAS CASAS,CASA DE SHOWS,BRAZILIAN ROCK,67.0,3332207.0,False,8000.0,Mezanino ,290.0,257.5,INTERMEDIARIO,SABADO,FIM DE SEMANA,CHUVA MODERADA,MARÇO,0.0
1751,2022-03-13,2022,ESPACO DAS AMERICAS,SKANK,MEDIAS CASAS,CASA DE SHOWS,BRAZILIAN ROCK,67.0,3332207.0,False,8000.0,Pista,140.0,257.5,COMUM,DOMINGO,FIM DE SEMANA,CHUVISCO MODERADO,MARÇO,1.0
1752,2022-03-13,2022,ESPACO DAS AMERICAS,SKANK,MEDIAS CASAS,CASA DE SHOWS,BRAZILIAN ROCK,67.0,3332207.0,False,8000.0,Pista Premium,220.0,257.5,VIP,DOMINGO,FIM DE SEMANA,CHUVISCO MODERADO,MARÇO,0.0
1753,2022-03-13,2022,ESPACO DAS AMERICAS,SKANK,MEDIAS CASAS,CASA DE SHOWS,BRAZILIAN ROCK,67.0,3332207.0,False,8000.0,Camarote,380.0,257.5,LUXO,DOMINGO,FIM DE SEMANA,CHUVISCO MODERADO,MARÇO,0.0
1754,2022-03-13,2022,ESPACO DAS AMERICAS,SKANK,MEDIAS CASAS,CASA DE SHOWS,BRAZILIAN ROCK,67.0,3332207.0,False,8000.0,Mezanino ,290.0,257.5,INTERMEDIARIO,DOMINGO,FIM DE SEMANA,CHUVISCO MODERADO,MARÇO,0.0
1755,2022-10-21,2022,ESPACO UNIMED,SKANK,MEDIAS CASAS,CASA DE SHOWS,BRAZILIAN ROCK,67.0,3332207.0,False,8000.0,Pista,140.0,260.0,COMUM,SEXTA-FEIRA,DIA UTIL,CHUVA LEVE,OUTUBRO,222.0
1756,2022-10-21,2022,ESPACO UNIMED,SKANK,MEDIAS CASAS,CASA DE SHOWS,BRAZILIAN ROCK,67.0,3332207.0,False,8000.0,Pista Premium,200.0,260.0,VIP,SEXTA-FEIRA,DIA UTIL,CHUVA LEVE,OUTUBRO,0.0
1757,2022-10-21,2022,ESPACO UNIMED,SKANK,MEDIAS CASAS,CASA DE SHOWS,BRAZILIAN ROCK,67.0,3332207.0,False,8000.0,Camarote,420.0,260.0,LUXO,SEXTA-FEIRA,DIA UTIL,CHUVA LEVE,OUTUBRO,0.0
1758,2022-10-21,2022,ESPACO UNIMED,SKANK,MEDIAS CASAS,CASA DE SHOWS,BRAZILIAN ROCK,67.0,3332207.0,False,8000.0,Mezanino ,280.0,260.0,INTERMEDIARIO,SEXTA-FEIRA,DIA UTIL,CHUVA LEVE,OUTUBRO,0.0
1759,2022-10-22,2022,ESPACO UNIMED,SKANK,MEDIAS CASAS,CASA DE SHOWS,BRAZILIAN ROCK,67.0,3332207.0,False,8000.0,Pista,140.0,260.0,COMUM,SABADO,FIM DE SEMANA,CHUVA MODERADA,OUTUBRO,1.0
1760,2022-10-22,2022,ESPACO UNIMED,SKANK,MEDIAS CASAS,CASA DE SHOWS,BRAZILIAN ROCK,67.0,3332207.0,False,8000.0,Pista Premium,200.0,260.0,VIP,SABADO,FIM DE SEMANA,CHUVA MODERADA,OUTUBRO,0.0
1761,2022-10-22,2022,ESPACO UNIMED,SKANK,MEDIAS CASAS,CASA DE SHOWS,BRAZILIAN ROCK,67.0,3332207.0,False,8000.0,Camarote,420.0,260.0,LUXO,SABADO,FIM DE SEMANA,CHUVA MODERADA,OUTUBRO,0.0
1762,2022-10-22,2022,ESPACO UNIMED,SKANK,MEDIAS CASAS,CASA DE SHOWS,BRAZILIAN ROCK,67.0,3332207.0,False,8000.0,Mezanino ,280.0,260.0,INTERMEDIARIO,SABADO,FIM DE SEMANA,CHUVA MODERADA,OUTUBRO,0.0
1763,2023-03-17,2023,ESPACO UNIMED,SKANK,MEDIAS CASAS,CASA DE SHOWS,BRAZILIAN ROCK,67.0,3332207.0,False,8000.0,Pista,318.0,292.6666666666667,COMUM,SEXTA-FEIRA,DIA UTIL,CHUVISCO LEVE,MARÇO,146.0
1764,2023-03-17,2023,ESPACO UNIMED,SKANK,MEDIAS CASAS,CASA DE SHOWS,BRAZILIAN ROCK,67.0,3332207.0,False,8000.0,Camarote,420.0,292.6666666666667,LUXO,SEXTA-FEIRA,DIA UTIL,CHUVISCO LEVE,MARÇO,0.0
1765,2023-03-17,2023,ESPACO UNIMED,SKANK,MEDIAS CASAS,CASA DE SHOWS,BRAZILIAN ROCK,67.0,3332207.0,False,8000.0,Cadeira Superior,140.0,292.6666666666667,INTERMEDIARIO,SEXTA-FEIRA,DIA UTIL,CHUVISCO LEVE,MARÇO,0.0
1766,2023-03-18,2023,ESPACO UNIMED,SKANK,MEDIAS CASAS,CASA DE SHOWS,BRAZILIAN ROCK,67.0,3332207.0,False,8000.0,Pista,318.0,292.6666666666667,COMUM,SABADO,FIM DE SEMANA,NUBLADO,MARÇO,1.0
1767,2023-03-18,2023,ESPACO UNIMED,SKANK,MEDIAS CASAS,CASA DE SHOWS,BRAZILIAN ROCK,67.0,3332207.0,False,8000.0,Camarote,420.0,292.6666666666667,LUXO,SABADO,FIM DE SEMANA,NUBLADO,MARÇO,0.0
1768,2023-03-18,2023,ESPACO UNIMED,SKANK,MEDIAS CASAS,CASA DE SHOWS,BRAZILIAN ROCK,67.0,3332207.0,False,8000.0,Cadeira Superior,140.0,292.6666666666667,INTERMEDIARIO,SABADO,FIM DE SEMANA,NUBLADO,MARÇO,0.0
1769,2023-03-19,2023,ESPACO UNIMED,SKANK,MEDIAS CASAS,CASA DE SHOWS,BRAZILIAN ROCK,67.0,3332207.0,False,8000.0,Pista,318.0,292.6666666666667,COMUM,DOMINGO,FIM DE SEMANA,CHUVISCO LEVE,MARÇO,1.0
1770,2023-03-19,2023,ESPACO UNIMED,SKANK,MEDIAS CASAS,CASA DE SHOWS,BRAZILIAN ROCK,67.0,3332207.0,False,8000.0,Camarote,420.0,292.6666666666667,LUXO,DOMINGO,FIM DE SEMANA,CHUVISCO LEVE,MARÇO,0.0
1771,2023-03-19,2023,ESPACO UNIMED,SKANK,MEDIAS CASAS,CASA DE SHOWS,BRAZILIAN ROCK,67.0,3332207.0,False,8000.0,Cadeira Superior,140.0,292.6666666666667,INTERMEDIARIO,DOMINGO,FIM DE SEMANA,CHUVISCO LEVE,MARÇO,0.0
1772,2022-07-26,2022,VIBRA SAO PAULO,SKANK,MEDIAS CASAS,TEATRO E CASA DE ESPETACULOS,BRAZILIAN ROCK,67.0,3332207.0,False,6500.0,Lolla Pista,1050.0,1763.3333333333333,COMUM,TERCA-FEIRA,DIA UTIL,NUBLADO,JULHO,-236.0
1773,2022-07-26,2022,VIBRA SAO PAULO,SKANK,MEDIAS CASAS,TEATRO E CASA DE ESPETACULOS,BRAZILIAN ROCK,67.0,3332207.0,False,6500.0,Lolla Lounge,2400.0,1763.3333333333333,LUXO,TERCA-FEIRA,DIA UTIL,NUBLADO,JULHO,0.0
1774,2022-07-26,2022,VIBRA SAO PAULO,SKANK,MEDIAS CASAS,TEATRO E CASA DE ESPETACULOS,BRAZILIAN ROCK,67.0,3332207.0,False,6500.0,Lolla Confort,1840.0,1763.3333333333333,VIP,TERCA-FEIRA,DIA UTIL,NUBLADO,JULHO,0.0
1775,2024-03-23,2024,AUTODROMO DE INTERLAGOS,XAMA,ARENAS E ESTADIOS,AREA EXTERNA PARA EVENTOS,BRAZILIAN HIP HOP,70.0,3327005.0,LOLLAPALOOZA,80000.0,Lolla Pista,1100.0,1700.0,COMUM,SABADO,FIM DE SEMANA,CHUVISCO INTENSO,MARÇO,-587.0
1776,2024-03-23,2024,AUTODROMO DE INTERLAGOS,XAMA,ARENAS E ESTADIOS,AREA EXTERNA PARA EVENTOS,BRAZILIAN HIP HOP,70.0,3327005.0,LOLLAPALOOZA,80000.0,Lolla Lounge,2250.0,1700.0,LUXO,SABADO,FIM DE SEMANA,CHUVISCO INTENSO,MARÇO,0.0
1777,2024-03-23,2024,AUTODROMO DE INTERLAGOS,XAMA,ARENAS E ESTADIOS,AREA EXTERNA PARA EVENTOS,BRAZILIAN HIP HOP,70.0,3327005.0,LOLLAPALOOZA,80000.0,Lolla Confort,1750.0,1700.0,VIP,SABADO,FIM DE SEMANA,CHUVISCO INTENSO,MARÇO,0.0
1778,2024-03-23,2024,AUTODROMO DE INTERLAGOS,XAMA,ARENAS E ESTADIOS,AREA EXTERNA PARA EVENTOS,BRAZILIAN HIP HOP,70.0,3327005.0,LOLLAPALOOZA,80000.0,Lolla Pista,1100.0,1700.0,COMUM,SABADO,FIM DE SEMANA,CHUVISCO INTENSO,MARÇO,0.0
1779,2024-06-09,2024,ALLIANZ PARQUE,XAMA,ARENAS E ESTADIOS,ESTADIO MULTIUSO,BRAZILIAN HIP HOP,70.0,3327005.0,False,21188.0,Pista,250.0,464.0,COMUM,DOMINGO,FIM DE SEMANA,NUBLADO,JUNHO,78.0
1780,2024-06-09,2024,ALLIANZ PARQUE,XAMA,ARENAS E ESTADIOS,ESTADIO MULTIUSO,BRAZILIAN HIP HOP,70.0,3327005.0,False,21188.0,Pista Premium,490.0,464.0,VIP,DOMINGO,FIM DE SEMANA,NUBLADO,JUNHO,0.0
1781,2024-06-09,2024,ALLIANZ PARQUE,XAMA,ARENAS E ESTADIOS,ESTADIO MULTIUSO,BRAZILIAN HIP HOP,70.0,3327005.0,False,21188.0,Cadeira Inferior,290.0,464.0,INTERMEDIARIO,DOMINGO,FIM DE SEMANA,NUBLADO,JUNHO,0.0
1782,2024-06-09,2024,ALLIANZ PARQUE,XAMA,ARENAS E ESTADIOS,ESTADIO MULTIUSO,BRAZILIAN HIP HOP,70.0,3327005.0,False,21188.0,Cadeira Superior,100.0,464.0,INTERMEDIARIO,DOMINGO,FIM DE SEMANA,NUBLADO,JUNHO,0.0
1783,2024-06-09,2024,ALLIANZ PARQUE,XAMA,ARENAS E ESTADIOS,ESTADIO MULTIUSO,BRAZILIAN HIP HOP,70.0,3327005.0,False,21188.0,VIP I,1190.0,464.0,VIP,DOMINGO,FIM DE SEMANA,NUBLADO,JUNHO,0.0
1784,2024-06-09,2024,ALLIANZ PARQUE,XAMA,ARENAS E ESTADIOS,ESTADIO MULTIUSO,BRAZILIAN HIP HOP,70.0,3327005.0,False,21188.0,Pista,250.0,464.0,COMUM,DOMINGO,FIM DE SEMANA,NUBLADO,JUNHO,0.0
1785,2022-07-26,2022,VIBRA SAO PAULO,XAMA,MEDIAS CASAS,TEATRO E CASA DE ESPETACULOS,BRAZILIAN HIP HOP,70.0,3327005.0,False,0.0,Lolla Pista,1100.0,1706.6666666666667,COMUM,TERCA-FEIRA,DIA UTIL,NUBLADO,JULHO,-684.0
1786,2022-07-26,2022,VIBRA SAO PAULO,XAMA,MEDIAS CASAS,TEATRO E CASA DE ESPETACULOS,BRAZILIAN HIP HOP,70.0,3327005.0,False,0.0,Lolla Lounge,2250.0,1706.6666666666667,LUXO,TERCA-FEIRA,DIA UTIL,NUBLADO,JULHO,0.0
1787,2022-07-26,2022,VIBRA SAO PAULO,XAMA,MEDIAS CASAS,TEATRO E CASA DE ESPETACULOS,BRAZILIAN HIP HOP,70.0,3327005.0,False,0.0,Lolla Confort,1770.0,1706.6666666666667,VIP,TERCA-FEIRA,DIA UTIL,NUBLADO,JULHO,0.0
1788,2022-07-26,2022,VIBRA SAO PAULO,XAMA,MEDIAS CASAS,TEATRO E CASA DE ESPETACULOS,BRAZILIAN HIP HOP,70.0,3327005.0,False,0.0,Lolla Pista,1100.0,1706.6666666666667,COMUM,TERCA-FEIRA,DIA UTIL,NUBLADO,JULHO,0.0
1789,2025-07-08,2025,TERRA SP,JAMES BLUNT,MEDIAS CASAS,CASA DE SHOWS,POP,71.0,3309919.0,False,2950.0,Pista,330.0,485.0,COMUM,TERCA-FEIRA,DIA UTIL,NUBLADO,JULHO,583.0
1790,2025-07-08,2025,TERRA SP,JAMES BLUNT,MEDIAS CASAS,CASA DE SHOWS,POP,71.0,3309919.0,False,2950.0,Pista Premium,640.0,485.0,VIP,TERCA-FEIRA,DIA UTIL,NUBLADO,JULHO,0.0
1791,2023-01-21,2023,MEMORIAL DA AMERICA LATINA,ERYKAH BADU,GRANDES CASAS,AREA EXTERNA PARA EVENTOS,NEO SOUL,68.0,3255831.0,False,12000.0,Pista,165.0,165.0,COMUM,SABADO,FIM DE SEMANA,CHUVISCO LEVE,JANEIRO,999.0
1792,2024-11-06,2024,ESPACO UNIMED,ERYKAH BADU,MEDIAS CASAS,CASA DE SHOWS,NEO SOUL,68.0,3255831.0,False,8000.0,Pista,220.0,345.0,COMUM,QUARTA-FEIRA,DIA UTIL,CHUVA MODERADA,NOVEMBRO,655.0
1793,2024-11-06,2024,ESPACO UNIMED,ERYKAH BADU,MEDIAS CASAS,CASA DE SHOWS,NEO SOUL,68.0,3255831.0,False,8000.0,Pista Premium,340.0,345.0,VIP,QUARTA-FEIRA,DIA UTIL,CHUVA MODERADA,NOVEMBRO,0.0
1794,2024-11-06,2024,ESPACO UNIMED,ERYKAH BADU,MEDIAS CASAS,CASA DE SHOWS,NEO SOUL,68.0,3255831.0,False,8000.0,Camarote,475.0,345.0,LUXO,QUARTA-FEIRA,DIA UTIL,CHUVA MODERADA,NOVEMBRO,0.0
1795,2023-03-25,2023,AUTODROMO DE INTERLAGOS,YUNGBLUD,ARENAS E ESTADIOS,AREA EXTERNA PARA EVENTOS,0,75.0,3254238.0,LOLLAPALOOZA,98500.0,Early Entrance,1100.0,1706.6666666666667,VIP,SABADO,FIM DE SEMANA,NUBLADO,MARÇO,-1.0
1796,2023-03-25,2023,AUTODROMO DE INTERLAGOS,YUNGBLUD,ARENAS E ESTADIOS,AREA EXTERNA PARA EVENTOS,0,75.0,3254238.0,LOLLAPALOOZA,98500.0,Lolla Pista,2250.0,1706.6666666666667,COMUM,SABADO,FIM DE SEMANA,NUBLADO,MARÇO,0.0
1797,2023-03-25,2023,AUTODROMO DE INTERLAGOS,YUNGBLUD,ARENAS E ESTADIOS,AREA EXTERNA PARA EVENTOS,0,75.0,3254238.0,LOLLAPALOOZA,98500.0,Lolla Lounge,1770.0,1706.6666666666667,LUXO,SABADO,FIM DE SEMANA,NUBLADO,MARÇO,0.0
1798,2024-05-25,2024,ALLIANZ PARQUE,ANDREA BOCELLI,ARENAS E ESTADIOS,ESTADIO MULTIUSO,OPERA,71.0,3217698.0,False,31000.0,Cadeira Inferior,1640.0,2845.0,INTERMEDIARIO,SABADO,FIM DE SEMANA,CHUVISCO LEVE,MAIO,999.0
1799,2024-05-25,2024,ALLIANZ PARQUE,ANDREA BOCELLI,ARENAS E ESTADIOS,ESTADIO MULTIUSO,OPERA,71.0,3217698.0,False,31000.0,Cadeira Superior,495.0,2845.0,INTERMEDIARIO,SABADO,FIM DE SEMANA,CHUVISCO LEVE,MAIO,0.0
1800,2024-05-25,2024,ALLIANZ PARQUE,ANDREA BOCELLI,ARENAS E ESTADIOS,ESTADIO MULTIUSO,OPERA,71.0,3217698.0,False,31000.0,Cadeira,6400.0,2845.0,INTERMEDIARIO,SABADO,FIM DE SEMANA,CHUVISCO LEVE,MAIO,0.0
1801,2024-05-26,2024,ALLIANZ PARQUE,ANDREA BOCELLI,ARENAS E ESTADIOS,ESTADIO MULTIUSO,OPERA,71.0,3217698.0,False,31000.0,Cadeira Inferior,1640.0,2845.0,INTERMEDIARIO,DOMINGO,FIM DE SEMANA,CHUVA MODERADA,MAIO,1.0
1802,2024-05-26,2024,ALLIANZ PARQUE,ANDREA BOCELLI,ARENAS E ESTADIOS,ESTADIO MULTIUSO,OPERA,71.0,3217698.0,False,31000.0,Cadeira Superior,495.0,2845.0,INTERMEDIARIO,DOMINGO,FIM DE SEMANA,CHUVA MODERADA,MAIO,0.0
1803,2024-05-26,2024,ALLIANZ PARQUE,ANDREA BOCELLI,ARENAS E ESTADIOS,ESTADIO MULTIUSO,OPERA,71.0,3217698.0,False,31000.0,Cadeira,6400.0,2845.0,INTERMEDIARIO,DOMINGO,FIM DE SEMANA,CHUVA MODERADA,MAIO,0.0
1804,2025-11-21,2025,MERCADO LIVRE ARENA PACAEMBU,ANDREA BOCELLI,GRANDES CASAS,ESTADIO MULTIUSO,OPERA,71.0,3217698.0,False,24000.0,Cadeira Inferior,1580.0,3423.333333333333,INTERMEDIARIO,SEXTA-FEIRA,DIA UTIL,<FUNCTION SERIES.MODE AT 0X0000027829051A80>,NOVEMBRO,544.0
1805,2025-11-21,2025,MERCADO LIVRE ARENA PACAEMBU,ANDREA BOCELLI,GRANDES CASAS,ESTADIO MULTIUSO,OPERA,71.0,3217698.0,False,24000.0,Cadeira Superior,790.0,3423.333333333333,INTERMEDIARIO,SEXTA-FEIRA,DIA UTIL,<FUNCTION SERIES.MODE AT 0X0000027829051A80>,NOVEMBRO,0.0
1806,2025-11-21,2025,MERCADO LIVRE ARENA PACAEMBU,ANDREA BOCELLI,GRANDES CASAS,ESTADIO MULTIUSO,OPERA,71.0,3217698.0,False,24000.0,Cadeira,7900.0,3423.333333333333,INTERMEDIARIO,SEXTA-FEIRA,DIA UTIL,<FUNCTION SERIES.MODE AT 0X0000027829051A80>,NOVEMBRO,0.0
1807,2025-11-22,2025,MERCADO LIVRE ARENA PACAEMBU,ANDREA BOCELLI,GRANDES CASAS,ESTADIO MULTIUSO,OPERA,71.0,3217698.0,False,24000.0,Cadeira Inferior,1580.0,3423.333333333333,INTERMEDIARIO,SABADO,FIM DE SEMANA,<FUNCTION SERIES.MODE AT 0X0000027829051A80>,NOVEMBRO,1.0
1808,2025-11-22,2025,MERCADO LIVRE ARENA PACAEMBU,ANDREA BOCELLI,GRANDES CASAS,ESTADIO MULTIUSO,OPERA,71.0,3217698.0,False,24000.0,Cadeira Superior,790.0,3423.333333333333,INTERMEDIARIO,SABADO,FIM DE SEMANA,<FUNCTION SERIES.MODE AT 0X0000027829051A80>,NOVEMBRO,0.0
1809,2025-11-22,2025,MERCADO LIVRE ARENA PACAEMBU,ANDREA BOCELLI,GRANDES CASAS,ESTADIO MULTIUSO,OPERA,71.0,3217698.0,False,24000.0,Cadeira,7900.0,3423.333333333333,INTERMEDIARIO,SABADO,FIM DE SEMANA,<FUNCTION SERIES.MODE AT 0X0000027829051A80>,NOVEMBRO,0.0
1810,2022-06-17,2022,SAMBODROMO DO ANHEMBI,KEN CARSON,ARENAS E ESTADIOS,AREA EXTERNA PARA EVENTOS,RAGE RAP,77.0,3202298.0,False,34000.0,Pista,440.0,440.0,COMUM,SEXTA-FEIRA,DIA UTIL,NUBLADO,JUNHO,0.0
1811,2025-03-29,2025,AUTODROMO DE INTERLAGOS,ALANIS MORISSETTE,ARENAS E ESTADIOS,AREA EXTERNA PARA EVENTOS,ROCK,68.0,3188985.0,LOLLAPALOOZA,80000.0,Lolla Pista,1050.0,1678.1666666666667,COMUM,SABADO,FIM DE SEMANA,CHUVISCO INTENSO,MARÇO,126.0
1812,2025-03-29,2025,AUTODROMO DE INTERLAGOS,ALANIS MORISSETTE,ARENAS E ESTADIOS,AREA EXTERNA PARA EVENTOS,ROCK,68.0,3188985.0,LOLLAPALOOZA,80000.0,Lolla Lounge,2310.0,1678.1666666666667,LUXO,SABADO,FIM DE SEMANA,CHUVISCO INTENSO,MARÇO,0.0
1813,2025-03-29,2025,AUTODROMO DE INTERLAGOS,ALANIS MORISSETTE,ARENAS E ESTADIOS,AREA EXTERNA PARA EVENTOS,ROCK,68.0,3188985.0,LOLLAPALOOZA,80000.0,Lolla Confort,1674.5,1678.1666666666667,VIP,SABADO,FIM DE SEMANA,CHUVISCO INTENSO,MARÇO,0.0
1814,2023-11-14,2023,ALLIANZ PARQUE,ALANIS MORISSETTE,ARENAS E ESTADIOS,ESTADIO MULTIUSO,ROCK,68.0,3188985.0,False,50000.0,Pista,550.0,600.0,COMUM,TERCA-FEIRA,DIA UTIL,CHUVISCO MODERADO,NOVEMBRO,-501.0
1815,2023-11-14,2023,ALLIANZ PARQUE,ALANIS MORISSETTE,ARENAS E ESTADIOS,ESTADIO MULTIUSO,ROCK,68.0,3188985.0,False,50000.0,Pista Premium,760.0,600.0,VIP,TERCA-FEIRA,DIA UTIL,CHUVISCO MODERADO,NOVEMBRO,0.0
1816,2023-11-14,2023,ALLIANZ PARQUE,ALANIS MORISSETTE,ARENAS E ESTADIOS,ESTADIO MULTIUSO,ROCK,68.0,3188985.0,False,50000.0,Cadeira Inferior,640.0,600.0,INTERMEDIARIO,TERCA-FEIRA,DIA UTIL,CHUVISCO MODERADO,NOVEMBRO,0.0
1817,2023-11-14,2023,ALLIANZ PARQUE,ALANIS MORISSETTE,ARENAS E ESTADIOS,ESTADIO MULTIUSO,ROCK,68.0,3188985.0,False,50000.0,Cadeira Superior,450.0,600.0,INTERMEDIARIO,TERCA-FEIRA,DIA UTIL,CHUVISCO MODERADO,NOVEMBRO,0.0
1818,2024-03-02,2024,ALLIANZ PARQUE,ALL TIME LOW,ARENAS E ESTADIOS,ESTADIO MULTIUSO,POP PUNK,71.0,3157622.0,I WANNA BE TOUR,41717.0,Pista,380.0,786.6666666666666,COMUM,SABADO,FIM DE SEMANA,NUBLADO,MARÇO,1.0
1819,2024-03-02,2024,ALLIANZ PARQUE,ALL TIME LOW,ARENAS E ESTADIOS,ESTADIO MULTIUSO,POP PUNK,71.0,3157622.0,I WANNA BE TOUR,41717.0,Pista Premium,650.0,786.6666666666666,VIP,SABADO,FIM DE SEMANA,NUBLADO,MARÇO,0.0
1820,2024-03-02,2024,ALLIANZ PARQUE,ALL TIME LOW,ARENAS E ESTADIOS,ESTADIO MULTIUSO,POP PUNK,71.0,3157622.0,I WANNA BE TOUR,41717.0,Cadeira Inferior,420.0,786.6666666666666,INTERMEDIARIO,SABADO,FIM DE SEMANA,NUBLADO,MARÇO,0.0
1821,2024-03-02,2024,ALLIANZ PARQUE,ALL TIME LOW,ARENAS E ESTADIOS,ESTADIO MULTIUSO,POP PUNK,71.0,3157622.0,I WANNA BE TOUR,41717.0,Cadeira Superior,280.0,786.6666666666666,INTERMEDIARIO,SABADO,FIM DE SEMANA,NUBLADO,MARÇO,0.0
1822,2024-03-02,2024,ALLIANZ PARQUE,ALL TIME LOW,ARENAS E ESTADIOS,ESTADIO MULTIUSO,POP PUNK,71.0,3157622.0,I WANNA BE TOUR,41717.0,VIP I,990.0,786.6666666666666,VIP,SABADO,FIM DE SEMANA,NUBLADO,MARÇO,0.0
1823,2024-03-02,2024,ALLIANZ PARQUE,ALL TIME LOW,ARENAS E ESTADIOS,ESTADIO MULTIUSO,POP PUNK,71.0,3157622.0,I WANNA BE TOUR,41717.0,VIP II,2000.0,786.6666666666666,ULTRA VIP,SABADO,FIM DE SEMANA,NUBLADO,MARÇO,0.0
1824,2024-03-02,2024,ALLIANZ PARQUE,THE ALL-AMERICAN REJECTS,ARENAS E ESTADIOS,ESTADIO MULTIUSO,POP PUNK,69.0,3147030.0,I WANNA BE TOUR,41717.0,Pista,380.0,786.6666666666666,COMUM,SABADO,FIM DE SEMANA,NUBLADO,MARÇO,0.0
1825,2024-03-02,2024,ALLIANZ PARQUE,THE ALL-AMERICAN REJECTS,ARENAS E ESTADIOS,ESTADIO MULTIUSO,POP PUNK,69.0,3147030.0,I WANNA BE TOUR,41717.0,Pista Premium,650.0,786.6666666666666,VIP,SABADO,FIM DE SEMANA,NUBLADO,MARÇO,0.0
1826,2024-03-02,2024,ALLIANZ PARQUE,THE ALL-AMERICAN REJECTS,ARENAS E ESTADIOS,ESTADIO MULTIUSO,POP PUNK,69.0,3147030.0,I WANNA BE TOUR,41717.0,Cadeira Inferior,420.0,786.6666666666666,INTERMEDIARIO,SABADO,FIM DE SEMANA,NUBLADO,MARÇO,0.0
1827,2024-03-02,2024,ALLIANZ PARQUE,THE ALL-AMERICAN REJECTS,ARENAS E ESTADIOS,ESTADIO MULTIUSO,POP PUNK,69.0,3147030.0,I WANNA BE TOUR,41717.0,Cadeira Superior,280.0,786.6666666666666,INTERMEDIARIO,SABADO,FIM DE SEMANA,NUBLADO,MARÇO,0.0
1828,2024-03-02,2024,ALLIANZ PARQUE,THE ALL-AMERICAN REJECTS,ARENAS E ESTADIOS,ESTADIO MULTIUSO,POP PUNK,69.0,3147030.0,I WANNA BE TOUR,41717.0,VIP I,990.0,786.6666666666666,VIP,SABADO,FIM DE SEMANA,NUBLADO,MARÇO,0.0
1829,2024-03-02,2024,ALLIANZ PARQUE,THE ALL-AMERICAN REJECTS,ARENAS E ESTADIOS,ESTADIO MULTIUSO,POP PUNK,69.0,3147030.0,I WANNA BE TOUR,41717.0,VIP II,2000.0,786.6666666666666,ULTRA VIP,SABADO,FIM DE SEMANA,NUBLADO,MARÇO,0.0
1830,2022-05-28,2022,ARENA ANHEMBI,NANDO REIS,GRANDES CASAS,AREA EXTERNA PARA EVENTOS,MPB,65.0,3127808.0,False,2000.0,Pista,230.0,495.0,COMUM,SABADO,FIM DE SEMANA,NUBLADO,MAIO,-560.0
1831,2022-05-28,2022,ARENA ANHEMBI,NANDO REIS,GRANDES CASAS,AREA EXTERNA PARA EVENTOS,MPB,65.0,3127808.0,False,2000.0,Pista Premium,450.0,495.0,VIP,SABADO,FIM DE SEMANA,NUBLADO,MAIO,0.0
1832,2022-05-28,2022,ARENA ANHEMBI,NANDO REIS,GRANDES CASAS,AREA EXTERNA PARA EVENTOS,MPB,65.0,3127808.0,False,2000.0,Camarote,805.0,495.0,LUXO,SABADO,FIM DE SEMANA,NUBLADO,MAIO,0.0
1833,2022-04-21,2022,MEMORIAL DA AMERICA LATINA,NANDO REIS,GRANDES CASAS,AREA EXTERNA PARA EVENTOS,MPB,65.0,3127808.0,ROCK BRASIL 40 ANOS,15000.0,Pista,340.0,340.0,COMUM,QUINTA-FEIRA,FERIADO NACIONAL,NUBLADO,ABRIL,-37.0
1834,2022-10-16,2022,SAMBODROMO DO ANHEMBI,NANDO REIS,ARENAS E ESTADIOS,AREA EXTERNA PARA EVENTOS,MPB,65.0,3127808.0,False,10000.0,Pista,760.0,820.0,COMUM,DOMINGO,FIM DE SEMANA,CHUVA MODERADA,OUTUBRO,178.0
1835,2022-10-16,2022,SAMBODROMO DO ANHEMBI,NANDO REIS,ARENAS E ESTADIOS,AREA EXTERNA PARA EVENTOS,MPB,65.0,3127808.0,False,10000.0,Pista Premium,1200.0,820.0,VIP,DOMINGO,FIM DE SEMANA,CHUVA MODERADA,OUTUBRO,0.0
1836,2022-10-16,2022,SAMBODROMO DO ANHEMBI,NANDO REIS,ARENAS E ESTADIOS,AREA EXTERNA PARA EVENTOS,MPB,65.0,3127808.0,False,10000.0,Cadeira Superior,500.0,820.0,INTERMEDIARIO,DOMINGO,FIM DE SEMANA,CHUVA MODERADA,OUTUBRO,0.0
1837,2024-10-12,2024,ESPACO UNIMED,NANDO REIS,MEDIAS CASAS,CASA DE SHOWS,MPB,65.0,3127808.0,False,8000.0,Pista,350.0,290.0,COMUM,SABADO,FIM DE SEMANA,CHUVISCO MODERADO,OUTUBRO,727.0
1838,2024-10-12,2024,ESPACO UNIMED,NANDO REIS,MEDIAS CASAS,CASA DE SHOWS,MPB,65.0,3127808.0,False,8000.0,Pista Premium,160.0,290.0,VIP,SABADO,FIM DE SEMANA,CHUVISCO MODERADO,OUTUBRO,0.0
1839,2024-10-12,2024,ESPACO UNIMED,NANDO REIS,MEDIAS CASAS,CASA DE SHOWS,MPB,65.0,3127808.0,False,8000.0,Camarote,360.0,290.0,LUXO,SABADO,FIM DE SEMANA,CHUVISCO MODERADO,OUTUBRO,0.0
1840,2022-06-10,2022,VIBRA SAO PAULO,NANDO REIS,MEDIAS CASAS,TEATRO E CASA DE ESPETACULOS,MPB,65.0,3127808.0,False,6500.0,Pista,320.0,336.0,COMUM,SEXTA-FEIRA,DIA UTIL,CHUVA MODERADA,JUNHO,-855.0
1841,2022-06-10,2022,VIBRA SAO PAULO,NANDO REIS,MEDIAS CASAS,TEATRO E CASA DE ESPETACULOS,MPB,65.0,3127808.0,False,6500.0,Pista Premium,380.0,336.0,VIP,SEXTA-FEIRA,DIA UTIL,CHUVA MODERADA,JUNHO,0.0
1842,2022-06-10,2022,VIBRA SAO PAULO,NANDO REIS,MEDIAS CASAS,TEATRO E CASA DE ESPETACULOS,MPB,65.0,3127808.0,False,6500.0,Camarote,400.0,336.0,LUXO,SEXTA-FEIRA,DIA UTIL,CHUVA MODERADA,JUNHO,0.0
1843,2022-06-10,2022,VIBRA SAO PAULO,NANDO REIS,MEDIAS CASAS,TEATRO E CASA DE ESPETACULOS,MPB,65.0,3127808.0,False,6500.0,Cadeira Superior,140.0,336.0,INTERMEDIARIO,SEXTA-FEIRA,DIA UTIL,CHUVA MODERADA,JUNHO,0.0
1844,2022-06-10,2022,VIBRA SAO PAULO,NANDO REIS,MEDIAS CASAS,TEATRO E CASA DE ESPETACULOS,MPB,65.0,3127808.0,False,6500.0,Mesa,440.0,336.0,LUXO,SEXTA-FEIRA,DIA UTIL,CHUVA MODERADA,JUNHO,0.0
1845,2025-06-13,2025,VIBRA SAO PAULO,NANDO REIS,MEDIAS CASAS,TEATRO E CASA DE ESPETACULOS,MPB,65.0,3127808.0,False,7000.0,Pista,140.0,315.0,COMUM,SEXTA-FEIRA,DIA UTIL,NUBLADO,JUNHO,1099.0
1846,2025-06-13,2025,VIBRA SAO PAULO,NANDO REIS,MEDIAS CASAS,TEATRO E CASA DE ESPETACULOS,MPB,65.0,3127808.0,False,7000.0,Pista Premium,320.0,315.0,VIP,SEXTA-FEIRA,DIA UTIL,NUBLADO,JUNHO,0.0
1847,2025-06-13,2025,VIBRA SAO PAULO,NANDO REIS,MEDIAS CASAS,TEATRO E CASA DE ESPETACULOS,MPB,65.0,3127808.0,False,7000.0,Camarote,400.0,315.0,LUXO,SEXTA-FEIRA,DIA UTIL,NUBLADO,JUNHO,0.0
1848,2025-06-13,2025,VIBRA SAO PAULO,NANDO REIS,MEDIAS CASAS,TEATRO E CASA DE ESPETACULOS,MPB,65.0,3127808.0,False,7000.0,Mesa,400.0,315.0,LUXO,SEXTA-FEIRA,DIA UTIL,NUBLADO,JUNHO,0.0
1849,2025-06-28,2025,SUHAI MUSIC HALL,NANDO REIS,MEDIAS CASAS,CASA DE SHOWS,MPB,65.0,3127808.0,False,9000.0,Pista,200.0,270.0,COMUM,SABADO,FIM DE SEMANA,NUBLADO,JUNHO,15.0
1850,2025-06-28,2025,SUHAI MUSIC HALL,NANDO REIS,MEDIAS CASAS,CASA DE SHOWS,MPB,65.0,3127808.0,False,9000.0,Pista Premium,340.0,270.0,VIP,SABADO,FIM DE SEMANA,NUBLADO,JUNHO,0.0
1851,2025-10-31,2025,SUHAI MUSIC HALL,NANDO REIS,MEDIAS CASAS,CASA DE SHOWS,MPB,65.0,3127808.0,False,8800.0,Pista,200.0,270.0,COMUM,SEXTA-FEIRA,DIA UTIL,CHUVA FORTE,OUTUBRO,125.0
1852,2025-10-31,2025,SUHAI MUSIC HALL,NANDO REIS,MEDIAS CASAS,CASA DE SHOWS,MPB,65.0,3127808.0,False,8800.0,Pista Premium,340.0,270.0,VIP,SEXTA-FEIRA,DIA UTIL,CHUVA FORTE,OUTUBRO,0.0
1853,2023-04-29,2023,MEMORIAL DA AMERICA LATINA,SKID ROW,GRANDES CASAS,AREA EXTERNA PARA EVENTOS,GLAM METAL,63.0,3121509.0,SUMMER BREEZE BRASIL,12500.0,Pista,400.0,533.3333333333334,COMUM,SABADO,FIM DE SEMANA,CHUVISCO MODERADO,ABRIL,53.0
1854,2023-04-29,2023,MEMORIAL DA AMERICA LATINA,SKID ROW,GRANDES CASAS,AREA EXTERNA PARA EVENTOS,GLAM METAL,63.0,3121509.0,SUMMER BREEZE BRASIL,12500.0,Pista Premium,600.0,533.3333333333334,VIP,SABADO,FIM DE SEMANA,CHUVISCO MODERADO,ABRIL,0.0
1855,2023-04-29,2023,MEMORIAL DA AMERICA LATINA,SKID ROW,GRANDES CASAS,AREA EXTERNA PARA EVENTOS,GLAM METAL,63.0,3121509.0,SUMMER BREEZE BRASIL,12500.0,Mezanino ,600.0,533.3333333333334,INTERMEDIARIO,SABADO,FIM DE SEMANA,CHUVISCO MODERADO,ABRIL,0.0
1856,2022-12-14,2022,AUDIO,PEDRO SAMPAIO,MEDIAS CASAS,CASA DE SHOWS,BRAZILIAN FUNK,74.0,3105417.0,False,2800.0,Pista,120.0,120.0,COMUM,QUARTA-FEIRA,DIA UTIL,NUBLADO,DEZEMBRO,-543.0
1857,2023-03-24,2023,AUTODROMO DE INTERLAGOS,PEDRO SAMPAIO,ARENAS E ESTADIOS,AREA EXTERNA PARA EVENTOS,BRAZILIAN FUNK,74.0,3105417.0,LOLLAPALOOZA,103350.0,Lolla Pista,1100.0,1706.6666666666667,COMUM,SEXTA-FEIRA,DIA UTIL,CHUVISCO LEVE,MARÇO,100.0
1858,2023-03-24,2023,AUTODROMO DE INTERLAGOS,PEDRO SAMPAIO,ARENAS E ESTADIOS,AREA EXTERNA PARA EVENTOS,BRAZILIAN FUNK,74.0,3105417.0,LOLLAPALOOZA,103350.0,Lolla Lounge,2250.0,1706.6666666666667,LUXO,SEXTA-FEIRA,DIA UTIL,CHUVISCO LEVE,MARÇO,0.0
1859,2023-03-24,2023,AUTODROMO DE INTERLAGOS,PEDRO SAMPAIO,ARENAS E ESTADIOS,AREA EXTERNA PARA EVENTOS,BRAZILIAN FUNK,74.0,3105417.0,LOLLAPALOOZA,103350.0,Lolla Confort,1770.0,1706.6666666666667,VIP,SEXTA-FEIRA,DIA UTIL,CHUVISCO LEVE,MARÇO,0.0
1860,2025-09-12,2025,AUTODROMO DE INTERLAGOS,PEDRO SAMPAIO,ARENAS E ESTADIOS,AREA EXTERNA PARA EVENTOS,BRAZILIAN FUNK,74.0,3105417.0,THE TOWN,75000.0,Pista,975.0,975.0,COMUM,SEXTA-FEIRA,DIA UTIL,NUBLADO,SETEMBRO,903.0
1861,2024-06-09,2024,ALLIANZ PARQUE,PEDRO SAMPAIO,ARENAS E ESTADIOS,ESTADIO MULTIUSO,BRAZILIAN FUNK,74.0,3105417.0,False,21188.0,Pista,250.0,464.0,COMUM,DOMINGO,FIM DE SEMANA,NUBLADO,JUNHO,-460.0
1862,2024-06-09,2024,ALLIANZ PARQUE,PEDRO SAMPAIO,ARENAS E ESTADIOS,ESTADIO MULTIUSO,BRAZILIAN FUNK,74.0,3105417.0,False,21188.0,Pista Premium,490.0,464.0,VIP,DOMINGO,FIM DE SEMANA,NUBLADO,JUNHO,0.0
1863,2024-06-09,2024,ALLIANZ PARQUE,PEDRO SAMPAIO,ARENAS E ESTADIOS,ESTADIO MULTIUSO,BRAZILIAN FUNK,74.0,3105417.0,False,21188.0,Cadeira Inferior,290.0,464.0,INTERMEDIARIO,DOMINGO,FIM DE SEMANA,NUBLADO,JUNHO,0.0
1864,2024-06-09,2024,ALLIANZ PARQUE,PEDRO SAMPAIO,ARENAS E ESTADIOS,ESTADIO MULTIUSO,BRAZILIAN FUNK,74.0,3105417.0,False,21188.0,Cadeira Superior,100.0,464.0,INTERMEDIARIO,DOMINGO,FIM DE SEMANA,NUBLADO,JUNHO,0.0
1865,2024-06-09,2024,ALLIANZ PARQUE,PEDRO SAMPAIO,ARENAS E ESTADIOS,ESTADIO MULTIUSO,BRAZILIAN FUNK,74.0,3105417.0,False,21188.0,VIP I,1190.0,464.0,VIP,DOMINGO,FIM DE SEMANA,NUBLADO,JUNHO,0.0
1866,2023-02-19,2023,JOCKEY CLUB,PEDRO SAMPAIO,MEDIAS CASAS,CENTRO DE EVENTOS,BRAZILIAN FUNK,74.0,3105417.0,False,10000.0,Pista,410.0,410.0,COMUM,DOMINGO,FIM DE SEMANA,CHUVA MODERADA,FEVEREIRO,-476.0
1867,2023-08-19,2023,SAMBODROMO DO ANHEMBI,PEDRO SAMPAIO,ARENAS E ESTADIOS,AREA EXTERNA PARA EVENTOS,BRAZILIAN FUNK,74.0,3105417.0,False,90000.0,Pista,180.0,258.0,COMUM,SABADO,FIM DE SEMANA,NUBLADO,AGOSTO,181.0
1868,2023-08-19,2023,SAMBODROMO DO ANHEMBI,PEDRO SAMPAIO,ARENAS E ESTADIOS,AREA EXTERNA PARA EVENTOS,BRAZILIAN FUNK,74.0,3105417.0,False,90000.0,Pista Premium,320.0,258.0,VIP,SABADO,FIM DE SEMANA,NUBLADO,AGOSTO,0.0
1869,2023-08-19,2023,SAMBODROMO DO ANHEMBI,PEDRO SAMPAIO,ARENAS E ESTADIOS,AREA EXTERNA PARA EVENTOS,BRAZILIAN FUNK,74.0,3105417.0,False,90000.0,Camarote,450.0,258.0,LUXO,SABADO,FIM DE SEMANA,NUBLADO,AGOSTO,0.0
1870,2023-08-19,2023,SAMBODROMO DO ANHEMBI,PEDRO SAMPAIO,ARENAS E ESTADIOS,AREA EXTERNA PARA EVENTOS,BRAZILIAN FUNK,74.0,3105417.0,False,90000.0,Cadeira Inferior,220.0,258.0,INTERMEDIARIO,SABADO,FIM DE SEMANA,NUBLADO,AGOSTO,0.0
1871,2023-08-19,2023,SAMBODROMO DO ANHEMBI,PEDRO SAMPAIO,ARENAS E ESTADIOS,AREA EXTERNA PARA EVENTOS,BRAZILIAN FUNK,74.0,3105417.0,False,90000.0,Cadeira Superior,120.0,258.0,INTERMEDIARIO,SABADO,FIM DE SEMANA,NUBLADO,AGOSTO,0.0
1872,2022-07-26,2022,VIBRA SAO PAULO,PEDRO SAMPAIO,MEDIAS CASAS,TEATRO E CASA DE ESPETACULOS,BRAZILIAN FUNK,74.0,3105417.0,False,6500.0,Early Entrance,1100.0,1100.0,VIP,TERCA-FEIRA,DIA UTIL,NUBLADO,JULHO,-389.0
1873,2022-08-20,2022,DISTRITO ANHEMBI,PEDRO SAMPAIO,GRANDES CASAS,AREA EXTERNA PARA EVENTOS,BRAZILIAN FUNK,74.0,3105417.0,False,45000.0,Pista Premium,1100.0,767.5,VIP,SABADO,FIM DE SEMANA,CHUVISCO LEVE,AGOSTO,25.0
1874,2022-08-20,2022,DISTRITO ANHEMBI,PEDRO SAMPAIO,GRANDES CASAS,AREA EXTERNA PARA EVENTOS,BRAZILIAN FUNK,74.0,3105417.0,False,45000.0,Cadeira,380.0,767.5,INTERMEDIARIO,SABADO,FIM DE SEMANA,CHUVISCO LEVE,AGOSTO,0.0
1875,2022-08-20,2022,DISTRITO ANHEMBI,PEDRO SAMPAIO,GRANDES CASAS,AREA EXTERNA PARA EVENTOS,BRAZILIAN FUNK,74.0,3105417.0,False,45000.0,Arquibancada,190.0,767.5,COMUM,SABADO,FIM DE SEMANA,CHUVISCO LEVE,AGOSTO,0.0
1876,2022-08-20,2022,DISTRITO ANHEMBI,PEDRO SAMPAIO,GRANDES CASAS,AREA EXTERNA PARA EVENTOS,BRAZILIAN FUNK,74.0,3105417.0,False,45000.0,Frontstage,1400.0,767.5,VIP,SABADO,FIM DE SEMANA,CHUVISCO LEVE,AGOSTO,0.0
1877,2024-08-17,2024,DISTRITO ANHEMBI,PEDRO SAMPAIO,GRANDES CASAS,AREA EXTERNA PARA EVENTOS,BRAZILIAN FUNK,74.0,3105417.0,False,24000.0,Pista,590.0,1003.5,COMUM,SABADO,FIM DE SEMANA,CEU LIMPO,AGOSTO,728.0
1878,2024-08-17,2024,DISTRITO ANHEMBI,PEDRO SAMPAIO,GRANDES CASAS,AREA EXTERNA PARA EVENTOS,BRAZILIAN FUNK,74.0,3105417.0,False,24000.0,Pista Premium,920.0,1003.5,VIP,SABADO,FIM DE SEMANA,CEU LIMPO,AGOSTO,0.0
1879,2024-08-17,2024,DISTRITO ANHEMBI,PEDRO SAMPAIO,GRANDES CASAS,AREA EXTERNA PARA EVENTOS,BRAZILIAN FUNK,74.0,3105417.0,False,24000.0,Cadeira Inferior,720.0,1003.5,INTERMEDIARIO,SABADO,FIM DE SEMANA,CEU LIMPO,AGOSTO,0.0
1880,2024-08-17,2024,DISTRITO ANHEMBI,PEDRO SAMPAIO,GRANDES CASAS,AREA EXTERNA PARA EVENTOS,BRAZILIAN FUNK,74.0,3105417.0,False,24000.0,Cadeira Superior,750.0,1003.5,INTERMEDIARIO,SABADO,FIM DE SEMANA,CEU LIMPO,AGOSTO,0.0
1881,2024-08-17,2024,DISTRITO ANHEMBI,PEDRO SAMPAIO,GRANDES CASAS,AREA EXTERNA PARA EVENTOS,BRAZILIAN FUNK,74.0,3105417.0,False,24000.0,Arquibancada,460.0,1003.5,COMUM,SABADO,FIM DE SEMANA,CEU LIMPO,AGOSTO,0.0
1882,2024-08-17,2024,DISTRITO ANHEMBI,PEDRO SAMPAIO,GRANDES CASAS,AREA EXTERNA PARA EVENTOS,BRAZILIAN FUNK,74.0,3105417.0,False,24000.0,Early Entrance,2581.0,1003.5,VIP,SABADO,FIM DE SEMANA,CEU LIMPO,AGOSTO,0.0
1883,2022-12-17,2022,NOVO ANHANGABAU,PEDRO SAMPAIO,GRANDES CASAS,AREA EXTERNA PARA EVENTOS,BRAZILIAN FUNK,74.0,3105417.0,False,45000.0,Pista,620.0,685.0,COMUM,SABADO,FIM DE SEMANA,CHUVISCO MODERADO,DEZEMBRO,-609.0
1884,2022-12-17,2022,NOVO ANHANGABAU,PEDRO SAMPAIO,GRANDES CASAS,AREA EXTERNA PARA EVENTOS,BRAZILIAN FUNK,74.0,3105417.0,False,45000.0,Pista Premium,920.0,685.0,VIP,SABADO,FIM DE SEMANA,CHUVISCO MODERADO,DEZEMBRO,0.0
1885,2022-12-17,2022,NOVO ANHANGABAU,PEDRO SAMPAIO,GRANDES CASAS,AREA EXTERNA PARA EVENTOS,BRAZILIAN FUNK,74.0,3105417.0,False,45000.0,Cadeira Inferior,740.0,685.0,INTERMEDIARIO,SABADO,FIM DE SEMANA,CHUVISCO MODERADO,DEZEMBRO,0.0
1886,2022-12-17,2022,NOVO ANHANGABAU,PEDRO SAMPAIO,GRANDES CASAS,AREA EXTERNA PARA EVENTOS,BRAZILIAN FUNK,74.0,3105417.0,False,45000.0,Cadeira Superior,460.0,685.0,INTERMEDIARIO,SABADO,FIM DE SEMANA,CHUVISCO MODERADO,DEZEMBRO,0.0
1887,2025-04-05,2025,MERCADO LIVRE ARENA PACAEMBU,CESAR MENOTTI & FABIANO,GRANDES CASAS,ESTADIO MULTIUSO,SERTANEJO,63.0,3105208.0,False,40000.0,Camarote,1600.0,666.6666666666666,LUXO,SABADO,FIM DE SEMANA,CHUVISCO MODERADO,ABRIL,-1.0
1888,2025-04-05,2025,MERCADO LIVRE ARENA PACAEMBU,CESAR MENOTTI & FABIANO,GRANDES CASAS,ESTADIO MULTIUSO,SERTANEJO,63.0,3105208.0,False,40000.0,Cadeira Inferior,300.0,666.6666666666666,INTERMEDIARIO,SABADO,FIM DE SEMANA,CHUVISCO MODERADO,ABRIL,0.0
1889,2025-04-05,2025,MERCADO LIVRE ARENA PACAEMBU,CESAR MENOTTI & FABIANO,GRANDES CASAS,ESTADIO MULTIUSO,SERTANEJO,63.0,3105208.0,False,40000.0,Cadeira Superior,100.0,666.6666666666666,INTERMEDIARIO,SABADO,FIM DE SEMANA,CHUVISCO MODERADO,ABRIL,0.0
1890,2022-03-27,2022,AUTODROMO DE INTERLAGOS,DJONGA,ARENAS E ESTADIOS,AREA EXTERNA PARA EVENTOS,BRAZILIAN HIP HOP,69.0,3062225.0,LOLLAPALOOZA,98255.0,Lolla Pista,1050.0,1763.3333333333333,COMUM,DOMINGO,FIM DE SEMANA,CHUVA MODERADA,MARÇO,-121.0
1891,2022-03-27,2022,AUTODROMO DE INTERLAGOS,DJONGA,ARENAS E ESTADIOS,AREA EXTERNA PARA EVENTOS,BRAZILIAN HIP HOP,69.0,3062225.0,LOLLAPALOOZA,98255.0,Lolla Lounge,2400.0,1763.3333333333333,LUXO,DOMINGO,FIM DE SEMANA,CHUVA MODERADA,MARÇO,0.0
1892,2022-03-27,2022,AUTODROMO DE INTERLAGOS,DJONGA,ARENAS E ESTADIOS,AREA EXTERNA PARA EVENTOS,BRAZILIAN HIP HOP,69.0,3062225.0,LOLLAPALOOZA,98255.0,Lolla Confort,1840.0,1763.3333333333333,VIP,DOMINGO,FIM DE SEMANA,CHUVA MODERADA,MARÇO,0.0
1893,2022-06-18,2022,SAMBODROMO DO ANHEMBI,DJONGA,ARENAS E ESTADIOS,AREA EXTERNA PARA EVENTOS,BRAZILIAN HIP HOP,69.0,3062225.0,False,34000.0,Pista,440.0,440.0,COMUM,SABADO,FIM DE SEMANA,CHUVA MODERADA,JUNHO,83.0
1894,2025-11-19,2025,ESPACO UNIMED,DJONGA,MEDIAS CASAS,CASA DE SHOWS,BRAZILIAN HIP HOP,69.0,3062225.0,False,7700.0,Pista,160.0,160.0,COMUM,QUARTA-FEIRA,DIA UTIL,<FUNCTION SERIES.MODE AT 0X0000027829051A80>,NOVEMBRO,1250.0
1895,2025-11-18,2025,AUDIO,BOYCE AVENUE,MEDIAS CASAS,CASA DE SHOWS,ACOUSTIC POP,67.0,3046224.0,False,2800.0,Pista,175.0,175.0,COMUM,TERCA-FEIRA,DIA UTIL,<FUNCTION SERIES.MODE AT 0X0000027829051A80>,NOVEMBRO,999.0
1896,2025-09-07,2025,AUTODROMO DE INTERLAGOS,CAPITAL INICIAL,ARENAS E ESTADIOS,AREA EXTERNA PARA EVENTOS,BRAZILIAN ROCK,64.0,3035736.0,THE TOWN,90000.0,Pista,975.0,975.0,COMUM,DOMINGO,FIM DE SEMANA,CHUVISCO LEVE,SETEMBRO,1139.0
1897,2022-05-28,2022,ARENA ANHEMBI,CAPITAL INICIAL,GRANDES CASAS,AREA EXTERNA PARA EVENTOS,BRAZILIAN ROCK,64.0,3035736.0,False,2000.0,Pista,230.0,495.0,COMUM,SABADO,FIM DE SEMANA,NUBLADO,MAIO,-1198.0
1898,2022-05-28,2022,ARENA ANHEMBI,CAPITAL INICIAL,GRANDES CASAS,AREA EXTERNA PARA EVENTOS,BRAZILIAN ROCK,64.0,3035736.0,False,2000.0,Pista Premium,450.0,495.0,VIP,SABADO,FIM DE SEMANA,NUBLADO,MAIO,0.0
1899,2022-05-28,2022,ARENA ANHEMBI,CAPITAL INICIAL,GRANDES CASAS,AREA EXTERNA PARA EVENTOS,BRAZILIAN ROCK,64.0,3035736.0,False,2000.0,Camarote,805.0,495.0,LUXO,SABADO,FIM DE SEMANA,NUBLADO,MAIO,0.0
1900,2022-03-27,2022,MEMORIAL DA AMERICA LATINA,CAPITAL INICIAL,GRANDES CASAS,AREA EXTERNA PARA EVENTOS,BRAZILIAN ROCK,64.0,3035736.0,False,8000.0,Pista,160.0,280.0,COMUM,DOMINGO,FIM DE SEMANA,CHUVA MODERADA,MARÇO,-62.0
1901,2022-03-27,2022,MEMORIAL DA AMERICA LATINA,CAPITAL INICIAL,GRANDES CASAS,AREA EXTERNA PARA EVENTOS,BRAZILIAN ROCK,64.0,3035736.0,False,8000.0,Camarote,400.0,280.0,LUXO,DOMINGO,FIM DE SEMANA,CHUVA MODERADA,MARÇO,0.0
1902,2022-11-18,2022,ESPACO UNIMED,CAPITAL INICIAL,MEDIAS CASAS,CASA DE SHOWS,BRAZILIAN ROCK,64.0,3035736.0,False,8000.0,Pista,120.0,220.0,COMUM,SEXTA-FEIRA,DIA UTIL,CHUVISCO LEVE,NOVEMBRO,236.0
1903,2022-11-18,2022,ESPACO UNIMED,CAPITAL INICIAL,MEDIAS CASAS,CASA DE SHOWS,BRAZILIAN ROCK,64.0,3035736.0,False,8000.0,Pista Premium,220.0,220.0,VIP,SEXTA-FEIRA,DIA UTIL,CHUVISCO LEVE,NOVEMBRO,0.0
1904,2022-11-18,2022,ESPACO UNIMED,CAPITAL INICIAL,MEDIAS CASAS,CASA DE SHOWS,BRAZILIAN ROCK,64.0,3035736.0,False,8000.0,Camarote,320.0,220.0,LUXO,SEXTA-FEIRA,DIA UTIL,CHUVISCO LEVE,NOVEMBRO,0.0
1905,2024-06-29,2024,ESPACO UNIMED,CAPITAL INICIAL,MEDIAS CASAS,CASA DE SHOWS,BRAZILIAN ROCK,64.0,3035736.0,False,8000.0,Pista,140.0,220.0,COMUM,SABADO,FIM DE SEMANA,CHUVISCO MODERADO,JUNHO,589.0
1906,2024-06-29,2024,ESPACO UNIMED,CAPITAL INICIAL,MEDIAS CASAS,CASA DE SHOWS,BRAZILIAN ROCK,64.0,3035736.0,False,8000.0,Pista Premium,320.0,220.0,VIP,SABADO,FIM DE SEMANA,CHUVISCO MODERADO,JUNHO,0.0
1907,2024-06-29,2024,ESPACO UNIMED,CAPITAL INICIAL,MEDIAS CASAS,CASA DE SHOWS,BRAZILIAN ROCK,64.0,3035736.0,False,8000.0,Camarote,280.0,220.0,LUXO,SABADO,FIM DE SEMANA,CHUVISCO MODERADO,JUNHO,0.0
1908,2024-06-29,2024,ESPACO UNIMED,CAPITAL INICIAL,MEDIAS CASAS,CASA DE SHOWS,BRAZILIAN ROCK,64.0,3035736.0,False,8000.0,Cadeira Superior,140.0,220.0,INTERMEDIARIO,SABADO,FIM DE SEMANA,CHUVISCO MODERADO,JUNHO,0.0
1909,2024-06-30,2024,ESPACO UNIMED,CAPITAL INICIAL,MEDIAS CASAS,CASA DE SHOWS,BRAZILIAN ROCK,64.0,3035736.0,False,8000.0,Pista,140.0,220.0,COMUM,DOMINGO,FIM DE SEMANA,CHUVISCO LEVE,JUNHO,1.0
1910,2024-06-30,2024,ESPACO UNIMED,CAPITAL INICIAL,MEDIAS CASAS,CASA DE SHOWS,BRAZILIAN ROCK,64.0,3035736.0,False,8000.0,Pista Premium,320.0,220.0,VIP,DOMINGO,FIM DE SEMANA,CHUVISCO LEVE,JUNHO,0.0
1911,2024-06-30,2024,ESPACO UNIMED,CAPITAL INICIAL,MEDIAS CASAS,CASA DE SHOWS,BRAZILIAN ROCK,64.0,3035736.0,False,8000.0,Camarote,280.0,220.0,LUXO,DOMINGO,FIM DE SEMANA,CHUVISCO LEVE,JUNHO,0.0
1912,2024-06-30,2024,ESPACO UNIMED,CAPITAL INICIAL,MEDIAS CASAS,CASA DE SHOWS,BRAZILIAN ROCK,64.0,3035736.0,False,8000.0,Cadeira Superior,140.0,220.0,INTERMEDIARIO,DOMINGO,FIM DE SEMANA,CHUVISCO LEVE,JUNHO,0.0
1913,2025-11-14,2025,ESPACO UNIMED,CAPITAL INICIAL,MEDIAS CASAS,CASA DE SHOWS,BRAZILIAN ROCK,64.0,3035736.0,False,8000.0,Pista,200.0,313.3333333333333,COMUM,SEXTA-FEIRA,DIA UTIL,<FUNCTION SERIES.MODE AT 0X0000027829051A80>,NOVEMBRO,502.0
1914,2025-11-14,2025,ESPACO UNIMED,CAPITAL INICIAL,MEDIAS CASAS,CASA DE SHOWS,BRAZILIAN ROCK,64.0,3035736.0,False,8000.0,Pista Premium,320.0,313.3333333333333,VIP,SEXTA-FEIRA,DIA UTIL,<FUNCTION SERIES.MODE AT 0X0000027829051A80>,NOVEMBRO,0.0
1915,2025-11-14,2025,ESPACO UNIMED,CAPITAL INICIAL,MEDIAS CASAS,CASA DE SHOWS,BRAZILIAN ROCK,64.0,3035736.0,False,8000.0,Camarote,420.0,313.3333333333333,LUXO,SEXTA-FEIRA,DIA UTIL,<FUNCTION SERIES.MODE AT 0X0000027829051A80>,NOVEMBRO,0.0
1916,2025-11-15,2025,ESPACO UNIMED,CAPITAL INICIAL,MEDIAS CASAS,CASA DE SHOWS,BRAZILIAN ROCK,64.0,3035736.0,False,7500.0,Pista,200.0,313.3333333333333,COMUM,SABADO,FIM DE SEMANA,<FUNCTION SERIES.MODE AT 0X0000027829051A80>,NOVEMBRO,1.0
1917,2025-11-15,2025,ESPACO UNIMED,CAPITAL INICIAL,MEDIAS CASAS,CASA DE SHOWS,BRAZILIAN ROCK,64.0,3035736.0,False,7500.0,Pista Premium,320.0,313.3333333333333,VIP,SABADO,FIM DE SEMANA,<FUNCTION SERIES.MODE AT 0X0000027829051A80>,NOVEMBRO,0.0
1918,2025-11-15,2025,ESPACO UNIMED,CAPITAL INICIAL,MEDIAS CASAS,CASA DE SHOWS,BRAZILIAN ROCK,64.0,3035736.0,False,7500.0,Camarote,420.0,313.3333333333333,LUXO,SABADO,FIM DE SEMANA,<FUNCTION SERIES.MODE AT 0X0000027829051A80>,NOVEMBRO,0.0
1919,2023-06-04,2023,NOVO ANHANGABAU,CAPITAL INICIAL,GRANDES CASAS,AREA EXTERNA PARA EVENTOS,BRAZILIAN ROCK,64.0,3035736.0,MITA FESTIVAL,30000.0,Pista,850.0,1420.0,COMUM,DOMINGO,FIM DE SEMANA,NUBLADO,JUNHO,-895.0
1920,2023-06-04,2023,NOVO ANHANGABAU,CAPITAL INICIAL,GRANDES CASAS,AREA EXTERNA PARA EVENTOS,BRAZILIAN ROCK,64.0,3035736.0,MITA FESTIVAL,30000.0,Pista Premium,1990.0,1420.0,VIP,DOMINGO,FIM DE SEMANA,NUBLADO,JUNHO,0.0
1921,2022-11-06,2022,DISTRITO ANHEMBI,PHOEBE BRIDGERS,GRANDES CASAS,AREA EXTERNA PARA EVENTOS,0,77.0,3029135.0,PRIMAVERA SOUND,42200.0,Pista,560.0,733.3333333333334,COMUM,DOMINGO,FIM DE SEMANA,CHUVISCO LEVE,NOVEMBRO,-139.0
1922,2022-11-06,2022,DISTRITO ANHEMBI,PHOEBE BRIDGERS,GRANDES CASAS,AREA EXTERNA PARA EVENTOS,0,77.0,3029135.0,PRIMAVERA SOUND,42200.0,Pista Premium,890.0,733.3333333333334,VIP,DOMINGO,FIM DE SEMANA,CHUVISCO LEVE,NOVEMBRO,0.0
1923,2022-11-06,2022,DISTRITO ANHEMBI,PHOEBE BRIDGERS,GRANDES CASAS,AREA EXTERNA PARA EVENTOS,0,77.0,3029135.0,PRIMAVERA SOUND,42200.0,Cadeira Inferior,750.0,733.3333333333334,INTERMEDIARIO,DOMINGO,FIM DE SEMANA,CHUVISCO LEVE,NOVEMBRO,0.0
1924,2022-02-13,2022,ESPACO DAS AMERICAS,ZE RAMALHO,MEDIAS CASAS,CASA DE SHOWS,MPB,65.0,3011313.0,False,4968.75,Pista,160.0,245.0,COMUM,DOMINGO,FIM DE SEMANA,CHUVISCO LEVE,FEVEREIRO,-1356.0
1925,2022-02-13,2022,ESPACO DAS AMERICAS,ZE RAMALHO,MEDIAS CASAS,CASA DE SHOWS,MPB,65.0,3011313.0,False,4968.75,Pista Premium,280.0,245.0,VIP,DOMINGO,FIM DE SEMANA,CHUVISCO LEVE,FEVEREIRO,0.0
1926,2022-02-13,2022,ESPACO DAS AMERICAS,ZE RAMALHO,MEDIAS CASAS,CASA DE SHOWS,MPB,65.0,3011313.0,False,4968.75,Camarote,320.0,245.0,LUXO,DOMINGO,FIM DE SEMANA,CHUVISCO LEVE,FEVEREIRO,0.0
1927,2022-02-13,2022,ESPACO DAS AMERICAS,ZE RAMALHO,MEDIAS CASAS,CASA DE SHOWS,MPB,65.0,3011313.0,False,4968.75,Cadeira Inferior,220.0,245.0,INTERMEDIARIO,DOMINGO,FIM DE SEMANA,CHUVISCO LEVE,FEVEREIRO,0.0
1928,2022-02-13,2022,ESPACO DAS AMERICAS,ZE RAMALHO,MEDIAS CASAS,CASA DE SHOWS,MPB,65.0,3011313.0,False,4968.75,Pista,160.0,245.0,COMUM,DOMINGO,FIM DE SEMANA,CHUVISCO LEVE,FEVEREIRO,0.0
1929,2022-12-03,2022,TOKIO MARINE HALL,ZE RAMALHO,MEDIAS CASAS,CASA DE SHOWS,MPB,65.0,3011313.0,False,3600.0,Pista,160.0,213.33333333333331,COMUM,SABADO,FIM DE SEMANA,CHUVA MODERADA,DEZEMBRO,293.0
1930,2022-12-03,2022,TOKIO MARINE HALL,ZE RAMALHO,MEDIAS CASAS,CASA DE SHOWS,MPB,65.0,3011313.0,False,3600.0,Pista Premium,200.0,213.33333333333331,VIP,SABADO,FIM DE SEMANA,CHUVA MODERADA,DEZEMBRO,0.0
1931,2022-12-03,2022,TOKIO MARINE HALL,ZE RAMALHO,MEDIAS CASAS,CASA DE SHOWS,MPB,65.0,3011313.0,False,3600.0,Camarote,280.0,213.33333333333331,LUXO,SABADO,FIM DE SEMANA,CHUVA MODERADA,DEZEMBRO,0.0
1932,2022-12-03,2022,TOKIO MARINE HALL,ZE RAMALHO,MEDIAS CASAS,CASA DE SHOWS,MPB,65.0,3011313.0,False,3600.0,Pista,160.0,213.33333333333331,COMUM,SABADO,FIM DE SEMANA,CHUVA MODERADA,DEZEMBRO,0.0
1933,2023-05-27,2023,ESPACO UNIMED,ZE RAMALHO,MEDIAS CASAS,CASA DE SHOWS,MPB,65.0,3011313.0,False,7000.0,Pista,120.0,253.33333333333331,COMUM,SABADO,FIM DE SEMANA,NUBLADO,MAIO,175.0
1934,2023-05-27,2023,ESPACO UNIMED,ZE RAMALHO,MEDIAS CASAS,CASA DE SHOWS,MPB,65.0,3011313.0,False,7000.0,Pista Premium,280.0,253.33333333333331,VIP,SABADO,FIM DE SEMANA,NUBLADO,MAIO,0.0
1935,2023-05-27,2023,ESPACO UNIMED,ZE RAMALHO,MEDIAS CASAS,CASA DE SHOWS,MPB,65.0,3011313.0,False,7000.0,Camarote,360.0,253.33333333333331,LUXO,SABADO,FIM DE SEMANA,NUBLADO,MAIO,0.0
1936,2023-05-27,2023,ESPACO UNIMED,ZE RAMALHO,MEDIAS CASAS,CASA DE SHOWS,MPB,65.0,3011313.0,False,7000.0,Pista,120.0,253.33333333333331,COMUM,SABADO,FIM DE SEMANA,NUBLADO,MAIO,0.0
1937,2024-03-01,2024,ESPACO UNIMED,ZE RAMALHO,MEDIAS CASAS,CASA DE SHOWS,MPB,65.0,3011313.0,False,7300.0,Pista,120.0,253.33333333333331,COMUM,SEXTA-FEIRA,DIA UTIL,CHUVA MODERADA,MARÇO,279.0
1938,2024-03-01,2024,ESPACO UNIMED,ZE RAMALHO,MEDIAS CASAS,CASA DE SHOWS,MPB,65.0,3011313.0,False,7300.0,Pista Premium,280.0,253.33333333333331,VIP,SEXTA-FEIRA,DIA UTIL,CHUVA MODERADA,MARÇO,0.0
1939,2024-03-01,2024,ESPACO UNIMED,ZE RAMALHO,MEDIAS CASAS,CASA DE SHOWS,MPB,65.0,3011313.0,False,7300.0,Camarote,360.0,253.33333333333331,LUXO,SEXTA-FEIRA,DIA UTIL,CHUVA MODERADA,MARÇO,0.0
1940,2024-03-01,2024,ESPACO UNIMED,ZE RAMALHO,MEDIAS CASAS,CASA DE SHOWS,MPB,65.0,3011313.0,False,7300.0,Pista,120.0,253.33333333333331,COMUM,SEXTA-FEIRA,DIA UTIL,CHUVA MODERADA,MARÇO,0.0
1941,2025-05-11,2025,ESPACO UNIMED,ZE RAMALHO,MEDIAS CASAS,CASA DE SHOWS,MPB,65.0,3011313.0,False,4500.0,Pista,120.0,253.33333333333331,COMUM,DOMINGO,FIM DE SEMANA,CHUVISCO LEVE,MAIO,436.0
1942,2025-05-11,2025,ESPACO UNIMED,ZE RAMALHO,MEDIAS CASAS,CASA DE SHOWS,MPB,65.0,3011313.0,False,4500.0,Pista Premium,280.0,253.33333333333331,VIP,DOMINGO,FIM DE SEMANA,CHUVISCO LEVE,MAIO,0.0
1943,2025-05-11,2025,ESPACO UNIMED,ZE RAMALHO,MEDIAS CASAS,CASA DE SHOWS,MPB,65.0,3011313.0,False,4500.0,Camarote,360.0,253.33333333333331,LUXO,DOMINGO,FIM DE SEMANA,CHUVISCO LEVE,MAIO,0.0
1944,2025-05-11,2025,ESPACO UNIMED,ZE RAMALHO,MEDIAS CASAS,CASA DE SHOWS,MPB,65.0,3011313.0,False,4500.0,Pista,120.0,253.33333333333331,COMUM,DOMINGO,FIM DE SEMANA,CHUVISCO LEVE,MAIO,0.0
1945,2024-11-14,2024,TOKIO MARINE HALL,FRANZ FERDINAND,MEDIAS CASAS,CASA DE SHOWS,INDIE ROCK,69.0,3008474.0,False,4000.0,Pista,380.0,422.0,COMUM,QUINTA-FEIRA,DIA UTIL,CHUVISCO LEVE,NOVEMBRO,999.0
1946,2024-11-14,2024,TOKIO MARINE HALL,FRANZ FERDINAND,MEDIAS CASAS,CASA DE SHOWS,INDIE ROCK,69.0,3008474.0,False,4000.0,Pista Premium,460.0,422.0,VIP,QUINTA-FEIRA,DIA UTIL,CHUVISCO LEVE,NOVEMBRO,0.0
1947,2024-11-14,2024,TOKIO MARINE HALL,FRANZ FERDINAND,MEDIAS CASAS,CASA DE SHOWS,INDIE ROCK,69.0,3008474.0,False,4000.0,Camarote,500.0,422.0,LUXO,QUINTA-FEIRA,DIA UTIL,CHUVISCO LEVE,NOVEMBRO,0.0
1948,2024-11-14,2024,TOKIO MARINE HALL,FRANZ FERDINAND,MEDIAS CASAS,CASA DE SHOWS,INDIE ROCK,69.0,3008474.0,False,4000.0,Cadeira Inferior,420.0,422.0,INTERMEDIARIO,QUINTA-FEIRA,DIA UTIL,CHUVISCO LEVE,NOVEMBRO,0.0
1949,2024-11-14,2024,TOKIO MARINE HALL,FRANZ FERDINAND,MEDIAS CASAS,CASA DE SHOWS,INDIE ROCK,69.0,3008474.0,False,4000.0,Cadeira Superior,350.0,422.0,INTERMEDIARIO,QUINTA-FEIRA,DIA UTIL,CHUVISCO LEVE,NOVEMBRO,0.0
1950,2023-03-25,2023,AUTODROMO DE INTERLAGOS,WALLOWS,ARENAS E ESTADIOS,AREA EXTERNA PARA EVENTOS,INDIE,68.0,3006361.0,LOLLAPALOOZA,98500.0,Early Entrance,1100.0,1706.6666666666667,VIP,SABADO,FIM DE SEMANA,NUBLADO,MARÇO,140.0
1951,2023-03-25,2023,AUTODROMO DE INTERLAGOS,WALLOWS,ARENAS E ESTADIOS,AREA EXTERNA PARA EVENTOS,INDIE,68.0,3006361.0,LOLLAPALOOZA,98500.0,Lolla Pista,2250.0,1706.6666666666667,COMUM,SABADO,FIM DE SEMANA,NUBLADO,MARÇO,0.0
1952,2023-03-25,2023,AUTODROMO DE INTERLAGOS,WALLOWS,ARENAS E ESTADIOS,AREA EXTERNA PARA EVENTOS,INDIE,68.0,3006361.0,LOLLAPALOOZA,98500.0,Lolla Lounge,1770.0,1706.6666666666667,LUXO,SABADO,FIM DE SEMANA,NUBLADO,MARÇO,0.0
1953,2023-03-24,2023,AUTODROMO DE INTERLAGOS,RISE AGAINST,ARENAS E ESTADIOS,AREA EXTERNA PARA EVENTOS,PUNK,70.0,2945896.0,LOLLAPALOOZA,103350.0,Lolla Pista,1100.0,1706.6666666666667,COMUM,SEXTA-FEIRA,DIA UTIL,CHUVISCO LEVE,MARÇO,-715.0
1954,2023-03-24,2023,AUTODROMO DE INTERLAGOS,RISE AGAINST,ARENAS E ESTADIOS,AREA EXTERNA PARA EVENTOS,PUNK,70.0,2945896.0,LOLLAPALOOZA,103350.0,Lolla Lounge,2250.0,1706.6666666666667,LUXO,SEXTA-FEIRA,DIA UTIL,CHUVISCO LEVE,MARÇO,0.0
1955,2023-03-24,2023,AUTODROMO DE INTERLAGOS,RISE AGAINST,ARENAS E ESTADIOS,AREA EXTERNA PARA EVENTOS,PUNK,70.0,2945896.0,LOLLAPALOOZA,103350.0,Lolla Confort,1770.0,1706.6666666666667,VIP,SEXTA-FEIRA,DIA UTIL,CHUVISCO LEVE,MARÇO,0.0
1956,2025-03-08,2025,ALLIANZ PARQUE,RISE AGAINST,ARENAS E ESTADIOS,ESTADIO MULTIUSO,PUNK,70.0,2945896.0,False,37608.0,Pista,890.0,623.3333333333334,COMUM,SABADO,FIM DE SEMANA,CHUVISCO MODERADO,MARÇO,715.0
1957,2025-03-08,2025,ALLIANZ PARQUE,RISE AGAINST,ARENAS E ESTADIOS,ESTADIO MULTIUSO,PUNK,70.0,2945896.0,False,37608.0,Cadeira Inferior,590.0,623.3333333333334,INTERMEDIARIO,SABADO,FIM DE SEMANA,CHUVISCO MODERADO,MARÇO,0.0
1958,2025-03-08,2025,ALLIANZ PARQUE,RISE AGAINST,ARENAS E ESTADIOS,ESTADIO MULTIUSO,PUNK,70.0,2945896.0,False,37608.0,Cadeira Superior,390.0,623.3333333333334,INTERMEDIARIO,SABADO,FIM DE SEMANA,CHUVISCO MODERADO,MARÇO,0.0
1959,2022-07-18,2022,ESPACO UNIMED,A-HA,MEDIAS CASAS,CASA DE SHOWS,NEW WAVE,72.0,2940118.0,False,8000.0,Pista,410.0,466.6666666666667,COMUM,SEGUNDA-FEIRA,DIA UTIL,NUBLADO,JULHO,-503.0
1960,2022-07-18,2022,ESPACO UNIMED,A-HA,MEDIAS CASAS,CASA DE SHOWS,NEW WAVE,72.0,2940118.0,False,8000.0,Pista Premium,750.0,466.6666666666667,VIP,SEGUNDA-FEIRA,DIA UTIL,NUBLADO,JULHO,0.0
1961,2022-07-18,2022,ESPACO UNIMED,A-HA,MEDIAS CASAS,CASA DE SHOWS,NEW WAVE,72.0,2940118.0,False,8000.0,Cadeira Superior,240.0,466.6666666666667,INTERMEDIARIO,SEGUNDA-FEIRA,DIA UTIL,NUBLADO,JULHO,0.0
1962,2022-07-19,2022,ESPACO UNIMED,A-HA,MEDIAS CASAS,CASA DE SHOWS,NEW WAVE,72.0,2940118.0,False,8000.0,Pista,410.0,466.6666666666667,COMUM,TERCA-FEIRA,DIA UTIL,NUBLADO,JULHO,1.0
1963,2022-07-19,2022,ESPACO UNIMED,A-HA,MEDIAS CASAS,CASA DE SHOWS,NEW WAVE,72.0,2940118.0,False,8000.0,Pista Premium,750.0,466.6666666666667,VIP,TERCA-FEIRA,DIA UTIL,NUBLADO,JULHO,0.0
1964,2022-07-19,2022,ESPACO UNIMED,A-HA,MEDIAS CASAS,CASA DE SHOWS,NEW WAVE,72.0,2940118.0,False,8000.0,Cadeira Superior,240.0,466.6666666666667,INTERMEDIARIO,TERCA-FEIRA,DIA UTIL,NUBLADO,JULHO,0.0
1965,2022-06-22,2022,TOKIO MARINE HALL,PIXOTE,MEDIAS CASAS,CASA DE SHOWS,PAGODE,66.0,2925274.0,False,4000.0,Pista,100.0,170.0,COMUM,QUARTA-FEIRA,DIA UTIL,NUBLADO,JUNHO,-870.0
1966,2022-06-22,2022,TOKIO MARINE HALL,PIXOTE,MEDIAS CASAS,CASA DE SHOWS,PAGODE,66.0,2925274.0,False,4000.0,Pista Premium,240.0,170.0,VIP,QUARTA-FEIRA,DIA UTIL,NUBLADO,JUNHO,0.0
1967,2023-01-14,2023,VIBRA SAO PAULO,ROUPA NOVA,MEDIAS CASAS,TEATRO E CASA DE ESPETACULOS,MPB,63.0,2892777.0,False,5800.0,Pista,100.0,245.0,COMUM,SABADO,FIM DE SEMANA,CHUVISCO MODERADO,JANEIRO,-848.0
1968,2023-01-14,2023,VIBRA SAO PAULO,ROUPA NOVA,MEDIAS CASAS,TEATRO E CASA DE ESPETACULOS,MPB,63.0,2892777.0,False,5800.0,Pista Premium,390.0,245.0,VIP,SABADO,FIM DE SEMANA,CHUVISCO MODERADO,JANEIRO,0.0
1969,2023-01-14,2023,VIBRA SAO PAULO,ROUPA NOVA,MEDIAS CASAS,TEATRO E CASA DE ESPETACULOS,MPB,63.0,2892777.0,False,5800.0,Pista,100.0,245.0,COMUM,SABADO,FIM DE SEMANA,CHUVISCO MODERADO,JANEIRO,0.0
1970,2024-03-02,2024,ESPACO UNIMED,LAURA PAUSINI,MEDIAS CASAS,CASA DE SHOWS,LATIN POP,74.0,2884210.0,False,5111.0,Pista,500.0,716.6666666666666,COMUM,SABADO,FIM DE SEMANA,NUBLADO,MARÇO,511.0
1971,2024-03-02,2024,ESPACO UNIMED,LAURA PAUSINI,MEDIAS CASAS,CASA DE SHOWS,LATIN POP,74.0,2884210.0,False,5111.0,Pista Premium,800.0,716.6666666666666,VIP,SABADO,FIM DE SEMANA,NUBLADO,MARÇO,0.0
1972,2024-03-02,2024,ESPACO UNIMED,LAURA PAUSINI,MEDIAS CASAS,CASA DE SHOWS,LATIN POP,74.0,2884210.0,False,5111.0,Camarote,850.0,716.6666666666666,LUXO,SABADO,FIM DE SEMANA,NUBLADO,MARÇO,0.0
1973,2024-03-03,2024,ESPACO UNIMED,LAURA PAUSINI,MEDIAS CASAS,CASA DE SHOWS,LATIN POP,74.0,2884210.0,False,4500.0,Pista,500.0,716.6666666666666,COMUM,DOMINGO,FIM DE SEMANA,NUBLADO,MARÇO,1.0
1974,2024-03-03,2024,ESPACO UNIMED,LAURA PAUSINI,MEDIAS CASAS,CASA DE SHOWS,LATIN POP,74.0,2884210.0,False,4500.0,Pista Premium,800.0,716.6666666666666,VIP,DOMINGO,FIM DE SEMANA,NUBLADO,MARÇO,0.0
1975,2024-03-03,2024,ESPACO UNIMED,LAURA PAUSINI,MEDIAS CASAS,CASA DE SHOWS,LATIN POP,74.0,2884210.0,False,4500.0,Camarote,850.0,716.6666666666666,LUXO,DOMINGO,FIM DE SEMANA,NUBLADO,MARÇO,0.0
1976,2025-08-30,2025,ALLIANZ PARQUE,GOOD CHARLOTTE,ARENAS E ESTADIOS,ESTADIO MULTIUSO,POP PUNK,65.0,2867765.0,I WANNA BE TOUR,50000.0,Pista,895.0,870.0,COMUM,SABADO,FIM DE SEMANA,CHUVISCO LEVE,AGOSTO,546.0
1977,2025-08-30,2025,ALLIANZ PARQUE,GOOD CHARLOTTE,ARENAS E ESTADIOS,ESTADIO MULTIUSO,POP PUNK,65.0,2867765.0,I WANNA BE TOUR,50000.0,Cadeira Inferior,695.0,870.0,INTERMEDIARIO,SABADO,FIM DE SEMANA,CHUVISCO LEVE,AGOSTO,0.0
1978,2025-08-30,2025,ALLIANZ PARQUE,GOOD CHARLOTTE,ARENAS E ESTADIOS,ESTADIO MULTIUSO,POP PUNK,65.0,2867765.0,I WANNA BE TOUR,50000.0,Cadeira Superior,495.0,870.0,INTERMEDIARIO,SABADO,FIM DE SEMANA,CHUVISCO LEVE,AGOSTO,0.0
1979,2025-08-30,2025,ALLIANZ PARQUE,GOOD CHARLOTTE,ARENAS E ESTADIOS,ESTADIO MULTIUSO,POP PUNK,65.0,2867765.0,I WANNA BE TOUR,50000.0,VIP I,1395.0,870.0,VIP,SABADO,FIM DE SEMANA,CHUVISCO LEVE,AGOSTO,0.0
1980,2025-06-14,2025,VIBRA SAO PAULO,BAEKHYUN,MEDIAS CASAS,TEATRO E CASA DE ESPETACULOS,K-POP,63.0,2841768.0,False,7000.0,Pista,480.0,1190.0,COMUM,SABADO,FIM DE SEMANA,NUBLADO,JUNHO,761.0
1981,2025-06-14,2025,VIBRA SAO PAULO,BAEKHYUN,MEDIAS CASAS,TEATRO E CASA DE ESPETACULOS,K-POP,63.0,2841768.0,False,7000.0,Pista Premium,1050.0,1190.0,VIP,SABADO,FIM DE SEMANA,NUBLADO,JUNHO,0.0
1982,2025-06-14,2025,VIBRA SAO PAULO,BAEKHYUN,MEDIAS CASAS,TEATRO E CASA DE ESPETACULOS,K-POP,63.0,2841768.0,False,7000.0,Camarote,650.0,1190.0,LUXO,SABADO,FIM DE SEMANA,NUBLADO,JUNHO,0.0
1983,2025-06-14,2025,VIBRA SAO PAULO,BAEKHYUN,MEDIAS CASAS,TEATRO E CASA DE ESPETACULOS,K-POP,63.0,2841768.0,False,7000.0,Cadeira Superior,360.0,1190.0,INTERMEDIARIO,SABADO,FIM DE SEMANA,NUBLADO,JUNHO,0.0
1984,2025-06-14,2025,VIBRA SAO PAULO,BAEKHYUN,MEDIAS CASAS,TEATRO E CASA DE ESPETACULOS,K-POP,63.0,2841768.0,False,7000.0,VIP I,2100.0,1190.0,VIP,SABADO,FIM DE SEMANA,NUBLADO,JUNHO,0.0
1985,2025-06-14,2025,VIBRA SAO PAULO,BAEKHYUN,MEDIAS CASAS,TEATRO E CASA DE ESPETACULOS,K-POP,63.0,2841768.0,False,7000.0,VIP II,2500.0,1190.0,ULTRA VIP,SABADO,FIM DE SEMANA,NUBLADO,JUNHO,0.0
1986,2025-06-15,2025,VIBRA SAO PAULO,BAEKHYUN,MEDIAS CASAS,TEATRO E CASA DE ESPETACULOS,K-POP,63.0,2841768.0,False,7000.0,Pista,480.0,1190.0,COMUM,DOMINGO,FIM DE SEMANA,CHUVISCO MODERADO,JUNHO,1.0
1987,2025-06-15,2025,VIBRA SAO PAULO,BAEKHYUN,MEDIAS CASAS,TEATRO E CASA DE ESPETACULOS,K-POP,63.0,2841768.0,False,7000.0,Pista Premium,1050.0,1190.0,VIP,DOMINGO,FIM DE SEMANA,CHUVISCO MODERADO,JUNHO,0.0
1988,2025-06-15,2025,VIBRA SAO PAULO,BAEKHYUN,MEDIAS CASAS,TEATRO E CASA DE ESPETACULOS,K-POP,63.0,2841768.0,False,7000.0,Camarote,650.0,1190.0,LUXO,DOMINGO,FIM DE SEMANA,CHUVISCO MODERADO,JUNHO,0.0
1989,2025-06-15,2025,VIBRA SAO PAULO,BAEKHYUN,MEDIAS CASAS,TEATRO E CASA DE ESPETACULOS,K-POP,63.0,2841768.0,False,7000.0,Cadeira Superior,360.0,1190.0,INTERMEDIARIO,DOMINGO,FIM DE SEMANA,CHUVISCO MODERADO,JUNHO,0.0
1990,2025-06-15,2025,VIBRA SAO PAULO,BAEKHYUN,MEDIAS CASAS,TEATRO E CASA DE ESPETACULOS,K-POP,63.0,2841768.0,False,7000.0,VIP I,2100.0,1190.0,VIP,DOMINGO,FIM DE SEMANA,CHUVISCO MODERADO,JUNHO,0.0
1991,2025-06-15,2025,VIBRA SAO PAULO,BAEKHYUN,MEDIAS CASAS,TEATRO E CASA DE ESPETACULOS,K-POP,63.0,2841768.0,False,7000.0,VIP II,2500.0,1190.0,ULTRA VIP,DOMINGO,FIM DE SEMANA,CHUVISCO MODERADO,JUNHO,0.0
1992,2023-02-08,2023,AUDIO,LP,MEDIAS CASAS,CASA DE SHOWS,0,66.0,2838338.0,False,2800.0,Pista,320.0,370.0,COMUM,QUARTA-FEIRA,DIA UTIL,CHUVA LEVE,FEVEREIRO,94.0
1993,2023-02-08,2023,AUDIO,LP,MEDIAS CASAS,CASA DE SHOWS,0,66.0,2838338.0,False,2800.0,Mezanino ,420.0,370.0,INTERMEDIARIO,QUARTA-FEIRA,DIA UTIL,CHUVA LEVE,FEVEREIRO,0.0
1994,2022-03-25,2022,AUTODROMO DE INTERLAGOS,LP,ARENAS E ESTADIOS,AREA EXTERNA PARA EVENTOS,0,66.0,2838338.0,LOLLAPALOOZA,100980.0,Lolla Pista,1050.0,1763.3333333333333,COMUM,SEXTA-FEIRA,DIA UTIL,CHUVISCO LEVE,MARÇO,-320.0
1995,2022-03-25,2022,AUTODROMO DE INTERLAGOS,LP,ARENAS E ESTADIOS,AREA EXTERNA PARA EVENTOS,0,66.0,2838338.0,LOLLAPALOOZA,100980.0,Lolla Lounge,2400.0,1763.3333333333333,LUXO,SEXTA-FEIRA,DIA UTIL,CHUVISCO LEVE,MARÇO,0.0
1996,2022-03-25,2022,AUTODROMO DE INTERLAGOS,LP,ARENAS E ESTADIOS,AREA EXTERNA PARA EVENTOS,0,66.0,2838338.0,LOLLAPALOOZA,100980.0,Lolla Confort,1840.0,1763.3333333333333,VIP,SEXTA-FEIRA,DIA UTIL,CHUVISCO LEVE,MARÇO,0.0
1997,2023-03-26,2023,AUTODROMO DE INTERLAGOS,THE ROSE,ARENAS E ESTADIOS,AREA EXTERNA PARA EVENTOS,K-ROCK,62.0,2829076.0,LOLLAPALOOZA,100750.0,Lolla Pista,1100.0,1706.6666666666667,COMUM,DOMINGO,FIM DE SEMANA,CHUVISCO MODERADO,MARÇO,999.0
1998,2023-03-26,2023,AUTODROMO DE INTERLAGOS,THE ROSE,ARENAS E ESTADIOS,AREA EXTERNA PARA EVENTOS,K-ROCK,62.0,2829076.0,LOLLAPALOOZA,100750.0,Lolla Lounge,2250.0,1706.6666666666667,LUXO,DOMINGO,FIM DE SEMANA,CHUVISCO MODERADO,MARÇO,0.0
1999,2023-03-26,2023,AUTODROMO DE INTERLAGOS,THE ROSE,ARENAS E ESTADIOS,AREA EXTERNA PARA EVENTOS,K-ROCK,62.0,2829076.0,LOLLAPALOOZA,100750.0,Lolla Confort,1770.0,1706.6666666666667,VIP,DOMINGO,FIM DE SEMANA,CHUVISCO MODERADO,MARÇO,0.0
2000,2022-12-04,2022,ESPACO UNIMED,THE ROSE,MEDIAS CASAS,CASA DE SHOWS,K-ROCK,62.0,2829076.0,False,8000.0,Pista,400.0,493.3333333333333,COMUM,DOMINGO,FIM DE SEMANA,CHUVA FORTE,DEZEMBRO,-112.0
2001,2022-12-04,2022,ESPACO UNIMED,THE ROSE,MEDIAS CASAS,CASA DE SHOWS,K-ROCK,62.0,2829076.0,False,8000.0,Meet & Greet,600.0,493.3333333333333,ULTRA VIP,DOMINGO,FIM DE SEMANA,CHUVA FORTE,DEZEMBRO,0.0
2002,2022-12-04,2022,ESPACO UNIMED,THE ROSE,MEDIAS CASAS,CASA DE SHOWS,K-ROCK,62.0,2829076.0,False,8000.0,Mezanino ,480.0,493.3333333333333,INTERMEDIARIO,DOMINGO,FIM DE SEMANA,CHUVA FORTE,DEZEMBRO,0.0
2003,2025-08-08,2025,VIBRA SAO PAULO,THE ROSE,MEDIAS CASAS,TEATRO E CASA DE ESPETACULOS,K-ROCK,62.0,2829076.0,False,7000.0,Pista Premium,990.0,738.3333333333334,VIP,SEXTA-FEIRA,DIA UTIL,CHUVA MODERADA,AGOSTO,978.0
2004,2025-08-08,2025,VIBRA SAO PAULO,THE ROSE,MEDIAS CASAS,TEATRO E CASA DE ESPETACULOS,K-ROCK,62.0,2829076.0,False,7000.0,Camarote,940.0,738.3333333333334,LUXO,SEXTA-FEIRA,DIA UTIL,CHUVA MODERADA,AGOSTO,0.0
2005,2025-08-08,2025,VIBRA SAO PAULO,THE ROSE,MEDIAS CASAS,TEATRO E CASA DE ESPETACULOS,K-ROCK,62.0,2829076.0,False,7000.0,Cadeira Inferior,890.0,738.3333333333334,INTERMEDIARIO,SEXTA-FEIRA,DIA UTIL,CHUVA MODERADA,AGOSTO,0.0
2006,2025-08-08,2025,VIBRA SAO PAULO,THE ROSE,MEDIAS CASAS,TEATRO E CASA DE ESPETACULOS,K-ROCK,62.0,2829076.0,False,7000.0,Cadeira Inferior Visão Parcial,690.0,738.3333333333334,COMUM,SEXTA-FEIRA,DIA UTIL,CHUVA MODERADA,AGOSTO,0.0
2007,2025-08-08,2025,VIBRA SAO PAULO,THE ROSE,MEDIAS CASAS,TEATRO E CASA DE ESPETACULOS,K-ROCK,62.0,2829076.0,False,7000.0,Cadeira Superior,500.0,738.3333333333334,INTERMEDIARIO,SEXTA-FEIRA,DIA UTIL,CHUVA MODERADA,AGOSTO,0.0
2008,2025-08-08,2025,VIBRA SAO PAULO,THE ROSE,MEDIAS CASAS,TEATRO E CASA DE ESPETACULOS,K-ROCK,62.0,2829076.0,False,7000.0,Cadeira Superior Visão Parcial,420.0,738.3333333333334,COMUM,SEXTA-FEIRA,DIA UTIL,CHUVA MODERADA,AGOSTO,0.0
2009,2022-11-05,2022,DISTRITO ANHEMBI,BEACH HOUSE,GRANDES CASAS,AREA EXTERNA PARA EVENTOS,DREAM POP,73.0,2828850.0,PRIMAVERA SOUND,45000.0,Pista,560.0,733.3333333333334,COMUM,SABADO,FIM DE SEMANA,CHUVISCO LEVE,NOVEMBRO,-141.0
2010,2022-11-05,2022,DISTRITO ANHEMBI,BEACH HOUSE,GRANDES CASAS,AREA EXTERNA PARA EVENTOS,DREAM POP,73.0,2828850.0,PRIMAVERA SOUND,45000.0,Pista Premium,890.0,733.3333333333334,VIP,SABADO,FIM DE SEMANA,CHUVISCO LEVE,NOVEMBRO,0.0
2011,2022-11-05,2022,DISTRITO ANHEMBI,BEACH HOUSE,GRANDES CASAS,AREA EXTERNA PARA EVENTOS,DREAM POP,73.0,2828850.0,PRIMAVERA SOUND,45000.0,Cadeira Inferior,750.0,733.3333333333334,INTERMEDIARIO,SABADO,FIM DE SEMANA,CHUVISCO LEVE,NOVEMBRO,0.0
2012,2024-11-15,2024,ESPACO UNIMED,KOOL & THE GANG,MEDIAS CASAS,CASA DE SHOWS,DISCO,68.0,2827404.0,False,2465.0,Pista Premium,440.0,630.0,VIP,SEXTA-FEIRA,FERIADO NACIONAL,CHUVA LEVE,NOVEMBRO,999.0
2013,2024-11-15,2024,ESPACO UNIMED,KOOL & THE GANG,MEDIAS CASAS,CASA DE SHOWS,DISCO,68.0,2827404.0,False,2465.0,Camarote,820.0,630.0,LUXO,SEXTA-FEIRA,FERIADO NACIONAL,CHUVA LEVE,NOVEMBRO,0.0
2014,2024-03-22,2024,AUTODROMO DE INTERLAGOS,DIPLO,ARENAS E ESTADIOS,AREA EXTERNA PARA EVENTOS,MOOMBAHTON,79.0,2824817.0,LOLLAPALOOZA,80000.0,Lolla Pista,1100.0,1700.0,COMUM,SEXTA-FEIRA,DIA UTIL,CHUVISCO MODERADO,MARÇO,999.0
2015,2024-03-22,2024,AUTODROMO DE INTERLAGOS,DIPLO,ARENAS E ESTADIOS,AREA EXTERNA PARA EVENTOS,MOOMBAHTON,79.0,2824817.0,LOLLAPALOOZA,80000.0,Lolla Lounge,2250.0,1700.0,LUXO,SEXTA-FEIRA,DIA UTIL,CHUVISCO MODERADO,MARÇO,0.0
2016,2024-03-22,2024,AUTODROMO DE INTERLAGOS,DIPLO,ARENAS E ESTADIOS,AREA EXTERNA PARA EVENTOS,MOOMBAHTON,79.0,2824817.0,LOLLAPALOOZA,80000.0,Lolla Confort,1750.0,1700.0,VIP,SEXTA-FEIRA,DIA UTIL,CHUVISCO MODERADO,MARÇO,0.0
2017,2025-03-15,2025,ALLIANZ PARQUE,SIMPLY RED,ARENAS E ESTADIOS,ESTADIO MULTIUSO,ROCK,71.0,2781182.0,False,35000.0,Pista,900.0,868.0,COMUM,SABADO,FIM DE SEMANA,CHUVA MODERADA,MARÇO,487.0
2018,2025-03-15,2025,ALLIANZ PARQUE,SIMPLY RED,ARENAS E ESTADIOS,ESTADIO MULTIUSO,ROCK,71.0,2781182.0,False,35000.0,Pista Premium,1800.0,868.0,VIP,SABADO,FIM DE SEMANA,CHUVA MODERADA,MARÇO,0.0
2019,2025-03-15,2025,ALLIANZ PARQUE,SIMPLY RED,ARENAS E ESTADIOS,ESTADIO MULTIUSO,ROCK,71.0,2781182.0,False,35000.0,Cadeira Inferior,690.0,868.0,INTERMEDIARIO,SABADO,FIM DE SEMANA,CHUVA MODERADA,MARÇO,0.0
2020,2025-03-15,2025,ALLIANZ PARQUE,SIMPLY RED,ARENAS E ESTADIOS,ESTADIO MULTIUSO,ROCK,71.0,2781182.0,False,35000.0,Cadeira Inferior Visão Parcial,560.0,868.0,COMUM,SABADO,FIM DE SEMANA,CHUVA MODERADA,MARÇO,0.0
2021,2025-03-15,2025,ALLIANZ PARQUE,SIMPLY RED,ARENAS E ESTADIOS,ESTADIO MULTIUSO,ROCK,71.0,2781182.0,False,35000.0,Cadeira Superior,390.0,868.0,INTERMEDIARIO,SABADO,FIM DE SEMANA,CHUVA MODERADA,MARÇO,0.0
2022,2024-03-24,2024,AUTODROMO DE INTERLAGOS,GRETA VAN FLEET,ARENAS E ESTADIOS,AREA EXTERNA PARA EVENTOS,ROCK,64.0,2769175.0,LOLLAPALOOZA,80000.0,Lolla Pista,1100.0,1700.0,COMUM,DOMINGO,FIM DE SEMANA,CHUVA LEVE,MARÇO,-356.0
2023,2024-03-24,2024,AUTODROMO DE INTERLAGOS,GRETA VAN FLEET,ARENAS E ESTADIOS,AREA EXTERNA PARA EVENTOS,ROCK,64.0,2769175.0,LOLLAPALOOZA,80000.0,Lolla Lounge,2250.0,1700.0,LUXO,DOMINGO,FIM DE SEMANA,CHUVA LEVE,MARÇO,0.0
2024,2024-03-24,2024,AUTODROMO DE INTERLAGOS,GRETA VAN FLEET,ARENAS E ESTADIOS,AREA EXTERNA PARA EVENTOS,ROCK,64.0,2769175.0,LOLLAPALOOZA,80000.0,Lolla Confort,1750.0,1700.0,VIP,DOMINGO,FIM DE SEMANA,CHUVA LEVE,MARÇO,0.0
2025,2022-05-10,2022,ESTADIO DO MORUMBI,GRETA VAN FLEET,ARENAS E ESTADIOS,ESTADIO MULTIUSO,ROCK,64.0,2769175.0,False,55000.0,Pista,420.0,452.5,COMUM,TERCA-FEIRA,DIA UTIL,NUBLADO,MAIO,-684.0
2026,2022-05-10,2022,ESTADIO DO MORUMBI,GRETA VAN FLEET,ARENAS E ESTADIOS,ESTADIO MULTIUSO,ROCK,64.0,2769175.0,False,55000.0,Pista Premium,780.0,452.5,VIP,TERCA-FEIRA,DIA UTIL,NUBLADO,MAIO,0.0
2027,2022-05-10,2022,ESTADIO DO MORUMBI,GRETA VAN FLEET,ARENAS E ESTADIOS,ESTADIO MULTIUSO,ROCK,64.0,2769175.0,False,55000.0,Cadeira Inferior,320.0,452.5,INTERMEDIARIO,TERCA-FEIRA,DIA UTIL,NUBLADO,MAIO,0.0
2028,2022-05-10,2022,ESTADIO DO MORUMBI,GRETA VAN FLEET,ARENAS E ESTADIOS,ESTADIO MULTIUSO,ROCK,64.0,2769175.0,False,55000.0,Cadeira Superior,290.0,452.5,INTERMEDIARIO,TERCA-FEIRA,DIA UTIL,NUBLADO,MAIO,0.0
2029,2024-10-21,2024,AUDIO,BABYMETAL,MEDIAS CASAS,CASA DE SHOWS,J-ROCK,69.0,2756469.0,False,3200.0,Pista,380.0,410.0,COMUM,SEGUNDA-FEIRA,DIA UTIL,CHUVISCO LEVE,OUTUBRO,-174.0
2030,2024-10-21,2024,AUDIO,BABYMETAL,MEDIAS CASAS,CASA DE SHOWS,J-ROCK,69.0,2756469.0,False,3200.0,Pista Premium,440.0,410.0,VIP,SEGUNDA-FEIRA,DIA UTIL,CHUVISCO LEVE,OUTUBRO,0.0
2031,2024-10-20,2024,ALLIANZ PARQUE,BABYMETAL,ARENAS E ESTADIOS,ESTADIO MULTIUSO,J-ROCK,69.0,2756469.0,False,60000.0,Pista,790.0,1790.0,COMUM,DOMINGO,FIM DE SEMANA,CHUVA LEVE,OUTUBRO,-1.0
2032,2024-10-20,2024,ALLIANZ PARQUE,BABYMETAL,ARENAS E ESTADIOS,ESTADIO MULTIUSO,J-ROCK,69.0,2756469.0,False,60000.0,Cadeira Inferior,690.0,1790.0,INTERMEDIARIO,DOMINGO,FIM DE SEMANA,CHUVA LEVE,OUTUBRO,0.0
2033,2024-10-20,2024,ALLIANZ PARQUE,BABYMETAL,ARENAS E ESTADIOS,ESTADIO MULTIUSO,J-ROCK,69.0,2756469.0,False,60000.0,Cadeira Superior,490.0,1790.0,INTERMEDIARIO,DOMINGO,FIM DE SEMANA,CHUVA LEVE,OUTUBRO,0.0
2034,2024-10-20,2024,ALLIANZ PARQUE,BABYMETAL,ARENAS E ESTADIOS,ESTADIO MULTIUSO,J-ROCK,69.0,2756469.0,False,60000.0,VIP I,4990.0,1790.0,VIP,DOMINGO,FIM DE SEMANA,CHUVA LEVE,OUTUBRO,0.0
2035,2024-10-20,2024,ALLIANZ PARQUE,BABYMETAL,ARENAS E ESTADIOS,ESTADIO MULTIUSO,J-ROCK,69.0,2756469.0,False,60000.0,VIP II,1990.0,1790.0,ULTRA VIP,DOMINGO,FIM DE SEMANA,CHUVA LEVE,OUTUBRO,0.0
2036,2024-12-06,2024,ALLIANZ PARQUE,VOLBEAT,ARENAS E ESTADIOS,ESTADIO MULTIUSO,ROCK,70.0,2754486.0,False,43312.0,Pista,585.0,710.0,COMUM,SEXTA-FEIRA,DIA UTIL,CHUVA LEVE,DEZEMBRO,941.0
2037,2024-12-06,2024,ALLIANZ PARQUE,VOLBEAT,ARENAS E ESTADIOS,ESTADIO MULTIUSO,ROCK,70.0,2754486.0,False,43312.0,Pista Premium,1200.0,710.0,VIP,SEXTA-FEIRA,DIA UTIL,CHUVA LEVE,DEZEMBRO,0.0
2038,2024-12-06,2024,ALLIANZ PARQUE,VOLBEAT,ARENAS E ESTADIOS,ESTADIO MULTIUSO,ROCK,70.0,2754486.0,False,43312.0,Cadeira Inferior,690.0,710.0,INTERMEDIARIO,SEXTA-FEIRA,DIA UTIL,CHUVA LEVE,DEZEMBRO,0.0
2039,2024-12-06,2024,ALLIANZ PARQUE,VOLBEAT,ARENAS E ESTADIOS,ESTADIO MULTIUSO,ROCK,70.0,2754486.0,False,43312.0,Cadeira Inferior Visão Parcial,650.0,710.0,COMUM,SEXTA-FEIRA,DIA UTIL,CHUVA LEVE,DEZEMBRO,0.0
2040,2024-12-06,2024,ALLIANZ PARQUE,VOLBEAT,ARENAS E ESTADIOS,ESTADIO MULTIUSO,ROCK,70.0,2754486.0,False,43312.0,Cadeira Superior,425.0,710.0,INTERMEDIARIO,SEXTA-FEIRA,DIA UTIL,CHUVA LEVE,DEZEMBRO,0.0
2041,2024-12-07,2024,ALLIANZ PARQUE,VOLBEAT,ARENAS E ESTADIOS,ESTADIO MULTIUSO,ROCK,70.0,2754486.0,False,43000.0,Pista,585.0,710.0,COMUM,SABADO,FIM DE SEMANA,CHUVISCO LEVE,DEZEMBRO,1.0
2042,2024-12-07,2024,ALLIANZ PARQUE,VOLBEAT,ARENAS E ESTADIOS,ESTADIO MULTIUSO,ROCK,70.0,2754486.0,False,43000.0,Pista Premium,1200.0,710.0,VIP,SABADO,FIM DE SEMANA,CHUVISCO LEVE,DEZEMBRO,0.0
2043,2024-12-07,2024,ALLIANZ PARQUE,VOLBEAT,ARENAS E ESTADIOS,ESTADIO MULTIUSO,ROCK,70.0,2754486.0,False,43000.0,Cadeira Inferior,690.0,710.0,INTERMEDIARIO,SABADO,FIM DE SEMANA,CHUVISCO LEVE,DEZEMBRO,0.0
2044,2024-12-07,2024,ALLIANZ PARQUE,VOLBEAT,ARENAS E ESTADIOS,ESTADIO MULTIUSO,ROCK,70.0,2754486.0,False,43000.0,Cadeira Inferior Visão Parcial,650.0,710.0,COMUM,SABADO,FIM DE SEMANA,CHUVISCO LEVE,DEZEMBRO,0.0
2045,2024-12-07,2024,ALLIANZ PARQUE,VOLBEAT,ARENAS E ESTADIOS,ESTADIO MULTIUSO,ROCK,70.0,2754486.0,False,43000.0,Cadeira Superior,425.0,710.0,INTERMEDIARIO,SABADO,FIM DE SEMANA,CHUVISCO LEVE,DEZEMBRO,0.0
2046,2022-02-12,2022,ESPACO DAS AMERICAS,CHITAOZINHO & XORORO,MEDIAS CASAS,CASA DE SHOWS,SERTANEJO TRADICIONAL,68.0,2749524.0,False,8000.0,Pista,220.0,423.3333333333333,COMUM,SABADO,FIM DE SEMANA,CHUVISCO MODERADO,FEVEREIRO,-301.0
2047,2022-02-12,2022,ESPACO DAS AMERICAS,CHITAOZINHO & XORORO,MEDIAS CASAS,CASA DE SHOWS,SERTANEJO TRADICIONAL,68.0,2749524.0,False,8000.0,Pista Premium,400.0,423.3333333333333,VIP,SABADO,FIM DE SEMANA,CHUVISCO MODERADO,FEVEREIRO,0.0
2048,2022-02-12,2022,ESPACO DAS AMERICAS,CHITAOZINHO & XORORO,MEDIAS CASAS,CASA DE SHOWS,SERTANEJO TRADICIONAL,68.0,2749524.0,False,8000.0,Camarote,650.0,423.3333333333333,LUXO,SABADO,FIM DE SEMANA,CHUVISCO MODERADO,FEVEREIRO,0.0
2049,2022-02-17,2022,ESPACO DAS AMERICAS,CHITAOZINHO & XORORO,MEDIAS CASAS,CASA DE SHOWS,SERTANEJO TRADICIONAL,68.0,2749524.0,False,8000.0,Pista,220.0,423.3333333333333,COMUM,QUINTA-FEIRA,DIA UTIL,CHUVA MODERADA,FEVEREIRO,5.0
2050,2022-02-17,2022,ESPACO DAS AMERICAS,CHITAOZINHO & XORORO,MEDIAS CASAS,CASA DE SHOWS,SERTANEJO TRADICIONAL,68.0,2749524.0,False,8000.0,Pista Premium,400.0,423.3333333333333,VIP,QUINTA-FEIRA,DIA UTIL,CHUVA MODERADA,FEVEREIRO,0.0
2051,2022-02-17,2022,ESPACO DAS AMERICAS,CHITAOZINHO & XORORO,MEDIAS CASAS,CASA DE SHOWS,SERTANEJO TRADICIONAL,68.0,2749524.0,False,8000.0,Camarote,650.0,423.3333333333333,LUXO,QUINTA-FEIRA,DIA UTIL,CHUVA MODERADA,FEVEREIRO,0.0
2052,2022-12-10,2022,ALLIANZ PARQUE,CHITAOZINHO & XORORO,ARENAS E ESTADIOS,ESTADIO MULTIUSO,SERTANEJO TRADICIONAL,68.0,2749524.0,False,45000.0,Pista,421.0,4533.666666666667,COMUM,SABADO,FIM DE SEMANA,NUBLADO,DEZEMBRO,296.0
2053,2022-12-10,2022,ALLIANZ PARQUE,CHITAOZINHO & XORORO,ARENAS E ESTADIOS,ESTADIO MULTIUSO,SERTANEJO TRADICIONAL,68.0,2749524.0,False,45000.0,Cadeira Inferior,180.0,4533.666666666667,INTERMEDIARIO,SABADO,FIM DE SEMANA,NUBLADO,DEZEMBRO,0.0
2054,2022-12-10,2022,ALLIANZ PARQUE,CHITAOZINHO & XORORO,ARENAS E ESTADIOS,ESTADIO MULTIUSO,SERTANEJO TRADICIONAL,68.0,2749524.0,False,45000.0,Mesa,13000.0,4533.666666666667,LUXO,SABADO,FIM DE SEMANA,NUBLADO,DEZEMBRO,0.0
2055,2024-06-27,2024,ALLIANZ PARQUE,CHITAOZINHO & XORORO,ARENAS E ESTADIOS,ESTADIO MULTIUSO,SERTANEJO TRADICIONAL,68.0,2749524.0,False,47500.0,Pista,421.0,4713.666666666667,COMUM,QUINTA-FEIRA,DIA UTIL,CHUVISCO LEVE,JUNHO,565.0
2056,2024-06-27,2024,ALLIANZ PARQUE,CHITAOZINHO & XORORO,ARENAS E ESTADIOS,ESTADIO MULTIUSO,SERTANEJO TRADICIONAL,68.0,2749524.0,False,47500.0,Mesa,13500.0,4713.666666666667,LUXO,QUINTA-FEIRA,DIA UTIL,CHUVISCO LEVE,JUNHO,0.0
2057,2024-06-27,2024,ALLIANZ PARQUE,CHITAOZINHO & XORORO,ARENAS E ESTADIOS,ESTADIO MULTIUSO,SERTANEJO TRADICIONAL,68.0,2749524.0,False,47500.0,Cadeira,220.0,4713.666666666667,INTERMEDIARIO,QUINTA-FEIRA,DIA UTIL,CHUVISCO LEVE,JUNHO,0.0
2058,2025-08-23,2025,ALLIANZ PARQUE,CHITAOZINHO & XORORO,ARENAS E ESTADIOS,ESTADIO MULTIUSO,SERTANEJO TRADICIONAL,68.0,2749524.0,False,45000.0,Pista Premium,160.0,180.0,VIP,SABADO,FIM DE SEMANA,NUBLADO,AGOSTO,422.0
2059,2025-08-23,2025,ALLIANZ PARQUE,CHITAOZINHO & XORORO,ARENAS E ESTADIOS,ESTADIO MULTIUSO,SERTANEJO TRADICIONAL,68.0,2749524.0,False,45000.0,Camarote,200.0,180.0,LUXO,SABADO,FIM DE SEMANA,NUBLADO,AGOSTO,0.0
2060,2023-06-23,2023,ESPACO UNIMED,CHITAOZINHO & XORORO,MEDIAS CASAS,CASA DE SHOWS,SERTANEJO TRADICIONAL,68.0,2749524.0,False,8000.0,Pista,400.0,525.0,COMUM,SEXTA-FEIRA,DIA UTIL,NUBLADO,JUNHO,-792.0
2061,2023-06-23,2023,ESPACO UNIMED,CHITAOZINHO & XORORO,MEDIAS CASAS,CASA DE SHOWS,SERTANEJO TRADICIONAL,68.0,2749524.0,False,8000.0,Pista Premium,600.0,525.0,VIP,SEXTA-FEIRA,DIA UTIL,NUBLADO,JUNHO,0.0
2062,2023-06-23,2023,ESPACO UNIMED,CHITAOZINHO & XORORO,MEDIAS CASAS,CASA DE SHOWS,SERTANEJO TRADICIONAL,68.0,2749524.0,False,8000.0,Camarote,850.0,525.0,LUXO,SEXTA-FEIRA,DIA UTIL,NUBLADO,JUNHO,0.0
2063,2023-06-23,2023,ESPACO UNIMED,CHITAOZINHO & XORORO,MEDIAS CASAS,CASA DE SHOWS,SERTANEJO TRADICIONAL,68.0,2749524.0,False,8000.0,Mezanino ,250.0,525.0,INTERMEDIARIO,SEXTA-FEIRA,DIA UTIL,NUBLADO,JUNHO,0.0
2064,2023-06-24,2023,ESPACO UNIMED,CHITAOZINHO & XORORO,MEDIAS CASAS,CASA DE SHOWS,SERTANEJO TRADICIONAL,68.0,2749524.0,False,8000.0,Pista,400.0,525.0,COMUM,SABADO,FIM DE SEMANA,PREDOMINANTEMENTE LIMPO,JUNHO,1.0
2065,2023-06-24,2023,ESPACO UNIMED,CHITAOZINHO & XORORO,MEDIAS CASAS,CASA DE SHOWS,SERTANEJO TRADICIONAL,68.0,2749524.0,False,8000.0,Pista Premium,600.0,525.0,VIP,SABADO,FIM DE SEMANA,PREDOMINANTEMENTE LIMPO,JUNHO,0.0
2066,2023-06-24,2023,ESPACO UNIMED,CHITAOZINHO & XORORO,MEDIAS CASAS,CASA DE SHOWS,SERTANEJO TRADICIONAL,68.0,2749524.0,False,8000.0,Camarote,850.0,525.0,LUXO,SABADO,FIM DE SEMANA,PREDOMINANTEMENTE LIMPO,JUNHO,0.0
2067,2023-06-24,2023,ESPACO UNIMED,CHITAOZINHO & XORORO,MEDIAS CASAS,CASA DE SHOWS,SERTANEJO TRADICIONAL,68.0,2749524.0,False,8000.0,Mezanino ,250.0,525.0,INTERMEDIARIO,SABADO,FIM DE SEMANA,PREDOMINANTEMENTE LIMPO,JUNHO,0.0
2068,2025-11-21,2025,ESPACO UNIMED,CHITAOZINHO & XORORO,MEDIAS CASAS,CASA DE SHOWS,SERTANEJO TRADICIONAL,68.0,2749524.0,False,8000.0,Pista,380.0,540.0,COMUM,SEXTA-FEIRA,DIA UTIL,<FUNCTION SERIES.MODE AT 0X0000027829051A80>,NOVEMBRO,881.0
2069,2025-11-21,2025,ESPACO UNIMED,CHITAOZINHO & XORORO,MEDIAS CASAS,CASA DE SHOWS,SERTANEJO TRADICIONAL,68.0,2749524.0,False,8000.0,Pista Premium,540.0,540.0,VIP,SEXTA-FEIRA,DIA UTIL,<FUNCTION SERIES.MODE AT 0X0000027829051A80>,NOVEMBRO,0.0
2070,2025-11-21,2025,ESPACO UNIMED,CHITAOZINHO & XORORO,MEDIAS CASAS,CASA DE SHOWS,SERTANEJO TRADICIONAL,68.0,2749524.0,False,8000.0,Camarote,700.0,540.0,LUXO,SEXTA-FEIRA,DIA UTIL,<FUNCTION SERIES.MODE AT 0X0000027829051A80>,NOVEMBRO,0.0
2071,2025-11-22,2025,ESPACO UNIMED,CHITAOZINHO & XORORO,MEDIAS CASAS,CASA DE SHOWS,SERTANEJO TRADICIONAL,68.0,2749524.0,False,8000.0,Pista,380.0,540.0,COMUM,SABADO,FIM DE SEMANA,<FUNCTION SERIES.MODE AT 0X0000027829051A80>,NOVEMBRO,1.0
2072,2025-11-22,2025,ESPACO UNIMED,CHITAOZINHO & XORORO,MEDIAS CASAS,CASA DE SHOWS,SERTANEJO TRADICIONAL,68.0,2749524.0,False,8000.0,Pista Premium,540.0,540.0,VIP,SABADO,FIM DE SEMANA,<FUNCTION SERIES.MODE AT 0X0000027829051A80>,NOVEMBRO,0.0
2073,2025-11-22,2025,ESPACO UNIMED,CHITAOZINHO & XORORO,MEDIAS CASAS,CASA DE SHOWS,SERTANEJO TRADICIONAL,68.0,2749524.0,False,8000.0,Camarote,700.0,540.0,LUXO,SABADO,FIM DE SEMANA,<FUNCTION SERIES.MODE AT 0X0000027829051A80>,NOVEMBRO,0.0
2074,2023-05-27,2023,VIBRA SAO PAULO,TIAGO IORC,MEDIAS CASAS,TEATRO E CASA DE ESPETACULOS,MPB,62.0,2702811.0,False,6800.0,Pista,120.0,220.0,COMUM,SABADO,FIM DE SEMANA,NUBLADO,MAIO,133.0
2075,2023-05-27,2023,VIBRA SAO PAULO,TIAGO IORC,MEDIAS CASAS,TEATRO E CASA DE ESPETACULOS,MPB,62.0,2702811.0,False,6800.0,Pista Premium,320.0,220.0,VIP,SABADO,FIM DE SEMANA,NUBLADO,MAIO,0.0
2076,2022-02-04,2022,ESPACO DAS AMERICAS,MARISA MONTE,MEDIAS CASAS,CASA DE SHOWS,MPB,68.0,2692452.0,False,3000.0,Pista,220.0,423.3333333333333,COMUM,SEXTA-FEIRA,DIA UTIL,CHUVA MODERADA,FEVEREIRO,-477.0
2077,2022-02-04,2022,ESPACO DAS AMERICAS,MARISA MONTE,MEDIAS CASAS,CASA DE SHOWS,MPB,68.0,2692452.0,False,3000.0,Pista Premium,400.0,423.3333333333333,VIP,SEXTA-FEIRA,DIA UTIL,CHUVA MODERADA,FEVEREIRO,0.0
2078,2022-02-04,2022,ESPACO DAS AMERICAS,MARISA MONTE,MEDIAS CASAS,CASA DE SHOWS,MPB,68.0,2692452.0,False,3000.0,Camarote,650.0,423.3333333333333,LUXO,SEXTA-FEIRA,DIA UTIL,CHUVA MODERADA,FEVEREIRO,0.0
2079,2022-02-04,2022,ESPACO DAS AMERICAS,MARISA MONTE,MEDIAS CASAS,CASA DE SHOWS,MPB,68.0,2692452.0,False,3000.0,Pista,220.0,423.3333333333333,COMUM,SEXTA-FEIRA,DIA UTIL,CHUVA MODERADA,FEVEREIRO,0.0
2080,2022-02-05,2022,ESPACO DAS AMERICAS,MARISA MONTE,MEDIAS CASAS,CASA DE SHOWS,MPB,68.0,2692452.0,False,3000.0,Pista,220.0,423.3333333333333,COMUM,SABADO,FIM DE SEMANA,CHUVISCO MODERADO,FEVEREIRO,1.0
2081,2022-02-05,2022,ESPACO DAS AMERICAS,MARISA MONTE,MEDIAS CASAS,CASA DE SHOWS,MPB,68.0,2692452.0,False,3000.0,Pista Premium,400.0,423.3333333333333,VIP,SABADO,FIM DE SEMANA,CHUVISCO MODERADO,FEVEREIRO,0.0
2082,2022-02-05,2022,ESPACO DAS AMERICAS,MARISA MONTE,MEDIAS CASAS,CASA DE SHOWS,MPB,68.0,2692452.0,False,3000.0,Camarote,650.0,423.3333333333333,LUXO,SABADO,FIM DE SEMANA,CHUVISCO MODERADO,FEVEREIRO,0.0
2083,2022-02-05,2022,ESPACO DAS AMERICAS,MARISA MONTE,MEDIAS CASAS,CASA DE SHOWS,MPB,68.0,2692452.0,False,3000.0,Pista,220.0,423.3333333333333,COMUM,SABADO,FIM DE SEMANA,CHUVISCO MODERADO,FEVEREIRO,0.0
2084,2022-02-11,2022,ESPACO DAS AMERICAS,MARISA MONTE,MEDIAS CASAS,CASA DE SHOWS,MPB,68.0,2692452.0,False,3000.0,Pista,220.0,423.3333333333333,COMUM,SEXTA-FEIRA,DIA UTIL,CHUVISCO INTENSO,FEVEREIRO,6.0
2085,2022-02-11,2022,ESPACO DAS AMERICAS,MARISA MONTE,MEDIAS CASAS,CASA DE SHOWS,MPB,68.0,2692452.0,False,3000.0,Pista Premium,400.0,423.3333333333333,VIP,SEXTA-FEIRA,DIA UTIL,CHUVISCO INTENSO,FEVEREIRO,0.0
2086,2022-02-11,2022,ESPACO DAS AMERICAS,MARISA MONTE,MEDIAS CASAS,CASA DE SHOWS,MPB,68.0,2692452.0,False,3000.0,Camarote,650.0,423.3333333333333,LUXO,SEXTA-FEIRA,DIA UTIL,CHUVISCO INTENSO,FEVEREIRO,0.0
2087,2022-02-11,2022,ESPACO DAS AMERICAS,MARISA MONTE,MEDIAS CASAS,CASA DE SHOWS,MPB,68.0,2692452.0,False,3000.0,Pista,220.0,423.3333333333333,COMUM,SEXTA-FEIRA,DIA UTIL,CHUVISCO INTENSO,FEVEREIRO,0.0
2088,2022-02-12,2022,ESPACO DAS AMERICAS,MARISA MONTE,MEDIAS CASAS,CASA DE SHOWS,MPB,68.0,2692452.0,False,8000.0,Pista,220.0,423.3333333333333,COMUM,SABADO,FIM DE SEMANA,CHUVISCO MODERADO,FEVEREIRO,1.0
2089,2022-02-12,2022,ESPACO DAS AMERICAS,MARISA MONTE,MEDIAS CASAS,CASA DE SHOWS,MPB,68.0,2692452.0,False,8000.0,Pista Premium,400.0,423.3333333333333,VIP,SABADO,FIM DE SEMANA,CHUVISCO MODERADO,FEVEREIRO,0.0
2090,2022-02-12,2022,ESPACO DAS AMERICAS,MARISA MONTE,MEDIAS CASAS,CASA DE SHOWS,MPB,68.0,2692452.0,False,8000.0,Camarote,650.0,423.3333333333333,LUXO,SABADO,FIM DE SEMANA,CHUVISCO MODERADO,FEVEREIRO,0.0
2091,2022-02-12,2022,ESPACO DAS AMERICAS,MARISA MONTE,MEDIAS CASAS,CASA DE SHOWS,MPB,68.0,2692452.0,False,8000.0,Pista,220.0,423.3333333333333,COMUM,SABADO,FIM DE SEMANA,CHUVISCO MODERADO,FEVEREIRO,0.0
2092,2023-12-02,2023,AUTODROMO DE INTERLAGOS,MARISA MONTE,ARENAS E ESTADIOS,AREA EXTERNA PARA EVENTOS,MPB,68.0,2692452.0,False,50000.0,Pista,990.0,1495.0,COMUM,SABADO,FIM DE SEMANA,NUBLADO,DEZEMBRO,658.0
2093,2023-12-02,2023,AUTODROMO DE INTERLAGOS,MARISA MONTE,ARENAS E ESTADIOS,AREA EXTERNA PARA EVENTOS,MPB,68.0,2692452.0,False,50000.0,Pista Premium,2000.0,1495.0,VIP,SABADO,FIM DE SEMANA,NUBLADO,DEZEMBRO,0.0
2094,2023-12-02,2023,AUTODROMO DE INTERLAGOS,MARISA MONTE,ARENAS E ESTADIOS,AREA EXTERNA PARA EVENTOS,MPB,68.0,2692452.0,False,50000.0,Pista,990.0,1495.0,COMUM,SABADO,FIM DE SEMANA,NUBLADO,DEZEMBRO,0.0
2095,2022-07-21,2022,ESPACO UNIMED,MARISA MONTE,MEDIAS CASAS,CASA DE SHOWS,MPB,68.0,2692452.0,False,8000.0,Pista,220.0,350.0,COMUM,QUINTA-FEIRA,DIA UTIL,NUBLADO,JULHO,-499.0
2096,2022-07-21,2022,ESPACO UNIMED,MARISA MONTE,MEDIAS CASAS,CASA DE SHOWS,MPB,68.0,2692452.0,False,8000.0,Pista Premium,420.0,350.0,VIP,QUINTA-FEIRA,DIA UTIL,NUBLADO,JULHO,0.0
2097,2022-07-21,2022,ESPACO UNIMED,MARISA MONTE,MEDIAS CASAS,CASA DE SHOWS,MPB,68.0,2692452.0,False,8000.0,Camarote,520.0,350.0,LUXO,QUINTA-FEIRA,DIA UTIL,NUBLADO,JULHO,0.0
2098,2022-07-21,2022,ESPACO UNIMED,MARISA MONTE,MEDIAS CASAS,CASA DE SHOWS,MPB,68.0,2692452.0,False,8000.0,Mezanino ,240.0,350.0,INTERMEDIARIO,QUINTA-FEIRA,DIA UTIL,NUBLADO,JULHO,0.0
2099,2022-07-21,2022,ESPACO UNIMED,MARISA MONTE,MEDIAS CASAS,CASA DE SHOWS,MPB,68.0,2692452.0,False,8000.0,Pista,220.0,350.0,COMUM,QUINTA-FEIRA,DIA UTIL,NUBLADO,JULHO,0.0
2100,2022-07-22,2022,ESPACO UNIMED,MARISA MONTE,MEDIAS CASAS,CASA DE SHOWS,MPB,68.0,2692452.0,False,7700.0,Pista,220.0,350.0,COMUM,SEXTA-FEIRA,DIA UTIL,NUBLADO,JULHO,1.0
2101,2022-07-22,2022,ESPACO UNIMED,MARISA MONTE,MEDIAS CASAS,CASA DE SHOWS,MPB,68.0,2692452.0,False,7700.0,Pista Premium,420.0,350.0,VIP,SEXTA-FEIRA,DIA UTIL,NUBLADO,JULHO,0.0
2102,2022-07-22,2022,ESPACO UNIMED,MARISA MONTE,MEDIAS CASAS,CASA DE SHOWS,MPB,68.0,2692452.0,False,7700.0,Camarote,520.0,350.0,LUXO,SEXTA-FEIRA,DIA UTIL,NUBLADO,JULHO,0.0
2103,2022-07-22,2022,ESPACO UNIMED,MARISA MONTE,MEDIAS CASAS,CASA DE SHOWS,MPB,68.0,2692452.0,False,7700.0,Mezanino ,240.0,350.0,INTERMEDIARIO,SEXTA-FEIRA,DIA UTIL,NUBLADO,JULHO,0.0
2104,2022-07-22,2022,ESPACO UNIMED,MARISA MONTE,MEDIAS CASAS,CASA DE SHOWS,MPB,68.0,2692452.0,False,7700.0,Pista,220.0,350.0,COMUM,SEXTA-FEIRA,DIA UTIL,NUBLADO,JULHO,0.0
2105,2022-07-23,2022,ESPACO UNIMED,MARISA MONTE,MEDIAS CASAS,CASA DE SHOWS,MPB,68.0,2692452.0,False,8000.0,Pista,220.0,350.0,COMUM,SABADO,FIM DE SEMANA,NUBLADO,JULHO,1.0
2106,2022-07-23,2022,ESPACO UNIMED,MARISA MONTE,MEDIAS CASAS,CASA DE SHOWS,MPB,68.0,2692452.0,False,8000.0,Pista Premium,420.0,350.0,VIP,SABADO,FIM DE SEMANA,NUBLADO,JULHO,0.0
2107,2022-07-23,2022,ESPACO UNIMED,MARISA MONTE,MEDIAS CASAS,CASA DE SHOWS,MPB,68.0,2692452.0,False,8000.0,Camarote,520.0,350.0,LUXO,SABADO,FIM DE SEMANA,NUBLADO,JULHO,0.0
2108,2022-07-23,2022,ESPACO UNIMED,MARISA MONTE,MEDIAS CASAS,CASA DE SHOWS,MPB,68.0,2692452.0,False,8000.0,Mezanino ,240.0,350.0,INTERMEDIARIO,SABADO,FIM DE SEMANA,NUBLADO,JULHO,0.0
2109,2022-07-23,2022,ESPACO UNIMED,MARISA MONTE,MEDIAS CASAS,CASA DE SHOWS,MPB,68.0,2692452.0,False,8000.0,Pista,220.0,350.0,COMUM,SABADO,FIM DE SEMANA,NUBLADO,JULHO,0.0
2110,2022-07-28,2022,ESPACO UNIMED,MARISA MONTE,MEDIAS CASAS,CASA DE SHOWS,MPB,68.0,2692452.0,False,8000.0,Pista,220.0,350.0,COMUM,QUINTA-FEIRA,DIA UTIL,NUBLADO,JULHO,5.0
2111,2022-07-28,2022,ESPACO UNIMED,MARISA MONTE,MEDIAS CASAS,CASA DE SHOWS,MPB,68.0,2692452.0,False,8000.0,Pista Premium,420.0,350.0,VIP,QUINTA-FEIRA,DIA UTIL,NUBLADO,JULHO,0.0
2112,2022-07-28,2022,ESPACO UNIMED,MARISA MONTE,MEDIAS CASAS,CASA DE SHOWS,MPB,68.0,2692452.0,False,8000.0,Camarote,520.0,350.0,LUXO,QUINTA-FEIRA,DIA UTIL,NUBLADO,JULHO,0.0
2113,2022-07-28,2022,ESPACO UNIMED,MARISA MONTE,MEDIAS CASAS,CASA DE SHOWS,MPB,68.0,2692452.0,False,8000.0,Mezanino ,240.0,350.0,INTERMEDIARIO,QUINTA-FEIRA,DIA UTIL,NUBLADO,JULHO,0.0
2114,2022-07-28,2022,ESPACO UNIMED,MARISA MONTE,MEDIAS CASAS,CASA DE SHOWS,MPB,68.0,2692452.0,False,8000.0,Pista,220.0,350.0,COMUM,QUINTA-FEIRA,DIA UTIL,NUBLADO,JULHO,0.0
2115,2022-07-29,2022,ESPACO UNIMED,MARISA MONTE,MEDIAS CASAS,CASA DE SHOWS,MPB,68.0,2692452.0,False,8000.0,Pista,220.0,350.0,COMUM,SEXTA-FEIRA,DIA UTIL,CHUVA MODERADA,JULHO,1.0
2116,2022-07-29,2022,ESPACO UNIMED,MARISA MONTE,MEDIAS CASAS,CASA DE SHOWS,MPB,68.0,2692452.0,False,8000.0,Pista Premium,420.0,350.0,VIP,SEXTA-FEIRA,DIA UTIL,CHUVA MODERADA,JULHO,0.0
2117,2022-07-29,2022,ESPACO UNIMED,MARISA MONTE,MEDIAS CASAS,CASA DE SHOWS,MPB,68.0,2692452.0,False,8000.0,Camarote,520.0,350.0,LUXO,SEXTA-FEIRA,DIA UTIL,CHUVA MODERADA,JULHO,0.0
2118,2022-07-29,2022,ESPACO UNIMED,MARISA MONTE,MEDIAS CASAS,CASA DE SHOWS,MPB,68.0,2692452.0,False,8000.0,Mezanino ,240.0,350.0,INTERMEDIARIO,SEXTA-FEIRA,DIA UTIL,CHUVA MODERADA,JULHO,0.0
2119,2022-07-29,2022,ESPACO UNIMED,MARISA MONTE,MEDIAS CASAS,CASA DE SHOWS,MPB,68.0,2692452.0,False,8000.0,Pista,220.0,350.0,COMUM,SEXTA-FEIRA,DIA UTIL,CHUVA MODERADA,JULHO,0.0
2120,2023-07-14,2023,ESPACO UNIMED,MARISA MONTE,MEDIAS CASAS,CASA DE SHOWS,MPB,68.0,2692452.0,False,7500.0,Pista,180.0,340.0,COMUM,SEXTA-FEIRA,DIA UTIL,NUBLADO,JULHO,350.0
2121,2023-07-14,2023,ESPACO UNIMED,MARISA MONTE,MEDIAS CASAS,CASA DE SHOWS,MPB,68.0,2692452.0,False,7500.0,Pista Premium,420.0,340.0,VIP,SEXTA-FEIRA,DIA UTIL,NUBLADO,JULHO,0.0
2122,2023-07-14,2023,ESPACO UNIMED,MARISA MONTE,MEDIAS CASAS,CASA DE SHOWS,MPB,68.0,2692452.0,False,7500.0,Camarote,480.0,340.0,LUXO,SEXTA-FEIRA,DIA UTIL,NUBLADO,JULHO,0.0
2123,2023-07-14,2023,ESPACO UNIMED,MARISA MONTE,MEDIAS CASAS,CASA DE SHOWS,MPB,68.0,2692452.0,False,7500.0,Mezanino ,280.0,340.0,INTERMEDIARIO,SEXTA-FEIRA,DIA UTIL,NUBLADO,JULHO,0.0
2124,2023-07-14,2023,ESPACO UNIMED,MARISA MONTE,MEDIAS CASAS,CASA DE SHOWS,MPB,68.0,2692452.0,False,7500.0,Pista,180.0,340.0,COMUM,SEXTA-FEIRA,DIA UTIL,NUBLADO,JULHO,0.0
2125,2023-07-15,2023,ESPACO UNIMED,MARISA MONTE,MEDIAS CASAS,CASA DE SHOWS,MPB,68.0,2692452.0,False,7700.0,Pista,180.0,340.0,COMUM,SABADO,FIM DE SEMANA,NUBLADO,JULHO,1.0
2126,2023-07-15,2023,ESPACO UNIMED,MARISA MONTE,MEDIAS CASAS,CASA DE SHOWS,MPB,68.0,2692452.0,False,7700.0,Pista Premium,420.0,340.0,VIP,SABADO,FIM DE SEMANA,NUBLADO,JULHO,0.0
2127,2023-07-15,2023,ESPACO UNIMED,MARISA MONTE,MEDIAS CASAS,CASA DE SHOWS,MPB,68.0,2692452.0,False,7700.0,Camarote,480.0,340.0,LUXO,SABADO,FIM DE SEMANA,NUBLADO,JULHO,0.0
2128,2023-07-15,2023,ESPACO UNIMED,MARISA MONTE,MEDIAS CASAS,CASA DE SHOWS,MPB,68.0,2692452.0,False,7700.0,Mezanino ,280.0,340.0,INTERMEDIARIO,SABADO,FIM DE SEMANA,NUBLADO,JULHO,0.0
2129,2023-07-15,2023,ESPACO UNIMED,MARISA MONTE,MEDIAS CASAS,CASA DE SHOWS,MPB,68.0,2692452.0,False,7700.0,Pista,180.0,340.0,COMUM,SABADO,FIM DE SEMANA,NUBLADO,JULHO,0.0
2130,2023-07-21,2023,ESPACO UNIMED,MARISA MONTE,MEDIAS CASAS,CASA DE SHOWS,MPB,68.0,2692452.0,False,7400.0,Pista,180.0,340.0,COMUM,SEXTA-FEIRA,DIA UTIL,NUBLADO,JULHO,6.0
2131,2023-07-21,2023,ESPACO UNIMED,MARISA MONTE,MEDIAS CASAS,CASA DE SHOWS,MPB,68.0,2692452.0,False,7400.0,Pista Premium,420.0,340.0,VIP,SEXTA-FEIRA,DIA UTIL,NUBLADO,JULHO,0.0
2132,2023-07-21,2023,ESPACO UNIMED,MARISA MONTE,MEDIAS CASAS,CASA DE SHOWS,MPB,68.0,2692452.0,False,7400.0,Camarote,480.0,340.0,LUXO,SEXTA-FEIRA,DIA UTIL,NUBLADO,JULHO,0.0
2133,2023-07-21,2023,ESPACO UNIMED,MARISA MONTE,MEDIAS CASAS,CASA DE SHOWS,MPB,68.0,2692452.0,False,7400.0,Mezanino ,280.0,340.0,INTERMEDIARIO,SEXTA-FEIRA,DIA UTIL,NUBLADO,JULHO,0.0
2134,2023-07-21,2023,ESPACO UNIMED,MARISA MONTE,MEDIAS CASAS,CASA DE SHOWS,MPB,68.0,2692452.0,False,7400.0,Pista,180.0,340.0,COMUM,SEXTA-FEIRA,DIA UTIL,NUBLADO,JULHO,0.0
2135,2023-07-22,2023,ESPACO UNIMED,MARISA MONTE,MEDIAS CASAS,CASA DE SHOWS,MPB,68.0,2692452.0,False,7500.0,Pista,180.0,340.0,COMUM,SABADO,FIM DE SEMANA,NUBLADO,JULHO,1.0
2136,2023-07-22,2023,ESPACO UNIMED,MARISA MONTE,MEDIAS CASAS,CASA DE SHOWS,MPB,68.0,2692452.0,False,7500.0,Pista Premium,420.0,340.0,VIP,SABADO,FIM DE SEMANA,NUBLADO,JULHO,0.0
2137,2023-07-22,2023,ESPACO UNIMED,MARISA MONTE,MEDIAS CASAS,CASA DE SHOWS,MPB,68.0,2692452.0,False,7500.0,Camarote,480.0,340.0,LUXO,SABADO,FIM DE SEMANA,NUBLADO,JULHO,0.0
2138,2023-07-22,2023,ESPACO UNIMED,MARISA MONTE,MEDIAS CASAS,CASA DE SHOWS,MPB,68.0,2692452.0,False,7500.0,Mezanino ,280.0,340.0,INTERMEDIARIO,SABADO,FIM DE SEMANA,NUBLADO,JULHO,0.0
2139,2023-07-22,2023,ESPACO UNIMED,MARISA MONTE,MEDIAS CASAS,CASA DE SHOWS,MPB,68.0,2692452.0,False,7500.0,Pista,180.0,340.0,COMUM,SABADO,FIM DE SEMANA,NUBLADO,JULHO,0.0
2140,2025-11-13,2025,ESPACO UNIMED,MASSIVE ATTACK,MEDIAS CASAS,CASA DE SHOWS,TRIP HOP,70.0,2685718.0,False,8000.0,Pista,535.0,987.5,COMUM,QUINTA-FEIRA,DIA UTIL,<FUNCTION SERIES.MODE AT 0X0000027829051A80>,NOVEMBRO,999.0
2141,2025-11-13,2025,ESPACO UNIMED,MASSIVE ATTACK,MEDIAS CASAS,CASA DE SHOWS,TRIP HOP,70.0,2685718.0,False,8000.0,Pista Premium,995.0,987.5,VIP,QUINTA-FEIRA,DIA UTIL,<FUNCTION SERIES.MODE AT 0X0000027829051A80>,NOVEMBRO,0.0
2142,2025-11-13,2025,ESPACO UNIMED,MASSIVE ATTACK,MEDIAS CASAS,CASA DE SHOWS,TRIP HOP,70.0,2685718.0,False,8000.0,Camarote,1295.0,987.5,LUXO,QUINTA-FEIRA,DIA UTIL,<FUNCTION SERIES.MODE AT 0X0000027829051A80>,NOVEMBRO,0.0
2143,2025-11-13,2025,ESPACO UNIMED,MASSIVE ATTACK,MEDIAS CASAS,CASA DE SHOWS,TRIP HOP,70.0,2685718.0,False,8000.0,Mezanino ,1125.0,987.5,INTERMEDIARIO,QUINTA-FEIRA,DIA UTIL,<FUNCTION SERIES.MODE AT 0X0000027829051A80>,NOVEMBRO,0.0
2144,2023-03-03,2023,ESPACO UNIMED,BIG TIME RUSH,MEDIAS CASAS,CASA DE SHOWS,POP,66.0,2667856.0,False,8000.0,Pista,390.0,585.0,COMUM,SEXTA-FEIRA,DIA UTIL,CHUVA LEVE,MARÇO,-858.0
2145,2023-03-03,2023,ESPACO UNIMED,BIG TIME RUSH,MEDIAS CASAS,CASA DE SHOWS,POP,66.0,2667856.0,False,8000.0,Pista Premium,650.0,585.0,VIP,SEXTA-FEIRA,DIA UTIL,CHUVA LEVE,MARÇO,0.0
2146,2023-03-03,2023,ESPACO UNIMED,BIG TIME RUSH,MEDIAS CASAS,CASA DE SHOWS,POP,66.0,2667856.0,False,8000.0,Camarote,620.0,585.0,LUXO,SEXTA-FEIRA,DIA UTIL,CHUVA LEVE,MARÇO,0.0
2147,2023-03-03,2023,ESPACO UNIMED,BIG TIME RUSH,MEDIAS CASAS,CASA DE SHOWS,POP,66.0,2667856.0,False,8000.0,Mezanino ,680.0,585.0,INTERMEDIARIO,SEXTA-FEIRA,DIA UTIL,CHUVA LEVE,MARÇO,0.0
2148,2022-05-20,2022,ESPACO UNIMED,THE KOOKS,MEDIAS CASAS,CASA DE SHOWS,INDIE,68.0,2657421.0,False,6000.0,Pista,300.0,566.6666666666666,COMUM,SEXTA-FEIRA,DIA UTIL,NUBLADO,MAIO,-309.0
2149,2022-05-20,2022,ESPACO UNIMED,THE KOOKS,MEDIAS CASAS,CASA DE SHOWS,INDIE,68.0,2657421.0,False,6000.0,Pista Premium,600.0,566.6666666666666,VIP,SEXTA-FEIRA,DIA UTIL,NUBLADO,MAIO,0.0
2150,2022-05-20,2022,ESPACO UNIMED,THE KOOKS,MEDIAS CASAS,CASA DE SHOWS,INDIE,68.0,2657421.0,False,6000.0,Mezanino ,800.0,566.6666666666666,INTERMEDIARIO,SEXTA-FEIRA,DIA UTIL,NUBLADO,MAIO,0.0
2151,2023-10-11,2023,ESPACO UNIMED,RACA NEGRA,MEDIAS CASAS,CASA DE SHOWS,PAGODE,67.0,2654115.0,False,8000.0,Pista,140.0,227.5,COMUM,QUARTA-FEIRA,DIA UTIL,NUBLADO,OUTUBRO,476.0
2152,2023-10-11,2023,ESPACO UNIMED,RACA NEGRA,MEDIAS CASAS,CASA DE SHOWS,PAGODE,67.0,2654115.0,False,8000.0,Pista Premium,240.0,227.5,VIP,QUARTA-FEIRA,DIA UTIL,NUBLADO,OUTUBRO,0.0
2153,2023-10-11,2023,ESPACO UNIMED,RACA NEGRA,MEDIAS CASAS,CASA DE SHOWS,PAGODE,67.0,2654115.0,False,8000.0,Camarote,330.0,227.5,LUXO,QUARTA-FEIRA,DIA UTIL,NUBLADO,OUTUBRO,0.0
2154,2023-10-11,2023,ESPACO UNIMED,RACA NEGRA,MEDIAS CASAS,CASA DE SHOWS,PAGODE,67.0,2654115.0,False,8000.0,Cadeira Inferior,200.0,227.5,INTERMEDIARIO,QUARTA-FEIRA,DIA UTIL,NUBLADO,OUTUBRO,0.0
2155,2025-09-26,2025,ESPACO UNIMED,RACA NEGRA,MEDIAS CASAS,CASA DE SHOWS,PAGODE,67.0,2654115.0,False,8000.0,Pista,320.0,440.0,COMUM,SEXTA-FEIRA,DIA UTIL,CHUVISCO LEVE,SETEMBRO,716.0
2156,2025-09-26,2025,ESPACO UNIMED,RACA NEGRA,MEDIAS CASAS,CASA DE SHOWS,PAGODE,67.0,2654115.0,False,8000.0,Pista Premium,440.0,440.0,VIP,SEXTA-FEIRA,DIA UTIL,CHUVISCO LEVE,SETEMBRO,0.0
2157,2025-09-26,2025,ESPACO UNIMED,RACA NEGRA,MEDIAS CASAS,CASA DE SHOWS,PAGODE,67.0,2654115.0,False,8000.0,Camarote,460.0,440.0,LUXO,SEXTA-FEIRA,DIA UTIL,CHUVISCO LEVE,SETEMBRO,0.0
2158,2025-09-26,2025,ESPACO UNIMED,RACA NEGRA,MEDIAS CASAS,CASA DE SHOWS,PAGODE,67.0,2654115.0,False,8000.0,Cadeira Inferior,400.0,440.0,INTERMEDIARIO,SEXTA-FEIRA,DIA UTIL,CHUVISCO LEVE,SETEMBRO,0.0
2159,2025-09-26,2025,ESPACO UNIMED,RACA NEGRA,MEDIAS CASAS,CASA DE SHOWS,PAGODE,67.0,2654115.0,False,8000.0,VIP I,580.0,440.0,VIP,SEXTA-FEIRA,DIA UTIL,CHUVISCO LEVE,SETEMBRO,0.0
2160,2024-06-08,2024,VIBRA SAO PAULO,RACA NEGRA,MEDIAS CASAS,TEATRO E CASA DE ESPETACULOS,PAGODE,67.0,2654115.0,False,7000.0,Camarote,170.0,136.66666666666666,LUXO,SABADO,FIM DE SEMANA,PREDOMINANTEMENTE LIMPO,JUNHO,-475.0
2161,2024-06-08,2024,VIBRA SAO PAULO,RACA NEGRA,MEDIAS CASAS,TEATRO E CASA DE ESPETACULOS,PAGODE,67.0,2654115.0,False,7000.0,Mesa,150.0,136.66666666666666,LUXO,SABADO,FIM DE SEMANA,PREDOMINANTEMENTE LIMPO,JUNHO,0.0
2162,2024-06-08,2024,VIBRA SAO PAULO,RACA NEGRA,MEDIAS CASAS,TEATRO E CASA DE ESPETACULOS,PAGODE,67.0,2654115.0,False,7000.0,Arquibancada,90.0,136.66666666666666,COMUM,SABADO,FIM DE SEMANA,PREDOMINANTEMENTE LIMPO,JUNHO,0.0
2163,2024-05-09,2024,AUDIO,ASHNIKKO,MEDIAS CASAS,CASA DE SHOWS,0,72.0,2625209.0,False,1222.0,Pista,360.0,360.0,COMUM,QUINTA-FEIRA,DIA UTIL,CHUVISCO LEVE,MAIO,776.0
2164,2024-10-08,2024,AUDIO,ASHNIKKO,MEDIAS CASAS,CASA DE SHOWS,0,72.0,2625209.0,False,1222.0,Pista,360.0,360.0,COMUM,TERCA-FEIRA,DIA UTIL,NUBLADO,OUTUBRO,152.0
2165,2022-03-25,2022,AUTODROMO DE INTERLAGOS,ASHNIKKO,ARENAS E ESTADIOS,AREA EXTERNA PARA EVENTOS,0,72.0,2625209.0,LOLLAPALOOZA,100980.0,Lolla Pista,1050.0,1763.3333333333333,COMUM,SEXTA-FEIRA,DIA UTIL,CHUVISCO LEVE,MARÇO,-928.0
2166,2022-03-25,2022,AUTODROMO DE INTERLAGOS,ASHNIKKO,ARENAS E ESTADIOS,AREA EXTERNA PARA EVENTOS,0,72.0,2625209.0,LOLLAPALOOZA,100980.0,Lolla Lounge,2400.0,1763.3333333333333,LUXO,SEXTA-FEIRA,DIA UTIL,CHUVISCO LEVE,MARÇO,0.0
2167,2022-03-25,2022,AUTODROMO DE INTERLAGOS,ASHNIKKO,ARENAS E ESTADIOS,AREA EXTERNA PARA EVENTOS,0,72.0,2625209.0,LOLLAPALOOZA,100980.0,Lolla Confort,1840.0,1763.3333333333333,VIP,SEXTA-FEIRA,DIA UTIL,CHUVISCO LEVE,MARÇO,0.0
2168,2022-05-06,2022,ESPACO DAS AMERICAS,CAETANO VELOSO,MEDIAS CASAS,CASA DE SHOWS,MPB,68.0,2615140.0,False,8000.0,Pista,200.0,350.0,COMUM,SEXTA-FEIRA,DIA UTIL,CHUVISCO LEVE,MAIO,-442.0
2169,2022-05-06,2022,ESPACO DAS AMERICAS,CAETANO VELOSO,MEDIAS CASAS,CASA DE SHOWS,MPB,68.0,2615140.0,False,8000.0,Pista Premium,320.0,350.0,VIP,SEXTA-FEIRA,DIA UTIL,CHUVISCO LEVE,MAIO,0.0
2170,2022-05-06,2022,ESPACO DAS AMERICAS,CAETANO VELOSO,MEDIAS CASAS,CASA DE SHOWS,MPB,68.0,2615140.0,False,8000.0,Camarote,430.0,350.0,LUXO,SEXTA-FEIRA,DIA UTIL,CHUVISCO LEVE,MAIO,0.0
2171,2022-05-06,2022,ESPACO DAS AMERICAS,CAETANO VELOSO,MEDIAS CASAS,CASA DE SHOWS,MPB,68.0,2615140.0,False,8000.0,Cadeira Superior,320.0,350.0,INTERMEDIARIO,SEXTA-FEIRA,DIA UTIL,CHUVISCO LEVE,MAIO,0.0
2172,2022-05-06,2022,ESPACO DAS AMERICAS,CAETANO VELOSO,MEDIAS CASAS,CASA DE SHOWS,MPB,68.0,2615140.0,False,8000.0,VIP I,480.0,350.0,VIP,SEXTA-FEIRA,DIA UTIL,CHUVISCO LEVE,MAIO,0.0
2173,2022-05-06,2022,ESPACO DAS AMERICAS,CAETANO VELOSO,MEDIAS CASAS,CASA DE SHOWS,MPB,68.0,2615140.0,False,8000.0,Pista,200.0,350.0,COMUM,SEXTA-FEIRA,DIA UTIL,CHUVISCO LEVE,MAIO,0.0
2174,2022-05-14,2022,MEMORIAL DA AMERICA LATINA,CAETANO VELOSO,GRANDES CASAS,AREA EXTERNA PARA EVENTOS,MPB,68.0,2615140.0,False,12000.0,Pista,250.0,250.0,COMUM,SABADO,FIM DE SEMANA,NUBLADO,MAIO,8.0
2175,2022-05-14,2022,MEMORIAL DA AMERICA LATINA,CAETANO VELOSO,GRANDES CASAS,AREA EXTERNA PARA EVENTOS,MPB,68.0,2615140.0,False,12000.0,Pista,250.0,250.0,COMUM,SABADO,FIM DE SEMANA,NUBLADO,MAIO,0.0
2176,2025-09-07,2025,MEMORIAL DA AMERICA LATINA,CAETANO VELOSO,GRANDES CASAS,AREA EXTERNA PARA EVENTOS,MPB,68.0,2615140.0,COALA FESTIVAL,15000.0,Pista,720.0,720.0,COMUM,DOMINGO,FIM DE SEMANA,CHUVISCO LEVE,SETEMBRO,1212.0
2177,2025-09-07,2025,MEMORIAL DA AMERICA LATINA,CAETANO VELOSO,GRANDES CASAS,AREA EXTERNA PARA EVENTOS,MPB,68.0,2615140.0,COALA FESTIVAL,15000.0,Pista,720.0,720.0,COMUM,DOMINGO,FIM DE SEMANA,CHUVISCO LEVE,SETEMBRO,0.0
2178,2022-06-24,2022,ESPACO UNIMED,CAETANO VELOSO,MEDIAS CASAS,CASA DE SHOWS,MPB,68.0,2615140.0,False,8000.0,Pista,180.0,351.6666666666667,COMUM,SEXTA-FEIRA,DIA UTIL,NUBLADO,JUNHO,-1171.0
2179,2022-06-24,2022,ESPACO UNIMED,CAETANO VELOSO,MEDIAS CASAS,CASA DE SHOWS,MPB,68.0,2615140.0,False,8000.0,Pista Premium,380.0,351.6666666666667,VIP,SEXTA-FEIRA,DIA UTIL,NUBLADO,JUNHO,0.0
2180,2022-06-24,2022,ESPACO UNIMED,CAETANO VELOSO,MEDIAS CASAS,CASA DE SHOWS,MPB,68.0,2615140.0,False,8000.0,Camarote,430.0,351.6666666666667,LUXO,SEXTA-FEIRA,DIA UTIL,NUBLADO,JUNHO,0.0
2181,2022-06-24,2022,ESPACO UNIMED,CAETANO VELOSO,MEDIAS CASAS,CASA DE SHOWS,MPB,68.0,2615140.0,False,8000.0,Cadeira Superior,320.0,351.6666666666667,INTERMEDIARIO,SEXTA-FEIRA,DIA UTIL,NUBLADO,JUNHO,0.0
2182,2022-06-24,2022,ESPACO UNIMED,CAETANO VELOSO,MEDIAS CASAS,CASA DE SHOWS,MPB,68.0,2615140.0,False,8000.0,Mezanino ,280.0,351.6666666666667,INTERMEDIARIO,SEXTA-FEIRA,DIA UTIL,NUBLADO,JUNHO,0.0
2183,2022-06-24,2022,ESPACO UNIMED,CAETANO VELOSO,MEDIAS CASAS,CASA DE SHOWS,MPB,68.0,2615140.0,False,8000.0,VIP I,520.0,351.6666666666667,VIP,SEXTA-FEIRA,DIA UTIL,NUBLADO,JUNHO,0.0
2184,2022-06-24,2022,ESPACO UNIMED,CAETANO VELOSO,MEDIAS CASAS,CASA DE SHOWS,MPB,68.0,2615140.0,False,8000.0,Pista,180.0,351.6666666666667,COMUM,SEXTA-FEIRA,DIA UTIL,NUBLADO,JUNHO,0.0
2185,2022-06-25,2022,ESPACO UNIMED,CAETANO VELOSO,MEDIAS CASAS,CASA DE SHOWS,MPB,68.0,2615140.0,False,8000.0,Pista,180.0,351.6666666666667,COMUM,SABADO,FIM DE SEMANA,CHUVISCO LEVE,JUNHO,1.0
2186,2022-06-25,2022,ESPACO UNIMED,CAETANO VELOSO,MEDIAS CASAS,CASA DE SHOWS,MPB,68.0,2615140.0,False,8000.0,Pista Premium,380.0,351.6666666666667,VIP,SABADO,FIM DE SEMANA,CHUVISCO LEVE,JUNHO,0.0
2187,2022-06-25,2022,ESPACO UNIMED,CAETANO VELOSO,MEDIAS CASAS,CASA DE SHOWS,MPB,68.0,2615140.0,False,8000.0,Camarote,430.0,351.6666666666667,LUXO,SABADO,FIM DE SEMANA,CHUVISCO LEVE,JUNHO,0.0
2188,2022-06-25,2022,ESPACO UNIMED,CAETANO VELOSO,MEDIAS CASAS,CASA DE SHOWS,MPB,68.0,2615140.0,False,8000.0,Cadeira Superior,320.0,351.6666666666667,INTERMEDIARIO,SABADO,FIM DE SEMANA,CHUVISCO LEVE,JUNHO,0.0
2189,2022-06-25,2022,ESPACO UNIMED,CAETANO VELOSO,MEDIAS CASAS,CASA DE SHOWS,MPB,68.0,2615140.0,False,8000.0,Mezanino ,280.0,351.6666666666667,INTERMEDIARIO,SABADO,FIM DE SEMANA,CHUVISCO LEVE,JUNHO,0.0
2190,2022-06-25,2022,ESPACO UNIMED,CAETANO VELOSO,MEDIAS CASAS,CASA DE SHOWS,MPB,68.0,2615140.0,False,8000.0,VIP I,520.0,351.6666666666667,VIP,SABADO,FIM DE SEMANA,CHUVISCO LEVE,JUNHO,0.0
2191,2022-06-25,2022,ESPACO UNIMED,CAETANO VELOSO,MEDIAS CASAS,CASA DE SHOWS,MPB,68.0,2615140.0,False,8000.0,Pista,180.0,351.6666666666667,COMUM,SABADO,FIM DE SEMANA,CHUVISCO LEVE,JUNHO,0.0
2192,2022-11-25,2022,ESPACO UNIMED,CAETANO VELOSO,MEDIAS CASAS,CASA DE SHOWS,MPB,68.0,2615140.0,False,8000.0,Pista,180.0,351.6666666666667,COMUM,SEXTA-FEIRA,DIA UTIL,CHUVISCO LEVE,NOVEMBRO,153.0
2193,2022-11-25,2022,ESPACO UNIMED,CAETANO VELOSO,MEDIAS CASAS,CASA DE SHOWS,MPB,68.0,2615140.0,False,8000.0,Pista Premium,380.0,351.6666666666667,VIP,SEXTA-FEIRA,DIA UTIL,CHUVISCO LEVE,NOVEMBRO,0.0
2194,2022-11-25,2022,ESPACO UNIMED,CAETANO VELOSO,MEDIAS CASAS,CASA DE SHOWS,MPB,68.0,2615140.0,False,8000.0,Camarote,430.0,351.6666666666667,LUXO,SEXTA-FEIRA,DIA UTIL,CHUVISCO LEVE,NOVEMBRO,0.0
2195,2022-11-25,2022,ESPACO UNIMED,CAETANO VELOSO,MEDIAS CASAS,CASA DE SHOWS,MPB,68.0,2615140.0,False,8000.0,Cadeira Superior,320.0,351.6666666666667,INTERMEDIARIO,SEXTA-FEIRA,DIA UTIL,CHUVISCO LEVE,NOVEMBRO,0.0
2196,2022-11-25,2022,ESPACO UNIMED,CAETANO VELOSO,MEDIAS CASAS,CASA DE SHOWS,MPB,68.0,2615140.0,False,8000.0,Mezanino ,280.0,351.6666666666667,INTERMEDIARIO,SEXTA-FEIRA,DIA UTIL,CHUVISCO LEVE,NOVEMBRO,0.0
2197,2022-11-25,2022,ESPACO UNIMED,CAETANO VELOSO,MEDIAS CASAS,CASA DE SHOWS,MPB,68.0,2615140.0,False,8000.0,VIP I,520.0,351.6666666666667,VIP,SEXTA-FEIRA,DIA UTIL,CHUVISCO LEVE,NOVEMBRO,0.0
2198,2022-11-25,2022,ESPACO UNIMED,CAETANO VELOSO,MEDIAS CASAS,CASA DE SHOWS,MPB,68.0,2615140.0,False,8000.0,Pista,180.0,351.6666666666667,COMUM,SEXTA-FEIRA,DIA UTIL,CHUVISCO LEVE,NOVEMBRO,0.0
2199,2022-11-26,2022,ESPACO UNIMED,CAETANO VELOSO,MEDIAS CASAS,CASA DE SHOWS,MPB,68.0,2615140.0,False,8000.0,Pista,180.0,351.6666666666667,COMUM,SABADO,FIM DE SEMANA,CHUVA LEVE,NOVEMBRO,1.0
2200,2022-11-26,2022,ESPACO UNIMED,CAETANO VELOSO,MEDIAS CASAS,CASA DE SHOWS,MPB,68.0,2615140.0,False,8000.0,Pista Premium,380.0,351.6666666666667,VIP,SABADO,FIM DE SEMANA,CHUVA LEVE,NOVEMBRO,0.0
2201,2022-11-26,2022,ESPACO UNIMED,CAETANO VELOSO,MEDIAS CASAS,CASA DE SHOWS,MPB,68.0,2615140.0,False,8000.0,Camarote,430.0,351.6666666666667,LUXO,SABADO,FIM DE SEMANA,CHUVA LEVE,NOVEMBRO,0.0
2202,2022-11-26,2022,ESPACO UNIMED,CAETANO VELOSO,MEDIAS CASAS,CASA DE SHOWS,MPB,68.0,2615140.0,False,8000.0,Cadeira Superior,320.0,351.6666666666667,INTERMEDIARIO,SABADO,FIM DE SEMANA,CHUVA LEVE,NOVEMBRO,0.0
2203,2022-11-26,2022,ESPACO UNIMED,CAETANO VELOSO,MEDIAS CASAS,CASA DE SHOWS,MPB,68.0,2615140.0,False,8000.0,Mezanino ,280.0,351.6666666666667,INTERMEDIARIO,SABADO,FIM DE SEMANA,CHUVA LEVE,NOVEMBRO,0.0
2204,2022-11-26,2022,ESPACO UNIMED,CAETANO VELOSO,MEDIAS CASAS,CASA DE SHOWS,MPB,68.0,2615140.0,False,8000.0,VIP I,520.0,351.6666666666667,VIP,SABADO,FIM DE SEMANA,CHUVA LEVE,NOVEMBRO,0.0
2205,2022-11-26,2022,ESPACO UNIMED,CAETANO VELOSO,MEDIAS CASAS,CASA DE SHOWS,MPB,68.0,2615140.0,False,8000.0,Pista,180.0,351.6666666666667,COMUM,SABADO,FIM DE SEMANA,CHUVA LEVE,NOVEMBRO,0.0
2206,2022-11-27,2022,ESPACO UNIMED,CAETANO VELOSO,MEDIAS CASAS,CASA DE SHOWS,MPB,68.0,2615140.0,False,8000.0,Pista,180.0,351.6666666666667,COMUM,DOMINGO,FIM DE SEMANA,CHUVA MODERADA,NOVEMBRO,1.0
2207,2022-11-27,2022,ESPACO UNIMED,CAETANO VELOSO,MEDIAS CASAS,CASA DE SHOWS,MPB,68.0,2615140.0,False,8000.0,Pista Premium,380.0,351.6666666666667,VIP,DOMINGO,FIM DE SEMANA,CHUVA MODERADA,NOVEMBRO,0.0
2208,2022-11-27,2022,ESPACO UNIMED,CAETANO VELOSO,MEDIAS CASAS,CASA DE SHOWS,MPB,68.0,2615140.0,False,8000.0,Camarote,430.0,351.6666666666667,LUXO,DOMINGO,FIM DE SEMANA,CHUVA MODERADA,NOVEMBRO,0.0
2209,2022-11-27,2022,ESPACO UNIMED,CAETANO VELOSO,MEDIAS CASAS,CASA DE SHOWS,MPB,68.0,2615140.0,False,8000.0,Cadeira Superior,320.0,351.6666666666667,INTERMEDIARIO,DOMINGO,FIM DE SEMANA,CHUVA MODERADA,NOVEMBRO,0.0
2210,2022-11-27,2022,ESPACO UNIMED,CAETANO VELOSO,MEDIAS CASAS,CASA DE SHOWS,MPB,68.0,2615140.0,False,8000.0,Mezanino ,280.0,351.6666666666667,INTERMEDIARIO,DOMINGO,FIM DE SEMANA,CHUVA MODERADA,NOVEMBRO,0.0
2211,2022-11-27,2022,ESPACO UNIMED,CAETANO VELOSO,MEDIAS CASAS,CASA DE SHOWS,MPB,68.0,2615140.0,False,8000.0,VIP I,520.0,351.6666666666667,VIP,DOMINGO,FIM DE SEMANA,CHUVA MODERADA,NOVEMBRO,0.0
2212,2022-11-27,2022,ESPACO UNIMED,CAETANO VELOSO,MEDIAS CASAS,CASA DE SHOWS,MPB,68.0,2615140.0,False,8000.0,Pista,180.0,351.6666666666667,COMUM,DOMINGO,FIM DE SEMANA,CHUVA MODERADA,NOVEMBRO,0.0
2213,2023-08-25,2023,ESPACO UNIMED,CAETANO VELOSO,MEDIAS CASAS,CASA DE SHOWS,MPB,68.0,2615140.0,False,8000.0,Pista,720.0,720.0,COMUM,SEXTA-FEIRA,DIA UTIL,CHUVA LEVE,AGOSTO,271.0
2214,2023-08-25,2023,ESPACO UNIMED,CAETANO VELOSO,MEDIAS CASAS,CASA DE SHOWS,MPB,68.0,2615140.0,False,8000.0,Pista,720.0,720.0,COMUM,SEXTA-FEIRA,DIA UTIL,CHUVA LEVE,AGOSTO,0.0
2215,2023-08-26,2023,ESPACO UNIMED,CAETANO VELOSO,MEDIAS CASAS,CASA DE SHOWS,MPB,68.0,2615140.0,False,8000.0,Pista,720.0,720.0,COMUM,SABADO,FIM DE SEMANA,CHUVA LEVE,AGOSTO,1.0
2216,2023-08-26,2023,ESPACO UNIMED,CAETANO VELOSO,MEDIAS CASAS,CASA DE SHOWS,MPB,68.0,2615140.0,False,8000.0,Pista,720.0,720.0,COMUM,SABADO,FIM DE SEMANA,CHUVA LEVE,AGOSTO,0.0
2217,2023-11-25,2023,ESPACO UNIMED,CAETANO VELOSO,MEDIAS CASAS,CASA DE SHOWS,MPB,68.0,2615140.0,False,8000.0,Pista,720.0,720.0,COMUM,SABADO,FIM DE SEMANA,CHUVISCO LEVE,NOVEMBRO,91.0
2218,2023-11-25,2023,ESPACO UNIMED,CAETANO VELOSO,MEDIAS CASAS,CASA DE SHOWS,MPB,68.0,2615140.0,False,8000.0,Pista,720.0,720.0,COMUM,SABADO,FIM DE SEMANA,CHUVISCO LEVE,NOVEMBRO,0.0
2219,2023-11-27,2023,ESPACO UNIMED,CAETANO VELOSO,MEDIAS CASAS,CASA DE SHOWS,MPB,68.0,2615140.0,False,8000.0,Pista,720.0,720.0,COMUM,SEGUNDA-FEIRA,DIA UTIL,CHUVA MODERADA,NOVEMBRO,2.0
2220,2023-11-27,2023,ESPACO UNIMED,CAETANO VELOSO,MEDIAS CASAS,CASA DE SHOWS,MPB,68.0,2615140.0,False,8000.0,Pista,720.0,720.0,COMUM,SEGUNDA-FEIRA,DIA UTIL,CHUVA MODERADA,NOVEMBRO,0.0
2221,2023-03-26,2023,AUTODROMO DE INTERLAGOS,OS PARALAMAS DO SUCESSO,ARENAS E ESTADIOS,AREA EXTERNA PARA EVENTOS,BRAZILIAN ROCK,65.0,2606012.0,LOLLAPALOOZA,100750.0,Lolla Pista,1100.0,1706.6666666666667,COMUM,DOMINGO,FIM DE SEMANA,CHUVISCO MODERADO,MARÇO,-70.0
2222,2023-03-26,2023,AUTODROMO DE INTERLAGOS,OS PARALAMAS DO SUCESSO,ARENAS E ESTADIOS,AREA EXTERNA PARA EVENTOS,BRAZILIAN ROCK,65.0,2606012.0,LOLLAPALOOZA,100750.0,Lolla Lounge,2250.0,1706.6666666666667,LUXO,DOMINGO,FIM DE SEMANA,CHUVISCO MODERADO,MARÇO,0.0
2223,2023-03-26,2023,AUTODROMO DE INTERLAGOS,OS PARALAMAS DO SUCESSO,ARENAS E ESTADIOS,AREA EXTERNA PARA EVENTOS,BRAZILIAN ROCK,65.0,2606012.0,LOLLAPALOOZA,100750.0,Lolla Confort,1770.0,1706.6666666666667,VIP,DOMINGO,FIM DE SEMANA,CHUVISCO MODERADO,MARÇO,0.0
2224,2025-05-31,2025,ALLIANZ PARQUE,OS PARALAMAS DO SUCESSO,ARENAS E ESTADIOS,ESTADIO MULTIUSO,BRAZILIAN ROCK,65.0,2606012.0,False,44516.0,Pista,225.0,266.25,COMUM,SABADO,FIM DE SEMANA,NUBLADO,MAIO,797.0
2225,2025-05-31,2025,ALLIANZ PARQUE,OS PARALAMAS DO SUCESSO,ARENAS E ESTADIOS,ESTADIO MULTIUSO,BRAZILIAN ROCK,65.0,2606012.0,False,44516.0,Pista Premium,395.0,266.25,VIP,SABADO,FIM DE SEMANA,NUBLADO,MAIO,0.0
2226,2025-05-31,2025,ALLIANZ PARQUE,OS PARALAMAS DO SUCESSO,ARENAS E ESTADIOS,ESTADIO MULTIUSO,BRAZILIAN ROCK,65.0,2606012.0,False,44516.0,Cadeira Inferior,345.0,266.25,INTERMEDIARIO,SABADO,FIM DE SEMANA,NUBLADO,MAIO,0.0
2227,2025-05-31,2025,ALLIANZ PARQUE,OS PARALAMAS DO SUCESSO,ARENAS E ESTADIOS,ESTADIO MULTIUSO,BRAZILIAN ROCK,65.0,2606012.0,False,44516.0,Cadeira Superior,100.0,266.25,INTERMEDIARIO,SABADO,FIM DE SEMANA,NUBLADO,MAIO,0.0
2228,2022-03-27,2022,MEMORIAL DA AMERICA LATINA,OS PARALAMAS DO SUCESSO,GRANDES CASAS,AREA EXTERNA PARA EVENTOS,BRAZILIAN ROCK,65.0,2606012.0,False,8000.0,Pista,160.0,280.0,COMUM,DOMINGO,FIM DE SEMANA,CHUVA MODERADA,MARÇO,-1161.0
2229,2022-03-27,2022,MEMORIAL DA AMERICA LATINA,OS PARALAMAS DO SUCESSO,GRANDES CASAS,AREA EXTERNA PARA EVENTOS,BRAZILIAN ROCK,65.0,2606012.0,False,8000.0,Camarote,400.0,280.0,LUXO,DOMINGO,FIM DE SEMANA,CHUVA MODERADA,MARÇO,0.0
2230,2024-09-07,2024,MEMORIAL DA AMERICA LATINA,OS PARALAMAS DO SUCESSO,GRANDES CASAS,AREA EXTERNA PARA EVENTOS,BRAZILIAN ROCK,65.0,2606012.0,False,15000.0,Pista,320.0,320.0,COMUM,SABADO,FIM DE SEMANA,NUBLADO,SETEMBRO,895.0
2231,2022-03-12,2022,TOKIO MARINE HALL,OS PARALAMAS DO SUCESSO,MEDIAS CASAS,CASA DE SHOWS,BRAZILIAN ROCK,65.0,2606012.0,False,3500.0,Pista,200.0,200.0,COMUM,SABADO,FIM DE SEMANA,CHUVA MODERADA,MARÇO,-910.0
2232,2024-04-06,2024,ESPACO UNIMED,OS PARALAMAS DO SUCESSO,MEDIAS CASAS,CASA DE SHOWS,BRAZILIAN ROCK,65.0,2606012.0,False,8000.0,Pista,100.0,247.5,COMUM,SABADO,FIM DE SEMANA,CHUVISCO LEVE,ABRIL,756.0
2233,2024-04-06,2024,ESPACO UNIMED,OS PARALAMAS DO SUCESSO,MEDIAS CASAS,CASA DE SHOWS,BRAZILIAN ROCK,65.0,2606012.0,False,8000.0,Pista Premium,395.0,247.5,VIP,SABADO,FIM DE SEMANA,CHUVISCO LEVE,ABRIL,0.0
2234,2025-10-24,2025,ESPACO UNIMED,OS PARALAMAS DO SUCESSO,MEDIAS CASAS,CASA DE SHOWS,BRAZILIAN ROCK,65.0,2606012.0,False,7500.0,Pista Premium,260.0,395.0,VIP,SEXTA-FEIRA,DIA UTIL,NUBLADO,OUTUBRO,566.0
2235,2025-10-24,2025,ESPACO UNIMED,OS PARALAMAS DO SUCESSO,MEDIAS CASAS,CASA DE SHOWS,BRAZILIAN ROCK,65.0,2606012.0,False,7500.0,Camarote,530.0,395.0,LUXO,SEXTA-FEIRA,DIA UTIL,NUBLADO,OUTUBRO,0.0
2236,2022-11-19,2022,VIBRA SAO PAULO,OS PARALAMAS DO SUCESSO,MEDIAS CASAS,TEATRO E CASA DE ESPETACULOS,BRAZILIAN ROCK,65.0,2606012.0,False,5000.0,Pista,200.0,200.0,COMUM,SABADO,FIM DE SEMANA,CHUVISCO LEVE,NOVEMBRO,-1070.0
2237,2023-11-17,2023,VIBRA SAO PAULO,OS PARALAMAS DO SUCESSO,MEDIAS CASAS,TEATRO E CASA DE ESPETACULOS,BRAZILIAN ROCK,65.0,2606012.0,False,7000.0,Pista,280.0,280.0,COMUM,SEXTA-FEIRA,DIA UTIL,CHUVISCO LEVE,NOVEMBRO,363.0
2238,2025-08-09,2025,NEO QUIMICA ARENA,RAI SAIA RODADA,ARENAS E ESTADIOS,ESTADIO MULTIUSO,FORRO,62.0,2598818.0,False,15000.0,Pista,160.0,286.6666666666667,COMUM,SABADO,FIM DE SEMANA,CHUVISCO MODERADO,AGOSTO,1085.0
2239,2025-08-09,2025,NEO QUIMICA ARENA,RAI SAIA RODADA,ARENAS E ESTADIOS,ESTADIO MULTIUSO,FORRO,62.0,2598818.0,False,15000.0,Pista Premium,260.0,286.6666666666667,VIP,SABADO,FIM DE SEMANA,CHUVISCO MODERADO,AGOSTO,0.0
2240,2025-08-09,2025,NEO QUIMICA ARENA,RAI SAIA RODADA,ARENAS E ESTADIOS,ESTADIO MULTIUSO,FORRO,62.0,2598818.0,False,15000.0,Backstage,440.0,286.6666666666667,VIP,SABADO,FIM DE SEMANA,CHUVISCO MODERADO,AGOSTO,0.0
2241,2022-07-09,2022,AUDIO,PITTY,MEDIAS CASAS,CASA DE SHOWS,BRAZILIAN ROCK,63.0,2575960.0,False,0.0,Pista,120.0,260.0,COMUM,SABADO,FIM DE SEMANA,NUBLADO,JULHO,-496.0
2242,2022-07-09,2022,AUDIO,PITTY,MEDIAS CASAS,CASA DE SHOWS,BRAZILIAN ROCK,63.0,2575960.0,False,0.0,Camarote,480.0,260.0,LUXO,SABADO,FIM DE SEMANA,NUBLADO,JULHO,0.0
2243,2022-07-09,2022,AUDIO,PITTY,MEDIAS CASAS,CASA DE SHOWS,BRAZILIAN ROCK,63.0,2575960.0,False,0.0,Mezanino ,180.0,260.0,INTERMEDIARIO,SABADO,FIM DE SEMANA,NUBLADO,JULHO,0.0
2244,2022-07-09,2022,AUDIO,PITTY,MEDIAS CASAS,CASA DE SHOWS,BRAZILIAN ROCK,63.0,2575960.0,False,0.0,Pista,120.0,260.0,COMUM,SABADO,FIM DE SEMANA,NUBLADO,JULHO,0.0
2245,2023-03-25,2023,AUTODROMO DE INTERLAGOS,PITTY,ARENAS E ESTADIOS,AREA EXTERNA PARA EVENTOS,BRAZILIAN ROCK,63.0,2575960.0,LOLLAPALOOZA,98500.0,Lolla Pista,1100.0,1706.6666666666667,COMUM,SABADO,FIM DE SEMANA,NUBLADO,MARÇO,259.0
2246,2023-03-25,2023,AUTODROMO DE INTERLAGOS,PITTY,ARENAS E ESTADIOS,AREA EXTERNA PARA EVENTOS,BRAZILIAN ROCK,63.0,2575960.0,LOLLAPALOOZA,98500.0,Lolla Lounge,2250.0,1706.6666666666667,LUXO,SABADO,FIM DE SEMANA,NUBLADO,MARÇO,0.0
2247,2023-03-25,2023,AUTODROMO DE INTERLAGOS,PITTY,ARENAS E ESTADIOS,AREA EXTERNA PARA EVENTOS,BRAZILIAN ROCK,63.0,2575960.0,LOLLAPALOOZA,98500.0,Lolla Confort,1770.0,1706.6666666666667,VIP,SABADO,FIM DE SEMANA,NUBLADO,MARÇO,0.0
2248,2023-03-25,2023,AUTODROMO DE INTERLAGOS,PITTY,ARENAS E ESTADIOS,AREA EXTERNA PARA EVENTOS,BRAZILIAN ROCK,63.0,2575960.0,LOLLAPALOOZA,98500.0,Lolla Pista,1100.0,1706.6666666666667,COMUM,SABADO,FIM DE SEMANA,NUBLADO,MARÇO,0.0
2249,2023-09-09,2023,AUTODROMO DE INTERLAGOS,PITTY,ARENAS E ESTADIOS,AREA EXTERNA PARA EVENTOS,BRAZILIAN ROCK,63.0,2575960.0,THE TOWN,100000.0,Pista,815.0,815.0,COMUM,SABADO,FIM DE SEMANA,CHUVISCO LEVE,SETEMBRO,168.0
2250,2023-09-09,2023,AUTODROMO DE INTERLAGOS,PITTY,ARENAS E ESTADIOS,AREA EXTERNA PARA EVENTOS,BRAZILIAN ROCK,63.0,2575960.0,THE TOWN,100000.0,Pista,815.0,815.0,COMUM,SABADO,FIM DE SEMANA,CHUVISCO LEVE,SETEMBRO,0.0
2251,2025-09-07,2025,AUTODROMO DE INTERLAGOS,PITTY,ARENAS E ESTADIOS,AREA EXTERNA PARA EVENTOS,BRAZILIAN ROCK,63.0,2575960.0,THE TOWN,90000.0,Pista,975.0,975.0,COMUM,DOMINGO,FIM DE SEMANA,CHUVISCO LEVE,SETEMBRO,729.0
2252,2025-09-07,2025,AUTODROMO DE INTERLAGOS,PITTY,ARENAS E ESTADIOS,AREA EXTERNA PARA EVENTOS,BRAZILIAN ROCK,63.0,2575960.0,THE TOWN,90000.0,Pista,975.0,975.0,COMUM,DOMINGO,FIM DE SEMANA,CHUVISCO LEVE,SETEMBRO,0.0
2253,2022-05-28,2022,ARENA ANHEMBI,PITTY,GRANDES CASAS,AREA EXTERNA PARA EVENTOS,BRAZILIAN ROCK,63.0,2575960.0,False,2000.0,Pista,230.0,495.0,COMUM,SABADO,FIM DE SEMANA,NUBLADO,MAIO,-1198.0
2254,2022-05-28,2022,ARENA ANHEMBI,PITTY,GRANDES CASAS,AREA EXTERNA PARA EVENTOS,BRAZILIAN ROCK,63.0,2575960.0,False,2000.0,Pista Premium,450.0,495.0,VIP,SABADO,FIM DE SEMANA,NUBLADO,MAIO,0.0
2255,2022-05-28,2022,ARENA ANHEMBI,PITTY,GRANDES CASAS,AREA EXTERNA PARA EVENTOS,BRAZILIAN ROCK,63.0,2575960.0,False,2000.0,Camarote,805.0,495.0,LUXO,SABADO,FIM DE SEMANA,NUBLADO,MAIO,0.0
2256,2022-05-28,2022,ARENA ANHEMBI,PITTY,GRANDES CASAS,AREA EXTERNA PARA EVENTOS,BRAZILIAN ROCK,63.0,2575960.0,False,2000.0,Pista,230.0,495.0,COMUM,SABADO,FIM DE SEMANA,NUBLADO,MAIO,0.0
2257,2023-11-14,2023,ALLIANZ PARQUE,PITTY,ARENAS E ESTADIOS,ESTADIO MULTIUSO,BRAZILIAN ROCK,63.0,2575960.0,False,50000.0,Pista,550.0,600.0,COMUM,TERCA-FEIRA,DIA UTIL,CHUVISCO MODERADO,NOVEMBRO,535.0
2258,2023-11-14,2023,ALLIANZ PARQUE,PITTY,ARENAS E ESTADIOS,ESTADIO MULTIUSO,BRAZILIAN ROCK,63.0,2575960.0,False,50000.0,Pista Premium,760.0,600.0,VIP,TERCA-FEIRA,DIA UTIL,CHUVISCO MODERADO,NOVEMBRO,0.0
2259,2023-11-14,2023,ALLIANZ PARQUE,PITTY,ARENAS E ESTADIOS,ESTADIO MULTIUSO,BRAZILIAN ROCK,63.0,2575960.0,False,50000.0,Cadeira Inferior,640.0,600.0,INTERMEDIARIO,TERCA-FEIRA,DIA UTIL,CHUVISCO MODERADO,NOVEMBRO,0.0
2260,2023-11-14,2023,ALLIANZ PARQUE,PITTY,ARENAS E ESTADIOS,ESTADIO MULTIUSO,BRAZILIAN ROCK,63.0,2575960.0,False,50000.0,Cadeira Superior,450.0,600.0,INTERMEDIARIO,TERCA-FEIRA,DIA UTIL,CHUVISCO MODERADO,NOVEMBRO,0.0
2261,2023-11-14,2023,ALLIANZ PARQUE,PITTY,ARENAS E ESTADIOS,ESTADIO MULTIUSO,BRAZILIAN ROCK,63.0,2575960.0,False,50000.0,Pista,550.0,600.0,COMUM,TERCA-FEIRA,DIA UTIL,CHUVISCO MODERADO,NOVEMBRO,0.0
2262,2024-03-02,2024,ALLIANZ PARQUE,PITTY,ARENAS E ESTADIOS,ESTADIO MULTIUSO,BRAZILIAN ROCK,63.0,2575960.0,I WANNA BE TOUR,41717.0,Pista,380.0,786.6666666666666,COMUM,SABADO,FIM DE SEMANA,NUBLADO,MARÇO,109.0
2263,2024-03-02,2024,ALLIANZ PARQUE,PITTY,ARENAS E ESTADIOS,ESTADIO MULTIUSO,BRAZILIAN ROCK,63.0,2575960.0,I WANNA BE TOUR,41717.0,Pista Premium,650.0,786.6666666666666,VIP,SABADO,FIM DE SEMANA,NUBLADO,MARÇO,0.0
2264,2024-03-02,2024,ALLIANZ PARQUE,PITTY,ARENAS E ESTADIOS,ESTADIO MULTIUSO,BRAZILIAN ROCK,63.0,2575960.0,I WANNA BE TOUR,41717.0,Cadeira Inferior,420.0,786.6666666666666,INTERMEDIARIO,SABADO,FIM DE SEMANA,NUBLADO,MARÇO,0.0
2265,2024-03-02,2024,ALLIANZ PARQUE,PITTY,ARENAS E ESTADIOS,ESTADIO MULTIUSO,BRAZILIAN ROCK,63.0,2575960.0,I WANNA BE TOUR,41717.0,Cadeira Superior,280.0,786.6666666666666,INTERMEDIARIO,SABADO,FIM DE SEMANA,NUBLADO,MARÇO,0.0
2266,2024-03-02,2024,ALLIANZ PARQUE,PITTY,ARENAS E ESTADIOS,ESTADIO MULTIUSO,BRAZILIAN ROCK,63.0,2575960.0,I WANNA BE TOUR,41717.0,VIP I,990.0,786.6666666666666,VIP,SABADO,FIM DE SEMANA,NUBLADO,MARÇO,0.0
2267,2024-03-02,2024,ALLIANZ PARQUE,PITTY,ARENAS E ESTADIOS,ESTADIO MULTIUSO,BRAZILIAN ROCK,63.0,2575960.0,I WANNA BE TOUR,41717.0,VIP II,2000.0,786.6666666666666,ULTRA VIP,SABADO,FIM DE SEMANA,NUBLADO,MARÇO,0.0
2268,2024-03-02,2024,ALLIANZ PARQUE,PITTY,ARENAS E ESTADIOS,ESTADIO MULTIUSO,BRAZILIAN ROCK,63.0,2575960.0,I WANNA BE TOUR,41717.0,Pista,380.0,786.6666666666666,COMUM,SABADO,FIM DE SEMANA,NUBLADO,MARÇO,0.0
2269,2024-04-12,2024,ESPACO UNIMED,PITTY,MEDIAS CASAS,CASA DE SHOWS,BRAZILIAN ROCK,63.0,2575960.0,False,8000.0,Pista,100.0,156.66666666666666,COMUM,SEXTA-FEIRA,DIA UTIL,CHUVISCO LEVE,ABRIL,41.0
2270,2024-04-12,2024,ESPACO UNIMED,PITTY,MEDIAS CASAS,CASA DE SHOWS,BRAZILIAN ROCK,63.0,2575960.0,False,8000.0,Pista Premium,140.0,156.66666666666666,VIP,SEXTA-FEIRA,DIA UTIL,CHUVISCO LEVE,ABRIL,0.0
2271,2024-04-12,2024,ESPACO UNIMED,PITTY,MEDIAS CASAS,CASA DE SHOWS,BRAZILIAN ROCK,63.0,2575960.0,False,8000.0,Camarote,230.0,156.66666666666666,LUXO,SEXTA-FEIRA,DIA UTIL,CHUVISCO LEVE,ABRIL,0.0
2272,2024-04-12,2024,ESPACO UNIMED,PITTY,MEDIAS CASAS,CASA DE SHOWS,BRAZILIAN ROCK,63.0,2575960.0,False,8000.0,Pista,100.0,156.66666666666666,COMUM,SEXTA-FEIRA,DIA UTIL,CHUVISCO LEVE,ABRIL,0.0
2273,2024-04-14,2024,ESPACO UNIMED,PITTY,MEDIAS CASAS,CASA DE SHOWS,BRAZILIAN ROCK,63.0,2575960.0,False,8000.0,Pista,100.0,156.66666666666666,COMUM,DOMINGO,FIM DE SEMANA,CHUVA LEVE,ABRIL,2.0
2274,2024-04-14,2024,ESPACO UNIMED,PITTY,MEDIAS CASAS,CASA DE SHOWS,BRAZILIAN ROCK,63.0,2575960.0,False,8000.0,Pista Premium,140.0,156.66666666666666,VIP,DOMINGO,FIM DE SEMANA,CHUVA LEVE,ABRIL,0.0
2275,2024-04-14,2024,ESPACO UNIMED,PITTY,MEDIAS CASAS,CASA DE SHOWS,BRAZILIAN ROCK,63.0,2575960.0,False,8000.0,Camarote,230.0,156.66666666666666,LUXO,DOMINGO,FIM DE SEMANA,CHUVA LEVE,ABRIL,0.0
2276,2024-04-14,2024,ESPACO UNIMED,PITTY,MEDIAS CASAS,CASA DE SHOWS,BRAZILIAN ROCK,63.0,2575960.0,False,8000.0,Pista,100.0,156.66666666666666,COMUM,DOMINGO,FIM DE SEMANA,CHUVA LEVE,ABRIL,0.0
2277,2025-03-21,2025,ESPACO UNIMED,PITTY,MEDIAS CASAS,CASA DE SHOWS,BRAZILIAN ROCK,63.0,2575960.0,False,8000.0,Pista,100.0,156.66666666666666,COMUM,SEXTA-FEIRA,DIA UTIL,CHUVISCO LEVE,MARÇO,341.0
2278,2025-03-21,2025,ESPACO UNIMED,PITTY,MEDIAS CASAS,CASA DE SHOWS,BRAZILIAN ROCK,63.0,2575960.0,False,8000.0,Pista Premium,140.0,156.66666666666666,VIP,SEXTA-FEIRA,DIA UTIL,CHUVISCO LEVE,MARÇO,0.0
2279,2025-03-21,2025,ESPACO UNIMED,PITTY,MEDIAS CASAS,CASA DE SHOWS,BRAZILIAN ROCK,63.0,2575960.0,False,8000.0,Camarote,230.0,156.66666666666666,LUXO,SEXTA-FEIRA,DIA UTIL,CHUVISCO LEVE,MARÇO,0.0
2280,2025-03-21,2025,ESPACO UNIMED,PITTY,MEDIAS CASAS,CASA DE SHOWS,BRAZILIAN ROCK,63.0,2575960.0,False,8000.0,Pista,100.0,156.66666666666666,COMUM,SEXTA-FEIRA,DIA UTIL,CHUVISCO LEVE,MARÇO,0.0
2281,2024-06-21,2024,TERRA SP,PITTY,MEDIAS CASAS,CASA DE SHOWS,BRAZILIAN ROCK,63.0,2575960.0,False,3000.0,Pista,210.0,210.0,COMUM,SEXTA-FEIRA,DIA UTIL,NUBLADO,JUNHO,-273.0
2282,2024-06-21,2024,TERRA SP,PITTY,MEDIAS CASAS,CASA DE SHOWS,BRAZILIAN ROCK,63.0,2575960.0,False,3000.0,Pista,210.0,210.0,COMUM,SEXTA-FEIRA,DIA UTIL,NUBLADO,JUNHO,0.0
2283,2022-05-18,2022,AUDIO,TWO DOOR CINEMA CLUB,MEDIAS CASAS,CASA DE SHOWS,INDIE,67.0,2551046.0,False,2000.0,Pista,250.0,300.0,COMUM,QUARTA-FEIRA,DIA UTIL,NUBLADO,MAIO,-2.0
2284,2022-05-18,2022,AUDIO,TWO DOOR CINEMA CLUB,MEDIAS CASAS,CASA DE SHOWS,INDIE,67.0,2551046.0,False,2000.0,Mezanino ,350.0,300.0,INTERMEDIARIO,QUARTA-FEIRA,DIA UTIL,NUBLADO,MAIO,0.0
2285,2024-03-23,2024,AUTODROMO DE INTERLAGOS,TITAS,ARENAS E ESTADIOS,AREA EXTERNA PARA EVENTOS,BRAZILIAN ROCK,63.0,2545674.0,LOLLAPALOOZA,80000.0,Lolla Pista,1100.0,1700.0,COMUM,SABADO,FIM DE SEMANA,CHUVISCO INTENSO,MARÇO,-90.0
2286,2024-03-23,2024,AUTODROMO DE INTERLAGOS,TITAS,ARENAS E ESTADIOS,AREA EXTERNA PARA EVENTOS,BRAZILIAN ROCK,63.0,2545674.0,LOLLAPALOOZA,80000.0,Lolla Lounge,2250.0,1700.0,LUXO,SABADO,FIM DE SEMANA,CHUVISCO INTENSO,MARÇO,0.0
2287,2024-03-23,2024,AUTODROMO DE INTERLAGOS,TITAS,ARENAS E ESTADIOS,AREA EXTERNA PARA EVENTOS,BRAZILIAN ROCK,63.0,2545674.0,LOLLAPALOOZA,80000.0,Lolla Confort,1750.0,1700.0,VIP,SABADO,FIM DE SEMANA,CHUVISCO INTENSO,MARÇO,0.0
2288,2023-06-16,2023,ALLIANZ PARQUE,TITAS,ARENAS E ESTADIOS,ESTADIO MULTIUSO,BRAZILIAN ROCK,63.0,2545674.0,False,50000.0,Pista,300.0,539.1666666666666,COMUM,SEXTA-FEIRA,DIA UTIL,NUBLADO,JUNHO,-281.0
2289,2023-06-16,2023,ALLIANZ PARQUE,TITAS,ARENAS E ESTADIOS,ESTADIO MULTIUSO,BRAZILIAN ROCK,63.0,2545674.0,False,50000.0,Pista Premium,450.0,539.1666666666666,VIP,SEXTA-FEIRA,DIA UTIL,NUBLADO,JUNHO,0.0
2290,2023-06-16,2023,ALLIANZ PARQUE,TITAS,ARENAS E ESTADIOS,ESTADIO MULTIUSO,BRAZILIAN ROCK,63.0,2545674.0,False,50000.0,Cadeira Inferior,250.0,539.1666666666666,INTERMEDIARIO,SEXTA-FEIRA,DIA UTIL,NUBLADO,JUNHO,0.0
2291,2023-06-16,2023,ALLIANZ PARQUE,TITAS,ARENAS E ESTADIOS,ESTADIO MULTIUSO,BRAZILIAN ROCK,63.0,2545674.0,False,50000.0,Cadeira Superior,95.0,539.1666666666666,INTERMEDIARIO,SEXTA-FEIRA,DIA UTIL,NUBLADO,JUNHO,0.0
2292,2023-06-16,2023,ALLIANZ PARQUE,TITAS,ARENAS E ESTADIOS,ESTADIO MULTIUSO,BRAZILIAN ROCK,63.0,2545674.0,False,50000.0,Early Entrance,700.0,539.1666666666666,VIP,SEXTA-FEIRA,DIA UTIL,NUBLADO,JUNHO,0.0
2293,2023-06-16,2023,ALLIANZ PARQUE,TITAS,ARENAS E ESTADIOS,ESTADIO MULTIUSO,BRAZILIAN ROCK,63.0,2545674.0,False,50000.0,Meet & Greet,1440.0,539.1666666666666,ULTRA VIP,SEXTA-FEIRA,DIA UTIL,NUBLADO,JUNHO,0.0
2294,2023-06-17,2023,ALLIANZ PARQUE,TITAS,ARENAS E ESTADIOS,ESTADIO MULTIUSO,BRAZILIAN ROCK,63.0,2545674.0,False,50000.0,Pista,300.0,539.1666666666666,COMUM,SABADO,FIM DE SEMANA,CHUVISCO LEVE,JUNHO,1.0
2295,2023-06-17,2023,ALLIANZ PARQUE,TITAS,ARENAS E ESTADIOS,ESTADIO MULTIUSO,BRAZILIAN ROCK,63.0,2545674.0,False,50000.0,Pista Premium,450.0,539.1666666666666,VIP,SABADO,FIM DE SEMANA,CHUVISCO LEVE,JUNHO,0.0
2296,2023-06-17,2023,ALLIANZ PARQUE,TITAS,ARENAS E ESTADIOS,ESTADIO MULTIUSO,BRAZILIAN ROCK,63.0,2545674.0,False,50000.0,Cadeira Inferior,250.0,539.1666666666666,INTERMEDIARIO,SABADO,FIM DE SEMANA,CHUVISCO LEVE,JUNHO,0.0
2297,2023-06-17,2023,ALLIANZ PARQUE,TITAS,ARENAS E ESTADIOS,ESTADIO MULTIUSO,BRAZILIAN ROCK,63.0,2545674.0,False,50000.0,Cadeira Superior,95.0,539.1666666666666,INTERMEDIARIO,SABADO,FIM DE SEMANA,CHUVISCO LEVE,JUNHO,0.0
2298,2023-06-17,2023,ALLIANZ PARQUE,TITAS,ARENAS E ESTADIOS,ESTADIO MULTIUSO,BRAZILIAN ROCK,63.0,2545674.0,False,50000.0,Early Entrance,700.0,539.1666666666666,VIP,SABADO,FIM DE SEMANA,CHUVISCO LEVE,JUNHO,0.0
2299,2023-06-17,2023,ALLIANZ PARQUE,TITAS,ARENAS E ESTADIOS,ESTADIO MULTIUSO,BRAZILIAN ROCK,63.0,2545674.0,False,50000.0,Meet & Greet,1440.0,539.1666666666666,ULTRA VIP,SABADO,FIM DE SEMANA,CHUVISCO LEVE,JUNHO,0.0
2300,2023-06-18,2023,ALLIANZ PARQUE,TITAS,ARENAS E ESTADIOS,ESTADIO MULTIUSO,BRAZILIAN ROCK,63.0,2545674.0,False,50000.0,Pista,300.0,539.1666666666666,COMUM,DOMINGO,FIM DE SEMANA,NUBLADO,JUNHO,1.0
2301,2023-06-18,2023,ALLIANZ PARQUE,TITAS,ARENAS E ESTADIOS,ESTADIO MULTIUSO,BRAZILIAN ROCK,63.0,2545674.0,False,50000.0,Pista Premium,450.0,539.1666666666666,VIP,DOMINGO,FIM DE SEMANA,NUBLADO,JUNHO,0.0
2302,2023-06-18,2023,ALLIANZ PARQUE,TITAS,ARENAS E ESTADIOS,ESTADIO MULTIUSO,BRAZILIAN ROCK,63.0,2545674.0,False,50000.0,Cadeira Inferior,250.0,539.1666666666666,INTERMEDIARIO,DOMINGO,FIM DE SEMANA,NUBLADO,JUNHO,0.0
2303,2023-06-18,2023,ALLIANZ PARQUE,TITAS,ARENAS E ESTADIOS,ESTADIO MULTIUSO,BRAZILIAN ROCK,63.0,2545674.0,False,50000.0,Cadeira Superior,95.0,539.1666666666666,INTERMEDIARIO,DOMINGO,FIM DE SEMANA,NUBLADO,JUNHO,0.0
2304,2023-06-18,2023,ALLIANZ PARQUE,TITAS,ARENAS E ESTADIOS,ESTADIO MULTIUSO,BRAZILIAN ROCK,63.0,2545674.0,False,50000.0,Early Entrance,700.0,539.1666666666666,VIP,DOMINGO,FIM DE SEMANA,NUBLADO,JUNHO,0.0
2305,2023-06-18,2023,ALLIANZ PARQUE,TITAS,ARENAS E ESTADIOS,ESTADIO MULTIUSO,BRAZILIAN ROCK,63.0,2545674.0,False,50000.0,Meet & Greet,1440.0,539.1666666666666,ULTRA VIP,DOMINGO,FIM DE SEMANA,NUBLADO,JUNHO,0.0
2306,2023-12-21,2023,ALLIANZ PARQUE,TITAS,ARENAS E ESTADIOS,ESTADIO MULTIUSO,BRAZILIAN ROCK,63.0,2545674.0,False,50000.0,Pista,300.0,539.1666666666666,COMUM,QUINTA-FEIRA,DIA UTIL,CHUVISCO INTENSO,DEZEMBRO,186.0
2307,2023-12-21,2023,ALLIANZ PARQUE,TITAS,ARENAS E ESTADIOS,ESTADIO MULTIUSO,BRAZILIAN ROCK,63.0,2545674.0,False,50000.0,Pista Premium,450.0,539.1666666666666,VIP,QUINTA-FEIRA,DIA UTIL,CHUVISCO INTENSO,DEZEMBRO,0.0
2308,2023-12-21,2023,ALLIANZ PARQUE,TITAS,ARENAS E ESTADIOS,ESTADIO MULTIUSO,BRAZILIAN ROCK,63.0,2545674.0,False,50000.0,Cadeira Inferior,250.0,539.1666666666666,INTERMEDIARIO,QUINTA-FEIRA,DIA UTIL,CHUVISCO INTENSO,DEZEMBRO,0.0
2309,2023-12-21,2023,ALLIANZ PARQUE,TITAS,ARENAS E ESTADIOS,ESTADIO MULTIUSO,BRAZILIAN ROCK,63.0,2545674.0,False,50000.0,Cadeira Superior,95.0,539.1666666666666,INTERMEDIARIO,QUINTA-FEIRA,DIA UTIL,CHUVISCO INTENSO,DEZEMBRO,0.0
2310,2023-12-21,2023,ALLIANZ PARQUE,TITAS,ARENAS E ESTADIOS,ESTADIO MULTIUSO,BRAZILIAN ROCK,63.0,2545674.0,False,50000.0,Early Entrance,700.0,539.1666666666666,VIP,QUINTA-FEIRA,DIA UTIL,CHUVISCO INTENSO,DEZEMBRO,0.0
2311,2023-12-21,2023,ALLIANZ PARQUE,TITAS,ARENAS E ESTADIOS,ESTADIO MULTIUSO,BRAZILIAN ROCK,63.0,2545674.0,False,50000.0,Meet & Greet,1440.0,539.1666666666666,ULTRA VIP,QUINTA-FEIRA,DIA UTIL,CHUVISCO INTENSO,DEZEMBRO,0.0
2312,2023-12-22,2023,ALLIANZ PARQUE,TITAS,ARENAS E ESTADIOS,ESTADIO MULTIUSO,BRAZILIAN ROCK,63.0,2545674.0,False,50000.0,Pista,300.0,539.1666666666666,COMUM,SEXTA-FEIRA,DIA UTIL,CHUVA MODERADA,DEZEMBRO,1.0
2313,2023-12-22,2023,ALLIANZ PARQUE,TITAS,ARENAS E ESTADIOS,ESTADIO MULTIUSO,BRAZILIAN ROCK,63.0,2545674.0,False,50000.0,Pista Premium,450.0,539.1666666666666,VIP,SEXTA-FEIRA,DIA UTIL,CHUVA MODERADA,DEZEMBRO,0.0
2314,2023-12-22,2023,ALLIANZ PARQUE,TITAS,ARENAS E ESTADIOS,ESTADIO MULTIUSO,BRAZILIAN ROCK,63.0,2545674.0,False,50000.0,Cadeira Inferior,250.0,539.1666666666666,INTERMEDIARIO,SEXTA-FEIRA,DIA UTIL,CHUVA MODERADA,DEZEMBRO,0.0
2315,2023-12-22,2023,ALLIANZ PARQUE,TITAS,ARENAS E ESTADIOS,ESTADIO MULTIUSO,BRAZILIAN ROCK,63.0,2545674.0,False,50000.0,Cadeira Superior,95.0,539.1666666666666,INTERMEDIARIO,SEXTA-FEIRA,DIA UTIL,CHUVA MODERADA,DEZEMBRO,0.0
2316,2023-12-22,2023,ALLIANZ PARQUE,TITAS,ARENAS E ESTADIOS,ESTADIO MULTIUSO,BRAZILIAN ROCK,63.0,2545674.0,False,50000.0,Early Entrance,700.0,539.1666666666666,VIP,SEXTA-FEIRA,DIA UTIL,CHUVA MODERADA,DEZEMBRO,0.0
2317,2023-12-22,2023,ALLIANZ PARQUE,TITAS,ARENAS E ESTADIOS,ESTADIO MULTIUSO,BRAZILIAN ROCK,63.0,2545674.0,False,50000.0,Meet & Greet,1440.0,539.1666666666666,ULTRA VIP,SEXTA-FEIRA,DIA UTIL,CHUVA MODERADA,DEZEMBRO,0.0
2318,2023-12-23,2023,ALLIANZ PARQUE,TITAS,ARENAS E ESTADIOS,ESTADIO MULTIUSO,BRAZILIAN ROCK,63.0,2545674.0,False,50000.0,Pista,300.0,539.1666666666666,COMUM,SABADO,FIM DE SEMANA,CHUVA FORTE,DEZEMBRO,1.0
2319,2023-12-23,2023,ALLIANZ PARQUE,TITAS,ARENAS E ESTADIOS,ESTADIO MULTIUSO,BRAZILIAN ROCK,63.0,2545674.0,False,50000.0,Pista Premium,450.0,539.1666666666666,VIP,SABADO,FIM DE SEMANA,CHUVA FORTE,DEZEMBRO,0.0
2320,2023-12-23,2023,ALLIANZ PARQUE,TITAS,ARENAS E ESTADIOS,ESTADIO MULTIUSO,BRAZILIAN ROCK,63.0,2545674.0,False,50000.0,Cadeira Inferior,250.0,539.1666666666666,INTERMEDIARIO,SABADO,FIM DE SEMANA,CHUVA FORTE,DEZEMBRO,0.0
2321,2023-12-23,2023,ALLIANZ PARQUE,TITAS,ARENAS E ESTADIOS,ESTADIO MULTIUSO,BRAZILIAN ROCK,63.0,2545674.0,False,50000.0,Cadeira Superior,95.0,539.1666666666666,INTERMEDIARIO,SABADO,FIM DE SEMANA,CHUVA FORTE,DEZEMBRO,0.0
2322,2023-12-23,2023,ALLIANZ PARQUE,TITAS,ARENAS E ESTADIOS,ESTADIO MULTIUSO,BRAZILIAN ROCK,63.0,2545674.0,False,50000.0,Early Entrance,700.0,539.1666666666666,VIP,SABADO,FIM DE SEMANA,CHUVA FORTE,DEZEMBRO,0.0
2323,2023-12-23,2023,ALLIANZ PARQUE,TITAS,ARENAS E ESTADIOS,ESTADIO MULTIUSO,BRAZILIAN ROCK,63.0,2545674.0,False,50000.0,Meet & Greet,1440.0,539.1666666666666,ULTRA VIP,SABADO,FIM DE SEMANA,CHUVA FORTE,DEZEMBRO,0.0
2324,2024-11-08,2024,EXPO CENTER NORTE,TITAS,GRANDES CASAS,CENTRO DE EXPOSICOES,BRAZILIAN ROCK,63.0,2545674.0,False,0.0,Pista,190.0,473.75,COMUM,SEXTA-FEIRA,DIA UTIL,CHUVA MODERADA,NOVEMBRO,321.0
2325,2024-11-08,2024,EXPO CENTER NORTE,TITAS,GRANDES CASAS,CENTRO DE EXPOSICOES,BRAZILIAN ROCK,63.0,2545674.0,False,0.0,Pista Premium,395.0,473.75,VIP,SEXTA-FEIRA,DIA UTIL,CHUVA MODERADA,NOVEMBRO,0.0
2326,2024-11-08,2024,EXPO CENTER NORTE,TITAS,GRANDES CASAS,CENTRO DE EXPOSICOES,BRAZILIAN ROCK,63.0,2545674.0,False,0.0,Camarote,320.0,473.75,LUXO,SEXTA-FEIRA,DIA UTIL,CHUVA MODERADA,NOVEMBRO,0.0
2327,2024-11-08,2024,EXPO CENTER NORTE,TITAS,GRANDES CASAS,CENTRO DE EXPOSICOES,BRAZILIAN ROCK,63.0,2545674.0,False,0.0,VIP I,990.0,473.75,VIP,SEXTA-FEIRA,DIA UTIL,CHUVA MODERADA,NOVEMBRO,0.0
2328,2022-04-10,2022,MEMORIAL DA AMERICA LATINA,TITAS,GRANDES CASAS,AREA EXTERNA PARA EVENTOS,BRAZILIAN ROCK,63.0,2545674.0,False,20000.0,Pista,400.0,600.0,COMUM,DOMINGO,FIM DE SEMANA,NUBLADO,ABRIL,-943.0
2329,2022-04-10,2022,MEMORIAL DA AMERICA LATINA,TITAS,GRANDES CASAS,AREA EXTERNA PARA EVENTOS,BRAZILIAN ROCK,63.0,2545674.0,False,20000.0,Pista Premium,800.0,600.0,VIP,DOMINGO,FIM DE SEMANA,NUBLADO,ABRIL,0.0
2330,2022-09-10,2022,TOKIO MARINE HALL,TITAS,MEDIAS CASAS,CASA DE SHOWS,BRAZILIAN ROCK,63.0,2545674.0,False,4000.0,Pista,400.0,600.0,COMUM,SABADO,FIM DE SEMANA,NUBLADO,SETEMBRO,153.0
2331,2022-09-10,2022,TOKIO MARINE HALL,TITAS,MEDIAS CASAS,CASA DE SHOWS,BRAZILIAN ROCK,63.0,2545674.0,False,4000.0,Pista Premium,800.0,600.0,VIP,SABADO,FIM DE SEMANA,NUBLADO,SETEMBRO,0.0
2332,2022-12-04,2022,TOKIO MARINE HALL,TITAS,MEDIAS CASAS,CASA DE SHOWS,BRAZILIAN ROCK,63.0,2545674.0,False,4000.0,Pista,400.0,600.0,COMUM,DOMINGO,FIM DE SEMANA,CHUVA FORTE,DEZEMBRO,85.0
2333,2022-12-04,2022,TOKIO MARINE HALL,TITAS,MEDIAS CASAS,CASA DE SHOWS,BRAZILIAN ROCK,63.0,2545674.0,False,4000.0,Pista Premium,800.0,600.0,VIP,DOMINGO,FIM DE SEMANA,CHUVA FORTE,DEZEMBRO,0.0
2334,2024-09-28,2024,ESPACO UNIMED,TITAS,MEDIAS CASAS,CASA DE SHOWS,BRAZILIAN ROCK,63.0,2545674.0,False,8000.0,Pista,125.0,125.0,COMUM,SABADO,FIM DE SEMANA,NUBLADO,SETEMBRO,664.0
2335,2023-06-27,2023,VIBRA SAO PAULO,TITAS,MEDIAS CASAS,TEATRO E CASA DE ESPETACULOS,BRAZILIAN ROCK,63.0,2545674.0,False,7000.0,Pista,280.0,380.0,COMUM,TERCA-FEIRA,DIA UTIL,CEU LIMPO,JUNHO,-459.0
2336,2023-06-27,2023,VIBRA SAO PAULO,TITAS,MEDIAS CASAS,TEATRO E CASA DE ESPETACULOS,BRAZILIAN ROCK,63.0,2545674.0,False,7000.0,Pista Premium,480.0,380.0,VIP,TERCA-FEIRA,DIA UTIL,CEU LIMPO,JUNHO,0.0
2337,2024-12-20,2024,TERRA SP,TITAS,MEDIAS CASAS,CASA DE SHOWS,BRAZILIAN ROCK,63.0,2545674.0,False,3000.0,Pista,280.0,453.3333333333333,COMUM,SEXTA-FEIRA,DIA UTIL,CHUVA MODERADA,DEZEMBRO,542.0
2338,2024-12-20,2024,TERRA SP,TITAS,MEDIAS CASAS,CASA DE SHOWS,BRAZILIAN ROCK,63.0,2545674.0,False,3000.0,Pista Premium,980.0,453.3333333333333,VIP,SEXTA-FEIRA,DIA UTIL,CHUVA MODERADA,DEZEMBRO,0.0
2339,2024-12-20,2024,TERRA SP,TITAS,MEDIAS CASAS,CASA DE SHOWS,BRAZILIAN ROCK,63.0,2545674.0,False,3000.0,Cadeira Superior,100.0,453.3333333333333,INTERMEDIARIO,SEXTA-FEIRA,DIA UTIL,CHUVA MODERADA,DEZEMBRO,0.0
2340,2022-03-24,2022,AUDIO,A DAY TO REMEMBER,MEDIAS CASAS,CASA DE SHOWS,METALCORE,69.0,2525628.0,False,3200.0,Pista,360.0,467.0,COMUM,QUINTA-FEIRA,DIA UTIL,NUBLADO,MARÇO,-163.0
2341,2022-03-24,2022,AUDIO,A DAY TO REMEMBER,MEDIAS CASAS,CASA DE SHOWS,METALCORE,69.0,2525628.0,False,3200.0,Pista Premium,574.0,467.0,VIP,QUINTA-FEIRA,DIA UTIL,NUBLADO,MARÇO,0.0
2342,2022-03-26,2022,AUTODROMO DE INTERLAGOS,A DAY TO REMEMBER,ARENAS E ESTADIOS,AREA EXTERNA PARA EVENTOS,METALCORE,69.0,2525628.0,LOLLAPALOOZA,103000.0,Lolla Pista,1050.0,1763.3333333333333,COMUM,SABADO,FIM DE SEMANA,CHUVISCO LEVE,MARÇO,2.0
2343,2022-03-26,2022,AUTODROMO DE INTERLAGOS,A DAY TO REMEMBER,ARENAS E ESTADIOS,AREA EXTERNA PARA EVENTOS,METALCORE,69.0,2525628.0,LOLLAPALOOZA,103000.0,Lolla Lounge,2400.0,1763.3333333333333,LUXO,SABADO,FIM DE SEMANA,CHUVISCO LEVE,MARÇO,0.0
2344,2022-03-26,2022,AUTODROMO DE INTERLAGOS,A DAY TO REMEMBER,ARENAS E ESTADIOS,AREA EXTERNA PARA EVENTOS,METALCORE,69.0,2525628.0,LOLLAPALOOZA,103000.0,Lolla Confort,1840.0,1763.3333333333333,VIP,SABADO,FIM DE SEMANA,CHUVISCO LEVE,MARÇO,0.0
2345,2024-03-02,2024,ALLIANZ PARQUE,A DAY TO REMEMBER,ARENAS E ESTADIOS,ESTADIO MULTIUSO,METALCORE,69.0,2525628.0,I WANNA BE TOUR,41717.0,Pista,380.0,786.6666666666666,COMUM,SABADO,FIM DE SEMANA,NUBLADO,MARÇO,707.0
2346,2024-03-02,2024,ALLIANZ PARQUE,A DAY TO REMEMBER,ARENAS E ESTADIOS,ESTADIO MULTIUSO,METALCORE,69.0,2525628.0,I WANNA BE TOUR,41717.0,Pista Premium,650.0,786.6666666666666,VIP,SABADO,FIM DE SEMANA,NUBLADO,MARÇO,0.0
2347,2024-03-02,2024,ALLIANZ PARQUE,A DAY TO REMEMBER,ARENAS E ESTADIOS,ESTADIO MULTIUSO,METALCORE,69.0,2525628.0,I WANNA BE TOUR,41717.0,Cadeira Inferior,420.0,786.6666666666666,INTERMEDIARIO,SABADO,FIM DE SEMANA,NUBLADO,MARÇO,0.0
2348,2024-03-02,2024,ALLIANZ PARQUE,A DAY TO REMEMBER,ARENAS E ESTADIOS,ESTADIO MULTIUSO,METALCORE,69.0,2525628.0,I WANNA BE TOUR,41717.0,Cadeira Superior,280.0,786.6666666666666,INTERMEDIARIO,SABADO,FIM DE SEMANA,NUBLADO,MARÇO,0.0
2349,2024-03-02,2024,ALLIANZ PARQUE,A DAY TO REMEMBER,ARENAS E ESTADIOS,ESTADIO MULTIUSO,METALCORE,69.0,2525628.0,I WANNA BE TOUR,41717.0,VIP I,990.0,786.6666666666666,VIP,SABADO,FIM DE SEMANA,NUBLADO,MARÇO,0.0
2350,2024-03-02,2024,ALLIANZ PARQUE,A DAY TO REMEMBER,ARENAS E ESTADIOS,ESTADIO MULTIUSO,METALCORE,69.0,2525628.0,I WANNA BE TOUR,41717.0,VIP II,2000.0,786.6666666666666,ULTRA VIP,SABADO,FIM DE SEMANA,NUBLADO,MARÇO,0.0
2351,2025-11-08,2025,VIBRA SAO PAULO,BILLY IDOL,MEDIAS CASAS,TEATRO E CASA DE ESPETACULOS,ROCK,72.0,2491597.0,False,7800.0,Pista,790.0,622.5,COMUM,SABADO,FIM DE SEMANA,CHUVA LEVE,NOVEMBRO,336.0
2352,2025-11-08,2025,VIBRA SAO PAULO,BILLY IDOL,MEDIAS CASAS,TEATRO E CASA DE ESPETACULOS,ROCK,72.0,2491597.0,False,7800.0,Pista Premium,300.0,622.5,VIP,SABADO,FIM DE SEMANA,CHUVA LEVE,NOVEMBRO,0.0
2353,2025-11-08,2025,VIBRA SAO PAULO,BILLY IDOL,MEDIAS CASAS,TEATRO E CASA DE ESPETACULOS,ROCK,72.0,2491597.0,False,7800.0,Camarote,930.0,622.5,LUXO,SABADO,FIM DE SEMANA,CHUVA LEVE,NOVEMBRO,0.0
2354,2025-11-08,2025,VIBRA SAO PAULO,BILLY IDOL,MEDIAS CASAS,TEATRO E CASA DE ESPETACULOS,ROCK,72.0,2491597.0,False,7800.0,Cadeira Superior,470.0,622.5,INTERMEDIARIO,SABADO,FIM DE SEMANA,CHUVA LEVE,NOVEMBRO,0.0
2355,2022-11-05,2022,DISTRITO ANHEMBI,BJORK,GRANDES CASAS,AREA EXTERNA PARA EVENTOS,ART POP,75.0,2487844.0,PRIMAVERA SOUND,45000.0,Pista,560.0,733.3333333333334,COMUM,SABADO,FIM DE SEMANA,CHUVISCO LEVE,NOVEMBRO,999.0
2356,2022-11-05,2022,DISTRITO ANHEMBI,BJORK,GRANDES CASAS,AREA EXTERNA PARA EVENTOS,ART POP,75.0,2487844.0,PRIMAVERA SOUND,45000.0,Pista Premium,890.0,733.3333333333334,VIP,SABADO,FIM DE SEMANA,CHUVISCO LEVE,NOVEMBRO,0.0
2357,2022-11-05,2022,DISTRITO ANHEMBI,BJORK,GRANDES CASAS,AREA EXTERNA PARA EVENTOS,ART POP,75.0,2487844.0,PRIMAVERA SOUND,45000.0,Cadeira Inferior,750.0,733.3333333333334,INTERMEDIARIO,SABADO,FIM DE SEMANA,CHUVISCO LEVE,NOVEMBRO,0.0
2358,2022-11-05,2022,DISTRITO ANHEMBI,BJORK,GRANDES CASAS,AREA EXTERNA PARA EVENTOS,ART POP,75.0,2487844.0,PRIMAVERA SOUND,45000.0,Pista,560.0,733.3333333333334,COMUM,SABADO,FIM DE SEMANA,CHUVISCO LEVE,NOVEMBRO,0.0
2359,2025-09-12,2025,AUTODROMO DE INTERLAGOS,JOTA QUEST,ARENAS E ESTADIOS,AREA EXTERNA PARA EVENTOS,BRAZILIAN ROCK,63.0,2478829.0,THE TOWN,75000.0,Pista,975.0,975.0,COMUM,SEXTA-FEIRA,DIA UTIL,NUBLADO,SETEMBRO,266.0
2360,2024-06-15,2024,ALLIANZ PARQUE,JOTA QUEST,ARENAS E ESTADIOS,ESTADIO MULTIUSO,BRAZILIAN ROCK,63.0,2478829.0,False,30000.0,Pista,500.0,422.0,COMUM,SABADO,FIM DE SEMANA,NUBLADO,JUNHO,-454.0
2361,2024-06-15,2024,ALLIANZ PARQUE,JOTA QUEST,ARENAS E ESTADIOS,ESTADIO MULTIUSO,BRAZILIAN ROCK,63.0,2478829.0,False,30000.0,Pista Premium,560.0,422.0,VIP,SABADO,FIM DE SEMANA,NUBLADO,JUNHO,0.0
2362,2024-06-15,2024,ALLIANZ PARQUE,JOTA QUEST,ARENAS E ESTADIOS,ESTADIO MULTIUSO,BRAZILIAN ROCK,63.0,2478829.0,False,30000.0,Camarote,700.0,422.0,LUXO,SABADO,FIM DE SEMANA,NUBLADO,JUNHO,0.0
2363,2024-06-15,2024,ALLIANZ PARQUE,JOTA QUEST,ARENAS E ESTADIOS,ESTADIO MULTIUSO,BRAZILIAN ROCK,63.0,2478829.0,False,30000.0,Cadeira Inferior,250.0,422.0,INTERMEDIARIO,SABADO,FIM DE SEMANA,NUBLADO,JUNHO,0.0
2364,2024-06-15,2024,ALLIANZ PARQUE,JOTA QUEST,ARENAS E ESTADIOS,ESTADIO MULTIUSO,BRAZILIAN ROCK,63.0,2478829.0,False,30000.0,Cadeira Superior,100.0,422.0,INTERMEDIARIO,SABADO,FIM DE SEMANA,NUBLADO,JUNHO,0.0
2365,2022-07-02,2022,ESPACO UNIMED,JOTA QUEST,MEDIAS CASAS,CASA DE SHOWS,BRAZILIAN ROCK,63.0,2478829.0,False,8000.0,Pista,120.0,220.0,COMUM,SABADO,FIM DE SEMANA,CEU LIMPO,JULHO,-714.0
2366,2022-07-02,2022,ESPACO UNIMED,JOTA QUEST,MEDIAS CASAS,CASA DE SHOWS,BRAZILIAN ROCK,63.0,2478829.0,False,8000.0,Pista Premium,200.0,220.0,VIP,SABADO,FIM DE SEMANA,CEU LIMPO,JULHO,0.0
2367,2022-07-02,2022,ESPACO UNIMED,JOTA QUEST,MEDIAS CASAS,CASA DE SHOWS,BRAZILIAN ROCK,63.0,2478829.0,False,8000.0,Camarote,320.0,220.0,LUXO,SABADO,FIM DE SEMANA,CEU LIMPO,JULHO,0.0
2368,2022-07-02,2022,ESPACO UNIMED,JOTA QUEST,MEDIAS CASAS,CASA DE SHOWS,BRAZILIAN ROCK,63.0,2478829.0,False,8000.0,Mezanino ,240.0,220.0,INTERMEDIARIO,SABADO,FIM DE SEMANA,CEU LIMPO,JULHO,0.0
2369,2023-03-04,2023,ESPACO UNIMED,JOTA QUEST,MEDIAS CASAS,CASA DE SHOWS,BRAZILIAN ROCK,63.0,2478829.0,False,7700.0,Pista,220.0,250.0,COMUM,SABADO,FIM DE SEMANA,CHUVA MODERADA,MARÇO,245.0
2370,2023-03-04,2023,ESPACO UNIMED,JOTA QUEST,MEDIAS CASAS,CASA DE SHOWS,BRAZILIAN ROCK,63.0,2478829.0,False,7700.0,Pista Premium,280.0,250.0,VIP,SABADO,FIM DE SEMANA,CHUVA MODERADA,MARÇO,0.0
2371,2023-10-08,2023,VIBRA SAO PAULO,JOTA QUEST,MEDIAS CASAS,TEATRO E CASA DE ESPETACULOS,BRAZILIAN ROCK,63.0,2478829.0,False,6000.0,Pista,210.0,151.66666666666666,COMUM,DOMINGO,FIM DE SEMANA,CHUVA MODERADA,OUTUBRO,218.0
2372,2023-10-08,2023,VIBRA SAO PAULO,JOTA QUEST,MEDIAS CASAS,TEATRO E CASA DE ESPETACULOS,BRAZILIAN ROCK,63.0,2478829.0,False,6000.0,Camarote,215.0,151.66666666666666,LUXO,DOMINGO,FIM DE SEMANA,CHUVA MODERADA,OUTUBRO,0.0
2373,2023-10-08,2023,VIBRA SAO PAULO,JOTA QUEST,MEDIAS CASAS,TEATRO E CASA DE ESPETACULOS,BRAZILIAN ROCK,63.0,2478829.0,False,6000.0,Cadeira Inferior,190.0,151.66666666666666,INTERMEDIARIO,DOMINGO,FIM DE SEMANA,CHUVA MODERADA,OUTUBRO,0.0
2374,2023-10-08,2023,VIBRA SAO PAULO,JOTA QUEST,MEDIAS CASAS,TEATRO E CASA DE ESPETACULOS,BRAZILIAN ROCK,63.0,2478829.0,False,6000.0,Cadeira Inferior Visão Parcial,150.0,151.66666666666666,COMUM,DOMINGO,FIM DE SEMANA,CHUVA MODERADA,OUTUBRO,0.0
2375,2023-10-08,2023,VIBRA SAO PAULO,JOTA QUEST,MEDIAS CASAS,TEATRO E CASA DE ESPETACULOS,BRAZILIAN ROCK,63.0,2478829.0,False,6000.0,Cadeira Superior,80.0,151.66666666666666,INTERMEDIARIO,DOMINGO,FIM DE SEMANA,CHUVA MODERADA,OUTUBRO,0.0
2376,2023-10-08,2023,VIBRA SAO PAULO,JOTA QUEST,MEDIAS CASAS,TEATRO E CASA DE ESPETACULOS,BRAZILIAN ROCK,63.0,2478829.0,False,6000.0,Cadeira Superior Visão Parcial,65.0,151.66666666666666,COMUM,DOMINGO,FIM DE SEMANA,CHUVA MODERADA,OUTUBRO,0.0
2377,2024-06-09,2024,ALLIANZ PARQUE,LEO SANTANA,ARENAS E ESTADIOS,ESTADIO MULTIUSO,PAGODE BAIANO,69.0,2447441.0,False,21188.0,Pista,250.0,464.0,COMUM,DOMINGO,FIM DE SEMANA,NUBLADO,JUNHO,999.0
2378,2024-06-09,2024,ALLIANZ PARQUE,LEO SANTANA,ARENAS E ESTADIOS,ESTADIO MULTIUSO,PAGODE BAIANO,69.0,2447441.0,False,21188.0,Pista Premium,490.0,464.0,VIP,DOMINGO,FIM DE SEMANA,NUBLADO,JUNHO,0.0
2379,2024-06-09,2024,ALLIANZ PARQUE,LEO SANTANA,ARENAS E ESTADIOS,ESTADIO MULTIUSO,PAGODE BAIANO,69.0,2447441.0,False,21188.0,Cadeira Inferior,290.0,464.0,INTERMEDIARIO,DOMINGO,FIM DE SEMANA,NUBLADO,JUNHO,0.0
2380,2024-06-09,2024,ALLIANZ PARQUE,LEO SANTANA,ARENAS E ESTADIOS,ESTADIO MULTIUSO,PAGODE BAIANO,69.0,2447441.0,False,21188.0,Cadeira Superior,100.0,464.0,INTERMEDIARIO,DOMINGO,FIM DE SEMANA,NUBLADO,JUNHO,0.0
2381,2024-06-09,2024,ALLIANZ PARQUE,LEO SANTANA,ARENAS E ESTADIOS,ESTADIO MULTIUSO,PAGODE BAIANO,69.0,2447441.0,False,21188.0,VIP I,1190.0,464.0,VIP,DOMINGO,FIM DE SEMANA,NUBLADO,JUNHO,0.0
2382,2023-02-20,2023,JOCKEY CLUB,LEO SANTANA,MEDIAS CASAS,CENTRO DE EVENTOS,PAGODE BAIANO,69.0,2447441.0,False,4000.0,Pista,370.0,495.0,COMUM,SEGUNDA-FEIRA,DIA UTIL,CHUVA MODERADA,FEVEREIRO,-475.0
2383,2023-02-20,2023,JOCKEY CLUB,LEO SANTANA,MEDIAS CASAS,CENTRO DE EVENTOS,PAGODE BAIANO,69.0,2447441.0,False,4000.0,Pista Premium,620.0,495.0,VIP,SEGUNDA-FEIRA,DIA UTIL,CHUVA MODERADA,FEVEREIRO,0.0
2384,2022-10-14,2022,ESPACO UNIMED,NIGHTWISH,MEDIAS CASAS,CASA DE SHOWS,SYMPHONIC METAL,65.0,2434977.0,False,8000.0,Pista,190.0,332.5,COMUM,SEXTA-FEIRA,DIA UTIL,CHUVISCO LEVE,OUTUBRO,999.0
2385,2022-10-14,2022,ESPACO UNIMED,NIGHTWISH,MEDIAS CASAS,CASA DE SHOWS,SYMPHONIC METAL,65.0,2434977.0,False,8000.0,Pista Premium,290.0,332.5,VIP,SEXTA-FEIRA,DIA UTIL,CHUVISCO LEVE,OUTUBRO,0.0
2386,2022-10-14,2022,ESPACO UNIMED,NIGHTWISH,MEDIAS CASAS,CASA DE SHOWS,SYMPHONIC METAL,65.0,2434977.0,False,8000.0,Camarote,480.0,332.5,LUXO,SEXTA-FEIRA,DIA UTIL,CHUVISCO LEVE,OUTUBRO,0.0
2387,2022-10-14,2022,ESPACO UNIMED,NIGHTWISH,MEDIAS CASAS,CASA DE SHOWS,SYMPHONIC METAL,65.0,2434977.0,False,8000.0,Mezanino ,370.0,332.5,INTERMEDIARIO,SEXTA-FEIRA,DIA UTIL,CHUVISCO LEVE,OUTUBRO,0.0
2388,2022-11-12,2022,TOKIO MARINE HALL,BONNIE TYLER,MEDIAS CASAS,CASA DE SHOWS,ROCK,69.0,2432523.0,False,3500.0,Pista,329.0,305.0,COMUM,SABADO,FIM DE SEMANA,CHUVISCO LEVE,NOVEMBRO,-1092.0
2389,2022-11-12,2022,TOKIO MARINE HALL,BONNIE TYLER,MEDIAS CASAS,CASA DE SHOWS,ROCK,69.0,2432523.0,False,3500.0,Pista Premium,239.0,305.0,VIP,SABADO,FIM DE SEMANA,CHUVISCO LEVE,NOVEMBRO,0.0
2390,2022-11-12,2022,TOKIO MARINE HALL,BONNIE TYLER,MEDIAS CASAS,CASA DE SHOWS,ROCK,69.0,2432523.0,False,3500.0,Camarote,319.0,305.0,LUXO,SABADO,FIM DE SEMANA,CHUVISCO LEVE,NOVEMBRO,0.0
2391,2022-11-12,2022,TOKIO MARINE HALL,BONNIE TYLER,MEDIAS CASAS,CASA DE SHOWS,ROCK,69.0,2432523.0,False,3500.0,Cadeira Superior,259.0,305.0,INTERMEDIARIO,SABADO,FIM DE SEMANA,CHUVISCO LEVE,NOVEMBRO,0.0
2392,2022-11-12,2022,TOKIO MARINE HALL,BONNIE TYLER,MEDIAS CASAS,CASA DE SHOWS,ROCK,69.0,2432523.0,False,3500.0,VIP I,379.0,305.0,VIP,SABADO,FIM DE SEMANA,CHUVISCO LEVE,NOVEMBRO,0.0
2393,2024-03-02,2024,ALLIANZ PARQUE,ASKING ALEXANDRIA,ARENAS E ESTADIOS,ESTADIO MULTIUSO,METALCORE,63.0,2430959.0,I WANNA BE TOUR,41717.0,Pista,380.0,786.6666666666666,COMUM,SABADO,FIM DE SEMANA,NUBLADO,MARÇO,0.0
2394,2024-03-02,2024,ALLIANZ PARQUE,ASKING ALEXANDRIA,ARENAS E ESTADIOS,ESTADIO MULTIUSO,METALCORE,63.0,2430959.0,I WANNA BE TOUR,41717.0,Pista Premium,650.0,786.6666666666666,VIP,SABADO,FIM DE SEMANA,NUBLADO,MARÇO,0.0
2395,2024-03-02,2024,ALLIANZ PARQUE,ASKING ALEXANDRIA,ARENAS E ESTADIOS,ESTADIO MULTIUSO,METALCORE,63.0,2430959.0,I WANNA BE TOUR,41717.0,Cadeira Inferior,420.0,786.6666666666666,INTERMEDIARIO,SABADO,FIM DE SEMANA,NUBLADO,MARÇO,0.0
2396,2024-03-02,2024,ALLIANZ PARQUE,ASKING ALEXANDRIA,ARENAS E ESTADIOS,ESTADIO MULTIUSO,METALCORE,63.0,2430959.0,I WANNA BE TOUR,41717.0,Cadeira Superior,280.0,786.6666666666666,INTERMEDIARIO,SABADO,FIM DE SEMANA,NUBLADO,MARÇO,0.0
2397,2024-03-02,2024,ALLIANZ PARQUE,ASKING ALEXANDRIA,ARENAS E ESTADIOS,ESTADIO MULTIUSO,METALCORE,63.0,2430959.0,I WANNA BE TOUR,41717.0,VIP I,990.0,786.6666666666666,VIP,SABADO,FIM DE SEMANA,NUBLADO,MARÇO,0.0
2398,2024-03-02,2024,ALLIANZ PARQUE,ASKING ALEXANDRIA,ARENAS E ESTADIOS,ESTADIO MULTIUSO,METALCORE,63.0,2430959.0,I WANNA BE TOUR,41717.0,VIP II,2000.0,786.6666666666666,ULTRA VIP,SABADO,FIM DE SEMANA,NUBLADO,MARÇO,0.0
2399,2024-03-22,2024,AUTODROMO DE INTERLAGOS,ARCADE FIRE,ARENAS E ESTADIOS,AREA EXTERNA PARA EVENTOS,BAROQUE POP,63.0,2400983.0,LOLLAPALOOZA,80000.0,Lolla Pista,1100.0,1700.0,COMUM,SEXTA-FEIRA,DIA UTIL,CHUVISCO MODERADO,MARÇO,292.0
2400,2024-03-22,2024,AUTODROMO DE INTERLAGOS,ARCADE FIRE,ARENAS E ESTADIOS,AREA EXTERNA PARA EVENTOS,BAROQUE POP,63.0,2400983.0,LOLLAPALOOZA,80000.0,Lolla Lounge,2250.0,1700.0,LUXO,SEXTA-FEIRA,DIA UTIL,CHUVISCO MODERADO,MARÇO,0.0
2401,2024-03-22,2024,AUTODROMO DE INTERLAGOS,ARCADE FIRE,ARENAS E ESTADIOS,AREA EXTERNA PARA EVENTOS,BAROQUE POP,63.0,2400983.0,LOLLAPALOOZA,80000.0,Lolla Confort,1750.0,1700.0,VIP,SEXTA-FEIRA,DIA UTIL,CHUVISCO MODERADO,MARÇO,0.0
2402,2025-08-23,2025,ALLIANZ PARQUE,LEONARDO,ARENAS E ESTADIOS,ESTADIO MULTIUSO,SERTANEJO TRADICIONAL,67.0,2367229.0,False,45000.0,Pista Premium,160.0,180.0,VIP,SABADO,FIM DE SEMANA,NUBLADO,AGOSTO,-91.0
2403,2025-08-23,2025,ALLIANZ PARQUE,LEONARDO,ARENAS E ESTADIOS,ESTADIO MULTIUSO,SERTANEJO TRADICIONAL,67.0,2367229.0,False,45000.0,Camarote,200.0,180.0,LUXO,SABADO,FIM DE SEMANA,NUBLADO,AGOSTO,0.0
2404,2025-08-23,2025,ALLIANZ PARQUE,LEONARDO,ARENAS E ESTADIOS,ESTADIO MULTIUSO,SERTANEJO TRADICIONAL,67.0,2367229.0,False,45000.0,Pista Premium,160.0,180.0,VIP,SABADO,FIM DE SEMANA,NUBLADO,AGOSTO,0.0
2405,2024-08-17,2024,DISTRITO ANHEMBI,LEONARDO,GRANDES CASAS,AREA EXTERNA PARA EVENTOS,SERTANEJO TRADICIONAL,67.0,2367229.0,False,24000.0,Pista,590.0,1003.5,COMUM,SABADO,FIM DE SEMANA,CEU LIMPO,AGOSTO,-371.0
2406,2024-08-17,2024,DISTRITO ANHEMBI,LEONARDO,GRANDES CASAS,AREA EXTERNA PARA EVENTOS,SERTANEJO TRADICIONAL,67.0,2367229.0,False,24000.0,Pista Premium,920.0,1003.5,VIP,SABADO,FIM DE SEMANA,CEU LIMPO,AGOSTO,0.0
2407,2024-08-17,2024,DISTRITO ANHEMBI,LEONARDO,GRANDES CASAS,AREA EXTERNA PARA EVENTOS,SERTANEJO TRADICIONAL,67.0,2367229.0,False,24000.0,Cadeira Inferior,720.0,1003.5,INTERMEDIARIO,SABADO,FIM DE SEMANA,CEU LIMPO,AGOSTO,0.0
2408,2024-08-17,2024,DISTRITO ANHEMBI,LEONARDO,GRANDES CASAS,AREA EXTERNA PARA EVENTOS,SERTANEJO TRADICIONAL,67.0,2367229.0,False,24000.0,Cadeira Superior,750.0,1003.5,INTERMEDIARIO,SABADO,FIM DE SEMANA,CEU LIMPO,AGOSTO,0.0
2409,2024-08-17,2024,DISTRITO ANHEMBI,LEONARDO,GRANDES CASAS,AREA EXTERNA PARA EVENTOS,SERTANEJO TRADICIONAL,67.0,2367229.0,False,24000.0,Arquibancada,460.0,1003.5,COMUM,SABADO,FIM DE SEMANA,CEU LIMPO,AGOSTO,0.0
2410,2024-08-17,2024,DISTRITO ANHEMBI,LEONARDO,GRANDES CASAS,AREA EXTERNA PARA EVENTOS,SERTANEJO TRADICIONAL,67.0,2367229.0,False,24000.0,Early Entrance,2581.0,1003.5,VIP,SABADO,FIM DE SEMANA,CEU LIMPO,AGOSTO,0.0
2411,2024-08-17,2024,DISTRITO ANHEMBI,LEONARDO,GRANDES CASAS,AREA EXTERNA PARA EVENTOS,SERTANEJO TRADICIONAL,67.0,2367229.0,False,24000.0,Pista,590.0,1003.5,COMUM,SABADO,FIM DE SEMANA,CEU LIMPO,AGOSTO,0.0
2412,2025-09-14,2025,AUTODROMO DE INTERLAGOS,DENNIS,ARENAS E ESTADIOS,AREA EXTERNA PARA EVENTOS,BRAZILIAN FUNK,69.0,2359702.0,THE TOWN,82000.0,Pista,975.0,975.0,COMUM,DOMINGO,FIM DE SEMANA,NUBLADO,SETEMBRO,1002.0
2413,2022-07-30,2022,ESTADIO DO CANINDE,DENNIS,GRANDES CASAS,ESTADIO MULTIUSO,BRAZILIAN FUNK,69.0,2359702.0,False,10000.0,Pista,250.0,310.0,COMUM,SABADO,FIM DE SEMANA,CHUVISCO LEVE,JULHO,-1142.0
2414,2022-07-30,2022,ESTADIO DO CANINDE,DENNIS,GRANDES CASAS,ESTADIO MULTIUSO,BRAZILIAN FUNK,69.0,2359702.0,False,10000.0,Pista Premium,370.0,310.0,VIP,SABADO,FIM DE SEMANA,CHUVISCO LEVE,JULHO,0.0
2415,2022-01-22,2022,SAO PAULO EXPO,DENNIS,ARENAS E ESTADIOS,CENTRO DE EXPOSICOES,BRAZILIAN FUNK,69.0,2359702.0,False,10000.0,Camarote,380.0,400.0,LUXO,SABADO,FIM DE SEMANA,CHUVISCO LEVE,JANEIRO,-189.0
2416,2022-01-22,2022,SAO PAULO EXPO,DENNIS,ARENAS E ESTADIOS,CENTRO DE EXPOSICOES,BRAZILIAN FUNK,69.0,2359702.0,False,10000.0,Mesa,420.0,400.0,LUXO,SABADO,FIM DE SEMANA,CHUVISCO LEVE,JANEIRO,0.0
2417,2022-02-27,2022,JOCKEY CLUB,DENNIS,MEDIAS CASAS,CENTRO DE EVENTOS,BRAZILIAN FUNK,69.0,2359702.0,False,3000.0,Pista,380.0,386.0,COMUM,DOMINGO,FIM DE SEMANA,CHUVISCO LEVE,FEVEREIRO,36.0
2418,2022-02-27,2022,JOCKEY CLUB,DENNIS,MEDIAS CASAS,CENTRO DE EVENTOS,BRAZILIAN FUNK,69.0,2359702.0,False,3000.0,Cadeira Inferior,260.0,386.0,INTERMEDIARIO,DOMINGO,FIM DE SEMANA,CHUVISCO LEVE,FEVEREIRO,0.0
2419,2022-02-27,2022,JOCKEY CLUB,DENNIS,MEDIAS CASAS,CENTRO DE EVENTOS,BRAZILIAN FUNK,69.0,2359702.0,False,3000.0,Cadeira Superior,260.0,386.0,INTERMEDIARIO,DOMINGO,FIM DE SEMANA,CHUVISCO LEVE,FEVEREIRO,0.0
2420,2022-02-27,2022,JOCKEY CLUB,DENNIS,MEDIAS CASAS,CENTRO DE EVENTOS,BRAZILIAN FUNK,69.0,2359702.0,False,3000.0,Open Bar,580.0,386.0,VIP,DOMINGO,FIM DE SEMANA,CHUVISCO LEVE,FEVEREIRO,0.0
2421,2022-02-27,2022,JOCKEY CLUB,DENNIS,MEDIAS CASAS,CENTRO DE EVENTOS,BRAZILIAN FUNK,69.0,2359702.0,False,3000.0,Frontstage,450.0,386.0,VIP,DOMINGO,FIM DE SEMANA,CHUVISCO LEVE,FEVEREIRO,0.0
2422,2023-02-18,2023,JOCKEY CLUB,DENNIS,MEDIAS CASAS,CENTRO DE EVENTOS,BRAZILIAN FUNK,69.0,2359702.0,False,7000.0,Open Bar,1670.0,1670.0,VIP,SABADO,FIM DE SEMANA,CHUVISCO INTENSO,FEVEREIRO,356.0
2423,2025-04-24,2025,TOKIO MARINE HALL,XG,MEDIAS CASAS,CASA DE SHOWS,K-POP,70.0,2354498.0,False,4000.0,Pista,520.0,570.0,COMUM,QUINTA-FEIRA,DIA UTIL,CHUVA FORTE,ABRIL,-52.0
2424,2025-04-24,2025,TOKIO MARINE HALL,XG,MEDIAS CASAS,CASA DE SHOWS,K-POP,70.0,2354498.0,False,4000.0,Camarote,630.0,570.0,LUXO,QUINTA-FEIRA,DIA UTIL,CHUVA FORTE,ABRIL,0.0
2425,2025-04-24,2025,TOKIO MARINE HALL,XG,MEDIAS CASAS,CASA DE SHOWS,K-POP,70.0,2354498.0,False,4000.0,Cadeira Inferior,380.0,570.0,INTERMEDIARIO,QUINTA-FEIRA,DIA UTIL,CHUVA FORTE,ABRIL,0.0
2426,2025-04-24,2025,TOKIO MARINE HALL,XG,MEDIAS CASAS,CASA DE SHOWS,K-POP,70.0,2354498.0,False,4000.0,Cadeira Superior,300.0,570.0,INTERMEDIARIO,QUINTA-FEIRA,DIA UTIL,CHUVA FORTE,ABRIL,0.0
2427,2025-04-24,2025,TOKIO MARINE HALL,XG,MEDIAS CASAS,CASA DE SHOWS,K-POP,70.0,2354498.0,False,4000.0,VIP I,1020.0,570.0,VIP,QUINTA-FEIRA,DIA UTIL,CHUVA FORTE,ABRIL,0.0
2428,2022-02-20,2022,AUDIO,SEPULTURA,MEDIAS CASAS,CASA DE SHOWS,THRASH METAL,61.0,2350848.0,False,3200.0,Pista,120.0,200.0,COMUM,DOMINGO,FIM DE SEMANA,CHUVA LEVE,FEVEREIRO,-788.0
2429,2022-02-20,2022,AUDIO,SEPULTURA,MEDIAS CASAS,CASA DE SHOWS,THRASH METAL,61.0,2350848.0,False,3200.0,Camarote,240.0,200.0,LUXO,DOMINGO,FIM DE SEMANA,CHUVA LEVE,FEVEREIRO,0.0
2430,2022-02-20,2022,AUDIO,SEPULTURA,MEDIAS CASAS,CASA DE SHOWS,THRASH METAL,61.0,2350848.0,False,3200.0,Frontstage,240.0,200.0,VIP,DOMINGO,FIM DE SEMANA,CHUVA LEVE,FEVEREIRO,0.0
2431,2022-02-20,2022,AUDIO,SEPULTURA,MEDIAS CASAS,CASA DE SHOWS,THRASH METAL,61.0,2350848.0,False,3200.0,Pista,120.0,200.0,COMUM,DOMINGO,FIM DE SEMANA,CHUVA LEVE,FEVEREIRO,0.0
2432,2025-03-30,2025,AUTODROMO DE INTERLAGOS,SEPULTURA,ARENAS E ESTADIOS,AREA EXTERNA PARA EVENTOS,THRASH METAL,61.0,2350848.0,LOLLAPALOOZA,80000.0,Lolla Pista,1050.0,1678.1666666666667,COMUM,DOMINGO,FIM DE SEMANA,CHUVISCO LEVE,MARÇO,1134.0
2433,2025-03-30,2025,AUTODROMO DE INTERLAGOS,SEPULTURA,ARENAS E ESTADIOS,AREA EXTERNA PARA EVENTOS,THRASH METAL,61.0,2350848.0,LOLLAPALOOZA,80000.0,Lolla Lounge,2310.0,1678.1666666666667,LUXO,DOMINGO,FIM DE SEMANA,CHUVISCO LEVE,MARÇO,0.0
2434,2025-03-30,2025,AUTODROMO DE INTERLAGOS,SEPULTURA,ARENAS E ESTADIOS,AREA EXTERNA PARA EVENTOS,THRASH METAL,61.0,2350848.0,LOLLAPALOOZA,80000.0,Lolla Confort,1674.5,1678.1666666666667,VIP,DOMINGO,FIM DE SEMANA,CHUVISCO LEVE,MARÇO,0.0
2435,2025-03-30,2025,AUTODROMO DE INTERLAGOS,SEPULTURA,ARENAS E ESTADIOS,AREA EXTERNA PARA EVENTOS,THRASH METAL,61.0,2350848.0,LOLLAPALOOZA,80000.0,Lolla Pista,1050.0,1678.1666666666667,COMUM,DOMINGO,FIM DE SEMANA,CHUVISCO LEVE,MARÇO,0.0
2436,2023-04-29,2023,MEMORIAL DA AMERICA LATINA,SEPULTURA,GRANDES CASAS,AREA EXTERNA PARA EVENTOS,THRASH METAL,61.0,2350848.0,SUMMER BREEZE BRASIL,12500.0,Pista,400.0,533.3333333333334,COMUM,SABADO,FIM DE SEMANA,CHUVISCO MODERADO,ABRIL,-701.0
2437,2023-04-29,2023,MEMORIAL DA AMERICA LATINA,SEPULTURA,GRANDES CASAS,AREA EXTERNA PARA EVENTOS,THRASH METAL,61.0,2350848.0,SUMMER BREEZE BRASIL,12500.0,Pista Premium,600.0,533.3333333333334,VIP,SABADO,FIM DE SEMANA,CHUVISCO MODERADO,ABRIL,0.0
2438,2023-04-29,2023,MEMORIAL DA AMERICA LATINA,SEPULTURA,GRANDES CASAS,AREA EXTERNA PARA EVENTOS,THRASH METAL,61.0,2350848.0,SUMMER BREEZE BRASIL,12500.0,Mezanino ,600.0,533.3333333333334,INTERMEDIARIO,SABADO,FIM DE SEMANA,CHUVISCO MODERADO,ABRIL,0.0
2439,2023-04-29,2023,MEMORIAL DA AMERICA LATINA,SEPULTURA,GRANDES CASAS,AREA EXTERNA PARA EVENTOS,THRASH METAL,61.0,2350848.0,SUMMER BREEZE BRASIL,12500.0,Pista,400.0,533.3333333333334,COMUM,SABADO,FIM DE SEMANA,CHUVISCO MODERADO,ABRIL,0.0
2440,2022-12-18,2022,SAMBODROMO DO ANHEMBI,SEPULTURA,ARENAS E ESTADIOS,AREA EXTERNA PARA EVENTOS,THRASH METAL,61.0,2350848.0,False,45000.0,Pista,900.0,900.0,COMUM,DOMINGO,FIM DE SEMANA,CHUVISCO LEVE,DEZEMBRO,-132.0
2441,2022-12-18,2022,SAMBODROMO DO ANHEMBI,SEPULTURA,ARENAS E ESTADIOS,AREA EXTERNA PARA EVENTOS,THRASH METAL,61.0,2350848.0,False,45000.0,Pista,900.0,900.0,COMUM,DOMINGO,FIM DE SEMANA,CHUVISCO LEVE,DEZEMBRO,0.0
2442,2024-09-06,2024,ESPACO UNIMED,SEPULTURA,MEDIAS CASAS,CASA DE SHOWS,THRASH METAL,61.0,2350848.0,False,8000.0,Pista,150.0,340.0,COMUM,SEXTA-FEIRA,DIA UTIL,CHUVISCO LEVE,SETEMBRO,628.0
2443,2024-09-06,2024,ESPACO UNIMED,SEPULTURA,MEDIAS CASAS,CASA DE SHOWS,THRASH METAL,61.0,2350848.0,False,8000.0,Pista Premium,250.0,340.0,VIP,SEXTA-FEIRA,DIA UTIL,CHUVISCO LEVE,SETEMBRO,0.0
2444,2024-09-06,2024,ESPACO UNIMED,SEPULTURA,MEDIAS CASAS,CASA DE SHOWS,THRASH METAL,61.0,2350848.0,False,8000.0,Camarote,350.0,340.0,LUXO,SEXTA-FEIRA,DIA UTIL,CHUVISCO LEVE,SETEMBRO,0.0
2445,2024-09-06,2024,ESPACO UNIMED,SEPULTURA,MEDIAS CASAS,CASA DE SHOWS,THRASH METAL,61.0,2350848.0,False,8000.0,Early Entrance,650.0,340.0,VIP,SEXTA-FEIRA,DIA UTIL,CHUVISCO LEVE,SETEMBRO,0.0
2446,2024-09-06,2024,ESPACO UNIMED,SEPULTURA,MEDIAS CASAS,CASA DE SHOWS,THRASH METAL,61.0,2350848.0,False,8000.0,Mezanino ,300.0,340.0,INTERMEDIARIO,SEXTA-FEIRA,DIA UTIL,CHUVISCO LEVE,SETEMBRO,0.0
2447,2024-09-06,2024,ESPACO UNIMED,SEPULTURA,MEDIAS CASAS,CASA DE SHOWS,THRASH METAL,61.0,2350848.0,False,8000.0,Pista,150.0,340.0,COMUM,SEXTA-FEIRA,DIA UTIL,CHUVISCO LEVE,SETEMBRO,0.0
2448,2024-09-07,2024,ESPACO UNIMED,SEPULTURA,MEDIAS CASAS,CASA DE SHOWS,THRASH METAL,61.0,2350848.0,False,8000.0,Pista,150.0,340.0,COMUM,SABADO,FIM DE SEMANA,NUBLADO,SETEMBRO,1.0
2449,2024-09-07,2024,ESPACO UNIMED,SEPULTURA,MEDIAS CASAS,CASA DE SHOWS,THRASH METAL,61.0,2350848.0,False,8000.0,Pista Premium,250.0,340.0,VIP,SABADO,FIM DE SEMANA,NUBLADO,SETEMBRO,0.0
2450,2024-09-07,2024,ESPACO UNIMED,SEPULTURA,MEDIAS CASAS,CASA DE SHOWS,THRASH METAL,61.0,2350848.0,False,8000.0,Camarote,350.0,340.0,LUXO,SABADO,FIM DE SEMANA,NUBLADO,SETEMBRO,0.0
2451,2024-09-07,2024,ESPACO UNIMED,SEPULTURA,MEDIAS CASAS,CASA DE SHOWS,THRASH METAL,61.0,2350848.0,False,8000.0,Early Entrance,650.0,340.0,VIP,SABADO,FIM DE SEMANA,NUBLADO,SETEMBRO,0.0
2452,2024-09-07,2024,ESPACO UNIMED,SEPULTURA,MEDIAS CASAS,CASA DE SHOWS,THRASH METAL,61.0,2350848.0,False,8000.0,Mezanino ,300.0,340.0,INTERMEDIARIO,SABADO,FIM DE SEMANA,NUBLADO,SETEMBRO,0.0
2453,2024-09-07,2024,ESPACO UNIMED,SEPULTURA,MEDIAS CASAS,CASA DE SHOWS,THRASH METAL,61.0,2350848.0,False,8000.0,Pista,150.0,340.0,COMUM,SABADO,FIM DE SEMANA,NUBLADO,SETEMBRO,0.0
2454,2024-09-08,2024,ESPACO UNIMED,SEPULTURA,MEDIAS CASAS,CASA DE SHOWS,THRASH METAL,61.0,2350848.0,False,8000.0,Pista,150.0,340.0,COMUM,DOMINGO,FIM DE SEMANA,PREDOMINANTEMENTE LIMPO,SETEMBRO,1.0
2455,2024-09-08,2024,ESPACO UNIMED,SEPULTURA,MEDIAS CASAS,CASA DE SHOWS,THRASH METAL,61.0,2350848.0,False,8000.0,Pista Premium,250.0,340.0,VIP,DOMINGO,FIM DE SEMANA,PREDOMINANTEMENTE LIMPO,SETEMBRO,0.0
2456,2024-09-08,2024,ESPACO UNIMED,SEPULTURA,MEDIAS CASAS,CASA DE SHOWS,THRASH METAL,61.0,2350848.0,False,8000.0,Camarote,350.0,340.0,LUXO,DOMINGO,FIM DE SEMANA,PREDOMINANTEMENTE LIMPO,SETEMBRO,0.0
2457,2024-09-08,2024,ESPACO UNIMED,SEPULTURA,MEDIAS CASAS,CASA DE SHOWS,THRASH METAL,61.0,2350848.0,False,8000.0,Early Entrance,650.0,340.0,VIP,DOMINGO,FIM DE SEMANA,PREDOMINANTEMENTE LIMPO,SETEMBRO,0.0
2458,2024-09-08,2024,ESPACO UNIMED,SEPULTURA,MEDIAS CASAS,CASA DE SHOWS,THRASH METAL,61.0,2350848.0,False,8000.0,Mezanino ,300.0,340.0,INTERMEDIARIO,DOMINGO,FIM DE SEMANA,PREDOMINANTEMENTE LIMPO,SETEMBRO,0.0
2459,2024-09-08,2024,ESPACO UNIMED,SEPULTURA,MEDIAS CASAS,CASA DE SHOWS,THRASH METAL,61.0,2350848.0,False,8000.0,Pista,150.0,340.0,COMUM,DOMINGO,FIM DE SEMANA,PREDOMINANTEMENTE LIMPO,SETEMBRO,0.0
2460,2025-05-04,2025,ESPACO UNIMED,SIMPLE MINDS,MEDIAS CASAS,CASA DE SHOWS,NEW WAVE,66.0,2347469.0,False,3500.0,Pista,390.0,655.0,COMUM,DOMINGO,FIM DE SEMANA,NUBLADO,MAIO,1020.0
2461,2025-05-04,2025,ESPACO UNIMED,SIMPLE MINDS,MEDIAS CASAS,CASA DE SHOWS,NEW WAVE,66.0,2347469.0,False,3500.0,Pista Premium,680.0,655.0,VIP,DOMINGO,FIM DE SEMANA,NUBLADO,MAIO,0.0
2462,2025-05-04,2025,ESPACO UNIMED,SIMPLE MINDS,MEDIAS CASAS,CASA DE SHOWS,NEW WAVE,66.0,2347469.0,False,3500.0,Camarote,830.0,655.0,LUXO,DOMINGO,FIM DE SEMANA,NUBLADO,MAIO,0.0
2463,2025-05-04,2025,ESPACO UNIMED,SIMPLE MINDS,MEDIAS CASAS,CASA DE SHOWS,NEW WAVE,66.0,2347469.0,False,3500.0,Mezanino ,720.0,655.0,INTERMEDIARIO,DOMINGO,FIM DE SEMANA,NUBLADO,MAIO,0.0
2464,2023-01-28,2023,AUDIO,BK,MEDIAS CASAS,CASA DE SHOWS,BRAZILIAN HIP HOP,74.0,2335530.0,False,2500.0,Pista,80.0,80.0,COMUM,SABADO,FIM DE SEMANA,CHUVA MODERADA,JANEIRO,-1026.0
2465,2023-01-28,2023,AUDIO,BK,MEDIAS CASAS,CASA DE SHOWS,BRAZILIAN HIP HOP,74.0,2335530.0,False,2500.0,Pista,80.0,80.0,COMUM,SABADO,FIM DE SEMANA,CHUVA MODERADA,JANEIRO,0.0
2466,2024-03-23,2024,AUTODROMO DE INTERLAGOS,BK,ARENAS E ESTADIOS,AREA EXTERNA PARA EVENTOS,BRAZILIAN HIP HOP,74.0,2335530.0,LOLLAPALOOZA,80000.0,Lolla Pista,1100.0,1700.0,COMUM,SABADO,FIM DE SEMANA,CHUVISCO INTENSO,MARÇO,420.0
2467,2024-03-23,2024,AUTODROMO DE INTERLAGOS,BK,ARENAS E ESTADIOS,AREA EXTERNA PARA EVENTOS,BRAZILIAN HIP HOP,74.0,2335530.0,LOLLAPALOOZA,80000.0,Lolla Lounge,2250.0,1700.0,LUXO,SABADO,FIM DE SEMANA,CHUVISCO INTENSO,MARÇO,0.0
2468,2024-03-23,2024,AUTODROMO DE INTERLAGOS,BK,ARENAS E ESTADIOS,AREA EXTERNA PARA EVENTOS,BRAZILIAN HIP HOP,74.0,2335530.0,LOLLAPALOOZA,80000.0,Lolla Confort,1750.0,1700.0,VIP,SABADO,FIM DE SEMANA,CHUVISCO INTENSO,MARÇO,0.0
2469,2024-03-23,2024,AUTODROMO DE INTERLAGOS,BK,ARENAS E ESTADIOS,AREA EXTERNA PARA EVENTOS,BRAZILIAN HIP HOP,74.0,2335530.0,LOLLAPALOOZA,80000.0,Lolla Pista,1100.0,1700.0,COMUM,SABADO,FIM DE SEMANA,CHUVISCO INTENSO,MARÇO,0.0
2470,2022-09-17,2022,MEMORIAL DA AMERICA LATINA,BK,GRANDES CASAS,AREA EXTERNA PARA EVENTOS,BRAZILIAN HIP HOP,74.0,2335530.0,COALA FESTIVAL,8000.0,Pista,200.0,322.5,COMUM,SABADO,FIM DE SEMANA,CHUVISCO LEVE,SETEMBRO,-553.0
2471,2022-09-17,2022,MEMORIAL DA AMERICA LATINA,BK,GRANDES CASAS,AREA EXTERNA PARA EVENTOS,BRAZILIAN HIP HOP,74.0,2335530.0,COALA FESTIVAL,8000.0,Pista Premium,380.0,322.5,VIP,SABADO,FIM DE SEMANA,CHUVISCO LEVE,SETEMBRO,0.0
2472,2022-09-17,2022,MEMORIAL DA AMERICA LATINA,BK,GRANDES CASAS,AREA EXTERNA PARA EVENTOS,BRAZILIAN HIP HOP,74.0,2335530.0,COALA FESTIVAL,8000.0,Camarote,430.0,322.5,LUXO,SABADO,FIM DE SEMANA,CHUVISCO LEVE,SETEMBRO,0.0
2473,2022-09-17,2022,MEMORIAL DA AMERICA LATINA,BK,GRANDES CASAS,AREA EXTERNA PARA EVENTOS,BRAZILIAN HIP HOP,74.0,2335530.0,COALA FESTIVAL,8000.0,Cadeira Inferior,280.0,322.5,INTERMEDIARIO,SABADO,FIM DE SEMANA,CHUVISCO LEVE,SETEMBRO,0.0
2474,2022-09-17,2022,MEMORIAL DA AMERICA LATINA,BK,GRANDES CASAS,AREA EXTERNA PARA EVENTOS,BRAZILIAN HIP HOP,74.0,2335530.0,COALA FESTIVAL,8000.0,Pista,200.0,322.5,COMUM,SABADO,FIM DE SEMANA,CHUVISCO LEVE,SETEMBRO,0.0
2475,2025-09-07,2025,MEMORIAL DA AMERICA LATINA,BK,GRANDES CASAS,AREA EXTERNA PARA EVENTOS,BRAZILIAN HIP HOP,74.0,2335530.0,COALA FESTIVAL,15000.0,Pista,720.0,720.0,COMUM,DOMINGO,FIM DE SEMANA,CHUVISCO LEVE,SETEMBRO,1086.0
2476,2025-09-07,2025,MEMORIAL DA AMERICA LATINA,BK,GRANDES CASAS,AREA EXTERNA PARA EVENTOS,BRAZILIAN HIP HOP,74.0,2335530.0,COALA FESTIVAL,15000.0,Pista,720.0,720.0,COMUM,DOMINGO,FIM DE SEMANA,CHUVISCO LEVE,SETEMBRO,0.0
2477,2022-06-18,2022,SAMBODROMO DO ANHEMBI,BK,ARENAS E ESTADIOS,AREA EXTERNA PARA EVENTOS,BRAZILIAN HIP HOP,74.0,2335530.0,False,34000.0,Pista,440.0,440.0,COMUM,SABADO,FIM DE SEMANA,CHUVA MODERADA,JUNHO,-1177.0
2478,2022-06-18,2022,SAMBODROMO DO ANHEMBI,BK,ARENAS E ESTADIOS,AREA EXTERNA PARA EVENTOS,BRAZILIAN HIP HOP,74.0,2335530.0,False,34000.0,Pista,440.0,440.0,COMUM,SABADO,FIM DE SEMANA,CHUVA MODERADA,JUNHO,0.0
2479,2023-04-02,2023,ESPACO UNIMED,BK,MEDIAS CASAS,CASA DE SHOWS,BRAZILIAN HIP HOP,74.0,2335530.0,False,7500.0,Pista,440.0,540.0,COMUM,DOMINGO,FIM DE SEMANA,CHUVISCO LEVE,ABRIL,288.0
2480,2023-04-02,2023,ESPACO UNIMED,BK,MEDIAS CASAS,CASA DE SHOWS,BRAZILIAN HIP HOP,74.0,2335530.0,False,7500.0,Pista Premium,640.0,540.0,VIP,DOMINGO,FIM DE SEMANA,CHUVISCO LEVE,ABRIL,0.0
2481,2023-04-02,2023,ESPACO UNIMED,BK,MEDIAS CASAS,CASA DE SHOWS,BRAZILIAN HIP HOP,74.0,2335530.0,False,7500.0,Pista,440.0,540.0,COMUM,DOMINGO,FIM DE SEMANA,CHUVISCO LEVE,ABRIL,0.0
2482,2025-07-13,2025,ESPACO UNIMED,BK,MEDIAS CASAS,CASA DE SHOWS,BRAZILIAN HIP HOP,74.0,2335530.0,False,8000.0,Pista,200.0,225.0,COMUM,DOMINGO,FIM DE SEMANA,NUBLADO,JULHO,833.0
2483,2025-07-13,2025,ESPACO UNIMED,BK,MEDIAS CASAS,CASA DE SHOWS,BRAZILIAN HIP HOP,74.0,2335530.0,False,8000.0,Mezanino ,250.0,225.0,INTERMEDIARIO,DOMINGO,FIM DE SEMANA,NUBLADO,JULHO,0.0
2484,2025-07-13,2025,ESPACO UNIMED,BK,MEDIAS CASAS,CASA DE SHOWS,BRAZILIAN HIP HOP,74.0,2335530.0,False,8000.0,Pista,200.0,225.0,COMUM,DOMINGO,FIM DE SEMANA,NUBLADO,JULHO,0.0
2485,2024-03-24,2024,AUTODROMO DE INTERLAGOS,MC DANIEL,ARENAS E ESTADIOS,AREA EXTERNA PARA EVENTOS,BRAZILIAN FUNK,67.0,2328258.0,LOLLAPALOOZA,80000.0,Lolla Pista,1100.0,1700.0,COMUM,DOMINGO,FIM DE SEMANA,CHUVA LEVE,MARÇO,400.0
2486,2024-03-24,2024,AUTODROMO DE INTERLAGOS,MC DANIEL,ARENAS E ESTADIOS,AREA EXTERNA PARA EVENTOS,BRAZILIAN FUNK,67.0,2328258.0,LOLLAPALOOZA,80000.0,Lolla Lounge,2250.0,1700.0,LUXO,DOMINGO,FIM DE SEMANA,CHUVA LEVE,MARÇO,0.0
2487,2024-03-24,2024,AUTODROMO DE INTERLAGOS,MC DANIEL,ARENAS E ESTADIOS,AREA EXTERNA PARA EVENTOS,BRAZILIAN FUNK,67.0,2328258.0,LOLLAPALOOZA,80000.0,Lolla Confort,1750.0,1700.0,VIP,DOMINGO,FIM DE SEMANA,CHUVA LEVE,MARÇO,0.0
2488,2024-03-24,2024,AUTODROMO DE INTERLAGOS,MC DANIEL,ARENAS E ESTADIOS,AREA EXTERNA PARA EVENTOS,BRAZILIAN FUNK,67.0,2328258.0,LOLLAPALOOZA,80000.0,Lolla Pista,1100.0,1700.0,COMUM,DOMINGO,FIM DE SEMANA,CHUVA LEVE,MARÇO,0.0
2489,2024-06-09,2024,ALLIANZ PARQUE,MC DANIEL,ARENAS E ESTADIOS,ESTADIO MULTIUSO,BRAZILIAN FUNK,67.0,2328258.0,False,21188.0,Pista,250.0,464.0,COMUM,DOMINGO,FIM DE SEMANA,NUBLADO,JUNHO,77.0
2490,2024-06-09,2024,ALLIANZ PARQUE,MC DANIEL,ARENAS E ESTADIOS,ESTADIO MULTIUSO,BRAZILIAN FUNK,67.0,2328258.0,False,21188.0,Pista Premium,490.0,464.0,VIP,DOMINGO,FIM DE SEMANA,NUBLADO,JUNHO,0.0
2491,2024-06-09,2024,ALLIANZ PARQUE,MC DANIEL,ARENAS E ESTADIOS,ESTADIO MULTIUSO,BRAZILIAN FUNK,67.0,2328258.0,False,21188.0,Cadeira Inferior,290.0,464.0,INTERMEDIARIO,DOMINGO,FIM DE SEMANA,NUBLADO,JUNHO,0.0
2492,2024-06-09,2024,ALLIANZ PARQUE,MC DANIEL,ARENAS E ESTADIOS,ESTADIO MULTIUSO,BRAZILIAN FUNK,67.0,2328258.0,False,21188.0,Cadeira Superior,100.0,464.0,INTERMEDIARIO,DOMINGO,FIM DE SEMANA,NUBLADO,JUNHO,0.0
2493,2024-06-09,2024,ALLIANZ PARQUE,MC DANIEL,ARENAS E ESTADIOS,ESTADIO MULTIUSO,BRAZILIAN FUNK,67.0,2328258.0,False,21188.0,VIP I,1190.0,464.0,VIP,DOMINGO,FIM DE SEMANA,NUBLADO,JUNHO,0.0
2494,2024-06-09,2024,ALLIANZ PARQUE,MC DANIEL,ARENAS E ESTADIOS,ESTADIO MULTIUSO,BRAZILIAN FUNK,67.0,2328258.0,False,21188.0,Pista,250.0,464.0,COMUM,DOMINGO,FIM DE SEMANA,NUBLADO,JUNHO,0.0
2495,2025-03-28,2025,AUTODROMO DE INTERLAGOS,RUFUS DU SOL,ARENAS E ESTADIOS,AREA EXTERNA PARA EVENTOS,LATIN ROCK,75.0,2327239.0,LOLLAPALOOZA,80000.0,Lolla Pista,1050.0,1678.1666666666667,COMUM,SEXTA-FEIRA,DIA UTIL,CHUVA LEVE,MARÇO,999.0
2496,2025-03-28,2025,AUTODROMO DE INTERLAGOS,RUFUS DU SOL,ARENAS E ESTADIOS,AREA EXTERNA PARA EVENTOS,LATIN ROCK,75.0,2327239.0,LOLLAPALOOZA,80000.0,Lolla Lounge,2310.0,1678.1666666666667,LUXO,SEXTA-FEIRA,DIA UTIL,CHUVA LEVE,MARÇO,0.0
2497,2025-03-28,2025,AUTODROMO DE INTERLAGOS,RUFUS DU SOL,ARENAS E ESTADIOS,AREA EXTERNA PARA EVENTOS,LATIN ROCK,75.0,2327239.0,LOLLAPALOOZA,80000.0,Lolla Confort,1674.5,1678.1666666666667,VIP,SEXTA-FEIRA,DIA UTIL,CHUVA LEVE,MARÇO,0.0
2498,2023-04-29,2023,MEMORIAL DA AMERICA LATINA,LAMB OF GOD,GRANDES CASAS,AREA EXTERNA PARA EVENTOS,GROOVE METAL,63.0,2317152.0,SUMMER BREEZE BRASIL,12500.0,Pista,400.0,533.3333333333334,COMUM,SABADO,FIM DE SEMANA,CHUVISCO MODERADO,ABRIL,135.0
2499,2023-04-29,2023,MEMORIAL DA AMERICA LATINA,LAMB OF GOD,GRANDES CASAS,AREA EXTERNA PARA EVENTOS,GROOVE METAL,63.0,2317152.0,SUMMER BREEZE BRASIL,12500.0,Pista Premium,600.0,533.3333333333334,VIP,SABADO,FIM DE SEMANA,CHUVISCO MODERADO,ABRIL,0.0
2500,2023-04-29,2023,MEMORIAL DA AMERICA LATINA,LAMB OF GOD,GRANDES CASAS,AREA EXTERNA PARA EVENTOS,GROOVE METAL,63.0,2317152.0,SUMMER BREEZE BRASIL,12500.0,Mezanino ,600.0,533.3333333333334,INTERMEDIARIO,SABADO,FIM DE SEMANA,CHUVISCO MODERADO,ABRIL,0.0
2501,2022-04-29,2022,ESPACO DAS AMERICAS,LULU SANTOS,MEDIAS CASAS,CASA DE SHOWS,MPB,63.0,2308935.0,False,6500.0,Pista,120.0,233.33333333333331,COMUM,SEXTA-FEIRA,DIA UTIL,CHUVA MODERADA,ABRIL,-577.0
2502,2022-04-29,2022,ESPACO DAS AMERICAS,LULU SANTOS,MEDIAS CASAS,CASA DE SHOWS,MPB,63.0,2308935.0,False,6500.0,Pista Premium,280.0,233.33333333333331,VIP,SEXTA-FEIRA,DIA UTIL,CHUVA MODERADA,ABRIL,0.0
2503,2022-04-29,2022,ESPACO DAS AMERICAS,LULU SANTOS,MEDIAS CASAS,CASA DE SHOWS,MPB,63.0,2308935.0,False,6500.0,Camarote,300.0,233.33333333333331,LUXO,SEXTA-FEIRA,DIA UTIL,CHUVA MODERADA,ABRIL,0.0
2504,2024-09-07,2024,MEMORIAL DA AMERICA LATINA,LULU SANTOS,GRANDES CASAS,AREA EXTERNA PARA EVENTOS,MPB,63.0,2308935.0,False,15000.0,Pista,320.0,320.0,COMUM,SABADO,FIM DE SEMANA,NUBLADO,SETEMBRO,862.0
2505,2023-11-10,2023,TOKIO MARINE HALL,LULU SANTOS,MEDIAS CASAS,CASA DE SHOWS,MPB,63.0,2308935.0,False,3800.0,Pista,160.0,310.0,COMUM,SEXTA-FEIRA,DIA UTIL,CHUVA FORTE,NOVEMBRO,-302.0
2506,2023-11-10,2023,TOKIO MARINE HALL,LULU SANTOS,MEDIAS CASAS,CASA DE SHOWS,MPB,63.0,2308935.0,False,3800.0,Pista Premium,350.0,310.0,VIP,SEXTA-FEIRA,DIA UTIL,CHUVA FORTE,NOVEMBRO,0.0
2507,2023-11-10,2023,TOKIO MARINE HALL,LULU SANTOS,MEDIAS CASAS,CASA DE SHOWS,MPB,63.0,2308935.0,False,3800.0,Camarote,420.0,310.0,LUXO,SEXTA-FEIRA,DIA UTIL,CHUVA FORTE,NOVEMBRO,0.0
2508,2024-11-22,2024,TOKIO MARINE HALL,LULU SANTOS,MEDIAS CASAS,CASA DE SHOWS,MPB,63.0,2308935.0,False,4000.0,Pista,220.0,340.0,COMUM,SEXTA-FEIRA,DIA UTIL,CHUVISCO MODERADO,NOVEMBRO,378.0
2509,2024-11-22,2024,TOKIO MARINE HALL,LULU SANTOS,MEDIAS CASAS,CASA DE SHOWS,MPB,63.0,2308935.0,False,4000.0,Camarote,460.0,340.0,LUXO,SEXTA-FEIRA,DIA UTIL,CHUVISCO MODERADO,NOVEMBRO,0.0
2510,2023-06-03,2023,ESPACO UNIMED,LULU SANTOS,MEDIAS CASAS,CASA DE SHOWS,MPB,63.0,2308935.0,False,0.0,Pista,140.0,260.0,COMUM,SABADO,FIM DE SEMANA,NUBLADO,JUNHO,-538.0
2511,2023-06-03,2023,ESPACO UNIMED,LULU SANTOS,MEDIAS CASAS,CASA DE SHOWS,MPB,63.0,2308935.0,False,0.0,Pista Premium,320.0,260.0,VIP,SABADO,FIM DE SEMANA,NUBLADO,JUNHO,0.0
2512,2023-06-03,2023,ESPACO UNIMED,LULU SANTOS,MEDIAS CASAS,CASA DE SHOWS,MPB,63.0,2308935.0,False,0.0,Camarote,320.0,260.0,LUXO,SABADO,FIM DE SEMANA,NUBLADO,JUNHO,0.0
2513,2023-06-03,2023,ESPACO UNIMED,LULU SANTOS,MEDIAS CASAS,CASA DE SHOWS,MPB,63.0,2308935.0,False,0.0,Cadeira Inferior,260.0,260.0,INTERMEDIARIO,SABADO,FIM DE SEMANA,NUBLADO,JUNHO,0.0
2514,2024-05-04,2024,ESPACO UNIMED,LULU SANTOS,MEDIAS CASAS,CASA DE SHOWS,MPB,63.0,2308935.0,False,7452.542372881356,Pista,140.0,260.0,COMUM,SABADO,FIM DE SEMANA,PREDOMINANTEMENTE LIMPO,MAIO,336.0
2515,2024-05-04,2024,ESPACO UNIMED,LULU SANTOS,MEDIAS CASAS,CASA DE SHOWS,MPB,63.0,2308935.0,False,7452.542372881356,Pista Premium,320.0,260.0,VIP,SABADO,FIM DE SEMANA,PREDOMINANTEMENTE LIMPO,MAIO,0.0
2516,2024-05-04,2024,ESPACO UNIMED,LULU SANTOS,MEDIAS CASAS,CASA DE SHOWS,MPB,63.0,2308935.0,False,7452.542372881356,Camarote,320.0,260.0,LUXO,SABADO,FIM DE SEMANA,PREDOMINANTEMENTE LIMPO,MAIO,0.0
2517,2024-05-04,2024,ESPACO UNIMED,LULU SANTOS,MEDIAS CASAS,CASA DE SHOWS,MPB,63.0,2308935.0,False,7452.542372881356,Cadeira Inferior,260.0,260.0,INTERMEDIARIO,SABADO,FIM DE SEMANA,PREDOMINANTEMENTE LIMPO,MAIO,0.0
2518,2023-03-26,2023,AUTODROMO DE INTERLAGOS,FRED AGAIN..,ARENAS E ESTADIOS,AREA EXTERNA PARA EVENTOS,STUTTER HOUSE,80.0,2258180.0,LOLLAPALOOZA,100750.0,Lolla Pista,1100.0,1706.6666666666667,COMUM,DOMINGO,FIM DE SEMANA,CHUVISCO MODERADO,MARÇO,999.0
2519,2023-03-26,2023,AUTODROMO DE INTERLAGOS,FRED AGAIN..,ARENAS E ESTADIOS,AREA EXTERNA PARA EVENTOS,STUTTER HOUSE,80.0,2258180.0,LOLLAPALOOZA,100750.0,Lolla Lounge,2250.0,1706.6666666666667,LUXO,DOMINGO,FIM DE SEMANA,CHUVISCO MODERADO,MARÇO,0.0
2520,2023-03-26,2023,AUTODROMO DE INTERLAGOS,FRED AGAIN..,ARENAS E ESTADIOS,AREA EXTERNA PARA EVENTOS,STUTTER HOUSE,80.0,2258180.0,LOLLAPALOOZA,100750.0,Lolla Confort,1770.0,1706.6666666666667,VIP,DOMINGO,FIM DE SEMANA,CHUVISCO MODERADO,MARÇO,0.0
2521,2023-04-30,2023,SAMBODROMO DO ANHEMBI,VITOR FERNANDES,ARENAS E ESTADIOS,AREA EXTERNA PARA EVENTOS,PISEIRO,60.0,2219505.0,False,20000.0,Pista,120.0,2093.333333333333,COMUM,DOMINGO,FIM DE SEMANA,CHUVISCO LEVE,ABRIL,-475.0
2522,2023-04-30,2023,SAMBODROMO DO ANHEMBI,VITOR FERNANDES,ARENAS E ESTADIOS,AREA EXTERNA PARA EVENTOS,PISEIRO,60.0,2219505.0,False,20000.0,Pista Premium,160.0,2093.333333333333,VIP,DOMINGO,FIM DE SEMANA,CHUVISCO LEVE,ABRIL,0.0
2523,2023-04-30,2023,SAMBODROMO DO ANHEMBI,VITOR FERNANDES,ARENAS E ESTADIOS,AREA EXTERNA PARA EVENTOS,PISEIRO,60.0,2219505.0,False,20000.0,Camarote,6000.0,2093.333333333333,LUXO,DOMINGO,FIM DE SEMANA,CHUVISCO LEVE,ABRIL,0.0
2524,2024-08-17,2024,DISTRITO ANHEMBI,VITOR FERNANDES,GRANDES CASAS,AREA EXTERNA PARA EVENTOS,PISEIRO,60.0,2219505.0,False,24000.0,Pista,590.0,1003.5,COMUM,SABADO,FIM DE SEMANA,CEU LIMPO,AGOSTO,475.0
2525,2024-08-17,2024,DISTRITO ANHEMBI,VITOR FERNANDES,GRANDES CASAS,AREA EXTERNA PARA EVENTOS,PISEIRO,60.0,2219505.0,False,24000.0,Pista Premium,920.0,1003.5,VIP,SABADO,FIM DE SEMANA,CEU LIMPO,AGOSTO,0.0
2526,2024-08-17,2024,DISTRITO ANHEMBI,VITOR FERNANDES,GRANDES CASAS,AREA EXTERNA PARA EVENTOS,PISEIRO,60.0,2219505.0,False,24000.0,Cadeira Inferior,720.0,1003.5,INTERMEDIARIO,SABADO,FIM DE SEMANA,CEU LIMPO,AGOSTO,0.0
2527,2024-08-17,2024,DISTRITO ANHEMBI,VITOR FERNANDES,GRANDES CASAS,AREA EXTERNA PARA EVENTOS,PISEIRO,60.0,2219505.0,False,24000.0,Cadeira Superior,750.0,1003.5,INTERMEDIARIO,SABADO,FIM DE SEMANA,CEU LIMPO,AGOSTO,0.0
2528,2024-08-17,2024,DISTRITO ANHEMBI,VITOR FERNANDES,GRANDES CASAS,AREA EXTERNA PARA EVENTOS,PISEIRO,60.0,2219505.0,False,24000.0,Arquibancada,460.0,1003.5,COMUM,SABADO,FIM DE SEMANA,CEU LIMPO,AGOSTO,0.0
2529,2024-08-17,2024,DISTRITO ANHEMBI,VITOR FERNANDES,GRANDES CASAS,AREA EXTERNA PARA EVENTOS,PISEIRO,60.0,2219505.0,False,24000.0,Early Entrance,2581.0,1003.5,VIP,SABADO,FIM DE SEMANA,CEU LIMPO,AGOSTO,0.0
2530,2022-04-23,2022,ESPACO DAS AMERICAS,IVETE SANGALO,MEDIAS CASAS,CASA DE SHOWS,AXE,65.0,2218645.0,False,8000.0,Pista,100.0,245.0,COMUM,SABADO,FIM DE SEMANA,NUBLADO,ABRIL,999.0
2531,2022-04-23,2022,ESPACO DAS AMERICAS,IVETE SANGALO,MEDIAS CASAS,CASA DE SHOWS,AXE,65.0,2218645.0,False,8000.0,Pista Premium,220.0,245.0,VIP,SABADO,FIM DE SEMANA,NUBLADO,ABRIL,0.0
2532,2022-04-23,2022,ESPACO DAS AMERICAS,IVETE SANGALO,MEDIAS CASAS,CASA DE SHOWS,AXE,65.0,2218645.0,False,8000.0,Camarote,360.0,245.0,LUXO,SABADO,FIM DE SEMANA,NUBLADO,ABRIL,0.0
2533,2022-04-23,2022,ESPACO DAS AMERICAS,IVETE SANGALO,MEDIAS CASAS,CASA DE SHOWS,AXE,65.0,2218645.0,False,8000.0,Mezanino ,300.0,245.0,INTERMEDIARIO,SABADO,FIM DE SEMANA,NUBLADO,ABRIL,0.0
2534,2022-04-23,2022,ESPACO DAS AMERICAS,IVETE SANGALO,MEDIAS CASAS,CASA DE SHOWS,AXE,65.0,2218645.0,False,8000.0,Pista,100.0,245.0,COMUM,SABADO,FIM DE SEMANA,NUBLADO,ABRIL,0.0
2535,2025-09-13,2025,AUTODROMO DE INTERLAGOS,IVETE SANGALO,ARENAS E ESTADIOS,AREA EXTERNA PARA EVENTOS,AXE,65.0,2218645.0,THE TOWN,78000.0,Pista,975.0,975.0,COMUM,SABADO,FIM DE SEMANA,NUBLADO,SETEMBRO,1239.0
2536,2025-09-13,2025,AUTODROMO DE INTERLAGOS,IVETE SANGALO,ARENAS E ESTADIOS,AREA EXTERNA PARA EVENTOS,AXE,65.0,2218645.0,THE TOWN,78000.0,Pista,975.0,975.0,COMUM,SABADO,FIM DE SEMANA,NUBLADO,SETEMBRO,0.0
2537,2022-06-16,2022,ARENA ANHEMBI,IVETE SANGALO,GRANDES CASAS,AREA EXTERNA PARA EVENTOS,AXE,65.0,2218645.0,False,20000.0,Pista,200.0,250.0,COMUM,QUINTA-FEIRA,FERIADO NACIONAL,NUBLADO,JUNHO,-1185.0
2538,2022-06-16,2022,ARENA ANHEMBI,IVETE SANGALO,GRANDES CASAS,AREA EXTERNA PARA EVENTOS,AXE,65.0,2218645.0,False,20000.0,Camarote,300.0,250.0,LUXO,QUINTA-FEIRA,FERIADO NACIONAL,NUBLADO,JUNHO,0.0
2539,2022-06-16,2022,ARENA ANHEMBI,IVETE SANGALO,GRANDES CASAS,AREA EXTERNA PARA EVENTOS,AXE,65.0,2218645.0,False,20000.0,Pista,200.0,250.0,COMUM,QUINTA-FEIRA,FERIADO NACIONAL,NUBLADO,JUNHO,0.0
2540,2023-09-30,2023,ALLIANZ PARQUE,IVETE SANGALO,ARENAS E ESTADIOS,ESTADIO MULTIUSO,AXE,65.0,2218645.0,False,30160.0,Pista,680.0,720.0,COMUM,SABADO,FIM DE SEMANA,CHUVA MODERADA,SETEMBRO,471.0
2541,2023-09-30,2023,ALLIANZ PARQUE,IVETE SANGALO,ARENAS E ESTADIOS,ESTADIO MULTIUSO,AXE,65.0,2218645.0,False,30160.0,Pista Premium,840.0,720.0,VIP,SABADO,FIM DE SEMANA,CHUVA MODERADA,SETEMBRO,0.0
2542,2023-09-30,2023,ALLIANZ PARQUE,IVETE SANGALO,ARENAS E ESTADIOS,ESTADIO MULTIUSO,AXE,65.0,2218645.0,False,30160.0,Camarote,1100.0,720.0,LUXO,SABADO,FIM DE SEMANA,CHUVA MODERADA,SETEMBRO,0.0
2543,2023-09-30,2023,ALLIANZ PARQUE,IVETE SANGALO,ARENAS E ESTADIOS,ESTADIO MULTIUSO,AXE,65.0,2218645.0,False,30160.0,Cadeira Inferior,660.0,720.0,INTERMEDIARIO,SABADO,FIM DE SEMANA,CHUVA MODERADA,SETEMBRO,0.0
2544,2023-09-30,2023,ALLIANZ PARQUE,IVETE SANGALO,ARENAS E ESTADIOS,ESTADIO MULTIUSO,AXE,65.0,2218645.0,False,30160.0,Cadeira Superior,320.0,720.0,INTERMEDIARIO,SABADO,FIM DE SEMANA,CHUVA MODERADA,SETEMBRO,0.0
2545,2023-09-30,2023,ALLIANZ PARQUE,IVETE SANGALO,ARENAS E ESTADIOS,ESTADIO MULTIUSO,AXE,65.0,2218645.0,False,30160.0,Pista,680.0,720.0,COMUM,SABADO,FIM DE SEMANA,CHUVA MODERADA,SETEMBRO,0.0
2546,2025-10-25,2025,JOCKEY CLUB,IVETE SANGALO,MEDIAS CASAS,CENTRO DE EVENTOS,AXE,65.0,2218645.0,False,10000.0,Pista,380.0,556.6666666666666,COMUM,SABADO,FIM DE SEMANA,NUBLADO,OUTUBRO,756.0
2547,2025-10-25,2025,JOCKEY CLUB,IVETE SANGALO,MEDIAS CASAS,CENTRO DE EVENTOS,AXE,65.0,2218645.0,False,10000.0,Pista Premium,720.0,556.6666666666666,VIP,SABADO,FIM DE SEMANA,NUBLADO,OUTUBRO,0.0
2548,2025-10-25,2025,JOCKEY CLUB,IVETE SANGALO,MEDIAS CASAS,CENTRO DE EVENTOS,AXE,65.0,2218645.0,False,10000.0,Open Bar,570.0,556.6666666666666,VIP,SABADO,FIM DE SEMANA,NUBLADO,OUTUBRO,0.0
2549,2025-10-25,2025,JOCKEY CLUB,IVETE SANGALO,MEDIAS CASAS,CENTRO DE EVENTOS,AXE,65.0,2218645.0,False,10000.0,Pista,380.0,556.6666666666666,COMUM,SABADO,FIM DE SEMANA,NUBLADO,OUTUBRO,0.0
2550,2023-06-08,2023,SAMBODROMO DO ANHEMBI,IVETE SANGALO,ARENAS E ESTADIOS,AREA EXTERNA PARA EVENTOS,AXE,65.0,2218645.0,False,17000.0,Pista,200.0,200.0,COMUM,QUINTA-FEIRA,FERIADO NACIONAL,NUBLADO,JUNHO,-870.0
2551,2023-06-08,2023,SAMBODROMO DO ANHEMBI,IVETE SANGALO,ARENAS E ESTADIOS,AREA EXTERNA PARA EVENTOS,AXE,65.0,2218645.0,False,17000.0,Pista,200.0,200.0,COMUM,QUINTA-FEIRA,FERIADO NACIONAL,NUBLADO,JUNHO,0.0
2552,2025-08-21,2025,SUHAI MUSIC HALL,IVETE SANGALO,MEDIAS CASAS,CASA DE SHOWS,AXE,65.0,2218645.0,False,9000.0,Pista,380.0,556.6666666666666,COMUM,QUINTA-FEIRA,DIA UTIL,CHUVISCO LEVE,AGOSTO,805.0
2553,2025-08-21,2025,SUHAI MUSIC HALL,IVETE SANGALO,MEDIAS CASAS,CASA DE SHOWS,AXE,65.0,2218645.0,False,9000.0,Pista Premium,720.0,556.6666666666666,VIP,QUINTA-FEIRA,DIA UTIL,CHUVISCO LEVE,AGOSTO,0.0
2554,2025-08-21,2025,SUHAI MUSIC HALL,IVETE SANGALO,MEDIAS CASAS,CASA DE SHOWS,AXE,65.0,2218645.0,False,9000.0,Open Bar,570.0,556.6666666666666,VIP,QUINTA-FEIRA,DIA UTIL,CHUVISCO LEVE,AGOSTO,0.0
2555,2025-08-21,2025,SUHAI MUSIC HALL,IVETE SANGALO,MEDIAS CASAS,CASA DE SHOWS,AXE,65.0,2218645.0,False,9000.0,Pista,380.0,556.6666666666666,COMUM,QUINTA-FEIRA,DIA UTIL,CHUVISCO LEVE,AGOSTO,0.0
2556,2023-12-04,2023,AUDIO,PET SHOP BOYS,MEDIAS CASAS,CASA DE SHOWS,SYNTHPOP,69.0,2211621.0,False,3200.0,Pista,450.0,505.0,COMUM,SEGUNDA-FEIRA,DIA UTIL,CHUVISCO LEVE,DEZEMBRO,999.0
2557,2023-12-04,2023,AUDIO,PET SHOP BOYS,MEDIAS CASAS,CASA DE SHOWS,SYNTHPOP,69.0,2211621.0,False,3200.0,Mezanino ,560.0,505.0,INTERMEDIARIO,SEGUNDA-FEIRA,DIA UTIL,CHUVISCO LEVE,DEZEMBRO,0.0
2558,2023-12-02,2023,AUTODROMO DE INTERLAGOS,PET SHOP BOYS,ARENAS E ESTADIOS,AREA EXTERNA PARA EVENTOS,SYNTHPOP,69.0,2211621.0,False,50000.0,Pista,990.0,1495.0,COMUM,SABADO,FIM DE SEMANA,NUBLADO,DEZEMBRO,-2.0
2559,2023-12-02,2023,AUTODROMO DE INTERLAGOS,PET SHOP BOYS,ARENAS E ESTADIOS,AREA EXTERNA PARA EVENTOS,SYNTHPOP,69.0,2211621.0,False,50000.0,Pista Premium,2000.0,1495.0,VIP,SABADO,FIM DE SEMANA,NUBLADO,DEZEMBRO,0.0
2560,2022-11-06,2022,DISTRITO ANHEMBI,BAD GYAL,GRANDES CASAS,AREA EXTERNA PARA EVENTOS,NEOPERREO,73.0,2210225.0,PRIMAVERA SOUND,42200.0,Pista,560.0,733.3333333333334,COMUM,DOMINGO,FIM DE SEMANA,CHUVISCO LEVE,NOVEMBRO,999.0
2561,2022-11-06,2022,DISTRITO ANHEMBI,BAD GYAL,GRANDES CASAS,AREA EXTERNA PARA EVENTOS,NEOPERREO,73.0,2210225.0,PRIMAVERA SOUND,42200.0,Pista Premium,890.0,733.3333333333334,VIP,DOMINGO,FIM DE SEMANA,CHUVISCO LEVE,NOVEMBRO,0.0
2562,2022-11-06,2022,DISTRITO ANHEMBI,BAD GYAL,GRANDES CASAS,AREA EXTERNA PARA EVENTOS,NEOPERREO,73.0,2210225.0,PRIMAVERA SOUND,42200.0,Cadeira Inferior,750.0,733.3333333333334,INTERMEDIARIO,DOMINGO,FIM DE SEMANA,CHUVISCO LEVE,NOVEMBRO,0.0
2563,2025-09-14,2025,AUTODROMO DE INTERLAGOS,BELO,ARENAS E ESTADIOS,AREA EXTERNA PARA EVENTOS,PAGODE,70.0,2190356.0,THE TOWN,82000.0,Pista,975.0,975.0,COMUM,DOMINGO,FIM DE SEMANA,NUBLADO,SETEMBRO,463.0
2564,2025-09-14,2025,AUTODROMO DE INTERLAGOS,BELO,ARENAS E ESTADIOS,AREA EXTERNA PARA EVENTOS,PAGODE,70.0,2190356.0,THE TOWN,82000.0,Pista,975.0,975.0,COMUM,DOMINGO,FIM DE SEMANA,NUBLADO,SETEMBRO,0.0
2565,2025-04-05,2025,MERCADO LIVRE ARENA PACAEMBU,BELO,GRANDES CASAS,ESTADIO MULTIUSO,PAGODE,70.0,2190356.0,False,40000.0,Camarote,1600.0,666.6666666666666,LUXO,SABADO,FIM DE SEMANA,CHUVISCO MODERADO,ABRIL,-162.0
2566,2025-04-05,2025,MERCADO LIVRE ARENA PACAEMBU,BELO,GRANDES CASAS,ESTADIO MULTIUSO,PAGODE,70.0,2190356.0,False,40000.0,Cadeira Inferior,300.0,666.6666666666666,INTERMEDIARIO,SABADO,FIM DE SEMANA,CHUVISCO MODERADO,ABRIL,0.0
2567,2025-04-05,2025,MERCADO LIVRE ARENA PACAEMBU,BELO,GRANDES CASAS,ESTADIO MULTIUSO,PAGODE,70.0,2190356.0,False,40000.0,Cadeira Superior,100.0,666.6666666666666,INTERMEDIARIO,SABADO,FIM DE SEMANA,CHUVISCO MODERADO,ABRIL,0.0
2568,2025-04-05,2025,MERCADO LIVRE ARENA PACAEMBU,BELO,GRANDES CASAS,ESTADIO MULTIUSO,PAGODE,70.0,2190356.0,False,40000.0,Camarote,1600.0,666.6666666666666,LUXO,SABADO,FIM DE SEMANA,CHUVISCO MODERADO,ABRIL,0.0
2569,2022-03-26,2022,AUTODROMO DE INTERLAGOS,TWO FEET,ARENAS E ESTADIOS,AREA EXTERNA PARA EVENTOS,0,68.0,2183271.0,LOLLAPALOOZA,103000.0,Lolla Pista,1050.0,1763.3333333333333,COMUM,SABADO,FIM DE SEMANA,CHUVISCO LEVE,MARÇO,1.0
2570,2022-03-26,2022,AUTODROMO DE INTERLAGOS,TWO FEET,ARENAS E ESTADIOS,AREA EXTERNA PARA EVENTOS,0,68.0,2183271.0,LOLLAPALOOZA,103000.0,Lolla Lounge,2400.0,1763.3333333333333,LUXO,SABADO,FIM DE SEMANA,CHUVISCO LEVE,MARÇO,0.0
2571,2022-03-26,2022,AUTODROMO DE INTERLAGOS,TWO FEET,ARENAS E ESTADIOS,AREA EXTERNA PARA EVENTOS,0,68.0,2183271.0,LOLLAPALOOZA,103000.0,Lolla Confort,1840.0,1763.3333333333333,VIP,SABADO,FIM DE SEMANA,CHUVISCO LEVE,MARÇO,0.0
2572,2024-04-28,2024,MEMORIAL DA AMERICA LATINA,KILLSWITCH ENGAGE,GRANDES CASAS,AREA EXTERNA PARA EVENTOS,METALCORE,64.0,2172955.0,SUMMER BREEZE BRASIL,15000.0,Pista,565.0,615.0,COMUM,DOMINGO,FIM DE SEMANA,PARCIALMENTE NUBLADO,ABRIL,57.0
2573,2024-04-28,2024,MEMORIAL DA AMERICA LATINA,KILLSWITCH ENGAGE,GRANDES CASAS,AREA EXTERNA PARA EVENTOS,METALCORE,64.0,2172955.0,SUMMER BREEZE BRASIL,15000.0,Pista Premium,665.0,615.0,VIP,DOMINGO,FIM DE SEMANA,PARCIALMENTE NUBLADO,ABRIL,0.0
2574,2024-11-19,2024,TERRA SP,JA RULE,MEDIAS CASAS,CASA DE SHOWS,EAST COAST HIP HOP,70.0,2164187.0,False,3000.0,Pista,200.0,265.0,COMUM,TERCA-FEIRA,DIA UTIL,NUBLADO,NOVEMBRO,597.0
2575,2024-11-19,2024,TERRA SP,JA RULE,MEDIAS CASAS,CASA DE SHOWS,EAST COAST HIP HOP,70.0,2164187.0,False,3000.0,Camarote,330.0,265.0,LUXO,TERCA-FEIRA,DIA UTIL,NUBLADO,NOVEMBRO,0.0
2576,2023-04-22,2023,VALE DO ANHANGABAU,NICKY ROMERO,GRANDES CASAS,AREA EXTERNA PARA EVENTOS,BIG ROOM,62.0,2163928.0,ULTRA BRASIL,20000.0,Pista,750.0,1125.0,COMUM,SABADO,FIM DE SEMANA,NUBLADO,ABRIL,999.0
2577,2023-04-22,2023,VALE DO ANHANGABAU,NICKY ROMERO,GRANDES CASAS,AREA EXTERNA PARA EVENTOS,BIG ROOM,62.0,2163928.0,ULTRA BRASIL,20000.0,Pista Premium,1500.0,1125.0,VIP,SABADO,FIM DE SEMANA,NUBLADO,ABRIL,0.0
2578,2024-10-19,2024,ALLIANZ PARQUE,MUDVAYNE,ARENAS E ESTADIOS,ESTADIO MULTIUSO,NU METAL,60.0,2136355.0,False,60000.0,Pista,790.0,1790.0,COMUM,SABADO,FIM DE SEMANA,CHUVA LEVE,OUTUBRO,-173.0
2579,2024-10-19,2024,ALLIANZ PARQUE,MUDVAYNE,ARENAS E ESTADIOS,ESTADIO MULTIUSO,NU METAL,60.0,2136355.0,False,60000.0,Cadeira Inferior,690.0,1790.0,INTERMEDIARIO,SABADO,FIM DE SEMANA,CHUVA LEVE,OUTUBRO,0.0
2580,2024-10-19,2024,ALLIANZ PARQUE,MUDVAYNE,ARENAS E ESTADIOS,ESTADIO MULTIUSO,NU METAL,60.0,2136355.0,False,60000.0,Cadeira Superior,490.0,1790.0,INTERMEDIARIO,SABADO,FIM DE SEMANA,CHUVA LEVE,OUTUBRO,0.0
2581,2024-10-19,2024,ALLIANZ PARQUE,MUDVAYNE,ARENAS E ESTADIOS,ESTADIO MULTIUSO,NU METAL,60.0,2136355.0,False,60000.0,VIP I,4990.0,1790.0,VIP,SABADO,FIM DE SEMANA,CHUVA LEVE,OUTUBRO,0.0
2582,2024-10-19,2024,ALLIANZ PARQUE,MUDVAYNE,ARENAS E ESTADIOS,ESTADIO MULTIUSO,NU METAL,60.0,2136355.0,False,60000.0,VIP II,1990.0,1790.0,ULTRA VIP,SABADO,FIM DE SEMANA,CHUVA LEVE,OUTUBRO,0.0
2583,2025-03-30,2025,AUTODROMO DE INTERLAGOS,BUSH,ARENAS E ESTADIOS,AREA EXTERNA PARA EVENTOS,GRUNGE,64.0,2115659.0,LOLLAPALOOZA,80000.0,Lolla Pista,1050.0,1678.1666666666667,COMUM,DOMINGO,FIM DE SEMANA,CHUVISCO LEVE,MARÇO,-53.0
2584,2025-03-30,2025,AUTODROMO DE INTERLAGOS,BUSH,ARENAS E ESTADIOS,AREA EXTERNA PARA EVENTOS,GRUNGE,64.0,2115659.0,LOLLAPALOOZA,80000.0,Lolla Lounge,2310.0,1678.1666666666667,LUXO,DOMINGO,FIM DE SEMANA,CHUVISCO LEVE,MARÇO,0.0
2585,2025-03-30,2025,AUTODROMO DE INTERLAGOS,BUSH,ARENAS E ESTADIOS,AREA EXTERNA PARA EVENTOS,GRUNGE,64.0,2115659.0,LOLLAPALOOZA,80000.0,Lolla Confort,1674.5,1678.1666666666667,VIP,DOMINGO,FIM DE SEMANA,CHUVISCO LEVE,MARÇO,0.0
2586,2024-10-20,2024,ALLIANZ PARQUE,P.O.D.,ARENAS E ESTADIOS,ESTADIO MULTIUSO,NU METAL,62.0,2096675.0,False,60000.0,Pista,790.0,1790.0,COMUM,DOMINGO,FIM DE SEMANA,CHUVA LEVE,OUTUBRO,1.0
2587,2024-10-20,2024,ALLIANZ PARQUE,P.O.D.,ARENAS E ESTADIOS,ESTADIO MULTIUSO,NU METAL,62.0,2096675.0,False,60000.0,Cadeira Inferior,690.0,1790.0,INTERMEDIARIO,DOMINGO,FIM DE SEMANA,CHUVA LEVE,OUTUBRO,0.0
2588,2024-10-20,2024,ALLIANZ PARQUE,P.O.D.,ARENAS E ESTADIOS,ESTADIO MULTIUSO,NU METAL,62.0,2096675.0,False,60000.0,Cadeira Superior,490.0,1790.0,INTERMEDIARIO,DOMINGO,FIM DE SEMANA,CHUVA LEVE,OUTUBRO,0.0
2589,2024-10-20,2024,ALLIANZ PARQUE,P.O.D.,ARENAS E ESTADIOS,ESTADIO MULTIUSO,NU METAL,62.0,2096675.0,False,60000.0,VIP I,4990.0,1790.0,VIP,DOMINGO,FIM DE SEMANA,CHUVA LEVE,OUTUBRO,0.0
2590,2024-10-20,2024,ALLIANZ PARQUE,P.O.D.,ARENAS E ESTADIOS,ESTADIO MULTIUSO,NU METAL,62.0,2096675.0,False,60000.0,VIP II,1990.0,1790.0,ULTRA VIP,DOMINGO,FIM DE SEMANA,CHUVA LEVE,OUTUBRO,0.0
2591,2023-11-16,2023,ALLIANZ PARQUE,RBD,ARENAS E ESTADIOS,ESTADIO MULTIUSO,LATIN POP,67.0,2086870.0,False,54316.0,Pista,480.0,577.5,COMUM,QUINTA-FEIRA,DIA UTIL,CHUVISCO MODERADO,NOVEMBRO,-108.0
2592,2023-11-16,2023,ALLIANZ PARQUE,RBD,ARENAS E ESTADIOS,ESTADIO MULTIUSO,LATIN POP,67.0,2086870.0,False,54316.0,Pista Premium,850.0,577.5,VIP,QUINTA-FEIRA,DIA UTIL,CHUVISCO MODERADO,NOVEMBRO,0.0
2593,2023-11-16,2023,ALLIANZ PARQUE,RBD,ARENAS E ESTADIOS,ESTADIO MULTIUSO,LATIN POP,67.0,2086870.0,False,54316.0,Cadeira Inferior,560.0,577.5,INTERMEDIARIO,QUINTA-FEIRA,DIA UTIL,CHUVISCO MODERADO,NOVEMBRO,0.0
2594,2023-11-16,2023,ALLIANZ PARQUE,RBD,ARENAS E ESTADIOS,ESTADIO MULTIUSO,LATIN POP,67.0,2086870.0,False,54316.0,Cadeira Superior,420.0,577.5,INTERMEDIARIO,QUINTA-FEIRA,DIA UTIL,CHUVISCO MODERADO,NOVEMBRO,0.0
2595,2023-11-17,2023,ALLIANZ PARQUE,RBD,ARENAS E ESTADIOS,ESTADIO MULTIUSO,LATIN POP,67.0,2086870.0,False,54316.0,Pista,480.0,577.5,COMUM,SEXTA-FEIRA,DIA UTIL,CHUVISCO LEVE,NOVEMBRO,1.0
2596,2023-11-17,2023,ALLIANZ PARQUE,RBD,ARENAS E ESTADIOS,ESTADIO MULTIUSO,LATIN POP,67.0,2086870.0,False,54316.0,Pista Premium,850.0,577.5,VIP,SEXTA-FEIRA,DIA UTIL,CHUVISCO LEVE,NOVEMBRO,0.0
2597,2023-11-17,2023,ALLIANZ PARQUE,RBD,ARENAS E ESTADIOS,ESTADIO MULTIUSO,LATIN POP,67.0,2086870.0,False,54316.0,Cadeira Inferior,560.0,577.5,INTERMEDIARIO,SEXTA-FEIRA,DIA UTIL,CHUVISCO LEVE,NOVEMBRO,0.0
2598,2023-11-17,2023,ALLIANZ PARQUE,RBD,ARENAS E ESTADIOS,ESTADIO MULTIUSO,LATIN POP,67.0,2086870.0,False,54316.0,Cadeira Superior,420.0,577.5,INTERMEDIARIO,SEXTA-FEIRA,DIA UTIL,CHUVISCO LEVE,NOVEMBRO,0.0
2599,2023-11-18,2023,ALLIANZ PARQUE,RBD,ARENAS E ESTADIOS,ESTADIO MULTIUSO,LATIN POP,67.0,2086870.0,False,54316.0,Pista,480.0,577.5,COMUM,SABADO,FIM DE SEMANA,CHUVA MODERADA,NOVEMBRO,1.0
2600,2023-11-18,2023,ALLIANZ PARQUE,RBD,ARENAS E ESTADIOS,ESTADIO MULTIUSO,LATIN POP,67.0,2086870.0,False,54316.0,Pista Premium,850.0,577.5,VIP,SABADO,FIM DE SEMANA,CHUVA MODERADA,NOVEMBRO,0.0
2601,2023-11-18,2023,ALLIANZ PARQUE,RBD,ARENAS E ESTADIOS,ESTADIO MULTIUSO,LATIN POP,67.0,2086870.0,False,54316.0,Cadeira Inferior,560.0,577.5,INTERMEDIARIO,SABADO,FIM DE SEMANA,CHUVA MODERADA,NOVEMBRO,0.0
2602,2023-11-18,2023,ALLIANZ PARQUE,RBD,ARENAS E ESTADIOS,ESTADIO MULTIUSO,LATIN POP,67.0,2086870.0,False,54316.0,Cadeira Superior,420.0,577.5,INTERMEDIARIO,SABADO,FIM DE SEMANA,CHUVA MODERADA,NOVEMBRO,0.0
2603,2023-11-19,2023,ALLIANZ PARQUE,RBD,ARENAS E ESTADIOS,ESTADIO MULTIUSO,LATIN POP,67.0,2086870.0,False,54316.0,Pista,480.0,577.5,COMUM,DOMINGO,FIM DE SEMANA,CHUVA MODERADA,NOVEMBRO,1.0
2604,2023-11-19,2023,ALLIANZ PARQUE,RBD,ARENAS E ESTADIOS,ESTADIO MULTIUSO,LATIN POP,67.0,2086870.0,False,54316.0,Pista Premium,850.0,577.5,VIP,DOMINGO,FIM DE SEMANA,CHUVA MODERADA,NOVEMBRO,0.0
2605,2023-11-19,2023,ALLIANZ PARQUE,RBD,ARENAS E ESTADIOS,ESTADIO MULTIUSO,LATIN POP,67.0,2086870.0,False,54316.0,Cadeira Inferior,560.0,577.5,INTERMEDIARIO,DOMINGO,FIM DE SEMANA,CHUVA MODERADA,NOVEMBRO,0.0
2606,2023-11-19,2023,ALLIANZ PARQUE,RBD,ARENAS E ESTADIOS,ESTADIO MULTIUSO,LATIN POP,67.0,2086870.0,False,54316.0,Cadeira Superior,420.0,577.5,INTERMEDIARIO,DOMINGO,FIM DE SEMANA,CHUVA MODERADA,NOVEMBRO,0.0
2607,2023-11-12,2023,ESTADIO DO MORUMBI,RBD,ARENAS E ESTADIOS,ESTADIO MULTIUSO,LATIN POP,67.0,2086870.0,False,54316.0,Pista,480.0,570.0,COMUM,DOMINGO,FIM DE SEMANA,NUBLADO,NOVEMBRO,-7.0
2608,2023-11-12,2023,ESTADIO DO MORUMBI,RBD,ARENAS E ESTADIOS,ESTADIO MULTIUSO,LATIN POP,67.0,2086870.0,False,54316.0,Pista Premium,850.0,570.0,VIP,DOMINGO,FIM DE SEMANA,NUBLADO,NOVEMBRO,0.0
2609,2023-11-12,2023,ESTADIO DO MORUMBI,RBD,ARENAS E ESTADIOS,ESTADIO MULTIUSO,LATIN POP,67.0,2086870.0,False,54316.0,Cadeira Inferior,540.0,570.0,INTERMEDIARIO,DOMINGO,FIM DE SEMANA,NUBLADO,NOVEMBRO,0.0
2610,2023-11-12,2023,ESTADIO DO MORUMBI,RBD,ARENAS E ESTADIOS,ESTADIO MULTIUSO,LATIN POP,67.0,2086870.0,False,54316.0,Cadeira Superior,420.0,570.0,INTERMEDIARIO,DOMINGO,FIM DE SEMANA,NUBLADO,NOVEMBRO,0.0
2611,2023-11-12,2023,ESTADIO DO MORUMBI,RBD,ARENAS E ESTADIOS,ESTADIO MULTIUSO,LATIN POP,67.0,2086870.0,False,54316.0,Arquibancada,560.0,570.0,COMUM,DOMINGO,FIM DE SEMANA,NUBLADO,NOVEMBRO,0.0
2612,2023-11-13,2023,ESTADIO DO MORUMBI,RBD,ARENAS E ESTADIOS,ESTADIO MULTIUSO,LATIN POP,67.0,2086870.0,False,54316.0,Pista,480.0,570.0,COMUM,SEGUNDA-FEIRA,DIA UTIL,NUBLADO,NOVEMBRO,1.0
2613,2023-11-13,2023,ESTADIO DO MORUMBI,RBD,ARENAS E ESTADIOS,ESTADIO MULTIUSO,LATIN POP,67.0,2086870.0,False,54316.0,Pista Premium,850.0,570.0,VIP,SEGUNDA-FEIRA,DIA UTIL,NUBLADO,NOVEMBRO,0.0
2614,2023-11-13,2023,ESTADIO DO MORUMBI,RBD,ARENAS E ESTADIOS,ESTADIO MULTIUSO,LATIN POP,67.0,2086870.0,False,54316.0,Cadeira Inferior,540.0,570.0,INTERMEDIARIO,SEGUNDA-FEIRA,DIA UTIL,NUBLADO,NOVEMBRO,0.0
2615,2023-11-13,2023,ESTADIO DO MORUMBI,RBD,ARENAS E ESTADIOS,ESTADIO MULTIUSO,LATIN POP,67.0,2086870.0,False,54316.0,Cadeira Superior,420.0,570.0,INTERMEDIARIO,SEGUNDA-FEIRA,DIA UTIL,NUBLADO,NOVEMBRO,0.0
2616,2023-11-13,2023,ESTADIO DO MORUMBI,RBD,ARENAS E ESTADIOS,ESTADIO MULTIUSO,LATIN POP,67.0,2086870.0,False,54316.0,Arquibancada,560.0,570.0,COMUM,SEGUNDA-FEIRA,DIA UTIL,NUBLADO,NOVEMBRO,0.0
2617,2024-06-21,2024,ESPACO UNIMED,ZECA PAGODINHO,MEDIAS CASAS,CASA DE SHOWS,SAMBA,66.0,2084742.0,False,8000.0,Pista,540.0,403.3333333333333,COMUM,SEXTA-FEIRA,DIA UTIL,NUBLADO,JUNHO,999.0
2618,2024-06-21,2024,ESPACO UNIMED,ZECA PAGODINHO,MEDIAS CASAS,CASA DE SHOWS,SAMBA,66.0,2084742.0,False,8000.0,Camarote,420.0,403.3333333333333,LUXO,SEXTA-FEIRA,DIA UTIL,NUBLADO,JUNHO,0.0
2619,2024-06-21,2024,ESPACO UNIMED,ZECA PAGODINHO,MEDIAS CASAS,CASA DE SHOWS,SAMBA,66.0,2084742.0,False,8000.0,Mezanino ,250.0,403.3333333333333,INTERMEDIARIO,SEXTA-FEIRA,DIA UTIL,NUBLADO,JUNHO,0.0
2620,2024-06-21,2024,ESPACO UNIMED,ZECA PAGODINHO,MEDIAS CASAS,CASA DE SHOWS,SAMBA,66.0,2084742.0,False,8000.0,Pista,540.0,403.3333333333333,COMUM,SEXTA-FEIRA,DIA UTIL,NUBLADO,JUNHO,0.0
2621,2024-06-22,2024,ESPACO UNIMED,ZECA PAGODINHO,MEDIAS CASAS,CASA DE SHOWS,SAMBA,66.0,2084742.0,False,8000.0,Pista,540.0,403.3333333333333,COMUM,SABADO,FIM DE SEMANA,NUBLADO,JUNHO,1.0
2622,2024-06-22,2024,ESPACO UNIMED,ZECA PAGODINHO,MEDIAS CASAS,CASA DE SHOWS,SAMBA,66.0,2084742.0,False,8000.0,Camarote,420.0,403.3333333333333,LUXO,SABADO,FIM DE SEMANA,NUBLADO,JUNHO,0.0
2623,2024-06-22,2024,ESPACO UNIMED,ZECA PAGODINHO,MEDIAS CASAS,CASA DE SHOWS,SAMBA,66.0,2084742.0,False,8000.0,Mezanino ,250.0,403.3333333333333,INTERMEDIARIO,SABADO,FIM DE SEMANA,NUBLADO,JUNHO,0.0
2624,2024-06-22,2024,ESPACO UNIMED,ZECA PAGODINHO,MEDIAS CASAS,CASA DE SHOWS,SAMBA,66.0,2084742.0,False,8000.0,Pista,540.0,403.3333333333333,COMUM,SABADO,FIM DE SEMANA,NUBLADO,JUNHO,0.0
2625,2023-12-15,2023,VIBRA SAO PAULO,ZECA PAGODINHO,MEDIAS CASAS,TEATRO E CASA DE ESPETACULOS,SAMBA,66.0,2084742.0,False,7000.0,Pista,160.0,326.6666666666667,COMUM,SEXTA-FEIRA,DIA UTIL,NUBLADO,DEZEMBRO,-190.0
2626,2023-12-15,2023,VIBRA SAO PAULO,ZECA PAGODINHO,MEDIAS CASAS,TEATRO E CASA DE ESPETACULOS,SAMBA,66.0,2084742.0,False,7000.0,Pista Premium,300.0,326.6666666666667,VIP,SEXTA-FEIRA,DIA UTIL,NUBLADO,DEZEMBRO,0.0
2627,2023-12-15,2023,VIBRA SAO PAULO,ZECA PAGODINHO,MEDIAS CASAS,TEATRO E CASA DE ESPETACULOS,SAMBA,66.0,2084742.0,False,7000.0,Camarote,520.0,326.6666666666667,LUXO,SEXTA-FEIRA,DIA UTIL,NUBLADO,DEZEMBRO,0.0
2628,2023-12-15,2023,VIBRA SAO PAULO,ZECA PAGODINHO,MEDIAS CASAS,TEATRO E CASA DE ESPETACULOS,SAMBA,66.0,2084742.0,False,7000.0,Pista,160.0,326.6666666666667,COMUM,SEXTA-FEIRA,DIA UTIL,NUBLADO,DEZEMBRO,0.0
2629,2024-12-14,2024,VIBRA SAO PAULO,ZECA PAGODINHO,MEDIAS CASAS,TEATRO E CASA DE ESPETACULOS,SAMBA,66.0,2084742.0,False,7000.0,Pista,760.0,820.0,COMUM,SABADO,FIM DE SEMANA,CHUVISCO INTENSO,DEZEMBRO,365.0
2630,2024-12-14,2024,VIBRA SAO PAULO,ZECA PAGODINHO,MEDIAS CASAS,TEATRO E CASA DE ESPETACULOS,SAMBA,66.0,2084742.0,False,7000.0,Camarote,1200.0,820.0,LUXO,SABADO,FIM DE SEMANA,CHUVISCO INTENSO,DEZEMBRO,0.0
2631,2024-12-14,2024,VIBRA SAO PAULO,ZECA PAGODINHO,MEDIAS CASAS,TEATRO E CASA DE ESPETACULOS,SAMBA,66.0,2084742.0,False,7000.0,Cadeira Superior,500.0,820.0,INTERMEDIARIO,SABADO,FIM DE SEMANA,CHUVISCO INTENSO,DEZEMBRO,0.0
2632,2024-12-14,2024,VIBRA SAO PAULO,ZECA PAGODINHO,MEDIAS CASAS,TEATRO E CASA DE ESPETACULOS,SAMBA,66.0,2084742.0,False,7000.0,Pista,760.0,820.0,COMUM,SABADO,FIM DE SEMANA,CHUVISCO INTENSO,DEZEMBRO,0.0
2633,2024-05-19,2024,AUDIO,MILKY CHANCE,MEDIAS CASAS,CASA DE SHOWS,0,71.0,2078344.0,False,3000.0,Pista,190.0,190.0,COMUM,DOMINGO,FIM DE SEMANA,CHUVISCO LEVE,MAIO,785.0
2634,2025-04-22,2025,AUDIO,KALEO,MEDIAS CASAS,CASA DE SHOWS,0,71.0,2053747.0,False,2102.0,Pista,360.0,709.6666666666666,COMUM,TERCA-FEIRA,DIA UTIL,CHUVISCO LEVE,ABRIL,338.0
2635,2025-04-22,2025,AUDIO,KALEO,MEDIAS CASAS,CASA DE SHOWS,0,71.0,2053747.0,False,2102.0,Meet & Greet,1040.0,709.6666666666666,ULTRA VIP,TERCA-FEIRA,DIA UTIL,CHUVISCO LEVE,ABRIL,0.0
2636,2025-04-22,2025,AUDIO,KALEO,MEDIAS CASAS,CASA DE SHOWS,0,71.0,2053747.0,False,2102.0,VIP I,729.0,709.6666666666666,VIP,TERCA-FEIRA,DIA UTIL,CHUVISCO LEVE,ABRIL,0.0
2637,2024-10-20,2024,ALLIANZ PARQUE,BAD OMENS,ARENAS E ESTADIOS,ESTADIO MULTIUSO,METALCORE,76.0,2033264.0,False,60000.0,Pista,790.0,1790.0,COMUM,DOMINGO,FIM DE SEMANA,CHUVA LEVE,OUTUBRO,175.0
2638,2024-10-20,2024,ALLIANZ PARQUE,BAD OMENS,ARENAS E ESTADIOS,ESTADIO MULTIUSO,METALCORE,76.0,2033264.0,False,60000.0,Cadeira Inferior,690.0,1790.0,INTERMEDIARIO,DOMINGO,FIM DE SEMANA,CHUVA LEVE,OUTUBRO,0.0
2639,2024-10-20,2024,ALLIANZ PARQUE,BAD OMENS,ARENAS E ESTADIOS,ESTADIO MULTIUSO,METALCORE,76.0,2033264.0,False,60000.0,Cadeira Superior,490.0,1790.0,INTERMEDIARIO,DOMINGO,FIM DE SEMANA,CHUVA LEVE,OUTUBRO,0.0
2640,2024-10-20,2024,ALLIANZ PARQUE,BAD OMENS,ARENAS E ESTADIOS,ESTADIO MULTIUSO,METALCORE,76.0,2033264.0,False,60000.0,VIP I,4990.0,1790.0,VIP,DOMINGO,FIM DE SEMANA,CHUVA LEVE,OUTUBRO,0.0
2641,2024-10-20,2024,ALLIANZ PARQUE,BAD OMENS,ARENAS E ESTADIOS,ESTADIO MULTIUSO,METALCORE,76.0,2033264.0,False,60000.0,VIP II,1990.0,1790.0,ULTRA VIP,DOMINGO,FIM DE SEMANA,CHUVA LEVE,OUTUBRO,0.0
2642,2025-03-28,2025,AUTODROMO DE INTERLAGOS,EMPIRE OF THE SUN,ARENAS E ESTADIOS,AREA EXTERNA PARA EVENTOS,0,78.0,2032663.0,LOLLAPALOOZA,80000.0,Lolla Pista,1050.0,1678.1666666666667,COMUM,SEXTA-FEIRA,DIA UTIL,CHUVA LEVE,MARÇO,-25.0
2643,2025-03-28,2025,AUTODROMO DE INTERLAGOS,EMPIRE OF THE SUN,ARENAS E ESTADIOS,AREA EXTERNA PARA EVENTOS,0,78.0,2032663.0,LOLLAPALOOZA,80000.0,Lolla Lounge,2310.0,1678.1666666666667,LUXO,SEXTA-FEIRA,DIA UTIL,CHUVA LEVE,MARÇO,0.0
2644,2025-03-28,2025,AUTODROMO DE INTERLAGOS,EMPIRE OF THE SUN,ARENAS E ESTADIOS,AREA EXTERNA PARA EVENTOS,0,78.0,2032663.0,LOLLAPALOOZA,80000.0,Lolla Confort,1674.5,1678.1666666666667,VIP,SEXTA-FEIRA,DIA UTIL,CHUVA LEVE,MARÇO,0.0
2645,2024-11-30,2024,ALLIANZ PARQUE,MOTIONLESS IN WHITE,ARENAS E ESTADIOS,ESTADIO MULTIUSO,METALCORE,70.0,2018501.0,False,46572.0,Pista,390.0,480.0,COMUM,SABADO,FIM DE SEMANA,CHUVISCO LEVE,NOVEMBRO,41.0
2646,2024-11-30,2024,ALLIANZ PARQUE,MOTIONLESS IN WHITE,ARENAS E ESTADIOS,ESTADIO MULTIUSO,METALCORE,70.0,2018501.0,False,46572.0,Pista Premium,790.0,480.0,VIP,SABADO,FIM DE SEMANA,CHUVISCO LEVE,NOVEMBRO,0.0
2647,2024-11-30,2024,ALLIANZ PARQUE,MOTIONLESS IN WHITE,ARENAS E ESTADIOS,ESTADIO MULTIUSO,METALCORE,70.0,2018501.0,False,46572.0,Cadeira Inferior,490.0,480.0,INTERMEDIARIO,SABADO,FIM DE SEMANA,CHUVISCO LEVE,NOVEMBRO,0.0
2648,2024-11-30,2024,ALLIANZ PARQUE,MOTIONLESS IN WHITE,ARENAS E ESTADIOS,ESTADIO MULTIUSO,METALCORE,70.0,2018501.0,False,46572.0,Cadeira Superior,250.0,480.0,INTERMEDIARIO,SABADO,FIM DE SEMANA,CHUVISCO LEVE,NOVEMBRO,0.0
2649,2025-08-23,2025,ALLIANZ PARQUE,DANIEL,ARENAS E ESTADIOS,ESTADIO MULTIUSO,SERTANEJO TRADICIONAL,63.0,2018322.0,False,45000.0,Pista Premium,160.0,180.0,VIP,SABADO,FIM DE SEMANA,NUBLADO,AGOSTO,371.0
2650,2025-08-23,2025,ALLIANZ PARQUE,DANIEL,ARENAS E ESTADIOS,ESTADIO MULTIUSO,SERTANEJO TRADICIONAL,63.0,2018322.0,False,45000.0,Camarote,200.0,180.0,LUXO,SABADO,FIM DE SEMANA,NUBLADO,AGOSTO,0.0
2651,2025-08-23,2025,ALLIANZ PARQUE,DANIEL,ARENAS E ESTADIOS,ESTADIO MULTIUSO,SERTANEJO TRADICIONAL,63.0,2018322.0,False,45000.0,Pista Premium,160.0,180.0,VIP,SABADO,FIM DE SEMANA,NUBLADO,AGOSTO,0.0
2652,2022-12-21,2022,VIBRA SAO PAULO,DANIEL,MEDIAS CASAS,TEATRO E CASA DE ESPETACULOS,SERTANEJO TRADICIONAL,63.0,2018322.0,False,7000.0,Pista,260.0,350.0,COMUM,QUARTA-FEIRA,DIA UTIL,CHUVISCO INTENSO,DEZEMBRO,-976.0
2653,2022-12-21,2022,VIBRA SAO PAULO,DANIEL,MEDIAS CASAS,TEATRO E CASA DE ESPETACULOS,SERTANEJO TRADICIONAL,63.0,2018322.0,False,7000.0,Camarote,400.0,350.0,LUXO,QUARTA-FEIRA,DIA UTIL,CHUVISCO INTENSO,DEZEMBRO,0.0
2654,2022-12-21,2022,VIBRA SAO PAULO,DANIEL,MEDIAS CASAS,TEATRO E CASA DE ESPETACULOS,SERTANEJO TRADICIONAL,63.0,2018322.0,False,7000.0,Cadeira Superior,190.0,350.0,INTERMEDIARIO,QUARTA-FEIRA,DIA UTIL,CHUVISCO INTENSO,DEZEMBRO,0.0
2655,2022-12-21,2022,VIBRA SAO PAULO,DANIEL,MEDIAS CASAS,TEATRO E CASA DE ESPETACULOS,SERTANEJO TRADICIONAL,63.0,2018322.0,False,7000.0,Mesa,550.0,350.0,LUXO,QUARTA-FEIRA,DIA UTIL,CHUVISCO INTENSO,DEZEMBRO,0.0
2656,2022-12-21,2022,VIBRA SAO PAULO,DANIEL,MEDIAS CASAS,TEATRO E CASA DE ESPETACULOS,SERTANEJO TRADICIONAL,63.0,2018322.0,False,7000.0,Pista,260.0,350.0,COMUM,QUARTA-FEIRA,DIA UTIL,CHUVISCO INTENSO,DEZEMBRO,0.0
2657,2023-05-14,2023,VIBRA SAO PAULO,DANIEL,MEDIAS CASAS,TEATRO E CASA DE ESPETACULOS,SERTANEJO TRADICIONAL,63.0,2018322.0,False,7000.0,Pista,90.0,202.5,COMUM,DOMINGO,FIM DE SEMANA,NUBLADO,MAIO,144.0
2658,2023-05-14,2023,VIBRA SAO PAULO,DANIEL,MEDIAS CASAS,TEATRO E CASA DE ESPETACULOS,SERTANEJO TRADICIONAL,63.0,2018322.0,False,7000.0,Pista Premium,170.0,202.5,VIP,DOMINGO,FIM DE SEMANA,NUBLADO,MAIO,0.0
2659,2023-05-14,2023,VIBRA SAO PAULO,DANIEL,MEDIAS CASAS,TEATRO E CASA DE ESPETACULOS,SERTANEJO TRADICIONAL,63.0,2018322.0,False,7000.0,Camarote,410.0,202.5,LUXO,DOMINGO,FIM DE SEMANA,NUBLADO,MAIO,0.0
2660,2023-05-14,2023,VIBRA SAO PAULO,DANIEL,MEDIAS CASAS,TEATRO E CASA DE ESPETACULOS,SERTANEJO TRADICIONAL,63.0,2018322.0,False,7000.0,Cadeira Inferior,140.0,202.5,INTERMEDIARIO,DOMINGO,FIM DE SEMANA,NUBLADO,MAIO,0.0
2661,2023-05-14,2023,VIBRA SAO PAULO,DANIEL,MEDIAS CASAS,TEATRO E CASA DE ESPETACULOS,SERTANEJO TRADICIONAL,63.0,2018322.0,False,7000.0,Pista,90.0,202.5,COMUM,DOMINGO,FIM DE SEMANA,NUBLADO,MAIO,0.0
2662,2023-05-19,2023,VIBRA SAO PAULO,DANIEL,MEDIAS CASAS,TEATRO E CASA DE ESPETACULOS,SERTANEJO TRADICIONAL,63.0,2018322.0,False,7000.0,Pista,90.0,202.5,COMUM,SEXTA-FEIRA,DIA UTIL,NUBLADO,MAIO,5.0
2663,2023-05-19,2023,VIBRA SAO PAULO,DANIEL,MEDIAS CASAS,TEATRO E CASA DE ESPETACULOS,SERTANEJO TRADICIONAL,63.0,2018322.0,False,7000.0,Pista Premium,170.0,202.5,VIP,SEXTA-FEIRA,DIA UTIL,NUBLADO,MAIO,0.0
2664,2023-05-19,2023,VIBRA SAO PAULO,DANIEL,MEDIAS CASAS,TEATRO E CASA DE ESPETACULOS,SERTANEJO TRADICIONAL,63.0,2018322.0,False,7000.0,Camarote,410.0,202.5,LUXO,SEXTA-FEIRA,DIA UTIL,NUBLADO,MAIO,0.0
2665,2023-05-19,2023,VIBRA SAO PAULO,DANIEL,MEDIAS CASAS,TEATRO E CASA DE ESPETACULOS,SERTANEJO TRADICIONAL,63.0,2018322.0,False,7000.0,Cadeira Inferior,140.0,202.5,INTERMEDIARIO,SEXTA-FEIRA,DIA UTIL,NUBLADO,MAIO,0.0
2666,2023-05-19,2023,VIBRA SAO PAULO,DANIEL,MEDIAS CASAS,TEATRO E CASA DE ESPETACULOS,SERTANEJO TRADICIONAL,63.0,2018322.0,False,7000.0,Pista,90.0,202.5,COMUM,SEXTA-FEIRA,DIA UTIL,NUBLADO,MAIO,0.0
2667,2024-12-21,2024,NEO QUIMICA ARENA,VINTAGE CULTURE,ARENAS E ESTADIOS,ESTADIO MULTIUSO,BRAZILIAN BASS,71.0,2000812.0,False,33921.0,Pista,450.0,645.0,COMUM,SABADO,FIM DE SEMANA,CHUVA FORTE,DEZEMBRO,-189.0
2668,2024-12-21,2024,NEO QUIMICA ARENA,VINTAGE CULTURE,ARENAS E ESTADIOS,ESTADIO MULTIUSO,BRAZILIAN BASS,71.0,2000812.0,False,33921.0,Pista Premium,840.0,645.0,VIP,SABADO,FIM DE SEMANA,CHUVA FORTE,DEZEMBRO,0.0
2669,2025-04-19,2025,ALLIANZ PARQUE,EUROPE,ARENAS E ESTADIOS,ESTADIO MULTIUSO,GLAM METAL,64.0,1994340.0,MONSTERS OF ROCK,49000.0,Pista,680.0,1474.2857142857142,COMUM,SABADO,FIM DE SEMANA,CHUVA LEVE,ABRIL,721.0
2670,2025-04-19,2025,ALLIANZ PARQUE,EUROPE,ARENAS E ESTADIOS,ESTADIO MULTIUSO,GLAM METAL,64.0,1994340.0,MONSTERS OF ROCK,49000.0,Pista Premium,1180.0,1474.2857142857142,VIP,SABADO,FIM DE SEMANA,CHUVA LEVE,ABRIL,0.0
2671,2025-04-19,2025,ALLIANZ PARQUE,EUROPE,ARENAS E ESTADIOS,ESTADIO MULTIUSO,GLAM METAL,64.0,1994340.0,MONSTERS OF ROCK,49000.0,Cadeira Inferior,780.0,1474.2857142857142,INTERMEDIARIO,SABADO,FIM DE SEMANA,CHUVA LEVE,ABRIL,0.0
2672,2025-04-19,2025,ALLIANZ PARQUE,EUROPE,ARENAS E ESTADIOS,ESTADIO MULTIUSO,GLAM METAL,64.0,1994340.0,MONSTERS OF ROCK,49000.0,Cadeira Superior,480.0,1474.2857142857142,INTERMEDIARIO,SABADO,FIM DE SEMANA,CHUVA LEVE,ABRIL,0.0
2673,2025-04-19,2025,ALLIANZ PARQUE,EUROPE,ARENAS E ESTADIOS,ESTADIO MULTIUSO,GLAM METAL,64.0,1994340.0,MONSTERS OF ROCK,49000.0,Backstage,2800.0,1474.2857142857142,VIP,SABADO,FIM DE SEMANA,CHUVA LEVE,ABRIL,0.0
2674,2025-04-19,2025,ALLIANZ PARQUE,EUROPE,ARENAS E ESTADIOS,ESTADIO MULTIUSO,GLAM METAL,64.0,1994340.0,MONSTERS OF ROCK,49000.0,VIP I,2000.0,1474.2857142857142,VIP,SABADO,FIM DE SEMANA,CHUVA LEVE,ABRIL,0.0
2675,2025-04-19,2025,ALLIANZ PARQUE,EUROPE,ARENAS E ESTADIOS,ESTADIO MULTIUSO,GLAM METAL,64.0,1994340.0,MONSTERS OF ROCK,49000.0,VIP II,2400.0,1474.2857142857142,ULTRA VIP,SABADO,FIM DE SEMANA,CHUVA LEVE,ABRIL,0.0
2676,2025-09-06,2025,AUTODROMO DE INTERLAGOS,BORGES,ARENAS E ESTADIOS,AREA EXTERNA PARA EVENTOS,BRAZILIAN TRAP,67.0,1981305.0,THE TOWN,100000.0,Pista,975.0,975.0,COMUM,SABADO,FIM DE SEMANA,CHUVISCO LEVE,SETEMBRO,590.0
2677,2022-06-19,2022,SAMBODROMO DO ANHEMBI,BORGES,ARENAS E ESTADIOS,AREA EXTERNA PARA EVENTOS,BRAZILIAN TRAP,67.0,1981305.0,False,42000.0,Pista,440.0,440.0,COMUM,DOMINGO,FIM DE SEMANA,CHUVISCO LEVE,JUNHO,-1175.0
2678,2025-08-23,2025,ALLIANZ PARQUE,VICTOR & LEO,ARENAS E ESTADIOS,ESTADIO MULTIUSO,SERTANEJO,65.0,1956773.0,False,45000.0,Pista Premium,160.0,180.0,VIP,SABADO,FIM DE SEMANA,NUBLADO,AGOSTO,140.0
2679,2025-08-23,2025,ALLIANZ PARQUE,VICTOR & LEO,ARENAS E ESTADIOS,ESTADIO MULTIUSO,SERTANEJO,65.0,1956773.0,False,45000.0,Camarote,200.0,180.0,LUXO,SABADO,FIM DE SEMANA,NUBLADO,AGOSTO,0.0
2680,2024-03-23,2024,MORUMBIS,VICTOR & LEO,ARENAS E ESTADIOS,ESTADIO MULTIUSO,SERTANEJO,65.0,1956773.0,False,45000.0,Pista,240.0,200.0,COMUM,SABADO,FIM DE SEMANA,CHUVISCO INTENSO,MARÇO,-518.0
2681,2024-03-23,2024,MORUMBIS,VICTOR & LEO,ARENAS E ESTADIOS,ESTADIO MULTIUSO,SERTANEJO,65.0,1956773.0,False,45000.0,Arquibancada,160.0,200.0,COMUM,SABADO,FIM DE SEMANA,CHUVISCO INTENSO,MARÇO,0.0
2682,2022-09-17,2022,MEMORIAL DA AMERICA LATINA,ALCEU VALENCA,GRANDES CASAS,AREA EXTERNA PARA EVENTOS,MPB,64.0,1946704.0,COALA FESTIVAL,8000.0,Pista,200.0,322.5,COMUM,SABADO,FIM DE SEMANA,CHUVISCO LEVE,SETEMBRO,-595.0
2683,2022-09-17,2022,MEMORIAL DA AMERICA LATINA,ALCEU VALENCA,GRANDES CASAS,AREA EXTERNA PARA EVENTOS,MPB,64.0,1946704.0,COALA FESTIVAL,8000.0,Pista Premium,380.0,322.5,VIP,SABADO,FIM DE SEMANA,CHUVISCO LEVE,SETEMBRO,0.0
2684,2022-09-17,2022,MEMORIAL DA AMERICA LATINA,ALCEU VALENCA,GRANDES CASAS,AREA EXTERNA PARA EVENTOS,MPB,64.0,1946704.0,COALA FESTIVAL,8000.0,Camarote,430.0,322.5,LUXO,SABADO,FIM DE SEMANA,CHUVISCO LEVE,SETEMBRO,0.0
2685,2022-09-17,2022,MEMORIAL DA AMERICA LATINA,ALCEU VALENCA,GRANDES CASAS,AREA EXTERNA PARA EVENTOS,MPB,64.0,1946704.0,COALA FESTIVAL,8000.0,Cadeira Inferior,280.0,322.5,INTERMEDIARIO,SABADO,FIM DE SEMANA,CHUVISCO LEVE,SETEMBRO,0.0
2686,2023-11-04,2023,TOKIO MARINE HALL,ALCEU VALENCA,MEDIAS CASAS,CASA DE SHOWS,MPB,64.0,1946704.0,False,3000.0,Pista,240.0,410.0,COMUM,SABADO,FIM DE SEMANA,CHUVISCO LEVE,NOVEMBRO,413.0
2687,2023-11-04,2023,TOKIO MARINE HALL,ALCEU VALENCA,MEDIAS CASAS,CASA DE SHOWS,MPB,64.0,1946704.0,False,3000.0,Pista Premium,580.0,410.0,VIP,SABADO,FIM DE SEMANA,CHUVISCO LEVE,NOVEMBRO,0.0
2688,2022-11-12,2022,ESPACO UNIMED,ALCEU VALENCA,MEDIAS CASAS,CASA DE SHOWS,MPB,64.0,1946704.0,False,7452.542372881356,Pista,160.0,160.0,COMUM,SABADO,FIM DE SEMANA,CHUVISCO LEVE,NOVEMBRO,-357.0
2689,2023-04-20,2023,ESPACO UNIMED,ALCEU VALENCA,MEDIAS CASAS,CASA DE SHOWS,MPB,64.0,1946704.0,False,7200.0,Pista,380.0,726.6666666666666,COMUM,QUINTA-FEIRA,DIA UTIL,NUBLADO,ABRIL,159.0
2690,2023-04-20,2023,ESPACO UNIMED,ALCEU VALENCA,MEDIAS CASAS,CASA DE SHOWS,MPB,64.0,1946704.0,False,7200.0,Pista Premium,600.0,726.6666666666666,VIP,QUINTA-FEIRA,DIA UTIL,NUBLADO,ABRIL,0.0
2691,2023-04-20,2023,ESPACO UNIMED,ALCEU VALENCA,MEDIAS CASAS,CASA DE SHOWS,MPB,64.0,1946704.0,False,7200.0,Camarote,1200.0,726.6666666666666,LUXO,QUINTA-FEIRA,DIA UTIL,NUBLADO,ABRIL,0.0
2692,2024-03-24,2024,AUTODROMO DE INTERLAGOS,PHOENIX,ARENAS E ESTADIOS,AREA EXTERNA PARA EVENTOS,INDIE,64.0,1943215.0,LOLLAPALOOZA,80000.0,Lolla Pista,1100.0,1700.0,COMUM,DOMINGO,FIM DE SEMANA,CHUVA LEVE,MARÇO,676.0
2693,2024-03-24,2024,AUTODROMO DE INTERLAGOS,PHOENIX,ARENAS E ESTADIOS,AREA EXTERNA PARA EVENTOS,INDIE,64.0,1943215.0,LOLLAPALOOZA,80000.0,Lolla Lounge,2250.0,1700.0,LUXO,DOMINGO,FIM DE SEMANA,CHUVA LEVE,MARÇO,0.0
2694,2024-03-24,2024,AUTODROMO DE INTERLAGOS,PHOENIX,ARENAS E ESTADIOS,AREA EXTERNA PARA EVENTOS,INDIE,64.0,1943215.0,LOLLAPALOOZA,80000.0,Lolla Confort,1750.0,1700.0,VIP,DOMINGO,FIM DE SEMANA,CHUVA LEVE,MARÇO,0.0
2695,2023-09-03,2023,AUTODROMO DE INTERLAGOS,LEON BRIDGES,ARENAS E ESTADIOS,AREA EXTERNA PARA EVENTOS,RETRO SOUL,74.0,1937397.0,THE TOWN,100000.0,Pista,815.0,815.0,COMUM,DOMINGO,FIM DE SEMANA,CHUVISCO INTENSO,SETEMBRO,999.0
2696,2025-09-13,2025,AUTODROMO DE INTERLAGOS,NATASHA BEDINGFIELD,ARENAS E ESTADIOS,AREA EXTERNA PARA EVENTOS,POP,72.0,1910247.0,THE TOWN,78000.0,Pista,975.0,975.0,COMUM,SABADO,FIM DE SEMANA,NUBLADO,SETEMBRO,925.0
2697,2022-03-26,2022,AUTODROMO DE INTERLAGOS,EMICIDA,ARENAS E ESTADIOS,AREA EXTERNA PARA EVENTOS,BRAZILIAN HIP HOP,62.0,1883815.0,LOLLAPALOOZA,103000.0,Lolla Pista,1050.0,1763.3333333333333,COMUM,SABADO,FIM DE SEMANA,CHUVISCO LEVE,MARÇO,-1205.0
2698,2022-03-26,2022,AUTODROMO DE INTERLAGOS,EMICIDA,ARENAS E ESTADIOS,AREA EXTERNA PARA EVENTOS,BRAZILIAN HIP HOP,62.0,1883815.0,LOLLAPALOOZA,103000.0,Lolla Lounge,2400.0,1763.3333333333333,LUXO,SABADO,FIM DE SEMANA,CHUVISCO LEVE,MARÇO,0.0
2699,2022-03-26,2022,AUTODROMO DE INTERLAGOS,EMICIDA,ARENAS E ESTADIOS,AREA EXTERNA PARA EVENTOS,BRAZILIAN HIP HOP,62.0,1883815.0,LOLLAPALOOZA,103000.0,Lolla Confort,1840.0,1763.3333333333333,VIP,SABADO,FIM DE SEMANA,CHUVISCO LEVE,MARÇO,0.0
2700,2022-03-26,2022,AUTODROMO DE INTERLAGOS,EMICIDA,ARENAS E ESTADIOS,AREA EXTERNA PARA EVENTOS,BRAZILIAN HIP HOP,62.0,1883815.0,LOLLAPALOOZA,103000.0,Lolla Pista,1050.0,1763.3333333333333,COMUM,SABADO,FIM DE SEMANA,CHUVISCO LEVE,MARÇO,0.0
2701,2023-01-20,2023,ESPACO UNIMED,EMICIDA,MEDIAS CASAS,CASA DE SHOWS,BRAZILIAN HIP HOP,62.0,1883815.0,False,8000.0,Pista,250.0,300.0,COMUM,SEXTA-FEIRA,DIA UTIL,CHUVA MODERADA,JANEIRO,300.0
2702,2023-01-20,2023,ESPACO UNIMED,EMICIDA,MEDIAS CASAS,CASA DE SHOWS,BRAZILIAN HIP HOP,62.0,1883815.0,False,8000.0,Pista Premium,350.0,300.0,VIP,SEXTA-FEIRA,DIA UTIL,CHUVA MODERADA,JANEIRO,0.0
2703,2023-01-20,2023,ESPACO UNIMED,EMICIDA,MEDIAS CASAS,CASA DE SHOWS,BRAZILIAN HIP HOP,62.0,1883815.0,False,8000.0,Pista,250.0,300.0,COMUM,SEXTA-FEIRA,DIA UTIL,CHUVA MODERADA,JANEIRO,0.0
2704,2023-02-10,2023,ESPACO UNIMED,EMICIDA,MEDIAS CASAS,CASA DE SHOWS,BRAZILIAN HIP HOP,62.0,1883815.0,False,7000.0,Pista,250.0,300.0,COMUM,SEXTA-FEIRA,DIA UTIL,CHUVA FORTE,FEVEREIRO,21.0
2705,2023-02-10,2023,ESPACO UNIMED,EMICIDA,MEDIAS CASAS,CASA DE SHOWS,BRAZILIAN HIP HOP,62.0,1883815.0,False,7000.0,Pista Premium,350.0,300.0,VIP,SEXTA-FEIRA,DIA UTIL,CHUVA FORTE,FEVEREIRO,0.0
2706,2023-02-10,2023,ESPACO UNIMED,EMICIDA,MEDIAS CASAS,CASA DE SHOWS,BRAZILIAN HIP HOP,62.0,1883815.0,False,7000.0,Pista,250.0,300.0,COMUM,SEXTA-FEIRA,DIA UTIL,CHUVA FORTE,FEVEREIRO,0.0
2707,2023-02-12,2023,ESPACO UNIMED,EMICIDA,MEDIAS CASAS,CASA DE SHOWS,BRAZILIAN HIP HOP,62.0,1883815.0,False,8000.0,Pista,250.0,300.0,COMUM,DOMINGO,FIM DE SEMANA,CHUVA MODERADA,FEVEREIRO,2.0
2708,2023-02-12,2023,ESPACO UNIMED,EMICIDA,MEDIAS CASAS,CASA DE SHOWS,BRAZILIAN HIP HOP,62.0,1883815.0,False,8000.0,Pista Premium,350.0,300.0,VIP,DOMINGO,FIM DE SEMANA,CHUVA MODERADA,FEVEREIRO,0.0
2709,2023-02-12,2023,ESPACO UNIMED,EMICIDA,MEDIAS CASAS,CASA DE SHOWS,BRAZILIAN HIP HOP,62.0,1883815.0,False,8000.0,Pista,250.0,300.0,COMUM,DOMINGO,FIM DE SEMANA,CHUVA MODERADA,FEVEREIRO,0.0
2710,2023-09-03,2023,AUTODROMO DE INTERLAGOS,SEU JORGE,ARENAS E ESTADIOS,AREA EXTERNA PARA EVENTOS,MPB,67.0,1866384.0,THE TOWN,100000.0,Pista,815.0,815.0,COMUM,DOMINGO,FIM DE SEMANA,CHUVISCO INTENSO,SETEMBRO,136.0
2711,2023-09-03,2023,AUTODROMO DE INTERLAGOS,SEU JORGE,ARENAS E ESTADIOS,AREA EXTERNA PARA EVENTOS,MPB,67.0,1866384.0,THE TOWN,100000.0,Pista,815.0,815.0,COMUM,DOMINGO,FIM DE SEMANA,CHUVISCO INTENSO,SETEMBRO,0.0
2712,2024-09-29,2024,MEMORIAL DA AMERICA LATINA,SEU JORGE,GRANDES CASAS,AREA EXTERNA PARA EVENTOS,MPB,67.0,1866384.0,False,14750.0,Pista,200.0,280.0,COMUM,DOMINGO,FIM DE SEMANA,NUBLADO,SETEMBRO,392.0
2713,2024-09-29,2024,MEMORIAL DA AMERICA LATINA,SEU JORGE,GRANDES CASAS,AREA EXTERNA PARA EVENTOS,MPB,67.0,1866384.0,False,14750.0,Camarote,360.0,280.0,LUXO,DOMINGO,FIM DE SEMANA,NUBLADO,SETEMBRO,0.0
2714,2024-09-29,2024,MEMORIAL DA AMERICA LATINA,SEU JORGE,GRANDES CASAS,AREA EXTERNA PARA EVENTOS,MPB,67.0,1866384.0,False,14750.0,Pista,200.0,280.0,COMUM,DOMINGO,FIM DE SEMANA,NUBLADO,SETEMBRO,0.0
2715,2022-06-22,2022,TOKIO MARINE HALL,SEU JORGE,MEDIAS CASAS,CASA DE SHOWS,MPB,67.0,1866384.0,False,4000.0,Pista,100.0,170.0,COMUM,QUARTA-FEIRA,DIA UTIL,NUBLADO,JUNHO,-830.0
2716,2022-06-22,2022,TOKIO MARINE HALL,SEU JORGE,MEDIAS CASAS,CASA DE SHOWS,MPB,67.0,1866384.0,False,4000.0,Pista Premium,240.0,170.0,VIP,QUARTA-FEIRA,DIA UTIL,NUBLADO,JUNHO,0.0
2717,2022-06-22,2022,TOKIO MARINE HALL,SEU JORGE,MEDIAS CASAS,CASA DE SHOWS,MPB,67.0,1866384.0,False,4000.0,Pista,100.0,170.0,COMUM,QUARTA-FEIRA,DIA UTIL,NUBLADO,JUNHO,0.0
2718,2023-02-04,2023,ESPACO UNIMED,SEU JORGE,MEDIAS CASAS,CASA DE SHOWS,MPB,67.0,1866384.0,False,8000.0,Pista,180.0,235.0,COMUM,SABADO,FIM DE SEMANA,CHUVA LEVE,FEVEREIRO,227.0
2719,2023-02-04,2023,ESPACO UNIMED,SEU JORGE,MEDIAS CASAS,CASA DE SHOWS,MPB,67.0,1866384.0,False,8000.0,Camarote,290.0,235.0,LUXO,SABADO,FIM DE SEMANA,CHUVA LEVE,FEVEREIRO,0.0
2720,2023-02-04,2023,ESPACO UNIMED,SEU JORGE,MEDIAS CASAS,CASA DE SHOWS,MPB,67.0,1866384.0,False,8000.0,Pista,180.0,235.0,COMUM,SABADO,FIM DE SEMANA,CHUVA LEVE,FEVEREIRO,0.0
2721,2025-11-18,2025,ESPACO UNIMED,SEU JORGE,MEDIAS CASAS,CASA DE SHOWS,MPB,67.0,1866384.0,False,8000.0,Pista,340.0,400.0,COMUM,TERCA-FEIRA,DIA UTIL,<FUNCTION SERIES.MODE AT 0X0000027829051A80>,NOVEMBRO,1018.0
2722,2025-11-18,2025,ESPACO UNIMED,SEU JORGE,MEDIAS CASAS,CASA DE SHOWS,MPB,67.0,1866384.0,False,8000.0,Camarote,460.0,400.0,LUXO,TERCA-FEIRA,DIA UTIL,<FUNCTION SERIES.MODE AT 0X0000027829051A80>,NOVEMBRO,0.0
2723,2025-11-18,2025,ESPACO UNIMED,SEU JORGE,MEDIAS CASAS,CASA DE SHOWS,MPB,67.0,1866384.0,False,8000.0,Pista,340.0,400.0,COMUM,TERCA-FEIRA,DIA UTIL,<FUNCTION SERIES.MODE AT 0X0000027829051A80>,NOVEMBRO,0.0
2724,2025-09-27,2025,VIBRA SAO PAULO,SEU JORGE,MEDIAS CASAS,TEATRO E CASA DE ESPETACULOS,MPB,67.0,1866384.0,False,7000.0,Pista,78.0,78.0,COMUM,SABADO,FIM DE SEMANA,NUBLADO,SETEMBRO,-52.0
2725,2025-09-27,2025,VIBRA SAO PAULO,SEU JORGE,MEDIAS CASAS,TEATRO E CASA DE ESPETACULOS,MPB,67.0,1866384.0,False,7000.0,Pista,78.0,78.0,COMUM,SABADO,FIM DE SEMANA,NUBLADO,SETEMBRO,0.0
2726,2024-03-22,2024,AUTODROMO DE INTERLAGOS,MANEVA,ARENAS E ESTADIOS,AREA EXTERNA PARA EVENTOS,REGGAE,67.0,1852942.0,LOLLAPALOOZA,80000.0,Lolla Pista,1100.0,1700.0,COMUM,SEXTA-FEIRA,DIA UTIL,CHUVISCO MODERADO,MARÇO,-484.0
2727,2024-03-22,2024,AUTODROMO DE INTERLAGOS,MANEVA,ARENAS E ESTADIOS,AREA EXTERNA PARA EVENTOS,REGGAE,67.0,1852942.0,LOLLAPALOOZA,80000.0,Lolla Lounge,2250.0,1700.0,LUXO,SEXTA-FEIRA,DIA UTIL,CHUVISCO MODERADO,MARÇO,0.0
2728,2024-03-22,2024,AUTODROMO DE INTERLAGOS,MANEVA,ARENAS E ESTADIOS,AREA EXTERNA PARA EVENTOS,REGGAE,67.0,1852942.0,LOLLAPALOOZA,80000.0,Lolla Confort,1750.0,1700.0,VIP,SEXTA-FEIRA,DIA UTIL,CHUVISCO MODERADO,MARÇO,0.0
2729,2022-03-27,2022,AUTODROMO DE INTERLAGOS,KAYTRANADA,ARENAS E ESTADIOS,AREA EXTERNA PARA EVENTOS,0,72.0,1840954.0,LOLLAPALOOZA,98255.0,Lolla Pista,1050.0,1763.3333333333333,COMUM,DOMINGO,FIM DE SEMANA,CHUVA MODERADA,MARÇO,-1097.0
2730,2022-03-27,2022,AUTODROMO DE INTERLAGOS,KAYTRANADA,ARENAS E ESTADIOS,AREA EXTERNA PARA EVENTOS,0,72.0,1840954.0,LOLLAPALOOZA,98255.0,Lolla Lounge,2400.0,1763.3333333333333,LUXO,DOMINGO,FIM DE SEMANA,CHUVA MODERADA,MARÇO,0.0
2731,2022-03-27,2022,AUTODROMO DE INTERLAGOS,KAYTRANADA,ARENAS E ESTADIOS,AREA EXTERNA PARA EVENTOS,0,72.0,1840954.0,LOLLAPALOOZA,98255.0,Lolla Confort,1840.0,1763.3333333333333,VIP,DOMINGO,FIM DE SEMANA,CHUVA MODERADA,MARÇO,0.0
2732,2023-10-10,2023,ALLIANZ PARQUE,KAYTRANADA,ARENAS E ESTADIOS,ESTADIO MULTIUSO,0,72.0,1840954.0,False,48000.0,Pista Premium,750.0,620.0,VIP,TERCA-FEIRA,DIA UTIL,CHUVISCO LEVE,OUTUBRO,562.0
2733,2023-10-10,2023,ALLIANZ PARQUE,KAYTRANADA,ARENAS E ESTADIOS,ESTADIO MULTIUSO,0,72.0,1840954.0,False,48000.0,Cadeira Inferior,650.0,620.0,INTERMEDIARIO,TERCA-FEIRA,DIA UTIL,CHUVISCO LEVE,OUTUBRO,0.0
2734,2023-10-10,2023,ALLIANZ PARQUE,KAYTRANADA,ARENAS E ESTADIOS,ESTADIO MULTIUSO,0,72.0,1840954.0,False,48000.0,Cadeira Superior,460.0,620.0,INTERMEDIARIO,TERCA-FEIRA,DIA UTIL,CHUVISCO LEVE,OUTUBRO,0.0
2735,2023-10-11,2023,ALLIANZ PARQUE,KAYTRANADA,ARENAS E ESTADIOS,ESTADIO MULTIUSO,0,72.0,1840954.0,False,48000.0,Pista Premium,750.0,620.0,VIP,QUARTA-FEIRA,DIA UTIL,NUBLADO,OUTUBRO,1.0
2736,2023-10-11,2023,ALLIANZ PARQUE,KAYTRANADA,ARENAS E ESTADIOS,ESTADIO MULTIUSO,0,72.0,1840954.0,False,48000.0,Cadeira Inferior,650.0,620.0,INTERMEDIARIO,QUARTA-FEIRA,DIA UTIL,NUBLADO,OUTUBRO,0.0
2737,2023-10-11,2023,ALLIANZ PARQUE,KAYTRANADA,ARENAS E ESTADIOS,ESTADIO MULTIUSO,0,72.0,1840954.0,False,48000.0,Cadeira Superior,460.0,620.0,INTERMEDIARIO,QUARTA-FEIRA,DIA UTIL,NUBLADO,OUTUBRO,0.0
2738,2022-10-23,2022,AUDIO,BLACK LABEL SOCIETY,MEDIAS CASAS,CASA DE SHOWS,GROOVE METAL,63.0,1834654.0,False,3200.0,Pista,280.0,420.0,COMUM,DOMINGO,FIM DE SEMANA,CHUVISCO LEVE,OUTUBRO,-188.0
2739,2022-10-23,2022,AUDIO,BLACK LABEL SOCIETY,MEDIAS CASAS,CASA DE SHOWS,GROOVE METAL,63.0,1834654.0,False,3200.0,Pista Premium,400.0,420.0,VIP,DOMINGO,FIM DE SEMANA,CHUVISCO LEVE,OUTUBRO,0.0
2740,2022-10-23,2022,AUDIO,BLACK LABEL SOCIETY,MEDIAS CASAS,CASA DE SHOWS,GROOVE METAL,63.0,1834654.0,False,3200.0,Camarote,400.0,420.0,LUXO,DOMINGO,FIM DE SEMANA,CHUVISCO LEVE,OUTUBRO,0.0
2741,2022-10-23,2022,AUDIO,BLACK LABEL SOCIETY,MEDIAS CASAS,CASA DE SHOWS,GROOVE METAL,63.0,1834654.0,False,3200.0,VIP I,600.0,420.0,VIP,DOMINGO,FIM DE SEMANA,CHUVISCO LEVE,OUTUBRO,0.0
2742,2024-06-07,2024,AUDIO,INTERPOL,MEDIAS CASAS,CASA DE SHOWS,INDIE ROCK,63.0,1831162.0,False,2600.0,Pista,130.0,330.0,COMUM,SEXTA-FEIRA,DIA UTIL,NUBLADO,JUNHO,-160.0
2743,2024-06-07,2024,AUDIO,INTERPOL,MEDIAS CASAS,CASA DE SHOWS,INDIE ROCK,63.0,1831162.0,False,2600.0,Camarote,530.0,330.0,LUXO,SEXTA-FEIRA,DIA UTIL,NUBLADO,JUNHO,0.0
2744,2024-06-08,2024,AUDIO,INTERPOL,MEDIAS CASAS,CASA DE SHOWS,INDIE ROCK,63.0,1831162.0,False,2573.0,Pista,130.0,330.0,COMUM,SABADO,FIM DE SEMANA,PREDOMINANTEMENTE LIMPO,JUNHO,1.0
2745,2024-06-08,2024,AUDIO,INTERPOL,MEDIAS CASAS,CASA DE SHOWS,INDIE ROCK,63.0,1831162.0,False,2573.0,Camarote,530.0,330.0,LUXO,SABADO,FIM DE SEMANA,PREDOMINANTEMENTE LIMPO,JUNHO,0.0
2746,2022-11-05,2022,DISTRITO ANHEMBI,INTERPOL,GRANDES CASAS,AREA EXTERNA PARA EVENTOS,INDIE ROCK,63.0,1831162.0,PRIMAVERA SOUND,45000.0,Pista,560.0,733.3333333333334,COMUM,SABADO,FIM DE SEMANA,CHUVISCO LEVE,NOVEMBRO,-581.0
2747,2022-11-05,2022,DISTRITO ANHEMBI,INTERPOL,GRANDES CASAS,AREA EXTERNA PARA EVENTOS,INDIE ROCK,63.0,1831162.0,PRIMAVERA SOUND,45000.0,Pista Premium,890.0,733.3333333333334,VIP,SABADO,FIM DE SEMANA,CHUVISCO LEVE,NOVEMBRO,0.0
2748,2022-11-05,2022,DISTRITO ANHEMBI,INTERPOL,GRANDES CASAS,AREA EXTERNA PARA EVENTOS,INDIE ROCK,63.0,1831162.0,PRIMAVERA SOUND,45000.0,Cadeira Inferior,750.0,733.3333333333334,INTERMEDIARIO,SABADO,FIM DE SEMANA,CHUVISCO LEVE,NOVEMBRO,0.0
2749,2023-09-15,2023,VILLA COUNTRY,EDSON & HUDSON,MEDIAS CASAS,CASA DE SHOWS,SERTANEJO,60.0,1828363.0,False,10000.0,Pista,60.0,602.0,COMUM,SEXTA-FEIRA,DIA UTIL,CHUVISCO LEVE,SETEMBRO,-190.0
2750,2023-09-15,2023,VILLA COUNTRY,EDSON & HUDSON,MEDIAS CASAS,CASA DE SHOWS,SERTANEJO,60.0,1828363.0,False,10000.0,Pista Premium,150.0,602.0,VIP,SEXTA-FEIRA,DIA UTIL,CHUVISCO LEVE,SETEMBRO,0.0
2751,2023-09-15,2023,VILLA COUNTRY,EDSON & HUDSON,MEDIAS CASAS,CASA DE SHOWS,SERTANEJO,60.0,1828363.0,False,10000.0,Camarote,400.0,602.0,LUXO,SEXTA-FEIRA,DIA UTIL,CHUVISCO LEVE,SETEMBRO,0.0
2752,2023-09-15,2023,VILLA COUNTRY,EDSON & HUDSON,MEDIAS CASAS,CASA DE SHOWS,SERTANEJO,60.0,1828363.0,False,10000.0,Mesa,700.0,602.0,LUXO,SEXTA-FEIRA,DIA UTIL,CHUVISCO LEVE,SETEMBRO,0.0
2753,2023-09-15,2023,VILLA COUNTRY,EDSON & HUDSON,MEDIAS CASAS,CASA DE SHOWS,SERTANEJO,60.0,1828363.0,False,10000.0,Mezanino ,1700.0,602.0,INTERMEDIARIO,SEXTA-FEIRA,DIA UTIL,CHUVISCO LEVE,SETEMBRO,0.0
2754,2023-09-15,2023,VILLA COUNTRY,EDSON & HUDSON,MEDIAS CASAS,CASA DE SHOWS,SERTANEJO,60.0,1828363.0,False,10000.0,Pista,60.0,602.0,COMUM,SEXTA-FEIRA,DIA UTIL,CHUVISCO LEVE,SETEMBRO,0.0
2755,2024-05-24,2024,TOKIO MARINE HALL,EDSON & HUDSON,MEDIAS CASAS,CASA DE SHOWS,SERTANEJO,60.0,1828363.0,False,4000.0,Pista,140.0,240.0,COMUM,SEXTA-FEIRA,DIA UTIL,CHUVISCO LEVE,MAIO,252.0
2756,2024-05-24,2024,TOKIO MARINE HALL,EDSON & HUDSON,MEDIAS CASAS,CASA DE SHOWS,SERTANEJO,60.0,1828363.0,False,4000.0,Pista Premium,280.0,240.0,VIP,SEXTA-FEIRA,DIA UTIL,CHUVISCO LEVE,MAIO,0.0
2757,2024-05-24,2024,TOKIO MARINE HALL,EDSON & HUDSON,MEDIAS CASAS,CASA DE SHOWS,SERTANEJO,60.0,1828363.0,False,4000.0,Camarote,300.0,240.0,LUXO,SEXTA-FEIRA,DIA UTIL,CHUVISCO LEVE,MAIO,0.0
2758,2024-05-24,2024,TOKIO MARINE HALL,EDSON & HUDSON,MEDIAS CASAS,CASA DE SHOWS,SERTANEJO,60.0,1828363.0,False,4000.0,Pista,140.0,240.0,COMUM,SEXTA-FEIRA,DIA UTIL,CHUVISCO LEVE,MAIO,0.0
2759,2023-05-05,2023,ESPACO UNIMED,EDSON & HUDSON,MEDIAS CASAS,CASA DE SHOWS,SERTANEJO,60.0,1828363.0,False,8000.0,Pista,220.0,370.0,COMUM,SEXTA-FEIRA,DIA UTIL,NUBLADO,MAIO,-385.0
2760,2023-05-05,2023,ESPACO UNIMED,EDSON & HUDSON,MEDIAS CASAS,CASA DE SHOWS,SERTANEJO,60.0,1828363.0,False,8000.0,Pista Premium,380.0,370.0,VIP,SEXTA-FEIRA,DIA UTIL,NUBLADO,MAIO,0.0
2761,2023-05-05,2023,ESPACO UNIMED,EDSON & HUDSON,MEDIAS CASAS,CASA DE SHOWS,SERTANEJO,60.0,1828363.0,False,8000.0,Camarote,500.0,370.0,LUXO,SEXTA-FEIRA,DIA UTIL,NUBLADO,MAIO,0.0
2762,2023-05-05,2023,ESPACO UNIMED,EDSON & HUDSON,MEDIAS CASAS,CASA DE SHOWS,SERTANEJO,60.0,1828363.0,False,8000.0,Cadeira Inferior,480.0,370.0,INTERMEDIARIO,SEXTA-FEIRA,DIA UTIL,NUBLADO,MAIO,0.0
2763,2023-05-05,2023,ESPACO UNIMED,EDSON & HUDSON,MEDIAS CASAS,CASA DE SHOWS,SERTANEJO,60.0,1828363.0,False,8000.0,Cadeira Superior,340.0,370.0,INTERMEDIARIO,SEXTA-FEIRA,DIA UTIL,NUBLADO,MAIO,0.0
2764,2023-05-05,2023,ESPACO UNIMED,EDSON & HUDSON,MEDIAS CASAS,CASA DE SHOWS,SERTANEJO,60.0,1828363.0,False,8000.0,Lounge,300.0,370.0,LUXO,SEXTA-FEIRA,DIA UTIL,NUBLADO,MAIO,0.0
2765,2023-05-05,2023,ESPACO UNIMED,EDSON & HUDSON,MEDIAS CASAS,CASA DE SHOWS,SERTANEJO,60.0,1828363.0,False,8000.0,Pista,220.0,370.0,COMUM,SEXTA-FEIRA,DIA UTIL,NUBLADO,MAIO,0.0
2766,2023-07-21,2023,TOKIO MARINE HALL,P1HARMONY,MEDIAS CASAS,CASA DE SHOWS,K-POP,66.0,1810558.0,False,4000.0,Pista,340.0,437.1428571428572,COMUM,SEXTA-FEIRA,DIA UTIL,NUBLADO,JULHO,-643.0
2767,2023-07-21,2023,TOKIO MARINE HALL,P1HARMONY,MEDIAS CASAS,CASA DE SHOWS,K-POP,66.0,1810558.0,False,4000.0,Pista Premium,490.0,437.1428571428572,VIP,SEXTA-FEIRA,DIA UTIL,NUBLADO,JULHO,0.0
2768,2023-07-21,2023,TOKIO MARINE HALL,P1HARMONY,MEDIAS CASAS,CASA DE SHOWS,K-POP,66.0,1810558.0,False,4000.0,Camarote,410.0,437.1428571428572,LUXO,SEXTA-FEIRA,DIA UTIL,NUBLADO,JULHO,0.0
2769,2023-07-21,2023,TOKIO MARINE HALL,P1HARMONY,MEDIAS CASAS,CASA DE SHOWS,K-POP,66.0,1810558.0,False,4000.0,Cadeira Inferior,490.0,437.1428571428572,INTERMEDIARIO,SEXTA-FEIRA,DIA UTIL,NUBLADO,JULHO,0.0
2770,2023-07-21,2023,TOKIO MARINE HALL,P1HARMONY,MEDIAS CASAS,CASA DE SHOWS,K-POP,66.0,1810558.0,False,4000.0,Cadeira Superior,340.0,437.1428571428572,INTERMEDIARIO,SEXTA-FEIRA,DIA UTIL,NUBLADO,JULHO,0.0
2771,2023-07-21,2023,TOKIO MARINE HALL,P1HARMONY,MEDIAS CASAS,CASA DE SHOWS,K-POP,66.0,1810558.0,False,4000.0,VIP I,440.0,437.1428571428572,VIP,SEXTA-FEIRA,DIA UTIL,NUBLADO,JULHO,0.0
2772,2023-07-21,2023,TOKIO MARINE HALL,P1HARMONY,MEDIAS CASAS,CASA DE SHOWS,K-POP,66.0,1810558.0,False,4000.0,VIP II,550.0,437.1428571428572,ULTRA VIP,SEXTA-FEIRA,DIA UTIL,NUBLADO,JULHO,0.0
2773,2025-10-24,2025,VIBRA SAO PAULO,P1HARMONY,MEDIAS CASAS,TEATRO E CASA DE ESPETACULOS,K-POP,66.0,1810558.0,False,7000.0,Pista,750.0,1045.0,COMUM,SEXTA-FEIRA,DIA UTIL,NUBLADO,OUTUBRO,826.0
2774,2025-10-24,2025,VIBRA SAO PAULO,P1HARMONY,MEDIAS CASAS,TEATRO E CASA DE ESPETACULOS,K-POP,66.0,1810558.0,False,7000.0,Pista Premium,820.0,1045.0,VIP,SEXTA-FEIRA,DIA UTIL,NUBLADO,OUTUBRO,0.0
2775,2025-10-24,2025,VIBRA SAO PAULO,P1HARMONY,MEDIAS CASAS,TEATRO E CASA DE ESPETACULOS,K-POP,66.0,1810558.0,False,7000.0,Camarote,700.0,1045.0,LUXO,SEXTA-FEIRA,DIA UTIL,NUBLADO,OUTUBRO,0.0
2776,2025-10-24,2025,VIBRA SAO PAULO,P1HARMONY,MEDIAS CASAS,TEATRO E CASA DE ESPETACULOS,K-POP,66.0,1810558.0,False,7000.0,Cadeira Superior,500.0,1045.0,INTERMEDIARIO,SEXTA-FEIRA,DIA UTIL,NUBLADO,OUTUBRO,0.0
2777,2025-10-24,2025,VIBRA SAO PAULO,P1HARMONY,MEDIAS CASAS,TEATRO E CASA DE ESPETACULOS,K-POP,66.0,1810558.0,False,7000.0,VIP I,1500.0,1045.0,VIP,SEXTA-FEIRA,DIA UTIL,NUBLADO,OUTUBRO,0.0
2778,2025-10-24,2025,VIBRA SAO PAULO,P1HARMONY,MEDIAS CASAS,TEATRO E CASA DE ESPETACULOS,K-POP,66.0,1810558.0,False,7000.0,VIP II,2000.0,1045.0,ULTRA VIP,SEXTA-FEIRA,DIA UTIL,NUBLADO,OUTUBRO,0.0
2779,2023-03-04,2023,TOKIO MARINE HALL,CHICO BUARQUE,MEDIAS CASAS,CASA DE SHOWS,MPB,63.0,1801385.0,False,4000.0,Pista,160.0,374.0,COMUM,SABADO,FIM DE SEMANA,CHUVA MODERADA,MARÇO,-938.0
2780,2023-03-04,2023,TOKIO MARINE HALL,CHICO BUARQUE,MEDIAS CASAS,CASA DE SHOWS,MPB,63.0,1801385.0,False,4000.0,Pista Premium,700.0,374.0,VIP,SABADO,FIM DE SEMANA,CHUVA MODERADA,MARÇO,0.0
2781,2023-03-04,2023,TOKIO MARINE HALL,CHICO BUARQUE,MEDIAS CASAS,CASA DE SHOWS,MPB,63.0,1801385.0,False,4000.0,Camarote,480.0,374.0,LUXO,SABADO,FIM DE SEMANA,CHUVA MODERADA,MARÇO,0.0
2782,2023-03-04,2023,TOKIO MARINE HALL,CHICO BUARQUE,MEDIAS CASAS,CASA DE SHOWS,MPB,63.0,1801385.0,False,4000.0,Cadeira Inferior,280.0,374.0,INTERMEDIARIO,SABADO,FIM DE SEMANA,CHUVA MODERADA,MARÇO,0.0
2783,2023-03-04,2023,TOKIO MARINE HALL,CHICO BUARQUE,MEDIAS CASAS,CASA DE SHOWS,MPB,63.0,1801385.0,False,4000.0,Cadeira Superior,250.0,374.0,INTERMEDIARIO,SABADO,FIM DE SEMANA,CHUVA MODERADA,MARÇO,0.0
2784,2023-03-04,2023,TOKIO MARINE HALL,CHICO BUARQUE,MEDIAS CASAS,CASA DE SHOWS,MPB,63.0,1801385.0,False,4000.0,Pista,160.0,374.0,COMUM,SABADO,FIM DE SEMANA,CHUVA MODERADA,MARÇO,0.0
2785,2023-03-05,2023,TOKIO MARINE HALL,CHICO BUARQUE,MEDIAS CASAS,CASA DE SHOWS,MPB,63.0,1801385.0,False,4000.0,Pista,160.0,374.0,COMUM,DOMINGO,FIM DE SEMANA,CHUVA MODERADA,MARÇO,1.0
2786,2023-03-05,2023,TOKIO MARINE HALL,CHICO BUARQUE,MEDIAS CASAS,CASA DE SHOWS,MPB,63.0,1801385.0,False,4000.0,Pista Premium,700.0,374.0,VIP,DOMINGO,FIM DE SEMANA,CHUVA MODERADA,MARÇO,0.0
2787,2023-03-05,2023,TOKIO MARINE HALL,CHICO BUARQUE,MEDIAS CASAS,CASA DE SHOWS,MPB,63.0,1801385.0,False,4000.0,Camarote,480.0,374.0,LUXO,DOMINGO,FIM DE SEMANA,CHUVA MODERADA,MARÇO,0.0
2788,2023-03-05,2023,TOKIO MARINE HALL,CHICO BUARQUE,MEDIAS CASAS,CASA DE SHOWS,MPB,63.0,1801385.0,False,4000.0,Cadeira Inferior,280.0,374.0,INTERMEDIARIO,DOMINGO,FIM DE SEMANA,CHUVA MODERADA,MARÇO,0.0
2789,2023-03-05,2023,TOKIO MARINE HALL,CHICO BUARQUE,MEDIAS CASAS,CASA DE SHOWS,MPB,63.0,1801385.0,False,4000.0,Cadeira Superior,250.0,374.0,INTERMEDIARIO,DOMINGO,FIM DE SEMANA,CHUVA MODERADA,MARÇO,0.0
2790,2023-03-05,2023,TOKIO MARINE HALL,CHICO BUARQUE,MEDIAS CASAS,CASA DE SHOWS,MPB,63.0,1801385.0,False,4000.0,Pista,160.0,374.0,COMUM,DOMINGO,FIM DE SEMANA,CHUVA MODERADA,MARÇO,0.0
2791,2023-03-25,2023,TOKIO MARINE HALL,CHICO BUARQUE,MEDIAS CASAS,CASA DE SHOWS,MPB,63.0,1801385.0,False,4000.0,Pista,160.0,374.0,COMUM,SABADO,FIM DE SEMANA,NUBLADO,MARÇO,20.0
2792,2023-03-25,2023,TOKIO MARINE HALL,CHICO BUARQUE,MEDIAS CASAS,CASA DE SHOWS,MPB,63.0,1801385.0,False,4000.0,Pista Premium,700.0,374.0,VIP,SABADO,FIM DE SEMANA,NUBLADO,MARÇO,0.0
2793,2023-03-25,2023,TOKIO MARINE HALL,CHICO BUARQUE,MEDIAS CASAS,CASA DE SHOWS,MPB,63.0,1801385.0,False,4000.0,Camarote,480.0,374.0,LUXO,SABADO,FIM DE SEMANA,NUBLADO,MARÇO,0.0
2794,2023-03-25,2023,TOKIO MARINE HALL,CHICO BUARQUE,MEDIAS CASAS,CASA DE SHOWS,MPB,63.0,1801385.0,False,4000.0,Cadeira Inferior,280.0,374.0,INTERMEDIARIO,SABADO,FIM DE SEMANA,NUBLADO,MARÇO,0.0
2795,2023-03-25,2023,TOKIO MARINE HALL,CHICO BUARQUE,MEDIAS CASAS,CASA DE SHOWS,MPB,63.0,1801385.0,False,4000.0,Cadeira Superior,250.0,374.0,INTERMEDIARIO,SABADO,FIM DE SEMANA,NUBLADO,MARÇO,0.0
2796,2023-03-25,2023,TOKIO MARINE HALL,CHICO BUARQUE,MEDIAS CASAS,CASA DE SHOWS,MPB,63.0,1801385.0,False,4000.0,Pista,160.0,374.0,COMUM,SABADO,FIM DE SEMANA,NUBLADO,MARÇO,0.0
2797,2023-03-30,2023,TOKIO MARINE HALL,CHICO BUARQUE,MEDIAS CASAS,CASA DE SHOWS,MPB,63.0,1801385.0,False,4000.0,Pista,160.0,374.0,COMUM,QUINTA-FEIRA,DIA UTIL,CHUVISCO LEVE,MARÇO,5.0
2798,2023-03-30,2023,TOKIO MARINE HALL,CHICO BUARQUE,MEDIAS CASAS,CASA DE SHOWS,MPB,63.0,1801385.0,False,4000.0,Pista Premium,700.0,374.0,VIP,QUINTA-FEIRA,DIA UTIL,CHUVISCO LEVE,MARÇO,0.0
2799,2023-03-30,2023,TOKIO MARINE HALL,CHICO BUARQUE,MEDIAS CASAS,CASA DE SHOWS,MPB,63.0,1801385.0,False,4000.0,Camarote,480.0,374.0,LUXO,QUINTA-FEIRA,DIA UTIL,CHUVISCO LEVE,MARÇO,0.0
2800,2023-03-30,2023,TOKIO MARINE HALL,CHICO BUARQUE,MEDIAS CASAS,CASA DE SHOWS,MPB,63.0,1801385.0,False,4000.0,Cadeira Inferior,280.0,374.0,INTERMEDIARIO,QUINTA-FEIRA,DIA UTIL,CHUVISCO LEVE,MARÇO,0.0
2801,2023-03-30,2023,TOKIO MARINE HALL,CHICO BUARQUE,MEDIAS CASAS,CASA DE SHOWS,MPB,63.0,1801385.0,False,4000.0,Cadeira Superior,250.0,374.0,INTERMEDIARIO,QUINTA-FEIRA,DIA UTIL,CHUVISCO LEVE,MARÇO,0.0
2802,2023-03-30,2023,TOKIO MARINE HALL,CHICO BUARQUE,MEDIAS CASAS,CASA DE SHOWS,MPB,63.0,1801385.0,False,4000.0,Pista,160.0,374.0,COMUM,QUINTA-FEIRA,DIA UTIL,CHUVISCO LEVE,MARÇO,0.0
2803,2023-04-07,2023,TOKIO MARINE HALL,CHICO BUARQUE,MEDIAS CASAS,CASA DE SHOWS,MPB,63.0,1801385.0,False,4000.0,Pista,160.0,374.0,COMUM,SEXTA-FEIRA,FERIADO NACIONAL,CHUVA LEVE,ABRIL,8.0
2804,2023-04-07,2023,TOKIO MARINE HALL,CHICO BUARQUE,MEDIAS CASAS,CASA DE SHOWS,MPB,63.0,1801385.0,False,4000.0,Pista Premium,700.0,374.0,VIP,SEXTA-FEIRA,FERIADO NACIONAL,CHUVA LEVE,ABRIL,0.0
2805,2023-04-07,2023,TOKIO MARINE HALL,CHICO BUARQUE,MEDIAS CASAS,CASA DE SHOWS,MPB,63.0,1801385.0,False,4000.0,Camarote,480.0,374.0,LUXO,SEXTA-FEIRA,FERIADO NACIONAL,CHUVA LEVE,ABRIL,0.0
2806,2023-04-07,2023,TOKIO MARINE HALL,CHICO BUARQUE,MEDIAS CASAS,CASA DE SHOWS,MPB,63.0,1801385.0,False,4000.0,Cadeira Inferior,280.0,374.0,INTERMEDIARIO,SEXTA-FEIRA,FERIADO NACIONAL,CHUVA LEVE,ABRIL,0.0
2807,2023-04-07,2023,TOKIO MARINE HALL,CHICO BUARQUE,MEDIAS CASAS,CASA DE SHOWS,MPB,63.0,1801385.0,False,4000.0,Cadeira Superior,250.0,374.0,INTERMEDIARIO,SEXTA-FEIRA,FERIADO NACIONAL,CHUVA LEVE,ABRIL,0.0
2808,2023-04-07,2023,TOKIO MARINE HALL,CHICO BUARQUE,MEDIAS CASAS,CASA DE SHOWS,MPB,63.0,1801385.0,False,4000.0,Pista,160.0,374.0,COMUM,SEXTA-FEIRA,FERIADO NACIONAL,CHUVA LEVE,ABRIL,0.0
2809,2023-11-14,2023,ESPACO UNIMED,GOJIRA,MEDIAS CASAS,CASA DE SHOWS,GROOVE METAL,64.0,1798609.0,False,8000.0,Pista,450.0,685.0,COMUM,TERCA-FEIRA,DIA UTIL,CHUVISCO MODERADO,NOVEMBRO,387.0
2810,2023-11-14,2023,ESPACO UNIMED,GOJIRA,MEDIAS CASAS,CASA DE SHOWS,GROOVE METAL,64.0,1798609.0,False,8000.0,Pista Premium,690.0,685.0,VIP,TERCA-FEIRA,DIA UTIL,CHUVISCO MODERADO,NOVEMBRO,0.0
2811,2023-11-14,2023,ESPACO UNIMED,GOJIRA,MEDIAS CASAS,CASA DE SHOWS,GROOVE METAL,64.0,1798609.0,False,8000.0,Camarote,850.0,685.0,LUXO,TERCA-FEIRA,DIA UTIL,CHUVISCO MODERADO,NOVEMBRO,0.0
2812,2023-11-14,2023,ESPACO UNIMED,GOJIRA,MEDIAS CASAS,CASA DE SHOWS,GROOVE METAL,64.0,1798609.0,False,8000.0,Mezanino ,750.0,685.0,INTERMEDIARIO,TERCA-FEIRA,DIA UTIL,CHUVISCO MODERADO,NOVEMBRO,0.0
2813,2025-09-07,2025,AUTODROMO DE INTERLAGOS,IGGY POP,ARENAS E ESTADIOS,AREA EXTERNA PARA EVENTOS,PROTO-PUNK,65.0,1793631.0,THE TOWN,90000.0,Pista,975.0,975.0,COMUM,DOMINGO,FIM DE SEMANA,CHUVISCO LEVE,SETEMBRO,999.0
2814,2025-11-05,2025,AUDIO,TASH SULTANA,MEDIAS CASAS,CASA DE SHOWS,0,62.0,1790569.0,False,3200.0,Pista,425.0,445.0,COMUM,QUARTA-FEIRA,DIA UTIL,CHUVA MODERADA,NOVEMBRO,756.0
2815,2025-11-05,2025,AUDIO,TASH SULTANA,MEDIAS CASAS,CASA DE SHOWS,0,62.0,1790569.0,False,3200.0,Mezanino ,465.0,445.0,INTERMEDIARIO,QUARTA-FEIRA,DIA UTIL,CHUVA MODERADA,NOVEMBRO,0.0
2816,2022-08-31,2022,TOKIO MARINE HALL,DREAM THEATER,MEDIAS CASAS,CASA DE SHOWS,PROGRESSIVE METAL,61.0,1784602.0,False,4000.0,Pista,340.0,540.0,COMUM,QUARTA-FEIRA,DIA UTIL,NUBLADO,AGOSTO,-942.0
2817,2022-08-31,2022,TOKIO MARINE HALL,DREAM THEATER,MEDIAS CASAS,CASA DE SHOWS,PROGRESSIVE METAL,61.0,1784602.0,False,4000.0,Pista Premium,620.0,540.0,VIP,QUARTA-FEIRA,DIA UTIL,NUBLADO,AGOSTO,0.0
2818,2022-08-31,2022,TOKIO MARINE HALL,DREAM THEATER,MEDIAS CASAS,CASA DE SHOWS,PROGRESSIVE METAL,61.0,1784602.0,False,4000.0,Camarote,660.0,540.0,LUXO,QUARTA-FEIRA,DIA UTIL,NUBLADO,AGOSTO,0.0
2819,2024-12-15,2024,VIBRA SAO PAULO,DREAM THEATER,MEDIAS CASAS,TEATRO E CASA DE ESPETACULOS,PROGRESSIVE METAL,61.0,1784602.0,False,6900.0,Pista,700.0,1210.0,COMUM,DOMINGO,FIM DE SEMANA,CHUVA MODERADA,DEZEMBRO,837.0
2820,2024-12-15,2024,VIBRA SAO PAULO,DREAM THEATER,MEDIAS CASAS,TEATRO E CASA DE ESPETACULOS,PROGRESSIVE METAL,61.0,1784602.0,False,6900.0,Pista Premium,800.0,1210.0,VIP,DOMINGO,FIM DE SEMANA,CHUVA MODERADA,DEZEMBRO,0.0
2821,2024-12-15,2024,VIBRA SAO PAULO,DREAM THEATER,MEDIAS CASAS,TEATRO E CASA DE ESPETACULOS,PROGRESSIVE METAL,61.0,1784602.0,False,6900.0,Camarote,850.0,1210.0,LUXO,DOMINGO,FIM DE SEMANA,CHUVA MODERADA,DEZEMBRO,0.0
2822,2024-12-15,2024,VIBRA SAO PAULO,DREAM THEATER,MEDIAS CASAS,TEATRO E CASA DE ESPETACULOS,PROGRESSIVE METAL,61.0,1784602.0,False,6900.0,VIP I,1700.0,1210.0,VIP,DOMINGO,FIM DE SEMANA,CHUVA MODERADA,DEZEMBRO,0.0
2823,2024-12-15,2024,VIBRA SAO PAULO,DREAM THEATER,MEDIAS CASAS,TEATRO E CASA DE ESPETACULOS,PROGRESSIVE METAL,61.0,1784602.0,False,6900.0,VIP II,2000.0,1210.0,ULTRA VIP,DOMINGO,FIM DE SEMANA,CHUVA MODERADA,DEZEMBRO,0.0
2824,2025-08-30,2025,ALLIANZ PARQUE,NECK DEEP,ARENAS E ESTADIOS,ESTADIO MULTIUSO,POP PUNK,64.0,1773711.0,I WANNA BE TOUR,50000.0,Pista,895.0,870.0,COMUM,SABADO,FIM DE SEMANA,CHUVISCO LEVE,AGOSTO,0.0
2825,2025-08-30,2025,ALLIANZ PARQUE,NECK DEEP,ARENAS E ESTADIOS,ESTADIO MULTIUSO,POP PUNK,64.0,1773711.0,I WANNA BE TOUR,50000.0,Cadeira Inferior,695.0,870.0,INTERMEDIARIO,SABADO,FIM DE SEMANA,CHUVISCO LEVE,AGOSTO,0.0
2826,2025-08-30,2025,ALLIANZ PARQUE,NECK DEEP,ARENAS E ESTADIOS,ESTADIO MULTIUSO,POP PUNK,64.0,1773711.0,I WANNA BE TOUR,50000.0,Cadeira Superior,495.0,870.0,INTERMEDIARIO,SABADO,FIM DE SEMANA,CHUVISCO LEVE,AGOSTO,0.0
2827,2025-08-30,2025,ALLIANZ PARQUE,NECK DEEP,ARENAS E ESTADIOS,ESTADIO MULTIUSO,POP PUNK,64.0,1773711.0,I WANNA BE TOUR,50000.0,VIP I,1395.0,870.0,VIP,SABADO,FIM DE SEMANA,CHUVISCO LEVE,AGOSTO,0.0
2828,2025-08-29,2025,TOKIO MARINE HALL,NECK DEEP,MEDIAS CASAS,CASA DE SHOWS,POP PUNK,64.0,1773711.0,False,4000.0,Pista,395.0,515.0,COMUM,SEXTA-FEIRA,DIA UTIL,CHUVA FORTE,AGOSTO,-1.0
2829,2025-08-29,2025,TOKIO MARINE HALL,NECK DEEP,MEDIAS CASAS,CASA DE SHOWS,POP PUNK,64.0,1773711.0,False,4000.0,Pista Premium,595.0,515.0,VIP,SEXTA-FEIRA,DIA UTIL,CHUVA FORTE,AGOSTO,0.0
2830,2025-08-29,2025,TOKIO MARINE HALL,NECK DEEP,MEDIAS CASAS,CASA DE SHOWS,POP PUNK,64.0,1773711.0,False,4000.0,Camarote,695.0,515.0,LUXO,SEXTA-FEIRA,DIA UTIL,CHUVA FORTE,AGOSTO,0.0
2831,2025-08-29,2025,TOKIO MARINE HALL,NECK DEEP,MEDIAS CASAS,CASA DE SHOWS,POP PUNK,64.0,1773711.0,False,4000.0,Cadeira Inferior,495.0,515.0,INTERMEDIARIO,SEXTA-FEIRA,DIA UTIL,CHUVA FORTE,AGOSTO,0.0
2832,2025-08-29,2025,TOKIO MARINE HALL,NECK DEEP,MEDIAS CASAS,CASA DE SHOWS,POP PUNK,64.0,1773711.0,False,4000.0,Cadeira Superior,395.0,515.0,INTERMEDIARIO,SEXTA-FEIRA,DIA UTIL,CHUVA FORTE,AGOSTO,0.0
2833,2025-09-14,2025,AUTODROMO DE INTERLAGOS,ANNA,ARENAS E ESTADIOS,AREA EXTERNA PARA EVENTOS,ITALIAN TRAP,67.0,1770236.0,THE TOWN,82000.0,Pista,975.0,975.0,COMUM,DOMINGO,FIM DE SEMANA,NUBLADO,SETEMBRO,999.0
2834,2025-09-14,2025,AUTODROMO DE INTERLAGOS,ANNA,ARENAS E ESTADIOS,AREA EXTERNA PARA EVENTOS,ITALIAN TRAP,67.0,1770236.0,THE TOWN,82000.0,Pista,975.0,975.0,COMUM,DOMINGO,FIM DE SEMANA,NUBLADO,SETEMBRO,0.0
2835,2022-03-18,2022,AUDIO,JUNGLE,MEDIAS CASAS,CASA DE SHOWS,0,70.0,1751062.0,False,3200.0,Pista,410.0,711.6666666666666,COMUM,SEXTA-FEIRA,DIA UTIL,CHUVA LEVE,MARÇO,-1328.0
2836,2022-03-18,2022,AUDIO,JUNGLE,MEDIAS CASAS,CASA DE SHOWS,0,70.0,1751062.0,False,3200.0,Pista Premium,750.0,711.6666666666666,VIP,SEXTA-FEIRA,DIA UTIL,CHUVA LEVE,MARÇO,0.0
2837,2022-03-18,2022,AUDIO,JUNGLE,MEDIAS CASAS,CASA DE SHOWS,0,70.0,1751062.0,False,3200.0,Camarote,975.0,711.6666666666666,LUXO,SEXTA-FEIRA,DIA UTIL,CHUVA LEVE,MARÇO,0.0
2838,2024-03-22,2024,AUTODROMO DE INTERLAGOS,JUNGLE,ARENAS E ESTADIOS,AREA EXTERNA PARA EVENTOS,0,70.0,1751062.0,LOLLAPALOOZA,80000.0,Lolla Pista,1100.0,1700.0,COMUM,SEXTA-FEIRA,DIA UTIL,CHUVISCO MODERADO,MARÇO,735.0
2839,2024-03-22,2024,AUTODROMO DE INTERLAGOS,JUNGLE,ARENAS E ESTADIOS,AREA EXTERNA PARA EVENTOS,0,70.0,1751062.0,LOLLAPALOOZA,80000.0,Lolla Lounge,2250.0,1700.0,LUXO,SEXTA-FEIRA,DIA UTIL,CHUVISCO MODERADO,MARÇO,0.0
2840,2024-03-22,2024,AUTODROMO DE INTERLAGOS,JUNGLE,ARENAS E ESTADIOS,AREA EXTERNA PARA EVENTOS,0,70.0,1751062.0,LOLLAPALOOZA,80000.0,Lolla Confort,1750.0,1700.0,VIP,SEXTA-FEIRA,DIA UTIL,CHUVISCO MODERADO,MARÇO,0.0
2841,2025-03-28,2025,AUTODROMO DE INTERLAGOS,NESSA BARRETT,ARENAS E ESTADIOS,AREA EXTERNA PARA EVENTOS,0,69.0,1725801.0,LOLLAPALOOZA,80000.0,Lolla Pista,1050.0,1678.1666666666667,COMUM,SEXTA-FEIRA,DIA UTIL,CHUVA LEVE,MARÇO,371.0
2842,2025-03-28,2025,AUTODROMO DE INTERLAGOS,NESSA BARRETT,ARENAS E ESTADIOS,AREA EXTERNA PARA EVENTOS,0,69.0,1725801.0,LOLLAPALOOZA,80000.0,Lolla Lounge,2310.0,1678.1666666666667,LUXO,SEXTA-FEIRA,DIA UTIL,CHUVA LEVE,MARÇO,0.0
2843,2025-03-28,2025,AUTODROMO DE INTERLAGOS,NESSA BARRETT,ARENAS E ESTADIOS,AREA EXTERNA PARA EVENTOS,0,69.0,1725801.0,LOLLAPALOOZA,80000.0,Lolla Confort,1674.5,1678.1666666666667,VIP,SEXTA-FEIRA,DIA UTIL,CHUVA LEVE,MARÇO,0.0
2844,2023-12-03,2023,AUTODROMO DE INTERLAGOS,BECK,ARENAS E ESTADIOS,AREA EXTERNA PARA EVENTOS,ANTI-FOLK,65.0,1721742.0,False,50000.0,Pista,990.0,1495.0,COMUM,DOMINGO,FIM DE SEMANA,NUBLADO,DEZEMBRO,999.0
2845,2023-12-03,2023,AUTODROMO DE INTERLAGOS,BECK,ARENAS E ESTADIOS,AREA EXTERNA PARA EVENTOS,ANTI-FOLK,65.0,1721742.0,False,50000.0,Pista Premium,2000.0,1495.0,VIP,DOMINGO,FIM DE SEMANA,NUBLADO,DEZEMBRO,0.0
2846,2022-12-18,2022,SAMBODROMO DO ANHEMBI,TRIVIUM,ARENAS E ESTADIOS,AREA EXTERNA PARA EVENTOS,METALCORE,63.0,1715185.0,False,45000.0,Pista,900.0,900.0,COMUM,DOMINGO,FIM DE SEMANA,CHUVISCO LEVE,DEZEMBRO,-713.0
2847,2022-06-17,2022,SAMBODROMO DO ANHEMBI,DESTROY LONELY,ARENAS E ESTADIOS,AREA EXTERNA PARA EVENTOS,RAGE RAP,73.0,1712921.0,False,34000.0,Pista,440.0,440.0,COMUM,SEXTA-FEIRA,DIA UTIL,NUBLADO,JUNHO,0.0
2848,2024-04-13,2024,AUDIO,ROYAL BLOOD,MEDIAS CASAS,CASA DE SHOWS,GARAGE ROCK,62.0,1710815.0,False,2700.0,Pista,390.0,520.0,COMUM,SABADO,FIM DE SEMANA,CHUVISCO LEVE,ABRIL,750.0
2849,2024-04-13,2024,AUDIO,ROYAL BLOOD,MEDIAS CASAS,CASA DE SHOWS,GARAGE ROCK,62.0,1710815.0,False,2700.0,Camarote,650.0,520.0,LUXO,SABADO,FIM DE SEMANA,CHUVISCO LEVE,ABRIL,0.0
2850,2024-10-20,2024,ALLIANZ PARQUE,POPPY,ARENAS E ESTADIOS,ESTADIO MULTIUSO,0,68.0,1709755.0,False,60000.0,Pista,790.0,1790.0,COMUM,DOMINGO,FIM DE SEMANA,CHUVA LEVE,OUTUBRO,-159.0
2851,2024-10-20,2024,ALLIANZ PARQUE,POPPY,ARENAS E ESTADIOS,ESTADIO MULTIUSO,0,68.0,1709755.0,False,60000.0,Cadeira Inferior,690.0,1790.0,INTERMEDIARIO,DOMINGO,FIM DE SEMANA,CHUVA LEVE,OUTUBRO,0.0
2852,2024-10-20,2024,ALLIANZ PARQUE,POPPY,ARENAS E ESTADIOS,ESTADIO MULTIUSO,0,68.0,1709755.0,False,60000.0,Cadeira Superior,490.0,1790.0,INTERMEDIARIO,DOMINGO,FIM DE SEMANA,CHUVA LEVE,OUTUBRO,0.0
2853,2024-10-20,2024,ALLIANZ PARQUE,POPPY,ARENAS E ESTADIOS,ESTADIO MULTIUSO,0,68.0,1709755.0,False,60000.0,VIP I,4990.0,1790.0,VIP,DOMINGO,FIM DE SEMANA,CHUVA LEVE,OUTUBRO,0.0
2854,2024-10-20,2024,ALLIANZ PARQUE,POPPY,ARENAS E ESTADIOS,ESTADIO MULTIUSO,0,68.0,1709755.0,False,60000.0,VIP II,1990.0,1790.0,ULTRA VIP,DOMINGO,FIM DE SEMANA,CHUVA LEVE,OUTUBRO,0.0
2855,2025-11-08,2025,MORUMBIS,POPPY,ARENAS E ESTADIOS,ESTADIO MULTIUSO,0,68.0,1709755.0,False,68000.0,Pista,550.0,2885.8,COMUM,SABADO,FIM DE SEMANA,CHUVA LEVE,NOVEMBRO,384.0
2856,2025-11-08,2025,MORUMBIS,POPPY,ARENAS E ESTADIOS,ESTADIO MULTIUSO,0,68.0,1709755.0,False,68000.0,Pista Premium,860.0,2885.8,VIP,SABADO,FIM DE SEMANA,CHUVA LEVE,NOVEMBRO,0.0
2857,2025-11-08,2025,MORUMBIS,POPPY,ARENAS E ESTADIOS,ESTADIO MULTIUSO,0,68.0,1709755.0,False,68000.0,Camarote,890.0,2885.8,LUXO,SABADO,FIM DE SEMANA,CHUVA LEVE,NOVEMBRO,0.0
2858,2025-11-08,2025,MORUMBIS,POPPY,ARENAS E ESTADIOS,ESTADIO MULTIUSO,0,68.0,1709755.0,False,68000.0,Cadeira Superior,420.0,2885.8,INTERMEDIARIO,SABADO,FIM DE SEMANA,CHUVA LEVE,NOVEMBRO,0.0
2859,2025-11-08,2025,MORUMBIS,POPPY,ARENAS E ESTADIOS,ESTADIO MULTIUSO,0,68.0,1709755.0,False,68000.0,Meet & Greet,11709.0,2885.8,ULTRA VIP,SABADO,FIM DE SEMANA,CHUVA LEVE,NOVEMBRO,0.0
2860,2025-05-30,2025,ESPACO UNIMED,GIGI PEREZ,MEDIAS CASAS,CASA DE SHOWS,0,76.0,1700327.0,False,8000.0,Pista,640.0,815.0,COMUM,SEXTA-FEIRA,DIA UTIL,NUBLADO,MAIO,-162.0
2861,2025-05-30,2025,ESPACO UNIMED,GIGI PEREZ,MEDIAS CASAS,CASA DE SHOWS,0,76.0,1700327.0,False,8000.0,Pista Premium,850.0,815.0,VIP,SEXTA-FEIRA,DIA UTIL,NUBLADO,MAIO,0.0
2862,2025-05-30,2025,ESPACO UNIMED,GIGI PEREZ,MEDIAS CASAS,CASA DE SHOWS,0,76.0,1700327.0,False,8000.0,Camarote,890.0,815.0,LUXO,SEXTA-FEIRA,DIA UTIL,NUBLADO,MAIO,0.0
2863,2025-05-30,2025,ESPACO UNIMED,GIGI PEREZ,MEDIAS CASAS,CASA DE SHOWS,0,76.0,1700327.0,False,8000.0,Mezanino ,880.0,815.0,INTERMEDIARIO,SEXTA-FEIRA,DIA UTIL,NUBLADO,MAIO,0.0
2864,2023-11-29,2023,AUDIO,FKJ,MEDIAS CASAS,CASA DE SHOWS,0,64.0,1669513.0,False,2639.0666666666666,Pista,160.0,160.0,COMUM,QUARTA-FEIRA,DIA UTIL,CHUVA LEVE,NOVEMBRO,-548.0
2865,2025-03-30,2025,AUTODROMO DE INTERLAGOS,MICHAEL KIWANUKA,ARENAS E ESTADIOS,AREA EXTERNA PARA EVENTOS,SOUL,67.0,1668233.0,LOLLAPALOOZA,80000.0,Lolla Pista,1050.0,1678.1666666666667,COMUM,DOMINGO,FIM DE SEMANA,CHUVISCO LEVE,MARÇO,999.0
2866,2025-03-30,2025,AUTODROMO DE INTERLAGOS,MICHAEL KIWANUKA,ARENAS E ESTADIOS,AREA EXTERNA PARA EVENTOS,SOUL,67.0,1668233.0,LOLLAPALOOZA,80000.0,Lolla Lounge,2310.0,1678.1666666666667,LUXO,DOMINGO,FIM DE SEMANA,CHUVISCO LEVE,MARÇO,0.0
2867,2025-03-30,2025,AUTODROMO DE INTERLAGOS,MICHAEL KIWANUKA,ARENAS E ESTADIOS,AREA EXTERNA PARA EVENTOS,SOUL,67.0,1668233.0,LOLLAPALOOZA,80000.0,Lolla Confort,1674.5,1678.1666666666667,VIP,DOMINGO,FIM DE SEMANA,CHUVISCO LEVE,MARÇO,0.0
2868,2025-08-30,2025,ALLIANZ PARQUE,YELLOWCARD,ARENAS E ESTADIOS,ESTADIO MULTIUSO,POP PUNK,65.0,1659121.0,I WANNA BE TOUR,50000.0,Pista,895.0,870.0,COMUM,SABADO,FIM DE SEMANA,CHUVISCO LEVE,AGOSTO,1.0
2869,2025-08-30,2025,ALLIANZ PARQUE,YELLOWCARD,ARENAS E ESTADIOS,ESTADIO MULTIUSO,POP PUNK,65.0,1659121.0,I WANNA BE TOUR,50000.0,Cadeira Inferior,695.0,870.0,INTERMEDIARIO,SABADO,FIM DE SEMANA,CHUVISCO LEVE,AGOSTO,0.0
2870,2025-08-30,2025,ALLIANZ PARQUE,YELLOWCARD,ARENAS E ESTADIOS,ESTADIO MULTIUSO,POP PUNK,65.0,1659121.0,I WANNA BE TOUR,50000.0,Cadeira Superior,495.0,870.0,INTERMEDIARIO,SABADO,FIM DE SEMANA,CHUVISCO LEVE,AGOSTO,0.0
2871,2025-08-30,2025,ALLIANZ PARQUE,YELLOWCARD,ARENAS E ESTADIOS,ESTADIO MULTIUSO,POP PUNK,65.0,1659121.0,I WANNA BE TOUR,50000.0,VIP I,1395.0,870.0,VIP,SABADO,FIM DE SEMANA,CHUVISCO LEVE,AGOSTO,0.0
2872,2025-08-29,2025,TOKIO MARINE HALL,YELLOWCARD,MEDIAS CASAS,CASA DE SHOWS,POP PUNK,65.0,1659121.0,False,4000.0,Pista,395.0,515.0,COMUM,SEXTA-FEIRA,DIA UTIL,CHUVA FORTE,AGOSTO,-1.0
2873,2025-08-29,2025,TOKIO MARINE HALL,YELLOWCARD,MEDIAS CASAS,CASA DE SHOWS,POP PUNK,65.0,1659121.0,False,4000.0,Pista Premium,595.0,515.0,VIP,SEXTA-FEIRA,DIA UTIL,CHUVA FORTE,AGOSTO,0.0
2874,2025-08-29,2025,TOKIO MARINE HALL,YELLOWCARD,MEDIAS CASAS,CASA DE SHOWS,POP PUNK,65.0,1659121.0,False,4000.0,Camarote,695.0,515.0,LUXO,SEXTA-FEIRA,DIA UTIL,CHUVA FORTE,AGOSTO,0.0
2875,2025-08-29,2025,TOKIO MARINE HALL,YELLOWCARD,MEDIAS CASAS,CASA DE SHOWS,POP PUNK,65.0,1659121.0,False,4000.0,Cadeira Inferior,495.0,515.0,INTERMEDIARIO,SEXTA-FEIRA,DIA UTIL,CHUVA FORTE,AGOSTO,0.0
2876,2025-08-29,2025,TOKIO MARINE HALL,YELLOWCARD,MEDIAS CASAS,CASA DE SHOWS,POP PUNK,65.0,1659121.0,False,4000.0,Cadeira Superior,395.0,515.0,INTERMEDIARIO,SEXTA-FEIRA,DIA UTIL,CHUVA FORTE,AGOSTO,0.0
2877,2023-07-07,2023,ESPACO UNIMED,JEFF SATUR,MEDIAS CASAS,CASA DE SHOWS,T-POP,64.0,1642310.0,False,8000.0,Pista,460.0,817.5,COMUM,SEXTA-FEIRA,DIA UTIL,NUBLADO,JULHO,999.0
2878,2023-07-07,2023,ESPACO UNIMED,JEFF SATUR,MEDIAS CASAS,CASA DE SHOWS,T-POP,64.0,1642310.0,False,8000.0,Pista Premium,840.0,817.5,VIP,SEXTA-FEIRA,DIA UTIL,NUBLADO,JULHO,0.0
2879,2023-07-07,2023,ESPACO UNIMED,JEFF SATUR,MEDIAS CASAS,CASA DE SHOWS,T-POP,64.0,1642310.0,False,8000.0,Camarote,990.0,817.5,LUXO,SEXTA-FEIRA,DIA UTIL,NUBLADO,JULHO,0.0
2880,2023-07-07,2023,ESPACO UNIMED,JEFF SATUR,MEDIAS CASAS,CASA DE SHOWS,T-POP,64.0,1642310.0,False,8000.0,Mezanino ,980.0,817.5,INTERMEDIARIO,SEXTA-FEIRA,DIA UTIL,NUBLADO,JULHO,0.0
2881,2025-07-06,2025,TERRA SP,JEFF SATUR,MEDIAS CASAS,CASA DE SHOWS,T-POP,64.0,1642310.0,False,3900.0,Pista,440.0,911.6666666666666,COMUM,DOMINGO,FIM DE SEMANA,NUBLADO,JULHO,730.0
2882,2025-07-06,2025,TERRA SP,JEFF SATUR,MEDIAS CASAS,CASA DE SHOWS,T-POP,64.0,1642310.0,False,3900.0,Pista Premium,700.0,911.6666666666666,VIP,DOMINGO,FIM DE SEMANA,NUBLADO,JULHO,0.0
2883,2025-07-06,2025,TERRA SP,JEFF SATUR,MEDIAS CASAS,CASA DE SHOWS,T-POP,64.0,1642310.0,False,3900.0,Camarote,600.0,911.6666666666666,LUXO,DOMINGO,FIM DE SEMANA,NUBLADO,JULHO,0.0
2884,2025-07-06,2025,TERRA SP,JEFF SATUR,MEDIAS CASAS,CASA DE SHOWS,T-POP,64.0,1642310.0,False,3900.0,Mezanino ,340.0,911.6666666666666,INTERMEDIARIO,DOMINGO,FIM DE SEMANA,NUBLADO,JULHO,0.0
2885,2025-07-06,2025,TERRA SP,JEFF SATUR,MEDIAS CASAS,CASA DE SHOWS,T-POP,64.0,1642310.0,False,3900.0,VIP I,1240.0,911.6666666666666,VIP,DOMINGO,FIM DE SEMANA,NUBLADO,JULHO,0.0
2886,2025-07-06,2025,TERRA SP,JEFF SATUR,MEDIAS CASAS,CASA DE SHOWS,T-POP,64.0,1642310.0,False,3900.0,VIP II,2150.0,911.6666666666666,ULTRA VIP,DOMINGO,FIM DE SEMANA,NUBLADO,JULHO,0.0
2887,2025-11-23,2025,NEO QUIMICA ARENA,SKEPTA,ARENAS E ESTADIOS,ESTADIO MULTIUSO,GRIME,76.0,1641871.0,False,0.0,Pista,110.0,110.0,COMUM,DOMINGO,FIM DE SEMANA,<FUNCTION SERIES.MODE AT 0X0000027829051A80>,NOVEMBRO,999.0
2888,2022-11-05,2022,AUDIO,RAIMUNDOS,MEDIAS CASAS,CASA DE SHOWS,BRAZILIAN ROCK,61.0,1634928.0,False,2500.0,Pista,80.0,80.0,COMUM,SABADO,FIM DE SEMANA,CHUVISCO LEVE,NOVEMBRO,-337.0
2889,2023-06-29,2023,AUDIO,RAIMUNDOS,MEDIAS CASAS,CASA DE SHOWS,BRAZILIAN ROCK,61.0,1634928.0,False,3200.0,Pista,210.0,210.0,COMUM,QUINTA-FEIRA,DIA UTIL,CHUVISCO LEVE,JUNHO,236.0
2890,2025-10-25,2025,ALLIANZ PARQUE,RAIMUNDOS,ARENAS E ESTADIOS,ESTADIO MULTIUSO,BRAZILIAN ROCK,61.0,1634928.0,False,49107.0,Pista,590.0,835.0,COMUM,SABADO,FIM DE SEMANA,NUBLADO,OUTUBRO,849.0
2891,2025-10-25,2025,ALLIANZ PARQUE,RAIMUNDOS,ARENAS E ESTADIOS,ESTADIO MULTIUSO,BRAZILIAN ROCK,61.0,1634928.0,False,49107.0,Pista Premium,1080.0,835.0,VIP,SABADO,FIM DE SEMANA,NUBLADO,OUTUBRO,0.0
2892,2024-11-09,2024,ESTADIO DO CANINDE,RAIMUNDOS,GRANDES CASAS,ESTADIO MULTIUSO,BRAZILIAN ROCK,61.0,1634928.0,False,12500.0,Pista,320.0,523.3333333333334,COMUM,SABADO,FIM DE SEMANA,CHUVISCO LEVE,NOVEMBRO,-350.0
2893,2024-11-09,2024,ESTADIO DO CANINDE,RAIMUNDOS,GRANDES CASAS,ESTADIO MULTIUSO,BRAZILIAN ROCK,61.0,1634928.0,False,12500.0,Pista Premium,800.0,523.3333333333334,VIP,SABADO,FIM DE SEMANA,CHUVISCO LEVE,NOVEMBRO,0.0
2894,2024-11-09,2024,ESTADIO DO CANINDE,RAIMUNDOS,GRANDES CASAS,ESTADIO MULTIUSO,BRAZILIAN ROCK,61.0,1634928.0,False,12500.0,Camarote,450.0,523.3333333333334,LUXO,SABADO,FIM DE SEMANA,CHUVISCO LEVE,NOVEMBRO,0.0
2895,2022-07-17,2022,TOKIO MARINE HALL,RAIMUNDOS,MEDIAS CASAS,CASA DE SHOWS,BRAZILIAN ROCK,61.0,1634928.0,False,4000.0,Camarote,240.0,230.0,LUXO,DOMINGO,FIM DE SEMANA,NUBLADO,JULHO,-846.0
2896,2022-07-17,2022,TOKIO MARINE HALL,RAIMUNDOS,MEDIAS CASAS,CASA DE SHOWS,BRAZILIAN ROCK,61.0,1634928.0,False,4000.0,Cadeira Inferior Visão Parcial,220.0,230.0,COMUM,DOMINGO,FIM DE SEMANA,NUBLADO,JULHO,0.0
2897,2024-07-13,2024,TOKIO MARINE HALL,RAIMUNDOS,MEDIAS CASAS,CASA DE SHOWS,BRAZILIAN ROCK,61.0,1634928.0,False,3875.0,Pista,120.0,180.0,COMUM,SABADO,FIM DE SEMANA,CHUVISCO LEVE,JULHO,727.0
2898,2024-07-13,2024,TOKIO MARINE HALL,RAIMUNDOS,MEDIAS CASAS,CASA DE SHOWS,BRAZILIAN ROCK,61.0,1634928.0,False,3875.0,Pista Premium,240.0,180.0,VIP,SABADO,FIM DE SEMANA,CHUVISCO LEVE,JULHO,0.0
2899,2023-10-06,2023,VIBRA SAO PAULO,RAIMUNDOS,MEDIAS CASAS,TEATRO E CASA DE ESPETACULOS,BRAZILIAN ROCK,61.0,1634928.0,False,7000.0,Pista,150.0,200.0,COMUM,SEXTA-FEIRA,DIA UTIL,NUBLADO,OUTUBRO,-281.0
2900,2023-10-06,2023,VIBRA SAO PAULO,RAIMUNDOS,MEDIAS CASAS,TEATRO E CASA DE ESPETACULOS,BRAZILIAN ROCK,61.0,1634928.0,False,7000.0,Pista Premium,250.0,200.0,VIP,SEXTA-FEIRA,DIA UTIL,NUBLADO,OUTUBRO,0.0
2901,2025-08-02,2025,TOKIO MARINE HALL,MAGIC!,MEDIAS CASAS,CASA DE SHOWS,POP,68.0,1627837.0,False,3000.0,Pista,760.0,840.0,COMUM,SABADO,FIM DE SEMANA,NUBLADO,AGOSTO,-42.0
2902,2025-08-02,2025,TOKIO MARINE HALL,MAGIC!,MEDIAS CASAS,CASA DE SHOWS,POP,68.0,1627837.0,False,3000.0,Camarote,1200.0,840.0,LUXO,SABADO,FIM DE SEMANA,NUBLADO,AGOSTO,0.0
2903,2025-08-02,2025,TOKIO MARINE HALL,MAGIC!,MEDIAS CASAS,CASA DE SHOWS,POP,68.0,1627837.0,False,3000.0,Cadeira Superior,560.0,840.0,INTERMEDIARIO,SABADO,FIM DE SEMANA,NUBLADO,AGOSTO,0.0
2904,2025-09-28,2025,AUDIO,KACEY MUSGRAVES,MEDIAS CASAS,CASA DE SHOWS,0,73.0,1618729.0,False,1940.0,Pista,406.0,396.0,COMUM,DOMINGO,FIM DE SEMANA,NUBLADO,SETEMBRO,669.0
2905,2025-09-28,2025,AUDIO,KACEY MUSGRAVES,MEDIAS CASAS,CASA DE SHOWS,0,73.0,1618729.0,False,1940.0,Mezanino ,386.0,396.0,INTERMEDIARIO,DOMINGO,FIM DE SEMANA,NUBLADO,SETEMBRO,0.0
2906,2023-09-07,2023,AUTODROMO DE INTERLAGOS,MASEGO,ARENAS E ESTADIOS,AREA EXTERNA PARA EVENTOS,0,70.0,1604018.0,THE TOWN,100000.0,Pista,815.0,815.0,COMUM,QUINTA-FEIRA,FERIADO NACIONAL,NUBLADO,SETEMBRO,-752.0
2907,2022-04-11,2022,AUDIO,MOLCHAT DOMA,MEDIAS CASAS,CASA DE SHOWS,POST-PUNK,62.0,1594401.0,False,2800.0,Pista,180.0,290.0,COMUM,SEGUNDA-FEIRA,DIA UTIL,NUBLADO,ABRIL,999.0
2908,2022-04-11,2022,AUDIO,MOLCHAT DOMA,MEDIAS CASAS,CASA DE SHOWS,POST-PUNK,62.0,1594401.0,False,2800.0,Mezanino ,400.0,290.0,INTERMEDIARIO,SEGUNDA-FEIRA,DIA UTIL,NUBLADO,ABRIL,0.0
2909,2025-11-15,2025,TOKIO MARINE HALL,MOLCHAT DOMA,MEDIAS CASAS,CASA DE SHOWS,POST-PUNK,62.0,1594401.0,False,3900.0,Pista,360.0,400.0,COMUM,SABADO,FIM DE SEMANA,<FUNCTION SERIES.MODE AT 0X0000027829051A80>,NOVEMBRO,1314.0
2910,2025-11-15,2025,TOKIO MARINE HALL,MOLCHAT DOMA,MEDIAS CASAS,CASA DE SHOWS,POST-PUNK,62.0,1594401.0,False,3900.0,Pista Premium,420.0,400.0,VIP,SABADO,FIM DE SEMANA,<FUNCTION SERIES.MODE AT 0X0000027829051A80>,NOVEMBRO,0.0
2911,2025-11-15,2025,TOKIO MARINE HALL,MOLCHAT DOMA,MEDIAS CASAS,CASA DE SHOWS,POST-PUNK,62.0,1594401.0,False,3900.0,Camarote,320.0,400.0,LUXO,SABADO,FIM DE SEMANA,<FUNCTION SERIES.MODE AT 0X0000027829051A80>,NOVEMBRO,0.0
2912,2025-11-15,2025,TOKIO MARINE HALL,MOLCHAT DOMA,MEDIAS CASAS,CASA DE SHOWS,POST-PUNK,62.0,1594401.0,False,3900.0,Cadeira Inferior,400.0,400.0,INTERMEDIARIO,SABADO,FIM DE SEMANA,<FUNCTION SERIES.MODE AT 0X0000027829051A80>,NOVEMBRO,0.0
2913,2025-11-15,2025,TOKIO MARINE HALL,MOLCHAT DOMA,MEDIAS CASAS,CASA DE SHOWS,POST-PUNK,62.0,1594401.0,False,3900.0,Cadeira Superior,500.0,400.0,INTERMEDIARIO,SABADO,FIM DE SEMANA,<FUNCTION SERIES.MODE AT 0X0000027829051A80>,NOVEMBRO,0.0
2914,2024-02-21,2024,VIBRA SAO PAULO,MEN AT WORK,MEDIAS CASAS,TEATRO E CASA DE ESPETACULOS,0,68.0,1588141.0,False,0.0,Pista,600.0,625.0,COMUM,QUARTA-FEIRA,DIA UTIL,CHUVA FORTE,FEVEREIRO,167.0
2915,2024-02-21,2024,VIBRA SAO PAULO,MEN AT WORK,MEDIAS CASAS,TEATRO E CASA DE ESPETACULOS,0,68.0,1588141.0,False,0.0,Camarote,800.0,625.0,LUXO,QUARTA-FEIRA,DIA UTIL,CHUVA FORTE,FEVEREIRO,0.0
2916,2024-02-21,2024,VIBRA SAO PAULO,MEN AT WORK,MEDIAS CASAS,TEATRO E CASA DE ESPETACULOS,0,68.0,1588141.0,False,0.0,Cadeira Inferior,700.0,625.0,INTERMEDIARIO,QUARTA-FEIRA,DIA UTIL,CHUVA FORTE,FEVEREIRO,0.0
2917,2024-02-21,2024,VIBRA SAO PAULO,MEN AT WORK,MEDIAS CASAS,TEATRO E CASA DE ESPETACULOS,0,68.0,1588141.0,False,0.0,Cadeira Superior,400.0,625.0,INTERMEDIARIO,QUARTA-FEIRA,DIA UTIL,CHUVA FORTE,FEVEREIRO,0.0
2918,2024-03-23,2024,AUTODROMO DE INTERLAGOS,JESSIE REYEZ,ARENAS E ESTADIOS,AREA EXTERNA PARA EVENTOS,0,69.0,1580374.0,LOLLAPALOOZA,80000.0,Lolla Pista,1100.0,1700.0,COMUM,SABADO,FIM DE SEMANA,CHUVISCO INTENSO,MARÇO,31.0
2919,2024-03-23,2024,AUTODROMO DE INTERLAGOS,JESSIE REYEZ,ARENAS E ESTADIOS,AREA EXTERNA PARA EVENTOS,0,69.0,1580374.0,LOLLAPALOOZA,80000.0,Lolla Lounge,2250.0,1700.0,LUXO,SABADO,FIM DE SEMANA,CHUVISCO INTENSO,MARÇO,0.0
2920,2024-03-23,2024,AUTODROMO DE INTERLAGOS,JESSIE REYEZ,ARENAS E ESTADIOS,AREA EXTERNA PARA EVENTOS,0,69.0,1580374.0,LOLLAPALOOZA,80000.0,Lolla Confort,1750.0,1700.0,VIP,SABADO,FIM DE SEMANA,CHUVISCO INTENSO,MARÇO,0.0
2921,2023-03-24,2023,AUTODROMO DE INTERLAGOS,MODEST MOUSE,ARENAS E ESTADIOS,AREA EXTERNA PARA EVENTOS,INDIE ROCK,63.0,1576398.0,LOLLAPALOOZA,103350.0,Lolla Pista,1100.0,1706.6666666666667,COMUM,SEXTA-FEIRA,DIA UTIL,CHUVISCO LEVE,MARÇO,139.0
2922,2023-03-24,2023,AUTODROMO DE INTERLAGOS,MODEST MOUSE,ARENAS E ESTADIOS,AREA EXTERNA PARA EVENTOS,INDIE ROCK,63.0,1576398.0,LOLLAPALOOZA,103350.0,Lolla Lounge,2250.0,1706.6666666666667,LUXO,SEXTA-FEIRA,DIA UTIL,CHUVISCO LEVE,MARÇO,0.0
2923,2023-03-24,2023,AUTODROMO DE INTERLAGOS,MODEST MOUSE,ARENAS E ESTADIOS,AREA EXTERNA PARA EVENTOS,INDIE ROCK,63.0,1576398.0,LOLLAPALOOZA,103350.0,Lolla Confort,1770.0,1706.6666666666667,VIP,SEXTA-FEIRA,DIA UTIL,CHUVISCO LEVE,MARÇO,0.0
2924,2024-03-24,2024,AUTODROMO DE INTERLAGOS,VULGO FK,ARENAS E ESTADIOS,AREA EXTERNA PARA EVENTOS,BRAZILIAN TRAP,72.0,1561039.0,LOLLAPALOOZA,80000.0,Lolla Pista,1100.0,1700.0,COMUM,DOMINGO,FIM DE SEMANA,CHUVA LEVE,MARÇO,644.0
2925,2024-03-24,2024,AUTODROMO DE INTERLAGOS,VULGO FK,ARENAS E ESTADIOS,AREA EXTERNA PARA EVENTOS,BRAZILIAN TRAP,72.0,1561039.0,LOLLAPALOOZA,80000.0,Lolla Lounge,2250.0,1700.0,LUXO,DOMINGO,FIM DE SEMANA,CHUVA LEVE,MARÇO,0.0
2926,2024-03-24,2024,AUTODROMO DE INTERLAGOS,VULGO FK,ARENAS E ESTADIOS,AREA EXTERNA PARA EVENTOS,BRAZILIAN TRAP,72.0,1561039.0,LOLLAPALOOZA,80000.0,Lolla Confort,1750.0,1700.0,VIP,DOMINGO,FIM DE SEMANA,CHUVA LEVE,MARÇO,0.0
2927,2024-03-24,2024,AUTODROMO DE INTERLAGOS,GILBERTO GIL,ARENAS E ESTADIOS,AREA EXTERNA PARA EVENTOS,MPB,65.0,1559730.0,LOLLAPALOOZA,80000.0,Lolla Pista,1100.0,1700.0,COMUM,DOMINGO,FIM DE SEMANA,CHUVA LEVE,MARÇO,352.0
2928,2024-03-24,2024,AUTODROMO DE INTERLAGOS,GILBERTO GIL,ARENAS E ESTADIOS,AREA EXTERNA PARA EVENTOS,MPB,65.0,1559730.0,LOLLAPALOOZA,80000.0,Lolla Lounge,2250.0,1700.0,LUXO,DOMINGO,FIM DE SEMANA,CHUVA LEVE,MARÇO,0.0
2929,2024-03-24,2024,AUTODROMO DE INTERLAGOS,GILBERTO GIL,ARENAS E ESTADIOS,AREA EXTERNA PARA EVENTOS,MPB,65.0,1559730.0,LOLLAPALOOZA,80000.0,Lolla Confort,1750.0,1700.0,VIP,DOMINGO,FIM DE SEMANA,CHUVA LEVE,MARÇO,0.0
2930,2024-03-24,2024,AUTODROMO DE INTERLAGOS,GILBERTO GIL,ARENAS E ESTADIOS,AREA EXTERNA PARA EVENTOS,MPB,65.0,1559730.0,LOLLAPALOOZA,80000.0,Lolla Pista,1100.0,1700.0,COMUM,DOMINGO,FIM DE SEMANA,CHUVA LEVE,MARÇO,0.0
2931,2025-04-11,2025,ALLIANZ PARQUE,GILBERTO GIL,ARENAS E ESTADIOS,ESTADIO MULTIUSO,MPB,65.0,1559730.0,False,40000.0,Pista Premium,530.0,380.0,VIP,SEXTA-FEIRA,DIA UTIL,CHUVISCO LEVE,ABRIL,383.0
2932,2025-04-11,2025,ALLIANZ PARQUE,GILBERTO GIL,ARENAS E ESTADIOS,ESTADIO MULTIUSO,MPB,65.0,1559730.0,False,40000.0,Cadeira Inferior,380.0,380.0,INTERMEDIARIO,SEXTA-FEIRA,DIA UTIL,CHUVISCO LEVE,ABRIL,0.0
2933,2025-04-11,2025,ALLIANZ PARQUE,GILBERTO GIL,ARENAS E ESTADIOS,ESTADIO MULTIUSO,MPB,65.0,1559730.0,False,40000.0,Cadeira Superior,230.0,380.0,INTERMEDIARIO,SEXTA-FEIRA,DIA UTIL,CHUVISCO LEVE,ABRIL,0.0
2934,2025-04-11,2025,ALLIANZ PARQUE,GILBERTO GIL,ARENAS E ESTADIOS,ESTADIO MULTIUSO,MPB,65.0,1559730.0,False,40000.0,Pista Premium,530.0,380.0,VIP,SEXTA-FEIRA,DIA UTIL,CHUVISCO LEVE,ABRIL,0.0
2935,2025-04-12,2025,ALLIANZ PARQUE,GILBERTO GIL,ARENAS E ESTADIOS,ESTADIO MULTIUSO,MPB,65.0,1559730.0,False,40000.0,Pista Premium,530.0,380.0,VIP,SABADO,FIM DE SEMANA,CHUVISCO LEVE,ABRIL,1.0
2936,2025-04-12,2025,ALLIANZ PARQUE,GILBERTO GIL,ARENAS E ESTADIOS,ESTADIO MULTIUSO,MPB,65.0,1559730.0,False,40000.0,Cadeira Inferior,380.0,380.0,INTERMEDIARIO,SABADO,FIM DE SEMANA,CHUVISCO LEVE,ABRIL,0.0
2937,2025-04-12,2025,ALLIANZ PARQUE,GILBERTO GIL,ARENAS E ESTADIOS,ESTADIO MULTIUSO,MPB,65.0,1559730.0,False,40000.0,Cadeira Superior,230.0,380.0,INTERMEDIARIO,SABADO,FIM DE SEMANA,CHUVISCO LEVE,ABRIL,0.0
2938,2025-04-12,2025,ALLIANZ PARQUE,GILBERTO GIL,ARENAS E ESTADIOS,ESTADIO MULTIUSO,MPB,65.0,1559730.0,False,40000.0,Pista Premium,530.0,380.0,VIP,SABADO,FIM DE SEMANA,CHUVISCO LEVE,ABRIL,0.0
2939,2025-04-25,2025,ALLIANZ PARQUE,GILBERTO GIL,ARENAS E ESTADIOS,ESTADIO MULTIUSO,MPB,65.0,1559730.0,False,45382.0,Pista Premium,530.0,380.0,VIP,SEXTA-FEIRA,DIA UTIL,CHUVA MODERADA,ABRIL,13.0
2940,2025-04-25,2025,ALLIANZ PARQUE,GILBERTO GIL,ARENAS E ESTADIOS,ESTADIO MULTIUSO,MPB,65.0,1559730.0,False,45382.0,Cadeira Inferior,380.0,380.0,INTERMEDIARIO,SEXTA-FEIRA,DIA UTIL,CHUVA MODERADA,ABRIL,0.0
2941,2025-04-25,2025,ALLIANZ PARQUE,GILBERTO GIL,ARENAS E ESTADIOS,ESTADIO MULTIUSO,MPB,65.0,1559730.0,False,45382.0,Cadeira Superior,230.0,380.0,INTERMEDIARIO,SEXTA-FEIRA,DIA UTIL,CHUVA MODERADA,ABRIL,0.0
2942,2025-04-25,2025,ALLIANZ PARQUE,GILBERTO GIL,ARENAS E ESTADIOS,ESTADIO MULTIUSO,MPB,65.0,1559730.0,False,45382.0,Pista Premium,530.0,380.0,VIP,SEXTA-FEIRA,DIA UTIL,CHUVA MODERADA,ABRIL,0.0
2943,2025-04-26,2025,ALLIANZ PARQUE,GILBERTO GIL,ARENAS E ESTADIOS,ESTADIO MULTIUSO,MPB,65.0,1559730.0,False,45382.0,Pista Premium,530.0,380.0,VIP,SABADO,FIM DE SEMANA,CHUVISCO MODERADO,ABRIL,1.0
2944,2025-04-26,2025,ALLIANZ PARQUE,GILBERTO GIL,ARENAS E ESTADIOS,ESTADIO MULTIUSO,MPB,65.0,1559730.0,False,45382.0,Cadeira Inferior,380.0,380.0,INTERMEDIARIO,SABADO,FIM DE SEMANA,CHUVISCO MODERADO,ABRIL,0.0
2945,2025-04-26,2025,ALLIANZ PARQUE,GILBERTO GIL,ARENAS E ESTADIOS,ESTADIO MULTIUSO,MPB,65.0,1559730.0,False,45382.0,Cadeira Superior,230.0,380.0,INTERMEDIARIO,SABADO,FIM DE SEMANA,CHUVISCO MODERADO,ABRIL,0.0
2946,2025-04-26,2025,ALLIANZ PARQUE,GILBERTO GIL,ARENAS E ESTADIOS,ESTADIO MULTIUSO,MPB,65.0,1559730.0,False,45382.0,Pista Premium,530.0,380.0,VIP,SABADO,FIM DE SEMANA,CHUVISCO MODERADO,ABRIL,0.0
2947,2025-10-17,2025,ALLIANZ PARQUE,GILBERTO GIL,ARENAS E ESTADIOS,ESTADIO MULTIUSO,MPB,65.0,1559730.0,False,50000.0,Pista Premium,530.0,380.0,VIP,SEXTA-FEIRA,DIA UTIL,CHUVA MODERADA,OUTUBRO,174.0
2948,2025-10-17,2025,ALLIANZ PARQUE,GILBERTO GIL,ARENAS E ESTADIOS,ESTADIO MULTIUSO,MPB,65.0,1559730.0,False,50000.0,Cadeira Inferior,380.0,380.0,INTERMEDIARIO,SEXTA-FEIRA,DIA UTIL,CHUVA MODERADA,OUTUBRO,0.0
2949,2025-10-17,2025,ALLIANZ PARQUE,GILBERTO GIL,ARENAS E ESTADIOS,ESTADIO MULTIUSO,MPB,65.0,1559730.0,False,50000.0,Cadeira Superior,230.0,380.0,INTERMEDIARIO,SEXTA-FEIRA,DIA UTIL,CHUVA MODERADA,OUTUBRO,0.0
2950,2025-10-17,2025,ALLIANZ PARQUE,GILBERTO GIL,ARENAS E ESTADIOS,ESTADIO MULTIUSO,MPB,65.0,1559730.0,False,50000.0,Pista Premium,530.0,380.0,VIP,SEXTA-FEIRA,DIA UTIL,CHUVA MODERADA,OUTUBRO,0.0
2951,2025-10-18,2025,ALLIANZ PARQUE,GILBERTO GIL,ARENAS E ESTADIOS,ESTADIO MULTIUSO,MPB,65.0,1559730.0,False,50000.0,Pista Premium,530.0,380.0,VIP,SABADO,FIM DE SEMANA,CHUVA MODERADA,OUTUBRO,1.0
2952,2025-10-18,2025,ALLIANZ PARQUE,GILBERTO GIL,ARENAS E ESTADIOS,ESTADIO MULTIUSO,MPB,65.0,1559730.0,False,50000.0,Cadeira Inferior,380.0,380.0,INTERMEDIARIO,SABADO,FIM DE SEMANA,CHUVA MODERADA,OUTUBRO,0.0
2953,2025-10-18,2025,ALLIANZ PARQUE,GILBERTO GIL,ARENAS E ESTADIOS,ESTADIO MULTIUSO,MPB,65.0,1559730.0,False,50000.0,Cadeira Superior,230.0,380.0,INTERMEDIARIO,SABADO,FIM DE SEMANA,CHUVA MODERADA,OUTUBRO,0.0
2954,2025-10-18,2025,ALLIANZ PARQUE,GILBERTO GIL,ARENAS E ESTADIOS,ESTADIO MULTIUSO,MPB,65.0,1559730.0,False,50000.0,Pista Premium,530.0,380.0,VIP,SABADO,FIM DE SEMANA,CHUVA MODERADA,OUTUBRO,0.0
2955,2022-09-16,2022,MEMORIAL DA AMERICA LATINA,GILBERTO GIL,GRANDES CASAS,AREA EXTERNA PARA EVENTOS,MPB,65.0,1559730.0,COALA FESTIVAL,6500.0,Pista,295.0,558.0,COMUM,SEXTA-FEIRA,DIA UTIL,CHUVISCO LEVE,SETEMBRO,-1128.0
2956,2022-09-16,2022,MEMORIAL DA AMERICA LATINA,GILBERTO GIL,GRANDES CASAS,AREA EXTERNA PARA EVENTOS,MPB,65.0,1559730.0,COALA FESTIVAL,6500.0,Pista Premium,595.0,558.0,VIP,SEXTA-FEIRA,DIA UTIL,CHUVISCO LEVE,SETEMBRO,0.0
2957,2022-09-16,2022,MEMORIAL DA AMERICA LATINA,GILBERTO GIL,GRANDES CASAS,AREA EXTERNA PARA EVENTOS,MPB,65.0,1559730.0,COALA FESTIVAL,6500.0,Cadeira Inferior,520.0,558.0,INTERMEDIARIO,SEXTA-FEIRA,DIA UTIL,CHUVISCO LEVE,SETEMBRO,0.0
2958,2022-09-16,2022,MEMORIAL DA AMERICA LATINA,GILBERTO GIL,GRANDES CASAS,AREA EXTERNA PARA EVENTOS,MPB,65.0,1559730.0,COALA FESTIVAL,6500.0,Cadeira Superior,210.0,558.0,INTERMEDIARIO,SEXTA-FEIRA,DIA UTIL,CHUVISCO LEVE,SETEMBRO,0.0
2959,2022-09-16,2022,MEMORIAL DA AMERICA LATINA,GILBERTO GIL,GRANDES CASAS,AREA EXTERNA PARA EVENTOS,MPB,65.0,1559730.0,COALA FESTIVAL,6500.0,VIP I,1170.0,558.0,VIP,SEXTA-FEIRA,DIA UTIL,CHUVISCO LEVE,SETEMBRO,0.0
2960,2022-09-16,2022,MEMORIAL DA AMERICA LATINA,GILBERTO GIL,GRANDES CASAS,AREA EXTERNA PARA EVENTOS,MPB,65.0,1559730.0,COALA FESTIVAL,6500.0,Pista,295.0,558.0,COMUM,SEXTA-FEIRA,DIA UTIL,CHUVISCO LEVE,SETEMBRO,0.0
2961,2023-09-14,2023,ESPACO UNIMED,GILBERTO GIL,MEDIAS CASAS,CASA DE SHOWS,MPB,65.0,1559730.0,False,7700.0,Pista,280.0,396.6666666666667,COMUM,QUINTA-FEIRA,DIA UTIL,CHUVA LEVE,SETEMBRO,363.0
2962,2023-09-14,2023,ESPACO UNIMED,GILBERTO GIL,MEDIAS CASAS,CASA DE SHOWS,MPB,65.0,1559730.0,False,7700.0,Pista Premium,530.0,396.6666666666667,VIP,QUINTA-FEIRA,DIA UTIL,CHUVA LEVE,SETEMBRO,0.0
2963,2023-09-14,2023,ESPACO UNIMED,GILBERTO GIL,MEDIAS CASAS,CASA DE SHOWS,MPB,65.0,1559730.0,False,7700.0,Cadeira Inferior,380.0,396.6666666666667,INTERMEDIARIO,QUINTA-FEIRA,DIA UTIL,CHUVA LEVE,SETEMBRO,0.0
2964,2023-09-14,2023,ESPACO UNIMED,GILBERTO GIL,MEDIAS CASAS,CASA DE SHOWS,MPB,65.0,1559730.0,False,7700.0,Pista,280.0,396.6666666666667,COMUM,QUINTA-FEIRA,DIA UTIL,CHUVA LEVE,SETEMBRO,0.0
2965,2023-09-15,2023,ESPACO UNIMED,GILBERTO GIL,MEDIAS CASAS,CASA DE SHOWS,MPB,65.0,1559730.0,False,7900.0,Pista,280.0,396.6666666666667,COMUM,SEXTA-FEIRA,DIA UTIL,CHUVISCO LEVE,SETEMBRO,1.0
2966,2023-09-15,2023,ESPACO UNIMED,GILBERTO GIL,MEDIAS CASAS,CASA DE SHOWS,MPB,65.0,1559730.0,False,7900.0,Pista Premium,530.0,396.6666666666667,VIP,SEXTA-FEIRA,DIA UTIL,CHUVISCO LEVE,SETEMBRO,0.0
2967,2023-09-15,2023,ESPACO UNIMED,GILBERTO GIL,MEDIAS CASAS,CASA DE SHOWS,MPB,65.0,1559730.0,False,7900.0,Cadeira Inferior,380.0,396.6666666666667,INTERMEDIARIO,SEXTA-FEIRA,DIA UTIL,CHUVISCO LEVE,SETEMBRO,0.0
2968,2023-09-15,2023,ESPACO UNIMED,GILBERTO GIL,MEDIAS CASAS,CASA DE SHOWS,MPB,65.0,1559730.0,False,7900.0,Pista,280.0,396.6666666666667,COMUM,SEXTA-FEIRA,DIA UTIL,CHUVISCO LEVE,SETEMBRO,0.0
2969,2023-09-16,2023,ESPACO UNIMED,GILBERTO GIL,MEDIAS CASAS,CASA DE SHOWS,MPB,65.0,1559730.0,False,7500.0,Pista,280.0,396.6666666666667,COMUM,SABADO,FIM DE SEMANA,NUBLADO,SETEMBRO,1.0
2970,2023-09-16,2023,ESPACO UNIMED,GILBERTO GIL,MEDIAS CASAS,CASA DE SHOWS,MPB,65.0,1559730.0,False,7500.0,Pista Premium,530.0,396.6666666666667,VIP,SABADO,FIM DE SEMANA,NUBLADO,SETEMBRO,0.0
2971,2023-09-16,2023,ESPACO UNIMED,GILBERTO GIL,MEDIAS CASAS,CASA DE SHOWS,MPB,65.0,1559730.0,False,7500.0,Cadeira Inferior,380.0,396.6666666666667,INTERMEDIARIO,SABADO,FIM DE SEMANA,NUBLADO,SETEMBRO,0.0
2972,2023-09-16,2023,ESPACO UNIMED,GILBERTO GIL,MEDIAS CASAS,CASA DE SHOWS,MPB,65.0,1559730.0,False,7500.0,Pista,280.0,396.6666666666667,COMUM,SABADO,FIM DE SEMANA,NUBLADO,SETEMBRO,0.0
2973,2025-08-20,2025,AUDIO,THUNDERCAT,MEDIAS CASAS,CASA DE SHOWS,0,69.0,1536445.0,False,3100.0,Pista,420.0,420.0,COMUM,QUARTA-FEIRA,DIA UTIL,CHUVISCO LEVE,AGOSTO,515.0
2974,2023-11-05,2023,ALLIANZ PARQUE,THUNDERCAT,ARENAS E ESTADIOS,ESTADIO MULTIUSO,0,69.0,1536445.0,False,40000.0,Pista,820.0,820.0,COMUM,DOMINGO,FIM DE SEMANA,NUBLADO,NOVEMBRO,-654.0
2975,2025-08-09,2025,NEO QUIMICA ARENA,CALCINHA PRETA,ARENAS E ESTADIOS,ESTADIO MULTIUSO,FORRO,66.0,1528855.0,False,15000.0,Pista,160.0,286.6666666666667,COMUM,SABADO,FIM DE SEMANA,CHUVISCO MODERADO,AGOSTO,0.0
2976,2025-08-09,2025,NEO QUIMICA ARENA,CALCINHA PRETA,ARENAS E ESTADIOS,ESTADIO MULTIUSO,FORRO,66.0,1528855.0,False,15000.0,Pista Premium,260.0,286.6666666666667,VIP,SABADO,FIM DE SEMANA,CHUVISCO MODERADO,AGOSTO,0.0
2977,2025-08-09,2025,NEO QUIMICA ARENA,CALCINHA PRETA,ARENAS E ESTADIOS,ESTADIO MULTIUSO,FORRO,66.0,1528855.0,False,15000.0,Backstage,440.0,286.6666666666667,VIP,SABADO,FIM DE SEMANA,CHUVISCO MODERADO,AGOSTO,0.0
2978,2024-07-08,2024,TERRA SP,CALCINHA PRETA,MEDIAS CASAS,CASA DE SHOWS,FORRO,66.0,1528855.0,False,4000.0,Pista,200.0,200.0,COMUM,SEGUNDA-FEIRA,DIA UTIL,CHUVISCO MODERADO,JULHO,-397.0
2979,2024-11-16,2024,TERRA SP,CALCINHA PRETA,MEDIAS CASAS,CASA DE SHOWS,FORRO,66.0,1528855.0,False,3000.0,Pista,200.0,200.0,COMUM,SABADO,FIM DE SEMANA,CHUVA MODERADA,NOVEMBRO,131.0
2980,2022-04-16,2022,ESPACO DAS AMERICAS,MARIA BETHANIA,MEDIAS CASAS,CASA DE SHOWS,MPB,64.0,1514533.0,False,6000.0,Pista,180.0,215.4,COMUM,SABADO,FIM DE SEMANA,CHUVISCO LEVE,ABRIL,-518.0
2981,2022-04-16,2022,ESPACO DAS AMERICAS,MARIA BETHANIA,MEDIAS CASAS,CASA DE SHOWS,MPB,64.0,1514533.0,False,6000.0,Pista Premium,347.0,215.4,VIP,SABADO,FIM DE SEMANA,CHUVISCO LEVE,ABRIL,0.0
2982,2022-04-16,2022,ESPACO DAS AMERICAS,MARIA BETHANIA,MEDIAS CASAS,CASA DE SHOWS,MPB,64.0,1514533.0,False,6000.0,Camarote,260.0,215.4,LUXO,SABADO,FIM DE SEMANA,CHUVISCO LEVE,ABRIL,0.0
2983,2022-04-16,2022,ESPACO DAS AMERICAS,MARIA BETHANIA,MEDIAS CASAS,CASA DE SHOWS,MPB,64.0,1514533.0,False,6000.0,Cadeira Inferior Visão Parcial,140.0,215.4,COMUM,SABADO,FIM DE SEMANA,CHUVISCO LEVE,ABRIL,0.0
2984,2022-04-16,2022,ESPACO DAS AMERICAS,MARIA BETHANIA,MEDIAS CASAS,CASA DE SHOWS,MPB,64.0,1514533.0,False,6000.0,Mezanino ,150.0,215.4,INTERMEDIARIO,SABADO,FIM DE SEMANA,CHUVISCO LEVE,ABRIL,0.0
2985,2025-10-04,2025,TOKIO MARINE HALL,MARIA BETHANIA,MEDIAS CASAS,CASA DE SHOWS,MPB,64.0,1514533.0,False,3900.0,Pista,580.0,780.0,COMUM,SABADO,FIM DE SEMANA,CHUVISCO INTENSO,OUTUBRO,1267.0
2986,2025-10-04,2025,TOKIO MARINE HALL,MARIA BETHANIA,MEDIAS CASAS,CASA DE SHOWS,MPB,64.0,1514533.0,False,3900.0,Pista Premium,720.0,780.0,VIP,SABADO,FIM DE SEMANA,CHUVISCO INTENSO,OUTUBRO,0.0
2987,2025-10-04,2025,TOKIO MARINE HALL,MARIA BETHANIA,MEDIAS CASAS,CASA DE SHOWS,MPB,64.0,1514533.0,False,3900.0,Camarote,980.0,780.0,LUXO,SABADO,FIM DE SEMANA,CHUVISCO INTENSO,OUTUBRO,0.0
2988,2025-10-04,2025,TOKIO MARINE HALL,MARIA BETHANIA,MEDIAS CASAS,CASA DE SHOWS,MPB,64.0,1514533.0,False,3900.0,Cadeira Inferior,940.0,780.0,INTERMEDIARIO,SABADO,FIM DE SEMANA,CHUVISCO INTENSO,OUTUBRO,0.0
2989,2025-10-04,2025,TOKIO MARINE HALL,MARIA BETHANIA,MEDIAS CASAS,CASA DE SHOWS,MPB,64.0,1514533.0,False,3900.0,Cadeira Superior,440.0,780.0,INTERMEDIARIO,SABADO,FIM DE SEMANA,CHUVISCO INTENSO,OUTUBRO,0.0
2990,2025-10-04,2025,TOKIO MARINE HALL,MARIA BETHANIA,MEDIAS CASAS,CASA DE SHOWS,MPB,64.0,1514533.0,False,3900.0,VIP I,820.0,780.0,VIP,SABADO,FIM DE SEMANA,CHUVISCO INTENSO,OUTUBRO,0.0
2991,2025-10-04,2025,TOKIO MARINE HALL,MARIA BETHANIA,MEDIAS CASAS,CASA DE SHOWS,MPB,64.0,1514533.0,False,3900.0,VIP II,980.0,780.0,ULTRA VIP,SABADO,FIM DE SEMANA,CHUVISCO INTENSO,OUTUBRO,0.0
2992,2025-10-05,2025,TOKIO MARINE HALL,MARIA BETHANIA,MEDIAS CASAS,CASA DE SHOWS,MPB,64.0,1514533.0,False,3900.0,Pista,580.0,780.0,COMUM,DOMINGO,FIM DE SEMANA,PARCIALMENTE NUBLADO,OUTUBRO,1.0
2993,2025-10-05,2025,TOKIO MARINE HALL,MARIA BETHANIA,MEDIAS CASAS,CASA DE SHOWS,MPB,64.0,1514533.0,False,3900.0,Pista Premium,720.0,780.0,VIP,DOMINGO,FIM DE SEMANA,PARCIALMENTE NUBLADO,OUTUBRO,0.0
2994,2025-10-05,2025,TOKIO MARINE HALL,MARIA BETHANIA,MEDIAS CASAS,CASA DE SHOWS,MPB,64.0,1514533.0,False,3900.0,Camarote,980.0,780.0,LUXO,DOMINGO,FIM DE SEMANA,PARCIALMENTE NUBLADO,OUTUBRO,0.0
2995,2025-10-05,2025,TOKIO MARINE HALL,MARIA BETHANIA,MEDIAS CASAS,CASA DE SHOWS,MPB,64.0,1514533.0,False,3900.0,Cadeira Inferior,940.0,780.0,INTERMEDIARIO,DOMINGO,FIM DE SEMANA,PARCIALMENTE NUBLADO,OUTUBRO,0.0
2996,2025-10-05,2025,TOKIO MARINE HALL,MARIA BETHANIA,MEDIAS CASAS,CASA DE SHOWS,MPB,64.0,1514533.0,False,3900.0,Cadeira Superior,440.0,780.0,INTERMEDIARIO,DOMINGO,FIM DE SEMANA,PARCIALMENTE NUBLADO,OUTUBRO,0.0
2997,2025-10-05,2025,TOKIO MARINE HALL,MARIA BETHANIA,MEDIAS CASAS,CASA DE SHOWS,MPB,64.0,1514533.0,False,3900.0,VIP I,820.0,780.0,VIP,DOMINGO,FIM DE SEMANA,PARCIALMENTE NUBLADO,OUTUBRO,0.0
2998,2025-10-05,2025,TOKIO MARINE HALL,MARIA BETHANIA,MEDIAS CASAS,CASA DE SHOWS,MPB,64.0,1514533.0,False,3900.0,VIP II,980.0,780.0,ULTRA VIP,DOMINGO,FIM DE SEMANA,PARCIALMENTE NUBLADO,OUTUBRO,0.0
2999,2025-10-11,2025,TOKIO MARINE HALL,MARIA BETHANIA,MEDIAS CASAS,CASA DE SHOWS,MPB,64.0,1514533.0,False,3900.0,Pista,580.0,780.0,COMUM,SABADO,FIM DE SEMANA,CHUVA MODERADA,OUTUBRO,6.0
3000,2025-10-11,2025,TOKIO MARINE HALL,MARIA BETHANIA,MEDIAS CASAS,CASA DE SHOWS,MPB,64.0,1514533.0,False,3900.0,Pista Premium,720.0,780.0,VIP,SABADO,FIM DE SEMANA,CHUVA MODERADA,OUTUBRO,0.0
3001,2025-10-11,2025,TOKIO MARINE HALL,MARIA BETHANIA,MEDIAS CASAS,CASA DE SHOWS,MPB,64.0,1514533.0,False,3900.0,Camarote,980.0,780.0,LUXO,SABADO,FIM DE SEMANA,CHUVA MODERADA,OUTUBRO,0.0
3002,2025-10-11,2025,TOKIO MARINE HALL,MARIA BETHANIA,MEDIAS CASAS,CASA DE SHOWS,MPB,64.0,1514533.0,False,3900.0,Cadeira Inferior,940.0,780.0,INTERMEDIARIO,SABADO,FIM DE SEMANA,CHUVA MODERADA,OUTUBRO,0.0
3003,2025-10-11,2025,TOKIO MARINE HALL,MARIA BETHANIA,MEDIAS CASAS,CASA DE SHOWS,MPB,64.0,1514533.0,False,3900.0,Cadeira Superior,440.0,780.0,INTERMEDIARIO,SABADO,FIM DE SEMANA,CHUVA MODERADA,OUTUBRO,0.0
3004,2025-10-11,2025,TOKIO MARINE HALL,MARIA BETHANIA,MEDIAS CASAS,CASA DE SHOWS,MPB,64.0,1514533.0,False,3900.0,VIP I,820.0,780.0,VIP,SABADO,FIM DE SEMANA,CHUVA MODERADA,OUTUBRO,0.0
3005,2025-10-11,2025,TOKIO MARINE HALL,MARIA BETHANIA,MEDIAS CASAS,CASA DE SHOWS,MPB,64.0,1514533.0,False,3900.0,VIP II,980.0,780.0,ULTRA VIP,SABADO,FIM DE SEMANA,CHUVA MODERADA,OUTUBRO,0.0
3006,2025-10-12,2025,TOKIO MARINE HALL,MARIA BETHANIA,MEDIAS CASAS,CASA DE SHOWS,MPB,64.0,1514533.0,False,3900.0,Pista,580.0,780.0,COMUM,DOMINGO,FIM DE SEMANA,CHUVA LEVE,OUTUBRO,1.0
3007,2025-10-12,2025,TOKIO MARINE HALL,MARIA BETHANIA,MEDIAS CASAS,CASA DE SHOWS,MPB,64.0,1514533.0,False,3900.0,Pista Premium,720.0,780.0,VIP,DOMINGO,FIM DE SEMANA,CHUVA LEVE,OUTUBRO,0.0
3008,2025-10-12,2025,TOKIO MARINE HALL,MARIA BETHANIA,MEDIAS CASAS,CASA DE SHOWS,MPB,64.0,1514533.0,False,3900.0,Camarote,980.0,780.0,LUXO,DOMINGO,FIM DE SEMANA,CHUVA LEVE,OUTUBRO,0.0
3009,2025-10-12,2025,TOKIO MARINE HALL,MARIA BETHANIA,MEDIAS CASAS,CASA DE SHOWS,MPB,64.0,1514533.0,False,3900.0,Cadeira Inferior,940.0,780.0,INTERMEDIARIO,DOMINGO,FIM DE SEMANA,CHUVA LEVE,OUTUBRO,0.0
3010,2025-10-12,2025,TOKIO MARINE HALL,MARIA BETHANIA,MEDIAS CASAS,CASA DE SHOWS,MPB,64.0,1514533.0,False,3900.0,Cadeira Superior,440.0,780.0,INTERMEDIARIO,DOMINGO,FIM DE SEMANA,CHUVA LEVE,OUTUBRO,0.0
3011,2025-10-12,2025,TOKIO MARINE HALL,MARIA BETHANIA,MEDIAS CASAS,CASA DE SHOWS,MPB,64.0,1514533.0,False,3900.0,VIP I,820.0,780.0,VIP,DOMINGO,FIM DE SEMANA,CHUVA LEVE,OUTUBRO,0.0
3012,2025-10-12,2025,TOKIO MARINE HALL,MARIA BETHANIA,MEDIAS CASAS,CASA DE SHOWS,MPB,64.0,1514533.0,False,3900.0,VIP II,980.0,780.0,ULTRA VIP,DOMINGO,FIM DE SEMANA,CHUVA LEVE,OUTUBRO,0.0
3013,2025-10-19,2025,TOKIO MARINE HALL,MARIA BETHANIA,MEDIAS CASAS,CASA DE SHOWS,MPB,64.0,1514533.0,False,3900.0,Pista,580.0,780.0,COMUM,DOMINGO,FIM DE SEMANA,CHUVISCO LEVE,OUTUBRO,7.0
3014,2025-10-19,2025,TOKIO MARINE HALL,MARIA BETHANIA,MEDIAS CASAS,CASA DE SHOWS,MPB,64.0,1514533.0,False,3900.0,Pista Premium,720.0,780.0,VIP,DOMINGO,FIM DE SEMANA,CHUVISCO LEVE,OUTUBRO,0.0
3015,2025-10-19,2025,TOKIO MARINE HALL,MARIA BETHANIA,MEDIAS CASAS,CASA DE SHOWS,MPB,64.0,1514533.0,False,3900.0,Camarote,980.0,780.0,LUXO,DOMINGO,FIM DE SEMANA,CHUVISCO LEVE,OUTUBRO,0.0
3016,2025-10-19,2025,TOKIO MARINE HALL,MARIA BETHANIA,MEDIAS CASAS,CASA DE SHOWS,MPB,64.0,1514533.0,False,3900.0,Cadeira Inferior,940.0,780.0,INTERMEDIARIO,DOMINGO,FIM DE SEMANA,CHUVISCO LEVE,OUTUBRO,0.0
3017,2025-10-19,2025,TOKIO MARINE HALL,MARIA BETHANIA,MEDIAS CASAS,CASA DE SHOWS,MPB,64.0,1514533.0,False,3900.0,Cadeira Superior,440.0,780.0,INTERMEDIARIO,DOMINGO,FIM DE SEMANA,CHUVISCO LEVE,OUTUBRO,0.0
3018,2025-10-19,2025,TOKIO MARINE HALL,MARIA BETHANIA,MEDIAS CASAS,CASA DE SHOWS,MPB,64.0,1514533.0,False,3900.0,VIP I,820.0,780.0,VIP,DOMINGO,FIM DE SEMANA,CHUVISCO LEVE,OUTUBRO,0.0
3019,2025-10-19,2025,TOKIO MARINE HALL,MARIA BETHANIA,MEDIAS CASAS,CASA DE SHOWS,MPB,64.0,1514533.0,False,3900.0,VIP II,980.0,780.0,ULTRA VIP,DOMINGO,FIM DE SEMANA,CHUVISCO LEVE,OUTUBRO,0.0
3020,2025-10-25,2025,TOKIO MARINE HALL,MARIA BETHANIA,MEDIAS CASAS,CASA DE SHOWS,MPB,64.0,1514533.0,False,3500.0,Pista,580.0,780.0,COMUM,SABADO,FIM DE SEMANA,NUBLADO,OUTUBRO,6.0
3021,2025-10-25,2025,TOKIO MARINE HALL,MARIA BETHANIA,MEDIAS CASAS,CASA DE SHOWS,MPB,64.0,1514533.0,False,3500.0,Pista Premium,720.0,780.0,VIP,SABADO,FIM DE SEMANA,NUBLADO,OUTUBRO,0.0
3022,2025-10-25,2025,TOKIO MARINE HALL,MARIA BETHANIA,MEDIAS CASAS,CASA DE SHOWS,MPB,64.0,1514533.0,False,3500.0,Camarote,980.0,780.0,LUXO,SABADO,FIM DE SEMANA,NUBLADO,OUTUBRO,0.0
3023,2025-10-25,2025,TOKIO MARINE HALL,MARIA BETHANIA,MEDIAS CASAS,CASA DE SHOWS,MPB,64.0,1514533.0,False,3500.0,Cadeira Inferior,940.0,780.0,INTERMEDIARIO,SABADO,FIM DE SEMANA,NUBLADO,OUTUBRO,0.0
3024,2025-10-25,2025,TOKIO MARINE HALL,MARIA BETHANIA,MEDIAS CASAS,CASA DE SHOWS,MPB,64.0,1514533.0,False,3500.0,Cadeira Superior,440.0,780.0,INTERMEDIARIO,SABADO,FIM DE SEMANA,NUBLADO,OUTUBRO,0.0
3025,2025-10-25,2025,TOKIO MARINE HALL,MARIA BETHANIA,MEDIAS CASAS,CASA DE SHOWS,MPB,64.0,1514533.0,False,3500.0,VIP I,820.0,780.0,VIP,SABADO,FIM DE SEMANA,NUBLADO,OUTUBRO,0.0
3026,2025-10-25,2025,TOKIO MARINE HALL,MARIA BETHANIA,MEDIAS CASAS,CASA DE SHOWS,MPB,64.0,1514533.0,False,3500.0,VIP II,980.0,780.0,ULTRA VIP,SABADO,FIM DE SEMANA,NUBLADO,OUTUBRO,0.0
3027,2025-10-26,2025,TOKIO MARINE HALL,MARIA BETHANIA,MEDIAS CASAS,CASA DE SHOWS,MPB,64.0,1514533.0,False,3600.0,Pista,580.0,780.0,COMUM,DOMINGO,FIM DE SEMANA,NUBLADO,OUTUBRO,1.0
3028,2025-10-26,2025,TOKIO MARINE HALL,MARIA BETHANIA,MEDIAS CASAS,CASA DE SHOWS,MPB,64.0,1514533.0,False,3600.0,Pista Premium,720.0,780.0,VIP,DOMINGO,FIM DE SEMANA,NUBLADO,OUTUBRO,0.0
3029,2025-10-26,2025,TOKIO MARINE HALL,MARIA BETHANIA,MEDIAS CASAS,CASA DE SHOWS,MPB,64.0,1514533.0,False,3600.0,Camarote,980.0,780.0,LUXO,DOMINGO,FIM DE SEMANA,NUBLADO,OUTUBRO,0.0
3030,2025-10-26,2025,TOKIO MARINE HALL,MARIA BETHANIA,MEDIAS CASAS,CASA DE SHOWS,MPB,64.0,1514533.0,False,3600.0,Cadeira Inferior,940.0,780.0,INTERMEDIARIO,DOMINGO,FIM DE SEMANA,NUBLADO,OUTUBRO,0.0
3031,2025-10-26,2025,TOKIO MARINE HALL,MARIA BETHANIA,MEDIAS CASAS,CASA DE SHOWS,MPB,64.0,1514533.0,False,3600.0,Cadeira Superior,440.0,780.0,INTERMEDIARIO,DOMINGO,FIM DE SEMANA,NUBLADO,OUTUBRO,0.0
3032,2025-10-26,2025,TOKIO MARINE HALL,MARIA BETHANIA,MEDIAS CASAS,CASA DE SHOWS,MPB,64.0,1514533.0,False,3600.0,VIP I,820.0,780.0,VIP,DOMINGO,FIM DE SEMANA,NUBLADO,OUTUBRO,0.0
3033,2025-10-26,2025,TOKIO MARINE HALL,MARIA BETHANIA,MEDIAS CASAS,CASA DE SHOWS,MPB,64.0,1514533.0,False,3600.0,VIP II,980.0,780.0,ULTRA VIP,DOMINGO,FIM DE SEMANA,NUBLADO,OUTUBRO,0.0
3034,2024-03-09,2024,ESPACO UNIMED,MARIA BETHANIA,MEDIAS CASAS,CASA DE SHOWS,MPB,64.0,1514533.0,False,3200.0,Pista,640.0,796.0,COMUM,SABADO,FIM DE SEMANA,CHUVA LEVE,MARÇO,-596.0
3035,2024-03-09,2024,ESPACO UNIMED,MARIA BETHANIA,MEDIAS CASAS,CASA DE SHOWS,MPB,64.0,1514533.0,False,3200.0,Pista Premium,980.0,796.0,VIP,SABADO,FIM DE SEMANA,CHUVA LEVE,MARÇO,0.0
3036,2024-03-09,2024,ESPACO UNIMED,MARIA BETHANIA,MEDIAS CASAS,CASA DE SHOWS,MPB,64.0,1514533.0,False,3200.0,Camarote,980.0,796.0,LUXO,SABADO,FIM DE SEMANA,CHUVA LEVE,MARÇO,0.0
3037,2024-03-09,2024,ESPACO UNIMED,MARIA BETHANIA,MEDIAS CASAS,CASA DE SHOWS,MPB,64.0,1514533.0,False,3200.0,Cadeira Inferior,940.0,796.0,INTERMEDIARIO,SABADO,FIM DE SEMANA,CHUVA LEVE,MARÇO,0.0
3038,2024-03-09,2024,ESPACO UNIMED,MARIA BETHANIA,MEDIAS CASAS,CASA DE SHOWS,MPB,64.0,1514533.0,False,3200.0,Cadeira Superior,440.0,796.0,INTERMEDIARIO,SABADO,FIM DE SEMANA,CHUVA LEVE,MARÇO,0.0
3039,2024-03-10,2024,ESPACO UNIMED,MARIA BETHANIA,MEDIAS CASAS,CASA DE SHOWS,MPB,64.0,1514533.0,False,3200.0,Pista,640.0,796.0,COMUM,DOMINGO,FIM DE SEMANA,CHUVISCO MODERADO,MARÇO,1.0
3040,2024-03-10,2024,ESPACO UNIMED,MARIA BETHANIA,MEDIAS CASAS,CASA DE SHOWS,MPB,64.0,1514533.0,False,3200.0,Pista Premium,980.0,796.0,VIP,DOMINGO,FIM DE SEMANA,CHUVISCO MODERADO,MARÇO,0.0
3041,2024-03-10,2024,ESPACO UNIMED,MARIA BETHANIA,MEDIAS CASAS,CASA DE SHOWS,MPB,64.0,1514533.0,False,3200.0,Camarote,980.0,796.0,LUXO,DOMINGO,FIM DE SEMANA,CHUVISCO MODERADO,MARÇO,0.0
3042,2024-03-10,2024,ESPACO UNIMED,MARIA BETHANIA,MEDIAS CASAS,CASA DE SHOWS,MPB,64.0,1514533.0,False,3200.0,Cadeira Inferior,940.0,796.0,INTERMEDIARIO,DOMINGO,FIM DE SEMANA,CHUVISCO MODERADO,MARÇO,0.0
3043,2024-03-10,2024,ESPACO UNIMED,MARIA BETHANIA,MEDIAS CASAS,CASA DE SHOWS,MPB,64.0,1514533.0,False,3200.0,Cadeira Superior,440.0,796.0,INTERMEDIARIO,DOMINGO,FIM DE SEMANA,CHUVISCO MODERADO,MARÇO,0.0
3044,2022-10-16,2022,AUDIO,DPR IAN,MEDIAS CASAS,CASA DE SHOWS,K-RAP,63.0,1511691.0,False,3100.0,Pista,320.0,555.0,COMUM,DOMINGO,FIM DE SEMANA,CHUVA MODERADA,OUTUBRO,999.0
3045,2022-10-16,2022,AUDIO,DPR IAN,MEDIAS CASAS,CASA DE SHOWS,K-RAP,63.0,1511691.0,False,3100.0,Camarote,490.0,555.0,LUXO,DOMINGO,FIM DE SEMANA,CHUVA MODERADA,OUTUBRO,0.0
3046,2022-10-16,2022,AUDIO,DPR IAN,MEDIAS CASAS,CASA DE SHOWS,K-RAP,63.0,1511691.0,False,3100.0,VIP I,580.0,555.0,VIP,DOMINGO,FIM DE SEMANA,CHUVA MODERADA,OUTUBRO,0.0
3047,2022-10-16,2022,AUDIO,DPR IAN,MEDIAS CASAS,CASA DE SHOWS,K-RAP,63.0,1511691.0,False,3100.0,VIP II,830.0,555.0,ULTRA VIP,DOMINGO,FIM DE SEMANA,CHUVA MODERADA,OUTUBRO,0.0
3048,2023-04-22,2023,VALE DO ANHANGABAU,AXWELL,GRANDES CASAS,AREA EXTERNA PARA EVENTOS,EDM,68.0,1505390.0,ULTRA BRASIL,20000.0,Pista,750.0,1125.0,COMUM,SABADO,FIM DE SEMANA,NUBLADO,ABRIL,-196.0
3049,2023-04-22,2023,VALE DO ANHANGABAU,AXWELL,GRANDES CASAS,AREA EXTERNA PARA EVENTOS,EDM,68.0,1505390.0,ULTRA BRASIL,20000.0,Pista Premium,1500.0,1125.0,VIP,SABADO,FIM DE SEMANA,NUBLADO,ABRIL,0.0
3050,2023-09-09,2023,AUTODROMO DE INTERLAGOS,YEAH YEAH YEAHS,ARENAS E ESTADIOS,AREA EXTERNA PARA EVENTOS,0,67.0,1480606.0,THE TOWN,100000.0,Pista,815.0,815.0,COMUM,SABADO,FIM DE SEMANA,CHUVISCO LEVE,SETEMBRO,-57.0
3051,2023-09-02,2023,AUTODROMO DE INTERLAGOS,CAIO LUCCAS,ARENAS E ESTADIOS,AREA EXTERNA PARA EVENTOS,BRAZILIAN TRAP,67.0,1473784.0,THE TOWN,100000.0,Pista,815.0,815.0,COMUM,SABADO,FIM DE SEMANA,CHUVA LEVE,SETEMBRO,-204.0
3052,2025-11-21,2025,NEO QUIMICA ARENA,CAIO LUCCAS,ARENAS E ESTADIOS,ESTADIO MULTIUSO,BRAZILIAN TRAP,67.0,1473784.0,False,20000.0,Pista,110.0,110.0,COMUM,SEXTA-FEIRA,DIA UTIL,<FUNCTION SERIES.MODE AT 0X0000027829051A80>,NOVEMBRO,811.0
3053,2022-12-11,2022,TOKIO MARINE HALL,FLEET FOXES,MEDIAS CASAS,CASA DE SHOWS,INDIE FOLK,64.0,1451220.0,False,4000.0,Pista,450.0,450.0,COMUM,DOMINGO,FIM DE SEMANA,CHUVA LEVE,DEZEMBRO,999.0
3054,2023-06-04,2023,NOVO ANHANGABAU,HAIM,GRANDES CASAS,AREA EXTERNA PARA EVENTOS,0,65.0,1437515.0,MITA FESTIVAL,30000.0,Pista,850.0,1420.0,COMUM,DOMINGO,FIM DE SEMANA,NUBLADO,JUNHO,-97.0
3055,2023-06-04,2023,NOVO ANHANGABAU,HAIM,GRANDES CASAS,AREA EXTERNA PARA EVENTOS,0,65.0,1437515.0,MITA FESTIVAL,30000.0,Pista Premium,1990.0,1420.0,VIP,DOMINGO,FIM DE SEMANA,NUBLADO,JUNHO,0.0
3056,2024-11-30,2024,AUDIO,ARMANDINHO,MEDIAS CASAS,CASA DE SHOWS,REGGAE,66.0,1434392.0,False,3200.0,Pista,80.0,110.0,COMUM,SABADO,FIM DE SEMANA,CHUVISCO LEVE,NOVEMBRO,253.0
3057,2024-11-30,2024,AUDIO,ARMANDINHO,MEDIAS CASAS,CASA DE SHOWS,REGGAE,66.0,1434392.0,False,3200.0,VIP I,140.0,110.0,VIP,SABADO,FIM DE SEMANA,CHUVISCO LEVE,NOVEMBRO,0.0
3058,2024-06-09,2024,ALLIANZ PARQUE,ARMANDINHO,ARENAS E ESTADIOS,ESTADIO MULTIUSO,REGGAE,66.0,1434392.0,False,21188.0,Pista,250.0,464.0,COMUM,DOMINGO,FIM DE SEMANA,NUBLADO,JUNHO,-174.0
3059,2024-06-09,2024,ALLIANZ PARQUE,ARMANDINHO,ARENAS E ESTADIOS,ESTADIO MULTIUSO,REGGAE,66.0,1434392.0,False,21188.0,Pista Premium,490.0,464.0,VIP,DOMINGO,FIM DE SEMANA,NUBLADO,JUNHO,0.0
3060,2024-06-09,2024,ALLIANZ PARQUE,ARMANDINHO,ARENAS E ESTADIOS,ESTADIO MULTIUSO,REGGAE,66.0,1434392.0,False,21188.0,Cadeira Inferior,290.0,464.0,INTERMEDIARIO,DOMINGO,FIM DE SEMANA,NUBLADO,JUNHO,0.0
3061,2024-06-09,2024,ALLIANZ PARQUE,ARMANDINHO,ARENAS E ESTADIOS,ESTADIO MULTIUSO,REGGAE,66.0,1434392.0,False,21188.0,Cadeira Superior,100.0,464.0,INTERMEDIARIO,DOMINGO,FIM DE SEMANA,NUBLADO,JUNHO,0.0
3062,2024-06-09,2024,ALLIANZ PARQUE,ARMANDINHO,ARENAS E ESTADIOS,ESTADIO MULTIUSO,REGGAE,66.0,1434392.0,False,21188.0,VIP I,1190.0,464.0,VIP,DOMINGO,FIM DE SEMANA,NUBLADO,JUNHO,0.0
3063,2022-06-15,2022,ESPACO UNIMED,ARMANDINHO,MEDIAS CASAS,CASA DE SHOWS,REGGAE,66.0,1434392.0,False,7900.0,Pista,240.0,240.0,COMUM,QUARTA-FEIRA,DIA UTIL,CHUVISCO LEVE,JUNHO,-725.0
3064,2023-05-06,2023,DISTRITO ANHEMBI,ARMANDINHO,GRANDES CASAS,AREA EXTERNA PARA EVENTOS,REGGAE,66.0,1434392.0,False,40000.0,Pista,200.0,250.0,COMUM,SABADO,FIM DE SEMANA,NUBLADO,MAIO,325.0
3065,2023-05-06,2023,DISTRITO ANHEMBI,ARMANDINHO,GRANDES CASAS,AREA EXTERNA PARA EVENTOS,REGGAE,66.0,1434392.0,False,40000.0,Pista Premium,300.0,250.0,VIP,SABADO,FIM DE SEMANA,NUBLADO,MAIO,0.0
3066,2023-03-24,2023,AUTODROMO DE INTERLAGOS,SUKI WATERHOUSE,ARENAS E ESTADIOS,AREA EXTERNA PARA EVENTOS,0,69.0,1422868.0,LOLLAPALOOZA,103350.0,Lolla Pista,1100.0,1706.6666666666667,COMUM,SEXTA-FEIRA,DIA UTIL,CHUVISCO LEVE,MARÇO,-72.0
3067,2023-03-24,2023,AUTODROMO DE INTERLAGOS,SUKI WATERHOUSE,ARENAS E ESTADIOS,AREA EXTERNA PARA EVENTOS,0,69.0,1422868.0,LOLLAPALOOZA,103350.0,Lolla Lounge,2250.0,1706.6666666666667,LUXO,SEXTA-FEIRA,DIA UTIL,CHUVISCO LEVE,MARÇO,0.0
3068,2023-03-24,2023,AUTODROMO DE INTERLAGOS,SUKI WATERHOUSE,ARENAS E ESTADIOS,AREA EXTERNA PARA EVENTOS,0,69.0,1422868.0,LOLLAPALOOZA,103350.0,Lolla Confort,1770.0,1706.6666666666667,VIP,SEXTA-FEIRA,DIA UTIL,CHUVISCO LEVE,MARÇO,0.0
3069,2024-04-27,2024,MEMORIAL DA AMERICA LATINA,WITHIN TEMPTATION,GRANDES CASAS,AREA EXTERNA PARA EVENTOS,SYMPHONIC METAL,62.0,1417989.0,SUMMER BREEZE BRASIL,15000.0,Pista,565.0,615.0,COMUM,SABADO,FIM DE SEMANA,NUBLADO,ABRIL,561.0
3070,2024-04-27,2024,MEMORIAL DA AMERICA LATINA,WITHIN TEMPTATION,GRANDES CASAS,AREA EXTERNA PARA EVENTOS,SYMPHONIC METAL,62.0,1417989.0,SUMMER BREEZE BRASIL,15000.0,Pista Premium,665.0,615.0,VIP,SABADO,FIM DE SEMANA,NUBLADO,ABRIL,0.0
3071,2024-04-27,2024,TOKIO MARINE HALL,VANESSA DA MATA,MEDIAS CASAS,CASA DE SHOWS,MPB,66.0,1402942.0,False,3850.0,Pista,179.0,245.0,COMUM,SABADO,FIM DE SEMANA,NUBLADO,ABRIL,48.0
3072,2024-04-27,2024,TOKIO MARINE HALL,VANESSA DA MATA,MEDIAS CASAS,CASA DE SHOWS,MPB,66.0,1402942.0,False,3850.0,Pista Premium,259.0,245.0,VIP,SABADO,FIM DE SEMANA,NUBLADO,ABRIL,0.0
3073,2024-04-27,2024,TOKIO MARINE HALL,VANESSA DA MATA,MEDIAS CASAS,CASA DE SHOWS,MPB,66.0,1402942.0,False,3850.0,Camarote,299.0,245.0,LUXO,SABADO,FIM DE SEMANA,NUBLADO,ABRIL,0.0
3074,2024-04-27,2024,TOKIO MARINE HALL,VANESSA DA MATA,MEDIAS CASAS,CASA DE SHOWS,MPB,66.0,1402942.0,False,3850.0,Cadeira Inferior,269.0,245.0,INTERMEDIARIO,SABADO,FIM DE SEMANA,NUBLADO,ABRIL,0.0
3075,2024-04-27,2024,TOKIO MARINE HALL,VANESSA DA MATA,MEDIAS CASAS,CASA DE SHOWS,MPB,66.0,1402942.0,False,3850.0,Cadeira Superior,219.0,245.0,INTERMEDIARIO,SABADO,FIM DE SEMANA,NUBLADO,ABRIL,0.0
3076,2022-10-16,2022,SAMBODROMO DO ANHEMBI,VANESSA DA MATA,ARENAS E ESTADIOS,AREA EXTERNA PARA EVENTOS,MPB,66.0,1402942.0,False,10000.0,Pista,760.0,820.0,COMUM,DOMINGO,FIM DE SEMANA,CHUVA MODERADA,OUTUBRO,-559.0
3077,2022-10-16,2022,SAMBODROMO DO ANHEMBI,VANESSA DA MATA,ARENAS E ESTADIOS,AREA EXTERNA PARA EVENTOS,MPB,66.0,1402942.0,False,10000.0,Pista Premium,1200.0,820.0,VIP,DOMINGO,FIM DE SEMANA,CHUVA MODERADA,OUTUBRO,0.0
3078,2022-10-16,2022,SAMBODROMO DO ANHEMBI,VANESSA DA MATA,ARENAS E ESTADIOS,AREA EXTERNA PARA EVENTOS,MPB,66.0,1402942.0,False,10000.0,Cadeira Superior,500.0,820.0,INTERMEDIARIO,DOMINGO,FIM DE SEMANA,CHUVA MODERADA,OUTUBRO,0.0
3079,2025-07-19,2025,VIBRA SAO PAULO,VANESSA DA MATA,MEDIAS CASAS,TEATRO E CASA DE ESPETACULOS,MPB,66.0,1402942.0,False,4500.0,Camarote,320.0,220.0,LUXO,SABADO,FIM DE SEMANA,NUBLADO,JULHO,1007.0
3080,2025-07-19,2025,VIBRA SAO PAULO,VANESSA DA MATA,MEDIAS CASAS,TEATRO E CASA DE ESPETACULOS,MPB,66.0,1402942.0,False,4500.0,Mesa,120.0,220.0,LUXO,SABADO,FIM DE SEMANA,NUBLADO,JULHO,0.0
3081,2025-03-29,2025,AUTODROMO DE INTERLAGOS,ARTEMAS,ARENAS E ESTADIOS,AREA EXTERNA PARA EVENTOS,0,75.0,1396831.0,LOLLAPALOOZA,80000.0,Lolla Pista,1050.0,1678.1666666666667,COMUM,SABADO,FIM DE SEMANA,CHUVISCO INTENSO,MARÇO,736.0
3082,2025-03-29,2025,AUTODROMO DE INTERLAGOS,ARTEMAS,ARENAS E ESTADIOS,AREA EXTERNA PARA EVENTOS,0,75.0,1396831.0,LOLLAPALOOZA,80000.0,Lolla Lounge,2310.0,1678.1666666666667,LUXO,SABADO,FIM DE SEMANA,CHUVISCO INTENSO,MARÇO,0.0
3083,2025-03-29,2025,AUTODROMO DE INTERLAGOS,ARTEMAS,ARENAS E ESTADIOS,AREA EXTERNA PARA EVENTOS,0,75.0,1396831.0,LOLLAPALOOZA,80000.0,Lolla Confort,1674.5,1678.1666666666667,VIP,SABADO,FIM DE SEMANA,CHUVISCO INTENSO,MARÇO,0.0
3084,2023-04-22,2023,ALLIANZ PARQUE,HELLOWEEN,ARENAS E ESTADIOS,ESTADIO MULTIUSO,POWER METAL,61.0,1396792.0,MONSTERS OF ROCK,50000.0,Pista,680.0,780.0,COMUM,SABADO,FIM DE SEMANA,NUBLADO,ABRIL,999.0
3085,2023-04-22,2023,ALLIANZ PARQUE,HELLOWEEN,ARENAS E ESTADIOS,ESTADIO MULTIUSO,POWER METAL,61.0,1396792.0,MONSTERS OF ROCK,50000.0,Pista Premium,1180.0,780.0,VIP,SABADO,FIM DE SEMANA,NUBLADO,ABRIL,0.0
3086,2023-04-22,2023,ALLIANZ PARQUE,HELLOWEEN,ARENAS E ESTADIOS,ESTADIO MULTIUSO,POWER METAL,61.0,1396792.0,MONSTERS OF ROCK,50000.0,Cadeira Inferior,780.0,780.0,INTERMEDIARIO,SABADO,FIM DE SEMANA,NUBLADO,ABRIL,0.0
3087,2023-04-22,2023,ALLIANZ PARQUE,HELLOWEEN,ARENAS E ESTADIOS,ESTADIO MULTIUSO,POWER METAL,61.0,1396792.0,MONSTERS OF ROCK,50000.0,Cadeira Superior,480.0,780.0,INTERMEDIARIO,SABADO,FIM DE SEMANA,NUBLADO,ABRIL,0.0
3088,2022-10-08,2022,ESPACO UNIMED,HELLOWEEN,MEDIAS CASAS,CASA DE SHOWS,POWER METAL,61.0,1396792.0,False,8000.0,Pista,250.0,462.5,COMUM,SABADO,FIM DE SEMANA,NUBLADO,OUTUBRO,-196.0
3089,2022-10-08,2022,ESPACO UNIMED,HELLOWEEN,MEDIAS CASAS,CASA DE SHOWS,POWER METAL,61.0,1396792.0,False,8000.0,Pista Premium,480.0,462.5,VIP,SABADO,FIM DE SEMANA,NUBLADO,OUTUBRO,0.0
3090,2022-10-08,2022,ESPACO UNIMED,HELLOWEEN,MEDIAS CASAS,CASA DE SHOWS,POWER METAL,61.0,1396792.0,False,8000.0,Camarote,600.0,462.5,LUXO,SABADO,FIM DE SEMANA,NUBLADO,OUTUBRO,0.0
3091,2022-10-08,2022,ESPACO UNIMED,HELLOWEEN,MEDIAS CASAS,CASA DE SHOWS,POWER METAL,61.0,1396792.0,False,8000.0,Mezanino ,520.0,462.5,INTERMEDIARIO,SABADO,FIM DE SEMANA,NUBLADO,OUTUBRO,0.0
3092,2022-10-09,2022,ESPACO UNIMED,HELLOWEEN,MEDIAS CASAS,CASA DE SHOWS,POWER METAL,61.0,1396792.0,False,8000.0,Pista,250.0,462.5,COMUM,DOMINGO,FIM DE SEMANA,CHUVA LEVE,OUTUBRO,1.0
3093,2022-10-09,2022,ESPACO UNIMED,HELLOWEEN,MEDIAS CASAS,CASA DE SHOWS,POWER METAL,61.0,1396792.0,False,8000.0,Pista Premium,480.0,462.5,VIP,DOMINGO,FIM DE SEMANA,CHUVA LEVE,OUTUBRO,0.0
3094,2022-10-09,2022,ESPACO UNIMED,HELLOWEEN,MEDIAS CASAS,CASA DE SHOWS,POWER METAL,61.0,1396792.0,False,8000.0,Camarote,600.0,462.5,LUXO,DOMINGO,FIM DE SEMANA,CHUVA LEVE,OUTUBRO,0.0
3095,2022-10-09,2022,ESPACO UNIMED,HELLOWEEN,MEDIAS CASAS,CASA DE SHOWS,POWER METAL,61.0,1396792.0,False,8000.0,Mezanino ,520.0,462.5,INTERMEDIARIO,DOMINGO,FIM DE SEMANA,CHUVA LEVE,OUTUBRO,0.0
3096,2024-03-02,2024,ALLIANZ PARQUE,MAYDAY PARADE,ARENAS E ESTADIOS,ESTADIO MULTIUSO,POP PUNK,60.0,1391680.0,I WANNA BE TOUR,41717.0,Pista,380.0,786.6666666666666,COMUM,SABADO,FIM DE SEMANA,NUBLADO,MARÇO,-545.0
3097,2024-03-02,2024,ALLIANZ PARQUE,MAYDAY PARADE,ARENAS E ESTADIOS,ESTADIO MULTIUSO,POP PUNK,60.0,1391680.0,I WANNA BE TOUR,41717.0,Pista Premium,650.0,786.6666666666666,VIP,SABADO,FIM DE SEMANA,NUBLADO,MARÇO,0.0
3098,2024-03-02,2024,ALLIANZ PARQUE,MAYDAY PARADE,ARENAS E ESTADIOS,ESTADIO MULTIUSO,POP PUNK,60.0,1391680.0,I WANNA BE TOUR,41717.0,Cadeira Inferior,420.0,786.6666666666666,INTERMEDIARIO,SABADO,FIM DE SEMANA,NUBLADO,MARÇO,0.0
3099,2024-03-02,2024,ALLIANZ PARQUE,MAYDAY PARADE,ARENAS E ESTADIOS,ESTADIO MULTIUSO,POP PUNK,60.0,1391680.0,I WANNA BE TOUR,41717.0,Cadeira Superior,280.0,786.6666666666666,INTERMEDIARIO,SABADO,FIM DE SEMANA,NUBLADO,MARÇO,0.0
3100,2024-03-02,2024,ALLIANZ PARQUE,MAYDAY PARADE,ARENAS E ESTADIOS,ESTADIO MULTIUSO,POP PUNK,60.0,1391680.0,I WANNA BE TOUR,41717.0,VIP I,990.0,786.6666666666666,VIP,SABADO,FIM DE SEMANA,NUBLADO,MARÇO,0.0
3101,2024-03-02,2024,ALLIANZ PARQUE,MAYDAY PARADE,ARENAS E ESTADIOS,ESTADIO MULTIUSO,POP PUNK,60.0,1391680.0,I WANNA BE TOUR,41717.0,VIP II,2000.0,786.6666666666666,ULTRA VIP,SABADO,FIM DE SEMANA,NUBLADO,MARÇO,0.0
3102,2023-12-02,2023,AUTODROMO DE INTERLAGOS,SLOWDIVE,ARENAS E ESTADIOS,AREA EXTERNA PARA EVENTOS,SHOEGAZE,66.0,1383671.0,False,50000.0,Pista,990.0,1495.0,COMUM,SABADO,FIM DE SEMANA,NUBLADO,DEZEMBRO,999.0
3103,2023-12-02,2023,AUTODROMO DE INTERLAGOS,SLOWDIVE,ARENAS E ESTADIOS,AREA EXTERNA PARA EVENTOS,SHOEGAZE,66.0,1383671.0,False,50000.0,Pista Premium,2000.0,1495.0,VIP,SABADO,FIM DE SEMANA,NUBLADO,DEZEMBRO,0.0
3104,2024-12-12,2024,VIBRA SAO PAULO,TOKIO HOTEL,MEDIAS CASAS,TEATRO E CASA DE ESPETACULOS,POP ROCK,64.0,1380675.0,False,7000.0,Pista,200.0,300.0,COMUM,QUINTA-FEIRA,DIA UTIL,CHUVISCO LEVE,DEZEMBRO,827.0
3105,2024-12-12,2024,VIBRA SAO PAULO,TOKIO HOTEL,MEDIAS CASAS,TEATRO E CASA DE ESPETACULOS,POP ROCK,64.0,1380675.0,False,7000.0,Pista Premium,300.0,300.0,VIP,QUINTA-FEIRA,DIA UTIL,CHUVISCO LEVE,DEZEMBRO,0.0
3106,2024-12-12,2024,VIBRA SAO PAULO,TOKIO HOTEL,MEDIAS CASAS,TEATRO E CASA DE ESPETACULOS,POP ROCK,64.0,1380675.0,False,7000.0,Camarote,400.0,300.0,LUXO,QUINTA-FEIRA,DIA UTIL,CHUVISCO LEVE,DEZEMBRO,0.0
3107,2024-03-02,2024,ALLIANZ PARQUE,PLAIN WHITE T'S,ARENAS E ESTADIOS,ESTADIO MULTIUSO,ALTERNATIVEROCK,63.0,1350270.0,I WANNA BE TOUR,41717.0,Pista,380.0,786.6666666666666,COMUM,SABADO,FIM DE SEMANA,NUBLADO,MARÇO,999.0
3108,2024-03-02,2024,ALLIANZ PARQUE,PLAIN WHITE T'S,ARENAS E ESTADIOS,ESTADIO MULTIUSO,ALTERNATIVEROCK,63.0,1350270.0,I WANNA BE TOUR,41717.0,Pista Premium,650.0,786.6666666666666,VIP,SABADO,FIM DE SEMANA,NUBLADO,MARÇO,0.0
3109,2024-03-02,2024,ALLIANZ PARQUE,PLAIN WHITE T'S,ARENAS E ESTADIOS,ESTADIO MULTIUSO,ALTERNATIVEROCK,63.0,1350270.0,I WANNA BE TOUR,41717.0,Cadeira Inferior,420.0,786.6666666666666,INTERMEDIARIO,SABADO,FIM DE SEMANA,NUBLADO,MARÇO,0.0
3110,2024-03-02,2024,ALLIANZ PARQUE,PLAIN WHITE T'S,ARENAS E ESTADIOS,ESTADIO MULTIUSO,ALTERNATIVEROCK,63.0,1350270.0,I WANNA BE TOUR,41717.0,Cadeira Superior,280.0,786.6666666666666,INTERMEDIARIO,SABADO,FIM DE SEMANA,NUBLADO,MARÇO,0.0
3111,2024-03-02,2024,ALLIANZ PARQUE,PLAIN WHITE T'S,ARENAS E ESTADIOS,ESTADIO MULTIUSO,ALTERNATIVEROCK,63.0,1350270.0,I WANNA BE TOUR,41717.0,VIP I,990.0,786.6666666666666,VIP,SABADO,FIM DE SEMANA,NUBLADO,MARÇO,0.0
3112,2024-03-02,2024,ALLIANZ PARQUE,PLAIN WHITE T'S,ARENAS E ESTADIOS,ESTADIO MULTIUSO,ALTERNATIVEROCK,63.0,1350270.0,I WANNA BE TOUR,41717.0,VIP II,2000.0,786.6666666666666,ULTRA VIP,SABADO,FIM DE SEMANA,NUBLADO,MARÇO,0.0
3113,2023-09-03,2023,AUTODROMO DE INTERLAGOS,PAUL KALKBRENNER,ARENAS E ESTADIOS,AREA EXTERNA PARA EVENTOS,MINIMAL TECHNO,67.0,1347879.0,THE TOWN,100000.0,Pista,815.0,815.0,COMUM,DOMINGO,FIM DE SEMANA,CHUVISCO INTENSO,SETEMBRO,999.0
3114,2023-09-09,2023,AUTODROMO DE INTERLAGOS,GARBAGE,ARENAS E ESTADIOS,AREA EXTERNA PARA EVENTOS,ROCK,60.0,1335658.0,THE TOWN,100000.0,Pista,815.0,815.0,COMUM,SABADO,FIM DE SEMANA,CHUVISCO LEVE,SETEMBRO,301.0
3115,2025-03-22,2025,TERRA SP,GARBAGE,MEDIAS CASAS,CASA DE SHOWS,ROCK,60.0,1335658.0,False,2800.0,Pista,600.0,933.3333333333334,COMUM,SABADO,FIM DE SEMANA,NUBLADO,MARÇO,560.0
3116,2025-03-22,2025,TERRA SP,GARBAGE,MEDIAS CASAS,CASA DE SHOWS,ROCK,60.0,1335658.0,False,2800.0,Pista Premium,1000.0,933.3333333333334,VIP,SABADO,FIM DE SEMANA,NUBLADO,MARÇO,0.0
3117,2025-03-22,2025,TERRA SP,GARBAGE,MEDIAS CASAS,CASA DE SHOWS,ROCK,60.0,1335658.0,False,2800.0,Camarote,1200.0,933.3333333333334,LUXO,SABADO,FIM DE SEMANA,NUBLADO,MARÇO,0.0
3118,2024-03-24,2024,AUTODROMO DE INTERLAGOS,NOTHING BUT THIEVES,ARENAS E ESTADIOS,AREA EXTERNA PARA EVENTOS,0,64.0,1330675.0,LOLLAPALOOZA,80000.0,Lolla Pista,1100.0,1700.0,COMUM,DOMINGO,FIM DE SEMANA,CHUVA LEVE,MARÇO,-370.0
3119,2024-03-24,2024,AUTODROMO DE INTERLAGOS,NOTHING BUT THIEVES,ARENAS E ESTADIOS,AREA EXTERNA PARA EVENTOS,0,64.0,1330675.0,LOLLAPALOOZA,80000.0,Lolla Lounge,2250.0,1700.0,LUXO,DOMINGO,FIM DE SEMANA,CHUVA LEVE,MARÇO,0.0
3120,2024-03-24,2024,AUTODROMO DE INTERLAGOS,NOTHING BUT THIEVES,ARENAS E ESTADIOS,AREA EXTERNA PARA EVENTOS,0,64.0,1330675.0,LOLLAPALOOZA,80000.0,Lolla Confort,1750.0,1700.0,VIP,DOMINGO,FIM DE SEMANA,CHUVA LEVE,MARÇO,0.0
3121,2024-03-02,2024,ALLIANZ PARQUE,THE USED,ARENAS E ESTADIOS,ESTADIO MULTIUSO,EMO,62.0,1310468.0,I WANNA BE TOUR,41717.0,Pista,380.0,786.6666666666666,COMUM,SABADO,FIM DE SEMANA,NUBLADO,MARÇO,-21.0
3122,2024-03-02,2024,ALLIANZ PARQUE,THE USED,ARENAS E ESTADIOS,ESTADIO MULTIUSO,EMO,62.0,1310468.0,I WANNA BE TOUR,41717.0,Pista Premium,650.0,786.6666666666666,VIP,SABADO,FIM DE SEMANA,NUBLADO,MARÇO,0.0
3123,2024-03-02,2024,ALLIANZ PARQUE,THE USED,ARENAS E ESTADIOS,ESTADIO MULTIUSO,EMO,62.0,1310468.0,I WANNA BE TOUR,41717.0,Cadeira Inferior,420.0,786.6666666666666,INTERMEDIARIO,SABADO,FIM DE SEMANA,NUBLADO,MARÇO,0.0
3124,2024-03-02,2024,ALLIANZ PARQUE,THE USED,ARENAS E ESTADIOS,ESTADIO MULTIUSO,EMO,62.0,1310468.0,I WANNA BE TOUR,41717.0,Cadeira Superior,280.0,786.6666666666666,INTERMEDIARIO,SABADO,FIM DE SEMANA,NUBLADO,MARÇO,0.0
3125,2024-03-02,2024,ALLIANZ PARQUE,THE USED,ARENAS E ESTADIOS,ESTADIO MULTIUSO,EMO,62.0,1310468.0,I WANNA BE TOUR,41717.0,VIP I,990.0,786.6666666666666,VIP,SABADO,FIM DE SEMANA,NUBLADO,MARÇO,0.0
3126,2024-03-02,2024,ALLIANZ PARQUE,THE USED,ARENAS E ESTADIOS,ESTADIO MULTIUSO,EMO,62.0,1310468.0,I WANNA BE TOUR,41717.0,VIP II,2000.0,786.6666666666666,ULTRA VIP,SABADO,FIM DE SEMANA,NUBLADO,MARÇO,0.0
3127,2024-03-23,2024,AUTODROMO DE INTERLAGOS,TIMMY TRUMPET,ARENAS E ESTADIOS,AREA EXTERNA PARA EVENTOS,MELBOURNE BOUNCE,70.0,1308644.0,LOLLAPALOOZA,80000.0,Lolla Pista,1100.0,1700.0,COMUM,SABADO,FIM DE SEMANA,CHUVISCO INTENSO,MARÇO,999.0
3128,2024-03-23,2024,AUTODROMO DE INTERLAGOS,TIMMY TRUMPET,ARENAS E ESTADIOS,AREA EXTERNA PARA EVENTOS,MELBOURNE BOUNCE,70.0,1308644.0,LOLLAPALOOZA,80000.0,Lolla Lounge,2250.0,1700.0,LUXO,SABADO,FIM DE SEMANA,CHUVISCO INTENSO,MARÇO,0.0
3129,2024-03-23,2024,AUTODROMO DE INTERLAGOS,TIMMY TRUMPET,ARENAS E ESTADIOS,AREA EXTERNA PARA EVENTOS,MELBOURNE BOUNCE,70.0,1308644.0,LOLLAPALOOZA,80000.0,Lolla Confort,1750.0,1700.0,VIP,SABADO,FIM DE SEMANA,CHUVISCO INTENSO,MARÇO,0.0
3130,2023-04-21,2023,VALE DO ANHANGABAU,TIMMY TRUMPET,GRANDES CASAS,AREA EXTERNA PARA EVENTOS,MELBOURNE BOUNCE,70.0,1308644.0,ULTRA BRASIL,20000.0,Pista,750.0,1125.0,COMUM,SEXTA-FEIRA,FERIADO NACIONAL,NUBLADO,ABRIL,-337.0
3131,2023-04-21,2023,VALE DO ANHANGABAU,TIMMY TRUMPET,GRANDES CASAS,AREA EXTERNA PARA EVENTOS,MELBOURNE BOUNCE,70.0,1308644.0,ULTRA BRASIL,20000.0,Pista Premium,1500.0,1125.0,VIP,SEXTA-FEIRA,FERIADO NACIONAL,NUBLADO,ABRIL,0.0
3132,2023-11-09,2023,TOKIO MARINE HALL,IN FLAMES,MEDIAS CASAS,CASA DE SHOWS,MELODIC DEATH METAL,62.0,1295852.0,False,2500.0,Pista,340.0,392.0,COMUM,QUINTA-FEIRA,DIA UTIL,CHUVISCO LEVE,NOVEMBRO,999.0
3133,2023-11-09,2023,TOKIO MARINE HALL,IN FLAMES,MEDIAS CASAS,CASA DE SHOWS,MELODIC DEATH METAL,62.0,1295852.0,False,2500.0,Pista Premium,600.0,392.0,VIP,QUINTA-FEIRA,DIA UTIL,CHUVISCO LEVE,NOVEMBRO,0.0
3134,2023-11-09,2023,TOKIO MARINE HALL,IN FLAMES,MEDIAS CASAS,CASA DE SHOWS,MELODIC DEATH METAL,62.0,1295852.0,False,2500.0,Camarote,440.0,392.0,LUXO,QUINTA-FEIRA,DIA UTIL,CHUVISCO LEVE,NOVEMBRO,0.0
3135,2023-11-09,2023,TOKIO MARINE HALL,IN FLAMES,MEDIAS CASAS,CASA DE SHOWS,MELODIC DEATH METAL,62.0,1295852.0,False,2500.0,Cadeira Inferior,340.0,392.0,INTERMEDIARIO,QUINTA-FEIRA,DIA UTIL,CHUVISCO LEVE,NOVEMBRO,0.0
3136,2023-11-09,2023,TOKIO MARINE HALL,IN FLAMES,MEDIAS CASAS,CASA DE SHOWS,MELODIC DEATH METAL,62.0,1295852.0,False,2500.0,Cadeira Superior,240.0,392.0,INTERMEDIARIO,QUINTA-FEIRA,DIA UTIL,CHUVISCO LEVE,NOVEMBRO,0.0
3137,2024-03-02,2024,ALLIANZ PARQUE,BOYS LIKE GIRLS,ARENAS E ESTADIOS,ESTADIO MULTIUSO,POP PUNK,60.0,1288544.0,I WANNA BE TOUR,41717.0,Pista,380.0,786.6666666666666,COMUM,SABADO,FIM DE SEMANA,NUBLADO,MARÇO,0.0
3138,2024-03-02,2024,ALLIANZ PARQUE,BOYS LIKE GIRLS,ARENAS E ESTADIOS,ESTADIO MULTIUSO,POP PUNK,60.0,1288544.0,I WANNA BE TOUR,41717.0,Pista Premium,650.0,786.6666666666666,VIP,SABADO,FIM DE SEMANA,NUBLADO,MARÇO,0.0
3139,2024-03-02,2024,ALLIANZ PARQUE,BOYS LIKE GIRLS,ARENAS E ESTADIOS,ESTADIO MULTIUSO,POP PUNK,60.0,1288544.0,I WANNA BE TOUR,41717.0,Cadeira Inferior,420.0,786.6666666666666,INTERMEDIARIO,SABADO,FIM DE SEMANA,NUBLADO,MARÇO,0.0
3140,2024-03-02,2024,ALLIANZ PARQUE,BOYS LIKE GIRLS,ARENAS E ESTADIOS,ESTADIO MULTIUSO,POP PUNK,60.0,1288544.0,I WANNA BE TOUR,41717.0,Cadeira Superior,280.0,786.6666666666666,INTERMEDIARIO,SABADO,FIM DE SEMANA,NUBLADO,MARÇO,0.0
3141,2024-03-02,2024,ALLIANZ PARQUE,BOYS LIKE GIRLS,ARENAS E ESTADIOS,ESTADIO MULTIUSO,POP PUNK,60.0,1288544.0,I WANNA BE TOUR,41717.0,VIP I,990.0,786.6666666666666,VIP,SABADO,FIM DE SEMANA,NUBLADO,MARÇO,0.0
3142,2024-03-02,2024,ALLIANZ PARQUE,BOYS LIKE GIRLS,ARENAS E ESTADIOS,ESTADIO MULTIUSO,POP PUNK,60.0,1288544.0,I WANNA BE TOUR,41717.0,VIP II,2000.0,786.6666666666666,ULTRA VIP,SABADO,FIM DE SEMANA,NUBLADO,MARÇO,0.0
3143,2023-04-30,2023,MEMORIAL DA AMERICA LATINA,PARKWAY DRIVE,GRANDES CASAS,AREA EXTERNA PARA EVENTOS,METALCORE,64.0,1283206.0,SUMMER BREEZE BRASIL,7000.0,Pista,400.0,533.3333333333334,COMUM,DOMINGO,FIM DE SEMANA,CHUVISCO LEVE,ABRIL,133.0
3144,2023-04-30,2023,MEMORIAL DA AMERICA LATINA,PARKWAY DRIVE,GRANDES CASAS,AREA EXTERNA PARA EVENTOS,METALCORE,64.0,1283206.0,SUMMER BREEZE BRASIL,7000.0,Pista Premium,600.0,533.3333333333334,VIP,DOMINGO,FIM DE SEMANA,CHUVISCO LEVE,ABRIL,0.0
3145,2023-04-30,2023,MEMORIAL DA AMERICA LATINA,PARKWAY DRIVE,GRANDES CASAS,AREA EXTERNA PARA EVENTOS,METALCORE,64.0,1283206.0,SUMMER BREEZE BRASIL,7000.0,Mezanino ,600.0,533.3333333333334,INTERMEDIARIO,DOMINGO,FIM DE SEMANA,CHUVISCO LEVE,ABRIL,0.0
3146,2025-10-10,2025,ESPACO UNIMED,KENNY G,MEDIAS CASAS,CASA DE SHOWS,SMOOTH JAZZ,66.0,1275453.0,False,7000.0,Pista,550.0,700.0,COMUM,SEXTA-FEIRA,DIA UTIL,CHUVA MODERADA,OUTUBRO,999.0
3147,2025-10-10,2025,ESPACO UNIMED,KENNY G,MEDIAS CASAS,CASA DE SHOWS,SMOOTH JAZZ,66.0,1275453.0,False,7000.0,Pista Premium,740.0,700.0,VIP,SEXTA-FEIRA,DIA UTIL,CHUVA MODERADA,OUTUBRO,0.0
3148,2025-10-10,2025,ESPACO UNIMED,KENNY G,MEDIAS CASAS,CASA DE SHOWS,SMOOTH JAZZ,66.0,1275453.0,False,7000.0,Camarote,770.0,700.0,LUXO,SEXTA-FEIRA,DIA UTIL,CHUVA MODERADA,OUTUBRO,0.0
3149,2025-10-10,2025,ESPACO UNIMED,KENNY G,MEDIAS CASAS,CASA DE SHOWS,SMOOTH JAZZ,66.0,1275453.0,False,7000.0,Mezanino ,540.0,700.0,INTERMEDIARIO,SEXTA-FEIRA,DIA UTIL,CHUVA MODERADA,OUTUBRO,0.0
3150,2025-10-10,2025,ESPACO UNIMED,KENNY G,MEDIAS CASAS,CASA DE SHOWS,SMOOTH JAZZ,66.0,1275453.0,False,7000.0,Frontstage,900.0,700.0,VIP,SEXTA-FEIRA,DIA UTIL,CHUVA MODERADA,OUTUBRO,0.0
3151,2023-06-16,2023,AUDIO,MARCELO D2,MEDIAS CASAS,CASA DE SHOWS,BRAZILIAN HIP HOP,61.0,1274774.0,False,2839.1304347826085,Pista,120.0,210.0,COMUM,SEXTA-FEIRA,DIA UTIL,NUBLADO,JUNHO,124.0
3152,2023-06-16,2023,AUDIO,MARCELO D2,MEDIAS CASAS,CASA DE SHOWS,BRAZILIAN HIP HOP,61.0,1274774.0,False,2839.1304347826085,Mezanino ,300.0,210.0,INTERMEDIARIO,SEXTA-FEIRA,DIA UTIL,NUBLADO,JUNHO,0.0
3153,2023-06-16,2023,AUDIO,MARCELO D2,MEDIAS CASAS,CASA DE SHOWS,BRAZILIAN HIP HOP,61.0,1274774.0,False,2839.1304347826085,Pista,120.0,210.0,COMUM,SEXTA-FEIRA,DIA UTIL,NUBLADO,JUNHO,0.0
3154,2024-10-26,2024,AUDIO,MARCELO D2,MEDIAS CASAS,CASA DE SHOWS,BRAZILIAN HIP HOP,61.0,1274774.0,False,2500.0,Pista,140.0,140.0,COMUM,SABADO,FIM DE SEMANA,CHUVA LEVE,OUTUBRO,498.0
3155,2024-10-26,2024,AUDIO,MARCELO D2,MEDIAS CASAS,CASA DE SHOWS,BRAZILIAN HIP HOP,61.0,1274774.0,False,2500.0,Pista,140.0,140.0,COMUM,SABADO,FIM DE SEMANA,CHUVA LEVE,OUTUBRO,0.0
3156,2024-03-22,2024,AUTODROMO DE INTERLAGOS,MARCELO D2,ARENAS E ESTADIOS,AREA EXTERNA PARA EVENTOS,BRAZILIAN HIP HOP,61.0,1274774.0,LOLLAPALOOZA,80000.0,Lolla Pista,1100.0,1700.0,COMUM,SEXTA-FEIRA,DIA UTIL,CHUVISCO MODERADO,MARÇO,-218.0
3157,2024-03-22,2024,AUTODROMO DE INTERLAGOS,MARCELO D2,ARENAS E ESTADIOS,AREA EXTERNA PARA EVENTOS,BRAZILIAN HIP HOP,61.0,1274774.0,LOLLAPALOOZA,80000.0,Lolla Lounge,2250.0,1700.0,LUXO,SEXTA-FEIRA,DIA UTIL,CHUVISCO MODERADO,MARÇO,0.0
3158,2024-03-22,2024,AUTODROMO DE INTERLAGOS,MARCELO D2,ARENAS E ESTADIOS,AREA EXTERNA PARA EVENTOS,BRAZILIAN HIP HOP,61.0,1274774.0,LOLLAPALOOZA,80000.0,Lolla Confort,1750.0,1700.0,VIP,SEXTA-FEIRA,DIA UTIL,CHUVISCO MODERADO,MARÇO,0.0
3159,2024-03-22,2024,AUTODROMO DE INTERLAGOS,MARCELO D2,ARENAS E ESTADIOS,AREA EXTERNA PARA EVENTOS,BRAZILIAN HIP HOP,61.0,1274774.0,LOLLAPALOOZA,80000.0,Lolla Pista,1100.0,1700.0,COMUM,SEXTA-FEIRA,DIA UTIL,CHUVISCO MODERADO,MARÇO,0.0
3160,2022-03-26,2022,AUTODROMO DE INTERLAGOS,DEORRO,ARENAS E ESTADIOS,AREA EXTERNA PARA EVENTOS,MELBOURNE BOUNCE,65.0,1268294.0,LOLLAPALOOZA,103000.0,Lolla Pista,1050.0,1763.3333333333333,COMUM,SABADO,FIM DE SEMANA,CHUVISCO LEVE,MARÇO,-391.0
3161,2022-03-26,2022,AUTODROMO DE INTERLAGOS,DEORRO,ARENAS E ESTADIOS,AREA EXTERNA PARA EVENTOS,MELBOURNE BOUNCE,65.0,1268294.0,LOLLAPALOOZA,103000.0,Lolla Lounge,2400.0,1763.3333333333333,LUXO,SABADO,FIM DE SEMANA,CHUVISCO LEVE,MARÇO,0.0
3162,2022-03-26,2022,AUTODROMO DE INTERLAGOS,DEORRO,ARENAS E ESTADIOS,AREA EXTERNA PARA EVENTOS,MELBOURNE BOUNCE,65.0,1268294.0,LOLLAPALOOZA,103000.0,Lolla Confort,1840.0,1763.3333333333333,VIP,SABADO,FIM DE SEMANA,CHUVISCO LEVE,MARÇO,0.0
3163,2025-03-30,2025,AUTODROMO DE INTERLAGOS,CHARLOTTE DE WITTE,ARENAS E ESTADIOS,AREA EXTERNA PARA EVENTOS,ACID TECHNO,63.0,1244891.0,LOLLAPALOOZA,80000.0,Lolla Pista,1050.0,1678.1666666666667,COMUM,DOMINGO,FIM DE SEMANA,CHUVISCO LEVE,MARÇO,999.0
3164,2025-03-30,2025,AUTODROMO DE INTERLAGOS,CHARLOTTE DE WITTE,ARENAS E ESTADIOS,AREA EXTERNA PARA EVENTOS,ACID TECHNO,63.0,1244891.0,LOLLAPALOOZA,80000.0,Lolla Lounge,2310.0,1678.1666666666667,LUXO,DOMINGO,FIM DE SEMANA,CHUVISCO LEVE,MARÇO,0.0
3165,2025-03-30,2025,AUTODROMO DE INTERLAGOS,CHARLOTTE DE WITTE,ARENAS E ESTADIOS,AREA EXTERNA PARA EVENTOS,ACID TECHNO,63.0,1244891.0,LOLLAPALOOZA,80000.0,Lolla Confort,1674.5,1678.1666666666667,VIP,DOMINGO,FIM DE SEMANA,CHUVISCO LEVE,MARÇO,0.0
3166,2023-11-08,2023,ESPACO UNIMED,ALTER BRIDGE,MEDIAS CASAS,CASA DE SHOWS,POST-GRUNGE,62.0,1239932.0,False,7800.0,Pista,300.0,450.0,COMUM,QUARTA-FEIRA,DIA UTIL,NUBLADO,NOVEMBRO,999.0
3167,2023-11-08,2023,ESPACO UNIMED,ALTER BRIDGE,MEDIAS CASAS,CASA DE SHOWS,POST-GRUNGE,62.0,1239932.0,False,7800.0,Pista Premium,500.0,450.0,VIP,QUARTA-FEIRA,DIA UTIL,NUBLADO,NOVEMBRO,0.0
3168,2023-11-08,2023,ESPACO UNIMED,ALTER BRIDGE,MEDIAS CASAS,CASA DE SHOWS,POST-GRUNGE,62.0,1239932.0,False,7800.0,Mezanino ,550.0,450.0,INTERMEDIARIO,QUARTA-FEIRA,DIA UTIL,NUBLADO,NOVEMBRO,0.0
3169,2022-11-05,2022,DISTRITO ANHEMBI,JOSE GONZALEZ,GRANDES CASAS,AREA EXTERNA PARA EVENTOS,INDIE FOLK,65.0,1233844.0,PRIMAVERA SOUND,45000.0,Pista,560.0,733.3333333333334,COMUM,SABADO,FIM DE SEMANA,CHUVISCO LEVE,NOVEMBRO,-36.0
3170,2022-11-05,2022,DISTRITO ANHEMBI,JOSE GONZALEZ,GRANDES CASAS,AREA EXTERNA PARA EVENTOS,INDIE FOLK,65.0,1233844.0,PRIMAVERA SOUND,45000.0,Pista Premium,890.0,733.3333333333334,VIP,SABADO,FIM DE SEMANA,CHUVISCO LEVE,NOVEMBRO,0.0
3171,2022-11-05,2022,DISTRITO ANHEMBI,JOSE GONZALEZ,GRANDES CASAS,AREA EXTERNA PARA EVENTOS,INDIE FOLK,65.0,1233844.0,PRIMAVERA SOUND,45000.0,Cadeira Inferior,750.0,733.3333333333334,INTERMEDIARIO,SABADO,FIM DE SEMANA,CHUVISCO LEVE,NOVEMBRO,0.0
3172,2024-03-08,2024,ESPACO UNIMED,ALCIONE,MEDIAS CASAS,CASA DE SHOWS,SAMBA,62.0,1221737.0,False,6900.0,Pista,160.0,313.3333333333333,COMUM,SEXTA-FEIRA,DIA UTIL,CHUVA MODERADA,MARÇO,-281.0
3173,2024-03-08,2024,ESPACO UNIMED,ALCIONE,MEDIAS CASAS,CASA DE SHOWS,SAMBA,62.0,1221737.0,False,6900.0,Camarote,390.0,313.3333333333333,LUXO,SEXTA-FEIRA,DIA UTIL,CHUVA MODERADA,MARÇO,0.0
3174,2024-03-08,2024,ESPACO UNIMED,ALCIONE,MEDIAS CASAS,CASA DE SHOWS,SAMBA,62.0,1221737.0,False,6900.0,VIP I,390.0,313.3333333333333,VIP,SEXTA-FEIRA,DIA UTIL,CHUVA MODERADA,MARÇO,0.0
3175,2025-03-22,2025,ESPACO UNIMED,ALCIONE,MEDIAS CASAS,CASA DE SHOWS,SAMBA,62.0,1221737.0,False,8000.0,Pista,180.0,220.0,COMUM,SABADO,FIM DE SEMANA,NUBLADO,MARÇO,379.0
3176,2025-03-22,2025,ESPACO UNIMED,ALCIONE,MEDIAS CASAS,CASA DE SHOWS,SAMBA,62.0,1221737.0,False,8000.0,Pista Premium,220.0,220.0,VIP,SABADO,FIM DE SEMANA,NUBLADO,MARÇO,0.0
3177,2025-03-22,2025,ESPACO UNIMED,ALCIONE,MEDIAS CASAS,CASA DE SHOWS,SAMBA,62.0,1221737.0,False,8000.0,Camarote,320.0,220.0,LUXO,SABADO,FIM DE SEMANA,NUBLADO,MARÇO,0.0
3178,2025-03-22,2025,ESPACO UNIMED,ALCIONE,MEDIAS CASAS,CASA DE SHOWS,SAMBA,62.0,1221737.0,False,8000.0,Cadeira Superior,160.0,220.0,INTERMEDIARIO,SABADO,FIM DE SEMANA,NUBLADO,MARÇO,0.0
3179,2024-04-17,2024,ESPACO UNIMED,TOM JONES,MEDIAS CASAS,CASA DE SHOWS,0,64.0,1219873.0,False,7668.0,Pista,650.0,790.0,COMUM,QUARTA-FEIRA,DIA UTIL,CHUVA FORTE,ABRIL,24.0
3180,2024-04-17,2024,ESPACO UNIMED,TOM JONES,MEDIAS CASAS,CASA DE SHOWS,0,64.0,1219873.0,False,7668.0,Pista Premium,880.0,790.0,VIP,QUARTA-FEIRA,DIA UTIL,CHUVA FORTE,ABRIL,0.0
3181,2024-04-17,2024,ESPACO UNIMED,TOM JONES,MEDIAS CASAS,CASA DE SHOWS,0,64.0,1219873.0,False,7668.0,Camarote,790.0,790.0,LUXO,QUARTA-FEIRA,DIA UTIL,CHUVA FORTE,ABRIL,0.0
3182,2024-04-17,2024,ESPACO UNIMED,TOM JONES,MEDIAS CASAS,CASA DE SHOWS,0,64.0,1219873.0,False,7668.0,PIT,980.0,790.0,ULTRA VIP,QUARTA-FEIRA,DIA UTIL,CHUVA FORTE,ABRIL,0.0
3183,2024-04-17,2024,ESPACO UNIMED,TOM JONES,MEDIAS CASAS,CASA DE SHOWS,0,64.0,1219873.0,False,7668.0,Mezanino ,650.0,790.0,INTERMEDIARIO,QUARTA-FEIRA,DIA UTIL,CHUVA FORTE,ABRIL,0.0
3184,2023-10-21,2023,ESPACO UNIMED,JORGE BEN JOR,MEDIAS CASAS,CASA DE SHOWS,MPB,65.0,1213747.0,False,8000.0,Pista,100.0,156.66666666666666,COMUM,SABADO,FIM DE SEMANA,CHUVISCO LEVE,OUTUBRO,-637.0
3185,2023-10-21,2023,ESPACO UNIMED,JORGE BEN JOR,MEDIAS CASAS,CASA DE SHOWS,MPB,65.0,1213747.0,False,8000.0,Pista Premium,130.0,156.66666666666666,VIP,SABADO,FIM DE SEMANA,CHUVISCO LEVE,OUTUBRO,0.0
3186,2023-10-21,2023,ESPACO UNIMED,JORGE BEN JOR,MEDIAS CASAS,CASA DE SHOWS,MPB,65.0,1213747.0,False,8000.0,Camarote,240.0,156.66666666666666,LUXO,SABADO,FIM DE SEMANA,CHUVISCO LEVE,OUTUBRO,0.0
3187,2024-11-23,2024,ESPACO UNIMED,JORGE BEN JOR,MEDIAS CASAS,CASA DE SHOWS,MPB,65.0,1213747.0,False,7452.542372881356,Pista,240.0,265.0,COMUM,SABADO,FIM DE SEMANA,CHUVISCO MODERADO,NOVEMBRO,399.0
3188,2024-11-23,2024,ESPACO UNIMED,JORGE BEN JOR,MEDIAS CASAS,CASA DE SHOWS,MPB,65.0,1213747.0,False,7452.542372881356,Camarote,290.0,265.0,LUXO,SABADO,FIM DE SEMANA,CHUVISCO MODERADO,NOVEMBRO,0.0
3189,2025-09-20,2025,ESPACO UNIMED,JORGE BEN JOR,MEDIAS CASAS,CASA DE SHOWS,MPB,65.0,1213747.0,False,8000.0,Pista,260.0,370.0,COMUM,SABADO,FIM DE SEMANA,NUBLADO,SETEMBRO,301.0
3190,2025-09-20,2025,ESPACO UNIMED,JORGE BEN JOR,MEDIAS CASAS,CASA DE SHOWS,MPB,65.0,1213747.0,False,8000.0,Pista Premium,320.0,370.0,VIP,SABADO,FIM DE SEMANA,NUBLADO,SETEMBRO,0.0
3191,2025-09-20,2025,ESPACO UNIMED,JORGE BEN JOR,MEDIAS CASAS,CASA DE SHOWS,MPB,65.0,1213747.0,False,8000.0,Camarote,530.0,370.0,LUXO,SABADO,FIM DE SEMANA,NUBLADO,SETEMBRO,0.0
3192,2023-09-10,2023,AUTODROMO DE INTERLAGOS,KIM PETRAS,ARENAS E ESTADIOS,AREA EXTERNA PARA EVENTOS,0,71.0,1196628.0,THE TOWN,100000.0,Pista,815.0,815.0,COMUM,DOMINGO,FIM DE SEMANA,NUBLADO,SETEMBRO,-220.0
3193,2022-09-17,2022,MEMORIAL DA AMERICA LATINA,GAL COSTA,GRANDES CASAS,AREA EXTERNA PARA EVENTOS,MPB,63.0,1195915.0,COALA FESTIVAL,8000.0,Pista,200.0,322.5,COMUM,SABADO,FIM DE SEMANA,CHUVISCO LEVE,SETEMBRO,-1099.0
3194,2022-09-17,2022,MEMORIAL DA AMERICA LATINA,GAL COSTA,GRANDES CASAS,AREA EXTERNA PARA EVENTOS,MPB,63.0,1195915.0,COALA FESTIVAL,8000.0,Pista Premium,380.0,322.5,VIP,SABADO,FIM DE SEMANA,CHUVISCO LEVE,SETEMBRO,0.0
3195,2022-09-17,2022,MEMORIAL DA AMERICA LATINA,GAL COSTA,GRANDES CASAS,AREA EXTERNA PARA EVENTOS,MPB,63.0,1195915.0,COALA FESTIVAL,8000.0,Camarote,430.0,322.5,LUXO,SABADO,FIM DE SEMANA,CHUVISCO LEVE,SETEMBRO,0.0
3196,2022-09-17,2022,MEMORIAL DA AMERICA LATINA,GAL COSTA,GRANDES CASAS,AREA EXTERNA PARA EVENTOS,MPB,63.0,1195915.0,COALA FESTIVAL,8000.0,Cadeira Inferior,280.0,322.5,INTERMEDIARIO,SABADO,FIM DE SEMANA,CHUVISCO LEVE,SETEMBRO,0.0
3197,2022-09-17,2022,MEMORIAL DA AMERICA LATINA,GAL COSTA,GRANDES CASAS,AREA EXTERNA PARA EVENTOS,MPB,63.0,1195915.0,COALA FESTIVAL,8000.0,Pista,200.0,322.5,COMUM,SABADO,FIM DE SEMANA,CHUVISCO LEVE,SETEMBRO,0.0
3198,2024-09-21,2024,ESPACO UNIMED,GLORIA GAYNOR,MEDIAS CASAS,CASA DE SHOWS,DISCO,64.0,1195816.0,False,2465.0,Pista,700.0,520.0,COMUM,SABADO,FIM DE SEMANA,CHUVISCO MODERADO,SETEMBRO,-55.0
3199,2024-09-21,2024,ESPACO UNIMED,GLORIA GAYNOR,MEDIAS CASAS,CASA DE SHOWS,DISCO,64.0,1195816.0,False,2465.0,Pista Premium,460.0,520.0,VIP,SABADO,FIM DE SEMANA,CHUVISCO MODERADO,SETEMBRO,0.0
3200,2024-09-21,2024,ESPACO UNIMED,GLORIA GAYNOR,MEDIAS CASAS,CASA DE SHOWS,DISCO,64.0,1195816.0,False,2465.0,Mezanino ,400.0,520.0,INTERMEDIARIO,SABADO,FIM DE SEMANA,CHUVISCO MODERADO,SETEMBRO,0.0
3201,2025-10-02,2025,AUDIO,DE LA SOUL,MEDIAS CASAS,CASA DE SHOWS,JAZZ RAP,73.0,1184315.0,False,2800.0,Pista,220.0,220.0,COMUM,QUINTA-FEIRA,DIA UTIL,NUBLADO,OUTUBRO,999.0
3202,2022-03-27,2022,AUTODROMO DE INTERLAGOS,BLACK PUMAS,ARENAS E ESTADIOS,AREA EXTERNA PARA EVENTOS,RETRO SOUL,63.0,1183462.0,LOLLAPALOOZA,98255.0,Lolla Pista,1050.0,1763.3333333333333,COMUM,DOMINGO,FIM DE SEMANA,CHUVA MODERADA,MARÇO,-525.0
3203,2022-03-27,2022,AUTODROMO DE INTERLAGOS,BLACK PUMAS,ARENAS E ESTADIOS,AREA EXTERNA PARA EVENTOS,RETRO SOUL,63.0,1183462.0,LOLLAPALOOZA,98255.0,Lolla Lounge,2400.0,1763.3333333333333,LUXO,DOMINGO,FIM DE SEMANA,CHUVA MODERADA,MARÇO,0.0
3204,2022-03-27,2022,AUTODROMO DE INTERLAGOS,BLACK PUMAS,ARENAS E ESTADIOS,AREA EXTERNA PARA EVENTOS,RETRO SOUL,63.0,1183462.0,LOLLAPALOOZA,98255.0,Lolla Confort,1840.0,1763.3333333333333,VIP,DOMINGO,FIM DE SEMANA,CHUVA MODERADA,MARÇO,0.0
3205,2023-11-18,2023,TOKIO MARINE HALL,DIANA KRALL,MEDIAS CASAS,CASA DE SHOWS,VOCAL JAZZ,64.0,1170262.0,False,4000.0,Pista,400.0,400.0,COMUM,SABADO,FIM DE SEMANA,CHUVA MODERADA,NOVEMBRO,999.0
3206,2023-04-29,2023,MEMORIAL DA AMERICA LATINA,APOCALYPTICA,GRANDES CASAS,AREA EXTERNA PARA EVENTOS,SYMPHONIC METAL,62.0,1165897.0,SUMMER BREEZE BRASIL,12500.0,Pista,400.0,533.3333333333334,COMUM,SABADO,FIM DE SEMANA,CHUVISCO MODERADO,ABRIL,-364.0
3207,2023-04-29,2023,MEMORIAL DA AMERICA LATINA,APOCALYPTICA,GRANDES CASAS,AREA EXTERNA PARA EVENTOS,SYMPHONIC METAL,62.0,1165897.0,SUMMER BREEZE BRASIL,12500.0,Pista Premium,600.0,533.3333333333334,VIP,SABADO,FIM DE SEMANA,CHUVISCO MODERADO,ABRIL,0.0
3208,2023-04-29,2023,MEMORIAL DA AMERICA LATINA,APOCALYPTICA,GRANDES CASAS,AREA EXTERNA PARA EVENTOS,SYMPHONIC METAL,62.0,1165897.0,SUMMER BREEZE BRASIL,12500.0,Mezanino ,600.0,533.3333333333334,INTERMEDIARIO,SABADO,FIM DE SEMANA,CHUVISCO MODERADO,ABRIL,0.0
3209,2022-08-26,2022,ESPACO UNIMED,MILTON NASCIMENTO,MEDIAS CASAS,CASA DE SHOWS,MPB,63.0,1159054.0,False,8000.0,Pista,200.0,420.0,COMUM,SEXTA-FEIRA,DIA UTIL,NUBLADO,AGOSTO,-22.0
3210,2022-08-26,2022,ESPACO UNIMED,MILTON NASCIMENTO,MEDIAS CASAS,CASA DE SHOWS,MPB,63.0,1159054.0,False,8000.0,Pista Premium,530.0,420.0,VIP,SEXTA-FEIRA,DIA UTIL,NUBLADO,AGOSTO,0.0
3211,2022-08-26,2022,ESPACO UNIMED,MILTON NASCIMENTO,MEDIAS CASAS,CASA DE SHOWS,MPB,63.0,1159054.0,False,8000.0,Camarote,630.0,420.0,LUXO,SEXTA-FEIRA,DIA UTIL,NUBLADO,AGOSTO,0.0
3212,2022-08-26,2022,ESPACO UNIMED,MILTON NASCIMENTO,MEDIAS CASAS,CASA DE SHOWS,MPB,63.0,1159054.0,False,8000.0,Mezanino ,320.0,420.0,INTERMEDIARIO,SEXTA-FEIRA,DIA UTIL,NUBLADO,AGOSTO,0.0
3213,2022-08-26,2022,ESPACO UNIMED,MILTON NASCIMENTO,MEDIAS CASAS,CASA DE SHOWS,MPB,63.0,1159054.0,False,8000.0,Pista,200.0,420.0,COMUM,SEXTA-FEIRA,DIA UTIL,NUBLADO,AGOSTO,0.0
3214,2022-08-27,2022,ESPACO UNIMED,MILTON NASCIMENTO,MEDIAS CASAS,CASA DE SHOWS,MPB,63.0,1159054.0,False,8000.0,Pista,200.0,420.0,COMUM,SABADO,FIM DE SEMANA,PARCIALMENTE NUBLADO,AGOSTO,1.0
3215,2022-08-27,2022,ESPACO UNIMED,MILTON NASCIMENTO,MEDIAS CASAS,CASA DE SHOWS,MPB,63.0,1159054.0,False,8000.0,Pista Premium,530.0,420.0,VIP,SABADO,FIM DE SEMANA,PARCIALMENTE NUBLADO,AGOSTO,0.0
3216,2022-08-27,2022,ESPACO UNIMED,MILTON NASCIMENTO,MEDIAS CASAS,CASA DE SHOWS,MPB,63.0,1159054.0,False,8000.0,Camarote,630.0,420.0,LUXO,SABADO,FIM DE SEMANA,PARCIALMENTE NUBLADO,AGOSTO,0.0
3217,2022-08-27,2022,ESPACO UNIMED,MILTON NASCIMENTO,MEDIAS CASAS,CASA DE SHOWS,MPB,63.0,1159054.0,False,8000.0,Mezanino ,320.0,420.0,INTERMEDIARIO,SABADO,FIM DE SEMANA,PARCIALMENTE NUBLADO,AGOSTO,0.0
3218,2022-08-27,2022,ESPACO UNIMED,MILTON NASCIMENTO,MEDIAS CASAS,CASA DE SHOWS,MPB,63.0,1159054.0,False,8000.0,Pista,200.0,420.0,COMUM,SABADO,FIM DE SEMANA,PARCIALMENTE NUBLADO,AGOSTO,0.0
3219,2022-09-01,2022,ESPACO UNIMED,MILTON NASCIMENTO,MEDIAS CASAS,CASA DE SHOWS,MPB,63.0,1159054.0,False,8000.0,Pista,200.0,420.0,COMUM,QUINTA-FEIRA,DIA UTIL,CEU LIMPO,SETEMBRO,5.0
3220,2022-09-01,2022,ESPACO UNIMED,MILTON NASCIMENTO,MEDIAS CASAS,CASA DE SHOWS,MPB,63.0,1159054.0,False,8000.0,Pista Premium,530.0,420.0,VIP,QUINTA-FEIRA,DIA UTIL,CEU LIMPO,SETEMBRO,0.0
3221,2022-09-01,2022,ESPACO UNIMED,MILTON NASCIMENTO,MEDIAS CASAS,CASA DE SHOWS,MPB,63.0,1159054.0,False,8000.0,Camarote,630.0,420.0,LUXO,QUINTA-FEIRA,DIA UTIL,CEU LIMPO,SETEMBRO,0.0
3222,2022-09-01,2022,ESPACO UNIMED,MILTON NASCIMENTO,MEDIAS CASAS,CASA DE SHOWS,MPB,63.0,1159054.0,False,8000.0,Mezanino ,320.0,420.0,INTERMEDIARIO,QUINTA-FEIRA,DIA UTIL,CEU LIMPO,SETEMBRO,0.0
3223,2022-09-01,2022,ESPACO UNIMED,MILTON NASCIMENTO,MEDIAS CASAS,CASA DE SHOWS,MPB,63.0,1159054.0,False,8000.0,Pista,200.0,420.0,COMUM,QUINTA-FEIRA,DIA UTIL,CEU LIMPO,SETEMBRO,0.0
3224,2022-09-02,2022,ESPACO UNIMED,MILTON NASCIMENTO,MEDIAS CASAS,CASA DE SHOWS,MPB,63.0,1159054.0,False,8000.0,Pista,200.0,420.0,COMUM,SEXTA-FEIRA,DIA UTIL,NUBLADO,SETEMBRO,1.0
3225,2022-09-02,2022,ESPACO UNIMED,MILTON NASCIMENTO,MEDIAS CASAS,CASA DE SHOWS,MPB,63.0,1159054.0,False,8000.0,Pista Premium,530.0,420.0,VIP,SEXTA-FEIRA,DIA UTIL,NUBLADO,SETEMBRO,0.0
3226,2022-09-02,2022,ESPACO UNIMED,MILTON NASCIMENTO,MEDIAS CASAS,CASA DE SHOWS,MPB,63.0,1159054.0,False,8000.0,Camarote,630.0,420.0,LUXO,SEXTA-FEIRA,DIA UTIL,NUBLADO,SETEMBRO,0.0
3227,2022-09-02,2022,ESPACO UNIMED,MILTON NASCIMENTO,MEDIAS CASAS,CASA DE SHOWS,MPB,63.0,1159054.0,False,8000.0,Mezanino ,320.0,420.0,INTERMEDIARIO,SEXTA-FEIRA,DIA UTIL,NUBLADO,SETEMBRO,0.0
3228,2022-09-02,2022,ESPACO UNIMED,MILTON NASCIMENTO,MEDIAS CASAS,CASA DE SHOWS,MPB,63.0,1159054.0,False,8000.0,Pista,200.0,420.0,COMUM,SEXTA-FEIRA,DIA UTIL,NUBLADO,SETEMBRO,0.0
3229,2022-09-24,2022,ESPACO UNIMED,MILTON NASCIMENTO,MEDIAS CASAS,CASA DE SHOWS,MPB,63.0,1159054.0,False,8000.0,Pista,200.0,420.0,COMUM,SABADO,FIM DE SEMANA,PREDOMINANTEMENTE LIMPO,SETEMBRO,22.0
3230,2022-09-24,2022,ESPACO UNIMED,MILTON NASCIMENTO,MEDIAS CASAS,CASA DE SHOWS,MPB,63.0,1159054.0,False,8000.0,Pista Premium,530.0,420.0,VIP,SABADO,FIM DE SEMANA,PREDOMINANTEMENTE LIMPO,SETEMBRO,0.0
3231,2022-09-24,2022,ESPACO UNIMED,MILTON NASCIMENTO,MEDIAS CASAS,CASA DE SHOWS,MPB,63.0,1159054.0,False,8000.0,Camarote,630.0,420.0,LUXO,SABADO,FIM DE SEMANA,PREDOMINANTEMENTE LIMPO,SETEMBRO,0.0
3232,2022-09-24,2022,ESPACO UNIMED,MILTON NASCIMENTO,MEDIAS CASAS,CASA DE SHOWS,MPB,63.0,1159054.0,False,8000.0,Mezanino ,320.0,420.0,INTERMEDIARIO,SABADO,FIM DE SEMANA,PREDOMINANTEMENTE LIMPO,SETEMBRO,0.0
3233,2022-09-24,2022,ESPACO UNIMED,MILTON NASCIMENTO,MEDIAS CASAS,CASA DE SHOWS,MPB,63.0,1159054.0,False,8000.0,Pista,200.0,420.0,COMUM,SABADO,FIM DE SEMANA,PREDOMINANTEMENTE LIMPO,SETEMBRO,0.0
3234,2022-09-25,2022,ESPACO UNIMED,MILTON NASCIMENTO,MEDIAS CASAS,CASA DE SHOWS,MPB,63.0,1159054.0,False,8000.0,Pista,200.0,420.0,COMUM,DOMINGO,FIM DE SEMANA,NUBLADO,SETEMBRO,1.0
3235,2022-09-25,2022,ESPACO UNIMED,MILTON NASCIMENTO,MEDIAS CASAS,CASA DE SHOWS,MPB,63.0,1159054.0,False,8000.0,Pista Premium,530.0,420.0,VIP,DOMINGO,FIM DE SEMANA,NUBLADO,SETEMBRO,0.0
3236,2022-09-25,2022,ESPACO UNIMED,MILTON NASCIMENTO,MEDIAS CASAS,CASA DE SHOWS,MPB,63.0,1159054.0,False,8000.0,Camarote,630.0,420.0,LUXO,DOMINGO,FIM DE SEMANA,NUBLADO,SETEMBRO,0.0
3237,2022-09-25,2022,ESPACO UNIMED,MILTON NASCIMENTO,MEDIAS CASAS,CASA DE SHOWS,MPB,63.0,1159054.0,False,8000.0,Mezanino ,320.0,420.0,INTERMEDIARIO,DOMINGO,FIM DE SEMANA,NUBLADO,SETEMBRO,0.0
3238,2022-09-25,2022,ESPACO UNIMED,MILTON NASCIMENTO,MEDIAS CASAS,CASA DE SHOWS,MPB,63.0,1159054.0,False,8000.0,Pista,200.0,420.0,COMUM,DOMINGO,FIM DE SEMANA,NUBLADO,SETEMBRO,0.0
3239,2022-11-01,2022,ESPACO UNIMED,MILTON NASCIMENTO,MEDIAS CASAS,CASA DE SHOWS,MPB,63.0,1159054.0,False,8000.0,Pista,200.0,420.0,COMUM,TERCA-FEIRA,DIA UTIL,CHUVISCO MODERADO,NOVEMBRO,37.0
3240,2022-11-01,2022,ESPACO UNIMED,MILTON NASCIMENTO,MEDIAS CASAS,CASA DE SHOWS,MPB,63.0,1159054.0,False,8000.0,Pista Premium,530.0,420.0,VIP,TERCA-FEIRA,DIA UTIL,CHUVISCO MODERADO,NOVEMBRO,0.0
3241,2022-11-01,2022,ESPACO UNIMED,MILTON NASCIMENTO,MEDIAS CASAS,CASA DE SHOWS,MPB,63.0,1159054.0,False,8000.0,Camarote,630.0,420.0,LUXO,TERCA-FEIRA,DIA UTIL,CHUVISCO MODERADO,NOVEMBRO,0.0
3242,2022-11-01,2022,ESPACO UNIMED,MILTON NASCIMENTO,MEDIAS CASAS,CASA DE SHOWS,MPB,63.0,1159054.0,False,8000.0,Mezanino ,320.0,420.0,INTERMEDIARIO,TERCA-FEIRA,DIA UTIL,CHUVISCO MODERADO,NOVEMBRO,0.0
3243,2022-11-01,2022,ESPACO UNIMED,MILTON NASCIMENTO,MEDIAS CASAS,CASA DE SHOWS,MPB,63.0,1159054.0,False,8000.0,Pista,200.0,420.0,COMUM,TERCA-FEIRA,DIA UTIL,CHUVISCO MODERADO,NOVEMBRO,0.0
3244,2022-11-03,2022,ESPACO UNIMED,MILTON NASCIMENTO,MEDIAS CASAS,CASA DE SHOWS,MPB,63.0,1159054.0,False,8000.0,Pista,200.0,420.0,COMUM,QUINTA-FEIRA,DIA UTIL,CHUVISCO MODERADO,NOVEMBRO,2.0
3245,2022-11-03,2022,ESPACO UNIMED,MILTON NASCIMENTO,MEDIAS CASAS,CASA DE SHOWS,MPB,63.0,1159054.0,False,8000.0,Pista Premium,530.0,420.0,VIP,QUINTA-FEIRA,DIA UTIL,CHUVISCO MODERADO,NOVEMBRO,0.0
3246,2022-11-03,2022,ESPACO UNIMED,MILTON NASCIMENTO,MEDIAS CASAS,CASA DE SHOWS,MPB,63.0,1159054.0,False,8000.0,Camarote,630.0,420.0,LUXO,QUINTA-FEIRA,DIA UTIL,CHUVISCO MODERADO,NOVEMBRO,0.0
3247,2022-11-03,2022,ESPACO UNIMED,MILTON NASCIMENTO,MEDIAS CASAS,CASA DE SHOWS,MPB,63.0,1159054.0,False,8000.0,Mezanino ,320.0,420.0,INTERMEDIARIO,QUINTA-FEIRA,DIA UTIL,CHUVISCO MODERADO,NOVEMBRO,0.0
3248,2022-11-03,2022,ESPACO UNIMED,MILTON NASCIMENTO,MEDIAS CASAS,CASA DE SHOWS,MPB,63.0,1159054.0,False,8000.0,Pista,200.0,420.0,COMUM,QUINTA-FEIRA,DIA UTIL,CHUVISCO MODERADO,NOVEMBRO,0.0
3249,2022-11-04,2022,ESPACO UNIMED,MILTON NASCIMENTO,MEDIAS CASAS,CASA DE SHOWS,MPB,63.0,1159054.0,False,8000.0,Pista,200.0,420.0,COMUM,SEXTA-FEIRA,DIA UTIL,NUBLADO,NOVEMBRO,1.0
3250,2022-11-04,2022,ESPACO UNIMED,MILTON NASCIMENTO,MEDIAS CASAS,CASA DE SHOWS,MPB,63.0,1159054.0,False,8000.0,Pista Premium,530.0,420.0,VIP,SEXTA-FEIRA,DIA UTIL,NUBLADO,NOVEMBRO,0.0
3251,2022-11-04,2022,ESPACO UNIMED,MILTON NASCIMENTO,MEDIAS CASAS,CASA DE SHOWS,MPB,63.0,1159054.0,False,8000.0,Camarote,630.0,420.0,LUXO,SEXTA-FEIRA,DIA UTIL,NUBLADO,NOVEMBRO,0.0
3252,2022-11-04,2022,ESPACO UNIMED,MILTON NASCIMENTO,MEDIAS CASAS,CASA DE SHOWS,MPB,63.0,1159054.0,False,8000.0,Mezanino ,320.0,420.0,INTERMEDIARIO,SEXTA-FEIRA,DIA UTIL,NUBLADO,NOVEMBRO,0.0
3253,2022-11-04,2022,ESPACO UNIMED,MILTON NASCIMENTO,MEDIAS CASAS,CASA DE SHOWS,MPB,63.0,1159054.0,False,8000.0,Pista,200.0,420.0,COMUM,SEXTA-FEIRA,DIA UTIL,NUBLADO,NOVEMBRO,0.0
3254,2024-11-05,2024,AUDIO,TRAVIS,MEDIAS CASAS,CASA DE SHOWS,BRITPOP,60.0,1151576.0,False,3100.0,Pista,490.0,660.0,COMUM,TERCA-FEIRA,DIA UTIL,CHUVA MODERADA,NOVEMBRO,-383.0
3255,2024-11-05,2024,AUDIO,TRAVIS,MEDIAS CASAS,CASA DE SHOWS,BRITPOP,60.0,1151576.0,False,3100.0,Pista Premium,600.0,660.0,VIP,TERCA-FEIRA,DIA UTIL,CHUVA MODERADA,NOVEMBRO,0.0
3256,2024-11-05,2024,AUDIO,TRAVIS,MEDIAS CASAS,CASA DE SHOWS,BRITPOP,60.0,1151576.0,False,3100.0,Camarote,890.0,660.0,LUXO,TERCA-FEIRA,DIA UTIL,CHUVA MODERADA,NOVEMBRO,0.0
3257,2024-03-24,2024,AUTODROMO DE INTERLAGOS,OMAR APOLLO,ARENAS E ESTADIOS,AREA EXTERNA PARA EVENTOS,BEDROOM POP,68.0,1135858.0,LOLLAPALOOZA,80000.0,Lolla Pista,1100.0,1700.0,COMUM,DOMINGO,FIM DE SEMANA,CHUVA LEVE,MARÇO,-370.0
3258,2024-03-24,2024,AUTODROMO DE INTERLAGOS,OMAR APOLLO,ARENAS E ESTADIOS,AREA EXTERNA PARA EVENTOS,BEDROOM POP,68.0,1135858.0,LOLLAPALOOZA,80000.0,Lolla Lounge,2250.0,1700.0,LUXO,DOMINGO,FIM DE SEMANA,CHUVA LEVE,MARÇO,0.0
3259,2024-03-24,2024,AUTODROMO DE INTERLAGOS,OMAR APOLLO,ARENAS E ESTADIOS,AREA EXTERNA PARA EVENTOS,BEDROOM POP,68.0,1135858.0,LOLLAPALOOZA,80000.0,Lolla Confort,1750.0,1700.0,VIP,DOMINGO,FIM DE SEMANA,CHUVA LEVE,MARÇO,0.0
3260,2024-09-07,2024,MORUMBIS,DJ GUUGA,ARENAS E ESTADIOS,ESTADIO MULTIUSO,BRAZILIAN FUNK,65.0,1132190.0,False,64319.0,Pista Premium,700.0,710.0,VIP,SABADO,FIM DE SEMANA,NUBLADO,SETEMBRO,90.0
3261,2024-09-07,2024,MORUMBIS,DJ GUUGA,ARENAS E ESTADIOS,ESTADIO MULTIUSO,BRAZILIAN FUNK,65.0,1132190.0,False,64319.0,Cadeira Inferior,800.0,710.0,INTERMEDIARIO,SABADO,FIM DE SEMANA,NUBLADO,SETEMBRO,0.0
3262,2024-09-07,2024,MORUMBIS,DJ GUUGA,ARENAS E ESTADIOS,ESTADIO MULTIUSO,BRAZILIAN FUNK,65.0,1132190.0,False,64319.0,Cadeira Superior,850.0,710.0,INTERMEDIARIO,SABADO,FIM DE SEMANA,NUBLADO,SETEMBRO,0.0
3263,2024-09-07,2024,MORUMBIS,DJ GUUGA,ARENAS E ESTADIOS,ESTADIO MULTIUSO,BRAZILIAN FUNK,65.0,1132190.0,False,64319.0,Arquibancada,490.0,710.0,COMUM,SABADO,FIM DE SEMANA,NUBLADO,SETEMBRO,0.0
3264,2022-03-25,2022,AUTODROMO DE INTERLAGOS,THE WOMBATS,ARENAS E ESTADIOS,AREA EXTERNA PARA EVENTOS,INDIE,62.0,1112581.0,LOLLAPALOOZA,100980.0,Lolla Pista,1050.0,1763.3333333333333,COMUM,SEXTA-FEIRA,DIA UTIL,CHUVISCO LEVE,MARÇO,-730.0
3265,2022-03-25,2022,AUTODROMO DE INTERLAGOS,THE WOMBATS,ARENAS E ESTADIOS,AREA EXTERNA PARA EVENTOS,INDIE,62.0,1112581.0,LOLLAPALOOZA,100980.0,Lolla Lounge,2400.0,1763.3333333333333,LUXO,SEXTA-FEIRA,DIA UTIL,CHUVISCO LEVE,MARÇO,0.0
3266,2022-03-25,2022,AUTODROMO DE INTERLAGOS,THE WOMBATS,ARENAS E ESTADIOS,AREA EXTERNA PARA EVENTOS,INDIE,62.0,1112581.0,LOLLAPALOOZA,100980.0,Lolla Confort,1840.0,1763.3333333333333,VIP,SEXTA-FEIRA,DIA UTIL,CHUVISCO LEVE,MARÇO,0.0
3267,2024-04-06,2024,ALLIANZ PARQUE,SO PRA CONTRARIAR,ARENAS E ESTADIOS,ESTADIO MULTIUSO,PAGODE,60.0,1103576.0,False,40000.0,Pista,120.0,185.0,COMUM,SABADO,FIM DE SEMANA,CHUVISCO LEVE,ABRIL,-364.0
3268,2024-04-06,2024,ALLIANZ PARQUE,SO PRA CONTRARIAR,ARENAS E ESTADIOS,ESTADIO MULTIUSO,PAGODE,60.0,1103576.0,False,40000.0,Pista Premium,220.0,185.0,VIP,SABADO,FIM DE SEMANA,CHUVISCO LEVE,ABRIL,0.0
3269,2024-04-06,2024,ALLIANZ PARQUE,SO PRA CONTRARIAR,ARENAS E ESTADIOS,ESTADIO MULTIUSO,PAGODE,60.0,1103576.0,False,40000.0,Camarote,200.0,185.0,LUXO,SABADO,FIM DE SEMANA,CHUVISCO LEVE,ABRIL,0.0
3270,2024-04-06,2024,ALLIANZ PARQUE,SO PRA CONTRARIAR,ARENAS E ESTADIOS,ESTADIO MULTIUSO,PAGODE,60.0,1103576.0,False,40000.0,Cadeira Inferior,200.0,185.0,INTERMEDIARIO,SABADO,FIM DE SEMANA,CHUVISCO LEVE,ABRIL,0.0
3271,2025-03-31,2025,AUDIO,PARCELS,MEDIAS CASAS,CASA DE SHOWS,INDIE SOUL,71.0,1098520.0,False,2700.0,Pista,500.0,500.0,COMUM,SEGUNDA-FEIRA,DIA UTIL,CHUVA MODERADA,MARÇO,999.0
3272,2025-03-30,2025,AUTODROMO DE INTERLAGOS,PARCELS,ARENAS E ESTADIOS,AREA EXTERNA PARA EVENTOS,INDIE SOUL,71.0,1098520.0,LOLLAPALOOZA,80000.0,Lolla Pista,1050.0,1678.1666666666667,COMUM,DOMINGO,FIM DE SEMANA,CHUVISCO LEVE,MARÇO,-1.0
3273,2025-03-30,2025,AUTODROMO DE INTERLAGOS,PARCELS,ARENAS E ESTADIOS,AREA EXTERNA PARA EVENTOS,INDIE SOUL,71.0,1098520.0,LOLLAPALOOZA,80000.0,Lolla Lounge,2310.0,1678.1666666666667,LUXO,DOMINGO,FIM DE SEMANA,CHUVISCO LEVE,MARÇO,0.0
3274,2025-03-30,2025,AUTODROMO DE INTERLAGOS,PARCELS,ARENAS E ESTADIOS,AREA EXTERNA PARA EVENTOS,INDIE SOUL,71.0,1098520.0,LOLLAPALOOZA,80000.0,Lolla Confort,1674.5,1678.1666666666667,VIP,DOMINGO,FIM DE SEMANA,CHUVISCO LEVE,MARÇO,0.0
3275,2022-10-15,2022,SAMBODROMO DO ANHEMBI,JORGE ARAGAO,ARENAS E ESTADIOS,AREA EXTERNA PARA EVENTOS,SAMBA,64.0,1088211.0,False,10000.0,Pista,250.0,625.0,COMUM,SABADO,FIM DE SEMANA,CHUVISCO MODERADO,OUTUBRO,-889.0
3276,2022-10-15,2022,SAMBODROMO DO ANHEMBI,JORGE ARAGAO,ARENAS E ESTADIOS,AREA EXTERNA PARA EVENTOS,SAMBA,64.0,1088211.0,False,10000.0,Pista Premium,1000.0,625.0,VIP,SABADO,FIM DE SEMANA,CHUVISCO MODERADO,OUTUBRO,0.0
3277,2024-03-24,2024,AUTODROMO DE INTERLAGOS,DAYGLOW,ARENAS E ESTADIOS,AREA EXTERNA PARA EVENTOS,0,62.0,1068900.0,LOLLAPALOOZA,80000.0,Lolla Pista,1100.0,1700.0,COMUM,DOMINGO,FIM DE SEMANA,CHUVA LEVE,MARÇO,196.0
3278,2024-03-24,2024,AUTODROMO DE INTERLAGOS,DAYGLOW,ARENAS E ESTADIOS,AREA EXTERNA PARA EVENTOS,0,62.0,1068900.0,LOLLAPALOOZA,80000.0,Lolla Lounge,2250.0,1700.0,LUXO,DOMINGO,FIM DE SEMANA,CHUVA LEVE,MARÇO,0.0
3279,2024-03-24,2024,AUTODROMO DE INTERLAGOS,DAYGLOW,ARENAS E ESTADIOS,AREA EXTERNA PARA EVENTOS,0,62.0,1068900.0,LOLLAPALOOZA,80000.0,Lolla Confort,1750.0,1700.0,VIP,DOMINGO,FIM DE SEMANA,CHUVA LEVE,MARÇO,0.0
3280,2022-03-31,2022,AUDIO,THE DRUMS,MEDIAS CASAS,CASA DE SHOWS,INDIE,61.0,1065218.0,False,2800.0,Pista,130.0,130.0,COMUM,QUINTA-FEIRA,DIA UTIL,CHUVA LEVE,MARÇO,6.0
3281,2022-06-18,2022,ARENA ANHEMBI,CLAUDIA LEITTE,GRANDES CASAS,AREA EXTERNA PARA EVENTOS,AXE,61.0,1063412.0,False,34000.0,Pista,380.0,386.0,COMUM,SABADO,FIM DE SEMANA,CHUVA MODERADA,JUNHO,-1160.0
3282,2022-06-18,2022,ARENA ANHEMBI,CLAUDIA LEITTE,GRANDES CASAS,AREA EXTERNA PARA EVENTOS,AXE,61.0,1063412.0,False,34000.0,Cadeira Inferior,260.0,386.0,INTERMEDIARIO,SABADO,FIM DE SEMANA,CHUVA MODERADA,JUNHO,0.0
3283,2022-06-18,2022,ARENA ANHEMBI,CLAUDIA LEITTE,GRANDES CASAS,AREA EXTERNA PARA EVENTOS,AXE,61.0,1063412.0,False,34000.0,Cadeira Superior,260.0,386.0,INTERMEDIARIO,SABADO,FIM DE SEMANA,CHUVA MODERADA,JUNHO,0.0
3284,2022-06-18,2022,ARENA ANHEMBI,CLAUDIA LEITTE,GRANDES CASAS,AREA EXTERNA PARA EVENTOS,AXE,61.0,1063412.0,False,34000.0,Open Bar,580.0,386.0,VIP,SABADO,FIM DE SEMANA,CHUVA MODERADA,JUNHO,0.0
3285,2022-06-18,2022,ARENA ANHEMBI,CLAUDIA LEITTE,GRANDES CASAS,AREA EXTERNA PARA EVENTOS,AXE,61.0,1063412.0,False,34000.0,Frontstage,450.0,386.0,VIP,SABADO,FIM DE SEMANA,CHUVA MODERADA,JUNHO,0.0
3286,2023-02-04,2023,ALLIANZ PARQUE,CLAUDIA LEITTE,ARENAS E ESTADIOS,ESTADIO MULTIUSO,AXE,61.0,1063412.0,False,20000.0,Pista,150.0,210.0,COMUM,SABADO,FIM DE SEMANA,CHUVA LEVE,FEVEREIRO,231.0
3287,2023-02-04,2023,ALLIANZ PARQUE,CLAUDIA LEITTE,ARENAS E ESTADIOS,ESTADIO MULTIUSO,AXE,61.0,1063412.0,False,20000.0,Pista Premium,190.0,210.0,VIP,SABADO,FIM DE SEMANA,CHUVA LEVE,FEVEREIRO,0.0
3288,2023-02-04,2023,ALLIANZ PARQUE,CLAUDIA LEITTE,ARENAS E ESTADIOS,ESTADIO MULTIUSO,AXE,61.0,1063412.0,False,20000.0,Camarote,290.0,210.0,LUXO,SABADO,FIM DE SEMANA,CHUVA LEVE,FEVEREIRO,0.0
3289,2024-01-25,2024,MEMORIAL DA AMERICA LATINA,CLAUDIA LEITTE,GRANDES CASAS,AREA EXTERNA PARA EVENTOS,AXE,61.0,1063412.0,False,20000.0,Pista,280.0,480.0,COMUM,QUINTA-FEIRA,FERIADO MUNICIPAL,CHUVA MODERADA,JANEIRO,355.0
3290,2024-01-25,2024,MEMORIAL DA AMERICA LATINA,CLAUDIA LEITTE,GRANDES CASAS,AREA EXTERNA PARA EVENTOS,AXE,61.0,1063412.0,False,20000.0,Open Bar,680.0,480.0,VIP,QUINTA-FEIRA,FERIADO MUNICIPAL,CHUVA MODERADA,JANEIRO,0.0
3291,2023-06-08,2023,SAMBODROMO DO ANHEMBI,CLAUDIA LEITTE,ARENAS E ESTADIOS,AREA EXTERNA PARA EVENTOS,AXE,61.0,1063412.0,False,17000.0,Pista,200.0,200.0,COMUM,QUINTA-FEIRA,FERIADO NACIONAL,NUBLADO,JUNHO,-231.0
3292,2023-06-10,2023,SAMBODROMO DO ANHEMBI,CLAUDIA LEITTE,ARENAS E ESTADIOS,AREA EXTERNA PARA EVENTOS,AXE,61.0,1063412.0,False,50000.0,Pista,200.0,200.0,COMUM,SABADO,FIM DE SEMANA,CEU LIMPO,JUNHO,2.0
3293,2024-04-09,2024,VIBRA SAO PAULO,CLAUDIA LEITTE,MEDIAS CASAS,TEATRO E CASA DE ESPETACULOS,AXE,61.0,1063412.0,False,7000.0,Pista,140.0,140.0,COMUM,TERCA-FEIRA,DIA UTIL,CHUVISCO MODERADO,ABRIL,304.0
3294,2025-09-27,2025,SUHAI MUSIC HALL,CLAUDIA LEITTE,MEDIAS CASAS,CASA DE SHOWS,AXE,61.0,1063412.0,False,8000.0,Pista,330.0,416.0,COMUM,SABADO,FIM DE SEMANA,NUBLADO,SETEMBRO,536.0
3295,2025-09-27,2025,SUHAI MUSIC HALL,CLAUDIA LEITTE,MEDIAS CASAS,CASA DE SHOWS,AXE,61.0,1063412.0,False,8000.0,Camarote,400.0,416.0,LUXO,SABADO,FIM DE SEMANA,NUBLADO,SETEMBRO,0.0
3296,2025-09-27,2025,SUHAI MUSIC HALL,CLAUDIA LEITTE,MEDIAS CASAS,CASA DE SHOWS,AXE,61.0,1063412.0,False,8000.0,Mezanino ,400.0,416.0,INTERMEDIARIO,SABADO,FIM DE SEMANA,NUBLADO,SETEMBRO,0.0
3297,2025-09-27,2025,SUHAI MUSIC HALL,CLAUDIA LEITTE,MEDIAS CASAS,CASA DE SHOWS,AXE,61.0,1063412.0,False,8000.0,VIP I,450.0,416.0,VIP,SABADO,FIM DE SEMANA,NUBLADO,SETEMBRO,0.0
3298,2025-09-27,2025,SUHAI MUSIC HALL,CLAUDIA LEITTE,MEDIAS CASAS,CASA DE SHOWS,AXE,61.0,1063412.0,False,8000.0,VIP II,500.0,416.0,ULTRA VIP,SABADO,FIM DE SEMANA,NUBLADO,SETEMBRO,0.0
3299,2023-04-21,2023,VALE DO ANHANGABAU,OLIVER HELDENS,GRANDES CASAS,AREA EXTERNA PARA EVENTOS,FUTURE HOUSE,64.0,1060959.0,ULTRA BRASIL,20000.0,Pista,750.0,1125.0,COMUM,SEXTA-FEIRA,FERIADO NACIONAL,NUBLADO,ABRIL,999.0
3300,2023-04-21,2023,VALE DO ANHANGABAU,OLIVER HELDENS,GRANDES CASAS,AREA EXTERNA PARA EVENTOS,FUTURE HOUSE,64.0,1060959.0,ULTRA BRASIL,20000.0,Pista Premium,1500.0,1125.0,VIP,SEXTA-FEIRA,FERIADO NACIONAL,NUBLADO,ABRIL,0.0
3301,2024-10-26,2024,VIBRA SAO PAULO,DIONNE WARWICK,MEDIAS CASAS,TEATRO E CASA DE ESPETACULOS,0,61.0,1057103.0,False,0.0,Pista,300.0,733.3333333333334,COMUM,SABADO,FIM DE SEMANA,CHUVA LEVE,OUTUBRO,216.0
3302,2024-10-26,2024,VIBRA SAO PAULO,DIONNE WARWICK,MEDIAS CASAS,TEATRO E CASA DE ESPETACULOS,0,61.0,1057103.0,False,0.0,Pista Premium,700.0,733.3333333333334,VIP,SABADO,FIM DE SEMANA,CHUVA LEVE,OUTUBRO,0.0
3303,2024-10-26,2024,VIBRA SAO PAULO,DIONNE WARWICK,MEDIAS CASAS,TEATRO E CASA DE ESPETACULOS,0,61.0,1057103.0,False,0.0,Camarote,1200.0,733.3333333333334,LUXO,SABADO,FIM DE SEMANA,CHUVA LEVE,OUTUBRO,0.0
3304,2022-06-19,2022,SAMBODROMO DO ANHEMBI,KYAN,ARENAS E ESTADIOS,AREA EXTERNA PARA EVENTOS,BRAZILIAN TRAP,65.0,1041250.0,False,42000.0,Pista,440.0,440.0,COMUM,DOMINGO,FIM DE SEMANA,CHUVISCO LEVE,JUNHO,-1251.0
3305,2022-06-19,2022,SAMBODROMO DO ANHEMBI,KYAN,ARENAS E ESTADIOS,AREA EXTERNA PARA EVENTOS,BRAZILIAN TRAP,65.0,1041250.0,False,42000.0,Pista,440.0,440.0,COMUM,DOMINGO,FIM DE SEMANA,CHUVISCO LEVE,JUNHO,0.0
3306,2022-04-02,2022,AUDIO,LAGUM,MEDIAS CASAS,CASA DE SHOWS,NOVA MPB,64.0,1031606.0,False,3200.0,Pista,160.0,160.0,COMUM,SABADO,FIM DE SEMANA,CHUVISCO LEVE,ABRIL,999.0
3307,2022-04-03,2022,AUDIO,LAGUM,MEDIAS CASAS,CASA DE SHOWS,NOVA MPB,64.0,1031606.0,False,3200.0,Pista,160.0,160.0,COMUM,DOMINGO,FIM DE SEMANA,CHUVISCO INTENSO,ABRIL,1.0
3308,2022-03-27,2022,AUTODROMO DE INTERLAGOS,LAGUM,ARENAS E ESTADIOS,AREA EXTERNA PARA EVENTOS,NOVA MPB,64.0,1031606.0,LOLLAPALOOZA,98255.0,Lolla Pista,1050.0,1763.3333333333333,COMUM,DOMINGO,FIM DE SEMANA,CHUVA MODERADA,MARÇO,-7.0
3309,2022-03-27,2022,AUTODROMO DE INTERLAGOS,LAGUM,ARENAS E ESTADIOS,AREA EXTERNA PARA EVENTOS,NOVA MPB,64.0,1031606.0,LOLLAPALOOZA,98255.0,Lolla Lounge,2400.0,1763.3333333333333,LUXO,DOMINGO,FIM DE SEMANA,CHUVA MODERADA,MARÇO,0.0
3310,2022-03-27,2022,AUTODROMO DE INTERLAGOS,LAGUM,ARENAS E ESTADIOS,AREA EXTERNA PARA EVENTOS,NOVA MPB,64.0,1031606.0,LOLLAPALOOZA,98255.0,Lolla Confort,1840.0,1763.3333333333333,VIP,DOMINGO,FIM DE SEMANA,CHUVA MODERADA,MARÇO,0.0
3311,2022-05-07,2022,EXPO CENTER NORTE,LAGUM,GRANDES CASAS,CENTRO DE EXPOSICOES,NOVA MPB,64.0,1031606.0,False,4000.0,Backstage,70.0,70.0,VIP,SABADO,FIM DE SEMANA,CHUVISCO LEVE,MAIO,41.0
3312,2023-06-30,2023,ESPACO UNIMED,LAGUM,MEDIAS CASAS,CASA DE SHOWS,NOVA MPB,64.0,1031606.0,False,8000.0,Pista,220.0,290.0,COMUM,SEXTA-FEIRA,DIA UTIL,NUBLADO,JUNHO,419.0
3313,2023-06-30,2023,ESPACO UNIMED,LAGUM,MEDIAS CASAS,CASA DE SHOWS,NOVA MPB,64.0,1031606.0,False,8000.0,Camarote,360.0,290.0,LUXO,SEXTA-FEIRA,DIA UTIL,NUBLADO,JUNHO,0.0
3314,2024-06-28,2024,ESPACO UNIMED,LAGUM,MEDIAS CASAS,CASA DE SHOWS,NOVA MPB,64.0,1031606.0,False,8000.0,Pista,240.0,300.0,COMUM,SEXTA-FEIRA,DIA UTIL,NUBLADO,JUNHO,364.0
3315,2024-06-28,2024,ESPACO UNIMED,LAGUM,MEDIAS CASAS,CASA DE SHOWS,NOVA MPB,64.0,1031606.0,False,8000.0,Camarote,360.0,300.0,LUXO,SEXTA-FEIRA,DIA UTIL,NUBLADO,JUNHO,0.0
3316,2025-08-02,2025,ESPACO UNIMED,LAGUM,MEDIAS CASAS,CASA DE SHOWS,NOVA MPB,64.0,1031606.0,False,8000.0,Pista,220.0,240.0,COMUM,SABADO,FIM DE SEMANA,NUBLADO,AGOSTO,400.0
3317,2025-08-02,2025,ESPACO UNIMED,LAGUM,MEDIAS CASAS,CASA DE SHOWS,NOVA MPB,64.0,1031606.0,False,8000.0,Camarote,260.0,240.0,LUXO,SABADO,FIM DE SEMANA,NUBLADO,AGOSTO,0.0
3318,2025-10-03,2025,ESPACO UNIMED,LAGUM,MEDIAS CASAS,CASA DE SHOWS,NOVA MPB,64.0,1031606.0,False,8000.0,Pista,220.0,240.0,COMUM,SEXTA-FEIRA,DIA UTIL,CHUVA LEVE,OUTUBRO,62.0
3319,2025-10-03,2025,ESPACO UNIMED,LAGUM,MEDIAS CASAS,CASA DE SHOWS,NOVA MPB,64.0,1031606.0,False,8000.0,Camarote,260.0,240.0,LUXO,SEXTA-FEIRA,DIA UTIL,CHUVA LEVE,OUTUBRO,0.0
3320,2025-10-31,2025,MORUMBIS,LAGUM,ARENAS E ESTADIOS,ESTADIO MULTIUSO,NOVA MPB,64.0,1031606.0,False,60000.0,Pista,700.0,1100.0,COMUM,SEXTA-FEIRA,DIA UTIL,CHUVA FORTE,OUTUBRO,28.0
3321,2025-10-31,2025,MORUMBIS,LAGUM,ARENAS E ESTADIOS,ESTADIO MULTIUSO,NOVA MPB,64.0,1031606.0,False,60000.0,Pista Premium,1500.0,1100.0,VIP,SEXTA-FEIRA,DIA UTIL,CHUVA FORTE,OUTUBRO,0.0
3322,2025-11-01,2025,MORUMBIS,LAGUM,ARENAS E ESTADIOS,ESTADIO MULTIUSO,NOVA MPB,64.0,1031606.0,False,60000.0,Pista,700.0,1100.0,COMUM,SABADO,FIM DE SEMANA,CHUVISCO LEVE,NOVEMBRO,1.0
3323,2025-11-01,2025,MORUMBIS,LAGUM,ARENAS E ESTADIOS,ESTADIO MULTIUSO,NOVA MPB,64.0,1031606.0,False,60000.0,Pista Premium,1500.0,1100.0,VIP,SABADO,FIM DE SEMANA,CHUVISCO LEVE,NOVEMBRO,0.0
3324,2022-04-10,2022,AUDIO,VITOR KLEY,MEDIAS CASAS,CASA DE SHOWS,BRAZILIAN POP,61.0,1031142.0,False,2700.0,Backstage,70.0,70.0,VIP,DOMINGO,FIM DE SEMANA,NUBLADO,ABRIL,-1071.0
3325,2023-04-23,2023,AUDIO,VITOR KLEY,MEDIAS CASAS,CASA DE SHOWS,BRAZILIAN POP,61.0,1031142.0,False,2500.0,Pista,140.0,273.3333333333333,COMUM,DOMINGO,FIM DE SEMANA,NUBLADO,ABRIL,378.0
3326,2023-04-23,2023,AUDIO,VITOR KLEY,MEDIAS CASAS,CASA DE SHOWS,BRAZILIAN POP,61.0,1031142.0,False,2500.0,Mezanino ,180.0,273.3333333333333,INTERMEDIARIO,DOMINGO,FIM DE SEMANA,NUBLADO,ABRIL,0.0
3327,2023-04-23,2023,AUDIO,VITOR KLEY,MEDIAS CASAS,CASA DE SHOWS,BRAZILIAN POP,61.0,1031142.0,False,2500.0,VIP I,500.0,273.3333333333333,VIP,DOMINGO,FIM DE SEMANA,NUBLADO,ABRIL,0.0
3328,2024-06-09,2024,ALLIANZ PARQUE,VITOR KLEY,ARENAS E ESTADIOS,ESTADIO MULTIUSO,BRAZILIAN POP,61.0,1031142.0,False,21188.0,Pista,250.0,464.0,COMUM,DOMINGO,FIM DE SEMANA,NUBLADO,JUNHO,413.0
3329,2024-06-09,2024,ALLIANZ PARQUE,VITOR KLEY,ARENAS E ESTADIOS,ESTADIO MULTIUSO,BRAZILIAN POP,61.0,1031142.0,False,21188.0,Pista Premium,490.0,464.0,VIP,DOMINGO,FIM DE SEMANA,NUBLADO,JUNHO,0.0
3330,2024-06-09,2024,ALLIANZ PARQUE,VITOR KLEY,ARENAS E ESTADIOS,ESTADIO MULTIUSO,BRAZILIAN POP,61.0,1031142.0,False,21188.0,Cadeira Inferior,290.0,464.0,INTERMEDIARIO,DOMINGO,FIM DE SEMANA,NUBLADO,JUNHO,0.0
3331,2024-06-09,2024,ALLIANZ PARQUE,VITOR KLEY,ARENAS E ESTADIOS,ESTADIO MULTIUSO,BRAZILIAN POP,61.0,1031142.0,False,21188.0,Cadeira Superior,100.0,464.0,INTERMEDIARIO,DOMINGO,FIM DE SEMANA,NUBLADO,JUNHO,0.0
3332,2024-06-09,2024,ALLIANZ PARQUE,VITOR KLEY,ARENAS E ESTADIOS,ESTADIO MULTIUSO,BRAZILIAN POP,61.0,1031142.0,False,21188.0,VIP I,1190.0,464.0,VIP,DOMINGO,FIM DE SEMANA,NUBLADO,JUNHO,0.0
3333,2022-06-22,2022,TOKIO MARINE HALL,VITOR KLEY,MEDIAS CASAS,CASA DE SHOWS,BRAZILIAN POP,61.0,1031142.0,False,4000.0,Pista,100.0,170.0,COMUM,QUARTA-FEIRA,DIA UTIL,NUBLADO,JUNHO,-718.0
3334,2022-06-22,2022,TOKIO MARINE HALL,VITOR KLEY,MEDIAS CASAS,CASA DE SHOWS,BRAZILIAN POP,61.0,1031142.0,False,4000.0,Pista Premium,240.0,170.0,VIP,QUARTA-FEIRA,DIA UTIL,NUBLADO,JUNHO,0.0
3335,2025-03-28,2025,AUTODROMO DE INTERLAGOS,JPEGMAFIA,ARENAS E ESTADIOS,AREA EXTERNA PARA EVENTOS,EXPERIMENTAL HIP HOP,64.0,1030905.0,LOLLAPALOOZA,80000.0,Lolla Pista,1050.0,1678.1666666666667,COMUM,SEXTA-FEIRA,DIA UTIL,CHUVA LEVE,MARÇO,999.0
3336,2025-03-28,2025,AUTODROMO DE INTERLAGOS,JPEGMAFIA,ARENAS E ESTADIOS,AREA EXTERNA PARA EVENTOS,EXPERIMENTAL HIP HOP,64.0,1030905.0,LOLLAPALOOZA,80000.0,Lolla Lounge,2310.0,1678.1666666666667,LUXO,SEXTA-FEIRA,DIA UTIL,CHUVA LEVE,MARÇO,0.0
3337,2025-03-28,2025,AUTODROMO DE INTERLAGOS,JPEGMAFIA,ARENAS E ESTADIOS,AREA EXTERNA PARA EVENTOS,EXPERIMENTAL HIP HOP,64.0,1030905.0,LOLLAPALOOZA,80000.0,Lolla Confort,1674.5,1678.1666666666667,VIP,SEXTA-FEIRA,DIA UTIL,CHUVA LEVE,MARÇO,0.0
3338,2022-11-06,2022,DISTRITO ANHEMBI,JPEGMAFIA,GRANDES CASAS,AREA EXTERNA PARA EVENTOS,EXPERIMENTAL HIP HOP,64.0,1030905.0,PRIMAVERA SOUND,42200.0,Pista,560.0,733.3333333333334,COMUM,DOMINGO,FIM DE SEMANA,CHUVISCO LEVE,NOVEMBRO,-873.0
3339,2022-11-06,2022,DISTRITO ANHEMBI,JPEGMAFIA,GRANDES CASAS,AREA EXTERNA PARA EVENTOS,EXPERIMENTAL HIP HOP,64.0,1030905.0,PRIMAVERA SOUND,42200.0,Pista Premium,890.0,733.3333333333334,VIP,DOMINGO,FIM DE SEMANA,CHUVISCO LEVE,NOVEMBRO,0.0
3340,2022-11-06,2022,DISTRITO ANHEMBI,JPEGMAFIA,GRANDES CASAS,AREA EXTERNA PARA EVENTOS,EXPERIMENTAL HIP HOP,64.0,1030905.0,PRIMAVERA SOUND,42200.0,Cadeira Inferior,750.0,733.3333333333334,INTERMEDIARIO,DOMINGO,FIM DE SEMANA,CHUVISCO LEVE,NOVEMBRO,0.0
3341,2024-11-30,2024,ALLIANZ PARQUE,SPIRITBOX,ARENAS E ESTADIOS,ESTADIO MULTIUSO,METALCORE,66.0,1016805.0,False,46572.0,Pista,390.0,480.0,COMUM,SABADO,FIM DE SEMANA,CHUVISCO LEVE,NOVEMBRO,580.0
3342,2024-11-30,2024,ALLIANZ PARQUE,SPIRITBOX,ARENAS E ESTADIOS,ESTADIO MULTIUSO,METALCORE,66.0,1016805.0,False,46572.0,Pista Premium,790.0,480.0,VIP,SABADO,FIM DE SEMANA,CHUVISCO LEVE,NOVEMBRO,0.0
3343,2024-11-30,2024,ALLIANZ PARQUE,SPIRITBOX,ARENAS E ESTADIOS,ESTADIO MULTIUSO,METALCORE,66.0,1016805.0,False,46572.0,Cadeira Inferior,490.0,480.0,INTERMEDIARIO,SABADO,FIM DE SEMANA,CHUVISCO LEVE,NOVEMBRO,0.0
3344,2024-11-30,2024,ALLIANZ PARQUE,SPIRITBOX,ARENAS E ESTADIOS,ESTADIO MULTIUSO,METALCORE,66.0,1016805.0,False,46572.0,Cadeira Superior,250.0,480.0,INTERMEDIARIO,SABADO,FIM DE SEMANA,CHUVISCO LEVE,NOVEMBRO,0.0
3345,2024-01-25,2024,MEMORIAL DA AMERICA LATINA,MANU,GRANDES CASAS,AREA EXTERNA PARA EVENTOS,TECNOBREGA,60.0,1009538.0,False,20000.0,Pista,280.0,480.0,COMUM,QUINTA-FEIRA,FERIADO MUNICIPAL,CHUVA MODERADA,JANEIRO,999.0
3346,2024-01-25,2024,MEMORIAL DA AMERICA LATINA,MANU,GRANDES CASAS,AREA EXTERNA PARA EVENTOS,TECNOBREGA,60.0,1009538.0,False,20000.0,Open Bar,680.0,480.0,VIP,QUINTA-FEIRA,FERIADO MUNICIPAL,CHUVA MODERADA,JANEIRO,0.0
3347,2024-01-25,2024,MEMORIAL DA AMERICA LATINA,MANU,GRANDES CASAS,AREA EXTERNA PARA EVENTOS,TECNOBREGA,60.0,1009538.0,False,20000.0,Pista,280.0,480.0,COMUM,QUINTA-FEIRA,FERIADO MUNICIPAL,CHUVA MODERADA,JANEIRO,0.0
3348,2024-03-22,2024,AUTODROMO DE INTERLAGOS,FLETCHER,ARENAS E ESTADIOS,AREA EXTERNA PARA EVENTOS,0,61.0,986646.0,LOLLAPALOOZA,80000.0,Lolla Pista,1100.0,1700.0,COMUM,SEXTA-FEIRA,DIA UTIL,CHUVISCO MODERADO,MARÇO,-218.0
3349,2024-03-22,2024,AUTODROMO DE INTERLAGOS,FLETCHER,ARENAS E ESTADIOS,AREA EXTERNA PARA EVENTOS,0,61.0,986646.0,LOLLAPALOOZA,80000.0,Lolla Lounge,2250.0,1700.0,LUXO,SEXTA-FEIRA,DIA UTIL,CHUVISCO MODERADO,MARÇO,0.0
3350,2024-03-22,2024,AUTODROMO DE INTERLAGOS,FLETCHER,ARENAS E ESTADIOS,AREA EXTERNA PARA EVENTOS,0,61.0,986646.0,LOLLAPALOOZA,80000.0,Lolla Confort,1750.0,1700.0,VIP,SEXTA-FEIRA,DIA UTIL,CHUVISCO MODERADO,MARÇO,0.0
3351,2024-03-24,2024,AUTODROMO DE INTERLAGOS,MEDUZA,ARENAS E ESTADIOS,AREA EXTERNA PARA EVENTOS,0,72.0,972312.0,LOLLAPALOOZA,80000.0,Lolla Pista,1100.0,1700.0,COMUM,DOMINGO,FIM DE SEMANA,CHUVA LEVE,MARÇO,2.0
3352,2024-03-24,2024,AUTODROMO DE INTERLAGOS,MEDUZA,ARENAS E ESTADIOS,AREA EXTERNA PARA EVENTOS,0,72.0,972312.0,LOLLAPALOOZA,80000.0,Lolla Lounge,2250.0,1700.0,LUXO,DOMINGO,FIM DE SEMANA,CHUVA LEVE,MARÇO,0.0
3353,2024-03-24,2024,AUTODROMO DE INTERLAGOS,MEDUZA,ARENAS E ESTADIOS,AREA EXTERNA PARA EVENTOS,0,72.0,972312.0,LOLLAPALOOZA,80000.0,Lolla Confort,1750.0,1700.0,VIP,DOMINGO,FIM DE SEMANA,CHUVA LEVE,MARÇO,0.0
3354,2024-03-02,2024,TERRA SP,KING KRULE,MEDIAS CASAS,CASA DE SHOWS,0,60.0,967207.0,False,2500.0,Pista,330.0,375.0,COMUM,SABADO,FIM DE SEMANA,NUBLADO,MARÇO,-22.0
3355,2024-03-02,2024,TERRA SP,KING KRULE,MEDIAS CASAS,CASA DE SHOWS,0,60.0,967207.0,False,2500.0,Mezanino ,420.0,375.0,INTERMEDIARIO,SABADO,FIM DE SEMANA,NUBLADO,MARÇO,0.0
3356,2024-07-20,2024,ESPACO UNIMED,XANDE DE PILARES,MEDIAS CASAS,CASA DE SHOWS,SAMBA,64.0,965471.0,False,7862.5,Pista,180.0,280.0,COMUM,SABADO,FIM DE SEMANA,NUBLADO,JULHO,644.0
3357,2024-07-20,2024,ESPACO UNIMED,XANDE DE PILARES,MEDIAS CASAS,CASA DE SHOWS,SAMBA,64.0,965471.0,False,7862.5,Pista Premium,280.0,280.0,VIP,SABADO,FIM DE SEMANA,NUBLADO,JULHO,0.0
3358,2024-07-20,2024,ESPACO UNIMED,XANDE DE PILARES,MEDIAS CASAS,CASA DE SHOWS,SAMBA,64.0,965471.0,False,7862.5,Camarote,380.0,280.0,LUXO,SABADO,FIM DE SEMANA,NUBLADO,JULHO,0.0
3359,2024-07-20,2024,ESPACO UNIMED,XANDE DE PILARES,MEDIAS CASAS,CASA DE SHOWS,SAMBA,64.0,965471.0,False,7862.5,Cadeira Inferior,280.0,280.0,INTERMEDIARIO,SABADO,FIM DE SEMANA,NUBLADO,JULHO,0.0
3360,2024-07-20,2024,ESPACO UNIMED,XANDE DE PILARES,MEDIAS CASAS,CASA DE SHOWS,SAMBA,64.0,965471.0,False,7862.5,Pista,180.0,280.0,COMUM,SABADO,FIM DE SEMANA,NUBLADO,JULHO,0.0
3361,2024-09-06,2024,MEMORIAL DA AMERICA LATINA,LENINE,GRANDES CASAS,AREA EXTERNA PARA EVENTOS,MPB,63.0,960409.0,False,20000.0,Pista,280.0,280.0,COMUM,SEXTA-FEIRA,DIA UTIL,CHUVISCO LEVE,SETEMBRO,672.0
3362,2022-11-06,2022,DISTRITO ANHEMBI,FATHER JOHN MISTY,GRANDES CASAS,AREA EXTERNA PARA EVENTOS,0,66.0,959238.0,PRIMAVERA SOUND,42200.0,Pista,560.0,733.3333333333334,COMUM,DOMINGO,FIM DE SEMANA,CHUVISCO LEVE,NOVEMBRO,-482.0
3363,2022-11-06,2022,DISTRITO ANHEMBI,FATHER JOHN MISTY,GRANDES CASAS,AREA EXTERNA PARA EVENTOS,0,66.0,959238.0,PRIMAVERA SOUND,42200.0,Pista Premium,890.0,733.3333333333334,VIP,DOMINGO,FIM DE SEMANA,CHUVISCO LEVE,NOVEMBRO,0.0
3364,2022-11-06,2022,DISTRITO ANHEMBI,FATHER JOHN MISTY,GRANDES CASAS,AREA EXTERNA PARA EVENTOS,0,66.0,959238.0,PRIMAVERA SOUND,42200.0,Cadeira Inferior,750.0,733.3333333333334,INTERMEDIARIO,DOMINGO,FIM DE SEMANA,CHUVISCO LEVE,NOVEMBRO,0.0
3365,2022-10-16,2022,SAMBODROMO DO ANHEMBI,DIOGO NOGUEIRA,ARENAS E ESTADIOS,AREA EXTERNA PARA EVENTOS,SAMBA,61.0,956612.0,False,10000.0,Pista,760.0,820.0,COMUM,DOMINGO,FIM DE SEMANA,CHUVA MODERADA,OUTUBRO,-643.0
3366,2022-10-16,2022,SAMBODROMO DO ANHEMBI,DIOGO NOGUEIRA,ARENAS E ESTADIOS,AREA EXTERNA PARA EVENTOS,SAMBA,61.0,956612.0,False,10000.0,Pista Premium,1200.0,820.0,VIP,DOMINGO,FIM DE SEMANA,CHUVA MODERADA,OUTUBRO,0.0
3367,2022-10-16,2022,SAMBODROMO DO ANHEMBI,DIOGO NOGUEIRA,ARENAS E ESTADIOS,AREA EXTERNA PARA EVENTOS,SAMBA,61.0,956612.0,False,10000.0,Cadeira Superior,500.0,820.0,INTERMEDIARIO,DOMINGO,FIM DE SEMANA,CHUVA MODERADA,OUTUBRO,0.0
3368,2023-09-03,2023,AUTODROMO DE INTERLAGOS,LUCCAS CARLOS,ARENAS E ESTADIOS,AREA EXTERNA PARA EVENTOS,BRAZILIAN HIP HOP,66.0,950598.0,THE TOWN,100000.0,Pista,815.0,815.0,COMUM,DOMINGO,FIM DE SEMANA,CHUVISCO INTENSO,SETEMBRO,-201.0
3369,2023-09-03,2023,AUTODROMO DE INTERLAGOS,LUCCAS CARLOS,ARENAS E ESTADIOS,AREA EXTERNA PARA EVENTOS,BRAZILIAN HIP HOP,66.0,950598.0,THE TOWN,100000.0,Pista,815.0,815.0,COMUM,DOMINGO,FIM DE SEMANA,CHUVISCO INTENSO,SETEMBRO,0.0
3370,2022-11-05,2022,DISTRITO ANHEMBI,LUCCAS CARLOS,GRANDES CASAS,AREA EXTERNA PARA EVENTOS,BRAZILIAN HIP HOP,66.0,950598.0,PRIMAVERA SOUND,45000.0,Pista,560.0,733.3333333333334,COMUM,SABADO,FIM DE SEMANA,CHUVISCO LEVE,NOVEMBRO,-302.0
3371,2022-11-05,2022,DISTRITO ANHEMBI,LUCCAS CARLOS,GRANDES CASAS,AREA EXTERNA PARA EVENTOS,BRAZILIAN HIP HOP,66.0,950598.0,PRIMAVERA SOUND,45000.0,Pista Premium,890.0,733.3333333333334,VIP,SABADO,FIM DE SEMANA,CHUVISCO LEVE,NOVEMBRO,0.0
3372,2022-11-05,2022,DISTRITO ANHEMBI,LUCCAS CARLOS,GRANDES CASAS,AREA EXTERNA PARA EVENTOS,BRAZILIAN HIP HOP,66.0,950598.0,PRIMAVERA SOUND,45000.0,Cadeira Inferior,750.0,733.3333333333334,INTERMEDIARIO,SABADO,FIM DE SEMANA,CHUVISCO LEVE,NOVEMBRO,0.0
3373,2022-11-05,2022,DISTRITO ANHEMBI,LUCCAS CARLOS,GRANDES CASAS,AREA EXTERNA PARA EVENTOS,BRAZILIAN HIP HOP,66.0,950598.0,PRIMAVERA SOUND,45000.0,Pista,560.0,733.3333333333334,COMUM,SABADO,FIM DE SEMANA,CHUVISCO LEVE,NOVEMBRO,0.0
3374,2023-03-25,2023,AUTODROMO DE INTERLAGOS,JAMIE XX,ARENAS E ESTADIOS,AREA EXTERNA PARA EVENTOS,HIP HOP,60.0,947163.0,LOLLAPALOOZA,98500.0,Lolla Pista,1100.0,1706.6666666666667,COMUM,SABADO,FIM DE SEMANA,NUBLADO,MARÇO,1.0
3375,2023-03-25,2023,AUTODROMO DE INTERLAGOS,JAMIE XX,ARENAS E ESTADIOS,AREA EXTERNA PARA EVENTOS,HIP HOP,60.0,947163.0,LOLLAPALOOZA,98500.0,Lolla Lounge,2250.0,1706.6666666666667,LUXO,SABADO,FIM DE SEMANA,NUBLADO,MARÇO,0.0
3376,2023-03-25,2023,AUTODROMO DE INTERLAGOS,JAMIE XX,ARENAS E ESTADIOS,AREA EXTERNA PARA EVENTOS,HIP HOP,60.0,947163.0,LOLLAPALOOZA,98500.0,Lolla Confort,1770.0,1706.6666666666667,VIP,SABADO,FIM DE SEMANA,NUBLADO,MARÇO,0.0
3377,2023-03-25,2023,AUTODROMO DE INTERLAGOS,SOFI TUKKER,ARENAS E ESTADIOS,AREA EXTERNA PARA EVENTOS,0,66.0,933144.0,LOLLAPALOOZA,98500.0,Lolla Pista,1100.0,1706.6666666666667,COMUM,SABADO,FIM DE SEMANA,NUBLADO,MARÇO,139.0
3378,2023-03-25,2023,AUTODROMO DE INTERLAGOS,SOFI TUKKER,ARENAS E ESTADIOS,AREA EXTERNA PARA EVENTOS,0,66.0,933144.0,LOLLAPALOOZA,98500.0,Lolla Lounge,2250.0,1706.6666666666667,LUXO,SABADO,FIM DE SEMANA,NUBLADO,MARÇO,0.0
3379,2023-03-25,2023,AUTODROMO DE INTERLAGOS,SOFI TUKKER,ARENAS E ESTADIOS,AREA EXTERNA PARA EVENTOS,0,66.0,933144.0,LOLLAPALOOZA,98500.0,Lolla Confort,1770.0,1706.6666666666667,VIP,SABADO,FIM DE SEMANA,NUBLADO,MARÇO,0.0
3380,2023-11-05,2023,ALLIANZ PARQUE,SOFI TUKKER,ARENAS E ESTADIOS,ESTADIO MULTIUSO,0,66.0,933144.0,False,40000.0,Pista,820.0,820.0,COMUM,DOMINGO,FIM DE SEMANA,NUBLADO,NOVEMBRO,225.0
3381,2025-10-12,2025,AUDIO,THE CALLING,MEDIAS CASAS,CASA DE SHOWS,POP ROCK,64.0,929390.0,False,2600.0,Pista,300.0,366.6666666666667,COMUM,DOMINGO,FIM DE SEMANA,CHUVA LEVE,OUTUBRO,304.0
3382,2025-10-12,2025,AUDIO,THE CALLING,MEDIAS CASAS,CASA DE SHOWS,POP ROCK,64.0,929390.0,False,2600.0,Pista Premium,400.0,366.6666666666667,VIP,DOMINGO,FIM DE SEMANA,CHUVA LEVE,OUTUBRO,0.0
3383,2025-10-12,2025,AUDIO,THE CALLING,MEDIAS CASAS,CASA DE SHOWS,POP ROCK,64.0,929390.0,False,2600.0,Camarote,400.0,366.6666666666667,LUXO,DOMINGO,FIM DE SEMANA,CHUVA LEVE,OUTUBRO,0.0
3384,2025-05-08,2025,TOKIO MARINE HALL,SEVDALIZA,MEDIAS CASAS,CASA DE SHOWS,0,70.0,924829.0,False,3500.0,Pista,300.0,393.3333333333333,COMUM,QUINTA-FEIRA,DIA UTIL,NUBLADO,MAIO,550.0
3385,2025-05-08,2025,TOKIO MARINE HALL,SEVDALIZA,MEDIAS CASAS,CASA DE SHOWS,0,70.0,924829.0,False,3500.0,Pista Premium,480.0,393.3333333333333,VIP,QUINTA-FEIRA,DIA UTIL,NUBLADO,MAIO,0.0
3386,2025-05-08,2025,TOKIO MARINE HALL,SEVDALIZA,MEDIAS CASAS,CASA DE SHOWS,0,70.0,924829.0,False,3500.0,Camarote,400.0,393.3333333333333,LUXO,QUINTA-FEIRA,DIA UTIL,NUBLADO,MAIO,0.0
3387,2022-11-05,2022,DISTRITO ANHEMBI,SEVDALIZA,GRANDES CASAS,AREA EXTERNA PARA EVENTOS,0,70.0,924829.0,PRIMAVERA SOUND,45000.0,Pista,560.0,733.3333333333334,COMUM,SABADO,FIM DE SEMANA,CHUVISCO LEVE,NOVEMBRO,-915.0
3388,2022-11-05,2022,DISTRITO ANHEMBI,SEVDALIZA,GRANDES CASAS,AREA EXTERNA PARA EVENTOS,0,70.0,924829.0,PRIMAVERA SOUND,45000.0,Pista Premium,890.0,733.3333333333334,VIP,SABADO,FIM DE SEMANA,CHUVISCO LEVE,NOVEMBRO,0.0
3389,2022-11-05,2022,DISTRITO ANHEMBI,SEVDALIZA,GRANDES CASAS,AREA EXTERNA PARA EVENTOS,0,70.0,924829.0,PRIMAVERA SOUND,45000.0,Cadeira Inferior,750.0,733.3333333333334,INTERMEDIARIO,SABADO,FIM DE SEMANA,CHUVISCO LEVE,NOVEMBRO,0.0
3390,2022-06-17,2022,SAMBODROMO DO ANHEMBI,SOFAYGO,ARENAS E ESTADIOS,AREA EXTERNA PARA EVENTOS,RAGE RAP,61.0,923896.0,False,34000.0,Pista,440.0,440.0,COMUM,SEXTA-FEIRA,DIA UTIL,NUBLADO,JUNHO,0.0
3391,2023-11-09,2023,ESPACO UNIMED,JORGE DREXLER,MEDIAS CASAS,CASA DE SHOWS,TROVA,64.0,914726.0,False,3000.0,Pista,240.0,362.5,COMUM,QUINTA-FEIRA,DIA UTIL,CHUVISCO LEVE,NOVEMBRO,999.0
3392,2023-11-09,2023,ESPACO UNIMED,JORGE DREXLER,MEDIAS CASAS,CASA DE SHOWS,TROVA,64.0,914726.0,False,3000.0,Pista Premium,420.0,362.5,VIP,QUINTA-FEIRA,DIA UTIL,CHUVISCO LEVE,NOVEMBRO,0.0
3393,2023-11-09,2023,ESPACO UNIMED,JORGE DREXLER,MEDIAS CASAS,CASA DE SHOWS,TROVA,64.0,914726.0,False,3000.0,Camarote,470.0,362.5,LUXO,QUINTA-FEIRA,DIA UTIL,CHUVISCO LEVE,NOVEMBRO,0.0
3394,2023-11-09,2023,ESPACO UNIMED,JORGE DREXLER,MEDIAS CASAS,CASA DE SHOWS,TROVA,64.0,914726.0,False,3000.0,Mezanino ,320.0,362.5,INTERMEDIARIO,QUINTA-FEIRA,DIA UTIL,CHUVISCO LEVE,NOVEMBRO,0.0
3395,2022-09-24,2022,VIBRA SAO PAULO,JORGE DREXLER,MEDIAS CASAS,TEATRO E CASA DE ESPETACULOS,TROVA,64.0,914726.0,False,2960.0,Pista,160.0,260.0,COMUM,SABADO,FIM DE SEMANA,PREDOMINANTEMENTE LIMPO,SETEMBRO,-411.0
3396,2022-09-24,2022,VIBRA SAO PAULO,JORGE DREXLER,MEDIAS CASAS,TEATRO E CASA DE ESPETACULOS,TROVA,64.0,914726.0,False,2960.0,Pista Premium,260.0,260.0,VIP,SABADO,FIM DE SEMANA,PREDOMINANTEMENTE LIMPO,SETEMBRO,0.0
3397,2022-09-24,2022,VIBRA SAO PAULO,JORGE DREXLER,MEDIAS CASAS,TEATRO E CASA DE ESPETACULOS,TROVA,64.0,914726.0,False,2960.0,Camarote,360.0,260.0,LUXO,SABADO,FIM DE SEMANA,PREDOMINANTEMENTE LIMPO,SETEMBRO,0.0
3398,2025-11-07,2025,TOKIO MARINE HALL,DAMIANO DAVID,MEDIAS CASAS,CASA DE SHOWS,0,73.0,910403.0,False,4000.0,Pista,390.0,496.0,COMUM,SEXTA-FEIRA,DIA UTIL,CHUVISCO MODERADO,NOVEMBRO,1098.0
3399,2025-11-07,2025,TOKIO MARINE HALL,DAMIANO DAVID,MEDIAS CASAS,CASA DE SHOWS,0,73.0,910403.0,False,4000.0,Pista Premium,540.0,496.0,VIP,SEXTA-FEIRA,DIA UTIL,CHUVISCO MODERADO,NOVEMBRO,0.0
3400,2025-11-07,2025,TOKIO MARINE HALL,DAMIANO DAVID,MEDIAS CASAS,CASA DE SHOWS,0,73.0,910403.0,False,4000.0,Camarote,570.0,496.0,LUXO,SEXTA-FEIRA,DIA UTIL,CHUVISCO MODERADO,NOVEMBRO,0.0
3401,2025-11-07,2025,TOKIO MARINE HALL,DAMIANO DAVID,MEDIAS CASAS,CASA DE SHOWS,0,73.0,910403.0,False,4000.0,Cadeira Inferior,490.0,496.0,INTERMEDIARIO,SEXTA-FEIRA,DIA UTIL,CHUVISCO MODERADO,NOVEMBRO,0.0
3402,2025-11-07,2025,TOKIO MARINE HALL,DAMIANO DAVID,MEDIAS CASAS,CASA DE SHOWS,0,73.0,910403.0,False,4000.0,Cadeira Superior,490.0,496.0,INTERMEDIARIO,SEXTA-FEIRA,DIA UTIL,CHUVISCO MODERADO,NOVEMBRO,0.0
3403,2023-12-02,2023,AUTODROMO DE INTERLAGOS,THE HIVES,ARENAS E ESTADIOS,AREA EXTERNA PARA EVENTOS,GARAGE ROCK,60.0,899018.0,False,50000.0,Pista,990.0,1495.0,COMUM,SABADO,FIM DE SEMANA,NUBLADO,DEZEMBRO,-133.0
3404,2023-12-02,2023,AUTODROMO DE INTERLAGOS,THE HIVES,ARENAS E ESTADIOS,AREA EXTERNA PARA EVENTOS,GARAGE ROCK,60.0,899018.0,False,50000.0,Pista Premium,2000.0,1495.0,VIP,SABADO,FIM DE SEMANA,NUBLADO,DEZEMBRO,0.0
3405,2024-10-15,2024,TOKIO MARINE HALL,THE HIVES,MEDIAS CASAS,CASA DE SHOWS,GARAGE ROCK,60.0,899018.0,False,4000.0,Pista,360.0,432.5,COMUM,TERCA-FEIRA,DIA UTIL,NUBLADO,OUTUBRO,318.0
3406,2024-10-15,2024,TOKIO MARINE HALL,THE HIVES,MEDIAS CASAS,CASA DE SHOWS,GARAGE ROCK,60.0,899018.0,False,4000.0,Pista Premium,420.0,432.5,VIP,TERCA-FEIRA,DIA UTIL,NUBLADO,OUTUBRO,0.0
3407,2024-10-15,2024,TOKIO MARINE HALL,THE HIVES,MEDIAS CASAS,CASA DE SHOWS,GARAGE ROCK,60.0,899018.0,False,4000.0,Camarote,550.0,432.5,LUXO,TERCA-FEIRA,DIA UTIL,NUBLADO,OUTUBRO,0.0
3408,2024-10-15,2024,TOKIO MARINE HALL,THE HIVES,MEDIAS CASAS,CASA DE SHOWS,GARAGE ROCK,60.0,899018.0,False,4000.0,Cadeira Inferior,400.0,432.5,INTERMEDIARIO,TERCA-FEIRA,DIA UTIL,NUBLADO,OUTUBRO,0.0
3409,2025-11-12,2025,AUDIO,POLO & PAN,MEDIAS CASAS,CASA DE SHOWS,FRENCH INDIE POP,61.0,894465.0,False,2400.0,Pista,400.0,613.3333333333334,COMUM,QUARTA-FEIRA,DIA UTIL,NUBLADO,NOVEMBRO,999.0
3410,2025-11-12,2025,AUDIO,POLO & PAN,MEDIAS CASAS,CASA DE SHOWS,FRENCH INDIE POP,61.0,894465.0,False,2400.0,Camarote,450.0,613.3333333333334,LUXO,QUARTA-FEIRA,DIA UTIL,NUBLADO,NOVEMBRO,0.0
3411,2025-11-12,2025,AUDIO,POLO & PAN,MEDIAS CASAS,CASA DE SHOWS,FRENCH INDIE POP,61.0,894465.0,False,2400.0,VIP I,990.0,613.3333333333334,VIP,QUARTA-FEIRA,DIA UTIL,NUBLADO,NOVEMBRO,0.0
3412,2023-03-24,2023,AUTODROMO DE INTERLAGOS,POLO & PAN,ARENAS E ESTADIOS,AREA EXTERNA PARA EVENTOS,FRENCH INDIE POP,61.0,894465.0,LOLLAPALOOZA,103350.0,Lolla Pista,1100.0,1706.6666666666667,COMUM,SEXTA-FEIRA,DIA UTIL,CHUVISCO LEVE,MARÇO,-964.0
3413,2023-03-24,2023,AUTODROMO DE INTERLAGOS,POLO & PAN,ARENAS E ESTADIOS,AREA EXTERNA PARA EVENTOS,FRENCH INDIE POP,61.0,894465.0,LOLLAPALOOZA,103350.0,Lolla Lounge,2250.0,1706.6666666666667,LUXO,SEXTA-FEIRA,DIA UTIL,CHUVISCO LEVE,MARÇO,0.0
3414,2023-03-24,2023,AUTODROMO DE INTERLAGOS,POLO & PAN,ARENAS E ESTADIOS,AREA EXTERNA PARA EVENTOS,FRENCH INDIE POP,61.0,894465.0,LOLLAPALOOZA,103350.0,Lolla Confort,1770.0,1706.6666666666667,VIP,SEXTA-FEIRA,DIA UTIL,CHUVISCO LEVE,MARÇO,0.0
3415,2025-05-25,2025,TERRA SP,STICK FIGURE,MEDIAS CASAS,CASA DE SHOWS,REGGAE,69.0,886642.0,False,3000.0,Pista,440.0,680.0,COMUM,DOMINGO,FIM DE SEMANA,PARCIALMENTE NUBLADO,MAIO,750.0
3416,2025-05-25,2025,TERRA SP,STICK FIGURE,MEDIAS CASAS,CASA DE SHOWS,REGGAE,69.0,886642.0,False,3000.0,Camarote,920.0,680.0,LUXO,DOMINGO,FIM DE SEMANA,PARCIALMENTE NUBLADO,MAIO,0.0
3417,2022-04-23,2022,AUDIO,CPM 22,MEDIAS CASAS,CASA DE SHOWS,BRAZILIAN ROCK,61.0,885381.0,False,3200.0,Pista,200.0,150.0,COMUM,SABADO,FIM DE SEMANA,NUBLADO,ABRIL,-531.0
3418,2022-04-23,2022,AUDIO,CPM 22,MEDIAS CASAS,CASA DE SHOWS,BRAZILIAN ROCK,61.0,885381.0,False,3200.0,Mezanino ,100.0,150.0,INTERMEDIARIO,SABADO,FIM DE SEMANA,NUBLADO,ABRIL,0.0
3419,2022-05-08,2022,AUDIO,CPM 22,MEDIAS CASAS,CASA DE SHOWS,BRAZILIAN ROCK,61.0,885381.0,False,3200.0,Pista,200.0,150.0,COMUM,DOMINGO,FIM DE SEMANA,CHUVISCO LEVE,MAIO,15.0
3420,2022-05-08,2022,AUDIO,CPM 22,MEDIAS CASAS,CASA DE SHOWS,BRAZILIAN ROCK,61.0,885381.0,False,3200.0,Mezanino ,100.0,150.0,INTERMEDIARIO,DOMINGO,FIM DE SEMANA,CHUVISCO LEVE,MAIO,0.0
3421,2024-07-13,2024,AUDIO,CPM 22,MEDIAS CASAS,CASA DE SHOWS,BRAZILIAN ROCK,61.0,885381.0,False,3200.0,Pista,140.0,270.0,COMUM,SABADO,FIM DE SEMANA,CHUVISCO LEVE,JULHO,797.0
3422,2024-07-13,2024,AUDIO,CPM 22,MEDIAS CASAS,CASA DE SHOWS,BRAZILIAN ROCK,61.0,885381.0,False,3200.0,Pista Premium,400.0,270.0,VIP,SABADO,FIM DE SEMANA,CHUVISCO LEVE,JULHO,0.0
3423,2025-09-07,2025,AUTODROMO DE INTERLAGOS,CPM 22,ARENAS E ESTADIOS,AREA EXTERNA PARA EVENTOS,BRAZILIAN ROCK,61.0,885381.0,THE TOWN,90000.0,Pista,975.0,975.0,COMUM,DOMINGO,FIM DE SEMANA,CHUVISCO LEVE,SETEMBRO,421.0
3424,2022-09-10,2022,VIBRA SAO PAULO,CPM 22,MEDIAS CASAS,TEATRO E CASA DE ESPETACULOS,BRAZILIAN ROCK,61.0,885381.0,False,6400.0,Pista,160.0,200.0,COMUM,SABADO,FIM DE SEMANA,NUBLADO,SETEMBRO,-1093.0
3425,2022-09-10,2022,VIBRA SAO PAULO,CPM 22,MEDIAS CASAS,TEATRO E CASA DE ESPETACULOS,BRAZILIAN ROCK,61.0,885381.0,False,6400.0,Pista Premium,240.0,200.0,VIP,SABADO,FIM DE SEMANA,NUBLADO,SETEMBRO,0.0
3426,2025-08-15,2025,SUHAI MUSIC HALL,CPM 22,MEDIAS CASAS,CASA DE SHOWS,BRAZILIAN ROCK,61.0,885381.0,False,7000.0,Pista,750.0,950.0,COMUM,SEXTA-FEIRA,DIA UTIL,NUBLADO,AGOSTO,1070.0
3427,2025-08-15,2025,SUHAI MUSIC HALL,CPM 22,MEDIAS CASAS,CASA DE SHOWS,BRAZILIAN ROCK,61.0,885381.0,False,7000.0,Pista Premium,900.0,950.0,VIP,SEXTA-FEIRA,DIA UTIL,NUBLADO,AGOSTO,0.0
3428,2025-08-15,2025,SUHAI MUSIC HALL,CPM 22,MEDIAS CASAS,CASA DE SHOWS,BRAZILIAN ROCK,61.0,885381.0,False,7000.0,Camarote,1200.0,950.0,LUXO,SEXTA-FEIRA,DIA UTIL,NUBLADO,AGOSTO,0.0
3429,2024-11-10,2024,TOKIO MARINE HALL,BADBADNOTGOOD,MEDIAS CASAS,CASA DE SHOWS,0,63.0,883210.0,False,3800.0,Pista,530.0,530.0,COMUM,DOMINGO,FIM DE SEMANA,CHUVISCO LEVE,NOVEMBRO,-362.0
3430,2023-09-09,2023,AUTODROMO DE INTERLAGOS,YUNK VINO,ARENAS E ESTADIOS,AREA EXTERNA PARA EVENTOS,BRAZILIAN TRAP,65.0,872428.0,THE TOWN,100000.0,Pista,815.0,815.0,COMUM,SABADO,FIM DE SEMANA,CHUVISCO LEVE,SETEMBRO,447.0
3431,2022-06-18,2022,SAMBODROMO DO ANHEMBI,YUNK VINO,ARENAS E ESTADIOS,AREA EXTERNA PARA EVENTOS,BRAZILIAN TRAP,65.0,872428.0,False,34000.0,Pista,440.0,440.0,COMUM,SABADO,FIM DE SEMANA,CHUVA MODERADA,JUNHO,-448.0
3432,2025-11-23,2025,NEO QUIMICA ARENA,YUNK VINO,ARENAS E ESTADIOS,ESTADIO MULTIUSO,BRAZILIAN TRAP,65.0,872428.0,False,0.0,Pista,110.0,110.0,COMUM,DOMINGO,FIM DE SEMANA,<FUNCTION SERIES.MODE AT 0X0000027829051A80>,NOVEMBRO,1254.0
3433,2024-03-23,2024,AUTODROMO DE INTERLAGOS,ABOVE & BEYOND,ARENAS E ESTADIOS,AREA EXTERNA PARA EVENTOS,TRANCE,62.0,856778.0,LOLLAPALOOZA,80000.0,Lolla Pista,1100.0,1700.0,COMUM,SABADO,FIM DE SEMANA,CHUVISCO INTENSO,MARÇO,363.0
3434,2024-03-23,2024,AUTODROMO DE INTERLAGOS,ABOVE & BEYOND,ARENAS E ESTADIOS,AREA EXTERNA PARA EVENTOS,TRANCE,62.0,856778.0,LOLLAPALOOZA,80000.0,Lolla Lounge,2250.0,1700.0,LUXO,SABADO,FIM DE SEMANA,CHUVISCO INTENSO,MARÇO,0.0
3435,2024-03-23,2024,AUTODROMO DE INTERLAGOS,ABOVE & BEYOND,ARENAS E ESTADIOS,AREA EXTERNA PARA EVENTOS,TRANCE,62.0,856778.0,LOLLAPALOOZA,80000.0,Lolla Confort,1750.0,1700.0,VIP,SABADO,FIM DE SEMANA,CHUVISCO INTENSO,MARÇO,0.0
3436,2023-04-22,2023,VALE DO ANHANGABAU,ABOVE & BEYOND,GRANDES CASAS,AREA EXTERNA PARA EVENTOS,TRANCE,62.0,856778.0,ULTRA BRASIL,20000.0,Pista,750.0,1125.0,COMUM,SABADO,FIM DE SEMANA,NUBLADO,ABRIL,-336.0
3437,2023-04-22,2023,VALE DO ANHANGABAU,ABOVE & BEYOND,GRANDES CASAS,AREA EXTERNA PARA EVENTOS,TRANCE,62.0,856778.0,ULTRA BRASIL,20000.0,Pista Premium,1500.0,1125.0,VIP,SABADO,FIM DE SEMANA,NUBLADO,ABRIL,0.0
3438,2023-03-25,2023,AUTODROMO DE INTERLAGOS,PURPLE DISCO MACHINE,ARENAS E ESTADIOS,AREA EXTERNA PARA EVENTOS,DISCO HOUSE,70.0,851356.0,LOLLAPALOOZA,98500.0,Lolla Pista,1100.0,1706.6666666666667,COMUM,SABADO,FIM DE SEMANA,NUBLADO,MARÇO,999.0
3439,2023-03-25,2023,AUTODROMO DE INTERLAGOS,PURPLE DISCO MACHINE,ARENAS E ESTADIOS,AREA EXTERNA PARA EVENTOS,DISCO HOUSE,70.0,851356.0,LOLLAPALOOZA,98500.0,Lolla Lounge,2250.0,1706.6666666666667,LUXO,SABADO,FIM DE SEMANA,NUBLADO,MARÇO,0.0
3440,2023-03-25,2023,AUTODROMO DE INTERLAGOS,PURPLE DISCO MACHINE,ARENAS E ESTADIOS,AREA EXTERNA PARA EVENTOS,DISCO HOUSE,70.0,851356.0,LOLLAPALOOZA,98500.0,Lolla Confort,1770.0,1706.6666666666667,VIP,SABADO,FIM DE SEMANA,NUBLADO,MARÇO,0.0
3441,2022-03-27,2022,AUTODROMO DE INTERLAGOS,IDLES,ARENAS E ESTADIOS,AREA EXTERNA PARA EVENTOS,POST-PUNK,61.0,843527.0,LOLLAPALOOZA,98255.0,Lolla Pista,1050.0,1763.3333333333333,COMUM,DOMINGO,FIM DE SEMANA,CHUVA MODERADA,MARÇO,-1329.0
3442,2022-03-27,2022,AUTODROMO DE INTERLAGOS,IDLES,ARENAS E ESTADIOS,AREA EXTERNA PARA EVENTOS,POST-PUNK,61.0,843527.0,LOLLAPALOOZA,98255.0,Lolla Lounge,2400.0,1763.3333333333333,LUXO,DOMINGO,FIM DE SEMANA,CHUVA MODERADA,MARÇO,0.0
3443,2022-03-27,2022,AUTODROMO DE INTERLAGOS,IDLES,ARENAS E ESTADIOS,AREA EXTERNA PARA EVENTOS,POST-PUNK,61.0,843527.0,LOLLAPALOOZA,98255.0,Lolla Confort,1840.0,1763.3333333333333,VIP,DOMINGO,FIM DE SEMANA,CHUVA MODERADA,MARÇO,0.0
3444,2022-03-25,2022,AUTODROMO DE INTERLAGOS,TURNSTILE,ARENAS E ESTADIOS,AREA EXTERNA PARA EVENTOS,HARDCORE PUNK,67.0,840641.0,LOLLAPALOOZA,100980.0,Lolla Pista,1050.0,1763.3333333333333,COMUM,SEXTA-FEIRA,DIA UTIL,CHUVISCO LEVE,MARÇO,999.0
3445,2022-03-25,2022,AUTODROMO DE INTERLAGOS,TURNSTILE,ARENAS E ESTADIOS,AREA EXTERNA PARA EVENTOS,HARDCORE PUNK,67.0,840641.0,LOLLAPALOOZA,100980.0,Lolla Lounge,2400.0,1763.3333333333333,LUXO,SEXTA-FEIRA,DIA UTIL,CHUVISCO LEVE,MARÇO,0.0
3446,2022-03-25,2022,AUTODROMO DE INTERLAGOS,TURNSTILE,ARENAS E ESTADIOS,AREA EXTERNA PARA EVENTOS,HARDCORE PUNK,67.0,840641.0,LOLLAPALOOZA,100980.0,Lolla Confort,1840.0,1763.3333333333333,VIP,SEXTA-FEIRA,DIA UTIL,CHUVISCO LEVE,MARÇO,0.0
3447,2024-04-16,2024,TOKIO MARINE HALL,TURNSTILE,MEDIAS CASAS,CASA DE SHOWS,HARDCORE PUNK,67.0,840641.0,False,3000.0,Pista,380.0,736.6666666666666,COMUM,TERCA-FEIRA,DIA UTIL,CHUVISCO LEVE,ABRIL,753.0
3448,2024-04-16,2024,TOKIO MARINE HALL,TURNSTILE,MEDIAS CASAS,CASA DE SHOWS,HARDCORE PUNK,67.0,840641.0,False,3000.0,Pista Premium,520.0,736.6666666666666,VIP,TERCA-FEIRA,DIA UTIL,CHUVISCO LEVE,ABRIL,0.0
3449,2024-04-16,2024,TOKIO MARINE HALL,TURNSTILE,MEDIAS CASAS,CASA DE SHOWS,HARDCORE PUNK,67.0,840641.0,False,3000.0,Camarote,540.0,736.6666666666666,LUXO,TERCA-FEIRA,DIA UTIL,CHUVISCO LEVE,ABRIL,0.0
3450,2024-04-16,2024,TOKIO MARINE HALL,TURNSTILE,MEDIAS CASAS,CASA DE SHOWS,HARDCORE PUNK,67.0,840641.0,False,3000.0,Cadeira Inferior,440.0,736.6666666666666,INTERMEDIARIO,TERCA-FEIRA,DIA UTIL,CHUVISCO LEVE,ABRIL,0.0
3451,2024-04-16,2024,TOKIO MARINE HALL,TURNSTILE,MEDIAS CASAS,CASA DE SHOWS,HARDCORE PUNK,67.0,840641.0,False,3000.0,Cadeira Superior,340.0,736.6666666666666,INTERMEDIARIO,TERCA-FEIRA,DIA UTIL,CHUVISCO LEVE,ABRIL,0.0
3452,2024-04-16,2024,TOKIO MARINE HALL,TURNSTILE,MEDIAS CASAS,CASA DE SHOWS,HARDCORE PUNK,67.0,840641.0,False,3000.0,VIP I,2200.0,736.6666666666666,VIP,TERCA-FEIRA,DIA UTIL,CHUVISCO LEVE,ABRIL,0.0
3453,2025-11-22,2025,NEO QUIMICA ARENA,KAASH PAIGE,ARENAS E ESTADIOS,ESTADIO MULTIUSO,0,66.0,839249.0,False,21000.0,Pista,110.0,110.0,COMUM,SABADO,FIM DE SEMANA,<FUNCTION SERIES.MODE AT 0X0000027829051A80>,NOVEMBRO,377.0
3454,2023-09-09,2023,AUTODROMO DE INTERLAGOS,WET LEG,ARENAS E ESTADIOS,AREA EXTERNA PARA EVENTOS,INDIE ROCK,64.0,836724.0,THE TOWN,100000.0,Pista,815.0,815.0,COMUM,SABADO,FIM DE SEMANA,CHUVISCO LEVE,SETEMBRO,169.0
3455,2023-09-07,2023,AUTODROMO DE INTERLAGOS,MARIA RITA,ARENAS E ESTADIOS,AREA EXTERNA PARA EVENTOS,SAMBA,60.0,822841.0,THE TOWN,100000.0,Pista,815.0,815.0,COMUM,QUINTA-FEIRA,FERIADO NACIONAL,NUBLADO,SETEMBRO,326.0
3456,2023-09-07,2023,AUTODROMO DE INTERLAGOS,MARIA RITA,ARENAS E ESTADIOS,AREA EXTERNA PARA EVENTOS,SAMBA,60.0,822841.0,THE TOWN,100000.0,Pista,815.0,815.0,COMUM,QUINTA-FEIRA,FERIADO NACIONAL,NUBLADO,SETEMBRO,0.0
3457,2024-02-24,2024,AUTODROMO DE INTERLAGOS,ANYMA,ARENAS E ESTADIOS,AREA EXTERNA PARA EVENTOS,MELODIC TECHNO,70.0,814112.0,AFTERLIFE SAO PAULO,40000.0,Early Entrance,1100.0,1100.0,VIP,SABADO,FIM DE SEMANA,CHUVA MODERADA,FEVEREIRO,999.0
3458,2025-03-08,2025,ALLIANZ PARQUE,THE WARNING,ARENAS E ESTADIOS,ESTADIO MULTIUSO,0,62.0,776117.0,False,37608.0,Pista,890.0,623.3333333333334,COMUM,SABADO,FIM DE SEMANA,CHUVISCO MODERADO,MARÇO,-259.0
3459,2025-03-08,2025,ALLIANZ PARQUE,THE WARNING,ARENAS E ESTADIOS,ESTADIO MULTIUSO,0,62.0,776117.0,False,37608.0,Cadeira Inferior,590.0,623.3333333333334,INTERMEDIARIO,SABADO,FIM DE SEMANA,CHUVISCO MODERADO,MARÇO,0.0
3460,2025-03-08,2025,ALLIANZ PARQUE,THE WARNING,ARENAS E ESTADIOS,ESTADIO MULTIUSO,0,62.0,776117.0,False,37608.0,Cadeira Superior,390.0,623.3333333333334,INTERMEDIARIO,SABADO,FIM DE SEMANA,CHUVISCO MODERADO,MARÇO,0.0
3461,2025-11-04,2025,AUDIO,L'IMPERATRICE,MEDIAS CASAS,CASA DE SHOWS,FRENCH INDIE POP,63.0,749070.0,False,2400.0,Pista,355.0,405.0,COMUM,TERCA-FEIRA,DIA UTIL,CHUVISCO INTENSO,NOVEMBRO,956.0
3462,2025-11-04,2025,AUDIO,L'IMPERATRICE,MEDIAS CASAS,CASA DE SHOWS,FRENCH INDIE POP,63.0,749070.0,False,2400.0,Mezanino ,455.0,405.0,INTERMEDIARIO,TERCA-FEIRA,DIA UTIL,CHUVISCO INTENSO,NOVEMBRO,0.0
3463,2025-09-12,2025,AUTODROMO DE INTERLAGOS,CEELO GREEN,ARENAS E ESTADIOS,AREA EXTERNA PARA EVENTOS,R&B,70.0,731349.0,THE TOWN,75000.0,Pista,975.0,975.0,COMUM,SEXTA-FEIRA,DIA UTIL,NUBLADO,SETEMBRO,733.0
3464,2024-03-22,2024,AUTODROMO DE INTERLAGOS,THE BLAZE,ARENAS E ESTADIOS,AREA EXTERNA PARA EVENTOS,0,62.0,725333.0,LOLLAPALOOZA,80000.0,Lolla Pista,1100.0,1700.0,COMUM,SEXTA-FEIRA,DIA UTIL,CHUVISCO MODERADO,MARÇO,-351.0
3465,2024-03-22,2024,AUTODROMO DE INTERLAGOS,THE BLAZE,ARENAS E ESTADIOS,AREA EXTERNA PARA EVENTOS,0,62.0,725333.0,LOLLAPALOOZA,80000.0,Lolla Lounge,2250.0,1700.0,LUXO,SEXTA-FEIRA,DIA UTIL,CHUVISCO MODERADO,MARÇO,0.0
3466,2024-03-22,2024,AUTODROMO DE INTERLAGOS,THE BLAZE,ARENAS E ESTADIOS,AREA EXTERNA PARA EVENTOS,0,62.0,725333.0,LOLLAPALOOZA,80000.0,Lolla Confort,1750.0,1700.0,VIP,SEXTA-FEIRA,DIA UTIL,CHUVISCO MODERADO,MARÇO,0.0
3467,2025-11-22,2025,NEO QUIMICA ARENA,MAJOR RD,ARENAS E ESTADIOS,ESTADIO MULTIUSO,BRAZILIAN TRAP,64.0,707504.0,False,21000.0,Pista,110.0,110.0,COMUM,SABADO,FIM DE SEMANA,<FUNCTION SERIES.MODE AT 0X0000027829051A80>,NOVEMBRO,-1.0
3468,2022-03-25,2022,AUTODROMO DE INTERLAGOS,070 SHAKE,ARENAS E ESTADIOS,AREA EXTERNA PARA EVENTOS,0,70.0,697957.0,LOLLAPALOOZA,100980.0,Lolla Pista,1050.0,1763.3333333333333,COMUM,SEXTA-FEIRA,DIA UTIL,CHUVISCO LEVE,MARÇO,-728.0
3469,2022-03-25,2022,AUTODROMO DE INTERLAGOS,070 SHAKE,ARENAS E ESTADIOS,AREA EXTERNA PARA EVENTOS,0,70.0,697957.0,LOLLAPALOOZA,100980.0,Lolla Lounge,2400.0,1763.3333333333333,LUXO,SEXTA-FEIRA,DIA UTIL,CHUVISCO LEVE,MARÇO,0.0
3470,2022-03-25,2022,AUTODROMO DE INTERLAGOS,070 SHAKE,ARENAS E ESTADIOS,AREA EXTERNA PARA EVENTOS,0,70.0,697957.0,LOLLAPALOOZA,100980.0,Lolla Confort,1840.0,1763.3333333333333,VIP,SEXTA-FEIRA,DIA UTIL,CHUVISCO LEVE,MARÇO,0.0
3471,2024-03-23,2024,AUTODROMO DE INTERLAGOS,LOUD LUXURY,ARENAS E ESTADIOS,AREA EXTERNA PARA EVENTOS,0,67.0,694998.0,LOLLAPALOOZA,80000.0,Lolla Pista,1100.0,1700.0,COMUM,SABADO,FIM DE SEMANA,CHUVISCO INTENSO,MARÇO,729.0
3472,2024-03-23,2024,AUTODROMO DE INTERLAGOS,LOUD LUXURY,ARENAS E ESTADIOS,AREA EXTERNA PARA EVENTOS,0,67.0,694998.0,LOLLAPALOOZA,80000.0,Lolla Lounge,2250.0,1700.0,LUXO,SABADO,FIM DE SEMANA,CHUVISCO INTENSO,MARÇO,0.0
3473,2024-03-23,2024,AUTODROMO DE INTERLAGOS,LOUD LUXURY,ARENAS E ESTADIOS,AREA EXTERNA PARA EVENTOS,0,67.0,694998.0,LOLLAPALOOZA,80000.0,Lolla Confort,1750.0,1700.0,VIP,SABADO,FIM DE SEMANA,CHUVISCO INTENSO,MARÇO,0.0
3474,2024-03-05,2024,VIBRA SAO PAULO,BAMBAM,MEDIAS CASAS,TEATRO E CASA DE ESPETACULOS,K-POP,60.0,692856.0,False,6800.0,Pista,460.0,1001.6666666666666,COMUM,TERCA-FEIRA,DIA UTIL,CHUVA FORTE,MARÇO,-598.0
3475,2024-03-05,2024,VIBRA SAO PAULO,BAMBAM,MEDIAS CASAS,TEATRO E CASA DE ESPETACULOS,K-POP,60.0,692856.0,False,6800.0,Pista Premium,790.0,1001.6666666666666,VIP,TERCA-FEIRA,DIA UTIL,CHUVA FORTE,MARÇO,0.0
3476,2024-03-05,2024,VIBRA SAO PAULO,BAMBAM,MEDIAS CASAS,TEATRO E CASA DE ESPETACULOS,K-POP,60.0,692856.0,False,6800.0,Camarote,600.0,1001.6666666666666,LUXO,TERCA-FEIRA,DIA UTIL,CHUVA FORTE,MARÇO,0.0
3477,2024-03-05,2024,VIBRA SAO PAULO,BAMBAM,MEDIAS CASAS,TEATRO E CASA DE ESPETACULOS,K-POP,60.0,692856.0,False,6800.0,Cadeira Superior,400.0,1001.6666666666666,INTERMEDIARIO,TERCA-FEIRA,DIA UTIL,CHUVA FORTE,MARÇO,0.0
3478,2024-03-05,2024,VIBRA SAO PAULO,BAMBAM,MEDIAS CASAS,TEATRO E CASA DE ESPETACULOS,K-POP,60.0,692856.0,False,6800.0,VIP I,1980.0,1001.6666666666666,VIP,TERCA-FEIRA,DIA UTIL,CHUVA FORTE,MARÇO,0.0
3479,2024-03-05,2024,VIBRA SAO PAULO,BAMBAM,MEDIAS CASAS,TEATRO E CASA DE ESPETACULOS,K-POP,60.0,692856.0,False,6800.0,VIP II,1780.0,1001.6666666666666,ULTRA VIP,TERCA-FEIRA,DIA UTIL,CHUVA FORTE,MARÇO,0.0
3480,2024-03-05,2024,VIBRA SAO PAULO,BAMBAM,MEDIAS CASAS,TEATRO E CASA DE ESPETACULOS,K-POP,60.0,692856.0,False,6800.0,Pista,460.0,1001.6666666666666,COMUM,TERCA-FEIRA,DIA UTIL,CHUVA FORTE,MARÇO,0.0
3481,2025-10-23,2025,AUDIO,OCEAN ALLEY,MEDIAS CASAS,CASA DE SHOWS,SURF ROCK,64.0,664596.0,False,3200.0,Pista,160.0,160.0,COMUM,QUINTA-FEIRA,DIA UTIL,NUBLADO,OUTUBRO,1009.0
3482,2022-11-06,2022,DISTRITO ANHEMBI,CAROLINE POLACHEK,GRANDES CASAS,AREA EXTERNA PARA EVENTOS,ART POP,67.0,659422.0,PRIMAVERA SOUND,42200.0,Pista,560.0,733.3333333333334,COMUM,DOMINGO,FIM DE SEMANA,CHUVISCO LEVE,NOVEMBRO,1.0
3483,2022-11-06,2022,DISTRITO ANHEMBI,CAROLINE POLACHEK,GRANDES CASAS,AREA EXTERNA PARA EVENTOS,ART POP,67.0,659422.0,PRIMAVERA SOUND,42200.0,Pista Premium,890.0,733.3333333333334,VIP,DOMINGO,FIM DE SEMANA,CHUVISCO LEVE,NOVEMBRO,0.0
3484,2022-11-06,2022,DISTRITO ANHEMBI,CAROLINE POLACHEK,GRANDES CASAS,AREA EXTERNA PARA EVENTOS,ART POP,67.0,659422.0,PRIMAVERA SOUND,42200.0,Cadeira Inferior,750.0,733.3333333333334,INTERMEDIARIO,DOMINGO,FIM DE SEMANA,CHUVISCO LEVE,NOVEMBRO,0.0
3485,2022-08-06,2022,AUDIO,MARINA SENA,MEDIAS CASAS,CASA DE SHOWS,BRAZILIAN POP,69.0,643993.0,False,3200.0,Pista,180.0,180.0,COMUM,SABADO,FIM DE SEMANA,NUBLADO,AGOSTO,45.0
3486,2023-05-05,2023,AUDIO,MARINA SENA,MEDIAS CASAS,CASA DE SHOWS,BRAZILIAN POP,69.0,643993.0,False,3200.0,Pista,180.0,240.0,COMUM,SEXTA-FEIRA,DIA UTIL,NUBLADO,MAIO,272.0
3487,2023-05-05,2023,AUDIO,MARINA SENA,MEDIAS CASAS,CASA DE SHOWS,BRAZILIAN POP,69.0,643993.0,False,3200.0,Mezanino ,300.0,240.0,INTERMEDIARIO,SEXTA-FEIRA,DIA UTIL,NUBLADO,MAIO,0.0
3488,2024-11-14,2024,AUDIO,MARINA SENA,MEDIAS CASAS,CASA DE SHOWS,BRAZILIAN POP,69.0,643993.0,False,3200.0,Pista,375.0,235.0,COMUM,QUINTA-FEIRA,DIA UTIL,CHUVISCO LEVE,NOVEMBRO,559.0
3489,2024-11-14,2024,AUDIO,MARINA SENA,MEDIAS CASAS,CASA DE SHOWS,BRAZILIAN POP,69.0,643993.0,False,3200.0,Cadeira Superior,95.0,235.0,INTERMEDIARIO,QUINTA-FEIRA,DIA UTIL,CHUVISCO LEVE,NOVEMBRO,0.0
3490,2022-03-27,2022,AUTODROMO DE INTERLAGOS,MARINA SENA,ARENAS E ESTADIOS,AREA EXTERNA PARA EVENTOS,BRAZILIAN POP,69.0,643993.0,LOLLAPALOOZA,98255.0,Lolla Pista,1050.0,1763.3333333333333,COMUM,DOMINGO,FIM DE SEMANA,CHUVA MODERADA,MARÇO,-963.0
3491,2022-03-27,2022,AUTODROMO DE INTERLAGOS,MARINA SENA,ARENAS E ESTADIOS,AREA EXTERNA PARA EVENTOS,BRAZILIAN POP,69.0,643993.0,LOLLAPALOOZA,98255.0,Lolla Lounge,2400.0,1763.3333333333333,LUXO,DOMINGO,FIM DE SEMANA,CHUVA MODERADA,MARÇO,0.0
3492,2022-03-27,2022,AUTODROMO DE INTERLAGOS,MARINA SENA,ARENAS E ESTADIOS,AREA EXTERNA PARA EVENTOS,BRAZILIAN POP,69.0,643993.0,LOLLAPALOOZA,98255.0,Lolla Confort,1840.0,1763.3333333333333,VIP,DOMINGO,FIM DE SEMANA,CHUVA MODERADA,MARÇO,0.0
3493,2023-09-10,2023,AUTODROMO DE INTERLAGOS,MARINA SENA,ARENAS E ESTADIOS,AREA EXTERNA PARA EVENTOS,BRAZILIAN POP,69.0,643993.0,THE TOWN,100000.0,Pista,815.0,815.0,COMUM,DOMINGO,FIM DE SEMANA,NUBLADO,SETEMBRO,532.0
3494,2023-12-03,2023,AUTODROMO DE INTERLAGOS,MARINA SENA,ARENAS E ESTADIOS,AREA EXTERNA PARA EVENTOS,BRAZILIAN POP,69.0,643993.0,False,50000.0,Pista,990.0,1495.0,COMUM,DOMINGO,FIM DE SEMANA,NUBLADO,DEZEMBRO,84.0
3495,2023-12-03,2023,AUTODROMO DE INTERLAGOS,MARINA SENA,ARENAS E ESTADIOS,AREA EXTERNA PARA EVENTOS,BRAZILIAN POP,69.0,643993.0,False,50000.0,Pista Premium,2000.0,1495.0,VIP,DOMINGO,FIM DE SEMANA,NUBLADO,DEZEMBRO,0.0
3496,2025-09-05,2025,MEMORIAL DA AMERICA LATINA,MARINA SENA,GRANDES CASAS,AREA EXTERNA PARA EVENTOS,BRAZILIAN POP,69.0,643993.0,COALA FESTIVAL,15000.0,Pista,360.0,360.0,COMUM,SEXTA-FEIRA,DIA UTIL,NUBLADO,SETEMBRO,642.0
3497,2023-06-10,2023,VALE DO ANHANGABAU,MARINA SENA,GRANDES CASAS,AREA EXTERNA PARA EVENTOS,BRAZILIAN POP,69.0,643993.0,False,20000.0,Pista,100.0,100.0,COMUM,SABADO,FIM DE SEMANA,CEU LIMPO,JUNHO,-818.0
3498,2025-04-26,2025,ESPACO UNIMED,MARINA SENA,MEDIAS CASAS,CASA DE SHOWS,BRAZILIAN POP,69.0,643993.0,False,7913.85,Pista,535.0,987.5,COMUM,SABADO,FIM DE SEMANA,CHUVISCO MODERADO,ABRIL,686.0
3499,2025-04-26,2025,ESPACO UNIMED,MARINA SENA,MEDIAS CASAS,CASA DE SHOWS,BRAZILIAN POP,69.0,643993.0,False,7913.85,Pista Premium,995.0,987.5,VIP,SABADO,FIM DE SEMANA,CHUVISCO MODERADO,ABRIL,0.0
3500,2025-04-26,2025,ESPACO UNIMED,MARINA SENA,MEDIAS CASAS,CASA DE SHOWS,BRAZILIAN POP,69.0,643993.0,False,7913.85,Camarote,1295.0,987.5,LUXO,SABADO,FIM DE SEMANA,CHUVISCO MODERADO,ABRIL,0.0
3501,2025-04-26,2025,ESPACO UNIMED,MARINA SENA,MEDIAS CASAS,CASA DE SHOWS,BRAZILIAN POP,69.0,643993.0,False,7913.85,Mezanino ,1125.0,987.5,INTERMEDIARIO,SABADO,FIM DE SEMANA,CHUVISCO MODERADO,ABRIL,0.0
3502,2022-03-26,2022,AUTODROMO DE INTERLAGOS,REMI WOLF,ARENAS E ESTADIOS,AREA EXTERNA PARA EVENTOS,0,62.0,632313.0,LOLLAPALOOZA,103000.0,Lolla Pista,1050.0,1763.3333333333333,COMUM,SABADO,FIM DE SEMANA,CHUVISCO LEVE,MARÇO,-728.0
3503,2022-03-26,2022,AUTODROMO DE INTERLAGOS,REMI WOLF,ARENAS E ESTADIOS,AREA EXTERNA PARA EVENTOS,0,62.0,632313.0,LOLLAPALOOZA,103000.0,Lolla Lounge,2400.0,1763.3333333333333,LUXO,SABADO,FIM DE SEMANA,CHUVISCO LEVE,MARÇO,0.0
3504,2022-03-26,2022,AUTODROMO DE INTERLAGOS,REMI WOLF,ARENAS E ESTADIOS,AREA EXTERNA PARA EVENTOS,0,62.0,632313.0,LOLLAPALOOZA,103000.0,Lolla Confort,1840.0,1763.3333333333333,VIP,SABADO,FIM DE SEMANA,CHUVISCO LEVE,MARÇO,0.0
3505,2024-03-22,2024,AUTODROMO DE INTERLAGOS,DOM DOLLA,ARENAS E ESTADIOS,AREA EXTERNA PARA EVENTOS,HOUSE,68.0,630138.0,LOLLAPALOOZA,80000.0,Lolla Pista,1100.0,1700.0,COMUM,SEXTA-FEIRA,DIA UTIL,CHUVISCO MODERADO,MARÇO,999.0
3506,2024-03-22,2024,AUTODROMO DE INTERLAGOS,DOM DOLLA,ARENAS E ESTADIOS,AREA EXTERNA PARA EVENTOS,HOUSE,68.0,630138.0,LOLLAPALOOZA,80000.0,Lolla Lounge,2250.0,1700.0,LUXO,SEXTA-FEIRA,DIA UTIL,CHUVISCO MODERADO,MARÇO,0.0
3507,2024-03-22,2024,AUTODROMO DE INTERLAGOS,DOM DOLLA,ARENAS E ESTADIOS,AREA EXTERNA PARA EVENTOS,HOUSE,68.0,630138.0,LOLLAPALOOZA,80000.0,Lolla Confort,1750.0,1700.0,VIP,SEXTA-FEIRA,DIA UTIL,CHUVISCO MODERADO,MARÇO,0.0
3508,2022-06-24,2022,AUDIO,FLORA MATOS,MEDIAS CASAS,CASA DE SHOWS,BRAZILIAN HIP HOP,60.0,629418.0,False,2900.0,Pista,60.0,60.0,COMUM,SEXTA-FEIRA,DIA UTIL,NUBLADO,JUNHO,-134.0
3509,2022-06-24,2022,AUDIO,FLORA MATOS,MEDIAS CASAS,CASA DE SHOWS,BRAZILIAN HIP HOP,60.0,629418.0,False,2900.0,Pista,60.0,60.0,COMUM,SEXTA-FEIRA,DIA UTIL,NUBLADO,JUNHO,0.0
3510,2023-09-16,2023,AUDIO,FLORA MATOS,MEDIAS CASAS,CASA DE SHOWS,BRAZILIAN HIP HOP,60.0,629418.0,False,2839.1304347826085,Pista,160.0,160.0,COMUM,SABADO,FIM DE SEMANA,NUBLADO,SETEMBRO,449.0
3511,2023-09-16,2023,AUDIO,FLORA MATOS,MEDIAS CASAS,CASA DE SHOWS,BRAZILIAN HIP HOP,60.0,629418.0,False,2839.1304347826085,Pista,160.0,160.0,COMUM,SABADO,FIM DE SEMANA,NUBLADO,SETEMBRO,0.0
3512,2025-10-17,2025,ESPACO UNIMED,TOQUINHO,MEDIAS CASAS,CASA DE SHOWS,BOSSA NOVA,62.0,614309.0,False,8000.0,Pista,220.0,365.0,COMUM,SEXTA-FEIRA,DIA UTIL,CHUVA MODERADA,OUTUBRO,999.0
3513,2025-10-17,2025,ESPACO UNIMED,TOQUINHO,MEDIAS CASAS,CASA DE SHOWS,BOSSA NOVA,62.0,614309.0,False,8000.0,Pista Premium,340.0,365.0,VIP,SEXTA-FEIRA,DIA UTIL,CHUVA MODERADA,OUTUBRO,0.0
3514,2025-10-17,2025,ESPACO UNIMED,TOQUINHO,MEDIAS CASAS,CASA DE SHOWS,BOSSA NOVA,62.0,614309.0,False,8000.0,Camarote,380.0,365.0,LUXO,SEXTA-FEIRA,DIA UTIL,CHUVA MODERADA,OUTUBRO,0.0
3515,2025-10-17,2025,ESPACO UNIMED,TOQUINHO,MEDIAS CASAS,CASA DE SHOWS,BOSSA NOVA,62.0,614309.0,False,8000.0,VIP I,520.0,365.0,VIP,SEXTA-FEIRA,DIA UTIL,CHUVA MODERADA,OUTUBRO,0.0
3516,2024-11-30,2024,ALLIANZ PARQUE,THE PLOT IN YOU,ARENAS E ESTADIOS,ESTADIO MULTIUSO,METALCORE,65.0,612911.0,False,46572.0,Pista,390.0,480.0,COMUM,SABADO,FIM DE SEMANA,CHUVISCO LEVE,NOVEMBRO,0.0
3517,2024-11-30,2024,ALLIANZ PARQUE,THE PLOT IN YOU,ARENAS E ESTADIOS,ESTADIO MULTIUSO,METALCORE,65.0,612911.0,False,46572.0,Pista Premium,790.0,480.0,VIP,SABADO,FIM DE SEMANA,CHUVISCO LEVE,NOVEMBRO,0.0
3518,2024-11-30,2024,ALLIANZ PARQUE,THE PLOT IN YOU,ARENAS E ESTADIOS,ESTADIO MULTIUSO,METALCORE,65.0,612911.0,False,46572.0,Cadeira Inferior,490.0,480.0,INTERMEDIARIO,SABADO,FIM DE SEMANA,CHUVISCO LEVE,NOVEMBRO,0.0
3519,2024-11-30,2024,ALLIANZ PARQUE,THE PLOT IN YOU,ARENAS E ESTADIOS,ESTADIO MULTIUSO,METALCORE,65.0,612911.0,False,46572.0,Cadeira Superior,250.0,480.0,INTERMEDIARIO,SABADO,FIM DE SEMANA,CHUVISCO LEVE,NOVEMBRO,0.0
3520,2023-03-24,2023,AUTODROMO DE INTERLAGOS,BLACK ALIEN,ARENAS E ESTADIOS,AREA EXTERNA PARA EVENTOS,BRAZILIAN HIP HOP,60.0,607694.0,LOLLAPALOOZA,103350.0,Lolla Pista,1100.0,1706.6666666666667,COMUM,SEXTA-FEIRA,DIA UTIL,CHUVISCO LEVE,MARÇO,-176.0
3521,2023-03-24,2023,AUTODROMO DE INTERLAGOS,BLACK ALIEN,ARENAS E ESTADIOS,AREA EXTERNA PARA EVENTOS,BRAZILIAN HIP HOP,60.0,607694.0,LOLLAPALOOZA,103350.0,Lolla Lounge,2250.0,1706.6666666666667,LUXO,SEXTA-FEIRA,DIA UTIL,CHUVISCO LEVE,MARÇO,0.0
3522,2023-03-24,2023,AUTODROMO DE INTERLAGOS,BLACK ALIEN,ARENAS E ESTADIOS,AREA EXTERNA PARA EVENTOS,BRAZILIAN HIP HOP,60.0,607694.0,LOLLAPALOOZA,103350.0,Lolla Confort,1770.0,1706.6666666666667,VIP,SEXTA-FEIRA,DIA UTIL,CHUVISCO LEVE,MARÇO,0.0
3523,2025-09-06,2025,MEMORIAL DA AMERICA LATINA,BLACK ALIEN,GRANDES CASAS,AREA EXTERNA PARA EVENTOS,BRAZILIAN HIP HOP,60.0,607694.0,COALA FESTIVAL,10000.0,Pista,280.0,280.0,COMUM,SABADO,FIM DE SEMANA,CHUVISCO LEVE,SETEMBRO,897.0
3524,2023-03-24,2023,AUTODROMO DE INTERLAGOS,JOHN SUMMIT,ARENAS E ESTADIOS,AREA EXTERNA PARA EVENTOS,HOUSE,74.0,605759.0,LOLLAPALOOZA,103350.0,Lolla Pista,1100.0,1706.6666666666667,COMUM,SEXTA-FEIRA,DIA UTIL,CHUVISCO LEVE,MARÇO,-364.0
3525,2023-03-24,2023,AUTODROMO DE INTERLAGOS,JOHN SUMMIT,ARENAS E ESTADIOS,AREA EXTERNA PARA EVENTOS,HOUSE,74.0,605759.0,LOLLAPALOOZA,103350.0,Lolla Lounge,2250.0,1706.6666666666667,LUXO,SEXTA-FEIRA,DIA UTIL,CHUVISCO LEVE,MARÇO,0.0
3526,2023-03-24,2023,AUTODROMO DE INTERLAGOS,JOHN SUMMIT,ARENAS E ESTADIOS,AREA EXTERNA PARA EVENTOS,HOUSE,74.0,605759.0,LOLLAPALOOZA,103350.0,Lolla Confort,1770.0,1706.6666666666667,VIP,SEXTA-FEIRA,DIA UTIL,CHUVISCO LEVE,MARÇO,0.0
3527,2023-04-22,2023,VALE DO ANHANGABAU,VINI VICI,GRANDES CASAS,AREA EXTERNA PARA EVENTOS,PSYTRANCE,61.0,592591.0,ULTRA BRASIL,20000.0,Pista,750.0,1125.0,COMUM,SABADO,FIM DE SEMANA,NUBLADO,ABRIL,999.0
3528,2023-04-22,2023,VALE DO ANHANGABAU,VINI VICI,GRANDES CASAS,AREA EXTERNA PARA EVENTOS,PSYTRANCE,61.0,592591.0,ULTRA BRASIL,20000.0,Pista Premium,1500.0,1125.0,VIP,SABADO,FIM DE SEMANA,NUBLADO,ABRIL,0.0
3529,2023-03-24,2023,AUTODROMO DE INTERLAGOS,CLAPTONE,ARENAS E ESTADIOS,AREA EXTERNA PARA EVENTOS,0,62.0,578118.0,LOLLAPALOOZA,103350.0,Lolla Pista,1100.0,1706.6666666666667,COMUM,SEXTA-FEIRA,DIA UTIL,CHUVISCO LEVE,MARÇO,363.0
3530,2023-03-24,2023,AUTODROMO DE INTERLAGOS,CLAPTONE,ARENAS E ESTADIOS,AREA EXTERNA PARA EVENTOS,0,62.0,578118.0,LOLLAPALOOZA,103350.0,Lolla Lounge,2250.0,1706.6666666666667,LUXO,SEXTA-FEIRA,DIA UTIL,CHUVISCO LEVE,MARÇO,0.0
3531,2023-03-24,2023,AUTODROMO DE INTERLAGOS,CLAPTONE,ARENAS E ESTADIOS,AREA EXTERNA PARA EVENTOS,0,62.0,578118.0,LOLLAPALOOZA,103350.0,Lolla Confort,1770.0,1706.6666666666667,VIP,SEXTA-FEIRA,DIA UTIL,CHUVISCO LEVE,MARÇO,0.0
3532,2022-08-19,2022,NEO QUIMICA ARENA,PAPATINHO,ARENAS E ESTADIOS,ESTADIO MULTIUSO,BRAZILIAN HIP HOP,61.0,577708.0,False,50000.0,Pista,120.0,160.0,COMUM,SEXTA-FEIRA,DIA UTIL,CHUVISCO MODERADO,AGOSTO,-1114.0
3533,2022-08-19,2022,NEO QUIMICA ARENA,PAPATINHO,ARENAS E ESTADIOS,ESTADIO MULTIUSO,BRAZILIAN HIP HOP,61.0,577708.0,False,50000.0,Pista Premium,200.0,160.0,VIP,SEXTA-FEIRA,DIA UTIL,CHUVISCO MODERADO,AGOSTO,0.0
3534,2024-11-23,2024,ALLIANZ PARQUE,LINIKER,ARENAS E ESTADIOS,ESTADIO MULTIUSO,NOVA MPB,65.0,561879.0,False,17720.0,Pista,480.0,574.0,COMUM,SABADO,FIM DE SEMANA,CHUVISCO MODERADO,NOVEMBRO,-343.0
3535,2024-11-23,2024,ALLIANZ PARQUE,LINIKER,ARENAS E ESTADIOS,ESTADIO MULTIUSO,NOVA MPB,65.0,561879.0,False,17720.0,Pista Premium,850.0,574.0,VIP,SABADO,FIM DE SEMANA,CHUVISCO MODERADO,NOVEMBRO,0.0
3536,2024-11-23,2024,ALLIANZ PARQUE,LINIKER,ARENAS E ESTADIOS,ESTADIO MULTIUSO,NOVA MPB,65.0,561879.0,False,17720.0,Cadeira Inferior,680.0,574.0,INTERMEDIARIO,SABADO,FIM DE SEMANA,CHUVISCO MODERADO,NOVEMBRO,0.0
3537,2024-11-23,2024,ALLIANZ PARQUE,LINIKER,ARENAS E ESTADIOS,ESTADIO MULTIUSO,NOVA MPB,65.0,561879.0,False,17720.0,Cadeira Inferior Visão Parcial,480.0,574.0,COMUM,SABADO,FIM DE SEMANA,CHUVISCO MODERADO,NOVEMBRO,0.0
3538,2024-11-23,2024,ALLIANZ PARQUE,LINIKER,ARENAS E ESTADIOS,ESTADIO MULTIUSO,NOVA MPB,65.0,561879.0,False,17720.0,Cadeira Superior,380.0,574.0,INTERMEDIARIO,SABADO,FIM DE SEMANA,CHUVISCO MODERADO,NOVEMBRO,0.0
3539,2024-11-23,2024,ALLIANZ PARQUE,LINIKER,ARENAS E ESTADIOS,ESTADIO MULTIUSO,NOVA MPB,65.0,561879.0,False,17720.0,Pista,480.0,574.0,COMUM,SABADO,FIM DE SEMANA,CHUVISCO MODERADO,NOVEMBRO,0.0
3540,2022-09-16,2022,MEMORIAL DA AMERICA LATINA,LINIKER,GRANDES CASAS,AREA EXTERNA PARA EVENTOS,NOVA MPB,65.0,561879.0,COALA FESTIVAL,6500.0,Pista,295.0,558.0,COMUM,SEXTA-FEIRA,DIA UTIL,CHUVISCO LEVE,SETEMBRO,-799.0
3541,2022-09-16,2022,MEMORIAL DA AMERICA LATINA,LINIKER,GRANDES CASAS,AREA EXTERNA PARA EVENTOS,NOVA MPB,65.0,561879.0,COALA FESTIVAL,6500.0,Pista Premium,595.0,558.0,VIP,SEXTA-FEIRA,DIA UTIL,CHUVISCO LEVE,SETEMBRO,0.0
3542,2022-09-16,2022,MEMORIAL DA AMERICA LATINA,LINIKER,GRANDES CASAS,AREA EXTERNA PARA EVENTOS,NOVA MPB,65.0,561879.0,COALA FESTIVAL,6500.0,Cadeira Inferior,520.0,558.0,INTERMEDIARIO,SEXTA-FEIRA,DIA UTIL,CHUVISCO LEVE,SETEMBRO,0.0
3543,2022-09-16,2022,MEMORIAL DA AMERICA LATINA,LINIKER,GRANDES CASAS,AREA EXTERNA PARA EVENTOS,NOVA MPB,65.0,561879.0,COALA FESTIVAL,6500.0,Cadeira Superior,210.0,558.0,INTERMEDIARIO,SEXTA-FEIRA,DIA UTIL,CHUVISCO LEVE,SETEMBRO,0.0
3544,2022-09-16,2022,MEMORIAL DA AMERICA LATINA,LINIKER,GRANDES CASAS,AREA EXTERNA PARA EVENTOS,NOVA MPB,65.0,561879.0,COALA FESTIVAL,6500.0,VIP I,1170.0,558.0,VIP,SEXTA-FEIRA,DIA UTIL,CHUVISCO LEVE,SETEMBRO,0.0
3545,2022-09-16,2022,MEMORIAL DA AMERICA LATINA,LINIKER,GRANDES CASAS,AREA EXTERNA PARA EVENTOS,NOVA MPB,65.0,561879.0,COALA FESTIVAL,6500.0,Pista,295.0,558.0,COMUM,SEXTA-FEIRA,DIA UTIL,CHUVISCO LEVE,SETEMBRO,0.0
3546,2025-09-05,2025,MEMORIAL DA AMERICA LATINA,LINIKER,GRANDES CASAS,AREA EXTERNA PARA EVENTOS,NOVA MPB,65.0,561879.0,COALA FESTIVAL,15000.0,Pista,360.0,360.0,COMUM,SEXTA-FEIRA,DIA UTIL,NUBLADO,SETEMBRO,1085.0
3547,2025-09-05,2025,MEMORIAL DA AMERICA LATINA,LINIKER,GRANDES CASAS,AREA EXTERNA PARA EVENTOS,NOVA MPB,65.0,561879.0,COALA FESTIVAL,15000.0,Pista,360.0,360.0,COMUM,SEXTA-FEIRA,DIA UTIL,NUBLADO,SETEMBRO,0.0
3548,2023-06-10,2023,VALE DO ANHANGABAU,LINIKER,GRANDES CASAS,AREA EXTERNA PARA EVENTOS,NOVA MPB,65.0,561879.0,False,20000.0,Pista,100.0,100.0,COMUM,SABADO,FIM DE SEMANA,CEU LIMPO,JUNHO,-818.0
3549,2023-06-10,2023,VALE DO ANHANGABAU,LINIKER,GRANDES CASAS,AREA EXTERNA PARA EVENTOS,NOVA MPB,65.0,561879.0,False,20000.0,Pista,100.0,100.0,COMUM,SABADO,FIM DE SEMANA,CEU LIMPO,JUNHO,0.0
3550,2024-11-08,2024,ESPACO UNIMED,LINIKER,MEDIAS CASAS,CASA DE SHOWS,NOVA MPB,65.0,561879.0,False,8000.0,Pista,300.0,300.0,COMUM,SEXTA-FEIRA,DIA UTIL,CHUVA MODERADA,NOVEMBRO,517.0
3551,2024-11-08,2024,ESPACO UNIMED,LINIKER,MEDIAS CASAS,CASA DE SHOWS,NOVA MPB,65.0,561879.0,False,8000.0,Pista,300.0,300.0,COMUM,SEXTA-FEIRA,DIA UTIL,CHUVA MODERADA,NOVEMBRO,0.0
3552,2024-11-13,2024,ESPACO UNIMED,LINIKER,MEDIAS CASAS,CASA DE SHOWS,NOVA MPB,65.0,561879.0,False,8000.0,Pista,300.0,300.0,COMUM,QUARTA-FEIRA,DIA UTIL,CHUVA MODERADA,NOVEMBRO,5.0
3553,2024-11-13,2024,ESPACO UNIMED,LINIKER,MEDIAS CASAS,CASA DE SHOWS,NOVA MPB,65.0,561879.0,False,8000.0,Pista,300.0,300.0,COMUM,QUARTA-FEIRA,DIA UTIL,CHUVA MODERADA,NOVEMBRO,0.0
3554,2024-11-19,2024,ESPACO UNIMED,LINIKER,MEDIAS CASAS,CASA DE SHOWS,NOVA MPB,65.0,561879.0,False,8000.0,Pista,300.0,300.0,COMUM,TERCA-FEIRA,DIA UTIL,NUBLADO,NOVEMBRO,6.0
3555,2024-11-19,2024,ESPACO UNIMED,LINIKER,MEDIAS CASAS,CASA DE SHOWS,NOVA MPB,65.0,561879.0,False,8000.0,Pista,300.0,300.0,COMUM,TERCA-FEIRA,DIA UTIL,NUBLADO,NOVEMBRO,0.0
3556,2025-03-16,2025,VIBRA SAO PAULO,LINIKER,MEDIAS CASAS,TEATRO E CASA DE ESPETACULOS,NOVA MPB,65.0,561879.0,False,6800.0,Pista,350.0,425.0,COMUM,DOMINGO,FIM DE SEMANA,CHUVA FORTE,MARÇO,117.0
3557,2025-03-16,2025,VIBRA SAO PAULO,LINIKER,MEDIAS CASAS,TEATRO E CASA DE ESPETACULOS,NOVA MPB,65.0,561879.0,False,6800.0,Pista Premium,500.0,425.0,VIP,DOMINGO,FIM DE SEMANA,CHUVA FORTE,MARÇO,0.0
3558,2025-03-16,2025,VIBRA SAO PAULO,LINIKER,MEDIAS CASAS,TEATRO E CASA DE ESPETACULOS,NOVA MPB,65.0,561879.0,False,6800.0,Pista,350.0,425.0,COMUM,DOMINGO,FIM DE SEMANA,CHUVA FORTE,MARÇO,0.0
3559,2022-11-05,2022,DISTRITO ANHEMBI,LINIKER,GRANDES CASAS,AREA EXTERNA PARA EVENTOS,NOVA MPB,65.0,561879.0,PRIMAVERA SOUND,45000.0,Pista,560.0,733.3333333333334,COMUM,SABADO,FIM DE SEMANA,CHUVISCO LEVE,NOVEMBRO,-862.0
3560,2022-11-05,2022,DISTRITO ANHEMBI,LINIKER,GRANDES CASAS,AREA EXTERNA PARA EVENTOS,NOVA MPB,65.0,561879.0,PRIMAVERA SOUND,45000.0,Pista Premium,890.0,733.3333333333334,VIP,SABADO,FIM DE SEMANA,CHUVISCO LEVE,NOVEMBRO,0.0
3561,2022-11-05,2022,DISTRITO ANHEMBI,LINIKER,GRANDES CASAS,AREA EXTERNA PARA EVENTOS,NOVA MPB,65.0,561879.0,PRIMAVERA SOUND,45000.0,Cadeira Inferior,750.0,733.3333333333334,INTERMEDIARIO,SABADO,FIM DE SEMANA,CHUVISCO LEVE,NOVEMBRO,0.0
3562,2022-11-05,2022,DISTRITO ANHEMBI,LINIKER,GRANDES CASAS,AREA EXTERNA PARA EVENTOS,NOVA MPB,65.0,561879.0,PRIMAVERA SOUND,45000.0,Pista,560.0,733.3333333333334,COMUM,SABADO,FIM DE SEMANA,CHUVISCO LEVE,NOVEMBRO,0.0
3563,2025-09-12,2025,AUTODROMO DE INTERLAGOS,DUQUESA,ARENAS E ESTADIOS,AREA EXTERNA PARA EVENTOS,0,67.0,556480.0,THE TOWN,75000.0,Pista,975.0,975.0,COMUM,SEXTA-FEIRA,DIA UTIL,NUBLADO,SETEMBRO,903.0
3564,2025-09-17,2025,AUDIO,CA7RIEL & PACO AMOROSO,MEDIAS CASAS,CASA DE SHOWS,0,70.0,555100.0,False,3200.0,Pista,180.0,180.0,COMUM,QUARTA-FEIRA,DIA UTIL,CHUVISCO LEVE,SETEMBRO,5.0
3565,2025-03-30,2025,AUTODROMO DE INTERLAGOS,CA7RIEL & PACO AMOROSO,ARENAS E ESTADIOS,AREA EXTERNA PARA EVENTOS,0,70.0,555100.0,LOLLAPALOOZA,80000.0,Lolla Pista,1050.0,1678.1666666666667,COMUM,DOMINGO,FIM DE SEMANA,CHUVISCO LEVE,MARÇO,-171.0
3566,2025-03-30,2025,AUTODROMO DE INTERLAGOS,CA7RIEL & PACO AMOROSO,ARENAS E ESTADIOS,AREA EXTERNA PARA EVENTOS,0,70.0,555100.0,LOLLAPALOOZA,80000.0,Lolla Lounge,2310.0,1678.1666666666667,LUXO,DOMINGO,FIM DE SEMANA,CHUVISCO LEVE,MARÇO,0.0
3567,2025-03-30,2025,AUTODROMO DE INTERLAGOS,CA7RIEL & PACO AMOROSO,ARENAS E ESTADIOS,AREA EXTERNA PARA EVENTOS,0,70.0,555100.0,LOLLAPALOOZA,80000.0,Lolla Confort,1674.5,1678.1666666666667,VIP,DOMINGO,FIM DE SEMANA,CHUVISCO LEVE,MARÇO,0.0
3568,2025-09-30,2025,ALLIANZ PARQUE,CA7RIEL & PACO AMOROSO,ARENAS E ESTADIOS,ESTADIO MULTIUSO,0,70.0,555100.0,False,55000.0,Pista,590.0,757.5,COMUM,TERCA-FEIRA,DIA UTIL,NUBLADO,SETEMBRO,184.0
3569,2025-09-30,2025,ALLIANZ PARQUE,CA7RIEL & PACO AMOROSO,ARENAS E ESTADIOS,ESTADIO MULTIUSO,0,70.0,555100.0,False,55000.0,Pista Premium,990.0,757.5,VIP,TERCA-FEIRA,DIA UTIL,NUBLADO,SETEMBRO,0.0
3570,2025-09-30,2025,ALLIANZ PARQUE,CA7RIEL & PACO AMOROSO,ARENAS E ESTADIOS,ESTADIO MULTIUSO,0,70.0,555100.0,False,55000.0,Cadeira Inferior,890.0,757.5,INTERMEDIARIO,TERCA-FEIRA,DIA UTIL,NUBLADO,SETEMBRO,0.0
3571,2025-09-30,2025,ALLIANZ PARQUE,CA7RIEL & PACO AMOROSO,ARENAS E ESTADIOS,ESTADIO MULTIUSO,0,70.0,555100.0,False,55000.0,Cadeira Superior,560.0,757.5,INTERMEDIARIO,TERCA-FEIRA,DIA UTIL,NUBLADO,SETEMBRO,0.0
3572,2024-05-11,2024,ALLIANZ PARQUE,GIANT ROOKS,ARENAS E ESTADIOS,ESTADIO MULTIUSO,GERMAN INDIE,61.0,526638.0,False,16406.0,Pista,460.0,630.0,COMUM,SABADO,FIM DE SEMANA,NUBLADO,MAIO,999.0
3573,2024-05-11,2024,ALLIANZ PARQUE,GIANT ROOKS,ARENAS E ESTADIOS,ESTADIO MULTIUSO,GERMAN INDIE,61.0,526638.0,False,16406.0,Pista Premium,820.0,630.0,VIP,SABADO,FIM DE SEMANA,NUBLADO,MAIO,0.0
3574,2024-05-11,2024,ALLIANZ PARQUE,GIANT ROOKS,ARENAS E ESTADIOS,ESTADIO MULTIUSO,GERMAN INDIE,61.0,526638.0,False,16406.0,Camarote,1000.0,630.0,LUXO,SABADO,FIM DE SEMANA,NUBLADO,MAIO,0.0
3575,2024-05-11,2024,ALLIANZ PARQUE,GIANT ROOKS,ARENAS E ESTADIOS,ESTADIO MULTIUSO,GERMAN INDIE,61.0,526638.0,False,16406.0,Cadeira Inferior,550.0,630.0,INTERMEDIARIO,SABADO,FIM DE SEMANA,NUBLADO,MAIO,0.0
3576,2024-05-11,2024,ALLIANZ PARQUE,GIANT ROOKS,ARENAS E ESTADIOS,ESTADIO MULTIUSO,GERMAN INDIE,61.0,526638.0,False,16406.0,Cadeira Superior,320.0,630.0,INTERMEDIARIO,SABADO,FIM DE SEMANA,NUBLADO,MAIO,0.0
3577,2023-03-24,2023,AUTODROMO DE INTERLAGOS,GORGON CITY,ARENAS E ESTADIOS,AREA EXTERNA PARA EVENTOS,HOUSE,61.0,523529.0,LOLLAPALOOZA,103350.0,Lolla Pista,1100.0,1706.6666666666667,COMUM,SEXTA-FEIRA,DIA UTIL,CHUVISCO LEVE,MARÇO,0.0
3578,2023-03-24,2023,AUTODROMO DE INTERLAGOS,GORGON CITY,ARENAS E ESTADIOS,AREA EXTERNA PARA EVENTOS,HOUSE,61.0,523529.0,LOLLAPALOOZA,103350.0,Lolla Lounge,2250.0,1706.6666666666667,LUXO,SEXTA-FEIRA,DIA UTIL,CHUVISCO LEVE,MARÇO,0.0
3579,2023-03-24,2023,AUTODROMO DE INTERLAGOS,GORGON CITY,ARENAS E ESTADIOS,AREA EXTERNA PARA EVENTOS,HOUSE,61.0,523529.0,LOLLAPALOOZA,103350.0,Lolla Confort,1770.0,1706.6666666666667,VIP,SEXTA-FEIRA,DIA UTIL,CHUVISCO LEVE,MARÇO,0.0
3580,2023-04-20,2023,ESPACO UNIMED,FALAMANSA,MEDIAS CASAS,CASA DE SHOWS,FORRO,61.0,519188.0,False,7200.0,Pista,380.0,726.6666666666666,COMUM,QUINTA-FEIRA,DIA UTIL,NUBLADO,ABRIL,-576.0
3581,2023-04-20,2023,ESPACO UNIMED,FALAMANSA,MEDIAS CASAS,CASA DE SHOWS,FORRO,61.0,519188.0,False,7200.0,Pista Premium,600.0,726.6666666666666,VIP,QUINTA-FEIRA,DIA UTIL,NUBLADO,ABRIL,0.0
3582,2023-04-20,2023,ESPACO UNIMED,FALAMANSA,MEDIAS CASAS,CASA DE SHOWS,FORRO,61.0,519188.0,False,7200.0,Camarote,1200.0,726.6666666666666,LUXO,QUINTA-FEIRA,DIA UTIL,NUBLADO,ABRIL,0.0
3583,2024-03-22,2024,AUTODROMO DE INTERLAGOS,LOURENA,ARENAS E ESTADIOS,AREA EXTERNA PARA EVENTOS,BRAZILIAN HIP HOP,63.0,511162.0,LOLLAPALOOZA,80000.0,Lolla Pista,1100.0,1700.0,COMUM,SEXTA-FEIRA,DIA UTIL,CHUVISCO MODERADO,MARÇO,581.0
3584,2024-03-22,2024,AUTODROMO DE INTERLAGOS,LOURENA,ARENAS E ESTADIOS,AREA EXTERNA PARA EVENTOS,BRAZILIAN HIP HOP,63.0,511162.0,LOLLAPALOOZA,80000.0,Lolla Lounge,2250.0,1700.0,LUXO,SEXTA-FEIRA,DIA UTIL,CHUVISCO MODERADO,MARÇO,0.0
3585,2024-03-22,2024,AUTODROMO DE INTERLAGOS,LOURENA,ARENAS E ESTADIOS,AREA EXTERNA PARA EVENTOS,BRAZILIAN HIP HOP,63.0,511162.0,LOLLAPALOOZA,80000.0,Lolla Confort,1750.0,1700.0,VIP,SEXTA-FEIRA,DIA UTIL,CHUVISCO MODERADO,MARÇO,0.0
3586,2024-03-22,2024,AUTODROMO DE INTERLAGOS,LOURENA,ARENAS E ESTADIOS,AREA EXTERNA PARA EVENTOS,BRAZILIAN HIP HOP,63.0,511162.0,LOLLAPALOOZA,80000.0,Lolla Pista,1100.0,1700.0,COMUM,SEXTA-FEIRA,DIA UTIL,CHUVISCO MODERADO,MARÇO,0.0
3587,2023-05-06,2023,DISTRITO ANHEMBI,LOURENA,GRANDES CASAS,AREA EXTERNA PARA EVENTOS,BRAZILIAN HIP HOP,63.0,511162.0,False,40000.0,Pista,200.0,250.0,COMUM,SABADO,FIM DE SEMANA,NUBLADO,MAIO,-321.0
3588,2023-05-06,2023,DISTRITO ANHEMBI,LOURENA,GRANDES CASAS,AREA EXTERNA PARA EVENTOS,BRAZILIAN HIP HOP,63.0,511162.0,False,40000.0,Pista Premium,300.0,250.0,VIP,SABADO,FIM DE SEMANA,NUBLADO,MAIO,0.0
3589,2023-05-06,2023,DISTRITO ANHEMBI,LOURENA,GRANDES CASAS,AREA EXTERNA PARA EVENTOS,BRAZILIAN HIP HOP,63.0,511162.0,False,40000.0,Pista,200.0,250.0,COMUM,SABADO,FIM DE SEMANA,NUBLADO,MAIO,0.0
3590,2023-03-26,2023,AUTODROMO DE INTERLAGOS,DUBDOGZ,ARENAS E ESTADIOS,AREA EXTERNA PARA EVENTOS,BRAZILIAN BASS,65.0,506082.0,LOLLAPALOOZA,100750.0,Lolla Pista,1100.0,1706.6666666666667,COMUM,DOMINGO,FIM DE SEMANA,CHUVISCO MODERADO,MARÇO,-636.0
3591,2023-03-26,2023,AUTODROMO DE INTERLAGOS,DUBDOGZ,ARENAS E ESTADIOS,AREA EXTERNA PARA EVENTOS,BRAZILIAN BASS,65.0,506082.0,LOLLAPALOOZA,100750.0,Lolla Lounge,2250.0,1706.6666666666667,LUXO,DOMINGO,FIM DE SEMANA,CHUVISCO MODERADO,MARÇO,0.0
3592,2023-03-26,2023,AUTODROMO DE INTERLAGOS,DUBDOGZ,ARENAS E ESTADIOS,AREA EXTERNA PARA EVENTOS,BRAZILIAN BASS,65.0,506082.0,LOLLAPALOOZA,100750.0,Lolla Confort,1770.0,1706.6666666666667,VIP,DOMINGO,FIM DE SEMANA,CHUVISCO MODERADO,MARÇO,0.0
3593,2025-09-12,2025,AUTODROMO DE INTERLAGOS,DUBDOGZ,ARENAS E ESTADIOS,AREA EXTERNA PARA EVENTOS,BRAZILIAN BASS,65.0,506082.0,THE TOWN,75000.0,Pista,975.0,975.0,COMUM,SEXTA-FEIRA,DIA UTIL,NUBLADO,SETEMBRO,901.0
3594,2023-02-04,2023,ALLIANZ PARQUE,DUBDOGZ,ARENAS E ESTADIOS,ESTADIO MULTIUSO,BRAZILIAN BASS,65.0,506082.0,False,20000.0,Pista,150.0,210.0,COMUM,SABADO,FIM DE SEMANA,CHUVA LEVE,FEVEREIRO,-951.0
3595,2023-02-04,2023,ALLIANZ PARQUE,DUBDOGZ,ARENAS E ESTADIOS,ESTADIO MULTIUSO,BRAZILIAN BASS,65.0,506082.0,False,20000.0,Pista Premium,190.0,210.0,VIP,SABADO,FIM DE SEMANA,CHUVA LEVE,FEVEREIRO,0.0
3596,2023-02-04,2023,ALLIANZ PARQUE,DUBDOGZ,ARENAS E ESTADIOS,ESTADIO MULTIUSO,BRAZILIAN BASS,65.0,506082.0,False,20000.0,Camarote,290.0,210.0,LUXO,SABADO,FIM DE SEMANA,CHUVA LEVE,FEVEREIRO,0.0
3597,2023-09-02,2023,AUTODROMO DE INTERLAGOS,TASHA & TRACIE,ARENAS E ESTADIOS,AREA EXTERNA PARA EVENTOS,BRAZILIAN HIP HOP,61.0,501543.0,THE TOWN,100000.0,Pista,815.0,815.0,COMUM,SABADO,FIM DE SEMANA,CHUVA LEVE,SETEMBRO,119.0
3598,2025-09-06,2025,AUTODROMO DE INTERLAGOS,TASHA & TRACIE,ARENAS E ESTADIOS,AREA EXTERNA PARA EVENTOS,BRAZILIAN HIP HOP,61.0,501543.0,THE TOWN,100000.0,Pista,975.0,975.0,COMUM,SABADO,FIM DE SEMANA,CHUVISCO LEVE,SETEMBRO,735.0
3599,2023-11-05,2023,ALLIANZ PARQUE,TASHA & TRACIE,ARENAS E ESTADIOS,ESTADIO MULTIUSO,BRAZILIAN HIP HOP,61.0,501543.0,False,40000.0,Pista,820.0,820.0,COMUM,DOMINGO,FIM DE SEMANA,NUBLADO,NOVEMBRO,-671.0
3600,2022-09-16,2022,MEMORIAL DA AMERICA LATINA,TASHA & TRACIE,GRANDES CASAS,AREA EXTERNA PARA EVENTOS,BRAZILIAN HIP HOP,61.0,501543.0,COALA FESTIVAL,6500.0,Pista,295.0,558.0,COMUM,SEXTA-FEIRA,DIA UTIL,CHUVISCO LEVE,SETEMBRO,-415.0
3601,2022-09-16,2022,MEMORIAL DA AMERICA LATINA,TASHA & TRACIE,GRANDES CASAS,AREA EXTERNA PARA EVENTOS,BRAZILIAN HIP HOP,61.0,501543.0,COALA FESTIVAL,6500.0,Pista Premium,595.0,558.0,VIP,SEXTA-FEIRA,DIA UTIL,CHUVISCO LEVE,SETEMBRO,0.0
3602,2022-09-16,2022,MEMORIAL DA AMERICA LATINA,TASHA & TRACIE,GRANDES CASAS,AREA EXTERNA PARA EVENTOS,BRAZILIAN HIP HOP,61.0,501543.0,COALA FESTIVAL,6500.0,Cadeira Inferior,520.0,558.0,INTERMEDIARIO,SEXTA-FEIRA,DIA UTIL,CHUVISCO LEVE,SETEMBRO,0.0
3603,2022-09-16,2022,MEMORIAL DA AMERICA LATINA,TASHA & TRACIE,GRANDES CASAS,AREA EXTERNA PARA EVENTOS,BRAZILIAN HIP HOP,61.0,501543.0,COALA FESTIVAL,6500.0,Cadeira Superior,210.0,558.0,INTERMEDIARIO,SEXTA-FEIRA,DIA UTIL,CHUVISCO LEVE,SETEMBRO,0.0
3604,2022-09-16,2022,MEMORIAL DA AMERICA LATINA,TASHA & TRACIE,GRANDES CASAS,AREA EXTERNA PARA EVENTOS,BRAZILIAN HIP HOP,61.0,501543.0,COALA FESTIVAL,6500.0,VIP I,1170.0,558.0,VIP,SEXTA-FEIRA,DIA UTIL,CHUVISCO LEVE,SETEMBRO,0.0
3605,2022-06-19,2022,SAMBODROMO DO ANHEMBI,TASHA & TRACIE,ARENAS E ESTADIOS,AREA EXTERNA PARA EVENTOS,BRAZILIAN HIP HOP,61.0,501543.0,False,42000.0,Pista,440.0,440.0,COMUM,DOMINGO,FIM DE SEMANA,CHUVISCO LEVE,JUNHO,-89.0
3606,2023-04-02,2023,ESPACO UNIMED,TASHA & TRACIE,MEDIAS CASAS,CASA DE SHOWS,BRAZILIAN HIP HOP,61.0,501543.0,False,7500.0,Pista,440.0,540.0,COMUM,DOMINGO,FIM DE SEMANA,CHUVISCO LEVE,ABRIL,287.0
3607,2023-04-02,2023,ESPACO UNIMED,TASHA & TRACIE,MEDIAS CASAS,CASA DE SHOWS,BRAZILIAN HIP HOP,61.0,501543.0,False,7500.0,Pista Premium,640.0,540.0,VIP,DOMINGO,FIM DE SEMANA,CHUVISCO LEVE,ABRIL,0.0
3608,2022-11-05,2022,DISTRITO ANHEMBI,TASHA & TRACIE,GRANDES CASAS,AREA EXTERNA PARA EVENTOS,BRAZILIAN HIP HOP,61.0,501543.0,PRIMAVERA SOUND,45000.0,Pista,560.0,733.3333333333334,COMUM,SABADO,FIM DE SEMANA,CHUVISCO LEVE,NOVEMBRO,-148.0
3609,2022-11-05,2022,DISTRITO ANHEMBI,TASHA & TRACIE,GRANDES CASAS,AREA EXTERNA PARA EVENTOS,BRAZILIAN HIP HOP,61.0,501543.0,PRIMAVERA SOUND,45000.0,Pista Premium,890.0,733.3333333333334,VIP,SABADO,FIM DE SEMANA,CHUVISCO LEVE,NOVEMBRO,0.0
3610,2022-11-05,2022,DISTRITO ANHEMBI,TASHA & TRACIE,GRANDES CASAS,AREA EXTERNA PARA EVENTOS,BRAZILIAN HIP HOP,61.0,501543.0,PRIMAVERA SOUND,45000.0,Cadeira Inferior,750.0,733.3333333333334,INTERMEDIARIO,SABADO,FIM DE SEMANA,CHUVISCO LEVE,NOVEMBRO,0.0
3611,2023-05-06,2023,DISTRITO ANHEMBI,TASHA & TRACIE,GRANDES CASAS,AREA EXTERNA PARA EVENTOS,BRAZILIAN HIP HOP,61.0,501543.0,False,40000.0,Pista,200.0,250.0,COMUM,SABADO,FIM DE SEMANA,NUBLADO,MAIO,182.0
3612,2023-05-06,2023,DISTRITO ANHEMBI,TASHA & TRACIE,GRANDES CASAS,AREA EXTERNA PARA EVENTOS,BRAZILIAN HIP HOP,61.0,501543.0,False,40000.0,Pista Premium,300.0,250.0,VIP,SABADO,FIM DE SEMANA,NUBLADO,MAIO,0.0
3613,2025-03-28,2025,AUTODROMO DE INTERLAGOS,JAMES HYPE,ARENAS E ESTADIOS,AREA EXTERNA PARA EVENTOS,HOUSE,70.0,499294.0,LOLLAPALOOZA,80000.0,Lolla Pista,1050.0,1678.1666666666667,COMUM,SEXTA-FEIRA,DIA UTIL,CHUVA LEVE,MARÇO,735.0
3614,2025-03-28,2025,AUTODROMO DE INTERLAGOS,JAMES HYPE,ARENAS E ESTADIOS,AREA EXTERNA PARA EVENTOS,HOUSE,70.0,499294.0,LOLLAPALOOZA,80000.0,Lolla Lounge,2310.0,1678.1666666666667,LUXO,SEXTA-FEIRA,DIA UTIL,CHUVA LEVE,MARÇO,0.0
3615,2025-03-28,2025,AUTODROMO DE INTERLAGOS,JAMES HYPE,ARENAS E ESTADIOS,AREA EXTERNA PARA EVENTOS,HOUSE,70.0,499294.0,LOLLAPALOOZA,80000.0,Lolla Confort,1674.5,1678.1666666666667,VIP,SEXTA-FEIRA,DIA UTIL,CHUVA LEVE,MARÇO,0.0
3616,2023-12-17,2023,AUDIO,CAROL BIAZIN,MEDIAS CASAS,CASA DE SHOWS,BRAZILIAN POP,66.0,496725.0,False,3200.0,Pista,100.0,100.0,COMUM,DOMINGO,FIM DE SEMANA,CHUVISCO LEVE,DEZEMBRO,-496.0
3617,2024-12-15,2024,AUDIO,CAROL BIAZIN,MEDIAS CASAS,CASA DE SHOWS,BRAZILIAN POP,66.0,496725.0,False,2557.894736842105,Pista,140.0,140.0,COMUM,DOMINGO,FIM DE SEMANA,CHUVA MODERADA,DEZEMBRO,364.0
3618,2025-08-10,2025,AUDIO,CAROL BIAZIN,MEDIAS CASAS,CASA DE SHOWS,BRAZILIAN POP,66.0,496725.0,False,2700.0,Pista,240.0,240.0,COMUM,DOMINGO,FIM DE SEMANA,CHUVISCO LEVE,AGOSTO,238.0
3619,2023-03-25,2023,AUTODROMO DE INTERLAGOS,CAROL BIAZIN,ARENAS E ESTADIOS,AREA EXTERNA PARA EVENTOS,BRAZILIAN POP,66.0,496725.0,LOLLAPALOOZA,98500.0,Lolla Pista,1100.0,1706.6666666666667,COMUM,SABADO,FIM DE SEMANA,NUBLADO,MARÇO,-869.0
3620,2023-03-25,2023,AUTODROMO DE INTERLAGOS,CAROL BIAZIN,ARENAS E ESTADIOS,AREA EXTERNA PARA EVENTOS,BRAZILIAN POP,66.0,496725.0,LOLLAPALOOZA,98500.0,Lolla Lounge,2250.0,1706.6666666666667,LUXO,SABADO,FIM DE SEMANA,NUBLADO,MARÇO,0.0
3621,2023-03-25,2023,AUTODROMO DE INTERLAGOS,CAROL BIAZIN,ARENAS E ESTADIOS,AREA EXTERNA PARA EVENTOS,BRAZILIAN POP,66.0,496725.0,LOLLAPALOOZA,98500.0,Lolla Confort,1770.0,1706.6666666666667,VIP,SABADO,FIM DE SEMANA,NUBLADO,MARÇO,0.0
3622,2025-09-14,2025,AUTODROMO DE INTERLAGOS,CAROL BIAZIN,ARENAS E ESTADIOS,AREA EXTERNA PARA EVENTOS,BRAZILIAN POP,66.0,496725.0,THE TOWN,82000.0,Pista,975.0,975.0,COMUM,DOMINGO,FIM DE SEMANA,NUBLADO,SETEMBRO,904.0
3623,2023-03-25,2023,AUTODROMO DE INTERLAGOS,GILSONS,ARENAS E ESTADIOS,AREA EXTERNA PARA EVENTOS,NOVA MPB,64.0,485478.0,LOLLAPALOOZA,98500.0,Lolla Pista,1100.0,1706.6666666666667,COMUM,SABADO,FIM DE SEMANA,NUBLADO,MARÇO,140.0
3624,2023-03-25,2023,AUTODROMO DE INTERLAGOS,GILSONS,ARENAS E ESTADIOS,AREA EXTERNA PARA EVENTOS,NOVA MPB,64.0,485478.0,LOLLAPALOOZA,98500.0,Lolla Lounge,2250.0,1706.6666666666667,LUXO,SABADO,FIM DE SEMANA,NUBLADO,MARÇO,0.0
3625,2023-03-25,2023,AUTODROMO DE INTERLAGOS,GILSONS,ARENAS E ESTADIOS,AREA EXTERNA PARA EVENTOS,NOVA MPB,64.0,485478.0,LOLLAPALOOZA,98500.0,Lolla Confort,1770.0,1706.6666666666667,VIP,SABADO,FIM DE SEMANA,NUBLADO,MARÇO,0.0
3626,2023-03-25,2023,AUTODROMO DE INTERLAGOS,GILSONS,ARENAS E ESTADIOS,AREA EXTERNA PARA EVENTOS,NOVA MPB,64.0,485478.0,LOLLAPALOOZA,98500.0,Lolla Pista,1100.0,1706.6666666666667,COMUM,SABADO,FIM DE SEMANA,NUBLADO,MARÇO,0.0
3627,2022-05-14,2022,MEMORIAL DA AMERICA LATINA,GILSONS,GRANDES CASAS,AREA EXTERNA PARA EVENTOS,NOVA MPB,64.0,485478.0,False,12000.0,Pista,250.0,250.0,COMUM,SABADO,FIM DE SEMANA,NUBLADO,MAIO,-315.0
3628,2022-05-14,2022,MEMORIAL DA AMERICA LATINA,GILSONS,GRANDES CASAS,AREA EXTERNA PARA EVENTOS,NOVA MPB,64.0,485478.0,False,12000.0,Pista,250.0,250.0,COMUM,SABADO,FIM DE SEMANA,NUBLADO,MAIO,0.0
3629,2022-10-15,2022,SAMBODROMO DO ANHEMBI,GILSONS,ARENAS E ESTADIOS,AREA EXTERNA PARA EVENTOS,NOVA MPB,64.0,485478.0,False,10000.0,Pista,250.0,625.0,COMUM,SABADO,FIM DE SEMANA,CHUVISCO MODERADO,OUTUBRO,154.0
3630,2022-10-15,2022,SAMBODROMO DO ANHEMBI,GILSONS,ARENAS E ESTADIOS,AREA EXTERNA PARA EVENTOS,NOVA MPB,64.0,485478.0,False,10000.0,Pista Premium,1000.0,625.0,VIP,SABADO,FIM DE SEMANA,CHUVISCO MODERADO,OUTUBRO,0.0
3631,2022-10-15,2022,SAMBODROMO DO ANHEMBI,GILSONS,ARENAS E ESTADIOS,AREA EXTERNA PARA EVENTOS,NOVA MPB,64.0,485478.0,False,10000.0,Pista,250.0,625.0,COMUM,SABADO,FIM DE SEMANA,CHUVISCO MODERADO,OUTUBRO,0.0
3632,2024-05-17,2024,ESPACO UNIMED,GILSONS,MEDIAS CASAS,CASA DE SHOWS,NOVA MPB,64.0,485478.0,False,7850.0,Pista Premium,140.0,190.0,VIP,SEXTA-FEIRA,DIA UTIL,NUBLADO,MAIO,580.0
3633,2024-05-17,2024,ESPACO UNIMED,GILSONS,MEDIAS CASAS,CASA DE SHOWS,NOVA MPB,64.0,485478.0,False,7850.0,Camarote,240.0,190.0,LUXO,SEXTA-FEIRA,DIA UTIL,NUBLADO,MAIO,0.0
3634,2024-05-17,2024,ESPACO UNIMED,GILSONS,MEDIAS CASAS,CASA DE SHOWS,NOVA MPB,64.0,485478.0,False,7850.0,Pista Premium,140.0,190.0,VIP,SEXTA-FEIRA,DIA UTIL,NUBLADO,MAIO,0.0
3635,2024-05-19,2024,ESPACO UNIMED,GILSONS,MEDIAS CASAS,CASA DE SHOWS,NOVA MPB,64.0,485478.0,False,7000.0,Pista Premium,140.0,190.0,VIP,DOMINGO,FIM DE SEMANA,CHUVISCO LEVE,MAIO,2.0
3636,2024-05-19,2024,ESPACO UNIMED,GILSONS,MEDIAS CASAS,CASA DE SHOWS,NOVA MPB,64.0,485478.0,False,7000.0,Camarote,240.0,190.0,LUXO,DOMINGO,FIM DE SEMANA,CHUVISCO LEVE,MAIO,0.0
3637,2024-05-19,2024,ESPACO UNIMED,GILSONS,MEDIAS CASAS,CASA DE SHOWS,NOVA MPB,64.0,485478.0,False,7000.0,Pista Premium,140.0,190.0,VIP,DOMINGO,FIM DE SEMANA,CHUVISCO LEVE,MAIO,0.0
3638,2022-03-25,2022,AUTODROMO DE INTERLAGOS,CHRIS LAKE,ARENAS E ESTADIOS,AREA EXTERNA PARA EVENTOS,TECH HOUSE,69.0,432446.0,LOLLAPALOOZA,100980.0,Lolla Pista,1050.0,1763.3333333333333,COMUM,SEXTA-FEIRA,DIA UTIL,CHUVISCO LEVE,MARÇO,999.0
3639,2022-03-25,2022,AUTODROMO DE INTERLAGOS,CHRIS LAKE,ARENAS E ESTADIOS,AREA EXTERNA PARA EVENTOS,TECH HOUSE,69.0,432446.0,LOLLAPALOOZA,100980.0,Lolla Lounge,2400.0,1763.3333333333333,LUXO,SEXTA-FEIRA,DIA UTIL,CHUVISCO LEVE,MARÇO,0.0
3640,2022-03-25,2022,AUTODROMO DE INTERLAGOS,CHRIS LAKE,ARENAS E ESTADIOS,AREA EXTERNA PARA EVENTOS,TECH HOUSE,69.0,432446.0,LOLLAPALOOZA,100980.0,Lolla Confort,1840.0,1763.3333333333333,VIP,SEXTA-FEIRA,DIA UTIL,CHUVISCO LEVE,MARÇO,0.0
3641,2023-04-30,2023,MEMORIAL DA AMERICA LATINA,BEAST IN BLACK,GRANDES CASAS,AREA EXTERNA PARA EVENTOS,POWER METAL,60.0,385395.0,SUMMER BREEZE BRASIL,7000.0,Pista,400.0,533.3333333333334,COMUM,DOMINGO,FIM DE SEMANA,CHUVISCO LEVE,ABRIL,203.0
3642,2023-04-30,2023,MEMORIAL DA AMERICA LATINA,BEAST IN BLACK,GRANDES CASAS,AREA EXTERNA PARA EVENTOS,POWER METAL,60.0,385395.0,SUMMER BREEZE BRASIL,7000.0,Pista Premium,600.0,533.3333333333334,VIP,DOMINGO,FIM DE SEMANA,CHUVISCO LEVE,ABRIL,0.0
3643,2023-04-30,2023,MEMORIAL DA AMERICA LATINA,BEAST IN BLACK,GRANDES CASAS,AREA EXTERNA PARA EVENTOS,POWER METAL,60.0,385395.0,SUMMER BREEZE BRASIL,7000.0,Mezanino ,600.0,533.3333333333334,INTERMEDIARIO,DOMINGO,FIM DE SEMANA,CHUVISCO LEVE,ABRIL,0.0
3644,2022-10-14,2022,ESPACO UNIMED,BEAST IN BLACK,MEDIAS CASAS,CASA DE SHOWS,POWER METAL,60.0,385395.0,False,8000.0,Pista,190.0,332.5,COMUM,SEXTA-FEIRA,DIA UTIL,CHUVISCO LEVE,OUTUBRO,-198.0
3645,2022-10-14,2022,ESPACO UNIMED,BEAST IN BLACK,MEDIAS CASAS,CASA DE SHOWS,POWER METAL,60.0,385395.0,False,8000.0,Pista Premium,290.0,332.5,VIP,SEXTA-FEIRA,DIA UTIL,CHUVISCO LEVE,OUTUBRO,0.0
3646,2022-10-14,2022,ESPACO UNIMED,BEAST IN BLACK,MEDIAS CASAS,CASA DE SHOWS,POWER METAL,60.0,385395.0,False,8000.0,Camarote,480.0,332.5,LUXO,SEXTA-FEIRA,DIA UTIL,CHUVISCO LEVE,OUTUBRO,0.0
3647,2022-10-14,2022,ESPACO UNIMED,BEAST IN BLACK,MEDIAS CASAS,CASA DE SHOWS,POWER METAL,60.0,385395.0,False,8000.0,Mezanino ,370.0,332.5,INTERMEDIARIO,SEXTA-FEIRA,DIA UTIL,CHUVISCO LEVE,OUTUBRO,0.0
3648,2022-06-19,2022,SAMBODROMO DO ANHEMBI,EBONY,ARENAS E ESTADIOS,AREA EXTERNA PARA EVENTOS,0,63.0,356110.0,False,42000.0,Pista,440.0,440.0,COMUM,DOMINGO,FIM DE SEMANA,CHUVISCO LEVE,JUNHO,-1199.0
3649,2025-11-21,2025,NEO QUIMICA ARENA,ALEE,ARENAS E ESTADIOS,ESTADIO MULTIUSO,BRAZILIAN TRAP,70.0,354116.0,False,20000.0,Pista,110.0,110.0,COMUM,SEXTA-FEIRA,DIA UTIL,<FUNCTION SERIES.MODE AT 0X0000027829051A80>,NOVEMBRO,-1.0
3650,2025-11-21,2025,NEO QUIMICA ARENA,ALEE,ARENAS E ESTADIOS,ESTADIO MULTIUSO,BRAZILIAN TRAP,70.0,354116.0,False,20000.0,Pista,110.0,110.0,COMUM,SEXTA-FEIRA,DIA UTIL,<FUNCTION SERIES.MODE AT 0X0000027829051A80>,NOVEMBRO,0.0
3651,2024-03-23,2024,AUTODROMO DE INTERLAGOS,MC LUANNA,ARENAS E ESTADIOS,AREA EXTERNA PARA EVENTOS,BRAZILIAN TRAP,63.0,330015.0,LOLLAPALOOZA,80000.0,Lolla Pista,1100.0,1700.0,COMUM,SABADO,FIM DE SEMANA,CHUVISCO INTENSO,MARÇO,-608.0
3652,2024-03-23,2024,AUTODROMO DE INTERLAGOS,MC LUANNA,ARENAS E ESTADIOS,AREA EXTERNA PARA EVENTOS,BRAZILIAN TRAP,63.0,330015.0,LOLLAPALOOZA,80000.0,Lolla Lounge,2250.0,1700.0,LUXO,SABADO,FIM DE SEMANA,CHUVISCO INTENSO,MARÇO,0.0
3653,2024-03-23,2024,AUTODROMO DE INTERLAGOS,MC LUANNA,ARENAS E ESTADIOS,AREA EXTERNA PARA EVENTOS,BRAZILIAN TRAP,63.0,330015.0,LOLLAPALOOZA,80000.0,Lolla Confort,1750.0,1700.0,VIP,SABADO,FIM DE SEMANA,CHUVISCO INTENSO,MARÇO,0.0
3654,2023-09-07,2023,AUTODROMO DE INTERLAGOS,MARVVILA,ARENAS E ESTADIOS,AREA EXTERNA PARA EVENTOS,PAGODE,65.0,311018.0,THE TOWN,100000.0,Pista,815.0,815.0,COMUM,QUINTA-FEIRA,FERIADO NACIONAL,NUBLADO,SETEMBRO,-212.0
3655,2025-03-28,2025,AUTODROMO DE INTERLAGOS,DISCO LINES,ARENAS E ESTADIOS,AREA EXTERNA PARA EVENTOS,STUTTER HOUSE,76.0,286163.0,LOLLAPALOOZA,80000.0,Lolla Pista,1050.0,1678.1666666666667,COMUM,SEXTA-FEIRA,DIA UTIL,CHUVA LEVE,MARÇO,733.0
3656,2025-03-28,2025,AUTODROMO DE INTERLAGOS,DISCO LINES,ARENAS E ESTADIOS,AREA EXTERNA PARA EVENTOS,STUTTER HOUSE,76.0,286163.0,LOLLAPALOOZA,80000.0,Lolla Lounge,2310.0,1678.1666666666667,LUXO,SEXTA-FEIRA,DIA UTIL,CHUVA LEVE,MARÇO,0.0
3657,2025-03-28,2025,AUTODROMO DE INTERLAGOS,DISCO LINES,ARENAS E ESTADIOS,AREA EXTERNA PARA EVENTOS,STUTTER HOUSE,76.0,286163.0,LOLLAPALOOZA,80000.0,Lolla Confort,1674.5,1678.1666666666667,VIP,SEXTA-FEIRA,DIA UTIL,CHUVA LEVE,MARÇO,0.0
3658,2024-03-29,2024,AUDIO,AJULIACOSTA,MEDIAS CASAS,CASA DE SHOWS,0,62.0,283349.0,False,3000.0,Pista,60.0,140.0,COMUM,SEXTA-FEIRA,FERIADO NACIONAL,CHUVA LEVE,MARÇO,649.0
3659,2024-03-29,2024,AUDIO,AJULIACOSTA,MEDIAS CASAS,CASA DE SHOWS,0,62.0,283349.0,False,3000.0,Camarote,200.0,140.0,LUXO,SEXTA-FEIRA,FERIADO NACIONAL,CHUVA LEVE,MARÇO,0.0
3660,2024-03-29,2024,AUDIO,AJULIACOSTA,MEDIAS CASAS,CASA DE SHOWS,0,62.0,283349.0,False,3000.0,Mezanino ,160.0,140.0,INTERMEDIARIO,SEXTA-FEIRA,FERIADO NACIONAL,CHUVA LEVE,MARÇO,0.0
3661,2022-06-17,2022,SAMBODROMO DO ANHEMBI,AJULIACOSTA,ARENAS E ESTADIOS,AREA EXTERNA PARA EVENTOS,0,62.0,283349.0,False,34000.0,Pista,440.0,440.0,COMUM,SEXTA-FEIRA,DIA UTIL,NUBLADO,JUNHO,-651.0
3662,2024-09-06,2024,NEO QUIMICA ARENA,ZEEBA,ARENAS E ESTADIOS,ESTADIO MULTIUSO,0,63.0,283287.0,False,25000.0,VIP I,298.0,298.0,VIP,SEXTA-FEIRA,DIA UTIL,CHUVISCO LEVE,SETEMBRO,812.0
3663,2025-03-30,2025,AUTODROMO DE INTERLAGOS,NEIL FRANCES,ARENAS E ESTADIOS,AREA EXTERNA PARA EVENTOS,INDIE SOUL,62.0,274617.0,LOLLAPALOOZA,80000.0,Lolla Pista,1050.0,1678.1666666666667,COMUM,DOMINGO,FIM DE SEMANA,CHUVISCO LEVE,MARÇO,0.0
3664,2025-03-30,2025,AUTODROMO DE INTERLAGOS,NEIL FRANCES,ARENAS E ESTADIOS,AREA EXTERNA PARA EVENTOS,INDIE SOUL,62.0,274617.0,LOLLAPALOOZA,80000.0,Lolla Lounge,2310.0,1678.1666666666667,LUXO,DOMINGO,FIM DE SEMANA,CHUVISCO LEVE,MARÇO,0.0
3665,2025-03-30,2025,AUTODROMO DE INTERLAGOS,NEIL FRANCES,ARENAS E ESTADIOS,AREA EXTERNA PARA EVENTOS,INDIE SOUL,62.0,274617.0,LOLLAPALOOZA,80000.0,Lolla Confort,1674.5,1678.1666666666667,VIP,DOMINGO,FIM DE SEMANA,CHUVISCO LEVE,MARÇO,0.0
3666,2024-05-24,2024,AUDIO,URIAS,MEDIAS CASAS,CASA DE SHOWS,BRAZILIAN POP,60.0,234813.0,False,2557.894736842105,Pista,160.0,160.0,COMUM,SEXTA-FEIRA,DIA UTIL,CHUVISCO LEVE,MAIO,-478.0
3667,2024-05-24,2024,AUDIO,URIAS,MEDIAS CASAS,CASA DE SHOWS,BRAZILIAN POP,60.0,234813.0,False,2557.894736842105,Pista,160.0,160.0,COMUM,SEXTA-FEIRA,DIA UTIL,CHUVISCO LEVE,MAIO,0.0
3668,2024-10-11,2024,AUDIO,URIAS,MEDIAS CASAS,CASA DE SHOWS,BRAZILIAN POP,60.0,234813.0,False,2900.0,Pista,160.0,160.0,COMUM,SEXTA-FEIRA,DIA UTIL,CHUVA LEVE,OUTUBRO,140.0
3669,2024-10-11,2024,AUDIO,URIAS,MEDIAS CASAS,CASA DE SHOWS,BRAZILIAN POP,60.0,234813.0,False,2900.0,Pista,160.0,160.0,COMUM,SEXTA-FEIRA,DIA UTIL,CHUVA LEVE,OUTUBRO,0.0
3670,2023-09-02,2023,AUTODROMO DE INTERLAGOS,URIAS,ARENAS E ESTADIOS,AREA EXTERNA PARA EVENTOS,BRAZILIAN POP,60.0,234813.0,THE TOWN,100000.0,Pista,815.0,815.0,COMUM,SABADO,FIM DE SEMANA,CHUVA LEVE,SETEMBRO,-405.0
3671,2023-09-02,2023,AUTODROMO DE INTERLAGOS,URIAS,ARENAS E ESTADIOS,AREA EXTERNA PARA EVENTOS,BRAZILIAN POP,60.0,234813.0,THE TOWN,100000.0,Pista,815.0,815.0,COMUM,SABADO,FIM DE SEMANA,CHUVA LEVE,SETEMBRO,0.0
3672,2022-05-14,2022,MEMORIAL DA AMERICA LATINA,URIAS,GRANDES CASAS,AREA EXTERNA PARA EVENTOS,BRAZILIAN POP,60.0,234813.0,False,12000.0,Pista,250.0,250.0,COMUM,SABADO,FIM DE SEMANA,NUBLADO,MAIO,-476.0
3673,2022-05-14,2022,MEMORIAL DA AMERICA LATINA,URIAS,GRANDES CASAS,AREA EXTERNA PARA EVENTOS,BRAZILIAN POP,60.0,234813.0,False,12000.0,Pista,250.0,250.0,COMUM,SABADO,FIM DE SEMANA,NUBLADO,MAIO,0.0
3674,2025-06-21,2025,VALE DO ANHANGABAU,URIAS,GRANDES CASAS,AREA EXTERNA PARA EVENTOS,BRAZILIAN POP,60.0,234813.0,False,15000.0,Pista,300.0,400.0,COMUM,SABADO,FIM DE SEMANA,CHUVA LEVE,JUNHO,1134.0
3675,2025-06-21,2025,VALE DO ANHANGABAU,URIAS,GRANDES CASAS,AREA EXTERNA PARA EVENTOS,BRAZILIAN POP,60.0,234813.0,False,15000.0,Backstage,500.0,400.0,VIP,SABADO,FIM DE SEMANA,CHUVA LEVE,JUNHO,0.0
3676,2025-06-21,2025,VALE DO ANHANGABAU,URIAS,GRANDES CASAS,AREA EXTERNA PARA EVENTOS,BRAZILIAN POP,60.0,234813.0,False,15000.0,Pista,300.0,400.0,COMUM,SABADO,FIM DE SEMANA,CHUVA LEVE,JUNHO,0.0
3677,2023-11-10,2023,VIBRA SAO PAULO,URIAS,MEDIAS CASAS,TEATRO E CASA DE ESPETACULOS,BRAZILIAN POP,60.0,234813.0,False,5600.0,Pista,50.0,50.0,COMUM,SEXTA-FEIRA,DIA UTIL,CHUVA FORTE,NOVEMBRO,-589.0
3678,2023-11-10,2023,VIBRA SAO PAULO,URIAS,MEDIAS CASAS,TEATRO E CASA DE ESPETACULOS,BRAZILIAN POP,60.0,234813.0,False,5600.0,Pista,50.0,50.0,COMUM,SEXTA-FEIRA,DIA UTIL,CHUVA FORTE,NOVEMBRO,0.0
3679,2022-12-10,2022,NEO QUIMICA ARENA,URIAS,ARENAS E ESTADIOS,ESTADIO MULTIUSO,BRAZILIAN POP,60.0,234813.0,False,10000.0,Pista,380.0,386.0,COMUM,SABADO,FIM DE SEMANA,NUBLADO,DEZEMBRO,-335.0
3680,2022-12-10,2022,NEO QUIMICA ARENA,URIAS,ARENAS E ESTADIOS,ESTADIO MULTIUSO,BRAZILIAN POP,60.0,234813.0,False,10000.0,Cadeira Inferior,260.0,386.0,INTERMEDIARIO,SABADO,FIM DE SEMANA,NUBLADO,DEZEMBRO,0.0
3681,2022-12-10,2022,NEO QUIMICA ARENA,URIAS,ARENAS E ESTADIOS,ESTADIO MULTIUSO,BRAZILIAN POP,60.0,234813.0,False,10000.0,Cadeira Superior,260.0,386.0,INTERMEDIARIO,SABADO,FIM DE SEMANA,NUBLADO,DEZEMBRO,0.0
3682,2022-12-10,2022,NEO QUIMICA ARENA,URIAS,ARENAS E ESTADIOS,ESTADIO MULTIUSO,BRAZILIAN POP,60.0,234813.0,False,10000.0,Open Bar,580.0,386.0,VIP,SABADO,FIM DE SEMANA,NUBLADO,DEZEMBRO,0.0
3683,2022-12-10,2022,NEO QUIMICA ARENA,URIAS,ARENAS E ESTADIOS,ESTADIO MULTIUSO,BRAZILIAN POP,60.0,234813.0,False,10000.0,Frontstage,450.0,386.0,VIP,SABADO,FIM DE SEMANA,NUBLADO,DEZEMBRO,0.0
3684,2022-12-10,2022,NEO QUIMICA ARENA,URIAS,ARENAS E ESTADIOS,ESTADIO MULTIUSO,BRAZILIAN POP,60.0,234813.0,False,10000.0,Pista,380.0,386.0,COMUM,SABADO,FIM DE SEMANA,NUBLADO,DEZEMBRO,0.0
3685,2025-03-30,2025,AUTODROMO DE INTERLAGOS,BLOND:ISH,ARENAS E ESTADIOS,AREA EXTERNA PARA EVENTOS,AFRO HOUSE,65.0,185942.0,LOLLAPALOOZA,80000.0,Lolla Pista,1050.0,1678.1666666666667,COMUM,DOMINGO,FIM DE SEMANA,CHUVISCO LEVE,MARÇO,999.0
3686,2025-03-30,2025,AUTODROMO DE INTERLAGOS,BLOND:ISH,ARENAS E ESTADIOS,AREA EXTERNA PARA EVENTOS,AFRO HOUSE,65.0,185942.0,LOLLAPALOOZA,80000.0,Lolla Lounge,2310.0,1678.1666666666667,LUXO,DOMINGO,FIM DE SEMANA,CHUVISCO LEVE,MARÇO,0.0
3687,2025-03-30,2025,AUTODROMO DE INTERLAGOS,BLOND:ISH,ARENAS E ESTADIOS,AREA EXTERNA PARA EVENTOS,AFRO HOUSE,65.0,185942.0,LOLLAPALOOZA,80000.0,Lolla Confort,1674.5,1678.1666666666667,VIP,DOMINGO,FIM DE SEMANA,CHUVISCO LEVE,MARÇO,0.0
3688,2025-11-20,2025,AUDIO,OS GAROTIN,MEDIAS CASAS,CASA DE SHOWS,NOVA MPB,60.0,172543.0,False,3200.0,Pista,175.0,175.0,COMUM,QUINTA-FEIRA,FERIADO NACIONAL,<FUNCTION SERIES.MODE AT 0X0000027829051A80>,NOVEMBRO,550.0
3689,2025-09-13,2025,AUTODROMO DE INTERLAGOS,OS GAROTIN,ARENAS E ESTADIOS,AREA EXTERNA PARA EVENTOS,NOVA MPB,60.0,172543.0,THE TOWN,78000.0,Pista,975.0,975.0,COMUM,SABADO,FIM DE SEMANA,NUBLADO,SETEMBRO,-68.0
3690,2025-03-29,2025,AUTODROMO DE INTERLAGOS,BRUNO MARTINI,ARENAS E ESTADIOS,AREA EXTERNA PARA EVENTOS,BRAZILIAN POP,63.0,166101.0,LOLLAPALOOZA,80000.0,Lolla Pista,1050.0,1678.1666666666667,COMUM,SABADO,FIM DE SEMANA,CHUVISCO INTENSO,MARÇO,840.0
3691,2025-03-29,2025,AUTODROMO DE INTERLAGOS,BRUNO MARTINI,ARENAS E ESTADIOS,AREA EXTERNA PARA EVENTOS,BRAZILIAN POP,63.0,166101.0,LOLLAPALOOZA,80000.0,Lolla Lounge,2310.0,1678.1666666666667,LUXO,SABADO,FIM DE SEMANA,CHUVISCO INTENSO,MARÇO,0.0
3692,2025-03-29,2025,AUTODROMO DE INTERLAGOS,BRUNO MARTINI,ARENAS E ESTADIOS,AREA EXTERNA PARA EVENTOS,BRAZILIAN POP,63.0,166101.0,LOLLAPALOOZA,80000.0,Lolla Confort,1674.5,1678.1666666666667,VIP,SABADO,FIM DE SEMANA,CHUVISCO INTENSO,MARÇO,0.0
3693,2025-09-14,2025,AUTODROMO DE INTERLAGOS,JOTA.PE,ARENAS E ESTADIOS,AREA EXTERNA PARA EVENTOS,NOVA MPB,67.0,165830.0,THE TOWN,82000.0,Pista,975.0,975.0,COMUM,DOMINGO,FIM DE SEMANA,NUBLADO,SETEMBRO,1.0
3694,2023-12-03,2023,AUTODROMO DE INTERLAGOS,MU540,ARENAS E ESTADIOS,AREA EXTERNA PARA EVENTOS,BRAZILIAN TRAP,62.0,162184.0,False,50000.0,Pista,990.0,1495.0,COMUM,DOMINGO,FIM DE SEMANA,NUBLADO,DEZEMBRO,-111.0
3695,2023-12-03,2023,AUTODROMO DE INTERLAGOS,MU540,ARENAS E ESTADIOS,AREA EXTERNA PARA EVENTOS,BRAZILIAN TRAP,62.0,162184.0,False,50000.0,Pista Premium,2000.0,1495.0,VIP,DOMINGO,FIM DE SEMANA,NUBLADO,DEZEMBRO,0.0
3696,2022-12-10,2022,NEO QUIMICA ARENA,MU540,ARENAS E ESTADIOS,ESTADIO MULTIUSO,BRAZILIAN TRAP,62.0,162184.0,False,10000.0,Pista,380.0,386.0,COMUM,SABADO,FIM DE SEMANA,NUBLADO,DEZEMBRO,-358.0
3697,2022-12-10,2022,NEO QUIMICA ARENA,MU540,ARENAS E ESTADIOS,ESTADIO MULTIUSO,BRAZILIAN TRAP,62.0,162184.0,False,10000.0,Cadeira Inferior,260.0,386.0,INTERMEDIARIO,SABADO,FIM DE SEMANA,NUBLADO,DEZEMBRO,0.0
3698,2022-12-10,2022,NEO QUIMICA ARENA,MU540,ARENAS E ESTADIOS,ESTADIO MULTIUSO,BRAZILIAN TRAP,62.0,162184.0,False,10000.0,Cadeira Superior,260.0,386.0,INTERMEDIARIO,SABADO,FIM DE SEMANA,NUBLADO,DEZEMBRO,0.0
3699,2022-12-10,2022,NEO QUIMICA ARENA,MU540,ARENAS E ESTADIOS,ESTADIO MULTIUSO,BRAZILIAN TRAP,62.0,162184.0,False,10000.0,Open Bar,580.0,386.0,VIP,SABADO,FIM DE SEMANA,NUBLADO,DEZEMBRO,0.0
3700,2022-12-10,2022,NEO QUIMICA ARENA,MU540,ARENAS E ESTADIOS,ESTADIO MULTIUSO,BRAZILIAN TRAP,62.0,162184.0,False,10000.0,Frontstage,450.0,386.0,VIP,SABADO,FIM DE SEMANA,NUBLADO,DEZEMBRO,0.0
3701,2025-11-13,2025,AUDIO,JAMES,MEDIAS CASAS,CASA DE SHOWS,BRITPOP,61.0,630430.0,False,1500.0,Pista,585.0,685.0,COMUM,QUINTA-FEIRA,DIA UTIL,<FUNCTION SERIES.MODE AT 0X0000027829051A80>,NOVEMBRO,373.0
3702,2025-11-13,2025,AUDIO,JAMES,MEDIAS CASAS,CASA DE SHOWS,BRITPOP,61.0,630430.0,False,1500.0,Pista Premium,785.0,685.0,VIP,QUINTA-FEIRA,DIA UTIL,<FUNCTION SERIES.MODE AT 0X0000027829051A80>,NOVEMBRO,0.0
3703,2025-11-13,2025,AUDIO,JAMES,MEDIAS CASAS,CASA DE SHOWS,BRITPOP,61.0,630430.0,False,1500.0,Camarote,685.0,685.0,LUXO,QUINTA-FEIRA,DIA UTIL,<FUNCTION SERIES.MODE AT 0X0000027829051A80>,NOVEMBRO,0.0
3704,2023-12-03,2023,AUTODROMO DE INTERLAGOS,BAD RELIGION,ARENAS E ESTADIOS,AREA EXTERNA PARA EVENTOS,PUNK,61.0,1388613.0,False,50000.0,Pista,990.0,1495.0,COMUM,DOMINGO,FIM DE SEMANA,NUBLADO,DEZEMBRO,-461.0
3705,2023-12-03,2023,AUTODROMO DE INTERLAGOS,BAD RELIGION,ARENAS E ESTADIOS,AREA EXTERNA PARA EVENTOS,PUNK,61.0,1388613.0,False,50000.0,Pista Premium,2000.0,1495.0,VIP,DOMINGO,FIM DE SEMANA,NUBLADO,DEZEMBRO,0.0
3706,2025-09-07,2025,AUTODROMO DE INTERLAGOS,BAD RELIGION,ARENAS E ESTADIOS,AREA EXTERNA PARA EVENTOS,PUNK,61.0,1388613.0,THE TOWN,90000.0,Pista,975.0,975.0,COMUM,DOMINGO,FIM DE SEMANA,CHUVISCO LEVE,SETEMBRO,644.0
3707,2023-02-09,2023,ESPACO UNIMED,SUPER JUNIOR,MEDIAS CASAS,CASA DE SHOWS,K-POP,63.0,2387210.0,False,7950.0,Pista,450.0,785.0,COMUM,QUINTA-FEIRA,DIA UTIL,CHUVISCO INTENSO,FEVEREIRO,-390.0
3708,2023-02-09,2023,ESPACO UNIMED,SUPER JUNIOR,MEDIAS CASAS,CASA DE SHOWS,K-POP,63.0,2387210.0,False,7950.0,Pista Premium,900.0,785.0,VIP,QUINTA-FEIRA,DIA UTIL,CHUVISCO INTENSO,FEVEREIRO,0.0
3709,2023-02-09,2023,ESPACO UNIMED,SUPER JUNIOR,MEDIAS CASAS,CASA DE SHOWS,K-POP,63.0,2387210.0,False,7950.0,Mezanino ,790.0,785.0,INTERMEDIARIO,QUINTA-FEIRA,DIA UTIL,CHUVISCO INTENSO,FEVEREIRO,0.0
3710,2023-02-09,2023,ESPACO UNIMED,SUPER JUNIOR,MEDIAS CASAS,CASA DE SHOWS,K-POP,63.0,2387210.0,False,7950.0,VIP I,1000.0,785.0,VIP,QUINTA-FEIRA,DIA UTIL,CHUVISCO INTENSO,FEVEREIRO,0.0
3711,2023-03-14,2023,ESPACO UNIMED,THE BLACK CROWES,MEDIAS CASAS,CASA DE SHOWS,SOUTHERN ROCK,60.0,885151.0,False,7000.0,Pista,340.0,562.5,COMUM,TERCA-FEIRA,DIA UTIL,CHUVA FORTE,MARÇO,-192.0
3712,2023-03-14,2023,ESPACO UNIMED,THE BLACK CROWES,MEDIAS CASAS,CASA DE SHOWS,SOUTHERN ROCK,60.0,885151.0,False,7000.0,Pista Premium,600.0,562.5,VIP,TERCA-FEIRA,DIA UTIL,CHUVA FORTE,MARÇO,0.0
3713,2023-03-14,2023,ESPACO UNIMED,THE BLACK CROWES,MEDIAS CASAS,CASA DE SHOWS,SOUTHERN ROCK,60.0,885151.0,False,7000.0,Camarote,670.0,562.5,LUXO,TERCA-FEIRA,DIA UTIL,CHUVA FORTE,MARÇO,0.0
3714,2023-03-14,2023,ESPACO UNIMED,THE BLACK CROWES,MEDIAS CASAS,CASA DE SHOWS,SOUTHERN ROCK,60.0,885151.0,False,7000.0,Mezanino ,640.0,562.5,INTERMEDIARIO,TERCA-FEIRA,DIA UTIL,CHUVA FORTE,MARÇO,0.0
3715,2024-06-06,2024,ESPACO UNIMED,RICHARD CLAYDERMAN,MEDIAS CASAS,CASA DE SHOWS,EASY LISTENING,63.0,607100.0,False,5400.0,Pista,125.0,325.0,COMUM,QUINTA-FEIRA,DIA UTIL,NUBLADO,JUNHO,999.0
3716,2024-06-06,2024,ESPACO UNIMED,RICHARD CLAYDERMAN,MEDIAS CASAS,CASA DE SHOWS,EASY LISTENING,63.0,607100.0,False,5400.0,Pista Premium,350.0,325.0,VIP,QUINTA-FEIRA,DIA UTIL,NUBLADO,JUNHO,0.0
3717,2024-06-06,2024,ESPACO UNIMED,RICHARD CLAYDERMAN,MEDIAS CASAS,CASA DE SHOWS,EASY LISTENING,63.0,607100.0,False,5400.0,Camarote,500.0,325.0,LUXO,QUINTA-FEIRA,DIA UTIL,NUBLADO,JUNHO,0.0
3718,2024-03-26,2024,TERRA SP,BLACK VEIL BRIDES,MEDIAS CASAS,CASA DE SHOWS,EMO,61.0,2097472.0,False,5500.0,Pista,400.0,420.0,COMUM,TERCA-FEIRA,DIA UTIL,CHUVISCO MODERADO,MARÇO,24.0
3719,2024-03-26,2024,TERRA SP,BLACK VEIL BRIDES,MEDIAS CASAS,CASA DE SHOWS,EMO,61.0,2097472.0,False,5500.0,Mezanino ,440.0,420.0,INTERMEDIARIO,TERCA-FEIRA,DIA UTIL,CHUVISCO MODERADO,MARÇO,0.0
