,artista,data,ano,nome_local,nome,Capacidade,Categoria_Local,Tipo_Espaco,Latitude,Longitude,id_spotify,generos,popularidade,seguidores,imagem,fonte,festival,headliners
0,Taylor Swift,2023-11-24,2023,ALLIANZ PARQUE,TAYLOR SWIFT,45000.0,ARENAS E ESTADIOS,ESTADIO MULTIUSO,-23.5276207,-46.6784662,06HL4z0CvFAxyc27GXpf02,POP,100.0,146601270.0,https://i.scdn.co/image/ab6761610000e5ebe2e8e7ff002a4afda1c7147e,GENRE_1,False,False
1,Taylor Swift,2023-11-25,2023,ALLIANZ PARQUE,TAYLOR SWIFT,45000.0,ARENAS E ESTADIOS,ESTADIO MULTIUSO,-23.5276207,-46.6784662,06HL4z0CvFAxyc27GXpf02,POP,100.0,146601270.0,https://i.scdn.co/image/ab6761610000e5ebe2e8e7ff002a4afda1c7147e,GENRE_1,False,False
2,Taylor Swift,2023-11-26,2023,ALLIANZ PARQUE,TAYLOR SWIFT,45000.0,ARENAS E ESTADIOS,ESTADIO MULTIUSO,-23.5276207,-46.6784662,06HL4z0CvFAxyc27GXpf02,POP,100.0,146601270.0,https://i.scdn.co/image/ab6761610000e5ebe2e8e7ff002a4afda1c7147e,GENRE_1,False,False
3,Billie Eilish,2023-03-24,2023,AUTODROMO DE INTERLAGOS,BILLIE EILISH,100000.0,ARENAS E ESTADIOS,AREA EXTERNA PARA EVENTOS,-23.7000,-46.6972,6qqNVTkY8uBg9cP3Jd7DAH,POP,92.0,119521349.0,https://i.scdn.co/image/ab6761610000e5eb4a21b4760d2ecb7b0dcdc8da,GENRE_1,LOLLAPALOOZA,"BILLIE EILISH, LIL NAS X"
4,The Weeknd,2023-10-10,2023,ALLIANZ PARQUE,THE WEEKND,45000.0,ARENAS E ESTADIOS,ESTADIO MULTIUSO,-23.5276207,-46.6784662,1Xyo4u8uXC1ZmMpatF05PJ,POP,95.0,113983998.0,https://i.scdn.co/image/ab6761610000e5eb9e528993a2820267b97f6aae,GENRE_2,False,False
5,The Weeknd,2023-10-11,2023,ALLIANZ PARQUE,THE WEEKND,45000.0,ARENAS E ESTADIOS,ESTADIO MULTIUSO,-23.5276207,-46.6784662,1Xyo4u8uXC1ZmMpatF05PJ,POP,95.0,113983998.0,https://i.scdn.co/image/ab6761610000e5eb9e528993a2820267b97f6aae,GENRE_2,False,False
6,The Weeknd,2024-09-07,2024,MORUMBIS,THE WEEKND,67000.0,ARENAS E ESTADIOS,ESTADIO MULTIUSO,-23.60077,-46.72010,1Xyo4u8uXC1ZmMpatF05PJ,POP,95.0,113983998.0,https://i.scdn.co/image/ab6761610000e5eb9e528993a2820267b97f6aae,GENRE_2,False,False
7,Bruno Mars,2023-09-03,2023,AUTODROMO DE INTERLAGOS,BRUNO MARS,100000.0,ARENAS E ESTADIOS,AREA EXTERNA PARA EVENTOS,-23.7000,-46.6972,0du5cEVh5yTK9QJze8zA0C,R&B,91.0,76055599.0,https://i.scdn.co/image/ab6761610000e5ebc36dd9eb55fb0db4911f25dd,GENRE_1,THE TOWN,"BRUNO MARS, BEBE REXHA"
8,Bruno Mars,2023-09-10,2023,AUTODROMO DE INTERLAGOS,BRUNO MARS,100000.0,ARENAS E ESTADIOS,AREA EXTERNA PARA EVENTOS,-23.7000,-46.6972,0du5cEVh5yTK9QJze8zA0C,R&B,91.0,76055599.0,https://i.scdn.co/image/ab6761610000e5ebc36dd9eb55fb0db4911f25dd,GENRE_1,THE TOWN,"BRUNO MARS, H.E.R"
9,Bruno Mars,2024-10-01,2024,TOKIO MARINE HALL,BRUNO MARS,4000.0,MEDIAS CASAS,CASA DE SHOWS,-23.6383,-46.7203,0du5cEVh5yTK9QJze8zA0C,R&B,91.0,76055599.0,https://i.scdn.co/image/ab6761610000e5ebc36dd9eb55fb0db4911f25dd,GENRE_1,False,False
10,Bruno Mars,2024-10-04,2024,MORUMBIS,BRUNO MARS,67000.0,ARENAS E ESTADIOS,ESTADIO MULTIUSO,-23.60077,-46.72010,0du5cEVh5yTK9QJze8zA0C,R&B,91.0,76055599.0,https://i.scdn.co/image/ab6761610000e5ebc36dd9eb55fb0db4911f25dd,GENRE_1,False,False
11,Bruno Mars,2024-10-05,2024,MORUMBIS,BRUNO MARS,67000.0,ARENAS E ESTADIOS,ESTADIO MULTIUSO,-23.60077,-46.72010,0du5cEVh5yTK9QJze8zA0C,R&B,91.0,76055599.0,https://i.scdn.co/image/ab6761610000e5ebc36dd9eb55fb0db4911f25dd,GENRE_1,False,False
12,Bruno Mars,2024-10-08,2024,MORUMBIS,BRUNO MARS,67000.0,ARENAS E ESTADIOS,ESTADIO MULTIUSO,-23.60077,-46.72010,0du5cEVh5yTK9QJze8zA0C,R&B,91.0,76055599.0,https://i.scdn.co/image/ab6761610000e5ebc36dd9eb55fb0db4911f25dd,GENRE_1,False,False
13,Bruno Mars,2024-10-09,2024,MORUMBIS,BRUNO MARS,67000.0,ARENAS E ESTADIOS,ESTADIO MULTIUSO,-23.60077,-46.72010,0du5cEVh5yTK9QJze8zA0C,R&B,91.0,76055599.0,https://i.scdn.co/image/ab6761610000e5ebc36dd9eb55fb0db4911f25dd,GENRE_1,False,False
14,Bruno Mars,2024-10-12,2024,MORUMBIS,BRUNO MARS,67000.0,ARENAS E ESTADIOS,ESTADIO MULTIUSO,-23.60077,-46.72010,0du5cEVh5yTK9QJze8zA0C,R&B,91.0,76055599.0,https://i.scdn.co/image/ab6761610000e5ebc36dd9eb55fb0db4911f25dd,GENRE_1,False,False
15,Bruno Mars,2024-10-13,2024,MORUMBIS,BRUNO MARS,67000.0,ARENAS E ESTADIOS,ESTADIO MULTIUSO,-23.60077,-46.72010,0du5cEVh5yTK9QJze8zA0C,R&B,91.0,76055599.0,https://i.scdn.co/image/ab6761610000e5ebc36dd9eb55fb0db4911f25dd,GENRE_1,False,False
16,Coldplay,2023-03-10,2023,ESTADIO DO MORUMBI,COLDPLAY,67000.0,ARENAS E ESTADIOS,ESTADIO MULTIUSO,-23.600089,-46.720090,4gzpq5DPGxSnKTe4SA8HAU,POP,89.0,61164769.0,https://i.scdn.co/image/ab6761610000e5eb1ba8fc5f5c73e7e9313cc6eb,GENRE_1,False,False
17,Coldplay,2023-03-11,2023,ESTADIO DO MORUMBI,COLDPLAY,67000.0,ARENAS E ESTADIOS,ESTADIO MULTIUSO,-23.600089,-46.720090,4gzpq5DPGxSnKTe4SA8HAU,POP,89.0,61164769.0,https://i.scdn.co/image/ab6761610000e5eb1ba8fc5f5c73e7e9313cc6eb,GENRE_1,False,False
18,Coldplay,2023-03-13,2023,ESTADIO DO MORUMBI,COLDPLAY,67000.0,ARENAS E ESTADIOS,ESTADIO MULTIUSO,-23.600089,-46.720090,4gzpq5DPGxSnKTe4SA8HAU,POP,89.0,61164769.0,https://i.scdn.co/image/ab6761610000e5eb1ba8fc5f5c73e7e9313cc6eb,GENRE_1,False,False
19,Coldplay,2023-03-14,2023,ESTADIO DO MORUMBI,COLDPLAY,67000.0,ARENAS E ESTADIOS,ESTADIO MULTIUSO,-23.600089,-46.720090,4gzpq5DPGxSnKTe4SA8HAU,POP,89.0,61164769.0,https://i.scdn.co/image/ab6761610000e5eb1ba8fc5f5c73e7e9313cc6eb,GENRE_1,False,False
20,Coldplay,2023-03-17,2023,ESTADIO DO MORUMBI,COLDPLAY,67000.0,ARENAS E ESTADIOS,ESTADIO MULTIUSO,-23.600089,-46.720090,4gzpq5DPGxSnKTe4SA8HAU,POP,89.0,61164769.0,https://i.scdn.co/image/ab6761610000e5eb1ba8fc5f5c73e7e9313cc6eb,GENRE_1,False,False
21,Coldplay,2023-03-18,2023,ESTADIO DO MORUMBI,COLDPLAY,67000.0,ARENAS E ESTADIOS,ESTADIO MULTIUSO,-23.600089,-46.720090,4gzpq5DPGxSnKTe4SA8HAU,POP,89.0,61164769.0,https://i.scdn.co/image/ab6761610000e5eb1ba8fc5f5c73e7e9313cc6eb,GENRE_1,False,False
22,Imagine Dragons,2023-02-28,2023,ALLIANZ PARQUE,IMAGINE DRAGONS,45000.0,ARENAS E ESTADIOS,ESTADIO MULTIUSO,-23.5276207,-46.6784662,53XhwfbYqKCa1cC15pYq2q,ROCK,86.0,58517632.0,https://i.scdn.co/image/ab6761610000e5ebab47d8dae2b24f5afe7f9d38,GENRE_1,False,False
23,Imagine Dragons,2025-10-31,2025,MORUMBIS,IMAGINE DRAGONS,67000.0,ARENAS E ESTADIOS,ESTADIO MULTIUSO,-23.60077,-46.72010,53XhwfbYqKCa1cC15pYq2q,ROCK,86.0,58517632.0,https://i.scdn.co/image/ab6761610000e5ebab47d8dae2b24f5afe7f9d38,GENRE_1,False,False
24,Imagine Dragons,2025-11-01,2025,MORUMBIS,IMAGINE DRAGONS,67000.0,ARENAS E ESTADIOS,ESTADIO MULTIUSO,-23.60077,-46.72010,53XhwfbYqKCa1cC15pYq2q,ROCK,86.0,58517632.0,https://i.scdn.co/image/ab6761610000e5ebab47d8dae2b24f5afe7f9d38,GENRE_1,False,False
25,Lana Del Rey,2023-06-03,2023,NOVO ANHANGABAU,LANA DEL REY,35000.0,GRANDES CASAS,AREA EXTERNA PARA EVENTOS,-23.54429,-46.63623,00FQb4jTyendYWaN8pK0wa,POP,89.0,52364576.0,https://i.scdn.co/image/ab6761610000e5ebb99cacf8acd5378206767261,GENRE_1,MITA FESTIVAL,LANA DEL REY
26,Olivia Rodrigo,2025-03-28,2025,AUTODROMO DE INTERLAGOS,OLIVIA RODRIGO,100000.0,ARENAS E ESTADIOS,AREA EXTERNA PARA EVENTOS,-23.7000,-46.6972,1McMsnEElThX1knmY4oliG,POP,86.0,49471454.0,https://i.scdn.co/image/ab6761610000e5ebe03a98785f3658f0b6461ec4,GENRE_1,LOLLAPALOOZA,OLIVIA RODRIGO
27,Post Malone,2023-09-02,2023,AUTODROMO DE INTERLAGOS,POST MALONE,100000.0,ARENAS E ESTADIOS,AREA EXTERNA PARA EVENTOS,-23.7000,-46.6972,246dkjvS1zLTtiykXe5h60,"HIP HOP, POP",87.0,47812166.0,https://i.scdn.co/image/ab6761610000e5ebe17c0aa1714a03d62b5ce4e0,LETTER_1,THE TOWN,"POST MALONE, DEMI LOVATO"
28,Post Malone,2024-12-21,2024,NEO QUIMICA ARENA,POST MALONE,49000.0,ARENAS E ESTADIOS,ESTADIO MULTIUSO,-23.54534,-46.47476,246dkjvS1zLTtiykXe5h60,"HIP HOP, POP",87.0,47812166.0,https://i.scdn.co/image/ab6761610000e5ebe17c0aa1714a03d62b5ce4e0,LETTER_1,False,False
29,Dua Lipa,2022-09-08,2022,ARENA ANHEMBI,DUA LIPA,30000.0,GRANDES CASAS,AREA EXTERNA PARA EVENTOS,-23.51611,-46.64320,6M2wZ9GZgrQXHCFfjv46we,POP,87.0,47039248.0,https://i.scdn.co/image/ab6761610000e5eb0c68f6c95232e716f0abee8d,GENRE_1,False,False
30,Dua Lipa,2025-11-15,2025,MORUMBIS,DUA LIPA,67000.0,ARENAS E ESTADIOS,ESTADIO MULTIUSO,-23.60077,-46.72010,6M2wZ9GZgrQXHCFfjv46we,POP,87.0,47039248.0,https://i.scdn.co/image/ab6761610000e5eb0c68f6c95232e716f0abee8d,GENRE_1,False,False
31,Maroon 5,2023-09-07,2023,AUTODROMO DE INTERLAGOS,MAROON 5,100000.0,ARENAS E ESTADIOS,AREA EXTERNA PARA EVENTOS,-23.7000,-46.6972,04gDigrS5kc9YWfZHwBETP,POP,86.0,45957983.0,https://i.scdn.co/image/ab6761610000e5ebf8349dfb619a7f842242de77,GENRE_1,THE TOWN,"MAROON 5, THE CHAINSMOKERS"
32,Maroon 5,2022-04-05,2022,ALLIANZ PARQUE,MAROON 5,45000.0,ARENAS E ESTADIOS,ESTADIO MULTIUSO,-23.5276207,-46.6784662,04gDigrS5kc9YWfZHwBETP,POP,86.0,45957983.0,https://i.scdn.co/image/ab6761610000e5ebf8349dfb619a7f842242de77,GENRE_1,False,False
33,Shawn Mendes,2025-03-29,2025,AUTODROMO DE INTERLAGOS,SHAWN MENDES,100000.0,ARENAS E ESTADIOS,AREA EXTERNA PARA EVENTOS,-23.7000,-46.6972,7n2wHs1TKAczGzO7Dd2rGr,POP,82.0,45801371.0,https://i.scdn.co/image/ab6761610000e5eb58b4b9419486550f6fda0535,GENRE_1,LOLLAPALOOZA,SHAWN MENDES
34,Kendrick Lamar,2023-11-05,2023,ALLIANZ PARQUE,KENDRICK LAMAR,45000.0,ARENAS E ESTADIOS,ESTADIO MULTIUSO,-23.5276207,-46.6784662,2YZyLoL8N0Wb9xBt1NhZWg,"HIP HOP, WEST COAST HIP HOP",90.0,44936093.0,https://i.scdn.co/image/ab6761610000e5eb39ba6dcd4355c03de0b50918,LETTER_1,False,False
35,Kendrick Lamar,2025-09-30,2025,ALLIANZ PARQUE,KENDRICK LAMAR,45000.0,ARENAS E ESTADIOS,ESTADIO MULTIUSO,-23.5276207,-46.6784662,2YZyLoL8N0Wb9xBt1NhZWg,"HIP HOP, WEST COAST HIP HOP",90.0,44936093.0,https://i.scdn.co/image/ab6761610000e5eb39ba6dcd4355c03de0b50918,LETTER_1,False,False
36,Travis Scott,2025-09-06,2025,AUDIO,TRAVIS SCOTT,3200.0,MEDIAS CASAS,CASA DE SHOWS,-23.52822,-46.66968,0Y5tJX1MQlPlqiwlOH1tJY,RAP,90.0,41409574.0,https://i.scdn.co/image/ab6761610000e5eb19c2790744c792d05570bb71,LETTER_1,False,False
37,Travis Scott,2025-09-06,2025,AUTODROMO DE INTERLAGOS,TRAVIS SCOTT,100000.0,ARENAS E ESTADIOS,AREA EXTERNA PARA EVENTOS,-23.7000,-46.6972,0Y5tJX1MQlPlqiwlOH1tJY,RAP,90.0,41409574.0,https://i.scdn.co/image/ab6761610000e5eb19c2790744c792d05570bb71,LETTER_1,THE TOWN,TRAVIS SCOTT
38,Travis Scott,2024-09-11,2024,ALLIANZ PARQUE,TRAVIS SCOTT,45000.0,ARENAS E ESTADIOS,ESTADIO MULTIUSO,-23.5276207,-46.6784662,0Y5tJX1MQlPlqiwlOH1tJY,RAP,90.0,41409574.0,https://i.scdn.co/image/ab6761610000e5eb19c2790744c792d05570bb71,LETTER_1,False,False
39,Travis Scott,2022-11-06,2022,DISTRITO ANHEMBI,TRAVIS SCOTT,35000.0,GRANDES CASAS,AREA EXTERNA PARA EVENTOS,-23.51611,-46.64320,0Y5tJX1MQlPlqiwlOH1tJY,RAP,90.0,41409574.0,https://i.scdn.co/image/ab6761610000e5eb19c2790744c792d05570bb71,LETTER_1,PRIMAVERA SOUND,"TRAVIS SCOTT, LORDE"
40,Alan Walker,2022-03-25,2022,AUTODROMO DE INTERLAGOS,ALAN WALKER,100000.0,ARENAS E ESTADIOS,AREA EXTERNA PARA EVENTOS,-23.7000,-46.6972,7vk5e3vY1uw9plTHJAMwjN,EDM,79.0,41332399.0,https://i.scdn.co/image/ab6761610000e5eb572a8eae56feae217f618078,LETTER_1,LOLLAPALOOZA,THE STROKES
41,Alan Walker,2023-04-21,2023,VALE DO ANHANGABAU,ALAN WALKER,35000.0,GRANDES CASAS,AREA EXTERNA PARA EVENTOS,-23.54429,-46.63623,7vk5e3vY1uw9plTHJAMwjN,EDM,79.0,41332399.0,https://i.scdn.co/image/ab6761610000e5eb572a8eae56feae217f618078,LETTER_1,ULTRA BRASIL,MASHMALLOW
42,J Balvin,2025-09-14,2025,AUTODROMO DE INTERLAGOS,J BALVIN,100000.0,ARENAS E ESTADIOS,AREA EXTERNA PARA EVENTOS,-23.7000,-46.6972,1vyhD5VmyZ7KMfW5gqLgo5,"REGGAETON, LATIN",87.0,39243150.0,https://i.scdn.co/image/ab6761610000e5eb0405b03342c2e56751b9923d,GENRE_2,THE TOWN,KATY PERRY
43,Katy Perry,2025-09-14,2025,AUTODROMO DE INTERLAGOS,KATY PERRY,100000.0,ARENAS E ESTADIOS,AREA EXTERNA PARA EVENTOS,-23.7000,-46.6972,6jJ0s89eD6GaHleKKya26X,POP,85.0,38598993.0,https://i.scdn.co/image/ab6761610000e5eb4be5330bd48527f9dd620663,GENRE_1,THE TOWN,KATY PERRY
44,Camila Cabello,2025-09-14,2025,AUTODROMO DE INTERLAGOS,CAMILA CABELLO,100000.0,ARENAS E ESTADIOS,AREA EXTERNA PARA EVENTOS,-23.7000,-46.6972,4nDoRrQiYLoBzwC5BhVJzF,POP,79.0,35664207.0,https://i.scdn.co/image/ab6761610000e5eb76470faf6330235edbcb90a9,GENRE_1,THE TOWN,KATY PERRY
45,Guns N’ Roses,2022-09-24,2022,ALLIANZ PARQUE,GUNS N' ROSES,45000.0,ARENAS E ESTADIOS,ESTADIO MULTIUSO,-23.5276207,-46.6784662,3qm84nBOXUEQ2vnTfUTTFC,"ROCK, GLAM METAL, HARD ROCK, CLASSIC ROCK",81.0,35428207.0,https://i.scdn.co/image/ab6761610000e5eb50defaf9fc059a1efc541f4c,GENRE_1,False,False
46,Guns N’ Roses,2025-10-25,2025,ALLIANZ PARQUE,GUNS N' ROSES,45000.0,ARENAS E ESTADIOS,ESTADIO MULTIUSO,-23.5276207,-46.6784662,3qm84nBOXUEQ2vnTfUTTFC,"ROCK, GLAM METAL, HARD ROCK, CLASSIC ROCK",81.0,35428207.0,https://i.scdn.co/image/ab6761610000e5eb50defaf9fc059a1efc541f4c,GENRE_1,False,False
47,Doja Cat,2022-03-24,2022,AUTODROMO DE INTERLAGOS,DOJA CAT,100000.0,ARENAS E ESTADIOS,AREA EXTERNA PARA EVENTOS,-23.7000,-46.6972,5cj0lLjcoR7YOSnhnX0Po5,RAP,87.0,34976945.0,https://i.scdn.co/image/ab6761610000e5eb8a0644455ebfa7d3976f5101,GENRE_1,False,False
48,Doja Cat,2022-03-25,2022,AUTODROMO DE INTERLAGOS,DOJA CAT,100000.0,ARENAS E ESTADIOS,AREA EXTERNA PARA EVENTOS,-23.7000,-46.6972,5cj0lLjcoR7YOSnhnX0Po5,RAP,87.0,34976945.0,https://i.scdn.co/image/ab6761610000e5eb8a0644455ebfa7d3976f5101,GENRE_1,LOLLAPALOOZA,THE STROKES
49,Marshmello,2023-04-21,2023,VALE DO ANHANGABAU,MARSHMELLO,35000.0,GRANDES CASAS,AREA EXTERNA PARA EVENTOS,-23.54429,-46.63623,64KEffDW9EtZ1y2vBYgq8T,EDM,81.0,34516532.0,https://i.scdn.co/image/ab6761610000e5eb3b2498dc8a8c6eceed0a2db3,LETTER_1,ULTRA BRASIL,MASHMALLOW
50,Harry Styles,2022-12-06,2022,ALLIANZ PARQUE,HARRY STYLES,45000.0,ARENAS E ESTADIOS,ESTADIO MULTIUSO,-23.5276207,-46.6784662,6KImCVD70vtIoJWnq6nGn3,POP,81.0,34210950.0,https://i.scdn.co/image/ab6761610000e5ebf7db7c8ede90a019c54590bb,GENRE_1,False,False
51,Harry Styles,2022-12-13,2022,ALLIANZ PARQUE,HARRY STYLES,45000.0,ARENAS E ESTADIOS,ESTADIO MULTIUSO,-23.5276207,-46.6784662,6KImCVD70vtIoJWnq6nGn3,POP,81.0,34210950.0,https://i.scdn.co/image/ab6761610000e5ebf7db7c8ede90a019c54590bb,GENRE_1,False,False
52,Harry Styles,2022-12-14,2022,ALLIANZ PARQUE,HARRY STYLES,45000.0,ARENAS E ESTADIOS,ESTADIO MULTIUSO,-23.5276207,-46.6784662,6KImCVD70vtIoJWnq6nGn3,POP,81.0,34210950.0,https://i.scdn.co/image/ab6761610000e5ebf7db7c8ede90a019c54590bb,GENRE_1,False,False
53,SZA,2024-03-24,2024,AUTODROMO DE INTERLAGOS,SZA,100000.0,ARENAS E ESTADIOS,AREA EXTERNA PARA EVENTOS,-23.7000,-46.6972,7tYKF4w9nC0nq9CsPZTHyP,R&B,88.0,33352641.0,https://i.scdn.co/image/ab6761610000e5ebfd0a9fb6c252a3ba44079acf,GENRE_2,LOLLAPALOOZA,"SZA, SAM SMITH"
54,Metallica,2022-05-10,2022,ESTADIO DO MORUMBI,METALLICA,67000.0,ARENAS E ESTADIOS,ESTADIO MULTIUSO,-23.600089,-46.720090,2ye2Wgw4gimLv2eAKyk1NB,"METAL, THRASH METAL, ROCK, HEAVY METAL, HARD ROCK",83.0,32388906.0,https://i.scdn.co/image/ab6761610000e5eb69ca98dd3083f1082d740e44,GENRE_1,False,False
55,Arctic Monkeys,2022-11-05,2022,DISTRITO ANHEMBI,ARCTIC MONKEYS,35000.0,GRANDES CASAS,AREA EXTERNA PARA EVENTOS,-23.51611,-46.64320,7Ln80lUS6He07XvHI8qqHH,"INDIE, GARAGE ROCK",86.0,32297649.0,https://i.scdn.co/image/ab6761610000e5eb7da39dea0a72f581535fb11f,GENRE_1,PRIMAVERA SOUND,"ARCTIC MONKEYS, BJORK"
56,Linkin Park,2024-11-15,2024,ALLIANZ PARQUE,LINKIN PARK,45000.0,ARENAS E ESTADIOS,ESTADIO MULTIUSO,-23.5276207,-46.6784662,6XyY86QOPPrYVGvF9ch6wz,"NU METAL, RAP METAL, ROCK, ALTERNATIVE METAL",89.0,32062825.0,https://i.scdn.co/image/ab6761610000e5eb527d95dabbe8b8b527e8136f,GENRE_1,False,False
57,Linkin Park,2024-11-16,2024,ALLIANZ PARQUE,LINKIN PARK,45000.0,ARENAS E ESTADIOS,ESTADIO MULTIUSO,-23.5276207,-46.6784662,6XyY86QOPPrYVGvF9ch6wz,"NU METAL, RAP METAL, ROCK, ALTERNATIVE METAL",89.0,32062825.0,https://i.scdn.co/image/ab6761610000e5eb527d95dabbe8b8b527e8136f,GENRE_1,False,False
58,Linkin Park,2025-11-08,2025,MORUMBIS,LINKIN PARK,67000.0,ARENAS E ESTADIOS,ESTADIO MULTIUSO,-23.60077,-46.72010,6XyY86QOPPrYVGvF9ch6wz,"NU METAL, RAP METAL, ROCK, ALTERNATIVE METAL",89.0,32062825.0,https://i.scdn.co/image/ab6761610000e5eb527d95dabbe8b8b527e8136f,GENRE_1,False,False
59,Rauw Alejandro,2025-10-22,2025,VIBRA SAO PAULO,RAUW ALEJANDRO,7000.0,MEDIAS CASAS,TEATRO E CASA DE ESPETACULOS,-23.6475,-46.7239,1mcTU81TzQhprhouKaTkpq,"REGGAETON, URBANO LATINO, TRAP LATINO, LATIN",90.0,31366975.0,https://i.scdn.co/image/ab6761610000e5eb43ea45ccf08451d2511d33fa,GENRE_2,False,False
60,Henrique & Juliano,2025-07-05,2025,ALLIANZ PARQUE,HENRIQUE & JULIANO,45000.0,ARENAS E ESTADIOS,ESTADIO MULTIUSO,-23.5276207,-46.6784662,3p7PcrEHaaKLJnPUGOtRlT,"SERTANEJO, SERTANEJO UNIVERSITARIO, ARROCHA, AGRONEJO",86.0,30383873.0,https://i.scdn.co/image/ab6761610000e5eb30f0dc81183daaee971c2601,GENRE_1,False,False
61,Henrique & Juliano,2025-07-05,2025,ALLIANZ PARQUE,HENRIQUE & JULIANO,45000.0,ARENAS E ESTADIOS,ESTADIO MULTIUSO,-23.5276207,-46.6784662,3p7PcrEHaaKLJnPUGOtRlT,"SERTANEJO, SERTANEJO UNIVERSITARIO, ARROCHA, AGRONEJO",86.0,30383873.0,https://i.scdn.co/image/ab6761610000e5eb30f0dc81183daaee971c2601,GENRE_1,False,False
62,Henrique & Juliano,2021-12-17,2021,ESTADIO DO CANINDE,HENRIQUE & JULIANO,21000.0,GRANDES CASAS,ESTADIO MULTIUSO,-23.52019,-46.61875,3p7PcrEHaaKLJnPUGOtRlT,"SERTANEJO, SERTANEJO UNIVERSITARIO, ARROCHA, AGRONEJO",86.0,30383873.0,https://i.scdn.co/image/ab6761610000e5eb30f0dc81183daaee971c2601,GENRE_1,False,False
63,Henrique & Juliano,2021-12-17,2021,ESTADIO DO CANINDE,HENRIQUE & JULIANO,21000.0,GRANDES CASAS,ESTADIO MULTIUSO,-23.52019,-46.61875,3p7PcrEHaaKLJnPUGOtRlT,"SERTANEJO, SERTANEJO UNIVERSITARIO, ARROCHA, AGRONEJO",86.0,30383873.0,https://i.scdn.co/image/ab6761610000e5eb30f0dc81183daaee971c2601,GENRE_1,False,False
64,Chris Brown,2024-12-21,2024,ALLIANZ PARQUE,CHRIS BROWN,45000.0,ARENAS E ESTADIOS,ESTADIO MULTIUSO,-23.5276207,-46.6784662,7bXgB6jMjp9ATFy66eO08Z,R&B,88.0,28587137.0,https://i.scdn.co/image/ab6761610000e5eba48397e590a1c70e2cda7728,GENRE_2,False,False
65,Chris Brown,2024-12-22,2024,ALLIANZ PARQUE,CHRIS BROWN,45000.0,ARENAS E ESTADIOS,ESTADIO MULTIUSO,-23.5276207,-46.6784662,7bXgB6jMjp9ATFy66eO08Z,R&B,88.0,28587137.0,https://i.scdn.co/image/ab6761610000e5eba48397e590a1c70e2cda7728,GENRE_2,False,False
66,Demi Lovato,2023-09-02,2023,AUTODROMO DE INTERLAGOS,DEMI LOVATO,100000.0,ARENAS E ESTADIOS,AREA EXTERNA PARA EVENTOS,-23.7000,-46.6972,6S2OmqARrzebs0tKUEyXyp,POP,79.0,27284586.0,https://i.scdn.co/image/ab6761610000e5eb42d7061876b87861d7c8f3fb,GENRE_1,THE TOWN,"POST MALONE, DEMI LOVATO"
67,Demi Lovato,2022-08-30,2022,ESPACO UNIMED,DEMI LOVATO,8000.0,MEDIAS CASAS,CASA DE SHOWS,-23.52812,-46.66805,6S2OmqARrzebs0tKUEyXyp,POP,79.0,27284586.0,https://i.scdn.co/image/ab6761610000e5eb42d7061876b87861d7c8f3fb,GENRE_1,False,False
68,Demi Lovato,2022-08-31,2022,ESPACO UNIMED,DEMI LOVATO,8000.0,MEDIAS CASAS,CASA DE SHOWS,-23.52812,-46.66805,6S2OmqARrzebs0tKUEyXyp,POP,79.0,27284586.0,https://i.scdn.co/image/ab6761610000e5eb42d7061876b87861d7c8f3fb,GENRE_1,False,False
69,Sabrina Carpenter,2023-11-24,2023,ALLIANZ PARQUE,SABRINA CARPENTER,45000.0,ARENAS E ESTADIOS,ESTADIO MULTIUSO,-23.5276207,-46.6784662,74KM79TiuVKeVCqs8QtB0B,POP,92.0,27074990.0,https://i.scdn.co/image/ab6761610000e5eb78e45cfa4697ce3c437cb455,GENRE_1,False,False
70,Sabrina Carpenter,2023-11-25,2023,ALLIANZ PARQUE,SABRINA CARPENTER,45000.0,ARENAS E ESTADIOS,ESTADIO MULTIUSO,-23.5276207,-46.6784662,74KM79TiuVKeVCqs8QtB0B,POP,92.0,27074990.0,https://i.scdn.co/image/ab6761610000e5eb78e45cfa4697ce3c437cb455,GENRE_1,False,False
71,Sabrina Carpenter,2023-11-26,2023,ALLIANZ PARQUE,SABRINA CARPENTER,45000.0,ARENAS E ESTADIOS,ESTADIO MULTIUSO,-23.5276207,-46.6784662,74KM79TiuVKeVCqs8QtB0B,POP,92.0,27074990.0,https://i.scdn.co/image/ab6761610000e5eb78e45cfa4697ce3c437cb455,GENRE_1,False,False
72,Sabrina Carpenter,2023-06-04,2023,NOVO ANHANGABAU,SABRINA CARPENTER,35000.0,GRANDES CASAS,AREA EXTERNA PARA EVENTOS,-23.54429,-46.63623,74KM79TiuVKeVCqs8QtB0B,POP,92.0,27074990.0,https://i.scdn.co/image/ab6761610000e5eb78e45cfa4697ce3c437cb455,GENRE_1,MITA FESTIVAL,FLORENCE + THE MACHINE
73,Miley Cyrus,2022-03-26,2022,AUTODROMO DE INTERLAGOS,MILEY CYRUS,100000.0,ARENAS E ESTADIOS,AREA EXTERNA PARA EVENTOS,-23.7000,-46.6972,5YGY8feqx7naU7z4HrwZM6,POP,82.0,26650518.0,https://i.scdn.co/image/ab6761610000e5ebf4cccd14ec026038d713e353,GENRE_1,LOLLAPALOOZA,MILEY CYRUS
74,Sam Smith,2024-03-24,2024,AUTODROMO DE INTERLAGOS,SAM SMITH,100000.0,ARENAS E ESTADIOS,AREA EXTERNA PARA EVENTOS,-23.7000,-46.6972,2wY79sveU1sp5g7SokKOiI,SOFT POP,82.0,26375062.0,https://i.scdn.co/image/ab6761610000e5eb3262e01b79152c4f8007f3ac,GENRE_1,LOLLAPALOOZA,"SZA, SAM SMITH"
75,twenty one pilots,2023-03-25,2023,AUTODROMO DE INTERLAGOS,TWENTY ONE PILOTS,100000.0,ARENAS E ESTADIOS,AREA EXTERNA PARA EVENTOS,-23.7000,-46.6972,3YQKmKGau1PzlVlkL1iodx,ROCK,84.0,25816700.0,https://i.scdn.co/image/ab6761610000e5eb61a7ea26d33ded218cd1e59d,GENRE_1,LOLLAPALOOZA,"TWENTY ONE PILOTS, TAME IMPALA"
76,twenty one pilots,2022-11-12,2022,ALLIANZ PARQUE,TWENTY ONE PILOTS,45000.0,ARENAS E ESTADIOS,ESTADIO MULTIUSO,-23.5276207,-46.6784662,3YQKmKGau1PzlVlkL1iodx,ROCK,84.0,25816700.0,https://i.scdn.co/image/ab6761610000e5eb61a7ea26d33ded218cd1e59d,GENRE_1,False,False
77,Jorge & Mateus,2022-01-08,2022,EXPO CENTER NORTE,JORGE & MATEUS,25000.0,GRANDES CASAS,CENTRO DE EXPOSICOES,-23.5130,-46.6237,1elUiq4X7pxej6FRlrEzjM,"SERTANEJO, SERTANEJO UNIVERSITARIO, ARROCHA, AGRONEJO",81.0,24190447.0,https://i.scdn.co/image/ab6761610000e5ebcdef7b197f1add89019d6ad4,GENRE_1,False,False
78,Jorge & Mateus,2022-03-01,2022,JOCKEY CLUB,JORGE & MATEUS,10000.0,MEDIAS CASAS,CENTRO DE EVENTOS,-23.57058,-46.70035,1elUiq4X7pxej6FRlrEzjM,"SERTANEJO, SERTANEJO UNIVERSITARIO, ARROCHA, AGRONEJO",81.0,24190447.0,https://i.scdn.co/image/ab6761610000e5ebcdef7b197f1add89019d6ad4,GENRE_1,False,False
79,Jorge & Mateus,2023-02-21,2023,JOCKEY CLUB,JORGE & MATEUS,10000.0,MEDIAS CASAS,CENTRO DE EVENTOS,-23.57058,-46.70035,1elUiq4X7pxej6FRlrEzjM,"SERTANEJO, SERTANEJO UNIVERSITARIO, ARROCHA, AGRONEJO",81.0,24190447.0,https://i.scdn.co/image/ab6761610000e5ebcdef7b197f1add89019d6ad4,GENRE_1,False,False
80,Jorge & Mateus,2022-08-20,2022,DISTRITO ANHEMBI,JORGE & MATEUS,35000.0,GRANDES CASAS,AREA EXTERNA PARA EVENTOS,-23.51611,-46.64320,1elUiq4X7pxej6FRlrEzjM,"SERTANEJO, SERTANEJO UNIVERSITARIO, ARROCHA, AGRONEJO",81.0,24190447.0,https://i.scdn.co/image/ab6761610000e5ebcdef7b197f1add89019d6ad4,GENRE_1,False,False
81,Jorge & Mateus,2022-12-17,2022,NOVO ANHANGABAU,JORGE & MATEUS,35000.0,GRANDES CASAS,AREA EXTERNA PARA EVENTOS,-23.54429,-46.63623,1elUiq4X7pxej6FRlrEzjM,"SERTANEJO, SERTANEJO UNIVERSITARIO, ARROCHA, AGRONEJO",81.0,24190447.0,https://i.scdn.co/image/ab6761610000e5ebcdef7b197f1add89019d6ad4,GENRE_1,False,False
82,Jorge & Mateus,2025-04-05,2025,MERCADO LIVRE ARENA PACAEMBU,JORGE & MATEUS,40000.0,ARENAS E ESTADIOS,ESTADIO MULTIUSO,-23.5486,-46.6651,1elUiq4X7pxej6FRlrEzjM,"SERTANEJO, SERTANEJO UNIVERSITARIO, ARROCHA, AGRONEJO",81.0,24190447.0,https://i.scdn.co/image/ab6761610000e5ebcdef7b197f1add89019d6ad4,GENRE_1,False,False
83,Jorge & Mateus,2025-04-06,2025,MERCADO LIVRE ARENA PACAEMBU,JORGE & MATEUS,40000.0,ARENAS E ESTADIOS,ESTADIO MULTIUSO,-23.5486,-46.6651,1elUiq4X7pxej6FRlrEzjM,"SERTANEJO, SERTANEJO UNIVERSITARIO, ARROCHA, AGRONEJO",81.0,24190447.0,https://i.scdn.co/image/ab6761610000e5ebcdef7b197f1add89019d6ad4,GENRE_1,False,False
84,TWICE,2024-02-06,2024,ALLIANZ PARQUE,TWICE,45000.0,ARENAS E ESTADIOS,ESTADIO MULTIUSO,-23.5276207,-46.6784662,7n2Ycct7Beij7Dj7meI4X0,K-POP,83.0,23523182.0,https://i.scdn.co/image/ab6761610000e5eb3d8820046fd455b38d644864,GENRE_1,False,False
85,TWICE,2024-02-06,2024,ALLIANZ PARQUE,TWICE,45000.0,ARENAS E ESTADIOS,ESTADIO MULTIUSO,-23.5276207,-46.6784662,7n2Ycct7Beij7Dj7meI4X0,K-POP,83.0,23523182.0,https://i.scdn.co/image/ab6761610000e5eb3d8820046fd455b38d644864,GENRE_1,False,False
86,TWICE,2024-02-07,2024,ALLIANZ PARQUE,TWICE,45000.0,ARENAS E ESTADIOS,ESTADIO MULTIUSO,-23.5276207,-46.6784662,7n2Ycct7Beij7Dj7meI4X0,K-POP,83.0,23523182.0,https://i.scdn.co/image/ab6761610000e5eb3d8820046fd455b38d644864,GENRE_1,False,False
87,TWICE,2024-02-07,2024,ALLIANZ PARQUE,TWICE,45000.0,ARENAS E ESTADIOS,ESTADIO MULTIUSO,-23.5276207,-46.6784662,7n2Ycct7Beij7Dj7meI4X0,K-POP,83.0,23523182.0,https://i.scdn.co/image/ab6761610000e5eb3d8820046fd455b38d644864,GENRE_1,False,False
88,Gusttavo Lima,2022-11-26,2022,ALLIANZ PARQUE,GUSTTAVO LIMA,45000.0,ARENAS E ESTADIOS,ESTADIO MULTIUSO,-23.5276207,-46.6784662,7MiDcPa6UiV3In7lIM71IN,"SERTANEJO, SERTANEJO UNIVERSITARIO, ARROCHA, AGRONEJO, PISEIRO, FORRO",79.0,23371108.0,https://i.scdn.co/image/ab6761610000e5eb08cacf062848b7318679b1b4,GENRE_1,False,False
89,Gusttavo Lima,2024-12-21,2024,NEO QUIMICA ARENA,GUSTTAVO LIMA,49000.0,ARENAS E ESTADIOS,ESTADIO MULTIUSO,-23.54534,-46.47476,7MiDcPa6UiV3In7lIM71IN,"SERTANEJO, SERTANEJO UNIVERSITARIO, ARROCHA, AGRONEJO, PISEIRO, FORRO",79.0,23371108.0,https://i.scdn.co/image/ab6761610000e5eb08cacf062848b7318679b1b4,GENRE_1,False,False
90,Gusttavo Lima,2024-12-14,2024,MORUMBIS,GUSTTAVO LIMA,67000.0,ARENAS E ESTADIOS,ESTADIO MULTIUSO,-23.60077,-46.72010,7MiDcPa6UiV3In7lIM71IN,"SERTANEJO, SERTANEJO UNIVERSITARIO, ARROCHA, AGRONEJO, PISEIRO, FORRO",79.0,23371108.0,https://i.scdn.co/image/ab6761610000e5eb08cacf062848b7318679b1b4,GENRE_1,False,False
91,Red Hot Chili Peppers,2023-11-10,2023,ESTADIO DO MORUMBI,RED HOT CHILI PEPPERS,67000.0,ARENAS E ESTADIOS,ESTADIO MULTIUSO,-23.600089,-46.720090,0L8ExT028jH3ddEcZwqJJ5,"FUNK ROCK, ALTERNATIVE ROCK, ROCK",84.0,23344771.0,https://i.scdn.co/image/ab6761610000e5ebc33cc15260b767ddec982ce8,GENRE_1,False,False
92,Zé Neto & Cristiano,2021-12-04,2021,ARENA ANHEMBI,ZE NETO & CRISTIANO,30000.0,GRANDES CASAS,AREA EXTERNA PARA EVENTOS,-23.51611,-46.64320,487N2T9nIPEHrlTZLL3SQs,"SERTANEJO, SERTANEJO UNIVERSITARIO, AGRONEJO, ARROCHA",80.0,22937866.0,https://i.scdn.co/image/ab6761610000e5ebc76b86b0ae0aec212d7eea0f,GENRE_1,False,False
93,Zé Neto & Cristiano,2021-12-04,2021,ARENA ANHEMBI,ZE NETO & CRISTIANO,30000.0,GRANDES CASAS,AREA EXTERNA PARA EVENTOS,-23.51611,-46.64320,487N2T9nIPEHrlTZLL3SQs,"SERTANEJO, SERTANEJO UNIVERSITARIO, AGRONEJO, ARROCHA",80.0,22937866.0,https://i.scdn.co/image/ab6761610000e5ebc76b86b0ae0aec212d7eea0f,GENRE_1,False,False
94,Zé Neto & Cristiano,2021-12-04,2021,ARENA ANHEMBI,ZE NETO & CRISTIANO,30000.0,GRANDES CASAS,AREA EXTERNA PARA EVENTOS,-23.51611,-46.64320,487N2T9nIPEHrlTZLL3SQs,"SERTANEJO, SERTANEJO UNIVERSITARIO, AGRONEJO, ARROCHA",80.0,22937866.0,https://i.scdn.co/image/ab6761610000e5ebc76b86b0ae0aec212d7eea0f,GENRE_1,False,False
95,Zé Neto & Cristiano,2023-08-19,2023,SAMBODROMO DO ANHEMBI,ZE NETO & CRISTIANO,100000.0,ARENAS E ESTADIOS,AREA EXTERNA PARA EVENTOS,-23.5079,-46.6379,487N2T9nIPEHrlTZLL3SQs,"SERTANEJO, SERTANEJO UNIVERSITARIO, AGRONEJO, ARROCHA",80.0,22937866.0,https://i.scdn.co/image/ab6761610000e5ebc76b86b0ae0aec212d7eea0f,GENRE_1,False,False
96,Zé Neto & Cristiano,2023-08-19,2023,SAMBODROMO DO ANHEMBI,ZE NETO & CRISTIANO,100000.0,ARENAS E ESTADIOS,AREA EXTERNA PARA EVENTOS,-23.5079,-46.6379,487N2T9nIPEHrlTZLL3SQs,"SERTANEJO, SERTANEJO UNIVERSITARIO, AGRONEJO, ARROCHA",80.0,22937866.0,https://i.scdn.co/image/ab6761610000e5ebc76b86b0ae0aec212d7eea0f,GENRE_1,False,False
97,Zé Neto & Cristiano,2023-08-19,2023,SAMBODROMO DO ANHEMBI,ZE NETO & CRISTIANO,100000.0,ARENAS E ESTADIOS,AREA EXTERNA PARA EVENTOS,-23.5079,-46.6379,487N2T9nIPEHrlTZLL3SQs,"SERTANEJO, SERTANEJO UNIVERSITARIO, AGRONEJO, ARROCHA",80.0,22937866.0,https://i.scdn.co/image/ab6761610000e5ebc76b86b0ae0aec212d7eea0f,GENRE_1,False,False
98,Zé Neto & Cristiano,2022-08-20,2022,DISTRITO ANHEMBI,ZE NETO & CRISTIANO,35000.0,GRANDES CASAS,AREA EXTERNA PARA EVENTOS,-23.51611,-46.64320,487N2T9nIPEHrlTZLL3SQs,"SERTANEJO, SERTANEJO UNIVERSITARIO, AGRONEJO, ARROCHA",80.0,22937866.0,https://i.scdn.co/image/ab6761610000e5ebc76b86b0ae0aec212d7eea0f,GENRE_1,False,False
99,Zé Neto & Cristiano,2022-08-20,2022,DISTRITO ANHEMBI,ZE NETO & CRISTIANO,35000.0,GRANDES CASAS,AREA EXTERNA PARA EVENTOS,-23.51611,-46.64320,487N2T9nIPEHrlTZLL3SQs,"SERTANEJO, SERTANEJO UNIVERSITARIO, AGRONEJO, ARROCHA",80.0,22937866.0,https://i.scdn.co/image/ab6761610000e5ebc76b86b0ae0aec212d7eea0f,GENRE_1,False,False
100,Zé Neto & Cristiano,2022-08-20,2022,DISTRITO ANHEMBI,ZE NETO & CRISTIANO,35000.0,GRANDES CASAS,AREA EXTERNA PARA EVENTOS,-23.51611,-46.64320,487N2T9nIPEHrlTZLL3SQs,"SERTANEJO, SERTANEJO UNIVERSITARIO, AGRONEJO, ARROCHA",80.0,22937866.0,https://i.scdn.co/image/ab6761610000e5ebc76b86b0ae0aec212d7eea0f,GENRE_1,False,False
101,Zé Neto & Cristiano,2024-08-17,2024,DISTRITO ANHEMBI,ZE NETO & CRISTIANO,35000.0,GRANDES CASAS,AREA EXTERNA PARA EVENTOS,-23.51611,-46.64320,487N2T9nIPEHrlTZLL3SQs,"SERTANEJO, SERTANEJO UNIVERSITARIO, AGRONEJO, ARROCHA",80.0,22937866.0,https://i.scdn.co/image/ab6761610000e5ebc76b86b0ae0aec212d7eea0f,GENRE_1,False,False
102,Zé Neto & Cristiano,2024-08-17,2024,DISTRITO ANHEMBI,ZE NETO & CRISTIANO,35000.0,GRANDES CASAS,AREA EXTERNA PARA EVENTOS,-23.51611,-46.64320,487N2T9nIPEHrlTZLL3SQs,"SERTANEJO, SERTANEJO UNIVERSITARIO, AGRONEJO, ARROCHA",80.0,22937866.0,https://i.scdn.co/image/ab6761610000e5ebc76b86b0ae0aec212d7eea0f,GENRE_1,False,False
103,Zé Neto & Cristiano,2024-08-17,2024,DISTRITO ANHEMBI,ZE NETO & CRISTIANO,35000.0,GRANDES CASAS,AREA EXTERNA PARA EVENTOS,-23.51611,-46.64320,487N2T9nIPEHrlTZLL3SQs,"SERTANEJO, SERTANEJO UNIVERSITARIO, AGRONEJO, ARROCHA",80.0,22937866.0,https://i.scdn.co/image/ab6761610000e5ebc76b86b0ae0aec212d7eea0f,GENRE_1,False,False
104,Halsey,2023-11-04,2023,ALLIANZ PARQUE,HALSEY,45000.0,ARENAS E ESTADIOS,ESTADIO MULTIUSO,-23.5276207,-46.6784662,26VFTg2z8YR0cCuwLzESi2,POP,82.0,22444334.0,https://i.scdn.co/image/ab6761610000e5eb15136101a0f63f0b2800b9dc,GENRE_1,False,False
105,Melanie Martinez,2023-03-25,2023,AUTODROMO DE INTERLAGOS,MELANIE MARTINEZ,100000.0,ARENAS E ESTADIOS,AREA EXTERNA PARA EVENTOS,-23.7000,-46.6972,63yrD80RY3RNEM2YDpUpO8,POP,76.0,22244787.0,https://i.scdn.co/image/ab6761610000e5eb77ecd63aaebe2225b07c89f0,GENRE_1,LOLLAPALOOZA,"TWENTY ONE PILOTS, TAME IMPALA"
106,The Chainsmokers,2023-09-07,2023,AUTODROMO DE INTERLAGOS,THE CHAINSMOKERS,100000.0,ARENAS E ESTADIOS,AREA EXTERNA PARA EVENTOS,-23.7000,-46.6972,69GGBxA162lTqCwzJG5jLp,EDM,81.0,21398553.0,https://i.scdn.co/image/ab6761610000e5eb4567279fac84a0375c3d819b,GENRE_1,THE TOWN,"MAROON 5, THE CHAINSMOKERS"
107,Stray Kids,2025-04-05,2025,MORUMBIS,STRAY KIDS,67000.0,ARENAS E ESTADIOS,ESTADIO MULTIUSO,-23.60077,-46.72010,2dIgFjalVxs4ThymZ67YCE,"K-POP, NOISE MUSIC",85.0,21247892.0,https://i.scdn.co/image/ab6761610000e5ebf9887d2c9288f0e50a3fd69f,GENRE_1,False,False
108,Stray Kids,2025-04-06,2025,MORUMBIS,STRAY KIDS,67000.0,ARENAS E ESTADIOS,ESTADIO MULTIUSO,-23.60077,-46.72010,2dIgFjalVxs4ThymZ67YCE,"K-POP, NOISE MUSIC",85.0,21247892.0,https://i.scdn.co/image/ab6761610000e5ebf9887d2c9288f0e50a3fd69f,GENRE_1,False,False
109,Luis Miguel,2024-03-23,2024,ALLIANZ PARQUE,LUIS MIGUEL,45000.0,ARENAS E ESTADIOS,ESTADIO MULTIUSO,-23.5276207,-46.6784662,2nszmSgqreHSdJA3zWPyrW,"MARIACHI, BOLERO, LATIN POP, RANCHERA, VILLANCICOS",83.0,20707647.0,https://i.scdn.co/image/ab6761610000e5eb6481401e529e475116702a29,GENRE_1,False,False
110,Cigarettes After Sex,2023-03-27,2023,AUDIO,CIGARETTES AFTER SEX,3200.0,MEDIAS CASAS,CASA DE SHOWS,-23.52822,-46.66968,1QAJqy2dA3ihHBFIHRphZj,DREAM POP,85.0,17557432.0,https://i.scdn.co/image/ab6761610000e5eb1c312be98c615df97ea79a30,GENRE_1,False,False
111,Cigarettes After Sex,2023-03-26,2023,AUTODROMO DE INTERLAGOS,CIGARETTES AFTER SEX,100000.0,ARENAS E ESTADIOS,AREA EXTERNA PARA EVENTOS,-23.7000,-46.6972,1QAJqy2dA3ihHBFIHRphZj,DREAM POP,85.0,17557432.0,https://i.scdn.co/image/ab6761610000e5eb1c312be98c615df97ea79a30,GENRE_1,LOLLAPALOOZA,"DRAKE, ROSALIA"
112,Green Day,2025-09-07,2025,AUTODROMO DE INTERLAGOS,GREEN DAY,100000.0,ARENAS E ESTADIOS,AREA EXTERNA PARA EVENTOS,-23.7000,-46.6972,7oPftvlwr6VrsViSDV7fJY,"PUNK, POP PUNK",81.0,17427311.0,https://i.scdn.co/image/ab6761610000e5eb6ff0cd5ef2ecf733804984bb,GENRE_1,THE TOWN,GREEN DAY
113,A$AP Rocky,2022-03-26,2022,AUTODROMO DE INTERLAGOS,A$AP ROCKY,100000.0,ARENAS E ESTADIOS,AREA EXTERNA PARA EVENTOS,-23.7000,-46.6972,13ubrt8QOOCPljQ2FL1Kca,RAP,83.0,17425229.0,https://i.scdn.co/image/ab6761610000e5eb5c58c41a506a0d6b32cc6cad,LETTER_1,LOLLAPALOOZA,MILEY CYRUS
114,Justin Timberlake,2025-03-30,2025,AUTODROMO DE INTERLAGOS,JUSTIN TIMBERLAKE,100000.0,ARENAS E ESTADIOS,AREA EXTERNA PARA EVENTOS,-23.7000,-46.6972,31TPClRtHm23RisEBtV3X7,POP,83.0,15918172.0,https://i.scdn.co/image/ab6761610000e5eb7a5cfe2597665a3d160e805e,GENRE_1,LOLLAPALOOZA,JUSTIN TIMBERLAKE
115,Playboi Carti,2022-06-17,2022,SAMBODROMO DO ANHEMBI,PLAYBOI CARTI,100000.0,ARENAS E ESTADIOS,AREA EXTERNA PARA EVENTOS,-23.5079,-46.6379,699OTQXzgjhIYAHMy9RyPD,RAGE RAP,87.0,15147775.0,https://i.scdn.co/image/ab6761610000e5ebba50ca67ffc3097f6ea1710a,LETTER_1,False,False
116,Martin Garrix,2022-03-27,2022,AUTODROMO DE INTERLAGOS,MARTIN GARRIX,100000.0,ARENAS E ESTADIOS,AREA EXTERNA PARA EVENTOS,-23.7000,-46.6972,60d24wfXkVzDSfLS6hyCjZ,"EDM, PROGRESSIVE HOUSE, ELECTRONICA",75.0,15120321.0,https://i.scdn.co/image/ab6761610000e5ebf5b8ee60f1f4ee3453aba40b,LETTER_1,LOLLAPALOOZA,FOO FIGHTERS
117,Maiara & Maraisa,2022-04-15,2022,ESPACO DAS AMERICAS,MAIARA & MARAISA,8000.0,MEDIAS CASAS,CASA DE SHOWS,-23.5156,-46.6820,59jlthNnbmim5l9tmNA7se,"SERTANEJO, SERTANEJO UNIVERSITARIO, PISEIRO",72.0,14752573.0,https://i.scdn.co/image/ab6761610000e5eb1e6bb2217bfd6a497a908246,GENRE_1,False,False
118,Maiara & Maraisa,2022-04-15,2022,ESPACO DAS AMERICAS,MAIARA & MARAISA,8000.0,MEDIAS CASAS,CASA DE SHOWS,-23.5156,-46.6820,59jlthNnbmim5l9tmNA7se,"SERTANEJO, SERTANEJO UNIVERSITARIO, PISEIRO",72.0,14752573.0,https://i.scdn.co/image/ab6761610000e5eb1e6bb2217bfd6a497a908246,GENRE_1,False,False
119,Maiara & Maraisa,2022-04-15,2022,ESPACO DAS AMERICAS,MAIARA & MARAISA,8000.0,MEDIAS CASAS,CASA DE SHOWS,-23.5156,-46.6820,59jlthNnbmim5l9tmNA7se,"SERTANEJO, SERTANEJO UNIVERSITARIO, PISEIRO",72.0,14752573.0,https://i.scdn.co/image/ab6761610000e5eb1e6bb2217bfd6a497a908246,GENRE_1,False,False
120,Maiara & Maraisa,2022-04-17,2022,ESPACO DAS AMERICAS,MAIARA & MARAISA,8000.0,MEDIAS CASAS,CASA DE SHOWS,-23.5156,-46.6820,59jlthNnbmim5l9tmNA7se,"SERTANEJO, SERTANEJO UNIVERSITARIO, PISEIRO",72.0,14752573.0,https://i.scdn.co/image/ab6761610000e5eb1e6bb2217bfd6a497a908246,GENRE_1,False,False
121,Maiara & Maraisa,2022-04-17,2022,ESPACO DAS AMERICAS,MAIARA & MARAISA,8000.0,MEDIAS CASAS,CASA DE SHOWS,-23.5156,-46.6820,59jlthNnbmim5l9tmNA7se,"SERTANEJO, SERTANEJO UNIVERSITARIO, PISEIRO",72.0,14752573.0,https://i.scdn.co/image/ab6761610000e5eb1e6bb2217bfd6a497a908246,GENRE_1,False,False
122,Maiara & Maraisa,2022-04-17,2022,ESPACO DAS AMERICAS,MAIARA & MARAISA,8000.0,MEDIAS CASAS,CASA DE SHOWS,-23.5156,-46.6820,59jlthNnbmim5l9tmNA7se,"SERTANEJO, SERTANEJO UNIVERSITARIO, PISEIRO",72.0,14752573.0,https://i.scdn.co/image/ab6761610000e5eb1e6bb2217bfd6a497a908246,GENRE_1,False,False
123,Maiara & Maraisa,2021-10-22,2021,VILLA COUNTRY,MAIARA & MARAISA,8000.0,MEDIAS CASAS,CASA DE SHOWS,-23.5832,-46.6348,59jlthNnbmim5l9tmNA7se,"SERTANEJO, SERTANEJO UNIVERSITARIO, PISEIRO",72.0,14752573.0,https://i.scdn.co/image/ab6761610000e5eb1e6bb2217bfd6a497a908246,GENRE_1,False,False
124,Maiara & Maraisa,2021-10-22,2021,VILLA COUNTRY,MAIARA & MARAISA,8000.0,MEDIAS CASAS,CASA DE SHOWS,-23.5832,-46.6348,59jlthNnbmim5l9tmNA7se,"SERTANEJO, SERTANEJO UNIVERSITARIO, PISEIRO",72.0,14752573.0,https://i.scdn.co/image/ab6761610000e5eb1e6bb2217bfd6a497a908246,GENRE_1,False,False
125,Maiara & Maraisa,2021-10-22,2021,VILLA COUNTRY,MAIARA & MARAISA,8000.0,MEDIAS CASAS,CASA DE SHOWS,-23.5832,-46.6348,59jlthNnbmim5l9tmNA7se,"SERTANEJO, SERTANEJO UNIVERSITARIO, PISEIRO",72.0,14752573.0,https://i.scdn.co/image/ab6761610000e5eb1e6bb2217bfd6a497a908246,GENRE_1,False,False
126,Maiara & Maraisa,2021-10-23,2021,VILLA COUNTRY,MAIARA & MARAISA,8000.0,MEDIAS CASAS,CASA DE SHOWS,-23.5832,-46.6348,59jlthNnbmim5l9tmNA7se,"SERTANEJO, SERTANEJO UNIVERSITARIO, PISEIRO",72.0,14752573.0,https://i.scdn.co/image/ab6761610000e5eb1e6bb2217bfd6a497a908246,GENRE_1,False,False
127,Maiara & Maraisa,2021-10-23,2021,VILLA COUNTRY,MAIARA & MARAISA,8000.0,MEDIAS CASAS,CASA DE SHOWS,-23.5832,-46.6348,59jlthNnbmim5l9tmNA7se,"SERTANEJO, SERTANEJO UNIVERSITARIO, PISEIRO",72.0,14752573.0,https://i.scdn.co/image/ab6761610000e5eb1e6bb2217bfd6a497a908246,GENRE_1,False,False
128,Maiara & Maraisa,2021-10-23,2021,VILLA COUNTRY,MAIARA & MARAISA,8000.0,MEDIAS CASAS,CASA DE SHOWS,-23.5832,-46.6348,59jlthNnbmim5l9tmNA7se,"SERTANEJO, SERTANEJO UNIVERSITARIO, PISEIRO",72.0,14752573.0,https://i.scdn.co/image/ab6761610000e5eb1e6bb2217bfd6a497a908246,GENRE_1,False,False
129,Maiara & Maraisa,2022-04-28,2022,VILLA COUNTRY,MAIARA & MARAISA,8000.0,MEDIAS CASAS,CASA DE SHOWS,-23.5832,-46.6348,59jlthNnbmim5l9tmNA7se,"SERTANEJO, SERTANEJO UNIVERSITARIO, PISEIRO",72.0,14752573.0,https://i.scdn.co/image/ab6761610000e5eb1e6bb2217bfd6a497a908246,GENRE_1,False,False
130,Maiara & Maraisa,2022-04-28,2022,VILLA COUNTRY,MAIARA & MARAISA,8000.0,MEDIAS CASAS,CASA DE SHOWS,-23.5832,-46.6348,59jlthNnbmim5l9tmNA7se,"SERTANEJO, SERTANEJO UNIVERSITARIO, PISEIRO",72.0,14752573.0,https://i.scdn.co/image/ab6761610000e5eb1e6bb2217bfd6a497a908246,GENRE_1,False,False
131,Maiara & Maraisa,2022-04-28,2022,VILLA COUNTRY,MAIARA & MARAISA,8000.0,MEDIAS CASAS,CASA DE SHOWS,-23.5832,-46.6348,59jlthNnbmim5l9tmNA7se,"SERTANEJO, SERTANEJO UNIVERSITARIO, PISEIRO",72.0,14752573.0,https://i.scdn.co/image/ab6761610000e5eb1e6bb2217bfd6a497a908246,GENRE_1,False,False
132,Maiara & Maraisa,2025-07-25,2025,CENTRO DE TRADICOES NORDESTINAS,MAIARA & MARAISA,5000.0,MEDIAS CASAS,CASA DE SHOWS,-23.4723,-46.6299,59jlthNnbmim5l9tmNA7se,"SERTANEJO, SERTANEJO UNIVERSITARIO, PISEIRO",72.0,14752573.0,https://i.scdn.co/image/ab6761610000e5eb1e6bb2217bfd6a497a908246,GENRE_1,False,False
133,Maiara & Maraisa,2025-07-25,2025,CENTRO DE TRADICOES NORDESTINAS,MAIARA & MARAISA,5000.0,MEDIAS CASAS,CASA DE SHOWS,-23.4723,-46.6299,59jlthNnbmim5l9tmNA7se,"SERTANEJO, SERTANEJO UNIVERSITARIO, PISEIRO",72.0,14752573.0,https://i.scdn.co/image/ab6761610000e5eb1e6bb2217bfd6a497a908246,GENRE_1,False,False
134,Maiara & Maraisa,2025-07-25,2025,CENTRO DE TRADICOES NORDESTINAS,MAIARA & MARAISA,5000.0,MEDIAS CASAS,CASA DE SHOWS,-23.4723,-46.6299,59jlthNnbmim5l9tmNA7se,"SERTANEJO, SERTANEJO UNIVERSITARIO, PISEIRO",72.0,14752573.0,https://i.scdn.co/image/ab6761610000e5eb1e6bb2217bfd6a497a908246,GENRE_1,False,False
135,Maiara & Maraisa,2022-11-26,2022,ALLIANZ PARQUE,MAIARA & MARAISA,45000.0,ARENAS E ESTADIOS,ESTADIO MULTIUSO,-23.5276207,-46.6784662,59jlthNnbmim5l9tmNA7se,"SERTANEJO, SERTANEJO UNIVERSITARIO, PISEIRO",72.0,14752573.0,https://i.scdn.co/image/ab6761610000e5eb1e6bb2217bfd6a497a908246,GENRE_1,False,False
136,Maiara & Maraisa,2022-11-26,2022,ALLIANZ PARQUE,MAIARA & MARAISA,45000.0,ARENAS E ESTADIOS,ESTADIO MULTIUSO,-23.5276207,-46.6784662,59jlthNnbmim5l9tmNA7se,"SERTANEJO, SERTANEJO UNIVERSITARIO, PISEIRO",72.0,14752573.0,https://i.scdn.co/image/ab6761610000e5eb1e6bb2217bfd6a497a908246,GENRE_1,False,False
137,Maiara & Maraisa,2022-11-26,2022,ALLIANZ PARQUE,MAIARA & MARAISA,45000.0,ARENAS E ESTADIOS,ESTADIO MULTIUSO,-23.5276207,-46.6784662,59jlthNnbmim5l9tmNA7se,"SERTANEJO, SERTANEJO UNIVERSITARIO, PISEIRO",72.0,14752573.0,https://i.scdn.co/image/ab6761610000e5eb1e6bb2217bfd6a497a908246,GENRE_1,False,False
138,Maiara & Maraisa,2024-01-27,2024,ALLIANZ PARQUE,MAIARA & MARAISA,45000.0,ARENAS E ESTADIOS,ESTADIO MULTIUSO,-23.5276207,-46.6784662,59jlthNnbmim5l9tmNA7se,"SERTANEJO, SERTANEJO UNIVERSITARIO, PISEIRO",72.0,14752573.0,https://i.scdn.co/image/ab6761610000e5eb1e6bb2217bfd6a497a908246,GENRE_1,False,False
139,Maiara & Maraisa,2024-01-27,2024,ALLIANZ PARQUE,MAIARA & MARAISA,45000.0,ARENAS E ESTADIOS,ESTADIO MULTIUSO,-23.5276207,-46.6784662,59jlthNnbmim5l9tmNA7se,"SERTANEJO, SERTANEJO UNIVERSITARIO, PISEIRO",72.0,14752573.0,https://i.scdn.co/image/ab6761610000e5eb1e6bb2217bfd6a497a908246,GENRE_1,False,False
140,Maiara & Maraisa,2024-01-27,2024,ALLIANZ PARQUE,MAIARA & MARAISA,45000.0,ARENAS E ESTADIOS,ESTADIO MULTIUSO,-23.5276207,-46.6784662,59jlthNnbmim5l9tmNA7se,"SERTANEJO, SERTANEJO UNIVERSITARIO, PISEIRO",72.0,14752573.0,https://i.scdn.co/image/ab6761610000e5eb1e6bb2217bfd6a497a908246,GENRE_1,False,False
141,Maiara & Maraisa,2023-08-19,2023,SAMBODROMO DO ANHEMBI,MAIARA & MARAISA,100000.0,ARENAS E ESTADIOS,AREA EXTERNA PARA EVENTOS,-23.5079,-46.6379,59jlthNnbmim5l9tmNA7se,"SERTANEJO, SERTANEJO UNIVERSITARIO, PISEIRO",72.0,14752573.0,https://i.scdn.co/image/ab6761610000e5eb1e6bb2217bfd6a497a908246,GENRE_1,False,False
142,Maiara & Maraisa,2023-08-19,2023,SAMBODROMO DO ANHEMBI,MAIARA & MARAISA,100000.0,ARENAS E ESTADIOS,AREA EXTERNA PARA EVENTOS,-23.5079,-46.6379,59jlthNnbmim5l9tmNA7se,"SERTANEJO, SERTANEJO UNIVERSITARIO, PISEIRO",72.0,14752573.0,https://i.scdn.co/image/ab6761610000e5eb1e6bb2217bfd6a497a908246,GENRE_1,False,False
143,Maiara & Maraisa,2023-08-19,2023,SAMBODROMO DO ANHEMBI,MAIARA & MARAISA,100000.0,ARENAS E ESTADIOS,AREA EXTERNA PARA EVENTOS,-23.5079,-46.6379,59jlthNnbmim5l9tmNA7se,"SERTANEJO, SERTANEJO UNIVERSITARIO, PISEIRO",72.0,14752573.0,https://i.scdn.co/image/ab6761610000e5eb1e6bb2217bfd6a497a908246,GENRE_1,False,False
144,Maiara & Maraisa,2022-11-11,2022,VIBRA SAO PAULO,MAIARA & MARAISA,7000.0,MEDIAS CASAS,TEATRO E CASA DE ESPETACULOS,-23.6475,-46.7239,59jlthNnbmim5l9tmNA7se,"SERTANEJO, SERTANEJO UNIVERSITARIO, PISEIRO",72.0,14752573.0,https://i.scdn.co/image/ab6761610000e5eb1e6bb2217bfd6a497a908246,GENRE_1,False,False
145,Maiara & Maraisa,2022-11-11,2022,VIBRA SAO PAULO,MAIARA & MARAISA,7000.0,MEDIAS CASAS,TEATRO E CASA DE ESPETACULOS,-23.6475,-46.7239,59jlthNnbmim5l9tmNA7se,"SERTANEJO, SERTANEJO UNIVERSITARIO, PISEIRO",72.0,14752573.0,https://i.scdn.co/image/ab6761610000e5eb1e6bb2217bfd6a497a908246,GENRE_1,False,False
146,Maiara & Maraisa,2022-11-11,2022,VIBRA SAO PAULO,MAIARA & MARAISA,7000.0,MEDIAS CASAS,TEATRO E CASA DE ESPETACULOS,-23.6475,-46.7239,59jlthNnbmim5l9tmNA7se,"SERTANEJO, SERTANEJO UNIVERSITARIO, PISEIRO",72.0,14752573.0,https://i.scdn.co/image/ab6761610000e5eb1e6bb2217bfd6a497a908246,GENRE_1,False,False
147,Maiara & Maraisa,2024-08-17,2024,DISTRITO ANHEMBI,MAIARA & MARAISA,35000.0,GRANDES CASAS,AREA EXTERNA PARA EVENTOS,-23.51611,-46.64320,59jlthNnbmim5l9tmNA7se,"SERTANEJO, SERTANEJO UNIVERSITARIO, PISEIRO",72.0,14752573.0,https://i.scdn.co/image/ab6761610000e5eb1e6bb2217bfd6a497a908246,GENRE_1,False,False
148,Maiara & Maraisa,2024-08-17,2024,DISTRITO ANHEMBI,MAIARA & MARAISA,35000.0,GRANDES CASAS,AREA EXTERNA PARA EVENTOS,-23.51611,-46.64320,59jlthNnbmim5l9tmNA7se,"SERTANEJO, SERTANEJO UNIVERSITARIO, PISEIRO",72.0,14752573.0,https://i.scdn.co/image/ab6761610000e5eb1e6bb2217bfd6a497a908246,GENRE_1,False,False
149,Maiara & Maraisa,2024-08-17,2024,DISTRITO ANHEMBI,MAIARA & MARAISA,35000.0,GRANDES CASAS,AREA EXTERNA PARA EVENTOS,-23.51611,-46.64320,59jlthNnbmim5l9tmNA7se,"SERTANEJO, SERTANEJO UNIVERSITARIO, PISEIRO",72.0,14752573.0,https://i.scdn.co/image/ab6761610000e5eb1e6bb2217bfd6a497a908246,GENRE_1,False,False
150,Burna Boy,2025-09-06,2025,AUTODROMO DE INTERLAGOS,BURNA BOY,100000.0,ARENAS E ESTADIOS,AREA EXTERNA PARA EVENTOS,-23.7000,-46.6972,3wcj11K77LjEY1PkEazffa,"AFROBEATS, AFROBEAT, AFROPOP, AFROSWING, DANCEHALL, AFROPIANO",80.0,14296948.0,https://i.scdn.co/image/ab6761610000e5ebb4e44d0f4e3e47af2cf06f3f,GENRE_1,THE TOWN,TRAVIS SCOTT
151,Slipknot,2024-10-19,2024,ALLIANZ PARQUE,SLIPKNOT,45000.0,ARENAS E ESTADIOS,ESTADIO MULTIUSO,-23.5276207,-46.6784662,05fG473iIaoy82BF1aGhL8,"NU METAL, METAL, ALTERNATIVE METAL, RAP METAL, HEAVY METAL",79.0,14198923.0,https://i.scdn.co/image/ab6761610000e5ebd0cdb283a7384a0edb665182,GENRE_2,False,False
152,Slipknot,2024-10-20,2024,ALLIANZ PARQUE,SLIPKNOT,45000.0,ARENAS E ESTADIOS,ESTADIO MULTIUSO,-23.5276207,-46.6784662,05fG473iIaoy82BF1aGhL8,"NU METAL, METAL, ALTERNATIVE METAL, RAP METAL, HEAVY METAL",79.0,14198923.0,https://i.scdn.co/image/ab6761610000e5ebd0cdb283a7384a0edb665182,GENRE_2,False,False
153,Slipknot,2022-12-18,2022,SAMBODROMO DO ANHEMBI,SLIPKNOT,100000.0,ARENAS E ESTADIOS,AREA EXTERNA PARA EVENTOS,-23.5079,-46.6379,05fG473iIaoy82BF1aGhL8,"NU METAL, METAL, ALTERNATIVE METAL, RAP METAL, HEAVY METAL",79.0,14198923.0,https://i.scdn.co/image/ab6761610000e5ebd0cdb283a7384a0edb665182,GENRE_2,False,False
154,System of a Down,2025-05-14,2025,AUTODROMO DE INTERLAGOS,SYSTEM OF A DOWN,100000.0,ARENAS E ESTADIOS,AREA EXTERNA PARA EVENTOS,-23.7000,-46.6972,5eAWCfyUhZtHHtBdNk56l1,"NU METAL, METAL, ALTERNATIVE METAL, RAP METAL, ROCK",81.0,14124145.0,https://i.scdn.co/image/ab6761610000e5eb60063d3451ade8f9fab397c2,GENRE_2,False,False
155,System of a Down,2025-05-10,2025,ALLIANZ PARQUE,SYSTEM OF A DOWN,45000.0,ARENAS E ESTADIOS,ESTADIO MULTIUSO,-23.5276207,-46.6784662,5eAWCfyUhZtHHtBdNk56l1,"NU METAL, METAL, ALTERNATIVE METAL, RAP METAL, ROCK",81.0,14124145.0,https://i.scdn.co/image/ab6761610000e5eb60063d3451ade8f9fab397c2,GENRE_2,False,False
156,System of a Down,2025-05-11,2025,ALLIANZ PARQUE,SYSTEM OF A DOWN,45000.0,ARENAS E ESTADIOS,ESTADIO MULTIUSO,-23.5276207,-46.6784662,5eAWCfyUhZtHHtBdNk56l1,"NU METAL, METAL, ALTERNATIVE METAL, RAP METAL, ROCK",81.0,14124145.0,https://i.scdn.co/image/ab6761610000e5eb60063d3451ade8f9fab397c2,GENRE_2,False,False
157,Matuê,2022-03-25,2022,AUTODROMO DE INTERLAGOS,MATUE,100000.0,ARENAS E ESTADIOS,AREA EXTERNA PARA EVENTOS,-23.7000,-46.6972,5nP8x4uEFjAAmDzwOEc9b8,"BRAZILIAN TRAP, TRAP, BRAZILIAN HIP HOP, TRAP FUNK",77.0,14020260.0,https://i.scdn.co/image/ab6761610000e5eb654dc6b69f86aeb73527fc07,LETTER_1,LOLLAPALOOZA,THE STROKES
158,Matuê,2023-09-03,2023,AUTODROMO DE INTERLAGOS,MATUE,100000.0,ARENAS E ESTADIOS,AREA EXTERNA PARA EVENTOS,-23.7000,-46.6972,5nP8x4uEFjAAmDzwOEc9b8,"BRAZILIAN TRAP, TRAP, BRAZILIAN HIP HOP, TRAP FUNK",77.0,14020260.0,https://i.scdn.co/image/ab6761610000e5eb654dc6b69f86aeb73527fc07,LETTER_1,THE TOWN,"BRUNO MARS, BEBE REXHA"
159,Matuê,2025-09-06,2025,AUTODROMO DE INTERLAGOS,MATUE,100000.0,ARENAS E ESTADIOS,AREA EXTERNA PARA EVENTOS,-23.7000,-46.6972,5nP8x4uEFjAAmDzwOEc9b8,"BRAZILIAN TRAP, TRAP, BRAZILIAN HIP HOP, TRAP FUNK",77.0,14020260.0,https://i.scdn.co/image/ab6761610000e5eb654dc6b69f86aeb73527fc07,LETTER_1,THE TOWN,TRAVIS SCOTT
160,Matuê,2024-10-26,2024,MEMORIAL DA AMERICA LATINA,MATUE,15000.0,GRANDES CASAS,AREA EXTERNA PARA EVENTOS,-23.5274091,-46.6656539,5nP8x4uEFjAAmDzwOEc9b8,"BRAZILIAN TRAP, TRAP, BRAZILIAN HIP HOP, TRAP FUNK",77.0,14020260.0,https://i.scdn.co/image/ab6761610000e5eb654dc6b69f86aeb73527fc07,LETTER_1,False,False
161,Matuê,2024-05-19,2024,VALE DO ANHANGABAU,MATUE,35000.0,GRANDES CASAS,AREA EXTERNA PARA EVENTOS,-23.54429,-46.63623,5nP8x4uEFjAAmDzwOEc9b8,"BRAZILIAN TRAP, TRAP, BRAZILIAN HIP HOP, TRAP FUNK",77.0,14020260.0,https://i.scdn.co/image/ab6761610000e5eb654dc6b69f86aeb73527fc07,LETTER_1,False,False
162,Matuê,2022-07-26,2022,VIBRA SAO PAULO,MATUE,7000.0,MEDIAS CASAS,TEATRO E CASA DE ESPETACULOS,-23.6475,-46.7239,5nP8x4uEFjAAmDzwOEc9b8,"BRAZILIAN TRAP, TRAP, BRAZILIAN HIP HOP, TRAP FUNK",77.0,14020260.0,https://i.scdn.co/image/ab6761610000e5eb654dc6b69f86aeb73527fc07,LETTER_1,False,False
163,Matuê,2023-05-06,2023,DISTRITO ANHEMBI,MATUE,35000.0,GRANDES CASAS,AREA EXTERNA PARA EVENTOS,-23.51611,-46.64320,5nP8x4uEFjAAmDzwOEc9b8,"BRAZILIAN TRAP, TRAP, BRAZILIAN HIP HOP, TRAP FUNK",77.0,14020260.0,https://i.scdn.co/image/ab6761610000e5eb654dc6b69f86aeb73527fc07,LETTER_1,False,False
164,Matuê,2023-12-10,2023,NEO QUIMICA ARENA,MATUE,49000.0,ARENAS E ESTADIOS,ESTADIO MULTIUSO,-23.54534,-46.47476,5nP8x4uEFjAAmDzwOEc9b8,"BRAZILIAN TRAP, TRAP, BRAZILIAN HIP HOP, TRAP FUNK",77.0,14020260.0,https://i.scdn.co/image/ab6761610000e5eb654dc6b69f86aeb73527fc07,LETTER_1,False,False
165,Matuê,2025-11-23,2025,NEO QUIMICA ARENA,MATUE,49000.0,ARENAS E ESTADIOS,ESTADIO MULTIUSO,-23.54534,-46.47476,5nP8x4uEFjAAmDzwOEc9b8,"BRAZILIAN TRAP, TRAP, BRAZILIAN HIP HOP, TRAP FUNK",77.0,14020260.0,https://i.scdn.co/image/ab6761610000e5eb654dc6b69f86aeb73527fc07,LETTER_1,False,False
166,Matuê,2025-11-08,2025,KOMPLEXO TEMPO,MATUE,3000.0,MEDIAS CASAS,CASA DE SHOWS,-23.57034,-46.60027,5nP8x4uEFjAAmDzwOEc9b8,"BRAZILIAN TRAP, TRAP, BRAZILIAN HIP HOP, TRAP FUNK",77.0,14020260.0,https://i.scdn.co/image/ab6761610000e5eb654dc6b69f86aeb73527fc07,LETTER_1,False,False
167,Matuê,2025-06-28,2025,MERCADO LIVRE ARENA PACAEMBU,MATUE,40000.0,ARENAS E ESTADIOS,ESTADIO MULTIUSO,-23.5486,-46.6651,5nP8x4uEFjAAmDzwOEc9b8,"BRAZILIAN TRAP, TRAP, BRAZILIAN HIP HOP, TRAP FUNK",77.0,14020260.0,https://i.scdn.co/image/ab6761610000e5eb654dc6b69f86aeb73527fc07,LETTER_1,False,False
168,Matuê,2025-08-01,2025,MERCADO LIVRE ARENA PACAEMBU,MATUE,40000.0,ARENAS E ESTADIOS,ESTADIO MULTIUSO,-23.5486,-46.6651,5nP8x4uEFjAAmDzwOEc9b8,"BRAZILIAN TRAP, TRAP, BRAZILIAN HIP HOP, TRAP FUNK",77.0,14020260.0,https://i.scdn.co/image/ab6761610000e5eb654dc6b69f86aeb73527fc07,LETTER_1,False,False
169,Anitta,2022-02-12,2022,MEMORIAL DA AMERICA LATINA,ANITTA,15000.0,GRANDES CASAS,AREA EXTERNA PARA EVENTOS,-23.5274091,-46.6656539,7FNnA9vBm6EKceENgCGRMb,"BRAZILIAN POP, FUNK POP, BRAZILIAN FUNK, FUNK CARIOCA",79.0,13259230.0,https://i.scdn.co/image/ab6761610000e5ebda2a9d91c5f52a9088851251,GENRE_1,False,False
170,Anitta,2023-01-15,2023,MEMORIAL DA AMERICA LATINA,ANITTA,15000.0,GRANDES CASAS,AREA EXTERNA PARA EVENTOS,-23.5274091,-46.6656539,7FNnA9vBm6EKceENgCGRMb,"BRAZILIAN POP, FUNK POP, BRAZILIAN FUNK, FUNK CARIOCA",79.0,13259230.0,https://i.scdn.co/image/ab6761610000e5ebda2a9d91c5f52a9088851251,GENRE_1,False,False
171,Anitta,2023-02-11,2023,MEMORIAL DA AMERICA LATINA,ANITTA,15000.0,GRANDES CASAS,AREA EXTERNA PARA EVENTOS,-23.5274091,-46.6656539,7FNnA9vBm6EKceENgCGRMb,"BRAZILIAN POP, FUNK POP, BRAZILIAN FUNK, FUNK CARIOCA",79.0,13259230.0,https://i.scdn.co/image/ab6761610000e5ebda2a9d91c5f52a9088851251,GENRE_1,False,False
172,Anitta,2024-01-25,2024,MEMORIAL DA AMERICA LATINA,ANITTA,15000.0,GRANDES CASAS,AREA EXTERNA PARA EVENTOS,-23.5274091,-46.6656539,7FNnA9vBm6EKceENgCGRMb,"BRAZILIAN POP, FUNK POP, BRAZILIAN FUNK, FUNK CARIOCA",79.0,13259230.0,https://i.scdn.co/image/ab6761610000e5ebda2a9d91c5f52a9088851251,GENRE_1,False,False
173,Anitta,2024-02-04,2024,MEMORIAL DA AMERICA LATINA,ANITTA,15000.0,GRANDES CASAS,AREA EXTERNA PARA EVENTOS,-23.5274091,-46.6656539,7FNnA9vBm6EKceENgCGRMb,"BRAZILIAN POP, FUNK POP, BRAZILIAN FUNK, FUNK CARIOCA",79.0,13259230.0,https://i.scdn.co/image/ab6761610000e5ebda2a9d91c5f52a9088851251,GENRE_1,False,False
174,Anitta,2022-03-01,2022,JOCKEY CLUB,ANITTA,10000.0,MEDIAS CASAS,CENTRO DE EVENTOS,-23.57058,-46.70035,7FNnA9vBm6EKceENgCGRMb,"BRAZILIAN POP, FUNK POP, BRAZILIAN FUNK, FUNK CARIOCA",79.0,13259230.0,https://i.scdn.co/image/ab6761610000e5ebda2a9d91c5f52a9088851251,GENRE_1,False,False
175,Anitta,2023-02-21,2023,JOCKEY CLUB,ANITTA,10000.0,MEDIAS CASAS,CENTRO DE EVENTOS,-23.57058,-46.70035,7FNnA9vBm6EKceENgCGRMb,"BRAZILIAN POP, FUNK POP, BRAZILIAN FUNK, FUNK CARIOCA",79.0,13259230.0,https://i.scdn.co/image/ab6761610000e5ebda2a9d91c5f52a9088851251,GENRE_1,False,False
176,Anitta,2025-03-03,2025,JOCKEY CLUB,ANITTA,10000.0,MEDIAS CASAS,CENTRO DE EVENTOS,-23.57058,-46.70035,7FNnA9vBm6EKceENgCGRMb,"BRAZILIAN POP, FUNK POP, BRAZILIAN FUNK, FUNK CARIOCA",79.0,13259230.0,https://i.scdn.co/image/ab6761610000e5ebda2a9d91c5f52a9088851251,GENRE_1,False,False
177,Anitta,2022-08-19,2022,NEO QUIMICA ARENA,ANITTA,49000.0,ARENAS E ESTADIOS,ESTADIO MULTIUSO,-23.54534,-46.47476,7FNnA9vBm6EKceENgCGRMb,"BRAZILIAN POP, FUNK POP, BRAZILIAN FUNK, FUNK CARIOCA",79.0,13259230.0,https://i.scdn.co/image/ab6761610000e5ebda2a9d91c5f52a9088851251,GENRE_1,False,False
178,Anitta,2024-09-06,2024,NEO QUIMICA ARENA,ANITTA,49000.0,ARENAS E ESTADIOS,ESTADIO MULTIUSO,-23.54534,-46.47476,7FNnA9vBm6EKceENgCGRMb,"BRAZILIAN POP, FUNK POP, BRAZILIAN FUNK, FUNK CARIOCA",79.0,13259230.0,https://i.scdn.co/image/ab6761610000e5ebda2a9d91c5f52a9088851251,GENRE_1,False,False
179,Matheus & Kauan,2022-12-05,2022,VALE DO ANHANGABAU,MATHEUS & KAUAN,35000.0,GRANDES CASAS,AREA EXTERNA PARA EVENTOS,-23.54429,-46.63623,2Z0lRIqr997lIUiPtrpKCr,"SERTANEJO, SERTANEJO UNIVERSITARIO, ARROCHA, AGRONEJO",79.0,13127313.0,https://i.scdn.co/image/ab6761610000e5ebd73644778d6848a6a8fd381b,GENRE_1,False,False
180,Matheus & Kauan,2022-12-05,2022,VALE DO ANHANGABAU,MATHEUS & KAUAN,35000.0,GRANDES CASAS,AREA EXTERNA PARA EVENTOS,-23.54429,-46.63623,2Z0lRIqr997lIUiPtrpKCr,"SERTANEJO, SERTANEJO UNIVERSITARIO, ARROCHA, AGRONEJO",79.0,13127313.0,https://i.scdn.co/image/ab6761610000e5ebd73644778d6848a6a8fd381b,GENRE_1,False,False
181,Foo Fighters,2023-09-09,2023,AUTODROMO DE INTERLAGOS,FOO FIGHTERS,100000.0,ARENAS E ESTADIOS,AREA EXTERNA PARA EVENTOS,-23.7000,-46.6972,7jy3rLJdDQY21OgRLCZ9sD,"ROCK, POST-GRUNGE, ALTERNATIVE ROCK, GRUNGE",77.0,13017273.0,https://i.scdn.co/image/ab6761610000e5eb2c7bb73afef60ef97ad6dcb2,GENRE_1,THE TOWN,FOO FIGHTERS
182,Alicia Keys,2023-05-05,2023,ALLIANZ PARQUE,ALICIA KEYS,45000.0,ARENAS E ESTADIOS,ESTADIO MULTIUSO,-23.5276207,-46.6784662,3DiDSECUqqY1AuBP8qtaIa,"R&B, NEO SOUL",79.0,12961355.0,https://i.scdn.co/image/ab6761610000e5eb4518cf16a45e35fc0cc82862,GENRE_1,False,False
183,Oasis,2025-11-22,2025,MORUMBIS,OASIS,67000.0,ARENAS E ESTADIOS,ESTADIO MULTIUSO,-23.60077,-46.72010,2DaxqgrOhkeH0fpeiQq2f4,"BRITPOP, MADCHESTER",82.0,12521360.0,https://i.scdn.co/image/ab6761610000e5ebb4ddbc39706ef0f2ae0f7c9b,GENRE_2,False,False
184,Oasis,2025-11-22,2025,MORUMBIS,OASIS,67000.0,ARENAS E ESTADIOS,ESTADIO MULTIUSO,-23.60077,-46.72010,2DaxqgrOhkeH0fpeiQq2f4,"BRITPOP, MADCHESTER",82.0,12521360.0,https://i.scdn.co/image/ab6761610000e5ebb4ddbc39706ef0f2ae0f7c9b,GENRE_2,False,False
185,Oasis,2025-11-22,2025,MORUMBIS,OASIS,67000.0,ARENAS E ESTADIOS,ESTADIO MULTIUSO,-23.60077,-46.72010,2DaxqgrOhkeH0fpeiQq2f4,"BRITPOP, MADCHESTER",82.0,12521360.0,https://i.scdn.co/image/ab6761610000e5ebb4ddbc39706ef0f2ae0f7c9b,GENRE_2,False,False
186,Oasis,2025-11-22,2025,MORUMBIS,OASIS,67000.0,ARENAS E ESTADIOS,ESTADIO MULTIUSO,-23.60077,-46.72010,2DaxqgrOhkeH0fpeiQq2f4,"BRITPOP, MADCHESTER",82.0,12521360.0,https://i.scdn.co/image/ab6761610000e5ebb4ddbc39706ef0f2ae0f7c9b,GENRE_2,False,False
187,Oasis,2025-11-22,2025,MORUMBIS,OASIS,67000.0,ARENAS E ESTADIOS,ESTADIO MULTIUSO,-23.60077,-46.72010,2DaxqgrOhkeH0fpeiQq2f4,"BRITPOP, MADCHESTER",82.0,12521360.0,https://i.scdn.co/image/ab6761610000e5ebb4ddbc39706ef0f2ae0f7c9b,GENRE_2,False,False
188,Oasis,2025-11-22,2025,MORUMBIS,OASIS,67000.0,ARENAS E ESTADIOS,ESTADIO MULTIUSO,-23.60077,-46.72010,2DaxqgrOhkeH0fpeiQq2f4,"BRITPOP, MADCHESTER",82.0,12521360.0,https://i.scdn.co/image/ab6761610000e5ebb4ddbc39706ef0f2ae0f7c9b,GENRE_2,False,False
189,Oasis,2025-11-23,2025,MORUMBIS,OASIS,67000.0,ARENAS E ESTADIOS,ESTADIO MULTIUSO,-23.60077,-46.72010,2DaxqgrOhkeH0fpeiQq2f4,"BRITPOP, MADCHESTER",82.0,12521360.0,https://i.scdn.co/image/ab6761610000e5ebb4ddbc39706ef0f2ae0f7c9b,GENRE_2,False,False
190,Oasis,2025-11-23,2025,MORUMBIS,OASIS,67000.0,ARENAS E ESTADIOS,ESTADIO MULTIUSO,-23.60077,-46.72010,2DaxqgrOhkeH0fpeiQq2f4,"BRITPOP, MADCHESTER",82.0,12521360.0,https://i.scdn.co/image/ab6761610000e5ebb4ddbc39706ef0f2ae0f7c9b,GENRE_2,False,False
191,Oasis,2025-11-23,2025,MORUMBIS,OASIS,67000.0,ARENAS E ESTADIOS,ESTADIO MULTIUSO,-23.60077,-46.72010,2DaxqgrOhkeH0fpeiQq2f4,"BRITPOP, MADCHESTER",82.0,12521360.0,https://i.scdn.co/image/ab6761610000e5ebb4ddbc39706ef0f2ae0f7c9b,GENRE_2,False,False
192,Oasis,2025-11-23,2025,MORUMBIS,OASIS,67000.0,ARENAS E ESTADIOS,ESTADIO MULTIUSO,-23.60077,-46.72010,2DaxqgrOhkeH0fpeiQq2f4,"BRITPOP, MADCHESTER",82.0,12521360.0,https://i.scdn.co/image/ab6761610000e5ebb4ddbc39706ef0f2ae0f7c9b,GENRE_2,False,False
193,Oasis,2025-11-23,2025,MORUMBIS,OASIS,67000.0,ARENAS E ESTADIOS,ESTADIO MULTIUSO,-23.60077,-46.72010,2DaxqgrOhkeH0fpeiQq2f4,"BRITPOP, MADCHESTER",82.0,12521360.0,https://i.scdn.co/image/ab6761610000e5ebb4ddbc39706ef0f2ae0f7c9b,GENRE_2,False,False
194,Oasis,2025-11-23,2025,MORUMBIS,OASIS,67000.0,ARENAS E ESTADIOS,ESTADIO MULTIUSO,-23.60077,-46.72010,2DaxqgrOhkeH0fpeiQq2f4,"BRITPOP, MADCHESTER",82.0,12521360.0,https://i.scdn.co/image/ab6761610000e5ebb4ddbc39706ef0f2ae0f7c9b,GENRE_2,False,False
195,Conan Gray,2023-03-24,2023,AUTODROMO DE INTERLAGOS,CONAN GRAY,100000.0,ARENAS E ESTADIOS,AREA EXTERNA PARA EVENTOS,-23.7000,-46.6972,4Uc8Dsxct0oMqx0P6i60ea,POP,80.0,12497262.0,https://i.scdn.co/image/ab6761610000e5eb4c2b62d4748524454a6f99b0,GENRE_1,LOLLAPALOOZA,"BILLIE EILISH, LIL NAS X"
196,Young Thug,2025-11-23,2025,NEO QUIMICA ARENA,YOUNG THUG,49000.0,ARENAS E ESTADIOS,ESTADIO MULTIUSO,-23.54534,-46.47476,50co4Is1HCEo8bhOyUWKpn,"RAP, MELODIC RAP, TRAP",84.0,12491367.0,https://i.scdn.co/image/ab6761610000e5eb9f2fb33940aac624dc5d100d,LETTER_1,False,False
197,Jason Derulo,2025-09-12,2025,AUTODROMO DE INTERLAGOS,JASON DERULO,100000.0,ARENAS E ESTADIOS,AREA EXTERNA PARA EVENTOS,-23.7000,-46.6972,07YZf4WDAMNwqr4jfgOZ8y,PO,77.0,12473748.0,https://i.scdn.co/image/ab6761610000e5eb94cf6c87c82ddb0eade61eb0,GENRE_1,THE TOWN,BACKSTREET BOYS
198,Wesley Safadão,2021-12-04,2021,ARENA ANHEMBI,WESLEY SAFADAO,30000.0,GRANDES CASAS,AREA EXTERNA PARA EVENTOS,-23.51611,-46.64320,1AL2GKpmRrKXkYIcASuRFa,"FORRO, SERTANEJO, PISEIRO, ARROCHA, SERTANEJO UNIVERSITARIO, BREGA, SERESTA",75.0,12332566.0,https://i.scdn.co/image/ab6761610000e5ebd19c0a4b9bdef344dd7efcbf,GENRE_1,False,False
199,Wesley Safadão,2023-12-09,2023,DISTRITO ANHEMBI,WESLEY SAFADAO,35000.0,GRANDES CASAS,AREA EXTERNA PARA EVENTOS,-23.51611,-46.64320,1AL2GKpmRrKXkYIcASuRFa,"FORRO, SERTANEJO, PISEIRO, ARROCHA, SERTANEJO UNIVERSITARIO, BREGA, SERESTA",75.0,12332566.0,https://i.scdn.co/image/ab6761610000e5ebd19c0a4b9bdef344dd7efcbf,GENRE_1,False,False
200,Wesley Safadão,2022-12-17,2022,NOVO ANHANGABAU,WESLEY SAFADAO,35000.0,GRANDES CASAS,AREA EXTERNA PARA EVENTOS,-23.54429,-46.63623,1AL2GKpmRrKXkYIcASuRFa,"FORRO, SERTANEJO, PISEIRO, ARROCHA, SERTANEJO UNIVERSITARIO, BREGA, SERESTA",75.0,12332566.0,https://i.scdn.co/image/ab6761610000e5ebd19c0a4b9bdef344dd7efcbf,GENRE_1,False,False
201,Lil Nas X,2023-03-24,2023,AUTODROMO DE INTERLAGOS,LIL NAS X,100000.0,ARENAS E ESTADIOS,AREA EXTERNA PARA EVENTOS,-23.7000,-46.6972,7jVv8c5Fj3E9VhNjxT4snq,HIP HOP,73.0,12309097.0,https://i.scdn.co/image/ab6761610000e5eb3758a33e782b46bd7f174e1d,GENRE_1,LOLLAPALOOZA,"BILLIE EILISH, LIL NAS X"
202,Alessia Cara,2022-03-26,2022,AUTODROMO DE INTERLAGOS,ALESSIA CARA,100000.0,ARENAS E ESTADIOS,AREA EXTERNA PARA EVENTOS,-23.7000,-46.6972,2wUjUUtkb5lvLKcGKsKqsR,POP,73.0,12290992.0,https://i.scdn.co/image/ab6761610000e5eb6cde43f126518af0ef8eddc2,GENRE_1,LOLLAPALOOZA,MILEY CYRUS
203,Jessie J,2025-09-13,2025,AUTODROMO DE INTERLAGOS,JESSIE J,100000.0,ARENAS E ESTADIOS,AREA EXTERNA PARA EVENTOS,-23.7000,-46.6972,2gsggkzM5R49q6jpPvazou,POP,72.0,12212986.0,https://i.scdn.co/image/ab6761610000e5eb92b8a2548ec8c91bb5ef418e,GENRE_1,THE TOWN,MARIAH CAREY
204,Jessie J,2024-04-30,2024,ESPACO UNIMED,JESSIE J,8000.0,MEDIAS CASAS,CASA DE SHOWS,-23.52812,-46.66805,2gsggkzM5R49q6jpPvazou,POP,72.0,12212986.0,https://i.scdn.co/image/ab6761610000e5eb92b8a2548ec8c91bb5ef418e,GENRE_1,False,False
205,Wiz Khalifa,2023-05-06,2023,DISTRITO ANHEMBI,WIZ KHALIFA,35000.0,GRANDES CASAS,AREA EXTERNA PARA EVENTOS,-23.51611,-46.64320,137W8MRPWKqSmrBGDBFSop,RAP,82.0,12118767.0,https://i.scdn.co/image/ab6761610000e5ebc66b0a8c3268f0b6556f64a8,LETTER_1,False,False
206,Avril Lavigne,2022-09-07,2022,ESPACO UNIMED,AVRIL LAVIGNE,8000.0,MEDIAS CASAS,CASA DE SHOWS,-23.52812,-46.66805,0p4nmQO2msCgU4IF37Wi3j,POP ROCK,77.0,12048041.0,https://i.scdn.co/image/ab6761610000e5ebcea575e8c9519d4367984256,GENRE_1,False,False
207,Mariah Carey,2025-09-13,2025,AUTODROMO DE INTERLAGOS,MARIAH CAREY,100000.0,ARENAS E ESTADIOS,AREA EXTERNA PARA EVENTOS,-23.7000,-46.6972,4iHNK0tOyZPYnBU7nGAgpQ,CHRISTMAS,82.0,12027182.0,https://i.scdn.co/image/ab6761610000e5ebd0a27777aaeb1725add6ace8,LETTER_1,THE TOWN,MARIAH CAREY
208,Mariah Carey,2024-09-20,2024,ALLIANZ PARQUE,MARIAH CAREY,45000.0,ARENAS E ESTADIOS,ESTADIO MULTIUSO,-23.5276207,-46.6784662,4iHNK0tOyZPYnBU7nGAgpQ,CHRISTMAS,82.0,12027182.0,https://i.scdn.co/image/ab6761610000e5ebd0a27777aaeb1725add6ace8,LETTER_1,False,False
209,Roddy Ricch,2023-12-10,2023,NEO QUIMICA ARENA,RODDY RICCH,49000.0,ARENAS E ESTADIOS,ESTADIO MULTIUSO,-23.54534,-46.47476,757aE44tKEUQEqRuT6GnEB,MELODIC RAP,75.0,11900717.0,https://i.scdn.co/image/ab6761610000e5eb88d7900663b237167c4be332,LETTER_2,False,False
210,Hungría,2024-03-24,2024,AUTODROMO DE INTERLAGOS,HUNGRIA,100000.0,ARENAS E ESTADIOS,AREA EXTERNA PARA EVENTOS,-23.7000,-46.6972,0vLuOi2k62sHujIfplInlK,BRAZILIAN HIP HOP,75.0,11489978.0,https://i.scdn.co/image/ab6761610000e5eb7c82ddc68c54bcffb9f7a034,LETTER_1,LOLLAPALOOZA,"SZA, SAM SMITH"
211,Fall Out Boy,2025-08-30,2025,ALLIANZ PARQUE,FALL OUT BOY,45000.0,ARENAS E ESTADIOS,ESTADIO MULTIUSO,-23.5276207,-46.6784662,4UXqAaa6dQYAk18Lv7PEgX,"EMO, POP PUNK",79.0,11448975.0,https://i.scdn.co/image/ab6761610000e5eb362011ebe6064c38e97e9aac,GENRE_1,I WANNA BE TOUR,"FALL OUT BOY, GOOD CHARLOTTE"
212,Alok,2022-03-26,2022,AUTODROMO DE INTERLAGOS,ALOK,100000.0,ARENAS E ESTADIOS,AREA EXTERNA PARA EVENTOS,-23.7000,-46.6972,0NGAZxHanS9e0iNHpR8f2W,"BRAZILIAN BASS, ELECTRONIC, SLAP HOUSE, ELECTRO HOUSE",77.0,11247825.0,https://i.scdn.co/image/ab6761610000e5eb6b07a040a57d013a7e49f908,LETTER_1,LOLLAPALOOZA,MILEY CYRUS
213,Alok,2023-09-03,2023,AUTODROMO DE INTERLAGOS,ALOK,100000.0,ARENAS E ESTADIOS,AREA EXTERNA PARA EVENTOS,-23.7000,-46.6972,0NGAZxHanS9e0iNHpR8f2W,"BRAZILIAN BASS, ELECTRONIC, SLAP HOUSE, ELECTRO HOUSE",77.0,11247825.0,https://i.scdn.co/image/ab6761610000e5eb6b07a040a57d013a7e49f908,LETTER_1,THE TOWN,"BRUNO MARS, BEBE REXHA"
214,Alok,2022-02-28,2022,JOCKEY CLUB,ALOK,10000.0,MEDIAS CASAS,CENTRO DE EVENTOS,-23.57058,-46.70035,0NGAZxHanS9e0iNHpR8f2W,"BRAZILIAN BASS, ELECTRONIC, SLAP HOUSE, ELECTRO HOUSE",77.0,11247825.0,https://i.scdn.co/image/ab6761610000e5eb6b07a040a57d013a7e49f908,LETTER_1,False,False
215,Alok,2023-02-20,2023,JOCKEY CLUB,ALOK,10000.0,MEDIAS CASAS,CENTRO DE EVENTOS,-23.57058,-46.70035,0NGAZxHanS9e0iNHpR8f2W,"BRAZILIAN BASS, ELECTRONIC, SLAP HOUSE, ELECTRO HOUSE",77.0,11247825.0,https://i.scdn.co/image/ab6761610000e5eb6b07a040a57d013a7e49f908,LETTER_1,False,False
216,Alok,2025-06-28,2025,MERCADO LIVRE ARENA PACAEMBU,ALOK,40000.0,ARENAS E ESTADIOS,ESTADIO MULTIUSO,-23.5486,-46.6651,0NGAZxHanS9e0iNHpR8f2W,"BRAZILIAN BASS, ELECTRONIC, SLAP HOUSE, ELECTRO HOUSE",77.0,11247825.0,https://i.scdn.co/image/ab6761610000e5eb6b07a040a57d013a7e49f908,LETTER_1,False,False
217,Ice Cube,2023-05-07,2023,DISTRITO ANHEMBI,ICE CUBE,35000.0,GRANDES CASAS,AREA EXTERNA PARA EVENTOS,-23.51611,-46.64320,3Mcii5XWf6E0lrY3Uky4cA,"GANGSTER RAP, WEST COAST HIP HOP, OLD SCHOOL HIP HOP, G-FUNK",73.0,11148646.0,https://i.scdn.co/image/ab6761610000e5eb650e79afafd00492e33d7b8c,LETTER_1,False,False
218,Mitski,2022-11-05,2022,DISTRITO ANHEMBI,MITSKI,35000.0,GRANDES CASAS,AREA EXTERNA PARA EVENTOS,-23.51611,-46.64320,2uYWxilOVlUdk4oV9DvwqK,0,80.0,11107800.0,https://i.scdn.co/image/ab6761610000e5eb4bdb3888818637acb71c4a13,GENRE_1,PRIMAVERA SOUND,"ARCTIC MONKEYS, BJORK"
219,Trippie Redd,2022-06-19,2022,SAMBODROMO DO ANHEMBI,TRIPPIE REDD,100000.0,ARENAS E ESTADIOS,AREA EXTERNA PARA EVENTOS,-23.5079,-46.6379,6Xgp2XMz1fhVYe7i6yNAax,MELODIC RAP,81.0,11085136.0,https://i.scdn.co/image/ab6761610000e5ebf2db81b3312a1f167fc54096,LETTER_2,False,False
220,KISS,2022-04-30,2022,ALLIANZ PARQUE,KISS,45000.0,ARENAS E ESTADIOS,ESTADIO MULTIUSO,-23.5276207,-46.6784662,07XSN3sPlIlB2L2XNcTwJw,"GLAM ROCK, GLAM METAL, HARD ROCK, ROCK, CLASSIC ROCK",73.0,11082058.0,https://i.scdn.co/image/ab6761610000e5ebd8205a492a79bfe4b34c567a,GENRE_1,False,False
221,KISS,2023-04-22,2023,ALLIANZ PARQUE,KISS,45000.0,ARENAS E ESTADIOS,ESTADIO MULTIUSO,-23.5276207,-46.6784662,07XSN3sPlIlB2L2XNcTwJw,"GLAM ROCK, GLAM METAL, HARD ROCK, ROCK, CLASSIC ROCK",73.0,11082058.0,https://i.scdn.co/image/ab6761610000e5ebd8205a492a79bfe4b34c567a,GENRE_1,MONSTERS OF ROCK,"KISS, SCORPIONS"
222,Måneskin,2022-09-09,2022,ESPACO UNIMED,MANESKIN,8000.0,MEDIAS CASAS,CASA DE SHOWS,-23.52812,-46.66805,0lAWpj5szCSwM4rUMHYmrr,0,77.0,10671428.0,https://i.scdn.co/image/ab6761610000e5eb46d0db8a86fda630ec12401f,LETTER_1,False,False
223,Måneskin,2023-11-03,2023,ESPACO UNIMED,MANESKIN,8000.0,MEDIAS CASAS,CASA DE SHOWS,-23.52812,-46.66805,0lAWpj5szCSwM4rUMHYmrr,0,77.0,10671428.0,https://i.scdn.co/image/ab6761610000e5eb46d0db8a86fda630ec12401f,LETTER_1,False,False
224,Lorde,2022-11-06,2022,DISTRITO ANHEMBI,LORDE,35000.0,GRANDES CASAS,AREA EXTERNA PARA EVENTOS,-23.51611,-46.64320,163tK9Wjr9P9DmM0AVK7lm,POP,81.0,10571786.0,https://i.scdn.co/image/ab6761610000e5ebaa69380a8d5203257611662d,GENRE_1,PRIMAVERA SOUND,"TRAVIS SCOTT, LORDE"
225,Chase Atlantic,2023-05-09,2023,AUDIO,CHASE ATLANTIC,3200.0,MEDIAS CASAS,CASA DE SHOWS,-23.52822,-46.66968,7cYEt1pqMgXJdq00hAwVpT,0,80.0,10567952.0,https://i.scdn.co/image/ab6761610000e5eba4e2d7045cbcca592ba6c7dd,GENRE_2,False,False
226,Chase Atlantic,2023-05-07,2023,DISTRITO ANHEMBI,CHASE ATLANTIC,35000.0,GRANDES CASAS,AREA EXTERNA PARA EVENTOS,-23.51611,-46.64320,7cYEt1pqMgXJdq00hAwVpT,0,80.0,10567952.0,https://i.scdn.co/image/ab6761610000e5eba4e2d7045cbcca592ba6c7dd,GENRE_2,False,False
227,Chase Atlantic,2025-11-09,2025,SUHAI MUSIC HALL,CHASE ATLANTIC,9000.0,MEDIAS CASAS,CASA DE SHOWS,-23.68026,-46.69805,7cYEt1pqMgXJdq00hAwVpT,0,80.0,10567952.0,https://i.scdn.co/image/ab6761610000e5eba4e2d7045cbcca592ba6c7dd,GENRE_2,False,False
228,Mon Laferte,2025-03-18,2025,TOKIO MARINE HALL,MON LAFERTE,4000.0,MEDIAS CASAS,CASA DE SHOWS,-23.6383,-46.7203,4boI7bJtmB1L3b1cuL75Zr,LATIN ALTERNATIVE,79.0,10443208.0,https://i.scdn.co/image/ab6761610000e5ebd4d9941b20bbf2bbe3714acc,GENRE_2,False,False
229,Iron Maiden,2024-12-06,2024,ALLIANZ PARQUE,IRON MAIDEN,45000.0,ARENAS E ESTADIOS,ESTADIO MULTIUSO,-23.5276207,-46.6784662,6mdiAmATAx73kdxrNrnlao,"HEAVY METAL, METAL, HARD ROCK, ROCK",73.0,10410489.0,https://i.scdn.co/image/ab6761610000e5ebf9978ad4808f6f2723124d19,GENRE_2,False,False
230,Iron Maiden,2024-12-07,2024,ALLIANZ PARQUE,IRON MAIDEN,45000.0,ARENAS E ESTADIOS,ESTADIO MULTIUSO,-23.5276207,-46.6784662,6mdiAmATAx73kdxrNrnlao,"HEAVY METAL, METAL, HARD ROCK, ROCK",73.0,10410489.0,https://i.scdn.co/image/ab6761610000e5ebf9978ad4808f6f2723124d19,GENRE_2,False,False
231,Iron Maiden,2022-09-04,2022,ESTADIO DO MORUMBI,IRON MAIDEN,67000.0,ARENAS E ESTADIOS,ESTADIO MULTIUSO,-23.600089,-46.720090,6mdiAmATAx73kdxrNrnlao,"HEAVY METAL, METAL, HARD ROCK, ROCK",73.0,10410489.0,https://i.scdn.co/image/ab6761610000e5ebf9978ad4808f6f2723124d19,GENRE_2,False,False
232,Ne‐Yo,2023-09-07,2023,AUTODROMO DE INTERLAGOS,NE-YO,100000.0,ARENAS E ESTADIOS,AREA EXTERNA PARA EVENTOS,-23.7000,-46.6972,21E3waRsmPlU7jZsS13rcj,POP,82.0,10291905.0,https://i.scdn.co/image/ab6761610000e5ebca118e3822061f7b7f6bc537,GENRE_2,THE TOWN,"MAROON 5, THE CHAINSMOKERS"
233,Ne‐Yo,2023-09-07,2023,AUTODROMO DE INTERLAGOS,NE-YO,100000.0,ARENAS E ESTADIOS,AREA EXTERNA PARA EVENTOS,-23.7000,-46.6972,21E3waRsmPlU7jZsS13rcj,POP,82.0,10291905.0,https://i.scdn.co/image/ab6761610000e5ebca118e3822061f7b7f6bc537,GENRE_2,THE TOWN,"MAROON 5, THE CHAINSMOKERS"
234,Ne‐Yo,2023-09-07,2023,AUTODROMO DE INTERLAGOS,NE-YO,100000.0,ARENAS E ESTADIOS,AREA EXTERNA PARA EVENTOS,-23.7000,-46.6972,21E3waRsmPlU7jZsS13rcj,POP,82.0,10291905.0,https://i.scdn.co/image/ab6761610000e5ebca118e3822061f7b7f6bc537,GENRE_2,THE TOWN,"MAROON 5, THE CHAINSMOKERS"
235,Ne‐Yo,2024-09-19,2024,ESPACO UNIMED,NE-YO,8000.0,MEDIAS CASAS,CASA DE SHOWS,-23.52812,-46.66805,21E3waRsmPlU7jZsS13rcj,POP,82.0,10291905.0,https://i.scdn.co/image/ab6761610000e5ebca118e3822061f7b7f6bc537,GENRE_2,False,False
236,Ne‐Yo,2024-09-19,2024,ESPACO UNIMED,NE-YO,8000.0,MEDIAS CASAS,CASA DE SHOWS,-23.52812,-46.66805,21E3waRsmPlU7jZsS13rcj,POP,82.0,10291905.0,https://i.scdn.co/image/ab6761610000e5ebca118e3822061f7b7f6bc537,GENRE_2,False,False
237,Ne‐Yo,2024-09-19,2024,ESPACO UNIMED,NE-YO,8000.0,MEDIAS CASAS,CASA DE SHOWS,-23.52812,-46.66805,21E3waRsmPlU7jZsS13rcj,POP,82.0,10291905.0,https://i.scdn.co/image/ab6761610000e5ebca118e3822061f7b7f6bc537,GENRE_2,False,False
238,5 Seconds of Summer,2023-07-25,2023,ESPACO UNIMED,5 SECONDS OF SUMMER,8000.0,MEDIAS CASAS,CASA DE SHOWS,-23.52812,-46.66805,5Rl15oVamLq7FbSb0NNBNy,ROCK,79.0,10256384.0,https://i.scdn.co/image/ab6761610000e5eb87cde49a53cfbdbecf68fe02,GENRE_1,False,False
239,Luan Santana,2021-12-19,2021,ESPACO DAS AMERICAS,LUAN SANTANA,8000.0,MEDIAS CASAS,CASA DE SHOWS,-23.5156,-46.6820,3qvcCP2J0fWi0m0uQDUf6r,"SERTANEJO, SERTANEJO UNIVERSITARIO, ARROCHA",77.0,10076389.0,https://i.scdn.co/image/ab6761610000e5ebfde13b4ff04ee1c0f33c6878,GENRE_1,False,False
240,Luan Santana,2025-08-16,2025,ARENA ANHEMBI,LUAN SANTANA,30000.0,GRANDES CASAS,AREA EXTERNA PARA EVENTOS,-23.51611,-46.64320,3qvcCP2J0fWi0m0uQDUf6r,"SERTANEJO, SERTANEJO UNIVERSITARIO, ARROCHA",77.0,10076389.0,https://i.scdn.co/image/ab6761610000e5ebfde13b4ff04ee1c0f33c6878,GENRE_1,False,False
241,Luan Santana,2022-02-05,2022,ESTADIO DO CANINDE,LUAN SANTANA,21000.0,GRANDES CASAS,ESTADIO MULTIUSO,-23.52019,-46.61875,3qvcCP2J0fWi0m0uQDUf6r,"SERTANEJO, SERTANEJO UNIVERSITARIO, ARROCHA",77.0,10076389.0,https://i.scdn.co/image/ab6761610000e5ebfde13b4ff04ee1c0f33c6878,GENRE_1,False,False
242,Luan Santana,2022-02-28,2022,JOCKEY CLUB,LUAN SANTANA,10000.0,MEDIAS CASAS,CENTRO DE EVENTOS,-23.57058,-46.70035,3qvcCP2J0fWi0m0uQDUf6r,"SERTANEJO, SERTANEJO UNIVERSITARIO, ARROCHA",77.0,10076389.0,https://i.scdn.co/image/ab6761610000e5ebfde13b4ff04ee1c0f33c6878,GENRE_1,False,False
243,Luan Santana,2025-03-29,2025,MERCADO LIVRE ARENA PACAEMBU,LUAN SANTANA,40000.0,ARENAS E ESTADIOS,ESTADIO MULTIUSO,-23.5486,-46.6651,3qvcCP2J0fWi0m0uQDUf6r,"SERTANEJO, SERTANEJO UNIVERSITARIO, ARROCHA",77.0,10076389.0,https://i.scdn.co/image/ab6761610000e5ebfde13b4ff04ee1c0f33c6878,GENRE_1,False,False
244,aespa,2023-09-11,2023,ESPACO UNIMED,AESPA,8000.0,MEDIAS CASAS,CASA DE SHOWS,-23.52812,-46.66805,6YVMFz59CuY7ngCxTxjpxE,K-POP,77.0,9877137.0,https://i.scdn.co/image/ab6761610000e5eb18d4cb767d2dfe5f4b28ba07,GENRE_1,False,False
245,Bebe Rexha,2023-09-03,2023,AUTODROMO DE INTERLAGOS,BEBE REXHA,100000.0,ARENAS E ESTADIOS,AREA EXTERNA PARA EVENTOS,-23.7000,-46.6972,64M6ah0SkkRsnPGtGiRAbb,POP,77.0,9869344.0,https://i.scdn.co/image/ab6761610000e5ebead1540fa76796266fadba33,GENRE_1,THE TOWN,"BRUNO MARS, BEBE REXHA"
246,MC Cabelinho,2025-09-06,2025,AUTODROMO DE INTERLAGOS,MC CABELINHO,100000.0,ARENAS E ESTADIOS,AREA EXTERNA PARA EVENTOS,-23.7000,-46.6972,1WQBwwssN6r8DSjUlkyUGW,"BRAZILIAN TRAP, TRAP FUNK, TRAP, BRAZILIAN HIP HOP, FUNK CONSCIENTE",74.0,9814637.0,https://i.scdn.co/image/ab6761610000e5eb8e40dc37ec4f2637e69325a1,LETTER_1,THE TOWN,TRAVIS SCOTT
247,MC Cabelinho,2023-05-06,2023,DISTRITO ANHEMBI,MC CABELINHO,35000.0,GRANDES CASAS,AREA EXTERNA PARA EVENTOS,-23.51611,-46.64320,1WQBwwssN6r8DSjUlkyUGW,"BRAZILIAN TRAP, TRAP FUNK, TRAP, BRAZILIAN HIP HOP, FUNK CONSCIENTE",74.0,9814637.0,https://i.scdn.co/image/ab6761610000e5eb8e40dc37ec4f2637e69325a1,LETTER_1,False,False
248,Racionais MC’s,2022-04-22,2022,ESPACO DAS AMERICAS,RACIONAIS MC'S,8000.0,MEDIAS CASAS,CASA DE SHOWS,-23.5156,-46.6820,29CQLw9uLWsl8Qkz9holfr,"BRAZILIAN HIP HOP, RAP, BOOM BAP",71.0,9679940.0,https://i.scdn.co/image/ab6761610000e5ebc5e924dc29f1dbe7eda0bba8,LETTER_1,False,False
249,Racionais MC’s,2022-04-22,2022,ESPACO DAS AMERICAS,RACIONAIS MC'S,8000.0,MEDIAS CASAS,CASA DE SHOWS,-23.5156,-46.6820,29CQLw9uLWsl8Qkz9holfr,"BRAZILIAN HIP HOP, RAP, BOOM BAP",71.0,9679940.0,https://i.scdn.co/image/ab6761610000e5ebc5e924dc29f1dbe7eda0bba8,LETTER_1,False,False
250,Racionais MC’s,2023-09-02,2023,AUTODROMO DE INTERLAGOS,RACIONAIS MC'S,100000.0,ARENAS E ESTADIOS,AREA EXTERNA PARA EVENTOS,-23.7000,-46.6972,29CQLw9uLWsl8Qkz9holfr,"BRAZILIAN HIP HOP, RAP, BOOM BAP",71.0,9679940.0,https://i.scdn.co/image/ab6761610000e5ebc5e924dc29f1dbe7eda0bba8,LETTER_1,THE TOWN,"POST MALONE, DEMI LOVATO"
251,Racionais MC’s,2023-09-02,2023,AUTODROMO DE INTERLAGOS,RACIONAIS MC'S,100000.0,ARENAS E ESTADIOS,AREA EXTERNA PARA EVENTOS,-23.7000,-46.6972,29CQLw9uLWsl8Qkz9holfr,"BRAZILIAN HIP HOP, RAP, BOOM BAP",71.0,9679940.0,https://i.scdn.co/image/ab6761610000e5ebc5e924dc29f1dbe7eda0bba8,LETTER_1,THE TOWN,"POST MALONE, DEMI LOVATO"
252,Racionais MC’s,2024-01-27,2024,VALE DO ANHANGABAU,RACIONAIS MC'S,35000.0,GRANDES CASAS,AREA EXTERNA PARA EVENTOS,-23.54429,-46.63623,29CQLw9uLWsl8Qkz9holfr,"BRAZILIAN HIP HOP, RAP, BOOM BAP",71.0,9679940.0,https://i.scdn.co/image/ab6761610000e5ebc5e924dc29f1dbe7eda0bba8,LETTER_1,False,False
253,Racionais MC’s,2024-01-27,2024,VALE DO ANHANGABAU,RACIONAIS MC'S,35000.0,GRANDES CASAS,AREA EXTERNA PARA EVENTOS,-23.54429,-46.63623,29CQLw9uLWsl8Qkz9holfr,"BRAZILIAN HIP HOP, RAP, BOOM BAP",71.0,9679940.0,https://i.scdn.co/image/ab6761610000e5ebc5e924dc29f1dbe7eda0bba8,LETTER_1,False,False
254,Racionais MC’s,2022-06-19,2022,SAMBODROMO DO ANHEMBI,RACIONAIS MC'S,100000.0,ARENAS E ESTADIOS,AREA EXTERNA PARA EVENTOS,-23.5079,-46.6379,29CQLw9uLWsl8Qkz9holfr,"BRAZILIAN HIP HOP, RAP, BOOM BAP",71.0,9679940.0,https://i.scdn.co/image/ab6761610000e5ebc5e924dc29f1dbe7eda0bba8,LETTER_1,False,False
255,Racionais MC’s,2022-06-19,2022,SAMBODROMO DO ANHEMBI,RACIONAIS MC'S,100000.0,ARENAS E ESTADIOS,AREA EXTERNA PARA EVENTOS,-23.5079,-46.6379,29CQLw9uLWsl8Qkz9holfr,"BRAZILIAN HIP HOP, RAP, BOOM BAP",71.0,9679940.0,https://i.scdn.co/image/ab6761610000e5ebc5e924dc29f1dbe7eda0bba8,LETTER_1,False,False
256,Racionais MC’s,2024-11-22,2024,ESPACO UNIMED,RACIONAIS MC'S,8000.0,MEDIAS CASAS,CASA DE SHOWS,-23.52812,-46.66805,29CQLw9uLWsl8Qkz9holfr,"BRAZILIAN HIP HOP, RAP, BOOM BAP",71.0,9679940.0,https://i.scdn.co/image/ab6761610000e5ebc5e924dc29f1dbe7eda0bba8,LETTER_1,False,False
257,Racionais MC’s,2024-11-22,2024,ESPACO UNIMED,RACIONAIS MC'S,8000.0,MEDIAS CASAS,CASA DE SHOWS,-23.52812,-46.66805,29CQLw9uLWsl8Qkz9holfr,"BRAZILIAN HIP HOP, RAP, BOOM BAP",71.0,9679940.0,https://i.scdn.co/image/ab6761610000e5ebc5e924dc29f1dbe7eda0bba8,LETTER_1,False,False
258,Racionais MC’s,2024-11-29,2024,ESPACO UNIMED,RACIONAIS MC'S,8000.0,MEDIAS CASAS,CASA DE SHOWS,-23.52812,-46.66805,29CQLw9uLWsl8Qkz9holfr,"BRAZILIAN HIP HOP, RAP, BOOM BAP",71.0,9679940.0,https://i.scdn.co/image/ab6761610000e5ebc5e924dc29f1dbe7eda0bba8,LETTER_1,False,False
259,Racionais MC’s,2024-11-29,2024,ESPACO UNIMED,RACIONAIS MC'S,8000.0,MEDIAS CASAS,CASA DE SHOWS,-23.52812,-46.66805,29CQLw9uLWsl8Qkz9holfr,"BRAZILIAN HIP HOP, RAP, BOOM BAP",71.0,9679940.0,https://i.scdn.co/image/ab6761610000e5ebc5e924dc29f1dbe7eda0bba8,LETTER_1,False,False
260,Racionais MC’s,2023-05-07,2023,DISTRITO ANHEMBI,RACIONAIS MC'S,35000.0,GRANDES CASAS,AREA EXTERNA PARA EVENTOS,-23.51611,-46.64320,29CQLw9uLWsl8Qkz9holfr,"BRAZILIAN HIP HOP, RAP, BOOM BAP",71.0,9679940.0,https://i.scdn.co/image/ab6761610000e5ebc5e924dc29f1dbe7eda0bba8,LETTER_1,False,False
261,Racionais MC’s,2023-05-07,2023,DISTRITO ANHEMBI,RACIONAIS MC'S,35000.0,GRANDES CASAS,AREA EXTERNA PARA EVENTOS,-23.51611,-46.64320,29CQLw9uLWsl8Qkz9holfr,"BRAZILIAN HIP HOP, RAP, BOOM BAP",71.0,9679940.0,https://i.scdn.co/image/ab6761610000e5ebc5e924dc29f1dbe7eda0bba8,LETTER_1,False,False
262,Tame Impala,2023-03-25,2023,AUTODROMO DE INTERLAGOS,TAME IMPALA,100000.0,ARENAS E ESTADIOS,AREA EXTERNA PARA EVENTOS,-23.7000,-46.6972,5INjqkS1o8h1imAzPqGZBb,"NEO-PSYCHEDELIC, INDIE",86.0,9661041.0,https://i.scdn.co/image/ab6761610000e5ebe412a782245eb20d9626c601,GENRE_1,LOLLAPALOOZA,"TWENTY ONE PILOTS, TAME IMPALA"
263,Lil Durk,2023-12-10,2023,NEO QUIMICA ARENA,LIL DURK,49000.0,ARENAS E ESTADIOS,ESTADIO MULTIUSO,-23.54534,-46.47476,3hcs9uc56yIGFCSy9leWe7,"CHICAGO DRILL, DRILL",80.0,9603151.0,https://i.scdn.co/image/ab6761610000e5eb09791422702c3fa9780468d4,LETTER_1,False,False
264,Ana Castela,2025-08-16,2025,ARENA ANHEMBI,ANA CASTELA,30000.0,GRANDES CASAS,AREA EXTERNA PARA EVENTOS,-23.51611,-46.64320,2CKOmarVWvWqkNWUatHCex,"SERTANEJO, AGRONEJO, SERTANEJO UNIVERSITARIO, PISEIRO",80.0,9573728.0,https://i.scdn.co/image/ab6761610000e5ebf7a3bca3b0ed526f735ba4cd,GENRE_1,False,False
265,Ana Castela,2023-08-19,2023,SAMBODROMO DO ANHEMBI,ANA CASTELA,100000.0,ARENAS E ESTADIOS,AREA EXTERNA PARA EVENTOS,-23.5079,-46.6379,2CKOmarVWvWqkNWUatHCex,"SERTANEJO, AGRONEJO, SERTANEJO UNIVERSITARIO, PISEIRO",80.0,9573728.0,https://i.scdn.co/image/ab6761610000e5ebf7a3bca3b0ed526f735ba4cd,GENRE_1,False,False
266,Ana Castela,2025-10-11,2025,SUHAI MUSIC HALL,ANA CASTELA,9000.0,MEDIAS CASAS,CASA DE SHOWS,-23.68026,-46.69805,2CKOmarVWvWqkNWUatHCex,"SERTANEJO, AGRONEJO, SERTANEJO UNIVERSITARIO, PISEIRO",80.0,9573728.0,https://i.scdn.co/image/ab6761610000e5ebf7a3bca3b0ed526f735ba4cd,GENRE_1,False,False
267,Kali Uchis,2023-03-24,2023,AUTODROMO DE INTERLAGOS,KALI UCHIS,100000.0,ARENAS E ESTADIOS,AREA EXTERNA PARA EVENTOS,-23.7000,-46.6972,1U1el3k54VvEUzo3ybLPlM,0,84.0,9556269.0,https://i.scdn.co/image/ab6761610000e5eb6a5bff9f9278d4eea13bb67e,GENRE_1,LOLLAPALOOZA,"BILLIE EILISH, LIL NAS X"
268,Tate McRae,2025-03-29,2025,AUTODROMO DE INTERLAGOS,TATE MCRAE,100000.0,ARENAS E ESTADIOS,AREA EXTERNA PARA EVENTOS,-23.7000,-46.6972,45dkTj5sMRSjrmBSBeiHym,0,90.0,9476548.0,https://i.scdn.co/image/ab6761610000e5ebbed8016bd64422793ff3bc75,GENRE_1,LOLLAPALOOZA,SHAWN MENDES
269,CNCO,2023-07-05,2023,AUDIO,CNCO,3200.0,MEDIAS CASAS,CASA DE SHOWS,-23.52822,-46.66968,0eecdvMrqBftK0M1VKhaF4,"REGGAETON, LATIN",66.0,9361868.0,https://i.scdn.co/image/ab6761610000e5ebe61627c00d64dcb4de8001d2,GENRE_2,False,False
270,DJ Snake,2023-04-22,2023,VALE DO ANHANGABAU,DJ SNAKE,35000.0,GRANDES CASAS,AREA EXTERNA PARA EVENTOS,-23.54429,-46.63623,540vIaP2JwjQb9dm3aArA4,EDM,79.0,9356377.0,https://i.scdn.co/image/ab6761610000e5eb7e57e2ed9b787ba5773b7cb9,LETTER_1,ULTRA BRASIL,DJ SNAKE
271,Filipe Ret,2023-03-25,2023,AUTODROMO DE INTERLAGOS,FILIPE RET,100000.0,ARENAS E ESTADIOS,AREA EXTERNA PARA EVENTOS,-23.7000,-46.6972,7gJN8W0589FisSYJS17K54,"BRAZILIAN HIP HOP, BRAZILIAN TRAP, TRAP FUNK, TRAP",78.0,9339041.0,https://i.scdn.co/image/ab6761610000e5eb0eb25db573261498b72fb6f3,LETTER_1,LOLLAPALOOZA,"TWENTY ONE PILOTS, TAME IMPALA"
272,Filipe Ret,2025-09-06,2025,AUTODROMO DE INTERLAGOS,FILIPE RET,100000.0,ARENAS E ESTADIOS,AREA EXTERNA PARA EVENTOS,-23.7000,-46.6972,7gJN8W0589FisSYJS17K54,"BRAZILIAN HIP HOP, BRAZILIAN TRAP, TRAP FUNK, TRAP",78.0,9339041.0,https://i.scdn.co/image/ab6761610000e5eb0eb25db573261498b72fb6f3,LETTER_1,THE TOWN,TRAVIS SCOTT
273,Filipe Ret,2023-01-15,2023,MEMORIAL DA AMERICA LATINA,FILIPE RET,15000.0,GRANDES CASAS,AREA EXTERNA PARA EVENTOS,-23.5274091,-46.6656539,7gJN8W0589FisSYJS17K54,"BRAZILIAN HIP HOP, BRAZILIAN TRAP, TRAP FUNK, TRAP",78.0,9339041.0,https://i.scdn.co/image/ab6761610000e5eb0eb25db573261498b72fb6f3,LETTER_1,False,False
274,Filipe Ret,2022-06-18,2022,SAMBODROMO DO ANHEMBI,FILIPE RET,100000.0,ARENAS E ESTADIOS,AREA EXTERNA PARA EVENTOS,-23.5079,-46.6379,7gJN8W0589FisSYJS17K54,"BRAZILIAN HIP HOP, BRAZILIAN TRAP, TRAP FUNK, TRAP",78.0,9339041.0,https://i.scdn.co/image/ab6761610000e5eb0eb25db573261498b72fb6f3,LETTER_1,False,False
275,Filipe Ret,2023-05-06,2023,DISTRITO ANHEMBI,FILIPE RET,35000.0,GRANDES CASAS,AREA EXTERNA PARA EVENTOS,-23.51611,-46.64320,7gJN8W0589FisSYJS17K54,"BRAZILIAN HIP HOP, BRAZILIAN TRAP, TRAP FUNK, TRAP",78.0,9339041.0,https://i.scdn.co/image/ab6761610000e5eb0eb25db573261498b72fb6f3,LETTER_1,False,False
276,blink‐182,2024-03-22,2024,AUTODROMO DE INTERLAGOS,BLINK-182,100000.0,ARENAS E ESTADIOS,AREA EXTERNA PARA EVENTOS,-23.7000,-46.6972,6FBDaR13swtiWwGhX1WQsP,"POP PUNK, PUNK, ROCK, SKATE PUNK, EMO",77.0,9330303.0,https://i.scdn.co/image/ab6761610000e5eb5da36f8b98dd965336a1507a,GENRE_1,LOLLAPALOOZA,"BLINK-182,ARCADE FIRE"
277,TINI,2022-10-08,2022,VIBRA SAO PAULO,TINI,7000.0,MEDIAS CASAS,TEATRO E CASA DE ESPETACULOS,-23.6475,-46.7239,7vXDAI8JwjW531ouMGbfcp,LATIN POP,78.0,9259566.0,https://i.scdn.co/image/ab6761610000e5eb43f8f52ac55da2d54fc8fdca,GENRE_1,False,False
278,Hozier,2024-03-23,2024,AUTODROMO DE INTERLAGOS,HOZIER,100000.0,ARENAS E ESTADIOS,AREA EXTERNA PARA EVENTOS,-23.7000,-46.6972,2FXC3k01G6Gw61bmprjgqS,POP,83.0,9151013.0,https://i.scdn.co/image/ab6761610000e5ebad85a585103dfc2f3439119a,GENRE_1,LOLLAPALOOZA,"KINGS OF LEON, LIMP BIZKIT"
279,Hozier,2025-05-30,2025,ESPACO UNIMED,HOZIER,8000.0,MEDIAS CASAS,CASA DE SHOWS,-23.52812,-46.66805,2FXC3k01G6Gw61bmprjgqS,POP,83.0,9151013.0,https://i.scdn.co/image/ab6761610000e5ebad85a585103dfc2f3439119a,GENRE_1,False,False
280,ROSALÍA,2023-03-26,2023,AUTODROMO DE INTERLAGOS,ROSALIA,100000.0,ARENAS E ESTADIOS,AREA EXTERNA PARA EVENTOS,-23.7000,-46.6972,7ltDVBr6mKbRvohxheJ9h1,LATIN,88.0,8920542.0,https://i.scdn.co/image/ab6761610000e5eb9354faf80eb87961466edfbf,GENRE_2,LOLLAPALOOZA,"DRAKE, ROSALIA"
281,ROSALÍA,2022-08-22,2022,ESPACO UNIMED,ROSALIA,8000.0,MEDIAS CASAS,CASA DE SHOWS,-23.52812,-46.66805,7ltDVBr6mKbRvohxheJ9h1,LATIN,88.0,8920542.0,https://i.scdn.co/image/ab6761610000e5eb9354faf80eb87961466edfbf,GENRE_2,False,False
282,girl in red,2025-03-27,2025,AUDIO,GIRL IN RED,3200.0,MEDIAS CASAS,CASA DE SHOWS,-23.52822,-46.66968,3uwAm6vQy7kWPS2bciKWx9,BEDROOM POP,74.0,8826309.0,https://i.scdn.co/image/ab6761610000e5eb1b15c2ad299fdcf864a09742,GENRE_1,False,False
283,girl in red,2025-03-28,2025,AUTODROMO DE INTERLAGOS,GIRL IN RED,100000.0,ARENAS E ESTADIOS,AREA EXTERNA PARA EVENTOS,-23.7000,-46.6972,3uwAm6vQy7kWPS2bciKWx9,BEDROOM POP,74.0,8826309.0,https://i.scdn.co/image/ab6761610000e5eb1b15c2ad299fdcf864a09742,GENRE_1,LOLLAPALOOZA,OLIVIA RODRIGO
284,Kehlani,2022-03-24,2022,AUTODROMO DE INTERLAGOS,KEHLANI,100000.0,ARENAS E ESTADIOS,AREA EXTERNA PARA EVENTOS,-23.7000,-46.6972,0cGUm45nv7Z6M6qdXYQGTX,0,80.0,8739361.0,https://i.scdn.co/image/ab6761610000e5eb57082fd22d755e80a648fac3,GENRE_2,False,False
285,Kehlani,2022-03-27,2022,AUTODROMO DE INTERLAGOS,KEHLANI,100000.0,ARENAS E ESTADIOS,AREA EXTERNA PARA EVENTOS,-23.7000,-46.6972,0cGUm45nv7Z6M6qdXYQGTX,0,80.0,8739361.0,https://i.scdn.co/image/ab6761610000e5eb57082fd22d755e80a648fac3,GENRE_2,LOLLAPALOOZA,FOO FIGHTERS
286,H.E.R.,2023-09-10,2023,AUTODROMO DE INTERLAGOS,H.E.R.,100000.0,ARENAS E ESTADIOS,AREA EXTERNA PARA EVENTOS,-23.7000,-46.6972,3Y7RZ31TRPVadSFVy1o8os,R&B,74.0,8728247.0,https://i.scdn.co/image/ab6761610000e5eb417db49cde3ed1c5a65e3514,GENRE_2,THE TOWN,"BRUNO MARS, H.E.R"
287,Kygo,2022-11-13,2022,ESPACO UNIMED,KYGO,8000.0,MEDIAS CASAS,CASA DE SHOWS,-23.52812,-46.66805,23fqKkggKUBHNkbKtXEls4,TROPICAL HOUSE,77.0,8674312.0,https://i.scdn.co/image/ab6761610000e5ebe5ea1aa1404629c12ad86658,LETTER_1,False,False
288,Scorpions,2023-04-22,2023,ALLIANZ PARQUE,SCORPIONS,45000.0,ARENAS E ESTADIOS,ESTADIO MULTIUSO,-23.5276207,-46.6784662,27T030eWyCQRmDyuvr1kxY,"HARD ROCK, GLAM METAL, ROCK",74.0,8658584.0,https://i.scdn.co/image/ab6761610000e5eb7440170c0628c2945da819c3,GENRE_1,MONSTERS OF ROCK,"KISS, SCORPIONS"
289,Scorpions,2025-04-19,2025,ALLIANZ PARQUE,SCORPIONS,45000.0,ARENAS E ESTADIOS,ESTADIO MULTIUSO,-23.5276207,-46.6784662,27T030eWyCQRmDyuvr1kxY,"HARD ROCK, GLAM METAL, ROCK",74.0,8658584.0,https://i.scdn.co/image/ab6761610000e5eb7440170c0628c2945da819c3,GENRE_1,MONSTERS OF ROCK,"SCORPIONS, JUDAS PRIEST"
290,Orochi,2023-09-02,2023,AUTODROMO DE INTERLAGOS,OROCHI,100000.0,ARENAS E ESTADIOS,AREA EXTERNA PARA EVENTOS,-23.7000,-46.6972,3rfM2cGqF6DB0kUyytMkXx,"BRAZILIAN TRAP, BRAZILIAN HIP HOP, TRAP FUNK, TRAP",76.0,8648149.0,https://i.scdn.co/image/ab6761610000e5eb90b1775a323db4e9ec05b0dc,LETTER_1,THE TOWN,"POST MALONE, DEMI LOVATO"
291,Orochi,2022-08-27,2022,ESTADIO DO CANINDE,OROCHI,21000.0,GRANDES CASAS,ESTADIO MULTIUSO,-23.52019,-46.61875,3rfM2cGqF6DB0kUyytMkXx,"BRAZILIAN TRAP, BRAZILIAN HIP HOP, TRAP FUNK, TRAP",76.0,8648149.0,https://i.scdn.co/image/ab6761610000e5eb90b1775a323db4e9ec05b0dc,LETTER_1,False,False
292,Orochi,2022-06-19,2022,SAMBODROMO DO ANHEMBI,OROCHI,100000.0,ARENAS E ESTADIOS,AREA EXTERNA PARA EVENTOS,-23.5079,-46.6379,3rfM2cGqF6DB0kUyytMkXx,"BRAZILIAN TRAP, BRAZILIAN HIP HOP, TRAP FUNK, TRAP",76.0,8648149.0,https://i.scdn.co/image/ab6761610000e5eb90b1775a323db4e9ec05b0dc,LETTER_1,False,False
293,Orochi,2023-05-06,2023,DISTRITO ANHEMBI,OROCHI,35000.0,GRANDES CASAS,AREA EXTERNA PARA EVENTOS,-23.51611,-46.64320,3rfM2cGqF6DB0kUyytMkXx,"BRAZILIAN TRAP, BRAZILIAN HIP HOP, TRAP FUNK, TRAP",76.0,8648149.0,https://i.scdn.co/image/ab6761610000e5eb90b1775a323db4e9ec05b0dc,LETTER_1,False,False
294,LUDMILLA,2022-03-01,2022,ESPACO DAS AMERICAS,LUDMILLA,8000.0,MEDIAS CASAS,CASA DE SHOWS,-23.5156,-46.6820,3CDoRporvSjdzTrm99a3gi,"PAGODE, BRAZILIAN POP, FUNK POP, BRAZILIAN FUNK, PAGODE BAIANO, FUNK CARIOCA",74.0,8366968.0,https://i.scdn.co/image/ab6761610000e5eba021927cf2c740f6c968e29f,GENRE_1,False,False
295,LUDMILLA,2023-03-25,2023,AUTODROMO DE INTERLAGOS,LUDMILLA,100000.0,ARENAS E ESTADIOS,AREA EXTERNA PARA EVENTOS,-23.7000,-46.6972,3CDoRporvSjdzTrm99a3gi,"PAGODE, BRAZILIAN POP, FUNK POP, BRAZILIAN FUNK, PAGODE BAIANO, FUNK CARIOCA",74.0,8366968.0,https://i.scdn.co/image/ab6761610000e5eba021927cf2c740f6c968e29f,GENRE_1,LOLLAPALOOZA,"TWENTY ONE PILOTS, TAME IMPALA"
296,LUDMILLA,2023-09-07,2023,AUTODROMO DE INTERLAGOS,LUDMILLA,100000.0,ARENAS E ESTADIOS,AREA EXTERNA PARA EVENTOS,-23.7000,-46.6972,3CDoRporvSjdzTrm99a3gi,"PAGODE, BRAZILIAN POP, FUNK POP, BRAZILIAN FUNK, PAGODE BAIANO, FUNK CARIOCA",74.0,8366968.0,https://i.scdn.co/image/ab6761610000e5eba021927cf2c740f6c968e29f,GENRE_1,THE TOWN,"MAROON 5, THE CHAINSMOKERS"
297,LUDMILLA,2025-09-14,2025,AUTODROMO DE INTERLAGOS,LUDMILLA,100000.0,ARENAS E ESTADIOS,AREA EXTERNA PARA EVENTOS,-23.7000,-46.6972,3CDoRporvSjdzTrm99a3gi,"PAGODE, BRAZILIAN POP, FUNK POP, BRAZILIAN FUNK, PAGODE BAIANO, FUNK CARIOCA",74.0,8366968.0,https://i.scdn.co/image/ab6761610000e5eba021927cf2c740f6c968e29f,GENRE_1,THE TOWN,KATY PERRY
298,LUDMILLA,2022-06-17,2022,ARENA ANHEMBI,LUDMILLA,30000.0,GRANDES CASAS,AREA EXTERNA PARA EVENTOS,-23.51611,-46.64320,3CDoRporvSjdzTrm99a3gi,"PAGODE, BRAZILIAN POP, FUNK POP, BRAZILIAN FUNK, PAGODE BAIANO, FUNK CARIOCA",74.0,8366968.0,https://i.scdn.co/image/ab6761610000e5eba021927cf2c740f6c968e29f,GENRE_1,False,False
299,LUDMILLA,2024-06-09,2024,ALLIANZ PARQUE,LUDMILLA,45000.0,ARENAS E ESTADIOS,ESTADIO MULTIUSO,-23.5276207,-46.6784662,3CDoRporvSjdzTrm99a3gi,"PAGODE, BRAZILIAN POP, FUNK POP, BRAZILIAN FUNK, PAGODE BAIANO, FUNK CARIOCA",74.0,8366968.0,https://i.scdn.co/image/ab6761610000e5eba021927cf2c740f6c968e29f,GENRE_1,False,False
300,LUDMILLA,2022-02-05,2022,ESTADIO DO CANINDE,LUDMILLA,21000.0,GRANDES CASAS,ESTADIO MULTIUSO,-23.52019,-46.61875,3CDoRporvSjdzTrm99a3gi,"PAGODE, BRAZILIAN POP, FUNK POP, BRAZILIAN FUNK, PAGODE BAIANO, FUNK CARIOCA",74.0,8366968.0,https://i.scdn.co/image/ab6761610000e5eba021927cf2c740f6c968e29f,GENRE_1,False,False
301,LUDMILLA,2022-02-27,2022,JOCKEY CLUB,LUDMILLA,10000.0,MEDIAS CASAS,CENTRO DE EVENTOS,-23.57058,-46.70035,3CDoRporvSjdzTrm99a3gi,"PAGODE, BRAZILIAN POP, FUNK POP, BRAZILIAN FUNK, PAGODE BAIANO, FUNK CARIOCA",74.0,8366968.0,https://i.scdn.co/image/ab6761610000e5eba021927cf2c740f6c968e29f,GENRE_1,False,False
302,LUDMILLA,2025-06-21,2025,VALE DO ANHANGABAU,LUDMILLA,35000.0,GRANDES CASAS,AREA EXTERNA PARA EVENTOS,-23.54429,-46.63623,3CDoRporvSjdzTrm99a3gi,"PAGODE, BRAZILIAN POP, FUNK POP, BRAZILIAN FUNK, PAGODE BAIANO, FUNK CARIOCA",74.0,8366968.0,https://i.scdn.co/image/ab6761610000e5eba021927cf2c740f6c968e29f,GENRE_1,False,False
303,LUDMILLA,2022-12-23,2022,ESPACO UNIMED,LUDMILLA,8000.0,MEDIAS CASAS,CASA DE SHOWS,-23.52812,-46.66805,3CDoRporvSjdzTrm99a3gi,"PAGODE, BRAZILIAN POP, FUNK POP, BRAZILIAN FUNK, PAGODE BAIANO, FUNK CARIOCA",74.0,8366968.0,https://i.scdn.co/image/ab6761610000e5eba021927cf2c740f6c968e29f,GENRE_1,False,False
304,LUDMILLA,2022-07-26,2022,VIBRA SAO PAULO,LUDMILLA,7000.0,MEDIAS CASAS,TEATRO E CASA DE ESPETACULOS,-23.6475,-46.7239,3CDoRporvSjdzTrm99a3gi,"PAGODE, BRAZILIAN POP, FUNK POP, BRAZILIAN FUNK, PAGODE BAIANO, FUNK CARIOCA",74.0,8366968.0,https://i.scdn.co/image/ab6761610000e5eba021927cf2c740f6c968e29f,GENRE_1,False,False
305,LUDMILLA,2022-08-20,2022,DISTRITO ANHEMBI,LUDMILLA,35000.0,GRANDES CASAS,AREA EXTERNA PARA EVENTOS,-23.51611,-46.64320,3CDoRporvSjdzTrm99a3gi,"PAGODE, BRAZILIAN POP, FUNK POP, BRAZILIAN FUNK, PAGODE BAIANO, FUNK CARIOCA",74.0,8366968.0,https://i.scdn.co/image/ab6761610000e5eba021927cf2c740f6c968e29f,GENRE_1,False,False
306,LUDMILLA,2022-12-10,2022,NEO QUIMICA ARENA,LUDMILLA,49000.0,ARENAS E ESTADIOS,ESTADIO MULTIUSO,-23.54534,-46.47476,3CDoRporvSjdzTrm99a3gi,"PAGODE, BRAZILIAN POP, FUNK POP, BRAZILIAN FUNK, PAGODE BAIANO, FUNK CARIOCA",74.0,8366968.0,https://i.scdn.co/image/ab6761610000e5eba021927cf2c740f6c968e29f,GENRE_1,False,False
307,Limp Bizkit,2024-03-23,2024,AUTODROMO DE INTERLAGOS,LIMP BIZKIT,100000.0,ARENAS E ESTADIOS,AREA EXTERNA PARA EVENTOS,-23.7000,-46.6972,165ZgPlLkK7bf5bDoFc6Sb,"NU METAL, RAP METAL, ALTERNATIVE METAL, RAP ROCK",79.0,8279030.0,https://i.scdn.co/image/4654955890cb62a6abe9daadfd2b3ecdee8036e4,GENRE_2,LOLLAPALOOZA,"KINGS OF LEON, LIMP BIZKIT"
308,NCT DREAM,2024-09-02,2024,ESPACO UNIMED,NCT DREAM,8000.0,MEDIAS CASAS,CASA DE SHOWS,-23.52812,-46.66805,1gBUSTR3TyDdTVFIaQnc02,"K-POP, NOISE MUSIC",73.0,8260193.0,https://i.scdn.co/image/ab6761610000e5ebed95357b2b295b2be5058b0b,LETTER_1,False,False
309,NCT DREAM,2023-07-04,2023,VIBRA SAO PAULO,NCT DREAM,7000.0,MEDIAS CASAS,TEATRO E CASA DE ESPETACULOS,-23.6475,-46.7239,1gBUSTR3TyDdTVFIaQnc02,"K-POP, NOISE MUSIC",73.0,8260193.0,https://i.scdn.co/image/ab6761610000e5ebed95357b2b295b2be5058b0b,LETTER_1,False,False
310,The Killers,2023-12-02,2023,AUTODROMO DE INTERLAGOS,THE KILLERS,100000.0,ARENAS E ESTADIOS,AREA EXTERNA PARA EVENTOS,-23.7000,-46.6972,0C0XlULifJtAgn6ZNCW2eu,ALTERNATIVE ROCK,78.0,8049272.0,https://i.scdn.co/image/ab6761610000e5eb207b21f3ed0ee96adce3166a,GENRE_1,False,False
311,The Killers,2022-11-12,2022,ALLIANZ PARQUE,THE KILLERS,45000.0,ARENAS E ESTADIOS,ESTADIO MULTIUSO,-23.5276207,-46.6784662,0C0XlULifJtAgn6ZNCW2eu,ALTERNATIVE ROCK,78.0,8049272.0,https://i.scdn.co/image/ab6761610000e5eb207b21f3ed0ee96adce3166a,GENRE_1,False,False
312,The Killers,2023-11-30,2023,TOKIO MARINE HALL,THE KILLERS,4000.0,MEDIAS CASAS,CASA DE SHOWS,-23.6383,-46.7203,0C0XlULifJtAgn6ZNCW2eu,ALTERNATIVE ROCK,78.0,8049272.0,https://i.scdn.co/image/ab6761610000e5eb207b21f3ed0ee96adce3166a,GENRE_1,False,False
313,MC Livinho,2024-03-24,2024,AUTODROMO DE INTERLAGOS,MC LIVINHO,100000.0,ARENAS E ESTADIOS,AREA EXTERNA PARA EVENTOS,-23.7000,-46.6972,7me0S5Z40qVWj3gzyK8aC3,"BRAZILIAN FUNK, FUNK CARIOCA",72.0,8045501.0,https://i.scdn.co/image/ab6761610000e5eb0c76b75c8206efcf0d9743da,LETTER_1,LOLLAPALOOZA,"SZA, SAM SMITH"
314,MC Livinho,2025-09-13,2025,AUTODROMO DE INTERLAGOS,MC LIVINHO,100000.0,ARENAS E ESTADIOS,AREA EXTERNA PARA EVENTOS,-23.7000,-46.6972,7me0S5Z40qVWj3gzyK8aC3,"BRAZILIAN FUNK, FUNK CARIOCA",72.0,8045501.0,https://i.scdn.co/image/ab6761610000e5eb0c76b75c8206efcf0d9743da,LETTER_1,THE TOWN,MARIAH CAREY
315,MC Livinho,2022-12-23,2022,ESPACO UNIMED,MC LIVINHO,8000.0,MEDIAS CASAS,CASA DE SHOWS,-23.52812,-46.66805,7me0S5Z40qVWj3gzyK8aC3,"BRAZILIAN FUNK, FUNK CARIOCA",72.0,8045501.0,https://i.scdn.co/image/ab6761610000e5eb0c76b75c8206efcf0d9743da,LETTER_1,False,False
316,MC Livinho,2025-10-17,2025,MERCADO LIVRE ARENA PACAEMBU,MC LIVINHO,40000.0,ARENAS E ESTADIOS,ESTADIO MULTIUSO,-23.5486,-46.6651,7me0S5Z40qVWj3gzyK8aC3,"BRAZILIAN FUNK, FUNK CARIOCA",72.0,8045501.0,https://i.scdn.co/image/ab6761610000e5eb0c76b75c8206efcf0d9743da,LETTER_1,False,False
317,MC Livinho,2025-11-23,2025,SUHAI MUSIC HALL,MC LIVINHO,9000.0,MEDIAS CASAS,CASA DE SHOWS,-23.68026,-46.69805,7me0S5Z40qVWj3gzyK8aC3,"BRAZILIAN FUNK, FUNK CARIOCA",72.0,8045501.0,https://i.scdn.co/image/ab6761610000e5eb0c76b75c8206efcf0d9743da,LETTER_1,False,False
318,The 1975,2023-03-25,2023,AUTODROMO DE INTERLAGOS,THE 1975,100000.0,ARENAS E ESTADIOS,AREA EXTERNA PARA EVENTOS,-23.7000,-46.6972,3mIj9lX2MWuHmhNCA7LSCW,INDIE POP,77.0,7995261.0,https://i.scdn.co/image/ab6761610000e5eb0c6e752cbb1e6d1416970f5a,GENRE_2,LOLLAPALOOZA,"TWENTY ONE PILOTS, TAME IMPALA"
319,MC Hariel,2023-09-02,2023,AUTODROMO DE INTERLAGOS,MC HARIEL,100000.0,ARENAS E ESTADIOS,AREA EXTERNA PARA EVENTOS,-23.7000,-46.6972,0pcoadNMmvrUyab1RxWBoV,"BRAZILIAN FUNK, FUNK CONSCIENTE, TRAP FUNK",73.0,7851275.0,https://i.scdn.co/image/ab6761610000e5eb59e2797b4c1efe8aea377f20,LETTER_1,THE TOWN,"POST MALONE, DEMI LOVATO"
320,MC Hariel,2025-09-06,2025,AUTODROMO DE INTERLAGOS,MC HARIEL,100000.0,ARENAS E ESTADIOS,AREA EXTERNA PARA EVENTOS,-23.7000,-46.6972,0pcoadNMmvrUyab1RxWBoV,"BRAZILIAN FUNK, FUNK CONSCIENTE, TRAP FUNK",73.0,7851275.0,https://i.scdn.co/image/ab6761610000e5eb59e2797b4c1efe8aea377f20,LETTER_1,THE TOWN,TRAVIS SCOTT
321,MC Hariel,2024-06-09,2024,ALLIANZ PARQUE,MC HARIEL,45000.0,ARENAS E ESTADIOS,ESTADIO MULTIUSO,-23.5276207,-46.6784662,0pcoadNMmvrUyab1RxWBoV,"BRAZILIAN FUNK, FUNK CONSCIENTE, TRAP FUNK",73.0,7851275.0,https://i.scdn.co/image/ab6761610000e5eb59e2797b4c1efe8aea377f20,LETTER_1,False,False
322,MC Hariel,2022-08-27,2022,ESTADIO DO CANINDE,MC HARIEL,21000.0,GRANDES CASAS,ESTADIO MULTIUSO,-23.52019,-46.61875,0pcoadNMmvrUyab1RxWBoV,"BRAZILIAN FUNK, FUNK CONSCIENTE, TRAP FUNK",73.0,7851275.0,https://i.scdn.co/image/ab6761610000e5eb59e2797b4c1efe8aea377f20,LETTER_1,False,False
323,MC Hariel,2022-12-23,2022,ESPACO UNIMED,MC HARIEL,8000.0,MEDIAS CASAS,CASA DE SHOWS,-23.52812,-46.66805,0pcoadNMmvrUyab1RxWBoV,"BRAZILIAN FUNK, FUNK CONSCIENTE, TRAP FUNK",73.0,7851275.0,https://i.scdn.co/image/ab6761610000e5eb59e2797b4c1efe8aea377f20,LETTER_1,False,False
324,MC Hariel,2025-11-23,2025,SUHAI MUSIC HALL,MC HARIEL,9000.0,MEDIAS CASAS,CASA DE SHOWS,-23.68026,-46.69805,0pcoadNMmvrUyab1RxWBoV,"BRAZILIAN FUNK, FUNK CONSCIENTE, TRAP FUNK",73.0,7851275.0,https://i.scdn.co/image/ab6761610000e5eb59e2797b4c1efe8aea377f20,LETTER_1,False,False
325,Jonas Brothers,2024-04-16,2024,ALLIANZ PARQUE,JONAS BROTHERS,45000.0,ARENAS E ESTADIOS,ESTADIO MULTIUSO,-23.5276207,-46.6784662,7gOdHgIoIKoe4i9Tta6qdD,POP,77.0,7773336.0,https://i.scdn.co/image/ab6761610000e5eb8023e30c92f7937da19db362,GENRE_1,False,False
326,João Gomes,2021-12-04,2021,ARENA ANHEMBI,JOAO GOMES,30000.0,GRANDES CASAS,AREA EXTERNA PARA EVENTOS,-23.51611,-46.64320,4JNo6Q5KdcRf1vtSX9mB0S,"PISEIRO, FORRO, ARROCHA, SERTANEJO, BREGA",75.0,7732274.0,https://i.scdn.co/image/ab6761610000e5ebe099848b88cd1d3fca223616,GENRE_1,False,False
327,João Gomes,2022-05-21,2022,ARENA ANHEMBI,JOAO GOMES,30000.0,GRANDES CASAS,AREA EXTERNA PARA EVENTOS,-23.51611,-46.64320,4JNo6Q5KdcRf1vtSX9mB0S,"PISEIRO, FORRO, ARROCHA, SERTANEJO, BREGA",75.0,7732274.0,https://i.scdn.co/image/ab6761610000e5ebe099848b88cd1d3fca223616,GENRE_1,False,False
328,João Gomes,2021-12-02,2021,CENTRO DE TRADICOES NORDESTINAS,JOAO GOMES,5000.0,MEDIAS CASAS,CASA DE SHOWS,-23.4723,-46.6299,4JNo6Q5KdcRf1vtSX9mB0S,"PISEIRO, FORRO, ARROCHA, SERTANEJO, BREGA",75.0,7732274.0,https://i.scdn.co/image/ab6761610000e5ebe099848b88cd1d3fca223616,GENRE_1,False,False
329,João Gomes,2021-12-03,2021,CENTRO DE TRADICOES NORDESTINAS,JOAO GOMES,5000.0,MEDIAS CASAS,CASA DE SHOWS,-23.4723,-46.6299,4JNo6Q5KdcRf1vtSX9mB0S,"PISEIRO, FORRO, ARROCHA, SERTANEJO, BREGA",75.0,7732274.0,https://i.scdn.co/image/ab6761610000e5ebe099848b88cd1d3fca223616,GENRE_1,False,False
330,João Gomes,2024-02-04,2024,MEMORIAL DA AMERICA LATINA,JOAO GOMES,15000.0,GRANDES CASAS,AREA EXTERNA PARA EVENTOS,-23.5274091,-46.6656539,4JNo6Q5KdcRf1vtSX9mB0S,"PISEIRO, FORRO, ARROCHA, SERTANEJO, BREGA",75.0,7732274.0,https://i.scdn.co/image/ab6761610000e5ebe099848b88cd1d3fca223616,GENRE_1,False,False
331,João Gomes,2023-01-25,2023,VALE DO ANHANGABAU,JOAO GOMES,35000.0,GRANDES CASAS,AREA EXTERNA PARA EVENTOS,-23.54429,-46.63623,4JNo6Q5KdcRf1vtSX9mB0S,"PISEIRO, FORRO, ARROCHA, SERTANEJO, BREGA",75.0,7732274.0,https://i.scdn.co/image/ab6761610000e5ebe099848b88cd1d3fca223616,GENRE_1,False,False
332,João Gomes,2025-05-25,2025,VALE DO ANHANGABAU,JOAO GOMES,35000.0,GRANDES CASAS,AREA EXTERNA PARA EVENTOS,-23.54429,-46.63623,4JNo6Q5KdcRf1vtSX9mB0S,"PISEIRO, FORRO, ARROCHA, SERTANEJO, BREGA",75.0,7732274.0,https://i.scdn.co/image/ab6761610000e5ebe099848b88cd1d3fca223616,GENRE_1,False,False
333,João Gomes,2023-04-30,2023,SAMBODROMO DO ANHEMBI,JOAO GOMES,100000.0,ARENAS E ESTADIOS,AREA EXTERNA PARA EVENTOS,-23.5079,-46.6379,4JNo6Q5KdcRf1vtSX9mB0S,"PISEIRO, FORRO, ARROCHA, SERTANEJO, BREGA",75.0,7732274.0,https://i.scdn.co/image/ab6761610000e5ebe099848b88cd1d3fca223616,GENRE_1,False,False
334,João Gomes,2023-08-19,2023,SAMBODROMO DO ANHEMBI,JOAO GOMES,100000.0,ARENAS E ESTADIOS,AREA EXTERNA PARA EVENTOS,-23.5079,-46.6379,4JNo6Q5KdcRf1vtSX9mB0S,"PISEIRO, FORRO, ARROCHA, SERTANEJO, BREGA",75.0,7732274.0,https://i.scdn.co/image/ab6761610000e5ebe099848b88cd1d3fca223616,GENRE_1,False,False
335,NCT 127,2023-01-18,2023,VIBRA SAO PAULO,NCT 127,7000.0,MEDIAS CASAS,TEATRO E CASA DE ESPETACULOS,-23.6475,-46.7239,7f4ignuCJhLXfZ9giKT7rH,"K-POP, NOISE MUSIC",64.0,7710444.0,https://i.scdn.co/image/ab6761610000e5ebdc904dcc7399f1fd90107392,LETTER_1,False,False
336,NCT 127,2023-01-19,2023,VIBRA SAO PAULO,NCT 127,7000.0,MEDIAS CASAS,TEATRO E CASA DE ESPETACULOS,-23.6475,-46.7239,7f4ignuCJhLXfZ9giKT7rH,"K-POP, NOISE MUSIC",64.0,7710444.0,https://i.scdn.co/image/ab6761610000e5ebdc904dcc7399f1fd90107392,LETTER_1,False,False
337,NCT 127,2023-01-20,2023,VIBRA SAO PAULO,NCT 127,7000.0,MEDIAS CASAS,TEATRO E CASA DE ESPETACULOS,-23.6475,-46.7239,7f4ignuCJhLXfZ9giKT7rH,"K-POP, NOISE MUSIC",64.0,7710444.0,https://i.scdn.co/image/ab6761610000e5ebdc904dcc7399f1fd90107392,LETTER_1,False,False
338,Don Toliver,2025-09-06,2025,AUTODROMO DE INTERLAGOS,DON TOLIVER,100000.0,ARENAS E ESTADIOS,AREA EXTERNA PARA EVENTOS,-23.7000,-46.6972,4Gso3d4CscCijv0lmajZWs,0,86.0,7577756.0,https://i.scdn.co/image/ab6761610000e5eb52258b97639c24efe49fbf9e,LETTER_1,THE TOWN,TRAVIS SCOTT
339,Don Toliver,2023-12-09,2023,NEO QUIMICA ARENA,DON TOLIVER,49000.0,ARENAS E ESTADIOS,ESTADIO MULTIUSO,-23.54534,-46.47476,4Gso3d4CscCijv0lmajZWs,0,86.0,7577756.0,https://i.scdn.co/image/ab6761610000e5eb52258b97639c24efe49fbf9e,LETTER_1,False,False
340,Skrillex,2023-03-26,2023,AUTODROMO DE INTERLAGOS,SKRILLEX,100000.0,ARENAS E ESTADIOS,AREA EXTERNA PARA EVENTOS,-23.7000,-46.6972,5he5w2lnU9x7JFhnwcekXX,"DUBSTEP, EDM, ELECTRO, ELECTRONIC",75.0,7529942.0,https://i.scdn.co/image/ab6761610000e5eb4b7641931a85c5f8d42714cf,LETTER_2,LOLLAPALOOZA,"DRAKE, ROSALIA"
341,ANAVITÓRIA,2023-03-24,2023,AUTODROMO DE INTERLAGOS,ANAVITORIA,100000.0,ARENAS E ESTADIOS,AREA EXTERNA PARA EVENTOS,-23.7000,-46.6972,1sPg5EHuQXTMElpZ4iUgXe,"MPB, NOVA MPB, BRAZILIAN POP",72.0,7470640.0,https://i.scdn.co/image/ab6761610000e5eb7bf0675e8644f27233931f91,GENRE_1,LOLLAPALOOZA,"BILLIE EILISH, LIL NAS X"
342,ANAVITÓRIA,2022-09-11,2022,TOKIO MARINE HALL,ANAVITORIA,4000.0,MEDIAS CASAS,CASA DE SHOWS,-23.6383,-46.7203,1sPg5EHuQXTMElpZ4iUgXe,"MPB, NOVA MPB, BRAZILIAN POP",72.0,7470640.0,https://i.scdn.co/image/ab6761610000e5eb7bf0675e8644f27233931f91,GENRE_1,False,False
343,ANAVITÓRIA,2022-06-09,2022,ESPACO UNIMED,ANAVITORIA,8000.0,MEDIAS CASAS,CASA DE SHOWS,-23.52812,-46.66805,1sPg5EHuQXTMElpZ4iUgXe,"MPB, NOVA MPB, BRAZILIAN POP",72.0,7470640.0,https://i.scdn.co/image/ab6761610000e5eb7bf0675e8644f27233931f91,GENRE_1,False,False
344,ANAVITÓRIA,2023-12-03,2023,ESPACO UNIMED,ANAVITORIA,8000.0,MEDIAS CASAS,CASA DE SHOWS,-23.52812,-46.66805,1sPg5EHuQXTMElpZ4iUgXe,"MPB, NOVA MPB, BRAZILIAN POP",72.0,7470640.0,https://i.scdn.co/image/ab6761610000e5eb7bf0675e8644f27233931f91,GENRE_1,False,False
345,ANAVITÓRIA,2025-06-06,2025,ESPACO UNIMED,ANAVITORIA,8000.0,MEDIAS CASAS,CASA DE SHOWS,-23.52812,-46.66805,1sPg5EHuQXTMElpZ4iUgXe,"MPB, NOVA MPB, BRAZILIAN POP",72.0,7470640.0,https://i.scdn.co/image/ab6761610000e5eb7bf0675e8644f27233931f91,GENRE_1,False,False
346,ANAVITÓRIA,2025-10-04,2025,ESPACO UNIMED,ANAVITORIA,8000.0,MEDIAS CASAS,CASA DE SHOWS,-23.52812,-46.66805,1sPg5EHuQXTMElpZ4iUgXe,"MPB, NOVA MPB, BRAZILIAN POP",72.0,7470640.0,https://i.scdn.co/image/ab6761610000e5eb7bf0675e8644f27233931f91,GENRE_1,False,False
347,ANAVITÓRIA,2025-10-05,2025,ESPACO UNIMED,ANAVITORIA,8000.0,MEDIAS CASAS,CASA DE SHOWS,-23.52812,-46.66805,1sPg5EHuQXTMElpZ4iUgXe,"MPB, NOVA MPB, BRAZILIAN POP",72.0,7470640.0,https://i.scdn.co/image/ab6761610000e5eb7bf0675e8644f27233931f91,GENRE_1,False,False
348,Legião Urbana,2023-05-06,2023,ESPACO UNIMED,LEGIAO URBANA,8000.0,MEDIAS CASAS,CASA DE SHOWS,-23.52812,-46.66805,6tw6EpC9RgmSRZiZg0n22t,"BRAZILIAN ROCK, MPB, BRAZILIAN POP",69.0,7288447.0,https://i.scdn.co/image/cd410bc7c6e3591f65d9c9ee9516d2e96acfed42,GENRE_1,False,False
349,Legião Urbana,2024-08-31,2024,ESPACO UNIMED,LEGIAO URBANA,8000.0,MEDIAS CASAS,CASA DE SHOWS,-23.52812,-46.66805,6tw6EpC9RgmSRZiZg0n22t,"BRAZILIAN ROCK, MPB, BRAZILIAN POP",69.0,7288447.0,https://i.scdn.co/image/cd410bc7c6e3591f65d9c9ee9516d2e96acfed42,GENRE_1,False,False
350,Legião Urbana,2023-09-23,2023,DISTRITO ANHEMBI,LEGIAO URBANA,35000.0,GRANDES CASAS,AREA EXTERNA PARA EVENTOS,-23.51611,-46.64320,6tw6EpC9RgmSRZiZg0n22t,"BRAZILIAN ROCK, MPB, BRAZILIAN POP",69.0,7288447.0,https://i.scdn.co/image/cd410bc7c6e3591f65d9c9ee9516d2e96acfed42,GENRE_1,False,False
351,Florence + the Machine,2023-06-04,2023,NOVO ANHANGABAU,FLORENCE + THE MACHINE,35000.0,GRANDES CASAS,AREA EXTERNA PARA EVENTOS,-23.54429,-46.63623,1moxjboGR7GNWYIMWsRjgG,BAROQUE POP,80.0,7268554.0,https://i.scdn.co/image/ab6761610000e5eb836eb0a7a82eb8f4133ee04d,GENRE_1,MITA FESTIVAL,FLORENCE + THE MACHINE
352,LANY,2024-05-07,2024,AUDIO,LANY,3200.0,MEDIAS CASAS,CASA DE SHOWS,-23.52822,-46.66968,49tQo2QULno7gxHutgccqF,0,78.0,7256542.0,https://i.scdn.co/image/ab6761610000e5eb8218332656745840f9ed0a50,GENRE_1,False,False
353,Gustavo Mioto,2021-11-27,2021,PAVILHAO DO TRANSAMERICA EXPO CENTER,GUSTAVO MIOTO,10000.0,MEDIAS CASAS,CENTRO DE EXPOSICOES,-23.6069,-46.7005,1X6ORK7IekgmyjV6IFPszP,"SERTANEJO, SERTANEJO UNIVERSITARIO, ARROCHA, AGRONEJO",72.0,7222416.0,https://i.scdn.co/image/ab6761610000e5eb3563c0a96d80f9c29e97f568,GENRE_1,False,False
354,Gustavo Mioto,2022-01-22,2022,SAO PAULO EXPO,GUSTAVO MIOTO,100000.0,ARENAS E ESTADIOS,CENTRO DE EXPOSICOES,-23.64595,-46.62967,1X6ORK7IekgmyjV6IFPszP,"SERTANEJO, SERTANEJO UNIVERSITARIO, ARROCHA, AGRONEJO",72.0,7222416.0,https://i.scdn.co/image/ab6761610000e5eb3563c0a96d80f9c29e97f568,GENRE_1,False,False
355,Gustavo Mioto,2022-11-24,2022,VALE DO ANHANGABAU,GUSTAVO MIOTO,35000.0,GRANDES CASAS,AREA EXTERNA PARA EVENTOS,-23.54429,-46.63623,1X6ORK7IekgmyjV6IFPszP,"SERTANEJO, SERTANEJO UNIVERSITARIO, ARROCHA, AGRONEJO",72.0,7222416.0,https://i.scdn.co/image/ab6761610000e5eb3563c0a96d80f9c29e97f568,GENRE_1,False,False
356,Gustavo Mioto,2023-08-19,2023,SAMBODROMO DO ANHEMBI,GUSTAVO MIOTO,100000.0,ARENAS E ESTADIOS,AREA EXTERNA PARA EVENTOS,-23.5079,-46.6379,1X6ORK7IekgmyjV6IFPszP,"SERTANEJO, SERTANEJO UNIVERSITARIO, ARROCHA, AGRONEJO",72.0,7222416.0,https://i.scdn.co/image/ab6761610000e5eb3563c0a96d80f9c29e97f568,GENRE_1,False,False
357,Gustavo Mioto,2025-11-01,2025,ESPACO UNIMED,GUSTAVO MIOTO,8000.0,MEDIAS CASAS,CASA DE SHOWS,-23.52812,-46.66805,1X6ORK7IekgmyjV6IFPszP,"SERTANEJO, SERTANEJO UNIVERSITARIO, ARROCHA, AGRONEJO",72.0,7222416.0,https://i.scdn.co/image/ab6761610000e5eb3563c0a96d80f9c29e97f568,GENRE_1,False,False
358,Gustavo Mioto,2023-04-06,2023,VIBRA SAO PAULO,GUSTAVO MIOTO,7000.0,MEDIAS CASAS,TEATRO E CASA DE ESPETACULOS,-23.6475,-46.7239,1X6ORK7IekgmyjV6IFPszP,"SERTANEJO, SERTANEJO UNIVERSITARIO, ARROCHA, AGRONEJO",72.0,7222416.0,https://i.scdn.co/image/ab6761610000e5eb3563c0a96d80f9c29e97f568,GENRE_1,False,False
359,Gustavo Mioto,2022-08-20,2022,DISTRITO ANHEMBI,GUSTAVO MIOTO,35000.0,GRANDES CASAS,AREA EXTERNA PARA EVENTOS,-23.51611,-46.64320,1X6ORK7IekgmyjV6IFPszP,"SERTANEJO, SERTANEJO UNIVERSITARIO, ARROCHA, AGRONEJO",72.0,7222416.0,https://i.scdn.co/image/ab6761610000e5eb3563c0a96d80f9c29e97f568,GENRE_1,False,False
360,Gustavo Mioto,2024-08-17,2024,DISTRITO ANHEMBI,GUSTAVO MIOTO,35000.0,GRANDES CASAS,AREA EXTERNA PARA EVENTOS,-23.51611,-46.64320,1X6ORK7IekgmyjV6IFPszP,"SERTANEJO, SERTANEJO UNIVERSITARIO, ARROCHA, AGRONEJO",72.0,7222416.0,https://i.scdn.co/image/ab6761610000e5eb3563c0a96d80f9c29e97f568,GENRE_1,False,False
361,Benson Boone,2025-03-29,2025,AUTODROMO DE INTERLAGOS,BENSON BOONE,100000.0,ARENAS E ESTADIOS,AREA EXTERNA PARA EVENTOS,-23.7000,-46.6972,22wbnEMDvgVIAGdFeek6ET,0,84.0,7180300.0,https://i.scdn.co/image/ab6761610000e5ebb68234e1a673acc3d873d3e6,GENRE_2,LOLLAPALOOZA,SHAWN MENDES
362,Louis Tomlinson,2024-05-11,2024,ALLIANZ PARQUE,LOUIS TOMLINSON,45000.0,ARENAS E ESTADIOS,ESTADIO MULTIUSO,-23.5276207,-46.6784662,57WHJIHrjOE3iAxpihhMnp,POP,65.0,7087065.0,https://i.scdn.co/image/ab6761610000e5ebc39e1d45f466dd9f7d3411a3,LETTER_1,False,False
363,Louis Tomlinson,2022-05-28,2022,ESPACO UNIMED,LOUIS TOMLINSON,8000.0,MEDIAS CASAS,CASA DE SHOWS,-23.52812,-46.66805,57WHJIHrjOE3iAxpihhMnp,POP,65.0,7087065.0,https://i.scdn.co/image/ab6761610000e5ebc39e1d45f466dd9f7d3411a3,LETTER_1,False,False
364,Louis Tomlinson,2022-05-29,2022,ESPACO UNIMED,LOUIS TOMLINSON,8000.0,MEDIAS CASAS,CASA DE SHOWS,-23.52812,-46.66805,57WHJIHrjOE3iAxpihhMnp,POP,65.0,7087065.0,https://i.scdn.co/image/ab6761610000e5ebc39e1d45f466dd9f7d3411a3,LETTER_1,False,False
365,Tarcísio do Acordeon,2022-05-21,2022,ARENA ANHEMBI,TARCISIO DO ACORDEON,30000.0,GRANDES CASAS,AREA EXTERNA PARA EVENTOS,-23.51611,-46.64320,48HORs6F9P7IgdyKrk4MZC,"PISEIRO, FORRO, ARROCHA, SERTANEJO, SERESTA, BREGA",69.0,6991460.0,https://i.scdn.co/image/ab6761610000e5eb162108bd6e7e1e30718fa206,GENRE_1,False,False
366,Tarcísio do Acordeon,2021-12-02,2021,CENTRO DE TRADICOES NORDESTINAS,TARCISIO DO ACORDEON,5000.0,MEDIAS CASAS,CASA DE SHOWS,-23.4723,-46.6299,48HORs6F9P7IgdyKrk4MZC,"PISEIRO, FORRO, ARROCHA, SERTANEJO, SERESTA, BREGA",69.0,6991460.0,https://i.scdn.co/image/ab6761610000e5eb162108bd6e7e1e30718fa206,GENRE_1,False,False
367,Tarcísio do Acordeon,2021-12-03,2021,CENTRO DE TRADICOES NORDESTINAS,TARCISIO DO ACORDEON,5000.0,MEDIAS CASAS,CASA DE SHOWS,-23.4723,-46.6299,48HORs6F9P7IgdyKrk4MZC,"PISEIRO, FORRO, ARROCHA, SERTANEJO, SERESTA, BREGA",69.0,6991460.0,https://i.scdn.co/image/ab6761610000e5eb162108bd6e7e1e30718fa206,GENRE_1,False,False
368,Tarcísio do Acordeon,2023-04-30,2023,SAMBODROMO DO ANHEMBI,TARCISIO DO ACORDEON,100000.0,ARENAS E ESTADIOS,AREA EXTERNA PARA EVENTOS,-23.5079,-46.6379,48HORs6F9P7IgdyKrk4MZC,"PISEIRO, FORRO, ARROCHA, SERTANEJO, SERESTA, BREGA",69.0,6991460.0,https://i.scdn.co/image/ab6761610000e5eb162108bd6e7e1e30718fa206,GENRE_1,False,False
369,Roberto Carlos,2024-11-27,2024,ALLIANZ PARQUE,ROBERTO CARLOS,45000.0,ARENAS E ESTADIOS,ESTADIO MULTIUSO,-23.5276207,-46.6784662,7fAKtXSdNInWAIf0jVUz65,"MPB, BREGA, BOLERO",70.0,6969995.0,https://i.scdn.co/image/45e8967f18679d0a5791c7f647d9f7ab1bc20f3c,LETTER_1,False,False
370,Roberto Carlos,2025-08-16,2025,TOKIO MARINE HALL,ROBERTO CARLOS,4000.0,MEDIAS CASAS,CASA DE SHOWS,-23.6383,-46.7203,7fAKtXSdNInWAIf0jVUz65,"MPB, BREGA, BOLERO",70.0,6969995.0,https://i.scdn.co/image/45e8967f18679d0a5791c7f647d9f7ab1bc20f3c,LETTER_1,False,False
371,Roberto Carlos,2022-11-05,2022,ESPACO UNIMED,ROBERTO CARLOS,8000.0,MEDIAS CASAS,CASA DE SHOWS,-23.52812,-46.66805,7fAKtXSdNInWAIf0jVUz65,"MPB, BREGA, BOLERO",70.0,6969995.0,https://i.scdn.co/image/45e8967f18679d0a5791c7f647d9f7ab1bc20f3c,LETTER_1,False,False
372,Roberto Carlos,2022-11-06,2022,ESPACO UNIMED,ROBERTO CARLOS,8000.0,MEDIAS CASAS,CASA DE SHOWS,-23.52812,-46.66805,7fAKtXSdNInWAIf0jVUz65,"MPB, BREGA, BOLERO",70.0,6969995.0,https://i.scdn.co/image/45e8967f18679d0a5791c7f647d9f7ab1bc20f3c,LETTER_1,False,False
373,Roberto Carlos,2022-11-09,2022,ESPACO UNIMED,ROBERTO CARLOS,8000.0,MEDIAS CASAS,CASA DE SHOWS,-23.52812,-46.66805,7fAKtXSdNInWAIf0jVUz65,"MPB, BREGA, BOLERO",70.0,6969995.0,https://i.scdn.co/image/45e8967f18679d0a5791c7f647d9f7ab1bc20f3c,LETTER_1,False,False
374,Roberto Carlos,2022-11-17,2022,ESPACO UNIMED,ROBERTO CARLOS,8000.0,MEDIAS CASAS,CASA DE SHOWS,-23.52812,-46.66805,7fAKtXSdNInWAIf0jVUz65,"MPB, BREGA, BOLERO",70.0,6969995.0,https://i.scdn.co/image/45e8967f18679d0a5791c7f647d9f7ab1bc20f3c,LETTER_1,False,False
375,Roberto Carlos,2023-10-26,2023,ESPACO UNIMED,ROBERTO CARLOS,8000.0,MEDIAS CASAS,CASA DE SHOWS,-23.52812,-46.66805,7fAKtXSdNInWAIf0jVUz65,"MPB, BREGA, BOLERO",70.0,6969995.0,https://i.scdn.co/image/45e8967f18679d0a5791c7f647d9f7ab1bc20f3c,LETTER_1,False,False
376,Roberto Carlos,2023-10-28,2023,ESPACO UNIMED,ROBERTO CARLOS,8000.0,MEDIAS CASAS,CASA DE SHOWS,-23.52812,-46.66805,7fAKtXSdNInWAIf0jVUz65,"MPB, BREGA, BOLERO",70.0,6969995.0,https://i.scdn.co/image/45e8967f18679d0a5791c7f647d9f7ab1bc20f3c,LETTER_1,False,False
377,Roberto Carlos,2023-10-29,2023,ESPACO UNIMED,ROBERTO CARLOS,8000.0,MEDIAS CASAS,CASA DE SHOWS,-23.52812,-46.66805,7fAKtXSdNInWAIf0jVUz65,"MPB, BREGA, BOLERO",70.0,6969995.0,https://i.scdn.co/image/45e8967f18679d0a5791c7f647d9f7ab1bc20f3c,LETTER_1,False,False
378,Roberto Carlos,2023-07-07,2023,VIBRA SAO PAULO,ROBERTO CARLOS,7000.0,MEDIAS CASAS,TEATRO E CASA DE ESPETACULOS,-23.6475,-46.7239,7fAKtXSdNInWAIf0jVUz65,"MPB, BREGA, BOLERO",70.0,6969995.0,https://i.scdn.co/image/45e8967f18679d0a5791c7f647d9f7ab1bc20f3c,LETTER_1,False,False
379,Roberto Carlos,2023-07-08,2023,VIBRA SAO PAULO,ROBERTO CARLOS,7000.0,MEDIAS CASAS,TEATRO E CASA DE ESPETACULOS,-23.6475,-46.7239,7fAKtXSdNInWAIf0jVUz65,"MPB, BREGA, BOLERO",70.0,6969995.0,https://i.scdn.co/image/45e8967f18679d0a5791c7f647d9f7ab1bc20f3c,LETTER_1,False,False
380,Roberto Carlos,2025-11-14,2025,SUHAI MUSIC HALL,ROBERTO CARLOS,9000.0,MEDIAS CASAS,CASA DE SHOWS,-23.68026,-46.69805,7fAKtXSdNInWAIf0jVUz65,"MPB, BREGA, BOLERO",70.0,6969995.0,https://i.scdn.co/image/45e8967f18679d0a5791c7f647d9f7ab1bc20f3c,LETTER_1,False,False
381,Roberto Carlos,2025-11-15,2025,SUHAI MUSIC HALL,ROBERTO CARLOS,9000.0,MEDIAS CASAS,CASA DE SHOWS,-23.68026,-46.69805,7fAKtXSdNInWAIf0jVUz65,"MPB, BREGA, BOLERO",70.0,6969995.0,https://i.scdn.co/image/45e8967f18679d0a5791c7f647d9f7ab1bc20f3c,LETTER_1,False,False
382,Michael Bublé,2022-11-05,2022,ALLIANZ PARQUE,MICHAEL BUBLE,45000.0,ARENAS E ESTADIOS,ESTADIO MULTIUSO,-23.5276207,-46.6784662,1GxkXlMwML1oSg5eLPiAz3,CHRISTMAS,79.0,6917873.0,https://i.scdn.co/image/ab6761610000e5ebecf79fd5be85dabb0f489107,LETTER_1,False,False
383,Michael Bublé,2022-11-06,2022,ALLIANZ PARQUE,MICHAEL BUBLE,45000.0,ARENAS E ESTADIOS,ESTADIO MULTIUSO,-23.5276207,-46.6784662,1GxkXlMwML1oSg5eLPiAz3,CHRISTMAS,79.0,6917873.0,https://i.scdn.co/image/ab6761610000e5ebecf79fd5be85dabb0f489107,LETTER_1,False,False
384,Bruno & Marrone,2022-12-10,2022,ALLIANZ PARQUE,BRUNO & MARRONE,45000.0,ARENAS E ESTADIOS,ESTADIO MULTIUSO,-23.5276207,-46.6784662,5JXhkyafynxCvxtov7C1PV,"SERTANEJO, SERTANEJO TRADICIONAL, SERTANEJO UNIVERSITARIO",74.0,6907725.0,https://i.scdn.co/image/ab6761610000e5eb89ab81f9f79756a4127d6224,LETTER_1,False,False
385,Bruno & Marrone,2022-12-10,2022,ALLIANZ PARQUE,BRUNO & MARRONE,45000.0,ARENAS E ESTADIOS,ESTADIO MULTIUSO,-23.5276207,-46.6784662,5JXhkyafynxCvxtov7C1PV,"SERTANEJO, SERTANEJO TRADICIONAL, SERTANEJO UNIVERSITARIO",74.0,6907725.0,https://i.scdn.co/image/ab6761610000e5eb89ab81f9f79756a4127d6224,LETTER_1,False,False
386,Bruno & Marrone,2023-08-19,2023,SAMBODROMO DO ANHEMBI,BRUNO & MARRONE,100000.0,ARENAS E ESTADIOS,AREA EXTERNA PARA EVENTOS,-23.5079,-46.6379,5JXhkyafynxCvxtov7C1PV,"SERTANEJO, SERTANEJO TRADICIONAL, SERTANEJO UNIVERSITARIO",74.0,6907725.0,https://i.scdn.co/image/ab6761610000e5eb89ab81f9f79756a4127d6224,LETTER_1,False,False
387,Bruno & Marrone,2023-08-19,2023,SAMBODROMO DO ANHEMBI,BRUNO & MARRONE,100000.0,ARENAS E ESTADIOS,AREA EXTERNA PARA EVENTOS,-23.5079,-46.6379,5JXhkyafynxCvxtov7C1PV,"SERTANEJO, SERTANEJO TRADICIONAL, SERTANEJO UNIVERSITARIO",74.0,6907725.0,https://i.scdn.co/image/ab6761610000e5eb89ab81f9f79756a4127d6224,LETTER_1,False,False
388,Os Barões da Pisadinha,2022-02-04,2022,CENTRO DE TRADICOES NORDESTINAS,OS BAROES DA PISADINHA,5000.0,MEDIAS CASAS,CASA DE SHOWS,-23.4723,-46.6299,5Lv2GUVwqmQBPwrTrxucE5,"PISEIRO, FORRO, SERTANEJO, ARROCHA, BREGA, AGRONEJO, TECNOBREGA, SERTANEJO UNIVERSITARIO",66.0,6810254.0,https://i.scdn.co/image/ab6761610000e5ebe3a03c0ae301118c4c887abf,GENRE_1,False,False
389,Ado,2025-08-13,2025,ESPACO UNIMED,ADO,8000.0,MEDIAS CASAS,CASA DE SHOWS,-23.52812,-46.66805,6mEQK9m2krja6X1cfsAjfl,"J-POP, ANIME, VOCALOID, J-ROCK",76.0,6797031.0,https://i.scdn.co/image/ab6761610000e5ebbcb1c184c322688f10cdce7a,GENRE_1,False,False
390,Backstreet Boys,2025-09-12,2025,AUTODROMO DE INTERLAGOS,BACKSTREET BOYS,100000.0,ARENAS E ESTADIOS,AREA EXTERNA PARA EVENTOS,-23.7000,-46.6972,5rSXSAkZ67PYJSvpUpkOr7,POP,77.0,6749149.0,https://i.scdn.co/image/ab6761610000e5eb7b3634864a78ab6bd1d77c36,GENRE_1,THE TOWN,BACKSTREET BOYS
391,Backstreet Boys,2023-01-27,2023,ALLIANZ PARQUE,BACKSTREET BOYS,45000.0,ARENAS E ESTADIOS,ESTADIO MULTIUSO,-23.5276207,-46.6784662,5rSXSAkZ67PYJSvpUpkOr7,POP,77.0,6749149.0,https://i.scdn.co/image/ab6761610000e5eb7b3634864a78ab6bd1d77c36,GENRE_1,False,False
392,Backstreet Boys,2023-01-28,2023,ALLIANZ PARQUE,BACKSTREET BOYS,45000.0,ARENAS E ESTADIOS,ESTADIO MULTIUSO,-23.5276207,-46.6784662,5rSXSAkZ67PYJSvpUpkOr7,POP,77.0,6749149.0,https://i.scdn.co/image/ab6761610000e5eb7b3634864a78ab6bd1d77c36,GENRE_1,False,False
393,The Cure,2023-12-03,2023,AUTODROMO DE INTERLAGOS,THE CURE,100000.0,ARENAS E ESTADIOS,AREA EXTERNA PARA EVENTOS,-23.7000,-46.6972,7bu3H8JO7d0UbMoVzbo70s,"NEW WAVE, POST-PUNK, GOTHIC ROCK, DARKWAVE",76.0,6704196.0,https://i.scdn.co/image/ab6761610000e5ebdd427c765c409ec02dc3a868,GENRE_1,False,False
394,The Offspring,2024-03-22,2024,AUTODROMO DE INTERLAGOS,THE OFFSPRING,100000.0,ARENAS E ESTADIOS,AREA EXTERNA PARA EVENTOS,-23.7000,-46.6972,5LfGQac0EIXyAN8aUwmNAQ,"PUNK, SKATE PUNK",77.0,6700082.0,https://i.scdn.co/image/ab6761610000e5ebffb1ffb7c417745cdad67b88,GENRE_1,LOLLAPALOOZA,"BLINK-182,ARCADE FIRE"
395,The Offspring,2025-03-08,2025,ALLIANZ PARQUE,THE OFFSPRING,45000.0,ARENAS E ESTADIOS,ESTADIO MULTIUSO,-23.5276207,-46.6784662,5LfGQac0EIXyAN8aUwmNAQ,"PUNK, SKATE PUNK",77.0,6700082.0,https://i.scdn.co/image/ab6761610000e5ebffb1ffb7c417745cdad67b88,GENRE_1,False,False
396,Bring Me the Horizon,2024-11-28,2024,AUDIO,BRING ME THE HORIZON,3200.0,MEDIAS CASAS,CASA DE SHOWS,-23.52822,-46.66968,1Ffb6ejR6Fe5IamqA5oRUF,"METALCORE, EMO, SCREAMO, ROCK, POST-HARDCORE",78.0,6663555.0,https://i.scdn.co/image/ab6761610000e5ebe7c9399d0b5d813c20cbec65,GENRE_2,False,False
397,Bring Me the Horizon,2024-11-30,2024,ALLIANZ PARQUE,BRING ME THE HORIZON,45000.0,ARENAS E ESTADIOS,ESTADIO MULTIUSO,-23.5276207,-46.6784662,1Ffb6ejR6Fe5IamqA5oRUF,"METALCORE, EMO, SCREAMO, ROCK, POST-HARDCORE",78.0,6663555.0,https://i.scdn.co/image/ab6761610000e5ebe7c9399d0b5d813c20cbec65,GENRE_2,False,False
398,Bring Me the Horizon,2022-12-18,2022,SAMBODROMO DO ANHEMBI,BRING ME THE HORIZON,100000.0,ARENAS E ESTADIOS,AREA EXTERNA PARA EVENTOS,-23.5079,-46.6379,1Ffb6ejR6Fe5IamqA5oRUF,"METALCORE, EMO, SCREAMO, ROCK, POST-HARDCORE",78.0,6663555.0,https://i.scdn.co/image/ab6761610000e5ebe7c9399d0b5d813c20cbec65,GENRE_2,False,False
399,Bring Me the Horizon,2022-12-16,2022,VIBRA SAO PAULO,BRING ME THE HORIZON,7000.0,MEDIAS CASAS,TEATRO E CASA DE ESPETACULOS,-23.6475,-46.7239,1Ffb6ejR6Fe5IamqA5oRUF,"METALCORE, EMO, SCREAMO, ROCK, POST-HARDCORE",78.0,6663555.0,https://i.scdn.co/image/ab6761610000e5ebe7c9399d0b5d813c20cbec65,GENRE_2,False,False
400,Luísa Sonza,2023-09-03,2023,AUTODROMO DE INTERLAGOS,LUISA SONZA,100000.0,ARENAS E ESTADIOS,AREA EXTERNA PARA EVENTOS,-23.7000,-46.6972,4PzYKhC14sTJNEr0dzoo0d,"BRAZILIAN POP, FUNK POP, BRAZILIAN FUNK",73.0,6632929.0,https://i.scdn.co/image/ab6761610000e5eb29651ca8a99a50f86e36a699,GENRE_1,THE TOWN,"BRUNO MARS, BEBE REXHA"
401,Luísa Sonza,2024-03-22,2024,AUTODROMO DE INTERLAGOS,LUISA SONZA,100000.0,ARENAS E ESTADIOS,AREA EXTERNA PARA EVENTOS,-23.7000,-46.6972,4PzYKhC14sTJNEr0dzoo0d,"BRAZILIAN POP, FUNK POP, BRAZILIAN FUNK",73.0,6632929.0,https://i.scdn.co/image/ab6761610000e5eb29651ca8a99a50f86e36a699,GENRE_1,LOLLAPALOOZA,"BLINK-182,ARCADE FIRE"
402,Luísa Sonza,2025-09-12,2025,AUTODROMO DE INTERLAGOS,LUISA SONZA,100000.0,ARENAS E ESTADIOS,AREA EXTERNA PARA EVENTOS,-23.7000,-46.6972,4PzYKhC14sTJNEr0dzoo0d,"BRAZILIAN POP, FUNK POP, BRAZILIAN FUNK",73.0,6632929.0,https://i.scdn.co/image/ab6761610000e5eb29651ca8a99a50f86e36a699,GENRE_1,THE TOWN,BACKSTREET BOYS
403,Luísa Sonza,2022-06-16,2022,ARENA ANHEMBI,LUISA SONZA,30000.0,GRANDES CASAS,AREA EXTERNA PARA EVENTOS,-23.51611,-46.64320,4PzYKhC14sTJNEr0dzoo0d,"BRAZILIAN POP, FUNK POP, BRAZILIAN FUNK",73.0,6632929.0,https://i.scdn.co/image/ab6761610000e5eb29651ca8a99a50f86e36a699,GENRE_1,False,False
404,Luísa Sonza,2023-02-04,2023,ALLIANZ PARQUE,LUISA SONZA,45000.0,ARENAS E ESTADIOS,ESTADIO MULTIUSO,-23.5276207,-46.6784662,4PzYKhC14sTJNEr0dzoo0d,"BRAZILIAN POP, FUNK POP, BRAZILIAN FUNK",73.0,6632929.0,https://i.scdn.co/image/ab6761610000e5eb29651ca8a99a50f86e36a699,GENRE_1,False,False
405,Luísa Sonza,2024-06-09,2024,ALLIANZ PARQUE,LUISA SONZA,45000.0,ARENAS E ESTADIOS,ESTADIO MULTIUSO,-23.5276207,-46.6784662,4PzYKhC14sTJNEr0dzoo0d,"BRAZILIAN POP, FUNK POP, BRAZILIAN FUNK",73.0,6632929.0,https://i.scdn.co/image/ab6761610000e5eb29651ca8a99a50f86e36a699,GENRE_1,False,False
406,Luísa Sonza,2022-01-28,2022,TRANSAMERICA EXPO CENTER,LUISA SONZA,10000.0,MEDIAS CASAS,CENTRO DE EXPOSICOES,-23.6069,-46.7005,4PzYKhC14sTJNEr0dzoo0d,"BRAZILIAN POP, FUNK POP, BRAZILIAN FUNK",73.0,6632929.0,https://i.scdn.co/image/ab6761610000e5eb29651ca8a99a50f86e36a699,GENRE_1,False,False
407,Luísa Sonza,2024-01-25,2024,MEMORIAL DA AMERICA LATINA,LUISA SONZA,15000.0,GRANDES CASAS,AREA EXTERNA PARA EVENTOS,-23.5274091,-46.6656539,4PzYKhC14sTJNEr0dzoo0d,"BRAZILIAN POP, FUNK POP, BRAZILIAN FUNK",73.0,6632929.0,https://i.scdn.co/image/ab6761610000e5eb29651ca8a99a50f86e36a699,GENRE_1,False,False
408,Luísa Sonza,2022-05-29,2022,VALE DO ANHANGABAU,LUISA SONZA,35000.0,GRANDES CASAS,AREA EXTERNA PARA EVENTOS,-23.54429,-46.63623,4PzYKhC14sTJNEr0dzoo0d,"BRAZILIAN POP, FUNK POP, BRAZILIAN FUNK",73.0,6632929.0,https://i.scdn.co/image/ab6761610000e5eb29651ca8a99a50f86e36a699,GENRE_1,False,False
409,Luísa Sonza,2023-04-01,2023,VALE DO ANHANGABAU,LUISA SONZA,35000.0,GRANDES CASAS,AREA EXTERNA PARA EVENTOS,-23.54429,-46.63623,4PzYKhC14sTJNEr0dzoo0d,"BRAZILIAN POP, FUNK POP, BRAZILIAN FUNK",73.0,6632929.0,https://i.scdn.co/image/ab6761610000e5eb29651ca8a99a50f86e36a699,GENRE_1,False,False
410,Luísa Sonza,2023-04-30,2023,SAMBODROMO DO ANHEMBI,LUISA SONZA,100000.0,ARENAS E ESTADIOS,AREA EXTERNA PARA EVENTOS,-23.5079,-46.6379,4PzYKhC14sTJNEr0dzoo0d,"BRAZILIAN POP, FUNK POP, BRAZILIAN FUNK",73.0,6632929.0,https://i.scdn.co/image/ab6761610000e5eb29651ca8a99a50f86e36a699,GENRE_1,False,False
411,Luísa Sonza,2023-01-27,2023,ESPACO UNIMED,LUISA SONZA,8000.0,MEDIAS CASAS,CASA DE SHOWS,-23.52812,-46.66805,4PzYKhC14sTJNEr0dzoo0d,"BRAZILIAN POP, FUNK POP, BRAZILIAN FUNK",73.0,6632929.0,https://i.scdn.co/image/ab6761610000e5eb29651ca8a99a50f86e36a699,GENRE_1,False,False
412,Luísa Sonza,2024-05-24,2024,ESPACO UNIMED,LUISA SONZA,8000.0,MEDIAS CASAS,CASA DE SHOWS,-23.52812,-46.66805,4PzYKhC14sTJNEr0dzoo0d,"BRAZILIAN POP, FUNK POP, BRAZILIAN FUNK",73.0,6632929.0,https://i.scdn.co/image/ab6761610000e5eb29651ca8a99a50f86e36a699,GENRE_1,False,False
413,Luísa Sonza,2024-05-25,2024,ESPACO UNIMED,LUISA SONZA,8000.0,MEDIAS CASAS,CASA DE SHOWS,-23.52812,-46.66805,4PzYKhC14sTJNEr0dzoo0d,"BRAZILIAN POP, FUNK POP, BRAZILIAN FUNK",73.0,6632929.0,https://i.scdn.co/image/ab6761610000e5eb29651ca8a99a50f86e36a699,GENRE_1,False,False
414,Luísa Sonza,2025-04-12,2025,ESPACO UNIMED,LUISA SONZA,8000.0,MEDIAS CASAS,CASA DE SHOWS,-23.52812,-46.66805,4PzYKhC14sTJNEr0dzoo0d,"BRAZILIAN POP, FUNK POP, BRAZILIAN FUNK",73.0,6632929.0,https://i.scdn.co/image/ab6761610000e5eb29651ca8a99a50f86e36a699,GENRE_1,False,False
415,Luísa Sonza,2022-07-26,2022,VIBRA SAO PAULO,LUISA SONZA,7000.0,MEDIAS CASAS,TEATRO E CASA DE ESPETACULOS,-23.6475,-46.7239,4PzYKhC14sTJNEr0dzoo0d,"BRAZILIAN POP, FUNK POP, BRAZILIAN FUNK",73.0,6632929.0,https://i.scdn.co/image/ab6761610000e5eb29651ca8a99a50f86e36a699,GENRE_1,False,False
416,Luísa Sonza,2024-09-06,2024,NEO QUIMICA ARENA,LUISA SONZA,49000.0,ARENAS E ESTADIOS,ESTADIO MULTIUSO,-23.54534,-46.47476,4PzYKhC14sTJNEr0dzoo0d,"BRAZILIAN POP, FUNK POP, BRAZILIAN FUNK",73.0,6632929.0,https://i.scdn.co/image/ab6761610000e5eb29651ca8a99a50f86e36a699,GENRE_1,False,False
417,Luísa Sonza,2025-10-17,2025,MERCADO LIVRE ARENA PACAEMBU,LUISA SONZA,40000.0,ARENAS E ESTADIOS,ESTADIO MULTIUSO,-23.5486,-46.6651,4PzYKhC14sTJNEr0dzoo0d,"BRAZILIAN POP, FUNK POP, BRAZILIAN FUNK",73.0,6632929.0,https://i.scdn.co/image/ab6761610000e5eb29651ca8a99a50f86e36a699,GENRE_1,False,False
418,Iggy Azalea,2023-09-02,2023,AUTODROMO DE INTERLAGOS,IGGY AZALEA,100000.0,ARENAS E ESTADIOS,AREA EXTERNA PARA EVENTOS,-23.7000,-46.6972,5yG7ZAZafVaAlMTeBybKAL,POP,68.0,6620804.0,https://i.scdn.co/image/ab6761610000e5eb698a6abf2897a8fc8283cc0c,LETTER_1,THE TOWN,"POST MALONE, DEMI LOVATO"
419,Eric Clapton,2024-09-29,2024,ALLIANZ PARQUE,ERIC CLAPTON,45000.0,ARENAS E ESTADIOS,ESTADIO MULTIUSO,-23.5276207,-46.6784662,6PAt558ZEZl0DmdXlnjMgD,"BLUES, BLUES ROCK, CLASSIC ROCK",72.0,6601800.0,https://i.scdn.co/image/ab6772690000c46ca60e8f215103f6841d8a83f0,GENRE_1,False,False
420,Eric Clapton,2024-09-28,2024,VIBRA SAO PAULO,ERIC CLAPTON,7000.0,MEDIAS CASAS,TEATRO E CASA DE ESPETACULOS,-23.6475,-46.7239,6PAt558ZEZl0DmdXlnjMgD,"BLUES, BLUES ROCK, CLASSIC ROCK",72.0,6601800.0,https://i.scdn.co/image/ab6772690000c46ca60e8f215103f6841d8a83f0,GENRE_1,False,False
421,The Strokes,2022-03-25,2022,AUTODROMO DE INTERLAGOS,THE STROKES,100000.0,ARENAS E ESTADIOS,AREA EXTERNA PARA EVENTOS,-23.7000,-46.6972,0epOFNiUfyON9EYx7Tpr6V,"GARAGE ROCK, ALTERNATIVE ROCK, INDIE ROCK",76.0,6473032.0,https://i.scdn.co/image/ab6761610000e5ebc3b137793230f4043feb0089,GENRE_1,LOLLAPALOOZA,THE STROKES
422,Charli xcx,2022-11-09,2022,AUDIO,CHARLI XCX,3200.0,MEDIAS CASAS,CASA DE SHOWS,-23.52822,-46.66968,25uiPmTg16RbhZWAqwLBy5,"HYPERPOP, ART POP",83.0,6405399.0,https://i.scdn.co/image/ab6761610000e5ebdaa727dd396963ba92dd6377,GENRE_1,False,False
423,Charli xcx,2022-11-06,2022,DISTRITO ANHEMBI,CHARLI XCX,35000.0,GRANDES CASAS,AREA EXTERNA PARA EVENTOS,-23.51611,-46.64320,25uiPmTg16RbhZWAqwLBy5,"HYPERPOP, ART POP",83.0,6405399.0,https://i.scdn.co/image/ab6761610000e5ebdaa727dd396963ba92dd6377,GENRE_1,PRIMAVERA SOUND,"TRAVIS SCOTT, LORDE"
424,Veigh,2021-12-10,2021,AUDIO,VEIGH,3200.0,MEDIAS CASAS,CASA DE SHOWS,-23.52822,-46.66968,4YqwRbMLqGHRHLS1w2ZKse,"BRAZILIAN TRAP, TRAP FUNK, TRAP, BRAZILIAN HIP HOP",78.0,6393944.0,https://i.scdn.co/image/ab6761610000e5ebfe8a6cb29ef8acc97e6bb3b1,LETTER_1,False,False
425,Veigh,2023-09-03,2023,AUTODROMO DE INTERLAGOS,VEIGH,100000.0,ARENAS E ESTADIOS,AREA EXTERNA PARA EVENTOS,-23.7000,-46.6972,4YqwRbMLqGHRHLS1w2ZKse,"BRAZILIAN TRAP, TRAP FUNK, TRAP, BRAZILIAN HIP HOP",78.0,6393944.0,https://i.scdn.co/image/ab6761610000e5ebfe8a6cb29ef8acc97e6bb3b1,LETTER_1,THE TOWN,"BRUNO MARS, BEBE REXHA"
426,Veigh,2024-02-04,2024,MEMORIAL DA AMERICA LATINA,VEIGH,15000.0,GRANDES CASAS,AREA EXTERNA PARA EVENTOS,-23.5274091,-46.6656539,4YqwRbMLqGHRHLS1w2ZKse,"BRAZILIAN TRAP, TRAP FUNK, TRAP, BRAZILIAN HIP HOP",78.0,6393944.0,https://i.scdn.co/image/ab6761610000e5ebfe8a6cb29ef8acc97e6bb3b1,LETTER_1,False,False
427,Veigh,2022-06-17,2022,SAMBODROMO DO ANHEMBI,VEIGH,100000.0,ARENAS E ESTADIOS,AREA EXTERNA PARA EVENTOS,-23.5079,-46.6379,4YqwRbMLqGHRHLS1w2ZKse,"BRAZILIAN TRAP, TRAP FUNK, TRAP, BRAZILIAN HIP HOP",78.0,6393944.0,https://i.scdn.co/image/ab6761610000e5ebfe8a6cb29ef8acc97e6bb3b1,LETTER_1,False,False
428,Veigh,2025-10-25,2025,ESPACO UNIMED,VEIGH,8000.0,MEDIAS CASAS,CASA DE SHOWS,-23.52812,-46.66805,4YqwRbMLqGHRHLS1w2ZKse,"BRAZILIAN TRAP, TRAP FUNK, TRAP, BRAZILIAN HIP HOP",78.0,6393944.0,https://i.scdn.co/image/ab6761610000e5ebfe8a6cb29ef8acc97e6bb3b1,LETTER_1,False,False
429,Veigh,2024-12-21,2024,NEO QUIMICA ARENA,VEIGH,49000.0,ARENAS E ESTADIOS,ESTADIO MULTIUSO,-23.54534,-46.47476,4YqwRbMLqGHRHLS1w2ZKse,"BRAZILIAN TRAP, TRAP FUNK, TRAP, BRAZILIAN HIP HOP",78.0,6393944.0,https://i.scdn.co/image/ab6761610000e5ebfe8a6cb29ef8acc97e6bb3b1,LETTER_1,False,False
430,Veigh,2025-08-01,2025,MERCADO LIVRE ARENA PACAEMBU,VEIGH,40000.0,ARENAS E ESTADIOS,ESTADIO MULTIUSO,-23.5486,-46.6651,4YqwRbMLqGHRHLS1w2ZKse,"BRAZILIAN TRAP, TRAP FUNK, TRAP, BRAZILIAN HIP HOP",78.0,6393944.0,https://i.scdn.co/image/ab6761610000e5ebfe8a6cb29ef8acc97e6bb3b1,LETTER_1,False,False
431,Ferrugem,2024-06-09,2024,ALLIANZ PARQUE,FERRUGEM,45000.0,ARENAS E ESTADIOS,ESTADIO MULTIUSO,-23.5276207,-46.6784662,5ZfBThYiIIhL7jHMG8gDB2,"PAGODE, SAMBA",76.0,6353077.0,https://i.scdn.co/image/ab6761610000e5ebd25f86760d4360b22f8696da,LETTER_1,False,False
432,Ferrugem,2022-02-05,2022,ESTADIO DO CANINDE,FERRUGEM,21000.0,GRANDES CASAS,ESTADIO MULTIUSO,-23.52019,-46.61875,5ZfBThYiIIhL7jHMG8gDB2,"PAGODE, SAMBA",76.0,6353077.0,https://i.scdn.co/image/ab6761610000e5ebd25f86760d4360b22f8696da,LETTER_1,False,False
433,Ferrugem,2022-01-22,2022,SAO PAULO EXPO,FERRUGEM,100000.0,ARENAS E ESTADIOS,CENTRO DE EXPOSICOES,-23.64595,-46.62967,5ZfBThYiIIhL7jHMG8gDB2,"PAGODE, SAMBA",76.0,6353077.0,https://i.scdn.co/image/ab6761610000e5ebd25f86760d4360b22f8696da,LETTER_1,False,False
434,Ferrugem,2025-10-25,2025,NEO QUIMICA ARENA,FERRUGEM,49000.0,ARENAS E ESTADIOS,ESTADIO MULTIUSO,-23.54534,-46.47476,5ZfBThYiIIhL7jHMG8gDB2,"PAGODE, SAMBA",76.0,6353077.0,https://i.scdn.co/image/ab6761610000e5ebd25f86760d4360b22f8696da,LETTER_1,False,False
435,Pantera,2022-12-18,2022,SAMBODROMO DO ANHEMBI,PANTERA,100000.0,ARENAS E ESTADIOS,AREA EXTERNA PARA EVENTOS,-23.5079,-46.6379,14pVkFUHDL207LzLHtSA18,"GROOVE METAL, METAL, THRASH METAL, HEAVY METAL",72.0,6322562.0,https://i.scdn.co/image/ab6761610000e5ebe21999c0102c240bdf094d9b,GENRE_2,False,False
436,Pantera,2022-12-15,2022,VIBRA SAO PAULO,PANTERA,7000.0,MEDIAS CASAS,TEATRO E CASA DE ESPETACULOS,-23.6475,-46.7239,14pVkFUHDL207LzLHtSA18,"GROOVE METAL, METAL, THRASH METAL, HEAVY METAL",72.0,6322562.0,https://i.scdn.co/image/ab6761610000e5ebe21999c0102c240bdf094d9b,GENRE_2,False,False
437,IVE,2024-06-26,2024,ESPACO UNIMED,IVE,8000.0,MEDIAS CASAS,CASA DE SHOWS,-23.52812,-46.66805,6RHTUrRF63xao58xh9FXYJ,K-POP,72.0,6315425.0,https://i.scdn.co/image/ab6761610000e5eba9c8608865ca7eded5520359,LETTER_1,False,False
438,IVE,2024-06-26,2024,ESPACO UNIMED,IVE,8000.0,MEDIAS CASAS,CASA DE SHOWS,-23.52812,-46.66805,6RHTUrRF63xao58xh9FXYJ,K-POP,72.0,6315425.0,https://i.scdn.co/image/ab6761610000e5eba9c8608865ca7eded5520359,LETTER_1,False,False
439,Evanescence,2023-10-21,2023,ALLIANZ PARQUE,EVANESCENCE,45000.0,ARENAS E ESTADIOS,ESTADIO MULTIUSO,-23.5276207,-46.6784662,5nGIFgo0shDenQYSE0Sn7c,ALTERNATIVE METAL,76.0,6257657.0,https://i.scdn.co/image/ab6761610000e5eb7ecf213c7dd78e0049379c5b,GENRE_2,False,False
440,Zé Vaqueiro,2022-05-21,2022,ARENA ANHEMBI,ZE VAQUEIRO,30000.0,GRANDES CASAS,AREA EXTERNA PARA EVENTOS,-23.51611,-46.64320,5K8Rmjmf4RZFffz94EmBRt,"PISEIRO, FORRO, SERTANEJO, ARROCHA, BREGA, SERESTA",68.0,6250317.0,https://i.scdn.co/image/ab6761610000e5eb8883394e7e37041127647a2a,GENRE_1,False,False
441,Zé Vaqueiro,2022-02-19,2022,ARENA SERTANEJA,ZE VAQUEIRO,4000.0,MEDIAS CASAS,CASA DE SHOWS,-23.5160,-46.5070,5K8Rmjmf4RZFffz94EmBRt,"PISEIRO, FORRO, SERTANEJO, ARROCHA, BREGA, SERESTA",68.0,6250317.0,https://i.scdn.co/image/ab6761610000e5eb8883394e7e37041127647a2a,GENRE_1,False,False
442,Zé Vaqueiro,2022-02-26,2022,JOCKEY CLUB,ZE VAQUEIRO,10000.0,MEDIAS CASAS,CENTRO DE EVENTOS,-23.57058,-46.70035,5K8Rmjmf4RZFffz94EmBRt,"PISEIRO, FORRO, SERTANEJO, ARROCHA, BREGA, SERESTA",68.0,6250317.0,https://i.scdn.co/image/ab6761610000e5eb8883394e7e37041127647a2a,GENRE_1,False,False
443,Grupo Menos é Mais,2024-06-09,2024,ALLIANZ PARQUE,GRUPO MENOS E MAIS,45000.0,ARENAS E ESTADIOS,ESTADIO MULTIUSO,-23.5276207,-46.6784662,6vTqEFbTtTRJsuIpzZgjxi,"PAGODE, SAMBA",84.0,6223036.0,https://i.scdn.co/image/ab6761610000e5ebcda53fa43b003c1eb9d4b7cd,LETTER_1,False,False
444,Grupo Menos é Mais,2023-02-19,2023,JOCKEY CLUB,GRUPO MENOS E MAIS,10000.0,MEDIAS CASAS,CENTRO DE EVENTOS,-23.57058,-46.70035,6vTqEFbTtTRJsuIpzZgjxi,"PAGODE, SAMBA",84.0,6223036.0,https://i.scdn.co/image/ab6761610000e5ebcda53fa43b003c1eb9d4b7cd,LETTER_1,False,False
445,Grupo Menos é Mais,2024-11-14,2024,ESPACO UNIMED,GRUPO MENOS E MAIS,8000.0,MEDIAS CASAS,CASA DE SHOWS,-23.52812,-46.66805,6vTqEFbTtTRJsuIpzZgjxi,"PAGODE, SAMBA",84.0,6223036.0,https://i.scdn.co/image/ab6761610000e5ebcda53fa43b003c1eb9d4b7cd,LETTER_1,False,False
446,Megadeth,2024-04-18,2024,ESPACO UNIMED,MEGADETH,8000.0,MEDIAS CASAS,CASA DE SHOWS,-23.52812,-46.66805,1Yox196W7bzVNZI7RBaPnf,"THRASH METAL, METAL, HEAVY METAL, SPEED METAL",71.0,6191824.0,https://i.scdn.co/image/ab6761610000e5ebd5233fdc8cad84de5b366f1b,GENRE_2,False,False
447,Calum Scott,2023-08-25,2023,VIBRA SAO PAULO,CALUM SCOTT,7000.0,MEDIAS CASAS,TEATRO E CASA DE ESPETACULOS,-23.6475,-46.7239,6ydoSd3N2mwgwBHtF6K7eX,SOFT POP,74.0,6189385.0,https://i.scdn.co/image/ab6761610000e5ebbcf0a0b7d6dabc8f6376f045,GENRE_1,False,False
448,MARINA,2022-03-25,2022,AUTODROMO DE INTERLAGOS,MARINA,100000.0,ARENAS E ESTADIOS,AREA EXTERNA PARA EVENTOS,-23.7000,-46.6972,6CwfuxIqcltXDGjfZsMd9A,0,73.0,6130994.0,https://i.scdn.co/image/ab6761610000e5eb79e12a62114be2c1f8a781f6,GENRE_1,LOLLAPALOOZA,THE STROKES
449,The Smashing Pumpkins,2024-11-03,2024,ESPACO UNIMED,THE SMASHING PUMPKINS,8000.0,MEDIAS CASAS,CASA DE SHOWS,-23.52812,-46.66805,40Yq4vzPs9VNUrIBG5Jr2i,"ALTERNATIVE ROCK, ROCK",74.0,6120592.0,https://i.scdn.co/image/ab6761610000e5eba7f80939b43d9efe1ca73a22,GENRE_1,False,False
450,Zedd,2025-03-29,2025,AUTODROMO DE INTERLAGOS,ZEDD,100000.0,ARENAS E ESTADIOS,AREA EXTERNA PARA EVENTOS,-23.7000,-46.6972,2qxJFvFYMEDqd7ui6kSAcq,EDM,75.0,6120516.0,https://i.scdn.co/image/ab6761610000e5ebe28762aed82cde1178fb3873,LETTER_2,LOLLAPALOOZA,SHAWN MENDES
451,Deep Purple,2023-04-22,2023,ALLIANZ PARQUE,DEEP PURPLE,45000.0,ARENAS E ESTADIOS,ESTADIO MULTIUSO,-23.5276207,-46.6784662,568ZhdwyaiCyOGJRtNYhWf,"HARD ROCK, CLASSIC ROCK, ROCK",66.0,6008097.0,https://i.scdn.co/image/ab6761610000e5eb3a475812e97ee788cfd5fd1a,GENRE_1,MONSTERS OF ROCK,"KISS, SCORPIONS"
452,Deep Purple,2024-09-13,2024,ESPACO UNIMED,DEEP PURPLE,8000.0,MEDIAS CASAS,CASA DE SHOWS,-23.52812,-46.66805,568ZhdwyaiCyOGJRtNYhWf,"HARD ROCK, CLASSIC ROCK, ROCK",66.0,6008097.0,https://i.scdn.co/image/ab6761610000e5eb3a475812e97ee788cfd5fd1a,GENRE_1,False,False
453,Mötley Crüe,2023-03-07,2023,ALLIANZ PARQUE,MOTLEY CRUE,45000.0,ARENAS E ESTADIOS,ESTADIO MULTIUSO,-23.5276207,-46.6784662,0cc6vw3VN8YlIcvr1v7tBL,"GLAM METAL, GLAM ROCK, HARD ROCK",71.0,5993471.0,https://i.scdn.co/image/ab6761610000e5ebab0922f900e6c22b8ef4c01c,GENRE_1,False,False
454,Skillet,2025-10-24,2025,AUDIO,SKILLET,3200.0,MEDIAS CASAS,CASA DE SHOWS,-23.52822,-46.66968,49bzE5vRBRIota4qeHtQM8,"CHRISTIAN ROCK, CHRISTIAN ALTERNATIVE ROCK, CHRISTIAN",76.0,5939423.0,https://i.scdn.co/image/ab6761610000e5eb8d1be46721e37bc398ec96e7,GENRE_1,False,False
455,ONE OK ROCK,2025-04-13,2025,ESPACO UNIMED,ONE OK ROCK,8000.0,MEDIAS CASAS,CASA DE SHOWS,-23.52812,-46.66805,7k73EtZwoPs516ZxE72KsO,"J-ROCK, J-POP",71.0,5934326.0,https://i.scdn.co/image/ab6761610000e5eb65f3ecf43652596ef75f3293,GENRE_1,False,False
456,The Lumineers,2023-11-05,2023,ESPACO UNIMED,THE LUMINEERS,8000.0,MEDIAS CASAS,CASA DE SHOWS,-23.52812,-46.66805,16oZKvXb6WkQlVAjwo2Wbg,"FOLK POP, INDIE FOLK",77.0,5919223.0,https://i.scdn.co/image/ab6761610000e5eb0f882273183345499155d6ed,GENRE_2,False,False
457,Lynyrd Skynyrd,2023-09-22,2023,ESPACO UNIMED,LYNYRD SKYNYRD,8000.0,MEDIAS CASAS,CASA DE SHOWS,-23.52812,-46.66805,4MVyzYMgTwdP7Z49wAZHx0,"SOUTHERN ROCK, CLASSIC ROCK, ROCK",73.0,5915144.0,https://i.scdn.co/image/ab6761610000e5eb3d3ff3d4ebad10d2d2724470,GENRE_1,False,False
458,Teddy Swims,2025-03-29,2025,AUTODROMO DE INTERLAGOS,TEDDY SWIMS,100000.0,ARENAS E ESTADIOS,AREA EXTERNA PARA EVENTOS,-23.7000,-46.6972,33qOK5uJ8AR2xuQQAhHump,0,85.0,5796643.0,https://i.scdn.co/image/ab6761610000e5ebf9cf783eb03eb66aa43943ba,GENRE_1,LOLLAPALOOZA,SHAWN MENDES
459,Kings of Leon,2024-03-23,2024,AUTODROMO DE INTERLAGOS,KINGS OF LEON,100000.0,ARENAS E ESTADIOS,AREA EXTERNA PARA EVENTOS,-23.7000,-46.6972,2qk9voo8llSGYcZ6xrBzKx,ROCK,77.0,5779275.0,https://i.scdn.co/image/ab6761610000e5eb5e97fb0c8918ed67408f9edc,GENRE_1,LOLLAPALOOZA,"KINGS OF LEON, LIMP BIZKIT"
460,Def Leppard,2023-03-07,2023,ALLIANZ PARQUE,DEF LEPPARD,45000.0,ARENAS E ESTADIOS,ESTADIO MULTIUSO,-23.5276207,-46.6784662,6H1RjVyNruCmrBEWRbD0VZ,"GLAM METAL, GLAM ROCK, CLASSIC ROCK",70.0,5700129.0,https://i.scdn.co/image/ab6761610000e5eb695e45d9945ce1f8e5fa5c54,GENRE_1,False,False
461,mgk,2022-03-24,2022,AUTODROMO DE INTERLAGOS,MGK,100000.0,ARENAS E ESTADIOS,AREA EXTERNA PARA EVENTOS,-23.7000,-46.6972,6TIYQ3jFPwQSRmorSezPxX,0,79.0,5659321.0,https://i.scdn.co/image/ab6761610000e5eb85e7615a199f8b17fabfcd61,GENRE_1,False,False
462,mgk,2022-03-25,2022,AUTODROMO DE INTERLAGOS,MGK,100000.0,ARENAS E ESTADIOS,AREA EXTERNA PARA EVENTOS,-23.7000,-46.6972,6TIYQ3jFPwQSRmorSezPxX,0,79.0,5659321.0,https://i.scdn.co/image/ab6761610000e5eb85e7615a199f8b17fabfcd61,GENRE_1,LOLLAPALOOZA,THE STROKES
463,mgk,2023-11-04,2023,ALLIANZ PARQUE,MGK,45000.0,ARENAS E ESTADIOS,ESTADIO MULTIUSO,-23.5276207,-46.6784662,6TIYQ3jFPwQSRmorSezPxX,0,79.0,5659321.0,https://i.scdn.co/image/ab6761610000e5eb85e7615a199f8b17fabfcd61,GENRE_1,False,False
464,Bastille,2022-09-09,2022,TOKIO MARINE HALL,BASTILLE,4000.0,MEDIAS CASAS,CASA DE SHOWS,-23.6383,-46.7203,7EQ0qTo7fWT7DPxmxtSYEc,ALTERNATIVE ROCK,73.0,5656158.0,https://i.scdn.co/image/ab6761610000e5ebf357b48e4344812b4e3c336f,GENRE_1,False,False
465,Rod Stewart,2023-09-30,2023,ALLIANZ PARQUE,ROD STEWART,45000.0,ARENAS E ESTADIOS,ESTADIO MULTIUSO,-23.5276207,-46.6784662,2y8Jo9CKhJvtfeKOsYzRdT,SOFT ROCK,74.0,5591846.0,https://i.scdn.co/image/ab6761610000e5eb876f7ad601fe9a02247b9fb9,GENRE_1,False,False
466,Marcos & Belutti,2022-05-28,2022,SAO PAULO EXPO,MARCOS & BELUTTI,100000.0,ARENAS E ESTADIOS,CENTRO DE EXPOSICOES,-23.64595,-46.62967,0NsJZ5PMjqghGDuMzY7CuT,"SERTANEJO, SERTANEJO UNIVERSITARIO",63.0,5545613.0,https://i.scdn.co/image/ab6761610000e5eb52b5d3dd8969c777a41e8105,GENRE_1,False,False
467,Marcos & Belutti,2025-06-14,2025,SUHAI MUSIC HALL,MARCOS & BELUTTI,9000.0,MEDIAS CASAS,CASA DE SHOWS,-23.68026,-46.69805,0NsJZ5PMjqghGDuMzY7CuT,"SERTANEJO, SERTANEJO UNIVERSITARIO",63.0,5545613.0,https://i.scdn.co/image/ab6761610000e5eb52b5d3dd8969c777a41e8105,GENRE_1,False,False
468,Russ,2022-12-01,2022,AUDIO,RUSS,3200.0,MEDIAS CASAS,CASA DE SHOWS,-23.52822,-46.66968,1z7b1Pr1rSlvWRzsW3HOrS,0,73.0,5520945.0,https://i.scdn.co/image/ab6761610000e5ebd155a3a187977765ffd9e07a,GENRE_2,False,False
469,Zé Felipe,2024-06-09,2024,ALLIANZ PARQUE,ZE FELIPE,45000.0,ARENAS E ESTADIOS,ESTADIO MULTIUSO,-23.5276207,-46.6784662,7cmuxPnXRJxwuYDHfbD8Eu,"PISEIRO, SERTANEJO, AGRONEJO, ARROCHA, SERTANEJO UNIVERSITARIO, FORRO",74.0,5431348.0,https://i.scdn.co/image/ab6761610000e5eb9f711593804daf97f6801279,GENRE_1,False,False
470,Simone & Simaria,2022-05-10,2022,VILLA COUNTRY,SIMONE & SIMARIA,8000.0,MEDIAS CASAS,CASA DE SHOWS,-23.5832,-46.6348,0MInKJqZscEeNc5K3K0mkE,"SERTANEJO, SERTANEJO UNIVERSITARIO, FORRO, ARROCHA, BRAZILIAN POP",61.0,5412833.0,https://i.scdn.co/image/ab6761610000e5eba108594c6d9e69bd76ee9ce0,LETTER_1,False,False
471,Simone & Simaria,2022-05-10,2022,VILLA COUNTRY,SIMONE & SIMARIA,8000.0,MEDIAS CASAS,CASA DE SHOWS,-23.5832,-46.6348,0MInKJqZscEeNc5K3K0mkE,"SERTANEJO, SERTANEJO UNIVERSITARIO, FORRO, ARROCHA, BRAZILIAN POP",61.0,5412833.0,https://i.scdn.co/image/ab6761610000e5eba108594c6d9e69bd76ee9ce0,LETTER_1,False,False
472,ATEEZ,2023-08-26,2023,ALLIANZ PARQUE,ATEEZ,45000.0,ARENAS E ESTADIOS,ESTADIO MULTIUSO,-23.5276207,-46.6784662,68KmkJeZGfwe1OUaivBa2L,"K-POP, NOISE MUSIC",75.0,5403608.0,https://i.scdn.co/image/ab6761610000e5eba1e2f0d5061ccdcb38398d94,GENRE_1,False,False
473,Air Supply,2022-10-16,2022,ESPACO UNIMED,AIR SUPPLY,8000.0,MEDIAS CASAS,CASA DE SHOWS,-23.52812,-46.66805,4xXCRXOfQKQ2gjWxNhNzYW,SOFT ROCK,71.0,5350736.0,https://i.scdn.co/image/ab6761610000e5eb79bedf7da0a906b84128f3af,GENRE_1,False,False
474,Air Supply,2024-04-21,2024,ESPACO UNIMED,AIR SUPPLY,8000.0,MEDIAS CASAS,CASA DE SHOWS,-23.52812,-46.66805,4xXCRXOfQKQ2gjWxNhNzYW,SOFT ROCK,71.0,5350736.0,https://i.scdn.co/image/ab6761610000e5eb79bedf7da0a906b84128f3af,GENRE_1,False,False
475,Mc Don Juan,2023-09-09,2023,AUTODROMO DE INTERLAGOS,MC DON JUAN,100000.0,ARENAS E ESTADIOS,AREA EXTERNA PARA EVENTOS,-23.7000,-46.6972,7Lmrb6KcIzfkmgbtokjsAL,"BRAZILIAN FUNK, FUNK CONSCIENTE, TRAP FUNK",74.0,5289959.0,https://i.scdn.co/image/ab6761610000e5ebab559c0d48ef955cecd4555d,LETTER_1,THE TOWN,FOO FIGHTERS
476,Mc Don Juan,2023-09-09,2023,AUTODROMO DE INTERLAGOS,MC DON JUAN,100000.0,ARENAS E ESTADIOS,AREA EXTERNA PARA EVENTOS,-23.7000,-46.6972,7Lmrb6KcIzfkmgbtokjsAL,"BRAZILIAN FUNK, FUNK CONSCIENTE, TRAP FUNK",74.0,5289959.0,https://i.scdn.co/image/ab6761610000e5ebab559c0d48ef955cecd4555d,LETTER_1,THE TOWN,FOO FIGHTERS
477,Mc Don Juan,2023-09-09,2023,AUTODROMO DE INTERLAGOS,MC DON JUAN,100000.0,ARENAS E ESTADIOS,AREA EXTERNA PARA EVENTOS,-23.7000,-46.6972,7Lmrb6KcIzfkmgbtokjsAL,"BRAZILIAN FUNK, FUNK CONSCIENTE, TRAP FUNK",74.0,5289959.0,https://i.scdn.co/image/ab6761610000e5ebab559c0d48ef955cecd4555d,LETTER_1,THE TOWN,FOO FIGHTERS
478,Mc Don Juan,2023-09-09,2023,AUTODROMO DE INTERLAGOS,MC DON JUAN,100000.0,ARENAS E ESTADIOS,AREA EXTERNA PARA EVENTOS,-23.7000,-46.6972,7Lmrb6KcIzfkmgbtokjsAL,"BRAZILIAN FUNK, FUNK CONSCIENTE, TRAP FUNK",74.0,5289959.0,https://i.scdn.co/image/ab6761610000e5ebab559c0d48ef955cecd4555d,LETTER_1,THE TOWN,FOO FIGHTERS
479,Mc Don Juan,2024-06-09,2024,ALLIANZ PARQUE,MC DON JUAN,45000.0,ARENAS E ESTADIOS,ESTADIO MULTIUSO,-23.5276207,-46.6784662,7Lmrb6KcIzfkmgbtokjsAL,"BRAZILIAN FUNK, FUNK CONSCIENTE, TRAP FUNK",74.0,5289959.0,https://i.scdn.co/image/ab6761610000e5ebab559c0d48ef955cecd4555d,LETTER_1,False,False
480,Mc Don Juan,2024-06-09,2024,ALLIANZ PARQUE,MC DON JUAN,45000.0,ARENAS E ESTADIOS,ESTADIO MULTIUSO,-23.5276207,-46.6784662,7Lmrb6KcIzfkmgbtokjsAL,"BRAZILIAN FUNK, FUNK CONSCIENTE, TRAP FUNK",74.0,5289959.0,https://i.scdn.co/image/ab6761610000e5ebab559c0d48ef955cecd4555d,LETTER_1,False,False
481,Mc Don Juan,2024-06-09,2024,ALLIANZ PARQUE,MC DON JUAN,45000.0,ARENAS E ESTADIOS,ESTADIO MULTIUSO,-23.5276207,-46.6784662,7Lmrb6KcIzfkmgbtokjsAL,"BRAZILIAN FUNK, FUNK CONSCIENTE, TRAP FUNK",74.0,5289959.0,https://i.scdn.co/image/ab6761610000e5ebab559c0d48ef955cecd4555d,LETTER_1,False,False
482,Mc Don Juan,2024-06-09,2024,ALLIANZ PARQUE,MC DON JUAN,45000.0,ARENAS E ESTADIOS,ESTADIO MULTIUSO,-23.5276207,-46.6784662,7Lmrb6KcIzfkmgbtokjsAL,"BRAZILIAN FUNK, FUNK CONSCIENTE, TRAP FUNK",74.0,5289959.0,https://i.scdn.co/image/ab6761610000e5ebab559c0d48ef955cecd4555d,LETTER_1,False,False
483,Mc Don Juan,2022-12-23,2022,ESPACO UNIMED,MC DON JUAN,8000.0,MEDIAS CASAS,CASA DE SHOWS,-23.52812,-46.66805,7Lmrb6KcIzfkmgbtokjsAL,"BRAZILIAN FUNK, FUNK CONSCIENTE, TRAP FUNK",74.0,5289959.0,https://i.scdn.co/image/ab6761610000e5ebab559c0d48ef955cecd4555d,LETTER_1,False,False
484,Mc Don Juan,2022-12-23,2022,ESPACO UNIMED,MC DON JUAN,8000.0,MEDIAS CASAS,CASA DE SHOWS,-23.52812,-46.66805,7Lmrb6KcIzfkmgbtokjsAL,"BRAZILIAN FUNK, FUNK CONSCIENTE, TRAP FUNK",74.0,5289959.0,https://i.scdn.co/image/ab6761610000e5ebab559c0d48ef955cecd4555d,LETTER_1,False,False
485,Mc Don Juan,2022-12-23,2022,ESPACO UNIMED,MC DON JUAN,8000.0,MEDIAS CASAS,CASA DE SHOWS,-23.52812,-46.66805,7Lmrb6KcIzfkmgbtokjsAL,"BRAZILIAN FUNK, FUNK CONSCIENTE, TRAP FUNK",74.0,5289959.0,https://i.scdn.co/image/ab6761610000e5ebab559c0d48ef955cecd4555d,LETTER_1,False,False
486,Mc Don Juan,2022-12-23,2022,ESPACO UNIMED,MC DON JUAN,8000.0,MEDIAS CASAS,CASA DE SHOWS,-23.52812,-46.66805,7Lmrb6KcIzfkmgbtokjsAL,"BRAZILIAN FUNK, FUNK CONSCIENTE, TRAP FUNK",74.0,5289959.0,https://i.scdn.co/image/ab6761610000e5ebab559c0d48ef955cecd4555d,LETTER_1,False,False
487,Paul McCartney,2023-12-07,2023,ALLIANZ PARQUE,PAUL MCCARTNEY,45000.0,ARENAS E ESTADIOS,ESTADIO MULTIUSO,-23.5276207,-46.6784662,4STHEaNw4mPZ2tzheohgXB,ROCK,72.0,5262364.0,https://i.scdn.co/image/ab6761610000e5eb03bf2fe26e397122faa3d323,GENRE_1,False,False
488,Paul McCartney,2023-12-07,2023,ALLIANZ PARQUE,PAUL MCCARTNEY,45000.0,ARENAS E ESTADIOS,ESTADIO MULTIUSO,-23.5276207,-46.6784662,4STHEaNw4mPZ2tzheohgXB,ROCK,72.0,5262364.0,https://i.scdn.co/image/ab6761610000e5eb03bf2fe26e397122faa3d323,GENRE_1,False,False
489,Paul McCartney,2023-12-09,2023,ALLIANZ PARQUE,PAUL MCCARTNEY,45000.0,ARENAS E ESTADIOS,ESTADIO MULTIUSO,-23.5276207,-46.6784662,4STHEaNw4mPZ2tzheohgXB,ROCK,72.0,5262364.0,https://i.scdn.co/image/ab6761610000e5eb03bf2fe26e397122faa3d323,GENRE_1,False,False
490,Paul McCartney,2023-12-09,2023,ALLIANZ PARQUE,PAUL MCCARTNEY,45000.0,ARENAS E ESTADIOS,ESTADIO MULTIUSO,-23.5276207,-46.6784662,4STHEaNw4mPZ2tzheohgXB,ROCK,72.0,5262364.0,https://i.scdn.co/image/ab6761610000e5eb03bf2fe26e397122faa3d323,GENRE_1,False,False
491,Paul McCartney,2023-12-10,2023,ALLIANZ PARQUE,PAUL MCCARTNEY,45000.0,ARENAS E ESTADIOS,ESTADIO MULTIUSO,-23.5276207,-46.6784662,4STHEaNw4mPZ2tzheohgXB,ROCK,72.0,5262364.0,https://i.scdn.co/image/ab6761610000e5eb03bf2fe26e397122faa3d323,GENRE_1,False,False
492,Paul McCartney,2023-12-10,2023,ALLIANZ PARQUE,PAUL MCCARTNEY,45000.0,ARENAS E ESTADIOS,ESTADIO MULTIUSO,-23.5276207,-46.6784662,4STHEaNw4mPZ2tzheohgXB,ROCK,72.0,5262364.0,https://i.scdn.co/image/ab6761610000e5eb03bf2fe26e397122faa3d323,GENRE_1,False,False
493,Paul McCartney,2024-10-15,2024,ALLIANZ PARQUE,PAUL MCCARTNEY,45000.0,ARENAS E ESTADIOS,ESTADIO MULTIUSO,-23.5276207,-46.6784662,4STHEaNw4mPZ2tzheohgXB,ROCK,72.0,5262364.0,https://i.scdn.co/image/ab6761610000e5eb03bf2fe26e397122faa3d323,GENRE_1,False,False
494,Paul McCartney,2024-10-15,2024,ALLIANZ PARQUE,PAUL MCCARTNEY,45000.0,ARENAS E ESTADIOS,ESTADIO MULTIUSO,-23.5276207,-46.6784662,4STHEaNw4mPZ2tzheohgXB,ROCK,72.0,5262364.0,https://i.scdn.co/image/ab6761610000e5eb03bf2fe26e397122faa3d323,GENRE_1,False,False
495,Paul McCartney,2024-10-16,2024,ALLIANZ PARQUE,PAUL MCCARTNEY,45000.0,ARENAS E ESTADIOS,ESTADIO MULTIUSO,-23.5276207,-46.6784662,4STHEaNw4mPZ2tzheohgXB,ROCK,72.0,5262364.0,https://i.scdn.co/image/ab6761610000e5eb03bf2fe26e397122faa3d323,GENRE_1,False,False
496,Paul McCartney,2024-10-16,2024,ALLIANZ PARQUE,PAUL MCCARTNEY,45000.0,ARENAS E ESTADIOS,ESTADIO MULTIUSO,-23.5276207,-46.6784662,4STHEaNw4mPZ2tzheohgXB,ROCK,72.0,5262364.0,https://i.scdn.co/image/ab6761610000e5eb03bf2fe26e397122faa3d323,GENRE_1,False,False
497,Carly Rae Jepsen,2023-12-03,2023,AUTODROMO DE INTERLAGOS,CARLY RAE JEPSEN,100000.0,ARENAS E ESTADIOS,AREA EXTERNA PARA EVENTOS,-23.7000,-46.6972,6sFIWsNpZYqfjUpaCgueju,POP,71.0,5150220.0,https://i.scdn.co/image/ab6761610000e5eb8272bf414106646e0e4a89f3,LETTER_1,False,False
498,Zezé Di Camargo & Luciano,2021-09-04,2021,ESPACO DAS AMERICAS,ZEZE DI CAMARGO & LUCIANO,8000.0,MEDIAS CASAS,CASA DE SHOWS,-23.5156,-46.6820,4dyYjqmYDjegbB3F2mbvcT,"SERTANEJO TRADICIONAL, SERTANEJO",74.0,5073206.0,https://i.scdn.co/image/ab6761610000e5eb5542815361f8e1c9d4026efe,LETTER_1,False,False
499,Zezé Di Camargo & Luciano,2022-12-10,2022,ALLIANZ PARQUE,ZEZE DI CAMARGO & LUCIANO,45000.0,ARENAS E ESTADIOS,ESTADIO MULTIUSO,-23.5276207,-46.6784662,4dyYjqmYDjegbB3F2mbvcT,"SERTANEJO TRADICIONAL, SERTANEJO",74.0,5073206.0,https://i.scdn.co/image/ab6761610000e5eb5542815361f8e1c9d4026efe,LETTER_1,False,False
500,Zezé Di Camargo & Luciano,2025-08-23,2025,ALLIANZ PARQUE,ZEZE DI CAMARGO & LUCIANO,45000.0,ARENAS E ESTADIOS,ESTADIO MULTIUSO,-23.5276207,-46.6784662,4dyYjqmYDjegbB3F2mbvcT,"SERTANEJO TRADICIONAL, SERTANEJO",74.0,5073206.0,https://i.scdn.co/image/ab6761610000e5eb5542815361f8e1c9d4026efe,LETTER_1,False,False
501,Zezé Di Camargo & Luciano,2023-08-04,2023,ESPACO UNIMED,ZEZE DI CAMARGO & LUCIANO,8000.0,MEDIAS CASAS,CASA DE SHOWS,-23.52812,-46.66805,4dyYjqmYDjegbB3F2mbvcT,"SERTANEJO TRADICIONAL, SERTANEJO",74.0,5073206.0,https://i.scdn.co/image/ab6761610000e5eb5542815361f8e1c9d4026efe,LETTER_1,False,False
502,Zezé Di Camargo & Luciano,2024-06-12,2024,ESPACO UNIMED,ZEZE DI CAMARGO & LUCIANO,8000.0,MEDIAS CASAS,CASA DE SHOWS,-23.52812,-46.66805,4dyYjqmYDjegbB3F2mbvcT,"SERTANEJO TRADICIONAL, SERTANEJO",74.0,5073206.0,https://i.scdn.co/image/ab6761610000e5eb5542815361f8e1c9d4026efe,LETTER_1,False,False
503,wave to earth,2025-03-29,2025,AUTODROMO DE INTERLAGOS,WAVE TO EARTH,100000.0,ARENAS E ESTADIOS,AREA EXTERNA PARA EVENTOS,-23.7000,-46.6972,5069JTmv5ZDyPeZaCCXiCg,0,72.0,4962113.0,https://i.scdn.co/image/ab6761610000e5eb49799010fa77f1f862ab207e,LETTER_2,LOLLAPALOOZA,SHAWN MENDES
504,L7NNON,2023-03-26,2023,AUTODROMO DE INTERLAGOS,L7NNON,100000.0,ARENAS E ESTADIOS,AREA EXTERNA PARA EVENTOS,-23.7000,-46.6972,0JjPiLQNgAFaEkwoy56B1C,"BRAZILIAN TRAP, BRAZILIAN HIP HOP, TRAP FUNK, TRAP, FUNK CARIOCA",71.0,4843611.0,https://i.scdn.co/image/ab6761610000e5eb361b418f923daf2dfe03f7d4,LETTER_1,LOLLAPALOOZA,"DRAKE, ROSALIA"
505,L7NNON,2023-03-26,2023,AUTODROMO DE INTERLAGOS,L7NNON,100000.0,ARENAS E ESTADIOS,AREA EXTERNA PARA EVENTOS,-23.7000,-46.6972,0JjPiLQNgAFaEkwoy56B1C,"BRAZILIAN TRAP, BRAZILIAN HIP HOP, TRAP FUNK, TRAP, FUNK CARIOCA",71.0,4843611.0,https://i.scdn.co/image/ab6761610000e5eb361b418f923daf2dfe03f7d4,LETTER_1,LOLLAPALOOZA,"DRAKE, ROSALIA"
506,L7NNON,2022-11-05,2022,DISTRITO ANHEMBI,L7NNON,35000.0,GRANDES CASAS,AREA EXTERNA PARA EVENTOS,-23.51611,-46.64320,0JjPiLQNgAFaEkwoy56B1C,"BRAZILIAN TRAP, BRAZILIAN HIP HOP, TRAP FUNK, TRAP, FUNK CARIOCA",71.0,4843611.0,https://i.scdn.co/image/ab6761610000e5eb361b418f923daf2dfe03f7d4,LETTER_1,PRIMAVERA SOUND,"ARCTIC MONKEYS, BJORK"
507,L7NNON,2022-11-05,2022,DISTRITO ANHEMBI,L7NNON,35000.0,GRANDES CASAS,AREA EXTERNA PARA EVENTOS,-23.51611,-46.64320,0JjPiLQNgAFaEkwoy56B1C,"BRAZILIAN TRAP, BRAZILIAN HIP HOP, TRAP FUNK, TRAP, FUNK CARIOCA",71.0,4843611.0,https://i.scdn.co/image/ab6761610000e5eb361b418f923daf2dfe03f7d4,LETTER_1,PRIMAVERA SOUND,"ARCTIC MONKEYS, BJORK"
508,RADWIMPS,2024-03-21,2024,TERRA SP,RADWIMPS,6000.0,MEDIAS CASAS,CASA DE SHOWS,-23.6463,-46.7763,1EowJ1WwkMzkCkRomFhui7,"ANIME, J-POP, J-ROCK",74.0,4827200.0,https://i.scdn.co/image/ab6761610000e5ebf7374b42bee7c71b9649ac83,GENRE_1,False,False
509,Westlife,2024-03-24,2024,ESPACO UNIMED,WESTLIFE,8000.0,MEDIAS CASAS,CASA DE SHOWS,-23.52812,-46.66805,5Z1CCuBsyhEHngq3U5IraY,ALTERNATIVE ROCK,71.0,4810001.0,https://i.scdn.co/image/ab6761610000e5eb7299fecc45211132432d7d8c,LETTER_2,False,False
510,Fernando & Sorocaba,2021-10-22,2021,VILLA COUNTRY,FERNANDO & SOROCABA,8000.0,MEDIAS CASAS,CASA DE SHOWS,-23.5832,-46.6348,1oSgjdbgLYULVmEBojPRw8,"SERTANEJO, SERTANEJO UNIVERSITARIO, AGRONEJO, PISEIRO, ARROCHA",67.0,4798802.0,https://i.scdn.co/image/ab6761610000e5ebf4652f5d1d3906c5d68ed981,GENRE_1,False,False
511,Fernando & Sorocaba,2021-10-23,2021,VILLA COUNTRY,FERNANDO & SOROCABA,8000.0,MEDIAS CASAS,CASA DE SHOWS,-23.5832,-46.6348,1oSgjdbgLYULVmEBojPRw8,"SERTANEJO, SERTANEJO UNIVERSITARIO, AGRONEJO, PISEIRO, ARROCHA",67.0,4798802.0,https://i.scdn.co/image/ab6761610000e5ebf4652f5d1d3906c5d68ed981,GENRE_1,False,False
512,IZA,2023-09-10,2023,AUTODROMO DE INTERLAGOS,IZA,100000.0,ARENAS E ESTADIOS,AREA EXTERNA PARA EVENTOS,-23.7000,-46.6972,3zgnrYIltMkgeejmvMCnes,"BRAZILIAN POP, FUNK POP",61.0,4755237.0,https://i.scdn.co/image/ab6761610000e5ebdf5471e7c451d863458eba3c,GENRE_1,THE TOWN,"BRUNO MARS, H.E.R"
513,IZA,2023-09-10,2023,AUTODROMO DE INTERLAGOS,IZA,100000.0,ARENAS E ESTADIOS,AREA EXTERNA PARA EVENTOS,-23.7000,-46.6972,3zgnrYIltMkgeejmvMCnes,"BRAZILIAN POP, FUNK POP",61.0,4755237.0,https://i.scdn.co/image/ab6761610000e5ebdf5471e7c451d863458eba3c,GENRE_1,THE TOWN,"BRUNO MARS, H.E.R"
514,IZA,2025-09-14,2025,AUTODROMO DE INTERLAGOS,IZA,100000.0,ARENAS E ESTADIOS,AREA EXTERNA PARA EVENTOS,-23.7000,-46.6972,3zgnrYIltMkgeejmvMCnes,"BRAZILIAN POP, FUNK POP",61.0,4755237.0,https://i.scdn.co/image/ab6761610000e5ebdf5471e7c451d863458eba3c,GENRE_1,THE TOWN,KATY PERRY
515,IZA,2025-09-14,2025,AUTODROMO DE INTERLAGOS,IZA,100000.0,ARENAS E ESTADIOS,AREA EXTERNA PARA EVENTOS,-23.7000,-46.6972,3zgnrYIltMkgeejmvMCnes,"BRAZILIAN POP, FUNK POP",61.0,4755237.0,https://i.scdn.co/image/ab6761610000e5ebdf5471e7c451d863458eba3c,GENRE_1,THE TOWN,KATY PERRY
516,IZA,2023-11-05,2023,ALLIANZ PARQUE,IZA,45000.0,ARENAS E ESTADIOS,ESTADIO MULTIUSO,-23.5276207,-46.6784662,3zgnrYIltMkgeejmvMCnes,"BRAZILIAN POP, FUNK POP",61.0,4755237.0,https://i.scdn.co/image/ab6761610000e5ebdf5471e7c451d863458eba3c,GENRE_1,False,False
517,IZA,2023-11-05,2023,ALLIANZ PARQUE,IZA,45000.0,ARENAS E ESTADIOS,ESTADIO MULTIUSO,-23.5276207,-46.6784662,3zgnrYIltMkgeejmvMCnes,"BRAZILIAN POP, FUNK POP",61.0,4755237.0,https://i.scdn.co/image/ab6761610000e5ebdf5471e7c451d863458eba3c,GENRE_1,False,False
518,IZA,2022-05-14,2022,MEMORIAL DA AMERICA LATINA,IZA,15000.0,GRANDES CASAS,AREA EXTERNA PARA EVENTOS,-23.5274091,-46.6656539,3zgnrYIltMkgeejmvMCnes,"BRAZILIAN POP, FUNK POP",61.0,4755237.0,https://i.scdn.co/image/ab6761610000e5ebdf5471e7c451d863458eba3c,GENRE_1,False,False
519,IZA,2022-05-14,2022,MEMORIAL DA AMERICA LATINA,IZA,15000.0,GRANDES CASAS,AREA EXTERNA PARA EVENTOS,-23.5274091,-46.6656539,3zgnrYIltMkgeejmvMCnes,"BRAZILIAN POP, FUNK POP",61.0,4755237.0,https://i.scdn.co/image/ab6761610000e5ebdf5471e7c451d863458eba3c,GENRE_1,False,False
520,IZA,2022-12-04,2022,MEMORIAL DA AMERICA LATINA,IZA,15000.0,GRANDES CASAS,AREA EXTERNA PARA EVENTOS,-23.5274091,-46.6656539,3zgnrYIltMkgeejmvMCnes,"BRAZILIAN POP, FUNK POP",61.0,4755237.0,https://i.scdn.co/image/ab6761610000e5ebdf5471e7c451d863458eba3c,GENRE_1,False,False
521,IZA,2022-12-04,2022,MEMORIAL DA AMERICA LATINA,IZA,15000.0,GRANDES CASAS,AREA EXTERNA PARA EVENTOS,-23.5274091,-46.6656539,3zgnrYIltMkgeejmvMCnes,"BRAZILIAN POP, FUNK POP",61.0,4755237.0,https://i.scdn.co/image/ab6761610000e5ebdf5471e7c451d863458eba3c,GENRE_1,False,False
522,IZA,2023-05-28,2023,VALE DO ANHANGABAU,IZA,35000.0,GRANDES CASAS,AREA EXTERNA PARA EVENTOS,-23.54429,-46.63623,3zgnrYIltMkgeejmvMCnes,"BRAZILIAN POP, FUNK POP",61.0,4755237.0,https://i.scdn.co/image/ab6761610000e5ebdf5471e7c451d863458eba3c,GENRE_1,False,False
523,IZA,2023-05-28,2023,VALE DO ANHANGABAU,IZA,35000.0,GRANDES CASAS,AREA EXTERNA PARA EVENTOS,-23.54429,-46.63623,3zgnrYIltMkgeejmvMCnes,"BRAZILIAN POP, FUNK POP",61.0,4755237.0,https://i.scdn.co/image/ab6761610000e5ebdf5471e7c451d863458eba3c,GENRE_1,False,False
524,AURORA,2023-03-26,2023,AUTODROMO DE INTERLAGOS,AURORA,100000.0,ARENAS E ESTADIOS,AREA EXTERNA PARA EVENTOS,-23.7000,-46.6972,1WgXqy2Dd70QQOU7Ay074N,"NORWEGIAN POP, ART POP",74.0,4732259.0,https://i.scdn.co/image/ab6761610000e5ebeefc6f13cec94fe613a6c1c8,GENRE_1,LOLLAPALOOZA,"DRAKE, ROSALIA"
525,AURORA,2023-03-26,2023,AUTODROMO DE INTERLAGOS,AURORA,100000.0,ARENAS E ESTADIOS,AREA EXTERNA PARA EVENTOS,-23.7000,-46.6972,1WgXqy2Dd70QQOU7Ay074N,"NORWEGIAN POP, ART POP",74.0,4732259.0,https://i.scdn.co/image/ab6761610000e5ebeefc6f13cec94fe613a6c1c8,GENRE_1,LOLLAPALOOZA,"DRAKE, ROSALIA"
526,AURORA,2023-03-26,2023,AUTODROMO DE INTERLAGOS,AURORA,100000.0,ARENAS E ESTADIOS,AREA EXTERNA PARA EVENTOS,-23.7000,-46.6972,1WgXqy2Dd70QQOU7Ay074N,"NORWEGIAN POP, ART POP",74.0,4732259.0,https://i.scdn.co/image/ab6761610000e5ebeefc6f13cec94fe613a6c1c8,GENRE_1,LOLLAPALOOZA,"DRAKE, ROSALIA"
527,AURORA,2023-03-26,2023,AUTODROMO DE INTERLAGOS,AURORA,100000.0,ARENAS E ESTADIOS,AREA EXTERNA PARA EVENTOS,-23.7000,-46.6972,1WgXqy2Dd70QQOU7Ay074N,"NORWEGIAN POP, ART POP",74.0,4732259.0,https://i.scdn.co/image/ab6761610000e5ebeefc6f13cec94fe613a6c1c8,GENRE_1,LOLLAPALOOZA,"DRAKE, ROSALIA"
528,AURORA,2023-03-26,2023,AUTODROMO DE INTERLAGOS,AURORA,100000.0,ARENAS E ESTADIOS,AREA EXTERNA PARA EVENTOS,-23.7000,-46.6972,1WgXqy2Dd70QQOU7Ay074N,"NORWEGIAN POP, ART POP",74.0,4732259.0,https://i.scdn.co/image/ab6761610000e5ebeefc6f13cec94fe613a6c1c8,GENRE_1,LOLLAPALOOZA,"DRAKE, ROSALIA"
529,AURORA,2024-11-16,2024,ESPACO UNIMED,AURORA,8000.0,MEDIAS CASAS,CASA DE SHOWS,-23.52812,-46.66805,1WgXqy2Dd70QQOU7Ay074N,"NORWEGIAN POP, ART POP",74.0,4732259.0,https://i.scdn.co/image/ab6761610000e5ebeefc6f13cec94fe613a6c1c8,GENRE_1,False,False
530,AURORA,2024-11-16,2024,ESPACO UNIMED,AURORA,8000.0,MEDIAS CASAS,CASA DE SHOWS,-23.52812,-46.66805,1WgXqy2Dd70QQOU7Ay074N,"NORWEGIAN POP, ART POP",74.0,4732259.0,https://i.scdn.co/image/ab6761610000e5ebeefc6f13cec94fe613a6c1c8,GENRE_1,False,False
531,AURORA,2024-11-16,2024,ESPACO UNIMED,AURORA,8000.0,MEDIAS CASAS,CASA DE SHOWS,-23.52812,-46.66805,1WgXqy2Dd70QQOU7Ay074N,"NORWEGIAN POP, ART POP",74.0,4732259.0,https://i.scdn.co/image/ab6761610000e5ebeefc6f13cec94fe613a6c1c8,GENRE_1,False,False
532,AURORA,2024-11-16,2024,ESPACO UNIMED,AURORA,8000.0,MEDIAS CASAS,CASA DE SHOWS,-23.52812,-46.66805,1WgXqy2Dd70QQOU7Ay074N,"NORWEGIAN POP, ART POP",74.0,4732259.0,https://i.scdn.co/image/ab6761610000e5ebeefc6f13cec94fe613a6c1c8,GENRE_1,False,False
533,AURORA,2024-11-16,2024,ESPACO UNIMED,AURORA,8000.0,MEDIAS CASAS,CASA DE SHOWS,-23.52812,-46.66805,1WgXqy2Dd70QQOU7Ay074N,"NORWEGIAN POP, ART POP",74.0,4732259.0,https://i.scdn.co/image/ab6761610000e5ebeefc6f13cec94fe613a6c1c8,GENRE_1,False,False
534,Teto,2023-09-02,2023,AUTODROMO DE INTERLAGOS,TETO,100000.0,ARENAS E ESTADIOS,AREA EXTERNA PARA EVENTOS,-23.7000,-46.6972,68YeXpLt3jB7JHQS5ZjMGo,"BRAZILIAN TRAP, TRAP, TRAP FUNK, BRAZILIAN HIP HOP",71.0,4665483.0,https://i.scdn.co/image/ab6761610000e5eb62f0237b5577c7c670457267,LETTER_1,THE TOWN,"POST MALONE, DEMI LOVATO"
535,Teto,2025-09-06,2025,AUTODROMO DE INTERLAGOS,TETO,100000.0,ARENAS E ESTADIOS,AREA EXTERNA PARA EVENTOS,-23.7000,-46.6972,68YeXpLt3jB7JHQS5ZjMGo,"BRAZILIAN TRAP, TRAP, TRAP FUNK, BRAZILIAN HIP HOP",71.0,4665483.0,https://i.scdn.co/image/ab6761610000e5eb62f0237b5577c7c670457267,LETTER_1,THE TOWN,TRAVIS SCOTT
536,Teto,2024-01-25,2024,MEMORIAL DA AMERICA LATINA,TETO,15000.0,GRANDES CASAS,AREA EXTERNA PARA EVENTOS,-23.5274091,-46.6656539,68YeXpLt3jB7JHQS5ZjMGo,"BRAZILIAN TRAP, TRAP, TRAP FUNK, BRAZILIAN HIP HOP",71.0,4665483.0,https://i.scdn.co/image/ab6761610000e5eb62f0237b5577c7c670457267,LETTER_1,False,False
537,Teto,2023-05-06,2023,DISTRITO ANHEMBI,TETO,35000.0,GRANDES CASAS,AREA EXTERNA PARA EVENTOS,-23.51611,-46.64320,68YeXpLt3jB7JHQS5ZjMGo,"BRAZILIAN TRAP, TRAP, TRAP FUNK, BRAZILIAN HIP HOP",71.0,4665483.0,https://i.scdn.co/image/ab6761610000e5eb62f0237b5577c7c670457267,LETTER_1,False,False
538,Teto,2023-12-10,2023,NEO QUIMICA ARENA,TETO,49000.0,ARENAS E ESTADIOS,ESTADIO MULTIUSO,-23.54534,-46.47476,68YeXpLt3jB7JHQS5ZjMGo,"BRAZILIAN TRAP, TRAP, TRAP FUNK, BRAZILIAN HIP HOP",71.0,4665483.0,https://i.scdn.co/image/ab6761610000e5eb62f0237b5577c7c670457267,LETTER_1,False,False
539,Dilsinho,2022-04-03,2022,EXPO BARRA FUNDA,DILSINHO,5000.0,MEDIAS CASAS,CENTRO DE EVENTOS,-23.52699,-46.66954,4NUePmzDvCYqilXBFa91Hg,"PAGODE, SAMBA, SERTANEJO, PISEIRO",70.0,4612534.0,https://i.scdn.co/image/ab6761610000e5eba2db16682081a42f4cff0190,LETTER_1,False,False
540,Dilsinho,2023-09-01,2023,ESPACO UNIMED,DILSINHO,8000.0,MEDIAS CASAS,CASA DE SHOWS,-23.52812,-46.66805,4NUePmzDvCYqilXBFa91Hg,"PAGODE, SAMBA, SERTANEJO, PISEIRO",70.0,4612534.0,https://i.scdn.co/image/ab6761610000e5eba2db16682081a42f4cff0190,LETTER_1,False,False
541,Lionel Richie,2025-09-13,2025,AUTODROMO DE INTERLAGOS,LIONEL RICHIE,100000.0,ARENAS E ESTADIOS,AREA EXTERNA PARA EVENTOS,-23.7000,-46.6972,3gMaNLQm7D9MornNILzdSl,MOTOWN,70.0,4553102.0,https://i.scdn.co/image/ab6761610000e5eb002684808eb17d8b3645b57c,GENRE_1,THE TOWN,MARIAH CAREY
542,Tool,2025-03-30,2025,AUTODROMO DE INTERLAGOS,TOOL,100000.0,ARENAS E ESTADIOS,AREA EXTERNA PARA EVENTOS,-23.7000,-46.6972,2yEwvVSSSUkcLeSTNyHKh8,"PROGRESSIVE METAL, ALTERNATIVE METAL, PROGRESSIVE ROCK, METAL",72.0,4552150.0,https://i.scdn.co/image/ab6761610000e5eb13f5472b709101616c87cba3,GENRE_1,LOLLAPALOOZA,JUSTIN TIMBERLAKE
543,Armin van Buuren,2023-03-26,2023,AUTODROMO DE INTERLAGOS,ARMIN VAN BUUREN,100000.0,ARENAS E ESTADIOS,AREA EXTERNA PARA EVENTOS,-23.7000,-46.6972,0SfsnGyD8FpIN4U4WCkBZ5,"TRANCE, PROGRESSIVE TRANCE, PROGRESSIVE HOUSE, ELECTRONICA",75.0,4545661.0,https://i.scdn.co/image/ab6761610000e5eb60f60edeaa78efbf3d335b2c,LETTER_1,LOLLAPALOOZA,"DRAKE, ROSALIA"
544,Judas Priest,2025-04-19,2025,ALLIANZ PARQUE,JUDAS PRIEST,45000.0,ARENAS E ESTADIOS,ESTADIO MULTIUSO,-23.5276207,-46.6784662,2tRsMl4eGxwoNabM08Dm4I,"HEAVY METAL, METAL, HARD ROCK, GLAM METAL",66.0,4539719.0,https://i.scdn.co/image/ab6761610000e5eb4b3cfc24737acb15e73e8bd6,GENRE_2,MONSTERS OF ROCK,"SCORPIONS, JUDAS PRIEST"
545,Judas Priest,2022-12-18,2022,SAMBODROMO DO ANHEMBI,JUDAS PRIEST,100000.0,ARENAS E ESTADIOS,AREA EXTERNA PARA EVENTOS,-23.5079,-46.6379,2tRsMl4eGxwoNabM08Dm4I,"HEAVY METAL, METAL, HARD ROCK, GLAM METAL",66.0,4539719.0,https://i.scdn.co/image/ab6761610000e5eb4b3cfc24737acb15e73e8bd6,GENRE_2,False,False
546,Judas Priest,2022-12-15,2022,VIBRA SAO PAULO,JUDAS PRIEST,7000.0,MEDIAS CASAS,TEATRO E CASA DE ESPETACULOS,-23.6475,-46.7239,2tRsMl4eGxwoNabM08Dm4I,"HEAVY METAL, METAL, HARD ROCK, GLAM METAL",66.0,4539719.0,https://i.scdn.co/image/ab6761610000e5eb4b3cfc24737acb15e73e8bd6,GENRE_2,False,False
547,Judas Priest,2025-04-20,2025,VIBRA SAO PAULO,JUDAS PRIEST,7000.0,MEDIAS CASAS,TEATRO E CASA DE ESPETACULOS,-23.6475,-46.7239,2tRsMl4eGxwoNabM08Dm4I,"HEAVY METAL, METAL, HARD ROCK, GLAM METAL",66.0,4539719.0,https://i.scdn.co/image/ab6761610000e5eb4b3cfc24737acb15e73e8bd6,GENRE_2,False,False
548,Mother Mother,2023-03-24,2023,AUTODROMO DE INTERLAGOS,MOTHER MOTHER,100000.0,ARENAS E ESTADIOS,AREA EXTERNA PARA EVENTOS,-23.7000,-46.6972,0e86yPdC41PGRkLp2Q1Bph,0,70.0,4505909.0,https://i.scdn.co/image/ab6761610000e5ebfdfbc01d2597633aae65f6b7,LETTER_1,LOLLAPALOOZA,"BILLIE EILISH, LIL NAS X"
549,Mother Mother,2024-10-23,2024,TOKIO MARINE HALL,MOTHER MOTHER,4000.0,MEDIAS CASAS,CASA DE SHOWS,-23.6383,-46.7203,0e86yPdC41PGRkLp2Q1Bph,0,70.0,4505909.0,https://i.scdn.co/image/ab6761610000e5ebfdfbc01d2597633aae65f6b7,LETTER_1,False,False
550,Pabllo Vittar,2022-02-25,2022,AUDIO,PABLLO VITTAR,3200.0,MEDIAS CASAS,CASA DE SHOWS,-23.52822,-46.66968,6tzRZ39aZlNqlUzQlkuhDV,"BRAZILIAN POP, FUNK POP, TECNOBREGA",67.0,4399492.0,https://i.scdn.co/image/ab6761610000e5eb1a476094be457f065c87b7e8,GENRE_1,False,False
551,Pabllo Vittar,2024-10-11,2024,AUDIO,PABLLO VITTAR,3200.0,MEDIAS CASAS,CASA DE SHOWS,-23.52822,-46.66968,6tzRZ39aZlNqlUzQlkuhDV,"BRAZILIAN POP, FUNK POP, TECNOBREGA",67.0,4399492.0,https://i.scdn.co/image/ab6761610000e5eb1a476094be457f065c87b7e8,GENRE_1,False,False
552,Pabllo Vittar,2022-03-24,2022,AUTODROMO DE INTERLAGOS,PABLLO VITTAR,100000.0,ARENAS E ESTADIOS,AREA EXTERNA PARA EVENTOS,-23.7000,-46.6972,6tzRZ39aZlNqlUzQlkuhDV,"BRAZILIAN POP, FUNK POP, TECNOBREGA",67.0,4399492.0,https://i.scdn.co/image/ab6761610000e5eb1a476094be457f065c87b7e8,GENRE_1,False,False
553,Pabllo Vittar,2022-03-25,2022,AUTODROMO DE INTERLAGOS,PABLLO VITTAR,100000.0,ARENAS E ESTADIOS,AREA EXTERNA PARA EVENTOS,-23.7000,-46.6972,6tzRZ39aZlNqlUzQlkuhDV,"BRAZILIAN POP, FUNK POP, TECNOBREGA",67.0,4399492.0,https://i.scdn.co/image/ab6761610000e5eb1a476094be457f065c87b7e8,GENRE_1,LOLLAPALOOZA,THE STROKES
554,Pabllo Vittar,2023-09-10,2023,AUTODROMO DE INTERLAGOS,PABLLO VITTAR,100000.0,ARENAS E ESTADIOS,AREA EXTERNA PARA EVENTOS,-23.7000,-46.6972,6tzRZ39aZlNqlUzQlkuhDV,"BRAZILIAN POP, FUNK POP, TECNOBREGA",67.0,4399492.0,https://i.scdn.co/image/ab6761610000e5eb1a476094be457f065c87b7e8,GENRE_1,THE TOWN,"BRUNO MARS, H.E.R"
555,Pabllo Vittar,2022-06-17,2022,ARENA ANHEMBI,PABLLO VITTAR,30000.0,GRANDES CASAS,AREA EXTERNA PARA EVENTOS,-23.51611,-46.64320,6tzRZ39aZlNqlUzQlkuhDV,"BRAZILIAN POP, FUNK POP, TECNOBREGA",67.0,4399492.0,https://i.scdn.co/image/ab6761610000e5eb1a476094be457f065c87b7e8,GENRE_1,False,False
556,Pabllo Vittar,2025-05-09,2025,CENTRO DE TRADICOES NORDESTINAS,PABLLO VITTAR,5000.0,MEDIAS CASAS,CASA DE SHOWS,-23.4723,-46.6299,6tzRZ39aZlNqlUzQlkuhDV,"BRAZILIAN POP, FUNK POP, TECNOBREGA",67.0,4399492.0,https://i.scdn.co/image/ab6761610000e5eb1a476094be457f065c87b7e8,GENRE_1,False,False
557,Pabllo Vittar,2022-02-12,2022,MEMORIAL DA AMERICA LATINA,PABLLO VITTAR,15000.0,GRANDES CASAS,AREA EXTERNA PARA EVENTOS,-23.5274091,-46.6656539,6tzRZ39aZlNqlUzQlkuhDV,"BRAZILIAN POP, FUNK POP, TECNOBREGA",67.0,4399492.0,https://i.scdn.co/image/ab6761610000e5eb1a476094be457f065c87b7e8,GENRE_1,False,False
558,Pabllo Vittar,2023-02-11,2023,MEMORIAL DA AMERICA LATINA,PABLLO VITTAR,15000.0,GRANDES CASAS,AREA EXTERNA PARA EVENTOS,-23.5274091,-46.6656539,6tzRZ39aZlNqlUzQlkuhDV,"BRAZILIAN POP, FUNK POP, TECNOBREGA",67.0,4399492.0,https://i.scdn.co/image/ab6761610000e5eb1a476094be457f065c87b7e8,GENRE_1,False,False
559,Pabllo Vittar,2024-05-18,2024,VALE DO ANHANGABAU,PABLLO VITTAR,35000.0,GRANDES CASAS,AREA EXTERNA PARA EVENTOS,-23.54429,-46.63623,6tzRZ39aZlNqlUzQlkuhDV,"BRAZILIAN POP, FUNK POP, TECNOBREGA",67.0,4399492.0,https://i.scdn.co/image/ab6761610000e5eb1a476094be457f065c87b7e8,GENRE_1,False,False
560,Pabllo Vittar,2023-06-10,2023,SAMBODROMO DO ANHEMBI,PABLLO VITTAR,100000.0,ARENAS E ESTADIOS,AREA EXTERNA PARA EVENTOS,-23.5079,-46.6379,6tzRZ39aZlNqlUzQlkuhDV,"BRAZILIAN POP, FUNK POP, TECNOBREGA",67.0,4399492.0,https://i.scdn.co/image/ab6761610000e5eb1a476094be457f065c87b7e8,GENRE_1,False,False
561,Pabllo Vittar,2023-11-10,2023,VIBRA SAO PAULO,PABLLO VITTAR,7000.0,MEDIAS CASAS,TEATRO E CASA DE ESPETACULOS,-23.6475,-46.7239,6tzRZ39aZlNqlUzQlkuhDV,"BRAZILIAN POP, FUNK POP, TECNOBREGA",67.0,4399492.0,https://i.scdn.co/image/ab6761610000e5eb1a476094be457f065c87b7e8,GENRE_1,False,False
562,Pabllo Vittar,2024-01-19,2024,VIBRA SAO PAULO,PABLLO VITTAR,7000.0,MEDIAS CASAS,TEATRO E CASA DE ESPETACULOS,-23.6475,-46.7239,6tzRZ39aZlNqlUzQlkuhDV,"BRAZILIAN POP, FUNK POP, TECNOBREGA",67.0,4399492.0,https://i.scdn.co/image/ab6761610000e5eb1a476094be457f065c87b7e8,GENRE_1,False,False
563,Pabllo Vittar,2024-11-01,2024,VIBRA SAO PAULO,PABLLO VITTAR,7000.0,MEDIAS CASAS,TEATRO E CASA DE ESPETACULOS,-23.6475,-46.7239,6tzRZ39aZlNqlUzQlkuhDV,"BRAZILIAN POP, FUNK POP, TECNOBREGA",67.0,4399492.0,https://i.scdn.co/image/ab6761610000e5eb1a476094be457f065c87b7e8,GENRE_1,False,False
564,Pabllo Vittar,2025-10-25,2025,VIBRA SAO PAULO,PABLLO VITTAR,7000.0,MEDIAS CASAS,TEATRO E CASA DE ESPETACULOS,-23.6475,-46.7239,6tzRZ39aZlNqlUzQlkuhDV,"BRAZILIAN POP, FUNK POP, TECNOBREGA",67.0,4399492.0,https://i.scdn.co/image/ab6761610000e5eb1a476094be457f065c87b7e8,GENRE_1,False,False
565,Pabllo Vittar,2023-06-02,2023,KOMPLEXO TEMPO,PABLLO VITTAR,3000.0,MEDIAS CASAS,CASA DE SHOWS,-23.57034,-46.60027,6tzRZ39aZlNqlUzQlkuhDV,"BRAZILIAN POP, FUNK POP, TECNOBREGA",67.0,4399492.0,https://i.scdn.co/image/ab6761610000e5eb1a476094be457f065c87b7e8,GENRE_1,False,False
566,Jack Harlow,2022-03-25,2022,AUTODROMO DE INTERLAGOS,JACK HARLOW,100000.0,ARENAS E ESTADIOS,AREA EXTERNA PARA EVENTOS,-23.7000,-46.6972,2LIk90788K0zvyj2JJVwkJ,0,76.0,4368889.0,https://i.scdn.co/image/ab6761610000e5ebb645c02cfa05103299775097,LETTER_1,LOLLAPALOOZA,THE STROKES
567,Jackson Wang,2023-05-15,2023,ESPACO UNIMED,JACKSON WANG,8000.0,MEDIAS CASAS,CASA DE SHOWS,-23.52812,-46.66805,1kfWoWgCugPkyxQP8lkRlY,K-POP,62.0,4293204.0,https://i.scdn.co/image/ab6761610000e5eb696194c84834e1c1782958c3,LETTER_1,False,False
568,Kayblack,2023-09-02,2023,AUTODROMO DE INTERLAGOS,KAYBLACK,100000.0,ARENAS E ESTADIOS,AREA EXTERNA PARA EVENTOS,-23.7000,-46.6972,2h5Ha0ZiMFmOQD3iYcSXsy,"BRAZILIAN TRAP, TRAP FUNK, TRAP, BRAZILIAN HIP HOP",72.0,4290289.0,https://i.scdn.co/image/ab6761610000e5eba52eb8324be9da54c529d78f,LETTER_1,THE TOWN,"POST MALONE, DEMI LOVATO"
569,Kayblack,2023-09-02,2023,AUTODROMO DE INTERLAGOS,KAYBLACK,100000.0,ARENAS E ESTADIOS,AREA EXTERNA PARA EVENTOS,-23.7000,-46.6972,2h5Ha0ZiMFmOQD3iYcSXsy,"BRAZILIAN TRAP, TRAP FUNK, TRAP, BRAZILIAN HIP HOP",72.0,4290289.0,https://i.scdn.co/image/ab6761610000e5eba52eb8324be9da54c529d78f,LETTER_1,THE TOWN,"POST MALONE, DEMI LOVATO"
570,Kayblack,2023-09-02,2023,AUTODROMO DE INTERLAGOS,KAYBLACK,100000.0,ARENAS E ESTADIOS,AREA EXTERNA PARA EVENTOS,-23.7000,-46.6972,2h5Ha0ZiMFmOQD3iYcSXsy,"BRAZILIAN TRAP, TRAP FUNK, TRAP, BRAZILIAN HIP HOP",72.0,4290289.0,https://i.scdn.co/image/ab6761610000e5eba52eb8324be9da54c529d78f,LETTER_1,THE TOWN,"POST MALONE, DEMI LOVATO"
571,Kayblack,2025-09-12,2025,AUTODROMO DE INTERLAGOS,KAYBLACK,100000.0,ARENAS E ESTADIOS,AREA EXTERNA PARA EVENTOS,-23.7000,-46.6972,2h5Ha0ZiMFmOQD3iYcSXsy,"BRAZILIAN TRAP, TRAP FUNK, TRAP, BRAZILIAN HIP HOP",72.0,4290289.0,https://i.scdn.co/image/ab6761610000e5eba52eb8324be9da54c529d78f,LETTER_1,THE TOWN,BACKSTREET BOYS
572,Kayblack,2025-09-12,2025,AUTODROMO DE INTERLAGOS,KAYBLACK,100000.0,ARENAS E ESTADIOS,AREA EXTERNA PARA EVENTOS,-23.7000,-46.6972,2h5Ha0ZiMFmOQD3iYcSXsy,"BRAZILIAN TRAP, TRAP FUNK, TRAP, BRAZILIAN HIP HOP",72.0,4290289.0,https://i.scdn.co/image/ab6761610000e5eba52eb8324be9da54c529d78f,LETTER_1,THE TOWN,BACKSTREET BOYS
573,Kayblack,2025-09-12,2025,AUTODROMO DE INTERLAGOS,KAYBLACK,100000.0,ARENAS E ESTADIOS,AREA EXTERNA PARA EVENTOS,-23.7000,-46.6972,2h5Ha0ZiMFmOQD3iYcSXsy,"BRAZILIAN TRAP, TRAP FUNK, TRAP, BRAZILIAN HIP HOP",72.0,4290289.0,https://i.scdn.co/image/ab6761610000e5eba52eb8324be9da54c529d78f,LETTER_1,THE TOWN,BACKSTREET BOYS
574,Baco Exu do Blues,2022-03-12,2022,AUDIO,BACO EXU DO BLUES,3200.0,MEDIAS CASAS,CASA DE SHOWS,-23.52822,-46.66968,78nr1pVnDR7qZH6QbVMYZf,"BRAZILIAN HIP HOP, BRAZILIAN TRAP",70.0,4271052.0,https://i.scdn.co/image/ab6761610000e5ebca03bdb105d972069aea55d4,LETTER_1,False,False
575,Baco Exu do Blues,2022-03-12,2022,AUDIO,BACO EXU DO BLUES,3200.0,MEDIAS CASAS,CASA DE SHOWS,-23.52822,-46.66968,78nr1pVnDR7qZH6QbVMYZf,"BRAZILIAN HIP HOP, BRAZILIAN TRAP",70.0,4271052.0,https://i.scdn.co/image/ab6761610000e5ebca03bdb105d972069aea55d4,LETTER_1,False,False
576,Baco Exu do Blues,2022-03-12,2022,AUDIO,BACO EXU DO BLUES,3200.0,MEDIAS CASAS,CASA DE SHOWS,-23.52822,-46.66968,78nr1pVnDR7qZH6QbVMYZf,"BRAZILIAN HIP HOP, BRAZILIAN TRAP",70.0,4271052.0,https://i.scdn.co/image/ab6761610000e5ebca03bdb105d972069aea55d4,LETTER_1,False,False
577,Baco Exu do Blues,2022-03-12,2022,AUDIO,BACO EXU DO BLUES,3200.0,MEDIAS CASAS,CASA DE SHOWS,-23.52822,-46.66968,78nr1pVnDR7qZH6QbVMYZf,"BRAZILIAN HIP HOP, BRAZILIAN TRAP",70.0,4271052.0,https://i.scdn.co/image/ab6761610000e5ebca03bdb105d972069aea55d4,LETTER_1,False,False
578,Baco Exu do Blues,2022-03-12,2022,AUDIO,BACO EXU DO BLUES,3200.0,MEDIAS CASAS,CASA DE SHOWS,-23.52822,-46.66968,78nr1pVnDR7qZH6QbVMYZf,"BRAZILIAN HIP HOP, BRAZILIAN TRAP",70.0,4271052.0,https://i.scdn.co/image/ab6761610000e5ebca03bdb105d972069aea55d4,LETTER_1,False,False
579,Baco Exu do Blues,2022-09-23,2022,AUDIO,BACO EXU DO BLUES,3200.0,MEDIAS CASAS,CASA DE SHOWS,-23.52822,-46.66968,78nr1pVnDR7qZH6QbVMYZf,"BRAZILIAN HIP HOP, BRAZILIAN TRAP",70.0,4271052.0,https://i.scdn.co/image/ab6761610000e5ebca03bdb105d972069aea55d4,LETTER_1,False,False
580,Baco Exu do Blues,2022-09-23,2022,AUDIO,BACO EXU DO BLUES,3200.0,MEDIAS CASAS,CASA DE SHOWS,-23.52822,-46.66968,78nr1pVnDR7qZH6QbVMYZf,"BRAZILIAN HIP HOP, BRAZILIAN TRAP",70.0,4271052.0,https://i.scdn.co/image/ab6761610000e5ebca03bdb105d972069aea55d4,LETTER_1,False,False
581,Baco Exu do Blues,2022-09-23,2022,AUDIO,BACO EXU DO BLUES,3200.0,MEDIAS CASAS,CASA DE SHOWS,-23.52822,-46.66968,78nr1pVnDR7qZH6QbVMYZf,"BRAZILIAN HIP HOP, BRAZILIAN TRAP",70.0,4271052.0,https://i.scdn.co/image/ab6761610000e5ebca03bdb105d972069aea55d4,LETTER_1,False,False
582,Baco Exu do Blues,2022-09-23,2022,AUDIO,BACO EXU DO BLUES,3200.0,MEDIAS CASAS,CASA DE SHOWS,-23.52822,-46.66968,78nr1pVnDR7qZH6QbVMYZf,"BRAZILIAN HIP HOP, BRAZILIAN TRAP",70.0,4271052.0,https://i.scdn.co/image/ab6761610000e5ebca03bdb105d972069aea55d4,LETTER_1,False,False
583,Baco Exu do Blues,2022-09-23,2022,AUDIO,BACO EXU DO BLUES,3200.0,MEDIAS CASAS,CASA DE SHOWS,-23.52822,-46.66968,78nr1pVnDR7qZH6QbVMYZf,"BRAZILIAN HIP HOP, BRAZILIAN TRAP",70.0,4271052.0,https://i.scdn.co/image/ab6761610000e5ebca03bdb105d972069aea55d4,LETTER_1,False,False
584,Baco Exu do Blues,2023-03-26,2023,AUTODROMO DE INTERLAGOS,BACO EXU DO BLUES,100000.0,ARENAS E ESTADIOS,AREA EXTERNA PARA EVENTOS,-23.7000,-46.6972,78nr1pVnDR7qZH6QbVMYZf,"BRAZILIAN HIP HOP, BRAZILIAN TRAP",70.0,4271052.0,https://i.scdn.co/image/ab6761610000e5ebca03bdb105d972069aea55d4,LETTER_1,LOLLAPALOOZA,"DRAKE, ROSALIA"
585,Baco Exu do Blues,2023-03-26,2023,AUTODROMO DE INTERLAGOS,BACO EXU DO BLUES,100000.0,ARENAS E ESTADIOS,AREA EXTERNA PARA EVENTOS,-23.7000,-46.6972,78nr1pVnDR7qZH6QbVMYZf,"BRAZILIAN HIP HOP, BRAZILIAN TRAP",70.0,4271052.0,https://i.scdn.co/image/ab6761610000e5ebca03bdb105d972069aea55d4,LETTER_1,LOLLAPALOOZA,"DRAKE, ROSALIA"
586,Baco Exu do Blues,2023-03-26,2023,AUTODROMO DE INTERLAGOS,BACO EXU DO BLUES,100000.0,ARENAS E ESTADIOS,AREA EXTERNA PARA EVENTOS,-23.7000,-46.6972,78nr1pVnDR7qZH6QbVMYZf,"BRAZILIAN HIP HOP, BRAZILIAN TRAP",70.0,4271052.0,https://i.scdn.co/image/ab6761610000e5ebca03bdb105d972069aea55d4,LETTER_1,LOLLAPALOOZA,"DRAKE, ROSALIA"
587,Baco Exu do Blues,2023-03-26,2023,AUTODROMO DE INTERLAGOS,BACO EXU DO BLUES,100000.0,ARENAS E ESTADIOS,AREA EXTERNA PARA EVENTOS,-23.7000,-46.6972,78nr1pVnDR7qZH6QbVMYZf,"BRAZILIAN HIP HOP, BRAZILIAN TRAP",70.0,4271052.0,https://i.scdn.co/image/ab6761610000e5ebca03bdb105d972069aea55d4,LETTER_1,LOLLAPALOOZA,"DRAKE, ROSALIA"
588,Baco Exu do Blues,2023-03-26,2023,AUTODROMO DE INTERLAGOS,BACO EXU DO BLUES,100000.0,ARENAS E ESTADIOS,AREA EXTERNA PARA EVENTOS,-23.7000,-46.6972,78nr1pVnDR7qZH6QbVMYZf,"BRAZILIAN HIP HOP, BRAZILIAN TRAP",70.0,4271052.0,https://i.scdn.co/image/ab6761610000e5ebca03bdb105d972069aea55d4,LETTER_1,LOLLAPALOOZA,"DRAKE, ROSALIA"
589,Baco Exu do Blues,2023-05-12,2023,ESPACO UNIMED,BACO EXU DO BLUES,8000.0,MEDIAS CASAS,CASA DE SHOWS,-23.52812,-46.66805,78nr1pVnDR7qZH6QbVMYZf,"BRAZILIAN HIP HOP, BRAZILIAN TRAP",70.0,4271052.0,https://i.scdn.co/image/ab6761610000e5ebca03bdb105d972069aea55d4,LETTER_1,False,False
590,Baco Exu do Blues,2023-05-12,2023,ESPACO UNIMED,BACO EXU DO BLUES,8000.0,MEDIAS CASAS,CASA DE SHOWS,-23.52812,-46.66805,78nr1pVnDR7qZH6QbVMYZf,"BRAZILIAN HIP HOP, BRAZILIAN TRAP",70.0,4271052.0,https://i.scdn.co/image/ab6761610000e5ebca03bdb105d972069aea55d4,LETTER_1,False,False
591,Baco Exu do Blues,2023-05-12,2023,ESPACO UNIMED,BACO EXU DO BLUES,8000.0,MEDIAS CASAS,CASA DE SHOWS,-23.52812,-46.66805,78nr1pVnDR7qZH6QbVMYZf,"BRAZILIAN HIP HOP, BRAZILIAN TRAP",70.0,4271052.0,https://i.scdn.co/image/ab6761610000e5ebca03bdb105d972069aea55d4,LETTER_1,False,False
592,Baco Exu do Blues,2023-05-12,2023,ESPACO UNIMED,BACO EXU DO BLUES,8000.0,MEDIAS CASAS,CASA DE SHOWS,-23.52812,-46.66805,78nr1pVnDR7qZH6QbVMYZf,"BRAZILIAN HIP HOP, BRAZILIAN TRAP",70.0,4271052.0,https://i.scdn.co/image/ab6761610000e5ebca03bdb105d972069aea55d4,LETTER_1,False,False
593,Baco Exu do Blues,2023-05-12,2023,ESPACO UNIMED,BACO EXU DO BLUES,8000.0,MEDIAS CASAS,CASA DE SHOWS,-23.52812,-46.66805,78nr1pVnDR7qZH6QbVMYZf,"BRAZILIAN HIP HOP, BRAZILIAN TRAP",70.0,4271052.0,https://i.scdn.co/image/ab6761610000e5ebca03bdb105d972069aea55d4,LETTER_1,False,False
594,Baco Exu do Blues,2024-01-26,2024,ESPACO UNIMED,BACO EXU DO BLUES,8000.0,MEDIAS CASAS,CASA DE SHOWS,-23.52812,-46.66805,78nr1pVnDR7qZH6QbVMYZf,"BRAZILIAN HIP HOP, BRAZILIAN TRAP",70.0,4271052.0,https://i.scdn.co/image/ab6761610000e5ebca03bdb105d972069aea55d4,LETTER_1,False,False
595,Baco Exu do Blues,2024-01-26,2024,ESPACO UNIMED,BACO EXU DO BLUES,8000.0,MEDIAS CASAS,CASA DE SHOWS,-23.52812,-46.66805,78nr1pVnDR7qZH6QbVMYZf,"BRAZILIAN HIP HOP, BRAZILIAN TRAP",70.0,4271052.0,https://i.scdn.co/image/ab6761610000e5ebca03bdb105d972069aea55d4,LETTER_1,False,False
596,Baco Exu do Blues,2024-01-26,2024,ESPACO UNIMED,BACO EXU DO BLUES,8000.0,MEDIAS CASAS,CASA DE SHOWS,-23.52812,-46.66805,78nr1pVnDR7qZH6QbVMYZf,"BRAZILIAN HIP HOP, BRAZILIAN TRAP",70.0,4271052.0,https://i.scdn.co/image/ab6761610000e5ebca03bdb105d972069aea55d4,LETTER_1,False,False
597,Baco Exu do Blues,2024-01-26,2024,ESPACO UNIMED,BACO EXU DO BLUES,8000.0,MEDIAS CASAS,CASA DE SHOWS,-23.52812,-46.66805,78nr1pVnDR7qZH6QbVMYZf,"BRAZILIAN HIP HOP, BRAZILIAN TRAP",70.0,4271052.0,https://i.scdn.co/image/ab6761610000e5ebca03bdb105d972069aea55d4,LETTER_1,False,False
598,Baco Exu do Blues,2024-01-26,2024,ESPACO UNIMED,BACO EXU DO BLUES,8000.0,MEDIAS CASAS,CASA DE SHOWS,-23.52812,-46.66805,78nr1pVnDR7qZH6QbVMYZf,"BRAZILIAN HIP HOP, BRAZILIAN TRAP",70.0,4271052.0,https://i.scdn.co/image/ab6761610000e5ebca03bdb105d972069aea55d4,LETTER_1,False,False
599,Baco Exu do Blues,2024-08-30,2024,ESPACO UNIMED,BACO EXU DO BLUES,8000.0,MEDIAS CASAS,CASA DE SHOWS,-23.52812,-46.66805,78nr1pVnDR7qZH6QbVMYZf,"BRAZILIAN HIP HOP, BRAZILIAN TRAP",70.0,4271052.0,https://i.scdn.co/image/ab6761610000e5ebca03bdb105d972069aea55d4,LETTER_1,False,False
600,Baco Exu do Blues,2024-08-30,2024,ESPACO UNIMED,BACO EXU DO BLUES,8000.0,MEDIAS CASAS,CASA DE SHOWS,-23.52812,-46.66805,78nr1pVnDR7qZH6QbVMYZf,"BRAZILIAN HIP HOP, BRAZILIAN TRAP",70.0,4271052.0,https://i.scdn.co/image/ab6761610000e5ebca03bdb105d972069aea55d4,LETTER_1,False,False
601,Baco Exu do Blues,2024-08-30,2024,ESPACO UNIMED,BACO EXU DO BLUES,8000.0,MEDIAS CASAS,CASA DE SHOWS,-23.52812,-46.66805,78nr1pVnDR7qZH6QbVMYZf,"BRAZILIAN HIP HOP, BRAZILIAN TRAP",70.0,4271052.0,https://i.scdn.co/image/ab6761610000e5ebca03bdb105d972069aea55d4,LETTER_1,False,False
602,Baco Exu do Blues,2024-08-30,2024,ESPACO UNIMED,BACO EXU DO BLUES,8000.0,MEDIAS CASAS,CASA DE SHOWS,-23.52812,-46.66805,78nr1pVnDR7qZH6QbVMYZf,"BRAZILIAN HIP HOP, BRAZILIAN TRAP",70.0,4271052.0,https://i.scdn.co/image/ab6761610000e5ebca03bdb105d972069aea55d4,LETTER_1,False,False
603,Baco Exu do Blues,2024-08-30,2024,ESPACO UNIMED,BACO EXU DO BLUES,8000.0,MEDIAS CASAS,CASA DE SHOWS,-23.52812,-46.66805,78nr1pVnDR7qZH6QbVMYZf,"BRAZILIAN HIP HOP, BRAZILIAN TRAP",70.0,4271052.0,https://i.scdn.co/image/ab6761610000e5ebca03bdb105d972069aea55d4,LETTER_1,False,False
604,Baco Exu do Blues,2025-10-31,2025,ESPACO UNIMED,BACO EXU DO BLUES,8000.0,MEDIAS CASAS,CASA DE SHOWS,-23.52812,-46.66805,78nr1pVnDR7qZH6QbVMYZf,"BRAZILIAN HIP HOP, BRAZILIAN TRAP",70.0,4271052.0,https://i.scdn.co/image/ab6761610000e5ebca03bdb105d972069aea55d4,LETTER_1,False,False
605,Baco Exu do Blues,2025-10-31,2025,ESPACO UNIMED,BACO EXU DO BLUES,8000.0,MEDIAS CASAS,CASA DE SHOWS,-23.52812,-46.66805,78nr1pVnDR7qZH6QbVMYZf,"BRAZILIAN HIP HOP, BRAZILIAN TRAP",70.0,4271052.0,https://i.scdn.co/image/ab6761610000e5ebca03bdb105d972069aea55d4,LETTER_1,False,False
606,Baco Exu do Blues,2025-10-31,2025,ESPACO UNIMED,BACO EXU DO BLUES,8000.0,MEDIAS CASAS,CASA DE SHOWS,-23.52812,-46.66805,78nr1pVnDR7qZH6QbVMYZf,"BRAZILIAN HIP HOP, BRAZILIAN TRAP",70.0,4271052.0,https://i.scdn.co/image/ab6761610000e5ebca03bdb105d972069aea55d4,LETTER_1,False,False
607,Baco Exu do Blues,2025-10-31,2025,ESPACO UNIMED,BACO EXU DO BLUES,8000.0,MEDIAS CASAS,CASA DE SHOWS,-23.52812,-46.66805,78nr1pVnDR7qZH6QbVMYZf,"BRAZILIAN HIP HOP, BRAZILIAN TRAP",70.0,4271052.0,https://i.scdn.co/image/ab6761610000e5ebca03bdb105d972069aea55d4,LETTER_1,False,False
608,Baco Exu do Blues,2025-10-31,2025,ESPACO UNIMED,BACO EXU DO BLUES,8000.0,MEDIAS CASAS,CASA DE SHOWS,-23.52812,-46.66805,78nr1pVnDR7qZH6QbVMYZf,"BRAZILIAN HIP HOP, BRAZILIAN TRAP",70.0,4271052.0,https://i.scdn.co/image/ab6761610000e5ebca03bdb105d972069aea55d4,LETTER_1,False,False
609,Thiaguinho,2022-02-26,2022,JOCKEY CLUB,THIAGUINHO,10000.0,MEDIAS CASAS,CENTRO DE EVENTOS,-23.57058,-46.70035,1vppDmG3i5sXf3DJzrK4T1,"PAGODE, SAMBA",73.0,4130633.0,https://i.scdn.co/image/ab6761610000e5eb286d5d78a231f1e78225a48a,LETTER_1,False,False
610,Thiaguinho,2022-02-26,2022,JOCKEY CLUB,THIAGUINHO,10000.0,MEDIAS CASAS,CENTRO DE EVENTOS,-23.57058,-46.70035,1vppDmG3i5sXf3DJzrK4T1,"PAGODE, SAMBA",73.0,4130633.0,https://i.scdn.co/image/ab6761610000e5eb286d5d78a231f1e78225a48a,LETTER_1,False,False
611,Thiaguinho,2022-02-26,2022,JOCKEY CLUB,THIAGUINHO,10000.0,MEDIAS CASAS,CENTRO DE EVENTOS,-23.57058,-46.70035,1vppDmG3i5sXf3DJzrK4T1,"PAGODE, SAMBA",73.0,4130633.0,https://i.scdn.co/image/ab6761610000e5eb286d5d78a231f1e78225a48a,LETTER_1,False,False
612,Thiaguinho,2023-02-18,2023,JOCKEY CLUB,THIAGUINHO,10000.0,MEDIAS CASAS,CENTRO DE EVENTOS,-23.57058,-46.70035,1vppDmG3i5sXf3DJzrK4T1,"PAGODE, SAMBA",73.0,4130633.0,https://i.scdn.co/image/ab6761610000e5eb286d5d78a231f1e78225a48a,LETTER_1,False,False
613,Thiaguinho,2023-02-18,2023,JOCKEY CLUB,THIAGUINHO,10000.0,MEDIAS CASAS,CENTRO DE EVENTOS,-23.57058,-46.70035,1vppDmG3i5sXf3DJzrK4T1,"PAGODE, SAMBA",73.0,4130633.0,https://i.scdn.co/image/ab6761610000e5eb286d5d78a231f1e78225a48a,LETTER_1,False,False
614,Thiaguinho,2023-02-18,2023,JOCKEY CLUB,THIAGUINHO,10000.0,MEDIAS CASAS,CENTRO DE EVENTOS,-23.57058,-46.70035,1vppDmG3i5sXf3DJzrK4T1,"PAGODE, SAMBA",73.0,4130633.0,https://i.scdn.co/image/ab6761610000e5eb286d5d78a231f1e78225a48a,LETTER_1,False,False
615,Thiaguinho,2024-07-06,2024,ESPACO UNIMED,THIAGUINHO,8000.0,MEDIAS CASAS,CASA DE SHOWS,-23.52812,-46.66805,1vppDmG3i5sXf3DJzrK4T1,"PAGODE, SAMBA",73.0,4130633.0,https://i.scdn.co/image/ab6761610000e5eb286d5d78a231f1e78225a48a,LETTER_1,False,False
616,Thiaguinho,2024-07-06,2024,ESPACO UNIMED,THIAGUINHO,8000.0,MEDIAS CASAS,CASA DE SHOWS,-23.52812,-46.66805,1vppDmG3i5sXf3DJzrK4T1,"PAGODE, SAMBA",73.0,4130633.0,https://i.scdn.co/image/ab6761610000e5eb286d5d78a231f1e78225a48a,LETTER_1,False,False
617,Thiaguinho,2024-07-06,2024,ESPACO UNIMED,THIAGUINHO,8000.0,MEDIAS CASAS,CASA DE SHOWS,-23.52812,-46.66805,1vppDmG3i5sXf3DJzrK4T1,"PAGODE, SAMBA",73.0,4130633.0,https://i.scdn.co/image/ab6761610000e5eb286d5d78a231f1e78225a48a,LETTER_1,False,False
618,MC Davi,2024-06-09,2024,ALLIANZ PARQUE,MC DAVI,45000.0,ARENAS E ESTADIOS,ESTADIO MULTIUSO,-23.5276207,-46.6784662,1cYhx7ZOhYoVmnDPb9KMwo,"BRAZILIAN FUNK, FUNK CONSCIENTE, TRAP FUNK",70.0,4061085.0,https://i.scdn.co/image/ab6761610000e5eb489d453e5d9e3835c0dae37e,LETTER_1,False,False
619,MC Davi,2024-06-09,2024,ALLIANZ PARQUE,MC DAVI,45000.0,ARENAS E ESTADIOS,ESTADIO MULTIUSO,-23.5276207,-46.6784662,1cYhx7ZOhYoVmnDPb9KMwo,"BRAZILIAN FUNK, FUNK CONSCIENTE, TRAP FUNK",70.0,4061085.0,https://i.scdn.co/image/ab6761610000e5eb489d453e5d9e3835c0dae37e,LETTER_1,False,False
620,MC Davi,2024-06-09,2024,ALLIANZ PARQUE,MC DAVI,45000.0,ARENAS E ESTADIOS,ESTADIO MULTIUSO,-23.5276207,-46.6784662,1cYhx7ZOhYoVmnDPb9KMwo,"BRAZILIAN FUNK, FUNK CONSCIENTE, TRAP FUNK",70.0,4061085.0,https://i.scdn.co/image/ab6761610000e5eb489d453e5d9e3835c0dae37e,LETTER_1,False,False
621,Jack Johnson,2023-01-18,2023,ESPACO UNIMED,JACK JOHNSON,8000.0,MEDIAS CASAS,CASA DE SHOWS,-23.52812,-46.66805,3GBPw9NK25X1Wt2OUvOwY3,SURF ROCK,75.0,4058321.0,https://i.scdn.co/image/ab6761610000e5eb0bf3ff1eaa4c0d6d664ccc3f,GENRE_1,False,False
622,Alesso,2022-03-27,2022,AUTODROMO DE INTERLAGOS,ALESSO,100000.0,ARENAS E ESTADIOS,AREA EXTERNA PARA EVENTOS,-23.7000,-46.6972,4AVFqumd2ogHFlRbKIjp1t,EDM,73.0,4038796.0,https://i.scdn.co/image/ab6761610000e5eb2828484ea968409a0ea584a6,LETTER_1,LOLLAPALOOZA,FOO FIGHTERS
623,Foster the People,2025-03-30,2025,AUTODROMO DE INTERLAGOS,FOSTER THE PEOPLE,100000.0,ARENAS E ESTADIOS,AREA EXTERNA PARA EVENTOS,-23.7000,-46.6972,7gP3bB2nilZXLfPHJhMdvc,ALTERNATIVE ROCK,71.0,4035584.0,https://i.scdn.co/image/ab6761610000e5eb22b8e662f0cfdddac8ab22bb,GENRE_1,LOLLAPALOOZA,JUSTIN TIMBERLAKE
624,Ludovico Einaudi,2023-03-19,2023,VIBRA SAO PAULO,LUDOVICO EINAUDI,7000.0,MEDIAS CASAS,TEATRO E CASA DE ESPETACULOS,-23.6475,-46.7239,2uFUBdaVGtyMqckSeCl0Qj,"NEOCLASSICAL, CLASSICAL",79.0,4019078.0,https://i.scdn.co/image/ab6761610000e5eb86008946f7c35b22282d7e8c,LETTER_1,False,False
625,Stone Temple Pilots,2023-04-29,2023,MEMORIAL DA AMERICA LATINA,STONE TEMPLE PILOTS,15000.0,GRANDES CASAS,AREA EXTERNA PARA EVENTOS,-23.5274091,-46.6656539,2UazAtjfzqBF0Nho2awK4z,"GRUNGE, ALTERNATIVE ROCK, POST-GRUNGE, ROCK",70.0,4015274.0,https://i.scdn.co/image/ab6761610000e5eb4bb64f87db255d76538b905f,GENRE_1,SUMMER BREEZE BRASIL,"BLIND GUARDIAN, APOCALYPTICA"
626,Stone Temple Pilots,2025-05-22,2025,TERRA SP,STONE TEMPLE PILOTS,6000.0,MEDIAS CASAS,CASA DE SHOWS,-23.6463,-46.7763,2UazAtjfzqBF0Nho2awK4z,"GRUNGE, ALTERNATIVE ROCK, POST-GRUNGE, ROCK",70.0,4015274.0,https://i.scdn.co/image/ab6761610000e5eb4bb64f87db255d76538b905f,GENRE_1,False,False
627,Mari Fernandez,2023-02-11,2023,MEMORIAL DA AMERICA LATINA,MARI FERNANDEZ,15000.0,GRANDES CASAS,AREA EXTERNA PARA EVENTOS,-23.5274091,-46.6656539,0BHm7qbh3ENxvXzkQAG7MP,"PISEIRO, SERTANEJO, FORRO, ARROCHA, AGRONEJO, SERTANEJO UNIVERSITARIO",69.0,4006841.0,https://i.scdn.co/image/ab6761610000e5eb201a17c02717afffbdd19b82,GENRE_1,False,False
628,Mari Fernandez,2023-02-19,2023,JOCKEY CLUB,MARI FERNANDEZ,10000.0,MEDIAS CASAS,CENTRO DE EVENTOS,-23.57058,-46.70035,0BHm7qbh3ENxvXzkQAG7MP,"PISEIRO, SERTANEJO, FORRO, ARROCHA, AGRONEJO, SERTANEJO UNIVERSITARIO",69.0,4006841.0,https://i.scdn.co/image/ab6761610000e5eb201a17c02717afffbdd19b82,GENRE_1,False,False
629,Mari Fernandez,2023-04-30,2023,SAMBODROMO DO ANHEMBI,MARI FERNANDEZ,100000.0,ARENAS E ESTADIOS,AREA EXTERNA PARA EVENTOS,-23.5079,-46.6379,0BHm7qbh3ENxvXzkQAG7MP,"PISEIRO, SERTANEJO, FORRO, ARROCHA, AGRONEJO, SERTANEJO UNIVERSITARIO",69.0,4006841.0,https://i.scdn.co/image/ab6761610000e5eb201a17c02717afffbdd19b82,GENRE_1,False,False
630,Mari Fernandez,2023-08-19,2023,SAMBODROMO DO ANHEMBI,MARI FERNANDEZ,100000.0,ARENAS E ESTADIOS,AREA EXTERNA PARA EVENTOS,-23.5079,-46.6379,0BHm7qbh3ENxvXzkQAG7MP,"PISEIRO, SERTANEJO, FORRO, ARROCHA, AGRONEJO, SERTANEJO UNIVERSITARIO",69.0,4006841.0,https://i.scdn.co/image/ab6761610000e5eb201a17c02717afffbdd19b82,GENRE_1,False,False
631,Mari Fernandez,2022-08-20,2022,DISTRITO ANHEMBI,MARI FERNANDEZ,35000.0,GRANDES CASAS,AREA EXTERNA PARA EVENTOS,-23.51611,-46.64320,0BHm7qbh3ENxvXzkQAG7MP,"PISEIRO, SERTANEJO, FORRO, ARROCHA, AGRONEJO, SERTANEJO UNIVERSITARIO",69.0,4006841.0,https://i.scdn.co/image/ab6761610000e5eb201a17c02717afffbdd19b82,GENRE_1,False,False
632,Thirty Seconds to Mars,2024-03-23,2024,AUTODROMO DE INTERLAGOS,THIRTY SECONDS TO MARS,100000.0,ARENAS E ESTADIOS,AREA EXTERNA PARA EVENTOS,-23.7000,-46.6972,0RqtSIYZmd4fiBKVFqyIqD,ALTERNATIVE ROCK,68.0,3990974.0,https://i.scdn.co/image/ab6761610000e5eb5307a8a358283efe769d9c2a,GENRE_1,LOLLAPALOOZA,"KINGS OF LEON, LIMP BIZKIT"
633,Pierce the Veil,2023-04-09,2023,AUDIO,PIERCE THE VEIL,3200.0,MEDIAS CASAS,CASA DE SHOWS,-23.52822,-46.66968,4iJLPqClelZOBCBifm8Fzv,"EMO, SCREAMO, POST-HARDCORE",77.0,3970992.0,https://i.scdn.co/image/ab6761610000e5eb6f8f8d13be17bf486219edc7,LETTER_2,False,False
634,Pierce the Veil,2024-03-23,2024,AUTODROMO DE INTERLAGOS,PIERCE THE VEIL,100000.0,ARENAS E ESTADIOS,AREA EXTERNA PARA EVENTOS,-23.7000,-46.6972,4iJLPqClelZOBCBifm8Fzv,"EMO, SCREAMO, POST-HARDCORE",77.0,3970992.0,https://i.scdn.co/image/ab6761610000e5eb6f8f8d13be17bf486219edc7,LETTER_2,LOLLAPALOOZA,"KINGS OF LEON, LIMP BIZKIT"
635,Swedish House Mafia,2023-11-04,2023,ALLIANZ PARQUE,SWEDISH HOUSE MAFIA,45000.0,ARENAS E ESTADIOS,ESTADIO MULTIUSO,-23.5276207,-46.6784662,1h6Cn3P4NGzXbaXidqURXs,EDM,77.0,3964913.0,https://i.scdn.co/image/ab6761610000e5eb1c6b826381f6866024047bf8,LETTER_1,False,False
636,Keane,2024-11-09,2024,ESPACO UNIMED,KEANE,8000.0,MEDIAS CASAS,CASA DE SHOWS,-23.52812,-46.66805,53A0W3U0s8diEn9RhXQhVz,ROCK,75.0,3944679.0,https://i.scdn.co/image/ab6761610000e5eb92f6dba2793814a1c5aa8d35,GENRE_1,False,False
637,Simple Plan,2024-03-02,2024,ALLIANZ PARQUE,SIMPLE PLAN,45000.0,ARENAS E ESTADIOS,ESTADIO MULTIUSO,-23.5276207,-46.6784662,2p4FqHnazRucYQHyDCdBrJ,"POP PUNK, PUNK, EMO",69.0,3936790.0,https://i.scdn.co/image/ab6761610000e5ebf8a6c76b696c37d752a6797e,GENRE_2,I WANNA BE TOUR,SIMPLE PLAN
638,Simple Plan,2024-03-01,2024,VIBRA SAO PAULO,SIMPLE PLAN,7000.0,MEDIAS CASAS,TEATRO E CASA DE ESPETACULOS,-23.6475,-46.7239,2p4FqHnazRucYQHyDCdBrJ,"POP PUNK, PUNK, EMO",69.0,3936790.0,https://i.scdn.co/image/ab6761610000e5ebf8a6c76b696c37d752a6797e,GENRE_2,False,False
639,Eduardo Costa,2022-12-10,2022,ALLIANZ PARQUE,EDUARDO COSTA,45000.0,ARENAS E ESTADIOS,ESTADIO MULTIUSO,-23.5276207,-46.6784662,2OUgs5INWK2UEvZ6amWiJr,"SERTANEJO TRADICIONAL, SERTANEJO, SERTANEJO UNIVERSITARIO",70.0,3931413.0,https://i.scdn.co/image/ab6761610000e5eb724c358805e181037758f986,LETTER_1,False,False
640,Turma do Pagode,2024-06-09,2024,ALLIANZ PARQUE,TURMA DO PAGODE,45000.0,ARENAS E ESTADIOS,ESTADIO MULTIUSO,-23.5276207,-46.6784662,5JG9GISYjRLQUJMH2C6iJ5,"PAGODE, SAMBA",72.0,3930286.0,https://i.scdn.co/image/ab6761610000e5ebd1152a6c6b63470d024ece42,LETTER_1,False,False
641,Turma do Pagode,2022-05-28,2022,SAO PAULO EXPO,TURMA DO PAGODE,100000.0,ARENAS E ESTADIOS,CENTRO DE EXPOSICOES,-23.64595,-46.62967,5JG9GISYjRLQUJMH2C6iJ5,"PAGODE, SAMBA",72.0,3930286.0,https://i.scdn.co/image/ab6761610000e5ebd1152a6c6b63470d024ece42,LETTER_1,False,False
642,Turma do Pagode,2025-05-31,2025,VIBRA SAO PAULO,TURMA DO PAGODE,7000.0,MEDIAS CASAS,TEATRO E CASA DE ESPETACULOS,-23.6475,-46.7239,5JG9GISYjRLQUJMH2C6iJ5,"PAGODE, SAMBA",72.0,3930286.0,https://i.scdn.co/image/ab6761610000e5ebd1152a6c6b63470d024ece42,LETTER_1,False,False
643,The Marías,2025-03-29,2025,AUTODROMO DE INTERLAGOS,THE MARIAS,100000.0,ARENAS E ESTADIOS,AREA EXTERNA PARA EVENTOS,-23.7000,-46.6972,2sSGPbdZJkaSE2AbcGOACx,BEDROOM POP,84.0,3905040.0,https://i.scdn.co/image/ab6761610000e5ebaf586afa2b397f1288683a76,GENRE_2,LOLLAPALOOZA,SHAWN MENDES
644,Sorriso Maroto,2022-04-03,2022,EXPO BARRA FUNDA,SORRISO MAROTO,5000.0,MEDIAS CASAS,CENTRO DE EVENTOS,-23.52699,-46.66954,1fUSLFr4WUBx7joEcGwpvG,"PAGODE, SAMBA",76.0,3878792.0,https://i.scdn.co/image/ab6761610000e5eb3c7fd92646cae6da47d7f092,LETTER_1,False,False
645,Foreigner,2025-05-10,2025,ESPACO UNIMED,FOREIGNER,8000.0,MEDIAS CASAS,CASA DE SHOWS,-23.52812,-46.66805,6IRouO5mvvfcyxtPDKMYFN,"AOR, CLASSIC ROCK",73.0,3863411.0,https://i.scdn.co/image/ab6761610000e5eb8a23eb82ac13bfc05ccc3b5e,GENRE_1,False,False
646,NATTAN,2022-05-21,2022,ARENA ANHEMBI,NATTAN,30000.0,GRANDES CASAS,AREA EXTERNA PARA EVENTOS,-23.51611,-46.64320,1SXhEXzOTF7YeuQX59m7pT,"PISEIRO, FORRO, SERTANEJO, ARROCHA, BREGA, SERESTA",74.0,3808307.0,https://i.scdn.co/image/ab6761610000e5eb9239e9fe9e24fbc33ea7a9fd,GENRE_1,False,False
647,NATTAN,2023-02-18,2023,JOCKEY CLUB,NATTAN,10000.0,MEDIAS CASAS,CENTRO DE EVENTOS,-23.57058,-46.70035,1SXhEXzOTF7YeuQX59m7pT,"PISEIRO, FORRO, SERTANEJO, ARROCHA, BREGA, SERESTA",74.0,3808307.0,https://i.scdn.co/image/ab6761610000e5eb9239e9fe9e24fbc33ea7a9fd,GENRE_1,False,False
648,NATTAN,2023-04-30,2023,SAMBODROMO DO ANHEMBI,NATTAN,100000.0,ARENAS E ESTADIOS,AREA EXTERNA PARA EVENTOS,-23.5079,-46.6379,1SXhEXzOTF7YeuQX59m7pT,"PISEIRO, FORRO, SERTANEJO, ARROCHA, BREGA, SERESTA",74.0,3808307.0,https://i.scdn.co/image/ab6761610000e5eb9239e9fe9e24fbc33ea7a9fd,GENRE_1,False,False
649,NATTAN,2024-08-17,2024,DISTRITO ANHEMBI,NATTAN,35000.0,GRANDES CASAS,AREA EXTERNA PARA EVENTOS,-23.51611,-46.64320,1SXhEXzOTF7YeuQX59m7pT,"PISEIRO, FORRO, SERTANEJO, ARROCHA, BREGA, SERESTA",74.0,3808307.0,https://i.scdn.co/image/ab6761610000e5eb9239e9fe9e24fbc33ea7a9fd,GENRE_1,False,False
650,Gloria Groove,2022-02-10,2022,AUDIO,GLORIA GROOVE,3200.0,MEDIAS CASAS,CASA DE SHOWS,-23.52822,-46.66968,7rXMvXRnWHaSwnVvPeUUfw,"BRAZILIAN POP, FUNK POP, PAGODE, BRAZILIAN FUNK",67.0,3807906.0,https://i.scdn.co/image/ab6761610000e5ebaad09ce7fdb0906a834a204e,GENRE_1,False,False
651,Gloria Groove,2022-02-10,2022,AUDIO,GLORIA GROOVE,3200.0,MEDIAS CASAS,CASA DE SHOWS,-23.52822,-46.66968,7rXMvXRnWHaSwnVvPeUUfw,"BRAZILIAN POP, FUNK POP, PAGODE, BRAZILIAN FUNK",67.0,3807906.0,https://i.scdn.co/image/ab6761610000e5ebaad09ce7fdb0906a834a204e,GENRE_1,False,False
652,Gloria Groove,2022-02-10,2022,AUDIO,GLORIA GROOVE,3200.0,MEDIAS CASAS,CASA DE SHOWS,-23.52822,-46.66968,7rXMvXRnWHaSwnVvPeUUfw,"BRAZILIAN POP, FUNK POP, PAGODE, BRAZILIAN FUNK",67.0,3807906.0,https://i.scdn.co/image/ab6761610000e5ebaad09ce7fdb0906a834a204e,GENRE_1,False,False
653,Gloria Groove,2022-02-10,2022,AUDIO,GLORIA GROOVE,3200.0,MEDIAS CASAS,CASA DE SHOWS,-23.52822,-46.66968,7rXMvXRnWHaSwnVvPeUUfw,"BRAZILIAN POP, FUNK POP, PAGODE, BRAZILIAN FUNK",67.0,3807906.0,https://i.scdn.co/image/ab6761610000e5ebaad09ce7fdb0906a834a204e,GENRE_1,False,False
654,Gloria Groove,2022-02-10,2022,AUDIO,GLORIA GROOVE,3200.0,MEDIAS CASAS,CASA DE SHOWS,-23.52822,-46.66968,7rXMvXRnWHaSwnVvPeUUfw,"BRAZILIAN POP, FUNK POP, PAGODE, BRAZILIAN FUNK",67.0,3807906.0,https://i.scdn.co/image/ab6761610000e5ebaad09ce7fdb0906a834a204e,GENRE_1,False,False
655,Gloria Groove,2022-02-10,2022,AUDIO,GLORIA GROOVE,3200.0,MEDIAS CASAS,CASA DE SHOWS,-23.52822,-46.66968,7rXMvXRnWHaSwnVvPeUUfw,"BRAZILIAN POP, FUNK POP, PAGODE, BRAZILIAN FUNK",67.0,3807906.0,https://i.scdn.co/image/ab6761610000e5ebaad09ce7fdb0906a834a204e,GENRE_1,False,False
656,Gloria Groove,2022-02-10,2022,AUDIO,GLORIA GROOVE,3200.0,MEDIAS CASAS,CASA DE SHOWS,-23.52822,-46.66968,7rXMvXRnWHaSwnVvPeUUfw,"BRAZILIAN POP, FUNK POP, PAGODE, BRAZILIAN FUNK",67.0,3807906.0,https://i.scdn.co/image/ab6761610000e5ebaad09ce7fdb0906a834a204e,GENRE_1,False,False
657,Gloria Groove,2022-02-10,2022,AUDIO,GLORIA GROOVE,3200.0,MEDIAS CASAS,CASA DE SHOWS,-23.52822,-46.66968,7rXMvXRnWHaSwnVvPeUUfw,"BRAZILIAN POP, FUNK POP, PAGODE, BRAZILIAN FUNK",67.0,3807906.0,https://i.scdn.co/image/ab6761610000e5ebaad09ce7fdb0906a834a204e,GENRE_1,False,False
658,Gloria Groove,2022-03-01,2022,ESPACO DAS AMERICAS,GLORIA GROOVE,8000.0,MEDIAS CASAS,CASA DE SHOWS,-23.5156,-46.6820,7rXMvXRnWHaSwnVvPeUUfw,"BRAZILIAN POP, FUNK POP, PAGODE, BRAZILIAN FUNK",67.0,3807906.0,https://i.scdn.co/image/ab6761610000e5ebaad09ce7fdb0906a834a204e,GENRE_1,False,False
659,Gloria Groove,2022-03-01,2022,ESPACO DAS AMERICAS,GLORIA GROOVE,8000.0,MEDIAS CASAS,CASA DE SHOWS,-23.5156,-46.6820,7rXMvXRnWHaSwnVvPeUUfw,"BRAZILIAN POP, FUNK POP, PAGODE, BRAZILIAN FUNK",67.0,3807906.0,https://i.scdn.co/image/ab6761610000e5ebaad09ce7fdb0906a834a204e,GENRE_1,False,False
660,Gloria Groove,2022-03-01,2022,ESPACO DAS AMERICAS,GLORIA GROOVE,8000.0,MEDIAS CASAS,CASA DE SHOWS,-23.5156,-46.6820,7rXMvXRnWHaSwnVvPeUUfw,"BRAZILIAN POP, FUNK POP, PAGODE, BRAZILIAN FUNK",67.0,3807906.0,https://i.scdn.co/image/ab6761610000e5ebaad09ce7fdb0906a834a204e,GENRE_1,False,False
661,Gloria Groove,2022-03-01,2022,ESPACO DAS AMERICAS,GLORIA GROOVE,8000.0,MEDIAS CASAS,CASA DE SHOWS,-23.5156,-46.6820,7rXMvXRnWHaSwnVvPeUUfw,"BRAZILIAN POP, FUNK POP, PAGODE, BRAZILIAN FUNK",67.0,3807906.0,https://i.scdn.co/image/ab6761610000e5ebaad09ce7fdb0906a834a204e,GENRE_1,False,False
662,Gloria Groove,2022-03-01,2022,ESPACO DAS AMERICAS,GLORIA GROOVE,8000.0,MEDIAS CASAS,CASA DE SHOWS,-23.5156,-46.6820,7rXMvXRnWHaSwnVvPeUUfw,"BRAZILIAN POP, FUNK POP, PAGODE, BRAZILIAN FUNK",67.0,3807906.0,https://i.scdn.co/image/ab6761610000e5ebaad09ce7fdb0906a834a204e,GENRE_1,False,False
663,Gloria Groove,2022-03-01,2022,ESPACO DAS AMERICAS,GLORIA GROOVE,8000.0,MEDIAS CASAS,CASA DE SHOWS,-23.5156,-46.6820,7rXMvXRnWHaSwnVvPeUUfw,"BRAZILIAN POP, FUNK POP, PAGODE, BRAZILIAN FUNK",67.0,3807906.0,https://i.scdn.co/image/ab6761610000e5ebaad09ce7fdb0906a834a204e,GENRE_1,False,False
664,Gloria Groove,2022-03-01,2022,ESPACO DAS AMERICAS,GLORIA GROOVE,8000.0,MEDIAS CASAS,CASA DE SHOWS,-23.5156,-46.6820,7rXMvXRnWHaSwnVvPeUUfw,"BRAZILIAN POP, FUNK POP, PAGODE, BRAZILIAN FUNK",67.0,3807906.0,https://i.scdn.co/image/ab6761610000e5ebaad09ce7fdb0906a834a204e,GENRE_1,False,False
665,Gloria Groove,2022-03-01,2022,ESPACO DAS AMERICAS,GLORIA GROOVE,8000.0,MEDIAS CASAS,CASA DE SHOWS,-23.5156,-46.6820,7rXMvXRnWHaSwnVvPeUUfw,"BRAZILIAN POP, FUNK POP, PAGODE, BRAZILIAN FUNK",67.0,3807906.0,https://i.scdn.co/image/ab6761610000e5ebaad09ce7fdb0906a834a204e,GENRE_1,False,False
666,Gloria Groove,2022-03-27,2022,AUTODROMO DE INTERLAGOS,GLORIA GROOVE,100000.0,ARENAS E ESTADIOS,AREA EXTERNA PARA EVENTOS,-23.7000,-46.6972,7rXMvXRnWHaSwnVvPeUUfw,"BRAZILIAN POP, FUNK POP, PAGODE, BRAZILIAN FUNK",67.0,3807906.0,https://i.scdn.co/image/ab6761610000e5ebaad09ce7fdb0906a834a204e,GENRE_1,LOLLAPALOOZA,FOO FIGHTERS
667,Gloria Groove,2022-03-27,2022,AUTODROMO DE INTERLAGOS,GLORIA GROOVE,100000.0,ARENAS E ESTADIOS,AREA EXTERNA PARA EVENTOS,-23.7000,-46.6972,7rXMvXRnWHaSwnVvPeUUfw,"BRAZILIAN POP, FUNK POP, PAGODE, BRAZILIAN FUNK",67.0,3807906.0,https://i.scdn.co/image/ab6761610000e5ebaad09ce7fdb0906a834a204e,GENRE_1,LOLLAPALOOZA,FOO FIGHTERS
668,Gloria Groove,2022-03-27,2022,AUTODROMO DE INTERLAGOS,GLORIA GROOVE,100000.0,ARENAS E ESTADIOS,AREA EXTERNA PARA EVENTOS,-23.7000,-46.6972,7rXMvXRnWHaSwnVvPeUUfw,"BRAZILIAN POP, FUNK POP, PAGODE, BRAZILIAN FUNK",67.0,3807906.0,https://i.scdn.co/image/ab6761610000e5ebaad09ce7fdb0906a834a204e,GENRE_1,LOLLAPALOOZA,FOO FIGHTERS
669,Gloria Groove,2022-03-27,2022,AUTODROMO DE INTERLAGOS,GLORIA GROOVE,100000.0,ARENAS E ESTADIOS,AREA EXTERNA PARA EVENTOS,-23.7000,-46.6972,7rXMvXRnWHaSwnVvPeUUfw,"BRAZILIAN POP, FUNK POP, PAGODE, BRAZILIAN FUNK",67.0,3807906.0,https://i.scdn.co/image/ab6761610000e5ebaad09ce7fdb0906a834a204e,GENRE_1,LOLLAPALOOZA,FOO FIGHTERS
670,Gloria Groove,2022-03-27,2022,AUTODROMO DE INTERLAGOS,GLORIA GROOVE,100000.0,ARENAS E ESTADIOS,AREA EXTERNA PARA EVENTOS,-23.7000,-46.6972,7rXMvXRnWHaSwnVvPeUUfw,"BRAZILIAN POP, FUNK POP, PAGODE, BRAZILIAN FUNK",67.0,3807906.0,https://i.scdn.co/image/ab6761610000e5ebaad09ce7fdb0906a834a204e,GENRE_1,LOLLAPALOOZA,FOO FIGHTERS
671,Gloria Groove,2022-03-27,2022,AUTODROMO DE INTERLAGOS,GLORIA GROOVE,100000.0,ARENAS E ESTADIOS,AREA EXTERNA PARA EVENTOS,-23.7000,-46.6972,7rXMvXRnWHaSwnVvPeUUfw,"BRAZILIAN POP, FUNK POP, PAGODE, BRAZILIAN FUNK",67.0,3807906.0,https://i.scdn.co/image/ab6761610000e5ebaad09ce7fdb0906a834a204e,GENRE_1,LOLLAPALOOZA,FOO FIGHTERS
672,Gloria Groove,2022-03-27,2022,AUTODROMO DE INTERLAGOS,GLORIA GROOVE,100000.0,ARENAS E ESTADIOS,AREA EXTERNA PARA EVENTOS,-23.7000,-46.6972,7rXMvXRnWHaSwnVvPeUUfw,"BRAZILIAN POP, FUNK POP, PAGODE, BRAZILIAN FUNK",67.0,3807906.0,https://i.scdn.co/image/ab6761610000e5ebaad09ce7fdb0906a834a204e,GENRE_1,LOLLAPALOOZA,FOO FIGHTERS
673,Gloria Groove,2022-03-27,2022,AUTODROMO DE INTERLAGOS,GLORIA GROOVE,100000.0,ARENAS E ESTADIOS,AREA EXTERNA PARA EVENTOS,-23.7000,-46.6972,7rXMvXRnWHaSwnVvPeUUfw,"BRAZILIAN POP, FUNK POP, PAGODE, BRAZILIAN FUNK",67.0,3807906.0,https://i.scdn.co/image/ab6761610000e5ebaad09ce7fdb0906a834a204e,GENRE_1,LOLLAPALOOZA,FOO FIGHTERS
674,Gloria Groove,2023-09-10,2023,AUTODROMO DE INTERLAGOS,GLORIA GROOVE,100000.0,ARENAS E ESTADIOS,AREA EXTERNA PARA EVENTOS,-23.7000,-46.6972,7rXMvXRnWHaSwnVvPeUUfw,"BRAZILIAN POP, FUNK POP, PAGODE, BRAZILIAN FUNK",67.0,3807906.0,https://i.scdn.co/image/ab6761610000e5ebaad09ce7fdb0906a834a204e,GENRE_1,THE TOWN,"BRUNO MARS, H.E.R"
675,Gloria Groove,2023-09-10,2023,AUTODROMO DE INTERLAGOS,GLORIA GROOVE,100000.0,ARENAS E ESTADIOS,AREA EXTERNA PARA EVENTOS,-23.7000,-46.6972,7rXMvXRnWHaSwnVvPeUUfw,"BRAZILIAN POP, FUNK POP, PAGODE, BRAZILIAN FUNK",67.0,3807906.0,https://i.scdn.co/image/ab6761610000e5ebaad09ce7fdb0906a834a204e,GENRE_1,THE TOWN,"BRUNO MARS, H.E.R"
676,Gloria Groove,2023-09-10,2023,AUTODROMO DE INTERLAGOS,GLORIA GROOVE,100000.0,ARENAS E ESTADIOS,AREA EXTERNA PARA EVENTOS,-23.7000,-46.6972,7rXMvXRnWHaSwnVvPeUUfw,"BRAZILIAN POP, FUNK POP, PAGODE, BRAZILIAN FUNK",67.0,3807906.0,https://i.scdn.co/image/ab6761610000e5ebaad09ce7fdb0906a834a204e,GENRE_1,THE TOWN,"BRUNO MARS, H.E.R"
677,Gloria Groove,2023-09-10,2023,AUTODROMO DE INTERLAGOS,GLORIA GROOVE,100000.0,ARENAS E ESTADIOS,AREA EXTERNA PARA EVENTOS,-23.7000,-46.6972,7rXMvXRnWHaSwnVvPeUUfw,"BRAZILIAN POP, FUNK POP, PAGODE, BRAZILIAN FUNK",67.0,3807906.0,https://i.scdn.co/image/ab6761610000e5ebaad09ce7fdb0906a834a204e,GENRE_1,THE TOWN,"BRUNO MARS, H.E.R"
678,Gloria Groove,2023-09-10,2023,AUTODROMO DE INTERLAGOS,GLORIA GROOVE,100000.0,ARENAS E ESTADIOS,AREA EXTERNA PARA EVENTOS,-23.7000,-46.6972,7rXMvXRnWHaSwnVvPeUUfw,"BRAZILIAN POP, FUNK POP, PAGODE, BRAZILIAN FUNK",67.0,3807906.0,https://i.scdn.co/image/ab6761610000e5ebaad09ce7fdb0906a834a204e,GENRE_1,THE TOWN,"BRUNO MARS, H.E.R"
679,Gloria Groove,2023-09-10,2023,AUTODROMO DE INTERLAGOS,GLORIA GROOVE,100000.0,ARENAS E ESTADIOS,AREA EXTERNA PARA EVENTOS,-23.7000,-46.6972,7rXMvXRnWHaSwnVvPeUUfw,"BRAZILIAN POP, FUNK POP, PAGODE, BRAZILIAN FUNK",67.0,3807906.0,https://i.scdn.co/image/ab6761610000e5ebaad09ce7fdb0906a834a204e,GENRE_1,THE TOWN,"BRUNO MARS, H.E.R"
680,Gloria Groove,2023-09-10,2023,AUTODROMO DE INTERLAGOS,GLORIA GROOVE,100000.0,ARENAS E ESTADIOS,AREA EXTERNA PARA EVENTOS,-23.7000,-46.6972,7rXMvXRnWHaSwnVvPeUUfw,"BRAZILIAN POP, FUNK POP, PAGODE, BRAZILIAN FUNK",67.0,3807906.0,https://i.scdn.co/image/ab6761610000e5ebaad09ce7fdb0906a834a204e,GENRE_1,THE TOWN,"BRUNO MARS, H.E.R"
681,Gloria Groove,2023-09-10,2023,AUTODROMO DE INTERLAGOS,GLORIA GROOVE,100000.0,ARENAS E ESTADIOS,AREA EXTERNA PARA EVENTOS,-23.7000,-46.6972,7rXMvXRnWHaSwnVvPeUUfw,"BRAZILIAN POP, FUNK POP, PAGODE, BRAZILIAN FUNK",67.0,3807906.0,https://i.scdn.co/image/ab6761610000e5ebaad09ce7fdb0906a834a204e,GENRE_1,THE TOWN,"BRUNO MARS, H.E.R"
682,Gloria Groove,2025-09-13,2025,AUTODROMO DE INTERLAGOS,GLORIA GROOVE,100000.0,ARENAS E ESTADIOS,AREA EXTERNA PARA EVENTOS,-23.7000,-46.6972,7rXMvXRnWHaSwnVvPeUUfw,"BRAZILIAN POP, FUNK POP, PAGODE, BRAZILIAN FUNK",67.0,3807906.0,https://i.scdn.co/image/ab6761610000e5ebaad09ce7fdb0906a834a204e,GENRE_1,THE TOWN,MARIAH CAREY
683,Gloria Groove,2025-09-13,2025,AUTODROMO DE INTERLAGOS,GLORIA GROOVE,100000.0,ARENAS E ESTADIOS,AREA EXTERNA PARA EVENTOS,-23.7000,-46.6972,7rXMvXRnWHaSwnVvPeUUfw,"BRAZILIAN POP, FUNK POP, PAGODE, BRAZILIAN FUNK",67.0,3807906.0,https://i.scdn.co/image/ab6761610000e5ebaad09ce7fdb0906a834a204e,GENRE_1,THE TOWN,MARIAH CAREY
684,Gloria Groove,2025-09-13,2025,AUTODROMO DE INTERLAGOS,GLORIA GROOVE,100000.0,ARENAS E ESTADIOS,AREA EXTERNA PARA EVENTOS,-23.7000,-46.6972,7rXMvXRnWHaSwnVvPeUUfw,"BRAZILIAN POP, FUNK POP, PAGODE, BRAZILIAN FUNK",67.0,3807906.0,https://i.scdn.co/image/ab6761610000e5ebaad09ce7fdb0906a834a204e,GENRE_1,THE TOWN,MARIAH CAREY
685,Gloria Groove,2025-09-13,2025,AUTODROMO DE INTERLAGOS,GLORIA GROOVE,100000.0,ARENAS E ESTADIOS,AREA EXTERNA PARA EVENTOS,-23.7000,-46.6972,7rXMvXRnWHaSwnVvPeUUfw,"BRAZILIAN POP, FUNK POP, PAGODE, BRAZILIAN FUNK",67.0,3807906.0,https://i.scdn.co/image/ab6761610000e5ebaad09ce7fdb0906a834a204e,GENRE_1,THE TOWN,MARIAH CAREY
686,Gloria Groove,2025-09-13,2025,AUTODROMO DE INTERLAGOS,GLORIA GROOVE,100000.0,ARENAS E ESTADIOS,AREA EXTERNA PARA EVENTOS,-23.7000,-46.6972,7rXMvXRnWHaSwnVvPeUUfw,"BRAZILIAN POP, FUNK POP, PAGODE, BRAZILIAN FUNK",67.0,3807906.0,https://i.scdn.co/image/ab6761610000e5ebaad09ce7fdb0906a834a204e,GENRE_1,THE TOWN,MARIAH CAREY
687,Gloria Groove,2025-09-13,2025,AUTODROMO DE INTERLAGOS,GLORIA GROOVE,100000.0,ARENAS E ESTADIOS,AREA EXTERNA PARA EVENTOS,-23.7000,-46.6972,7rXMvXRnWHaSwnVvPeUUfw,"BRAZILIAN POP, FUNK POP, PAGODE, BRAZILIAN FUNK",67.0,3807906.0,https://i.scdn.co/image/ab6761610000e5ebaad09ce7fdb0906a834a204e,GENRE_1,THE TOWN,MARIAH CAREY
688,Gloria Groove,2025-09-13,2025,AUTODROMO DE INTERLAGOS,GLORIA GROOVE,100000.0,ARENAS E ESTADIOS,AREA EXTERNA PARA EVENTOS,-23.7000,-46.6972,7rXMvXRnWHaSwnVvPeUUfw,"BRAZILIAN POP, FUNK POP, PAGODE, BRAZILIAN FUNK",67.0,3807906.0,https://i.scdn.co/image/ab6761610000e5ebaad09ce7fdb0906a834a204e,GENRE_1,THE TOWN,MARIAH CAREY
689,Gloria Groove,2025-09-13,2025,AUTODROMO DE INTERLAGOS,GLORIA GROOVE,100000.0,ARENAS E ESTADIOS,AREA EXTERNA PARA EVENTOS,-23.7000,-46.6972,7rXMvXRnWHaSwnVvPeUUfw,"BRAZILIAN POP, FUNK POP, PAGODE, BRAZILIAN FUNK",67.0,3807906.0,https://i.scdn.co/image/ab6761610000e5ebaad09ce7fdb0906a834a204e,GENRE_1,THE TOWN,MARIAH CAREY
690,Gloria Groove,2022-06-17,2022,ARENA ANHEMBI,GLORIA GROOVE,30000.0,GRANDES CASAS,AREA EXTERNA PARA EVENTOS,-23.51611,-46.64320,7rXMvXRnWHaSwnVvPeUUfw,"BRAZILIAN POP, FUNK POP, PAGODE, BRAZILIAN FUNK",67.0,3807906.0,https://i.scdn.co/image/ab6761610000e5ebaad09ce7fdb0906a834a204e,GENRE_1,False,False
691,Gloria Groove,2022-06-17,2022,ARENA ANHEMBI,GLORIA GROOVE,30000.0,GRANDES CASAS,AREA EXTERNA PARA EVENTOS,-23.51611,-46.64320,7rXMvXRnWHaSwnVvPeUUfw,"BRAZILIAN POP, FUNK POP, PAGODE, BRAZILIAN FUNK",67.0,3807906.0,https://i.scdn.co/image/ab6761610000e5ebaad09ce7fdb0906a834a204e,GENRE_1,False,False
692,Gloria Groove,2022-06-17,2022,ARENA ANHEMBI,GLORIA GROOVE,30000.0,GRANDES CASAS,AREA EXTERNA PARA EVENTOS,-23.51611,-46.64320,7rXMvXRnWHaSwnVvPeUUfw,"BRAZILIAN POP, FUNK POP, PAGODE, BRAZILIAN FUNK",67.0,3807906.0,https://i.scdn.co/image/ab6761610000e5ebaad09ce7fdb0906a834a204e,GENRE_1,False,False
693,Gloria Groove,2022-06-17,2022,ARENA ANHEMBI,GLORIA GROOVE,30000.0,GRANDES CASAS,AREA EXTERNA PARA EVENTOS,-23.51611,-46.64320,7rXMvXRnWHaSwnVvPeUUfw,"BRAZILIAN POP, FUNK POP, PAGODE, BRAZILIAN FUNK",67.0,3807906.0,https://i.scdn.co/image/ab6761610000e5ebaad09ce7fdb0906a834a204e,GENRE_1,False,False
694,Gloria Groove,2022-06-17,2022,ARENA ANHEMBI,GLORIA GROOVE,30000.0,GRANDES CASAS,AREA EXTERNA PARA EVENTOS,-23.51611,-46.64320,7rXMvXRnWHaSwnVvPeUUfw,"BRAZILIAN POP, FUNK POP, PAGODE, BRAZILIAN FUNK",67.0,3807906.0,https://i.scdn.co/image/ab6761610000e5ebaad09ce7fdb0906a834a204e,GENRE_1,False,False
695,Gloria Groove,2022-06-17,2022,ARENA ANHEMBI,GLORIA GROOVE,30000.0,GRANDES CASAS,AREA EXTERNA PARA EVENTOS,-23.51611,-46.64320,7rXMvXRnWHaSwnVvPeUUfw,"BRAZILIAN POP, FUNK POP, PAGODE, BRAZILIAN FUNK",67.0,3807906.0,https://i.scdn.co/image/ab6761610000e5ebaad09ce7fdb0906a834a204e,GENRE_1,False,False
696,Gloria Groove,2022-06-17,2022,ARENA ANHEMBI,GLORIA GROOVE,30000.0,GRANDES CASAS,AREA EXTERNA PARA EVENTOS,-23.51611,-46.64320,7rXMvXRnWHaSwnVvPeUUfw,"BRAZILIAN POP, FUNK POP, PAGODE, BRAZILIAN FUNK",67.0,3807906.0,https://i.scdn.co/image/ab6761610000e5ebaad09ce7fdb0906a834a204e,GENRE_1,False,False
697,Gloria Groove,2022-06-17,2022,ARENA ANHEMBI,GLORIA GROOVE,30000.0,GRANDES CASAS,AREA EXTERNA PARA EVENTOS,-23.51611,-46.64320,7rXMvXRnWHaSwnVvPeUUfw,"BRAZILIAN POP, FUNK POP, PAGODE, BRAZILIAN FUNK",67.0,3807906.0,https://i.scdn.co/image/ab6761610000e5ebaad09ce7fdb0906a834a204e,GENRE_1,False,False
698,Gloria Groove,2023-02-04,2023,ALLIANZ PARQUE,GLORIA GROOVE,45000.0,ARENAS E ESTADIOS,ESTADIO MULTIUSO,-23.5276207,-46.6784662,7rXMvXRnWHaSwnVvPeUUfw,"BRAZILIAN POP, FUNK POP, PAGODE, BRAZILIAN FUNK",67.0,3807906.0,https://i.scdn.co/image/ab6761610000e5ebaad09ce7fdb0906a834a204e,GENRE_1,False,False
699,Gloria Groove,2023-02-04,2023,ALLIANZ PARQUE,GLORIA GROOVE,45000.0,ARENAS E ESTADIOS,ESTADIO MULTIUSO,-23.5276207,-46.6784662,7rXMvXRnWHaSwnVvPeUUfw,"BRAZILIAN POP, FUNK POP, PAGODE, BRAZILIAN FUNK",67.0,3807906.0,https://i.scdn.co/image/ab6761610000e5ebaad09ce7fdb0906a834a204e,GENRE_1,False,False
700,Gloria Groove,2023-02-04,2023,ALLIANZ PARQUE,GLORIA GROOVE,45000.0,ARENAS E ESTADIOS,ESTADIO MULTIUSO,-23.5276207,-46.6784662,7rXMvXRnWHaSwnVvPeUUfw,"BRAZILIAN POP, FUNK POP, PAGODE, BRAZILIAN FUNK",67.0,3807906.0,https://i.scdn.co/image/ab6761610000e5ebaad09ce7fdb0906a834a204e,GENRE_1,False,False
701,Gloria Groove,2023-02-04,2023,ALLIANZ PARQUE,GLORIA GROOVE,45000.0,ARENAS E ESTADIOS,ESTADIO MULTIUSO,-23.5276207,-46.6784662,7rXMvXRnWHaSwnVvPeUUfw,"BRAZILIAN POP, FUNK POP, PAGODE, BRAZILIAN FUNK",67.0,3807906.0,https://i.scdn.co/image/ab6761610000e5ebaad09ce7fdb0906a834a204e,GENRE_1,False,False
702,Gloria Groove,2023-02-04,2023,ALLIANZ PARQUE,GLORIA GROOVE,45000.0,ARENAS E ESTADIOS,ESTADIO MULTIUSO,-23.5276207,-46.6784662,7rXMvXRnWHaSwnVvPeUUfw,"BRAZILIAN POP, FUNK POP, PAGODE, BRAZILIAN FUNK",67.0,3807906.0,https://i.scdn.co/image/ab6761610000e5ebaad09ce7fdb0906a834a204e,GENRE_1,False,False
703,Gloria Groove,2023-02-04,2023,ALLIANZ PARQUE,GLORIA GROOVE,45000.0,ARENAS E ESTADIOS,ESTADIO MULTIUSO,-23.5276207,-46.6784662,7rXMvXRnWHaSwnVvPeUUfw,"BRAZILIAN POP, FUNK POP, PAGODE, BRAZILIAN FUNK",67.0,3807906.0,https://i.scdn.co/image/ab6761610000e5ebaad09ce7fdb0906a834a204e,GENRE_1,False,False
704,Gloria Groove,2023-02-04,2023,ALLIANZ PARQUE,GLORIA GROOVE,45000.0,ARENAS E ESTADIOS,ESTADIO MULTIUSO,-23.5276207,-46.6784662,7rXMvXRnWHaSwnVvPeUUfw,"BRAZILIAN POP, FUNK POP, PAGODE, BRAZILIAN FUNK",67.0,3807906.0,https://i.scdn.co/image/ab6761610000e5ebaad09ce7fdb0906a834a204e,GENRE_1,False,False
705,Gloria Groove,2023-02-04,2023,ALLIANZ PARQUE,GLORIA GROOVE,45000.0,ARENAS E ESTADIOS,ESTADIO MULTIUSO,-23.5276207,-46.6784662,7rXMvXRnWHaSwnVvPeUUfw,"BRAZILIAN POP, FUNK POP, PAGODE, BRAZILIAN FUNK",67.0,3807906.0,https://i.scdn.co/image/ab6761610000e5ebaad09ce7fdb0906a834a204e,GENRE_1,False,False
706,Gloria Groove,2024-01-27,2024,ALLIANZ PARQUE,GLORIA GROOVE,45000.0,ARENAS E ESTADIOS,ESTADIO MULTIUSO,-23.5276207,-46.6784662,7rXMvXRnWHaSwnVvPeUUfw,"BRAZILIAN POP, FUNK POP, PAGODE, BRAZILIAN FUNK",67.0,3807906.0,https://i.scdn.co/image/ab6761610000e5ebaad09ce7fdb0906a834a204e,GENRE_1,False,False
707,Gloria Groove,2024-01-27,2024,ALLIANZ PARQUE,GLORIA GROOVE,45000.0,ARENAS E ESTADIOS,ESTADIO MULTIUSO,-23.5276207,-46.6784662,7rXMvXRnWHaSwnVvPeUUfw,"BRAZILIAN POP, FUNK POP, PAGODE, BRAZILIAN FUNK",67.0,3807906.0,https://i.scdn.co/image/ab6761610000e5ebaad09ce7fdb0906a834a204e,GENRE_1,False,False
708,Gloria Groove,2024-01-27,2024,ALLIANZ PARQUE,GLORIA GROOVE,45000.0,ARENAS E ESTADIOS,ESTADIO MULTIUSO,-23.5276207,-46.6784662,7rXMvXRnWHaSwnVvPeUUfw,"BRAZILIAN POP, FUNK POP, PAGODE, BRAZILIAN FUNK",67.0,3807906.0,https://i.scdn.co/image/ab6761610000e5ebaad09ce7fdb0906a834a204e,GENRE_1,False,False
709,Gloria Groove,2024-01-27,2024,ALLIANZ PARQUE,GLORIA GROOVE,45000.0,ARENAS E ESTADIOS,ESTADIO MULTIUSO,-23.5276207,-46.6784662,7rXMvXRnWHaSwnVvPeUUfw,"BRAZILIAN POP, FUNK POP, PAGODE, BRAZILIAN FUNK",67.0,3807906.0,https://i.scdn.co/image/ab6761610000e5ebaad09ce7fdb0906a834a204e,GENRE_1,False,False
710,Gloria Groove,2024-01-27,2024,ALLIANZ PARQUE,GLORIA GROOVE,45000.0,ARENAS E ESTADIOS,ESTADIO MULTIUSO,-23.5276207,-46.6784662,7rXMvXRnWHaSwnVvPeUUfw,"BRAZILIAN POP, FUNK POP, PAGODE, BRAZILIAN FUNK",67.0,3807906.0,https://i.scdn.co/image/ab6761610000e5ebaad09ce7fdb0906a834a204e,GENRE_1,False,False
711,Gloria Groove,2024-01-27,2024,ALLIANZ PARQUE,GLORIA GROOVE,45000.0,ARENAS E ESTADIOS,ESTADIO MULTIUSO,-23.5276207,-46.6784662,7rXMvXRnWHaSwnVvPeUUfw,"BRAZILIAN POP, FUNK POP, PAGODE, BRAZILIAN FUNK",67.0,3807906.0,https://i.scdn.co/image/ab6761610000e5ebaad09ce7fdb0906a834a204e,GENRE_1,False,False
712,Gloria Groove,2024-01-27,2024,ALLIANZ PARQUE,GLORIA GROOVE,45000.0,ARENAS E ESTADIOS,ESTADIO MULTIUSO,-23.5276207,-46.6784662,7rXMvXRnWHaSwnVvPeUUfw,"BRAZILIAN POP, FUNK POP, PAGODE, BRAZILIAN FUNK",67.0,3807906.0,https://i.scdn.co/image/ab6761610000e5ebaad09ce7fdb0906a834a204e,GENRE_1,False,False
713,Gloria Groove,2024-01-27,2024,ALLIANZ PARQUE,GLORIA GROOVE,45000.0,ARENAS E ESTADIOS,ESTADIO MULTIUSO,-23.5276207,-46.6784662,7rXMvXRnWHaSwnVvPeUUfw,"BRAZILIAN POP, FUNK POP, PAGODE, BRAZILIAN FUNK",67.0,3807906.0,https://i.scdn.co/image/ab6761610000e5ebaad09ce7fdb0906a834a204e,GENRE_1,False,False
714,Gloria Groove,2024-06-09,2024,ALLIANZ PARQUE,GLORIA GROOVE,45000.0,ARENAS E ESTADIOS,ESTADIO MULTIUSO,-23.5276207,-46.6784662,7rXMvXRnWHaSwnVvPeUUfw,"BRAZILIAN POP, FUNK POP, PAGODE, BRAZILIAN FUNK",67.0,3807906.0,https://i.scdn.co/image/ab6761610000e5ebaad09ce7fdb0906a834a204e,GENRE_1,False,False
715,Gloria Groove,2024-06-09,2024,ALLIANZ PARQUE,GLORIA GROOVE,45000.0,ARENAS E ESTADIOS,ESTADIO MULTIUSO,-23.5276207,-46.6784662,7rXMvXRnWHaSwnVvPeUUfw,"BRAZILIAN POP, FUNK POP, PAGODE, BRAZILIAN FUNK",67.0,3807906.0,https://i.scdn.co/image/ab6761610000e5ebaad09ce7fdb0906a834a204e,GENRE_1,False,False
716,Gloria Groove,2024-06-09,2024,ALLIANZ PARQUE,GLORIA GROOVE,45000.0,ARENAS E ESTADIOS,ESTADIO MULTIUSO,-23.5276207,-46.6784662,7rXMvXRnWHaSwnVvPeUUfw,"BRAZILIAN POP, FUNK POP, PAGODE, BRAZILIAN FUNK",67.0,3807906.0,https://i.scdn.co/image/ab6761610000e5ebaad09ce7fdb0906a834a204e,GENRE_1,False,False
717,Gloria Groove,2024-06-09,2024,ALLIANZ PARQUE,GLORIA GROOVE,45000.0,ARENAS E ESTADIOS,ESTADIO MULTIUSO,-23.5276207,-46.6784662,7rXMvXRnWHaSwnVvPeUUfw,"BRAZILIAN POP, FUNK POP, PAGODE, BRAZILIAN FUNK",67.0,3807906.0,https://i.scdn.co/image/ab6761610000e5ebaad09ce7fdb0906a834a204e,GENRE_1,False,False
718,Gloria Groove,2024-06-09,2024,ALLIANZ PARQUE,GLORIA GROOVE,45000.0,ARENAS E ESTADIOS,ESTADIO MULTIUSO,-23.5276207,-46.6784662,7rXMvXRnWHaSwnVvPeUUfw,"BRAZILIAN POP, FUNK POP, PAGODE, BRAZILIAN FUNK",67.0,3807906.0,https://i.scdn.co/image/ab6761610000e5ebaad09ce7fdb0906a834a204e,GENRE_1,False,False
719,Gloria Groove,2024-06-09,2024,ALLIANZ PARQUE,GLORIA GROOVE,45000.0,ARENAS E ESTADIOS,ESTADIO MULTIUSO,-23.5276207,-46.6784662,7rXMvXRnWHaSwnVvPeUUfw,"BRAZILIAN POP, FUNK POP, PAGODE, BRAZILIAN FUNK",67.0,3807906.0,https://i.scdn.co/image/ab6761610000e5ebaad09ce7fdb0906a834a204e,GENRE_1,False,False
720,Gloria Groove,2024-06-09,2024,ALLIANZ PARQUE,GLORIA GROOVE,45000.0,ARENAS E ESTADIOS,ESTADIO MULTIUSO,-23.5276207,-46.6784662,7rXMvXRnWHaSwnVvPeUUfw,"BRAZILIAN POP, FUNK POP, PAGODE, BRAZILIAN FUNK",67.0,3807906.0,https://i.scdn.co/image/ab6761610000e5ebaad09ce7fdb0906a834a204e,GENRE_1,False,False
721,Gloria Groove,2024-06-09,2024,ALLIANZ PARQUE,GLORIA GROOVE,45000.0,ARENAS E ESTADIOS,ESTADIO MULTIUSO,-23.5276207,-46.6784662,7rXMvXRnWHaSwnVvPeUUfw,"BRAZILIAN POP, FUNK POP, PAGODE, BRAZILIAN FUNK",67.0,3807906.0,https://i.scdn.co/image/ab6761610000e5ebaad09ce7fdb0906a834a204e,GENRE_1,False,False
722,Gloria Groove,2022-05-07,2022,EXPO CENTER NORTE,GLORIA GROOVE,25000.0,GRANDES CASAS,CENTRO DE EXPOSICOES,-23.5130,-46.6237,7rXMvXRnWHaSwnVvPeUUfw,"BRAZILIAN POP, FUNK POP, PAGODE, BRAZILIAN FUNK",67.0,3807906.0,https://i.scdn.co/image/ab6761610000e5ebaad09ce7fdb0906a834a204e,GENRE_1,False,False
723,Gloria Groove,2022-05-07,2022,EXPO CENTER NORTE,GLORIA GROOVE,25000.0,GRANDES CASAS,CENTRO DE EXPOSICOES,-23.5130,-46.6237,7rXMvXRnWHaSwnVvPeUUfw,"BRAZILIAN POP, FUNK POP, PAGODE, BRAZILIAN FUNK",67.0,3807906.0,https://i.scdn.co/image/ab6761610000e5ebaad09ce7fdb0906a834a204e,GENRE_1,False,False
724,Gloria Groove,2022-05-07,2022,EXPO CENTER NORTE,GLORIA GROOVE,25000.0,GRANDES CASAS,CENTRO DE EXPOSICOES,-23.5130,-46.6237,7rXMvXRnWHaSwnVvPeUUfw,"BRAZILIAN POP, FUNK POP, PAGODE, BRAZILIAN FUNK",67.0,3807906.0,https://i.scdn.co/image/ab6761610000e5ebaad09ce7fdb0906a834a204e,GENRE_1,False,False
725,Gloria Groove,2022-05-07,2022,EXPO CENTER NORTE,GLORIA GROOVE,25000.0,GRANDES CASAS,CENTRO DE EXPOSICOES,-23.5130,-46.6237,7rXMvXRnWHaSwnVvPeUUfw,"BRAZILIAN POP, FUNK POP, PAGODE, BRAZILIAN FUNK",67.0,3807906.0,https://i.scdn.co/image/ab6761610000e5ebaad09ce7fdb0906a834a204e,GENRE_1,False,False
726,Gloria Groove,2022-05-07,2022,EXPO CENTER NORTE,GLORIA GROOVE,25000.0,GRANDES CASAS,CENTRO DE EXPOSICOES,-23.5130,-46.6237,7rXMvXRnWHaSwnVvPeUUfw,"BRAZILIAN POP, FUNK POP, PAGODE, BRAZILIAN FUNK",67.0,3807906.0,https://i.scdn.co/image/ab6761610000e5ebaad09ce7fdb0906a834a204e,GENRE_1,False,False
727,Gloria Groove,2022-05-07,2022,EXPO CENTER NORTE,GLORIA GROOVE,25000.0,GRANDES CASAS,CENTRO DE EXPOSICOES,-23.5130,-46.6237,7rXMvXRnWHaSwnVvPeUUfw,"BRAZILIAN POP, FUNK POP, PAGODE, BRAZILIAN FUNK",67.0,3807906.0,https://i.scdn.co/image/ab6761610000e5ebaad09ce7fdb0906a834a204e,GENRE_1,False,False
728,Gloria Groove,2022-05-07,2022,EXPO CENTER NORTE,GLORIA GROOVE,25000.0,GRANDES CASAS,CENTRO DE EXPOSICOES,-23.5130,-46.6237,7rXMvXRnWHaSwnVvPeUUfw,"BRAZILIAN POP, FUNK POP, PAGODE, BRAZILIAN FUNK",67.0,3807906.0,https://i.scdn.co/image/ab6761610000e5ebaad09ce7fdb0906a834a204e,GENRE_1,False,False
729,Gloria Groove,2022-05-07,2022,EXPO CENTER NORTE,GLORIA GROOVE,25000.0,GRANDES CASAS,CENTRO DE EXPOSICOES,-23.5130,-46.6237,7rXMvXRnWHaSwnVvPeUUfw,"BRAZILIAN POP, FUNK POP, PAGODE, BRAZILIAN FUNK",67.0,3807906.0,https://i.scdn.co/image/ab6761610000e5ebaad09ce7fdb0906a834a204e,GENRE_1,False,False
730,Gloria Groove,2023-12-05,2023,TRANSAMERICA EXPO CENTER,GLORIA GROOVE,10000.0,MEDIAS CASAS,CENTRO DE EXPOSICOES,-23.6069,-46.7005,7rXMvXRnWHaSwnVvPeUUfw,"BRAZILIAN POP, FUNK POP, PAGODE, BRAZILIAN FUNK",67.0,3807906.0,https://i.scdn.co/image/ab6761610000e5ebaad09ce7fdb0906a834a204e,GENRE_1,False,False
731,Gloria Groove,2023-12-05,2023,TRANSAMERICA EXPO CENTER,GLORIA GROOVE,10000.0,MEDIAS CASAS,CENTRO DE EXPOSICOES,-23.6069,-46.7005,7rXMvXRnWHaSwnVvPeUUfw,"BRAZILIAN POP, FUNK POP, PAGODE, BRAZILIAN FUNK",67.0,3807906.0,https://i.scdn.co/image/ab6761610000e5ebaad09ce7fdb0906a834a204e,GENRE_1,False,False
732,Gloria Groove,2023-12-05,2023,TRANSAMERICA EXPO CENTER,GLORIA GROOVE,10000.0,MEDIAS CASAS,CENTRO DE EXPOSICOES,-23.6069,-46.7005,7rXMvXRnWHaSwnVvPeUUfw,"BRAZILIAN POP, FUNK POP, PAGODE, BRAZILIAN FUNK",67.0,3807906.0,https://i.scdn.co/image/ab6761610000e5ebaad09ce7fdb0906a834a204e,GENRE_1,False,False
733,Gloria Groove,2023-12-05,2023,TRANSAMERICA EXPO CENTER,GLORIA GROOVE,10000.0,MEDIAS CASAS,CENTRO DE EXPOSICOES,-23.6069,-46.7005,7rXMvXRnWHaSwnVvPeUUfw,"BRAZILIAN POP, FUNK POP, PAGODE, BRAZILIAN FUNK",67.0,3807906.0,https://i.scdn.co/image/ab6761610000e5ebaad09ce7fdb0906a834a204e,GENRE_1,False,False
734,Gloria Groove,2023-12-05,2023,TRANSAMERICA EXPO CENTER,GLORIA GROOVE,10000.0,MEDIAS CASAS,CENTRO DE EXPOSICOES,-23.6069,-46.7005,7rXMvXRnWHaSwnVvPeUUfw,"BRAZILIAN POP, FUNK POP, PAGODE, BRAZILIAN FUNK",67.0,3807906.0,https://i.scdn.co/image/ab6761610000e5ebaad09ce7fdb0906a834a204e,GENRE_1,False,False
735,Gloria Groove,2023-12-05,2023,TRANSAMERICA EXPO CENTER,GLORIA GROOVE,10000.0,MEDIAS CASAS,CENTRO DE EXPOSICOES,-23.6069,-46.7005,7rXMvXRnWHaSwnVvPeUUfw,"BRAZILIAN POP, FUNK POP, PAGODE, BRAZILIAN FUNK",67.0,3807906.0,https://i.scdn.co/image/ab6761610000e5ebaad09ce7fdb0906a834a204e,GENRE_1,False,False
736,Gloria Groove,2023-12-05,2023,TRANSAMERICA EXPO CENTER,GLORIA GROOVE,10000.0,MEDIAS CASAS,CENTRO DE EXPOSICOES,-23.6069,-46.7005,7rXMvXRnWHaSwnVvPeUUfw,"BRAZILIAN POP, FUNK POP, PAGODE, BRAZILIAN FUNK",67.0,3807906.0,https://i.scdn.co/image/ab6761610000e5ebaad09ce7fdb0906a834a204e,GENRE_1,False,False
737,Gloria Groove,2023-12-05,2023,TRANSAMERICA EXPO CENTER,GLORIA GROOVE,10000.0,MEDIAS CASAS,CENTRO DE EXPOSICOES,-23.6069,-46.7005,7rXMvXRnWHaSwnVvPeUUfw,"BRAZILIAN POP, FUNK POP, PAGODE, BRAZILIAN FUNK",67.0,3807906.0,https://i.scdn.co/image/ab6761610000e5ebaad09ce7fdb0906a834a204e,GENRE_1,False,False
738,Gloria Groove,2023-01-15,2023,MEMORIAL DA AMERICA LATINA,GLORIA GROOVE,15000.0,GRANDES CASAS,AREA EXTERNA PARA EVENTOS,-23.5274091,-46.6656539,7rXMvXRnWHaSwnVvPeUUfw,"BRAZILIAN POP, FUNK POP, PAGODE, BRAZILIAN FUNK",67.0,3807906.0,https://i.scdn.co/image/ab6761610000e5ebaad09ce7fdb0906a834a204e,GENRE_1,False,False
739,Gloria Groove,2023-01-15,2023,MEMORIAL DA AMERICA LATINA,GLORIA GROOVE,15000.0,GRANDES CASAS,AREA EXTERNA PARA EVENTOS,-23.5274091,-46.6656539,7rXMvXRnWHaSwnVvPeUUfw,"BRAZILIAN POP, FUNK POP, PAGODE, BRAZILIAN FUNK",67.0,3807906.0,https://i.scdn.co/image/ab6761610000e5ebaad09ce7fdb0906a834a204e,GENRE_1,False,False
740,Gloria Groove,2023-01-15,2023,MEMORIAL DA AMERICA LATINA,GLORIA GROOVE,15000.0,GRANDES CASAS,AREA EXTERNA PARA EVENTOS,-23.5274091,-46.6656539,7rXMvXRnWHaSwnVvPeUUfw,"BRAZILIAN POP, FUNK POP, PAGODE, BRAZILIAN FUNK",67.0,3807906.0,https://i.scdn.co/image/ab6761610000e5ebaad09ce7fdb0906a834a204e,GENRE_1,False,False
741,Gloria Groove,2023-01-15,2023,MEMORIAL DA AMERICA LATINA,GLORIA GROOVE,15000.0,GRANDES CASAS,AREA EXTERNA PARA EVENTOS,-23.5274091,-46.6656539,7rXMvXRnWHaSwnVvPeUUfw,"BRAZILIAN POP, FUNK POP, PAGODE, BRAZILIAN FUNK",67.0,3807906.0,https://i.scdn.co/image/ab6761610000e5ebaad09ce7fdb0906a834a204e,GENRE_1,False,False
742,Gloria Groove,2023-01-15,2023,MEMORIAL DA AMERICA LATINA,GLORIA GROOVE,15000.0,GRANDES CASAS,AREA EXTERNA PARA EVENTOS,-23.5274091,-46.6656539,7rXMvXRnWHaSwnVvPeUUfw,"BRAZILIAN POP, FUNK POP, PAGODE, BRAZILIAN FUNK",67.0,3807906.0,https://i.scdn.co/image/ab6761610000e5ebaad09ce7fdb0906a834a204e,GENRE_1,False,False
743,Gloria Groove,2023-01-15,2023,MEMORIAL DA AMERICA LATINA,GLORIA GROOVE,15000.0,GRANDES CASAS,AREA EXTERNA PARA EVENTOS,-23.5274091,-46.6656539,7rXMvXRnWHaSwnVvPeUUfw,"BRAZILIAN POP, FUNK POP, PAGODE, BRAZILIAN FUNK",67.0,3807906.0,https://i.scdn.co/image/ab6761610000e5ebaad09ce7fdb0906a834a204e,GENRE_1,False,False
744,Gloria Groove,2023-01-15,2023,MEMORIAL DA AMERICA LATINA,GLORIA GROOVE,15000.0,GRANDES CASAS,AREA EXTERNA PARA EVENTOS,-23.5274091,-46.6656539,7rXMvXRnWHaSwnVvPeUUfw,"BRAZILIAN POP, FUNK POP, PAGODE, BRAZILIAN FUNK",67.0,3807906.0,https://i.scdn.co/image/ab6761610000e5ebaad09ce7fdb0906a834a204e,GENRE_1,False,False
745,Gloria Groove,2023-01-15,2023,MEMORIAL DA AMERICA LATINA,GLORIA GROOVE,15000.0,GRANDES CASAS,AREA EXTERNA PARA EVENTOS,-23.5274091,-46.6656539,7rXMvXRnWHaSwnVvPeUUfw,"BRAZILIAN POP, FUNK POP, PAGODE, BRAZILIAN FUNK",67.0,3807906.0,https://i.scdn.co/image/ab6761610000e5ebaad09ce7fdb0906a834a204e,GENRE_1,False,False
746,Gloria Groove,2022-04-03,2022,VALE DO ANHANGABAU,GLORIA GROOVE,35000.0,GRANDES CASAS,AREA EXTERNA PARA EVENTOS,-23.54429,-46.63623,7rXMvXRnWHaSwnVvPeUUfw,"BRAZILIAN POP, FUNK POP, PAGODE, BRAZILIAN FUNK",67.0,3807906.0,https://i.scdn.co/image/ab6761610000e5ebaad09ce7fdb0906a834a204e,GENRE_1,False,False
747,Gloria Groove,2022-04-03,2022,VALE DO ANHANGABAU,GLORIA GROOVE,35000.0,GRANDES CASAS,AREA EXTERNA PARA EVENTOS,-23.54429,-46.63623,7rXMvXRnWHaSwnVvPeUUfw,"BRAZILIAN POP, FUNK POP, PAGODE, BRAZILIAN FUNK",67.0,3807906.0,https://i.scdn.co/image/ab6761610000e5ebaad09ce7fdb0906a834a204e,GENRE_1,False,False
748,Gloria Groove,2022-04-03,2022,VALE DO ANHANGABAU,GLORIA GROOVE,35000.0,GRANDES CASAS,AREA EXTERNA PARA EVENTOS,-23.54429,-46.63623,7rXMvXRnWHaSwnVvPeUUfw,"BRAZILIAN POP, FUNK POP, PAGODE, BRAZILIAN FUNK",67.0,3807906.0,https://i.scdn.co/image/ab6761610000e5ebaad09ce7fdb0906a834a204e,GENRE_1,False,False
749,Gloria Groove,2022-04-03,2022,VALE DO ANHANGABAU,GLORIA GROOVE,35000.0,GRANDES CASAS,AREA EXTERNA PARA EVENTOS,-23.54429,-46.63623,7rXMvXRnWHaSwnVvPeUUfw,"BRAZILIAN POP, FUNK POP, PAGODE, BRAZILIAN FUNK",67.0,3807906.0,https://i.scdn.co/image/ab6761610000e5ebaad09ce7fdb0906a834a204e,GENRE_1,False,False
750,Gloria Groove,2022-04-03,2022,VALE DO ANHANGABAU,GLORIA GROOVE,35000.0,GRANDES CASAS,AREA EXTERNA PARA EVENTOS,-23.54429,-46.63623,7rXMvXRnWHaSwnVvPeUUfw,"BRAZILIAN POP, FUNK POP, PAGODE, BRAZILIAN FUNK",67.0,3807906.0,https://i.scdn.co/image/ab6761610000e5ebaad09ce7fdb0906a834a204e,GENRE_1,False,False
751,Gloria Groove,2022-04-03,2022,VALE DO ANHANGABAU,GLORIA GROOVE,35000.0,GRANDES CASAS,AREA EXTERNA PARA EVENTOS,-23.54429,-46.63623,7rXMvXRnWHaSwnVvPeUUfw,"BRAZILIAN POP, FUNK POP, PAGODE, BRAZILIAN FUNK",67.0,3807906.0,https://i.scdn.co/image/ab6761610000e5ebaad09ce7fdb0906a834a204e,GENRE_1,False,False
752,Gloria Groove,2022-04-03,2022,VALE DO ANHANGABAU,GLORIA GROOVE,35000.0,GRANDES CASAS,AREA EXTERNA PARA EVENTOS,-23.54429,-46.63623,7rXMvXRnWHaSwnVvPeUUfw,"BRAZILIAN POP, FUNK POP, PAGODE, BRAZILIAN FUNK",67.0,3807906.0,https://i.scdn.co/image/ab6761610000e5ebaad09ce7fdb0906a834a204e,GENRE_1,False,False
753,Gloria Groove,2022-04-03,2022,VALE DO ANHANGABAU,GLORIA GROOVE,35000.0,GRANDES CASAS,AREA EXTERNA PARA EVENTOS,-23.54429,-46.63623,7rXMvXRnWHaSwnVvPeUUfw,"BRAZILIAN POP, FUNK POP, PAGODE, BRAZILIAN FUNK",67.0,3807906.0,https://i.scdn.co/image/ab6761610000e5ebaad09ce7fdb0906a834a204e,GENRE_1,False,False
754,Gloria Groove,2023-05-27,2023,VALE DO ANHANGABAU,GLORIA GROOVE,35000.0,GRANDES CASAS,AREA EXTERNA PARA EVENTOS,-23.54429,-46.63623,7rXMvXRnWHaSwnVvPeUUfw,"BRAZILIAN POP, FUNK POP, PAGODE, BRAZILIAN FUNK",67.0,3807906.0,https://i.scdn.co/image/ab6761610000e5ebaad09ce7fdb0906a834a204e,GENRE_1,False,False
755,Gloria Groove,2023-05-27,2023,VALE DO ANHANGABAU,GLORIA GROOVE,35000.0,GRANDES CASAS,AREA EXTERNA PARA EVENTOS,-23.54429,-46.63623,7rXMvXRnWHaSwnVvPeUUfw,"BRAZILIAN POP, FUNK POP, PAGODE, BRAZILIAN FUNK",67.0,3807906.0,https://i.scdn.co/image/ab6761610000e5ebaad09ce7fdb0906a834a204e,GENRE_1,False,False
756,Gloria Groove,2023-05-27,2023,VALE DO ANHANGABAU,GLORIA GROOVE,35000.0,GRANDES CASAS,AREA EXTERNA PARA EVENTOS,-23.54429,-46.63623,7rXMvXRnWHaSwnVvPeUUfw,"BRAZILIAN POP, FUNK POP, PAGODE, BRAZILIAN FUNK",67.0,3807906.0,https://i.scdn.co/image/ab6761610000e5ebaad09ce7fdb0906a834a204e,GENRE_1,False,False
757,Gloria Groove,2023-05-27,2023,VALE DO ANHANGABAU,GLORIA GROOVE,35000.0,GRANDES CASAS,AREA EXTERNA PARA EVENTOS,-23.54429,-46.63623,7rXMvXRnWHaSwnVvPeUUfw,"BRAZILIAN POP, FUNK POP, PAGODE, BRAZILIAN FUNK",67.0,3807906.0,https://i.scdn.co/image/ab6761610000e5ebaad09ce7fdb0906a834a204e,GENRE_1,False,False
758,Gloria Groove,2023-05-27,2023,VALE DO ANHANGABAU,GLORIA GROOVE,35000.0,GRANDES CASAS,AREA EXTERNA PARA EVENTOS,-23.54429,-46.63623,7rXMvXRnWHaSwnVvPeUUfw,"BRAZILIAN POP, FUNK POP, PAGODE, BRAZILIAN FUNK",67.0,3807906.0,https://i.scdn.co/image/ab6761610000e5ebaad09ce7fdb0906a834a204e,GENRE_1,False,False
759,Gloria Groove,2023-05-27,2023,VALE DO ANHANGABAU,GLORIA GROOVE,35000.0,GRANDES CASAS,AREA EXTERNA PARA EVENTOS,-23.54429,-46.63623,7rXMvXRnWHaSwnVvPeUUfw,"BRAZILIAN POP, FUNK POP, PAGODE, BRAZILIAN FUNK",67.0,3807906.0,https://i.scdn.co/image/ab6761610000e5ebaad09ce7fdb0906a834a204e,GENRE_1,False,False
760,Gloria Groove,2023-05-27,2023,VALE DO ANHANGABAU,GLORIA GROOVE,35000.0,GRANDES CASAS,AREA EXTERNA PARA EVENTOS,-23.54429,-46.63623,7rXMvXRnWHaSwnVvPeUUfw,"BRAZILIAN POP, FUNK POP, PAGODE, BRAZILIAN FUNK",67.0,3807906.0,https://i.scdn.co/image/ab6761610000e5ebaad09ce7fdb0906a834a204e,GENRE_1,False,False
761,Gloria Groove,2023-05-27,2023,VALE DO ANHANGABAU,GLORIA GROOVE,35000.0,GRANDES CASAS,AREA EXTERNA PARA EVENTOS,-23.54429,-46.63623,7rXMvXRnWHaSwnVvPeUUfw,"BRAZILIAN POP, FUNK POP, PAGODE, BRAZILIAN FUNK",67.0,3807906.0,https://i.scdn.co/image/ab6761610000e5ebaad09ce7fdb0906a834a204e,GENRE_1,False,False
762,Gloria Groove,2023-06-09,2023,SAMBODROMO DO ANHEMBI,GLORIA GROOVE,100000.0,ARENAS E ESTADIOS,AREA EXTERNA PARA EVENTOS,-23.5079,-46.6379,7rXMvXRnWHaSwnVvPeUUfw,"BRAZILIAN POP, FUNK POP, PAGODE, BRAZILIAN FUNK",67.0,3807906.0,https://i.scdn.co/image/ab6761610000e5ebaad09ce7fdb0906a834a204e,GENRE_1,False,False
763,Gloria Groove,2023-06-09,2023,SAMBODROMO DO ANHEMBI,GLORIA GROOVE,100000.0,ARENAS E ESTADIOS,AREA EXTERNA PARA EVENTOS,-23.5079,-46.6379,7rXMvXRnWHaSwnVvPeUUfw,"BRAZILIAN POP, FUNK POP, PAGODE, BRAZILIAN FUNK",67.0,3807906.0,https://i.scdn.co/image/ab6761610000e5ebaad09ce7fdb0906a834a204e,GENRE_1,False,False
764,Gloria Groove,2023-06-09,2023,SAMBODROMO DO ANHEMBI,GLORIA GROOVE,100000.0,ARENAS E ESTADIOS,AREA EXTERNA PARA EVENTOS,-23.5079,-46.6379,7rXMvXRnWHaSwnVvPeUUfw,"BRAZILIAN POP, FUNK POP, PAGODE, BRAZILIAN FUNK",67.0,3807906.0,https://i.scdn.co/image/ab6761610000e5ebaad09ce7fdb0906a834a204e,GENRE_1,False,False
765,Gloria Groove,2023-06-09,2023,SAMBODROMO DO ANHEMBI,GLORIA GROOVE,100000.0,ARENAS E ESTADIOS,AREA EXTERNA PARA EVENTOS,-23.5079,-46.6379,7rXMvXRnWHaSwnVvPeUUfw,"BRAZILIAN POP, FUNK POP, PAGODE, BRAZILIAN FUNK",67.0,3807906.0,https://i.scdn.co/image/ab6761610000e5ebaad09ce7fdb0906a834a204e,GENRE_1,False,False
766,Gloria Groove,2023-06-09,2023,SAMBODROMO DO ANHEMBI,GLORIA GROOVE,100000.0,ARENAS E ESTADIOS,AREA EXTERNA PARA EVENTOS,-23.5079,-46.6379,7rXMvXRnWHaSwnVvPeUUfw,"BRAZILIAN POP, FUNK POP, PAGODE, BRAZILIAN FUNK",67.0,3807906.0,https://i.scdn.co/image/ab6761610000e5ebaad09ce7fdb0906a834a204e,GENRE_1,False,False
767,Gloria Groove,2023-06-09,2023,SAMBODROMO DO ANHEMBI,GLORIA GROOVE,100000.0,ARENAS E ESTADIOS,AREA EXTERNA PARA EVENTOS,-23.5079,-46.6379,7rXMvXRnWHaSwnVvPeUUfw,"BRAZILIAN POP, FUNK POP, PAGODE, BRAZILIAN FUNK",67.0,3807906.0,https://i.scdn.co/image/ab6761610000e5ebaad09ce7fdb0906a834a204e,GENRE_1,False,False
768,Gloria Groove,2023-06-09,2023,SAMBODROMO DO ANHEMBI,GLORIA GROOVE,100000.0,ARENAS E ESTADIOS,AREA EXTERNA PARA EVENTOS,-23.5079,-46.6379,7rXMvXRnWHaSwnVvPeUUfw,"BRAZILIAN POP, FUNK POP, PAGODE, BRAZILIAN FUNK",67.0,3807906.0,https://i.scdn.co/image/ab6761610000e5ebaad09ce7fdb0906a834a204e,GENRE_1,False,False
769,Gloria Groove,2023-06-09,2023,SAMBODROMO DO ANHEMBI,GLORIA GROOVE,100000.0,ARENAS E ESTADIOS,AREA EXTERNA PARA EVENTOS,-23.5079,-46.6379,7rXMvXRnWHaSwnVvPeUUfw,"BRAZILIAN POP, FUNK POP, PAGODE, BRAZILIAN FUNK",67.0,3807906.0,https://i.scdn.co/image/ab6761610000e5ebaad09ce7fdb0906a834a204e,GENRE_1,False,False
770,Gloria Groove,2022-09-16,2022,ESPACO UNIMED,GLORIA GROOVE,8000.0,MEDIAS CASAS,CASA DE SHOWS,-23.52812,-46.66805,7rXMvXRnWHaSwnVvPeUUfw,"BRAZILIAN POP, FUNK POP, PAGODE, BRAZILIAN FUNK",67.0,3807906.0,https://i.scdn.co/image/ab6761610000e5ebaad09ce7fdb0906a834a204e,GENRE_1,False,False
771,Gloria Groove,2022-09-16,2022,ESPACO UNIMED,GLORIA GROOVE,8000.0,MEDIAS CASAS,CASA DE SHOWS,-23.52812,-46.66805,7rXMvXRnWHaSwnVvPeUUfw,"BRAZILIAN POP, FUNK POP, PAGODE, BRAZILIAN FUNK",67.0,3807906.0,https://i.scdn.co/image/ab6761610000e5ebaad09ce7fdb0906a834a204e,GENRE_1,False,False
772,Gloria Groove,2022-09-16,2022,ESPACO UNIMED,GLORIA GROOVE,8000.0,MEDIAS CASAS,CASA DE SHOWS,-23.52812,-46.66805,7rXMvXRnWHaSwnVvPeUUfw,"BRAZILIAN POP, FUNK POP, PAGODE, BRAZILIAN FUNK",67.0,3807906.0,https://i.scdn.co/image/ab6761610000e5ebaad09ce7fdb0906a834a204e,GENRE_1,False,False
773,Gloria Groove,2022-09-16,2022,ESPACO UNIMED,GLORIA GROOVE,8000.0,MEDIAS CASAS,CASA DE SHOWS,-23.52812,-46.66805,7rXMvXRnWHaSwnVvPeUUfw,"BRAZILIAN POP, FUNK POP, PAGODE, BRAZILIAN FUNK",67.0,3807906.0,https://i.scdn.co/image/ab6761610000e5ebaad09ce7fdb0906a834a204e,GENRE_1,False,False
774,Gloria Groove,2022-09-16,2022,ESPACO UNIMED,GLORIA GROOVE,8000.0,MEDIAS CASAS,CASA DE SHOWS,-23.52812,-46.66805,7rXMvXRnWHaSwnVvPeUUfw,"BRAZILIAN POP, FUNK POP, PAGODE, BRAZILIAN FUNK",67.0,3807906.0,https://i.scdn.co/image/ab6761610000e5ebaad09ce7fdb0906a834a204e,GENRE_1,False,False
775,Gloria Groove,2022-09-16,2022,ESPACO UNIMED,GLORIA GROOVE,8000.0,MEDIAS CASAS,CASA DE SHOWS,-23.52812,-46.66805,7rXMvXRnWHaSwnVvPeUUfw,"BRAZILIAN POP, FUNK POP, PAGODE, BRAZILIAN FUNK",67.0,3807906.0,https://i.scdn.co/image/ab6761610000e5ebaad09ce7fdb0906a834a204e,GENRE_1,False,False
776,Gloria Groove,2022-09-16,2022,ESPACO UNIMED,GLORIA GROOVE,8000.0,MEDIAS CASAS,CASA DE SHOWS,-23.52812,-46.66805,7rXMvXRnWHaSwnVvPeUUfw,"BRAZILIAN POP, FUNK POP, PAGODE, BRAZILIAN FUNK",67.0,3807906.0,https://i.scdn.co/image/ab6761610000e5ebaad09ce7fdb0906a834a204e,GENRE_1,False,False
777,Gloria Groove,2022-09-16,2022,ESPACO UNIMED,GLORIA GROOVE,8000.0,MEDIAS CASAS,CASA DE SHOWS,-23.52812,-46.66805,7rXMvXRnWHaSwnVvPeUUfw,"BRAZILIAN POP, FUNK POP, PAGODE, BRAZILIAN FUNK",67.0,3807906.0,https://i.scdn.co/image/ab6761610000e5ebaad09ce7fdb0906a834a204e,GENRE_1,False,False
778,Gloria Groove,2023-11-17,2023,ESPACO UNIMED,GLORIA GROOVE,8000.0,MEDIAS CASAS,CASA DE SHOWS,-23.52812,-46.66805,7rXMvXRnWHaSwnVvPeUUfw,"BRAZILIAN POP, FUNK POP, PAGODE, BRAZILIAN FUNK",67.0,3807906.0,https://i.scdn.co/image/ab6761610000e5ebaad09ce7fdb0906a834a204e,GENRE_1,False,False
779,Gloria Groove,2023-11-17,2023,ESPACO UNIMED,GLORIA GROOVE,8000.0,MEDIAS CASAS,CASA DE SHOWS,-23.52812,-46.66805,7rXMvXRnWHaSwnVvPeUUfw,"BRAZILIAN POP, FUNK POP, PAGODE, BRAZILIAN FUNK",67.0,3807906.0,https://i.scdn.co/image/ab6761610000e5ebaad09ce7fdb0906a834a204e,GENRE_1,False,False
780,Gloria Groove,2023-11-17,2023,ESPACO UNIMED,GLORIA GROOVE,8000.0,MEDIAS CASAS,CASA DE SHOWS,-23.52812,-46.66805,7rXMvXRnWHaSwnVvPeUUfw,"BRAZILIAN POP, FUNK POP, PAGODE, BRAZILIAN FUNK",67.0,3807906.0,https://i.scdn.co/image/ab6761610000e5ebaad09ce7fdb0906a834a204e,GENRE_1,False,False
781,Gloria Groove,2023-11-17,2023,ESPACO UNIMED,GLORIA GROOVE,8000.0,MEDIAS CASAS,CASA DE SHOWS,-23.52812,-46.66805,7rXMvXRnWHaSwnVvPeUUfw,"BRAZILIAN POP, FUNK POP, PAGODE, BRAZILIAN FUNK",67.0,3807906.0,https://i.scdn.co/image/ab6761610000e5ebaad09ce7fdb0906a834a204e,GENRE_1,False,False
782,Gloria Groove,2023-11-17,2023,ESPACO UNIMED,GLORIA GROOVE,8000.0,MEDIAS CASAS,CASA DE SHOWS,-23.52812,-46.66805,7rXMvXRnWHaSwnVvPeUUfw,"BRAZILIAN POP, FUNK POP, PAGODE, BRAZILIAN FUNK",67.0,3807906.0,https://i.scdn.co/image/ab6761610000e5ebaad09ce7fdb0906a834a204e,GENRE_1,False,False
783,Gloria Groove,2023-11-17,2023,ESPACO UNIMED,GLORIA GROOVE,8000.0,MEDIAS CASAS,CASA DE SHOWS,-23.52812,-46.66805,7rXMvXRnWHaSwnVvPeUUfw,"BRAZILIAN POP, FUNK POP, PAGODE, BRAZILIAN FUNK",67.0,3807906.0,https://i.scdn.co/image/ab6761610000e5ebaad09ce7fdb0906a834a204e,GENRE_1,False,False
784,Gloria Groove,2023-11-17,2023,ESPACO UNIMED,GLORIA GROOVE,8000.0,MEDIAS CASAS,CASA DE SHOWS,-23.52812,-46.66805,7rXMvXRnWHaSwnVvPeUUfw,"BRAZILIAN POP, FUNK POP, PAGODE, BRAZILIAN FUNK",67.0,3807906.0,https://i.scdn.co/image/ab6761610000e5ebaad09ce7fdb0906a834a204e,GENRE_1,False,False
785,Gloria Groove,2023-11-17,2023,ESPACO UNIMED,GLORIA GROOVE,8000.0,MEDIAS CASAS,CASA DE SHOWS,-23.52812,-46.66805,7rXMvXRnWHaSwnVvPeUUfw,"BRAZILIAN POP, FUNK POP, PAGODE, BRAZILIAN FUNK",67.0,3807906.0,https://i.scdn.co/image/ab6761610000e5ebaad09ce7fdb0906a834a204e,GENRE_1,False,False
786,Gloria Groove,2024-10-19,2024,ESPACO UNIMED,GLORIA GROOVE,8000.0,MEDIAS CASAS,CASA DE SHOWS,-23.52812,-46.66805,7rXMvXRnWHaSwnVvPeUUfw,"BRAZILIAN POP, FUNK POP, PAGODE, BRAZILIAN FUNK",67.0,3807906.0,https://i.scdn.co/image/ab6761610000e5ebaad09ce7fdb0906a834a204e,GENRE_1,False,False
787,Gloria Groove,2024-10-19,2024,ESPACO UNIMED,GLORIA GROOVE,8000.0,MEDIAS CASAS,CASA DE SHOWS,-23.52812,-46.66805,7rXMvXRnWHaSwnVvPeUUfw,"BRAZILIAN POP, FUNK POP, PAGODE, BRAZILIAN FUNK",67.0,3807906.0,https://i.scdn.co/image/ab6761610000e5ebaad09ce7fdb0906a834a204e,GENRE_1,False,False
788,Gloria Groove,2024-10-19,2024,ESPACO UNIMED,GLORIA GROOVE,8000.0,MEDIAS CASAS,CASA DE SHOWS,-23.52812,-46.66805,7rXMvXRnWHaSwnVvPeUUfw,"BRAZILIAN POP, FUNK POP, PAGODE, BRAZILIAN FUNK",67.0,3807906.0,https://i.scdn.co/image/ab6761610000e5ebaad09ce7fdb0906a834a204e,GENRE_1,False,False
789,Gloria Groove,2024-10-19,2024,ESPACO UNIMED,GLORIA GROOVE,8000.0,MEDIAS CASAS,CASA DE SHOWS,-23.52812,-46.66805,7rXMvXRnWHaSwnVvPeUUfw,"BRAZILIAN POP, FUNK POP, PAGODE, BRAZILIAN FUNK",67.0,3807906.0,https://i.scdn.co/image/ab6761610000e5ebaad09ce7fdb0906a834a204e,GENRE_1,False,False
790,Gloria Groove,2024-10-19,2024,ESPACO UNIMED,GLORIA GROOVE,8000.0,MEDIAS CASAS,CASA DE SHOWS,-23.52812,-46.66805,7rXMvXRnWHaSwnVvPeUUfw,"BRAZILIAN POP, FUNK POP, PAGODE, BRAZILIAN FUNK",67.0,3807906.0,https://i.scdn.co/image/ab6761610000e5ebaad09ce7fdb0906a834a204e,GENRE_1,False,False
791,Gloria Groove,2024-10-19,2024,ESPACO UNIMED,GLORIA GROOVE,8000.0,MEDIAS CASAS,CASA DE SHOWS,-23.52812,-46.66805,7rXMvXRnWHaSwnVvPeUUfw,"BRAZILIAN POP, FUNK POP, PAGODE, BRAZILIAN FUNK",67.0,3807906.0,https://i.scdn.co/image/ab6761610000e5ebaad09ce7fdb0906a834a204e,GENRE_1,False,False
792,Gloria Groove,2024-10-19,2024,ESPACO UNIMED,GLORIA GROOVE,8000.0,MEDIAS CASAS,CASA DE SHOWS,-23.52812,-46.66805,7rXMvXRnWHaSwnVvPeUUfw,"BRAZILIAN POP, FUNK POP, PAGODE, BRAZILIAN FUNK",67.0,3807906.0,https://i.scdn.co/image/ab6761610000e5ebaad09ce7fdb0906a834a204e,GENRE_1,False,False
793,Gloria Groove,2024-10-19,2024,ESPACO UNIMED,GLORIA GROOVE,8000.0,MEDIAS CASAS,CASA DE SHOWS,-23.52812,-46.66805,7rXMvXRnWHaSwnVvPeUUfw,"BRAZILIAN POP, FUNK POP, PAGODE, BRAZILIAN FUNK",67.0,3807906.0,https://i.scdn.co/image/ab6761610000e5ebaad09ce7fdb0906a834a204e,GENRE_1,False,False
794,Gloria Groove,2025-06-13,2025,ESPACO UNIMED,GLORIA GROOVE,8000.0,MEDIAS CASAS,CASA DE SHOWS,-23.52812,-46.66805,7rXMvXRnWHaSwnVvPeUUfw,"BRAZILIAN POP, FUNK POP, PAGODE, BRAZILIAN FUNK",67.0,3807906.0,https://i.scdn.co/image/ab6761610000e5ebaad09ce7fdb0906a834a204e,GENRE_1,False,False
795,Gloria Groove,2025-06-13,2025,ESPACO UNIMED,GLORIA GROOVE,8000.0,MEDIAS CASAS,CASA DE SHOWS,-23.52812,-46.66805,7rXMvXRnWHaSwnVvPeUUfw,"BRAZILIAN POP, FUNK POP, PAGODE, BRAZILIAN FUNK",67.0,3807906.0,https://i.scdn.co/image/ab6761610000e5ebaad09ce7fdb0906a834a204e,GENRE_1,False,False
796,Gloria Groove,2025-06-13,2025,ESPACO UNIMED,GLORIA GROOVE,8000.0,MEDIAS CASAS,CASA DE SHOWS,-23.52812,-46.66805,7rXMvXRnWHaSwnVvPeUUfw,"BRAZILIAN POP, FUNK POP, PAGODE, BRAZILIAN FUNK",67.0,3807906.0,https://i.scdn.co/image/ab6761610000e5ebaad09ce7fdb0906a834a204e,GENRE_1,False,False
797,Gloria Groove,2025-06-13,2025,ESPACO UNIMED,GLORIA GROOVE,8000.0,MEDIAS CASAS,CASA DE SHOWS,-23.52812,-46.66805,7rXMvXRnWHaSwnVvPeUUfw,"BRAZILIAN POP, FUNK POP, PAGODE, BRAZILIAN FUNK",67.0,3807906.0,https://i.scdn.co/image/ab6761610000e5ebaad09ce7fdb0906a834a204e,GENRE_1,False,False
798,Gloria Groove,2025-06-13,2025,ESPACO UNIMED,GLORIA GROOVE,8000.0,MEDIAS CASAS,CASA DE SHOWS,-23.52812,-46.66805,7rXMvXRnWHaSwnVvPeUUfw,"BRAZILIAN POP, FUNK POP, PAGODE, BRAZILIAN FUNK",67.0,3807906.0,https://i.scdn.co/image/ab6761610000e5ebaad09ce7fdb0906a834a204e,GENRE_1,False,False
799,Gloria Groove,2025-06-13,2025,ESPACO UNIMED,GLORIA GROOVE,8000.0,MEDIAS CASAS,CASA DE SHOWS,-23.52812,-46.66805,7rXMvXRnWHaSwnVvPeUUfw,"BRAZILIAN POP, FUNK POP, PAGODE, BRAZILIAN FUNK",67.0,3807906.0,https://i.scdn.co/image/ab6761610000e5ebaad09ce7fdb0906a834a204e,GENRE_1,False,False
800,Gloria Groove,2025-06-13,2025,ESPACO UNIMED,GLORIA GROOVE,8000.0,MEDIAS CASAS,CASA DE SHOWS,-23.52812,-46.66805,7rXMvXRnWHaSwnVvPeUUfw,"BRAZILIAN POP, FUNK POP, PAGODE, BRAZILIAN FUNK",67.0,3807906.0,https://i.scdn.co/image/ab6761610000e5ebaad09ce7fdb0906a834a204e,GENRE_1,False,False
801,Gloria Groove,2025-06-13,2025,ESPACO UNIMED,GLORIA GROOVE,8000.0,MEDIAS CASAS,CASA DE SHOWS,-23.52812,-46.66805,7rXMvXRnWHaSwnVvPeUUfw,"BRAZILIAN POP, FUNK POP, PAGODE, BRAZILIAN FUNK",67.0,3807906.0,https://i.scdn.co/image/ab6761610000e5ebaad09ce7fdb0906a834a204e,GENRE_1,False,False
802,Gloria Groove,2023-05-06,2023,DISTRITO ANHEMBI,GLORIA GROOVE,35000.0,GRANDES CASAS,AREA EXTERNA PARA EVENTOS,-23.51611,-46.64320,7rXMvXRnWHaSwnVvPeUUfw,"BRAZILIAN POP, FUNK POP, PAGODE, BRAZILIAN FUNK",67.0,3807906.0,https://i.scdn.co/image/ab6761610000e5ebaad09ce7fdb0906a834a204e,GENRE_1,False,False
803,Gloria Groove,2023-05-06,2023,DISTRITO ANHEMBI,GLORIA GROOVE,35000.0,GRANDES CASAS,AREA EXTERNA PARA EVENTOS,-23.51611,-46.64320,7rXMvXRnWHaSwnVvPeUUfw,"BRAZILIAN POP, FUNK POP, PAGODE, BRAZILIAN FUNK",67.0,3807906.0,https://i.scdn.co/image/ab6761610000e5ebaad09ce7fdb0906a834a204e,GENRE_1,False,False
804,Gloria Groove,2023-05-06,2023,DISTRITO ANHEMBI,GLORIA GROOVE,35000.0,GRANDES CASAS,AREA EXTERNA PARA EVENTOS,-23.51611,-46.64320,7rXMvXRnWHaSwnVvPeUUfw,"BRAZILIAN POP, FUNK POP, PAGODE, BRAZILIAN FUNK",67.0,3807906.0,https://i.scdn.co/image/ab6761610000e5ebaad09ce7fdb0906a834a204e,GENRE_1,False,False
805,Gloria Groove,2023-05-06,2023,DISTRITO ANHEMBI,GLORIA GROOVE,35000.0,GRANDES CASAS,AREA EXTERNA PARA EVENTOS,-23.51611,-46.64320,7rXMvXRnWHaSwnVvPeUUfw,"BRAZILIAN POP, FUNK POP, PAGODE, BRAZILIAN FUNK",67.0,3807906.0,https://i.scdn.co/image/ab6761610000e5ebaad09ce7fdb0906a834a204e,GENRE_1,False,False
806,Gloria Groove,2023-05-06,2023,DISTRITO ANHEMBI,GLORIA GROOVE,35000.0,GRANDES CASAS,AREA EXTERNA PARA EVENTOS,-23.51611,-46.64320,7rXMvXRnWHaSwnVvPeUUfw,"BRAZILIAN POP, FUNK POP, PAGODE, BRAZILIAN FUNK",67.0,3807906.0,https://i.scdn.co/image/ab6761610000e5ebaad09ce7fdb0906a834a204e,GENRE_1,False,False
807,Gloria Groove,2023-05-06,2023,DISTRITO ANHEMBI,GLORIA GROOVE,35000.0,GRANDES CASAS,AREA EXTERNA PARA EVENTOS,-23.51611,-46.64320,7rXMvXRnWHaSwnVvPeUUfw,"BRAZILIAN POP, FUNK POP, PAGODE, BRAZILIAN FUNK",67.0,3807906.0,https://i.scdn.co/image/ab6761610000e5ebaad09ce7fdb0906a834a204e,GENRE_1,False,False
808,Gloria Groove,2023-05-06,2023,DISTRITO ANHEMBI,GLORIA GROOVE,35000.0,GRANDES CASAS,AREA EXTERNA PARA EVENTOS,-23.51611,-46.64320,7rXMvXRnWHaSwnVvPeUUfw,"BRAZILIAN POP, FUNK POP, PAGODE, BRAZILIAN FUNK",67.0,3807906.0,https://i.scdn.co/image/ab6761610000e5ebaad09ce7fdb0906a834a204e,GENRE_1,False,False
809,Gloria Groove,2023-05-06,2023,DISTRITO ANHEMBI,GLORIA GROOVE,35000.0,GRANDES CASAS,AREA EXTERNA PARA EVENTOS,-23.51611,-46.64320,7rXMvXRnWHaSwnVvPeUUfw,"BRAZILIAN POP, FUNK POP, PAGODE, BRAZILIAN FUNK",67.0,3807906.0,https://i.scdn.co/image/ab6761610000e5ebaad09ce7fdb0906a834a204e,GENRE_1,False,False
810,Gloria Groove,2022-08-19,2022,NEO QUIMICA ARENA,GLORIA GROOVE,49000.0,ARENAS E ESTADIOS,ESTADIO MULTIUSO,-23.54534,-46.47476,7rXMvXRnWHaSwnVvPeUUfw,"BRAZILIAN POP, FUNK POP, PAGODE, BRAZILIAN FUNK",67.0,3807906.0,https://i.scdn.co/image/ab6761610000e5ebaad09ce7fdb0906a834a204e,GENRE_1,False,False
811,Gloria Groove,2022-08-19,2022,NEO QUIMICA ARENA,GLORIA GROOVE,49000.0,ARENAS E ESTADIOS,ESTADIO MULTIUSO,-23.54534,-46.47476,7rXMvXRnWHaSwnVvPeUUfw,"BRAZILIAN POP, FUNK POP, PAGODE, BRAZILIAN FUNK",67.0,3807906.0,https://i.scdn.co/image/ab6761610000e5ebaad09ce7fdb0906a834a204e,GENRE_1,False,False
812,Gloria Groove,2022-08-19,2022,NEO QUIMICA ARENA,GLORIA GROOVE,49000.0,ARENAS E ESTADIOS,ESTADIO MULTIUSO,-23.54534,-46.47476,7rXMvXRnWHaSwnVvPeUUfw,"BRAZILIAN POP, FUNK POP, PAGODE, BRAZILIAN FUNK",67.0,3807906.0,https://i.scdn.co/image/ab6761610000e5ebaad09ce7fdb0906a834a204e,GENRE_1,False,False
813,Gloria Groove,2022-08-19,2022,NEO QUIMICA ARENA,GLORIA GROOVE,49000.0,ARENAS E ESTADIOS,ESTADIO MULTIUSO,-23.54534,-46.47476,7rXMvXRnWHaSwnVvPeUUfw,"BRAZILIAN POP, FUNK POP, PAGODE, BRAZILIAN FUNK",67.0,3807906.0,https://i.scdn.co/image/ab6761610000e5ebaad09ce7fdb0906a834a204e,GENRE_1,False,False
814,Gloria Groove,2022-08-19,2022,NEO QUIMICA ARENA,GLORIA GROOVE,49000.0,ARENAS E ESTADIOS,ESTADIO MULTIUSO,-23.54534,-46.47476,7rXMvXRnWHaSwnVvPeUUfw,"BRAZILIAN POP, FUNK POP, PAGODE, BRAZILIAN FUNK",67.0,3807906.0,https://i.scdn.co/image/ab6761610000e5ebaad09ce7fdb0906a834a204e,GENRE_1,False,False
815,Gloria Groove,2022-08-19,2022,NEO QUIMICA ARENA,GLORIA GROOVE,49000.0,ARENAS E ESTADIOS,ESTADIO MULTIUSO,-23.54534,-46.47476,7rXMvXRnWHaSwnVvPeUUfw,"BRAZILIAN POP, FUNK POP, PAGODE, BRAZILIAN FUNK",67.0,3807906.0,https://i.scdn.co/image/ab6761610000e5ebaad09ce7fdb0906a834a204e,GENRE_1,False,False
816,Gloria Groove,2022-08-19,2022,NEO QUIMICA ARENA,GLORIA GROOVE,49000.0,ARENAS E ESTADIOS,ESTADIO MULTIUSO,-23.54534,-46.47476,7rXMvXRnWHaSwnVvPeUUfw,"BRAZILIAN POP, FUNK POP, PAGODE, BRAZILIAN FUNK",67.0,3807906.0,https://i.scdn.co/image/ab6761610000e5ebaad09ce7fdb0906a834a204e,GENRE_1,False,False
817,Gloria Groove,2022-08-19,2022,NEO QUIMICA ARENA,GLORIA GROOVE,49000.0,ARENAS E ESTADIOS,ESTADIO MULTIUSO,-23.54534,-46.47476,7rXMvXRnWHaSwnVvPeUUfw,"BRAZILIAN POP, FUNK POP, PAGODE, BRAZILIAN FUNK",67.0,3807906.0,https://i.scdn.co/image/ab6761610000e5ebaad09ce7fdb0906a834a204e,GENRE_1,False,False
818,Simone Mendes,2024-12-13,2024,CENTRO DE TRADICOES NORDESTINAS,SIMONE MENDES,5000.0,MEDIAS CASAS,CASA DE SHOWS,-23.4723,-46.6299,2eK9gcJQ6uqVvJL63dnOM3,"SERTANEJO, SERTANEJO UNIVERSITARIO, PAGODE, FORRO, PISEIRO, AGRONEJO, ARROCHA",79.0,3807595.0,https://i.scdn.co/image/ab6761610000e5eb82f8ed27ed944af47c747a0c,LETTER_1,False,False
819,Simone Mendes,2024-08-17,2024,DISTRITO ANHEMBI,SIMONE MENDES,35000.0,GRANDES CASAS,AREA EXTERNA PARA EVENTOS,-23.51611,-46.64320,2eK9gcJQ6uqVvJL63dnOM3,"SERTANEJO, SERTANEJO UNIVERSITARIO, PAGODE, FORRO, PISEIRO, AGRONEJO, ARROCHA",79.0,3807595.0,https://i.scdn.co/image/ab6761610000e5eb82f8ed27ed944af47c747a0c,LETTER_1,False,False
820,Simone Mendes,2025-04-06,2025,MERCADO LIVRE ARENA PACAEMBU,SIMONE MENDES,40000.0,ARENAS E ESTADIOS,ESTADIO MULTIUSO,-23.5486,-46.6651,2eK9gcJQ6uqVvJL63dnOM3,"SERTANEJO, SERTANEJO UNIVERSITARIO, PAGODE, FORRO, PISEIRO, AGRONEJO, ARROCHA",79.0,3807595.0,https://i.scdn.co/image/ab6761610000e5eb82f8ed27ed944af47c747a0c,LETTER_1,False,False
821,Ghost,2023-09-20,2023,ESPACO UNIMED,GHOST,8000.0,MEDIAS CASAS,CASA DE SHOWS,-23.52812,-46.66805,1Qp56T7n950O3EGMsSl81D,"METAL, HARD ROCK",74.0,3791998.0,https://i.scdn.co/image/ab6761610000e5eb2d972470f1f8110be7c07017,GENRE_1,False,False
822,Ghost,2023-09-21,2023,ESPACO UNIMED,GHOST,8000.0,MEDIAS CASAS,CASA DE SHOWS,-23.52812,-46.66805,1Qp56T7n950O3EGMsSl81D,"METAL, HARD ROCK",74.0,3791998.0,https://i.scdn.co/image/ab6761610000e5eb2d972470f1f8110be7c07017,GENRE_1,False,False
823,Toto,2024-11-24,2024,ESPACO UNIMED,TOTO,8000.0,MEDIAS CASAS,CASA DE SHOWS,-23.52812,-46.66805,0PFtn5NtBbbUNbU9EAmIWF,"YACHT ROCK, SOFT ROCK",74.0,3754253.0,https://i.scdn.co/image/ab6761610000e5eba59a5bcab211f964fe9bfb06,GENRE_1,False,False
824,Chefin,2025-09-13,2025,AUTODROMO DE INTERLAGOS,CHEFIN,100000.0,ARENAS E ESTADIOS,AREA EXTERNA PARA EVENTOS,-23.7000,-46.6972,68PYmgkbRP1qZnEWOry7sB,"BRAZILIAN TRAP, TRAP FUNK, TRAP, BRAZILIAN FUNK, BRAZILIAN HIP HOP",69.0,3749245.0,https://i.scdn.co/image/ab6761610000e5eb07e1a1071c675094d8138c3f,LETTER_1,THE TOWN,MARIAH CAREY
825,Djavan,2022-09-16,2022,MEMORIAL DA AMERICA LATINA,DJAVAN,15000.0,GRANDES CASAS,AREA EXTERNA PARA EVENTOS,-23.5274091,-46.6656539,5rrmaoBXZ7Jcs4Qb77j0YA,MPB,70.0,3748285.0,https://i.scdn.co/image/ab6761610000e5ebe699e9c224d7602835111180,GENRE_1,COALA FESTIVAL,DJAVAN
826,Djavan,2022-09-16,2022,MEMORIAL DA AMERICA LATINA,DJAVAN,15000.0,GRANDES CASAS,AREA EXTERNA PARA EVENTOS,-23.5274091,-46.6656539,5rrmaoBXZ7Jcs4Qb77j0YA,MPB,70.0,3748285.0,https://i.scdn.co/image/ab6761610000e5ebe699e9c224d7602835111180,GENRE_1,COALA FESTIVAL,DJAVAN
827,Djavan,2022-09-16,2022,MEMORIAL DA AMERICA LATINA,DJAVAN,15000.0,GRANDES CASAS,AREA EXTERNA PARA EVENTOS,-23.5274091,-46.6656539,5rrmaoBXZ7Jcs4Qb77j0YA,MPB,70.0,3748285.0,https://i.scdn.co/image/ab6761610000e5ebe699e9c224d7602835111180,GENRE_1,COALA FESTIVAL,DJAVAN
828,Djavan,2022-09-16,2022,MEMORIAL DA AMERICA LATINA,DJAVAN,15000.0,GRANDES CASAS,AREA EXTERNA PARA EVENTOS,-23.5274091,-46.6656539,5rrmaoBXZ7Jcs4Qb77j0YA,MPB,70.0,3748285.0,https://i.scdn.co/image/ab6761610000e5ebe699e9c224d7602835111180,GENRE_1,COALA FESTIVAL,DJAVAN
829,Djavan,2022-06-04,2022,ESPACO UNIMED,DJAVAN,8000.0,MEDIAS CASAS,CASA DE SHOWS,-23.52812,-46.66805,5rrmaoBXZ7Jcs4Qb77j0YA,MPB,70.0,3748285.0,https://i.scdn.co/image/ab6761610000e5ebe699e9c224d7602835111180,GENRE_1,False,False
830,Djavan,2022-06-04,2022,ESPACO UNIMED,DJAVAN,8000.0,MEDIAS CASAS,CASA DE SHOWS,-23.52812,-46.66805,5rrmaoBXZ7Jcs4Qb77j0YA,MPB,70.0,3748285.0,https://i.scdn.co/image/ab6761610000e5ebe699e9c224d7602835111180,GENRE_1,False,False
831,Djavan,2022-06-04,2022,ESPACO UNIMED,DJAVAN,8000.0,MEDIAS CASAS,CASA DE SHOWS,-23.52812,-46.66805,5rrmaoBXZ7Jcs4Qb77j0YA,MPB,70.0,3748285.0,https://i.scdn.co/image/ab6761610000e5ebe699e9c224d7602835111180,GENRE_1,False,False
832,Djavan,2022-06-04,2022,ESPACO UNIMED,DJAVAN,8000.0,MEDIAS CASAS,CASA DE SHOWS,-23.52812,-46.66805,5rrmaoBXZ7Jcs4Qb77j0YA,MPB,70.0,3748285.0,https://i.scdn.co/image/ab6761610000e5ebe699e9c224d7602835111180,GENRE_1,False,False
833,Djavan,2023-05-20,2023,ESPACO UNIMED,DJAVAN,8000.0,MEDIAS CASAS,CASA DE SHOWS,-23.52812,-46.66805,5rrmaoBXZ7Jcs4Qb77j0YA,MPB,70.0,3748285.0,https://i.scdn.co/image/ab6761610000e5ebe699e9c224d7602835111180,GENRE_1,False,False
834,Djavan,2023-05-20,2023,ESPACO UNIMED,DJAVAN,8000.0,MEDIAS CASAS,CASA DE SHOWS,-23.52812,-46.66805,5rrmaoBXZ7Jcs4Qb77j0YA,MPB,70.0,3748285.0,https://i.scdn.co/image/ab6761610000e5ebe699e9c224d7602835111180,GENRE_1,False,False
835,Djavan,2023-05-20,2023,ESPACO UNIMED,DJAVAN,8000.0,MEDIAS CASAS,CASA DE SHOWS,-23.52812,-46.66805,5rrmaoBXZ7Jcs4Qb77j0YA,MPB,70.0,3748285.0,https://i.scdn.co/image/ab6761610000e5ebe699e9c224d7602835111180,GENRE_1,False,False
836,Djavan,2023-05-20,2023,ESPACO UNIMED,DJAVAN,8000.0,MEDIAS CASAS,CASA DE SHOWS,-23.52812,-46.66805,5rrmaoBXZ7Jcs4Qb77j0YA,MPB,70.0,3748285.0,https://i.scdn.co/image/ab6761610000e5ebe699e9c224d7602835111180,GENRE_1,False,False
837,Djavan,2024-05-11,2024,ESPACO UNIMED,DJAVAN,8000.0,MEDIAS CASAS,CASA DE SHOWS,-23.52812,-46.66805,5rrmaoBXZ7Jcs4Qb77j0YA,MPB,70.0,3748285.0,https://i.scdn.co/image/ab6761610000e5ebe699e9c224d7602835111180,GENRE_1,False,False
838,Djavan,2024-05-11,2024,ESPACO UNIMED,DJAVAN,8000.0,MEDIAS CASAS,CASA DE SHOWS,-23.52812,-46.66805,5rrmaoBXZ7Jcs4Qb77j0YA,MPB,70.0,3748285.0,https://i.scdn.co/image/ab6761610000e5ebe699e9c224d7602835111180,GENRE_1,False,False
839,Djavan,2024-05-11,2024,ESPACO UNIMED,DJAVAN,8000.0,MEDIAS CASAS,CASA DE SHOWS,-23.52812,-46.66805,5rrmaoBXZ7Jcs4Qb77j0YA,MPB,70.0,3748285.0,https://i.scdn.co/image/ab6761610000e5ebe699e9c224d7602835111180,GENRE_1,False,False
840,Djavan,2024-05-11,2024,ESPACO UNIMED,DJAVAN,8000.0,MEDIAS CASAS,CASA DE SHOWS,-23.52812,-46.66805,5rrmaoBXZ7Jcs4Qb77j0YA,MPB,70.0,3748285.0,https://i.scdn.co/image/ab6761610000e5ebe699e9c224d7602835111180,GENRE_1,False,False
841,Djavan,2024-05-12,2024,ESPACO UNIMED,DJAVAN,8000.0,MEDIAS CASAS,CASA DE SHOWS,-23.52812,-46.66805,5rrmaoBXZ7Jcs4Qb77j0YA,MPB,70.0,3748285.0,https://i.scdn.co/image/ab6761610000e5ebe699e9c224d7602835111180,GENRE_1,False,False
842,Djavan,2024-05-12,2024,ESPACO UNIMED,DJAVAN,8000.0,MEDIAS CASAS,CASA DE SHOWS,-23.52812,-46.66805,5rrmaoBXZ7Jcs4Qb77j0YA,MPB,70.0,3748285.0,https://i.scdn.co/image/ab6761610000e5ebe699e9c224d7602835111180,GENRE_1,False,False
843,Djavan,2024-05-12,2024,ESPACO UNIMED,DJAVAN,8000.0,MEDIAS CASAS,CASA DE SHOWS,-23.52812,-46.66805,5rrmaoBXZ7Jcs4Qb77j0YA,MPB,70.0,3748285.0,https://i.scdn.co/image/ab6761610000e5ebe699e9c224d7602835111180,GENRE_1,False,False
844,Djavan,2024-05-12,2024,ESPACO UNIMED,DJAVAN,8000.0,MEDIAS CASAS,CASA DE SHOWS,-23.52812,-46.66805,5rrmaoBXZ7Jcs4Qb77j0YA,MPB,70.0,3748285.0,https://i.scdn.co/image/ab6761610000e5ebe699e9c224d7602835111180,GENRE_1,False,False
845,Djavan,2023-12-09,2023,VIBRA SAO PAULO,DJAVAN,7000.0,MEDIAS CASAS,TEATRO E CASA DE ESPETACULOS,-23.6475,-46.7239,5rrmaoBXZ7Jcs4Qb77j0YA,MPB,70.0,3748285.0,https://i.scdn.co/image/ab6761610000e5ebe699e9c224d7602835111180,GENRE_1,False,False
846,Djavan,2023-12-09,2023,VIBRA SAO PAULO,DJAVAN,7000.0,MEDIAS CASAS,TEATRO E CASA DE ESPETACULOS,-23.6475,-46.7239,5rrmaoBXZ7Jcs4Qb77j0YA,MPB,70.0,3748285.0,https://i.scdn.co/image/ab6761610000e5ebe699e9c224d7602835111180,GENRE_1,False,False
847,Djavan,2023-12-09,2023,VIBRA SAO PAULO,DJAVAN,7000.0,MEDIAS CASAS,TEATRO E CASA DE ESPETACULOS,-23.6475,-46.7239,5rrmaoBXZ7Jcs4Qb77j0YA,MPB,70.0,3748285.0,https://i.scdn.co/image/ab6761610000e5ebe699e9c224d7602835111180,GENRE_1,False,False
848,Djavan,2023-12-09,2023,VIBRA SAO PAULO,DJAVAN,7000.0,MEDIAS CASAS,TEATRO E CASA DE ESPETACULOS,-23.6475,-46.7239,5rrmaoBXZ7Jcs4Qb77j0YA,MPB,70.0,3748285.0,https://i.scdn.co/image/ab6761610000e5ebe699e9c224d7602835111180,GENRE_1,False,False
849,Wu‐Tang Clan,2023-04-02,2023,ESPACO UNIMED,WU-TANG CLAN,8000.0,MEDIAS CASAS,CASA DE SHOWS,-23.52812,-46.66805,34EP7KEpOjXcM2TCat1ISk,"EAST COAST HIP HOP, OLD SCHOOL HIP HOP, HIP HOP, GANGSTER RAP, HARDCORE HIP HOP",67.0,3728618.0,https://i.scdn.co/image/ab6761610000e5ebe60866298962b71792b2bf1a,LETTER_2,False,False
850,Tove Lo,2023-03-28,2023,AUDIO,TOVE LO,3200.0,MEDIAS CASAS,CASA DE SHOWS,-23.52822,-46.66968,4NHQUGzhtTLFvgF5SZesLK,0,73.0,3685010.0,https://i.scdn.co/image/ab6761610000e5eb2360c963315739fc33b01687,GENRE_1,False,False
851,Tove Lo,2023-03-26,2023,AUTODROMO DE INTERLAGOS,TOVE LO,100000.0,ARENAS E ESTADIOS,AREA EXTERNA PARA EVENTOS,-23.7000,-46.6972,4NHQUGzhtTLFvgF5SZesLK,0,73.0,3685010.0,https://i.scdn.co/image/ab6761610000e5eb2360c963315739fc33b01687,GENRE_1,LOLLAPALOOZA,"DRAKE, ROSALIA"
852,Péricles,2023-06-30,2023,AUDIO,PERICLES,3200.0,MEDIAS CASAS,CASA DE SHOWS,-23.52822,-46.66968,6gEzJZrbm0F4ihvE9iXR9z,"PAGODE, SAMBA",71.0,3664863.0,https://i.scdn.co/image/ab6761610000e5eb138a065983331bd82b67a23f,LETTER_2,False,False
853,Péricles,2023-06-30,2023,AUDIO,PERICLES,3200.0,MEDIAS CASAS,CASA DE SHOWS,-23.52822,-46.66968,6gEzJZrbm0F4ihvE9iXR9z,"PAGODE, SAMBA",71.0,3664863.0,https://i.scdn.co/image/ab6761610000e5eb138a065983331bd82b67a23f,LETTER_2,False,False
854,Péricles,2023-06-30,2023,AUDIO,PERICLES,3200.0,MEDIAS CASAS,CASA DE SHOWS,-23.52822,-46.66968,6gEzJZrbm0F4ihvE9iXR9z,"PAGODE, SAMBA",71.0,3664863.0,https://i.scdn.co/image/ab6761610000e5eb138a065983331bd82b67a23f,LETTER_2,False,False
855,Péricles,2023-06-30,2023,AUDIO,PERICLES,3200.0,MEDIAS CASAS,CASA DE SHOWS,-23.52822,-46.66968,6gEzJZrbm0F4ihvE9iXR9z,"PAGODE, SAMBA",71.0,3664863.0,https://i.scdn.co/image/ab6761610000e5eb138a065983331bd82b67a23f,LETTER_2,False,False
856,Péricles,2023-06-30,2023,AUDIO,PERICLES,3200.0,MEDIAS CASAS,CASA DE SHOWS,-23.52822,-46.66968,6gEzJZrbm0F4ihvE9iXR9z,"PAGODE, SAMBA",71.0,3664863.0,https://i.scdn.co/image/ab6761610000e5eb138a065983331bd82b67a23f,LETTER_2,False,False
857,Péricles,2023-06-30,2023,AUDIO,PERICLES,3200.0,MEDIAS CASAS,CASA DE SHOWS,-23.52822,-46.66968,6gEzJZrbm0F4ihvE9iXR9z,"PAGODE, SAMBA",71.0,3664863.0,https://i.scdn.co/image/ab6761610000e5eb138a065983331bd82b67a23f,LETTER_2,False,False
858,Péricles,2023-06-30,2023,AUDIO,PERICLES,3200.0,MEDIAS CASAS,CASA DE SHOWS,-23.52822,-46.66968,6gEzJZrbm0F4ihvE9iXR9z,"PAGODE, SAMBA",71.0,3664863.0,https://i.scdn.co/image/ab6761610000e5eb138a065983331bd82b67a23f,LETTER_2,False,False
859,Péricles,2024-06-14,2024,AUDIO,PERICLES,3200.0,MEDIAS CASAS,CASA DE SHOWS,-23.52822,-46.66968,6gEzJZrbm0F4ihvE9iXR9z,"PAGODE, SAMBA",71.0,3664863.0,https://i.scdn.co/image/ab6761610000e5eb138a065983331bd82b67a23f,LETTER_2,False,False
860,Péricles,2024-06-14,2024,AUDIO,PERICLES,3200.0,MEDIAS CASAS,CASA DE SHOWS,-23.52822,-46.66968,6gEzJZrbm0F4ihvE9iXR9z,"PAGODE, SAMBA",71.0,3664863.0,https://i.scdn.co/image/ab6761610000e5eb138a065983331bd82b67a23f,LETTER_2,False,False
861,Péricles,2024-06-14,2024,AUDIO,PERICLES,3200.0,MEDIAS CASAS,CASA DE SHOWS,-23.52822,-46.66968,6gEzJZrbm0F4ihvE9iXR9z,"PAGODE, SAMBA",71.0,3664863.0,https://i.scdn.co/image/ab6761610000e5eb138a065983331bd82b67a23f,LETTER_2,False,False
862,Péricles,2024-06-14,2024,AUDIO,PERICLES,3200.0,MEDIAS CASAS,CASA DE SHOWS,-23.52822,-46.66968,6gEzJZrbm0F4ihvE9iXR9z,"PAGODE, SAMBA",71.0,3664863.0,https://i.scdn.co/image/ab6761610000e5eb138a065983331bd82b67a23f,LETTER_2,False,False
863,Péricles,2024-06-14,2024,AUDIO,PERICLES,3200.0,MEDIAS CASAS,CASA DE SHOWS,-23.52822,-46.66968,6gEzJZrbm0F4ihvE9iXR9z,"PAGODE, SAMBA",71.0,3664863.0,https://i.scdn.co/image/ab6761610000e5eb138a065983331bd82b67a23f,LETTER_2,False,False
864,Péricles,2024-06-14,2024,AUDIO,PERICLES,3200.0,MEDIAS CASAS,CASA DE SHOWS,-23.52822,-46.66968,6gEzJZrbm0F4ihvE9iXR9z,"PAGODE, SAMBA",71.0,3664863.0,https://i.scdn.co/image/ab6761610000e5eb138a065983331bd82b67a23f,LETTER_2,False,False
865,Péricles,2024-06-14,2024,AUDIO,PERICLES,3200.0,MEDIAS CASAS,CASA DE SHOWS,-23.52822,-46.66968,6gEzJZrbm0F4ihvE9iXR9z,"PAGODE, SAMBA",71.0,3664863.0,https://i.scdn.co/image/ab6761610000e5eb138a065983331bd82b67a23f,LETTER_2,False,False
866,Péricles,2025-09-13,2025,AUTODROMO DE INTERLAGOS,PERICLES,100000.0,ARENAS E ESTADIOS,AREA EXTERNA PARA EVENTOS,-23.7000,-46.6972,6gEzJZrbm0F4ihvE9iXR9z,"PAGODE, SAMBA",71.0,3664863.0,https://i.scdn.co/image/ab6761610000e5eb138a065983331bd82b67a23f,LETTER_2,THE TOWN,MARIAH CAREY
867,Péricles,2025-09-13,2025,AUTODROMO DE INTERLAGOS,PERICLES,100000.0,ARENAS E ESTADIOS,AREA EXTERNA PARA EVENTOS,-23.7000,-46.6972,6gEzJZrbm0F4ihvE9iXR9z,"PAGODE, SAMBA",71.0,3664863.0,https://i.scdn.co/image/ab6761610000e5eb138a065983331bd82b67a23f,LETTER_2,THE TOWN,MARIAH CAREY
868,Péricles,2025-09-13,2025,AUTODROMO DE INTERLAGOS,PERICLES,100000.0,ARENAS E ESTADIOS,AREA EXTERNA PARA EVENTOS,-23.7000,-46.6972,6gEzJZrbm0F4ihvE9iXR9z,"PAGODE, SAMBA",71.0,3664863.0,https://i.scdn.co/image/ab6761610000e5eb138a065983331bd82b67a23f,LETTER_2,THE TOWN,MARIAH CAREY
869,Péricles,2025-09-13,2025,AUTODROMO DE INTERLAGOS,PERICLES,100000.0,ARENAS E ESTADIOS,AREA EXTERNA PARA EVENTOS,-23.7000,-46.6972,6gEzJZrbm0F4ihvE9iXR9z,"PAGODE, SAMBA",71.0,3664863.0,https://i.scdn.co/image/ab6761610000e5eb138a065983331bd82b67a23f,LETTER_2,THE TOWN,MARIAH CAREY
870,Péricles,2025-09-13,2025,AUTODROMO DE INTERLAGOS,PERICLES,100000.0,ARENAS E ESTADIOS,AREA EXTERNA PARA EVENTOS,-23.7000,-46.6972,6gEzJZrbm0F4ihvE9iXR9z,"PAGODE, SAMBA",71.0,3664863.0,https://i.scdn.co/image/ab6761610000e5eb138a065983331bd82b67a23f,LETTER_2,THE TOWN,MARIAH CAREY
871,Péricles,2025-09-13,2025,AUTODROMO DE INTERLAGOS,PERICLES,100000.0,ARENAS E ESTADIOS,AREA EXTERNA PARA EVENTOS,-23.7000,-46.6972,6gEzJZrbm0F4ihvE9iXR9z,"PAGODE, SAMBA",71.0,3664863.0,https://i.scdn.co/image/ab6761610000e5eb138a065983331bd82b67a23f,LETTER_2,THE TOWN,MARIAH CAREY
872,Péricles,2025-09-13,2025,AUTODROMO DE INTERLAGOS,PERICLES,100000.0,ARENAS E ESTADIOS,AREA EXTERNA PARA EVENTOS,-23.7000,-46.6972,6gEzJZrbm0F4ihvE9iXR9z,"PAGODE, SAMBA",71.0,3664863.0,https://i.scdn.co/image/ab6761610000e5eb138a065983331bd82b67a23f,LETTER_2,THE TOWN,MARIAH CAREY
873,Péricles,2022-05-07,2022,EXPO CENTER NORTE,PERICLES,25000.0,GRANDES CASAS,CENTRO DE EXPOSICOES,-23.5130,-46.6237,6gEzJZrbm0F4ihvE9iXR9z,"PAGODE, SAMBA",71.0,3664863.0,https://i.scdn.co/image/ab6761610000e5eb138a065983331bd82b67a23f,LETTER_2,False,False
874,Péricles,2022-05-07,2022,EXPO CENTER NORTE,PERICLES,25000.0,GRANDES CASAS,CENTRO DE EXPOSICOES,-23.5130,-46.6237,6gEzJZrbm0F4ihvE9iXR9z,"PAGODE, SAMBA",71.0,3664863.0,https://i.scdn.co/image/ab6761610000e5eb138a065983331bd82b67a23f,LETTER_2,False,False
875,Péricles,2022-05-07,2022,EXPO CENTER NORTE,PERICLES,25000.0,GRANDES CASAS,CENTRO DE EXPOSICOES,-23.5130,-46.6237,6gEzJZrbm0F4ihvE9iXR9z,"PAGODE, SAMBA",71.0,3664863.0,https://i.scdn.co/image/ab6761610000e5eb138a065983331bd82b67a23f,LETTER_2,False,False
876,Péricles,2022-05-07,2022,EXPO CENTER NORTE,PERICLES,25000.0,GRANDES CASAS,CENTRO DE EXPOSICOES,-23.5130,-46.6237,6gEzJZrbm0F4ihvE9iXR9z,"PAGODE, SAMBA",71.0,3664863.0,https://i.scdn.co/image/ab6761610000e5eb138a065983331bd82b67a23f,LETTER_2,False,False
877,Péricles,2022-05-07,2022,EXPO CENTER NORTE,PERICLES,25000.0,GRANDES CASAS,CENTRO DE EXPOSICOES,-23.5130,-46.6237,6gEzJZrbm0F4ihvE9iXR9z,"PAGODE, SAMBA",71.0,3664863.0,https://i.scdn.co/image/ab6761610000e5eb138a065983331bd82b67a23f,LETTER_2,False,False
878,Péricles,2022-05-07,2022,EXPO CENTER NORTE,PERICLES,25000.0,GRANDES CASAS,CENTRO DE EXPOSICOES,-23.5130,-46.6237,6gEzJZrbm0F4ihvE9iXR9z,"PAGODE, SAMBA",71.0,3664863.0,https://i.scdn.co/image/ab6761610000e5eb138a065983331bd82b67a23f,LETTER_2,False,False
879,Péricles,2022-05-07,2022,EXPO CENTER NORTE,PERICLES,25000.0,GRANDES CASAS,CENTRO DE EXPOSICOES,-23.5130,-46.6237,6gEzJZrbm0F4ihvE9iXR9z,"PAGODE, SAMBA",71.0,3664863.0,https://i.scdn.co/image/ab6761610000e5eb138a065983331bd82b67a23f,LETTER_2,False,False
880,Péricles,2023-09-15,2023,MEMORIAL DA AMERICA LATINA,PERICLES,15000.0,GRANDES CASAS,AREA EXTERNA PARA EVENTOS,-23.5274091,-46.6656539,6gEzJZrbm0F4ihvE9iXR9z,"PAGODE, SAMBA",71.0,3664863.0,https://i.scdn.co/image/ab6761610000e5eb138a065983331bd82b67a23f,LETTER_2,COALA FESTIVAL,OLODUMBAIANO
881,Péricles,2023-09-15,2023,MEMORIAL DA AMERICA LATINA,PERICLES,15000.0,GRANDES CASAS,AREA EXTERNA PARA EVENTOS,-23.5274091,-46.6656539,6gEzJZrbm0F4ihvE9iXR9z,"PAGODE, SAMBA",71.0,3664863.0,https://i.scdn.co/image/ab6761610000e5eb138a065983331bd82b67a23f,LETTER_2,COALA FESTIVAL,OLODUMBAIANO
882,Péricles,2023-09-15,2023,MEMORIAL DA AMERICA LATINA,PERICLES,15000.0,GRANDES CASAS,AREA EXTERNA PARA EVENTOS,-23.5274091,-46.6656539,6gEzJZrbm0F4ihvE9iXR9z,"PAGODE, SAMBA",71.0,3664863.0,https://i.scdn.co/image/ab6761610000e5eb138a065983331bd82b67a23f,LETTER_2,COALA FESTIVAL,OLODUMBAIANO
883,Péricles,2023-09-15,2023,MEMORIAL DA AMERICA LATINA,PERICLES,15000.0,GRANDES CASAS,AREA EXTERNA PARA EVENTOS,-23.5274091,-46.6656539,6gEzJZrbm0F4ihvE9iXR9z,"PAGODE, SAMBA",71.0,3664863.0,https://i.scdn.co/image/ab6761610000e5eb138a065983331bd82b67a23f,LETTER_2,COALA FESTIVAL,OLODUMBAIANO
884,Péricles,2023-09-15,2023,MEMORIAL DA AMERICA LATINA,PERICLES,15000.0,GRANDES CASAS,AREA EXTERNA PARA EVENTOS,-23.5274091,-46.6656539,6gEzJZrbm0F4ihvE9iXR9z,"PAGODE, SAMBA",71.0,3664863.0,https://i.scdn.co/image/ab6761610000e5eb138a065983331bd82b67a23f,LETTER_2,COALA FESTIVAL,OLODUMBAIANO
885,Péricles,2023-09-15,2023,MEMORIAL DA AMERICA LATINA,PERICLES,15000.0,GRANDES CASAS,AREA EXTERNA PARA EVENTOS,-23.5274091,-46.6656539,6gEzJZrbm0F4ihvE9iXR9z,"PAGODE, SAMBA",71.0,3664863.0,https://i.scdn.co/image/ab6761610000e5eb138a065983331bd82b67a23f,LETTER_2,COALA FESTIVAL,OLODUMBAIANO
886,Péricles,2023-09-15,2023,MEMORIAL DA AMERICA LATINA,PERICLES,15000.0,GRANDES CASAS,AREA EXTERNA PARA EVENTOS,-23.5274091,-46.6656539,6gEzJZrbm0F4ihvE9iXR9z,"PAGODE, SAMBA",71.0,3664863.0,https://i.scdn.co/image/ab6761610000e5eb138a065983331bd82b67a23f,LETTER_2,COALA FESTIVAL,OLODUMBAIANO
887,Péricles,2023-04-28,2023,ESPACO UNIMED,PERICLES,8000.0,MEDIAS CASAS,CASA DE SHOWS,-23.52812,-46.66805,6gEzJZrbm0F4ihvE9iXR9z,"PAGODE, SAMBA",71.0,3664863.0,https://i.scdn.co/image/ab6761610000e5eb138a065983331bd82b67a23f,LETTER_2,False,False
888,Péricles,2023-04-28,2023,ESPACO UNIMED,PERICLES,8000.0,MEDIAS CASAS,CASA DE SHOWS,-23.52812,-46.66805,6gEzJZrbm0F4ihvE9iXR9z,"PAGODE, SAMBA",71.0,3664863.0,https://i.scdn.co/image/ab6761610000e5eb138a065983331bd82b67a23f,LETTER_2,False,False
889,Péricles,2023-04-28,2023,ESPACO UNIMED,PERICLES,8000.0,MEDIAS CASAS,CASA DE SHOWS,-23.52812,-46.66805,6gEzJZrbm0F4ihvE9iXR9z,"PAGODE, SAMBA",71.0,3664863.0,https://i.scdn.co/image/ab6761610000e5eb138a065983331bd82b67a23f,LETTER_2,False,False
890,Péricles,2023-04-28,2023,ESPACO UNIMED,PERICLES,8000.0,MEDIAS CASAS,CASA DE SHOWS,-23.52812,-46.66805,6gEzJZrbm0F4ihvE9iXR9z,"PAGODE, SAMBA",71.0,3664863.0,https://i.scdn.co/image/ab6761610000e5eb138a065983331bd82b67a23f,LETTER_2,False,False
891,Péricles,2023-04-28,2023,ESPACO UNIMED,PERICLES,8000.0,MEDIAS CASAS,CASA DE SHOWS,-23.52812,-46.66805,6gEzJZrbm0F4ihvE9iXR9z,"PAGODE, SAMBA",71.0,3664863.0,https://i.scdn.co/image/ab6761610000e5eb138a065983331bd82b67a23f,LETTER_2,False,False
892,Péricles,2023-04-28,2023,ESPACO UNIMED,PERICLES,8000.0,MEDIAS CASAS,CASA DE SHOWS,-23.52812,-46.66805,6gEzJZrbm0F4ihvE9iXR9z,"PAGODE, SAMBA",71.0,3664863.0,https://i.scdn.co/image/ab6761610000e5eb138a065983331bd82b67a23f,LETTER_2,False,False
893,Péricles,2023-04-28,2023,ESPACO UNIMED,PERICLES,8000.0,MEDIAS CASAS,CASA DE SHOWS,-23.52812,-46.66805,6gEzJZrbm0F4ihvE9iXR9z,"PAGODE, SAMBA",71.0,3664863.0,https://i.scdn.co/image/ab6761610000e5eb138a065983331bd82b67a23f,LETTER_2,False,False
894,Péricles,2024-11-08,2024,TERRA SP,PERICLES,6000.0,MEDIAS CASAS,CASA DE SHOWS,-23.6463,-46.7763,6gEzJZrbm0F4ihvE9iXR9z,"PAGODE, SAMBA",71.0,3664863.0,https://i.scdn.co/image/ab6761610000e5eb138a065983331bd82b67a23f,LETTER_2,False,False
895,Péricles,2024-11-08,2024,TERRA SP,PERICLES,6000.0,MEDIAS CASAS,CASA DE SHOWS,-23.6463,-46.7763,6gEzJZrbm0F4ihvE9iXR9z,"PAGODE, SAMBA",71.0,3664863.0,https://i.scdn.co/image/ab6761610000e5eb138a065983331bd82b67a23f,LETTER_2,False,False
896,Péricles,2024-11-08,2024,TERRA SP,PERICLES,6000.0,MEDIAS CASAS,CASA DE SHOWS,-23.6463,-46.7763,6gEzJZrbm0F4ihvE9iXR9z,"PAGODE, SAMBA",71.0,3664863.0,https://i.scdn.co/image/ab6761610000e5eb138a065983331bd82b67a23f,LETTER_2,False,False
897,Péricles,2024-11-08,2024,TERRA SP,PERICLES,6000.0,MEDIAS CASAS,CASA DE SHOWS,-23.6463,-46.7763,6gEzJZrbm0F4ihvE9iXR9z,"PAGODE, SAMBA",71.0,3664863.0,https://i.scdn.co/image/ab6761610000e5eb138a065983331bd82b67a23f,LETTER_2,False,False
898,Péricles,2024-11-08,2024,TERRA SP,PERICLES,6000.0,MEDIAS CASAS,CASA DE SHOWS,-23.6463,-46.7763,6gEzJZrbm0F4ihvE9iXR9z,"PAGODE, SAMBA",71.0,3664863.0,https://i.scdn.co/image/ab6761610000e5eb138a065983331bd82b67a23f,LETTER_2,False,False
899,Péricles,2024-11-08,2024,TERRA SP,PERICLES,6000.0,MEDIAS CASAS,CASA DE SHOWS,-23.6463,-46.7763,6gEzJZrbm0F4ihvE9iXR9z,"PAGODE, SAMBA",71.0,3664863.0,https://i.scdn.co/image/ab6761610000e5eb138a065983331bd82b67a23f,LETTER_2,False,False
900,Péricles,2024-11-08,2024,TERRA SP,PERICLES,6000.0,MEDIAS CASAS,CASA DE SHOWS,-23.6463,-46.7763,6gEzJZrbm0F4ihvE9iXR9z,"PAGODE, SAMBA",71.0,3664863.0,https://i.scdn.co/image/ab6761610000e5eb138a065983331bd82b67a23f,LETTER_2,False,False
901,Tz da Coronel,2024-03-24,2024,AUTODROMO DE INTERLAGOS,TZ DA CORONEL,100000.0,ARENAS E ESTADIOS,AREA EXTERNA PARA EVENTOS,-23.7000,-46.6972,3lIU3RoZiHen1QXAQ3KQ9e,"BRAZILIAN TRAP, TRAP FUNK, TRAP, BRAZILIAN HIP HOP, CHORAL",70.0,3660894.0,https://i.scdn.co/image/ab6761610000e5eb725669891cb9b61edf74806a,LETTER_1,LOLLAPALOOZA,"SZA, SAM SMITH"
902,Tz da Coronel,2025-09-12,2025,AUTODROMO DE INTERLAGOS,TZ DA CORONEL,100000.0,ARENAS E ESTADIOS,AREA EXTERNA PARA EVENTOS,-23.7000,-46.6972,3lIU3RoZiHen1QXAQ3KQ9e,"BRAZILIAN TRAP, TRAP FUNK, TRAP, BRAZILIAN HIP HOP, CHORAL",70.0,3660894.0,https://i.scdn.co/image/ab6761610000e5eb725669891cb9b61edf74806a,LETTER_1,THE TOWN,BACKSTREET BOYS
903,Tz da Coronel,2025-11-21,2025,NEO QUIMICA ARENA,TZ DA CORONEL,49000.0,ARENAS E ESTADIOS,ESTADIO MULTIUSO,-23.54534,-46.47476,3lIU3RoZiHen1QXAQ3KQ9e,"BRAZILIAN TRAP, TRAP FUNK, TRAP, BRAZILIAN HIP HOP, CHORAL",70.0,3660894.0,https://i.scdn.co/image/ab6761610000e5eb725669891cb9b61edf74806a,LETTER_1,False,False
904,Incubus,2025-04-10,2025,ESPACO UNIMED,INCUBUS,8000.0,MEDIAS CASAS,CASA DE SHOWS,-23.52812,-46.66805,3YcBF2ttyueytpXtEzn1Za,"NU METAL, FUNK ROCK, ALTERNATIVE METAL, ALTERNATIVE ROCK",70.0,3658670.0,https://i.scdn.co/image/ab6761610000e5eb83512923cb6ea021f8bb1b3b,GENRE_1,False,False
905,Lenny Kravitz,2024-11-23,2024,ALLIANZ PARQUE,LENNY KRAVITZ,45000.0,ARENAS E ESTADIOS,ESTADIO MULTIUSO,-23.5276207,-46.6784662,5gznATMVO85ZcLTkE9ULU7,ROCK,72.0,3624292.0,https://i.scdn.co/image/ab6761610000e5ebe0cf058473839f1c9f49937e,GENRE_1,False,False
906,Natiruts,2024-08-24,2024,ALLIANZ PARQUE,NATIRUTS,45000.0,ARENAS E ESTADIOS,ESTADIO MULTIUSO,-23.5276207,-46.6784662,4PhdYoQGH8s1xee81dqQOO,"REGGAE, MPB, ROOTS REGGAE",69.0,3611661.0,https://i.scdn.co/image/ab6761610000e5eb764999c0589ff0cb6eedc4f1,GENRE_2,False,False
907,Natiruts,2024-08-24,2024,ALLIANZ PARQUE,NATIRUTS,45000.0,ARENAS E ESTADIOS,ESTADIO MULTIUSO,-23.5276207,-46.6784662,4PhdYoQGH8s1xee81dqQOO,"REGGAE, MPB, ROOTS REGGAE",69.0,3611661.0,https://i.scdn.co/image/ab6761610000e5eb764999c0589ff0cb6eedc4f1,GENRE_2,False,False
908,Natiruts,2024-08-25,2024,ALLIANZ PARQUE,NATIRUTS,45000.0,ARENAS E ESTADIOS,ESTADIO MULTIUSO,-23.5276207,-46.6784662,4PhdYoQGH8s1xee81dqQOO,"REGGAE, MPB, ROOTS REGGAE",69.0,3611661.0,https://i.scdn.co/image/ab6761610000e5eb764999c0589ff0cb6eedc4f1,GENRE_2,False,False
909,Natiruts,2024-08-25,2024,ALLIANZ PARQUE,NATIRUTS,45000.0,ARENAS E ESTADIOS,ESTADIO MULTIUSO,-23.5276207,-46.6784662,4PhdYoQGH8s1xee81dqQOO,"REGGAE, MPB, ROOTS REGGAE",69.0,3611661.0,https://i.scdn.co/image/ab6761610000e5eb764999c0589ff0cb6eedc4f1,GENRE_2,False,False
910,Natiruts,2024-08-30,2024,ALLIANZ PARQUE,NATIRUTS,45000.0,ARENAS E ESTADIOS,ESTADIO MULTIUSO,-23.5276207,-46.6784662,4PhdYoQGH8s1xee81dqQOO,"REGGAE, MPB, ROOTS REGGAE",69.0,3611661.0,https://i.scdn.co/image/ab6761610000e5eb764999c0589ff0cb6eedc4f1,GENRE_2,False,False
911,Natiruts,2024-08-30,2024,ALLIANZ PARQUE,NATIRUTS,45000.0,ARENAS E ESTADIOS,ESTADIO MULTIUSO,-23.5276207,-46.6784662,4PhdYoQGH8s1xee81dqQOO,"REGGAE, MPB, ROOTS REGGAE",69.0,3611661.0,https://i.scdn.co/image/ab6761610000e5eb764999c0589ff0cb6eedc4f1,GENRE_2,False,False
912,Natiruts,2024-08-31,2024,ALLIANZ PARQUE,NATIRUTS,45000.0,ARENAS E ESTADIOS,ESTADIO MULTIUSO,-23.5276207,-46.6784662,4PhdYoQGH8s1xee81dqQOO,"REGGAE, MPB, ROOTS REGGAE",69.0,3611661.0,https://i.scdn.co/image/ab6761610000e5eb764999c0589ff0cb6eedc4f1,GENRE_2,False,False
913,Natiruts,2024-08-31,2024,ALLIANZ PARQUE,NATIRUTS,45000.0,ARENAS E ESTADIOS,ESTADIO MULTIUSO,-23.5276207,-46.6784662,4PhdYoQGH8s1xee81dqQOO,"REGGAE, MPB, ROOTS REGGAE",69.0,3611661.0,https://i.scdn.co/image/ab6761610000e5eb764999c0589ff0cb6eedc4f1,GENRE_2,False,False
914,Natiruts,2025-07-18,2025,ALLIANZ PARQUE,NATIRUTS,45000.0,ARENAS E ESTADIOS,ESTADIO MULTIUSO,-23.5276207,-46.6784662,4PhdYoQGH8s1xee81dqQOO,"REGGAE, MPB, ROOTS REGGAE",69.0,3611661.0,https://i.scdn.co/image/ab6761610000e5eb764999c0589ff0cb6eedc4f1,GENRE_2,False,False
915,Natiruts,2025-07-18,2025,ALLIANZ PARQUE,NATIRUTS,45000.0,ARENAS E ESTADIOS,ESTADIO MULTIUSO,-23.5276207,-46.6784662,4PhdYoQGH8s1xee81dqQOO,"REGGAE, MPB, ROOTS REGGAE",69.0,3611661.0,https://i.scdn.co/image/ab6761610000e5eb764999c0589ff0cb6eedc4f1,GENRE_2,False,False
916,Natiruts,2025-07-19,2025,ALLIANZ PARQUE,NATIRUTS,45000.0,ARENAS E ESTADIOS,ESTADIO MULTIUSO,-23.5276207,-46.6784662,4PhdYoQGH8s1xee81dqQOO,"REGGAE, MPB, ROOTS REGGAE",69.0,3611661.0,https://i.scdn.co/image/ab6761610000e5eb764999c0589ff0cb6eedc4f1,GENRE_2,False,False
917,Natiruts,2025-07-19,2025,ALLIANZ PARQUE,NATIRUTS,45000.0,ARENAS E ESTADIOS,ESTADIO MULTIUSO,-23.5276207,-46.6784662,4PhdYoQGH8s1xee81dqQOO,"REGGAE, MPB, ROOTS REGGAE",69.0,3611661.0,https://i.scdn.co/image/ab6761610000e5eb764999c0589ff0cb6eedc4f1,GENRE_2,False,False
918,Natiruts,2023-06-03,2023,NOVO ANHANGABAU,NATIRUTS,35000.0,GRANDES CASAS,AREA EXTERNA PARA EVENTOS,-23.54429,-46.63623,4PhdYoQGH8s1xee81dqQOO,"REGGAE, MPB, ROOTS REGGAE",69.0,3611661.0,https://i.scdn.co/image/ab6761610000e5eb764999c0589ff0cb6eedc4f1,GENRE_2,MITA FESTIVAL,LANA DEL REY
919,Natiruts,2023-06-03,2023,NOVO ANHANGABAU,NATIRUTS,35000.0,GRANDES CASAS,AREA EXTERNA PARA EVENTOS,-23.54429,-46.63623,4PhdYoQGH8s1xee81dqQOO,"REGGAE, MPB, ROOTS REGGAE",69.0,3611661.0,https://i.scdn.co/image/ab6761610000e5eb764999c0589ff0cb6eedc4f1,GENRE_2,MITA FESTIVAL,LANA DEL REY
920,Bullet for My Valentine,2022-09-03,2022,AUDIO,BULLET FOR MY VALENTINE,3200.0,MEDIAS CASAS,CASA DE SHOWS,-23.52822,-46.66968,7iWiAD5LLKyiox2grgfmUT,"METALCORE, METAL",67.0,3516097.0,https://i.scdn.co/image/ab6761610000e5eb18219fa877c67b4eda00550c,GENRE_2,False,False
921,WIU,2023-03-12,2023,AUDIO,WIU,3200.0,MEDIAS CASAS,CASA DE SHOWS,-23.52822,-46.66968,3MrDVzg7ZXaYMyQmbDInr7,"BRAZILIAN TRAP, TRAP, TRAP FUNK, BRAZILIAN HIP HOP",73.0,3505650.0,https://i.scdn.co/image/ab6761610000e5eba99239905a1149b25c8a69ad,LETTER_1,False,False
922,WIU,2025-05-29,2025,AUDIO,WIU,3200.0,MEDIAS CASAS,CASA DE SHOWS,-23.52822,-46.66968,3MrDVzg7ZXaYMyQmbDInr7,"BRAZILIAN TRAP, TRAP, TRAP FUNK, BRAZILIAN HIP HOP",73.0,3505650.0,https://i.scdn.co/image/ab6761610000e5eba99239905a1149b25c8a69ad,LETTER_1,False,False
923,WIU,2023-09-03,2023,AUTODROMO DE INTERLAGOS,WIU,100000.0,ARENAS E ESTADIOS,AREA EXTERNA PARA EVENTOS,-23.7000,-46.6972,3MrDVzg7ZXaYMyQmbDInr7,"BRAZILIAN TRAP, TRAP, TRAP FUNK, BRAZILIAN HIP HOP",73.0,3505650.0,https://i.scdn.co/image/ab6761610000e5eba99239905a1149b25c8a69ad,LETTER_1,THE TOWN,"BRUNO MARS, BEBE REXHA"
924,WIU,2025-09-06,2025,AUTODROMO DE INTERLAGOS,WIU,100000.0,ARENAS E ESTADIOS,AREA EXTERNA PARA EVENTOS,-23.7000,-46.6972,3MrDVzg7ZXaYMyQmbDInr7,"BRAZILIAN TRAP, TRAP, TRAP FUNK, BRAZILIAN HIP HOP",73.0,3505650.0,https://i.scdn.co/image/ab6761610000e5eba99239905a1149b25c8a69ad,LETTER_1,THE TOWN,TRAVIS SCOTT
925,WIU,2024-06-09,2024,ALLIANZ PARQUE,WIU,45000.0,ARENAS E ESTADIOS,ESTADIO MULTIUSO,-23.5276207,-46.6784662,3MrDVzg7ZXaYMyQmbDInr7,"BRAZILIAN TRAP, TRAP, TRAP FUNK, BRAZILIAN HIP HOP",73.0,3505650.0,https://i.scdn.co/image/ab6761610000e5eba99239905a1149b25c8a69ad,LETTER_1,False,False
926,WIU,2024-01-25,2024,MEMORIAL DA AMERICA LATINA,WIU,15000.0,GRANDES CASAS,AREA EXTERNA PARA EVENTOS,-23.5274091,-46.6656539,3MrDVzg7ZXaYMyQmbDInr7,"BRAZILIAN TRAP, TRAP, TRAP FUNK, BRAZILIAN HIP HOP",73.0,3505650.0,https://i.scdn.co/image/ab6761610000e5eba99239905a1149b25c8a69ad,LETTER_1,False,False
927,Jão,2022-03-18,2022,ESPACO DAS AMERICAS,JAO,8000.0,MEDIAS CASAS,CASA DE SHOWS,-23.5156,-46.6820,59FrDXDVJz0EKqYg39dnT2,"BRAZILIAN POP, NOVA MPB, MPB",63.0,3435550.0,https://i.scdn.co/image/ab6761610000e5ebc4bed49b3a6321d7a2097ace,GENRE_1,False,False
928,Jão,2022-04-14,2022,ESPACO DAS AMERICAS,JAO,8000.0,MEDIAS CASAS,CASA DE SHOWS,-23.5156,-46.6820,59FrDXDVJz0EKqYg39dnT2,"BRAZILIAN POP, NOVA MPB, MPB",63.0,3435550.0,https://i.scdn.co/image/ab6761610000e5ebc4bed49b3a6321d7a2097ace,GENRE_1,False,False
929,Jão,2022-03-26,2022,AUTODROMO DE INTERLAGOS,JAO,100000.0,ARENAS E ESTADIOS,AREA EXTERNA PARA EVENTOS,-23.7000,-46.6972,59FrDXDVJz0EKqYg39dnT2,"BRAZILIAN POP, NOVA MPB, MPB",63.0,3435550.0,https://i.scdn.co/image/ab6761610000e5ebc4bed49b3a6321d7a2097ace,GENRE_1,LOLLAPALOOZA,MILEY CYRUS
930,Jão,2023-09-10,2023,AUTODROMO DE INTERLAGOS,JAO,100000.0,ARENAS E ESTADIOS,AREA EXTERNA PARA EVENTOS,-23.7000,-46.6972,59FrDXDVJz0EKqYg39dnT2,"BRAZILIAN POP, NOVA MPB, MPB",63.0,3435550.0,https://i.scdn.co/image/ab6761610000e5ebc4bed49b3a6321d7a2097ace,GENRE_1,THE TOWN,"BRUNO MARS, H.E.R"
931,Jão,2025-03-28,2025,AUTODROMO DE INTERLAGOS,JAO,100000.0,ARENAS E ESTADIOS,AREA EXTERNA PARA EVENTOS,-23.7000,-46.6972,59FrDXDVJz0EKqYg39dnT2,"BRAZILIAN POP, NOVA MPB, MPB",63.0,3435550.0,https://i.scdn.co/image/ab6761610000e5ebc4bed49b3a6321d7a2097ace,GENRE_1,LOLLAPALOOZA,OLIVIA RODRIGO
932,Jão,2022-04-05,2022,ALLIANZ PARQUE,JAO,45000.0,ARENAS E ESTADIOS,ESTADIO MULTIUSO,-23.5276207,-46.6784662,59FrDXDVJz0EKqYg39dnT2,"BRAZILIAN POP, NOVA MPB, MPB",63.0,3435550.0,https://i.scdn.co/image/ab6761610000e5ebc4bed49b3a6321d7a2097ace,GENRE_1,False,False
933,Jão,2024-01-20,2024,ALLIANZ PARQUE,JAO,45000.0,ARENAS E ESTADIOS,ESTADIO MULTIUSO,-23.5276207,-46.6784662,59FrDXDVJz0EKqYg39dnT2,"BRAZILIAN POP, NOVA MPB, MPB",63.0,3435550.0,https://i.scdn.co/image/ab6761610000e5ebc4bed49b3a6321d7a2097ace,GENRE_1,False,False
934,Jão,2024-01-21,2024,ALLIANZ PARQUE,JAO,45000.0,ARENAS E ESTADIOS,ESTADIO MULTIUSO,-23.5276207,-46.6784662,59FrDXDVJz0EKqYg39dnT2,"BRAZILIAN POP, NOVA MPB, MPB",63.0,3435550.0,https://i.scdn.co/image/ab6761610000e5ebc4bed49b3a6321d7a2097ace,GENRE_1,False,False
935,Jão,2023-02-11,2023,MEMORIAL DA AMERICA LATINA,JAO,15000.0,GRANDES CASAS,AREA EXTERNA PARA EVENTOS,-23.5274091,-46.6656539,59FrDXDVJz0EKqYg39dnT2,"BRAZILIAN POP, NOVA MPB, MPB",63.0,3435550.0,https://i.scdn.co/image/ab6761610000e5ebc4bed49b3a6321d7a2097ace,GENRE_1,False,False
936,Jão,2022-06-22,2022,TOKIO MARINE HALL,JAO,4000.0,MEDIAS CASAS,CASA DE SHOWS,-23.6383,-46.7203,59FrDXDVJz0EKqYg39dnT2,"BRAZILIAN POP, NOVA MPB, MPB",63.0,3435550.0,https://i.scdn.co/image/ab6761610000e5ebc4bed49b3a6321d7a2097ace,GENRE_1,False,False
937,Jão,2022-05-27,2022,ESPACO UNIMED,JAO,8000.0,MEDIAS CASAS,CASA DE SHOWS,-23.52812,-46.66805,59FrDXDVJz0EKqYg39dnT2,"BRAZILIAN POP, NOVA MPB, MPB",63.0,3435550.0,https://i.scdn.co/image/ab6761610000e5ebc4bed49b3a6321d7a2097ace,GENRE_1,False,False
938,Jão,2022-08-14,2022,ESPACO UNIMED,JAO,8000.0,MEDIAS CASAS,CASA DE SHOWS,-23.52812,-46.66805,59FrDXDVJz0EKqYg39dnT2,"BRAZILIAN POP, NOVA MPB, MPB",63.0,3435550.0,https://i.scdn.co/image/ab6761610000e5ebc4bed49b3a6321d7a2097ace,GENRE_1,False,False
939,Jão,2022-08-20,2022,ESPACO UNIMED,JAO,8000.0,MEDIAS CASAS,CASA DE SHOWS,-23.52812,-46.66805,59FrDXDVJz0EKqYg39dnT2,"BRAZILIAN POP, NOVA MPB, MPB",63.0,3435550.0,https://i.scdn.co/image/ab6761610000e5ebc4bed49b3a6321d7a2097ace,GENRE_1,False,False
940,Jão,2022-11-11,2022,ESPACO UNIMED,JAO,8000.0,MEDIAS CASAS,CASA DE SHOWS,-23.52812,-46.66805,59FrDXDVJz0EKqYg39dnT2,"BRAZILIAN POP, NOVA MPB, MPB",63.0,3435550.0,https://i.scdn.co/image/ab6761610000e5ebc4bed49b3a6321d7a2097ace,GENRE_1,False,False
941,Jão,2022-07-26,2022,VIBRA SAO PAULO,JAO,7000.0,MEDIAS CASAS,TEATRO E CASA DE ESPETACULOS,-23.6475,-46.7239,59FrDXDVJz0EKqYg39dnT2,"BRAZILIAN POP, NOVA MPB, MPB",63.0,3435550.0,https://i.scdn.co/image/ab6761610000e5ebc4bed49b3a6321d7a2097ace,GENRE_1,False,False
942,Jão,2024-12-07,2024,VIBRA SAO PAULO,JAO,7000.0,MEDIAS CASAS,TEATRO E CASA DE ESPETACULOS,-23.6475,-46.7239,59FrDXDVJz0EKqYg39dnT2,"BRAZILIAN POP, NOVA MPB, MPB",63.0,3435550.0,https://i.scdn.co/image/ab6761610000e5ebc4bed49b3a6321d7a2097ace,GENRE_1,False,False
943,Jão,2024-12-08,2024,VIBRA SAO PAULO,JAO,7000.0,MEDIAS CASAS,TEATRO E CASA DE ESPETACULOS,-23.6475,-46.7239,59FrDXDVJz0EKqYg39dnT2,"BRAZILIAN POP, NOVA MPB, MPB",63.0,3435550.0,https://i.scdn.co/image/ab6761610000e5ebc4bed49b3a6321d7a2097ace,GENRE_1,False,False
944,Jão,2025-03-16,2025,VIBRA SAO PAULO,JAO,7000.0,MEDIAS CASAS,TEATRO E CASA DE ESPETACULOS,-23.6475,-46.7239,59FrDXDVJz0EKqYg39dnT2,"BRAZILIAN POP, NOVA MPB, MPB",63.0,3435550.0,https://i.scdn.co/image/ab6761610000e5ebc4bed49b3a6321d7a2097ace,GENRE_1,False,False
945,Jão,2022-12-11,2022,NOVO ANHANGABAU,JAO,35000.0,GRANDES CASAS,AREA EXTERNA PARA EVENTOS,-23.54429,-46.63623,59FrDXDVJz0EKqYg39dnT2,"BRAZILIAN POP, NOVA MPB, MPB",63.0,3435550.0,https://i.scdn.co/image/ab6761610000e5ebc4bed49b3a6321d7a2097ace,GENRE_1,False,False
946,Sublime,2025-03-08,2025,ALLIANZ PARQUE,SUBLIME,45000.0,ARENAS E ESTADIOS,ESTADIO MULTIUSO,-23.5276207,-46.6784662,0EdvGhlC1FkGItLOWQzG4J,"REGGAE ROCK, SKA PUNK, SKA",72.0,3413570.0,https://i.scdn.co/image/ab6761610000e5ebe726280500259dbdb97a8be4,GENRE_1,False,False
947,Xand Avião,2022-05-21,2022,ARENA ANHEMBI,XAND AVIAO,30000.0,GRANDES CASAS,AREA EXTERNA PARA EVENTOS,-23.51611,-46.64320,43DRDu6nLSeIedZ7T1A616,"FORRO, PISEIRO, SERTANEJO, ARROCHA, SERTANEJO UNIVERSITARIO, BREGA",71.0,3394438.0,https://i.scdn.co/image/ab6761610000e5ebf1989218233094ddf832f7ff,GENRE_1,False,False
948,Xand Avião,2022-05-21,2022,ARENA ANHEMBI,XAND AVIAO,30000.0,GRANDES CASAS,AREA EXTERNA PARA EVENTOS,-23.51611,-46.64320,43DRDu6nLSeIedZ7T1A616,"FORRO, PISEIRO, SERTANEJO, ARROCHA, SERTANEJO UNIVERSITARIO, BREGA",71.0,3394438.0,https://i.scdn.co/image/ab6761610000e5ebf1989218233094ddf832f7ff,GENRE_1,False,False
949,Xand Avião,2024-06-09,2024,ALLIANZ PARQUE,XAND AVIAO,45000.0,ARENAS E ESTADIOS,ESTADIO MULTIUSO,-23.5276207,-46.6784662,43DRDu6nLSeIedZ7T1A616,"FORRO, PISEIRO, SERTANEJO, ARROCHA, SERTANEJO UNIVERSITARIO, BREGA",71.0,3394438.0,https://i.scdn.co/image/ab6761610000e5ebf1989218233094ddf832f7ff,GENRE_1,False,False
950,Xand Avião,2024-06-09,2024,ALLIANZ PARQUE,XAND AVIAO,45000.0,ARENAS E ESTADIOS,ESTADIO MULTIUSO,-23.5276207,-46.6784662,43DRDu6nLSeIedZ7T1A616,"FORRO, PISEIRO, SERTANEJO, ARROCHA, SERTANEJO UNIVERSITARIO, BREGA",71.0,3394438.0,https://i.scdn.co/image/ab6761610000e5ebf1989218233094ddf832f7ff,GENRE_1,False,False
951,Xand Avião,2023-01-15,2023,MEMORIAL DA AMERICA LATINA,XAND AVIAO,15000.0,GRANDES CASAS,AREA EXTERNA PARA EVENTOS,-23.5274091,-46.6656539,43DRDu6nLSeIedZ7T1A616,"FORRO, PISEIRO, SERTANEJO, ARROCHA, SERTANEJO UNIVERSITARIO, BREGA",71.0,3394438.0,https://i.scdn.co/image/ab6761610000e5ebf1989218233094ddf832f7ff,GENRE_1,False,False
952,Xand Avião,2023-01-15,2023,MEMORIAL DA AMERICA LATINA,XAND AVIAO,15000.0,GRANDES CASAS,AREA EXTERNA PARA EVENTOS,-23.5274091,-46.6656539,43DRDu6nLSeIedZ7T1A616,"FORRO, PISEIRO, SERTANEJO, ARROCHA, SERTANEJO UNIVERSITARIO, BREGA",71.0,3394438.0,https://i.scdn.co/image/ab6761610000e5ebf1989218233094ddf832f7ff,GENRE_1,False,False
953,Xand Avião,2024-02-04,2024,MEMORIAL DA AMERICA LATINA,XAND AVIAO,15000.0,GRANDES CASAS,AREA EXTERNA PARA EVENTOS,-23.5274091,-46.6656539,43DRDu6nLSeIedZ7T1A616,"FORRO, PISEIRO, SERTANEJO, ARROCHA, SERTANEJO UNIVERSITARIO, BREGA",71.0,3394438.0,https://i.scdn.co/image/ab6761610000e5ebf1989218233094ddf832f7ff,GENRE_1,False,False
954,Xand Avião,2024-02-04,2024,MEMORIAL DA AMERICA LATINA,XAND AVIAO,15000.0,GRANDES CASAS,AREA EXTERNA PARA EVENTOS,-23.5274091,-46.6656539,43DRDu6nLSeIedZ7T1A616,"FORRO, PISEIRO, SERTANEJO, ARROCHA, SERTANEJO UNIVERSITARIO, BREGA",71.0,3394438.0,https://i.scdn.co/image/ab6761610000e5ebf1989218233094ddf832f7ff,GENRE_1,False,False
955,Xand Avião,2023-02-21,2023,JOCKEY CLUB,XAND AVIAO,10000.0,MEDIAS CASAS,CENTRO DE EVENTOS,-23.57058,-46.70035,43DRDu6nLSeIedZ7T1A616,"FORRO, PISEIRO, SERTANEJO, ARROCHA, SERTANEJO UNIVERSITARIO, BREGA",71.0,3394438.0,https://i.scdn.co/image/ab6761610000e5ebf1989218233094ddf832f7ff,GENRE_1,False,False
956,Xand Avião,2023-02-21,2023,JOCKEY CLUB,XAND AVIAO,10000.0,MEDIAS CASAS,CENTRO DE EVENTOS,-23.57058,-46.70035,43DRDu6nLSeIedZ7T1A616,"FORRO, PISEIRO, SERTANEJO, ARROCHA, SERTANEJO UNIVERSITARIO, BREGA",71.0,3394438.0,https://i.scdn.co/image/ab6761610000e5ebf1989218233094ddf832f7ff,GENRE_1,False,False
957,Xand Avião,2023-04-30,2023,SAMBODROMO DO ANHEMBI,XAND AVIAO,100000.0,ARENAS E ESTADIOS,AREA EXTERNA PARA EVENTOS,-23.5079,-46.6379,43DRDu6nLSeIedZ7T1A616,"FORRO, PISEIRO, SERTANEJO, ARROCHA, SERTANEJO UNIVERSITARIO, BREGA",71.0,3394438.0,https://i.scdn.co/image/ab6761610000e5ebf1989218233094ddf832f7ff,GENRE_1,False,False
958,Xand Avião,2023-04-30,2023,SAMBODROMO DO ANHEMBI,XAND AVIAO,100000.0,ARENAS E ESTADIOS,AREA EXTERNA PARA EVENTOS,-23.5079,-46.6379,43DRDu6nLSeIedZ7T1A616,"FORRO, PISEIRO, SERTANEJO, ARROCHA, SERTANEJO UNIVERSITARIO, BREGA",71.0,3394438.0,https://i.scdn.co/image/ab6761610000e5ebf1989218233094ddf832f7ff,GENRE_1,False,False
959,Xand Avião,2022-08-20,2022,DISTRITO ANHEMBI,XAND AVIAO,35000.0,GRANDES CASAS,AREA EXTERNA PARA EVENTOS,-23.51611,-46.64320,43DRDu6nLSeIedZ7T1A616,"FORRO, PISEIRO, SERTANEJO, ARROCHA, SERTANEJO UNIVERSITARIO, BREGA",71.0,3394438.0,https://i.scdn.co/image/ab6761610000e5ebf1989218233094ddf832f7ff,GENRE_1,False,False
960,Xand Avião,2022-08-20,2022,DISTRITO ANHEMBI,XAND AVIAO,35000.0,GRANDES CASAS,AREA EXTERNA PARA EVENTOS,-23.51611,-46.64320,43DRDu6nLSeIedZ7T1A616,"FORRO, PISEIRO, SERTANEJO, ARROCHA, SERTANEJO UNIVERSITARIO, BREGA",71.0,3394438.0,https://i.scdn.co/image/ab6761610000e5ebf1989218233094ddf832f7ff,GENRE_1,False,False
961,Luan Pereira,2024-06-09,2024,ALLIANZ PARQUE,LUAN PEREIRA,45000.0,ARENAS E ESTADIOS,ESTADIO MULTIUSO,-23.5276207,-46.6784662,5kVgcCdPbeUwxBqWxi2Ktl,"AGRONEJO, SERTANEJO, SERTANEJO UNIVERSITARIO, PISEIRO",74.0,3362344.0,https://i.scdn.co/image/ab6761610000e5eb05f209fb2372ef4e828b3cbe,GENRE_1,False,False
962,Skank,2022-03-11,2022,ESPACO DAS AMERICAS,SKANK,8000.0,MEDIAS CASAS,CASA DE SHOWS,-23.5156,-46.6820,4C4kpaAdp6aKSkguw40SsU,"BRAZILIAN ROCK, MPB, BRAZILIAN POP, POP ROCK",67.0,3332207.0,https://i.scdn.co/image/ab6761610000e5eb2b61503716c9cbb86f6a0658,GENRE_1,False,False
963,Skank,2022-03-12,2022,ESPACO DAS AMERICAS,SKANK,8000.0,MEDIAS CASAS,CASA DE SHOWS,-23.5156,-46.6820,4C4kpaAdp6aKSkguw40SsU,"BRAZILIAN ROCK, MPB, BRAZILIAN POP, POP ROCK",67.0,3332207.0,https://i.scdn.co/image/ab6761610000e5eb2b61503716c9cbb86f6a0658,GENRE_1,False,False
964,Skank,2022-03-13,2022,ESPACO DAS AMERICAS,SKANK,8000.0,MEDIAS CASAS,CASA DE SHOWS,-23.5156,-46.6820,4C4kpaAdp6aKSkguw40SsU,"BRAZILIAN ROCK, MPB, BRAZILIAN POP, POP ROCK",67.0,3332207.0,https://i.scdn.co/image/ab6761610000e5eb2b61503716c9cbb86f6a0658,GENRE_1,False,False
965,Skank,2022-10-21,2022,ESPACO UNIMED,SKANK,8000.0,MEDIAS CASAS,CASA DE SHOWS,-23.52812,-46.66805,4C4kpaAdp6aKSkguw40SsU,"BRAZILIAN ROCK, MPB, BRAZILIAN POP, POP ROCK",67.0,3332207.0,https://i.scdn.co/image/ab6761610000e5eb2b61503716c9cbb86f6a0658,GENRE_1,False,False
966,Skank,2022-10-22,2022,ESPACO UNIMED,SKANK,8000.0,MEDIAS CASAS,CASA DE SHOWS,-23.52812,-46.66805,4C4kpaAdp6aKSkguw40SsU,"BRAZILIAN ROCK, MPB, BRAZILIAN POP, POP ROCK",67.0,3332207.0,https://i.scdn.co/image/ab6761610000e5eb2b61503716c9cbb86f6a0658,GENRE_1,False,False
967,Skank,2023-03-17,2023,ESPACO UNIMED,SKANK,8000.0,MEDIAS CASAS,CASA DE SHOWS,-23.52812,-46.66805,4C4kpaAdp6aKSkguw40SsU,"BRAZILIAN ROCK, MPB, BRAZILIAN POP, POP ROCK",67.0,3332207.0,https://i.scdn.co/image/ab6761610000e5eb2b61503716c9cbb86f6a0658,GENRE_1,False,False
968,Skank,2023-03-18,2023,ESPACO UNIMED,SKANK,8000.0,MEDIAS CASAS,CASA DE SHOWS,-23.52812,-46.66805,4C4kpaAdp6aKSkguw40SsU,"BRAZILIAN ROCK, MPB, BRAZILIAN POP, POP ROCK",67.0,3332207.0,https://i.scdn.co/image/ab6761610000e5eb2b61503716c9cbb86f6a0658,GENRE_1,False,False
969,Skank,2023-03-19,2023,ESPACO UNIMED,SKANK,8000.0,MEDIAS CASAS,CASA DE SHOWS,-23.52812,-46.66805,4C4kpaAdp6aKSkguw40SsU,"BRAZILIAN ROCK, MPB, BRAZILIAN POP, POP ROCK",67.0,3332207.0,https://i.scdn.co/image/ab6761610000e5eb2b61503716c9cbb86f6a0658,GENRE_1,False,False
970,Skank,2022-07-26,2022,VIBRA SAO PAULO,SKANK,7000.0,MEDIAS CASAS,TEATRO E CASA DE ESPETACULOS,-23.6475,-46.7239,4C4kpaAdp6aKSkguw40SsU,"BRAZILIAN ROCK, MPB, BRAZILIAN POP, POP ROCK",67.0,3332207.0,https://i.scdn.co/image/ab6761610000e5eb2b61503716c9cbb86f6a0658,GENRE_1,False,False
971,Xamã,2024-03-23,2024,AUTODROMO DE INTERLAGOS,XAMA,100000.0,ARENAS E ESTADIOS,AREA EXTERNA PARA EVENTOS,-23.7000,-46.6972,5YwzDz4RJfTiMHS4tdR5Lf,"BRAZILIAN HIP HOP, BRAZILIAN TRAP, TRAP FUNK, TRAP",70.0,3327005.0,https://i.scdn.co/image/ab6761610000e5eb367afe9e5b30fbb6a67a8807,LETTER_1,LOLLAPALOOZA,"KINGS OF LEON, LIMP BIZKIT"
972,Xamã,2024-03-23,2024,AUTODROMO DE INTERLAGOS,XAMA,100000.0,ARENAS E ESTADIOS,AREA EXTERNA PARA EVENTOS,-23.7000,-46.6972,5YwzDz4RJfTiMHS4tdR5Lf,"BRAZILIAN HIP HOP, BRAZILIAN TRAP, TRAP FUNK, TRAP",70.0,3327005.0,https://i.scdn.co/image/ab6761610000e5eb367afe9e5b30fbb6a67a8807,LETTER_1,LOLLAPALOOZA,"KINGS OF LEON, LIMP BIZKIT"
973,Xamã,2024-03-23,2024,AUTODROMO DE INTERLAGOS,XAMA,100000.0,ARENAS E ESTADIOS,AREA EXTERNA PARA EVENTOS,-23.7000,-46.6972,5YwzDz4RJfTiMHS4tdR5Lf,"BRAZILIAN HIP HOP, BRAZILIAN TRAP, TRAP FUNK, TRAP",70.0,3327005.0,https://i.scdn.co/image/ab6761610000e5eb367afe9e5b30fbb6a67a8807,LETTER_1,LOLLAPALOOZA,"KINGS OF LEON, LIMP BIZKIT"
974,Xamã,2024-06-09,2024,ALLIANZ PARQUE,XAMA,45000.0,ARENAS E ESTADIOS,ESTADIO MULTIUSO,-23.5276207,-46.6784662,5YwzDz4RJfTiMHS4tdR5Lf,"BRAZILIAN HIP HOP, BRAZILIAN TRAP, TRAP FUNK, TRAP",70.0,3327005.0,https://i.scdn.co/image/ab6761610000e5eb367afe9e5b30fbb6a67a8807,LETTER_1,False,False
975,Xamã,2024-06-09,2024,ALLIANZ PARQUE,XAMA,45000.0,ARENAS E ESTADIOS,ESTADIO MULTIUSO,-23.5276207,-46.6784662,5YwzDz4RJfTiMHS4tdR5Lf,"BRAZILIAN HIP HOP, BRAZILIAN TRAP, TRAP FUNK, TRAP",70.0,3327005.0,https://i.scdn.co/image/ab6761610000e5eb367afe9e5b30fbb6a67a8807,LETTER_1,False,False
976,Xamã,2024-06-09,2024,ALLIANZ PARQUE,XAMA,45000.0,ARENAS E ESTADIOS,ESTADIO MULTIUSO,-23.5276207,-46.6784662,5YwzDz4RJfTiMHS4tdR5Lf,"BRAZILIAN HIP HOP, BRAZILIAN TRAP, TRAP FUNK, TRAP",70.0,3327005.0,https://i.scdn.co/image/ab6761610000e5eb367afe9e5b30fbb6a67a8807,LETTER_1,False,False
977,Xamã,2022-07-26,2022,VIBRA SAO PAULO,XAMA,7000.0,MEDIAS CASAS,TEATRO E CASA DE ESPETACULOS,-23.6475,-46.7239,5YwzDz4RJfTiMHS4tdR5Lf,"BRAZILIAN HIP HOP, BRAZILIAN TRAP, TRAP FUNK, TRAP",70.0,3327005.0,https://i.scdn.co/image/ab6761610000e5eb367afe9e5b30fbb6a67a8807,LETTER_1,False,False
978,Xamã,2022-07-26,2022,VIBRA SAO PAULO,XAMA,7000.0,MEDIAS CASAS,TEATRO E CASA DE ESPETACULOS,-23.6475,-46.7239,5YwzDz4RJfTiMHS4tdR5Lf,"BRAZILIAN HIP HOP, BRAZILIAN TRAP, TRAP FUNK, TRAP",70.0,3327005.0,https://i.scdn.co/image/ab6761610000e5eb367afe9e5b30fbb6a67a8807,LETTER_1,False,False
979,Xamã,2022-07-26,2022,VIBRA SAO PAULO,XAMA,7000.0,MEDIAS CASAS,TEATRO E CASA DE ESPETACULOS,-23.6475,-46.7239,5YwzDz4RJfTiMHS4tdR5Lf,"BRAZILIAN HIP HOP, BRAZILIAN TRAP, TRAP FUNK, TRAP",70.0,3327005.0,https://i.scdn.co/image/ab6761610000e5eb367afe9e5b30fbb6a67a8807,LETTER_1,False,False
980,James Blunt,2025-07-08,2025,TERRA SP,JAMES BLUNT,6000.0,MEDIAS CASAS,CASA DE SHOWS,-23.6463,-46.7763,7KMqksf0UMdyA0UCf4R3ux,POP,71.0,3309919.0,https://i.scdn.co/image/ab6761610000e5eb3863fa2fdb07fb4fe1a9607d,GENRE_1,False,False
981,Erykah Badu,2023-01-21,2023,MEMORIAL DA AMERICA LATINA,ERYKAH BADU,15000.0,GRANDES CASAS,AREA EXTERNA PARA EVENTOS,-23.5274091,-46.6656539,7IfculRW2WXyzNQ8djX8WX,"NEO SOUL, R&B",68.0,3255831.0,https://i.scdn.co/image/ab6761610000e5ebfb1bc9e7ca44d473641b7842,GENRE_2,False,False
982,Erykah Badu,2024-11-06,2024,ESPACO UNIMED,ERYKAH BADU,8000.0,MEDIAS CASAS,CASA DE SHOWS,-23.52812,-46.66805,7IfculRW2WXyzNQ8djX8WX,"NEO SOUL, R&B",68.0,3255831.0,https://i.scdn.co/image/ab6761610000e5ebfb1bc9e7ca44d473641b7842,GENRE_2,False,False
983,YUNGBLUD,2023-03-25,2023,AUTODROMO DE INTERLAGOS,YUNGBLUD,100000.0,ARENAS E ESTADIOS,AREA EXTERNA PARA EVENTOS,-23.7000,-46.6972,6Ad91Jof8Niiw0lGLLi3NW,0,75.0,3254238.0,https://i.scdn.co/image/ab6761610000e5eb7c9287712c4355e54c94e0d0,GENRE_1,LOLLAPALOOZA,"TWENTY ONE PILOTS, TAME IMPALA"
984,Andrea Bocelli,2024-05-25,2024,ALLIANZ PARQUE,ANDREA BOCELLI,45000.0,ARENAS E ESTADIOS,ESTADIO MULTIUSO,-23.5276207,-46.6784662,3EA9hVIzKfFiQI0Kikz2wo,OPERA,71.0,3217698.0,https://i.scdn.co/image/ab6761610000e5ebfb101ed2a035fcfa2bd6fee1,LETTER_1,False,False
985,Andrea Bocelli,2024-05-26,2024,ALLIANZ PARQUE,ANDREA BOCELLI,45000.0,ARENAS E ESTADIOS,ESTADIO MULTIUSO,-23.5276207,-46.6784662,3EA9hVIzKfFiQI0Kikz2wo,OPERA,71.0,3217698.0,https://i.scdn.co/image/ab6761610000e5ebfb101ed2a035fcfa2bd6fee1,LETTER_1,False,False
986,Andrea Bocelli,2025-11-21,2025,MERCADO LIVRE ARENA PACAEMBU,ANDREA BOCELLI,40000.0,ARENAS E ESTADIOS,ESTADIO MULTIUSO,-23.5486,-46.6651,3EA9hVIzKfFiQI0Kikz2wo,OPERA,71.0,3217698.0,https://i.scdn.co/image/ab6761610000e5ebfb101ed2a035fcfa2bd6fee1,LETTER_1,False,False
987,Andrea Bocelli,2025-11-22,2025,MERCADO LIVRE ARENA PACAEMBU,ANDREA BOCELLI,40000.0,ARENAS E ESTADIOS,ESTADIO MULTIUSO,-23.5486,-46.6651,3EA9hVIzKfFiQI0Kikz2wo,OPERA,71.0,3217698.0,https://i.scdn.co/image/ab6761610000e5ebfb101ed2a035fcfa2bd6fee1,LETTER_1,False,False
988,Ken Carson,2022-06-17,2022,SAMBODROMO DO ANHEMBI,KEN CARSON,100000.0,ARENAS E ESTADIOS,AREA EXTERNA PARA EVENTOS,-23.5079,-46.6379,3gBZUcNeVumkeeJ19CY2sX,RAGE RAP,77.0,3202298.0,https://i.scdn.co/image/ab6761610000e5eb95ccca370d8bd50e84c222bc,LETTER_1,False,False
989,Alanis Morissette,2025-03-29,2025,AUTODROMO DE INTERLAGOS,ALANIS MORISSETTE,100000.0,ARENAS E ESTADIOS,AREA EXTERNA PARA EVENTOS,-23.7000,-46.6972,6ogn9necmbUdCppmNnGOdi,ROCK,68.0,3188985.0,https://i.scdn.co/image/ab6761610000e5ebf6a97342ccd47692b7cdf8c0,GENRE_2,LOLLAPALOOZA,SHAWN MENDES
990,Alanis Morissette,2023-11-14,2023,ALLIANZ PARQUE,ALANIS MORISSETTE,45000.0,ARENAS E ESTADIOS,ESTADIO MULTIUSO,-23.5276207,-46.6784662,6ogn9necmbUdCppmNnGOdi,ROCK,68.0,3188985.0,https://i.scdn.co/image/ab6761610000e5ebf6a97342ccd47692b7cdf8c0,GENRE_2,False,False
991,All Time Low,2024-03-02,2024,ALLIANZ PARQUE,ALL TIME LOW,45000.0,ARENAS E ESTADIOS,ESTADIO MULTIUSO,-23.5276207,-46.6784662,46gyXjRIvN1NL1eCB8GBxo,"POP PUNK, EMO, PUNK",71.0,3157622.0,https://i.scdn.co/image/ab6761610000e5eb8625dac822c90c5f8c605170,GENRE_2,I WANNA BE TOUR,SIMPLE PLAN
992,The All‐American Rejects,2024-03-02,2024,ALLIANZ PARQUE,THE ALL-AMERICAN REJECTS,45000.0,ARENAS E ESTADIOS,ESTADIO MULTIUSO,-23.5276207,-46.6784662,3vAaWhdBR38Q02ohXqaNHT,"POP PUNK, EMO",69.0,3147030.0,https://i.scdn.co/image/ab6761610000e5eb8a05b6b10635b63ebc45ae54,GENRE_2,I WANNA BE TOUR,SIMPLE PLAN
993,Nando Reis,2021-12-23,2021,ESPACO DAS AMERICAS,NANDO REIS,8000.0,MEDIAS CASAS,CASA DE SHOWS,-23.5156,-46.6820,7n1XMwvxPf10t4OX6h6Ufy,"MPB, BRAZILIAN ROCK, BRAZILIAN POP, NOVA MPB",65.0,3127808.0,https://i.scdn.co/image/ab6761610000e5ebb2cbcafdb861bc51a70cabaa,GENRE_1,False,False
994,Nando Reis,2022-05-28,2022,ARENA ANHEMBI,NANDO REIS,30000.0,GRANDES CASAS,AREA EXTERNA PARA EVENTOS,-23.51611,-46.64320,7n1XMwvxPf10t4OX6h6Ufy,"MPB, BRAZILIAN ROCK, BRAZILIAN POP, NOVA MPB",65.0,3127808.0,https://i.scdn.co/image/ab6761610000e5ebb2cbcafdb861bc51a70cabaa,GENRE_1,False,False
995,Nando Reis,2023-01-25,2023,CENTRO CULTURAL SAO PAULO,NANDO REIS,2000.0,MEDIAS CASAS,TEATRO E CASA DE ESPETACULOS,-23.5708,-46.6403,7n1XMwvxPf10t4OX6h6Ufy,"MPB, BRAZILIAN ROCK, BRAZILIAN POP, NOVA MPB",65.0,3127808.0,https://i.scdn.co/image/ab6761610000e5ebb2cbcafdb861bc51a70cabaa,GENRE_1,False,False
996,Nando Reis,2022-04-21,2022,MEMORIAL DA AMERICA LATINA,NANDO REIS,15000.0,GRANDES CASAS,AREA EXTERNA PARA EVENTOS,-23.5274091,-46.6656539,7n1XMwvxPf10t4OX6h6Ufy,"MPB, BRAZILIAN ROCK, BRAZILIAN POP, NOVA MPB",65.0,3127808.0,https://i.scdn.co/image/ab6761610000e5ebb2cbcafdb861bc51a70cabaa,GENRE_1,ROCK BRASIL 40 ANOS,NANDO REIS
997,Nando Reis,2025-06-08,2025,VALE DO ANHANGABAU,NANDO REIS,35000.0,GRANDES CASAS,AREA EXTERNA PARA EVENTOS,-23.54429,-46.63623,7n1XMwvxPf10t4OX6h6Ufy,"MPB, BRAZILIAN ROCK, BRAZILIAN POP, NOVA MPB",65.0,3127808.0,https://i.scdn.co/image/ab6761610000e5ebb2cbcafdb861bc51a70cabaa,GENRE_1,False,False
998,Nando Reis,2022-10-16,2022,SAMBODROMO DO ANHEMBI,NANDO REIS,100000.0,ARENAS E ESTADIOS,AREA EXTERNA PARA EVENTOS,-23.5079,-46.6379,7n1XMwvxPf10t4OX6h6Ufy,"MPB, BRAZILIAN ROCK, BRAZILIAN POP, NOVA MPB",65.0,3127808.0,https://i.scdn.co/image/ab6761610000e5ebb2cbcafdb861bc51a70cabaa,GENRE_1,False,False
999,Nando Reis,2024-10-12,2024,ESPACO UNIMED,NANDO REIS,8000.0,MEDIAS CASAS,CASA DE SHOWS,-23.52812,-46.66805,7n1XMwvxPf10t4OX6h6Ufy,"MPB, BRAZILIAN ROCK, BRAZILIAN POP, NOVA MPB",65.0,3127808.0,https://i.scdn.co/image/ab6761610000e5ebb2cbcafdb861bc51a70cabaa,GENRE_1,False,False
1000,Nando Reis,2022-06-10,2022,VIBRA SAO PAULO,NANDO REIS,7000.0,MEDIAS CASAS,TEATRO E CASA DE ESPETACULOS,-23.6475,-46.7239,7n1XMwvxPf10t4OX6h6Ufy,"MPB, BRAZILIAN ROCK, BRAZILIAN POP, NOVA MPB",65.0,3127808.0,https://i.scdn.co/image/ab6761610000e5ebb2cbcafdb861bc51a70cabaa,GENRE_1,False,False
1001,Nando Reis,2025-06-13,2025,VIBRA SAO PAULO,NANDO REIS,7000.0,MEDIAS CASAS,TEATRO E CASA DE ESPETACULOS,-23.6475,-46.7239,7n1XMwvxPf10t4OX6h6Ufy,"MPB, BRAZILIAN ROCK, BRAZILIAN POP, NOVA MPB",65.0,3127808.0,https://i.scdn.co/image/ab6761610000e5ebb2cbcafdb861bc51a70cabaa,GENRE_1,False,False
1002,Nando Reis,2023-09-23,2023,DISTRITO ANHEMBI,NANDO REIS,35000.0,GRANDES CASAS,AREA EXTERNA PARA EVENTOS,-23.51611,-46.64320,7n1XMwvxPf10t4OX6h6Ufy,"MPB, BRAZILIAN ROCK, BRAZILIAN POP, NOVA MPB",65.0,3127808.0,https://i.scdn.co/image/ab6761610000e5ebb2cbcafdb861bc51a70cabaa,GENRE_1,False,False
1003,Nando Reis,2025-06-28,2025,SUHAI MUSIC HALL,NANDO REIS,9000.0,MEDIAS CASAS,CASA DE SHOWS,-23.68026,-46.69805,7n1XMwvxPf10t4OX6h6Ufy,"MPB, BRAZILIAN ROCK, BRAZILIAN POP, NOVA MPB",65.0,3127808.0,https://i.scdn.co/image/ab6761610000e5ebb2cbcafdb861bc51a70cabaa,GENRE_1,False,False
1004,Nando Reis,2025-10-31,2025,SUHAI MUSIC HALL,NANDO REIS,9000.0,MEDIAS CASAS,CASA DE SHOWS,-23.68026,-46.69805,7n1XMwvxPf10t4OX6h6Ufy,"MPB, BRAZILIAN ROCK, BRAZILIAN POP, NOVA MPB",65.0,3127808.0,https://i.scdn.co/image/ab6761610000e5ebb2cbcafdb861bc51a70cabaa,GENRE_1,False,False
1005,Skid Row,2023-04-29,2023,MEMORIAL DA AMERICA LATINA,SKID ROW,15000.0,GRANDES CASAS,AREA EXTERNA PARA EVENTOS,-23.5274091,-46.6656539,4opTS86dN9uO313J9CE8xg,"GLAM METAL, GLAM ROCK, HARD ROCK",63.0,3121509.0,https://i.scdn.co/image/ab6761610000e5eb59fe65d4b1e00e486f285167,GENRE_1,SUMMER BREEZE BRASIL,"BLIND GUARDIAN, APOCALYPTICA"
1006,PEDRO SAMPAIO,2022-12-14,2022,AUDIO,PEDRO SAMPAIO,3200.0,MEDIAS CASAS,CASA DE SHOWS,-23.52822,-46.66968,5wbf52LA6kcaboHSN6NEF1,"BRAZILIAN FUNK, FUNK POP, FUNK CARIOCA, BRAZILIAN POP, BREGA FUNK",74.0,3105417.0,https://i.scdn.co/image/ab6761610000e5eb52260524dbe7c9f78d74795b,GENRE_1,False,False
1007,PEDRO SAMPAIO,2023-03-24,2023,AUTODROMO DE INTERLAGOS,PEDRO SAMPAIO,100000.0,ARENAS E ESTADIOS,AREA EXTERNA PARA EVENTOS,-23.7000,-46.6972,5wbf52LA6kcaboHSN6NEF1,"BRAZILIAN FUNK, FUNK POP, FUNK CARIOCA, BRAZILIAN POP, BREGA FUNK",74.0,3105417.0,https://i.scdn.co/image/ab6761610000e5eb52260524dbe7c9f78d74795b,GENRE_1,LOLLAPALOOZA,"BILLIE EILISH, LIL NAS X"
1008,PEDRO SAMPAIO,2025-09-12,2025,AUTODROMO DE INTERLAGOS,PEDRO SAMPAIO,100000.0,ARENAS E ESTADIOS,AREA EXTERNA PARA EVENTOS,-23.7000,-46.6972,5wbf52LA6kcaboHSN6NEF1,"BRAZILIAN FUNK, FUNK POP, FUNK CARIOCA, BRAZILIAN POP, BREGA FUNK",74.0,3105417.0,https://i.scdn.co/image/ab6761610000e5eb52260524dbe7c9f78d74795b,GENRE_1,THE TOWN,BACKSTREET BOYS
1009,PEDRO SAMPAIO,2024-06-09,2024,ALLIANZ PARQUE,PEDRO SAMPAIO,45000.0,ARENAS E ESTADIOS,ESTADIO MULTIUSO,-23.5276207,-46.6784662,5wbf52LA6kcaboHSN6NEF1,"BRAZILIAN FUNK, FUNK POP, FUNK CARIOCA, BRAZILIAN POP, BREGA FUNK",74.0,3105417.0,https://i.scdn.co/image/ab6761610000e5eb52260524dbe7c9f78d74795b,GENRE_1,False,False
1010,PEDRO SAMPAIO,2022-01-08,2022,EXPO CENTER NORTE,PEDRO SAMPAIO,25000.0,GRANDES CASAS,CENTRO DE EXPOSICOES,-23.5130,-46.6237,5wbf52LA6kcaboHSN6NEF1,"BRAZILIAN FUNK, FUNK POP, FUNK CARIOCA, BRAZILIAN POP, BREGA FUNK",74.0,3105417.0,https://i.scdn.co/image/ab6761610000e5eb52260524dbe7c9f78d74795b,GENRE_1,False,False
1011,PEDRO SAMPAIO,2022-02-26,2022,JOCKEY CLUB,PEDRO SAMPAIO,10000.0,MEDIAS CASAS,CENTRO DE EVENTOS,-23.57058,-46.70035,5wbf52LA6kcaboHSN6NEF1,"BRAZILIAN FUNK, FUNK POP, FUNK CARIOCA, BRAZILIAN POP, BREGA FUNK",74.0,3105417.0,https://i.scdn.co/image/ab6761610000e5eb52260524dbe7c9f78d74795b,GENRE_1,False,False
1012,PEDRO SAMPAIO,2023-02-19,2023,JOCKEY CLUB,PEDRO SAMPAIO,10000.0,MEDIAS CASAS,CENTRO DE EVENTOS,-23.57058,-46.70035,5wbf52LA6kcaboHSN6NEF1,"BRAZILIAN FUNK, FUNK POP, FUNK CARIOCA, BRAZILIAN POP, BREGA FUNK",74.0,3105417.0,https://i.scdn.co/image/ab6761610000e5eb52260524dbe7c9f78d74795b,GENRE_1,False,False
1013,PEDRO SAMPAIO,2023-08-19,2023,SAMBODROMO DO ANHEMBI,PEDRO SAMPAIO,100000.0,ARENAS E ESTADIOS,AREA EXTERNA PARA EVENTOS,-23.5079,-46.6379,5wbf52LA6kcaboHSN6NEF1,"BRAZILIAN FUNK, FUNK POP, FUNK CARIOCA, BRAZILIAN POP, BREGA FUNK",74.0,3105417.0,https://i.scdn.co/image/ab6761610000e5eb52260524dbe7c9f78d74795b,GENRE_1,False,False
1014,PEDRO SAMPAIO,2022-07-26,2022,VIBRA SAO PAULO,PEDRO SAMPAIO,7000.0,MEDIAS CASAS,TEATRO E CASA DE ESPETACULOS,-23.6475,-46.7239,5wbf52LA6kcaboHSN6NEF1,"BRAZILIAN FUNK, FUNK POP, FUNK CARIOCA, BRAZILIAN POP, BREGA FUNK",74.0,3105417.0,https://i.scdn.co/image/ab6761610000e5eb52260524dbe7c9f78d74795b,GENRE_1,False,False
1015,PEDRO SAMPAIO,2022-08-20,2022,DISTRITO ANHEMBI,PEDRO SAMPAIO,35000.0,GRANDES CASAS,AREA EXTERNA PARA EVENTOS,-23.51611,-46.64320,5wbf52LA6kcaboHSN6NEF1,"BRAZILIAN FUNK, FUNK POP, FUNK CARIOCA, BRAZILIAN POP, BREGA FUNK",74.0,3105417.0,https://i.scdn.co/image/ab6761610000e5eb52260524dbe7c9f78d74795b,GENRE_1,False,False
1016,PEDRO SAMPAIO,2024-08-17,2024,DISTRITO ANHEMBI,PEDRO SAMPAIO,35000.0,GRANDES CASAS,AREA EXTERNA PARA EVENTOS,-23.51611,-46.64320,5wbf52LA6kcaboHSN6NEF1,"BRAZILIAN FUNK, FUNK POP, FUNK CARIOCA, BRAZILIAN POP, BREGA FUNK",74.0,3105417.0,https://i.scdn.co/image/ab6761610000e5eb52260524dbe7c9f78d74795b,GENRE_1,False,False
1017,PEDRO SAMPAIO,2022-12-17,2022,NOVO ANHANGABAU,PEDRO SAMPAIO,35000.0,GRANDES CASAS,AREA EXTERNA PARA EVENTOS,-23.54429,-46.63623,5wbf52LA6kcaboHSN6NEF1,"BRAZILIAN FUNK, FUNK POP, FUNK CARIOCA, BRAZILIAN POP, BREGA FUNK",74.0,3105417.0,https://i.scdn.co/image/ab6761610000e5eb52260524dbe7c9f78d74795b,GENRE_1,False,False
1018,César Menotti & Fabiano,2025-04-05,2025,MERCADO LIVRE ARENA PACAEMBU,CESAR MENOTTI & FABIANO,40000.0,ARENAS E ESTADIOS,ESTADIO MULTIUSO,-23.5486,-46.6651,08yxJfM5RnFAjJvMJIFnvh,"SERTANEJO, SERTANEJO TRADICIONAL, SERTANEJO UNIVERSITARIO",63.0,3105208.0,https://i.scdn.co/image/ab6761610000e5eb89bdf5fdaec9c7fdecad1d37,LETTER_1,False,False
1019,Djonga,2022-03-27,2022,AUTODROMO DE INTERLAGOS,DJONGA,100000.0,ARENAS E ESTADIOS,AREA EXTERNA PARA EVENTOS,-23.7000,-46.6972,204IwDdaHE4ymGk9Kya2pY,"BRAZILIAN HIP HOP, BOOM BAP, BRAZILIAN TRAP",69.0,3062225.0,https://i.scdn.co/image/ab6761610000e5eb4bdf3ed4663e041ea4317185,LETTER_1,LOLLAPALOOZA,FOO FIGHTERS
1020,Djonga,2022-10-08,2022,MEMORIAL DA AMERICA LATINA,DJONGA,15000.0,GRANDES CASAS,AREA EXTERNA PARA EVENTOS,-23.5274091,-46.6656539,204IwDdaHE4ymGk9Kya2pY,"BRAZILIAN HIP HOP, BOOM BAP, BRAZILIAN TRAP",69.0,3062225.0,https://i.scdn.co/image/ab6761610000e5eb4bdf3ed4663e041ea4317185,LETTER_1,False,False
1021,Djonga,2024-05-18,2024,VALE DO ANHANGABAU,DJONGA,35000.0,GRANDES CASAS,AREA EXTERNA PARA EVENTOS,-23.54429,-46.63623,204IwDdaHE4ymGk9Kya2pY,"BRAZILIAN HIP HOP, BOOM BAP, BRAZILIAN TRAP",69.0,3062225.0,https://i.scdn.co/image/ab6761610000e5eb4bdf3ed4663e041ea4317185,LETTER_1,False,False
1022,Djonga,2022-06-18,2022,SAMBODROMO DO ANHEMBI,DJONGA,100000.0,ARENAS E ESTADIOS,AREA EXTERNA PARA EVENTOS,-23.5079,-46.6379,204IwDdaHE4ymGk9Kya2pY,"BRAZILIAN HIP HOP, BOOM BAP, BRAZILIAN TRAP",69.0,3062225.0,https://i.scdn.co/image/ab6761610000e5eb4bdf3ed4663e041ea4317185,LETTER_1,False,False
1023,Djonga,2025-11-19,2025,ESPACO UNIMED,DJONGA,8000.0,MEDIAS CASAS,CASA DE SHOWS,-23.52812,-46.66805,204IwDdaHE4ymGk9Kya2pY,"BRAZILIAN HIP HOP, BOOM BAP, BRAZILIAN TRAP",69.0,3062225.0,https://i.scdn.co/image/ab6761610000e5eb4bdf3ed4663e041ea4317185,LETTER_1,False,False
1024,Djonga,2023-06-03,2023,NOVO ANHANGABAU,DJONGA,35000.0,GRANDES CASAS,AREA EXTERNA PARA EVENTOS,-23.54429,-46.63623,204IwDdaHE4ymGk9Kya2pY,"BRAZILIAN HIP HOP, BOOM BAP, BRAZILIAN TRAP",69.0,3062225.0,https://i.scdn.co/image/ab6761610000e5eb4bdf3ed4663e041ea4317185,LETTER_1,MITA FESTIVAL,LANA DEL REY
1025,Boyce Avenue,2025-11-18,2025,AUDIO,BOYCE AVENUE,3200.0,MEDIAS CASAS,CASA DE SHOWS,-23.52822,-46.66968,7CQwac16i1W5ej8YpuL3dv,ACOUSTIC POP,67.0,3046224.0,https://i.scdn.co/image/ab6761610000e5eb227c30a483da30759b462071,GENRE_1,False,False
1026,Capital Inicial,2021-11-14,2021,AUTODROMO DE INTERLAGOS,CAPITAL INICIAL,100000.0,ARENAS E ESTADIOS,AREA EXTERNA PARA EVENTOS,-23.7000,-46.6972,4Z0yuwHVJBROVZqFpTIr0d,"BRAZILIAN ROCK, MPB, BRAZILIAN POP, POP ROCK",64.0,3035736.0,https://i.scdn.co/image/ab6761610000e5ebc4d7ff8212967e607b22627b,GENRE_1,False,False
1027,Capital Inicial,2025-09-07,2025,AUTODROMO DE INTERLAGOS,CAPITAL INICIAL,100000.0,ARENAS E ESTADIOS,AREA EXTERNA PARA EVENTOS,-23.7000,-46.6972,4Z0yuwHVJBROVZqFpTIr0d,"BRAZILIAN ROCK, MPB, BRAZILIAN POP, POP ROCK",64.0,3035736.0,https://i.scdn.co/image/ab6761610000e5ebc4d7ff8212967e607b22627b,GENRE_1,THE TOWN,GREEN DAY
1028,Capital Inicial,2022-05-28,2022,ARENA ANHEMBI,CAPITAL INICIAL,30000.0,GRANDES CASAS,AREA EXTERNA PARA EVENTOS,-23.51611,-46.64320,4Z0yuwHVJBROVZqFpTIr0d,"BRAZILIAN ROCK, MPB, BRAZILIAN POP, POP ROCK",64.0,3035736.0,https://i.scdn.co/image/ab6761610000e5ebc4d7ff8212967e607b22627b,GENRE_1,False,False
1029,Capital Inicial,2022-03-27,2022,MEMORIAL DA AMERICA LATINA,CAPITAL INICIAL,15000.0,GRANDES CASAS,AREA EXTERNA PARA EVENTOS,-23.5274091,-46.6656539,4Z0yuwHVJBROVZqFpTIr0d,"BRAZILIAN ROCK, MPB, BRAZILIAN POP, POP ROCK",64.0,3035736.0,https://i.scdn.co/image/ab6761610000e5ebc4d7ff8212967e607b22627b,GENRE_1,False,False
1030,Capital Inicial,2022-11-18,2022,ESPACO UNIMED,CAPITAL INICIAL,8000.0,MEDIAS CASAS,CASA DE SHOWS,-23.52812,-46.66805,4Z0yuwHVJBROVZqFpTIr0d,"BRAZILIAN ROCK, MPB, BRAZILIAN POP, POP ROCK",64.0,3035736.0,https://i.scdn.co/image/ab6761610000e5ebc4d7ff8212967e607b22627b,GENRE_1,False,False
1031,Capital Inicial,2024-06-29,2024,ESPACO UNIMED,CAPITAL INICIAL,8000.0,MEDIAS CASAS,CASA DE SHOWS,-23.52812,-46.66805,4Z0yuwHVJBROVZqFpTIr0d,"BRAZILIAN ROCK, MPB, BRAZILIAN POP, POP ROCK",64.0,3035736.0,https://i.scdn.co/image/ab6761610000e5ebc4d7ff8212967e607b22627b,GENRE_1,False,False
1032,Capital Inicial,2024-06-30,2024,ESPACO UNIMED,CAPITAL INICIAL,8000.0,MEDIAS CASAS,CASA DE SHOWS,-23.52812,-46.66805,4Z0yuwHVJBROVZqFpTIr0d,"BRAZILIAN ROCK, MPB, BRAZILIAN POP, POP ROCK",64.0,3035736.0,https://i.scdn.co/image/ab6761610000e5ebc4d7ff8212967e607b22627b,GENRE_1,False,False
1033,Capital Inicial,2025-11-14,2025,ESPACO UNIMED,CAPITAL INICIAL,8000.0,MEDIAS CASAS,CASA DE SHOWS,-23.52812,-46.66805,4Z0yuwHVJBROVZqFpTIr0d,"BRAZILIAN ROCK, MPB, BRAZILIAN POP, POP ROCK",64.0,3035736.0,https://i.scdn.co/image/ab6761610000e5ebc4d7ff8212967e607b22627b,GENRE_1,False,False
1034,Capital Inicial,2025-11-15,2025,ESPACO UNIMED,CAPITAL INICIAL,8000.0,MEDIAS CASAS,CASA DE SHOWS,-23.52812,-46.66805,4Z0yuwHVJBROVZqFpTIr0d,"BRAZILIAN ROCK, MPB, BRAZILIAN POP, POP ROCK",64.0,3035736.0,https://i.scdn.co/image/ab6761610000e5ebc4d7ff8212967e607b22627b,GENRE_1,False,False
1035,Capital Inicial,2023-06-04,2023,NOVO ANHANGABAU,CAPITAL INICIAL,35000.0,GRANDES CASAS,AREA EXTERNA PARA EVENTOS,-23.54429,-46.63623,4Z0yuwHVJBROVZqFpTIr0d,"BRAZILIAN ROCK, MPB, BRAZILIAN POP, POP ROCK",64.0,3035736.0,https://i.scdn.co/image/ab6761610000e5ebc4d7ff8212967e607b22627b,GENRE_1,MITA FESTIVAL,FLORENCE + THE MACHINE
1036,Phoebe Bridgers,2022-11-06,2022,DISTRITO ANHEMBI,PHOEBE BRIDGERS,35000.0,GRANDES CASAS,AREA EXTERNA PARA EVENTOS,-23.51611,-46.64320,1r1uxoy19fzMxunt3ONAkG,0,77.0,3029135.0,https://i.scdn.co/image/ab6761610000e5eb626686e362d30246e816cc5b,GENRE_1,PRIMAVERA SOUND,"TRAVIS SCOTT, LORDE"
1037,Zé Ramalho,2022-02-13,2022,ESPACO DAS AMERICAS,ZE RAMALHO,8000.0,MEDIAS CASAS,CASA DE SHOWS,-23.5156,-46.6820,7JoWcJHDOG58JYTe6d400S,"MPB, FORRO TRADICIONAL, SERTANEJO TRADICIONAL, FORRO",65.0,3011313.0,https://i.scdn.co/image/ab6761610000e5eb607a7b4dcd5555814031c84e,LETTER_2,False,False
1038,Zé Ramalho,2022-02-13,2022,ESPACO DAS AMERICAS,ZE RAMALHO,8000.0,MEDIAS CASAS,CASA DE SHOWS,-23.5156,-46.6820,7JoWcJHDOG58JYTe6d400S,"MPB, FORRO TRADICIONAL, SERTANEJO TRADICIONAL, FORRO",65.0,3011313.0,https://i.scdn.co/image/ab6761610000e5eb607a7b4dcd5555814031c84e,LETTER_2,False,False
1039,Zé Ramalho,2022-12-03,2022,TOKIO MARINE HALL,ZE RAMALHO,4000.0,MEDIAS CASAS,CASA DE SHOWS,-23.6383,-46.7203,7JoWcJHDOG58JYTe6d400S,"MPB, FORRO TRADICIONAL, SERTANEJO TRADICIONAL, FORRO",65.0,3011313.0,https://i.scdn.co/image/ab6761610000e5eb607a7b4dcd5555814031c84e,LETTER_2,False,False
1040,Zé Ramalho,2022-12-03,2022,TOKIO MARINE HALL,ZE RAMALHO,4000.0,MEDIAS CASAS,CASA DE SHOWS,-23.6383,-46.7203,7JoWcJHDOG58JYTe6d400S,"MPB, FORRO TRADICIONAL, SERTANEJO TRADICIONAL, FORRO",65.0,3011313.0,https://i.scdn.co/image/ab6761610000e5eb607a7b4dcd5555814031c84e,LETTER_2,False,False
1041,Zé Ramalho,2023-05-27,2023,ESPACO UNIMED,ZE RAMALHO,8000.0,MEDIAS CASAS,CASA DE SHOWS,-23.52812,-46.66805,7JoWcJHDOG58JYTe6d400S,"MPB, FORRO TRADICIONAL, SERTANEJO TRADICIONAL, FORRO",65.0,3011313.0,https://i.scdn.co/image/ab6761610000e5eb607a7b4dcd5555814031c84e,LETTER_2,False,False
1042,Zé Ramalho,2023-05-27,2023,ESPACO UNIMED,ZE RAMALHO,8000.0,MEDIAS CASAS,CASA DE SHOWS,-23.52812,-46.66805,7JoWcJHDOG58JYTe6d400S,"MPB, FORRO TRADICIONAL, SERTANEJO TRADICIONAL, FORRO",65.0,3011313.0,https://i.scdn.co/image/ab6761610000e5eb607a7b4dcd5555814031c84e,LETTER_2,False,False
1043,Zé Ramalho,2024-03-01,2024,ESPACO UNIMED,ZE RAMALHO,8000.0,MEDIAS CASAS,CASA DE SHOWS,-23.52812,-46.66805,7JoWcJHDOG58JYTe6d400S,"MPB, FORRO TRADICIONAL, SERTANEJO TRADICIONAL, FORRO",65.0,3011313.0,https://i.scdn.co/image/ab6761610000e5eb607a7b4dcd5555814031c84e,LETTER_2,False,False
1044,Zé Ramalho,2024-03-01,2024,ESPACO UNIMED,ZE RAMALHO,8000.0,MEDIAS CASAS,CASA DE SHOWS,-23.52812,-46.66805,7JoWcJHDOG58JYTe6d400S,"MPB, FORRO TRADICIONAL, SERTANEJO TRADICIONAL, FORRO",65.0,3011313.0,https://i.scdn.co/image/ab6761610000e5eb607a7b4dcd5555814031c84e,LETTER_2,False,False
1045,Zé Ramalho,2025-05-11,2025,ESPACO UNIMED,ZE RAMALHO,8000.0,MEDIAS CASAS,CASA DE SHOWS,-23.52812,-46.66805,7JoWcJHDOG58JYTe6d400S,"MPB, FORRO TRADICIONAL, SERTANEJO TRADICIONAL, FORRO",65.0,3011313.0,https://i.scdn.co/image/ab6761610000e5eb607a7b4dcd5555814031c84e,LETTER_2,False,False
1046,Zé Ramalho,2025-05-11,2025,ESPACO UNIMED,ZE RAMALHO,8000.0,MEDIAS CASAS,CASA DE SHOWS,-23.52812,-46.66805,7JoWcJHDOG58JYTe6d400S,"MPB, FORRO TRADICIONAL, SERTANEJO TRADICIONAL, FORRO",65.0,3011313.0,https://i.scdn.co/image/ab6761610000e5eb607a7b4dcd5555814031c84e,LETTER_2,False,False
1047,Franz Ferdinand,2024-11-14,2024,TOKIO MARINE HALL,FRANZ FERDINAND,4000.0,MEDIAS CASAS,CASA DE SHOWS,-23.6383,-46.7203,0XNa1vTidXlvJ2gHSsRi4A,INDIE ROCK,69.0,3008474.0,https://i.scdn.co/image/ab6761610000e5eb69ecfa7557856564c968640d,GENRE_1,False,False
1048,Wallows,2023-03-25,2023,AUTODROMO DE INTERLAGOS,WALLOWS,100000.0,ARENAS E ESTADIOS,AREA EXTERNA PARA EVENTOS,-23.7000,-46.6972,0NIPkIjTV8mB795yEIiPYL,INDIE,68.0,3006361.0,https://i.scdn.co/image/ab6761610000e5ebfde4e7d59f6d8868e2ffdaf5,GENRE_2,LOLLAPALOOZA,"TWENTY ONE PILOTS, TAME IMPALA"
1049,Rise Against,2023-03-24,2023,AUTODROMO DE INTERLAGOS,RISE AGAINST,100000.0,ARENAS E ESTADIOS,AREA EXTERNA PARA EVENTOS,-23.7000,-46.6972,6Wr3hh341P84m3EI8qdn9O,"PUNK, HARDCORE PUNK",70.0,2945896.0,https://i.scdn.co/image/ab6761610000e5eb071291b50cd2f68a7bfe1337,LETTER_1,LOLLAPALOOZA,"BILLIE EILISH, LIL NAS X"
1050,Rise Against,2025-03-08,2025,ALLIANZ PARQUE,RISE AGAINST,45000.0,ARENAS E ESTADIOS,ESTADIO MULTIUSO,-23.5276207,-46.6784662,6Wr3hh341P84m3EI8qdn9O,"PUNK, HARDCORE PUNK",70.0,2945896.0,https://i.scdn.co/image/ab6761610000e5eb071291b50cd2f68a7bfe1337,LETTER_1,False,False
1051,a‐ha,2022-07-18,2022,ESPACO UNIMED,A-HA,8000.0,MEDIAS CASAS,CASA DE SHOWS,-23.52812,-46.66805,2jzc5TC5TVFLXQlBNiIUzE,"NEW WAVE, SYNTHPOP",72.0,2940118.0,https://i.scdn.co/image/ab6761610000e5eb0168ba8148c07c2cdeb7d067,GENRE_1,False,False
1052,a‐ha,2022-07-19,2022,ESPACO UNIMED,A-HA,8000.0,MEDIAS CASAS,CASA DE SHOWS,-23.52812,-46.66805,2jzc5TC5TVFLXQlBNiIUzE,"NEW WAVE, SYNTHPOP",72.0,2940118.0,https://i.scdn.co/image/ab6761610000e5eb0168ba8148c07c2cdeb7d067,GENRE_1,False,False
1053,Pixote,2022-06-22,2022,TOKIO MARINE HALL,PIXOTE,4000.0,MEDIAS CASAS,CASA DE SHOWS,-23.6383,-46.7203,0ciLF0bOuu2BhqzCEZgHoB,"PAGODE, SAMBA",66.0,2925274.0,https://i.scdn.co/image/ab6761610000e5eba0b5dc1d9515ab7f88de2dd1,LETTER_2,False,False
1054,Pixote,2025-06-07,2025,VALE DO ANHANGABAU,PIXOTE,35000.0,GRANDES CASAS,AREA EXTERNA PARA EVENTOS,-23.54429,-46.63623,0ciLF0bOuu2BhqzCEZgHoB,"PAGODE, SAMBA",66.0,2925274.0,https://i.scdn.co/image/ab6761610000e5eba0b5dc1d9515ab7f88de2dd1,LETTER_2,False,False
1056,Roupa Nova,2023-01-14,2023,VIBRA SAO PAULO,ROUPA NOVA,7000.0,MEDIAS CASAS,TEATRO E CASA DE ESPETACULOS,-23.6475,-46.7239,2poCUrtJvVVgfA2hgri1IS,"MPB, BRAZILIAN POP, BRAZILIAN ROCK",63.0,2892777.0,https://i.scdn.co/image/ab6761610000e5eb818e8d878ff7429b83c452b2,GENRE_1,False,False
1057,Roupa Nova,2023-01-14,2023,VIBRA SAO PAULO,ROUPA NOVA,7000.0,MEDIAS CASAS,TEATRO E CASA DE ESPETACULOS,-23.6475,-46.7239,2poCUrtJvVVgfA2hgri1IS,"MPB, BRAZILIAN POP, BRAZILIAN ROCK",63.0,2892777.0,https://i.scdn.co/image/ab6761610000e5eb818e8d878ff7429b83c452b2,GENRE_1,False,False
1058,Laura Pausini,2024-03-02,2024,ESPACO UNIMED,LAURA PAUSINI,8000.0,MEDIAS CASAS,CASA DE SHOWS,-23.52812,-46.66805,2e4nwiX8ZCU09LGLOpeqTH,LATIN POP,74.0,2884210.0,https://i.scdn.co/image/ab6761610000e5eb13bfc3576c7b50e25a1fbc66,GENRE_1,False,False
1059,Laura Pausini,2024-03-03,2024,ESPACO UNIMED,LAURA PAUSINI,8000.0,MEDIAS CASAS,CASA DE SHOWS,-23.52812,-46.66805,2e4nwiX8ZCU09LGLOpeqTH,LATIN POP,74.0,2884210.0,https://i.scdn.co/image/ab6761610000e5eb13bfc3576c7b50e25a1fbc66,GENRE_1,False,False
1060,Good Charlotte,2025-08-30,2025,ALLIANZ PARQUE,GOOD CHARLOTTE,45000.0,ARENAS E ESTADIOS,ESTADIO MULTIUSO,-23.5276207,-46.6784662,5aYyPjAsLj7UzANzdupwnS,"POP PUNK, PUNK, EMO",65.0,2867765.0,https://i.scdn.co/image/ab6761610000e5ebc4d383def970a8566db1cd2a,GENRE_2,I WANNA BE TOUR,"FALL OUT BOY, GOOD CHARLOTTE"
1061,BAEKHYUN,2025-06-14,2025,VIBRA SAO PAULO,BAEKHYUN,7000.0,MEDIAS CASAS,TEATRO E CASA DE ESPETACULOS,-23.6475,-46.7239,4ufh0WuMZh6y4Dmdnklvdl,"K-POP, K-BALLAD",63.0,2841768.0,https://i.scdn.co/image/ab6761610000e5eb7d4e246f8c54be347e06bffe,LETTER_1,False,False
1062,BAEKHYUN,2025-06-15,2025,VIBRA SAO PAULO,BAEKHYUN,7000.0,MEDIAS CASAS,TEATRO E CASA DE ESPETACULOS,-23.6475,-46.7239,4ufh0WuMZh6y4Dmdnklvdl,"K-POP, K-BALLAD",63.0,2841768.0,https://i.scdn.co/image/ab6761610000e5eb7d4e246f8c54be347e06bffe,LETTER_1,False,False
1063,LP,2023-02-08,2023,AUDIO,LP,3200.0,MEDIAS CASAS,CASA DE SHOWS,-23.52822,-46.66968,0J7U24vlOOIeMpuaO6Q85A,0,66.0,2838338.0,https://i.scdn.co/image/ab6761610000e5ebb97dbdfac09764e2516cee65,LETTER_1,False,False
1064,LP,2022-03-25,2022,AUTODROMO DE INTERLAGOS,LP,100000.0,ARENAS E ESTADIOS,AREA EXTERNA PARA EVENTOS,-23.7000,-46.6972,0J7U24vlOOIeMpuaO6Q85A,0,66.0,2838338.0,https://i.scdn.co/image/ab6761610000e5ebb97dbdfac09764e2516cee65,LETTER_1,LOLLAPALOOZA,THE STROKES
1065,The Rose,2023-03-26,2023,AUTODROMO DE INTERLAGOS,THE ROSE,100000.0,ARENAS E ESTADIOS,AREA EXTERNA PARA EVENTOS,-23.7000,-46.6972,5na1LmEmK2VzNLje9snJYW,"K-ROCK, K-POP",62.0,2829076.0,https://i.scdn.co/image/ab6761610000e5ebd434a8b25f5a50277b05a402,GENRE_1,LOLLAPALOOZA,"DRAKE, ROSALIA"
1066,The Rose,2022-12-04,2022,ESPACO UNIMED,THE ROSE,8000.0,MEDIAS CASAS,CASA DE SHOWS,-23.52812,-46.66805,5na1LmEmK2VzNLje9snJYW,"K-ROCK, K-POP",62.0,2829076.0,https://i.scdn.co/image/ab6761610000e5ebd434a8b25f5a50277b05a402,GENRE_1,False,False
1067,The Rose,2025-08-08,2025,VIBRA SAO PAULO,THE ROSE,7000.0,MEDIAS CASAS,TEATRO E CASA DE ESPETACULOS,-23.6475,-46.7239,5na1LmEmK2VzNLje9snJYW,"K-ROCK, K-POP",62.0,2829076.0,https://i.scdn.co/image/ab6761610000e5ebd434a8b25f5a50277b05a402,GENRE_1,False,False
1068,Beach House,2022-11-05,2022,DISTRITO ANHEMBI,BEACH HOUSE,35000.0,GRANDES CASAS,AREA EXTERNA PARA EVENTOS,-23.51611,-46.64320,56ZTgzPBDge0OvCGgMO3OY,DREAM POP,73.0,2828850.0,https://i.scdn.co/image/ab6761610000e5ebb3e38a46a56a423d8f741c09,GENRE_2,PRIMAVERA SOUND,"ARCTIC MONKEYS, BJORK"
1069,Kool & the Gang,2024-11-15,2024,ESPACO UNIMED,KOOL & THE GANG,8000.0,MEDIAS CASAS,CASA DE SHOWS,-23.52812,-46.66805,3VNITwohbvU5Wuy5PC6dsI,"DISCO, FUNK",68.0,2827404.0,https://i.scdn.co/image/ab6761610000e5eb69287c3f1b150bbead642499,GENRE_2,False,False
1070,Diplo,2024-03-22,2024,AUTODROMO DE INTERLAGOS,DIPLO,100000.0,ARENAS E ESTADIOS,AREA EXTERNA PARA EVENTOS,-23.7000,-46.6972,5fMUXHkw8R8eOP2RNVYEZX,MOOMBAHTON,79.0,2824817.0,https://i.scdn.co/image/ab6761610000e5ebdf01727aa674ddefa777797a,LETTER_1,LOLLAPALOOZA,"BLINK-182,ARCADE FIRE"
1071,Simply Red,2025-03-15,2025,ALLIANZ PARQUE,SIMPLY RED,45000.0,ARENAS E ESTADIOS,ESTADIO MULTIUSO,-23.5276207,-46.6784662,1fa0cOhromAZdq2xRA4vv8,ROCK,71.0,2781182.0,https://i.scdn.co/image/ab6761610000e5ebdf126340c69932e9c9ff27de,GENRE_1,False,False
1072,Greta Van Fleet,2024-03-24,2024,AUTODROMO DE INTERLAGOS,GRETA VAN FLEET,100000.0,ARENAS E ESTADIOS,AREA EXTERNA PARA EVENTOS,-23.7000,-46.6972,4NpFxQe2UvRCAjto3JqlSl,ROCK,64.0,2769175.0,https://i.scdn.co/image/ab6761610000e5eb301eb2b9d83cf86efa024ccb,GENRE_1,LOLLAPALOOZA,"SZA, SAM SMITH"
1073,Greta Van Fleet,2022-05-10,2022,ESTADIO DO MORUMBI,GRETA VAN FLEET,67000.0,ARENAS E ESTADIOS,ESTADIO MULTIUSO,-23.600089,-46.720090,4NpFxQe2UvRCAjto3JqlSl,ROCK,64.0,2769175.0,https://i.scdn.co/image/ab6761610000e5eb301eb2b9d83cf86efa024ccb,GENRE_1,False,False
1074,BABYMETAL,2024-10-21,2024,AUDIO,BABYMETAL,3200.0,MEDIAS CASAS,CASA DE SHOWS,-23.52822,-46.66968,630wzNP2OL7fl4Xl0GnMWq,J-ROCK,69.0,2756469.0,https://i.scdn.co/image/ab6761610000e5eb8bf2dcb4312416001228a30d,GENRE_1,False,False
1075,BABYMETAL,2024-10-20,2024,ALLIANZ PARQUE,BABYMETAL,45000.0,ARENAS E ESTADIOS,ESTADIO MULTIUSO,-23.5276207,-46.6784662,630wzNP2OL7fl4Xl0GnMWq,J-ROCK,69.0,2756469.0,https://i.scdn.co/image/ab6761610000e5eb8bf2dcb4312416001228a30d,GENRE_1,False,False
1076,Volbeat,2024-12-06,2024,ALLIANZ PARQUE,VOLBEAT,45000.0,ARENAS E ESTADIOS,ESTADIO MULTIUSO,-23.5276207,-46.6784662,0L5fC7Ogm2YwgqVCRcF1bT,"ROCK, METAL",70.0,2754486.0,https://i.scdn.co/image/ab6761610000e5ebed061555d0d15cf7b1e66731,GENRE_1,False,False
1077,Volbeat,2024-12-07,2024,ALLIANZ PARQUE,VOLBEAT,45000.0,ARENAS E ESTADIOS,ESTADIO MULTIUSO,-23.5276207,-46.6784662,0L5fC7Ogm2YwgqVCRcF1bT,"ROCK, METAL",70.0,2754486.0,https://i.scdn.co/image/ab6761610000e5ebed061555d0d15cf7b1e66731,GENRE_1,False,False
1078,Chitãozinho & Xororó,2024-10-23,2024,AUDIO,CHITAOZINHO & XORORO,3200.0,MEDIAS CASAS,CASA DE SHOWS,-23.52822,-46.66968,7gfkYbxpguEc9bm6m8TpAr,"SERTANEJO TRADICIONAL, SERTANEJO, AGRONEJO",68.0,2749524.0,https://i.scdn.co/image/ab6761610000e5ebd5fcda04e60405d7e5ca3fb1,GENRE_1,False,False
1079,Chitãozinho & Xororó,2022-02-12,2022,ESPACO DAS AMERICAS,CHITAOZINHO & XORORO,8000.0,MEDIAS CASAS,CASA DE SHOWS,-23.5156,-46.6820,7gfkYbxpguEc9bm6m8TpAr,"SERTANEJO TRADICIONAL, SERTANEJO, AGRONEJO",68.0,2749524.0,https://i.scdn.co/image/ab6761610000e5ebd5fcda04e60405d7e5ca3fb1,GENRE_1,False,False
1080,Chitãozinho & Xororó,2022-02-17,2022,ESPACO DAS AMERICAS,CHITAOZINHO & XORORO,8000.0,MEDIAS CASAS,CASA DE SHOWS,-23.5156,-46.6820,7gfkYbxpguEc9bm6m8TpAr,"SERTANEJO TRADICIONAL, SERTANEJO, AGRONEJO",68.0,2749524.0,https://i.scdn.co/image/ab6761610000e5ebd5fcda04e60405d7e5ca3fb1,GENRE_1,False,False
1081,Chitãozinho & Xororó,2022-12-10,2022,ALLIANZ PARQUE,CHITAOZINHO & XORORO,45000.0,ARENAS E ESTADIOS,ESTADIO MULTIUSO,-23.5276207,-46.6784662,7gfkYbxpguEc9bm6m8TpAr,"SERTANEJO TRADICIONAL, SERTANEJO, AGRONEJO",68.0,2749524.0,https://i.scdn.co/image/ab6761610000e5ebd5fcda04e60405d7e5ca3fb1,GENRE_1,False,False
1082,Chitãozinho & Xororó,2024-06-27,2024,ALLIANZ PARQUE,CHITAOZINHO & XORORO,45000.0,ARENAS E ESTADIOS,ESTADIO MULTIUSO,-23.5276207,-46.6784662,7gfkYbxpguEc9bm6m8TpAr,"SERTANEJO TRADICIONAL, SERTANEJO, AGRONEJO",68.0,2749524.0,https://i.scdn.co/image/ab6761610000e5ebd5fcda04e60405d7e5ca3fb1,GENRE_1,False,False
1083,Chitãozinho & Xororó,2025-08-23,2025,ALLIANZ PARQUE,CHITAOZINHO & XORORO,45000.0,ARENAS E ESTADIOS,ESTADIO MULTIUSO,-23.5276207,-46.6784662,7gfkYbxpguEc9bm6m8TpAr,"SERTANEJO TRADICIONAL, SERTANEJO, AGRONEJO",68.0,2749524.0,https://i.scdn.co/image/ab6761610000e5ebd5fcda04e60405d7e5ca3fb1,GENRE_1,False,False
1084,Chitãozinho & Xororó,2023-06-23,2023,ESPACO UNIMED,CHITAOZINHO & XORORO,8000.0,MEDIAS CASAS,CASA DE SHOWS,-23.52812,-46.66805,7gfkYbxpguEc9bm6m8TpAr,"SERTANEJO TRADICIONAL, SERTANEJO, AGRONEJO",68.0,2749524.0,https://i.scdn.co/image/ab6761610000e5ebd5fcda04e60405d7e5ca3fb1,GENRE_1,False,False
1085,Chitãozinho & Xororó,2023-06-24,2023,ESPACO UNIMED,CHITAOZINHO & XORORO,8000.0,MEDIAS CASAS,CASA DE SHOWS,-23.52812,-46.66805,7gfkYbxpguEc9bm6m8TpAr,"SERTANEJO TRADICIONAL, SERTANEJO, AGRONEJO",68.0,2749524.0,https://i.scdn.co/image/ab6761610000e5ebd5fcda04e60405d7e5ca3fb1,GENRE_1,False,False
1086,Chitãozinho & Xororó,2025-11-21,2025,ESPACO UNIMED,CHITAOZINHO & XORORO,8000.0,MEDIAS CASAS,CASA DE SHOWS,-23.52812,-46.66805,7gfkYbxpguEc9bm6m8TpAr,"SERTANEJO TRADICIONAL, SERTANEJO, AGRONEJO",68.0,2749524.0,https://i.scdn.co/image/ab6761610000e5ebd5fcda04e60405d7e5ca3fb1,GENRE_1,False,False
1087,Chitãozinho & Xororó,2025-11-22,2025,ESPACO UNIMED,CHITAOZINHO & XORORO,8000.0,MEDIAS CASAS,CASA DE SHOWS,-23.52812,-46.66805,7gfkYbxpguEc9bm6m8TpAr,"SERTANEJO TRADICIONAL, SERTANEJO, AGRONEJO",68.0,2749524.0,https://i.scdn.co/image/ab6761610000e5ebd5fcda04e60405d7e5ca3fb1,GENRE_1,False,False
1089,Tiago Iorc,2023-05-27,2023,VIBRA SAO PAULO,TIAGO IORC,7000.0,MEDIAS CASAS,TEATRO E CASA DE ESPETACULOS,-23.6475,-46.7239,4iWkwAVzssjb8XgxdoOL6M,"MPB, NOVA MPB, BRAZILIAN POP",62.0,2702811.0,https://i.scdn.co/image/ab6761610000e5ebca0cbfa7da640a6c43ea74e7,LETTER_1,False,False
1090,Tiago Iorc,2025-10-25,2025,NEO QUIMICA ARENA,TIAGO IORC,49000.0,ARENAS E ESTADIOS,ESTADIO MULTIUSO,-23.54534,-46.47476,4iWkwAVzssjb8XgxdoOL6M,"MPB, NOVA MPB, BRAZILIAN POP",62.0,2702811.0,https://i.scdn.co/image/ab6761610000e5ebca0cbfa7da640a6c43ea74e7,LETTER_1,False,False
1091,Marisa Monte,2022-02-04,2022,ESPACO DAS AMERICAS,MARISA MONTE,8000.0,MEDIAS CASAS,CASA DE SHOWS,-23.5156,-46.6820,0rSTXALHu0EKAawPLBdODH,"MPB, NOVA MPB",68.0,2692452.0,https://i.scdn.co/image/ab6761610000e5ebdf680c991c829899faf1283c,LETTER_1,False,False
1092,Marisa Monte,2022-02-04,2022,ESPACO DAS AMERICAS,MARISA MONTE,8000.0,MEDIAS CASAS,CASA DE SHOWS,-23.5156,-46.6820,0rSTXALHu0EKAawPLBdODH,"MPB, NOVA MPB",68.0,2692452.0,https://i.scdn.co/image/ab6761610000e5ebdf680c991c829899faf1283c,LETTER_1,False,False
1093,Marisa Monte,2022-02-04,2022,ESPACO DAS AMERICAS,MARISA MONTE,8000.0,MEDIAS CASAS,CASA DE SHOWS,-23.5156,-46.6820,0rSTXALHu0EKAawPLBdODH,"MPB, NOVA MPB",68.0,2692452.0,https://i.scdn.co/image/ab6761610000e5ebdf680c991c829899faf1283c,LETTER_1,False,False
1094,Marisa Monte,2022-02-05,2022,ESPACO DAS AMERICAS,MARISA MONTE,8000.0,MEDIAS CASAS,CASA DE SHOWS,-23.5156,-46.6820,0rSTXALHu0EKAawPLBdODH,"MPB, NOVA MPB",68.0,2692452.0,https://i.scdn.co/image/ab6761610000e5ebdf680c991c829899faf1283c,LETTER_1,False,False
1095,Marisa Monte,2022-02-05,2022,ESPACO DAS AMERICAS,MARISA MONTE,8000.0,MEDIAS CASAS,CASA DE SHOWS,-23.5156,-46.6820,0rSTXALHu0EKAawPLBdODH,"MPB, NOVA MPB",68.0,2692452.0,https://i.scdn.co/image/ab6761610000e5ebdf680c991c829899faf1283c,LETTER_1,False,False
1096,Marisa Monte,2022-02-05,2022,ESPACO DAS AMERICAS,MARISA MONTE,8000.0,MEDIAS CASAS,CASA DE SHOWS,-23.5156,-46.6820,0rSTXALHu0EKAawPLBdODH,"MPB, NOVA MPB",68.0,2692452.0,https://i.scdn.co/image/ab6761610000e5ebdf680c991c829899faf1283c,LETTER_1,False,False
1097,Marisa Monte,2022-02-11,2022,ESPACO DAS AMERICAS,MARISA MONTE,8000.0,MEDIAS CASAS,CASA DE SHOWS,-23.5156,-46.6820,0rSTXALHu0EKAawPLBdODH,"MPB, NOVA MPB",68.0,2692452.0,https://i.scdn.co/image/ab6761610000e5ebdf680c991c829899faf1283c,LETTER_1,False,False
1098,Marisa Monte,2022-02-11,2022,ESPACO DAS AMERICAS,MARISA MONTE,8000.0,MEDIAS CASAS,CASA DE SHOWS,-23.5156,-46.6820,0rSTXALHu0EKAawPLBdODH,"MPB, NOVA MPB",68.0,2692452.0,https://i.scdn.co/image/ab6761610000e5ebdf680c991c829899faf1283c,LETTER_1,False,False
1099,Marisa Monte,2022-02-11,2022,ESPACO DAS AMERICAS,MARISA MONTE,8000.0,MEDIAS CASAS,CASA DE SHOWS,-23.5156,-46.6820,0rSTXALHu0EKAawPLBdODH,"MPB, NOVA MPB",68.0,2692452.0,https://i.scdn.co/image/ab6761610000e5ebdf680c991c829899faf1283c,LETTER_1,False,False
1100,Marisa Monte,2022-02-12,2022,ESPACO DAS AMERICAS,MARISA MONTE,8000.0,MEDIAS CASAS,CASA DE SHOWS,-23.5156,-46.6820,0rSTXALHu0EKAawPLBdODH,"MPB, NOVA MPB",68.0,2692452.0,https://i.scdn.co/image/ab6761610000e5ebdf680c991c829899faf1283c,LETTER_1,False,False
1101,Marisa Monte,2022-02-12,2022,ESPACO DAS AMERICAS,MARISA MONTE,8000.0,MEDIAS CASAS,CASA DE SHOWS,-23.5156,-46.6820,0rSTXALHu0EKAawPLBdODH,"MPB, NOVA MPB",68.0,2692452.0,https://i.scdn.co/image/ab6761610000e5ebdf680c991c829899faf1283c,LETTER_1,False,False
1102,Marisa Monte,2022-02-12,2022,ESPACO DAS AMERICAS,MARISA MONTE,8000.0,MEDIAS CASAS,CASA DE SHOWS,-23.5156,-46.6820,0rSTXALHu0EKAawPLBdODH,"MPB, NOVA MPB",68.0,2692452.0,https://i.scdn.co/image/ab6761610000e5ebdf680c991c829899faf1283c,LETTER_1,False,False
1103,Marisa Monte,2023-12-02,2023,AUTODROMO DE INTERLAGOS,MARISA MONTE,100000.0,ARENAS E ESTADIOS,AREA EXTERNA PARA EVENTOS,-23.7000,-46.6972,0rSTXALHu0EKAawPLBdODH,"MPB, NOVA MPB",68.0,2692452.0,https://i.scdn.co/image/ab6761610000e5ebdf680c991c829899faf1283c,LETTER_1,False,False
1104,Marisa Monte,2023-12-02,2023,AUTODROMO DE INTERLAGOS,MARISA MONTE,100000.0,ARENAS E ESTADIOS,AREA EXTERNA PARA EVENTOS,-23.7000,-46.6972,0rSTXALHu0EKAawPLBdODH,"MPB, NOVA MPB",68.0,2692452.0,https://i.scdn.co/image/ab6761610000e5ebdf680c991c829899faf1283c,LETTER_1,False,False
1105,Marisa Monte,2023-12-02,2023,AUTODROMO DE INTERLAGOS,MARISA MONTE,100000.0,ARENAS E ESTADIOS,AREA EXTERNA PARA EVENTOS,-23.7000,-46.6972,0rSTXALHu0EKAawPLBdODH,"MPB, NOVA MPB",68.0,2692452.0,https://i.scdn.co/image/ab6761610000e5ebdf680c991c829899faf1283c,LETTER_1,False,False
1106,Marisa Monte,2022-07-21,2022,ESPACO UNIMED,MARISA MONTE,8000.0,MEDIAS CASAS,CASA DE SHOWS,-23.52812,-46.66805,0rSTXALHu0EKAawPLBdODH,"MPB, NOVA MPB",68.0,2692452.0,https://i.scdn.co/image/ab6761610000e5ebdf680c991c829899faf1283c,LETTER_1,False,False
1107,Marisa Monte,2022-07-21,2022,ESPACO UNIMED,MARISA MONTE,8000.0,MEDIAS CASAS,CASA DE SHOWS,-23.52812,-46.66805,0rSTXALHu0EKAawPLBdODH,"MPB, NOVA MPB",68.0,2692452.0,https://i.scdn.co/image/ab6761610000e5ebdf680c991c829899faf1283c,LETTER_1,False,False
1108,Marisa Monte,2022-07-21,2022,ESPACO UNIMED,MARISA MONTE,8000.0,MEDIAS CASAS,CASA DE SHOWS,-23.52812,-46.66805,0rSTXALHu0EKAawPLBdODH,"MPB, NOVA MPB",68.0,2692452.0,https://i.scdn.co/image/ab6761610000e5ebdf680c991c829899faf1283c,LETTER_1,False,False
1109,Marisa Monte,2022-07-22,2022,ESPACO UNIMED,MARISA MONTE,8000.0,MEDIAS CASAS,CASA DE SHOWS,-23.52812,-46.66805,0rSTXALHu0EKAawPLBdODH,"MPB, NOVA MPB",68.0,2692452.0,https://i.scdn.co/image/ab6761610000e5ebdf680c991c829899faf1283c,LETTER_1,False,False
1110,Marisa Monte,2022-07-22,2022,ESPACO UNIMED,MARISA MONTE,8000.0,MEDIAS CASAS,CASA DE SHOWS,-23.52812,-46.66805,0rSTXALHu0EKAawPLBdODH,"MPB, NOVA MPB",68.0,2692452.0,https://i.scdn.co/image/ab6761610000e5ebdf680c991c829899faf1283c,LETTER_1,False,False
1111,Marisa Monte,2022-07-22,2022,ESPACO UNIMED,MARISA MONTE,8000.0,MEDIAS CASAS,CASA DE SHOWS,-23.52812,-46.66805,0rSTXALHu0EKAawPLBdODH,"MPB, NOVA MPB",68.0,2692452.0,https://i.scdn.co/image/ab6761610000e5ebdf680c991c829899faf1283c,LETTER_1,False,False
1112,Marisa Monte,2022-07-23,2022,ESPACO UNIMED,MARISA MONTE,8000.0,MEDIAS CASAS,CASA DE SHOWS,-23.52812,-46.66805,0rSTXALHu0EKAawPLBdODH,"MPB, NOVA MPB",68.0,2692452.0,https://i.scdn.co/image/ab6761610000e5ebdf680c991c829899faf1283c,LETTER_1,False,False
1113,Marisa Monte,2022-07-23,2022,ESPACO UNIMED,MARISA MONTE,8000.0,MEDIAS CASAS,CASA DE SHOWS,-23.52812,-46.66805,0rSTXALHu0EKAawPLBdODH,"MPB, NOVA MPB",68.0,2692452.0,https://i.scdn.co/image/ab6761610000e5ebdf680c991c829899faf1283c,LETTER_1,False,False
1114,Marisa Monte,2022-07-23,2022,ESPACO UNIMED,MARISA MONTE,8000.0,MEDIAS CASAS,CASA DE SHOWS,-23.52812,-46.66805,0rSTXALHu0EKAawPLBdODH,"MPB, NOVA MPB",68.0,2692452.0,https://i.scdn.co/image/ab6761610000e5ebdf680c991c829899faf1283c,LETTER_1,False,False
1115,Marisa Monte,2022-07-28,2022,ESPACO UNIMED,MARISA MONTE,8000.0,MEDIAS CASAS,CASA DE SHOWS,-23.52812,-46.66805,0rSTXALHu0EKAawPLBdODH,"MPB, NOVA MPB",68.0,2692452.0,https://i.scdn.co/image/ab6761610000e5ebdf680c991c829899faf1283c,LETTER_1,False,False
1116,Marisa Monte,2022-07-28,2022,ESPACO UNIMED,MARISA MONTE,8000.0,MEDIAS CASAS,CASA DE SHOWS,-23.52812,-46.66805,0rSTXALHu0EKAawPLBdODH,"MPB, NOVA MPB",68.0,2692452.0,https://i.scdn.co/image/ab6761610000e5ebdf680c991c829899faf1283c,LETTER_1,False,False
1117,Marisa Monte,2022-07-28,2022,ESPACO UNIMED,MARISA MONTE,8000.0,MEDIAS CASAS,CASA DE SHOWS,-23.52812,-46.66805,0rSTXALHu0EKAawPLBdODH,"MPB, NOVA MPB",68.0,2692452.0,https://i.scdn.co/image/ab6761610000e5ebdf680c991c829899faf1283c,LETTER_1,False,False
1118,Marisa Monte,2022-07-29,2022,ESPACO UNIMED,MARISA MONTE,8000.0,MEDIAS CASAS,CASA DE SHOWS,-23.52812,-46.66805,0rSTXALHu0EKAawPLBdODH,"MPB, NOVA MPB",68.0,2692452.0,https://i.scdn.co/image/ab6761610000e5ebdf680c991c829899faf1283c,LETTER_1,False,False
1119,Marisa Monte,2022-07-29,2022,ESPACO UNIMED,MARISA MONTE,8000.0,MEDIAS CASAS,CASA DE SHOWS,-23.52812,-46.66805,0rSTXALHu0EKAawPLBdODH,"MPB, NOVA MPB",68.0,2692452.0,https://i.scdn.co/image/ab6761610000e5ebdf680c991c829899faf1283c,LETTER_1,False,False
1120,Marisa Monte,2022-07-29,2022,ESPACO UNIMED,MARISA MONTE,8000.0,MEDIAS CASAS,CASA DE SHOWS,-23.52812,-46.66805,0rSTXALHu0EKAawPLBdODH,"MPB, NOVA MPB",68.0,2692452.0,https://i.scdn.co/image/ab6761610000e5ebdf680c991c829899faf1283c,LETTER_1,False,False
1121,Marisa Monte,2023-07-14,2023,ESPACO UNIMED,MARISA MONTE,8000.0,MEDIAS CASAS,CASA DE SHOWS,-23.52812,-46.66805,0rSTXALHu0EKAawPLBdODH,"MPB, NOVA MPB",68.0,2692452.0,https://i.scdn.co/image/ab6761610000e5ebdf680c991c829899faf1283c,LETTER_1,False,False
1122,Marisa Monte,2023-07-14,2023,ESPACO UNIMED,MARISA MONTE,8000.0,MEDIAS CASAS,CASA DE SHOWS,-23.52812,-46.66805,0rSTXALHu0EKAawPLBdODH,"MPB, NOVA MPB",68.0,2692452.0,https://i.scdn.co/image/ab6761610000e5ebdf680c991c829899faf1283c,LETTER_1,False,False
1123,Marisa Monte,2023-07-14,2023,ESPACO UNIMED,MARISA MONTE,8000.0,MEDIAS CASAS,CASA DE SHOWS,-23.52812,-46.66805,0rSTXALHu0EKAawPLBdODH,"MPB, NOVA MPB",68.0,2692452.0,https://i.scdn.co/image/ab6761610000e5ebdf680c991c829899faf1283c,LETTER_1,False,False
1124,Marisa Monte,2023-07-15,2023,ESPACO UNIMED,MARISA MONTE,8000.0,MEDIAS CASAS,CASA DE SHOWS,-23.52812,-46.66805,0rSTXALHu0EKAawPLBdODH,"MPB, NOVA MPB",68.0,2692452.0,https://i.scdn.co/image/ab6761610000e5ebdf680c991c829899faf1283c,LETTER_1,False,False
1125,Marisa Monte,2023-07-15,2023,ESPACO UNIMED,MARISA MONTE,8000.0,MEDIAS CASAS,CASA DE SHOWS,-23.52812,-46.66805,0rSTXALHu0EKAawPLBdODH,"MPB, NOVA MPB",68.0,2692452.0,https://i.scdn.co/image/ab6761610000e5ebdf680c991c829899faf1283c,LETTER_1,False,False
1126,Marisa Monte,2023-07-15,2023,ESPACO UNIMED,MARISA MONTE,8000.0,MEDIAS CASAS,CASA DE SHOWS,-23.52812,-46.66805,0rSTXALHu0EKAawPLBdODH,"MPB, NOVA MPB",68.0,2692452.0,https://i.scdn.co/image/ab6761610000e5ebdf680c991c829899faf1283c,LETTER_1,False,False
1127,Marisa Monte,2023-07-21,2023,ESPACO UNIMED,MARISA MONTE,8000.0,MEDIAS CASAS,CASA DE SHOWS,-23.52812,-46.66805,0rSTXALHu0EKAawPLBdODH,"MPB, NOVA MPB",68.0,2692452.0,https://i.scdn.co/image/ab6761610000e5ebdf680c991c829899faf1283c,LETTER_1,False,False
1128,Marisa Monte,2023-07-21,2023,ESPACO UNIMED,MARISA MONTE,8000.0,MEDIAS CASAS,CASA DE SHOWS,-23.52812,-46.66805,0rSTXALHu0EKAawPLBdODH,"MPB, NOVA MPB",68.0,2692452.0,https://i.scdn.co/image/ab6761610000e5ebdf680c991c829899faf1283c,LETTER_1,False,False
1129,Marisa Monte,2023-07-21,2023,ESPACO UNIMED,MARISA MONTE,8000.0,MEDIAS CASAS,CASA DE SHOWS,-23.52812,-46.66805,0rSTXALHu0EKAawPLBdODH,"MPB, NOVA MPB",68.0,2692452.0,https://i.scdn.co/image/ab6761610000e5ebdf680c991c829899faf1283c,LETTER_1,False,False
1130,Marisa Monte,2023-07-22,2023,ESPACO UNIMED,MARISA MONTE,8000.0,MEDIAS CASAS,CASA DE SHOWS,-23.52812,-46.66805,0rSTXALHu0EKAawPLBdODH,"MPB, NOVA MPB",68.0,2692452.0,https://i.scdn.co/image/ab6761610000e5ebdf680c991c829899faf1283c,LETTER_1,False,False
1131,Marisa Monte,2023-07-22,2023,ESPACO UNIMED,MARISA MONTE,8000.0,MEDIAS CASAS,CASA DE SHOWS,-23.52812,-46.66805,0rSTXALHu0EKAawPLBdODH,"MPB, NOVA MPB",68.0,2692452.0,https://i.scdn.co/image/ab6761610000e5ebdf680c991c829899faf1283c,LETTER_1,False,False
1132,Marisa Monte,2023-07-22,2023,ESPACO UNIMED,MARISA MONTE,8000.0,MEDIAS CASAS,CASA DE SHOWS,-23.52812,-46.66805,0rSTXALHu0EKAawPLBdODH,"MPB, NOVA MPB",68.0,2692452.0,https://i.scdn.co/image/ab6761610000e5ebdf680c991c829899faf1283c,LETTER_1,False,False
1133,Massive Attack,2025-11-13,2025,ESPACO UNIMED,MASSIVE ATTACK,8000.0,MEDIAS CASAS,CASA DE SHOWS,-23.52812,-46.66805,6FXMGgJwohJLUSr5nVlf9X,"TRIP HOP, DOWNTEMPO",70.0,2685718.0,https://i.scdn.co/image/c8bbeedb05f38ae5cb982a7daf4bf7129cca892c,LETTER_1,False,False
1134,Big Time Rush,2023-03-03,2023,ESPACO UNIMED,BIG TIME RUSH,8000.0,MEDIAS CASAS,CASA DE SHOWS,-23.52812,-46.66805,0GWCNkPi54upO9WLlwjAHd,POP,66.0,2667856.0,https://i.scdn.co/image/ab6761610000e5eb985f57a67a3aa6a11112677c,LETTER_1,False,False
1135,The Kooks,2022-05-20,2022,ESPACO UNIMED,THE KOOKS,8000.0,MEDIAS CASAS,CASA DE SHOWS,-23.52812,-46.66805,1GLtl8uqKmnyCWxHmw9tL4,"INDIE, INDIE ROCK",68.0,2657421.0,https://i.scdn.co/image/ab6761610000e5ebdb445115fc89f2ede86dab8a,GENRE_1,False,False
1136,Raça Negra,2023-08-04,2023,GINASIO DO IBIRAPUERA,RACA NEGRA,10000.0,MEDIAS CASAS,GINASIO COBERTO,-23.57792595,-46.65613433,1RnHJ07H3jcpay9PrUPjnt,"PAGODE, SAMBA",67.0,2654115.0,https://i.scdn.co/image/ab6761610000e5ebd4002ad0583610a94ecdaec9,LETTER_2,False,False
1137,Raça Negra,2023-10-11,2023,ESPACO UNIMED,RACA NEGRA,8000.0,MEDIAS CASAS,CASA DE SHOWS,-23.52812,-46.66805,1RnHJ07H3jcpay9PrUPjnt,"PAGODE, SAMBA",67.0,2654115.0,https://i.scdn.co/image/ab6761610000e5ebd4002ad0583610a94ecdaec9,LETTER_2,False,False
1138,Raça Negra,2025-09-26,2025,ESPACO UNIMED,RACA NEGRA,8000.0,MEDIAS CASAS,CASA DE SHOWS,-23.52812,-46.66805,1RnHJ07H3jcpay9PrUPjnt,"PAGODE, SAMBA",67.0,2654115.0,https://i.scdn.co/image/ab6761610000e5ebd4002ad0583610a94ecdaec9,LETTER_2,False,False
1139,Raça Negra,2024-06-08,2024,VIBRA SAO PAULO,RACA NEGRA,7000.0,MEDIAS CASAS,TEATRO E CASA DE ESPETACULOS,-23.6475,-46.7239,1RnHJ07H3jcpay9PrUPjnt,"PAGODE, SAMBA",67.0,2654115.0,https://i.scdn.co/image/ab6761610000e5ebd4002ad0583610a94ecdaec9,LETTER_2,False,False
1140,Ashnikko,2024-05-09,2024,AUDIO,ASHNIKKO,3200.0,MEDIAS CASAS,CASA DE SHOWS,-23.52822,-46.66968,3PyJHH2wyfQK3WZrk9rpmP,0,72.0,2625209.0,https://i.scdn.co/image/ab6761610000e5eb106956a77e6a4fc74598c6a8,GENRE_2,False,False
1141,Ashnikko,2024-10-08,2024,AUDIO,ASHNIKKO,3200.0,MEDIAS CASAS,CASA DE SHOWS,-23.52822,-46.66968,3PyJHH2wyfQK3WZrk9rpmP,0,72.0,2625209.0,https://i.scdn.co/image/ab6761610000e5eb106956a77e6a4fc74598c6a8,GENRE_2,False,False
1142,Ashnikko,2022-03-25,2022,AUTODROMO DE INTERLAGOS,ASHNIKKO,100000.0,ARENAS E ESTADIOS,AREA EXTERNA PARA EVENTOS,-23.7000,-46.6972,3PyJHH2wyfQK3WZrk9rpmP,0,72.0,2625209.0,https://i.scdn.co/image/ab6761610000e5eb106956a77e6a4fc74598c6a8,GENRE_2,LOLLAPALOOZA,THE STROKES
1143,Caetano Veloso,2022-05-06,2022,ESPACO DAS AMERICAS,CAETANO VELOSO,8000.0,MEDIAS CASAS,CASA DE SHOWS,-23.5156,-46.6820,7HGNYPmbDrMkylWqeFCOIQ,"MPB, BOSSA NOVA, SAMBA",68.0,2615140.0,https://i.scdn.co/image/ab6761610000e5ebcffb538293045411d2b51b8a,GENRE_1,False,False
1144,Caetano Veloso,2022-05-06,2022,ESPACO DAS AMERICAS,CAETANO VELOSO,8000.0,MEDIAS CASAS,CASA DE SHOWS,-23.5156,-46.6820,7HGNYPmbDrMkylWqeFCOIQ,"MPB, BOSSA NOVA, SAMBA",68.0,2615140.0,https://i.scdn.co/image/ab6761610000e5ebcffb538293045411d2b51b8a,GENRE_1,False,False
1145,Caetano Veloso,2022-05-14,2022,MEMORIAL DA AMERICA LATINA,CAETANO VELOSO,15000.0,GRANDES CASAS,AREA EXTERNA PARA EVENTOS,-23.5274091,-46.6656539,7HGNYPmbDrMkylWqeFCOIQ,"MPB, BOSSA NOVA, SAMBA",68.0,2615140.0,https://i.scdn.co/image/ab6761610000e5ebcffb538293045411d2b51b8a,GENRE_1,False,False
1146,Caetano Veloso,2022-05-14,2022,MEMORIAL DA AMERICA LATINA,CAETANO VELOSO,15000.0,GRANDES CASAS,AREA EXTERNA PARA EVENTOS,-23.5274091,-46.6656539,7HGNYPmbDrMkylWqeFCOIQ,"MPB, BOSSA NOVA, SAMBA",68.0,2615140.0,https://i.scdn.co/image/ab6761610000e5ebcffb538293045411d2b51b8a,GENRE_1,False,False
1147,Caetano Veloso,2025-09-07,2025,MEMORIAL DA AMERICA LATINA,CAETANO VELOSO,15000.0,GRANDES CASAS,AREA EXTERNA PARA EVENTOS,-23.5274091,-46.6656539,7HGNYPmbDrMkylWqeFCOIQ,"MPB, BOSSA NOVA, SAMBA",68.0,2615140.0,https://i.scdn.co/image/ab6761610000e5ebcffb538293045411d2b51b8a,GENRE_1,COALA FESTIVAL,CAETANO VELOSO
1148,Caetano Veloso,2025-09-07,2025,MEMORIAL DA AMERICA LATINA,CAETANO VELOSO,15000.0,GRANDES CASAS,AREA EXTERNA PARA EVENTOS,-23.5274091,-46.6656539,7HGNYPmbDrMkylWqeFCOIQ,"MPB, BOSSA NOVA, SAMBA",68.0,2615140.0,https://i.scdn.co/image/ab6761610000e5ebcffb538293045411d2b51b8a,GENRE_1,COALA FESTIVAL,CAETANO VELOSO
1149,Caetano Veloso,2022-06-24,2022,ESPACO UNIMED,CAETANO VELOSO,8000.0,MEDIAS CASAS,CASA DE SHOWS,-23.52812,-46.66805,7HGNYPmbDrMkylWqeFCOIQ,"MPB, BOSSA NOVA, SAMBA",68.0,2615140.0,https://i.scdn.co/image/ab6761610000e5ebcffb538293045411d2b51b8a,GENRE_1,False,False
1150,Caetano Veloso,2022-06-24,2022,ESPACO UNIMED,CAETANO VELOSO,8000.0,MEDIAS CASAS,CASA DE SHOWS,-23.52812,-46.66805,7HGNYPmbDrMkylWqeFCOIQ,"MPB, BOSSA NOVA, SAMBA",68.0,2615140.0,https://i.scdn.co/image/ab6761610000e5ebcffb538293045411d2b51b8a,GENRE_1,False,False
1151,Caetano Veloso,2022-06-25,2022,ESPACO UNIMED,CAETANO VELOSO,8000.0,MEDIAS CASAS,CASA DE SHOWS,-23.52812,-46.66805,7HGNYPmbDrMkylWqeFCOIQ,"MPB, BOSSA NOVA, SAMBA",68.0,2615140.0,https://i.scdn.co/image/ab6761610000e5ebcffb538293045411d2b51b8a,GENRE_1,False,False
1152,Caetano Veloso,2022-06-25,2022,ESPACO UNIMED,CAETANO VELOSO,8000.0,MEDIAS CASAS,CASA DE SHOWS,-23.52812,-46.66805,7HGNYPmbDrMkylWqeFCOIQ,"MPB, BOSSA NOVA, SAMBA",68.0,2615140.0,https://i.scdn.co/image/ab6761610000e5ebcffb538293045411d2b51b8a,GENRE_1,False,False
1153,Caetano Veloso,2022-11-25,2022,ESPACO UNIMED,CAETANO VELOSO,8000.0,MEDIAS CASAS,CASA DE SHOWS,-23.52812,-46.66805,7HGNYPmbDrMkylWqeFCOIQ,"MPB, BOSSA NOVA, SAMBA",68.0,2615140.0,https://i.scdn.co/image/ab6761610000e5ebcffb538293045411d2b51b8a,GENRE_1,False,False
1154,Caetano Veloso,2022-11-25,2022,ESPACO UNIMED,CAETANO VELOSO,8000.0,MEDIAS CASAS,CASA DE SHOWS,-23.52812,-46.66805,7HGNYPmbDrMkylWqeFCOIQ,"MPB, BOSSA NOVA, SAMBA",68.0,2615140.0,https://i.scdn.co/image/ab6761610000e5ebcffb538293045411d2b51b8a,GENRE_1,False,False
1155,Caetano Veloso,2022-11-26,2022,ESPACO UNIMED,CAETANO VELOSO,8000.0,MEDIAS CASAS,CASA DE SHOWS,-23.52812,-46.66805,7HGNYPmbDrMkylWqeFCOIQ,"MPB, BOSSA NOVA, SAMBA",68.0,2615140.0,https://i.scdn.co/image/ab6761610000e5ebcffb538293045411d2b51b8a,GENRE_1,False,False
1156,Caetano Veloso,2022-11-26,2022,ESPACO UNIMED,CAETANO VELOSO,8000.0,MEDIAS CASAS,CASA DE SHOWS,-23.52812,-46.66805,7HGNYPmbDrMkylWqeFCOIQ,"MPB, BOSSA NOVA, SAMBA",68.0,2615140.0,https://i.scdn.co/image/ab6761610000e5ebcffb538293045411d2b51b8a,GENRE_1,False,False
1157,Caetano Veloso,2022-11-27,2022,ESPACO UNIMED,CAETANO VELOSO,8000.0,MEDIAS CASAS,CASA DE SHOWS,-23.52812,-46.66805,7HGNYPmbDrMkylWqeFCOIQ,"MPB, BOSSA NOVA, SAMBA",68.0,2615140.0,https://i.scdn.co/image/ab6761610000e5ebcffb538293045411d2b51b8a,GENRE_1,False,False
1158,Caetano Veloso,2022-11-27,2022,ESPACO UNIMED,CAETANO VELOSO,8000.0,MEDIAS CASAS,CASA DE SHOWS,-23.52812,-46.66805,7HGNYPmbDrMkylWqeFCOIQ,"MPB, BOSSA NOVA, SAMBA",68.0,2615140.0,https://i.scdn.co/image/ab6761610000e5ebcffb538293045411d2b51b8a,GENRE_1,False,False
1159,Caetano Veloso,2023-08-25,2023,ESPACO UNIMED,CAETANO VELOSO,8000.0,MEDIAS CASAS,CASA DE SHOWS,-23.52812,-46.66805,7HGNYPmbDrMkylWqeFCOIQ,"MPB, BOSSA NOVA, SAMBA",68.0,2615140.0,https://i.scdn.co/image/ab6761610000e5ebcffb538293045411d2b51b8a,GENRE_1,False,False
1160,Caetano Veloso,2023-08-25,2023,ESPACO UNIMED,CAETANO VELOSO,8000.0,MEDIAS CASAS,CASA DE SHOWS,-23.52812,-46.66805,7HGNYPmbDrMkylWqeFCOIQ,"MPB, BOSSA NOVA, SAMBA",68.0,2615140.0,https://i.scdn.co/image/ab6761610000e5ebcffb538293045411d2b51b8a,GENRE_1,False,False
1161,Caetano Veloso,2023-08-26,2023,ESPACO UNIMED,CAETANO VELOSO,8000.0,MEDIAS CASAS,CASA DE SHOWS,-23.52812,-46.66805,7HGNYPmbDrMkylWqeFCOIQ,"MPB, BOSSA NOVA, SAMBA",68.0,2615140.0,https://i.scdn.co/image/ab6761610000e5ebcffb538293045411d2b51b8a,GENRE_1,False,False
1162,Caetano Veloso,2023-08-26,2023,ESPACO UNIMED,CAETANO VELOSO,8000.0,MEDIAS CASAS,CASA DE SHOWS,-23.52812,-46.66805,7HGNYPmbDrMkylWqeFCOIQ,"MPB, BOSSA NOVA, SAMBA",68.0,2615140.0,https://i.scdn.co/image/ab6761610000e5ebcffb538293045411d2b51b8a,GENRE_1,False,False
1163,Caetano Veloso,2023-11-25,2023,ESPACO UNIMED,CAETANO VELOSO,8000.0,MEDIAS CASAS,CASA DE SHOWS,-23.52812,-46.66805,7HGNYPmbDrMkylWqeFCOIQ,"MPB, BOSSA NOVA, SAMBA",68.0,2615140.0,https://i.scdn.co/image/ab6761610000e5ebcffb538293045411d2b51b8a,GENRE_1,False,False
1164,Caetano Veloso,2023-11-25,2023,ESPACO UNIMED,CAETANO VELOSO,8000.0,MEDIAS CASAS,CASA DE SHOWS,-23.52812,-46.66805,7HGNYPmbDrMkylWqeFCOIQ,"MPB, BOSSA NOVA, SAMBA",68.0,2615140.0,https://i.scdn.co/image/ab6761610000e5ebcffb538293045411d2b51b8a,GENRE_1,False,False
1165,Caetano Veloso,2023-11-27,2023,ESPACO UNIMED,CAETANO VELOSO,8000.0,MEDIAS CASAS,CASA DE SHOWS,-23.52812,-46.66805,7HGNYPmbDrMkylWqeFCOIQ,"MPB, BOSSA NOVA, SAMBA",68.0,2615140.0,https://i.scdn.co/image/ab6761610000e5ebcffb538293045411d2b51b8a,GENRE_1,False,False
1166,Caetano Veloso,2023-11-27,2023,ESPACO UNIMED,CAETANO VELOSO,8000.0,MEDIAS CASAS,CASA DE SHOWS,-23.52812,-46.66805,7HGNYPmbDrMkylWqeFCOIQ,"MPB, BOSSA NOVA, SAMBA",68.0,2615140.0,https://i.scdn.co/image/ab6761610000e5ebcffb538293045411d2b51b8a,GENRE_1,False,False
1167,Os Paralamas do Sucesso,2021-10-02,2021,ESPACO DAS AMERICAS,OS PARALAMAS DO SUCESSO,8000.0,MEDIAS CASAS,CASA DE SHOWS,-23.5156,-46.6820,7EM9m7HOXxVgP9oEpDDv70,"BRAZILIAN ROCK, MPB, BRAZILIAN POP, LATIN ROCK, POP ROCK",65.0,2606012.0,https://i.scdn.co/image/ab6761610000e5ebc379b4361bcfb87f5bd72808,GENRE_1,False,False
1168,Os Paralamas do Sucesso,2023-03-26,2023,AUTODROMO DE INTERLAGOS,OS PARALAMAS DO SUCESSO,100000.0,ARENAS E ESTADIOS,AREA EXTERNA PARA EVENTOS,-23.7000,-46.6972,7EM9m7HOXxVgP9oEpDDv70,"BRAZILIAN ROCK, MPB, BRAZILIAN POP, LATIN ROCK, POP ROCK",65.0,2606012.0,https://i.scdn.co/image/ab6761610000e5ebc379b4361bcfb87f5bd72808,GENRE_1,LOLLAPALOOZA,"DRAKE, ROSALIA"
1169,Os Paralamas do Sucesso,2023-09-23,2023,ARENA ANHEMBI,OS PARALAMAS DO SUCESSO,30000.0,GRANDES CASAS,AREA EXTERNA PARA EVENTOS,-23.51611,-46.64320,7EM9m7HOXxVgP9oEpDDv70,"BRAZILIAN ROCK, MPB, BRAZILIAN POP, LATIN ROCK, POP ROCK",65.0,2606012.0,https://i.scdn.co/image/ab6761610000e5ebc379b4361bcfb87f5bd72808,GENRE_1,False,False
1170,Os Paralamas do Sucesso,2024-06-27,2024,PAVILHAO DO TRANSAMERICA EXPO CENTER,OS PARALAMAS DO SUCESSO,10000.0,MEDIAS CASAS,CENTRO DE EXPOSICOES,-23.6069,-46.7005,7EM9m7HOXxVgP9oEpDDv70,"BRAZILIAN ROCK, MPB, BRAZILIAN POP, LATIN ROCK, POP ROCK",65.0,2606012.0,https://i.scdn.co/image/ab6761610000e5ebc379b4361bcfb87f5bd72808,GENRE_1,False,False
1171,Os Paralamas do Sucesso,2025-05-31,2025,ALLIANZ PARQUE,OS PARALAMAS DO SUCESSO,45000.0,ARENAS E ESTADIOS,ESTADIO MULTIUSO,-23.5276207,-46.6784662,7EM9m7HOXxVgP9oEpDDv70,"BRAZILIAN ROCK, MPB, BRAZILIAN POP, LATIN ROCK, POP ROCK",65.0,2606012.0,https://i.scdn.co/image/ab6761610000e5ebc379b4361bcfb87f5bd72808,GENRE_1,False,False
1172,Os Paralamas do Sucesso,2022-03-27,2022,MEMORIAL DA AMERICA LATINA,OS PARALAMAS DO SUCESSO,15000.0,GRANDES CASAS,AREA EXTERNA PARA EVENTOS,-23.5274091,-46.6656539,7EM9m7HOXxVgP9oEpDDv70,"BRAZILIAN ROCK, MPB, BRAZILIAN POP, LATIN ROCK, POP ROCK",65.0,2606012.0,https://i.scdn.co/image/ab6761610000e5ebc379b4361bcfb87f5bd72808,GENRE_1,False,False
1173,Os Paralamas do Sucesso,2024-09-07,2024,MEMORIAL DA AMERICA LATINA,OS PARALAMAS DO SUCESSO,15000.0,GRANDES CASAS,AREA EXTERNA PARA EVENTOS,-23.5274091,-46.6656539,7EM9m7HOXxVgP9oEpDDv70,"BRAZILIAN ROCK, MPB, BRAZILIAN POP, LATIN ROCK, POP ROCK",65.0,2606012.0,https://i.scdn.co/image/ab6761610000e5ebc379b4361bcfb87f5bd72808,GENRE_1,False,False
1174,Os Paralamas do Sucesso,2022-03-12,2022,TOKIO MARINE HALL,OS PARALAMAS DO SUCESSO,4000.0,MEDIAS CASAS,CASA DE SHOWS,-23.6383,-46.7203,7EM9m7HOXxVgP9oEpDDv70,"BRAZILIAN ROCK, MPB, BRAZILIAN POP, LATIN ROCK, POP ROCK",65.0,2606012.0,https://i.scdn.co/image/ab6761610000e5ebc379b4361bcfb87f5bd72808,GENRE_1,False,False
1175,Os Paralamas do Sucesso,2024-04-06,2024,ESPACO UNIMED,OS PARALAMAS DO SUCESSO,8000.0,MEDIAS CASAS,CASA DE SHOWS,-23.52812,-46.66805,7EM9m7HOXxVgP9oEpDDv70,"BRAZILIAN ROCK, MPB, BRAZILIAN POP, LATIN ROCK, POP ROCK",65.0,2606012.0,https://i.scdn.co/image/ab6761610000e5ebc379b4361bcfb87f5bd72808,GENRE_1,False,False
1176,Os Paralamas do Sucesso,2025-10-24,2025,ESPACO UNIMED,OS PARALAMAS DO SUCESSO,8000.0,MEDIAS CASAS,CASA DE SHOWS,-23.52812,-46.66805,7EM9m7HOXxVgP9oEpDDv70,"BRAZILIAN ROCK, MPB, BRAZILIAN POP, LATIN ROCK, POP ROCK",65.0,2606012.0,https://i.scdn.co/image/ab6761610000e5ebc379b4361bcfb87f5bd72808,GENRE_1,False,False
1177,Os Paralamas do Sucesso,2022-11-19,2022,VIBRA SAO PAULO,OS PARALAMAS DO SUCESSO,7000.0,MEDIAS CASAS,TEATRO E CASA DE ESPETACULOS,-23.6475,-46.7239,7EM9m7HOXxVgP9oEpDDv70,"BRAZILIAN ROCK, MPB, BRAZILIAN POP, LATIN ROCK, POP ROCK",65.0,2606012.0,https://i.scdn.co/image/ab6761610000e5ebc379b4361bcfb87f5bd72808,GENRE_1,False,False
1178,Os Paralamas do Sucesso,2023-11-17,2023,VIBRA SAO PAULO,OS PARALAMAS DO SUCESSO,7000.0,MEDIAS CASAS,TEATRO E CASA DE ESPETACULOS,-23.6475,-46.7239,7EM9m7HOXxVgP9oEpDDv70,"BRAZILIAN ROCK, MPB, BRAZILIAN POP, LATIN ROCK, POP ROCK",65.0,2606012.0,https://i.scdn.co/image/ab6761610000e5ebc379b4361bcfb87f5bd72808,GENRE_1,False,False
1179,Raí Saia Rodada,2025-08-09,2025,NEO QUIMICA ARENA,RAI SAIA RODADA,49000.0,ARENAS E ESTADIOS,ESTADIO MULTIUSO,-23.54534,-46.47476,0NiaKn55OzJswiYevvlKfz,"FORRO, PISEIRO, SERTANEJO, ARROCHA, BREGA, RAI, SERESTA, SERTANEJO UNIVERSITARIO",62.0,2598818.0,https://i.scdn.co/image/ab6761610000e5eba6f333a3dc620c0c752b8acc,GENRE_1,False,False
1180,Pitty,2022-07-09,2022,AUDIO,PITTY,3200.0,MEDIAS CASAS,CASA DE SHOWS,-23.52822,-46.66968,2dmQ0vMD3THLMcz7DsvfaT,"BRAZILIAN ROCK, MPB, BRAZILIAN POP",63.0,2575960.0,https://i.scdn.co/image/ab6761610000e5eb1183488d72f571f4b079c5d5,GENRE_1,False,False
1181,Pitty,2022-07-09,2022,AUDIO,PITTY,3200.0,MEDIAS CASAS,CASA DE SHOWS,-23.52822,-46.66968,2dmQ0vMD3THLMcz7DsvfaT,"BRAZILIAN ROCK, MPB, BRAZILIAN POP",63.0,2575960.0,https://i.scdn.co/image/ab6761610000e5eb1183488d72f571f4b079c5d5,GENRE_1,False,False
1182,Pitty,2025-09-03,2025,AUDIO,PITTY,3200.0,MEDIAS CASAS,CASA DE SHOWS,-23.52822,-46.66968,2dmQ0vMD3THLMcz7DsvfaT,"BRAZILIAN ROCK, MPB, BRAZILIAN POP",63.0,2575960.0,https://i.scdn.co/image/ab6761610000e5eb1183488d72f571f4b079c5d5,GENRE_1,False,False
1183,Pitty,2025-09-03,2025,AUDIO,PITTY,3200.0,MEDIAS CASAS,CASA DE SHOWS,-23.52822,-46.66968,2dmQ0vMD3THLMcz7DsvfaT,"BRAZILIAN ROCK, MPB, BRAZILIAN POP",63.0,2575960.0,https://i.scdn.co/image/ab6761610000e5eb1183488d72f571f4b079c5d5,GENRE_1,False,False
1184,Pitty,2023-03-25,2023,AUTODROMO DE INTERLAGOS,PITTY,100000.0,ARENAS E ESTADIOS,AREA EXTERNA PARA EVENTOS,-23.7000,-46.6972,2dmQ0vMD3THLMcz7DsvfaT,"BRAZILIAN ROCK, MPB, BRAZILIAN POP",63.0,2575960.0,https://i.scdn.co/image/ab6761610000e5eb1183488d72f571f4b079c5d5,GENRE_1,LOLLAPALOOZA,"TWENTY ONE PILOTS, TAME IMPALA"
1185,Pitty,2023-03-25,2023,AUTODROMO DE INTERLAGOS,PITTY,100000.0,ARENAS E ESTADIOS,AREA EXTERNA PARA EVENTOS,-23.7000,-46.6972,2dmQ0vMD3THLMcz7DsvfaT,"BRAZILIAN ROCK, MPB, BRAZILIAN POP",63.0,2575960.0,https://i.scdn.co/image/ab6761610000e5eb1183488d72f571f4b079c5d5,GENRE_1,LOLLAPALOOZA,"TWENTY ONE PILOTS, TAME IMPALA"
1186,Pitty,2023-09-09,2023,AUTODROMO DE INTERLAGOS,PITTY,100000.0,ARENAS E ESTADIOS,AREA EXTERNA PARA EVENTOS,-23.7000,-46.6972,2dmQ0vMD3THLMcz7DsvfaT,"BRAZILIAN ROCK, MPB, BRAZILIAN POP",63.0,2575960.0,https://i.scdn.co/image/ab6761610000e5eb1183488d72f571f4b079c5d5,GENRE_1,THE TOWN,FOO FIGHTERS
1187,Pitty,2023-09-09,2023,AUTODROMO DE INTERLAGOS,PITTY,100000.0,ARENAS E ESTADIOS,AREA EXTERNA PARA EVENTOS,-23.7000,-46.6972,2dmQ0vMD3THLMcz7DsvfaT,"BRAZILIAN ROCK, MPB, BRAZILIAN POP",63.0,2575960.0,https://i.scdn.co/image/ab6761610000e5eb1183488d72f571f4b079c5d5,GENRE_1,THE TOWN,FOO FIGHTERS
1188,Pitty,2025-09-07,2025,AUTODROMO DE INTERLAGOS,PITTY,100000.0,ARENAS E ESTADIOS,AREA EXTERNA PARA EVENTOS,-23.7000,-46.6972,2dmQ0vMD3THLMcz7DsvfaT,"BRAZILIAN ROCK, MPB, BRAZILIAN POP",63.0,2575960.0,https://i.scdn.co/image/ab6761610000e5eb1183488d72f571f4b079c5d5,GENRE_1,THE TOWN,GREEN DAY
1189,Pitty,2025-09-07,2025,AUTODROMO DE INTERLAGOS,PITTY,100000.0,ARENAS E ESTADIOS,AREA EXTERNA PARA EVENTOS,-23.7000,-46.6972,2dmQ0vMD3THLMcz7DsvfaT,"BRAZILIAN ROCK, MPB, BRAZILIAN POP",63.0,2575960.0,https://i.scdn.co/image/ab6761610000e5eb1183488d72f571f4b079c5d5,GENRE_1,THE TOWN,GREEN DAY
1190,Pitty,2022-05-28,2022,ARENA ANHEMBI,PITTY,30000.0,GRANDES CASAS,AREA EXTERNA PARA EVENTOS,-23.51611,-46.64320,2dmQ0vMD3THLMcz7DsvfaT,"BRAZILIAN ROCK, MPB, BRAZILIAN POP",63.0,2575960.0,https://i.scdn.co/image/ab6761610000e5eb1183488d72f571f4b079c5d5,GENRE_1,False,False
1191,Pitty,2022-05-28,2022,ARENA ANHEMBI,PITTY,30000.0,GRANDES CASAS,AREA EXTERNA PARA EVENTOS,-23.51611,-46.64320,2dmQ0vMD3THLMcz7DsvfaT,"BRAZILIAN ROCK, MPB, BRAZILIAN POP",63.0,2575960.0,https://i.scdn.co/image/ab6761610000e5eb1183488d72f571f4b079c5d5,GENRE_1,False,False
1192,Pitty,2023-11-14,2023,ALLIANZ PARQUE,PITTY,45000.0,ARENAS E ESTADIOS,ESTADIO MULTIUSO,-23.5276207,-46.6784662,2dmQ0vMD3THLMcz7DsvfaT,"BRAZILIAN ROCK, MPB, BRAZILIAN POP",63.0,2575960.0,https://i.scdn.co/image/ab6761610000e5eb1183488d72f571f4b079c5d5,GENRE_1,False,False
1193,Pitty,2023-11-14,2023,ALLIANZ PARQUE,PITTY,45000.0,ARENAS E ESTADIOS,ESTADIO MULTIUSO,-23.5276207,-46.6784662,2dmQ0vMD3THLMcz7DsvfaT,"BRAZILIAN ROCK, MPB, BRAZILIAN POP",63.0,2575960.0,https://i.scdn.co/image/ab6761610000e5eb1183488d72f571f4b079c5d5,GENRE_1,False,False
1194,Pitty,2024-03-02,2024,ALLIANZ PARQUE,PITTY,45000.0,ARENAS E ESTADIOS,ESTADIO MULTIUSO,-23.5276207,-46.6784662,2dmQ0vMD3THLMcz7DsvfaT,"BRAZILIAN ROCK, MPB, BRAZILIAN POP",63.0,2575960.0,https://i.scdn.co/image/ab6761610000e5eb1183488d72f571f4b079c5d5,GENRE_1,I WANNA BE TOUR,SIMPLE PLAN
1195,Pitty,2024-03-02,2024,ALLIANZ PARQUE,PITTY,45000.0,ARENAS E ESTADIOS,ESTADIO MULTIUSO,-23.5276207,-46.6784662,2dmQ0vMD3THLMcz7DsvfaT,"BRAZILIAN ROCK, MPB, BRAZILIAN POP",63.0,2575960.0,https://i.scdn.co/image/ab6761610000e5eb1183488d72f571f4b079c5d5,GENRE_1,I WANNA BE TOUR,SIMPLE PLAN
1196,Pitty,2024-04-12,2024,ESPACO UNIMED,PITTY,8000.0,MEDIAS CASAS,CASA DE SHOWS,-23.52812,-46.66805,2dmQ0vMD3THLMcz7DsvfaT,"BRAZILIAN ROCK, MPB, BRAZILIAN POP",63.0,2575960.0,https://i.scdn.co/image/ab6761610000e5eb1183488d72f571f4b079c5d5,GENRE_1,False,False
1197,Pitty,2024-04-12,2024,ESPACO UNIMED,PITTY,8000.0,MEDIAS CASAS,CASA DE SHOWS,-23.52812,-46.66805,2dmQ0vMD3THLMcz7DsvfaT,"BRAZILIAN ROCK, MPB, BRAZILIAN POP",63.0,2575960.0,https://i.scdn.co/image/ab6761610000e5eb1183488d72f571f4b079c5d5,GENRE_1,False,False
1198,Pitty,2024-04-14,2024,ESPACO UNIMED,PITTY,8000.0,MEDIAS CASAS,CASA DE SHOWS,-23.52812,-46.66805,2dmQ0vMD3THLMcz7DsvfaT,"BRAZILIAN ROCK, MPB, BRAZILIAN POP",63.0,2575960.0,https://i.scdn.co/image/ab6761610000e5eb1183488d72f571f4b079c5d5,GENRE_1,False,False
1199,Pitty,2024-04-14,2024,ESPACO UNIMED,PITTY,8000.0,MEDIAS CASAS,CASA DE SHOWS,-23.52812,-46.66805,2dmQ0vMD3THLMcz7DsvfaT,"BRAZILIAN ROCK, MPB, BRAZILIAN POP",63.0,2575960.0,https://i.scdn.co/image/ab6761610000e5eb1183488d72f571f4b079c5d5,GENRE_1,False,False
1200,Pitty,2025-03-21,2025,ESPACO UNIMED,PITTY,8000.0,MEDIAS CASAS,CASA DE SHOWS,-23.52812,-46.66805,2dmQ0vMD3THLMcz7DsvfaT,"BRAZILIAN ROCK, MPB, BRAZILIAN POP",63.0,2575960.0,https://i.scdn.co/image/ab6761610000e5eb1183488d72f571f4b079c5d5,GENRE_1,False,False
1201,Pitty,2025-03-21,2025,ESPACO UNIMED,PITTY,8000.0,MEDIAS CASAS,CASA DE SHOWS,-23.52812,-46.66805,2dmQ0vMD3THLMcz7DsvfaT,"BRAZILIAN ROCK, MPB, BRAZILIAN POP",63.0,2575960.0,https://i.scdn.co/image/ab6761610000e5eb1183488d72f571f4b079c5d5,GENRE_1,False,False
1202,Pitty,2023-09-23,2023,DISTRITO ANHEMBI,PITTY,35000.0,GRANDES CASAS,AREA EXTERNA PARA EVENTOS,-23.51611,-46.64320,2dmQ0vMD3THLMcz7DsvfaT,"BRAZILIAN ROCK, MPB, BRAZILIAN POP",63.0,2575960.0,https://i.scdn.co/image/ab6761610000e5eb1183488d72f571f4b079c5d5,GENRE_1,False,False
1203,Pitty,2023-09-23,2023,DISTRITO ANHEMBI,PITTY,35000.0,GRANDES CASAS,AREA EXTERNA PARA EVENTOS,-23.51611,-46.64320,2dmQ0vMD3THLMcz7DsvfaT,"BRAZILIAN ROCK, MPB, BRAZILIAN POP",63.0,2575960.0,https://i.scdn.co/image/ab6761610000e5eb1183488d72f571f4b079c5d5,GENRE_1,False,False
1204,Pitty,2024-06-21,2024,TERRA SP,PITTY,6000.0,MEDIAS CASAS,CASA DE SHOWS,-23.6463,-46.7763,2dmQ0vMD3THLMcz7DsvfaT,"BRAZILIAN ROCK, MPB, BRAZILIAN POP",63.0,2575960.0,https://i.scdn.co/image/ab6761610000e5eb1183488d72f571f4b079c5d5,GENRE_1,False,False
1205,Pitty,2024-06-21,2024,TERRA SP,PITTY,6000.0,MEDIAS CASAS,CASA DE SHOWS,-23.6463,-46.7763,2dmQ0vMD3THLMcz7DsvfaT,"BRAZILIAN ROCK, MPB, BRAZILIAN POP",63.0,2575960.0,https://i.scdn.co/image/ab6761610000e5eb1183488d72f571f4b079c5d5,GENRE_1,False,False
1206,Two Door Cinema Club,2022-05-18,2022,AUDIO,TWO DOOR CINEMA CLUB,3200.0,MEDIAS CASAS,CASA DE SHOWS,-23.52822,-46.66968,536BYVgOnRky0xjsPT96zl,INDIE,67.0,2551046.0,https://i.scdn.co/image/ab6761610000e5eb86faeb97a905a571b2c361a0,GENRE_1,False,False
1207,Colbie Caillat,2023-12-07,2023,VIBRA SAO PAULO,COLBIE CAILLAT,7000.0,MEDIAS CASAS,TEATRO E CASA DE ESPETACULOS,-23.6475,-46.7239,6aZyMrc4doVtZyKNilOmwu,POP,67.0,2550080.0,https://i.scdn.co/image/ab6761610000e5eb23f14547bfc255c739f61a35,LETTER_1,False,False
1208,Titãs,2024-03-23,2024,AUTODROMO DE INTERLAGOS,TITAS,100000.0,ARENAS E ESTADIOS,AREA EXTERNA PARA EVENTOS,-23.7000,-46.6972,2euX7vCVnJy3TVEGfc0RCl,"BRAZILIAN ROCK, MPB, BRAZILIAN POP, POP ROCK",63.0,2545674.0,https://i.scdn.co/image/ab6761610000e5eb879299d75c2461aea6d2b998,GENRE_1,LOLLAPALOOZA,"KINGS OF LEON, LIMP BIZKIT"
1209,Titãs,2021-11-20,2021,ARENA ANHEMBI,TITAS,30000.0,GRANDES CASAS,AREA EXTERNA PARA EVENTOS,-23.51611,-46.64320,2euX7vCVnJy3TVEGfc0RCl,"BRAZILIAN ROCK, MPB, BRAZILIAN POP, POP ROCK",63.0,2545674.0,https://i.scdn.co/image/ab6761610000e5eb879299d75c2461aea6d2b998,GENRE_1,False,False
1210,Titãs,2023-06-16,2023,ALLIANZ PARQUE,TITAS,45000.0,ARENAS E ESTADIOS,ESTADIO MULTIUSO,-23.5276207,-46.6784662,2euX7vCVnJy3TVEGfc0RCl,"BRAZILIAN ROCK, MPB, BRAZILIAN POP, POP ROCK",63.0,2545674.0,https://i.scdn.co/image/ab6761610000e5eb879299d75c2461aea6d2b998,GENRE_1,False,False
1211,Titãs,2023-06-17,2023,ALLIANZ PARQUE,TITAS,45000.0,ARENAS E ESTADIOS,ESTADIO MULTIUSO,-23.5276207,-46.6784662,2euX7vCVnJy3TVEGfc0RCl,"BRAZILIAN ROCK, MPB, BRAZILIAN POP, POP ROCK",63.0,2545674.0,https://i.scdn.co/image/ab6761610000e5eb879299d75c2461aea6d2b998,GENRE_1,False,False
1212,Titãs,2023-06-18,2023,ALLIANZ PARQUE,TITAS,45000.0,ARENAS E ESTADIOS,ESTADIO MULTIUSO,-23.5276207,-46.6784662,2euX7vCVnJy3TVEGfc0RCl,"BRAZILIAN ROCK, MPB, BRAZILIAN POP, POP ROCK",63.0,2545674.0,https://i.scdn.co/image/ab6761610000e5eb879299d75c2461aea6d2b998,GENRE_1,False,False
1213,Titãs,2023-12-21,2023,ALLIANZ PARQUE,TITAS,45000.0,ARENAS E ESTADIOS,ESTADIO MULTIUSO,-23.5276207,-46.6784662,2euX7vCVnJy3TVEGfc0RCl,"BRAZILIAN ROCK, MPB, BRAZILIAN POP, POP ROCK",63.0,2545674.0,https://i.scdn.co/image/ab6761610000e5eb879299d75c2461aea6d2b998,GENRE_1,False,False
1214,Titãs,2023-12-22,2023,ALLIANZ PARQUE,TITAS,45000.0,ARENAS E ESTADIOS,ESTADIO MULTIUSO,-23.5276207,-46.6784662,2euX7vCVnJy3TVEGfc0RCl,"BRAZILIAN ROCK, MPB, BRAZILIAN POP, POP ROCK",63.0,2545674.0,https://i.scdn.co/image/ab6761610000e5eb879299d75c2461aea6d2b998,GENRE_1,False,False
1215,Titãs,2023-12-23,2023,ALLIANZ PARQUE,TITAS,45000.0,ARENAS E ESTADIOS,ESTADIO MULTIUSO,-23.5276207,-46.6784662,2euX7vCVnJy3TVEGfc0RCl,"BRAZILIAN ROCK, MPB, BRAZILIAN POP, POP ROCK",63.0,2545674.0,https://i.scdn.co/image/ab6761610000e5eb879299d75c2461aea6d2b998,GENRE_1,False,False
1216,Titãs,2024-11-08,2024,EXPO CENTER NORTE,TITAS,25000.0,GRANDES CASAS,CENTRO DE EXPOSICOES,-23.5130,-46.6237,2euX7vCVnJy3TVEGfc0RCl,"BRAZILIAN ROCK, MPB, BRAZILIAN POP, POP ROCK",63.0,2545674.0,https://i.scdn.co/image/ab6761610000e5eb879299d75c2461aea6d2b998,GENRE_1,False,False
1217,Titãs,2022-04-10,2022,MEMORIAL DA AMERICA LATINA,TITAS,15000.0,GRANDES CASAS,AREA EXTERNA PARA EVENTOS,-23.5274091,-46.6656539,2euX7vCVnJy3TVEGfc0RCl,"BRAZILIAN ROCK, MPB, BRAZILIAN POP, POP ROCK",63.0,2545674.0,https://i.scdn.co/image/ab6761610000e5eb879299d75c2461aea6d2b998,GENRE_1,False,False
1218,Titãs,2022-09-10,2022,TOKIO MARINE HALL,TITAS,4000.0,MEDIAS CASAS,CASA DE SHOWS,-23.6383,-46.7203,2euX7vCVnJy3TVEGfc0RCl,"BRAZILIAN ROCK, MPB, BRAZILIAN POP, POP ROCK",63.0,2545674.0,https://i.scdn.co/image/ab6761610000e5eb879299d75c2461aea6d2b998,GENRE_1,False,False
1219,Titãs,2022-12-04,2022,TOKIO MARINE HALL,TITAS,4000.0,MEDIAS CASAS,CASA DE SHOWS,-23.6383,-46.7203,2euX7vCVnJy3TVEGfc0RCl,"BRAZILIAN ROCK, MPB, BRAZILIAN POP, POP ROCK",63.0,2545674.0,https://i.scdn.co/image/ab6761610000e5eb879299d75c2461aea6d2b998,GENRE_1,False,False
1220,Titãs,2024-09-28,2024,ESPACO UNIMED,TITAS,8000.0,MEDIAS CASAS,CASA DE SHOWS,-23.52812,-46.66805,2euX7vCVnJy3TVEGfc0RCl,"BRAZILIAN ROCK, MPB, BRAZILIAN POP, POP ROCK",63.0,2545674.0,https://i.scdn.co/image/ab6761610000e5eb879299d75c2461aea6d2b998,GENRE_1,False,False
1221,Titãs,2023-06-27,2023,VIBRA SAO PAULO,TITAS,7000.0,MEDIAS CASAS,TEATRO E CASA DE ESPETACULOS,-23.6475,-46.7239,2euX7vCVnJy3TVEGfc0RCl,"BRAZILIAN ROCK, MPB, BRAZILIAN POP, POP ROCK",63.0,2545674.0,https://i.scdn.co/image/ab6761610000e5eb879299d75c2461aea6d2b998,GENRE_1,False,False
1222,Titãs,2024-12-20,2024,TERRA SP,TITAS,6000.0,MEDIAS CASAS,CASA DE SHOWS,-23.6463,-46.7763,2euX7vCVnJy3TVEGfc0RCl,"BRAZILIAN ROCK, MPB, BRAZILIAN POP, POP ROCK",63.0,2545674.0,https://i.scdn.co/image/ab6761610000e5eb879299d75c2461aea6d2b998,GENRE_1,False,False
1223,Eros Ramazzotti,2022-12-09,2022,VIBRA SAO PAULO,EROS RAMAZZOTTI,7000.0,MEDIAS CASAS,TEATRO E CASA DE ESPETACULOS,-23.6475,-46.7239,61J0BktHv7PuP3tjTPYXSX,ITALO DANCE,71.0,2533100.0,https://i.scdn.co/image/ab6761610000e5eb28b456b05c5c79c55087fea5,LETTER_1,False,False
1224,A Day to Remember,2022-03-24,2022,AUDIO,A DAY TO REMEMBER,3200.0,MEDIAS CASAS,CASA DE SHOWS,-23.52822,-46.66968,4NiJW4q9ichVqL1aUsgGAN,"METALCORE, POST-HARDCORE, POP PUNK, SCREAMO, EMO",69.0,2525628.0,https://i.scdn.co/image/ab6761610000e5eb6164f861e5e683c9067f4395,GENRE_2,False,False
1225,A Day to Remember,2022-03-26,2022,AUTODROMO DE INTERLAGOS,A DAY TO REMEMBER,100000.0,ARENAS E ESTADIOS,AREA EXTERNA PARA EVENTOS,-23.7000,-46.6972,4NiJW4q9ichVqL1aUsgGAN,"METALCORE, POST-HARDCORE, POP PUNK, SCREAMO, EMO",69.0,2525628.0,https://i.scdn.co/image/ab6761610000e5eb6164f861e5e683c9067f4395,GENRE_2,LOLLAPALOOZA,MILEY CYRUS
1226,A Day to Remember,2024-03-02,2024,ALLIANZ PARQUE,A DAY TO REMEMBER,45000.0,ARENAS E ESTADIOS,ESTADIO MULTIUSO,-23.5276207,-46.6784662,4NiJW4q9ichVqL1aUsgGAN,"METALCORE, POST-HARDCORE, POP PUNK, SCREAMO, EMO",69.0,2525628.0,https://i.scdn.co/image/ab6761610000e5eb6164f861e5e683c9067f4395,GENRE_2,I WANNA BE TOUR,SIMPLE PLAN
1227,Flume,2023-06-03,2023,NOVO ANHANGABAU,FLUME,35000.0,GRANDES CASAS,AREA EXTERNA PARA EVENTOS,-23.54429,-46.63623,6nxWCVXbOlEVRexSbLsTer,FUTURE BASS,69.0,2511374.0,https://i.scdn.co/image/ab6761610000e5ebd6ec6e1162ee709ad829cf82,LETTER_1,MITA FESTIVAL,LANA DEL REY
1228,Billy Idol,2025-11-08,2025,VIBRA SAO PAULO,BILLY IDOL,7000.0,MEDIAS CASAS,TEATRO E CASA DE ESPETACULOS,-23.6475,-46.7239,7lzordPuZEXxwt9aoVZYmG,ROCK,72.0,2491597.0,https://i.scdn.co/image/ab6761610000e5eb69408d3a9d82c2307dd8699d,GENRE_1,False,False
1229,Björk,2022-11-05,2022,DISTRITO ANHEMBI,BJORK,35000.0,GRANDES CASAS,AREA EXTERNA PARA EVENTOS,-23.51611,-46.64320,7w29UYBi0qsHi5RTcv3lmA,"ART POP, TRIP HOP",75.0,2487844.0,https://i.scdn.co/image/ab6761610000e5eb8885fa2ceadc7658d65e1121,GENRE_1,PRIMAVERA SOUND,"ARCTIC MONKEYS, BJORK"
1230,Björk,2022-11-05,2022,DISTRITO ANHEMBI,BJORK,35000.0,GRANDES CASAS,AREA EXTERNA PARA EVENTOS,-23.51611,-46.64320,7w29UYBi0qsHi5RTcv3lmA,"ART POP, TRIP HOP",75.0,2487844.0,https://i.scdn.co/image/ab6761610000e5eb8885fa2ceadc7658d65e1121,GENRE_1,PRIMAVERA SOUND,"ARCTIC MONKEYS, BJORK"
1231,Jota Quest,2025-09-12,2025,AUTODROMO DE INTERLAGOS,JOTA QUEST,100000.0,ARENAS E ESTADIOS,AREA EXTERNA PARA EVENTOS,-23.7000,-46.6972,5re6NsyXzHg6uvNimzQ3F6,"BRAZILIAN ROCK, MPB, BRAZILIAN POP, POP ROCK",63.0,2478829.0,https://i.scdn.co/image/ab6761610000e5eb1db48d3d5e4615d34a5f683c,GENRE_1,THE TOWN,BACKSTREET BOYS
1232,Jota Quest,2024-06-15,2024,ALLIANZ PARQUE,JOTA QUEST,45000.0,ARENAS E ESTADIOS,ESTADIO MULTIUSO,-23.5276207,-46.6784662,5re6NsyXzHg6uvNimzQ3F6,"BRAZILIAN ROCK, MPB, BRAZILIAN POP, POP ROCK",63.0,2478829.0,https://i.scdn.co/image/ab6761610000e5eb1db48d3d5e4615d34a5f683c,GENRE_1,False,False
1233,Jota Quest,2022-07-02,2022,ESPACO UNIMED,JOTA QUEST,8000.0,MEDIAS CASAS,CASA DE SHOWS,-23.52812,-46.66805,5re6NsyXzHg6uvNimzQ3F6,"BRAZILIAN ROCK, MPB, BRAZILIAN POP, POP ROCK",63.0,2478829.0,https://i.scdn.co/image/ab6761610000e5eb1db48d3d5e4615d34a5f683c,GENRE_1,False,False
1234,Jota Quest,2023-03-04,2023,ESPACO UNIMED,JOTA QUEST,8000.0,MEDIAS CASAS,CASA DE SHOWS,-23.52812,-46.66805,5re6NsyXzHg6uvNimzQ3F6,"BRAZILIAN ROCK, MPB, BRAZILIAN POP, POP ROCK",63.0,2478829.0,https://i.scdn.co/image/ab6761610000e5eb1db48d3d5e4615d34a5f683c,GENRE_1,False,False
1235,Jota Quest,2023-10-08,2023,VIBRA SAO PAULO,JOTA QUEST,7000.0,MEDIAS CASAS,TEATRO E CASA DE ESPETACULOS,-23.6475,-46.7239,5re6NsyXzHg6uvNimzQ3F6,"BRAZILIAN ROCK, MPB, BRAZILIAN POP, POP ROCK",63.0,2478829.0,https://i.scdn.co/image/ab6761610000e5eb1db48d3d5e4615d34a5f683c,GENRE_1,False,False
1236,Sabaton,2025-05-03,2025,MEMORIAL DA AMERICA LATINA,SABATON,15000.0,GRANDES CASAS,AREA EXTERNA PARA EVENTOS,-23.5274091,-46.6656539,3o2dn2O0FCVsWDFSh8qxgG,"POWER METAL, METAL, HEAVY METAL, SYMPHONIC METAL, FOLK METAL",72.0,2451004.0,https://i.scdn.co/image/ab6761610000e5ebfc0524cca1171fac8678f4bf,GENRE_2,BANGERS OPEN AIR,TOBIAS SAMMET'S AVANTASIA
1237,Léo Santana,2021-12-04,2021,ARENA ANHEMBI,LEO SANTANA,30000.0,GRANDES CASAS,AREA EXTERNA PARA EVENTOS,-23.51611,-46.64320,7KVJCU4z5L4EUHILL8aMxR,"PAGODE BAIANO, AXE, PISEIRO, PAGODE, ARROCHA, BRAZILIAN POP, BRAZILIAN FUNK, FORRO",69.0,2447441.0,https://i.scdn.co/image/ab6761610000e5eb5e453a3fdf252998bc0715ed,GENRE_1,False,False
1238,Léo Santana,2024-06-09,2024,ALLIANZ PARQUE,LEO SANTANA,45000.0,ARENAS E ESTADIOS,ESTADIO MULTIUSO,-23.5276207,-46.6784662,7KVJCU4z5L4EUHILL8aMxR,"PAGODE BAIANO, AXE, PISEIRO, PAGODE, ARROCHA, BRAZILIAN POP, BRAZILIAN FUNK, FORRO",69.0,2447441.0,https://i.scdn.co/image/ab6761610000e5eb5e453a3fdf252998bc0715ed,GENRE_1,False,False
1239,Léo Santana,2023-02-20,2023,JOCKEY CLUB,LEO SANTANA,10000.0,MEDIAS CASAS,CENTRO DE EVENTOS,-23.57058,-46.70035,7KVJCU4z5L4EUHILL8aMxR,"PAGODE BAIANO, AXE, PISEIRO, PAGODE, ARROCHA, BRAZILIAN POP, BRAZILIAN FUNK, FORRO",69.0,2447441.0,https://i.scdn.co/image/ab6761610000e5eb5e453a3fdf252998bc0715ed,GENRE_1,False,False
1240,Léo Santana,2023-08-06,2023,GINASIO DO IBIRAPUERA,LEO SANTANA,10000.0,MEDIAS CASAS,GINASIO COBERTO,-23.57792595,-46.65613433,7KVJCU4z5L4EUHILL8aMxR,"PAGODE BAIANO, AXE, PISEIRO, PAGODE, ARROCHA, BRAZILIAN POP, BRAZILIAN FUNK, FORRO",69.0,2447441.0,https://i.scdn.co/image/ab6761610000e5eb5e453a3fdf252998bc0715ed,GENRE_1,False,False
1241,Léo Santana,2022-11-24,2022,VALE DO ANHANGABAU,LEO SANTANA,35000.0,GRANDES CASAS,AREA EXTERNA PARA EVENTOS,-23.54429,-46.63623,7KVJCU4z5L4EUHILL8aMxR,"PAGODE BAIANO, AXE, PISEIRO, PAGODE, ARROCHA, BRAZILIAN POP, BRAZILIAN FUNK, FORRO",69.0,2447441.0,https://i.scdn.co/image/ab6761610000e5eb5e453a3fdf252998bc0715ed,GENRE_1,False,False
1242,Léo Santana,2024-05-18,2024,VALE DO ANHANGABAU,LEO SANTANA,35000.0,GRANDES CASAS,AREA EXTERNA PARA EVENTOS,-23.54429,-46.63623,7KVJCU4z5L4EUHILL8aMxR,"PAGODE BAIANO, AXE, PISEIRO, PAGODE, ARROCHA, BRAZILIAN POP, BRAZILIAN FUNK, FORRO",69.0,2447441.0,https://i.scdn.co/image/ab6761610000e5eb5e453a3fdf252998bc0715ed,GENRE_1,False,False
1243,Nightwish,2022-10-14,2022,ESPACO UNIMED,NIGHTWISH,8000.0,MEDIAS CASAS,CASA DE SHOWS,-23.52812,-46.66805,2NPduAUeLVsfIauhRwuft1,"SYMPHONIC METAL, GOTHIC METAL, POWER METAL, METAL, FOLK METAL, GOTHIC ROCK",65.0,2434977.0,https://i.scdn.co/image/ab6761610000e5ebf3284e60d4e43c9a7b52c08d,GENRE_2,False,False
1244,Bonnie Tyler,2022-11-12,2022,TOKIO MARINE HALL,BONNIE TYLER,4000.0,MEDIAS CASAS,CASA DE SHOWS,-23.6383,-46.7203,0SD4eZCN4Kr0wQk56hCdh2,ROCK,69.0,2432523.0,https://i.scdn.co/image/ab6761610000e5eb4ca4431cf4b1227eba8288d8,GENRE_1,False,False
1245,Asking Alexandria,2024-03-02,2024,ALLIANZ PARQUE,ASKING ALEXANDRIA,45000.0,ARENAS E ESTADIOS,ESTADIO MULTIUSO,-23.5276207,-46.6784662,1caBfBEapzw8z2Qz9q0OaQ,"METALCORE, SCREAMO, POST-HARDCORE, METAL, EMO",63.0,2430959.0,https://i.scdn.co/image/ab6761610000e5ebd07f0b3d8b5c9576f15f1fb1,GENRE_2,I WANNA BE TOUR,SIMPLE PLAN
1246,Arcade Fire,2024-03-22,2024,AUTODROMO DE INTERLAGOS,ARCADE FIRE,100000.0,ARENAS E ESTADIOS,AREA EXTERNA PARA EVENTOS,-23.7000,-46.6972,3kjuyTCjPG1WMFCiyc5IuB,"BAROQUE POP, INDIE ROCK",63.0,2400983.0,https://i.scdn.co/image/ab6761610000e5eb57c6e5fa2170e9a938f4a880,GENRE_1,LOLLAPALOOZA,"BLINK-182,ARCADE FIRE"
1247,Leonardo,2025-08-23,2025,ALLIANZ PARQUE,LEONARDO,45000.0,ARENAS E ESTADIOS,ESTADIO MULTIUSO,-23.5276207,-46.6784662,2YWOP324cKGfkTo2PydgJR,"SERTANEJO TRADICIONAL, SERTANEJO",67.0,2367229.0,https://i.scdn.co/image/ab6761610000e5eb233288c013b86618729c647c,LETTER_1,False,False
1248,Leonardo,2025-08-23,2025,ALLIANZ PARQUE,LEONARDO,45000.0,ARENAS E ESTADIOS,ESTADIO MULTIUSO,-23.5276207,-46.6784662,2YWOP324cKGfkTo2PydgJR,"SERTANEJO TRADICIONAL, SERTANEJO",67.0,2367229.0,https://i.scdn.co/image/ab6761610000e5eb233288c013b86618729c647c,LETTER_1,False,False
1249,Leonardo,2025-08-23,2025,ALLIANZ PARQUE,LEONARDO,45000.0,ARENAS E ESTADIOS,ESTADIO MULTIUSO,-23.5276207,-46.6784662,2YWOP324cKGfkTo2PydgJR,"SERTANEJO TRADICIONAL, SERTANEJO",67.0,2367229.0,https://i.scdn.co/image/ab6761610000e5eb233288c013b86618729c647c,LETTER_1,False,False
1250,Leonardo,2025-08-23,2025,ALLIANZ PARQUE,LEONARDO,45000.0,ARENAS E ESTADIOS,ESTADIO MULTIUSO,-23.5276207,-46.6784662,2YWOP324cKGfkTo2PydgJR,"SERTANEJO TRADICIONAL, SERTANEJO",67.0,2367229.0,https://i.scdn.co/image/ab6761610000e5eb233288c013b86618729c647c,LETTER_1,False,False
1251,Leonardo,2025-08-23,2025,ALLIANZ PARQUE,LEONARDO,45000.0,ARENAS E ESTADIOS,ESTADIO MULTIUSO,-23.5276207,-46.6784662,2YWOP324cKGfkTo2PydgJR,"SERTANEJO TRADICIONAL, SERTANEJO",67.0,2367229.0,https://i.scdn.co/image/ab6761610000e5eb233288c013b86618729c647c,LETTER_1,False,False
1252,Leonardo,2025-08-23,2025,ALLIANZ PARQUE,LEONARDO,45000.0,ARENAS E ESTADIOS,ESTADIO MULTIUSO,-23.5276207,-46.6784662,2YWOP324cKGfkTo2PydgJR,"SERTANEJO TRADICIONAL, SERTANEJO",67.0,2367229.0,https://i.scdn.co/image/ab6761610000e5eb233288c013b86618729c647c,LETTER_1,False,False
1253,Leonardo,2025-08-23,2025,ALLIANZ PARQUE,LEONARDO,45000.0,ARENAS E ESTADIOS,ESTADIO MULTIUSO,-23.5276207,-46.6784662,2YWOP324cKGfkTo2PydgJR,"SERTANEJO TRADICIONAL, SERTANEJO",67.0,2367229.0,https://i.scdn.co/image/ab6761610000e5eb233288c013b86618729c647c,LETTER_1,False,False
1254,Leonardo,2025-08-23,2025,ALLIANZ PARQUE,LEONARDO,45000.0,ARENAS E ESTADIOS,ESTADIO MULTIUSO,-23.5276207,-46.6784662,2YWOP324cKGfkTo2PydgJR,"SERTANEJO TRADICIONAL, SERTANEJO",67.0,2367229.0,https://i.scdn.co/image/ab6761610000e5eb233288c013b86618729c647c,LETTER_1,False,False
1255,Leonardo,2023-08-06,2023,GINASIO DO IBIRAPUERA,LEONARDO,10000.0,MEDIAS CASAS,GINASIO COBERTO,-23.57792595,-46.65613433,2YWOP324cKGfkTo2PydgJR,"SERTANEJO TRADICIONAL, SERTANEJO",67.0,2367229.0,https://i.scdn.co/image/ab6761610000e5eb233288c013b86618729c647c,LETTER_1,False,False
1256,Leonardo,2023-08-06,2023,GINASIO DO IBIRAPUERA,LEONARDO,10000.0,MEDIAS CASAS,GINASIO COBERTO,-23.57792595,-46.65613433,2YWOP324cKGfkTo2PydgJR,"SERTANEJO TRADICIONAL, SERTANEJO",67.0,2367229.0,https://i.scdn.co/image/ab6761610000e5eb233288c013b86618729c647c,LETTER_1,False,False
1257,Leonardo,2023-08-06,2023,GINASIO DO IBIRAPUERA,LEONARDO,10000.0,MEDIAS CASAS,GINASIO COBERTO,-23.57792595,-46.65613433,2YWOP324cKGfkTo2PydgJR,"SERTANEJO TRADICIONAL, SERTANEJO",67.0,2367229.0,https://i.scdn.co/image/ab6761610000e5eb233288c013b86618729c647c,LETTER_1,False,False
1258,Leonardo,2023-08-06,2023,GINASIO DO IBIRAPUERA,LEONARDO,10000.0,MEDIAS CASAS,GINASIO COBERTO,-23.57792595,-46.65613433,2YWOP324cKGfkTo2PydgJR,"SERTANEJO TRADICIONAL, SERTANEJO",67.0,2367229.0,https://i.scdn.co/image/ab6761610000e5eb233288c013b86618729c647c,LETTER_1,False,False
1259,Leonardo,2023-08-06,2023,GINASIO DO IBIRAPUERA,LEONARDO,10000.0,MEDIAS CASAS,GINASIO COBERTO,-23.57792595,-46.65613433,2YWOP324cKGfkTo2PydgJR,"SERTANEJO TRADICIONAL, SERTANEJO",67.0,2367229.0,https://i.scdn.co/image/ab6761610000e5eb233288c013b86618729c647c,LETTER_1,False,False
1260,Leonardo,2023-08-06,2023,GINASIO DO IBIRAPUERA,LEONARDO,10000.0,MEDIAS CASAS,GINASIO COBERTO,-23.57792595,-46.65613433,2YWOP324cKGfkTo2PydgJR,"SERTANEJO TRADICIONAL, SERTANEJO",67.0,2367229.0,https://i.scdn.co/image/ab6761610000e5eb233288c013b86618729c647c,LETTER_1,False,False
1261,Leonardo,2023-08-06,2023,GINASIO DO IBIRAPUERA,LEONARDO,10000.0,MEDIAS CASAS,GINASIO COBERTO,-23.57792595,-46.65613433,2YWOP324cKGfkTo2PydgJR,"SERTANEJO TRADICIONAL, SERTANEJO",67.0,2367229.0,https://i.scdn.co/image/ab6761610000e5eb233288c013b86618729c647c,LETTER_1,False,False
1262,Leonardo,2023-08-06,2023,GINASIO DO IBIRAPUERA,LEONARDO,10000.0,MEDIAS CASAS,GINASIO COBERTO,-23.57792595,-46.65613433,2YWOP324cKGfkTo2PydgJR,"SERTANEJO TRADICIONAL, SERTANEJO",67.0,2367229.0,https://i.scdn.co/image/ab6761610000e5eb233288c013b86618729c647c,LETTER_1,False,False
1263,Leonardo,2024-08-17,2024,DISTRITO ANHEMBI,LEONARDO,35000.0,GRANDES CASAS,AREA EXTERNA PARA EVENTOS,-23.51611,-46.64320,2YWOP324cKGfkTo2PydgJR,"SERTANEJO TRADICIONAL, SERTANEJO",67.0,2367229.0,https://i.scdn.co/image/ab6761610000e5eb233288c013b86618729c647c,LETTER_1,False,False
1264,Leonardo,2024-08-17,2024,DISTRITO ANHEMBI,LEONARDO,35000.0,GRANDES CASAS,AREA EXTERNA PARA EVENTOS,-23.51611,-46.64320,2YWOP324cKGfkTo2PydgJR,"SERTANEJO TRADICIONAL, SERTANEJO",67.0,2367229.0,https://i.scdn.co/image/ab6761610000e5eb233288c013b86618729c647c,LETTER_1,False,False
1265,Leonardo,2024-08-17,2024,DISTRITO ANHEMBI,LEONARDO,35000.0,GRANDES CASAS,AREA EXTERNA PARA EVENTOS,-23.51611,-46.64320,2YWOP324cKGfkTo2PydgJR,"SERTANEJO TRADICIONAL, SERTANEJO",67.0,2367229.0,https://i.scdn.co/image/ab6761610000e5eb233288c013b86618729c647c,LETTER_1,False,False
1266,Leonardo,2024-08-17,2024,DISTRITO ANHEMBI,LEONARDO,35000.0,GRANDES CASAS,AREA EXTERNA PARA EVENTOS,-23.51611,-46.64320,2YWOP324cKGfkTo2PydgJR,"SERTANEJO TRADICIONAL, SERTANEJO",67.0,2367229.0,https://i.scdn.co/image/ab6761610000e5eb233288c013b86618729c647c,LETTER_1,False,False
1267,Leonardo,2024-08-17,2024,DISTRITO ANHEMBI,LEONARDO,35000.0,GRANDES CASAS,AREA EXTERNA PARA EVENTOS,-23.51611,-46.64320,2YWOP324cKGfkTo2PydgJR,"SERTANEJO TRADICIONAL, SERTANEJO",67.0,2367229.0,https://i.scdn.co/image/ab6761610000e5eb233288c013b86618729c647c,LETTER_1,False,False
1268,Leonardo,2024-08-17,2024,DISTRITO ANHEMBI,LEONARDO,35000.0,GRANDES CASAS,AREA EXTERNA PARA EVENTOS,-23.51611,-46.64320,2YWOP324cKGfkTo2PydgJR,"SERTANEJO TRADICIONAL, SERTANEJO",67.0,2367229.0,https://i.scdn.co/image/ab6761610000e5eb233288c013b86618729c647c,LETTER_1,False,False
1269,Leonardo,2024-08-17,2024,DISTRITO ANHEMBI,LEONARDO,35000.0,GRANDES CASAS,AREA EXTERNA PARA EVENTOS,-23.51611,-46.64320,2YWOP324cKGfkTo2PydgJR,"SERTANEJO TRADICIONAL, SERTANEJO",67.0,2367229.0,https://i.scdn.co/image/ab6761610000e5eb233288c013b86618729c647c,LETTER_1,False,False
1270,Leonardo,2024-08-17,2024,DISTRITO ANHEMBI,LEONARDO,35000.0,GRANDES CASAS,AREA EXTERNA PARA EVENTOS,-23.51611,-46.64320,2YWOP324cKGfkTo2PydgJR,"SERTANEJO TRADICIONAL, SERTANEJO",67.0,2367229.0,https://i.scdn.co/image/ab6761610000e5eb233288c013b86618729c647c,LETTER_1,False,False
1271,DENNIS,2025-09-14,2025,AUTODROMO DE INTERLAGOS,DENNIS,100000.0,ARENAS E ESTADIOS,AREA EXTERNA PARA EVENTOS,-23.7000,-46.6972,6xlRSRMLgZbsSNd0BMobwy,"BRAZILIAN FUNK, FUNK CARIOCA, FUNK POP, FUNK MELODY",69.0,2359702.0,https://i.scdn.co/image/ab6761610000e5eb84e9632f86c291cd29960256,LETTER_1,THE TOWN,KATY PERRY
1272,DENNIS,2022-07-30,2022,ESTADIO DO CANINDE,DENNIS,21000.0,GRANDES CASAS,ESTADIO MULTIUSO,-23.52019,-46.61875,6xlRSRMLgZbsSNd0BMobwy,"BRAZILIAN FUNK, FUNK CARIOCA, FUNK POP, FUNK MELODY",69.0,2359702.0,https://i.scdn.co/image/ab6761610000e5eb84e9632f86c291cd29960256,LETTER_1,False,False
1273,DENNIS,2022-01-22,2022,SAO PAULO EXPO,DENNIS,100000.0,ARENAS E ESTADIOS,CENTRO DE EXPOSICOES,-23.64595,-46.62967,6xlRSRMLgZbsSNd0BMobwy,"BRAZILIAN FUNK, FUNK CARIOCA, FUNK POP, FUNK MELODY",69.0,2359702.0,https://i.scdn.co/image/ab6761610000e5eb84e9632f86c291cd29960256,LETTER_1,False,False
1274,DENNIS,2024-02-04,2024,MEMORIAL DA AMERICA LATINA,DENNIS,15000.0,GRANDES CASAS,AREA EXTERNA PARA EVENTOS,-23.5274091,-46.6656539,6xlRSRMLgZbsSNd0BMobwy,"BRAZILIAN FUNK, FUNK CARIOCA, FUNK POP, FUNK MELODY",69.0,2359702.0,https://i.scdn.co/image/ab6761610000e5eb84e9632f86c291cd29960256,LETTER_1,False,False
1275,DENNIS,2022-02-27,2022,JOCKEY CLUB,DENNIS,10000.0,MEDIAS CASAS,CENTRO DE EVENTOS,-23.57058,-46.70035,6xlRSRMLgZbsSNd0BMobwy,"BRAZILIAN FUNK, FUNK CARIOCA, FUNK POP, FUNK MELODY",69.0,2359702.0,https://i.scdn.co/image/ab6761610000e5eb84e9632f86c291cd29960256,LETTER_1,False,False
1276,DENNIS,2023-02-18,2023,JOCKEY CLUB,DENNIS,10000.0,MEDIAS CASAS,CENTRO DE EVENTOS,-23.57058,-46.70035,6xlRSRMLgZbsSNd0BMobwy,"BRAZILIAN FUNK, FUNK CARIOCA, FUNK POP, FUNK MELODY",69.0,2359702.0,https://i.scdn.co/image/ab6761610000e5eb84e9632f86c291cd29960256,LETTER_1,False,False
1277,DENNIS,2024-05-19,2024,VALE DO ANHANGABAU,DENNIS,35000.0,GRANDES CASAS,AREA EXTERNA PARA EVENTOS,-23.54429,-46.63623,6xlRSRMLgZbsSNd0BMobwy,"BRAZILIAN FUNK, FUNK CARIOCA, FUNK POP, FUNK MELODY",69.0,2359702.0,https://i.scdn.co/image/ab6761610000e5eb84e9632f86c291cd29960256,LETTER_1,False,False
1278,XG,2025-04-24,2025,TOKIO MARINE HALL,XG,4000.0,MEDIAS CASAS,CASA DE SHOWS,-23.6383,-46.7203,0LOK81e9H5lr61HlGGHqwA,K-POP,70.0,2354498.0,https://i.scdn.co/image/ab6761610000e5ebd4a49e97ee6baeee9a8c8341,LETTER_1,False,False
1279,Sepultura,2022-02-20,2022,AUDIO,SEPULTURA,3200.0,MEDIAS CASAS,CASA DE SHOWS,-23.52822,-46.66968,6JW8wliOEwaDZ231ZY7cf4,"THRASH METAL, GROOVE METAL, METAL, DEATH METAL, NU METAL, HEAVY METAL, SPEED METAL, ALTERNATIVE METAL",61.0,2350848.0,https://i.scdn.co/image/ab6761610000e5eb716f574b796045f28ce4f4f3,GENRE_2,False,False
1280,Sepultura,2022-02-20,2022,AUDIO,SEPULTURA,3200.0,MEDIAS CASAS,CASA DE SHOWS,-23.52822,-46.66968,6JW8wliOEwaDZ231ZY7cf4,"THRASH METAL, GROOVE METAL, METAL, DEATH METAL, NU METAL, HEAVY METAL, SPEED METAL, ALTERNATIVE METAL",61.0,2350848.0,https://i.scdn.co/image/ab6761610000e5eb716f574b796045f28ce4f4f3,GENRE_2,False,False
1281,Sepultura,2025-03-30,2025,AUTODROMO DE INTERLAGOS,SEPULTURA,100000.0,ARENAS E ESTADIOS,AREA EXTERNA PARA EVENTOS,-23.7000,-46.6972,6JW8wliOEwaDZ231ZY7cf4,"THRASH METAL, GROOVE METAL, METAL, DEATH METAL, NU METAL, HEAVY METAL, SPEED METAL, ALTERNATIVE METAL",61.0,2350848.0,https://i.scdn.co/image/ab6761610000e5eb716f574b796045f28ce4f4f3,GENRE_2,LOLLAPALOOZA,JUSTIN TIMBERLAKE
1282,Sepultura,2025-03-30,2025,AUTODROMO DE INTERLAGOS,SEPULTURA,100000.0,ARENAS E ESTADIOS,AREA EXTERNA PARA EVENTOS,-23.7000,-46.6972,6JW8wliOEwaDZ231ZY7cf4,"THRASH METAL, GROOVE METAL, METAL, DEATH METAL, NU METAL, HEAVY METAL, SPEED METAL, ALTERNATIVE METAL",61.0,2350848.0,https://i.scdn.co/image/ab6761610000e5eb716f574b796045f28ce4f4f3,GENRE_2,LOLLAPALOOZA,JUSTIN TIMBERLAKE
1283,Sepultura,2023-04-29,2023,MEMORIAL DA AMERICA LATINA,SEPULTURA,15000.0,GRANDES CASAS,AREA EXTERNA PARA EVENTOS,-23.5274091,-46.6656539,6JW8wliOEwaDZ231ZY7cf4,"THRASH METAL, GROOVE METAL, METAL, DEATH METAL, NU METAL, HEAVY METAL, SPEED METAL, ALTERNATIVE METAL",61.0,2350848.0,https://i.scdn.co/image/ab6761610000e5eb716f574b796045f28ce4f4f3,GENRE_2,SUMMER BREEZE BRASIL,"BLIND GUARDIAN, APOCALYPTICA"
1284,Sepultura,2023-04-29,2023,MEMORIAL DA AMERICA LATINA,SEPULTURA,15000.0,GRANDES CASAS,AREA EXTERNA PARA EVENTOS,-23.5274091,-46.6656539,6JW8wliOEwaDZ231ZY7cf4,"THRASH METAL, GROOVE METAL, METAL, DEATH METAL, NU METAL, HEAVY METAL, SPEED METAL, ALTERNATIVE METAL",61.0,2350848.0,https://i.scdn.co/image/ab6761610000e5eb716f574b796045f28ce4f4f3,GENRE_2,SUMMER BREEZE BRASIL,"BLIND GUARDIAN, APOCALYPTICA"
1285,Sepultura,2022-12-18,2022,SAMBODROMO DO ANHEMBI,SEPULTURA,100000.0,ARENAS E ESTADIOS,AREA EXTERNA PARA EVENTOS,-23.5079,-46.6379,6JW8wliOEwaDZ231ZY7cf4,"THRASH METAL, GROOVE METAL, METAL, DEATH METAL, NU METAL, HEAVY METAL, SPEED METAL, ALTERNATIVE METAL",61.0,2350848.0,https://i.scdn.co/image/ab6761610000e5eb716f574b796045f28ce4f4f3,GENRE_2,False,False
1286,Sepultura,2022-12-18,2022,SAMBODROMO DO ANHEMBI,SEPULTURA,100000.0,ARENAS E ESTADIOS,AREA EXTERNA PARA EVENTOS,-23.5079,-46.6379,6JW8wliOEwaDZ231ZY7cf4,"THRASH METAL, GROOVE METAL, METAL, DEATH METAL, NU METAL, HEAVY METAL, SPEED METAL, ALTERNATIVE METAL",61.0,2350848.0,https://i.scdn.co/image/ab6761610000e5eb716f574b796045f28ce4f4f3,GENRE_2,False,False
1287,Sepultura,2024-09-06,2024,ESPACO UNIMED,SEPULTURA,8000.0,MEDIAS CASAS,CASA DE SHOWS,-23.52812,-46.66805,6JW8wliOEwaDZ231ZY7cf4,"THRASH METAL, GROOVE METAL, METAL, DEATH METAL, NU METAL, HEAVY METAL, SPEED METAL, ALTERNATIVE METAL",61.0,2350848.0,https://i.scdn.co/image/ab6761610000e5eb716f574b796045f28ce4f4f3,GENRE_2,False,False
1288,Sepultura,2024-09-06,2024,ESPACO UNIMED,SEPULTURA,8000.0,MEDIAS CASAS,CASA DE SHOWS,-23.52812,-46.66805,6JW8wliOEwaDZ231ZY7cf4,"THRASH METAL, GROOVE METAL, METAL, DEATH METAL, NU METAL, HEAVY METAL, SPEED METAL, ALTERNATIVE METAL",61.0,2350848.0,https://i.scdn.co/image/ab6761610000e5eb716f574b796045f28ce4f4f3,GENRE_2,False,False
1289,Sepultura,2024-09-07,2024,ESPACO UNIMED,SEPULTURA,8000.0,MEDIAS CASAS,CASA DE SHOWS,-23.52812,-46.66805,6JW8wliOEwaDZ231ZY7cf4,"THRASH METAL, GROOVE METAL, METAL, DEATH METAL, NU METAL, HEAVY METAL, SPEED METAL, ALTERNATIVE METAL",61.0,2350848.0,https://i.scdn.co/image/ab6761610000e5eb716f574b796045f28ce4f4f3,GENRE_2,False,False
1290,Sepultura,2024-09-07,2024,ESPACO UNIMED,SEPULTURA,8000.0,MEDIAS CASAS,CASA DE SHOWS,-23.52812,-46.66805,6JW8wliOEwaDZ231ZY7cf4,"THRASH METAL, GROOVE METAL, METAL, DEATH METAL, NU METAL, HEAVY METAL, SPEED METAL, ALTERNATIVE METAL",61.0,2350848.0,https://i.scdn.co/image/ab6761610000e5eb716f574b796045f28ce4f4f3,GENRE_2,False,False
1291,Sepultura,2024-09-08,2024,ESPACO UNIMED,SEPULTURA,8000.0,MEDIAS CASAS,CASA DE SHOWS,-23.52812,-46.66805,6JW8wliOEwaDZ231ZY7cf4,"THRASH METAL, GROOVE METAL, METAL, DEATH METAL, NU METAL, HEAVY METAL, SPEED METAL, ALTERNATIVE METAL",61.0,2350848.0,https://i.scdn.co/image/ab6761610000e5eb716f574b796045f28ce4f4f3,GENRE_2,False,False
1292,Sepultura,2024-09-08,2024,ESPACO UNIMED,SEPULTURA,8000.0,MEDIAS CASAS,CASA DE SHOWS,-23.52812,-46.66805,6JW8wliOEwaDZ231ZY7cf4,"THRASH METAL, GROOVE METAL, METAL, DEATH METAL, NU METAL, HEAVY METAL, SPEED METAL, ALTERNATIVE METAL",61.0,2350848.0,https://i.scdn.co/image/ab6761610000e5eb716f574b796045f28ce4f4f3,GENRE_2,False,False
1293,Simple Minds,2025-05-04,2025,ESPACO UNIMED,SIMPLE MINDS,8000.0,MEDIAS CASAS,CASA DE SHOWS,-23.52812,-46.66805,6hN9F0iuULZYWXppob22Aj,NEW WAVE,66.0,2347469.0,https://i.scdn.co/image/ab6761610000e5eb83e9da1d7f9d7da25c9e1e53,GENRE_1,False,False
1294,BK,2023-01-28,2023,AUDIO,BK,3200.0,MEDIAS CASAS,CASA DE SHOWS,-23.52822,-46.66968,1YOVBTvznjiDvtAj4ExHeo,"BRAZILIAN HIP HOP, BOOM BAP, BRAZILIAN TRAP",74.0,2335530.0,https://i.scdn.co/image/ab6761610000e5ebaedd984d97865aef05fb6060,LETTER_1,False,False
1295,BK,2023-01-28,2023,AUDIO,BK,3200.0,MEDIAS CASAS,CASA DE SHOWS,-23.52822,-46.66968,1YOVBTvznjiDvtAj4ExHeo,"BRAZILIAN HIP HOP, BOOM BAP, BRAZILIAN TRAP",74.0,2335530.0,https://i.scdn.co/image/ab6761610000e5ebaedd984d97865aef05fb6060,LETTER_1,False,False
1296,BK,2023-01-28,2023,AUDIO,BK,3200.0,MEDIAS CASAS,CASA DE SHOWS,-23.52822,-46.66968,1YOVBTvznjiDvtAj4ExHeo,"BRAZILIAN HIP HOP, BOOM BAP, BRAZILIAN TRAP",74.0,2335530.0,https://i.scdn.co/image/ab6761610000e5ebaedd984d97865aef05fb6060,LETTER_1,False,False
1297,BK,2023-01-28,2023,AUDIO,BK,3200.0,MEDIAS CASAS,CASA DE SHOWS,-23.52822,-46.66968,1YOVBTvznjiDvtAj4ExHeo,"BRAZILIAN HIP HOP, BOOM BAP, BRAZILIAN TRAP",74.0,2335530.0,https://i.scdn.co/image/ab6761610000e5ebaedd984d97865aef05fb6060,LETTER_1,False,False
1298,BK,2023-01-28,2023,AUDIO,BK,3200.0,MEDIAS CASAS,CASA DE SHOWS,-23.52822,-46.66968,1YOVBTvznjiDvtAj4ExHeo,"BRAZILIAN HIP HOP, BOOM BAP, BRAZILIAN TRAP",74.0,2335530.0,https://i.scdn.co/image/ab6761610000e5ebaedd984d97865aef05fb6060,LETTER_1,False,False
1299,BK,2023-01-28,2023,AUDIO,BK,3200.0,MEDIAS CASAS,CASA DE SHOWS,-23.52822,-46.66968,1YOVBTvznjiDvtAj4ExHeo,"BRAZILIAN HIP HOP, BOOM BAP, BRAZILIAN TRAP",74.0,2335530.0,https://i.scdn.co/image/ab6761610000e5ebaedd984d97865aef05fb6060,LETTER_1,False,False
1300,BK,2023-01-28,2023,AUDIO,BK,3200.0,MEDIAS CASAS,CASA DE SHOWS,-23.52822,-46.66968,1YOVBTvznjiDvtAj4ExHeo,"BRAZILIAN HIP HOP, BOOM BAP, BRAZILIAN TRAP",74.0,2335530.0,https://i.scdn.co/image/ab6761610000e5ebaedd984d97865aef05fb6060,LETTER_1,False,False
1301,BK,2023-01-28,2023,AUDIO,BK,3200.0,MEDIAS CASAS,CASA DE SHOWS,-23.52822,-46.66968,1YOVBTvznjiDvtAj4ExHeo,"BRAZILIAN HIP HOP, BOOM BAP, BRAZILIAN TRAP",74.0,2335530.0,https://i.scdn.co/image/ab6761610000e5ebaedd984d97865aef05fb6060,LETTER_1,False,False
1302,BK,2023-01-28,2023,AUDIO,BK,3200.0,MEDIAS CASAS,CASA DE SHOWS,-23.52822,-46.66968,1YOVBTvznjiDvtAj4ExHeo,"BRAZILIAN HIP HOP, BOOM BAP, BRAZILIAN TRAP",74.0,2335530.0,https://i.scdn.co/image/ab6761610000e5ebaedd984d97865aef05fb6060,LETTER_1,False,False
1303,BK,2024-03-23,2024,AUTODROMO DE INTERLAGOS,BK,100000.0,ARENAS E ESTADIOS,AREA EXTERNA PARA EVENTOS,-23.7000,-46.6972,1YOVBTvznjiDvtAj4ExHeo,"BRAZILIAN HIP HOP, BOOM BAP, BRAZILIAN TRAP",74.0,2335530.0,https://i.scdn.co/image/ab6761610000e5ebaedd984d97865aef05fb6060,LETTER_1,LOLLAPALOOZA,"KINGS OF LEON, LIMP BIZKIT"
1304,BK,2024-03-23,2024,AUTODROMO DE INTERLAGOS,BK,100000.0,ARENAS E ESTADIOS,AREA EXTERNA PARA EVENTOS,-23.7000,-46.6972,1YOVBTvznjiDvtAj4ExHeo,"BRAZILIAN HIP HOP, BOOM BAP, BRAZILIAN TRAP",74.0,2335530.0,https://i.scdn.co/image/ab6761610000e5ebaedd984d97865aef05fb6060,LETTER_1,LOLLAPALOOZA,"KINGS OF LEON, LIMP BIZKIT"
1305,BK,2024-03-23,2024,AUTODROMO DE INTERLAGOS,BK,100000.0,ARENAS E ESTADIOS,AREA EXTERNA PARA EVENTOS,-23.7000,-46.6972,1YOVBTvznjiDvtAj4ExHeo,"BRAZILIAN HIP HOP, BOOM BAP, BRAZILIAN TRAP",74.0,2335530.0,https://i.scdn.co/image/ab6761610000e5ebaedd984d97865aef05fb6060,LETTER_1,LOLLAPALOOZA,"KINGS OF LEON, LIMP BIZKIT"
1306,BK,2024-03-23,2024,AUTODROMO DE INTERLAGOS,BK,100000.0,ARENAS E ESTADIOS,AREA EXTERNA PARA EVENTOS,-23.7000,-46.6972,1YOVBTvznjiDvtAj4ExHeo,"BRAZILIAN HIP HOP, BOOM BAP, BRAZILIAN TRAP",74.0,2335530.0,https://i.scdn.co/image/ab6761610000e5ebaedd984d97865aef05fb6060,LETTER_1,LOLLAPALOOZA,"KINGS OF LEON, LIMP BIZKIT"
1307,BK,2024-03-23,2024,AUTODROMO DE INTERLAGOS,BK,100000.0,ARENAS E ESTADIOS,AREA EXTERNA PARA EVENTOS,-23.7000,-46.6972,1YOVBTvznjiDvtAj4ExHeo,"BRAZILIAN HIP HOP, BOOM BAP, BRAZILIAN TRAP",74.0,2335530.0,https://i.scdn.co/image/ab6761610000e5ebaedd984d97865aef05fb6060,LETTER_1,LOLLAPALOOZA,"KINGS OF LEON, LIMP BIZKIT"
1308,BK,2024-03-23,2024,AUTODROMO DE INTERLAGOS,BK,100000.0,ARENAS E ESTADIOS,AREA EXTERNA PARA EVENTOS,-23.7000,-46.6972,1YOVBTvznjiDvtAj4ExHeo,"BRAZILIAN HIP HOP, BOOM BAP, BRAZILIAN TRAP",74.0,2335530.0,https://i.scdn.co/image/ab6761610000e5ebaedd984d97865aef05fb6060,LETTER_1,LOLLAPALOOZA,"KINGS OF LEON, LIMP BIZKIT"
1309,BK,2024-03-23,2024,AUTODROMO DE INTERLAGOS,BK,100000.0,ARENAS E ESTADIOS,AREA EXTERNA PARA EVENTOS,-23.7000,-46.6972,1YOVBTvznjiDvtAj4ExHeo,"BRAZILIAN HIP HOP, BOOM BAP, BRAZILIAN TRAP",74.0,2335530.0,https://i.scdn.co/image/ab6761610000e5ebaedd984d97865aef05fb6060,LETTER_1,LOLLAPALOOZA,"KINGS OF LEON, LIMP BIZKIT"
1310,BK,2024-03-23,2024,AUTODROMO DE INTERLAGOS,BK,100000.0,ARENAS E ESTADIOS,AREA EXTERNA PARA EVENTOS,-23.7000,-46.6972,1YOVBTvznjiDvtAj4ExHeo,"BRAZILIAN HIP HOP, BOOM BAP, BRAZILIAN TRAP",74.0,2335530.0,https://i.scdn.co/image/ab6761610000e5ebaedd984d97865aef05fb6060,LETTER_1,LOLLAPALOOZA,"KINGS OF LEON, LIMP BIZKIT"
1311,BK,2024-03-23,2024,AUTODROMO DE INTERLAGOS,BK,100000.0,ARENAS E ESTADIOS,AREA EXTERNA PARA EVENTOS,-23.7000,-46.6972,1YOVBTvznjiDvtAj4ExHeo,"BRAZILIAN HIP HOP, BOOM BAP, BRAZILIAN TRAP",74.0,2335530.0,https://i.scdn.co/image/ab6761610000e5ebaedd984d97865aef05fb6060,LETTER_1,LOLLAPALOOZA,"KINGS OF LEON, LIMP BIZKIT"
1312,BK,2022-09-17,2022,MEMORIAL DA AMERICA LATINA,BK,15000.0,GRANDES CASAS,AREA EXTERNA PARA EVENTOS,-23.5274091,-46.6656539,1YOVBTvznjiDvtAj4ExHeo,"BRAZILIAN HIP HOP, BOOM BAP, BRAZILIAN TRAP",74.0,2335530.0,https://i.scdn.co/image/ab6761610000e5ebaedd984d97865aef05fb6060,LETTER_1,COALA FESTIVAL,GAL COSTA
1313,BK,2022-09-17,2022,MEMORIAL DA AMERICA LATINA,BK,15000.0,GRANDES CASAS,AREA EXTERNA PARA EVENTOS,-23.5274091,-46.6656539,1YOVBTvznjiDvtAj4ExHeo,"BRAZILIAN HIP HOP, BOOM BAP, BRAZILIAN TRAP",74.0,2335530.0,https://i.scdn.co/image/ab6761610000e5ebaedd984d97865aef05fb6060,LETTER_1,COALA FESTIVAL,GAL COSTA
1314,BK,2022-09-17,2022,MEMORIAL DA AMERICA LATINA,BK,15000.0,GRANDES CASAS,AREA EXTERNA PARA EVENTOS,-23.5274091,-46.6656539,1YOVBTvznjiDvtAj4ExHeo,"BRAZILIAN HIP HOP, BOOM BAP, BRAZILIAN TRAP",74.0,2335530.0,https://i.scdn.co/image/ab6761610000e5ebaedd984d97865aef05fb6060,LETTER_1,COALA FESTIVAL,GAL COSTA
1315,BK,2022-09-17,2022,MEMORIAL DA AMERICA LATINA,BK,15000.0,GRANDES CASAS,AREA EXTERNA PARA EVENTOS,-23.5274091,-46.6656539,1YOVBTvznjiDvtAj4ExHeo,"BRAZILIAN HIP HOP, BOOM BAP, BRAZILIAN TRAP",74.0,2335530.0,https://i.scdn.co/image/ab6761610000e5ebaedd984d97865aef05fb6060,LETTER_1,COALA FESTIVAL,GAL COSTA
1316,BK,2022-09-17,2022,MEMORIAL DA AMERICA LATINA,BK,15000.0,GRANDES CASAS,AREA EXTERNA PARA EVENTOS,-23.5274091,-46.6656539,1YOVBTvznjiDvtAj4ExHeo,"BRAZILIAN HIP HOP, BOOM BAP, BRAZILIAN TRAP",74.0,2335530.0,https://i.scdn.co/image/ab6761610000e5ebaedd984d97865aef05fb6060,LETTER_1,COALA FESTIVAL,GAL COSTA
1317,BK,2022-09-17,2022,MEMORIAL DA AMERICA LATINA,BK,15000.0,GRANDES CASAS,AREA EXTERNA PARA EVENTOS,-23.5274091,-46.6656539,1YOVBTvznjiDvtAj4ExHeo,"BRAZILIAN HIP HOP, BOOM BAP, BRAZILIAN TRAP",74.0,2335530.0,https://i.scdn.co/image/ab6761610000e5ebaedd984d97865aef05fb6060,LETTER_1,COALA FESTIVAL,GAL COSTA
1318,BK,2022-09-17,2022,MEMORIAL DA AMERICA LATINA,BK,15000.0,GRANDES CASAS,AREA EXTERNA PARA EVENTOS,-23.5274091,-46.6656539,1YOVBTvznjiDvtAj4ExHeo,"BRAZILIAN HIP HOP, BOOM BAP, BRAZILIAN TRAP",74.0,2335530.0,https://i.scdn.co/image/ab6761610000e5ebaedd984d97865aef05fb6060,LETTER_1,COALA FESTIVAL,GAL COSTA
1319,BK,2022-09-17,2022,MEMORIAL DA AMERICA LATINA,BK,15000.0,GRANDES CASAS,AREA EXTERNA PARA EVENTOS,-23.5274091,-46.6656539,1YOVBTvznjiDvtAj4ExHeo,"BRAZILIAN HIP HOP, BOOM BAP, BRAZILIAN TRAP",74.0,2335530.0,https://i.scdn.co/image/ab6761610000e5ebaedd984d97865aef05fb6060,LETTER_1,COALA FESTIVAL,GAL COSTA
1320,BK,2022-09-17,2022,MEMORIAL DA AMERICA LATINA,BK,15000.0,GRANDES CASAS,AREA EXTERNA PARA EVENTOS,-23.5274091,-46.6656539,1YOVBTvznjiDvtAj4ExHeo,"BRAZILIAN HIP HOP, BOOM BAP, BRAZILIAN TRAP",74.0,2335530.0,https://i.scdn.co/image/ab6761610000e5ebaedd984d97865aef05fb6060,LETTER_1,COALA FESTIVAL,GAL COSTA
1321,BK,2022-10-08,2022,MEMORIAL DA AMERICA LATINA,BK,15000.0,GRANDES CASAS,AREA EXTERNA PARA EVENTOS,-23.5274091,-46.6656539,1YOVBTvznjiDvtAj4ExHeo,"BRAZILIAN HIP HOP, BOOM BAP, BRAZILIAN TRAP",74.0,2335530.0,https://i.scdn.co/image/ab6761610000e5ebaedd984d97865aef05fb6060,LETTER_1,False,False
1322,BK,2022-10-08,2022,MEMORIAL DA AMERICA LATINA,BK,15000.0,GRANDES CASAS,AREA EXTERNA PARA EVENTOS,-23.5274091,-46.6656539,1YOVBTvznjiDvtAj4ExHeo,"BRAZILIAN HIP HOP, BOOM BAP, BRAZILIAN TRAP",74.0,2335530.0,https://i.scdn.co/image/ab6761610000e5ebaedd984d97865aef05fb6060,LETTER_1,False,False
1323,BK,2022-10-08,2022,MEMORIAL DA AMERICA LATINA,BK,15000.0,GRANDES CASAS,AREA EXTERNA PARA EVENTOS,-23.5274091,-46.6656539,1YOVBTvznjiDvtAj4ExHeo,"BRAZILIAN HIP HOP, BOOM BAP, BRAZILIAN TRAP",74.0,2335530.0,https://i.scdn.co/image/ab6761610000e5ebaedd984d97865aef05fb6060,LETTER_1,False,False
1324,BK,2022-10-08,2022,MEMORIAL DA AMERICA LATINA,BK,15000.0,GRANDES CASAS,AREA EXTERNA PARA EVENTOS,-23.5274091,-46.6656539,1YOVBTvznjiDvtAj4ExHeo,"BRAZILIAN HIP HOP, BOOM BAP, BRAZILIAN TRAP",74.0,2335530.0,https://i.scdn.co/image/ab6761610000e5ebaedd984d97865aef05fb6060,LETTER_1,False,False
1325,BK,2022-10-08,2022,MEMORIAL DA AMERICA LATINA,BK,15000.0,GRANDES CASAS,AREA EXTERNA PARA EVENTOS,-23.5274091,-46.6656539,1YOVBTvznjiDvtAj4ExHeo,"BRAZILIAN HIP HOP, BOOM BAP, BRAZILIAN TRAP",74.0,2335530.0,https://i.scdn.co/image/ab6761610000e5ebaedd984d97865aef05fb6060,LETTER_1,False,False
1326,BK,2022-10-08,2022,MEMORIAL DA AMERICA LATINA,BK,15000.0,GRANDES CASAS,AREA EXTERNA PARA EVENTOS,-23.5274091,-46.6656539,1YOVBTvznjiDvtAj4ExHeo,"BRAZILIAN HIP HOP, BOOM BAP, BRAZILIAN TRAP",74.0,2335530.0,https://i.scdn.co/image/ab6761610000e5ebaedd984d97865aef05fb6060,LETTER_1,False,False
1327,BK,2022-10-08,2022,MEMORIAL DA AMERICA LATINA,BK,15000.0,GRANDES CASAS,AREA EXTERNA PARA EVENTOS,-23.5274091,-46.6656539,1YOVBTvznjiDvtAj4ExHeo,"BRAZILIAN HIP HOP, BOOM BAP, BRAZILIAN TRAP",74.0,2335530.0,https://i.scdn.co/image/ab6761610000e5ebaedd984d97865aef05fb6060,LETTER_1,False,False
1328,BK,2022-10-08,2022,MEMORIAL DA AMERICA LATINA,BK,15000.0,GRANDES CASAS,AREA EXTERNA PARA EVENTOS,-23.5274091,-46.6656539,1YOVBTvznjiDvtAj4ExHeo,"BRAZILIAN HIP HOP, BOOM BAP, BRAZILIAN TRAP",74.0,2335530.0,https://i.scdn.co/image/ab6761610000e5ebaedd984d97865aef05fb6060,LETTER_1,False,False
1329,BK,2022-10-08,2022,MEMORIAL DA AMERICA LATINA,BK,15000.0,GRANDES CASAS,AREA EXTERNA PARA EVENTOS,-23.5274091,-46.6656539,1YOVBTvznjiDvtAj4ExHeo,"BRAZILIAN HIP HOP, BOOM BAP, BRAZILIAN TRAP",74.0,2335530.0,https://i.scdn.co/image/ab6761610000e5ebaedd984d97865aef05fb6060,LETTER_1,False,False
1330,BK,2025-09-07,2025,MEMORIAL DA AMERICA LATINA,BK,15000.0,GRANDES CASAS,AREA EXTERNA PARA EVENTOS,-23.5274091,-46.6656539,1YOVBTvznjiDvtAj4ExHeo,"BRAZILIAN HIP HOP, BOOM BAP, BRAZILIAN TRAP",74.0,2335530.0,https://i.scdn.co/image/ab6761610000e5ebaedd984d97865aef05fb6060,LETTER_1,COALA FESTIVAL,CAETANO VELOSO
1331,BK,2025-09-07,2025,MEMORIAL DA AMERICA LATINA,BK,15000.0,GRANDES CASAS,AREA EXTERNA PARA EVENTOS,-23.5274091,-46.6656539,1YOVBTvznjiDvtAj4ExHeo,"BRAZILIAN HIP HOP, BOOM BAP, BRAZILIAN TRAP",74.0,2335530.0,https://i.scdn.co/image/ab6761610000e5ebaedd984d97865aef05fb6060,LETTER_1,COALA FESTIVAL,CAETANO VELOSO
1332,BK,2025-09-07,2025,MEMORIAL DA AMERICA LATINA,BK,15000.0,GRANDES CASAS,AREA EXTERNA PARA EVENTOS,-23.5274091,-46.6656539,1YOVBTvznjiDvtAj4ExHeo,"BRAZILIAN HIP HOP, BOOM BAP, BRAZILIAN TRAP",74.0,2335530.0,https://i.scdn.co/image/ab6761610000e5ebaedd984d97865aef05fb6060,LETTER_1,COALA FESTIVAL,CAETANO VELOSO
1333,BK,2025-09-07,2025,MEMORIAL DA AMERICA LATINA,BK,15000.0,GRANDES CASAS,AREA EXTERNA PARA EVENTOS,-23.5274091,-46.6656539,1YOVBTvznjiDvtAj4ExHeo,"BRAZILIAN HIP HOP, BOOM BAP, BRAZILIAN TRAP",74.0,2335530.0,https://i.scdn.co/image/ab6761610000e5ebaedd984d97865aef05fb6060,LETTER_1,COALA FESTIVAL,CAETANO VELOSO
1334,BK,2025-09-07,2025,MEMORIAL DA AMERICA LATINA,BK,15000.0,GRANDES CASAS,AREA EXTERNA PARA EVENTOS,-23.5274091,-46.6656539,1YOVBTvznjiDvtAj4ExHeo,"BRAZILIAN HIP HOP, BOOM BAP, BRAZILIAN TRAP",74.0,2335530.0,https://i.scdn.co/image/ab6761610000e5ebaedd984d97865aef05fb6060,LETTER_1,COALA FESTIVAL,CAETANO VELOSO
1335,BK,2025-09-07,2025,MEMORIAL DA AMERICA LATINA,BK,15000.0,GRANDES CASAS,AREA EXTERNA PARA EVENTOS,-23.5274091,-46.6656539,1YOVBTvznjiDvtAj4ExHeo,"BRAZILIAN HIP HOP, BOOM BAP, BRAZILIAN TRAP",74.0,2335530.0,https://i.scdn.co/image/ab6761610000e5ebaedd984d97865aef05fb6060,LETTER_1,COALA FESTIVAL,CAETANO VELOSO
1336,BK,2025-09-07,2025,MEMORIAL DA AMERICA LATINA,BK,15000.0,GRANDES CASAS,AREA EXTERNA PARA EVENTOS,-23.5274091,-46.6656539,1YOVBTvznjiDvtAj4ExHeo,"BRAZILIAN HIP HOP, BOOM BAP, BRAZILIAN TRAP",74.0,2335530.0,https://i.scdn.co/image/ab6761610000e5ebaedd984d97865aef05fb6060,LETTER_1,COALA FESTIVAL,CAETANO VELOSO
1337,BK,2025-09-07,2025,MEMORIAL DA AMERICA LATINA,BK,15000.0,GRANDES CASAS,AREA EXTERNA PARA EVENTOS,-23.5274091,-46.6656539,1YOVBTvznjiDvtAj4ExHeo,"BRAZILIAN HIP HOP, BOOM BAP, BRAZILIAN TRAP",74.0,2335530.0,https://i.scdn.co/image/ab6761610000e5ebaedd984d97865aef05fb6060,LETTER_1,COALA FESTIVAL,CAETANO VELOSO
1338,BK,2025-09-07,2025,MEMORIAL DA AMERICA LATINA,BK,15000.0,GRANDES CASAS,AREA EXTERNA PARA EVENTOS,-23.5274091,-46.6656539,1YOVBTvznjiDvtAj4ExHeo,"BRAZILIAN HIP HOP, BOOM BAP, BRAZILIAN TRAP",74.0,2335530.0,https://i.scdn.co/image/ab6761610000e5ebaedd984d97865aef05fb6060,LETTER_1,COALA FESTIVAL,CAETANO VELOSO
1339,BK,2022-06-18,2022,SAMBODROMO DO ANHEMBI,BK,100000.0,ARENAS E ESTADIOS,AREA EXTERNA PARA EVENTOS,-23.5079,-46.6379,1YOVBTvznjiDvtAj4ExHeo,"BRAZILIAN HIP HOP, BOOM BAP, BRAZILIAN TRAP",74.0,2335530.0,https://i.scdn.co/image/ab6761610000e5ebaedd984d97865aef05fb6060,LETTER_1,False,False
1340,BK,2022-06-18,2022,SAMBODROMO DO ANHEMBI,BK,100000.0,ARENAS E ESTADIOS,AREA EXTERNA PARA EVENTOS,-23.5079,-46.6379,1YOVBTvznjiDvtAj4ExHeo,"BRAZILIAN HIP HOP, BOOM BAP, BRAZILIAN TRAP",74.0,2335530.0,https://i.scdn.co/image/ab6761610000e5ebaedd984d97865aef05fb6060,LETTER_1,False,False
1341,BK,2022-06-18,2022,SAMBODROMO DO ANHEMBI,BK,100000.0,ARENAS E ESTADIOS,AREA EXTERNA PARA EVENTOS,-23.5079,-46.6379,1YOVBTvznjiDvtAj4ExHeo,"BRAZILIAN HIP HOP, BOOM BAP, BRAZILIAN TRAP",74.0,2335530.0,https://i.scdn.co/image/ab6761610000e5ebaedd984d97865aef05fb6060,LETTER_1,False,False
1342,BK,2022-06-18,2022,SAMBODROMO DO ANHEMBI,BK,100000.0,ARENAS E ESTADIOS,AREA EXTERNA PARA EVENTOS,-23.5079,-46.6379,1YOVBTvznjiDvtAj4ExHeo,"BRAZILIAN HIP HOP, BOOM BAP, BRAZILIAN TRAP",74.0,2335530.0,https://i.scdn.co/image/ab6761610000e5ebaedd984d97865aef05fb6060,LETTER_1,False,False
1343,BK,2022-06-18,2022,SAMBODROMO DO ANHEMBI,BK,100000.0,ARENAS E ESTADIOS,AREA EXTERNA PARA EVENTOS,-23.5079,-46.6379,1YOVBTvznjiDvtAj4ExHeo,"BRAZILIAN HIP HOP, BOOM BAP, BRAZILIAN TRAP",74.0,2335530.0,https://i.scdn.co/image/ab6761610000e5ebaedd984d97865aef05fb6060,LETTER_1,False,False
1344,BK,2022-06-18,2022,SAMBODROMO DO ANHEMBI,BK,100000.0,ARENAS E ESTADIOS,AREA EXTERNA PARA EVENTOS,-23.5079,-46.6379,1YOVBTvznjiDvtAj4ExHeo,"BRAZILIAN HIP HOP, BOOM BAP, BRAZILIAN TRAP",74.0,2335530.0,https://i.scdn.co/image/ab6761610000e5ebaedd984d97865aef05fb6060,LETTER_1,False,False
1345,BK,2022-06-18,2022,SAMBODROMO DO ANHEMBI,BK,100000.0,ARENAS E ESTADIOS,AREA EXTERNA PARA EVENTOS,-23.5079,-46.6379,1YOVBTvznjiDvtAj4ExHeo,"BRAZILIAN HIP HOP, BOOM BAP, BRAZILIAN TRAP",74.0,2335530.0,https://i.scdn.co/image/ab6761610000e5ebaedd984d97865aef05fb6060,LETTER_1,False,False
1346,BK,2022-06-18,2022,SAMBODROMO DO ANHEMBI,BK,100000.0,ARENAS E ESTADIOS,AREA EXTERNA PARA EVENTOS,-23.5079,-46.6379,1YOVBTvznjiDvtAj4ExHeo,"BRAZILIAN HIP HOP, BOOM BAP, BRAZILIAN TRAP",74.0,2335530.0,https://i.scdn.co/image/ab6761610000e5ebaedd984d97865aef05fb6060,LETTER_1,False,False
1347,BK,2022-06-18,2022,SAMBODROMO DO ANHEMBI,BK,100000.0,ARENAS E ESTADIOS,AREA EXTERNA PARA EVENTOS,-23.5079,-46.6379,1YOVBTvznjiDvtAj4ExHeo,"BRAZILIAN HIP HOP, BOOM BAP, BRAZILIAN TRAP",74.0,2335530.0,https://i.scdn.co/image/ab6761610000e5ebaedd984d97865aef05fb6060,LETTER_1,False,False
1348,BK,2023-04-02,2023,ESPACO UNIMED,BK,8000.0,MEDIAS CASAS,CASA DE SHOWS,-23.52812,-46.66805,1YOVBTvznjiDvtAj4ExHeo,"BRAZILIAN HIP HOP, BOOM BAP, BRAZILIAN TRAP",74.0,2335530.0,https://i.scdn.co/image/ab6761610000e5ebaedd984d97865aef05fb6060,LETTER_1,False,False
1349,BK,2023-04-02,2023,ESPACO UNIMED,BK,8000.0,MEDIAS CASAS,CASA DE SHOWS,-23.52812,-46.66805,1YOVBTvznjiDvtAj4ExHeo,"BRAZILIAN HIP HOP, BOOM BAP, BRAZILIAN TRAP",74.0,2335530.0,https://i.scdn.co/image/ab6761610000e5ebaedd984d97865aef05fb6060,LETTER_1,False,False
1350,BK,2023-04-02,2023,ESPACO UNIMED,BK,8000.0,MEDIAS CASAS,CASA DE SHOWS,-23.52812,-46.66805,1YOVBTvznjiDvtAj4ExHeo,"BRAZILIAN HIP HOP, BOOM BAP, BRAZILIAN TRAP",74.0,2335530.0,https://i.scdn.co/image/ab6761610000e5ebaedd984d97865aef05fb6060,LETTER_1,False,False
1351,BK,2023-04-02,2023,ESPACO UNIMED,BK,8000.0,MEDIAS CASAS,CASA DE SHOWS,-23.52812,-46.66805,1YOVBTvznjiDvtAj4ExHeo,"BRAZILIAN HIP HOP, BOOM BAP, BRAZILIAN TRAP",74.0,2335530.0,https://i.scdn.co/image/ab6761610000e5ebaedd984d97865aef05fb6060,LETTER_1,False,False
1352,BK,2023-04-02,2023,ESPACO UNIMED,BK,8000.0,MEDIAS CASAS,CASA DE SHOWS,-23.52812,-46.66805,1YOVBTvznjiDvtAj4ExHeo,"BRAZILIAN HIP HOP, BOOM BAP, BRAZILIAN TRAP",74.0,2335530.0,https://i.scdn.co/image/ab6761610000e5ebaedd984d97865aef05fb6060,LETTER_1,False,False
1353,BK,2023-04-02,2023,ESPACO UNIMED,BK,8000.0,MEDIAS CASAS,CASA DE SHOWS,-23.52812,-46.66805,1YOVBTvznjiDvtAj4ExHeo,"BRAZILIAN HIP HOP, BOOM BAP, BRAZILIAN TRAP",74.0,2335530.0,https://i.scdn.co/image/ab6761610000e5ebaedd984d97865aef05fb6060,LETTER_1,False,False
1354,BK,2023-04-02,2023,ESPACO UNIMED,BK,8000.0,MEDIAS CASAS,CASA DE SHOWS,-23.52812,-46.66805,1YOVBTvznjiDvtAj4ExHeo,"BRAZILIAN HIP HOP, BOOM BAP, BRAZILIAN TRAP",74.0,2335530.0,https://i.scdn.co/image/ab6761610000e5ebaedd984d97865aef05fb6060,LETTER_1,False,False
1355,BK,2023-04-02,2023,ESPACO UNIMED,BK,8000.0,MEDIAS CASAS,CASA DE SHOWS,-23.52812,-46.66805,1YOVBTvznjiDvtAj4ExHeo,"BRAZILIAN HIP HOP, BOOM BAP, BRAZILIAN TRAP",74.0,2335530.0,https://i.scdn.co/image/ab6761610000e5ebaedd984d97865aef05fb6060,LETTER_1,False,False
1356,BK,2023-04-02,2023,ESPACO UNIMED,BK,8000.0,MEDIAS CASAS,CASA DE SHOWS,-23.52812,-46.66805,1YOVBTvznjiDvtAj4ExHeo,"BRAZILIAN HIP HOP, BOOM BAP, BRAZILIAN TRAP",74.0,2335530.0,https://i.scdn.co/image/ab6761610000e5ebaedd984d97865aef05fb6060,LETTER_1,False,False
1357,BK,2024-07-14,2024,ESPACO UNIMED,BK,8000.0,MEDIAS CASAS,CASA DE SHOWS,-23.52812,-46.66805,1YOVBTvznjiDvtAj4ExHeo,"BRAZILIAN HIP HOP, BOOM BAP, BRAZILIAN TRAP",74.0,2335530.0,https://i.scdn.co/image/ab6761610000e5ebaedd984d97865aef05fb6060,LETTER_1,False,False
1358,BK,2024-07-14,2024,ESPACO UNIMED,BK,8000.0,MEDIAS CASAS,CASA DE SHOWS,-23.52812,-46.66805,1YOVBTvznjiDvtAj4ExHeo,"BRAZILIAN HIP HOP, BOOM BAP, BRAZILIAN TRAP",74.0,2335530.0,https://i.scdn.co/image/ab6761610000e5ebaedd984d97865aef05fb6060,LETTER_1,False,False
1359,BK,2024-07-14,2024,ESPACO UNIMED,BK,8000.0,MEDIAS CASAS,CASA DE SHOWS,-23.52812,-46.66805,1YOVBTvznjiDvtAj4ExHeo,"BRAZILIAN HIP HOP, BOOM BAP, BRAZILIAN TRAP",74.0,2335530.0,https://i.scdn.co/image/ab6761610000e5ebaedd984d97865aef05fb6060,LETTER_1,False,False
1360,BK,2024-07-14,2024,ESPACO UNIMED,BK,8000.0,MEDIAS CASAS,CASA DE SHOWS,-23.52812,-46.66805,1YOVBTvznjiDvtAj4ExHeo,"BRAZILIAN HIP HOP, BOOM BAP, BRAZILIAN TRAP",74.0,2335530.0,https://i.scdn.co/image/ab6761610000e5ebaedd984d97865aef05fb6060,LETTER_1,False,False
1361,BK,2024-07-14,2024,ESPACO UNIMED,BK,8000.0,MEDIAS CASAS,CASA DE SHOWS,-23.52812,-46.66805,1YOVBTvznjiDvtAj4ExHeo,"BRAZILIAN HIP HOP, BOOM BAP, BRAZILIAN TRAP",74.0,2335530.0,https://i.scdn.co/image/ab6761610000e5ebaedd984d97865aef05fb6060,LETTER_1,False,False
1362,BK,2024-07-14,2024,ESPACO UNIMED,BK,8000.0,MEDIAS CASAS,CASA DE SHOWS,-23.52812,-46.66805,1YOVBTvznjiDvtAj4ExHeo,"BRAZILIAN HIP HOP, BOOM BAP, BRAZILIAN TRAP",74.0,2335530.0,https://i.scdn.co/image/ab6761610000e5ebaedd984d97865aef05fb6060,LETTER_1,False,False
1363,BK,2024-07-14,2024,ESPACO UNIMED,BK,8000.0,MEDIAS CASAS,CASA DE SHOWS,-23.52812,-46.66805,1YOVBTvznjiDvtAj4ExHeo,"BRAZILIAN HIP HOP, BOOM BAP, BRAZILIAN TRAP",74.0,2335530.0,https://i.scdn.co/image/ab6761610000e5ebaedd984d97865aef05fb6060,LETTER_1,False,False
1364,BK,2024-07-14,2024,ESPACO UNIMED,BK,8000.0,MEDIAS CASAS,CASA DE SHOWS,-23.52812,-46.66805,1YOVBTvznjiDvtAj4ExHeo,"BRAZILIAN HIP HOP, BOOM BAP, BRAZILIAN TRAP",74.0,2335530.0,https://i.scdn.co/image/ab6761610000e5ebaedd984d97865aef05fb6060,LETTER_1,False,False
1365,BK,2024-07-14,2024,ESPACO UNIMED,BK,8000.0,MEDIAS CASAS,CASA DE SHOWS,-23.52812,-46.66805,1YOVBTvznjiDvtAj4ExHeo,"BRAZILIAN HIP HOP, BOOM BAP, BRAZILIAN TRAP",74.0,2335530.0,https://i.scdn.co/image/ab6761610000e5ebaedd984d97865aef05fb6060,LETTER_1,False,False
1366,BK,2025-07-13,2025,ESPACO UNIMED,BK,8000.0,MEDIAS CASAS,CASA DE SHOWS,-23.52812,-46.66805,1YOVBTvznjiDvtAj4ExHeo,"BRAZILIAN HIP HOP, BOOM BAP, BRAZILIAN TRAP",74.0,2335530.0,https://i.scdn.co/image/ab6761610000e5ebaedd984d97865aef05fb6060,LETTER_1,False,False
1367,BK,2025-07-13,2025,ESPACO UNIMED,BK,8000.0,MEDIAS CASAS,CASA DE SHOWS,-23.52812,-46.66805,1YOVBTvznjiDvtAj4ExHeo,"BRAZILIAN HIP HOP, BOOM BAP, BRAZILIAN TRAP",74.0,2335530.0,https://i.scdn.co/image/ab6761610000e5ebaedd984d97865aef05fb6060,LETTER_1,False,False
1368,BK,2025-07-13,2025,ESPACO UNIMED,BK,8000.0,MEDIAS CASAS,CASA DE SHOWS,-23.52812,-46.66805,1YOVBTvznjiDvtAj4ExHeo,"BRAZILIAN HIP HOP, BOOM BAP, BRAZILIAN TRAP",74.0,2335530.0,https://i.scdn.co/image/ab6761610000e5ebaedd984d97865aef05fb6060,LETTER_1,False,False
1369,BK,2025-07-13,2025,ESPACO UNIMED,BK,8000.0,MEDIAS CASAS,CASA DE SHOWS,-23.52812,-46.66805,1YOVBTvznjiDvtAj4ExHeo,"BRAZILIAN HIP HOP, BOOM BAP, BRAZILIAN TRAP",74.0,2335530.0,https://i.scdn.co/image/ab6761610000e5ebaedd984d97865aef05fb6060,LETTER_1,False,False
1370,BK,2025-07-13,2025,ESPACO UNIMED,BK,8000.0,MEDIAS CASAS,CASA DE SHOWS,-23.52812,-46.66805,1YOVBTvznjiDvtAj4ExHeo,"BRAZILIAN HIP HOP, BOOM BAP, BRAZILIAN TRAP",74.0,2335530.0,https://i.scdn.co/image/ab6761610000e5ebaedd984d97865aef05fb6060,LETTER_1,False,False
1371,BK,2025-07-13,2025,ESPACO UNIMED,BK,8000.0,MEDIAS CASAS,CASA DE SHOWS,-23.52812,-46.66805,1YOVBTvznjiDvtAj4ExHeo,"BRAZILIAN HIP HOP, BOOM BAP, BRAZILIAN TRAP",74.0,2335530.0,https://i.scdn.co/image/ab6761610000e5ebaedd984d97865aef05fb6060,LETTER_1,False,False
1372,BK,2025-07-13,2025,ESPACO UNIMED,BK,8000.0,MEDIAS CASAS,CASA DE SHOWS,-23.52812,-46.66805,1YOVBTvznjiDvtAj4ExHeo,"BRAZILIAN HIP HOP, BOOM BAP, BRAZILIAN TRAP",74.0,2335530.0,https://i.scdn.co/image/ab6761610000e5ebaedd984d97865aef05fb6060,LETTER_1,False,False
1373,BK,2025-07-13,2025,ESPACO UNIMED,BK,8000.0,MEDIAS CASAS,CASA DE SHOWS,-23.52812,-46.66805,1YOVBTvznjiDvtAj4ExHeo,"BRAZILIAN HIP HOP, BOOM BAP, BRAZILIAN TRAP",74.0,2335530.0,https://i.scdn.co/image/ab6761610000e5ebaedd984d97865aef05fb6060,LETTER_1,False,False
1374,BK,2025-07-13,2025,ESPACO UNIMED,BK,8000.0,MEDIAS CASAS,CASA DE SHOWS,-23.52812,-46.66805,1YOVBTvznjiDvtAj4ExHeo,"BRAZILIAN HIP HOP, BOOM BAP, BRAZILIAN TRAP",74.0,2335530.0,https://i.scdn.co/image/ab6761610000e5ebaedd984d97865aef05fb6060,LETTER_1,False,False
1375,Mc Daniel,2024-03-24,2024,AUTODROMO DE INTERLAGOS,MC DANIEL,100000.0,ARENAS E ESTADIOS,AREA EXTERNA PARA EVENTOS,-23.7000,-46.6972,6YzSM19LzpLH0nVKKU6Jsy,"BRAZILIAN FUNK, AGRONEJO, TRAP FUNK, FUNK CONSCIENTE",67.0,2328258.0,https://i.scdn.co/image/ab6761610000e5eb0523591fa9d6afb4a83d8c17,GENRE_1,LOLLAPALOOZA,"SZA, SAM SMITH"
1376,Mc Daniel,2024-03-24,2024,AUTODROMO DE INTERLAGOS,MC DANIEL,100000.0,ARENAS E ESTADIOS,AREA EXTERNA PARA EVENTOS,-23.7000,-46.6972,6YzSM19LzpLH0nVKKU6Jsy,"BRAZILIAN FUNK, AGRONEJO, TRAP FUNK, FUNK CONSCIENTE",67.0,2328258.0,https://i.scdn.co/image/ab6761610000e5eb0523591fa9d6afb4a83d8c17,GENRE_1,LOLLAPALOOZA,"SZA, SAM SMITH"
1377,Mc Daniel,2024-06-09,2024,ALLIANZ PARQUE,MC DANIEL,45000.0,ARENAS E ESTADIOS,ESTADIO MULTIUSO,-23.5276207,-46.6784662,6YzSM19LzpLH0nVKKU6Jsy,"BRAZILIAN FUNK, AGRONEJO, TRAP FUNK, FUNK CONSCIENTE",67.0,2328258.0,https://i.scdn.co/image/ab6761610000e5eb0523591fa9d6afb4a83d8c17,GENRE_1,False,False
1378,Mc Daniel,2024-06-09,2024,ALLIANZ PARQUE,MC DANIEL,45000.0,ARENAS E ESTADIOS,ESTADIO MULTIUSO,-23.5276207,-46.6784662,6YzSM19LzpLH0nVKKU6Jsy,"BRAZILIAN FUNK, AGRONEJO, TRAP FUNK, FUNK CONSCIENTE",67.0,2328258.0,https://i.scdn.co/image/ab6761610000e5eb0523591fa9d6afb4a83d8c17,GENRE_1,False,False
1379,RÜFÜS DU SOL,2025-03-28,2025,AUTODROMO DE INTERLAGOS,RUFUS DU SOL,100000.0,ARENAS E ESTADIOS,AREA EXTERNA PARA EVENTOS,-23.7000,-46.6972,5Pb27ujIyYb33zBqVysBkj,LATIN ROCK,75.0,2327239.0,https://i.scdn.co/image/ab6761610000e5ebdbe0d58f538b7d18e324af5e,LETTER_1,LOLLAPALOOZA,OLIVIA RODRIGO
1380,Lamb of God,2023-04-29,2023,MEMORIAL DA AMERICA LATINA,LAMB OF GOD,15000.0,GRANDES CASAS,AREA EXTERNA PARA EVENTOS,-23.5274091,-46.6656539,3JFsVIxOn7STeilPICkkB2,"GROOVE METAL, METAL, HEAVY METAL, NU METAL, THRASH METAL, DEATH METAL",63.0,2317152.0,https://i.scdn.co/image/ab6761610000e5ebb6d0c45dea35ce01e293af64,GENRE_2,SUMMER BREEZE BRASIL,"BLIND GUARDIAN, APOCALYPTICA"
1381,Lulu Santos,2022-04-29,2022,ESPACO DAS AMERICAS,LULU SANTOS,8000.0,MEDIAS CASAS,CASA DE SHOWS,-23.5156,-46.6820,0A1oy7PC7fdzURgaLaWkL1,"MPB, BRAZILIAN ROCK, BRAZILIAN POP",63.0,2308935.0,https://i.scdn.co/image/ab6761610000e5eb0ecd444749b59868afd385b6,GENRE_1,False,False
1382,Lulu Santos,2024-09-07,2024,MEMORIAL DA AMERICA LATINA,LULU SANTOS,15000.0,GRANDES CASAS,AREA EXTERNA PARA EVENTOS,-23.5274091,-46.6656539,0A1oy7PC7fdzURgaLaWkL1,"MPB, BRAZILIAN ROCK, BRAZILIAN POP",63.0,2308935.0,https://i.scdn.co/image/ab6761610000e5eb0ecd444749b59868afd385b6,GENRE_1,False,False
1383,Lulu Santos,2022-09-17,2022,TOKIO MARINE HALL,LULU SANTOS,4000.0,MEDIAS CASAS,CASA DE SHOWS,-23.6383,-46.7203,0A1oy7PC7fdzURgaLaWkL1,"MPB, BRAZILIAN ROCK, BRAZILIAN POP",63.0,2308935.0,https://i.scdn.co/image/ab6761610000e5eb0ecd444749b59868afd385b6,GENRE_1,False,False
1384,Lulu Santos,2023-11-10,2023,TOKIO MARINE HALL,LULU SANTOS,4000.0,MEDIAS CASAS,CASA DE SHOWS,-23.6383,-46.7203,0A1oy7PC7fdzURgaLaWkL1,"MPB, BRAZILIAN ROCK, BRAZILIAN POP",63.0,2308935.0,https://i.scdn.co/image/ab6761610000e5eb0ecd444749b59868afd385b6,GENRE_1,False,False
1385,Lulu Santos,2024-11-22,2024,TOKIO MARINE HALL,LULU SANTOS,4000.0,MEDIAS CASAS,CASA DE SHOWS,-23.6383,-46.7203,0A1oy7PC7fdzURgaLaWkL1,"MPB, BRAZILIAN ROCK, BRAZILIAN POP",63.0,2308935.0,https://i.scdn.co/image/ab6761610000e5eb0ecd444749b59868afd385b6,GENRE_1,False,False
1386,Lulu Santos,2023-06-03,2023,ESPACO UNIMED,LULU SANTOS,8000.0,MEDIAS CASAS,CASA DE SHOWS,-23.52812,-46.66805,0A1oy7PC7fdzURgaLaWkL1,"MPB, BRAZILIAN ROCK, BRAZILIAN POP",63.0,2308935.0,https://i.scdn.co/image/ab6761610000e5eb0ecd444749b59868afd385b6,GENRE_1,False,False
1387,Lulu Santos,2024-05-04,2024,ESPACO UNIMED,LULU SANTOS,8000.0,MEDIAS CASAS,CASA DE SHOWS,-23.52812,-46.66805,0A1oy7PC7fdzURgaLaWkL1,"MPB, BRAZILIAN ROCK, BRAZILIAN POP",63.0,2308935.0,https://i.scdn.co/image/ab6761610000e5eb0ecd444749b59868afd385b6,GENRE_1,False,False
1388,Kylie Minogue,2025-08-15,2025,GINASIO DO IBIRAPUERA,KYLIE MINOGUE,10000.0,MEDIAS CASAS,GINASIO COBERTO,-23.57792595,-46.65613433,4RVnAU35WRWra6OZ3CbbMA,DANCE POP,71.0,2267824.0,https://i.scdn.co/image/ab6761610000e5eb8df9ea4eb8ff1b136e559553,GENRE_2,False,False
1389,Fred again..,2023-03-26,2023,AUTODROMO DE INTERLAGOS,FRED AGAIN..,100000.0,ARENAS E ESTADIOS,AREA EXTERNA PARA EVENTOS,-23.7000,-46.6972,4oLeXFyACqeem2VImYeBFe,"STUTTER HOUSE, HOUSE",80.0,2258180.0,https://i.scdn.co/image/ab6761610000e5eb381c41adc678e4ce864eb274,LETTER_1,LOLLAPALOOZA,"DRAKE, ROSALIA"
1390,Vitor Fernandes,2021-12-02,2021,CENTRO DE TRADICOES NORDESTINAS,VITOR FERNANDES,5000.0,MEDIAS CASAS,CASA DE SHOWS,-23.4723,-46.6299,3TJGVUkSJzk5ZPixMFczZX,"PISEIRO, FORRO, ARROCHA, SERESTA, SERTANEJO, BREGA",60.0,2219505.0,https://i.scdn.co/image/ab6761610000e5eb4448c83a28baf0e5825f76fa,GENRE_1,False,False
1391,Vitor Fernandes,2021-12-03,2021,CENTRO DE TRADICOES NORDESTINAS,VITOR FERNANDES,5000.0,MEDIAS CASAS,CASA DE SHOWS,-23.4723,-46.6299,3TJGVUkSJzk5ZPixMFczZX,"PISEIRO, FORRO, ARROCHA, SERESTA, SERTANEJO, BREGA",60.0,2219505.0,https://i.scdn.co/image/ab6761610000e5eb4448c83a28baf0e5825f76fa,GENRE_1,False,False
1392,Vitor Fernandes,2023-04-30,2023,SAMBODROMO DO ANHEMBI,VITOR FERNANDES,100000.0,ARENAS E ESTADIOS,AREA EXTERNA PARA EVENTOS,-23.5079,-46.6379,3TJGVUkSJzk5ZPixMFczZX,"PISEIRO, FORRO, ARROCHA, SERESTA, SERTANEJO, BREGA",60.0,2219505.0,https://i.scdn.co/image/ab6761610000e5eb4448c83a28baf0e5825f76fa,GENRE_1,False,False
1393,Vitor Fernandes,2024-08-17,2024,DISTRITO ANHEMBI,VITOR FERNANDES,35000.0,GRANDES CASAS,AREA EXTERNA PARA EVENTOS,-23.51611,-46.64320,3TJGVUkSJzk5ZPixMFczZX,"PISEIRO, FORRO, ARROCHA, SERESTA, SERTANEJO, BREGA",60.0,2219505.0,https://i.scdn.co/image/ab6761610000e5eb4448c83a28baf0e5825f76fa,GENRE_1,False,False
1394,Ivete Sangalo,2021-12-10,2021,ESPACO DAS AMERICAS,IVETE SANGALO,8000.0,MEDIAS CASAS,CASA DE SHOWS,-23.5156,-46.6820,7dzq55YG3wjViqexDwiycQ,"AXE, PAGODE BAIANO, MPB, BRAZILIAN POP",65.0,2218645.0,https://i.scdn.co/image/ab6761610000e5ebed5aa22cb136fc5f75427fea,GENRE_2,False,False
1395,Ivete Sangalo,2021-12-10,2021,ESPACO DAS AMERICAS,IVETE SANGALO,8000.0,MEDIAS CASAS,CASA DE SHOWS,-23.5156,-46.6820,7dzq55YG3wjViqexDwiycQ,"AXE, PAGODE BAIANO, MPB, BRAZILIAN POP",65.0,2218645.0,https://i.scdn.co/image/ab6761610000e5ebed5aa22cb136fc5f75427fea,GENRE_2,False,False
1396,Ivete Sangalo,2022-04-23,2022,ESPACO DAS AMERICAS,IVETE SANGALO,8000.0,MEDIAS CASAS,CASA DE SHOWS,-23.5156,-46.6820,7dzq55YG3wjViqexDwiycQ,"AXE, PAGODE BAIANO, MPB, BRAZILIAN POP",65.0,2218645.0,https://i.scdn.co/image/ab6761610000e5ebed5aa22cb136fc5f75427fea,GENRE_2,False,False
1397,Ivete Sangalo,2022-04-23,2022,ESPACO DAS AMERICAS,IVETE SANGALO,8000.0,MEDIAS CASAS,CASA DE SHOWS,-23.5156,-46.6820,7dzq55YG3wjViqexDwiycQ,"AXE, PAGODE BAIANO, MPB, BRAZILIAN POP",65.0,2218645.0,https://i.scdn.co/image/ab6761610000e5ebed5aa22cb136fc5f75427fea,GENRE_2,False,False
1398,Ivete Sangalo,2025-09-13,2025,AUTODROMO DE INTERLAGOS,IVETE SANGALO,100000.0,ARENAS E ESTADIOS,AREA EXTERNA PARA EVENTOS,-23.7000,-46.6972,7dzq55YG3wjViqexDwiycQ,"AXE, PAGODE BAIANO, MPB, BRAZILIAN POP",65.0,2218645.0,https://i.scdn.co/image/ab6761610000e5ebed5aa22cb136fc5f75427fea,GENRE_2,THE TOWN,MARIAH CAREY
1399,Ivete Sangalo,2025-09-13,2025,AUTODROMO DE INTERLAGOS,IVETE SANGALO,100000.0,ARENAS E ESTADIOS,AREA EXTERNA PARA EVENTOS,-23.7000,-46.6972,7dzq55YG3wjViqexDwiycQ,"AXE, PAGODE BAIANO, MPB, BRAZILIAN POP",65.0,2218645.0,https://i.scdn.co/image/ab6761610000e5ebed5aa22cb136fc5f75427fea,GENRE_2,THE TOWN,MARIAH CAREY
1400,Ivete Sangalo,2022-06-16,2022,ARENA ANHEMBI,IVETE SANGALO,30000.0,GRANDES CASAS,AREA EXTERNA PARA EVENTOS,-23.51611,-46.64320,7dzq55YG3wjViqexDwiycQ,"AXE, PAGODE BAIANO, MPB, BRAZILIAN POP",65.0,2218645.0,https://i.scdn.co/image/ab6761610000e5ebed5aa22cb136fc5f75427fea,GENRE_2,False,False
1401,Ivete Sangalo,2022-06-16,2022,ARENA ANHEMBI,IVETE SANGALO,30000.0,GRANDES CASAS,AREA EXTERNA PARA EVENTOS,-23.51611,-46.64320,7dzq55YG3wjViqexDwiycQ,"AXE, PAGODE BAIANO, MPB, BRAZILIAN POP",65.0,2218645.0,https://i.scdn.co/image/ab6761610000e5ebed5aa22cb136fc5f75427fea,GENRE_2,False,False
1402,Ivete Sangalo,2022-11-19,2022,ARENA ANHEMBI,IVETE SANGALO,30000.0,GRANDES CASAS,AREA EXTERNA PARA EVENTOS,-23.51611,-46.64320,7dzq55YG3wjViqexDwiycQ,"AXE, PAGODE BAIANO, MPB, BRAZILIAN POP",65.0,2218645.0,https://i.scdn.co/image/ab6761610000e5ebed5aa22cb136fc5f75427fea,GENRE_2,False,False
1403,Ivete Sangalo,2022-11-19,2022,ARENA ANHEMBI,IVETE SANGALO,30000.0,GRANDES CASAS,AREA EXTERNA PARA EVENTOS,-23.51611,-46.64320,7dzq55YG3wjViqexDwiycQ,"AXE, PAGODE BAIANO, MPB, BRAZILIAN POP",65.0,2218645.0,https://i.scdn.co/image/ab6761610000e5ebed5aa22cb136fc5f75427fea,GENRE_2,False,False
1404,Ivete Sangalo,2023-09-30,2023,ALLIANZ PARQUE,IVETE SANGALO,45000.0,ARENAS E ESTADIOS,ESTADIO MULTIUSO,-23.5276207,-46.6784662,7dzq55YG3wjViqexDwiycQ,"AXE, PAGODE BAIANO, MPB, BRAZILIAN POP",65.0,2218645.0,https://i.scdn.co/image/ab6761610000e5ebed5aa22cb136fc5f75427fea,GENRE_2,False,False
1405,Ivete Sangalo,2023-09-30,2023,ALLIANZ PARQUE,IVETE SANGALO,45000.0,ARENAS E ESTADIOS,ESTADIO MULTIUSO,-23.5276207,-46.6784662,7dzq55YG3wjViqexDwiycQ,"AXE, PAGODE BAIANO, MPB, BRAZILIAN POP",65.0,2218645.0,https://i.scdn.co/image/ab6761610000e5ebed5aa22cb136fc5f75427fea,GENRE_2,False,False
1406,Ivete Sangalo,2025-10-25,2025,JOCKEY CLUB,IVETE SANGALO,10000.0,MEDIAS CASAS,CENTRO DE EVENTOS,-23.57058,-46.70035,7dzq55YG3wjViqexDwiycQ,"AXE, PAGODE BAIANO, MPB, BRAZILIAN POP",65.0,2218645.0,https://i.scdn.co/image/ab6761610000e5ebed5aa22cb136fc5f75427fea,GENRE_2,False,False
1407,Ivete Sangalo,2025-10-25,2025,JOCKEY CLUB,IVETE SANGALO,10000.0,MEDIAS CASAS,CENTRO DE EVENTOS,-23.57058,-46.70035,7dzq55YG3wjViqexDwiycQ,"AXE, PAGODE BAIANO, MPB, BRAZILIAN POP",65.0,2218645.0,https://i.scdn.co/image/ab6761610000e5ebed5aa22cb136fc5f75427fea,GENRE_2,False,False
1408,Ivete Sangalo,2022-11-18,2022,TOKIO MARINE HALL,IVETE SANGALO,4000.0,MEDIAS CASAS,CASA DE SHOWS,-23.6383,-46.7203,7dzq55YG3wjViqexDwiycQ,"AXE, PAGODE BAIANO, MPB, BRAZILIAN POP",65.0,2218645.0,https://i.scdn.co/image/ab6761610000e5ebed5aa22cb136fc5f75427fea,GENRE_2,False,False
1409,Ivete Sangalo,2022-11-18,2022,TOKIO MARINE HALL,IVETE SANGALO,4000.0,MEDIAS CASAS,CASA DE SHOWS,-23.6383,-46.7203,7dzq55YG3wjViqexDwiycQ,"AXE, PAGODE BAIANO, MPB, BRAZILIAN POP",65.0,2218645.0,https://i.scdn.co/image/ab6761610000e5ebed5aa22cb136fc5f75427fea,GENRE_2,False,False
1410,Ivete Sangalo,2023-02-25,2023,SAMBODROMO DO ANHEMBI,IVETE SANGALO,100000.0,ARENAS E ESTADIOS,AREA EXTERNA PARA EVENTOS,-23.5079,-46.6379,7dzq55YG3wjViqexDwiycQ,"AXE, PAGODE BAIANO, MPB, BRAZILIAN POP",65.0,2218645.0,https://i.scdn.co/image/ab6761610000e5ebed5aa22cb136fc5f75427fea,GENRE_2,False,False
1411,Ivete Sangalo,2023-02-25,2023,SAMBODROMO DO ANHEMBI,IVETE SANGALO,100000.0,ARENAS E ESTADIOS,AREA EXTERNA PARA EVENTOS,-23.5079,-46.6379,7dzq55YG3wjViqexDwiycQ,"AXE, PAGODE BAIANO, MPB, BRAZILIAN POP",65.0,2218645.0,https://i.scdn.co/image/ab6761610000e5ebed5aa22cb136fc5f75427fea,GENRE_2,False,False
1412,Ivete Sangalo,2023-06-08,2023,SAMBODROMO DO ANHEMBI,IVETE SANGALO,100000.0,ARENAS E ESTADIOS,AREA EXTERNA PARA EVENTOS,-23.5079,-46.6379,7dzq55YG3wjViqexDwiycQ,"AXE, PAGODE BAIANO, MPB, BRAZILIAN POP",65.0,2218645.0,https://i.scdn.co/image/ab6761610000e5ebed5aa22cb136fc5f75427fea,GENRE_2,False,False
1413,Ivete Sangalo,2023-06-08,2023,SAMBODROMO DO ANHEMBI,IVETE SANGALO,100000.0,ARENAS E ESTADIOS,AREA EXTERNA PARA EVENTOS,-23.5079,-46.6379,7dzq55YG3wjViqexDwiycQ,"AXE, PAGODE BAIANO, MPB, BRAZILIAN POP",65.0,2218645.0,https://i.scdn.co/image/ab6761610000e5ebed5aa22cb136fc5f75427fea,GENRE_2,False,False
1414,Ivete Sangalo,2025-08-21,2025,SUHAI MUSIC HALL,IVETE SANGALO,9000.0,MEDIAS CASAS,CASA DE SHOWS,-23.68026,-46.69805,7dzq55YG3wjViqexDwiycQ,"AXE, PAGODE BAIANO, MPB, BRAZILIAN POP",65.0,2218645.0,https://i.scdn.co/image/ab6761610000e5ebed5aa22cb136fc5f75427fea,GENRE_2,False,False
1415,Ivete Sangalo,2025-08-21,2025,SUHAI MUSIC HALL,IVETE SANGALO,9000.0,MEDIAS CASAS,CASA DE SHOWS,-23.68026,-46.69805,7dzq55YG3wjViqexDwiycQ,"AXE, PAGODE BAIANO, MPB, BRAZILIAN POP",65.0,2218645.0,https://i.scdn.co/image/ab6761610000e5ebed5aa22cb136fc5f75427fea,GENRE_2,False,False
1416,Pet Shop Boys,2023-12-04,2023,AUDIO,PET SHOP BOYS,3200.0,MEDIAS CASAS,CASA DE SHOWS,-23.52822,-46.66968,2ycnb8Er79LoH2AsR5ldjh,"SYNTHPOP, NEW WAVE",69.0,2211621.0,https://i.scdn.co/image/ab6761610000e5ebd24f448b409b6304c2880614,GENRE_1,False,False
1417,Pet Shop Boys,2023-12-02,2023,AUTODROMO DE INTERLAGOS,PET SHOP BOYS,100000.0,ARENAS E ESTADIOS,AREA EXTERNA PARA EVENTOS,-23.7000,-46.6972,2ycnb8Er79LoH2AsR5ldjh,"SYNTHPOP, NEW WAVE",69.0,2211621.0,https://i.scdn.co/image/ab6761610000e5ebd24f448b409b6304c2880614,GENRE_1,False,False
1418,Bad Gyal,2022-11-04,2022,AUDIO,BAD GYAL,3200.0,MEDIAS CASAS,CASA DE SHOWS,-23.52822,-46.66968,4F4pp8NUW08JuXwnoxglpN,NEOPERREO,73.0,2210225.0,https://i.scdn.co/image/ab6761610000e5eb1ca665916f5cbfdb2603fb57,GENRE_2,False,False
1419,Bad Gyal,2022-11-06,2022,DISTRITO ANHEMBI,BAD GYAL,35000.0,GRANDES CASAS,AREA EXTERNA PARA EVENTOS,-23.51611,-46.64320,4F4pp8NUW08JuXwnoxglpN,NEOPERREO,73.0,2210225.0,https://i.scdn.co/image/ab6761610000e5eb1ca665916f5cbfdb2603fb57,GENRE_2,PRIMAVERA SOUND,"TRAVIS SCOTT, LORDE"
1420,Belo,2025-09-14,2025,AUTODROMO DE INTERLAGOS,BELO,100000.0,ARENAS E ESTADIOS,AREA EXTERNA PARA EVENTOS,-23.7000,-46.6972,7hLjkyL9Pz9xtQNahzJZki,"PAGODE, SAMBA",70.0,2190356.0,https://i.scdn.co/image/ab6761610000e5eb83036a4880a6984579630eb7,LETTER_1,THE TOWN,KATY PERRY
1421,Belo,2025-09-14,2025,AUTODROMO DE INTERLAGOS,BELO,100000.0,ARENAS E ESTADIOS,AREA EXTERNA PARA EVENTOS,-23.7000,-46.6972,7hLjkyL9Pz9xtQNahzJZki,"PAGODE, SAMBA",70.0,2190356.0,https://i.scdn.co/image/ab6761610000e5eb83036a4880a6984579630eb7,LETTER_1,THE TOWN,KATY PERRY
1422,Belo,2023-01-25,2023,VALE DO ANHANGABAU,BELO,35000.0,GRANDES CASAS,AREA EXTERNA PARA EVENTOS,-23.54429,-46.63623,7hLjkyL9Pz9xtQNahzJZki,"PAGODE, SAMBA",70.0,2190356.0,https://i.scdn.co/image/ab6761610000e5eb83036a4880a6984579630eb7,LETTER_1,False,False
1423,Belo,2023-01-25,2023,VALE DO ANHANGABAU,BELO,35000.0,GRANDES CASAS,AREA EXTERNA PARA EVENTOS,-23.54429,-46.63623,7hLjkyL9Pz9xtQNahzJZki,"PAGODE, SAMBA",70.0,2190356.0,https://i.scdn.co/image/ab6761610000e5eb83036a4880a6984579630eb7,LETTER_1,False,False
1424,Belo,2025-04-05,2025,MERCADO LIVRE ARENA PACAEMBU,BELO,40000.0,ARENAS E ESTADIOS,ESTADIO MULTIUSO,-23.5486,-46.6651,7hLjkyL9Pz9xtQNahzJZki,"PAGODE, SAMBA",70.0,2190356.0,https://i.scdn.co/image/ab6761610000e5eb83036a4880a6984579630eb7,LETTER_1,False,False
1425,Belo,2025-04-05,2025,MERCADO LIVRE ARENA PACAEMBU,BELO,40000.0,ARENAS E ESTADIOS,ESTADIO MULTIUSO,-23.5486,-46.6651,7hLjkyL9Pz9xtQNahzJZki,"PAGODE, SAMBA",70.0,2190356.0,https://i.scdn.co/image/ab6761610000e5eb83036a4880a6984579630eb7,LETTER_1,False,False
1426,Two Feet,2022-03-26,2022,AUTODROMO DE INTERLAGOS,TWO FEET,100000.0,ARENAS E ESTADIOS,AREA EXTERNA PARA EVENTOS,-23.7000,-46.6972,5sWHDYs0csV6RS48xBl0tH,0,68.0,2183271.0,https://i.scdn.co/image/ab6761610000e5eb279e4480311a68403f80d698,LETTER_1,LOLLAPALOOZA,MILEY CYRUS
1427,Killswitch Engage,2024-04-28,2024,MEMORIAL DA AMERICA LATINA,KILLSWITCH ENGAGE,15000.0,GRANDES CASAS,AREA EXTERNA PARA EVENTOS,-23.5274091,-46.6656539,37394IP6uhnjIpsawpMu4l,"METALCORE, METAL",64.0,2172955.0,https://i.scdn.co/image/ab6761610000e5eb49670e56bfa7556b4a255286,GENRE_2,SUMMER BREEZE BRASIL,"MERCYFUL FATE, ANTHRAX"
1428,Ja Rule,2024-11-19,2024,TERRA SP,JA RULE,6000.0,MEDIAS CASAS,CASA DE SHOWS,-23.6463,-46.7763,1J2VVASYAamtQ3Bt8wGgA6,EAST COAST HIP HOP,70.0,2164187.0,https://i.scdn.co/image/ab6761610000e5ebb47b549b590b63e52c68b89b,GENRE_2,False,False
1429,Nicky Romero,2023-04-22,2023,VALE DO ANHANGABAU,NICKY ROMERO,35000.0,GRANDES CASAS,AREA EXTERNA PARA EVENTOS,-23.54429,-46.63623,5ChF3i92IPZHduM7jN3dpg,"BIG ROOM, ELECTRO HOUSE, PROGRESSIVE HOUSE, EDM",62.0,2163928.0,https://i.scdn.co/image/ab6761610000e5eb263d9905b8f0b0c2643afd7d,LETTER_2,ULTRA BRASIL,DJ SNAKE
1430,Mudvayne,2024-10-19,2024,ALLIANZ PARQUE,MUDVAYNE,45000.0,ARENAS E ESTADIOS,ESTADIO MULTIUSO,-23.5276207,-46.6784662,2Pfv2w8a20xzC7Dr7QXRqM,"NU METAL, ALTERNATIVE METAL, RAP METAL, METAL",60.0,2136355.0,https://i.scdn.co/image/ab6761610000e5eb9013e926945e76dbc9ad6c97,GENRE_2,False,False
1431,Bush,2025-03-30,2025,AUTODROMO DE INTERLAGOS,BUSH,100000.0,ARENAS E ESTADIOS,AREA EXTERNA PARA EVENTOS,-23.7000,-46.6972,78SHxLdtysAXgywQ4vE0Oa,"GRUNGE, POST-GRUNGE",64.0,2115659.0,https://i.scdn.co/image/ab6761610000e5eb613262f46eb899a84d0c5442,GENRE_1,LOLLAPALOOZA,JUSTIN TIMBERLAKE
1432,Placebo,2024-03-17,2024,ESPACO UNIMED,PLACEBO,8000.0,MEDIAS CASAS,CASA DE SHOWS,-23.52812,-46.66805,6RZUqkomCmb8zCRqc9eznB,BRITPOP,64.0,2103107.0,https://i.scdn.co/image/ab6761610000e5ebc8b42133fea50275b77f45e2,GENRE_1,False,False
1433,P.O.D.,2024-10-20,2024,ALLIANZ PARQUE,P.O.D.,45000.0,ARENAS E ESTADIOS,ESTADIO MULTIUSO,-23.5276207,-46.6784662,6KO6G41BBLTDNYOLefWTMU,"NU METAL, CHRISTIAN ROCK, RAP METAL, RAP ROCK, ALTERNATIVE METAL",62.0,2096675.0,https://i.scdn.co/image/ab6761610000e5eb15c1b5623a7ba1bb228087c2,GENRE_2,False,False
1434,RBD,2023-11-16,2023,ALLIANZ PARQUE,RBD,45000.0,ARENAS E ESTADIOS,ESTADIO MULTIUSO,-23.5276207,-46.6784662,7cjh6y0V9SsyCrWSXTzwOs,LATIN POP,67.0,2086870.0,https://i.scdn.co/image/ab6761610000e5eb4b907f634ce7a7fd94f9ff6c,GENRE_1,False,False
1435,RBD,2023-11-17,2023,ALLIANZ PARQUE,RBD,45000.0,ARENAS E ESTADIOS,ESTADIO MULTIUSO,-23.5276207,-46.6784662,7cjh6y0V9SsyCrWSXTzwOs,LATIN POP,67.0,2086870.0,https://i.scdn.co/image/ab6761610000e5eb4b907f634ce7a7fd94f9ff6c,GENRE_1,False,False
1436,RBD,2023-11-18,2023,ALLIANZ PARQUE,RBD,45000.0,ARENAS E ESTADIOS,ESTADIO MULTIUSO,-23.5276207,-46.6784662,7cjh6y0V9SsyCrWSXTzwOs,LATIN POP,67.0,2086870.0,https://i.scdn.co/image/ab6761610000e5eb4b907f634ce7a7fd94f9ff6c,GENRE_1,False,False
1437,RBD,2023-11-19,2023,ALLIANZ PARQUE,RBD,45000.0,ARENAS E ESTADIOS,ESTADIO MULTIUSO,-23.5276207,-46.6784662,7cjh6y0V9SsyCrWSXTzwOs,LATIN POP,67.0,2086870.0,https://i.scdn.co/image/ab6761610000e5eb4b907f634ce7a7fd94f9ff6c,GENRE_1,False,False
1438,RBD,2023-11-12,2023,ESTADIO DO MORUMBI,RBD,67000.0,ARENAS E ESTADIOS,ESTADIO MULTIUSO,-23.600089,-46.720090,7cjh6y0V9SsyCrWSXTzwOs,LATIN POP,67.0,2086870.0,https://i.scdn.co/image/ab6761610000e5eb4b907f634ce7a7fd94f9ff6c,GENRE_1,False,False
1439,RBD,2023-11-13,2023,ESTADIO DO MORUMBI,RBD,67000.0,ARENAS E ESTADIOS,ESTADIO MULTIUSO,-23.600089,-46.720090,7cjh6y0V9SsyCrWSXTzwOs,LATIN POP,67.0,2086870.0,https://i.scdn.co/image/ab6761610000e5eb4b907f634ce7a7fd94f9ff6c,GENRE_1,False,False
1440,Zeca Pagodinho,2021-11-12,2021,ESPACO DAS AMERICAS,ZECA PAGODINHO,8000.0,MEDIAS CASAS,CASA DE SHOWS,-23.5156,-46.6820,3qZ2n5keOAat1SoF6bHwmb,"SAMBA, PAGODE",66.0,2084742.0,https://i.scdn.co/image/ab6761610000e5ebba8ad8a2315ed9148c7b1cc7,LETTER_2,False,False
1441,Zeca Pagodinho,2021-11-12,2021,ESPACO DAS AMERICAS,ZECA PAGODINHO,8000.0,MEDIAS CASAS,CASA DE SHOWS,-23.5156,-46.6820,3qZ2n5keOAat1SoF6bHwmb,"SAMBA, PAGODE",66.0,2084742.0,https://i.scdn.co/image/ab6761610000e5ebba8ad8a2315ed9148c7b1cc7,LETTER_2,False,False
1442,Zeca Pagodinho,2021-11-12,2021,ESPACO DAS AMERICAS,ZECA PAGODINHO,8000.0,MEDIAS CASAS,CASA DE SHOWS,-23.5156,-46.6820,3qZ2n5keOAat1SoF6bHwmb,"SAMBA, PAGODE",66.0,2084742.0,https://i.scdn.co/image/ab6761610000e5ebba8ad8a2315ed9148c7b1cc7,LETTER_2,False,False
1443,Zeca Pagodinho,2024-06-21,2024,ESPACO UNIMED,ZECA PAGODINHO,8000.0,MEDIAS CASAS,CASA DE SHOWS,-23.52812,-46.66805,3qZ2n5keOAat1SoF6bHwmb,"SAMBA, PAGODE",66.0,2084742.0,https://i.scdn.co/image/ab6761610000e5ebba8ad8a2315ed9148c7b1cc7,LETTER_2,False,False
1444,Zeca Pagodinho,2024-06-21,2024,ESPACO UNIMED,ZECA PAGODINHO,8000.0,MEDIAS CASAS,CASA DE SHOWS,-23.52812,-46.66805,3qZ2n5keOAat1SoF6bHwmb,"SAMBA, PAGODE",66.0,2084742.0,https://i.scdn.co/image/ab6761610000e5ebba8ad8a2315ed9148c7b1cc7,LETTER_2,False,False
1445,Zeca Pagodinho,2024-06-21,2024,ESPACO UNIMED,ZECA PAGODINHO,8000.0,MEDIAS CASAS,CASA DE SHOWS,-23.52812,-46.66805,3qZ2n5keOAat1SoF6bHwmb,"SAMBA, PAGODE",66.0,2084742.0,https://i.scdn.co/image/ab6761610000e5ebba8ad8a2315ed9148c7b1cc7,LETTER_2,False,False
1446,Zeca Pagodinho,2024-06-22,2024,ESPACO UNIMED,ZECA PAGODINHO,8000.0,MEDIAS CASAS,CASA DE SHOWS,-23.52812,-46.66805,3qZ2n5keOAat1SoF6bHwmb,"SAMBA, PAGODE",66.0,2084742.0,https://i.scdn.co/image/ab6761610000e5ebba8ad8a2315ed9148c7b1cc7,LETTER_2,False,False
1447,Zeca Pagodinho,2024-06-22,2024,ESPACO UNIMED,ZECA PAGODINHO,8000.0,MEDIAS CASAS,CASA DE SHOWS,-23.52812,-46.66805,3qZ2n5keOAat1SoF6bHwmb,"SAMBA, PAGODE",66.0,2084742.0,https://i.scdn.co/image/ab6761610000e5ebba8ad8a2315ed9148c7b1cc7,LETTER_2,False,False
1448,Zeca Pagodinho,2024-06-22,2024,ESPACO UNIMED,ZECA PAGODINHO,8000.0,MEDIAS CASAS,CASA DE SHOWS,-23.52812,-46.66805,3qZ2n5keOAat1SoF6bHwmb,"SAMBA, PAGODE",66.0,2084742.0,https://i.scdn.co/image/ab6761610000e5ebba8ad8a2315ed9148c7b1cc7,LETTER_2,False,False
1449,Zeca Pagodinho,2023-12-15,2023,VIBRA SAO PAULO,ZECA PAGODINHO,7000.0,MEDIAS CASAS,TEATRO E CASA DE ESPETACULOS,-23.6475,-46.7239,3qZ2n5keOAat1SoF6bHwmb,"SAMBA, PAGODE",66.0,2084742.0,https://i.scdn.co/image/ab6761610000e5ebba8ad8a2315ed9148c7b1cc7,LETTER_2,False,False
1450,Zeca Pagodinho,2023-12-15,2023,VIBRA SAO PAULO,ZECA PAGODINHO,7000.0,MEDIAS CASAS,TEATRO E CASA DE ESPETACULOS,-23.6475,-46.7239,3qZ2n5keOAat1SoF6bHwmb,"SAMBA, PAGODE",66.0,2084742.0,https://i.scdn.co/image/ab6761610000e5ebba8ad8a2315ed9148c7b1cc7,LETTER_2,False,False
1451,Zeca Pagodinho,2023-12-15,2023,VIBRA SAO PAULO,ZECA PAGODINHO,7000.0,MEDIAS CASAS,TEATRO E CASA DE ESPETACULOS,-23.6475,-46.7239,3qZ2n5keOAat1SoF6bHwmb,"SAMBA, PAGODE",66.0,2084742.0,https://i.scdn.co/image/ab6761610000e5ebba8ad8a2315ed9148c7b1cc7,LETTER_2,False,False
1452,Zeca Pagodinho,2024-12-14,2024,VIBRA SAO PAULO,ZECA PAGODINHO,7000.0,MEDIAS CASAS,TEATRO E CASA DE ESPETACULOS,-23.6475,-46.7239,3qZ2n5keOAat1SoF6bHwmb,"SAMBA, PAGODE",66.0,2084742.0,https://i.scdn.co/image/ab6761610000e5ebba8ad8a2315ed9148c7b1cc7,LETTER_2,False,False
1453,Zeca Pagodinho,2024-12-14,2024,VIBRA SAO PAULO,ZECA PAGODINHO,7000.0,MEDIAS CASAS,TEATRO E CASA DE ESPETACULOS,-23.6475,-46.7239,3qZ2n5keOAat1SoF6bHwmb,"SAMBA, PAGODE",66.0,2084742.0,https://i.scdn.co/image/ab6761610000e5ebba8ad8a2315ed9148c7b1cc7,LETTER_2,False,False
1454,Zeca Pagodinho,2024-12-14,2024,VIBRA SAO PAULO,ZECA PAGODINHO,7000.0,MEDIAS CASAS,TEATRO E CASA DE ESPETACULOS,-23.6475,-46.7239,3qZ2n5keOAat1SoF6bHwmb,"SAMBA, PAGODE",66.0,2084742.0,https://i.scdn.co/image/ab6761610000e5ebba8ad8a2315ed9148c7b1cc7,LETTER_2,False,False
1455,Milky Chance,2024-05-19,2024,AUDIO,MILKY CHANCE,3200.0,MEDIAS CASAS,CASA DE SHOWS,-23.52822,-46.66968,1hzfo8twXdOegF3xireCYs,0,71.0,2078344.0,https://i.scdn.co/image/ab6761610000e5eb23eb1af2ef13c5db234ff824,GENRE_1,False,False
1456,Kaleo,2025-04-22,2025,AUDIO,KALEO,3200.0,MEDIAS CASAS,CASA DE SHOWS,-23.52822,-46.66968,7jdFEYD2LTYjfwxOdlVjmc,0,71.0,2053747.0,https://i.scdn.co/image/ab6761610000e5ebd12dda5c73df781c0bbfe311,GENRE_1,False,False
1457,Bad Omens,2024-10-20,2024,ALLIANZ PARQUE,BAD OMENS,45000.0,ARENAS E ESTADIOS,ESTADIO MULTIUSO,-23.5276207,-46.6784662,3Ri4H12KFyu98LMjSoij5V,METALCORE,76.0,2033264.0,https://i.scdn.co/image/ab6761610000e5eb3dc0577ed61ec73b498a56ee,GENRE_2,False,False
1458,Empire of the Sun,2025-03-28,2025,AUTODROMO DE INTERLAGOS,EMPIRE OF THE SUN,100000.0,ARENAS E ESTADIOS,AREA EXTERNA PARA EVENTOS,-23.7000,-46.6972,67hb7towEyKvt5Z8Bx306c,0,78.0,2032663.0,https://i.scdn.co/image/ab6761610000e5ebc806f3e714afa21861e20248,LETTER_1,LOLLAPALOOZA,OLIVIA RODRIGO
1459,Motionless in White,2024-11-30,2024,ALLIANZ PARQUE,MOTIONLESS IN WHITE,45000.0,ARENAS E ESTADIOS,ESTADIO MULTIUSO,-23.5276207,-46.6784662,6MwPCCR936cYfM1dLsGVnl,"METALCORE, METAL",70.0,2018501.0,https://i.scdn.co/image/ab6761610000e5eb58f2b24b02877506d74b612b,GENRE_2,False,False
1460,Daniel,2025-08-23,2025,ALLIANZ PARQUE,DANIEL,45000.0,ARENAS E ESTADIOS,ESTADIO MULTIUSO,-23.5276207,-46.6784662,2wwWukJBsCikjlj7vlbQkM,"SERTANEJO TRADICIONAL, SERTANEJO",63.0,2018322.0,https://i.scdn.co/image/ab6761610000e5eb0e18aa81ac38d5a9274501c5,LETTER_1,False,False
1461,Daniel,2025-08-23,2025,ALLIANZ PARQUE,DANIEL,45000.0,ARENAS E ESTADIOS,ESTADIO MULTIUSO,-23.5276207,-46.6784662,2wwWukJBsCikjlj7vlbQkM,"SERTANEJO TRADICIONAL, SERTANEJO",63.0,2018322.0,https://i.scdn.co/image/ab6761610000e5eb0e18aa81ac38d5a9274501c5,LETTER_1,False,False
1462,Daniel,2025-08-23,2025,ALLIANZ PARQUE,DANIEL,45000.0,ARENAS E ESTADIOS,ESTADIO MULTIUSO,-23.5276207,-46.6784662,2wwWukJBsCikjlj7vlbQkM,"SERTANEJO TRADICIONAL, SERTANEJO",63.0,2018322.0,https://i.scdn.co/image/ab6761610000e5eb0e18aa81ac38d5a9274501c5,LETTER_1,False,False
1463,Daniel,2025-08-23,2025,ALLIANZ PARQUE,DANIEL,45000.0,ARENAS E ESTADIOS,ESTADIO MULTIUSO,-23.5276207,-46.6784662,2wwWukJBsCikjlj7vlbQkM,"SERTANEJO TRADICIONAL, SERTANEJO",63.0,2018322.0,https://i.scdn.co/image/ab6761610000e5eb0e18aa81ac38d5a9274501c5,LETTER_1,False,False
1464,Daniel,2025-08-23,2025,ALLIANZ PARQUE,DANIEL,45000.0,ARENAS E ESTADIOS,ESTADIO MULTIUSO,-23.5276207,-46.6784662,2wwWukJBsCikjlj7vlbQkM,"SERTANEJO TRADICIONAL, SERTANEJO",63.0,2018322.0,https://i.scdn.co/image/ab6761610000e5eb0e18aa81ac38d5a9274501c5,LETTER_1,False,False
1465,Daniel,2025-08-23,2025,ALLIANZ PARQUE,DANIEL,45000.0,ARENAS E ESTADIOS,ESTADIO MULTIUSO,-23.5276207,-46.6784662,2wwWukJBsCikjlj7vlbQkM,"SERTANEJO TRADICIONAL, SERTANEJO",63.0,2018322.0,https://i.scdn.co/image/ab6761610000e5eb0e18aa81ac38d5a9274501c5,LETTER_1,False,False
1466,Daniel,2025-08-23,2025,ALLIANZ PARQUE,DANIEL,45000.0,ARENAS E ESTADIOS,ESTADIO MULTIUSO,-23.5276207,-46.6784662,2wwWukJBsCikjlj7vlbQkM,"SERTANEJO TRADICIONAL, SERTANEJO",63.0,2018322.0,https://i.scdn.co/image/ab6761610000e5eb0e18aa81ac38d5a9274501c5,LETTER_1,False,False
1467,Daniel,2025-08-23,2025,ALLIANZ PARQUE,DANIEL,45000.0,ARENAS E ESTADIOS,ESTADIO MULTIUSO,-23.5276207,-46.6784662,2wwWukJBsCikjlj7vlbQkM,"SERTANEJO TRADICIONAL, SERTANEJO",63.0,2018322.0,https://i.scdn.co/image/ab6761610000e5eb0e18aa81ac38d5a9274501c5,LETTER_1,False,False
1468,Daniel,2025-08-23,2025,ALLIANZ PARQUE,DANIEL,45000.0,ARENAS E ESTADIOS,ESTADIO MULTIUSO,-23.5276207,-46.6784662,2wwWukJBsCikjlj7vlbQkM,"SERTANEJO TRADICIONAL, SERTANEJO",63.0,2018322.0,https://i.scdn.co/image/ab6761610000e5eb0e18aa81ac38d5a9274501c5,LETTER_1,False,False
1469,Daniel,2025-08-23,2025,ALLIANZ PARQUE,DANIEL,45000.0,ARENAS E ESTADIOS,ESTADIO MULTIUSO,-23.5276207,-46.6784662,2wwWukJBsCikjlj7vlbQkM,"SERTANEJO TRADICIONAL, SERTANEJO",63.0,2018322.0,https://i.scdn.co/image/ab6761610000e5eb0e18aa81ac38d5a9274501c5,LETTER_1,False,False
1470,Daniel,2025-08-23,2025,ALLIANZ PARQUE,DANIEL,45000.0,ARENAS E ESTADIOS,ESTADIO MULTIUSO,-23.5276207,-46.6784662,2wwWukJBsCikjlj7vlbQkM,"SERTANEJO TRADICIONAL, SERTANEJO",63.0,2018322.0,https://i.scdn.co/image/ab6761610000e5eb0e18aa81ac38d5a9274501c5,LETTER_1,False,False
1471,Daniel,2022-12-21,2022,VIBRA SAO PAULO,DANIEL,7000.0,MEDIAS CASAS,TEATRO E CASA DE ESPETACULOS,-23.6475,-46.7239,2wwWukJBsCikjlj7vlbQkM,"SERTANEJO TRADICIONAL, SERTANEJO",63.0,2018322.0,https://i.scdn.co/image/ab6761610000e5eb0e18aa81ac38d5a9274501c5,LETTER_1,False,False
1472,Daniel,2022-12-21,2022,VIBRA SAO PAULO,DANIEL,7000.0,MEDIAS CASAS,TEATRO E CASA DE ESPETACULOS,-23.6475,-46.7239,2wwWukJBsCikjlj7vlbQkM,"SERTANEJO TRADICIONAL, SERTANEJO",63.0,2018322.0,https://i.scdn.co/image/ab6761610000e5eb0e18aa81ac38d5a9274501c5,LETTER_1,False,False
1473,Daniel,2022-12-21,2022,VIBRA SAO PAULO,DANIEL,7000.0,MEDIAS CASAS,TEATRO E CASA DE ESPETACULOS,-23.6475,-46.7239,2wwWukJBsCikjlj7vlbQkM,"SERTANEJO TRADICIONAL, SERTANEJO",63.0,2018322.0,https://i.scdn.co/image/ab6761610000e5eb0e18aa81ac38d5a9274501c5,LETTER_1,False,False
1474,Daniel,2022-12-21,2022,VIBRA SAO PAULO,DANIEL,7000.0,MEDIAS CASAS,TEATRO E CASA DE ESPETACULOS,-23.6475,-46.7239,2wwWukJBsCikjlj7vlbQkM,"SERTANEJO TRADICIONAL, SERTANEJO",63.0,2018322.0,https://i.scdn.co/image/ab6761610000e5eb0e18aa81ac38d5a9274501c5,LETTER_1,False,False
1475,Daniel,2022-12-21,2022,VIBRA SAO PAULO,DANIEL,7000.0,MEDIAS CASAS,TEATRO E CASA DE ESPETACULOS,-23.6475,-46.7239,2wwWukJBsCikjlj7vlbQkM,"SERTANEJO TRADICIONAL, SERTANEJO",63.0,2018322.0,https://i.scdn.co/image/ab6761610000e5eb0e18aa81ac38d5a9274501c5,LETTER_1,False,False
1476,Daniel,2022-12-21,2022,VIBRA SAO PAULO,DANIEL,7000.0,MEDIAS CASAS,TEATRO E CASA DE ESPETACULOS,-23.6475,-46.7239,2wwWukJBsCikjlj7vlbQkM,"SERTANEJO TRADICIONAL, SERTANEJO",63.0,2018322.0,https://i.scdn.co/image/ab6761610000e5eb0e18aa81ac38d5a9274501c5,LETTER_1,False,False
1477,Daniel,2022-12-21,2022,VIBRA SAO PAULO,DANIEL,7000.0,MEDIAS CASAS,TEATRO E CASA DE ESPETACULOS,-23.6475,-46.7239,2wwWukJBsCikjlj7vlbQkM,"SERTANEJO TRADICIONAL, SERTANEJO",63.0,2018322.0,https://i.scdn.co/image/ab6761610000e5eb0e18aa81ac38d5a9274501c5,LETTER_1,False,False
1478,Daniel,2022-12-21,2022,VIBRA SAO PAULO,DANIEL,7000.0,MEDIAS CASAS,TEATRO E CASA DE ESPETACULOS,-23.6475,-46.7239,2wwWukJBsCikjlj7vlbQkM,"SERTANEJO TRADICIONAL, SERTANEJO",63.0,2018322.0,https://i.scdn.co/image/ab6761610000e5eb0e18aa81ac38d5a9274501c5,LETTER_1,False,False
1479,Daniel,2022-12-21,2022,VIBRA SAO PAULO,DANIEL,7000.0,MEDIAS CASAS,TEATRO E CASA DE ESPETACULOS,-23.6475,-46.7239,2wwWukJBsCikjlj7vlbQkM,"SERTANEJO TRADICIONAL, SERTANEJO",63.0,2018322.0,https://i.scdn.co/image/ab6761610000e5eb0e18aa81ac38d5a9274501c5,LETTER_1,False,False
1480,Daniel,2022-12-21,2022,VIBRA SAO PAULO,DANIEL,7000.0,MEDIAS CASAS,TEATRO E CASA DE ESPETACULOS,-23.6475,-46.7239,2wwWukJBsCikjlj7vlbQkM,"SERTANEJO TRADICIONAL, SERTANEJO",63.0,2018322.0,https://i.scdn.co/image/ab6761610000e5eb0e18aa81ac38d5a9274501c5,LETTER_1,False,False
1481,Daniel,2022-12-21,2022,VIBRA SAO PAULO,DANIEL,7000.0,MEDIAS CASAS,TEATRO E CASA DE ESPETACULOS,-23.6475,-46.7239,2wwWukJBsCikjlj7vlbQkM,"SERTANEJO TRADICIONAL, SERTANEJO",63.0,2018322.0,https://i.scdn.co/image/ab6761610000e5eb0e18aa81ac38d5a9274501c5,LETTER_1,False,False
1482,Daniel,2023-05-14,2023,VIBRA SAO PAULO,DANIEL,7000.0,MEDIAS CASAS,TEATRO E CASA DE ESPETACULOS,-23.6475,-46.7239,2wwWukJBsCikjlj7vlbQkM,"SERTANEJO TRADICIONAL, SERTANEJO",63.0,2018322.0,https://i.scdn.co/image/ab6761610000e5eb0e18aa81ac38d5a9274501c5,LETTER_1,False,False
1483,Daniel,2023-05-14,2023,VIBRA SAO PAULO,DANIEL,7000.0,MEDIAS CASAS,TEATRO E CASA DE ESPETACULOS,-23.6475,-46.7239,2wwWukJBsCikjlj7vlbQkM,"SERTANEJO TRADICIONAL, SERTANEJO",63.0,2018322.0,https://i.scdn.co/image/ab6761610000e5eb0e18aa81ac38d5a9274501c5,LETTER_1,False,False
1484,Daniel,2023-05-14,2023,VIBRA SAO PAULO,DANIEL,7000.0,MEDIAS CASAS,TEATRO E CASA DE ESPETACULOS,-23.6475,-46.7239,2wwWukJBsCikjlj7vlbQkM,"SERTANEJO TRADICIONAL, SERTANEJO",63.0,2018322.0,https://i.scdn.co/image/ab6761610000e5eb0e18aa81ac38d5a9274501c5,LETTER_1,False,False
1485,Daniel,2023-05-14,2023,VIBRA SAO PAULO,DANIEL,7000.0,MEDIAS CASAS,TEATRO E CASA DE ESPETACULOS,-23.6475,-46.7239,2wwWukJBsCikjlj7vlbQkM,"SERTANEJO TRADICIONAL, SERTANEJO",63.0,2018322.0,https://i.scdn.co/image/ab6761610000e5eb0e18aa81ac38d5a9274501c5,LETTER_1,False,False
1486,Daniel,2023-05-14,2023,VIBRA SAO PAULO,DANIEL,7000.0,MEDIAS CASAS,TEATRO E CASA DE ESPETACULOS,-23.6475,-46.7239,2wwWukJBsCikjlj7vlbQkM,"SERTANEJO TRADICIONAL, SERTANEJO",63.0,2018322.0,https://i.scdn.co/image/ab6761610000e5eb0e18aa81ac38d5a9274501c5,LETTER_1,False,False
1487,Daniel,2023-05-14,2023,VIBRA SAO PAULO,DANIEL,7000.0,MEDIAS CASAS,TEATRO E CASA DE ESPETACULOS,-23.6475,-46.7239,2wwWukJBsCikjlj7vlbQkM,"SERTANEJO TRADICIONAL, SERTANEJO",63.0,2018322.0,https://i.scdn.co/image/ab6761610000e5eb0e18aa81ac38d5a9274501c5,LETTER_1,False,False
1488,Daniel,2023-05-14,2023,VIBRA SAO PAULO,DANIEL,7000.0,MEDIAS CASAS,TEATRO E CASA DE ESPETACULOS,-23.6475,-46.7239,2wwWukJBsCikjlj7vlbQkM,"SERTANEJO TRADICIONAL, SERTANEJO",63.0,2018322.0,https://i.scdn.co/image/ab6761610000e5eb0e18aa81ac38d5a9274501c5,LETTER_1,False,False
1489,Daniel,2023-05-14,2023,VIBRA SAO PAULO,DANIEL,7000.0,MEDIAS CASAS,TEATRO E CASA DE ESPETACULOS,-23.6475,-46.7239,2wwWukJBsCikjlj7vlbQkM,"SERTANEJO TRADICIONAL, SERTANEJO",63.0,2018322.0,https://i.scdn.co/image/ab6761610000e5eb0e18aa81ac38d5a9274501c5,LETTER_1,False,False
1490,Daniel,2023-05-14,2023,VIBRA SAO PAULO,DANIEL,7000.0,MEDIAS CASAS,TEATRO E CASA DE ESPETACULOS,-23.6475,-46.7239,2wwWukJBsCikjlj7vlbQkM,"SERTANEJO TRADICIONAL, SERTANEJO",63.0,2018322.0,https://i.scdn.co/image/ab6761610000e5eb0e18aa81ac38d5a9274501c5,LETTER_1,False,False
1491,Daniel,2023-05-14,2023,VIBRA SAO PAULO,DANIEL,7000.0,MEDIAS CASAS,TEATRO E CASA DE ESPETACULOS,-23.6475,-46.7239,2wwWukJBsCikjlj7vlbQkM,"SERTANEJO TRADICIONAL, SERTANEJO",63.0,2018322.0,https://i.scdn.co/image/ab6761610000e5eb0e18aa81ac38d5a9274501c5,LETTER_1,False,False
1492,Daniel,2023-05-14,2023,VIBRA SAO PAULO,DANIEL,7000.0,MEDIAS CASAS,TEATRO E CASA DE ESPETACULOS,-23.6475,-46.7239,2wwWukJBsCikjlj7vlbQkM,"SERTANEJO TRADICIONAL, SERTANEJO",63.0,2018322.0,https://i.scdn.co/image/ab6761610000e5eb0e18aa81ac38d5a9274501c5,LETTER_1,False,False
1493,Daniel,2023-05-19,2023,VIBRA SAO PAULO,DANIEL,7000.0,MEDIAS CASAS,TEATRO E CASA DE ESPETACULOS,-23.6475,-46.7239,2wwWukJBsCikjlj7vlbQkM,"SERTANEJO TRADICIONAL, SERTANEJO",63.0,2018322.0,https://i.scdn.co/image/ab6761610000e5eb0e18aa81ac38d5a9274501c5,LETTER_1,False,False
1494,Daniel,2023-05-19,2023,VIBRA SAO PAULO,DANIEL,7000.0,MEDIAS CASAS,TEATRO E CASA DE ESPETACULOS,-23.6475,-46.7239,2wwWukJBsCikjlj7vlbQkM,"SERTANEJO TRADICIONAL, SERTANEJO",63.0,2018322.0,https://i.scdn.co/image/ab6761610000e5eb0e18aa81ac38d5a9274501c5,LETTER_1,False,False
1495,Daniel,2023-05-19,2023,VIBRA SAO PAULO,DANIEL,7000.0,MEDIAS CASAS,TEATRO E CASA DE ESPETACULOS,-23.6475,-46.7239,2wwWukJBsCikjlj7vlbQkM,"SERTANEJO TRADICIONAL, SERTANEJO",63.0,2018322.0,https://i.scdn.co/image/ab6761610000e5eb0e18aa81ac38d5a9274501c5,LETTER_1,False,False
1496,Daniel,2023-05-19,2023,VIBRA SAO PAULO,DANIEL,7000.0,MEDIAS CASAS,TEATRO E CASA DE ESPETACULOS,-23.6475,-46.7239,2wwWukJBsCikjlj7vlbQkM,"SERTANEJO TRADICIONAL, SERTANEJO",63.0,2018322.0,https://i.scdn.co/image/ab6761610000e5eb0e18aa81ac38d5a9274501c5,LETTER_1,False,False
1497,Daniel,2023-05-19,2023,VIBRA SAO PAULO,DANIEL,7000.0,MEDIAS CASAS,TEATRO E CASA DE ESPETACULOS,-23.6475,-46.7239,2wwWukJBsCikjlj7vlbQkM,"SERTANEJO TRADICIONAL, SERTANEJO",63.0,2018322.0,https://i.scdn.co/image/ab6761610000e5eb0e18aa81ac38d5a9274501c5,LETTER_1,False,False
1498,Daniel,2023-05-19,2023,VIBRA SAO PAULO,DANIEL,7000.0,MEDIAS CASAS,TEATRO E CASA DE ESPETACULOS,-23.6475,-46.7239,2wwWukJBsCikjlj7vlbQkM,"SERTANEJO TRADICIONAL, SERTANEJO",63.0,2018322.0,https://i.scdn.co/image/ab6761610000e5eb0e18aa81ac38d5a9274501c5,LETTER_1,False,False
1499,Daniel,2023-05-19,2023,VIBRA SAO PAULO,DANIEL,7000.0,MEDIAS CASAS,TEATRO E CASA DE ESPETACULOS,-23.6475,-46.7239,2wwWukJBsCikjlj7vlbQkM,"SERTANEJO TRADICIONAL, SERTANEJO",63.0,2018322.0,https://i.scdn.co/image/ab6761610000e5eb0e18aa81ac38d5a9274501c5,LETTER_1,False,False
1500,Daniel,2023-05-19,2023,VIBRA SAO PAULO,DANIEL,7000.0,MEDIAS CASAS,TEATRO E CASA DE ESPETACULOS,-23.6475,-46.7239,2wwWukJBsCikjlj7vlbQkM,"SERTANEJO TRADICIONAL, SERTANEJO",63.0,2018322.0,https://i.scdn.co/image/ab6761610000e5eb0e18aa81ac38d5a9274501c5,LETTER_1,False,False
1501,Daniel,2023-05-19,2023,VIBRA SAO PAULO,DANIEL,7000.0,MEDIAS CASAS,TEATRO E CASA DE ESPETACULOS,-23.6475,-46.7239,2wwWukJBsCikjlj7vlbQkM,"SERTANEJO TRADICIONAL, SERTANEJO",63.0,2018322.0,https://i.scdn.co/image/ab6761610000e5eb0e18aa81ac38d5a9274501c5,LETTER_1,False,False
1502,Daniel,2023-05-19,2023,VIBRA SAO PAULO,DANIEL,7000.0,MEDIAS CASAS,TEATRO E CASA DE ESPETACULOS,-23.6475,-46.7239,2wwWukJBsCikjlj7vlbQkM,"SERTANEJO TRADICIONAL, SERTANEJO",63.0,2018322.0,https://i.scdn.co/image/ab6761610000e5eb0e18aa81ac38d5a9274501c5,LETTER_1,False,False
1503,Daniel,2023-05-19,2023,VIBRA SAO PAULO,DANIEL,7000.0,MEDIAS CASAS,TEATRO E CASA DE ESPETACULOS,-23.6475,-46.7239,2wwWukJBsCikjlj7vlbQkM,"SERTANEJO TRADICIONAL, SERTANEJO",63.0,2018322.0,https://i.scdn.co/image/ab6761610000e5eb0e18aa81ac38d5a9274501c5,LETTER_1,False,False
1504,Vintage Culture,2024-12-21,2024,NEO QUIMICA ARENA,VINTAGE CULTURE,49000.0,ARENAS E ESTADIOS,ESTADIO MULTIUSO,-23.54534,-46.47476,28uJnu5EsrGml2tBd7y8ts,"BRAZILIAN BASS, ELECTRONIC, ELECTRO",71.0,2000812.0,https://i.scdn.co/image/ab6761610000e5ebb2858408e6d69098e07329fd,LETTER_1,False,False
1505,Europe,2025-04-19,2025,ALLIANZ PARQUE,EUROPE,45000.0,ARENAS E ESTADIOS,ESTADIO MULTIUSO,-23.5276207,-46.6784662,7Js6Lde8thlIHXggv2SCBz,GLAM METAL,64.0,1994340.0,https://i.scdn.co/image/ab6761610000e5ebe99fd2e4f7019aa6cb8a26e9,GENRE_1,MONSTERS OF ROCK,"SCORPIONS, JUDAS PRIEST"
1506,Borges,2025-09-06,2025,AUTODROMO DE INTERLAGOS,BORGES,100000.0,ARENAS E ESTADIOS,AREA EXTERNA PARA EVENTOS,-23.7000,-46.6972,6jBww4kwlSrjaNYP7AQPtX,"BRAZILIAN TRAP, TRAP FUNK, TRAP, BRAZILIAN HIP HOP",67.0,1981305.0,https://i.scdn.co/image/ab6761610000e5ebed075c6275021ad48aba48a2,LETTER_1,THE TOWN,TRAVIS SCOTT
1507,Borges,2022-06-19,2022,SAMBODROMO DO ANHEMBI,BORGES,100000.0,ARENAS E ESTADIOS,AREA EXTERNA PARA EVENTOS,-23.5079,-46.6379,6jBww4kwlSrjaNYP7AQPtX,"BRAZILIAN TRAP, TRAP FUNK, TRAP, BRAZILIAN HIP HOP",67.0,1981305.0,https://i.scdn.co/image/ab6761610000e5ebed075c6275021ad48aba48a2,LETTER_1,False,False
1508,Victor & Leo,2025-08-23,2025,ALLIANZ PARQUE,VICTOR & LEO,45000.0,ARENAS E ESTADIOS,ESTADIO MULTIUSO,-23.5276207,-46.6784662,2HtEBtekn0bXogyogD3PTr,"SERTANEJO, SERTANEJO TRADICIONAL, SERTANEJO UNIVERSITARIO",65.0,1956773.0,https://i.scdn.co/image/ab6761610000e5eba0b0d3e191d0103c47526328,LETTER_1,False,False
1509,Victor & Leo,2024-03-23,2024,MORUMBIS,VICTOR & LEO,67000.0,ARENAS E ESTADIOS,ESTADIO MULTIUSO,-23.60077,-46.72010,2HtEBtekn0bXogyogD3PTr,"SERTANEJO, SERTANEJO TRADICIONAL, SERTANEJO UNIVERSITARIO",65.0,1956773.0,https://i.scdn.co/image/ab6761610000e5eba0b0d3e191d0103c47526328,LETTER_1,False,False
1510,Alceu Valença,2023-07-28,2023,CENTRO DE TRADICOES NORDESTINAS,ALCEU VALENCA,5000.0,MEDIAS CASAS,CASA DE SHOWS,-23.4723,-46.6299,559vxOLTzlAv0zB77JMcdG,"MPB, FORRO TRADICIONAL, FORRO",64.0,1946704.0,https://i.scdn.co/image/ab6761610000e5ebddf1217b512aecab728c41ab,LETTER_1,False,False
1511,Alceu Valença,2022-09-17,2022,MEMORIAL DA AMERICA LATINA,ALCEU VALENCA,15000.0,GRANDES CASAS,AREA EXTERNA PARA EVENTOS,-23.5274091,-46.6656539,559vxOLTzlAv0zB77JMcdG,"MPB, FORRO TRADICIONAL, FORRO",64.0,1946704.0,https://i.scdn.co/image/ab6761610000e5ebddf1217b512aecab728c41ab,LETTER_1,COALA FESTIVAL,GAL COSTA
1512,Alceu Valença,2023-11-04,2023,TOKIO MARINE HALL,ALCEU VALENCA,4000.0,MEDIAS CASAS,CASA DE SHOWS,-23.6383,-46.7203,559vxOLTzlAv0zB77JMcdG,"MPB, FORRO TRADICIONAL, FORRO",64.0,1946704.0,https://i.scdn.co/image/ab6761610000e5ebddf1217b512aecab728c41ab,LETTER_1,False,False
1513,Alceu Valença,2023-08-06,2023,GINASIO DO IBIRAPUERA,ALCEU VALENCA,10000.0,MEDIAS CASAS,GINASIO COBERTO,-23.57792595,-46.65613433,559vxOLTzlAv0zB77JMcdG,"MPB, FORRO TRADICIONAL, FORRO",64.0,1946704.0,https://i.scdn.co/image/ab6761610000e5ebddf1217b512aecab728c41ab,LETTER_1,False,False
1514,Alceu Valença,2023-05-28,2023,VALE DO ANHANGABAU,ALCEU VALENCA,35000.0,GRANDES CASAS,AREA EXTERNA PARA EVENTOS,-23.54429,-46.63623,559vxOLTzlAv0zB77JMcdG,"MPB, FORRO TRADICIONAL, FORRO",64.0,1946704.0,https://i.scdn.co/image/ab6761610000e5ebddf1217b512aecab728c41ab,LETTER_1,False,False
1515,Alceu Valença,2022-11-12,2022,ESPACO UNIMED,ALCEU VALENCA,8000.0,MEDIAS CASAS,CASA DE SHOWS,-23.52812,-46.66805,559vxOLTzlAv0zB77JMcdG,"MPB, FORRO TRADICIONAL, FORRO",64.0,1946704.0,https://i.scdn.co/image/ab6761610000e5ebddf1217b512aecab728c41ab,LETTER_1,False,False
1516,Alceu Valença,2023-04-20,2023,ESPACO UNIMED,ALCEU VALENCA,8000.0,MEDIAS CASAS,CASA DE SHOWS,-23.52812,-46.66805,559vxOLTzlAv0zB77JMcdG,"MPB, FORRO TRADICIONAL, FORRO",64.0,1946704.0,https://i.scdn.co/image/ab6761610000e5ebddf1217b512aecab728c41ab,LETTER_1,False,False
1517,Phoenix,2024-03-24,2024,AUTODROMO DE INTERLAGOS,PHOENIX,100000.0,ARENAS E ESTADIOS,AREA EXTERNA PARA EVENTOS,-23.7000,-46.6972,1xU878Z1QtBldR7ru9owdU,INDIE,64.0,1943215.0,https://i.scdn.co/image/ab6761610000e5eb722051daeb10119e2e039724,GENRE_1,LOLLAPALOOZA,"SZA, SAM SMITH"
1518,Leon Bridges,2023-09-03,2023,AUTODROMO DE INTERLAGOS,LEON BRIDGES,100000.0,ARENAS E ESTADIOS,AREA EXTERNA PARA EVENTOS,-23.7000,-46.6972,3qnGvpP8Yth1AqSBMqON5x,RETRO SOUL,74.0,1937397.0,https://i.scdn.co/image/ab6761610000e5ebd5112a5b16a01e971ebb049c,LETTER_1,THE TOWN,"BRUNO MARS, BEBE REXHA"
1519,Natasha Bedingfield,2025-09-13,2025,AUTODROMO DE INTERLAGOS,NATASHA BEDINGFIELD,100000.0,ARENAS E ESTADIOS,AREA EXTERNA PARA EVENTOS,-23.7000,-46.6972,7o95ZoZt5ZYn31e9z1Hc0a,POP,72.0,1910247.0,https://i.scdn.co/image/ab6761610000e5eb59bb5a8e6b7d6b4df92d32f4,GENRE_1,THE TOWN,MARIAH CAREY
1520,Emicida,2022-03-26,2022,AUTODROMO DE INTERLAGOS,EMICIDA,100000.0,ARENAS E ESTADIOS,AREA EXTERNA PARA EVENTOS,-23.7000,-46.6972,2d9LRvQJnAXRijqIJDDs2K,"BRAZILIAN HIP HOP, NOVA MPB",62.0,1883815.0,https://i.scdn.co/image/ab6761610000e5eb1a143a1a56d7fd721eb43fd7,LETTER_1,LOLLAPALOOZA,MILEY CYRUS
1521,Emicida,2022-03-26,2022,AUTODROMO DE INTERLAGOS,EMICIDA,100000.0,ARENAS E ESTADIOS,AREA EXTERNA PARA EVENTOS,-23.7000,-46.6972,2d9LRvQJnAXRijqIJDDs2K,"BRAZILIAN HIP HOP, NOVA MPB",62.0,1883815.0,https://i.scdn.co/image/ab6761610000e5eb1a143a1a56d7fd721eb43fd7,LETTER_1,LOLLAPALOOZA,MILEY CYRUS
1522,Emicida,2022-03-26,2022,AUTODROMO DE INTERLAGOS,EMICIDA,100000.0,ARENAS E ESTADIOS,AREA EXTERNA PARA EVENTOS,-23.7000,-46.6972,2d9LRvQJnAXRijqIJDDs2K,"BRAZILIAN HIP HOP, NOVA MPB",62.0,1883815.0,https://i.scdn.co/image/ab6761610000e5eb1a143a1a56d7fd721eb43fd7,LETTER_1,LOLLAPALOOZA,MILEY CYRUS
1523,Emicida,2022-03-26,2022,AUTODROMO DE INTERLAGOS,EMICIDA,100000.0,ARENAS E ESTADIOS,AREA EXTERNA PARA EVENTOS,-23.7000,-46.6972,2d9LRvQJnAXRijqIJDDs2K,"BRAZILIAN HIP HOP, NOVA MPB",62.0,1883815.0,https://i.scdn.co/image/ab6761610000e5eb1a143a1a56d7fd721eb43fd7,LETTER_1,LOLLAPALOOZA,MILEY CYRUS
1524,Emicida,2023-11-08,2023,EXPO CENTER NORTE,EMICIDA,25000.0,GRANDES CASAS,CENTRO DE EXPOSICOES,-23.5130,-46.6237,2d9LRvQJnAXRijqIJDDs2K,"BRAZILIAN HIP HOP, NOVA MPB",62.0,1883815.0,https://i.scdn.co/image/ab6761610000e5eb1a143a1a56d7fd721eb43fd7,LETTER_1,False,False
1525,Emicida,2023-11-08,2023,EXPO CENTER NORTE,EMICIDA,25000.0,GRANDES CASAS,CENTRO DE EXPOSICOES,-23.5130,-46.6237,2d9LRvQJnAXRijqIJDDs2K,"BRAZILIAN HIP HOP, NOVA MPB",62.0,1883815.0,https://i.scdn.co/image/ab6761610000e5eb1a143a1a56d7fd721eb43fd7,LETTER_1,False,False
1526,Emicida,2023-11-08,2023,EXPO CENTER NORTE,EMICIDA,25000.0,GRANDES CASAS,CENTRO DE EXPOSICOES,-23.5130,-46.6237,2d9LRvQJnAXRijqIJDDs2K,"BRAZILIAN HIP HOP, NOVA MPB",62.0,1883815.0,https://i.scdn.co/image/ab6761610000e5eb1a143a1a56d7fd721eb43fd7,LETTER_1,False,False
1527,Emicida,2023-11-08,2023,EXPO CENTER NORTE,EMICIDA,25000.0,GRANDES CASAS,CENTRO DE EXPOSICOES,-23.5130,-46.6237,2d9LRvQJnAXRijqIJDDs2K,"BRAZILIAN HIP HOP, NOVA MPB",62.0,1883815.0,https://i.scdn.co/image/ab6761610000e5eb1a143a1a56d7fd721eb43fd7,LETTER_1,False,False
1528,Emicida,2023-01-20,2023,ESPACO UNIMED,EMICIDA,8000.0,MEDIAS CASAS,CASA DE SHOWS,-23.52812,-46.66805,2d9LRvQJnAXRijqIJDDs2K,"BRAZILIAN HIP HOP, NOVA MPB",62.0,1883815.0,https://i.scdn.co/image/ab6761610000e5eb1a143a1a56d7fd721eb43fd7,LETTER_1,False,False
1529,Emicida,2023-01-20,2023,ESPACO UNIMED,EMICIDA,8000.0,MEDIAS CASAS,CASA DE SHOWS,-23.52812,-46.66805,2d9LRvQJnAXRijqIJDDs2K,"BRAZILIAN HIP HOP, NOVA MPB",62.0,1883815.0,https://i.scdn.co/image/ab6761610000e5eb1a143a1a56d7fd721eb43fd7,LETTER_1,False,False
1530,Emicida,2023-01-20,2023,ESPACO UNIMED,EMICIDA,8000.0,MEDIAS CASAS,CASA DE SHOWS,-23.52812,-46.66805,2d9LRvQJnAXRijqIJDDs2K,"BRAZILIAN HIP HOP, NOVA MPB",62.0,1883815.0,https://i.scdn.co/image/ab6761610000e5eb1a143a1a56d7fd721eb43fd7,LETTER_1,False,False
1531,Emicida,2023-01-20,2023,ESPACO UNIMED,EMICIDA,8000.0,MEDIAS CASAS,CASA DE SHOWS,-23.52812,-46.66805,2d9LRvQJnAXRijqIJDDs2K,"BRAZILIAN HIP HOP, NOVA MPB",62.0,1883815.0,https://i.scdn.co/image/ab6761610000e5eb1a143a1a56d7fd721eb43fd7,LETTER_1,False,False
1532,Emicida,2023-02-10,2023,ESPACO UNIMED,EMICIDA,8000.0,MEDIAS CASAS,CASA DE SHOWS,-23.52812,-46.66805,2d9LRvQJnAXRijqIJDDs2K,"BRAZILIAN HIP HOP, NOVA MPB",62.0,1883815.0,https://i.scdn.co/image/ab6761610000e5eb1a143a1a56d7fd721eb43fd7,LETTER_1,False,False
1533,Emicida,2023-02-10,2023,ESPACO UNIMED,EMICIDA,8000.0,MEDIAS CASAS,CASA DE SHOWS,-23.52812,-46.66805,2d9LRvQJnAXRijqIJDDs2K,"BRAZILIAN HIP HOP, NOVA MPB",62.0,1883815.0,https://i.scdn.co/image/ab6761610000e5eb1a143a1a56d7fd721eb43fd7,LETTER_1,False,False
1534,Emicida,2023-02-10,2023,ESPACO UNIMED,EMICIDA,8000.0,MEDIAS CASAS,CASA DE SHOWS,-23.52812,-46.66805,2d9LRvQJnAXRijqIJDDs2K,"BRAZILIAN HIP HOP, NOVA MPB",62.0,1883815.0,https://i.scdn.co/image/ab6761610000e5eb1a143a1a56d7fd721eb43fd7,LETTER_1,False,False
1535,Emicida,2023-02-10,2023,ESPACO UNIMED,EMICIDA,8000.0,MEDIAS CASAS,CASA DE SHOWS,-23.52812,-46.66805,2d9LRvQJnAXRijqIJDDs2K,"BRAZILIAN HIP HOP, NOVA MPB",62.0,1883815.0,https://i.scdn.co/image/ab6761610000e5eb1a143a1a56d7fd721eb43fd7,LETTER_1,False,False
1536,Emicida,2023-02-12,2023,ESPACO UNIMED,EMICIDA,8000.0,MEDIAS CASAS,CASA DE SHOWS,-23.52812,-46.66805,2d9LRvQJnAXRijqIJDDs2K,"BRAZILIAN HIP HOP, NOVA MPB",62.0,1883815.0,https://i.scdn.co/image/ab6761610000e5eb1a143a1a56d7fd721eb43fd7,LETTER_1,False,False
1537,Emicida,2023-02-12,2023,ESPACO UNIMED,EMICIDA,8000.0,MEDIAS CASAS,CASA DE SHOWS,-23.52812,-46.66805,2d9LRvQJnAXRijqIJDDs2K,"BRAZILIAN HIP HOP, NOVA MPB",62.0,1883815.0,https://i.scdn.co/image/ab6761610000e5eb1a143a1a56d7fd721eb43fd7,LETTER_1,False,False
1538,Emicida,2023-02-12,2023,ESPACO UNIMED,EMICIDA,8000.0,MEDIAS CASAS,CASA DE SHOWS,-23.52812,-46.66805,2d9LRvQJnAXRijqIJDDs2K,"BRAZILIAN HIP HOP, NOVA MPB",62.0,1883815.0,https://i.scdn.co/image/ab6761610000e5eb1a143a1a56d7fd721eb43fd7,LETTER_1,False,False
1539,Emicida,2023-02-12,2023,ESPACO UNIMED,EMICIDA,8000.0,MEDIAS CASAS,CASA DE SHOWS,-23.52812,-46.66805,2d9LRvQJnAXRijqIJDDs2K,"BRAZILIAN HIP HOP, NOVA MPB",62.0,1883815.0,https://i.scdn.co/image/ab6761610000e5eb1a143a1a56d7fd721eb43fd7,LETTER_1,False,False
1540,Seu Jorge,2023-09-03,2023,AUTODROMO DE INTERLAGOS,SEU JORGE,100000.0,ARENAS E ESTADIOS,AREA EXTERNA PARA EVENTOS,-23.7000,-46.6972,0i1s9WcIu0PrUvHzALgofo,"MPB, SAMBA, PAGODE",67.0,1866384.0,https://i.scdn.co/image/ab6761610000e5eba124f650946041fc26b0379b,LETTER_1,THE TOWN,"BRUNO MARS, BEBE REXHA"
1541,Seu Jorge,2023-09-03,2023,AUTODROMO DE INTERLAGOS,SEU JORGE,100000.0,ARENAS E ESTADIOS,AREA EXTERNA PARA EVENTOS,-23.7000,-46.6972,0i1s9WcIu0PrUvHzALgofo,"MPB, SAMBA, PAGODE",67.0,1866384.0,https://i.scdn.co/image/ab6761610000e5eba124f650946041fc26b0379b,LETTER_1,THE TOWN,"BRUNO MARS, BEBE REXHA"
1542,Seu Jorge,2024-09-29,2024,MEMORIAL DA AMERICA LATINA,SEU JORGE,15000.0,GRANDES CASAS,AREA EXTERNA PARA EVENTOS,-23.5274091,-46.6656539,0i1s9WcIu0PrUvHzALgofo,"MPB, SAMBA, PAGODE",67.0,1866384.0,https://i.scdn.co/image/ab6761610000e5eba124f650946041fc26b0379b,LETTER_1,False,False
1543,Seu Jorge,2024-09-29,2024,MEMORIAL DA AMERICA LATINA,SEU JORGE,15000.0,GRANDES CASAS,AREA EXTERNA PARA EVENTOS,-23.5274091,-46.6656539,0i1s9WcIu0PrUvHzALgofo,"MPB, SAMBA, PAGODE",67.0,1866384.0,https://i.scdn.co/image/ab6761610000e5eba124f650946041fc26b0379b,LETTER_1,False,False
1544,Seu Jorge,2022-06-22,2022,TOKIO MARINE HALL,SEU JORGE,4000.0,MEDIAS CASAS,CASA DE SHOWS,-23.6383,-46.7203,0i1s9WcIu0PrUvHzALgofo,"MPB, SAMBA, PAGODE",67.0,1866384.0,https://i.scdn.co/image/ab6761610000e5eba124f650946041fc26b0379b,LETTER_1,False,False
1545,Seu Jorge,2022-06-22,2022,TOKIO MARINE HALL,SEU JORGE,4000.0,MEDIAS CASAS,CASA DE SHOWS,-23.6383,-46.7203,0i1s9WcIu0PrUvHzALgofo,"MPB, SAMBA, PAGODE",67.0,1866384.0,https://i.scdn.co/image/ab6761610000e5eba124f650946041fc26b0379b,LETTER_1,False,False
1546,Seu Jorge,2023-02-04,2023,ESPACO UNIMED,SEU JORGE,8000.0,MEDIAS CASAS,CASA DE SHOWS,-23.52812,-46.66805,0i1s9WcIu0PrUvHzALgofo,"MPB, SAMBA, PAGODE",67.0,1866384.0,https://i.scdn.co/image/ab6761610000e5eba124f650946041fc26b0379b,LETTER_1,False,False
1547,Seu Jorge,2023-02-04,2023,ESPACO UNIMED,SEU JORGE,8000.0,MEDIAS CASAS,CASA DE SHOWS,-23.52812,-46.66805,0i1s9WcIu0PrUvHzALgofo,"MPB, SAMBA, PAGODE",67.0,1866384.0,https://i.scdn.co/image/ab6761610000e5eba124f650946041fc26b0379b,LETTER_1,False,False
1548,Seu Jorge,2025-11-18,2025,ESPACO UNIMED,SEU JORGE,8000.0,MEDIAS CASAS,CASA DE SHOWS,-23.52812,-46.66805,0i1s9WcIu0PrUvHzALgofo,"MPB, SAMBA, PAGODE",67.0,1866384.0,https://i.scdn.co/image/ab6761610000e5eba124f650946041fc26b0379b,LETTER_1,False,False
1549,Seu Jorge,2025-11-18,2025,ESPACO UNIMED,SEU JORGE,8000.0,MEDIAS CASAS,CASA DE SHOWS,-23.52812,-46.66805,0i1s9WcIu0PrUvHzALgofo,"MPB, SAMBA, PAGODE",67.0,1866384.0,https://i.scdn.co/image/ab6761610000e5eba124f650946041fc26b0379b,LETTER_1,False,False
1550,Seu Jorge,2025-09-27,2025,VIBRA SAO PAULO,SEU JORGE,7000.0,MEDIAS CASAS,TEATRO E CASA DE ESPETACULOS,-23.6475,-46.7239,0i1s9WcIu0PrUvHzALgofo,"MPB, SAMBA, PAGODE",67.0,1866384.0,https://i.scdn.co/image/ab6761610000e5eba124f650946041fc26b0379b,LETTER_1,False,False
1551,Seu Jorge,2025-09-27,2025,VIBRA SAO PAULO,SEU JORGE,7000.0,MEDIAS CASAS,TEATRO E CASA DE ESPETACULOS,-23.6475,-46.7239,0i1s9WcIu0PrUvHzALgofo,"MPB, SAMBA, PAGODE",67.0,1866384.0,https://i.scdn.co/image/ab6761610000e5eba124f650946041fc26b0379b,LETTER_1,False,False
1552,Maneva,2024-03-22,2024,AUTODROMO DE INTERLAGOS,MANEVA,100000.0,ARENAS E ESTADIOS,AREA EXTERNA PARA EVENTOS,-23.7000,-46.6972,1OFP2fSFWTfJ80rzUo5AGb,"REGGAE, BRAZILIAN POP, MPB, ROOTS REGGAE",67.0,1852942.0,https://i.scdn.co/image/ab6761610000e5eb9ff7709f723192b1ef62fcfe,LETTER_1,LOLLAPALOOZA,"BLINK-182,ARCADE FIRE"
1553,KAYTRANADA,2022-03-27,2022,AUTODROMO DE INTERLAGOS,KAYTRANADA,100000.0,ARENAS E ESTADIOS,AREA EXTERNA PARA EVENTOS,-23.7000,-46.6972,6qgnBH6iDM91ipVXv28OMu,0,72.0,1840954.0,https://i.scdn.co/image/ab6761610000e5eb9b9d4fdf5e4cf58e2fa93167,GENRE_2,LOLLAPALOOZA,FOO FIGHTERS
1554,KAYTRANADA,2023-10-10,2023,ALLIANZ PARQUE,KAYTRANADA,45000.0,ARENAS E ESTADIOS,ESTADIO MULTIUSO,-23.5276207,-46.6784662,6qgnBH6iDM91ipVXv28OMu,0,72.0,1840954.0,https://i.scdn.co/image/ab6761610000e5eb9b9d4fdf5e4cf58e2fa93167,GENRE_2,False,False
1555,KAYTRANADA,2023-10-11,2023,ALLIANZ PARQUE,KAYTRANADA,45000.0,ARENAS E ESTADIOS,ESTADIO MULTIUSO,-23.5276207,-46.6784662,6qgnBH6iDM91ipVXv28OMu,0,72.0,1840954.0,https://i.scdn.co/image/ab6761610000e5eb9b9d4fdf5e4cf58e2fa93167,GENRE_2,False,False
1556,Black Label Society,2022-10-23,2022,AUDIO,BLACK LABEL SOCIETY,3200.0,MEDIAS CASAS,CASA DE SHOWS,-23.52822,-46.66968,0zfT626RwO6zN3RDYeRit5,"GROOVE METAL, METAL, HEAVY METAL",63.0,1834654.0,https://i.scdn.co/image/ab6761610000e5ebca9e1ddb61172c1b9672567a,GENRE_2,False,False
1557,Interpol,2024-06-07,2024,AUDIO,INTERPOL,3200.0,MEDIAS CASAS,CASA DE SHOWS,-23.52822,-46.66968,3WaJSfKnzc65VDgmj2zU8B,"INDIE ROCK, POST-PUNK",63.0,1831162.0,https://i.scdn.co/image/ab6761610000e5ebc31f8e7aad462874455cf070,GENRE_1,False,False
1558,Interpol,2024-06-08,2024,AUDIO,INTERPOL,3200.0,MEDIAS CASAS,CASA DE SHOWS,-23.52822,-46.66968,3WaJSfKnzc65VDgmj2zU8B,"INDIE ROCK, POST-PUNK",63.0,1831162.0,https://i.scdn.co/image/ab6761610000e5ebc31f8e7aad462874455cf070,GENRE_1,False,False
1559,Interpol,2022-11-05,2022,DISTRITO ANHEMBI,INTERPOL,35000.0,GRANDES CASAS,AREA EXTERNA PARA EVENTOS,-23.51611,-46.64320,3WaJSfKnzc65VDgmj2zU8B,"INDIE ROCK, POST-PUNK",63.0,1831162.0,https://i.scdn.co/image/ab6761610000e5ebc31f8e7aad462874455cf070,GENRE_1,PRIMAVERA SOUND,"ARCTIC MONKEYS, BJORK"
1560,Edson & Hudson,2023-09-15,2023,VILLA COUNTRY,EDSON & HUDSON,8000.0,MEDIAS CASAS,CASA DE SHOWS,-23.5832,-46.6348,6zpNfYJcPavd1pqLXKiSvl,"SERTANEJO, SERTANEJO TRADICIONAL, SERTANEJO UNIVERSITARIO",60.0,1828363.0,https://i.scdn.co/image/ab6761610000e5ebe2a4634c932a89727f383ccc,LETTER_1,False,False
1561,Edson & Hudson,2023-09-15,2023,VILLA COUNTRY,EDSON & HUDSON,8000.0,MEDIAS CASAS,CASA DE SHOWS,-23.5832,-46.6348,6zpNfYJcPavd1pqLXKiSvl,"SERTANEJO, SERTANEJO TRADICIONAL, SERTANEJO UNIVERSITARIO",60.0,1828363.0,https://i.scdn.co/image/ab6761610000e5ebe2a4634c932a89727f383ccc,LETTER_1,False,False
1562,Edson & Hudson,2024-05-24,2024,TOKIO MARINE HALL,EDSON & HUDSON,4000.0,MEDIAS CASAS,CASA DE SHOWS,-23.6383,-46.7203,6zpNfYJcPavd1pqLXKiSvl,"SERTANEJO, SERTANEJO TRADICIONAL, SERTANEJO UNIVERSITARIO",60.0,1828363.0,https://i.scdn.co/image/ab6761610000e5ebe2a4634c932a89727f383ccc,LETTER_1,False,False
1563,Edson & Hudson,2024-05-24,2024,TOKIO MARINE HALL,EDSON & HUDSON,4000.0,MEDIAS CASAS,CASA DE SHOWS,-23.6383,-46.7203,6zpNfYJcPavd1pqLXKiSvl,"SERTANEJO, SERTANEJO TRADICIONAL, SERTANEJO UNIVERSITARIO",60.0,1828363.0,https://i.scdn.co/image/ab6761610000e5ebe2a4634c932a89727f383ccc,LETTER_1,False,False
1564,Edson & Hudson,2023-05-05,2023,ESPACO UNIMED,EDSON & HUDSON,8000.0,MEDIAS CASAS,CASA DE SHOWS,-23.52812,-46.66805,6zpNfYJcPavd1pqLXKiSvl,"SERTANEJO, SERTANEJO TRADICIONAL, SERTANEJO UNIVERSITARIO",60.0,1828363.0,https://i.scdn.co/image/ab6761610000e5ebe2a4634c932a89727f383ccc,LETTER_1,False,False
1565,Edson & Hudson,2023-05-05,2023,ESPACO UNIMED,EDSON & HUDSON,8000.0,MEDIAS CASAS,CASA DE SHOWS,-23.52812,-46.66805,6zpNfYJcPavd1pqLXKiSvl,"SERTANEJO, SERTANEJO TRADICIONAL, SERTANEJO UNIVERSITARIO",60.0,1828363.0,https://i.scdn.co/image/ab6761610000e5ebe2a4634c932a89727f383ccc,LETTER_1,False,False
1566,P1Harmony,2023-07-21,2023,TOKIO MARINE HALL,P1HARMONY,4000.0,MEDIAS CASAS,CASA DE SHOWS,-23.6383,-46.7203,3JjvsPeGMbDJqsphe2z8xU,"K-POP, NOISE MUSIC",66.0,1810558.0,https://i.scdn.co/image/ab6761610000e5ebeed04378a1aa943bb51bf199,GENRE_1,False,False
1567,P1Harmony,2025-10-24,2025,VIBRA SAO PAULO,P1HARMONY,7000.0,MEDIAS CASAS,TEATRO E CASA DE ESPETACULOS,-23.6475,-46.7239,3JjvsPeGMbDJqsphe2z8xU,"K-POP, NOISE MUSIC",66.0,1810558.0,https://i.scdn.co/image/ab6761610000e5ebeed04378a1aa943bb51bf199,GENRE_1,False,False
1568,Chico Buarque,2023-03-04,2023,TOKIO MARINE HALL,CHICO BUARQUE,4000.0,MEDIAS CASAS,CASA DE SHOWS,-23.6383,-46.7203,6tOsSffQQIXmK8TqsDck8t,"MPB, BOSSA NOVA, SAMBA, BRAZILIAN JAZZ",63.0,1801385.0,https://i.scdn.co/image/ab6761610000e5eb1f33f0eccfef05940a1ef879,GENRE_1,False,False
1569,Chico Buarque,2023-03-04,2023,TOKIO MARINE HALL,CHICO BUARQUE,4000.0,MEDIAS CASAS,CASA DE SHOWS,-23.6383,-46.7203,6tOsSffQQIXmK8TqsDck8t,"MPB, BOSSA NOVA, SAMBA, BRAZILIAN JAZZ",63.0,1801385.0,https://i.scdn.co/image/ab6761610000e5eb1f33f0eccfef05940a1ef879,GENRE_1,False,False
1570,Chico Buarque,2023-03-04,2023,TOKIO MARINE HALL,CHICO BUARQUE,4000.0,MEDIAS CASAS,CASA DE SHOWS,-23.6383,-46.7203,6tOsSffQQIXmK8TqsDck8t,"MPB, BOSSA NOVA, SAMBA, BRAZILIAN JAZZ",63.0,1801385.0,https://i.scdn.co/image/ab6761610000e5eb1f33f0eccfef05940a1ef879,GENRE_1,False,False
1571,Chico Buarque,2023-03-05,2023,TOKIO MARINE HALL,CHICO BUARQUE,4000.0,MEDIAS CASAS,CASA DE SHOWS,-23.6383,-46.7203,6tOsSffQQIXmK8TqsDck8t,"MPB, BOSSA NOVA, SAMBA, BRAZILIAN JAZZ",63.0,1801385.0,https://i.scdn.co/image/ab6761610000e5eb1f33f0eccfef05940a1ef879,GENRE_1,False,False
1572,Chico Buarque,2023-03-05,2023,TOKIO MARINE HALL,CHICO BUARQUE,4000.0,MEDIAS CASAS,CASA DE SHOWS,-23.6383,-46.7203,6tOsSffQQIXmK8TqsDck8t,"MPB, BOSSA NOVA, SAMBA, BRAZILIAN JAZZ",63.0,1801385.0,https://i.scdn.co/image/ab6761610000e5eb1f33f0eccfef05940a1ef879,GENRE_1,False,False
1573,Chico Buarque,2023-03-05,2023,TOKIO MARINE HALL,CHICO BUARQUE,4000.0,MEDIAS CASAS,CASA DE SHOWS,-23.6383,-46.7203,6tOsSffQQIXmK8TqsDck8t,"MPB, BOSSA NOVA, SAMBA, BRAZILIAN JAZZ",63.0,1801385.0,https://i.scdn.co/image/ab6761610000e5eb1f33f0eccfef05940a1ef879,GENRE_1,False,False
1574,Chico Buarque,2023-03-25,2023,TOKIO MARINE HALL,CHICO BUARQUE,4000.0,MEDIAS CASAS,CASA DE SHOWS,-23.6383,-46.7203,6tOsSffQQIXmK8TqsDck8t,"MPB, BOSSA NOVA, SAMBA, BRAZILIAN JAZZ",63.0,1801385.0,https://i.scdn.co/image/ab6761610000e5eb1f33f0eccfef05940a1ef879,GENRE_1,False,False
1575,Chico Buarque,2023-03-25,2023,TOKIO MARINE HALL,CHICO BUARQUE,4000.0,MEDIAS CASAS,CASA DE SHOWS,-23.6383,-46.7203,6tOsSffQQIXmK8TqsDck8t,"MPB, BOSSA NOVA, SAMBA, BRAZILIAN JAZZ",63.0,1801385.0,https://i.scdn.co/image/ab6761610000e5eb1f33f0eccfef05940a1ef879,GENRE_1,False,False
1576,Chico Buarque,2023-03-25,2023,TOKIO MARINE HALL,CHICO BUARQUE,4000.0,MEDIAS CASAS,CASA DE SHOWS,-23.6383,-46.7203,6tOsSffQQIXmK8TqsDck8t,"MPB, BOSSA NOVA, SAMBA, BRAZILIAN JAZZ",63.0,1801385.0,https://i.scdn.co/image/ab6761610000e5eb1f33f0eccfef05940a1ef879,GENRE_1,False,False
1577,Chico Buarque,2023-03-30,2023,TOKIO MARINE HALL,CHICO BUARQUE,4000.0,MEDIAS CASAS,CASA DE SHOWS,-23.6383,-46.7203,6tOsSffQQIXmK8TqsDck8t,"MPB, BOSSA NOVA, SAMBA, BRAZILIAN JAZZ",63.0,1801385.0,https://i.scdn.co/image/ab6761610000e5eb1f33f0eccfef05940a1ef879,GENRE_1,False,False
1578,Chico Buarque,2023-03-30,2023,TOKIO MARINE HALL,CHICO BUARQUE,4000.0,MEDIAS CASAS,CASA DE SHOWS,-23.6383,-46.7203,6tOsSffQQIXmK8TqsDck8t,"MPB, BOSSA NOVA, SAMBA, BRAZILIAN JAZZ",63.0,1801385.0,https://i.scdn.co/image/ab6761610000e5eb1f33f0eccfef05940a1ef879,GENRE_1,False,False
1579,Chico Buarque,2023-03-30,2023,TOKIO MARINE HALL,CHICO BUARQUE,4000.0,MEDIAS CASAS,CASA DE SHOWS,-23.6383,-46.7203,6tOsSffQQIXmK8TqsDck8t,"MPB, BOSSA NOVA, SAMBA, BRAZILIAN JAZZ",63.0,1801385.0,https://i.scdn.co/image/ab6761610000e5eb1f33f0eccfef05940a1ef879,GENRE_1,False,False
1580,Chico Buarque,2023-04-07,2023,TOKIO MARINE HALL,CHICO BUARQUE,4000.0,MEDIAS CASAS,CASA DE SHOWS,-23.6383,-46.7203,6tOsSffQQIXmK8TqsDck8t,"MPB, BOSSA NOVA, SAMBA, BRAZILIAN JAZZ",63.0,1801385.0,https://i.scdn.co/image/ab6761610000e5eb1f33f0eccfef05940a1ef879,GENRE_1,False,False
1581,Chico Buarque,2023-04-07,2023,TOKIO MARINE HALL,CHICO BUARQUE,4000.0,MEDIAS CASAS,CASA DE SHOWS,-23.6383,-46.7203,6tOsSffQQIXmK8TqsDck8t,"MPB, BOSSA NOVA, SAMBA, BRAZILIAN JAZZ",63.0,1801385.0,https://i.scdn.co/image/ab6761610000e5eb1f33f0eccfef05940a1ef879,GENRE_1,False,False
1582,Chico Buarque,2023-04-07,2023,TOKIO MARINE HALL,CHICO BUARQUE,4000.0,MEDIAS CASAS,CASA DE SHOWS,-23.6383,-46.7203,6tOsSffQQIXmK8TqsDck8t,"MPB, BOSSA NOVA, SAMBA, BRAZILIAN JAZZ",63.0,1801385.0,https://i.scdn.co/image/ab6761610000e5eb1f33f0eccfef05940a1ef879,GENRE_1,False,False
1583,Gojira,2023-11-14,2023,ESPACO UNIMED,GOJIRA,8000.0,MEDIAS CASAS,CASA DE SHOWS,-23.52812,-46.66805,0GDGKpJFhVpcjIGF8N6Ewt,"GROOVE METAL, PROGRESSIVE METAL, METAL, DEATH METAL, DJENT",64.0,1798609.0,https://i.scdn.co/image/ab6761610000e5eb96c4949ee078fbef5d5adb68,GENRE_2,False,False
1584,Iggy Pop,2025-09-07,2025,AUTODROMO DE INTERLAGOS,IGGY POP,100000.0,ARENAS E ESTADIOS,AREA EXTERNA PARA EVENTOS,-23.7000,-46.6972,33EUXrFKGjpUSGacqEHhU4,"PROTO-PUNK, GLAM ROCK",65.0,1793631.0,https://i.scdn.co/image/ab6761610000e5eb21e6d14c3d8aab9887380d00,GENRE_1,THE TOWN,GREEN DAY
1585,Sheck Wes,2023-12-09,2023,NEO QUIMICA ARENA,SHECK WES,49000.0,ARENAS E ESTADIOS,ESTADIO MULTIUSO,-23.54534,-46.47476,2RDOrhPqAM4jzTRCEb19qX,0,63.0,1791691.0,https://i.scdn.co/image/ab6761610000e5ebf8728bd0c78cf9df934e17a4,LETTER_2,False,False
1586,Tash Sultana,2025-11-05,2025,AUDIO,TASH SULTANA,3200.0,MEDIAS CASAS,CASA DE SHOWS,-23.52822,-46.66968,6zVFRTB0Y1whWyH7ZNmywf,0,62.0,1790569.0,https://i.scdn.co/image/ab6761610000e5eb39423f1ee5fd80db932ceba4,LETTER_2,False,False
1587,Dream Theater,2022-08-31,2022,TOKIO MARINE HALL,DREAM THEATER,4000.0,MEDIAS CASAS,CASA DE SHOWS,-23.6383,-46.7203,2aaLAng2L2aWD2FClzwiep,"PROGRESSIVE METAL, PROGRESSIVE ROCK, METAL",61.0,1784602.0,https://i.scdn.co/image/ab6761610000e5eb6c2390469c190a49f3926865,GENRE_1,False,False
1588,Dream Theater,2024-12-15,2024,VIBRA SAO PAULO,DREAM THEATER,7000.0,MEDIAS CASAS,TEATRO E CASA DE ESPETACULOS,-23.6475,-46.7239,2aaLAng2L2aWD2FClzwiep,"PROGRESSIVE METAL, PROGRESSIVE ROCK, METAL",61.0,1784602.0,https://i.scdn.co/image/ab6761610000e5eb6c2390469c190a49f3926865,GENRE_1,False,False
1589,Neck Deep,2025-08-30,2025,ALLIANZ PARQUE,NECK DEEP,45000.0,ARENAS E ESTADIOS,ESTADIO MULTIUSO,-23.5276207,-46.6784662,2TM0qnbJH4QPhGMCdPt7fH,"POP PUNK, PUNK, EMO",64.0,1773711.0,https://i.scdn.co/image/ab6761610000e5eb2a272be2fa6777404247dc2b,GENRE_2,I WANNA BE TOUR,"FALL OUT BOY, GOOD CHARLOTTE"
1590,Neck Deep,2025-08-29,2025,TOKIO MARINE HALL,NECK DEEP,4000.0,MEDIAS CASAS,CASA DE SHOWS,-23.6383,-46.7203,2TM0qnbJH4QPhGMCdPt7fH,"POP PUNK, PUNK, EMO",64.0,1773711.0,https://i.scdn.co/image/ab6761610000e5eb2a272be2fa6777404247dc2b,GENRE_2,False,False
1591,ANNA,2025-09-14,2025,AUTODROMO DE INTERLAGOS,ANNA,100000.0,ARENAS E ESTADIOS,AREA EXTERNA PARA EVENTOS,-23.7000,-46.6972,7K80yOTC0Id95gRaOxDG5u,ITALIAN TRAP,67.0,1770236.0,https://i.scdn.co/image/ab6761610000e5eb16ee63e6124b1f5ad58c6b35,LETTER_1,THE TOWN,KATY PERRY
1592,ANNA,2025-09-14,2025,AUTODROMO DE INTERLAGOS,ANNA,100000.0,ARENAS E ESTADIOS,AREA EXTERNA PARA EVENTOS,-23.7000,-46.6972,7K80yOTC0Id95gRaOxDG5u,ITALIAN TRAP,67.0,1770236.0,https://i.scdn.co/image/ab6761610000e5eb16ee63e6124b1f5ad58c6b35,LETTER_1,THE TOWN,KATY PERRY
1593,ANNA,2025-09-14,2025,AUTODROMO DE INTERLAGOS,ANNA,100000.0,ARENAS E ESTADIOS,AREA EXTERNA PARA EVENTOS,-23.7000,-46.6972,7K80yOTC0Id95gRaOxDG5u,ITALIAN TRAP,67.0,1770236.0,https://i.scdn.co/image/ab6761610000e5eb16ee63e6124b1f5ad58c6b35,LETTER_1,THE TOWN,KATY PERRY
1594,Jungle,2022-03-18,2022,AUDIO,JUNGLE,3200.0,MEDIAS CASAS,CASA DE SHOWS,-23.52822,-46.66968,59oA5WbbQvomJz2BuRG071,0,70.0,1751062.0,https://i.scdn.co/image/ab6761610000e5eb21f6e9ccd576bb2ef541a3fe,GENRE_2,False,False
1595,Jungle,2024-03-22,2024,AUTODROMO DE INTERLAGOS,JUNGLE,100000.0,ARENAS E ESTADIOS,AREA EXTERNA PARA EVENTOS,-23.7000,-46.6972,59oA5WbbQvomJz2BuRG071,0,70.0,1751062.0,https://i.scdn.co/image/ab6761610000e5eb21f6e9ccd576bb2ef541a3fe,GENRE_2,LOLLAPALOOZA,"BLINK-182,ARCADE FIRE"
1596,Nessa Barrett,2025-03-28,2025,AUTODROMO DE INTERLAGOS,NESSA BARRETT,100000.0,ARENAS E ESTADIOS,AREA EXTERNA PARA EVENTOS,-23.7000,-46.6972,7pwufEBGfggjoI8twqlsmQ,0,69.0,1725801.0,https://i.scdn.co/image/ab6761610000e5ebd9135876f44bfb446e78c07c,LETTER_2,LOLLAPALOOZA,OLIVIA RODRIGO
1597,Beck,2023-12-03,2023,AUTODROMO DE INTERLAGOS,BECK,100000.0,ARENAS E ESTADIOS,AREA EXTERNA PARA EVENTOS,-23.7000,-46.6972,3vbKDsSS70ZX9D2OcvbZmS,ANTI-FOLK,65.0,1721742.0,https://i.scdn.co/image/ab6761610000e5eb917df61d55ce3ab98d43351a,GENRE_1,False,False
1598,Trivium,2022-12-18,2022,SAMBODROMO DO ANHEMBI,TRIVIUM,100000.0,ARENAS E ESTADIOS,AREA EXTERNA PARA EVENTOS,-23.5079,-46.6379,278ZYwGhdK6QTzE3MFePnP,"METALCORE, METAL, HEAVY METAL",63.0,1715185.0,https://i.scdn.co/image/ab6761610000e5ebab21a41e346730ff64be53c2,GENRE_2,False,False
1599,Destroy Lonely,2022-06-17,2022,SAMBODROMO DO ANHEMBI,DESTROY LONELY,100000.0,ARENAS E ESTADIOS,AREA EXTERNA PARA EVENTOS,-23.5079,-46.6379,1HPW4jeRjXBFRoUnSvBzoD,RAGE RAP,73.0,1712921.0,https://i.scdn.co/image/ab6761610000e5ebc83ffef1cbf86d4d17e862d8,LETTER_1,False,False
1600,Royal Blood,2024-04-13,2024,AUDIO,ROYAL BLOOD,3200.0,MEDIAS CASAS,CASA DE SHOWS,-23.52822,-46.66968,2S5hlvw4CMtMGswFtfdK15,"GARAGE ROCK, ROCK",62.0,1710815.0,https://i.scdn.co/image/ab6761610000e5eb084460131f00afc4621c4e38,GENRE_1,False,False
1601,Poppy,2024-10-20,2024,ALLIANZ PARQUE,POPPY,45000.0,ARENAS E ESTADIOS,ESTADIO MULTIUSO,-23.5276207,-46.6784662,5mlbvTfWUOfDrUIK6dkNzv,0,68.0,1709755.0,https://i.scdn.co/image/ab6761610000e5eb9602d4f4d6faad23dcdf1b99,LETTER_2,False,False
1602,Poppy,2025-11-08,2025,MORUMBIS,POPPY,67000.0,ARENAS E ESTADIOS,ESTADIO MULTIUSO,-23.60077,-46.72010,5mlbvTfWUOfDrUIK6dkNzv,0,68.0,1709755.0,https://i.scdn.co/image/ab6761610000e5eb9602d4f4d6faad23dcdf1b99,LETTER_2,False,False
1603,Gigi Perez,2025-05-30,2025,ESPACO UNIMED,GIGI PEREZ,8000.0,MEDIAS CASAS,CASA DE SHOWS,-23.52812,-46.66805,1iCnM8foFssWlPRLfAbIwo,0,76.0,1700327.0,https://i.scdn.co/image/ab6761610000e5ebd58f13475be93b37bb63893f,GENRE_2,False,False
1604,FKJ,2023-11-29,2023,AUDIO,FKJ,3200.0,MEDIAS CASAS,CASA DE SHOWS,-23.52822,-46.66968,2FwDTncULUnmANIh7qKa5z,0,64.0,1669513.0,https://i.scdn.co/image/ab6761610000e5eb6008518ffc2479a241c30754,GENRE_2,False,False
1605,Michael Kiwanuka,2025-03-30,2025,AUTODROMO DE INTERLAGOS,MICHAEL KIWANUKA,100000.0,ARENAS E ESTADIOS,AREA EXTERNA PARA EVENTOS,-23.7000,-46.6972,0bzfPKdbXL5ezYW2z3UGQj,SOUL,67.0,1668233.0,https://i.scdn.co/image/ab6761610000e5eb970e66fdac7be4f4829d4b05,LETTER_1,LOLLAPALOOZA,JUSTIN TIMBERLAKE
1606,Yellowcard,2025-08-30,2025,ALLIANZ PARQUE,YELLOWCARD,45000.0,ARENAS E ESTADIOS,ESTADIO MULTIUSO,-23.5276207,-46.6784662,3zxKH0qp3nBCuPZCZT5Vaf,"POP PUNK, PUNK, EMO",65.0,1659121.0,https://i.scdn.co/image/ab6761610000e5eb6b950048b4781d0e95bd9c2c,GENRE_2,I WANNA BE TOUR,"FALL OUT BOY, GOOD CHARLOTTE"
1607,Yellowcard,2025-08-29,2025,TOKIO MARINE HALL,YELLOWCARD,4000.0,MEDIAS CASAS,CASA DE SHOWS,-23.6383,-46.7203,3zxKH0qp3nBCuPZCZT5Vaf,"POP PUNK, PUNK, EMO",65.0,1659121.0,https://i.scdn.co/image/ab6761610000e5eb6b950048b4781d0e95bd9c2c,GENRE_2,False,False
1620,Jeff Satur,2023-07-07,2023,ESPACO UNIMED,JEFF SATUR,8000.0,MEDIAS CASAS,CASA DE SHOWS,-23.52812,-46.66805,5xq3BK55BJmutN0X7eTyQB,"T-POP, THAI POP",64.0,1642310.0,https://i.scdn.co/image/ab6761610000e5eb8b24c2fdf9a1b476eecdb4d7,LETTER_1,False,False
1621,Jeff Satur,2025-07-06,2025,TERRA SP,JEFF SATUR,6000.0,MEDIAS CASAS,CASA DE SHOWS,-23.6463,-46.7763,5xq3BK55BJmutN0X7eTyQB,"T-POP, THAI POP",64.0,1642310.0,https://i.scdn.co/image/ab6761610000e5eb8b24c2fdf9a1b476eecdb4d7,LETTER_1,False,False
1622,Skepta,2025-11-23,2025,NEO QUIMICA ARENA,SKEPTA,49000.0,ARENAS E ESTADIOS,ESTADIO MULTIUSO,-23.54534,-46.47476,2p1fiYHYiXz9qi0JJyxBzN,"GRIME, UK GRIME",76.0,1641871.0,https://i.scdn.co/image/ab6761610000e5ebdb7e42a0c4dced06214fcdb6,LETTER_2,False,False
1623,Raimundos,2022-11-05,2022,AUDIO,RAIMUNDOS,3200.0,MEDIAS CASAS,CASA DE SHOWS,-23.52822,-46.66968,3CfJckVRuukdJSvK3r89yJ,"BRAZILIAN ROCK, MPB, BRAZILIAN POP",61.0,1634928.0,https://i.scdn.co/image/ab6761610000e5ebc658c7d04e7d1a107760ecf0,GENRE_1,False,False
1624,Raimundos,2023-06-29,2023,AUDIO,RAIMUNDOS,3200.0,MEDIAS CASAS,CASA DE SHOWS,-23.52822,-46.66968,3CfJckVRuukdJSvK3r89yJ,"BRAZILIAN ROCK, MPB, BRAZILIAN POP",61.0,1634928.0,https://i.scdn.co/image/ab6761610000e5ebc658c7d04e7d1a107760ecf0,GENRE_1,False,False
1625,Raimundos,2024-05-25,2024,ARENA ANHEMBI,RAIMUNDOS,30000.0,GRANDES CASAS,AREA EXTERNA PARA EVENTOS,-23.51611,-46.64320,3CfJckVRuukdJSvK3r89yJ,"BRAZILIAN ROCK, MPB, BRAZILIAN POP",61.0,1634928.0,https://i.scdn.co/image/ab6761610000e5ebc658c7d04e7d1a107760ecf0,GENRE_1,False,False
1626,Raimundos,2025-10-25,2025,ALLIANZ PARQUE,RAIMUNDOS,45000.0,ARENAS E ESTADIOS,ESTADIO MULTIUSO,-23.5276207,-46.6784662,3CfJckVRuukdJSvK3r89yJ,"BRAZILIAN ROCK, MPB, BRAZILIAN POP",61.0,1634928.0,https://i.scdn.co/image/ab6761610000e5ebc658c7d04e7d1a107760ecf0,GENRE_1,False,False
1627,Raimundos,2024-11-09,2024,ESTADIO DO CANINDE,RAIMUNDOS,21000.0,GRANDES CASAS,ESTADIO MULTIUSO,-23.52019,-46.61875,3CfJckVRuukdJSvK3r89yJ,"BRAZILIAN ROCK, MPB, BRAZILIAN POP",61.0,1634928.0,https://i.scdn.co/image/ab6761610000e5ebc658c7d04e7d1a107760ecf0,GENRE_1,False,False
1628,Raimundos,2024-11-17,2024,EXPO CENTER NORTE,RAIMUNDOS,25000.0,GRANDES CASAS,CENTRO DE EXPOSICOES,-23.5130,-46.6237,3CfJckVRuukdJSvK3r89yJ,"BRAZILIAN ROCK, MPB, BRAZILIAN POP",61.0,1634928.0,https://i.scdn.co/image/ab6761610000e5ebc658c7d04e7d1a107760ecf0,GENRE_1,False,False
1629,Raimundos,2022-07-17,2022,TOKIO MARINE HALL,RAIMUNDOS,4000.0,MEDIAS CASAS,CASA DE SHOWS,-23.6383,-46.7203,3CfJckVRuukdJSvK3r89yJ,"BRAZILIAN ROCK, MPB, BRAZILIAN POP",61.0,1634928.0,https://i.scdn.co/image/ab6761610000e5ebc658c7d04e7d1a107760ecf0,GENRE_1,False,False
1630,Raimundos,2024-07-13,2024,TOKIO MARINE HALL,RAIMUNDOS,4000.0,MEDIAS CASAS,CASA DE SHOWS,-23.6383,-46.7203,3CfJckVRuukdJSvK3r89yJ,"BRAZILIAN ROCK, MPB, BRAZILIAN POP",61.0,1634928.0,https://i.scdn.co/image/ab6761610000e5ebc658c7d04e7d1a107760ecf0,GENRE_1,False,False
1631,Raimundos,2025-04-30,2025,ESPACO UNIMED,RAIMUNDOS,8000.0,MEDIAS CASAS,CASA DE SHOWS,-23.52812,-46.66805,3CfJckVRuukdJSvK3r89yJ,"BRAZILIAN ROCK, MPB, BRAZILIAN POP",61.0,1634928.0,https://i.scdn.co/image/ab6761610000e5ebc658c7d04e7d1a107760ecf0,GENRE_1,False,False
1632,Raimundos,2023-10-06,2023,VIBRA SAO PAULO,RAIMUNDOS,7000.0,MEDIAS CASAS,TEATRO E CASA DE ESPETACULOS,-23.6475,-46.7239,3CfJckVRuukdJSvK3r89yJ,"BRAZILIAN ROCK, MPB, BRAZILIAN POP",61.0,1634928.0,https://i.scdn.co/image/ab6761610000e5ebc658c7d04e7d1a107760ecf0,GENRE_1,False,False
1634,MAGIC!,2024-04-14,2024,AUDIO,MAGIC!,3200.0,MEDIAS CASAS,CASA DE SHOWS,-23.52822,-46.66968,0DxeaLnv6SyYk2DOqkLO8c,POP,68.0,1627837.0,https://i.scdn.co/image/ab6761610000e5eb8b68d29a8713b8260aa18e19,GENRE_1,False,False
1635,MAGIC!,2025-08-02,2025,TOKIO MARINE HALL,MAGIC!,4000.0,MEDIAS CASAS,CASA DE SHOWS,-23.6383,-46.7203,0DxeaLnv6SyYk2DOqkLO8c,POP,68.0,1627837.0,https://i.scdn.co/image/ab6761610000e5eb8b68d29a8713b8260aa18e19,GENRE_1,False,False
1636,Kacey Musgraves,2025-09-28,2025,AUDIO,KACEY MUSGRAVES,3200.0,MEDIAS CASAS,CASA DE SHOWS,-23.52822,-46.66968,70kkdajctXSbqSMJbQO424,0,73.0,1618729.0,https://i.scdn.co/image/ab6761610000e5ebc548c7ff983f25641dc71ffe,GENRE_1,False,False
1637,Masego,2022-05-25,2022,AUDIO,MASEGO,3200.0,MEDIAS CASAS,CASA DE SHOWS,-23.52822,-46.66968,3ycxRkcZ67ALN3GQJ57Vig,0,70.0,1604018.0,https://i.scdn.co/image/ab6761610000e5eba12539a9a66ddf0b498d4d4a,GENRE_2,False,False
1638,Masego,2023-09-07,2023,AUTODROMO DE INTERLAGOS,MASEGO,100000.0,ARENAS E ESTADIOS,AREA EXTERNA PARA EVENTOS,-23.7000,-46.6972,3ycxRkcZ67ALN3GQJ57Vig,0,70.0,1604018.0,https://i.scdn.co/image/ab6761610000e5eba12539a9a66ddf0b498d4d4a,GENRE_2,THE TOWN,"MAROON 5, THE CHAINSMOKERS"
1639,Molchat Doma,2022-04-11,2022,AUDIO,MOLCHAT DOMA,3200.0,MEDIAS CASAS,CASA DE SHOWS,-23.52822,-46.66968,1nVq0hKIVReeaiB3xJgKf0,"POST-PUNK, DARKWAVE, COLD WAVE, GOTHIC ROCK",62.0,1594401.0,https://i.scdn.co/image/ab6761610000e5eb361fadaa6cab897cf6722f72,LETTER_1,False,False
1640,Molchat Doma,2025-11-15,2025,TOKIO MARINE HALL,MOLCHAT DOMA,4000.0,MEDIAS CASAS,CASA DE SHOWS,-23.6383,-46.7203,1nVq0hKIVReeaiB3xJgKf0,"POST-PUNK, DARKWAVE, COLD WAVE, GOTHIC ROCK",62.0,1594401.0,https://i.scdn.co/image/ab6761610000e5eb361fadaa6cab897cf6722f72,LETTER_1,False,False
1641,Men at Work,2024-02-21,2024,VIBRA SAO PAULO,MEN AT WORK,7000.0,MEDIAS CASAS,TEATRO E CASA DE ESPETACULOS,-23.6475,-46.7239,0f3EsoviYnRKTkmayI3cux,0,68.0,1588141.0,https://i.scdn.co/image/ab6761610000e5ebe856945244d104fcef298237,GENRE_1,False,False
1642,Jessie Reyez,2024-03-23,2024,AUTODROMO DE INTERLAGOS,JESSIE REYEZ,100000.0,ARENAS E ESTADIOS,AREA EXTERNA PARA EVENTOS,-23.7000,-46.6972,3KedxarmBCyFBevnqQHy3P,0,69.0,1580374.0,https://i.scdn.co/image/ab6761610000e5eb07a189e14b42d3c65d543c92,LETTER_1,LOLLAPALOOZA,"KINGS OF LEON, LIMP BIZKIT"
1643,Modest Mouse,2023-03-24,2023,AUTODROMO DE INTERLAGOS,MODEST MOUSE,100000.0,ARENAS E ESTADIOS,AREA EXTERNA PARA EVENTOS,-23.7000,-46.6972,1yAwtBaoHLEDWAnWR87hBT,"INDIE ROCK, INDIE, ALTERNATIVE ROCK",63.0,1576398.0,https://i.scdn.co/image/ab6761610000e5eb39b413eb76d2ae87496d76b8,GENRE_2,LOLLAPALOOZA,"BILLIE EILISH, LIL NAS X"
1644,Vulgo FK,2024-03-24,2024,AUTODROMO DE INTERLAGOS,VULGO FK,100000.0,ARENAS E ESTADIOS,AREA EXTERNA PARA EVENTOS,-23.7000,-46.6972,27azwwkxutWL1BWMkgNIh0,"BRAZILIAN TRAP, TRAP FUNK, TRAP, BRAZILIAN HIP HOP, BRAZILIAN FUNK",72.0,1561039.0,https://i.scdn.co/image/ab6761610000e5ebfee7ad420b223bd25ea93efd,LETTER_1,LOLLAPALOOZA,"SZA, SAM SMITH"
1645,Gilberto Gil,2024-03-24,2024,AUTODROMO DE INTERLAGOS,GILBERTO GIL,100000.0,ARENAS E ESTADIOS,AREA EXTERNA PARA EVENTOS,-23.7000,-46.6972,7oEkUINVIj1Nr3Wnj8tzqr,"MPB, BOSSA NOVA, FORRO TRADICIONAL, SAMBA, BRAZILIAN JAZZ",65.0,1559730.0,https://i.scdn.co/image/ab6761610000e5ebdf423bfb01afb1cf3d60d61a,GENRE_1,LOLLAPALOOZA,"SZA, SAM SMITH"
1646,Gilberto Gil,2024-03-24,2024,AUTODROMO DE INTERLAGOS,GILBERTO GIL,100000.0,ARENAS E ESTADIOS,AREA EXTERNA PARA EVENTOS,-23.7000,-46.6972,7oEkUINVIj1Nr3Wnj8tzqr,"MPB, BOSSA NOVA, FORRO TRADICIONAL, SAMBA, BRAZILIAN JAZZ",65.0,1559730.0,https://i.scdn.co/image/ab6761610000e5ebdf423bfb01afb1cf3d60d61a,GENRE_1,LOLLAPALOOZA,"SZA, SAM SMITH"
1647,Gilberto Gil,2024-03-24,2024,AUTODROMO DE INTERLAGOS,GILBERTO GIL,100000.0,ARENAS E ESTADIOS,AREA EXTERNA PARA EVENTOS,-23.7000,-46.6972,7oEkUINVIj1Nr3Wnj8tzqr,"MPB, BOSSA NOVA, FORRO TRADICIONAL, SAMBA, BRAZILIAN JAZZ",65.0,1559730.0,https://i.scdn.co/image/ab6761610000e5ebdf423bfb01afb1cf3d60d61a,GENRE_1,LOLLAPALOOZA,"SZA, SAM SMITH"
1648,Gilberto Gil,2025-04-11,2025,ALLIANZ PARQUE,GILBERTO GIL,45000.0,ARENAS E ESTADIOS,ESTADIO MULTIUSO,-23.5276207,-46.6784662,7oEkUINVIj1Nr3Wnj8tzqr,"MPB, BOSSA NOVA, FORRO TRADICIONAL, SAMBA, BRAZILIAN JAZZ",65.0,1559730.0,https://i.scdn.co/image/ab6761610000e5ebdf423bfb01afb1cf3d60d61a,GENRE_1,False,False
1649,Gilberto Gil,2025-04-11,2025,ALLIANZ PARQUE,GILBERTO GIL,45000.0,ARENAS E ESTADIOS,ESTADIO MULTIUSO,-23.5276207,-46.6784662,7oEkUINVIj1Nr3Wnj8tzqr,"MPB, BOSSA NOVA, FORRO TRADICIONAL, SAMBA, BRAZILIAN JAZZ",65.0,1559730.0,https://i.scdn.co/image/ab6761610000e5ebdf423bfb01afb1cf3d60d61a,GENRE_1,False,False
1650,Gilberto Gil,2025-04-11,2025,ALLIANZ PARQUE,GILBERTO GIL,45000.0,ARENAS E ESTADIOS,ESTADIO MULTIUSO,-23.5276207,-46.6784662,7oEkUINVIj1Nr3Wnj8tzqr,"MPB, BOSSA NOVA, FORRO TRADICIONAL, SAMBA, BRAZILIAN JAZZ",65.0,1559730.0,https://i.scdn.co/image/ab6761610000e5ebdf423bfb01afb1cf3d60d61a,GENRE_1,False,False
1651,Gilberto Gil,2025-04-12,2025,ALLIANZ PARQUE,GILBERTO GIL,45000.0,ARENAS E ESTADIOS,ESTADIO MULTIUSO,-23.5276207,-46.6784662,7oEkUINVIj1Nr3Wnj8tzqr,"MPB, BOSSA NOVA, FORRO TRADICIONAL, SAMBA, BRAZILIAN JAZZ",65.0,1559730.0,https://i.scdn.co/image/ab6761610000e5ebdf423bfb01afb1cf3d60d61a,GENRE_1,False,False
1652,Gilberto Gil,2025-04-12,2025,ALLIANZ PARQUE,GILBERTO GIL,45000.0,ARENAS E ESTADIOS,ESTADIO MULTIUSO,-23.5276207,-46.6784662,7oEkUINVIj1Nr3Wnj8tzqr,"MPB, BOSSA NOVA, FORRO TRADICIONAL, SAMBA, BRAZILIAN JAZZ",65.0,1559730.0,https://i.scdn.co/image/ab6761610000e5ebdf423bfb01afb1cf3d60d61a,GENRE_1,False,False
1653,Gilberto Gil,2025-04-12,2025,ALLIANZ PARQUE,GILBERTO GIL,45000.0,ARENAS E ESTADIOS,ESTADIO MULTIUSO,-23.5276207,-46.6784662,7oEkUINVIj1Nr3Wnj8tzqr,"MPB, BOSSA NOVA, FORRO TRADICIONAL, SAMBA, BRAZILIAN JAZZ",65.0,1559730.0,https://i.scdn.co/image/ab6761610000e5ebdf423bfb01afb1cf3d60d61a,GENRE_1,False,False
1654,Gilberto Gil,2025-04-25,2025,ALLIANZ PARQUE,GILBERTO GIL,45000.0,ARENAS E ESTADIOS,ESTADIO MULTIUSO,-23.5276207,-46.6784662,7oEkUINVIj1Nr3Wnj8tzqr,"MPB, BOSSA NOVA, FORRO TRADICIONAL, SAMBA, BRAZILIAN JAZZ",65.0,1559730.0,https://i.scdn.co/image/ab6761610000e5ebdf423bfb01afb1cf3d60d61a,GENRE_1,False,False
1655,Gilberto Gil,2025-04-25,2025,ALLIANZ PARQUE,GILBERTO GIL,45000.0,ARENAS E ESTADIOS,ESTADIO MULTIUSO,-23.5276207,-46.6784662,7oEkUINVIj1Nr3Wnj8tzqr,"MPB, BOSSA NOVA, FORRO TRADICIONAL, SAMBA, BRAZILIAN JAZZ",65.0,1559730.0,https://i.scdn.co/image/ab6761610000e5ebdf423bfb01afb1cf3d60d61a,GENRE_1,False,False
1656,Gilberto Gil,2025-04-25,2025,ALLIANZ PARQUE,GILBERTO GIL,45000.0,ARENAS E ESTADIOS,ESTADIO MULTIUSO,-23.5276207,-46.6784662,7oEkUINVIj1Nr3Wnj8tzqr,"MPB, BOSSA NOVA, FORRO TRADICIONAL, SAMBA, BRAZILIAN JAZZ",65.0,1559730.0,https://i.scdn.co/image/ab6761610000e5ebdf423bfb01afb1cf3d60d61a,GENRE_1,False,False
1657,Gilberto Gil,2025-04-26,2025,ALLIANZ PARQUE,GILBERTO GIL,45000.0,ARENAS E ESTADIOS,ESTADIO MULTIUSO,-23.5276207,-46.6784662,7oEkUINVIj1Nr3Wnj8tzqr,"MPB, BOSSA NOVA, FORRO TRADICIONAL, SAMBA, BRAZILIAN JAZZ",65.0,1559730.0,https://i.scdn.co/image/ab6761610000e5ebdf423bfb01afb1cf3d60d61a,GENRE_1,False,False
1658,Gilberto Gil,2025-04-26,2025,ALLIANZ PARQUE,GILBERTO GIL,45000.0,ARENAS E ESTADIOS,ESTADIO MULTIUSO,-23.5276207,-46.6784662,7oEkUINVIj1Nr3Wnj8tzqr,"MPB, BOSSA NOVA, FORRO TRADICIONAL, SAMBA, BRAZILIAN JAZZ",65.0,1559730.0,https://i.scdn.co/image/ab6761610000e5ebdf423bfb01afb1cf3d60d61a,GENRE_1,False,False
1659,Gilberto Gil,2025-04-26,2025,ALLIANZ PARQUE,GILBERTO GIL,45000.0,ARENAS E ESTADIOS,ESTADIO MULTIUSO,-23.5276207,-46.6784662,7oEkUINVIj1Nr3Wnj8tzqr,"MPB, BOSSA NOVA, FORRO TRADICIONAL, SAMBA, BRAZILIAN JAZZ",65.0,1559730.0,https://i.scdn.co/image/ab6761610000e5ebdf423bfb01afb1cf3d60d61a,GENRE_1,False,False
1660,Gilberto Gil,2025-10-17,2025,ALLIANZ PARQUE,GILBERTO GIL,45000.0,ARENAS E ESTADIOS,ESTADIO MULTIUSO,-23.5276207,-46.6784662,7oEkUINVIj1Nr3Wnj8tzqr,"MPB, BOSSA NOVA, FORRO TRADICIONAL, SAMBA, BRAZILIAN JAZZ",65.0,1559730.0,https://i.scdn.co/image/ab6761610000e5ebdf423bfb01afb1cf3d60d61a,GENRE_1,False,False
1661,Gilberto Gil,2025-10-17,2025,ALLIANZ PARQUE,GILBERTO GIL,45000.0,ARENAS E ESTADIOS,ESTADIO MULTIUSO,-23.5276207,-46.6784662,7oEkUINVIj1Nr3Wnj8tzqr,"MPB, BOSSA NOVA, FORRO TRADICIONAL, SAMBA, BRAZILIAN JAZZ",65.0,1559730.0,https://i.scdn.co/image/ab6761610000e5ebdf423bfb01afb1cf3d60d61a,GENRE_1,False,False
1662,Gilberto Gil,2025-10-17,2025,ALLIANZ PARQUE,GILBERTO GIL,45000.0,ARENAS E ESTADIOS,ESTADIO MULTIUSO,-23.5276207,-46.6784662,7oEkUINVIj1Nr3Wnj8tzqr,"MPB, BOSSA NOVA, FORRO TRADICIONAL, SAMBA, BRAZILIAN JAZZ",65.0,1559730.0,https://i.scdn.co/image/ab6761610000e5ebdf423bfb01afb1cf3d60d61a,GENRE_1,False,False
1663,Gilberto Gil,2025-10-18,2025,ALLIANZ PARQUE,GILBERTO GIL,45000.0,ARENAS E ESTADIOS,ESTADIO MULTIUSO,-23.5276207,-46.6784662,7oEkUINVIj1Nr3Wnj8tzqr,"MPB, BOSSA NOVA, FORRO TRADICIONAL, SAMBA, BRAZILIAN JAZZ",65.0,1559730.0,https://i.scdn.co/image/ab6761610000e5ebdf423bfb01afb1cf3d60d61a,GENRE_1,False,False
1664,Gilberto Gil,2025-10-18,2025,ALLIANZ PARQUE,GILBERTO GIL,45000.0,ARENAS E ESTADIOS,ESTADIO MULTIUSO,-23.5276207,-46.6784662,7oEkUINVIj1Nr3Wnj8tzqr,"MPB, BOSSA NOVA, FORRO TRADICIONAL, SAMBA, BRAZILIAN JAZZ",65.0,1559730.0,https://i.scdn.co/image/ab6761610000e5ebdf423bfb01afb1cf3d60d61a,GENRE_1,False,False
1665,Gilberto Gil,2025-10-18,2025,ALLIANZ PARQUE,GILBERTO GIL,45000.0,ARENAS E ESTADIOS,ESTADIO MULTIUSO,-23.5276207,-46.6784662,7oEkUINVIj1Nr3Wnj8tzqr,"MPB, BOSSA NOVA, FORRO TRADICIONAL, SAMBA, BRAZILIAN JAZZ",65.0,1559730.0,https://i.scdn.co/image/ab6761610000e5ebdf423bfb01afb1cf3d60d61a,GENRE_1,False,False
1666,Gilberto Gil,2022-09-16,2022,MEMORIAL DA AMERICA LATINA,GILBERTO GIL,15000.0,GRANDES CASAS,AREA EXTERNA PARA EVENTOS,-23.5274091,-46.6656539,7oEkUINVIj1Nr3Wnj8tzqr,"MPB, BOSSA NOVA, FORRO TRADICIONAL, SAMBA, BRAZILIAN JAZZ",65.0,1559730.0,https://i.scdn.co/image/ab6761610000e5ebdf423bfb01afb1cf3d60d61a,GENRE_1,COALA FESTIVAL,DJAVAN
1667,Gilberto Gil,2022-09-16,2022,MEMORIAL DA AMERICA LATINA,GILBERTO GIL,15000.0,GRANDES CASAS,AREA EXTERNA PARA EVENTOS,-23.5274091,-46.6656539,7oEkUINVIj1Nr3Wnj8tzqr,"MPB, BOSSA NOVA, FORRO TRADICIONAL, SAMBA, BRAZILIAN JAZZ",65.0,1559730.0,https://i.scdn.co/image/ab6761610000e5ebdf423bfb01afb1cf3d60d61a,GENRE_1,COALA FESTIVAL,DJAVAN
1668,Gilberto Gil,2022-09-16,2022,MEMORIAL DA AMERICA LATINA,GILBERTO GIL,15000.0,GRANDES CASAS,AREA EXTERNA PARA EVENTOS,-23.5274091,-46.6656539,7oEkUINVIj1Nr3Wnj8tzqr,"MPB, BOSSA NOVA, FORRO TRADICIONAL, SAMBA, BRAZILIAN JAZZ",65.0,1559730.0,https://i.scdn.co/image/ab6761610000e5ebdf423bfb01afb1cf3d60d61a,GENRE_1,COALA FESTIVAL,DJAVAN
1669,Gilberto Gil,2023-09-14,2023,ESPACO UNIMED,GILBERTO GIL,8000.0,MEDIAS CASAS,CASA DE SHOWS,-23.52812,-46.66805,7oEkUINVIj1Nr3Wnj8tzqr,"MPB, BOSSA NOVA, FORRO TRADICIONAL, SAMBA, BRAZILIAN JAZZ",65.0,1559730.0,https://i.scdn.co/image/ab6761610000e5ebdf423bfb01afb1cf3d60d61a,GENRE_1,False,False
1670,Gilberto Gil,2023-09-14,2023,ESPACO UNIMED,GILBERTO GIL,8000.0,MEDIAS CASAS,CASA DE SHOWS,-23.52812,-46.66805,7oEkUINVIj1Nr3Wnj8tzqr,"MPB, BOSSA NOVA, FORRO TRADICIONAL, SAMBA, BRAZILIAN JAZZ",65.0,1559730.0,https://i.scdn.co/image/ab6761610000e5ebdf423bfb01afb1cf3d60d61a,GENRE_1,False,False
1671,Gilberto Gil,2023-09-14,2023,ESPACO UNIMED,GILBERTO GIL,8000.0,MEDIAS CASAS,CASA DE SHOWS,-23.52812,-46.66805,7oEkUINVIj1Nr3Wnj8tzqr,"MPB, BOSSA NOVA, FORRO TRADICIONAL, SAMBA, BRAZILIAN JAZZ",65.0,1559730.0,https://i.scdn.co/image/ab6761610000e5ebdf423bfb01afb1cf3d60d61a,GENRE_1,False,False
1672,Gilberto Gil,2023-09-15,2023,ESPACO UNIMED,GILBERTO GIL,8000.0,MEDIAS CASAS,CASA DE SHOWS,-23.52812,-46.66805,7oEkUINVIj1Nr3Wnj8tzqr,"MPB, BOSSA NOVA, FORRO TRADICIONAL, SAMBA, BRAZILIAN JAZZ",65.0,1559730.0,https://i.scdn.co/image/ab6761610000e5ebdf423bfb01afb1cf3d60d61a,GENRE_1,False,False
1673,Gilberto Gil,2023-09-15,2023,ESPACO UNIMED,GILBERTO GIL,8000.0,MEDIAS CASAS,CASA DE SHOWS,-23.52812,-46.66805,7oEkUINVIj1Nr3Wnj8tzqr,"MPB, BOSSA NOVA, FORRO TRADICIONAL, SAMBA, BRAZILIAN JAZZ",65.0,1559730.0,https://i.scdn.co/image/ab6761610000e5ebdf423bfb01afb1cf3d60d61a,GENRE_1,False,False
1674,Gilberto Gil,2023-09-15,2023,ESPACO UNIMED,GILBERTO GIL,8000.0,MEDIAS CASAS,CASA DE SHOWS,-23.52812,-46.66805,7oEkUINVIj1Nr3Wnj8tzqr,"MPB, BOSSA NOVA, FORRO TRADICIONAL, SAMBA, BRAZILIAN JAZZ",65.0,1559730.0,https://i.scdn.co/image/ab6761610000e5ebdf423bfb01afb1cf3d60d61a,GENRE_1,False,False
1675,Gilberto Gil,2023-09-16,2023,ESPACO UNIMED,GILBERTO GIL,8000.0,MEDIAS CASAS,CASA DE SHOWS,-23.52812,-46.66805,7oEkUINVIj1Nr3Wnj8tzqr,"MPB, BOSSA NOVA, FORRO TRADICIONAL, SAMBA, BRAZILIAN JAZZ",65.0,1559730.0,https://i.scdn.co/image/ab6761610000e5ebdf423bfb01afb1cf3d60d61a,GENRE_1,False,False
1676,Gilberto Gil,2023-09-16,2023,ESPACO UNIMED,GILBERTO GIL,8000.0,MEDIAS CASAS,CASA DE SHOWS,-23.52812,-46.66805,7oEkUINVIj1Nr3Wnj8tzqr,"MPB, BOSSA NOVA, FORRO TRADICIONAL, SAMBA, BRAZILIAN JAZZ",65.0,1559730.0,https://i.scdn.co/image/ab6761610000e5ebdf423bfb01afb1cf3d60d61a,GENRE_1,False,False
1677,Gilberto Gil,2023-09-16,2023,ESPACO UNIMED,GILBERTO GIL,8000.0,MEDIAS CASAS,CASA DE SHOWS,-23.52812,-46.66805,7oEkUINVIj1Nr3Wnj8tzqr,"MPB, BOSSA NOVA, FORRO TRADICIONAL, SAMBA, BRAZILIAN JAZZ",65.0,1559730.0,https://i.scdn.co/image/ab6761610000e5ebdf423bfb01afb1cf3d60d61a,GENRE_1,False,False
1678,Thundercat,2025-08-20,2025,AUDIO,THUNDERCAT,3200.0,MEDIAS CASAS,CASA DE SHOWS,-23.52822,-46.66968,4frXpPxQQZwbCu3eTGnZEw,0,69.0,1536445.0,https://i.scdn.co/image/ab6761610000e5eb6941830307896269157f7dd4,LETTER_2,False,False
1679,Thundercat,2023-11-05,2023,ALLIANZ PARQUE,THUNDERCAT,45000.0,ARENAS E ESTADIOS,ESTADIO MULTIUSO,-23.5276207,-46.6784662,4frXpPxQQZwbCu3eTGnZEw,0,69.0,1536445.0,https://i.scdn.co/image/ab6761610000e5eb6941830307896269157f7dd4,LETTER_2,False,False
1680,Calcinha Preta,2022-02-04,2022,CENTRO DE TRADICOES NORDESTINAS,CALCINHA PRETA,5000.0,MEDIAS CASAS,CASA DE SHOWS,-23.4723,-46.6299,6Kps94g1Npexh3LrinIOvC,"FORRO, BREGA, TECNOBREGA, ARROCHA, FORRO TRADICIONAL, CALYPSO, PISEIRO, SERESTA",66.0,1528855.0,https://i.scdn.co/image/ab6761610000e5eb8a03f908ece3a577ed59691c,LETTER_1,False,False
1681,Calcinha Preta,2025-08-09,2025,NEO QUIMICA ARENA,CALCINHA PRETA,49000.0,ARENAS E ESTADIOS,ESTADIO MULTIUSO,-23.54534,-46.47476,6Kps94g1Npexh3LrinIOvC,"FORRO, BREGA, TECNOBREGA, ARROCHA, FORRO TRADICIONAL, CALYPSO, PISEIRO, SERESTA",66.0,1528855.0,https://i.scdn.co/image/ab6761610000e5eb8a03f908ece3a577ed59691c,LETTER_1,False,False
1682,Calcinha Preta,2024-07-08,2024,TERRA SP,CALCINHA PRETA,6000.0,MEDIAS CASAS,CASA DE SHOWS,-23.6463,-46.7763,6Kps94g1Npexh3LrinIOvC,"FORRO, BREGA, TECNOBREGA, ARROCHA, FORRO TRADICIONAL, CALYPSO, PISEIRO, SERESTA",66.0,1528855.0,https://i.scdn.co/image/ab6761610000e5eb8a03f908ece3a577ed59691c,LETTER_1,False,False
1683,Calcinha Preta,2024-11-16,2024,TERRA SP,CALCINHA PRETA,6000.0,MEDIAS CASAS,CASA DE SHOWS,-23.6463,-46.7763,6Kps94g1Npexh3LrinIOvC,"FORRO, BREGA, TECNOBREGA, ARROCHA, FORRO TRADICIONAL, CALYPSO, PISEIRO, SERESTA",66.0,1528855.0,https://i.scdn.co/image/ab6761610000e5eb8a03f908ece3a577ed59691c,LETTER_1,False,False
1684,Trio Parada Dura,2024-08-16,2024,VILLA COUNTRY,TRIO PARADA DURA,8000.0,MEDIAS CASAS,CASA DE SHOWS,-23.5832,-46.6348,41fjoh5NjJhlDHYIUb9Hsk,"SERTANEJO TRADICIONAL, SERTANEJO",62.0,1517368.0,https://i.scdn.co/image/ab6761610000e5eb1cf4338612bd3c9e140b6d11,LETTER_1,False,False
1685,Trio Parada Dura,2024-08-16,2024,VILLA COUNTRY,TRIO PARADA DURA,8000.0,MEDIAS CASAS,CASA DE SHOWS,-23.5832,-46.6348,41fjoh5NjJhlDHYIUb9Hsk,"SERTANEJO TRADICIONAL, SERTANEJO",62.0,1517368.0,https://i.scdn.co/image/ab6761610000e5eb1cf4338612bd3c9e140b6d11,LETTER_1,False,False
1686,Maria Bethânia,2022-04-16,2022,ESPACO DAS AMERICAS,MARIA BETHANIA,8000.0,MEDIAS CASAS,CASA DE SHOWS,-23.5156,-46.6820,3f5VCwd57gZsqMad28jyLV,"MPB, SAMBA, BOSSA NOVA, AXE",64.0,1514533.0,https://i.scdn.co/image/ab6761610000e5eb6dd0de52c3b1a36a6400eb6d,LETTER_1,False,False
1687,Maria Bethânia,2022-09-18,2022,MEMORIAL DA AMERICA LATINA,MARIA BETHANIA,15000.0,GRANDES CASAS,AREA EXTERNA PARA EVENTOS,-23.5274091,-46.6656539,3f5VCwd57gZsqMad28jyLV,"MPB, SAMBA, BOSSA NOVA, AXE",64.0,1514533.0,https://i.scdn.co/image/ab6761610000e5eb6dd0de52c3b1a36a6400eb6d,LETTER_1,COALA FESTIVAL,"MARIA BETHANIA, ALCEU VALENCA"
1688,Maria Bethânia,2025-10-04,2025,TOKIO MARINE HALL,MARIA BETHANIA,4000.0,MEDIAS CASAS,CASA DE SHOWS,-23.6383,-46.7203,3f5VCwd57gZsqMad28jyLV,"MPB, SAMBA, BOSSA NOVA, AXE",64.0,1514533.0,https://i.scdn.co/image/ab6761610000e5eb6dd0de52c3b1a36a6400eb6d,LETTER_1,False,False
1689,Maria Bethânia,2025-10-05,2025,TOKIO MARINE HALL,MARIA BETHANIA,4000.0,MEDIAS CASAS,CASA DE SHOWS,-23.6383,-46.7203,3f5VCwd57gZsqMad28jyLV,"MPB, SAMBA, BOSSA NOVA, AXE",64.0,1514533.0,https://i.scdn.co/image/ab6761610000e5eb6dd0de52c3b1a36a6400eb6d,LETTER_1,False,False
1690,Maria Bethânia,2025-10-11,2025,TOKIO MARINE HALL,MARIA BETHANIA,4000.0,MEDIAS CASAS,CASA DE SHOWS,-23.6383,-46.7203,3f5VCwd57gZsqMad28jyLV,"MPB, SAMBA, BOSSA NOVA, AXE",64.0,1514533.0,https://i.scdn.co/image/ab6761610000e5eb6dd0de52c3b1a36a6400eb6d,LETTER_1,False,False
1691,Maria Bethânia,2025-10-12,2025,TOKIO MARINE HALL,MARIA BETHANIA,4000.0,MEDIAS CASAS,CASA DE SHOWS,-23.6383,-46.7203,3f5VCwd57gZsqMad28jyLV,"MPB, SAMBA, BOSSA NOVA, AXE",64.0,1514533.0,https://i.scdn.co/image/ab6761610000e5eb6dd0de52c3b1a36a6400eb6d,LETTER_1,False,False
1692,Maria Bethânia,2025-10-19,2025,TOKIO MARINE HALL,MARIA BETHANIA,4000.0,MEDIAS CASAS,CASA DE SHOWS,-23.6383,-46.7203,3f5VCwd57gZsqMad28jyLV,"MPB, SAMBA, BOSSA NOVA, AXE",64.0,1514533.0,https://i.scdn.co/image/ab6761610000e5eb6dd0de52c3b1a36a6400eb6d,LETTER_1,False,False
1693,Maria Bethânia,2025-10-25,2025,TOKIO MARINE HALL,MARIA BETHANIA,4000.0,MEDIAS CASAS,CASA DE SHOWS,-23.6383,-46.7203,3f5VCwd57gZsqMad28jyLV,"MPB, SAMBA, BOSSA NOVA, AXE",64.0,1514533.0,https://i.scdn.co/image/ab6761610000e5eb6dd0de52c3b1a36a6400eb6d,LETTER_1,False,False
1694,Maria Bethânia,2025-10-26,2025,TOKIO MARINE HALL,MARIA BETHANIA,4000.0,MEDIAS CASAS,CASA DE SHOWS,-23.6383,-46.7203,3f5VCwd57gZsqMad28jyLV,"MPB, SAMBA, BOSSA NOVA, AXE",64.0,1514533.0,https://i.scdn.co/image/ab6761610000e5eb6dd0de52c3b1a36a6400eb6d,LETTER_1,False,False
1695,Maria Bethânia,2024-03-09,2024,ESPACO UNIMED,MARIA BETHANIA,8000.0,MEDIAS CASAS,CASA DE SHOWS,-23.52812,-46.66805,3f5VCwd57gZsqMad28jyLV,"MPB, SAMBA, BOSSA NOVA, AXE",64.0,1514533.0,https://i.scdn.co/image/ab6761610000e5eb6dd0de52c3b1a36a6400eb6d,LETTER_1,False,False
1696,Maria Bethânia,2024-03-10,2024,ESPACO UNIMED,MARIA BETHANIA,8000.0,MEDIAS CASAS,CASA DE SHOWS,-23.52812,-46.66805,3f5VCwd57gZsqMad28jyLV,"MPB, SAMBA, BOSSA NOVA, AXE",64.0,1514533.0,https://i.scdn.co/image/ab6761610000e5eb6dd0de52c3b1a36a6400eb6d,LETTER_1,False,False
1697,DPR IAN,2022-10-16,2022,AUDIO,DPR IAN,3200.0,MEDIAS CASAS,CASA DE SHOWS,-23.52822,-46.66968,2o8gT0fQmFxGNbowbdgeZe,K-RAP,63.0,1511691.0,https://i.scdn.co/image/ab6761610000e5ebe7cf64e17ae7a7ea4173f5ea,LETTER_1,False,False
1698,DPR IAN,2024-10-14,2024,KOMPLEXO TEMPO,DPR IAN,3000.0,MEDIAS CASAS,CASA DE SHOWS,-23.57034,-46.60027,2o8gT0fQmFxGNbowbdgeZe,K-RAP,63.0,1511691.0,https://i.scdn.co/image/ab6761610000e5ebe7cf64e17ae7a7ea4173f5ea,LETTER_1,False,False
1699,Axwell,2023-04-22,2023,VALE DO ANHANGABAU,AXWELL,35000.0,GRANDES CASAS,AREA EXTERNA PARA EVENTOS,-23.54429,-46.63623,1xNmvlEiICkRlRGqlNFZ43,EDM,68.0,1505390.0,https://i.scdn.co/image/ab6761610000e5eb47df925e56857f312974ff55,LETTER_1,ULTRA BRASIL,DJ SNAKE
1700,Yeah Yeah Yeahs,2023-09-09,2023,AUTODROMO DE INTERLAGOS,YEAH YEAH YEAHS,100000.0,ARENAS E ESTADIOS,AREA EXTERNA PARA EVENTOS,-23.7000,-46.6972,3TNt4aUIxgfy9aoaft5Jj2,0,67.0,1480606.0,https://i.scdn.co/image/ab6761610000e5eb746654923d25b6bf7c16e899,GENRE_1,THE TOWN,FOO FIGHTERS
1701,Caio Luccas,2023-09-02,2023,AUTODROMO DE INTERLAGOS,CAIO LUCCAS,100000.0,ARENAS E ESTADIOS,AREA EXTERNA PARA EVENTOS,-23.7000,-46.6972,1a3fr7NdeBT4JlGj6YlbDL,"BRAZILIAN TRAP, TRAP FUNK, TRAP, BRAZILIAN HIP HOP",67.0,1473784.0,https://i.scdn.co/image/ab6761610000e5eb7af90adc99b6c09e5cbc8e00,LETTER_1,THE TOWN,"POST MALONE, DEMI LOVATO"
1702,Caio Luccas,2025-11-21,2025,NEO QUIMICA ARENA,CAIO LUCCAS,49000.0,ARENAS E ESTADIOS,ESTADIO MULTIUSO,-23.54534,-46.47476,1a3fr7NdeBT4JlGj6YlbDL,"BRAZILIAN TRAP, TRAP FUNK, TRAP, BRAZILIAN HIP HOP",67.0,1473784.0,https://i.scdn.co/image/ab6761610000e5eb7af90adc99b6c09e5cbc8e00,LETTER_1,False,False
1703,Fleet Foxes,2022-12-11,2022,TOKIO MARINE HALL,FLEET FOXES,4000.0,MEDIAS CASAS,CASA DE SHOWS,-23.6383,-46.7203,4EVpmkEwrLYEg6jIsiPMIb,"INDIE FOLK, FOLK, INDIE",64.0,1451220.0,https://i.scdn.co/image/ab6761610000e5eb7d2e812e63d6df77ee087b47,GENRE_2,False,False
1704,HAIM,2023-06-04,2023,NOVO ANHANGABAU,HAIM,35000.0,GRANDES CASAS,AREA EXTERNA PARA EVENTOS,-23.54429,-46.63623,4Ui2kfOqGujY81UcPrb5KE,0,65.0,1437515.0,https://i.scdn.co/image/ab6761610000e5eb09f7ea29906a367f0648e0bc,GENRE_2,MITA FESTIVAL,FLORENCE + THE MACHINE
1705,Armandinho,2024-11-30,2024,AUDIO,ARMANDINHO,3200.0,MEDIAS CASAS,CASA DE SHOWS,-23.52822,-46.66968,3h7RaVXBvdSNa7LXQtVYqH,"REGGAE, MPB",66.0,1434392.0,https://i.scdn.co/image/ab6761610000e5eb826079575686a7c942e01da4,LETTER_1,False,False
1706,Armandinho,2024-06-09,2024,ALLIANZ PARQUE,ARMANDINHO,45000.0,ARENAS E ESTADIOS,ESTADIO MULTIUSO,-23.5276207,-46.6784662,3h7RaVXBvdSNa7LXQtVYqH,"REGGAE, MPB",66.0,1434392.0,https://i.scdn.co/image/ab6761610000e5eb826079575686a7c942e01da4,LETTER_1,False,False
1707,Armandinho,2022-06-15,2022,ESPACO UNIMED,ARMANDINHO,8000.0,MEDIAS CASAS,CASA DE SHOWS,-23.52812,-46.66805,3h7RaVXBvdSNa7LXQtVYqH,"REGGAE, MPB",66.0,1434392.0,https://i.scdn.co/image/ab6761610000e5eb826079575686a7c942e01da4,LETTER_1,False,False
1708,Armandinho,2023-05-06,2023,DISTRITO ANHEMBI,ARMANDINHO,35000.0,GRANDES CASAS,AREA EXTERNA PARA EVENTOS,-23.51611,-46.64320,3h7RaVXBvdSNa7LXQtVYqH,"REGGAE, MPB",66.0,1434392.0,https://i.scdn.co/image/ab6761610000e5eb826079575686a7c942e01da4,LETTER_1,False,False
1709,Suki Waterhouse,2023-03-24,2023,AUTODROMO DE INTERLAGOS,SUKI WATERHOUSE,100000.0,ARENAS E ESTADIOS,AREA EXTERNA PARA EVENTOS,-23.7000,-46.6972,5GGJosGMs08YEmKTZJe1fL,0,69.0,1422868.0,https://i.scdn.co/image/ab6761610000e5ebc2bb10016e2e142f397f780c,GENRE_2,LOLLAPALOOZA,"BILLIE EILISH, LIL NAS X"
1710,Within Temptation,2024-04-27,2024,MEMORIAL DA AMERICA LATINA,WITHIN TEMPTATION,15000.0,GRANDES CASAS,AREA EXTERNA PARA EVENTOS,-23.5274091,-46.6656539,3hE8S8ohRErocpkY7uJW4a,"SYMPHONIC METAL, GOTHIC METAL, GOTHIC ROCK, POWER METAL, METAL",62.0,1417989.0,https://i.scdn.co/image/ab6761610000e5eb9d081a5e8f131e9076ac74de,GENRE_2,SUMMER BREEZE BRASIL,"WITHIN TEMPTATION, EPICA"
1711,Vanessa da Mata,2021-10-23,2021,TOM BRASIL,VANESSA DA MATA,4000.0,MEDIAS CASAS,CASA DE SHOWS,-23.602102,-46.687800,57pVvBwa3ZCR9LsVlkLXj7,"MPB, NOVA MPB, SAMBA",66.0,1402942.0,https://i.scdn.co/image/ab6761610000e5eb0726b3a2a4db36495765f020,LETTER_1,False,False
1712,Vanessa da Mata,2024-04-27,2024,TOKIO MARINE HALL,VANESSA DA MATA,4000.0,MEDIAS CASAS,CASA DE SHOWS,-23.6383,-46.7203,57pVvBwa3ZCR9LsVlkLXj7,"MPB, NOVA MPB, SAMBA",66.0,1402942.0,https://i.scdn.co/image/ab6761610000e5eb0726b3a2a4db36495765f020,LETTER_1,False,False
1713,Vanessa da Mata,2022-10-16,2022,SAMBODROMO DO ANHEMBI,VANESSA DA MATA,100000.0,ARENAS E ESTADIOS,AREA EXTERNA PARA EVENTOS,-23.5079,-46.6379,57pVvBwa3ZCR9LsVlkLXj7,"MPB, NOVA MPB, SAMBA",66.0,1402942.0,https://i.scdn.co/image/ab6761610000e5eb0726b3a2a4db36495765f020,LETTER_1,False,False
1714,Vanessa da Mata,2025-07-19,2025,VIBRA SAO PAULO,VANESSA DA MATA,7000.0,MEDIAS CASAS,TEATRO E CASA DE ESPETACULOS,-23.6475,-46.7239,57pVvBwa3ZCR9LsVlkLXj7,"MPB, NOVA MPB, SAMBA",66.0,1402942.0,https://i.scdn.co/image/ab6761610000e5eb0726b3a2a4db36495765f020,LETTER_1,False,False
1715,Artemas,2025-03-29,2025,AUTODROMO DE INTERLAGOS,ARTEMAS,100000.0,ARENAS E ESTADIOS,AREA EXTERNA PARA EVENTOS,-23.7000,-46.6972,0PCCGZ0wGLizHt2KZ7hhA2,0,75.0,1396831.0,https://i.scdn.co/image/ab6761610000e5ebf154f40183c986c20aab75e9,GENRE_1,LOLLAPALOOZA,SHAWN MENDES
1716,Helloween,2023-04-22,2023,ALLIANZ PARQUE,HELLOWEEN,45000.0,ARENAS E ESTADIOS,ESTADIO MULTIUSO,-23.5276207,-46.6784662,4pQN0GB0fNEEOfQCaWotsY,"POWER METAL, SPEED METAL, HEAVY METAL, METAL, SYMPHONIC METAL",61.0,1396792.0,https://i.scdn.co/image/ab6761610000e5eb7d6b878498239115a09316d3,GENRE_2,MONSTERS OF ROCK,"KISS, SCORPIONS"
1717,Helloween,2022-10-08,2022,ESPACO UNIMED,HELLOWEEN,8000.0,MEDIAS CASAS,CASA DE SHOWS,-23.52812,-46.66805,4pQN0GB0fNEEOfQCaWotsY,"POWER METAL, SPEED METAL, HEAVY METAL, METAL, SYMPHONIC METAL",61.0,1396792.0,https://i.scdn.co/image/ab6761610000e5eb7d6b878498239115a09316d3,GENRE_2,False,False
1718,Helloween,2022-10-09,2022,ESPACO UNIMED,HELLOWEEN,8000.0,MEDIAS CASAS,CASA DE SHOWS,-23.52812,-46.66805,4pQN0GB0fNEEOfQCaWotsY,"POWER METAL, SPEED METAL, HEAVY METAL, METAL, SYMPHONIC METAL",61.0,1396792.0,https://i.scdn.co/image/ab6761610000e5eb7d6b878498239115a09316d3,GENRE_2,False,False
1719,Mayday Parade,2024-03-02,2024,ALLIANZ PARQUE,MAYDAY PARADE,45000.0,ARENAS E ESTADIOS,ESTADIO MULTIUSO,-23.5276207,-46.6784662,3WfJ1OtrWI7RViX9DMyEGy,"POP PUNK, EMO",60.0,1391680.0,https://i.scdn.co/image/ab6761610000e5eb02b1303f6926ec11f5f8f91d,GENRE_2,I WANNA BE TOUR,SIMPLE PLAN
1720,Slowdive,2023-12-02,2023,AUTODROMO DE INTERLAGOS,SLOWDIVE,100000.0,ARENAS E ESTADIOS,AREA EXTERNA PARA EVENTOS,-23.7000,-46.6972,72X6FHxaShda0XeQw3vbeF,"SHOEGAZE, DREAM POP, SLOWCORE",66.0,1383671.0,https://i.scdn.co/image/ab6761610000e5eb653481f50df3c11791d6132a,GENRE_1,False,False
1721,Tokio Hotel,2024-12-12,2024,VIBRA SAO PAULO,TOKIO HOTEL,7000.0,MEDIAS CASAS,TEATRO E CASA DE ESPETACULOS,-23.6475,-46.7239,46aNfN89JrOQTCy97GoCHa,"POP ROCK, EMO",64.0,1380675.0,https://i.scdn.co/image/ab6761610000e5eb1bb213762bb8cc8c51802648,LETTER_2,False,False
1722,Plain White T’s,2024-03-02,2024,ALLIANZ PARQUE,PLAIN WHITE T'S,45000.0,ARENAS E ESTADIOS,ESTADIO MULTIUSO,-23.5276207,-46.6784662,1g1yxsNVPhMUl9GrMjEb2o,ALTERNATIVEROCK,63.0,1350270.0,https://i.scdn.co/image/ab6761610000e5ebe7307e9f17a33d20de1688ae,GENRE_2,I WANNA BE TOUR,SIMPLE PLAN
1723,Paul Kalkbrenner,2023-09-03,2023,AUTODROMO DE INTERLAGOS,PAUL KALKBRENNER,100000.0,ARENAS E ESTADIOS,AREA EXTERNA PARA EVENTOS,-23.7000,-46.6972,0rasA5Z5h1ITtHelCpfu9R,"MINIMAL TECHNO, ELECTRO",67.0,1347879.0,https://i.scdn.co/image/ab6761610000e5ebb72a52d500aa9e245f9ee6a1,LETTER_2,THE TOWN,"BRUNO MARS, BEBE REXHA"
1724,Garbage,2023-09-09,2023,AUTODROMO DE INTERLAGOS,GARBAGE,100000.0,ARENAS E ESTADIOS,AREA EXTERNA PARA EVENTOS,-23.7000,-46.6972,6S0GHTqz5sxK5f9HtLXn9q,ROCK,60.0,1335658.0,https://i.scdn.co/image/ab6761610000e5eb370f18dc80c5e21816c42ea8,LETTER_1,THE TOWN,FOO FIGHTERS
1725,Garbage,2025-03-22,2025,TERRA SP,GARBAGE,6000.0,MEDIAS CASAS,CASA DE SHOWS,-23.6463,-46.7763,6S0GHTqz5sxK5f9HtLXn9q,ROCK,60.0,1335658.0,https://i.scdn.co/image/ab6761610000e5eb370f18dc80c5e21816c42ea8,LETTER_1,False,False
1726,Nothing But Thieves,2024-03-24,2024,AUTODROMO DE INTERLAGOS,NOTHING BUT THIEVES,100000.0,ARENAS E ESTADIOS,AREA EXTERNA PARA EVENTOS,-23.7000,-46.6972,1kDGbuxWknIKx4FlgWxiSp,0,64.0,1330675.0,https://i.scdn.co/image/ab6761610000e5eb065faf07b0343e97bf3fba57,LETTER_2,LOLLAPALOOZA,"SZA, SAM SMITH"
1727,The Used,2024-03-02,2024,ALLIANZ PARQUE,THE USED,45000.0,ARENAS E ESTADIOS,ESTADIO MULTIUSO,-23.5276207,-46.6784662,55VydwMyCuGcavwPuhutPL,"EMO, SCREAMO, POST-HARDCORE, POP PUNK",62.0,1310468.0,https://i.scdn.co/image/ab6761610000e5ebfe63dc4df1696a6f6af0db15,LETTER_2,I WANNA BE TOUR,SIMPLE PLAN
1728,Timmy Trumpet,2024-03-23,2024,AUTODROMO DE INTERLAGOS,TIMMY TRUMPET,100000.0,ARENAS E ESTADIOS,AREA EXTERNA PARA EVENTOS,-23.7000,-46.6972,0CbeG1224FS58EUx4tPevZ,"MELBOURNE BOUNCE, BIG ROOM",70.0,1308644.0,https://i.scdn.co/image/ab6761610000e5eb82ac9eee4c8a5f57412b4821,LETTER_2,LOLLAPALOOZA,"KINGS OF LEON, LIMP BIZKIT"
1729,Timmy Trumpet,2023-04-21,2023,VALE DO ANHANGABAU,TIMMY TRUMPET,35000.0,GRANDES CASAS,AREA EXTERNA PARA EVENTOS,-23.54429,-46.63623,0CbeG1224FS58EUx4tPevZ,"MELBOURNE BOUNCE, BIG ROOM",70.0,1308644.0,https://i.scdn.co/image/ab6761610000e5eb82ac9eee4c8a5f57412b4821,LETTER_2,ULTRA BRASIL,MASHMALLOW
1730,In Flames,2023-11-09,2023,TOKIO MARINE HALL,IN FLAMES,4000.0,MEDIAS CASAS,CASA DE SHOWS,-23.6383,-46.7203,57ylwQTnFnIhJh4nu4rxCs,"MELODIC DEATH METAL, METAL, DEATH METAL, METALCORE",62.0,1295852.0,https://i.scdn.co/image/ab6761610000e5eb5c3bd919d1344a738af14136,GENRE_2,False,False
1731,Boys Like Girls,2024-03-02,2024,ALLIANZ PARQUE,BOYS LIKE GIRLS,45000.0,ARENAS E ESTADIOS,ESTADIO MULTIUSO,-23.5276207,-46.6784662,0vWCyXMrrvMlCcepuOJaGI,"POP PUNK, EMO",60.0,1288544.0,https://i.scdn.co/image/ab6761610000e5ebfd868f2b53374ebcbdda8379,GENRE_2,I WANNA BE TOUR,SIMPLE PLAN
1732,Parkway Drive,2023-04-30,2023,MEMORIAL DA AMERICA LATINA,PARKWAY DRIVE,15000.0,GRANDES CASAS,AREA EXTERNA PARA EVENTOS,-23.5274091,-46.6656539,159qqlGwzE04xyqpfAwRLo,"METALCORE, METAL, DEATHCORE",64.0,1283206.0,https://i.scdn.co/image/ab6761610000e5ebd509fc845244baef598a67df,GENRE_2,SUMMER BREEZE BRASIL,"PARKWAY DRIVE, EVERGREY"
1733,Kenny G,2025-10-10,2025,ESPACO UNIMED,KENNY G,8000.0,MEDIAS CASAS,CASA DE SHOWS,-23.52812,-46.66805,6I3M904Y9IwgDjrQ9pANiB,"SMOOTH JAZZ, CHRISTMAS",66.0,1275453.0,https://i.scdn.co/image/ab6761610000e5ebfce79bf01d99f9434108b56e,LETTER_1,False,False
1734,Marcelo D2,2023-06-16,2023,AUDIO,MARCELO D2,3200.0,MEDIAS CASAS,CASA DE SHOWS,-23.52822,-46.66968,1vEN3d3dJbmdHQpXD6AIkL,"BRAZILIAN HIP HOP, SAMBA, BRAZILIAN ROCK",61.0,1274774.0,https://i.scdn.co/image/ab6761610000e5ebdf1e74e220a545a0df8a52ef,LETTER_1,False,False
1735,Marcelo D2,2023-06-16,2023,AUDIO,MARCELO D2,3200.0,MEDIAS CASAS,CASA DE SHOWS,-23.52822,-46.66968,1vEN3d3dJbmdHQpXD6AIkL,"BRAZILIAN HIP HOP, SAMBA, BRAZILIAN ROCK",61.0,1274774.0,https://i.scdn.co/image/ab6761610000e5ebdf1e74e220a545a0df8a52ef,LETTER_1,False,False
1736,Marcelo D2,2024-10-26,2024,AUDIO,MARCELO D2,3200.0,MEDIAS CASAS,CASA DE SHOWS,-23.52822,-46.66968,1vEN3d3dJbmdHQpXD6AIkL,"BRAZILIAN HIP HOP, SAMBA, BRAZILIAN ROCK",61.0,1274774.0,https://i.scdn.co/image/ab6761610000e5ebdf1e74e220a545a0df8a52ef,LETTER_1,False,False
1737,Marcelo D2,2024-10-26,2024,AUDIO,MARCELO D2,3200.0,MEDIAS CASAS,CASA DE SHOWS,-23.52822,-46.66968,1vEN3d3dJbmdHQpXD6AIkL,"BRAZILIAN HIP HOP, SAMBA, BRAZILIAN ROCK",61.0,1274774.0,https://i.scdn.co/image/ab6761610000e5ebdf1e74e220a545a0df8a52ef,LETTER_1,False,False
1738,Marcelo D2,2024-03-22,2024,AUTODROMO DE INTERLAGOS,MARCELO D2,100000.0,ARENAS E ESTADIOS,AREA EXTERNA PARA EVENTOS,-23.7000,-46.6972,1vEN3d3dJbmdHQpXD6AIkL,"BRAZILIAN HIP HOP, SAMBA, BRAZILIAN ROCK",61.0,1274774.0,https://i.scdn.co/image/ab6761610000e5ebdf1e74e220a545a0df8a52ef,LETTER_1,LOLLAPALOOZA,"BLINK-182,ARCADE FIRE"
1739,Marcelo D2,2024-03-22,2024,AUTODROMO DE INTERLAGOS,MARCELO D2,100000.0,ARENAS E ESTADIOS,AREA EXTERNA PARA EVENTOS,-23.7000,-46.6972,1vEN3d3dJbmdHQpXD6AIkL,"BRAZILIAN HIP HOP, SAMBA, BRAZILIAN ROCK",61.0,1274774.0,https://i.scdn.co/image/ab6761610000e5ebdf1e74e220a545a0df8a52ef,LETTER_1,LOLLAPALOOZA,"BLINK-182,ARCADE FIRE"
1740,Marcelo D2,2024-11-06,2024,CENTRO CULTURAL SAO PAULO,MARCELO D2,2000.0,MEDIAS CASAS,TEATRO E CASA DE ESPETACULOS,-23.5708,-46.6403,1vEN3d3dJbmdHQpXD6AIkL,"BRAZILIAN HIP HOP, SAMBA, BRAZILIAN ROCK",61.0,1274774.0,https://i.scdn.co/image/ab6761610000e5ebdf1e74e220a545a0df8a52ef,LETTER_1,False,False
1741,Marcelo D2,2024-11-06,2024,CENTRO CULTURAL SAO PAULO,MARCELO D2,2000.0,MEDIAS CASAS,TEATRO E CASA DE ESPETACULOS,-23.5708,-46.6403,1vEN3d3dJbmdHQpXD6AIkL,"BRAZILIAN HIP HOP, SAMBA, BRAZILIAN ROCK",61.0,1274774.0,https://i.scdn.co/image/ab6761610000e5ebdf1e74e220a545a0df8a52ef,LETTER_1,False,False
1742,Marcelo D2,2024-11-07,2024,CENTRO CULTURAL SAO PAULO,MARCELO D2,2000.0,MEDIAS CASAS,TEATRO E CASA DE ESPETACULOS,-23.5708,-46.6403,1vEN3d3dJbmdHQpXD6AIkL,"BRAZILIAN HIP HOP, SAMBA, BRAZILIAN ROCK",61.0,1274774.0,https://i.scdn.co/image/ab6761610000e5ebdf1e74e220a545a0df8a52ef,LETTER_1,False,False
1743,Marcelo D2,2024-11-07,2024,CENTRO CULTURAL SAO PAULO,MARCELO D2,2000.0,MEDIAS CASAS,TEATRO E CASA DE ESPETACULOS,-23.5708,-46.6403,1vEN3d3dJbmdHQpXD6AIkL,"BRAZILIAN HIP HOP, SAMBA, BRAZILIAN ROCK",61.0,1274774.0,https://i.scdn.co/image/ab6761610000e5ebdf1e74e220a545a0df8a52ef,LETTER_1,False,False
1744,Deorro,2022-03-26,2022,AUTODROMO DE INTERLAGOS,DEORRO,100000.0,ARENAS E ESTADIOS,AREA EXTERNA PARA EVENTOS,-23.7000,-46.6972,6VD4UEUPvtsemqD3mmTqCR,"MELBOURNE BOUNCE, ELECTRO HOUSE",65.0,1268294.0,https://i.scdn.co/image/ab6761610000e5eb1dad45bf0c246be6b44d77e4,LETTER_1,LOLLAPALOOZA,MILEY CYRUS
1745,Atitude 67,2022-02-12,2022,MEMORIAL DA AMERICA LATINA,ATITUDE 67,15000.0,GRANDES CASAS,AREA EXTERNA PARA EVENTOS,-23.5274091,-46.6656539,1vp5pm1DluN0sNXx4tMZzo,"PAGODE, SAMBA, BRAZILIAN POP",60.0,1246705.0,https://i.scdn.co/image/ab6761610000e5eb570cd4c70491e10839abb3e9,GENRE_1,False,False
1746,Atitude 67,2022-02-12,2022,MEMORIAL DA AMERICA LATINA,ATITUDE 67,15000.0,GRANDES CASAS,AREA EXTERNA PARA EVENTOS,-23.5274091,-46.6656539,1vp5pm1DluN0sNXx4tMZzo,"PAGODE, SAMBA, BRAZILIAN POP",60.0,1246705.0,https://i.scdn.co/image/ab6761610000e5eb570cd4c70491e10839abb3e9,GENRE_1,False,False
1747,Charlotte de Witte,2025-03-30,2025,AUTODROMO DE INTERLAGOS,CHARLOTTE DE WITTE,100000.0,ARENAS E ESTADIOS,AREA EXTERNA PARA EVENTOS,-23.7000,-46.6972,1lJhME1ZpzsEa5M0wW6Mso,"ACID TECHNO, TECHNO, HARD TECHNO, TEKNO",63.0,1244891.0,https://i.scdn.co/image/ab6761610000e5eb924f67fc74aabf05445c8060,LETTER_1,LOLLAPALOOZA,JUSTIN TIMBERLAKE
1748,Charlotte de Witte,2022-05-06,2022,SAMBODROMO DO ANHEMBI,CHARLOTTE DE WITTE,100000.0,ARENAS E ESTADIOS,AREA EXTERNA PARA EVENTOS,-23.5079,-46.6379,1lJhME1ZpzsEa5M0wW6Mso,"ACID TECHNO, TECHNO, HARD TECHNO, TEKNO",63.0,1244891.0,https://i.scdn.co/image/ab6761610000e5eb924f67fc74aabf05445c8060,LETTER_1,False,False
1749,Alter Bridge,2023-11-08,2023,ESPACO UNIMED,ALTER BRIDGE,8000.0,MEDIAS CASAS,CASA DE SHOWS,-23.52812,-46.66805,4DWX7u8BV0vZIQSpJQQDWU,"POST-GRUNGE, ALTERNATIVE METAL, HARD ROCK",62.0,1239932.0,https://i.scdn.co/image/ab6761610000e5ebae029ef07ce6eeee24e1a2a6,GENRE_1,False,False
1750,José González,2022-11-05,2022,DISTRITO ANHEMBI,JOSE GONZALEZ,35000.0,GRANDES CASAS,AREA EXTERNA PARA EVENTOS,-23.51611,-46.64320,6xrCU6zdcSTsG2hLrojpmI,INDIE FOLK,65.0,1233844.0,https://i.scdn.co/image/ab6761610000e5ebe3200af8abe1cfee7dcaf9a1,GENRE_2,PRIMAVERA SOUND,"ARCTIC MONKEYS, BJORK"
1751,Alcione,2024-03-08,2024,ESPACO UNIMED,ALCIONE,8000.0,MEDIAS CASAS,CASA DE SHOWS,-23.52812,-46.66805,0hPar6ePAELiu9rYMdvMEo,"SAMBA, PAGODE, MPB",62.0,1221737.0,https://i.scdn.co/image/ab6761610000e5eb4c4bfaa865274651bfb5cb4b,LETTER_1,False,False
1752,Alcione,2025-03-22,2025,ESPACO UNIMED,ALCIONE,8000.0,MEDIAS CASAS,CASA DE SHOWS,-23.52812,-46.66805,0hPar6ePAELiu9rYMdvMEo,"SAMBA, PAGODE, MPB",62.0,1221737.0,https://i.scdn.co/image/ab6761610000e5eb4c4bfaa865274651bfb5cb4b,LETTER_1,False,False
1753,Tom Jones,2024-04-17,2024,ESPACO UNIMED,TOM JONES,8000.0,MEDIAS CASAS,CASA DE SHOWS,-23.52812,-46.66805,1T0wRBO0CK0vK8ouUMqEl5,0,64.0,1219873.0,https://i.scdn.co/image/ab6761610000e5eb03dc1982d985027835b2ef60,GENRE_2,False,False
1754,Jorge Ben Jor,2023-09-17,2023,MEMORIAL DA AMERICA LATINA,JORGE BEN JOR,15000.0,GRANDES CASAS,AREA EXTERNA PARA EVENTOS,-23.5274091,-46.6656539,5JYtpnUKxAzXfHEYpOeeit,"MPB, BOSSA NOVA, SAMBA, BRAZILIAN JAZZ",65.0,1213747.0,https://i.scdn.co/image/a9c6a324c5f4a0f25bc711a7c4434c89c05ceba2,LETTER_1,COALA FESTIVAL,JORGE BEN JOR
1755,Jorge Ben Jor,2022-09-10,2022,ESPACO UNIMED,JORGE BEN JOR,8000.0,MEDIAS CASAS,CASA DE SHOWS,-23.52812,-46.66805,5JYtpnUKxAzXfHEYpOeeit,"MPB, BOSSA NOVA, SAMBA, BRAZILIAN JAZZ",65.0,1213747.0,https://i.scdn.co/image/a9c6a324c5f4a0f25bc711a7c4434c89c05ceba2,LETTER_1,False,False
1756,Jorge Ben Jor,2023-10-21,2023,ESPACO UNIMED,JORGE BEN JOR,8000.0,MEDIAS CASAS,CASA DE SHOWS,-23.52812,-46.66805,5JYtpnUKxAzXfHEYpOeeit,"MPB, BOSSA NOVA, SAMBA, BRAZILIAN JAZZ",65.0,1213747.0,https://i.scdn.co/image/a9c6a324c5f4a0f25bc711a7c4434c89c05ceba2,LETTER_1,False,False
1757,Jorge Ben Jor,2024-11-23,2024,ESPACO UNIMED,JORGE BEN JOR,8000.0,MEDIAS CASAS,CASA DE SHOWS,-23.52812,-46.66805,5JYtpnUKxAzXfHEYpOeeit,"MPB, BOSSA NOVA, SAMBA, BRAZILIAN JAZZ",65.0,1213747.0,https://i.scdn.co/image/a9c6a324c5f4a0f25bc711a7c4434c89c05ceba2,LETTER_1,False,False
1758,Jorge Ben Jor,2025-09-20,2025,ESPACO UNIMED,JORGE BEN JOR,8000.0,MEDIAS CASAS,CASA DE SHOWS,-23.52812,-46.66805,5JYtpnUKxAzXfHEYpOeeit,"MPB, BOSSA NOVA, SAMBA, BRAZILIAN JAZZ",65.0,1213747.0,https://i.scdn.co/image/a9c6a324c5f4a0f25bc711a7c4434c89c05ceba2,LETTER_1,False,False
1759,Kim Petras,2023-09-10,2023,AUTODROMO DE INTERLAGOS,KIM PETRAS,100000.0,ARENAS E ESTADIOS,AREA EXTERNA PARA EVENTOS,-23.7000,-46.6972,3Xt3RrJMFv5SZkCfUE8C1J,0,71.0,1196628.0,https://i.scdn.co/image/ab6761610000e5ebbfb79df787104f6b3363529f,GENRE_1,THE TOWN,"BRUNO MARS, H.E.R"
1760,Gal Costa,2022-09-17,2022,MEMORIAL DA AMERICA LATINA,GAL COSTA,15000.0,GRANDES CASAS,AREA EXTERNA PARA EVENTOS,-23.5274091,-46.6656539,1b8kpp4DUwt1hWaxTiWQhD,"MPB, BOSSA NOVA, BRAZILIAN JAZZ",63.0,1195915.0,https://i.scdn.co/image/ab6761610000e5ebce25c56eb261c36e5ebc7864,GENRE_1,COALA FESTIVAL,GAL COSTA
1761,Gal Costa,2022-09-17,2022,MEMORIAL DA AMERICA LATINA,GAL COSTA,15000.0,GRANDES CASAS,AREA EXTERNA PARA EVENTOS,-23.5274091,-46.6656539,1b8kpp4DUwt1hWaxTiWQhD,"MPB, BOSSA NOVA, BRAZILIAN JAZZ",63.0,1195915.0,https://i.scdn.co/image/ab6761610000e5ebce25c56eb261c36e5ebc7864,GENRE_1,COALA FESTIVAL,GAL COSTA
1762,Gal Costa,2022-09-17,2022,MEMORIAL DA AMERICA LATINA,GAL COSTA,15000.0,GRANDES CASAS,AREA EXTERNA PARA EVENTOS,-23.5274091,-46.6656539,1b8kpp4DUwt1hWaxTiWQhD,"MPB, BOSSA NOVA, BRAZILIAN JAZZ",63.0,1195915.0,https://i.scdn.co/image/ab6761610000e5ebce25c56eb261c36e5ebc7864,GENRE_1,COALA FESTIVAL,GAL COSTA
1763,Gloria Gaynor,2024-09-21,2024,ESPACO UNIMED,GLORIA GAYNOR,8000.0,MEDIAS CASAS,CASA DE SHOWS,-23.52812,-46.66805,6V6WCgi7waF55bJmylC4H5,DISCO,64.0,1195816.0,https://i.scdn.co/image/ab6761610000e5ebb75ca1c0223fc450dfe3c1ec,LETTER_1,False,False
1764,De La Soul,2025-10-02,2025,AUDIO,DE LA SOUL,3200.0,MEDIAS CASAS,CASA DE SHOWS,-23.52822,-46.66968,1Z8ODXyhEBi3WynYw0Rya6,"JAZZ RAP, EAST COAST HIP HOP",73.0,1184315.0,https://i.scdn.co/image/ab6761610000e5ebc443011311dcf7f6eeaf507d,LETTER_1,False,False
1765,Black Pumas,2022-03-27,2022,AUTODROMO DE INTERLAGOS,BLACK PUMAS,100000.0,ARENAS E ESTADIOS,AREA EXTERNA PARA EVENTOS,-23.7000,-46.6972,6eU0jV2eEZ8XTM7EmlguK6,RETRO SOUL,63.0,1183462.0,https://i.scdn.co/image/ab6761610000e5eb39d27eaedd0adde305e9c98f,LETTER_1,LOLLAPALOOZA,FOO FIGHTERS
1766,Diana Krall,2023-11-18,2023,TOKIO MARINE HALL,DIANA KRALL,4000.0,MEDIAS CASAS,CASA DE SHOWS,-23.6383,-46.7203,5z1VAFwT35EVvCp1XlZZuL,"VOCAL JAZZ, JAZZ, SMOOTH JAZZ",64.0,1170262.0,https://i.scdn.co/image/ab6761610000e5ebd1bfc97e11bb4c1f90f287a6,LETTER_1,False,False
1767,Apocalyptica,2023-04-29,2023,MEMORIAL DA AMERICA LATINA,APOCALYPTICA,15000.0,GRANDES CASAS,AREA EXTERNA PARA EVENTOS,-23.5274091,-46.6656539,4Lm0pUvmisUHMdoky5ch2I,SYMPHONIC METAL,62.0,1165897.0,https://i.scdn.co/image/ab6761610000e5ebd5b5240aa1e0454e3ea2eb72,GENRE_2,SUMMER BREEZE BRASIL,"BLIND GUARDIAN, APOCALYPTICA"
1768,Milton Nascimento,2022-08-26,2022,ESPACO UNIMED,MILTON NASCIMENTO,8000.0,MEDIAS CASAS,CASA DE SHOWS,-23.52812,-46.66805,3Bnq7jiU506HcPjRgQ43TM,"MPB, BOSSA NOVA, BRAZILIAN JAZZ",63.0,1159054.0,https://i.scdn.co/image/ab6761610000e5eb8ed529f569634a2c98232412,LETTER_1,False,False
1769,Milton Nascimento,2022-08-26,2022,ESPACO UNIMED,MILTON NASCIMENTO,8000.0,MEDIAS CASAS,CASA DE SHOWS,-23.52812,-46.66805,3Bnq7jiU506HcPjRgQ43TM,"MPB, BOSSA NOVA, BRAZILIAN JAZZ",63.0,1159054.0,https://i.scdn.co/image/ab6761610000e5eb8ed529f569634a2c98232412,LETTER_1,False,False
1770,Milton Nascimento,2022-08-27,2022,ESPACO UNIMED,MILTON NASCIMENTO,8000.0,MEDIAS CASAS,CASA DE SHOWS,-23.52812,-46.66805,3Bnq7jiU506HcPjRgQ43TM,"MPB, BOSSA NOVA, BRAZILIAN JAZZ",63.0,1159054.0,https://i.scdn.co/image/ab6761610000e5eb8ed529f569634a2c98232412,LETTER_1,False,False
1771,Milton Nascimento,2022-08-27,2022,ESPACO UNIMED,MILTON NASCIMENTO,8000.0,MEDIAS CASAS,CASA DE SHOWS,-23.52812,-46.66805,3Bnq7jiU506HcPjRgQ43TM,"MPB, BOSSA NOVA, BRAZILIAN JAZZ",63.0,1159054.0,https://i.scdn.co/image/ab6761610000e5eb8ed529f569634a2c98232412,LETTER_1,False,False
1772,Milton Nascimento,2022-09-01,2022,ESPACO UNIMED,MILTON NASCIMENTO,8000.0,MEDIAS CASAS,CASA DE SHOWS,-23.52812,-46.66805,3Bnq7jiU506HcPjRgQ43TM,"MPB, BOSSA NOVA, BRAZILIAN JAZZ",63.0,1159054.0,https://i.scdn.co/image/ab6761610000e5eb8ed529f569634a2c98232412,LETTER_1,False,False
1773,Milton Nascimento,2022-09-01,2022,ESPACO UNIMED,MILTON NASCIMENTO,8000.0,MEDIAS CASAS,CASA DE SHOWS,-23.52812,-46.66805,3Bnq7jiU506HcPjRgQ43TM,"MPB, BOSSA NOVA, BRAZILIAN JAZZ",63.0,1159054.0,https://i.scdn.co/image/ab6761610000e5eb8ed529f569634a2c98232412,LETTER_1,False,False
1774,Milton Nascimento,2022-09-02,2022,ESPACO UNIMED,MILTON NASCIMENTO,8000.0,MEDIAS CASAS,CASA DE SHOWS,-23.52812,-46.66805,3Bnq7jiU506HcPjRgQ43TM,"MPB, BOSSA NOVA, BRAZILIAN JAZZ",63.0,1159054.0,https://i.scdn.co/image/ab6761610000e5eb8ed529f569634a2c98232412,LETTER_1,False,False
1775,Milton Nascimento,2022-09-02,2022,ESPACO UNIMED,MILTON NASCIMENTO,8000.0,MEDIAS CASAS,CASA DE SHOWS,-23.52812,-46.66805,3Bnq7jiU506HcPjRgQ43TM,"MPB, BOSSA NOVA, BRAZILIAN JAZZ",63.0,1159054.0,https://i.scdn.co/image/ab6761610000e5eb8ed529f569634a2c98232412,LETTER_1,False,False
1776,Milton Nascimento,2022-09-24,2022,ESPACO UNIMED,MILTON NASCIMENTO,8000.0,MEDIAS CASAS,CASA DE SHOWS,-23.52812,-46.66805,3Bnq7jiU506HcPjRgQ43TM,"MPB, BOSSA NOVA, BRAZILIAN JAZZ",63.0,1159054.0,https://i.scdn.co/image/ab6761610000e5eb8ed529f569634a2c98232412,LETTER_1,False,False
1777,Milton Nascimento,2022-09-24,2022,ESPACO UNIMED,MILTON NASCIMENTO,8000.0,MEDIAS CASAS,CASA DE SHOWS,-23.52812,-46.66805,3Bnq7jiU506HcPjRgQ43TM,"MPB, BOSSA NOVA, BRAZILIAN JAZZ",63.0,1159054.0,https://i.scdn.co/image/ab6761610000e5eb8ed529f569634a2c98232412,LETTER_1,False,False
1778,Milton Nascimento,2022-09-25,2022,ESPACO UNIMED,MILTON NASCIMENTO,8000.0,MEDIAS CASAS,CASA DE SHOWS,-23.52812,-46.66805,3Bnq7jiU506HcPjRgQ43TM,"MPB, BOSSA NOVA, BRAZILIAN JAZZ",63.0,1159054.0,https://i.scdn.co/image/ab6761610000e5eb8ed529f569634a2c98232412,LETTER_1,False,False
1779,Milton Nascimento,2022-09-25,2022,ESPACO UNIMED,MILTON NASCIMENTO,8000.0,MEDIAS CASAS,CASA DE SHOWS,-23.52812,-46.66805,3Bnq7jiU506HcPjRgQ43TM,"MPB, BOSSA NOVA, BRAZILIAN JAZZ",63.0,1159054.0,https://i.scdn.co/image/ab6761610000e5eb8ed529f569634a2c98232412,LETTER_1,False,False
1780,Milton Nascimento,2022-11-01,2022,ESPACO UNIMED,MILTON NASCIMENTO,8000.0,MEDIAS CASAS,CASA DE SHOWS,-23.52812,-46.66805,3Bnq7jiU506HcPjRgQ43TM,"MPB, BOSSA NOVA, BRAZILIAN JAZZ",63.0,1159054.0,https://i.scdn.co/image/ab6761610000e5eb8ed529f569634a2c98232412,LETTER_1,False,False
1781,Milton Nascimento,2022-11-01,2022,ESPACO UNIMED,MILTON NASCIMENTO,8000.0,MEDIAS CASAS,CASA DE SHOWS,-23.52812,-46.66805,3Bnq7jiU506HcPjRgQ43TM,"MPB, BOSSA NOVA, BRAZILIAN JAZZ",63.0,1159054.0,https://i.scdn.co/image/ab6761610000e5eb8ed529f569634a2c98232412,LETTER_1,False,False
1782,Milton Nascimento,2022-11-03,2022,ESPACO UNIMED,MILTON NASCIMENTO,8000.0,MEDIAS CASAS,CASA DE SHOWS,-23.52812,-46.66805,3Bnq7jiU506HcPjRgQ43TM,"MPB, BOSSA NOVA, BRAZILIAN JAZZ",63.0,1159054.0,https://i.scdn.co/image/ab6761610000e5eb8ed529f569634a2c98232412,LETTER_1,False,False
1783,Milton Nascimento,2022-11-03,2022,ESPACO UNIMED,MILTON NASCIMENTO,8000.0,MEDIAS CASAS,CASA DE SHOWS,-23.52812,-46.66805,3Bnq7jiU506HcPjRgQ43TM,"MPB, BOSSA NOVA, BRAZILIAN JAZZ",63.0,1159054.0,https://i.scdn.co/image/ab6761610000e5eb8ed529f569634a2c98232412,LETTER_1,False,False
1784,Milton Nascimento,2022-11-04,2022,ESPACO UNIMED,MILTON NASCIMENTO,8000.0,MEDIAS CASAS,CASA DE SHOWS,-23.52812,-46.66805,3Bnq7jiU506HcPjRgQ43TM,"MPB, BOSSA NOVA, BRAZILIAN JAZZ",63.0,1159054.0,https://i.scdn.co/image/ab6761610000e5eb8ed529f569634a2c98232412,LETTER_1,False,False
1785,Milton Nascimento,2022-11-04,2022,ESPACO UNIMED,MILTON NASCIMENTO,8000.0,MEDIAS CASAS,CASA DE SHOWS,-23.52812,-46.66805,3Bnq7jiU506HcPjRgQ43TM,"MPB, BOSSA NOVA, BRAZILIAN JAZZ",63.0,1159054.0,https://i.scdn.co/image/ab6761610000e5eb8ed529f569634a2c98232412,LETTER_1,False,False
1786,Travis,2024-11-05,2024,AUDIO,TRAVIS,3200.0,MEDIAS CASAS,CASA DE SHOWS,-23.52822,-46.66968,3bUwxJgNakzYKkqAVgZLlh,BRITPOP,60.0,1151576.0,https://i.scdn.co/image/ab6761610000e5eb44b03604cc7e3271aa5dbad0,GENRE_1,False,False
1787,Omar Apollo,2024-03-24,2024,AUTODROMO DE INTERLAGOS,OMAR APOLLO,100000.0,ARENAS E ESTADIOS,AREA EXTERNA PARA EVENTOS,-23.7000,-46.6972,5FxD8fkQZ6KcsSYupDVoSO,BEDROOM POP,68.0,1135858.0,https://i.scdn.co/image/ab6761610000e5ebae8080a07532b843b42acec1,GENRE_2,LOLLAPALOOZA,"SZA, SAM SMITH"
1788,DJ Guuga,2024-09-07,2024,MORUMBIS,DJ GUUGA,67000.0,ARENAS E ESTADIOS,ESTADIO MULTIUSO,-23.60077,-46.72010,1cNPXWhKfjI0fT5EMCnamR,"BRAZILIAN FUNK, PISEIRO, BREGA FUNK, ARROCHA",65.0,1132190.0,https://i.scdn.co/image/ab6761610000e5eb65b4040713172d81fb036f4b,GENRE_1,False,False
1794,The Wombats,2022-03-25,2022,AUTODROMO DE INTERLAGOS,THE WOMBATS,100000.0,ARENAS E ESTADIOS,AREA EXTERNA PARA EVENTOS,-23.7000,-46.6972,0Ya43ZKWHTKkAbkoJJkwIB,INDIE,62.0,1112581.0,https://i.scdn.co/image/ab6761610000e5eb4eb9a8e62a4cfcdf61c4a03a,GENRE_2,LOLLAPALOOZA,THE STROKES
1815,Só Pra Contrariar,2024-04-06,2024,ALLIANZ PARQUE,SO PRA CONTRARIAR,45000.0,ARENAS E ESTADIOS,ESTADIO MULTIUSO,-23.5276207,-46.6784662,2B8HcBRTizIsSPryM46Sb1,"PAGODE, SAMBA, AXE",60.0,1103576.0,https://i.scdn.co/image/ab6761610000e5eb693f1dcf332265891aaa2b77,GENRE_2,False,False
1816,Parcels,2025-03-31,2025,AUDIO,PARCELS,3200.0,MEDIAS CASAS,CASA DE SHOWS,-23.52822,-46.66968,3oKRxpszQKUjjaHz388fVA,INDIE SOUL,71.0,1098520.0,https://i.scdn.co/image/ab6761610000e5eb3f64ee564d3617f6a764f933,GENRE_2,False,False
1817,Parcels,2025-03-30,2025,AUTODROMO DE INTERLAGOS,PARCELS,100000.0,ARENAS E ESTADIOS,AREA EXTERNA PARA EVENTOS,-23.7000,-46.6972,3oKRxpszQKUjjaHz388fVA,INDIE SOUL,71.0,1098520.0,https://i.scdn.co/image/ab6761610000e5eb3f64ee564d3617f6a764f933,GENRE_2,LOLLAPALOOZA,JUSTIN TIMBERLAKE
1818,Jorge Aragão,2022-10-15,2022,SAMBODROMO DO ANHEMBI,JORGE ARAGAO,100000.0,ARENAS E ESTADIOS,AREA EXTERNA PARA EVENTOS,-23.5079,-46.6379,2cAooeeHKk2UvzUgIxpS0y,"SAMBA, PAGODE",64.0,1088211.0,https://i.scdn.co/image/ab6761610000e5eb4c15f4a9ea08585ab7019129,LETTER_1,False,False
1819,Dayglow,2024-03-24,2024,AUTODROMO DE INTERLAGOS,DAYGLOW,100000.0,ARENAS E ESTADIOS,AREA EXTERNA PARA EVENTOS,-23.7000,-46.6972,6eJa3zG1QZLRB3xgRuyxbm,0,62.0,1068900.0,https://i.scdn.co/image/ab6761610000e5eb70bbb7950edf20fc5847de6c,GENRE_2,LOLLAPALOOZA,"SZA, SAM SMITH"
1820,The Drums,2022-03-31,2022,AUDIO,THE DRUMS,3200.0,MEDIAS CASAS,CASA DE SHOWS,-23.52822,-46.66968,0p5axeJsbtTCXBrRVoKjwu,INDIE,61.0,1065218.0,https://i.scdn.co/image/ab6761610000e5eb5aa228084150aad9199d2575,GENRE_2,False,False
1821,Claudia Leitte,2022-06-18,2022,ARENA ANHEMBI,CLAUDIA LEITTE,30000.0,GRANDES CASAS,AREA EXTERNA PARA EVENTOS,-23.51611,-46.64320,2OjoIDVPQKT9B7loZbPEfp,"AXE, BRAZILIAN POP",61.0,1063412.0,https://i.scdn.co/image/ab6761610000e5ebf124d80ad340b6e83abad60f,GENRE_1,False,False
1822,Claudia Leitte,2023-02-04,2023,ALLIANZ PARQUE,CLAUDIA LEITTE,45000.0,ARENAS E ESTADIOS,ESTADIO MULTIUSO,-23.5276207,-46.6784662,2OjoIDVPQKT9B7loZbPEfp,"AXE, BRAZILIAN POP",61.0,1063412.0,https://i.scdn.co/image/ab6761610000e5ebf124d80ad340b6e83abad60f,GENRE_1,False,False
1823,Claudia Leitte,2024-01-25,2024,MEMORIAL DA AMERICA LATINA,CLAUDIA LEITTE,15000.0,GRANDES CASAS,AREA EXTERNA PARA EVENTOS,-23.5274091,-46.6656539,2OjoIDVPQKT9B7loZbPEfp,"AXE, BRAZILIAN POP",61.0,1063412.0,https://i.scdn.co/image/ab6761610000e5ebf124d80ad340b6e83abad60f,GENRE_1,False,False
1824,Claudia Leitte,2023-06-08,2023,SAMBODROMO DO ANHEMBI,CLAUDIA LEITTE,100000.0,ARENAS E ESTADIOS,AREA EXTERNA PARA EVENTOS,-23.5079,-46.6379,2OjoIDVPQKT9B7loZbPEfp,"AXE, BRAZILIAN POP",61.0,1063412.0,https://i.scdn.co/image/ab6761610000e5ebf124d80ad340b6e83abad60f,GENRE_1,False,False
1825,Claudia Leitte,2023-06-10,2023,SAMBODROMO DO ANHEMBI,CLAUDIA LEITTE,100000.0,ARENAS E ESTADIOS,AREA EXTERNA PARA EVENTOS,-23.5079,-46.6379,2OjoIDVPQKT9B7loZbPEfp,"AXE, BRAZILIAN POP",61.0,1063412.0,https://i.scdn.co/image/ab6761610000e5ebf124d80ad340b6e83abad60f,GENRE_1,False,False
1826,Claudia Leitte,2024-04-09,2024,VIBRA SAO PAULO,CLAUDIA LEITTE,7000.0,MEDIAS CASAS,TEATRO E CASA DE ESPETACULOS,-23.6475,-46.7239,2OjoIDVPQKT9B7loZbPEfp,"AXE, BRAZILIAN POP",61.0,1063412.0,https://i.scdn.co/image/ab6761610000e5ebf124d80ad340b6e83abad60f,GENRE_1,False,False
1827,Claudia Leitte,2025-09-27,2025,SUHAI MUSIC HALL,CLAUDIA LEITTE,9000.0,MEDIAS CASAS,CASA DE SHOWS,-23.68026,-46.69805,2OjoIDVPQKT9B7loZbPEfp,"AXE, BRAZILIAN POP",61.0,1063412.0,https://i.scdn.co/image/ab6761610000e5ebf124d80ad340b6e83abad60f,GENRE_1,False,False
1828,Oliver Heldens,2023-04-21,2023,VALE DO ANHANGABAU,OLIVER HELDENS,35000.0,GRANDES CASAS,AREA EXTERNA PARA EVENTOS,-23.54429,-46.63623,5nki7yRhxgM509M5ADlN1p,"FUTURE HOUSE, HOUSE",64.0,1060959.0,https://i.scdn.co/image/ab6761610000e5ebe0de3617061247aa35ff7865,LETTER_1,ULTRA BRASIL,MASHMALLOW
1829,Powerwolf,2025-05-03,2025,MEMORIAL DA AMERICA LATINA,POWERWOLF,15000.0,GRANDES CASAS,AREA EXTERNA PARA EVENTOS,-23.5274091,-46.6656539,5HFkc3t0HYETL4JeEbDB1v,"POWER METAL, METAL, SYMPHONIC METAL, FOLK METAL, MEDIEVAL METAL, HEAVY METAL",61.0,1058168.0,https://i.scdn.co/image/ab6761610000e5eb7eebe31d9542992df74099f3,GENRE_2,BANGERS OPEN AIR,TOBIAS SAMMET'S AVANTASIA
1830,Dionne Warwick,2024-10-26,2024,VIBRA SAO PAULO,DIONNE WARWICK,7000.0,MEDIAS CASAS,TEATRO E CASA DE ESPETACULOS,-23.6475,-46.7239,2JSjCHK79gdaiPWdKiNUNp,0,61.0,1057103.0,https://i.scdn.co/image/ab6761610000e5eb460f728695000dadb44a4e8c,GENRE_2,False,False
1831,Kyan,2022-06-19,2022,SAMBODROMO DO ANHEMBI,KYAN,100000.0,ARENAS E ESTADIOS,AREA EXTERNA PARA EVENTOS,-23.5079,-46.6379,05qCf6M7E7AxizHVmrcPqh,"BRAZILIAN TRAP, TRAP FUNK, TRAP, BRAZILIAN HIP HOP",65.0,1041250.0,https://i.scdn.co/image/ab6761610000e5eb8cd606185adb9a85e288deaa,LETTER_1,False,False
1832,Kyan,2022-06-19,2022,SAMBODROMO DO ANHEMBI,KYAN,100000.0,ARENAS E ESTADIOS,AREA EXTERNA PARA EVENTOS,-23.5079,-46.6379,05qCf6M7E7AxizHVmrcPqh,"BRAZILIAN TRAP, TRAP FUNK, TRAP, BRAZILIAN HIP HOP",65.0,1041250.0,https://i.scdn.co/image/ab6761610000e5eb8cd606185adb9a85e288deaa,LETTER_1,False,False
1833,Lagum,2022-04-02,2022,AUDIO,LAGUM,3200.0,MEDIAS CASAS,CASA DE SHOWS,-23.52822,-46.66968,5D56dZmhE9DgT01XixdHiD,"NOVA MPB, MPB, BRAZILIAN POP",64.0,1031606.0,https://i.scdn.co/image/ab6761610000e5eb1183ac58ebef1c990805eab9,GENRE_1,False,False
1834,Lagum,2022-04-03,2022,AUDIO,LAGUM,3200.0,MEDIAS CASAS,CASA DE SHOWS,-23.52822,-46.66968,5D56dZmhE9DgT01XixdHiD,"NOVA MPB, MPB, BRAZILIAN POP",64.0,1031606.0,https://i.scdn.co/image/ab6761610000e5eb1183ac58ebef1c990805eab9,GENRE_1,False,False
1835,Lagum,2022-03-27,2022,AUTODROMO DE INTERLAGOS,LAGUM,100000.0,ARENAS E ESTADIOS,AREA EXTERNA PARA EVENTOS,-23.7000,-46.6972,5D56dZmhE9DgT01XixdHiD,"NOVA MPB, MPB, BRAZILIAN POP",64.0,1031606.0,https://i.scdn.co/image/ab6761610000e5eb1183ac58ebef1c990805eab9,GENRE_1,LOLLAPALOOZA,FOO FIGHTERS
1836,Lagum,2022-05-07,2022,EXPO CENTER NORTE,LAGUM,25000.0,GRANDES CASAS,CENTRO DE EXPOSICOES,-23.5130,-46.6237,5D56dZmhE9DgT01XixdHiD,"NOVA MPB, MPB, BRAZILIAN POP",64.0,1031606.0,https://i.scdn.co/image/ab6761610000e5eb1183ac58ebef1c990805eab9,GENRE_1,False,False
1837,Lagum,2023-06-30,2023,ESPACO UNIMED,LAGUM,8000.0,MEDIAS CASAS,CASA DE SHOWS,-23.52812,-46.66805,5D56dZmhE9DgT01XixdHiD,"NOVA MPB, MPB, BRAZILIAN POP",64.0,1031606.0,https://i.scdn.co/image/ab6761610000e5eb1183ac58ebef1c990805eab9,GENRE_1,False,False
1838,Lagum,2024-06-28,2024,ESPACO UNIMED,LAGUM,8000.0,MEDIAS CASAS,CASA DE SHOWS,-23.52812,-46.66805,5D56dZmhE9DgT01XixdHiD,"NOVA MPB, MPB, BRAZILIAN POP",64.0,1031606.0,https://i.scdn.co/image/ab6761610000e5eb1183ac58ebef1c990805eab9,GENRE_1,False,False
1839,Lagum,2025-08-02,2025,ESPACO UNIMED,LAGUM,8000.0,MEDIAS CASAS,CASA DE SHOWS,-23.52812,-46.66805,5D56dZmhE9DgT01XixdHiD,"NOVA MPB, MPB, BRAZILIAN POP",64.0,1031606.0,https://i.scdn.co/image/ab6761610000e5eb1183ac58ebef1c990805eab9,GENRE_1,False,False
1840,Lagum,2025-10-03,2025,ESPACO UNIMED,LAGUM,8000.0,MEDIAS CASAS,CASA DE SHOWS,-23.52812,-46.66805,5D56dZmhE9DgT01XixdHiD,"NOVA MPB, MPB, BRAZILIAN POP",64.0,1031606.0,https://i.scdn.co/image/ab6761610000e5eb1183ac58ebef1c990805eab9,GENRE_1,False,False
1841,Lagum,2025-10-31,2025,MORUMBIS,LAGUM,67000.0,ARENAS E ESTADIOS,ESTADIO MULTIUSO,-23.60077,-46.72010,5D56dZmhE9DgT01XixdHiD,"NOVA MPB, MPB, BRAZILIAN POP",64.0,1031606.0,https://i.scdn.co/image/ab6761610000e5eb1183ac58ebef1c990805eab9,GENRE_1,False,False
1842,Lagum,2025-11-01,2025,MORUMBIS,LAGUM,67000.0,ARENAS E ESTADIOS,ESTADIO MULTIUSO,-23.60077,-46.72010,5D56dZmhE9DgT01XixdHiD,"NOVA MPB, MPB, BRAZILIAN POP",64.0,1031606.0,https://i.scdn.co/image/ab6761610000e5eb1183ac58ebef1c990805eab9,GENRE_1,False,False
1843,Vitor Kley,2022-04-10,2022,AUDIO,VITOR KLEY,3200.0,MEDIAS CASAS,CASA DE SHOWS,-23.52822,-46.66968,4FGcERJWMg8ENOLixwF71U,"BRAZILIAN POP, MPB, NOVA MPB",61.0,1031142.0,https://i.scdn.co/image/ab6761610000e5eb50d5abea946bcc4ee72bcee9,GENRE_1,False,False
1844,Vitor Kley,2023-04-23,2023,AUDIO,VITOR KLEY,3200.0,MEDIAS CASAS,CASA DE SHOWS,-23.52822,-46.66968,4FGcERJWMg8ENOLixwF71U,"BRAZILIAN POP, MPB, NOVA MPB",61.0,1031142.0,https://i.scdn.co/image/ab6761610000e5eb50d5abea946bcc4ee72bcee9,GENRE_1,False,False
1845,Vitor Kley,2024-06-09,2024,ALLIANZ PARQUE,VITOR KLEY,45000.0,ARENAS E ESTADIOS,ESTADIO MULTIUSO,-23.5276207,-46.6784662,4FGcERJWMg8ENOLixwF71U,"BRAZILIAN POP, MPB, NOVA MPB",61.0,1031142.0,https://i.scdn.co/image/ab6761610000e5eb50d5abea946bcc4ee72bcee9,GENRE_1,False,False
1846,Vitor Kley,2022-06-22,2022,TOKIO MARINE HALL,VITOR KLEY,4000.0,MEDIAS CASAS,CASA DE SHOWS,-23.6383,-46.7203,4FGcERJWMg8ENOLixwF71U,"BRAZILIAN POP, MPB, NOVA MPB",61.0,1031142.0,https://i.scdn.co/image/ab6761610000e5eb50d5abea946bcc4ee72bcee9,GENRE_1,False,False
1847,Vitor Kley,2022-05-28,2022,VALE DO ANHANGABAU,VITOR KLEY,35000.0,GRANDES CASAS,AREA EXTERNA PARA EVENTOS,-23.54429,-46.63623,4FGcERJWMg8ENOLixwF71U,"BRAZILIAN POP, MPB, NOVA MPB",61.0,1031142.0,https://i.scdn.co/image/ab6761610000e5eb50d5abea946bcc4ee72bcee9,GENRE_1,False,False
1848,JPEGMAFIA,2025-03-28,2025,AUTODROMO DE INTERLAGOS,JPEGMAFIA,100000.0,ARENAS E ESTADIOS,AREA EXTERNA PARA EVENTOS,-23.7000,-46.6972,6yJ6QQ3Y5l0s0tn7b0arrO,"EXPERIMENTAL HIP HOP, ALTERNATIVE HIP HOP, EXPERIMENTAL",64.0,1030905.0,https://i.scdn.co/image/ab6761610000e5ebb37aa35eec6d83fe18e48e73,LETTER_1,LOLLAPALOOZA,OLIVIA RODRIGO
1849,JPEGMAFIA,2022-11-06,2022,DISTRITO ANHEMBI,JPEGMAFIA,35000.0,GRANDES CASAS,AREA EXTERNA PARA EVENTOS,-23.51611,-46.64320,6yJ6QQ3Y5l0s0tn7b0arrO,"EXPERIMENTAL HIP HOP, ALTERNATIVE HIP HOP, EXPERIMENTAL",64.0,1030905.0,https://i.scdn.co/image/ab6761610000e5ebb37aa35eec6d83fe18e48e73,LETTER_1,PRIMAVERA SOUND,"TRAVIS SCOTT, LORDE"
1850,Spiritbox,2024-11-30,2024,ALLIANZ PARQUE,SPIRITBOX,45000.0,ARENAS E ESTADIOS,ESTADIO MULTIUSO,-23.5276207,-46.6784662,4MzJMcHQBl9SIYSjwWn8QW,"METALCORE, DJENT, METAL",66.0,1016805.0,https://i.scdn.co/image/ab6761610000e5eb501369c8b24b71bb2dcca603,GENRE_2,False,False
1851,Manu,2024-01-25,2024,MEMORIAL DA AMERICA LATINA,MANU,15000.0,GRANDES CASAS,AREA EXTERNA PARA EVENTOS,-23.5274091,-46.6656539,0CdnnCbbKD4oIzBmxi2o7r,"TECNOBREGA, SERTANEJO, FORRO, PISEIRO, BREGA, ARROCHA, SERESTA, SERTANEJO UNIVERSITARIO",60.0,1009538.0,https://i.scdn.co/image/ab6761610000e5ebc98e21783d16a16df32b15d4,LETTER_1,False,False
1852,Manu,2024-01-25,2024,MEMORIAL DA AMERICA LATINA,MANU,15000.0,GRANDES CASAS,AREA EXTERNA PARA EVENTOS,-23.5274091,-46.6656539,0CdnnCbbKD4oIzBmxi2o7r,"TECNOBREGA, SERTANEJO, FORRO, PISEIRO, BREGA, ARROCHA, SERESTA, SERTANEJO UNIVERSITARIO",60.0,1009538.0,https://i.scdn.co/image/ab6761610000e5ebc98e21783d16a16df32b15d4,LETTER_1,False,False
1853,Manu,2024-01-25,2024,MEMORIAL DA AMERICA LATINA,MANU,15000.0,GRANDES CASAS,AREA EXTERNA PARA EVENTOS,-23.5274091,-46.6656539,0CdnnCbbKD4oIzBmxi2o7r,"TECNOBREGA, SERTANEJO, FORRO, PISEIRO, BREGA, ARROCHA, SERESTA, SERTANEJO UNIVERSITARIO",60.0,1009538.0,https://i.scdn.co/image/ab6761610000e5ebc98e21783d16a16df32b15d4,LETTER_1,False,False
1854,Manu,2024-01-25,2024,MEMORIAL DA AMERICA LATINA,MANU,15000.0,GRANDES CASAS,AREA EXTERNA PARA EVENTOS,-23.5274091,-46.6656539,0CdnnCbbKD4oIzBmxi2o7r,"TECNOBREGA, SERTANEJO, FORRO, PISEIRO, BREGA, ARROCHA, SERESTA, SERTANEJO UNIVERSITARIO",60.0,1009538.0,https://i.scdn.co/image/ab6761610000e5ebc98e21783d16a16df32b15d4,LETTER_1,False,False
1855,Manu,2024-01-25,2024,MEMORIAL DA AMERICA LATINA,MANU,15000.0,GRANDES CASAS,AREA EXTERNA PARA EVENTOS,-23.5274091,-46.6656539,0CdnnCbbKD4oIzBmxi2o7r,"TECNOBREGA, SERTANEJO, FORRO, PISEIRO, BREGA, ARROCHA, SERESTA, SERTANEJO UNIVERSITARIO",60.0,1009538.0,https://i.scdn.co/image/ab6761610000e5ebc98e21783d16a16df32b15d4,LETTER_1,False,False
1856,Manu,2024-01-25,2024,MEMORIAL DA AMERICA LATINA,MANU,15000.0,GRANDES CASAS,AREA EXTERNA PARA EVENTOS,-23.5274091,-46.6656539,0CdnnCbbKD4oIzBmxi2o7r,"TECNOBREGA, SERTANEJO, FORRO, PISEIRO, BREGA, ARROCHA, SERESTA, SERTANEJO UNIVERSITARIO",60.0,1009538.0,https://i.scdn.co/image/ab6761610000e5ebc98e21783d16a16df32b15d4,LETTER_1,False,False
1857,Manu,2024-01-25,2024,MEMORIAL DA AMERICA LATINA,MANU,15000.0,GRANDES CASAS,AREA EXTERNA PARA EVENTOS,-23.5274091,-46.6656539,0CdnnCbbKD4oIzBmxi2o7r,"TECNOBREGA, SERTANEJO, FORRO, PISEIRO, BREGA, ARROCHA, SERESTA, SERTANEJO UNIVERSITARIO",60.0,1009538.0,https://i.scdn.co/image/ab6761610000e5ebc98e21783d16a16df32b15d4,LETTER_1,False,False
1858,Manu,2024-01-25,2024,MEMORIAL DA AMERICA LATINA,MANU,15000.0,GRANDES CASAS,AREA EXTERNA PARA EVENTOS,-23.5274091,-46.6656539,0CdnnCbbKD4oIzBmxi2o7r,"TECNOBREGA, SERTANEJO, FORRO, PISEIRO, BREGA, ARROCHA, SERESTA, SERTANEJO UNIVERSITARIO",60.0,1009538.0,https://i.scdn.co/image/ab6761610000e5ebc98e21783d16a16df32b15d4,LETTER_1,False,False
1859,FLETCHER,2024-03-22,2024,AUTODROMO DE INTERLAGOS,FLETCHER,100000.0,ARENAS E ESTADIOS,AREA EXTERNA PARA EVENTOS,-23.7000,-46.6972,5qa31A9HySw3T7MKWI9bGg,0,61.0,986646.0,https://i.scdn.co/image/ab6761610000e5eb45949cd46a265279392c62c6,LETTER_1,LOLLAPALOOZA,"BLINK-182,ARCADE FIRE"
1860,MEDUZA,2024-03-24,2024,AUTODROMO DE INTERLAGOS,MEDUZA,100000.0,ARENAS E ESTADIOS,AREA EXTERNA PARA EVENTOS,-23.7000,-46.6972,0xRXCcSX89eobfrshSVdyu,0,72.0,972312.0,https://i.scdn.co/image/ab6761610000e5eb3ad617606a561c6837586c32,LETTER_1,LOLLAPALOOZA,"SZA, SAM SMITH"
1871,King Krule,2024-03-02,2024,TERRA SP,KING KRULE,6000.0,MEDIAS CASAS,CASA DE SHOWS,-23.6463,-46.7763,4wyNyxs74Ux8UIDopNjIai,0,60.0,967207.0,https://i.scdn.co/image/ab6761610000e5eba15b75a2ee429509f547c3af,LETTER_1,False,False
1872,Xande de Pilares,2024-09-08,2024,MEMORIAL DA AMERICA LATINA,XANDE DE PILARES,15000.0,GRANDES CASAS,AREA EXTERNA PARA EVENTOS,-23.5274091,-46.6656539,4IQKOXNGjuRRe0WgOm5YfB,"SAMBA, PAGODE",64.0,965471.0,https://i.scdn.co/image/ab6761610000e5eb70fdcf939380809a05faf39e,LETTER_1,False,False
1873,Xande de Pilares,2024-09-08,2024,MEMORIAL DA AMERICA LATINA,XANDE DE PILARES,15000.0,GRANDES CASAS,AREA EXTERNA PARA EVENTOS,-23.5274091,-46.6656539,4IQKOXNGjuRRe0WgOm5YfB,"SAMBA, PAGODE",64.0,965471.0,https://i.scdn.co/image/ab6761610000e5eb70fdcf939380809a05faf39e,LETTER_1,False,False
1874,Xande de Pilares,2024-07-20,2024,ESPACO UNIMED,XANDE DE PILARES,8000.0,MEDIAS CASAS,CASA DE SHOWS,-23.52812,-46.66805,4IQKOXNGjuRRe0WgOm5YfB,"SAMBA, PAGODE",64.0,965471.0,https://i.scdn.co/image/ab6761610000e5eb70fdcf939380809a05faf39e,LETTER_1,False,False
1875,Xande de Pilares,2024-07-20,2024,ESPACO UNIMED,XANDE DE PILARES,8000.0,MEDIAS CASAS,CASA DE SHOWS,-23.52812,-46.66805,4IQKOXNGjuRRe0WgOm5YfB,"SAMBA, PAGODE",64.0,965471.0,https://i.scdn.co/image/ab6761610000e5eb70fdcf939380809a05faf39e,LETTER_1,False,False
1876,Lenine,2024-09-06,2024,MEMORIAL DA AMERICA LATINA,LENINE,15000.0,GRANDES CASAS,AREA EXTERNA PARA EVENTOS,-23.5274091,-46.6656539,4YLBdrR3DVSMncm785NH6C,"MPB, NOVA MPB",63.0,960409.0,https://i.scdn.co/image/ab6761610000e5ebec49145db333873093681fb4,LETTER_1,False,False
1877,Father John Misty,2022-11-06,2022,DISTRITO ANHEMBI,FATHER JOHN MISTY,35000.0,GRANDES CASAS,AREA EXTERNA PARA EVENTOS,-23.51611,-46.64320,2kGBy2WHvF0VdZyqiVCkDT,0,66.0,959238.0,https://i.scdn.co/image/ab6761610000e5eb8a78e4e37d117b9cc90a6363,GENRE_2,PRIMAVERA SOUND,"TRAVIS SCOTT, LORDE"
1883,Diogo Nogueira,2022-10-16,2022,SAMBODROMO DO ANHEMBI,DIOGO NOGUEIRA,100000.0,ARENAS E ESTADIOS,AREA EXTERNA PARA EVENTOS,-23.5079,-46.6379,57xRtfFlssbpntpRQOBodd,"SAMBA, PAGODE, MPB",61.0,956612.0,https://i.scdn.co/image/ab6761610000e5eb182aba85497873743fee015a,LETTER_1,False,False
1884,Luccas Carlos,2023-09-03,2023,AUTODROMO DE INTERLAGOS,LUCCAS CARLOS,100000.0,ARENAS E ESTADIOS,AREA EXTERNA PARA EVENTOS,-23.7000,-46.6972,5WFFFHVqeVk5tLuYh2KjQy,"BRAZILIAN HIP HOP, BRAZILIAN POP, BRAZILIAN TRAP",66.0,950598.0,https://i.scdn.co/image/ab6761610000e5eb98b1027c6d824c372275db69,GENRE_1,THE TOWN,"BRUNO MARS, BEBE REXHA"
1885,Luccas Carlos,2023-09-03,2023,AUTODROMO DE INTERLAGOS,LUCCAS CARLOS,100000.0,ARENAS E ESTADIOS,AREA EXTERNA PARA EVENTOS,-23.7000,-46.6972,5WFFFHVqeVk5tLuYh2KjQy,"BRAZILIAN HIP HOP, BRAZILIAN POP, BRAZILIAN TRAP",66.0,950598.0,https://i.scdn.co/image/ab6761610000e5eb98b1027c6d824c372275db69,GENRE_1,THE TOWN,"BRUNO MARS, BEBE REXHA"
1886,Luccas Carlos,2023-09-03,2023,AUTODROMO DE INTERLAGOS,LUCCAS CARLOS,100000.0,ARENAS E ESTADIOS,AREA EXTERNA PARA EVENTOS,-23.7000,-46.6972,5WFFFHVqeVk5tLuYh2KjQy,"BRAZILIAN HIP HOP, BRAZILIAN POP, BRAZILIAN TRAP",66.0,950598.0,https://i.scdn.co/image/ab6761610000e5eb98b1027c6d824c372275db69,GENRE_1,THE TOWN,"BRUNO MARS, BEBE REXHA"
1887,Luccas Carlos,2023-09-03,2023,AUTODROMO DE INTERLAGOS,LUCCAS CARLOS,100000.0,ARENAS E ESTADIOS,AREA EXTERNA PARA EVENTOS,-23.7000,-46.6972,5WFFFHVqeVk5tLuYh2KjQy,"BRAZILIAN HIP HOP, BRAZILIAN POP, BRAZILIAN TRAP",66.0,950598.0,https://i.scdn.co/image/ab6761610000e5eb98b1027c6d824c372275db69,GENRE_1,THE TOWN,"BRUNO MARS, BEBE REXHA"
1888,Luccas Carlos,2023-09-03,2023,AUTODROMO DE INTERLAGOS,LUCCAS CARLOS,100000.0,ARENAS E ESTADIOS,AREA EXTERNA PARA EVENTOS,-23.7000,-46.6972,5WFFFHVqeVk5tLuYh2KjQy,"BRAZILIAN HIP HOP, BRAZILIAN POP, BRAZILIAN TRAP",66.0,950598.0,https://i.scdn.co/image/ab6761610000e5eb98b1027c6d824c372275db69,GENRE_1,THE TOWN,"BRUNO MARS, BEBE REXHA"
1889,Luccas Carlos,2023-09-03,2023,AUTODROMO DE INTERLAGOS,LUCCAS CARLOS,100000.0,ARENAS E ESTADIOS,AREA EXTERNA PARA EVENTOS,-23.7000,-46.6972,5WFFFHVqeVk5tLuYh2KjQy,"BRAZILIAN HIP HOP, BRAZILIAN POP, BRAZILIAN TRAP",66.0,950598.0,https://i.scdn.co/image/ab6761610000e5eb98b1027c6d824c372275db69,GENRE_1,THE TOWN,"BRUNO MARS, BEBE REXHA"
1890,Luccas Carlos,2023-09-03,2023,AUTODROMO DE INTERLAGOS,LUCCAS CARLOS,100000.0,ARENAS E ESTADIOS,AREA EXTERNA PARA EVENTOS,-23.7000,-46.6972,5WFFFHVqeVk5tLuYh2KjQy,"BRAZILIAN HIP HOP, BRAZILIAN POP, BRAZILIAN TRAP",66.0,950598.0,https://i.scdn.co/image/ab6761610000e5eb98b1027c6d824c372275db69,GENRE_1,THE TOWN,"BRUNO MARS, BEBE REXHA"
1891,Luccas Carlos,2023-09-03,2023,AUTODROMO DE INTERLAGOS,LUCCAS CARLOS,100000.0,ARENAS E ESTADIOS,AREA EXTERNA PARA EVENTOS,-23.7000,-46.6972,5WFFFHVqeVk5tLuYh2KjQy,"BRAZILIAN HIP HOP, BRAZILIAN POP, BRAZILIAN TRAP",66.0,950598.0,https://i.scdn.co/image/ab6761610000e5eb98b1027c6d824c372275db69,GENRE_1,THE TOWN,"BRUNO MARS, BEBE REXHA"
1892,Luccas Carlos,2022-11-05,2022,DISTRITO ANHEMBI,LUCCAS CARLOS,35000.0,GRANDES CASAS,AREA EXTERNA PARA EVENTOS,-23.51611,-46.64320,5WFFFHVqeVk5tLuYh2KjQy,"BRAZILIAN HIP HOP, BRAZILIAN POP, BRAZILIAN TRAP",66.0,950598.0,https://i.scdn.co/image/ab6761610000e5eb98b1027c6d824c372275db69,GENRE_1,PRIMAVERA SOUND,"ARCTIC MONKEYS, BJORK"
1893,Luccas Carlos,2022-11-05,2022,DISTRITO ANHEMBI,LUCCAS CARLOS,35000.0,GRANDES CASAS,AREA EXTERNA PARA EVENTOS,-23.51611,-46.64320,5WFFFHVqeVk5tLuYh2KjQy,"BRAZILIAN HIP HOP, BRAZILIAN POP, BRAZILIAN TRAP",66.0,950598.0,https://i.scdn.co/image/ab6761610000e5eb98b1027c6d824c372275db69,GENRE_1,PRIMAVERA SOUND,"ARCTIC MONKEYS, BJORK"
1894,Luccas Carlos,2022-11-05,2022,DISTRITO ANHEMBI,LUCCAS CARLOS,35000.0,GRANDES CASAS,AREA EXTERNA PARA EVENTOS,-23.51611,-46.64320,5WFFFHVqeVk5tLuYh2KjQy,"BRAZILIAN HIP HOP, BRAZILIAN POP, BRAZILIAN TRAP",66.0,950598.0,https://i.scdn.co/image/ab6761610000e5eb98b1027c6d824c372275db69,GENRE_1,PRIMAVERA SOUND,"ARCTIC MONKEYS, BJORK"
1895,Luccas Carlos,2022-11-05,2022,DISTRITO ANHEMBI,LUCCAS CARLOS,35000.0,GRANDES CASAS,AREA EXTERNA PARA EVENTOS,-23.51611,-46.64320,5WFFFHVqeVk5tLuYh2KjQy,"BRAZILIAN HIP HOP, BRAZILIAN POP, BRAZILIAN TRAP",66.0,950598.0,https://i.scdn.co/image/ab6761610000e5eb98b1027c6d824c372275db69,GENRE_1,PRIMAVERA SOUND,"ARCTIC MONKEYS, BJORK"
1896,Luccas Carlos,2022-11-05,2022,DISTRITO ANHEMBI,LUCCAS CARLOS,35000.0,GRANDES CASAS,AREA EXTERNA PARA EVENTOS,-23.51611,-46.64320,5WFFFHVqeVk5tLuYh2KjQy,"BRAZILIAN HIP HOP, BRAZILIAN POP, BRAZILIAN TRAP",66.0,950598.0,https://i.scdn.co/image/ab6761610000e5eb98b1027c6d824c372275db69,GENRE_1,PRIMAVERA SOUND,"ARCTIC MONKEYS, BJORK"
1897,Luccas Carlos,2022-11-05,2022,DISTRITO ANHEMBI,LUCCAS CARLOS,35000.0,GRANDES CASAS,AREA EXTERNA PARA EVENTOS,-23.51611,-46.64320,5WFFFHVqeVk5tLuYh2KjQy,"BRAZILIAN HIP HOP, BRAZILIAN POP, BRAZILIAN TRAP",66.0,950598.0,https://i.scdn.co/image/ab6761610000e5eb98b1027c6d824c372275db69,GENRE_1,PRIMAVERA SOUND,"ARCTIC MONKEYS, BJORK"
1898,Luccas Carlos,2022-11-05,2022,DISTRITO ANHEMBI,LUCCAS CARLOS,35000.0,GRANDES CASAS,AREA EXTERNA PARA EVENTOS,-23.51611,-46.64320,5WFFFHVqeVk5tLuYh2KjQy,"BRAZILIAN HIP HOP, BRAZILIAN POP, BRAZILIAN TRAP",66.0,950598.0,https://i.scdn.co/image/ab6761610000e5eb98b1027c6d824c372275db69,GENRE_1,PRIMAVERA SOUND,"ARCTIC MONKEYS, BJORK"
1899,Luccas Carlos,2022-11-05,2022,DISTRITO ANHEMBI,LUCCAS CARLOS,35000.0,GRANDES CASAS,AREA EXTERNA PARA EVENTOS,-23.51611,-46.64320,5WFFFHVqeVk5tLuYh2KjQy,"BRAZILIAN HIP HOP, BRAZILIAN POP, BRAZILIAN TRAP",66.0,950598.0,https://i.scdn.co/image/ab6761610000e5eb98b1027c6d824c372275db69,GENRE_1,PRIMAVERA SOUND,"ARCTIC MONKEYS, BJORK"
1900,Jamie xx,2023-03-25,2023,AUTODROMO DE INTERLAGOS,JAMIE XX,100000.0,ARENAS E ESTADIOS,AREA EXTERNA PARA EVENTOS,-23.7000,-46.6972,7A0awCXkE1FtSU8B0qwOJQ,HIP HOP,60.0,947163.0,https://i.scdn.co/image/ab6761610000e5eb5b2ba819fa89b17d6ae81567,LETTER_2,LOLLAPALOOZA,"TWENTY ONE PILOTS, TAME IMPALA"
1901,Matheus Fernandes,2022-02-12,2022,MEMORIAL DA AMERICA LATINA,MATHEUS FERNANDES,15000.0,GRANDES CASAS,AREA EXTERNA PARA EVENTOS,-23.5274091,-46.6656539,37mqXU98U5GmH5ZDtlHM1c,"PISEIRO, SERTANEJO, PAGODE, FORRO, ARROCHA, SERTANEJO UNIVERSITARIO",68.0,942888.0,https://i.scdn.co/image/ab6761610000e5ebaa4393599997eb6a4bcb5500,GENRE_1,False,False
1902,Matheus Fernandes,2022-02-12,2022,MEMORIAL DA AMERICA LATINA,MATHEUS FERNANDES,15000.0,GRANDES CASAS,AREA EXTERNA PARA EVENTOS,-23.5274091,-46.6656539,37mqXU98U5GmH5ZDtlHM1c,"PISEIRO, SERTANEJO, PAGODE, FORRO, ARROCHA, SERTANEJO UNIVERSITARIO",68.0,942888.0,https://i.scdn.co/image/ab6761610000e5ebaa4393599997eb6a4bcb5500,GENRE_1,False,False
1903,Matheus Fernandes,2022-02-12,2022,MEMORIAL DA AMERICA LATINA,MATHEUS FERNANDES,15000.0,GRANDES CASAS,AREA EXTERNA PARA EVENTOS,-23.5274091,-46.6656539,37mqXU98U5GmH5ZDtlHM1c,"PISEIRO, SERTANEJO, PAGODE, FORRO, ARROCHA, SERTANEJO UNIVERSITARIO",68.0,942888.0,https://i.scdn.co/image/ab6761610000e5ebaa4393599997eb6a4bcb5500,GENRE_1,False,False
1904,Sofi Tukker,2023-03-25,2023,AUTODROMO DE INTERLAGOS,SOFI TUKKER,100000.0,ARENAS E ESTADIOS,AREA EXTERNA PARA EVENTOS,-23.7000,-46.6972,586uxXMyD5ObPuzjtrzO1Q,0,66.0,933144.0,https://i.scdn.co/image/ab6761610000e5eb38e929af2f9c9fe10e690395,LETTER_2,LOLLAPALOOZA,"TWENTY ONE PILOTS, TAME IMPALA"
1905,Sofi Tukker,2023-11-05,2023,ALLIANZ PARQUE,SOFI TUKKER,45000.0,ARENAS E ESTADIOS,ESTADIO MULTIUSO,-23.5276207,-46.6784662,586uxXMyD5ObPuzjtrzO1Q,0,66.0,933144.0,https://i.scdn.co/image/ab6761610000e5eb38e929af2f9c9fe10e690395,LETTER_2,False,False
1906,The Calling,2025-10-12,2025,AUDIO,THE CALLING,3200.0,MEDIAS CASAS,CASA DE SHOWS,-23.52822,-46.66968,5aMmmNxw4vgpc5XC6hK0zp,POP ROCK,64.0,929390.0,https://i.scdn.co/image/ab6761610000e5eb38d8424c0aad47b9167e5556,GENRE_1,False,False
1907,Sevdaliza,2025-05-08,2025,TOKIO MARINE HALL,SEVDALIZA,4000.0,MEDIAS CASAS,CASA DE SHOWS,-23.6383,-46.7203,5MraexJKZDrQYzS98kNwie,0,70.0,924829.0,https://i.scdn.co/image/ab6761610000e5eb0086af40aaead26bd90c9b0a,GENRE_1,False,False
1908,Sevdaliza,2022-11-05,2022,DISTRITO ANHEMBI,SEVDALIZA,35000.0,GRANDES CASAS,AREA EXTERNA PARA EVENTOS,-23.51611,-46.64320,5MraexJKZDrQYzS98kNwie,0,70.0,924829.0,https://i.scdn.co/image/ab6761610000e5eb0086af40aaead26bd90c9b0a,GENRE_1,PRIMAVERA SOUND,"ARCTIC MONKEYS, BJORK"
1909,SoFaygo,2022-06-17,2022,SAMBODROMO DO ANHEMBI,SOFAYGO,100000.0,ARENAS E ESTADIOS,AREA EXTERNA PARA EVENTOS,-23.5079,-46.6379,2SJhf6rTOU53g8yBdAjPby,RAGE RAP,61.0,923896.0,https://i.scdn.co/image/ab6761610000e5eb010635685ba93f98efe6e936,LETTER_2,False,False
1910,Jorge Drexler,2023-11-09,2023,ESPACO UNIMED,JORGE DREXLER,8000.0,MEDIAS CASAS,CASA DE SHOWS,-23.52812,-46.66805,4ssUf5gLb1GBLxi1BhPrVt,"TROVA, SINGER-SONGWRITER, LATIN FOLK, NUEVA TROVA, CANDOMBE",64.0,914726.0,https://i.scdn.co/image/ab6761610000e5ebff6bfb6400287b5c9f4e8c94,GENRE_2,False,False
1911,Jorge Drexler,2022-09-24,2022,VIBRA SAO PAULO,JORGE DREXLER,7000.0,MEDIAS CASAS,TEATRO E CASA DE ESPETACULOS,-23.6475,-46.7239,4ssUf5gLb1GBLxi1BhPrVt,"TROVA, SINGER-SONGWRITER, LATIN FOLK, NUEVA TROVA, CANDOMBE",64.0,914726.0,https://i.scdn.co/image/ab6761610000e5ebff6bfb6400287b5c9f4e8c94,GENRE_2,False,False
1912,Damiano David,2025-11-07,2025,TOKIO MARINE HALL,DAMIANO DAVID,4000.0,MEDIAS CASAS,CASA DE SHOWS,-23.6383,-46.7203,7AaGbSgUxJFuZ49VvclNH6,0,73.0,910403.0,https://i.scdn.co/image/ab6761610000e5eb5f4739dad0989bd723b29ff5,LETTER_1,False,False
1913,The Hives,2023-12-02,2023,AUTODROMO DE INTERLAGOS,THE HIVES,100000.0,ARENAS E ESTADIOS,AREA EXTERNA PARA EVENTOS,-23.7000,-46.6972,4DToQR3aKrHQSSRzSz8Nzt,GARAGE ROCK,60.0,899018.0,https://i.scdn.co/image/ab6761610000e5eb53835e3606d53fc048e6dac8,LETTER_1,False,False
1914,The Hives,2024-10-15,2024,TOKIO MARINE HALL,THE HIVES,4000.0,MEDIAS CASAS,CASA DE SHOWS,-23.6383,-46.7203,4DToQR3aKrHQSSRzSz8Nzt,GARAGE ROCK,60.0,899018.0,https://i.scdn.co/image/ab6761610000e5eb53835e3606d53fc048e6dac8,LETTER_1,False,False
1915,Polo & Pan,2025-11-12,2025,AUDIO,POLO & PAN,3200.0,MEDIAS CASAS,CASA DE SHOWS,-23.52822,-46.66968,45yEuthJ9yq1rNXAOpBnqM,"FRENCH INDIE POP, FRENCH HOUSE",61.0,894465.0,https://i.scdn.co/image/ab6761610000e5ebb3a1dfb61289ad814c46d564,GENRE_2,False,False
1916,Polo & Pan,2023-03-24,2023,AUTODROMO DE INTERLAGOS,POLO & PAN,100000.0,ARENAS E ESTADIOS,AREA EXTERNA PARA EVENTOS,-23.7000,-46.6972,45yEuthJ9yq1rNXAOpBnqM,"FRENCH INDIE POP, FRENCH HOUSE",61.0,894465.0,https://i.scdn.co/image/ab6761610000e5ebb3a1dfb61289ad814c46d564,GENRE_2,LOLLAPALOOZA,"BILLIE EILISH, LIL NAS X"
1917,Stick Figure,2025-05-25,2025,TERRA SP,STICK FIGURE,6000.0,MEDIAS CASAS,CASA DE SHOWS,-23.6463,-46.7763,5SXEylV07TC57eanSxxg4R,"REGGAE, REGGAE ROCK, ROOTS REGGAE",69.0,886642.0,https://i.scdn.co/image/ab6761610000e5eba0f1123095d7e00b8d9fc8ed,GENRE_1,False,False
1918,CPM 22,2022-04-23,2022,AUDIO,CPM 22,3200.0,MEDIAS CASAS,CASA DE SHOWS,-23.52822,-46.66968,2Jw4Lrfjnyv2QsDoBgnrAP,"BRAZILIAN ROCK, BRAZILIAN POP",61.0,885381.0,https://i.scdn.co/image/ab6761610000e5eb9d47a0ac0893c45ed558d221,GENRE_1,False,False
1919,CPM 22,2022-05-08,2022,AUDIO,CPM 22,3200.0,MEDIAS CASAS,CASA DE SHOWS,-23.52822,-46.66968,2Jw4Lrfjnyv2QsDoBgnrAP,"BRAZILIAN ROCK, BRAZILIAN POP",61.0,885381.0,https://i.scdn.co/image/ab6761610000e5eb9d47a0ac0893c45ed558d221,GENRE_1,False,False
1920,CPM 22,2024-07-13,2024,AUDIO,CPM 22,3200.0,MEDIAS CASAS,CASA DE SHOWS,-23.52822,-46.66968,2Jw4Lrfjnyv2QsDoBgnrAP,"BRAZILIAN ROCK, BRAZILIAN POP",61.0,885381.0,https://i.scdn.co/image/ab6761610000e5eb9d47a0ac0893c45ed558d221,GENRE_1,False,False
1921,CPM 22,2025-09-07,2025,AUTODROMO DE INTERLAGOS,CPM 22,100000.0,ARENAS E ESTADIOS,AREA EXTERNA PARA EVENTOS,-23.7000,-46.6972,2Jw4Lrfjnyv2QsDoBgnrAP,"BRAZILIAN ROCK, BRAZILIAN POP",61.0,885381.0,https://i.scdn.co/image/ab6761610000e5eb9d47a0ac0893c45ed558d221,GENRE_1,THE TOWN,GREEN DAY
1922,CPM 22,2024-11-07,2024,EXPO CENTER NORTE,CPM 22,25000.0,GRANDES CASAS,CENTRO DE EXPOSICOES,-23.5130,-46.6237,2Jw4Lrfjnyv2QsDoBgnrAP,"BRAZILIAN ROCK, BRAZILIAN POP",61.0,885381.0,https://i.scdn.co/image/ab6761610000e5eb9d47a0ac0893c45ed558d221,GENRE_1,False,False
1923,CPM 22,2025-11-08,2025,EXPO BARRA FUNDA,CPM 22,5000.0,MEDIAS CASAS,CENTRO DE EVENTOS,-23.52699,-46.66954,2Jw4Lrfjnyv2QsDoBgnrAP,"BRAZILIAN ROCK, BRAZILIAN POP",61.0,885381.0,https://i.scdn.co/image/ab6761610000e5eb9d47a0ac0893c45ed558d221,GENRE_1,False,False
1924,CPM 22,2022-09-10,2022,VIBRA SAO PAULO,CPM 22,7000.0,MEDIAS CASAS,TEATRO E CASA DE ESPETACULOS,-23.6475,-46.7239,2Jw4Lrfjnyv2QsDoBgnrAP,"BRAZILIAN ROCK, BRAZILIAN POP",61.0,885381.0,https://i.scdn.co/image/ab6761610000e5eb9d47a0ac0893c45ed558d221,GENRE_1,False,False
1925,CPM 22,2023-09-23,2023,DISTRITO ANHEMBI,CPM 22,35000.0,GRANDES CASAS,AREA EXTERNA PARA EVENTOS,-23.51611,-46.64320,2Jw4Lrfjnyv2QsDoBgnrAP,"BRAZILIAN ROCK, BRAZILIAN POP",61.0,885381.0,https://i.scdn.co/image/ab6761610000e5eb9d47a0ac0893c45ed558d221,GENRE_1,False,False
1926,CPM 22,2025-08-15,2025,SUHAI MUSIC HALL,CPM 22,9000.0,MEDIAS CASAS,CASA DE SHOWS,-23.68026,-46.69805,2Jw4Lrfjnyv2QsDoBgnrAP,"BRAZILIAN ROCK, BRAZILIAN POP",61.0,885381.0,https://i.scdn.co/image/ab6761610000e5eb9d47a0ac0893c45ed558d221,GENRE_1,False,False
1927,BADBADNOTGOOD,2024-11-10,2024,TOKIO MARINE HALL,BADBADNOTGOOD,4000.0,MEDIAS CASAS,CASA DE SHOWS,-23.6383,-46.7203,65dGLGjkw3UbddUg2GKQoZ,0,63.0,883210.0,https://i.scdn.co/image/ab6761610000e5eb4fbd8eb6ef7f24c18dcb8666,GENRE_2,False,False
1928,BADBADNOTGOOD,2023-06-03,2023,NOVO ANHANGABAU,BADBADNOTGOOD,35000.0,GRANDES CASAS,AREA EXTERNA PARA EVENTOS,-23.54429,-46.63623,65dGLGjkw3UbddUg2GKQoZ,0,63.0,883210.0,https://i.scdn.co/image/ab6761610000e5eb4fbd8eb6ef7f24c18dcb8666,GENRE_2,MITA FESTIVAL,LANA DEL REY
1929,Yunk Vino,2021-12-10,2021,AUDIO,YUNK VINO,3200.0,MEDIAS CASAS,CASA DE SHOWS,-23.52822,-46.66968,460m2YG30duLCuHwFdiLgX,"BRAZILIAN TRAP, TRAP, TRAP FUNK, BRAZILIAN HIP HOP",65.0,872428.0,https://i.scdn.co/image/ab6761610000e5eb89e21a5f0579dfe38510fbbc,LETTER_1,False,False
1930,Yunk Vino,2023-09-09,2023,AUTODROMO DE INTERLAGOS,YUNK VINO,100000.0,ARENAS E ESTADIOS,AREA EXTERNA PARA EVENTOS,-23.7000,-46.6972,460m2YG30duLCuHwFdiLgX,"BRAZILIAN TRAP, TRAP, TRAP FUNK, BRAZILIAN HIP HOP",65.0,872428.0,https://i.scdn.co/image/ab6761610000e5eb89e21a5f0579dfe38510fbbc,LETTER_1,THE TOWN,FOO FIGHTERS
1931,Yunk Vino,2022-06-18,2022,SAMBODROMO DO ANHEMBI,YUNK VINO,100000.0,ARENAS E ESTADIOS,AREA EXTERNA PARA EVENTOS,-23.5079,-46.6379,460m2YG30duLCuHwFdiLgX,"BRAZILIAN TRAP, TRAP, TRAP FUNK, BRAZILIAN HIP HOP",65.0,872428.0,https://i.scdn.co/image/ab6761610000e5eb89e21a5f0579dfe38510fbbc,LETTER_1,False,False
1932,Yunk Vino,2023-12-10,2023,NEO QUIMICA ARENA,YUNK VINO,49000.0,ARENAS E ESTADIOS,ESTADIO MULTIUSO,-23.54534,-46.47476,460m2YG30duLCuHwFdiLgX,"BRAZILIAN TRAP, TRAP, TRAP FUNK, BRAZILIAN HIP HOP",65.0,872428.0,https://i.scdn.co/image/ab6761610000e5eb89e21a5f0579dfe38510fbbc,LETTER_1,False,False
1933,Yunk Vino,2025-11-23,2025,NEO QUIMICA ARENA,YUNK VINO,49000.0,ARENAS E ESTADIOS,ESTADIO MULTIUSO,-23.54534,-46.47476,460m2YG30duLCuHwFdiLgX,"BRAZILIAN TRAP, TRAP, TRAP FUNK, BRAZILIAN HIP HOP",65.0,872428.0,https://i.scdn.co/image/ab6761610000e5eb89e21a5f0579dfe38510fbbc,LETTER_1,False,False
1934,Above & Beyond,2024-03-23,2024,AUTODROMO DE INTERLAGOS,ABOVE & BEYOND,100000.0,ARENAS E ESTADIOS,AREA EXTERNA PARA EVENTOS,-23.7000,-46.6972,10gzBoINW3cLJfZUka8Zoe,"TRANCE, PROGRESSIVE TRANCE, PROGRESSIVE HOUSE",62.0,856778.0,https://i.scdn.co/image/ab6761610000e5ebb011823512c7e3372db21b36,LETTER_1,LOLLAPALOOZA,"KINGS OF LEON, LIMP BIZKIT"
1935,Above & Beyond,2023-04-22,2023,VALE DO ANHANGABAU,ABOVE & BEYOND,35000.0,GRANDES CASAS,AREA EXTERNA PARA EVENTOS,-23.54429,-46.63623,10gzBoINW3cLJfZUka8Zoe,"TRANCE, PROGRESSIVE TRANCE, PROGRESSIVE HOUSE",62.0,856778.0,https://i.scdn.co/image/ab6761610000e5ebb011823512c7e3372db21b36,LETTER_1,ULTRA BRASIL,DJ SNAKE
1936,Purple Disco Machine,2023-03-25,2023,AUTODROMO DE INTERLAGOS,PURPLE DISCO MACHINE,100000.0,ARENAS E ESTADIOS,AREA EXTERNA PARA EVENTOS,-23.7000,-46.6972,2WBJQGf1bT1kxuoqziH5g4,"DISCO HOUSE, NU DISCO, FUNKY HOUSE, HOUSE",70.0,851356.0,https://i.scdn.co/image/ab6761610000e5ebbd1cb147996bda17ecc97dd7,LETTER_2,LOLLAPALOOZA,"TWENTY ONE PILOTS, TAME IMPALA"
1937,IDLES,2022-03-27,2022,AUTODROMO DE INTERLAGOS,IDLES,100000.0,ARENAS E ESTADIOS,AREA EXTERNA PARA EVENTOS,-23.7000,-46.6972,75mafsNqNE1WSEVxIKuY5C,"POST-PUNK, PUNK, NOISE ROCK",61.0,843527.0,https://i.scdn.co/image/ab6761610000e5eb15a2ab2d3913d5b998e93e71,LETTER_1,LOLLAPALOOZA,FOO FIGHTERS
1938,Turnstile,2022-03-25,2022,AUTODROMO DE INTERLAGOS,TURNSTILE,100000.0,ARENAS E ESTADIOS,AREA EXTERNA PARA EVENTOS,-23.7000,-46.6972,2qnpHrOzdmOo1S4ox3j17x,"HARDCORE PUNK, HARDCORE",67.0,840641.0,https://i.scdn.co/image/ab6761610000e5eba4c3fd0017b42344516dc16c,LETTER_2,LOLLAPALOOZA,THE STROKES
1939,Turnstile,2024-04-16,2024,TOKIO MARINE HALL,TURNSTILE,4000.0,MEDIAS CASAS,CASA DE SHOWS,-23.6383,-46.7203,2qnpHrOzdmOo1S4ox3j17x,"HARDCORE PUNK, HARDCORE",67.0,840641.0,https://i.scdn.co/image/ab6761610000e5eba4c3fd0017b42344516dc16c,LETTER_2,False,False
1940,Kaash Paige,2025-11-22,2025,NEO QUIMICA ARENA,KAASH PAIGE,49000.0,ARENAS E ESTADIOS,ESTADIO MULTIUSO,-23.54534,-46.47476,0f2YkMXwFNJNSX7MymevKE,0,66.0,839249.0,https://i.scdn.co/image/ab6761610000e5eb68cbba3fb773d0a104d1d219,GENRE_2,False,False
1941,Wet Leg,2023-09-09,2023,AUTODROMO DE INTERLAGOS,WET LEG,100000.0,ARENAS E ESTADIOS,AREA EXTERNA PARA EVENTOS,-23.7000,-46.6972,2TwOrUcYnAlIiKmVQkkoSZ,"INDIE ROCK, INDIE",64.0,836724.0,https://i.scdn.co/image/ab6761610000e5eba4e6cf8b3d6ea5a6b4b5fb8f,GENRE_1,THE TOWN,FOO FIGHTERS
1942,Maria Rita,2023-09-07,2023,AUTODROMO DE INTERLAGOS,MARIA RITA,100000.0,ARENAS E ESTADIOS,AREA EXTERNA PARA EVENTOS,-23.7000,-46.6972,1C8UBSZs5rOPfxuxTMS6OI,"SAMBA, MPB, PAGODE, NOVA MPB, BOSSA NOVA",60.0,822841.0,https://i.scdn.co/image/ab6761610000e5eb78fbae6c967db0ecd17c8921,LETTER_1,THE TOWN,"MAROON 5, THE CHAINSMOKERS"
1943,Maria Rita,2023-09-07,2023,AUTODROMO DE INTERLAGOS,MARIA RITA,100000.0,ARENAS E ESTADIOS,AREA EXTERNA PARA EVENTOS,-23.7000,-46.6972,1C8UBSZs5rOPfxuxTMS6OI,"SAMBA, MPB, PAGODE, NOVA MPB, BOSSA NOVA",60.0,822841.0,https://i.scdn.co/image/ab6761610000e5eb78fbae6c967db0ecd17c8921,LETTER_1,THE TOWN,"MAROON 5, THE CHAINSMOKERS"
1944,Anyma,2024-02-24,2024,AUTODROMO DE INTERLAGOS,ANYMA,100000.0,ARENAS E ESTADIOS,AREA EXTERNA PARA EVENTOS,-23.7000,-46.6972,4iBwchw0U0GZv5RfVYSMxN,"MELODIC TECHNO, MELODIC HOUSE, STUTTER HOUSE, TECHNO",70.0,814112.0,https://i.scdn.co/image/ab6761610000e5eb7f93152e853393d8c7cc71a0,LETTER_1,AFTERLIFE SAO PAULO,OMNYA
1952,The Warning,2025-03-08,2025,ALLIANZ PARQUE,THE WARNING,45000.0,ARENAS E ESTADIOS,ESTADIO MULTIUSO,-23.5276207,-46.6784662,2SmW1lFlBJn4IfBzBZDlSh,0,62.0,776117.0,https://i.scdn.co/image/ab6761610000e5ebc582a293332863f8e3335c80,LETTER_2,False,False
1953,L’Impératrice,2025-11-04,2025,AUDIO,L'IMPERATRICE,3200.0,MEDIAS CASAS,CASA DE SHOWS,-23.52822,-46.66968,4PwlsrN0t5mLN0C827cbEU,"FRENCH INDIE POP, FRENCH HOUSE, FRENCH POP",63.0,749070.0,https://i.scdn.co/image/ab6761610000e5ebc676dbddd1febecdb7ccf160,GENRE_2,False,False
1954,CeeLo Green,2025-09-12,2025,AUTODROMO DE INTERLAGOS,CEELO GREEN,100000.0,ARENAS E ESTADIOS,AREA EXTERNA PARA EVENTOS,-23.7000,-46.6972,5nLYd9ST4Cnwy6NHaCxbj8,R&B,70.0,731349.0,https://i.scdn.co/image/ab6761610000e5eb8079989370c50963b60ee7bc,LETTER_1,THE TOWN,BACKSTREET BOYS
1955,The Blaze,2024-03-22,2024,AUTODROMO DE INTERLAGOS,THE BLAZE,100000.0,ARENAS E ESTADIOS,AREA EXTERNA PARA EVENTOS,-23.7000,-46.6972,1Dt1UKLtrJIW1xxRBejjos,0,62.0,725333.0,https://i.scdn.co/image/ab6761610000e5ebc47d7909754b4c16982e5626,LETTER_1,LOLLAPALOOZA,"BLINK-182,ARCADE FIRE"
1957,Major RD,2023-12-09,2023,NEO QUIMICA ARENA,MAJOR RD,49000.0,ARENAS E ESTADIOS,ESTADIO MULTIUSO,-23.54534,-46.47476,76hYPcWML9NGEh8LashwT5,"BRAZILIAN TRAP, BRAZILIAN HIP HOP, TRAP, TRAP FUNK",64.0,707504.0,https://i.scdn.co/image/ab6761610000e5ebd4c78f58de177a386eebc8f0,LETTER_1,False,False
1958,Major RD,2025-11-22,2025,NEO QUIMICA ARENA,MAJOR RD,49000.0,ARENAS E ESTADIOS,ESTADIO MULTIUSO,-23.54534,-46.47476,76hYPcWML9NGEh8LashwT5,"BRAZILIAN TRAP, BRAZILIAN HIP HOP, TRAP, TRAP FUNK",64.0,707504.0,https://i.scdn.co/image/ab6761610000e5ebd4c78f58de177a386eebc8f0,LETTER_1,False,False
1959,070 Shake,2022-03-25,2022,AUTODROMO DE INTERLAGOS,070 SHAKE,100000.0,ARENAS E ESTADIOS,AREA EXTERNA PARA EVENTOS,-23.7000,-46.6972,12Zk1DFhCbHY6v3xep2ZjI,0,70.0,697957.0,https://i.scdn.co/image/ab6761610000e5eb6338990250f5d5a447650ba9,GENRE_2,LOLLAPALOOZA,THE STROKES
1960,Loud Luxury,2024-03-23,2024,AUTODROMO DE INTERLAGOS,LOUD LUXURY,100000.0,ARENAS E ESTADIOS,AREA EXTERNA PARA EVENTOS,-23.7000,-46.6972,6t1gpxYbY8OlLA7D2RiikQ,0,67.0,694998.0,https://i.scdn.co/image/ab6761610000e5ebea8624227b5dade2142a984f,GENRE_2,LOLLAPALOOZA,"KINGS OF LEON, LIMP BIZKIT"
1961,BamBam,2024-03-05,2024,VIBRA SAO PAULO,BAMBAM,7000.0,MEDIAS CASAS,TEATRO E CASA DE ESPETACULOS,-23.6475,-46.7239,2p48L95TwEaYkSdn6R7LOr,"K-POP, T-POP",60.0,692856.0,https://i.scdn.co/image/ab6761610000e5eb12644c9df4324596873dbdcb,NUM,False,False
1962,BamBam,2024-03-05,2024,VIBRA SAO PAULO,BAMBAM,7000.0,MEDIAS CASAS,TEATRO E CASA DE ESPETACULOS,-23.6475,-46.7239,2p48L95TwEaYkSdn6R7LOr,"K-POP, T-POP",60.0,692856.0,https://i.scdn.co/image/ab6761610000e5eb12644c9df4324596873dbdcb,NUM,False,False
1963,Ocean Alley,2025-10-23,2025,AUDIO,OCEAN ALLEY,3200.0,MEDIAS CASAS,CASA DE SHOWS,-23.52822,-46.66968,18lpwfiys4GtdHWNUu9qQr,SURF ROCK,64.0,664596.0,https://i.scdn.co/image/ab6761610000e5eb92b004bf56ed88782f46e4a8,LETTER_2,False,False
1964,Caroline Polachek,2022-11-06,2022,DISTRITO ANHEMBI,CAROLINE POLACHEK,35000.0,GRANDES CASAS,AREA EXTERNA PARA EVENTOS,-23.51611,-46.64320,4Ge8xMJNwt6EEXOzVXju9a,ART POP,67.0,659422.0,https://i.scdn.co/image/ab6761610000e5eb5da901a1dd949436f2377f72,LETTER_1,PRIMAVERA SOUND,"TRAVIS SCOTT, LORDE"
1965,Marina Sena,2022-08-06,2022,AUDIO,MARINA SENA,3200.0,MEDIAS CASAS,CASA DE SHOWS,-23.52822,-46.66968,0nFdWpwl7h6fp3ADRyG14L,"BRAZILIAN POP, NOVA MPB",69.0,643993.0,https://i.scdn.co/image/ab6761610000e5eb5dc46cd89751c5b6ab34d210,GENRE_1,False,False
1966,Marina Sena,2023-05-05,2023,AUDIO,MARINA SENA,3200.0,MEDIAS CASAS,CASA DE SHOWS,-23.52822,-46.66968,0nFdWpwl7h6fp3ADRyG14L,"BRAZILIAN POP, NOVA MPB",69.0,643993.0,https://i.scdn.co/image/ab6761610000e5eb5dc46cd89751c5b6ab34d210,GENRE_1,False,False
1967,Marina Sena,2024-11-14,2024,AUDIO,MARINA SENA,3200.0,MEDIAS CASAS,CASA DE SHOWS,-23.52822,-46.66968,0nFdWpwl7h6fp3ADRyG14L,"BRAZILIAN POP, NOVA MPB",69.0,643993.0,https://i.scdn.co/image/ab6761610000e5eb5dc46cd89751c5b6ab34d210,GENRE_1,False,False
1968,Marina Sena,2022-03-27,2022,AUTODROMO DE INTERLAGOS,MARINA SENA,100000.0,ARENAS E ESTADIOS,AREA EXTERNA PARA EVENTOS,-23.7000,-46.6972,0nFdWpwl7h6fp3ADRyG14L,"BRAZILIAN POP, NOVA MPB",69.0,643993.0,https://i.scdn.co/image/ab6761610000e5eb5dc46cd89751c5b6ab34d210,GENRE_1,LOLLAPALOOZA,FOO FIGHTERS
1969,Marina Sena,2023-09-10,2023,AUTODROMO DE INTERLAGOS,MARINA SENA,100000.0,ARENAS E ESTADIOS,AREA EXTERNA PARA EVENTOS,-23.7000,-46.6972,0nFdWpwl7h6fp3ADRyG14L,"BRAZILIAN POP, NOVA MPB",69.0,643993.0,https://i.scdn.co/image/ab6761610000e5eb5dc46cd89751c5b6ab34d210,GENRE_1,THE TOWN,"BRUNO MARS, H.E.R"
1970,Marina Sena,2023-12-03,2023,AUTODROMO DE INTERLAGOS,MARINA SENA,100000.0,ARENAS E ESTADIOS,AREA EXTERNA PARA EVENTOS,-23.7000,-46.6972,0nFdWpwl7h6fp3ADRyG14L,"BRAZILIAN POP, NOVA MPB",69.0,643993.0,https://i.scdn.co/image/ab6761610000e5eb5dc46cd89751c5b6ab34d210,GENRE_1,False,False
1971,Marina Sena,2022-11-19,2022,ARENA ANHEMBI,MARINA SENA,30000.0,GRANDES CASAS,AREA EXTERNA PARA EVENTOS,-23.51611,-46.64320,0nFdWpwl7h6fp3ADRyG14L,"BRAZILIAN POP, NOVA MPB",69.0,643993.0,https://i.scdn.co/image/ab6761610000e5eb5dc46cd89751c5b6ab34d210,GENRE_1,False,False
1972,Marina Sena,2022-09-18,2022,MEMORIAL DA AMERICA LATINA,MARINA SENA,15000.0,GRANDES CASAS,AREA EXTERNA PARA EVENTOS,-23.5274091,-46.6656539,0nFdWpwl7h6fp3ADRyG14L,"BRAZILIAN POP, NOVA MPB",69.0,643993.0,https://i.scdn.co/image/ab6761610000e5eb5dc46cd89751c5b6ab34d210,GENRE_1,COALA FESTIVAL,"MARIA BETHANIA, ALCEU VALENCA"
1973,Marina Sena,2025-09-05,2025,MEMORIAL DA AMERICA LATINA,MARINA SENA,15000.0,GRANDES CASAS,AREA EXTERNA PARA EVENTOS,-23.5274091,-46.6656539,0nFdWpwl7h6fp3ADRyG14L,"BRAZILIAN POP, NOVA MPB",69.0,643993.0,https://i.scdn.co/image/ab6761610000e5eb5dc46cd89751c5b6ab34d210,GENRE_1,COALA FESTIVAL,"LINIKER, CIDADE NEGRA"
1974,Marina Sena,2023-06-10,2023,VALE DO ANHANGABAU,MARINA SENA,35000.0,GRANDES CASAS,AREA EXTERNA PARA EVENTOS,-23.54429,-46.63623,0nFdWpwl7h6fp3ADRyG14L,"BRAZILIAN POP, NOVA MPB",69.0,643993.0,https://i.scdn.co/image/ab6761610000e5eb5dc46cd89751c5b6ab34d210,GENRE_1,False,False
1975,Marina Sena,2025-04-26,2025,ESPACO UNIMED,MARINA SENA,8000.0,MEDIAS CASAS,CASA DE SHOWS,-23.52812,-46.66805,0nFdWpwl7h6fp3ADRyG14L,"BRAZILIAN POP, NOVA MPB",69.0,643993.0,https://i.scdn.co/image/ab6761610000e5eb5dc46cd89751c5b6ab34d210,GENRE_1,False,False
1976,Remi Wolf,2022-03-26,2022,AUTODROMO DE INTERLAGOS,REMI WOLF,100000.0,ARENAS E ESTADIOS,AREA EXTERNA PARA EVENTOS,-23.7000,-46.6972,0NB5HROxc8dDBXpkIi1v3d,0,62.0,632313.0,https://i.scdn.co/image/ab6761610000e5ebe8ed9445c95bfe8b20034463,LETTER_2,LOLLAPALOOZA,MILEY CYRUS
1977,Dom Dolla,2024-03-22,2024,AUTODROMO DE INTERLAGOS,DOM DOLLA,100000.0,ARENAS E ESTADIOS,AREA EXTERNA PARA EVENTOS,-23.7000,-46.6972,205i7E8fNVfojowcQSfK9m,"HOUSE, TECH HOUSE",68.0,630138.0,https://i.scdn.co/image/ab6761610000e5eb9290e172cbcacc0521b02b11,LETTER_1,LOLLAPALOOZA,"BLINK-182,ARCADE FIRE"
1978,Flora Matos,2022-06-24,2022,AUDIO,FLORA MATOS,3200.0,MEDIAS CASAS,CASA DE SHOWS,-23.52822,-46.66968,5Znx4PG5UsUitigaJnmZX3,BRAZILIAN HIP HOP,60.0,629418.0,https://i.scdn.co/image/ab6761610000e5eb7f25349a142a2a41fc51af7b,LETTER_1,False,False
1979,Flora Matos,2022-06-24,2022,AUDIO,FLORA MATOS,3200.0,MEDIAS CASAS,CASA DE SHOWS,-23.52822,-46.66968,5Znx4PG5UsUitigaJnmZX3,BRAZILIAN HIP HOP,60.0,629418.0,https://i.scdn.co/image/ab6761610000e5eb7f25349a142a2a41fc51af7b,LETTER_1,False,False
1980,Flora Matos,2023-09-16,2023,AUDIO,FLORA MATOS,3200.0,MEDIAS CASAS,CASA DE SHOWS,-23.52822,-46.66968,5Znx4PG5UsUitigaJnmZX3,BRAZILIAN HIP HOP,60.0,629418.0,https://i.scdn.co/image/ab6761610000e5eb7f25349a142a2a41fc51af7b,LETTER_1,False,False
1981,Flora Matos,2023-09-16,2023,AUDIO,FLORA MATOS,3200.0,MEDIAS CASAS,CASA DE SHOWS,-23.52822,-46.66968,5Znx4PG5UsUitigaJnmZX3,BRAZILIAN HIP HOP,60.0,629418.0,https://i.scdn.co/image/ab6761610000e5eb7f25349a142a2a41fc51af7b,LETTER_1,False,False
1982,Toquinho,2025-10-17,2025,ESPACO UNIMED,TOQUINHO,8000.0,MEDIAS CASAS,CASA DE SHOWS,-23.52812,-46.66805,7rPqFVgJYARiFsLDlN6W6y,"BOSSA NOVA, MPB, BRAZILIAN JAZZ, SAMBA",62.0,614309.0,https://i.scdn.co/image/ab6761610000e5ebd39ecd1d7ee10e47187910a9,GENRE_1,False,False
1983,The Plot in You,2024-11-30,2024,ALLIANZ PARQUE,THE PLOT IN YOU,45000.0,ARENAS E ESTADIOS,ESTADIO MULTIUSO,-23.5276207,-46.6784662,1cJ5tVoeAEFcZBAwSZ0CtF,METALCORE,65.0,612911.0,https://i.scdn.co/image/ab6761610000e5eb2dd9c6cd81b1324ba68c8ac1,GENRE_2,False,False
1984,Yago Oproprio,2024-09-08,2024,MEMORIAL DA AMERICA LATINA,YAGO OPROPRIO,15000.0,GRANDES CASAS,AREA EXTERNA PARA EVENTOS,-23.5274091,-46.6656539,7HoPy2YmahCCaYaFSFq497,"BOOM BAP, BRAZILIAN HIP HOP",67.0,608468.0,https://i.scdn.co/image/ab6761610000e5ebbcae189aad0812ed59c9126f,LETTER_1,False,False
1985,Black Alien,2023-03-24,2023,AUTODROMO DE INTERLAGOS,BLACK ALIEN,100000.0,ARENAS E ESTADIOS,AREA EXTERNA PARA EVENTOS,-23.7000,-46.6972,6aCbXH85qN6xo54C7atSMx,"BRAZILIAN HIP HOP, BOOM BAP",60.0,607694.0,https://i.scdn.co/image/ab6761610000e5ebba2786969b06c231b04a3f80,LETTER_1,LOLLAPALOOZA,"BILLIE EILISH, LIL NAS X"
1986,Black Alien,2022-09-18,2022,MEMORIAL DA AMERICA LATINA,BLACK ALIEN,15000.0,GRANDES CASAS,AREA EXTERNA PARA EVENTOS,-23.5274091,-46.6656539,6aCbXH85qN6xo54C7atSMx,"BRAZILIAN HIP HOP, BOOM BAP",60.0,607694.0,https://i.scdn.co/image/ab6761610000e5ebba2786969b06c231b04a3f80,LETTER_1,COALA FESTIVAL,"MARIA BETHANIA, ALCEU VALENCA"
1987,Black Alien,2022-10-08,2022,MEMORIAL DA AMERICA LATINA,BLACK ALIEN,15000.0,GRANDES CASAS,AREA EXTERNA PARA EVENTOS,-23.5274091,-46.6656539,6aCbXH85qN6xo54C7atSMx,"BRAZILIAN HIP HOP, BOOM BAP",60.0,607694.0,https://i.scdn.co/image/ab6761610000e5ebba2786969b06c231b04a3f80,LETTER_1,False,False
1988,Black Alien,2025-09-06,2025,MEMORIAL DA AMERICA LATINA,BLACK ALIEN,15000.0,GRANDES CASAS,AREA EXTERNA PARA EVENTOS,-23.5274091,-46.6656539,6aCbXH85qN6xo54C7atSMx,"BRAZILIAN HIP HOP, BOOM BAP",60.0,607694.0,https://i.scdn.co/image/ab6761610000e5ebba2786969b06c231b04a3f80,LETTER_1,COALA FESTIVAL,"NANDO REIS & CHICO CHICO, BLACK ALIEN"
1989,John Summit,2023-03-24,2023,AUTODROMO DE INTERLAGOS,JOHN SUMMIT,100000.0,ARENAS E ESTADIOS,AREA EXTERNA PARA EVENTOS,-23.7000,-46.6972,7kNqXtgeIwFtelmRjWv205,"HOUSE, TECH HOUSE",74.0,605759.0,https://i.scdn.co/image/ab6761610000e5eb2ac919903d42acf65516b540,LETTER_1,LOLLAPALOOZA,"BILLIE EILISH, LIL NAS X"
1992,Vini Vici,2023-04-22,2023,VALE DO ANHANGABAU,VINI VICI,35000.0,GRANDES CASAS,AREA EXTERNA PARA EVENTOS,-23.54429,-46.63623,29zsVzEH33dD5QqxeL8dvy,"PSYTRANCE, TRANCE",61.0,592591.0,https://i.scdn.co/image/ab6761610000e5eb16c3d0508b78984977eef4cf,LETTER_2,ULTRA BRASIL,DJ SNAKE
1993,Claptone,2023-03-24,2023,AUTODROMO DE INTERLAGOS,CLAPTONE,100000.0,ARENAS E ESTADIOS,AREA EXTERNA PARA EVENTOS,-23.7000,-46.6972,4mncDFjVLUa3s025Tct3Ry,0,62.0,578118.0,https://i.scdn.co/image/ab6761610000e5ebc6bd77ee4ac835421fbaf08e,LETTER_1,LOLLAPALOOZA,"BILLIE EILISH, LIL NAS X"
1994,Papatinho,2022-08-19,2022,NEO QUIMICA ARENA,PAPATINHO,49000.0,ARENAS E ESTADIOS,ESTADIO MULTIUSO,-23.54534,-46.47476,0iZz25uH5PLaShpqq84uYv,"BRAZILIAN HIP HOP, BRAZILIAN TRAP",61.0,577708.0,https://i.scdn.co/image/ab6761610000e5eba75a686e7d34331cb4455759,LETTER_2,False,False
1995,Liniker,2024-11-23,2024,ALLIANZ PARQUE,LINIKER,45000.0,ARENAS E ESTADIOS,ESTADIO MULTIUSO,-23.5276207,-46.6784662,2O6q06oNcmOIPg1qidSU3C,"NOVA MPB, MPB, BRAZILIAN POP",65.0,561879.0,https://i.scdn.co/image/ab6761610000e5eba3ff9fc3a247fabe1ceddd62,LETTER_1,False,False
1996,Liniker,2024-11-23,2024,ALLIANZ PARQUE,LINIKER,45000.0,ARENAS E ESTADIOS,ESTADIO MULTIUSO,-23.5276207,-46.6784662,2O6q06oNcmOIPg1qidSU3C,"NOVA MPB, MPB, BRAZILIAN POP",65.0,561879.0,https://i.scdn.co/image/ab6761610000e5eba3ff9fc3a247fabe1ceddd62,LETTER_1,False,False
1997,Liniker,2024-11-23,2024,ALLIANZ PARQUE,LINIKER,45000.0,ARENAS E ESTADIOS,ESTADIO MULTIUSO,-23.5276207,-46.6784662,2O6q06oNcmOIPg1qidSU3C,"NOVA MPB, MPB, BRAZILIAN POP",65.0,561879.0,https://i.scdn.co/image/ab6761610000e5eba3ff9fc3a247fabe1ceddd62,LETTER_1,False,False
1998,Liniker,2022-09-16,2022,MEMORIAL DA AMERICA LATINA,LINIKER,15000.0,GRANDES CASAS,AREA EXTERNA PARA EVENTOS,-23.5274091,-46.6656539,2O6q06oNcmOIPg1qidSU3C,"NOVA MPB, MPB, BRAZILIAN POP",65.0,561879.0,https://i.scdn.co/image/ab6761610000e5eba3ff9fc3a247fabe1ceddd62,LETTER_1,COALA FESTIVAL,DJAVAN
1999,Liniker,2022-09-16,2022,MEMORIAL DA AMERICA LATINA,LINIKER,15000.0,GRANDES CASAS,AREA EXTERNA PARA EVENTOS,-23.5274091,-46.6656539,2O6q06oNcmOIPg1qidSU3C,"NOVA MPB, MPB, BRAZILIAN POP",65.0,561879.0,https://i.scdn.co/image/ab6761610000e5eba3ff9fc3a247fabe1ceddd62,LETTER_1,COALA FESTIVAL,DJAVAN
2000,Liniker,2022-09-16,2022,MEMORIAL DA AMERICA LATINA,LINIKER,15000.0,GRANDES CASAS,AREA EXTERNA PARA EVENTOS,-23.5274091,-46.6656539,2O6q06oNcmOIPg1qidSU3C,"NOVA MPB, MPB, BRAZILIAN POP",65.0,561879.0,https://i.scdn.co/image/ab6761610000e5eba3ff9fc3a247fabe1ceddd62,LETTER_1,COALA FESTIVAL,DJAVAN
2001,Liniker,2025-09-05,2025,MEMORIAL DA AMERICA LATINA,LINIKER,15000.0,GRANDES CASAS,AREA EXTERNA PARA EVENTOS,-23.5274091,-46.6656539,2O6q06oNcmOIPg1qidSU3C,"NOVA MPB, MPB, BRAZILIAN POP",65.0,561879.0,https://i.scdn.co/image/ab6761610000e5eba3ff9fc3a247fabe1ceddd62,LETTER_1,COALA FESTIVAL,"LINIKER, CIDADE NEGRA"
2002,Liniker,2025-09-05,2025,MEMORIAL DA AMERICA LATINA,LINIKER,15000.0,GRANDES CASAS,AREA EXTERNA PARA EVENTOS,-23.5274091,-46.6656539,2O6q06oNcmOIPg1qidSU3C,"NOVA MPB, MPB, BRAZILIAN POP",65.0,561879.0,https://i.scdn.co/image/ab6761610000e5eba3ff9fc3a247fabe1ceddd62,LETTER_1,COALA FESTIVAL,"LINIKER, CIDADE NEGRA"
2003,Liniker,2025-09-05,2025,MEMORIAL DA AMERICA LATINA,LINIKER,15000.0,GRANDES CASAS,AREA EXTERNA PARA EVENTOS,-23.5274091,-46.6656539,2O6q06oNcmOIPg1qidSU3C,"NOVA MPB, MPB, BRAZILIAN POP",65.0,561879.0,https://i.scdn.co/image/ab6761610000e5eba3ff9fc3a247fabe1ceddd62,LETTER_1,COALA FESTIVAL,"LINIKER, CIDADE NEGRA"
2004,Liniker,2023-06-10,2023,VALE DO ANHANGABAU,LINIKER,35000.0,GRANDES CASAS,AREA EXTERNA PARA EVENTOS,-23.54429,-46.63623,2O6q06oNcmOIPg1qidSU3C,"NOVA MPB, MPB, BRAZILIAN POP",65.0,561879.0,https://i.scdn.co/image/ab6761610000e5eba3ff9fc3a247fabe1ceddd62,LETTER_1,False,False
2005,Liniker,2023-06-10,2023,VALE DO ANHANGABAU,LINIKER,35000.0,GRANDES CASAS,AREA EXTERNA PARA EVENTOS,-23.54429,-46.63623,2O6q06oNcmOIPg1qidSU3C,"NOVA MPB, MPB, BRAZILIAN POP",65.0,561879.0,https://i.scdn.co/image/ab6761610000e5eba3ff9fc3a247fabe1ceddd62,LETTER_1,False,False
2006,Liniker,2023-06-10,2023,VALE DO ANHANGABAU,LINIKER,35000.0,GRANDES CASAS,AREA EXTERNA PARA EVENTOS,-23.54429,-46.63623,2O6q06oNcmOIPg1qidSU3C,"NOVA MPB, MPB, BRAZILIAN POP",65.0,561879.0,https://i.scdn.co/image/ab6761610000e5eba3ff9fc3a247fabe1ceddd62,LETTER_1,False,False
2007,Liniker,2025-05-25,2025,VALE DO ANHANGABAU,LINIKER,35000.0,GRANDES CASAS,AREA EXTERNA PARA EVENTOS,-23.54429,-46.63623,2O6q06oNcmOIPg1qidSU3C,"NOVA MPB, MPB, BRAZILIAN POP",65.0,561879.0,https://i.scdn.co/image/ab6761610000e5eba3ff9fc3a247fabe1ceddd62,LETTER_1,False,False
2008,Liniker,2025-05-25,2025,VALE DO ANHANGABAU,LINIKER,35000.0,GRANDES CASAS,AREA EXTERNA PARA EVENTOS,-23.54429,-46.63623,2O6q06oNcmOIPg1qidSU3C,"NOVA MPB, MPB, BRAZILIAN POP",65.0,561879.0,https://i.scdn.co/image/ab6761610000e5eba3ff9fc3a247fabe1ceddd62,LETTER_1,False,False
2009,Liniker,2025-05-25,2025,VALE DO ANHANGABAU,LINIKER,35000.0,GRANDES CASAS,AREA EXTERNA PARA EVENTOS,-23.54429,-46.63623,2O6q06oNcmOIPg1qidSU3C,"NOVA MPB, MPB, BRAZILIAN POP",65.0,561879.0,https://i.scdn.co/image/ab6761610000e5eba3ff9fc3a247fabe1ceddd62,LETTER_1,False,False
2010,Liniker,2024-11-08,2024,ESPACO UNIMED,LINIKER,8000.0,MEDIAS CASAS,CASA DE SHOWS,-23.52812,-46.66805,2O6q06oNcmOIPg1qidSU3C,"NOVA MPB, MPB, BRAZILIAN POP",65.0,561879.0,https://i.scdn.co/image/ab6761610000e5eba3ff9fc3a247fabe1ceddd62,LETTER_1,False,False
2011,Liniker,2024-11-08,2024,ESPACO UNIMED,LINIKER,8000.0,MEDIAS CASAS,CASA DE SHOWS,-23.52812,-46.66805,2O6q06oNcmOIPg1qidSU3C,"NOVA MPB, MPB, BRAZILIAN POP",65.0,561879.0,https://i.scdn.co/image/ab6761610000e5eba3ff9fc3a247fabe1ceddd62,LETTER_1,False,False
2012,Liniker,2024-11-08,2024,ESPACO UNIMED,LINIKER,8000.0,MEDIAS CASAS,CASA DE SHOWS,-23.52812,-46.66805,2O6q06oNcmOIPg1qidSU3C,"NOVA MPB, MPB, BRAZILIAN POP",65.0,561879.0,https://i.scdn.co/image/ab6761610000e5eba3ff9fc3a247fabe1ceddd62,LETTER_1,False,False
2013,Liniker,2024-11-13,2024,ESPACO UNIMED,LINIKER,8000.0,MEDIAS CASAS,CASA DE SHOWS,-23.52812,-46.66805,2O6q06oNcmOIPg1qidSU3C,"NOVA MPB, MPB, BRAZILIAN POP",65.0,561879.0,https://i.scdn.co/image/ab6761610000e5eba3ff9fc3a247fabe1ceddd62,LETTER_1,False,False
2014,Liniker,2024-11-13,2024,ESPACO UNIMED,LINIKER,8000.0,MEDIAS CASAS,CASA DE SHOWS,-23.52812,-46.66805,2O6q06oNcmOIPg1qidSU3C,"NOVA MPB, MPB, BRAZILIAN POP",65.0,561879.0,https://i.scdn.co/image/ab6761610000e5eba3ff9fc3a247fabe1ceddd62,LETTER_1,False,False
2015,Liniker,2024-11-13,2024,ESPACO UNIMED,LINIKER,8000.0,MEDIAS CASAS,CASA DE SHOWS,-23.52812,-46.66805,2O6q06oNcmOIPg1qidSU3C,"NOVA MPB, MPB, BRAZILIAN POP",65.0,561879.0,https://i.scdn.co/image/ab6761610000e5eba3ff9fc3a247fabe1ceddd62,LETTER_1,False,False
2016,Liniker,2024-11-19,2024,ESPACO UNIMED,LINIKER,8000.0,MEDIAS CASAS,CASA DE SHOWS,-23.52812,-46.66805,2O6q06oNcmOIPg1qidSU3C,"NOVA MPB, MPB, BRAZILIAN POP",65.0,561879.0,https://i.scdn.co/image/ab6761610000e5eba3ff9fc3a247fabe1ceddd62,LETTER_1,False,False
2017,Liniker,2024-11-19,2024,ESPACO UNIMED,LINIKER,8000.0,MEDIAS CASAS,CASA DE SHOWS,-23.52812,-46.66805,2O6q06oNcmOIPg1qidSU3C,"NOVA MPB, MPB, BRAZILIAN POP",65.0,561879.0,https://i.scdn.co/image/ab6761610000e5eba3ff9fc3a247fabe1ceddd62,LETTER_1,False,False
2018,Liniker,2024-11-19,2024,ESPACO UNIMED,LINIKER,8000.0,MEDIAS CASAS,CASA DE SHOWS,-23.52812,-46.66805,2O6q06oNcmOIPg1qidSU3C,"NOVA MPB, MPB, BRAZILIAN POP",65.0,561879.0,https://i.scdn.co/image/ab6761610000e5eba3ff9fc3a247fabe1ceddd62,LETTER_1,False,False
2019,Liniker,2025-03-16,2025,VIBRA SAO PAULO,LINIKER,7000.0,MEDIAS CASAS,TEATRO E CASA DE ESPETACULOS,-23.6475,-46.7239,2O6q06oNcmOIPg1qidSU3C,"NOVA MPB, MPB, BRAZILIAN POP",65.0,561879.0,https://i.scdn.co/image/ab6761610000e5eba3ff9fc3a247fabe1ceddd62,LETTER_1,False,False
2020,Liniker,2025-03-16,2025,VIBRA SAO PAULO,LINIKER,7000.0,MEDIAS CASAS,TEATRO E CASA DE ESPETACULOS,-23.6475,-46.7239,2O6q06oNcmOIPg1qidSU3C,"NOVA MPB, MPB, BRAZILIAN POP",65.0,561879.0,https://i.scdn.co/image/ab6761610000e5eba3ff9fc3a247fabe1ceddd62,LETTER_1,False,False
2021,Liniker,2025-03-16,2025,VIBRA SAO PAULO,LINIKER,7000.0,MEDIAS CASAS,TEATRO E CASA DE ESPETACULOS,-23.6475,-46.7239,2O6q06oNcmOIPg1qidSU3C,"NOVA MPB, MPB, BRAZILIAN POP",65.0,561879.0,https://i.scdn.co/image/ab6761610000e5eba3ff9fc3a247fabe1ceddd62,LETTER_1,False,False
2022,Liniker,2022-11-05,2022,DISTRITO ANHEMBI,LINIKER,35000.0,GRANDES CASAS,AREA EXTERNA PARA EVENTOS,-23.51611,-46.64320,2O6q06oNcmOIPg1qidSU3C,"NOVA MPB, MPB, BRAZILIAN POP",65.0,561879.0,https://i.scdn.co/image/ab6761610000e5eba3ff9fc3a247fabe1ceddd62,LETTER_1,PRIMAVERA SOUND,"ARCTIC MONKEYS, BJORK"
2023,Liniker,2022-11-05,2022,DISTRITO ANHEMBI,LINIKER,35000.0,GRANDES CASAS,AREA EXTERNA PARA EVENTOS,-23.51611,-46.64320,2O6q06oNcmOIPg1qidSU3C,"NOVA MPB, MPB, BRAZILIAN POP",65.0,561879.0,https://i.scdn.co/image/ab6761610000e5eba3ff9fc3a247fabe1ceddd62,LETTER_1,PRIMAVERA SOUND,"ARCTIC MONKEYS, BJORK"
2024,Liniker,2022-11-05,2022,DISTRITO ANHEMBI,LINIKER,35000.0,GRANDES CASAS,AREA EXTERNA PARA EVENTOS,-23.51611,-46.64320,2O6q06oNcmOIPg1qidSU3C,"NOVA MPB, MPB, BRAZILIAN POP",65.0,561879.0,https://i.scdn.co/image/ab6761610000e5eba3ff9fc3a247fabe1ceddd62,LETTER_1,PRIMAVERA SOUND,"ARCTIC MONKEYS, BJORK"
2025,Duquesa,2025-09-12,2025,AUTODROMO DE INTERLAGOS,DUQUESA,100000.0,ARENAS E ESTADIOS,AREA EXTERNA PARA EVENTOS,-23.7000,-46.6972,1JlC6XG7lkwT6GzgQB9xOx,0,67.0,556480.0,https://i.scdn.co/image/ab6761610000e5eb8b0879f1926e41ee5ab50841,LETTER_1,THE TOWN,BACKSTREET BOYS
2026,Duquesa,2024-07-09,2024,CENTRO CULTURAL SAO PAULO,DUQUESA,2000.0,MEDIAS CASAS,TEATRO E CASA DE ESPETACULOS,-23.5708,-46.6403,1JlC6XG7lkwT6GzgQB9xOx,0,67.0,556480.0,https://i.scdn.co/image/ab6761610000e5eb8b0879f1926e41ee5ab50841,LETTER_1,False,False
2027,Ca7riel & Paco Amoroso,2025-09-17,2025,AUDIO,CA7RIEL & PACO AMOROSO,3200.0,MEDIAS CASAS,CASA DE SHOWS,-23.52822,-46.66968,6I8TDGeUmmLom8auKPzMdX,0,70.0,555100.0,https://i.scdn.co/image/ab6761610000e5eb1a35fd623e84de4bbb5fcb17,GENRE_2,False,False
2028,Ca7riel & Paco Amoroso,2025-03-30,2025,AUTODROMO DE INTERLAGOS,CA7RIEL & PACO AMOROSO,100000.0,ARENAS E ESTADIOS,AREA EXTERNA PARA EVENTOS,-23.7000,-46.6972,6I8TDGeUmmLom8auKPzMdX,0,70.0,555100.0,https://i.scdn.co/image/ab6761610000e5eb1a35fd623e84de4bbb5fcb17,GENRE_2,LOLLAPALOOZA,JUSTIN TIMBERLAKE
2029,Ca7riel & Paco Amoroso,2025-09-30,2025,ALLIANZ PARQUE,CA7RIEL & PACO AMOROSO,45000.0,ARENAS E ESTADIOS,ESTADIO MULTIUSO,-23.5276207,-46.6784662,6I8TDGeUmmLom8auKPzMdX,0,70.0,555100.0,https://i.scdn.co/image/ab6761610000e5eb1a35fd623e84de4bbb5fcb17,GENRE_2,False,False
2030,Derek,2023-12-09,2023,NEO QUIMICA ARENA,DEREK,49000.0,ARENAS E ESTADIOS,ESTADIO MULTIUSO,-23.54534,-46.47476,4Y0VwRwAOyJutxoVpPX4td,"BRAZILIAN TRAP, TRAP, BRAZILIAN HIP HOP, TRAP FUNK",60.0,540200.0,https://i.scdn.co/image/ab6761610000e5eb7a43d85a2421db006351030a,LETTER_1,False,False
2031,Derek,2023-12-09,2023,NEO QUIMICA ARENA,DEREK,49000.0,ARENAS E ESTADIOS,ESTADIO MULTIUSO,-23.54534,-46.47476,4Y0VwRwAOyJutxoVpPX4td,"BRAZILIAN TRAP, TRAP, BRAZILIAN HIP HOP, TRAP FUNK",60.0,540200.0,https://i.scdn.co/image/ab6761610000e5eb7a43d85a2421db006351030a,LETTER_1,False,False
2032,Derek,2023-12-09,2023,NEO QUIMICA ARENA,DEREK,49000.0,ARENAS E ESTADIOS,ESTADIO MULTIUSO,-23.54534,-46.47476,4Y0VwRwAOyJutxoVpPX4td,"BRAZILIAN TRAP, TRAP, BRAZILIAN HIP HOP, TRAP FUNK",60.0,540200.0,https://i.scdn.co/image/ab6761610000e5eb7a43d85a2421db006351030a,LETTER_1,False,False
2033,Giant Rooks,2024-05-11,2024,ALLIANZ PARQUE,GIANT ROOKS,45000.0,ARENAS E ESTADIOS,ESTADIO MULTIUSO,-23.5276207,-46.6784662,5wD0owYApRtYmjPWavWKvb,GERMAN INDIE,61.0,526638.0,https://i.scdn.co/image/ab6761610000e5eb788bcf4732e0fb570a9c7a35,GENRE_2,False,False
2034,Gorgon City,2023-03-24,2023,AUTODROMO DE INTERLAGOS,GORGON CITY,100000.0,ARENAS E ESTADIOS,AREA EXTERNA PARA EVENTOS,-23.7000,-46.6972,4VNQWV2y1E97Eqo2D5UTjx,HOUSE,61.0,523529.0,https://i.scdn.co/image/ab6761610000e5eb96e532684544ac9a33a5ebd9,LETTER_1,LOLLAPALOOZA,"BILLIE EILISH, LIL NAS X"
2035,Falamansa,2023-07-28,2023,CENTRO DE TRADICOES NORDESTINAS,FALAMANSA,5000.0,MEDIAS CASAS,CASA DE SHOWS,-23.4723,-46.6299,6uTK3YD9CT3pLx2yEfVmXk,"FORRO, FORRO TRADICIONAL",61.0,519188.0,https://i.scdn.co/image/ab6761610000e5ebf08089d75607c810c9ba0b6e,LETTER_1,False,False
2036,Falamansa,2023-04-20,2023,ESPACO UNIMED,FALAMANSA,8000.0,MEDIAS CASAS,CASA DE SHOWS,-23.52812,-46.66805,6uTK3YD9CT3pLx2yEfVmXk,"FORRO, FORRO TRADICIONAL",61.0,519188.0,https://i.scdn.co/image/ab6761610000e5ebf08089d75607c810c9ba0b6e,LETTER_1,False,False
2037,Lourena,2024-03-22,2024,AUTODROMO DE INTERLAGOS,LOURENA,100000.0,ARENAS E ESTADIOS,AREA EXTERNA PARA EVENTOS,-23.7000,-46.6972,3jLj1sAQaEpLpktyJmyGIh,BRAZILIAN HIP HOP,63.0,511162.0,https://i.scdn.co/image/ab6761610000e5eb8cbaa2b06787ecfec1597c86,LETTER_1,LOLLAPALOOZA,"BLINK-182,ARCADE FIRE"
2038,Lourena,2024-03-22,2024,AUTODROMO DE INTERLAGOS,LOURENA,100000.0,ARENAS E ESTADIOS,AREA EXTERNA PARA EVENTOS,-23.7000,-46.6972,3jLj1sAQaEpLpktyJmyGIh,BRAZILIAN HIP HOP,63.0,511162.0,https://i.scdn.co/image/ab6761610000e5eb8cbaa2b06787ecfec1597c86,LETTER_1,LOLLAPALOOZA,"BLINK-182,ARCADE FIRE"
2039,Lourena,2023-05-06,2023,DISTRITO ANHEMBI,LOURENA,35000.0,GRANDES CASAS,AREA EXTERNA PARA EVENTOS,-23.51611,-46.64320,3jLj1sAQaEpLpktyJmyGIh,BRAZILIAN HIP HOP,63.0,511162.0,https://i.scdn.co/image/ab6761610000e5eb8cbaa2b06787ecfec1597c86,LETTER_1,False,False
2040,Lourena,2023-05-06,2023,DISTRITO ANHEMBI,LOURENA,35000.0,GRANDES CASAS,AREA EXTERNA PARA EVENTOS,-23.51611,-46.64320,3jLj1sAQaEpLpktyJmyGIh,BRAZILIAN HIP HOP,63.0,511162.0,https://i.scdn.co/image/ab6761610000e5eb8cbaa2b06787ecfec1597c86,LETTER_1,False,False
2043,Dubdogz,2023-03-26,2023,AUTODROMO DE INTERLAGOS,DUBDOGZ,100000.0,ARENAS E ESTADIOS,AREA EXTERNA PARA EVENTOS,-23.7000,-46.6972,4cdyqaBREB68H77QKCrKP1,"BRAZILIAN BASS, ELECTRONIC",65.0,506082.0,https://i.scdn.co/image/ab6761610000e5eb341d261680f3a566557f77ac,LETTER_1,LOLLAPALOOZA,"DRAKE, ROSALIA"
2044,Dubdogz,2025-09-12,2025,AUTODROMO DE INTERLAGOS,DUBDOGZ,100000.0,ARENAS E ESTADIOS,AREA EXTERNA PARA EVENTOS,-23.7000,-46.6972,4cdyqaBREB68H77QKCrKP1,"BRAZILIAN BASS, ELECTRONIC",65.0,506082.0,https://i.scdn.co/image/ab6761610000e5eb341d261680f3a566557f77ac,LETTER_1,THE TOWN,BACKSTREET BOYS
2045,Dubdogz,2023-02-04,2023,ALLIANZ PARQUE,DUBDOGZ,45000.0,ARENAS E ESTADIOS,ESTADIO MULTIUSO,-23.5276207,-46.6784662,4cdyqaBREB68H77QKCrKP1,"BRAZILIAN BASS, ELECTRONIC",65.0,506082.0,https://i.scdn.co/image/ab6761610000e5eb341d261680f3a566557f77ac,LETTER_1,False,False
2046,Tasha & Tracie,2023-09-02,2023,AUTODROMO DE INTERLAGOS,TASHA & TRACIE,100000.0,ARENAS E ESTADIOS,AREA EXTERNA PARA EVENTOS,-23.7000,-46.6972,5Gv1C1LY8pWiYcfcdjSNMT,"BRAZILIAN HIP HOP, BRAZILIAN TRAP",61.0,501543.0,https://i.scdn.co/image/ab6761610000e5ebbe591f361b2cbcfd326a1f4b,LETTER_2,THE TOWN,"POST MALONE, DEMI LOVATO"
2047,Tasha & Tracie,2025-09-06,2025,AUTODROMO DE INTERLAGOS,TASHA & TRACIE,100000.0,ARENAS E ESTADIOS,AREA EXTERNA PARA EVENTOS,-23.7000,-46.6972,5Gv1C1LY8pWiYcfcdjSNMT,"BRAZILIAN HIP HOP, BRAZILIAN TRAP",61.0,501543.0,https://i.scdn.co/image/ab6761610000e5ebbe591f361b2cbcfd326a1f4b,LETTER_2,THE TOWN,TRAVIS SCOTT
2048,Tasha & Tracie,2023-11-05,2023,ALLIANZ PARQUE,TASHA & TRACIE,45000.0,ARENAS E ESTADIOS,ESTADIO MULTIUSO,-23.5276207,-46.6784662,5Gv1C1LY8pWiYcfcdjSNMT,"BRAZILIAN HIP HOP, BRAZILIAN TRAP",61.0,501543.0,https://i.scdn.co/image/ab6761610000e5ebbe591f361b2cbcfd326a1f4b,LETTER_2,False,False
2049,Tasha & Tracie,2022-09-16,2022,MEMORIAL DA AMERICA LATINA,TASHA & TRACIE,15000.0,GRANDES CASAS,AREA EXTERNA PARA EVENTOS,-23.5274091,-46.6656539,5Gv1C1LY8pWiYcfcdjSNMT,"BRAZILIAN HIP HOP, BRAZILIAN TRAP",61.0,501543.0,https://i.scdn.co/image/ab6761610000e5ebbe591f361b2cbcfd326a1f4b,LETTER_2,COALA FESTIVAL,DJAVAN
2050,Tasha & Tracie,2022-10-08,2022,MEMORIAL DA AMERICA LATINA,TASHA & TRACIE,15000.0,GRANDES CASAS,AREA EXTERNA PARA EVENTOS,-23.5274091,-46.6656539,5Gv1C1LY8pWiYcfcdjSNMT,"BRAZILIAN HIP HOP, BRAZILIAN TRAP",61.0,501543.0,https://i.scdn.co/image/ab6761610000e5ebbe591f361b2cbcfd326a1f4b,LETTER_2,False,False
2051,Tasha & Tracie,2024-01-27,2024,VALE DO ANHANGABAU,TASHA & TRACIE,35000.0,GRANDES CASAS,AREA EXTERNA PARA EVENTOS,-23.54429,-46.63623,5Gv1C1LY8pWiYcfcdjSNMT,"BRAZILIAN HIP HOP, BRAZILIAN TRAP",61.0,501543.0,https://i.scdn.co/image/ab6761610000e5ebbe591f361b2cbcfd326a1f4b,LETTER_2,False,False
2052,Tasha & Tracie,2022-06-19,2022,SAMBODROMO DO ANHEMBI,TASHA & TRACIE,100000.0,ARENAS E ESTADIOS,AREA EXTERNA PARA EVENTOS,-23.5079,-46.6379,5Gv1C1LY8pWiYcfcdjSNMT,"BRAZILIAN HIP HOP, BRAZILIAN TRAP",61.0,501543.0,https://i.scdn.co/image/ab6761610000e5ebbe591f361b2cbcfd326a1f4b,LETTER_2,False,False
2053,Tasha & Tracie,2023-04-02,2023,ESPACO UNIMED,TASHA & TRACIE,8000.0,MEDIAS CASAS,CASA DE SHOWS,-23.52812,-46.66805,5Gv1C1LY8pWiYcfcdjSNMT,"BRAZILIAN HIP HOP, BRAZILIAN TRAP",61.0,501543.0,https://i.scdn.co/image/ab6761610000e5ebbe591f361b2cbcfd326a1f4b,LETTER_2,False,False
2054,Tasha & Tracie,2022-11-05,2022,DISTRITO ANHEMBI,TASHA & TRACIE,35000.0,GRANDES CASAS,AREA EXTERNA PARA EVENTOS,-23.51611,-46.64320,5Gv1C1LY8pWiYcfcdjSNMT,"BRAZILIAN HIP HOP, BRAZILIAN TRAP",61.0,501543.0,https://i.scdn.co/image/ab6761610000e5ebbe591f361b2cbcfd326a1f4b,LETTER_2,PRIMAVERA SOUND,"ARCTIC MONKEYS, BJORK"
2055,Tasha & Tracie,2023-05-06,2023,DISTRITO ANHEMBI,TASHA & TRACIE,35000.0,GRANDES CASAS,AREA EXTERNA PARA EVENTOS,-23.51611,-46.64320,5Gv1C1LY8pWiYcfcdjSNMT,"BRAZILIAN HIP HOP, BRAZILIAN TRAP",61.0,501543.0,https://i.scdn.co/image/ab6761610000e5ebbe591f361b2cbcfd326a1f4b,LETTER_2,False,False
2056,Tasha & Tracie,2023-12-09,2023,NEO QUIMICA ARENA,TASHA & TRACIE,49000.0,ARENAS E ESTADIOS,ESTADIO MULTIUSO,-23.54534,-46.47476,5Gv1C1LY8pWiYcfcdjSNMT,"BRAZILIAN HIP HOP, BRAZILIAN TRAP",61.0,501543.0,https://i.scdn.co/image/ab6761610000e5ebbe591f361b2cbcfd326a1f4b,LETTER_2,False,False
2057,James Hype,2025-03-28,2025,AUTODROMO DE INTERLAGOS,JAMES HYPE,100000.0,ARENAS E ESTADIOS,AREA EXTERNA PARA EVENTOS,-23.7000,-46.6972,43BxCL6t4c73BQnIJtry5v,"HOUSE, TECH HOUSE",70.0,499294.0,https://i.scdn.co/image/ab6761610000e5ebf279d1127692bc46781a4a10,LETTER_1,LOLLAPALOOZA,OLIVIA RODRIGO
2058,Carol Biazin,2023-12-17,2023,AUDIO,CAROL BIAZIN,3200.0,MEDIAS CASAS,CASA DE SHOWS,-23.52822,-46.66968,5dYdZmGyv2UTIN1XMe1drN,"BRAZILIAN POP, NOVA MPB",66.0,496725.0,https://i.scdn.co/image/ab6761610000e5eb0597e920287919b83192af5a,GENRE_1,False,False
2059,Carol Biazin,2024-12-15,2024,AUDIO,CAROL BIAZIN,3200.0,MEDIAS CASAS,CASA DE SHOWS,-23.52822,-46.66968,5dYdZmGyv2UTIN1XMe1drN,"BRAZILIAN POP, NOVA MPB",66.0,496725.0,https://i.scdn.co/image/ab6761610000e5eb0597e920287919b83192af5a,GENRE_1,False,False
2060,Carol Biazin,2025-08-10,2025,AUDIO,CAROL BIAZIN,3200.0,MEDIAS CASAS,CASA DE SHOWS,-23.52822,-46.66968,5dYdZmGyv2UTIN1XMe1drN,"BRAZILIAN POP, NOVA MPB",66.0,496725.0,https://i.scdn.co/image/ab6761610000e5eb0597e920287919b83192af5a,GENRE_1,False,False
2061,Carol Biazin,2023-03-25,2023,AUTODROMO DE INTERLAGOS,CAROL BIAZIN,100000.0,ARENAS E ESTADIOS,AREA EXTERNA PARA EVENTOS,-23.7000,-46.6972,5dYdZmGyv2UTIN1XMe1drN,"BRAZILIAN POP, NOVA MPB",66.0,496725.0,https://i.scdn.co/image/ab6761610000e5eb0597e920287919b83192af5a,GENRE_1,LOLLAPALOOZA,"TWENTY ONE PILOTS, TAME IMPALA"
2062,Carol Biazin,2025-09-14,2025,AUTODROMO DE INTERLAGOS,CAROL BIAZIN,100000.0,ARENAS E ESTADIOS,AREA EXTERNA PARA EVENTOS,-23.7000,-46.6972,5dYdZmGyv2UTIN1XMe1drN,"BRAZILIAN POP, NOVA MPB",66.0,496725.0,https://i.scdn.co/image/ab6761610000e5eb0597e920287919b83192af5a,GENRE_1,THE TOWN,KATY PERRY
2063,Carol Biazin,2025-10-17,2025,MERCADO LIVRE ARENA PACAEMBU,CAROL BIAZIN,40000.0,ARENAS E ESTADIOS,ESTADIO MULTIUSO,-23.5486,-46.6651,5dYdZmGyv2UTIN1XMe1drN,"BRAZILIAN POP, NOVA MPB",66.0,496725.0,https://i.scdn.co/image/ab6761610000e5eb0597e920287919b83192af5a,GENRE_1,False,False
2066,Gilsons,2023-03-25,2023,AUTODROMO DE INTERLAGOS,GILSONS,100000.0,ARENAS E ESTADIOS,AREA EXTERNA PARA EVENTOS,-23.7000,-46.6972,6q7nMIVgGohQ14mSsq3F8t,"NOVA MPB, MPB",64.0,485478.0,https://i.scdn.co/image/ab6761610000e5eb919bcf8dda8256a250d10d26,LETTER_1,LOLLAPALOOZA,"TWENTY ONE PILOTS, TAME IMPALA"
2067,Gilsons,2023-03-25,2023,AUTODROMO DE INTERLAGOS,GILSONS,100000.0,ARENAS E ESTADIOS,AREA EXTERNA PARA EVENTOS,-23.7000,-46.6972,6q7nMIVgGohQ14mSsq3F8t,"NOVA MPB, MPB",64.0,485478.0,https://i.scdn.co/image/ab6761610000e5eb919bcf8dda8256a250d10d26,LETTER_1,LOLLAPALOOZA,"TWENTY ONE PILOTS, TAME IMPALA"
2068,Gilsons,2023-03-25,2023,AUTODROMO DE INTERLAGOS,GILSONS,100000.0,ARENAS E ESTADIOS,AREA EXTERNA PARA EVENTOS,-23.7000,-46.6972,6q7nMIVgGohQ14mSsq3F8t,"NOVA MPB, MPB",64.0,485478.0,https://i.scdn.co/image/ab6761610000e5eb919bcf8dda8256a250d10d26,LETTER_1,LOLLAPALOOZA,"TWENTY ONE PILOTS, TAME IMPALA"
2069,Gilsons,2022-05-14,2022,MEMORIAL DA AMERICA LATINA,GILSONS,15000.0,GRANDES CASAS,AREA EXTERNA PARA EVENTOS,-23.5274091,-46.6656539,6q7nMIVgGohQ14mSsq3F8t,"NOVA MPB, MPB",64.0,485478.0,https://i.scdn.co/image/ab6761610000e5eb919bcf8dda8256a250d10d26,LETTER_1,False,False
2070,Gilsons,2022-05-14,2022,MEMORIAL DA AMERICA LATINA,GILSONS,15000.0,GRANDES CASAS,AREA EXTERNA PARA EVENTOS,-23.5274091,-46.6656539,6q7nMIVgGohQ14mSsq3F8t,"NOVA MPB, MPB",64.0,485478.0,https://i.scdn.co/image/ab6761610000e5eb919bcf8dda8256a250d10d26,LETTER_1,False,False
2071,Gilsons,2022-05-14,2022,MEMORIAL DA AMERICA LATINA,GILSONS,15000.0,GRANDES CASAS,AREA EXTERNA PARA EVENTOS,-23.5274091,-46.6656539,6q7nMIVgGohQ14mSsq3F8t,"NOVA MPB, MPB",64.0,485478.0,https://i.scdn.co/image/ab6761610000e5eb919bcf8dda8256a250d10d26,LETTER_1,False,False
2072,Gilsons,2022-10-15,2022,SAMBODROMO DO ANHEMBI,GILSONS,100000.0,ARENAS E ESTADIOS,AREA EXTERNA PARA EVENTOS,-23.5079,-46.6379,6q7nMIVgGohQ14mSsq3F8t,"NOVA MPB, MPB",64.0,485478.0,https://i.scdn.co/image/ab6761610000e5eb919bcf8dda8256a250d10d26,LETTER_1,False,False
2073,Gilsons,2022-10-15,2022,SAMBODROMO DO ANHEMBI,GILSONS,100000.0,ARENAS E ESTADIOS,AREA EXTERNA PARA EVENTOS,-23.5079,-46.6379,6q7nMIVgGohQ14mSsq3F8t,"NOVA MPB, MPB",64.0,485478.0,https://i.scdn.co/image/ab6761610000e5eb919bcf8dda8256a250d10d26,LETTER_1,False,False
2074,Gilsons,2022-10-15,2022,SAMBODROMO DO ANHEMBI,GILSONS,100000.0,ARENAS E ESTADIOS,AREA EXTERNA PARA EVENTOS,-23.5079,-46.6379,6q7nMIVgGohQ14mSsq3F8t,"NOVA MPB, MPB",64.0,485478.0,https://i.scdn.co/image/ab6761610000e5eb919bcf8dda8256a250d10d26,LETTER_1,False,False
2075,Gilsons,2024-05-17,2024,ESPACO UNIMED,GILSONS,8000.0,MEDIAS CASAS,CASA DE SHOWS,-23.52812,-46.66805,6q7nMIVgGohQ14mSsq3F8t,"NOVA MPB, MPB",64.0,485478.0,https://i.scdn.co/image/ab6761610000e5eb919bcf8dda8256a250d10d26,LETTER_1,False,False
2076,Gilsons,2024-05-17,2024,ESPACO UNIMED,GILSONS,8000.0,MEDIAS CASAS,CASA DE SHOWS,-23.52812,-46.66805,6q7nMIVgGohQ14mSsq3F8t,"NOVA MPB, MPB",64.0,485478.0,https://i.scdn.co/image/ab6761610000e5eb919bcf8dda8256a250d10d26,LETTER_1,False,False
2077,Gilsons,2024-05-17,2024,ESPACO UNIMED,GILSONS,8000.0,MEDIAS CASAS,CASA DE SHOWS,-23.52812,-46.66805,6q7nMIVgGohQ14mSsq3F8t,"NOVA MPB, MPB",64.0,485478.0,https://i.scdn.co/image/ab6761610000e5eb919bcf8dda8256a250d10d26,LETTER_1,False,False
2078,Gilsons,2024-05-19,2024,ESPACO UNIMED,GILSONS,8000.0,MEDIAS CASAS,CASA DE SHOWS,-23.52812,-46.66805,6q7nMIVgGohQ14mSsq3F8t,"NOVA MPB, MPB",64.0,485478.0,https://i.scdn.co/image/ab6761610000e5eb919bcf8dda8256a250d10d26,LETTER_1,False,False
2079,Gilsons,2024-05-19,2024,ESPACO UNIMED,GILSONS,8000.0,MEDIAS CASAS,CASA DE SHOWS,-23.52812,-46.66805,6q7nMIVgGohQ14mSsq3F8t,"NOVA MPB, MPB",64.0,485478.0,https://i.scdn.co/image/ab6761610000e5eb919bcf8dda8256a250d10d26,LETTER_1,False,False
2080,Gilsons,2024-05-19,2024,ESPACO UNIMED,GILSONS,8000.0,MEDIAS CASAS,CASA DE SHOWS,-23.52812,-46.66805,6q7nMIVgGohQ14mSsq3F8t,"NOVA MPB, MPB",64.0,485478.0,https://i.scdn.co/image/ab6761610000e5eb919bcf8dda8256a250d10d26,LETTER_1,False,False
2083,Chris Lake,2022-03-25,2022,AUTODROMO DE INTERLAGOS,CHRIS LAKE,100000.0,ARENAS E ESTADIOS,AREA EXTERNA PARA EVENTOS,-23.7000,-46.6972,5Igpc9iLZ3YGtKeYfSrrOE,"TECH HOUSE, HOUSE, BASS HOUSE",69.0,432446.0,https://i.scdn.co/image/ab6761610000e5eb95a592ff038e50ddfbf7df35,LETTER_1,LOLLAPALOOZA,THE STROKES
2085,Beast in Black,2023-04-30,2023,MEMORIAL DA AMERICA LATINA,BEAST IN BLACK,15000.0,GRANDES CASAS,AREA EXTERNA PARA EVENTOS,-23.5274091,-46.6656539,0rEuaTPLMhlViNCJrg3NEH,"POWER METAL, SYMPHONIC METAL, METAL",60.0,385395.0,https://i.scdn.co/image/ab6761610000e5ebc3eeafedc823cf781661e4bb,GENRE_2,SUMMER BREEZE BRASIL,"PARKWAY DRIVE, EVERGREY"
2086,Beast in Black,2022-10-14,2022,ESPACO UNIMED,BEAST IN BLACK,8000.0,MEDIAS CASAS,CASA DE SHOWS,-23.52812,-46.66805,0rEuaTPLMhlViNCJrg3NEH,"POWER METAL, SYMPHONIC METAL, METAL",60.0,385395.0,https://i.scdn.co/image/ab6761610000e5ebc3eeafedc823cf781661e4bb,GENRE_2,False,False
2090,Ebony,2022-06-19,2022,SAMBODROMO DO ANHEMBI,EBONY,100000.0,ARENAS E ESTADIOS,AREA EXTERNA PARA EVENTOS,-23.5079,-46.6379,1UBSRfDGNkhpTWQeMyCwHb,0,63.0,356110.0,https://i.scdn.co/image/ab6761610000e5eb07f2470fe2912086a7fd0aae,LETTER_1,False,False
2091,Alee,2025-11-21,2025,NEO QUIMICA ARENA,ALEE,49000.0,ARENAS E ESTADIOS,ESTADIO MULTIUSO,-23.54534,-46.47476,6rk6Izp6o42fUdE0jRqAP4,"BRAZILIAN TRAP, TRAP, BRAZILIAN HIP HOP, TRAP FUNK",70.0,354116.0,https://i.scdn.co/image/ab6761610000e5eb3a73517b20ba60b63324457c,LETTER_1,False,False
2092,Alee,2025-11-21,2025,NEO QUIMICA ARENA,ALEE,49000.0,ARENAS E ESTADIOS,ESTADIO MULTIUSO,-23.54534,-46.47476,6rk6Izp6o42fUdE0jRqAP4,"BRAZILIAN TRAP, TRAP, BRAZILIAN HIP HOP, TRAP FUNK",70.0,354116.0,https://i.scdn.co/image/ab6761610000e5eb3a73517b20ba60b63324457c,LETTER_1,False,False
2093,Mc Luanna,2024-03-23,2024,AUTODROMO DE INTERLAGOS,MC LUANNA,100000.0,ARENAS E ESTADIOS,AREA EXTERNA PARA EVENTOS,-23.7000,-46.6972,6VpdTQWCRE01WVoEuby2a6,BRAZILIAN TRAP,63.0,330015.0,https://i.scdn.co/image/ab6761610000e5eb273701ea51b14b0947940898,LETTER_1,LOLLAPALOOZA,"KINGS OF LEON, LIMP BIZKIT"
2094,Marvvila,2023-09-07,2023,AUTODROMO DE INTERLAGOS,MARVVILA,100000.0,ARENAS E ESTADIOS,AREA EXTERNA PARA EVENTOS,-23.7000,-46.6972,0pC5o5Jo4P8uNn2SSNmpXz,"PAGODE, SAMBA",65.0,311018.0,https://i.scdn.co/image/ab6761610000e5ebb63ad1968eed461c458f9b7a,LETTER_1,THE TOWN,"MAROON 5, THE CHAINSMOKERS"
2095,Disco Lines,2025-03-28,2025,AUTODROMO DE INTERLAGOS,DISCO LINES,100000.0,ARENAS E ESTADIOS,AREA EXTERNA PARA EVENTOS,-23.7000,-46.6972,5Kmr0b3ip8g9P2i0dLTC3Z,STUTTER HOUSE,76.0,286163.0,https://i.scdn.co/image/ab6761610000e5eb965c9bf81cfe9ca329b8a5c7,LETTER_1,LOLLAPALOOZA,OLIVIA RODRIGO
2096,Ajuliacosta,2024-03-29,2024,AUDIO,AJULIACOSTA,3200.0,MEDIAS CASAS,CASA DE SHOWS,-23.52822,-46.66968,0eHkGhhUyp3LZdtZjaA8gd,0,62.0,283349.0,https://i.scdn.co/image/ab6761610000e5eb5fff1b11fac45baa55dd0a46,LETTER_1,False,False
2097,Ajuliacosta,2022-06-17,2022,SAMBODROMO DO ANHEMBI,AJULIACOSTA,100000.0,ARENAS E ESTADIOS,AREA EXTERNA PARA EVENTOS,-23.5079,-46.6379,0eHkGhhUyp3LZdtZjaA8gd,0,62.0,283349.0,https://i.scdn.co/image/ab6761610000e5eb5fff1b11fac45baa55dd0a46,LETTER_1,False,False
2098,Zeeba,2024-09-06,2024,NEO QUIMICA ARENA,ZEEBA,49000.0,ARENAS E ESTADIOS,ESTADIO MULTIUSO,-23.54534,-46.47476,7qPLO2XOUaRrRxkvLZ3AEK,0,63.0,283287.0,https://i.scdn.co/image/ab6761610000e5ebd717282c40f0aec698296b38,LETTER_1,False,False
2099,NEIL FRANCES,2025-03-30,2025,AUTODROMO DE INTERLAGOS,NEIL FRANCES,100000.0,ARENAS E ESTADIOS,AREA EXTERNA PARA EVENTOS,-23.7000,-46.6972,587PA35pRGL1JwQr6idJbb,INDIE SOUL,62.0,274617.0,https://i.scdn.co/image/ab6761610000e5eb30a5a51cd9f9998007285593,GENRE_2,LOLLAPALOOZA,JUSTIN TIMBERLAKE
2100,Urias,2024-05-24,2024,AUDIO,URIAS,3200.0,MEDIAS CASAS,CASA DE SHOWS,-23.52822,-46.66968,6BXiBj4eAZsiynbcmSRHUs,BRAZILIAN POP,60.0,234813.0,https://i.scdn.co/image/ab6761610000e5ebf35e1c3f88c658be155a2db2,GENRE_1,False,False
2101,Urias,2024-05-24,2024,AUDIO,URIAS,3200.0,MEDIAS CASAS,CASA DE SHOWS,-23.52822,-46.66968,6BXiBj4eAZsiynbcmSRHUs,BRAZILIAN POP,60.0,234813.0,https://i.scdn.co/image/ab6761610000e5ebf35e1c3f88c658be155a2db2,GENRE_1,False,False
2102,Urias,2024-10-11,2024,AUDIO,URIAS,3200.0,MEDIAS CASAS,CASA DE SHOWS,-23.52822,-46.66968,6BXiBj4eAZsiynbcmSRHUs,BRAZILIAN POP,60.0,234813.0,https://i.scdn.co/image/ab6761610000e5ebf35e1c3f88c658be155a2db2,GENRE_1,False,False
2103,Urias,2024-10-11,2024,AUDIO,URIAS,3200.0,MEDIAS CASAS,CASA DE SHOWS,-23.52822,-46.66968,6BXiBj4eAZsiynbcmSRHUs,BRAZILIAN POP,60.0,234813.0,https://i.scdn.co/image/ab6761610000e5ebf35e1c3f88c658be155a2db2,GENRE_1,False,False
2104,Urias,2023-09-02,2023,AUTODROMO DE INTERLAGOS,URIAS,100000.0,ARENAS E ESTADIOS,AREA EXTERNA PARA EVENTOS,-23.7000,-46.6972,6BXiBj4eAZsiynbcmSRHUs,BRAZILIAN POP,60.0,234813.0,https://i.scdn.co/image/ab6761610000e5ebf35e1c3f88c658be155a2db2,GENRE_1,THE TOWN,"POST MALONE, DEMI LOVATO"
2105,Urias,2023-09-02,2023,AUTODROMO DE INTERLAGOS,URIAS,100000.0,ARENAS E ESTADIOS,AREA EXTERNA PARA EVENTOS,-23.7000,-46.6972,6BXiBj4eAZsiynbcmSRHUs,BRAZILIAN POP,60.0,234813.0,https://i.scdn.co/image/ab6761610000e5ebf35e1c3f88c658be155a2db2,GENRE_1,THE TOWN,"POST MALONE, DEMI LOVATO"
2106,Urias,2024-12-07,2024,ESTADIO DO CANINDE,URIAS,21000.0,GRANDES CASAS,ESTADIO MULTIUSO,-23.52019,-46.61875,6BXiBj4eAZsiynbcmSRHUs,BRAZILIAN POP,60.0,234813.0,https://i.scdn.co/image/ab6761610000e5ebf35e1c3f88c658be155a2db2,GENRE_1,False,False
2107,Urias,2024-12-07,2024,ESTADIO DO CANINDE,URIAS,21000.0,GRANDES CASAS,ESTADIO MULTIUSO,-23.52019,-46.61875,6BXiBj4eAZsiynbcmSRHUs,BRAZILIAN POP,60.0,234813.0,https://i.scdn.co/image/ab6761610000e5ebf35e1c3f88c658be155a2db2,GENRE_1,False,False
2108,Urias,2022-05-14,2022,MEMORIAL DA AMERICA LATINA,URIAS,15000.0,GRANDES CASAS,AREA EXTERNA PARA EVENTOS,-23.5274091,-46.6656539,6BXiBj4eAZsiynbcmSRHUs,BRAZILIAN POP,60.0,234813.0,https://i.scdn.co/image/ab6761610000e5ebf35e1c3f88c658be155a2db2,GENRE_1,False,False
2109,Urias,2022-05-14,2022,MEMORIAL DA AMERICA LATINA,URIAS,15000.0,GRANDES CASAS,AREA EXTERNA PARA EVENTOS,-23.5274091,-46.6656539,6BXiBj4eAZsiynbcmSRHUs,BRAZILIAN POP,60.0,234813.0,https://i.scdn.co/image/ab6761610000e5ebf35e1c3f88c658be155a2db2,GENRE_1,False,False
2110,Urias,2025-06-21,2025,VALE DO ANHANGABAU,URIAS,35000.0,GRANDES CASAS,AREA EXTERNA PARA EVENTOS,-23.54429,-46.63623,6BXiBj4eAZsiynbcmSRHUs,BRAZILIAN POP,60.0,234813.0,https://i.scdn.co/image/ab6761610000e5ebf35e1c3f88c658be155a2db2,GENRE_1,False,False
2111,Urias,2025-06-21,2025,VALE DO ANHANGABAU,URIAS,35000.0,GRANDES CASAS,AREA EXTERNA PARA EVENTOS,-23.54429,-46.63623,6BXiBj4eAZsiynbcmSRHUs,BRAZILIAN POP,60.0,234813.0,https://i.scdn.co/image/ab6761610000e5ebf35e1c3f88c658be155a2db2,GENRE_1,False,False
2112,Urias,2023-11-10,2023,VIBRA SAO PAULO,URIAS,7000.0,MEDIAS CASAS,TEATRO E CASA DE ESPETACULOS,-23.6475,-46.7239,6BXiBj4eAZsiynbcmSRHUs,BRAZILIAN POP,60.0,234813.0,https://i.scdn.co/image/ab6761610000e5ebf35e1c3f88c658be155a2db2,GENRE_1,False,False
2113,Urias,2023-11-10,2023,VIBRA SAO PAULO,URIAS,7000.0,MEDIAS CASAS,TEATRO E CASA DE ESPETACULOS,-23.6475,-46.7239,6BXiBj4eAZsiynbcmSRHUs,BRAZILIAN POP,60.0,234813.0,https://i.scdn.co/image/ab6761610000e5ebf35e1c3f88c658be155a2db2,GENRE_1,False,False
2114,Urias,2022-12-10,2022,NEO QUIMICA ARENA,URIAS,49000.0,ARENAS E ESTADIOS,ESTADIO MULTIUSO,-23.54534,-46.47476,6BXiBj4eAZsiynbcmSRHUs,BRAZILIAN POP,60.0,234813.0,https://i.scdn.co/image/ab6761610000e5ebf35e1c3f88c658be155a2db2,GENRE_1,False,False
2115,Urias,2022-12-10,2022,NEO QUIMICA ARENA,URIAS,49000.0,ARENAS E ESTADIOS,ESTADIO MULTIUSO,-23.54534,-46.47476,6BXiBj4eAZsiynbcmSRHUs,BRAZILIAN POP,60.0,234813.0,https://i.scdn.co/image/ab6761610000e5ebf35e1c3f88c658be155a2db2,GENRE_1,False,False
2116,Urias,2023-06-02,2023,KOMPLEXO TEMPO,URIAS,3000.0,MEDIAS CASAS,CASA DE SHOWS,-23.57034,-46.60027,6BXiBj4eAZsiynbcmSRHUs,BRAZILIAN POP,60.0,234813.0,https://i.scdn.co/image/ab6761610000e5ebf35e1c3f88c658be155a2db2,GENRE_1,False,False
2117,Urias,2023-06-02,2023,KOMPLEXO TEMPO,URIAS,3000.0,MEDIAS CASAS,CASA DE SHOWS,-23.57034,-46.60027,6BXiBj4eAZsiynbcmSRHUs,BRAZILIAN POP,60.0,234813.0,https://i.scdn.co/image/ab6761610000e5ebf35e1c3f88c658be155a2db2,GENRE_1,False,False
2119,Blond:ish,2025-03-30,2025,AUTODROMO DE INTERLAGOS,BLOND:ISH,100000.0,ARENAS E ESTADIOS,AREA EXTERNA PARA EVENTOS,-23.7000,-46.6972,6zsJjoCtL1WByG0VsuFWzR,"AFRO HOUSE, TECHENGUE, LATIN HOUSE",65.0,185942.0,https://i.scdn.co/image/ab6761610000e5ebe1c0014da200abe8eba9224e,GENRE_2,LOLLAPALOOZA,JUSTIN TIMBERLAKE
2120,Os Garotin,2025-11-20,2025,AUDIO,OS GAROTIN,3200.0,MEDIAS CASAS,CASA DE SHOWS,-23.52822,-46.66968,6aMpeys8CsM9RuRR74RNMP,"NOVA MPB, MPB",60.0,172543.0,https://i.scdn.co/image/ab6761610000e5eb0830f992e98dedda7258dc44,LETTER_1,False,False
2121,Os Garotin,2025-09-13,2025,AUTODROMO DE INTERLAGOS,OS GAROTIN,100000.0,ARENAS E ESTADIOS,AREA EXTERNA PARA EVENTOS,-23.7000,-46.6972,6aMpeys8CsM9RuRR74RNMP,"NOVA MPB, MPB",60.0,172543.0,https://i.scdn.co/image/ab6761610000e5eb0830f992e98dedda7258dc44,LETTER_1,THE TOWN,MARIAH CAREY
2122,Bruno Martini,2025-03-29,2025,AUTODROMO DE INTERLAGOS,BRUNO MARTINI,100000.0,ARENAS E ESTADIOS,AREA EXTERNA PARA EVENTOS,-23.7000,-46.6972,5veVxxPm1vzgi6pO2iVA8L,"BRAZILIAN POP, BRAZILIAN BASS",63.0,166101.0,https://i.scdn.co/image/ab6761610000e5ebdf1dcedd8438b02499e9401f,LETTER_1,LOLLAPALOOZA,SHAWN MENDES
2123,Jota.pê,2025-09-14,2025,AUTODROMO DE INTERLAGOS,JOTA.PE,100000.0,ARENAS E ESTADIOS,AREA EXTERNA PARA EVENTOS,-23.7000,-46.6972,17MzHbvKuzJje12SxWY9wN,"NOVA MPB, FORRO, FORRO TRADICIONAL, MPB",67.0,165830.0,https://i.scdn.co/image/ab6761610000e5eb29505a4655fb396e133b0a7f,LETTER_1,THE TOWN,KATY PERRY
2124,Mu540,2023-12-03,2023,AUTODROMO DE INTERLAGOS,MU540,100000.0,ARENAS E ESTADIOS,AREA EXTERNA PARA EVENTOS,-23.7000,-46.6972,13yQqjPy4Esq0Ru3R1fipU,"BRAZILIAN TRAP, TRAP FUNK, TRAP, BRAZILIAN HIP HOP",62.0,162184.0,https://i.scdn.co/image/ab6761610000e5ebad4dea1b5329c78e71e2f04d,LETTER_1,False,False
2125,Mu540,2022-12-10,2022,NEO QUIMICA ARENA,MU540,49000.0,ARENAS E ESTADIOS,ESTADIO MULTIUSO,-23.54534,-46.47476,13yQqjPy4Esq0Ru3R1fipU,"BRAZILIAN TRAP, TRAP FUNK, TRAP, BRAZILIAN HIP HOP",62.0,162184.0,https://i.scdn.co/image/ab6761610000e5ebad4dea1b5329c78e71e2f04d,LETTER_1,False,False
2491,James,2025-11-13,2025,AUDIO,JAMES,3200.0,MEDIAS CASAS,CASA DE SHOWS,-23.52822,-46.66968,0qLNsNKm8bQcMoRFkR8Hmh,"BRITPOP, MADCHESTER",61.0,630430.0,https://i.scdn.co/image/ab6761610000e5eb62e8e4e1ac153f2c1851c3e9,nova consulta,False,False
2664,Bad Religion,2023-12-03,2023,AUTODROMO DE INTERLAGOS,BAD RELIGION,100000.0,ARENAS E ESTADIOS,AREA EXTERNA PARA EVENTOS,-23.7000,-46.6972,2yJwXpWAQOOl5XFzbCxLs9,"PUNK, SKATE PUNK, HARDCORE PUNK, MELODIC HARDCORE, SKA PUNK",61.0,1388613.0,https://i.scdn.co/image/ab6761610000e5eb785d6af86b16c8747ff61e42,nova consulta,False,False
2771,Bad Religion,2025-09-07,2025,AUTODROMO DE INTERLAGOS,BAD RELIGION,100000.0,ARENAS E ESTADIOS,AREA EXTERNA PARA EVENTOS,-23.7000,-46.6972,2yJwXpWAQOOl5XFzbCxLs9,"PUNK, SKATE PUNK, HARDCORE PUNK, MELODIC HARDCORE, SKA PUNK",61.0,1388613.0,https://i.scdn.co/image/ab6761610000e5eb785d6af86b16c8747ff61e42,nova consulta,THE TOWN,GREEN DAY
4114,SUPER JUNIOR,2023-02-09,2023,ESPACO UNIMED,SUPER JUNIOR,8000.0,MEDIAS CASAS,CASA DE SHOWS,-23.52812,-46.66805,6gzXCdfYfFe5XKhPKkYqxV,K-POP,63.0,2387210.0,https://i.scdn.co/image/ab6761610000e5ebb6d2631a4f75a584a1b4e2bf,nova consulta,False,False
4115,The Black Crowes,2023-03-14,2023,ESPACO UNIMED,THE BLACK CROWES,8000.0,MEDIAS CASAS,CASA DE SHOWS,-23.52812,-46.66805,5krkohEVJYw0qoB5VWwxaC,"SOUTHERN ROCK, ROCK",60.0,885151.0,https://i.scdn.co/image/ab6761610000e5eb01d418a99386b0a909d6e263,nova consulta,False,False
4194,Richard Clayderman,2024-06-06,2024,ESPACO UNIMED,RICHARD CLAYDERMAN,8000.0,MEDIAS CASAS,CASA DE SHOWS,-23.52812,-46.66805,0h885xmyK9xHfhyXQr37L6,EASY LISTENING,63.0,607100.0,https://i.scdn.co/image/ab6761610000e5ebe572e0bc2defb843944d24a2,nova consulta,False,False
4554,Black Veil Brides,2024-03-26,2024,TERRA SP,BLACK VEIL BRIDES,6000.0,MEDIAS CASAS,CASA DE SHOWS,-23.6463,-46.7763,6O7MpKrY91vlCd4Osi6XKs,"EMO, SCREAMO",61.0,2097472.0,https://i.scdn.co/image/ab6761610000e5ebb6f2737a61158bf977b9dcdf,nova consulta,False,False
