,artista,data,ano,nome_local,nome
0,Pitty,2021-01-15,2021,PRIVATE VENUE,PITTY
1,Nirvana Experience (ex-Hormoaning),2021-01-16,2021,RELICARIO ROCK BAR,NIRVANA EXPERIENCE (EX-HORMOANING)
2,Ivete Sangalo,2021-02-03,2021,CONVERSA COM BIAL,IVETE SANGALO
3,Pitty,2021-02-05,2021,PRIVATE VENUE,PITTY
4,Pabllo Vittar,2021-02-06,2021,ALTAS HORAS,PABLLO VITTAR
5,Pabllo Vittar,2021-02-12,2021,DOMINGAO DO FAUSTAO,PABLLO VITTAR
6,Pitty,2021-02-19,2021,PRIVATE VENUE,PITTY
7,Nirvana Experience (ex-Hormoaning),2021-02-20,2021,SANTA BREJA BAR,NIRVANA EXPERIENCE (EX-HORMOANING)
8,Rancore,2021-02-21,2021,HANGAR 110,RANCORE
9,Nirvana Experience (ex-Hormoaning),2021-02-26,2021,TON TON JAZZ BAR,NIRVANA EXPERIENCE (EX-HORMOANING)
10,Urias,2021-03-26,2021,FESTIVAL BIXANAGO,URIAS
11,Jerry Smith,2021-03-28,2021,PRIVATE VENUE,JERRY SMITH
12,Djonga,2021-03-29,2021,,DJONGA
13,Gabi Martins,2021-04-04,2021,THE HOUSE,GABI MARTINS
16,Sophia Chablau e Uma Enorme Perda de Tempo,2021-04-22,2021,ITAU CULTURAL,SOPHIA CHABLAU E UMA ENORME PERDA DE TEMPO
17,Majur,2021-04-23,2021,PRIVATE VENUE,MAJUR
18,Tulipa Ruiz,2021-04-25,2021,PRIVATE VENUE,TULIPA RUIZ
19,Edson & Hudson,2021-04-25,2021,PRIVATE VENUE,EDSON & HUDSON
20,Tulipa Ruiz,2021-05-01,2021,ESTUDIO BROCAL,TULIPA RUIZ
22,Nirvana Experience (ex-Hormoaning),2021-05-22,2021,ZELINA'S GARAGE,NIRVANA EXPERIENCE (EX-HORMOANING)
24,POCAH,2021-05-25,2021,ALTAS HORAS,POCAH
25,Luísa Sonza,2021-05-25,2021,ALTAS HORAS,LUISA SONZA
26,Marcio Lomiranda,2021-05-27,2021,OCA,MARCIO LOMIRANDA
27,Arthur Joly,2021-05-27,2021,OCA,ARTHUR JOLY
28,RHR,2021-05-27,2021,OCA,RHR
29,Guerrinha,2021-05-27,2021,OCA,GUERRINHA
30,Forró Red Light,2021-05-28,2021,OCA,FORRO RED LIGHT
31,Rakta,2021-05-28,2021,OCA,RAKTA
32,Gal Costa,2021-05-28,2021,TEATRO BRADESCO,GAL COSTA
33,BADSISTA,2021-05-28,2021,OCA,BADSISTA
34,Ivete Sangalo,2021-05-31,2021,MAIS VOCE,IVETE SANGALO
36,Pabllo Vittar,2021-06-05,2021,PRIVATE VENUE,PABLLO VITTAR
37,Gloria Groove,2021-06-05,2021,PRIVATE VENUE,GLORIA GROOVE
38,Urias,2021-06-05,2021,PRIVATE VENUE,URIAS
39,Majur,2021-06-06,2021,AVENIDA PAULISTA,MAJUR
40,Gloria Groove,2021-06-06,2021,PRIVATE VENUE,GLORIA GROOVE
41,Pabllo Vittar,2021-06-06,2021,PRIVATE VENUE,PABLLO VITTAR
42,Nirvana Experience (ex-Hormoaning),2021-06-11,2021,RELICARIO ROCK BAR,NIRVANA EXPERIENCE (EX-HORMOANING)
45,Kisser Clan,2021-06-19,2021,MANIFESTO BAR,KISSER CLAN
46,Gloria Groove,2021-06-26,2021,PRIVATE VENUE,GLORIA GROOVE
47,Nirvana Experience (ex-Hormoaning),2021-07-03,2021,ALCATEIA ROCK BAR,NIRVANA EXPERIENCE (EX-HORMOANING)
48,Children of the Beast,2021-07-03,2021,MANIFESTO BAR,CHILDREN OF THE BEAST
50,Djonga,2021-07-09,2021,,DJONGA
51,Wanessa Camargo,2021-07-10,2021,PRIVATE VENUE,WANESSA CAMARGO
53,Jeff Scott Soto,2021-07-16,2021,MANIFESTO BAR,JEFF SCOTT SOTO
55,Nirvana Experience (ex-Hormoaning),2021-07-17,2021,K9 STUDIO,NIRVANA EXPERIENCE (EX-HORMOANING)
56,Titãs,2021-07-17,2021,THEATRO MUNICIPAL DE SAO PAULO,TITAS
57,Jeff Scott Soto,2021-07-18,2021,MANIFESTO BAR,JEFF SCOTT SOTO
58,Various Artists,2021-07-23,2021,TEATRO BRADESCO,VARIOUS ARTISTS
59,Dr. Sin,2021-07-24,2021,TEATRO J. SAFRA,DR. SIN
60,Urias,2021-07-24,2021,FESTIVAL LATINIDADES,URIAS
61,Nirvana Experience (ex-Hormoaning),2021-07-30,2021,ALTAS HORAS ROCK BAR,NIRVANA EXPERIENCE (EX-HORMOANING)
62,Luísa Sonza,2021-08-06,2021,"PRAZER, LUISA",LUISA SONZA
63,Children of the Beast,2021-08-06,2021,CAFE PIU PIU,CHILDREN OF THE BEAST
64,UrucumTrio,2021-08-13,2021,PICLES CARDEAL,URUCUMTRIO
65,Biquini,2021-08-13,2021,AUDIOARENA ORIGINALS,BIQUINI
66,Luísa Sonza,2021-08-14,2021,"PRAZER, LUISA",LUISA SONZA
67,Vitor Ramil,2021-08-15,2021,ITAU CULTURAL,VITOR RAMIL
69,Ivete Sangalo,2021-08-17,2021,PRIVATE VENUE,IVETE SANGALO
70,Luísa Sonza,2021-08-20,2021,SUPER DANCA DOS FAMOSOS,LUISA SONZA
71,Nirvana Experience (ex-Hormoaning),2021-08-20,2021,RELICARIO ROCK BAR,NIRVANA EXPERIENCE (EX-HORMOANING)
72,Luísa Sonza,2021-08-21,2021,"PRAZER, LUISA",LUISA SONZA
73,Nirvana Experience (ex-Hormoaning),2021-08-21,2021,MITOS & LENDAS MOTO CLUBE ROCK BAR,NIRVANA EXPERIENCE (EX-HORMOANING)
74,Titãs,2021-08-28,2021,,TITAS
75,Aquiles Priester,2021-08-29,2021,TOM BRASIL,AQUILES PRIESTER
76,Fiuk,2021-08-29,2021,SHOW DOS FAMOSOS,FIUK
77,Margareth Menezes,2021-08-29,2021,SHOW DOS FAMOSOS,MARGARETH MENEZES
78,Gloria Groove,2021-08-29,2021,SHOW DOS FAMOSOS,GLORIA GROOVE
79,Paulo Ricardo,2021-09-04,2021,AUDIO,PAULO RICARDO
80,Zezé Di Camargo & Luciano,2021-09-04,2021,ESPACO DAS AMERICAS,ZEZE DI CAMARGO & LUCIANO
81,Nirvana Experience (ex-Hormoaning),2021-09-04,2021,ALCATEIA ROCK BAR,NIRVANA EXPERIENCE (EX-HORMOANING)
82,Children of the Beast,2021-09-11,2021,MANIFESTO BAR,CHILDREN OF THE BEAST
83,Gal Costa,2021-09-11,2021,TEATRO SERGIO CARDOSO,GAL COSTA
85,Urias,2021-09-18,2021,FESTIVAL CULTURAL PLURAL,URIAS
86,Manu Gavassi,2021-09-23,2021,CREDICARD HALL,MANU GAVASSI
87,Nirvana Experience (ex-Hormoaning),2021-09-25,2021,SANTA BREJA BAR,NIRVANA EXPERIENCE (EX-HORMOANING)
88,Joelma,2021-09-26,2021,ALTAS HORAS,JOELMA
89,Manu Gavassi,2021-09-28,2021,PRIVATE VENUE,MANU GAVASSI
90,UrucumTrio,2021-09-28,2021,CENTRO CULTURAL DA PENHA,URUCUMTRIO
91,Os Paralamas do Sucesso,2021-10-02,2021,ESPACO DAS AMERICAS,OS PARALAMAS DO SUCESSO
92,Zeca Baleiro,2021-10-02,2021,TOM BRASIL,ZECA BALEIRO
94,Ney Matogrosso,2021-10-09,2021,ESPACO DAS AMERICAS,NEY MATOGROSSO
95,Marina Sena,2021-10-09,2021,BLACK PRINCESS HOUSE,MARINA SENA
96,Raf F. Guimarães,2021-10-10,2021,DISCONCERT,RAF F. GUIMARAES
97,Raquel,2021-10-15,2021,AUDIO,RAQUEL
98,ÀIYÉ,2021-10-15,2021,BLACK PRINCESS HOUSE,AIYE
99,Alirio Netto,2021-10-16,2021,BLUE NOTE SAO PAULO,ALIRIO NETTO
100,Tuyo,2021-10-16,2021,BLACK PRINCESS HOUSE,TUYO
101,Children of the Beast,2021-10-16,2021,,CHILDREN OF THE BEAST
102,Hamilton de Holanda,2021-10-16,2021,SESC POMPEIA,HAMILTON DE HOLANDA
103,Fernando Rosa,2021-10-21,2021,BLUE NOTE SAO PAULO,FERNANDO ROSA
104,Fernando & Sorocaba,2021-10-22,2021,VILLA COUNTRY,FERNANDO & SOROCABA
105,Carol Biazin,2021-10-22,2021,MORUMBI TOWN SHOPPING,CAROL BIAZIN
106,Day Limns,2021-10-22,2021,MORUMBI TOWN SHOPPING,DAY LIMNS
107,Maiara & Maraisa,2021-10-22,2021,VILLA COUNTRY,MAIARA & MARAISA
108,Glue Trip,2021-10-23,2021,BLACK PRINCESS HOUSE,GLUE TRIP
109,Maiara & Maraisa,2021-10-23,2021,VILLA COUNTRY,MAIARA & MARAISA
110,Decreto Lei 50,2021-10-23,2021,GALERIA DO ROCK,DECRETO LEI 50
111,Fernando & Sorocaba,2021-10-23,2021,VILLA COUNTRY,FERNANDO & SOROCABA
112,Vanessa da Mata,2021-10-23,2021,TOM BRASIL,VANESSA DA MATA
113,Jair Naves,2021-10-28,2021,TEATRO ARTHUR AZEVEDO,JAIR NAVES
114,Joyce,2021-10-28,2021,SESC POMPEIA,JOYCE
115,MC Tha,2021-10-29,2021,TEATRO GAZETA,MC THA
116,UrucumTrio,2021-10-29,2021,CABARET DA CECILIA,URUCUMTRIO
117,Gal Costa,2021-10-30,2021,TEATRO BRADESCO,GAL COSTA
118,Hurtmold,2021-10-30,2021,SESC POMPEIA,HURTMOLD
119,Crypta,2021-11-01,2021,FAMILY MOB STUDIOS,CRYPTA
121,Gab Ferreira,2021-11-03,2021,AUDIO,GAB FERREIRA
122,Terno Rei,2021-11-03,2021,AUDIO,TERNO REI
123,Terno Rei,2021-11-04,2021,AUDIO,TERNO REI
124,Duani,2021-11-04,2021,PALACIO TANGARA,DUANI
125,Luísa Sonza,2021-11-04,2021,PRIVATE VENUE,LUISA SONZA
126,Andreas Kisser,2021-11-05,2021,SESC VILA MARIANA,ANDREAS KISSER
127,Andreas Kisser,2021-11-06,2021,SESC VILA MARIANA,ANDREAS KISSER
128,Ana Carolina,2021-11-06,2021,TOM BRASIL,ANA CAROLINA
129,Innabrain,2021-11-06,2021,ESPACO FIM DA RUA,INNABRAIN
130,Andreas Kisser,2021-11-07,2021,SESC VILA MARIANA,ANDREAS KISSER
131,João Neto & Frederico,2021-11-07,2021,DOMINGAO COM HUCK,JOAO NETO & FREDERICO
132,Lauana Prado,2021-11-07,2021,DOMINGAO COM HUCK,LAUANA PRADO
133,Paula Fernandes,2021-11-07,2021,DOMINGAO COM HUCK,PAULA FERNANDES
134,Luísa Sonza,2021-11-07,2021,DOMINGAO COM HUCK,LUISA SONZA
135,Alice Caymmi,2021-11-07,2021,SESC BELENZINHO,ALICE CAYMMI
136,Naiara Azevedo,2021-11-07,2021,DOMINGAO COM HUCK,NAIARA AZEVEDO
137,Fabio Lione,2021-11-09,2021,ESTUDIO SHOWLIVRE,FABIO LIONE
138,Zeca Pagodinho,2021-11-12,2021,ESPACO DAS AMERICAS,ZECA PAGODINHO
139,Nirvana Experience (ex-Hormoaning),2021-11-12,2021,RELICARIO ROCK BAR,NIRVANA EXPERIENCE (EX-HORMOANING)
140,Fabio Lione,2021-11-12,2021,ESPACO SOM,FABIO LIONE
141,Spektra,2021-11-12,2021,MANIFESTO BAR,SPEKTRA
142,Decreto Lei 50,2021-11-13,2021,ESPACO SOM,DECRETO LEI 50
143,Mombojó,2021-11-13,2021,SESC PINHEIROS,MOMBOJO
144,Luiza Lian,2021-11-13,2021,SESC VILA MARIANA,LUIZA LIAN
145,Raf F. Guimarães,2021-11-13,2021,SEBO CLEPSIDRA,RAF F. GUIMARAES
146,Vanguart,2021-11-13,2021,SESC SANTANA,VANGUART
147,Sophia Chablau e Uma Enorme Perda de Tempo,2021-11-14,2021,TEATRO SESC 24 DE MAIO,SOPHIA CHABLAU E UMA ENORME PERDA DE TEMPO
148,Capital Inicial,2021-11-14,2021,AUTODROMO DE INTERLAGOS,CAPITAL INICIAL
149,Raf F. Guimarães,2021-11-14,2021,TINYBAR DOWNTOWN,RAF F. GUIMARAES
150,Mateus Aleluia,2021-11-14,2021,SESC PINHEIROS,MATEUS ALELUIA
151,Crypta,2021-11-16,2021,ESPACO SOM,CRYPTA
152,Jão,2021-11-17,2021,PRIVATE VENUE,JAO
153,Now United,2021-11-18,2021,DOMINGAO COM HUCK,NOW UNITED
154,Fabio Lione,2021-11-19,2021,TOM BRASIL,FABIO LIONE
155,Céu,2021-11-19,2021,STUDIO SP,CEU
156,Alirio Netto,2021-11-19,2021,TOM BRASIL,ALIRIO NETTO
157,Ratos de Porão,2021-11-19,2021,LA IGLESIA BORRATXERIA,RATOS DE PORAO
158,Rico Dalasam,2021-11-19,2021,CENTRO DE CULTURAS NEGRAS DO JABAQUARA,RICO DALASAM
159,Os Amantes,2021-11-19,2021,TEATRO GAZETA,OS AMANTES
160,Thaíde,2021-11-20,2021,SESC BOM RETIRO,THAIDE
161,Titãs,2021-11-20,2021,ARENA ANHEMBI,TITAS
162,Tuyo,2021-11-25,2021,STUDIO SP,TUYO
163,Cat Dealers,2021-11-26,2021,SAO PAULO OKTOBERFEST,CAT DEALERS
164,Ratos de Porão,2021-11-26,2021,LA IGLESIA BORRATXERIA,RATOS DE PORAO
165,Edgar,2021-11-27,2021,CINE JOIA,EDGAR
166,Psirico,2021-11-27,2021,DOMINGAO COM HUCK,PSIRICO
167,Biquini,2021-11-27,2021,ESPACO LESTE,BIQUINI
168,UrucumTrio,2021-11-27,2021,ESTUDIO GELATINA TREMULA,URUCUMTRIO
169,Boogarins,2021-11-27,2021,CINE JOIA,BOOGARINS
170,Jammil,2021-11-27,2021,PAVILHAO DO TRANSAMERICA EXPO CENTER,JAMMIL
171,Espacialrias,2021-11-27,2021,ESTUDIO GELATINA TREMULA,ESPACIALRIAS
172,Children of the Beast,2021-11-27,2021,MANIFESTO BAR,CHILDREN OF THE BEAST
173,Luísa Sonza,2021-11-27,2021,DOMINGAO COM HUCK,LUISA SONZA
174,Claudia Leitte,2021-11-27,2021,ESTACIONAMENTO ESPACO DAS AMERICAS,CLAUDIA LEITTE
175,Pabllo Vittar,2021-11-27,2021,DOMINGAO COM HUCK,PABLLO VITTAR
176,Gustavo Mioto,2021-11-27,2021,PAVILHAO DO TRANSAMERICA EXPO CENTER,GUSTAVO MIOTO
177,Scalene,2021-11-28,2021,BLACK PRINCESS HOUSE,SCALENE
178,Vitor Fernandes,2021-12-02,2021,CENTRO DE TRADICOES NORDESTINAS,VITOR FERNANDES
179,Carol Biazin,2021-12-02,2021,CINE JOIA,CAROL BIAZIN
180,Tarcísio do Acordeon,2021-12-02,2021,CENTRO DE TRADICOES NORDESTINAS,TARCISIO DO ACORDEON
181,João Gomes,2021-12-02,2021,CENTRO DE TRADICOES NORDESTINAS,JOAO GOMES
182,Vitor Fernandes,2021-12-03,2021,CENTRO DE TRADICOES NORDESTINAS,VITOR FERNANDES
183,João Gomes,2021-12-03,2021,CENTRO DE TRADICOES NORDESTINAS,JOAO GOMES
184,Tarcísio do Acordeon,2021-12-03,2021,CENTRO DE TRADICOES NORDESTINAS,TARCISIO DO ACORDEON
185,Ratos de Porão,2021-12-03,2021,LA IGLESIA BORRATXERIA,RATOS DE PORAO
186,Marcos Valle,2021-12-03,2021,SESC POMPEIA,MARCOS VALLE
187,Zé Neto & Cristiano,2021-12-04,2021,ARENA ANHEMBI,ZE NETO & CRISTIANO
188,Alexandre Pires & Seu Jorge,2021-12-04,2021,ALLIANZ PARQUE,ALEXANDRE PIRES & SEU JORGE
189,João Gomes,2021-12-04,2021,ARENA ANHEMBI,JOAO GOMES
190,Marcos Valle,2021-12-04,2021,SESC POMPEIA,MARCOS VALLE
191,Menores Atos,2021-12-04,2021,FABRIQUE CLUB,MENORES ATOS
192,Ratos de Porão,2021-12-04,2021,LA IGLESIA BORRATXERIA,RATOS DE PORAO
193,Johnny Hooker,2021-12-04,2021,CINE JOIA,JOHNNY HOOKER
194,Léo Santana,2021-12-04,2021,ARENA ANHEMBI,LEO SANTANA
195,Wesley Safadão,2021-12-04,2021,ARENA ANHEMBI,WESLEY SAFADAO
196,Anna Vis,2021-12-05,2021,GALPAO CRU,ANNA VIS
197,Supercombo,2021-12-05,2021,PRIVATE VENUE,SUPERCOMBO
198,Decreto Lei 50,2021-12-05,2021,SHOPPING CIDADE SAO PAULO,DECRETO LEI 50
199,Darvin,2021-12-05,2021,CARIOCA CLUB,DARVIN
200,Hateen,2021-12-05,2021,CARIOCA CLUB,HATEEN
201,Johnny Hooker,2021-12-09,2021,TEATRO BRADESCO,JOHNNY HOOKER
203,Anitta,2021-12-10,2021,DOMINGAO COM HUCK,ANITTA
204,Letrux,2021-12-10,2021,SESC POMPEIA,LETRUX
206,Yunk Vino,2021-12-10,2021,AUDIO,YUNK VINO
207,Ivete Sangalo,2021-12-10,2021,ESPACO DAS AMERICAS,IVETE SANGALO
208,Recayd Mob,2021-12-10,2021,AUDIO,RECAYD MOB
209,Veigh,2021-12-10,2021,AUDIO,VEIGH
210,Anitta,2021-12-10,2021,PRIVATE VENUE,ANITTA
211,PEDRO SAMPAIO,2021-12-10,2021,DOMINGAO COM HUCK,PEDRO SAMPAIO
212,Marina Sena,2021-12-11,2021,SUPERLOUNGE,MARINA SENA
213,Ratos de Porão,2021-12-11,2021,LA IGLESIA BORRATXERIA,RATOS DE PORAO
214,Decreto Lei 50,2021-12-11,2021,CERVEJAZUL MUSIC CLUB,DECRETO LEI 50
215,Manu Gavassi,2021-12-11,2021,PRIVATE VENUE,MANU GAVASSI
216,BRAZA,2021-12-11,2021,ESPACO LESTE,BRAZA
217,UrucumTrio,2021-12-11,2021,BRIGADA CULTURAL,URUCUMTRIO
218,Nirvana Experience (ex-Hormoaning),2021-12-11,2021,KOMB BAR ZL,NIRVANA EXPERIENCE (EX-HORMOANING)
219,Versus belli,2021-12-12,2021,KOMB BAR ZL,VERSUS BELLI
220,Gloria,2021-12-12,2021,CARIOCA CLUB,GLORIA
221,Danny Bond,2021-12-12,2021,AUDIO,DANNY BOND
222,Letrux,2021-12-12,2021,SESC POMPEIA,LETRUX
223,Kika Boom,2021-12-12,2021,AUDIO,KIKA BOOM
224,Tuatha de Danann,2021-12-12,2021,MANIFESTO BAR,TUATHA DE DANANN
225,Kerli,2021-12-12,2021,AUDIO,KERLI
226,Axty,2021-12-12,2021,CARIOCA CLUB,AXTY
227,Sophia Chablau e Uma Enorme Perda de Tempo,2021-12-12,2021,BLUE NOTE SAO PAULO,SOPHIA CHABLAU E UMA ENORME PERDA DE TEMPO
228,Greyson Chance,2021-12-12,2021,AUDIO,GREYSON CHANCE
229,Paulinho Moska,2021-12-12,2021,SESC PINHEIROS,PAULINHO MOSKA
230,Nando Reis,2021-12-12,2021,AVENIDA PAULISTA,NANDO REIS
231,Violet Chachki,2021-12-12,2021,AUDIO,VIOLET CHACHKI
232,Pabllo Vittar,2021-12-14,2021,AUDITORIO IBIRAPUERA,PABLLO VITTAR
233,BRAZA,2021-12-15,2021,CINE JOIA,BRAZA
234,Luedji Luna,2021-12-16,2021,STUDIO SP,LUEDJI LUNA
235,Day Limns,2021-12-17,2021,PRIVATE VENUE,DAY LIMNS
236,Henrique & Juliano,2021-12-17,2021,ESTADIO DO CANINDE,HENRIQUE & JULIANO
237,MC JottaPê,2021-12-17,2021,PRIVATE VENUE,MC JOTTAPE
238,João Donato,2021-12-17,2021,SESC PINHEIROS,JOAO DONATO
239,Céu,2021-12-17,2021,CASA DE FRANCISCA,CEU
240,ADORA,2021-12-17,2021,CASA DE FRANCISCA,ADORA
241,Luiza Lian,2021-12-18,2021,TEATRO PAULO EIRO,LUIZA LIAN
242,Terno Rei,2021-12-18,2021,FABRIQUE CLUB,TERNO REI
243,Ratos de Porão,2021-12-18,2021,LA IGLESIA BORRATXERIA,RATOS DE PORAO
244,Luísa Sonza,2021-12-19,2021,AVENIDA PAULISTA,LUISA SONZA
245,Viper,2021-12-19,2021,CARIOCA CLUB,VIPER
246,Terno Rei,2021-12-19,2021,FABRIQUE CLUB,TERNO REI
247,Luan Santana,2021-12-19,2021,ESPACO DAS AMERICAS,LUAN SANTANA
248,POCAH,2021-12-20,2021,ALTAS HORAS,POCAH
249,Jota Quest,2021-12-20,2021,PATIO VICTOR MALZONI,JOTA QUEST
250,Gal Costa,2021-12-21,2021,TEATRO SERGIO CARDOSO,GAL COSTA
251,UrucumTrio,2021-12-22,2021,PORAO DA CERVEJA,URUCUMTRIO
252,Espacialrias,2021-12-22,2021,PORAO DA CERVEJA,ESPACIALRIAS
253,Nando Reis,2021-12-23,2021,ESPACO DAS AMERICAS,NANDO REIS
254,DUDA BEAT,2021-12-31,2021,PRIVATE VENUE,DUDA BEAT
255,Dudu Nobre,2022-01-06,2022,THE MASKED SINGER BRASIL,DUDU NOBRE
256,Ivete Sangalo,2022-01-06,2022,THE MASKED SINGER BRASIL,IVETE SANGALO
257,Beto Barbosa,2022-01-06,2022,THE MASKED SINGER BRASIL,BETO BARBOSA
258,Gretchen,2022-01-06,2022,THE MASKED SINGER BRASIL,GRETCHEN
260,Ivete Sangalo,2022-01-07,2022,THE MASKED SINGER BRASIL,IVETE SANGALO
261,Criolo,2022-01-07,2022,SESC VILA MARIANA,CRIOLO
262,Josyara,2022-01-07,2022,SESC BOM RETIRO,JOSYARA
263,BK,2022-01-07,2022,SESC POMPEIA,BK
264,Dead Fish,2022-01-07,2022,HANGAR 110,DEAD FISH
265,Chico César & Geraldo Azevedo,2022-01-07,2022,SESC PINHEIROS,CHICO CESAR & GERALDO AZEVEDO
266,Zé Ibarra,2022-01-07,2022,SESC IPIRANGA,ZE IBARRA
267,Jorge & Mateus,2022-01-08,2022,EXPO CENTER NORTE,JORGE & MATEUS
268,Dead Fish,2022-01-08,2022,HANGAR 110,DEAD FISH
269,Chico César & Geraldo Azevedo,2022-01-08,2022,SESC PINHEIROS,CHICO CESAR & GERALDO AZEVEDO
270,Criolo,2022-01-08,2022,SESC VILA MARIANA,CRIOLO
271,MC Dricka,2022-01-08,2022,FABRIKETA,MC DRICKA
272,PEDRO SAMPAIO,2022-01-08,2022,EXPO CENTER NORTE,PEDRO SAMPAIO
273,Horace Green,2022-01-09,2022,HANGAR 110,HORACE GREEN
274,Molho Negro,2022-01-09,2022,HANGAR 110,MOLHO NEGRO
275,Maria Beraldo,2022-01-09,2022,SESC AVENIDA PAULISTA,MARIA BERALDO
276,Criolo,2022-01-09,2022,SESC VILA MARIANA,CRIOLO
277,Chico César & Geraldo Azevedo,2022-01-09,2022,SESC PINHEIROS,CHICO CESAR & GERALDO AZEVEDO
278,Dead Fish,2022-01-09,2022,HANGAR 110,DEAD FISH
279,Martinho da Vila,2022-01-10,2022,SESC POMPEIA,MARTINHO DA VILA
280,Péricles,2022-01-12,2022,THE MASKED SINGER BRASIL,PERICLES
281,Beto Barbosa,2022-01-12,2022,THE MASKED SINGER BRASIL,BETO BARBOSA
282,Gloria Groove,2022-01-14,2022,VILLAGE BARRA FUNDA,GLORIA GROOVE
283,Lia Clark,2022-01-14,2022,VILLAGE BARRA FUNDA,LIA CLARK
284,Danny Bond,2022-01-14,2022,VILLAGE BARRA FUNDA,DANNY BOND
285,Pepita,2022-01-14,2022,VILLAGE BARRA FUNDA,PEPITA
286,Lexa,2022-01-14,2022,VILLAGE BARRA FUNDA,LEXA
287,POCAH,2022-01-14,2022,VILLAGE BARRA FUNDA,POCAH
288,Juçara Marçal,2022-01-15,2022,SESC PINHEIROS,JUCARA MARCAL
289,Noturnall,2022-01-21,2022,TEATRO SESC 24 DE MAIO,NOTURNALL
291,Kaê Guajajara,2022-01-22,2022,CASA DE CULTURA MUNICIPAL DA VILA GUILHERME - CASARAO,KAE GUAJAJARA
292,DENNIS,2022-01-22,2022,SAO PAULO EXPO,DENNIS
293,Ferrugem,2022-01-22,2022,SAO PAULO EXPO,FERRUGEM
294,É o Tchan,2022-01-22,2022,SONORA GARDEN,E O TCHAN
295,Gretchen,2022-01-22,2022,SONORA GARDEN,GRETCHEN
296,Gustavo Mioto,2022-01-22,2022,SAO PAULO EXPO,GUSTAVO MIOTO
297,Gilmelândia,2022-01-23,2022,SONORA GARDEN,GILMELANDIA
298,Mateus Carrilho,2022-01-23,2022,SONORA GARDEN,MATEUS CARRILHO
299,Lorena Simpson,2022-01-23,2022,SONORA GARDEN,LORENA SIMPSON
300,Children of the Beast,2022-01-24,2022,CAFE PIU PIU,CHILDREN OF THE BEAST
301,Gloria Groove,2022-01-24,2022,SONORA GARDEN,GLORIA GROOVE
302,Tommy Love,2022-01-24,2022,SONORA GARDEN,TOMMY LOVE
303,Tchakabum,2022-01-24,2022,SONORA GARDEN,TCHAKABUM
304,Lia Clark,2022-01-24,2022,SONORA GARDEN,LIA CLARK
305,Pepita,2022-01-25,2022,SONORA GARDEN,PEPITA
306,Luísa Sonza,2022-01-25,2022,SONORA GARDEN,LUISA SONZA
307,Carla Cristina,2022-01-25,2022,SONORA GARDEN,CARLA CRISTINA
308,Metá Metá,2022-01-25,2022,CENTRO CULTURAL SAO PAULO,META META
309,UrucumTrio,2022-01-27,2022,CAVEPOOL,URUCUMTRIO
310,Murilo Huff,2022-01-28,2022,VILA JK,MURILO HUFF
311,Raf F. Guimarães,2022-01-28,2022,DEATHCAVE,RAF F. GUIMARAES
312,Luísa Sonza,2022-01-28,2022,TRANSAMERICA EXPO CENTER,LUISA SONZA
313,Joelma,2022-01-28,2022,NOVO BRILHO DA LUA,JOELMA
315,Cefa,2022-01-29,2022,JAI CLUB,CEFA
316,Raf F. Guimarães,2022-01-29,2022,TINYBAR DOWNTOWN,RAF F. GUIMARAES
317,Joelma,2022-01-30,2022,ARENA SHOW SP,JOELMA
318,Chris Cain,2022-02-01,2022,QUINTAL DEBETTI,CHRIS CAIN
319,Tayrone,2022-02-02,2022,FAUSTAO NA BAND,TAYRONE
320,Belo,2022-02-02,2022,FAUSTAO NA BAND,BELO
321,Pabllo Vittar,2022-02-02,2022,FAUSTAO NA BAND,PABLLO VITTAR
322,Skank,2022-02-02,2022,FAUSTAO NA BAND,SKANK
323,Roberta Campos,2022-02-02,2022,FAUSTAO NA BAND,ROBERTA CAMPOS
324,Children of the Beast,2022-02-04,2022,ZN HIGHWAY,CHILDREN OF THE BEAST
325,Boate Azul Ao Vivo,2022-02-04,2022,TOM BRASIL,BOATE AZUL AO VIVO
326,UrucumTrio,2022-02-04,2022,EMBARXADOR,URUCUMTRIO
327,Marisa Monte,2022-02-04,2022,ESPACO DAS AMERICAS,MARISA MONTE
328,Urias,2022-02-04,2022,CINE JOIA,URIAS
329,Luedji Luna,2022-02-04,2022,SESC BELENZINHO,LUEDJI LUNA
330,Calcinha Preta,2022-02-04,2022,CENTRO DE TRADICOES NORDESTINAS,CALCINHA PRETA
331,Os Barões da Pisadinha,2022-02-04,2022,CENTRO DE TRADICOES NORDESTINAS,OS BAROES DA PISADINHA
332,Luan Santana,2022-02-05,2022,ESTADIO DO CANINDE,LUAN SANTANA
333,Marisa Monte,2022-02-05,2022,ESPACO DAS AMERICAS,MARISA MONTE
334,ANAVITÓRIA,2022-02-05,2022,SALA SAO PAULO,ANAVITORIA
335,Ferrugem,2022-02-05,2022,ESTADIO DO CANINDE,FERRUGEM
336,Children of the Beast,2022-02-05,2022,LA IGLESIA BORRATXERIA,CHILDREN OF THE BEAST
337,LUDMILLA,2022-02-05,2022,ESTADIO DO CANINDE,LUDMILLA
338,André Christovam,2022-02-05,2022,TEATRO SESC 24 DE MAIO,ANDRE CHRISTOVAM
339,Rico Dalasam,2022-02-06,2022,CASA NATURA MUSICAL,RICO DALASAM
340,André Christovam,2022-02-06,2022,TEATRO SESC 24 DE MAIO,ANDRE CHRISTOVAM
341,Rashid,2022-02-06,2022,SESC VILA MARIANA,RASHID
342,Elba Ramalho,2022-02-07,2022,FAUSTAO NA BAND,ELBA RAMALHO
343,Gretchen,2022-02-08,2022,ALTAS HORAS,GRETCHEN
344,Ivete Sangalo,2022-02-08,2022,ALTAS HORAS,IVETE SANGALO
345,Maiara & Maraisa,2022-02-09,2022,FAUSTAO NA BAND,MAIARA & MARAISA
346,Henrique & Juliano,2022-02-09,2022,FAUSTAO NA BAND,HENRIQUE & JULIANO
347,Letrux,2022-02-10,2022,CASA NATURA MUSICAL,LETRUX
348,Gloria Groove,2022-02-10,2022,AUDIO,GLORIA GROOVE
349,Skank,2022-02-10,2022,FAUSTAO NA BAND,SKANK
350,Marisa Monte,2022-02-11,2022,ESPACO DAS AMERICAS,MARISA MONTE
351,Luísa Sonza,2022-02-11,2022,VILA JK,LUISA SONZA
352,POCAH,2022-02-11,2022,FAUSTAO NA BAND,POCAH
353,Letrux,2022-02-11,2022,CASA NATURA MUSICAL,LETRUX
354,Naiara Azevedo,2022-02-11,2022,DOMINGAO COM HUCK,NAIARA AZEVEDO
355,Gilmelândia,2022-02-12,2022,AUDIO,GILMELANDIA
356,Nirvana Experience (ex-Hormoaning),2022-02-12,2022,ALTAS HORAS ROCK BAR,NIRVANA EXPERIENCE (EX-HORMOANING)
357,LUDMILLA,2022-02-12,2022,ESPORTE CLUBE PINHEIROS,LUDMILLA
358,Anitta,2022-02-12,2022,MEMORIAL DA AMERICA LATINA,ANITTA
359,Matheus Fernandes,2022-02-12,2022,MEMORIAL DA AMERICA LATINA,MATHEUS FERNANDES
360,Pabllo Vittar,2022-02-12,2022,MEMORIAL DA AMERICA LATINA,PABLLO VITTAR
361,Atitude 67,2022-02-12,2022,MEMORIAL DA AMERICA LATINA,ATITUDE 67
362,Psirico,2022-02-12,2022,MEMORIAL DA AMERICA LATINA,PSIRICO
363,Marisa Monte,2022-02-12,2022,ESPACO DAS AMERICAS,MARISA MONTE
364,MC Danny,2022-02-12,2022,MEMORIAL DA AMERICA LATINA,MC DANNY
365,Chitãozinho & Xororó,2022-02-12,2022,ESPACO DAS AMERICAS,CHITAOZINHO & XORORO
366,MC Mirella,2022-02-12,2022,GALPAO 47,MC MIRELLA
367,Lexa,2022-02-12,2022,MEMORIAL DA AMERICA LATINA,LEXA
368,Letrux,2022-02-12,2022,CASA NATURA MUSICAL,LETRUX
369,Zé Ramalho,2022-02-13,2022,ESPACO DAS AMERICAS,ZE RAMALHO
370,Letrux,2022-02-13,2022,CASA NATURA MUSICAL,LETRUX
371,Claudia Leitte,2022-02-14,2022,FAUSTAO NA BAND,CLAUDIA LEITTE
372,UrucumTrio,2022-02-17,2022,PICLES CARDEAL,URUCUMTRIO
373,Felipe Andreoli,2022-02-17,2022,BOURBON STREET MUSIC CLUB,FELIPE ANDREOLI
374,Chitãozinho & Xororó,2022-02-17,2022,ESPACO DAS AMERICAS,CHITAOZINHO & XORORO
375,Luedji Luna,2022-02-17,2022,CASA NATURA MUSICAL,LUEDJI LUNA
376,Tuyo,2022-02-17,2022,CINE JOIA,TUYO
377,Nega Mel,2022-02-18,2022,ARENA SERTANEJA,NEGA MEL
378,Hermeto Pascoal,2022-02-18,2022,SESC PINHEIROS,HERMETO PASCOAL
379,Raf F. Guimarães,2022-02-18,2022,TINYBAR DOWNTOWN,RAF F. GUIMARAES
380,Foojammers,2022-02-19,2022,PRESLEY PUB,FOOJAMMERS
381,Johnny Hooker,2022-02-19,2022,CASA NATURA MUSICAL,JOHNNY HOOKER
382,Cerberus Attack,2022-02-19,2022,FABRIQUE CLUB,CERBERUS ATTACK
383,Blasthrash,2022-02-19,2022,FABRIQUE CLUB,BLASTHRASH
384,Axty,2022-02-19,2022,HANGAR 110,AXTY
385,Zé Vaqueiro,2022-02-19,2022,ARENA SERTANEJA,ZE VAQUEIRO
386,Cemitério,2022-02-19,2022,FABRIQUE CLUB,CEMITERIO
387,D.F.C.,2022-02-19,2022,FABRIQUE CLUB,D.F.C.
388,Eskröta,2022-02-19,2022,FABRIQUE CLUB,ESKROTA
389,Gloria,2022-02-19,2022,HANGAR 110,GLORIA
390,Sea Smile,2022-02-19,2022,HANGAR 110,SEA SMILE
391,Viper,2022-02-19,2022,MANIFESTO BAR,VIPER
393,Luísa Sonza,2022-02-19,2022,SONORA GARDEN,LUISA SONZA
394,Nirvana Experience (ex-Hormoaning),2022-02-19,2022,RELICARIO ROCK BAR,NIRVANA EXPERIENCE (EX-HORMOANING)
395,Vanguart,2022-02-20,2022,CASA NATURA MUSICAL,VANGUART
396,Sepultura,2022-02-20,2022,AUDIO,SEPULTURA
398,Roberta Miranda,2022-02-21,2022,FAUSTAO NA BAND,ROBERTA MIRANDA
399,Os Barões da Pisadinha,2022-02-21,2022,FAUSTAO NA BAND,OS BAROES DA PISADINHA
400,Turma do Pagode,2022-02-21,2022,FAUSTAO NA BAND,TURMA DO PAGODE
401,Jota Quest,2022-02-21,2022,FAUSTAO NA BAND,JOTA QUEST
402,Gloria Groove,2022-02-21,2022,FAUSTAO NA BAND,GLORIA GROOVE
403,Cefa,2022-02-22,2022,JAI CLUB,CEFA
404,Camisa de Vênus,2022-02-23,2022,FAUSTAO NA BAND,CAMISA DE VENUS
405,Pixote,2022-02-23,2022,FAUSTAO NA BAND,PIXOTE
406,Israel & Rodolffo,2022-02-23,2022,FAUSTAO NA BAND,ISRAEL & RODOLFFO
407,Geraldo Azevedo,2022-02-23,2022,FAUSTAO NA BAND,GERALDO AZEVEDO
408,DUDA BEAT,2022-02-23,2022,FAUSTAO NA BAND,DUDA BEAT
409,Pabllo Vittar,2022-02-25,2022,AUDIO,PABLLO VITTAR
410,Children of the Beast,2022-02-25,2022,MORRISON ROCK BAR,CHILDREN OF THE BEAST
411,Tainá Costa,2022-02-25,2022,AUDIO,TAINA COSTA
412,Karol Conká,2022-02-25,2022,AUDIO,KAROL CONKA
413,Fernando Catatau,2022-02-25,2022,SESC POMPEIA,FERNANDO CATATAU
414,Fernanda Takai,2022-02-25,2022,SESC VILA MARIANA,FERNANDA TAKAI
415,MC WM,2022-02-25,2022,AUDIO,MC WM
416,Danny Bond,2022-02-25,2022,AUDIO,DANNY BOND
417,POCAH,2022-02-25,2022,AUDIO,POCAH
418,Sophia Chablau e Uma Enorme Perda de Tempo,2022-02-26,2022,CULTURA LIVRE,SOPHIA CHABLAU E UMA ENORME PERDA DE TEMPO
419,PEDRO SAMPAIO,2022-02-26,2022,JOCKEY CLUB,PEDRO SAMPAIO
420,Thiaguinho,2022-02-26,2022,JOCKEY CLUB,THIAGUINHO
421,Zé Vaqueiro,2022-02-26,2022,JOCKEY CLUB,ZE VAQUEIRO
422,UrucumTrio,2022-02-26,2022,CAVEPOOL,URUCUMTRIO
423,Espacialrias,2022-02-26,2022,CAVEPOOL,ESPACIALRIAS
424,Durval Lelys,2022-02-27,2022,JOCKEY CLUB,DURVAL LELYS
425,Fernanda Takai,2022-02-27,2022,SESC VILA MARIANA,FERNANDA TAKAI
426,LUDMILLA,2022-02-27,2022,JOCKEY CLUB,LUDMILLA
427,Bloco do Sargento Pimenta,2022-02-27,2022,TRABUCA JARDINS,BLOCO DO SARGENTO PIMENTA
428,DENNIS,2022-02-27,2022,JOCKEY CLUB,DENNIS
429,Lô Borges,2022-02-27,2022,SESC POMPEIA,LO BORGES
430,MC Kekel,2022-02-28,2022,AUDIO,MC KEKEL
431,Alok,2022-02-28,2022,JOCKEY CLUB,ALOK
432,Banda Eva,2022-02-28,2022,JOCKEY CLUB,BANDA EVA
433,Luan Santana,2022-02-28,2022,JOCKEY CLUB,LUAN SANTANA
434,Lexa,2022-02-28,2022,AUDIO,LEXA
435,LUDMILLA,2022-03-01,2022,ESPACO DAS AMERICAS,LUDMILLA
436,Anitta,2022-03-01,2022,JOCKEY CLUB,ANITTA
437,Jorge & Mateus,2022-03-01,2022,JOCKEY CLUB,JORGE & MATEUS
438,Gloria Groove,2022-03-01,2022,ESPACO DAS AMERICAS,GLORIA GROOVE
439,Don L,2022-03-01,2022,SESC PINHEIROS,DON L
440,Arnaldo Antunes,2022-03-04,2022,SESC PINHEIROS,ARNALDO ANTUNES
441,Tulipa Ruiz,2022-03-04,2022,STUDIO SP,TULIPA RUIZ
442,Tuyo,2022-03-04,2022,SESC BELENZINHO,TUYO
443,UrucumTrio,2022-03-04,2022,HOP ALLEY PUB,URUCUMTRIO
444,O Grilo,2022-03-04,2022,CASA ROCKAMBOLE,O GRILO
445,Carne Doce,2022-03-04,2022,SESC SANTANA,CARNE DOCE
446,Inocentes,2022-03-05,2022,HANGAR 110,INOCENTES
447,Carne Doce,2022-03-05,2022,SESC SANTANA,CARNE DOCE
448,Otto,2022-03-05,2022,SESC VILA MARIANA,OTTO
449,Tuyo,2022-03-05,2022,SESC BELENZINHO,TUYO
450,O Inimigo,2022-03-05,2022,LA IGLESIA BORRATXERIA,O INIMIGO
451,Edgard Scandurra,2022-03-05,2022,BLUE NOTE SAO PAULO,EDGARD SCANDURRA
452,Medulla,2022-03-06,2022,CARIOCA CLUB,MEDULLA
453,Supercombo,2022-03-06,2022,CARIOCA CLUB,SUPERCOMBO
454,Carne Doce,2022-03-06,2022,SESC SANTANA,CARNE DOCE
456,Hevo 84,2022-03-08,2022,FABRIQUE CLUB,HEVO 84
457,Gilsons,2022-03-10,2022,CINE JOIA,GILSONS
458,Skank,2022-03-11,2022,ESPACO DAS AMERICAS,SKANK
459,Paulinho da Viola,2022-03-11,2022,SESC PINHEIROS,PAULINHO DA VIOLA
460,Roberta Campos,2022-03-11,2022,SESC BELENZINHO,ROBERTA CAMPOS
461,Baco Exu do Blues,2022-03-12,2022,AUDIO,BACO EXU DO BLUES
462,IMPAVID COLOSSUS,2022-03-12,2022,HANGAR 110,IMPAVID COLOSSUS
463,PLUMA,2022-03-12,2022,CASA ROCKAMBOLE,PLUMA
464,Os Paralamas do Sucesso,2022-03-12,2022,TOKIO MARINE HALL,OS PARALAMAS DO SUCESSO
465,Marina Sena,2022-03-12,2022,TEATRO SESC POMPEIA,MARINA SENA
466,Getúlio Abelha,2022-03-12,2022,CINE JOIA,GETULIO ABELHA
467,Walfredo em Busca da Simbiose,2022-03-12,2022,CASA ROCKAMBOLE,WALFREDO EM BUSCA DA SIMBIOSE
468,Kiko Dinucci,2022-03-12,2022,SESC AVENIDA PAULISTA,KIKO DINUCCI
469,Os Amantes,2022-03-12,2022,CINE JOIA,OS AMANTES
470,Surra,2022-03-12,2022,FABRIQUE CLUB,SURRA
471,Skank,2022-03-12,2022,ESPACO DAS AMERICAS,SKANK
472,Dingo Bells,2022-03-13,2022,SESC SANTANA,DINGO BELLS
473,Marina Sena,2022-03-13,2022,TEATRO SESC POMPEIA,MARINA SENA
474,Skank,2022-03-13,2022,ESPACO DAS AMERICAS,SKANK
475,Kiko Dinucci,2022-03-13,2022,SESC AVENIDA PAULISTA,KIKO DINUCCI
477,Pabllo Vittar,2022-03-15,2022,UNIQUE HOTEL,PABLLO VITTAR
478,Tiago Abravanel,2022-03-15,2022,UNIQUE HOTEL,TIAGO ABRAVANEL
479,Preta Gil,2022-03-15,2022,UNIQUE HOTEL,PRETA GIL
480,César Camargo Mariano,2022-03-15,2022,SALA SAO PAULO,CESAR CAMARGO MARIANO
481,Urias,2022-03-15,2022,UNIQUE HOTEL,URIAS
482,O Grilo,2022-03-15,2022,CINE JOIA,O GRILO
483,UrucumTrio,2022-03-17,2022,CAVEPOOL,URUCUMTRIO
484,La Delio Valdez,2022-03-17,2022,CASA NATURA MUSICAL,LA DELIO VALDEZ
485,Jungle,2022-03-18,2022,AUDIO,JUNGLE
486,Jão,2022-03-18,2022,ESPACO DAS AMERICAS,JAO
487,Now United,2022-03-18,2022,GINASIO DO IBIRAPUERA,NOW UNITED
488,Now United,2022-03-19,2022,GINASIO DO IBIRAPUERA,NOW UNITED
489,Luis Mariutti,2022-03-19,2022,LA IGLESIA BORRATXERIA,LUIS MARIUTTI
490,Hermeto Pascoal,2022-03-19,2022,BLUE NOTE SAO PAULO,HERMETO PASCOAL
491,Maglore,2022-03-19,2022,TEATRO SERGIO CARDOSO,MAGLORE
492,Hevo 84,2022-03-19,2022,FABRIQUE CLUB,HEVO 84
493,Hateen,2022-03-19,2022,FABRIQUE CLUB,HATEEN
494,Sinistra,2022-03-19,2022,LA IGLESIA BORRATXERIA,SINISTRA
495,Decreto Lei 50,2022-03-20,2022,SILSI ROCK TATTOO BAR,DECRETO LEI 50
496,Now United,2022-03-20,2022,GINASIO DO IBIRAPUERA,NOW UNITED
497,Project46,2022-03-20,2022,AUDIO,PROJECT46
498,Jeff Scott Soto,2022-03-20,2022,STONES MUSIC BAR,JEFF SCOTT SOTO
499,Eric Martin,2022-03-20,2022,STONES MUSIC BAR,ERIC MARTIN
501,Turnstile,2022-03-23,2022,CINE JOIA,TURNSTILE
502,UrucumTrio,2022-03-23,2022,FAUHAUS,URUCUMTRIO
503,Stomp,2022-03-23,2022,CINE JOIA,STOMP
504,A Day to Remember,2022-03-24,2022,AUDIO,A DAY TO REMEMBER
505,Alexisonfire,2022-03-24,2022,AUDIO,ALEXISONFIRE
506,Pabllo Vittar,2022-03-24,2022,AUTODROMO DE INTERLAGOS,PABLLO VITTAR
507,Kehlani,2022-03-24,2022,AUTODROMO DE INTERLAGOS,KEHLANI
508,mgk,2022-03-24,2022,AUTODROMO DE INTERLAGOS,MGK
509,Doja Cat,2022-03-24,2022,AUTODROMO DE INTERLAGOS,DOJA CAT
510,Sophia Chablau e Uma Enorme Perda de Tempo,2022-03-25,2022,CASA ROCKAMBOLE,SOPHIA CHABLAU E UMA ENORME PERDA DE TEMPO
511,VINNE,2022-03-25,2022,AUTODROMO DE INTERLAGOS,VINNE
512,MARINA,2022-03-25,2022,AUTODROMO DE INTERLAGOS,MARINA
513,JetLag Music,2022-03-25,2022,AUTODROMO DE INTERLAGOS,JETLAG MUSIC
514,Ashnikko,2022-03-25,2022,AUTODROMO DE INTERLAGOS,ASHNIKKO
515,jxdn,2022-03-25,2022,AUTODROMO DE INTERLAGOS,JXDN
516,The Wombats,2022-03-25,2022,AUTODROMO DE INTERLAGOS,THE WOMBATS
517,Doja Cat,2022-03-25,2022,AUTODROMO DE INTERLAGOS,DOJA CAT
518,The Strokes,2022-03-25,2022,AUTODROMO DE INTERLAGOS,THE STROKES
519,The Raulis,2022-03-25,2022,AUDIO,THE RAULIS
520,Edgar,2022-03-25,2022,AUTODROMO DE INTERLAGOS,EDGAR
521,Pelados,2022-03-25,2022,CASA ROCKAMBOLE,PELADOS
522,Caribou,2022-03-25,2022,AUTODROMO DE INTERLAGOS,CARIBOU
523,Pabllo Vittar,2022-03-25,2022,AUTODROMO DE INTERLAGOS,PABLLO VITTAR
524,Jack Harlow,2022-03-25,2022,AUTODROMO DE INTERLAGOS,JACK HARLOW
525,Matuê,2022-03-25,2022,AUTODROMO DE INTERLAGOS,MATUE
526,Academia da Berlinda,2022-03-25,2022,AUDIO,ACADEMIA DA BERLINDA
527,Turnstile,2022-03-25,2022,AUTODROMO DE INTERLAGOS,TURNSTILE
528,UrucumTrio,2022-03-25,2022,HOP ALLEY PUB,URUCUMTRIO
529,Exciter,2022-03-25,2022,CASA DA MUSICA,EXCITER
530,The Outrageous Gravedäncer,2022-03-25,2022,LA SALSA,THE OUTRAGEOUS GRAVEDANCER
531,LP,2022-03-25,2022,AUTODROMO DE INTERLAGOS,LP
532,Meca,2022-03-25,2022,AUTODROMO DE INTERLAGOS,MECA
533,Duda Brack,2022-03-25,2022,SESC POMPEIA,DUDA BRACK
534,Innabrain,2022-03-25,2022,ECLA - ESPACO CULTURAL DA AMERICA LATINA,INNABRAIN
535,Nando Reis,2022-03-25,2022,CLUBE ATLETICO DO JUVENTUS,NANDO REIS
536,mgk,2022-03-25,2022,AUTODROMO DE INTERLAGOS,MGK
537,070 Shake,2022-03-25,2022,AUTODROMO DE INTERLAGOS,070 SHAKE
538,Alan Walker,2022-03-25,2022,AUTODROMO DE INTERLAGOS,ALAN WALKER
539,Chris Lake,2022-03-25,2022,AUTODROMO DE INTERLAGOS,CHRIS LAKE
540,Detonautas Roque Clube,2022-03-25,2022,AUTODROMO DE INTERLAGOS,DETONAUTAS ROQUE CLUBE
541,ANAVITÓRIA,2022-03-25,2022,CLUBE ATLETICO DO JUVENTUS,ANAVITORIA
542,Clarice Falcão,2022-03-26,2022,AUTODROMO DE INTERLAGOS,CLARICE FALCAO
543,Alexisonfire,2022-03-26,2022,AUTODROMO DE INTERLAGOS,ALEXISONFIRE
544,WC no Beat,2022-03-26,2022,AUTODROMO DE INTERLAGOS,WC NO BEAT
545,Miley Cyrus,2022-03-26,2022,AUTODROMO DE INTERLAGOS,MILEY CYRUS
546,Remi Wolf,2022-03-26,2022,AUTODROMO DE INTERLAGOS,REMI WOLF
547,Terno Rei,2022-03-26,2022,AUTODROMO DE INTERLAGOS,TERNO REI
548,Alok,2022-03-26,2022,AUTODROMO DE INTERLAGOS,ALOK
549,A Day to Remember,2022-03-26,2022,AUTODROMO DE INTERLAGOS,A DAY TO REMEMBER
550,Jup do Bairro,2022-03-26,2022,AUTODROMO DE INTERLAGOS,JUP DO BAIRRO
551,Fatnotronic,2022-03-26,2022,AUTODROMO DE INTERLAGOS,FATNOTRONIC
552,Silva,2022-03-26,2022,AUTODROMO DE INTERLAGOS,SILVA
553,Ashibah,2022-03-26,2022,AUTODROMO DE INTERLAGOS,ASHIBAH
554,A$AP Rocky,2022-03-26,2022,AUTODROMO DE INTERLAGOS,A$AP ROCKY
555,DJ Marky,2022-03-26,2022,AUTODROMO DE INTERLAGOS,DJ MARKY
556,Paulinho Moska,2022-03-26,2022,SESC POMPEIA,PAULINHO MOSKA
557,Alessia Cara,2022-03-26,2022,AUTODROMO DE INTERLAGOS,ALESSIA CARA
558,Emicida,2022-03-26,2022,AUTODROMO DE INTERLAGOS,EMICIDA
559,Jão,2022-03-26,2022,AUTODROMO DE INTERLAGOS,JAO
560,Victor Lou,2022-03-26,2022,AUTODROMO DE INTERLAGOS,VICTOR LOU
561,Lamparina,2022-03-26,2022,AUTODROMO DE INTERLAGOS,LAMPARINA
562,Deorro,2022-03-26,2022,AUTODROMO DE INTERLAGOS,DEORRO
563,MC Tha,2022-03-26,2022,AUTODROMO DE INTERLAGOS,MC THA
564,Chemical Surf,2022-03-26,2022,AUTODROMO DE INTERLAGOS,CHEMICAL SURF
565,Boombox Cartel,2022-03-26,2022,AUTODROMO DE INTERLAGOS,BOOMBOX CARTEL
566,Two Feet,2022-03-26,2022,AUTODROMO DE INTERLAGOS,TWO FEET
567,Biquini,2022-03-27,2022,MEMORIAL DA AMERICA LATINA,BIQUINI
568,Fancy Inc,2022-03-27,2022,AUTODROMO DE INTERLAGOS,FANCY INC
569,KAYTRANADA,2022-03-27,2022,TOKYO,KAYTRANADA
570,Planta & Raiz,2022-03-27,2022,AUTODROMO DE INTERLAGOS,PLANTA & RAIZ
571,Goldfish,2022-03-27,2022,AUTODROMO DE INTERLAGOS,GOLDFISH
572,Martin Garrix,2022-03-27,2022,AUTODROMO DE INTERLAGOS,MARTIN GARRIX
573,Sango,2022-03-27,2022,TOKYO,SANGO
574,The Libertines,2022-03-27,2022,AUTODROMO DE INTERLAGOS,THE LIBERTINES
575,Black Pumas,2022-03-27,2022,AUTODROMO DE INTERLAGOS,BLACK PUMAS
576,Lagum,2022-03-27,2022,AUTODROMO DE INTERLAGOS,LAGUM
577,Gloria Groove,2022-03-27,2022,AUTODROMO DE INTERLAGOS,GLORIA GROOVE
578,Kehlani,2022-03-27,2022,AUTODROMO DE INTERLAGOS,KEHLANI
579,Plebe Rude,2022-03-27,2022,MEMORIAL DA AMERICA LATINA,PLEBE RUDE
580,Os Paralamas do Sucesso,2022-03-27,2022,MEMORIAL DA AMERICA LATINA,OS PARALAMAS DO SUCESSO
581,Ego Kill Talent,2022-03-27,2022,AUTODROMO DE INTERLAGOS,EGO KILL TALENT
582,IDLES,2022-03-27,2022,AUTODROMO DE INTERLAGOS,IDLES
583,Cat Dealers,2022-03-27,2022,AUTODROMO DE INTERLAGOS,CAT DEALERS
584,Emicida & Convidados,2022-03-27,2022,AUTODROMO DE INTERLAGOS,EMICIDA & CONVIDADOS
585,Fresno,2022-03-27,2022,AUTODROMO DE INTERLAGOS,FRESNO
586,Aliados,2022-03-27,2022,AUTODROMO DE INTERLAGOS,ALIADOS
587,João Bosco,2022-03-27,2022,CASA NATURA MUSICAL,JOAO BOSCO
588,Gritando HC,2022-03-27,2022,CASA DE CULTURA DO BUTANTA,GRITANDO HC
589,Statues On Fire,2022-03-27,2022,CASA DE CULTURA DO BUTANTA,STATUES ON FIRE
590,Soen,2022-03-27,2022,CARIOCA CLUB,SOEN
591,Menores Atos,2022-03-27,2022,AUTODROMO DE INTERLAGOS,MENORES ATOS
592,Planet Hemp,2022-03-27,2022,AUTODROMO DE INTERLAGOS,PLANET HEMP
593,Alesso,2022-03-27,2022,AUTODROMO DE INTERLAGOS,ALESSO
594,Malifoo,2022-03-27,2022,AUTODROMO DE INTERLAGOS,MALIFOO
595,Djonga,2022-03-27,2022,AUTODROMO DE INTERLAGOS,DJONGA
596,KAYTRANADA,2022-03-27,2022,AUTODROMO DE INTERLAGOS,KAYTRANADA
597,Rashid,2022-03-27,2022,AUTODROMO DE INTERLAGOS,RASHID
598,Capital Inicial,2022-03-27,2022,MEMORIAL DA AMERICA LATINA,CAPITAL INICIAL
599,Marina Sena,2022-03-27,2022,AUTODROMO DE INTERLAGOS,MARINA SENA
600,UrucumTrio,2022-03-30,2022,CABARET DA CECILIA,URUCUMTRIO
601,Cynthia Luz,2022-03-31,2022,CASA NATURA MUSICAL,CYNTHIA LUZ
602,Gab Ferreira,2022-03-31,2022,AUDIO,GAB FERREIRA
603,The Drums,2022-03-31,2022,AUDIO,THE DRUMS
604,Fistt,2022-04-01,2022,HANGAR 110,FISTT
605,Garage Fuzz,2022-04-01,2022,HANGAR 110,GARAGE FUZZ
606,DUDA BEAT,2022-04-01,2022,ESPACO DAS AMERICAS,DUDA BEAT
607,Jay Vaquer,2022-04-02,2022,ASSOCIACAO BENEFICENTE PROVINCIANOS OSAKA NANIWA KAI,JAY VAQUER
608,Boogarins,2022-04-02,2022,SESC VILA MARIANA,BOOGARINS
609,O Grande Encontro,2022-04-02,2022,ESPACO DAS AMERICAS,O GRANDE ENCONTRO
610,Lagum,2022-04-02,2022,AUDIO,LAGUM
611,Metade de Mim,2022-04-02,2022,FENDA 315,METADE DE MIM
612,Exxótica,2022-04-02,2022,ESPACO SOM,EXXOTICA
613,Children of the Beast,2022-04-02,2022,MANIFESTO BAR,CHILDREN OF THE BEAST
614,Pense,2022-04-02,2022,HANGAR 110,PENSE
615,Paulinho da Viola,2022-04-02,2022,SALA SAO PAULO,PAULINHO DA VIOLA
616,Leoni,2022-04-03,2022,MEMORIAL DA AMERICA LATINA,LEONI
617,Wilson Sideral,2022-04-03,2022,MEMORIAL DA AMERICA LATINA,WILSON SIDERAL
618,Léo Jaime,2022-04-03,2022,MEMORIAL DA AMERICA LATINA,LEO JAIME
619,Joelma,2022-04-03,2022,HORA DO FARO,JOELMA
620,Gloria Groove,2022-04-03,2022,VALE DO ANHANGABAU,GLORIA GROOVE
621,Barão Vermelho,2022-04-03,2022,MEMORIAL DA AMERICA LATINA,BARAO VERMELHO
622,Boogarins,2022-04-03,2022,SESC VILA MARIANA,BOOGARINS
623,Pense,2022-04-03,2022,CARIOCA CLUB,PENSE
624,Lagum,2022-04-03,2022,AUDIO,LAGUM
625,Orange Disaster,2022-04-03,2022,FFFRONT,ORANGE DISASTER
626,Sorriso Maroto,2022-04-03,2022,EXPO BARRA FUNDA,SORRISO MAROTO
627,Cátia de França & Déa Trancoso & Consuelo de Paula,2022-04-03,2022,CASA NATURA MUSICAL,CATIA DE FRANCA & DEA TRANCOSO & CONSUELO DE PAULA
628,Dilsinho,2022-04-03,2022,EXPO BARRA FUNDA,DILSINHO
629,Maroon 5,2022-04-05,2022,ALLIANZ PARQUE,MAROON 5
630,Jão,2022-04-05,2022,ALLIANZ PARQUE,JAO
631,Edu Ardanuy,2022-04-07,2022,BOURBON STREET MUSIC CLUB,EDU ARDANUY
632,Supercombo,2022-04-08,2022,AUDIO,SUPERCOMBO
633,Clarissa,2022-04-08,2022,CINE JOIA,CLARISSA
634,Dead Fish,2022-04-08,2022,AUDIO,DEAD FISH
635,Joelma,2022-04-08,2022,CENTRO DE TRADICOES NORDESTINAS,JOELMA
636,Joelma,2022-04-09,2022,ALTAS HORAS,JOELMA
637,Tim Bernardes,2022-04-09,2022,SESC VILA MARIANA,TIM BERNARDES
638,Lucas Inutilismo,2022-04-09,2022,CARIOCA CLUB,LUCAS INUTILISMO
639,Don L,2022-04-09,2022,CENTRO CULTURAL TENDAL DA LAPA,DON L
640,It's All Red,2022-04-09,2022,LA IGLESIA BORRATXERIA,IT'S ALL RED
641,Zumbis do Espaço,2022-04-09,2022,HANGAR 110,ZUMBIS DO ESPACO
642,Les Mémoires Fall,2022-04-09,2022,JAI CLUB,LES MEMOIRES FALL
643,Ultraje a rigor,2022-04-10,2022,MEMORIAL DA AMERICA LATINA,ULTRAJE A RIGOR
644,Titãs,2022-04-10,2022,MEMORIAL DA AMERICA LATINA,TITAS
645,Vitor Kley,2022-04-10,2022,AUDIO,VITOR KLEY
646,Ana Cañas,2022-04-10,2022,TEATRO BRADESCO,ANA CANAS
647,Camisa de Vênus,2022-04-10,2022,MEMORIAL DA AMERICA LATINA,CAMISA DE VENUS
648,Orange Disaster,2022-04-10,2022,ESTUDIO AURORA,ORANGE DISASTER
649,Ira!,2022-04-10,2022,MEMORIAL DA AMERICA LATINA,IRA!
650,Matanza Ritual,2022-04-10,2022,TOKIO MARINE HALL,MATANZA RITUAL
651,Molchat Doma,2022-04-11,2022,AUDIO,MOLCHAT DOMA
653,Jão,2022-04-14,2022,ESPACO DAS AMERICAS,JAO
654,Shaman,2022-04-15,2022,ESPACO SOM,SHAMAN
655,Sinistra,2022-04-15,2022,ESPACO SOM,SINISTRA
656,Céu,2022-04-15,2022,CASA NATURA MUSICAL,CEU
657,Maiara & Maraisa,2022-04-15,2022,ESPACO DAS AMERICAS,MAIARA & MARAISA
658,Divulsor,2022-04-15,2022,DEPOIS DO FIM DO MUNDO ESTUDIO,DIVULSOR
659,Naiara Azevedo,2022-04-16,2022,ALTAS HORAS,NAIARA AZEVEDO
660,Lenine,2022-04-16,2022,TEATRO BRADESCO,LENINE
661,Tuatha de Danann,2022-04-16,2022,JAI CLUB,TUATHA DE DANANN
662,Santo Graal,2022-04-16,2022,TOKIO MARINE HALL,SANTO GRAAL
663,Halleck,2022-04-16,2022,PORAO DA CERVEJA,HALLECK
664,Far from Alaska,2022-04-16,2022,STUDIO SP,FAR FROM ALASKA
665,Tarja,2022-04-16,2022,TOKIO MARINE HALL,TARJA
666,Shaman,2022-04-16,2022,TOKIO MARINE HALL,SHAMAN
667,Maiara & Maraisa,2022-04-16,2022,PRIVATE VENUE,MAIARA & MARAISA
668,Maria Bethânia,2022-04-16,2022,ESPACO DAS AMERICAS,MARIA BETHANIA
669,Maiara & Maraisa,2022-04-17,2022,ESPACO DAS AMERICAS,MAIARA & MARAISA
670,Paulo Ricardo,2022-04-17,2022,MEMORIAL DA AMERICA LATINA,PAULO RICARDO
671,Humberto Gessinger,2022-04-17,2022,MEMORIAL DA AMERICA LATINA,HUMBERTO GESSINGER
672,BLITZ,2022-04-17,2022,MEMORIAL DA AMERICA LATINA,BLITZ
675,Jambu,2022-04-20,2022,FABRIQUE CLUB,JAMBU
676,Metá Metá,2022-04-20,2022,MUNDO PENSANTE,META META
677,boy pablo,2022-04-20,2022,FABRIQUE CLUB,BOY PABLO
678,Arnaldo Antunes,2022-04-21,2022,MEMORIAL DA AMERICA LATINA,ARNALDO ANTUNES
679,Alice Caymmi,2022-04-21,2022,TEATRO SERGIO CARDOSO,ALICE CAYMMI
680,Marina Lima,2022-04-21,2022,MEMORIAL DA AMERICA LATINA,MARINA LIMA
681,Frejat,2022-04-21,2022,MEMORIAL DA AMERICA LATINA,FREJAT
682,Nando Reis,2022-04-21,2022,MEMORIAL DA AMERICA LATINA,NANDO REIS
683,Kaya Conky,2022-04-21,2022,SONORA GARDEN,KAYA CONKY
684,Lia Clark,2022-04-21,2022,SONORA GARDEN,LIA CLARK
685,Aretuza Lovi,2022-04-21,2022,SONORA GARDEN,ARETUZA LOVI
686,Marina Sena,2022-04-21,2022,CINE JOIA,MARINA SENA
687,Liniker,2022-04-22,2022,SESC PINHEIROS,LINIKER
689,MC Naninha,2022-04-22,2022,SONORA GARDEN,MC NANINHA
690,Marina Sena,2022-04-22,2022,CINE JOIA,MARINA SENA
691,Tati Quebra Barraco,2022-04-22,2022,SONORA GARDEN,TATI QUEBRA BARRACO
692,Racionais MC’s,2022-04-22,2022,ESPACO DAS AMERICAS,RACIONAIS MC'S
693,Dexter,2022-04-22,2022,ESPACO DAS AMERICAS,DEXTER
694,Igor Prado,2022-04-22,2022,SESC BELENZINHO,IGOR PRADO
695,Tuyo,2022-04-22,2022,CASA NATURA MUSICAL,TUYO
696,Rincon Sapiência,2022-04-22,2022,ESPACO DAS AMERICAS,RINCON SAPIENCIA
697,Ombu,2022-04-23,2022,CENTRAL,OMBU
698,Lupe de Lupe,2022-04-23,2022,CENTRAL,LUPE DE LUPE
699,Amigos,2022-04-23,2022,ALLIANZ PARQUE,AMIGOS
700,Moons,2022-04-23,2022,CENTRAL,MOONS
701,gorduratrans,2022-04-23,2022,CENTRAL,GORDURATRANS
702,Ivete Sangalo,2022-04-23,2022,ESPACO DAS AMERICAS,IVETE SANGALO
703,Night Prowler,2022-04-23,2022,LA SALSA,NIGHT PROWLER
704,Gab Ferreira,2022-04-23,2022,CENTRAL,GAB FERREIRA
705,Odradek,2022-04-23,2022,CENTRAL,ODRADEK
706,Tuyo,2022-04-23,2022,CENTRAL,TUYO
707,CPM 22,2022-04-23,2022,AUDIO,CPM 22
708,ÀIYÉ,2022-04-23,2022,CENTRAL,AIYE
709,Hellish War,2022-04-23,2022,LA SALSA,HELLISH WAR
710,Brave,2022-04-23,2022,LA SALSA,BRAVE
711,Jennifer Souza,2022-04-23,2022,CENTRAL,JENNIFER SOUZA
712,Flageladör,2022-04-23,2022,LA SALSA,FLAGELADOR
713,Steve Grimmett's Grim Reaper,2022-04-23,2022,LA SALSA,STEVE GRIMMETT'S GRIM REAPER
714,PLUMA,2022-04-24,2022,CENTRAL,PLUMA
715,Bebé Salvego,2022-04-24,2022,CENTRAL,BEBE SALVEGO
716,Amigos,2022-04-24,2022,ALLIANZ PARQUE,AMIGOS
717,Timo Tolkki,2022-04-24,2022,MANIFESTO BAR,TIMO TOLKKI
718,Raça,2022-04-24,2022,CENTRAL,RACA
719,YMA,2022-04-24,2022,CENTRAL,YMA
720,Walfredo em Busca da Simbiose,2022-04-24,2022,CENTRAL,WALFREDO EM BUSCA DA SIMBIOSE
721,E a Terra Nunca Me Pareceu Tão Distante,2022-04-24,2022,CENTRAL,E A TERRA NUNCA ME PARECEU TAO DISTANTE
722,Amaro Freitas,2022-04-24,2022,SESC POMPEIA,AMARO FREITAS
723,SASKIA,2022-04-24,2022,CENTRAL,SASKIA
724,Holger,2022-04-24,2022,CENTRAL,HOLGER
725,BRVNKS,2022-04-24,2022,CENTRAL,BRVNKS
726,Apeles,2022-04-24,2022,CENTRAL,APELES
727,Gabriel Ventura,2022-04-24,2022,CENTRAL,GABRIEL VENTURA
728,Maiara & Maraisa,2022-04-28,2022,VILLA COUNTRY,MAIARA & MARAISA
729,Boom Boom Kid,2022-04-28,2022,CASA NATURA MUSICAL,BOOM BOOM KID
730,Mahmundi,2022-04-28,2022,STUDIO SP,MAHMUNDI
731,Amen Jr,2022-04-29,2022,AUDITORIO MIS,AMEN JR
732,Lulu Santos,2022-04-29,2022,ESPACO DAS AMERICAS,LULU SANTOS
733,Mart’nália,2022-04-29,2022,CASA NATURA MUSICAL,MART'NALIA
734,Decreto Lei 50,2022-04-30,2022,ST PAUL'S PUB,DECRETO LEI 50
735,Katú Mirim,2022-04-30,2022,CASA DE CULTURA DO BUTANTA,KATU MIRIM
736,Pitty,2022-04-30,2022,ESPACO LESTE,PITTY
737,Jaloo,2022-04-30,2022,SESC BOM RETIRO,JALOO
738,Zimbra,2022-04-30,2022,CARIOCA CLUB,ZIMBRA
739,SODOMITA,2022-04-30,2022,CASA DE CULTURA DO BUTANTA,SODOMITA
740,Vandal,2022-04-30,2022,CASA DE CULTURA DO BUTANTA,VANDAL
741,Terno Rei,2022-04-30,2022,CINE JOIA,TERNO REI
743,Nando Reis,2022-04-30,2022,ESPACO LESTE,NANDO REIS
744,KISS,2022-04-30,2022,ALLIANZ PARQUE,KISS
745,Bebé Salvego,2022-04-30,2022,CINE JOIA,BEBE SALVEGO
746,Tasha & Tracie,2022-04-30,2022,CASA DE CULTURA DO BUTANTA,TASHA & TRACIE
747,Sugar Kane,2022-04-30,2022,HANGAR 110,SUGAR KANE
748,Bayside Kings,2022-04-30,2022,HANGAR 110,BAYSIDE KINGS
750,Manu Gavassi,2022-04-30,2022,ALTAS HORAS,MANU GAVASSI
751,Cemitério,2022-05-01,2022,CENTRO CULTURAL TENDAL DA LAPA,CEMITERIO
752,Urutu,2022-05-01,2022,CENTRO CULTURAL TENDAL DA LAPA,URUTU
753,Hevo 84,2022-05-01,2022,BLOCO EMO,HEVO 84
754,Hateen,2022-05-01,2022,BLOCO EMO,HATEEN
755,Jaloo,2022-05-01,2022,SESC BOM RETIRO,JALOO
756,Walfredo em Busca da Simbiose,2022-05-01,2022,CINE JOIA,WALFREDO EM BUSCA DA SIMBIOSE
757,Di Ferrero,2022-05-01,2022,BLOCO EMO,DI FERRERO
758,Terno Rei,2022-05-01,2022,CINE JOIA,TERNO REI
759,Lasso,2022-05-01,2022,CENTRO CULTURAL TENDAL DA LAPA,LASSO
760,Eskröta,2022-05-01,2022,CENTRO CULTURAL TENDAL DA LAPA,ESKROTA
761,Paura,2022-05-01,2022,CENTRO CULTURAL TENDAL DA LAPA,PAURA
762,Ego Kill Talent,2022-05-02,2022,LA IGLESIA BORRATXERIA,EGO KILL TALENT
763,Flageladör,2022-05-03,2022,LA SALSA,FLAGELADOR
765,Tasha & Tracie,2022-05-05,2022,MUNDO PENSANTE,TASHA & TRACIE
766,Ana Frango Elétrico,2022-05-05,2022,CASA NATURA MUSICAL,ANA FRANGO ELETRICO
768,Electric Mob,2022-05-05,2022,LA IGLESIA BORRATXERIA,ELECTRIC MOB
769,Sax Gordon & Igor Prado,2022-05-05,2022,BOURBON STREET MUSIC CLUB,SAX GORDON & IGOR PRADO
770,Darvin,2022-05-06,2022,JAI CLUB,DARVIN
771,Don L,2022-05-06,2022,CASA NATURA MUSICAL,DON L
772,Anna Vis,2022-05-06,2022,ESPACO GARGANTA,ANNA VIS
773,Dr. Sin,2022-05-06,2022,TEATRO J. SAFRA,DR. SIN
774,Children of the Beast,2022-05-06,2022,ZN HIGHWAY,CHILDREN OF THE BEAST
775,Caetano Veloso,2022-05-06,2022,ESPACO DAS AMERICAS,CAETANO VELOSO
776,Charlotte de Witte,2022-05-06,2022,SAMBODROMO DO ANHEMBI,CHARLOTTE DE WITTE
777,Karol Conká,2022-05-07,2022,AUDIO,KAROL CONKA
778,Rico Dalasam,2022-05-07,2022,CINE JOIA,RICO DALASAM
779,Péricles,2022-05-07,2022,EXPO CENTER NORTE,PERICLES
780,Boogarins,2022-05-07,2022,GALERIA OLIDO,BOOGARINS
781,Lagum,2022-05-07,2022,EXPO CENTER NORTE,LAGUM
782,Don L,2022-05-07,2022,CASA NATURA MUSICAL,DON L
783,Gloria Groove,2022-05-07,2022,EXPO CENTER NORTE,GLORIA GROOVE
784,Scalene,2022-05-07,2022,FABRIQUE CLUB,SCALENE
785,Dr. Sin,2022-05-07,2022,TEATRO J. SAFRA,DR. SIN
786,CPM 22,2022-05-08,2022,AUDIO,CPM 22
787,Tiê,2022-05-08,2022,SESC BELENZINHO,TIE
788,Adriana Calcanhotto,2022-05-08,2022,CASA NATURA MUSICAL,ADRIANA CALCANHOTTO
789,Greta Van Fleet,2022-05-10,2022,ESTADIO DO MORUMBI,GRETA VAN FLEET
790,Ego Kill Talent,2022-05-10,2022,ESTADIO DO MORUMBI,EGO KILL TALENT
791,Metallica,2022-05-10,2022,ESTADIO DO MORUMBI,METALLICA
792,Simone & Simaria,2022-05-10,2022,VILLA COUNTRY,SIMONE & SIMARIA
793,Metá Metá,2022-05-11,2022,BLUE NOTE SAO PAULO,META META
794,Davi Sabbag,2022-05-12,2022,MUNDO PENSANTE,DAVI SABBAG
795,Juliette,2022-05-13,2022,ESPACO UNIMED,JULIETTE
796,Chameleo,2022-05-13,2022,HEAVY HOUSE,CHAMELEO
797,Dead Fish,2022-05-14,2022,ESPACO LESTE,DEAD FISH
798,Supla,2022-05-14,2022,ESPACO LESTE,SUPLA
799,Kiko Zambianchi,2022-05-14,2022,ESPACO LESTE,KIKO ZAMBIANCHI
800,CPM 22,2022-05-14,2022,ESPACO LESTE,CPM 22
801,Velhas Virgens,2022-05-14,2022,ESPACO LESTE,VELHAS VIRGENS
802,Bala Desejo,2022-05-14,2022,MEMORIAL DA AMERICA LATINA,BALA DESEJO
803,Caetano Veloso,2022-05-14,2022,MEMORIAL DA AMERICA LATINA,CAETANO VELOSO
804,Gilsons,2022-05-14,2022,MEMORIAL DA AMERICA LATINA,GILSONS
805,Luedji Luna,2022-05-14,2022,SPARK ARENA,LUEDJI LUNA
806,Mateus Aleluia,2022-05-14,2022,SESC POMPEIA,MATEUS ALELUIA
807,RÜFÜS DU SOL,2022-05-14,2022,SPARK ARENA,RUFUS DU SOL
808,BRAZA,2022-05-14,2022,AUDIO,BRAZA
809,Camisa de Vênus,2022-05-14,2022,ESPACO LESTE,CAMISA DE VENUS
810,PLUMA,2022-05-14,2022,MEMORIAL DA AMERICA LATINA,PLUMA
811,Xênia França,2022-05-14,2022,SPARK ARENA,XENIA FRANCA
812,Tuyo,2022-05-14,2022,MEMORIAL DA AMERICA LATINA,TUYO
813,Marina Sena,2022-05-14,2022,SPARK ARENA,MARINA SENA
814,DUDA BEAT,2022-05-14,2022,MEMORIAL DA AMERICA LATINA,DUDA BEAT
815,Bong Brigade,2022-05-14,2022,FENDA 315,BONG BRIGADE
816,FBC,2022-05-14,2022,CASA NATURA MUSICAL,FBC
817,Cannibal Corpse,2022-05-14,2022,CARIOCA CLUB,CANNIBAL CORPSE
818,Gilberto Gil,2022-05-14,2022,SPARK ARENA,GILBERTO GIL
819,Urias,2022-05-14,2022,MEMORIAL DA AMERICA LATINA,URIAS
820,Black Alien,2022-05-14,2022,SPARK ARENA,BLACK ALIEN
821,Garotos Podres,2022-05-14,2022,HANGAR 110,GAROTOS PODRES
822,Tom Misch,2022-05-14,2022,SPARK ARENA,TOM MISCH
823,IZA,2022-05-14,2022,MEMORIAL DA AMERICA LATINA,IZA
824,Majur,2022-05-14,2022,MEMORIAL DA AMERICA LATINA,MAJUR
825,Genocídio,2022-05-14,2022,CARIOCA CLUB,GENOCIDIO
826,Liniker,2022-05-15,2022,SPARK ARENA,LINIKER
827,Letrux,2022-05-15,2022,SPARK ARENA,LETRUX
828,Riverside,2022-05-15,2022,CARIOCA CLUB,RIVERSIDE
829,Picanha de Chernobill,2022-05-15,2022,AVENIDA PAULISTA,PICANHA DE CHERNOBILL
830,Heavy Baile,2022-05-15,2022,SPARK ARENA,HEAVY BAILE
831,Marcelo D2,2022-05-15,2022,SPARK ARENA,MARCELO D2
832,Two Door Cinema Club,2022-05-15,2022,SPARK ARENA,TWO DOOR CINEMA CLUB
833,Gorillaz,2022-05-15,2022,SPARK ARENA,GORILLAZ
834,Azymuth,2022-05-15,2022,SESC AVENIDA PAULISTA,AZYMUTH
835,Ben Portsmouth,2022-05-15,2022,TEATRO BRADESCO,BEN PORTSMOUTH
836,Matuê,2022-05-15,2022,SPARK ARENA,MATUE
837,Kiko Dinucci,2022-05-16,2022,CENTRO DA TERRA,KIKO DINUCCI
838,Nina Maia,2022-05-17,2022,CENTRO DA TERRA,NINA MAIA
839,McFly,2022-05-17,2022,ESPACO UNIMED,MCFLY
840,McFly,2022-05-18,2022,ESPACO UNIMED,MCFLY
841,Two Door Cinema Club,2022-05-18,2022,AUDIO,TWO DOOR CINEMA CLUB
842,Luísa Sonza,2022-05-19,2022,AUDITORIO IBIRAPUERA,LUISA SONZA
843,Gilberto Gil,2022-05-19,2022,AUDITORIO IBIRAPUERA,GILBERTO GIL
844,Xamã,2022-05-19,2022,AUDITORIO IBIRAPUERA,XAMA
845,Ductape,2022-05-20,2022,MADAME CLUB,DUCTAPE
846,The Kooks,2022-05-20,2022,ESPACO UNIMED,THE KOOKS
847,Lockdown,2022-05-20,2022,AUDIO,LOCKDOWN
848,Emperor,2022-05-20,2022,AUDIO,EMPEROR
849,Delfeayo Marsalis,2022-05-20,2022,SESC POMPEIA,DELFEAYO MARSALIS
850,Chico César & Geraldo Azevedo,2022-05-21,2022,TOKIO MARINE HALL,CHICO CESAR & GERALDO AZEVEDO
851,João Gomes,2022-05-21,2022,ARENA ANHEMBI,JOAO GOMES
852,Felipe Andreoli,2022-05-21,2022,LA IGLESIA BORRATXERIA,FELIPE ANDREOLI
853,Foojammers,2022-05-21,2022,PRACA GIOVANI MONTAGNA,FOOJAMMERS
854,Tarcísio do Acordeon,2022-05-21,2022,ARENA ANHEMBI,TARCISIO DO ACORDEON
855,THE DRIVER ERA,2022-05-21,2022,CINE JOIA,THE DRIVER ERA
856,Xand Avião,2022-05-21,2022,ARENA ANHEMBI,XAND AVIAO
857,Bullet Bane,2022-05-21,2022,FABRIQUE CLUB,BULLET BANE
858,NATTAN,2022-05-21,2022,ARENA ANHEMBI,NATTAN
859,Deserdados,2022-05-21,2022,FENDA 315,DESERDADOS
860,Zé Vaqueiro,2022-05-21,2022,ARENA ANHEMBI,ZE VAQUEIRO
861,Subalternos,2022-05-21,2022,FENDA 315,SUBALTERNOS
862,Mute,2022-05-21,2022,ROCK TOGETHER STUDIO,MUTE
863,Criolo,2022-05-21,2022,ESPACO UNIMED,CRIOLO
864,almost monday,2022-05-21,2022,CINE JOIA,ALMOST MONDAY
865,Academia da Berlinda,2022-05-22,2022,SESC POMPEIA,ACADEMIA DA BERLINDA
866,Marc Martel,2022-05-22,2022,ESPACO UNIMED,MARC MARTEL
867,Tasha & Tracie,2022-05-22,2022,CASA NATURA MUSICAL,TASHA & TRACIE
868,Kiko Dinucci,2022-05-23,2022,CENTRO DA TERRA,KIKO DINUCCI
870,Os Paralamas do Sucesso,2022-05-23,2022,FAUSTAO NA BAND,OS PARALAMAS DO SUCESSO
871,Noturnall,2022-05-23,2022,ESTUDIO SHOWLIVRE,NOTURNALL
872,Masego,2022-05-25,2022,AUDIO,MASEGO
873,Bala Desejo,2022-05-25,2022,HEAVY HOUSE,BALA DESEJO
874,Kamasi Washington,2022-05-25,2022,AUDIO,KAMASI WASHINGTON
875,Bala Desejo,2022-05-26,2022,CASA NATURA MUSICAL,BALA DESEJO
876,Jão,2022-05-27,2022,ESPACO UNIMED,JAO
877,Maria Rita,2022-05-27,2022,BLUE NOTE SAO PAULO,MARIA RITA
878,Ira!,2022-05-28,2022,ANHEMBI,IRA!
879,Dire Straits Legacy,2022-05-28,2022,ANHEMBI,DIRE STRAITS LEGACY
880,Dfideliz,2022-05-28,2022,AV. LUIZ GUSHIKEN,DFIDELIZ
881,Arlindinho,2022-05-28,2022,PRACA BRASIL,ARLINDINHO
882,Vitão,2022-05-28,2022,PRACA DO CAMPO LIMPO,VITAO
883,Margareth Menezes,2022-05-28,2022,VALE DO ANHANGABAU,MARGARETH MENEZES
884,Pitty,2022-05-28,2022,ARENA ANHEMBI,PITTY
885,Plebe Rude,2022-05-28,2022,ARENA ANHEMBI,PLEBE RUDE
886,Louis Tomlinson,2022-05-28,2022,ESPACO UNIMED,LOUIS TOMLINSON
887,Don L,2022-05-28,2022,VALE DO ANHANGABAU,DON L
888,Originários Originais,2022-05-28,2022,VALE DO ANHANGABAU,ORIGINARIOS ORIGINAIS
889,Marcos & Belutti,2022-05-28,2022,SAO PAULO EXPO,MARCOS & BELUTTI
890,Péricles,2022-05-28,2022,AV. MIGUEL CONEJO,PERICLES
891,Cólera,2022-05-28,2022,CASA DE CULTURA DO BUTANTA,COLERA
892,Rashid,2022-05-28,2022,AV. LUIZ GUSHIKEN,RASHID
893,Kevinho,2022-05-28,2022,VALE DO ANHANGABAU,KEVINHO
894,Black Alien,2022-05-28,2022,CENTRO DE FORMACAO CULTURAL CIDADE TIRADENTES,BLACK ALIEN
895,Thaeme & Thiago,2022-05-28,2022,PRACA DO CAMPO LIMPO,THAEME & THIAGO
896,Karol Conká,2022-05-28,2022,CENTRO DE FORMACAO CULTURAL CIDADE TIRADENTES,KAROL CONKA
897,Turma do Pagode,2022-05-28,2022,SAO PAULO EXPO,TURMA DO PAGODE
898,Cordel do Fogo Encantado,2022-05-28,2022,AV. ELISEU DE ALMEIDA,CORDEL DO FOGO ENCANTADO
899,BLITZ,2022-05-28,2022,TEATRO BRADESCO,BLITZ
900,Sun Room,2022-05-28,2022,ESPACO UNIMED,SUN ROOM
901,As Mercenárias,2022-05-28,2022,CASA DE CULTURA DO BUTANTA,AS MERCENARIAS
902,Inocentes,2022-05-28,2022,CASA DE CULTURA DO BUTANTA,INOCENTES
903,Arnaldo Antunes,2022-05-28,2022,AV. ELISEU DE ALMEIDA,ARNALDO ANTUNES
904,Jorge Aragão,2022-05-28,2022,AV. LUIZ DUMONT VILLARES,JORGE ARAGAO
905,Potyguara Bardo,2022-05-28,2022,CENTRO CULTURAL TENDAL DA LAPA,POTYGUARA BARDO
906,Mumuzinho,2022-05-28,2022,AV. LUIZ GUSHIKEN,MUMUZINHO
907,Rael,2022-05-28,2022,PRACA BRASIL,RAEL
908,Catto,2022-05-28,2022,CENTRO CULTURAL SAO PAULO,CATTO
909,Xande de Pilares,2022-05-28,2022,PRACA DO CAMPO LIMPO,XANDE DE PILARES
910,Vitor Kley,2022-05-28,2022,VALE DO ANHANGABAU,VITOR KLEY
911,Lauana Prado,2022-05-28,2022,PRACA BRASIL,LAUANA PRADO
912,Zizi Possi,2022-05-28,2022,SESC POMPEIA,ZIZI POSSI
913,Capital Inicial,2022-05-28,2022,ARENA ANHEMBI,CAPITAL INICIAL
914,Sidney Magal,2022-05-28,2022,AV. LUIZ DUMONT VILLARES,SIDNEY MAGAL
915,Maria Rita,2022-05-28,2022,BLUE NOTE SAO PAULO,MARIA RITA
916,Biquini,2022-05-28,2022,ARENA ANHEMBI,BIQUINI
917,Mariana Aydar,2022-05-28,2022,PARQUE VILLA-LOBOS,MARIANA AYDAR
918,Marina Lima,2022-05-28,2022,SESC POMPEIA,MARINA LIMA
919,Nando Reis,2022-05-28,2022,ARENA ANHEMBI,NANDO REIS
920,Gloria Groove,2022-05-28,2022,PRACA BRASIL,GLORIA GROOVE
921,Criolo,2022-05-28,2022,AV. LUIZ DUMONT VILLARES,CRIOLO
922,Tribo de Jah,2022-05-28,2022,AV. DEPUTADO DR. JOSE ARISTODEMO PINOTTI,TRIBO DE JAH
923,Crypta,2022-05-29,2022,CARIOCA CLUB,CRYPTA
924,POCAH,2022-05-29,2022,PRACA BRASIL,POCAH
925,Vazio,2022-05-29,2022,CARIOCA CLUB,VAZIO
926,NervoChaos,2022-05-29,2022,CARIOCA CLUB,NERVOCHAOS
927,Cerberus Attack,2022-05-29,2022,CARIOCA CLUB,CERBERUS ATTACK
928,Rincon Sapiência,2022-05-29,2022,AV. MIGUEL CONEJO,RINCON SAPIENCIA
929,Kevin o Chris,2022-05-29,2022,AV. LUIZ DUMONT VILLARES,KEVIN O CHRIS
930,Ratos de Porão,2022-05-29,2022,CARIOCA CLUB,RATOS DE PORAO
931,Bicho de Pé,2022-05-29,2022,AV. LUIZ GUSHIKEN,BICHO DE PE
932,Krisiun,2022-05-29,2022,CARIOCA CLUB,KRISIUN
933,Luísa Sonza,2022-05-29,2022,VALE DO ANHANGABAU,LUISA SONZA
934,Plutão Já Foi Planeta,2022-05-29,2022,CASA DE CULTURA DO BUTANTA,PLUTAO JA FOI PLANETA
935,Juçara Marçal,2022-05-29,2022,VALE DO ANHANGABAU,JUCARA MARCAL
936,Jaloo,2022-05-29,2022,AV. LUIZ DUMONT VILLARES,JALOO
937,Majur,2022-05-29,2022,VALE DO ANHANGABAU,MAJUR
938,Samprazer,2022-05-29,2022,CENTRO DE FORMACAO CULTURAL CIDADE TIRADENTES,SAMPRAZER
939,Fresno,2022-05-29,2022,AV. ELISEU DE ALMEIDA,FRESNO
940,Maria Rita,2022-05-29,2022,BLUE NOTE SAO PAULO,MARIA RITA
941,Ave Sangria,2022-05-29,2022,CASA DE CULTURA DO BUTANTA,AVE SANGRIA
942,Maglore,2022-05-29,2022,CASA DE CULTURA DO BUTANTA,MAGLORE
943,Zizi Possi,2022-05-29,2022,SESC POMPEIA,ZIZI POSSI
944,Djonga,2022-05-29,2022,PRACA BRASIL,DJONGA
945,LUDMILLA,2022-05-29,2022,AV. MIGUEL CONEJO,LUDMILLA
946,ÀTTØØXXÁ,2022-05-29,2022,CENTRO DE FORMACAO CULTURAL CIDADE TIRADENTES,ATTØØXXA
947,Céu,2022-05-29,2022,AV. ELISEU DE ALMEIDA,CEU
948,Neguinho da Beija Flor,2022-05-29,2022,AV. LUIZ DUMONT VILLARES,NEGUINHO DA BEIJA FLOR
949,Belphegor,2022-05-29,2022,CARIOCA CLUB,BELPHEGOR
950,MC Soffia,2022-05-29,2022,CENTRO CULTURAL GRAJAU,MC SOFFIA
951,Cavetown,2022-05-29,2022,CINE JOIA,CAVETOWN
952,Pitty,2022-05-29,2022,AV. ELISEU DE ALMEIDA,PITTY
953,Maneva,2022-05-29,2022,AV. DEPUTADO DR. JOSE ARISTODEMO PINOTTI,MANEVA
954,Steel Pulse,2022-05-29,2022,ESPACO LESTE,STEEL PULSE
955,Getúlio Abelha,2022-05-29,2022,VIRADA CULTURAL,GETULIO ABELHA
956,Tássia Reis,2022-05-29,2022,VALE DO ANHANGABAU,TASSIA REIS
957,Tasha & Tracie,2022-05-29,2022,CENTRO DE FORMACAO CULTURAL CIDADE TIRADENTES,TASHA & TRACIE
958,Diogo Nogueira,2022-05-29,2022,AV. MIGUEL CONEJO,DIOGO NOGUEIRA
959,Letrux,2022-05-29,2022,CENTRO CULTURAL TENDAL DA LAPA,LETRUX
960,Ferrugem,2022-05-29,2022,PRACA BRASIL,FERRUGEM
961,Sandra de Sá,2022-05-29,2022,SESC POMPEIA,SANDRA DE SA
962,Filipe Ret,2022-05-29,2022,AV. LUIZ DUMONT VILLARES,FILIPE RET
963,Supla,2022-05-29,2022,CENTRO CULTURAL TENDAL DA LAPA,SUPLA
964,Far from Alaska,2022-05-29,2022,AV. ELISEU DE ALMEIDA,FAR FROM ALASKA
965,Don Juan,2022-05-29,2022,AV. LUIZ GUSHIKEN,DON JUAN
966,Drik Barbosa,2022-05-29,2022,PRACA BRASIL,DRIK BARBOSA
967,Louis Tomlinson,2022-05-29,2022,ESPACO UNIMED,LOUIS TOMLINSON
968,Os Barões da Pisadinha,2022-05-29,2022,AV. DEPUTADO DR. JOSE ARISTODEMO PINOTTI,OS BAROES DA PISADINHA
969,Edson Gomes,2022-05-29,2022,ESPACO LESTE,EDSON GOMES
970,Luedji Luna,2022-05-29,2022,PRACA DO CAMPO LIMPO,LUEDJI LUNA
971,Frank Aguiar,2022-05-29,2022,AV. DEPUTADO DR. JOSE ARISTODEMO PINOTTI,FRANK AGUIAR
972,Planet Hemp,2022-05-29,2022,VALE DO ANHANGABAU,PLANET HEMP
973,Adão Negro,2022-05-29,2022,ESPACO LESTE,ADAO NEGRO
974,Edgar,2022-05-29,2022,VALE DO ANHANGABAU,EDGAR
975,Groundation,2022-05-29,2022,ESPACO LESTE,GROUNDATION
976,MC Hariel,2022-05-29,2022,AV. DEPUTADO DR. JOSE ARISTODEMO PINOTTI,MC HARIEL
977,Mato Seco,2022-05-29,2022,ESPACO LESTE,MATO SECO
978,Maskavo,2022-05-29,2022,ESPACO LESTE,MASKAVO
979,Sun Room,2022-05-29,2022,ESPACO UNIMED,SUN ROOM
980,Ponto de Equilíbrio,2022-05-29,2022,ESPACO LESTE,PONTO DE EQUILIBRIO
981,Cidade Verde Sounds,2022-05-29,2022,ESPACO LESTE,CIDADE VERDE SOUNDS
982,Planta & Raiz,2022-05-29,2022,ESPACO LESTE,PLANTA & RAIZ
983,Cavetown,2022-05-30,2022,CINE JOIA,CAVETOWN
984,Céu,2022-06-01,2022,ESPACO UNIMED,CEU
985,Joss Stone,2022-06-01,2022,ESPACO UNIMED,JOSS STONE
986,Tagua Tagua,2022-06-02,2022,SESC POMPEIA,TAGUA TAGUA
987,Curved Air,2022-06-02,2022,ESPACO UNIMED,CURVED AIR
988,Renaissance,2022-06-02,2022,ESPACO UNIMED,RENAISSANCE
989,Tatá Aeroplano,2022-06-02,2022,PICLES CARDEAL,TATA AEROPLANO
990,Amen Jr,2022-06-03,2022,CASA ROCKAMBOLE,AMEN JR
991,Violeta de Outono,2022-06-03,2022,SESC BELENZINHO,VIOLETA DE OUTONO
992,Falsa Luz,2022-06-03,2022,RUA FIDALGA 642,FALSA LUZ
993,Metá Metá,2022-06-04,2022,STUDIO SP,META META
994,Andralls,2022-06-04,2022,FABRIQUE CLUB,ANDRALLS
995,Gangrena Gasosa,2022-06-04,2022,FABRIQUE CLUB,GANGRENA GASOSA
996,Cemitério,2022-06-04,2022,FABRIQUE CLUB,CEMITERIO
997,Djavan,2022-06-04,2022,ESPACO UNIMED,DJAVAN
998,Luísa Sonza,2022-06-04,2022,PARQUE DO IBIRAPUERA,LUISA SONZA
999,Fresno,2022-06-04,2022,AUDIO,FRESNO
1000,Manger Cadavre?,2022-06-04,2022,FABRIQUE CLUB,MANGER CADAVRE?
1001,Xênia França,2022-06-05,2022,TEATRO SESC POMPEIA,XENIA FRANCA
1002,Kaê Guajajara + Bia Ferreira,2022-06-05,2022,CASA NATURA MUSICAL,KAE GUAJAJARA + BIA FERREIRA
1003,Fresno,2022-06-05,2022,AUDIO,FRESNO
1004,LANY,2022-06-07,2022,CINE JOIA,LANY
1005,Hiromi,2022-06-08,2022,TEATRO RENAULT,HIROMI
1006,DJ Marky,2022-06-09,2022,FABRICA DE POSTES,DJ MARKY
1007,Vintage Culture,2022-06-09,2022,FABRICA DE POSTES,VINTAGE CULTURE
1008,ANAVITÓRIA,2022-06-09,2022,ESPACO UNIMED,ANAVITORIA
1009,Foojammers,2022-06-10,2022,WILLI WILLIE BAR E ARQUERIA,FOOJAMMERS
1010,Nando Reis,2022-06-10,2022,VIBRA SAO PAULO,NANDO REIS
1011,Axty,2022-06-10,2022,HANGAR 110,AXTY
1012,Di Ferrero,2022-06-10,2022,CINE JOIA,DI FERRERO
1013,Children of the Beast,2022-06-11,2022,MANIFESTO BAR,CHILDREN OF THE BEAST
1014,hoovaranas,2022-06-11,2022,CLUBE 68A,HOOVARANAS
1015,Garotas Suecas,2022-06-11,2022,SESC BELENZINHO,GAROTAS SUECAS
1016,Enorion,2022-06-11,2022,MANIFESTO BAR,ENORION
1017,Gloria Groove,2022-06-12,2022,SAO PAULO,GLORIA GROOVE
1018,Mônica Salmaso,2022-06-12,2022,SESC PINHEIROS,MONICA SALMASO
1019,Pitty,2022-06-14,2022,ALTAS HORAS,PITTY
1020,Armandinho,2022-06-15,2022,ESPACO UNIMED,ARMANDINHO
1022,Daniela Mercury,2022-06-16,2022,ARENA ANHEMBI,DANIELA MERCURY
1023,Ivete Sangalo,2022-06-16,2022,ARENA ANHEMBI,IVETE SANGALO
1024,Luísa Sonza,2022-06-16,2022,ARENA ANHEMBI,LUISA SONZA
1025,Karol Conká,2022-06-17,2022,SAMBODROMO DO ANHEMBI,KAROL CONKA
1026,LUDMILLA,2022-06-17,2022,ARENA ANHEMBI,LUDMILLA
1027,Ajuliacosta,2022-06-17,2022,SAMBODROMO DO ANHEMBI,AJULIACOSTA
1028,Gloria Groove,2022-06-17,2022,ARENA ANHEMBI,GLORIA GROOVE
1029,Pabllo Vittar,2022-06-17,2022,ARENA ANHEMBI,PABLLO VITTAR
1030,Tasha & Tracie,2022-06-17,2022,SESC POMPEIA,TASHA & TRACIE
1031,Jaeder Menossi,2022-06-17,2022,LA IGLESIA BORRATXERIA,JAEDER MENOSSI
1032,Aretuza Lovi,2022-06-17,2022,ROSAS DE OURO,ARETUZA LOVI
1033,Playboi Carti,2022-06-17,2022,SAMBODROMO DO ANHEMBI,PLAYBOI CARTI
1034,Destroy Lonely,2022-06-17,2022,SAMBODROMO DO ANHEMBI,DESTROY LONELY
1035,Tuyo,2022-06-17,2022,CASA DE CULTURA DO BUTANTA,TUYO
1036,The Giant Void,2022-06-17,2022,LA IGLESIA BORRATXERIA,THE GIANT VOID
1037,SoFaygo,2022-06-17,2022,SAMBODROMO DO ANHEMBI,SOFAYGO
1038,Babado Novo,2022-06-17,2022,ARENA ANHEMBI,BABADO NOVO
1039,Ken Carson,2022-06-17,2022,SAMBODROMO DO ANHEMBI,KEN CARSON
1040,Veigh,2022-06-17,2022,SAMBODROMO DO ANHEMBI,VEIGH
1041,Brisa Flow,2022-06-17,2022,CENTRO CULTURAL SAO PAULO,BRISA FLOW
1042,KA$HDAMI,2022-06-17,2022,SAMBODROMO DO ANHEMBI,KA$HDAMI
1043,Tim Bernardes,2022-06-18,2022,CULTURA LIVRE,TIM BERNARDES
1044,G4 Boyz,2022-06-18,2022,SAMBODROMO DO ANHEMBI,G4 BOYZ
1045,DaniLeigh,2022-06-18,2022,SAMBODROMO DO ANHEMBI,DANILEIGH
1046,Pi’erre Bourne,2022-06-18,2022,SAMBODROMO DO ANHEMBI,PI'ERRE BOURNE
1047,Danny Bond,2022-06-18,2022,ARENA ANHEMBI,DANNY BOND
1048,BK,2022-06-18,2022,SAMBODROMO DO ANHEMBI,BK
1049,Alexandre Pires & Seu Jorge,2022-06-18,2022,VIBRA SAO PAULO,ALEXANDRE PIRES & SEU JORGE
1050,É o Tchan,2022-06-18,2022,ARENA ANHEMBI,E O TCHAN
1051,Pepita,2022-06-18,2022,ARENA ANHEMBI,PEPITA
1052,Claudia Leitte,2022-06-18,2022,ARENA ANHEMBI,CLAUDIA LEITTE
1053,Lia Clark,2022-06-18,2022,ARENA ANHEMBI,LIA CLARK
1054,Jup do Bairro,2022-06-18,2022,SESC POMPEIA,JUP DO BAIRRO
1055,Recayd Mob,2022-06-18,2022,SAMBODROMO DO ANHEMBI,RECAYD MOB
1056,Djonga,2022-06-18,2022,SAMBODROMO DO ANHEMBI,DJONGA
1057,Anum Preto,2022-06-18,2022,MADAME CLUB,ANUM PRETO
1058,Selofan,2022-06-18,2022,MADAME CLUB,SELOFAN
1059,Plastique Noir,2022-06-18,2022,MADAME CLUB,PLASTIQUE NOIR
1060,Drik Barbosa,2022-06-18,2022,SAMBODROMO DO ANHEMBI,DRIK BARBOSA
1061,Yunk Vino,2022-06-18,2022,SAMBODROMO DO ANHEMBI,YUNK VINO
1062,Chitãozinho & Xororó,2022-06-18,2022,CLUBE ATLETICO JUVENTUS,CHITAOZINHO & XORORO
1063,Sidoka,2022-06-18,2022,SAMBODROMO DO ANHEMBI,SIDOKA
1064,Febem,2022-06-18,2022,SAMBODROMO DO ANHEMBI,FEBEM
1065,Filipe Ret,2022-06-18,2022,SAMBODROMO DO ANHEMBI,FILIPE RET
1066,Alinne Rosa,2022-06-18,2022,ARENA ANHEMBI,ALINNE ROSA
1067,SahBabii,2022-06-19,2022,ARENA ANHEMBI,SAHBABII
1068,MD Chefe ft. DomLaike,2022-06-19,2022,SAMBODROMO DO ANHEMBI,MD CHEFE FT. DOMLAIKE
1069,slipmami,2022-06-19,2022,SAMBODROMO DO ANHEMBI,SLIPMAMI
1070,Kyan,2022-06-19,2022,SAMBODROMO DO ANHEMBI,KYAN
1071,POCAH,2022-06-19,2022,RUA AUGUSTA,POCAH
1072,Bktherula,2022-06-19,2022,SAMBODROMO DO ANHEMBI,BKTHERULA
1073,Luísa Sonza,2022-06-19,2022,AVENIDA PAULISTA,LUISA SONZA
1074,MARO,2022-06-19,2022,SALA SAO PAULO,MARO
1075,Lexa,2022-06-19,2022,AVENIDA PAULISTA,LEXA
1076,Pepita,2022-06-19,2022,AVENIDA PAULISTA,PEPITA
1077,Angra,2022-06-19,2022,ESPACO LESTE,ANGRA
1078,Trippie Redd,2022-06-19,2022,SAMBODROMO DO ANHEMBI,TRIPPIE REDD
1079,Garage Fuzz,2022-06-19,2022,HANGAR 110,GARAGE FUZZ
1080,Jojo Maronttinni,2022-06-19,2022,AVENIDA PAULISTA,JOJO MARONTTINNI
1081,Aretuza Lovi,2022-06-19,2022,AVENIDA PAULISTA,ARETUZA LOVI
1082,Pabllo Vittar,2022-06-19,2022,AVENIDA PAULISTA,PABLLO VITTAR
1083,Raffa Moreira,2022-06-19,2022,SAMBODROMO DO ANHEMBI,RAFFA MOREIRA
1084,Ebony,2022-06-19,2022,SAMBODROMO DO ANHEMBI,EBONY
1085,Tasha & Tracie,2022-06-19,2022,SAMBODROMO DO ANHEMBI,TASHA & TRACIE
1086,Orochi,2022-06-19,2022,SAMBODROMO DO ANHEMBI,OROCHI
1087,MC Dricka,2022-06-19,2022,SAMBODROMO DO ANHEMBI,MC DRICKA
1088,Racionais MC’s,2022-06-19,2022,SAMBODROMO DO ANHEMBI,RACIONAIS MC'S
1089,Slayyyter,2022-06-19,2022,CINE JOIA,SLAYYYTER
1090,LUDMILLA,2022-06-19,2022,AVENIDA PAULISTA,LUDMILLA
1091,Hugin Munin,2022-06-19,2022,CARIOCA CLUB,HUGIN MUNIN
1092,Terra Celta,2022-06-19,2022,CARIOCA CLUB,TERRA CELTA
1093,Borges,2022-06-19,2022,SAMBODROMO DO ANHEMBI,BORGES
1094,N.I.N.A (Nina do Porte),2022-06-19,2022,SAMBODROMO DO ANHEMBI,N.I.N.A (NINA DO PORTE)
1095,Alexandre Pires & Seu Jorge,2022-06-19,2022,VIBRA SAO PAULO,ALEXANDRE PIRES & SEU JORGE
1096,Roupa Nova,2022-06-19,2022,CLUBE ATLETICO JUVENTUS,ROUPA NOVA
1097,Skalyface,2022-06-19,2022,ESPACO LESTE,SKALYFACE
1098,Corvus Corax,2022-06-19,2022,CARIOCA CLUB,CORVUS CORAX
1099,Liniker,2022-06-19,2022,AVENIDA PAULISTA,LINIKER
1100,Gretchen,2022-06-19,2022,AVENIDA PAULISTA,GRETCHEN
1101,Boom Boom Kid,2022-06-19,2022,HANGAR 110,BOOM BOOM KID
1102,João Bosco,2022-06-19,2022,ITAU CULTURAL,JOAO BOSCO
1103,Rogério Flausino,2022-06-22,2022,TOKIO MARINE HALL,ROGERIO FLAUSINO
1104,Vitor Kley,2022-06-22,2022,TOKIO MARINE HALL,VITOR KLEY
1105,Seu Jorge,2022-06-22,2022,TOKIO MARINE HALL,SEU JORGE
1106,Pixote,2022-06-22,2022,TOKIO MARINE HALL,PIXOTE
1107,Supla,2022-06-22,2022,TOKIO MARINE HALL,SUPLA
1108,Jão,2022-06-22,2022,TOKIO MARINE HALL,JAO
1109,Dinho Ouro Preto,2022-06-22,2022,TOKIO MARINE HALL,DINHO OURO PRETO
1110,Caetano Veloso,2022-06-24,2022,ESPACO UNIMED,CAETANO VELOSO
1111,Getúlio Abelha,2022-06-24,2022,CASA NATURA MUSICAL,GETULIO ABELHA
1112,Paulo Miklos,2022-06-24,2022,SESC PINHEIROS,PAULO MIKLOS
1113,Boyce Avenue,2022-06-24,2022,CARIOCA CLUB,BOYCE AVENUE
1114,Flora Matos,2022-06-24,2022,AUDIO,FLORA MATOS
1115,Hermeto Pascoal,2022-06-25,2022,PARQUE VILLA-LOBOS,HERMETO PASCOAL
1116,Pesta,2022-06-25,2022,LA IGLESIA BORRATXERIA,PESTA
1117,Paulo Ricardo,2022-06-25,2022,TEATRO BRADESCO,PAULO RICARDO
1118,Caetano Veloso,2022-06-25,2022,ESPACO UNIMED,CAETANO VELOSO
1119,Ultraje a rigor,2022-06-25,2022,PARQUE SAO JORGE,ULTRAJE A RIGOR
1120,Jean Tassy,2022-06-26,2022,CITY LIGHTS MUSIC HALL,JEAN TASSY
1121,Deb and The Mentals,2022-06-26,2022,CARIOCA CLUB,DEB AND THE MENTALS
1122,Scatolove,2022-06-26,2022,CARIOCA CLUB,SCATOLOVE
1123,Supercombo,2022-06-26,2022,CARIOCA CLUB,SUPERCOMBO
1124,Lucas Inutilismo,2022-06-26,2022,AUDIO,LUCAS INUTILISMO
1125,Douglas Germano,2022-06-27,2022,SESC CARMO,DOUGLAS GERMANO
1126,Jimmy Burns,2022-06-28,2022,QUINTAL DEBETTI,JIMMY BURNS
1127,Jão,2022-06-29,2022,DOMINGAO COM HUCK,JAO
1128,MC Tha,2022-06-30,2022,CINE JOIA,MC THA
1129,Autoramas,2022-06-30,2022,TEATRO SESC 24 DE MAIO,AUTORAMAS
1130,Karol Conká,2022-07-01,2022,FABRINKEDOS,KAROL CONKA
1131,Danny Bond,2022-07-01,2022,FABRINKEDOS,DANNY BOND
1132,Lia Clark,2022-07-01,2022,FABRINKEDOS,LIA CLARK
1133,POCAH,2022-07-01,2022,FABRINKEDOS,POCAH
1134,Aretuza Lovi,2022-07-01,2022,FABRINKEDOS,ARETUZA LOVI
1135,Jan Lisiecki,2022-07-01,2022,SALA SAO PAULO,JAN LISIECKI
1136,Wander Wildner,2022-07-01,2022,SESC BELENZINHO,WANDER WILDNER
1137,Terno Rei,2022-07-01,2022,SESC SANTO AMARO,TERNO REI
1138,Emicida,2022-07-02,2022,AUDITORIO IBIRAPUERA,EMICIDA
1139,Medjay,2022-07-02,2022,TOKIO MARINE HALL,MEDJAY
1140,DUDA BEAT,2022-07-02,2022,AUDITORIO IBIRAPUERA,DUDA BEAT
1141,Angra,2022-07-02,2022,TOKIO MARINE HALL,ANGRA
1142,Paulinho da Viola,2022-07-02,2022,AUDITORIO IBIRAPUERA,PAULINHO DA VIOLA
1143,Day Limns,2022-07-02,2022,CINE JOIA,DAY LIMNS
1144,Pepita,2022-07-02,2022,FABRINKEDOS,PEPITA
1145,Urias,2022-07-02,2022,FABRINKEDOS,URIAS
1146,Pabllo Vittar,2022-07-02,2022,FABRINKEDOS,PABLLO VITTAR
1147,Mateus Carrilho,2022-07-02,2022,FABRINKEDOS,MATEUS CARRILHO
1148,Lagum,2022-07-02,2022,AUDITORIO IBIRAPUERA,LAGUM
1149,Jota Quest,2022-07-02,2022,ESPACO UNIMED,JOTA QUEST
1150,Trend Kill Ghosts,2022-07-02,2022,MANIFESTO BAR,TREND KILL GHOSTS
1151,Tim “Ripper” Owens,2022-07-02,2022,MANIFESTO BAR,"TIM ""RIPPER"" OWENS"
1152,Marcos Valle,2022-07-02,2022,BLUE NOTE SAO PAULO,MARCOS VALLE
1154,Falsa Luz,2022-07-02,2022,JOAO RAMALHO 1494,FALSA LUZ
1155,Foojammers,2022-07-02,2022,CARDEAL PUB,FOOJAMMERS
1156,Terno Rei,2022-07-02,2022,SESC SANTO AMARO,TERNO REI
1157,Baco Exu do Blues,2022-07-03,2022,AUDITORIO IBIRAPUERA,BACO EXU DO BLUES
1158,Nando Reis,2022-07-03,2022,AUDITORIO IBIRAPUERA,NANDO REIS
1159,Luísa e os Alquimistas,2022-07-03,2022,AUDITORIO IBIRAPUERA,LUISA E OS ALQUIMISTAS
1160,Versus belli,2022-07-03,2022,AV. PAULISTA,VERSUS BELLI
1161,Mart’nália,2022-07-03,2022,AUDITORIO IBIRAPUERA,MART'NALIA
1162,Jimmy Burns,2022-07-03,2022,BOURBON STREET MUSIC CLUB,JIMMY BURNS
1163,Alceu Valença,2022-07-03,2022,AUDITORIO IBIRAPUERA,ALCEU VALENCA
1164,Boogarins,2022-07-03,2022,TEATRO FLAVIO IMPERIO,BOOGARINS
1165,Marina de La Riva,2022-07-03,2022,SESC PINHEIROS,MARINA DE LA RIVA
1166,BaianaSystem,2022-07-03,2022,AUDITORIO IBIRAPUERA,BAIANASYSTEM
1167,Crypta,2022-07-04,2022,LA IGLESIA BORRATXERIA,CRYPTA
1168,Skank,2022-07-04,2022,FAUSTAO NA BAND,SKANK
1169,Lucas Inutilismo,2022-07-08,2022,AUDIO,LUCAS INUTILISMO
1170,Zezé Di Camargo,2022-07-08,2022,VILA JK,ZEZE DI CAMARGO
1171,Luedji Luna,2022-07-08,2022,SESC SANTO AMARO,LUEDJI LUNA
1172,Carne Doce,2022-07-08,2022,SESC BELENZINHO,CARNE DOCE
1173,Melody,2022-07-08,2022,CLUB YACHT,MELODY
1174,I Don't Like Mondays.,2022-07-08,2022,ANHEMBI,I DON'T LIKE MONDAYS.
1175,Ricardo Cruz,2022-07-08,2022,PAVILHAO DE EXPOSICOES DO ANHEMBI,RICARDO CRUZ
1176,Pitty,2022-07-09,2022,AUDIO,PITTY
1177,Tom Zé,2022-07-09,2022,SESC VILA MARIANA,TOM ZE
1178,Senpai Old School,2022-07-09,2022,DISTRITO ANHEMBI,SENPAI OLD SCHOOL
1179,Jovem Dionisio,2022-07-09,2022,CINE JOIA,JOVEM DIONISIO
1180,Matsuko Mawatari,2022-07-09,2022,DISTRITO ANHEMBI,MATSUKO MAWATARI
1181,medicos cubanos,2022-07-09,2022,ESTUDIO AURORA,MEDICOS CUBANOS
1182,Mundo Livre S/A,2022-07-09,2022,SESC BOM RETIRO,MUNDO LIVRE S/A
1183,Crypta,2022-07-09,2022,CENTRO CULTURAL DA JUVENTUDE RUTH CARDOSO,CRYPTA
1184,YUYU20,2022-07-09,2022,DISTRITO ANHEMBI,YUYU20
1185,Letrux,2022-07-09,2022,SESC PINHEIROS,LETRUX
1186,DKZ,2022-07-09,2022,KOREAN CULTURAL CENTER,DKZ
1187,Supercombo,2022-07-09,2022,SESC SANTO AMARO,SUPERCOMBO
1188,Gaijin Sentai,2022-07-09,2022,DISTRITO ANHEMBI,GAIJIN SENTAI
1189,Bong Brigade,2022-07-09,2022,HANGAR 110,BONG BRIGADE
1190,Tuyo,2022-07-09,2022,CASA DE CULTURA MUNICIPAL DA VILA GUILHERME - CASARAO,TUYO
1191,Vitor Kley,2022-07-10,2022,CASA NATURA MUSICAL,VITOR KLEY
1192,Menores Atos,2022-07-10,2022,CASA DE CULTURA DO BUTANTA,MENORES ATOS
1193,Claudia Leitte,2022-07-10,2022,DOMINGAO COM HUCK,CLAUDIA LEITTE
1194,Dead Fish,2022-07-10,2022,CASA DE CULTURA DO BUTANTA,DEAD FISH
1196,Lenine,2022-07-10,2022,SESC BELENZINHO,LENINE
1197,Hateen,2022-07-10,2022,CASA DE CULTURA MUNICIPAL DA VILA GUILHERME - CASARAO,HATEEN
1199,Danger 3,2022-07-10,2022,ANHEMBI,DANGER 3
1200,Boogarins,2022-07-10,2022,CENTRO CULTURAL DA PENHA,BOOGARINS
1201,Ana Gabriela,2022-07-10,2022,CASA NATURA MUSICAL,ANA GABRIELA
1202,BABYBEARD,2022-07-10,2022,ANHEMBI,BABYBEARD
1203,Letrux,2022-07-10,2022,SESC PINHEIROS,LETRUX
1204,Tatá Aeroplano,2022-07-13,2022,SESC PINHEIROS,TATA AEROPLANO
1205,Angra,2022-07-13,2022,DAX ROOFTOP,ANGRA
1206,Margareth Menezes,2022-07-15,2022,SESC POMPEIA,MARGARETH MENEZES
1207,Amen Jr,2022-07-15,2022,CASA NATURA MUSICAL,AMEN JR
1208,Esteban Tavares,2022-07-15,2022,CASA NATURA MUSICAL,ESTEBAN TAVARES
1209,Cefa,2022-07-16,2022,CARIOCA CLUB,CEFA
1210,Angela Ro Ro,2022-07-16,2022,SESC BELENZINHO,ANGELA RO RO
1211,Jards Macalé,2022-07-16,2022,SESC BELENZINHO,JARDS MACALE
1212,Andru Donalds,2022-07-16,2022,BLUE NOTE SAO PAULO,ANDRU DONALDS
1213,Teco Martins,2022-07-16,2022,CARIOCA CLUB,TECO MARTINS
1214,Zander,2022-07-16,2022,FABRIQUE CLUB,ZANDER
1215,Detonautas Roque Clube,2022-07-17,2022,TOKIO MARINE HALL,DETONAUTAS ROQUE CLUBE
1216,Boogarins,2022-07-17,2022,CASA DE CULTURA CHICO SCIENCE,BOOGARINS
1217,The Joe Perry Project,2022-07-17,2022,AREA EXTERNA DO AUDITORIO IBIRAPUERA,THE JOE PERRY PROJECT
1218,Lan Lanh,2022-07-17,2022,AUDITORIO IBIRAPUERA,LAN LANH
1219,Raimundos,2022-07-17,2022,TOKIO MARINE HALL,RAIMUNDOS
1220,Yohan Kisser,2022-07-17,2022,AUDITORIO IBIRAPUERA,YOHAN KISSER
1221,a‐ha,2022-07-18,2022,ESPACO UNIMED,A-HA
1222,a‐ha,2022-07-19,2022,ESPACO UNIMED,A-HA
1224,Marcelo Jeneci,2022-07-21,2022,PARQUE DA AGUA BRANCA,MARCELO JENECI
1225,Marisa Monte,2022-07-21,2022,ESPACO UNIMED,MARISA MONTE
1226,Halleck,2022-07-22,2022,PORAO DA CERVEJA,HALLECK
1227,Erasmo Carlos,2022-07-22,2022,SESC PINHEIROS,ERASMO CARLOS
1228,Marisa Monte,2022-07-22,2022,ESPACO UNIMED,MARISA MONTE
1229,Decreto Lei 50,2022-07-22,2022,AUGUSTA 472 ROCK BAR,DECRETO LEI 50
1230,KARD,2022-07-22,2022,CARIOCA CLUB,KARD
1231,Don L,2022-07-22,2022,SESC SANTO AMARO,DON L
1232,FBC,2022-07-22,2022,SESC POMPEIA,FBC
1233,Jão,2022-07-22,2022,TEATRO BRADESCO,JAO
1234,Autoramas,2022-07-23,2022,SESC SANTO AMARO,AUTORAMAS
1235,FBC,2022-07-23,2022,SESC POMPEIA,FBC
1236,UrucumTrio,2022-07-23,2022,CARDEAL PUB,URUCUMTRIO
1237,Marisa Monte,2022-07-23,2022,ESPACO UNIMED,MARISA MONTE
1238,Rosa Tigre,2022-07-23,2022,HANGAR 110,ROSA TIGRE
1239,Subalternos,2022-07-23,2022,HANGAR 110,SUBALTERNOS
1240,Rodrigo Teaser,2022-07-23,2022,TOKIO MARINE HALL,RODRIGO TEASER
1241,Metade de Mim,2022-07-23,2022,FABRIQUE CLUB,METADE DE MIM
1242,Boogarins,2022-07-24,2022,CENTRO CULTURAL TENDAL DA LAPA,BOOGARINS
1243,Command6,2022-07-24,2022,LEGENDS MUSIC & BAR,COMMAND6
1244,Bullet Bane,2022-07-24,2022,ROCKFUN FEST,BULLET BANE
1245,Viper,2022-07-24,2022,ROCK FUN FEST,VIPER
1246,Black Pantera,2022-07-24,2022,CENTRO CULTURAL TENDAL DA LAPA,BLACK PANTERA
1247,Ratos de Porão,2022-07-24,2022,CASA DE CULTURA ITAIM PAULISTA,RATOS DE PORAO
1248,PEDRO SAMPAIO,2022-07-26,2022,VIBRA SAO PAULO,PEDRO SAMPAIO
1249,LUDMILLA,2022-07-26,2022,VIBRA SAO PAULO,LUDMILLA
1250,Matuê,2022-07-26,2022,VIBRA SAO PAULO,MATUE
1251,Luísa Sonza,2022-07-26,2022,VIBRA SAO PAULO,LUISA SONZA
1252,Xamã,2022-07-26,2022,VIBRA SAO PAULO,XAMA
1253,Zakes Bantwini,2022-07-26,2022,VIBRA SAO PAULO,ZAKES BANTWINI
1254,Jão,2022-07-26,2022,VIBRA SAO PAULO,JAO
1255,Skank,2022-07-26,2022,VIBRA SAO PAULO,SKANK
1256,Marisa Monte,2022-07-28,2022,ESPACO UNIMED,MARISA MONTE
1257,Bebé Salvego,2022-07-28,2022,SESC POMPEIA,BEBE SALVEGO
1258,Sophia Chablau e Uma Enorme Perda de Tempo,2022-07-29,2022,SESC AVENIDA PAULISTA,SOPHIA CHABLAU E UMA ENORME PERDA DE TEMPO
1259,Nirvana Experience (ex-Hormoaning),2022-07-29,2022,ALTAS HORAS ROCK BAR,NIRVANA EXPERIENCE (EX-HORMOANING)
1260,Marisa Monte,2022-07-29,2022,ESPACO UNIMED,MARISA MONTE
1261,14 Bis,2022-07-29,2022,BLUE NOTE SAO PAULO,14 BIS
1262,UrucumTrio,2022-07-29,2022,CAVEPOOL,URUCUMTRIO
1263,Trend Kill Ghosts,2022-07-30,2022,TOKIO MARINE HALL,TREND KILL GHOSTS
1264,Symphony X,2022-07-30,2022,TOKIO MARINE HALL,SYMPHONY X
1265,Marcão Britto & Thiago Castanho Charlie Brown Jr.,2022-07-30,2022,VIBRA SAO PAULO,MARCAO BRITTO & THIAGO CASTANHO CHARLIE BROWN JR.
1266,DENNIS,2022-07-30,2022,ESTADIO DO CANINDE,DENNIS
1267,Tuyo,2022-07-30,2022,SESC SANTO AMARO,TUYO
1268,Allen Key,2022-07-31,2022,AUDIO,ALLEN KEY
1269,Shaman,2022-07-31,2022,AUDIO,SHAMAN
1270,UrucumTrio,2022-08-04,2022,ESTUDIO CASA AZUL,URUCUMTRIO
1271,Foojammers,2022-08-04,2022,CARDEAL PUB,FOOJAMMERS
1272,Bruno Berle,2022-08-04,2022,STUDIO SP,BRUNO BERLE
1273,Sepultura,2022-08-05,2022,SESC POMPEIA,SEPULTURA
1274,Blues Etílicos,2022-08-05,2022,SESC BELENZINHO,BLUES ETILICOS
1275,Espacialrias,2022-08-05,2022,PORAO DA CERVEJA,ESPACIALRIAS
1276,Emicida,2022-08-05,2022,SESC VILA MARIANA,EMICIDA
1277,Adriana Calcanhotto,2022-08-05,2022,SESC BELENZINHO,ADRIANA CALCANHOTTO
1278,Cachorro Grande,2022-08-05,2022,CINE JOIA,CACHORRO GRANDE
1279,Guilherme Arantes,2022-08-05,2022,TOKIO MARINE HALL,GUILHERME ARANTES
1280,Delta Sleep,2022-08-06,2022,JAI CLUB,DELTA SLEEP
1281,Tortuganónima,2022-08-06,2022,JAI CLUB,TORTUGANONIMA
1282,Sepultura,2022-08-06,2022,SESC POMPEIA,SEPULTURA
1283,Emicida,2022-08-06,2022,SESC VILA MARIANA,EMICIDA
1284,medicos cubanos,2022-08-06,2022,A GRUTA BAR,MEDICOS CUBANOS
1285,Adriana Calcanhotto,2022-08-06,2022,SESC BELENZINHO,ADRIANA CALCANHOTTO
1286,Marina Sena,2022-08-06,2022,AUDIO,MARINA SENA
1287,Blues Etílicos,2022-08-06,2022,SESC BELENZINHO,BLUES ETILICOS
1288,Odradek,2022-08-06,2022,JAI CLUB,ODRADEK
1289,Sinaya,2022-08-07,2022,AUDIO,SINAYA
1290,Os Brutus,2022-08-07,2022,TARANTINO CERVEJARIA,OS BRUTUS
1291,Rosa Tigre,2022-08-07,2022,TARANTINO CERVEJARIA,ROSA TIGRE
1292,Gritando HC,2022-08-07,2022,TARANTINO CERVEJARIA,GRITANDO HC
1293,Manu Gavassi,2022-08-07,2022,ESPACO UNIMED,MANU GAVASSI
1294,Cólera,2022-08-07,2022,TARANTINO CERVEJARIA,COLERA
1295,Palavra Cantada,2022-08-07,2022,TOKIO MARINE HALL,PALAVRA CANTADA
1296,Krisiun,2022-08-07,2022,AUDIO,KRISIUN
1297,Max & Iggor Cavalera,2022-08-07,2022,AUDIO,MAX & IGGOR CAVALERA
1298,Kisser Clan,2022-08-07,2022,AUDITORIO IBIRAPUERA,KISSER CLAN
1299,Maurício Pereira,2022-08-07,2022,TEATRO SERGIO CARDOSO,MAURICIO PEREIRA
1300,Emicida,2022-08-07,2022,SESC VILA MARIANA,EMICIDA
1301,Adriana Calcanhotto,2022-08-07,2022,SESC BELENZINHO,ADRIANA CALCANHOTTO
1302,Ash Code,2022-08-07,2022,FOFINHO ROCK CLUB,ASH CODE
1303,Não Há Mais Volta,2022-08-07,2022,TARANTINO CERVEJARIA,NAO HA MAIS VOLTA
1304,Ira!,2022-08-07,2022,CARIOCA CLUB,IRA!
1305,Seafret,2022-08-08,2022,FABRIQUE CLUB,SEAFRET
1308,Leonardo Gonçalves,2022-08-10,2022,TEATRO BRADESCO,LEONARDO GONCALVES
1309,Lost in Society,2022-08-10,2022,FFFRONT,LOST IN SOCIETY
1310,IMPAVID COLOSSUS,2022-08-10,2022,FFFRONT,IMPAVID COLOSSUS
1311,Tyrone Vaughan,2022-08-11,2022,BOURBON STREET MUSIC CLUB,TYRONE VAUGHAN
1312,Chico César & Geraldo Azevedo,2022-08-11,2022,SESC BELENZINHO,CHICO CESAR & GERALDO AZEVEDO
1313,Bala Desejo,2022-08-12,2022,SESC POMPEIA,BALA DESEJO
1314,Getúlio Abelha,2022-08-12,2022,MUNDO PENSANTE,GETULIO ABELHA
1315,Espacialrias,2022-08-12,2022,DEPOIS DO FIM DO MUNDO ESTUDIO,ESPACIALRIAS
1316,Céu,2022-08-12,2022,SESC VILA MARIANA,CEU
1317,Chico César & Geraldo Azevedo,2022-08-12,2022,SESC BELENZINHO,CHICO CESAR & GERALDO AZEVEDO
1318,PRISCILLA,2022-08-12,2022,AUDIO,PRISCILLA
1319,Atalhos,2022-08-12,2022,SESC SANTO AMARO,ATALHOS
1320,Filarmônica de Pasárgada,2022-08-12,2022,TEATRO SESC POMPEIA,FILARMONICA DE PASARGADA
1321,Innabrain,2022-08-13,2022,CASA DE CULTURA SAO RAFAEL,INNABRAIN
1322,Potyguara Bardo,2022-08-13,2022,AUDIO,POTYGUARA BARDO
1323,Arrigo Barnabé,2022-08-13,2022,TEATRO SESC POMPEIA,ARRIGO BARNABE
1324,MCND,2022-08-13,2022,CARIOCA CLUB,MCND
1325,Lobão,2022-08-13,2022,TEATRO BRADESCO,LOBAO
1326,UrucumTrio,2022-08-13,2022,ESTUDIO PIRATA 63,URUCUMTRIO
1327,Chico César & Geraldo Azevedo,2022-08-13,2022,SESC BELENZINHO,CHICO CESAR & GERALDO AZEVEDO
1328,Kisser Clan,2022-08-13,2022,SESC SANTO AMARO,KISSER CLAN
1329,Sons of Apollo,2022-08-13,2022,TOKIO MARINE HALL,SONS OF APOLLO
1330,Jão,2022-08-14,2022,ESPACO UNIMED,JAO
1331,Tim Bernardes,2022-08-16,2022,BLUE NOTE SAO PAULO,TIM BERNARDES
1332,Chico César,2022-08-16,2022,BLUE NOTE SAO PAULO,CHICO CESAR
1333,Sampa the Great,2022-08-17,2022,AUDIO,SAMPA THE GREAT
1334,Cascadura,2022-08-18,2022,CASA ROCKAMBOLE,CASCADURA
1335,Sandy,2022-08-18,2022,ESPACO UNIMED,SANDY
1336,Anitta,2022-08-19,2022,NEO QUIMICA ARENA,ANITTA
1337,Sandy,2022-08-19,2022,ESPACO UNIMED,SANDY
1338,Paula Toller,2022-08-19,2022,TOKIO MARINE HALL,PAULA TOLLER
1339,Jup do Bairro,2022-08-19,2022,CINE JOIA,JUP DO BAIRRO
1340,Papatinho,2022-08-19,2022,NEO QUIMICA ARENA,PAPATINHO
1341,Di Melo,2022-08-19,2022,SESC IPIRANGA,DI MELO
1342,Golpe de Estado,2022-08-19,2022,SESC SANTO AMARO,GOLPE DE ESTADO
1343,Linn da Quebrada,2022-08-19,2022,CINE JOIA,LINN DA QUEBRADA
1344,BRAZA,2022-08-19,2022,CASA NATURA MUSICAL,BRAZA
1345,Gloria Groove,2022-08-19,2022,NEO QUIMICA ARENA,GLORIA GROOVE
1346,Foojammers,2022-08-19,2022,PRESLEY PUB,FOOJAMMERS
1347,Joelma,2022-08-19,2022,FAUSTAO NA BAND,JOELMA
1348,LUDMILLA,2022-08-20,2022,DISTRITO ANHEMBI,LUDMILLA
1349,BRAZA,2022-08-20,2022,CASA NATURA MUSICAL,BRAZA
1350,Paula Toller,2022-08-20,2022,TOKIO MARINE HALL,PAULA TOLLER
1351,Zimbra,2022-08-20,2022,OSAKA NANIWA KAI,ZIMBRA
1352,PEDRO SAMPAIO,2022-08-20,2022,DISTRITO ANHEMBI,PEDRO SAMPAIO
1353,Xand Avião,2022-08-20,2022,DISTRITO ANHEMBI,XAND AVIAO
1354,Jorge & Mateus,2022-08-20,2022,DISTRITO ANHEMBI,JORGE & MATEUS
1355,Wander Wildner,2022-08-20,2022,SESC SANTO AMARO,WANDER WILDNER
1356,Gustavo Mioto,2022-08-20,2022,DISTRITO ANHEMBI,GUSTAVO MIOTO
1357,Forgotten Boys,2022-08-20,2022,ASSOCIACAO CULTURAL CECILIA,FORGOTTEN BOYS
1358,Jão,2022-08-20,2022,ESPACO UNIMED,JAO
1359,Zé Neto & Cristiano,2022-08-20,2022,DISTRITO ANHEMBI,ZE NETO & CRISTIANO
1360,Mari Fernandez,2022-08-20,2022,DISTRITO ANHEMBI,MARI FERNANDEZ
1361,Zander,2022-08-21,2022,FABRIQUE CLUB,ZANDER
1362,Darvin,2022-08-21,2022,FABRIQUE CLUB,DARVIN
1363,Hateen,2022-08-21,2022,FABRIQUE CLUB,HATEEN
1364,Gloria,2022-08-21,2022,FABRIQUE CLUB,GLORIA
1365,Eduardo Falaschi,2022-08-21,2022,TOKIO MARINE HALL,EDUARDO FALASCHI
1366,ROSALÍA,2022-08-22,2022,ESPACO UNIMED,ROSALIA
1367,Bala Desejo,2022-08-22,2022,CASA ROCKAMBOLE,BALA DESEJO
1368,Ivete Sangalo,2022-08-24,2022,FAVELA GALA,IVETE SANGALO
1369,Walfredo em Busca da Simbiose,2022-08-25,2022,CINECLUBE CORTINA,WALFREDO EM BUSCA DA SIMBIOSE
1370,Luiza Brina,2022-08-25,2022,SESC POMPEIA,LUIZA BRINA
1371,Fabriccio,2022-08-25,2022,SESC POMPEIA,FABRICCIO
1372,Cícero,2022-08-26,2022,CINE JOIA,CICERO
1373,Autoramas,2022-08-26,2022,SESC BELENZINHO,AUTORAMAS
1374,Edgar,2022-08-26,2022,TEATRO SESC 24 DE MAIO,EDGAR
1375,Scatolove,2022-08-26,2022,CASA ROCKAMBOLE,SCATOLOVE
1376,Zé Manoel,2022-08-26,2022,SESC SANTO AMARO,ZE MANOEL
1377,João Bosco,2022-08-26,2022,SESC POMPEIA,JOAO BOSCO
1378,Bazuros,2022-08-26,2022,SECILIANS SHOP,BAZUROS
1379,Milton Nascimento,2022-08-26,2022,ESPACO UNIMED,MILTON NASCIMENTO
1380,Ney Matogrosso,2022-08-26,2022,VIBRA SAO PAULO,NEY MATOGROSSO
1381,Xênia França,2022-08-27,2022,SESC BOM RETIRO,XENIA FRANCA
1382,Orochi,2022-08-27,2022,ESTADIO DO CANINDE,OROCHI
1383,Mallu Magalhães,2022-08-27,2022,TOKIO MARINE HALL,MALLU MAGALHAES
1384,João Bosco,2022-08-27,2022,SESC POMPEIA,JOAO BOSCO
1385,Milton Nascimento,2022-08-27,2022,ESPACO UNIMED,MILTON NASCIMENTO
1386,Escape the Fate,2022-08-27,2022,CARIOCA CLUB,ESCAPE THE FATE
1387,Axty,2022-08-27,2022,CARIOCA CLUB,AXTY
1388,MC Hariel,2022-08-27,2022,ESTADIO DO CANINDE,MC HARIEL
1389,Mato Seco,2022-08-28,2022,ESPACO UNIMED,MATO SECO
1390,The Wailers Band,2022-08-28,2022,ESPACO UNIMED,THE WAILERS BAND
1391,Chimarruts,2022-08-28,2022,ESPACO UNIMED,CHIMARRUTS
1392,Mystifier,2022-08-28,2022,FAMILY MOB STUDIOS,MYSTIFIER
1393,Sophia Chablau e Uma Enorme Perda de Tempo,2022-08-28,2022,PICLES CARDEAL,SOPHIA CHABLAU E UMA ENORME PERDA DE TEMPO
1394,Xênia França,2022-08-28,2022,SESC BOM RETIRO,XENIA FRANCA
1395,Children of the Beast,2022-08-28,2022,LA IGLESIA BORRATXERIA,CHILDREN OF THE BEAST
1396,Airbourne,2022-08-28,2022,FABRIQUE CLUB,AIRBOURNE
1397,Demi Lovato,2022-08-30,2022,ESPACO UNIMED,DEMI LOVATO
1398,Tuyo,2022-08-30,2022,ESPACO UNIMED,TUYO
1399,Tuyo,2022-08-31,2022,ESPACO UNIMED,TUYO
1400,Flavia K,2022-08-31,2022,BLUE NOTE SAO PAULO,FLAVIA K
1401,Demi Lovato,2022-08-31,2022,ESPACO UNIMED,DEMI LOVATO
1402,Dream Theater,2022-08-31,2022,TOKIO MARINE HALL,DREAM THEATER
1403,Juçara Marçal,2022-09-01,2022,GALERIA OLIDO,JUCARA MARCAL
1404,Milton Nascimento,2022-09-01,2022,ESPACO UNIMED,MILTON NASCIMENTO
1405,Boogarins,2022-09-01,2022,CINECLUBE CORTINA,BOOGARINS
1406,Jair Naves,2022-09-01,2022,SESC VILA MARIANA,JAIR NAVES
1407,Harakiri for the Sky,2022-09-02,2022,CARIOCA CLUB,HARAKIRI FOR THE SKY
1408,Malefactor,2022-09-02,2022,CARIOCA CLUB,MALEFACTOR
1409,Milton Nascimento,2022-09-02,2022,ESPACO UNIMED,MILTON NASCIMENTO
1410,A Olívia,2022-09-02,2022,CASA ROCKAMBOLE,A OLIVIA
1411,Introtyl,2022-09-02,2022,CARIOCA CLUB,INTROTYL
1412,Masacre,2022-09-02,2022,CARIOCA CLUB,MASACRE
1413,Conan,2022-09-02,2022,CARIOCA CLUB,CONAN
1414,Headhunter D.C.,2022-09-02,2022,CARIOCA CLUB,HEADHUNTER D.C.
1415,Brujería,2022-09-02,2022,CARIOCA CLUB,BRUJERIA
1416,Rico Dalasam,2022-09-02,2022,CASA NATURA MUSICAL,RICO DALASAM
1417,Ross the Boss,2022-09-02,2022,CARIOCA CLUB,ROSS THE BOSS
1418,Esteban Tavares,2022-09-02,2022,CASA ROCKAMBOLE,ESTEBAN TAVARES
1419,Letrux,2022-09-02,2022,SESC SANTO AMARO,LETRUX
1420,ROT,2022-09-02,2022,CARIOCA CLUB,ROT
1421,Nirvana Experience (ex-Hormoaning),2022-09-02,2022,RELICARIO ROCK BAR,NIRVANA EXPERIENCE (EX-HORMOANING)
1422,Daniela Mercury,2022-09-03,2022,SALA SAO PAULO,DANIELA MERCURY
1423,Maglore,2022-09-03,2022,SESC POMPEIA,MAGLORE
1424,Maria Gadú,2022-09-03,2022,SALA SAO PAULO,MARIA GADU
1425,Weedeater,2022-09-03,2022,CARIOCA CLUB,WEEDEATER
1426,Helheim,2022-09-03,2022,CARIOCA CLUB,HELHEIM
1427,Lupe de Lupe,2022-09-03,2022,FFFRONT,LUPE DE LUPE
1428,Bong Brigade,2022-09-03,2022,FENDA 315,BONG BRIGADE
1429,Almir Sater,2022-09-03,2022,VIBRA SAO PAULO,ALMIR SATER
1430,Neuroticos,2022-09-03,2022,CARIOCA CLUB,NEUROTICOS
1431,Saulo Duarte,2022-09-03,2022,CENTRO CULTURAL TENDAL DA LAPA,SAULO DUARTE
1433,Children of the Beast,2022-09-03,2022,MANIFESTO BAR,CHILDREN OF THE BEAST
1434,Heathen,2022-09-03,2022,CARIOCA CLUB,HEATHEN
1435,Psycroptic,2022-09-03,2022,CARIOCA CLUB,PSYCROPTIC
1436,Vio‐lence,2022-09-03,2022,CARIOCA CLUB,VIO-LENCE
1437,Gatecreeper,2022-09-03,2022,CARIOCA CLUB,GATECREEPER
1438,Bullet for My Valentine,2022-09-03,2022,AUDIO,BULLET FOR MY VALENTINE
1439,Suicidal Angels,2022-09-03,2022,CARIOCA CLUB,SUICIDAL ANGELS
1440,Knife,2022-09-03,2022,CARIOCA CLUB,KNIFE
1441,Iron Maiden,2022-09-04,2022,ESTADIO DO MORUMBI,IRON MAIDEN
1442,Mork,2022-09-04,2022,CARIOCA CLUB,MORK
1443,Avatar,2022-09-04,2022,ESTADIO DO MORUMBI,AVATAR
1444,Raven,2022-09-04,2022,CARIOCA CLUB,RAVEN
1445,Inter Arma,2022-09-04,2022,CARIOCA CLUB,INTER ARMA
1446,Tribulation,2022-09-04,2022,CARIOCA CLUB,TRIBULATION
1447,Soulburn,2022-09-04,2022,CARIOCA CLUB,SOULBURN
1448,Skeletal Remains,2022-09-04,2022,CARIOCA CLUB,SKELETAL REMAINS
1449,Tulipa Ruiz,2022-09-04,2022,SESC VILA MARIANA,TULIPA RUIZ
1450,Diamond Head,2022-09-04,2022,CARIOCA CLUB,DIAMOND HEAD
1452,Corinne Bailey Rae,2022-09-05,2022,TEATRO BRADESCO,CORINNE BAILEY RAE
1453,Falsa Luz,2022-09-06,2022,ASSOCIACAO CULTURAL CECILIA,FALSA LUZ
1454,Fossilization,2022-09-06,2022,ASSOCIACAO CULTURAL CECILIA,FOSSILIZATION
1455,Dente Canino,2022-09-06,2022,ASSOCIACAO CULTURAL CECILIA,DENTE CANINO
1456,In Venus,2022-09-06,2022,SESC AVENIDA PAULISTA,IN VENUS
1457,Evilcult,2022-09-06,2022,ASSOCIACAO CULTURAL CECILIA,EVILCULT
1458,Neuroticos,2022-09-06,2022,ASSOCIACAO CULTURAL CECILIA,NEUROTICOS
1459,Charlotte Matou um Cara,2022-09-06,2022,SESC AVENIDA PAULISTA,CHARLOTTE MATOU UM CARA
1461,Incantation,2022-09-07,2022,FABRIQUE CLUB,INCANTATION
1462,Avril Lavigne,2022-09-07,2022,ESPACO UNIMED,AVRIL LAVIGNE
1463,Suffocation,2022-09-07,2022,FABRIQUE CLUB,SUFFOCATION
1464,Day Limns,2022-09-07,2022,ESPACO UNIMED,DAY LIMNS
1465,Billy Idol,2022-09-08,2022,PAVILHAO PACAEMBU,BILLY IDOL
1466,Flicts,2022-09-08,2022,SESC AVENIDA PAULISTA,FLICTS
1467,Dua Lipa,2022-09-08,2022,ARENA ANHEMBI,DUA LIPA
1468,Ratas Rabiosas,2022-09-08,2022,SESC AVENIDA PAULISTA,RATAS RABIOSAS
1469,Arquétipo Rafa,2022-09-08,2022,SESC POMPEIA,ARQUETIPO RAFA
1470,Jadsa,2022-09-08,2022,SESC POMPEIA,JADSA
1471,Ombu,2022-09-09,2022,MIS - MUSEU DA IMAGEM E DO SOM,OMBU
1472,Children of the Beast,2022-09-09,2022,ZN HIGHWAY,CHILDREN OF THE BEAST
1473,Bastille,2022-09-09,2022,TOKIO MARINE HALL,BASTILLE
1474,Måneskin,2022-09-09,2022,ESPACO UNIMED,MANESKIN
1475,Devotos,2022-09-09,2022,SESC AVENIDA PAULISTA,DEVOTOS
1476,Black Pantera,2022-09-09,2022,SESC AVENIDA PAULISTA,BLACK PANTERA
1477,Metá Metá,2022-09-09,2022,CASA NATURA MUSICAL,META META
1478,Novo Amor,2022-09-09,2022,FABRIQUE CLUB,NOVO AMOR
1479,Macy Gray,2022-09-09,2022,BLUE NOTE SAO PAULO,MACY GRAY
1480,Malka,2022-09-10,2022,FABRICA DE BRINQUEDOS,MALKA
1481,LARINHX,2022-09-10,2022,FABRICA DE BRINQUEDOS,LARINHX
1482,Titãs,2022-09-10,2022,TOKIO MARINE HALL,TITAS
1483,Armin van Buuren,2022-09-10,2022,ARCA SPACES,ARMIN VAN BUUREN
1484,CPM 22,2022-09-10,2022,VIBRA SAO PAULO,CPM 22
1485,Fresno,2022-09-10,2022,VIBRA SAO PAULO,FRESNO
1486,Di Ferrero,2022-09-10,2022,VIBRA SAO PAULO,DI FERRERO
1487,Detonautas Roque Clube,2022-09-10,2022,VIBRA SAO PAULO,DETONAUTAS ROQUE CLUBE
1488,DUDA BEAT,2022-09-10,2022,PARQUE DA INDEPENDENCIA,DUDA BEAT
1489,Decreto Lei 50,2022-09-10,2022,GALERIA OLIDO,DECRETO LEI 50
1490,Yu Su,2022-09-10,2022,FABRICA DE BRINQUEDOS,YU SU
1491,Frontinn,2022-09-10,2022,FABRICA DE BRINQUEDOS,FRONTINN
1492,Suzanne Kraft,2022-09-10,2022,FABRICA DE BRINQUEDOS,SUZANNE KRAFT
1493,Jessie J,2022-09-10,2022,PAVILHAO PACAEMBU,JESSIE J
1494,Jorge Ben Jor,2022-09-10,2022,ESPACO UNIMED,JORGE BEN JOR
1495,Leo Justi,2022-09-10,2022,FABRICA DE BRINQUEDOS,LEO JUSTI
1496,VHOOR,2022-09-10,2022,FABRICA DE BRINQUEDOS,VHOOR
1497,Devotos,2022-09-10,2022,SESC AVENIDA PAULISTA,DEVOTOS
1498,As Mercenárias,2022-09-10,2022,SESC AVENIDA PAULISTA,AS MERCENARIAS
1499,Palmbomen II,2022-09-10,2022,FABRICA DE BRINQUEDOS,PALMBOMEN II
1500,Akin Deckard,2022-09-10,2022,FABRICA DE BRINQUEDOS,AKIN DECKARD
1501,Vladimir Ivkovic,2022-09-10,2022,FABRICA DE BRINQUEDOS,VLADIMIR IVKOVIC
1502,KIM WOOJIN,2022-09-11,2022,CARIOCA CLUB,KIM WOOJIN
1503,Angvstia,2022-09-11,2022,CENTRO CULTURAL DA JUVENTUDE RUTH CARDOSO,ANGVSTIA
1504,As Mercenárias,2022-09-11,2022,SESC AVENIDA PAULISTA,AS MERCENARIAS
1505,Black Pantera,2022-09-11,2022,SESC AVENIDA PAULISTA,BLACK PANTERA
1506,Zander,2022-09-11,2022,CENTRO CULTURAL DA JUVENTUDE RUTH CARDOSO,ZANDER
1507,Metade de Mim,2022-09-11,2022,CENTRO CULTURAL DA JUVENTUDE RUTH CARDOSO,METADE DE MIM
1508,Pentagram,2022-09-11,2022,HANGAR 110,PENTAGRAM
1509,ANAVITÓRIA,2022-09-11,2022,TOKIO MARINE HALL,ANAVITORIA
1510,Rodrigo Amarante,2022-09-14,2022,AUDIO,RODRIGO AMARANTE
1511,Mayra Andrade,2022-09-14,2022,AUDIO,MAYRA ANDRADE
1512,Tuyo,2022-09-15,2022,CINECLUBE CORTINA,TUYO
1513,Ana Frango Elétrico,2022-09-15,2022,CITY LIGHTS MUSIC HALL,ANA FRANGO ELETRICO
1514,KL Jay,2022-09-16,2022,MEMORIAL DA AMERICA LATINA,KL JAY
1515,Gilberto Gil,2022-09-16,2022,MEMORIAL DA AMERICA LATINA,GILBERTO GIL
1516,Crypta,2022-09-16,2022,SESC BELENZINHO,CRYPTA
1518,Gloria Groove,2022-09-16,2022,ESPACO UNIMED,GLORIA GROOVE
1519,Biquini,2022-09-16,2022,CLUBE ATLETICO JUVENTUS,BIQUINI
1520,Tasha & Tracie,2022-09-16,2022,MEMORIAL DA AMERICA LATINA,TASHA & TRACIE
1521,Mayra Andrade,2022-09-16,2022,MEMORIAL DA AMERICA LATINA,MAYRA ANDRADE
1522,Deekapz,2022-09-16,2022,MEMORIAL DA AMERICA LATINA,DEEKAPZ
1523,Djavan,2022-09-16,2022,MEMORIAL DA AMERICA LATINA,DJAVAN
1524,Liniker,2022-09-16,2022,MEMORIAL DA AMERICA LATINA,LINIKER
1525,Alceu Valença,2022-09-17,2022,MEMORIAL DA AMERICA LATINA,ALCEU VALENCA
1526,Julian Marley,2022-09-17,2022,ESPACO UNIMED,JULIAN MARLEY
1527,Halleck,2022-09-17,2022,RED STAR STUDIOS,HALLECK
1528,Crypta,2022-09-17,2022,SESC BELENZINHO,CRYPTA
1529,Gal Costa,2022-09-17,2022,MEMORIAL DA AMERICA LATINA,GAL COSTA
1530,BK,2022-09-17,2022,MEMORIAL DA AMERICA LATINA,BK
1531,Rachel Reis,2022-09-17,2022,MEMORIAL DA AMERICA LATINA,RACHEL REIS
1532,Ana Frango Elétrico,2022-09-17,2022,MEMORIAL DA AMERICA LATINA,ANA FRANGO ELETRICO
1533,Bala Desejo,2022-09-17,2022,MEMORIAL DA AMERICA LATINA,BALA DESEJO
1534,Lulu Santos,2022-09-17,2022,TOKIO MARINE HALL,LULU SANTOS
1535,Agnes Nunes,2022-09-17,2022,BLUE NOTE SAO PAULO,AGNES NUNES
1536,CESRV,2022-09-17,2022,MEMORIAL DA AMERICA LATINA,CESRV
1537,Ancesttral,2022-09-18,2022,CARIOCA CLUB,ANCESTTRAL
1538,Black Alien,2022-09-18,2022,MEMORIAL DA AMERICA LATINA,BLACK ALIEN
1539,Bad Manners,2022-09-18,2022,HANGAR 110,BAD MANNERS
1540,Maria Bethânia,2022-09-18,2022,MEMORIAL DA AMERICA LATINA,MARIA BETHANIA
1541,Burning Witches,2022-09-18,2022,CARIOCA CLUB,BURNING WITCHES
1542,Rodrigo Amarante,2022-09-18,2022,MEMORIAL DA AMERICA LATINA,RODRIGO AMARANTE
1543,Marina Sena,2022-09-18,2022,MEMORIAL DA AMERICA LATINA,MARINA SENA
1544,Destruction,2022-09-18,2022,CARIOCA CLUB,DESTRUCTION
1545,Pelados,2022-09-19,2022,CENTRO DA TERRA,PELADOS
1546,Xamã,2022-09-20,2022,GEXPERIENCE,XAMA
1547,Jão,2022-09-20,2022,CINECLUBE CORTINA,JAO
1548,Ana Carolina,2022-09-22,2022,ESPACO UNIMED,ANA CAROLINA
1549,Detonautas Roque Clube,2022-09-22,2022,FAUSTAO NA BAND,DETONAUTAS ROQUE CLUBE
1550,Melody,2022-09-22,2022,CLUB YACHT,MELODY
1551,Baco Exu do Blues,2022-09-23,2022,AUDIO,BACO EXU DO BLUES
1552,Pitty & Nando Reis,2022-09-23,2022,ESPACO UNIMED,PITTY & NANDO REIS
1553,Les Mémoires Fall,2022-09-23,2022,CIAM,LES MEMOIRES FALL
1554,Carne Doce,2022-09-23,2022,CASA NATURA MUSICAL,CARNE DOCE
1555,Tim Bernardes,2022-09-23,2022,SESC PINHEIROS,TIM BERNARDES
1556,Weight of Emptiness,2022-09-23,2022,CIAM,WEIGHT OF EMPTINESS
1557,Chaosfear,2022-09-24,2022,FABRIQUE CLUB,CHAOSFEAR
1558,Sevenn,2022-09-24,2022,ALLIANZ PARQUE,SEVENN
1559,Obituary,2022-09-24,2022,FABRIQUE CLUB,OBITUARY
1560,Jorge Drexler,2022-09-24,2022,VIBRA SAO PAULO,JORGE DREXLER
1561,Milton Nascimento,2022-09-24,2022,ESPACO UNIMED,MILTON NASCIMENTO
1562,Alaíde Costa,2022-09-24,2022,TEATRO SERGIO CARDOSO,ALAIDE COSTA
1563,Anvil FX,2022-09-24,2022,SESC 24 DE MAIO,ANVIL FX
1564,Carol Biazin,2022-09-24,2022,CINE JOIA,CAROL BIAZIN
1565,Guns N’ Roses,2022-09-24,2022,ALLIANZ PARQUE,GUNS N' ROSES
1566,Pelados,2022-09-24,2022,CASA ROCKAMBOLE,PELADOS
1567,Tim Bernardes,2022-09-24,2022,SESC PINHEIROS,TIM BERNARDES
1568,Alinbloom,2022-09-25,2022,FABRIQUE CLUB,ALINBLOOM
1569,Skalyface,2022-09-25,2022,CARIOCA CLUB,SKALYFACE
1570,Estado Zero,2022-09-25,2022,FABRIQUE CLUB,ESTADO ZERO
1571,Cefa,2022-09-25,2022,FABRIQUE CLUB,CEFA
1572,Innabrain,2022-09-25,2022,FREAKS BAR,INNABRAIN
1573,Milton Nascimento,2022-09-25,2022,ESPACO UNIMED,MILTON NASCIMENTO
1574,Trend Kill Ghosts,2022-09-25,2022,CARIOCA CLUB,TREND KILL GHOSTS
1575,Ensiferum,2022-09-25,2022,CARIOCA CLUB,ENSIFERUM
1576,Joyce,2022-09-25,2022,SESC PINHEIROS,JOYCE
1577,HORIZON KEY,2022-09-25,2022,FABRIQUE CLUB,HORIZON KEY
1578,Incendio,2022-09-25,2022,FABRIQUE CLUB,INCENDIO
1579,Capital Inicial,2022-09-26,2022,FAUSTAO NA BAND,CAPITAL INICIAL
1580,Gross,2022-09-27,2022,CENTRO CULTURAL SAO PAULO,GROSS
1581,Sandy,2022-09-28,2022,ESPACO UNIMED,SANDY
1582,Andreas Kisser,2022-09-28,2022,AUDIO,ANDREAS KISSER
1583,The Gathering,2022-09-28,2022,MANIFESTO BAR,THE GATHERING
1584,Metade de Mim,2022-09-29,2022,FFFRONT,METADE DE MIM
1585,DKB,2022-09-29,2022,CARIOCA CLUB,DKB
1586,Oficina G3,2022-09-29,2022,AUDIO,OFICINA G3
1587,Alexandre Pires & Seu Jorge,2022-09-30,2022,CLUBE ATLETICO JUVENTUS,ALEXANDRE PIRES & SEU JORGE
1588,Spektra,2022-09-30,2022,KISS & FLY CLUB,SPEKTRA
1589,Letrux,2022-09-30,2022,CINE JOIA,LETRUX
1590,Rockin'1000,2022-10-01,2022,ALLIANZ PARQUE,ROCKIN'1000
1591,MC Binn,2022-10-01,2022,VILLA INDUSTRIAL,MC BINN
1592,Espacialrias,2022-10-01,2022,JAI CLUB,ESPACIALRIAS
1593,Teto,2022-10-01,2022,PAVILHAO DE EXPOSICOES DO ANHEMBI,TETO
1594,Cidade Verde Sounds,2022-10-01,2022,PAVILHAO DE EXPOSICOES DO ANHEMBI,CIDADE VERDE SOUNDS
1595,ConeCrewDiretoria,2022-10-01,2022,PAVILHAO DE EXPOSICOES DO ANHEMBI,CONECREWDIRETORIA
1596,BaianaSystem,2022-10-01,2022,PAVILHAO DE EXPOSICOES DO ANHEMBI,BAIANASYSTEM
1597,Lagum,2022-10-01,2022,PAVILHAO DE EXPOSICOES DO ANHEMBI,LAGUM
1598,Cypress Hill,2022-10-01,2022,PAVILHAO DE EXPOSICOES DO ANHEMBI,CYPRESS HILL
1599,Planet Hemp,2022-10-01,2022,PAVILHAO DE EXPOSICOES DO ANHEMBI,PLANET HEMP
1600,Dr. Sin,2022-10-01,2022,SESC BELENZINHO,DR. SIN
1601,Mato Seco,2022-10-01,2022,PAVILHAO DE EXPOSICOES DO ANHEMBI,MATO SECO
1602,Black Alien,2022-10-01,2022,PAVILHAO DE EXPOSICOES DO ANHEMBI,BLACK ALIEN
1603,Criolo,2022-10-01,2022,PAVILHAO DE EXPOSICOES DO ANHEMBI,CRIOLO
1604,Hardwell,2022-10-01,2022,LAROC CLUB,HARDWELL
1605,Mike Love,2022-10-01,2022,PAVILHAO DE EXPOSICOES DO ANHEMBI,MIKE LOVE
1606,Costa Gold,2022-10-01,2022,PAVILHAO DE EXPOSICOES DO ANHEMBI,COSTA GOLD
1607,Sticky Fingers,2022-10-01,2022,PAVILHAO DE EXPOSICOES DO ANHEMBI,STICKY FINGERS
1608,SOJA,2022-10-01,2022,PAVILHAO DE EXPOSICOES DO ANHEMBI,SOJA
1609,Cynthia Luz,2022-10-01,2022,PAVILHAO DE EXPOSICOES DO ANHEMBI,CYNTHIA LUZ
1610,Jinjer,2022-10-01,2022,CARIOCA CLUB,JINJER
1611,Maneva,2022-10-01,2022,PAVILHAO DE EXPOSICOES DO ANHEMBI,MANEVA
1612,Racionais MC’s,2022-10-01,2022,PAVILHAO DE EXPOSICOES DO ANHEMBI,RACIONAIS MC'S
1613,Djonga,2022-10-01,2022,PAVILHAO DE EXPOSICOES DO ANHEMBI,DJONGA
1614,Matuê,2022-10-01,2022,PAVILHAO DE EXPOSICOES DO ANHEMBI,MATUE
1615,Pat Metheny,2022-10-04,2022,TEATRO ALFA,PAT METHENY
1616,Exploding Star Orchestra,2022-10-05,2022,SESC POMPEIA,EXPLODING STAR ORCHESTRA
1617,The Baggios,2022-10-06,2022,CINE JOIA,THE BAGGIOS
1618,El Mató a un Policía Motorizado,2022-10-06,2022,CINE JOIA,EL MATO A UN POLICIA MOTORIZADO
1619,Scracho,2022-10-07,2022,CARIOCA CLUB,SCRACHO
1620,Abajur,2022-10-07,2022,SESC POMPEIA,ABAJUR
1621,Vanguart,2022-10-07,2022,SESC SANTO AMARO,VANGUART
1622,Eric Prydz,2022-10-07,2022,ARCA SPACES,ERIC PRYDZ
1623,Inocentes,2022-10-07,2022,LA IGLESIA BORRATXERIA,INOCENTES
1624,Golpe de Estado,2022-10-07,2022,ESPACO SOM,GOLPE DE ESTADO
1625,Aliados,2022-10-07,2022,AUDIO,ALIADOS
1626,Silva,2022-10-07,2022,GINASIO DO IBIRAPUERA,SILVA
1627,Marcão Britto & Thiago Castanho Charlie Brown Jr.,2022-10-07,2022,AUDIO,MARCAO BRITTO & THIAGO CASTANHO CHARLIE BROWN JR.
1628,Billy The Kid,2022-10-08,2022,JAI CLUB,BILLY THE KID
1629,Black Alien,2022-10-08,2022,MEMORIAL DA AMERICA LATINA,BLACK ALIEN
1630,BK,2022-10-08,2022,MEMORIAL DA AMERICA LATINA,BK
1631,Eric Prydz,2022-10-08,2022,ARCA SPACES,ERIC PRYDZ
1632,Maurício Pereira,2022-10-08,2022,INSTITUTO CARE,MAURICIO PEREIRA
1633,Tasha & Tracie,2022-10-08,2022,MEMORIAL DA AMERICA LATINA,TASHA & TRACIE
1634,Monobloco,2022-10-08,2022,GINASIO DO IBIRAPUERA,MONOBLOCO
1635,Foojammers,2022-10-08,2022,PRACA GIOVANI MONTAGNA,FOOJAMMERS
1636,Djonga,2022-10-08,2022,MEMORIAL DA AMERICA LATINA,DJONGA
1637,Helloween,2022-10-08,2022,ESPACO UNIMED,HELLOWEEN
1638,Gloria Groove,2022-10-08,2022,ALLIANZ PARQUE HALL,GLORIA GROOVE
1639,Violeta de Outono,2022-10-08,2022,MADAME UNDERGROUND CLUB,VIOLETA DE OUTONO
1640,Scracho,2022-10-08,2022,CARIOCA CLUB,SCRACHO
1641,Rodrigo Ogi,2022-10-08,2022,STUDIO SP,RODRIGO OGI
1642,Banda AL9,2022-10-08,2022,TEATRO JARDIM SUL,BANDA AL9
1643,J Balvin,2022-10-08,2022,ALLIANZ PARQUE HALL,J BALVIN
1644,HammerFall,2022-10-08,2022,ESPACO UNIMED,HAMMERFALL
1645,Tropkillaz,2022-10-08,2022,ALLIANZ PARQUE HALL,TROPKILLAZ
1646,TINI,2022-10-08,2022,VIBRA SAO PAULO,TINI
1647,Eric Prydz,2022-10-09,2022,ARCA SPACES,ERIC PRYDZ
1648,Nicole Mitchell's Black Earth Sway,2022-10-09,2022,SESC POMPEIA,NICOLE MITCHELL'S BLACK EARTH SWAY
1649,Helloween,2022-10-09,2022,ESPACO UNIMED,HELLOWEEN
1650,Zélia Duncan,2022-10-09,2022,GINASIO DO IBIRAPUERA,ZELIA DUNCAN
1651,Dermot Kennedy,2022-10-09,2022,AVENIDA PAULISTA,DERMOT KENNEDY
1652,Dani Black,2022-10-09,2022,CASA NATURA MUSICAL,DANI BLACK
1653,HammerFall,2022-10-09,2022,ESPACO UNIMED,HAMMERFALL
1654,Jão,2022-10-10,2022,BLUE NOTE SAO PAULO,JAO
1655,Ananda,2022-10-11,2022,ESPACO AROO,ANANDA
1656,Video Game Orchestra,2022-10-11,2022,EXPO CENTER NORTE,VIDEO GAME ORCHESTRA
1657,Day Limns,2022-10-11,2022,ESPACO AROO,DAY LIMNS
1658,Bianca,2022-10-11,2022,ESPACO AROO,BIANCA
1659,Skalyface,2022-10-12,2022,CARIOCA CLUB,SKALYFACE
1660,Number Teddie,2022-10-12,2022,CENTRO ESPORTIVO E DE LAZER TIETE,NUMBER TEDDIE
1661,Fresno,2022-10-12,2022,EXPO CENTER NORTE,FRESNO
1662,Wanessa Camargo,2022-10-12,2022,TEATRO BRADESCO,WANESSA CAMARGO
1663,Fresno,2022-10-12,2022,CENTRO ESPORTIVO E DE LAZER TIETE,FRESNO
1664,Perotá Chingó,2022-10-12,2022,CENTRO ESPORTIVO E DE LAZER TIETE,PEROTA CHINGO
1665,TUM,2022-10-12,2022,CENTRO ESPORTIVO E DE LAZER TIETE,TUM
1666,Video Games Live,2022-10-12,2022,EXPO CENTER NORTE,VIDEO GAMES LIVE
1667,Ouse Morrer,2022-10-12,2022,GAS STUDIOS,OUSE MORRER
1668,BADSISTA,2022-10-12,2022,CENTRO ESPORTIVO E DE LAZER TIETE,BADSISTA
1669,Jack White,2022-10-12,2022,CENTRO ESPORTIVO E DE LAZER TIETE,JACK WHITE
1670,Rincon Sapiência,2022-10-12,2022,CENTRO ESPORTIVO E DE LAZER TIETE,RINCON SAPIENCIA
1671,Trend Kill Ghosts,2022-10-12,2022,CARIOCA CLUB,TREND KILL GHOSTS
1672,Chet Faker,2022-10-12,2022,CENTRO ESPORTIVO E DE LAZER TIETE,CHET FAKER
1673,Pixies,2022-10-12,2022,CENTRO ESPORTIVO E DE LAZER TIETE,PIXIES
1674,Prong,2022-10-12,2022,FABRIQUE CLUB,PRONG
1675,Sonic Symphony,2022-10-12,2022,EXPO CENTER NORTE,SONIC SYMPHONY
1676,Cat Power,2022-10-12,2022,CENTRO ESPORTIVO E DE LAZER TIETE,CAT POWER
1677,U.D.O.,2022-10-12,2022,CARIOCA CLUB,U.D.O.
1678,Brisa Flow,2022-10-12,2022,CENTRO ESPORTIVO E DE LAZER TIETE,BRISA FLOW
1679,Jup do Bairro,2022-10-12,2022,CENTRO ESPORTIVO E DE LAZER TIETE,JUP DO BAIRRO
1680,Bufo Borealis,2022-10-13,2022,BLUE NOTE SAO PAULO,BUFO BOREALIS
1681,David Garrett,2022-10-13,2022,ESPACO UNIMED,DAVID GARRETT
1682,Sandy,2022-10-13,2022,CONJUNTO NACIONAL,SANDY
1683,Beast in Black,2022-10-14,2022,ESPACO UNIMED,BEAST IN BLACK
1684,Nightwish,2022-10-14,2022,ESPACO UNIMED,NIGHTWISH
1685,Nirvana Experience (ex-Hormoaning),2022-10-14,2022,ALTAS HORAS ROCK BAR,NIRVANA EXPERIENCE (EX-HORMOANING)
1686,Mariá Portugal,2022-10-14,2022,SESC POMPEIA,MARIA PORTUGAL
1687,Violeta de Outono,2022-10-14,2022,LONDON CALLING DISCOS,VIOLETA DE OUTONO
1688,Gabriel Nandes,2022-10-14,2022,TEATRO DA ROTINA,GABRIEL NANDES
1689,Tulipa Ruiz,2022-10-14,2022,SESC PINHEIROS,TULIPA RUIZ
1690,Lenine,2022-10-15,2022,SALA SAO PAULO,LENINE
1691,Espacialrias,2022-10-15,2022,RED STAR STUDIOS,ESPACIALRIAS
1692,Jorge Aragão,2022-10-15,2022,SAMBODROMO DO ANHEMBI,JORGE ARAGAO
1693,Espacialrias,2022-10-15,2022,PASSAGEM LITERARIA DA CONSOLACAO,ESPACIALRIAS
1694,Gilsons,2022-10-15,2022,SAMBODROMO DO ANHEMBI,GILSONS
1695,Lara Silva,2022-10-15,2022,VIP STATION,LARA SILVA
1696,Baby do Brasil,2022-10-15,2022,SAMBODROMO DO ANHEMBI,BABY DO BRASIL
1697,APNEA,2022-10-15,2022,HANGAR 110,APNEA
1698,Adriana Calcanhotto,2022-10-15,2022,SAMBODROMO DO ANHEMBI,ADRIANA CALCANHOTTO
1699,Wanessa Camargo,2022-10-15,2022,HIGH CLUB,WANESSA CAMARGO
1700,Zeca Baleiro,2022-10-15,2022,SAMBODROMO DO ANHEMBI,ZECA BALEIRO
1701,MC Mirella,2022-10-15,2022,VIP STATION,MC MIRELLA
1702,Arnaldo Antunes,2022-10-15,2022,SALA SAO PAULO,ARNALDO ANTUNES
1703,Hanson,2022-10-15,2022,ESPACO UNIMED,HANSON
1704,Black Mantra,2022-10-15,2022,STUDIO SP,BLACK MANTRA
1705,Orkestra Rumpilezz,2022-10-15,2022,SESC POMPEIA,ORKESTRA RUMPILEZZ
1706,Vivendo do Ócio,2022-10-15,2022,CENTRO CULTURAL TENDAL DA LAPA,VIVENDO DO OCIO
1707,Lab. Fantasma,2022-10-15,2022,SAMBODROMO DO ANHEMBI,LAB. FANTASMA
1708,Apnea,2022-10-15,2022,HANGAR 110,APNEA
1709,medicos cubanos,2022-10-15,2022,ESTUDIO AURORA,MEDICOS CUBANOS
1710,Nitrominds,2022-10-15,2022,HANGAR 110,NITROMINDS
1711,Air Supply,2022-10-16,2022,ESPACO UNIMED,AIR SUPPLY
1712,Mahmundi,2022-10-16,2022,ITAU CULTURAL,MAHMUNDI
1713,Vanessa da Mata,2022-10-16,2022,SAMBODROMO DO ANHEMBI,VANESSA DA MATA
1714,Diogo Nogueira,2022-10-16,2022,SAMBODROMO DO ANHEMBI,DIOGO NOGUEIRA
1715,Bala Desejo,2022-10-16,2022,SAMBODROMO DO ANHEMBI,BALA DESEJO
1716,DPR LIVE,2022-10-16,2022,AUDIO,DPR LIVE
1717,Elba Ramalho,2022-10-16,2022,SAMBODROMO DO ANHEMBI,ELBA RAMALHO
1718,Frejat,2022-10-16,2022,SAMBODROMO DO ANHEMBI,FREJAT
1719,DPR CREAM,2022-10-16,2022,AUDIO,DPR CREAM
1720,DPR REM,2022-10-16,2022,AUDIO,DPR REM
1721,Ana Cañas,2022-10-16,2022,TEATRO GAZETA,ANA CANAS
1722,Susana Baca,2022-10-16,2022,SESC POMPEIA,SUSANA BACA
1723,Nando Reis,2022-10-16,2022,SAMBODROMO DO ANHEMBI,NANDO REIS
1724,DPR IAN,2022-10-16,2022,AUDIO,DPR IAN
1726,Pedro Pastoriz,2022-10-18,2022,CENTRO CULTURAL SAO PAULO,PEDRO PASTORIZ
1727,She Past Away,2022-10-19,2022,CINE JOIA,SHE PAST AWAY
1728,Sophia Chablau,2022-10-19,2022,CASA ROCKAMBOLE,SOPHIA CHABLAU
1729,Dobet Gnahoré,2022-10-19,2022,SESC POMPEIA,DOBET GNAHORE
1730,Ray Lema,2022-10-20,2022,SESC POMPEIA,RAY LEMA
1731,Halleck,2022-10-20,2022,FENDA 315,HALLECK
1732,Tagua Tagua,2022-10-20,2022,CINECLUBE CORTINA,TAGUA TAGUA
1733,Leela,2022-10-20,2022,CASA ROCKAMBOLE,LEELA
1734,Daniel Drexler,2022-10-20,2022,CASA NATURA MUSICAL,DANIEL DREXLER
1735,THE PURO,2022-10-20,2022,CASA ROCKAMBOLE,THE PURO
1736,Melody,2022-10-21,2022,LARGO SAO FRANCISCO,MELODY
1737,MC Carol,2022-10-21,2022,LARGO SAO FRANCISCO,MC CAROL
1738,Skank,2022-10-21,2022,ESPACO UNIMED,SKANK
1739,Gloria Groove,2022-10-21,2022,FABRINKEDOS,GLORIA GROOVE
1740,Pabllo Vittar,2022-10-21,2022,FABRINKEDOS,PABLLO VITTAR
1741,A Banda Mais Bonita da Cidade,2022-10-21,2022,CASA ROCKAMBOLE,A BANDA MAIS BONITA DA CIDADE
1742,Children of the Beast,2022-10-21,2022,MORRISON ROCK BAR,CHILDREN OF THE BEAST
1743,Skank,2022-10-22,2022,ESPACO UNIMED,SKANK
1744,Cleef,2022-10-22,2022,CASA ROCKAMBOLE,CLEEF
1745,The Mission,2022-10-22,2022,CARIOCA CLUB,THE MISSION
1746,Torture Squad,2022-10-22,2022,CENTRO CULTURAL TENDAL DA LAPA,TORTURE SQUAD
1747,Gloria Groove,2022-10-22,2022,ROSAS DE OURO,GLORIA GROOVE
1748,Alestorm,2022-10-22,2022,FABRIQUE CLUB,ALESTORM
1749,Kokoroko,2022-10-22,2022,SESC POMPEIA,KOKOROKO
1750,Marina Lima,2022-10-22,2022,PRACA DAS ARTES,MARINA LIMA
1751,Dead Fish,2022-10-23,2022,CENTRO CULTURAL TENDAL DA LAPA,DEAD FISH
1752,Black Label Society,2022-10-23,2022,AUDIO,BLACK LABEL SOCIETY
1753,Kokoroko,2022-10-23,2022,SESC POMPEIA,KOKOROKO
1754,Yngwie Malmsteen,2022-10-24,2022,CARIOCA CLUB,YNGWIE MALMSTEEN
1755,DUDA BEAT,2022-10-25,2022,TEATRO ALFA,DUDA BEAT
1756,Letrux,2022-10-25,2022,GALERIA OLIDO,LETRUX
1757,Cyro Sampaio,2022-10-27,2022,CINE JOIA,CYRO SAMPAIO
1758,James Boogaloo Bolden,2022-10-27,2022,BOURBON STREET MUSIC CLUB,JAMES BOOGALOO BOLDEN
1759,Letrux,2022-10-27,2022,CASA DE CULTURA DO BUTANTA,LETRUX
1760,Ivete Sangalo,2022-10-27,2022,REDE GLOBO ESTUDIO,IVETE SANGALO
1761,Esteban Tavares,2022-10-27,2022,CINE JOIA,ESTEBAN TAVARES
1762,medicos cubanos,2022-10-28,2022,PICLES CARDEAL,MEDICOS CUBANOS
1763,Halleck,2022-10-28,2022,MAD BIRD,HALLECK
1764,Foojammers,2022-10-28,2022,PRESLEY PUB,FOOJAMMERS
1765,Gloria,2022-10-29,2022,CARIOCA CLUB,GLORIA
1766,Luedji Luna,2022-10-29,2022,SESC PINHEIROS,LUEDJI LUNA
1767,Paula Toller,2022-10-29,2022,AUDIO,PAULA TOLLER
1768,Blues Pills,2022-10-29,2022,CARIOCA CLUB,BLUES PILLS
1769,Flageladör,2022-10-30,2022,JAI CLUB,FLAGELADOR
1770,Daniela Mercury,2022-10-30,2022,AVENIDA PAULISTA,DANIELA MERCURY
1771,Toxic Holocaust,2022-10-30,2022,JAI CLUB,TOXIC HOLOCAUST
1772,The Mission,2022-10-30,2022,CARIOCA CLUB,THE MISSION
1773,Gene Loves Jezebel,2022-10-30,2022,CARIOCA CLUB,GENE LOVES JEZEBEL
1774,Cynthia Luz,2022-10-31,2022,CINE JOIA,CYNTHIA LUZ
1775,Benjamin Ferreira,2022-10-31,2022,CINE JOIA,BENJAMIN FERREIRA
1776,ÀVUÀ,2022-10-31,2022,CINE JOIA,AVUA
1777,Karen Francis,2022-10-31,2022,CINE JOIA,KAREN FRANCIS
1778,Tuyo,2022-10-31,2022,CINE JOIA,TUYO
1779,BRVNKS,2022-11-01,2022,CINE JOIA,BRVNKS
1780,Gab Ferreira,2022-11-01,2022,CINE JOIA,GAB FERREIRA
1781,Ana Frango Elétrico,2022-11-01,2022,CINE JOIA,ANA FRANGO ELETRICO
1782,Milton Nascimento,2022-11-01,2022,ESPACO UNIMED,MILTON NASCIMENTO
1783,VHOOR,2022-11-01,2022,CINE JOIA,VHOOR
1784,Deekapz,2022-11-01,2022,CINE JOIA,DEEKAPZ
1785,Zé Ibarra,2022-11-01,2022,ESPACO UNIMED,ZE IBARRA
1786,Manu Gavassi,2022-11-01,2022,CASA ROCKAMBOLE,MANU GAVASSI
1787,Charlotte de Witte,2022-11-01,2022,ARCA SPACES,CHARLOTTE DE WITTE
1788,The Skatalites,2022-11-02,2022,CITY LIGHTS MUSIC HALL,THE SKATALITES
1789,Peroli,2022-11-02,2022,CINE JOIA,PEROLI
1790,EL LIF,2022-11-02,2022,CINE JOIA,EL LIF
1791,Tim Bernardes,2022-11-02,2022,DISTRITO ANHEMBI,TIM BERNARDES
1793,Sidoka,2022-11-02,2022,CINE JOIA,SIDOKA
1794,Gilberto Gil,2022-11-02,2022,TEATRO SERGIO CARDOSO,GILBERTO GIL
1795,BRIME,2022-11-02,2022,CINE JOIA,BRIME
1796,Urias,2022-11-02,2022,CINE JOIA,URIAS
1797,Lord Apex,2022-11-02,2022,CINE JOIA,LORD APEX
1798,Spynauts,2022-11-03,2022,CARDEAL PUB,SPYNAUTS
1799,Juçara Marçal,2022-11-03,2022,PALACIO DAS CONVENCOES DO ANHEMBI,JUCARA MARCAL
1800,Valentina Luz,2022-11-03,2022,CINE JOIA,VALENTINA LUZ
1801,Supercombo,2022-11-03,2022,CINECLUBE CORTINA,SUPERCOMBO
1802,Céu,2022-11-03,2022,PALACIO DAS CONVENCOES DO ANHEMBI,CEU
1803,Amaia,2022-11-03,2022,PALACIO DAS CONVENCOES DO ANHEMBI,AMAIA
1804,Bebé Salvego,2022-11-03,2022,PALACIO DAS CONVENCOES DO ANHEMBI,BEBE SALVEGO
1805,Milton Nascimento,2022-11-03,2022,ESPACO UNIMED,MILTON NASCIMENTO
1806,Föllakzoid,2022-11-03,2022,CINE JOIA,FOLLAKZOID
1807,Ratos de Porão,2022-11-03,2022,AUDIO,RATOS DE PORAO
1808,Molho Negro,2022-11-03,2022,AUDIO,MOLHO NEGRO
1809,Crypta,2022-11-03,2022,AUDIO,CRYPTA
1810,Boogarins,2022-11-03,2022,CINE JOIA,BOOGARINS
1811,Liniker,2022-11-03,2022,PALACIO DAS CONVENCOES DO ANHEMBI,LINIKER
1812,Carolina Durante,2022-11-03,2022,CINE JOIA,CAROLINA DURANTE
1813,Black Pantera,2022-11-03,2022,AUDIO,BLACK PANTERA
1814,Dead Fish,2022-11-03,2022,AUDIO,DEAD FISH
1815,Jup do Bairro,2022-11-03,2022,CINE JOIA,JUP DO BAIRRO
1816,Innabrain,2022-11-04,2022,ESTUDIO TOCA DO DISCO,INNABRAIN
1817,De Schuurman,2022-11-04,2022,CINE JOIA,DE SCHUURMAN
1818,Rogério Skylab,2022-11-04,2022,CARIOCA CLUB,ROGERIO SKYLAB
1819,Merca Bae,2022-11-04,2022,AUDIO,MERCA BAE
1820,Authentically Plastic,2022-11-04,2022,CINE JOIA,AUTHENTICALLY PLASTIC
1821,Teto Preto,2022-11-04,2022,CINE JOIA,TETO PRETO
1822,Sangre Nueva,2022-11-04,2022,AUDIO,SANGRE NUEVA
1823,Milton Nascimento,2022-11-04,2022,ESPACO UNIMED,MILTON NASCIMENTO
1824,Mexican Jihad,2022-11-04,2022,CINE JOIA,MEXICAN JIHAD
1826,Mestre Ambrósio,2022-11-04,2022,SESC VILA MARIANA,MESTRE AMBROSIO
1827,Debit,2022-11-04,2022,CINE JOIA,DEBIT
1828,Bad Gyal,2022-11-04,2022,AUDIO,BAD GYAL
1829,Ouse Morrer,2022-11-04,2022,PORAO DA CERVEJA,OUSE MORRER
1830,Angvstia,2022-11-04,2022,PORAO DA CERVEJA,ANGVSTIA
1831,Accdnts,2022-11-04,2022,PORAO DA CERVEJA,ACCDNTS
1832,Dorsal Atlântica,2022-11-04,2022,SESC BELENZINHO,DORSAL ATLANTICA
1833,FBC,2022-11-04,2022,AUDIO,FBC
1834,Mac Júlia,2022-11-04,2022,AUDIO,MAC JULIA
1835,MC Yallah,2022-11-04,2022,CINE JOIA,MC YALLAH
1836,Roberto Carlos,2022-11-05,2022,ESPACO UNIMED,ROBERTO CARLOS
1837,Tasha & Tracie,2022-11-05,2022,DISTRITO ANHEMBI,TASHA & TRACIE
1838,Helado Negro,2022-11-05,2022,DISTRITO ANHEMBI,HELADO NEGRO
1839,Los Planetas,2022-11-05,2022,DISTRITO ANHEMBI,LOS PLANETAS
1840,L7NNON,2022-11-05,2022,DISTRITO ANHEMBI,L7NNON
1841,Seth Troxler,2022-11-05,2022,DISTRITO ANHEMBI,SETH TROXLER
1842,Carolina Durante,2022-11-05,2022,DISTRITO ANHEMBI,CAROLINA DURANTE
1843,Amaia,2022-11-05,2022,DISTRITO ANHEMBI,AMAIA
1844,Boy Harsher,2022-11-05,2022,DISTRITO ANHEMBI,BOY HARSHER
1845,Luccas Carlos,2022-11-05,2022,DISTRITO ANHEMBI,LUCCAS CARLOS
1846,Beach House,2022-11-05,2022,DISTRITO ANHEMBI,BEACH HOUSE
1847,Tim Bernardes,2022-11-05,2022,DISTRITO ANHEMBI,TIM BERNARDES
1848,John Talabot,2022-11-05,2022,DISTRITO ANHEMBI,JOHN TALABOT
1849,Shygirl,2022-11-05,2022,DISTRITO ANHEMBI,SHYGIRL
1850,Sangre Nueva,2022-11-05,2022,DISTRITO ANHEMBI,SANGRE NUEVA
1851,Liniker,2022-11-05,2022,DISTRITO ANHEMBI,LINIKER
1852,Interpol,2022-11-05,2022,DISTRITO ANHEMBI,INTERPOL
1853,Josyara,2022-11-05,2022,DISTRITO ANHEMBI,JOSYARA
1854,Sevdaliza,2022-11-05,2022,DISTRITO ANHEMBI,SEVDALIZA
1855,Mitski,2022-11-05,2022,DISTRITO ANHEMBI,MITSKI
1856,Michael Bublé,2022-11-05,2022,ALLIANZ PARQUE,MICHAEL BUBLE
1858,BEAK>,2022-11-05,2022,DISTRITO ANHEMBI,BEAK>
1859,ÀTTØØXXÁ,2022-11-05,2022,MEMORIAL DA AMERICA LATINA,ATTØØXXA
1860,Giovani Cidreira,2022-11-05,2022,DISTRITO ANHEMBI,GIOVANI CIDREIRA
1861,O Poeta,2022-11-05,2022,MEMORIAL DA AMERICA LATINA,O POETA
1862,Dorsal Atlântica,2022-11-05,2022,SESC BELENZINHO,DORSAL ATLANTICA
1863,BADSISTA,2022-11-05,2022,DISTRITO ANHEMBI,BADSISTA
1864,Barão Vermelho,2022-11-05,2022,TOKIO MARINE HALL,BARAO VERMELHO
1865,Björk,2022-11-05,2022,DISTRITO ANHEMBI,BJORK
1866,José González,2022-11-05,2022,DISTRITO ANHEMBI,JOSE GONZALEZ
1867,Jonathan Ferr,2022-11-05,2022,DISTRITO ANHEMBI,JONATHAN FERR
1868,Raimundos,2022-11-05,2022,AUDIO,RAIMUNDOS
1869,Santiago Motorizado,2022-11-05,2022,DISTRITO ANHEMBI,SANTIAGO MOTORIZADO
1870,Arctic Monkeys,2022-11-05,2022,DISTRITO ANHEMBI,ARCTIC MONKEYS
1871,Raveena,2022-11-06,2022,DISTRITO ANHEMBI,RAVEENA
1872,Massacration,2022-11-06,2022,AUDIO,MASSACRATION
1873,Föllakzoid,2022-11-06,2022,DISTRITO ANHEMBI,FOLLAKZOID
1874,Caroline Polachek,2022-11-06,2022,DISTRITO ANHEMBI,CAROLINE POLACHEK
1875,Don L,2022-11-06,2022,DISTRITO ANHEMBI,DON L
1876,Medulla,2022-11-06,2022,DISTRITO ANHEMBI,MEDULLA
1877,Mestre Ambrósio,2022-11-06,2022,SESC VILA MARIANA,MESTRE AMBROSIO
1878,Travis Scott,2022-11-06,2022,DISTRITO ANHEMBI,TRAVIS SCOTT
1879,Charli xcx,2022-11-06,2022,DISTRITO ANHEMBI,CHARLI XCX
1880,Señor Coconut and His Orchestra,2022-11-06,2022,DISTRITO ANHEMBI,SENOR COCONUT AND HIS ORCHESTRA
1881,Roberto Carlos,2022-11-06,2022,ESPACO UNIMED,ROBERTO CARLOS
1882,John Talabot,2022-11-06,2022,DISTRITO ANHEMBI,JOHN TALABOT
1883,Operador,2022-11-06,2022,AUDIO,OPERADOR
1884,Terno Rei,2022-11-06,2022,DISTRITO ANHEMBI,TERNO REI
1885,Japanese Breakfast,2022-11-06,2022,DISTRITO ANHEMBI,JAPANESE BREAKFAST
1886,Phoebe Bridgers,2022-11-06,2022,DISTRITO ANHEMBI,PHOEBE BRIDGERS
1887,Arca,2022-11-06,2022,DISTRITO ANHEMBI,ARCA
1888,JPEGMAFIA,2022-11-06,2022,DISTRITO ANHEMBI,JPEGMAFIA
1889,Jovem Dionisio,2022-11-06,2022,DISTRITO ANHEMBI,JOVEM DIONISIO
1890,Jade Baraldo,2022-11-06,2022,SESC BELENZINHO,JADE BARALDO
1891,Father John Misty,2022-11-06,2022,DISTRITO ANHEMBI,FATHER JOHN MISTY
1892,Julia Mestre,2022-11-06,2022,DISTRITO ANHEMBI,JULIA MESTRE
1893,MC Dricka,2022-11-06,2022,DISTRITO ANHEMBI,MC DRICKA
1894,Hermeto Pascoal,2022-11-06,2022,DISTRITO ANHEMBI,HERMETO PASCOAL
1895,VTSS feat. LSDXOXO,2022-11-06,2022,DISTRITO ANHEMBI,VTSS FEAT. LSDXOXO
1896,Maglore,2022-11-06,2022,DISTRITO ANHEMBI,MAGLORE
1897,CHAI,2022-11-06,2022,DISTRITO ANHEMBI,CHAI
1898,Jessie Ware,2022-11-06,2022,DISTRITO ANHEMBI,JESSIE WARE
1899,Lorde,2022-11-06,2022,DISTRITO ANHEMBI,LORDE
1900,Amaro Freitas,2022-11-06,2022,DISTRITO ANHEMBI,AMARO FREITAS
1901,Bad Gyal,2022-11-06,2022,DISTRITO ANHEMBI,BAD GYAL
1902,Michael Bublé,2022-11-06,2022,ALLIANZ PARQUE,MICHAEL BUBLE
1903,Fernando Rosa,2022-11-07,2022,JW MARRIOT HOTEL BALLROOM,FERNANDO ROSA
1904,Father John Misty,2022-11-08,2022,CINE JOIA,FATHER JOHN MISTY
1905,Roberto Carlos,2022-11-09,2022,ESPACO UNIMED,ROBERTO CARLOS
1906,Charli xcx,2022-11-09,2022,AUDIO,CHARLI XCX
1907,Mia Badgyal,2022-11-09,2022,AUDIO,MIA BADGYAL
1908,Mayhem,2022-11-10,2022,CARIOCA CLUB,MAYHEM
1909,Vazio,2022-11-10,2022,CARIOCA CLUB,VAZIO
1910,Omen,2022-11-10,2022,CARIOCA CLUB,OMEN
1911,Sérgio Britto,2022-11-10,2022,BLUE NOTE SAO PAULO,SERGIO BRITTO
1912,Flageladör,2022-11-10,2022,CARIOCA CLUB,FLAGELADOR
1913,Maiara & Maraisa,2022-11-11,2022,VIBRA SAO PAULO,MAIARA & MARAISA
1914,Hateen,2022-11-11,2022,CASA ROCKAMBOLE,HATEEN
1915,Mind Against,2022-11-11,2022,ARCA SPACES,MIND AGAINST
1916,Sven Väth,2022-11-11,2022,ARCA SPACES,SVEN VATH
1917,Jão,2022-11-11,2022,ESPACO UNIMED,JAO
1918,Alceu Valença,2022-11-12,2022,ESPACO UNIMED,ALCEU VALENCA
1919,Ben Klock,2022-11-12,2022,ARCA SPACES,BEN KLOCK
1920,shame,2022-11-12,2022,FABRIQUE CLUB,SHAME
1921,Peggy Gou,2022-11-12,2022,ARCA SPACES,PEGGY GOU
1922,The Killers,2022-11-12,2022,ALLIANZ PARQUE,THE KILLERS
1923,Biquini,2022-11-12,2022,ESPACO LESTE,BIQUINI
1924,Fresno,2022-11-12,2022,ALLIANZ PARQUE,FRESNO
1925,The Band CAMINO,2022-11-12,2022,ALLIANZ PARQUE,THE BAND CAMINO
1926,twenty one pilots,2022-11-12,2022,ALLIANZ PARQUE,TWENTY ONE PILOTS
1927,Bonnie Tyler,2022-11-12,2022,TOKIO MARINE HALL,BONNIE TYLER
1928,Hot Chip,2022-11-12,2022,ALLIANZ PARQUE,HOT CHIP
1929,Maz,2022-11-13,2022,ESPACO UNIMED,MAZ
1930,Kygo,2022-11-13,2022,ESPACO UNIMED,KYGO
1931,Bhaskar,2022-11-13,2022,ESPACO UNIMED,BHASKAR
1932,Frank Walker,2022-11-13,2022,ESPACO UNIMED,FRANK WALKER
1933,IZA,2022-11-13,2022,AUTODROMO DE INTERLAGOS,IZA
1934,Behemoth,2022-11-13,2022,AUDIO,BEHEMOTH
1935,Onanizer,2022-11-13,2022,INSTITUTO RAIZ DA SERRA,ONANIZER
1936,Arch Enemy,2022-11-13,2022,AUDIO,ARCH ENEMY
1937,Crypta,2022-11-13,2022,AUDIO,CRYPTA
1938,Nervosa,2022-11-13,2022,AUDIO,NERVOSA
1939,Jorge Aragão,2022-11-13,2022,AUTODROMO DE INTERLAGOS,JORGE ARAGAO
1940,shame,2022-11-14,2022,BAR ALTO,SHAME
1941,Zimbra,2022-11-14,2022,CINE JOIA,ZIMBRA
1942,Paulo Ricardo,2022-11-14,2022,FAUSTAO NA BAND,PAULO RICARDO
1943,Eric Martin,2022-11-15,2022,STONES MUSIC BAR,ERIC MARTIN
1945,Liam Gallagher,2022-11-15,2022,ESPACO UNIMED,LIAM GALLAGHER
1946,Livia Nery,2022-11-17,2022,SESC POMPEIA,LIVIA NERY
1947,Janine Mathias,2022-11-17,2022,SESC POMPEIA,JANINE MATHIAS
1948,Roberto Carlos,2022-11-17,2022,ESPACO UNIMED,ROBERTO CARLOS
1949,Mc Zaac,2022-11-17,2022,FAUSTAO NA BAND,MC ZAAC
1950,Kings of Convenience,2022-11-17,2022,AUDIO,KINGS OF CONVENIENCE
1951,Doyle,2022-11-18,2022,CAMPO DE MARTE,DOYLE
1952,Capital Inicial,2022-11-18,2022,ESPACO UNIMED,CAPITAL INICIAL
1953,Cirque du Soleil,2022-11-18,2022,PARQUE VILLA-LOBOS,CIRQUE DU SOLEIL
1954,Nevasca,2022-11-18,2022,CARDEAL PUB,NEVASCA
1955,Cátia de França,2022-11-18,2022,TEATRO ALFREDO MESQUITA,CATIA DE FRANCA
1956,Carbona,2022-11-18,2022,CAMPO DE MARTE,CARBONA
1957,Os Excluídos,2022-11-18,2022,CAMPO DE MARTE,OS EXCLUIDOS
1958,Selvagens à Procura de Lei,2022-11-18,2022,STUDIO SP,SELVAGENS A PROCURA DE LEI
1959,Adore Delano,2022-11-18,2022,FABRIQUE CLUB,ADORE DELANO
1960,Zumbis do Espaço,2022-11-18,2022,CAMPO DE MARTE,ZUMBIS DO ESPACO
1961,Ivete Sangalo,2022-11-18,2022,TOKIO MARINE HALL,IVETE SANGALO
1962,Foojammers,2022-11-18,2022,WILLI WILLIE BAR E ARQUERIA,FOOJAMMERS
1963,Daniela Mercury,2022-11-19,2022,ARENA ANHEMBI,DANIELA MERCURY
1964,Ego Absence,2022-11-19,2022,LEGENDS MUSIC & BAR,EGO ABSENCE
1965,Luísa Sonza,2022-11-19,2022,ARCA SPACES,LUISA SONZA
1966,Now United,2022-11-19,2022,ALLIANZ PARQUE,NOW UNITED
1967,Living Metal,2022-11-19,2022,LEGENDS MUSIC & BAR,LIVING METAL
1968,Marina Sena,2022-11-19,2022,ARENA ANHEMBI,MARINA SENA
1969,PEDRO SAMPAIO,2022-11-19,2022,ARCA SPACES,PEDRO SAMPAIO
1970,Eskröta,2022-11-19,2022,LA IGLESIA BORRATXERIA,ESKROTA
1971,Cemitério,2022-11-19,2022,LA IGLESIA BORRATXERIA,CEMITERIO
1972,Ambush,2022-11-19,2022,JAI CLUB,AMBUSH
1973,PRISCILLA,2022-11-19,2022,ARENA ANHEMBI,PRISCILLA
1974,Wizards,2022-11-19,2022,LEGENDS MUSIC & BAR,WIZARDS
1975,Axecuter,2022-11-19,2022,JAI CLUB,AXECUTER
1976,I Am Morbid,2022-11-19,2022,FABRIQUE CLUB,I AM MORBID
1977,Os Paralamas do Sucesso,2022-11-19,2022,VIBRA SAO PAULO,OS PARALAMAS DO SUCESSO
1978,Epica,2022-11-19,2022,AUDIO,EPICA
1979,Karol Conká,2022-11-19,2022,PARQUE VILLA-LOBOS,KAROL CONKA
1980,Aquaria,2022-11-19,2022,LEGENDS MUSIC & BAR,AQUARIA
1981,Carne Doce,2022-11-19,2022,SESC POMPEIA,CARNE DOCE
1982,Ivete Sangalo,2022-11-19,2022,ARENA ANHEMBI,IVETE SANGALO
1983,Wanessa Camargo,2022-11-19,2022,ARENA ANHEMBI,WANESSA CAMARGO
1984,Bixiga 70,2022-11-19,2022,SESC BELENZINHO,BIXIGA 70
1985,Caravellus,2022-11-19,2022,LEGENDS MUSIC & BAR,CARAVELLUS
1986,XFears,2022-11-19,2022,LEGENDS MUSIC & BAR,XFEARS
1987,Clash Bulldog’s,2022-11-20,2022,AVENIDA IPIRANGA,CLASH BULLDOG'S
1988,InDharma,2022-11-20,2022,AVENIDA IPIRANGA,INDHARMA
1989,Cátia de França,2022-11-20,2022,TEATRO JOAO CAETANO,CATIA DE FRANCA
1990,Detonautas Roque Clube,2022-11-20,2022,AVENIDA IPIRANGA,DETONAUTAS ROQUE CLUBE
1991,CPM 22,2022-11-20,2022,CAMPO DE MARTE,CPM 22
1992,Flicts,2022-11-20,2022,CAMPO DE MARTE,FLICTS
1993,Gritando HC,2022-11-20,2022,CAMPO DE MARTE,GRITANDO HC
1994,D.F.C.,2022-11-20,2022,CAMPO DE MARTE,D.F.C.
1995,Abraskadabra,2022-11-20,2022,CAMPO DE MARTE,ABRASKADABRA
1996,Pense,2022-11-20,2022,CAMPO DE MARTE,PENSE
1997,Colligere,2022-11-20,2022,CAMPO DE MARTE,COLLIGERE
1998,Garage Fuzz,2022-11-20,2022,CAMPO DE MARTE,GARAGE FUZZ
1999,Forgotten Boys,2022-11-20,2022,CAMPO DE MARTE,FORGOTTEN BOYS
2000,Supercombo,2022-11-20,2022,AVENIDA IPIRANGA,SUPERCOMBO
2001,Almir Sater,2022-11-20,2022,TEATRO BRADESCO,ALMIR SATER
2002,Black Pantera,2022-11-20,2022,AVENIDA IPIRANGA,BLACK PANTERA
2003,Espacialrias,2022-11-20,2022,ESPACO AUTHORAL,ESPACIALRIAS
2004,Biquini,2022-11-22,2022,HOTEL ROSEWOOD,BIQUINI
2005,Dazaranha,2022-11-22,2022,BLUE NOTE SAO PAULO,DAZARANHA
2006,Gustavo Mioto,2022-11-24,2022,VALE DO ANHANGABAU,GUSTAVO MIOTO
2007,Léo Santana,2022-11-24,2022,VALE DO ANHANGABAU,LEO SANTANA
2008,Matuê,2022-11-24,2022,PARQUE DO IBIRAPUERA,MATUE
2009,L7NNON,2022-11-24,2022,PARQUE DO IBIRAPUERA,L7NNON
2010,DENNIS,2022-11-24,2022,PARQUE DO IBIRAPUERA,DENNIS
2011,KARTAS,2022-11-24,2022,PORTA,KARTAS
2012,Wesley Safadão,2022-11-24,2022,PARQUE DO IBIRAPUERA,WESLEY SAFADAO
2013,Ana Carolina,2022-11-25,2022,VIBRA SAO PAULO,ANA CAROLINA
2014,Azymuth,2022-11-25,2022,CITY LIGHTS MUSIC HALL,AZYMUTH
2015,Golden Child,2022-11-25,2022,VIP STATION,GOLDEN CHILD
2016,Marcos Valle,2022-11-25,2022,CITY LIGHTS MUSIC HALL,MARCOS VALLE
2017,Jota Quest,2022-11-25,2022,CLUBE CIRCULO MILITAR,JOTA QUEST
2018,Caetano Veloso,2022-11-25,2022,ESPACO UNIMED,CAETANO VELOSO
2019,Joelma,2022-11-25,2022,CENTRO DE TRADICOES NORDESTINAS,JOELMA
2020,Filipe Ret,2022-11-26,2022,PARQUE DO IBIRAPUERA,FILIPE RET
2021,While She Sleeps,2022-11-26,2022,VIP STATION,WHILE SHE SLEEPS
2022,Karnak,2022-11-26,2022,BLUE NOTE SAO PAULO,KARNAK
2023,Gusttavo Lima,2022-11-26,2022,ALLIANZ PARQUE,GUSTTAVO LIMA
2024,Manu Gavassi,2022-11-26,2022,TOKIO MARINE HALL,MANU GAVASSI
2025,Nevasca,2022-11-26,2022,VILA PAULISTANIA,NEVASCA
2026,Jay B,2022-11-26,2022,VIBRA SAO PAULO,JAY B
2027,Cubüs,2022-11-26,2022,PORAO DA CERVEJA,CUBUS
2028,Decreto Lei 50,2022-11-26,2022,SILSI ROCK TATTOO BAR,DECRETO LEI 50
2029,Marcelo D2,2022-11-26,2022,PARQUE DO IBIRAPUERA,MARCELO D2
2030,As Mercenárias,2022-11-26,2022,ASSOCIACAO CULTURAL CECILIA,AS MERCENARIAS
2031,VOLA,2022-11-26,2022,FABRIQUE CLUB,VOLA
2032,Terno Rei,2022-11-26,2022,CASA NATURA MUSICAL,TERNO REI
2033,Axty,2022-11-26,2022,VIP STATION,AXTY
2034,Caetano Veloso,2022-11-26,2022,ESPACO UNIMED,CAETANO VELOSO
2035,Mombojó,2022-11-26,2022,STUDIO SP,MOMBOJO
2036,Azymuth,2022-11-26,2022,ASSOCIACAO CULTURAL CECILIA,AZYMUTH
2037,Racionais MC’s,2022-11-26,2022,PARQUE DO IBIRAPUERA,RACIONAIS MC'S
2038,The Lautreamonts,2022-11-26,2022,PORAO DA CERVEJA,THE LAUTREAMONTS
2039,Maiara & Maraisa,2022-11-26,2022,ALLIANZ PARQUE,MAIARA & MARAISA
2040,Dennis e o Cão da Meia-Noite,2022-11-26,2022,PORAO DA CERVEJA,DENNIS E O CAO DA MEIA-NOITE
2041,Ballet Clandestino,2022-11-26,2022,PORAO DA CERVEJA,BALLET CLANDESTINO
2042,Caetano Veloso,2022-11-27,2022,ESPACO UNIMED,CAETANO VELOSO
2043,Alice Phoebe Lou,2022-11-27,2022,CINE JOIA,ALICE PHOEBE LOU
2044,YMA,2022-11-27,2022,CINE JOIA,YMA
2045,Decreto Lei 50,2022-11-27,2022,SILSI ROCK TATTOO BAR,DECRETO LEI 50
2046,Terno Rei,2022-11-27,2022,CASA NATURA MUSICAL,TERNO REI
2047,GBH,2022-11-27,2022,FABRIQUE CLUB,GBH
2048,Sinistra,2022-11-27,2022,TIARLINDA EVENTOS,SINISTRA
2049,Karnak,2022-11-27,2022,BLUE NOTE SAO PAULO,KARNAK
2050,Lucas Inutilismo,2022-11-28,2022,AUDIO,LUCAS INUTILISMO
2051,Alexandre Pires,2022-11-28,2022,PARQUE DO IBIRAPUERA,ALEXANDRE PIRES
2052,Dubdogz,2022-11-28,2022,PARQUE DO IBIRAPUERA,DUBDOGZ
2053,Jorge & Mateus,2022-11-28,2022,PARQUE DO IBIRAPUERA,JORGE & MATEUS
2054,Mari Fernandez,2022-11-28,2022,PARQUE DO IBIRAPUERA,MARI FERNANDEZ
2055,Juliette,2022-11-28,2022,GINASIO DO IBIRAPUERA,JULIETTE
2056,Joelma,2022-11-29,2022,ENCONTRO COM PATRICIA POETA,JOELMA
2057,Nevasca,2022-11-30,2022,SENAC,NEVASCA
2058,Warhammer,2022-11-30,2022,LEGENDS MUSIC & BAR,WARHAMMER
2059,Gaerea,2022-11-30,2022,LEGENDS MUSIC & BAR,GAEREA
2060,Sandy,2022-11-30,2022,VIBRA SAO PAULO,SANDY
2062,Karen Jonz,2022-12-01,2022,CINECLUBE CORTINA,KAREN JONZ
2063,Sandy,2022-12-01,2022,VIBRA SAO PAULO,SANDY
2064,Russ,2022-12-01,2022,AUDIO,RUSS
2065,Gab Ferreira,2022-12-01,2022,CINECLUBE CORTINA,GAB FERREIRA
2066,Ivete Sangalo,2022-12-02,2022,UNIQUE HOTEL,IVETE SANGALO
2067,Gloria,2022-12-02,2022,HANGAR 110,GLORIA
2068,Turma do Pagode,2022-12-02,2022,PARQUE DO IBIRAPUERA,TURMA DO PAGODE
2069,Alok,2022-12-02,2022,PARQUE DO IBIRAPUERA,ALOK
2070,Marina Lima,2022-12-02,2022,BLUE NOTE SAO PAULO,MARINA LIMA
2071,Malifoo,2022-12-02,2022,PRIVATE VENUE,MALIFOO
2072,Orquestra Sinfônica do Estado de São Paulo,2022-12-02,2022,SALA SAO PAULO,ORQUESTRA SINFONICA DO ESTADO DE SAO PAULO
2073,Banda Eva,2022-12-02,2022,PRIVATE VENUE,BANDA EVA
2074,Matheus & Kauan,2022-12-02,2022,PRIVATE VENUE,MATHEUS & KAUAN
2075,Tulipa Ruiz,2022-12-02,2022,SESC BELENZINHO,TULIPA RUIZ
2076,Humberto Gessinger,2022-12-02,2022,TOKIO MARINE HALL,HUMBERTO GESSINGER
2077,Axty,2022-12-02,2022,HANGAR 110,AXTY
2078,Anitta,2022-12-02,2022,PARQUE DO IBIRAPUERA,ANITTA
2079,BaianaSystem,2022-12-03,2022,MEMORIAL DA AMERICA LATINA,BAIANASYSTEM
2080,Silva,2022-12-03,2022,PARQUE DO IBIRAPUERA,SILVA
2081,Agrotóxico,2022-12-03,2022,HANGAR 110,AGROTOXICO
2082,Jão,2022-12-03,2022,PARQUE DO IBIRAPUERA,JAO
2083,Terno Rei,2022-12-03,2022,CULTURA LIVRE,TERNO REI
2084,Zé Ramalho,2022-12-03,2022,TOKIO MARINE HALL,ZE RAMALHO
2085,Pitty & Nando Reis,2022-12-03,2022,VIBRA SAO PAULO,PITTY & NANDO REIS
2086,Luísa Sonza,2022-12-03,2022,PARQUE DO IBIRAPUERA,LUISA SONZA
2087,Halleck,2022-12-03,2022,PORAO DA CERVEJA,HALLECK
2088,Zander,2022-12-03,2022,CENTRO CULTURAL TENDAL DA LAPA,ZANDER
2089,Mukeka di Rato,2022-12-03,2022,CENTRO CULTURAL TENDAL DA LAPA,MUKEKA DI RATO
2090,Bob Moses,2022-12-03,2022,PRACA DAS ARTES,BOB MOSES
2091,Marina Lima,2022-12-03,2022,BLUE NOTE SAO PAULO,MARINA LIMA
2092,Dominatrix,2022-12-03,2022,CENTRO CULTURAL TENDAL DA LAPA,DOMINATRIX
2093,Tulipa Ruiz,2022-12-03,2022,SESC BELENZINHO,TULIPA RUIZ
2094,The Exploited,2022-12-03,2022,HANGAR 110,THE EXPLOITED
2095,Lucifer,2022-12-03,2022,FABRIQUE CLUB,LUCIFER
2096,Metade de Mim,2022-12-03,2022,BAY AREA ESTUDIOS,METADE DE MIM
2097,MC Soffia,2022-12-04,2022,MEMORIAL DA AMERICA LATINA,MC SOFFIA
2098,Watain,2022-12-04,2022,FABRIQUE CLUB,WATAIN
2099,Titãs,2022-12-04,2022,TOKIO MARINE HALL,TITAS
2100,Supla,2022-12-04,2022,TOKIO MARINE HALL,SUPLA
2101,Fantastic Negrito,2022-12-04,2022,BLUE NOTE SAO PAULO,FANTASTIC NEGRITO
2102,Exodus,2022-12-04,2022,CARIOCA CLUB,EXODUS
2103,Skinner Project,2022-12-04,2022,RED STAR STUDIOS,SKINNER PROJECT
2104,IZA,2022-12-04,2022,MEMORIAL DA AMERICA LATINA,IZA
2105,Metronomy,2022-12-04,2022,CINE JOIA,METRONOMY
2106,Torture Squad,2022-12-04,2022,CARIOCA CLUB,TORTURE SQUAD
2107,Crypta,2022-12-04,2022,CENTRO CULTURAL DA JUVENTUDE RUTH CARDOSO,CRYPTA
2108,Kaê Guajajara,2022-12-04,2022,MEMORIAL DA AMERICA LATINA,KAE GUAJAJARA
2109,Plebe Rude,2022-12-04,2022,TOKIO MARINE HALL,PLEBE RUDE
2110,Fancy Inc,2022-12-04,2022,ESPACO UNIMED,FANCY INC
2111,The Rose,2022-12-04,2022,ESPACO UNIMED,THE ROSE
2112,Casagrande & Hanysz,2022-12-05,2022,CARIOCA CLUB,CASAGRANDE & HANYSZ
2113,NATTAN,2022-12-05,2022,PARQUE DO IBIRAPUERA,NATTAN
2114,Matheus & Kauan,2022-12-05,2022,VALE DO ANHANGABAU,MATHEUS & KAUAN
2115,Animals as Leaders,2022-12-05,2022,CARIOCA CLUB,ANIMALS AS LEADERS
2116,Matheus & Kauan,2022-12-05,2022,PARQUE DO IBIRAPUERA,MATHEUS & KAUAN
2117,Raça Negra,2022-12-05,2022,PARQUE DO IBIRAPUERA,RACA NEGRA
2118,Lucifer,2022-12-06,2022,LA IGLESIA BORRATXERIA,LUCIFER
2119,Original Koffee,2022-12-06,2022,ALLIANZ PARQUE,ORIGINAL KOFFEE
2120,Harry Styles,2022-12-06,2022,ALLIANZ PARQUE,HARRY STYLES
2121,Ziminino,2022-12-08,2022,SESC POMPEIA,ZIMININO
2122,Dandara Manoela,2022-12-08,2022,SESC POMPEIA,DANDARA MANOELA
2123,Il Volo,2022-12-08,2022,ENCONTRO COM PATRICIA POETA,IL VOLO
2124,Pelados,2022-12-08,2022,SESC VILA MARIANA,PELADOS
2125,Amaro Freitas & Zé Manoel,2022-12-08,2022,GALERIA OLIDO,AMARO FREITAS & ZE MANOEL
2126,Terno Rei,2022-12-08,2022,ESTUDIO TRAMA,TERNO REI
2127,FBC,2022-12-08,2022,CITY LIGHTS MUSIC HALL,FBC
2128,Vazio,2022-12-09,2022,LA IGLESIA BORRATXERIA,VAZIO
2129,Manger Cadavre?,2022-12-09,2022,LA IGLESIA BORRATXERIA,MANGER CADAVRE?
2130,Blackning,2022-12-09,2022,LA IGLESIA BORRATXERIA,BLACKNING
2131,Walfredo em Busca da Simbiose,2022-12-09,2022,BAR ALTO,WALFREDO EM BUSCA DA SIMBIOSE
2132,Eros Ramazzotti,2022-12-09,2022,VIBRA SAO PAULO,EROS RAMAZZOTTI
2133,Vitor Ramil,2022-12-09,2022,SESC SANTANA,VITOR RAMIL
2134,Cleef,2022-12-09,2022,FENDA 315,CLEEF
2135,Desalmado,2022-12-09,2022,LA IGLESIA BORRATXERIA,DESALMADO
2136,Osvaldo Pereira,2022-12-10,2022,NEO QUIMICA ARENA,OSVALDO PEREIRA
2137,Zezé Di Camargo & Luciano,2022-12-10,2022,ALLIANZ PARQUE,ZEZE DI CAMARGO & LUCIANO
2138,Chitãozinho & Xororó,2022-12-10,2022,ALLIANZ PARQUE,CHITAOZINHO & XORORO
2139,O Kannalha,2022-12-10,2022,NEO QUIMICA ARENA,O KANNALHA
2140,GRC Escola de Samba Vai Vai,2022-12-10,2022,NEO QUIMICA ARENA,GRC ESCOLA DE SAMBA VAI VAI
2141,Mu540,2022-12-10,2022,NEO QUIMICA ARENA,MU540
2142,Fat Family,2022-12-10,2022,NEO QUIMICA ARENA,FAT FAMILY
2143,Bixarte,2022-12-10,2022,NEO QUIMICA ARENA,BIXARTE
2144,Rennan da Penha,2022-12-10,2022,NEO QUIMICA ARENA,RENNAN DA PENHA
2145,Afrobapho,2022-12-10,2022,NEO QUIMICA ARENA,AFROBAPHO
2146,Ivete Sangalo,2022-12-10,2022,CLUBE ATLETICO MONTE LIBANO,IVETE SANGALO
2147,EVEHIVE,2022-12-10,2022,NEO QUIMICA ARENA,EVEHIVE
2148,Deize Tigrona,2022-12-10,2022,NEO QUIMICA ARENA,DEIZE TIGRONA
2149,Discharge,2022-12-10,2022,FABRIQUE CLUB,DISCHARGE
2150,Urias,2022-12-10,2022,NEO QUIMICA ARENA,URIAS
2151,Afro B,2022-12-10,2022,NEO QUIMICA ARENA,AFRO B
2152,ÀTTØØXXÁ,2022-12-10,2022,NEO QUIMICA ARENA,ATTØØXXA
2153,Molho Negro,2022-12-10,2022,HANGAR 110,MOLHO NEGRO
2154,Adriana Calcanhotto,2022-12-10,2022,CASA NATURA MUSICAL,ADRIANA CALCANHOTTO
2155,Eduardo Costa,2022-12-10,2022,ALLIANZ PARQUE,EDUARDO COSTA
2156,Boate Azul Ao Vivo,2022-12-10,2022,ALLIANZ PARQUE,BOATE AZUL AO VIVO
2157,Bruno & Marrone,2022-12-10,2022,ALLIANZ PARQUE,BRUNO & MARRONE
2158,LUDMILLA,2022-12-10,2022,NEO QUIMICA ARENA,LUDMILLA
2159,Sugar Kane,2022-12-10,2022,HANGAR 110,SUGAR KANE
2160,Jennifer Souza,2022-12-11,2022,TOKIO MARINE HALL,JENNIFER SOUZA
2161,Samael,2022-12-11,2022,AUDIO,SAMAEL
2162,PLUMA,2022-12-11,2022,TOKIO MARINE HALL,PLUMA
2163,Alvvays,2022-12-11,2022,TOKIO MARINE HALL,ALVVAYS
2164,Trovão,2022-12-11,2022,LEGENDS MUSIC & BAR,TROVAO
2165,Fleet Foxes,2022-12-11,2022,TOKIO MARINE HALL,FLEET FOXES
2166,Ombu,2022-12-11,2022,TOKIO MARINE HALL,OMBU
2167,Discharge,2022-12-11,2022,FABRIQUE CLUB,DISCHARGE
2168,Crumb,2022-12-11,2022,TOKIO MARINE HALL,CRUMB
2169,Ratos de Porão,2022-12-11,2022,FABRIQUE CLUB,RATOS DE PORAO
2170,Hypocrisy,2022-12-11,2022,AUDIO,HYPOCRISY
2171,Pense,2022-12-11,2022,CINE JOIA,PENSE
2172,Medulla,2022-12-11,2022,CINE JOIA,MEDULLA
2173,Jão,2022-12-11,2022,NOVO ANHANGABAU,JAO
2174,Bruno Berle,2022-12-11,2022,TOKIO MARINE HALL,BRUNO BERLE
2175,Otto,2022-12-13,2022,CASA DE FRANCISCA,OTTO
2176,Harry Styles,2022-12-13,2022,ALLIANZ PARQUE,HARRY STYLES
2177,Original Koffee,2022-12-13,2022,ALLIANZ PARQUE,ORIGINAL KOFFEE
2178,PEDRO SAMPAIO,2022-12-14,2022,AUDIO,PEDRO SAMPAIO
2179,Harry Styles,2022-12-14,2022,ALLIANZ PARQUE,HARRY STYLES
2180,Original Koffee,2022-12-14,2022,ALLIANZ PARQUE,ORIGINAL KOFFEE
2181,Trivium,2022-12-14,2022,CINE JOIA,TRIVIUM
2182,Pantera,2022-12-15,2022,VIBRA SAO PAULO,PANTERA
2183,Boogarins,2022-12-15,2022,CITY LIGHTS MUSIC HALL,BOOGARINS
2184,Judas Priest,2022-12-15,2022,VIBRA SAO PAULO,JUDAS PRIEST
2185,Orquestra Sinfônica do Estado de São Paulo,2022-12-15,2022,SALA SAO PAULO,ORQUESTRA SINFONICA DO ESTADO DE SAO PAULO
2186,Xênia França,2022-12-15,2022,CENTRO CULTURAL SAO PAULO,XENIA FRANCA
2187,Bring Me the Horizon,2022-12-16,2022,VIBRA SAO PAULO,BRING ME THE HORIZON
2188,Los Sebosos Postizos,2022-12-16,2022,SESC POMPEIA,LOS SEBOSOS POSTIZOS
2189,Polara,2022-12-16,2022,ASSOCIACAO CULTURAL CECILIA,POLARA
2190,Orquestra Sinfônica do Estado de São Paulo,2022-12-16,2022,SALA SAO PAULO,ORQUESTRA SINFONICA DO ESTADO DE SAO PAULO
2191,Tuyo,2022-12-16,2022,STUDIO SP,TUYO
2192,Fernanda Takai,2022-12-16,2022,FACULDADE DE DIREITO DA UNIVERSIDADE DE SAO PAULO,FERNANDA TAKAI
2193,Orange Disaster,2022-12-16,2022,ESTUDIO AURORA,ORANGE DISASTER
2194,Vended,2022-12-16,2022,VIBRA SAO PAULO,VENDED
2195,Nirvana Experience (ex-Hormoaning),2022-12-17,2022,BITCHO'S BAR,NIRVANA EXPERIENCE (EX-HORMOANING)
2196,Metade de Mim,2022-12-17,2022,HANGAR 110,METADE DE MIM
2197,Em Ruínas,2022-12-17,2022,JAI CLUB,EM RUINAS
2198,Cemitério,2022-12-17,2022,JAI CLUB,CEMITERIO
2199,YUYU20,2022-12-17,2022,DISTRITO ANHEMBI,YUYU20
2200,Los Sebosos Postizos,2022-12-17,2022,SESC POMPEIA,LOS SEBOSOS POSTIZOS
2201,Selvageria,2022-12-17,2022,JAI CLUB,SELVAGERIA
2202,Mariene de Castro,2022-12-17,2022,SESC POMPEIA,MARIENE DE CASTRO
2203,Marisa Monte,2022-12-17,2022,PARQUE DO IBIRAPUERA,MARISA MONTE
2204,Seu Jorge,2022-12-17,2022,PARQUE DO IBIRAPUERA,SEU JORGE
2205,Maglore,2022-12-17,2022,CINE JOIA,MAGLORE
2206,Orquestra Sinfônica do Estado de São Paulo,2022-12-17,2022,SALA SAO PAULO,ORQUESTRA SINFONICA DO ESTADO DE SAO PAULO
2207,PEDRO SAMPAIO,2022-12-17,2022,NOVO ANHANGABAU,PEDRO SAMPAIO
2208,Luedji Luna,2022-12-17,2022,CASA NATURA MUSICAL,LUEDJI LUNA
2209,Wesley Safadão,2022-12-17,2022,NOVO ANHANGABAU,WESLEY SAFADAO
2210,Jorge & Mateus,2022-12-17,2022,NOVO ANHANGABAU,JORGE & MATEUS
2211,Bullet Bane,2022-12-17,2022,CITY LIGHTS MUSIC HALL,BULLET BANE
2212,Foojammers,2022-12-17,2022,CARDEAL PUB,FOOJAMMERS
2213,Senpai Old School,2022-12-18,2022,DISTRITO ANHEMBI,SENPAI OLD SCHOOL
2214,Pantera,2022-12-18,2022,SAMBODROMO DO ANHEMBI,PANTERA
2215,AKINO,2022-12-18,2022,DISTRITO ANHEMBI,AKINO
2216,Guilherme de Sá,2022-12-18,2022,CARIOCA CLUB,GUILHERME DE SA
2217,Judas Priest,2022-12-18,2022,SAMBODROMO DO ANHEMBI,JUDAS PRIEST
2218,Bring Me the Horizon,2022-12-18,2022,SAMBODROMO DO ANHEMBI,BRING ME THE HORIZON
2219,Mr. Bungle,2022-12-18,2022,SAMBODROMO DO ANHEMBI,MR. BUNGLE
2220,Wasabi,2022-12-18,2022,DISTRITO ANHEMBI,WASABI
2221,Project46,2022-12-18,2022,SAMBODROMO DO ANHEMBI,PROJECT46
2222,Maglore,2022-12-18,2022,CINE JOIA,MAGLORE
2223,Orquestra Experimental de Repertório,2022-12-18,2022,THEATRO MUNICIPAL DE SAO PAULO,ORQUESTRA EXPERIMENTAL DE REPERTORIO
2224,Orquestra Sinfônica do Estado de São Paulo,2022-12-18,2022,SALA SAO PAULO,ORQUESTRA SINFONICA DO ESTADO DE SAO PAULO
2225,Slipknot,2022-12-18,2022,SAMBODROMO DO ANHEMBI,SLIPKNOT
2226,Sepultura,2022-12-18,2022,SAMBODROMO DO ANHEMBI,SEPULTURA
2227,Vended,2022-12-18,2022,SAMBODROMO DO ANHEMBI,VENDED
2228,Trivium,2022-12-18,2022,SAMBODROMO DO ANHEMBI,TRIVIUM
2229,Black Pantera,2022-12-18,2022,SAMBODROMO DO ANHEMBI,BLACK PANTERA
2230,Jimmy & Rats,2022-12-18,2022,SAMBODROMO DO ANHEMBI,JIMMY & RATS
2231,Oitão,2022-12-18,2022,SAMBODROMO DO ANHEMBI,OITAO
2232,"Francisco, el Hombre",2022-12-19,2022,CASA DE CULTURA MUNICIPAL DA VILA GUILHERME - CASARAO,"FRANCISCO, EL HOMBRE"
2233,Potyguara Bardo,2022-12-19,2022,CASA DE CULTURA MUNICIPAL DA VILA GUILHERME - CASARAO,POTYGUARA BARDO
2234,Tom Zé,2022-12-19,2022,TEATRO SERGIO CARDOSO,TOM ZE
2235,Tó Brandileone,2022-12-20,2022,BONA CASA DE MUSICA,TO BRANDILEONE
2236,Potyguara Bardo,2022-12-20,2022,CASA DE CULTURA MUNICIPAL DA VILA GUILHERME - CASARAO,POTYGUARA BARDO
2237,"Francisco, el Hombre",2022-12-20,2022,CASA DE CULTURA MUNICIPAL DA VILA GUILHERME - CASARAO,"FRANCISCO, EL HOMBRE"
2238,Tim Bernardes,2022-12-20,2022,THEATRO MUNICIPAL DE SAO PAULO,TIM BERNARDES
2240,Daniel,2022-12-21,2022,VIBRA SAO PAULO,DANIEL
2241,Zé Ibarra,2022-12-22,2022,CINECLUBE CORTINA,ZE IBARRA
2242,LUDMILLA,2022-12-23,2022,ESPACO UNIMED,LUDMILLA
2243,Mc Don Juan,2022-12-23,2022,ESPACO UNIMED,MC DON JUAN
2244,MC Hariel,2022-12-23,2022,ESPACO UNIMED,MC HARIEL
2245,MC Livinho,2022-12-23,2022,ESPACO UNIMED,MC LIVINHO
2246,The Ocean,2022-12-28,2022,CARIOCA CLUB,THE OCEAN
2247,Decreto Lei 50,2022-12-30,2022,INSTITUTO CULTURAL BOLIVIA ROCK,DECRETO LEI 50
2248,Xamã,2022-12-31,2022,AVENIDA PAULISTA,XAMA
2249,Leonardo,2023-01-01,2023,AVENIDA PAULISTA,LEONARDO
2250,Alaíde Costa,2023-01-04,2023,SESC POMPEIA,ALAIDE COSTA
2251,Don L,2023-01-06,2023,SESC BOM RETIRO,DON L
2252,Tom Zé,2023-01-06,2023,SESC BELENZINHO,TOM ZE
2253,Krisiun,2023-01-06,2023,SESC BELENZINHO,KRISIUN
2254,Bala Desejo,2023-01-07,2023,TEATRO SESC 24 DE MAIO,BALA DESEJO
2255,Don L,2023-01-07,2023,SESC BOM RETIRO,DON L
2256,Krisiun,2023-01-07,2023,SESC BELENZINHO,KRISIUN
2257,medicos cubanos,2023-01-08,2023,PORAO DA CERVEJA,MEDICOS CUBANOS
2258,Bala Desejo,2023-01-08,2023,TEATRO SESC 24 DE MAIO,BALA DESEJO
2259,Terno Rei,2023-01-08,2023,SESC BOM RETIRO,TERNO REI
2260,Tom Zé,2023-01-08,2023,SESC BELENZINHO,TOM ZE
2261,Supercombo,2023-01-08,2023,CASA ROCKAMBOLE,SUPERCOMBO
2262,Lupe de Lupe,2023-01-12,2023,RED STAR STUDIOS,LUPE DE LUPE
2263,Fernanda Takai,2023-01-12,2023,SESC POMPEIA,FERNANDA TAKAI
2264,Fernanda Takai,2023-01-13,2023,SESC POMPEIA,FERNANDA TAKAI
2265,Giovani Cidreira,2023-01-13,2023,SESC BELENZINHO,GIOVANI CIDREIRA
2266,Orquestra Brasileira de Música Jamaicana,2023-01-14,2023,BLUE NOTE SAO PAULO,ORQUESTRA BRASILEIRA DE MUSICA JAMAICANA
2267,Roupa Nova,2023-01-14,2023,VIBRA SAO PAULO,ROUPA NOVA
2268,Tuatha de Danann,2023-01-14,2023,JAI CLUB,TUATHA DE DANANN
2269,Allen Key,2023-01-14,2023,JAI CLUB,ALLEN KEY
2270,Giallos,2023-01-15,2023,ASSOCIACAO CULTURAL CECILIA,GIALLOS
2271,Xand Avião,2023-01-15,2023,MEMORIAL DA AMERICA LATINA,XAND AVIAO
2272,Valesca Popozuda,2023-01-15,2023,MEMORIAL DA AMERICA LATINA,VALESCA POPOZUDA
2273,Anitta,2023-01-15,2023,MEMORIAL DA AMERICA LATINA,ANITTA
2274,Filipe Ret,2023-01-15,2023,MEMORIAL DA AMERICA LATINA,FILIPE RET
2275,Orange Disaster,2023-01-15,2023,ASSOCIACAO CULTURAL CECILIA,ORANGE DISASTER
2276,Luedji Luna,2023-01-15,2023,MEMORIAL DA AMERICA LATINA,LUEDJI LUNA
2277,Gabriel Thomaz,2023-01-15,2023,ASSOCIACAO CULTURAL CECILIA,GABRIEL THOMAZ
2278,Gloria Groove,2023-01-15,2023,MEMORIAL DA AMERICA LATINA,GLORIA GROOVE
2279,Hodari,2023-01-17,2023,BLUE NOTE SAO PAULO,HODARI
2280,Jack Johnson,2023-01-18,2023,ESPACO UNIMED,JACK JOHNSON
2281,Ivete Sangalo,2023-01-18,2023,SHERATON HOTEL,IVETE SANGALO
2282,NCT 127,2023-01-18,2023,VIBRA SAO PAULO,NCT 127
2283,Rogê,2023-01-18,2023,ESPACO UNIMED,ROGE
2284,NCT 127,2023-01-19,2023,VIBRA SAO PAULO,NCT 127
2285,Geoff Tate,2023-01-20,2023,TOKIO MARINE HALL,GEOFF TATE
2286,NCT 127,2023-01-20,2023,VIBRA SAO PAULO,NCT 127
2287,Marenna,2023-01-20,2023,TOKIO MARINE HALL,MARENNA
2288,Höröyá,2023-01-20,2023,SESC POMPEIA,HOROYA
2289,Emicida,2023-01-20,2023,ESPACO UNIMED,EMICIDA
2290,Lenine,2023-01-20,2023,SESC POMPEIA,LENINE
2291,E a Terra Nunca Me Pareceu Tão Distante,2023-01-20,2023,BAR ALTO,E A TERRA NUNCA ME PARECEU TAO DISTANTE
2292,Tiësto,2023-01-20,2023,LAROC CLUB,TIESTO
2293,Tropical Nada,2023-01-20,2023,STUDIO SP,TROPICAL NADA
2294,Wander Wildner,2023-01-20,2023,CLANDESTINO ESTUDIO,WANDER WILDNER
2295,Eduardo Falaschi,2023-01-21,2023,TOKIO MARINE HALL,EDUARDO FALASCHI
2296,Silva,2023-01-21,2023,MEMORIAL DA AMERICA LATINA,SILVA
2297,Erykah Badu,2023-01-21,2023,MEMORIAL DA AMERICA LATINA,ERYKAH BADU
2298,Wanessa Camargo,2023-01-21,2023,FESTIVAL AGRADA GREGOS 2023,WANESSA CAMARGO
2299,Karnak,2023-01-21,2023,TEATRO SESC 24 DE MAIO,KARNAK
2300,Bicho de Pé,2023-01-21,2023,SESC BELENZINHO,BICHO DE PE
2301,Tatá Aeroplano,2023-01-21,2023,SESC BELENZINHO,TATA AEROPLANO
2302,Edgar,2023-01-21,2023,SESC POMPEIA,EDGAR
2303,BRAZA,2023-01-21,2023,AUDIO,BRAZA
2304,Karnak,2023-01-22,2023,TEATRO SESC 24 DE MAIO,KARNAK
2305,Fresno,2023-01-24,2023,ESPACO LESTE,FRESNO
2306,Danilo Caymmi,2023-01-24,2023,BLUE NOTE SAO PAULO,DANILO CAYMMI
2307,CPM 22,2023-01-24,2023,ESPACO LESTE,CPM 22
2308,Nando Reis,2023-01-25,2023,CENTRO CULTURAL SAO PAULO,NANDO REIS
2309,Almir Sater,2023-01-25,2023,VALE DO ANHANGABAU,ALMIR SATER
2310,Fresno,2023-01-25,2023,VALE DO ANHANGABAU,FRESNO
2311,Di Ferrero,2023-01-25,2023,CENTRO CULTURAL TENDAL DA LAPA,DI FERRERO
2312,João Gomes,2023-01-25,2023,VALE DO ANHANGABAU,JOAO GOMES
2313,Dona Onete,2023-01-25,2023,VALE DO ANHANGABAU,DONA ONETE
2314,Belo,2023-01-25,2023,VALE DO ANHANGABAU,BELO
2315,Douglas Germano,2023-01-25,2023,SESC INTERLAGOS,DOUGLAS GERMANO
2316,Karnak,2023-01-25,2023,TEATRO SESC 24 DE MAIO,KARNAK
2317,Xamã,2023-01-26,2023,THE MASKED SINGER BRASIL,XAMA
2318,Mano Walter,2023-01-26,2023,THE MASKED SINGER BRASIL,MANO WALTER
2319,Ivete Sangalo,2023-01-26,2023,THE MASKED SINGER BRASIL,IVETE SANGALO
2320,Babu Santana,2023-01-26,2023,THE MASKED SINGER BRASIL,BABU SANTANA
2321,Flay,2023-01-26,2023,THE MASKED SINGER BRASIL,FLAY
2322,Luccas Carlos,2023-01-26,2023,SESC POMPEIA,LUCCAS CARLOS
2323,O Grilo,2023-01-26,2023,CASA ROCKAMBOLE,O GRILO
2324,PLUMA,2023-01-26,2023,CASA ROCKAMBOLE,PLUMA
2325,Larissa Luz,2023-01-26,2023,THE MASKED SINGER BRASIL,LARISSA LUZ
2326,Nirvana Experience (ex-Hormoaning),2023-01-27,2023,RELICARIO ROCK BAR,NIRVANA EXPERIENCE (EX-HORMOANING)
2327,Backstreet Boys,2023-01-27,2023,ALLIANZ PARQUE,BACKSTREET BOYS
2328,Wanessa Camargo,2023-01-27,2023,HIGH CLUB,WANESSA CAMARGO
2329,Luísa Sonza,2023-01-27,2023,ESPACO UNIMED,LUISA SONZA
2330,Evan Dando,2023-01-27,2023,FFFRONT,EVAN DANDO
2331,Twinpine(s),2023-01-27,2023,FFFRONT,TWINPINE(S)
2332,Gustthavo,2023-01-27,2023,CASA DE SHOW ESPECIFICA,GUSTTHAVO
2333,Febre90s,2023-01-27,2023,CINECLUBE CORTINA,FEBRE90S
2334,Backstreet Boys,2023-01-28,2023,ALLIANZ PARQUE,BACKSTREET BOYS
2335,Torture Squad,2023-01-28,2023,JAI CLUB,TORTURE SQUAD
2336,BK,2023-01-28,2023,AUDIO,BK
2337,Shea Couleé,2023-01-28,2023,CINE JOIA,SHEA COULEE
2338,Lexa,2023-01-28,2023,VIP STATION,LEXA
2339,Black Pantera,2023-01-28,2023,LA IGLESIA BORRATXERIA,BLACK PANTERA
2340,Valesca Popozuda,2023-01-28,2023,VIP STATION,VALESCA POPOZUDA
2341,Information Society,2023-01-28,2023,TERRA SP,INFORMATION SOCIETY
2342,Gabrielle Aplin,2023-01-28,2023,CASA ROCKAMBOLE,GABRIELLE APLIN
2343,Hermeto Pascoal,2023-01-28,2023,SESC BOM RETIRO,HERMETO PASCOAL
2344,Decreto Lei 50,2023-01-28,2023,INSTITUTO CULTURAL BOLIVIA ROCK,DECRETO LEI 50
2345,POCAH,2023-01-28,2023,VIP STATION,POCAH
2346,Ouse Morrer,2023-01-29,2023,BAY AREA ESTUDIOS,OUSE MORRER
2347,Sinistra,2023-01-29,2023,CARIOCA CLUB,SINISTRA
2348,Good Intentions,2023-01-29,2023,BAY AREA ESTUDIOS,GOOD INTENTIONS
2349,Flávio Venturini,2023-01-29,2023,TEATRO J. SAFRA,FLAVIO VENTURINI
2350,Ivete Sangalo,2023-02-01,2023,THE MASKED SINGER BRASIL,IVETE SANGALO
2351,Xamã,2023-02-01,2023,THE MASKED SINGER BRASIL,XAMA
2352,Babu Santana,2023-02-01,2023,THE MASKED SINGER BRASIL,BABU SANTANA
2353,Joelma,2023-02-01,2023,THE MASKED SINGER BRASIL,JOELMA
2354,Flay,2023-02-01,2023,THE MASKED SINGER BRASIL,FLAY
2355,Larissa Luz,2023-02-01,2023,THE MASKED SINGER BRASIL,LARISSA LUZ
2356,Mano Walter,2023-02-01,2023,THE MASKED SINGER BRASIL,MANO WALTER
2357,Ale Sater,2023-02-02,2023,BAR ALTO,ALE SATER
2358,Orquestra Petrobras Sinfônica,2023-02-02,2023,VIBRA SAO PAULO,ORQUESTRA PETROBRAS SINFONICA
2359,Alexandre Pires & Seu Jorge,2023-02-03,2023,ESPACO UNIMED,ALEXANDRE PIRES & SEU JORGE
2360,Renato Teixeira,2023-02-03,2023,SESC BELENZINHO,RENATO TEIXEIRA
2361,"Francisco, el Hombre",2023-02-03,2023,SESC BELENZINHO,"FRANCISCO, EL HOMBRE"
2362,Bong Brigade,2023-02-03,2023,LA IGLESIA BORRATXERIA,BONG BRIGADE
2363,Polara,2023-02-03,2023,BAR ALTO,POLARA
2364,Halleck,2023-02-03,2023,BLACK HOLE,HALLECK
2365,Noturnall,2023-02-04,2023,CARIOCA CLUB,NOTURNALL
2366,Dubdogz,2023-02-04,2023,ALLIANZ PARQUE,DUBDOGZ
2367,Gloria Groove,2023-02-04,2023,ALLIANZ PARQUE,GLORIA GROOVE
2368,Alice Caymmi,2023-02-04,2023,CENTRO CULTURAL SAO PAULO,ALICE CAYMMI
2369,Seu Jorge,2023-02-04,2023,ESPACO UNIMED,SEU JORGE
2370,Alexandre Pires & Seu Jorge,2023-02-04,2023,ESPACO UNIMED,ALEXANDRE PIRES & SEU JORGE
2371,Paul Di’Anno,2023-02-04,2023,CARIOCA CLUB,PAUL DI'ANNO
2372,Innabrain,2023-02-04,2023,SORRENTINO'S CAFE E BAR,INNABRAIN
2373,Claudia Leitte,2023-02-04,2023,ALLIANZ PARQUE,CLAUDIA LEITTE
2374,Luísa Sonza,2023-02-04,2023,ALLIANZ PARQUE,LUISA SONZA
2375,Electric Gypsy,2023-02-04,2023,CARIOCA CLUB,ELECTRIC GYPSY
2376,BaianaSystem,2023-02-05,2023,ALLIANZ PARQUE,BAIANASYSTEM
2377,Belvedere,2023-02-05,2023,JAI CLUB,BELVEDERE
2378,Gloria,2023-02-05,2023,VIP STATION,GLORIA
2379,Pabllo Vittar,2023-02-07,2023,AVENIDA PAULISTA,PABLLO VITTAR
2380,Opeth,2023-02-08,2023,TERRA SP,OPETH
2381,Paal Nilssen-Love,2023-02-08,2023,TEATRO SESC 24 DE MAIO,PAAL NILSSEN-LOVE
2382,LP,2023-02-08,2023,AUDIO,LP
2383,gorduratrans,2023-02-08,2023,BAR ALTO,GORDURATRANS
2384,SUPER JUNIOR,2023-02-09,2023,ESPACO UNIMED,SUPER JUNIOR
2385,Ivete Sangalo,2023-02-09,2023,THE MASKED SINGER BRASIL,IVETE SANGALO
2386,Flay,2023-02-09,2023,THE MASKED SINGER BRASIL,FLAY
2387,Xamã,2023-02-09,2023,THE MASKED SINGER BRASIL,XAMA
2388,Larissa Luz,2023-02-09,2023,THE MASKED SINGER BRASIL,LARISSA LUZ
2389,Lianne La Havas,2023-02-09,2023,CINE JOIA,LIANNE LA HAVAS
2390,Far from Alaska,2023-02-10,2023,SESC BELENZINHO,FAR FROM ALASKA
2391,Pitty & Nando Reis,2023-02-10,2023,CLUBE ATLETICO JUVENTUS,PITTY & NANDO REIS
2392,Emicida,2023-02-10,2023,ESPACO UNIMED,EMICIDA
2393,Terra Celta,2023-02-10,2023,JAI CLUB,TERRA CELTA
2394,Karol Conká,2023-02-10,2023,SESC POMPEIA,KAROL CONKA
2395,Lianne La Havas,2023-02-10,2023,CINE JOIA,LIANNE LA HAVAS
2396,Black Coffee,2023-02-10,2023,CENTRO DE EVENTOS JOAO DIAS,BLACK COFFEE
2397,Fresno,2023-02-10,2023,CLUBE ATLETICO JUVENTUS,FRESNO
2398,Johnny Gioeli,2023-02-10,2023,LEGENDS MUSIC & BAR,JOHNNY GIOELI
2399,Tulipa Ruiz,2023-02-11,2023,SESC BOM RETIRO,TULIPA RUIZ
2400,Karol Conká,2023-02-11,2023,SESC POMPEIA,KAROL CONKA
2401,Kamelot,2023-02-11,2023,CARIOCA CLUB,KAMELOT
2402,Manu Chao,2023-02-11,2023,CINE JOIA,MANU CHAO
2403,Sapobanjo,2023-02-11,2023,HANGAR 110,SAPOBANJO
2404,Turilli / Lione Rhapsody,2023-02-11,2023,CARIOCA CLUB,TURILLI / LIONE RHAPSODY
2405,Jão,2023-02-11,2023,MEMORIAL DA AMERICA LATINA,JAO
2406,Mari Fernandez,2023-02-11,2023,MEMORIAL DA AMERICA LATINA,MARI FERNANDEZ
2407,Pabllo Vittar,2023-02-11,2023,MEMORIAL DA AMERICA LATINA,PABLLO VITTAR
2408,Anitta,2023-02-11,2023,MEMORIAL DA AMERICA LATINA,ANITTA
2409,The Troops of Doom,2023-02-11,2023,SESC BELENZINHO,THE TROOPS OF DOOM
2410,Bloco do Sargento Pimenta,2023-02-11,2023,BRIGADEIRO FARIA LIMA,BLOCO DO SARGENTO PIMENTA
2411,Lia Clark,2023-02-12,2023,SANTO AMARO,LIA CLARK
2412,Aretuza Lovi,2023-02-12,2023,SANTO AMARO,ARETUZA LOVI
2413,Vivendo do Ócio,2023-02-12,2023,FABRIQUE CLUB,VIVENDO DO OCIO
2414,Luísa Sonza,2023-02-12,2023,RUA LAGUNA,LUISA SONZA
2415,Lexa,2023-02-12,2023,AVENIDA MARQUES DE SAO VICENTE,LEXA
2416,Ouse Morrer,2023-02-12,2023,CENTRO CULTURAL DA JUVENTUDE RUTH CARDOSO,OUSE MORRER
2417,Wanessa Camargo,2023-02-12,2023,SANTO AMARO,WANESSA CAMARGO
2418,Emicida,2023-02-12,2023,ESPACO UNIMED,EMICIDA
2419,Nirvana Experience (ex-Hormoaning),2023-02-12,2023,AREA 51 BAR,NIRVANA EXPERIENCE (EX-HORMOANING)
2420,Johnny Hooker,2023-02-12,2023,SANTO AMARO,JOHNNY HOOKER
2421,Pepita,2023-02-12,2023,SANTO AMARO,PEPITA
2422,Vitão,2023-02-12,2023,SANTO AMARO,VITAO
2423,Luiza Possi,2023-02-12,2023,SANTO AMARO,LUIZA POSSI
2424,Tulipa Ruiz,2023-02-12,2023,SESC BOM RETIRO,TULIPA RUIZ
2425,Claudia Leitte,2023-02-13,2023,,CLAUDIA LEITTE
2426,Manu Chao,2023-02-14,2023,CINE JOIA,MANU CHAO
2427,ONEUS,2023-02-15,2023,TERRA SP,ONEUS
2428,BRVNKS,2023-02-16,2023,BAR ALTO,BRVNKS
2429,Lamparina,2023-02-16,2023,SESC POMPEIA,LAMPARINA
2430,Céu,2023-02-17,2023,SESC PINHEIROS,CEU
2431,Hermes e Renato,2023-02-17,2023,AUDIO,HERMES E RENATO
2432,Ratos de Porão,2023-02-17,2023,SESC BOM RETIRO,RATOS DE PORAO
2433,Massacration,2023-02-17,2023,AUDIO,MASSACRATION
2434,DENNIS,2023-02-18,2023,JOCKEY CLUB,DENNIS
2435,NATTAN,2023-02-18,2023,JOCKEY CLUB,NATTAN
2436,Thiaguinho,2023-02-18,2023,JOCKEY CLUB,THIAGUINHO
2437,Gloria Groove,2023-02-18,2023,BRIGADEIRO FARIA LIMA,GLORIA GROOVE
2438,Rogério Skylab,2023-02-18,2023,CARIOCA CLUB,ROGERIO SKYLAB
2439,Céu,2023-02-18,2023,SESC PINHEIROS,CEU
2440,Opera Multi Steel,2023-02-18,2023,MADAME CLUB,OPERA MULTI STEEL
2441,Pink Turns Blue,2023-02-18,2023,MADAME CLUB,PINK TURNS BLUE
2442,3 Cold Men,2023-02-18,2023,MADAME CLUB,3 COLD MEN
2443,Sophia Chablau e Uma Enorme Perda de Tempo,2023-02-19,2023,SESC IPIRANGA,SOPHIA CHABLAU E UMA ENORME PERDA DE TEMPO
2444,Mari Fernandez,2023-02-19,2023,JOCKEY CLUB,MARI FERNANDEZ
2445,PEDRO SAMPAIO,2023-02-19,2023,JOCKEY CLUB,PEDRO SAMPAIO
2446,Grupo Menos é Mais,2023-02-19,2023,JOCKEY CLUB,GRUPO MENOS E MAIS
2447,PEDRO SAMPAIO,2023-02-19,2023,PARQUE DO IBIRAPUERA,PEDRO SAMPAIO
2448,Pabllo Vittar,2023-02-19,2023,PARQUE DO IBIRAPUERA,PABLLO VITTAR
2449,Céu,2023-02-19,2023,SESC PINHEIROS,CEU
2450,MC Carol,2023-02-19,2023,PARQUE DO IBIRAPUERA,MC CAROL
2451,Lia Clark,2023-02-19,2023,PARQUE DO IBIRAPUERA,LIA CLARK
2452,MC Tchelinho,2023-02-19,2023,PARQUE DO IBIRAPUERA,MC TCHELINHO
2453,Opera Multi Steel,2023-02-19,2023,MADAME UNDERGROUND CLUB,OPERA MULTI STEEL
2454,Pink Turns Blue,2023-02-19,2023,MADAME UNDERGROUND CLUB,PINK TURNS BLUE
2455,Diplo,2023-02-20,2023,LAROC CLUB,DIPLO
2456,Banda Eva,2023-02-20,2023,JOCKEY CLUB,BANDA EVA
2457,Skull Fist,2023-02-20,2023,JAI CLUB,SKULL FIST
2458,Léo Santana,2023-02-20,2023,JOCKEY CLUB,LEO SANTANA
2459,Hellway Train,2023-02-20,2023,JAI CLUB,HELLWAY TRAIN
2460,Sweet Danger,2023-02-20,2023,JAI CLUB,SWEET DANGER
2461,Axecuter,2023-02-20,2023,JAI CLUB,AXECUTER
2462,Murdeath,2023-02-20,2023,JAI CLUB,MURDEATH
2463,BIKE,2023-02-20,2023,SESC IPIRANGA,BIKE
2464,Sophia Chablau e Uma Enorme Perda de Tempo,2023-02-20,2023,SESC IPIRANGA,SOPHIA CHABLAU E UMA ENORME PERDA DE TEMPO
2465,Alok,2023-02-20,2023,JOCKEY CLUB,ALOK
2466,Xand Avião,2023-02-21,2023,JOCKEY CLUB,XAND AVIAO
2467,Anitta,2023-02-21,2023,JOCKEY CLUB,ANITTA
2468,Jorge & Mateus,2023-02-21,2023,JOCKEY CLUB,JORGE & MATEUS
2469,Swallow the Sun,2023-02-21,2023,FABRIQUE CLUB,SWALLOW THE SUN
2470,Casagrande & Hanysz,2023-02-23,2023,SESC AVENIDA PAULISTA,CASAGRANDE & HANYSZ
2471,Cefa,2023-02-24,2023,LA IGLESIA BORRATXERIA,CEFA
2472,Black Mantra,2023-02-24,2023,STUDIO SP,BLACK MANTRA
2473,Boogarins,2023-02-24,2023,TEATRO SESC POMPEIA,BOOGARINS
2474,Thunderor,2023-02-25,2023,HANGAR 110,THUNDEROR
2475,Papangu,2023-02-25,2023,FENDA 315,PAPANGU
2476,Théo Armen,2023-02-25,2023,QUINTO PECADO CAFE & BISTROT,THEO ARMEN
2477,BaianaSystem,2023-02-25,2023,PARQUE DO IBIRAPUERA,BAIANASYSTEM
2478,Ivete Sangalo,2023-02-25,2023,SAMBODROMO DO ANHEMBI,IVETE SANGALO
2479,Enforcer,2023-02-25,2023,HANGAR 110,ENFORCER
2480,Daniela Mercury,2023-02-26,2023,RUA DA CONSOLACAO,DANIELA MERCURY
2481,Crush All Tyranny,2023-02-26,2023,CENTRO CULTURAL TENDAL DA LAPA,CRUSH ALL TYRANNY
2482,Armadilha,2023-02-26,2023,CENTRO CULTURAL TENDAL DA LAPA,ARMADILHA
2483,Cemitério,2023-02-26,2023,CENTRO CULTURAL TENDAL DA LAPA,CEMITERIO
2484,Papangu,2023-02-26,2023,CENTRO CULTURAL TENDAL DA LAPA,PAPANGU
2485,Test,2023-02-28,2023,CENTRO DA TERRA,TEST
2486,Wanessa Camargo,2023-02-28,2023,ENCONTRO COM PATRICIA POETA,WANESSA CAMARGO
2487,Imagine Dragons,2023-02-28,2023,ALLIANZ PARQUE,IMAGINE DRAGONS
2488,Papangu,2023-02-28,2023,CENTRO DA TERRA,PAPANGU
2489,OUTROEU,2023-02-28,2023,ALLIANZ PARQUE,OUTROEU
2490,Rodrigo Teaser,2023-03-01,2023,TEATRO BRADESCO,RODRIGO TEASER
2491,Persefone,2023-03-01,2023,MANIFESTO BAR,PERSEFONE
2492,Bijoux Cone,2023-03-02,2023,PORTA,BIJOUX CONE
2493,Orquestra Sinfônica do Estado de São Paulo,2023-03-02,2023,SALA SAO PAULO,ORQUESTRA SINFONICA DO ESTADO DE SAO PAULO
2494,Menores Atos,2023-03-02,2023,BAR ALTO,MENORES ATOS
2495,Lê Almeida,2023-03-02,2023,PORTA,LE ALMEIDA
2496,Yacøpsæ,2023-03-02,2023,INSTITUTO RAIZ DA SERRA,YACØPSÆ
2497,Dean Z,2023-03-02,2023,TEATRO BRADESCO,DEAN Z
2498,Call the Police,2023-03-03,2023,TEATRO BRADESCO,CALL THE POLICE
2499,Orquestra Sinfônica do Estado de São Paulo,2023-03-03,2023,SALA SAO PAULO,ORQUESTRA SINFONICA DO ESTADO DE SAO PAULO
2500,Lauren Jauregui,2023-03-03,2023,AUDIO,LAUREN JAUREGUI
2501,Evan Dando,2023-03-03,2023,SESC AVENIDA PAULISTA,EVAN DANDO
2502,Andy Summers,2023-03-03,2023,TEATRO BRADESCO,ANDY SUMMERS
2503,Big Time Rush,2023-03-03,2023,ESPACO UNIMED,BIG TIME RUSH
2504,Letrux,2023-03-03,2023,CASA NATURA MUSICAL,LETRUX
2505,Lexa,2023-03-04,2023,CENTRO ESPORTIVO E DE LAZER TIETE,LEXA
2506,Jovem Dionisio,2023-03-04,2023,AUDIO,JOVEM DIONISIO
2507,Decreto Lei 50,2023-03-04,2023,CAOS BAR,DECRETO LEI 50
2508,Rachel Reis,2023-03-04,2023,CENTRO ESPORTIVO E DE LAZER TIETE,RACHEL REIS
2509,Orquestra Sinfônica do Estado de São Paulo,2023-03-04,2023,SALA SAO PAULO,ORQUESTRA SINFONICA DO ESTADO DE SAO PAULO
2510,Peroli,2023-03-04,2023,CENTRO ESPORTIVO E DE LAZER TIETE,PEROLI
2511,Negra Li,2023-03-04,2023,CENTRO ESPORTIVO E DE LAZER TIETE,NEGRA LI
2512,DUDA BEAT,2023-03-04,2023,CENTRO ESPORTIVO E DE LAZER TIETE,DUDA BEAT
2513,Innabrain,2023-03-04,2023,ESTUDIO DOCA,INNABRAIN
2514,Sandy,2023-03-04,2023,CENTRO ESPORTIVO E DE LAZER TIETE,SANDY
2515,Jota Quest,2023-03-04,2023,ESPACO UNIMED,JOTA QUEST
2516,JoJo,2023-03-04,2023,CENTRO ESPORTIVO E DE LAZER TIETE,JOJO
2517,Evan Dando,2023-03-04,2023,SESC AVENIDA PAULISTA,EVAN DANDO
2518,Hevo 84,2023-03-04,2023,HANGAR 110,HEVO 84
2519,Mariah Angeliq,2023-03-04,2023,CENTRO ESPORTIVO E DE LAZER TIETE,MARIAH ANGELIQ
2520,Halleck,2023-03-04,2023,ALTAS HORAS ROCK BAR,HALLECK
2521,Letrux,2023-03-04,2023,CASA NATURA MUSICAL,LETRUX
2522,Foojammers,2023-03-04,2023,PRESLEY PUB,FOOJAMMERS
2523,Chico Buarque,2023-03-04,2023,TOKIO MARINE HALL,CHICO BUARQUE
2524,Margareth Menezes,2023-03-04,2023,CENTRO ESPORTIVO E DE LAZER TIETE,MARGARETH MENEZES
2525,Manu Gavassi,2023-03-05,2023,CENTRO ESPORTIVO E DE LAZER TIETE,MANU GAVASSI
2526,Blu DeTiger,2023-03-05,2023,CENTRO ESPORTIVO E DE LAZER TIETE,BLU DETIGER
2527,Night Prowler,2023-03-05,2023,MANIFESTO BAR,NIGHT PROWLER
2528,ANAVITÓRIA,2023-03-05,2023,CENTRO ESPORTIVO E DE LAZER TIETE,ANAVITORIA
2529,Alcione,2023-03-05,2023,CENTRO ESPORTIVO E DE LAZER TIETE,ALCIONE
2530,Majur,2023-03-05,2023,CENTRO ESPORTIVO E DE LAZER TIETE,MAJUR
2531,Anelis Assumpção,2023-03-05,2023,SESC PINHEIROS,ANELIS ASSUMPCAO
2532,Papangu,2023-03-05,2023,FFFRONT,PAPANGU
2533,Tinashe,2023-03-05,2023,CENTRO ESPORTIVO E DE LAZER TIETE,TINASHE
2534,Chico Buarque,2023-03-05,2023,TOKIO MARINE HALL,CHICO BUARQUE
2535,Tinashe,2023-03-06,2023,ZIG STUDIO,TINASHE
2536,Def Leppard,2023-03-07,2023,ALLIANZ PARQUE,DEF LEPPARD
2537,Eduardo Falaschi,2023-03-07,2023,ALLIANZ PARQUE,EDUARDO FALASCHI
2538,Mötley Crüe,2023-03-07,2023,ALLIANZ PARQUE,MOTLEY CRUE
2539,Wanessa Camargo,2023-03-07,2023,ALTAS HORAS,WANESSA CAMARGO
2540,Lexa,2023-03-07,2023,ALTAS HORAS,LEXA
2541,Gloria Groove,2023-03-07,2023,ALTAS HORAS,GLORIA GROOVE
2542,Tiago Abravanel,2023-03-07,2023,ALTAS HORAS,TIAGO ABRAVANEL
2543,Daniel,2023-03-07,2023,ALTAS HORAS,DANIEL
2544,Al Di Meola,2023-03-07,2023,SALA SAO PAULO,AL DI MEOLA
2545,Maíra Freitas,2023-03-09,2023,SESC POMPEIA,MAIRA FREITAS
2546,Coldplay,2023-03-10,2023,ESTADIO DO MORUMBI,COLDPLAY
2547,Veigh,2023-03-10,2023,PARQUE RIVERA,VEIGH
2548,Tasha & Tracie,2023-03-10,2023,CASA DE CULTURA DO BUTANTA,TASHA & TRACIE
2549,Russo Passapusso,2023-03-10,2023,SESC PINHEIROS,RUSSO PASSAPUSSO
2550,Gustthavo,2023-03-10,2023,CASA DE SHOW ESPECIFICA,GUSTTHAVO
2551,As Mercenárias,2023-03-10,2023,SESC BOM RETIRO,AS MERCENARIAS
2552,Vintage Culture,2023-03-10,2023,PARQUE RIVERA,VINTAGE CULTURE
2553,Elana Dara,2023-03-10,2023,ESTADIO DO MORUMBI,ELANA DARA
2554,CHVRCHES,2023-03-10,2023,ESTADIO DO MORUMBI,CHVRCHES
2555,Marcos Valle,2023-03-10,2023,SESC POMPEIA,MARCOS VALLE
2557,Hateen,2023-03-11,2023,SESC AVENIDA PAULISTA,HATEEN
2558,Psychotic Eyes,2023-03-11,2023,CRASH CHURCH UNDERGROUND MINISTRY,PSYCHOTIC EYES
2559,Paula Toller,2023-03-11,2023,CLUBE ATLETICO JUVENTUS,PAULA TOLLER
2560,Bong Brigade,2023-03-11,2023,FENDA 315,BONG BRIGADE
2561,Zander,2023-03-11,2023,VIP STATION,ZANDER
2562,Coldplay,2023-03-11,2023,ESTADIO DO MORUMBI,COLDPLAY
2563,Cigar,2023-03-11,2023,VIP STATION,CIGAR
2564,Satanic Surfers,2023-03-11,2023,VIP STATION,SATANIC SURFERS
2565,Elke,2023-03-11,2023,CENTRO ESPORTIVO E DE LAZER TIETE,ELKE
2566,MakeWar,2023-03-11,2023,VIP STATION,MAKEWAR
2567,Millencolin,2023-03-11,2023,VIP STATION,MILLENCOLIN
2568,CHVRCHES,2023-03-11,2023,ESTADIO DO MORUMBI,CHVRCHES
2569,Marina Sena,2023-03-11,2023,CASA NATURA MUSICAL,MARINA SENA
2570,Anyma,2023-03-11,2023,ARCA SPACES,ANYMA
2571,Kid Koala,2023-03-11,2023,SESC POMPEIA,KID KOALA
2572,Paramore,2023-03-11,2023,CENTRO ESPORTIVO E DE LAZER TIETE,PARAMORE
2573,Innellea,2023-03-11,2023,ARCA SPACES,INNELLEA
2574,Elana Dara,2023-03-11,2023,ESTADIO DO MORUMBI,ELANA DARA
2575,Trovão,2023-03-12,2023,CARIOCA CLUB,TROVAO
2576,Ratos de Porão,2023-03-12,2023,CARIOCA CLUB,RATOS DE PORAO
2577,Violator,2023-03-12,2023,CARIOCA CLUB,VIOLATOR
2578,Facada,2023-03-12,2023,CARIOCA CLUB,FACADA
2579,WIU,2023-03-12,2023,AUDIO,WIU
2580,Kid Koala,2023-03-12,2023,SESC POMPEIA,KID KOALA
2581,D.R.I.,2023-03-12,2023,CARIOCA CLUB,D.R.I.
2582,Salvador Sobral,2023-03-12,2023,SESC PINHEIROS,SALVADOR SOBRAL
2583,Paramore,2023-03-12,2023,CENTRO ESPORTIVO E DE LAZER TIETE,PARAMORE
2584,Elke,2023-03-12,2023,CENTRO ESPORTIVO E DE LAZER TIETE,ELKE
2585,Deafheaven,2023-03-12,2023,FABRIQUE CLUB,DEAFHEAVEN
2586,terraplana,2023-03-12,2023,FABRIQUE CLUB,TERRAPLANA
2587,Elana Dara,2023-03-13,2023,ESTADIO DO MORUMBI,ELANA DARA
2588,Coldplay,2023-03-13,2023,ESTADIO DO MORUMBI,COLDPLAY
2589,CHVRCHES,2023-03-13,2023,ESTADIO DO MORUMBI,CHVRCHES
2590,The Black Crowes,2023-03-14,2023,ESPACO UNIMED,THE BLACK CROWES
2591,Hurricanes,2023-03-14,2023,ESPACO UNIMED,HURRICANES
2592,Coldplay,2023-03-14,2023,ESTADIO DO MORUMBI,COLDPLAY
2593,Elana Dara,2023-03-14,2023,ESTADIO DO MORUMBI,ELANA DARA
2594,CHVRCHES,2023-03-14,2023,ESTADIO DO MORUMBI,CHVRCHES
2595,Pupillo,2023-03-16,2023,SESC POMPEIA,PUPILLO
2596,Molho Negro,2023-03-16,2023,BAR ALTO,MOLHO NEGRO
2597,Paulo Miklos,2023-03-16,2023,BLUE NOTE SAO PAULO,PAULO MIKLOS
2598,CHVRCHES,2023-03-16,2023,AUDIO,CHVRCHES
2599,Coldplay,2023-03-17,2023,ESTADIO DO MORUMBI,COLDPLAY
2600,Urias,2023-03-17,2023,CASA NATURA MUSICAL,URIAS
2601,CHVRCHES,2023-03-17,2023,ESTADIO DO MORUMBI,CHVRCHES
2602,Maglore,2023-03-17,2023,SESC BELENZINHO,MAGLORE
2603,Malvada,2023-03-17,2023,TERRA SP,MALVADA
2604,Angra,2023-03-17,2023,TERRA SP,ANGRA
2605,Carne Doce,2023-03-17,2023,CITY LIGHTS MUSIC HALL,CARNE DOCE
2606,Viper,2023-03-17,2023,TERRA SP,VIPER
2607,Skank,2023-03-17,2023,ESPACO UNIMED,SKANK
2608,Getúlio Abelha,2023-03-17,2023,CINECLUBE CORTINA,GETULIO ABELHA
2609,Luísa Sonza,2023-03-17,2023,PARQUE BURLE MARX,LUISA SONZA
2610,Matanza Ritual,2023-03-17,2023,TERRA SP,MATANZA RITUAL
2611,Elana Dara,2023-03-17,2023,ESTADIO DO MORUMBI,ELANA DARA
2612,Subalternos,2023-03-18,2023,ESPACO SOM,SUBALTERNOS
2613,The Last Poets,2023-03-18,2023,SESC POMPEIA,THE LAST POETS
2614,Hybrid Theory,2023-03-18,2023,CARIOCA CLUB,HYBRID THEORY
2615,Jadsa,2023-03-18,2023,BAR ALTO,JADSA
2616,Ivete Sangalo,2023-03-18,2023,PRIVATE VENUE,IVETE SANGALO
2617,Coldplay,2023-03-18,2023,ESTADIO DO MORUMBI,COLDPLAY
2618,CHVRCHES,2023-03-18,2023,ESTADIO DO MORUMBI,CHVRCHES
2619,Sonata Arctica,2023-03-18,2023,AUDIO,SONATA ARCTICA
2620,FireWing,2023-03-18,2023,AUDIO,FIREWING
2621,Skank,2023-03-18,2023,ESPACO UNIMED,SKANK
2622,Das Ich,2023-03-18,2023,MADAME CLUB,DAS ICH
2623,Elana Dara,2023-03-18,2023,ESTADIO DO MORUMBI,ELANA DARA
2624,The Last Poets,2023-03-19,2023,SESC POMPEIA,THE LAST POETS
2625,Cátia de França,2023-03-19,2023,SESC PINHEIROS,CATIA DE FRANCA
2626,Evan Dando,2023-03-19,2023,FABRIQUE CLUB,EVAN DANDO
2627,Ludovico Einaudi,2023-03-19,2023,VIBRA SAO PAULO,LUDOVICO EINAUDI
2628,Cut Copy,2023-03-19,2023,CINE JOIA,CUT COPY
2629,Lô Borges,2023-03-19,2023,SESC PINHEIROS,LO BORGES
2630,Skank,2023-03-19,2023,ESPACO UNIMED,SKANK
2631,Statues On Fire,2023-03-22,2023,CINE JOIA,STATUES ON FIRE
2632,Jeff Scott Soto,2023-03-22,2023,STONES MUSIC BAR,JEFF SCOTT SOTO
2633,Eric Martin,2023-03-22,2023,STONES MUSIC BAR,ERIC MARTIN
2634,Rise Against,2023-03-22,2023,CINE JOIA,RISE AGAINST
2635,LUDMILLA,2023-03-23,2023,SHOPPING CIDADE SAO PAULO,LUDMILLA
2636,Jeff Scott Soto,2023-03-23,2023,THE FLAMING YOUTH EXPERIENCE,JEFF SCOTT SOTO
2637,Martn'ália,2023-03-23,2023,BLUE NOTE SAO PAULO,MARTN'ALIA
2638,YUNGBLUD,2023-03-23,2023,CINE JOIA,YUNGBLUD
2639,Jane’s Addiction,2023-03-23,2023,AUDIO,JANE'S ADDICTION
2640,Dios Salve a la Reina,2023-03-23,2023,VIBRA SAO PAULO,DIOS SALVE A LA REINA
2641,Devochka,2023-03-24,2023,AUTODROMO DE INTERLAGOS,DEVOCHKA
2642,ANAVITÓRIA,2023-03-24,2023,AUTODROMO DE INTERLAGOS,ANAVITORIA
2643,Polo & Pan,2023-03-24,2023,AUTODROMO DE INTERLAGOS,POLO & PAN
2644,Nora en Pure,2023-03-24,2023,AUTODROMO DE INTERLAGOS,NORA EN PURE
2645,Suki Waterhouse,2023-03-24,2023,AUTODROMO DE INTERLAGOS,SUKI WATERHOUSE
2646,Kali Uchis,2023-03-24,2023,AUTODROMO DE INTERLAGOS,KALI UCHIS
2647,Claptone,2023-03-24,2023,AUTODROMO DE INTERLAGOS,CLAPTONE
2648,Conan Gray,2023-03-24,2023,AUTODROMO DE INTERLAGOS,CONAN GRAY
2649,PEDRO SAMPAIO,2023-03-24,2023,AUTODROMO DE INTERLAGOS,PEDRO SAMPAIO
2650,Brisa Flow,2023-03-24,2023,AUTODROMO DE INTERLAGOS,BRISA FLOW
2651,John Summit,2023-03-24,2023,AUTODROMO DE INTERLAGOS,JOHN SUMMIT
2652,Modest Mouse,2023-03-24,2023,AUTODROMO DE INTERLAGOS,MODEST MOUSE
2653,Gab Ferreira,2023-03-24,2023,AUTODROMO DE INTERLAGOS,GAB FERREIRA
2654,Aliados,2023-03-24,2023,AUTODROMO DE INTERLAGOS,ALIADOS
2655,Billie Eilish,2023-03-24,2023,AUTODROMO DE INTERLAGOS,BILLIE EILISH
2656,Attomica,2023-03-24,2023,SESC BELENZINHO,ATTOMICA
2657,Jards Macalé,2023-03-24,2023,SESC PINHEIROS,JARDS MACALE
2658,Monstrosity,2023-03-24,2023,HANGAR 110,MONSTROSITY
2659,Planta & Raiz,2023-03-24,2023,AUTODROMO DE INTERLAGOS,PLANTA & RAIZ
2660,Öwnboss,2023-03-24,2023,AUTODROMO DE INTERLAGOS,OWNBOSS
2661,Autoramas,2023-03-24,2023,ASSOCIACAO CULTURAL CECILIA,AUTORAMAS
2662,Black Alien,2023-03-24,2023,AUTODROMO DE INTERLAGOS,BLACK ALIEN
2663,Hot Milk,2023-03-24,2023,AUTODROMO DE INTERLAGOS,HOT MILK
2664,Lil Nas X,2023-03-24,2023,AUTODROMO DE INTERLAGOS,LIL NAS X
2665,Rise Against,2023-03-24,2023,AUTODROMO DE INTERLAGOS,RISE AGAINST
2666,MADDS,2023-03-24,2023,AUTODROMO DE INTERLAGOS,MADDS
2667,Mother Mother,2023-03-24,2023,AUTODROMO DE INTERLAGOS,MOTHER MOTHER
2668,Gorgon City,2023-03-24,2023,AUTODROMO DE INTERLAGOS,GORGON CITY
2669,Mochakk,2023-03-25,2023,AUTODROMO DE INTERLAGOS,MOCHAKK
2670,Carol Biazin,2023-03-25,2023,AUTODROMO DE INTERLAGOS,CAROL BIAZIN
2671,Blasphemy,2023-03-25,2023,HANGAR 110,BLASPHEMY
2672,Death Worship,2023-03-25,2023,HANGAR 110,DEATH WORSHIP
2673,Chico Buarque,2023-03-25,2023,TOKIO MARINE HALL,CHICO BUARQUE
2674,Tássia Reis,2023-03-25,2023,AUTODROMO DE INTERLAGOS,TASSIA REIS
2675,Melanie Martinez,2023-03-25,2023,AUTODROMO DE INTERLAGOS,MELANIE MARTINEZ
2676,Purple Disco Machine,2023-03-25,2023,AUTODROMO DE INTERLAGOS,PURPLE DISCO MACHINE
2677,LUDMILLA,2023-03-25,2023,AUTODROMO DE INTERLAGOS,LUDMILLA
2678,twenty one pilots,2023-03-25,2023,AUTODROMO DE INTERLAGOS,TWENTY ONE PILOTS
2679,Jamie xx,2023-03-25,2023,AUTODROMO DE INTERLAGOS,JAMIE XX
2680,The 1975,2023-03-25,2023,AUTODROMO DE INTERLAGOS,THE 1975
2681,Liu,2023-03-25,2023,AUTODROMO DE INTERLAGOS,LIU
2682,Jane’s Addiction,2023-03-25,2023,AUTODROMO DE INTERLAGOS,JANE'S ADDICTION
2683,Tame Impala,2023-03-25,2023,AUTODROMO DE INTERLAGOS,TAME IMPALA
2684,Pitty,2023-03-25,2023,AUTODROMO DE INTERLAGOS,PITTY
2685,Wallows,2023-03-25,2023,AUTODROMO DE INTERLAGOS,WALLOWS
2686,Medulla,2023-03-25,2023,AUTODROMO DE INTERLAGOS,MEDULLA
2687,Mulamba,2023-03-25,2023,AUTODROMO DE INTERLAGOS,MULAMBA
2688,Katatonia,2023-03-25,2023,CARIOCA CLUB,KATATONIA
2689,Subcut,2023-03-25,2023,LA IGLESIA BORRATXERIA,SUBCUT
2690,Sofi Tukker,2023-03-25,2023,AUTODROMO DE INTERLAGOS,SOFI TUKKER
2691,Arrigo Barnabé,2023-03-25,2023,SESC PINHEIROS,ARRIGO BARNABE
2692,YUNGBLUD,2023-03-25,2023,AUTODROMO DE INTERLAGOS,YUNGBLUD
2693,Gilsons,2023-03-25,2023,AUTODROMO DE INTERLAGOS,GILSONS
2694,Ana Frango Elétrico,2023-03-25,2023,AUTODROMO DE INTERLAGOS,ANA FRANGO ELETRICO
2695,Filipe Ret,2023-03-25,2023,AUTODROMO DE INTERLAGOS,FILIPE RET
2696,Bode Preto,2023-03-25,2023,HANGAR 110,BODE PRETO
2697,L7NNON,2023-03-26,2023,AUTODROMO DE INTERLAGOS,L7NNON
2698,Black Pantera,2023-03-26,2023,AUTODROMO DE INTERLAGOS,BLACK PANTERA
2699,Baco Exu do Blues,2023-03-26,2023,AUTODROMO DE INTERLAGOS,BACO EXU DO BLUES
2700,Dubdogz,2023-03-26,2023,AUTODROMO DE INTERLAGOS,DUBDOGZ
2701,Fred again..,2023-03-26,2023,AUTODROMO DE INTERLAGOS,FRED AGAIN..
2702,Mystifier,2023-03-26,2023,HANGAR 110,MYSTIFIER
2703,Psychotic Eyes,2023-03-26,2023,AV. PAULISTA,PSYCHOTIC EYES
2704,TesseracT,2023-03-26,2023,CARIOCA CLUB,TESSERACT
2705,Deekapz,2023-03-26,2023,AUTODROMO DE INTERLAGOS,DEEKAPZ
2706,Goat Semen,2023-03-26,2023,HANGAR 110,GOAT SEMEN
2707,Skrillex,2023-03-26,2023,AUTODROMO DE INTERLAGOS,SKRILLEX
2708,Alison Wonderland,2023-03-26,2023,AUTODROMO DE INTERLAGOS,ALISON WONDERLAND
2709,Armin van Buuren,2023-03-26,2023,AUTODROMO DE INTERLAGOS,ARMIN VAN BUUREN
2710,Number Teddie,2023-03-26,2023,AUTODROMO DE INTERLAGOS,NUMBER TEDDIE
2711,Rashid,2023-03-26,2023,AUTODROMO DE INTERLAGOS,RASHID
2712,Tuyo,2023-03-26,2023,AUTODROMO DE INTERLAGOS,TUYO
2713,Witchcraft,2023-03-26,2023,HANGAR 110,WITCHCRAFT
2714,Subcut,2023-03-26,2023,INSTITUTO RAIZ DA SERRA,SUBCUT
2715,O Grilo,2023-03-26,2023,AUTODROMO DE INTERLAGOS,O GRILO
2716,Os Paralamas do Sucesso,2023-03-26,2023,AUTODROMO DE INTERLAGOS,OS PARALAMAS DO SUCESSO
2717,The Rose,2023-03-26,2023,AUTODROMO DE INTERLAGOS,THE ROSE
2718,ROSALÍA,2023-03-26,2023,AUTODROMO DE INTERLAGOS,ROSALIA
2719,Rooftime,2023-03-26,2023,AUTODROMO DE INTERLAGOS,ROOFTIME
2720,KVSH,2023-03-26,2023,AUTODROMO DE INTERLAGOS,KVSH
2721,Cigarettes After Sex,2023-03-26,2023,AUTODROMO DE INTERLAGOS,CIGARETTES AFTER SEX
2722,AURORA,2023-03-26,2023,AUTODROMO DE INTERLAGOS,AURORA
2723,Tove Lo,2023-03-26,2023,AUTODROMO DE INTERLAGOS,TOVE LO
2724,Cigarettes After Sex,2023-03-27,2023,AUDIO,CIGARETTES AFTER SEX
2725,Skrillex,2023-03-27,2023,COFFEESHOP CLUB,SKRILLEX
2726,Fred again..,2023-03-27,2023,ZIG STUDIO,FRED AGAIN..
2727,Humberto Gessinger,2023-03-27,2023,BLUE NOTE SAO PAULO,HUMBERTO GESSINGER
2728,Tove Lo,2023-03-28,2023,AUDIO,TOVE LO
2729,Chitãozinho & Xororó,2023-03-28,2023,ALTAS HORAS,CHITAOZINHO & XORORO
2730,Darkane,2023-03-29,2023,LA IGLESIA BORRATXERIA,DARKANE
2731,Claudia Leitte,2023-03-29,2023,FAUSTAO NA BAND,CLAUDIA LEITTE
2732,Hammurabi,2023-03-29,2023,LA IGLESIA BORRATXERIA,HAMMURABI
2733,Chico Buarque,2023-03-30,2023,TOKIO MARINE HALL,CHICO BUARQUE
2734,MediuM,2023-03-30,2023,FFFRONT,MEDIUM
2735,Di Ferrero,2023-03-30,2023,HANGAR 110,DI FERRERO
2736,Jeito Moleque,2023-03-30,2023,MIRANTE ESPERIA,JEITO MOLEQUE
2737,Nevasca,2023-03-31,2023,CARDEAL PUB,NEVASCA
2738,Zumbis do Espaço,2023-03-31,2023,LA IGLESIA BORRATXERIA,ZUMBIS DO ESPACO
2739,Juçara Marçal,2023-03-31,2023,CENTRO CULTURAL TENDAL DA LAPA,JUCARA MARCAL
2741,Luedji Luna,2023-03-31,2023,AUDIO,LUEDJI LUNA
2742,Operador,2023-04-01,2023,FABRIQUE CLUB,OPERADOR
2743,Sheku Kanneh‐Mason,2023-04-01,2023,SALA SAO PAULO,SHEKU KANNEH-MASON
2744,Luísa Sonza,2023-04-01,2023,VALE DO ANHANGABAU,LUISA SONZA
2745,Amaro Freitas,2023-04-01,2023,SESC PINHEIROS,AMARO FREITAS
2746,Zumbis do Espaço,2023-04-01,2023,LA IGLESIA BORRATXERIA,ZUMBIS DO ESPACO
2747,Applegate,2023-04-01,2023,CINE JOIA,APPLEGATE
2748,Supla,2023-04-01,2023,MADAME UNDERGROUND CLUB,SUPLA
2749,Hibria,2023-04-01,2023,FABRIQUE CLUB,HIBRIA
2750,Ira!,2023-04-01,2023,TEATRO BRADESCO,IRA!
2751,Paul van Dyk,2023-04-01,2023,,PAUL VAN DYK
2752,BK,2023-04-02,2023,ESPACO UNIMED,BK
2753,Planet Hemp,2023-04-02,2023,ESPACO UNIMED,PLANET HEMP
2754,Sweet Danger,2023-04-02,2023,HOUSE OF LEGENDS,SWEET DANGER
2755,Bullet Bane,2023-04-02,2023,CARIOCA CLUB,BULLET BANE
2756,Wu‐Tang Clan,2023-04-02,2023,ESPACO UNIMED,WU-TANG CLAN
2758,Tasha & Tracie,2023-04-02,2023,ESPACO UNIMED,TASHA & TRACIE
2759,Boogarins,2023-04-02,2023,CINE JOIA,BOOGARINS
2760,Alcest,2023-04-02,2023,CARIOCA CLUB,ALCEST
2761,Zumbis do Espaço,2023-04-02,2023,LA IGLESIA BORRATXERIA,ZUMBIS DO ESPACO
2762,Biter,2023-04-02,2023,HOUSE OF LEGENDS,BITER
2763,Joy Anonymous,2023-04-02,2023,COFFEESHOP CLUB,JOY ANONYMOUS
2764,Armadilha,2023-04-02,2023,HOUSE OF LEGENDS,ARMADILHA
2765,Otto,2023-04-04,2023,SENAC LAPA SCIPIAO,OTTO
2766,ROT,2023-04-06,2023,JAI CLUB,ROT
2767,Vazio,2023-04-06,2023,JAI CLUB,VAZIO
2768,Infamous Glory,2023-04-06,2023,JAI CLUB,INFAMOUS GLORY
2769,Velho,2023-04-06,2023,JAI CLUB,VELHO
2770,Nirvana Experience (ex-Hormoaning),2023-04-06,2023,RANCHO URBANO,NIRVANA EXPERIENCE (EX-HORMOANING)
2771,Paula Rebellato,2023-04-06,2023,BAR ALTO,PAULA REBELLATO
2772,Gui Mota,2023-04-06,2023,ST PAUL'S PUB,GUI MOTA
2773,Don L,2023-04-06,2023,CASA NATURA MUSICAL,DON L
2774,Gustavo Mioto,2023-04-06,2023,VIBRA SAO PAULO,GUSTAVO MIOTO
2775,Chico Buarque,2023-04-07,2023,TOKIO MARINE HALL,CHICO BUARQUE
2776,Jyoty,2023-04-07,2023,,JYOTY
2777,Don L,2023-04-07,2023,CASA NATURA MUSICAL,DON L
2778,M.I.A.,2023-04-07,2023,PRACA DAS ARTES,M.I.A.
2779,Dead Fish,2023-04-08,2023,SESC POMPEIA,DEAD FISH
2780,lōtico,2023-04-08,2023,BAY AREA ESTUDIOS,LOTICO
2781,Seu Jorge,2023-04-09,2023,ALLIANZ PARQUE,SEU JORGE
2782,Eric Martin,2023-04-09,2023,THE FLAMING YOUTH EXPERIENCE,ERIC MARTIN
2783,Lupe de Lupe,2023-04-09,2023,BAR ALTO,LUPE DE LUPE
2784,Pierce the Veil,2023-04-09,2023,AUDIO,PIERCE THE VEIL
2785,Gloria,2023-04-09,2023,AUDIO,GLORIA
2786,Joelma,2023-04-11,2023,ENCONTRO COM PATRICIA POETA,JOELMA
2787,Pin Ups,2023-04-12,2023,SESC AVENIDA PAULISTA,PIN UPS
2788,Hoodoo Gurus,2023-04-12,2023,VIBRA SAO PAULO,HOODOO GURUS
2789,Yazmin Lacey,2023-04-13,2023,AUDIO,YAZMIN LACEY
2790,Odradek,2023-04-13,2023,BAR ALTO,ODRADEK
2791,Cymande,2023-04-13,2023,AUDIO,CYMANDE
2792,Revelação,2023-04-13,2023,MIRANTE ESPERIA,REVELACAO
2793,Test,2023-04-13,2023,BAR ALTO,TEST
2794,Tasha & Tracie,2023-04-14,2023,SESC BELENZINHO,TASHA & TRACIE
2795,Hatefulmurder,2023-04-14,2023,CARIOCA CLUB,HATEFULMURDER
2796,Beyond Creation,2023-04-14,2023,CARIOCA CLUB,BEYOND CREATION
2797,Zaz,2023-04-14,2023,ESPACO UNIMED,ZAZ
2798,Cynic,2023-04-14,2023,CARIOCA CLUB,CYNIC
2799,Moonspell,2023-04-14,2023,CARIOCA CLUB,MOONSPELL
2800,Weight of Emptiness,2023-04-14,2023,CARIOCA CLUB,WEIGHT OF EMPTINESS
2801,Joelma,2023-04-14,2023,CENTRO DE TRADICOES NORDESTINAS,JOELMA
2802,Violeta de Outono,2023-04-14,2023,LONDON CALLING DISCOS,VIOLETA DE OUTONO
2803,Krang,2023-04-14,2023,LA IGLESIA BORRATXERIA,KRANG
2804,New Democracy,2023-04-14,2023,CARIOCA CLUB,NEW DEMOCRACY
2805,Emphuria,2023-04-14,2023,HANGAR 110,EMPHURIA
2806,Axty,2023-04-14,2023,HANGAR 110,AXTY
2807,Garotos Podres,2023-04-15,2023,SESC BELENZINHO,GAROTOS PODRES
2808,Nirvana Experience (ex-Hormoaning),2023-04-15,2023,REFUGIO MUSIC BAR,NIRVANA EXPERIENCE (EX-HORMOANING)
2809,BADSISTA,2023-04-15,2023,CASA NATURA MUSICAL,BADSISTA
2810,Bruce Dickinson,2023-04-15,2023,VIBRA SAO PAULO,BRUCE DICKINSON
2811,Tim Bernardes,2023-04-15,2023,ESPACO UNIMED,TIM BERNARDES
2812,Innabrain,2023-04-15,2023,REACAO UNDERGROUND,INNABRAIN
2813,Shawn James,2023-04-15,2023,FABRIQUE CLUB,SHAWN JAMES
2814,Wanessa Camargo,2023-04-15,2023,AUDIO,WANESSA CAMARGO
2815,Emicida,2023-04-16,2023,SESC POMPEIA,EMICIDA
2816,ballburya,2023-04-16,2023,LA IGLESIA BORRATXERIA,BALLBURYA
2817,Ivete Sangalo,2023-04-16,2023,CLUBE ATLETICO MONTE LIBANO,IVETE SANGALO
2818,Decreto Lei 50,2023-04-16,2023,INSTITUTO CULTURAL BOLIVIA ROCK,DECRETO LEI 50
2819,Febre90s,2023-04-16,2023,SALAD DAYS,FEBRE90S
2820,Diunna Greenleaf,2023-04-19,2023,BOURBON STREET MUSIC CLUB,DIUNNA GREENLEAF
2821,Ana Cañas,2023-04-19,2023,SHOPPING VILA OLIMPIA,ANA CANAS
2822,Alceu Valença,2023-04-20,2023,ESPACO UNIMED,ALCEU VALENCA
2823,Paula Lima,2023-04-20,2023,PATIO DO COLEGIO,PAULA LIMA
2824,Inimigos da HP,2023-04-20,2023,MIRANTE ESPERIA,INIMIGOS DA HP
2825,Falamansa,2023-04-20,2023,ESPACO UNIMED,FALAMANSA
2826,BIKE,2023-04-20,2023,CINE JOIA,BIKE
2827,Apeles,2023-04-20,2023,BAR ALTO,APELES
2828,Trio Mocotó,2023-04-20,2023,CINE JOIA,TRIO MOCOTO
2829,BNegão,2023-04-20,2023,CENTRO CULTURAL SAO PAULO,BNEGAO
2830,Joss Stone,2023-04-20,2023,VIBRA SAO PAULO,JOSS STONE
2831,Johnny Hooker,2023-04-20,2023,PATIO DO COLEGIO,JOHNNY HOOKER
2832,Céu,2023-04-20,2023,PATIO DO COLEGIO,CEU
2833,The Brian Jonestown Massacre,2023-04-20,2023,CINE JOIA,THE BRIAN JONESTOWN MASSACRE
2834,MARO,2023-04-21,2023,CASA NATURA MUSICAL,MARO
2835,Timmy Trumpet,2023-04-21,2023,VALE DO ANHANGABAU,TIMMY TRUMPET
2836,Wade,2023-04-21,2023,VALE DO ANHANGABAU,WADE
2837,Oliver Heldens,2023-04-21,2023,VALE DO ANHANGABAU,OLIVER HELDENS
2838,Marshmello,2023-04-21,2023,VALE DO ANHANGABAU,MARSHMELLO
2839,Alan Walker,2023-04-21,2023,VALE DO ANHANGABAU,ALAN WALKER
2840,Chemical Surf,2023-04-21,2023,VALE DO ANHANGABAU,CHEMICAL SURF
2841,Mykris,2023-04-21,2023,VALE DO ANHANGABAU,MYKRIS
2842,Pan-Pot,2023-04-21,2023,VALE DO ANHANGABAU,PAN-POT
2843,FTampa,2023-04-21,2023,VALE DO ANHANGABAU,FTAMPA
2844,Loco Dice,2023-04-21,2023,VALE DO ANHANGABAU,LOCO DICE
2845,Melanie Ribbe,2023-04-21,2023,VALE DO ANHANGABAU,MELANIE RIBBE
2846,Popof,2023-04-21,2023,VALE DO ANHANGABAU,POPOF
2847,OnlyOneOf,2023-04-21,2023,VIP STATION,ONLYONEOF
2848,Dubfire,2023-04-21,2023,VALE DO ANHANGABAU,DUBFIRE
2849,HI‐LO,2023-04-21,2023,VALE DO ANHANGABAU,HI-LO
2850,Chico César & Geraldo Azevedo,2023-04-21,2023,SESC VILA MARIANA,CHICO CESAR & GERALDO AZEVEDO
2852,Enrico Sangiuliano,2023-04-21,2023,VALE DO ANHANGABAU,ENRICO SANGIULIANO
2853,Céu,2023-04-22,2023,SALA SAO PAULO,CEU
2854,Solardo,2023-04-22,2023,VALE DO ANHANGABAU,SOLARDO
2855,Hi-Profile,2023-04-22,2023,VALE DO ANHANGABAU,HI-PROFILE
2856,Kasablanca,2023-04-22,2023,VALE DO ANHANGABAU,KASABLANCA
2857,Kölsch,2023-04-22,2023,VALE DO ANHANGABAU,KOLSCH
2858,Axwell,2023-04-22,2023,VALE DO ANHANGABAU,AXWELL
2859,Above & Beyond,2023-04-22,2023,VALE DO ANHANGABAU,ABOVE & BEYOND
2860,Binaryh,2023-04-22,2023,VALE DO ANHANGABAU,BINARYH
2861,VINNE,2023-04-22,2023,VALE DO ANHANGABAU,VINNE
2862,Gui Boratto,2023-04-22,2023,VALE DO ANHANGABAU,GUI BORATTO
2863,Reinier Zonneveld,2023-04-22,2023,VALE DO ANHANGABAU,REINIER ZONNEVELD
2864,Nicky Romero,2023-04-22,2023,VALE DO ANHANGABAU,NICKY ROMERO
2865,DJ Snake,2023-04-22,2023,VALE DO ANHANGABAU,DJ SNAKE
2866,Rattus,2023-04-22,2023,HANGAR 110,RATTUS
2867,Ilario Alicante,2023-04-22,2023,VALE DO ANHANGABAU,ILARIO ALICANTE
2868,Doro,2023-04-22,2023,ALLIANZ PARQUE,DORO
2869,Ace Ventura,2023-04-22,2023,VALE DO ANHANGABAU,ACE VENTURA
2870,POCAH,2023-04-22,2023,ESPACO PRINCE TOWER,POCAH
2871,Azymuth,2023-04-22,2023,BLUE NOTE SAO PAULO,AZYMUTH
2872,Candlemass,2023-04-22,2023,ALLIANZ PARQUE,CANDLEMASS
2873,Scorpions,2023-04-22,2023,ALLIANZ PARQUE,SCORPIONS
2874,Helloween,2023-04-22,2023,ALLIANZ PARQUE,HELLOWEEN
2875,Vini Vici,2023-04-22,2023,VALE DO ANHANGABAU,VINI VICI
2876,Jair Naves,2023-04-22,2023,ASSOCIACAO CULTURAL CECILIA,JAIR NAVES
2877,Deep Purple,2023-04-22,2023,ALLIANZ PARQUE,DEEP PURPLE
2878,Chico César & Geraldo Azevedo,2023-04-22,2023,SESC VILA MARIANA,CHICO CESAR & GERALDO AZEVEDO
2879,Symphony X,2023-04-22,2023,ALLIANZ PARQUE,SYMPHONY X
2880,Vanessa da Mata,2023-04-22,2023,SALA SAO PAULO,VANESSA DA MATA
2881,Sam Paganini,2023-04-22,2023,VALE DO ANHANGABAU,SAM PAGANINI
2882,KISS,2023-04-22,2023,ALLIANZ PARQUE,KISS
2883,Vitor Kley,2023-04-23,2023,AUDIO,VITOR KLEY
2884,Neil Turbin,2023-04-23,2023,JAI CLUB,NEIL TURBIN
2885,Tim “Ripper” Owens,2023-04-23,2023,MANIFESTO BAR,"TIM ""RIPPER"" OWENS"
2886,Chico César & Geraldo Azevedo,2023-04-23,2023,SESC VILA MARIANA,CHICO CESAR & GERALDO AZEVEDO
2887,Udo Dirkschneider,2023-04-23,2023,MANIFESTO BAR,UDO DIRKSCHNEIDER
2889,Rattus,2023-04-26,2023,LA IGLESIA BORRATXERIA,RATTUS
2890,Terveet Kädet,2023-04-26,2023,LA IGLESIA BORRATXERIA,TERVEET KADET
2891,Ratos de Porão,2023-04-26,2023,LA IGLESIA BORRATXERIA,RATOS DE PORAO
2892,Maria Gadú,2023-04-27,2023,SESC POMPEIA,MARIA GADU
2893,Rodriguinho,2023-04-27,2023,MIRANTE ESPERIA,RODRIGUINHO
2894,Fresno,2023-04-28,2023,TERRA SP,FRESNO
2895,Rachel Reis,2023-04-28,2023,CASA NATURA MUSICAL,RACHEL REIS
2896,Maria Gadú,2023-04-28,2023,TEATRO SESC POMPEIA,MARIA GADU
2897,Day Limns,2023-04-28,2023,TERRA SP,DAY LIMNS
2898,PRISCILLA,2023-04-28,2023,AUDIO,PRISCILLA
2899,Péricles,2023-04-28,2023,ESPACO UNIMED,PERICLES
2900,Accept,2023-04-29,2023,MEMORIAL DA AMERICA LATINA,ACCEPT
2901,Simone,2023-04-29,2023,TOKIO MARINE HALL,SIMONE
2902,Voodoo Kiss,2023-04-29,2023,MEMORIAL DA AMERICA LATINA,VOODOO KISS
2903,Benediction,2023-04-29,2023,MEMORIAL DA AMERICA LATINA,BENEDICTION
2904,Tuatha de Danann,2023-04-29,2023,MEMORIAL DA AMERICA LATINA,TUATHA DE DANANN
2905,Blind Guardian,2023-04-29,2023,MEMORIAL DA AMERICA LATINA,BLIND GUARDIAN
2906,Inocentes,2023-04-29,2023,HANGAR 110,INOCENTES
2907,Shaman,2023-04-29,2023,MEMORIAL DA AMERICA LATINA,SHAMAN
2908,Skid Row,2023-04-29,2023,MEMORIAL DA AMERICA LATINA,SKID ROW
2909,Lamb of God,2023-04-29,2023,MEMORIAL DA AMERICA LATINA,LAMB OF GOD
2910,Lord of the Lost,2023-04-29,2023,MEMORIAL DA AMERICA LATINA,LORD OF THE LOST
2911,Stone Temple Pilots,2023-04-29,2023,MEMORIAL DA AMERICA LATINA,STONE TEMPLE PILOTS
2912,Evergrey,2023-04-29,2023,AUDIO,EVERGREY
2913,Skamoondongos,2023-04-29,2023,SESC BELENZINHO,SKAMOONDONGOS
2914,Marc Martel,2023-04-29,2023,MEMORIAL DA AMERICA LATINA,MARC MARTEL
2915,Cockney Rejects,2023-04-29,2023,HANGAR 110,COCKNEY REJECTS
2916,Foojammers,2023-04-29,2023,CAVEPOOL,FOOJAMMERS
2917,Perturbator,2023-04-29,2023,AUDIO,PERTURBATOR
2918,Sepultura,2023-04-29,2023,MEMORIAL DA AMERICA LATINA,SEPULTURA
2919,MC Tha,2023-04-29,2023,SESC SANTO AMARO,MC THA
2920,João Gordo,2023-04-29,2023,MEMORIAL DA AMERICA LATINA,JOAO GORDO
2921,Crypta,2023-04-29,2023,MEMORIAL DA AMERICA LATINA,CRYPTA
2922,Perturbator,2023-04-29,2023,MEMORIAL DA AMERICA LATINA,PERTURBATOR
2923,Viper,2023-04-29,2023,MEMORIAL DA AMERICA LATINA,VIPER
2924,Apocalyptica,2023-04-29,2023,MEMORIAL DA AMERICA LATINA,APOCALYPTICA
2925,Finntroll,2023-04-30,2023,MEMORIAL DA AMERICA LATINA,FINNTROLL
2926,Testament,2023-04-30,2023,MEMORIAL DA AMERICA LATINA,TESTAMENT
2927,Bittencourt Project,2023-04-30,2023,MEMORIAL DA AMERICA LATINA,BITTENCOURT PROJECT
2928,H.E.A.T,2023-04-30,2023,MEMORIAL DA AMERICA LATINA,H.E.A.T
2929,ÀVUÀ,2023-04-30,2023,SESC IPIRANGA,AVUA
2930,Krisiun,2023-04-30,2023,MEMORIAL DA AMERICA LATINA,KRISIUN
2931,Electric Gypsy,2023-04-30,2023,MEMORIAL DA AMERICA LATINA,ELECTRIC GYPSY
2932,Nothing,2023-04-30,2023,FABRIQUE CLUB,NOTHING
2933,Velvet Chains,2023-04-30,2023,MEMORIAL DA AMERICA LATINA,VELVET CHAINS
2934,Project46,2023-04-30,2023,MEMORIAL DA AMERICA LATINA,PROJECT46
2935,Grave Digger,2023-04-30,2023,MEMORIAL DA AMERICA LATINA,GRAVE DIGGER
2936,Bury Tomorrow,2023-04-30,2023,MEMORIAL DA AMERICA LATINA,BURY TOMORROW
2937,Simone,2023-04-30,2023,TOKIO MARINE HALL,SIMONE
2938,Vixen,2023-04-30,2023,MEMORIAL DA AMERICA LATINA,VIXEN
2939,Sinistra,2023-04-30,2023,MEMORIAL DA AMERICA LATINA,SINISTRA
2940,Vixen,2023-04-30,2023,AUDIO,VIXEN
2941,Avantasia,2023-04-30,2023,MEMORIAL DA AMERICA LATINA,AVANTASIA
2942,Tarcísio do Acordeon,2023-04-30,2023,SAMBODROMO DO ANHEMBI,TARCISIO DO ACORDEON
2943,gorduratrans,2023-04-30,2023,FABRIQUE CLUB,GORDURATRANS
2944,Luísa Sonza,2023-04-30,2023,SAMBODROMO DO ANHEMBI,LUISA SONZA
2945,Perturbator,2023-04-30,2023,AUDIO,PERTURBATOR
2946,Xand Avião,2023-04-30,2023,SAMBODROMO DO ANHEMBI,XAND AVIAO
2947,Kreator,2023-04-30,2023,MEMORIAL DA AMERICA LATINA,KREATOR
2948,Beast in Black,2023-04-30,2023,MEMORIAL DA AMERICA LATINA,BEAST IN BLACK
2949,Evergrey,2023-04-30,2023,MEMORIAL DA AMERICA LATINA,EVERGREY
2950,Parkway Drive,2023-04-30,2023,MEMORIAL DA AMERICA LATINA,PARKWAY DRIVE
2951,NATTAN,2023-04-30,2023,SAMBODROMO DO ANHEMBI,NATTAN
2952,Vitor Fernandes,2023-04-30,2023,SAMBODROMO DO ANHEMBI,VITOR FERNANDES
2953,Stratovarius,2023-04-30,2023,MEMORIAL DA AMERICA LATINA,STRATOVARIUS
2954,João Gomes,2023-04-30,2023,SAMBODROMO DO ANHEMBI,JOAO GOMES
2955,The Winery Dogs,2023-04-30,2023,MEMORIAL DA AMERICA LATINA,THE WINERY DOGS
2956,Napalm Death,2023-04-30,2023,MEMORIAL DA AMERICA LATINA,NAPALM DEATH
2957,Clava,2023-04-30,2023,ROCK TOGETHER STUDIO,CLAVA
2958,Mari Fernandez,2023-04-30,2023,SAMBODROMO DO ANHEMBI,MARI FERNANDEZ
2959,Álcool,2023-05-01,2023,HOUSE OF LEGENDS,ALCOOL
2960,Amazarak,2023-05-01,2023,HOUSE OF LEGENDS,AMAZARAK
2961,Skalyface,2023-05-01,2023,CARIOCA CLUB,SKALYFACE
2962,Myrath,2023-05-01,2023,CARIOCA CLUB,MYRATH
2963,Hereticae,2023-05-01,2023,HOUSE OF LEGENDS,HERETICAE
2964,Nocturnal,2023-05-01,2023,HOUSE OF LEGENDS,NOCTURNAL
2965,lōtico,2023-05-02,2023,ESPACO DAS ARTES - USP,LOTICO
2966,Ale Sater,2023-05-04,2023,SESC POMPEIA,ALE SATER
2967,Karol Conká,2023-05-04,2023,CINE JOIA,KAROL CONKA
2968,Luedji Luna,2023-05-05,2023,ALLIANZ PARQUE,LUEDJI LUNA
2969,Johnny Hooker,2023-05-05,2023,SESC BELENZINHO,JOHNNY HOOKER
2970,Alicia Keys,2023-05-05,2023,ALLIANZ PARQUE,ALICIA KEYS
2971,Edson & Hudson,2023-05-05,2023,ESPACO UNIMED,EDSON & HUDSON
2972,"Francisco, el Hombre",2023-05-05,2023,CINE JOIA,"FRANCISCO, EL HOMBRE"
2973,Cefa,2023-05-05,2023,HANGAR 110,CEFA
2974,Marina Sena,2023-05-05,2023,AUDIO,MARINA SENA
2975,Madkill,2023-05-06,2023,CRANIUS PUB,MADKILL
2976,Amelie Lens,2023-05-06,2023,SESI VILA LEOPOLDINA,AMELIE LENS
2977,Steel Pulse,2023-05-06,2023,DISTRITO ANHEMBI,STEEL PULSE
2978,Filipe Ret,2023-05-06,2023,DISTRITO ANHEMBI,FILIPE RET
2979,Bryan Behr,2023-05-06,2023,CASA ROCKAMBOLE,BRYAN BEHR
2980,Gloria Groove,2023-05-06,2023,DISTRITO ANHEMBI,GLORIA GROOVE
2981,Lourena,2023-05-06,2023,DISTRITO ANHEMBI,LOURENA
2982,Matuê,2023-05-06,2023,DISTRITO ANHEMBI,MATUE
2983,Léo Santana,2023-05-06,2023,PARQUE DO IBIRAPUERA,LEO SANTANA
2984,Gustavo Mioto,2023-05-06,2023,PARQUE DO IBIRAPUERA,GUSTAVO MIOTO
2985,Legião Urbana,2023-05-06,2023,ESPACO UNIMED,LEGIAO URBANA
2986,Shaodree,2023-05-06,2023,DISTRITO ANHEMBI,SHAODREE
2987,Armandinho,2023-05-06,2023,DISTRITO ANHEMBI,ARMANDINHO
2988,Wiz Khalifa,2023-05-06,2023,DISTRITO ANHEMBI,WIZ KHALIFA
2989,Feitiço Oculto,2023-05-06,2023,CRANIUS PUB,FEITICO OCULTO
2990,All Is Allowed,2023-05-06,2023,FABRIQUE CLUB,ALL IS ALLOWED
2991,Red Fang,2023-05-06,2023,FABRIQUE CLUB,RED FANG
2992,Luan Santana,2023-05-06,2023,PARQUE DO IBIRAPUERA,LUAN SANTANA
2993,Fino Coletivo,2023-05-06,2023,SESC POMPEIA,FINO COLETIVO
2994,Teto,2023-05-06,2023,DISTRITO ANHEMBI,TETO
2995,MC Cabelinho,2023-05-06,2023,DISTRITO ANHEMBI,MC CABELINHO
2996,Orochi,2023-05-06,2023,DISTRITO ANHEMBI,OROCHI
2997,3030,2023-05-06,2023,DISTRITO ANHEMBI,3030
2998,Tasha & Tracie,2023-05-06,2023,DISTRITO ANHEMBI,TASHA & TRACIE
2999,Dire Straits Legacy,2023-05-07,2023,ESPACO UNIMED,DIRE STRAITS LEGACY
3000,Ice Cube,2023-05-07,2023,DISTRITO ANHEMBI,ICE CUBE
3001,Onda Vaga,2023-05-07,2023,CINECLUBE CORTINA,ONDA VAGA
3002,Cidade Verde Sounds,2023-05-07,2023,DISTRITO ANHEMBI,CIDADE VERDE SOUNDS
3003,Pelados,2023-05-07,2023,SESC AVENIDA PAULISTA,PELADOS
3004,Mato Seco,2023-05-07,2023,DISTRITO ANHEMBI,MATO SECO
3005,Racionais MC’s,2023-05-07,2023,DISTRITO ANHEMBI,RACIONAIS MC'S
3006,Planet Hemp,2023-05-07,2023,DISTRITO ANHEMBI,PLANET HEMP
3007,Dezarie,2023-05-07,2023,DISTRITO ANHEMBI,DEZARIE
3008,Alma D'Jem,2023-05-07,2023,DISTRITO ANHEMBI,ALMA D'JEM
3009,Marcelo Falcão,2023-05-07,2023,DISTRITO ANHEMBI,MARCELO FALCAO
3010,Chase Atlantic,2023-05-07,2023,DISTRITO ANHEMBI,CHASE ATLANTIC
3011,Hungria Hip-Hop,2023-05-07,2023,DISTRITO ANHEMBI,HUNGRIA HIP-HOP
3012,Chase Atlantic,2023-05-09,2023,AUDIO,CHASE ATLANTIC
3013,Deekapz,2023-05-11,2023,COFFEESHOP CLUB,DEEKAPZ
3014,Espacialrias,2023-05-11,2023,RED STAR STUDIOS,ESPACIALRIAS
3015,Marcão Britto & Thiago Castanho Charlie Brown Jr.,2023-05-12,2023,AUDIO,MARCAO BRITTO & THIAGO CASTANHO CHARLIE BROWN JR.
3016,Baco Exu do Blues,2023-05-12,2023,ESPACO UNIMED,BACO EXU DO BLUES
3017,Maglore,2023-05-12,2023,CINECLUBE CORTINA,MAGLORE
3018,Reckless Love,2023-05-12,2023,MANIFESTO BAR,RECKLESS LOVE
3019,Double You,2023-05-13,2023,TOKIO MARINE HALL,DOUBLE YOU
3020,Gloria,2023-05-13,2023,HANGAR 110,GLORIA
3021,Maglore,2023-05-13,2023,CINECLUBE CORTINA,MAGLORE
3022,Terno Rei,2023-05-13,2023,CINE JOIA,TERNO REI
3023,ballburya,2023-05-13,2023,CERVEJA AZUL MUSIC BAR,BALLBURYA
3024,Ney Matogrosso,2023-05-13,2023,ESPACO UNIMED,NEY MATOGROSSO
3026,Liniker,2023-05-14,2023,PARQUE DA AGUA BRANCA,LINIKER
3027,Tulipa Ruiz,2023-05-14,2023,PARQUE DA AGUA BRANCA,TULIPA RUIZ
3028,Mestrinho,2023-05-14,2023,PARQUE DA AGUA BRANCA,MESTRINHO
3029,Alzira Espíndola,2023-05-14,2023,PARQUE DA AGUA BRANCA,ALZIRA ESPINDOLA
3030,Lenine,2023-05-14,2023,PARQUE DA AGUA BRANCA,LENINE
3031,Daniel,2023-05-14,2023,VIBRA SAO PAULO,DANIEL
3032,Deicide,2023-05-14,2023,FABRIQUE CLUB,DEICIDE
3033,Ney Matogrosso,2023-05-14,2023,ESPACO UNIMED,NEY MATOGROSSO
3034,Catto,2023-05-14,2023,SESC BOM RETIRO,CATTO
3035,Vulture,2023-05-14,2023,FABRIQUE CLUB,VULTURE
3036,Chico César,2023-05-14,2023,PARQUE DA AGUA BRANCA,CHICO CESAR
3037,Kataklysm,2023-05-14,2023,FABRIQUE CLUB,KATAKLYSM
3038,Larissa Luz,2023-05-14,2023,PARQUE DA AGUA BRANCA,LARISSA LUZ
3039,Jackson Wang,2023-05-15,2023,ESPACO UNIMED,JACKSON WANG
3040,La Femme,2023-05-16,2023,FABRIQUE CLUB,LA FEMME
3041,Sam Quealy,2023-05-16,2023,FABRIQUE CLUB,SAM QUEALY
3042,The Royal Thieves,2023-05-16,2023,FABRIQUE CLUB,THE ROYAL THIEVES
3043,Julieta Venegas,2023-05-18,2023,TEATRO BRADESCO,JULIETA VENEGAS
3044,DJ Nuts,2023-05-18,2023,CASA NATURA MUSICAL,DJ NUTS
3045,No Te Va Gustar,2023-05-18,2023,SESC POMPEIA,NO TE VA GUSTAR
3046,Dry Cleaning,2023-05-19,2023,PARQUE DO IBIRAPUERA,DRY CLEANING
3047,Christine and the Queens,2023-05-19,2023,PARQUE DO IBIRAPUERA,CHRISTINE AND THE QUEENS
3048,Tigran Hamasyan,2023-05-19,2023,PARQUE DO IBIRAPUERA,TIGRAN HAMASYAN
3049,Cranial Crusher,2023-05-19,2023,JAI CLUB,CRANIAL CRUSHER
3050,Arlo Parks,2023-05-19,2023,PARQUE DO IBIRAPUERA,ARLO PARKS
3051,Julian Lage,2023-05-19,2023,PARQUE DO IBIRAPUERA,JULIAN LAGE
3052,Blasthrash,2023-05-19,2023,JAI CLUB,BLASTHRASH
3053,Nubya Garcia,2023-05-19,2023,PARQUE DO IBIRAPUERA,NUBYA GARCIA
3054,Perpetual Warfare,2023-05-19,2023,JAI CLUB,PERPETUAL WARFARE
3055,Xênia França,2023-05-19,2023,PARQUE DO IBIRAPUERA,XENIA FRANCA
3056,Nuclëar Fröst,2023-05-19,2023,JAI CLUB,NUCLEAR FROST
3057,Daniel,2023-05-19,2023,VIBRA SAO PAULO,DANIEL
3058,Espacialrias,2023-05-19,2023,PICLES CARDEAL,ESPACIALRIAS
3059,Whiplash,2023-05-19,2023,JAI CLUB,WHIPLASH
3060,PLUMA,2023-05-19,2023,SESC SANTO AMARO,PLUMA
3061,Cemitério,2023-05-19,2023,JAI CLUB,CEMITERIO
3062,Djavan,2023-05-20,2023,ESPACO UNIMED,DJAVAN
3063,Crypta,2023-05-20,2023,TEATRO MARS,CRYPTA
3064,BaianaSystem,2023-05-20,2023,PARQUE VILLA-LOBOS,BAIANASYSTEM
3065,Incantation,2023-05-20,2023,TEATRO MARS,INCANTATION
3066,Jon Batiste,2023-05-20,2023,PARQUE DO IBIRAPUERA,JON BATISTE
3067,Blick Bassy,2023-05-20,2023,PARQUE DO IBIRAPUERA,BLICK BASSY
3068,Vazio,2023-05-20,2023,TEATRO MARS,VAZIO
3069,Russo Passapusso,2023-05-20,2023,PARQUE DO IBIRAPUERA,RUSSO PASSAPUSSO
3070,Karol Conká,2023-05-20,2023,PARQUE VILLA-LOBOS,KAROL CONKA
3071,Zander,2023-05-20,2023,SESC POMPEIA,ZANDER
3072,Luedji Luna,2023-05-20,2023,PARQUE VILLA-LOBOS,LUEDJI LUNA
3073,Mdou Moctar,2023-05-20,2023,PARQUE DO IBIRAPUERA,MDOU MOCTAR
3074,Children of the Beast,2023-05-20,2023,MANIFESTO BAR,CHILDREN OF THE BEAST
3075,Underworld,2023-05-20,2023,PARQUE DO IBIRAPUERA,UNDERWORLD
3076,Feminine HiFi,2023-05-20,2023,PARQUE DO IBIRAPUERA,FEMININE HIFI
3077,Os Paralamas do Sucesso,2023-05-20,2023,ESPACO LESTE,OS PARALAMAS DO SUCESSO
3078,Kraftwerk,2023-05-20,2023,PARQUE DO IBIRAPUERA,KRAFTWERK
3079,Model 500,2023-05-20,2023,PARQUE DO IBIRAPUERA,MODEL 500
3080,Dorsal Atlântica,2023-05-20,2023,TEATRO MARS,DORSAL ATLANTICA
3081,The Troops of Doom,2023-05-20,2023,TEATRO MARS,THE TROOPS OF DOOM
3082,MC Tha,2023-05-20,2023,PARQUE VILLA-LOBOS,MC THA
3083,Nando Reis,2023-05-20,2023,PARQUE VILLA-LOBOS,NANDO REIS
3084,Alcione,2023-05-20,2023,PARQUE VILLA-LOBOS,ALCIONE
3085,Liniker,2023-05-21,2023,PARQUE VILLA-LOBOS,LINIKER
3086,João Gomes,2023-05-21,2023,PARQUE VILLA-LOBOS,JOAO GOMES
3087,Seu Jorge,2023-05-21,2023,PARQUE VILLA-LOBOS,SEU JORGE
3088,Tim Bernardes,2023-05-21,2023,PARQUE DO IBIRAPUERA,TIM BERNARDES
3089,Chico César & Geraldo Azevedo,2023-05-21,2023,PARQUE VILLA-LOBOS,CHICO CESAR & GERALDO AZEVEDO
3090,Criolo,2023-05-21,2023,PARQUE VILLA-LOBOS,CRIOLO
3091,Tasha & Tracie,2023-05-21,2023,PARQUE VILLA-LOBOS,TASHA & TRACIE
3092,"Black Country, New Road",2023-05-21,2023,PARQUE DO IBIRAPUERA,"BLACK COUNTRY, NEW ROAD"
3093,DOMi & JD BECK,2023-05-21,2023,PARQUE DO IBIRAPUERA,DOMI & JD BECK
3094,Supercombo,2023-05-21,2023,AUDIO,SUPERCOMBO
3095,Weyes Blood,2023-05-21,2023,PARQUE DO IBIRAPUERA,WEYES BLOOD
3096,The War on Drugs,2023-05-21,2023,PARQUE DO IBIRAPUERA,THE WAR ON DRUGS
3097,Samara Joy,2023-05-21,2023,PARQUE DO IBIRAPUERA,SAMARA JOY
3098,The Comet Is Coming,2023-05-21,2023,PARQUE DO IBIRAPUERA,THE COMET IS COMING
3099,Caetano Veloso,2023-05-21,2023,PARQUE DO IBIRAPUERA,CAETANO VELOSO
3100,Anna Vis,2023-05-24,2023,CASA DE FRANCISCA,ANNA VIS
3101,Tulipa Ruiz,2023-05-25,2023,SESC IPIRANGA,TULIPA RUIZ
3102,Silibrina,2023-05-25,2023,AUDIO,SILIBRINA
3103,Children of the Beast,2023-05-25,2023,THE METAL BAR,CHILDREN OF THE BEAST
3104,Ritchie,2023-05-25,2023,CINE JOIA,RITCHIE
3105,Snarky Puppy,2023-05-25,2023,AUDIO,SNARKY PUPPY
3106,Russo Passapusso + Antonio Carlos e Jocafi,2023-05-26,2023,CASA NATURA MUSICAL,RUSSO PASSAPUSSO + ANTONIO CARLOS E JOCAFI
3107,Luciana Mello,2023-05-26,2023,SESC BELENZINHO,LUCIANA MELLO
3108,BNegão,2023-05-26,2023,SESC PINHEIROS,BNEGAO
3109,Giolì & Assia,2023-05-26,2023,AUTODROMO DE INTERLAGOS,GIOLI & ASSIA
3110,Nirvana Experience (ex-Hormoaning),2023-05-26,2023,RELICARIO ROCK BAR,NIRVANA EXPERIENCE (EX-HORMOANING)
3111,Montanee,2023-05-26,2023,LA IGLESIA BORRATXERIA,MONTANEE
3112,Tássia Reis,2023-05-27,2023,"AVENIDA ELISEU DE ALMEIDA, 3307",TASSIA REIS
3113,Tiee,2023-05-27,2023,"AV. LUIZ DUMONT VILLARES, 1400, PARADA INGLESA",TIEE
3114,Supercombo,2023-05-27,2023,SESC INTERLAGOS,SUPERCOMBO
3115,Johnny Hooker,2023-05-27,2023,CENTRO CULTURAL SAO PAULO,JOHNNY HOOKER
3116,Mart’nália,2023-05-27,2023,CENTRO CULTURAL TENDAL DA LAPA,MART'NALIA
3117,BaianaSystem,2023-05-27,2023,VALE DO ANHANGABAU,BAIANASYSTEM
3118,Olodum,2023-05-27,2023,"AV. NAGIB FARAH MALUF, ITAQUERA",OLODUM
3119,Baco Exu do Blues,2023-05-27,2023,"AV. NAGIB FARAH MALUF, ITAQUERA",BACO EXU DO BLUES
3120,Abraskadabra,2023-05-27,2023,HANGAR 110,ABRASKADABRA
3121,Kaya Conky,2023-05-27,2023,AVENIDA MARQUES DE SAO VICENTE,KAYA CONKY
3122,Lexa,2023-05-27,2023,"RUA DR. JOVIANO PACHECO DE AGUIRRE, 30",LEXA
3123,Sugar Kane,2023-05-27,2023,HANGAR 110,SUGAR KANE
3124,Paula Toller,2023-05-27,2023,TOKIO MARINE HALL,PAULA TOLLER
3125,RP Boo,2023-05-27,2023,FUNCTION.FM,RP BOO
3126,Gloria Groove,2023-05-27,2023,VALE DO ANHANGABAU,GLORIA GROOVE
3127,Ratos de Porão,2023-05-27,2023,CASA DE CULTURA DO BUTANTA,RATOS DE PORAO
3129,Gritando HC,2023-05-27,2023,CASA DE CULTURA DO BUTANTA,GRITANDO HC
3130,Boogarins,2023-05-27,2023,CASA DE CULTURA MUNICIPAL DA VILA GUILHERME - CASARAO,BOOGARINS
3131,Zé Ramalho,2023-05-27,2023,ESPACO UNIMED,ZE RAMALHO
3132,Carlinhos Brown,2023-05-27,2023,"AV. LUIZ DUMONT VILLARES, 1400, PARADA INGLESA",CARLINHOS BROWN
3133,Garotos Podres,2023-05-27,2023,CASA DE CULTURA DO BUTANTA,GAROTOS PODRES
3134,Tiago Iorc,2023-05-27,2023,VIBRA SAO PAULO,TIAGO IORC
3135,Michel Teló,2023-05-27,2023,"RUA DR. JOVIANO PACHECO DE AGUIRRE, 30",MICHEL TELO
3136,Far from Alaska,2023-05-28,2023,SESC INTERLAGOS,FAR FROM ALASKA
3137,Melim,2023-05-28,2023,"AVENIDA ELISEU DE ALMEIDA, 3307",MELIM
3138,Kapanga,2023-05-28,2023,CASA DE CULTURA DO BUTANTA,KAPANGA
3139,Night Prowler,2023-05-28,2023,JAI CLUB,NIGHT PROWLER
3140,IZA,2023-05-28,2023,VALE DO ANHANGABAU,IZA
3141,Solange Almeida,2023-05-28,2023,"RUA DR. JOVIANO PACHECO DE AGUIRRE, 30",SOLANGE ALMEIDA
3142,Ivan Lins,2023-05-28,2023,SESC PINHEIROS,IVAN LINS
3143,Tasha & Tracie,2023-05-28,2023,"AV. NAGIB FARAH MALUF, ITAQUERA",TASHA & TRACIE
3144,Supla,2023-05-28,2023,"AVENIDA ELISEU DE ALMEIDA, 3307",SUPLA
3145,MC Cabelinho,2023-05-28,2023,"AV. NAGIB FARAH MALUF, ITAQUERA",MC CABELINHO
3146,Tulipa Ruiz,2023-05-28,2023,CENTRO CULTURAL TENDAL DA LAPA,TULIPA RUIZ
3147,Tom Zé,2023-05-28,2023,CENTRO CULTURAL TENDAL DA LAPA,TOM ZE
3148,Flageladör,2023-05-28,2023,JAI CLUB,FLAGELADOR
3149,Los Mirlos,2023-05-28,2023,VALE DO ANHANGABAU,LOS MIRLOS
3150,Céu,2023-05-28,2023,SESC CONSOLACAO,CEU
3151,Luedji Luna,2023-05-28,2023,VALE DO ANHANGABAU,LUEDJI LUNA
3152,Eskröta,2023-05-28,2023,JAI CLUB,ESKROTA
3153,Sofía Viola,2023-05-28,2023,CENTRO CULTURAL TENDAL DA LAPA,SOFIA VIOLA
3154,Biter,2023-05-28,2023,JAI CLUB,BITER
3155,Alceu Valença,2023-05-28,2023,VALE DO ANHANGABAU,ALCEU VALENCA
3156,ANAVITÓRIA,2023-05-28,2023,"AVENIDA ELISEU DE ALMEIDA, 3307",ANAVITORIA
3157,Marina Sena,2023-05-28,2023,"AVENIDA ELISEU DE ALMEIDA, 3307",MARINA SENA
3158,Aline Barros,2023-05-28,2023,"AV. NAGIB FARAH MALUF, ITAQUERA",ALINE BARROS
3159,L7NNON,2023-05-28,2023,"RUA DR. JOVIANO PACHECO DE AGUIRRE, 30",L7NNON
3160,Rosa de Saron,2023-05-28,2023,CARIOCA CLUB,ROSA DE SARON
3161,Evil Invaders,2023-05-28,2023,JAI CLUB,EVIL INVADERS
3162,Papatinho,2023-05-28,2023,"RUA DR. JOVIANO PACHECO DE AGUIRRE, 30",PAPATINHO
3163,Di Melo,2023-05-30,2023,FATIADO DISCOS E CERVEJAS ESPECIAIS,DI MELO
3164,Wanessa Camargo,2023-05-30,2023,ALTAS HORAS,WANESSA CAMARGO
3165,Léo Santana,2023-05-30,2023,ALTAS HORAS,LEO SANTANA
3166,Toquinho,2023-05-30,2023,ALTAS HORAS,TOQUINHO
3167,Otto,2023-05-30,2023,ALTAS HORAS,OTTO
3168,Leonardo Gonçalves,2023-05-31,2023,TEATRO BRADESCO,LEONARDO GONCALVES
3169,The Beast Experience,2023-05-31,2023,TEATRO UMC,THE BEAST EXPERIENCE
3170,Ombu,2023-06-01,2023,CINE JOIA,OMBU
3171,Os Mutantes,2023-06-01,2023,CINE JOIA,OS MUTANTES
3172,Lupe de Lupe,2023-06-01,2023,RED STAR STUDIOS,LUPE DE LUPE
3173,Julia Mestre,2023-06-01,2023,CASA NATURA MUSICAL,JULIA MESTRE
3174,Dora Morelenbaum,2023-06-01,2023,BONA CASA DE MUSICA,DORA MORELENBAUM
3175,Tom Morello,2023-06-02,2023,PARQUE DO IBIRAPUERA,TOM MORELLO
3176,Extreme,2023-06-02,2023,PARQUE DO IBIRAPUERA,EXTREME
3177,Vespas Mandarinas,2023-06-02,2023,SESC SANTO AMARO,VESPAS MANDARINAS
3178,Danny Bond,2023-06-02,2023,KOMPLEXO TEMPO,DANNY BOND
3179,Nirvana Experience (ex-Hormoaning),2023-06-02,2023,SANTA BREJA BAR,NIRVANA EXPERIENCE (EX-HORMOANING)
3180,Malvada,2023-06-02,2023,PARQUE DO IBIRAPUERA,MALVADA
3181,Getúlio Abelha,2023-06-02,2023,KOMPLEXO TEMPO,GETULIO ABELHA
3182,Urias,2023-06-02,2023,KOMPLEXO TEMPO,URIAS
3183,Rebecca,2023-06-02,2023,KOMPLEXO TEMPO,REBECCA
3184,Orquestra Sinfônica do Estado de São Paulo,2023-06-02,2023,SALA SAO PAULO,ORQUESTRA SINFONICA DO ESTADO DE SAO PAULO
3185,Pabllo Vittar,2023-06-02,2023,KOMPLEXO TEMPO,PABLLO VITTAR
3186,Aretuza Lovi,2023-06-02,2023,KOMPLEXO TEMPO,ARETUZA LOVI
3187,Orquestra Sinfônica do Estado de São Paulo,2023-06-03,2023,SALA SAO PAULO,ORQUESTRA SINFONICA DO ESTADO DE SAO PAULO
3188,Jehnny Beth,2023-06-03,2023,NOVO ANHANGABAU,JEHNNY BETH
3189,ÀVUÀ,2023-06-03,2023,NOVO ANHANGABAU,AVUA
3190,Carlise Guy,2023-06-03,2023,PARQUE DO IBIRAPUERA,CARLISE GUY
3191,BADBADNOTGOOD,2023-06-03,2023,NOVO ANHANGABAU,BADBADNOTGOOD
3192,MEE,2023-06-03,2023,CITY LIGHTS MUSIC HALL,MEE
3193,Buddy Guy,2023-06-03,2023,PARQUE DO IBIRAPUERA,BUDDY GUY
3194,Djonga,2023-06-03,2023,NOVO ANHANGABAU,DJONGA
3195,Ana Frango Elétrico,2023-06-03,2023,SESC VILA MARIANA,ANA FRANGO ELETRICO
3196,N.I.N.A (Nina do Porte),2023-06-03,2023,NOVO ANHANGABAU,N.I.N.A (NINA DO PORTE)
3197,Steve Vai,2023-06-03,2023,PARQUE DO IBIRAPUERA,STEVE VAI
3198,Foojammers,2023-06-03,2023,PRESLEY PUB,FOOJAMMERS
3199,John Wayne,2023-06-03,2023,CITY LIGHTS MUSIC HALL,JOHN WAYNE
3200,DUDA BEAT,2023-06-03,2023,NOVO ANHANGABAU,DUDA BEAT
3201,ballburya,2023-06-03,2023,JAI CLUB,BALLBURYA
3202,Hevo 84,2023-06-03,2023,BLOCO EMO,HEVO 84
3203,Artur Menezes,2023-06-03,2023,PARQUE DO IBIRAPUERA,ARTUR MENEZES
3204,Lulu Santos,2023-06-03,2023,ESPACO UNIMED,LULU SANTOS
3205,Replace,2023-06-03,2023,BLOCO EMO,REPLACE
3206,Mateus Carrilho,2023-06-03,2023,KOMPLEXO TEMPO,MATEUS CARRILHO
3207,Dead Fish,2023-06-03,2023,PARQUE DO IBIRAPUERA,DEAD FISH
3208,Lia Clark,2023-06-03,2023,KOMPLEXO TEMPO,LIA CLARK
3209,Flume,2023-06-03,2023,NOVO ANHANGABAU,FLUME
3210,Natiruts,2023-06-03,2023,NOVO ANHANGABAU,NATIRUTS
3211,Lexa,2023-06-03,2023,KOMPLEXO TEMPO,LEXA
3212,Lana Del Rey,2023-06-03,2023,NOVO ANHANGABAU,LANA DEL REY
3213,Electric Mob,2023-06-03,2023,LA IGLESIA BORRATXERIA,ELECTRIC MOB
3214,Mestre Ambrósio,2023-06-03,2023,SESC POMPEIA,MESTRE AMBROSIO
3215,Pepita,2023-06-03,2023,KOMPLEXO TEMPO,PEPITA
3216,Mac Júlia,2023-06-03,2023,KOMPLEXO TEMPO,MAC JULIA
3217,HAIM,2023-06-04,2023,NOVO ANHANGABAU,HAIM
3218,Don L,2023-06-04,2023,NOVO ANHANGABAU,DON L
3219,Ana Frango Elétrico,2023-06-04,2023,SESC VILA MARIANA,ANA FRANGO ELETRICO
3220,Children of the Beast,2023-06-04,2023,BUDEGAALOKKA,CHILDREN OF THE BEAST
3221,Ira!,2023-06-04,2023,PARQUE DO IBIRAPUERA,IRA!
3222,Day Limns,2023-06-04,2023,PARQUE DO IBIRAPUERA,DAY LIMNS
3223,Protoje,2023-06-04,2023,AUDIO,PROTOJE
3224,Sabrina Carpenter,2023-06-04,2023,NOVO ANHANGABAU,SABRINA CARPENTER
3225,Tom Morello,2023-06-04,2023,PARQUE DO IBIRAPUERA,TOM MORELLO
3226,Goo Goo Dolls,2023-06-04,2023,PARQUE DO IBIRAPUERA,GOO GOO DOLLS
3227,Florence + the Machine,2023-06-04,2023,NOVO ANHANGABAU,FLORENCE + THE MACHINE
3228,NX Zero,2023-06-04,2023,NOVO ANHANGABAU,NX ZERO
3229,Far from Alaska,2023-06-04,2023,NOVO ANHANGABAU,FAR FROM ALASKA
3230,The Mars Volta,2023-06-04,2023,NOVO ANHANGABAU,THE MARS VOLTA
3231,Buddy Guy,2023-06-04,2023,PARQUE DO IBIRAPUERA,BUDDY GUY
3232,Capital Inicial,2023-06-04,2023,NOVO ANHANGABAU,CAPITAL INICIAL
3234,Fear Factory,2023-06-06,2023,FABRIQUE CLUB,FEAR FACTORY
3235,Skin Culture,2023-06-06,2023,FABRIQUE CLUB,SKIN CULTURE
3236,Wanessa Camargo,2023-06-06,2023,HORA DO FARO,WANESSA CAMARGO
3237,Korzus,2023-06-06,2023,FABRIQUE CLUB,KORZUS
3238,Planet Hemp,2023-06-07,2023,ESPACO LESTE,PLANET HEMP
3240,Ventania,2023-06-07,2023,ESPACO LESTE,VENTANIA
3241,Children of the Beast,2023-06-07,2023,CAFE PIU PIU,CHILDREN OF THE BEAST
3242,Cátia de França,2023-06-08,2023,ITAU CULTURAL,CATIA DE FRANCA
3243,Claudia Leitte,2023-06-08,2023,SAMBODROMO DO ANHEMBI,CLAUDIA LEITTE
3244,Ivete Sangalo,2023-06-08,2023,SAMBODROMO DO ANHEMBI,IVETE SANGALO
3245,Walfredo em Busca da Simbiose,2023-06-08,2023,BAR ALTO,WALFREDO EM BUSCA DA SIMBIOSE
3246,Mahmundi,2023-06-09,2023,SESC PINHEIROS,MAHMUNDI
3247,Linn da Quebrada,2023-06-09,2023,ZIG STUDIO,LINN DA QUEBRADA
3248,Os Amantes,2023-06-09,2023,CASA NATURA MUSICAL,OS AMANTES
3249,Gloria Groove,2023-06-09,2023,SAMBODROMO DO ANHEMBI,GLORIA GROOVE
3250,Menores Atos,2023-06-09,2023,SESC BELENZINHO,MENORES ATOS
3251,Daniela Mercury,2023-06-09,2023,SAMBODROMO DO ANHEMBI,DANIELA MERCURY
3252,lōtico,2023-06-09,2023,CARDEAL PUB,LOTICO
3253,Jup do Bairro,2023-06-09,2023,GALERIA OLIDO,JUP DO BAIRRO
3254,Alinne Rosa,2023-06-09,2023,SAMBODROMO DO ANHEMBI,ALINNE ROSA
3255,Timbalada,2023-06-10,2023,SAMBODROMO DO ANHEMBI,TIMBALADA
3256,Catto,2023-06-10,2023,GALERIA OLIDO,CATTO
3257,Innabrain,2023-06-10,2023,ESPACO FIM DA RUA,INNABRAIN
3258,Lexa,2023-06-10,2023,SAMBODROMO DO ANHEMBI,LEXA
3259,Marina Sena,2023-06-10,2023,VALE DO ANHANGABAU,MARINA SENA
3260,Liniker,2023-06-10,2023,VALE DO ANHANGABAU,LINIKER
3261,Silva,2023-06-10,2023,VALE DO ANHANGABAU,SILVA
3262,Johnny Hooker,2023-06-10,2023,VALE DO ANHANGABAU,JOHNNY HOOKER
3263,Claudia Leitte,2023-06-10,2023,SAMBODROMO DO ANHEMBI,CLAUDIA LEITTE
3264,Pabllo Vittar,2023-06-10,2023,SAMBODROMO DO ANHEMBI,PABLLO VITTAR
3265,Karol Conká,2023-06-10,2023,VALE DO ANHANGABAU,KAROL CONKA
3266,MC Soffia,2023-06-11,2023,AVENIDA PAULISTA,MC SOFFIA
3267,Haggard,2023-06-11,2023,CARIOCA CLUB,HAGGARD
3268,Grag Queen,2023-06-11,2023,AVENIDA PAULISTA,GRAG QUEEN
3269,Daniela Mercury,2023-06-11,2023,AVENIDA PAULISTA,DANIELA MERCURY
3270,Pepita,2023-06-11,2023,AVENIDA PAULISTA,PEPITA
3271,Majur,2023-06-11,2023,AVENIDA PAULISTA,MAJUR
3272,Arthur Verocai,2023-06-11,2023,AUDITORIO SIMON BOLIVAR - MEMORIAL DA AMERICA LATINA,ARTHUR VEROCAI
3273,POCAH,2023-06-11,2023,AVENIDA PAULISTA,POCAH
3274,Pabllo Vittar,2023-06-11,2023,AVENIDA PAULISTA,PABLLO VITTAR
3275,Urias,2023-06-11,2023,AVENIDA PAULISTA,URIAS
3276,Fernando Catatau,2023-06-12,2023,ODETTE,FERNANDO CATATAU
3277,Luiza Possi,2023-06-13,2023,FAUSTAO NA BAND,LUIZA POSSI
3278,Wanessa Camargo,2023-06-13,2023,FAUSTAO NA BAND,WANESSA CAMARGO
3279,Chico César,2023-06-13,2023,THEATRO MUNICIPAL DE SAO PAULO,CHICO CESAR
3280,Zeca Baleiro,2023-06-13,2023,THEATRO MUNICIPAL DE SAO PAULO,ZECA BALEIRO
3281,Tropical Nada,2023-06-14,2023,FFFRONT,TROPICAL NADA
3282,Colomy,2023-06-16,2023,ALLIANZ PARQUE,COLOMY
3283,Titãs,2023-06-16,2023,ALLIANZ PARQUE,TITAS
3284,Colligere,2023-06-16,2023,LA IGLESIA BORRATXERIA,COLLIGERE
3285,Halleck,2023-06-16,2023,PORAO DA CERVEJA,HALLECK
3286,Ney Matogrosso,2023-06-16,2023,ESPACO UNIMED,NEY MATOGROSSO
3287,Marcelo D2,2023-06-16,2023,AUDIO,MARCELO D2
3288,Don L,2023-06-16,2023,SESC POMPEIA,DON L
3289,Viper,2023-06-16,2023,HOUSE OF LEGENDS,VIPER
3290,Potyguara Bardo,2023-06-16,2023,CINECLUBE CORTINA,POTYGUARA BARDO
3291,Davi Sabbag,2023-06-16,2023,CINECLUBE CORTINA,DAVI SABBAG
3292,Alexandre Pires & Seu Jorge,2023-06-17,2023,ESPACO UNIMED,ALEXANDRE PIRES & SEU JORGE
3293,Cult of Fire,2023-06-17,2023,HANGAR 110,CULT OF FIRE
3294,Holger,2023-06-17,2023,ESTUDIO AURORA,HOLGER
3295,Children of the Beast,2023-06-17,2023,ZN HIGHWAY,CHILDREN OF THE BEAST
3296,Colomy,2023-06-17,2023,ALLIANZ PARQUE,COLOMY
3297,Sioux 66,2023-06-17,2023,ALLIANZ PARQUE,SIOUX 66
3298,Angvstia,2023-06-17,2023,CASA SINTESE,ANGVSTIA
3299,Titãs,2023-06-17,2023,ALLIANZ PARQUE,TITAS
3300,Alexandre Pires & Seu Jorge,2023-06-18,2023,ESPACO UNIMED,ALEXANDRE PIRES & SEU JORGE
3301,Metade de Mim,2023-06-18,2023,CARIOCA CLUB,METADE DE MIM
3302,Nile,2023-06-18,2023,JAI CLUB,NILE
3303,The Sisters of Mercy,2023-06-18,2023,TOKIO MARINE HALL,THE SISTERS OF MERCY
3304,Sioux 66,2023-06-18,2023,ALLIANZ PARQUE,SIOUX 66
3305,Pense,2023-06-18,2023,CARIOCA CLUB,PENSE
3306,Mukeka di Rato,2023-06-18,2023,CARIOCA CLUB,MUKEKA DI RATO
3307,Titãs,2023-06-18,2023,ALLIANZ PARQUE,TITAS
3308,Sudarshana,2023-06-18,2023,CARIOCA CLUB,SUDARSHANA
3309,3 Pipe Problem,2023-06-18,2023,TOKIO MARINE HALL,3 PIPE PROBLEM
3310,Nação Zumbi,2023-06-18,2023,VALE DO ANHANGABAU,NACAO ZUMBI
3311,Bayside Kings,2023-06-18,2023,CARIOCA CLUB,BAYSIDE KINGS
3312,Dance of Days,2023-06-18,2023,CARIOCA CLUB,DANCE OF DAYS
3313,terraplana,2023-06-19,2023,SESC CARMO,TERRAPLANA
3314,Álcool,2023-06-23,2023,HANGAR 110,ALCOOL
3315,Xênia França,2023-06-23,2023,SESC SANTO AMARO,XENIA FRANCA
3316,Innabrain,2023-06-23,2023,PORAO DA CERVEJA,INNABRAIN
3317,The Outrageous Gravedäncer,2023-06-23,2023,HANGAR 110,THE OUTRAGEOUS GRAVEDANCER
3318,Selvageria,2023-06-23,2023,HANGAR 110,SELVAGERIA
3319,POCAH,2023-06-23,2023,AUDIO,POCAH
3320,Terno Rei,2023-06-23,2023,SESC BELENZINHO,TERNO REI
3321,Holger,2023-06-23,2023,LAJE 795,HOLGER
3322,Chitãozinho & Xororó,2023-06-23,2023,ESPACO UNIMED,CHITAOZINHO & XORORO
3323,Mahmundi,2023-06-23,2023,CINECLUBE CORTINA,MAHMUNDI
3324,Nevasca,2023-06-24,2023,ONLY ROCK BAR,NEVASCA
3325,Garotos Podres,2023-06-24,2023,HANGAR 110,GAROTOS PODRES
3326,MC Hariel,2023-06-24,2023,PARQUE DO IBIRAPUERA,MC HARIEL
3327,Cólera,2023-06-24,2023,HANGAR 110,COLERA
3328,Maria Rita,2023-06-24,2023,PARQUE DO IBIRAPUERA,MARIA RITA
3329,Quântico Romance,2023-06-24,2023,LA IGLESIA BORRATXERIA,QUANTICO ROMANCE
3330,Chitãozinho & Xororó,2023-06-24,2023,ESPACO UNIMED,CHITAOZINHO & XORORO
3331,Nomade Orquestra,2023-06-24,2023,TEATRO SESC 24 DE MAIO,NOMADE ORQUESTRA
3332,Yamandu Costa,2023-06-24,2023,SESC PINHEIROS,YAMANDU COSTA
3333,António Zambujo,2023-06-24,2023,SESC PINHEIROS,ANTONIO ZAMBUJO
3334,Jorge Ben Jor,2023-06-24,2023,PARQUE DO IBIRAPUERA,JORGE BEN JOR
3335,Terno Rei,2023-06-24,2023,SESC BELENZINHO,TERNO REI
3336,Carol Biazin,2023-06-24,2023,CASA NATURA MUSICAL,CAROL BIAZIN
3337,Zeca Pagodinho,2023-06-24,2023,PARQUE DO IBIRAPUERA,ZECA PAGODINHO
3338,Tuyo,2023-06-25,2023,PARQUE DO IBIRAPUERA,TUYO
3339,Joelma,2023-06-25,2023,PARQUE DO IBIRAPUERA,JOELMA
3340,Gilberto Gil,2023-06-25,2023,PARQUE DO IBIRAPUERA,GILBERTO GIL
3341,Pitty,2023-06-25,2023,PARQUE DO IBIRAPUERA,PITTY
3342,Delacruz,2023-06-25,2023,PARQUE DO IBIRAPUERA,DELACRUZ
3343,A Espetacular Charanga do França,2023-06-25,2023,PARQUE DO IBIRAPUERA,A ESPETACULAR CHARANGA DO FRANCA
3344,Test,2023-06-26,2023,ESTUDIO PAPRICA,TEST
3345,Metade de Mim,2023-06-26,2023,FFFRONT,METADE DE MIM
3346,Zander,2023-06-26,2023,FFFRONT,ZANDER
3347,Titãs,2023-06-27,2023,VIBRA SAO PAULO,TITAS
3348,Bike,2023-06-29,2023,SESC CARMO,BIKE
3349,Caixa Cubo,2023-06-29,2023,SESC POMPEIA,CAIXA CUBO
3350,Raimundos,2023-06-29,2023,AUDIO,RAIMUNDOS
3351,Bixarte,2023-06-29,2023,CASA NATURA MUSICAL,BIXARTE
3352,Nevasca,2023-06-29,2023,ST PAUL'S PUB,NEVASCA
3353,Péricles,2023-06-30,2023,AUDIO,PERICLES
3354,Bebê Feio,2023-06-30,2023,CARDEAL PUB,BEBE FEIO
3355,Lagum,2023-06-30,2023,ESPACO UNIMED,LAGUM
3356,Karnak,2023-06-30,2023,SESC POMPEIA,KARNAK
3357,Aretuza Lovi,2023-07-01,2023,RIBEIRAO PIRES,ARETUZA LOVI
3358,Melody,2023-07-01,2023,RIBEIRAO PIRES,MELODY
3359,The Mist,2023-07-01,2023,SESC BELENZINHO,THE MIST
3360,Karol Conká,2023-07-01,2023,SESC VILA MARIANA,KAROL CONKA
3361,Getúlio Abelha,2023-07-01,2023,MUNDO PENSANTE,GETULIO ABELHA
3362,Karnak,2023-07-01,2023,SESC POMPEIA,KARNAK
3363,Marcos Almeida,2023-07-01,2023,CASA NATURA MUSICAL,MARCOS ALMEIDA
3364,Danny Bond,2023-07-01,2023,RIBEIRAO PIRES,DANNY BOND
3365,The Beast Experience,2023-07-01,2023,MANIFESTO BAR,THE BEAST EXPERIENCE
3366,Worst,2023-07-01,2023,LA IGLESIA BORRATXERIA,WORST
3367,Nevasca,2023-07-02,2023,TONTON JAZZ & MUSIC BAR,NEVASCA
3368,Carol Biazin,2023-07-02,2023,CASA NATURA MUSICAL,CAROL BIAZIN
3369,Sophia Chablau e Uma Enorme Perda de Tempo,2023-07-02,2023,SESC BELENZINHO,SOPHIA CHABLAU E UMA ENORME PERDA DE TEMPO
3370,Angvstia,2023-07-02,2023,ROCK TOGETHER STUDIO,ANGVSTIA
3371,Karol Conká,2023-07-02,2023,SESC VILA MARIANA,KAROL CONKA
3372,Emphuria,2023-07-02,2023,CENTRO CULTURAL DA JUVENTUDE RUTH CARDOSO,EMPHURIA
3373,Project46,2023-07-02,2023,CENTRO CULTURAL DA JUVENTUDE RUTH CARDOSO,PROJECT46
3374,Hatefulmurder,2023-07-02,2023,CENTRO CULTURAL DA JUVENTUDE RUTH CARDOSO,HATEFULMURDER
3375,John Wayne,2023-07-02,2023,CENTRO CULTURAL DA JUVENTUDE RUTH CARDOSO,JOHN WAYNE
3376,Eminence,2023-07-02,2023,CENTRO CULTURAL DA JUVENTUDE RUTH CARDOSO,EMINENCE
3377,The Manhattans,2023-07-02,2023,ESPACO UNIMED,THE MANHATTANS
3378,NCT DREAM,2023-07-04,2023,VIBRA SAO PAULO,NCT DREAM
3380,CNCO,2023-07-05,2023,AUDIO,CNCO
3381,Children of the Beast,2023-07-06,2023,MORRISON ROCK BAR,CHILDREN OF THE BEAST
3382,Angvstia,2023-07-06,2023,FFFRONT,ANGVSTIA
3383,Roberto Carlos,2023-07-07,2023,VIBRA SAO PAULO,ROBERTO CARLOS
3384,MIYAVI,2023-07-07,2023,ESPACO UNIMED,MIYAVI
3385,Jeff Satur,2023-07-07,2023,ESPACO UNIMED,JEFF SATUR
3386,2Z,2023-07-07,2023,ESPACO UNIMED,2Z
3387,TRI.BE,2023-07-07,2023,ESPACO UNIMED,TRI.BE
3388,O Teatro Mágico,2023-07-07,2023,CARIOCA CLUB,O TEATRO MAGICO
3389,BOY STORY,2023-07-07,2023,ESPACO UNIMED,BOY STORY
3390,Linn da Quebrada,2023-07-07,2023,SESC POMPEIA,LINN DA QUEBRADA
3391,CLASS:y,2023-07-07,2023,ESPACO UNIMED,CLASS:Y
3392,Ira!,2023-07-08,2023,ESPACO LESTE,IRA!
3393,Capital Inicial,2023-07-08,2023,CLUBE PAINEIRAS,CAPITAL INICIAL
3394,Ana Frango Elétrico,2023-07-08,2023,CINECLUBE CORTINA,ANA FRANGO ELETRICO
3395,Nenhum de Nós,2023-07-08,2023,ESPACO LESTE,NENHUM DE NOS
3396,Lou Garcia,2023-07-08,2023,CASA ROCKAMBOLE,LOU GARCIA
3397,Sasha Velour,2023-07-08,2023,TEATRO BRADESCO,SASHA VELOUR
3398,Bufo Borealis,2023-07-08,2023,ASSOCIACAO CULTURAL CECILIA,BUFO BOREALIS
3399,Linn da Quebrada,2023-07-08,2023,SESC POMPEIA,LINN DA QUEBRADA
3400,Zanias,2023-07-08,2023,MADAME UNDERGROUND CLUB,ZANIAS
3401,Urias,2023-07-08,2023,CASA NATURA MUSICAL,URIAS
3402,Murilo Huff,2023-07-08,2023,PARQUE DO IBIRAPUERA,MURILO HUFF
3403,João Gomes,2023-07-08,2023,PARQUE DO IBIRAPUERA,JOAO GOMES
3404,Qual,2023-07-08,2023,MADAME UNDERGROUND CLUB,QUAL
3405,Zander,2023-07-08,2023,THE MEZZ,ZANDER
3406,Roberto Carlos,2023-07-08,2023,VIBRA SAO PAULO,ROBERTO CARLOS
3407,Vazio,2023-07-09,2023,CASA DE CULTURA MUNICIPAL DA VILA GUILHERME - CASARAO,VAZIO
3408,Casagrande & Hanysz,2023-07-09,2023,MANIFESTO BAR,CASAGRANDE & HANYSZ
3409,Leptospirose,2023-07-09,2023,CASA DE CULTURA MUNICIPAL DA VILA GUILHERME - CASARAO,LEPTOSPIROSE
3410,ROT,2023-07-09,2023,CASA DE CULTURA MUNICIPAL DA VILA GUILHERME - CASARAO,ROT
3411,Vinicius Chagas,2023-07-09,2023,PARQUE BURLE MARX,VINICIUS CHAGAS
3412,Tarcísio do Acordeon,2023-07-09,2023,PARQUE DO IBIRAPUERA,TARCISIO DO ACORDEON
3413,Supercombo,2023-07-09,2023,SESC ITAQUERA,SUPERCOMBO
3414,Vanessa Moreno,2023-07-09,2023,PARQUE BURLE MARX,VANESSA MORENO
3415,Bell Marques,2023-07-09,2023,PARQUE DO IBIRAPUERA,BELL MARQUES
3416,Bixiga 70,2023-07-09,2023,PARQUE BURLE MARX,BIXIGA 70
3417,D.K. Harrell,2023-07-11,2023,THE BLUE PUB,D.K. HARRELL
3418,Eduardo Falaschi,2023-07-12,2023,CENTRO CULTURAL FIESP,EDUARDO FALASCHI
3419,Zander,2023-07-13,2023,FFFRONT,ZANDER
3420,Metade de Mim,2023-07-13,2023,FFFRONT,METADE DE MIM
3421,Carne Doce,2023-07-13,2023,CASA NATURA MUSICAL,CARNE DOCE
3422,Supla,2023-07-13,2023,SHOPPING VILA OLIMPIA,SUPLA
3423,Spektra,2023-07-13,2023,MANIFESTO BAR,SPEKTRA
3424,NANO,2023-07-13,2023,PAVILHAO DE EXPOSICOES DO ANHEMBI,NANO
3425,Supla,2023-07-13,2023,LONDON CALLING DISCOS,SUPLA
3426,Letrux,2023-07-13,2023,SESC POMPEIA,LETRUX
3427,FLOW,2023-07-13,2023,PAVILHAO DE EXPOSICOES DO ANHEMBI,FLOW
3428,Jimmy & Rats,2023-07-14,2023,HANGAR 110,JIMMY & RATS
3429,Marisa Monte,2023-07-14,2023,ESPACO UNIMED,MARISA MONTE
3430,NANO,2023-07-14,2023,PAVILHAO DE EXPOSICOES DO ANHEMBI,NANO
3431,WOODZ,2023-07-14,2023,TERRA SP,WOODZ
3432,ASCA,2023-07-14,2023,PAVILHAO DE EXPOSICOES DO ANHEMBI,ASCA
3433,Letrux,2023-07-14,2023,SESC POMPEIA,LETRUX
3434,Péricles,2023-07-14,2023,CLUBE ESPORTIVO DA PENHA,PERICLES
3435,Wasabi,2023-07-14,2023,PAVILHAO DE EXPOSICOES DO ANHEMBI,WASABI
3436,Selvagens à Procura de Lei,2023-07-14,2023,SESC PINHEIROS,SELVAGENS A PROCURA DE LEI
3437,Malvada,2023-07-14,2023,HANGAR 110,MALVADA
3438,Sepultura,2023-07-14,2023,SESC BELENZINHO,SEPULTURA
3439,Who‐ya Extended,2023-07-14,2023,PAVILHAO DE EXPOSICOES DO ANHEMBI,WHO-YA EXTENDED
3440,SennaRin,2023-07-14,2023,PAVILHAO DE EXPOSICOES DO ANHEMBI,SENNARIN
3441,Pense,2023-07-15,2023,CENTRO CULTURAL TENDAL DA LAPA,PENSE
3442,Autoramas,2023-07-15,2023,CENTRO CULTURAL TENDAL DA LAPA,AUTORAMAS
3443,Letrux,2023-07-15,2023,SESC POMPEIA,LETRUX
3444,BURNOUT SYNDROMES,2023-07-15,2023,PAVILHAO DE EXPOSICOES DO ANHEMBI,BURNOUT SYNDROMES
3445,Sepultura,2023-07-15,2023,SESC BELENZINHO,SEPULTURA
3446,Orquestra Sinfônica da FAB,2023-07-15,2023,SALA SAO PAULO,ORQUESTRA SINFONICA DA FAB
3447,Senpai Old School,2023-07-15,2023,PAVILHAO DE EXPOSICOES DO ANHEMBI,SENPAI OLD SCHOOL
3448,Survive Said The Prophet,2023-07-15,2023,PAVILHAO DE EXPOSICOES DO ANHEMBI,SURVIVE SAID THE PROPHET
3449,YUYU20,2023-07-15,2023,PAVILHAO DE EXPOSICOES DO ANHEMBI,YUYU20
3450,Belgrado,2023-07-15,2023,FABRIQUE CLUB,BELGRADO
3451,Marisa Monte,2023-07-15,2023,ESPACO UNIMED,MARISA MONTE
3452,Decreto Lei 50,2023-07-15,2023,INSTITUTO CULTURAL BOLIVIA ROCK,DECRETO LEI 50
3453,lōtico,2023-07-15,2023,ROCK TOGETHER STUDIO,LOTICO
3454,Terno Rei,2023-07-15,2023,CASA ROCKAMBOLE,TERNO REI
3455,Juliette,2023-07-16,2023,PARQUE DO IBIRAPUERA,JULIETTE
3456,SCANDAL,2023-07-16,2023,PAVILHAO DE EXPOSICOES DO ANHEMBI,SCANDAL
3457,FLOW,2023-07-16,2023,PAVILHAO DE EXPOSICOES DO ANHEMBI,FLOW
3458,Holger,2023-07-16,2023,BAR ALTO,HOLGER
3459,Marcelo Jeneci,2023-07-16,2023,SESC VILA MARIANA,MARCELO JENECI
3460,Claudia Leitte,2023-07-16,2023,PARQUE DO IBIRAPUERA,CLAUDIA LEITTE
3461,Terno Rei,2023-07-16,2023,CASA ROCKAMBOLE,TERNO REI
3462,Pense,2023-07-16,2023,CENTRO DE ESPORTES RADICAIS,PENSE
3463,Joker,2023-07-16,2023,FENDA 315,JOKER
3464,Ricardo Cruz,2023-07-16,2023,PAVILHAO DE EXPOSICOES DO ANHEMBI,RICARDO CRUZ
3465,Yumi Matsuzawa,2023-07-16,2023,PAVILHAO DE EXPOSICOES DO ANHEMBI,YUMI MATSUZAWA
3466,Rodrigo Rossi,2023-07-16,2023,PAVILHAO DE EXPOSICOES DO ANHEMBI,RODRIGO ROSSI
3467,Malditos Jovens do Reggae,2023-07-16,2023,FENDA 315,MALDITOS JOVENS DO REGGAE
3468,Danger 3,2023-07-16,2023,PAVILHAO DE EXPOSICOES DO ANHEMBI,DANGER 3
3469,Eduardo Falaschi,2023-07-16,2023,CENTRO DE ESPORTES RADICAIS,EDUARDO FALASCHI
3470,Janaína Bianchi,2023-07-16,2023,PAVILHAO DE EXPOSICOES DO ANHEMBI,JANAINA BIANCHI
3471,Larissa Tassi,2023-07-16,2023,PAVILHAO DE EXPOSICOES DO ANHEMBI,LARISSA TASSI
3472,The Beast Experience,2023-07-16,2023,ZN HIGHWAY,THE BEAST EXPERIENCE
3473,Supercombo,2023-07-16,2023,CENTRO DE ESPORTES RADICAIS,SUPERCOMBO
3474,Bayside Kings,2023-07-16,2023,CENTRO DE ESPORTES RADICAIS,BAYSIDE KINGS
3475,YUYU20,2023-07-16,2023,PAVILHAO DE EXPOSICOES DO ANHEMBI,YUYU20
3476,Pabllo Vittar,2023-07-17,2023,SALA SAO PAULO,PABLLO VITTAR
3479,Nirvana Experience (ex-Hormoaning),2023-07-20,2023,FUERTES ROCK PUB,NIRVANA EXPERIENCE (EX-HORMOANING)
3481,Bryan Behr,2023-07-20,2023,SHOPPING VILA OLIMPIA,BRYAN BEHR
3482,P1Harmony,2023-07-21,2023,TOKIO MARINE HALL,P1HARMONY
3483,Rogério Skylab,2023-07-21,2023,CARIOCA CLUB,ROGERIO SKYLAB
3484,Marisa Monte,2023-07-21,2023,ESPACO UNIMED,MARISA MONTE
3485,DEAFKIDS,2023-07-21,2023,SESC AVENIDA PAULISTA,DEAFKIDS
3486,BK,2023-07-21,2023,SESC BELENZINHO,BK
3487,Paolo Vallinari,2023-07-22,2023,PRIVATE VENUE,PAOLO VALLINARI
3488,Luedji Luna,2023-07-22,2023,SESC POMPEIA,LUEDJI LUNA
3489,Revenge of Kiss,2023-07-22,2023,WOODSTOCK ROCK STORE,REVENGE OF KISS
3490,Marisa Monte,2023-07-22,2023,ESPACO UNIMED,MARISA MONTE
3491,Tulipa Ruiz,2023-07-22,2023,CASA NATURA MUSICAL,TULIPA RUIZ
3492,Nirvana Experience (ex-Hormoaning),2023-07-22,2023,CASA DA MATRONA,NIRVANA EXPERIENCE (EX-HORMOANING)
3493,Bong Brigade,2023-07-22,2023,FFFRONT,BONG BRIGADE
3494,Rico Dalasam,2023-07-22,2023,AUDIO,RICO DALASAM
3495,Ratos de Porão,2023-07-22,2023,CENTRO CULTURAL TENDAL DA LAPA,RATOS DE PORAO
3496,APNEA,2023-07-23,2023,CENTRO CULTURAL TENDAL DA LAPA,APNEA
3497,Garage Fuzz,2023-07-23,2023,CENTRO CULTURAL TENDAL DA LAPA,GARAGE FUZZ
3498,Linn da Quebrada,2023-07-25,2023,CENTRO CULTURAL SAO PAULO,LINN DA QUEBRADA
3499,5 Seconds of Summer,2023-07-25,2023,ESPACO UNIMED,5 SECONDS OF SUMMER
3500,Day Limns,2023-07-25,2023,ESPACO UNIMED,DAY LIMNS
3501,Dead Fish,2023-07-26,2023,ESPACO SOM,DEAD FISH
3502,Menores Atos,2023-07-27,2023,SESC CARMO,MENORES ATOS
3503,QueenMilk,2023-07-28,2023,MANIFESTO BAR,QUEENMILK
3504,Colligere,2023-07-28,2023,SESC AVENIDA PAULISTA,COLLIGERE
3505,Maurício Pereira e Tonho Penhasco,2023-07-28,2023,BONA CASA DE MUSICA,MAURICIO PEREIRA E TONHO PENHASCO
3506,Bala Desejo,2023-07-28,2023,SESC PINHEIROS,BALA DESEJO
3507,Falamansa,2023-07-28,2023,CENTRO DE TRADICOES NORDESTINAS,FALAMANSA
3508,Foojammers,2023-07-28,2023,PRESLEY PUB,FOOJAMMERS
3509,ballburya,2023-07-28,2023,BLACK HOLE,BALLBURYA
3510,Adriana Calcanhotto,2023-07-28,2023,SESC POMPEIA,ADRIANA CALCANHOTTO
3511,Alceu Valença,2023-07-28,2023,CENTRO DE TRADICOES NORDESTINAS,ALCEU VALENCA
3512,Beto Lee,2023-07-29,2023,VIBRA SAO PAULO,BETO LEE
3513,Command6,2023-07-29,2023,HANGAR 110,COMMAND6
3514,Emphuria,2023-07-29,2023,HANGAR 110,EMPHURIA
3515,Adriana Calcanhotto,2023-07-29,2023,SESC POMPEIA,ADRIANA CALCANHOTTO
3516,Thiago Pantaleão,2023-07-29,2023,VIP STATION,THIAGO PANTALEAO
3517,Karol Conká,2023-07-29,2023,VIP STATION,KAROL CONKA
3518,Kryour,2023-07-29,2023,HANGAR 110,KRYOUR
3519,QueenMilk,2023-07-29,2023,MANIFESTO BAR,QUEENMILK
3520,Ratos de Porão,2023-07-29,2023,TEATRO FLAVIO IMPERIO,RATOS DE PORAO
3521,Papangu,2023-07-30,2023,SESC CARMO,PAPANGU
3522,Fafá de Belém,2023-07-30,2023,SESC VILA MARIANA,FAFA DE BELEM
3523,Karol Conká,2023-07-30,2023,CENTRO CULTURAL TENDAL DA LAPA,KAROL CONKA
3524,Cefa,2023-07-30,2023,FFFRONT,CEFA
3525,medicos cubanos,2023-07-30,2023,PORAO DA CERVEJA,MEDICOS CUBANOS
3526,Ratos de Porão,2023-07-30,2023,CENTRO CULTURAL DA PENHA,RATOS DE PORAO
3527,Fossilization,2023-07-30,2023,FENDA 315,FOSSILIZATION
3528,Mariá Portugal,2023-07-31,2023,SESC AVENIDA PAULISTA,MARIA PORTUGAL
3529,Quartabê + Metá Metá,2023-08-01,2023,SESC PINHEIROS,QUARTABE + META META
3530,Restart,2023-08-01,2023,CASA ROCKAMBOLE,RESTART
3531,Pullovers,2023-08-02,2023,FFFRONT,PULLOVERS
3532,Os Últimos Escolhidos do Futebol,2023-08-03,2023,TEATRO DA ROTINA,OS ULTIMOS ESCOLHIDOS DO FUTEBOL
3533,Charme Chulo,2023-08-03,2023,CITY LIGHTS MUSIC HALL,CHARME CHULO
3534,Jair Naves,2023-08-03,2023,CITY LIGHTS MUSIC HALL,JAIR NAVES
3535,Michel Teló,2023-08-03,2023,GINASIO DO IBIRAPUERA,MICHEL TELO
3536,BIKE,2023-08-03,2023,CINECLUBE CORTINA,BIKE
3537,Las Ligas Menores,2023-08-03,2023,CINECLUBE CORTINA,LAS LIGAS MENORES
3538,Bufo Borealis,2023-08-03,2023,SESC POMPEIA,BUFO BOREALIS
3539,Raça Negra,2023-08-04,2023,GINASIO DO IBIRAPUERA,RACA NEGRA
3540,Zezé Di Camargo & Luciano,2023-08-04,2023,ESPACO UNIMED,ZEZE DI CAMARGO & LUCIANO
3541,Pato Fu,2023-08-04,2023,AUDIO,PATO FU
3542,Chrystian,2023-08-04,2023,ESTUDIO SHOWLIVRE,CHRYSTIAN
3543,Angra,2023-08-04,2023,SESC BELENZINHO,ANGRA
3544,The Anmer,2023-08-05,2023,CARDEAL PUB,THE ANMER
3545,Trovão,2023-08-05,2023,LA IGLESIA BORRATXERIA,TROVAO
3546,Spynauts,2023-08-05,2023,CARDEAL PUB,SPYNAUTS
3547,BLITZ,2023-08-05,2023,TOKIO MARINE HALL,BLITZ
3548,Roberta Sá,2023-08-05,2023,SESC POMPEIA,ROBERTA SA
3549,Liniker,2023-08-05,2023,CASA NATURA MUSICAL,LINIKER
3550,Angra,2023-08-05,2023,SESC BELENZINHO,ANGRA
3551,The Beast Experience,2023-08-05,2023,TEATRO UMC,THE BEAST EXPERIENCE
3552,Rosa de Saron,2023-08-06,2023,THEATRO MUNICIPAL DE SAO PAULO,ROSA DE SARON
3553,Leonardo,2023-08-06,2023,GINASIO DO IBIRAPUERA,LEONARDO
3554,Epik High,2023-08-06,2023,VIBRA SAO PAULO,EPIK HIGH
3555,Geraldo Azevedo,2023-08-06,2023,GINASIO DO IBIRAPUERA,GERALDO AZEVEDO
3556,Alceu Valença,2023-08-06,2023,GINASIO DO IBIRAPUERA,ALCEU VALENCA
3557,Léo Santana,2023-08-06,2023,GINASIO DO IBIRAPUERA,LEO SANTANA
3558,Karina Buhr,2023-08-10,2023,SESC POMPEIA,KARINA BUHR
3559,Hermeto Pascoal,2023-08-10,2023,CASA NATURA MUSICAL,HERMETO PASCOAL
3560,Ira!,2023-08-11,2023,TEATRO BRADESCO,IRA!
3561,Deekapz,2023-08-11,2023,CINECLUBE CORTINA,DEEKAPZ
3562,Mu540,2023-08-11,2023,CINECLUBE CORTINA,MU540
3563,Adriana Calcanhotto,2023-08-11,2023,AUDIO,ADRIANA CALCANHOTTO
3564,Sandy,2023-08-11,2023,ESPACO UNIMED,SANDY
3565,Rodrigo Amarante,2023-08-11,2023,AUDIO,RODRIGO AMARANTE
3566,Supercombo,2023-08-12,2023,SESC BELENZINHO,SUPERCOMBO
3567,Ira!,2023-08-12,2023,TEATRO BRADESCO,IRA!
3568,Luiza Lian,2023-08-12,2023,SESC POMPEIA,LUIZA LIAN
3569,Besouro Mulher,2023-08-12,2023,CASA ROCKAMBOLE,BESOURO MULHER
3570,Bong Brigade,2023-08-12,2023,RED STAR STUDIOS,BONG BRIGADE
3571,Boogarins,2023-08-12,2023,SESC SANTANA,BOOGARINS
3572,Céu,2023-08-12,2023,SESC BELENZINHO,CEU
3574,Children of the Beast,2023-08-12,2023,ZN HIGHWAY,CHILDREN OF THE BEAST
3575,Supla E Os Punks de Boutique,2023-08-12,2023,SESC SANTO AMARO,SUPLA E OS PUNKS DE BOUTIQUE
3576,Firefriend,2023-08-12,2023,FFFRONT,FIREFRIEND
3577,As Mercenárias,2023-08-12,2023,SESC POMPEIA,AS MERCENARIAS
3578,lōtico,2023-08-12,2023,FENDA 315,LOTICO
3579,Sandy,2023-08-12,2023,ESPACO UNIMED,SANDY
3580,Merda,2023-08-13,2023,FFFRONT,MERDA
3581,Boogarins,2023-08-13,2023,SESC SANTANA,BOOGARINS
3582,KL Jay,2023-08-13,2023,CENTRO CULTURAL SAO PAULO,KL JAY
3583,Ritchie,2023-08-13,2023,ESPACO UNIMED,RITCHIE
3584,Luiza Lian,2023-08-13,2023,SESC POMPEIA,LUIZA LIAN
3585,The Vintage Caravan,2023-08-13,2023,LEGENDS MUSIC & BAR,THE VINTAGE CARAVAN
3586,Tantum,2023-08-13,2023,LEGENDS MUSIC & BAR,TANTUM
3587,Hillbilly Rawhide,2023-08-13,2023,GAZ BURNING BAR,HILLBILLY RAWHIDE
3588,Lúcio Maia,2023-08-13,2023,SESC BELENZINHO,LUCIO MAIA
3589,Zezé Di Camargo,2023-08-14,2023,ENCONTRO COM PATRICIA POETA,ZEZE DI CAMARGO
3590,Henrique & Diego,2023-08-15,2023,VILA JK,HENRIQUE & DIEGO
3591,Tiago Abravanel,2023-08-17,2023,VILLAGGIO JK,TIAGO ABRAVANEL
3592,Alinne Rosa,2023-08-17,2023,VILLAGGIO JK,ALINNE ROSA
3593,Armiferum,2023-08-18,2023,FABRIQUE CLUB,ARMIFERUM
3594,Manu Gavassi,2023-08-18,2023,AUDIO,MANU GAVASSI
3595,Orquestra Vermelha,2023-08-18,2023,SESC AVENIDA PAULISTA,ORQUESTRA VERMELHA
3596,KL Jay,2023-08-18,2023,MIUDA,KL JAY
3597,"Francisco, el Hombre",2023-08-18,2023,SESC POMPEIA,"FRANCISCO, EL HOMBRE"
3598,Dr. Sin,2023-08-18,2023,FABRIQUE CLUB,DR. SIN
3599,Medjay,2023-08-18,2023,FABRIQUE CLUB,MEDJAY
3600,Jaques Morelenbaum,2023-08-18,2023,MUSEU DE ARTE MODERNA,JAQUES MORELENBAUM
3601,Flageladör,2023-08-19,2023,CENTRO CULTURAL TENDAL DA LAPA,FLAGELADOR
3602,Ana Castela,2023-08-19,2023,SAMBODROMO DO ANHEMBI,ANA CASTELA
3603,Bruno & Marrone,2023-08-19,2023,SAMBODROMO DO ANHEMBI,BRUNO & MARRONE
3604,Gustavo Mioto,2023-08-19,2023,SAMBODROMO DO ANHEMBI,GUSTAVO MIOTO
3605,João Gomes,2023-08-19,2023,SAMBODROMO DO ANHEMBI,JOAO GOMES
3606,Maiara & Maraisa,2023-08-19,2023,SAMBODROMO DO ANHEMBI,MAIARA & MARAISA
3607,PEDRO SAMPAIO,2023-08-19,2023,SAMBODROMO DO ANHEMBI,PEDRO SAMPAIO
3608,Leptospirose,2023-08-19,2023,CENTRO CULTURAL TENDAL DA LAPA,LEPTOSPIROSE
3609,Mari Fernandez,2023-08-19,2023,SAMBODROMO DO ANHEMBI,MARI FERNANDEZ
3610,Paura,2023-08-19,2023,CENTRO CULTURAL TENDAL DA LAPA,PAURA
3611,Fistt,2023-08-19,2023,THE MEZZ,FISTT
3612,Andralls,2023-08-19,2023,CENTRO CULTURAL TENDAL DA LAPA,ANDRALLS
3613,Zé Neto & Cristiano,2023-08-19,2023,SAMBODROMO DO ANHEMBI,ZE NETO & CRISTIANO
3614,Orquestra Vermelha,2023-08-19,2023,SESC AVENIDA PAULISTA,ORQUESTRA VERMELHA
3615,La Revancha,2023-08-19,2023,CENTRO CULTURAL TENDAL DA LAPA,LA REVANCHA
3616,Bong Brigade,2023-08-19,2023,NAVE COLETIVA,BONG BRIGADE
3617,MEE,2023-08-19,2023,CENTRO CULTURAL TENDAL DA LAPA,MEE
3618,Budang,2023-08-19,2023,CENTRO CULTURAL TENDAL DA LAPA,BUDANG
3619,Não Há Mais Volta,2023-08-19,2023,THE MEZZ,NAO HA MAIS VOLTA
3620,Gritando HC,2023-08-19,2023,THE MEZZ,GRITANDO HC
3621,Danny Vaughn,2023-08-19,2023,LEGENDS MUSIC & BAR,DANNY VAUGHN
3622,Obitto,2023-08-19,2023,CENTRO CULTURAL TENDAL DA LAPA,OBITTO
3623,Malditos Jovens do Reggae,2023-08-19,2023,CENTRO CULTURAL TENDAL DA LAPA,MALDITOS JOVENS DO REGGAE
3624,Furious,2023-08-19,2023,CENTRO ESPORTIVO ARTHUR FRIEDENREICH,FURIOUS
3625,Pense,2023-08-19,2023,THE MEZZ,PENSE
3626,Odeon,2023-08-19,2023,HANGAR 110,ODEON
3627,Cemitério,2023-08-19,2023,CENTRO CULTURAL TENDAL DA LAPA,CEMITERIO
3628,Bebê Feio,2023-08-19,2023,JAI CLUB,BEBE FEIO
3629,Steve Hackett,2023-08-20,2023,ESPACO UNIMED,STEVE HACKETT
3630,Rancore,2023-08-20,2023,AUGUSTA HI-FI,RANCORE
3631,Danny Vaughn,2023-08-20,2023,LEGENDS MUSIC & BAR,DANNY VAUGHN
3632,Orquestra Vermelha,2023-08-20,2023,SESC AVENIDA PAULISTA,ORQUESTRA VERMELHA
3633,Potyguara Bardo,2023-08-20,2023,CASA DO TATUAPE,POTYGUARA BARDO
3634,Sinistra,2023-08-22,2023,RED STAR STUDIOS,SINISTRA
3635,Quartabê,2023-08-22,2023,TEATRO DAS ARTES,QUARTABE
3636,Jonny Craig,2023-08-24,2023,CINE JOIA,JONNY CRAIG
3637,terraplana,2023-08-24,2023,BAR ALTO,TERRAPLANA
3639,Calum Scott,2023-08-25,2023,VIBRA SAO PAULO,CALUM SCOTT
3640,The Slackers,2023-08-25,2023,CENTRO CULTURAL SAO PAULO,THE SLACKERS
3641,Curumin,2023-08-25,2023,SESC POMPEIA,CURUMIN
3642,Caetano Veloso,2023-08-25,2023,ESPACO UNIMED,CAETANO VELOSO
3643,Cícero,2023-08-25,2023,CASA NATURA MUSICAL,CICERO
3644,Tuyo,2023-08-25,2023,SESC CONSOLACAO,TUYO
3645,The Maine,2023-08-25,2023,VIP STATION,THE MAINE
3646,Ruel,2023-08-25,2023,CINE JOIA,RUEL
3647,Blind Pigs,2023-08-26,2023,CAMPO DE MARTE,BLIND PIGS
3648,Chuva Negra,2023-08-26,2023,CAMPO DE MARTE,CHUVA NEGRA
3649,Tuyo,2023-08-26,2023,SESC CONSOLACAO,TUYO
3650,Cícero,2023-08-26,2023,CASA NATURA MUSICAL,CICERO
3651,The Maine,2023-08-26,2023,VIP STATION,THE MAINE
3652,Caetano Veloso,2023-08-26,2023,ESPACO UNIMED,CAETANO VELOSO
3653,Brujería,2023-08-26,2023,CARIOCA CLUB,BRUJERIA
3654,Espacialrias,2023-08-26,2023,A PORTA MALDITA,ESPACIALRIAS
3655,Gloria,2023-08-26,2023,CINE JOIA,GLORIA
3656,Chelsea Grin,2023-08-26,2023,CINE JOIA,CHELSEA GRIN
3657,Carminho,2023-08-26,2023,SALA SAO PAULO,CARMINHO
3658,Axty,2023-08-26,2023,CINE JOIA,AXTY
3659,Molho Negro,2023-08-26,2023,CAMPO DE MARTE,MOLHO NEGRO
3660,Ultraje a rigor,2023-08-26,2023,TOKIO MARINE HALL,ULTRAJE A RIGOR
3661,Draconian,2023-08-26,2023,FABRIQUE CLUB,DRACONIAN
3662,Rancore,2023-08-26,2023,FABRICA DE IMPRESSOES,RANCORE
3663,Foojammers,2023-08-26,2023,PINHEIROS FEST,FOOJAMMERS
3664,ATEEZ,2023-08-26,2023,ALLIANZ PARQUE,ATEEZ
3665,Silva,2023-08-26,2023,SALA SAO PAULO,SILVA
3666,The Slackers,2023-08-26,2023,CAMPO DE MARTE,THE SLACKERS
3667,Samiam,2023-08-26,2023,CAMPO DE MARTE,SAMIAM
3668,Sapobanjo,2023-08-26,2023,CAMPO DE MARTE,SAPOBANJO
3669,Dead Fish,2023-08-26,2023,FABRICA DE IMPRESSOES,DEAD FISH
3670,Rancore,2023-08-27,2023,FABRICA DE IMPRESSOES,RANCORE
3671,Chelsea Grin,2023-08-27,2023,FABRICA DE IMPRESSOES,CHELSEA GRIN
3672,Leela,2023-08-27,2023,FABRICA DE IMPRESSOES,LEELA
3673,Diogo Defante,2023-08-27,2023,CARIOCA CLUB,DIOGO DEFANTE
3674,Zander,2023-08-27,2023,FABRICA DE IMPRESSOES,ZANDER
3675,Jonny Craig,2023-08-27,2023,FABRICA DE IMPRESSOES,JONNY CRAIG
3676,Tuyo,2023-08-27,2023,SESC CONSOLACAO,TUYO
3677,Draconian,2023-08-27,2023,LA IGLESIA BORRATXERIA,DRACONIAN
3678,The Slackers,2023-08-27,2023,CENTRO CULTURAL DA JUVENTUDE RUTH CARDOSO,THE SLACKERS
3679,Day Limns,2023-08-27,2023,FABRICA DE IMPRESSOES,DAY LIMNS
3680,Foojammers,2023-08-27,2023,PINHEIROS FEST,FOOJAMMERS
3681,ballburya,2023-08-27,2023,ESTUDIO FORNO,BALLBURYA
3682,Hevo 84,2023-08-27,2023,FABRICA DE IMPRESSOES,HEVO 84
3683,Granada,2023-08-27,2023,FABRICA DE IMPRESSOES,GRANADA
3684,Milton Guedes,2023-08-30,2023,SHOPPING VILA OLIMPIA,MILTON GUEDES
3685,KL Jay,2023-08-30,2023,CENTRO CULTURAL SAO PAULO,KL JAY
3686,Zezé Di Camargo,2023-09-01,2023,VIBRA SAO PAULO,ZEZE DI CAMARGO
3687,KL Jay,2023-09-01,2023,PRATO DO DIA,KL JAY
3688,Black Pantera,2023-09-01,2023,SESC BOM RETIRO,BLACK PANTERA
3689,Camisa de Vênus,2023-09-01,2023,CENTRO CULTURAL SAO PAULO,CAMISA DE VENUS
3690,Dilsinho,2023-09-01,2023,ESPACO UNIMED,DILSINHO
3691,Criolo,2023-09-02,2023,AUTODROMO DE INTERLAGOS,CRIOLO
3692,Caio Luccas,2023-09-02,2023,AUTODROMO DE INTERLAGOS,CAIO LUCCAS
3693,Teto,2023-09-02,2023,AUTODROMO DE INTERLAGOS,TETO
3694,Tropkillaz,2023-09-02,2023,AUTODROMO DE INTERLAGOS,TROPKILLAZ
3695,MC Hariel,2023-09-02,2023,AUTODROMO DE INTERLAGOS,MC HARIEL
3696,Forró Red Light,2023-09-02,2023,AUTODROMO DE INTERLAGOS,FORRO RED LIGHT
3697,Foojammers,2023-09-02,2023,CAVEPOOL,FOOJAMMERS
3698,KARTAS,2023-09-02,2023,GARAGEM BELEZA,KARTAS
3699,Hermeto Pascoal,2023-09-02,2023,AUTODROMO DE INTERLAGOS,HERMETO PASCOAL
3700,Dead Fish,2023-09-02,2023,SESC BOM RETIRO,DEAD FISH
3701,Esperanza Spalding,2023-09-02,2023,AUTODROMO DE INTERLAGOS,ESPERANZA SPALDING
3702,Pretinho da Serrinha,2023-09-02,2023,SESC POMPEIA,PRETINHO DA SERRINHA
3703,Iggy Azalea,2023-09-02,2023,AUTODROMO DE INTERLAGOS,IGGY AZALEA
3704,Post Malone,2023-09-02,2023,AUTODROMO DE INTERLAGOS,POST MALONE
3705,Urias,2023-09-02,2023,AUTODROMO DE INTERLAGOS,URIAS
3706,Racionais MC’s,2023-09-02,2023,AUTODROMO DE INTERLAGOS,RACIONAIS MC'S
3707,Kayblack,2023-09-02,2023,AUTODROMO DE INTERLAGOS,KAYBLACK
3708,Orochi,2023-09-02,2023,AUTODROMO DE INTERLAGOS,OROCHI
3709,Tasha & Tracie,2023-09-02,2023,AUTODROMO DE INTERLAGOS,TASHA & TRACIE
3710,Demi Lovato,2023-09-02,2023,AUTODROMO DE INTERLAGOS,DEMI LOVATO
3711,Rancore,2023-09-03,2023,HANGAR 110,RANCORE
3712,Ney Matogrosso,2023-09-03,2023,AUTODROMO DE INTERLAGOS,NEY MATOGROSSO
3713,Seu Jorge,2023-09-03,2023,AUTODROMO DE INTERLAGOS,SEU JORGE
3714,Jonathan Ferr,2023-09-03,2023,AUTODROMO DE INTERLAGOS,JONATHAN FERR
3715,Carlos do Complexo,2023-09-03,2023,AUTODROMO DE INTERLAGOS,CARLOS DO COMPLEXO
3716,Veigh,2023-09-03,2023,AUTODROMO DE INTERLAGOS,VEIGH
3717,Ouse Morrer,2023-09-03,2023,ROCK TOGETHER STUDIO,OUSE MORRER
3719,Paul Kalkbrenner,2023-09-03,2023,AUTODROMO DE INTERLAGOS,PAUL KALKBRENNER
3720,Leon Bridges,2023-09-03,2023,AUTODROMO DE INTERLAGOS,LEON BRIDGES
3721,Ellen Allien,2023-09-03,2023,AUTODROMO DE INTERLAGOS,ELLEN ALLIEN
3722,NoPorn,2023-09-03,2023,AUTODROMO DE INTERLAGOS,NOPORN
3723,Lia Clark,2023-09-03,2023,AUTODROMO DE INTERLAGOS,LIA CLARK
3724,Matuê,2023-09-03,2023,AUTODROMO DE INTERLAGOS,MATUE
3725,WIU,2023-09-03,2023,AUTODROMO DE INTERLAGOS,WIU
3726,Luísa Sonza,2023-09-03,2023,AUTODROMO DE INTERLAGOS,LUISA SONZA
3727,Superbrava,2023-09-03,2023,ROCK TOGETHER STUDIO,SUPERBRAVA
3728,Bebe Rexha,2023-09-03,2023,AUTODROMO DE INTERLAGOS,BEBE REXHA
3729,Bruno Mars,2023-09-03,2023,AUTODROMO DE INTERLAGOS,BRUNO MARS
3730,Alok,2023-09-03,2023,AUTODROMO DE INTERLAGOS,ALOK
3731,Esperanza Spalding,2023-09-03,2023,AUTODROMO DE INTERLAGOS,ESPERANZA SPALDING
3732,Luccas Carlos,2023-09-03,2023,AUTODROMO DE INTERLAGOS,LUCCAS CARLOS
3733,Nomade Orquestra,2023-09-04,2023,CENTRO CULTURAL TENDAL DA LAPA,NOMADE ORQUESTRA
3734,Russo Passapusso,2023-09-04,2023,CENTRO CULTURAL TENDAL DA LAPA,RUSSO PASSAPUSSO
3735,Luísa Sonza,2023-09-05,2023,ALTAS HORAS,LUISA SONZA
3736,Maiara & Maraisa,2023-09-05,2023,ALTAS HORAS,MAIARA & MARAISA
3737,Teresa Cristina,2023-09-05,2023,ALTAS HORAS,TERESA CRISTINA
3738,Lupe de Lupe,2023-09-06,2023,BAR ALTO,LUPE DE LUPE
3739,Halleck,2023-09-06,2023,ALTAS HORAS ROCK BAR,HALLECK
3740,Angélique Kidjo,2023-09-07,2023,AUTODROMO DE INTERLAGOS,ANGELIQUE KIDJO
3741,Ne‐Yo,2023-09-07,2023,AUTODROMO DE INTERLAGOS,NE-YO
3742,Maroon 5,2023-09-07,2023,AUTODROMO DE INTERLAGOS,MAROON 5
3743,Shermanology,2023-09-07,2023,AUTODROMO DE INTERLAGOS,SHERMANOLOGY
3744,Afterclapp,2023-09-07,2023,AUTODROMO DE INTERLAGOS,AFTERCLAPP
3745,Thiago Pantaleão,2023-09-07,2023,AUDIO,THIAGO PANTALEAO
3746,Afrocidade,2023-09-07,2023,AUTODROMO DE INTERLAGOS,AFROCIDADE
3747,LUDMILLA,2023-09-07,2023,AUTODROMO DE INTERLAGOS,LUDMILLA
3748,Kerri Chandler,2023-09-07,2023,AUTODROMO DE INTERLAGOS,KERRI CHANDLER
3749,Ivan Lins,2023-09-07,2023,AUTODROMO DE INTERLAGOS,IVAN LINS
3750,Maria Rita,2023-09-07,2023,AUTODROMO DE INTERLAGOS,MARIA RITA
3751,Joss Stone,2023-09-07,2023,AUTODROMO DE INTERLAGOS,JOSS STONE
3752,Bong Brigade,2023-09-07,2023,FENDA 315,BONG BRIGADE
3753,Hodari,2023-09-07,2023,AUTODROMO DE INTERLAGOS,HODARI
3754,Stanley Jordan,2023-09-07,2023,AUTODROMO DE INTERLAGOS,STANLEY JORDAN
3755,Leviaethan,2023-09-07,2023,CARIOCA CLUB,LEVIAETHAN
3756,POCAH,2023-09-07,2023,AUTODROMO DE INTERLAGOS,POCAH
3757,In the Woods…,2023-09-07,2023,CARIOCA CLUB,IN THE WOODS...
3758,Erasy,2023-09-07,2023,CARIOCA CLUB,ERASY
3759,Mumuzinho,2023-09-07,2023,PRIVATE VENUE,MUMUZINHO
3760,Burn the Mankind,2023-09-07,2023,CARIOCA CLUB,BURN THE MANKIND
3761,Lenine,2023-09-07,2023,SESC PINHEIROS,LENINE
3762,Voivod,2023-09-07,2023,CARIOCA CLUB,VOIVOD
3763,Warshipper,2023-09-07,2023,CARIOCA CLUB,WARSHIPPER
3764,Marvvila,2023-09-07,2023,AUTODROMO DE INTERLAGOS,MARVVILA
3765,Larissa Luz,2023-09-07,2023,AUTODROMO DE INTERLAGOS,LARISSA LUZ
3766,Masego,2023-09-07,2023,AUTODROMO DE INTERLAGOS,MASEGO
3767,The Chainsmokers,2023-09-07,2023,AUTODROMO DE INTERLAGOS,THE CHAINSMOKERS
3768,L_cio,2023-09-07,2023,AUTODROMO DE INTERLAGOS,L_CIO
3769,SODOMITA,2023-09-07,2023,CENTRO CULTURAL SAO PAULO,SODOMITA
3770,Ananda,2023-09-08,2023,JARDIM BOTANICO,ANANDA
3771,Picture,2023-09-08,2023,CARIOCA CLUB,PICTURE
3772,Defleshed,2023-09-08,2023,CARIOCA CLUB,DEFLESHED
3773,Mercyless,2023-09-08,2023,CARIOCA CLUB,MERCYLESS
3774,Torture Squad,2023-09-08,2023,CARIOCA CLUB,TORTURE SQUAD
3775,Yeah Yeah Yeahs,2023-09-08,2023,CINE JOIA,YEAH YEAH YEAHS
3776,Nightfall,2023-09-08,2023,CARIOCA CLUB,NIGHTFALL
3777,Purgatory,2023-09-08,2023,CARIOCA CLUB,PURGATORY
3778,Lenine,2023-09-08,2023,SESC PINHEIROS,LENINE
3779,MC Soffia,2023-09-08,2023,JARDIM BOTANICO,MC SOFFIA
3780,Podridão,2023-09-08,2023,CARIOCA CLUB,PODRIDAO
3782,Parasital Existence,2023-09-08,2023,CARIOCA CLUB,PARASITAL EXISTENCE
3783,Immolation,2023-09-08,2023,CARIOCA CLUB,IMMOLATION
3784,Test,2023-09-09,2023,CARIOCA CLUB,TEST
3785,Terno Rei,2023-09-09,2023,AUTODROMO DE INTERLAGOS,TERNO REI
3786,Chico César,2023-09-09,2023,SALA SAO PAULO,CHICO CESAR
3787,Stanley Jordan,2023-09-09,2023,AUTODROMO DE INTERLAGOS,STANLEY JORDAN
3788,Holocausto Canibal,2023-09-09,2023,CARIOCA CLUB,HOLOCAUSTO CANIBAL
3789,Vulcano,2023-09-09,2023,CARIOCA CLUB,VULCANO
3790,Sadistic Intent,2023-09-09,2023,CARIOCA CLUB,SADISTIC INTENT
3791,Holger,2023-09-09,2023,CINECLUBE CORTINA,HOLGER
3792,Mariana Aydar,2023-09-09,2023,SALA SAO PAULO,MARIANA AYDAR
3793,Sodom,2023-09-09,2023,CARIOCA CLUB,SODOM
3794,Violentor,2023-09-09,2023,CARIOCA CLUB,VIOLENTOR
3795,Mecano Un-Ltd,2023-09-09,2023,MADAME CLUB,MECANO UN-LTD
3796,Sacramentum,2023-09-09,2023,CARIOCA CLUB,SACRAMENTUM
3797,Bulldozer,2023-09-09,2023,CARIOCA CLUB,BULLDOZER
3798,Mestrinho,2023-09-09,2023,SALA SAO PAULO,MESTRINHO
3799,BADSISTA,2023-09-09,2023,AUTODROMO DE INTERLAGOS,BADSISTA
3800,Yunk Vino,2023-09-09,2023,AUTODROMO DE INTERLAGOS,YUNK VINO
3801,Yeah Yeah Yeahs,2023-09-09,2023,AUTODROMO DE INTERLAGOS,YEAH YEAH YEAHS
3802,Grag Queen,2023-09-09,2023,AUTODROMO DE INTERLAGOS,GRAG QUEEN
3803,Barão Vermelho,2023-09-09,2023,AUTODROMO DE INTERLAGOS,BARAO VERMELHO
3804,Garbage,2023-09-09,2023,AUTODROMO DE INTERLAGOS,GARBAGE
3805,Wet Leg,2023-09-09,2023,AUTODROMO DE INTERLAGOS,WET LEG
3806,Detonautas Roque Clube,2023-09-09,2023,AUTODROMO DE INTERLAGOS,DETONAUTAS ROQUE CLUBE
3807,Hamilton de Holanda,2023-09-09,2023,AUTODROMO DE INTERLAGOS,HAMILTON DE HOLANDA
3808,MC Dricka,2023-09-09,2023,AUTODROMO DE INTERLAGOS,MC DRICKA
3809,Mc Don Juan,2023-09-09,2023,AUTODROMO DE INTERLAGOS,MC DON JUAN
3810,Pitty,2023-09-09,2023,AUTODROMO DE INTERLAGOS,PITTY
3811,Kenya20hz,2023-09-09,2023,AUTODROMO DE INTERLAGOS,KENYA20HZ
3812,Renato Cohen,2023-09-09,2023,AUTODROMO DE INTERLAGOS,RENATO COHEN
3813,Thorium,2023-09-09,2023,CARIOCA CLUB,THORIUM
3814,Foo Fighters,2023-09-09,2023,AUTODROMO DE INTERLAGOS,FOO FIGHTERS
3815,Cancer,2023-09-10,2023,CARIOCA CLUB,CANCER
3816,Jão,2023-09-10,2023,AUTODROMO DE INTERLAGOS,JAO
3817,Kim Petras,2023-09-10,2023,AUTODROMO DE INTERLAGOS,KIM PETRAS
3818,Luedji Luna,2023-09-10,2023,SESC SANTANA,LUEDJI LUNA
3819,Triumph of Death,2023-09-10,2023,CARIOCA CLUB,TRIUMPH OF DEATH
3820,Miasthenia,2023-09-10,2023,CARIOCA CLUB,MIASTHENIA
3821,LION BABE,2023-09-10,2023,AUTODROMO DE INTERLAGOS,LION BABE
3822,Xênia França,2023-09-10,2023,AUTODROMO DE INTERLAGOS,XENIA FRANCA
3823,Demonical,2023-09-10,2023,CARIOCA CLUB,DEMONICAL
3824,Acid King,2023-09-10,2023,CARIOCA CLUB,ACID KING
3825,Pabllo Vittar,2023-09-10,2023,AUTODROMO DE INTERLAGOS,PABLLO VITTAR
3826,H.E.R.,2023-09-10,2023,AUTODROMO DE INTERLAGOS,H.E.R.
3827,Mantar,2023-09-10,2023,CARIOCA CLUB,MANTAR
3828,Gloria Groove,2023-09-10,2023,AUTODROMO DE INTERLAGOS,GLORIA GROOVE
3830,Assassin,2023-09-10,2023,CARIOCA CLUB,ASSASSIN
3831,Bruno Mars,2023-09-10,2023,AUTODROMO DE INTERLAGOS,BRUNO MARS
3832,Richard Bone,2023-09-10,2023,AUTODROMO DE INTERLAGOS,RICHARD BONE
3833,DJ Mau Mau,2023-09-10,2023,AUTODROMO DE INTERLAGOS,DJ MAU MAU
3834,Darren Emerson,2023-09-10,2023,AUTODROMO DE INTERLAGOS,DARREN EMERSON
3835,Crazy P,2023-09-10,2023,AUTODROMO DE INTERLAGOS,CRAZY P
3836,Tássia Reis,2023-09-10,2023,AUTODROMO DE INTERLAGOS,TASSIA REIS
3837,N.I.N.A (Nina do Porte),2023-09-10,2023,AUTODROMO DE INTERLAGOS,N.I.N.A (NINA DO PORTE)
3838,Paradise Guerrilla,2023-09-10,2023,AUTODROMO DE INTERLAGOS,PARADISE GUERRILLA
3839,Banda Mantiqueira,2023-09-10,2023,AUTODROMO DE INTERLAGOS,BANDA MANTIQUEIRA
3840,Children of the Beast,2023-09-10,2023,MORUMBIZINHO MOTO CLUB,CHILDREN OF THE BEAST
3841,Lucifer’s Child,2023-09-10,2023,CARIOCA CLUB,LUCIFER'S CHILD
3842,Richard Bona,2023-09-10,2023,AUTODROMO DE INTERLAGOS,RICHARD BONA
3843,Siegrid Ingrid,2023-09-10,2023,CARIOCA CLUB,SIEGRID INGRID
3844,Marina Sena,2023-09-10,2023,AUTODROMO DE INTERLAGOS,MARINA SENA
3845,Cynthia Luz,2023-09-10,2023,AUTODROMO DE INTERLAGOS,CYNTHIA LUZ
3846,IZA,2023-09-10,2023,AUTODROMO DE INTERLAGOS,IZA
3847,aespa,2023-09-11,2023,ESPACO UNIMED,AESPA
3848,Los Sebosos Postizos,2023-09-12,2023,BONA CASA DE MUSICA,LOS SEBOSOS POSTIZOS
3849,Pullovers,2023-09-13,2023,BAR ALTO,PULLOVERS
3850,Zé Ibarra,2023-09-13,2023,TEATRO SESC 24 DE MAIO,ZE IBARRA
3851,Los Sebosos Postizos,2023-09-13,2023,BONA CASA DE MUSICA,LOS SEBOSOS POSTIZOS
3852,Gilberto Gil,2023-09-14,2023,ESPACO UNIMED,GILBERTO GIL
3853,Against the Current,2023-09-14,2023,FABRIQUE CLUB,AGAINST THE CURRENT
3854,Cidadão Instigado,2023-09-14,2023,SESC POMPEIA,CIDADAO INSTIGADO
3855,Péricles,2023-09-15,2023,MEMORIAL DA AMERICA LATINA,PERICLES
3856,BaianaSystem,2023-09-15,2023,MEMORIAL DA AMERICA LATINA,BAIANASYSTEM
3857,Puterrier,2023-09-15,2023,MEMORIAL DA AMERICA LATINA,PUTERRIER
3858,Gilberto Gil,2023-09-15,2023,ESPACO UNIMED,GILBERTO GIL
3859,FBC,2023-09-15,2023,MEMORIAL DA AMERICA LATINA,FBC
3860,Boogarins,2023-09-15,2023,MEMORIAL DA AMERICA LATINA,BOOGARINS
3861,Olodum,2023-09-15,2023,MEMORIAL DA AMERICA LATINA,OLODUM
3862,Febre90s,2023-09-15,2023,MEMORIAL DA AMERICA LATINA,FEBRE90S
3863,Alzira E + Corte,2023-09-15,2023,SESC AVENIDA PAULISTA,ALZIRA E + CORTE
3864,Mustang 73,2023-09-15,2023,A SETIMA TABERNA,MUSTANG 73
3865,Tagua Tagua,2023-09-15,2023,SESC BELENZINHO,TAGUA TAGUA
3866,Edson & Hudson,2023-09-15,2023,VILLA COUNTRY,EDSON & HUDSON
3867,Fafá de Belém,2023-09-15,2023,MEMORIAL DA AMERICA LATINA,FAFA DE BELEM
3868,Jadsa,2023-09-15,2023,MEMORIAL DA AMERICA LATINA,JADSA
3869,Gilberto Gil,2023-09-16,2023,ESPACO UNIMED,GILBERTO GIL
3870,Jadsa,2023-09-16,2023,TEATRO SESC 24 DE MAIO,JADSA
3871,Novos Baianos,2023-09-16,2023,MEMORIAL DA AMERICA LATINA,NOVOS BAIANOS
3872,Don L,2023-09-16,2023,MEMORIAL DA AMERICA LATINA,DON L
3873,Lucas Estrela,2023-09-16,2023,MEMORIAL DA AMERICA LATINA,LUCAS ESTRELA
3874,Jards Macalé,2023-09-16,2023,MEMORIAL DA AMERICA LATINA,JARDS MACALE
3875,The Beast Experience,2023-09-16,2023,MANIFESTO BAR,THE BEAST EXPERIENCE
3876,Flora Matos,2023-09-16,2023,AUDIO,FLORA MATOS
3878,Skamoondongos,2023-09-16,2023,CARIOCA CLUB,SKAMOONDONGOS
3880,The Toy Dolls,2023-09-16,2023,CARIOCA CLUB,THE TOY DOLLS
3881,Simone,2023-09-16,2023,MEMORIAL DA AMERICA LATINA,SIMONE
3882,Metá Metá,2023-09-16,2023,MEMORIAL DA AMERICA LATINA,META META
3883,Marina Lima,2023-09-17,2023,MEMORIAL DA AMERICA LATINA,MARINA LIMA
3884,CESRV,2023-09-17,2023,MEMORIAL DA AMERICA LATINA,CESRV
3885,KL Jay,2023-09-17,2023,MEMORIAL DA AMERICA LATINA,KL JAY
3886,RHR,2023-09-17,2023,MEMORIAL DA AMERICA LATINA,RHR
3887,Letrux,2023-09-17,2023,MEMORIAL DA AMERICA LATINA,LETRUX
3888,Bruno Berle,2023-09-17,2023,MEMORIAL DA AMERICA LATINA,BRUNO BERLE
3889,Jorge Ben Jor,2023-09-17,2023,MEMORIAL DA AMERICA LATINA,JORGE BEN JOR
3890,Sophia Chablau e Uma Enorme Perda de Tempo,2023-09-17,2023,MEMORIAL DA AMERICA LATINA,SOPHIA CHABLAU E UMA ENORME PERDA DE TEMPO
3891,Marcelo Jeneci,2023-09-17,2023,RUA DOS PINHEIROS,MARCELO JENECI
3892,Jay Vaquer,2023-09-17,2023,AUGUSTA HI-FI,JAY VAQUER
3893,Marcos Valle,2023-09-17,2023,MEMORIAL DA AMERICA LATINA,MARCOS VALLE
3894,Rodrigo Alarcon,2023-09-17,2023,FABRIQUE CLUB,RODRIGO ALARCON
3895,Stage Left Rush Tribute Band,2023-09-17,2023,BOURBON STREET MUSIC CLUB,STAGE LEFT RUSH TRIBUTE BAND
3896,Chico Chico,2023-09-18,2023,TEATRO MARS,CHICO CHICO
3897,Chico Bernardes,2023-09-20,2023,CINE JOIA,CHICO BERNARDES
3898,José González,2023-09-20,2023,CINE JOIA,JOSE GONZALEZ
3899,Ghost,2023-09-20,2023,ESPACO UNIMED,GHOST
3900,Ghost,2023-09-21,2023,ESPACO UNIMED,GHOST
3901,Crypta,2023-09-21,2023,ESPACO UNIMED,CRYPTA
3902,Brisa Flow,2023-09-21,2023,CENTRO CULTURAL SAO PAULO,BRISA FLOW
3903,Mustang 73,2023-09-21,2023,ONLY ROCK BAR,MUSTANG 73
3904,Marcelo Tofani,2023-09-21,2023,PICLES CARDEAL,MARCELO TOFANI
3905,Korzus,2023-09-22,2023,HANGAR 110,KORZUS
3906,Kryour,2023-09-22,2023,HANGAR 110,KRYOUR
3907,Banda Líbanos,2023-09-22,2023,CENTRO DE TRADICOES NORDESTINAS,BANDA LIBANOS
3908,Bullet Bane,2023-09-22,2023,SESC BELENZINHO,BULLET BANE
3909,Michel Oliveira,2023-09-22,2023,HANGAR 110,MICHEL OLIVEIRA
3910,Lynyrd Skynyrd,2023-09-22,2023,ESPACO UNIMED,LYNYRD SKYNYRD
3911,Forrozão Tropykalia,2023-09-22,2023,CENTRO DE TRADICOES NORDESTINAS,FORROZAO TROPYKALIA
3912,Batista Lima,2023-09-22,2023,CENTRO DE TRADICOES NORDESTINAS,BATISTA LIMA
3913,Mastruz com Leite,2023-09-22,2023,CENTRO DE TRADICOES NORDESTINAS,MASTRUZ COM LEITE
3914,Humberto Gessinger,2023-09-23,2023,DISTRITO ANHEMBI,HUMBERTO GESSINGER
3915,Legião Urbana,2023-09-23,2023,DISTRITO ANHEMBI,LEGIAO URBANA
3916,Pitty,2023-09-23,2023,DISTRITO ANHEMBI,PITTY
3917,Nenhum de Nós,2023-09-23,2023,DISTRITO ANHEMBI,NENHUM DE NOS
3918,Manowar,2023-09-23,2023,ESPACO UNIMED,MANOWAR
3919,Marcelo Falcão,2023-09-23,2023,ARENA ANHEMBI,MARCELO FALCAO
3920,Terra Celta,2023-09-23,2023,CENTRO ESPORTIVO ARTHUR FRIEDENREICH,TERRA CELTA
3921,VAV,2023-09-23,2023,VIP STATION,VAV
3922,Emicaeli,2023-09-23,2023,CINE JOIA,EMICAELI
3923,Bong Brigade,2023-09-23,2023,HANGAR 110,BONG BRIGADE
3924,Tarja,2023-09-23,2023,TOKIO MARINE HALL,TARJA
3925,Narnia,2023-09-23,2023,LEGENDS MUSIC & BAR,NARNIA
3926,Di Melo,2023-09-23,2023,SECILIANS SHOP,DI MELO
3927,Fresno,2023-09-23,2023,DISTRITO ANHEMBI,FRESNO
3928,Os Paralamas do Sucesso,2023-09-23,2023,ARENA ANHEMBI,OS PARALAMAS DO SUCESSO
3929,Nando Reis,2023-09-23,2023,DISTRITO ANHEMBI,NANDO REIS
3930,Huey,2023-09-23,2023,CINE JOIA,HUEY
3931,Combover,2023-09-23,2023,CINE JOIA,COMBOVER
3932,Maglore,2023-09-23,2023,SESC VILA MARIANA,MAGLORE
3933,CPM 22,2023-09-23,2023,DISTRITO ANHEMBI,CPM 22
3934,Biquini,2023-09-23,2023,DISTRITO ANHEMBI,BIQUINI
3935,Santo Graal,2023-09-23,2023,TOKIO MARINE HALL,SANTO GRAAL
3936,Punho de Mahin,2023-09-23,2023,CINE JOIA,PUNHO DE MAHIN
3937,Maglore,2023-09-24,2023,SESC VILA MARIANA,MAGLORE
3938,Odeon,2023-09-24,2023,CINE JOIA,ODEON
3939,Supercombo,2023-09-24,2023,CINE JOIA,SUPERCOMBO
3940,Daniela Mercury,2023-09-24,2023,PARQUE DO CARMO,DANIELA MERCURY
3941,Set It Off,2023-09-24,2023,FABRIQUE CLUB,SET IT OFF
3942,Sandy,2023-09-26,2023,ALTAS HORAS,SANDY
3943,Roupa Nova,2023-09-26,2023,ALTAS HORAS,ROUPA NOVA
3944,POCAH,2023-09-26,2023,AUDITORIO IBIRAPUERA,POCAH
3945,Bixiga 70,2023-09-27,2023,CASA DE FRANCISCA,BIXIGA 70
3946,The KingDom,2023-09-27,2023,CARIOCA CLUB,THE KINGDOM
3947,Distant Worlds Philharmonic Orchestra and Chorus,2023-09-28,2023,ESPACO UNIMED,DISTANT WORLDS PHILHARMONIC ORCHESTRA AND CHORUS
3948,Emicida,2023-09-28,2023,PRIVATE VENUE,EMICIDA
3949,Lagum,2023-09-28,2023,PRIVATE VENUE,LAGUM
3950,Wanessa Camargo,2023-09-29,2023,MELHOR DA NOITE,WANESSA CAMARGO
3951,Nirvana Experience (ex-Hormoaning),2023-09-29,2023,RELICARIO ROCK BAR,NIRVANA EXPERIENCE (EX-HORMOANING)
3952,YMA,2023-09-29,2023,CINECLUBE CORTINA,YMA
3953,Gabriel Thomaz,2023-09-29,2023,ASSOCIACAO CULTURAL CECILIA,GABRIEL THOMAZ
3954,Subalternos,2023-09-29,2023,ASSOCIACAO CULTURAL CECILIA,SUBALTERNOS
3955,Vulcano,2023-09-29,2023,SESC BELENZINHO,VULCANO
3956,System Olympia,2023-09-30,2023,FABRIKETA,SYSTEM OLYMPIA
3957,Burrice Precoce,2023-09-30,2023,CITY LIGHTS MUSIC HALL,BURRICE PRECOCE
3958,Clava,2023-09-30,2023,CITY LIGHTS MUSIC HALL,CLAVA
3959,Legowelt,2023-09-30,2023,FABRIKETA,LEGOWELT
3960,Joker,2023-09-30,2023,CITY LIGHTS MUSIC HALL,JOKER
3961,Zopelar,2023-09-30,2023,FABRIKETA,ZOPELAR
3962,Gloria,2023-09-30,2023,CARIOCA CLUB,GLORIA
3963,Paura,2023-09-30,2023,CITY LIGHTS MUSIC HALL,PAURA
3964,Que Sakamoto,2023-09-30,2023,FABRIKETA,QUE SAKAMOTO
3965,Luiza Lian,2023-09-30,2023,JARDIM BOTANICO,LUIZA LIAN
3966,Tulipa Ruiz,2023-09-30,2023,JARDIM BOTANICO,TULIPA RUIZ
3967,Strong Reaction,2023-09-30,2023,CITY LIGHTS MUSIC HALL,STRONG REACTION
3968,DMX Krew,2023-09-30,2023,FABRIKETA,DMX KREW
3969,D. Tiffany,2023-09-30,2023,FABRIKETA,D. TIFFANY
3970,Ivete Sangalo,2023-09-30,2023,ALLIANZ PARQUE,IVETE SANGALO
3971,lōtico,2023-09-30,2023,FFFRONT,LOTICO
3972,DJ Marcelle/Another Nice Mess,2023-09-30,2023,FABRIKETA,DJ MARCELLE/ANOTHER NICE MESS
3973,Cashu,2023-09-30,2023,FABRIKETA,CASHU
3974,InDharma,2023-09-30,2023,CENTRO CULTURAL TENDAL DA LAPA,INDHARMA
3976,Rod Stewart,2023-09-30,2023,ALLIANZ PARQUE,ROD STEWART
3977,Zimbra,2023-09-30,2023,SESC BELENZINHO,ZIMBRA
3978,RHR,2023-09-30,2023,FABRIKETA,RHR
3979,Palmbomen II,2023-09-30,2023,FABRIKETA,PALMBOMEN II
3980,Metá Metá,2023-09-30,2023,SESC BELENZINHO,META META
3982,Banda Del Rey,2023-10-01,2023,SESC VILA MARIANA,BANDA DEL REY
3983,The Ten Tenors,2023-10-01,2023,ESPACO UNIMED,THE TEN TENORS
3984,Lupe de Lupe,2023-10-01,2023,SESC SANTANA,LUPE DE LUPE
3985,Haken,2023-10-01,2023,CARIOCA CLUB,HAKEN
3987,Massacration,2023-10-04,2023,VIBRA SAO PAULO,MASSACRATION
3988,Jovens Ateus,2023-10-04,2023,BAR ALTO,JOVENS ATEUS
3989,Robert Flynn,2023-10-05,2023,CONCEPT STORE VCI,ROBERT FLYNN
3990,Vazio,2023-10-05,2023,JAI CLUB,VAZIO
3992,UADA,2023-10-05,2023,JAI CLUB,UADA
3993,Funeral Putrid,2023-10-05,2023,JAI CLUB,FUNERAL PUTRID
3994,Evilcult,2023-10-05,2023,JAI CLUB,EVILCULT
3995,Os Mutantes,2023-10-05,2023,SESC POMPEIA,OS MUTANTES
3996,Djavan,2023-10-06,2023,CLUBE ATLETICO JUVENTUS,DJAVAN
3997,Juliette,2023-10-06,2023,AUDIO,JULIETTE
3998,Diogo Defante,2023-10-06,2023,ESPACO UNIMED,DIOGO DEFANTE
3999,Marcão Britto & Thiago Castanho Charlie Brown Jr.,2023-10-06,2023,VIBRA SAO PAULO,MARCAO BRITTO & THIAGO CASTANHO CHARLIE BROWN JR.
4000,Martinho da Vila,2023-10-06,2023,SESC 14 BIS,MARTINHO DA VILA
4001,Lucas Inutilismo,2023-10-06,2023,ESPACO UNIMED,LUCAS INUTILISMO
4002,Day Limns,2023-10-06,2023,VIBRA SAO PAULO,DAY LIMNS
4003,Dr. Sin,2023-10-06,2023,MANIFESTO BAR,DR. SIN
4004,Banda Eva,2023-10-06,2023,GINASIO DO IBIRAPUERA,BANDA EVA
4005,BRAZA,2023-10-06,2023,VIBRA SAO PAULO,BRAZA
4006,Raimundos,2023-10-06,2023,VIBRA SAO PAULO,RAIMUNDOS
4007,Fresno,2023-10-06,2023,VIBRA SAO PAULO,FRESNO
4008,Mateus Aleluia,2023-10-06,2023,SESC VILA MARIANA,MATEUS ALELUIA
4009,Martinho da Vila,2023-10-07,2023,SESC 14 BIS,MARTINHO DA VILA
4010,Halleck,2023-10-07,2023,CENTRO CULTURAL CHARADA VIDEO CLUBE,HALLECK
4011,KL Jay,2023-10-07,2023,SONZERA,KL JAY
4012,POCAH,2023-10-07,2023,AUDIO,POCAH
4013,Wanessa Camargo,2023-10-07,2023,BLUE NOTE SAO PAULO,WANESSA CAMARGO
4014,Visions of Atlantis,2023-10-07,2023,HANGAR 110,VISIONS OF ATLANTIS
4015,Anneke van Giersbergen and Marco Hietala,2023-10-07,2023,TEATRO BRADESCO,ANNEKE VAN GIERSBERGEN AND MARCO HIETALA
4016,Céu,2023-10-07,2023,CASA NATURA MUSICAL,CEU
4017,Catto,2023-10-07,2023,BONA CASA DE MUSICA,CATTO
4018,Restart,2023-10-07,2023,ESPACO UNIMED,RESTART
4019,Innabrain,2023-10-08,2023,BAR DO SAPAO,INNABRAIN
4020,Daparte,2023-10-08,2023,SESC BELENZINHO,DAPARTE
4021,Restart,2023-10-08,2023,ESPACO UNIMED,RESTART
4022,Martinho da Vila,2023-10-08,2023,SESC 14 BIS,MARTINHO DA VILA
4023,Jota Quest,2023-10-08,2023,VIBRA SAO PAULO,JOTA QUEST
4024,Paula Rebellato,2023-10-09,2023,CENTRO DA TERRA,PAULA REBELLATO
4025,KAYTRANADA,2023-10-10,2023,CENTRAL,KAYTRANADA
4026,Zumbis do Espaço,2023-10-10,2023,CARIOCA CLUB,ZUMBIS DO ESPACO
4027,CESRV,2023-10-10,2023,CENTRAL,CESRV
4028,VHOOR,2023-10-10,2023,CENTRAL,VHOOR
4029,Mike Dean,2023-10-10,2023,ALLIANZ PARQUE,MIKE DEAN
4030,Deekapz,2023-10-10,2023,CENTRAL,DEEKAPZ
4031,The Weeknd,2023-10-10,2023,ALLIANZ PARQUE,THE WEEKND
4032,KAYTRANADA,2023-10-10,2023,ALLIANZ PARQUE,KAYTRANADA
4033,Where’s My Bible,2023-10-10,2023,FFFRONT,WHERE'S MY BIBLE
4034,DJ Nuts,2023-10-10,2023,CENTRAL,DJ NUTS
4035,Ductape,2023-10-11,2023,MADAME UNDERGROUND CLUB,DUCTAPE
4036,Raça Negra,2023-10-11,2023,ESPACO UNIMED,RACA NEGRA
4037,KAYTRANADA,2023-10-11,2023,ALLIANZ PARQUE,KAYTRANADA
4038,Ivete Sangalo,2023-10-11,2023,GRAND HYATT,IVETE SANGALO
4039,The Weeknd,2023-10-11,2023,ALLIANZ PARQUE,THE WEEKND
4040,Mike Dean,2023-10-11,2023,ALLIANZ PARQUE,MIKE DEAN
4041,Video Game Orchestra,2023-10-12,2023,EXPO CENTER NORTE,VIDEO GAME ORCHESTRA
4042,Children of the Beast,2023-10-12,2023,ZN HIGHWAY,CHILDREN OF THE BEAST
4043,FBC,2023-10-12,2023,SESC POMPEIA,FBC
4044,Otto,2023-10-13,2023,SESC PINHEIROS,OTTO
4045,Cefa,2023-10-13,2023,SESC BELENZINHO,CEFA
4046,Deathstars,2023-10-13,2023,FABRIQUE CLUB,DEATHSTARS
4047,Senpai Old School,2023-10-13,2023,EXPO CENTER NORTE,SENPAI OLD SCHOOL
4048,Seattle Supersonics,2023-10-13,2023,AUDIO,SEATTLE SUPERSONICS
4049,Video Game Orchestra,2023-10-13,2023,EXPO CENTER NORTE,VIDEO GAME ORCHESTRA
4050,Potyguara Bardo,2023-10-13,2023,PRACA DOM JOSE GASPAR,POTYGUARA BARDO
4051,Revenge of Kiss,2023-10-14,2023,WOODSTOCK ROCK STORE,REVENGE OF KISS
4052,Sonic Symphony,2023-10-14,2023,EXPO CENTER NORTE,SONIC SYMPHONY
4053,Irmãs de Pau,2023-10-14,2023,VIP STATION,IRMAS DE PAU
4054,Mombojó,2023-10-14,2023,SESC SANTANA,MOMBOJO
4055,Melody,2023-10-14,2023,VIP STATION,MELODY
4056,medicos cubanos,2023-10-14,2023,PORAO DA CERVEJA,MEDICOS CUBANOS
4057,Inês É Morta,2023-10-14,2023,ASSOCIACAO CULTURAL CECILIA,INES E MORTA
4058,Pepita,2023-10-14,2023,VIP STATION,PEPITA
4059,Kaya Conky,2023-10-14,2023,VIP STATION,KAYA CONKY
4060,Letrux,2023-10-14,2023,PRACA DAS ARTES,LETRUX
4061,gorduratrans,2023-10-14,2023,ASSOCIACAO CULTURAL CECILIA,GORDURATRANS
4062,Kika Boom,2023-10-14,2023,VIP STATION,KIKA BOOM
4063,Senpai Old School,2023-10-14,2023,EXPO CENTER NORTE,SENPAI OLD SCHOOL
4064,Violeta de Outono,2023-10-14,2023,INSTITUTO CULTURAL BOLIVIA ROCK,VIOLETA DE OUTONO
4065,Metá Metá,2023-10-14,2023,PRACA DAS ARTES,META META
4066,Crypta,2023-10-15,2023,CENTRO ESPORTIVO E DE LAZER TIETE,CRYPTA
4067,Dead Fish,2023-10-15,2023,CENTRO ESPORTIVO E DE LAZER TIETE,DEAD FISH
4068,Leci Brandão,2023-10-15,2023,MEMORIAL DA AMERICA LATINA,LECI BRANDAO
4069,John Wayne,2023-10-15,2023,CENTRO ESPORTIVO E DE LAZER TIETE,JOHN WAYNE
4070,Mattilha,2023-10-15,2023,CENTRO ESPORTIVO E DE LAZER TIETE,MATTILHA
4071,Estado Zero,2023-10-15,2023,CENTRO ESPORTIVO E DE LAZER TIETE,ESTADO ZERO
4072,Sonic Symphony,2023-10-15,2023,EXPO CENTER NORTE,SONIC SYMPHONY
4073,Paulo Miklos,2023-10-15,2023,CENTRO ESPORTIVO E DE LAZER TIETE,PAULO MIKLOS
4074,Mombojó,2023-10-15,2023,SESC SANTANA,MOMBOJO
4075,Steve Angello,2023-10-15,2023,LAROC CLUB,STEVE ANGELLO
4076,Oitão,2023-10-15,2023,CENTRO ESPORTIVO E DE LAZER TIETE,OITAO
4077,Rockfun Legends,2023-10-15,2023,CENTRO ESPORTIVO E DE LAZER TIETE,ROCKFUN LEGENDS
4078,Chico César,2023-10-15,2023,PARQUE VILLA-LOBOS,CHICO CESAR
4079,Senpai Old School,2023-10-15,2023,EXPO CENTER NORTE,SENPAI OLD SCHOOL
4080,Marky Ramone’s Blitzkrieg,2023-10-15,2023,CARIOCA CLUB,MARKY RAMONE'S BLITZKRIEG
4081,Tom Zé,2023-10-15,2023,PRACA DAS ARTES,TOM ZE
4082,Negra Li,2023-10-15,2023,PARQUE VILLA-LOBOS,NEGRA LI
4083,Krisiun,2023-10-15,2023,CENTRO ESPORTIVO E DE LAZER TIETE,KRISIUN
4084,Os Mutantes,2023-10-15,2023,CENTRO ESPORTIVO E DE LAZER TIETE,OS MUTANTES
4085,Almir Sater,2023-10-16,2023,TEATRO BRADESCO,ALMIR SATER
4086,Kiko Dinucci,2023-10-17,2023,CASA DE FRANCISCA,KIKO DINUCCI
4087,Noturnall,2023-10-17,2023,RED STAR STUDIOS,NOTURNALL
4088,Chico Bernardes,2023-10-17,2023,BONA CASA DE MUSICA,CHICO BERNARDES
4089,Kiko Dinucci,2023-10-18,2023,CASA DE FRANCISCA,KIKO DINUCCI
4090,Makaya McCraven,2023-10-18,2023,SESC POMPEIA,MAKAYA MCCRAVEN
4091,I Am Morbid,2023-10-19,2023,FABRIQUE CLUB,I AM MORBID
4092,YMA,2023-10-19,2023,PICLES CARDEAL,YMA
4093,Steel Panther,2023-10-19,2023,AUDIO,STEEL PANTHER
4094,Makaya McCraven,2023-10-19,2023,SESC POMPEIA,MAKAYA MCCRAVEN
4095,CPM 22,2023-10-19,2023,SESC BOM RETIRO,CPM 22
4096,Vanessa Moreno,2023-10-19,2023,SESC 14 BIS,VANESSA MORENO
4097,Perotá Chingó,2023-10-20,2023,AUDIO,PEROTA CHINGO
4098,Rubel,2023-10-20,2023,ESPACO UNIMED,RUBEL
4099,L7,2023-10-20,2023,CARIOCA CLUB,L7
4100,Cólera,2023-10-20,2023,CARIOCA CLUB,COLERA
4101,Hexis,2023-10-20,2023,VIP STATION,HEXIS
4102,Falsa Luz,2023-10-20,2023,VIP STATION,FALSA LUZ
4103,As Mercenárias,2023-10-20,2023,CARIOCA CLUB,AS MERCENARIAS
4104,Amenra,2023-10-20,2023,VIP STATION,AMENRA
4105,Desalmado,2023-10-20,2023,VIP STATION,DESALMADO
4106,Paulinho da Viola,2023-10-20,2023,SESC PINHEIROS,PAULINHO DA VIOLA
4107,Innabrain,2023-10-20,2023,PORAO DA CERVEJA,INNABRAIN
4108,Ira!,2023-10-20,2023,GINASIO DO IBIRAPUERA,IRA!
4109,Sugar Kane,2023-10-20,2023,SESC BELENZINHO,SUGAR KANE
4110,Vanessa Moreno,2023-10-20,2023,SESC 14 BIS,VANESSA MORENO
4111,Orchestre Poly-Rythmo de Cotonou,2023-10-20,2023,SESC POMPEIA,ORCHESTRE POLY-RYTHMO DE COTONOU
4112,Giulia Be,2023-10-20,2023,TEATRO BRADESCO,GIULIA BE
4113,Silvana Estrada,2023-10-20,2023,CINECLUBE CORTINA,SILVANA ESTRADA
4114,Thandi Ntuli,2023-10-20,2023,TEATRO SESC POMPEIA,THANDI NTULI
4115,Alfredo Rodríguez,2023-10-21,2023,SESC 14 BIS,ALFREDO RODRIGUEZ
4116,Ego Kill Talent,2023-10-21,2023,ALLIANZ PARQUE,EGO KILL TALENT
4117,Conociendo Rusia,2023-10-21,2023,CINECLUBE CORTINA,CONOCIENDO RUSIA
4118,Axty,2023-10-21,2023,EXPO CENTER NORTE,AXTY
4119,Foojammers,2023-10-21,2023,PRESLEY PUB,FOOJAMMERS
4120,The Toasters,2023-10-21,2023,JAI CLUB,THE TOASTERS
4121,The Beast Experience,2023-10-21,2023,MANIFESTO BAR,THE BEAST EXPERIENCE
4122,Spok Frevo Orquestra,2023-10-21,2023,TEATRO SESC POMPEIA,SPOK FREVO ORQUESTRA
4123,Hermeto Pascoal,2023-10-21,2023,PARQUE VILLA-LOBOS,HERMETO PASCOAL
4124,Evanescence,2023-10-21,2023,ALLIANZ PARQUE,EVANESCENCE
4125,Gloria,2023-10-21,2023,EXPO CENTER NORTE,GLORIA
4126,Jorge Ben Jor,2023-10-21,2023,ESPACO UNIMED,JORGE BEN JOR
4127,Mart’nália,2023-10-21,2023,CASA NATURA MUSICAL,MART'NALIA
4128,Paulinho da Viola,2023-10-21,2023,SESC PINHEIROS,PAULINHO DA VIOLA
4129,Esteban Tavares,2023-10-21,2023,CINECLUBE CORTINA,ESTEBAN TAVARES
4130,Odeon,2023-10-21,2023,EXPO CENTER NORTE,ODEON
4131,Orchestre Poly-Rythmo de Cotonou,2023-10-21,2023,SESC POMPEIA,ORCHESTRE POLY-RYTHMO DE COTONOU
4132,Retrofoguetes,2023-10-22,2023,TIPITINA BAR,RETROFOGUETES
4133,Spok Frevo Orquestra,2023-10-22,2023,TEATRO SESC POMPEIA,SPOK FREVO ORQUESTRA
4134,Alfredo Rodríguez,2023-10-22,2023,SESC 14 BIS,ALFREDO RODRIGUEZ
4135,Skinner Project,2023-10-22,2023,RED STAR STUDIOS,SKINNER PROJECT
4137,Sophia Chablau e Uma Enorme Perda de Tempo,2023-10-22,2023,CINE JOIA,SOPHIA CHABLAU E UMA ENORME PERDA DE TEMPO
4138,Dori Caymmi,2023-10-25,2023,SESC VILA MARIANA,DORI CAYMMI
4139,Hexis,2023-10-25,2023,FENDA 315,HEXIS
4140,Kleiton & Kledir,2023-10-25,2023,BLUE NOTE SAO PAULO,KLEITON & KLEDIR
4141,Vinny Appice,2023-10-26,2023,CAFE PIU PIU,VINNY APPICE
4142,Mustang 73,2023-10-26,2023,ONLY ROCK BAR,MUSTANG 73
4143,Ava Rocha,2023-10-26,2023,CASA NATURA MUSICAL,AVA ROCHA
4144,Roberto Carlos,2023-10-26,2023,ESPACO UNIMED,ROBERTO CARLOS
4145,In Element,2023-10-26,2023,FABRIQUE CLUB,IN ELEMENT
4146,Angel Bat Dawid,2023-10-26,2023,TEATRO SESC POMPEIA,ANGEL BAT DAWID
4147,Septicflesh,2023-10-26,2023,FABRIQUE CLUB,SEPTICFLESH
4148,Sona Jobarteh,2023-10-26,2023,SESC 14 BIS,SONA JOBARTEH
4149,Black Flag,2023-10-27,2023,CARIOCA CLUB,BLACK FLAG
4150,Chico Batera,2023-10-27,2023,SESC POMPEIA,CHICO BATERA
4151,Garotos Podres,2023-10-27,2023,CARIOCA CLUB,GAROTOS PODRES
4152,Os Gatunos,2023-10-27,2023,RED STAR STUDIOS,OS GATUNOS
4153,Sérgio Hinds,2023-10-27,2023,SESC BELENZINHO,SERGIO HINDS
4154,The Almighty Devildogs,2023-10-27,2023,RED STAR STUDIOS,THE ALMIGHTY DEVILDOGS
4155,Intóxicos,2023-10-27,2023,RED STAR STUDIOS,INTOXICOS
4156,Bragolin,2023-10-28,2023,MADAME CLUB,BRAGOLIN
4157,Budang,2023-10-28,2023,ASSOCIACAO CULTURAL CECILIA,BUDANG
4158,Malditos Jovens do Reggae,2023-10-28,2023,ASSOCIACAO CULTURAL CECILIA,MALDITOS JOVENS DO REGGAE
4159,Sílvia Pérez Cruz,2023-10-28,2023,TEATRO SESC POMPEIA,SILVIA PEREZ CRUZ
4160,Damon Locks Black Monument Ensemble,2023-10-28,2023,SESC POMPEIA,DAMON LOCKS BLACK MONUMENT ENSEMBLE
4161,Tabber,2023-10-28,2023,STUDIO STAGE,TABBER
4162,Dente Canino,2023-10-28,2023,ASSOCIACAO CULTURAL CECILIA,DENTE CANINO
4163,Céu,2023-10-28,2023,AREA EXTERNA DO AUDITORIO IBIRAPUERA,CEU
4164,Claudia Leitte,2023-10-28,2023,AREA EXTERNA DO AUDITORIO IBIRAPUERA,CLAUDIA LEITTE
4165,Oswaldo Montenegro,2023-10-28,2023,TOKIO MARINE HALL,OSWALDO MONTENEGRO
4166,ballburya,2023-10-28,2023,ROCK TOGETHER STUDIO,BALLBURYA
4167,Egberto Gismonti,2023-10-28,2023,SESC 14 BIS,EGBERTO GISMONTI
4168,Roberto Carlos,2023-10-28,2023,ESPACO UNIMED,ROBERTO CARLOS
4169,Retrofoguetes,2023-10-28,2023,RED STAR STUDIOS,RETROFOGUETES
4170,Halleck,2023-10-28,2023,PORAO DA CERVEJA,HALLECK
4171,Paolo Vallinari,2023-10-28,2023,SPEAKWORLD IDIOMAS,PAOLO VALLINARI
4172,Linn da Quebrada,2023-10-28,2023,SESC VILA MARIANA,LINN DA QUEBRADA
4173,Umbilichaos,2023-10-28,2023,CENTRO CULTURAL DA JUVENTUDE RUTH CARDOSO,UMBILICHAOS
4174,Pesta,2023-10-28,2023,CENTRO CULTURAL DA JUVENTUDE RUTH CARDOSO,PESTA
4175,Tulipa Ruiz,2023-10-28,2023,AUDITORIO IBIRAPUERA,TULIPA RUIZ
4176,Espectro,2023-10-28,2023,CENTRO CULTURAL DA JUVENTUDE RUTH CARDOSO,ESPECTRO
4177,Los Maganos,2023-10-28,2023,RED STAR STUDIOS,LOS MAGANOS
4178,Fábio Jr.,2023-10-28,2023,VIBRA SAO PAULO,FABIO JR.
4179,Zumbis do Espaço,2023-10-28,2023,HANGAR 110,ZUMBIS DO ESPACO
4180,Innabrain,2023-10-28,2023,ESPACO FIM DA RUA,INNABRAIN
4181,Project46,2023-10-29,2023,TOKIO MARINE HALL,PROJECT46
4182,Sílvia Pérez Cruz,2023-10-29,2023,TEATRO SESC POMPEIA,SILVIA PEREZ CRUZ
4183,Egberto Gismonti,2023-10-29,2023,SESC 14 BIS,EGBERTO GISMONTI
4184,Marduk,2023-10-29,2023,VIP STATION,MARDUK
4185,Grave Desecrator,2023-10-29,2023,VIP STATION,GRAVE DESECRATOR
4186,Mortuorial Eclipse,2023-10-29,2023,VIP STATION,MORTUORIAL ECLIPSE
4187,Luxúria de Lillith,2023-10-29,2023,VIP STATION,LUXURIA DE LILLITH
4188,Impurity,2023-10-29,2023,VIP STATION,IMPURITY
4190,Obscura,2023-10-29,2023,CARIOCA CLUB,OBSCURA
4191,Machine Head,2023-10-29,2023,TOKIO MARINE HALL,MACHINE HEAD
4192,Primal Fear,2023-10-29,2023,FABRIQUE CLUB,PRIMAL FEAR
4193,Roberto Carlos,2023-10-29,2023,ESPACO UNIMED,ROBERTO CARLOS
4194,Hateen,2023-10-29,2023,CENTRO CULTURAL TENDAL DA LAPA,HATEEN
4195,Cícero,2023-10-29,2023,SESC BELENZINHO,CICERO
4196,Damon Locks Black Monument Ensemble,2023-10-29,2023,SESC POMPEIA,DAMON LOCKS BLACK MONUMENT ENSEMBLE
4197,Iara Rennó,2023-10-31,2023,BONA CASA DE MUSICA,IARA RENNO
4198,Thiago Bianchi,2023-10-31,2023,BLUE NOTE SAO PAULO,THIAGO BIANCHI
4199,Wanessa Camargo,2023-11-01,2023,TERRA SP,WANESSA CAMARGO
4200,Ville Valo,2023-11-01,2023,CARIOCA CLUB,VILLE VALO
4202,Meu Funeral,2023-11-02,2023,FAMILY MOB STUDIOS,MEU FUNERAL
4203,Allen Key,2023-11-03,2023,TOKIO MARINE HALL,ALLEN KEY
4204,Bryan Behr,2023-11-03,2023,CASA NATURA MUSICAL,BRYAN BEHR
4205,Justabeli,2023-11-03,2023,JAI CLUB,JUSTABELI
4206,Bayside Kings,2023-11-03,2023,FABRIQUE CLUB,BAYSIDE KINGS
4207,Podridão,2023-11-03,2023,JAI CLUB,PODRIDAO
4208,Rise of the Northstar,2023-11-03,2023,FABRIQUE CLUB,RISE OF THE NORTHSTAR
4209,Paura,2023-11-03,2023,FABRIQUE CLUB,PAURA
4210,Luiz Toffoli,2023-11-03,2023,TOKIO MARINE HALL,LUIZ TOFFOLI
4212,Ney Matogrosso,2023-11-03,2023,SESC PINHEIROS,NEY MATOGROSSO
4213,Måneskin,2023-11-03,2023,ESPACO UNIMED,MANESKIN
4214,Angra,2023-11-03,2023,TOKIO MARINE HALL,ANGRA
4215,Children of the Beast,2023-11-03,2023,MORRISON ROCK BAR,CHILDREN OF THE BEAST
4216,Vader,2023-11-03,2023,JAI CLUB,VADER
4217,Kasino,2023-11-04,2023,CENTRO ESPORTIVO E DE LAZER TIETE,KASINO
4218,Supla E Os Punks de Boutique,2023-11-04,2023,CENTRO ESPORTIVO E DE LAZER TIETE,SUPLA E OS PUNKS DE BOUTIQUE
4219,Felipe Dylon,2023-11-04,2023,CENTRO ESPORTIVO E DE LAZER TIETE,FELIPE DYLON
4220,Br’oZ,2023-11-04,2023,CENTRO ESPORTIVO E DE LAZER TIETE,BR'OZ
4221,Halsey,2023-11-04,2023,ALLIANZ PARQUE,HALSEY
4222,Caxtrinho,2023-11-04,2023,GARAGEM BELEZA,CAXTRINHO
4223,ballburya,2023-11-04,2023,ST PAUL'S PUB,BALLBURYA
4224,Kim Hyun Joong,2023-11-04,2023,TEATRO J. SAFRA,KIM HYUN JOONG
4225,Tim “Ripper” Owens,2023-11-04,2023,CENTRO DE EVENTOS PRO MAGNO,"TIM ""RIPPER"" OWENS"
4226,mgk,2023-11-04,2023,ALLIANZ PARQUE,MGK
4227,Cine,2023-11-04,2023,CENTRO ESPORTIVO E DE LAZER TIETE,CINE
4228,Hodari,2023-11-04,2023,ALLIANZ PARQUE,HODARI
4229,Zumbis do Espaço,2023-11-04,2023,CENTRO DE EVENTOS PRO MAGNO,ZUMBIS DO ESPACO
4230,Oumou Sangaré,2023-11-04,2023,SESC POMPEIA,OUMOU SANGARE
4231,Alceu Valença,2023-11-04,2023,TOKIO MARINE HALL,ALCEU VALENCA
4232,Tasha & Tracie,2023-11-04,2023,INSTITUTO TOMIE OTHAKE,TASHA & TRACIE
4233,ALCHEMIA,2023-11-04,2023,CENTRO DE EVENTOS PRO MAGNO,ALCHEMIA
4234,Furacão 2000,2023-11-04,2023,CENTRO ESPORTIVO E DE LAZER TIETE,FURACAO 2000
4235,Sean Kingston,2023-11-04,2023,CENTRO ESPORTIVO E DE LAZER TIETE,SEAN KINGSTON
4236,jxdn,2023-11-04,2023,ALLIANZ PARQUE,JXDN
4237,CPM 22,2023-11-04,2023,CENTRO ESPORTIVO E DE LAZER TIETE,CPM 22
4238,Gabriel o Pensador,2023-11-04,2023,CENTRO ESPORTIVO E DE LAZER TIETE,GABRIEL O PENSADOR
4239,Swedish House Mafia,2023-11-04,2023,ALLIANZ PARQUE,SWEDISH HOUSE MAFIA
4240,Marcão Britto & Thiago Castanho Charlie Brown Jr.,2023-11-04,2023,CENTRO ESPORTIVO E DE LAZER TIETE,MARCAO BRITTO & THIAGO CASTANHO CHARLIE BROWN JR.
4241,Wanessa Camargo,2023-11-04,2023,CENTRO ESPORTIVO E DE LAZER TIETE,WANESSA CAMARGO
4242,The Lumineers,2023-11-05,2023,ESPACO UNIMED,THE LUMINEERS
4243,LUDMILLA,2023-11-05,2023,AUTODROMO DE INTERLAGOS,LUDMILLA
4244,Oumou Sangaré,2023-11-05,2023,SESC POMPEIA,OUMOU SANGARE
4245,Tasha & Tracie,2023-11-05,2023,ALLIANZ PARQUE,TASHA & TRACIE
4246,Sofi Tukker,2023-11-05,2023,ALLIANZ PARQUE,SOFI TUKKER
4247,Thundercat,2023-11-05,2023,ALLIANZ PARQUE,THUNDERCAT
4248,Torture Squad,2023-11-05,2023,CENTRO DE EVENTOS PRO MAGNO,TORTURE SQUAD
4249,Kendrick Lamar,2023-11-05,2023,ALLIANZ PARQUE,KENDRICK LAMAR
4250,IZA,2023-11-05,2023,ALLIANZ PARQUE,IZA
4251,Agnostic Front,2023-11-05,2023,FABRIQUE CLUB,AGNOSTIC FRONT
4252,Ney Matogrosso,2023-11-05,2023,SESC PINHEIROS,NEY MATOGROSSO
4253,Terno Rei,2023-11-05,2023,ESPACO UNIMED,TERNO REI
4254,Electric Funeral,2023-11-05,2023,CENTRO DE EVENTOS PRO MAGNO,ELECTRIC FUNERAL
4255,Mork,2023-11-06,2023,HOUSE OF LEGENDS,MORK
4256,Test,2023-11-06,2023,HOUSE OF LEGENDS,TEST
4257,Goatburner,2023-11-06,2023,HOUSE OF LEGENDS,GOATBURNER
4258,Sodoma,2023-11-06,2023,HOUSE OF LEGENDS,SODOMA
4259,Funeratus,2023-11-06,2023,HOUSE OF LEGENDS,FUNERATUS
4260,NervoChaos,2023-11-06,2023,HOUSE OF LEGENDS,NERVOCHAOS
4261,Zander,2023-11-08,2023,BAR ALTO,ZANDER
4262,Emicida,2023-11-08,2023,EXPO CENTER NORTE,EMICIDA
4263,Alice Glass,2023-11-08,2023,MADAME UNDERGROUND CLUB,ALICE GLASS
4264,Alter Bridge,2023-11-08,2023,ESPACO UNIMED,ALTER BRIDGE
4265,Jorge Drexler,2023-11-09,2023,ESPACO UNIMED,JORGE DREXLER
4266,In Flames,2023-11-09,2023,TOKIO MARINE HALL,IN FLAMES
4267,Jammil,2023-11-09,2023,EXPO CENTER NORTE,JAMMIL
4268,Br’oZ,2023-11-09,2023,TEATRO BRADESCO,BR'OZ
4269,Papisa,2023-11-09,2023,BAR ALTO,PAPISA
4270,Kryour,2023-11-09,2023,TOKIO MARINE HALL,KRYOUR
4271,Indigo Mood,2023-11-09,2023,BAR ALTO,INDIGO MOOD
4272,Bebê Feio,2023-11-10,2023,RED STAR STUDIOS,BEBE FEIO
4273,Irontom,2023-11-10,2023,ESTADIO DO MORUMBI,IRONTOM
4274,Boate Azul Ao Vivo,2023-11-10,2023,ESPACO UNIMED,BOATE AZUL AO VIVO
4275,Edu Lobo,2023-11-10,2023,TEATRO B32,EDU LOBO
4276,Blind Pigs,2023-11-10,2023,CARIOCA CLUB,BLIND PIGS
4277,Urias,2023-11-10,2023,VIBRA SAO PAULO,URIAS
4278,Jeito Moleque,2023-11-10,2023,EXPO CENTER NORTE,JEITO MOLEQUE
4279,Red Hot Chili Peppers,2023-11-10,2023,ESTADIO DO MORUMBI,RED HOT CHILI PEPPERS
4280,Buchecha,2023-11-10,2023,EXPO CENTER NORTE,BUCHECHA
4281,Rodrigo Campos,2023-11-10,2023,ODETTE,RODRIGO CAMPOS
4282,Não Há Mais Volta,2023-11-10,2023,CARIOCA CLUB,NAO HA MAIS VOLTA
4283,Alice Glass,2023-11-10,2023,VIBRA SAO PAULO,ALICE GLASS
4284,Juçara Marçal,2023-11-10,2023,SESC POMPEIA,JUCARA MARCAL
4285,Trym,2023-11-10,2023,ARCA SPACES,TRYM
4286,Charlotte de Witte,2023-11-10,2023,ARCA SPACES,CHARLOTTE DE WITTE
4287,Gritando HC,2023-11-10,2023,CARIOCA CLUB,GRITANDO HC
4288,Lulu Santos,2023-11-10,2023,TOKIO MARINE HALL,LULU SANTOS
4289,Zumbis do Espaço,2023-11-10,2023,CARIOCA CLUB,ZUMBIS DO ESPACO
4290,Chad Smith,2023-11-10,2023,STONES MUSIC BAR,CHAD SMITH
4291,Pabllo Vittar,2023-11-10,2023,VIBRA SAO PAULO,PABLLO VITTAR
4292,Catch Side,2023-11-11,2023,CARIOCA CLUB,CATCH SIDE
4293,Boy Harsher,2023-11-11,2023,PRIVATE VENUE,BOY HARSHER
4294,Roger Waters,2023-11-11,2023,ALLIANZ PARQUE,ROGER WATERS
4295,Glenn Hughes,2023-11-11,2023,VIP STATION,GLENN HUGHES
4296,Boy Harsher,2023-11-11,2023,FABRICA DE IMPRESSOES,BOY HARSHER
4297,Catto,2023-11-11,2023,TEATRO SESC POMPEIA,CATTO
4298,Richie Ramone,2023-11-11,2023,MANIFESTO BAR,RICHIE RAMONE
4299,Juçara Marçal,2023-11-11,2023,SESC POMPEIA,JUCARA MARCAL
4300,Foojammers,2023-11-11,2023,SKULL SKATE PARK,FOOJAMMERS
4301,Combover,2023-11-11,2023,FFFRONT,COMBOVER
4302,Wanessa Camargo,2023-11-11,2023,SHOPEE,WANESSA CAMARGO
4303,RBD,2023-11-12,2023,ESTADIO DO MORUMBI,RBD
4304,Seu Jorge,2023-11-12,2023,PARQUE VILLA-LOBOS,SEU JORGE
4305,Roger Waters,2023-11-12,2023,ALLIANZ PARQUE,ROGER WATERS
4306,KLB,2023-11-12,2023,VIBRA SAO PAULO,KLB
4307,Raça,2023-11-12,2023,CASA ROCKAMBOLE,RACA
4308,RBD,2023-11-13,2023,ESTADIO DO MORUMBI,RBD
4309,Joelma,2023-11-13,2023,ENCONTRO COM PATRICIA POETA,JOELMA
4310,Mastodon,2023-11-14,2023,ESPACO UNIMED,MASTODON
4311,Pitty,2023-11-14,2023,ALLIANZ PARQUE,PITTY
4312,Gojira,2023-11-14,2023,ESPACO UNIMED,GOJIRA
4313,Alanis Morissette,2023-11-14,2023,ALLIANZ PARQUE,ALANIS MORISSETTE
4314,Grag Queen,2023-11-14,2023,HIGH CLUB,GRAG QUEEN
4315,Forgotten Boys,2023-11-14,2023,FFFRONT,FORGOTTEN BOYS
4316,Vamoz,2023-11-14,2023,FFFRONT,VAMOZ
4317,Joelma,2023-11-14,2023,CENTRO DE TRADICOES NORDESTINAS,JOELMA
4318,Maglore,2023-11-15,2023,CASA NATURA MUSICAL,MAGLORE
4319,Saxon,2023-11-15,2023,TOKIO MARINE HALL,SAXON
4320,The Aggrolites,2023-11-15,2023,FABRIQUE CLUB,THE AGGROLITES
4321,Firefriend,2023-11-15,2023,SAN PANCHO,FIREFRIEND
4322,Madzilla,2023-11-15,2023,TOKIO MARINE HALL,MADZILLA
4323,Julia Mestre,2023-11-16,2023,CULTURA LIVRE,JULIA MESTRE
4324,RBD,2023-11-16,2023,ALLIANZ PARQUE,RBD
4325,Fernando Catatau,2023-11-16,2023,BONA CASA DE MUSICA,FERNANDO CATATAU
4326,Ira!,2023-11-17,2023,VIBRA SAO PAULO,IRA!
4327,RBD,2023-11-17,2023,ALLIANZ PARQUE,RBD
4328,Desalmado,2023-11-17,2023,HANGAR 110,DESALMADO
4329,Zélia Duncan,2023-11-17,2023,SESC POMPEIA,ZELIA DUNCAN
4330,Os Paralamas do Sucesso,2023-11-17,2023,VIBRA SAO PAULO,OS PARALAMAS DO SUCESSO
4331,Mustang 73,2023-11-17,2023,A SETIMA TABERNA,MUSTANG 73
4332,Gangrena Gasosa,2023-11-17,2023,HANGAR 110,GANGRENA GASOSA
4333,PVA,2023-11-17,2023,CASA ROCKAMBOLE,PVA
4334,Winter,2023-11-17,2023,CASA ROCKAMBOLE,WINTER
4335,Leprous,2023-11-17,2023,CARIOCA CLUB,LEPROUS
4336,Peter Bjorn and John,2023-11-17,2023,CINE JOIA,PETER BJORN AND JOHN
4337,Gloria Groove,2023-11-17,2023,ESPACO UNIMED,GLORIA GROOVE
4338,Hatchie,2023-11-17,2023,CASA ROCKAMBOLE,HATCHIE
4339,The Beast Experience,2023-11-18,2023,MANIFESTO BAR,THE BEAST EXPERIENCE
4340,Jards Macalé,2023-11-18,2023,SESC POMPEIA,JARDS MACALE
4341,Hardcore Superstar,2023-11-18,2023,CARIOCA CLUB,HARDCORE SUPERSTAR
4342,NNHMN,2023-11-18,2023,MADAME UNDERGROUND CLUB,NNHMN
4343,Ultra Sunn,2023-11-18,2023,MADAME UNDERGROUND CLUB,ULTRA SUNN
4344,BaianaSystem,2023-11-18,2023,MEMORIAL DA AMERICA LATINA,BAIANASYSTEM
4345,Fred Hersch,2023-11-18,2023,SALA SAO PAULO,FRED HERSCH
4346,POCAH,2023-11-18,2023,VIP STATION,POCAH
4347,Cólera,2023-11-18,2023,QUADRA DO SINDICATO DOS BANCARIOS,COLERA
4348,Mustang 73,2023-11-18,2023,CERVEJAZUL MUSIC CLUB,MUSTANG 73
4349,RBD,2023-11-18,2023,ALLIANZ PARQUE,RBD
4350,Agrotóxico,2023-11-18,2023,QUADRA DO SINDICATO DOS BANCARIOS,AGROTOXICO
4351,Deserdados,2023-11-18,2023,QUADRA DO SINDICATO DOS BANCARIOS,DESERDADOS
4352,Invasores de Cérebros,2023-11-18,2023,QUADRA DO SINDICATO DOS BANCARIOS,INVASORES DE CEREBROS
4353,OdioSocial,2023-11-18,2023,QUADRA DO SINDICATO DOS BANCARIOS,ODIOSOCIAL
4354,Owen,2023-11-18,2023,CASA ROCKAMBOLE,OWEN
4355,Diana Krall,2023-11-18,2023,TOKIO MARINE HALL,DIANA KRALL
4356,RBD,2023-11-19,2023,ALLIANZ PARQUE,RBD
4357,DZK,2023-11-19,2023,QUADRA DO SINDICATO DOS BANCARIOS,DZK
4358,Paranoid Existence,2023-11-19,2023,INSTITUTO CULTURAL BOLIVIA ROCK,PARANOID EXISTENCE
4359,Infamous Glory,2023-11-19,2023,VIP STATION,INFAMOUS GLORY
4360,Molho Negro,2023-11-19,2023,SESC AVENIDA PAULISTA,MOLHO NEGRO
4361,Sangue de Bode,2023-11-19,2023,VIP STATION,SANGUE DE BODE
4362,PVA,2023-11-19,2023,TOKIO MARINE HALL,PVA
4363,Vitam et Mortem,2023-11-19,2023,VIP STATION,VITAM ET MORTEM
4364,terraplana + Shower Curtain,2023-11-19,2023,TOKIO MARINE HALL,TERRAPLANA + SHOWER CURTAIN
4365,Lixomania,2023-11-19,2023,QUADRA DO SINDICATO DOS BANCARIOS,LIXOMANIA
4366,Whitney,2023-11-19,2023,TOKIO MARINE HALL,WHITNEY
4367,THUS LOVE,2023-11-19,2023,TOKIO MARINE HALL,THUS LOVE
4368,Os Excluídos,2023-11-19,2023,QUADRA DO SINDICATO DOS BANCARIOS,OS EXCLUIDOS
4369,Abbath,2023-11-19,2023,VIP STATION,ABBATH
4370,Unknown Mortal Orchestra,2023-11-19,2023,TOKIO MARINE HALL,UNKNOWN MORTAL ORCHESTRA
4371,Hatchie,2023-11-19,2023,TOKIO MARINE HALL,HATCHIE
4372,Flicts,2023-11-19,2023,QUADRA DO SINDICATO DOS BANCARIOS,FLICTS
4373,American Football,2023-11-19,2023,TOKIO MARINE HALL,AMERICAN FOOTBALL
4374,Evan Dando,2023-11-19,2023,BAR ALTO,EVAN DANDO
4375,Ludovic,2023-11-20,2023,CASA ROCKAMBOLE,LUDOVIC
4376,THUS LOVE,2023-11-20,2023,CASA ROCKAMBOLE,THUS LOVE
4377,Eric Nam,2023-11-20,2023,CINE JOIA,ERIC NAM
4378,Lenna Bahule,2023-11-21,2023,REDOMA,LENNA BAHULE
4379,Fábio Jr.,2023-11-21,2023,VIBRA SAO PAULO,FABIO JR.
4380,Alzira E + Corte,2023-11-22,2023,CASA DE FRANCISCA,ALZIRA E + CORTE
4381,Renato Teixeira,2023-11-22,2023,CINE JOIA,RENATO TEIXEIRA
4382,Hermanos Gutiérrez,2023-11-22,2023,CINE JOIA,HERMANOS GUTIERREZ
4383,Catto,2023-11-22,2023,BLUE NOTE SAO PAULO,CATTO
4384,Ana Frango Elétrico,2023-11-23,2023,SESC POMPEIA,ANA FRANGO ELETRICO
4385,Fino Coletivo,2023-11-23,2023,CASA NATURA MUSICAL,FINO COLETIVO
4386,Tom Zé,2023-11-23,2023,TEATRO SESC POMPEIA,TOM ZE
4387,Inocentes,2023-11-24,2023,SESC BELENZINHO,INOCENTES
4388,Silva,2023-11-24,2023,ESPACO UNIMED,SILVA
4389,Terra Celta,2023-11-24,2023,CARIOCA CLUB,TERRA CELTA
4390,Taberna folk,2023-11-24,2023,CARIOCA CLUB,TABERNA FOLK
4391,Korpiklaani,2023-11-24,2023,CARIOCA CLUB,KORPIKLAANI
4392,Ana Frango Elétrico,2023-11-24,2023,SESC POMPEIA,ANA FRANGO ELETRICO
4393,Taylor Swift,2023-11-24,2023,ALLIANZ PARQUE,TAYLOR SWIFT
4394,Nirvana Experience (ex-Hormoaning),2023-11-24,2023,FUERTES ROCK PUB,NIRVANA EXPERIENCE (EX-HORMOANING)
4395,Sabrina Carpenter,2023-11-24,2023,ALLIANZ PARQUE,SABRINA CARPENTER
4396,Fernanda Takai,2023-11-24,2023,BLUE NOTE SAO PAULO,FERNANDA TAKAI
4397,Tsjuder,2023-11-25,2023,JAI CLUB,TSJUDER
4398,Sabrina Carpenter,2023-11-25,2023,ALLIANZ PARQUE,SABRINA CARPENTER
4399,Taylor Swift,2023-11-25,2023,ALLIANZ PARQUE,TAYLOR SWIFT
4400,Blind Guardian,2023-11-25,2023,TERRA SP,BLIND GUARDIAN
4401,Trend Kill Ghosts,2023-11-25,2023,TERRA SP,TREND KILL GHOSTS
4402,Hate Moss,2023-11-25,2023,DEPOIS DO FIM DO MUNDO ESTUDIO,HATE MOSS
4403,Caetano Veloso,2023-11-25,2023,ESPACO UNIMED,CAETANO VELOSO
4404,Odeon,2023-11-25,2023,CARIOCA CLUB,ODEON
4405,Fleezus,2023-11-25,2023,SESC POMPEIA,FLEEZUS
4406,Marcos Valle,2023-11-25,2023,CASA NATURA MUSICAL,MARCOS VALLE
4407,Humberto Gessinger,2023-11-25,2023,TOKIO MARINE HALL,HUMBERTO GESSINGER
4408,Project46,2023-11-25,2023,CARIOCA CLUB,PROJECT46
4409,Gustavo Bertoni,2023-11-26,2023,SESC BELENZINHO,GUSTAVO BERTONI
4410,Taylor Swift,2023-11-26,2023,ALLIANZ PARQUE,TAYLOR SWIFT
4411,Seun Kuti & Egypt 80,2023-11-26,2023,CENTRO CULTURAL TENDAL DA LAPA,SEUN KUTI & EGYPT 80
4412,Sabrina Carpenter,2023-11-26,2023,ALLIANZ PARQUE,SABRINA CARPENTER
4413,Blind Guardian,2023-11-26,2023,TERRA SP,BLIND GUARDIAN
4414,Trend Kill Ghosts,2023-11-26,2023,TERRA SP,TREND KILL GHOSTS
4415,Caetano Veloso,2023-11-27,2023,ESPACO UNIMED,CAETANO VELOSO
4416,Bruno Berle,2023-11-28,2023,CENTRO DA TERRA,BRUNO BERLE
4417,Bazuros,2023-11-29,2023,ESTUDIO LAMINA,BAZUROS
4418,FKJ,2023-11-29,2023,AUDIO,FKJ
4419,black midi,2023-11-29,2023,CINE JOIA,BLACK MIDI
4420,PLUMA,2023-11-29,2023,CINE JOIA,PLUMA
4421,Tulipa Ruiz,2023-11-30,2023,SESC POMPEIA,TULIPA RUIZ
4422,Carlos do Complexo,2023-11-30,2023,AUDIO,CARLOS DO COMPLEXO
4423,The Killers,2023-11-30,2023,TOKIO MARINE HALL,THE KILLERS
4424,Seun Kuti & Egypt 80,2023-11-30,2023,AUDIO,SEUN KUTI & EGYPT 80
4425,Bruce Dickinson,2023-11-30,2023,SAO PAULO EXPO,BRUCE DICKINSON
4426,Slowdive,2023-11-30,2023,CINE JOIA,SLOWDIVE
4427,Bia Ferreira,2023-11-30,2023,AUDIO,BIA FERREIRA
4428,terraplana,2023-11-30,2023,CINE JOIA,TERRAPLANA
4429,Mindflow,2023-12-01,2023,LA IGLESIA BORRATXERIA,MINDFLOW
4430,Bebê Feio,2023-12-01,2023,CARDEAL PUB,BEBE FEIO
4431,Camisa de Vênus,2023-12-01,2023,TEATRO BRADESCO,CAMISA DE VENUS
4432,The Beast Experience,2023-12-01,2023,TEATRO BRAVOS,THE BEAST EXPERIENCE
4433,Garotos Podres,2023-12-01,2023,HANGAR 110,GAROTOS PODRES
4434,Tulipa Ruiz,2023-12-01,2023,SESC POMPEIA,TULIPA RUIZ
4435,Luiza Lian,2023-12-01,2023,AUDIO,LUIZA LIAN
4436,Róisín Murphy,2023-12-01,2023,AUDIO,ROISIN MURPHY
4437,DJ Playero,2023-12-01,2023,AUDIO,DJ PLAYERO
4438,Lucrecia Dalt,2023-12-01,2023,CINE JOIA,LUCRECIA DALT
4439,Metric,2023-12-01,2023,CINE JOIA,METRIC
4440,O Teatro Mágico,2023-12-01,2023,CARIOCA CLUB,O TEATRO MAGICO
4441,Nevasca,2023-12-02,2023,ARTLIVRE,NEVASCA
4442,slipmami,2023-12-02,2023,AUTODROMO DE INTERLAGOS,SLIPMAMI
4443,The Hives,2023-12-02,2023,AUTODROMO DE INTERLAGOS,THE HIVES
4444,Getúlio Abelha,2023-12-02,2023,AUTODROMO DE INTERLAGOS,GETULIO ABELHA
4445,Marisa Monte,2023-12-02,2023,AUTODROMO DE INTERLAGOS,MARISA MONTE
4446,Axty,2023-12-02,2023,HANGAR 110,AXTY
4447,L_cio,2023-12-02,2023,AUTODROMO DE INTERLAGOS,L_CIO
4448,ÀIYÉ,2023-12-02,2023,AUTODROMO DE INTERLAGOS,AIYE
4449,BAD LUV,2023-12-02,2023,HANGAR 110,BAD LUV
4450,Sandy,2023-12-02,2023,VIBRA SAO PAULO,SANDY
4451,OFF!,2023-12-02,2023,AUTODROMO DE INTERLAGOS,OFF!
4452,No Pressure,2023-12-02,2023,CITY LIGHTS MUSIC HALL,NO PRESSURE
4453,Carlos Lyra,2023-12-02,2023,TEATRO SESC POMPEIA,CARLOS LYRA
4454,Guilherme Arantes,2023-12-02,2023,TOKIO MARINE HALL,GUILHERME ARANTES
4455,Amigos,2023-12-02,2023,ALLIANZ PARQUE,AMIGOS
4456,Bazuros,2023-12-02,2023,PORTA,BAZUROS
4457,Kelela,2023-12-02,2023,AUTODROMO DE INTERLAGOS,KELELA
4458,Pet Shop Boys,2023-12-02,2023,AUTODROMO DE INTERLAGOS,PET SHOP BOYS
4459,Carnifex,2023-12-02,2023,FABRIQUE CLUB,CARNIFEX
4460,VHOOR,2023-12-02,2023,AUTODROMO DE INTERLAGOS,VHOOR
4461,Nevasca,2023-12-02,2023,ST PAUL'S PUB,NEVASCA
4462,The Killers,2023-12-02,2023,AUTODROMO DE INTERLAGOS,THE KILLERS
4463,Krisiun,2023-12-02,2023,CINE JOIA,KRISIUN
4464,Creatures,2023-12-02,2023,JAI CLUB,CREATURES
4465,MC Binn,2023-12-02,2023,AUTODROMO DE INTERLAGOS,MC BINN
4466,black midi,2023-12-02,2023,AUTODROMO DE INTERLAGOS,BLACK MIDI
4467,Slowdive,2023-12-02,2023,AUTODROMO DE INTERLAGOS,SLOWDIVE
4468,Hellway Train,2023-12-02,2023,JAI CLUB,HELLWAY TRAIN
4469,Marina Herlop,2023-12-02,2023,AUTODROMO DE INTERLAGOS,MARINA HERLOP
4470,Supercombo,2023-12-02,2023,SAO PAULO EXPO,SUPERCOMBO
4471,Dorian Electra,2023-12-02,2023,AUTODROMO DE INTERLAGOS,DORIAN ELECTRA
4472,Metric,2023-12-02,2023,AUTODROMO DE INTERLAGOS,METRIC
4473,LUDMILLA,2023-12-02,2023,CENTRO ESPORTIVO E DE LAZER TIETE,LUDMILLA
4474,CSS,2023-12-02,2023,AUTODROMO DE INTERLAGOS,CSS
4475,Mu540,2023-12-03,2023,AUTODROMO DE INTERLAGOS,MU540
4476,KL Jay,2023-12-03,2023,AUTODROMO DE INTERLAGOS,KL JAY
4477,Róisín Murphy,2023-12-03,2023,AUTODROMO DE INTERLAGOS,ROISIN MURPHY
4478,Mateus Fazeno Rock,2023-12-03,2023,AUTODROMO DE INTERLAGOS,MATEUS FAZENO ROCK
4479,TOKiMONSTA,2023-12-03,2023,AUTODROMO DE INTERLAGOS,TOKIMONSTA
4480,Catto,2023-12-03,2023,AUTODROMO DE INTERLAGOS,CATTO
4481,DJ Mau Mau,2023-12-03,2023,AUTODROMO DE INTERLAGOS,DJ MAU MAU
4482,Carlos Lyra,2023-12-03,2023,SESC POMPEIA,CARLOS LYRA
4483,Sophia Chablau e Uma Enorme Perda de Tempo,2023-12-03,2023,AUTODROMO DE INTERLAGOS,SOPHIA CHABLAU E UMA ENORME PERDA DE TEMPO
4484,The Blessed Madonna,2023-12-03,2023,AUTODROMO DE INTERLAGOS,THE BLESSED MADONNA
4485,El Mató a un Policía Motorizado,2023-12-03,2023,AUTODROMO DE INTERLAGOS,EL MATO A UN POLICIA MOTORIZADO
4486,Nelson D,2023-12-03,2023,AUTODROMO DE INTERLAGOS,NELSON D
4487,Marina Sena,2023-12-03,2023,AUTODROMO DE INTERLAGOS,MARINA SENA
4488,Just Mustard,2023-12-03,2023,AUTODROMO DE INTERLAGOS,JUST MUSTARD
4489,Toccororo,2023-12-03,2023,AUTODROMO DE INTERLAGOS,TOCCORORO
4490,Soccer Mommy,2023-12-03,2023,AUTODROMO DE INTERLAGOS,SOCCER MOMMY
4491,Bad Religion,2023-12-03,2023,AUTODROMO DE INTERLAGOS,BAD RELIGION
4492,Carly Rae Jepsen,2023-12-03,2023,AUTODROMO DE INTERLAGOS,CARLY RAE JEPSEN
4493,Hudson Mohawke,2023-12-03,2023,AUTODROMO DE INTERLAGOS,HUDSON MOHAWKE
4494,Beck,2023-12-03,2023,AUTODROMO DE INTERLAGOS,BECK
4495,ANAVITÓRIA,2023-12-03,2023,ESPACO UNIMED,ANAVITORIA
4496,MC Carol,2023-12-03,2023,AUTODROMO DE INTERLAGOS,MC CAROL
4497,Dennis Stratton,2023-12-03,2023,TEATRO MARS,DENNIS STRATTON
4498,The Cure,2023-12-03,2023,AUTODROMO DE INTERLAGOS,THE CURE
4499,Pet Shop Boys,2023-12-04,2023,AUDIO,PET SHOP BOYS
4500,Marissol Mwaba,2023-12-04,2023,UNIAO FRATERNA,MARISSOL MWABA
4501,Lamparina,2023-12-04,2023,UNIAO FRATERNA,LAMPARINA
4502,Gloria Groove,2023-12-05,2023,TRANSAMERICA EXPO CENTER,GLORIA GROOVE
4503,NX Zero,2023-12-06,2023,HANGAR 110,NX ZERO
4504,Colbie Caillat,2023-12-07,2023,VIBRA SAO PAULO,COLBIE CAILLAT
4505,Paul McCartney,2023-12-07,2023,ALLIANZ PARQUE,PAUL MCCARTNEY
4506,Chris Holmes,2023-12-07,2023,ALLIANZ PARQUE,CHRIS HOLMES
4507,Lenna Bahule,2023-12-07,2023,BONA CASA DE MUSICA,LENNA BAHULE
4508,Children of the Beast,2023-12-07,2023,THE METAL BAR,CHILDREN OF THE BEAST
4510,iamamiwhoami,2023-12-07,2023,CARIOCA CLUB,IAMAMIWHOAMI
4511,Foojammers,2023-12-08,2023,WILLI WILLIE BAR E ARQUERIA,FOOJAMMERS
4512,Sara Não Tem Nome,2023-12-08,2023,SESC BELENZINHO,SARA NAO TEM NOME
4513,Urias,2023-12-08,2023,ZIG STUDIO,URIAS
4514,Test,2023-12-08,2023,CINECLUBE CORTINA,TEST
4515,Kiko Loureiro,2023-12-08,2023,SESC AVENIDA PAULISTA,KIKO LOUREIRO
4516,Bufo Borealis,2023-12-08,2023,CINECLUBE CORTINA,BUFO BOREALIS
4517,Mad Professor,2023-12-08,2023,CENTRO CULTURAL TENDAL DA LAPA,MAD PROFESSOR
4518,Nidia Góngora,2023-12-08,2023,CENTRO CULTURAL TENDAL DA LAPA,NIDIA GONGORA
4520,Tuatha de Danann,2023-12-08,2023,MANIFESTO BAR,TUATHA DE DANANN
4521,Wesley Safadão,2023-12-09,2023,DISTRITO ANHEMBI,WESLEY SAFADAO
4522,Coralinne,2023-12-09,2023,NIMBUS STUDIO,CORALINNE
4523,Simone,2023-12-09,2023,SALA SAO PAULO,SIMONE
4524,Kumbia Queers,2023-12-09,2023,CASA DE CULTURA DO BUTANTA,KUMBIA QUEERS
4525,Violator,2023-12-09,2023,CITY LIGHTS MUSIC HALL,VIOLATOR
4526,Malvada,2023-12-09,2023,AUDIO,MALVADA
4527,Kiko Loureiro,2023-12-09,2023,SESC AVENIDA PAULISTA,KIKO LOUREIRO
4528,Revenge of Kiss,2023-12-09,2023,WOODSTOCK ROCK STORE,REVENGE OF KISS
4529,Djavan,2023-12-09,2023,VIBRA SAO PAULO,DJAVAN
4530,Black Pantera,2023-12-09,2023,AUDIO,BLACK PANTERA
4531,Flageladör,2023-12-09,2023,CITY LIGHTS MUSIC HALL,FLAGELADOR
4532,Sheck Wes,2023-12-09,2023,NEO QUIMICA ARENA,SHECK WES
4533,Tasha & Tracie,2023-12-09,2023,NEO QUIMICA ARENA,TASHA & TRACIE
4534,Besouro Mulher,2023-12-09,2023,SESC VILA MARIANA,BESOURO MULHER
4535,Cuatro Pesos de Propina,2023-12-09,2023,CASA DE CULTURA DO BUTANTA,CUATRO PESOS DE PROPINA
4536,Paul McCartney,2023-12-09,2023,ALLIANZ PARQUE,PAUL MCCARTNEY
4537,Alceu Valença,2023-12-09,2023,PARQUE VILLA-LOBOS,ALCEU VALENCA
4538,Pelados,2023-12-09,2023,SESC VILA MARIANA,PELADOS
4539,Matanza Ritual,2023-12-09,2023,AUDIO,MATANZA RITUAL
4540,Derek,2023-12-09,2023,NEO QUIMICA ARENA,DEREK
4542,Crypta,2023-12-09,2023,AUDIO,CRYPTA
4543,Don Toliver,2023-12-09,2023,NEO QUIMICA ARENA,DON TOLIVER
4544,Raffa Moreira,2023-12-09,2023,NEO QUIMICA ARENA,RAFFA MOREIRA
4545,Maglore,2023-12-09,2023,CASA DE CULTURA DO BUTANTA,MAGLORE
4546,"Ryu, the Runner",2023-12-09,2023,NEO QUIMICA ARENA,"RYU, THE RUNNER"
4547,Major RD,2023-12-09,2023,NEO QUIMICA ARENA,MAJOR RD
4548,Chris Holmes,2023-12-09,2023,ALLIANZ PARQUE,CHRIS HOLMES
4549,Teto,2023-12-10,2023,NEO QUIMICA ARENA,TETO
4550,Matuê,2023-12-10,2023,NEO QUIMICA ARENA,MATUE
4551,Bazuros,2023-12-10,2023,CASA DE CULTURA DO BUTANTA,BAZUROS
4552,Vanessa da Mata,2023-12-10,2023,PARQUE VILLA-LOBOS,VANESSA DA MATA
4553,Valesca Popozuda,2023-12-10,2023,PARQUE VILLA-LOBOS,VALESCA POPOZUDA
4554,Siegrid Ingrid,2023-12-10,2023,MANIFESTO SKATE PARK,SIEGRID INGRID
4555,Roddy Ricch,2023-12-10,2023,NEO QUIMICA ARENA,RODDY RICCH
4556,Rockfun Legends,2023-12-10,2023,MANIFESTO SKATE PARK,ROCKFUN LEGENDS
4557,Thisquietarmy,2023-12-10,2023,DISSENSO LOUNGE,THISQUIETARMY
4558,Liniker,2023-12-10,2023,PARQUE VILLA-LOBOS,LINIKER
4559,Lil Durk,2023-12-10,2023,NEO QUIMICA ARENA,LIL DURK
4560,Paul McCartney,2023-12-10,2023,ALLIANZ PARQUE,PAUL MCCARTNEY
4561,Joyce Alane,2023-12-10,2023,PARQUE VILLA-LOBOS,JOYCE ALANE
4562,Finis Hominis,2023-12-10,2023,FFFRONT,FINIS HOMINIS
4563,Children of the Beast,2023-12-10,2023,BUDEGAALOKKA,CHILDREN OF THE BEAST
4565,Veigh,2023-12-10,2023,CENA 2K23,VEIGH
4566,Pato Fu,2023-12-10,2023,TEATRO FLAVIO IMPERIO,PATO FU
4567,Brisa Flow,2023-12-10,2023,CASA DE CULTURA DO BUTANTA,BRISA FLOW
4568,Mahmundi,2023-12-10,2023,BIENAL DO IBIRAPUERA,MAHMUNDI
4569,Uriah Heep,2023-12-10,2023,TOKIO MARINE HALL,URIAH HEEP
4570,Oitão,2023-12-10,2023,MANIFESTO SKATE PARK,OITAO
4571,Jé Santiago,2023-12-10,2023,NEO QUIMICA ARENA,JE SANTIAGO
4572,Rudies Flacko,2023-12-10,2023,NEO QUIMICA ARENA,RUDIES FLACKO
4573,Yunk Vino,2023-12-10,2023,NEO QUIMICA ARENA,YUNK VINO
4574,Chris Holmes,2023-12-10,2023,ALLIANZ PARQUE,CHRIS HOLMES
4575,Cemitério,2023-12-10,2023,FFFRONT,CEMITERIO
4576,Marquinhos Moura,2023-12-11,2023,ALTAS HORAS,MARQUINHOS MOURA
4577,Lucas Inutilismo,2023-12-11,2023,AUDIO,LUCAS INUTILISMO
4578,Luísa Sonza,2023-12-11,2023,ALTAS HORAS,LUISA SONZA
4579,Vanessa Jackson,2023-12-11,2023,ALTAS HORAS,VANESSA JACKSON
4580,Wanessa Camargo,2023-12-11,2023,ALTAS HORAS,WANESSA CAMARGO
4581,Samuel Rosa,2023-12-11,2023,ALTAS HORAS,SAMUEL ROSA
4582,Regis Danese,2023-12-11,2023,ALTAS HORAS,REGIS DANESE
4583,Vanessa da Mata,2023-12-11,2023,ALTAS HORAS,VANESSA DA MATA
4584,Moacyr Franco,2023-12-11,2023,ALTAS HORAS,MOACYR FRANCO
4585,José Augusto,2023-12-12,2023,ALTAS HORAS,JOSE AUGUSTO
4586,Fábio Jr.,2023-12-12,2023,ALTAS HORAS,FABIO JR.
4587,Luísa Sonza,2023-12-12,2023,GINASIO DO IBIRAPUERA,LUISA SONZA
4588,Jards Macalé,2023-12-13,2023,CASA DE FRANCISCA,JARDS MACALE
4589,Marisa Monte,2023-12-13,2023,PINACOTECA DE SAO PAULO,MARISA MONTE
4590,You Me at Six,2023-12-13,2023,CINE JOIA,YOU ME AT SIX
4591,Ego Kill Talent,2023-12-13,2023,CITY LIGHTS MUSIC HALL,EGO KILL TALENT
4592,Dead Fish,2023-12-13,2023,CINE JOIA,DEAD FISH
4593,Krisiun,2023-12-14,2023,CASA DE CULTURA DA BRASILANDIA,KRISIUN
4594,Oitão,2023-12-14,2023,CASA DE CULTURA DA BRASILANDIA,OITAO
4595,Ratos de Porão,2023-12-14,2023,SESC SANTANA,RATOS DE PORAO
4597,Luísa Sonza,2023-12-14,2023,TEATRO SERGIO CARDOSO,LUISA SONZA
4598,Tim Bernardes,2023-12-15,2023,THEATRO MUNICIPAL DE SAO PAULO,TIM BERNARDES
4599,Krisiun,2023-12-15,2023,CASA DE CULTURA CHICO SCIENCE,KRISIUN
4600,Day Limns,2023-12-15,2023,ALLIANZ PARQUE,DAY LIMNS
4601,Supercombo,2023-12-15,2023,ALLIANZ PARQUE,SUPERCOMBO
4602,Retrato,2023-12-15,2023,ASSOCIACAO CULTURAL CECILIA,RETRATO
4603,Zeca Pagodinho,2023-12-15,2023,VIBRA SAO PAULO,ZECA PAGODINHO
4604,MARO,2023-12-15,2023,BONA CASA DE MUSICA,MARO
4605,Gloria,2023-12-15,2023,ALLIANZ PARQUE,GLORIA
4606,NX Zero,2023-12-15,2023,ALLIANZ PARQUE,NX ZERO
4607,You Me at Six,2023-12-15,2023,ALLIANZ PARQUE,YOU ME AT SIX
4608,Boogarins,2023-12-15,2023,CASA ROCKAMBOLE,BOOGARINS
4609,Oitão,2023-12-15,2023,CASA DE CULTURA CHICO SCIENCE,OITAO
4611,Fafá de Belém,2023-12-16,2023,TEATRO BRADESCO,FAFA DE BELEM
4612,You Me at Six,2023-12-16,2023,ALLIANZ PARQUE,YOU ME AT SIX
4613,Supercombo,2023-12-16,2023,ALLIANZ PARQUE,SUPERCOMBO
4614,Ouse Morrer,2023-12-16,2023,ROCK TOGETHER STUDIO,OUSE MORRER
4615,Tim Bernardes,2023-12-16,2023,THEATRO MUNICIPAL DE SAO PAULO,TIM BERNARDES
4616,Siegrid Ingrid,2023-12-16,2023,PRACA HEROIS DA FORCA EXPEDICIONARIA BRASILEIRA,SIEGRID INGRID
4617,NX Zero,2023-12-16,2023,ALLIANZ PARQUE,NX ZERO
4618,No Fun at All,2023-12-16,2023,VIP STATION,NO FUN AT ALL
4620,Statues On Fire,2023-12-16,2023,VIP STATION,STATUES ON FIRE
4622,Made in Brazil,2023-12-16,2023,PRACA HEROIS DA FORCA EXPEDICIONARIA BRASILEIRA,MADE IN BRAZIL
4623,Oitão,2023-12-16,2023,PRACA HEROIS DA FORCA EXPEDICIONARIA BRASILEIRA,OITAO
4624,Rogério Skylab,2023-12-16,2023,CARIOCA CLUB,ROGERIO SKYLAB
4625,Crypta,2023-12-16,2023,CITY LIGHTS MUSIC HALL,CRYPTA
4626,Boogarins,2023-12-16,2023,CASA ROCKAMBOLE,BOOGARINS
4627,Ignite,2023-12-16,2023,VIP STATION,IGNITE
4628,Lupe de Lupe,2023-12-16,2023,BAR ALTO,LUPE DE LUPE
4629,Letrux,2023-12-16,2023,CASA NATURA MUSICAL,LETRUX
4630,Day Limns,2023-12-16,2023,ALLIANZ PARQUE,DAY LIMNS
4631,Gloria,2023-12-16,2023,ALLIANZ PARQUE,GLORIA
4632,Carol Biazin,2023-12-17,2023,AUDIO,CAROL BIAZIN
4633,Menores Atos,2023-12-17,2023,CITY LIGHTS MUSIC HALL,MENORES ATOS
4635,Amigos,2023-12-17,2023,ALLIANZ PARQUE,AMIGOS
4636,MARO,2023-12-17,2023,BONA CASA DE MUSICA,MARO
4637,Adriana Calcanhotto,2023-12-17,2023,SESC PINHEIROS,ADRIANA CALCANHOTTO
4638,Children of the Beast,2023-12-17,2023,ZN HIGHWAY,CHILDREN OF THE BEAST
4639,Jão,2023-12-18,2023,SALA SAO PAULO,JAO
4640,OUTROEU,2023-12-18,2023,UNIAO FRATERNA,OUTROEU
4641,Luiza Lian,2023-12-18,2023,UNIAO FRATERNA,LUIZA LIAN
4642,Pedro Altério,2023-12-18,2023,UNIAO FRATERNA,PEDRO ALTERIO
4643,Diogo Nogueira,2023-12-19,2023,ALTAS HORAS,DIOGO NOGUEIRA
4644,Gloria Groove,2023-12-19,2023,ALTAS HORAS,GLORIA GROOVE
4645,Zélia Duncan,2023-12-20,2023,TEATRO ARTHUR AZEVEDO,ZELIA DUNCAN
4646,Zeca Veloso,2023-12-20,2023,BONA CASA DE MUSICA,ZECA VELOSO
4647,Pedro Martins,2023-12-20,2023,BLUE NOTE SAO PAULO,PEDRO MARTINS
4648,Titãs,2023-12-21,2023,ALLIANZ PARQUE,TITAS
4649,Garotas Suecas,2023-12-21,2023,ALLIANZ PARQUE,GAROTAS SUECAS
4650,Foojammers,2023-12-21,2023,SKULL SKATE PARK,FOOJAMMERS
4651,Maurício Manieri,2023-12-22,2023,ESPACO UNIMED,MAURICIO MANIERI
4652,Vespas Mandarinas,2023-12-22,2023,LA IGLESIA BORRATXERIA,VESPAS MANDARINAS
4653,Dead Fish,2023-12-22,2023,HANGAR 110,DEAD FISH
4654,Sioux 66,2023-12-22,2023,ALLIANZ PARQUE,SIOUX 66
4655,Colomy,2023-12-22,2023,ALLIANZ PARQUE,COLOMY
4656,Titãs,2023-12-22,2023,ALLIANZ PARQUE,TITAS
4657,Applegate,2023-12-23,2023,A PORTA MALDITA,APPLEGATE
4658,Dead Fish,2023-12-23,2023,HANGAR 110,DEAD FISH
4659,Titãs,2023-12-23,2023,ALLIANZ PARQUE,TITAS
4660,Espacialrias,2023-12-23,2023,A PORTA MALDITA,ESPACIALRIAS
4661,Sioux 66,2023-12-23,2023,ALLIANZ PARQUE,SIOUX 66
4662,Colomy,2023-12-23,2023,ALLIANZ PARQUE,COLOMY
4663,Chitãozinho & Xororó,2023-12-31,2023,AVENIDA PAULISTA,CHITAOZINHO & XORORO
4664,Zezé Di Camargo,2023-12-31,2023,AVENIDA PAULISTA,ZEZE DI CAMARGO
4665,Pato Fu,2024-01-05,2024,SESC PINHEIROS,PATO FU
4666,Crazy Legs,2024-01-05,2024,SESC IPIRANGA,CRAZY LEGS
4667,Made in Brazil,2024-01-05,2024,SESC BELENZINHO,MADE IN BRAZIL
4668,Mahmundi,2024-01-06,2024,TEATRO SESC 24 DE MAIO,MAHMUNDI
4669,Pato Fu,2024-01-06,2024,SESC PINHEIROS,PATO FU
4670,Kleiton & Kledir,2024-01-06,2024,BLUE NOTE SAO PAULO,KLEITON & KLEDIR
4671,Mc Maha,2024-01-07,2024,CARIOCA CLUB,MC MAHA
4672,Grupo Fundo de Quintal,2024-01-07,2024,SESC VILA MARIANA,GRUPO FUNDO DE QUINTAL
4673,88não!,2024-01-07,2024,DEPOIS DO FIM DO MUNDO ESTUDIO,88NAO!
4674,Arrigo Barnabé,2024-01-07,2024,SESC POMPEIA,ARRIGO BARNABE
4675,Não Há Mais Volta,2024-01-07,2024,DEPOIS DO FIM DO MUNDO ESTUDIO,NAO HA MAIS VOLTA
4676,Pato Fu,2024-01-07,2024,SESC PINHEIROS,PATO FU
4677,Ana Castela,2024-01-08,2024,ALLIANZ PARQUE HALL,ANA CASTELA
4678,Tom Zé,2024-01-11,2024,CASA DE FRANCISCA,TOM ZE
4679,Orquestra Vermelha,2024-01-12,2024,SESC VILA MARIANA,ORQUESTRA VERMELHA
4680,Ratos de Porão,2024-01-12,2024,SESC POMPEIA,RATOS DE PORAO
4681,Digitalism,2024-01-12,2024,CENTRAL,DIGITALISM
4682,Antônio Neves,2024-01-12,2024,TEATRO SESC POMPEIA,ANTONIO NEVES
4683,Lexa,2024-01-12,2024,AUDIO,LEXA
4684,Ratos de Porão,2024-01-13,2024,SESC POMPEIA,RATOS DE PORAO
4685,FireWing,2024-01-14,2024,AUDIO,FIREWING
4686,Luis Mariutti,2024-01-14,2024,AUDIO,LUIS MARIUTTI
4687,Auro Control,2024-01-14,2024,AUDIO,AURO CONTROL
4688,Vocifer,2024-01-14,2024,AUDIO,VOCIFER
4690,VELMAS,2024-01-14,2024,AVENIDA PAULISTA,VELMAS
4691,Yussef Dayes,2024-01-16,2024,BLUE NOTE SAO PAULO,YUSSEF DAYES
4693,Nick Carter,2024-01-17,2024,AUDIO,NICK CARTER
4694,Yussef Dayes,2024-01-17,2024,BLUE NOTE SAO PAULO,YUSSEF DAYES
4696,Bidê ou Balde,2024-01-18,2024,CINE JOIA,BIDE OU BALDE
4697,Boom Boom Kid,2024-01-18,2024,SESC AVENIDA PAULISTA,BOOM BOOM KID
4698,Angela Ro Ro,2024-01-18,2024,SESC 14 BIS,ANGELA RO RO
4699,Allen Key,2024-01-19,2024,CARIOCA CLUB,ALLEN KEY
4700,Carro Bomba,2024-01-19,2024,CAFE PIU PIU,CARRO BOMBA
4701,Far from Alaska,2024-01-19,2024,SESC POMPEIA,FAR FROM ALASKA
4702,Apocalyptica,2024-01-19,2024,CARIOCA CLUB,APOCALYPTICA
4703,Pabllo Vittar,2024-01-19,2024,VIBRA SAO PAULO,PABLLO VITTAR
4704,Sinistra,2024-01-19,2024,CAFE PIU PIU,SINISTRA
4705,Crypta,2024-01-19,2024,SESC BOM RETIRO,CRYPTA
4706,The Beast Experience,2024-01-20,2024,MANIFESTO BAR,THE BEAST EXPERIENCE
4707,Black Pantera,2024-01-20,2024,SESC SANTO AMARO,BLACK PANTERA
4708,Foojammers,2024-01-20,2024,CARDEAL PUB,FOOJAMMERS
4709,Nameless Gods,2024-01-20,2024,CENTRO CULTURAL DA JUVENTUDE RUTH CARDOSO,NAMELESS GODS
4710,Selvageria,2024-01-20,2024,HELLRAISER ROCK BAR,SELVAGERIA
4711,Jão,2024-01-20,2024,ALLIANZ PARQUE,JAO
4712,Maglore,2024-01-20,2024,SESC BOM RETIRO,MAGLORE
4713,As Mercenárias,2024-01-20,2024,PORTA,AS MERCENARIAS
4714,BURNOUT SYNDROMES,2024-01-20,2024,ESPACO HAKKA,BURNOUT SYNDROMES
4715,Coralinne,2024-01-21,2024,AVENIDA PAULISTA,CORALINNE
4716,Janaína Bianchi,2024-01-21,2024,ESPACO HAKKA,JANAINA BIANCHI
4717,Supercombo,2024-01-21,2024,CASA ROCKAMBOLE,SUPERCOMBO
4718,Maglore,2024-01-21,2024,SESC BOM RETIRO,MAGLORE
4719,Granada,2024-01-21,2024,HANGAR 110,GRANADA
4720,Jão,2024-01-21,2024,ALLIANZ PARQUE,JAO
4722,Asfixia Social,2024-01-21,2024,FESTIVAL SABOTAGE VIVE,ASFIXIA SOCIAL
4723,BURNOUT SYNDROMES,2024-01-21,2024,ESPACO HAKKA,BURNOUT SYNDROMES
4724,Eskröta,2024-01-21,2024,FESTIVAL SABOTAGE VIVE,ESKROTA
4725,Larissa Tassi,2024-01-21,2024,ESPACO HAKKA,LARISSA TASSI
4726,Ricardo Cruz,2024-01-21,2024,ESPACO HAKKA,RICARDO CRUZ
4727,Black Pantera,2024-01-21,2024,FESTIVAL SABOTAGE VIVE,BLACK PANTERA
4728,Mateus Fazeno Rock,2024-01-22,2024,SESC CARMO,MATEUS FAZENO ROCK
4729,Gard Nilssen’s Supersonic Orchestra,2024-01-23,2024,SESC BELENZINHO,GARD NILSSEN'S SUPERSONIC ORCHESTRA
4730,Mette Rasmussen,2024-01-23,2024,SESC BELENZINHO,METTE RASMUSSEN
4732,Flageladör,2024-01-24,2024,THE METAL BAR,FLAGELADOR
4733,Ingebrigt Håker Flaten,2024-01-24,2024,SESC BELENZINHO,INGEBRIGT HAKER FLATEN
4734,Children of the Beast,2024-01-24,2024,CAFE PIU PIU,CHILDREN OF THE BEAST
4735,Os Paralamas do Sucesso,2024-01-24,2024,CLUBE ATLETICO JUVENTUS,OS PARALAMAS DO SUCESSO
4736,Gard Nilssen’s Supersonic Orchestra,2024-01-24,2024,SESC BELENZINHO,GARD NILSSEN'S SUPERSONIC ORCHESTRA
4737,Feminine HiFi,2024-01-24,2024,AUDIO,FEMININE HIFI
4738,BRAZA,2024-01-24,2024,AUDIO,BRAZA
4740,MC Tha,2024-01-25,2024,CENTRO DE FORMACAO CULTURAL CIDADE TIRADENTES,MC THA
4741,Catto,2024-01-25,2024,SESC PINHEIROS,CATTO
4742,Dead Fish,2024-01-25,2024,CENTRO CULTURAL TENDAL DA LAPA,DEAD FISH
4743,Anitta,2024-01-25,2024,MEMORIAL DA AMERICA LATINA,ANITTA
4744,WIU,2024-01-25,2024,MEMORIAL DA AMERICA LATINA,WIU
4745,Manu,2024-01-25,2024,MEMORIAL DA AMERICA LATINA,MANU
4746,Teto,2024-01-25,2024,MEMORIAL DA AMERICA LATINA,TETO
4747,Crypta,2024-01-25,2024,CASA DE CULTURA DO BUTANTA,CRYPTA
4748,Thiago Pantaleão,2024-01-25,2024,SONORA GARDEN,THIAGO PANTALEAO
4749,Claudia Leitte,2024-01-25,2024,MEMORIAL DA AMERICA LATINA,CLAUDIA LEITTE
4750,Foojammers,2024-01-25,2024,SKULL SKATE PARK,FOOJAMMERS
4751,Urias,2024-01-25,2024,SONORA GARDEN,URIAS
4752,Luísa Sonza,2024-01-25,2024,MEMORIAL DA AMERICA LATINA,LUISA SONZA
4753,lōtico,2024-01-25,2024,CITY LIGHTS MUSIC HALL,LOTICO
4754,Baby do Brasil,2024-01-25,2024,AVENIDA SAO JOAO,BABY DO BRASIL
4755,POCAH,2024-01-25,2024,SONORA GARDEN,POCAH
4756,The Varukers,2024-01-26,2024,SESC BELENZINHO,THE VARUKERS
4757,Marcão Britto & Thiago Castanho Charlie Brown Jr.,2024-01-26,2024,CLUBE ATLETICO JUVENTUS,MARCAO BRITTO & THIAGO CASTANHO CHARLIE BROWN JR.
4758,Baco Exu do Blues,2024-01-26,2024,ESPACO UNIMED,BACO EXU DO BLUES
4759,Asfixia Social,2024-01-26,2024,SESC BELENZINHO,ASFIXIA SOCIAL
4760,Dead Fish,2024-01-26,2024,CENTRO CULTURAL TENDAL DA LAPA,DEAD FISH
4761,Gustthavo,2024-01-26,2024,CASA DE SHOW ESPECIFICA,GUSTTHAVO
4762,Trio Mocotó,2024-01-26,2024,SESC POMPEIA,TRIO MOCOTO
4763,Fatboy Slim,2024-01-26,2024,PRACA PEDRO LESSA,FATBOY SLIM
4764,Marcelo Falcão,2024-01-26,2024,CLUBE ATLETICO JUVENTUS,MARCELO FALCAO
4765,Dexter,2024-01-27,2024,VALE DO ANHANGABAU,DEXTER
4766,Rappin’ Hood,2024-01-27,2024,VALE DO ANHANGABAU,RAPPIN' HOOD
4767,Monobloco,2024-01-27,2024,ALLIANZ PARQUE,MONOBLOCO
4768,Thaíde,2024-01-27,2024,VALE DO ANHANGABAU,THAIDE
4769,Underoath,2024-01-27,2024,VIP STATION,UNDEROATH
4770,Gloria,2024-01-27,2024,VIP STATION,GLORIA
4771,Tasha & Tracie,2024-01-27,2024,VALE DO ANHANGABAU,TASHA & TRACIE
4772,Di Função,2024-01-27,2024,VALE DO ANHANGABAU,DI FUNCAO
4773,Doce Encontro,2024-01-27,2024,VALE DO ANHANGABAU,DOCE ENCONTRO
4774,Racionais MC’s,2024-01-27,2024,VALE DO ANHANGABAU,RACIONAIS MC'S
4775,Jup do Bairro,2024-01-27,2024,CENTRO CULTURAL DA DIVERSIDADE,JUP DO BAIRRO
4776,Trio Mocotó,2024-01-27,2024,SESC POMPEIA,TRIO MOCOTO
4777,Banda Eva,2024-01-27,2024,ALLIANZ PARQUE,BANDA EVA
4778,Daniela Mercury,2024-01-27,2024,ALLIANZ PARQUE,DANIELA MERCURY
4779,Maiara & Maraisa,2024-01-27,2024,ALLIANZ PARQUE,MAIARA & MARAISA
4780,Autoramas,2024-01-27,2024,SESC BELENZINHO,AUTORAMAS
4781,Johnny Hooker,2024-01-27,2024,CASA NATURA MUSICAL,JOHNNY HOOKER
4782,Ms Nina,2024-01-27,2024,CINECLUBE CORTINA,MS NINA
4783,Eduardo Falaschi,2024-01-27,2024,TOKIO MARINE HALL,EDUARDO FALASCHI
4784,Garotos Podres,2024-01-27,2024,CENTRO CULTURAL TENDAL DA LAPA,GAROTOS PODRES
4785,Joelma,2024-01-27,2024,ALLIANZ PARQUE,JOELMA
4786,Gloria Groove,2024-01-27,2024,ALLIANZ PARQUE,GLORIA GROOVE
4787,Companhia do Calypso,2024-01-27,2024,CENTRO DE TRADICOES NORDESTINAS,COMPANHIA DO CALYPSO
4788,Yamandu Costa,2024-01-28,2024,SESC VILA MARIANA,YAMANDU COSTA
4789,Boca Livre,2024-01-28,2024,SESC PINHEIROS,BOCA LIVRE
4790,UELO,2024-01-28,2024,CINE JOIA,UELO
4791,Pabllo Vittar,2024-01-28,2024,SONORA GARDEN,PABLLO VITTAR
4792,Hibalta,2024-01-28,2024,CINE JOIA,HIBALTA
4793,Zimbra,2024-01-28,2024,CINE JOIA,ZIMBRA
4794,António Zambujo,2024-01-28,2024,SESC VILA MARIANA,ANTONIO ZAMBUJO
4795,Chrystian,2024-01-29,2024,TEATRO BRADESCO,CHRYSTIAN
4796,Hurtmold,2024-01-30,2024,SESC CONSOLACAO,HURTMOLD
4797,Velvet Chains,2024-01-31,2024,ESPACO UNIMED,VELVET CHAINS
4798,Slash featuring Myles Kennedy and the Conspirators,2024-01-31,2024,ESPACO UNIMED,SLASH FEATURING MYLES KENNEDY AND THE CONSPIRATORS
4799,Bazuros,2024-01-31,2024,BAR ALTO,BAZUROS
4800,Manu Chao,2024-02-01,2024,CINE JOIA,MANU CHAO
4801,Buchecha,2024-02-02,2024,SESC POMPEIA,BUCHECHA
4802,Beto Guedes,2024-02-03,2024,TOKIO MARINE HALL,BETO GUEDES
4803,Lô Borges,2024-02-03,2024,TOKIO MARINE HALL,LO BORGES
4804,lōtico,2024-02-03,2024,FFFRONT,LOTICO
4805,Foojammers,2024-02-03,2024,FESTA TARGET SISTEMAS,FOOJAMMERS
4806,Children of the Beast,2024-02-03,2024,ZN HIGHWAY,CHILDREN OF THE BEAST
4807,ballburya,2024-02-03,2024,A PORTA MALDITA,BALLBURYA
4808,Zumbis do Espaço,2024-02-03,2024,LA IGLESIA BORRATXERIA,ZUMBIS DO ESPACO
4809,Manu Chao,2024-02-03,2024,CINE JOIA,MANU CHAO
4810,Flávio Venturini,2024-02-03,2024,TOKIO MARINE HALL,FLAVIO VENTURINI
4811,Lulu Santos,2024-02-03,2024,CLUBE ATLETICO JUVENTUS,LULU SANTOS
4812,Hevo 84,2024-02-03,2024,JAI CLUB,HEVO 84
4813,Boogarins,2024-02-03,2024,SESC VILA MARIANA,BOOGARINS
4814,Halleck,2024-02-03,2024,DEPOIS DO FIM DO MUNDO ESTUDIO,HALLECK
4815,Rodrigo Ogi,2024-02-03,2024,SESC SANTANA,RODRIGO OGI
4816,Roland Grapow,2024-02-03,2024,SESC BELENZINHO,ROLAND GRAPOW
4817,Anitta,2024-02-04,2024,MEMORIAL DA AMERICA LATINA,ANITTA
4818,Veigh,2024-02-04,2024,MEMORIAL DA AMERICA LATINA,VEIGH
4819,João Gomes,2024-02-04,2024,MEMORIAL DA AMERICA LATINA,JOAO GOMES
4820,Karnak,2024-02-04,2024,TEATRO SESC 24 DE MAIO,KARNAK
4821,Xand Avião,2024-02-04,2024,MEMORIAL DA AMERICA LATINA,XAND AVIAO
4822,DENNIS,2024-02-04,2024,MEMORIAL DA AMERICA LATINA,DENNIS
4823,Boogarins,2024-02-04,2024,SESC VILA MARIANA,BOOGARINS
4824,Manu Chao,2024-02-06,2024,CINE JOIA,MANU CHAO
4825,TWICE,2024-02-06,2024,ALLIANZ PARQUE,TWICE
4826,GIRLSET,2024-02-06,2024,ALLIANZ PARQUE,GIRLSET
4827,GIRLSET,2024-02-07,2024,ALLIANZ PARQUE,GIRLSET
4828,TWICE,2024-02-07,2024,ALLIANZ PARQUE,TWICE
4829,Juliana Perdigão,2024-02-08,2024,SESC PINHEIROS,JULIANA PERDIGAO
4830,Ana Frango Elétrico,2024-02-09,2024,SESC IPIRANGA,ANA FRANGO ELETRICO
4831,Funk Como Le Gusta,2024-02-09,2024,CENTRO CULTURAL SAO PAULO,FUNK COMO LE GUSTA
4832,Patife Band,2024-02-09,2024,SESC BELENZINHO,PATIFE BAND
4833,Roots – Sepultura Tributo,2024-02-09,2024,A CASA DO ROCK,ROOTS - SEPULTURA TRIBUTO
4834,Rogério Skylab,2024-02-09,2024,CARIOCA CLUB,ROGERIO SKYLAB
4835,Roots – Sepultura Tributo,2024-02-10,2024,MOTOCLUBE REBELIAO DO BANDO,ROOTS - SEPULTURA TRIBUTO
4836,Gloria Groove,2024-02-10,2024,PARQUE DO IBIRAPUERA,GLORIA GROOVE
4837,OMEGA X,2024-02-10,2024,VIP STATION,OMEGA X
4838,Banda Uó,2024-02-10,2024,PARQUE DO IBIRAPUERA,BANDA UO
4839,Gretchen,2024-02-10,2024,PARQUE DO IBIRAPUERA,GRETCHEN
4840,Exxocet,2024-02-10,2024,MALTA ROCK BAR,EXXOCET
4841,Ana Frango Elétrico,2024-02-10,2024,SESC IPIRANGA,ANA FRANGO ELETRICO
4842,Lia Clark,2024-02-10,2024,PRACA DA REPUBLICA,LIA CLARK
4843,Skin Culture,2024-02-10,2024,CRASH CHURCH UNDERGROUND MINISTRY,SKIN CULTURE
4844,TRAITRS,2024-02-10,2024,MADAME CLUB,TRAITRS
4845,Plastique Noir,2024-02-10,2024,MADAME CLUB,PLASTIQUE NOIR
4846,Potochkine,2024-02-10,2024,MADAME CLUB,POTOCHKINE
4847,Urias,2024-02-11,2024,PARQUE DO IBIRAPUERA,URIAS
4848,Lia Clark,2024-02-11,2024,PARQUE DO IBIRAPUERA,LIA CLARK
4849,Exhorder,2024-02-11,2024,CARIOCA CLUB,EXHORDER
4850,Santa Muerte,2024-02-11,2024,CARIOCA CLUB,SANTA MUERTE
4851,Pabllo Vittar,2024-02-11,2024,PARQUE DO IBIRAPUERA,PABLLO VITTAR
4852,IZA,2024-02-11,2024,RUA LAGUNA,IZA
4853,Cerberus Attack,2024-02-11,2024,CARIOCA CLUB,CERBERUS ATTACK
4854,LUDMILLA,2024-02-11,2024,CENTRO ESPORTIVO E DE LAZER TIETE,LUDMILLA
4855,Ratos de Porão,2024-02-11,2024,CARIOCA CLUB,RATOS DE PORAO
4856,Escalpo,2024-02-11,2024,CARIOCA CLUB,ESCALPO
4857,Damn Youth,2024-02-11,2024,CARIOCA CLUB,DAMN YOUTH
4858,Vio‐lence,2024-02-11,2024,CARIOCA CLUB,VIO-LENCE
4859,Bazuros,2024-02-12,2024,ASSOCIACAO CULTURAL CECILIA,BAZUROS
4860,Anitta,2024-02-12,2024,CENTRO ESPORTIVO E DE LAZER TIETE,ANITTA
4861,Banda Eva,2024-02-12,2024,CENTRO ESPORTIVO E DE LAZER TIETE,BANDA EVA
4862,PEDRO SAMPAIO,2024-02-12,2024,CENTRO ESPORTIVO E DE LAZER TIETE,PEDRO SAMPAIO
4863,POCAH,2024-02-13,2024,AVENIDA MARQUES DE SAO VICENTE,POCAH
4864,Vivi,2024-02-13,2024,AVENIDA MARQUES DE SAO VICENTE,VIVI
4865,POCAH,2024-02-13,2024,AUDIO,POCAH
4866,Bibi Babydoll,2024-02-13,2024,AVENIDA MARQUES DE SAO VICENTE,BIBI BABYDOLL
4867,Mc Mari,2024-02-13,2024,AVENIDA MARQUES DE SAO VICENTE,MC MARI
4868,MC Soffia,2024-02-13,2024,AVENIDA MARQUES DE SAO VICENTE,MC SOFFIA
4869,Angvstia,2024-02-14,2024,FFFRONT,ANGVSTIA
4870,Não Há Mais Volta,2024-02-14,2024,FFFRONT,NAO HA MAIS VOLTA
4871,Public Serpents,2024-02-14,2024,FFFRONT,PUBLIC SERPENTS
4872,Tom Zé,2024-02-15,2024,CASA DE FRANCISCA,TOM ZE
4873,Exxocet,2024-02-15,2024,MANIFESTO BAR,EXXOCET
4874,Ratos de Porão,2024-02-15,2024,LA IGLESIA BORRATXERIA,RATOS DE PORAO
4875,Mustang 73,2024-02-15,2024,ST PAUL'S PUB,MUSTANG 73
4876,BIKE,2024-02-16,2024,SESC BELENZINHO,BIKE
4877,Molho Negro,2024-02-16,2024,CASA ROCKAMBOLE,MOLHO NEGRO
4878,Azymuth,2024-02-16,2024,BLUE NOTE SAO PAULO,AZYMUTH
4879,FBC,2024-02-16,2024,CASA NATURA MUSICAL,FBC
4880,Tropical Nada,2024-02-16,2024,CASA ROCKAMBOLE,TROPICAL NADA
4881,Dead Fish,2024-02-16,2024,SESC BELENZINHO,DEAD FISH
4882,Manger Cadavre?,2024-02-17,2024,FFFRONT,MANGER CADAVRE?
4883,Innabrain,2024-02-17,2024,ESPACO FIM DA RUA,INNABRAIN
4884,InRaza,2024-02-17,2024,JAI CLUB,INRAZA
4885,BaianaSystem,2024-02-17,2024,PARQUE DO IBIRAPUERA,BAIANASYSTEM
4886,Mato Seco,2024-02-17,2024,AUTODROMO DE INTERLAGOS,MATO SECO
4887,Sangue de Bode,2024-02-17,2024,FFFRONT,SANGUE DE BODE
4888,Eutenia,2024-02-17,2024,JAI CLUB,EUTENIA
4889,Dead Fish,2024-02-17,2024,SESC BELENZINHO,DEAD FISH
4890,Fausto Fawcett,2024-02-17,2024,SESC AVENIDA PAULISTA,FAUSTO FAWCETT
4891,Urias,2024-02-17,2024,BLOCO DA BATEKOO,URIAS
4892,Emphuria,2024-02-17,2024,JAI CLUB,EMPHURIA
4893,IC3PEAK,2024-02-18,2024,FABRIQUE CLUB,IC3PEAK
4894,Bloco do Sargento Pimenta,2024-02-18,2024,PRACA DA REPUBLICA,BLOCO DO SARGENTO PIMENTA
4895,The Ghost Inside,2024-02-18,2024,VIP STATION,THE GHOST INSIDE
4896,Daniela Mercury,2024-02-18,2024,RUA DA CONSOLACAO,DANIELA MERCURY
4897,PEDRO SAMPAIO,2024-02-18,2024,PARQUE DO IBIRAPUERA,PEDRO SAMPAIO
4898,Mustang 73,2024-02-18,2024,A SETIMA TABERNA,MUSTANG 73
4899,Marcela Lucatelli,2024-02-19,2024,GARAGEM BELEZA,MARCELA LUCATELLI
4900,Men at Work,2024-02-21,2024,VIBRA SAO PAULO,MEN AT WORK
4901,Motorama,2024-02-22,2024,FABRIQUE CLUB,MOTORAMA
4902,Coralinne,2024-02-22,2024,ST PAUL'S PUB,CORALINNE
4903,Bufo Borealis,2024-02-22,2024,BIBLIOTECA MUNICIPAL MARIO DE ANDRADE,BUFO BOREALIS
4904,Lúcio Maia,2024-02-22,2024,PICLES CARDEAL,LUCIO MAIA
4905,Tati Quebra Barraco,2024-02-22,2024,CENTRO CULTURAL SAO PAULO,TATI QUEBRA BARRACO
4906,Alzira E + Corte,2024-02-22,2024,SESC POMPEIA,ALZIRA E + CORTE
4907,Angela Ro Ro,2024-02-22,2024,SESC 14 BIS,ANGELA RO RO
4908,Julio Secchin,2024-02-23,2024,CASA NATURA MUSICAL,JULIO SECCHIN
4909,Josyara,2024-02-23,2024,SESC AVENIDA PAULISTA,JOSYARA
4910,Alzira E + Corte,2024-02-23,2024,SESC POMPEIA,ALZIRA E + CORTE
4911,Comeback Kid,2024-02-24,2024,HANGAR 110,COMEBACK KID
4912,Cemitério,2024-02-24,2024,CENTRO CULTURAL DA JUVENTUDE RUTH CARDOSO,CEMITERIO
4913,Bala Desejo,2024-02-24,2024,AUDIO,BALA DESEJO
4914,Ratas Rabiosas,2024-02-24,2024,CENTRO CULTURAL DA JUVENTUDE RUTH CARDOSO,RATAS RABIOSAS
4915,D.F.C.,2024-02-24,2024,CENTRO CULTURAL DA JUVENTUDE RUTH CARDOSO,D.F.C.
4916,Anyma,2024-02-24,2024,AUTODROMO DE INTERLAGOS,ANYMA
4918,lōtico,2024-02-24,2024,ESTUDIO PAPRICA,LOTICO
4919,Dean Z,2024-02-24,2024,TOKIO MARINE HALL,DEAN Z
4920,Cátia de França,2024-02-24,2024,SESC BOM RETIRO,CATIA DE FRANCA
4921,Danilo Cutrim,2024-02-25,2024,BONA CASA DE MUSICA,DANILO CUTRIM
4922,The Mönic,2024-02-25,2024,TARANTINO CERVEJARIA,THE MONIC
4924,Test,2024-02-25,2024,FABRIQUE CLUB,TEST
4925,Eskröta,2024-02-25,2024,TARANTINO CERVEJARIA,ESKROTA
4927,Black Pantera,2024-02-25,2024,TARANTINO CERVEJARIA,BLACK PANTERA
4928,DEAFKIDS,2024-02-25,2024,FABRIQUE CLUB,DEAFKIDS
4929,Hateen,2024-02-25,2024,TARANTINO CERVEJARIA,HATEEN
4930,Paura,2024-02-25,2024,TARANTINO CERVEJARIA,PAURA
4931,Lightning Bolt,2024-02-25,2024,FABRIQUE CLUB,LIGHTNING BOLT
4932,Punho de Mahin,2024-02-25,2024,TARANTINO CERVEJARIA,PUNHO DE MAHIN
4933,Zeca Baleiro,2024-02-25,2024,SESC ITAQUERA,ZECA BALEIRO
4934,Jup do Bairro + Mu540,2024-02-27,2024,CENTRO CULTURAL SAO PAULO,JUP DO BAIRRO + MU540
4935,Fat Family,2024-02-28,2024,CENTRO CULTURAL SAO PAULO,FAT FAMILY
4936,Rotting Christ,2024-02-29,2024,CARIOCA CLUB,ROTTING CHRIST
4937,Di Melo,2024-02-29,2024,MUNDO PENSANTE,DI MELO
4938,Ava Rocha,2024-02-29,2024,SESC POMPEIA,AVA ROCHA
4939,Patife Band,2024-02-29,2024,PICLES CARDEAL,PATIFE BAND
4940,Odradek,2024-02-29,2024,PICLES CARDEAL,ODRADEK
4941,Zé Ramalho,2024-03-01,2024,ESPACO UNIMED,ZE RAMALHO
4942,Lamparina,2024-03-01,2024,AUDIO,LAMPARINA
4943,Clarice Falcão,2024-03-01,2024,CASA NATURA MUSICAL,CLARICE FALCAO
4944,Simple Plan,2024-03-01,2024,VIBRA SAO PAULO,SIMPLE PLAN
4945,Fin del Mundo,2024-03-01,2024,SESC AVENIDA PAULISTA,FIN DEL MUNDO
4946,Catto,2024-03-01,2024,BONA CASA DE MUSICA,CATTO
4947,Juçara Marçal,2024-03-01,2024,SESC VILA MARIANA,JUCARA MARCAL
4948,NX Zero,2024-03-01,2024,VIBRA SAO PAULO,NX ZERO
4949,The Used,2024-03-02,2024,ALLIANZ PARQUE,THE USED
4950,King Krule,2024-03-02,2024,TERRA SP,KING KRULE
4951,Guerreiros Headbangers,2024-03-02,2024,HANGAR 110,GUERREIROS HEADBANGERS
4952,Guerrinha,2024-03-02,2024,TERRA SP,GUERRINHA
4953,A Day to Remember,2024-03-02,2024,ALLIANZ PARQUE,A DAY TO REMEMBER
4954,Mayday Parade,2024-03-02,2024,ALLIANZ PARQUE,MAYDAY PARADE
4955,Simple Plan,2024-03-02,2024,ALLIANZ PARQUE,SIMPLE PLAN
4956,Mateus Aleluia,2024-03-02,2024,CASA NATURA MUSICAL,MATEUS ALELUIA
4957,All Time Low,2024-03-02,2024,ALLIANZ PARQUE,ALL TIME LOW
4958,The All‐American Rejects,2024-03-02,2024,ALLIANZ PARQUE,THE ALL-AMERICAN REJECTS
4959,Asking Alexandria,2024-03-02,2024,ALLIANZ PARQUE,ASKING ALEXANDRIA
4960,Laura Pausini,2024-03-02,2024,ESPACO UNIMED,LAURA PAUSINI
4961,Eddie,2024-03-02,2024,SESC POMPEIA,EDDIE
4962,NX Zero,2024-03-02,2024,ALLIANZ PARQUE,NX ZERO
4963,Boys Like Girls,2024-03-02,2024,ALLIANZ PARQUE,BOYS LIKE GIRLS
4964,Plain White T’s,2024-03-02,2024,ALLIANZ PARQUE,PLAIN WHITE T'S
4965,Fresno,2024-03-02,2024,ALLIANZ PARQUE,FRESNO
4966,Armadilha,2024-03-02,2024,HANGAR 110,ARMADILHA
4967,Selvageria,2024-03-02,2024,HANGAR 110,SELVAGERIA
4968,Pitty,2024-03-02,2024,ALLIANZ PARQUE,PITTY
4969,Laura Pausini,2024-03-03,2024,ESPACO UNIMED,LAURA PAUSINI
4970,Florcadaver,2024-03-05,2024,AUDIO,FLORCADAVER
4971,BamBam,2024-03-05,2024,VIBRA SAO PAULO,BAMBAM
4972,The Biggs,2024-03-05,2024,AUDIO,THE BIGGS
4973,Bikini Kill,2024-03-05,2024,AUDIO,BIKINI KILL
4974,Bertha Lutz,2024-03-05,2024,AUDIO,BERTHA LUTZ
4975,Guilherme Arantes,2024-03-06,2024,TEATRO SESC POMPEIA,GUILHERME ARANTES
4976,Guilherme Arantes,2024-03-07,2024,TEATRO SESC POMPEIA,GUILHERME ARANTES
4977,Bruno Berle,2024-03-07,2024,BONA CASA DE MUSICA,BRUNO BERLE
4978,Allen Key,2024-03-08,2024,TOKIO MARINE HALL,ALLEN KEY
4979,Marko Hietala,2024-03-08,2024,TOKIO MARINE HALL,MARKO HIETALA
4980,Letrux,2024-03-08,2024,SESC BELENZINHO,LETRUX
4981,Ego Kill Talent,2024-03-08,2024,SESC BELENZINHO,EGO KILL TALENT
4982,Guilherme Arantes,2024-03-08,2024,TEATRO SESC POMPEIA,GUILHERME ARANTES
4983,Neverland,2024-03-08,2024,ALLIANZ PARQUE,NEVERLAND
4984,Alcione,2024-03-08,2024,ESPACO UNIMED,ALCIONE
4985,Brant Bjork Trio,2024-03-08,2024,CASA AUREA,BRANT BJORK TRIO
4986,Tatá Aeroplano,2024-03-08,2024,CASA ROCKAMBOLE,TATA AEROPLANO
4987,Joelma,2024-03-08,2024,VIBRA SAO PAULO,JOELMA
4988,Luiza Lian,2024-03-08,2024,SESC PINHEIROS,LUIZA LIAN
4989,Po,2024-03-08,2024,ALLIANZ PARQUE,PO
4990,Tarja,2024-03-08,2024,TOKIO MARINE HALL,TARJA
4991,Tuatha de Danann,2024-03-09,2024,SESC BELENZINHO,TUATHA DE DANANN
4992,The Beast Experience,2024-03-09,2024,MANIFESTO BAR,THE BEAST EXPERIENCE
4993,Statues On Fire,2024-03-09,2024,HANGAR 110,STATUES ON FIRE
4994,Catto,2024-03-09,2024,SESC 14 BIS,CATTO
4995,Paula Toller,2024-03-09,2024,VIBRA SAO PAULO,PAULA TOLLER
4996,Garage Fuzz,2024-03-09,2024,HANGAR 110,GARAGE FUZZ
4997,Arrigo Barnabé,2024-03-09,2024,CASA DE FRANCISCA,ARRIGO BARNABE
4998,Bayside Kings,2024-03-09,2024,HANGAR 110,BAYSIDE KINGS
4999,Fin del Mundo,2024-03-09,2024,BAR ALTO,FIN DEL MUNDO
5000,Ney Matogrosso,2024-03-09,2024,TOKIO MARINE HALL,NEY MATOGROSSO
5001,Maria Bethânia,2024-03-09,2024,ESPACO UNIMED,MARIA BETHANIA
5002,APNEA,2024-03-09,2024,HANGAR 110,APNEA
5003,Children of the Beast,2024-03-10,2024,ST. PATRICK IRISH PUB TATUAPE,CHILDREN OF THE BEAST
5004,Maria Bethânia,2024-03-10,2024,ESPACO UNIMED,MARIA BETHANIA
5005,Carne Doce,2024-03-10,2024,SESC VILA MARIANA,CARNE DOCE
5006,Smoky Mary,2024-03-10,2024,AVENIDA PAULISTA,SMOKY MARY
5007,Luedji Luna,2024-03-10,2024,CLUBE ESPERIA,LUEDJI LUNA
5008,O Grilo,2024-03-11,2024,TEATRO MARS,O GRILO
5009,Marcelo Tofani,2024-03-11,2024,TEATRO MARS,MARCELO TOFANI
5010,Bikini Kill,2024-03-14,2024,AUDIO,BIKINI KILL
5011,As Mercenárias,2024-03-14,2024,AUDIO,AS MERCENARIAS
5012,Weedra,2024-03-14,2024,AUDIO,WEEDRA
5013,Varanda,2024-03-14,2024,PICLES CARDEAL,VARANDA
5014,Punho de Mahin,2024-03-14,2024,AUDIO,PUNHO DE MAHIN
5015,Isabella Taviani,2024-03-14,2024,CASA NATURA MUSICAL,ISABELLA TAVIANI
5016,Moreno Veloso,2024-03-15,2024,ITAU CULTURAL,MORENO VELOSO
5017,Jota.pê,2024-03-15,2024,CASA NATURA MUSICAL,JOTA.PE
5018,Nomade Orquestra,2024-03-15,2024,CASA DE FRANCISCA,NOMADE ORQUESTRA
5019,Maglore,2024-03-15,2024,CINE JOIA,MAGLORE
5020,Foojammers,2024-03-15,2024,PRESLEY PUB,FOOJAMMERS
5021,Vazio,2024-03-15,2024,SESC BELENZINHO,VAZIO
5022,Jorge Aragão,2024-03-15,2024,VILA DO SAMBA,JORGE ARAGAO
5023,Luis Mariutti,2024-03-16,2024,LA IGLESIA BORRATXERIA,LUIS MARIUTTI
5024,Giallos,2024-03-16,2024,ASSOCIACAO CULTURAL CECILIA,GIALLOS
5025,Krisiun,2024-03-16,2024,SESC AVENIDA PAULISTA,KRISIUN
5026,Aliados,2024-03-16,2024,FABRIQUE CLUB,ALIADOS
5027,Angel Du$t,2024-03-16,2024,JAI CLUB,ANGEL DU$T
5028,Roots – Sepultura Tributo,2024-03-16,2024,NOSSO BAR,ROOTS - SEPULTURA TRIBUTO
5029,Lebanon Hanover,2024-03-16,2024,CARIOCA CLUB,LEBANON HANOVER
5030,Thiago Bianchi,2024-03-16,2024,LA IGLESIA BORRATXERIA,THIAGO BIANCHI
5031,Crizin da Z.O.,2024-03-16,2024,ASSOCIACAO CULTURAL CECILIA,CRIZIN DA Z.O.
5032,Helio Flanders,2024-03-16,2024,SESC BELENZINHO,HELIO FLANDERS
5033,Kaya Conky,2024-03-16,2024,VIP STATION,KAYA CONKY
5034,No Warning,2024-03-16,2024,JAI CLUB,NO WARNING
5035,Amaro Freitas & Zé Manoel,2024-03-16,2024,SESC 14 BIS,AMARO FREITAS & ZE MANOEL
5036,Biter,2024-03-16,2024,HELLRAISER ROCK BAR,BITER
5037,Sweet Danger,2024-03-16,2024,HELLRAISER ROCK BAR,SWEET DANGER
5038,Pretty Boy Floyd,2024-03-17,2024,CARIOCA CLUB,PRETTY BOY FLOYD
5039,Laboratori,2024-03-17,2024,CASA DE CULTURA CAMPO LIMPO,LABORATORI
5040,Stevie Rachelle,2024-03-17,2024,CARIOCA CLUB,STEVIE RACHELLE
5041,Goaten,2024-03-17,2024,CARIOCA CLUB,GOATEN
5042,2Z,2024-03-17,2024,VIP STATION,2Z
5043,Crazy Lixx,2024-03-17,2024,CARIOCA CLUB,CRAZY LIXX
5044,Anelis Assumpção,2024-03-17,2024,SESC PINHEIROS,ANELIS ASSUMPCAO
5045,Placebo,2024-03-17,2024,ESPACO UNIMED,PLACEBO
5046,Big Special,2024-03-17,2024,ESPACO UNIMED,BIG SPECIAL
5047,Luísa Sonza,2024-03-17,2024,PARQUE BURLE MARX,LUISA SONZA
5048,Don L,2024-03-17,2024,CASA NATURA MUSICAL,DON L
5050,Bufo Borealis,2024-03-19,2024,BLUE NOTE SAO PAULO,BUFO BOREALIS
5051,Catto,2024-03-19,2024,CENTRO CULTURAL SAO PAULO,CATTO
5052,FLETCHER,2024-03-20,2024,CINE JOIA,FLETCHER
5053,FM,2024-03-20,2024,MANIFESTO BAR,FM
5054,O Inimigo,2024-03-20,2024,PORTA,O INIMIGO
5055,Day Limns,2024-03-20,2024,CINE JOIA,DAY LIMNS
5056,Kamaal Williams,2024-03-20,2024,CASA NATURA MUSICAL,KAMAAL WILLIAMS
5057,THE DRIVER ERA,2024-03-21,2024,CINE JOIA,THE DRIVER ERA
5058,RADWIMPS,2024-03-21,2024,TERRA SP,RADWIMPS
5059,terraplana,2024-03-21,2024,SESC POMPEIA,TERRAPLANA
5060,Bloody Nightmare,2024-03-21,2024,HELLRAISER ROCK BAR,BLOODY NIGHTMARE
5061,Mark Hoppus,2024-03-21,2024,HOTEL ROSEWOOD,MARK HOPPUS
5062,Tuyo,2024-03-21,2024,ITAU CULTURAL,TUYO
5063,Zé Ibarra,2024-03-21,2024,BLUE NOTE SAO PAULO,ZE IBARRA
5064,Negra Li,2024-03-21,2024,CENTRO CULTURAL SAO PAULO,NEGRA LI
5065,Vingança Suprema,2024-03-21,2024,HELLRAISER ROCK BAR,VINGANCA SUPREMA
5066,blink‐182,2024-03-22,2024,AUTODROMO DE INTERLAGOS,BLINK-182
5067,The Blaze,2024-03-22,2024,AUTODROMO DE INTERLAGOS,THE BLAZE
5068,Dom Dolla,2024-03-22,2024,AUTODROMO DE INTERLAGOS,DOM DOLLA
5069,Tasha & Tracie,2024-03-22,2024,SESC POMPEIA,TASHA & TRACIE
5070,Oruã,2024-03-22,2024,FFFRONT,ORUA
5071,Rancore,2024-03-22,2024,AUTODROMO DE INTERLAGOS,RANCORE
5072,Classmatic,2024-03-22,2024,AUTODROMO DE INTERLAGOS,CLASSMATIC
5073,FLETCHER,2024-03-22,2024,AUTODROMO DE INTERLAGOS,FLETCHER
5074,BaianaSystem,2024-03-22,2024,AUTODROMO DE INTERLAGOS,BAIANASYSTEM
5075,Tuyo,2024-03-22,2024,ITAU CULTURAL,TUYO
5076,Arcade Fire,2024-03-22,2024,AUTODROMO DE INTERLAGOS,ARCADE FIRE
5077,Mila Journée,2024-03-22,2024,AUTODROMO DE INTERLAGOS,MILA JOURNEE
5078,Jungle,2024-03-22,2024,AUTODROMO DE INTERLAGOS,JUNGLE
5079,The Offspring,2024-03-22,2024,AUTODROMO DE INTERLAGOS,THE OFFSPRING
5080,Luísa Sonza,2024-03-22,2024,AUTODROMO DE INTERLAGOS,LUISA SONZA
5081,Mary Mesk,2024-03-22,2024,AUTODROMO DE INTERLAGOS,MARY MESK
5082,Lourena,2024-03-22,2024,AUTODROMO DE INTERLAGOS,LOURENA
5083,Maneva,2024-03-22,2024,AUTODROMO DE INTERLAGOS,MANEVA
5084,O Terno,2024-03-22,2024,ESPACO UNIMED,O TERNO
5085,Ema Stoned,2024-03-22,2024,ASSOCIACAO CULTURAL CECILIA,EMA STONED
5086,JUSTB,2024-03-22,2024,STUDIO STAGE,JUSTB
5087,Sophia Chablau,2024-03-22,2024,MIS - MUSEU DA IMAGEM E DO SOM,SOPHIA CHABLAU
5088,Elba Ramalho,2024-03-22,2024,SESC PINHEIROS,ELBA RAMALHO
5089,Children of the Beast,2024-03-22,2024,MORRISON ROCK BAR,CHILDREN OF THE BEAST
5090,Dexter,2024-03-22,2024,AUTODROMO DE INTERLAGOS,DEXTER
5091,Herzegovina,2024-03-22,2024,ASSOCIACAO CULTURAL CECILIA,HERZEGOVINA
5092,KARTAS,2024-03-22,2024,FFFRONT,KARTAS
5093,Marcelo D2,2024-03-22,2024,AUTODROMO DE INTERLAGOS,MARCELO D2
5094,Diplo,2024-03-22,2024,AUTODROMO DE INTERLAGOS,DIPLO
5096,Irmãs de Pau,2024-03-22,2024,VIP STATION,IRMAS DE PAU
5097,Kings of Leon,2024-03-23,2024,AUTODROMO DE INTERLAGOS,KINGS OF LEON
5098,Victor & Leo,2024-03-23,2024,MORUMBIS,VICTOR & LEO
5099,Tulipa Ruiz,2024-03-23,2024,AUTODROMO DE INTERLAGOS,TULIPA RUIZ
5100,Pierce the Veil,2024-03-23,2024,AUTODROMO DE INTERLAGOS,PIERCE THE VEIL
5101,Supla,2024-03-23,2024,AUTODROMO DE INTERLAGOS,SUPLA
5102,Stop Play Moon,2024-03-23,2024,AUTODROMO DE INTERLAGOS,STOP PLAY MOON
5103,Groove Delight,2024-03-23,2024,AUTODROMO DE INTERLAGOS,GROOVE DELIGHT
5104,Espacialrias,2024-03-23,2024,A PORTA MALDITA,ESPACIALRIAS
5105,Mc Luanna,2024-03-23,2024,AUTODROMO DE INTERLAGOS,MC LUANNA
5106,Death Of Caligari,2024-03-23,2024,PORAO DA CERVEJA,DEATH OF CALIGARI
5107,Stevie Rachelle,2024-03-23,2024,JAI CLUB,STEVIE RACHELLE
5108,Death to All,2024-03-23,2024,CARIOCA CLUB,DEATH TO ALL
5109,Luis Miguel,2024-03-23,2024,ALLIANZ PARQUE,LUIS MIGUEL
5110,Sandra de Sá,2024-03-23,2024,SESC VILA MARIANA,SANDRA DE SA
5111,Riascode,2024-03-23,2024,AUTODROMO DE INTERLAGOS,RIASCODE
5112,Timmy Trumpet,2024-03-23,2024,AUTODROMO DE INTERLAGOS,TIMMY TRUMPET
5113,Titãs,2024-03-23,2024,AUTODROMO DE INTERLAGOS,TITAS
5114,Thirty Seconds to Mars,2024-03-23,2024,AUTODROMO DE INTERLAGOS,THIRTY SECONDS TO MARS
5115,King Gizzard & the Lizard Wizard,2024-03-23,2024,AUTODROMO DE INTERLAGOS,KING GIZZARD & THE LIZARD WIZARD
5116,Tasha & Tracie,2024-03-23,2024,SESC POMPEIA,TASHA & TRACIE
5117,Hozier,2024-03-23,2024,AUTODROMO DE INTERLAGOS,HOZIER
5118,Above & Beyond,2024-03-23,2024,AUTODROMO DE INTERLAGOS,ABOVE & BEYOND
5119,Xamã,2024-03-23,2024,AUTODROMO DE INTERLAGOS,XAMA
5120,Day Limns,2024-03-23,2024,AUTODROMO DE INTERLAGOS,DAY LIMNS
5121,Kevin o Chris,2024-03-23,2024,AUTODROMO DE INTERLAGOS,KEVIN O CHRIS
5122,Limp Bizkit,2024-03-23,2024,AUTODROMO DE INTERLAGOS,LIMP BIZKIT
5123,Gloria,2024-03-23,2024,SESC BELENZINHO,GLORIA
5124,Loud Luxury,2024-03-23,2024,AUTODROMO DE INTERLAGOS,LOUD LUXURY
5125,BK,2024-03-23,2024,AUTODROMO DE INTERLAGOS,BK
5126,Jessica Brankka,2024-03-23,2024,AUTODROMO DE INTERLAGOS,JESSICA BRANKKA
5127,Manu Gavassi,2024-03-23,2024,AUTODROMO DE INTERLAGOS,MANU GAVASSI
5128,Mindflow,2024-03-23,2024,LA IGLESIA BORRATXERIA,MINDFLOW
5129,O Terno,2024-03-23,2024,ESPACO UNIMED,O TERNO
5130,Jessie Reyez,2024-03-23,2024,AUTODROMO DE INTERLAGOS,JESSIE REYEZ
5131,Gabe,2024-03-23,2024,AUTODROMO DE INTERLAGOS,GABE
5132,Céu,2024-03-24,2024,AUTODROMO DE INTERLAGOS,CEU
5133,Phoenix,2024-03-24,2024,AUTODROMO DE INTERLAGOS,PHOENIX
5134,MC Soffia,2024-03-24,2024,AUTODROMO DE INTERLAGOS,MC SOFFIA
5135,ZHU,2024-03-24,2024,AUTODROMO DE INTERLAGOS,ZHU
5136,THE DRIVER ERA,2024-03-24,2024,AUTODROMO DE INTERLAGOS,THE DRIVER ERA
5137,MEDUZA,2024-03-24,2024,AUTODROMO DE INTERLAGOS,MEDUZA
5138,J. Worra,2024-03-24,2024,AUTODROMO DE INTERLAGOS,J. WORRA
5139,As Mercenárias,2024-03-24,2024,TARANTINO CERVEJARIA,AS MERCENARIAS
5140,Westlife,2024-03-24,2024,ESPACO UNIMED,WESTLIFE
5141,SZA,2024-03-24,2024,AUTODROMO DE INTERLAGOS,SZA
5142,MC Livinho,2024-03-24,2024,AUTODROMO DE INTERLAGOS,MC LIVINHO
5143,Vulgo FK,2024-03-24,2024,AUTODROMO DE INTERLAGOS,VULGO FK
5144,Sandra de Sá,2024-03-24,2024,SESC VILA MARIANA,SANDRA DE SA
5145,Greta Van Fleet,2024-03-24,2024,AUTODROMO DE INTERLAGOS,GRETA VAN FLEET
5146,Omar Apollo,2024-03-24,2024,AUTODROMO DE INTERLAGOS,OMAR APOLLO
5147,Rael,2024-03-24,2024,AUTODROMO DE INTERLAGOS,RAEL
5148,Nothing But Thieves,2024-03-24,2024,AUTODROMO DE INTERLAGOS,NOTHING BUT THIEVES
5149,Gilberto Gil,2024-03-24,2024,AUTODROMO DE INTERLAGOS,GILBERTO GIL
5150,Hungría,2024-03-24,2024,AUTODROMO DE INTERLAGOS,HUNGRIA
5151,YMA,2024-03-24,2024,AUTODROMO DE INTERLAGOS,YMA
5152,Bloody Nightmare,2024-03-24,2024,JAI CLUB,BLOODY NIGHTMARE
5153,Living Metal,2024-03-24,2024,JAI CLUB,LIVING METAL
5154,Sagrado Eu,2024-03-24,2024,TARANTINO CERVEJARIA,SAGRADO EU
5155,Bazuros,2024-03-24,2024,TARANTINO CERVEJARIA,BAZUROS
5156,BRAZA,2024-03-24,2024,AUTODROMO DE INTERLAGOS,BRAZA
5157,Dayglow,2024-03-24,2024,AUTODROMO DE INTERLAGOS,DAYGLOW
5158,Mc Daniel,2024-03-24,2024,AUTODROMO DE INTERLAGOS,MC DANIEL
5159,Dombresky,2024-03-24,2024,AUTODROMO DE INTERLAGOS,DOMBRESKY
5160,Sam Smith,2024-03-24,2024,AUTODROMO DE INTERLAGOS,SAM SMITH
5161,Tz da Coronel,2024-03-24,2024,AUTODROMO DE INTERLAGOS,TZ DA CORONEL
5162,Axty,2024-03-26,2024,TERRA SP,AXTY
5163,Projetonave,2024-03-26,2024,ASSOCIACAO CULTURAL CECILIA,PROJETONAVE
5164,Black Veil Brides,2024-03-26,2024,TERRA SP,BLACK VEIL BRIDES
5165,Escarnium,2024-03-27,2024,RED STAR STUDIOS,ESCARNIUM
5166,Master,2024-03-27,2024,RED STAR STUDIOS,MASTER
5167,Ale Sater,2024-03-27,2024,BLUE NOTE SAO PAULO,ALE SATER
5168,"Juçara Marçal, Suzana Salles e Kiko Dinucci",2024-03-27,2024,CENTRO CULTURAL SAO PAULO,"JUCARA MARCAL, SUZANA SALLES E KIKO DINUCCI"
5169,Smack,2024-03-27,2024,PORTA,SMACK
5170,Andralls,2024-03-27,2024,RED STAR STUDIOS,ANDRALLS
5171,Assucena,2024-03-28,2024,CENTRO CULTURAL SAO PAULO,ASSUCENA
5172,Ajuliacosta,2024-03-29,2024,AUDIO,AJULIACOSTA
5173,Eric Prydz,2024-03-29,2024,ARCA SPACES,ERIC PRYDZ
5174,BRIME,2024-03-29,2024,AUDIO,BRIME
5175,ballburya,2024-03-29,2024,FENDA 315,BALLBURYA
5176,Heretoir,2024-03-29,2024,HOUSE OF LEGENDS,HERETOIR
5177,MC Tha,2024-03-30,2024,CASA NATURA MUSICAL,MC THA
5178,Roots – Sepultura Tributo,2024-03-30,2024,ALTAS HORAS,ROOTS - SEPULTURA TRIBUTO
5179,Bebê Feio,2024-03-30,2024,CARDEAL PUB,BEBE FEIO
5180,Trypophöbia,2024-03-30,2024,CAFUNDO,TRYPOPHOBIA
5181,Dance of Days,2024-03-30,2024,CITY LIGHTS MUSIC HALL,DANCE OF DAYS
5182,Viper,2024-03-30,2024,SESC BELENZINHO,VIPER
5183,Brujería,2024-03-31,2024,CITY LIGHTS MUSIC HALL,BRUJERIA
5184,Paul Lewis,2024-03-31,2024,SALA SAO PAULO,PAUL LEWIS
5185,Tuyo,2024-04-01,2024,UNIAO FRATERNA,TUYO
5186,Höröyá,2024-04-02,2024,SESC CONSOLACAO,HOROYA
5187,Bike,2024-04-02,2024,PICLES CARDEAL,BIKE
5188,Nina Maia,2024-04-03,2024,BONA CASA DE MUSICA,NINA MAIA
5189,E a Terra Nunca Me Pareceu Tão Distante,2024-04-03,2024,CINE JOIA,E A TERRA NUNCA ME PARECEU TAO DISTANTE
5190,Riverside,2024-04-03,2024,CARIOCA CLUB,RIVERSIDE
5191,Russian Circles,2024-04-03,2024,CINE JOIA,RUSSIAN CIRCLES
5192,Pelados,2024-04-04,2024,FFFRONT,PELADOS
5193,Orquestra Sinfônica do Estado de São Paulo,2024-04-04,2024,SALA SAO PAULO,ORQUESTRA SINFONICA DO ESTADO DE SAO PAULO
5194,Gong,2024-04-04,2024,CASA ROCKAMBOLE,GONG
5195,Psirico,2024-04-04,2024,FUNILARIA,PSIRICO
5196,Children of the Beast,2024-04-04,2024,BAR DO JUIZ - PATRIARCA,CHILDREN OF THE BEAST
5197,OnlyOneOf,2024-04-04,2024,STUDIO STAGE,ONLYONEOF
5198,Esteban Tavares,2024-04-05,2024,CASA ALGOHITS,ESTEBAN TAVARES
5199,Jaloo,2024-04-05,2024,AUDIO,JALOO
5200,Exciter,2024-04-06,2024,JAI CLUB,EXCITER
5201,Cynthia Luz,2024-04-06,2024,CASA NATURA MUSICAL,CYNTHIA LUZ
5202,Tim Kasher,2024-04-06,2024,CARIOCA CLUB,TIM KASHER
5203,Os Paralamas do Sucesso,2024-04-06,2024,ESPACO UNIMED,OS PARALAMAS DO SUCESSO
5204,Só Pra Contrariar,2024-04-06,2024,ALLIANZ PARQUE,SO PRA CONTRARIAR
5205,Gritando HC,2024-04-06,2024,CENTRO CULTURAL TENDAL DA LAPA,GRITANDO HC
5206,Emmercia,2024-04-06,2024,HANGAR 110,EMMERCIA
5207,Thursday,2024-04-06,2024,CARIOCA CLUB,THURSDAY
5208,Deekapz,2024-04-06,2024,VOID GENERAL STORE,DEEKAPZ
5209,Errol Dunkley,2024-04-06,2024,FABRIQUE CLUB,ERROL DUNKLEY
5210,BAT,2024-04-06,2024,JAI CLUB,BAT
5211,Halleck,2024-04-06,2024,PORAO DA CERVEJA,HALLECK
5212,Johnny Osbourne,2024-04-06,2024,FABRIQUE CLUB,JOHNNY OSBOURNE
5213,Salvador Sobral,2024-04-06,2024,SESC PINHEIROS,SALVADOR SOBRAL
5214,Hellway Train,2024-04-06,2024,JAI CLUB,HELLWAY TRAIN
5215,Axty,2024-04-06,2024,HANGAR 110,AXTY
5216,Foojammers,2024-04-06,2024,CPOR-SP,FOOJAMMERS
5217,Paul Lewis,2024-04-07,2024,SALA SAO PAULO,PAUL LEWIS
5218,Made in Brazil,2024-04-07,2024,MISTER ROCK BAR,MADE IN BRAZIL
5219,Orphaned Land,2024-04-07,2024,CARIOCA CLUB,ORPHANED LAND
5220,Ouse Morrer,2024-04-07,2024,ATELIE DO BIXIGA,OUSE MORRER
5221,O Inimigo,2024-04-07,2024,ATELIE DO BIXIGA,O INIMIGO
5222,Bebê Feio,2024-04-07,2024,LA IGLESIA BORRATXERIA,BEBE FEIO
5223,Geoff Rickly,2024-04-07,2024,CENTRO CULTURAL TENDAL DA LAPA,GEOFF RICKLY
5224,Salvador Sobral,2024-04-07,2024,SESC PINHEIROS,SALVADOR SOBRAL
5225,Punho de Mahin,2024-04-07,2024,ATELIE DO BIXIGA,PUNHO DE MAHIN
5226,Tim Kasher,2024-04-07,2024,CENTRO CULTURAL TENDAL DA LAPA,TIM KASHER
5227,Urutu,2024-04-07,2024,ATELIE DO BIXIGA,URUTU
5228,Maurício Pereira,2024-04-07,2024,PARQUE DA AGUA BRANCA,MAURICIO PEREIRA
5229,Pabllo Vittar,2024-04-09,2024,ZIG STUDIO,PABLLO VITTAR
5230,Claudia Leitte,2024-04-09,2024,VIBRA SAO PAULO,CLAUDIA LEITTE
5231,Devendra Banhart,2024-04-10,2024,AUDIO,DEVENDRA BANHART
5232,Clau,2024-04-11,2024,CASA NATURA MUSICAL,CLAU
5233,Adi Oasis,2024-04-11,2024,AUDIO,ADI OASIS
5234,Alfa Mist,2024-04-11,2024,AUDIO,ALFA MIST
5235,Mahmundi,2024-04-11,2024,FUNILARIA,MAHMUNDI
5236,Danny D. Weirdo,2024-04-12,2024,A PORTA MALDITA,DANNY D. WEIRDO
5237,Pitty,2024-04-12,2024,ESPACO UNIMED,PITTY
5238,Jimmy & Rats,2024-04-12,2024,SESC BELENZINHO,JIMMY & RATS
5239,Selvageria,2024-04-12,2024,JAI CLUB,SELVAGERIA
5240,Hamilton de Holanda,2024-04-12,2024,CASA NATURA MUSICAL,HAMILTON DE HOLANDA
5241,Leather,2024-04-12,2024,JAI CLUB,LEATHER
5242,Alzira E + Corte,2024-04-12,2024,CASA DE FRANCISCA,ALZIRA E + CORTE
5243,Rick Wakeman,2024-04-12,2024,TOKIO MARINE HALL,RICK WAKEMAN
5244,Clan of Xymox,2024-04-12,2024,FABRIQUE CLUB,CLAN OF XYMOX
5245,Capote,2024-04-13,2024,CASA ALGOHITS,CAPOTE
5246,Laboratori,2024-04-13,2024,LA IGLESIA BORRATXERIA,LABORATORI
5247,Coralinne,2024-04-13,2024,ST PAUL'S PUB,CORALINNE
5248,Shotgun,2024-04-13,2024,HELLRAISER ROCK BAR,SHOTGUN
5249,Nameless Gods,2024-04-13,2024,FENDA 315,NAMELESS GODS
5250,Armadilha,2024-04-13,2024,HELLRAISER ROCK BAR,ARMADILHA
5251,Rita Benneditto,2024-04-13,2024,CASA NATURA MUSICAL,RITA BENNEDITTO
5252,Renato Borghetti,2024-04-13,2024,PARQUE VILLA-LOBOS,RENATO BORGHETTI
5253,Crueldade,2024-04-13,2024,HELLRAISER ROCK BAR,CRUELDADE
5254,Irmãs de Pau,2024-04-13,2024,ALOKA,IRMAS DE PAU
5255,Royal Blood,2024-04-13,2024,AUDIO,ROYAL BLOOD
5256,Arturo Sandoval,2024-04-13,2024,PARQUE VILLA-LOBOS,ARTURO SANDOVAL
5257,Leoni,2024-04-13,2024,SESC AVENIDA PAULISTA,LEONI
5258,Álcool,2024-04-13,2024,HELLRAISER ROCK BAR,ALCOOL
5259,Jethro Tull,2024-04-13,2024,VIBRA SAO PAULO,JETHRO TULL
5260,Alabama Mike,2024-04-13,2024,PARQUE VILLA-LOBOS,ALABAMA MIKE
5261,Infamous Glory,2024-04-13,2024,FENDA 315,INFAMOUS GLORY
5262,Coralinne,2024-04-14,2024,AV. PAULISTA,CORALINNE
5263,Pitty,2024-04-14,2024,ESPACO UNIMED,PITTY
5264,Rodrigo Ogi,2024-04-14,2024,CASA NATURA MUSICAL,RODRIGO OGI
5265,Manger Cadavre?,2024-04-14,2024,FESTIVAL USINA HARDCORE,MANGER CADAVRE?
5266,MAGIC!,2024-04-14,2024,AUDIO,MAGIC!
5267,Capote,2024-04-14,2024,CASA ALGOHITS,CAPOTE
5268,Mike Massé,2024-04-14,2024,MANIFESTO BAR,MIKE MASSE
5269,Crush All Tyranny,2024-04-14,2024,FESTIVAL USINA HARDCORE,CRUSH ALL TYRANNY
5270,Personas,2024-04-14,2024,CASA ALGOHITS,PERSONAS
5271,Dead Fish,2024-04-14,2024,INCINERADOR VERGUEIRO,DEAD FISH
5272,El Toro Fuerte,2024-04-14,2024,CASA ALGOHITS,EL TORO FUERTE
5273,Soen,2024-04-14,2024,CARIOCA CLUB,SOEN
5274,Lúcio Maia,2024-04-14,2024,CENTRO CULTURAL DA JUVENTUDE RUTH CARDOSO,LUCIO MAIA
5275,Liam Benzvi,2024-04-16,2024,TOKIO MARINE HALL,LIAM BENZVI
5276,Turnstile,2024-04-16,2024,TOKIO MARINE HALL,TURNSTILE
5277,Deleasa,2024-04-16,2024,ALLIANZ PARQUE,DELEASA
5278,Jonas Brothers,2024-04-16,2024,ALLIANZ PARQUE,JONAS BROTHERS
5279,Tom Jones,2024-04-17,2024,ESPACO UNIMED,TOM JONES
5280,"Juçara Marçal, Suzana Salles e Kiko Dinucci",2024-04-17,2024,CASA DE FRANCISCA,"JUCARA MARCAL, SUZANA SALLES E KIKO DINUCCI"
5281,Jay Vaquer,2024-04-17,2024,BLUE NOTE SAO PAULO,JAY VAQUER
5282,Orquestra Sinfônica do Estado de São Paulo,2024-04-18,2024,SALA SAO PAULO,ORQUESTRA SINFONICA DO ESTADO DE SAO PAULO
5283,Megadeth,2024-04-18,2024,ESPACO UNIMED,MEGADETH
5284,Ajuliacosta,2024-04-18,2024,CASA NATURA MUSICAL,AJULIACOSTA
5285,Thiago Pantaleão,2024-04-18,2024,FUNILARIA,THIAGO PANTALEAO
5286,Lenine,2024-04-18,2024,SESC BOM RETIRO,LENINE
5287,Ricardo Cruz,2024-04-18,2024,SALA SAO PAULO,RICARDO CRUZ
5288,Soweto,2024-04-19,2024,ALLIANZ PARQUE,SOWETO
5289,Black Mantra,2024-04-19,2024,SESC PINHEIROS,BLACK MANTRA
5290,Héloa,2024-04-19,2024,CASA NATURA MUSICAL,HELOA
5291,Death Of Caligari,2024-04-19,2024,THE FLAMING YOUTH EXPERIENCE,DEATH OF CALIGARI
5292,Ricardo Cruz,2024-04-19,2024,SALA SAO PAULO,RICARDO CRUZ
5293,Aluna,2024-04-19,2024,ZIG STUDIO,ALUNA
5294,Orquestra Sinfônica do Estado de São Paulo,2024-04-19,2024,SALA SAO PAULO,ORQUESTRA SINFONICA DO ESTADO DE SAO PAULO
5295,Cátia de França,2024-04-19,2024,SESC POMPEIA,CATIA DE FRANCA
5296,Marie Davidson,2024-04-19,2024,CARACOL BAR,MARIE DAVIDSON
5297,Alzira E + Corte,2024-04-19,2024,CASINHA DO NUCLEO,ALZIRA E + CORTE
5298,Helena Hauff,2024-04-20,2024,ESTADIO DO CANINDE,HELENA HAUFF
5299,DJ Nuts,2024-04-20,2024,CITY LIGHTS MUSIC HALL,DJ NUTS
5300,Mark Farner's American Band,2024-04-20,2024,CARIOCA CLUB,MARK FARNER'S AMERICAN BAND
5301,Marie Davidson,2024-04-20,2024,ESTADIO DO CANINDE,MARIE DAVIDSON
5302,Soweto,2024-04-20,2024,ALLIANZ PARQUE,SOWETO
5303,Innabrain,2024-04-20,2024,SORRENTINO'S CAFE E BAR,INNABRAIN
5304,Halleck,2024-04-20,2024,VEGANAASSOO,HALLECK
5305,Trypophöbia,2024-04-20,2024,"WALK TOGETHER, MOSH TOGETHER",TRYPOPHOBIA
5306,Ricardo Cruz,2024-04-20,2024,SALA SAO PAULO,RICARDO CRUZ
5307,DJ Marcelle/Another Nice Mess,2024-04-20,2024,ESTADIO DO CANINDE,DJ MARCELLE/ANOTHER NICE MESS
5308,Orquestra Sinfônica do Estado de São Paulo,2024-04-20,2024,SALA SAO PAULO,ORQUESTRA SINFONICA DO ESTADO DE SAO PAULO
5309,Joyce,2024-04-20,2024,SESC POMPEIA,JOYCE
5310,Azymuth,2024-04-20,2024,CITY LIGHTS MUSIC HALL,AZYMUTH
5311,Cátia de França,2024-04-20,2024,SESC POMPEIA,CATIA DE FRANCA
5313,Orquestra Sinfônica do Estado de São Paulo,2024-04-21,2024,SALA SAO PAULO,ORQUESTRA SINFONICA DO ESTADO DE SAO PAULO
5314,Dominatrix,2024-04-21,2024,CENTRO CULTURAL TENDAL DA LAPA,DOMINATRIX
5315,Ratas Rabiosas,2024-04-21,2024,CENTRO CULTURAL TENDAL DA LAPA,RATAS RABIOSAS
5318,Roots – Sepultura Tributo,2024-04-21,2024,PARQUE DO IBIRAPUERA,ROOTS - SEPULTURA TRIBUTO
5319,Jonathan Ferr,2024-04-21,2024,SESC 24 DE MAIO,JONATHAN FERR
5320,The Calling,2024-04-21,2024,CARIOCA CLUB,THE CALLING
5321,As Mercenárias,2024-04-21,2024,CENTRO CULTURAL TENDAL DA LAPA,AS MERCENARIAS
5323,Hurricanes,2024-04-21,2024,LA IGLESIA BORRATXERIA,HURRICANES
5324,Juçara Marçal,2024-04-21,2024,CASA NATURA MUSICAL,JUCARA MARCAL
5325,Ricardo Cruz,2024-04-21,2024,SALA SAO PAULO,RICARDO CRUZ
5326,Alzira E + Corte,2024-04-21,2024,CASA NATURA MUSICAL,ALZIRA E + CORTE
5327,Children of the Beast,2024-04-21,2024,ZN HIGHWAY,CHILDREN OF THE BEAST
5328,boasorte,2024-04-21,2024,BAR ALTO,BOASORTE
5329,Joyce,2024-04-21,2024,SESC POMPEIA,JOYCE
5330,terraplana,2024-04-21,2024,BAR ALTO,TERRAPLANA
5331,Air Supply,2024-04-21,2024,ESPACO UNIMED,AIR SUPPLY
5332,Sioux 66,2024-04-21,2024,LA IGLESIA BORRATXERIA,SIOUX 66
5333,Otto,2024-04-21,2024,SESC PINHEIROS,OTTO
5334,Rancore,2024-04-23,2024,ESTUDIO 89 RADIO ROCK,RANCORE
5335,Boogarins,2024-04-24,2024,CENTRO CULTURAL SAO PAULO,BOOGARINS
5336,Jeff Scott Soto,2024-04-24,2024,MANIFESTO BAR,JEFF SCOTT SOTO
5337,Hamilton de Holanda,2024-04-25,2024,TEATRO SESC 24 DE MAIO,HAMILTON DE HOLANDA
5338,Tetê Espíndola,2024-04-25,2024,SESC POMPEIA,TETE ESPINDOLA
5339,Di Melo,2024-04-25,2024,PICLES CARDEAL,DI MELO
5340,Pietá,2024-04-25,2024,SESC POMPEIA,PIETA
5341,Echo of Silence,2024-04-26,2024,CARDEAL PUB,ECHO OF SILENCE
5342,Hamilton de Holanda,2024-04-26,2024,TEATRO SESC 24 DE MAIO,HAMILTON DE HOLANDA
5343,Curumin,2024-04-26,2024,CINE JOIA,CURUMIN
5344,Vanessa Moreno,2024-04-26,2024,CASA NATURA MUSICAL,VANESSA MORENO
5345,Guilherme Arantes,2024-04-26,2024,BLUE NOTE SAO PAULO,GUILHERME ARANTES
5346,Lamparina,2024-04-26,2024,SESC BOM RETIRO,LAMPARINA
5347,Mr. Big,2024-04-26,2024,MEMORIAL DA AMERICA LATINA,MR. BIG
5348,Electric Mob,2024-04-26,2024,MEMORIAL DA AMERICA LATINA,ELECTRIC MOB
5349,Sebastian Bach,2024-04-26,2024,MEMORIAL DA AMERICA LATINA,SEBASTIAN BACH
5350,Black Stone Cherry,2024-04-26,2024,MEMORIAL DA AMERICA LATINA,BLACK STONE CHERRY
5351,Exodus,2024-04-26,2024,MEMORIAL DA AMERICA LATINA,EXODUS
5352,Massacration,2024-04-26,2024,MEMORIAL DA AMERICA LATINA,MASSACRATION
5353,Cultura Tres,2024-04-26,2024,MEMORIAL DA AMERICA LATINA,CULTURA TRES
5354,ALCHEMIA,2024-04-26,2024,MEMORIAL DA AMERICA LATINA,ALCHEMIA
5355,Foojammers,2024-04-26,2024,WILLI WILLIE BAR E ARQUERIA,FOOJAMMERS
5356,Sioux 66,2024-04-26,2024,MEMORIAL DA AMERICA LATINA,SIOUX 66
5357,Clash Bulldog’s,2024-04-26,2024,MEMORIAL DA AMERICA LATINA,CLASH BULLDOG'S
5358,Gene Simmons Band,2024-04-26,2024,MEMORIAL DA AMERICA LATINA,GENE SIMMONS BAND
5359,Eduardo Falaschi,2024-04-26,2024,MEMORIAL DA AMERICA LATINA,EDUARDO FALASCHI
5360,Biohazard,2024-04-26,2024,MEMORIAL DA AMERICA LATINA,BIOHAZARD
5361,Tygers of Pan Tang,2024-04-26,2024,MEMORIAL DA AMERICA LATINA,TYGERS OF PAN TANG
5362,The 69 Eyes,2024-04-26,2024,MEMORIAL DA AMERICA LATINA,THE 69 EYES
5363,Dr. Sin,2024-04-26,2024,MEMORIAL DA AMERICA LATINA,DR. SIN
5364,MINIPONY,2024-04-26,2024,MEMORIAL DA AMERICA LATINA,MINIPONY
5365,As Orquídeas do Brasil,2024-04-26,2024,TEATRO SESC POMPEIA,AS ORQUIDEAS DO BRASIL
5366,Flotsam and Jetsam,2024-04-26,2024,MEMORIAL DA AMERICA LATINA,FLOTSAM AND JETSAM
5367,Nestor,2024-04-26,2024,MEMORIAL DA AMERICA LATINA,NESTOR
5368,Zumbis do Espaço,2024-04-26,2024,MEMORIAL DA AMERICA LATINA,ZUMBIS DO ESPACO
5369,Céu,2024-04-27,2024,SESC PINHEIROS,CEU
5370,Ebony,2024-04-27,2024,VIP STATION,EBONY
5371,Innabrain,2024-04-27,2024,DONA XIKA,INNABRAIN
5372,Danny Bond,2024-04-27,2024,VIP STATION,DANNY BOND
5373,Otto,2024-04-27,2024,CINE JOIA,OTTO
5374,Rage in My Eyes,2024-04-27,2024,MEMORIAL DA AMERICA LATINA,RAGE IN MY EYES
5375,Vanessa da Mata,2024-04-27,2024,TOKIO MARINE HALL,VANESSA DA MATA
5376,Pelados,2024-04-27,2024,CASA ROCKAMBOLE,PELADOS
5377,Grupo Fundo de Quintal,2024-04-27,2024,CASA NATURA MUSICAL,GRUPO FUNDO DE QUINTAL
5378,Urias,2024-04-27,2024,VIP STATION,URIAS
5379,The Beauty of Gemina,2024-04-27,2024,MADAME CLUB,THE BEAUTY OF GEMINA
5380,Forbidden,2024-04-27,2024,MEMORIAL DA AMERICA LATINA,FORBIDDEN
5381,Dark Tranquillity,2024-04-27,2024,MEMORIAL DA AMERICA LATINA,DARK TRANQUILLITY
5382,HammerFall,2024-04-27,2024,MEMORIAL DA AMERICA LATINA,HAMMERFALL
5383,Within Temptation,2024-04-27,2024,MEMORIAL DA AMERICA LATINA,WITHIN TEMPTATION
5384,Sinistra,2024-04-27,2024,MEMORIAL DA AMERICA LATINA,SINISTRA
5385,Noturnall,2024-04-27,2024,MEMORIAL DA AMERICA LATINA,NOTURNALL
5386,Kaya Conky,2024-04-27,2024,VIP STATION,KAYA CONKY
5387,Lacuna Coil,2024-04-27,2024,MEMORIAL DA AMERICA LATINA,LACUNA COIL
5388,Jelusick,2024-04-27,2024,MEMORIAL DA AMERICA LATINA,JELUSICK
5389,Besouro Mulher,2024-04-27,2024,CASA ROCKAMBOLE,BESOURO MULHER
5390,Mac Júlia,2024-04-27,2024,VIP STATION,MAC JULIA
5391,Nestor,2024-04-27,2024,DEDE HOUSE,NESTOR
5392,Alesana,2024-04-27,2024,CARIOCA CLUB,ALESANA
5393,In Extremo,2024-04-27,2024,MEMORIAL DA AMERICA LATINA,IN EXTREMO
5394,About2Crash,2024-04-27,2024,MEMORIAL DA AMERICA LATINA,ABOUT2CRASH
5395,Eminence,2024-04-27,2024,MEMORIAL DA AMERICA LATINA,EMINENCE
5396,The Night Flight Orchestra,2024-04-27,2024,MEMORIAL DA AMERICA LATINA,THE NIGHT FLIGHT ORCHESTRA
5397,Jeff Scott Soto,2024-04-27,2024,MEMORIAL DA AMERICA LATINA,JEFF SCOTT SOTO
5398,Angra,2024-04-27,2024,MEMORIAL DA AMERICA LATINA,ANGRA
5399,Gamma Ray,2024-04-27,2024,MEMORIAL DA AMERICA LATINA,GAMMA RAY
5400,Epica,2024-04-27,2024,MEMORIAL DA AMERICA LATINA,EPICA
5401,Korzus,2024-04-27,2024,MEMORIAL DA AMERICA LATINA,KORZUS
5402,O Grande Encontro,2024-04-27,2024,ESPACO UNIMED,O GRANDE ENCONTRO
5403,Yamandu Costa,2024-04-27,2024,TEATRO SESC 24 DE MAIO,YAMANDU COSTA
5404,Fafá de Belém,2024-04-27,2024,SESC 14 BIS,FAFA DE BELEM
5405,Nervosa,2024-04-27,2024,MEMORIAL DA AMERICA LATINA,NERVOSA
5406,Noturnall,2024-04-28,2024,WOODSTOCK ROCK STORE,NOTURNALL
5407,Medulla,2024-04-28,2024,CASA NATURA MUSICAL,MEDULLA
5408,Santo Graal,2024-04-28,2024,MEMORIAL DA AMERICA LATINA,SANTO GRAAL
5409,Far from Alaska,2024-04-28,2024,CASA NATURA MUSICAL,FAR FROM ALASKA
5410,Carol Biazin,2024-04-28,2024,TEATRO GAZETA,CAROL BIAZIN
5411,Yamandu Costa,2024-04-28,2024,TEATRO SESC 24 DE MAIO,YAMANDU COSTA
5412,Death Angel,2024-04-28,2024,MEMORIAL DA AMERICA LATINA,DEATH ANGEL
5413,Axty,2024-04-28,2024,MEMORIAL DA AMERICA LATINA,AXTY
5414,Killswitch Engage,2024-04-28,2024,MEMORIAL DA AMERICA LATINA,KILLSWITCH ENGAGE
5415,Avatar,2024-04-28,2024,MEMORIAL DA AMERICA LATINA,AVATAR
5416,Mercyful Fate,2024-04-28,2024,MEMORIAL DA AMERICA LATINA,MERCYFUL FATE
5418,Dire Straits Legacy,2024-04-28,2024,VIBRA SAO PAULO,DIRE STRAITS LEGACY
5419,Amaro Freitas,2024-04-28,2024,TEATRO SESC POMPEIA,AMARO FREITAS
5420,Oitão,2024-04-28,2024,WOODSTOCK ROCK STORE,OITAO
5421,Amorphis,2024-04-28,2024,MEMORIAL DA AMERICA LATINA,AMORPHIS
5422,Ratos de Porão,2024-04-28,2024,MEMORIAL DA AMERICA LATINA,RATOS DE PORAO
5423,Kryour,2024-04-28,2024,MEMORIAL DA AMERICA LATINA,KRYOUR
5424,While She Sleeps,2024-04-28,2024,MEMORIAL DA AMERICA LATINA,WHILE SHE SLEEPS
5425,Carcass,2024-04-28,2024,MEMORIAL DA AMERICA LATINA,CARCASS
5426,Battle Beast,2024-04-28,2024,MEMORIAL DA AMERICA LATINA,BATTLE BEAST
5427,Hellish War,2024-04-28,2024,MEMORIAL DA AMERICA LATINA,HELLISH WAR
5428,John Wayne,2024-04-28,2024,MEMORIAL DA AMERICA LATINA,JOHN WAYNE
5429,Overkill,2024-04-28,2024,MEMORIAL DA AMERICA LATINA,OVERKILL
5430,Anthrax,2024-04-28,2024,MEMORIAL DA AMERICA LATINA,ANTHRAX
5431,Eclipse,2024-04-28,2024,MEMORIAL DA AMERICA LATINA,ECLIPSE
5432,The Troops of Doom,2024-04-28,2024,MEMORIAL DA AMERICA LATINA,THE TROOPS OF DOOM
5433,Torture Squad,2024-04-28,2024,MEMORIAL DA AMERICA LATINA,TORTURE SQUAD
5434,Jessie J,2024-04-30,2024,ESPACO UNIMED,JESSIE J
5435,Test,2024-04-30,2024,FFFRONT,TEST
5436,Lauren Jauregui,2024-04-30,2024,ESPACO UNIMED,LAUREN JAUREGUI
5437,Cultura Tres,2024-04-30,2024,LA IGLESIA BORRATXERIA,CULTURA TRES
5438,Samuel Rosa,2024-04-30,2024,CLUBE ATLETICO JUVENTUS,SAMUEL ROSA
5439,Frejat,2024-04-30,2024,CLUBE ATLETICO JUVENTUS,FREJAT
5440,Bruxax,2024-04-30,2024,LA IGLESIA BORRATXERIA,BRUXAX
5441,Accept,2024-05-01,2024,CARIOCA CLUB,ACCEPT
5442,Arrigo Barnabé,2024-05-01,2024,SESC VILA MARIANA,ARRIGO BARNABE
5443,ABBA the Show,2024-05-01,2024,ESPACO UNIMED,ABBA THE SHOW
5444,Amalgama,2024-05-01,2024,CARIOCA CLUB,AMALGAMA
5445,Baleia de Lupe,2024-05-02,2024,BAR ALTO,BALEIA DE LUPE
5446,Tagore,2024-05-02,2024,ODETTE,TAGORE
5447,McFly,2024-05-02,2024,ESPACO UNIMED,MCFLY
5448,Sophia Chablau e Uma Enorme Perda de Tempo,2024-05-03,2024,SESC BOM RETIRO,SOPHIA CHABLAU E UMA ENORME PERDA DE TEMPO
5449,McFly,2024-05-03,2024,ESPACO UNIMED,MCFLY
5450,Maglore,2024-05-03,2024,SESC SANTANA,MAGLORE
5451,BaianaSystem,2024-05-03,2024,AUDIO,BAIANASYSTEM
5452,Bong Brigade,2024-05-03,2024,PORAO DA CERVEJA,BONG BRIGADE
5453,Trio Mocotó,2024-05-03,2024,CASA NATURA MUSICAL,TRIO MOCOTO
5454,The Beast Experience,2024-05-03,2024,MANIFESTO BAR,THE BEAST EXPERIENCE
5455,Mundo Livre S/A,2024-05-04,2024,SESC POMPEIA,MUNDO LIVRE S/A
5456,Social Chaos,2024-05-04,2024,CENTRO CULTURAL DA JUVENTUDE RUTH CARDOSO,SOCIAL CHAOS
5457,ROT,2024-05-04,2024,CENTRO CULTURAL DA JUVENTUDE RUTH CARDOSO,ROT
5458,Lulu Santos,2024-05-04,2024,ESPACO UNIMED,LULU SANTOS
5459,Vazio,2024-05-04,2024,CENTRO CULTURAL DA JUVENTUDE RUTH CARDOSO,VAZIO
5460,Hateen,2024-05-04,2024,JAI CLUB,HATEEN
5461,Maglore,2024-05-04,2024,SESC SANTANA,MAGLORE
5462,Jards Macalé,2024-05-04,2024,SESC VILA MARIANA,JARDS MACALE
5463,Roots – Sepultura Tributo,2024-05-04,2024,SANTA BREJA BAR,ROOTS - SEPULTURA TRIBUTO
5464,Tom Zé,2024-05-04,2024,CASA NATURA MUSICAL,TOM ZE
5465,Simone,2024-05-04,2024,TOKIO MARINE HALL,SIMONE
5466,Vanguart,2024-05-04,2024,SESC BOM RETIRO,VANGUART
5467,Bruce Dickinson,2024-05-04,2024,VIBRA SAO PAULO,BRUCE DICKINSON
5468,Noturnall,2024-05-04,2024,VIBRA SAO PAULO,NOTURNALL
5469,Korzus,2024-05-05,2024,LA IGLESIA BORRATXERIA,KORZUS
5470,Test,2024-05-05,2024,LA IGLESIA BORRATXERIA,TEST
5471,Misfats,2024-05-05,2024,LA IGLESIA BORRATXERIA,MISFATS
5472,Herzegovina,2024-05-05,2024,CINE JOIA,HERZEGOVINA
5473,Daniel Drexler,2024-05-05,2024,SESC POMPEIA,DANIEL DREXLER
5474,ABBA the Show,2024-05-05,2024,ESPACO UNIMED,ABBA THE SHOW
5475,Armiferum,2024-05-05,2024,JAI CLUB,ARMIFERUM
5476,Vanguart,2024-05-05,2024,SESC BOM RETIRO,VANGUART
5477,Riviera Gaz,2024-05-05,2024,CINE JOIA,RIVIERA GAZ
5478,Perc3ption,2024-05-05,2024,JAI CLUB,PERC3PTION
5479,Santa Cora,2024-05-05,2024,JAI CLUB,SANTA CORA
5480,Giovani Cidreira,2024-05-06,2024,CASA ROCKAMBOLE,GIOVANI CIDREIRA
5481,Aquino e a Orquestra Invisível,2024-05-06,2024,CASA ROCKAMBOLE,AQUINO E A ORQUESTRA INVISIVEL
5482,Tiê,2024-05-06,2024,CASA ROCKAMBOLE,TIE
5483,Jadsa,2024-05-07,2024,PULSO HOTEL,JADSA
5484,LANY,2024-05-07,2024,AUDIO,LANY
5485,Helio Flanders,2024-05-09,2024,SESC 14 BIS,HELIO FLANDERS
5486,Ashnikko,2024-05-09,2024,AUDIO,ASHNIKKO
5487,Rhapsody of Fire,2024-05-09,2024,CARIOCA CLUB,RHAPSODY OF FIRE
5488,Tortoise,2024-05-09,2024,CINE JOIA,TORTOISE
5489,Ana Frango Elétrico,2024-05-09,2024,CASA NATURA MUSICAL,ANA FRANGO ELETRICO
5490,Maurício Pereira e Tonho Penhasco,2024-05-09,2024,SESC POMPEIA,MAURICIO PEREIRA E TONHO PENHASCO
5491,Skalyface,2024-05-09,2024,CARIOCA CLUB,SKALYFACE
5492,Wanessa Camargo,2024-05-10,2024,AUDIO,WANESSA CAMARGO
5493,Maurício Pereira e Tonho Penhasco,2024-05-10,2024,TEATRO SESC POMPEIA,MAURICIO PEREIRA E TONHO PENHASCO
5494,ONDASTRAL,2024-05-10,2024,CARIOCA CLUB,ONDASTRAL
5495,KAROL G,2024-05-10,2024,CENTRO ESPORTIVO E DE LAZER TIETE,KAROL G
5496,Rashid,2024-05-10,2024,SESC POMPEIA,RASHID
5497,YMA,2024-05-10,2024,MIS - MUSEU DA IMAGEM E DO SOM,YMA
5498,Felipe Andreoli,2024-05-10,2024,CAFE PIU PIU,FELIPE ANDREOLI
5499,Nando Fernandes,2024-05-10,2024,CAFE PIU PIU,NANDO FERNANDES
5500,Diogo Defante,2024-05-10,2024,CARIOCA CLUB,DIOGO DEFANTE
5501,DJ RaMeMes,2024-05-10,2024,VOID GENERAL STORE,DJ RAMEMES
5502,Bittencourt Project,2024-05-10,2024,CAFE PIU PIU,BITTENCOURT PROJECT
5503,Rubel,2024-05-10,2024,SESC BELENZINHO,RUBEL
5504,Diego Martins,2024-05-10,2024,AUDIO,DIEGO MARTINS
5505,UELO,2024-05-10,2024,LA IGLESIA BORRATXERIA,UELO
5506,terraplana,2024-05-11,2024,FABRIQUE CLUB,TERRAPLANA
5507,Djavan,2024-05-11,2024,ESPACO UNIMED,DJAVAN
5508,Turnover,2024-05-11,2024,FABRIQUE CLUB,TURNOVER
5509,Axty,2024-05-11,2024,CARIOCA CLUB,AXTY
5510,Louis Tomlinson,2024-05-11,2024,ALLIANZ PARQUE,LOUIS TOMLINSON
5511,Giant Rooks,2024-05-11,2024,ALLIANZ PARQUE,GIANT ROOKS
5512,Paolo Ravley,2024-05-11,2024,CINE JOIA,PAOLO RAVLEY
5513,Robin McAuley,2024-05-11,2024,MANIFESTO BAR,ROBIN MCAULEY
5514,Hammerhead Blues,2024-05-11,2024,LA IGLESIA BORRATXERIA,HAMMERHEAD BLUES
5515,Erik Mårtensson,2024-05-11,2024,MANIFESTO BAR,ERIK MARTENSSON
5516,Xênia França,2024-05-11,2024,CINE JOIA,XENIA FRANCA
5517,Chez Kane,2024-05-11,2024,MANIFESTO BAR,CHEZ KANE
5518,Zumbis do Espaço,2024-05-11,2024,HANGAR 110,ZUMBIS DO ESPACO
5519,APNEA,2024-05-11,2024,LA IGLESIA BORRATXERIA,APNEA
5520,John Corabi,2024-05-11,2024,MANIFESTO BAR,JOHN CORABI
5521,Freak Fur,2024-05-11,2024,HANGAR 110,FREAK FUR
5522,Rubel,2024-05-11,2024,SESC BELENZINHO,RUBEL
5523,Toninho Horta,2024-05-12,2024,SESC POMPEIA,TONINHO HORTA
5524,Pedro Martins,2024-05-12,2024,CASA NATURA MUSICAL,PEDRO MARTINS
5525,Djavan,2024-05-12,2024,ESPACO UNIMED,DJAVAN
5526,Ana Frango Elétrico,2024-05-13,2024,UNIAO FRATERNA,ANA FRANGO ELETRICO
5527,PLUMA,2024-05-13,2024,UNIAO FRATERNA,PLUMA
5528,Ron Keel,2024-05-16,2024,MALTA ROCK BAR,RON KEEL
5529,Lenna Bahule,2024-05-16,2024,TEATRO SESC POMPEIA,LENNA BAHULE
5530,Majur,2024-05-16,2024,FUNILARIA,MAJUR
5531,DUDA BEAT,2024-05-16,2024,ESPACO UNIMED,DUDA BEAT
5532,Boogarins,2024-05-16,2024,CASA NATURA MUSICAL,BOOGARINS
5533,The Charles Lloyd Quartet,2024-05-17,2024,AUDITORIO IBIRAPUERA,THE CHARLES LLOYD QUARTET
5534,Gilsons,2024-05-17,2024,ESPACO UNIMED,GILSONS
5535,Jeff Parker,2024-05-17,2024,SESC BELENZINHO,JEFF PARKER
5536,Jihye Lee Orchestra,2024-05-17,2024,AUDITORIO IBIRAPUERA,JIHYE LEE ORCHESTRA
5537,Bruno Pernadas,2024-05-17,2024,SESC POMPEIA,BRUNO PERNADAS
5538,Ava Rocha,2024-05-17,2024,PICLES CARDEAL,AVA ROCHA
5539,Jakob Bro,2024-05-17,2024,AUDITORIO IBIRAPUERA,JAKOB BRO
5540,Ação Direta,2024-05-17,2024,FFFRONT,ACAO DIRETA
5541,Foojammers,2024-05-17,2024,SKULL SKATE PARK,FOOJAMMERS
5542,Daniel Santiago & Pedro Martins,2024-05-17,2024,AUDITORIO IBIRAPUERA,DANIEL SANTIAGO & PEDRO MARTINS
5543,Ron Keel,2024-05-17,2024,HOUSE OF LEGENDS,RON KEEL
5544,ROT,2024-05-17,2024,FFFRONT,ROT
5545,Marina Lima,2024-05-17,2024,CASA NATURA MUSICAL,MARINA LIMA
5546,Village People,2024-05-17,2024,TOKIO MARINE HALL,VILLAGE PEOPLE
5547,Paula Toller,2024-05-17,2024,CLUBE ATLETICO JUVENTUS,PAULA TOLLER
5548,Ariel Pink,2024-05-17,2024,FABRIQUE CLUB,ARIEL PINK
5549,Paulo Ricardo,2024-05-17,2024,CLUBE ATLETICO JUVENTUS,PAULO RICARDO
5550,Einar Solberg,2024-05-17,2024,TEATRO UMC,EINAR SOLBERG
5551,Tuyo,2024-05-17,2024,AUDIO,TUYO
5552,Léo Santana,2024-05-18,2024,VALE DO ANHANGABAU,LEO SANTANA
5553,Ricardo Cruz,2024-05-18,2024,JAI CLUB,RICARDO CRUZ
5554,Black Pumas,2024-05-18,2024,PARQUE DO IBIRAPUERA,BLACK PUMAS
5555,Jota.pê,2024-05-18,2024,SESC POMPEIA,JOTA.PE
5556,Vanessa da Mata,2024-05-18,2024,AV. ELISEU DE ALMEIDA,VANESSA DA MATA
5557,Rico Dalasam,2024-05-18,2024,CENTRO CULTURAL DA PENHA,RICO DALASAM
5558,Mato Seco,2024-05-18,2024,SESC INTERLAGOS,MATO SECO
5559,Tom Zé,2024-05-18,2024,SESC 14 BIS,TOM ZE
5560,RAYE,2024-05-18,2024,PARQUE DO IBIRAPUERA,RAYE
5561,Vazio,2024-05-18,2024,CENTRO CULTURAL DA JUVENTUDE RUTH CARDOSO,VAZIO
5562,Karol Conká,2024-05-18,2024,VALE DO ANHANGABAU,KAROL CONKA
5563,Joelma,2024-05-18,2024,VALE DO ANHANGABAU,JOELMA
5564,Cida Moreira,2024-05-18,2024,ODETTE,CIDA MOREIRA
5565,Funk Como Le Gusta,2024-05-18,2024,SESC POMPEIA,FUNK COMO LE GUSTA
5566,Paura,2024-05-18,2024,CENTRO CULTURAL DA JUVENTUDE RUTH CARDOSO,PAURA
5567,Romy,2024-05-18,2024,PARQUE DO IBIRAPUERA,ROMY
5568,Pato Fu,2024-05-18,2024,AUDIO,PATO FU
5569,Rachel Reis,2024-05-18,2024,CASA NATURA MUSICAL,RACHEL REIS
5570,Jaloo,2024-05-18,2024,PARQUE DO IBIRAPUERA,JALOO
5571,Djonga,2024-05-18,2024,VALE DO ANHANGABAU,DJONGA
5572,Ayra Starr,2024-05-18,2024,PARQUE DO IBIRAPUERA,AYRA STARR
5573,Ratos de Porão,2024-05-18,2024,CENTRO CULTURAL DA JUVENTUDE RUTH CARDOSO,RATOS DE PORAO
5574,Hurricanes,2024-05-18,2024,HANGAR 110,HURRICANES
5575,Pabllo Vittar,2024-05-18,2024,VALE DO ANHANGABAU,PABLLO VITTAR
5576,Electric Mob,2024-05-18,2024,HANGAR 110,ELECTRIC MOB
5577,Skalyface,2024-05-18,2024,CARIOCA CLUB,SKALYFACE
5578,Jup do Bairro,2024-05-18,2024,CENTRO CULTURAL DA PENHA,JUP DO BAIRRO
5579,Anelis Assumpção,2024-05-18,2024,SESC BELENZINHO,ANELIS ASSUMPCAO
5580,Fausto Fawcett,2024-05-18,2024,PARQUE DO IBIRAPUERA,FAUSTO FAWCETT
5581,Innabrain,2024-05-18,2024,CEU ARTUR ALVIM,INNABRAIN
5582,Ed Motta,2024-05-18,2024,TEATRO SESC 24 DE MAIO,ED MOTTA
5583,Accept,2024-05-18,2024,CARIOCA CLUB,ACCEPT
5584,Soft Cell,2024-05-18,2024,PARQUE DO IBIRAPUERA,SOFT CELL
5585,Cimafunk,2024-05-18,2024,PARQUE DO IBIRAPUERA,CIMAFUNK
5586,2manydjs,2024-05-18,2024,PARQUE DO IBIRAPUERA,2MANYDJS
5587,Tuatha de Danann,2024-05-18,2024,STUDIO STAGE,TUATHA DE DANANN
5588,Crizin da Z.O.,2024-05-18,2024,SESC AVENIDA PAULISTA,CRIZIN DA Z.O.
5589,Krisiun,2024-05-18,2024,CENTRO CULTURAL DA JUVENTUDE RUTH CARDOSO,KRISIUN
5590,Funk Como Le Gusta,2024-05-19,2024,SESC POMPEIA,FUNK COMO LE GUSTA
5591,Matuê,2024-05-19,2024,VALE DO ANHANGABAU,MATUE
5592,Junio Barreto,2024-05-19,2024,CENTRO CULTURAL TENDAL DA LAPA,JUNIO BARRETO
5593,Gloria Groove,2024-05-19,2024,VIRADA CULTURAL,GLORIA GROOVE
5594,Laboratori,2024-05-19,2024,NOVO BRILHO DA LUA,LABORATORI
5595,Paris Texas,2024-05-19,2024,PARQUE DO IBIRAPUERA,PARIS TEXAS
5596,Jair Naves,2024-05-19,2024,PARQUE DO IBIRAPUERA,JAIR NAVES
5597,Dinner Party,2024-05-19,2024,AUDITORIO IBIRAPUERA,DINNER PARTY
5598,Questions,2024-05-19,2024,NOVO BRILHO DA LUA,QUESTIONS
5599,Halleck,2024-05-19,2024,A PORTA MALDITA,HALLECK
5600,Preta Gil,2024-05-19,2024,PARQUE DO IBIRAPUERA,PRETA GIL
5601,Jota.pê,2024-05-19,2024,SESC POMPEIA,JOTA.PE
5602,DENNIS,2024-05-19,2024,VALE DO ANHANGABAU,DENNIS
5603,Eskröta,2024-05-19,2024,NOVO BRILHO DA LUA,ESKROTA
5604,Bayside Kings,2024-05-19,2024,NOVO BRILHO DA LUA,BAYSIDE KINGS
5605,Geraldo Azevedo,2024-05-19,2024,AV. DEPUTADO DR. JOSE ARISTODEMO PINOTTI,GERALDO AZEVEDO
5606,Plastic Fire,2024-05-19,2024,NOVO BRILHO DA LUA,PLASTIC FIRE
5607,Los Sebosos Postizos,2024-05-19,2024,CENTRO CULTURAL TENDAL DA LAPA,LOS SEBOSOS POSTIZOS
5608,Academia da Berlinda,2024-05-19,2024,CENTRO CULTURAL TENDAL DA LAPA,ACADEMIA DA BERLINDA
5609,Mateus Fazeno Rock,2024-05-19,2024,CASA DE CULTURA TREMEMBE,MATEUS FAZENO ROCK
5610,Children of the Beast,2024-05-19,2024,LA IGLESIA BORRATXERIA,CHILDREN OF THE BEAST
5611,Rastapé,2024-05-19,2024,VIRADA CULTURAL,RASTAPE
5612,Trypophöbia,2024-05-19,2024,HELP! FEST - SOS RIO GRANDE DO SUL,TRYPOPHOBIA
5613,Picanha de Chernobill,2024-05-19,2024,AVENIDA PAULISTA,PICANHA DE CHERNOBILL
5614,Fran,2024-05-19,2024,PARQUE DO IBIRAPUERA,FRAN
5615,One True Reason,2024-05-19,2024,NOVO BRILHO DA LUA,ONE TRUE REASON
5616,Bufo Borealis,2024-05-19,2024,MIS - MUSEU DA IMAGEM E DO SOM,BUFO BOREALIS
5617,Tom Zé,2024-05-19,2024,SESC 14 BIS,TOM ZE
5618,DJ Memé,2024-05-19,2024,PARQUE DO IBIRAPUERA,DJ MEME
5619,Luccas Carlos,2024-05-19,2024,PARQUE DO IBIRAPUERA,LUCCAS CARLOS
5620,Jorge Aragão,2024-05-19,2024,CENTRO CULTURAL GRAJAU,JORGE ARAGAO
5621,Pavement,2024-05-19,2024,PARQUE DO IBIRAPUERA,PAVEMENT
5622,Coralinne,2024-05-19,2024,AVENIDA PAULISTA,CORALINNE
5623,Jay Vaquer,2024-05-19,2024,FABRIQUE CLUB,JAY VAQUER
5624,Blessthefall,2024-05-19,2024,CARIOCA CLUB,BLESSTHEFALL
5625,Cassiane,2024-05-19,2024,VALE DO ANHANGABAU,CASSIANE
5626,Maria Rita,2024-05-19,2024,VIRADA CULTURAL,MARIA RITA
5627,Squid,2024-05-19,2024,PARQUE DO IBIRAPUERA,SQUID
5628,Gilsons,2024-05-19,2024,ESPACO UNIMED,GILSONS
5629,Danna Paola,2024-05-19,2024,CINE JOIA,DANNA PAOLA
5630,Donavon Frankenreiter,2024-05-19,2024,AUDIO,DONAVON FRANKENREITER
5631,Daniel Ganjaman,2024-05-19,2024,PARQUE DO IBIRAPUERA,DANIEL GANJAMAN
5632,Robert Glasper,2024-05-19,2024,AUDITORIO IBIRAPUERA,ROBERT GLASPER
5633,Cat Power,2024-05-19,2024,PARQUE DO IBIRAPUERA,CAT POWER
5634,David Morales,2024-05-19,2024,PARQUE DO IBIRAPUERA,DAVID MORALES
5635,Liniker,2024-05-19,2024,PARQUE DO IBIRAPUERA,LINIKER
5636,Innabrain,2024-05-19,2024,GAZ BURNING BAR,INNABRAIN
5637,Far from Alaska,2024-05-19,2024,CASA DE CULTURA TREMEMBE,FAR FROM ALASKA
5638,Young Fathers,2024-05-19,2024,PARQUE DO IBIRAPUERA,YOUNG FATHERS
5639,Negra Li,2024-05-19,2024,PARQUE DO IBIRAPUERA,NEGRA LI
5640,Kamasi Washington,2024-05-19,2024,AUDITORIO IBIRAPUERA,KAMASI WASHINGTON
5641,Noah Cyrus,2024-05-19,2024,PARQUE DO IBIRAPUERA,NOAH CYRUS
5642,Daniel Caesar,2024-05-19,2024,PARQUE DO IBIRAPUERA,DANIEL CAESAR
5643,Milky Chance,2024-05-19,2024,AUDIO,MILKY CHANCE
5644,Oruã,2024-05-21,2024,RED STAR STUDIOS,ORUA
5645,Iara Rennó,2024-05-21,2024,PULSO HOTEL,IARA RENNO
5646,Bruna Alimonda,2024-05-21,2024,CASA DE FRANCISCA,BRUNA ALIMONDA
5647,Gustthavo,2024-05-21,2024,CASA DE SHOW ESPECIFICA,GUSTTHAVO
5648,Luedji Luna,2024-05-21,2024,CASA NATURA MUSICAL,LUEDJI LUNA
5649,Mayra Andrade,2024-05-22,2024,TEATRO SESC POMPEIA,MAYRA ANDRADE
5650,Raça,2024-05-22,2024,BAR ALTO,RACA
5651,Edgard Scandurra,2024-05-23,2024,SESC POMPEIA,EDGARD SCANDURRA
5652,Mother Folkers,2024-05-23,2024,PORAO DA SANFRAN,MOTHER FOLKERS
5653,Il Divo,2024-05-23,2024,ESPACO UNIMED,IL DIVO
5654,João Gordo & Asteroides Trio,2024-05-23,2024,LONDON CALLING DISCOS,JOAO GORDO & ASTEROIDES TRIO
5655,Sigrid,2024-05-23,2024,CINE JOIA,SIGRID
5656,Gab Ferreira,2024-05-23,2024,CINE JOIA,GAB FERREIRA
5657,Mayra Andrade,2024-05-23,2024,SESC POMPEIA,MAYRA ANDRADE
5658,Edson & Hudson,2024-05-24,2024,TOKIO MARINE HALL,EDSON & HUDSON
5659,Cachorro Grande,2024-05-24,2024,CINE JOIA,CACHORRO GRANDE
5660,Luísa Sonza,2024-05-24,2024,ESPACO UNIMED,LUISA SONZA
5661,Urias,2024-05-24,2024,AUDIO,URIAS
5662,The Calling,2024-05-24,2024,CARIOCA CLUB,THE CALLING
5663,Vespas Mandarinas,2024-05-24,2024,SESC BELENZINHO,VESPAS MANDARINAS
5664,Peter Evans,2024-05-24,2024,SESC BELENZINHO,PETER EVANS
5665,Luedji Luna,2024-05-24,2024,SESC PINHEIROS,LUEDJI LUNA
5666,Zander,2024-05-24,2024,SESC BELENZINHO,ZANDER
5667,Raimundos,2024-05-25,2024,ARENA ANHEMBI,RAIMUNDOS
5668,Desalmado,2024-05-25,2024,FFFRONT,DESALMADO
5669,Emicida,2024-05-25,2024,PARQUE DO IBIRAPUERA,EMICIDA
5670,Roots – Sepultura Tributo,2024-05-25,2024,RELICARIO ROCK BAR,ROOTS - SEPULTURA TRIBUTO
5671,Di Ferrero,2024-05-25,2024,ARENA ANHEMBI,DI FERRERO
5672,Melly,2024-05-25,2024,PARQUE VILLA-LOBOS,MELLY
5673,FBC,2024-05-25,2024,PARQUE VILLA-LOBOS,FBC
5674,Biquini,2024-05-25,2024,ARENA ANHEMBI,BIQUINI
5675,Alceu Valença,2024-05-25,2024,PARQUE VILLA-LOBOS,ALCEU VALENCA
5676,Nando Reis,2024-05-25,2024,PARQUE VILLA-LOBOS,NANDO REIS
5677,Hodari,2024-05-25,2024,PARQUE VILLA-LOBOS,HODARI
5678,Luísa Sonza,2024-05-25,2024,ESPACO UNIMED,LUISA SONZA
5679,DJ Bonekinha Iraquiana,2024-05-25,2024,VOID GENERAL STORE,DJ BONEKINHA IRAQUIANA
5680,Bufo Borealis,2024-05-25,2024,CENTRO CULTURAL TENDAL DA LAPA,BUFO BOREALIS
5681,Leci Brandão,2024-05-25,2024,PARQUE VILLA-LOBOS,LECI BRANDAO
5682,Humberto Gessinger,2024-05-25,2024,ARENA ANHEMBI,HUMBERTO GESSINGER
5683,Pabllo Vittar,2024-05-25,2024,PARQUE VILLA-LOBOS,PABLLO VITTAR
5684,BLITZ,2024-05-25,2024,ARENA ANHEMBI,BLITZ
5685,The Risen Dread,2024-05-25,2024,CASA AUREA,THE RISEN DREAD
5686,Andrea Bocelli,2024-05-25,2024,ALLIANZ PARQUE,ANDREA BOCELLI
5687,Hatefulmurder,2024-05-25,2024,CASA AUREA,HATEFULMURDER
5688,Fernanda Abreu,2024-05-25,2024,SESC PINHEIROS,FERNANDA ABREU
5689,Simoninha,2024-05-25,2024,SALA SAO PAULO,SIMONINHA
5690,Xande de Pilares,2024-05-25,2024,SALA SAO PAULO,XANDE DE PILARES
5691,Yoh,2024-05-25,2024,CENTRO CULTURAL TENDAL DA LAPA,YOH
5692,Ira!,2024-05-25,2024,ARENA ANHEMBI,IRA!
5693,Ultraje a rigor,2024-05-25,2024,ARENA ANHEMBI,ULTRAJE A RIGOR
5694,Detonautas Roque Clube,2024-05-25,2024,ARENA ANHEMBI,DETONAUTAS ROQUE CLUBE
5695,Jota.pê,2024-05-25,2024,PARQUE DO IBIRAPUERA,JOTA.PE
5696,Gloria,2024-05-25,2024,HANGAR 110,GLORIA
5697,Paulo Ricardo,2024-05-25,2024,ARENA ANHEMBI,PAULO RICARDO
5698,Frejat,2024-05-25,2024,ARENA ANHEMBI,FREJAT
5699,Davide Carbone,2024-05-26,2024,ALLIANZ PARQUE,DAVIDE CARBONE
5700,Getúlio Abelha,2024-05-26,2024,PARQUE VILLA-LOBOS,GETULIO ABELHA
5701,Baco Exu do Blues,2024-05-26,2024,PARQUE VILLA-LOBOS,BACO EXU DO BLUES
5702,Marina Sena,2024-05-26,2024,PARQUE VILLA-LOBOS,MARINA SENA
5703,Maria Gadú,2024-05-26,2024,PARQUE VILLA-LOBOS,MARIA GADU
5704,Fernanda Abreu,2024-05-26,2024,SESC PINHEIROS,FERNANDA ABREU
5705,Urias,2024-05-26,2024,PARQUE VILLA-LOBOS,URIAS
5706,Maria Rita,2024-05-26,2024,PARQUE VILLA-LOBOS,MARIA RITA
5707,Andrea Bocelli,2024-05-26,2024,ALLIANZ PARQUE,ANDREA BOCELLI
5708,Rico Dalasam,2024-05-26,2024,PARQUE VILLA-LOBOS,RICO DALASAM
5709,Catto,2024-05-27,2024,TEATRO MARS,CATTO
5710,Teto Preto,2024-05-27,2024,SESC CARMO,TETO PRETO
5711,Di Melo,2024-05-28,2024,FATIADO DISCOS E CERVEJAS ESPECIAIS,DI MELO
5712,Johnny Hooker,2024-05-29,2024,CENTRO CULTURAL TENDAL DA LAPA,JOHNNY HOOKER
5713,Juçara Marçal,2024-05-29,2024,CENTRO CULTURAL FIESP,JUCARA MARCAL
5714,Lorena Simpson,2024-05-29,2024,HIGH CLUB,LORENA SIMPSON
5715,Wanessa Camargo,2024-05-29,2024,HIGH CLUB,WANESSA CAMARGO
5716,Oingo Boingo Former Members,2024-05-29,2024,ESPACO UNIMED,OINGO BOINGO FORMER MEMBERS
5717,Eddie,2024-05-30,2024,CASA DE FRANCISCA,EDDIE
5718,Totô de Babalong,2024-05-30,2024,FUNILARIA,TOTO DE BABALONG
5719,Gloria Groove,2024-05-30,2024,ARENA PINHEIROS,GLORIA GROOVE
5720,Maurício Pereira e Tonho Penhasco,2024-05-31,2024,CASA DE FRANCISCA,MAURICIO PEREIRA E TONHO PENHASCO
5721,Karen Jonz,2024-05-31,2024,SESC AVENIDA PAULISTA,KAREN JONZ
5722,Joelma,2024-05-31,2024,ARENA PINHEIROS,JOELMA
5723,Infamous Glory,2024-06-01,2024,JAI CLUB,INFAMOUS GLORY
5724,Jenni Sex,2024-06-01,2024,MADAME CLUB,JENNI SEX
5725,Denuit,2024-06-01,2024,MADAME CLUB,DENUIT
5726,Wade MacNeil,2024-06-01,2024,CARIOCA CLUB,WADE MACNEIL
5727,Black Pantera,2024-06-01,2024,GAZ BURNING BAR,BLACK PANTERA
5728,Não Há Mais Volta,2024-06-01,2024,GAZ BURNING BAR,NAO HA MAIS VOLTA
5729,Axty,2024-06-01,2024,SESC BELENZINHO,AXTY
5730,Cha Eun Woo,2024-06-01,2024,VIBRA SAO PAULO,CHA EUN WOO
5731,Desalmado,2024-06-01,2024,JAI CLUB,DESALMADO
5732,InRaza,2024-06-01,2024,GAZ BURNING BAR,INRAZA
5733,Twin Tribes,2024-06-01,2024,MADAME CLUB,TWIN TRIBES
5734,Jake Shears,2024-06-01,2024,CAMPO DE MARTE,JAKE SHEARS
5735,ROT,2024-06-01,2024,JAI CLUB,ROT
5736,Obitto,2024-06-01,2024,JAI CLUB,OBITTO
5737,Podridão,2024-06-01,2024,JAI CLUB,PODRIDAO
5738,Selton,2024-06-01,2024,SESC POMPEIA,SELTON
5739,Gaby Amarantos,2024-06-02,2024,AVENIDA PAULISTA,GABY AMARANTOS
5740,Gloria Groove,2024-06-02,2024,AVENIDA PAULISTA,GLORIA GROOVE
5741,Pabllo Vittar,2024-06-02,2024,AVENIDA PAULISTA,PABLLO VITTAR
5742,Diodato,2024-06-02,2024,SESC PINHEIROS,DIODATO
5743,Coralinne,2024-06-02,2024,HELLRAISER ROCK BAR,CORALINNE
5744,DEVILOOF,2024-06-02,2024,JAI CLUB,DEVILOOF
5745,Banda Uó,2024-06-02,2024,AVENIDA PAULISTA,BANDA UO
5746,Test,2024-06-03,2024,CENTRO DA TERRA,TEST
5747,Juçara Marçal,2024-06-04,2024,CENTRO DA TERRA,JUCARA MARCAL
5748,ANNÁ,2024-06-05,2024,SESC PINHEIROS,ANNA
5749,Metá Metá,2024-06-05,2024,CASA DE FRANCISCA,META META
5750,Terno Rei,2024-06-05,2024,BAR ALTO,TERNO REI
5751,Los Sebosos Postizos,2024-06-06,2024,SESC POMPEIA,LOS SEBOSOS POSTIZOS
5752,New Model Army,2024-06-06,2024,FABRIQUE CLUB,NEW MODEL ARMY
5753,Black Alien,2024-06-06,2024,CINE JOIA,BLACK ALIEN
5754,Richard Clayderman,2024-06-06,2024,ESPACO UNIMED,RICHARD CLAYDERMAN
5755,Metá Metá,2024-06-06,2024,CASA DE FRANCISCA,META META
5756,FBC,2024-06-07,2024,CENTRO CULTURAL TENDAL DA LAPA,FBC
5757,Laboratori,2024-06-07,2024,FFFRONT,LABORATORI
5758,Interpol,2024-06-07,2024,AUDIO,INTERPOL
5759,Los Sebosos Postizos,2024-06-07,2024,SESC POMPEIA,LOS SEBOSOS POSTIZOS
5760,Roots – Sepultura Tributo,2024-06-07,2024,ALTAS HORAS,ROOTS - SEPULTURA TRIBUTO
5761,Amigos,2024-06-07,2024,ALLIANZ PARQUE,AMIGOS
5762,Espacialrias,2024-06-07,2024,CAVALO ESTUDIO,ESPACIALRIAS
5763,Patrulha do Espaço,2024-06-07,2024,SESC BELENZINHO,PATRULHA DO ESPACO
5764,Coralinne,2024-06-07,2024,ST PAUL'S PUB,CORALINNE
5765,Weedevil,2024-06-08,2024,FFFRONT,WEEDEVIL
5766,Presidente Judas,2024-06-08,2024,FFFRONT,PRESIDENTE JUDAS
5767,Os Brutus,2024-06-08,2024,CARIOCA CLUB,OS BRUTUS
5768,Los Sebosos Postizos,2024-06-08,2024,SESC POMPEIA,LOS SEBOSOS POSTIZOS
5769,Matogrosso & Mathias,2024-06-08,2024,,MATOGROSSO & MATHIAS
5770,New Model Army,2024-06-08,2024,CARIOCA CLUB,NEW MODEL ARMY
5771,Interpol,2024-06-08,2024,AUDIO,INTERPOL
5772,Fábio Jr.,2024-06-08,2024,TOKIO MARINE HALL,FABIO JR.
5773,Carne Doce,2024-06-08,2024,SESC BELENZINHO,CARNE DOCE
5774,Revenge of Kiss,2024-06-08,2024,WOODSTOCK ROCK STORE,REVENGE OF KISS
5775,Innabrain,2024-06-08,2024,PORAO DA CERVEJA,INNABRAIN
5776,FoxHeads,2024-06-08,2024,WOODSTOCK ROCK STORE,FOXHEADS
5777,Raça Negra,2024-06-08,2024,VIBRA SAO PAULO,RACA NEGRA
5778,The Beast Experience,2024-06-08,2024,TEATRO UMC,THE BEAST EXPERIENCE
5779,boasorte,2024-06-08,2024,A PORTA MALDITA,BOASORTE
5780,Arrigo Barnabé,2024-06-09,2024,BONA CASA DE MUSICA,ARRIGO BARNABE
5781,Facada,2024-06-09,2024,VIP STATION,FACADA
5782,Conception,2024-06-09,2024,CARIOCA CLUB,CONCEPTION
5783,Xamã,2024-06-09,2024,ALLIANZ PARQUE,XAMA
5784,Thedy Corrêa,2024-06-09,2024,ALLIANZ PARQUE,THEDY CORREA
5785,JUNIOR,2024-06-09,2024,ALLIANZ PARQUE,JUNIOR
5786,WIU,2024-06-09,2024,ALLIANZ PARQUE,WIU
5787,Xand Avião,2024-06-09,2024,ALLIANZ PARQUE,XAND AVIAO
5788,MC Hariel,2024-06-09,2024,ALLIANZ PARQUE,MC HARIEL
5789,Vulcano,2024-06-09,2024,VIP STATION,VULCANO
5790,Trio Virgulino,2024-06-09,2024,SESC INTERLAGOS,TRIO VIRGULINO
5791,Léo Santana,2024-06-09,2024,ALLIANZ PARQUE,LEO SANTANA
5792,Juliette,2024-06-09,2024,ALLIANZ PARQUE,JULIETTE
5793,Armiferum,2024-06-09,2024,CARIOCA CLUB,ARMIFERUM
5794,Carlinhos Brown,2024-06-09,2024,ALLIANZ PARQUE,CARLINHOS BROWN
5795,LUDMILLA,2024-06-09,2024,ALLIANZ PARQUE,LUDMILLA
5796,Velho,2024-06-09,2024,VIP STATION,VELHO
5797,Cemitério,2024-06-09,2024,VIP STATION,CEMITERIO
5798,Grupo Menos é Mais,2024-06-09,2024,ALLIANZ PARQUE,GRUPO MENOS E MAIS
5799,Maestrick,2024-06-09,2024,CARIOCA CLUB,MAESTRICK
5800,Armandinho,2024-06-09,2024,ALLIANZ PARQUE,ARMANDINHO
5801,Turma do Pagode,2024-06-09,2024,ALLIANZ PARQUE,TURMA DO PAGODE
5802,Lexa,2024-06-09,2024,ALLIANZ PARQUE,LEXA
5803,Mc Don Juan,2024-06-09,2024,ALLIANZ PARQUE,MC DON JUAN
5804,MC Davi,2024-06-09,2024,ALLIANZ PARQUE,MC DAVI
5805,PEDRO SAMPAIO,2024-06-09,2024,ALLIANZ PARQUE,PEDRO SAMPAIO
5806,Luísa Sonza,2024-06-09,2024,ALLIANZ PARQUE,LUISA SONZA
5807,Mc Daniel,2024-06-09,2024,ALLIANZ PARQUE,MC DANIEL
5808,DUDA BEAT,2024-06-09,2024,ALLIANZ PARQUE,DUDA BEAT
5809,Ferrugem,2024-06-09,2024,ALLIANZ PARQUE,FERRUGEM
5810,Cristiano Quevedo,2024-06-09,2024,ALLIANZ PARQUE,CRISTIANO QUEVEDO
5811,Vitor Kley,2024-06-09,2024,ALLIANZ PARQUE,VITOR KLEY
5812,FBC,2024-06-09,2024,CENTRO CULTURAL TENDAL DA LAPA,FBC
5813,Venom Inc.,2024-06-09,2024,VIP STATION,VENOM INC.
5814,Possessed,2024-06-09,2024,VIP STATION,POSSESSED
5815,Luan Pereira,2024-06-09,2024,ALLIANZ PARQUE,LUAN PEREIRA
5816,Zé Felipe,2024-06-09,2024,ALLIANZ PARQUE,ZE FELIPE
5817,Gloria Groove,2024-06-09,2024,ALLIANZ PARQUE,GLORIA GROOVE
5818,Elton Saldanha,2024-06-09,2024,ALLIANZ PARQUE,ELTON SALDANHA
5819,Esteban Tavares,2024-06-09,2024,AUGUSTA HI-FI,ESTEBAN TAVARES
5820,POCAH,2024-06-09,2024,ALLIANZ PARQUE,POCAH
5821,O Teatro Mágico,2024-06-09,2024,TEATRO J. SAFRA,O TEATRO MAGICO
5822,Test,2024-06-10,2024,CENTRO DA TERRA,TEST
5824,Facada,2024-06-10,2024,FENDA 315,FACADA
5825,Liniker,2024-06-11,2024,TEATRO BRADESCO,LINIKER
5826,Juçara Marçal,2024-06-11,2024,CENTRO DA TERRA,JUCARA MARCAL
5828,Jota Quest,2024-06-12,2024,ESTACAO SE,JOTA QUEST
5829,Arrigo Barnabé,2024-06-12,2024,CASA DE FRANCISCA,ARRIGO BARNABE
5830,Tiago Iorc,2024-06-12,2024,TEATRO BRADESCO,TIAGO IORC
5831,Zezé Di Camargo & Luciano,2024-06-12,2024,ESPACO UNIMED,ZEZE DI CAMARGO & LUCIANO
5832,ÀIYÉ,2024-06-13,2024,PICLES CARDEAL,AIYE
5833,Tagore,2024-06-13,2024,MUNDO PENSANTE,TAGORE
5834,MC Soffia,2024-06-13,2024,FUNILARIA,MC SOFFIA
5835,Lúcio Maia,2024-06-13,2024,MUNDO PENSANTE,LUCIO MAIA
5836,Enthroned,2024-06-13,2024,LA IGLESIA BORRATXERIA,ENTHRONED
5837,Black Pantera,2024-06-13,2024,SESC POMPEIA,BLACK PANTERA
5838,NervoChaos,2024-06-13,2024,LA IGLESIA BORRATXERIA,NERVOCHAOS
5839,Introtyl,2024-06-13,2024,LA IGLESIA BORRATXERIA,INTROTYL
5840,Alzira E + Corte,2024-06-13,2024,PICLES CARDEAL,ALZIRA E + CORTE
5841,Nenhum de Nós,2024-06-14,2024,TEATRO B32,NENHUM DE NOS
5842,Rico Dalasam,2024-06-14,2024,SESC BELENZINHO,RICO DALASAM
5843,Péricles,2024-06-14,2024,AUDIO,PERICLES
5844,Paulo Miklos,2024-06-14,2024,SESC PINHEIROS,PAULO MIKLOS
5845,Marcelo Jeneci,2024-06-14,2024,SESC POMPEIA,MARCELO JENECI
5846,ballburya,2024-06-14,2024,CARDEAL PUB,BALLBURYA
5847,ANAVITÓRIA & Nando Reis,2024-06-14,2024,ESPACO UNIMED,ANAVITORIA & NANDO REIS
5848,365,2024-06-14,2024,LONDON CALLING DISCOS,365
5849,DJ Guih da ZO,2024-06-14,2024,VOID GENERAL STORE,DJ GUIH DA ZO
5850,Boyce Avenue,2024-06-15,2024,VIP STATION,BOYCE AVENUE
5851,Frontinn,2024-06-15,2024,CARACOL BAR,FRONTINN
5852,Sandy,2024-06-15,2024,ESPACO UNIMED,SANDY
5853,Jota Quest,2024-06-15,2024,ALLIANZ PARQUE,JOTA QUEST
5854,Mariana Nolasco,2024-06-15,2024,VIP STATION,MARIANA NOLASCO
5855,POCAH,2024-06-15,2024,AUDIO,POCAH
5856,Gabriel Gonti,2024-06-15,2024,VIP STATION,GABRIEL GONTI
5857,Marcelo Jeneci,2024-06-15,2024,SESC POMPEIA,MARCELO JENECI
5858,Nuclearphobia,2024-06-15,2024,SHUB HOUSE,NUCLEARPHOBIA
5859,Chão de Taco,2024-06-15,2024,HANGAR 110,CHAO DE TACO
5860,MC Soffia,2024-06-15,2024,AUDIO,MC SOFFIA
5861,Paulo Miklos,2024-06-15,2024,SESC PINHEIROS,PAULO MIKLOS
5862,Funk Como Le Gusta,2024-06-15,2024,TARANTINO CERVEJARIA,FUNK COMO LE GUSTA
5863,O Grilo,2024-06-15,2024,CASA NATURA MUSICAL,O GRILO
5864,DUDA BEAT,2024-06-15,2024,AUDIO,DUDA BEAT
5865,Menores Atos,2024-06-15,2024,HANGAR 110,MENORES ATOS
5866,Picanha de Chernobill,2024-06-16,2024,AVENIDA PAULISTA,PICANHA DE CHERNOBILL
5867,Sandy,2024-06-16,2024,ESPACO UNIMED,SANDY
5868,DJ Marky,2024-06-16,2024,D-EDGE CLUB,DJ MARKY
5869,Rancore,2024-06-16,2024,CINE JOIA,RANCORE
5870,Nomade Orquestra,2024-06-16,2024,SESC PINHEIROS,NOMADE ORQUESTRA
5871,City and Colour,2024-06-16,2024,TOKIO MARINE HALL,CITY AND COLOUR
5872,Test,2024-06-17,2024,CENTRO DA TERRA,TEST
5873,Tangolo Mangos,2024-06-20,2024,CASA NATURA MUSICAL,TANGOLO MANGOS
5874,Crânula,2024-06-20,2024,DEPOIS DO FIM DO MUNDO ESTUDIO,CRANULA
5875,Lúcio Maia,2024-06-20,2024,CINESESC,LUCIO MAIA
5876,Sophia Chablau e Uma Enorme Perda de Tempo,2024-06-20,2024,CASA NATURA MUSICAL,SOPHIA CHABLAU E UMA ENORME PERDA DE TEMPO
5877,Karnak,2024-06-20,2024,BLUE NOTE SAO PAULO,KARNAK
5878,Zeca Pagodinho,2024-06-21,2024,ESPACO UNIMED,ZECA PAGODINHO
5879,Pitty,2024-06-21,2024,TERRA SP,PITTY
5880,Far from Alaska,2024-06-21,2024,SESC SANTANA,FAR FROM ALASKA
5881,Discharge,2024-06-21,2024,CARIOCA CLUB,DISCHARGE
5882,BNegão,2024-06-21,2024,CINEMATECA BRASILEIRA,BNEGAO
5883,Hermeto Pascoal,2024-06-21,2024,SESC VILA MARIANA,HERMETO PASCOAL
5884,365,2024-06-21,2024,SESC BELENZINHO,365
5885,Havok,2024-06-21,2024,CARIOCA CLUB,HAVOK
5886,Midnight,2024-06-21,2024,CARIOCA CLUB,MIDNIGHT
5887,Manger Cadavre?,2024-06-21,2024,CARIOCA CLUB,MANGER CADAVRE?
5888,Rodrigo Teaser,2024-06-22,2024,TOKIO MARINE HALL,RODRIGO TEASER
5889,lōtico,2024-06-22,2024,A PORTA MALDITA,LOTICO
5890,Dead Fish,2024-06-22,2024,CINE JOIA,DEAD FISH
5891,Capote,2024-06-22,2024,FFFRONT,CAPOTE
5892,Zeca Pagodinho,2024-06-22,2024,ESPACO UNIMED,ZECA PAGODINHO
5893,Zander,2024-06-22,2024,HANGAR 110,ZANDER
5894,Nameless Gods,2024-06-22,2024,A PORTA MALDITA,NAMELESS GODS
5895,Charli xcx,2024-06-22,2024,ZIG STUDIO,CHARLI XCX
5896,Arrigo Barnabé,2024-06-22,2024,GALERIA OLIDO,ARRIGO BARNABE
5897,Bong Brigade,2024-06-22,2024,FENDA 315,BONG BRIGADE
5898,Matanza Ritual,2024-06-22,2024,AUDIO,MATANZA RITUAL
5899,Marisa Monte,2024-06-22,2024,PRACA DO RELOGIO DA UNIVERSIDADE DE SAO PAULO (USP),MARISA MONTE
5900,Hermeto Pascoal,2024-06-22,2024,SESC VILA MARIANA,HERMETO PASCOAL
5901,Di Ferrero,2024-06-22,2024,PARQUE DO IBIRAPUERA,DI FERRERO
5902,Massacration,2024-06-22,2024,AUDIO,MASSACRATION
5903,Bazuros,2024-06-22,2024,SOL Y SOMBRA,BAZUROS
5904,Evergrey,2024-06-22,2024,CARIOCA CLUB,EVERGREY
5905,The Obsessed,2024-06-22,2024,CITY LIGHTS MUSIC HALL,THE OBSESSED
5906,CPM 22,2024-06-22,2024,PARQUE DO IBIRAPUERA,CPM 22
5907,Hamilton de Holanda,2024-06-22,2024,SESC PINHEIROS,HAMILTON DE HOLANDA
5908,Joe Bonamassa,2024-06-22,2024,PARQUE DO IBIRAPUERA,JOE BONAMASSA
5909,Espectro,2024-06-22,2024,CITY LIGHTS MUSIC HALL,ESPECTRO
5910,Eric Gales,2024-06-22,2024,PARQUE DO IBIRAPUERA,ERIC GALES
5911,Zakk Sabbath,2024-06-22,2024,PARQUE DO IBIRAPUERA,ZAKK SABBATH
5912,Pesta,2024-06-22,2024,CITY LIGHTS MUSIC HALL,PESTA
5913,Tulipa Ruiz,2024-06-23,2024,CASA NATURA MUSICAL,TULIPA RUIZ
5914,Hermeto Pascoal,2024-06-23,2024,SESC VILA MARIANA,HERMETO PASCOAL
5915,Paira,2024-06-23,2024,BAR ALTO,PAIRA
5916,Hamilton de Holanda,2024-06-23,2024,SESC PINHEIROS,HAMILTON DE HOLANDA
5917,Rodrigo Teaser,2024-06-23,2024,TOKIO MARINE HALL,RODRIGO TEASER
5918,Rancore,2024-06-23,2024,CINE JOIA,RANCORE
5919,Mundo Video,2024-06-23,2024,BAR ALTO,MUNDO VIDEO
5920,Jovens Ateus,2024-06-23,2024,JAI CLUB,JOVENS ATEUS
5921,Test,2024-06-24,2024,CENTRO DA TERRA,TEST
5922,Marisa Monte,2024-06-24,2024,CENTRO DE DIFUSAO INTERNACIONAL DA UNIVERSIDADE DE SAO PAULO (CDI-USP),MARISA MONTE
5923,Maurício Pereira e Tonho Penhasco,2024-06-25,2024,PULSO HOTEL,MAURICIO PEREIRA E TONHO PENHASCO
5924,BLITZ,2024-06-25,2024,PAVILHAO DO TRANSAMERICA EXPO CENTER,BLITZ
5925,Rancore,2024-06-26,2024,BAR ALTO,RANCORE
5926,Jadsa,2024-06-26,2024,SESC PINHEIROS,JADSA
5927,Tangolo Mangos,2024-06-26,2024,A PORTA MALDITA,TANGOLO MANGOS
5928,Luiza Possi,2024-06-26,2024,PAVILHAO DO TRANSAMERICA EXPO CENTER,LUIZA POSSI
5929,Josyara,2024-06-26,2024,CENTRO CULTURAL SAO PAULO,JOSYARA
5930,IVE,2024-06-26,2024,ESPACO UNIMED,IVE
5931,Os Paralamas do Sucesso,2024-06-27,2024,PAVILHAO DO TRANSAMERICA EXPO CENTER,OS PARALAMAS DO SUCESSO
5932,Tiganá Santana,2024-06-27,2024,SESC POMPEIA,TIGANA SANTANA
5933,Chitãozinho & Xororó,2024-06-27,2024,ALLIANZ PARQUE,CHITAOZINHO & XORORO
5934,Ana Frango Elétrico,2024-06-28,2024,AUDITORIO RUBENS BORBA DE MORAES,ANA FRANGO ELETRICO
5935,João Suplicy,2024-06-28,2024,TEATRO B32,JOAO SUPLICY
5936,Children of the Beast,2024-06-28,2024,MORRISON ROCK BAR,CHILDREN OF THE BEAST
5937,Silibrina,2024-06-28,2024,CINE JOIA,SILIBRINA
5938,Quartabê,2024-06-28,2024,SESC VILA MARIANA,QUARTABE
5939,Death Of Caligari,2024-06-28,2024,CAFUNDO,DEATH OF CALIGARI
5940,Lagum,2024-06-28,2024,ESPACO UNIMED,LAGUM
5941,Ego Kill Talent,2024-06-28,2024,SESC AVENIDA PAULISTA,EGO KILL TALENT
5942,Falling Ashes,2024-06-28,2024,PORAO DA CERVEJA,FALLING ASHES
5943,Heaven’s Guardian,2024-06-28,2024,TEATRO GAMARO,HEAVEN'S GUARDIAN
5944,Tiganá Santana,2024-06-28,2024,SESC POMPEIA,TIGANA SANTANA
5945,Os Garotin,2024-06-29,2024,PARQUE DO IBIRAPUERA,OS GAROTIN
5946,Catto,2024-06-29,2024,PARQUE DO IBIRAPUERA,CATTO
5947,Chitãozinho & Xororó,2024-06-29,2024,PARQUE DO IBIRAPUERA,CHITAOZINHO & XORORO
5948,Nação Zumbi,2024-06-29,2024,PARQUE DO IBIRAPUERA,NACAO ZUMBI
5949,Chico César & Zeca Baleiro,2024-06-29,2024,PARQUE DO IBIRAPUERA,CHICO CESAR & ZECA BALEIRO
5950,Fresno,2024-06-29,2024,PARQUE DO IBIRAPUERA,FRESNO
5951,Ego Kill Talent,2024-06-29,2024,SESC AVENIDA PAULISTA,EGO KILL TALENT
5952,Banda Uó,2024-06-29,2024,PARQUE DO IBIRAPUERA,BANDA UO
5953,Capital Inicial,2024-06-29,2024,ESPACO UNIMED,CAPITAL INICIAL
5954,Espacialrias,2024-06-29,2024,A PORTA MALDITA,ESPACIALRIAS
5955,PRISCILLA,2024-06-30,2024,TOKIO MARINE HALL,PRISCILLA
5956,Capital Inicial,2024-06-30,2024,ESPACO UNIMED,CAPITAL INICIAL
5957,Djavan,2024-06-30,2024,PARQUE DO IBIRAPUERA,DJAVAN
5958,Assucena,2024-06-30,2024,PARQUE DO IBIRAPUERA,ASSUCENA
5959,Mãeana,2024-06-30,2024,PARQUE DO IBIRAPUERA,MAEANA
5960,MC Cabelinho,2024-06-30,2024,PARQUE DO IBIRAPUERA,MC CABELINHO
5961,Armandinho,2024-06-30,2024,PARQUE DO IBIRAPUERA,ARMANDINHO
5962,Alcione,2024-06-30,2024,PARQUE DO IBIRAPUERA,ALCIONE
5963,Revenge of Kiss,2024-06-30,2024,WOODSTOCK ROCK STORE,REVENGE OF KISS
5964,Axty,2024-06-30,2024,JAI CLUB,AXTY
5965,Rockfun Legends,2024-06-30,2024,WOODSTOCK ROCK STORE,ROCKFUN LEGENDS
5966,Bruxax,2024-06-30,2024,WOODSTOCK ROCK STORE,BRUXAX
5967,Oitão,2024-06-30,2024,WOODSTOCK ROCK STORE,OITAO
5968,Dr. Sin,2024-06-30,2024,WOODSTOCK ROCK STORE,DR. SIN
5969,Adriana Calcanhotto,2024-06-30,2024,PARQUE DO IBIRAPUERA,ADRIANA CALCANHOTTO
5970,Espacialrias,2024-07-03,2024,PORAO DA CERVEJA,ESPACIALRIAS
5971,Diogo Defante,2024-07-03,2024,FACEBOOK BRASIL,DIOGO DEFANTE
5972,Angus & Julia Stone,2024-07-03,2024,CINE JOIA,ANGUS & JULIA STONE
5973,Valesca Popozuda,2024-07-04,2024,FUNILARIA,VALESCA POPOZUDA
5974,Kiko Dinucci,2024-07-04,2024,CASA DE FRANCISCA,KIKO DINUCCI
5975,Red Razor,2024-07-05,2024,FFFRONT,RED RAZOR
5976,Projetonave,2024-07-05,2024,A PORTA MALDITA,PROJETONAVE
5977,Tulipa Ruiz,2024-07-05,2024,SESC BELENZINHO,TULIPA RUIZ
5978,Os Replicantes,2024-07-05,2024,SESC AVENIDA PAULISTA,OS REPLICANTES
5979,Russo Passapusso,2024-07-05,2024,SESC POMPEIA,RUSSO PASSAPUSSO
5980,The Manhattans,2024-07-05,2024,ESPACO UNIMED,THE MANHATTANS
5981,Cobra Spell,2024-07-05,2024,JAI CLUB,COBRA SPELL
5982,Cidade Dormitório,2024-07-06,2024,PICLES CARDEAL,CIDADE DORMITORIO
5983,Maglore,2024-07-06,2024,CASA NATURA MUSICAL,MAGLORE
5984,The Beast Experience,2024-07-06,2024,MANIFESTO BAR,THE BEAST EXPERIENCE
5985,Hurtmold,2024-07-06,2024,CENTRO CULTURAL DA JUVENTUDE RUTH CARDOSO,HURTMOLD
5986,Ancestral Malediction,2024-07-06,2024,HOUSE OF LEGENDS,ANCESTRAL MALEDICTION
5987,Sinister,2024-07-06,2024,HOUSE OF LEGENDS,SINISTER
5988,Podridão,2024-07-06,2024,HOUSE OF LEGENDS,PODRIDAO
5989,Ouse Morrer,2024-07-06,2024,CERVEJARIA RAT,OUSE MORRER
5990,Michael Sullivan &Paulo Massadas,2024-07-06,2024,CINE JOIA,MICHAEL SULLIVAN &PAULO MASSADAS
5991,Cefa,2024-07-06,2024,HANGAR 110,CEFA
5992,DJ K,2024-07-06,2024,VOID GENERAL STORE,DJ K
5993,Os Replicantes,2024-07-06,2024,SESC AVENIDA PAULISTA,OS REPLICANTES
5994,Thiaguinho,2024-07-06,2024,ESPACO UNIMED,THIAGUINHO
5995,Vulture,2024-07-06,2024,HOUSE OF LEGENDS,VULTURE
5996,Halleck,2024-07-06,2024,DEPOIS DO FIM DO MUNDO ESTUDIO,HALLECK
5997,Roots – Sepultura Tributo,2024-07-06,2024,CARDEAL PUB,ROOTS - SEPULTURA TRIBUTO
5998,Grinders,2024-07-07,2024,ARENA SHOW SP,GRINDERS
5999,Korja,2024-07-07,2024,ARENA SHOW SP,KORJA
6000,Emphuria,2024-07-07,2024,ARENA SHOW SP,EMPHURIA
6001,Plastic Fire,2024-07-07,2024,ARENA SHOW SP,PLASTIC FIRE
6002,Halleck,2024-07-07,2024,FABRICA DE CULTURA DA CIDADE TIRADENTES,HALLECK
6003,Dharma Numb,2024-07-07,2024,ARENA SHOW SP,DHARMA NUMB
6004,Coralinne,2024-07-07,2024,AVENIDA PAULISTA,CORALINNE
6005,Laboratori,2024-07-07,2024,ARENA SHOW SP,LABORATORI
6006,Vanguart,2024-07-08,2024,LARGO DO PAISSANDU,VANGUART
6007,Boogarins,2024-07-08,2024,LARGO DO PAISSANDU,BOOGARINS
6008,Forró Saborear,2024-07-08,2024,TERRA SP,FORRO SABOREAR
6009,Calcinha Preta,2024-07-08,2024,TERRA SP,CALCINHA PRETA
6010,Carne Doce,2024-07-08,2024,LARGO DO PAISSANDU,CARNE DOCE
6011,lōtico,2024-07-08,2024,FENDA 315,LOTICO
6012,Institution,2024-07-08,2024,FENDA 315,INSTITUTION
6013,Nação Zumbi,2024-07-09,2024,SESC INTERLAGOS,NACAO ZUMBI
6014,Guilherme de Sá,2024-07-09,2024,CAMPO DE MARTE - HANGAR 2,GUILHERME DE SA
6015,Karol Conká,2024-07-09,2024,AUDIO,KAROL CONKA
6016,Plutão Já Foi Planeta,2024-07-09,2024,TEATRO FLAVIO IMPERIO,PLUTAO JA FOI PLANETA
6017,Duquesa,2024-07-09,2024,CENTRO CULTURAL SAO PAULO,DUQUESA
6018,normA,2024-07-09,2024,TEATRO FLAVIO IMPERIO,NORMA
6019,Ema Stoned,2024-07-09,2024,TEATRO FLAVIO IMPERIO,EMA STONED
6020,Black Circle,2024-07-10,2024,TEATRO BRADESCO,BLACK CIRCLE
6021,Garotos Podres,2024-07-10,2024,CENTRO CULTURAL DA JUVENTUDE RUTH CARDOSO,GAROTOS PODRES
6022,Black Pantera,2024-07-10,2024,CENTRO CULTURAL DA JUVENTUDE RUTH CARDOSO,BLACK PANTERA
6023,Punho de Mahin,2024-07-10,2024,CENTRO CULTURAL DA JUVENTUDE RUTH CARDOSO,PUNHO DE MAHIN
6024,Planet Hemp,2024-07-11,2024,ESPACO UNIMED,PLANET HEMP
6025,Dominatrix,2024-07-11,2024,CENTRO CULTURAL DA DIVERSIDADE,DOMINATRIX
6026,Arrigo Barnabé,2024-07-11,2024,PICLES CARDEAL,ARRIGO BARNABE
6027,Tatá Aeroplano,2024-07-11,2024,SESC POMPEIA,TATA AEROPLANO
6028,Milieu,2024-07-11,2024,A PORTA MALDITA,MILIEU
6029,Mark Tuan,2024-07-11,2024,CINE JOIA,MARK TUAN
6030,Retrato,2024-07-11,2024,A PORTA MALDITA,RETRATO
6031,Emicaeli,2024-07-11,2024,A PORTA MALDITA,EMICAELI
6032,Zaynara,2024-07-12,2024,FUNILARIA,ZAYNARA
6033,Terno Rei,2024-07-12,2024,CASA DE CULTURA DO BUTANTA,TERNO REI
6034,Maglore,2024-07-12,2024,CASA DE CULTURA DO BUTANTA,MAGLORE
6035,MEE,2024-07-12,2024,ESTUDIO PAPRICA,MEE
6036,Marcos Valle,2024-07-12,2024,CINE JOIA,MARCOS VALLE
6037,normA,2024-07-12,2024,CASA DE CULTURA DO BUTANTA,NORMA
6038,Nina Maia,2024-07-12,2024,SESC BELENZINHO,NINA MAIA
6039,Yohan Kisser,2024-07-12,2024,AUTODROMO DE INTERLAGOS,YOHAN KISSER
6040,Dead Fish,2024-07-12,2024,SESC CAMPO LIMPO,DEAD FISH
6041,Vivendo do Ócio,2024-07-12,2024,CASA DE CULTURA DO BUTANTA,VIVENDO DO OCIO
6042,Ultraje a rigor,2024-07-13,2024,TOKIO MARINE HALL,ULTRAJE A RIGOR
6043,Korzus,2024-07-13,2024,CENTRO ESPORTIVO E DE LAZER TIETE,KORZUS
6044,Oitão,2024-07-13,2024,CENTRO ESPORTIVO E DE LAZER TIETE,OITAO
6045,Suicidal Tendencies,2024-07-13,2024,CENTRO ESPORTIVO E DE LAZER TIETE,SUICIDAL TENDENCIES
6046,Inocentes,2024-07-13,2024,CENTRO ESPORTIVO E DE LAZER TIETE,INOCENTES
6047,CPM 22,2024-07-13,2024,AUDIO,CPM 22
6048,Cali,2024-07-13,2024,CENTRO ESPORTIVO E DE LAZER TIETE,CALI
6049,Zumbis do Espaço,2024-07-13,2024,CENTRO CULTURAL TENDAL DA LAPA,ZUMBIS DO ESPACO
6050,365,2024-07-13,2024,TOKIO MARINE HALL,365
6051,Possuído Pelo Cão,2024-07-13,2024,RED STAR STUDIOS,POSSUIDO PELO CAO
6052,Invasores de Cérebros,2024-07-13,2024,RED STAR STUDIOS,INVASORES DE CEREBROS
6053,AttracthA,2024-07-13,2024,MANIFESTO BAR,ATTRACTHA
6054,Hiatus,2024-07-13,2024,RED STAR STUDIOS,HIATUS
6055,Dischavizer,2024-07-13,2024,RED STAR STUDIOS,DISCHAVIZER
6056,YMA,2024-07-13,2024,CASA ROCKAMBOLE,YMA
6057,Jadsa,2024-07-13,2024,CASA ROCKAMBOLE,JADSA
6058,Children of the Beast,2024-07-13,2024,MISTER BAR,CHILDREN OF THE BEAST
6059,Jimmy “Bo” Horne,2024-07-13,2024,ALLIANZ PARQUE,"JIMMY ""BO"" HORNE"
6060,Rael,2024-07-13,2024,ALLIANZ PARQUE,RAEL
6061,Catto,2024-07-13,2024,SESC SANTANA,CATTO
6062,Raimundos,2024-07-13,2024,TOKIO MARINE HALL,RAIMUNDOS
6063,Ema Stoned,2024-07-13,2024,CINE JOIA,EMA STONED
6064,Artigo DZ9?,2024-07-13,2024,CENTRO CULTURAL TENDAL DA LAPA,ARTIGO DZ9?
6065,Criolo,2024-07-13,2024,ALLIANZ PARQUE,CRIOLO
6066,Odeon,2024-07-13,2024,HANGAR 110,ODEON
6067,Anna Vis,2024-07-13,2024,AGORA TEATRO,ANNA VIS
6068,The Troops of Doom,2024-07-13,2024,LA IGLESIA BORRATXERIA,THE TROOPS OF DOOM
6069,Pentacrostic,2024-07-13,2024,LA IGLESIA BORRATXERIA,PENTACROSTIC
6070,Rockfun Legends,2024-07-13,2024,CENTRO ESPORTIVO E DE LAZER TIETE,ROCKFUN LEGENDS
6071,The Biggs,2024-07-13,2024,CINE JOIA,THE BIGGS
6072,As Mercenárias,2024-07-13,2024,CINE JOIA,AS MERCENARIAS
6073,Jorge Du Peixe,2024-07-13,2024,CITY LIGHTS MUSIC HALL,JORGE DU PEIXE
6074,Wizards,2024-07-13,2024,CENTRO CULTURAL DA PENHA,WIZARDS
6075,Mano Brown,2024-07-13,2024,ALLIANZ PARQUE,MANO BROWN
6076,Lauryn Hill,2024-07-13,2024,ALLIANZ PARQUE,LAURYN HILL
6077,Sandra de Sá,2024-07-13,2024,ALLIANZ PARQUE,SANDRA DE SA
6078,Sinistra,2024-07-13,2024,MANIFESTO BAR,SINISTRA
6079,Dominatrix,2024-07-13,2024,CINE JOIA,DOMINATRIX
6080,Corja,2024-07-13,2024,CENTRO ESPORTIVO E DE LAZER TIETE,CORJA
6081,Eskröta,2024-07-13,2024,CENTRO CULTURAL TENDAL DA LAPA,ESKROTA
6082,The Mönic,2024-07-13,2024,CINE JOIA,THE MONIC
6083,JUN. K,2024-07-14,2024,AUDIO,JUN. K
6084,Urutu,2024-07-14,2024,CENTRO CULTURAL TENDAL DA LAPA,URUTU
6085,BK,2024-07-14,2024,ESPACO UNIMED,BK
6086,Catto,2024-07-14,2024,SESC SANTANA,CATTO
6087,A Banda Mais Bonita da Cidade,2024-07-14,2024,CASA NATURA MUSICAL,A BANDA MAIS BONITA DA CIDADE
6088,Halleck,2024-07-14,2024,ECL FOFAO ROCK'N BAR,HALLECK
6089,Vazio,2024-07-14,2024,CENTRO CULTURAL TENDAL DA LAPA,VAZIO
6090,Possuído Pelo Cão,2024-07-14,2024,CENTRO CULTURAL TENDAL DA LAPA,POSSUIDO PELO CAO
6091,Hellway Train,2024-07-14,2024,CENTRO CULTURAL TENDAL DA LAPA,HELLWAY TRAIN
6092,ballburya,2024-07-14,2024,HOUSE OF LEGENDS,BALLBURYA
6093,Paura,2024-07-14,2024,CENTRO CULTURAL TENDAL DA LAPA,PAURA
6094,Sadistic Messiah,2024-07-14,2024,CENTRO CULTURAL TENDAL DA LAPA,SADISTIC MESSIAH
6095,Roots – Sepultura Tributo,2024-07-14,2024,AVENIDA PAULISTA,ROOTS - SEPULTURA TRIBUTO
6097,Bruno Gadiol,2024-07-17,2024,BLUE NOTE SAO PAULO,BRUNO GADIOL
6098,Allen Key,2024-07-18,2024,MANIFESTO BAR,ALLEN KEY
6099,ZAQ,2024-07-18,2024,PAVILHAO DE EXPOSICOES DO ANHEMBI,ZAQ
6100,Luísa Sonza,2024-07-18,2024,PARQUE DO IBIRAPUERA,LUISA SONZA
6101,Orange Disaster,2024-07-18,2024,A PORTA MALDITA,ORANGE DISASTER
6102,MC Cabelinho,2024-07-18,2024,PARQUE DO IBIRAPUERA,MC CABELINHO
6103,Fuzz Sagrado,2024-07-18,2024,FABRIQUE CLUB,FUZZ SAGRADO
6104,Catto,2024-07-18,2024,CAIXA CULTURAL SAO PAULO,CATTO
6105,nano.RIPE,2024-07-18,2024,PAVILHAO DE EXPOSICOES DO ANHEMBI,NANO.RIPE
6106,Mateus Fazeno Rock,2024-07-18,2024,CASA NATURA MUSICAL,MATEUS FAZENO ROCK
6107,Roland Grapow,2024-07-18,2024,MANIFESTO BAR,ROLAND GRAPOW
6108,Clutch,2024-07-18,2024,FABRIQUE CLUB,CLUTCH
6109,Jão,2024-07-18,2024,PARQUE DO IBIRAPUERA,JAO
6110,Iara Rennó,2024-07-19,2024,PICLES CARDEAL,IARA RENNO
6111,Mariana Aydar,2024-07-19,2024,CAIXA CULTURAL SAO PAULO,MARIANA AYDAR
6112,Arquétipo Rafa,2024-07-19,2024,PICLES CARDEAL,ARQUETIPO RAFA
6113,The Lemonheads,2024-07-19,2024,CINE JOIA,THE LEMONHEADS
6114,Sara Hebe,2024-07-19,2024,SOL Y SOMBRA,SARA HEBE
6115,Jaloo,2024-07-19,2024,SESC POMPEIA,JALOO
6116,Thaíde,2024-07-19,2024,SECILIANS SHOP,THAIDE
6117,Takeru,2024-07-19,2024,PAVILHAO DE EXPOSICOES DO ANHEMBI,TAKERU
6118,ANNÁ,2024-07-19,2024,ODETTE,ANNA
6119,Wa-suta,2024-07-19,2024,PAVILHAO DE EXPOSICOES DO ANHEMBI,WA-SUTA
6120,Badi Assad,2024-07-19,2024,ITAU CULTURAL,BADI ASSAD
6121,ALI,2024-07-19,2024,PAVILHAO DE EXPOSICOES DO ANHEMBI,ALI
6122,Thunderbird,2024-07-19,2024,CINE JOIA,THUNDERBIRD
6123,Johnny Hooker,2024-07-19,2024,AUDIO,JOHNNY HOOKER
6124,Saleka,2024-07-19,2024,SHOPPING IGUATEMI,SALEKA
6125,Badi Assad,2024-07-20,2024,SESC PINHEIROS,BADI ASSAD
6126,Rockfun Legends,2024-07-20,2024,CASA DE CULTURA CHICO SCIENCE,ROCKFUN LEGENDS
6127,Esteban Tavares,2024-07-20,2024,CITY LIGHTS MUSIC HALL,ESTEBAN TAVARES
6128,nano.RIPE,2024-07-20,2024,PAVILHAO DE EXPOSICOES DO ANHEMBI,NANO.RIPE
6129,Anelis Assumpção,2024-07-20,2024,ITAU CULTURAL,ANELIS ASSUMPCAO
6130,Refugio,2024-07-20,2024,JAI CLUB,REFUGIO
6131,Malvada,2024-07-20,2024,CASA DE CULTURA CHICO SCIENCE,MALVADA
6132,Garotos Podres,2024-07-20,2024,GALERIA OLIDO,GAROTOS PODRES
6133,Duquesa,2024-07-20,2024,CENTRO CULTURAL VILA ITORORO,DUQUESA
6134,Oitão,2024-07-20,2024,CASA DE CULTURA CHICO SCIENCE,OITAO
6135,HellLight,2024-07-20,2024,RED STAR STUDIOS,HELLLIGHT
6136,Vickeblanka,2024-07-20,2024,PAVILHAO DE EXPOSICOES DO ANHEMBI,VICKEBLANKA
6137,Polako,2024-07-20,2024,CITY LIGHTS MUSIC HALL,POLAKO
6138,VHOOR,2024-07-20,2024,VOID GENERAL STORE,VHOOR
6139,Xande de Pilares,2024-07-20,2024,ESPACO UNIMED,XANDE DE PILARES
6140,Escombro,2024-07-20,2024,CASA DE CULTURA CHICO SCIENCE,ESCOMBRO
6141,Meu Funeral,2024-07-20,2024,CASA ALGOHITS,MEU FUNERAL
6142,Siegrid Ingrid,2024-07-20,2024,CASA DE CULTURA CHICO SCIENCE,SIEGRID INGRID
6143,Larissa Luz,2024-07-20,2024,CAIXA CULTURAL SAO PAULO,LARISSA LUZ
6144,Don L,2024-07-20,2024,SESC BELENZINHO,DON L
6145,ClariS,2024-07-20,2024,PAVILHAO DE EXPOSICOES DO ANHEMBI,CLARIS
6146,Zander,2024-07-20,2024,CITY LIGHTS MUSIC HALL,ZANDER
6147,Jaloo,2024-07-20,2024,SESC POMPEIA,JALOO
6148,ALI,2024-07-21,2024,PAVILHAO DE EXPOSICOES DO ANHEMBI,ALI
6149,Cólera,2024-07-21,2024,GALERIA OLIDO,COLERA
6150,Rachel Reis,2024-07-21,2024,CAIXA CULTURAL SAO PAULO,RACHEL REIS
6151,Red Fox,2024-07-21,2024,CENTRO ESPORTIVO E DE LAZER TIETE,RED FOX
6152,Medulla,2024-07-21,2024,SESC INTERLAGOS,MEDULLA
6153,Rockfun Legends,2024-07-21,2024,CENTRO ESPORTIVO E DE LAZER TIETE,ROCKFUN LEGENDS
6154,Edson & Hudson,2024-07-21,2024,CENTRO ESPORTIVO E DE LAZER TIETE,EDSON & HUDSON
6155,Wizards,2024-07-21,2024,MANIFESTO BAR,WIZARDS
6156,Living Metal,2024-07-21,2024,MANIFESTO BAR,LIVING METAL
6157,Hillbilly Rawhide,2024-07-21,2024,CENTRO ESPORTIVO E DE LAZER TIETE,HILLBILLY RAWHIDE
6158,Hurtmold,2024-07-21,2024,CENTRO CULTURAL TENDAL DA LAPA,HURTMOLD
6159,Malta,2024-07-21,2024,CENTRO ESPORTIVO E DE LAZER TIETE,MALTA
6160,Dogma,2024-07-21,2024,CARIOCA CLUB,DOGMA
6161,Gabi e Rapha,2024-07-21,2024,CENTRO ESPORTIVO E DE LAZER TIETE,GABI E RAPHA
6162,Salário Mínimo,2024-07-21,2024,MANIFESTO BAR,SALARIO MINIMO
6163,ROOKiEZ is PUNK’D,2024-07-21,2024,PAVILHAO DE EXPOSICOES DO ANHEMBI,ROOKIEZ IS PUNK'D
6164,Zumbis do Espaço,2024-07-21,2024,MANIFESTO BAR,ZUMBIS DO ESPACO
6165,Wind Rose,2024-07-21,2024,CARIOCA CLUB,WIND ROSE
6166,Dogma,2024-07-23,2024,CASA AUREA,DOGMA
6167,Izzy Gordon,2024-07-23,2024,GALERIA OLIDO,IZZY GORDON
6168,Kombi,2024-07-23,2024,ESTUDIO PAPRICA,KOMBI
6169,The Heathen Scÿthe,2024-07-23,2024,CASA AUREA,THE HEATHEN SCYTHE
6170,Hurtmold,2024-07-23,2024,CASA DE CULTURA MUNICIPAL DA VILA GUILHERME - CASARAO,HURTMOLD
6171,Izzy Gordon,2024-07-24,2024,GALERIA OLIDO,IZZY GORDON
6172,Antiprisma,2024-07-24,2024,GARAGEM BELEZA,ANTIPRISMA
6173,Retrato,2024-07-24,2024,GARAGEM BELEZA,RETRATO
6174,BIKE,2024-07-25,2024,SESC POMPEIA,BIKE
6175,Juliana Perdigão,2024-07-25,2024,SESC POMPEIA,JULIANA PERDIGAO
6176,FBC,2024-07-25,2024,CINE JOIA,FBC
6177,Ilessi,2024-07-25,2024,CASA DE FRANCISCA,ILESSI
6178,MC Tha,2024-07-25,2024,CENTRO DE CULTURAS NEGRAS DO JABAQUARA,MC THA
6179,Boogarins,2024-07-25,2024,PICLES CARDEAL,BOOGARINS
6180,Jair Naves,2024-07-25,2024,SESC CARMO,JAIR NAVES
6181,Chico Trujillo,2024-07-26,2024,SESC POMPEIA,CHICO TRUJILLO
6182,Bazuros,2024-07-26,2024,SOL Y SOMBRA,BAZUROS
6183,Clarissa,2024-07-26,2024,CASA ROCKAMBOLE,CLARISSA
6184,Magnólia,2024-07-26,2024,FFFRONT,MAGNOLIA
6185,Assucena,2024-07-26,2024,SESC PINHEIROS,ASSUCENA
6186,Maurício Pereira e Tonho Penhasco,2024-07-26,2024,BONA CASA DE MUSICA,MAURICIO PEREIRA E TONHO PENHASCO
6187,O Grilo,2024-07-26,2024,SESC BELENZINHO,O GRILO
6188,Os Garotin,2024-07-27,2024,CASA NATURA MUSICAL,OS GAROTIN
6189,BaianaSystem,2024-07-27,2024,PARQUE VILLA-LOBOS,BAIANASYSTEM
6190,As Mercenárias,2024-07-27,2024,SESC BELENZINHO,AS MERCENARIAS
6191,Luiz Toffoli,2024-07-27,2024,TOKIO MARINE HALL,LUIZ TOFFOLI
6192,Apeles,2024-07-27,2024,BAR ALTO,APELES
6193,Lobotomia,2024-07-27,2024,LA IGLESIA BORRATXERIA,LOBOTOMIA
6194,"Francisco, el Hombre",2024-07-27,2024,AUDIO,"FRANCISCO, EL HOMBRE"
6195,Chico Trujillo,2024-07-27,2024,SESC POMPEIA,CHICO TRUJILLO
6196,Symphony X,2024-07-27,2024,TOKIO MARINE HALL,SYMPHONY X
6197,Ilessi,2024-07-27,2024,TEATRO PROCOPIO FERREIRA,ILESSI
6198,Sombra,2024-07-27,2024,SECILIANS SHOP,SOMBRA
6199,Surra,2024-07-27,2024,CENTRO CULTURAL DA JUVENTUDE RUTH CARDOSO,SURRA
6200,Firefriend,2024-07-27,2024,PORTA,FIREFRIEND
6201,Burrice Precoce,2024-07-27,2024,CENTRO CULTURAL DA JUVENTUDE RUTH CARDOSO,BURRICE PRECOCE
6202,Bijoux Cone,2024-07-27,2024,BAR ALTO,BIJOUX CONE
6203,DEAFKIDS,2024-07-27,2024,SESC BELENZINHO,DEAFKIDS
6204,MEE,2024-07-27,2024,CENTRO CULTURAL DA JUVENTUDE RUTH CARDOSO,MEE
6205,Alessandra Leão,2024-07-27,2024,PINACOTECA DE SAO PAULO,ALESSANDRA LEAO
6206,Black Pantera,2024-07-28,2024,SESC ITAQUERA,BLACK PANTERA
6207,Os Garotin,2024-07-28,2024,CASA NATURA MUSICAL,OS GAROTIN
6208,MEE,2024-07-28,2024,FABRIQUE CLUB,MEE
6209,Punho de Mahin,2024-07-28,2024,FABRIQUE CLUB,PUNHO DE MAHIN
6210,Capote,2024-07-28,2024,BAR ALTO,CAPOTE
6211,Point of No Return,2024-07-28,2024,FABRIQUE CLUB,POINT OF NO RETURN
6212,Sadistic Intent,2024-07-28,2024,LEGENDS MUSIC & BAR,SADISTIC INTENT
6213,Firefriend,2024-07-28,2024,SAN PANCHO,FIREFRIEND
6214,Strong Reaction,2024-07-28,2024,FABRIQUE CLUB,STRONG REACTION
6215,Mato Seco,2024-07-28,2024,PRACA DA REPUBLICA,MATO SECO
6216,Coralinne,2024-07-28,2024,AVENIDA PAULISTA,CORALINNE
6217,Juçara Marçal,2024-07-29,2024,SESC CARMO,JUCARA MARCAL
6218,Mariana Volker,2024-07-29,2024,UNIAO FRATERNA,MARIANA VOLKER
6219,Rico Dalasam,2024-07-29,2024,UNIAO FRATERNA,RICO DALASAM
6220,Kombi,2024-07-30,2024,PORTA,KOMBI
6221,Montanee,2024-08-01,2024,FFFRONT,MONTANEE
6222,Preta Gil,2024-08-01,2024,FUNILARIA,PRETA GIL
6223,Power Trio,2024-08-01,2024,BAR ALTO,POWER TRIO
6224,Malu Maria,2024-08-01,2024,SESC VILA MARIANA,MALU MARIA
6225,KL Jay,2024-08-02,2024,CENTRAL,KL JAY
6226,Samuel Rosa,2024-08-02,2024,ESPACO UNIMED,SAMUEL ROSA
6227,Kaia Jette,2024-08-02,2024,CARIOCA CLUB,KAIA JETTE
6228,Clenched Fist,2024-08-02,2024,LA IGLESIA BORRATXERIA,CLENCHED FIST
6229,Varanda,2024-08-02,2024,CINECLUBE CORTINA,VARANDA
6230,Pelados,2024-08-02,2024,CINECLUBE CORTINA,PELADOS
6231,Filó Machado,2024-08-02,2024,MIS - MUSEU DA IMAGEM E DO SOM,FILO MACHADO
6232,terraplana,2024-08-02,2024,SESC SANTANA,TERRAPLANA
6233,Chico Trujillo,2024-08-02,2024,SOL Y SOMBRA,CHICO TRUJILLO
6234,Emblem3,2024-08-02,2024,CARIOCA CLUB,EMBLEM3
6235,Bebê Feio,2024-08-03,2024,FFFRONT,BEBE FEIO
6236,Dominatrix,2024-08-03,2024,CINE JOIA,DOMINATRIX
6237,Roots – Sepultura Tributo,2024-08-03,2024,WOODSTOCK ROCK STORE,ROOTS - SEPULTURA TRIBUTO
6238,Hot Water Music,2024-08-03,2024,CINE JOIA,HOT WATER MUSIC
6239,Viper,2024-08-03,2024,SESC AVENIDA PAULISTA,VIPER
6240,Zeca Baleiro,2024-08-03,2024,CASA NATURA MUSICAL,ZECA BALEIRO
6241,Metallstein,2024-08-03,2024,WOODSTOCK ROCK STORE,METALLSTEIN
6242,Noturnall,2024-08-03,2024,TOKIO MARINE HALL,NOTURNALL
6243,Call the Police,2024-08-03,2024,VIBRA SAO PAULO,CALL THE POLICE
6244,Chris Cresswell,2024-08-03,2024,CINE JOIA,CHRIS CRESSWELL
6245,Seu Jorge,2024-08-03,2024,PARQUE VILLA-LOBOS,SEU JORGE
6246,Magnólia,2024-08-03,2024,PORAO DA CERVEJA,MAGNOLIA
6247,Hateen,2024-08-03,2024,CINE JOIA,HATEEN
6248,Backdrop Falls,2024-08-03,2024,CINE JOIA,BACKDROP FALLS
6249,Zander,2024-08-03,2024,CENTRO CULTURAL DA JUVENTUDE RUTH CARDOSO,ZANDER
6250,Eduardo Falaschi,2024-08-03,2024,TOKIO MARINE HALL,EDUARDO FALASCHI
6251,Bayside Kings,2024-08-03,2024,CINE JOIA,BAYSIDE KINGS
6252,Storia,2024-08-03,2024,TOKIO MARINE HALL,STORIA
6253,Nitrominds,2024-08-04,2024,AUDIO,NITROMINDS
6254,Zeca Baleiro,2024-08-04,2024,CASA NATURA MUSICAL,ZECA BALEIRO
6255,ballburya,2024-08-04,2024,CENTRO CULTURAL DA JUVENTUDE RUTH CARDOSO,BALLBURYA
6256,Falling Ashes,2024-08-04,2024,JAI CLUB,FALLING ASHES
6257,Cátia de França,2024-08-04,2024,SESC BELENZINHO,CATIA DE FRANCA
6258,Sugar Kane,2024-08-04,2024,AUDIO,SUGAR KANE
6259,Ação Direta,2024-08-04,2024,CENTRO CULTURAL TENDAL DA LAPA,ACAO DIRETA
6260,Podridão,2024-08-04,2024,CENTRO CULTURAL TENDAL DA LAPA,PODRIDAO
6261,The Get Up Kids,2024-08-04,2024,AUDIO,THE GET UP KIDS
6262,Day Limns,2024-08-04,2024,CARIOCA CLUB,DAY LIMNS
6263,Aditive,2024-08-04,2024,AUDIO,ADITIVE
6264,Chuck Ragan,2024-08-04,2024,AUDIO,CHUCK RAGAN
6265,Retrato,2024-08-08,2024,PORTA,RETRATO
6266,The Baggios,2024-08-08,2024,SESC POMPEIA,THE BAGGIOS
6267,Gritando HC,2024-08-08,2024,PICLES CARDEAL,GRITANDO HC
6268,Febem,2024-08-09,2024,SESC POMPEIA,FEBEM
6269,Tangolo Mangos,2024-08-09,2024,AUDITORIO MIS,TANGOLO MANGOS
6270,Ana Frango Elétrico,2024-08-09,2024,SESC BELENZINHO,ANA FRANGO ELETRICO
6271,Rogério Skylab,2024-08-09,2024,CARIOCA CLUB,ROGERIO SKYLAB
6272,Céu,2024-08-09,2024,AUDIO,CEU
6273,Forfun,2024-08-09,2024,ALLIANZ PARQUE,FORFUN
6274,Menores Atos,2024-08-09,2024,ALLIANZ PARQUE,MENORES ATOS
6275,Rancore,2024-08-09,2024,ALLIANZ PARQUE,RANCORE
6276,Emblem3,2024-08-09,2024,CASA AUREA,EMBLEM3
6277,Vanguart,2024-08-09,2024,CINE JOIA,VANGUART
6278,Febem,2024-08-10,2024,SESC POMPEIA,FEBEM
6279,Ana Frango Elétrico,2024-08-10,2024,SESC BELENZINHO,ANA FRANGO ELETRICO
6280,Luiz Toffoli,2024-08-10,2024,TOKIO MARINE HALL,LUIZ TOFFOLI
6281,Krisiun,2024-08-10,2024,VIP STATION,KRISIUN
6282,Paradise in Flames,2024-08-10,2024,VIP STATION,PARADISE IN FLAMES
6283,Sílvia Pérez Cruz,2024-08-10,2024,CASA NATURA MUSICAL,SILVIA PEREZ CRUZ
6284,Bane,2024-08-10,2024,HOUSE OF LEGENDS,BANE
6285,Hillbilly Rawhide,2024-08-10,2024,GAZ BURNING BAR,HILLBILLY RAWHIDE
6286,Spiritual Hate,2024-08-10,2024,VIP STATION,SPIRITUAL HATE
6287,Ritchie,2024-08-10,2024,AUDIO,RITCHIE
6288,Amazarak,2024-08-10,2024,VIP STATION,AMAZARAK
6289,Good Intentions,2024-08-10,2024,HOUSE OF LEGENDS,GOOD INTENTIONS
6290,Batushka,2024-08-10,2024,VIP STATION,BATUSHKA
6291,Shaytan,2024-08-10,2024,VIP STATION,SHAYTAN
6292,Tim Bernardes,2024-08-10,2024,ESPACO UNIMED,TIM BERNARDES
6293,Tuyo,2024-08-10,2024,SESC VILA MARIANA,TUYO
6294,Luiza Lian,2024-08-10,2024,SESC BOM RETIRO,LUIZA LIAN
6295,Subalternos,2024-08-10,2024,CASA DE CULTURA DO BUTANTA,SUBALTERNOS
6296,Statues On Fire,2024-08-10,2024,CASA DE CULTURA DO BUTANTA,STATUES ON FIRE
6297,CHUU,2024-08-10,2024,STUDIO STAGE,CHUU
6298,ballburya,2024-08-10,2024,A PORTA MALDITA,BALLBURYA
6299,DJ Dayeh,2024-08-10,2024,VOID GENERAL STORE,DJ DAYEH
6300,Zé Ibarra,2024-08-10,2024,CASA NATURA MUSICAL,ZE IBARRA
6301,Kiko Loureiro,2024-08-10,2024,TOKIO MARINE HALL,KIKO LOUREIRO
6302,Ney Matogrosso,2024-08-10,2024,ALLIANZ PARQUE,NEY MATOGROSSO
6303,Zé Ibarra,2024-08-11,2024,CASA NATURA MUSICAL,ZE IBARRA
6304,Korzus,2024-08-11,2024,WOODSTOCK ROCK STORE,KORZUS
6305,Tuyo,2024-08-11,2024,SESC VILA MARIANA,TUYO
6306,Oitão,2024-08-11,2024,WOODSTOCK ROCK STORE,OITAO
6308,Sílvia Pérez Cruz,2024-08-11,2024,CASA NATURA MUSICAL,SILVIA PEREZ CRUZ
6309,Children of the Beast,2024-08-11,2024,ST. PATRICK IRISH PUB TATUAPE,CHILDREN OF THE BEAST
6310,Trypophöbia,2024-08-11,2024,IN GRIND WE RISE FEST,TRYPOPHOBIA
6311,Cogumelo Plutão,2024-08-11,2024,PICLES CARDEAL,COGUMELO PLUTAO
6312,Lô Borges,2024-08-12,2024,STUDIO STAGE,LO BORGES
6313,Pedro Viáfora,2024-08-12,2024,STUDIO STAGE,PEDRO VIAFORA
6314,Roberta Campos,2024-08-12,2024,STUDIO STAGE,ROBERTA CAMPOS
6315,Autoramas,2024-08-12,2024,CENTRO DA TERRA,AUTORAMAS
6316,Kiko Dinucci,2024-08-13,2024,PULSO HOTEL,KIKO DINUCCI
6317,Adriana Calcanhotto,2024-08-13,2024,BLUE NOTE SAO PAULO,ADRIANA CALCANHOTTO
6319,Tom Zé,2024-08-13,2024,FACULDADE DE DIREITO DA UNIVERSIDADE DE SAO PAULO,TOM ZE
6320,Jota.pê,2024-08-14,2024,BLUE NOTE SAO PAULO,JOTA.PE
6322,Otto,2024-08-15,2024,SESC POMPEIA,OTTO
6323,Anvil FX,2024-08-15,2024,PORTA,ANVIL FX
6324,Vanessa Jackson,2024-08-15,2024,BLUE NOTE SAO PAULO,VANESSA JACKSON
6325,Mundo Livre S/A,2024-08-15,2024,SESC IPIRANGA,MUNDO LIVRE S/A
6326,Emicaeli,2024-08-15,2024,PORTA,EMICAELI
6327,Dave Evans,2024-08-16,2024,SESC BELENZINHO,DAVE EVANS
6328,Léo Jaime,2024-08-16,2024,BLUE NOTE SAO PAULO,LEO JAIME
6329,Febre90s,2024-08-16,2024,CINE JOIA,FEBRE90S
6330,Trio Parada Dura,2024-08-16,2024,VILLA COUNTRY,TRIO PARADA DURA
6332,João Gordo,2024-08-16,2024,LONDON CALLING DISCOS,JOAO GORDO
6333,Tellus Terror,2024-08-16,2024,JAI CLUB,TELLUS TERROR
6334,Otto,2024-08-16,2024,SESC POMPEIA,OTTO
6335,Tagua Tagua,2024-08-16,2024,SESC VILA MARIANA,TAGUA TAGUA
6336,DJ Nuts,2024-08-16,2024,CINE JOIA,DJ NUTS
6337,Mundo Livre S/A,2024-08-16,2024,SESC IPIRANGA,MUNDO LIVRE S/A
6338,Cólera,2024-08-17,2024,CENTRO CULTURAL TENDAL DA LAPA,COLERA
6339,Helio Flanders,2024-08-17,2024,ODETTE,HELIO FLANDERS
6340,Léo Jaime,2024-08-17,2024,BLUE NOTE SAO PAULO,LEO JAIME
6341,Amen Corner,2024-08-17,2024,HANGAR 110,AMEN CORNER
6342,Statues On Fire,2024-08-17,2024,CENTRO CULTURAL TENDAL DA LAPA,STATUES ON FIRE
6344,Garotos Podres,2024-08-17,2024,CENTRO CULTURAL TENDAL DA LAPA,GAROTOS PODRES
6345,Gagged,2024-08-17,2024,CENTRO CULTURAL TENDAL DA LAPA,GAGGED
6346,Amaro Freitas,2024-08-17,2024,SESC VILA MARIANA,AMARO FREITAS
6347,Bulldozer,2024-08-17,2024,HANGAR 110,BULLDOZER
6348,Los Sebosos Postizos,2024-08-17,2024,CITY LIGHTS MUSIC HALL,LOS SEBOSOS POSTIZOS
6349,Raça,2024-08-17,2024,GOOSE ISLAND BREWHOUSE,RACA
6350,Headhunter D.C.,2024-08-17,2024,HANGAR 110,HEADHUNTER D.C.
6351,Orthostat,2024-08-17,2024,HANGAR 110,ORTHOSTAT
6353,Karen Jonz,2024-08-17,2024,SESC BOM RETIRO,KAREN JONZ
6354,Simone Mendes,2024-08-17,2024,DISTRITO ANHEMBI,SIMONE MENDES
6355,Mawaca,2024-08-17,2024,SESC BOM RETIRO,MAWACA
6356,Leonardo,2024-08-17,2024,DISTRITO ANHEMBI,LEONARDO
6357,Zé Neto & Cristiano,2024-08-17,2024,DISTRITO ANHEMBI,ZE NETO & CRISTIANO
6358,NTX,2024-08-17,2024,PRACA CEL. FERNANDO PRESTES,NTX
6359,Gustavo Mioto,2024-08-17,2024,DISTRITO ANHEMBI,GUSTAVO MIOTO
6360,NATTAN,2024-08-17,2024,DISTRITO ANHEMBI,NATTAN
6361,Ave Sangria,2024-08-17,2024,CASA NATURA MUSICAL,AVE SANGRIA
6362,Vitor Fernandes,2024-08-17,2024,DISTRITO ANHEMBI,VITOR FERNANDES
6363,Maiara & Maraisa,2024-08-17,2024,DISTRITO ANHEMBI,MAIARA & MARAISA
6364,Otto,2024-08-17,2024,SESC POMPEIA,OTTO
6365,PEDRO SAMPAIO,2024-08-17,2024,DISTRITO ANHEMBI,PEDRO SAMPAIO
6366,Angra,2024-08-17,2024,ESPACO UNIMED,ANGRA
6367,Coralinne,2024-08-17,2024,ST PAUL'S PUB,CORALINNE
6368,Dischavizer,2024-08-18,2024,ROCK TOGETHER STUDIO,DISCHAVIZER
6369,Eskröta,2024-08-18,2024,CITY LIGHTS MUSIC HALL,ESKROTA
6370,Gigante Animal,2024-08-18,2024,CINE JOIA,GIGANTE ANIMAL
6371,Cemitério,2024-08-18,2024,CITY LIGHTS MUSIC HALL,CEMITERIO
6372,Amaro Freitas,2024-08-18,2024,SESC VILA MARIANA,AMARO FREITAS
6373,Dorsal Atlântica,2024-08-18,2024,CITY LIGHTS MUSIC HALL,DORSAL ATLANTICA
6374,Jaloo,2024-08-18,2024,ZIG STUDIO,JALOO
6375,Catto,2024-08-18,2024,ARENA B3,CATTO
6376,NTX,2024-08-18,2024,PRACA CEL. FERNANDO PRESTES,NTX
6377,Marcão Britto & Thiago Castanho Charlie Brown Jr.,2024-08-18,2024,TOKIO MARINE HALL,MARCAO BRITTO & THIAGO CASTANHO CHARLIE BROWN JR.
6378,Karate,2024-08-18,2024,CINE JOIA,KARATE
6379,Kikuo,2024-08-18,2024,CARIOCA CLUB,KIKUO
6380,Crânula,2024-08-18,2024,ROCK TOGETHER STUDIO,CRANULA
6381,Vanguart,2024-08-19,2024,TEATRO MARS,VANGUART
6382,Jinkx Monsoon,2024-08-20,2024,TEATRO BRADESCO,JINKX MONSOON
6383,Adriana Calcanhotto,2024-08-20,2024,BLUE NOTE SAO PAULO,ADRIANA CALCANHOTTO
6384,Alice Caymmi,2024-08-21,2024,TEATRO OFICINA,ALICE CAYMMI
6385,Blubell,2024-08-22,2024,BONA CASA DE MUSICA,BLUBELL
6386,Zander,2024-08-22,2024,PICLES CARDEAL,ZANDER
6387,Luísa Sonza,2024-08-22,2024,TEATRO B32,LUISA SONZA
6388,Clarice Falcão,2024-08-22,2024,CINE JOIA,CLARICE FALCAO
6389,Ema Stoned,2024-08-22,2024,SESC CARMO,EMA STONED
6390,Letz Zep,2024-08-22,2024,TOKIO MARINE HALL,LETZ ZEP
6391,Juliana Linhares,2024-08-22,2024,ITAU CULTURAL,JULIANA LINHARES
6392,Nina Fernandes,2024-08-22,2024,CINE JOIA,NINA FERNANDES
6393,Dillon O'Bannon,2024-08-22,2024,FENDA 315,DILLON O'BANNON
6394,Skinner Project,2024-08-23,2024,A PORTA MALDITA,SKINNER PROJECT
6395,Gabriel Thomaz Trio,2024-08-23,2024,FENDA 315,GABRIEL THOMAZ TRIO
6396,KL Jay,2024-08-23,2024,ALMA SAO PAULO,KL JAY
6397,Pitty,2024-08-23,2024,CLUBE ATLETICO JUVENTUS,PITTY
6398,Alzira E + Corte,2024-08-23,2024,SESC SANTO AMARO,ALZIRA E + CORTE
6399,Marcelo Falcão,2024-08-23,2024,CLUBE ATLETICO JUVENTUS,MARCELO FALCAO
6400,Juliana Linhares,2024-08-23,2024,ITAU CULTURAL,JULIANA LINHARES
6401,EVEHIVE,2024-08-23,2024,VOID GENERAL STORE,EVEHIVE
6402,Edgar,2024-08-23,2024,SESC VILA MARIANA,EDGAR
6403,Olivia Byington,2024-08-23,2024,SESC BELENZINHO,OLIVIA BYINGTON
6404,Foojammers,2024-08-23,2024,WILLI WILLIE BAR E ARQUERIA,FOOJAMMERS
6405,JADE,2024-08-23,2024,ZIG STUDIO,JADE
6406,365,2024-08-24,2024,GALERIA OLIDO,365
6407,Tulipa Ruiz,2024-08-24,2024,ITAU CULTURAL,TULIPA RUIZ
6408,Orquestra Voadora,2024-08-24,2024,CASA NATURA MUSICAL,ORQUESTRA VOADORA
6409,Terno Rei,2024-08-24,2024,TERRA SP,TERNO REI
6410,Sioux 66,2024-08-24,2024,CASA DE CULTURA CHICO SCIENCE,SIOUX 66
6411,Siegrid Ingrid,2024-08-24,2024,RED STAR STUDIOS,SIEGRID INGRID
6412,Schlop,2024-08-24,2024,FFFRONT,SCHLOP
6413,Torture Squad,2024-08-24,2024,RED STAR STUDIOS,TORTURE SQUAD
6414,Infamous Glory,2024-08-24,2024,RED STAR STUDIOS,INFAMOUS GLORY
6415,Jay Vaquer,2024-08-24,2024,AUGUSTA HI-FI,JAY VAQUER
6416,Luis Mariutti,2024-08-24,2024,LA IGLESIA BORRATXERIA,LUIS MARIUTTI
6417,Max B.O.,2024-08-24,2024,SOL Y SOMBRA,MAX B.O.
6418,DJ Bonekinha Iraquiana,2024-08-24,2024,VOID GENERAL STORE,DJ BONEKINHA IRAQUIANA
6419,Olivia Byington,2024-08-24,2024,SESC BELENZINHO,OLIVIA BYINGTON
6420,Jovens Ateus,2024-08-24,2024,TERRA SP,JOVENS ATEUS
6421,Kill for Nothing,2024-08-24,2024,LA IGLESIA BORRATXERIA,KILL FOR NOTHING
6422,Marina Lima,2024-08-24,2024,CLUBE PAINEIRAS,MARINA LIMA
6423,Irmãos Mariutti,2024-08-24,2024,LA IGLESIA BORRATXERIA,IRMAOS MARIUTTI
6424,Miragem,2024-08-24,2024,FFFRONT,MIRAGEM
6425,Natiruts,2024-08-24,2024,ALLIANZ PARQUE,NATIRUTS
6426,Sky Down,2024-08-24,2024,GARAGEM BELEZA,SKY DOWN
6427,Olivia Byington,2024-08-25,2024,SESC BELENZINHO,OLIVIA BYINGTON
6428,Natiruts,2024-08-25,2024,ALLIANZ PARQUE,NATIRUTS
6429,FBC,2024-08-25,2024,SESC ITAQUERA,FBC
6430,Fresno,2024-08-25,2024,AV. PAULISTA,FRESNO
6431,Tulipa Ruiz,2024-08-25,2024,ITAU CULTURAL,TULIPA RUIZ
6432,Rosa de Saron,2024-08-25,2024,CARIOCA CLUB,ROSA DE SARON
6433,ballburya,2024-08-25,2024,HOUSE OF LEGENDS,BALLBURYA
6434,Potyguara Bardo,2024-08-27,2024,CENTRO CULTURAL SAO PAULO,POTYGUARA BARDO
6435,Céu,2024-08-27,2024,CAIXA CULTURAL SAO PAULO,CEU
6436,Mala Rodríguez,2024-08-27,2024,SOL Y SOMBRA,MALA RODRIGUEZ
6437,Peter Hook & the Light,2024-08-27,2024,AUDIO,PETER HOOK & THE LIGHT
6438,Arnaldo Antunes,2024-08-28,2024,CAIXA CULTURAL SAO PAULO,ARNALDO ANTUNES
6439,Zerb,2024-08-29,2024,BRIGADEIRO FARIA LIMA,ZERB
6440,Alok,2024-08-29,2024,BRIGADEIRO FARIA LIMA,ALOK
6441,Mother Folkers,2024-08-29,2024,PORAO DA SANFRAN,MOTHER FOLKERS
6442,Lúcio Maia,2024-08-29,2024,PICLES CARDEAL,LUCIO MAIA
6443,Paulo Miklos,2024-08-30,2024,CAIXA CULTURAL SAO PAULO,PAULO MIKLOS
6444,Orange Disaster,2024-08-30,2024,PORTA,ORANGE DISASTER
6445,Rapsody,2024-08-30,2024,AUDIO,RAPSODY
6446,Exclusive Os Cabides,2024-08-30,2024,CINECLUBE CORTINA,EXCLUSIVE OS CABIDES
6447,Baco Exu do Blues,2024-08-30,2024,ESPACO UNIMED,BACO EXU DO BLUES
6448,Ouse Morrer,2024-08-30,2024,CAFUNDO,OUSE MORRER
6449,BK,2024-08-30,2024,SESC POMPEIA,BK
6450,Leela,2024-08-30,2024,SESC BELENZINHO,LEELA
6451,Sky Down,2024-08-30,2024,PICLES CARDEAL,SKY DOWN
6452,Natiruts,2024-08-30,2024,ALLIANZ PARQUE,NATIRUTS
6453,Herzegovina,2024-08-30,2024,PORTA,HERZEGOVINA
6454,Getúlio Abelha,2024-08-30,2024,CINE JOIA,GETULIO ABELHA
6455,Onze:20,2024-08-31,2024,JAI CLUB,ONZE:20
6456,Legião Urbana,2024-08-31,2024,ESPACO UNIMED,LEGIAO URBANA
6457,GANGgajang,2024-08-31,2024,VIBRA SAO PAULO,GANGGAJANG
6458,Coralinne,2024-08-31,2024,CERVEJAZUL MUSIC CLUB,CORALINNE
6459,Weedevil,2024-08-31,2024,LA IGLESIA BORRATXERIA,WEEDEVIL
6460,D.F.C.,2024-08-31,2024,HANGAR 110,D.F.C.
6461,Manger Cadavre?,2024-08-31,2024,HANGAR 110,MANGER CADAVRE?
6462,Mukeka di Rato,2024-08-31,2024,HANGAR 110,MUKEKA DI RATO
6463,A Creche,2024-08-31,2024,HANGAR 110,A CRECHE
6464,Paira,2024-08-31,2024,CASA ROCKAMBOLE,PAIRA
6465,Ale Sater,2024-08-31,2024,CASA ROCKAMBOLE,ALE SATER
6466,Sinistra,2024-08-31,2024,TRANSAMERICA EXPO CENTER,SINISTRA
6467,Bebê Feio,2024-08-31,2024,JAI CLUB,BEBE FEIO
6468,Don L,2024-08-31,2024,CINE JOIA,DON L
6470,Zizi Possi,2024-08-31,2024,CAIXA CULTURAL SAO PAULO,ZIZI POSSI
6471,Rockfun Legends,2024-08-31,2024,CASA DE CULTURA CHICO SCIENCE,ROCKFUN LEGENDS
6472,PLUMA,2024-08-31,2024,CASA ROCKAMBOLE,PLUMA
6473,hoovaranas,2024-08-31,2024,CASA ROCKAMBOLE,HOOVARANAS
6474,Besouro Mulher,2024-08-31,2024,CASA ROCKAMBOLE,BESOURO MULHER
6475,Hoodoo Gurus,2024-08-31,2024,VIBRA SAO PAULO,HOODOO GURUS
6476,Bazuros,2024-08-31,2024,SOL Y SOMBRA,BAZUROS
6477,Caxtrinho,2024-08-31,2024,SESC POMPEIA,CAXTRINHO
6478,NoSunnyDayz,2024-08-31,2024,LA IGLESIA BORRATXERIA,NOSUNNYDAYZ
6479,Natiruts,2024-08-31,2024,ALLIANZ PARQUE,NATIRUTS
6480,Viper,2024-08-31,2024,CASA DE CULTURA CHICO SCIENCE,VIPER
6481,Oitão,2024-08-31,2024,CASA DE CULTURA CHICO SCIENCE,OITAO
6482,Firefriend,2024-08-31,2024,GARAGEM BELEZA,FIREFRIEND
6483,ReggaeSPYS,2024-08-31,2024,VIBRA SAO PAULO,REGGAESPYS
6484,Rael,2024-09-01,2024,CAIXA CULTURAL SAO PAULO,RAEL
6485,Coralinne,2024-09-01,2024,JAI CLUB,CORALINNE
6486,Caxtrinho,2024-09-01,2024,SESC POMPEIA,CAXTRINHO
6487,Laboratori,2024-09-01,2024,AVENIDA PAULISTA,LABORATORI
6488,NCT DREAM,2024-09-02,2024,ESPACO UNIMED,NCT DREAM
6489,Cuca Ferreira,2024-09-03,2024,CENTRO DA TERRA,CUCA FERREIRA
6490,The Drums,2024-09-04,2024,VIP STATION,THE DRUMS
6491,Sessa,2024-09-05,2024,CASA ROCKAMBOLE,SESSA
6492,Tori,2024-09-05,2024,CASA ROCKAMBOLE,TORI
6493,O Kannalha,2024-09-05,2024,FUNILARIA,O KANNALHA
6494,Tangolo Mangos,2024-09-05,2024,CASA ROCKAMBOLE,TANGOLO MANGOS
6495,Jota.pê,2024-09-05,2024,CASA DE FRANCISCA,JOTA.PE
6496,Tuyo,2024-09-05,2024,GALERIA OLIDO,TUYO
6497,Fernando Catatau,2024-09-05,2024,PICLES CARDEAL,FERNANDO CATATAU
6498,Bazuros,2024-09-06,2024,SECILIANS SHOP,BAZUROS
6499,Marcos Suzano,2024-09-06,2024,MEMORIAL DA AMERICA LATINA,MARCOS SUZANO
6500,Lenine,2024-09-06,2024,MEMORIAL DA AMERICA LATINA,LENINE
6501,Adriana Calcanhotto & Arnaldo Antunes,2024-09-06,2024,MEMORIAL DA AMERICA LATINA,ADRIANA CALCANHOTTO & ARNALDO ANTUNES
6502,Forró Red Light,2024-09-06,2024,MEMORIAL DA AMERICA LATINA,FORRO RED LIGHT
6503,Silvia Machete,2024-09-06,2024,MEMORIAL DA AMERICA LATINA,SILVIA MACHETE
6504,Guro,2024-09-06,2024,FENDA 315,GURO
6505,Greve,2024-09-06,2024,FENDA 315,GREVE
6506,Boogarins,2024-09-06,2024,SESC BELENZINHO,BOOGARINS
6507,Boca Livre,2024-09-06,2024,MEMORIAL DA AMERICA LATINA,BOCA LIVRE
6508,Torture Squad,2024-09-06,2024,ESPACO UNIMED,TORTURE SQUAD
6509,Beto Guedes,2024-09-06,2024,AUDITORIO SIMON BOLIVAR - MEMORIAL DA AMERICA LATINA,BETO GUEDES
6510,DJ K,2024-09-06,2024,VOID GENERAL STORE,DJ K
6511,Detonautas Roque Clube,2024-09-06,2024,TOKIO MARINE HALL,DETONAUTAS ROQUE CLUBE
6512,O Terno,2024-09-06,2024,MEMORIAL DA AMERICA LATINA,O TERNO
6513,Cold Cave,2024-09-06,2024,CARIOCA CLUB,COLD CAVE
6514,14 Bis,2024-09-06,2024,AUDITORIO SIMON BOLIVAR - MEMORIAL DA AMERICA LATINA,14 BIS
6515,Anitta,2024-09-06,2024,NEO QUIMICA ARENA,ANITTA
6516,Zeeba,2024-09-06,2024,NEO QUIMICA ARENA,ZEEBA
6517,Derek,2024-09-06,2024,COFFEESHOP CLUB,DEREK
6518,Sombra,2024-09-06,2024,SESC POMPEIA,SOMBRA
6519,Luísa Sonza,2024-09-06,2024,NEO QUIMICA ARENA,LUISA SONZA
6520,Sepultura,2024-09-06,2024,ESPACO UNIMED,SEPULTURA
6521,Carola,2024-09-06,2024,NEO QUIMICA ARENA,CAROLA
6522,Flávio Venturini,2024-09-06,2024,AUDITORIO SIMON BOLIVAR - MEMORIAL DA AMERICA LATINA,FLAVIO VENTURINI
6523,Deekapz,2024-09-07,2024,MEMORIAL DA AMERICA LATINA,DEEKAPZ
6524,dadá Joãozinho,2024-09-07,2024,MEMORIAL DA AMERICA LATINA,DADA JOAOZINHO
6525,Ebony,2024-09-07,2024,CASA NATURA MUSICAL,EBONY
6526,Cefa,2024-09-07,2024,CASA ALGOHITS,CEFA
6527,Rancore,2024-09-07,2024,CULTURA LIVRE,RANCORE
6528,Mike Dean,2024-09-07,2024,MORUMBIS,MIKE DEAN
6529,Cultura Tres,2024-09-07,2024,ESPACO UNIMED,CULTURA TRES
6530,Jovem Dionisio,2024-09-07,2024,AUDIO,JOVEM DIONISIO
6532,João Bosco,2024-09-07,2024,MEMORIAL DA AMERICA LATINA,JOAO BOSCO
6533,Dead Fish,2024-09-07,2024,TEATRO SESC 24 DE MAIO,DEAD FISH
6534,Sandra de Sá,2024-09-07,2024,MEMORIAL DA AMERICA LATINA,SANDRA DE SA
6535,DJ Guuga,2024-09-07,2024,MORUMBIS,DJ GUUGA
6536,Sepultura,2024-09-07,2024,ESPACO UNIMED,SEPULTURA
6537,Los Mirlos,2024-09-07,2024,SESC POMPEIA,LOS MIRLOS
6538,Hyldon,2024-09-07,2024,MEMORIAL DA AMERICA LATINA,HYLDON
6539,Lulu Santos,2024-09-07,2024,MEMORIAL DA AMERICA LATINA,LULU SANTOS
6540,Tássia Reis,2024-09-07,2024,MEMORIAL DA AMERICA LATINA,TASSIA REIS
6541,Febem,2024-09-07,2024,CINE JOIA,FEBEM
6542,Stratus Luna,2024-09-07,2024,A PORTA MALDITA,STRATUS LUNA
6543,Bebé,2024-09-07,2024,MEMORIAL DA AMERICA LATINA,BEBE
6544,Os Paralamas do Sucesso,2024-09-07,2024,MEMORIAL DA AMERICA LATINA,OS PARALAMAS DO SUCESSO
6545,Applegate,2024-09-07,2024,A PORTA MALDITA,APPLEGATE
6546,The Weeknd,2024-09-07,2024,MORUMBIS,THE WEEKND
6547,Tulipa Ruiz,2024-09-07,2024,MEMORIAL DA AMERICA LATINA,TULIPA RUIZ
6548,Flor Et,2024-09-08,2024,TARANTINO CERVEJARIA,FLOR ET
6549,Dead Fish,2024-09-08,2024,TEATRO SESC 24 DE MAIO,DEAD FISH
6550,Black Pantera,2024-09-08,2024,ESPACO UNIMED,BLACK PANTERA
6551,Riot V,2024-09-08,2024,MANIFESTO BAR,RIOT V
6552,Hardgainer,2024-09-08,2024,TARANTINO CERVEJARIA,HARDGAINER
6553,Hateen,2024-09-08,2024,TARANTINO CERVEJARIA,HATEEN
6554,Yago Oproprio,2024-09-08,2024,MEMORIAL DA AMERICA LATINA,YAGO OPROPRIO
6555,Joyce Alane,2024-09-08,2024,MEMORIAL DA AMERICA LATINA,JOYCE ALANE
6556,Planet Hemp,2024-09-08,2024,MEMORIAL DA AMERICA LATINA,PLANET HEMP
6557,Metade de Mim,2024-09-08,2024,TARANTINO CERVEJARIA,METADE DE MIM
6558,Mestrinho,2024-09-08,2024,MEMORIAL DA AMERICA LATINA,MESTRINHO
6559,Licks & Maltz,2024-09-08,2024,CARIOCA CLUB,LICKS & MALTZ
6560,Fistt,2024-09-08,2024,TARANTINO CERVEJARIA,FISTT
6561,5 a Seco,2024-09-08,2024,MEMORIAL DA AMERICA LATINA,5 A SECO
6562,Jogo Sujo,2024-09-08,2024,CARIOCA CLUB,JOGO SUJO
6563,Mariana Aydar,2024-09-08,2024,MEMORIAL DA AMERICA LATINA,MARIANA AYDAR
6564,Children of the Beast,2024-09-08,2024,MORUMBIZINHO MOTO CLUB,CHILDREN OF THE BEAST
6565,Xande de Pilares,2024-09-08,2024,MEMORIAL DA AMERICA LATINA,XANDE DE PILARES
6566,Sepultura,2024-09-08,2024,ESPACO UNIMED,SEPULTURA
6567,Timbalada,2024-09-08,2024,MEMORIAL DA AMERICA LATINA,TIMBALADA
6568,Sophia Chablau & Felipe Vaqueiro,2024-09-09,2024,BONA CASA DE MUSICA,SOPHIA CHABLAU & FELIPE VAQUEIRO
6569,Jonnata Doll e os Garotos Solventes,2024-09-10,2024,CENTRO DA TERRA,JONNATA DOLL E OS GAROTOS SOLVENTES
6570,Therion,2024-09-11,2024,CARIOCA CLUB,THERION
6571,Travis Scott,2024-09-11,2024,ALLIANZ PARQUE,TRAVIS SCOTT
6572,Lomiiel,2024-09-11,2024,ALLIANZ PARQUE,LOMIIEL
6573,Christone “Kingfish” Ingram,2024-09-12,2024,TEATRO BRADESCO,"CHRISTONE ""KINGFISH"" INGRAM"
6574,Varanda,2024-09-12,2024,SESC VILA MARIANA,VARANDA
6575,Os Brutus,2024-09-12,2024,FENDA 315,OS BRUTUS
6576,Esteban Tavares,2024-09-12,2024,PICLES CARDEAL,ESTEBAN TAVARES
6577,Projetonave,2024-09-12,2024,FFFRONT,PROJETONAVE
6578,Jammil,2024-09-12,2024,FUNILARIA,JAMMIL
6579,Crizin da Z.O.,2024-09-12,2024,SESC POMPEIA,CRIZIN DA Z.O.
6580,Miragem,2024-09-12,2024,A PORTA MALDITA,MIRAGEM
6581,Children of the Beast,2024-09-12,2024,BAR DO JUIZ - PATRIARCA,CHILDREN OF THE BEAST
6582,Marina Lima,2024-09-13,2024,SESC POMPEIA,MARINA LIMA
6583,João Bosco,2024-09-13,2024,SESC 14 BIS,JOAO BOSCO
6584,Academia da Berlinda,2024-09-13,2024,CITY LIGHTS MUSIC HALL,ACADEMIA DA BERLINDA
6585,Malfeitona,2024-09-13,2024,SOL Y SOMBRA,MALFEITONA
6586,Sebastianismos,2024-09-13,2024,SOL Y SOMBRA,SEBASTIANISMOS
6587,Circus Maximus,2024-09-13,2024,HANGAR 110,CIRCUS MAXIMUS
6588,Orange Disaster,2024-09-13,2024,PICLES CARDEAL,ORANGE DISASTER
6589,Antiprisma,2024-09-13,2024,PICLES CARDEAL,ANTIPRISMA
6590,Sudor Marika,2024-09-13,2024,SOL Y SOMBRA,SUDOR MARIKA
6591,Marcia Griffiths,2024-09-13,2024,CINE JOIA,MARCIA GRIFFITHS
6592,Fin del Mundo,2024-09-13,2024,SESC BELENZINHO,FIN DEL MUNDO
6593,Deep Purple,2024-09-13,2024,ESPACO UNIMED,DEEP PURPLE
6594,The Orange Disaster,2024-09-13,2024,PICLES CARDEAL,THE ORANGE DISASTER
6595,Tribo de Jah,2024-09-14,2024,SESC SANTO AMARO,TRIBO DE JAH
6596,As Mercenárias,2024-09-14,2024,PORTA,AS MERCENARIAS
6597,TesseracT,2024-09-14,2024,CARIOCA CLUB,TESSERACT
6598,João Bosco,2024-09-14,2024,SESC 14 BIS,JOAO BOSCO
6599,Carne Doce,2024-09-14,2024,CITY LIGHTS MUSIC HALL,CARNE DOCE
6600,Matchbox,2024-09-14,2024,CENTRO ESPORTIVO ARTHUR FRIEDENREICH,MATCHBOX
6601,John Wayne,2024-09-14,2024,CASA DE CULTURA CHICO SCIENCE,JOHN WAYNE
6602,Retrato,2024-09-14,2024,FFFRONT,RETRATO
6603,Céu,2024-09-14,2024,SESC VILA MARIANA,CEU
6604,Pavilhão 9,2024-09-14,2024,CASA DE CULTURA CHICO SCIENCE,PAVILHAO 9
6605,D'Artagnan Não Mora Mais Aqui,2024-09-14,2024,FFFRONT,D'ARTAGNAN NAO MORA MAIS AQUI
6606,The Beast Experience,2024-09-14,2024,MANIFESTO BAR,THE BEAST EXPERIENCE
6607,Adorável Clichê,2024-09-14,2024,BAR ALTO,ADORAVEL CLICHE
6608,Roots – Sepultura Tributo,2024-09-14,2024,CRASH CHURCH UNDERGROUND MINISTRY,ROOTS - SEPULTURA TRIBUTO
6609,Halleck,2024-09-14,2024,CARDEAL PUB,HALLECK
6610,Marina Lima,2024-09-14,2024,SESC POMPEIA,MARINA LIMA
6611,O Teatro Mágico,2024-09-14,2024,TOKIO MARINE HALL,O TEATRO MAGICO
6612,Coralinne,2024-09-14,2024,BAY AREA ESTUDIOS,CORALINNE
6613,Ghetto Kumbé,2024-09-14,2024,CENTRO CULTURAL TENDAL DA LAPA,GHETTO KUMBE
6614,Ilú Obá De Min,2024-09-14,2024,CENTRO CULTURAL TENDAL DA LAPA,ILU OBA DE MIN
6615,Moreno Veloso,2024-09-14,2024,CASA NATURA MUSICAL,MORENO VELOSO
6616,Orange Disaster,2024-09-15,2024,FENDA 315,ORANGE DISASTER
6617,Emicaeli,2024-09-15,2024,FENDA 315,EMICAELI
6618,Céu,2024-09-15,2024,SESC VILA MARIANA,CEU
6619,TesseracT,2024-09-15,2024,FABRIQUE CLUB,TESSERACT
6620,The Spunyboys,2024-09-15,2024,CENTRO ESPORTIVO ARTHUR FRIEDENREICH,THE SPUNYBOYS
6621,João Bosco,2024-09-15,2024,SESC 14 BIS,JOAO BOSCO
6622,Cida Moreira,2024-09-15,2024,SESC AVENIDA PAULISTA,CIDA MOREIRA
6623,Adorável Clichê,2024-09-15,2024,CINE JOIA,ADORAVEL CLICHE
6624,Guilherme de Sá,2024-09-15,2024,CAMPO DE MARTE,GUILHERME DE SA
6625,Rosa de Saron,2024-09-15,2024,CAMPO DE MARTE,ROSA DE SARON
6626,DIIV,2024-09-15,2024,CINE JOIA,DIIV
6627,Benito di Paula,2024-09-15,2024,TOKIO MARINE HALL,BENITO DI PAULA
6628,Elephant Gym,2024-09-15,2024,CASA ROCKAMBOLE,ELEPHANT GYM
6629,DREAMCATCHER,2024-09-15,2024,TERRA SP,DREAMCATCHER
6630,Newen Afrobeat,2024-09-15,2024,CENTRO CULTURAL TENDAL DA LAPA,NEWEN AFROBEAT
6631,Daymé Arocena,2024-09-15,2024,CENTRO CULTURAL TENDAL DA LAPA,DAYME AROCENA
6632,DIIV,2024-09-16,2024,BAR ALTO,DIIV
6633,ARTMS,2024-09-17,2024,TERRA SP,ARTMS
6634,Bufo Borealis,2024-09-17,2024,CENTRO DA TERRA,BUFO BOREALIS
6635,Lúcio Maia,2024-09-17,2024,CENTRO DA TERRA,LUCIO MAIA
6636,Guilherme de Sá,2024-09-18,2024,CENTRO CULTURAL DA PENHA,GUILHERME DE SA
6637,Jards Macalé,2024-09-18,2024,PICLES CARDEAL,JARDS MACALE
6638,Chitãozinho & Xororó,2024-09-18,2024,ALTAS HORAS,CHITAOZINHO & XORORO
6639,Jards Macalé,2024-09-19,2024,PICLES CARDEAL,JARDS MACALE
6640,"Thalin, Cravinhos, VCR Slim, Pirlo & iloveyoulangelo",2024-09-19,2024,SESC POMPEIA,"THALIN, CRAVINHOS, VCR SLIM, PIRLO & ILOVEYOULANGELO"
6641,Catto,2024-09-19,2024,TEATRO DAS ARTES,CATTO
6642,Yamandu Costa,2024-09-19,2024,BLUE NOTE SAO PAULO,YAMANDU COSTA
6643,Ne‐Yo,2024-09-19,2024,ESPACO UNIMED,NE-YO
6644,Wander Wildner,2024-09-19,2024,FENDA 315,WANDER WILDNER
6645,DJ Zé Pedro,2024-09-20,2024,ALLIANZ PARQUE,DJ ZE PEDRO
6646,DJ Zé Pedro,2024-09-20,2024,EDIFICIO COPAN,DJ ZE PEDRO
6647,Banda Uó,2024-09-20,2024,CENTRO CULTURAL TENDAL DA LAPA,BANDA UO
6648,Acid Mothers Temple & The Melting Paraiso U.F.O.,2024-09-20,2024,FABRIQUE CLUB,ACID MOTHERS TEMPLE & THE MELTING PARAISO U.F.O.
6649,Devotos,2024-09-20,2024,FABRIQUE CLUB,DEVOTOS
6650,Espacialrias,2024-09-20,2024,FFFRONT,ESPACIALRIAS
6651,Patife Band,2024-09-20,2024,FABRIQUE CLUB,PATIFE BAND
6652,Mariah Carey,2024-09-20,2024,ALLIANZ PARQUE,MARIAH CAREY
6653,Rodrigo Teaser,2024-09-21,2024,AUDIO,RODRIGO TEASER
6654,Carminho,2024-09-21,2024,TOKIO MARINE HALL,CARMINHO
6655,Don L,2024-09-21,2024,CENTRO CULTURAL SAO PAULO,DON L
6656,Renato Braz,2024-09-21,2024,EDIFICIO COPAN,RENATO BRAZ
6657,Poltergat,2024-09-21,2024,ESTUDIO AURORA,POLTERGAT
6658,Cida Moreira,2024-09-21,2024,EDIFICIO COPAN,CIDA MOREIRA
6659,Orange Disaster,2024-09-21,2024,ESTUDIO AURORA,ORANGE DISASTER
6660,FIGUEROAS,2024-09-21,2024,PICLES CARDEAL,FIGUEROAS
6661,Gloria Gaynor,2024-09-21,2024,ESPACO UNIMED,GLORIA GAYNOR
6662,SIAMÉS,2024-09-21,2024,CASA NATURA MUSICAL,SIAMES
6663,Black Pantera,2024-09-21,2024,SESC BELENZINHO,BLACK PANTERA
6664,Lô Borges,2024-09-21,2024,SESC POMPEIA,LO BORGES
6665,Letrux,2024-09-21,2024,SESC VILA MARIANA,LETRUX
6666,Coqui Sosa,2024-09-21,2024,EDIFICIO COPAN,COQUI SOSA
6667,Comando Nuclear,2024-09-22,2024,JAI CLUB,COMANDO NUCLEAR
6668,Raven,2024-09-22,2024,JAI CLUB,RAVEN
6669,Nameless Gods,2024-09-22,2024,CAFUNDO,NAMELESS GODS
6670,Assucena,2024-09-22,2024,EDIFICIO COPAN,ASSUCENA
6671,Hurtmold,2024-09-22,2024,CITY LIGHTS MUSIC HALL,HURTMOLD
6672,Zezé Motta,2024-09-22,2024,EDIFICIO COPAN,ZEZE MOTTA
6673,ballburya,2024-09-22,2024,AVENIDA PAULISTA,BALLBURYA
6674,Alaíde Costa,2024-09-22,2024,EDIFICIO COPAN,ALAIDE COSTA
6675,Joss Stone,2024-09-24,2024,ESPACO UNIMED,JOSS STONE
6676,Guilherme de Sá,2024-09-24,2024,TEATRO PAULO EIRO,GUILHERME DE SA
6677,Los Sebosos Postizos,2024-09-25,2024,CENTRO CULTURAL SAO PAULO,LOS SEBOSOS POSTIZOS
6678,Values Here,2024-09-26,2024,ROCK TOGETHER STUDIO,VALUES HERE
6679,Children of the Beast,2024-09-26,2024,STONES MUSIC BAR,CHILDREN OF THE BEAST
6680,Os Paralamas do Sucesso,2024-09-26,2024,AUDIO,OS PARALAMAS DO SUCESSO
6681,Walter Schreifels,2024-09-26,2024,FFFRONT,WALTER SCHREIFELS
6682,Paula Toller,2024-09-26,2024,PRIVATE VENUE,PAULA TOLLER
6683,Ouse Morrer,2024-09-26,2024,ROCK TOGETHER STUDIO,OUSE MORRER
6684,Tom Cridland,2024-09-26,2024,VIBRA SAO PAULO,TOM CRIDLAND
6685,Vanguart,2024-09-26,2024,TEATRO SESC 24 DE MAIO,VANGUART
6686,Escape the Fate,2024-09-26,2024,HANGAR 110,ESCAPE THE FATE
6687,Junio Barreto,2024-09-26,2024,SESC POMPEIA,JUNIO BARRETO
6688,Far from Alaska,2024-09-26,2024,SHOPPING VILA OLIMPIA,FAR FROM ALASKA
6689,Alice Caymmi,2024-09-27,2024,SESC 14 BIS,ALICE CAYMMI
6690,Freak Fur,2024-09-27,2024,FABRIQUE CLUB,FREAK FUR
6691,Bebel Gilberto,2024-09-27,2024,SESC PINHEIROS,BEBEL GILBERTO
6692,Silva,2024-09-27,2024,ESPACO UNIMED,SILVA
6693,Sound Bullet,2024-09-27,2024,FENDA 315,SOUND BULLET
6694,Strong Reaction,2024-09-27,2024,FABRIQUE CLUB,STRONG REACTION
6695,Good Intentions,2024-09-27,2024,FABRIQUE CLUB,GOOD INTENTIONS
6696,Devotos,2024-09-27,2024,AUDIO,DEVOTOS
6697,Tuyo,2024-09-27,2024,CENTRO CULTURAL VILA ITORORO,TUYO
6698,Cyro Sampaio,2024-09-27,2024,FENDA 315,CYRO SAMPAIO
6699,Vanguart,2024-09-27,2024,TEATRO SESC 24 DE MAIO,VANGUART
6700,Sky Down,2024-09-27,2024,FFFRONT,SKY DOWN
6701,Cidade Dormitório,2024-09-27,2024,CINECLUBE CORTINA,CIDADE DORMITORIO
6702,Tony Ann,2024-09-27,2024,AUDITORIO SIMON BOLIVAR - MEMORIAL DA AMERICA LATINA,TONY ANN
6703,Gorilla Biscuits,2024-09-27,2024,FABRIQUE CLUB,GORILLA BISCUITS
6704,Paura,2024-09-27,2024,FABRIQUE CLUB,PAURA
6705,Nação Zumbi,2024-09-27,2024,AUDIO,NACAO ZUMBI
6706,Values Here,2024-09-27,2024,FABRIQUE CLUB,VALUES HERE
6707,Pélico,2024-09-27,2024,CENTRO CULTURAL SAO PAULO,PELICO
6708,Melly,2024-09-27,2024,CASA NATURA MUSICAL,MELLY
6709,Tatá Aeroplano,2024-09-27,2024,CINECLUBE CORTINA,TATA AEROPLANO
6710,Eric Clapton,2024-09-28,2024,VIBRA SAO PAULO,ERIC CLAPTON
6711,Dame Area,2024-09-28,2024,MADAME CLUB,DAME AREA
6712,Lulina,2024-09-28,2024,ODETTE,LULINA
6713,Henrique Mota,2024-09-28,2024,MEMORIAL DA AMERICA LATINA,HENRIQUE MOTA
6714,Fabio Cadore,2024-09-28,2024,SESC ITAQUERA,FABIO CADORE
6715,Vulcano,2024-09-28,2024,LA IGLESIA BORRATXERIA,VULCANO
6716,Gary Clark Jr.,2024-09-28,2024,VIBRA SAO PAULO,GARY CLARK JR.
6717,Scott Kinsey,2024-09-28,2024,MEMORIAL DA AMERICA LATINA,SCOTT KINSEY
6718,Amaro Freitas,2024-09-28,2024,MEMORIAL DA AMERICA LATINA,AMARO FREITAS
6719,Death Of Caligari,2024-09-28,2024,DEPOIS DO FIM DO MUNDO ESTUDIO,DEATH OF CALIGARI
6720,Biter,2024-09-28,2024,HELLRAISER ROCK BAR,BITER
6721,Dianne Reeves,2024-09-28,2024,MEMORIAL DA AMERICA LATINA,DIANNE REEVES
6722,Ludovic,2024-09-28,2024,CITY LIGHTS MUSIC HALL,LUDOVIC
6723,Niall Horan,2024-09-28,2024,PARQUE DO IBIRAPUERA,NIALL HORAN
6724,Floral,2024-09-28,2024,ROCK TOGETHER STUDIO,FLORAL
6725,Pelados,2024-09-28,2024,SESC BELENZINHO,PELADOS
6726,Loyal Gun,2024-09-28,2024,FFFRONT,LOYAL GUN
6727,Nick León,2024-09-28,2024,FABRIKETA,NICK LEON
6728,Aurora Halal,2024-09-28,2024,FABRIKETA,AURORA HALAL
6729,DJ LHC,2024-09-28,2024,FABRIKETA,DJ LHC
6730,Titãs,2024-09-28,2024,ESPACO UNIMED,TITAS
6731,Masturbator,2024-09-28,2024,LA IGLESIA BORRATXERIA,MASTURBATOR
6732,Clarissa,2024-09-28,2024,PARQUE DO IBIRAPUERA,CLARISSA
6733,Guillerrrmo,2024-09-28,2024,FABRIKETA,GUILLERRRMO
6734,L_cio,2024-09-28,2024,FABRIKETA,L_CIO
6735,DJ Magal,2024-09-28,2024,FABRIKETA,DJ MAGAL
6736,Frontinn,2024-09-28,2024,FABRIKETA,FRONTINN
6737,DJ Fart,2024-09-28,2024,FABRIKETA,DJ FART
6738,Night Prowler,2024-09-28,2024,HELLRAISER ROCK BAR,NIGHT PROWLER
6739,Nene H,2024-09-28,2024,FABRIKETA,NENE H
6740,Dopplereffekt,2024-09-28,2024,FABRIKETA,DOPPLEREFFEKT
6741,Alexander Robotnick,2024-09-28,2024,FABRIKETA,ALEXANDER ROBOTNICK
6742,Mainline Magic Orchestra,2024-09-28,2024,FABRIKETA,MAINLINE MAGIC ORCHESTRA
6743,Terno Rei,2024-09-28,2024,SESC VILA MARIANA,TERNO REI
6744,Hotaru,2024-09-28,2024,FABRIKETA,HOTARU
6745,Nicole Salmi,2024-09-29,2024,ESPACO CACHUERA!,NICOLE SALMI
6746,Foojammers,2024-09-29,2024,AV. PAULISTA,FOOJAMMERS
6747,Magnólia,2024-09-29,2024,A PORTA MALDITA,MAGNOLIA
6748,Terno Rei,2024-09-29,2024,SESC VILA MARIANA,TERNO REI
6749,Gary Clark Jr.,2024-09-29,2024,ALLIANZ PARQUE,GARY CLARK JR.
6750,Salomão Soares,2024-09-29,2024,MEMORIAL DA AMERICA LATINA,SALOMAO SOARES
6751,Dani & Debora Gurgel Quarteto,2024-09-29,2024,MEMORIAL DA AMERICA LATINA,DANI & DEBORA GURGEL QUARTETO
6752,Guegué Medeiros,2024-09-29,2024,MEMORIAL DA AMERICA LATINA,GUEGUE MEDEIROS
6753,Eric Clapton,2024-09-29,2024,ALLIANZ PARQUE,ERIC CLAPTON
6754,Seu Jorge,2024-09-29,2024,MEMORIAL DA AMERICA LATINA,SEU JORGE
6755,Daniel Jobim,2024-09-29,2024,MEMORIAL DA AMERICA LATINA,DANIEL JOBIM
6756,Shai Maestro Trio,2024-09-29,2024,MEMORIAL DA AMERICA LATINA,SHAI MAESTRO TRIO
6757,Bruno Mars,2024-10-01,2024,TOKIO MARINE HALL,BRUNO MARS
6758,Ema Stoned,2024-10-01,2024,SESC CONSOLACAO,EMA STONED
6759,Blogueirinha,2024-10-02,2024,,BLOGUEIRINHA
6760,Rafael Bittencourt,2024-10-02,2024,BLUE NOTE SAO PAULO,RAFAEL BITTENCOURT
6762,Chico Bernardes,2024-10-03,2024,BONA CASA DE MUSICA,CHICO BERNARDES
6763,Jup do Bairro,2024-10-03,2024,PICLES CARDEAL,JUP DO BAIRRO
6764,Ajuliacosta,2024-10-03,2024,SESC POMPEIA,AJULIACOSTA
6765,Nill,2024-10-03,2024,CASA NATURA MUSICAL,NILL
6766,Banda Del Rey,2024-10-04,2024,CITY LIGHTS MUSIC HALL,BANDA DEL REY
6767,Seu Cuca,2024-10-04,2024,JAI CLUB,SEU CUCA
6768,Samuel Rosa,2024-10-04,2024,CLUBE ATLETICO PAULISTANO,SAMUEL ROSA
6769,Bruno Mars,2024-10-04,2024,MORUMBIS,BRUNO MARS
6770,Curumin,2024-10-04,2024,SESC POMPEIA,CURUMIN
6771,Cattarse,2024-10-04,2024,FFFRONT,CATTARSE
6772,Inocentes,2024-10-04,2024,LONDON CALLING DISCOS,INOCENTES
6773,"Francisco, el Hombre",2024-10-04,2024,CASA NATURA MUSICAL,"FRANCISCO, EL HOMBRE"
6774,Dibob,2024-10-04,2024,JAI CLUB,DIBOB
6775,Almôndegas,2024-10-04,2024,SESC BELENZINHO,ALMONDEGAS
6776,Maglore,2024-10-05,2024,CASA ROCKAMBOLE,MAGLORE
6777,Orthostat,2024-10-05,2024,LA IGLESIA BORRATXERIA,ORTHOSTAT
6778,Halleck,2024-10-05,2024,PORAO DA CERVEJA,HALLECK
6779,Almir Sater,2024-10-05,2024,CLUBE ATLETICO PAULISTANO,ALMIR SATER
6780,Various Artists,2024-10-05,2024,ALLIANZ PARQUE,VARIOUS ARTISTS
6781,Bruno Mars,2024-10-05,2024,MORUMBIS,BRUNO MARS
6782,Isabella Lovestory,2024-10-05,2024,ZIG STUDIO,ISABELLA LOVESTORY
6783,Juliana Linhares,2024-10-05,2024,SESC 24 DE MAIO,JULIANA LINHARES
6784,ballburya,2024-10-05,2024,INSTITUTO CULTURAL BOLIVIA ROCK,BALLBURYA
6785,Children of the Beast,2024-10-05,2024,BUDEGAALOKKA,CHILDREN OF THE BEAST
6786,Escombro,2024-10-05,2024,CENTRO CULTURAL DA JUVENTUDE RUTH CARDOSO,ESCOMBRO
6787,Bayside Kings,2024-10-05,2024,CENTRO CULTURAL DA JUVENTUDE RUTH CARDOSO,BAYSIDE KINGS
6788,Curumin,2024-10-05,2024,SESC POMPEIA,CURUMIN
6789,Burrice Precoce,2024-10-05,2024,CENTRO CULTURAL DA JUVENTUDE RUTH CARDOSO,BURRICE PRECOCE
6790,Demophobia,2024-10-05,2024,LA IGLESIA BORRATXERIA,DEMOPHOBIA
6791,Capote,2024-10-05,2024,CENTRO CULTURAL DA JUVENTUDE RUTH CARDOSO,CAPOTE
6792,InRaza,2024-10-05,2024,LA IGLESIA BORRATXERIA,INRAZA
6793,Metade de Mim,2024-10-05,2024,CENTRO CULTURAL DA JUVENTUDE RUTH CARDOSO,METADE DE MIM
6794,Válvera,2024-10-06,2024,CARIOCA CLUB,VALVERA
6795,Garage Fuzz,2024-10-06,2024,CINE JOIA,GARAGE FUZZ
6796,Destruction,2024-10-06,2024,CARIOCA CLUB,DESTRUCTION
6797,Chuva Negra,2024-10-06,2024,CINE JOIA,CHUVA NEGRA
6798,Zander,2024-10-06,2024,CINE JOIA,ZANDER
6799,Hateen,2024-10-06,2024,CINE JOIA,HATEEN
6800,A.C.E,2024-10-06,2024,VIP STATION,A.C.E
6801,Night Prowler,2024-10-06,2024,FABRIQUE CLUB,NIGHT PROWLER
6802,Maglore,2024-10-06,2024,CASA ROCKAMBOLE,MAGLORE
6803,Ilustre Refém,2024-10-06,2024,JAI CLUB,ILUSTRE REFEM
6804,Weedevil,2024-10-06,2024,FABRIQUE CLUB,WEEDEVIL
6805,Hybrid Theory,2024-10-06,2024,TOKIO MARINE HALL,HYBRID THEORY
6806,Sextrash,2024-10-06,2024,CARIOCA CLUB,SEXTRASH
6807,Lucifer,2024-10-06,2024,FABRIQUE CLUB,LUCIFER
6808,Tantum,2024-10-06,2024,FABRIQUE CLUB,TANTUM
6809,Space Grease,2024-10-06,2024,FABRIQUE CLUB,SPACE GREASE
6810,Rancore,2024-10-06,2024,HANGAR 110,RANCORE
6811,Pesta,2024-10-06,2024,FABRIQUE CLUB,PESTA
6813,Cyro Sampaio,2024-10-07,2024,UNIAO FRATERNA,CYRO SAMPAIO
6814,Nando Reis,2024-10-07,2024,UNIAO FRATERNA,NANDO REIS
6815,OUTROEU,2024-10-07,2024,UNIAO FRATERNA,OUTROEU
6816,Bruno Mars,2024-10-08,2024,MORUMBIS,BRUNO MARS
6817,Ashnikko,2024-10-08,2024,AUDIO,ASHNIKKO
6818,Matteo Bocelli,2024-10-09,2024,SALA SAO PAULO,MATTEO BOCELLI
6819,Bruno Mars,2024-10-09,2024,MORUMBIS,BRUNO MARS
6820,TAXIDERMIA,2024-10-10,2024,SESC VILA MARIANA,TAXIDERMIA
6821,Péricles,2024-10-10,2024,PARQUE VILLA-LOBOS,PERICLES
6822,ANNÁ,2024-10-10,2024,SESC POMPEIA,ANNA
6823,Oswaldo Montenegro,2024-10-10,2024,TOKIO MARINE HALL,OSWALDO MONTENEGRO
6824,Aláfia,2024-10-10,2024,CENTRO CULTURAL SAO PAULO,ALAFIA
6825,Sonic Symphony,2024-10-11,2024,EXPO CENTER NORTE,SONIC SYMPHONY
6826,Shawn James,2024-10-11,2024,CARIOCA CLUB,SHAWN JAMES
6827,Roberta Sá,2024-10-11,2024,CINE JOIA,ROBERTA SA
6828,Malditos Jovens do Reggae,2024-10-11,2024,ESTUDIO PAPRICA,MALDITOS JOVENS DO REGGAE
6829,CPM 22,2024-10-11,2024,PARQUE VILLA-LOBOS,CPM 22
6830,Lencinho,2024-10-11,2024,CASA ALGOHITS,LENCINHO
6831,Pabllo Vittar,2024-10-11,2024,AUDIO,PABLLO VITTAR
6832,Urias,2024-10-11,2024,AUDIO,URIAS
6833,Paura,2024-10-12,2024,GALPAO CRU,PAURA
6834,Chão de Taco,2024-10-12,2024,LA IGLESIA BORRATXERIA,CHAO DE TACO
6835,Black Pantera,2024-10-12,2024,TOKIO MARINE HALL,BLACK PANTERA
6836,Clava,2024-10-12,2024,GALPAO CRU,CLAVA
6837,UANA,2024-10-12,2024,FUNILARIA,UANA
6838,Living Colour,2024-10-12,2024,TOKIO MARINE HALL,LIVING COLOUR
6839,Nando Reis,2024-10-12,2024,ESPACO UNIMED,NANDO REIS
6840,Budang,2024-10-12,2024,GALPAO CRU,BUDANG
6841,Sonic Symphony,2024-10-12,2024,EXPO CENTER NORTE,SONIC SYMPHONY
6842,Falsa Luz,2024-10-12,2024,GALPAO CRU,FALSA LUZ
6843,Tomar Control,2024-10-12,2024,GALPAO CRU,TOMAR CONTROL
6844,Jorge Aragão,2024-10-12,2024,PARQUE VILLA-LOBOS,JORGE ARAGAO
6845,Grupo Fundo de Quintal,2024-10-12,2024,PARQUE VILLA-LOBOS,GRUPO FUNDO DE QUINTAL
6846,Bruno Mars,2024-10-12,2024,MORUMBIS,BRUNO MARS
6847,Wardruna,2024-10-12,2024,TERRA SP,WARDRUNA
6848,Clan Dos Mortos Cicatriz,2024-10-12,2024,GALPAO CRU,CLAN DOS MORTOS CICATRIZ
6849,MEE,2024-10-13,2024,GALPAO CRU,MEE
6850,I Shot Cyrus,2024-10-13,2024,GALPAO CRU,I SHOT CYRUS
6851,Punho de Mahin,2024-10-13,2024,BARAKI HOUSE,PUNHO DE MAHIN
6852,Xuxa,2024-10-13,2024,NEO QUIMICA ARENA,XUXA
6853,O Inimigo,2024-10-13,2024,GALPAO CRU,O INIMIGO
6854,Sophia Chablau e Uma Enorme Perda de Tempo,2024-10-13,2024,SESC IPIRANGA,SOPHIA CHABLAU E UMA ENORME PERDA DE TEMPO
6855,Norte Cartel,2024-10-13,2024,GALPAO CRU,NORTE CARTEL
6856,EVERGLOW,2024-10-13,2024,TERRA SP,EVERGLOW
6857,The Mission,2024-10-13,2024,CARIOCA CLUB,THE MISSION
6858,Tomar Control,2024-10-13,2024,BARAKI HOUSE,TOMAR CONTROL
6859,Joker,2024-10-13,2024,GALPAO CRU,JOKER
6861,69 Enfermos,2024-10-13,2024,FFFRONT,69 ENFERMOS
6862,Sonic Symphony,2024-10-13,2024,EXPO CENTER NORTE,SONIC SYMPHONY
6863,Helô Ribeiro,2024-10-13,2024,TEATRO DE ARENA EUGENIO KUSNET,HELO RIBEIRO
6864,Drunktank,2024-10-13,2024,FFFRONT,DRUNKTANK
6865,Marcelo Falcão,2024-10-13,2024,PARQUE VILLA-LOBOS,MARCELO FALCAO
6866,Gagged,2024-10-13,2024,FFFRONT,GAGGED
6868,Posers,2024-10-13,2024,LA IGLESIA BORRATXERIA,POSERS
6869,Christian Death,2024-10-13,2024,CARIOCA CLUB,CHRISTIAN DEATH
6870,Bruno Mars,2024-10-13,2024,MORUMBIS,BRUNO MARS
6871,Maneva,2024-10-13,2024,PARQUE VILLA-LOBOS,MANEVA
6872,DPR CREAM,2024-10-14,2024,KOMPLEXO TEMPO,DPR CREAM
6873,DPR IAN,2024-10-14,2024,KOMPLEXO TEMPO,DPR IAN
6874,DPR ARTIC,2024-10-14,2024,KOMPLEXO TEMPO,DPR ARTIC
6875,Paul McCartney,2024-10-15,2024,ALLIANZ PARQUE,PAUL MCCARTNEY
6876,The Hives,2024-10-15,2024,TOKIO MARINE HALL,THE HIVES
6877,Gustthavo,2024-10-15,2024,CASA DE SHOW ESPECIFICA,GUSTTHAVO
6878,Chris Holmes,2024-10-15,2024,ALLIANZ PARQUE,CHRIS HOLMES
6880,Chris Holmes,2024-10-16,2024,ALLIANZ PARQUE,CHRIS HOLMES
6881,Paul McCartney,2024-10-16,2024,ALLIANZ PARQUE,PAUL MCCARTNEY
6883,Alzira E + Corte,2024-10-17,2024,CASA DE FRANCISCA,ALZIRA E + CORTE
6884,The Moors,2024-10-17,2024,FENDA 315,THE MOORS
6885,Viratempo,2024-10-17,2024,PICLES CARDEAL,VIRATEMPO
6886,Pitty,2024-10-17,2024,PARQUE VILLA-LOBOS,PITTY
6887,Winona Riders,2024-10-17,2024,BAR ALTO,WINONA RIDERS
6888,Besouro Mulher,2024-10-17,2024,PICLES CARDEAL,BESOURO MULHER
6889,Supersuckers,2024-10-18,2024,JAI CLUB,SUPERSUCKERS
6890,The Moors,2024-10-18,2024,PORAO DA CERVEJA,THE MOORS
6891,Dead Fish,2024-10-18,2024,LA IGLESIA BORRATXERIA,DEAD FISH
6892,Children of the Beast,2024-10-18,2024,MORRISON ROCK BAR,CHILDREN OF THE BEAST
6893,Aziz Ibrahim,2024-10-18,2024,CITY LIGHTS MUSIC HALL,AZIZ IBRAHIM
6894,Golpe de Estado,2024-10-18,2024,SESC AVENIDA PAULISTA,GOLPE DE ESTADO
6895,Trachoma,2024-10-18,2024,ROCK TOGETHER STUDIO,TRACHOMA
6896,Infamous Glory,2024-10-18,2024,ROCK TOGETHER STUDIO,INFAMOUS GLORY
6897,Bebê Feio,2024-10-18,2024,DEPOIS DO FIM DO MUNDO ESTUDIO,BEBE FEIO
6898,Leptospirose,2024-10-18,2024,FENDA 315,LEPTOSPIROSE
6899,Gaby Amarantos,2024-10-18,2024,SESC VILA MARIANA,GABY AMARANTOS
6900,Doce Encontro,2024-10-18,2024,PARQUE VILLA-LOBOS,DOCE ENCONTRO
6901,Fresno,2024-10-18,2024,ESPACO UNIMED,FRESNO
6902,Nameless Gods,2024-10-18,2024,DEPOIS DO FIM DO MUNDO ESTUDIO,NAMELESS GODS
6903,The Mullet Monster Mafia,2024-10-18,2024,JAI CLUB,THE MULLET MONSTER MAFIA
6904,Tássia Reis,2024-10-18,2024,SESC POMPEIA,TASSIA REIS
6905,Peter Pan Speedrock,2024-10-18,2024,JAI CLUB,PETER PAN SPEEDROCK
6906,Thanathus,2024-10-18,2024,DEPOIS DO FIM DO MUNDO ESTUDIO,THANATHUS
6907,DragonForce,2024-10-19,2024,ALLIANZ PARQUE,DRAGONFORCE
6908,Mudvayne,2024-10-19,2024,ALLIANZ PARQUE,MUDVAYNE
6909,Krisiun,2024-10-19,2024,ALLIANZ PARQUE,KRISIUN
6910,Eskröta,2024-10-19,2024,ALLIANZ PARQUE,ESKROTA
6911,Ratos de Porão,2024-10-19,2024,ALLIANZ PARQUE,RATOS DE PORAO
6912,Big Up,2024-10-19,2024,SENAC NACOES UNIDAS,BIG UP
6913,Lúcio Maia,2024-10-19,2024,SESC AVENIDA PAULISTA,LUCIO MAIA
6914,Gaby Amarantos,2024-10-19,2024,SESC VILA MARIANA,GABY AMARANTOS
6915,Meshuggah,2024-10-19,2024,ALLIANZ PARQUE,MESHUGGAH
6916,Michale Graves,2024-10-19,2024,HANGAR 110,MICHALE GRAVES
6917,Gloria Groove,2024-10-19,2024,ESPACO UNIMED,GLORIA GROOVE
6918,Los Sebosos Postizos,2024-10-19,2024,SESC BELENZINHO,LOS SEBOSOS POSTIZOS
6919,Jorge Vercillo,2024-10-19,2024,PARQUE VILLA-LOBOS,JORGE VERCILLO
6920,Pense,2024-10-19,2024,FABRIQUE CLUB,PENSE
6921,Enigma Central Park,2024-10-19,2024,FFFRONT,ENIGMA CENTRAL PARK
6922,Roupa Nova,2024-10-19,2024,PARQUE VILLA-LOBOS,ROUPA NOVA
6923,Orbit Culture,2024-10-19,2024,ALLIANZ PARQUE,ORBIT CULTURE
6924,Amon Amarth,2024-10-19,2024,ALLIANZ PARQUE,AMON AMARTH
6925,Slipknot,2024-10-19,2024,ALLIANZ PARQUE,SLIPKNOT
6926,eliminadorzinho,2024-10-19,2024,CITY LIGHTS MUSIC HALL,ELIMINADORZINHO
6928,Chococorn and the Sugarcanes,2024-10-19,2024,CITY LIGHTS MUSIC HALL,CHOCOCORN AND THE SUGARCANES
6929,The Moors,2024-10-19,2024,HANGAR 110,THE MOORS
6930,Project46,2024-10-19,2024,ALLIANZ PARQUE,PROJECT46
6931,H₂O,2024-10-19,2024,FABRIQUE CLUB,H2O
6932,Eminence,2024-10-19,2024,ALLIANZ PARQUE,EMINENCE
6933,Firefriend,2024-10-19,2024,LAJE,FIREFRIEND
6934,Yamandu Costa,2024-10-19,2024,PARQUE VILLA-LOBOS,YAMANDU COSTA
6935,Kryour,2024-10-19,2024,ALLIANZ PARQUE,KRYOUR
6936,Antiprisma,2024-10-19,2024,FFFRONT,ANTIPRISMA
6937,BABYMETAL,2024-10-20,2024,ALLIANZ PARQUE,BABYMETAL
6938,Papangu,2024-10-20,2024,ALLIANZ PARQUE,PAPANGU
6939,Poppy,2024-10-20,2024,ALLIANZ PARQUE,POPPY
6940,Slipknot,2024-10-20,2024,ALLIANZ PARQUE,SLIPKNOT
6941,Till Lindemann,2024-10-20,2024,ALLIANZ PARQUE,TILL LINDEMANN
6942,P.O.D.,2024-10-20,2024,ALLIANZ PARQUE,P.O.D.
6943,Zimbra,2024-10-20,2024,CINE JOIA,ZIMBRA
6944,Monobloco,2024-10-20,2024,PARQUE VILLA-LOBOS,MONOBLOCO
6945,Black Pantera,2024-10-20,2024,ALLIANZ PARQUE,BLACK PANTERA
6946,Korzus,2024-10-20,2024,ALLIANZ PARQUE,KORZUS
6947,Mundo Video,2024-10-20,2024,CITY LIGHTS MUSIC HALL,MUNDO VIDEO
6948,Raça,2024-10-20,2024,CITY LIGHTS MUSIC HALL,RACA
6949,Ego Kill Talent,2024-10-20,2024,ALLIANZ PARQUE,EGO KILL TALENT
6950,The Mönic,2024-10-20,2024,ALLIANZ PARQUE,THE MONIC
6951,DUDA BEAT,2024-10-20,2024,TOKIO MARINE HALL,DUDA BEAT
6952,Thiaguinho,2024-10-20,2024,PARQUE VILLA-LOBOS,THIAGUINHO
6953,Luísa e os Alquimistas,2024-10-20,2024,SESC VILA MARIANA,LUISA E OS ALQUIMISTAS
6954,Bad Omens,2024-10-20,2024,ALLIANZ PARQUE,BAD OMENS
6955,Seven Hours After Violet,2024-10-20,2024,ALLIANZ PARQUE,SEVEN HOURS AFTER VIOLET
6956,BABYMETAL,2024-10-21,2024,AUDIO,BABYMETAL
6957,Seven Hours After Violet,2024-10-21,2024,AUDIO,SEVEN HOURS AFTER VIOLET
6958,Papangu,2024-10-22,2024,FFFRONT,PAPANGU
6959,Pense,2024-10-22,2024,CASA ALGOHITS,PENSE
6960,Arto Lindsay,2024-10-22,2024,MATIZ,ARTO LINDSAY
6961,Chitãozinho & Xororó,2024-10-23,2024,AUDIO,CHITAOZINHO & XORORO
6962,Voluntários da Pátria,2024-10-23,2024,SESC POMPEIA,VOLUNTARIOS DA PATRIA
6963,Mother Mother,2024-10-23,2024,TOKIO MARINE HALL,MOTHER MOTHER
6964,Tomar Control,2024-10-23,2024,FENDA 315,TOMAR CONTROL
6965,Zé Manoel,2024-10-23,2024,SESC VILA MARIANA,ZE MANOEL
6966,Tyrone Vaughan,2024-10-23,2024,BOURBON STREET MUSIC CLUB,TYRONE VAUGHAN
6967,Arrigo Barnabé,2024-10-24,2024,BAR PRACA 87,ARRIGO BARNABE
6968,KL Jay,2024-10-24,2024,KATARINA BAR,KL JAY
6969,Ciça Moreira,2024-10-24,2024,SHOPPING VILA OLIMPIA,CICA MOREIRA
6970,Fantastic Negrito,2024-10-24,2024,CINE JOIA,FANTASTIC NEGRITO
6971,Scatolove,2024-10-24,2024,SHOPPING VILA OLIMPIA,SCATOLOVE
6972,Odair José,2024-10-25,2024,SESC VILA MARIANA,ODAIR JOSE
6973,Paula Toller,2024-10-25,2024,ESPACO UNIMED,PAULA TOLLER
6974,Julio Secchin,2024-10-25,2024,MIS - MUSEU DA IMAGEM E DO SOM,JULIO SECCHIN
6975,Catto,2024-10-25,2024,CASA NATURA MUSICAL,CATTO
6976,Roupa Nova,2024-10-25,2024,CLUBE ATLETICO JUVENTUS,ROUPA NOVA
6977,Carne Doce,2024-10-25,2024,TEATRO SESC 24 DE MAIO,CARNE DOCE
6978,Coralinne,2024-10-25,2024,LA IGLESIA BORRATXERIA,CORALINNE
6979,ToyShop,2024-10-25,2024,LONDON CALLING DISCOS,TOYSHOP
6980,Black Alien,2024-10-25,2024,SESC POMPEIA,BLACK ALIEN
6981,Poise,2024-10-25,2024,LA IGLESIA BORRATXERIA,POISE
6982,Marcelo D2,2024-10-26,2024,AUDIO,MARCELO D2
6983,Giant Love,2024-10-26,2024,VEGANAASSOO,GIANT LOVE
6984,Andralls,2024-10-26,2024,VIP STATION,ANDRALLS
6985,Foojammers,2024-10-26,2024,CARDEAL PUB,FOOJAMMERS
6986,Cemitério,2024-10-26,2024,VIP STATION,CEMITERIO
6987,Podridão,2024-10-26,2024,VIP STATION,PODRIDAO
6988,Trachoma,2024-10-26,2024,VIP STATION,TRACHOMA
6989,Dischavizer,2024-10-26,2024,VIP STATION,DISCHAVIZER
6990,Fossilization,2024-10-26,2024,VIP STATION,FOSSILIZATION
6991,Odair José,2024-10-26,2024,SESC VILA MARIANA,ODAIR JOSE
6992,Subcut,2024-10-26,2024,VIP STATION,SUBCUT
6993,Black Alien,2024-10-26,2024,SESC POMPEIA,BLACK ALIEN
6994,Gloria,2024-10-26,2024,CARIOCA CLUB,GLORIA
6995,ballburya,2024-10-26,2024,ROCK TOGETHER STUDIO,BALLBURYA
6996,Baixo Calão,2024-10-26,2024,VIP STATION,BAIXO CALAO
6997,Grinders,2024-10-26,2024,LA IGLESIA BORRATXERIA,GRINDERS
6998,Tuyo,2024-10-26,2024,CASA NATURA MUSICAL,TUYO
6999,ROT,2024-10-26,2024,VIP STATION,ROT
7000,Dead Congregation,2024-10-26,2024,VIP STATION,DEAD CONGREGATION
7001,Chameleo,2024-10-26,2024,CINE JOIA,CHAMELEO
7002,Lencinho,2024-10-26,2024,CASA ALGOHITS,LENCINHO
7003,Cólera,2024-10-26,2024,LA IGLESIA BORRATXERIA,COLERA
7004,Bong Brigade,2024-10-26,2024,HANGAR 110,BONG BRIGADE
7005,Jamie xx,2024-10-26,2024,PRACA DAS ARTES,JAMIE XX
7006,DZK,2024-10-26,2024,LA IGLESIA BORRATXERIA,DZK
7007,Petra,2024-10-26,2024,CARIOCA CLUB,PETRA
7008,Coralinne,2024-10-26,2024,CASA LAB,CORALINNE
7009,Matuê,2024-10-26,2024,MEMORIAL DA AMERICA LATINA,MATUE
7010,Firefriend,2024-10-26,2024,VEGANAASSOO,FIREFRIEND
7011,Bride,2024-10-26,2024,CARIOCA CLUB,BRIDE
7012,Napalm Death,2024-10-26,2024,VIP STATION,NAPALM DEATH
7013,Restart,2024-10-26,2024,ESPACO UNIMED,RESTART
7014,Surra,2024-10-26,2024,VIP STATION,SURRA
7015,FIGUEROAS,2024-10-26,2024,SESC VILA MARIANA,FIGUEROAS
7016,Samuel Rosa,2024-10-26,2024,CLUBE PAINEIRAS,SAMUEL ROSA
7017,PLUMA,2024-10-26,2024,SESC BELENZINHO,PLUMA
7018,Carne Doce,2024-10-26,2024,TEATRO SESC 24 DE MAIO,CARNE DOCE
7019,Dionne Warwick,2024-10-26,2024,VIBRA SAO PAULO,DIONNE WARWICK
7020,Subcut,2024-10-27,2024,PORAO DA CERVEJA,SUBCUT
7021,Péricles,2024-10-27,2024,MIRANTE ESPERIA,PERICLES
7022,Baixo Calão,2024-10-27,2024,LA IGLESIA BORRATXERIA,BAIXO CALAO
7023,Jimmy & Rats,2024-10-27,2024,SCHOOL OF ROCK SAO PAULO,JIMMY & RATS
7024,Sabbat,2024-10-27,2024,JAI CLUB,SABBAT
7025,Dead Congregation,2024-10-27,2024,LA IGLESIA BORRATXERIA,DEAD CONGREGATION
7026,Akua Dixon,2024-10-29,2024,CASA DE FRANCISCA,AKUA DIXON
7027,Wanderléa,2024-10-30,2024,CENTRO CULTURAL SAO PAULO,WANDERLEA
7028,Blogueirinha,2024-10-30,2024,,BLOGUEIRINHA
7029,Nouvelle Vague,2024-10-30,2024,AUDIO,NOUVELLE VAGUE
7030,Gabriel Thomaz,2024-10-31,2024,PORTA,GABRIEL THOMAZ
7031,Emicaeli,2024-10-31,2024,PORTA,EMICAELI
7032,LIO,2024-10-31,2024,BLUE NOTE SAO PAULO,LIO
7033,Josy.Anne,2024-10-31,2024,SESC POMPEIA,JOSY.ANNE
7034,Children of the Beast,2024-10-31,2024,BAR DO JUIZ - PATRIARCA,CHILDREN OF THE BEAST
7035,Dente Canino,2024-10-31,2024,PORTA,DENTE CANINO
7036,Schlop,2024-10-31,2024,FFFRONT,SCHLOP
7037,[darkscape],2024-10-31,2024,MANIFESTO BAR,[DARKSCAPE]
7039,Torture Squad,2024-10-31,2024,THE METAL BAR,TORTURE SQUAD
7040,Mãeana,2024-10-31,2024,AUDIO,MAEANA
7041,Catto,2024-11-01,2024,SESC BELENZINHO,CATTO
7042,Thalma de Freitas,2024-11-01,2024,SESC POMPEIA,THALMA DE FREITAS
7043,Leptospirose,2024-11-01,2024,FENDA 315,LEPTOSPIROSE
7044,Bazuros,2024-11-01,2024,PORTA,BAZUROS
7045,Merda,2024-11-01,2024,FENDA 315,MERDA
7046,Flageladör,2024-11-01,2024,SESC BELENZINHO,FLAGELADOR
7047,Jorge Aragão,2024-11-01,2024,AUTODROMO DE INTERLAGOS,JORGE ARAGAO
7048,Dawn Penn,2024-11-01,2024,ESPACO USINE,DAWN PENN
7049,Pabllo Vittar,2024-11-01,2024,VIBRA SAO PAULO,PABLLO VITTAR
7050,MCND,2024-11-01,2024,STUDIO STAGE,MCND
7051,Rodolfo Abrantes,2024-11-01,2024,CARIOCA CLUB,RODOLFO ABRANTES
7052,Chameleo,2024-11-01,2024,VIBRA SAO PAULO,CHAMELEO
7053,Iara Rennó,2024-11-02,2024,ODETTE,IARA RENNO
7054,Adrian Vandenberg,2024-11-02,2024,MANIFESTO BAR,ADRIAN VANDENBERG
7055,Mystifier,2024-11-02,2024,CASA AUREA,MYSTIFIER
7056,Sea Smile,2024-11-02,2024,HANGAR 110,SEA SMILE
7057,Catto,2024-11-02,2024,SESC BELENZINHO,CATTO
7058,Lobão,2024-11-02,2024,TOKIO MARINE HALL,LOBAO
7059,Spektra,2024-11-02,2024,MANIFESTO BAR,SPEKTRA
7060,Merda,2024-11-02,2024,CASA ALGOHITS,MERDA
7061,Axty,2024-11-02,2024,HANGAR 110,AXTY
7062,Roots – Sepultura Tributo,2024-11-02,2024,ROCK WHEELS KUSTOM BAR,ROOTS - SEPULTURA TRIBUTO
7063,Alok,2024-11-02,2024,AUTODROMO DE INTERLAGOS,ALOK
7064,face to face,2024-11-02,2024,VIP STATION,FACE TO FACE
7065,Sleaford Mods,2024-11-02,2024,CARIOCA CLUB,SLEAFORD MODS
7066,Black Pantera,2024-11-02,2024,CARIOCA CLUB,BLACK PANTERA
7067,Retrato,2024-11-02,2024,A PORTA MALDITA,RETRATO
7068,Zebrahead,2024-11-02,2024,VIP STATION,ZEBRAHEAD
7069,Os Estilhaços,2024-11-02,2024,A PORTA MALDITA,OS ESTILHACOS
7070,Zander,2024-11-02,2024,VIP STATION,ZANDER
7071,Firefriend,2024-11-02,2024,A PORTA MALDITA,FIREFRIEND
7072,Under Influence,2024-11-02,2024,VIP STATION,UNDER INFLUENCE
7073,A Wilhelm Scream,2024-11-02,2024,VIP STATION,A WILHELM SCREAM
7074,The Mönic,2024-11-02,2024,VIP STATION,THE MONIC
7075,Coralinne,2024-11-02,2024,MOOCA ROCK BAR,CORALINNE
7076,Luiza Lian,2024-11-02,2024,SESC VILA MARIANA,LUIZA LIAN
7077,Garage Fuzz,2024-11-02,2024,VIP STATION,GARAGE FUZZ
7078,Nina Maia,2024-11-03,2024,SESC AVENIDA PAULISTA,NINA MAIA
7079,Leptospirose,2024-11-03,2024,FENDA 315,LEPTOSPIROSE
7080,Daniel,2024-11-03,2024,AUTODROMO DE INTERLAGOS,DANIEL
7081,Trypophöbia,2024-11-03,2024,"CONDICOES EXTREMAS, RESPOSTAS EXTREMAS",TRYPOPHOBIA
7082,Merda,2024-11-03,2024,FENDA 315,MERDA
7083,Infected Rain,2024-11-03,2024,FABRIQUE CLUB,INFECTED RAIN
7084,Terno Rei,2024-11-03,2024,ESPACO UNIMED,TERNO REI
7085,The Smashing Pumpkins,2024-11-03,2024,ESPACO UNIMED,THE SMASHING PUMPKINS
7086,Rocky,2024-11-03,2024,CARIOCA CLUB,ROCKY
7087,Edgard Scandurra,2024-11-04,2024,CITY LIGHTS MUSIC HALL,EDGARD SCANDURRA
7088,Saulo Duarte,2024-11-04,2024,CITY LIGHTS MUSIC HALL,SAULO DUARTE
7089,Ludovic,2024-11-04,2024,CENTRO DA TERRA,LUDOVIC
7090,Pabllo Vittar,2024-11-05,2024,MASP,PABLLO VITTAR
7091,Boy Harsher,2024-11-05,2024,CARIOCA CLUB,BOY HARSHER
7092,Travis,2024-11-05,2024,AUDIO,TRAVIS
7093,Erykah Badu,2024-11-06,2024,ESPACO UNIMED,ERYKAH BADU
7094,Marcelo D2,2024-11-06,2024,CENTRO CULTURAL SAO PAULO,MARCELO D2
7095,Zeca Veloso,2024-11-06,2024,BONA CASA DE MUSICA,ZECA VELOSO
7096,Inimigos da HP,2024-11-06,2024,EXPO CENTER NORTE,INIMIGOS DA HP
7097,Luedji Luna,2024-11-06,2024,ESPACO UNIMED,LUEDJI LUNA
7098,CPM 22,2024-11-07,2024,EXPO CENTER NORTE,CPM 22
7099,Dope,2024-11-07,2024,TERRA SP,DOPE
7100,Static‐X,2024-11-07,2024,TERRA SP,STATIC-X
7101,Silva,2024-11-07,2024,ROCA SP GALLERY,SILVA
7102,Marcelo D2,2024-11-07,2024,CENTRO CULTURAL SAO PAULO,MARCELO D2
7103,Silvia Machete,2024-11-07,2024,CASA NATURA MUSICAL,SILVIA MACHETE
7104,Busted,2024-11-07,2024,CINE JOIA,BUSTED
7105,Titãs,2024-11-08,2024,EXPO CENTER NORTE,TITAS
7106,Fafá de Belém,2024-11-08,2024,TOKIO MARINE HALL,FAFA DE BELEM
7107,Firefriend,2024-11-08,2024,RED STAR STUDIOS,FIREFRIEND
7108,Mechanics,2024-11-08,2024,RED STAR STUDIOS,MECHANICS
7109,Bazuros,2024-11-08,2024,SOL Y SOMBRA,BAZUROS
7110,Infected Rain,2024-11-08,2024,CENTRO DE EVENTOS PRO MAGNO,INFECTED RAIN
7111,slipmami,2024-11-08,2024,CASA NATURA MUSICAL,SLIPMAMI
7112,Antiline,2024-11-08,2024,LA IGLESIA BORRATXERIA,ANTILINE
7113,DEAFKIDS,2024-11-08,2024,LA IGLESIA BORRATXERIA,DEAFKIDS
7114,Péricles,2024-11-08,2024,TERRA SP,PERICLES
7115,Bebê Feio,2024-11-08,2024,LA IGLESIA BORRATXERIA,BEBE FEIO
7116,Fábio Zanon,2024-11-08,2024,TEATRO CULTURA ARTISTICA,FABIO ZANON
7117,Liniker,2024-11-08,2024,ESPACO UNIMED,LINIKER
7118,Nameless Gods,2024-11-09,2024,FFFRONT,NAMELESS GODS
7119,homeninvisivel,2024-11-09,2024,VIP STATION,HOMENINVISIVEL
7120,Evilcult,2024-11-09,2024,CARIOCA CLUB,EVILCULT
7121,Asphyx,2024-11-09,2024,CARIOCA CLUB,ASPHYX
7122,LUDMILLA,2024-11-09,2024,CENTRO ESPORTIVO E DE LAZER TIETE,LUDMILLA
7123,Bebê Feio,2024-11-09,2024,LA IGLESIA BORRATXERIA,BEBE FEIO
7124,Matanza Inc,2024-11-09,2024,LA IGLESIA BORRATXERIA,MATANZA INC
7125,Zero to Hero,2024-11-09,2024,VIP STATION,ZERO TO HERO
7126,The Troops of Doom,2024-11-09,2024,CARIOCA CLUB,THE TROOPS OF DOOM
7127,Viper,2024-11-09,2024,CASA DE CULTURA CHICO SCIENCE,VIPER
7128,Mundo Video,2024-11-09,2024,CASA ROCKAMBOLE,MUNDO VIDEO
7129,Maglore,2024-11-09,2024,GALERIA OLIDO,MAGLORE
7130,Ego Kill Talent,2024-11-09,2024,FAMILY MOB STUDIOS,EGO KILL TALENT
7131,Keane,2024-11-09,2024,ESPACO UNIMED,KEANE
7132,Noturnall,2024-11-09,2024,CENTRO DE EVENTOS PRO MAGNO,NOTURNALL
7133,Mechanics,2024-11-09,2024,LA IGLESIA BORRATXERIA,MECHANICS
7134,Raimundos,2024-11-09,2024,ESTADIO DO CANINDE,RAIMUNDOS
7135,Miragem,2024-11-09,2024,PORTA,MIRAGEM
7136,Fábio Zanon,2024-11-09,2024,TEATRO CULTURA ARTISTICA,FABIO ZANON
7137,Hanging Freud,2024-11-09,2024,MADAME CLUB,HANGING FREUD
7138,Pitch Yarn of Matter,2024-11-09,2024,MADAME CLUB,PITCH YARN OF MATTER
7139,Tuyo,2024-11-09,2024,SESC BOM RETIRO,TUYO
7140,Contra o Céu,2024-11-09,2024,HANGAR 110,CONTRA O CEU
7141,Forever Grey,2024-11-09,2024,MADAME CLUB,FOREVER GREY
7142,Foojammers,2024-11-09,2024,CAVEPOOL,FOOJAMMERS
7143,Water From Your Eyes,2024-11-09,2024,CASA ROCKAMBOLE,WATER FROM YOUR EYES
7144,Movements,2024-11-09,2024,VIP STATION,MOVEMENTS
7146,Gal Go,2024-11-09,2024,CASA ROCKAMBOLE,GAL GO
7147,Schlop,2024-11-09,2024,PORTA,SCHLOP
7148,terraplana,2024-11-09,2024,CASA ROCKAMBOLE,TERRAPLANA
7149,MEE,2024-11-10,2024,CINE JOIA,MEE
7150,Ana Frango Elétrico,2024-11-10,2024,TOKIO MARINE HALL,ANA FRANGO ELETRICO
7151,BADBADNOTGOOD,2024-11-10,2024,TOKIO MARINE HALL,BADBADNOTGOOD
7152,Converge,2024-11-10,2024,CINE JOIA,CONVERGE
7153,Fresno,2024-11-10,2024,ESTADIO DO CANINDE,FRESNO
7154,TRAGO,2024-11-10,2024,SESC VILA MARIANA,TRAGO
7155,Dance of Days,2024-11-10,2024,RED STAR STUDIOS,DANCE OF DAYS
7156,Paira,2024-11-10,2024,TOKIO MARINE HALL,PAIRA
7157,Water From Your Eyes,2024-11-10,2024,TOKIO MARINE HALL,WATER FROM YOUR EYES
7158,Dinosaur Jr.,2024-11-10,2024,TOKIO MARINE HALL,DINOSAUR JR.
7159,Raça,2024-11-10,2024,TOKIO MARINE HALL,RACA
7160,LUDMILLA,2024-11-10,2024,CENTRO ESPORTIVO E DE LAZER TIETE,LUDMILLA
7161,Picture,2024-11-10,2024,MANIFESTO BAR,PICTURE
7162,Nabihah Iqbal,2024-11-10,2024,TOKIO MARINE HALL,NABIHAH IQBAL
7163,Tuyo,2024-11-10,2024,SESC BOM RETIRO,TUYO
7164,Moto Perpétuo,2024-11-11,2024,CAFE PIU PIU,MOTO PERPETUO
7165,Dirkschneider,2024-11-11,2024,CARIOCA CLUB,DIRKSCHNEIDER
7166,Nabihah Iqbal,2024-11-11,2024,SESC CARMO,NABIHAH IQBAL
7167,Jair Naves,2024-11-11,2024,CENTRO DA TERRA,JAIR NAVES
7168,Odair José,2024-11-11,2024,CITY LIGHTS MUSIC HALL,ODAIR JOSE
7169,Maria Beraldo,2024-11-11,2024,CITY LIGHTS MUSIC HALL,MARIA BERALDO
7170,Siegrid Ingrid,2024-11-12,2024,FABRIQUE CLUB,SIEGRID INGRID
7171,Ne Obliviscaris,2024-11-12,2024,CARIOCA CLUB,NE OBLIVISCARIS
7172,Bianca Del Rio,2024-11-12,2024,TEATRO BRADESCO,BIANCA DEL RIO
7173,Adi Oasis,2024-11-12,2024,BLUE NOTE SAO PAULO,ADI OASIS
7174,Hypocrisy,2024-11-12,2024,FABRIQUE CLUB,HYPOCRISY
7175,Moto Perpétuo,2024-11-12,2024,CAFE PIU PIU,MOTO PERPETUO
7176,E a Terra Nunca Me Pareceu Tão Distante,2024-11-12,2024,AUDIO,E A TERRA NUNCA ME PARECEU TAO DISTANTE
7177,Torture Squad,2024-11-12,2024,FABRIQUE CLUB,TORTURE SQUAD
7178,Jerry Cantrell,2024-11-12,2024,AUDIO,JERRY CANTRELL
7179,Chelsea Grin,2024-11-13,2024,HANGAR 110,CHELSEA GRIN
7180,Satyricon,2024-11-13,2024,CARIOCA CLUB,SATYRICON
7181,Forgotten Boys,2024-11-13,2024,SESC AVENIDA PAULISTA,FORGOTTEN BOYS
7182,Liniker,2024-11-13,2024,ESPACO UNIMED,LINIKER
7183,Jada Imani,2024-11-13,2024,PORTA,JADA IMANI
7184,Di Melo,2024-11-14,2024,MUNDO PENSANTE,DI MELO
7185,Franz Ferdinand,2024-11-14,2024,TOKIO MARINE HALL,FRANZ FERDINAND
7186,Enslaved,2024-11-14,2024,FABRIQUE CLUB,ENSLAVED
7187,Marina Sena,2024-11-14,2024,AUDIO,MARINA SENA
7188,Núbia,2024-11-14,2024,SESC POMPEIA,NUBIA
7189,"Thalin, Cravinhos, VCR Slim, Pirlo & iloveyoulangelo",2024-11-14,2024,CINECLUBE CORTINA,"THALIN, CRAVINHOS, VCR SLIM, PIRLO & ILOVEYOULANGELO"
7190,Grupo Menos é Mais,2024-11-14,2024,ESPACO UNIMED,GRUPO MENOS E MAIS
7191,Oficina G3,2024-11-14,2024,CARIOCA CLUB,OFICINA G3
7192,The Tremolo Beer Gut,2024-11-14,2024,RED STAR STUDIOS,THE TREMOLO BEER GUT
7193,Os Brutus,2024-11-14,2024,RED STAR STUDIOS,OS BRUTUS
7194,Forgotten Boys,2024-11-14,2024,SESC AVENIDA PAULISTA,FORGOTTEN BOYS
7195,Pitty,2024-11-15,2024,PARQUE VILLA-LOBOS,PITTY
7196,Joelma,2024-11-15,2024,ALTAS HORAS,JOELMA
7197,Mc Luanna,2024-11-15,2024,PARQUE VILLA-LOBOS,MC LUANNA
7198,La Ciencia Simple,2024-11-15,2024,SESC AVENIDA PAULISTA,LA CIENCIA SIMPLE
7199,Victoria,2024-11-15,2024,ZIG STUDIO,VICTORIA
7200,Mike Vescera,2024-11-15,2024,MANIFESTO BAR,MIKE VESCERA
7201,Ego Kill Talent,2024-11-15,2024,ALLIANZ PARQUE,EGO KILL TALENT
7202,Assucena,2024-11-15,2024,PARQUE VILLA-LOBOS,ASSUCENA
7203,Linkin Park,2024-11-15,2024,ALLIANZ PARQUE,LINKIN PARK
7204,Crânula,2024-11-15,2024,LA IGLESIA BORRATXERIA,CRANULA
7205,Katatonia,2024-11-15,2024,CARIOCA CLUB,KATATONIA
7206,Victoria,2024-11-15,2024,BAR ALTO,VICTORIA
7207,Orquestra Brasileira de Música Jamaicana,2024-11-15,2024,CASA DE FRANCISCA,ORQUESTRA BRASILEIRA DE MUSICA JAMAICANA
7208,Cranial Crusher,2024-11-15,2024,LA IGLESIA BORRATXERIA,CRANIAL CRUSHER
7209,Sadistic Messiah,2024-11-15,2024,LA IGLESIA BORRATXERIA,SADISTIC MESSIAH
7210,Kool & the Gang,2024-11-15,2024,ESPACO UNIMED,KOOL & THE GANG
7211,Dfideliz,2024-11-15,2024,A MATA,DFIDELIZ
7212,Ego Kill Talent,2024-11-16,2024,ALLIANZ PARQUE,EGO KILL TALENT
7213,Foojammers,2024-11-16,2024,CPOR-SP,FOOJAMMERS
7214,Getúlio Abelha,2024-11-16,2024,PRACA DOM JOSE GASPAR,GETULIO ABELHA
7215,YMA,2024-11-16,2024,ESPACO UNIMED,YMA
7216,Luiza Lian,2024-11-16,2024,PRACA DAS ARTES,LUIZA LIAN
7217,Alice Caymmi,2024-11-16,2024,PRACA DOM JOSE GASPAR,ALICE CAYMMI
7218,Creatures,2024-11-16,2024,RED STAR STUDIOS,CREATURES
7219,Deathgeist,2024-11-16,2024,CASA DE CULTURA CHICO SCIENCE,DEATHGEIST
7220,Calcinha Preta,2024-11-16,2024,TERRA SP,CALCINHA PRETA
7221,Night Prowler,2024-11-16,2024,RED STAR STUDIOS,NIGHT PROWLER
7222,The Beast Experience,2024-11-16,2024,AUDIO,THE BEAST EXPERIENCE
7223,Rockfun Legends,2024-11-16,2024,CASA DE CULTURA CHICO SCIENCE,ROCKFUN LEGENDS
7224,Eduardo Falaschi,2024-11-16,2024,CASA DE CULTURA CHICO SCIENCE,EDUARDO FALASCHI
7225,Marcelo D2,2024-11-16,2024,CASA NALATAXSTRAAT,MARCELO D2
7226,Seventh Seal,2024-11-16,2024,CASA DE CULTURA CHICO SCIENCE,SEVENTH SEAL
7227,Tessuto,2024-11-16,2024,KOMPLEXO TEMPO,TESSUTO
7228,Boogarins,2024-11-16,2024,PRACA DOM JOSE GASPAR,BOOGARINS
7229,Bea Pelea,2024-11-16,2024,ESPACO PRINCE TOWER,BEA PELEA
7230,Linkin Park,2024-11-16,2024,ALLIANZ PARQUE,LINKIN PARK
7231,Eelke Kleijn,2024-11-16,2024,KOMPLEXO TEMPO,EELKE KLEIJN
7232,Souldynamic,2024-11-16,2024,KOMPLEXO TEMPO,SOULDYNAMIC
7233,MCR-T,2024-11-16,2024,KOMPLEXO TEMPO,MCR-T
7234,Pet Duo,2024-11-16,2024,KOMPLEXO TEMPO,PET DUO
7235,From House To Disco,2024-11-16,2024,KOMPLEXO TEMPO,FROM HOUSE TO DISCO
7236,The Blessed Madonna,2024-11-16,2024,KOMPLEXO TEMPO,THE BLESSED MADONNA
7237,Horace Andy,2024-11-16,2024,ESPACO USINE,HORACE ANDY
7238,AURORA,2024-11-16,2024,ESPACO UNIMED,AURORA
7239,Marcelinho da Lua,2024-11-16,2024,ESPACO USINE,MARCELINHO DA LUA
7240,Jeff Mills,2024-11-16,2024,KOMPLEXO TEMPO,JEFF MILLS
7241,BNegão,2024-11-16,2024,SESC POMPEIA,BNEGAO
7242,Yellow P,2024-11-16,2024,ESPACO USINE,YELLOW P
7243,Fernanda Smania,2024-11-16,2024,CASA LAB,FERNANDA SMANIA
7244,Hector Oaks,2024-11-16,2024,KOMPLEXO TEMPO,HECTOR OAKS
7245,Albuquerque,2024-11-16,2024,KOMPLEXO TEMPO,ALBUQUERQUE
7246,Somniac One,2024-11-16,2024,KOMPLEXO TEMPO,SOMNIAC ONE
7247,Sara Landry,2024-11-16,2024,KOMPLEXO TEMPO,SARA LANDRY
7248,Menores Atos,2024-11-16,2024,CARIOCA CLUB,MENORES ATOS
7249,AnD,2024-11-16,2024,KOMPLEXO TEMPO,AND
7250,Cinthie,2024-11-16,2024,KOMPLEXO TEMPO,CINTHIE
7251,DVS1,2024-11-16,2024,KOMPLEXO TEMPO,DVS1
7252,Mary Mesk,2024-11-16,2024,KOMPLEXO TEMPO,MARY MESK
7253,E a Terra Nunca Me Pareceu Tão Distante,2024-11-17,2024,FABRIQUE CLUB,E A TERRA NUNCA ME PARECEU TAO DISTANTE
7254,Nelson D,2024-11-17,2024,PRACA DOM JOSE GASPAR,NELSON D
7255,Ava Rocha,2024-11-17,2024,PRACA DAS ARTES,AVA ROCHA
7256,Sophia Chablau e Uma Enorme Perda de Tempo,2024-11-17,2024,PRACA DOM JOSE GASPAR,SOPHIA CHABLAU E UMA ENORME PERDA DE TEMPO
7257,Big Up,2024-11-17,2024,ESPACO UNIMED,BIG UP
7258,Gouge Away,2024-11-17,2024,FABRIQUE CLUB,GOUGE AWAY
7259,Innabrain,2024-11-17,2024,GAZ BURNING BAR,INNABRAIN
7260,NoPorn,2024-11-17,2024,PRACA DOM JOSE GASPAR,NOPORN
7261,Gagged,2024-11-17,2024,FABRIQUE CLUB,GAGGED
7262,Forfun,2024-11-17,2024,ESPACO UNIMED,FORFUN
7263,La Ciencia Simple,2024-11-17,2024,BAR ALTO,LA CIENCIA SIMPLE
7264,Raimundos,2024-11-17,2024,EXPO CENTER NORTE,RAIMUNDOS
7265,Joyce Manor,2024-11-17,2024,FABRIQUE CLUB,JOYCE MANOR
7266,Rumo,2024-11-17,2024,PRACA DOM JOSE GASPAR,RUMO
7268,Jair Naves,2024-11-18,2024,CENTRO DA TERRA,JAIR NAVES
7269,Di Melo,2024-11-18,2024,TEATRO MARS,DI MELO
7270,Diego Estevam,2024-11-19,2024,SESC CONSOLACAO,DIEGO ESTEVAM
7271,Belcea Quartet,2024-11-19,2024,TEATRO CULTURA ARTISTICA,BELCEA QUARTET
7272,Liniker,2024-11-19,2024,ESPACO UNIMED,LINIKER
7273,Joelma,2024-11-19,2024,CENTRO DE TRADICOES NORDESTINAS,JOELMA
7274,Daparte,2024-11-19,2024,CASA ROCKAMBOLE,DAPARTE
7275,Quatuor Ébène,2024-11-19,2024,TEATRO CULTURA ARTISTICA,QUATUOR EBENE
7276,Ja Rule,2024-11-19,2024,TERRA SP,JA RULE
7277,Nabiyah Be,2024-11-20,2024,BONA CASA DE MUSICA,NABIYAH BE
7278,Foojammers,2024-11-20,2024,WYNDHAM GARDEN SAO PAULO,FOOJAMMERS
7279,Tuyo,2024-11-20,2024,CENTRO CULTURAL FIESP,TUYO
7280,Mundo Video,2024-11-20,2024,CARACOL BAR,MUNDO VIDEO
7281,Juçara Marçal,2024-11-20,2024,CASA DE FRANCISCA,JUCARA MARCAL
7282,Belcea Quartet,2024-11-20,2024,TEATRO CULTURA ARTISTICA,BELCEA QUARTET
7283,Derek,2024-11-20,2024,LAYBACK PARK,DEREK
7284,Quatuor Ébène,2024-11-20,2024,TEATRO CULTURA ARTISTICA,QUATUOR EBENE
7285,Guilherme de Sá,2024-11-20,2024,CARIOCA CLUB,GUILHERME DE SA
7286,Foojammers,2024-11-20,2024,WILLI WILLIE BAR E ARQUERIA,FOOJAMMERS
7287,Kiko Zambianchi,2024-11-21,2024,AUDIO,KIKO ZAMBIANCHI
7288,Apeles,2024-11-21,2024,CINE JOIA,APELES
7289,Céu,2024-11-21,2024,ESTUDIO TV CULTURA,CEU
7290,The Vaccines,2024-11-21,2024,CINE JOIA,THE VACCINES
7291,Sessa,2024-11-21,2024,CARACOL BAR,SESSA
7292,UANA,2024-11-21,2024,CASA NATURA MUSICAL,UANA
7293,Totô de Babalong,2024-11-22,2024,MIS - MUSEU DA IMAGEM E DO SOM,TOTO DE BABALONG
7294,Capital Inicial,2024-11-22,2024,CLUBE ATLETICO JUVENTUS,CAPITAL INICIAL
7295,Racionais MC’s,2024-11-22,2024,ESPACO UNIMED,RACIONAIS MC'S
7296,Lulu Santos,2024-11-22,2024,TOKIO MARINE HALL,LULU SANTOS
7297,Duo Siqueira Lima,2024-11-22,2024,TEATRO CULTURA ARTISTICA,DUO SIQUEIRA LIMA
7298,DJ Nuts,2024-11-22,2024,CINE JOIA,DJ NUTS
7299,Rodrigo Teaser,2024-11-22,2024,PAVILHAO DE EXPOSICOES DO ANHEMBI,RODRIGO TEASER
7300,DJ KOCO a.k.a. SHIMOKITA,2024-11-22,2024,CINE JOIA,DJ KOCO A.K.A. SHIMOKITA
7301,Lianne La Havas,2024-11-23,2024,ALLIANZ PARQUE,LIANNE LA HAVAS
7302,Worst,2024-11-23,2024,CENTRO CULTURAL SANTO AMARO,WORST
7303,The Heathen Scÿthe,2024-11-23,2024,CENTRO CULTURAL SANTO AMARO,THE HEATHEN SCYTHE
7304,Höröyá,2024-11-23,2024,SESC POMPEIA,HOROYA
7305,JUNIOR,2024-11-23,2024,TOKIO MARINE HALL,JUNIOR
7306,Frejat,2024-11-23,2024,ALLIANZ PARQUE,FREJAT
7307,Laboratori,2024-11-23,2024,LA IGLESIA BORRATXERIA,LABORATORI
7308,Zal Idrissa Sissokho,2024-11-23,2024,SESC POMPEIA,ZAL IDRISSA SISSOKHO
7309,V48,2024-11-23,2024,LA IGLESIA BORRATXERIA,V48
7310,Malta,2024-11-23,2024,CENTRO CULTURAL SANTO AMARO,MALTA
7311,Crumb,2024-11-23,2024,CINE JOIA,CRUMB
7312,Esteban Tavares,2024-11-23,2024,CASA ROCKAMBOLE,ESTEBAN TAVARES
7313,Duo Siqueira Lima,2024-11-23,2024,TEATRO CULTURA ARTISTICA,DUO SIQUEIRA LIMA
7314,Rockfun Legends,2024-11-23,2024,CENTRO CULTURAL SANTO AMARO,ROCKFUN LEGENDS
7315,Tonelada,2024-11-23,2024,LA IGLESIA BORRATXERIA,TONELADA
7316,PLUMA,2024-11-23,2024,CINE JOIA,PLUMA
7317,Rappin’ Hood,2024-11-23,2024,FESPSP,RAPPIN' HOOD
7318,Lenny Kravitz,2024-11-23,2024,ALLIANZ PARQUE,LENNY KRAVITZ
7319,Inês É Morta,2024-11-23,2024,MADAME CLUB,INES E MORTA
7320,Kamau,2024-11-23,2024,SESC BELENZINHO,KAMAU
7321,The Mönic,2024-11-23,2024,HANGAR 110,THE MONIC
7322,Sugar Kane,2024-11-23,2024,HANGAR 110,SUGAR KANE
7323,Roots – Sepultura Tributo,2024-11-23,2024,CARDEAL PUB,ROOTS - SEPULTURA TRIBUTO
7324,Liniker,2024-11-23,2024,ALLIANZ PARQUE,LINIKER
7325,Firefriend,2024-11-23,2024,FFFRONT,FIREFRIEND
7326,Apollo,2024-11-23,2024,SOFIA DE SIMONI'S HOUSE,APOLLO
7327,Rubel,2024-11-23,2024,AUDIO,RUBEL
7328,boasorte,2024-11-23,2024,CASA ALGOHITS,BOASORTE
7329,Muzak,2024-11-23,2024,MADAME CLUB,MUZAK
7330,Ponto de Equilíbrio,2024-11-23,2024,SESC BELENZINHO,PONTO DE EQUILIBRIO
7331,Jorge Ben Jor,2024-11-23,2024,ESPACO UNIMED,JORGE BEN JOR
7332,Steel Pulse,2024-11-24,2024,AUDIO,STEEL PULSE
7333,Vanguart,2024-11-24,2024,CITY LIGHTS MUSIC HALL,VANGUART
7334,Creedence Clearwater Revisited,2024-11-24,2024,VIBRA SAO PAULO,CREEDENCE CLEARWATER REVISITED
7335,Capote,2024-11-24,2024,CASA ALGOHITS,CAPOTE
7336,Pentagram Chile,2024-11-24,2024,LA IGLESIA BORRATXERIA,PENTAGRAM CHILE
7337,Lianne La Havas,2024-11-24,2024,CINE JOIA,LIANNE LA HAVAS
7338,Toto,2024-11-24,2024,ESPACO UNIMED,TOTO
7339,Black Alien,2024-11-24,2024,PARQUE VILLA-LOBOS,BLACK ALIEN
7340,Suffocation of Soul,2024-11-24,2024,LA IGLESIA BORRATXERIA,SUFFOCATION OF SOUL
7341,Delvon Lamarr Organ Trio,2024-11-24,2024,BOURBON STREET MUSIC CLUB,DELVON LAMARR ORGAN TRIO
7342,O Inimigo,2024-11-24,2024,SALAD DAYS,O INIMIGO
7343,Saudade,2024-11-24,2024,ESPACO UNIMED,SAUDADE
7344,Clinton Fearon,2024-11-24,2024,AUDIO,CLINTON FEARON
7345,Cristal,2024-11-24,2024,CASA NATURA MUSICAL,CRISTAL
7346,Test,2024-11-25,2024,GALPAO COMUM,TEST
7347,Quadrilha,2024-11-25,2024,UNIAO FRATERNA,QUADRILHA
7348,Suricato,2024-11-25,2024,UNIAO FRATERNA,SURICATO
7349,Jair Naves,2024-11-25,2024,CENTRO DA TERRA,JAIR NAVES
7350,Julio Secchin,2024-11-25,2024,UNIAO FRATERNA,JULIO SECCHIN
7351,Manu Chao,2024-11-26,2024,CITY LIGHTS MUSIC HALL,MANU CHAO
7352,Roberto Carlos,2024-11-27,2024,ALLIANZ PARQUE,ROBERTO CARLOS
7353,Joana Queiroz,2024-11-27,2024,SESC AVENIDA PAULISTA,JOANA QUEIROZ
7354,Luedji Luna,2024-11-27,2024,CENTRO CULTURAL SAO PAULO,LUEDJI LUNA
7355,Santa Clara,2024-11-27,2024,DIMINUTA BAR,SANTA CLARA
7356,Hélène Grimaud,2024-11-27,2024,TEATRO CULTURA ARTISTICA,HELENE GRIMAUD
7357,Hurtmold,2024-11-27,2024,CASA DE FRANCISCA,HURTMOLD
7358,The David Cross Band,2024-11-28,2024,CASA ROCKAMBOLE,THE DAVID CROSS BAND
7359,Bring Me the Horizon,2024-11-28,2024,AUDIO,BRING ME THE HORIZON
7360,Hélène Grimaud,2024-11-28,2024,TEATRO CULTURA ARTISTICA,HELENE GRIMAUD
7361,Kisser Clan,2024-11-28,2024,TEATRO SABESP FREI CANECA,KISSER CLAN
7362,Luedji Luna,2024-11-28,2024,CENTRO CULTURAL SAO PAULO,LUEDJI LUNA
7363,Thayná Oliveira,2024-11-28,2024,SESC AVENIDA PAULISTA,THAYNA OLIVEIRA
7364,Chico Trujillo,2024-11-28,2024,CINE JOIA,CHICO TRUJILLO
7365,E a Terra Nunca Me Pareceu Tão Distante,2024-11-28,2024,BAR ALTO,E A TERRA NUNCA ME PARECEU TAO DISTANTE
7366,Anelis Assumpção,2024-11-29,2024,SESC POMPEIA,ANELIS ASSUMPCAO
7367,Jota.pê,2024-11-29,2024,TEATRO DAS ARTES,JOTA.PE
7368,Bazuros,2024-11-29,2024,MUNDO PENSANTE,BAZUROS
7369,FIGUEROAS,2024-11-29,2024,MUNDO PENSANTE,FIGUEROAS
7370,Racionais MC’s,2024-11-29,2024,ESPACO UNIMED,RACIONAIS MC'S
7371,Supercombo,2024-11-29,2024,SESC SANTANA,SUPERCOMBO
7372,FLOW,2024-11-29,2024,CARIOCA CLUB,FLOW
7373,Exclusive Os Cabides,2024-11-29,2024,CASA ROCKAMBOLE,EXCLUSIVE OS CABIDES
7374,Elba Ramalho,2024-11-29,2024,PAVILHAO DE EXPOSICOES DO ANHEMBI,ELBA RAMALHO
7375,Biquini,2024-11-29,2024,CLUBE CIRCULO MILITAR,BIQUINI
7376,Depois da Tempestade,2024-11-29,2024,LA IGLESIA BORRATXERIA,DEPOIS DA TEMPESTADE
7377,Jovens Ateus,2024-11-29,2024,CASA ROCKAMBOLE,JOVENS ATEUS
7378,Giallos,2024-11-29,2024,GARAGEM BELEZA,GIALLOS
7379,The Oasis Experience,2024-11-29,2024,TERRA SP,THE OASIS EXPERIENCE
7380,Mariana Aydar,2024-11-30,2024,PARQUE VILLA-LOBOS,MARIANA AYDAR
7381,ANAVITÓRIA,2024-11-30,2024,PARQUE VILLA-LOBOS,ANAVITORIA
7382,Luedji Luna,2024-11-30,2024,PARQUE VILLA-LOBOS,LUEDJI LUNA
7383,Beatles para Crianças,2024-11-30,2024,PARQUE VILLA-LOBOS,BEATLES PARA CRIANCAS
7384,Galinha Pintadinha,2024-11-30,2024,PARQUE VILLA-LOBOS,GALINHA PINTADINHA
7385,Laura.aLL,2024-11-30,2024,THEATRO MUNICIPAL DE SAO PAULO,LAURA.ALL
7386,Counter Time,2024-11-30,2024,KNIGHT'S PUB,COUNTER TIME
7387,Anelis Assumpção,2024-11-30,2024,SESC POMPEIA,ANELIS ASSUMPCAO
7388,Danny Bond,2024-11-30,2024,SARAIVA MORUMBI,DANNY BOND
7389,Cleef,2024-11-30,2024,A PORTA MALDITA,CLEEF
7390,Patati e Patatá,2024-11-30,2024,PARQUE VILLA-LOBOS,PATATI E PATATA
7391,Maria Gadú,2024-11-30,2024,PARQUE VILLA-LOBOS,MARIA GADU
7392,The Plot in You,2024-11-30,2024,ALLIANZ PARQUE,THE PLOT IN YOU
7393,Bring Me the Horizon,2024-11-30,2024,ALLIANZ PARQUE,BRING ME THE HORIZON
7394,Warbringer,2024-11-30,2024,VIP STATION,WARBRINGER
7395,Venom,2024-11-30,2024,VIP STATION,VENOM
7396,Meu Funeral,2024-11-30,2024,SESC BELENZINHO,MEU FUNERAL
7397,Spiritbox,2024-11-30,2024,ALLIANZ PARQUE,SPIRITBOX
7398,Vazio,2024-11-30,2024,VIP STATION,VAZIO
7399,Motionless in White,2024-11-30,2024,ALLIANZ PARQUE,MOTIONLESS IN WHITE
7400,Armandinho,2024-11-30,2024,AUDIO,ARMANDINHO
7401,Whipstriker,2024-11-30,2024,VIP STATION,WHIPSTRIKER
7402,Ratos de Porão,2024-11-30,2024,LA IGLESIA BORRATXERIA,RATOS DE PORAO
7404,Flageladör,2024-11-30,2024,VIP STATION,FLAGELADOR
7405,The Party Band,2024-12-01,2024,SESC POMPEIA,THE PARTY BAND
7406,Nova Orquestra,2024-12-01,2024,BONA CASA DE MUSICA,NOVA ORQUESTRA
7407,Letuce,2024-12-01,2024,CASA NATURA MUSICAL,LETUCE
7408,Pense,2024-12-01,2024,CENTRO CULTURAL TENDAL DA LAPA,PENSE
7409,João Bosco,2024-12-01,2024,BOURBON STREET MUSIC CLUB,JOAO BOSCO
7410,Supercombo,2024-12-01,2024,CINE JOIA,SUPERCOMBO
7411,Em Ruínas,2024-12-01,2024,RED STAR STUDIOS,EM RUINAS
7412,Juçara Marçal,2024-12-01,2024,ITAU CULTURAL,JUCARA MARCAL
7413,As Mercenárias,2024-12-01,2024,CARIOCA CLUB,AS MERCENARIAS
7414,Dora Morelenbaum,2024-12-01,2024,CASA ROCKAMBOLE,DORA MORELENBAUM
7415,Ira!,2024-12-01,2024,CARIOCA CLUB,IRA!
7416,Billlie,2024-12-03,2024,STUDIO STAGE,BILLLIE
7417,Zella Day,2024-12-04,2024,FABRIQUE CLUB,ZELLA DAY
7418,Gaidaa,2024-12-04,2024,SESC VILA MARIANA,GAIDAA
7419,Tiê,2024-12-04,2024,CAIXA CULTURAL SAO PAULO,TIE
7420,Mc Tuto,2024-12-05,2024,MIRANTE ESPERIA,MC TUTO
7421,Children of the Beast,2024-12-05,2024,MORRISON ROCK BAR,CHILDREN OF THE BEAST
7422,Mu540,2024-12-05,2024,MIRANTE ESPERIA,MU540
7423,Tony Moore,2024-12-05,2024,FABRIQUE CLUB,TONY MOORE
7424,Diogo Defante,2024-12-05,2024,SAO PAULO EXPO,DIOGO DEFANTE
7425,British Lion,2024-12-05,2024,FABRIQUE CLUB,BRITISH LION
7426,Tiê,2024-12-05,2024,CAIXA CULTURAL SAO PAULO,TIE
7427,Boogarins,2024-12-06,2024,CINE JOIA,BOOGARINS
7428,Insomnium,2024-12-06,2024,CARIOCA CLUB,INSOMNIUM
7429,Ritchie,2024-12-06,2024,TEATRO BRADESCO,RITCHIE
7430,Tiê,2024-12-06,2024,CAIXA CULTURAL SAO PAULO,TIE
7431,Volbeat,2024-12-06,2024,ALLIANZ PARQUE,VOLBEAT
7432,The Beast Experience,2024-12-06,2024,MANIFESTO BAR,THE BEAST EXPERIENCE
7433,hoovaranas,2024-12-06,2024,CINE JOIA,HOOVARANAS
7434,Iron Maiden,2024-12-06,2024,ALLIANZ PARQUE,IRON MAIDEN
7435,Contra o Céu,2024-12-06,2024,ROCK TOGETHER STUDIO,CONTRA O CEU
7436,The White Buffalo,2024-12-06,2024,TERRA SP,THE WHITE BUFFALO
7437,Otto,2024-12-07,2024,BLUE NOTE SAO PAULO,OTTO
7438,Cefa,2024-12-07,2024,CARIOCA CLUB,CEFA
7439,Iron Maiden,2024-12-07,2024,ALLIANZ PARQUE,IRON MAIDEN
7440,Caixão,2024-12-07,2024,LA IGLESIA BORRATXERIA,CAIXAO
7441,Urutu,2024-12-07,2024,LA IGLESIA BORRATXERIA,URUTU
7442,Volbeat,2024-12-07,2024,ALLIANZ PARQUE,VOLBEAT
7443,Espectro,2024-12-07,2024,LA IGLESIA BORRATXERIA,ESPECTRO
7444,Finis Hominis,2024-12-07,2024,LA IGLESIA BORRATXERIA,FINIS HOMINIS
7445,Autoramas,2024-12-07,2024,JAI CLUB,AUTORAMAS
7446,Irmãs de Pau,2024-12-07,2024,ESTADIO DO CANINDE,IRMAS DE PAU
7447,Helio Flanders,2024-12-07,2024,PATIO METRO SAO BENTO,HELIO FLANDERS
7449,Smoky Mary,2024-12-07,2024,CASA AUREA,SMOKY MARY
7450,Katy da Voz e as Abusadas,2024-12-07,2024,ESTADIO DO CANINDE,KATY DA VOZ E AS ABUSADAS
7451,Rogério Skylab,2024-12-07,2024,CASA NATURA MUSICAL,ROGERIO SKYLAB
7452,Jão,2024-12-07,2024,VIBRA SAO PAULO,JAO
7453,Punho de Mahin,2024-12-07,2024,CENTRAL PANELACO,PUNHO DE MAHIN
7454,Jup do Bairro,2024-12-07,2024,ESTADIO DO CANINDE,JUP DO BAIRRO
7455,Urias,2024-12-07,2024,ESTADIO DO CANINDE,URIAS
7456,COUCOU CHLOE,2024-12-07,2024,ESTADIO DO CANINDE,COUCOU CHLOE
7457,Brooke Candy,2024-12-07,2024,ESTADIO DO CANINDE,BROOKE CANDY
7458,Thy Art Is Murder,2024-12-08,2024,HANGAR 110,THY ART IS MURDER
7459,Children of the Beast,2024-12-08,2024,MISTER ROCK BAR,CHILDREN OF THE BEAST
7460,Fim da Aurora,2024-12-08,2024,TERRA SP,FIM DA AURORA
7461,Jinjer,2024-12-08,2024,TERRA SP,JINJER
7462,Heaven Shall Burn,2024-12-08,2024,TERRA SP,HEAVEN SHALL BURN
7463,The Knock Knocks,2024-12-08,2024,AVENIDA PAULISTA,THE KNOCK KNOCKS
7464,Garage Fuzz,2024-12-08,2024,AUDIO,GARAGE FUZZ
7465,Jão,2024-12-08,2024,VIBRA SAO PAULO,JAO
7466,Zander,2024-12-08,2024,AUDIO,ZANDER
7467,Caixão,2024-12-08,2024,VEGANAASSOO,CAIXAO
7468,Sidney Magal,2024-12-08,2024,TEATRO BRADESCO,SIDNEY MAGAL
7469,Chico Bernardes,2024-12-08,2024,ESTUDIO TRAMPOLIM,CHICO BERNARDES
7470,Rashid,2024-12-08,2024,CASA NATURA MUSICAL,RASHID
7471,Dead Fish,2024-12-08,2024,AUDIO,DEAD FISH
7472,Benito di Paula,2024-12-08,2024,CENTRO CULTURAL SAO PAULO,BENITO DI PAULA
7473,Bebê Feio,2024-12-08,2024,CASA AUREA,BEBE FEIO
7474,Sebastianismos,2024-12-09,2024,UNIAO FRATERNA,SEBASTIANISMOS
7475,Madball,2024-12-09,2024,ESPACO USINE,MADBALL
7476,Julia Mestre,2024-12-09,2024,UNIAO FRATERNA,JULIA MESTRE
7477,Paura,2024-12-09,2024,ESPACO USINE,PAURA
7478,Blogueirinha,2024-12-09,2024,,BLOGUEIRINHA
7479,Jaloo,2024-12-09,2024,UNIAO FRATERNA,JALOO
7480,Fabiana Cozza,2024-12-10,2024,GALPAO CULTURAL ELZA SOARES,FABIANA COZZA
7481,Rashid,2024-12-10,2024,GALPAO CULTURAL ELZA SOARES,RASHID
7482,Don L,2024-12-10,2024,GALPAO CULTURAL ELZA SOARES,DON L
7483,DEAFKIDS,2024-12-10,2024,CENTRO DA TERRA,DEAFKIDS
7484,Crizin da Z.O.,2024-12-10,2024,CENTRO DA TERRA,CRIZIN DA Z.O.
7485,KL Jay,2024-12-10,2024,GALPAO CULTURAL ELZA SOARES,KL JAY
7486,Metá Metá,2024-12-11,2024,CASA DE FRANCISCA,META META
7487,Rodrigo Teaser,2024-12-11,2024,TEATRO BRADESCO,RODRIGO TEASER
7488,Bufo Borealis,2024-12-12,2024,PICLES CARDEAL,BUFO BOREALIS
7489,Rodrigo Teaser,2024-12-12,2024,TEATRO BRADESCO,RODRIGO TEASER
7490,Tokio Hotel,2024-12-12,2024,VIBRA SAO PAULO,TOKIO HOTEL
7491,KOKOKO!,2024-12-12,2024,SESC AVENIDA PAULISTA,KOKOKO!
7492,Coralinne,2024-12-12,2024,RUST 'N OIL,CORALINNE
7493,Pelados,2024-12-12,2024,PICLES CARDEAL,PELADOS
7494,Schlop,2024-12-12,2024,GARAGEM BELEZA,SCHLOP
7495,Metá Metá,2024-12-12,2024,CASA DE FRANCISCA,META META
7496,The Skatalites,2024-12-13,2024,CINE JOIA,THE SKATALITES
7497,Nação Zumbi,2024-12-13,2024,SESC POMPEIA,NACAO ZUMBI
7498,Simone Mendes,2024-12-13,2024,CENTRO DE TRADICOES NORDESTINAS,SIMONE MENDES
7499,KOKOKO!,2024-12-13,2024,SESC AVENIDA PAULISTA,KOKOKO!
7500,Hillbilly Rawhide,2024-12-13,2024,JAI CLUB,HILLBILLY RAWHIDE
7501,Catavento,2024-12-13,2024,A PORTA MALDITA,CATAVENTO
7502,Hermeto Pascoal,2024-12-13,2024,SESC POMPEIA,HERMETO PASCOAL
7503,Zumbis do Espaço,2024-12-13,2024,JAI CLUB,ZUMBIS DO ESPACO
7504,Foojammers,2024-12-13,2024,WILLI WILLIE BAR E ARQUERIA,FOOJAMMERS
7505,eliminadorzinho,2024-12-13,2024,LA IGLESIA BORRATXERIA,ELIMINADORZINHO
7506,Ale Sater,2024-12-13,2024,SESC IPIRANGA,ALE SATER
7507,Quarteto de Cordas Monte Cristo,2024-12-13,2024,AUDITORIO DO MASP,QUARTETO DE CORDAS MONTE CRISTO
7508,Camisa de Vênus,2024-12-14,2024,TEATRO BRADESCO,CAMISA DE VENUS
7509,Ale Sater,2024-12-14,2024,SESC IPIRANGA,ALE SATER
7510,DJ Nyack,2024-12-14,2024,PARQUE VILLA-LOBOS,DJ NYACK
7511,Zeca Pagodinho,2024-12-14,2024,VIBRA SAO PAULO,ZECA PAGODINHO
7512,Cleef,2024-12-14,2024,FENDA 315,CLEEF
7513,LUDMILLA,2024-12-14,2024,PARQUE VILLA-LOBOS,LUDMILLA
7514,Caetano Veloso & Maria Bethânia,2024-12-14,2024,ALLIANZ PARQUE,CAETANO VELOSO & MARIA BETHANIA
7515,Gusttavo Lima,2024-12-14,2024,MORUMBIS,GUSTTAVO LIMA
7516,Descendents,2024-12-14,2024,TERRA SP,DESCENDENTS
7517,Circle Jerks,2024-12-14,2024,TERRA SP,CIRCLE JERKS
7518,Hermeto Pascoal,2024-12-14,2024,SESC POMPEIA,HERMETO PASCOAL
7519,Yago Oproprio,2024-12-14,2024,PARQUE VILLA-LOBOS,YAGO OPROPRIO
7520,Armadilha,2024-12-14,2024,RED STAR STUDIOS,ARMADILHA
7521,Black Pantera,2024-12-14,2024,TARANTINO CERVEJARIA,BLACK PANTERA
7522,Mariana Aydar & Mestrinho,2024-12-14,2024,CASA NATURA MUSICAL,MARIANA AYDAR & MESTRINHO
7523,Amaarae,2024-12-14,2024,PARQUE VILLA-LOBOS,AMAARAE
7524,Anelis Assumpção,2024-12-14,2024,PARQUE VILLA-LOBOS,ANELIS ASSUMPCAO
7525,Rachel Reis,2024-12-14,2024,PARQUE VILLA-LOBOS,RACHEL REIS
7526,Masturbator,2024-12-14,2024,WOODSTOCK ROCK STORE,MASTURBATOR
7527,Vulcano,2024-12-14,2024,WOODSTOCK ROCK STORE,VULCANO
7528,Nação Zumbi,2024-12-14,2024,SESC POMPEIA,NACAO ZUMBI
7529,Under Influence,2024-12-14,2024,TERRA SP,UNDER INFLUENCE
7530,Hatefulmurder,2024-12-15,2024,CINE JOIA,HATEFULMURDER
7531,Angelus Apatrida,2024-12-15,2024,CINE JOIA,ANGELUS APATRIDA
7532,Quântico Romance,2024-12-15,2024,HOTEL CAMBRIDGE,QUANTICO ROMANCE
7533,Shelter,2024-12-15,2024,CARIOCA CLUB,SHELTER
7534,Descendents,2024-12-15,2024,HANGAR 110,DESCENDENTS
7535,Circle Jerks,2024-12-15,2024,HANGAR 110,CIRCLE JERKS
7536,Caetano Veloso & Maria Bethânia,2024-12-15,2024,ALLIANZ PARQUE,CAETANO VELOSO & MARIA BETHANIA
7537,Bayside Kings,2024-12-15,2024,CARIOCA CLUB,BAYSIDE KINGS
7538,Cubüs,2024-12-15,2024,HOTEL CAMBRIDGE,CUBUS
7539,Nação Zumbi,2024-12-15,2024,SESC POMPEIA,NACAO ZUMBI
7540,Crypta,2024-12-15,2024,CINE JOIA,CRYPTA
7541,Manger Cadavre?,2024-12-15,2024,CINE JOIA,MANGER CADAVRE?
7542,InRaza,2024-12-15,2024,CINE JOIA,INRAZA
7544,BNegão,2024-12-15,2024,GINASIO DO IBIRAPUERA,BNEGAO
7545,Dream Theater,2024-12-15,2024,VIBRA SAO PAULO,DREAM THEATER
7546,Clarissa,2024-12-15,2024,CITY LIGHTS MUSIC HALL,CLARISSA
7547,Hermeto Pascoal,2024-12-15,2024,SESC POMPEIA,HERMETO PASCOAL
7548,Carol Biazin,2024-12-15,2024,AUDIO,CAROL BIAZIN
7549,Zimbra,2024-12-16,2024,TEATRO MARS,ZIMBRA
7550,Tuyo,2024-12-16,2024,TEATRO MARS,TUYO
7551,Sofia Freire,2024-12-16,2024,BONA CASA DE MUSICA,SOFIA FREIRE
7552,FBC,2024-12-16,2024,THEATRO MUNICIPAL DE SAO PAULO,FBC
7553,João Carlos Martins,2024-12-16,2024,TEATRO SANTANDER,JOAO CARLOS MARTINS
7554,Terno Rei,2024-12-17,2024,THEATRO MUNICIPAL DE SAO PAULO,TERNO REI
7555,Héloa,2024-12-17,2024,TEATRO RENAULT,HELOA
7556,Karina Buhr,2024-12-17,2024,TEATRO RENAULT,KARINA BUHR
7557,Ana Castela,2024-12-17,2024,TEATRO RENAULT,ANA CASTELA
7558,Melly,2024-12-17,2024,TEATRO RENAULT,MELLY
7559,PRISCILLA,2024-12-17,2024,TEATRO RENAULT,PRISCILLA
7560,Zaynara,2024-12-17,2024,TEATRO RENAULT,ZAYNARA
7561,Luísa Sonza,2024-12-17,2024,TEATRO RENAULT,LUISA SONZA
7562,Lia de Itamaracá,2024-12-17,2024,TEATRO RENAULT,LIA DE ITAMARACA
7563,Caetano Veloso & Maria Bethânia,2024-12-18,2024,ALLIANZ PARQUE,CAETANO VELOSO & MARIA BETHANIA
7564,Arrigo Barnabé,2024-12-19,2024,PICLES CARDEAL,ARRIGO BARNABE
7565,Kiko Dinucci,2024-12-19,2024,PORTA,KIKO DINUCCI
7566,ÀIYÉ,2024-12-19,2024,BAR ALTO,AIYE
7567,Skinner Project,2024-12-19,2024,CASA LAB,SKINNER PROJECT
7568,Paira,2024-12-19,2024,BAR ALTO,PAIRA
7569,Mundo Video,2024-12-19,2024,BAR ALTO,MUNDO VIDEO
7570,Montanee,2024-12-20,2024,LA IGLESIA BORRATXERIA,MONTANEE
7571,Dead Fish,2024-12-20,2024,HANGAR 110,DEAD FISH
7572,Forgotten Boys,2024-12-20,2024,FFFRONT,FORGOTTEN BOYS
7573,Deb and The Mentals,2024-12-20,2024,LA IGLESIA BORRATXERIA,DEB AND THE MENTALS
7574,Titãs,2024-12-20,2024,TERRA SP,TITAS
7575,Hurtmold,2024-12-20,2024,FFFRONT,HURTMOLD
7576,Rico Dalasam,2024-12-20,2024,CINE JOIA,RICO DALASAM
7577,Menores Atos,2024-12-20,2024,LA IGLESIA BORRATXERIA,MENORES ATOS
7578,Halleck,2024-12-20,2024,HOTEL CAMBRIDGE,HALLECK
7579,Resgate,2024-12-21,2024,TERRA SP,RESGATE
7580,Information Society,2024-12-21,2024,VIBRA SAO PAULO,INFORMATION SOCIETY
7581,Nitrominds,2024-12-21,2024,CENTRO CULTURAL TENDAL DA LAPA,NITROMINDS
7582,Azeroth,2024-12-21,2024,TOKIO MARINE HALL,AZEROTH
7583,Roots – Sepultura Tributo,2024-12-21,2024,GALERIA DO ROCK,ROOTS - SEPULTURA TRIBUTO
7584,Kon Kan,2024-12-21,2024,VIBRA SAO PAULO,KON KAN
7585,Rodolfo Abrantes,2024-12-21,2024,TERRA SP,RODOLFO ABRANTES
7586,Oficina G3,2024-12-21,2024,TERRA SP,OFICINA G3
7587,Inês É Morta,2024-12-21,2024,LA IGLESIA BORRATXERIA,INES E MORTA
7588,Post Malone,2024-12-21,2024,NEO QUIMICA ARENA,POST MALONE
7589,ROT,2024-12-21,2024,ROCK TOGETHER STUDIO,ROT
7590,Color for Shane,2024-12-21,2024,CASA ELEFANTE,COLOR FOR SHANE
7591,Chris Brown,2024-12-21,2024,ALLIANZ PARQUE,CHRIS BROWN
7592,Angra Tributo,2024-12-21,2024,GALERIA DO ROCK,ANGRA TRIBUTO
7593,Amorfo,2024-12-21,2024,CENTRO CULTURAL TENDAL DA LAPA,AMORFO
7594,Patife Band,2024-12-21,2024,LA IGLESIA BORRATXERIA,PATIFE BAND
7595,Applegate,2024-12-21,2024,A PORTA MALDITA,APPLEGATE
7596,Veigh,2024-12-21,2024,NEO QUIMICA ARENA,VEIGH
7597,Angra,2024-12-21,2024,TOKIO MARINE HALL,ANGRA
7598,Wanessa Camargo,2024-12-21,2024,TEATRO BIBI FERREIRA,WANESSA CAMARGO
7599,Funk Como Le Gusta,2024-12-21,2024,BLUE NOTE SAO PAULO,FUNK COMO LE GUSTA
7600,SFAC,2024-12-21,2024,GAZ BURNING BAR,SFAC
7601,Crexpo,2024-12-21,2024,GAZ BURNING BAR,CREXPO
7602,Decreto Lei 50,2024-12-21,2024,INSTITUTO CULTURAL BOLIVIA ROCK,DECRETO LEI 50
7603,Vintage Culture,2024-12-21,2024,NEO QUIMICA ARENA,VINTAGE CULTURE
7604,Gusttavo Lima,2024-12-21,2024,NEO QUIMICA ARENA,GUSTTAVO LIMA
7605,Desalmado,2024-12-21,2024,GAZ BURNING BAR,DESALMADO
7606,Futuro,2024-12-21,2024,LA IGLESIA BORRATXERIA,FUTURO
7608,Estado Laico,2024-12-21,2024,GAZ BURNING BAR,ESTADO LAICO
7609,Kevin Brauer,2024-12-21,2024,NEO QUIMICA ARENA,KEVIN BRAUER
7610,Wisdom,2024-12-22,2024,FABRIQUE CLUB,WISDOM
7611,Aeternus,2024-12-22,2024,FABRIQUE CLUB,AETERNUS
7612,NervoChaos,2024-12-22,2024,FABRIQUE CLUB,NERVOCHAOS
7613,Dead Fish,2024-12-22,2024,HANGAR 110,DEAD FISH
7614,Blood Red Throne,2024-12-22,2024,FABRIQUE CLUB,BLOOD RED THRONE
7615,Chris Brown,2024-12-22,2024,ALLIANZ PARQUE,CHRIS BROWN
7616,Dino Fonseca,2024-12-26,2024,TEATRO BRADESCO,DINO FONSECA
7617,Guilherme Eddino,2024-12-27,2024,CASA LAB,GUILHERME EDDINO
7618,Halleck,2024-12-27,2024,SETESSETE MUSIC BAR,HALLECK
7619,Gloria Groove,2024-12-31,2024,AVENIDA PAULISTA,GLORIA GROOVE
7620,Foojammers,2025-03-02,2025,WILLI WILLIE BAR E ARQUERIA,FOOJAMMERS
7621,Tempers,2025-03-02,2025,MADAME CLUB,TEMPERS
7622,JUNHO,2025-03-02,2025,VIBRA SAO PAULO,JUNHO
7623,POCAH,2025-03-02,2025,PARQUE DO IBIRAPUERA,POCAH
7624,Twilight Ritual,2025-03-02,2025,MADAME CLUB,TWILIGHT RITUAL
7625,Night in Athens,2025-03-02,2025,MADAME CLUB,NIGHT IN ATHENS
7626,Innabrain,2025-03-02,2025,GAZ BURNING BAR,INNABRAIN
7627,Catto,2025-03-02,2025,PRACA DA REPUBLICA,CATTO
7628,Black Pantera,2025-03-02,2025,SESC IPIRANGA,BLACK PANTERA
7629,Lô Borges,2025-03-03,2025,SESC 14 BIS,LO BORGES
7630,Jota.pê,2025-03-03,2025,SESC BELENZINHO,JOTA.PE
7631,Leoni,2025-03-03,2025,SESC BELENZINHO,LEONI
7632,Anitta,2025-03-03,2025,JOCKEY CLUB,ANITTA
7633,Sevdaliza,2025-03-03,2025,PARQUE DO IBIRAPUERA,SEVDALIZA
7634,Irmãs de Pau,2025-03-03,2025,PARQUE DO IBIRAPUERA,IRMAS DE PAU
7635,Pabllo Vittar,2025-03-03,2025,PARQUE DO IBIRAPUERA,PABLLO VITTAR
7636,As Mercenárias,2025-03-03,2025,SESC IPIRANGA,AS MERCENARIAS
7637,águas,2025-03-04,2025,CASA ELEFANTE,AGUAS
7638,Di Ferrero,2025-03-04,2025,BRIGADEIRO FARIA LIMA,DI FERRERO
7639,IZA,2025-03-04,2025,PARQUE DO IBIRAPUERA,IZA
7640,As Mercenárias,2025-03-04,2025,SESC IPIRANGA,AS MERCENARIAS
7641,Klitoria,2025-03-06,2025,CINE JOIA,KLITORIA
7642,Amyl and the Sniffers,2025-03-06,2025,CINE JOIA,AMYL AND THE SNIFFERS
7643,Counter Time,2025-03-07,2025,HOUSE OF LEGENDS,COUNTER TIME
7644,Nameless Gods,2025-03-07,2025,LA IGLESIA BORRATXERIA,NAMELESS GODS
7645,Rakta,2025-03-07,2025,PORTA,RAKTA
7646,Zeca Baleiro,2025-03-07,2025,CASA NATURA MUSICAL,ZECA BALEIRO
7647,Podridão,2025-03-07,2025,LA IGLESIA BORRATXERIA,PODRIDAO
7648,The Damned,2025-03-07,2025,CINE JOIA,THE DAMNED
7649,Penélope,2025-03-07,2025,BLUE NOTE SAO PAULO,PENELOPE
7650,Tchula Bombarda,2025-03-07,2025,ESTUDIO AURORA,TCHULA BOMBARDA
7651,Ana Frango Elétrico,2025-03-07,2025,SESC BOM RETIRO,ANA FRANGO ELETRICO
7652,Night Demon,2025-03-07,2025,HANGAR 110,NIGHT DEMON
7653,Vazio,2025-03-07,2025,LA IGLESIA BORRATXERIA,VAZIO
7654,Chumbo,2025-03-07,2025,HANGAR 110,CHUMBO
7655,Hellish War,2025-03-07,2025,HANGAR 110,HELLISH WAR
7656,Melly,2025-03-07,2025,SESC POMPEIA,MELLY
7657,Cirith Ungol,2025-03-07,2025,HANGAR 110,CIRITH UNGOL
7658,Luedji Luna,2025-03-08,2025,CASA NATURA MUSICAL,LUEDJI LUNA
7659,Andreas Kisser,2025-03-08,2025,CENTRAL PANELACO,ANDREAS KISSER
7660,Suicidal Nazareth,2025-03-08,2025,VIP STATION,SUICIDAL NAZARETH
7661,Bebê Feio,2025-03-08,2025,FFFRONT,BEBE FEIO
7662,Los Suffers,2025-03-08,2025,FFFRONT,LOS SUFFERS
7663,Hardgainer,2025-03-08,2025,FFFRONT,HARDGAINER
7664,Rise Against,2025-03-08,2025,ALLIANZ PARQUE,RISE AGAINST
7665,The Warning,2025-03-08,2025,ALLIANZ PARQUE,THE WARNING
7666,Amyl and the Sniffers,2025-03-08,2025,ALLIANZ PARQUE,AMYL AND THE SNIFFERS
7667,The Offspring,2025-03-08,2025,ALLIANZ PARQUE,THE OFFSPRING
7668,Jonabug,2025-03-08,2025,LA IGLESIA BORRATXERIA,JONABUG
7669,BaianaSystem,2025-03-08,2025,PARQUE DO IBIRAPUERA,BAIANASYSTEM
7670,The Damned,2025-03-08,2025,ALLIANZ PARQUE,THE DAMNED
7671,Besatt,2025-03-08,2025,VIP STATION,BESATT
7672,Dark Funeral,2025-03-08,2025,VIP STATION,DARK FUNERAL
7673,Luxúria de Lillith,2025-03-08,2025,VIP STATION,LUXURIA DE LILLITH
7674,Mystifier,2025-03-08,2025,VIP STATION,MYSTIFIER
7675,Chuva Negra,2025-03-08,2025,LA IGLESIA BORRATXERIA,CHUVA NEGRA
7676,Polara,2025-03-08,2025,LA IGLESIA BORRATXERIA,POLARA
7677,Sublime,2025-03-08,2025,ALLIANZ PARQUE,SUBLIME
7678,Luedji Luna,2025-03-09,2025,CASA NATURA MUSICAL,LUEDJI LUNA
7679,Klitoria,2025-03-09,2025,ESPACO USINE,KLITORIA
7680,Daniela Mercury,2025-03-09,2025,RUA DA CONSOLACAO,DANIELA MERCURY
7681,Juçara Marçal,2025-03-09,2025,SESC VILA MARIANA,JUCARA MARCAL
7682,Léo Santana,2025-03-09,2025,PARQUE DO IBIRAPUERA,LEO SANTANA
7683,Black Pantera,2025-03-09,2025,ESPACO USINE,BLACK PANTERA
7684,Bode Preto,2025-03-09,2025,VIP STATION,BODE PRETO
7685,Muert,2025-03-09,2025,VIP STATION,MUERT
7686,Zulu,2025-03-09,2025,ESPACO USINE,ZULU
7687,Panzerfaust,2025-03-09,2025,VIP STATION,PANZERFAUST
7688,Punho de Mahin,2025-03-09,2025,CENTRO CULTURAL DA JUVENTUDE RUTH CARDOSO,PUNHO DE MAHIN
7689,Hardgainer,2025-03-09,2025,ESPACO USINE,HARDGAINER
7690,Clava,2025-03-09,2025,ESPACO USINE,CLAVA
7691,Point of No Return,2025-03-09,2025,ESPACO USINE,POINT OF NO RETURN
7692,Earth Crisis,2025-03-09,2025,ESPACO USINE,EARTH CRISIS
7693,Cryfemal,2025-03-09,2025,VIP STATION,CRYFEMAL
7694,Eternal Sacrifice,2025-03-09,2025,VIP STATION,ETERNAL SACRIFICE
7695,Ratas Rabiosas,2025-03-09,2025,CENTRO CULTURAL DA JUVENTUDE RUTH CARDOSO,RATAS RABIOSAS
7696,Eskröta,2025-03-09,2025,CENTRO CULTURAL DA JUVENTUDE RUTH CARDOSO,ESKROTA
7697,MC Taya,2025-03-09,2025,ESPACO USINE,MC TAYA
7698,Pedra Letícia,2025-03-11,2025,TEATRO GAZETA,PEDRA LETICIA
7699,Trachoma,2025-03-12,2025,LA IGLESIA BORRATXERIA,TRACHOMA
7700,Test,2025-03-12,2025,CINECLUBE CORTINA,TEST
7701,Gutalax,2025-03-12,2025,LA IGLESIA BORRATXERIA,GUTALAX
7702,DEAFKIDS,2025-03-12,2025,CINECLUBE CORTINA,DEAFKIDS
7703,Genetics,2025-03-12,2025,TEATRO SABESP FREI CANECA,GENETICS
7704,Two Feet,2025-03-12,2025,CINE JOIA,TWO FEET
7705,DEAFKIDS + Test,2025-03-12,2025,CINECLUBE CORTINA,DEAFKIDS + TEST
7706,Mel Lisboa,2025-03-13,2025,BLUE NOTE SAO PAULO,MEL LISBOA
7707,Gutalax,2025-03-13,2025,HANGAR 110,GUTALAX
7708,Leprous,2025-03-13,2025,VIP STATION,LEPROUS
7709,Imminent Attack,2025-03-13,2025,HANGAR 110,IMMINENT ATTACK
7710,Catto,2025-03-13,2025,CINE JOIA,CATTO
7711,Red N Hell,2025-03-13,2025,HANGAR 110,RED N HELL
7713,Nomade,2025-03-14,2025,CERVEJA AZUL MUSIC BAR,NOMADE
7714,Bufo Borealis,2025-03-14,2025,SESC VILA MARIANA,BUFO BOREALIS
7715,Raça,2025-03-14,2025,CINE JOIA,RACA
7716,Pabllo Vittar,2025-03-14,2025,ESTRELLA GALICIA HANGARBAR,PABLLO VITTAR
7717,Superguidis,2025-03-14,2025,CINE JOIA,SUPERGUIDIS
7718,"Thalin, Cravinhos, VCR Slim, Pirlo & iloveyoulangelo",2025-03-14,2025,SESC BELENZINHO,"THALIN, CRAVINHOS, VCR SLIM, PIRLO & ILOVEYOULANGELO"
7719,Decreto Lei 50,2025-03-14,2025,SETESSETE MUSIC BAR,DECRETO LEI 50
7720,Paula Toller,2025-03-14,2025,PRIVATE VENUE,PAULA TOLLER
7721,Molho Negro,2025-03-15,2025,VIP STATION,MOLHO NEGRO
7722,Toni Tornado,2025-03-15,2025,SESC POMPEIA,TONI TORNADO
7723,Rancore,2025-03-15,2025,SESC BELENZINHO,RANCORE
7724,Meu Funeral,2025-03-15,2025,BAR ALTO,MEU FUNERAL
7725,Archgoat,2025-03-15,2025,FABRIQUE CLUB,ARCHGOAT
7726,Simply Red,2025-03-15,2025,ALLIANZ PARQUE,SIMPLY RED
7727,Hammerhead Blues,2025-03-15,2025,VIP STATION,HAMMERHEAD BLUES
7728,Graveyard,2025-03-15,2025,VIP STATION,GRAVEYARD
7729,Space Grease,2025-03-15,2025,VIP STATION,SPACE GREASE
7730,DUDA BEAT,2025-03-15,2025,AUDIO,DUDA BEAT
7731,When I Die,2025-03-15,2025,LA IGLESIA BORRATXERIA,WHEN I DIE
7732,The Laws Kill Destroy,2025-03-15,2025,FABRIQUE CLUB,THE LAWS KILL DESTROY
7733,Elder Effe,2025-03-15,2025,VIP STATION,ELDER EFFE
7734,BIKE,2025-03-15,2025,VIP STATION,BIKE
7735,Danko Jones,2025-03-15,2025,VIP STATION,DANKO JONES
7736,Mundo Video,2025-03-15,2025,AUDIO,MUNDO VIDEO
7737,Lacuna Coil,2025-03-15,2025,CARIOCA CLUB,LACUNA COIL
7738,Innabrain,2025-03-15,2025,FFFRONT,INNABRAIN
7739,Pitch Yarn of Matter,2025-03-15,2025,LA IGLESIA BORRATXERIA,PITCH YARN OF MATTER
7740,Camarones - Orquestra Guitarrística,2025-03-15,2025,VIP STATION,CAMARONES - ORQUESTRA GUITARRISTICA
7741,Miragem,2025-03-16,2025,A PORTA MALDITA,MIRAGEM
7742,Tchula Bombarda,2025-03-16,2025,PORTA,TCHULA BOMBARDA
7743,João Penca e seus Miquinhos Amestrados,2025-03-16,2025,GAZ BURNING BAR,JOAO PENCA E SEUS MIQUINHOS AMESTRADOS
7744,Emicaeli,2025-03-16,2025,PORTA,EMICAELI
7745,Textures,2025-03-16,2025,HANGAR 110,TEXTURES
7746,Fafá de Belém,2025-03-16,2025,SESC PINHEIROS,FAFA DE BELEM
7747,Decadas Infinitas,2025-03-16,2025,CASA LAB,DECADAS INFINITAS
7748,Jão,2025-03-16,2025,VIBRA SAO PAULO,JAO
7749,Liniker,2025-03-16,2025,VIBRA SAO PAULO,LINIKER
7750,Combover,2025-03-16,2025,PORTA,COMBOVER
7751,Rain City Drive,2025-03-16,2025,CARIOCA CLUB,RAIN CITY DRIVE
7752,Dayseeker,2025-03-16,2025,CARIOCA CLUB,DAYSEEKER
7753,Arrigo Barnabé,2025-03-17,2025,TEATRO MARS,ARRIGO BARNABE
7754,PLUMA,2025-03-17,2025,CASA ROCKAMBOLE,PLUMA
7755,Mon Laferte,2025-03-18,2025,TOKIO MARINE HALL,MON LAFERTE
7756,T.V. Smith,2025-03-18,2025,CASA AUREA,T.V. SMITH
7757,Inocentes,2025-03-18,2025,CASA AUREA,INOCENTES
7758,Gilberto Gil,2025-03-19,2025,PAVILHAO DA BIENAL,GILBERTO GIL
7759,Anelis Assumpção,2025-03-20,2025,KATARINA BAR,ANELIS ASSUMPCAO
7760,Mari Jasca,2025-03-20,2025,SESC POMPEIA,MARI JASCA
7761,Bijoux Cone,2025-03-20,2025,SESC VILA MARIANA,BIJOUX CONE
7762,Gabi Melim,2025-03-20,2025,CASA NATURA MUSICAL,GABI MELIM
7763,Mel Lisboa,2025-03-20,2025,BLUE NOTE SAO PAULO,MEL LISBOA
7765,Atreyu,2025-03-20,2025,CARIOCA CLUB,ATREYU
7766,The Reign of Kindo,2025-03-21,2025,LA IGLESIA BORRATXERIA,THE REIGN OF KINDO
7767,Desaster,2025-03-21,2025,CARIOCA CLUB,DESASTER
7768,Elder Effe,2025-03-21,2025,CINE JOIA,ELDER EFFE
7769,APNEA,2025-03-21,2025,CINE JOIA,APNEA
7770,Bewitched,2025-03-21,2025,CARIOCA CLUB,BEWITCHED
7771,Pitty,2025-03-21,2025,ESPACO UNIMED,PITTY
7772,Sodom,2025-03-21,2025,CARIOCA CLUB,SODOM
7773,Sacramentum,2025-03-21,2025,CARIOCA CLUB,SACRAMENTUM
7774,Craca,2025-03-21,2025,GARAGEM BELEZA,CRACA
7775,The Mönic,2025-03-21,2025,SESC AVENIDA PAULISTA,THE MONIC
7776,Mudhoney,2025-03-21,2025,CINE JOIA,MUDHONEY
7777,Vanguart,2025-03-21,2025,CASA ROCKAMBOLE,VANGUART
7778,The Beast Experience,2025-03-21,2025,MANIFESTO BAR,THE BEAST EXPERIENCE
7779,The Black Spade,2025-03-21,2025,CARIOCA CLUB,THE BLACK SPADE
7780,Children of the Beast,2025-03-21,2025,MORRISON ROCK BAR,CHILDREN OF THE BEAST
7781,L7,2025-03-22,2025,TERRA SP,L7
7782,Do Culto ao Coma,2025-03-22,2025,CASA DE CULTURA CHICO SCIENCE,DO CULTO AO COMA
7783,Ode Insone,2025-03-22,2025,VIP STATION,ODE INSONE
7784,Alcione,2025-03-22,2025,ESPACO UNIMED,ALCIONE
7785,Bruxax,2025-03-22,2025,CASA DE CULTURA CHICO SCIENCE,BRUXAX
7786,Chez Kane,2025-03-22,2025,MANIFESTO BAR,CHEZ KANE
7787,The Reign of Kindo,2025-03-22,2025,LA IGLESIA BORRATXERIA,THE REIGN OF KINDO
7788,Midnite City,2025-03-22,2025,MANIFESTO BAR,MIDNITE CITY
7789,Saturnus,2025-03-22,2025,VIP STATION,SATURNUS
7790,Golpe de Estado,2025-03-22,2025,CASA DE CULTURA CHICO SCIENCE,GOLPE DE ESTADO
7791,Hot Mulligan,2025-03-22,2025,HANGAR 110,HOT MULLIGAN
7792,Poema Arcanus,2025-03-22,2025,VIP STATION,POEMA ARCANUS
7793,Roots – Sepultura Tributo,2025-03-22,2025,WOODSTOCK ROCK STORE,ROOTS - SEPULTURA TRIBUTO
7794,Marina Peralta,2025-03-22,2025,SESC BOM RETIRO,MARINA PERALTA
7795,Clarice Falcão,2025-03-22,2025,CASA NATURA MUSICAL,CLARICE FALCAO
7796,Garbage,2025-03-22,2025,TERRA SP,GARBAGE
7797,The Mönic,2025-03-22,2025,TERRA SP,THE MONIC
7798,Simone,2025-03-22,2025,TOKIO MARINE HALL,SIMONE
7799,Sudarshana,2025-03-22,2025,SESC AVENIDA PAULISTA,SUDARSHANA
7800,Abuso Sonoro,2025-03-22,2025,ROCK TOGETHER STUDIO,ABUSO SONORO
7801,Trypophöbia,2025-03-22,2025,EXTREMO HORROR FEST,TRYPOPHOBIA
7802,Jair Naves,2025-03-23,2025,TARANTINO CERVEJARIA,JAIR NAVES
7803,Surra,2025-03-23,2025,TARANTINO CERVEJARIA,SURRA
7804,Ted Poley,2025-03-23,2025,MANIFESTO BAR,TED POLEY
7805,There's no Face,2025-03-23,2025,CINE JOIA,THERE'S NO FACE
7806,Questions,2025-03-23,2025,TARANTINO CERVEJARIA,QUESTIONS
7807,Colligere,2025-03-23,2025,TARANTINO CERVEJARIA,COLLIGERE
7808,Axty,2025-03-23,2025,CINE JOIA,AXTY
7809,Midnite City,2025-03-23,2025,MANIFESTO BAR,MIDNITE CITY
7810,Os Excluídos,2025-03-23,2025,TARANTINO CERVEJARIA,OS EXCLUIDOS
7811,Tasha & Tracie,2025-03-23,2025,CENTRO CULTURAL GRAJAU,TASHA & TRACIE
7812,No Rest,2025-03-23,2025,CENTRO CULTURAL TENDAL DA LAPA,NO REST
7813,Curveless,2025-03-23,2025,CINE JOIA,CURVELESS
7814,Odeon,2025-03-23,2025,CINE JOIA,ODEON
7815,Innabrain,2025-03-23,2025,ESPACO FIM DA RUA,INNABRAIN
7816,Sirenia,2025-03-23,2025,JAI CLUB,SIRENIA
7817,D.E.R.,2025-03-23,2025,CENTRO CULTURAL TENDAL DA LAPA,D.E.R.
7818,Plague Rages,2025-03-23,2025,CENTRO CULTURAL TENDAL DA LAPA,PLAGUE RAGES
7819,Abuso Sonoro,2025-03-23,2025,CENTRO CULTURAL TENDAL DA LAPA,ABUSO SONORO
7820,Edgard Scandurra,2025-03-23,2025,BONA CASA DE MUSICA,EDGARD SCANDURRA
7821,Mahmundi,2025-03-24,2025,TEATRO MARS,MAHMUNDI
7823,Dora Morelenbaum,2025-03-24,2025,TEATRO MARS,DORA MORELENBAUM
7824,Silvia Machete,2025-03-25,2025,PULSO HOTEL,SILVIA MACHETE
7825,Jão,2025-03-25,2025,CASA CHARLO,JAO
7826,António Zambujo & Yamandu Costa,2025-03-25,2025,TOKIO MARINE HALL,ANTONIO ZAMBUJO & YAMANDU COSTA
7827,Terno Rei,2025-03-26,2025,ESTUDIO 89 RADIO ROCK,TERNO REI
7828,JPEGMAFIA,2025-03-27,2025,CINE JOIA,JPEGMAFIA
7829,Dead Fish,2025-03-27,2025,ESTACAO SE,DEAD FISH
7830,girl in red,2025-03-27,2025,AUDIO,GIRL IN RED
7831,Terno Rei,2025-03-27,2025,ESTACAO PINHEIROS,TERNO REI
7832,DJ RaMeMes,2025-03-27,2025,CINE JOIA,DJ RAMEMES
7833,Inhaler,2025-03-27,2025,AUDIO,INHALER
7834,Mel Lisboa,2025-03-27,2025,BLUE NOTE SAO PAULO,MEL LISBOA
7836,Grupo Fundo de Quintal,2025-03-27,2025,CASA NATURA MUSICAL,GRUPO FUNDO DE QUINTAL
7837,Cashu,2025-03-28,2025,AUTODROMO DE INTERLAGOS,CASHU
7838,Plebe Rude,2025-03-28,2025,CINE JOIA,PLEBE RUDE
7839,L_cio,2025-03-28,2025,AUTODROMO DE INTERLAGOS,L_CIO
7840,Paula Chalup,2025-03-28,2025,AUTODROMO DE INTERLAGOS,PAULA CHALUP
7841,Juyè,2025-03-28,2025,AUTODROMO DE INTERLAGOS,JUYE
7842,Disco Lines,2025-03-28,2025,AUTODROMO DE INTERLAGOS,DISCO LINES
7843,DJ GBR,2025-03-28,2025,AUTODROMO DE INTERLAGOS,DJ GBR
7844,Inocentes,2025-03-28,2025,CINE JOIA,INOCENTES
7845,Nessa Barrett,2025-03-28,2025,AUTODROMO DE INTERLAGOS,NESSA BARRETT
7846,BLANCAh,2025-03-28,2025,AUTODROMO DE INTERLAGOS,BLANCAH
7847,Natiruts,2025-03-28,2025,CREDICARD HALL,NATIRUTS
7848,Olivia Rodrigo,2025-03-28,2025,AUTODROMO DE INTERLAGOS,OLIVIA RODRIGO
7849,Allen Key,2025-03-28,2025,AUDIO,ALLEN KEY
7850,White Denim,2025-03-28,2025,AUTODROMO DE INTERLAGOS,WHITE DENIM
7851,Matanza Ritual,2025-03-28,2025,AUDIO,MATANZA RITUAL
7852,Chico César,2025-03-28,2025,SESC PINHEIROS,CHICO CESAR
7853,girl in red,2025-03-28,2025,AUTODROMO DE INTERLAGOS,GIRL IN RED
7854,James Hype,2025-03-28,2025,AUTODROMO DE INTERLAGOS,JAMES HYPE
7855,Dead Fish,2025-03-28,2025,AUTODROMO DE INTERLAGOS,DEAD FISH
7856,Ratos de Porão,2025-03-28,2025,AUDIO,RATOS DE PORAO
7857,Allen Key,2025-03-28,2025,AUTODROMO DE INTERLAGOS,ALLEN KEY
7858,Pavilhão 9,2025-03-28,2025,AUDIO,PAVILHAO 9
7859,Tropkillaz,2025-03-28,2025,AUTODROMO DE INTERLAGOS,TROPKILLAZ
7860,JPEGMAFIA,2025-03-28,2025,AUTODROMO DE INTERLAGOS,JPEGMAFIA
7861,Caribou,2025-03-28,2025,AUTODROMO DE INTERLAGOS,CARIBOU
7862,Jão,2025-03-28,2025,AUTODROMO DE INTERLAGOS,JAO
7863,RÜFÜS DU SOL,2025-03-28,2025,AUTODROMO DE INTERLAGOS,RUFUS DU SOL
7864,Empire of the Sun,2025-03-28,2025,AUTODROMO DE INTERLAGOS,EMPIRE OF THE SUN
7865,Inhaler,2025-03-28,2025,AUTODROMO DE INTERLAGOS,INHALER
7866,Jovem Dionisio,2025-03-28,2025,AUTODROMO DE INTERLAGOS,JOVEM DIONISIO
7868,Calequi y las Panteras,2025-03-28,2025,SESC POMPEIA,CALEQUI Y LAS PANTERAS
7869,PLUMA,2025-03-28,2025,AUTODROMO DE INTERLAGOS,PLUMA
7870,Miragem,2025-03-28,2025,PICLES CARDEAL,MIRAGEM
7871,Sérgio Britto,2025-03-29,2025,SESC SANTANA,SERGIO BRITTO
7872,Bruno Gadiol,2025-03-29,2025,AUTODROMO DE INTERLAGOS,BRUNO GADIOL
7873,Artemas,2025-03-29,2025,AUTODROMO DE INTERLAGOS,ARTEMAS
7874,San Holo,2025-03-29,2025,AUTODROMO DE INTERLAGOS,SAN HOLO
7875,Kasablanca,2025-03-29,2025,AUTODROMO DE INTERLAGOS,KASABLANCA
7876,Zudizilla,2025-03-29,2025,AUTODROMO DE INTERLAGOS,ZUDIZILLA
7877,Válvera,2025-03-29,2025,PRACA DILVA GOMES MARTINS,VALVERA
7878,Axty,2025-03-29,2025,VIP STATION,AXTY
7879,Selvageria,2025-03-29,2025,HANGAR 110,SELVAGERIA
7880,Samhara,2025-03-29,2025,AUTODROMO DE INTERLAGOS,SAMHARA
7881,wave to earth,2025-03-29,2025,AUTODROMO DE INTERLAGOS,WAVE TO EARTH
7882,Bruno Martini,2025-03-29,2025,AUTODROMO DE INTERLAGOS,BRUNO MARTINI
7883,Picanha de Chernobill,2025-03-29,2025,AUTODROMO DE INTERLAGOS,PICANHA DE CHERNOBILL
7885,Luan Santana,2025-03-29,2025,MERCADO LIVRE ARENA PACAEMBU,LUAN SANTANA
7886,Korzus,2025-03-29,2025,PRACA DILVA GOMES MARTINS,KORZUS
7887,Alanis Morissette,2025-03-29,2025,AUTODROMO DE INTERLAGOS,ALANIS MORISSETTE
7888,Etta,2025-03-29,2025,AUTODROMO DE INTERLAGOS,ETTA
7889,Chico César,2025-03-29,2025,SESC PINHEIROS,CHICO CESAR
7890,Slaughter to Prevail,2025-03-29,2025,VIP STATION,SLAUGHTER TO PREVAIL
7891,Andralls,2025-03-29,2025,FFFRONT,ANDRALLS
7892,Paulinho da Viola,2025-03-29,2025,ESPACO UNIMED,PAULINHO DA VIOLA
7893,Velho,2025-03-29,2025,SESC BELENZINHO,VELHO
7894,Marina Lima,2025-03-29,2025,AUTODROMO DE INTERLAGOS,MARINA LIMA
7895,Teddy Swims,2025-03-29,2025,AUTODROMO DE INTERLAGOS,TEDDY SWIMS
7896,Sophia Chablau e Uma Enorme Perda de Tempo,2025-03-29,2025,AUTODROMO DE INTERLAGOS,SOPHIA CHABLAU E UMA ENORME PERDA DE TEMPO
7897,Benson Boone,2025-03-29,2025,AUTODROMO DE INTERLAGOS,BENSON BOONE
7898,Zerb,2025-03-29,2025,AUTODROMO DE INTERLAGOS,ZERB
7899,Fresno,2025-03-29,2025,AUTODROMO DE INTERLAGOS,FRESNO
7900,Tate McRae,2025-03-29,2025,AUTODROMO DE INTERLAGOS,TATE MCRAE
7901,Drik Barbosa,2025-03-29,2025,AUTODROMO DE INTERLAGOS,DRIK BARBOSA
7902,Kamau,2025-03-29,2025,AUTODROMO DE INTERLAGOS,KAMAU
7903,Lamparina,2025-03-29,2025,AUTODROMO DE INTERLAGOS,LAMPARINA
7904,Zedd,2025-03-29,2025,AUTODROMO DE INTERLAGOS,ZEDD
7905,Tagua Tagua,2025-03-29,2025,AUTODROMO DE INTERLAGOS,TAGUA TAGUA
7906,Shawn Mendes,2025-03-29,2025,AUTODROMO DE INTERLAGOS,SHAWN MENDES
7907,The Marías,2025-03-29,2025,AUTODROMO DE INTERLAGOS,THE MARIAS
7908,Agazero,2025-03-30,2025,AUTODROMO DE INTERLAGOS,AGAZERO
7909,Giovanna Moraes,2025-03-30,2025,AUTODROMO DE INTERLAGOS,GIOVANNA MORAES
7910,Sérgio Britto,2025-03-30,2025,SESC SANTANA,SERGIO BRITTO
7911,The Heathen Scÿthe,2025-03-30,2025,CENTRO CULTURAL TENDAL DA LAPA,THE HEATHEN SCYTHE
7912,Leci Brandão,2025-03-30,2025,SESC INTERLAGOS,LECI BRANDAO
7913,Weedevil,2025-03-30,2025,FABRIQUE CLUB,WEEDEVIL
7914,Ruback,2025-03-30,2025,AUTODROMO DE INTERLAGOS,RUBACK
7915,Skin Culture,2025-03-30,2025,CENTRO CULTURAL TENDAL DA LAPA,SKIN CULTURE
7916,Pesta,2025-03-30,2025,FABRIQUE CLUB,PESTA
7917,Marc Martel,2025-03-30,2025,TERRA SP,MARC MARTEL
7918,Pentagram,2025-03-30,2025,FABRIQUE CLUB,PENTAGRAM
7919,Any Mello,2025-03-30,2025,AUTODROMO DE INTERLAGOS,ANY MELLO
7920,Due,2025-03-30,2025,AUTODROMO DE INTERLAGOS,DUE
7921,Weedevil,2025-03-30,2025,CENTRO CULTURAL TENDAL DA LAPA,WEEDEVIL
7922,Justin Timberlake,2025-03-30,2025,AUTODROMO DE INTERLAGOS,JUSTIN TIMBERLAKE
7923,Ca7riel & Paco Amoroso,2025-03-30,2025,AUTODROMO DE INTERLAGOS,CA7RIEL & PACO AMOROSO
7924,Halleck,2025-03-30,2025,MADERA BAR,HALLECK
7925,Marina Peralta,2025-03-30,2025,AUTODROMO DE INTERLAGOS,MARINA PERALTA
7926,Chico César,2025-03-30,2025,SESC PINHEIROS,CHICO CESAR
7927,Tool,2025-03-30,2025,AUTODROMO DE INTERLAGOS,TOOL
7928,Michael Kiwanuka,2025-03-30,2025,AUTODROMO DE INTERLAGOS,MICHAEL KIWANUKA
7929,Sepultura,2025-03-30,2025,AUTODROMO DE INTERLAGOS,SEPULTURA
7930,Sofia Freire,2025-03-30,2025,AUTODROMO DE INTERLAGOS,SOFIA FREIRE
7931,Terno Rei,2025-03-30,2025,AUTODROMO DE INTERLAGOS,TERNO REI
7932,Bush,2025-03-30,2025,AUTODROMO DE INTERLAGOS,BUSH
7933,Barry Can’t Swim,2025-03-30,2025,AUTODROMO DE INTERLAGOS,BARRY CAN'T SWIM
7934,Clube Dezenove,2025-03-30,2025,AUTODROMO DE INTERLAGOS,CLUBE DEZENOVE
7935,Ashibah,2025-03-30,2025,AUTODROMO DE INTERLAGOS,ASHIBAH
7936,Charlotte de Witte,2025-03-30,2025,AUTODROMO DE INTERLAGOS,CHARLOTTE DE WITTE
7937,Parcels,2025-03-30,2025,AUTODROMO DE INTERLAGOS,PARCELS
7938,Foster the People,2025-03-30,2025,AUTODROMO DE INTERLAGOS,FOSTER THE PEOPLE
7939,Charlotte Matou um Cara,2025-03-30,2025,AUTODROMO DE INTERLAGOS,CHARLOTTE MATOU UM CARA
7940,Blond:ish,2025-03-30,2025,AUTODROMO DE INTERLAGOS,BLOND:ISH
7941,NEIL FRANCES,2025-03-30,2025,AUTODROMO DE INTERLAGOS,NEIL FRANCES
7942,One Vision,2025-03-30,2025,TERRA SP,ONE VISION
7943,Catto,2025-03-31,2025,CORINGA,CATTO
7944,Parcels,2025-03-31,2025,AUDIO,PARCELS
7945,Mel Lisboa,2025-04-01,2025,BLUE NOTE SAO PAULO,MEL LISBOA
7947,Hao Yang,2025-04-01,2025,TEATRO CULTURA ARTISTICA,HAO YANG
7948,Jon Spencer,2025-04-02,2025,SESC AVENIDA PAULISTA,JON SPENCER
7950,Jon Spencer,2025-04-03,2025,SESC AVENIDA PAULISTA,JON SPENCER
7951,Yugyeom,2025-04-03,2025,TERRA SP,YUGYEOM
7952,Otto,2025-04-03,2025,CASA NATURA MUSICAL,OTTO
7953,Last Dinosaurs,2025-04-04,2025,JAI CLUB,LAST DINOSAURS
7954,Andralls,2025-04-04,2025,LA IGLESIA BORRATXERIA,ANDRALLS
7955,Faces of Death,2025-04-04,2025,LA IGLESIA BORRATXERIA,FACES OF DEATH
7956,Children of the Beast,2025-04-04,2025,MISTER ROCK BAR,CHILDREN OF THE BEAST
7957,Chaos Synopsis,2025-04-04,2025,LA IGLESIA BORRATXERIA,CHAOS SYNOPSIS
7958,Subcut,2025-04-04,2025,NIA,SUBCUT
7959,Tatá Aeroplano,2025-04-04,2025,PICLES CARDEAL,TATA AEROPLANO
7960,Mato Seco,2025-04-04,2025,CITY LIGHTS MUSIC HALL,MATO SECO
7961,Tihuana,2025-04-05,2025,VIBRA SAO PAULO,TIHUANA
7962,Marky Ramone’s Blitzkrieg,2025-04-05,2025,CARIOCA CLUB,MARKY RAMONE'S BLITZKRIEG
7963,Counter Time,2025-04-05,2025,KNIGHT'S PUB,COUNTER TIME
7964,Horace Green,2025-04-05,2025,FENDA 315,HORACE GREEN
7965,César Menotti & Fabiano,2025-04-05,2025,MERCADO LIVRE ARENA PACAEMBU,CESAR MENOTTI & FABIANO
7966,Marcelo D2,2025-04-05,2025,SONORA GARDEN,MARCELO D2
7967,Filipe Ret,2025-04-05,2025,CLUBE ATLETICO JUVENTUS,FILIPE RET
7968,Guerra Santa,2025-04-05,2025,LA IGLESIA BORRATXERIA,GUERRA SANTA
7969,Living Metal,2025-04-05,2025,LA IGLESIA BORRATXERIA,LIVING METAL
7970,Olymp,2025-04-05,2025,LA IGLESIA BORRATXERIA,OLYMP
7971,Belo,2025-04-05,2025,MERCADO LIVRE ARENA PACAEMBU,BELO
7972,Dead Fish,2025-04-05,2025,HANGAR 110,DEAD FISH
7973,Jorge & Mateus,2025-04-05,2025,MERCADO LIVRE ARENA PACAEMBU,JORGE & MATEUS
7974,Dakhmas,2025-04-05,2025,JAI CLUB,DAKHMAS
7975,Resistência Terminal,2025-04-05,2025,JAI CLUB,RESISTENCIA TERMINAL
7976,Id Est Me,2025-04-05,2025,JAI CLUB,ID EST ME
7977,Nova Orquestra,2025-04-05,2025,CASA NATURA MUSICAL,NOVA ORQUESTRA
7978,Supercombo,2025-04-05,2025,CASA NATURA MUSICAL,SUPERCOMBO
7979,terraplana,2025-04-05,2025,SESC BELENZINHO,TERRAPLANA
7980,Contra o Céu,2025-04-05,2025,FENDA 315,CONTRA O CEU
7981,Stray Kids,2025-04-05,2025,MORUMBIS,STRAY KIDS
7982,"Francisco, el Hombre",2025-04-05,2025,CINE JOIA,"FRANCISCO, EL HOMBRE"
7983,Kill for Nothing,2025-04-05,2025,JAI CLUB,KILL FOR NOTHING
7984,Far from Alaska,2025-04-06,2025,CINE JOIA,FAR FROM ALASKA
7985,Garage Fuzz,2025-04-06,2025,LA IGLESIA BORRATXERIA,GARAGE FUZZ
7986,YMA,2025-04-06,2025,CASA ROCKAMBOLE,YMA
7987,Simone Mendes,2025-04-06,2025,MERCADO LIVRE ARENA PACAEMBU,SIMONE MENDES
7988,Chococorn and the Sugarcanes,2025-04-06,2025,HANGAR 110,CHOCOCORN AND THE SUGARCANES
7989,eliminadorzinho,2025-04-06,2025,HANGAR 110,ELIMINADORZINHO
7990,Jorge & Mateus,2025-04-06,2025,MERCADO LIVRE ARENA PACAEMBU,JORGE & MATEUS
7991,Sugar Kane,2025-04-06,2025,CINE JOIA,SUGAR KANE
7992,Bella e o Olmo da Bruxa,2025-04-06,2025,HANGAR 110,BELLA E O OLMO DA BRUXA
7993,Maré Tardia,2025-04-06,2025,CASA ROCKAMBOLE,MARE TARDIA
7994,girlblogging,2025-04-06,2025,CASA ROCKAMBOLE,GIRLBLOGGING
7995,Timo Tolkki,2025-04-06,2025,MORRISON ROCK BAR,TIMO TOLKKI
7996,The Amity Affliction,2025-04-06,2025,CARIOCA CLUB,THE AMITY AFFLICTION
7997,Stray Kids,2025-04-06,2025,MORUMBIS,STRAY KIDS
7998,Ghast,2025-04-06,2025,CASA ROCKAMBOLE,GHAST
7999,Finis Hominis,2025-04-06,2025,CASA ROCKAMBOLE,FINIS HOMINIS
8001,águas,2025-04-08,2025,CASA ELEFANTE,AGUAS
8002,Hermanos Gutiérrez,2025-04-08,2025,MATIZ,HERMANOS GUTIERREZ
8003,Far from Alaska,2025-04-08,2025,ESTUDIO IQUIRIRIM,FAR FROM ALASKA
8004,Yaya Bey,2025-04-09,2025,CASA NATURA MUSICAL,YAYA BEY
8005,Ale Sater,2025-04-10,2025,BONA CASA DE MUSICA,ALE SATER
8006,Ancient,2025-04-10,2025,JAI CLUB,ANCIENT
8007,Incubus,2025-04-10,2025,ESPACO UNIMED,INCUBUS
8008,Lia Clark,2025-04-10,2025,FUNILARIA,LIA CLARK
8009,Hermanos Gutiérrez,2025-04-10,2025,CASA NATURA MUSICAL,HERMANOS GUTIERREZ
8010,Chris Kilmore,2025-04-10,2025,MATIZ,CHRIS KILMORE
8011,Banana Gun,2025-04-10,2025,LA IGLESIA BORRATXERIA,BANANA GUN
8012,Tuyo,2025-04-11,2025,SESC PINHEIROS,TUYO
8013,Yves,2025-04-11,2025,VIP STATION,YVES
8014,blah,2025-04-11,2025,VIP STATION,BLAH
8015,Johnny Hooker,2025-04-11,2025,AUDIO,JOHNNY HOOKER
8016,Di Melo,2025-04-11,2025,SESC POMPEIA,DI MELO
8017,Menores Atos,2025-04-11,2025,CINE JOIA,MENORES ATOS
8018,Allen Key,2025-04-11,2025,TOKIO MARINE HALL,ALLEN KEY
8019,Nevasca,2025-04-11,2025,CARDEAL PUB,NEVASCA
8020,Uriah Heep,2025-04-11,2025,TOKIO MARINE HALL,URIAH HEEP
8021,PeLanza,2025-04-11,2025,JAI CLUB,PELANZA
8022,Roots – Sepultura Tributo,2025-04-11,2025,ROCK WHEELS KUSTOM BAR,ROOTS - SEPULTURA TRIBUTO
8023,Rogério Skylab,2025-04-11,2025,CARIOCA CLUB,ROGERIO SKYLAB
8024,Black Jack,2025-04-11,2025,LA IGLESIA BORRATXERIA,BLACK JACK
8025,Gilberto Gil,2025-04-11,2025,ALLIANZ PARQUE,GILBERTO GIL
8026,Funeratus,2025-04-12,2025,CARIOCA CLUB,FUNERATUS
8027,Rebaelliun,2025-04-12,2025,CARIOCA CLUB,REBAELLIUN
8028,The Smyths,2025-04-12,2025,TOKIO MARINE HALL,THE SMYTHS
8029,Mano Brown,2025-04-12,2025,PARQUE DO IBIRAPUERA,MANO BROWN
8030,Big,2025-04-12,2025,A PORTA MALDITA,BIG
8031,Joker,2025-04-12,2025,A PORTA MALDITA,JOKER
8032,Bebê Feio,2025-04-12,2025,A PORTA MALDITA,BEBE FEIO
8033,CRAS,2025-04-12,2025,A PORTA MALDITA,CRAS
8034,Drug Church,2025-04-12,2025,JAI CLUB,DRUG CHURCH
8035,Silent Planet,2025-04-12,2025,CITY LIGHTS MUSIC HALL,SILENT PLANET
8036,Foojammers,2025-04-12,2025,CAVEPOOL,FOOJAMMERS
8037,Samael,2025-04-12,2025,CARIOCA CLUB,SAMAEL
8038,Ouse Morrer,2025-04-12,2025,JAI CLUB,OUSE MORRER
8039,Bibi Babydoll,2025-04-12,2025,VIP STATION,BIBI BABYDOLL
8040,Masacre,2025-04-12,2025,CARIOCA CLUB,MASACRE
8041,boasorte,2025-04-12,2025,CASA ROCKAMBOLE,BOASORTE
8042,Esteban Tavares,2025-04-12,2025,HANGAR 110,ESTEBAN TAVARES
8043,Scalene,2025-04-12,2025,CINE JOIA,SCALENE
8044,Chão de Taco,2025-04-12,2025,CASA ROCKAMBOLE,CHAO DE TACO
8045,Counter Time,2025-04-12,2025,UNDER PUB,COUNTER TIME
8046,Irmãs de Pau,2025-04-12,2025,STUDIO STAGE,IRMAS DE PAU
8047,Suffocation,2025-04-12,2025,CARIOCA CLUB,SUFFOCATION
8048,Feralkat,2025-04-12,2025,PICLES CARDEAL,FERALKAT
8049,Edu K,2025-04-12,2025,LA IGLESIA BORRATXERIA,EDU K
8050,Alceu Valença & Orquestra Ouro Preto,2025-04-12,2025,VIBRA SAO PAULO,ALCEU VALENCA & ORQUESTRA OURO PRETO
8051,Distant Shores,2025-04-12,2025,CITY LIGHTS MUSIC HALL,DISTANT SHORES
8052,Rashid,2025-04-12,2025,PARQUE DO IBIRAPUERA,RASHID
8053,Chris Murray,2025-04-12,2025,FATIADO DISCOS E CERVEJAS ESPECIAIS,CHRIS MURRAY
8054,Nations,2025-04-12,2025,CITY LIGHTS MUSIC HALL,NATIONS
8055,LUDMILLA,2025-04-12,2025,PARQUE DO IBIRAPUERA,LUDMILLA
8056,Emmercia,2025-04-12,2025,CITY LIGHTS MUSIC HALL,EMMERCIA
8057,Martinho da Vila,2025-04-12,2025,PARQUE DO IBIRAPUERA,MARTINHO DA VILA
8058,Luísa Sonza,2025-04-12,2025,ESPACO UNIMED,LUISA SONZA
8059,Papisa,2025-04-12,2025,PICLES CARDEAL,PAPISA
8060,Gilberto Gil,2025-04-12,2025,ALLIANZ PARQUE,GILBERTO GIL
8061,The Nosferatu,2025-04-13,2025,MADAME CLUB,THE NOSFERATU
8062,IZA,2025-04-13,2025,PARQUE DO IBIRAPUERA,IZA
8063,Ivete Sangalo,2025-04-13,2025,PARQUE DO IBIRAPUERA,IVETE SANGALO
8064,Imperium D,2025-04-13,2025,MANIFESTO BAR,IMPERIUM D
8065,Humanal,2025-04-13,2025,MANIFESTO BAR,HUMANAL
8066,Neural Wreck,2025-04-13,2025,MANIFESTO BAR,NEURAL WRECK
8067,Ferrugem,2025-04-13,2025,PARQUE DO IBIRAPUERA,FERRUGEM
8068,Crânula,2025-04-13,2025,LA IGLESIA BORRATXERIA,CRANULA
8069,Hardgainer,2025-04-13,2025,MANIFESTO BAR,HARDGAINER
8070,Nevasca,2025-04-13,2025,WILLI WILLIE BAR E ARQUERIA,NEVASCA
8071,Antidemon,2025-04-13,2025,CENTRO CULTURAL SAO PAULO,ANTIDEMON
8072,Bebê Feio,2025-04-13,2025,MANIFESTO BAR,BEBE FEIO
8073,ONE OK ROCK,2025-04-13,2025,ESPACO UNIMED,ONE OK ROCK
8074,Matanza Ritual,2025-04-13,2025,CENTRO CULTURAL SAO PAULO,MATANZA RITUAL
8075,Simbiose,2025-04-13,2025,LA IGLESIA BORRATXERIA,SIMBIOSE
8076,Third Coast Percussion,2025-04-14,2025,TEATRO CULTURA ARTISTICA,THIRD COAST PERCUSSION
8077,Péricles,2025-04-15,2025,GOOGLE,PERICLES
8078,Donavon Frankenreiter,2025-04-15,2025,VIBRA SAO PAULO,DONAVON FRANKENREITER
8079,DJ Nuts,2025-04-15,2025,VOID GENERAL STORE,DJ NUTS
8080,Ben Harper & The Innocent Criminals,2025-04-15,2025,VIBRA SAO PAULO,BEN HARPER & THE INNOCENT CRIMINALS
8081,Juliana Linhares,2025-04-16,2025,SESC BOM RETIRO,JULIANA LINHARES
8082,Tindersticks,2025-04-16,2025,AUDITORIO SIMON BOLIVAR - MEMORIAL DA AMERICA LATINA,TINDERSTICKS
8083,Third Coast Percussion,2025-04-16,2025,TEATRO CULTURA ARTISTICA,THIRD COAST PERCUSSION
8084,ONE OR EIGHT,2025-04-16,2025,TEATRO GAMARO,ONE OR EIGHT
8085,The Fuzztones,2025-04-17,2025,CINE JOIA,THE FUZZTONES
8086,The Gasolines,2025-04-17,2025,CINE JOIA,THE GASOLINES
8087,Terno Rei,2025-04-17,2025,ESTUDIO TV CULTURA,TERNO REI
8088,Autoramas,2025-04-17,2025,CINE JOIA,AUTORAMAS
8089,BRIME,2025-04-17,2025,AUDIO,BRIME
8090,Yago Oproprio,2025-04-17,2025,SESC BOM RETIRO,YAGO OPROPRIO
8091,Wander Wildner,2025-04-17,2025,PICLES CARDEAL,WANDER WILDNER
8092,Clenched Fist,2025-04-18,2025,LA IGLESIA BORRATXERIA,CLENCHED FIST
8093,Álcool,2025-04-18,2025,LA IGLESIA BORRATXERIA,ALCOOL
8094,The Harpia,2025-04-18,2025,LA IGLESIA BORRATXERIA,THE HARPIA
8095,Halleck,2025-04-18,2025,SETESSETE MUSIC BAR,HALLECK
8096,Alzira E + Corte,2025-04-18,2025,PORTA,ALZIRA E + CORTE
8097,Hellway Train,2025-04-18,2025,LA IGLESIA BORRATXERIA,HELLWAY TRAIN
8098,Carista,2025-04-19,2025,ESTADIO DO CANINDE,CARISTA
8099,Pedro Bertho,2025-04-19,2025,ESTADIO DO CANINDE,PEDRO BERTHO
8100,Zopelar,2025-04-19,2025,ESTADIO DO CANINDE,ZOPELAR
8101,Omar Souleyman,2025-04-19,2025,ESTADIO DO CANINDE,OMAR SOULEYMAN
8102,Hudson Mohawke,2025-04-19,2025,ESTADIO DO CANINDE,HUDSON MOHAWKE
8103,Scorpions,2025-04-19,2025,ALLIANZ PARQUE,SCORPIONS
8104,Capote,2025-04-19,2025,FFFRONT,CAPOTE
8105,Roots – Sepultura Tributo,2025-04-19,2025,CARDEAL PUB,ROOTS - SEPULTURA TRIBUTO
8106,FIGUEROAS,2025-04-19,2025,PICLES CARDEAL,FIGUEROAS
8107,Judas Priest,2025-04-19,2025,ALLIANZ PARQUE,JUDAS PRIEST
8108,Bebê Feio,2025-04-19,2025,DEPOIS DO FIM DO MUNDO ESTUDIO,BEBE FEIO
8109,Hermeto Pascoal,2025-04-19,2025,CASA NATURA MUSICAL,HERMETO PASCOAL
8110,Sujera,2025-04-19,2025,SESC BELENZINHO,SUJERA
8111,Savatage,2025-04-19,2025,ALLIANZ PARQUE,SAVATAGE
8112,Stratovarius,2025-04-19,2025,ALLIANZ PARQUE,STRATOVARIUS
8113,Andrés Calamaro,2025-04-19,2025,CINE JOIA,ANDRES CALAMARO
8114,Project46,2025-04-19,2025,SESC BELENZINHO,PROJECT46
8115,Pullovers,2025-04-19,2025,CULTURA LIVRE,PULLOVERS
8116,Negro Leo,2025-04-19,2025,SESC POMPEIA,NEGRO LEO
8117,Opeth,2025-04-19,2025,ALLIANZ PARQUE,OPETH
8118,Simbiose,2025-04-19,2025,CENTRAL PANELACO,SIMBIOSE
8119,Queensrÿche,2025-04-19,2025,ALLIANZ PARQUE,QUEENSRYCHE
8120,Europe,2025-04-19,2025,ALLIANZ PARQUE,EUROPE
8121,Gangrena Gasosa,2025-04-19,2025,LA IGLESIA BORRATXERIA,GANGRENA GASOSA
8122,Valesuchi,2025-04-20,2025,ESTADIO DO CANINDE,VALESUCHI
8123,Franzizca,2025-04-20,2025,ESTADIO DO CANINDE,FRANZIZCA
8124,KiNK,2025-04-20,2025,ESTADIO DO CANINDE,KINK
8125,Gabi Fischer,2025-04-20,2025,ESTADIO DO CANINDE,GABI FISCHER
8126,Alírio,2025-04-20,2025,ESTADIO DO CANINDE,ALIRIO
8127,Olof Dreijer,2025-04-20,2025,ESTADIO DO CANINDE,OLOF DREIJER
8128,Queensrÿche,2025-04-20,2025,VIBRA SAO PAULO,QUEENSRYCHE
8129,Torture Squad,2025-04-20,2025,VIBRA SAO PAULO,TORTURE SQUAD
8130,Carlos do Complexo,2025-04-20,2025,ESTADIO DO CANINDE,CARLOS DO COMPLEXO
8131,Koka,2025-04-20,2025,ESTADIO DO CANINDE,KOKA
8132,Judas Priest,2025-04-20,2025,VIBRA SAO PAULO,JUDAS PRIEST
8133,Alex Kassian,2025-04-20,2025,ESTADIO DO CANINDE,ALEX KASSIAN
8134,Suze Ijó,2025-04-20,2025,ESTADIO DO CANINDE,SUZE IJO
8135,Partiboi69,2025-04-20,2025,ESTADIO DO CANINDE,PARTIBOI69
8136,Cashu,2025-04-20,2025,ESTADIO DO CANINDE,CASHU
8137,DPR,2025-04-20,2025,ESTADIO DO CANINDE,DPR
8138,O Inimigo,2025-04-20,2025,CERVEJARIA RAT,O INIMIGO
8139,Avalon Emerson,2025-04-20,2025,ESTADIO DO CANINDE,AVALON EMERSON
8140,Ben UFO,2025-04-20,2025,ESTADIO DO CANINDE,BEN UFO
8141,Job Jobse,2025-04-20,2025,ESTADIO DO CANINDE,JOB JOBSE
8142,Ouse Morrer,2025-04-20,2025,CERVEJARIA RAT,OUSE MORRER
8143,SPFDJ,2025-04-20,2025,ESTADIO DO CANINDE,SPFDJ
8144,Distant Shores,2025-04-20,2025,LA IGLESIA BORRATXERIA,DISTANT SHORES
8145,Id Est Me,2025-04-20,2025,LA IGLESIA BORRATXERIA,ID EST ME
8146,Hector Oaks,2025-04-20,2025,ESTADIO DO CANINDE,HECTOR OAKS
8147,Jadsa,2025-04-21,2025,BAR ALTO,JADSA
8148,OTTOPAPI,2025-04-21,2025,BAR ALTO,OTTOPAPI
8149,Maré Tardia,2025-04-21,2025,BAR ALTO,MARE TARDIA
8150,Madmans Esprit,2025-04-21,2025,LA IGLESIA BORRATXERIA,MADMANS ESPRIT
8151,Bruno Berle,2025-04-21,2025,CORINGA,BRUNO BERLE
8152,Savatage,2025-04-21,2025,ESPACO UNIMED,SAVATAGE
8153,Fausto Fawcett,2025-04-21,2025,BAR ALTO,FAUSTO FAWCETT
8154,Giovani Cidreira,2025-04-21,2025,CORINGA,GIOVANI CIDREIRA
8155,Opeth,2025-04-21,2025,ESPACO UNIMED,OPETH
8156,Ava Rocha,2025-04-21,2025,CORINGA,AVA ROCHA
8157,Kaleo,2025-04-22,2025,AUDIO,KALEO
8158,Ginger and the Peppers,2025-04-22,2025,AUDIO,GINGER AND THE PEPPERS
8159,Rogério Skylab,2025-04-22,2025,,ROGERIO SKYLAB
8160,Escalandrum,2025-04-23,2025,CENTRO CULTURAL FIESP,ESCALANDRUM
8161,Carne Doce,2025-04-24,2025,CASA NATURA MUSICAL,CARNE DOCE
8162,Jadsa,2025-04-24,2025,MISERICORDIA,JADSA
8163,XG,2025-04-24,2025,TOKIO MARINE HALL,XG
8164,Hurtmold,2025-04-24,2025,SESC CARMO,HURTMOLD
8165,Mestrinho,2025-04-24,2025,TEATRO SESC 24 DE MAIO,MESTRINHO
8166,Banda Uó,2025-04-25,2025,AUDIO,BANDA UO
8167,PLUMA,2025-04-25,2025,MISERICORDIA,PLUMA
8168,Bebé Salvego,2025-04-25,2025,SESC BELENZINHO,BEBE SALVEGO
8169,Mari Jasca,2025-04-25,2025,CASA DE FRANCISCA,MARI JASCA
8170,Paira,2025-04-25,2025,AUDITORIO MIS,PAIRA
8171,Ego Absence,2025-04-25,2025,LA IGLESIA BORRATXERIA,EGO ABSENCE
8172,Trend Kill Ghosts,2025-04-25,2025,LA IGLESIA BORRATXERIA,TREND KILL GHOSTS
8173,Arnaldo Antunes,2025-04-25,2025,SESC POMPEIA,ARNALDO ANTUNES
8174,ROT,2025-04-25,2025,SESC BELENZINHO,ROT
8175,Veludo Oculto,2025-04-25,2025,CASA URANIA,VELUDO OCULTO
8176,Gilberto Gil,2025-04-25,2025,ALLIANZ PARQUE,GILBERTO GIL
8177,Dexter,2025-04-26,2025,CASA DE CULTURA ITAIM PAULISTA,DEXTER
8178,Crizin da Z.O.,2025-04-26,2025,CASA ROCKAMBOLE,CRIZIN DA Z.O.
8179,Ndee Naldinho,2025-04-26,2025,CASA DE CULTURA ITAIM PAULISTA,NDEE NALDINHO
8180,Metade de Mim,2025-04-26,2025,MISERICORDIA,METADE DE MIM
8181,Nando Reis,2025-04-26,2025,CLUBE ATLETICO JUVENTUS,NANDO REIS
8182,Ava Mendoza,2025-04-26,2025,SESC AVENIDA PAULISTA,AVA MENDOZA
8183,Cólera,2025-04-26,2025,CENTRO CULTURAL TENDAL DA LAPA,COLERA
8184,YMA,2025-04-26,2025,MISERICORDIA,YMA
8185,Frejat,2025-04-26,2025,CLUBE ATLETICO JUVENTUS,FREJAT
8186,Arnaldo Antunes,2025-04-26,2025,SESC POMPEIA,ARNALDO ANTUNES
8187,Gilberto Gil,2025-04-26,2025,ALLIANZ PARQUE,GILBERTO GIL
8188,lōtico,2025-04-26,2025,BAR ALTO,LOTICO
8189,Maglore,2025-04-26,2025,CINE JOIA,MAGLORE
8190,Boogarins,2025-04-26,2025,CASA ROCKAMBOLE,BOOGARINS
8191,Roots – Sepultura Tributo,2025-04-26,2025,GALERIA DO ROCK,ROOTS - SEPULTURA TRIBUTO
8192,Marina Sena,2025-04-26,2025,ESPACO UNIMED,MARINA SENA
8193,Caxtrinho,2025-04-26,2025,SESC BELENZINHO,CAXTRINHO
8194,Machine Girl,2025-04-26,2025,HANGAR 110,MACHINE GIRL
8195,Saturndust,2025-04-26,2025,BAR ALTO,SATURNDUST
8196,Adorável Clichê,2025-04-26,2025,CASA ROCKAMBOLE,ADORAVEL CLICHE
8197,AQUINO,2025-04-26,2025,CASA ROCKAMBOLE,AQUINO
8198,Innabrain,2025-04-27,2025,RED STAR STUDIOS,INNABRAIN
8199,Arnaldo Antunes,2025-04-27,2025,SESC POMPEIA,ARNALDO ANTUNES
8200,Zijian Wei,2025-04-27,2025,TEATRO CULTURA ARTISTICA,ZIJIAN WEI
8201,hoovaranas,2025-04-28,2025,SESC CARMO,HOOVARANAS
8202,Debrix,2025-04-30,2025,CARIOCA CLUB,DEBRIX
8203,Raimundos,2025-04-30,2025,ESPACO UNIMED,RAIMUNDOS
8204,Marcão Britto & Thiago Castanho Charlie Brown Jr.,2025-04-30,2025,ESPACO UNIMED,MARCAO BRITTO & THIAGO CASTANHO CHARLIE BROWN JR.
8205,Treva,2025-04-30,2025,CARIOCA CLUB,TREVA
8206,Helmet,2025-04-30,2025,CARIOCA CLUB,HELMET
8207,Marcelo Falcão,2025-04-30,2025,ESPACO UNIMED,MARCELO FALCAO
8208,Facada,2025-05-01,2025,BURNING HOUSE,FACADA
8209,The Accüsed A.D.,2025-05-01,2025,BURNING HOUSE,THE ACCUSED A.D.
8210,Dream Spirit,2025-05-01,2025,MANIFESTO BAR,DREAM SPIRIT
8211,Karma,2025-05-01,2025,MANIFESTO BAR,KARMA
8212,D.E.R.,2025-05-01,2025,BURNING HOUSE,D.E.R.
8213,Karnak,2025-05-01,2025,BONA CASA DE MUSICA,KARNAK
8214,D.F.C.,2025-05-01,2025,BURNING HOUSE,D.F.C.
8215,Sadistic Messiah,2025-05-01,2025,BURNING HOUSE,SADISTIC MESSIAH
8216,Counter Time,2025-05-01,2025,UNDER PUB,COUNTER TIME
8217,Walfredo em Busca da Simbiose,2025-05-01,2025,PICLES CARDEAL,WALFREDO EM BUSCA DA SIMBIOSE
8218,THE DRIVER ERA,2025-05-02,2025,TOKIO MARINE HALL,THE DRIVER ERA
8219,Antiprisma,2025-05-02,2025,PICLES CARDEAL,ANTIPRISMA
8220,Dogma,2025-05-02,2025,MEMORIAL DA AMERICA LATINA,DOGMA
8221,Pretty Maids,2025-05-02,2025,MEMORIAL DA AMERICA LATINA,PRETTY MAIDS
8222,Polly Noise and the Cracks,2025-05-02,2025,PICLES CARDEAL,POLLY NOISE AND THE CRACKS
8223,Karnak,2025-05-02,2025,BONA CASA DE MUSICA,KARNAK
8224,Ginger and the Peppers,2025-05-02,2025,LA IGLESIA BORRATXERIA,GINGER AND THE PEPPERS
8225,Doro,2025-05-02,2025,MEMORIAL DA AMERICA LATINA,DORO
8226,Gabriel Thomaz,2025-05-02,2025,PICLES CARDEAL,GABRIEL THOMAZ
8227,DJ K,2025-05-02,2025,VOID GENERAL STORE,DJ K
8228,Armored Saint,2025-05-02,2025,MEMORIAL DA AMERICA LATINA,ARMORED SAINT
8229,Pedra Branca,2025-05-02,2025,TOKIO MARINE HALL,PEDRA BRANCA
8230,DJ Dry,2025-05-02,2025,VOID GENERAL STORE,DJ DRY
8231,Glenn Hughes,2025-05-02,2025,MEMORIAL DA AMERICA LATINA,GLENN HUGHES
8232,Kissin’ Dynamite,2025-05-02,2025,MEMORIAL DA AMERICA LATINA,KISSIN' DYNAMITE
8233,Cleef,2025-05-02,2025,A PORTA MALDITA,CLEEF
8234,Sutil Modelo Novo,2025-05-02,2025,CAFUNDO,SUTIL MODELO NOVO
8235,Meu Funeral,2025-05-03,2025,JAI CLUB,MEU FUNERAL
8236,Saxon,2025-05-03,2025,MEMORIAL DA AMERICA LATINA,SAXON
8237,Dream Spirit,2025-05-03,2025,MEMORIAL DA AMERICA LATINA,DREAM SPIRIT
8238,School of Rock,2025-05-03,2025,MEMORIAL DA AMERICA LATINA,SCHOOL OF ROCK
8239,Matanza Ritual,2025-05-03,2025,MEMORIAL DA AMERICA LATINA,MATANZA RITUAL
8240,Válvera,2025-05-03,2025,MEMORIAL DA AMERICA LATINA,VALVERA
8241,Ensiferum,2025-05-03,2025,MEMORIAL DA AMERICA LATINA,ENSIFERUM
8242,Carro Bomba,2025-05-03,2025,MEMORIAL DA AMERICA LATINA,CARRO BOMBA
8243,Sonata Arctica,2025-05-03,2025,MEMORIAL DA AMERICA LATINA,SONATA ARCTICA
8244,Grupo Fundo de Quintal,2025-05-03,2025,SESC BELENZINHO,GRUPO FUNDO DE QUINTAL
8245,Os Garotin,2025-05-03,2025,PARQUE VILLA-LOBOS,OS GAROTIN
8246,Malefactor,2025-05-03,2025,MEMORIAL DA AMERICA LATINA,MALEFACTOR
8247,Pressive,2025-05-03,2025,MEMORIAL DA AMERICA LATINA,PRESSIVE
8248,Municipal Waste,2025-05-03,2025,MEMORIAL DA AMERICA LATINA,MUNICIPAL WASTE
8249,Dynazty,2025-05-03,2025,MEMORIAL DA AMERICA LATINA,DYNAZTY
8250,Sabaton,2025-05-03,2025,MEMORIAL DA AMERICA LATINA,SABATON
8251,Lacrimosa,2025-05-03,2025,MEMORIAL DA AMERICA LATINA,LACRIMOSA
8252,Íñigo Quintero,2025-05-03,2025,CASA ROCKAMBOLE,INIGO QUINTERO
8253,Ana Cañas,2025-05-03,2025,SESC PINHEIROS,ANA CANAS
8254,Melton Sello,2025-05-03,2025,JAI CLUB,MELTON SELLO
8255,Sutil Modelo Novo,2025-05-03,2025,VEGANAASSOO,SUTIL MODELO NOVO
8256,Ebony,2025-05-03,2025,PARQUE VILLA-LOBOS,EBONY
8257,Ney Matogrosso,2025-05-03,2025,PARQUE VILLA-LOBOS,NEY MATOGROSSO
8258,Burning Witches,2025-05-03,2025,MEMORIAL DA AMERICA LATINA,BURNING WITCHES
8259,Viper,2025-05-03,2025,MEMORIAL DA AMERICA LATINA,VIPER
8260,Ana Frango Elétrico,2025-05-03,2025,MUSEU DA LINGUA PORTUGUESA,ANA FRANGO ELETRICO
8261,H.E.A.T,2025-05-03,2025,MEMORIAL DA AMERICA LATINA,H.E.A.T
8262,Dark Angel,2025-05-03,2025,MEMORIAL DA AMERICA LATINA,DARK ANGEL
8263,Gloria Perpetua,2025-05-03,2025,MEMORIAL DA AMERICA LATINA,GLORIA PERPETUA
8264,Hardgainer,2025-05-03,2025,MEMORIAL DA AMERICA LATINA,HARDGAINER
8265,Jotapê,2025-05-03,2025,PARQUE VILLA-LOBOS,JOTAPE
8266,Rico Dalasam,2025-05-03,2025,SESC CONSOLACAO,RICO DALASAM
8267,Darvin,2025-05-03,2025,JAI CLUB,DARVIN
8268,Daniela Mercury,2025-05-03,2025,PARQUE VILLA-LOBOS,DANIELA MERCURY
8269,Violeta de Outono,2025-05-03,2025,SESC BELENZINHO,VIOLETA DE OUTONO
8270,Powerwolf,2025-05-03,2025,MEMORIAL DA AMERICA LATINA,POWERWOLF
8271,Kamelot,2025-05-03,2025,MEMORIAL DA AMERICA LATINA,KAMELOT
8272,Vader,2025-05-04,2025,MEMORIAL DA AMERICA LATINA,VADER
8273,W.A.S.P.,2025-05-04,2025,MEMORIAL DA AMERICA LATINA,W.A.S.P.
8274,BaianaSystem,2025-05-04,2025,PARQUE VILLA-LOBOS,BAIANASYSTEM
8275,Silva,2025-05-04,2025,PARQUE VILLA-LOBOS,SILVA
8276,João Gomes,2025-05-04,2025,PARQUE VILLA-LOBOS,JOAO GOMES
8277,Ana Cañas,2025-05-04,2025,SESC PINHEIROS,ANA CANAS
8278,Black Pantera,2025-05-04,2025,MEMORIAL DA AMERICA LATINA,BLACK PANTERA
8279,Beyond the Black,2025-05-04,2025,MEMORIAL DA AMERICA LATINA,BEYOND THE BLACK
8280,Warshipper,2025-05-04,2025,MEMORIAL DA AMERICA LATINA,WARSHIPPER
8281,Kerry King,2025-05-04,2025,MEMORIAL DA AMERICA LATINA,KERRY KING
8282,Dorsal Atlântica,2025-05-04,2025,MEMORIAL DA AMERICA LATINA,DORSAL ATLANTICA
8283,Ronnie James Dio Tribute,2025-05-04,2025,MEMORIAL DA AMERICA LATINA,RONNIE JAMES DIO TRIBUTE
8284,Simple Minds,2025-05-04,2025,ESPACO UNIMED,SIMPLE MINDS
8285,Maestrick,2025-05-04,2025,MEMORIAL DA AMERICA LATINA,MAESTRICK
8286,Hatefulmurder,2025-05-04,2025,MEMORIAL DA AMERICA LATINA,HATEFULMURDER
8287,Nile,2025-05-04,2025,MEMORIAL DA AMERICA LATINA,NILE
8288,Avantasia,2025-05-04,2025,MEMORIAL DA AMERICA LATINA,AVANTASIA
8289,Paradise Lost,2025-05-04,2025,MEMORIAL DA AMERICA LATINA,PARADISE LOST
8290,Ready to be Hated,2025-05-04,2025,MEMORIAL DA AMERICA LATINA,READY TO BE HATED
8291,School of Rock,2025-05-04,2025,MEMORIAL DA AMERICA LATINA,SCHOOL OF ROCK
8292,Hibria,2025-05-04,2025,MEMORIAL DA AMERICA LATINA,HIBRIA
8293,Blind Guardian,2025-05-04,2025,MEMORIAL DA AMERICA LATINA,BLIND GUARDIAN
8294,Rico Dalasam,2025-05-04,2025,SESC CONSOLACAO,RICO DALASAM
8295,Lord of the Lost,2025-05-04,2025,MEMORIAL DA AMERICA LATINA,LORD OF THE LOST
8296,Yago Oproprio,2025-05-04,2025,PARQUE VILLA-LOBOS,YAGO OPROPRIO
8297,Alcione,2025-05-04,2025,PARQUE VILLA-LOBOS,ALCIONE
8298,Haken,2025-05-04,2025,MEMORIAL DA AMERICA LATINA,HAKEN
8299,The Heathen Scÿthe,2025-05-04,2025,MEMORIAL DA AMERICA LATINA,THE HEATHEN SCYTHE
8300,Flor,2025-05-04,2025,PARQUE VILLA-LOBOS,FLOR
8301,Rachel Reis,2025-05-04,2025,PARQUE VILLA-LOBOS,RACHEL REIS
8302,Kamelot,2025-05-04,2025,MEMORIAL DA AMERICA LATINA,KAMELOT
8303,Destruction,2025-05-04,2025,MEMORIAL DA AMERICA LATINA,DESTRUCTION
8304,Arize,2025-05-06,2025,LA IGLESIA BORRATXERIA,ARIZE
8305,Escalpo,2025-05-06,2025,LA IGLESIA BORRATXERIA,ESCALPO
8306,OGI,2025-05-06,2025,VOID GENERAL STORE,OGI
8307,The Chisel,2025-05-06,2025,LA IGLESIA BORRATXERIA,THE CHISEL
8308,Eric Martin & Jeff Scott Soto,2025-05-07,2025,GALERIA DO ROCK,ERIC MARTIN & JEFF SCOTT SOTO
8309,Adrian Younge,2025-05-07,2025,TEATRO CULTURA ARTISTICA,ADRIAN YOUNGE
8310,Spektra,2025-05-07,2025,GALERIA DO ROCK,SPEKTRA
8311,E a Terra Nunca Me Pareceu Tão Distante,2025-05-08,2025,BAR ALTO,E A TERRA NUNCA ME PARECEU TAO DISTANTE
8312,Trupe Chá de Boldo,2025-05-08,2025,CASA DE FRANCISCA,TRUPE CHA DE BOLDO
8313,Sevdaliza,2025-05-08,2025,TOKIO MARINE HALL,SEVDALIZA
8314,Mahmundi,2025-05-08,2025,FUNILARIA,MAHMUNDI
8315,Punho de Mahin,2025-05-08,2025,SESC POMPEIA,PUNHO DE MAHIN
8316,Dora Morelenbaum,2025-05-08,2025,CASA NATURA MUSICAL,DORA MORELENBAUM
8317,Don Ernesto,2025-05-08,2025,PARQUE DA AGUA BRANCA,DON ERNESTO
8318,Pabllo Vittar,2025-05-09,2025,CENTRO DE TRADICOES NORDESTINAS,PABLLO VITTAR
8319,Marina Nemesio,2025-05-09,2025,ODETTE,MARINA NEMESIO
8320,Paul Higgs,2025-05-09,2025,ODETTE,PAUL HIGGS
8321,Ira!,2025-05-09,2025,VIBRA SAO PAULO,IRA!
8322,Heartlistener,2025-05-09,2025,CASA ALGOHITS,HEARTLISTENER
8323,Dharma Numb,2025-05-09,2025,CASA ALGOHITS,DHARMA NUMB
8324,Chico Bernardes,2025-05-09,2025,ODETTE,CHICO BERNARDES
8325,Mateus Aleluia,2025-05-09,2025,CASA NATURA MUSICAL,MATEUS ALELUIA
8326,Kevin Johansen,2025-05-09,2025,TEATRO BRADESCO,KEVIN JOHANSEN
8327,Bixiga 70,2025-05-09,2025,SESC POMPEIA,BIXIGA 70
8328,Crush Us All,2025-05-09,2025,CASA ALGOHITS,CRUSH US ALL
8329,BEAT,2025-05-09,2025,ESPACO UNIMED,BEAT
8330,Paura,2025-05-10,2025,RED STAR STUDIOS,PAURA
8331,Ira!,2025-05-10,2025,VIBRA SAO PAULO,IRA!
8332,Linn da Quebrada,2025-05-10,2025,SESC 14 BIS,LINN DA QUEBRADA
8333,Touché Amoré,2025-05-10,2025,CITY LIGHTS MUSIC HALL,TOUCHE AMORE
8334,Janeiro Industrial,2025-05-10,2025,CITY LIGHTS MUSIC HALL,JANEIRO INDUSTRIAL
8335,Foreigner,2025-05-10,2025,ESPACO UNIMED,FOREIGNER
8336,Jovens Ateus,2025-05-10,2025,LA IGLESIA BORRATXERIA,JOVENS ATEUS
8337,Aliados,2025-05-10,2025,SCHOOL OF ROCK SAO PAULO,ALIADOS
8339,Desalmado,2025-05-10,2025,BURNING HOUSE,DESALMADO
8340,CRAS,2025-05-10,2025,BURNING HOUSE,CRAS
8341,De Carne e Flor,2025-05-10,2025,CITY LIGHTS MUSIC HALL,DE CARNE E FLOR
8342,Mateus Aleluia,2025-05-10,2025,CASA NATURA MUSICAL,MATEUS ALELUIA
8343,O Grilo,2025-05-10,2025,AUDIO,O GRILO
8344,girlblogging,2025-05-10,2025,LA IGLESIA BORRATXERIA,GIRLBLOGGING
8345,Giant Jellyfish,2025-05-10,2025,FENDA 315,GIANT JELLYFISH
8347,Vazio,2025-05-10,2025,BURNING HOUSE,VAZIO
8348,Ego Kill Talent,2025-05-10,2025,ALLIANZ PARQUE,EGO KILL TALENT
8349,BIKE,2025-05-10,2025,FENDA 315,BIKE
8350,System of a Down,2025-05-10,2025,ALLIANZ PARQUE,SYSTEM OF A DOWN
8351,Night Prowler,2025-05-10,2025,WOODSTOCK ROCK STORE,NIGHT PROWLER
8352,Hardgainer,2025-05-10,2025,BURNING HOUSE,HARDGAINER
8353,Ivan Vilela,2025-05-10,2025,PARQUE DA AGUA BRANCA,IVAN VILELA
8354,Crânula,2025-05-10,2025,RED STAR STUDIOS,CRANULA
8355,Eric Martin & Jeff Scott Soto,2025-05-10,2025,ESPACO UNIMED,ERIC MARTIN & JEFF SCOTT SOTO
8357,Fang,2025-05-11,2025,CARIOCA CLUB,FANG
8358,The Chisel,2025-05-11,2025,CARIOCA CLUB,THE CHISEL
8359,System of a Down,2025-05-11,2025,ALLIANZ PARQUE,SYSTEM OF A DOWN
8360,Punho de Mahin,2025-05-11,2025,CARIOCA CLUB,PUNHO DE MAHIN
8361,Faíska,2025-05-11,2025,CENTRO CULTURAL SAO PAULO,FAISKA
8362,The Exploited,2025-05-11,2025,CARIOCA CLUB,THE EXPLOITED
8363,Urutu,2025-05-11,2025,CARIOCA CLUB,URUTU
8364,Ratos de Porão,2025-05-11,2025,CARIOCA CLUB,RATOS DE PORAO
8365,Escalpo,2025-05-11,2025,CARIOCA CLUB,ESCALPO
8366,Tim “Ripper” Owens,2025-05-11,2025,MANIFESTO BAR,"TIM ""RIPPER"" OWENS"
8367,Linn da Quebrada,2025-05-11,2025,SESC 14 BIS,LINN DA QUEBRADA
8368,Zé Ramalho,2025-05-11,2025,ESPACO UNIMED,ZE RAMALHO
8369,Fat Family,2025-05-11,2025,PARQUE DA AGUA BRANCA,FAT FAMILY
8370,Paulinho Moska,2025-05-11,2025,PARQUE DA AGUA BRANCA,PAULINHO MOSKA
8371,A Espetacular Charanga do França,2025-05-11,2025,PARQUE DA AGUA BRANCA,A ESPETACULAR CHARANGA DO FRANCA
8372,Picanha de Chernobill,2025-05-11,2025,CENTRO CULTURAL SAO PAULO,PICANHA DE CHERNOBILL
8373,Lobão,2025-05-11,2025,CENTRO CULTURAL SAO PAULO,LOBAO
8374,The Mönic,2025-05-11,2025,CENTRO CULTURAL SAO PAULO,THE MONIC
8375,Ego Kill Talent,2025-05-11,2025,ALLIANZ PARQUE,EGO KILL TALENT
8376,Marina Lima,2025-05-11,2025,PARQUE DA AGUA BRANCA,MARINA LIMA
8377,FBC,2025-05-11,2025,PARQUE DA AGUA BRANCA,FBC
8378,Mateus Aleluia,2025-05-11,2025,CASA NATURA MUSICAL,MATEUS ALELUIA
8379,Catto,2025-05-11,2025,PARQUE DA AGUA BRANCA,CATTO
8380,Sujera,2025-05-11,2025,CENTRO CULTURAL SAO PAULO,SUJERA
8381,Arnaldo Antunes,2025-05-11,2025,PARQUE DA AGUA BRANCA,ARNALDO ANTUNES
8382,Rogério Skylab,2025-05-12,2025,TEATRO MARS,ROGERIO SKYLAB
8383,Matheus Caster,2025-05-12,2025,TEATRO MARS,MATHEUS CASTER
8384,Foojammers,2025-05-12,2025,RELICARIO ROCK BAR,FOOJAMMERS
8385,Bela Maria,2025-05-12,2025,TEATRO MARS,BELA MARIA
8386,Ale Sater,2025-05-12,2025,TEATRO MARS,ALE SATER
8387,Josy.Anne,2025-05-13,2025,CENTRO DA TERRA,JOSY.ANNE
8388,Ego Kill Talent,2025-05-14,2025,AUTODROMO DE INTERLAGOS,EGO KILL TALENT
8389,AFI,2025-05-14,2025,AUTODROMO DE INTERLAGOS,AFI
8390,System of a Down,2025-05-14,2025,AUTODROMO DE INTERLAGOS,SYSTEM OF A DOWN
8391,Jambu,2025-05-15,2025,BAR ALTO,JAMBU
8392,Carcass,2025-05-15,2025,CARIOCA CLUB,CARCASS
8393,Sophia Chablau e Uma Enorme Perda de Tempo,2025-05-15,2025,SESC POMPEIA,SOPHIA CHABLAU E UMA ENORME PERDA DE TEMPO
8394,BIKE,2025-05-15,2025,PORTA,BIKE
8395,Ema Stoned,2025-05-15,2025,PORTA,EMA STONED
8396,Violeta de Outono,2025-05-15,2025,PORTA,VIOLETA DE OUTONO
8397,Paula Toller,2025-05-16,2025,ESPACO UNIMED,PAULA TOLLER
8398,The Amy Winehouse Band,2025-05-16,2025,CINE JOIA,THE AMY WINEHOUSE BAND
8399,Pedro Abrunhosa,2025-05-16,2025,CASA NATURA MUSICAL,PEDRO ABRUNHOSA
8400,Eskröta,2025-05-16,2025,SESC AVENIDA PAULISTA,ESKROTA
8401,Palaye Royale,2025-05-16,2025,CARIOCA CLUB,PALAYE ROYALE
8402,Marina Lima,2025-05-16,2025,SESC PINHEIROS,MARINA LIMA
8403,Detestation,2025-05-17,2025,CENTRO CULTURAL TENDAL DA LAPA,DETESTATION
8404,Dogma,2025-05-17,2025,TEATRO APCD,DOGMA
8405,Fabio Lione,2025-05-17,2025,TEATRO APCD,FABIO LIONE
8406,Academia da Berlinda,2025-05-17,2025,CITY LIGHTS MUSIC HALL,ACADEMIA DA BERLINDA
8407,Bong Brigade,2025-05-17,2025,HANGAR 110,BONG BRIGADE
8409,Roots – Sepultura Tributo,2025-05-17,2025,ZN HIGHWAY,ROOTS - SEPULTURA TRIBUTO
8410,Social Chaos,2025-05-17,2025,CENTRO CULTURAL TENDAL DA LAPA,SOCIAL CHAOS
8411,Di Ferrero,2025-05-17,2025,AUDIO,DI FERRERO
8412,Getúlio Abelha,2025-05-17,2025,SESC BELENZINHO,GETULIO ABELHA
8413,Jupta,2025-05-17,2025,VIP STATION,JUPTA
8414,Armagedom,2025-05-17,2025,CENTRO CULTURAL TENDAL DA LAPA,ARMAGEDOM
8416,Giovanna Moraes,2025-05-17,2025,VIP STATION,GIOVANNA MORAES
8417,Leoni,2025-05-17,2025,BLUE NOTE SAO PAULO,LEONI
8418,Pense,2025-05-17,2025,VANS PINHEIROS STORE,PENSE
8419,MC Taya,2025-05-17,2025,VIP STATION,MC TAYA
8420,Allen Key,2025-05-17,2025,VIP STATION,ALLEN KEY
8421,Zélia Duncan,2025-05-17,2025,SESC POMPEIA,ZELIA DUNCAN
8422,Contra o Céu,2025-05-17,2025,CERVEJARIA RAT,CONTRA O CEU
8423,Asfixia Social,2025-05-17,2025,VIP STATION,ASFIXIA SOCIAL
8424,Die Selektion,2025-05-17,2025,MADAME CLUB,DIE SELEKTION
8425,Deathgeist,2025-05-17,2025,LA IGLESIA BORRATXERIA,DEATHGEIST
8426,Supercombo,2025-05-17,2025,VIP STATION,SUPERCOMBO
8427,Counter Time,2025-05-17,2025,ZN HIGHWAY,COUNTER TIME
8428,Aléxia,2025-05-17,2025,VIP STATION,ALEXIA
8429,The Beast Experience,2025-05-17,2025,TEATRO EVA WILMA,THE BEAST EXPERIENCE
8430,Don L,2025-05-17,2025,SESC VILA MARIANA,DON L
8431,Banana Kush,2025-05-17,2025,VIP STATION,BANANA KUSH
8432,Navala,2025-05-17,2025,VIP STATION,NAVALA
8433,Hungrs,2025-05-17,2025,VIP STATION,HUNGRS
8434,Pedro Lanches,2025-05-17,2025,VIP STATION,PEDRO LANCHES
8435,Dogma,2025-05-18,2025,TEATRO APCD,DOGMA
8436,João Gordo & Asteroides Trio,2025-05-18,2025,CENTRO CULTURAL TENDAL DA LAPA,JOAO GORDO & ASTEROIDES TRIO
8437,Besouro Mulher,2025-05-18,2025,CASA NATURA MUSICAL,BESOURO MULHER
8438,Fabio Lione,2025-05-18,2025,TEATRO APCD,FABIO LIONE
8439,Pelados,2025-05-18,2025,CASA NATURA MUSICAL,PELADOS
8440,Jeff Scott Soto,2025-05-18,2025,MANIFESTO BAR,JEFF SCOTT SOTO
8441,Tonho Penhasco,2025-05-18,2025,A PORTA MALDITA,TONHO PENHASCO
8442,MC Hariel,2025-05-18,2025,ALLIANZ PARQUE,MC HARIEL
8443,Gritando HC,2025-05-18,2025,CENTRO CULTURAL TENDAL DA LAPA,GRITANDO HC
8444,Castello Branco,2025-05-18,2025,RUA DOS PINHEIROS,CASTELLO BRANCO
8445,Spektra,2025-05-18,2025,MANIFESTO BAR,SPEKTRA
8446,Ana Cañas,2025-05-19,2025,ESPACO USINE,ANA CANAS
8447,Silvia Machete,2025-05-19,2025,ESPACO USINE,SILVIA MACHETE
8448,Dogma,2025-05-19,2025,MANIFESTO BAR,DOGMA
8449,Luedji Luna,2025-05-19,2025,ESPACO USINE,LUEDJI LUNA
8450,Manuel Barrueco,2025-05-20,2025,TEATRO CULTURA ARTISTICA,MANUEL BARRUECO
8451,Blogueirinha,2025-05-20,2025,,BLOGUEIRINHA
8452,Danilo Caymmi,2025-05-21,2025,SESC 24 DE MAIO,DANILO CAYMMI
8453,Stone Temple Pilots,2025-05-22,2025,TERRA SP,STONE TEMPLE PILOTS
8454,Beherit,2025-05-22,2025,CARIOCA CLUB,BEHERIT
8455,Velvet Chains,2025-05-22,2025,TERRA SP,VELVET CHAINS
8456,Joe Lovano Quintet,2025-05-22,2025,AUDITORIO IBIRAPUERA,JOE LOVANO QUINTET
8457,Amaro Freitas,2025-05-22,2025,AUDITORIO IBIRAPUERA,AMARO FREITAS
8458,Raffa Torres,2025-05-22,2025,VIBRA SAO PAULO,RAFFA TORRES
8459,Arooj Aftab,2025-05-22,2025,AUDITORIO IBIRAPUERA,AROOJ AFTAB
8460,Cólera,2025-05-22,2025,TEATRO SESC 24 DE MAIO,COLERA
8461,Irmãs de Pau,2025-05-23,2025,ZIG STUDIO,IRMAS DE PAU
8462,Kassa Overall,2025-05-23,2025,AUDITORIO IBIRAPUERA,KASSA OVERALL
8463,Brian Blade Fellowship,2025-05-23,2025,AUDITORIO IBIRAPUERA,BRIAN BLADE FELLOWSHIP
8464,Meshell Ndegeocello,2025-05-23,2025,AUDITORIO IBIRAPUERA,MESHELL NDEGEOCELLO
8465,Eddie,2025-05-23,2025,MUNDO PENSANTE,EDDIE
8466,Decadas Infinitas,2025-05-23,2025,CAFUNDO,DECADAS INFINITAS
8467,Black Pantera,2025-05-24,2025,SESC BELENZINHO,BLACK PANTERA
8468,Buzzcocks,2025-05-24,2025,CARIOCA CLUB,BUZZCOCKS
8469,Tarja,2025-05-24,2025,TOKIO MARINE HALL,TARJA
8470,Michael Sullivan,2025-05-24,2025,CASA DE CULTURA MUNICIPAL FREGUESIA DO O,MICHAEL SULLIVAN
8471,Leoni,2025-05-24,2025,BLUE NOTE SAO PAULO,LEONI
8472,Kid Creole and the Coconuts,2025-05-24,2025,PRACA DA REPUBLICA,KID CREOLE AND THE COCONUTS
8473,Orchestra Baobab,2025-05-24,2025,VALE DO ANHANGABAU,ORCHESTRA BAOBAB
8474,Devotos,2025-05-24,2025,CASA DE CULTURA DO BUTANTA,DEVOTOS
8475,Karnak,2025-05-24,2025,CENTRO CULTURAL SAO PAULO,KARNAK
8476,Yellowman,2025-05-24,2025,RUA XV DE NOVEMBRO,YELLOWMAN
8477,Wanessa Camargo,2025-05-24,2025,LARGO DO AROUCHE,WANESSA CAMARGO
8478,Rhoda Scott,2025-05-24,2025,PRACA DA REPUBLICA,RHODA SCOTT
8479,Pato Fu,2025-05-24,2025,SESC POMPEIA,PATO FU
8480,Tribo de Jah,2025-05-24,2025,SESC POMPEIA,TRIBO DE JAH
8481,Renato Teixeira,2025-05-24,2025,SESC POMPEIA,RENATO TEIXEIRA
8482,Lexa,2025-05-24,2025,PRACA DE EVENTOS - VILA PRINCESA ISABEL,LEXA
8483,Otto,2025-05-24,2025,SESC PINHEIROS,OTTO
8484,Carola,2025-05-24,2025,PARQUE DO IBIRAPUERA,CAROLA
8485,FBC,2025-05-24,2025,SESC BOM RETIRO,FBC
8486,Benito di Paula,2025-05-24,2025,SESC 24 DE MAIO,BENITO DI PAULA
8487,DUDA BEAT,2025-05-24,2025,AV. PIRAJUSSARA,DUDA BEAT
8488,KAMIJO,2025-05-24,2025,HANGAR 110,KAMIJO
8489,Fat Family,2025-05-24,2025,SESC CARMO,FAT FAMILY
8490,Lovebirds,2025-05-24,2025,PARQUE DO IBIRAPUERA,LOVEBIRDS
8491,Silva,2025-05-24,2025,VALE DO ANHANGABAU,SILVA
8492,Mari Jasca,2025-05-24,2025,CENTRO CULTURAL SAO PAULO,MARI JASCA
8493,Tasha & Tracie,2025-05-24,2025,SESC VILA MARIANA,TASHA & TRACIE
8494,Bazuros,2025-05-24,2025,SESC BELENZINHO,BAZUROS
8496,Air,2025-05-24,2025,PARQUE DO IBIRAPUERA,AIR
8497,Leci Brandão,2025-05-24,2025,SESC 14 BIS,LECI BRANDAO
8498,Agnes Nunes,2025-05-24,2025,PARQUE DO IBIRAPUERA,AGNES NUNES
8499,Luedji Luna,2025-05-24,2025,SESC ITAQUERA,LUEDJI LUNA
8500,Jota.pê,2025-05-24,2025,AV. PIRAJUSSARA,JOTA.PE
8501,Juliana Linhares,2025-05-24,2025,LARGO DO AROUCHE,JULIANA LINHARES
8502,Madzilla,2025-05-24,2025,TOKIO MARINE HALL,MADZILLA
8503,Planta & Raiz,2025-05-24,2025,SESC INTERLAGOS,PLANTA & RAIZ
8504,DJ Hum,2025-05-24,2025,SESC SANTANA,DJ HUM
8505,Mariana Aydar,2025-05-24,2025,CENTRO CULTURAL TENDAL DA LAPA,MARIANA AYDAR
8506,Pretenders,2025-05-24,2025,PARQUE DO IBIRAPUERA,PRETENDERS
8507,Sidoka,2025-05-24,2025,CASA DE CULTURA HIP HOP LESTE,SIDOKA
8508,Elisa Gudin,2025-05-24,2025,THEATRO MUNICIPAL DE SAO PAULO,ELISA GUDIN
8509,Eduardo Gudin,2025-05-24,2025,THEATRO MUNICIPAL DE SAO PAULO,EDUARDO GUDIN
8510,Don L,2025-05-24,2025,RUA PROF. OSCAR BARRETO FILHO,DON L
8511,MC Pedrinho,2025-05-24,2025,RUA TERESINHA DO PRADO DE OLIVEIRA,MC PEDRINHO
8512,A. G. Cook,2025-05-24,2025,PARQUE DO IBIRAPUERA,A. G. COOK
8513,Beach Weather,2025-05-24,2025,PARQUE DO IBIRAPUERA,BEACH WEATHER
8514,Márcia,2025-05-24,2025,THEATRO MUNICIPAL DE SAO PAULO,MARCIA
8515,Luísa Sonza,2025-05-24,2025,"PRACA DOLLMAN, FREGUESIA DO O",LUISA SONZA
8516,Diogo Nogueira,2025-05-24,2025,AV. ANTONIO CARLOS BENJAMIN DOS SANTOS,DIOGO NOGUEIRA
8518,Rastapé,2025-05-24,2025,AV. ANTONIO CARLOS BENJAMIN DOS SANTOS,RASTAPE
8519,Claudio Nucci,2025-05-24,2025,THEATRO MUNICIPAL DE SAO PAULO,CLAUDIO NUCCI
8520,Eliana de Lima,2025-05-24,2025,CASA DE CULTURA GUAIANASES,ELIANA DE LIMA
8521,Stefano Mota,2025-05-24,2025,FOLK CAFES,STEFANO MOTA
8522,Stephen Sanchez,2025-05-24,2025,PARQUE DO IBIRAPUERA,STEPHEN SANCHEZ
8523,Kyan,2025-05-24,2025,RUA PROF. OSCAR BARRETO FILHO,KYAN
8524,Banda Uó,2025-05-24,2025,AV. PIRAJUSSARA,BANDA UO
8525,Rappin’ Hood,2025-05-24,2025,THEATRO MUNICIPAL DE SAO PAULO,RAPPIN' HOOD
8526,Tom Zé,2025-05-24,2025,CENTRO CULTURAL SAO PAULO,TOM ZE
8527,Toninho Geraes,2025-05-24,2025,CASA DE CULTURA MANOEL MENDONCA,TONINHO GERAES
8528,Perfume Genius,2025-05-24,2025,PARQUE DO IBIRAPUERA,PERFUME GENIUS
8529,Gossip,2025-05-24,2025,PARQUE DO IBIRAPUERA,GOSSIP
8530,Peter Cat Recording Co.,2025-05-24,2025,PARQUE DO IBIRAPUERA,PETER CAT RECORDING CO.
8531,James Boogaloo Bolden,2025-05-25,2025,PRACA DA REPUBLICA,JAMES BOOGALOO BOLDEN
8532,Anelis Assumpção,2025-05-25,2025,LARGO DO AROUCHE,ANELIS ASSUMPCAO
8533,Ira!,2025-05-25,2025,AV. LUIZ DUMONT VILLARES,IRA!
8534,Vanessa da Mata,2025-05-25,2025,"AV. LUIZ DUMONT VILLARES, 1400, PARADA INGLESA",VANESSA DA MATA
8535,Sound Dimension,2025-05-25,2025,PRACA DA REPUBLICA,SOUND DIMENSION
8536,The Soul Vendors,2025-05-25,2025,PRACA DA REPUBLICA,THE SOUL VENDORS
8537,Fred Wesley,2025-05-25,2025,PRACA DA REPUBLICA,FRED WESLEY
8538,Velvet Chains,2025-05-25,2025,MANIFESTO BAR,VELVET CHAINS
8539,Leci Brandão,2025-05-25,2025,SESC 14 BIS,LECI BRANDAO
8540,Moacyr Franco,2025-05-25,2025,CASA DE CULTURA MUNICIPAL FREGUESIA DO O,MOACYR FRANCO
8541,João Gomes,2025-05-25,2025,VALE DO ANHANGABAU,JOAO GOMES
8542,Ricardo Cruz,2025-05-25,2025,HOUSE OF LEGENDS,RICARDO CRUZ
8543,Paulo Miklos,2025-05-25,2025,SESC ITAQUERA,PAULO MIKLOS
8544,KL Jay,2025-05-25,2025,SESC BOM RETIRO,KL JAY
8545,Benito di Paula,2025-05-25,2025,SESC 24 DE MAIO,BENITO DI PAULA
8546,Luísa Sonza,2025-05-25,2025,PRACA DO CAMPO LIMPO,LUISA SONZA
8547,From House To Disco,2025-05-25,2025,PARQUE DO IBIRAPUERA,FROM HOUSE TO DISCO
8548,Juçara Marçal,2025-05-25,2025,VIRADA CULTURAL,JUCARA MARCAL
8549,Tasha & Tracie,2025-05-25,2025,SESC VILA MARIANA,TASHA & TRACIE
8550,DJ Marky,2025-05-25,2025,PARQUE DO IBIRAPUERA,DJ MARKY
8551,Otto,2025-05-25,2025,SESC PINHEIROS,OTTO
8552,Wanderléa,2025-05-25,2025,THEATRO MUNICIPAL DE SAO PAULO,WANDERLEA
8553,Duquesa,2025-05-25,2025,LARGO DO AROUCHE,DUQUESA
8554,Yellowman,2025-05-25,2025,CASA DE CULTURA DO BUTANTA,YELLOWMAN
8555,Counter Time,2025-05-25,2025,AV. PAULISTA,COUNTER TIME
8556,Pato Fu,2025-05-25,2025,SESC POMPEIA,PATO FU
8557,"Thalin, Cravinhos, VCR Slim, Pirlo & iloveyoulangelo",2025-05-25,2025,PARQUE DO IBIRAPUERA,"THALIN, CRAVINHOS, VCR SLIM, PIRLO & ILOVEYOULANGELO"
8558,Nile Rodgers & Chic,2025-05-25,2025,PARQUE DO IBIRAPUERA,NILE RODGERS & CHIC
8559,Fin del Mundo,2025-05-25,2025,CORETO ANTONIO PRADO,FIN DEL MUNDO
8560,Mato Seco,2025-05-25,2025,CASA DE CULTURA DO BUTANTA,MATO SECO
8561,Sepultura,2025-05-25,2025,AV. PIRAJUSSARA,SEPULTURA
8562,Liniker,2025-05-25,2025,VALE DO ANHANGABAU,LINIKER
8563,Sampa Crew,2025-05-25,2025,AV. ANTONIO CARLOS BENJAMIN DOS SANTOS,SAMPA CREW
8564,Mumuzinho,2025-05-25,2025,RUA TERESINHA DO PRADO DE OLIVEIRA,MUMUZINHO
8565,Seu Jorge,2025-05-25,2025,PARQUE DO IBIRAPUERA,SEU JORGE
8566,Brocasito,2025-05-25,2025,CASA DE CULTURA HIP HOP LESTE,BROCASITO
8567,Vitor Fernandes,2025-05-25,2025,AV. ANTONIO CARLOS BENJAMIN DOS SANTOS,VITOR FERNANDES
8568,English Teacher,2025-05-25,2025,PARQUE DO IBIRAPUERA,ENGLISH TEACHER
8569,SuperJazzClub,2025-05-25,2025,PARQUE DO IBIRAPUERA,SUPERJAZZCLUB
8570,Fresno,2025-05-25,2025,AV. PIRAJUSSARA,FRESNO
8571,Felipe e Rodrigo,2025-05-25,2025,AV. ANTONIO CARLOS BENJAMIN DOS SANTOS,FELIPE E RODRIGO
8572,Cynthia Luz,2025-05-25,2025,RUA TERESINHA DO PRADO DE OLIVEIRA,CYNTHIA LUZ
8573,The Last Dinner Party,2025-05-25,2025,PARQUE DO IBIRAPUERA,THE LAST DINNER PARTY
8574,Rappin’ Hood,2025-05-25,2025,CASA DE CULTURA CHICO SCIENCE,RAPPIN' HOOD
8575,Mundo Livre S/A,2025-05-25,2025,CASA DE CULTURA CHICO SCIENCE,MUNDO LIVRE S/A
8576,Dead Fish,2025-05-25,2025,AV. PIRAJUSSARA,DEAD FISH
8577,Zé Vaqueiro,2025-05-25,2025,PRACA BRASIL,ZE VAQUEIRO
8578,Latino,2025-05-25,2025,RUA TERESINHA DO PRADO DE OLIVEIRA,LATINO
8579,Mel Lisboa,2025-05-25,2025,PARQUE VILLA-LOBOS,MEL LISBOA
8580,Cat Burns,2025-05-25,2025,PARQUE DO IBIRAPUERA,CAT BURNS
8581,Orquestra Brasileira de Música Jamaicana,2025-05-25,2025,CASA DE CULTURA DO BUTANTA,ORQUESTRA BRASILEIRA DE MUSICA JAMAICANA
8582,Wilco,2025-05-25,2025,PARQUE DO IBIRAPUERA,WILCO
8583,Stick Figure,2025-05-25,2025,TERRA SP,STICK FIGURE
8584,Helio Flanders,2025-05-26,2025,CORINGA,HELIO FLANDERS
8585,João Gomes & Mestrinho & Jota.pê,2025-05-26,2025,CASA NATURA MUSICAL,JOAO GOMES & MESTRINHO & JOTA.PE
8586,Scalene,2025-05-26,2025,CORINGA,SCALENE
8587,Walmir Borges,2025-05-28,2025,SESC POMPEIA,WALMIR BORGES
8588,John Wayne,2025-05-29,2025,CITY LIGHTS MUSIC HALL,JOHN WAYNE
8589,Manoel Cordeiro,2025-05-29,2025,CASA ROCKAMBOLE,MANOEL CORDEIRO
8590,Evadne,2025-05-29,2025,RED STAR STUDIOS,EVADNE
8591,águas,2025-05-29,2025,PORTA,AGUAS
8592,Banana Gun,2025-05-29,2025,LA IGLESIA BORRATXERIA,BANANA GUN
8593,HellLight,2025-05-29,2025,RED STAR STUDIOS,HELLLIGHT
8594,Walmir Borges,2025-05-29,2025,SESC POMPEIA,WALMIR BORGES
8595,WIU,2025-05-29,2025,AUDIO,WIU
8596,Sessa,2025-05-29,2025,CASA DE FRANCISCA,SESSA
8597,Gabriel Ventura,2025-05-29,2025,SESC VILA MARIANA,GABRIEL VENTURA
8598,Into The Void,2025-05-29,2025,CITY LIGHTS MUSIC HALL,INTO THE VOID
8599,City Mall,2025-05-29,2025,CASA ROCKAMBOLE,CITY MALL
8600,CACO/CONCHA,2025-05-29,2025,CASA ROCKAMBOLE,CACO/CONCHA
8601,Jards Macalé & Kiko Dinucci,2025-05-29,2025,SESC POMPEIA,JARDS MACALE & KIKO DINUCCI
8602,Miss May I,2025-05-29,2025,CITY LIGHTS MUSIC HALL,MISS MAY I
8603,Maurício Pereira,2025-05-29,2025,BONA CASA DE MUSICA,MAURICIO PEREIRA
8604,Rancore,2025-05-29,2025,BAR ALTO,RANCORE
8605,Coral,2025-05-30,2025,CASA ROCKAMBOLE,CORAL
8606,Polako,2025-05-30,2025,TASTEIT RESTAURANTE,POLAKO
8607,Dark Witch,2025-05-30,2025,LA IGLESIA BORRATXERIA,DARK WITCH
8608,Joelma,2025-05-30,2025,CENTRO DE TRADICOES NORDESTINAS,JOELMA
8609,Counter Time,2025-05-30,2025,UNDER PUB,COUNTER TIME
8610,Hozier,2025-05-30,2025,ESPACO UNIMED,HOZIER
8611,As Mercenárias,2025-05-30,2025,PICLES CARDEAL,AS MERCENARIAS
8612,Angry,2025-05-30,2025,LA IGLESIA BORRATXERIA,ANGRY
8613,Paulão 7 Cordas,2025-05-30,2025,SESC POMPEIA,PAULAO 7 CORDAS
8614,Blades of Steel,2025-05-30,2025,LA IGLESIA BORRATXERIA,BLADES OF STEEL
8615,Supervão,2025-05-30,2025,CASA ALGOHITS,SUPERVAO
8616,Gigi Perez,2025-05-30,2025,ESPACO UNIMED,GIGI PEREZ
8617,The Lemon Twigs,2025-05-30,2025,CINE JOIA,THE LEMON TWIGS
8618,Eminence,2025-05-30,2025,SESC BELENZINHO,EMINENCE
8619,Tropical Nada,2025-05-30,2025,CASA ROCKAMBOLE,TROPICAL NADA
8620,PEDRO SAMPAIO,2025-05-30,2025,AUTODROMO DE INTERLAGOS,PEDRO SAMPAIO
8621,Carol Biazin,2025-05-30,2025,SESC SANTANA,CAROL BIAZIN
8622,Tim Bernardes,2025-05-30,2025,CINE JOIA,TIM BERNARDES
8623,Bia Ferreira,2025-05-30,2025,BONA CASA DE MUSICA,BIA FERREIRA
8624,Matuê,2025-05-30,2025,AUTODROMO DE INTERLAGOS,MATUE
8625,Jards Macalé & Kiko Dinucci,2025-05-30,2025,SESC POMPEIA,JARDS MACALE & KIKO DINUCCI
8626,Hermeto Pascoal,2025-05-30,2025,SESC PINHEIROS,HERMETO PASCOAL
8627,Josyara,2025-05-31,2025,SESC POMPEIA,JOSYARA
8628,Pense,2025-05-31,2025,HANGAR 110,PENSE
8629,Os Paralamas do Sucesso,2025-05-31,2025,ALLIANZ PARQUE,OS PARALAMAS DO SUCESSO
8630,Jadsa,2025-05-31,2025,PARQUE DO IBIRAPUERA,JADSA
8631,Chuva Negra,2025-05-31,2025,HANGAR 110,CHUVA NEGRA
8632,Exclusive Os Cabides,2025-05-31,2025,PARQUE DO IBIRAPUERA,EXCLUSIVE OS CABIDES
8633,Paulão 7 Cordas,2025-05-31,2025,SESC POMPEIA,PAULAO 7 CORDAS
8634,O Teatro Mágico,2025-05-31,2025,ESPACO UNIMED,O TEATRO MAGICO
8635,Arrigo Barnabé,2025-05-31,2025,CASA NATURA MUSICAL,ARRIGO BARNABE
8637,Móveis Coloniais de Acaju,2025-05-31,2025,ESPACO UNIMED,MOVEIS COLONIAIS DE ACAJU
8638,Obsoletion,2025-05-31,2025,FENDA 315,OBSOLETION
8639,Dente Canino,2025-05-31,2025,FENDA 315,DENTE CANINO
8640,Dado Villa‐Lobos,2025-05-31,2025,ALLIANZ PARQUE,DADO VILLA-LOBOS
8641,Terno Rei,2025-05-31,2025,PARQUE DO IBIRAPUERA,TERNO REI
8642,Turma do Pagode,2025-05-31,2025,VIBRA SAO PAULO,TURMA DO PAGODE
8643,Vera Fischer Era Clubber,2025-05-31,2025,PARQUE DO IBIRAPUERA,VERA FISCHER ERA CLUBBER
8644,Colina,2025-05-31,2025,HANGAR 110,COLINA
8645,Companhia do Calypso,2025-05-31,2025,CENTRO DE TRADICOES NORDESTINAS,COMPANHIA DO CALYPSO
8646,Supervão,2025-05-31,2025,PARQUE DO IBIRAPUERA,SUPERVAO
8647,Bebê Feio,2025-05-31,2025,FENDA 315,BEBE FEIO
8648,Yago Oproprio,2025-05-31,2025,PARQUE DO IBIRAPUERA,YAGO OPROPRIO
8649,Maria Beraldo,2025-05-31,2025,PARQUE DO IBIRAPUERA,MARIA BERALDO
8650,Carol Biazin,2025-05-31,2025,SESC SANTANA,CAROL BIAZIN
8651,St. Vincent,2025-05-31,2025,PARQUE DO IBIRAPUERA,ST. VINCENT
8652,Norah Jones,2025-05-31,2025,PARQUE DO IBIRAPUERA,NORAH JONES
8653,Tássia Reis,2025-05-31,2025,PARQUE DO IBIRAPUERA,TASSIA REIS
8654,Hermeto Pascoal,2025-05-31,2025,SESC PINHEIROS,HERMETO PASCOAL
8655,Kim Gordon,2025-05-31,2025,PARQUE DO IBIRAPUERA,KIM GORDON
8656,Laufey,2025-05-31,2025,PARQUE DO IBIRAPUERA,LAUFEY
8657,Stefanie,2025-05-31,2025,PARQUE DO IBIRAPUERA,STEFANIE
8658,Moor Mother,2025-05-31,2025,PARQUE DO IBIRAPUERA,MOOR MOTHER
8659,The Lemon Twigs,2025-05-31,2025,PARQUE DO IBIRAPUERA,THE LEMON TWIGS
8661,Josyara,2025-06-01,2025,SESC POMPEIA,JOSYARA
8662,Absu,2025-06-01,2025,BURNING HOUSE,ABSU
8664,Kim Gordon,2025-06-01,2025,CINE JOIA,KIM GORDON
8665,Carol Biazin,2025-06-01,2025,SESC SANTANA,CAROL BIAZIN
8666,Moor Mother,2025-06-01,2025,CINE JOIA,MOOR MOTHER
8667,Roots – Sepultura Tributo,2025-06-01,2025,JAI CLUB,ROOTS - SEPULTURA TRIBUTO
8668,Counter Time,2025-06-01,2025,JAI CLUB,COUNTER TIME
8669,Hermeto Pascoal,2025-06-01,2025,SESC PINHEIROS,HERMETO PASCOAL
8670,Daniel,2025-06-04,2025,PRIVATE VENUE,DANIEL
8671,Arto Lindsay,2025-06-05,2025,CITY LIGHTS MUSIC HALL,ARTO LINDSAY
8672,Fransia,2025-06-05,2025,MAMAE BAR,FRANSIA
8673,Chico César,2025-06-05,2025,SESC POMPEIA,CHICO CESAR
8674,Thiago Nassif,2025-06-05,2025,CITY LIGHTS MUSIC HALL,THIAGO NASSIF
8675,Rodrigo Teaser,2025-06-05,2025,TOKIO MARINE HALL,RODRIGO TEASER
8676,Nilze Carvalho,2025-06-05,2025,SESC POMPEIA,NILZE CARVALHO
8677,estéreo boutique,2025-06-05,2025,BAR ALTO,ESTEREO BOUTIQUE
8678,LX,2025-06-05,2025,CREMA CLUB,LX
8679,Atalhos,2025-06-05,2025,BAR ALTO,ATALHOS
8680,Silvia Machete,2025-06-06,2025,SESC 24 DE MAIO,SILVIA MACHETE
8681,Patati e Patatá,2025-06-06,2025,VALE DO ANHANGABAU,PATATI E PATATA
8682,Papangu,2025-06-06,2025,BURNING HOUSE,PAPANGU
8683,Nilze Carvalho,2025-06-06,2025,SESC POMPEIA,NILZE CARVALHO
8684,Ratos de Porão,2025-06-06,2025,SESC BELENZINHO,RATOS DE PORAO
8685,Jé Santiago,2025-06-06,2025,CREMA CLUB,JE SANTIAGO
8686,Bode Preto,2025-06-06,2025,LA IGLESIA BORRATXERIA,BODE PRETO
8687,Ivo Meirelles,2025-06-06,2025,BAR BRAHMA,IVO MEIRELLES
8688,Pat Thomas & Ebo Taylor,2025-06-06,2025,CASA NATURA MUSICAL,PAT THOMAS & EBO TAYLOR
8689,Tássia Reis,2025-06-06,2025,SESC VILA MARIANA,TASSIA REIS
8690,Arnaldo Antunes,2025-06-06,2025,SESC 14 BIS,ARNALDO ANTUNES
8691,ANAVITÓRIA,2025-06-06,2025,ESPACO UNIMED,ANAVITORIA
8692,Chico César,2025-06-06,2025,SESC POMPEIA,CHICO CESAR
8693,Sujera,2025-06-07,2025,BURNING HOUSE,SUJERA
8694,Ale Sater,2025-06-07,2025,PATIO METRO SAO BENTO,ALE SATER
8695,boasorte,2025-06-07,2025,AUDIO,BOASORTE
8696,Daniela Araújo,2025-06-07,2025,VALE DO ANHANGABAU,DANIELA ARAUJO
8697,Pixote,2025-06-07,2025,VALE DO ANHANGABAU,PIXOTE
8698,João Camarero,2025-06-07,2025,SESC POMPEIA,JOAO CAMARERO
8699,Andy Addams,2025-06-07,2025,TOKIO MARINE HALL,ANDY ADDAMS
8700,Vitor Kley,2025-06-07,2025,PARQUE DO IBIRAPUERA,VITOR KLEY
8701,Cachorro Grande,2025-06-07,2025,PARQUE DO IBIRAPUERA,CACHORRO GRANDE
8702,Los Sebosos Postizos,2025-06-07,2025,SESC PINHEIROS,LOS SEBOSOS POSTIZOS
8703,Bicho de Pé,2025-06-07,2025,VALE DO ANHANGABAU,BICHO DE PE
8704,Ratos de Porão,2025-06-07,2025,SESC BELENZINHO,RATOS DE PORAO
8705,Porno Massacre,2025-06-07,2025,CENTRAL PANELACO,PORNO MASSACRE
8706,Emery,2025-06-07,2025,AUDIO,EMERY
8707,Fresno,2025-06-07,2025,AUDIO,FRESNO
8708,Anberlin,2025-06-07,2025,AUDIO,ANBERLIN
8709,Dave Matthews Band,2025-06-07,2025,PARQUE DO IBIRAPUERA,DAVE MATTHEWS BAND
8710,Margarida Campelo,2025-06-07,2025,BAR ALTO,MARGARIDA CAMPELO
8711,Tonelada,2025-06-07,2025,BURNING HOUSE,TONELADA
8712,Uganga,2025-06-07,2025,BURNING HOUSE,UGANGA
8713,John Wayne,2025-06-07,2025,BURNING HOUSE,JOHN WAYNE
8714,Demophobia,2025-06-07,2025,LA IGLESIA BORRATXERIA,DEMOPHOBIA
8715,mae,2025-06-07,2025,AUDIO,MAE
8716,Infamous Glory,2025-06-07,2025,LA IGLESIA BORRATXERIA,INFAMOUS GLORY
8717,Hateen,2025-06-07,2025,AUDIO,HATEEN
8718,Restos de Nada,2025-06-07,2025,JAI CLUB,RESTOS DE NADA
8720,Counter Time,2025-06-07,2025,BATERA'S BEAT PINHEIROS,COUNTER TIME
8721,Kiko Loureiro,2025-06-07,2025,TOKIO MARINE HALL,KIKO LOUREIRO
8722,Arnaldo Antunes,2025-06-07,2025,SESC 14 BIS,ARNALDO ANTUNES
8723,Orthostat,2025-06-07,2025,LA IGLESIA BORRATXERIA,ORTHOSTAT
8724,Crucifixion,2025-06-07,2025,LA IGLESIA BORRATXERIA,CRUCIFIXION
8725,Chico César,2025-06-07,2025,SESC POMPEIA,CHICO CESAR
8726,Richard Ashcroft,2025-06-07,2025,PARQUE DO IBIRAPUERA,RICHARD ASHCROFT
8727,Irmãs de Pau,2025-06-07,2025,VIP STATION,IRMAS DE PAU
8728,Lixomania,2025-06-07,2025,JAI CLUB,LIXOMANIA
8729,Worst,2025-06-08,2025,PRACA DO MORCEGAO,WORST
8730,Mestrinho,2025-06-08,2025,PARQUE VILLA-LOBOS,MESTRINHO
8731,Dave Matthews Band,2025-06-08,2025,PARQUE DO IBIRAPUERA,DAVE MATTHEWS BAND
8732,Paula Lima,2025-06-08,2025,PARQUE DO IBIRAPUERA,PAULA LIMA
8733,Odeon,2025-06-08,2025,PRACA DO MORCEGAO,ODEON
8734,Piano Rock,2025-06-08,2025,VALE DO ANHANGABAU,PIANO ROCK
8735,Dead Fish,2025-06-08,2025,PRACA DO MORCEGAO,DEAD FISH
8736,Mawaca,2025-06-08,2025,BUNKYO,MAWACA
8737,Léo Maia,2025-06-08,2025,VALE DO ANHANGABAU,LEO MAIA
8738,Barão Vermelho,2025-06-08,2025,PARQUE DO IBIRAPUERA,BARAO VERMELHO
8739,João Camarero,2025-06-08,2025,SESC POMPEIA,JOAO CAMARERO
8740,CRUZADO,2025-06-08,2025,TARANTINO CERVEJARIA,CRUZADO
8741,Nando Reis,2025-06-08,2025,VALE DO ANHANGABAU,NANDO REIS
8742,Los Sebosos Postizos,2025-06-08,2025,SESC PINHEIROS,LOS SEBOSOS POSTIZOS
8743,Jeff Scott Soto,2025-06-08,2025,BOURBON STREET MUSIC CLUB,JEFF SCOTT SOTO
8745,Inês É Morta,2025-06-08,2025,TARANTINO CERVEJARIA,INES E MORTA
8746,mae,2025-06-08,2025,AUDIO,MAE
8747,Emery,2025-06-08,2025,AUDIO,EMERY
8748,Hateen,2025-06-08,2025,AUDIO,HATEEN
8749,Arnaldo Antunes,2025-06-08,2025,SESC 14 BIS,ARNALDO ANTUNES
8750,Fresno,2025-06-08,2025,AUDIO,FRESNO
8751,Morro Fuji,2025-06-08,2025,AUDIO,MORRO FUJI
8752,Anberlin,2025-06-08,2025,AUDIO,ANBERLIN
8753,Richard Ashcroft,2025-06-08,2025,PARQUE DO IBIRAPUERA,RICHARD ASHCROFT
8754,Picanha de Chernobill,2025-06-08,2025,AVENIDA PAULISTA,PICANHA DE CHERNOBILL
8755,Laylah Arruda,2025-06-08,2025,TARANTINO CERVEJARIA,LAYLAH ARRUDA
8756,Escombro,2025-06-10,2025,JAI CLUB,ESCOMBRO
8757,One True Reason,2025-06-10,2025,JAI CLUB,ONE TRUE REASON
8758,Jeff Scott Soto,2025-06-10,2025,MANIFESTO BAR,JEFF SCOTT SOTO
8759,Militia,2025-06-10,2025,JAI CLUB,MILITIA
8760,Jeff Scott Soto,2025-06-11,2025,MALTA ROCK BAR,JEFF SCOTT SOTO
8761,Maurício Manieri,2025-06-11,2025,VIBRA SAO PAULO,MAURICIO MANIERI
8762,Jennifer Souza,2025-06-11,2025,PORTA,JENNIFER SOUZA
8763,Clap Your Hands Say Yeah,2025-06-12,2025,CINE JOIA,CLAP YOUR HANDS SAY YEAH
8764,Bruna Mendez,2025-06-12,2025,SESC VILA MARIANA,BRUNA MENDEZ
8765,Paira,2025-06-12,2025,CINE JOIA,PAIRA
8766,Santíssima Trindade,2025-06-12,2025,MANIFESTO BAR,SANTISSIMA TRINDADE
8767,Radio Show,2025-06-12,2025,MANIFESTO BAR,RADIO SHOW
8768,Trachoma,2025-06-13,2025,RED STAR STUDIOS,TRACHOMA
8769,Sugar Kane,2025-06-13,2025,LA IGLESIA BORRATXERIA,SUGAR KANE
8770,Podridão,2025-06-13,2025,RED STAR STUDIOS,PODRIDAO
8771,Agrotóxico,2025-06-13,2025,RED STAR STUDIOS,AGROTOXICO
8772,Oficina G3,2025-06-13,2025,CARIOCA CLUB,OFICINA G3
8773,Wasted Kidds,2025-06-13,2025,LA IGLESIA BORRATXERIA,WASTED KIDDS
8774,ROT,2025-06-13,2025,RED STAR STUDIOS,ROT
8775,Skinner Project,2025-06-13,2025,CASA LAB,SKINNER PROJECT
8776,Gloria Groove,2025-06-13,2025,ESPACO UNIMED,GLORIA GROOVE
8777,OdioSocial,2025-06-13,2025,RED STAR STUDIOS,ODIOSOCIAL
8779,swave,2025-06-13,2025,LA IGLESIA BORRATXERIA,SWAVE
8780,Paulo Ricardo,2025-06-13,2025,TEATRO BRADESCO,PAULO RICARDO
8781,Maré Tardia,2025-06-13,2025,PORTA,MARE TARDIA
8782,Counter Time,2025-06-13,2025,UNDER PUB,COUNTER TIME
8783,Nando Reis,2025-06-13,2025,VIBRA SAO PAULO,NANDO REIS
8784,Hurtmold,2025-06-13,2025,CASA DE FRANCISCA,HURTMOLD
8785,Black Days,2025-06-13,2025,CASA ALGOHITS,BLACK DAYS
8786,Marcos & Belutti,2025-06-14,2025,SUHAI MUSIC HALL,MARCOS & BELUTTI
8787,Trypophöbia,2025-06-14,2025,VEGANAASSOO,TRYPOPHOBIA
8788,Innabrain,2025-06-14,2025,DONA XIKA,INNABRAIN
8789,Marcão Britto & Thiago Castanho Charlie Brown Jr.,2025-06-14,2025,PARQUE DO IBIRAPUERA,MARCAO BRITTO & THIAGO CASTANHO CHARLIE BROWN JR.
8790,Tim “Ripper” Owens,2025-06-14,2025,GALERIA OLIDO,"TIM ""RIPPER"" OWENS"
8791,Sixpence None the Richer,2025-06-14,2025,CARIOCA CLUB,SIXPENCE NONE THE RICHER
8792,Black Tie,2025-06-14,2025,GALERIA OLIDO,BLACK TIE
8793,BAEKHYUN,2025-06-14,2025,VIBRA SAO PAULO,BAEKHYUN
8794,Madgator,2025-06-14,2025,GALERIA OLIDO,MADGATOR
8795,Gloria,2025-06-14,2025,HANGAR 110,GLORIA
8796,Black Pantera,2025-06-14,2025,PARQUE DO IBIRAPUERA,BLACK PANTERA
8798,Children of the Beast,2025-06-14,2025,BUDEGAALOKKA,CHILDREN OF THE BEAST
8799,Just Heroes,2025-06-14,2025,GALERIA OLIDO,JUST HEROES
8800,Larissa Liveir,2025-06-14,2025,PARQUE DO IBIRAPUERA,LARISSA LIVEIR
8801,Alice Cooper,2025-06-14,2025,PARQUE DO IBIRAPUERA,ALICE COOPER
8802,Children of the Beast,2025-06-14,2025,GALERIA DO ROCK,CHILDREN OF THE BEAST
8803,Antroforce,2025-06-14,2025,GALERIA OLIDO,ANTROFORCE
8804,Bebê Feio,2025-06-14,2025,PORAO DA CERVEJA,BEBE FEIO
8805,Matu Miranda & Giuliano Eriston,2025-06-14,2025,ODETTE,MATU MIRANDA & GIULIANO ERISTON
8806,Immolation,2025-06-15,2025,HANGAR 110,IMMOLATION
8807,Hurricanes,2025-06-15,2025,PARQUE DO IBIRAPUERA,HURRICANES
8808,Judith Hill,2025-06-15,2025,PARQUE DO IBIRAPUERA,JUDITH HILL
8809,NervoChaos,2025-06-15,2025,HANGAR 110,NERVOCHAOS
8810,BAEKHYUN,2025-06-15,2025,VIBRA SAO PAULO,BAEKHYUN
8811,Halleck,2025-06-15,2025,JAI CLUB,HALLECK
8812,Deep Purple,2025-06-15,2025,PARQUE DO IBIRAPUERA,DEEP PURPLE
8813,Rethink,2025-06-15,2025,ROCK TOGETHER STUDIO,RETHINK
8815,Salma e Mac,2025-06-16,2025,CORINGA,SALMA E MAC
8816,Bruna Mendez,2025-06-16,2025,CORINGA,BRUNA MENDEZ
8817,RoB Love,2025-06-16,2025,CORINGA,ROB LOVE
8818,Bratislava,2025-06-16,2025,CORINGA,BRATISLAVA
8819,Ocultum,2025-06-18,2025,LA IGLESIA BORRATXERIA,OCULTUM
8820,Weedevil,2025-06-18,2025,LA IGLESIA BORRATXERIA,WEEDEVIL
8821,The Manhattans,2025-06-18,2025,ESPACO UNIMED,THE MANHATTANS
8822,Irmãs de Pau,2025-06-18,2025,SONORA GARDEN,IRMAS DE PAU
8823,Lucyfuzz,2025-06-18,2025,LA IGLESIA BORRATXERIA,LUCYFUZZ
8824,Marina Sena,2025-06-18,2025,SONORA GARDEN,MARINA SENA
8825,No Violence,2025-06-18,2025,CINEMATECA BRASILEIRA,NO VIOLENCE
8826,Ivete Sangalo,2025-06-18,2025,SONORA GARDEN,IVETE SANGALO
8827,Erasy,2025-06-18,2025,LA IGLESIA BORRATXERIA,ERASY
8828,Claudia Leitte,2025-06-18,2025,SONORA GARDEN,CLAUDIA LEITTE
8829,Throw Me to the Wolves,2025-06-19,2025,BURNING HOUSE,THROW ME TO THE WOLVES
8830,CACO/CONCHA,2025-06-19,2025,CASA LAB,CACO/CONCHA
8831,Duo Assad,2025-06-19,2025,TEATRO CULTURA ARTISTICA,DUO ASSAD
8832,Abraskadabra,2025-06-19,2025,BAR ALTO,ABRASKADABRA
8833,Falamansa,2025-06-19,2025,CENTRO ESPORTIVO E DE LAZER TIETE,FALAMANSA
8834,Marcos & Belutti,2025-06-19,2025,CENTRO ESPORTIVO E DE LAZER TIETE,MARCOS & BELUTTI
8835,Possessed,2025-06-19,2025,BURNING HOUSE,POSSESSED
8836,Belo,2025-06-19,2025,CENTRO ESPORTIVO E DE LAZER TIETE,BELO
8837,Violins,2025-06-20,2025,CINE JOIA,VIOLINS
8838,Letrux,2025-06-20,2025,SESC POMPEIA,LETRUX
8839,Black Drawing Chalks,2025-06-20,2025,CINE JOIA,BLACK DRAWING CHALKS
8840,Test,2025-06-20,2025,FFFRONT,TEST
8841,Maré Tardia,2025-06-20,2025,LA IGLESIA BORRATXERIA,MARE TARDIA
8842,Treva,2025-06-20,2025,LA IGLESIA BORRATXERIA,TREVA
8843,Hellbenders,2025-06-20,2025,CINE JOIA,HELLBENDERS
8844,Black Mantra,2025-06-20,2025,SESC BELENZINHO,BLACK MANTRA
8845,Rodrigo Teaser,2025-06-20,2025,TOKIO MARINE HALL,RODRIGO TEASER
8846,MQN,2025-06-20,2025,CINE JOIA,MQN
8847,Karol Conká,2025-06-21,2025,VALE DO ANHANGABAU,KAROL CONKA
8848,Agrotóxico,2025-06-21,2025,HANGAR 110,AGROTOXICO
8849,Comeback Kid,2025-06-21,2025,HANGAR 110,COMEBACK KID
8850,Rubel,2025-06-21,2025,SESC VILA MARIANA,RUBEL
8851,Juçara Marçal,2025-06-21,2025,SESC 14 BIS,JUCARA MARCAL
8852,Boom Boom Kid,2025-06-21,2025,CENTRO CULTURAL TENDAL DA LAPA,BOOM BOOM KID
8853,Casuarina,2025-06-21,2025,MOVIMENTO CULTURAL RECREATIVO DOIS-DOIS,CASUARINA
8854,Michel Teló,2025-06-21,2025,CENTRO ESPORTIVO E DE LAZER TIETE,MICHEL TELO
8855,Jenni Sex,2025-06-21,2025,LA IGLESIA BORRATXERIA,JENNI SEX
8856,Never Look Back,2025-06-21,2025,HANGAR 110,NEVER LOOK BACK
8857,Ney Matogrosso,2025-06-21,2025,VALE DO ANHANGABAU,NEY MATOGROSSO
8858,Urias,2025-06-21,2025,VALE DO ANHANGABAU,URIAS
8859,Mahmundi,2025-06-21,2025,CENTRO CULTURAL BANCO DO BRASIL,MAHMUNDI
8860,Rodrigo Teaser,2025-06-21,2025,TOKIO MARINE HALL,RODRIGO TEASER
8861,Kryour,2025-06-21,2025,JAI CLUB,KRYOUR
8862,Torture Squad,2025-06-21,2025,RED STAR STUDIOS,TORTURE SQUAD
8863,LUDMILLA,2025-06-21,2025,VALE DO ANHANGABAU,LUDMILLA
8864,The Casualties,2025-06-21,2025,HANGAR 110,THE CASUALTIES
8865,Muzak,2025-06-21,2025,LA IGLESIA BORRATXERIA,MUZAK
8866,Jair Naves,2025-06-21,2025,GARAGEM BELEZA,JAIR NAVES
8867,Camerata Fukuda,2025-06-22,2025,TEATRO CULTURA ARTISTICA,CAMERATA FUKUDA
8868,Rubel,2025-06-22,2025,SESC VILA MARIANA,RUBEL
8869,Chuva Negra,2025-06-22,2025,TARANTINO CERVEJARIA,CHUVA NEGRA
8870,Laboratori,2025-06-22,2025,TARANTINO CERVEJARIA,LABORATORI
8871,Bazuros,2025-06-22,2025,CARIOCA CLUB,BAZUROS
8872,El Majadero,2025-06-22,2025,CARIOCA CLUB,EL MAJADERO
8873,Juçara Marçal,2025-06-22,2025,SESC 14 BIS,JUCARA MARCAL
8874,Aclive,2025-06-22,2025,TARANTINO CERVEJARIA,ACLIVE
8875,Statues On Fire,2025-06-22,2025,TARANTINO CERVEJARIA,STATUES ON FIRE
8876,LUDMILLA,2025-06-22,2025,AVENIDA PAULISTA,LUDMILLA
8877,Counter Time,2025-06-22,2025,ROCK WHEELS KUSTOM BAR,COUNTER TIME
8878,Sangue de Bode,2025-06-22,2025,TARANTINO CERVEJARIA,SANGUE DE BODE
8879,MC Taya,2025-06-22,2025,TARANTINO CERVEJARIA,MC TAYA
8880,Chico Trujillo,2025-06-22,2025,CARIOCA CLUB,CHICO TRUJILLO
8881,Molho Negro,2025-06-22,2025,TARANTINO CERVEJARIA,MOLHO NEGRO
8882,DJ Marky,2025-06-23,2025,CENTRO CULTURAL TENDAL DA LAPA,DJ MARKY
8883,Tiê,2025-06-23,2025,UNIAO FRATERNA,TIE
8884,Letrux,2025-06-23,2025,UNIAO FRATERNA,LETRUX
8885,Tom Zé,2025-06-24,2025,INSTITUTO DE ESTUDOS BRASILEIROS,TOM ZE
8886,Mahmundi,2025-06-24,2025,BONA CASA DE MUSICA,MAHMUNDI
8887,Zimbra,2025-06-24,2025,TEATRO ALFREDO MESQUITA,ZIMBRA
8888,Terno Rei,2025-06-25,2025,ALPHA FM,TERNO REI
8889,Os Paralamas do Sucesso,2025-06-25,2025,AUDITORIO CELSO FURTADO,OS PARALAMAS DO SUCESSO
8890,Terno Rei,2025-06-25,2025,ESTUDIO 89 RADIO ROCK,TERNO REI
8891,Gastação Infinita,2025-06-26,2025,PICLES CARDEAL,GASTACAO INFINITA
8892,"Thalin, Cravinhos, VCR Slim, Pirlo & iloveyoulangelo",2025-06-26,2025,MUNDO PENSANTE,"THALIN, CRAVINHOS, VCR SLIM, PIRLO & ILOVEYOULANGELO"
8893,Cidade Dormitório,2025-06-26,2025,PICLES CARDEAL,CIDADE DORMITORIO
8894,Terno Rei,2025-06-26,2025,CULTURA LIVRE,TERNO REI
8895,Rodrigo Teaser,2025-06-27,2025,CLUBE DO MINHOCA,RODRIGO TEASER
8896,Children of the Beast,2025-06-27,2025,MORRISON ROCK BAR,CHILDREN OF THE BEAST
8897,Jaloo,2025-06-27,2025,AUDIO,JALOO
8898,Os Amantes,2025-06-27,2025,AUDIO,OS AMANTES
8899,Do Culto ao Coma,2025-06-27,2025,LA IGLESIA BORRATXERIA,DO CULTO AO COMA
8900,Veludo Oculto,2025-06-27,2025,SHUFFLE BAR,VELUDO OCULTO
8901,Biquini,2025-06-27,2025,TOKIO MARINE HALL,BIQUINI
8902,Daniel,2025-06-27,2025,ESPORTE CLUBE PINHEIROS,DANIEL
8903,Counter Time,2025-06-27,2025,UNDER PUB,COUNTER TIME
8904,Bruna Lucchesi,2025-06-27,2025,CINE JOIA,BRUNA LUCCHESI
8905,Aléxia,2025-06-27,2025,LA IGLESIA BORRATXERIA,ALEXIA
8906,Vanguart,2025-06-27,2025,CINE JOIA,VANGUART
8907,Sessa,2025-06-27,2025,ODETTE,SESSA
8908,Ave Sangria,2025-06-27,2025,SESC POMPEIA,AVE SANGRIA
8909,Alok,2025-06-28,2025,MERCADO LIVRE ARENA PACAEMBU,ALOK
8910,Terno Rei,2025-06-28,2025,TOKIO MARINE HALL,TERNO REI
8911,Só Pra Contrariar,2025-06-28,2025,PARQUE DO IBIRAPUERA,SO PRA CONTRARIAR
8912,Sophia Chablau,2025-06-28,2025,CASA MARX,SOPHIA CHABLAU
8913,Pretinho da Serrinha,2025-06-28,2025,PARQUE DO IBIRAPUERA,PRETINHO DA SERRINHA
8914,Taberna folk,2025-06-28,2025,BURNING HOUSE,TABERNA FOLK
8915,Catto,2025-06-28,2025,CENTRO CULTURAL BANCO DO BRASIL,CATTO
8916,Bonde do Tigrão,2025-06-28,2025,PARQUE DO IBIRAPUERA,BONDE DO TIGRAO
8917,Seu Jorge,2025-06-28,2025,PARQUE DO IBIRAPUERA,SEU JORGE
8918,Criolo,2025-06-28,2025,PARQUE DO IBIRAPUERA,CRIOLO
8919,Spok Frevo Orquestra & Lenine,2025-06-28,2025,PARQUE DO IBIRAPUERA,SPOK FREVO ORQUESTRA & LENINE
8920,Throw Me to the Wolves,2025-06-28,2025,BURNING HOUSE,THROW ME TO THE WOLVES
8921,Ed Motta,2025-06-28,2025,TEATRO BRADESCO,ED MOTTA
8922,Ave Sangria,2025-06-28,2025,SESC POMPEIA,AVE SANGRIA
8923,Matuê,2025-06-28,2025,MERCADO LIVRE ARENA PACAEMBU,MATUE
8924,terraplana,2025-06-28,2025,TOKIO MARINE HALL,TERRAPLANA
8925,Trepanado,2025-06-28,2025,PARQUE DO IBIRAPUERA,TREPANADO
8926,Bhaskar,2025-06-28,2025,MERCADO LIVRE ARENA PACAEMBU,BHASKAR
8927,Leci Brandão,2025-06-28,2025,PARQUE DO IBIRAPUERA,LECI BRANDAO
8928,A Lenda dos Garotos Perdidos,2025-06-28,2025,BURNING HOUSE,A LENDA DOS GAROTOS PERDIDOS
8929,Personas,2025-06-28,2025,CASA LAB,PERSONAS
8930,Nando Reis,2025-06-28,2025,SUHAI MUSIC HALL,NANDO REIS
8931,The Beast Experience,2025-06-28,2025,MANIFESTO BAR,THE BEAST EXPERIENCE
8932,o Bardo e o Banjo,2025-06-28,2025,BURNING HOUSE,O BARDO E O BANJO
8933,Jovens Ateus,2025-06-28,2025,FABRICA ESCALADA,JOVENS ATEUS
8934,Raça Negra,2025-06-29,2025,PARQUE DO IBIRAPUERA,RACA NEGRA
8935,Samuel Rosa,2025-06-29,2025,PARQUE DO IBIRAPUERA,SAMUEL ROSA
8936,Gloria Groove,2025-06-29,2025,PARQUE DO IBIRAPUERA,GLORIA GROOVE
8937,Millos Kaiser,2025-06-29,2025,PARQUE DO IBIRAPUERA,MILLOS KAISER
8938,A.K.A. Linda Green,2025-06-29,2025,PARQUE DO IBIRAPUERA,A.K.A. LINDA GREEN
8939,Saulo Fernandes,2025-06-29,2025,PARQUE DO IBIRAPUERA,SAULO FERNANDES
8940,Chameleo,2025-06-29,2025,CENTRO CULTURAL SAO PAULO,CHAMELEO
8941,Luiz Caldas,2025-06-29,2025,PARQUE DO IBIRAPUERA,LUIZ CALDAS
8942,Gabriel o Pensador,2025-06-29,2025,PARQUE DO IBIRAPUERA,GABRIEL O PENSADOR
8943,Getúlio Abelha,2025-06-29,2025,ITAU CULTURAL,GETULIO ABELHA
8944,Gustavo Bertoni,2025-06-30,2025,CORINGA,GUSTAVO BERTONI
8945,Sessa,2025-06-30,2025,CORINGA,SESSA
8946,DJ Zegon,2025-06-30,2025,FATIADO DISCOS E CERVEJAS ESPECIAIS,DJ ZEGON
8947,Natália Matos,2025-06-30,2025,CORINGA,NATALIA MATOS
8948,Mahmundi,2025-07-01,2025,BONA CASA DE MUSICA,MAHMUNDI
8949,Banana Gun,2025-07-03,2025,LA IGLESIA BORRATXERIA,BANANA GUN
8950,YUYU20,2025-07-03,2025,DISTRITO ANHEMBI,YUYU20
8951,Kiko Dinucci,2025-07-03,2025,CASA DE FRANCISCA,KIKO DINUCCI
8952,Big Ocean,2025-07-03,2025,DISTRITO ANHEMBI,BIG OCEAN
8953,Hyldon,2025-07-04,2025,SESC BOM RETIRO,HYLDON
8954,O Último Banco Do Bar,2025-07-04,2025,LA IGLESIA BORRATXERIA,O ULTIMO BANCO DO BAR
8955,POCAH,2025-07-04,2025,AUDIO,POCAH
8956,Wenny,2025-07-04,2025,AUDIO,WENNY
8957,Cigar Box Band,2025-07-04,2025,LA IGLESIA BORRATXERIA,CIGAR BOX BAND
8958,Getúlio Abelha,2025-07-04,2025,CITY LIGHTS MUSIC HALL,GETULIO ABELHA
8959,Thiago Pantaleão,2025-07-04,2025,AUDIO,THIAGO PANTALEAO
8960,AKINO with bless4,2025-07-04,2025,DISTRITO ANHEMBI,AKINO WITH BLESS4
8961,ASH DA HERO,2025-07-04,2025,DISTRITO ANHEMBI,ASH DA HERO
8962,Yago Oproprio,2025-07-04,2025,SESC POMPEIA,YAGO OPROPRIO
8963,Carne Doce,2025-07-04,2025,SESC SANTANA,CARNE DOCE
8964,Murrugas,2025-07-04,2025,LA IGLESIA BORRATXERIA,MURRUGAS
8965,Tulipa Ruiz,2025-07-05,2025,CASA DE FRANCISCA,TULIPA RUIZ
8966,SCANDAL,2025-07-05,2025,DISTRITO ANHEMBI,SCANDAL
8967,Innabrain,2025-07-05,2025,PRACAS DA CULTURA,INNABRAIN
8968,Rico Dalasam,2025-07-05,2025,CASA NATURA MUSICAL,RICO DALASAM
8969,Jair Naves,2025-07-05,2025,LA IGLESIA BORRATXERIA,JAIR NAVES
8970,águas,2025-07-05,2025,CASA ELEFANTE,AGUAS
8971,Jonnata Doll,2025-07-05,2025,LA IGLESIA BORRATXERIA,JONNATA DOLL
8972,Albertinho dos Reys,2025-07-05,2025,LA IGLESIA BORRATXERIA,ALBERTINHO DOS REYS
8973,Sistah Chilli,2025-07-05,2025,CENTRO CULTURAL BUTANTA,SISTAH CHILLI
8974,Hyldon,2025-07-05,2025,SESC BOM RETIRO,HYLDON
8975,Do As Infinity,2025-07-05,2025,DISTRITO ANHEMBI,DO AS INFINITY
8976,Eduardo Falaschi,2025-07-05,2025,TOKIO MARINE HALL,EDUARDO FALASCHI
8977,Catto,2025-07-05,2025,SESC POMPEIA,CATTO
8978,Noturnall,2025-07-05,2025,TOKIO MARINE HALL,NOTURNALL
8979,Henrique & Juliano,2025-07-05,2025,ALLIANZ PARQUE,HENRIQUE & JULIANO
8980,Carne Doce,2025-07-05,2025,SESC SANTANA,CARNE DOCE
8981,Tuyo,2025-07-05,2025,CINE JOIA,TUYO
8982,seven oops,2025-07-05,2025,DISTRITO ANHEMBI,SEVEN OOPS
8983,Roy Khan,2025-07-05,2025,TOKIO MARINE HALL,ROY KHAN
8984,Banda Eva,2025-07-05,2025,SUHAI MUSIC HALL,BANDA EVA
8985,Faun,2025-07-05,2025,CARIOCA CLUB,FAUN
8986,Auro Control,2025-07-05,2025,TOKIO MARINE HALL,AURO CONTROL
8987,Bazuros,2025-07-05,2025,CENTRO CULTURAL BUTANTA,BAZUROS
8988,MindaRyn,2025-07-06,2025,DISTRITO ANHEMBI,MINDARYN
8989,Graça Cunha,2025-07-06,2025,DISTRITO ANHEMBI,GRACA CUNHA
8990,Larissa Tassi,2025-07-06,2025,DISTRITO ANHEMBI,LARISSA TASSI
8991,Catto,2025-07-06,2025,SESC POMPEIA,CATTO
8992,Carne Doce,2025-07-06,2025,SESC SANTANA,CARNE DOCE
8993,Sistah Mari,2025-07-06,2025,CARIOCA CLUB,SISTAH MARI
8994,Sistah Chilli,2025-07-06,2025,CARIOCA CLUB,SISTAH CHILLI
8995,Don Carlos,2025-07-06,2025,CARIOCA CLUB,DON CARLOS
8996,Leões de Israel,2025-07-06,2025,CARIOCA CLUB,LEOES DE ISRAEL
8997,Jeff Satur,2025-07-06,2025,TERRA SP,JEFF SATUR
8998,Yumi Matsuzawa,2025-07-06,2025,DISTRITO ANHEMBI,YUMI MATSUZAWA
8999,Sujera,2025-07-06,2025,PRACA DO MORCEGAO,SUJERA
9000,Ricardo Cruz,2025-07-06,2025,DISTRITO ANHEMBI,RICARDO CRUZ
9001,Danilo Cutrim,2025-07-06,2025,CASA ROCKAMBOLE,DANILO CUTRIM
9002,NIGHTMARE,2025-07-06,2025,DISTRITO ANHEMBI,NIGHTMARE
9003,FLOW,2025-07-06,2025,DISTRITO ANHEMBI,FLOW
9004,Rancore,2025-07-06,2025,PRACA DO MORCEGAO,RANCORE
9005,Hiroshi Kitadani,2025-07-06,2025,DISTRITO ANHEMBI,HIROSHI KITADANI
9006,Innabrain,2025-07-06,2025,PRACAS DA CULTURA,INNABRAIN
9007,Digão,2025-07-06,2025,PRACA DO MORCEGAO,DIGAO
9008,STEREO DIVE FOUNDATION,2025-07-06,2025,DISTRITO ANHEMBI,STEREO DIVE FOUNDATION
9009,Inocentes,2025-07-07,2025,CASA DE CULTURA ITAIM PAULISTA,INOCENTES
9010,KARTAS,2025-07-07,2025,CENTRO DA TERRA,KARTAS
9011,Supercombo,2025-07-07,2025,ESTACAO SE,SUPERCOMBO
9012,Punho de Mahin,2025-07-07,2025,CASA DE CULTURA ITAIM PAULISTA,PUNHO DE MAHIN
9013,James Blunt,2025-07-08,2025,TERRA SP,JAMES BLUNT
9014,Cólera,2025-07-08,2025,CENTRO CULTURAL DA JUVENTUDE RUTH CARDOSO,COLERA
9015,Lixomania,2025-07-08,2025,CENTRO CULTURAL DA JUVENTUDE RUTH CARDOSO,LIXOMANIA
9016,Dubdogz,2025-07-09,2025,PARQUE BURLE MARX,DUBDOGZ
9017,Statues On Fire,2025-07-09,2025,CASA DE CULTURA DO BUTANTA,STATUES ON FIRE
9018,Sophia Chablau e Uma Enorme Perda de Tempo,2025-07-09,2025,PICLES CARDEAL,SOPHIA CHABLAU E UMA ENORME PERDA DE TEMPO
9019,The Mönic,2025-07-09,2025,CASA DE CULTURA DO BUTANTA,THE MONIC
9020,365,2025-07-09,2025,CASA DE CULTURA DO BUTANTA,365
9021,Gritando HC,2025-07-10,2025,CASA DE CULTURA DO M'BOI MIRIM,GRITANDO HC
9022,Walfredo em Busca da Simbiose,2025-07-10,2025,CASA NATURA MUSICAL,WALFREDO EM BUSCA DA SIMBIOSE
9023,Daparte,2025-07-10,2025,CASA NATURA MUSICAL,DAPARTE
9024,As Mercenárias,2025-07-10,2025,TEATRO SESC 24 DE MAIO,AS MERCENARIAS
9025,CACO/CONCHA,2025-07-10,2025,PORTA,CACO/CONCHA
9026,Curumin,2025-07-11,2025,CASA DE FRANCISCA,CURUMIN
9027,Sophia Chablau e Uma Enorme Perda de Tempo,2025-07-11,2025,PRACA DO PATRIARCA,SOPHIA CHABLAU E UMA ENORME PERDA DE TEMPO
9028,Capote,2025-07-11,2025,FENDA 315,CAPOTE
9029,Terno Rei,2025-07-11,2025,PRACA DO PATRIARCA,TERNO REI
9030,Garotos Podres,2025-07-11,2025,SESC CAMPO LIMPO,GAROTOS PODRES
9031,Sem Cultura,2025-07-11,2025,LA IGLESIA BORRATXERIA,SEM CULTURA
9032,Dead Fish,2025-07-11,2025,CINE JOIA,DEAD FISH
9033,Dorsal Atlântica,2025-07-11,2025,SESC 24 DE MAIO,DORSAL ATLANTICA
9034,Greve,2025-07-11,2025,LA IGLESIA BORRATXERIA,GREVE
9035,Cemitério,2025-07-11,2025,LA IGLESIA BORRATXERIA,CEMITERIO
9036,Roots – Sepultura Tributo,2025-07-11,2025,CAFUNDO,ROOTS - SEPULTURA TRIBUTO
9037,Decadas Infinitas,2025-07-11,2025,A PORTA MALDITA,DECADAS INFINITAS
9038,Odeon,2025-07-11,2025,CARIOCA CLUB,ODEON
9039,Penpen,2025-07-11,2025,LA IGLESIA BORRATXERIA,PENPEN
9040,5 a Seco,2025-07-11,2025,ESPACO UNIMED,5 A SECO
9041,Duquesa,2025-07-11,2025,SESC BOM RETIRO,DUQUESA
9042,Ventania,2025-07-11,2025,ARENA GALERIA,VENTANIA
9043,Eterna Inocencia,2025-07-11,2025,CINE JOIA,ETERNA INOCENCIA
9044,Basttardz,2025-07-11,2025,LA IGLESIA BORRATXERIA,BASTTARDZ
9045,O Grilo,2025-07-11,2025,PRACA DO PATRIARCA,O GRILO
9046,Paura,2025-07-12,2025,ESTUDIO PAPRICA,PAURA
9047,Santo Graal,2025-07-12,2025,LA IGLESIA BORRATXERIA,SANTO GRAAL
9048,Odradek,2025-07-12,2025,CASA NATURA MUSICAL,ODRADEK
9049,Sonic Dash,2025-07-12,2025,GAZ BURNING BAR,SONIC DASH
9050,Phobia Punk Rockers,2025-07-12,2025,FENDA 315,PHOBIA PUNK ROCKERS
9051,Innabrain,2025-07-12,2025,COHAB 2,INNABRAIN
9052,Kronos Quartet,2025-07-12,2025,TEATRO CULTURA ARTISTICA,KRONOS QUARTET
9053,Luiza Lian,2025-07-12,2025,BONA CASA DE MUSICA,LUIZA LIAN
9054,Kaya Conky,2025-07-12,2025,PARAISO MORUMBI,KAYA CONKY
9055,Menores Atos,2025-07-12,2025,CASA NATURA MUSICAL,MENORES ATOS
9056,Katy da Voz e as Abusadas,2025-07-12,2025,PARAISO MORUMBI,KATY DA VOZ E AS ABUSADAS
9057,EQ,2025-07-12,2025,VENENO LIVE RADIO,EQ
9058,Bazuros,2025-07-12,2025,FENDA 315,BAZUROS
9059,CRAS,2025-07-12,2025,ESTUDIO PAPRICA,CRAS
9060,Bebê Feio,2025-07-12,2025,ESTUDIO PAPRICA,BEBE FEIO
9061,Garage Fuzz,2025-07-12,2025,PRACA DO PATRIARCA,GARAGE FUZZ
9062,Ratos de Porão,2025-07-12,2025,CENTRO CULTURAL TENDAL DA LAPA,RATOS DE PORAO
9063,EQ,2025-07-12,2025,TEATRO MARS,EQ
9064,Pense,2025-07-12,2025,PRACA DO PATRIARCA,PENSE
9065,The Troops of Doom,2025-07-12,2025,SESC BELENZINHO,THE TROOPS OF DOOM
9066,Escombro,2025-07-12,2025,BURNING HOUSE,ESCOMBRO
9067,Varanda,2025-07-12,2025,SESC BELENZINHO,VARANDA
9068,Plebe Rude,2025-07-12,2025,PRACA DO PATRIARCA,PLEBE RUDE
9069,Maestrick,2025-07-12,2025,LA IGLESIA BORRATXERIA,MAESTRICK
9070,Jay B,2025-07-12,2025,CINE JOIA,JAY B
9071,Dance of Days,2025-07-12,2025,SESC 24 DE MAIO,DANCE OF DAYS
9072,Arize,2025-07-12,2025,CENTRO CULTURAL TENDAL DA LAPA,ARIZE
9073,Moptop,2025-07-12,2025,AUGUSTA HI-FI,MOPTOP
9074,Militia,2025-07-12,2025,BURNING HOUSE,MILITIA
9075,Tiny Moving Parts,2025-07-13,2025,CASA ROCKAMBOLE,TINY MOVING PARTS
9076,Frejat,2025-07-13,2025,VALE DO ANHANGABAU,FREJAT
9077,Jay Vaquer,2025-07-13,2025,BLUE NOTE SAO PAULO,JAY VAQUER
9078,Massacration,2025-07-13,2025,CINE JOIA,MASSACRATION
9079,Angra,2025-07-13,2025,VALE DO ANHANGABAU,ANGRA
9080,Supercombo,2025-07-13,2025,VALE DO ANHANGABAU,SUPERCOMBO
9081,Matanza Ritual,2025-07-13,2025,VALE DO ANHANGABAU,MATANZA RITUAL
9082,Nameless Gods,2025-07-13,2025,LA IGLESIA BORRATXERIA,NAMELESS GODS
9083,Eterna Inocencia,2025-07-13,2025,CENTRO CULTURAL TENDAL DA LAPA,ETERNA INOCENCIA
9084,Rockfun Legends,2025-07-13,2025,VALE DO ANHANGABAU,ROCKFUN LEGENDS
9085,Kvlto,2025-07-13,2025,LA IGLESIA BORRATXERIA,KVLTO
9086,Moptop,2025-07-13,2025,AUGUSTA HI-FI,MOPTOP
9087,Chão de Taco,2025-07-13,2025,CASA ROCKAMBOLE,CHAO DE TACO
9088,Zero to Hero,2025-07-13,2025,CASA ROCKAMBOLE,ZERO TO HERO
9089,Contra o Céu,2025-07-13,2025,CENTRO CULTURAL TENDAL DA LAPA,CONTRA O CEU
9090,The Satan’s Scourge,2025-07-13,2025,LA IGLESIA BORRATXERIA,THE SATAN'S SCOURGE
9091,Jazztick,2025-07-13,2025,FABRIQUE CLUB,JAZZTICK
9092,Ratos de Porão,2025-07-13,2025,SESC INTERLAGOS,RATOS DE PORAO
9093,Capital Inicial,2025-07-13,2025,AUTODROMO DE INTERLAGOS,CAPITAL INICIAL
9094,O Inimigo,2025-07-13,2025,CENTRO CULTURAL TENDAL DA LAPA,O INIMIGO
9095,Kronos Quartet,2025-07-13,2025,TEATRO CULTURA ARTISTICA,KRONOS QUARTET
9096,BK,2025-07-13,2025,ESPACO UNIMED,BK
9097,Children of the Beast,2025-07-13,2025,MISTER ROCK BAR,CHILDREN OF THE BEAST
9098,terraplana,2025-07-13,2025,SESC ITAQUERA,TERRAPLANA
9099,Glover.,2025-07-13,2025,CASA ROCKAMBOLE,GLOVER.
9100,Dance of Days,2025-07-13,2025,SESC 24 DE MAIO,DANCE OF DAYS
9101,Justabeli,2025-07-13,2025,LA IGLESIA BORRATXERIA,JUSTABELI
9102,Vanessa da Mata,2025-07-14,2025,TEATRO BRADESCO,VANESSA DA MATA
9103,KARTAS,2025-07-14,2025,CENTRO DA TERRA,KARTAS
9104,Kisser Clan,2025-07-15,2025,SESC CONSOLACAO,KISSER CLAN
9105,WONHO,2025-07-15,2025,TERRA SP,WONHO
9106,Bufo Borealis,2025-07-15,2025,BLUE NOTE SAO PAULO,BUFO BOREALIS
9107,Laksmi,2025-07-16,2025,WHIPLASH BAR,LAKSMI
9108,Natiruts,2025-07-18,2025,ALLIANZ PARQUE,NATIRUTS
9109,Penélope,2025-07-18,2025,SESC PINHEIROS,PENELOPE
9110,Zé Ibarra,2025-07-18,2025,SESC POMPEIA,ZE IBARRA
9111,Luis Mariutti,2025-07-18,2025,LA IGLESIA BORRATXERIA,LUIS MARIUTTI
9112,Surra,2025-07-18,2025,SESC BELENZINHO,SURRA
9113,Adorável Clichê,2025-07-18,2025,CASA NATURA MUSICAL,ADORAVEL CLICHE
9114,Medjay,2025-07-18,2025,LA IGLESIA BORRATXERIA,MEDJAY
9115,Cidade Dormitório,2025-07-18,2025,AUDITORIO MIS,CIDADE DORMITORIO
9116,Don L,2025-07-18,2025,AUDIO,DON L
9117,PLUMA,2025-07-18,2025,CASA NATURA MUSICAL,PLUMA
9118,Biquini,2025-07-18,2025,CLUBE ATLETICO JUVENTUS,BIQUINI
9119,Fossilization,2025-07-19,2025,LA IGLESIA BORRATXERIA,FOSSILIZATION
9120,Ratos de Porão,2025-07-19,2025,CASA DE CULTURA DO BUTANTA,RATOS DE PORAO
9121,Natiruts,2025-07-19,2025,ALLIANZ PARQUE,NATIRUTS
9122,Urias,2025-07-19,2025,SONORA GARDEN,URIAS
9123,D.E.R.,2025-07-19,2025,LA IGLESIA BORRATXERIA,D.E.R.
9124,Caixão,2025-07-19,2025,SESC BELENZINHO,CAIXAO
9125,Esteban Tavares,2025-07-19,2025,CASA ROCKAMBOLE,ESTEBAN TAVARES
9126,Benito di Paula,2025-07-19,2025,TEATRO BRADESCO,BENITO DI PAULA
9127,Vanessa da Mata,2025-07-19,2025,VIBRA SAO PAULO,VANESSA DA MATA
9128,Equinoxious,2025-07-19,2025,MADAME UNDERGROUND CLUB,EQUINOXIOUS
9129,Julia Mestre,2025-07-19,2025,SESC BELENZINHO,JULIA MESTRE
9130,Lia Clark,2025-07-19,2025,SONORA GARDEN,LIA CLARK
9131,Kaya Conky,2025-07-19,2025,SONORA GARDEN,KAYA CONKY
9132,Ebony,2025-07-19,2025,SONORA GARDEN,EBONY
9133,Duquesa,2025-07-19,2025,SONORA GARDEN,DUQUESA
9134,Azymuth,2025-07-19,2025,BLUE NOTE SAO PAULO,AZYMUTH
9135,DJ Blakes,2025-07-19,2025,SONORA GARDEN,DJ BLAKES
9136,Coyote Bad Trip,2025-07-19,2025,LA IGLESIA BORRATXERIA,COYOTE BAD TRIP
9137,Bebé Salvego,2025-07-20,2025,SESC CONSOLACAO,BEBE SALVEGO
9138,Caixão,2025-07-20,2025,VIP STATION,CAIXAO
9139,Allen Key,2025-07-20,2025,VIP STATION,ALLEN KEY
9140,Crypta,2025-07-20,2025,VIP STATION,CRYPTA
9141,Paradise in Flames,2025-07-20,2025,VIP STATION,PARADISE IN FLAMES
9142,Guilherme de Sá,2025-07-20,2025,CARIOCA CLUB,GUILHERME DE SA
9143,School of Rock,2025-07-20,2025,VIP STATION,SCHOOL OF ROCK
9144,KARTAS,2025-07-21,2025,CENTRO DA TERRA,KARTAS
9145,Cidade Dormitório,2025-07-21,2025,A PORTA MALDITA,CIDADE DORMITORIO
9146,lllucas,2025-07-21,2025,A PORTA MALDITA,LLLUCAS
9147,Colde,2025-07-22,2025,CINE JOIA,COLDE
9148,Grigory Sokolov,2025-07-23,2025,TEATRO CULTURA ARTISTICA,GRIGORY SOKOLOV
9149,Forgotten Boys,2025-07-23,2025,CENTRO CULTURAL SAO PAULO,FORGOTTEN BOYS
9150,Horace Green,2025-07-24,2025,BAR ALTO,HORACE GREEN
9151,Grigory Sokolov,2025-07-24,2025,TEATRO CULTURA ARTISTICA,GRIGORY SOKOLOV
9152,Marcela Lucatelli,2025-07-24,2025,CASA DE FRANCISCA,MARCELA LUCATELLI
9153,Korzus,2025-07-24,2025,SESC AVENIDA PAULISTA,KORZUS
9154,Tuyo,2025-07-25,2025,TASTEIT RESTAURANTE,TUYO
9155,Feitiço Oculto,2025-07-25,2025,LA IGLESIA BORRATXERIA,FEITICO OCULTO
9156,Antroforce,2025-07-25,2025,LA IGLESIA BORRATXERIA,ANTROFORCE
9157,Megahertz,2025-07-25,2025,LA IGLESIA BORRATXERIA,MEGAHERTZ
9158,Thalma de Freitas,2025-07-25,2025,CASA NATURA MUSICAL,THALMA DE FREITAS
9159,Assucena,2025-07-25,2025,SESC BELENZINHO,ASSUCENA
9160,Maiara & Maraisa,2025-07-25,2025,CENTRO DE TRADICOES NORDESTINAS,MAIARA & MARAISA
9161,Rogério Skylab,2025-07-25,2025,SESC AVENIDA PAULISTA,ROGERIO SKYLAB
9162,Bazuros,2025-07-26,2025,PORTA,BAZUROS
9163,Rogério Skylab,2025-07-26,2025,SESC AVENIDA PAULISTA,ROGERIO SKYLAB
9164,Trypophöbia,2025-07-26,2025,ROCK TOGETHER STUDIO,TRYPOPHOBIA
9165,Metaklapa,2025-07-26,2025,TEATRO EVA WILMA,METAKLAPA
9166,Stomp,2025-07-26,2025,LA IGLESIA BORRATXERIA,STOMP
9167,MEE,2025-07-26,2025,LA IGLESIA BORRATXERIA,MEE
9168,Lupe de Lupe,2025-07-26,2025,SESC BELENZINHO,LUPE DE LUPE
9169,Negra Li,2025-07-26,2025,CASA NATURA MUSICAL,NEGRA LI
9170,Ato Fálico,2025-07-26,2025,LA IGLESIA BORRATXERIA,ATO FALICO
9171,Punho de Mahin,2025-07-26,2025,BURNING HOUSE,PUNHO DE MAHIN
9172,Mãeana,2025-07-26,2025,PARQUE VILLA-LOBOS,MAEANA
9173,Toni Garrido,2025-07-26,2025,PARQUE VILLA-LOBOS,TONI GARRIDO
9174,Infamous Glory,2025-07-26,2025,BURNING HOUSE,INFAMOUS GLORY
9175,Arize,2025-07-26,2025,LA IGLESIA BORRATXERIA,ARIZE
9176,Nyahbinghi Dub,2025-07-26,2025,PARQUE DO TROTE,NYAHBINGHI DUB
9177,D.E.R.,2025-07-26,2025,BURNING HOUSE,D.E.R.
9178,Nando Reis,2025-07-26,2025,PARQUE VILLA-LOBOS,NANDO REIS
9179,Lila Iké,2025-07-26,2025,PARQUE DO TROTE,LILA IKE
9180,Feminine HiFi,2025-07-26,2025,PARQUE DO TROTE,FEMININE HIFI
9181,DEAFKIDS,2025-07-26,2025,BURNING HOUSE,DEAFKIDS
9182,João Gordo,2025-07-26,2025,SESC SANTO AMARO,JOAO GORDO
9183,Beatles para Crianças,2025-07-26,2025,PARQUE VILLA-LOBOS,BEATLES PARA CRIANCAS
9184,Maria Gadú,2025-07-26,2025,PARQUE VILLA-LOBOS,MARIA GADU
9185,Roberta Sá,2025-07-26,2025,PARQUE VILLA-LOBOS,ROBERTA SA
9186,Pentacrostic,2025-07-26,2025,JAI CLUB,PENTACROSTIC
9187,Amen Corner,2025-07-26,2025,JAI CLUB,AMEN CORNER
9188,Yellowman,2025-07-26,2025,CITY LIGHTS MUSIC HALL,YELLOWMAN
9189,David Hubbard,2025-07-26,2025,PARQUE DO TROTE,DAVID HUBBARD
9190,Mundo Bita,2025-07-26,2025,PARQUE VILLA-LOBOS,MUNDO BITA
9191,Point of No Return,2025-07-27,2025,CENTRO CULTURAL TENDAL DA LAPA,POINT OF NO RETURN
9192,Yellowman,2025-07-27,2025,PARQUE DO TROTE,YELLOWMAN
9193,Belford,2025-07-27,2025,LA IGLESIA BORRATXERIA,BELFORD
9194,Além do Caos,2025-07-27,2025,LA IGLESIA BORRATXERIA,ALEM DO CAOS
9195,PaulinC,2025-07-27,2025,LA IGLESIA BORRATXERIA,PAULINC
9196,Gibaa,2025-07-27,2025,LA IGLESIA BORRATXERIA,GIBAA
9197,Innabrain,2025-07-27,2025,ESPACO FIM DA RUA,INNABRAIN
9198,Bride,2025-07-27,2025,VIP STATION,BRIDE
9199,Dead Fish,2025-07-27,2025,SESC ITAQUERA,DEAD FISH
9200,Futuro,2025-07-27,2025,CENTRO CULTURAL TENDAL DA LAPA,FUTURO
9201,Cätärro,2025-07-27,2025,CENTRO CULTURAL TENDAL DA LAPA,CATARRO
9202,Yuzo Koshiro,2025-07-27,2025,TRANSAMERICA EXPO CENTER,YUZO KOSHIRO
9203,Noiado,2025-07-27,2025,CENTRO CULTURAL TENDAL DA LAPA,NOIADO
9204,The Renegades of Punk,2025-07-27,2025,CENTRO CULTURAL TENDAL DA LAPA,THE RENEGADES OF PUNK
9205,Narnia,2025-07-27,2025,VIP STATION,NARNIA
9206,Sistah Mari,2025-07-27,2025,PARQUE DO TROTE,SISTAH MARI
9207,Yellow P,2025-07-27,2025,PARQUE DO TROTE,YELLOW P
9208,Pabllo Vittar,2025-07-27,2025,FUNILARIA,PABLLO VITTAR
9209,Marina Peralta,2025-07-27,2025,PARQUE DO TROTE,MARINA PERALTA
9210,Stryper,2025-07-27,2025,VIP STATION,STRYPER
9211,Paira,2025-07-28,2025,SESC CARMO,PAIRA
9212,KARTAS,2025-07-28,2025,CENTRO DA TERRA,KARTAS
9213,NYO Jazz,2025-07-29,2025,TEATRO CULTURA ARTISTICA,NYO JAZZ
9214,Dora Morelenbaum,2025-07-31,2025,CASA ROCKAMBOLE,DORA MORELENBAUM
9215,Samara Joy,2025-07-31,2025,TEATRO CULTURA ARTISTICA,SAMARA JOY
9216,Zander,2025-07-31,2025,SESC CARMO,ZANDER
9217,Iorigun,2025-07-31,2025,CASA ROCKAMBOLE,IORIGUN
9218,Vera Fischer Era Clubber,2025-07-31,2025,CASA ROCKAMBOLE,VERA FISCHER ERA CLUBBER
9219,CACO/CONCHA,2025-07-31,2025,CASA ROCKAMBOLE,CACO/CONCHA
9220,Bong Brigade,2025-08-01,2025,RED STAR STUDIOS,BONG BRIGADE
9221,Budah,2025-08-01,2025,MERCADO LIVRE ARENA PACAEMBU,BUDAH
9222,Guaribas,2025-08-01,2025,CASA ROCKAMBOLE,GUARIBAS
9223,Febre90s,2025-08-01,2025,CINE JOIA,FEBRE90S
9224,Deekapz,2025-08-01,2025,CINE JOIA,DEEKAPZ
9225,Ivan Lins,2025-08-01,2025,TOKIO MARINE HALL,IVAN LINS
9226,Gastação Infinita,2025-08-01,2025,CASA ROCKAMBOLE,GASTACAO INFINITA
9227,Tuyo,2025-08-01,2025,SESC BELENZINHO,TUYO
9228,BRAZA,2025-08-01,2025,AUDIO,BRAZA
9229,Veigh,2025-08-01,2025,MERCADO LIVRE ARENA PACAEMBU,VEIGH
9230,BNegão,2025-08-01,2025,CASA NATURA MUSICAL,BNEGAO
9231,Maria Beraldo,2025-08-01,2025,SESC BELENZINHO,MARIA BERALDO
9232,Tangolo Mangos,2025-08-01,2025,CASA ROCKAMBOLE,TANGOLO MANGOS
9233,Matuê,2025-08-01,2025,MERCADO LIVRE ARENA PACAEMBU,MATUE
9234,Dinamite Club,2025-08-02,2025,CASA ALGOHITS,DINAMITE CLUB
9235,Vingança Suprema,2025-08-02,2025,LA IGLESIA BORRATXERIA,VINGANCA SUPREMA
9236,Ancesttor,2025-08-02,2025,LA IGLESIA BORRATXERIA,ANCESTTOR
9237,Nicolas Jaar,2025-08-02,2025,ARCA SPACES,NICOLAS JAAR
9238,Lagum,2025-08-02,2025,ESPACO UNIMED,LAGUM
9239,Pense,2025-08-02,2025,SESC BELENZINHO,PENSE
9240,Zero to Hero,2025-08-02,2025,CASA ALGOHITS,ZERO TO HERO
9241,Evil Sense,2025-08-02,2025,LA IGLESIA BORRATXERIA,EVIL SENSE
9242,MAGIC!,2025-08-02,2025,TOKIO MARINE HALL,MAGIC!
9243,Thrash Terror,2025-08-02,2025,LA IGLESIA BORRATXERIA,THRASH TERROR
9244,Ela Minus,2025-08-02,2025,ARCA SPACES,ELA MINUS
9245,VØID IT,2025-08-03,2025,LA IGLESIA BORRATXERIA,VØID IT
9246,Vanguart,2025-08-03,2025,SESC PINHEIROS,VANGUART
9247,Subcut,2025-08-03,2025,LA IGLESIA BORRATXERIA,SUBCUT
9248,Trypophöbia,2025-08-03,2025,LA IGLESIA BORRATXERIA,TRYPOPHOBIA
9249,A.R.D.,2025-08-03,2025,CENTRO CULTURAL TENDAL DA LAPA,A.R.D.
9250,Fogo Cruzado,2025-08-03,2025,CENTRO CULTURAL TENDAL DA LAPA,FOGO CRUZADO
9251,Sub Existência,2025-08-03,2025,CENTRO CULTURAL TENDAL DA LAPA,SUB EXISTENCIA
9252,Menstruação Anarquika,2025-08-03,2025,CENTRO CULTURAL TENDAL DA LAPA,MENSTRUACAO ANARQUIKA
9253,Viper,2025-08-03,2025,TOKIO MARINE HALL,VIPER
9254,Azeroth,2025-08-03,2025,TOKIO MARINE HALL,AZEROTH
9255,Angra,2025-08-03,2025,TOKIO MARINE HALL,ANGRA
9256,Deadly Surgery,2025-08-03,2025,LA IGLESIA BORRATXERIA,DEADLY SURGERY
9257,DZK,2025-08-03,2025,CENTRO CULTURAL TENDAL DA LAPA,DZK
9258,Marcela Lucatelli,2025-08-04,2025,INSTITUTO CULTURAL DA DINAMARCA,MARCELA LUCATELLI
9259,DJ Marlboro,2025-08-05,2025,MATIZ,DJ MARLBORO
9260,Marcela Lucatelli,2025-08-05,2025,CENTRO DA TERRA,MARCELA LUCATELLI
9261,Sanha,2025-08-05,2025,TERRA SP,SANHA
9262,Peroli,2025-08-05,2025,MATIZ,PEROLI
9263,Marcela Lucatelli,2025-08-06,2025,MAMAE BAR,MARCELA LUCATELLI
9264,Concertgebouw Kamerorkest,2025-08-06,2025,TEATRO CULTURA ARTISTICA,CONCERTGEBOUW KAMERORKEST
9265,Lio,2025-08-06,2025,BLUE NOTE SAO PAULO,LIO
9266,Rincon Sapiência,2025-08-06,2025,GALPAO CULTURAL ELZA SOARES,RINCON SAPIENCIA
9267,Dead Fish,2025-08-07,2025,GALPAO CULTURAL ELZA SOARES,DEAD FISH
9268,Cor dos Olhos,2025-08-07,2025,CITY LIGHTS MUSIC HALL,COR DOS OLHOS
9269,E a Terra Nunca Me Pareceu Tão Distante,2025-08-07,2025,BAR ALTO,E A TERRA NUNCA ME PARECEU TAO DISTANTE
9270,Bazuros,2025-08-07,2025,A PORTA MALDITA,BAZUROS
9271,Pato Fu,2025-08-07,2025,AUDIO,PATO FU
9272,BNegão,2025-08-07,2025,SESC 14 BIS,BNEGAO
9273,Rocco,2025-08-08,2025,LA IGLESIA BORRATXERIA,ROCCO
9274,Arnaldo Antunes,2025-08-08,2025,CINE JOIA,ARNALDO ANTUNES
9275,DJ Hum,2025-08-08,2025,PATUA DISCOS,DJ HUM
9276,Luca Argel,2025-08-08,2025,CASA ODETTE,LUCA ARGEL
9277,Uiu Lopes,2025-08-08,2025,CASA ROCKAMBOLE,UIU LOPES
9278,FBC,2025-08-08,2025,AUDIO,FBC
9279,Celacanto,2025-08-08,2025,CASA ROCKAMBOLE,CELACANTO
9280,Bazuros,2025-08-08,2025,SOL Y SOMBRA,BAZUROS
9281,Claudia Manzo,2025-08-08,2025,SOL Y SOMBRA,CLAUDIA MANZO
9282,Made in Brazil,2025-08-08,2025,SESC POMPEIA,MADE IN BRAZIL
9283,Sujera,2025-08-08,2025,LA IGLESIA BORRATXERIA,SUJERA
9284,Antrvm,2025-08-08,2025,LA IGLESIA BORRATXERIA,ANTRVM
9285,Nina Maia,2025-08-08,2025,CINE JOIA,NINA MAIA
9286,Revengin,2025-08-08,2025,ARENA GALERIA,REVENGIN
9287,A Última Theoria,2025-08-08,2025,LA IGLESIA BORRATXERIA,A ULTIMA THEORIA
9288,Martina Berther,2025-08-08,2025,BIBLIOTECA MUNICIPAL MARIO DE ANDRADE,MARTINA BERTHER
9289,Maria Beraldo,2025-08-08,2025,BIBLIOTECA MUNICIPAL MARIO DE ANDRADE,MARIA BERALDO
9290,Unholy Harakiri,2025-08-08,2025,LA IGLESIA BORRATXERIA,UNHOLY HARAKIRI
9291,Podeserdesligado,2025-08-08,2025,BIBLIOTECA MUNICIPAL MARIO DE ANDRADE,PODESERDESLIGADO
9292,Papangu,2025-08-08,2025,SESC BELENZINHO,PAPANGU
9293,Negro Leo,2025-08-08,2025,BIBLIOTECA MUNICIPAL MARIO DE ANDRADE,NEGRO LEO
9294,Cachorro Grande,2025-08-08,2025,CARIOCA CLUB,CACHORRO GRANDE
9295,Cephalotripsy,2025-08-08,2025,HOUSE OF LEGENDS,CEPHALOTRIPSY
9296,BNegão,2025-08-08,2025,SESC 14 BIS,BNEGAO
9297,The Rose,2025-08-08,2025,VIBRA SAO PAULO,THE ROSE
9298,Midgard,2025-08-08,2025,ARENA GALERIA,MIDGARD
9299,Motores Malditos,2025-08-08,2025,ARENA GALERIA,MOTORES MALDITOS
9300,Massive Power,2025-08-09,2025,HANGAR 110,MASSIVE POWER
9301,Titãs,2025-08-09,2025,CLUBE ATLETICO JUVENTUS,TITAS
9302,Inferno Nuclear,2025-08-09,2025,HANGAR 110,INFERNO NUCLEAR
9303,Raí Saia Rodada,2025-08-09,2025,NEO QUIMICA ARENA,RAI SAIA RODADA
9304,Anthares,2025-08-09,2025,HANGAR 110,ANTHARES
9305,Angelique,2025-08-09,2025,LA IGLESIA BORRATXERIA,ANGELIQUE
9306,Os Paralamas do Sucesso,2025-08-09,2025,CLUBE ATLETICO JUVENTUS,OS PARALAMAS DO SUCESSO
9307,Miragem,2025-08-09,2025,BAR ALTO,MIRAGEM
9308,Black Pantera,2025-08-09,2025,GAZ BURNING BAR,BLACK PANTERA
9309,Six Sex,2025-08-09,2025,ZIG STUDIO,SIX SEX
9310,Armadilha,2025-08-09,2025,HANGAR 110,ARMADILHA
9311,Calcinha Preta,2025-08-09,2025,NEO QUIMICA ARENA,CALCINHA PRETA
9312,Núbia,2025-08-09,2025,SESC BELENZINHO,NUBIA
9313,JUNIOR,2025-08-09,2025,TOKIO MARINE HALL,JUNIOR
9314,Revengin,2025-08-09,2025,LA IGLESIA BORRATXERIA,REVENGIN
9315,Counter Time,2025-08-09,2025,TCHE CAFE,COUNTER TIME
9316,Made in Brazil,2025-08-09,2025,SESC POMPEIA,MADE IN BRAZIL
9317,Violeta García,2025-08-09,2025,BIBLIOTECA MUNICIPAL MARIO DE ANDRADE,VIOLETA GARCIA
9318,Burkhard Beins,2025-08-09,2025,BIBLIOTECA MUNICIPAL MARIO DE ANDRADE,BURKHARD BEINS
9319,Lupe de Lupe,2025-08-09,2025,CASA ALGOHITS,LUPE DE LUPE
9320,Far Beyond Empire,2025-08-09,2025,LA IGLESIA BORRATXERIA,FAR BEYOND EMPIRE
9321,Audréanne Filion,2025-08-09,2025,BIBLIOTECA MUNICIPAL MARIO DE ANDRADE,AUDREANNE FILION
9322,Emilio Gordoa,2025-08-09,2025,BIBLIOTECA MUNICIPAL MARIO DE ANDRADE,EMILIO GORDOA
9323,Juçara Marçal,2025-08-09,2025,BIBLIOTECA MUNICIPAL MARIO DE ANDRADE,JUCARA MARCAL
9324,Céu,2025-08-09,2025,SESC BOM RETIRO,CEU
9325,Unha Pintada,2025-08-09,2025,NEO QUIMICA ARENA,UNHA PINTADA
9326,Mickey Junkies,2025-08-10,2025,FENDA 315,MICKEY JUNKIES
9327,Inês É Morta,2025-08-10,2025,FENDA 315,INES E MORTA
9328,Carol Biazin,2025-08-10,2025,AUDIO,CAROL BIAZIN
9329,Freak Fur,2025-08-10,2025,FABRIQUE CLUB,FREAK FUR
9330,7Seconds,2025-08-10,2025,FABRIQUE CLUB,7SECONDS
9331,O Inimigo,2025-08-10,2025,FABRIQUE CLUB,O INIMIGO
9332,Yohan Kisser,2025-08-12,2025,CENTRO CULTURAL VILA ITORORO,YOHAN KISSER
9333,Kiko Dinucci,2025-08-12,2025,BONA CASA DE MUSICA,KIKO DINUCCI
9334,Sessa,2025-08-12,2025,CENTRO DA TERRA,SESSA
9335,Ado,2025-08-13,2025,ESPACO UNIMED,ADO
9336,Mel Lisboa,2025-08-13,2025,BLUE NOTE SAO PAULO,MEL LISBOA
9338,Mauro Henrique,2025-08-13,2025,TEATRO GAMARO,MAURO HENRIQUE
9339,Flor Gil,2025-08-14,2025,BONA CASA DE MUSICA,FLOR GIL
9340,Alice Caymmi,2025-08-14,2025,CASA NATURA MUSICAL,ALICE CAYMMI
9341,Stefano Moliner,2025-08-14,2025,LA IGLESIA BORRATXERIA,STEFANO MOLINER
9342,The Living Tombstone,2025-08-14,2025,CINE JOIA,THE LIVING TOMBSTONE
9343,UAU,2025-08-15,2025,STUDIO STAGE,UAU
9344,"Thalin, Cravinhos, VCR Slim, Pirlo & iloveyoulangelo",2025-08-15,2025,SOL Y SOMBRA,"THALIN, CRAVINHOS, VCR SLIM, PIRLO & ILOVEYOULANGELO"
9345,CPM 22,2025-08-15,2025,SUHAI MUSIC HALL,CPM 22
9346,Takeru,2025-08-15,2025,LA IGLESIA BORRATXERIA,TAKERU
9347,Jovens Ateus,2025-08-15,2025,AUDITORIO MIS,JOVENS ATEUS
9348,Tetê Espíndola,2025-08-15,2025,CASA NATURA MUSICAL,TETE ESPINDOLA
9349,Sonic Dash,2025-08-15,2025,DEPOIS DO FIM DO MUNDO ESTUDIO,SONIC DASH
9350,Luedji Luna,2025-08-15,2025,ESPACO UNIMED,LUEDJI LUNA
9351,Philippe Seabra,2025-08-15,2025,LONDON CALLING DISCOS,PHILIPPE SEABRA
9352,Deekapz,2025-08-15,2025,CENTRAL,DEEKAPZ
9353,Kylie Minogue,2025-08-15,2025,GINASIO DO IBIRAPUERA,KYLIE MINOGUE
9354,Jodie Harsh,2025-08-15,2025,ZIG STUDIO,JODIE HARSH
9355,Counter Time,2025-08-15,2025,HOUSE OF LEGENDS,COUNTER TIME
9356,Rotentix,2025-08-16,2025,HANGAR 110,ROTENTIX
9357,Zumbis do Espaço,2025-08-16,2025,HANGAR 110,ZUMBIS DO ESPACO
9358,Gustavo Mioto,2025-08-16,2025,ESTACIONAMENTO DO ANHEMBI,GUSTAVO MIOTO
9359,Belo,2025-08-16,2025,ESTACIONAMENTO DO ANHEMBI,BELO
9360,Rejeitados,2025-08-16,2025,CENTRAL PANELACO,REJEITADOS
9361,Crise,2025-08-16,2025,CASA ALGOHITS,CRISE
9362,Bruno Berle,2025-08-16,2025,CINE JOIA,BRUNO BERLE
9363,Stela,2025-08-16,2025,CASA ALGOHITS,STELA
9364,Roberto Carlos,2025-08-16,2025,TOKIO MARINE HALL,ROBERTO CARLOS
9365,Tamashiro Chiharu,2025-08-16,2025,CLUBE CIRCULO MILITAR,TAMASHIRO CHIHARU
9366,Mahmundi,2025-08-16,2025,SESC 14 BIS,MAHMUNDI
9367,Ana Castela,2025-08-16,2025,ARENA ANHEMBI,ANA CASTELA
9368,Chuva Negra,2025-08-16,2025,FENDA 315,CHUVA NEGRA
9369,Hardgainer,2025-08-16,2025,A PORTA MALDITA,HARDGAINER
9370,Joker,2025-08-16,2025,A PORTA MALDITA,JOKER
9371,Tagua Tagua,2025-08-16,2025,CINE JOIA,TAGUA TAGUA
9372,Children of the Beast,2025-08-16,2025,MISTER ROCK BAR,CHILDREN OF THE BEAST
9373,Luan Santana,2025-08-16,2025,ARENA ANHEMBI,LUAN SANTANA
9374,Bebê Feio,2025-08-16,2025,A PORTA MALDITA,BEBE FEIO
9375,Ana Gabriela,2025-08-16,2025,CASA NATURA MUSICAL,ANA GABRIELA
9376,Sílvia Pérez Cruz & Salvador Sobral,2025-08-16,2025,SESC VILA MARIANA,SILVIA PEREZ CRUZ & SALVADOR SOBRAL
9377,Don L,2025-08-16,2025,CENTRO CULTURAL TENDAL DA LAPA,DON L
9378,Deb and The Mentals,2025-08-16,2025,CASA ALGOHITS,DEB AND THE MENTALS
9379,Redneck,2025-08-17,2025,LA IGLESIA BORRATXERIA,REDNECK
9380,Sílvia Pérez Cruz & Salvador Sobral,2025-08-17,2025,SESC VILA MARIANA,SILVIA PEREZ CRUZ & SALVADOR SOBRAL
9381,Warbound,2025-08-17,2025,LA IGLESIA BORRATXERIA,WARBOUND
9382,Emmercia,2025-08-17,2025,CARIOCA CLUB,EMMERCIA
9383,The Devil Wears Prada,2025-08-17,2025,CARIOCA CLUB,THE DEVIL WEARS PRADA
9384,Ney Matogrosso,2025-08-17,2025,TOKIO MARINE HALL,NEY MATOGROSSO
9385,Mahmundi,2025-08-17,2025,SESC 14 BIS,MAHMUNDI
9386,Eu Serei a Hiena,2025-08-17,2025,SESC BELENZINHO,EU SEREI A HIENA
9387,Funeral Blood,2025-08-17,2025,LA IGLESIA BORRATXERIA,FUNERAL BLOOD
9388,Gilberto Gil,2025-08-17,2025,AUDITORIO IBIRAPUERA,GILBERTO GIL
9389,Gabriel Bianco,2025-08-19,2025,TEATRO CULTURA ARTISTICA,GABRIEL BIANCO
9390,Mahmundi,2025-08-19,2025,BONA CASA DE MUSICA,MAHMUNDI
9391,Gilberto Gil,2025-08-20,2025,AUDITORIO IBIRAPUERA,GILBERTO GIL
9392,Maz,2025-08-20,2025,AUDITORIO IBIRAPUERA,MAZ
9393,Mel Lisboa,2025-08-20,2025,BLUE NOTE SAO PAULO,MEL LISBOA
9394,Kaya,2025-08-20,2025,CINE JOIA,KAYA
9395,Agnes Nunes,2025-08-20,2025,AUDITORIO IBIRAPUERA,AGNES NUNES
9396,MAYOHK,2025-08-20,2025,CINE JOIA,MAYOHK
9397,Schwarz Stein,2025-08-20,2025,CINE JOIA,SCHWARZ STEIN
9398,Tyla,2025-08-20,2025,AUDITORIO IBIRAPUERA,TYLA
9399,Anitta,2025-08-20,2025,AUDITORIO IBIRAPUERA,ANITTA
9400,Bruna Mendez,2025-08-20,2025,BONA CASA DE MUSICA,BRUNA MENDEZ
9401,Közi,2025-08-20,2025,CINE JOIA,KOZI
9402,Thundercat,2025-08-20,2025,AUDIO,THUNDERCAT
9404,Pietá,2025-08-21,2025,CASA DE FRANCISCA,PIETA
9405,Tulipa Ruiz,2025-08-21,2025,SESC BOM RETIRO,TULIPA RUIZ
9406,Kiko Dinucci,2025-08-21,2025,PORTA,KIKO DINUCCI
9407,Theo Bial,2025-08-21,2025,GALERIA BOROGODO,THEO BIAL
9408,Ivete Sangalo,2025-08-21,2025,SUHAI MUSIC HALL,IVETE SANGALO
9409,Jambu,2025-08-21,2025,PICLES CARDEAL,JAMBU
9410,The Aristocrats,2025-08-22,2025,CARIOCA CLUB,THE ARISTOCRATS
9411,Karina Buhr,2025-08-22,2025,SESC POMPEIA,KARINA BUHR
9412,Izzy Gordon,2025-08-22,2025,PATUA DISCOS,IZZY GORDON
9413,António Zambujo & Maria Luiza Jobim,2025-08-22,2025,BLUE NOTE SAO PAULO,ANTONIO ZAMBUJO & MARIA LUIZA JOBIM
9414,Flageladör,2025-08-22,2025,LA IGLESIA BORRATXERIA,FLAGELADOR
9415,Tatá Aeroplano,2025-08-22,2025,CASA DE FRANCISCA,TATA AEROPLANO
9416,Tropical Nada,2025-08-22,2025,SESC AVENIDA PAULISTA,TROPICAL NADA
9417,Menores Atos,2025-08-22,2025,SESC BELENZINHO,MENORES ATOS
9418,Thramentor,2025-08-22,2025,LA IGLESIA BORRATXERIA,THRAMENTOR
9419,Marina Lima,2025-08-22,2025,CASA NATURA MUSICAL,MARINA LIMA
9420,Blackened Entrails,2025-08-22,2025,LA IGLESIA BORRATXERIA,BLACKENED ENTRAILS
9421,Ethel Hunter,2025-08-22,2025,LA IGLESIA BORRATXERIA,ETHEL HUNTER
9422,Orquestra Brasileira de Música Jamaicana,2025-08-23,2025,AUDIO,ORQUESTRA BRASILEIRA DE MUSICA JAMAICANA
9423,Marina Lima,2025-08-23,2025,CASA NATURA MUSICAL,MARINA LIMA
9424,Victor & Leo,2025-08-23,2025,ALLIANZ PARQUE,VICTOR & LEO
9425,Harmada,2025-08-23,2025,A PORTA MALDITA,HARMADA
9426,Fernando Malt,2025-08-23,2025,FOLK CAFES,FERNANDO MALT
9427,Terminal Guadalupe,2025-08-23,2025,A PORTA MALDITA,TERMINAL GUADALUPE
9428,Chitãozinho & Xororó,2025-08-23,2025,ALLIANZ PARQUE,CHITAOZINHO & XORORO
9429,Posthumous,2025-08-23,2025,LA IGLESIA BORRATXERIA,POSTHUMOUS
9430,Meu Funeral,2025-08-23,2025,BURNING HOUSE,MEU FUNERAL
9431,águas,2025-08-23,2025,GARAGEM BELEZA,AGUAS
9432,Samuca e a Selva,2025-08-23,2025,AUDIO,SAMUCA E A SELVA
9433,Cradle of Filth,2025-08-23,2025,CARIOCA CLUB,CRADLE OF FILTH
9434,Hateen,2025-08-23,2025,HANGAR 110,HATEEN
9435,Vivian Benford,2025-08-23,2025,A PORTA MALDITA,VIVIAN BENFORD
9436,Kocytus,2025-08-23,2025,RED STAR STUDIOS,KOCYTUS
9437,Daniel,2025-08-23,2025,ALLIANZ PARQUE,DANIEL
9438,Sugar Kane,2025-08-23,2025,HANGAR 110,SUGAR KANE
9439,Tellus Terror,2025-08-23,2025,CARIOCA CLUB,TELLUS TERROR
9440,Ana Carolina,2025-08-23,2025,ESPACO UNIMED,ANA CAROLINA
9441,Zezé Di Camargo & Luciano,2025-08-23,2025,ALLIANZ PARQUE,ZEZE DI CAMARGO & LUCIANO
9442,The Mönic,2025-08-23,2025,BURNING HOUSE,THE MONIC
9443,Roots – Sepultura Tributo,2025-08-23,2025,CERVEJA AZUL MUSIC BAR,ROOTS - SEPULTURA TRIBUTO
9444,Lupa,2025-08-23,2025,BURNING HOUSE,LUPA
9445,Leonardo,2025-08-23,2025,ALLIANZ PARQUE,LEONARDO
9446,UADA,2025-08-23,2025,CARIOCA CLUB,UADA
9447,Paulo Miklos,2025-08-24,2025,GALERIA OLIDO,PAULO MIKLOS
9448,Rico Dalasam,2025-08-24,2025,CENTRO CULTURAL SAO PAULO,RICO DALASAM
9449,Vespas Mandarinas,2025-08-24,2025,GALERIA OLIDO,VESPAS MANDARINAS
9450,Testament,2025-08-24,2025,CARIOCA CLUB,TESTAMENT
9451,Drenna,2025-08-24,2025,GALERIA OLIDO,DRENNA
9452,Rockfun Legends,2025-08-24,2025,GALERIA OLIDO,ROCKFUN LEGENDS
9453,Renato Braz,2025-08-24,2025,SESC 14 BIS,RENATO BRAZ
9454,Seafret,2025-08-24,2025,CINE JOIA,SEAFRET
9455,Genocídio,2025-08-24,2025,CARIOCA CLUB,GENOCIDIO
9456,Anna Geniushene,2025-08-24,2025,TEATRO CULTURA ARTISTICA,ANNA GENIUSHENE
9457,Chica Barreto,2025-08-24,2025,SESC BELENZINHO,CHICA BARRETO
9458,Skinner Project,2025-08-24,2025,RED STAR STUDIOS,SKINNER PROJECT
9459,Boogarins,2025-08-25,2025,SESC CARMO,BOOGARINS
9460,Dilsinho,2025-08-26,2025,GLOBO TV STUDIOS,DILSINHO
9461,Playing for Change,2025-08-26,2025,GLOBO TV STUDIOS,PLAYING FOR CHANGE
9462,The Veronicas,2025-08-26,2025,CINE JOIA,THE VERONICAS
9463,Trupe Chá de Boldo,2025-08-27,2025,TEATRO POPULAR DO SESI,TRUPE CHA DE BOLDO
9464,Gwendoline,2025-08-27,2025,REDOMA,GWENDOLINE
9465,Adriana Calcanhotto,2025-08-28,2025,CAIXA CULTURAL SAO PAULO,ADRIANA CALCANHOTTO
9466,Cidade Dormitório,2025-08-28,2025,SESC VILA MARIANA,CIDADE DORMITORIO
9467,A Olívia,2025-08-28,2025,GOELA,A OLIVIA
9468,Polako,2025-08-29,2025,LA IGLESIA BORRATXERIA,POLAKO
9469,Yellowcard,2025-08-29,2025,TOKIO MARINE HALL,YELLOWCARD
9470,Carlos,2025-08-29,2025,LA IGLESIA BORRATXERIA,CARLOS
9471,Catto,2025-08-29,2025,CASA NATURA MUSICAL,CATTO
9472,Dona Olga,2025-08-29,2025,LA IGLESIA BORRATXERIA,DONA OLGA
9473,Saulo Duarte,2025-08-29,2025,MUNDO PENSANTE,SAULO DUARTE
9474,Adriana Calcanhotto,2025-08-29,2025,CAIXA CULTURAL SAO PAULO,ADRIANA CALCANHOTTO
9475,Neck Deep,2025-08-29,2025,TOKIO MARINE HALL,NECK DEEP
9476,Bufo Borealis,2025-08-29,2025,CENTRO CULTURAL SAO PAULO,BUFO BOREALIS
9477,Story of the Year,2025-08-29,2025,TOKIO MARINE HALL,STORY OF THE YEAR
9478,CACO/CONCHA,2025-08-29,2025,MAMAE BAR,CACO/CONCHA
9479,Danny Bond,2025-08-29,2025,AUDIO,DANNY BOND
9480,Bittencourt Project,2025-08-29,2025,SESC AVENIDA PAULISTA,BITTENCOURT PROJECT
9481,Exclusive Os Cabides,2025-08-29,2025,SESC BELENZINHO,EXCLUSIVE OS CABIDES
9482,Arrigo Barnabé,2025-08-29,2025,ARENA GALERIA,ARRIGO BARNABE
9483,Tagore,2025-08-30,2025,CASA ROCKAMBOLE,TAGORE
9484,Supervão,2025-08-30,2025,CASA ROCKAMBOLE,SUPERVAO
9485,BIKE,2025-08-30,2025,A PORTA MALDITA,BIKE
9486,Firefriend,2025-08-30,2025,A PORTA MALDITA,FIREFRIEND
9487,Jovem Dionisio,2025-08-30,2025,SESC BELENZINHO,JOVEM DIONISIO
9488,Forgotten Boys,2025-08-30,2025,CASA ROCKAMBOLE,FORGOTTEN BOYS
9489,Loomer,2025-08-30,2025,A PORTA MALDITA,LOOMER
9490,Fake Number,2025-08-30,2025,ALLIANZ PARQUE,FAKE NUMBER
9491,Trypophöbia,2025-08-30,2025,ROCK TOGETHER STUDIO,TRYPOPHOBIA
9492,Desalmado,2025-08-30,2025,LA IGLESIA BORRATXERIA,DESALMADO
9493,Revenge of Kiss,2025-08-30,2025,WOODSTOCK ROCK STORE,REVENGE OF KISS
9494,Eclipse,2025-08-30,2025,MANIFESTO BAR,ECLIPSE
9495,Yellowcard,2025-08-30,2025,ALLIANZ PARQUE,YELLOWCARD
9496,Gloria,2025-08-30,2025,ALLIANZ PARQUE,GLORIA
9497,Macaco Bong,2025-08-30,2025,CASA ROCKAMBOLE,MACACO BONG
9498,White Canyon & The 5th Dimension,2025-08-30,2025,A PORTA MALDITA,WHITE CANYON & THE 5TH DIMENSION
9499,Johnny Gioeli,2025-08-30,2025,MANIFESTO BAR,JOHNNY GIOELI
9500,Fresno,2025-08-30,2025,ALLIANZ PARQUE,FRESNO
9501,Dead Fish,2025-08-30,2025,ALLIANZ PARQUE,DEAD FISH
9502,Selvageria,2025-08-30,2025,ARENA GALERIA,SELVAGERIA
9503,Gueersh,2025-08-30,2025,GARAGEM BELEZA,GUEERSH
9504,Militia,2025-08-30,2025,LA IGLESIA BORRATXERIA,MILITIA
9505,Story of the Year,2025-08-30,2025,ALLIANZ PARQUE,STORY OF THE YEAR
9506,Forfun,2025-08-30,2025,ALLIANZ PARQUE,FORFUN
9507,Fall Out Boy,2025-08-30,2025,ALLIANZ PARQUE,FALL OUT BOY
9508,Adrenaustera,2025-08-30,2025,LA IGLESIA BORRATXERIA,ADRENAUSTERA
9509,Good Charlotte,2025-08-30,2025,ALLIANZ PARQUE,GOOD CHARLOTTE
9510,Faces of Death,2025-08-30,2025,ARENA GALERIA,FACES OF DEATH
9511,The Outrageous Gravedäncer,2025-08-30,2025,ARENA GALERIA,THE OUTRAGEOUS GRAVEDANCER
9512,Xucro,2025-08-30,2025,LA IGLESIA BORRATXERIA,XUCRO
9513,The Veronicas,2025-08-30,2025,ALLIANZ PARQUE,THE VERONICAS
9514,Neck Deep,2025-08-30,2025,ALLIANZ PARQUE,NECK DEEP
9515,The Maine,2025-08-30,2025,ALLIANZ PARQUE,THE MAINE
9516,Supergrass,2025-08-31,2025,TERRA SP,SUPERGRASS
9517,Quinta Travessa,2025-08-31,2025,BURNING HOUSE,QUINTA TRAVESSA
9518,De Carne e Flor,2025-08-31,2025,LA IGLESIA BORRATXERIA,DE CARNE E FLOR
9519,The 69 Eyes,2025-08-31,2025,FABRIQUE CLUB,THE 69 EYES
9520,Fim da Aurora,2025-08-31,2025,LA IGLESIA BORRATXERIA,FIM DA AURORA
9521,Edgard Scandurra,2025-08-31,2025,TERRA SP,EDGARD SCANDURRA
9522,A Olívia,2025-08-31,2025,JAI CLUB,A OLIVIA
9523,Jambu,2025-08-31,2025,JAI CLUB,JAMBU
9524,Rosa de Saron,2025-08-31,2025,CARIOCA CLUB,ROSA DE SARON
9525,Yago Oproprio,2025-08-31,2025,SESC ITAQUERA,YAGO OPROPRIO
9526,When I Die,2025-08-31,2025,FABRIQUE CLUB,WHEN I DIE
9527,Magnólia,2025-08-31,2025,LA IGLESIA BORRATXERIA,MAGNOLIA
9528,Crânula,2025-08-31,2025,BURNING HOUSE,CRANULA
9529,Ana Carolina,2025-08-31,2025,ESPACO UNIMED,ANA CAROLINA
9530,Joyce Alane,2025-08-31,2025,CAIXA CULTURAL SAO PAULO,JOYCE ALANE
9531,The Central Scrutinizer Band,2025-08-31,2025,TARANTINO CERVEJARIA,THE CENTRAL SCRUTINIZER BAND
9532,Dakhmas,2025-08-31,2025,BURNING HOUSE,DAKHMAS
9533,Laboratori,2025-08-31,2025,BURNING HOUSE,LABORATORI
9534,Id Est Me,2025-08-31,2025,BURNING HOUSE,ID EST ME
9535,Sujera,2025-08-31,2025,BURNING HOUSE,SUJERA
9536,Ogna,2025-08-31,2025,LA IGLESIA BORRATXERIA,OGNA
9537,Drama,2025-08-31,2025,FABRIQUE CLUB,DRAMA
9538,Pat Metheny,2025-09-01,2025,TEATRO CULTURA ARTISTICA,PAT METHENY
9539,Pat Metheny,2025-09-02,2025,TEATRO CULTURA ARTISTICA,PAT METHENY
9540,Pitty,2025-09-03,2025,AUDIO,PITTY
9541,Tim Bernardes,2025-09-03,2025,AUDITORIO SIMON BOLIVAR - MEMORIAL DA AMERICA LATINA,TIM BERNARDES
9543,Tim Bernardes,2025-09-04,2025,AUDITORIO SIMON BOLIVAR - MEMORIAL DA AMERICA LATINA,TIM BERNARDES
9544,Roupa Nova,2025-09-04,2025,TEATRO BRADESCO,ROUPA NOVA
9545,Final Dose,2025-09-04,2025,LA IGLESIA BORRATXERIA,FINAL DOSE
9546,Dor,2025-09-04,2025,LA IGLESIA BORRATXERIA,DOR
9548,Vazio,2025-09-04,2025,LA IGLESIA BORRATXERIA,VAZIO
9549,Teenage Fanclub,2025-09-04,2025,CINE JOIA,TEENAGE FANCLUB
9550,Necrofilosophy,2025-09-05,2025,VIP STATION,NECROFILOSOPHY
9551,Kamasi Washington,2025-09-05,2025,NEO QUIMICA ARENA,KAMASI WASHINGTON
9552,Drogma,2025-09-05,2025,MAMAE BAR,DROGMA
9553,Cidade Negra,2025-09-05,2025,MEMORIAL DA AMERICA LATINA,CIDADE NEGRA
9554,Liniker,2025-09-05,2025,MEMORIAL DA AMERICA LATINA,LINIKER
9555,Glote,2025-09-05,2025,MAMAE BAR,GLOTE
9556,Tássia Reis,2025-09-05,2025,MEMORIAL DA AMERICA LATINA,TASSIA REIS
9557,Ana Castela,2025-09-05,2025,NEO QUIMICA ARENA,ANA CASTELA
9558,Mahmundi,2025-09-05,2025,CASA 1,MAHMUNDI
9559,KAROL G,2025-09-05,2025,NEO QUIMICA ARENA,KAROL G
9560,Tim Bernardes,2025-09-05,2025,MEMORIAL DA AMERICA LATINA,TIM BERNARDES
9561,Marrakesh ʘ,2025-09-05,2025,BAR ALTO,MARRAKESH ʘ
9562,Skin Culture,2025-09-05,2025,LA IGLESIA BORRATXERIA,SKIN CULTURE
9563,Pato Fu,2025-09-05,2025,SESC BELENZINHO,PATO FU
9564,Hate Moss,2025-09-05,2025,SESC AVENIDA PAULISTA,HATE MOSS
9565,Primordial,2025-09-05,2025,VIP STATION,PRIMORDIAL
9566,Thulcandra,2025-09-05,2025,VIP STATION,THULCANDRA
9567,The Crown,2025-09-05,2025,VIP STATION,THE CROWN
9568,Marina Sena,2025-09-05,2025,MEMORIAL DA AMERICA LATINA,MARINA SENA
9569,Vermin Womb,2025-09-05,2025,VIP STATION,VERMIN WOMB
9570,Nanase Aikawa,2025-09-05,2025,BLUE NOTE SAO PAULO,NANASE AIKAWA
9571,NVLO,2025-09-05,2025,LA IGLESIA BORRATXERIA,NVLO
9572,Agalloch,2025-09-05,2025,VIP STATION,AGALLOCH
9573,CONTORTION,2025-09-05,2025,LA IGLESIA BORRATXERIA,CONTORTION
9574,Echo Upstairs,2025-09-05,2025,MAMAE BAR,ECHO UPSTAIRS
9575,Necromantticu,2025-09-06,2025,VIP STATION,NECROMANTTICU
9576,Chico César & Zeca Baleiro,2025-09-06,2025,TOKIO MARINE HALL,CHICO CESAR & ZECA BALEIRO
9577,Zé Ibarra,2025-09-06,2025,MEMORIAL DA AMERICA LATINA,ZE IBARRA
9578,Bittersweethearts,2025-09-06,2025,FFFRONT,BITTERSWEETHEARTS
9579,MC Hariel,2025-09-06,2025,AUTODROMO DE INTERLAGOS,MC HARIEL
9580,Imprecation,2025-09-06,2025,VIP STATION,IMPRECATION
9581,Primitive Man,2025-09-06,2025,VIP STATION,PRIMITIVE MAN
9582,Budah,2025-09-06,2025,AUTODROMO DE INTERLAGOS,BUDAH
9583,Leprovore,2025-09-06,2025,VIP STATION,LEPROVORE
9584,Joabe Reis,2025-09-06,2025,AUTODROMO DE INTERLAGOS,JOABE REIS
9585,Pato Fu,2025-09-06,2025,SESC BELENZINHO,PATO FU
9586,BAD LUV,2025-09-06,2025,CASA ROCKAMBOLE,BAD LUV
9587,Terno Rei,2025-09-06,2025,MEMORIAL DA AMERICA LATINA,TERNO REI
9588,Nando Reis e Chico Chico,2025-09-06,2025,MEMORIAL DA AMERICA LATINA,NANDO REIS E CHICO CHICO
9589,Innabrain,2025-09-06,2025,GAZ BURNING BAR,INNABRAIN
9590,Decadas Infinitas,2025-09-06,2025,CASA LAB,DECADAS INFINITAS
9591,CLUBZ,2025-09-06,2025,SESC AVENIDA PAULISTA,CLUBZ
9592,Apto Vulgar,2025-09-06,2025,LA IGLESIA BORRATXERIA,APTO VULGAR
9593,Travis Scott,2025-09-06,2025,AUDIO,TRAVIS SCOTT
9594,Ultimato,2025-09-06,2025,LA IGLESIA BORRATXERIA,ULTIMATO
9595,Projeto Mayhem,2025-09-06,2025,LA IGLESIA BORRATXERIA,PROJETO MAYHEM
9596,Black Alien,2025-09-06,2025,MEMORIAL DA AMERICA LATINA,BLACK ALIEN
9597,Tom Zé,2025-09-06,2025,SALAO NOBRE DA CAMARA MUNICIPAL DE SAO PAULO,TOM ZE
9598,Terceira Guerra,2025-09-06,2025,LA IGLESIA BORRATXERIA,TERCEIRA GUERRA
9599,Mateus Aleluia,2025-09-06,2025,PAVILHAO DA BIENAL,MATEUS ALELUIA
9600,MC Cabelinho,2025-09-06,2025,AUTODROMO DE INTERLAGOS,MC CABELINHO
9601,Arthur Verocai,2025-09-06,2025,AUDITORIO SIMON BOLIVAR - MEMORIAL DA AMERICA LATINA,ARTHUR VEROCAI
9602,1349,2025-09-06,2025,VIP STATION,1349
9603,Overkill,2025-09-06,2025,VIP STATION,OVERKILL
9604,Incantation,2025-09-06,2025,VIP STATION,INCANTATION
9605,Macabre,2025-09-06,2025,VIP STATION,MACABRE
9606,Almir Sater,2025-09-06,2025,VIBRA SAO PAULO,ALMIR SATER
9607,Teto,2025-09-06,2025,AUTODROMO DE INTERLAGOS,TETO
9608,Burna Boy,2025-09-06,2025,AUTODROMO DE INTERLAGOS,BURNA BOY
9609,Lauryn Hill,2025-09-06,2025,AUTODROMO DE INTERLAGOS,LAURYN HILL
9610,Karol Conká,2025-09-06,2025,AUTODROMO DE INTERLAGOS,KAROL CONKA
9611,Coven,2025-09-06,2025,VIP STATION,COVEN
9612,Féretro,2025-09-06,2025,VIP STATION,FERETRO
9613,Silva,2025-09-06,2025,MEMORIAL DA AMERICA LATINA,SILVA
9614,Tasha & Tracie,2025-09-06,2025,AUTODROMO DE INTERLAGOS,TASHA & TRACIE
9615,Matuê,2025-09-06,2025,AUTODROMO DE INTERLAGOS,MATUE
9616,Travis Scott,2025-09-06,2025,AUTODROMO DE INTERLAGOS,TRAVIS SCOTT
9617,Paira,2025-09-06,2025,SESC BELENZINHO,PAIRA
9618,Borges,2025-09-06,2025,AUTODROMO DE INTERLAGOS,BORGES
9619,Filipe Ret,2025-09-06,2025,AUTODROMO DE INTERLAGOS,FILIPE RET
9620,Don Toliver,2025-09-06,2025,AUTODROMO DE INTERLAGOS,DON TOLIVER
9621,Bütcher,2025-09-06,2025,VIP STATION,BUTCHER
9622,Wisdom,2025-09-06,2025,VIP STATION,WISDOM
9623,Stacey Ryan,2025-09-06,2025,AUTODROMO DE INTERLAGOS,STACEY RYAN
9624,WIU,2025-09-06,2025,AUTODROMO DE INTERLAGOS,WIU
9625,Darkened Nocturn Slaughtercult,2025-09-07,2025,VIP STATION,DARKENED NOCTURN SLAUGHTERCULT
9626,Morkalv,2025-09-07,2025,VIP STATION,MORKALV
9627,Inocentes,2025-09-07,2025,AUTODROMO DE INTERLAGOS,INOCENTES
9628,Tyranex,2025-09-07,2025,VIP STATION,TYRANEX
9629,Pitty,2025-09-07,2025,AUTODROMO DE INTERLAGOS,PITTY
9630,Bruce Dickinson,2025-09-07,2025,AUTODROMO DE INTERLAGOS,BRUCE DICKINSON
9631,Supla,2025-09-07,2025,AUTODROMO DE INTERLAGOS,SUPLA
9632,Escafism,2025-09-07,2025,VIP STATION,ESCAFISM
9633,MC Taya,2025-09-07,2025,AUTODROMO DE INTERLAGOS,MC TAYA
9634,Final Dose,2025-09-07,2025,FFFRONT,FINAL DOSE
9635,BK,2025-09-07,2025,MEMORIAL DA AMERICA LATINA,BK
9636,Green Day,2025-09-07,2025,AUTODROMO DE INTERLAGOS,GREEN DAY
9637,Hotelo,2025-09-07,2025,AUTODROMO DE INTERLAGOS,HOTELO
9638,Caetano Veloso,2025-09-07,2025,MEMORIAL DA AMERICA LATINA,CAETANO VELOSO
9639,Anelis Assumpção,2025-09-07,2025,MEMORIAL DA AMERICA LATINA,ANELIS ASSUMPCAO
9640,Dora Morelenbaum,2025-09-07,2025,MEMORIAL DA AMERICA LATINA,DORA MORELENBAUM
9641,Mateus Aleluia,2025-09-07,2025,AUDITORIO SIMON BOLIVAR - MEMORIAL DA AMERICA LATINA,MATEUS ALELUIA
9642,Josyara,2025-09-07,2025,MEMORIAL DA AMERICA LATINA,JOSYARA
9643,NervoChaos,2025-09-07,2025,VIP STATION,NERVOCHAOS
9644,Pele Fria,2025-09-07,2025,FFFRONT,PELE FRIA
9645,Obsoletion,2025-09-07,2025,FFFRONT,OBSOLETION
9646,Punho de Mahin,2025-09-07,2025,AUTODROMO DE INTERLAGOS,PUNHO DE MAHIN
9647,Trypophöbia,2025-09-07,2025,ROCK TOGETHER STUDIO,TRYPOPHOBIA
9648,Tihuana,2025-09-07,2025,AUTODROMO DE INTERLAGOS,TIHUANA
9649,Cat Dealers,2025-09-07,2025,AUTODROMO DE INTERLAGOS,CAT DEALERS
9650,MEE,2025-09-07,2025,FFFRONT,MEE
9651,Big,2025-09-07,2025,FFFRONT,BIG
9652,Power Trip,2025-09-07,2025,VIP STATION,POWER TRIP
9653,Bad Religion,2025-09-07,2025,AUTODROMO DE INTERLAGOS,BAD RELIGION
9654,Varathron,2025-09-07,2025,VIP STATION,VARATHRON
9655,The Mist,2025-09-07,2025,VIP STATION,THE MIST
9656,Candlemass,2025-09-07,2025,VIP STATION,CANDLEMASS
9657,Triptykon,2025-09-07,2025,VIP STATION,TRIPTYKON
9658,Ready to be Hated,2025-09-07,2025,AUTODROMO DE INTERLAGOS,READY TO BE HATED
9659,Lupe de Lupe,2025-09-07,2025,LA IGLESIA BORRATXERIA,LUPE DE LUPE
9660,Karina Buhr,2025-09-07,2025,AUTODROMO DE INTERLAGOS,KARINA BUHR
9661,Black Pantera,2025-09-07,2025,AUTODROMO DE INTERLAGOS,BLACK PANTERA
9662,Ash Nazg Búrz,2025-09-07,2025,VIP STATION,ASH NAZG BURZ
9663,CPM 22,2025-09-07,2025,AUTODROMO DE INTERLAGOS,CPM 22
9664,Capital Inicial,2025-09-07,2025,AUTODROMO DE INTERLAGOS,CAPITAL INICIAL
9665,The Mönic,2025-09-07,2025,AUTODROMO DE INTERLAGOS,THE MONIC
9666,Orthostat,2025-09-07,2025,VIP STATION,ORTHOSTAT
9667,Iggy Pop,2025-09-07,2025,AUTODROMO DE INTERLAGOS,IGGY POP
9668,Kamasi Washington,2025-09-07,2025,AUTODROMO DE INTERLAGOS,KAMASI WASHINGTON
9669,Igor Cavalera,2025-09-09,2025,BAR ALTO,IGOR CAVALERA
9670,Cancer,2025-09-10,2025,BURNING HOUSE,CANCER
9671,Pestilence,2025-09-10,2025,BURNING HOUSE,PESTILENCE
9672,Podridão,2025-09-10,2025,BURNING HOUSE,PODRIDAO
9673,Kiko Dinucci,2025-09-11,2025,MAMAE BAR,KIKO DINUCCI
9674,Quasar,2025-09-11,2025,CASA ROCKAMBOLE,QUASAR
9675,Bella e o Olmo da Bruxa,2025-09-11,2025,CASA ROCKAMBOLE,BELLA E O OLMO DA BRUXA
9676,DEAFKIDS + Test,2025-09-11,2025,SESC AVENIDA PAULISTA,DEAFKIDS + TEST
9677,Ebony,2025-09-11,2025,CASA NATURA MUSICAL,EBONY
9678,Roupa Nova,2025-09-12,2025,CLUBE ATLETICO JUVENTUS,ROUPA NOVA
9679,DUDA BEAT,2025-09-12,2025,AUTODROMO DE INTERLAGOS,DUDA BEAT
9680,CeeLo Green,2025-09-12,2025,AUTODROMO DE INTERLAGOS,CEELO GREEN
9681,DEAFKIDS + Test,2025-09-12,2025,SESC AVENIDA PAULISTA,DEAFKIDS + TEST
9682,Rejeitados,2025-09-12,2025,CRUSP - CONJUNTO RESIDENCIAL DA USP,REJEITADOS
9683,Di Ferrero,2025-09-12,2025,AUTODROMO DE INTERLAGOS,DI FERRERO
9684,Timo Tolkki,2025-09-12,2025,GALERIA DO ROCK,TIMO TOLKKI
9685,Jason Derulo,2025-09-12,2025,AUTODROMO DE INTERLAGOS,JASON DERULO
9686,Luísa Sonza,2025-09-12,2025,AUTODROMO DE INTERLAGOS,LUISA SONZA
9687,Personas,2025-09-12,2025,LA IGLESIA BORRATXERIA,PERSONAS
9688,Colina,2025-09-12,2025,LA IGLESIA BORRATXERIA,COLINA
9689,Arnaldo Antunes,2025-09-12,2025,SESC PINHEIROS,ARNALDO ANTUNES
9690,PEDRO SAMPAIO,2025-09-12,2025,AUTODROMO DE INTERLAGOS,PEDRO SAMPAIO
9691,Leo Gandelman,2025-09-12,2025,AUTODROMO DE INTERLAGOS,LEO GANDELMAN
9692,Clarea,2025-09-12,2025,LA IGLESIA BORRATXERIA,CLAREA
9693,Trypophöbia,2025-09-12,2025,NIA,TRYPOPHOBIA
9694,Labirinto Crânio,2025-09-12,2025,CRUSP - CONJUNTO RESIDENCIAL DA USP,LABIRINTO CRANIO
9695,Gus Monsanto,2025-09-12,2025,GALERIA DO ROCK,GUS MONSANTO
9696,SKÁLD,2025-09-12,2025,CARIOCA CLUB,SKALD
9697,Guantas,2025-09-12,2025,SOL Y SOMBRA,GUANTAS
9698,Vulcano,2025-09-12,2025,BURNING HOUSE,VULCANO
9699,CONTORTION,2025-09-12,2025,BURNING HOUSE,CONTORTION
9700,Jota Quest,2025-09-12,2025,AUTODROMO DE INTERLAGOS,JOTA QUEST
9701,Kayblack,2025-09-12,2025,AUTODROMO DE INTERLAGOS,KAYBLACK
9702,Malevolent Creation,2025-09-12,2025,BURNING HOUSE,MALEVOLENT CREATION
9703,Tz da Coronel,2025-09-12,2025,AUTODROMO DE INTERLAGOS,TZ DA CORONEL
9704,Duquesa,2025-09-12,2025,AUTODROMO DE INTERLAGOS,DUQUESA
9705,Krisiun,2025-09-12,2025,BURNING HOUSE,KRISIUN
9706,Backstreet Boys,2025-09-12,2025,AUTODROMO DE INTERLAGOS,BACKSTREET BOYS
9707,Snarky Puppy,2025-09-12,2025,AUTODROMO DE INTERLAGOS,SNARKY PUPPY
9708,Brô MC's,2025-09-12,2025,AUTODROMO DE INTERLAGOS,BRO MC'S
9709,Dubdogz,2025-09-12,2025,AUTODROMO DE INTERLAGOS,DUBDOGZ
9710,Kaê Guajajara,2025-09-12,2025,AUTODROMO DE INTERLAGOS,KAE GUAJAJARA
9711,Danny D. Weirdo,2025-09-13,2025,LA IGLESIA BORRATXERIA,DANNY D. WEIRDO
9712,Johnny Hooker,2025-09-13,2025,SESC VILA MARIANA,JOHNNY HOOKER
9713,Arnaldo Antunes,2025-09-13,2025,SESC PINHEIROS,ARNALDO ANTUNES
9714,Jessie J,2025-09-13,2025,AUTODROMO DE INTERLAGOS,JESSIE J
9715,Odeon,2025-09-13,2025,HANGAR 110,ODEON
9716,D.E.R.,2025-09-13,2025,LA IGLESIA BORRATXERIA,D.E.R.
9717,Black Days,2025-09-13,2025,HANGAR 110,BLACK DAYS
9718,Emmercia,2025-09-13,2025,HANGAR 110,EMMERCIA
9719,Natasha Bedingfield,2025-09-13,2025,AUTODROMO DE INTERLAGOS,NATASHA BEDINGFIELD
9720,Mariah Carey,2025-09-13,2025,AUTODROMO DE INTERLAGOS,MARIAH CAREY
9721,Ivete Sangalo,2025-09-13,2025,AUTODROMO DE INTERLAGOS,IVETE SANGALO
9722,Invictus,2025-09-13,2025,LA IGLESIA BORRATXERIA,INVICTUS
9723,Strung Out,2025-09-13,2025,VIP STATION,STRUNG OUT
9724,Roots – Sepultura Tributo,2025-09-13,2025,CRASH CHURCH UNDERGROUND MINISTRY,ROOTS - SEPULTURA TRIBUTO
9725,Lionel Richie,2025-09-13,2025,AUTODROMO DE INTERLAGOS,LIONEL RICHIE
9726,Dente Canino,2025-09-13,2025,LA IGLESIA BORRATXERIA,DENTE CANINO
9727,Jacob Collier,2025-09-13,2025,AUTODROMO DE INTERLAGOS,JACOB COLLIER
9728,Sonora2,2025-09-13,2025,PALACIO TANGARA,SONORA2
9729,Chefin,2025-09-13,2025,AUTODROMO DE INTERLAGOS,CHEFIN
9730,Sophia Chablau e Uma Enorme Perda de Tempo,2025-09-13,2025,SESC BELENZINHO,SOPHIA CHABLAU E UMA ENORME PERDA DE TEMPO
9731,Liu,2025-09-13,2025,AUTODROMO DE INTERLAGOS,LIU
9732,JUNIOR,2025-09-13,2025,AUTODROMO DE INTERLAGOS,JUNIOR
9733,Stefanie,2025-09-13,2025,AUTODROMO DE INTERLAGOS,STEFANIE
9734,Belvedere,2025-09-13,2025,VIP STATION,BELVEDERE
9735,Gloria Groove,2025-09-13,2025,AUTODROMO DE INTERLAGOS,GLORIA GROOVE
9736,PRISCILLA,2025-09-13,2025,AUTODROMO DE INTERLAGOS,PRISCILLA
9737,Jesse & Joy,2025-09-13,2025,CINE JOIA,JESSE & JOY
9738,MC Livinho,2025-09-13,2025,AUTODROMO DE INTERLAGOS,MC LIVINHO
9739,Criolo,2025-09-13,2025,AUTODROMO DE INTERLAGOS,CRIOLO
9740,Os Garotin,2025-09-13,2025,AUTODROMO DE INTERLAGOS,OS GAROTIN
9741,Vanessa Moreno,2025-09-13,2025,AUTODROMO DE INTERLAGOS,VANESSA MORENO
9742,Péricles,2025-09-13,2025,AUTODROMO DE INTERLAGOS,PERICLES
9743,Authority Zero,2025-09-13,2025,VIP STATION,AUTHORITY ZERO
9744,Violeta de Outono,2025-09-14,2025,FABRIQUE CLUB,VIOLETA DE OUTONO
9745,Jacob Collier,2025-09-14,2025,AUTODROMO DE INTERLAGOS,JACOB COLLIER
9746,Fleshgod Apocalypse,2025-09-14,2025,TERRA SP,FLESHGOD APOCALYPSE
9747,Johnny Hooker,2025-09-14,2025,SESC VILA MARIANA,JOHNNY HOOKER
9748,Boston Manor,2025-09-14,2025,CITY LIGHTS MUSIC HALL,BOSTON MANOR
9749,Arnaldo Antunes,2025-09-14,2025,SESC PINHEIROS,ARNALDO ANTUNES
9750,Santa Cora,2025-09-14,2025,LA IGLESIA BORRATXERIA,SANTA CORA
9751,Retrato,2025-09-14,2025,FABRIQUE CLUB,RETRATO
9752,Epica,2025-09-14,2025,TERRA SP,EPICA
9753,HYDE,2025-09-14,2025,CARIOCA CLUB,HYDE
9754,Espectro,2025-09-14,2025,JAI CLUB,ESPECTRO
9755,Hällas,2025-09-14,2025,JAI CLUB,HALLAS
9756,Xênia França,2025-09-14,2025,SESC SANTANA,XENIA FRANCA
9757,Carol Biazin,2025-09-14,2025,AUTODROMO DE INTERLAGOS,CAROL BIAZIN
9758,LUDMILLA,2025-09-14,2025,AUTODROMO DE INTERLAGOS,LUDMILLA
9759,João Bosco,2025-09-14,2025,AUTODROMO DE INTERLAGOS,JOAO BOSCO
9760,Joelma,2025-09-14,2025,AUTODROMO DE INTERLAGOS,JOELMA
9761,Luis Mariutti,2025-09-14,2025,LA IGLESIA BORRATXERIA,LUIS MARIUTTI
9762,Maré Morta,2025-09-14,2025,CITY LIGHTS MUSIC HALL,MARE MORTA
9763,Oruã,2025-09-14,2025,FABRIQUE CLUB,ORUA
9764,A Place to Bury Strangers,2025-09-14,2025,FABRIQUE CLUB,A PLACE TO BURY STRANGERS
9765,Geraldo Azevedo,2025-09-14,2025,AUTODROMO DE INTERLAGOS,GERALDO AZEVEDO
9766,Felipe Cordeiro,2025-09-14,2025,AUTODROMO DE INTERLAGOS,FELIPE CORDEIRO
9767,J Balvin,2025-09-14,2025,AUTODROMO DE INTERLAGOS,J BALVIN
9768,Belo,2025-09-14,2025,AUTODROMO DE INTERLAGOS,BELO
9769,Jota.pê,2025-09-14,2025,AUTODROMO DE INTERLAGOS,JOTA.PE
9770,IZA,2025-09-14,2025,AUTODROMO DE INTERLAGOS,IZA
9771,Camila Cabello,2025-09-14,2025,AUTODROMO DE INTERLAGOS,CAMILA CABELLO
9772,Katy Perry,2025-09-14,2025,AUTODROMO DE INTERLAGOS,KATY PERRY
9773,ANNA,2025-09-14,2025,AUTODROMO DE INTERLAGOS,ANNA
9774,DENNIS,2025-09-14,2025,AUTODROMO DE INTERLAGOS,DENNIS
9775,Rachel Reis,2025-09-14,2025,AUTODROMO DE INTERLAGOS,RACHEL REIS
9776,Les Arts Florissants,2025-09-14,2025,TEATRO CULTURA ARTISTICA,LES ARTS FLORISSANTS
9777,Bufo Borealis,2025-09-14,2025,FABRIQUE CLUB,BUFO BOREALIS
9778,swave,2025-09-14,2025,CITY LIGHTS MUSIC HALL,SWAVE
9779,Les Arts Florissants,2025-09-15,2025,TEATRO CULTURA ARTISTICA,LES ARTS FLORISSANTS
9780,Aurora Rules,2025-09-15,2025,LA IGLESIA BORRATXERIA,AURORA RULES
9781,Fabio Golfetti,2025-09-16,2025,CENTRO DA TERRA,FABIO GOLFETTI
9782,Cemetery Skyline,2025-09-16,2025,HANGAR 110,CEMETERY SKYLINE
9783,Stefano Moliner,2025-09-17,2025,LA IGLESIA BORRATXERIA,STEFANO MOLINER
9784,Les Arts Florissants,2025-09-17,2025,TEATRO CULTURA ARTISTICA,LES ARTS FLORISSANTS
9785,Ca7riel & Paco Amoroso,2025-09-17,2025,AUDIO,CA7RIEL & PACO AMOROSO
9786,Dente Canino,2025-09-18,2025,RED STAR STUDIOS,DENTE CANINO
9787,Hate Moss,2025-09-18,2025,PORTA,HATE MOSS
9788,Tangolo Mangos,2025-09-18,2025,SESC VILA MARIANA,TANGOLO MANGOS
9789,Les Arts Florissants,2025-09-18,2025,TEATRO CULTURA ARTISTICA,LES ARTS FLORISSANTS
9790,Invictus,2025-09-18,2025,RED STAR STUDIOS,INVICTUS
9791,Infect,2025-09-18,2025,RED STAR STUDIOS,INFECT
9792,Karnak,2025-09-18,2025,CASA ROCKAMBOLE,KARNAK
9793,Arma,2025-09-19,2025,LA IGLESIA BORRATXERIA,ARMA
9794,Evilcult,2025-09-19,2025,LA IGLESIA BORRATXERIA,EVILCULT
9795,Letrux,2025-09-19,2025,CAIXA CULTURAL SAO PAULO,LETRUX
9796,Amazarak,2025-09-19,2025,LA IGLESIA BORRATXERIA,AMAZARAK
9797,Cordel do Fogo Encantado,2025-09-19,2025,VALE DO ANHANGABAU,CORDEL DO FOGO ENCANTADO
9798,Dead Fish,2025-09-19,2025,SESC BOM RETIRO,DEAD FISH
9799,Deb and The Mentals,2025-09-19,2025,PORTA,DEB AND THE MENTALS
9800,Roberto Fonseca,2025-09-19,2025,VALE DO ANHANGABAU,ROBERTO FONSECA
9801,Karnak,2025-09-19,2025,CASA ROCKAMBOLE,KARNAK
9802,Edu Lobo,2025-09-19,2025,TEATRO CULTURA ARTISTICA,EDU LOBO
9803,Infect,2025-09-19,2025,JAI CLUB,INFECT
9804,Paura,2025-09-19,2025,JAI CLUB,PAURA
9805,FBC,2025-09-19,2025,SESC BELENZINHO,FBC
9806,Deserdados,2025-09-19,2025,JAI CLUB,DESERDADOS
9807,Mahmundi,2025-09-19,2025,CAIXA CULTURAL SAO PAULO,MAHMUNDI
9808,Mastrobiso,2025-09-19,2025,PORTA,MASTROBISO
9809,Agravo,2025-09-19,2025,JAI CLUB,AGRAVO
9810,Cícero,2025-09-19,2025,CAIXA CULTURAL SAO PAULO,CICERO
9811,Lalssu,2025-09-20,2025,LA IGLESIA BORRATXERIA,LALSSU
9812,Votia,2025-09-20,2025,VALE DO ANHANGABAU,VOTIA
9813,Delgres,2025-09-20,2025,VALE DO ANHANGABAU,DELGRES
9814,Esperanza Spalding,2025-09-20,2025,AUDIO,ESPERANZA SPALDING
9815,Jorge Ben Jor,2025-09-20,2025,ESPACO UNIMED,JORGE BEN JOR
9816,Rue Oberkampf,2025-09-20,2025,MADAME CLUB,RUE OBERKAMPF
9817,Annie & The Caldwells,2025-09-20,2025,VALE DO ANHANGABAU,ANNIE & THE CALDWELLS
9818,Bixiga 70,2025-09-20,2025,VALE DO ANHANGABAU,BIXIGA 70
9819,Dora Morelenbaum,2025-09-20,2025,SESC BELENZINHO,DORA MORELENBAUM
9820,Velho,2025-09-20,2025,LA IGLESIA BORRATXERIA,VELHO
9821,Roots – Sepultura Tributo,2025-09-20,2025,GALERIA DO ROCK,ROOTS - SEPULTURA TRIBUTO
9822,Infect,2025-09-20,2025,ESTUDIO PAPRICA,INFECT
9823,Edgar,2025-09-20,2025,CENTRO CULTURAL TENDAL DA LAPA,EDGAR
9824,Lúcio Maia,2025-09-20,2025,CENTRO CULTURAL TENDAL DA LAPA,LUCIO MAIA
9825,Obscure Relic,2025-09-20,2025,LA IGLESIA BORRATXERIA,OBSCURE RELIC
9826,Spiritual Hate,2025-09-20,2025,LA IGLESIA BORRATXERIA,SPIRITUAL HATE
9827,Kaê Guajajara,2025-09-20,2025,CENTRO CULTURAL TENDAL DA LAPA,KAE GUAJAJARA
9828,Felipe Cordeiro,2025-09-20,2025,CENTRO CULTURAL TENDAL DA LAPA,FELIPE CORDEIRO
9829,FBC,2025-09-20,2025,SESC BELENZINHO,FBC
9830,Blasphemaniac,2025-09-20,2025,LA IGLESIA BORRATXERIA,BLASPHEMANIAC
9831,Gloria Perpetua,2025-09-21,2025,TRANSAMERICA EXPO CENTER,GLORIA PERPETUA
9832,Guilherme de Sá,2025-09-21,2025,CAMPO DE MARTE,GUILHERME DE SA
9833,Carlos Malta & Pife Muderno,2025-09-21,2025,VALE DO ANHANGABAU,CARLOS MALTA & PIFE MUDERNO
9834,Mork Visdom,2025-09-21,2025,LA IGLESIA BORRATXERIA,MORK VISDOM
9835,Ortinho,2025-09-21,2025,VALE DO ANHANGABAU,ORTINHO
9836,Subalternos,2025-09-21,2025,FENDA 315,SUBALTERNOS
9837,Lia de Itamaracá,2025-09-21,2025,VALE DO ANHANGABAU,LIA DE ITAMARACA
9838,Kill for Nothing,2025-09-21,2025,TRANSAMERICA EXPO CENTER,KILL FOR NOTHING
9839,Ubuntu Ensemble,2025-09-21,2025,IGREJA NOSSA SENHORA DO ROSARIO DOS HOMENS PRETOS,UBUNTU ENSEMBLE
9840,Tuyo,2025-09-21,2025,CASA ROCKAMBOLE,TUYO
9841,Lord Satanaquia,2025-09-21,2025,LA IGLESIA BORRATXERIA,LORD SATANAQUIA
9842,Luis Mariutti,2025-09-21,2025,TRANSAMERICA EXPO CENTER,LUIS MARIUTTI
9843,Eyshila,2025-09-21,2025,YAH CHURCH,EYSHILA
9844,Soviet Soviet,2025-09-21,2025,JAI CLUB,SOVIET SOVIET
9845,Academia da Berlinda,2025-09-21,2025,VALE DO ANHANGABAU,ACADEMIA DA BERLINDA
9846,Selvageria,2025-09-21,2025,MANIFESTO BAR,SELVAGERIA
9847,Bebê Feio,2025-09-21,2025,BAY AREA ESTUDIOS,BEBE FEIO
9848,88não!,2025-09-21,2025,FENDA 315,88NAO!
9849,Faca Preta,2025-09-21,2025,FENDA 315,FACA PRETA
9850,Neil Turbin,2025-09-21,2025,MANIFESTO BAR,NEIL TURBIN
9851,Sargeist,2025-09-21,2025,LA IGLESIA BORRATXERIA,SARGEIST
9852,ionnalee,2025-09-23,2025,CINE JOIA,IONNALEE
9853,Dexter,2025-09-23,2025,MATILHA CULTURAL,DEXTER
9854,águas,2025-09-23,2025,CASA ELEFANTE,AGUAS
9855,Walfredo em Busca da Simbiose,2025-09-25,2025,A PORTA MALDITA,WALFREDO EM BUSCA DA SIMBIOSE
9856,Vitão,2025-09-25,2025,SHOPPING VILA OLIMPIA,VITAO
9857,Vovô Bebê,2025-09-25,2025,SESC POMPEIA,VOVO BEBE
9858,Imminence,2025-09-25,2025,CARIOCA CLUB,IMMINENCE
9859,Stacey Kent,2025-09-25,2025,TEATRO CULTURA ARTISTICA,STACEY KENT
9860,Kryour,2025-09-25,2025,CARIOCA CLUB,KRYOUR
9861,Selvagens à Procura de Lei,2025-09-26,2025,BAR ALTO,SELVAGENS A PROCURA DE LEI
9862,CACO/CONCHA,2025-09-26,2025,A PORTA MALDITA,CACO/CONCHA
9863,Cigarros Molhados,2025-09-26,2025,LA IGLESIA BORRATXERIA,CIGARROS MOLHADOS
9864,Polako,2025-09-26,2025,LA IGLESIA BORRATXERIA,POLAKO
9865,Leather,2025-09-26,2025,MALTA ROCK BAR,LEATHER
9866,Dexter,2025-09-26,2025,SESC POMPEIA,DEXTER
9867,Júnior Groovador,2025-09-26,2025,GOELA,JUNIOR GROOVADOR
9868,Vespas Mandarinas,2025-09-26,2025,LA IGLESIA BORRATXERIA,VESPAS MANDARINAS
9869,Dibob,2025-09-26,2025,JAI CLUB,DIBOB
9870,Antiprisma,2025-09-26,2025,ESTUDIO AURORA,ANTIPRISMA
9871,Oruã,2025-09-26,2025,AUDITORIO MIS,ORUA
9872,Raça Negra,2025-09-26,2025,ESPACO UNIMED,RACA NEGRA
9873,No Te Va Gustar,2025-09-26,2025,CINE JOIA,NO TE VA GUSTAR
9874,The Sisters of Mercy,2025-09-26,2025,TOKIO MARINE HALL,THE SISTERS OF MERCY
9875,3 Pipe Problem,2025-09-26,2025,TOKIO MARINE HALL,3 PIPE PROBLEM
9876,Ana Frango Elétrico,2025-09-26,2025,AUDIO,ANA FRANGO ELETRICO
9877,Alívio Cômico,2025-09-27,2025,CASA ALGOHITS,ALIVIO COMICO
9878,Blades of Steel,2025-09-27,2025,LA IGLESIA BORRATXERIA,BLADES OF STEEL
9879,Anette Olzon,2025-09-27,2025,VIP STATION,ANETTE OLZON
9880,Magistry,2025-09-27,2025,VIP STATION,MAGISTRY
9881,Imundos,2025-09-27,2025,LA IGLESIA BORRATXERIA,IMUNDOS
9882,Innabrain,2025-09-27,2025,PRACA ROTARY,INNABRAIN
9883,Santo Graal,2025-09-27,2025,LA IGLESIA BORRATXERIA,SANTO GRAAL
9884,Fernanda Abreu,2025-09-27,2025,SESC 14 BIS,FERNANDA ABREU
9885,Dexter,2025-09-27,2025,SESC POMPEIA,DEXTER
9886,Rancore,2025-09-27,2025,HANGAR 110,RANCORE
9887,Titãs,2025-09-27,2025,PARQUE VILLA-LOBOS,TITAS
9888,Paulo Ricardo,2025-09-27,2025,PARQUE VILLA-LOBOS,PAULO RICARDO
9889,Claudia Leitte,2025-09-27,2025,SUHAI MUSIC HALL,CLAUDIA LEITTE
9890,High Moonlight,2025-09-27,2025,LA IGLESIA BORRATXERIA,HIGH MOONLIGHT
9891,Garotos Podres,2025-09-27,2025,SESC BELENZINHO,GAROTOS PODRES
9892,Trovão,2025-09-27,2025,BURNING HOUSE,TROVAO
9893,Ira!,2025-09-27,2025,PARQUE VILLA-LOBOS,IRA!
9894,Pé de Sonho,2025-09-27,2025,TEATRO B32,PE DE SONHO
9895,Ultraje a rigor,2025-09-27,2025,PARQUE VILLA-LOBOS,ULTRAJE A RIGOR
9896,Raimundos,2025-09-27,2025,PARQUE VILLA-LOBOS,RAIMUNDOS
9897,Reação em Cadeia,2025-09-27,2025,AUDIO,REACAO EM CADEIA
9898,Tutu,2025-09-27,2025,CASA ALGOHITS,TUTU
9899,Seu Jorge,2025-09-27,2025,VIBRA SAO PAULO,SEU JORGE
9900,Pato Fu,2025-09-27,2025,PARQUE VILLA-LOBOS,PATO FU
9901,Hurtmold,2025-09-27,2025,SALAD DAYS,HURTMOLD
9902,Nenhum de Nós,2025-09-27,2025,PARQUE VILLA-LOBOS,NENHUM DE NOS
9903,Tihuana,2025-09-27,2025,PARQUE VILLA-LOBOS,TIHUANA
9904,Biquini,2025-09-27,2025,PARQUE VILLA-LOBOS,BIQUINI
9905,Nando Reis,2025-09-27,2025,PARQUE VILLA-LOBOS,NANDO REIS
9907,Krisiun,2025-09-28,2025,PARQUE TIQUATIRA,KRISIUN
9908,Em Ruínas,2025-09-28,2025,FOFINHO ROCK CLUB,EM RUINAS
9909,Ana Cañas,2025-09-28,2025,SESC VILA MARIANA,ANA CANAS
9910,Behemoth,2025-09-28,2025,TERRA SP,BEHEMOTH
9911,Rancore,2025-09-28,2025,HANGAR 110,RANCORE
9912,Mahmundi,2025-09-28,2025,CAIXA CULTURAL SAO PAULO,MAHMUNDI
9913,Nidhogg,2025-09-28,2025,TERRA SP,NIDHOGG
9914,40 Fingers,2025-09-28,2025,VIBRA SAO PAULO,40 FINGERS
9915,Mateus Fazeno Rock,2025-09-28,2025,CASA NATURA MUSICAL,MATEUS FAZENO ROCK
9916,Bittencourt Project,2025-09-28,2025,MANIFESTO BAR,BITTENCOURT PROJECT
9917,KANGDANIEL,2025-09-28,2025,CINE JOIA,KANGDANIEL
9918,Leif Ove Andsnes,2025-09-28,2025,TEATRO CULTURA ARTISTICA,LEIF OVE ANDSNES
9919,Kacey Musgraves,2025-09-28,2025,AUDIO,KACEY MUSGRAVES
9920,Deicide,2025-09-28,2025,TERRA SP,DEICIDE
9921,Leif Ove Andsnes,2025-09-29,2025,TEATRO CULTURA ARTISTICA,LEIF OVE ANDSNES
9922,Ca7riel & Paco Amoroso,2025-09-30,2025,ALLIANZ PARQUE,CA7RIEL & PACO AMOROSO
9923,Kendrick Lamar,2025-09-30,2025,ALLIANZ PARQUE,KENDRICK LAMAR
9924,Toquinho,2025-09-30,2025,ESTUDIOS GLOBO SAO PAULO,TOQUINHO
9925,Cidade Negra,2025-09-30,2025,ESTUDIOS GLOBO SAO PAULO,CIDADE NEGRA
9926,Rachel Chinouriri,2025-10-01,2025,CINE JOIA,RACHEL CHINOURIRI
9927,Hate,2025-10-02,2025,BURNING HOUSE,HATE
9928,De La Soul,2025-10-02,2025,AUDIO,DE LA SOUL
9929,Vera Fischer Era Clubber,2025-10-02,2025,SESC POMPEIA,VERA FISCHER ERA CLUBBER
9930,Naima Bock,2025-10-02,2025,PORTA,NAIMA BOCK
9931,Giovani Cidreira,2025-10-02,2025,CASA DE FRANCISCA,GIOVANI CIDREIRA
9932,Chico Bernardes,2025-10-02,2025,PORTA,CHICO BERNARDES
9933,Chaos Synopsis,2025-10-02,2025,BURNING HOUSE,CHAOS SYNOPSIS
9934,Vltimas,2025-10-02,2025,BURNING HOUSE,VLTIMAS
9935,TootArd,2025-10-02,2025,SESC AVENIDA PAULISTA,TOOTARD
9936,The Calling,2025-10-02,2025,KISS FM STUDIOS,THE CALLING
9937,Candy Mel,2025-10-03,2025,SESC POMPEIA,CANDY MEL
9938,Macabro,2025-10-03,2025,LA IGLESIA BORRATXERIA,MACABRO
9939,Rom Santana,2025-10-03,2025,SOL Y SOMBRA,ROM SANTANA
9940,Vanguart,2025-10-03,2025,SESC BELENZINHO,VANGUART
9941,Evaya,2025-10-03,2025,MAMAE BAR,EVAYA
9942,Retromorcego,2025-10-03,2025,LA IGLESIA BORRATXERIA,RETROMORCEGO
9943,CPM 22,2025-10-03,2025,SAO PAULO OKTOBERFEST,CPM 22
9944,Lagum,2025-10-03,2025,ESPACO UNIMED,LAGUM
9945,"Thalin, Cravinhos, VCR Slim, Pirlo & iloveyoulangelo",2025-10-03,2025,SESC VILA MARIANA,"THALIN, CRAVINHOS, VCR SLIM, PIRLO & ILOVEYOULANGELO"
9946,Bullet Bane,2025-10-03,2025,FABRIQUE CLUB,BULLET BANE
9947,Bayside Kings,2025-10-03,2025,FABRIQUE CLUB,BAYSIDE KINGS
9948,Bebê Feio,2025-10-03,2025,LA IGLESIA BORRATXERIA,BEBE FEIO
9949,TootArd,2025-10-03,2025,SESC AVENIDA PAULISTA,TOOTARD
9950,Caxtrinho,2025-10-03,2025,PORTA,CAXTRINHO
9951,Krisiun,2025-10-03,2025,CITY LIGHTS MUSIC HALL,KRISIUN
9952,Mukeka di Rato,2025-10-04,2025,HANGAR 110,MUKEKA DI RATO
9953,ANAVITÓRIA,2025-10-04,2025,ESPACO UNIMED,ANAVITORIA
9954,Ava Rocha,2025-10-04,2025,SESC POMPEIA,AVA ROCHA
9955,"Mônica Salmaso, André Mehmari",2025-10-04,2025,SESC PINHEIROS,"MONICA SALMASO, ANDRE MEHMARI"
9956,Leptospirose,2025-10-04,2025,HANGAR 110,LEPTOSPIROSE
9957,Steinkrug,2025-10-04,2025,LA IGLESIA BORRATXERIA,STEINKRUG
9958,Maria Bethânia,2025-10-04,2025,TOKIO MARINE HALL,MARIA BETHANIA
9959,Electric Gypsy,2025-10-04,2025,LA IGLESIA BORRATXERIA,ELECTRIC GYPSY
9960,Nite Stinger,2025-10-04,2025,LA IGLESIA BORRATXERIA,NITE STINGER
9961,from20 & HELLO GLOOM,2025-10-04,2025,STUDIO STAGE,FROM20 & HELLO GLOOM
9962,D.F.C.,2025-10-04,2025,HANGAR 110,D.F.C.
9963,Rachel Reis,2025-10-05,2025,SESC VILA MARIANA,RACHEL REIS
9964,ANAVITÓRIA,2025-10-05,2025,ESPACO UNIMED,ANAVITORIA
9966,Dani Black,2025-10-05,2025,CASA NATURA MUSICAL,DANI BLACK
9967,Evaya,2025-10-05,2025,GARAGEM BELEZA,EVAYA
9968,Docaos,2025-10-05,2025,LA IGLESIA BORRATXERIA,DOCAOS
9969,Pense,2025-10-05,2025,LA IGLESIA BORRATXERIA,PENSE
9970,Lamp,2025-10-05,2025,CINE JOIA,LAMP
9971,Maria Bethânia,2025-10-05,2025,TOKIO MARINE HALL,MARIA BETHANIA
9972,Bullet Bane,2025-10-06,2025,CASA ROCKAMBOLE,BULLET BANE
9973,BAD LUV,2025-10-06,2025,CASA ROCKAMBOLE,BAD LUV
9974,João Gomes,2025-10-07,2025,GOOGLE,JOAO GOMES
9975,Karen Dió,2025-10-07,2025,CASA ROCKAMBOLE,KAREN DIO
9976,Gilberto Gil,2025-10-07,2025,ESTUDIOS GLOBO SAO PAULO,GILBERTO GIL
9977,Tom Zé,2025-10-08,2025,ESTUDIO TV CULTURA,TOM ZE
9978,Paura,2025-10-08,2025,BURNING HOUSE,PAURA
9979,Cro‐Mags,2025-10-08,2025,BURNING HOUSE,CRO-MAGS
9980,Xangai,2025-10-08,2025,CENTRO CULTURAL SAO PAULO,XANGAI
9981,Toni Tornado,2025-10-09,2025,SESC CONSOLACAO,TONI TORNADO
9982,maquinas,2025-10-09,2025,FFFRONT,MAQUINAS
9983,Matute,2025-10-09,2025,TEATRO BRADESCO,MATUTE
9984,Trio Sabiá,2025-10-09,2025,CENTRO CULTURAL SAO PAULO,TRIO SABIA
9985,Chococorn and the Sugarcanes,2025-10-09,2025,CINECLUBE CORTINA,CHOCOCORN AND THE SUGARCANES
9986,Pelados,2025-10-09,2025,CINECLUBE CORTINA,PELADOS
9987,Thaíde,2025-10-09,2025,CENTRO CULTURAL SAO PAULO,THAIDE
9988,Nina Maia,2025-10-09,2025,CINECLUBE CORTINA,NINA MAIA
9989,Throw Me to the Wolves,2025-10-09,2025,CARIOCA CLUB,THROW ME TO THE WOLVES
9990,Exodus,2025-10-09,2025,CARIOCA CLUB,EXODUS
9991,Lenna Bahule,2025-10-09,2025,CASA NATURA MUSICAL,LENNA BAHULE
9992,CRAS,2025-10-10,2025,LA IGLESIA BORRATXERIA,CRAS
9993,Siegrid Ingrid,2025-10-10,2025,LA IGLESIA BORRATXERIA,SIEGRID INGRID
9994,Neural Wreck,2025-10-10,2025,LA IGLESIA BORRATXERIA,NEURAL WRECK
9995,Rogério Skylab,2025-10-10,2025,CARIOCA CLUB,ROGERIO SKYLAB
9996,InRaza,2025-10-10,2025,LA IGLESIA BORRATXERIA,INRAZA
9997,Negra Li,2025-10-10,2025,CINE JOIA,NEGRA LI
9998,Totô de Babalong,2025-10-10,2025,FUNILARIA,TOTO DE BABALONG
9999,Joyce,2025-10-10,2025,SESC PINHEIROS,JOYCE
10000,The Damnation,2025-10-10,2025,LA IGLESIA BORRATXERIA,THE DAMNATION
10001,The Damnnation,2025-10-10,2025,LA IGLESIA BORRATXERIA,THE DAMNNATION
10002,Ladrones,2025-10-10,2025,BURNING HOUSE,LADRONES
10003,Kenny G,2025-10-10,2025,ESPACO UNIMED,KENNY G
10004,Phill Veras,2025-10-10,2025,TEATRO MOOCA,PHILL VERAS
10005,Joker,2025-10-10,2025,A PORTA MALDITA,JOKER
10006,Death Before Dishonor,2025-10-10,2025,BURNING HOUSE,DEATH BEFORE DISHONOR
10007,Odeon,2025-10-10,2025,BURNING HOUSE,ODEON
10008,DJ Dolores,2025-10-10,2025,CENTRO CULTURAL SAO PAULO,DJ DOLORES
10009,Il Volo,2025-10-10,2025,VIBRA SAO PAULO,IL VOLO
10010,Worst,2025-10-10,2025,BURNING HOUSE,WORST
10011,Big,2025-10-10,2025,A PORTA MALDITA,BIG
10012,Mestre Ambrósio,2025-10-10,2025,CENTRO CULTURAL SAO PAULO,MESTRE AMBROSIO
10013,Sem Remorso,2025-10-11,2025,CASA DA MUSICA,SEM REMORSO
10014,Ritual,2025-10-11,2025,CASA DA MUSICA,RITUAL
10015,Eduardo Falaschi,2025-10-11,2025,MANIFESTO BAR,EDUARDO FALASCHI
10016,Pugno,2025-10-11,2025,HANGAR 110,PUGNO
10017,Humberto Gessinger,2025-10-11,2025,ESPACO UNIMED,HUMBERTO GESSINGER
10018,Under Influence,2025-10-11,2025,VIP STATION,UNDER INFLUENCE
10019,Codeine,2025-10-11,2025,CITY LIGHTS MUSIC HALL,CODEINE
10020,Brujería,2025-10-11,2025,FABRIQUE CLUB,BRUJERIA
10021,Black Pantera,2025-10-11,2025,HANGAR 110,BLACK PANTERA
10022,Cigar,2025-10-11,2025,VIP STATION,CIGAR
10023,Joyce,2025-10-11,2025,SESC PINHEIROS,JOYCE
10024,Gabriel Thomaz,2025-10-11,2025,LAJE,GABRIEL THOMAZ
10025,Lagwagon,2025-10-11,2025,VIP STATION,LAGWAGON
10026,Guandu,2025-10-11,2025,CITY LIGHTS MUSIC HALL,GUANDU
10027,Punho de Mahin,2025-10-11,2025,HANGAR 110,PUNHO DE MAHIN
10028,águas,2025-10-11,2025,LAJE,AGUAS
10029,Surra,2025-10-11,2025,CASA DA MUSICA,SURRA
10030,Tilman Hoppstock,2025-10-11,2025,TEATRO CULTURA ARTISTICA,TILMAN HOPPSTOCK
10031,Tulipa Ruiz,2025-10-11,2025,SESC SANTO AMARO,TULIPA RUIZ
10032,Klitoria,2025-10-11,2025,CASA DA MUSICA,KLITORIA
10033,Maria Bethânia,2025-10-11,2025,TOKIO MARINE HALL,MARIA BETHANIA
10034,Luedji Luna,2025-10-11,2025,CASA NATURA MUSICAL,LUEDJI LUNA
10035,Jovens Ateus,2025-10-11,2025,CASA DA MUSICA,JOVENS ATEUS
10036,Lasso,2025-10-11,2025,CASA DA MUSICA,LASSO
10037,Ana Castela,2025-10-11,2025,SUHAI MUSIC HALL,ANA CASTELA
10038,Liträo,2025-10-11,2025,CASA DA MUSICA,LITRAO
10039,DJ Tudo,2025-10-11,2025,CENTRO CULTURAL SAO PAULO,DJ TUDO
10040,Tom Zé,2025-10-11,2025,CENTRO CULTURAL SAO PAULO,TOM ZE
10041,Il Volo,2025-10-11,2025,VIBRA SAO PAULO,IL VOLO
10042,The Birthday Party Band,2025-10-11,2025,PORTA,THE BIRTHDAY PARTY BAND
10043,Cícero,2025-10-11,2025,AUDIO,CICERO
10044,Ema Stoned,2025-10-11,2025,SESC BELENZINHO,EMA STONED
10045,Offside,2025-10-12,2025,CASA DA MUSICA,OFFSIDE
10046,Ema Stoned,2025-10-12,2025,SESC BELENZINHO,EMA STONED
10047,Rom Santana,2025-10-12,2025,CASA DE FRANCISCA,ROM SANTANA
10048,Distant Shores,2025-10-12,2025,LA IGLESIA BORRATXERIA,DISTANT SHORES
10049,Abstracted,2025-10-12,2025,LA IGLESIA BORRATXERIA,ABSTRACTED
10050,Stryker,2025-10-12,2025,CASA DA MUSICA,STRYKER
10051,Il Volo,2025-10-12,2025,VIBRA SAO PAULO,IL VOLO
10052,The Calling,2025-10-12,2025,AUDIO,THE CALLING
10053,Declive,2025-10-12,2025,CASA DA MUSICA,DECLIVE
10054,Institution,2025-10-12,2025,CASA DA MUSICA,INSTITUTION
10055,Alerta vermelho,2025-10-12,2025,CASA DA MUSICA,ALERTA VERMELHO
10056,Despize,2025-10-12,2025,CASA DA MUSICA,DESPIZE
10057,Oblivionist,2025-10-12,2025,LA IGLESIA BORRATXERIA,OBLIVIONIST
10058,Paradox Method,2025-10-12,2025,LA IGLESIA BORRATXERIA,PARADOX METHOD
10059,Maria Bethânia,2025-10-12,2025,TOKIO MARINE HALL,MARIA BETHANIA
10060,Eduardo Gudin,2025-10-13,2025,BONA CASA DE MUSICA,EDUARDO GUDIN
10061,Kiko Dinucci,2025-10-13,2025,CENTRO DA TERRA,KIKO DINUCCI
10062,Cleiton Rasta,2025-10-13,2025,FATIADO DISCOS E CERVEJAS ESPECIAIS,CLEITON RASTA
10063,Baaba Maal,2025-10-14,2025,SESC POMPEIA,BAABA MAAL
10064,Marina Sena,2025-10-14,2025,,MARINA SENA
10065,Metá Metá,2025-10-14,2025,GOOGLE,META META
10066,Gilberto Gil,2025-10-14,2025,PARQUE VILLA-LOBOS,GILBERTO GIL
10067,"Jeff Mills, Prabhu Edouard & Jean-Philippe Dary",2025-10-14,2025,CASA NATURA MUSICAL,"JEFF MILLS, PRABHU EDOUARD & JEAN-PHILIPPE DARY"
10068,Baaba Maal,2025-10-15,2025,SESC POMPEIA,BAABA MAAL
10069,Leon Gurfein y Las Gatas Embarazadas,2025-10-15,2025,MAMAE BAR,LEON GURFEIN Y LAS GATAS EMBARAZADAS
10070,Dom Salvador,2025-10-15,2025,TEATRO SESC POMPEIA,DOM SALVADOR
10071,Ginger and the Peppers,2025-10-16,2025,LA IGLESIA BORRATXERIA,GINGER AND THE PEPPERS
10072,Chuva Negra,2025-10-16,2025,ALGO HITS,CHUVA NEGRA
10073,Marsilak,2025-10-16,2025,LA IGLESIA BORRATXERIA,MARSILAK
10074,Alogte Oho and his Sounds of Joy,2025-10-16,2025,SESC POMPEIA,ALOGTE OHO AND HIS SOUNDS OF JOY
10075,Juvi,2025-10-16,2025,PICLES CARDEAL,JUVI
10076,Dom Salvador,2025-10-16,2025,TEATRO SESC POMPEIA,DOM SALVADOR
10077,Julia Mestre,2025-10-16,2025,CASA NATURA MUSICAL,JULIA MESTRE
10078,SiM,2025-10-17,2025,AUDIO,SIM
10079,Lavínia Alves,2025-10-17,2025,BONA CASA DE MUSICA,LAVINIA ALVES
10080,swave,2025-10-17,2025,CITY LIGHTS MUSIC HALL,SWAVE
10081,The Dead South,2025-10-17,2025,CARIOCA CLUB,THE DEAD SOUTH
10082,Peach Eyes,2025-10-17,2025,LA IGLESIA BORRATXERIA,PEACH EYES
10083,Chico César,2025-10-17,2025,SESC BELENZINHO,CHICO CESAR
10084,Maremoto,2025-10-17,2025,CASA LAB,MAREMOTO
10085,Steven Wilson,2025-10-17,2025,TOKIO MARINE HALL,STEVEN WILSON
10086,BRAZA,2025-10-17,2025,SESC BELENZINHO,BRAZA
10087,eliminadorzinho,2025-10-17,2025,CASA ROCKAMBOLE,ELIMINADORZINHO
10088,MC Livinho,2025-10-17,2025,MERCADO LIVRE ARENA PACAEMBU,MC LIVINHO
10089,Funérea,2025-10-17,2025,LA IGLESIA BORRATXERIA,FUNEREA
10090,Carol Biazin,2025-10-17,2025,MERCADO LIVRE ARENA PACAEMBU,CAROL BIAZIN
10091,Dom Salvador,2025-10-17,2025,TEATRO SESC POMPEIA,DOM SALVADOR
10092,Gilberto Gil,2025-10-17,2025,ALLIANZ PARQUE,GILBERTO GIL
10093,Alogte Oho and his Sounds of Joy,2025-10-17,2025,SESC POMPEIA,ALOGTE OHO AND HIS SOUNDS OF JOY
10094,Dado Villa‐Lobos,2025-10-17,2025,CLUBE ATLETICO JUVENTUS,DADO VILLA-LOBOS
10095,Samuel Rosa,2025-10-17,2025,CLUBE ATLETICO JUVENTUS,SAMUEL ROSA
10096,Magnólia,2025-10-17,2025,LA IGLESIA BORRATXERIA,MAGNOLIA
10097,Ema Stoned,2025-10-17,2025,LAJE,EMA STONED
10098,Luísa Sonza,2025-10-17,2025,MERCADO LIVRE ARENA PACAEMBU,LUISA SONZA
10099,Institution,2025-10-17,2025,BAR ALTO,INSTITUTION
10100,Escombro,2025-10-17,2025,BAY AREA ESTUDIOS,ESCOMBRO
10101,Dharma Numb,2025-10-17,2025,BAR ALTO,DHARMA NUMB
10102,Toquinho,2025-10-17,2025,ESPACO UNIMED,TOQUINHO
10103,Rise of the Northstar,2025-10-18,2025,FABRIQUE CLUB,RISE OF THE NORTHSTAR
10104,Metalucifer,2025-10-18,2025,HANGAR 110,METALUCIFER
10105,Anitta,2025-10-18,2025,,ANITTA
10106,BRAZA,2025-10-18,2025,SESC BELENZINHO,BRAZA
10107,Distimia Felt,2025-10-18,2025,LA IGLESIA BORRATXERIA,DISTIMIA FELT
10108,Kumpania Algazarra,2025-10-18,2025,SESC VILA MARIANA,KUMPANIA ALGAZARRA
10109,Terceira Guerra,2025-10-18,2025,LA IGLESIA BORRATXERIA,TERCEIRA GUERRA
10110,Kryour,2025-10-18,2025,LA IGLESIA BORRATXERIA,KRYOUR
10111,Spectral Despair,2025-10-18,2025,LA IGLESIA BORRATXERIA,SPECTRAL DESPAIR
10112,Sélène Saint‐Aimé,2025-10-18,2025,TEATRO SESC POMPEIA,SELENE SAINT-AIME
10113,Tigran Hamasyan,2025-10-18,2025,SESC 14 BIS,TIGRAN HAMASYAN
10114,Ballet Clandestino,2025-10-18,2025,DEPOIS DO FIM DO MUNDO ESTUDIO,BALLET CLANDESTINO
10115,Power from Hell,2025-10-18,2025,HANGAR 110,POWER FROM HELL
10116,The Black Spade,2025-10-18,2025,HANGAR 110,THE BLACK SPADE
10117,Kaya Conky,2025-10-18,2025,VIP STATION,KAYA CONKY
10118,Bayside Kings,2025-10-18,2025,FABRIQUE CLUB,BAYSIDE KINGS
10119,Cleiton Rasta,2025-10-18,2025,QUINTAL DO MINHOCAO,CLEITON RASTA
10120,Orquestra Sinfônica do Estado de São Paulo,2025-10-18,2025,SALA SAO PAULO,ORQUESTRA SINFONICA DO ESTADO DE SAO PAULO
10121,Cruel Force,2025-10-18,2025,HANGAR 110,CRUEL FORCE
10122,Sabathan,2025-10-18,2025,HANGAR 110,SABATHAN
10123,Chico César,2025-10-18,2025,SESC BELENZINHO,CHICO CESAR
10124,FIGUEROAS,2025-10-18,2025,SESC INTERLAGOS,FIGUEROAS
10125,Dennis e o Cão da Meia-Noite,2025-10-18,2025,DEPOIS DO FIM DO MUNDO ESTUDIO,DENNIS E O CAO DA MEIA-NOITE
10126,Labirinto Crânio,2025-10-18,2025,DEPOIS DO FIM DO MUNDO ESTUDIO,LABIRINTO CRANIO
10127,Darvin,2025-10-18,2025,AUGUSTA HI-FI,DARVIN
10128,Danny Bond,2025-10-18,2025,VIP STATION,DANNY BOND
10129,Luiz Caldas,2025-10-18,2025,SESC PINHEIROS,LUIZ CALDAS
10130,Fábio Jr.,2025-10-18,2025,SUHAI MUSIC HALL,FABIO JR.
10131,Gilberto Gil,2025-10-18,2025,ALLIANZ PARQUE,GILBERTO GIL
10132,B5,2025-10-18,2025,AUGUSTA HI-FI,B5
10133,Sujera,2025-10-18,2025,FABRIQUE CLUB,SUJERA
10134,Luedji Luna,2025-10-18,2025,SESC POMPEIA,LUEDJI LUNA
10135,Emicaeli,2025-10-18,2025,NIA,EMICAELI
10136,Maria Bethânia,2025-10-19,2025,TOKIO MARINE HALL,MARIA BETHANIA
10137,ROT,2025-10-19,2025,CASA DE CULTURA DO BUTANTA,ROT
10138,Pato Fu,2025-10-19,2025,SESC ITAQUERA,PATO FU
10139,Rom Santana,2025-10-19,2025,FUNILARIA,ROM SANTANA
10140,Rincon Sapiência,2025-10-19,2025,PARQUE VILLA-LOBOS,RINCON SAPIENCIA
10141,Oz Guarani,2025-10-19,2025,PARQUE VILLA-LOBOS,OZ GUARANI
10142,High Moonlight,2025-10-19,2025,LA IGLESIA BORRATXERIA,HIGH MOONLIGHT
10143,Sandra de Sá,2025-10-19,2025,PARQUE VILLA-LOBOS,SANDRA DE SA
10144,Rebuke,2025-10-19,2025,FFFRONT,REBUKE
10145,Getúlio Abelha,2025-10-19,2025,PARQUE VILLA-LOBOS,GETULIO ABELHA
10146,Saulo Duarte,2025-10-19,2025,PARQUE VILLA-LOBOS,SAULO DUARTE
10147,Mariana Aydar,2025-10-19,2025,PALACIO TANGARA,MARIANA AYDAR
10148,Tigran Hamasyan,2025-10-19,2025,SESC 14 BIS,TIGRAN HAMASYAN
10149,Ratas Rabiosas,2025-10-19,2025,CASA DE CULTURA DO BUTANTA,RATAS RABIOSAS
10150,Aguidavi do Jêje,2025-10-19,2025,TEATRO SESC POMPEIA,AGUIDAVI DO JEJE
10151,Hefesto,2025-10-19,2025,LA IGLESIA BORRATXERIA,HEFESTO
10152,Pense,2025-10-19,2025,CENTRO CULTURAL SANTO AMARO,PENSE
10153,Maglore,2025-10-19,2025,SESC VILA MARIANA,MAGLORE
10154,Aláfia,2025-10-19,2025,SESC POMPEIA,ALAFIA
10155,Chico César,2025-10-19,2025,SESC BELENZINHO,CHICO CESAR
10156,Vazio,2025-10-19,2025,CASA DE CULTURA DO BUTANTA,VAZIO
10157,Questions,2025-10-19,2025,CASA DE CULTURA DO BUTANTA,QUESTIONS
10158,Cyberpunch,2025-10-19,2025,LA IGLESIA BORRATXERIA,CYBERPUNCH
10159,Mortruz,2025-10-19,2025,LA IGLESIA BORRATXERIA,MORTRUZ
10160,Luedji Luna,2025-10-19,2025,SESC POMPEIA,LUEDJI LUNA
10161,Bem Gil,2025-10-20,2025,BONA CASA DE MUSICA,BEM GIL
10163,Juçara Marçal,2025-10-20,2025,CENTRO DA TERRA,JUCARA MARCAL
10164,Cleiton Rasta,2025-10-20,2025,FATIADO DISCOS E CERVEJAS ESPECIAIS,CLEITON RASTA
10165,Péricles,2025-10-21,2025,GOOGLE,PERICLES
10166,Di Ferrero,2025-10-22,2025,AUDIO,DI FERRERO
10167,Michale Graves,2025-10-22,2025,GALERIA DO ROCK,MICHALE GRAVES
10168,Hurricanes,2025-10-22,2025,BLUE NOTE SAO PAULO,HURRICANES
10169,John Pizzarelli,2025-10-22,2025,BOURBON STREET MUSIC CLUB,JOHN PIZZARELLI
10170,Katy da Voz e as Abusadas,2025-10-22,2025,ZIG DUPLEX,KATY DA VOZ E AS ABUSADAS
10171,Rauw Alejandro,2025-10-22,2025,VIBRA SAO PAULO,RAUW ALEJANDRO
10172,Fim do Silêncio,2025-10-23,2025,LA IGLESIA BORRATXERIA,FIM DO SILENCIO
10173,Ocean Alley,2025-10-23,2025,AUDIO,OCEAN ALLEY
10174,Fantazmaz,2025-10-23,2025,LA IGLESIA BORRATXERIA,FANTAZMAZ
10175,Odair José,2025-10-23,2025,CINEMATECA BRASILEIRA,ODAIR JOSE
10176,Yellow Days,2025-10-23,2025,CINE JOIA,YELLOW DAYS
10177,Walfredo em Busca da Simbiose,2025-10-23,2025,CASA ROCKAMBOLE,WALFREDO EM BUSCA DA SIMBIOSE
10178,Moonlight Benjamin,2025-10-23,2025,SESC POMPEIA,MOONLIGHT BENJAMIN
10179,Porno Massacre,2025-10-23,2025,LA IGLESIA BORRATXERIA,PORNO MASSACRE
10180,Arrigo Barnabé,2025-10-23,2025,PICLES CARDEAL,ARRIGO BARNABE
10181,Hugo Fattoruso,2025-10-23,2025,SESC 14 BIS,HUGO FATTORUSO
10182,De Mar Y Rio,2025-10-24,2025,SESC POMPEIA,DE MAR Y RIO
10183,Bryony Jarman-Pinto,2025-10-24,2025,TEATRO SESC POMPEIA,BRYONY JARMAN-PINTO
10184,Mandiê,2025-10-24,2025,PORAO DA CERVEJA,MANDIE
10185,planetesauvage,2025-10-24,2025,PORAO DA CERVEJA,PLANETESAUVAGE
10186,As Mercenárias,2025-10-24,2025,PORTA,AS MERCENARIAS
10187,P1Harmony,2025-10-24,2025,VIBRA SAO PAULO,P1HARMONY
10188,Os Paralamas do Sucesso,2025-10-24,2025,ESPACO UNIMED,OS PARALAMAS DO SUCESSO
10189,Smag På Dig Selv,2025-10-24,2025,SESC AVENIDA PAULISTA,SMAG PA DIG SELV
10190,Hugo Fattoruso,2025-10-24,2025,SESC 14 BIS,HUGO FATTORUSO
10191,Vanessa da Mata,2025-10-24,2025,ARCA SPACES,VANESSA DA MATA
10192,Rappin’ Hood,2025-10-24,2025,ESPACO USINE,RAPPIN' HOOD
10193,Before Breathing,2025-10-24,2025,ARENA GALERIA,BEFORE BREATHING
10194,Skin Culture,2025-10-24,2025,ARENA GALERIA,SKIN CULTURE
10195,MC Hariel,2025-10-24,2025,ESPACO USINE,MC HARIEL
10196,Skillet,2025-10-24,2025,AUDIO,SKILLET
10197,Tasha & Tracie,2025-10-24,2025,ESPACO USINE,TASHA & TRACIE
10198,Uttara,2025-10-24,2025,ARENA GALERIA,UTTARA
10199,Pelados,2025-10-24,2025,CASA ROCKAMBOLE,PELADOS
10200,Thalin,2025-10-25,2025,FABRICA DE IMPRESSOES,THALIN
10201,Os Brutus,2025-10-25,2025,HANGAR 110,OS BRUTUS
10202,Ludovic,2025-10-25,2025,CITY LIGHTS MUSIC HALL,LUDOVIC
10203,Catto,2025-10-25,2025,PRACA DOM JOSE GASPAR,CATTO
10204,Raimundos,2025-10-25,2025,ALLIANZ PARQUE,RAIMUNDOS
10205,Ferrugem,2025-10-25,2025,NEO QUIMICA ARENA,FERRUGEM
10206,Tiago Iorc,2025-10-25,2025,NEO QUIMICA ARENA,TIAGO IORC
10207,Selton,2025-10-25,2025,SESC AVENIDA PAULISTA,SELTON
10208,TV on the Radio,2025-10-25,2025,FABRICA DE IMPRESSOES,TV ON THE RADIO
10209,Eudóxia de Barros,2025-10-25,2025,PRACA DAS ARTES,EUDOXIA DE BARROS
10210,Djuena Tikuna,2025-10-25,2025,PRACA DOM JOSE GASPAR,DJUENA TIKUNA
10211,PeLanza,2025-10-25,2025,NEO QUIMICA ARENA,PELANZA
10212,Mano Brown,2025-10-25,2025,FABRICA DE IMPRESSOES,MANO BROWN
10213,Di Ferrero,2025-10-25,2025,NEO QUIMICA ARENA,DI FERRERO
10214,Bebê Feio,2025-10-25,2025,HANGAR 110,BEBE FEIO
10215,DJ SWISHA,2025-10-25,2025,TEIA,DJ SWISHA
10216,YMA,2025-10-25,2025,SESC BELENZINHO,YMA
10217,Lido Pimienta,2025-10-25,2025,SESC 14 BIS,LIDO PIMIENTA
10218,Pesta,2025-10-25,2025,JAI CLUB,PESTA
10219,Ivete Sangalo,2025-10-25,2025,JOCKEY CLUB,IVETE SANGALO
10220,Tierra Whack,2025-10-25,2025,FABRICA DE IMPRESSOES,TIERRA WHACK
10221,Negro Leo,2025-10-25,2025,FABRICA DE IMPRESSOES,NEGRO LEO
10222,Gritando HC,2025-10-25,2025,HANGAR 110,GRITANDO HC
10223,Álcool,2025-10-25,2025,BURNING HOUSE,ALCOOL
10224,Soccer Mommy,2025-10-25,2025,FABRICA DE IMPRESSOES,SOCCER MOMMY
10225,Marie Davidson,2025-10-25,2025,TEIA KLUB,MARIE DAVIDSON
10226,Grave Desecrator,2025-10-25,2025,LA IGLESIA BORRATXERIA,GRAVE DESECRATOR
10227,Jadsa,2025-10-25,2025,CASA ROCKAMBOLE,JADSA
10228,Pabllo Vittar,2025-10-25,2025,VIBRA SAO PAULO,PABLLO VITTAR
10229,Veigh,2025-10-25,2025,ESPACO UNIMED,VEIGH
10230,Sapo Banjo,2025-10-25,2025,HANGAR 110,SAPO BANJO
10231,Dee Diggs,2025-10-25,2025,TEIA,DEE DIGGS
10232,Panic Shack,2025-10-25,2025,FABRICA DE IMPRESSOES,PANIC SHACK
10233,Sadistic Messiah,2025-10-25,2025,BURNING HOUSE,SADISTIC MESSIAH
10234,Jambu,2025-10-25,2025,CASA ROCKAMBOLE,JAMBU
10235,Evinha,2025-10-25,2025,SESC POMPEIA,EVINHA
10236,Magüerbes,2025-10-25,2025,GOELA,MAGUERBES
10237,Shy One,2025-10-25,2025,TEIA,SHY ONE
10238,Mathew Jonson,2025-10-25,2025,TEIA,MATHEW JONSON
10239,Velho,2025-10-25,2025,LA IGLESIA BORRATXERIA,VELHO
10240,Chaka Khan,2025-10-25,2025,FABRICA DE IMPRESSOES,CHAKA KHAN
10241,Arca,2025-10-25,2025,FABRICA DE IMPRESSOES,ARCA
10242,Stoned Jesus,2025-10-25,2025,JAI CLUB,STONED JESUS
10243,Huey,2025-10-25,2025,GOELA,HUEY
10244,X-Coast,2025-10-25,2025,TEIA,X-COAST
10245,Maria Bethânia,2025-10-25,2025,TOKIO MARINE HALL,MARIA BETHANIA
10246,Metá Metá,2025-10-25,2025,FABRICA DE IMPRESSOES,META META
10247,terraplana,2025-10-25,2025,CASA ROCKAMBOLE,TERRAPLANA
10248,Molho Negro,2025-10-25,2025,CASA ROCKAMBOLE,MOLHO NEGRO
10249,Nação Zumbi,2025-10-25,2025,AUDIO,NACAO ZUMBI
10250,PR.A.DO,2025-10-25,2025,TEIA,PR.A.DO
10251,Podridão,2025-10-25,2025,LA IGLESIA BORRATXERIA,PODRIDAO
10252,Miasthenia,2025-10-25,2025,LA IGLESIA BORRATXERIA,MIASTHENIA
10253,D.I.E.,2025-10-25,2025,TEIA,D.I.E.
10254,Pelados,2025-10-25,2025,FABRICA DE IMPRESSOES,PELADOS
10255,Chico César,2025-10-25,2025,PAVILHAO DA BIENAL,CHICO CESAR
10256,Guns N’ Roses,2025-10-25,2025,ALLIANZ PARQUE,GUNS N' ROSES
10257,EVEHIVE,2025-10-25,2025,TEIA,EVEHIVE
10258,Dedeco,2025-10-25,2025,TEIA,DEDECO
10259,Levi Lenzi,2025-10-25,2025,TEIA,LEVI LENZI
10260,Kahil El’Zabar,2025-10-25,2025,TEATRO SESC POMPEIA,KAHIL EL'ZABAR
10261,Ave Sangria,2025-10-25,2025,CASA NATURA MUSICAL,AVE SANGRIA
10262,Don L,2025-10-25,2025,FABRICA DE IMPRESSOES,DON L
10263,Clementaum,2025-10-25,2025,TEIA,CLEMENTAUM
10264,CyberKills,2025-10-26,2025,ZIG STUDIO,CYBERKILLS
10265,Stefanie,2025-10-26,2025,PRACA DOM JOSE GASPAR,STEFANIE
10266,Hardgainer,2025-10-26,2025,DEPOIS DO FIM DO MUNDO ESTUDIO,HARDGAINER
10267,Lido Pimienta,2025-10-26,2025,SESC 14 BIS,LIDO PIMIENTA
10268,FUSO!,2025-10-26,2025,ZIG STUDIO,FUSO!
10269,Bebê Feio,2025-10-26,2025,DEPOIS DO FIM DO MUNDO ESTUDIO,BEBE FEIO
10270,Integrity,2025-10-26,2025,BURNING HOUSE,INTEGRITY
10271,Sophia Chablau & Felipe Vaqueiro,2025-10-26,2025,CASA NATURA MUSICAL,SOPHIA CHABLAU & FELIPE VAQUEIRO
10272,Evinha,2025-10-26,2025,SESC POMPEIA,EVINHA
10273,5 a Seco,2025-10-26,2025,SESC VILA MARIANA,5 A SECO
10274,Maria Bethânia,2025-10-26,2025,TOKIO MARINE HALL,MARIA BETHANIA
10275,Obsoletion,2025-10-26,2025,BURNING HOUSE,OBSOLETION
10276,Kahil El’Zabar,2025-10-26,2025,TEATRO SESC POMPEIA,KAHIL EL'ZABAR
10277,Infortuno,2025-10-26,2025,BURNING HOUSE,INFORTUNO
10278,Clementaum,2025-10-26,2025,ZIG STUDIO,CLEMENTAUM
10279,Di Melo,2025-10-26,2025,PRACA DOM JOSE GASPAR,DI MELO
10280,Arca,2025-10-26,2025,ZIG STUDIO,ARCA
10281,Cleiton Rasta,2025-10-27,2025,FATIADO DISCOS E CERVEJAS ESPECIAIS,CLEITON RASTA
10282,Crizin da Z.O.,2025-10-27,2025,CENTRO DA TERRA,CRIZIN DA Z.O.
10283,David Cross,2025-10-28,2025,TEATRO SABESP FREI CANECA,DAVID CROSS
10284,Dialeto,2025-10-28,2025,TEATRO SABESP FREI CANECA,DIALETO
10285,Jup do Bairro,2025-10-28,2025,TEATRO OFICINA,JUP DO BAIRRO
10286,Smoota,2025-10-28,2025,PORTA,SMOOTA
10287,Céu,2025-10-28,2025,GOOGLE,CEU
10288,Caxtrinho,2025-10-29,2025,CASA DE FRANCISCA,CAXTRINHO
10289,Crizin da Z.O.,2025-10-29,2025,FENDA 315,CRIZIN DA Z.O.
10290,Ava Rocha,2025-10-29,2025,ESTACAO MOTIVA CULTURAL,AVA ROCHA
10291,Zé Ibarra,2025-10-30,2025,CASA NATURA MUSICAL,ZE IBARRA
10292,Ana Carolina,2025-10-30,2025,TOKIO MARINE HALL,ANA CAROLINA
10293,Curumin,2025-10-30,2025,MUNDO PENSANTE,CURUMIN
10294,Fruko,2025-10-30,2025,SESC POMPEIA,FRUKO
10295,The Whitest Boy Alive,2025-10-30,2025,AUDIO,THE WHITEST BOY ALIVE
10296,DEAFKIDS,2025-10-30,2025,FFFRONT,DEAFKIDS
10297,Stefano Moliner,2025-10-30,2025,LA IGLESIA BORRATXERIA,STEFANO MOLINER
10298,Seattle Supersonics,2025-10-30,2025,CARIOCA CLUB,SEATTLE SUPERSONICS
10299,Xis,2025-10-30,2025,TEATRO SESC 24 DE MAIO,XIS
10300,ONEW,2025-10-30,2025,TERRA SP,ONEW
10301,Tom Zé,2025-10-30,2025,SESC BOM RETIRO,TOM ZE
10302,Virgínia Rodrigues,2025-10-30,2025,SESC 14 BIS,VIRGINIA RODRIGUES
10303,Gabi Motuba,2025-10-30,2025,TEATRO SESC POMPEIA,GABI MOTUBA
10304,Boogarins,2025-10-30,2025,CINE JOIA,BOOGARINS
10305,Masterplan,2025-10-31,2025,FABRIQUE CLUB,MASTERPLAN
10306,CACO/CONCHA,2025-10-31,2025,ESCOLA POLITECNICA DA USP (UNIVERSIDADE ESTADUAL DE SAO PAULO),CACO/CONCHA
10307,Lagum,2025-10-31,2025,MORUMBIS,LAGUM
10308,Eddie,2025-10-31,2025,CITY LIGHTS MUSIC HALL,EDDIE
10309,Vale Cinza,2025-10-31,2025,LA IGLESIA BORRATXERIA,VALE CINZA
10310,Jesus Complex,2025-10-31,2025,LA IGLESIA BORRATXERIA,JESUS COMPLEX
10311,When I Die,2025-10-31,2025,LA IGLESIA BORRATXERIA,WHEN I DIE
10312,Refused,2025-10-31,2025,TERRA SP,REFUSED
10313,Dominique Fils-Aimé,2025-10-31,2025,SESC 14 BIS,DOMINIQUE FILS-AIME
10314,Eu Serei a Hiena,2025-10-31,2025,TERRA SP,EU SEREI A HIENA
10315,Trend Kill Ghosts,2025-10-31,2025,FABRIQUE CLUB,TREND KILL GHOSTS
10316,Nando Reis,2025-10-31,2025,SUHAI MUSIC HALL,NANDO REIS
10317,Imagine Dragons,2025-10-31,2025,MORUMBIS,IMAGINE DRAGONS
10318,Seventh Seal,2025-10-31,2025,FABRIQUE CLUB,SEVENTH SEAL
10319,Cólera,2025-10-31,2025,SESC AVENIDA PAULISTA,COLERA
10320,Otoboke Beaver,2025-10-31,2025,CINE JOIA,OTOBOKE BEAVER
10321,Baco Exu do Blues,2025-10-31,2025,ESPACO UNIMED,BACO EXU DO BLUES
10322,Deserdados,2025-11-01,2025,JAI CLUB,DESERDADOS
10323,Garotos Podres,2025-11-01,2025,JAI CLUB,GAROTOS PODRES
10324,Nanowar of Steel,2025-11-01,2025,CARIOCA CLUB,NANOWAR OF STEEL
10325,Guantas,2025-11-01,2025,MEMORIAL DA AMERICA LATINA,GUANTAS
10326,Lagum,2025-11-01,2025,MORUMBIS,LAGUM
10327,Garage Fuzz,2025-11-01,2025,SESC AVENIDA PAULISTA,GARAGE FUZZ
10328,Dor,2025-11-01,2025,ESTUDIO PAPRICA,DOR
10329,Etran de L’Aïr,2025-11-01,2025,SESC POMPEIA,ETRAN DE L'AIR
10330,Exclusive Os Cabides,2025-11-01,2025,PORTA,EXCLUSIVE OS CABIDES
10331,Lixomania,2025-11-01,2025,JAI CLUB,LIXOMANIA
10332,Fecaloma,2025-11-01,2025,DEPOIS DO FIM DO MUNDO ESTUDIO,FECALOMA
10333,Heidevolk,2025-11-01,2025,CARIOCA CLUB,HEIDEVOLK
10334,Adriana Partimpim,2025-11-01,2025,VIBRA SAO PAULO,ADRIANA PARTIMPIM
10335,Amina Claudine Myers Trio,2025-11-01,2025,TEATRO SESC POMPEIA,AMINA CLAUDINE MYERS TRIO
10336,Fagner,2025-11-01,2025,TOKIO MARINE HALL,FAGNER
10337,Halleck,2025-11-01,2025,PORAO DA CERVEJA,HALLECK
10338,Duquesa,2025-11-01,2025,SESC BELENZINHO,DUQUESA
10339,Rodrigo Ogi,2025-11-01,2025,CASA NATURA MUSICAL,RODRIGO OGI
10340,Imagine Dragons,2025-11-01,2025,MORUMBIS,IMAGINE DRAGONS
10341,Capitão Fausto,2025-11-01,2025,CINE JOIA,CAPITAO FAUSTO
10342,Michale Graves,2025-11-01,2025,HANGAR 110,MICHALE GRAVES
10343,Aymée Nuviola,2025-11-01,2025,SESC 14 BIS,AYMEE NUVIOLA
10344,Gustavo Mioto,2025-11-01,2025,ESPACO UNIMED,GUSTAVO MIOTO
10345,Mogwai,2025-11-02,2025,PARQUE DO IBIRAPUERA,MOGWAI
10346,Personas,2025-11-02,2025,CASA ROCKAMBOLE,PERSONAS
10347,Ponto de Equilíbrio,2025-11-02,2025,ESPACO UNIMED,PONTO DE EQUILIBRIO
10348,Otoboke Beaver,2025-11-02,2025,PARQUE DO IBIRAPUERA,OTOBOKE BEAVER
10349,Marduk,2025-11-02,2025,MANIFESTO BAR,MARDUK
10350,Sturm Café,2025-11-02,2025,MADAME CLUB,STURM CAFE
10351,The Wailers,2025-11-02,2025,ESPACO UNIMED,THE WAILERS
10352,Bloc Party,2025-11-02,2025,PARQUE DO IBIRAPUERA,BLOC PARTY
10353,Bebê Feio,2025-11-02,2025,DEPOIS DO FIM DO MUNDO ESTUDIO,BEBE FEIO
10354,Judeline,2025-11-02,2025,PARQUE DO IBIRAPUERA,JUDELINE
10355,A.K.A. Linda Green,2025-11-02,2025,PARQUE DO IBIRAPUERA,A.K.A. LINDA GREEN
10356,I Set My Friends on Fire,2025-11-02,2025,AUDIO,I SET MY FRIENDS ON FIRE
10357,Planta & Raiz,2025-11-02,2025,ESPACO UNIMED,PLANTA & RAIZ
10358,Gloria,2025-11-02,2025,AUDIO,GLORIA
10359,Dischavizer,2025-11-02,2025,INSTITUTO RAIZ DA SERRA,DISCHAVIZER
10360,F.D.S.,2025-11-02,2025,INSTITUTO RAIZ DA SERRA,F.D.S.
10361,Halleck,2025-11-02,2025,LA IGLESIA BORRATXERIA,HALLECK
10362,Id Est Me,2025-11-02,2025,DEPOIS DO FIM DO MUNDO ESTUDIO,ID EST ME
10363,Amina Claudine Myers Trio,2025-11-02,2025,TEATRO SESC POMPEIA,AMINA CLAUDINE MYERS TRIO
10364,Trio Mocotó,2025-11-02,2025,SESC POMPEIA,TRIO MOCOTO
10365,Wagner Tiso,2025-11-02,2025,TEATRO SESC 24 DE MAIO,WAGNER TISO
10366,Bella e o Olmo da Bruxa,2025-11-02,2025,SESC BELENZINHO,BELLA E O OLMO DA BRUXA
10367,Aymée Nuviola,2025-11-02,2025,SESC 14 BIS,AYMEE NUVIOLA
10368,Etran de L’Aïr,2025-11-02,2025,SESC POMPEIA,ETRAN DE L'AIR
10369,Weezer,2025-11-02,2025,PARQUE DO IBIRAPUERA,WEEZER
10370,Decreto Lei 50,2025-11-02,2025,PORAO DA CERVEJA,DECRETO LEI 50
10371,Djavan,2025-11-04,2025,ESTUDIOS GLOBO SAO PAULO,DJAVAN
10372,Kiko Dinucci,2025-11-04,2025,BONA CASA DE MUSICA,KIKO DINUCCI
10373,Ney Matogrosso,2025-11-04,2025,GOOGLE,NEY MATOGROSSO
10374,PLUMA,2025-11-04,2025,AUDIO,PLUMA
10375,L’Impératrice,2025-11-04,2025,AUDIO,L'IMPERATRICE
10376,Tash Sultana,2025-11-05,2025,AUDIO,TASH SULTANA
10377,Geordie Greep,2025-11-05,2025,BAR ALTO,GEORDIE GREEP
10378,Thomas Strønen,2025-11-05,2025,SESC 24 DE MAIO,THOMAS STRØNEN
10379,Kisser Clan,2025-11-06,2025,TEATRO BRADESCO,KISSER CLAN
10380,La Inquisición,2025-11-06,2025,LA IGLESIA BORRATXERIA,LA INQUISICION
10381,Owen,2025-11-06,2025,JAI CLUB,OWEN
10382,Rom Santana,2025-11-06,2025,SESC POMPEIA,ROM SANTANA
10383,Faca Preta,2025-11-06,2025,LA IGLESIA BORRATXERIA,FACA PRETA
10384,Macaco Bong,2025-11-06,2025,PICLES CARDEAL,MACACO BONG
10385,Ajuliacosta,2025-11-06,2025,CASA NATURA MUSICAL,AJULIACOSTA
10386,terraplana,2025-11-06,2025,BAR ALTO,TERRAPLANA
10387,Cyro Sampaio,2025-11-06,2025,JAI CLUB,CYRO SAMPAIO
10388,Poppy,2025-11-06,2025,CINE JOIA,POPPY
10389,Horse Jumper of Love,2025-11-06,2025,BAR ALTO,HORSE JUMPER OF LOVE
10390,Rafael Castro,2025-11-06,2025,CASA DE FRANCISCA,RAFAEL CASTRO
10391,Anna of the North,2025-11-07,2025,TEATRO BRADESCO,ANNA OF THE NORTH
10392,Pedro Sá,2025-11-07,2025,CASA ROCKAMBOLE,PEDRO SA
10393,Damiano David,2025-11-07,2025,TOKIO MARINE HALL,DAMIANO DAVID
10394,Hurtmold,2025-11-07,2025,SESC BELENZINHO,HURTMOLD
10395,BANKS,2025-11-07,2025,CINE JOIA,BANKS
10396,Helado Negro,2025-11-07,2025,CASA ROCKAMBOLE,HELADO NEGRO
10397,Budang,2025-11-07,2025,LA IGLESIA BORRATXERIA,BUDANG
10398,Harakiri for the Sky,2025-11-07,2025,BURNING HOUSE,HARAKIRI FOR THE SKY
10399,Halfsleeper,2025-11-07,2025,BURNING HOUSE,HALFSLEEPER
10400,Halfsleeper,2025-11-08,2025,MADAME CLUB,HALFSLEEPER
10401,Matuê,2025-11-08,2025,KOMPLEXO TEMPO,MATUE
10402,COBRAH,2025-11-08,2025,FABRIKETA,COBRAH
10403,Urias,2025-11-08,2025,FABRIKETA,URIAS
10404,HammerFall,2025-11-08,2025,VIP STATION,HAMMERFALL
10405,The Real McKenzies,2025-11-08,2025,JAI CLUB,THE REAL MCKENZIES
10406,Marisa Monte,2025-11-08,2025,PARQUE DO IBIRAPUERA,MARISA MONTE
10407,Rose Gray,2025-11-08,2025,FABRIKETA,ROSE GRAY
10408,Throw Me to the Wolves,2025-11-08,2025,VIP STATION,THROW ME TO THE WOLVES
10409,Cap’n Jazz,2025-11-08,2025,CINE JOIA,CAP'N JAZZ
10410,Seun Kuti,2025-11-08,2025,SESC POMPEIA,SEUN KUTI
10411,CPM 22,2025-11-08,2025,EXPO BARRA FUNDA,CPM 22
10412,Esteban Tavares,2025-11-08,2025,HANGAR 110,ESTEBAN TAVARES
10413,Supla,2025-11-08,2025,VIBRA SAO PAULO,SUPLA
10414,DUDA BEAT,2025-11-08,2025,FABRIKETA,DUDA BEAT
10415,Bree Runway,2025-11-08,2025,FABRIKETA,BREE RUNWAY
10416,Karol Conká,2025-11-08,2025,TEATRO SESC 24 DE MAIO,KAROL CONKA
10417,Katy da Voz e as Abusadas,2025-11-08,2025,FABRIKETA,KATY DA VOZ E AS ABUSADAS
10418,Billy Idol,2025-11-08,2025,VIBRA SAO PAULO,BILLY IDOL
10419,Roots – Sepultura Tributo,2025-11-08,2025,WOODSTOCK ROCK STORE,ROOTS - SEPULTURA TRIBUTO
10420,Chameleo,2025-11-08,2025,FABRIKETA,CHAMELEO
10421,cotoba,2025-11-08,2025,LA IGLESIA BORRATXERIA,COTOBA
10422,Poppy,2025-11-08,2025,MORUMBIS,POPPY
10423,Linkin Park,2025-11-08,2025,MORUMBIS,LINKIN PARK
10424,Cova Rasa,2025-11-08,2025,VIP STATION,COVA RASA
10425,Pelados,2025-11-08,2025,CULTURA LIVRE,PELADOS
10426,Selofan,2025-11-08,2025,MADAME CLUB,SELOFAN
10427,Marrakesh ʘ,2025-11-08,2025,CINE JOIA,MARRAKESH ʘ
10428,Seun Kuti,2025-11-09,2025,SESC POMPEIA,SEUN KUTI
10429,Horse Jumper of Love,2025-11-09,2025,TOKIO MARINE HALL,HORSE JUMPER OF LOVE
10430,Hellway Train,2025-11-09,2025,JAI CLUB,HELLWAY TRAIN
10431,Walfredo em Busca da Simbiose,2025-11-09,2025,TOKIO MARINE HALL,WALFREDO EM BUSCA DA SIMBIOSE
10432,Geordie Greep,2025-11-09,2025,TOKIO MARINE HALL,GEORDIE GREEP
10433,Ambush,2025-11-09,2025,JAI CLUB,AMBUSH
10434,Jovens Ateus,2025-11-09,2025,TOKIO MARINE HALL,JOVENS ATEUS
10435,Yo La Tengo,2025-11-09,2025,TOKIO MARINE HALL,YO LA TENGO
10436,Gab Ferreira,2025-11-09,2025,TOKIO MARINE HALL,GAB FERREIRA
10437,Stereolab,2025-11-09,2025,TOKIO MARINE HALL,STEREOLAB
10438,Marisa Monte,2025-11-09,2025,PARQUE DO IBIRAPUERA,MARISA MONTE
10439,Chase Atlantic,2025-11-09,2025,SUHAI MUSIC HALL,CHASE ATLANTIC
10440,Viper,2025-11-09,2025,GALERIA OLIDO,VIPER
10441,Karol Conká,2025-11-09,2025,TEATRO SESC 24 DE MAIO,KAROL CONKA
10442,Clenched Fist,2025-11-09,2025,JAI CLUB,CLENCHED FIST
10443,Dire Straits Legacy,2025-11-09,2025,ESPACO UNIMED,DIRE STRAITS LEGACY
10444,Yo La Tengo,2025-11-10,2025,CINE JOIA,YO LA TENGO
10445,Sister Nancy,2025-11-11,2025,CINE JOIA,SISTER NANCY
10446,Primal Scream,2025-11-11,2025,AUDIO,PRIMAL SCREAM
10447,Frente Cumbiero,2025-11-12,2025,PRATO DO DIA,FRENTE CUMBIERO
10448,Nilüfer Yanya,2025-11-12,2025,CINE JOIA,NILUFER YANYA
10449,Kiko Dinucci,2025-11-12,2025,PORTA,KIKO DINUCCI
10450,Polo & Pan,2025-11-12,2025,AUDIO,POLO & PAN
10451,Massive Attack,2025-11-13,2025,ESPACO UNIMED,MASSIVE ATTACK
10452,Inferno Nuclear,2025-11-13,2025,LA IGLESIA BORRATXERIA,INFERNO NUCLEAR
10453,Rhegia,2025-11-13,2025,LA IGLESIA BORRATXERIA,RHEGIA
10454,Podeserdesligado,2025-11-13,2025,PAVILHAO DA BIENAL,PODESERDESLIGADO
10455,Andralls,2025-11-13,2025,LA IGLESIA BORRATXERIA,ANDRALLS
10456,Cavalera Conspiracy,2025-11-13,2025,ESPACO UNIMED,CAVALERA CONSPIRACY
10457,Francinni Bessie,2025-11-13,2025,GAZ BURNING BAR,FRANCINNI BESSIE
10458,James,2025-11-13,2025,AUDIO,JAMES
10459,Jaloo,2025-11-14,2025,CASA NATURA MUSICAL,JALOO
10460,Roberto Carlos,2025-11-14,2025,SUHAI MUSIC HALL,ROBERTO CARLOS
10461,Now United,2025-11-14,2025,VIBRA SAO PAULO,NOW UNITED
10462,Yago Oproprio,2025-11-14,2025,SESC BELENZINHO,YAGO OPROPRIO
10463,Motorama,2025-11-14,2025,HANGAR 110,MOTORAMA
10464,Frente Cumbiero,2025-11-14,2025,CENTRO CULTURAL TENDAL DA LAPA,FRENTE CUMBIERO
10465,Hammerhead Blues,2025-11-14,2025,LA IGLESIA BORRATXERIA,HAMMERHEAD BLUES
10466,Capital Inicial,2025-11-14,2025,ESPACO UNIMED,CAPITAL INICIAL
10467,Grave Digger,2025-11-14,2025,CARIOCA CLUB,GRAVE DIGGER
10468,Just Heroes,2025-11-14,2025,CARIOCA CLUB,JUST HEROES
10469,Odair José,2025-11-14,2025,BONA CASA DE MUSICA,ODAIR JOSE
10470,Giant Jellyfish,2025-11-14,2025,LA IGLESIA BORRATXERIA,GIANT JELLYFISH
10471,Paula Toller,2025-11-15,2025,PRIVATE VENUE,PAULA TOLLER
10472,Yohan Kisser,2025-11-15,2025,ESPACO UNIMED,YOHAN KISSER
10473,Ema Stoned,2025-11-15,2025,FFFRONT,EMA STONED
10474,Mu540,2025-11-15,2025,SONORA GARDEN,MU540
10475,Capital Inicial,2025-11-15,2025,ESPACO UNIMED,CAPITAL INICIAL
10476,Projeto Nave,2025-11-15,2025,A PORTA MALDITA,PROJETO NAVE
10477,Duquesa,2025-11-15,2025,SONORA GARDEN,DUQUESA
10478,Now United,2025-11-15,2025,VIBRA SAO PAULO,NOW UNITED
10479,Rom Santana,2025-11-15,2025,SONORA GARDEN,ROM SANTANA
10480,BK,2025-11-15,2025,SONORA GARDEN,BK
10481,O Kannalha,2025-11-15,2025,SONORA GARDEN,O KANNALHA
10482,Carlos do Complexo,2025-11-15,2025,SONORA GARDEN,CARLOS DO COMPLEXO
10483,Francinni Bessie,2025-11-15,2025,TWANG LAB STUDIO,FRANCINNI BESSIE
10484,Podeserdesligado,2025-11-15,2025,PAVILHAO DA BIENAL,PODESERDESLIGADO
10485,Fresno,2025-11-15,2025,EXPO CENTER NORTE,FRESNO
10486,Roberto Carlos,2025-11-15,2025,SUHAI MUSIC HALL,ROBERTO CARLOS
10487,Paulo Ricardo,2025-11-15,2025,THE CAVERN CLUB SAO PAULO,PAULO RICARDO
10488,Urias,2025-11-15,2025,SONORA GARDEN,URIAS
10489,BaianaSystem,2025-11-15,2025,ALLIANZ PARQUE,BAIANASYSTEM
10490,Dexter,2025-11-15,2025,PAVILHAO DA BIENAL,DEXTER
10491,Jenni Sex,2025-11-15,2025,TOKIO MARINE HALL,JENNI SEX
10492,Blasphemaniac,2025-11-15,2025,JAI CLUB,BLASPHEMANIAC
10493,Groza,2025-11-15,2025,JAI CLUB,GROZA
10494,Molchat Doma,2025-11-15,2025,TOKIO MARINE HALL,MOLCHAT DOMA
10495,Planet Hemp,2025-11-15,2025,ALLIANZ PARQUE,PLANET HEMP
10496,Dua Lipa,2025-11-15,2025,MORUMBIS,DUA LIPA
10497,Ato Fálico,2025-11-16,2025,CENTRO CULTURAL TENDAL DA LAPA,ATO FALICO
10498,No Violence,2025-11-16,2025,CENTRO CULTURAL TENDAL DA LAPA,NO VIOLENCE
10499,Francinni Bessie,2025-11-16,2025,HOT ROD DOG,FRANCINNI BESSIE
10500,Ethel Hunter,2025-11-16,2025,CENTRO CULTURAL TENDAL DA LAPA,ETHEL HUNTER
10501,Octopoulpe,2025-11-16,2025,CENTRO CULTURAL TENDAL DA LAPA,OCTOPOULPE
10502,O Grande Babaca,2025-11-16,2025,CASA ROCKAMBOLE,O GRANDE BABACA
10503,Seun Kuti & Egypt 80,2025-11-16,2025,BOURBON STREET MUSIC CLUB,SEUN KUTI & EGYPT 80
10504,Stomp,2025-11-16,2025,CENTRO CULTURAL TENDAL DA LAPA,STOMP
10505,Surra,2025-11-16,2025,CENTRO CULTURAL TENDAL DA LAPA,SURRA
10506,MEE,2025-11-16,2025,CENTRO CULTURAL TENDAL DA LAPA,MEE
10507,Plague Rages,2025-11-16,2025,BURNING HOUSE,PLAGUE RAGES
10508,VØID IT,2025-11-16,2025,BURNING HOUSE,VØID IT
10509,Social Shit,2025-11-16,2025,CENTRO CULTURAL TENDAL DA LAPA,SOCIAL SHIT
10510,Electric Gypsy,2025-11-16,2025,VIP STATION,ELECTRIC GYPSY
10511,Lupe de Lupe,2025-11-16,2025,CASA ROCKAMBOLE,LUPE DE LUPE
10512,Glenn Hughes,2025-11-16,2025,VIP STATION,GLENN HUGHES
10513,Paura,2025-11-16,2025,CENTRO CULTURAL TENDAL DA LAPA,PAURA
10514,D.E.R.,2025-11-16,2025,BURNING HOUSE,D.E.R.
10515,Desalmado,2025-11-16,2025,BURNING HOUSE,DESALMADO
10516,Rotten Sound,2025-11-16,2025,BURNING HOUSE,ROTTEN SOUND
10517,Baixo Calão,2025-11-16,2025,BURNING HOUSE,BAIXO CALAO
10518,Rabujos,2025-11-16,2025,BURNING HOUSE,RABUJOS
10519,Discurso de Pobre,2025-11-16,2025,CENTRO CULTURAL TENDAL DA LAPA,DISCURSO DE POBRE
10520,Obsoletion,2025-11-16,2025,CENTRO CULTURAL TENDAL DA LAPA,OBSOLETION
10521,Pathologic Noise,2025-11-16,2025,LA IGLESIA BORRATXERIA,PATHOLOGIC NOISE
10522,Osas Destiny,2025-11-16,2025,FATIADO DISCOS E CERVEJAS ESPECIAIS,OSAS DESTINY
10523,Gloryhammer,2025-11-16,2025,CARIOCA CLUB,GLORYHAMMER
10524,Megahertz,2025-11-16,2025,LA IGLESIA BORRATXERIA,MEGAHERTZ
10525,Juvi,2025-11-16,2025,CASA ROCKAMBOLE,JUVI
10526,Leviaethan,2025-11-16,2025,LA IGLESIA BORRATXERIA,LEVIAETHAN
10527,Vitor Brauer,2025-11-17,2025,FATIADO DISCOS E CERVEJAS ESPECIAIS,VITOR BRAUER
10528,Amaro Freitas,2025-11-17,2025,TEATRO SABESP FREI CANECA,AMARO FREITAS
10529,Adriana Moreira,2025-11-18,2025,ESPACO UNIMED,ADRIANA MOREIRA
10530,Drik Barbosa,2025-11-18,2025,ESPACO UNIMED,DRIK BARBOSA
10531,Boyce Avenue,2025-11-18,2025,AUDIO,BOYCE AVENUE
10532,Charlotte Matou um Cara,2025-11-18,2025,CENTRO CULTURAL SAO PAULO,CHARLOTTE MATOU UM CARA
10533,Marcio Art,2025-11-18,2025,ESPACO UNIMED,MARCIO ART
10534,Perotá Chingó,2025-11-18,2025,CASA NATURA MUSICAL,PEROTA CHINGO
10535,Mano Brown,2025-11-18,2025,ESPACO UNIMED,MANO BROWN
10536,Rappin’ Hood,2025-11-18,2025,ESPACO UNIMED,RAPPIN' HOOD
10537,Seu Jorge,2025-11-18,2025,ESPACO UNIMED,SEU JORGE
10538,Luedji Luna,2025-11-18,2025,ESPACO UNIMED,LUEDJI LUNA
10539,Combover,2025-11-19,2025,ESTUDIO AURORA,COMBOVER
10540,Cleiton Rasta,2025-11-19,2025,CASA EL CABRITON,CLEITON RASTA
10541,Juçara Marçal,2025-11-19,2025,CASA DE FRANCISCA,JUCARA MARCAL
10542,Francinni Bessie,2025-11-19,2025,GARAJINHO DO JULINHO,FRANCINNI BESSIE
10543,Octopoulpe,2025-11-19,2025,FENDA 315,OCTOPOULPE
10544,Alice Caymmi,2025-11-19,2025,TEATRO MULTIPLAN MORUMBISHOPPING,ALICE CAYMMI
10545,Djonga,2025-11-19,2025,ESPACO UNIMED,DJONGA
10546,Ivan Lins,2025-11-20,2025,PRACA CHARLES MILLER,IVAN LINS
10547,Alzira E + Corte,2025-11-20,2025,A PORTA MALDITA,ALZIRA E + CORTE
10548,Juçara Marçal,2025-11-20,2025,CASA DE FRANCISCA,JUCARA MARCAL
10549,Os Garotin,2025-11-20,2025,AUDIO,OS GAROTIN
10550,Smack,2025-11-20,2025,RED STAR STUDIOS,SMACK
10551,KOKOKO!,2025-11-20,2025,CENTRO CULTURAL TENDAL DA LAPA,KOKOKO!
10552,Simone,2025-11-20,2025,PRACA CHARLES MILLER,SIMONE
10553,boasorte,2025-11-20,2025,LA IGLESIA BORRATXERIA,BOASORTE
10554,Geminis Bee Gees,2025-11-20,2025,TEATRO BRADESCO,GEMINIS BEE GEES
10555,Andrea Bocelli,2025-11-20,2025,PRACA CHARLES MILLER,ANDREA BOCELLI
10556,Paula Lima,2025-11-20,2025,PRACA CHARLES MILLER,PAULA LIMA
10557,Francinni Bessie,2025-11-21,2025,GAZ BURNING BAR,FRANCINNI BESSIE
10558,Alee,2025-11-21,2025,NEO QUIMICA ARENA,ALEE
10559,Andrea Bocelli,2025-11-21,2025,MERCADO LIVRE ARENA PACAEMBU,ANDREA BOCELLI
10560,"Ryu, the Runner",2025-11-21,2025,NEO QUIMICA ARENA,"RYU, THE RUNNER"
10561,D. Savage,2025-11-21,2025,NEO QUIMICA ARENA,D. SAVAGE
10562,Abbot,2025-11-21,2025,NEO QUIMICA ARENA,ABBOT
10563,Spectral Despair,2025-11-21,2025,LA IGLESIA BORRATXERIA,SPECTRAL DESPAIR
10564,Skrilla,2025-11-21,2025,NEO QUIMICA ARENA,SKRILLA
10565,Tz da Coronel,2025-11-21,2025,NEO QUIMICA ARENA,TZ DA CORONEL
10566,Léo Jaime,2025-11-21,2025,THE CAVERN CLUB SAO PAULO,LEO JAIME
10567,Id Est Me,2025-11-21,2025,LA IGLESIA BORRATXERIA,ID EST ME
10568,Desalmado,2025-11-21,2025,LA IGLESIA BORRATXERIA,DESALMADO
10569,Caio Luccas,2025-11-21,2025,NEO QUIMICA ARENA,CAIO LUCCAS
10570,Chitãozinho & Xororó,2025-11-21,2025,ESPACO UNIMED,CHITAOZINHO & XORORO
10571,Molho Negro,2025-11-21,2025,CASA ROCKAMBOLE,MOLHO NEGRO
10572,Oodaredevil,2025-11-22,2025,NEO QUIMICA ARENA,OODAREDEVIL
10573,Gueppardo,2025-11-22,2025,LA IGLESIA BORRATXERIA,GUEPPARDO
10574,Children of the Beast,2025-11-22,2025,GALERIA DO ROCK,CHILDREN OF THE BEAST
10575,Huey,2025-11-22,2025,A PORTA MALDITA,HUEY
10577,Major RD,2025-11-22,2025,NEO QUIMICA ARENA,MAJOR RD
10578,Andrea Bocelli,2025-11-22,2025,MERCADO LIVRE ARENA PACAEMBU,ANDREA BOCELLI
10579,Cruzador Fantasma,2025-11-22,2025,LA IGLESIA BORRATXERIA,CRUZADOR FANTASMA
10580,lōtico,2025-11-22,2025,A PORTA MALDITA,LOTICO
10581,Lil Gotit,2025-11-22,2025,NEO QUIMICA ARENA,LIL GOTIT
10582,Bktherula,2025-11-22,2025,NEO QUIMICA ARENA,BKTHERULA
10583,Oasis,2025-11-22,2025,MORUMBIS,OASIS
10584,Kaash Paige,2025-11-22,2025,NEO QUIMICA ARENA,KAASH PAIGE
10585,Arctodus Savage,2025-11-22,2025,LA IGLESIA BORRATXERIA,ARCTODUS SAVAGE
10586,Richard Ashcroft,2025-11-22,2025,MORUMBIS,RICHARD ASHCROFT
10587,FERG,2025-11-22,2025,NEO QUIMICA ARENA,FERG
10588,Armadilha,2025-11-22,2025,LA IGLESIA BORRATXERIA,ARMADILHA
10589,Francinni Bessie,2025-11-22,2025,STEEL MUSIC BAR,FRANCINNI BESSIE
10590,Chitãozinho & Xororó,2025-11-22,2025,ESPACO UNIMED,CHITAOZINHO & XORORO
10591,bbno$,2025-11-22,2025,CINE JOIA,BBNO$
10592,Matanza Inc,2025-11-23,2025,TARANTINO CERVEJARIA,MATANZA INC
10593,Young Thug,2025-11-23,2025,NEO QUIMICA ARENA,YOUNG THUG
10594,Matuê,2025-11-23,2025,NEO QUIMICA ARENA,MATUE
10595,Oasis,2025-11-23,2025,MORUMBIS,OASIS
10596,O Terço,2025-11-23,2025,THE CAVERN CLUB SAO PAULO,O TERCO
10597,Raffa Moreira,2025-11-23,2025,NEO QUIMICA ARENA,RAFFA MOREIRA
10598,Yunk Vino,2025-11-23,2025,NEO QUIMICA ARENA,YUNK VINO
10599,Plutão Já Foi Planeta,2025-11-23,2025,TARANTINO CERVEJARIA,PLUTAO JA FOI PLANETA
10600,Punkzilla!,2025-11-23,2025,TARANTINO CERVEJARIA,PUNKZILLA!
10601,Ulcerate,2025-11-23,2025,LA IGLESIA BORRATXERIA,ULCERATE
10602,Deb and The Mentals,2025-11-23,2025,TARANTINO CERVEJARIA,DEB AND THE MENTALS
10603,Isabella Taviani,2025-11-23,2025,TOKIO MARINE HALL,ISABELLA TAVIANI
10604,Basttardz,2025-11-23,2025,TARANTINO CERVEJARIA,BASTTARDZ
10605,Bebê Feio,2025-11-23,2025,TARANTINO CERVEJARIA,BEBE FEIO
10606,MC Livinho,2025-11-23,2025,SUHAI MUSIC HALL,MC LIVINHO
10607,Mundo Livre S/A,2025-11-23,2025,PAVILHAO DA BIENAL,MUNDO LIVRE S/A
10608,Maciel Salú,2025-11-23,2025,PAVILHAO DA BIENAL,MACIEL SALU
10609,Karina Buhr,2025-11-23,2025,PAVILHAO DA BIENAL,KARINA BUHR
10610,Escombro,2025-11-23,2025,TARANTINO CERVEJARIA,ESCOMBRO
10611,Seun Kuti & Egypt 80,2025-11-23,2025,MUNDO PENSANTE,SEUN KUTI & EGYPT 80
10612,Arkona,2025-11-23,2025,CARIOCA CLUB,ARKONA
10613,Esteban Tavares,2025-11-23,2025,TARANTINO CERVEJARIA,ESTEBAN TAVARES
10614,Atrocity,2025-11-23,2025,CARIOCA CLUB,ATROCITY
10615,MC Hariel,2025-11-23,2025,SUHAI MUSIC HALL,MC HARIEL
10616,Skepta,2025-11-23,2025,NEO QUIMICA ARENA,SKEPTA
10617,Richard Ashcroft,2025-11-23,2025,MORUMBIS,RICHARD ASHCROFT
10618,Leaves’ Eyes,2025-11-23,2025,CARIOCA CLUB,LEAVES' EYES
10619,UnoTheActivist,2025-11-23,2025,NEO QUIMICA ARENA,UNOTHEACTIVIST
