,nome,data,ano,nome_local,setor,preco,preco_medio,nome_setores
0,ZEZE DI CAMARGO & LUCIANO,2021-09-04,2021,ESPACO DAS AMERICAS,Pista,170.0,564.0,PISTA
1,OS PARALAMAS DO SUCESSO,2021-10-02,2021,ESPACO DAS AMERICAS,Pista,200.0,200.0,PISTA
2,FERNANDO & SOROCABA,2021-10-22,2021,VILLA COUNTRY,Pista,200.0,237.5,PISTA
3,MAIARA & MARAISA,2021-10-22,2021,VILLA COUNTRY,Pista,200.0,237.5,PISTA
4,FERNANDO & SOROCABA,2021-10-23,2021,VILLA COUNTRY,Pista,200.0,237.5,PISTA
5,MAIARA & MARAISA,2021-10-23,2021,VILLA COUNTRY,Pista,200.0,237.5,PISTA
6,VANESSA DA MATA,2021-10-23,2021,TOM BRASIL,Pista,198.0,198.0,PISTA
7,ZECA PAGODINHO,2021-11-12,2021,ESPACO DAS AMERICAS,Pista,210.0,307.5,PISTA
9,TITAS,2021-11-20,2021,ARENA ANHEMBI,Pista,180.0,326.6666666666667,PISTA
17,JOAO GOMES,2021-12-04,2021,ARENA ANHEMBI,Pista,550.0,622.5,PISTA
18,LEO SANTANA,2021-12-04,2021,ARENA ANHEMBI,Pista,550.0,622.5,PISTA
19,WESLEY SAFADAO,2021-12-04,2021,ARENA ANHEMBI,Pista,550.0,622.5,PISTA
20,ZE NETO & CRISTIANO,2021-12-04,2021,ARENA ANHEMBI,Pista,550.0,622.5,PISTA
21,IVETE SANGALO,2021-12-10,2021,ESPACO DAS AMERICAS,Pista,260.0,393.3333333333333,PISTA
24,HENRIQUE & JULIANO,2021-12-17,2021,ESTADIO DO CANINDE,Pista,250.0,570.0,PISTA
26,NANDO REIS,2021-12-23,2021,ESPACO DAS AMERICAS,Pista,130.0,195.0,PISTA
27,JORGE & MATEUS,2022-01-08,2022,EXPO CENTER NORTE,Pista,200.0,283.3333333333333,PISTA
28,PEDRO SAMPAIO,2022-01-08,2022,EXPO CENTER NORTE,Pista,200.0,283.3333333333333,PISTA
33,CALCINHA PRETA,2022-02-04,2022,CENTRO DE TRADICOES NORDESTINAS,Pista,200.0,200.0,PISTA
34,MARISA MONTE,2022-02-04,2022,ESPACO DAS AMERICAS,Pista,220.0,423.3333333333333,PISTA
35,OS BAROES DA PISADINHA,2022-02-04,2022,CENTRO DE TRADICOES NORDESTINAS,Pista,200.0,200.0,PISTA
39,MARISA MONTE,2022-02-05,2022,ESPACO DAS AMERICAS,Pista,220.0,423.3333333333333,PISTA
40,GLORIA GROOVE,2022-02-10,2022,AUDIO,Pista,160.0,160.0,PISTA
41,MARISA MONTE,2022-02-11,2022,ESPACO DAS AMERICAS,Pista,220.0,423.3333333333333,PISTA
42,ANITTA,2022-02-12,2022,MEMORIAL DA AMERICA LATINA,Pista,280.0,390.0,PISTA
43,ATITUDE 67,2022-02-12,2022,MEMORIAL DA AMERICA LATINA,Pista,280.0,390.0,PISTA
44,CHITAOZINHO & XORORO,2022-02-12,2022,ESPACO DAS AMERICAS,Pista,220.0,423.3333333333333,PISTA
45,MARISA MONTE,2022-02-12,2022,ESPACO DAS AMERICAS,Pista,220.0,423.3333333333333,PISTA
46,MATHEUS FERNANDES,2022-02-12,2022,MEMORIAL DA AMERICA LATINA,Pista,280.0,390.0,PISTA
47,PABLLO VITTAR,2022-02-12,2022,MEMORIAL DA AMERICA LATINA,Pista,280.0,390.0,PISTA
48,ZE RAMALHO,2022-02-13,2022,ESPACO DAS AMERICAS,Pista,160.0,245.0,PISTA
49,CHITAOZINHO & XORORO,2022-02-17,2022,ESPACO DAS AMERICAS,Pista,220.0,423.3333333333333,PISTA
51,SEPULTURA,2022-02-20,2022,AUDIO,Pista,120.0,200.0,PISTA
52,PABLLO VITTAR,2022-02-25,2022,AUDIO,Pista,120.0,196.66666666666666,PISTA
56,DENNIS,2022-02-27,2022,JOCKEY CLUB,Pista,380.0,386.0,PISTA
57,LUDMILLA,2022-02-27,2022,JOCKEY CLUB,Pista,380.0,386.0,PISTA
58,ALOK,2022-02-28,2022,JOCKEY CLUB,Pista,390.0,390.0,PISTA
59,LUAN SANTANA,2022-02-28,2022,JOCKEY CLUB,Pista,390.0,390.0,PISTA
60,ANITTA,2022-03-01,2022,JOCKEY CLUB,Pista,390.0,390.0,PISTA
61,GLORIA GROOVE,2022-03-01,2022,ESPACO DAS AMERICAS,Pista,380.0,386.0,PISTA
62,JORGE & MATEUS,2022-03-01,2022,JOCKEY CLUB,Pista,160.0,498.0,PISTA
63,LUDMILLA,2022-03-01,2022,ESPACO DAS AMERICAS,Pista,380.0,386.0,PISTA
64,SKANK,2022-03-11,2022,ESPACO DAS AMERICAS,Pista,140.0,257.5,PISTA
65,BACO EXU DO BLUES,2022-03-12,2022,AUDIO,Pista,170.0,123.33333333333333,PISTA
66,OS PARALAMAS DO SUCESSO,2022-03-12,2022,TOKIO MARINE HALL,Pista,200.0,200.0,PISTA
67,SKANK,2022-03-12,2022,ESPACO DAS AMERICAS,Pista,140.0,257.5,PISTA
68,SKANK,2022-03-13,2022,ESPACO DAS AMERICAS,Pista,140.0,257.5,PISTA
69,JAO,2022-03-18,2022,ESPACO DAS AMERICAS,Pista,140.0,220.0,PISTA
70,JUNGLE,2022-03-18,2022,AUDIO,Pista,410.0,711.6666666666666,PISTA
71,A DAY TO REMEMBER,2022-03-24,2022,AUDIO,Pista,360.0,467.0,PISTA
102,CAPITAL INICIAL,2022-03-27,2022,MEMORIAL DA AMERICA LATINA,Pista,160.0,280.0,PISTA
111,OS PARALAMAS DO SUCESSO,2022-03-27,2022,MEMORIAL DA AMERICA LATINA,Pista,160.0,280.0,PISTA
112,THE DRUMS,2022-03-31,2022,AUDIO,Pista,130.0,130.0,PISTA
113,LAGUM,2022-04-02,2022,AUDIO,Pista,160.0,160.0,PISTA
115,GLORIA GROOVE,2022-04-03,2022,VALE DO ANHANGABAU,Pista,300.0,400.0,PISTA
116,LAGUM,2022-04-03,2022,AUDIO,Pista,160.0,160.0,PISTA
118,JAO,2022-04-05,2022,ALLIANZ PARQUE,Pista,815.0,815.0,PISTA
119,MAROON 5,2022-04-05,2022,ALLIANZ PARQUE,Pista,815.0,815.0,PISTA
120,TITAS,2022-04-10,2022,MEMORIAL DA AMERICA LATINA,Pista,400.0,600.0,PISTA
122,MOLCHAT DOMA,2022-04-11,2022,AUDIO,Pista,180.0,290.0,PISTA
123,JAO,2022-04-14,2022,ESPACO DAS AMERICAS,Pista,140.0,220.0,PISTA
124,MAIARA & MARAISA,2022-04-15,2022,ESPACO DAS AMERICAS,Pista,590.0,680.0,PISTA
125,MARIA BETHANIA,2022-04-16,2022,ESPACO DAS AMERICAS,Pista,180.0,215.4,PISTA
126,MAIARA & MARAISA,2022-04-17,2022,ESPACO DAS AMERICAS,Pista,590.0,680.0,PISTA
127,NANDO REIS,2022-04-21,2022,MEMORIAL DA AMERICA LATINA,Pista,340.0,340.0,PISTA
128,RACIONAIS MC'S,2022-04-22,2022,ESPACO DAS AMERICAS,Pista,140.0,215.0,PISTA
129,CPM 22,2022-04-23,2022,AUDIO,Pista,200.0,150.0,PISTA
130,IVETE SANGALO,2022-04-23,2022,ESPACO DAS AMERICAS,Pista,100.0,245.0,PISTA
131,MAIARA & MARAISA,2022-04-28,2022,VILLA COUNTRY,Pista,70.0,205.0,PISTA
132,LULU SANTOS,2022-04-29,2022,ESPACO DAS AMERICAS,Pista,120.0,233.33333333333334,PISTA
133,KISS,2022-04-30,2022,ALLIANZ PARQUE,Pista,380.0,470.0,PISTA
134,CAETANO VELOSO,2022-05-06,2022,ESPACO DAS AMERICAS,Pista,200.0,350.0,PISTA
135,CHARLOTTE DE WITTE,2022-05-06,2022,SAMBODROMO DO ANHEMBI,Pista,500.0,640.0,PISTA
136,GLORIA GROOVE,2022-05-07,2022,EXPO CENTER NORTE,Pista,160.0,160.0,PISTA
138,PERICLES,2022-05-07,2022,EXPO CENTER NORTE,Pista,240.0,240.0,PISTA
139,CPM 22,2022-05-08,2022,AUDIO,Pista,200.0,150.0,PISTA
140,GRETA VAN FLEET,2022-05-10,2022,ESTADIO DO MORUMBI,Pista,420.0,452.5,PISTA
141,METALLICA,2022-05-10,2022,ESTADIO DO MORUMBI,Pista,420.0,452.5,PISTA
142,SIMONE & SIMARIA,2022-05-10,2022,VILLA COUNTRY,Pista,110.0,386.6666666666667,PISTA
143,CAETANO VELOSO,2022-05-14,2022,MEMORIAL DA AMERICA LATINA,Pista,250.0,250.0,PISTA
144,GILSONS,2022-05-14,2022,MEMORIAL DA AMERICA LATINA,Pista,250.0,250.0,PISTA
145,IZA,2022-05-14,2022,MEMORIAL DA AMERICA LATINA,Pista,250.0,250.0,PISTA
146,URIAS,2022-05-14,2022,MEMORIAL DA AMERICA LATINA,Pista,250.0,250.0,PISTA
147,TWO DOOR CINEMA CLUB,2022-05-18,2022,AUDIO,Pista,250.0,300.0,PISTA
148,THE KOOKS,2022-05-20,2022,ESPACO UNIMED,Pista,300.0,566.6666666666666,PISTA
149,JOAO GOMES,2022-05-21,2022,ARENA ANHEMBI,Pista,100.0,120.0,PISTA
150,NATTAN,2022-05-21,2022,ARENA ANHEMBI,Pista,100.0,120.0,PISTA
151,TARCISIO DO ACORDEON,2022-05-21,2022,ARENA ANHEMBI,Pista,100.0,120.0,PISTA
152,XAND AVIAO,2022-05-21,2022,ARENA ANHEMBI,Pista,100.0,120.0,PISTA
153,ZE VAQUEIRO,2022-05-21,2022,ARENA ANHEMBI,Pista,100.0,120.0,PISTA
155,JAO,2022-05-27,2022,ESPACO UNIMED,Pista,140.0,220.0,PISTA
156,CAPITAL INICIAL,2022-05-28,2022,ARENA ANHEMBI,Pista,230.0,495.0,PISTA
157,LOUIS TOMLINSON,2022-05-28,2022,ESPACO UNIMED,Pista,220.0,310.0,PISTA
159,NANDO REIS,2022-05-28,2022,ARENA ANHEMBI,Pista,230.0,495.0,PISTA
160,PITTY,2022-05-28,2022,ARENA ANHEMBI,Pista,230.0,495.0,PISTA
163,LOUIS TOMLINSON,2022-05-29,2022,ESPACO UNIMED,Pista,220.0,310.0,PISTA
165,DJAVAN,2022-06-04,2022,ESPACO UNIMED,Pista,210.0,310.0,PISTA
166,ANAVITORIA,2022-06-09,2022,ESPACO UNIMED,Pista,180.0,243.33333333333334,PISTA
167,NANDO REIS,2022-06-10,2022,VIBRA SAO PAULO,Pista,320.0,336.0,PISTA
168,ARMANDINHO,2022-06-15,2022,ESPACO UNIMED,Pista,240.0,240.0,PISTA
169,IVETE SANGALO,2022-06-16,2022,ARENA ANHEMBI,Pista,200.0,250.0,PISTA
170,LUISA SONZA,2022-06-16,2022,ARENA ANHEMBI,Pista,200.0,250.0,PISTA
171,AJULIACOSTA,2022-06-17,2022,SAMBODROMO DO ANHEMBI,Pista,440.0,440.0,PISTA
172,DESTROY LONELY,2022-06-17,2022,SAMBODROMO DO ANHEMBI,Pista,440.0,440.0,PISTA
173,GLORIA GROOVE,2022-06-17,2022,ARENA ANHEMBI,Pista,380.0,386.0,PISTA
174,KEN CARSON,2022-06-17,2022,SAMBODROMO DO ANHEMBI,Pista,440.0,440.0,PISTA
175,LUDMILLA,2022-06-17,2022,ARENA ANHEMBI,Pista,380.0,386.0,PISTA
176,PABLLO VITTAR,2022-06-17,2022,ARENA ANHEMBI,Pista,380.0,386.0,PISTA
177,PLAYBOI CARTI,2022-06-17,2022,SAMBODROMO DO ANHEMBI,Pista,440.0,440.0,PISTA
178,SOFAYGO,2022-06-17,2022,SAMBODROMO DO ANHEMBI,Pista,440.0,440.0,PISTA
179,VEIGH,2022-06-17,2022,SAMBODROMO DO ANHEMBI,Pista,440.0,440.0,PISTA
180,BK,2022-06-18,2022,SAMBODROMO DO ANHEMBI,Pista,440.0,440.0,PISTA
181,CLAUDIA LEITTE,2022-06-18,2022,ARENA ANHEMBI,Pista,380.0,386.0,PISTA
182,DJONGA,2022-06-18,2022,SAMBODROMO DO ANHEMBI,Pista,440.0,440.0,PISTA
183,FILIPE RET,2022-06-18,2022,SAMBODROMO DO ANHEMBI,Pista,440.0,440.0,PISTA
184,YUNK VINO,2022-06-18,2022,SAMBODROMO DO ANHEMBI,Pista,440.0,440.0,PISTA
185,BORGES,2022-06-19,2022,SAMBODROMO DO ANHEMBI,Pista,440.0,440.0,PISTA
186,EBONY,2022-06-19,2022,SAMBODROMO DO ANHEMBI,Pista,440.0,440.0,PISTA
187,KYAN,2022-06-19,2022,SAMBODROMO DO ANHEMBI,Pista,440.0,440.0,PISTA
188,OROCHI,2022-06-19,2022,SAMBODROMO DO ANHEMBI,Pista,440.0,440.0,PISTA
189,RACIONAIS MC'S,2022-06-19,2022,SAMBODROMO DO ANHEMBI,Pista,440.0,440.0,PISTA
190,TASHA & TRACIE,2022-06-19,2022,SAMBODROMO DO ANHEMBI,Pista,440.0,440.0,PISTA
191,TRIPPIE REDD,2022-06-19,2022,SAMBODROMO DO ANHEMBI,Pista,440.0,440.0,PISTA
192,JAO,2022-06-22,2022,TOKIO MARINE HALL,Pista,100.0,170.0,PISTA
193,PIXOTE,2022-06-22,2022,TOKIO MARINE HALL,Pista,100.0,170.0,PISTA
194,SEU JORGE,2022-06-22,2022,TOKIO MARINE HALL,Pista,100.0,170.0,PISTA
195,VITOR KLEY,2022-06-22,2022,TOKIO MARINE HALL,Pista,100.0,170.0,PISTA
196,CAETANO VELOSO,2022-06-24,2022,ESPACO UNIMED,Pista,180.0,351.6666666666667,PISTA
197,FLORA MATOS,2022-06-24,2022,AUDIO,Pista,60.0,60.0,PISTA
198,CAETANO VELOSO,2022-06-25,2022,ESPACO UNIMED,Pista,180.0,351.6666666666667,PISTA
199,JOTA QUEST,2022-07-02,2022,ESPACO UNIMED,Pista,120.0,220.0,PISTA
200,PITTY,2022-07-09,2022,AUDIO,Pista,120.0,260.0,PISTA
202,A-HA,2022-07-18,2022,ESPACO UNIMED,Pista,410.0,466.6666666666667,PISTA
203,A-HA,2022-07-19,2022,ESPACO UNIMED,Pista,410.0,466.6666666666667,PISTA
204,MARISA MONTE,2022-07-21,2022,ESPACO UNIMED,Pista,220.0,350.0,PISTA
205,MARISA MONTE,2022-07-22,2022,ESPACO UNIMED,Pista,220.0,350.0,PISTA
206,MARISA MONTE,2022-07-23,2022,ESPACO UNIMED,Pista,220.0,350.0,PISTA
207,JAO,2022-07-26,2022,VIBRA SAO PAULO,Pista,975.0,975.0,PISTA
214,MARISA MONTE,2022-07-28,2022,ESPACO UNIMED,Pista,220.0,350.0,PISTA
215,MARISA MONTE,2022-07-29,2022,ESPACO UNIMED,Pista,220.0,350.0,PISTA
216,DENNIS,2022-07-30,2022,ESTADIO DO CANINDE,Pista,250.0,310.0,PISTA
217,MARINA SENA,2022-08-06,2022,AUDIO,Pista,180.0,180.0,PISTA
218,JAO,2022-08-14,2022,ESPACO UNIMED,Pista,140.0,220.0,PISTA
219,ANITTA,2022-08-19,2022,NEO QUIMICA ARENA,Pista,120.0,160.0,PISTA
220,GLORIA GROOVE,2022-08-19,2022,NEO QUIMICA ARENA,Pista,120.0,160.0,PISTA
221,PAPATINHO,2022-08-19,2022,NEO QUIMICA ARENA,Pista,120.0,160.0,PISTA
223,JAO,2022-08-20,2022,ESPACO UNIMED,Pista,140.0,220.0,PISTA
230,ROSALIA,2022-08-22,2022,ESPACO UNIMED,Pista,480.0,672.5,PISTA
231,MILTON NASCIMENTO,2022-08-26,2022,ESPACO UNIMED,Pista,200.0,420.0,PISTA
232,MC HARIEL,2022-08-27,2022,ESTADIO DO CANINDE,Pista,200.0,420.0,PISTA
233,MILTON NASCIMENTO,2022-08-27,2022,ESPACO UNIMED,Pista,200.0,420.0,PISTA
234,OROCHI,2022-08-27,2022,ESTADIO DO CANINDE,Pista,110.0,205.0,PISTA
235,DEMI LOVATO,2022-08-30,2022,ESPACO UNIMED,Pista,700.0,1100.0,PISTA
236,DEMI LOVATO,2022-08-31,2022,ESPACO UNIMED,Pista,700.0,1100.0,PISTA
237,DREAM THEATER,2022-08-31,2022,TOKIO MARINE HALL,Pista,340.0,540.0,PISTA
238,MILTON NASCIMENTO,2022-09-01,2022,ESPACO UNIMED,Pista,200.0,420.0,PISTA
239,MILTON NASCIMENTO,2022-09-02,2022,ESPACO UNIMED,Pista,200.0,420.0,PISTA
240,BULLET FOR MY VALENTINE,2022-09-03,2022,AUDIO,Pista,495.0,605.0,PISTA
241,IRON MAIDEN,2022-09-04,2022,ESTADIO DO MORUMBI,Pista,430.0,566.6666666666666,PISTA
242,AVRIL LAVIGNE,2022-09-07,2022,ESPACO UNIMED,Pista,431.0,538.5,PISTA
243,DUA LIPA,2022-09-08,2022,ARENA ANHEMBI,Pista,590.0,688.0,PISTA
244,BASTILLE,2022-09-09,2022,TOKIO MARINE HALL,Pista,360.0,426.0,PISTA
245,MANESKIN,2022-09-09,2022,ESPACO UNIMED,Pista,380.0,570.0,PISTA
246,CPM 22,2022-09-10,2022,VIBRA SAO PAULO,Pista,160.0,200.0,PISTA
248,TITAS,2022-09-10,2022,TOKIO MARINE HALL,Pista,400.0,600.0,PISTA
249,ANAVITORIA,2022-09-11,2022,TOKIO MARINE HALL,Pista,240.0,290.0,PISTA
250,DJAVAN,2022-09-16,2022,MEMORIAL DA AMERICA LATINA,Pista,295.0,558.0,PISTA
251,GILBERTO GIL,2022-09-16,2022,MEMORIAL DA AMERICA LATINA,Pista,295.0,558.0,PISTA
252,GLORIA GROOVE,2022-09-16,2022,ESPACO UNIMED,Pista,80.0,203.33333333333334,PISTA
253,LINIKER,2022-09-16,2022,MEMORIAL DA AMERICA LATINA,Pista,295.0,558.0,PISTA
254,TASHA & TRACIE,2022-09-16,2022,MEMORIAL DA AMERICA LATINA,Pista,295.0,558.0,PISTA
255,ALCEU VALENCA,2022-09-17,2022,MEMORIAL DA AMERICA LATINA,Pista,200.0,322.5,PISTA
256,BK,2022-09-17,2022,MEMORIAL DA AMERICA LATINA,Pista,200.0,322.5,PISTA
257,GAL COSTA,2022-09-17,2022,MEMORIAL DA AMERICA LATINA,Pista,200.0,322.5,PISTA
262,BACO EXU DO BLUES,2022-09-23,2022,AUDIO,Pista,170.0,123.33333333333333,PISTA
263,GUNS N' ROSES,2022-09-24,2022,ALLIANZ PARQUE,Pista,480.0,950.0,PISTA
264,JORGE DREXLER,2022-09-24,2022,VIBRA SAO PAULO,Pista,160.0,260.0,PISTA
265,MILTON NASCIMENTO,2022-09-24,2022,ESPACO UNIMED,Pista,200.0,420.0,PISTA
266,MILTON NASCIMENTO,2022-09-25,2022,ESPACO UNIMED,Pista,200.0,420.0,PISTA
270,HELLOWEEN,2022-10-08,2022,ESPACO UNIMED,Pista,250.0,462.5,PISTA
272,TINI,2022-10-08,2022,VIBRA SAO PAULO,Pista,700.0,650.0,PISTA
273,HELLOWEEN,2022-10-09,2022,ESPACO UNIMED,Pista,250.0,462.5,PISTA
274,BEAST IN BLACK,2022-10-14,2022,ESPACO UNIMED,Pista,190.0,332.5,PISTA
275,NIGHTWISH,2022-10-14,2022,ESPACO UNIMED,Pista,190.0,332.5,PISTA
276,GILSONS,2022-10-15,2022,SAMBODROMO DO ANHEMBI,Pista,250.0,625.0,PISTA
277,JORGE ARAGAO,2022-10-15,2022,SAMBODROMO DO ANHEMBI,Pista,250.0,625.0,PISTA
278,AIR SUPPLY,2022-10-16,2022,ESPACO UNIMED,Pista,590.0,765.0,PISTA
279,DIOGO NOGUEIRA,2022-10-16,2022,SAMBODROMO DO ANHEMBI,Pista,760.0,820.0,PISTA
280,DPR IAN,2022-10-16,2022,AUDIO,Pista,320.0,555.0,PISTA
281,NANDO REIS,2022-10-16,2022,SAMBODROMO DO ANHEMBI,Pista,760.0,820.0,PISTA
282,VANESSA DA MATA,2022-10-16,2022,SAMBODROMO DO ANHEMBI,Pista,760.0,820.0,PISTA
283,SKANK,2022-10-21,2022,ESPACO UNIMED,Pista,140.0,260.0,PISTA
284,SKANK,2022-10-22,2022,ESPACO UNIMED,Pista,140.0,260.0,PISTA
285,BLACK LABEL SOCIETY,2022-10-23,2022,AUDIO,Pista,280.0,420.0,PISTA
286,MILTON NASCIMENTO,2022-11-01,2022,ESPACO UNIMED,Pista,200.0,420.0,PISTA
287,MILTON NASCIMENTO,2022-11-03,2022,ESPACO UNIMED,Pista,200.0,420.0,PISTA
288,BAD GYAL,2022-11-04,2022,AUDIO,Pista,980.0,980.0,PISTA
289,MILTON NASCIMENTO,2022-11-04,2022,ESPACO UNIMED,Pista,200.0,420.0,PISTA
290,ARCTIC MONKEYS,2022-11-05,2022,DISTRITO ANHEMBI,Pista,560.0,733.3333333333334,PISTA
291,BEACH HOUSE,2022-11-05,2022,DISTRITO ANHEMBI,Pista,560.0,733.3333333333334,PISTA
292,BJORK,2022-11-05,2022,DISTRITO ANHEMBI,Pista,560.0,733.3333333333334,PISTA
293,INTERPOL,2022-11-05,2022,DISTRITO ANHEMBI,Pista,560.0,733.3333333333334,PISTA
294,JOSE GONZALEZ,2022-11-05,2022,DISTRITO ANHEMBI,Pista,560.0,733.3333333333334,PISTA
295,L7NNON,2022-11-05,2022,DISTRITO ANHEMBI,Pista,560.0,733.3333333333334,PISTA
296,LINIKER,2022-11-05,2022,DISTRITO ANHEMBI,Pista,560.0,733.3333333333334,PISTA
297,LUCCAS CARLOS,2022-11-05,2022,DISTRITO ANHEMBI,Pista,560.0,733.3333333333334,PISTA
298,MICHAEL BUBLE,2022-11-05,2022,ALLIANZ PARQUE,Pista,600.0,468.0,PISTA
299,MITSKI,2022-11-05,2022,DISTRITO ANHEMBI,Pista,560.0,733.3333333333334,PISTA
300,RAIMUNDOS,2022-11-05,2022,AUDIO,Pista,80.0,80.0,PISTA
301,ROBERTO CARLOS,2022-11-05,2022,ESPACO UNIMED,Pista,310.0,470.0,PISTA
302,SEVDALIZA,2022-11-05,2022,DISTRITO ANHEMBI,Pista,560.0,733.3333333333334,PISTA
303,TASHA & TRACIE,2022-11-05,2022,DISTRITO ANHEMBI,Pista,560.0,733.3333333333334,PISTA
304,BAD GYAL,2022-11-06,2022,DISTRITO ANHEMBI,Pista,560.0,733.3333333333334,PISTA
305,CAROLINE POLACHEK,2022-11-06,2022,DISTRITO ANHEMBI,Pista,560.0,733.3333333333334,PISTA
306,CHARLI XCX,2022-11-06,2022,DISTRITO ANHEMBI,Pista,560.0,733.3333333333334,PISTA
307,FATHER JOHN MISTY,2022-11-06,2022,DISTRITO ANHEMBI,Pista,560.0,733.3333333333334,PISTA
308,JPEGMAFIA,2022-11-06,2022,DISTRITO ANHEMBI,Pista,560.0,733.3333333333334,PISTA
309,LORDE,2022-11-06,2022,DISTRITO ANHEMBI,Pista,560.0,733.3333333333334,PISTA
310,MICHAEL BUBLE,2022-11-06,2022,ALLIANZ PARQUE,Pista,600.0,468.0,PISTA
311,PHOEBE BRIDGERS,2022-11-06,2022,DISTRITO ANHEMBI,Pista,560.0,733.3333333333334,PISTA
312,ROBERTO CARLOS,2022-11-06,2022,ESPACO UNIMED,Pista,310.0,470.0,PISTA
313,TRAVIS SCOTT,2022-11-06,2022,DISTRITO ANHEMBI,Pista,560.0,625.0,PISTA
314,CHARLI XCX,2022-11-09,2022,AUDIO,Pista,370.0,455.0,PISTA
315,ROBERTO CARLOS,2022-11-09,2022,ESPACO UNIMED,Pista,310.0,470.0,PISTA
316,JAO,2022-11-11,2022,ESPACO UNIMED,Pista,140.0,220.0,PISTA
317,MAIARA & MARAISA,2022-11-11,2022,VIBRA SAO PAULO,Pista,80.0,80.0,PISTA
318,ALCEU VALENCA,2022-11-12,2022,ESPACO UNIMED,Pista,160.0,160.0,PISTA
319,BONNIE TYLER,2022-11-12,2022,TOKIO MARINE HALL,Pista,329.0,305.0,PISTA
320,THE KILLERS,2022-11-12,2022,ALLIANZ PARQUE,Pista,540.0,908.0,PISTA
321,TWENTY ONE PILOTS,2022-11-12,2022,ALLIANZ PARQUE,Pista,540.0,908.0,PISTA
322,KYGO,2022-11-13,2022,ESPACO UNIMED,Pista,400.0,400.0,PISTA
323,ROBERTO CARLOS,2022-11-17,2022,ESPACO UNIMED,Pista,310.0,470.0,PISTA
324,CAPITAL INICIAL,2022-11-18,2022,ESPACO UNIMED,Pista,120.0,220.0,PISTA
328,OS PARALAMAS DO SUCESSO,2022-11-19,2022,VIBRA SAO PAULO,Pista,200.0,200.0,PISTA
331,CAETANO VELOSO,2022-11-25,2022,ESPACO UNIMED,Pista,180.0,351.6666666666667,PISTA
332,CAETANO VELOSO,2022-11-26,2022,ESPACO UNIMED,Pista,180.0,351.6666666666667,PISTA
333,GUSTTAVO LIMA,2022-11-26,2022,ALLIANZ PARQUE,Pista,340.0,3670.0,PISTA
334,MAIARA & MARAISA,2022-11-26,2022,ALLIANZ PARQUE,Pista,340.0,3670.0,PISTA
335,CAETANO VELOSO,2022-11-27,2022,ESPACO UNIMED,Pista,180.0,351.6666666666667,PISTA
336,RUSS,2022-12-01,2022,AUDIO,Pista,310.0,320.0,PISTA
337,ZE RAMALHO,2022-12-03,2022,TOKIO MARINE HALL,Pista,160.0,213.33333333333334,PISTA
338,IZA,2022-12-04,2022,MEMORIAL DA AMERICA LATINA,Pista,250.0,250.0,PISTA
339,THE ROSE,2022-12-04,2022,ESPACO UNIMED,Pista,400.0,493.3333333333333,PISTA
340,TITAS,2022-12-04,2022,TOKIO MARINE HALL,Pista,400.0,600.0,PISTA
343,EROS RAMAZZOTTI,2022-12-09,2022,VIBRA SAO PAULO,Pista,360.0,392.5,PISTA
344,BRUNO & MARRONE,2022-12-10,2022,ALLIANZ PARQUE,Pista,421.0,4533.666666666667,PISTA
345,CHITAOZINHO & XORORO,2022-12-10,2022,ALLIANZ PARQUE,Pista,421.0,4533.666666666667,PISTA
346,EDUARDO COSTA,2022-12-10,2022,ALLIANZ PARQUE,Pista,421.0,4533.666666666667,PISTA
347,LUDMILLA,2022-12-10,2022,NEO QUIMICA ARENA,Pista,380.0,386.0,PISTA
348,MU540,2022-12-10,2022,NEO QUIMICA ARENA,Pista,380.0,386.0,PISTA
349,URIAS,2022-12-10,2022,NEO QUIMICA ARENA,Pista,380.0,386.0,PISTA
350,ZEZE DI CAMARGO & LUCIANO,2022-12-10,2022,ALLIANZ PARQUE,Pista,421.0,4533.666666666667,PISTA
351,FLEET FOXES,2022-12-11,2022,TOKIO MARINE HALL,Pista,450.0,450.0,PISTA
355,PEDRO SAMPAIO,2022-12-14,2022,AUDIO,Pista,120.0,120.0,PISTA
356,JUDAS PRIEST,2022-12-15,2022,VIBRA SAO PAULO,Pista,390.0,485.0,PISTA
357,PANTERA,2022-12-15,2022,VIBRA SAO PAULO,Pista,390.0,485.0,PISTA
358,BRING ME THE HORIZON,2022-12-16,2022,VIBRA SAO PAULO,Pista,390.0,480.0,PISTA
359,JORGE & MATEUS,2022-12-17,2022,NOVO ANHANGABAU,Pista,620.0,685.0,PISTA
360,PEDRO SAMPAIO,2022-12-17,2022,NOVO ANHANGABAU,Pista,620.0,685.0,PISTA
361,WESLEY SAFADAO,2022-12-17,2022,NOVO ANHANGABAU,Pista,620.0,685.0,PISTA
362,BRING ME THE HORIZON,2022-12-18,2022,SAMBODROMO DO ANHEMBI,Pista,900.0,900.0,PISTA
363,JUDAS PRIEST,2022-12-18,2022,SAMBODROMO DO ANHEMBI,Pista,900.0,900.0,PISTA
364,PANTERA,2022-12-18,2022,SAMBODROMO DO ANHEMBI,Pista,900.0,900.0,PISTA
365,SEPULTURA,2022-12-18,2022,SAMBODROMO DO ANHEMBI,Pista,900.0,900.0,PISTA
366,SLIPKNOT,2022-12-18,2022,SAMBODROMO DO ANHEMBI,Pista,900.0,900.0,PISTA
367,TRIVIUM,2022-12-18,2022,SAMBODROMO DO ANHEMBI,Pista,900.0,900.0,PISTA
368,DANIEL,2022-12-21,2022,VIBRA SAO PAULO,Pista,260.0,350.0,PISTA
369,LUDMILLA,2022-12-23,2022,ESPACO UNIMED,Pista,380.0,386.0,PISTA
370,MC DON JUAN,2022-12-23,2022,ESPACO UNIMED,Pista,380.0,386.0,PISTA
371,MC HARIEL,2022-12-23,2022,ESPACO UNIMED,Pista,380.0,386.0,PISTA
372,MC LIVINHO,2022-12-23,2022,ESPACO UNIMED,Pista,380.0,386.0,PISTA
373,ROUPA NOVA,2023-01-14,2023,VIBRA SAO PAULO,Pista,100.0,245.0,PISTA
374,ANITTA,2023-01-15,2023,MEMORIAL DA AMERICA LATINA,Pista,270.0,270.0,PISTA
375,FILIPE RET,2023-01-15,2023,MEMORIAL DA AMERICA LATINA,Pista,270.0,270.0,PISTA
376,GLORIA GROOVE,2023-01-15,2023,MEMORIAL DA AMERICA LATINA,Pista,270.0,270.0,PISTA
377,XAND AVIAO,2023-01-15,2023,MEMORIAL DA AMERICA LATINA,Pista,270.0,270.0,PISTA
378,JACK JOHNSON,2023-01-18,2023,ESPACO UNIMED,Pista,395.5,568.0,PISTA
379,NCT 127,2023-01-18,2023,VIBRA SAO PAULO,Pista,690.0,612.0,PISTA
380,NCT 127,2023-01-19,2023,VIBRA SAO PAULO,Pista,690.0,612.0,PISTA
381,EMICIDA,2023-01-20,2023,ESPACO UNIMED,Pista,250.0,300.0,PISTA
382,NCT 127,2023-01-20,2023,VIBRA SAO PAULO,Pista,690.0,612.0,PISTA
383,ERYKAH BADU,2023-01-21,2023,MEMORIAL DA AMERICA LATINA,Pista,165.0,165.0,PISTA
387,BACKSTREET BOYS,2023-01-27,2023,ALLIANZ PARQUE,Pista,360.0,582.5,PISTA
388,LUISA SONZA,2023-01-27,2023,ESPACO UNIMED,Pista,140.0,250.0,PISTA
389,BACKSTREET BOYS,2023-01-28,2023,ALLIANZ PARQUE,Pista,360.0,582.5,PISTA
390,BK,2023-01-28,2023,AUDIO,Pista,80.0,80.0,PISTA
391,CLAUDIA LEITTE,2023-02-04,2023,ALLIANZ PARQUE,Pista,150.0,210.0,PISTA
392,DUBDOGZ,2023-02-04,2023,ALLIANZ PARQUE,Pista,150.0,210.0,PISTA
393,GLORIA GROOVE,2023-02-04,2023,ALLIANZ PARQUE,Pista,150.0,210.0,PISTA
394,LUISA SONZA,2023-02-04,2023,ALLIANZ PARQUE,Pista,150.0,210.0,PISTA
395,SEU JORGE,2023-02-04,2023,ESPACO UNIMED,Pista,180.0,235.0,PISTA
396,LP,2023-02-08,2023,AUDIO,Pista,320.0,370.0,PISTA
397,SUPER JUNIOR,2023-02-09,2023,ESPACO UNIMED,Pista,450.0,785.0,PISTA
398,EMICIDA,2023-02-10,2023,ESPACO UNIMED,Pista,250.0,300.0,PISTA
399,ANITTA,2023-02-11,2023,MEMORIAL DA AMERICA LATINA,Pista,270.0,270.0,PISTA
400,JAO,2023-02-11,2023,MEMORIAL DA AMERICA LATINA,Pista,270.0,270.0,PISTA
401,MARI FERNANDEZ,2023-02-11,2023,MEMORIAL DA AMERICA LATINA,Pista,270.0,270.0,PISTA
402,PABLLO VITTAR,2023-02-11,2023,MEMORIAL DA AMERICA LATINA,Pista,270.0,270.0,PISTA
403,EMICIDA,2023-02-12,2023,ESPACO UNIMED,Pista,250.0,300.0,PISTA
407,GRUPO MENOS E MAIS,2023-02-19,2023,JOCKEY CLUB,Pista,410.0,410.0,PISTA
408,MARI FERNANDEZ,2023-02-19,2023,JOCKEY CLUB,Pista,410.0,410.0,PISTA
409,PEDRO SAMPAIO,2023-02-19,2023,JOCKEY CLUB,Pista,410.0,410.0,PISTA
410,ALOK,2023-02-20,2023,JOCKEY CLUB,Pista,370.0,495.0,PISTA
411,LEO SANTANA,2023-02-20,2023,JOCKEY CLUB,Pista,370.0,495.0,PISTA
412,ANITTA,2023-02-21,2023,JOCKEY CLUB,Pista,170.0,280.0,PISTA
413,JORGE & MATEUS,2023-02-21,2023,JOCKEY CLUB,Pista,170.0,280.0,PISTA
414,XAND AVIAO,2023-02-21,2023,JOCKEY CLUB,Pista,170.0,280.0,PISTA
416,IMAGINE DRAGONS,2023-02-28,2023,ALLIANZ PARQUE,Pista,560.0,928.3333333333334,PISTA
417,BIG TIME RUSH,2023-03-03,2023,ESPACO UNIMED,Pista,390.0,585.0,PISTA
418,CHICO BUARQUE,2023-03-04,2023,TOKIO MARINE HALL,Pista,160.0,374.0,PISTA
419,JOTA QUEST,2023-03-04,2023,ESPACO UNIMED,Pista,220.0,250.0,PISTA
420,CHICO BUARQUE,2023-03-05,2023,TOKIO MARINE HALL,Pista,160.0,374.0,PISTA
421,DEF LEPPARD,2023-03-07,2023,ALLIANZ PARQUE,Pista,680.0,1538.5714285714287,PISTA
422,MOTLEY CRUE,2023-03-07,2023,ALLIANZ PARQUE,Pista,680.0,1538.5714285714287,PISTA
423,COLDPLAY,2023-03-10,2023,ESTADIO DO MORUMBI,Pista,590.0,702.5,PISTA
424,COLDPLAY,2023-03-11,2023,ESTADIO DO MORUMBI,Pista,590.0,702.5,PISTA
425,WIU,2023-03-12,2023,AUDIO,Pista,120.0,120.0,PISTA
426,COLDPLAY,2023-03-13,2023,ESTADIO DO MORUMBI,Pista,590.0,702.5,PISTA
427,COLDPLAY,2023-03-14,2023,ESTADIO DO MORUMBI,Pista,590.0,702.5,PISTA
428,THE BLACK CROWES,2023-03-14,2023,ESPACO UNIMED,Pista,340.0,562.5,PISTA
429,COLDPLAY,2023-03-17,2023,ESTADIO DO MORUMBI,Pista,590.0,702.5,PISTA
430,SKANK,2023-03-17,2023,ESPACO UNIMED,Pista,318.0,292.6666666666667,PISTA
431,COLDPLAY,2023-03-18,2023,ESTADIO DO MORUMBI,Pista,590.0,702.5,PISTA
432,SKANK,2023-03-18,2023,ESPACO UNIMED,Pista,318.0,292.6666666666667,PISTA
433,LUDOVICO EINAUDI,2023-03-19,2023,VIBRA SAO PAULO,Pista,190.0,563.3333333333334,PISTA
434,SKANK,2023-03-19,2023,ESPACO UNIMED,Pista,318.0,292.6666666666667,PISTA
451,CHICO BUARQUE,2023-03-25,2023,TOKIO MARINE HALL,Pista,160.0,374.0,PISTA
477,CIGARETTES AFTER SEX,2023-03-27,2023,AUDIO,Pista,160.0,200.0,PISTA
478,TOVE LO,2023-03-28,2023,AUDIO,Pista,160.0,160.0,PISTA
479,CHICO BUARQUE,2023-03-30,2023,TOKIO MARINE HALL,Pista,160.0,374.0,PISTA
481,BK,2023-04-02,2023,ESPACO UNIMED,Pista,440.0,540.0,PISTA
482,TASHA & TRACIE,2023-04-02,2023,ESPACO UNIMED,Pista,440.0,540.0,PISTA
483,WU-TANG CLAN,2023-04-02,2023,ESPACO UNIMED,Pista,440.0,540.0,PISTA
484,GUSTAVO MIOTO,2023-04-06,2023,VIBRA SAO PAULO,Pista,380.0,373.3333333333333,PISTA
485,CHICO BUARQUE,2023-04-07,2023,TOKIO MARINE HALL,Pista,160.0,374.0,PISTA
486,PIERCE THE VEIL,2023-04-09,2023,AUDIO,Pista,390.0,592.5,PISTA
487,ALCEU VALENCA,2023-04-20,2023,ESPACO UNIMED,Pista,380.0,726.6666666666666,PISTA
488,FALAMANSA,2023-04-20,2023,ESPACO UNIMED,Pista,380.0,726.6666666666666,PISTA
489,ALAN WALKER,2023-04-21,2023,VALE DO ANHANGABAU,Pista,750.0,1125.0,PISTA
490,MARSHMELLO,2023-04-21,2023,VALE DO ANHANGABAU,Pista,750.0,1125.0,PISTA
491,OLIVER HELDENS,2023-04-21,2023,VALE DO ANHANGABAU,Pista,750.0,1125.0,PISTA
492,TIMMY TRUMPET,2023-04-21,2023,VALE DO ANHANGABAU,Pista,750.0,1125.0,PISTA
493,ABOVE & BEYOND,2023-04-22,2023,VALE DO ANHANGABAU,Pista,750.0,1125.0,PISTA
494,AXWELL,2023-04-22,2023,VALE DO ANHANGABAU,Pista,750.0,1125.0,PISTA
495,DEEP PURPLE,2023-04-22,2023,ALLIANZ PARQUE,Pista,680.0,780.0,PISTA
496,DJ SNAKE,2023-04-22,2023,VALE DO ANHANGABAU,Pista,750.0,1125.0,PISTA
497,HELLOWEEN,2023-04-22,2023,ALLIANZ PARQUE,Pista,680.0,780.0,PISTA
498,KISS,2023-04-22,2023,ALLIANZ PARQUE,Pista,680.0,780.0,PISTA
499,NICKY ROMERO,2023-04-22,2023,VALE DO ANHANGABAU,Pista,750.0,1125.0,PISTA
500,SCORPIONS,2023-04-22,2023,ALLIANZ PARQUE,Pista,680.0,780.0,PISTA
501,VINI VICI,2023-04-22,2023,VALE DO ANHANGABAU,Pista,750.0,1125.0,PISTA
502,VITOR KLEY,2023-04-23,2023,AUDIO,Pista,140.0,273.3333333333333,PISTA
503,PERICLES,2023-04-28,2023,ESPACO UNIMED,Pista,160.0,220.0,PISTA
504,APOCALYPTICA,2023-04-29,2023,MEMORIAL DA AMERICA LATINA,Pista,400.0,533.3333333333334,PISTA
505,LAMB OF GOD,2023-04-29,2023,MEMORIAL DA AMERICA LATINA,Pista,400.0,533.3333333333334,PISTA
506,SEPULTURA,2023-04-29,2023,MEMORIAL DA AMERICA LATINA,Pista,400.0,533.3333333333334,PISTA
507,SKID ROW,2023-04-29,2023,MEMORIAL DA AMERICA LATINA,Pista,400.0,533.3333333333334,PISTA
508,STONE TEMPLE PILOTS,2023-04-29,2023,MEMORIAL DA AMERICA LATINA,Pista,400.0,533.3333333333334,PISTA
509,BEAST IN BLACK,2023-04-30,2023,MEMORIAL DA AMERICA LATINA,Pista,400.0,533.3333333333334,PISTA
510,JOAO GOMES,2023-04-30,2023,SAMBODROMO DO ANHEMBI,Pista,120.0,2093.3333333333335,PISTA
511,LUISA SONZA,2023-04-30,2023,SAMBODROMO DO ANHEMBI,Pista,120.0,2093.3333333333335,PISTA
512,MARI FERNANDEZ,2023-04-30,2023,SAMBODROMO DO ANHEMBI,Pista,120.0,2093.3333333333335,PISTA
513,NATTAN,2023-04-30,2023,SAMBODROMO DO ANHEMBI,Pista,120.0,2093.3333333333335,PISTA
514,PARKWAY DRIVE,2023-04-30,2023,MEMORIAL DA AMERICA LATINA,Pista,400.0,533.3333333333334,PISTA
515,TARCISIO DO ACORDEON,2023-04-30,2023,SAMBODROMO DO ANHEMBI,Pista,120.0,2093.3333333333335,PISTA
516,VITOR FERNANDES,2023-04-30,2023,SAMBODROMO DO ANHEMBI,Pista,120.0,2093.3333333333335,PISTA
517,XAND AVIAO,2023-04-30,2023,SAMBODROMO DO ANHEMBI,Pista,120.0,2093.3333333333335,PISTA
518,ALICIA KEYS,2023-05-05,2023,ALLIANZ PARQUE,Pista,780.0,782.0,PISTA
519,EDSON & HUDSON,2023-05-05,2023,ESPACO UNIMED,Pista,220.0,370.0,PISTA
520,MARINA SENA,2023-05-05,2023,AUDIO,Pista,180.0,240.0,PISTA
521,ARMANDINHO,2023-05-06,2023,DISTRITO ANHEMBI,Pista,200.0,250.0,PISTA
522,FILIPE RET,2023-05-06,2023,DISTRITO ANHEMBI,Pista,200.0,250.0,PISTA
523,GLORIA GROOVE,2023-05-06,2023,DISTRITO ANHEMBI,Pista,200.0,250.0,PISTA
524,LEGIAO URBANA,2023-05-06,2023,ESPACO UNIMED,Pista,120.0,220.0,PISTA
525,LOURENA,2023-05-06,2023,DISTRITO ANHEMBI,Pista,200.0,250.0,PISTA
526,MATUE,2023-05-06,2023,DISTRITO ANHEMBI,Pista,200.0,250.0,PISTA
527,MC CABELINHO,2023-05-06,2023,DISTRITO ANHEMBI,Pista,200.0,250.0,PISTA
528,OROCHI,2023-05-06,2023,DISTRITO ANHEMBI,Pista,200.0,250.0,PISTA
529,TASHA & TRACIE,2023-05-06,2023,DISTRITO ANHEMBI,Pista,200.0,250.0,PISTA
530,TETO,2023-05-06,2023,DISTRITO ANHEMBI,Pista,200.0,250.0,PISTA
531,WIZ KHALIFA,2023-05-06,2023,DISTRITO ANHEMBI,Pista,200.0,250.0,PISTA
532,CHASE ATLANTIC,2023-05-07,2023,DISTRITO ANHEMBI,Pista,200.0,250.0,PISTA
533,ICE CUBE,2023-05-07,2023,DISTRITO ANHEMBI,Pista,200.0,250.0,PISTA
534,RACIONAIS MC'S,2023-05-07,2023,DISTRITO ANHEMBI,Pista,200.0,250.0,PISTA
535,CHASE ATLANTIC,2023-05-09,2023,AUDIO,Pista,320.0,390.0,PISTA
536,BACO EXU DO BLUES,2023-05-12,2023,ESPACO UNIMED,Pista,160.0,135.0,PISTA
537,DANIEL,2023-05-14,2023,VIBRA SAO PAULO,Pista,90.0,202.5,PISTA
538,JACKSON WANG,2023-05-15,2023,ESPACO UNIMED,Pista,460.0,852.5,PISTA
539,DANIEL,2023-05-19,2023,VIBRA SAO PAULO,Pista,90.0,202.5,PISTA
540,DJAVAN,2023-05-20,2023,ESPACO UNIMED,Pista,210.0,601.6666666666666,PISTA
541,GLORIA GROOVE,2023-05-27,2023,VALE DO ANHANGABAU,Pista,270.0,270.0,PISTA
542,TIAGO IORC,2023-05-27,2023,VIBRA SAO PAULO,Pista,120.0,220.0,PISTA
543,ZE RAMALHO,2023-05-27,2023,ESPACO UNIMED,Pista,120.0,253.33333333333334,PISTA
546,PABLLO VITTAR,2023-06-02,2023,KOMPLEXO TEMPO,Pista,120.0,196.66666666666666,PISTA
547,URIAS,2023-06-02,2023,KOMPLEXO TEMPO,Pista,120.0,196.66666666666666,PISTA
548,BADBADNOTGOOD,2023-06-03,2023,NOVO ANHANGABAU,Pista,850.0,1525.0,PISTA
549,DJONGA,2023-06-03,2023,NOVO ANHANGABAU,Pista,850.0,1525.0,PISTA
550,FLUME,2023-06-03,2023,NOVO ANHANGABAU,Pista,850.0,1525.0,PISTA
551,LANA DEL REY,2023-06-03,2023,NOVO ANHANGABAU,Pista,850.0,1525.0,PISTA
552,LULU SANTOS,2023-06-03,2023,ESPACO UNIMED,Pista,140.0,260.0,PISTA
553,NATIRUTS,2023-06-03,2023,NOVO ANHANGABAU,Pista,850.0,1525.0,PISTA
554,CAPITAL INICIAL,2023-06-04,2023,NOVO ANHANGABAU,Pista,850.0,1420.0,PISTA
555,FLORENCE + THE MACHINE,2023-06-04,2023,NOVO ANHANGABAU,Pista,850.0,1420.0,PISTA
556,HAIM,2023-06-04,2023,NOVO ANHANGABAU,Pista,850.0,1420.0,PISTA
557,SABRINA CARPENTER,2023-06-04,2023,NOVO ANHANGABAU,Pista,850.0,1420.0,PISTA
558,CLAUDIA LEITTE,2023-06-08,2023,SAMBODROMO DO ANHEMBI,Pista,200.0,200.0,PISTA
559,IVETE SANGALO,2023-06-08,2023,SAMBODROMO DO ANHEMBI,Pista,200.0,200.0,PISTA
560,GLORIA GROOVE,2023-06-09,2023,SAMBODROMO DO ANHEMBI,Pista,200.0,200.0,PISTA
561,CLAUDIA LEITTE,2023-06-10,2023,SAMBODROMO DO ANHEMBI,Pista,200.0,200.0,PISTA
562,LINIKER,2023-06-10,2023,VALE DO ANHANGABAU,Pista,100.0,100.0,PISTA
563,MARINA SENA,2023-06-10,2023,VALE DO ANHANGABAU,Pista,100.0,100.0,PISTA
564,PABLLO VITTAR,2023-06-10,2023,SAMBODROMO DO ANHEMBI,Pista,200.0,200.0,PISTA
565,MARCELO D2,2023-06-16,2023,AUDIO,Pista,120.0,210.0,PISTA
566,TITAS,2023-06-16,2023,ALLIANZ PARQUE,Pista,300.0,539.1666666666666,PISTA
567,TITAS,2023-06-17,2023,ALLIANZ PARQUE,Pista,300.0,539.1666666666666,PISTA
568,TITAS,2023-06-18,2023,ALLIANZ PARQUE,Pista,300.0,539.1666666666666,PISTA
569,CHITAOZINHO & XORORO,2023-06-23,2023,ESPACO UNIMED,Pista,400.0,525.0,PISTA
570,CHITAOZINHO & XORORO,2023-06-24,2023,ESPACO UNIMED,Pista,400.0,525.0,PISTA
571,TITAS,2023-06-27,2023,VIBRA SAO PAULO,Pista,280.0,380.0,PISTA
572,RAIMUNDOS,2023-06-29,2023,AUDIO,Pista,210.0,210.0,PISTA
573,LAGUM,2023-06-30,2023,ESPACO UNIMED,Pista,220.0,290.0,PISTA
574,PERICLES,2023-06-30,2023,AUDIO,Pista,140.0,140.0,PISTA
575,NCT DREAM,2023-07-04,2023,VIBRA SAO PAULO,Pista,700.0,636.0,PISTA
576,CNCO,2023-07-05,2023,AUDIO,Pista,420.0,480.0,PISTA
577,JEFF SATUR,2023-07-07,2023,ESPACO UNIMED,Pista,460.0,817.5,PISTA
578,ROBERTO CARLOS,2023-07-07,2023,VIBRA SAO PAULO,Pista,350.0,675.0,PISTA
579,ROBERTO CARLOS,2023-07-08,2023,VIBRA SAO PAULO,Pista,350.0,675.0,PISTA
580,MARISA MONTE,2023-07-14,2023,ESPACO UNIMED,Pista,180.0,340.0,PISTA
581,MARISA MONTE,2023-07-15,2023,ESPACO UNIMED,Pista,180.0,340.0,PISTA
582,MARISA MONTE,2023-07-21,2023,ESPACO UNIMED,Pista,180.0,340.0,PISTA
583,P1HARMONY,2023-07-21,2023,TOKIO MARINE HALL,Pista,340.0,437.14285714285717,PISTA
584,MARISA MONTE,2023-07-22,2023,ESPACO UNIMED,Pista,180.0,340.0,PISTA
585,5 SECONDS OF SUMMER,2023-07-25,2023,ESPACO UNIMED,Pista,440.0,635.0,PISTA
586,ALCEU VALENCA,2023-07-28,2023,CENTRO DE TRADICOES NORDESTINAS,Pista,96.0,96.0,PISTA
587,FALAMANSA,2023-07-28,2023,CENTRO DE TRADICOES NORDESTINAS,Pista,96.0,96.0,PISTA
589,ZEZE DI CAMARGO & LUCIANO,2023-08-04,2023,ESPACO UNIMED,Pista,220.0,360.0,PISTA
593,ANA CASTELA,2023-08-19,2023,SAMBODROMO DO ANHEMBI,Pista,180.0,258.0,PISTA
594,BRUNO & MARRONE,2023-08-19,2023,SAMBODROMO DO ANHEMBI,Pista,180.0,258.0,PISTA
595,GUSTAVO MIOTO,2023-08-19,2023,SAMBODROMO DO ANHEMBI,Pista,180.0,258.0,PISTA
596,JOAO GOMES,2023-08-19,2023,SAMBODROMO DO ANHEMBI,Pista,180.0,258.0,PISTA
597,MAIARA & MARAISA,2023-08-19,2023,SAMBODROMO DO ANHEMBI,Pista,180.0,258.0,PISTA
598,MARI FERNANDEZ,2023-08-19,2023,SAMBODROMO DO ANHEMBI,Pista,180.0,258.0,PISTA
599,PEDRO SAMPAIO,2023-08-19,2023,SAMBODROMO DO ANHEMBI,Pista,180.0,258.0,PISTA
600,ZE NETO & CRISTIANO,2023-08-19,2023,SAMBODROMO DO ANHEMBI,Pista,180.0,258.0,PISTA
601,CAETANO VELOSO,2023-08-25,2023,ESPACO UNIMED,Pista,720.0,720.0,PISTA
602,CALUM SCOTT,2023-08-25,2023,VIBRA SAO PAULO,Pista,760.0,810.0,PISTA
603,ATEEZ,2023-08-26,2023,ALLIANZ PARQUE,Pista,690.0,690.0,PISTA
604,CAETANO VELOSO,2023-08-26,2023,ESPACO UNIMED,Pista,720.0,720.0,PISTA
605,DILSINHO,2023-09-01,2023,ESPACO UNIMED,Pista,60.0,116.66666666666667,PISTA
606,CAIO LUCCAS,2023-09-02,2023,AUTODROMO DE INTERLAGOS,Pista,815.0,815.0,PISTA
607,DEMI LOVATO,2023-09-02,2023,AUTODROMO DE INTERLAGOS,Pista,815.0,815.0,PISTA
608,IGGY AZALEA,2023-09-02,2023,AUTODROMO DE INTERLAGOS,Pista,815.0,815.0,PISTA
609,KAYBLACK,2023-09-02,2023,AUTODROMO DE INTERLAGOS,Pista,815.0,815.0,PISTA
610,MC HARIEL,2023-09-02,2023,AUTODROMO DE INTERLAGOS,Pista,815.0,815.0,PISTA
611,OROCHI,2023-09-02,2023,AUTODROMO DE INTERLAGOS,Pista,815.0,815.0,PISTA
612,POST MALONE,2023-09-02,2023,AUTODROMO DE INTERLAGOS,Pista,815.0,815.0,PISTA
613,RACIONAIS MC'S,2023-09-02,2023,AUTODROMO DE INTERLAGOS,Pista,815.0,815.0,PISTA
614,TASHA & TRACIE,2023-09-02,2023,AUTODROMO DE INTERLAGOS,Pista,815.0,815.0,PISTA
615,TETO,2023-09-02,2023,AUTODROMO DE INTERLAGOS,Pista,815.0,815.0,PISTA
616,URIAS,2023-09-02,2023,AUTODROMO DE INTERLAGOS,Pista,815.0,815.0,PISTA
617,ALOK,2023-09-03,2023,AUTODROMO DE INTERLAGOS,Pista,815.0,815.0,PISTA
618,BEBE REXHA,2023-09-03,2023,AUTODROMO DE INTERLAGOS,Pista,815.0,815.0,PISTA
619,BRUNO MARS,2023-09-03,2023,AUTODROMO DE INTERLAGOS,Pista,815.0,815.0,PISTA
620,LEON BRIDGES,2023-09-03,2023,AUTODROMO DE INTERLAGOS,Pista,815.0,815.0,PISTA
621,LUCCAS CARLOS,2023-09-03,2023,AUTODROMO DE INTERLAGOS,Pista,815.0,815.0,PISTA
622,LUISA SONZA,2023-09-03,2023,AUTODROMO DE INTERLAGOS,Pista,815.0,815.0,PISTA
623,MATUE,2023-09-03,2023,AUTODROMO DE INTERLAGOS,Pista,815.0,815.0,PISTA
624,PAUL KALKBRENNER,2023-09-03,2023,AUTODROMO DE INTERLAGOS,Pista,815.0,815.0,PISTA
625,SEU JORGE,2023-09-03,2023,AUTODROMO DE INTERLAGOS,Pista,815.0,815.0,PISTA
626,VEIGH,2023-09-03,2023,AUTODROMO DE INTERLAGOS,Pista,815.0,815.0,PISTA
627,WIU,2023-09-03,2023,AUTODROMO DE INTERLAGOS,Pista,815.0,815.0,PISTA
628,LUDMILLA,2023-09-07,2023,AUTODROMO DE INTERLAGOS,Pista,815.0,815.0,PISTA
629,MARIA RITA,2023-09-07,2023,AUTODROMO DE INTERLAGOS,Pista,815.0,815.0,PISTA
630,MAROON 5,2023-09-07,2023,AUTODROMO DE INTERLAGOS,Pista,815.0,815.0,PISTA
631,MARVVILA,2023-09-07,2023,AUTODROMO DE INTERLAGOS,Pista,815.0,815.0,PISTA
632,MASEGO,2023-09-07,2023,AUTODROMO DE INTERLAGOS,Pista,815.0,815.0,PISTA
633,NE-YO,2023-09-07,2023,AUTODROMO DE INTERLAGOS,Pista,815.0,815.0,PISTA
634,THE CHAINSMOKERS,2023-09-07,2023,AUTODROMO DE INTERLAGOS,Pista,815.0,815.0,PISTA
635,FOO FIGHTERS,2023-09-09,2023,AUTODROMO DE INTERLAGOS,Pista,815.0,815.0,PISTA
636,GARBAGE,2023-09-09,2023,AUTODROMO DE INTERLAGOS,Pista,815.0,815.0,PISTA
637,MC DON JUAN,2023-09-09,2023,AUTODROMO DE INTERLAGOS,Pista,815.0,815.0,PISTA
638,PITTY,2023-09-09,2023,AUTODROMO DE INTERLAGOS,Pista,815.0,815.0,PISTA
639,WET LEG,2023-09-09,2023,AUTODROMO DE INTERLAGOS,Pista,815.0,815.0,PISTA
640,YEAH YEAH YEAHS,2023-09-09,2023,AUTODROMO DE INTERLAGOS,Pista,815.0,815.0,PISTA
641,YUNK VINO,2023-09-09,2023,AUTODROMO DE INTERLAGOS,Pista,815.0,815.0,PISTA
642,BRUNO MARS,2023-09-10,2023,AUTODROMO DE INTERLAGOS,Pista,815.0,815.0,PISTA
643,GLORIA GROOVE,2023-09-10,2023,AUTODROMO DE INTERLAGOS,Pista,815.0,815.0,PISTA
644,H.E.R.,2023-09-10,2023,AUTODROMO DE INTERLAGOS,Pista,815.0,815.0,PISTA
645,IZA,2023-09-10,2023,AUTODROMO DE INTERLAGOS,Pista,815.0,815.0,PISTA
646,JAO,2023-09-10,2023,AUTODROMO DE INTERLAGOS,Pista,815.0,815.0,PISTA
647,KIM PETRAS,2023-09-10,2023,AUTODROMO DE INTERLAGOS,Pista,815.0,815.0,PISTA
648,MARINA SENA,2023-09-10,2023,AUTODROMO DE INTERLAGOS,Pista,815.0,815.0,PISTA
649,PABLLO VITTAR,2023-09-10,2023,AUTODROMO DE INTERLAGOS,Pista,815.0,815.0,PISTA
650,AESPA,2023-09-11,2023,ESPACO UNIMED,Pista,490.0,807.5,PISTA
651,GILBERTO GIL,2023-09-14,2023,ESPACO UNIMED,Pista,280.0,396.6666666666667,PISTA
652,EDSON & HUDSON,2023-09-15,2023,VILLA COUNTRY,Pista,60.0,602.0,PISTA
653,GILBERTO GIL,2023-09-15,2023,ESPACO UNIMED,Pista,280.0,396.6666666666667,PISTA
654,PERICLES,2023-09-15,2023,MEMORIAL DA AMERICA LATINA,Pista,360.0,360.0,PISTA
655,FLORA MATOS,2023-09-16,2023,AUDIO,Pista,160.0,160.0,PISTA
656,GILBERTO GIL,2023-09-16,2023,ESPACO UNIMED,Pista,280.0,396.6666666666667,PISTA
658,GHOST,2023-09-20,2023,ESPACO UNIMED,Pista,370.0,550.0,PISTA
659,GHOST,2023-09-21,2023,ESPACO UNIMED,Pista,370.0,550.0,PISTA
660,LYNYRD SKYNYRD,2023-09-22,2023,ESPACO UNIMED,Pista,450.0,701.25,PISTA
666,IVETE SANGALO,2023-09-30,2023,ALLIANZ PARQUE,Pista,680.0,720.0,PISTA
667,ROD STEWART,2023-09-30,2023,ALLIANZ PARQUE,Pista,680.0,720.0,PISTA
668,RAIMUNDOS,2023-10-06,2023,VIBRA SAO PAULO,Pista,150.0,200.0,PISTA
669,JOTA QUEST,2023-10-08,2023,VIBRA SAO PAULO,Pista,210.0,151.66666666666666,PISTA
673,RACA NEGRA,2023-10-11,2023,ESPACO UNIMED,Pista,140.0,227.5,PISTA
675,EVANESCENCE,2023-10-21,2023,ALLIANZ PARQUE,Pista,350.0,975.6,PISTA
676,JORGE BEN JOR,2023-10-21,2023,ESPACO UNIMED,Pista,100.0,156.66666666666666,PISTA
677,ROBERTO CARLOS,2023-10-26,2023,ESPACO UNIMED,Pista,260.0,554.0,PISTA
678,ROBERTO CARLOS,2023-10-28,2023,ESPACO UNIMED,Pista,260.0,554.0,PISTA
679,ROBERTO CARLOS,2023-10-29,2023,ESPACO UNIMED,Pista,260.0,554.0,PISTA
680,MANESKIN,2023-11-03,2023,ESPACO UNIMED,Pista,450.0,687.5,PISTA
681,ALCEU VALENCA,2023-11-04,2023,TOKIO MARINE HALL,Pista,240.0,410.0,PISTA
682,HALSEY,2023-11-04,2023,ALLIANZ PARQUE,Pista,550.0,896.0,PISTA
683,MGK,2023-11-04,2023,ALLIANZ PARQUE,Pista,550.0,896.0,PISTA
684,SWEDISH HOUSE MAFIA,2023-11-04,2023,ALLIANZ PARQUE,Pista,550.0,896.0,PISTA
685,IZA,2023-11-05,2023,ALLIANZ PARQUE,Pista,820.0,820.0,PISTA
686,KENDRICK LAMAR,2023-11-05,2023,ALLIANZ PARQUE,Pista,820.0,820.0,PISTA
687,SOFI TUKKER,2023-11-05,2023,ALLIANZ PARQUE,Pista,820.0,820.0,PISTA
688,TASHA & TRACIE,2023-11-05,2023,ALLIANZ PARQUE,Pista,820.0,820.0,PISTA
689,THE LUMINEERS,2023-11-05,2023,ESPACO UNIMED,Pista,440.0,586.0,PISTA
690,THUNDERCAT,2023-11-05,2023,ALLIANZ PARQUE,Pista,820.0,820.0,PISTA
691,ALTER BRIDGE,2023-11-08,2023,ESPACO UNIMED,Pista,300.0,450.0,PISTA
693,IN FLAMES,2023-11-09,2023,TOKIO MARINE HALL,Pista,340.0,392.0,PISTA
694,JORGE DREXLER,2023-11-09,2023,ESPACO UNIMED,Pista,240.0,362.5,PISTA
695,LULU SANTOS,2023-11-10,2023,TOKIO MARINE HALL,Pista,160.0,310.0,PISTA
696,PABLLO VITTAR,2023-11-10,2023,VIBRA SAO PAULO,Pista,50.0,50.0,PISTA
697,RED HOT CHILI PEPPERS,2023-11-10,2023,ESTADIO DO MORUMBI,Pista,540.0,626.0,PISTA
698,URIAS,2023-11-10,2023,VIBRA SAO PAULO,Pista,50.0,50.0,PISTA
699,RBD,2023-11-12,2023,ESTADIO DO MORUMBI,Pista,480.0,570.0,PISTA
700,RBD,2023-11-13,2023,ESTADIO DO MORUMBI,Pista,480.0,570.0,PISTA
701,ALANIS MORISSETTE,2023-11-14,2023,ALLIANZ PARQUE,Pista,550.0,600.0,PISTA
702,GOJIRA,2023-11-14,2023,ESPACO UNIMED,Pista,450.0,685.0,PISTA
703,PITTY,2023-11-14,2023,ALLIANZ PARQUE,Pista,550.0,600.0,PISTA
704,RBD,2023-11-16,2023,ALLIANZ PARQUE,Pista,480.0,577.5,PISTA
705,GLORIA GROOVE,2023-11-17,2023,ESPACO UNIMED,Pista,120.0,245.0,PISTA
706,OS PARALAMAS DO SUCESSO,2023-11-17,2023,VIBRA SAO PAULO,Pista,280.0,280.0,PISTA
707,RBD,2023-11-17,2023,ALLIANZ PARQUE,Pista,480.0,577.5,PISTA
708,DIANA KRALL,2023-11-18,2023,TOKIO MARINE HALL,Pista,400.0,400.0,PISTA
709,RBD,2023-11-18,2023,ALLIANZ PARQUE,Pista,480.0,577.5,PISTA
710,RBD,2023-11-19,2023,ALLIANZ PARQUE,Pista,480.0,577.5,PISTA
713,CAETANO VELOSO,2023-11-25,2023,ESPACO UNIMED,Pista,720.0,720.0,PISTA
718,CAETANO VELOSO,2023-11-27,2023,ESPACO UNIMED,Pista,720.0,720.0,PISTA
719,FKJ,2023-11-29,2023,AUDIO,Pista,160.0,160.0,PISTA
720,THE KILLERS,2023-11-30,2023,TOKIO MARINE HALL,Pista,810.0,830.0,PISTA
721,MARISA MONTE,2023-12-02,2023,AUTODROMO DE INTERLAGOS,Pista,990.0,1495.0,PISTA
722,PET SHOP BOYS,2023-12-02,2023,AUTODROMO DE INTERLAGOS,Pista,990.0,1495.0,PISTA
723,SLOWDIVE,2023-12-02,2023,AUTODROMO DE INTERLAGOS,Pista,990.0,1495.0,PISTA
724,THE HIVES,2023-12-02,2023,AUTODROMO DE INTERLAGOS,Pista,990.0,1495.0,PISTA
725,THE KILLERS,2023-12-02,2023,AUTODROMO DE INTERLAGOS,Pista,990.0,1495.0,PISTA
726,ANAVITORIA,2023-12-03,2023,ESPACO UNIMED,Pista,120.0,196.66666666666666,PISTA
727,BAD RELIGION,2023-12-03,2023,AUTODROMO DE INTERLAGOS,Pista,990.0,1495.0,PISTA
728,BECK,2023-12-03,2023,AUTODROMO DE INTERLAGOS,Pista,990.0,1495.0,PISTA
729,CARLY RAE JEPSEN,2023-12-03,2023,AUTODROMO DE INTERLAGOS,Pista,990.0,1495.0,PISTA
730,MARINA SENA,2023-12-03,2023,AUTODROMO DE INTERLAGOS,Pista,990.0,1495.0,PISTA
731,MU540,2023-12-03,2023,AUTODROMO DE INTERLAGOS,Pista,990.0,1495.0,PISTA
732,THE CURE,2023-12-03,2023,AUTODROMO DE INTERLAGOS,Pista,990.0,1495.0,PISTA
733,PET SHOP BOYS,2023-12-04,2023,AUDIO,Pista,450.0,505.0,PISTA
735,COLBIE CAILLAT,2023-12-07,2023,VIBRA SAO PAULO,Pista,330.0,346.6666666666667,PISTA
736,PAUL MCCARTNEY,2023-12-07,2023,ALLIANZ PARQUE,Pista,650.0,745.0,PISTA
737,DEREK,2023-12-09,2023,NEO QUIMICA ARENA,Pista,220.0,470.0,PISTA
738,DJAVAN,2023-12-09,2023,VIBRA SAO PAULO,Pista,295.0,405.0,PISTA
739,DON TOLIVER,2023-12-09,2023,NEO QUIMICA ARENA,Pista,220.0,470.0,PISTA
740,MAJOR RD,2023-12-09,2023,NEO QUIMICA ARENA,Pista,220.0,470.0,PISTA
741,PAUL MCCARTNEY,2023-12-09,2023,ALLIANZ PARQUE,Pista,650.0,745.0,PISTA
742,SHECK WES,2023-12-09,2023,NEO QUIMICA ARENA,Pista,220.0,470.0,PISTA
743,TASHA & TRACIE,2023-12-09,2023,NEO QUIMICA ARENA,Pista,220.0,470.0,PISTA
744,WESLEY SAFADAO,2023-12-09,2023,DISTRITO ANHEMBI,Pista,220.0,470.0,PISTA
745,LIL DURK,2023-12-10,2023,NEO QUIMICA ARENA,Pista,345.0,540.0,PISTA
746,MATUE,2023-12-10,2023,NEO QUIMICA ARENA,Pista,345.0,540.0,PISTA
747,PAUL MCCARTNEY,2023-12-10,2023,ALLIANZ PARQUE,Pista,650.0,745.0,PISTA
748,RODDY RICCH,2023-12-10,2023,NEO QUIMICA ARENA,Pista,345.0,540.0,PISTA
749,TETO,2023-12-10,2023,NEO QUIMICA ARENA,Pista,345.0,540.0,PISTA
750,YUNK VINO,2023-12-10,2023,NEO QUIMICA ARENA,Pista,345.0,540.0,PISTA
751,ZECA PAGODINHO,2023-12-15,2023,VIBRA SAO PAULO,Pista,160.0,326.6666666666667,PISTA
752,CAROL BIAZIN,2023-12-17,2023,AUDIO,Pista,100.0,100.0,PISTA
753,TITAS,2023-12-21,2023,ALLIANZ PARQUE,Pista,300.0,539.1666666666666,PISTA
754,TITAS,2023-12-22,2023,ALLIANZ PARQUE,Pista,300.0,539.1666666666666,PISTA
755,TITAS,2023-12-23,2023,ALLIANZ PARQUE,Pista,300.0,539.1666666666666,PISTA
756,PABLLO VITTAR,2024-01-19,2024,VIBRA SAO PAULO,Pista,105.0,105.0,PISTA
757,JAO,2024-01-20,2024,ALLIANZ PARQUE,Pista,180.0,400.8333333333333,PISTA
758,JAO,2024-01-21,2024,ALLIANZ PARQUE,Pista,180.0,400.8333333333333,PISTA
759,ANITTA,2024-01-25,2024,MEMORIAL DA AMERICA LATINA,Pista,280.0,480.0,PISTA
760,CLAUDIA LEITTE,2024-01-25,2024,MEMORIAL DA AMERICA LATINA,Pista,280.0,480.0,PISTA
761,LUISA SONZA,2024-01-25,2024,MEMORIAL DA AMERICA LATINA,Pista,280.0,480.0,PISTA
762,MANU,2024-01-25,2024,MEMORIAL DA AMERICA LATINA,Pista,280.0,480.0,PISTA
763,TETO,2024-01-25,2024,MEMORIAL DA AMERICA LATINA,Pista,280.0,480.0,PISTA
764,WIU,2024-01-25,2024,MEMORIAL DA AMERICA LATINA,Pista,280.0,480.0,PISTA
765,BACO EXU DO BLUES,2024-01-26,2024,ESPACO UNIMED,Pista,160.0,135.0,PISTA
766,GLORIA GROOVE,2024-01-27,2024,ALLIANZ PARQUE,Pista,250.0,464.0,PISTA
767,MAIARA & MARAISA,2024-01-27,2024,ALLIANZ PARQUE,Pista,250.0,464.0,PISTA
770,ANITTA,2024-02-04,2024,MEMORIAL DA AMERICA LATINA,Pista,280.0,480.0,PISTA
771,DENNIS,2024-02-04,2024,MEMORIAL DA AMERICA LATINA,Pista,280.0,480.0,PISTA
772,JOAO GOMES,2024-02-04,2024,MEMORIAL DA AMERICA LATINA,Pista,280.0,480.0,PISTA
773,VEIGH,2024-02-04,2024,MEMORIAL DA AMERICA LATINA,Pista,280.0,480.0,PISTA
774,XAND AVIAO,2024-02-04,2024,MEMORIAL DA AMERICA LATINA,Pista,280.0,480.0,PISTA
775,TWICE,2024-02-06,2024,ALLIANZ PARQUE,Pista,540.0,626.0,PISTA
776,TWICE,2024-02-07,2024,ALLIANZ PARQUE,Pista,540.0,626.0,PISTA
777,MEN AT WORK,2024-02-21,2024,VIBRA SAO PAULO,Pista,600.0,625.0,PISTA
779,SIMPLE PLAN,2024-03-01,2024,VIBRA SAO PAULO,Pista,500.0,556.6666666666666,PISTA
780,ZE RAMALHO,2024-03-01,2024,ESPACO UNIMED,Pista,120.0,253.33333333333334,PISTA
781,A DAY TO REMEMBER,2024-03-02,2024,ALLIANZ PARQUE,Pista,380.0,786.6666666666666,PISTA
782,ALL TIME LOW,2024-03-02,2024,ALLIANZ PARQUE,Pista,380.0,786.6666666666666,PISTA
783,ASKING ALEXANDRIA,2024-03-02,2024,ALLIANZ PARQUE,Pista,380.0,786.6666666666666,PISTA
784,BOYS LIKE GIRLS,2024-03-02,2024,ALLIANZ PARQUE,Pista,380.0,786.6666666666666,PISTA
785,KING KRULE,2024-03-02,2024,TERRA SP,Pista,330.0,375.0,PISTA
786,LAURA PAUSINI,2024-03-02,2024,ESPACO UNIMED,Pista,500.0,716.6666666666666,PISTA
787,MAYDAY PARADE,2024-03-02,2024,ALLIANZ PARQUE,Pista,380.0,786.6666666666666,PISTA
788,PITTY,2024-03-02,2024,ALLIANZ PARQUE,Pista,380.0,786.6666666666666,PISTA
789,PLAIN WHITE T'S,2024-03-02,2024,ALLIANZ PARQUE,Pista,380.0,786.6666666666666,PISTA
790,SIMPLE PLAN,2024-03-02,2024,ALLIANZ PARQUE,Pista,380.0,786.6666666666666,PISTA
791,THE ALL-AMERICAN REJECTS,2024-03-02,2024,ALLIANZ PARQUE,Pista,380.0,786.6666666666666,PISTA
792,THE USED,2024-03-02,2024,ALLIANZ PARQUE,Pista,380.0,786.6666666666666,PISTA
793,LAURA PAUSINI,2024-03-03,2024,ESPACO UNIMED,Pista,500.0,716.6666666666666,PISTA
794,BAMBAM,2024-03-05,2024,VIBRA SAO PAULO,Pista,460.0,1001.6666666666666,PISTA
795,ALCIONE,2024-03-08,2024,ESPACO UNIMED,Pista,160.0,313.3333333333333,PISTA
796,MARIA BETHANIA,2024-03-09,2024,ESPACO UNIMED,Pista,640.0,796.0,PISTA
797,MARIA BETHANIA,2024-03-10,2024,ESPACO UNIMED,Pista,640.0,796.0,PISTA
798,PLACEBO,2024-03-17,2024,ESPACO UNIMED,Pista,500.0,583.3333333333334,PISTA
799,RADWIMPS,2024-03-21,2024,TERRA SP,Pista,650.0,650.0,PISTA
825,VICTOR & LEO,2024-03-23,2024,MORUMBIS,Pista,240.0,200.0,PISTA
841,WESTLIFE,2024-03-24,2024,ESPACO UNIMED,Pista,480.0,672.5,PISTA
842,BLACK VEIL BRIDES,2024-03-26,2024,TERRA SP,Pista,400.0,420.0,PISTA
843,AJULIACOSTA,2024-03-29,2024,AUDIO,Pista,60.0,140.0,PISTA
844,OS PARALAMAS DO SUCESSO,2024-04-06,2024,ESPACO UNIMED,Pista,100.0,247.5,PISTA
845,SO PRA CONTRARIAR,2024-04-06,2024,ALLIANZ PARQUE,Pista,120.0,185.0,PISTA
846,CLAUDIA LEITTE,2024-04-09,2024,VIBRA SAO PAULO,Pista,140.0,140.0,PISTA
847,PITTY,2024-04-12,2024,ESPACO UNIMED,Pista,100.0,156.66666666666666,PISTA
848,ROYAL BLOOD,2024-04-13,2024,AUDIO,Pista,390.0,520.0,PISTA
849,MAGIC!,2024-04-14,2024,AUDIO,Pista,360.0,360.0,PISTA
850,PITTY,2024-04-14,2024,ESPACO UNIMED,Pista,100.0,156.66666666666666,PISTA
851,JONAS BROTHERS,2024-04-16,2024,ALLIANZ PARQUE,Pista,440.0,517.5,PISTA
852,TURNSTILE,2024-04-16,2024,TOKIO MARINE HALL,Pista,380.0,736.6666666666666,PISTA
853,TOM JONES,2024-04-17,2024,ESPACO UNIMED,Pista,650.0,790.0,PISTA
854,MEGADETH,2024-04-18,2024,ESPACO UNIMED,Pista,440.0,672.5,PISTA
855,AIR SUPPLY,2024-04-21,2024,ESPACO UNIMED,Pista,380.0,695.0,PISTA
856,VANESSA DA MATA,2024-04-27,2024,TOKIO MARINE HALL,Pista,179.0,245.0,PISTA
857,WITHIN TEMPTATION,2024-04-27,2024,MEMORIAL DA AMERICA LATINA,Pista,565.0,615.0,PISTA
858,KILLSWITCH ENGAGE,2024-04-28,2024,MEMORIAL DA AMERICA LATINA,Pista,565.0,615.0,PISTA
859,JESSIE J,2024-04-30,2024,ESPACO UNIMED,Pista,380.0,628.75,PISTA
860,LULU SANTOS,2024-05-04,2024,ESPACO UNIMED,Pista,140.0,260.0,PISTA
861,LANY,2024-05-07,2024,AUDIO,Pista,395.0,615.0,PISTA
862,ASHNIKKO,2024-05-09,2024,AUDIO,Pista,360.0,360.0,PISTA
863,DJAVAN,2024-05-11,2024,ESPACO UNIMED,Pista,210.0,402.5,PISTA
864,GIANT ROOKS,2024-05-11,2024,ALLIANZ PARQUE,Pista,460.0,630.0,PISTA
865,LOUIS TOMLINSON,2024-05-11,2024,ALLIANZ PARQUE,Pista,460.0,630.0,PISTA
866,DJAVAN,2024-05-12,2024,ESPACO UNIMED,Pista,210.0,402.5,PISTA
874,MILKY CHANCE,2024-05-19,2024,AUDIO,Pista,190.0,190.0,PISTA
875,EDSON & HUDSON,2024-05-24,2024,TOKIO MARINE HALL,Pista,140.0,240.0,PISTA
876,LUISA SONZA,2024-05-24,2024,ESPACO UNIMED,Pista,180.0,260.0,PISTA
877,URIAS,2024-05-24,2024,AUDIO,Pista,160.0,160.0,PISTA
879,LUISA SONZA,2024-05-25,2024,ESPACO UNIMED,Pista,180.0,260.0,PISTA
880,RAIMUNDOS,2024-05-25,2024,ARENA ANHEMBI,Pista,120.0,190.0,PISTA
882,RICHARD CLAYDERMAN,2024-06-06,2024,ESPACO UNIMED,Pista,125.0,325.0,PISTA
883,INTERPOL,2024-06-07,2024,AUDIO,Pista,130.0,330.0,PISTA
884,INTERPOL,2024-06-08,2024,AUDIO,Pista,130.0,330.0,PISTA
886,ARMANDINHO,2024-06-09,2024,ALLIANZ PARQUE,Pista,250.0,464.0,PISTA
887,FERRUGEM,2024-06-09,2024,ALLIANZ PARQUE,Pista,250.0,464.0,PISTA
888,GLORIA GROOVE,2024-06-09,2024,ALLIANZ PARQUE,Pista,250.0,464.0,PISTA
889,GRUPO MENOS E MAIS,2024-06-09,2024,ALLIANZ PARQUE,Pista,250.0,464.0,PISTA
890,LEO SANTANA,2024-06-09,2024,ALLIANZ PARQUE,Pista,250.0,464.0,PISTA
891,LUAN PEREIRA,2024-06-09,2024,ALLIANZ PARQUE,Pista,250.0,464.0,PISTA
892,LUDMILLA,2024-06-09,2024,ALLIANZ PARQUE,Pista,250.0,464.0,PISTA
893,LUISA SONZA,2024-06-09,2024,ALLIANZ PARQUE,Pista,250.0,464.0,PISTA
894,MC DANIEL,2024-06-09,2024,ALLIANZ PARQUE,Pista,250.0,464.0,PISTA
895,MC DAVI,2024-06-09,2024,ALLIANZ PARQUE,Pista,250.0,464.0,PISTA
896,MC DON JUAN,2024-06-09,2024,ALLIANZ PARQUE,Pista,250.0,464.0,PISTA
897,MC HARIEL,2024-06-09,2024,ALLIANZ PARQUE,Pista,250.0,464.0,PISTA
898,PEDRO SAMPAIO,2024-06-09,2024,ALLIANZ PARQUE,Pista,250.0,464.0,PISTA
899,TURMA DO PAGODE,2024-06-09,2024,ALLIANZ PARQUE,Pista,250.0,464.0,PISTA
900,VITOR KLEY,2024-06-09,2024,ALLIANZ PARQUE,Pista,250.0,464.0,PISTA
901,WIU,2024-06-09,2024,ALLIANZ PARQUE,Pista,250.0,464.0,PISTA
902,XAMA,2024-06-09,2024,ALLIANZ PARQUE,Pista,250.0,464.0,PISTA
903,XAND AVIAO,2024-06-09,2024,ALLIANZ PARQUE,Pista,250.0,464.0,PISTA
904,ZE FELIPE,2024-06-09,2024,ALLIANZ PARQUE,Pista,250.0,464.0,PISTA
905,ZEZE DI CAMARGO & LUCIANO,2024-06-12,2024,ESPACO UNIMED,Pista,340.0,350.0,PISTA
906,PERICLES,2024-06-14,2024,AUDIO,Pista,140.0,200.0,PISTA
907,JOTA QUEST,2024-06-15,2024,ALLIANZ PARQUE,Pista,500.0,422.0,PISTA
908,PITTY,2024-06-21,2024,TERRA SP,Pista,210.0,210.0,PISTA
909,ZECA PAGODINHO,2024-06-21,2024,ESPACO UNIMED,Pista,540.0,403.3333333333333,PISTA
910,ZECA PAGODINHO,2024-06-22,2024,ESPACO UNIMED,Pista,540.0,403.3333333333333,PISTA
911,IVE,2024-06-26,2024,ESPACO UNIMED,Pista,590.0,835.0,PISTA
912,CHITAOZINHO & XORORO,2024-06-27,2024,ALLIANZ PARQUE,Pista,421.0,4713.666666666667,PISTA
913,OS PARALAMAS DO SUCESSO,2024-06-27,2024,PAVILHAO DO TRANSAMERICA EXPO CENTER,Pista,100.0,247.5,PISTA
914,LAGUM,2024-06-28,2024,ESPACO UNIMED,Pista,240.0,300.0,PISTA
915,CAPITAL INICIAL,2024-06-29,2024,ESPACO UNIMED,Pista,140.0,220.0,PISTA
916,CAPITAL INICIAL,2024-06-30,2024,ESPACO UNIMED,Pista,140.0,220.0,PISTA
917,THIAGUINHO,2024-07-06,2024,ESPACO UNIMED,Pista,140.0,333.3333333333333,PISTA
918,CALCINHA PRETA,2024-07-08,2024,TERRA SP,Pista,200.0,200.0,PISTA
920,CPM 22,2024-07-13,2024,AUDIO,Pista,140.0,270.0,PISTA
921,RAIMUNDOS,2024-07-13,2024,TOKIO MARINE HALL,Pista,120.0,180.0,PISTA
923,XANDE DE PILARES,2024-07-20,2024,ESPACO UNIMED,Pista,180.0,280.0,PISTA
924,TRIO PARADA DURA,2024-08-16,2024,VILLA COUNTRY,Pista,80.0,80.0,PISTA
925,GUSTAVO MIOTO,2024-08-17,2024,DISTRITO ANHEMBI,Pista,590.0,1003.5,PISTA
926,LEONARDO,2024-08-17,2024,DISTRITO ANHEMBI,Pista,590.0,1003.5,PISTA
927,MAIARA & MARAISA,2024-08-17,2024,DISTRITO ANHEMBI,Pista,590.0,1003.5,PISTA
928,NATTAN,2024-08-17,2024,DISTRITO ANHEMBI,Pista,590.0,1003.5,PISTA
929,PEDRO SAMPAIO,2024-08-17,2024,DISTRITO ANHEMBI,Pista,590.0,1003.5,PISTA
930,SIMONE MENDES,2024-08-17,2024,DISTRITO ANHEMBI,Pista,590.0,1003.5,PISTA
931,VITOR FERNANDES,2024-08-17,2024,DISTRITO ANHEMBI,Pista,590.0,1003.5,PISTA
932,ZE NETO & CRISTIANO,2024-08-17,2024,DISTRITO ANHEMBI,Pista,590.0,1003.5,PISTA
933,NATIRUTS,2024-08-24,2024,ALLIANZ PARQUE,Pista,290.0,266.6666666666667,PISTA
934,NATIRUTS,2024-08-25,2024,ALLIANZ PARQUE,Pista,290.0,266.6666666666667,PISTA
935,BACO EXU DO BLUES,2024-08-30,2024,ESPACO UNIMED,Pista,160.0,135.0,PISTA
936,NATIRUTS,2024-08-30,2024,ALLIANZ PARQUE,Pista,290.0,266.6666666666667,PISTA
937,LEGIAO URBANA,2024-08-31,2024,ESPACO UNIMED,Pista,140.0,226.66666666666666,PISTA
938,NATIRUTS,2024-08-31,2024,ALLIANZ PARQUE,Pista,290.0,266.6666666666667,PISTA
941,LENINE,2024-09-06,2024,MEMORIAL DA AMERICA LATINA,Pista,280.0,280.0,PISTA
943,SEPULTURA,2024-09-06,2024,ESPACO UNIMED,Pista,150.0,340.0,PISTA
946,LULU SANTOS,2024-09-07,2024,MEMORIAL DA AMERICA LATINA,Pista,320.0,320.0,PISTA
947,OS PARALAMAS DO SUCESSO,2024-09-07,2024,MEMORIAL DA AMERICA LATINA,Pista,320.0,320.0,PISTA
948,SEPULTURA,2024-09-07,2024,ESPACO UNIMED,Pista,150.0,340.0,PISTA
950,SEPULTURA,2024-09-08,2024,ESPACO UNIMED,Pista,150.0,340.0,PISTA
951,XANDE DE PILARES,2024-09-08,2024,MEMORIAL DA AMERICA LATINA,Pista,280.0,280.0,PISTA
952,YAGO OPROPRIO,2024-09-08,2024,MEMORIAL DA AMERICA LATINA,Pista,280.0,280.0,PISTA
953,TRAVIS SCOTT,2024-09-11,2024,ALLIANZ PARQUE,Pista,560.0,672.5,PISTA
954,DEEP PURPLE,2024-09-13,2024,ESPACO UNIMED,Pista,450.0,681.25,PISTA
955,NE-YO,2024-09-19,2024,ESPACO UNIMED,Pista,760.0,830.0,PISTA
956,MARIAH CAREY,2024-09-20,2024,ALLIANZ PARQUE,Pista,390.0,502.5,PISTA
957,GLORIA GAYNOR,2024-09-21,2024,ESPACO UNIMED,Pista,700.0,520.0,PISTA
958,ERIC CLAPTON,2024-09-28,2024,VIBRA SAO PAULO,Pista,1700.0,1110.0,PISTA
959,TITAS,2024-09-28,2024,ESPACO UNIMED,Pista,125.0,125.0,PISTA
960,ERIC CLAPTON,2024-09-29,2024,ALLIANZ PARQUE,Pista,620.0,757.5,PISTA
961,SEU JORGE,2024-09-29,2024,MEMORIAL DA AMERICA LATINA,Pista,200.0,280.0,PISTA
963,BRUNO MARS,2024-10-04,2024,MORUMBIS,Pista,650.0,802.0,PISTA
964,BRUNO MARS,2024-10-05,2024,MORUMBIS,Pista,650.0,802.0,PISTA
965,ASHNIKKO,2024-10-08,2024,AUDIO,Pista,360.0,360.0,PISTA
966,BRUNO MARS,2024-10-08,2024,MORUMBIS,Pista,650.0,802.0,PISTA
967,BRUNO MARS,2024-10-09,2024,MORUMBIS,Pista,650.0,802.0,PISTA
968,PABLLO VITTAR,2024-10-11,2024,AUDIO,Pista,160.0,160.0,PISTA
969,URIAS,2024-10-11,2024,AUDIO,Pista,160.0,160.0,PISTA
970,BRUNO MARS,2024-10-12,2024,MORUMBIS,Pista,650.0,802.0,PISTA
971,NANDO REIS,2024-10-12,2024,ESPACO UNIMED,Pista,350.0,290.0,PISTA
972,BRUNO MARS,2024-10-13,2024,MORUMBIS,Pista,650.0,802.0,PISTA
973,DPR IAN,2024-10-14,2024,KOMPLEXO TEMPO,Pista,450.0,740.0,PISTA
974,PAUL MCCARTNEY,2024-10-15,2024,ALLIANZ PARQUE,Pista,650.0,745.0,PISTA
975,THE HIVES,2024-10-15,2024,TOKIO MARINE HALL,Pista,360.0,432.5,PISTA
976,PAUL MCCARTNEY,2024-10-16,2024,ALLIANZ PARQUE,Pista,650.0,745.0,PISTA
977,GLORIA GROOVE,2024-10-19,2024,ESPACO UNIMED,Pista,180.0,260.0,PISTA
978,MUDVAYNE,2024-10-19,2024,ALLIANZ PARQUE,Pista,790.0,1790.0,PISTA
979,SLIPKNOT,2024-10-19,2024,ALLIANZ PARQUE,Pista,790.0,1790.0,PISTA
980,BABYMETAL,2024-10-20,2024,ALLIANZ PARQUE,Pista,790.0,1790.0,PISTA
981,BAD OMENS,2024-10-20,2024,ALLIANZ PARQUE,Pista,790.0,1790.0,PISTA
982,P.O.D.,2024-10-20,2024,ALLIANZ PARQUE,Pista,790.0,1790.0,PISTA
983,POPPY,2024-10-20,2024,ALLIANZ PARQUE,Pista,790.0,1790.0,PISTA
984,SLIPKNOT,2024-10-20,2024,ALLIANZ PARQUE,Pista,790.0,1790.0,PISTA
985,BABYMETAL,2024-10-21,2024,AUDIO,Pista,380.0,410.0,PISTA
986,CHITAOZINHO & XORORO,2024-10-23,2024,AUDIO,Pista,760.0,739.0,PISTA
987,MOTHER MOTHER,2024-10-23,2024,TOKIO MARINE HALL,Pista,420.0,486.0,PISTA
988,DIONNE WARWICK,2024-10-26,2024,VIBRA SAO PAULO,Pista,300.0,733.3333333333334,PISTA
989,MARCELO D2,2024-10-26,2024,AUDIO,Pista,140.0,140.0,PISTA
990,MATUE,2024-10-26,2024,MEMORIAL DA AMERICA LATINA,Pista,100.0,300.0,PISTA
991,PABLLO VITTAR,2024-11-01,2024,VIBRA SAO PAULO,Pista,105.0,105.0,PISTA
992,THE SMASHING PUMPKINS,2024-11-03,2024,ESPACO UNIMED,Pista,390.0,582.5,PISTA
993,TRAVIS,2024-11-05,2024,AUDIO,Pista,490.0,660.0,PISTA
994,ERYKAH BADU,2024-11-06,2024,ESPACO UNIMED,Pista,220.0,345.0,PISTA
995,MARCELO D2,2024-11-06,2024,CENTRO CULTURAL SAO PAULO,Pista,84.0,154.66666666666666,PISTA
997,MARCELO D2,2024-11-07,2024,CENTRO CULTURAL SAO PAULO,Pista,84.0,154.66666666666666,PISTA
998,LINIKER,2024-11-08,2024,ESPACO UNIMED,Pista,300.0,300.0,PISTA
999,PERICLES,2024-11-08,2024,TERRA SP,Pista,100.0,175.0,PISTA
1000,TITAS,2024-11-08,2024,EXPO CENTER NORTE,Pista,190.0,473.75,PISTA
1001,KEANE,2024-11-09,2024,ESPACO UNIMED,Pista,380.0,665.0,PISTA
1002,RAIMUNDOS,2024-11-09,2024,ESTADIO DO CANINDE,Pista,320.0,523.3333333333334,PISTA
1003,BADBADNOTGOOD,2024-11-10,2024,TOKIO MARINE HALL,Pista,530.0,530.0,PISTA
1004,LINIKER,2024-11-13,2024,ESPACO UNIMED,Pista,300.0,300.0,PISTA
1005,FRANZ FERDINAND,2024-11-14,2024,TOKIO MARINE HALL,Pista,380.0,422.0,PISTA
1006,GRUPO MENOS E MAIS,2024-11-14,2024,ESPACO UNIMED,Pista,160.0,226.66666666666666,PISTA
1007,MARINA SENA,2024-11-14,2024,AUDIO,Pista,375.0,235.0,PISTA
1009,LINKIN PARK,2024-11-15,2024,ALLIANZ PARQUE,Pista,650.0,848.3333333333334,PISTA
1011,CALCINHA PRETA,2024-11-16,2024,TERRA SP,Pista,200.0,200.0,PISTA
1012,LINKIN PARK,2024-11-16,2024,ALLIANZ PARQUE,Pista,650.0,848.3333333333334,PISTA
1014,JA RULE,2024-11-19,2024,TERRA SP,Pista,200.0,265.0,PISTA
1015,LINIKER,2024-11-19,2024,ESPACO UNIMED,Pista,300.0,300.0,PISTA
1016,LULU SANTOS,2024-11-22,2024,TOKIO MARINE HALL,Pista,220.0,340.0,PISTA
1017,RACIONAIS MC'S,2024-11-22,2024,ESPACO UNIMED,Pista,140.0,215.0,PISTA
1018,JORGE BEN JOR,2024-11-23,2024,ESPACO UNIMED,Pista,240.0,265.0,PISTA
1019,LENNY KRAVITZ,2024-11-23,2024,ALLIANZ PARQUE,Pista,480.0,574.0,PISTA
1020,LINIKER,2024-11-23,2024,ALLIANZ PARQUE,Pista,480.0,574.0,PISTA
1022,ROBERTO CARLOS,2024-11-27,2024,ALLIANZ PARQUE,Pista,590.0,585.7142857142857,PISTA
1023,BRING ME THE HORIZON,2024-11-28,2024,AUDIO,Pista,390.0,420.0,PISTA
1024,RACIONAIS MC'S,2024-11-29,2024,ESPACO UNIMED,Pista,140.0,215.0,PISTA
1025,ARMANDINHO,2024-11-30,2024,AUDIO,Pista,80.0,110.0,PISTA
1026,BRING ME THE HORIZON,2024-11-30,2024,ALLIANZ PARQUE,Pista,390.0,480.0,PISTA
1027,MOTIONLESS IN WHITE,2024-11-30,2024,ALLIANZ PARQUE,Pista,390.0,480.0,PISTA
1028,SPIRITBOX,2024-11-30,2024,ALLIANZ PARQUE,Pista,390.0,480.0,PISTA
1029,THE PLOT IN YOU,2024-11-30,2024,ALLIANZ PARQUE,Pista,390.0,480.0,PISTA
1030,IRON MAIDEN,2024-12-06,2024,ALLIANZ PARQUE,Pista,585.0,710.0,PISTA
1031,VOLBEAT,2024-12-06,2024,ALLIANZ PARQUE,Pista,585.0,710.0,PISTA
1032,IRON MAIDEN,2024-12-07,2024,ALLIANZ PARQUE,Pista,585.0,710.0,PISTA
1033,JAO,2024-12-07,2024,VIBRA SAO PAULO,Pista,350.0,425.0,PISTA
1035,VOLBEAT,2024-12-07,2024,ALLIANZ PARQUE,Pista,585.0,710.0,PISTA
1036,JAO,2024-12-08,2024,VIBRA SAO PAULO,Pista,350.0,425.0,PISTA
1037,TOKIO HOTEL,2024-12-12,2024,VIBRA SAO PAULO,Pista,200.0,300.0,PISTA
1038,SIMONE MENDES,2024-12-13,2024,CENTRO DE TRADICOES NORDESTINAS,Pista,110.0,416.6666666666667,PISTA
1039,GUSTTAVO LIMA,2024-12-14,2024,MORUMBIS,Pista,90.0,90.0,PISTA
1040,ZECA PAGODINHO,2024-12-14,2024,VIBRA SAO PAULO,Pista,760.0,820.0,PISTA
1041,CAROL BIAZIN,2024-12-15,2024,AUDIO,Pista,140.0,140.0,PISTA
1042,DREAM THEATER,2024-12-15,2024,VIBRA SAO PAULO,Pista,700.0,1210.0,PISTA
1043,TITAS,2024-12-20,2024,TERRA SP,Pista,280.0,453.3333333333333,PISTA
1044,CHRIS BROWN,2024-12-21,2024,ALLIANZ PARQUE,Pista,445.5,538.0,PISTA
1045,GUSTTAVO LIMA,2024-12-21,2024,NEO QUIMICA ARENA,Pista,450.0,645.0,PISTA
1046,POST MALONE,2024-12-21,2024,NEO QUIMICA ARENA,Pista,450.0,645.0,PISTA
1047,VEIGH,2024-12-21,2024,NEO QUIMICA ARENA,Pista,450.0,645.0,PISTA
1048,VINTAGE CULTURE,2024-12-21,2024,NEO QUIMICA ARENA,Pista,450.0,645.0,PISTA
1049,CHRIS BROWN,2024-12-22,2024,ALLIANZ PARQUE,Pista,445.5,538.0,PISTA
1051,RISE AGAINST,2025-03-08,2025,ALLIANZ PARQUE,Pista,890.0,623.3333333333334,PISTA
1052,SUBLIME,2025-03-08,2025,ALLIANZ PARQUE,Pista,890.0,623.3333333333334,PISTA
1053,THE OFFSPRING,2025-03-08,2025,ALLIANZ PARQUE,Pista,890.0,623.3333333333334,PISTA
1054,THE WARNING,2025-03-08,2025,ALLIANZ PARQUE,Pista,890.0,623.3333333333334,PISTA
1055,SIMPLY RED,2025-03-15,2025,ALLIANZ PARQUE,Pista,900.0,868.0,PISTA
1056,JAO,2025-03-16,2025,VIBRA SAO PAULO,Pista,350.0,425.0,PISTA
1057,LINIKER,2025-03-16,2025,VIBRA SAO PAULO,Pista,350.0,425.0,PISTA
1058,MON LAFERTE,2025-03-18,2025,TOKIO MARINE HALL,Pista,190.0,305.0,PISTA
1059,PITTY,2025-03-21,2025,ESPACO UNIMED,Pista,100.0,156.66666666666666,PISTA
1060,ALCIONE,2025-03-22,2025,ESPACO UNIMED,Pista,180.0,220.0,PISTA
1061,GARBAGE,2025-03-22,2025,TERRA SP,Pista,600.0,933.3333333333334,PISTA
1062,GIRL IN RED,2025-03-27,2025,AUDIO,Pista,500.0,500.0,PISTA
1094,PARCELS,2025-03-31,2025,AUDIO,Pista,500.0,500.0,PISTA
1098,STRAY KIDS,2025-04-05,2025,MORUMBIS,Pista,590.0,1003.5,PISTA
1101,STRAY KIDS,2025-04-06,2025,MORUMBIS,Pista,590.0,1003.5,PISTA
1102,INCUBUS,2025-04-10,2025,ESPACO UNIMED,Pista,400.0,1368.3333333333333,PISTA
1105,LUISA SONZA,2025-04-12,2025,ESPACO UNIMED,Pista,180.0,260.0,PISTA
1106,ONE OK ROCK,2025-04-13,2025,ESPACO UNIMED,Pista,280.0,390.0,PISTA
1107,EUROPE,2025-04-19,2025,ALLIANZ PARQUE,Pista,680.0,1474.2857142857142,PISTA
1108,JUDAS PRIEST,2025-04-19,2025,ALLIANZ PARQUE,Pista,680.0,1474.2857142857142,PISTA
1109,SCORPIONS,2025-04-19,2025,ALLIANZ PARQUE,Pista,680.0,1474.2857142857142,PISTA
1110,JUDAS PRIEST,2025-04-20,2025,VIBRA SAO PAULO,Pista,680.0,1474.2857142857142,PISTA
1111,KALEO,2025-04-22,2025,AUDIO,Pista,360.0,709.6666666666666,PISTA
1112,XG,2025-04-24,2025,TOKIO MARINE HALL,Pista,520.0,570.0,PISTA
1115,MARINA SENA,2025-04-26,2025,ESPACO UNIMED,Pista,535.0,987.5,PISTA
1119,SIMPLE MINDS,2025-05-04,2025,ESPACO UNIMED,Pista,390.0,655.0,PISTA
1120,SEVDALIZA,2025-05-08,2025,TOKIO MARINE HALL,Pista,300.0,393.3333333333333,PISTA
1121,PABLLO VITTAR,2025-05-09,2025,CENTRO DE TRADICOES NORDESTINAS,Pista,200.0,366.6666666666667,PISTA
1123,SYSTEM OF A DOWN,2025-05-10,2025,ALLIANZ PARQUE,Pista,595.0,993.3333333333334,PISTA
1124,SYSTEM OF A DOWN,2025-05-11,2025,ALLIANZ PARQUE,Pista,595.0,993.3333333333334,PISTA
1125,ZE RAMALHO,2025-05-11,2025,ESPACO UNIMED,Pista,120.0,253.33333333333334,PISTA
1126,SYSTEM OF A DOWN,2025-05-14,2025,AUTODROMO DE INTERLAGOS,Pista,595.0,1545.0,PISTA
1127,STONE TEMPLE PILOTS,2025-05-22,2025,TERRA SP,Pista,400.0,533.3333333333334,PISTA
1128,JOAO GOMES,2025-05-25,2025,VALE DO ANHANGABAU,Pista,100.0,120.0,PISTA
1129,LINIKER,2025-05-25,2025,VALE DO ANHANGABAU,Pista,100.0,120.0,PISTA
1130,STICK FIGURE,2025-05-25,2025,TERRA SP,Pista,440.0,680.0,PISTA
1131,WIU,2025-05-29,2025,AUDIO,Pista,100.0,166.66666666666666,PISTA
1132,GIGI PEREZ,2025-05-30,2025,ESPACO UNIMED,Pista,640.0,815.0,PISTA
1133,HOZIER,2025-05-30,2025,ESPACO UNIMED,Pista,640.0,815.0,PISTA
1134,OS PARALAMAS DO SUCESSO,2025-05-31,2025,ALLIANZ PARQUE,Pista,225.0,266.25,PISTA
1136,ANAVITORIA,2025-06-06,2025,ESPACO UNIMED,Pista,110.0,193.33333333333334,PISTA
1139,GLORIA GROOVE,2025-06-13,2025,ESPACO UNIMED,Pista,90.0,90.0,PISTA
1140,NANDO REIS,2025-06-13,2025,VIBRA SAO PAULO,Pista,140.0,315.0,PISTA
1141,BAEKHYUN,2025-06-14,2025,VIBRA SAO PAULO,Pista,480.0,1190.0,PISTA
1142,MARCOS & BELUTTI,2025-06-14,2025,SUHAI MUSIC HALL,Pista,260.0,370.0,PISTA
1143,BAEKHYUN,2025-06-15,2025,VIBRA SAO PAULO,Pista,480.0,1190.0,PISTA
1144,LUDMILLA,2025-06-21,2025,VALE DO ANHANGABAU,Pista,300.0,400.0,PISTA
1145,URIAS,2025-06-21,2025,VALE DO ANHANGABAU,Pista,300.0,400.0,PISTA
1146,ALOK,2025-06-28,2025,MERCADO LIVRE ARENA PACAEMBU,Pista,340.0,395.0,PISTA
1147,MATUE,2025-06-28,2025,MERCADO LIVRE ARENA PACAEMBU,Pista,340.0,395.0,PISTA
1148,NANDO REIS,2025-06-28,2025,SUHAI MUSIC HALL,Pista,200.0,270.0,PISTA
1149,HENRIQUE & JULIANO,2025-07-05,2025,ALLIANZ PARQUE,Pista,480.0,567.5,PISTA
1150,JEFF SATUR,2025-07-06,2025,TERRA SP,Pista,440.0,911.6666666666666,PISTA
1151,JAMES BLUNT,2025-07-08,2025,TERRA SP,Pista,330.0,485.0,PISTA
1152,BK,2025-07-13,2025,ESPACO UNIMED,Pista,200.0,225.0,PISTA
1153,NATIRUTS,2025-07-18,2025,ALLIANZ PARQUE,Pista,290.0,477.5,PISTA
1154,NATIRUTS,2025-07-19,2025,ALLIANZ PARQUE,Pista,290.0,477.5,PISTA
1156,MAIARA & MARAISA,2025-07-25,2025,CENTRO DE TRADICOES NORDESTINAS,Pista,790.0,1790.0,PISTA
1157,MATUE,2025-08-01,2025,MERCADO LIVRE ARENA PACAEMBU,Pista,100.0,300.0,PISTA
1158,VEIGH,2025-08-01,2025,MERCADO LIVRE ARENA PACAEMBU,Pista,100.0,300.0,PISTA
1159,LAGUM,2025-08-02,2025,ESPACO UNIMED,Pista,220.0,240.0,PISTA
1160,MAGIC!,2025-08-02,2025,TOKIO MARINE HALL,Pista,760.0,840.0,PISTA
1162,CALCINHA PRETA,2025-08-09,2025,NEO QUIMICA ARENA,Pista,160.0,286.6666666666667,PISTA
1163,RAI SAIA RODADA,2025-08-09,2025,NEO QUIMICA ARENA,Pista,160.0,286.6666666666667,PISTA
1164,CAROL BIAZIN,2025-08-10,2025,AUDIO,Pista,240.0,240.0,PISTA
1165,ADO,2025-08-13,2025,ESPACO UNIMED,Pista,360.0,710.0,PISTA
1166,CPM 22,2025-08-15,2025,SUHAI MUSIC HALL,Pista,750.0,950.0,PISTA
1167,KYLIE MINOGUE,2025-08-15,2025,GINASIO DO IBIRAPUERA,Pista,1250.0,1144.2857142857142,PISTA
1168,ANA CASTELA,2025-08-16,2025,ARENA ANHEMBI,Pista,220.0,656.6666666666666,PISTA
1169,LUAN SANTANA,2025-08-16,2025,ARENA ANHEMBI,Pista,220.0,656.6666666666666,PISTA
1170,ROBERTO CARLOS,2025-08-16,2025,TOKIO MARINE HALL,Pista,800.0,956.0,PISTA
1171,THUNDERCAT,2025-08-20,2025,AUDIO,Pista,420.0,420.0,PISTA
1172,IVETE SANGALO,2025-08-21,2025,SUHAI MUSIC HALL,Pista,380.0,556.6666666666666,PISTA
1178,NECK DEEP,2025-08-29,2025,TOKIO MARINE HALL,Pista,395.0,515.0,PISTA
1179,YELLOWCARD,2025-08-29,2025,TOKIO MARINE HALL,Pista,395.0,515.0,PISTA
1180,FALL OUT BOY,2025-08-30,2025,ALLIANZ PARQUE,Pista,895.0,870.0,PISTA
1181,GOOD CHARLOTTE,2025-08-30,2025,ALLIANZ PARQUE,Pista,895.0,870.0,PISTA
1182,NECK DEEP,2025-08-30,2025,ALLIANZ PARQUE,Pista,895.0,870.0,PISTA
1183,YELLOWCARD,2025-08-30,2025,ALLIANZ PARQUE,Pista,895.0,870.0,PISTA
1185,LINIKER,2025-09-05,2025,MEMORIAL DA AMERICA LATINA,Pista,360.0,360.0,PISTA
1186,MARINA SENA,2025-09-05,2025,MEMORIAL DA AMERICA LATINA,Pista,360.0,360.0,PISTA
1187,BLACK ALIEN,2025-09-06,2025,MEMORIAL DA AMERICA LATINA,Pista,280.0,280.0,PISTA
1188,BORGES,2025-09-06,2025,AUTODROMO DE INTERLAGOS,Pista,975.0,975.0,PISTA
1189,BURNA BOY,2025-09-06,2025,AUTODROMO DE INTERLAGOS,Pista,975.0,975.0,PISTA
1190,DON TOLIVER,2025-09-06,2025,AUTODROMO DE INTERLAGOS,Pista,975.0,975.0,PISTA
1191,FILIPE RET,2025-09-06,2025,AUTODROMO DE INTERLAGOS,Pista,975.0,975.0,PISTA
1192,MATUE,2025-09-06,2025,AUTODROMO DE INTERLAGOS,Pista,975.0,975.0,PISTA
1193,MC CABELINHO,2025-09-06,2025,AUTODROMO DE INTERLAGOS,Pista,975.0,975.0,PISTA
1194,MC HARIEL,2025-09-06,2025,AUTODROMO DE INTERLAGOS,Pista,975.0,975.0,PISTA
1195,TASHA & TRACIE,2025-09-06,2025,AUTODROMO DE INTERLAGOS,Pista,975.0,975.0,PISTA
1196,TETO,2025-09-06,2025,AUTODROMO DE INTERLAGOS,Pista,975.0,975.0,PISTA
1197,TRAVIS SCOTT,2025-09-06,2025,AUDIO,Pista,490.0,690.0,PISTA
1198,TRAVIS SCOTT,2025-09-06,2025,AUTODROMO DE INTERLAGOS,Pista,975.0,975.0,PISTA
1199,WIU,2025-09-06,2025,AUTODROMO DE INTERLAGOS,Pista,975.0,975.0,PISTA
1200,BAD RELIGION,2025-09-07,2025,AUTODROMO DE INTERLAGOS,Pista,975.0,975.0,PISTA
1201,BK,2025-09-07,2025,MEMORIAL DA AMERICA LATINA,Pista,720.0,720.0,PISTA
1202,CAETANO VELOSO,2025-09-07,2025,MEMORIAL DA AMERICA LATINA,Pista,720.0,720.0,PISTA
1203,CAPITAL INICIAL,2025-09-07,2025,AUTODROMO DE INTERLAGOS,Pista,975.0,975.0,PISTA
1204,CPM 22,2025-09-07,2025,AUTODROMO DE INTERLAGOS,Pista,975.0,975.0,PISTA
1205,GREEN DAY,2025-09-07,2025,AUTODROMO DE INTERLAGOS,Pista,975.0,975.0,PISTA
1206,IGGY POP,2025-09-07,2025,AUTODROMO DE INTERLAGOS,Pista,975.0,975.0,PISTA
1207,PITTY,2025-09-07,2025,AUTODROMO DE INTERLAGOS,Pista,975.0,975.0,PISTA
1208,BACKSTREET BOYS,2025-09-12,2025,AUTODROMO DE INTERLAGOS,Pista,975.0,975.0,PISTA
1209,CEELO GREEN,2025-09-12,2025,AUTODROMO DE INTERLAGOS,Pista,975.0,975.0,PISTA
1210,DUBDOGZ,2025-09-12,2025,AUTODROMO DE INTERLAGOS,Pista,975.0,975.0,PISTA
1211,DUQUESA,2025-09-12,2025,AUTODROMO DE INTERLAGOS,Pista,975.0,975.0,PISTA
1212,JASON DERULO,2025-09-12,2025,AUTODROMO DE INTERLAGOS,Pista,975.0,975.0,PISTA
1213,JOTA QUEST,2025-09-12,2025,AUTODROMO DE INTERLAGOS,Pista,975.0,975.0,PISTA
1214,KAYBLACK,2025-09-12,2025,AUTODROMO DE INTERLAGOS,Pista,975.0,975.0,PISTA
1215,LUISA SONZA,2025-09-12,2025,AUTODROMO DE INTERLAGOS,Pista,975.0,975.0,PISTA
1216,PEDRO SAMPAIO,2025-09-12,2025,AUTODROMO DE INTERLAGOS,Pista,975.0,975.0,PISTA
1217,TZ DA CORONEL,2025-09-12,2025,AUTODROMO DE INTERLAGOS,Pista,975.0,975.0,PISTA
1218,CHEFIN,2025-09-13,2025,AUTODROMO DE INTERLAGOS,Pista,975.0,975.0,PISTA
1219,GLORIA GROOVE,2025-09-13,2025,AUTODROMO DE INTERLAGOS,Pista,975.0,975.0,PISTA
1220,IVETE SANGALO,2025-09-13,2025,AUTODROMO DE INTERLAGOS,Pista,975.0,975.0,PISTA
1221,JESSIE J,2025-09-13,2025,AUTODROMO DE INTERLAGOS,Pista,975.0,975.0,PISTA
1222,LIONEL RICHIE,2025-09-13,2025,AUTODROMO DE INTERLAGOS,Pista,975.0,975.0,PISTA
1223,MARIAH CAREY,2025-09-13,2025,AUTODROMO DE INTERLAGOS,Pista,975.0,975.0,PISTA
1224,MC LIVINHO,2025-09-13,2025,AUTODROMO DE INTERLAGOS,Pista,975.0,975.0,PISTA
1225,NATASHA BEDINGFIELD,2025-09-13,2025,AUTODROMO DE INTERLAGOS,Pista,975.0,975.0,PISTA
1226,OS GAROTIN,2025-09-13,2025,AUTODROMO DE INTERLAGOS,Pista,975.0,975.0,PISTA
1227,PERICLES,2025-09-13,2025,AUTODROMO DE INTERLAGOS,Pista,975.0,975.0,PISTA
1228,ANNA,2025-09-14,2025,AUTODROMO DE INTERLAGOS,Pista,975.0,975.0,PISTA
1229,BELO,2025-09-14,2025,AUTODROMO DE INTERLAGOS,Pista,975.0,975.0,PISTA
1230,CAMILA CABELLO,2025-09-14,2025,AUTODROMO DE INTERLAGOS,Pista,975.0,975.0,PISTA
1231,CAROL BIAZIN,2025-09-14,2025,AUTODROMO DE INTERLAGOS,Pista,975.0,975.0,PISTA
1232,DENNIS,2025-09-14,2025,AUTODROMO DE INTERLAGOS,Pista,975.0,975.0,PISTA
1233,IZA,2025-09-14,2025,AUTODROMO DE INTERLAGOS,Pista,975.0,975.0,PISTA
1234,J BALVIN,2025-09-14,2025,AUTODROMO DE INTERLAGOS,Pista,975.0,975.0,PISTA
1235,JOTA.PE,2025-09-14,2025,AUTODROMO DE INTERLAGOS,Pista,975.0,975.0,PISTA
1236,KATY PERRY,2025-09-14,2025,AUTODROMO DE INTERLAGOS,Pista,975.0,975.0,PISTA
1237,LUDMILLA,2025-09-14,2025,AUTODROMO DE INTERLAGOS,Pista,975.0,975.0,PISTA
1238,CA7RIEL & PACO AMOROSO,2025-09-17,2025,AUDIO,Pista,180.0,180.0,PISTA
1239,JORGE BEN JOR,2025-09-20,2025,ESPACO UNIMED,Pista,260.0,370.0,PISTA
1240,RACA NEGRA,2025-09-26,2025,ESPACO UNIMED,Pista,320.0,440.0,PISTA
1241,CLAUDIA LEITTE,2025-09-27,2025,SUHAI MUSIC HALL,Pista,330.0,416.0,PISTA
1242,SEU JORGE,2025-09-27,2025,VIBRA SAO PAULO,Pista,78.0,78.0,PISTA
1243,KACEY MUSGRAVES,2025-09-28,2025,AUDIO,Pista,406.0,396.0,PISTA
1244,CA7RIEL & PACO AMOROSO,2025-09-30,2025,ALLIANZ PARQUE,Pista,590.0,757.5,PISTA
1245,KENDRICK LAMAR,2025-09-30,2025,ALLIANZ PARQUE,Pista,590.0,757.5,PISTA
1246,DE LA SOUL,2025-10-02,2025,AUDIO,Pista,220.0,220.0,PISTA
1247,LAGUM,2025-10-03,2025,ESPACO UNIMED,Pista,220.0,240.0,PISTA
1248,ANAVITORIA,2025-10-04,2025,ESPACO UNIMED,Pista,110.0,193.33333333333334,PISTA
1249,MARIA BETHANIA,2025-10-04,2025,TOKIO MARINE HALL,Pista,580.0,780.0,PISTA
1250,ANAVITORIA,2025-10-05,2025,ESPACO UNIMED,Pista,110.0,193.33333333333334,PISTA
1251,MARIA BETHANIA,2025-10-05,2025,TOKIO MARINE HALL,Pista,580.0,780.0,PISTA
1252,KENNY G,2025-10-10,2025,ESPACO UNIMED,Pista,550.0,700.0,PISTA
1253,ANA CASTELA,2025-10-11,2025,SUHAI MUSIC HALL,Pista,230.0,210.0,PISTA
1254,MARIA BETHANIA,2025-10-11,2025,TOKIO MARINE HALL,Pista,580.0,780.0,PISTA
1255,MARIA BETHANIA,2025-10-12,2025,TOKIO MARINE HALL,Pista,580.0,780.0,PISTA
1256,THE CALLING,2025-10-12,2025,AUDIO,Pista,300.0,366.6666666666667,PISTA
1259,LUISA SONZA,2025-10-17,2025,MERCADO LIVRE ARENA PACAEMBU,Pista,162.15,162.15,PISTA
1260,MC LIVINHO,2025-10-17,2025,MERCADO LIVRE ARENA PACAEMBU,Pista,162.15,162.15,PISTA
1261,TOQUINHO,2025-10-17,2025,ESPACO UNIMED,Pista,220.0,365.0,PISTA
1263,MARIA BETHANIA,2025-10-19,2025,TOKIO MARINE HALL,Pista,580.0,780.0,PISTA
1264,RAUW ALEJANDRO,2025-10-22,2025,VIBRA SAO PAULO,Pista,550.0,2992.5714285714284,PISTA
1265,OCEAN ALLEY,2025-10-23,2025,AUDIO,Pista,160.0,160.0,PISTA
1267,P1HARMONY,2025-10-24,2025,VIBRA SAO PAULO,Pista,750.0,1045.0,PISTA
1268,SKILLET,2025-10-24,2025,AUDIO,Pista,540.0,565.0,PISTA
1269,FERRUGEM,2025-10-25,2025,NEO QUIMICA ARENA,Pista,160.0,160.0,PISTA
1270,GUNS N' ROSES,2025-10-25,2025,ALLIANZ PARQUE,Pista,590.0,835.0,PISTA
1271,IVETE SANGALO,2025-10-25,2025,JOCKEY CLUB,Pista,380.0,556.6666666666666,PISTA
1272,MARIA BETHANIA,2025-10-25,2025,TOKIO MARINE HALL,Pista,580.0,780.0,PISTA
1273,PABLLO VITTAR,2025-10-25,2025,VIBRA SAO PAULO,Pista,105.0,105.0,PISTA
1274,RAIMUNDOS,2025-10-25,2025,ALLIANZ PARQUE,Pista,590.0,835.0,PISTA
1276,VEIGH,2025-10-25,2025,ESPACO UNIMED,Pista,135.0,467.8,PISTA
1277,MARIA BETHANIA,2025-10-26,2025,TOKIO MARINE HALL,Pista,580.0,780.0,PISTA
1278,BACO EXU DO BLUES,2025-10-31,2025,ESPACO UNIMED,Pista,160.0,212.5,PISTA
1279,IMAGINE DRAGONS,2025-10-31,2025,MORUMBIS,Pista,700.0,1100.0,PISTA
1280,LAGUM,2025-10-31,2025,MORUMBIS,Pista,700.0,1100.0,PISTA
1281,NANDO REIS,2025-10-31,2025,SUHAI MUSIC HALL,Pista,200.0,270.0,PISTA
1282,GUSTAVO MIOTO,2025-11-01,2025,ESPACO UNIMED,Pista,100.0,200.0,PISTA
1283,IMAGINE DRAGONS,2025-11-01,2025,MORUMBIS,Pista,700.0,1100.0,PISTA
1284,LAGUM,2025-11-01,2025,MORUMBIS,Pista,700.0,1100.0,PISTA
1285,L'IMPERATRICE,2025-11-04,2025,AUDIO,Pista,355.0,405.0,PISTA
1286,TASH SULTANA,2025-11-05,2025,AUDIO,Pista,425.0,445.0,PISTA
1287,DAMIANO DAVID,2025-11-07,2025,TOKIO MARINE HALL,Pista,390.0,496.0,PISTA
1288,BILLY IDOL,2025-11-08,2025,VIBRA SAO PAULO,Pista,790.0,622.5,PISTA
1290,LINKIN PARK,2025-11-08,2025,MORUMBIS,Pista,550.0,2885.8,PISTA
1291,MATUE,2025-11-08,2025,KOMPLEXO TEMPO,Pista,100.0,300.0,PISTA
1292,POPPY,2025-11-08,2025,MORUMBIS,Pista,550.0,2885.8,PISTA
1293,CHASE ATLANTIC,2025-11-09,2025,SUHAI MUSIC HALL,Pista,490.0,695.0,PISTA
1294,POLO & PAN,2025-11-12,2025,AUDIO,Pista,400.0,613.3333333333334,PISTA
1295,JAMES,2025-11-13,2025,AUDIO,Pista,585.0,685.0,PISTA
1296,MASSIVE ATTACK,2025-11-13,2025,ESPACO UNIMED,Pista,535.0,987.5,PISTA
1297,CAPITAL INICIAL,2025-11-14,2025,ESPACO UNIMED,Pista,200.0,313.3333333333333,PISTA
1298,ROBERTO CARLOS,2025-11-14,2025,SUHAI MUSIC HALL,Pista,510.0,750.0,PISTA
1299,CAPITAL INICIAL,2025-11-15,2025,ESPACO UNIMED,Pista,200.0,313.3333333333333,PISTA
1300,DUA LIPA,2025-11-15,2025,MORUMBIS,Pista,420.0,506.0,PISTA
1301,MOLCHAT DOMA,2025-11-15,2025,TOKIO MARINE HALL,Pista,360.0,400.0,PISTA
1302,ROBERTO CARLOS,2025-11-15,2025,SUHAI MUSIC HALL,Pista,510.0,750.0,PISTA
1303,BOYCE AVENUE,2025-11-18,2025,AUDIO,Pista,175.0,175.0,PISTA
1304,SEU JORGE,2025-11-18,2025,ESPACO UNIMED,Pista,340.0,400.0,PISTA
1305,DJONGA,2025-11-19,2025,ESPACO UNIMED,Pista,160.0,160.0,PISTA
1306,OS GAROTIN,2025-11-20,2025,AUDIO,Pista,175.0,175.0,PISTA
1307,ALEE,2025-11-21,2025,NEO QUIMICA ARENA,Pista,110.0,110.0,PISTA
1309,CAIO LUCCAS,2025-11-21,2025,NEO QUIMICA ARENA,Pista,110.0,110.0,PISTA
1310,CHITAOZINHO & XORORO,2025-11-21,2025,ESPACO UNIMED,Pista,380.0,540.0,PISTA
1311,TZ DA CORONEL,2025-11-21,2025,NEO QUIMICA ARENA,Pista,110.0,110.0,PISTA
1313,CHITAOZINHO & XORORO,2025-11-22,2025,ESPACO UNIMED,Pista,380.0,540.0,PISTA
1314,KAASH PAIGE,2025-11-22,2025,NEO QUIMICA ARENA,Pista,110.0,110.0,PISTA
1315,MAJOR RD,2025-11-22,2025,NEO QUIMICA ARENA,Pista,110.0,110.0,PISTA
1316,OASIS,2025-11-22,2025,MORUMBIS,Pista,590.0,920.0,PISTA
1317,MATUE,2025-11-23,2025,NEO QUIMICA ARENA,Pista,110.0,110.0,PISTA
1318,MC HARIEL,2025-11-23,2025,SUHAI MUSIC HALL,Pista,120.0,157.5,PISTA
1319,MC LIVINHO,2025-11-23,2025,SUHAI MUSIC HALL,Pista,120.0,157.5,PISTA
1320,OASIS,2025-11-23,2025,MORUMBIS,Pista,590.0,920.0,PISTA
1321,SKEPTA,2025-11-23,2025,NEO QUIMICA ARENA,Pista,110.0,110.0,PISTA
1322,YOUNG THUG,2025-11-23,2025,NEO QUIMICA ARENA,Pista,110.0,110.0,PISTA
1323,YUNK VINO,2025-11-23,2025,NEO QUIMICA ARENA,Pista,110.0,110.0,PISTA
1324,ZEZE DI CAMARGO & LUCIANO,2021-09-04,2021,ESPACO DAS AMERICAS,Pista Premium,280.0,564.0,PISTA PREMIUM
1326,FERNANDO & SOROCABA,2021-10-22,2021,VILLA COUNTRY,Pista Premium,550.0,237.5,PISTA PREMIUM
1327,MAIARA & MARAISA,2021-10-22,2021,VILLA COUNTRY,Pista Premium,550.0,237.5,PISTA PREMIUM
1328,FERNANDO & SOROCABA,2021-10-23,2021,VILLA COUNTRY,Pista Premium,550.0,237.5,PISTA PREMIUM
1329,MAIARA & MARAISA,2021-10-23,2021,VILLA COUNTRY,Pista Premium,550.0,237.5,PISTA PREMIUM
1331,ZECA PAGODINHO,2021-11-12,2021,ESPACO DAS AMERICAS,Pista Premium,320.0,307.5,PISTA PREMIUM
1333,TITAS,2021-11-20,2021,ARENA ANHEMBI,Pista Premium,300.0,326.6666666666667,PISTA PREMIUM
1341,JOAO GOMES,2021-12-04,2021,ARENA ANHEMBI,Pista Premium,990.0,622.5,PISTA PREMIUM
1342,LEO SANTANA,2021-12-04,2021,ARENA ANHEMBI,Pista Premium,990.0,622.5,PISTA PREMIUM
1343,WESLEY SAFADAO,2021-12-04,2021,ARENA ANHEMBI,Pista Premium,990.0,622.5,PISTA PREMIUM
1344,ZE NETO & CRISTIANO,2021-12-04,2021,ARENA ANHEMBI,Pista Premium,990.0,622.5,PISTA PREMIUM
1345,IVETE SANGALO,2021-12-10,2021,ESPACO DAS AMERICAS,Pista Premium,420.0,393.3333333333333,PISTA PREMIUM
1348,HENRIQUE & JULIANO,2021-12-17,2021,ESTADIO DO CANINDE,Pista Premium,560.0,570.0,PISTA PREMIUM
1349,LUAN SANTANA,2021-12-19,2021,ESPACO DAS AMERICAS,Pista Premium,120.0,190.0,PISTA PREMIUM
1350,NANDO REIS,2021-12-23,2021,ESPACO DAS AMERICAS,Pista Premium,220.0,195.0,PISTA PREMIUM
1351,JORGE & MATEUS,2022-01-08,2022,EXPO CENTER NORTE,Pista Premium,560.0,283.3333333333333,PISTA PREMIUM
1352,PEDRO SAMPAIO,2022-01-08,2022,EXPO CENTER NORTE,Pista Premium,560.0,283.3333333333333,PISTA PREMIUM
1358,MARISA MONTE,2022-02-04,2022,ESPACO DAS AMERICAS,Pista Premium,400.0,423.3333333333333,PISTA PREMIUM
1363,MARISA MONTE,2022-02-05,2022,ESPACO DAS AMERICAS,Pista Premium,400.0,423.3333333333333,PISTA PREMIUM
1365,MARISA MONTE,2022-02-11,2022,ESPACO DAS AMERICAS,Pista Premium,400.0,423.3333333333333,PISTA PREMIUM
1368,CHITAOZINHO & XORORO,2022-02-12,2022,ESPACO DAS AMERICAS,Pista Premium,400.0,423.3333333333333,PISTA PREMIUM
1369,MARISA MONTE,2022-02-12,2022,ESPACO DAS AMERICAS,Pista Premium,400.0,423.3333333333333,PISTA PREMIUM
1372,ZE RAMALHO,2022-02-13,2022,ESPACO DAS AMERICAS,Pista Premium,280.0,245.0,PISTA PREMIUM
1373,CHITAOZINHO & XORORO,2022-02-17,2022,ESPACO DAS AMERICAS,Pista Premium,400.0,423.3333333333333,PISTA PREMIUM
1386,JORGE & MATEUS,2022-03-01,2022,JOCKEY CLUB,Pista Premium,560.0,498.0,PISTA PREMIUM
1388,SKANK,2022-03-11,2022,ESPACO DAS AMERICAS,Pista Premium,220.0,257.5,PISTA PREMIUM
1389,BACO EXU DO BLUES,2022-03-12,2022,AUDIO,Pista Premium,90.0,123.33333333333333,PISTA PREMIUM
1391,SKANK,2022-03-12,2022,ESPACO DAS AMERICAS,Pista Premium,220.0,257.5,PISTA PREMIUM
1392,SKANK,2022-03-13,2022,ESPACO DAS AMERICAS,Pista Premium,220.0,257.5,PISTA PREMIUM
1393,JAO,2022-03-18,2022,ESPACO DAS AMERICAS,Pista Premium,300.0,220.0,PISTA PREMIUM
1394,JUNGLE,2022-03-18,2022,AUDIO,Pista Premium,750.0,711.6666666666666,PISTA PREMIUM
1395,A DAY TO REMEMBER,2022-03-24,2022,AUDIO,Pista Premium,574.0,467.0,PISTA PREMIUM
1444,TITAS,2022-04-10,2022,MEMORIAL DA AMERICA LATINA,Pista Premium,800.0,600.0,PISTA PREMIUM
1447,JAO,2022-04-14,2022,ESPACO DAS AMERICAS,Pista Premium,300.0,220.0,PISTA PREMIUM
1448,MAIARA & MARAISA,2022-04-15,2022,ESPACO DAS AMERICAS,Pista Premium,650.0,680.0,PISTA PREMIUM
1449,MARIA BETHANIA,2022-04-16,2022,ESPACO DAS AMERICAS,Pista Premium,347.0,215.4,PISTA PREMIUM
1450,MAIARA & MARAISA,2022-04-17,2022,ESPACO DAS AMERICAS,Pista Premium,650.0,680.0,PISTA PREMIUM
1454,IVETE SANGALO,2022-04-23,2022,ESPACO DAS AMERICAS,Pista Premium,220.0,245.0,PISTA PREMIUM
1456,LULU SANTOS,2022-04-29,2022,ESPACO DAS AMERICAS,Pista Premium,280.0,233.33333333333334,PISTA PREMIUM
1457,KISS,2022-04-30,2022,ALLIANZ PARQUE,Pista Premium,720.0,470.0,PISTA PREMIUM
1458,CAETANO VELOSO,2022-05-06,2022,ESPACO DAS AMERICAS,Pista Premium,320.0,350.0,PISTA PREMIUM
1464,GRETA VAN FLEET,2022-05-10,2022,ESTADIO DO MORUMBI,Pista Premium,780.0,452.5,PISTA PREMIUM
1465,METALLICA,2022-05-10,2022,ESTADIO DO MORUMBI,Pista Premium,780.0,452.5,PISTA PREMIUM
1466,SIMONE & SIMARIA,2022-05-10,2022,VILLA COUNTRY,Pista Premium,400.0,386.6666666666667,PISTA PREMIUM
1472,THE KOOKS,2022-05-20,2022,ESPACO UNIMED,Pista Premium,600.0,566.6666666666666,PISTA PREMIUM
1473,JOAO GOMES,2022-05-21,2022,ARENA ANHEMBI,Pista Premium,140.0,120.0,PISTA PREMIUM
1474,NATTAN,2022-05-21,2022,ARENA ANHEMBI,Pista Premium,140.0,120.0,PISTA PREMIUM
1475,TARCISIO DO ACORDEON,2022-05-21,2022,ARENA ANHEMBI,Pista Premium,140.0,120.0,PISTA PREMIUM
1476,XAND AVIAO,2022-05-21,2022,ARENA ANHEMBI,Pista Premium,140.0,120.0,PISTA PREMIUM
1477,ZE VAQUEIRO,2022-05-21,2022,ARENA ANHEMBI,Pista Premium,140.0,120.0,PISTA PREMIUM
1479,JAO,2022-05-27,2022,ESPACO UNIMED,Pista Premium,300.0,220.0,PISTA PREMIUM
1480,CAPITAL INICIAL,2022-05-28,2022,ARENA ANHEMBI,Pista Premium,450.0,495.0,PISTA PREMIUM
1483,NANDO REIS,2022-05-28,2022,ARENA ANHEMBI,Pista Premium,450.0,495.0,PISTA PREMIUM
1484,PITTY,2022-05-28,2022,ARENA ANHEMBI,Pista Premium,450.0,495.0,PISTA PREMIUM
1489,DJAVAN,2022-06-04,2022,ESPACO UNIMED,Pista Premium,320.0,310.0,PISTA PREMIUM
1490,ANAVITORIA,2022-06-09,2022,ESPACO UNIMED,Pista Premium,210.0,243.33333333333334,PISTA PREMIUM
1491,NANDO REIS,2022-06-10,2022,VIBRA SAO PAULO,Pista Premium,380.0,336.0,PISTA PREMIUM
1516,JAO,2022-06-22,2022,TOKIO MARINE HALL,Pista Premium,240.0,170.0,PISTA PREMIUM
1517,PIXOTE,2022-06-22,2022,TOKIO MARINE HALL,Pista Premium,240.0,170.0,PISTA PREMIUM
1518,SEU JORGE,2022-06-22,2022,TOKIO MARINE HALL,Pista Premium,240.0,170.0,PISTA PREMIUM
1519,VITOR KLEY,2022-06-22,2022,TOKIO MARINE HALL,Pista Premium,240.0,170.0,PISTA PREMIUM
1520,CAETANO VELOSO,2022-06-24,2022,ESPACO UNIMED,Pista Premium,380.0,351.6666666666667,PISTA PREMIUM
1522,CAETANO VELOSO,2022-06-25,2022,ESPACO UNIMED,Pista Premium,380.0,351.6666666666667,PISTA PREMIUM
1523,JOTA QUEST,2022-07-02,2022,ESPACO UNIMED,Pista Premium,200.0,220.0,PISTA PREMIUM
1526,A-HA,2022-07-18,2022,ESPACO UNIMED,Pista Premium,750.0,466.6666666666667,PISTA PREMIUM
1527,A-HA,2022-07-19,2022,ESPACO UNIMED,Pista Premium,750.0,466.6666666666667,PISTA PREMIUM
1528,MARISA MONTE,2022-07-21,2022,ESPACO UNIMED,Pista Premium,420.0,350.0,PISTA PREMIUM
1529,MARISA MONTE,2022-07-22,2022,ESPACO UNIMED,Pista Premium,420.0,350.0,PISTA PREMIUM
1530,MARISA MONTE,2022-07-23,2022,ESPACO UNIMED,Pista Premium,420.0,350.0,PISTA PREMIUM
1538,MARISA MONTE,2022-07-28,2022,ESPACO UNIMED,Pista Premium,420.0,350.0,PISTA PREMIUM
1539,MARISA MONTE,2022-07-29,2022,ESPACO UNIMED,Pista Premium,420.0,350.0,PISTA PREMIUM
1540,DENNIS,2022-07-30,2022,ESTADIO DO CANINDE,Pista Premium,370.0,310.0,PISTA PREMIUM
1542,JAO,2022-08-14,2022,ESPACO UNIMED,Pista Premium,300.0,220.0,PISTA PREMIUM
1543,ANITTA,2022-08-19,2022,NEO QUIMICA ARENA,Pista Premium,200.0,160.0,PISTA PREMIUM
1544,GLORIA GROOVE,2022-08-19,2022,NEO QUIMICA ARENA,Pista Premium,200.0,160.0,PISTA PREMIUM
1545,PAPATINHO,2022-08-19,2022,NEO QUIMICA ARENA,Pista Premium,200.0,160.0,PISTA PREMIUM
1546,GUSTAVO MIOTO,2022-08-20,2022,DISTRITO ANHEMBI,Pista Premium,1100.0,767.5,PISTA PREMIUM
1547,JAO,2022-08-20,2022,ESPACO UNIMED,Pista Premium,300.0,220.0,PISTA PREMIUM
1548,JORGE & MATEUS,2022-08-20,2022,DISTRITO ANHEMBI,Pista Premium,1100.0,767.5,PISTA PREMIUM
1549,LUDMILLA,2022-08-20,2022,DISTRITO ANHEMBI,Pista Premium,1100.0,767.5,PISTA PREMIUM
1550,MARI FERNANDEZ,2022-08-20,2022,DISTRITO ANHEMBI,Pista Premium,1100.0,767.5,PISTA PREMIUM
1551,PEDRO SAMPAIO,2022-08-20,2022,DISTRITO ANHEMBI,Pista Premium,1100.0,767.5,PISTA PREMIUM
1552,XAND AVIAO,2022-08-20,2022,DISTRITO ANHEMBI,Pista Premium,1100.0,767.5,PISTA PREMIUM
1553,ZE NETO & CRISTIANO,2022-08-20,2022,DISTRITO ANHEMBI,Pista Premium,1100.0,767.5,PISTA PREMIUM
1554,ROSALIA,2022-08-22,2022,ESPACO UNIMED,Pista Premium,720.0,672.5,PISTA PREMIUM
1555,MILTON NASCIMENTO,2022-08-26,2022,ESPACO UNIMED,Pista Premium,530.0,420.0,PISTA PREMIUM
1556,MC HARIEL,2022-08-27,2022,ESTADIO DO CANINDE,Pista Premium,530.0,420.0,PISTA PREMIUM
1557,MILTON NASCIMENTO,2022-08-27,2022,ESPACO UNIMED,Pista Premium,530.0,420.0,PISTA PREMIUM
1558,OROCHI,2022-08-27,2022,ESTADIO DO CANINDE,Pista Premium,300.0,205.0,PISTA PREMIUM
1559,DEMI LOVATO,2022-08-30,2022,ESPACO UNIMED,Pista Premium,1500.0,1100.0,PISTA PREMIUM
1560,DEMI LOVATO,2022-08-31,2022,ESPACO UNIMED,Pista Premium,1500.0,1100.0,PISTA PREMIUM
1561,DREAM THEATER,2022-08-31,2022,TOKIO MARINE HALL,Pista Premium,620.0,540.0,PISTA PREMIUM
1562,MILTON NASCIMENTO,2022-09-01,2022,ESPACO UNIMED,Pista Premium,530.0,420.0,PISTA PREMIUM
1563,MILTON NASCIMENTO,2022-09-02,2022,ESPACO UNIMED,Pista Premium,530.0,420.0,PISTA PREMIUM
1564,BULLET FOR MY VALENTINE,2022-09-03,2022,AUDIO,Pista Premium,895.0,605.0,PISTA PREMIUM
1565,IRON MAIDEN,2022-09-04,2022,ESTADIO DO MORUMBI,Pista Premium,750.0,566.6666666666666,PISTA PREMIUM
1566,AVRIL LAVIGNE,2022-09-07,2022,ESPACO UNIMED,Pista Premium,731.0,538.5,PISTA PREMIUM
1567,DUA LIPA,2022-09-08,2022,ARENA ANHEMBI,Pista Premium,890.0,688.0,PISTA PREMIUM
1568,BASTILLE,2022-09-09,2022,TOKIO MARINE HALL,Pista Premium,580.0,426.0,PISTA PREMIUM
1569,MANESKIN,2022-09-09,2022,ESPACO UNIMED,Pista Premium,580.0,570.0,PISTA PREMIUM
1570,CPM 22,2022-09-10,2022,VIBRA SAO PAULO,Pista Premium,240.0,200.0,PISTA PREMIUM
1572,TITAS,2022-09-10,2022,TOKIO MARINE HALL,Pista Premium,800.0,600.0,PISTA PREMIUM
1573,ANAVITORIA,2022-09-11,2022,TOKIO MARINE HALL,Pista Premium,320.0,290.0,PISTA PREMIUM
1574,DJAVAN,2022-09-16,2022,MEMORIAL DA AMERICA LATINA,Pista Premium,595.0,558.0,PISTA PREMIUM
1575,GILBERTO GIL,2022-09-16,2022,MEMORIAL DA AMERICA LATINA,Pista Premium,595.0,558.0,PISTA PREMIUM
1576,GLORIA GROOVE,2022-09-16,2022,ESPACO UNIMED,Pista Premium,150.0,203.33333333333334,PISTA PREMIUM
1577,LINIKER,2022-09-16,2022,MEMORIAL DA AMERICA LATINA,Pista Premium,595.0,558.0,PISTA PREMIUM
1578,TASHA & TRACIE,2022-09-16,2022,MEMORIAL DA AMERICA LATINA,Pista Premium,595.0,558.0,PISTA PREMIUM
1579,ALCEU VALENCA,2022-09-17,2022,MEMORIAL DA AMERICA LATINA,Pista Premium,380.0,322.5,PISTA PREMIUM
1580,BK,2022-09-17,2022,MEMORIAL DA AMERICA LATINA,Pista Premium,380.0,322.5,PISTA PREMIUM
1581,GAL COSTA,2022-09-17,2022,MEMORIAL DA AMERICA LATINA,Pista Premium,380.0,322.5,PISTA PREMIUM
1586,BACO EXU DO BLUES,2022-09-23,2022,AUDIO,Pista Premium,90.0,123.33333333333333,PISTA PREMIUM
1587,GUNS N' ROSES,2022-09-24,2022,ALLIANZ PARQUE,Pista Premium,950.0,950.0,PISTA PREMIUM
1588,JORGE DREXLER,2022-09-24,2022,VIBRA SAO PAULO,Pista Premium,260.0,260.0,PISTA PREMIUM
1589,MILTON NASCIMENTO,2022-09-24,2022,ESPACO UNIMED,Pista Premium,530.0,420.0,PISTA PREMIUM
1590,MILTON NASCIMENTO,2022-09-25,2022,ESPACO UNIMED,Pista Premium,530.0,420.0,PISTA PREMIUM
1594,HELLOWEEN,2022-10-08,2022,ESPACO UNIMED,Pista Premium,480.0,462.5,PISTA PREMIUM
1596,TINI,2022-10-08,2022,VIBRA SAO PAULO,Pista Premium,750.0,650.0,PISTA PREMIUM
1597,HELLOWEEN,2022-10-09,2022,ESPACO UNIMED,Pista Premium,480.0,462.5,PISTA PREMIUM
1598,BEAST IN BLACK,2022-10-14,2022,ESPACO UNIMED,Pista Premium,290.0,332.5,PISTA PREMIUM
1599,NIGHTWISH,2022-10-14,2022,ESPACO UNIMED,Pista Premium,290.0,332.5,PISTA PREMIUM
1600,GILSONS,2022-10-15,2022,SAMBODROMO DO ANHEMBI,Pista Premium,1000.0,625.0,PISTA PREMIUM
1601,JORGE ARAGAO,2022-10-15,2022,SAMBODROMO DO ANHEMBI,Pista Premium,1000.0,625.0,PISTA PREMIUM
1602,AIR SUPPLY,2022-10-16,2022,ESPACO UNIMED,Pista Premium,940.0,765.0,PISTA PREMIUM
1603,DIOGO NOGUEIRA,2022-10-16,2022,SAMBODROMO DO ANHEMBI,Pista Premium,1200.0,820.0,PISTA PREMIUM
1605,NANDO REIS,2022-10-16,2022,SAMBODROMO DO ANHEMBI,Pista Premium,1200.0,820.0,PISTA PREMIUM
1606,VANESSA DA MATA,2022-10-16,2022,SAMBODROMO DO ANHEMBI,Pista Premium,1200.0,820.0,PISTA PREMIUM
1607,SKANK,2022-10-21,2022,ESPACO UNIMED,Pista Premium,200.0,260.0,PISTA PREMIUM
1608,SKANK,2022-10-22,2022,ESPACO UNIMED,Pista Premium,200.0,260.0,PISTA PREMIUM
1609,BLACK LABEL SOCIETY,2022-10-23,2022,AUDIO,Pista Premium,400.0,420.0,PISTA PREMIUM
1610,MILTON NASCIMENTO,2022-11-01,2022,ESPACO UNIMED,Pista Premium,530.0,420.0,PISTA PREMIUM
1611,MILTON NASCIMENTO,2022-11-03,2022,ESPACO UNIMED,Pista Premium,530.0,420.0,PISTA PREMIUM
1613,MILTON NASCIMENTO,2022-11-04,2022,ESPACO UNIMED,Pista Premium,530.0,420.0,PISTA PREMIUM
1614,ARCTIC MONKEYS,2022-11-05,2022,DISTRITO ANHEMBI,Pista Premium,890.0,733.3333333333334,PISTA PREMIUM
1615,BEACH HOUSE,2022-11-05,2022,DISTRITO ANHEMBI,Pista Premium,890.0,733.3333333333334,PISTA PREMIUM
1616,BJORK,2022-11-05,2022,DISTRITO ANHEMBI,Pista Premium,890.0,733.3333333333334,PISTA PREMIUM
1617,INTERPOL,2022-11-05,2022,DISTRITO ANHEMBI,Pista Premium,890.0,733.3333333333334,PISTA PREMIUM
1618,JOSE GONZALEZ,2022-11-05,2022,DISTRITO ANHEMBI,Pista Premium,890.0,733.3333333333334,PISTA PREMIUM
1619,L7NNON,2022-11-05,2022,DISTRITO ANHEMBI,Pista Premium,890.0,733.3333333333334,PISTA PREMIUM
1620,LINIKER,2022-11-05,2022,DISTRITO ANHEMBI,Pista Premium,890.0,733.3333333333334,PISTA PREMIUM
1621,LUCCAS CARLOS,2022-11-05,2022,DISTRITO ANHEMBI,Pista Premium,890.0,733.3333333333334,PISTA PREMIUM
1622,MICHAEL BUBLE,2022-11-05,2022,ALLIANZ PARQUE,Pista Premium,820.0,468.0,PISTA PREMIUM
1623,MITSKI,2022-11-05,2022,DISTRITO ANHEMBI,Pista Premium,890.0,733.3333333333334,PISTA PREMIUM
1625,ROBERTO CARLOS,2022-11-05,2022,ESPACO UNIMED,Pista Premium,580.0,470.0,PISTA PREMIUM
1626,SEVDALIZA,2022-11-05,2022,DISTRITO ANHEMBI,Pista Premium,890.0,733.3333333333334,PISTA PREMIUM
1627,TASHA & TRACIE,2022-11-05,2022,DISTRITO ANHEMBI,Pista Premium,890.0,733.3333333333334,PISTA PREMIUM
1628,BAD GYAL,2022-11-06,2022,DISTRITO ANHEMBI,Pista Premium,890.0,733.3333333333334,PISTA PREMIUM
1629,CAROLINE POLACHEK,2022-11-06,2022,DISTRITO ANHEMBI,Pista Premium,890.0,733.3333333333334,PISTA PREMIUM
1630,CHARLI XCX,2022-11-06,2022,DISTRITO ANHEMBI,Pista Premium,890.0,733.3333333333334,PISTA PREMIUM
1631,FATHER JOHN MISTY,2022-11-06,2022,DISTRITO ANHEMBI,Pista Premium,890.0,733.3333333333334,PISTA PREMIUM
1632,JPEGMAFIA,2022-11-06,2022,DISTRITO ANHEMBI,Pista Premium,890.0,733.3333333333334,PISTA PREMIUM
1633,LORDE,2022-11-06,2022,DISTRITO ANHEMBI,Pista Premium,890.0,733.3333333333334,PISTA PREMIUM
1634,MICHAEL BUBLE,2022-11-06,2022,ALLIANZ PARQUE,Pista Premium,820.0,468.0,PISTA PREMIUM
1635,PHOEBE BRIDGERS,2022-11-06,2022,DISTRITO ANHEMBI,Pista Premium,890.0,733.3333333333334,PISTA PREMIUM
1636,ROBERTO CARLOS,2022-11-06,2022,ESPACO UNIMED,Pista Premium,580.0,470.0,PISTA PREMIUM
1637,TRAVIS SCOTT,2022-11-06,2022,DISTRITO ANHEMBI,Pista Premium,890.0,625.0,PISTA PREMIUM
1639,ROBERTO CARLOS,2022-11-09,2022,ESPACO UNIMED,Pista Premium,580.0,470.0,PISTA PREMIUM
1640,JAO,2022-11-11,2022,ESPACO UNIMED,Pista Premium,300.0,220.0,PISTA PREMIUM
1643,BONNIE TYLER,2022-11-12,2022,TOKIO MARINE HALL,Pista Premium,239.0,305.0,PISTA PREMIUM
1644,THE KILLERS,2022-11-12,2022,ALLIANZ PARQUE,Pista Premium,990.0,908.0,PISTA PREMIUM
1645,TWENTY ONE PILOTS,2022-11-12,2022,ALLIANZ PARQUE,Pista Premium,990.0,908.0,PISTA PREMIUM
1647,ROBERTO CARLOS,2022-11-17,2022,ESPACO UNIMED,Pista Premium,580.0,470.0,PISTA PREMIUM
1648,CAPITAL INICIAL,2022-11-18,2022,ESPACO UNIMED,Pista Premium,220.0,220.0,PISTA PREMIUM
1655,CAETANO VELOSO,2022-11-25,2022,ESPACO UNIMED,Pista Premium,380.0,351.6666666666667,PISTA PREMIUM
1656,CAETANO VELOSO,2022-11-26,2022,ESPACO UNIMED,Pista Premium,380.0,351.6666666666667,PISTA PREMIUM
1659,CAETANO VELOSO,2022-11-27,2022,ESPACO UNIMED,Pista Premium,380.0,351.6666666666667,PISTA PREMIUM
1661,ZE RAMALHO,2022-12-03,2022,TOKIO MARINE HALL,Pista Premium,200.0,213.33333333333334,PISTA PREMIUM
1664,TITAS,2022-12-04,2022,TOKIO MARINE HALL,Pista Premium,800.0,600.0,PISTA PREMIUM
1666,HARRY STYLES,2022-12-06,2022,ALLIANZ PARQUE,Pista Premium,668.0,498.0,PISTA PREMIUM
1667,EROS RAMAZZOTTI,2022-12-09,2022,VIBRA SAO PAULO,Pista Premium,425.0,392.5,PISTA PREMIUM
1677,HARRY STYLES,2022-12-13,2022,ALLIANZ PARQUE,Pista Premium,751.0,564.3333333333334,PISTA PREMIUM
1678,HARRY STYLES,2022-12-14,2022,ALLIANZ PARQUE,Pista Premium,751.0,564.3333333333334,PISTA PREMIUM
1680,JUDAS PRIEST,2022-12-15,2022,VIBRA SAO PAULO,Pista Premium,690.0,485.0,PISTA PREMIUM
1681,PANTERA,2022-12-15,2022,VIBRA SAO PAULO,Pista Premium,690.0,485.0,PISTA PREMIUM
1682,BRING ME THE HORIZON,2022-12-16,2022,VIBRA SAO PAULO,Pista Premium,790.0,480.0,PISTA PREMIUM
1683,JORGE & MATEUS,2022-12-17,2022,NOVO ANHANGABAU,Pista Premium,920.0,685.0,PISTA PREMIUM
1684,PEDRO SAMPAIO,2022-12-17,2022,NOVO ANHANGABAU,Pista Premium,920.0,685.0,PISTA PREMIUM
1685,WESLEY SAFADAO,2022-12-17,2022,NOVO ANHANGABAU,Pista Premium,920.0,685.0,PISTA PREMIUM
1697,ROUPA NOVA,2023-01-14,2023,VIBRA SAO PAULO,Pista Premium,390.0,245.0,PISTA PREMIUM
1702,JACK JOHNSON,2023-01-18,2023,ESPACO UNIMED,Pista Premium,585.5,568.0,PISTA PREMIUM
1703,NCT 127,2023-01-18,2023,VIBRA SAO PAULO,Pista Premium,900.0,612.0,PISTA PREMIUM
1704,NCT 127,2023-01-19,2023,VIBRA SAO PAULO,Pista Premium,900.0,612.0,PISTA PREMIUM
1705,EMICIDA,2023-01-20,2023,ESPACO UNIMED,Pista Premium,350.0,300.0,PISTA PREMIUM
1706,NCT 127,2023-01-20,2023,VIBRA SAO PAULO,Pista Premium,900.0,612.0,PISTA PREMIUM
1711,BACKSTREET BOYS,2023-01-27,2023,ALLIANZ PARQUE,Pista Premium,720.0,582.5,PISTA PREMIUM
1712,LUISA SONZA,2023-01-27,2023,ESPACO UNIMED,Pista Premium,220.0,250.0,PISTA PREMIUM
1713,BACKSTREET BOYS,2023-01-28,2023,ALLIANZ PARQUE,Pista Premium,720.0,582.5,PISTA PREMIUM
1715,CLAUDIA LEITTE,2023-02-04,2023,ALLIANZ PARQUE,Pista Premium,190.0,210.0,PISTA PREMIUM
1716,DUBDOGZ,2023-02-04,2023,ALLIANZ PARQUE,Pista Premium,190.0,210.0,PISTA PREMIUM
1717,GLORIA GROOVE,2023-02-04,2023,ALLIANZ PARQUE,Pista Premium,190.0,210.0,PISTA PREMIUM
1718,LUISA SONZA,2023-02-04,2023,ALLIANZ PARQUE,Pista Premium,190.0,210.0,PISTA PREMIUM
1721,SUPER JUNIOR,2023-02-09,2023,ESPACO UNIMED,Pista Premium,900.0,785.0,PISTA PREMIUM
1722,EMICIDA,2023-02-10,2023,ESPACO UNIMED,Pista Premium,350.0,300.0,PISTA PREMIUM
1727,EMICIDA,2023-02-12,2023,ESPACO UNIMED,Pista Premium,350.0,300.0,PISTA PREMIUM
1734,ALOK,2023-02-20,2023,JOCKEY CLUB,Pista Premium,620.0,495.0,PISTA PREMIUM
1735,LEO SANTANA,2023-02-20,2023,JOCKEY CLUB,Pista Premium,620.0,495.0,PISTA PREMIUM
1740,IMAGINE DRAGONS,2023-02-28,2023,ALLIANZ PARQUE,Pista Premium,940.0,928.3333333333334,PISTA PREMIUM
1741,BIG TIME RUSH,2023-03-03,2023,ESPACO UNIMED,Pista Premium,650.0,585.0,PISTA PREMIUM
1742,CHICO BUARQUE,2023-03-04,2023,TOKIO MARINE HALL,Pista Premium,700.0,374.0,PISTA PREMIUM
1743,JOTA QUEST,2023-03-04,2023,ESPACO UNIMED,Pista Premium,280.0,250.0,PISTA PREMIUM
1744,CHICO BUARQUE,2023-03-05,2023,TOKIO MARINE HALL,Pista Premium,700.0,374.0,PISTA PREMIUM
1745,DEF LEPPARD,2023-03-07,2023,ALLIANZ PARQUE,Pista Premium,1180.0,1538.5714285714287,PISTA PREMIUM
1746,MOTLEY CRUE,2023-03-07,2023,ALLIANZ PARQUE,Pista Premium,1180.0,1538.5714285714287,PISTA PREMIUM
1747,COLDPLAY,2023-03-10,2023,ESTADIO DO MORUMBI,Pista Premium,980.0,702.5,PISTA PREMIUM
1748,COLDPLAY,2023-03-11,2023,ESTADIO DO MORUMBI,Pista Premium,980.0,702.5,PISTA PREMIUM
1750,COLDPLAY,2023-03-13,2023,ESTADIO DO MORUMBI,Pista Premium,980.0,702.5,PISTA PREMIUM
1751,COLDPLAY,2023-03-14,2023,ESTADIO DO MORUMBI,Pista Premium,980.0,702.5,PISTA PREMIUM
1752,THE BLACK CROWES,2023-03-14,2023,ESPACO UNIMED,Pista Premium,600.0,562.5,PISTA PREMIUM
1753,COLDPLAY,2023-03-17,2023,ESTADIO DO MORUMBI,Pista Premium,980.0,702.5,PISTA PREMIUM
1755,COLDPLAY,2023-03-18,2023,ESTADIO DO MORUMBI,Pista Premium,980.0,702.5,PISTA PREMIUM
1757,LUDOVICO EINAUDI,2023-03-19,2023,VIBRA SAO PAULO,Pista Premium,350.0,563.3333333333334,PISTA PREMIUM
1775,CHICO BUARQUE,2023-03-25,2023,TOKIO MARINE HALL,Pista Premium,700.0,374.0,PISTA PREMIUM
1803,CHICO BUARQUE,2023-03-30,2023,TOKIO MARINE HALL,Pista Premium,700.0,374.0,PISTA PREMIUM
1805,BK,2023-04-02,2023,ESPACO UNIMED,Pista Premium,640.0,540.0,PISTA PREMIUM
1806,TASHA & TRACIE,2023-04-02,2023,ESPACO UNIMED,Pista Premium,640.0,540.0,PISTA PREMIUM
1807,WU-TANG CLAN,2023-04-02,2023,ESPACO UNIMED,Pista Premium,640.0,540.0,PISTA PREMIUM
1809,CHICO BUARQUE,2023-04-07,2023,TOKIO MARINE HALL,Pista Premium,700.0,374.0,PISTA PREMIUM
1810,PIERCE THE VEIL,2023-04-09,2023,AUDIO,Pista Premium,640.0,592.5,PISTA PREMIUM
1811,ALCEU VALENCA,2023-04-20,2023,ESPACO UNIMED,Pista Premium,600.0,726.6666666666666,PISTA PREMIUM
1812,FALAMANSA,2023-04-20,2023,ESPACO UNIMED,Pista Premium,600.0,726.6666666666666,PISTA PREMIUM
1813,ALAN WALKER,2023-04-21,2023,VALE DO ANHANGABAU,Pista Premium,1500.0,1125.0,PISTA PREMIUM
1814,MARSHMELLO,2023-04-21,2023,VALE DO ANHANGABAU,Pista Premium,1500.0,1125.0,PISTA PREMIUM
1815,OLIVER HELDENS,2023-04-21,2023,VALE DO ANHANGABAU,Pista Premium,1500.0,1125.0,PISTA PREMIUM
1816,TIMMY TRUMPET,2023-04-21,2023,VALE DO ANHANGABAU,Pista Premium,1500.0,1125.0,PISTA PREMIUM
1817,ABOVE & BEYOND,2023-04-22,2023,VALE DO ANHANGABAU,Pista Premium,1500.0,1125.0,PISTA PREMIUM
1818,AXWELL,2023-04-22,2023,VALE DO ANHANGABAU,Pista Premium,1500.0,1125.0,PISTA PREMIUM
1819,DEEP PURPLE,2023-04-22,2023,ALLIANZ PARQUE,Pista Premium,1180.0,780.0,PISTA PREMIUM
1820,DJ SNAKE,2023-04-22,2023,VALE DO ANHANGABAU,Pista Premium,1500.0,1125.0,PISTA PREMIUM
1821,HELLOWEEN,2023-04-22,2023,ALLIANZ PARQUE,Pista Premium,1180.0,780.0,PISTA PREMIUM
1822,KISS,2023-04-22,2023,ALLIANZ PARQUE,Pista Premium,1180.0,780.0,PISTA PREMIUM
1823,NICKY ROMERO,2023-04-22,2023,VALE DO ANHANGABAU,Pista Premium,1500.0,1125.0,PISTA PREMIUM
1824,SCORPIONS,2023-04-22,2023,ALLIANZ PARQUE,Pista Premium,1180.0,780.0,PISTA PREMIUM
1825,VINI VICI,2023-04-22,2023,VALE DO ANHANGABAU,Pista Premium,1500.0,1125.0,PISTA PREMIUM
1827,PERICLES,2023-04-28,2023,ESPACO UNIMED,Pista Premium,240.0,220.0,PISTA PREMIUM
1828,APOCALYPTICA,2023-04-29,2023,MEMORIAL DA AMERICA LATINA,Pista Premium,600.0,533.3333333333334,PISTA PREMIUM
1829,LAMB OF GOD,2023-04-29,2023,MEMORIAL DA AMERICA LATINA,Pista Premium,600.0,533.3333333333334,PISTA PREMIUM
1830,SEPULTURA,2023-04-29,2023,MEMORIAL DA AMERICA LATINA,Pista Premium,600.0,533.3333333333334,PISTA PREMIUM
1831,SKID ROW,2023-04-29,2023,MEMORIAL DA AMERICA LATINA,Pista Premium,600.0,533.3333333333334,PISTA PREMIUM
1832,STONE TEMPLE PILOTS,2023-04-29,2023,MEMORIAL DA AMERICA LATINA,Pista Premium,600.0,533.3333333333334,PISTA PREMIUM
1833,BEAST IN BLACK,2023-04-30,2023,MEMORIAL DA AMERICA LATINA,Pista Premium,600.0,533.3333333333334,PISTA PREMIUM
1834,JOAO GOMES,2023-04-30,2023,SAMBODROMO DO ANHEMBI,Pista Premium,160.0,2093.3333333333335,PISTA PREMIUM
1835,LUISA SONZA,2023-04-30,2023,SAMBODROMO DO ANHEMBI,Pista Premium,160.0,2093.3333333333335,PISTA PREMIUM
1836,MARI FERNANDEZ,2023-04-30,2023,SAMBODROMO DO ANHEMBI,Pista Premium,160.0,2093.3333333333335,PISTA PREMIUM
1837,NATTAN,2023-04-30,2023,SAMBODROMO DO ANHEMBI,Pista Premium,160.0,2093.3333333333335,PISTA PREMIUM
1838,PARKWAY DRIVE,2023-04-30,2023,MEMORIAL DA AMERICA LATINA,Pista Premium,600.0,533.3333333333334,PISTA PREMIUM
1839,TARCISIO DO ACORDEON,2023-04-30,2023,SAMBODROMO DO ANHEMBI,Pista Premium,160.0,2093.3333333333335,PISTA PREMIUM
1840,VITOR FERNANDES,2023-04-30,2023,SAMBODROMO DO ANHEMBI,Pista Premium,160.0,2093.3333333333335,PISTA PREMIUM
1841,XAND AVIAO,2023-04-30,2023,SAMBODROMO DO ANHEMBI,Pista Premium,160.0,2093.3333333333335,PISTA PREMIUM
1842,ALICIA KEYS,2023-05-05,2023,ALLIANZ PARQUE,Pista Premium,880.0,782.0,PISTA PREMIUM
1843,EDSON & HUDSON,2023-05-05,2023,ESPACO UNIMED,Pista Premium,380.0,370.0,PISTA PREMIUM
1845,ARMANDINHO,2023-05-06,2023,DISTRITO ANHEMBI,Pista Premium,300.0,250.0,PISTA PREMIUM
1846,FILIPE RET,2023-05-06,2023,DISTRITO ANHEMBI,Pista Premium,300.0,250.0,PISTA PREMIUM
1847,GLORIA GROOVE,2023-05-06,2023,DISTRITO ANHEMBI,Pista Premium,300.0,250.0,PISTA PREMIUM
1848,LEGIAO URBANA,2023-05-06,2023,ESPACO UNIMED,Pista Premium,220.0,220.0,PISTA PREMIUM
1849,LOURENA,2023-05-06,2023,DISTRITO ANHEMBI,Pista Premium,300.0,250.0,PISTA PREMIUM
1850,MATUE,2023-05-06,2023,DISTRITO ANHEMBI,Pista Premium,300.0,250.0,PISTA PREMIUM
1851,MC CABELINHO,2023-05-06,2023,DISTRITO ANHEMBI,Pista Premium,300.0,250.0,PISTA PREMIUM
1852,OROCHI,2023-05-06,2023,DISTRITO ANHEMBI,Pista Premium,300.0,250.0,PISTA PREMIUM
1853,TASHA & TRACIE,2023-05-06,2023,DISTRITO ANHEMBI,Pista Premium,300.0,250.0,PISTA PREMIUM
1854,TETO,2023-05-06,2023,DISTRITO ANHEMBI,Pista Premium,300.0,250.0,PISTA PREMIUM
1855,WIZ KHALIFA,2023-05-06,2023,DISTRITO ANHEMBI,Pista Premium,300.0,250.0,PISTA PREMIUM
1856,CHASE ATLANTIC,2023-05-07,2023,DISTRITO ANHEMBI,Pista Premium,300.0,250.0,PISTA PREMIUM
1857,ICE CUBE,2023-05-07,2023,DISTRITO ANHEMBI,Pista Premium,300.0,250.0,PISTA PREMIUM
1858,RACIONAIS MC'S,2023-05-07,2023,DISTRITO ANHEMBI,Pista Premium,300.0,250.0,PISTA PREMIUM
1861,DANIEL,2023-05-14,2023,VIBRA SAO PAULO,Pista Premium,170.0,202.5,PISTA PREMIUM
1862,JACKSON WANG,2023-05-15,2023,ESPACO UNIMED,Pista Premium,850.0,852.5,PISTA PREMIUM
1863,DANIEL,2023-05-19,2023,VIBRA SAO PAULO,Pista Premium,170.0,202.5,PISTA PREMIUM
1864,DJAVAN,2023-05-20,2023,ESPACO UNIMED,Pista Premium,595.0,601.6666666666666,PISTA PREMIUM
1866,TIAGO IORC,2023-05-27,2023,VIBRA SAO PAULO,Pista Premium,320.0,220.0,PISTA PREMIUM
1867,ZE RAMALHO,2023-05-27,2023,ESPACO UNIMED,Pista Premium,280.0,253.33333333333334,PISTA PREMIUM
1872,BADBADNOTGOOD,2023-06-03,2023,NOVO ANHANGABAU,Pista Premium,2200.0,1525.0,PISTA PREMIUM
1873,DJONGA,2023-06-03,2023,NOVO ANHANGABAU,Pista Premium,2200.0,1525.0,PISTA PREMIUM
1874,FLUME,2023-06-03,2023,NOVO ANHANGABAU,Pista Premium,2200.0,1525.0,PISTA PREMIUM
1875,LANA DEL REY,2023-06-03,2023,NOVO ANHANGABAU,Pista Premium,2200.0,1525.0,PISTA PREMIUM
1876,LULU SANTOS,2023-06-03,2023,ESPACO UNIMED,Pista Premium,320.0,260.0,PISTA PREMIUM
1877,NATIRUTS,2023-06-03,2023,NOVO ANHANGABAU,Pista Premium,2200.0,1525.0,PISTA PREMIUM
1878,CAPITAL INICIAL,2023-06-04,2023,NOVO ANHANGABAU,Pista Premium,1990.0,1420.0,PISTA PREMIUM
1879,FLORENCE + THE MACHINE,2023-06-04,2023,NOVO ANHANGABAU,Pista Premium,1990.0,1420.0,PISTA PREMIUM
1880,HAIM,2023-06-04,2023,NOVO ANHANGABAU,Pista Premium,1990.0,1420.0,PISTA PREMIUM
1881,SABRINA CARPENTER,2023-06-04,2023,NOVO ANHANGABAU,Pista Premium,1990.0,1420.0,PISTA PREMIUM
1890,TITAS,2023-06-16,2023,ALLIANZ PARQUE,Pista Premium,450.0,539.1666666666666,PISTA PREMIUM
1891,TITAS,2023-06-17,2023,ALLIANZ PARQUE,Pista Premium,450.0,539.1666666666666,PISTA PREMIUM
1892,TITAS,2023-06-18,2023,ALLIANZ PARQUE,Pista Premium,450.0,539.1666666666666,PISTA PREMIUM
1893,CHITAOZINHO & XORORO,2023-06-23,2023,ESPACO UNIMED,Pista Premium,600.0,525.0,PISTA PREMIUM
1894,CHITAOZINHO & XORORO,2023-06-24,2023,ESPACO UNIMED,Pista Premium,600.0,525.0,PISTA PREMIUM
1895,TITAS,2023-06-27,2023,VIBRA SAO PAULO,Pista Premium,480.0,380.0,PISTA PREMIUM
1899,NCT DREAM,2023-07-04,2023,VIBRA SAO PAULO,Pista Premium,950.0,636.0,PISTA PREMIUM
1901,JEFF SATUR,2023-07-07,2023,ESPACO UNIMED,Pista Premium,840.0,817.5,PISTA PREMIUM
1902,ROBERTO CARLOS,2023-07-07,2023,VIBRA SAO PAULO,Pista Premium,1000.0,675.0,PISTA PREMIUM
1903,ROBERTO CARLOS,2023-07-08,2023,VIBRA SAO PAULO,Pista Premium,1000.0,675.0,PISTA PREMIUM
1904,MARISA MONTE,2023-07-14,2023,ESPACO UNIMED,Pista Premium,420.0,340.0,PISTA PREMIUM
1905,MARISA MONTE,2023-07-15,2023,ESPACO UNIMED,Pista Premium,420.0,340.0,PISTA PREMIUM
1906,MARISA MONTE,2023-07-21,2023,ESPACO UNIMED,Pista Premium,420.0,340.0,PISTA PREMIUM
1907,P1HARMONY,2023-07-21,2023,TOKIO MARINE HALL,Pista Premium,490.0,437.14285714285717,PISTA PREMIUM
1908,MARISA MONTE,2023-07-22,2023,ESPACO UNIMED,Pista Premium,420.0,340.0,PISTA PREMIUM
1909,5 SECONDS OF SUMMER,2023-07-25,2023,ESPACO UNIMED,Pista Premium,680.0,635.0,PISTA PREMIUM
1913,ZEZE DI CAMARGO & LUCIANO,2023-08-04,2023,ESPACO UNIMED,Pista Premium,380.0,360.0,PISTA PREMIUM
1917,ANA CASTELA,2023-08-19,2023,SAMBODROMO DO ANHEMBI,Pista Premium,320.0,258.0,PISTA PREMIUM
1918,BRUNO & MARRONE,2023-08-19,2023,SAMBODROMO DO ANHEMBI,Pista Premium,320.0,258.0,PISTA PREMIUM
1919,GUSTAVO MIOTO,2023-08-19,2023,SAMBODROMO DO ANHEMBI,Pista Premium,320.0,258.0,PISTA PREMIUM
1920,JOAO GOMES,2023-08-19,2023,SAMBODROMO DO ANHEMBI,Pista Premium,320.0,258.0,PISTA PREMIUM
1921,MAIARA & MARAISA,2023-08-19,2023,SAMBODROMO DO ANHEMBI,Pista Premium,320.0,258.0,PISTA PREMIUM
1922,MARI FERNANDEZ,2023-08-19,2023,SAMBODROMO DO ANHEMBI,Pista Premium,320.0,258.0,PISTA PREMIUM
1923,PEDRO SAMPAIO,2023-08-19,2023,SAMBODROMO DO ANHEMBI,Pista Premium,320.0,258.0,PISTA PREMIUM
1924,ZE NETO & CRISTIANO,2023-08-19,2023,SAMBODROMO DO ANHEMBI,Pista Premium,320.0,258.0,PISTA PREMIUM
1929,DILSINHO,2023-09-01,2023,ESPACO UNIMED,Pista Premium,100.0,116.66666666666667,PISTA PREMIUM
1974,AESPA,2023-09-11,2023,ESPACO UNIMED,Pista Premium,940.0,807.5,PISTA PREMIUM
1975,GILBERTO GIL,2023-09-14,2023,ESPACO UNIMED,Pista Premium,530.0,396.6666666666667,PISTA PREMIUM
1976,EDSON & HUDSON,2023-09-15,2023,VILLA COUNTRY,Pista Premium,150.0,602.0,PISTA PREMIUM
1977,GILBERTO GIL,2023-09-15,2023,ESPACO UNIMED,Pista Premium,530.0,396.6666666666667,PISTA PREMIUM
1980,GILBERTO GIL,2023-09-16,2023,ESPACO UNIMED,Pista Premium,530.0,396.6666666666667,PISTA PREMIUM
1982,GHOST,2023-09-20,2023,ESPACO UNIMED,Pista Premium,580.0,550.0,PISTA PREMIUM
1983,GHOST,2023-09-21,2023,ESPACO UNIMED,Pista Premium,580.0,550.0,PISTA PREMIUM
1984,LYNYRD SKYNYRD,2023-09-22,2023,ESPACO UNIMED,Pista Premium,750.0,701.25,PISTA PREMIUM
1990,IVETE SANGALO,2023-09-30,2023,ALLIANZ PARQUE,Pista Premium,840.0,720.0,PISTA PREMIUM
1991,ROD STEWART,2023-09-30,2023,ALLIANZ PARQUE,Pista Premium,840.0,720.0,PISTA PREMIUM
1992,RAIMUNDOS,2023-10-06,2023,VIBRA SAO PAULO,Pista Premium,250.0,200.0,PISTA PREMIUM
1994,KAYTRANADA,2023-10-10,2023,ALLIANZ PARQUE,Pista Premium,750.0,620.0,PISTA PREMIUM
1995,THE WEEKND,2023-10-10,2023,ALLIANZ PARQUE,Pista Premium,750.0,620.0,PISTA PREMIUM
1996,KAYTRANADA,2023-10-11,2023,ALLIANZ PARQUE,Pista Premium,750.0,620.0,PISTA PREMIUM
1997,RACA NEGRA,2023-10-11,2023,ESPACO UNIMED,Pista Premium,240.0,227.5,PISTA PREMIUM
1998,THE WEEKND,2023-10-11,2023,ALLIANZ PARQUE,Pista Premium,750.0,620.0,PISTA PREMIUM
1999,EVANESCENCE,2023-10-21,2023,ALLIANZ PARQUE,Pista Premium,650.0,975.6,PISTA PREMIUM
2000,JORGE BEN JOR,2023-10-21,2023,ESPACO UNIMED,Pista Premium,130.0,156.66666666666666,PISTA PREMIUM
2001,ROBERTO CARLOS,2023-10-26,2023,ESPACO UNIMED,Pista Premium,480.0,554.0,PISTA PREMIUM
2002,ROBERTO CARLOS,2023-10-28,2023,ESPACO UNIMED,Pista Premium,480.0,554.0,PISTA PREMIUM
2003,ROBERTO CARLOS,2023-10-29,2023,ESPACO UNIMED,Pista Premium,480.0,554.0,PISTA PREMIUM
2004,MANESKIN,2023-11-03,2023,ESPACO UNIMED,Pista Premium,700.0,687.5,PISTA PREMIUM
2005,ALCEU VALENCA,2023-11-04,2023,TOKIO MARINE HALL,Pista Premium,580.0,410.0,PISTA PREMIUM
2006,HALSEY,2023-11-04,2023,ALLIANZ PARQUE,Pista Premium,990.0,896.0,PISTA PREMIUM
2007,MGK,2023-11-04,2023,ALLIANZ PARQUE,Pista Premium,990.0,896.0,PISTA PREMIUM
2008,SWEDISH HOUSE MAFIA,2023-11-04,2023,ALLIANZ PARQUE,Pista Premium,990.0,896.0,PISTA PREMIUM
2013,THE LUMINEERS,2023-11-05,2023,ESPACO UNIMED,Pista Premium,720.0,586.0,PISTA PREMIUM
2015,ALTER BRIDGE,2023-11-08,2023,ESPACO UNIMED,Pista Premium,500.0,450.0,PISTA PREMIUM
2017,IN FLAMES,2023-11-09,2023,TOKIO MARINE HALL,Pista Premium,600.0,392.0,PISTA PREMIUM
2018,JORGE DREXLER,2023-11-09,2023,ESPACO UNIMED,Pista Premium,420.0,362.5,PISTA PREMIUM
2019,LULU SANTOS,2023-11-10,2023,TOKIO MARINE HALL,Pista Premium,350.0,310.0,PISTA PREMIUM
2021,RED HOT CHILI PEPPERS,2023-11-10,2023,ESTADIO DO MORUMBI,Pista Premium,880.0,626.0,PISTA PREMIUM
2023,RBD,2023-11-12,2023,ESTADIO DO MORUMBI,Pista Premium,850.0,570.0,PISTA PREMIUM
2024,RBD,2023-11-13,2023,ESTADIO DO MORUMBI,Pista Premium,850.0,570.0,PISTA PREMIUM
2025,ALANIS MORISSETTE,2023-11-14,2023,ALLIANZ PARQUE,Pista Premium,760.0,600.0,PISTA PREMIUM
2026,GOJIRA,2023-11-14,2023,ESPACO UNIMED,Pista Premium,690.0,685.0,PISTA PREMIUM
2027,PITTY,2023-11-14,2023,ALLIANZ PARQUE,Pista Premium,760.0,600.0,PISTA PREMIUM
2028,RBD,2023-11-16,2023,ALLIANZ PARQUE,Pista Premium,850.0,577.5,PISTA PREMIUM
2029,GLORIA GROOVE,2023-11-17,2023,ESPACO UNIMED,Pista Premium,220.0,245.0,PISTA PREMIUM
2031,RBD,2023-11-17,2023,ALLIANZ PARQUE,Pista Premium,850.0,577.5,PISTA PREMIUM
2033,RBD,2023-11-18,2023,ALLIANZ PARQUE,Pista Premium,850.0,577.5,PISTA PREMIUM
2034,RBD,2023-11-19,2023,ALLIANZ PARQUE,Pista Premium,850.0,577.5,PISTA PREMIUM
2035,SABRINA CARPENTER,2023-11-24,2023,ALLIANZ PARQUE,Pista Premium,1050.0,632.0,PISTA PREMIUM
2036,TAYLOR SWIFT,2023-11-24,2023,ALLIANZ PARQUE,Pista Premium,1050.0,632.0,PISTA PREMIUM
2038,SABRINA CARPENTER,2023-11-25,2023,ALLIANZ PARQUE,Pista Premium,1050.0,632.0,PISTA PREMIUM
2039,TAYLOR SWIFT,2023-11-25,2023,ALLIANZ PARQUE,Pista Premium,1050.0,632.0,PISTA PREMIUM
2040,SABRINA CARPENTER,2023-11-26,2023,ALLIANZ PARQUE,Pista Premium,1050.0,632.0,PISTA PREMIUM
2041,TAYLOR SWIFT,2023-11-26,2023,ALLIANZ PARQUE,Pista Premium,1050.0,632.0,PISTA PREMIUM
2045,MARISA MONTE,2023-12-02,2023,AUTODROMO DE INTERLAGOS,Pista Premium,2000.0,1495.0,PISTA PREMIUM
2046,PET SHOP BOYS,2023-12-02,2023,AUTODROMO DE INTERLAGOS,Pista Premium,2000.0,1495.0,PISTA PREMIUM
2047,SLOWDIVE,2023-12-02,2023,AUTODROMO DE INTERLAGOS,Pista Premium,2000.0,1495.0,PISTA PREMIUM
2048,THE HIVES,2023-12-02,2023,AUTODROMO DE INTERLAGOS,Pista Premium,2000.0,1495.0,PISTA PREMIUM
2049,THE KILLERS,2023-12-02,2023,AUTODROMO DE INTERLAGOS,Pista Premium,2000.0,1495.0,PISTA PREMIUM
2050,ANAVITORIA,2023-12-03,2023,ESPACO UNIMED,Pista Premium,150.0,196.66666666666666,PISTA PREMIUM
2051,BAD RELIGION,2023-12-03,2023,AUTODROMO DE INTERLAGOS,Pista Premium,2000.0,1495.0,PISTA PREMIUM
2052,BECK,2023-12-03,2023,AUTODROMO DE INTERLAGOS,Pista Premium,2000.0,1495.0,PISTA PREMIUM
2053,CARLY RAE JEPSEN,2023-12-03,2023,AUTODROMO DE INTERLAGOS,Pista Premium,2000.0,1495.0,PISTA PREMIUM
2054,MARINA SENA,2023-12-03,2023,AUTODROMO DE INTERLAGOS,Pista Premium,2000.0,1495.0,PISTA PREMIUM
2055,MU540,2023-12-03,2023,AUTODROMO DE INTERLAGOS,Pista Premium,2000.0,1495.0,PISTA PREMIUM
2056,THE CURE,2023-12-03,2023,AUTODROMO DE INTERLAGOS,Pista Premium,2000.0,1495.0,PISTA PREMIUM
2060,PAUL MCCARTNEY,2023-12-07,2023,ALLIANZ PARQUE,Pista Premium,990.0,745.0,PISTA PREMIUM
2062,DJAVAN,2023-12-09,2023,VIBRA SAO PAULO,Pista Premium,595.0,405.0,PISTA PREMIUM
2065,PAUL MCCARTNEY,2023-12-09,2023,ALLIANZ PARQUE,Pista Premium,990.0,745.0,PISTA PREMIUM
2069,LIL DURK,2023-12-10,2023,NEO QUIMICA ARENA,Pista Premium,735.0,540.0,PISTA PREMIUM
2070,MATUE,2023-12-10,2023,NEO QUIMICA ARENA,Pista Premium,735.0,540.0,PISTA PREMIUM
2071,PAUL MCCARTNEY,2023-12-10,2023,ALLIANZ PARQUE,Pista Premium,990.0,745.0,PISTA PREMIUM
2072,RODDY RICCH,2023-12-10,2023,NEO QUIMICA ARENA,Pista Premium,735.0,540.0,PISTA PREMIUM
2073,TETO,2023-12-10,2023,NEO QUIMICA ARENA,Pista Premium,735.0,540.0,PISTA PREMIUM
2074,YUNK VINO,2023-12-10,2023,NEO QUIMICA ARENA,Pista Premium,735.0,540.0,PISTA PREMIUM
2075,ZECA PAGODINHO,2023-12-15,2023,VIBRA SAO PAULO,Pista Premium,300.0,326.6666666666667,PISTA PREMIUM
2077,TITAS,2023-12-21,2023,ALLIANZ PARQUE,Pista Premium,450.0,539.1666666666666,PISTA PREMIUM
2078,TITAS,2023-12-22,2023,ALLIANZ PARQUE,Pista Premium,450.0,539.1666666666666,PISTA PREMIUM
2079,TITAS,2023-12-23,2023,ALLIANZ PARQUE,Pista Premium,450.0,539.1666666666666,PISTA PREMIUM
2081,JAO,2024-01-20,2024,ALLIANZ PARQUE,Pista Premium,350.0,400.8333333333333,PISTA PREMIUM
2082,JAO,2024-01-21,2024,ALLIANZ PARQUE,Pista Premium,350.0,400.8333333333333,PISTA PREMIUM
2090,GLORIA GROOVE,2024-01-27,2024,ALLIANZ PARQUE,Pista Premium,490.0,464.0,PISTA PREMIUM
2091,MAIARA & MARAISA,2024-01-27,2024,ALLIANZ PARQUE,Pista Premium,490.0,464.0,PISTA PREMIUM
2099,TWICE,2024-02-06,2024,ALLIANZ PARQUE,Pista Premium,880.0,626.0,PISTA PREMIUM
2100,TWICE,2024-02-07,2024,ALLIANZ PARQUE,Pista Premium,880.0,626.0,PISTA PREMIUM
2103,SIMPLE PLAN,2024-03-01,2024,VIBRA SAO PAULO,Pista Premium,780.0,556.6666666666666,PISTA PREMIUM
2104,ZE RAMALHO,2024-03-01,2024,ESPACO UNIMED,Pista Premium,280.0,253.33333333333334,PISTA PREMIUM
2105,A DAY TO REMEMBER,2024-03-02,2024,ALLIANZ PARQUE,Pista Premium,650.0,786.6666666666666,PISTA PREMIUM
2106,ALL TIME LOW,2024-03-02,2024,ALLIANZ PARQUE,Pista Premium,650.0,786.6666666666666,PISTA PREMIUM
2107,ASKING ALEXANDRIA,2024-03-02,2024,ALLIANZ PARQUE,Pista Premium,650.0,786.6666666666666,PISTA PREMIUM
2108,BOYS LIKE GIRLS,2024-03-02,2024,ALLIANZ PARQUE,Pista Premium,650.0,786.6666666666666,PISTA PREMIUM
2110,LAURA PAUSINI,2024-03-02,2024,ESPACO UNIMED,Pista Premium,800.0,716.6666666666666,PISTA PREMIUM
2111,MAYDAY PARADE,2024-03-02,2024,ALLIANZ PARQUE,Pista Premium,650.0,786.6666666666666,PISTA PREMIUM
2112,PITTY,2024-03-02,2024,ALLIANZ PARQUE,Pista Premium,650.0,786.6666666666666,PISTA PREMIUM
2113,PLAIN WHITE T'S,2024-03-02,2024,ALLIANZ PARQUE,Pista Premium,650.0,786.6666666666666,PISTA PREMIUM
2114,SIMPLE PLAN,2024-03-02,2024,ALLIANZ PARQUE,Pista Premium,650.0,786.6666666666666,PISTA PREMIUM
2115,THE ALL-AMERICAN REJECTS,2024-03-02,2024,ALLIANZ PARQUE,Pista Premium,650.0,786.6666666666666,PISTA PREMIUM
2116,THE USED,2024-03-02,2024,ALLIANZ PARQUE,Pista Premium,650.0,786.6666666666666,PISTA PREMIUM
2117,LAURA PAUSINI,2024-03-03,2024,ESPACO UNIMED,Pista Premium,800.0,716.6666666666666,PISTA PREMIUM
2118,BAMBAM,2024-03-05,2024,VIBRA SAO PAULO,Pista Premium,790.0,1001.6666666666666,PISTA PREMIUM
2120,MARIA BETHANIA,2024-03-09,2024,ESPACO UNIMED,Pista Premium,980.0,796.0,PISTA PREMIUM
2121,MARIA BETHANIA,2024-03-10,2024,ESPACO UNIMED,Pista Premium,980.0,796.0,PISTA PREMIUM
2165,WESTLIFE,2024-03-24,2024,ESPACO UNIMED,Pista Premium,720.0,672.5,PISTA PREMIUM
2168,OS PARALAMAS DO SUCESSO,2024-04-06,2024,ESPACO UNIMED,Pista Premium,395.0,247.5,PISTA PREMIUM
2169,SO PRA CONTRARIAR,2024-04-06,2024,ALLIANZ PARQUE,Pista Premium,220.0,185.0,PISTA PREMIUM
2171,PITTY,2024-04-12,2024,ESPACO UNIMED,Pista Premium,140.0,156.66666666666666,PISTA PREMIUM
2174,PITTY,2024-04-14,2024,ESPACO UNIMED,Pista Premium,140.0,156.66666666666666,PISTA PREMIUM
2175,JONAS BROTHERS,2024-04-16,2024,ALLIANZ PARQUE,Pista Premium,740.0,517.5,PISTA PREMIUM
2176,TURNSTILE,2024-04-16,2024,TOKIO MARINE HALL,Pista Premium,520.0,736.6666666666666,PISTA PREMIUM
2177,TOM JONES,2024-04-17,2024,ESPACO UNIMED,Pista Premium,880.0,790.0,PISTA PREMIUM
2178,MEGADETH,2024-04-18,2024,ESPACO UNIMED,Pista Premium,680.0,672.5,PISTA PREMIUM
2179,AIR SUPPLY,2024-04-21,2024,ESPACO UNIMED,Pista Premium,680.0,695.0,PISTA PREMIUM
2180,VANESSA DA MATA,2024-04-27,2024,TOKIO MARINE HALL,Pista Premium,259.0,245.0,PISTA PREMIUM
2181,WITHIN TEMPTATION,2024-04-27,2024,MEMORIAL DA AMERICA LATINA,Pista Premium,665.0,615.0,PISTA PREMIUM
2182,KILLSWITCH ENGAGE,2024-04-28,2024,MEMORIAL DA AMERICA LATINA,Pista Premium,665.0,615.0,PISTA PREMIUM
2183,JESSIE J,2024-04-30,2024,ESPACO UNIMED,Pista Premium,720.0,628.75,PISTA PREMIUM
2184,LULU SANTOS,2024-05-04,2024,ESPACO UNIMED,Pista Premium,320.0,260.0,PISTA PREMIUM
2187,DJAVAN,2024-05-11,2024,ESPACO UNIMED,Pista Premium,595.0,402.5,PISTA PREMIUM
2188,GIANT ROOKS,2024-05-11,2024,ALLIANZ PARQUE,Pista Premium,820.0,630.0,PISTA PREMIUM
2189,LOUIS TOMLINSON,2024-05-11,2024,ALLIANZ PARQUE,Pista Premium,820.0,630.0,PISTA PREMIUM
2190,DJAVAN,2024-05-12,2024,ESPACO UNIMED,Pista Premium,595.0,402.5,PISTA PREMIUM
2191,GILSONS,2024-05-17,2024,ESPACO UNIMED,Pista Premium,140.0,190.0,PISTA PREMIUM
2196,GILSONS,2024-05-19,2024,ESPACO UNIMED,Pista Premium,140.0,190.0,PISTA PREMIUM
2199,EDSON & HUDSON,2024-05-24,2024,TOKIO MARINE HALL,Pista Premium,280.0,240.0,PISTA PREMIUM
2200,LUISA SONZA,2024-05-24,2024,ESPACO UNIMED,Pista Premium,240.0,260.0,PISTA PREMIUM
2203,LUISA SONZA,2024-05-25,2024,ESPACO UNIMED,Pista Premium,240.0,260.0,PISTA PREMIUM
2206,RICHARD CLAYDERMAN,2024-06-06,2024,ESPACO UNIMED,Pista Premium,350.0,325.0,PISTA PREMIUM
2210,ARMANDINHO,2024-06-09,2024,ALLIANZ PARQUE,Pista Premium,490.0,464.0,PISTA PREMIUM
2211,FERRUGEM,2024-06-09,2024,ALLIANZ PARQUE,Pista Premium,490.0,464.0,PISTA PREMIUM
2212,GLORIA GROOVE,2024-06-09,2024,ALLIANZ PARQUE,Pista Premium,490.0,464.0,PISTA PREMIUM
2213,GRUPO MENOS E MAIS,2024-06-09,2024,ALLIANZ PARQUE,Pista Premium,490.0,464.0,PISTA PREMIUM
2214,LEO SANTANA,2024-06-09,2024,ALLIANZ PARQUE,Pista Premium,490.0,464.0,PISTA PREMIUM
2215,LUAN PEREIRA,2024-06-09,2024,ALLIANZ PARQUE,Pista Premium,490.0,464.0,PISTA PREMIUM
2216,LUDMILLA,2024-06-09,2024,ALLIANZ PARQUE,Pista Premium,490.0,464.0,PISTA PREMIUM
2217,LUISA SONZA,2024-06-09,2024,ALLIANZ PARQUE,Pista Premium,490.0,464.0,PISTA PREMIUM
2218,MC DANIEL,2024-06-09,2024,ALLIANZ PARQUE,Pista Premium,490.0,464.0,PISTA PREMIUM
2219,MC DAVI,2024-06-09,2024,ALLIANZ PARQUE,Pista Premium,490.0,464.0,PISTA PREMIUM
2220,MC DON JUAN,2024-06-09,2024,ALLIANZ PARQUE,Pista Premium,490.0,464.0,PISTA PREMIUM
2221,MC HARIEL,2024-06-09,2024,ALLIANZ PARQUE,Pista Premium,490.0,464.0,PISTA PREMIUM
2222,PEDRO SAMPAIO,2024-06-09,2024,ALLIANZ PARQUE,Pista Premium,490.0,464.0,PISTA PREMIUM
2223,TURMA DO PAGODE,2024-06-09,2024,ALLIANZ PARQUE,Pista Premium,490.0,464.0,PISTA PREMIUM
2224,VITOR KLEY,2024-06-09,2024,ALLIANZ PARQUE,Pista Premium,490.0,464.0,PISTA PREMIUM
2225,WIU,2024-06-09,2024,ALLIANZ PARQUE,Pista Premium,490.0,464.0,PISTA PREMIUM
2226,XAMA,2024-06-09,2024,ALLIANZ PARQUE,Pista Premium,490.0,464.0,PISTA PREMIUM
2227,XAND AVIAO,2024-06-09,2024,ALLIANZ PARQUE,Pista Premium,490.0,464.0,PISTA PREMIUM
2228,ZE FELIPE,2024-06-09,2024,ALLIANZ PARQUE,Pista Premium,490.0,464.0,PISTA PREMIUM
2229,ZEZE DI CAMARGO & LUCIANO,2024-06-12,2024,ESPACO UNIMED,Pista Premium,380.0,350.0,PISTA PREMIUM
2231,JOTA QUEST,2024-06-15,2024,ALLIANZ PARQUE,Pista Premium,560.0,422.0,PISTA PREMIUM
2235,IVE,2024-06-26,2024,ESPACO UNIMED,Pista Premium,880.0,835.0,PISTA PREMIUM
2239,CAPITAL INICIAL,2024-06-29,2024,ESPACO UNIMED,Pista Premium,320.0,220.0,PISTA PREMIUM
2240,CAPITAL INICIAL,2024-06-30,2024,ESPACO UNIMED,Pista Premium,320.0,220.0,PISTA PREMIUM
2241,THIAGUINHO,2024-07-06,2024,ESPACO UNIMED,Pista Premium,430.0,333.3333333333333,PISTA PREMIUM
2244,CPM 22,2024-07-13,2024,AUDIO,Pista Premium,400.0,270.0,PISTA PREMIUM
2245,RAIMUNDOS,2024-07-13,2024,TOKIO MARINE HALL,Pista Premium,240.0,180.0,PISTA PREMIUM
2247,XANDE DE PILARES,2024-07-20,2024,ESPACO UNIMED,Pista Premium,280.0,280.0,PISTA PREMIUM
2249,GUSTAVO MIOTO,2024-08-17,2024,DISTRITO ANHEMBI,Pista Premium,920.0,1003.5,PISTA PREMIUM
2250,LEONARDO,2024-08-17,2024,DISTRITO ANHEMBI,Pista Premium,920.0,1003.5,PISTA PREMIUM
2251,MAIARA & MARAISA,2024-08-17,2024,DISTRITO ANHEMBI,Pista Premium,920.0,1003.5,PISTA PREMIUM
2252,NATTAN,2024-08-17,2024,DISTRITO ANHEMBI,Pista Premium,920.0,1003.5,PISTA PREMIUM
2253,PEDRO SAMPAIO,2024-08-17,2024,DISTRITO ANHEMBI,Pista Premium,920.0,1003.5,PISTA PREMIUM
2254,SIMONE MENDES,2024-08-17,2024,DISTRITO ANHEMBI,Pista Premium,920.0,1003.5,PISTA PREMIUM
2255,VITOR FERNANDES,2024-08-17,2024,DISTRITO ANHEMBI,Pista Premium,920.0,1003.5,PISTA PREMIUM
2256,ZE NETO & CRISTIANO,2024-08-17,2024,DISTRITO ANHEMBI,Pista Premium,920.0,1003.5,PISTA PREMIUM
2257,NATIRUTS,2024-08-24,2024,ALLIANZ PARQUE,Pista Premium,390.0,266.6666666666667,PISTA PREMIUM
2258,NATIRUTS,2024-08-25,2024,ALLIANZ PARQUE,Pista Premium,390.0,266.6666666666667,PISTA PREMIUM
2260,NATIRUTS,2024-08-30,2024,ALLIANZ PARQUE,Pista Premium,390.0,266.6666666666667,PISTA PREMIUM
2261,LEGIAO URBANA,2024-08-31,2024,ESPACO UNIMED,Pista Premium,220.0,226.66666666666666,PISTA PREMIUM
2262,NATIRUTS,2024-08-31,2024,ALLIANZ PARQUE,Pista Premium,390.0,266.6666666666667,PISTA PREMIUM
2263,NCT DREAM,2024-09-02,2024,ESPACO UNIMED,Pista Premium,790.0,1051.5,PISTA PREMIUM
2267,SEPULTURA,2024-09-06,2024,ESPACO UNIMED,Pista Premium,250.0,340.0,PISTA PREMIUM
2269,DJ GUUGA,2024-09-07,2024,MORUMBIS,Pista Premium,700.0,710.0,PISTA PREMIUM
2272,SEPULTURA,2024-09-07,2024,ESPACO UNIMED,Pista Premium,250.0,340.0,PISTA PREMIUM
2273,THE WEEKND,2024-09-07,2024,MORUMBIS,Pista Premium,700.0,710.0,PISTA PREMIUM
2274,SEPULTURA,2024-09-08,2024,ESPACO UNIMED,Pista Premium,250.0,340.0,PISTA PREMIUM
2277,TRAVIS SCOTT,2024-09-11,2024,ALLIANZ PARQUE,Pista Premium,890.0,672.5,PISTA PREMIUM
2278,DEEP PURPLE,2024-09-13,2024,ESPACO UNIMED,Pista Premium,700.0,681.25,PISTA PREMIUM
2280,MARIAH CAREY,2024-09-20,2024,ALLIANZ PARQUE,Pista Premium,790.0,502.5,PISTA PREMIUM
2281,GLORIA GAYNOR,2024-09-21,2024,ESPACO UNIMED,Pista Premium,460.0,520.0,PISTA PREMIUM
2284,ERIC CLAPTON,2024-09-29,2024,ALLIANZ PARQUE,Pista Premium,1200.0,757.5,PISTA PREMIUM
2287,BRUNO MARS,2024-10-04,2024,MORUMBIS,Pista Premium,1250.0,802.0,PISTA PREMIUM
2288,BRUNO MARS,2024-10-05,2024,MORUMBIS,Pista Premium,1250.0,802.0,PISTA PREMIUM
2290,BRUNO MARS,2024-10-08,2024,MORUMBIS,Pista Premium,1250.0,802.0,PISTA PREMIUM
2291,BRUNO MARS,2024-10-09,2024,MORUMBIS,Pista Premium,1250.0,802.0,PISTA PREMIUM
2294,BRUNO MARS,2024-10-12,2024,MORUMBIS,Pista Premium,1250.0,802.0,PISTA PREMIUM
2295,NANDO REIS,2024-10-12,2024,ESPACO UNIMED,Pista Premium,160.0,290.0,PISTA PREMIUM
2296,BRUNO MARS,2024-10-13,2024,MORUMBIS,Pista Premium,1250.0,802.0,PISTA PREMIUM
2298,PAUL MCCARTNEY,2024-10-15,2024,ALLIANZ PARQUE,Pista Premium,990.0,745.0,PISTA PREMIUM
2299,THE HIVES,2024-10-15,2024,TOKIO MARINE HALL,Pista Premium,420.0,432.5,PISTA PREMIUM
2300,PAUL MCCARTNEY,2024-10-16,2024,ALLIANZ PARQUE,Pista Premium,990.0,745.0,PISTA PREMIUM
2301,GLORIA GROOVE,2024-10-19,2024,ESPACO UNIMED,Pista Premium,280.0,260.0,PISTA PREMIUM
2309,BABYMETAL,2024-10-21,2024,AUDIO,Pista Premium,440.0,410.0,PISTA PREMIUM
2310,CHITAOZINHO & XORORO,2024-10-23,2024,AUDIO,Pista Premium,975.0,739.0,PISTA PREMIUM
2311,MOTHER MOTHER,2024-10-23,2024,TOKIO MARINE HALL,Pista Premium,620.0,486.0,PISTA PREMIUM
2312,DIONNE WARWICK,2024-10-26,2024,VIBRA SAO PAULO,Pista Premium,700.0,733.3333333333334,PISTA PREMIUM
2316,THE SMASHING PUMPKINS,2024-11-03,2024,ESPACO UNIMED,Pista Premium,690.0,582.5,PISTA PREMIUM
2317,TRAVIS,2024-11-05,2024,AUDIO,Pista Premium,600.0,660.0,PISTA PREMIUM
2318,ERYKAH BADU,2024-11-06,2024,ESPACO UNIMED,Pista Premium,340.0,345.0,PISTA PREMIUM
2319,MARCELO D2,2024-11-06,2024,CENTRO CULTURAL SAO PAULO,Pista Premium,150.0,154.66666666666666,PISTA PREMIUM
2321,MARCELO D2,2024-11-07,2024,CENTRO CULTURAL SAO PAULO,Pista Premium,150.0,154.66666666666666,PISTA PREMIUM
2323,PERICLES,2024-11-08,2024,TERRA SP,Pista Premium,250.0,175.0,PISTA PREMIUM
2324,TITAS,2024-11-08,2024,EXPO CENTER NORTE,Pista Premium,395.0,473.75,PISTA PREMIUM
2325,KEANE,2024-11-09,2024,ESPACO UNIMED,Pista Premium,710.0,665.0,PISTA PREMIUM
2326,RAIMUNDOS,2024-11-09,2024,ESTADIO DO CANINDE,Pista Premium,800.0,523.3333333333334,PISTA PREMIUM
2329,FRANZ FERDINAND,2024-11-14,2024,TOKIO MARINE HALL,Pista Premium,460.0,422.0,PISTA PREMIUM
2330,GRUPO MENOS E MAIS,2024-11-14,2024,ESPACO UNIMED,Pista Premium,200.0,226.66666666666666,PISTA PREMIUM
2332,KOOL & THE GANG,2024-11-15,2024,ESPACO UNIMED,Pista Premium,440.0,630.0,PISTA PREMIUM
2333,LINKIN PARK,2024-11-15,2024,ALLIANZ PARQUE,Pista Premium,1050.0,848.3333333333334,PISTA PREMIUM
2334,AURORA,2024-11-16,2024,ESPACO UNIMED,Pista Premium,590.0,680.0,PISTA PREMIUM
2336,LINKIN PARK,2024-11-16,2024,ALLIANZ PARQUE,Pista Premium,1050.0,848.3333333333334,PISTA PREMIUM
2343,LENNY KRAVITZ,2024-11-23,2024,ALLIANZ PARQUE,Pista Premium,850.0,574.0,PISTA PREMIUM
2344,LINIKER,2024-11-23,2024,ALLIANZ PARQUE,Pista Premium,850.0,574.0,PISTA PREMIUM
2345,TOTO,2024-11-24,2024,ESPACO UNIMED,Pista Premium,680.0,730.0,PISTA PREMIUM
2346,ROBERTO CARLOS,2024-11-27,2024,ALLIANZ PARQUE,Pista Premium,860.0,585.7142857142857,PISTA PREMIUM
2350,BRING ME THE HORIZON,2024-11-30,2024,ALLIANZ PARQUE,Pista Premium,790.0,480.0,PISTA PREMIUM
2351,MOTIONLESS IN WHITE,2024-11-30,2024,ALLIANZ PARQUE,Pista Premium,790.0,480.0,PISTA PREMIUM
2352,SPIRITBOX,2024-11-30,2024,ALLIANZ PARQUE,Pista Premium,790.0,480.0,PISTA PREMIUM
2353,THE PLOT IN YOU,2024-11-30,2024,ALLIANZ PARQUE,Pista Premium,790.0,480.0,PISTA PREMIUM
2354,IRON MAIDEN,2024-12-06,2024,ALLIANZ PARQUE,Pista Premium,1200.0,710.0,PISTA PREMIUM
2355,VOLBEAT,2024-12-06,2024,ALLIANZ PARQUE,Pista Premium,1200.0,710.0,PISTA PREMIUM
2356,IRON MAIDEN,2024-12-07,2024,ALLIANZ PARQUE,Pista Premium,1200.0,710.0,PISTA PREMIUM
2357,JAO,2024-12-07,2024,VIBRA SAO PAULO,Pista Premium,500.0,425.0,PISTA PREMIUM
2359,VOLBEAT,2024-12-07,2024,ALLIANZ PARQUE,Pista Premium,1200.0,710.0,PISTA PREMIUM
2360,JAO,2024-12-08,2024,VIBRA SAO PAULO,Pista Premium,500.0,425.0,PISTA PREMIUM
2361,TOKIO HOTEL,2024-12-12,2024,VIBRA SAO PAULO,Pista Premium,300.0,300.0,PISTA PREMIUM
2362,SIMONE MENDES,2024-12-13,2024,CENTRO DE TRADICOES NORDESTINAS,Pista Premium,240.0,416.6666666666667,PISTA PREMIUM
2366,DREAM THEATER,2024-12-15,2024,VIBRA SAO PAULO,Pista Premium,800.0,1210.0,PISTA PREMIUM
2367,TITAS,2024-12-20,2024,TERRA SP,Pista Premium,980.0,453.3333333333333,PISTA PREMIUM
2368,CHRIS BROWN,2024-12-21,2024,ALLIANZ PARQUE,Pista Premium,725.5,538.0,PISTA PREMIUM
2369,GUSTTAVO LIMA,2024-12-21,2024,NEO QUIMICA ARENA,Pista Premium,840.0,645.0,PISTA PREMIUM
2370,POST MALONE,2024-12-21,2024,NEO QUIMICA ARENA,Pista Premium,840.0,645.0,PISTA PREMIUM
2371,VEIGH,2024-12-21,2024,NEO QUIMICA ARENA,Pista Premium,840.0,645.0,PISTA PREMIUM
2372,VINTAGE CULTURE,2024-12-21,2024,NEO QUIMICA ARENA,Pista Premium,840.0,645.0,PISTA PREMIUM
2373,CHRIS BROWN,2024-12-22,2024,ALLIANZ PARQUE,Pista Premium,725.5,538.0,PISTA PREMIUM
2374,ANITTA,2025-03-03,2025,JOCKEY CLUB,Pista Premium,340.0,560.0,PISTA PREMIUM
2379,SIMPLY RED,2025-03-15,2025,ALLIANZ PARQUE,Pista Premium,1800.0,868.0,PISTA PREMIUM
2380,JAO,2025-03-16,2025,VIBRA SAO PAULO,Pista Premium,500.0,425.0,PISTA PREMIUM
2381,LINIKER,2025-03-16,2025,VIBRA SAO PAULO,Pista Premium,500.0,425.0,PISTA PREMIUM
2382,MON LAFERTE,2025-03-18,2025,TOKIO MARINE HALL,Pista Premium,420.0,305.0,PISTA PREMIUM
2383,PITTY,2025-03-21,2025,ESPACO UNIMED,Pista Premium,140.0,156.66666666666666,PISTA PREMIUM
2384,ALCIONE,2025-03-22,2025,ESPACO UNIMED,Pista Premium,220.0,220.0,PISTA PREMIUM
2385,GARBAGE,2025-03-22,2025,TERRA SP,Pista Premium,1000.0,933.3333333333334,PISTA PREMIUM
2400,LUAN SANTANA,2025-03-29,2025,MERCADO LIVRE ARENA PACAEMBU,Pista Premium,560.0,646.6666666666666,PISTA PREMIUM
2422,STRAY KIDS,2025-04-05,2025,MORUMBIS,Pista Premium,920.0,1003.5,PISTA PREMIUM
2425,STRAY KIDS,2025-04-06,2025,MORUMBIS,Pista Premium,920.0,1003.5,PISTA PREMIUM
2426,INCUBUS,2025-04-10,2025,ESPACO UNIMED,Pista Premium,720.0,1368.3333333333333,PISTA PREMIUM
2427,GILBERTO GIL,2025-04-11,2025,ALLIANZ PARQUE,Pista Premium,530.0,380.0,PISTA PREMIUM
2428,GILBERTO GIL,2025-04-12,2025,ALLIANZ PARQUE,Pista Premium,530.0,380.0,PISTA PREMIUM
2429,LUISA SONZA,2025-04-12,2025,ESPACO UNIMED,Pista Premium,240.0,260.0,PISTA PREMIUM
2431,EUROPE,2025-04-19,2025,ALLIANZ PARQUE,Pista Premium,1180.0,1474.2857142857142,PISTA PREMIUM
2432,JUDAS PRIEST,2025-04-19,2025,ALLIANZ PARQUE,Pista Premium,1180.0,1474.2857142857142,PISTA PREMIUM
2433,SCORPIONS,2025-04-19,2025,ALLIANZ PARQUE,Pista Premium,1180.0,1474.2857142857142,PISTA PREMIUM
2434,JUDAS PRIEST,2025-04-20,2025,VIBRA SAO PAULO,Pista Premium,1180.0,1474.2857142857142,PISTA PREMIUM
2437,GILBERTO GIL,2025-04-25,2025,ALLIANZ PARQUE,Pista Premium,530.0,380.0,PISTA PREMIUM
2438,GILBERTO GIL,2025-04-26,2025,ALLIANZ PARQUE,Pista Premium,530.0,380.0,PISTA PREMIUM
2439,MARINA SENA,2025-04-26,2025,ESPACO UNIMED,Pista Premium,995.0,987.5,PISTA PREMIUM
2441,POWERWOLF,2025-05-03,2025,MEMORIAL DA AMERICA LATINA,Pista Premium,1192.0,1682.0,PISTA PREMIUM
2442,SABATON,2025-05-03,2025,MEMORIAL DA AMERICA LATINA,Pista Premium,1192.0,1682.0,PISTA PREMIUM
2443,SIMPLE MINDS,2025-05-04,2025,ESPACO UNIMED,Pista Premium,680.0,655.0,PISTA PREMIUM
2444,SEVDALIZA,2025-05-08,2025,TOKIO MARINE HALL,Pista Premium,480.0,393.3333333333333,PISTA PREMIUM
2445,PABLLO VITTAR,2025-05-09,2025,CENTRO DE TRADICOES NORDESTINAS,Pista Premium,400.0,366.6666666666667,PISTA PREMIUM
2446,FOREIGNER,2025-05-10,2025,ESPACO UNIMED,Pista Premium,680.0,750.0,PISTA PREMIUM
2447,SYSTEM OF A DOWN,2025-05-10,2025,ALLIANZ PARQUE,Pista Premium,1095.0,993.3333333333334,PISTA PREMIUM
2448,SYSTEM OF A DOWN,2025-05-11,2025,ALLIANZ PARQUE,Pista Premium,1095.0,993.3333333333334,PISTA PREMIUM
2449,ZE RAMALHO,2025-05-11,2025,ESPACO UNIMED,Pista Premium,280.0,253.33333333333334,PISTA PREMIUM
2451,STONE TEMPLE PILOTS,2025-05-22,2025,TERRA SP,Pista Premium,600.0,533.3333333333334,PISTA PREMIUM
2452,JOAO GOMES,2025-05-25,2025,VALE DO ANHANGABAU,Pista Premium,140.0,120.0,PISTA PREMIUM
2453,LINIKER,2025-05-25,2025,VALE DO ANHANGABAU,Pista Premium,140.0,120.0,PISTA PREMIUM
2455,WIU,2025-05-29,2025,AUDIO,Pista Premium,240.0,166.66666666666666,PISTA PREMIUM
2456,GIGI PEREZ,2025-05-30,2025,ESPACO UNIMED,Pista Premium,850.0,815.0,PISTA PREMIUM
2457,HOZIER,2025-05-30,2025,ESPACO UNIMED,Pista Premium,850.0,815.0,PISTA PREMIUM
2458,OS PARALAMAS DO SUCESSO,2025-05-31,2025,ALLIANZ PARQUE,Pista Premium,395.0,266.25,PISTA PREMIUM
2460,ANAVITORIA,2025-06-06,2025,ESPACO UNIMED,Pista Premium,150.0,193.33333333333334,PISTA PREMIUM
2464,NANDO REIS,2025-06-13,2025,VIBRA SAO PAULO,Pista Premium,320.0,315.0,PISTA PREMIUM
2465,BAEKHYUN,2025-06-14,2025,VIBRA SAO PAULO,Pista Premium,1050.0,1190.0,PISTA PREMIUM
2466,MARCOS & BELUTTI,2025-06-14,2025,SUHAI MUSIC HALL,Pista Premium,340.0,370.0,PISTA PREMIUM
2467,BAEKHYUN,2025-06-15,2025,VIBRA SAO PAULO,Pista Premium,1050.0,1190.0,PISTA PREMIUM
2472,NANDO REIS,2025-06-28,2025,SUHAI MUSIC HALL,Pista Premium,340.0,270.0,PISTA PREMIUM
2473,HENRIQUE & JULIANO,2025-07-05,2025,ALLIANZ PARQUE,Pista Premium,790.0,567.5,PISTA PREMIUM
2474,JEFF SATUR,2025-07-06,2025,TERRA SP,Pista Premium,700.0,911.6666666666666,PISTA PREMIUM
2475,JAMES BLUNT,2025-07-08,2025,TERRA SP,Pista Premium,640.0,485.0,PISTA PREMIUM
2477,NATIRUTS,2025-07-18,2025,ALLIANZ PARQUE,Pista Premium,490.0,477.5,PISTA PREMIUM
2478,NATIRUTS,2025-07-19,2025,ALLIANZ PARQUE,Pista Premium,490.0,477.5,PISTA PREMIUM
2485,THE ROSE,2025-08-08,2025,VIBRA SAO PAULO,Pista Premium,990.0,738.3333333333334,PISTA PREMIUM
2486,CALCINHA PRETA,2025-08-09,2025,NEO QUIMICA ARENA,Pista Premium,260.0,286.6666666666667,PISTA PREMIUM
2487,RAI SAIA RODADA,2025-08-09,2025,NEO QUIMICA ARENA,Pista Premium,260.0,286.6666666666667,PISTA PREMIUM
2490,CPM 22,2025-08-15,2025,SUHAI MUSIC HALL,Pista Premium,900.0,950.0,PISTA PREMIUM
2491,KYLIE MINOGUE,2025-08-15,2025,GINASIO DO IBIRAPUERA,Pista Premium,1350.0,1144.2857142857142,PISTA PREMIUM
2494,ROBERTO CARLOS,2025-08-16,2025,TOKIO MARINE HALL,Pista Premium,1100.0,956.0,PISTA PREMIUM
2496,IVETE SANGALO,2025-08-21,2025,SUHAI MUSIC HALL,Pista Premium,720.0,556.6666666666666,PISTA PREMIUM
2497,CHITAOZINHO & XORORO,2025-08-23,2025,ALLIANZ PARQUE,Pista Premium,160.0,180.0,PISTA PREMIUM
2498,DANIEL,2025-08-23,2025,ALLIANZ PARQUE,Pista Premium,160.0,180.0,PISTA PREMIUM
2499,LEONARDO,2025-08-23,2025,ALLIANZ PARQUE,Pista Premium,160.0,180.0,PISTA PREMIUM
2500,VICTOR & LEO,2025-08-23,2025,ALLIANZ PARQUE,Pista Premium,160.0,180.0,PISTA PREMIUM
2501,ZEZE DI CAMARGO & LUCIANO,2025-08-23,2025,ALLIANZ PARQUE,Pista Premium,160.0,180.0,PISTA PREMIUM
2502,NECK DEEP,2025-08-29,2025,TOKIO MARINE HALL,Pista Premium,595.0,515.0,PISTA PREMIUM
2503,YELLOWCARD,2025-08-29,2025,TOKIO MARINE HALL,Pista Premium,595.0,515.0,PISTA PREMIUM
2521,TRAVIS SCOTT,2025-09-06,2025,AUDIO,Pista Premium,890.0,690.0,PISTA PREMIUM
2563,JORGE BEN JOR,2025-09-20,2025,ESPACO UNIMED,Pista Premium,320.0,370.0,PISTA PREMIUM
2564,RACA NEGRA,2025-09-26,2025,ESPACO UNIMED,Pista Premium,440.0,440.0,PISTA PREMIUM
2568,CA7RIEL & PACO AMOROSO,2025-09-30,2025,ALLIANZ PARQUE,Pista Premium,990.0,757.5,PISTA PREMIUM
2569,KENDRICK LAMAR,2025-09-30,2025,ALLIANZ PARQUE,Pista Premium,990.0,757.5,PISTA PREMIUM
2572,ANAVITORIA,2025-10-04,2025,ESPACO UNIMED,Pista Premium,150.0,193.33333333333334,PISTA PREMIUM
2573,MARIA BETHANIA,2025-10-04,2025,TOKIO MARINE HALL,Pista Premium,720.0,780.0,PISTA PREMIUM
2574,ANAVITORIA,2025-10-05,2025,ESPACO UNIMED,Pista Premium,150.0,193.33333333333334,PISTA PREMIUM
2575,MARIA BETHANIA,2025-10-05,2025,TOKIO MARINE HALL,Pista Premium,720.0,780.0,PISTA PREMIUM
2576,KENNY G,2025-10-10,2025,ESPACO UNIMED,Pista Premium,740.0,700.0,PISTA PREMIUM
2578,MARIA BETHANIA,2025-10-11,2025,TOKIO MARINE HALL,Pista Premium,720.0,780.0,PISTA PREMIUM
2579,MARIA BETHANIA,2025-10-12,2025,TOKIO MARINE HALL,Pista Premium,720.0,780.0,PISTA PREMIUM
2580,THE CALLING,2025-10-12,2025,AUDIO,Pista Premium,400.0,366.6666666666667,PISTA PREMIUM
2582,GILBERTO GIL,2025-10-17,2025,ALLIANZ PARQUE,Pista Premium,530.0,380.0,PISTA PREMIUM
2585,TOQUINHO,2025-10-17,2025,ESPACO UNIMED,Pista Premium,340.0,365.0,PISTA PREMIUM
2586,GILBERTO GIL,2025-10-18,2025,ALLIANZ PARQUE,Pista Premium,530.0,380.0,PISTA PREMIUM
2587,MARIA BETHANIA,2025-10-19,2025,TOKIO MARINE HALL,Pista Premium,720.0,780.0,PISTA PREMIUM
2588,RAUW ALEJANDRO,2025-10-22,2025,VIBRA SAO PAULO,Pista Premium,860.0,2992.5714285714284,PISTA PREMIUM
2590,OS PARALAMAS DO SUCESSO,2025-10-24,2025,ESPACO UNIMED,Pista Premium,260.0,395.0,PISTA PREMIUM
2591,P1HARMONY,2025-10-24,2025,VIBRA SAO PAULO,Pista Premium,820.0,1045.0,PISTA PREMIUM
2594,GUNS N' ROSES,2025-10-25,2025,ALLIANZ PARQUE,Pista Premium,1080.0,835.0,PISTA PREMIUM
2595,IVETE SANGALO,2025-10-25,2025,JOCKEY CLUB,Pista Premium,720.0,556.6666666666666,PISTA PREMIUM
2596,MARIA BETHANIA,2025-10-25,2025,TOKIO MARINE HALL,Pista Premium,720.0,780.0,PISTA PREMIUM
2598,RAIMUNDOS,2025-10-25,2025,ALLIANZ PARQUE,Pista Premium,1080.0,835.0,PISTA PREMIUM
2601,MARIA BETHANIA,2025-10-26,2025,TOKIO MARINE HALL,Pista Premium,720.0,780.0,PISTA PREMIUM
2603,IMAGINE DRAGONS,2025-10-31,2025,MORUMBIS,Pista Premium,1500.0,1100.0,PISTA PREMIUM
2604,LAGUM,2025-10-31,2025,MORUMBIS,Pista Premium,1500.0,1100.0,PISTA PREMIUM
2605,NANDO REIS,2025-10-31,2025,SUHAI MUSIC HALL,Pista Premium,340.0,270.0,PISTA PREMIUM
2606,GUSTAVO MIOTO,2025-11-01,2025,ESPACO UNIMED,Pista Premium,200.0,200.0,PISTA PREMIUM
2607,IMAGINE DRAGONS,2025-11-01,2025,MORUMBIS,Pista Premium,1500.0,1100.0,PISTA PREMIUM
2608,LAGUM,2025-11-01,2025,MORUMBIS,Pista Premium,1500.0,1100.0,PISTA PREMIUM
2611,DAMIANO DAVID,2025-11-07,2025,TOKIO MARINE HALL,Pista Premium,540.0,496.0,PISTA PREMIUM
2612,BILLY IDOL,2025-11-08,2025,VIBRA SAO PAULO,Pista Premium,300.0,622.5,PISTA PREMIUM
2614,LINKIN PARK,2025-11-08,2025,MORUMBIS,Pista Premium,860.0,2885.8,PISTA PREMIUM
2616,POPPY,2025-11-08,2025,MORUMBIS,Pista Premium,860.0,2885.8,PISTA PREMIUM
2617,CHASE ATLANTIC,2025-11-09,2025,SUHAI MUSIC HALL,Pista Premium,690.0,695.0,PISTA PREMIUM
2619,JAMES,2025-11-13,2025,AUDIO,Pista Premium,785.0,685.0,PISTA PREMIUM
2620,MASSIVE ATTACK,2025-11-13,2025,ESPACO UNIMED,Pista Premium,995.0,987.5,PISTA PREMIUM
2621,CAPITAL INICIAL,2025-11-14,2025,ESPACO UNIMED,Pista Premium,320.0,313.3333333333333,PISTA PREMIUM
2622,ROBERTO CARLOS,2025-11-14,2025,SUHAI MUSIC HALL,Pista Premium,830.0,750.0,PISTA PREMIUM
2623,CAPITAL INICIAL,2025-11-15,2025,ESPACO UNIMED,Pista Premium,320.0,313.3333333333333,PISTA PREMIUM
2624,DUA LIPA,2025-11-15,2025,MORUMBIS,Pista Premium,750.0,506.0,PISTA PREMIUM
2625,MOLCHAT DOMA,2025-11-15,2025,TOKIO MARINE HALL,Pista Premium,420.0,400.0,PISTA PREMIUM
2626,ROBERTO CARLOS,2025-11-15,2025,SUHAI MUSIC HALL,Pista Premium,830.0,750.0,PISTA PREMIUM
2634,CHITAOZINHO & XORORO,2025-11-21,2025,ESPACO UNIMED,Pista Premium,540.0,540.0,PISTA PREMIUM
2637,CHITAOZINHO & XORORO,2025-11-22,2025,ESPACO UNIMED,Pista Premium,540.0,540.0,PISTA PREMIUM
2640,OASIS,2025-11-22,2025,MORUMBIS,Pista Premium,1250.0,920.0,PISTA PREMIUM
2642,MC HARIEL,2025-11-23,2025,SUHAI MUSIC HALL,Pista Premium,180.0,157.5,PISTA PREMIUM
2643,MC LIVINHO,2025-11-23,2025,SUHAI MUSIC HALL,Pista Premium,180.0,157.5,PISTA PREMIUM
2644,OASIS,2025-11-23,2025,MORUMBIS,Pista Premium,1250.0,920.0,PISTA PREMIUM
2648,ZEZE DI CAMARGO & LUCIANO,2021-09-04,2021,ESPACO DAS AMERICAS,Camarote,1800.0,564.0,CAMAROTE
2655,ZECA PAGODINHO,2021-11-12,2021,ESPACO DAS AMERICAS,Camarote,420.0,307.5,CAMAROTE
2657,TITAS,2021-11-20,2021,ARENA ANHEMBI,Camarote,500.0,326.6666666666667,CAMAROTE
2669,IVETE SANGALO,2021-12-10,2021,ESPACO DAS AMERICAS,Camarote,500.0,393.3333333333333,CAMAROTE
2673,LUAN SANTANA,2021-12-19,2021,ESPACO DAS AMERICAS,Camarote,260.0,190.0,CAMAROTE
2674,NANDO REIS,2021-12-23,2021,ESPACO DAS AMERICAS,Camarote,250.0,195.0,CAMAROTE
2677,DENNIS,2022-01-22,2022,SAO PAULO EXPO,Camarote,380.0,400.0,CAMAROTE
2678,FERRUGEM,2022-01-22,2022,SAO PAULO EXPO,Camarote,380.0,400.0,CAMAROTE
2679,GUSTAVO MIOTO,2022-01-22,2022,SAO PAULO EXPO,Camarote,380.0,400.0,CAMAROTE
2682,MARISA MONTE,2022-02-04,2022,ESPACO DAS AMERICAS,Camarote,650.0,423.3333333333333,CAMAROTE
2684,FERRUGEM,2022-02-05,2022,ESTADIO DO CANINDE,Camarote,465.0,858.3333333333334,CAMAROTE
2685,LUAN SANTANA,2022-02-05,2022,ESTADIO DO CANINDE,Camarote,465.0,858.3333333333334,CAMAROTE
2686,LUDMILLA,2022-02-05,2022,ESTADIO DO CANINDE,Camarote,465.0,858.3333333333334,CAMAROTE
2687,MARISA MONTE,2022-02-05,2022,ESPACO DAS AMERICAS,Camarote,650.0,423.3333333333333,CAMAROTE
2689,MARISA MONTE,2022-02-11,2022,ESPACO DAS AMERICAS,Camarote,650.0,423.3333333333333,CAMAROTE
2692,CHITAOZINHO & XORORO,2022-02-12,2022,ESPACO DAS AMERICAS,Camarote,650.0,423.3333333333333,CAMAROTE
2693,MARISA MONTE,2022-02-12,2022,ESPACO DAS AMERICAS,Camarote,650.0,423.3333333333333,CAMAROTE
2696,ZE RAMALHO,2022-02-13,2022,ESPACO DAS AMERICAS,Camarote,320.0,245.0,CAMAROTE
2697,CHITAOZINHO & XORORO,2022-02-17,2022,ESPACO DAS AMERICAS,Camarote,650.0,423.3333333333333,CAMAROTE
2699,SEPULTURA,2022-02-20,2022,AUDIO,Camarote,240.0,200.0,CAMAROTE
2700,PABLLO VITTAR,2022-02-25,2022,AUDIO,Camarote,250.0,196.66666666666666,CAMAROTE
2710,JORGE & MATEUS,2022-03-01,2022,JOCKEY CLUB,Camarote,1200.0,498.0,CAMAROTE
2712,SKANK,2022-03-11,2022,ESPACO DAS AMERICAS,Camarote,380.0,257.5,CAMAROTE
2715,SKANK,2022-03-12,2022,ESPACO DAS AMERICAS,Camarote,380.0,257.5,CAMAROTE
2716,SKANK,2022-03-13,2022,ESPACO DAS AMERICAS,Camarote,380.0,257.5,CAMAROTE
2718,JUNGLE,2022-03-18,2022,AUDIO,Camarote,975.0,711.6666666666666,CAMAROTE
2750,CAPITAL INICIAL,2022-03-27,2022,MEMORIAL DA AMERICA LATINA,Camarote,400.0,280.0,CAMAROTE
2759,OS PARALAMAS DO SUCESSO,2022-03-27,2022,MEMORIAL DA AMERICA LATINA,Camarote,400.0,280.0,CAMAROTE
2772,MAIARA & MARAISA,2022-04-15,2022,ESPACO DAS AMERICAS,Camarote,800.0,680.0,CAMAROTE
2773,MARIA BETHANIA,2022-04-16,2022,ESPACO DAS AMERICAS,Camarote,260.0,215.4,CAMAROTE
2774,MAIARA & MARAISA,2022-04-17,2022,ESPACO DAS AMERICAS,Camarote,800.0,680.0,CAMAROTE
2776,RACIONAIS MC'S,2022-04-22,2022,ESPACO DAS AMERICAS,Camarote,290.0,215.0,CAMAROTE
2778,IVETE SANGALO,2022-04-23,2022,ESPACO DAS AMERICAS,Camarote,360.0,245.0,CAMAROTE
2779,MAIARA & MARAISA,2022-04-28,2022,VILLA COUNTRY,Camarote,340.0,205.0,CAMAROTE
2780,LULU SANTOS,2022-04-29,2022,ESPACO DAS AMERICAS,Camarote,300.0,233.33333333333334,CAMAROTE
2782,CAETANO VELOSO,2022-05-06,2022,ESPACO DAS AMERICAS,Camarote,430.0,350.0,CAMAROTE
2790,SIMONE & SIMARIA,2022-05-10,2022,VILLA COUNTRY,Camarote,650.0,386.6666666666667,CAMAROTE
2804,CAPITAL INICIAL,2022-05-28,2022,ARENA ANHEMBI,Camarote,805.0,495.0,CAMAROTE
2805,LOUIS TOMLINSON,2022-05-28,2022,ESPACO UNIMED,Camarote,400.0,310.0,CAMAROTE
2807,NANDO REIS,2022-05-28,2022,ARENA ANHEMBI,Camarote,805.0,495.0,CAMAROTE
2808,PITTY,2022-05-28,2022,ARENA ANHEMBI,Camarote,805.0,495.0,CAMAROTE
2811,LOUIS TOMLINSON,2022-05-29,2022,ESPACO UNIMED,Camarote,400.0,310.0,CAMAROTE
2813,DJAVAN,2022-06-04,2022,ESPACO UNIMED,Camarote,430.0,310.0,CAMAROTE
2814,ANAVITORIA,2022-06-09,2022,ESPACO UNIMED,Camarote,340.0,243.33333333333334,CAMAROTE
2815,NANDO REIS,2022-06-10,2022,VIBRA SAO PAULO,Camarote,400.0,336.0,CAMAROTE
2817,IVETE SANGALO,2022-06-16,2022,ARENA ANHEMBI,Camarote,300.0,250.0,CAMAROTE
2818,LUISA SONZA,2022-06-16,2022,ARENA ANHEMBI,Camarote,300.0,250.0,CAMAROTE
2844,CAETANO VELOSO,2022-06-24,2022,ESPACO UNIMED,Camarote,430.0,351.6666666666667,CAMAROTE
2846,CAETANO VELOSO,2022-06-25,2022,ESPACO UNIMED,Camarote,430.0,351.6666666666667,CAMAROTE
2847,JOTA QUEST,2022-07-02,2022,ESPACO UNIMED,Camarote,320.0,220.0,CAMAROTE
2848,PITTY,2022-07-09,2022,AUDIO,Camarote,480.0,260.0,CAMAROTE
2849,RAIMUNDOS,2022-07-17,2022,TOKIO MARINE HALL,Camarote,240.0,230.0,CAMAROTE
2852,MARISA MONTE,2022-07-21,2022,ESPACO UNIMED,Camarote,520.0,350.0,CAMAROTE
2853,MARISA MONTE,2022-07-22,2022,ESPACO UNIMED,Camarote,520.0,350.0,CAMAROTE
2854,MARISA MONTE,2022-07-23,2022,ESPACO UNIMED,Camarote,520.0,350.0,CAMAROTE
2862,MARISA MONTE,2022-07-28,2022,ESPACO UNIMED,Camarote,520.0,350.0,CAMAROTE
2863,MARISA MONTE,2022-07-29,2022,ESPACO UNIMED,Camarote,520.0,350.0,CAMAROTE
2878,ROSALIA,2022-08-22,2022,ESPACO UNIMED,Camarote,750.0,672.5,CAMAROTE
2879,MILTON NASCIMENTO,2022-08-26,2022,ESPACO UNIMED,Camarote,630.0,420.0,CAMAROTE
2880,MC HARIEL,2022-08-27,2022,ESTADIO DO CANINDE,Camarote,630.0,420.0,CAMAROTE
2881,MILTON NASCIMENTO,2022-08-27,2022,ESPACO UNIMED,Camarote,630.0,420.0,CAMAROTE
2885,DREAM THEATER,2022-08-31,2022,TOKIO MARINE HALL,Camarote,660.0,540.0,CAMAROTE
2886,MILTON NASCIMENTO,2022-09-01,2022,ESPACO UNIMED,Camarote,630.0,420.0,CAMAROTE
2887,MILTON NASCIMENTO,2022-09-02,2022,ESPACO UNIMED,Camarote,630.0,420.0,CAMAROTE
2890,AVRIL LAVIGNE,2022-09-07,2022,ESPACO UNIMED,Camarote,691.0,538.5,CAMAROTE
2892,BASTILLE,2022-09-09,2022,TOKIO MARINE HALL,Camarote,480.0,426.0,CAMAROTE
2893,MANESKIN,2022-09-09,2022,ESPACO UNIMED,Camarote,700.0,570.0,CAMAROTE
2897,ANAVITORIA,2022-09-11,2022,TOKIO MARINE HALL,Camarote,330.0,290.0,CAMAROTE
2900,GLORIA GROOVE,2022-09-16,2022,ESPACO UNIMED,Camarote,380.0,203.33333333333334,CAMAROTE
2903,ALCEU VALENCA,2022-09-17,2022,MEMORIAL DA AMERICA LATINA,Camarote,430.0,322.5,CAMAROTE
2904,BK,2022-09-17,2022,MEMORIAL DA AMERICA LATINA,Camarote,430.0,322.5,CAMAROTE
2905,GAL COSTA,2022-09-17,2022,MEMORIAL DA AMERICA LATINA,Camarote,430.0,322.5,CAMAROTE
2912,JORGE DREXLER,2022-09-24,2022,VIBRA SAO PAULO,Camarote,360.0,260.0,CAMAROTE
2913,MILTON NASCIMENTO,2022-09-24,2022,ESPACO UNIMED,Camarote,630.0,420.0,CAMAROTE
2914,MILTON NASCIMENTO,2022-09-25,2022,ESPACO UNIMED,Camarote,630.0,420.0,CAMAROTE
2918,HELLOWEEN,2022-10-08,2022,ESPACO UNIMED,Camarote,600.0,462.5,CAMAROTE
2920,TINI,2022-10-08,2022,VIBRA SAO PAULO,Camarote,800.0,650.0,CAMAROTE
2921,HELLOWEEN,2022-10-09,2022,ESPACO UNIMED,Camarote,600.0,462.5,CAMAROTE
2922,BEAST IN BLACK,2022-10-14,2022,ESPACO UNIMED,Camarote,480.0,332.5,CAMAROTE
2923,NIGHTWISH,2022-10-14,2022,ESPACO UNIMED,Camarote,480.0,332.5,CAMAROTE
2928,DPR IAN,2022-10-16,2022,AUDIO,Camarote,490.0,555.0,CAMAROTE
2931,SKANK,2022-10-21,2022,ESPACO UNIMED,Camarote,420.0,260.0,CAMAROTE
2932,SKANK,2022-10-22,2022,ESPACO UNIMED,Camarote,420.0,260.0,CAMAROTE
2933,BLACK LABEL SOCIETY,2022-10-23,2022,AUDIO,Camarote,400.0,420.0,CAMAROTE
2934,MILTON NASCIMENTO,2022-11-01,2022,ESPACO UNIMED,Camarote,630.0,420.0,CAMAROTE
2935,MILTON NASCIMENTO,2022-11-03,2022,ESPACO UNIMED,Camarote,630.0,420.0,CAMAROTE
2937,MILTON NASCIMENTO,2022-11-04,2022,ESPACO UNIMED,Camarote,630.0,420.0,CAMAROTE
2949,ROBERTO CARLOS,2022-11-05,2022,ESPACO UNIMED,Camarote,520.0,470.0,CAMAROTE
2960,ROBERTO CARLOS,2022-11-06,2022,ESPACO UNIMED,Camarote,520.0,470.0,CAMAROTE
2963,ROBERTO CARLOS,2022-11-09,2022,ESPACO UNIMED,Camarote,520.0,470.0,CAMAROTE
2967,BONNIE TYLER,2022-11-12,2022,TOKIO MARINE HALL,Camarote,319.0,305.0,CAMAROTE
2968,THE KILLERS,2022-11-12,2022,ALLIANZ PARQUE,Camarote,1990.0,908.0,CAMAROTE
2969,TWENTY ONE PILOTS,2022-11-12,2022,ALLIANZ PARQUE,Camarote,1990.0,908.0,CAMAROTE
2971,ROBERTO CARLOS,2022-11-17,2022,ESPACO UNIMED,Camarote,520.0,470.0,CAMAROTE
2972,CAPITAL INICIAL,2022-11-18,2022,ESPACO UNIMED,Camarote,320.0,220.0,CAMAROTE
2979,CAETANO VELOSO,2022-11-25,2022,ESPACO UNIMED,Camarote,430.0,351.6666666666667,CAMAROTE
2980,CAETANO VELOSO,2022-11-26,2022,ESPACO UNIMED,Camarote,430.0,351.6666666666667,CAMAROTE
2983,CAETANO VELOSO,2022-11-27,2022,ESPACO UNIMED,Camarote,430.0,351.6666666666667,CAMAROTE
2984,RUSS,2022-12-01,2022,AUDIO,Camarote,330.0,320.0,CAMAROTE
2985,ZE RAMALHO,2022-12-03,2022,TOKIO MARINE HALL,Camarote,280.0,213.33333333333334,CAMAROTE
3004,JUDAS PRIEST,2022-12-15,2022,VIBRA SAO PAULO,Camarote,600.0,485.0,CAMAROTE
3005,PANTERA,2022-12-15,2022,VIBRA SAO PAULO,Camarote,600.0,485.0,CAMAROTE
3016,DANIEL,2022-12-21,2022,VIBRA SAO PAULO,Camarote,400.0,350.0,CAMAROTE
3026,JACK JOHNSON,2023-01-18,2023,ESPACO UNIMED,Camarote,665.5,568.0,CAMAROTE
3027,NCT 127,2023-01-18,2023,VIBRA SAO PAULO,Camarote,720.0,612.0,CAMAROTE
3028,NCT 127,2023-01-19,2023,VIBRA SAO PAULO,Camarote,720.0,612.0,CAMAROTE
3030,NCT 127,2023-01-20,2023,VIBRA SAO PAULO,Camarote,720.0,612.0,CAMAROTE
3036,LUISA SONZA,2023-01-27,2023,ESPACO UNIMED,Camarote,360.0,250.0,CAMAROTE
3039,CLAUDIA LEITTE,2023-02-04,2023,ALLIANZ PARQUE,Camarote,290.0,210.0,CAMAROTE
3040,DUBDOGZ,2023-02-04,2023,ALLIANZ PARQUE,Camarote,290.0,210.0,CAMAROTE
3041,GLORIA GROOVE,2023-02-04,2023,ALLIANZ PARQUE,Camarote,290.0,210.0,CAMAROTE
3042,LUISA SONZA,2023-02-04,2023,ALLIANZ PARQUE,Camarote,290.0,210.0,CAMAROTE
3043,SEU JORGE,2023-02-04,2023,ESPACO UNIMED,Camarote,290.0,235.0,CAMAROTE
3065,BIG TIME RUSH,2023-03-03,2023,ESPACO UNIMED,Camarote,620.0,585.0,CAMAROTE
3066,CHICO BUARQUE,2023-03-04,2023,TOKIO MARINE HALL,Camarote,480.0,374.0,CAMAROTE
3068,CHICO BUARQUE,2023-03-05,2023,TOKIO MARINE HALL,Camarote,480.0,374.0,CAMAROTE
3076,THE BLACK CROWES,2023-03-14,2023,ESPACO UNIMED,Camarote,670.0,562.5,CAMAROTE
3078,SKANK,2023-03-17,2023,ESPACO UNIMED,Camarote,420.0,292.6666666666667,CAMAROTE
3080,SKANK,2023-03-18,2023,ESPACO UNIMED,Camarote,420.0,292.6666666666667,CAMAROTE
3081,LUDOVICO EINAUDI,2023-03-19,2023,VIBRA SAO PAULO,Camarote,690.0,563.3333333333334,CAMAROTE
3082,SKANK,2023-03-19,2023,ESPACO UNIMED,Camarote,420.0,292.6666666666667,CAMAROTE
3099,CHICO BUARQUE,2023-03-25,2023,TOKIO MARINE HALL,Camarote,480.0,374.0,CAMAROTE
3127,CHICO BUARQUE,2023-03-30,2023,TOKIO MARINE HALL,Camarote,480.0,374.0,CAMAROTE
3132,GUSTAVO MIOTO,2023-04-06,2023,VIBRA SAO PAULO,Camarote,420.0,373.3333333333333,CAMAROTE
3133,CHICO BUARQUE,2023-04-07,2023,TOKIO MARINE HALL,Camarote,480.0,374.0,CAMAROTE
3134,PIERCE THE VEIL,2023-04-09,2023,AUDIO,Camarote,680.0,592.5,CAMAROTE
3135,ALCEU VALENCA,2023-04-20,2023,ESPACO UNIMED,Camarote,1200.0,726.6666666666666,CAMAROTE
3136,FALAMANSA,2023-04-20,2023,ESPACO UNIMED,Camarote,1200.0,726.6666666666666,CAMAROTE
3151,PERICLES,2023-04-28,2023,ESPACO UNIMED,Camarote,280.0,220.0,CAMAROTE
3158,JOAO GOMES,2023-04-30,2023,SAMBODROMO DO ANHEMBI,Camarote,6000.0,2093.3333333333335,CAMAROTE
3159,LUISA SONZA,2023-04-30,2023,SAMBODROMO DO ANHEMBI,Camarote,6000.0,2093.3333333333335,CAMAROTE
3160,MARI FERNANDEZ,2023-04-30,2023,SAMBODROMO DO ANHEMBI,Camarote,6000.0,2093.3333333333335,CAMAROTE
3161,NATTAN,2023-04-30,2023,SAMBODROMO DO ANHEMBI,Camarote,6000.0,2093.3333333333335,CAMAROTE
3163,TARCISIO DO ACORDEON,2023-04-30,2023,SAMBODROMO DO ANHEMBI,Camarote,6000.0,2093.3333333333335,CAMAROTE
3164,VITOR FERNANDES,2023-04-30,2023,SAMBODROMO DO ANHEMBI,Camarote,6000.0,2093.3333333333335,CAMAROTE
3165,XAND AVIAO,2023-04-30,2023,SAMBODROMO DO ANHEMBI,Camarote,6000.0,2093.3333333333335,CAMAROTE
3166,ALICIA KEYS,2023-05-05,2023,ALLIANZ PARQUE,Camarote,980.0,782.0,CAMAROTE
3167,EDSON & HUDSON,2023-05-05,2023,ESPACO UNIMED,Camarote,500.0,370.0,CAMAROTE
3172,LEGIAO URBANA,2023-05-06,2023,ESPACO UNIMED,Camarote,320.0,220.0,CAMAROTE
3183,CHASE ATLANTIC,2023-05-09,2023,AUDIO,Camarote,460.0,390.0,CAMAROTE
3185,DANIEL,2023-05-14,2023,VIBRA SAO PAULO,Camarote,410.0,202.5,CAMAROTE
3186,JACKSON WANG,2023-05-15,2023,ESPACO UNIMED,Camarote,1200.0,852.5,CAMAROTE
3187,DANIEL,2023-05-19,2023,VIBRA SAO PAULO,Camarote,410.0,202.5,CAMAROTE
3191,ZE RAMALHO,2023-05-27,2023,ESPACO UNIMED,Camarote,360.0,253.33333333333334,CAMAROTE
3194,PABLLO VITTAR,2023-06-02,2023,KOMPLEXO TEMPO,Camarote,250.0,196.66666666666666,CAMAROTE
3195,URIAS,2023-06-02,2023,KOMPLEXO TEMPO,Camarote,250.0,196.66666666666666,CAMAROTE
3200,LULU SANTOS,2023-06-03,2023,ESPACO UNIMED,Camarote,320.0,260.0,CAMAROTE
3217,CHITAOZINHO & XORORO,2023-06-23,2023,ESPACO UNIMED,Camarote,850.0,525.0,CAMAROTE
3218,CHITAOZINHO & XORORO,2023-06-24,2023,ESPACO UNIMED,Camarote,850.0,525.0,CAMAROTE
3221,LAGUM,2023-06-30,2023,ESPACO UNIMED,Camarote,360.0,290.0,CAMAROTE
3223,NCT DREAM,2023-07-04,2023,VIBRA SAO PAULO,Camarote,780.0,636.0,CAMAROTE
3224,CNCO,2023-07-05,2023,AUDIO,Camarote,540.0,480.0,CAMAROTE
3225,JEFF SATUR,2023-07-07,2023,ESPACO UNIMED,Camarote,990.0,817.5,CAMAROTE
3228,MARISA MONTE,2023-07-14,2023,ESPACO UNIMED,Camarote,480.0,340.0,CAMAROTE
3229,MARISA MONTE,2023-07-15,2023,ESPACO UNIMED,Camarote,480.0,340.0,CAMAROTE
3230,MARISA MONTE,2023-07-21,2023,ESPACO UNIMED,Camarote,480.0,340.0,CAMAROTE
3231,P1HARMONY,2023-07-21,2023,TOKIO MARINE HALL,Camarote,410.0,437.14285714285717,CAMAROTE
3232,MARISA MONTE,2023-07-22,2023,ESPACO UNIMED,Camarote,480.0,340.0,CAMAROTE
3233,5 SECONDS OF SUMMER,2023-07-25,2023,ESPACO UNIMED,Camarote,700.0,635.0,CAMAROTE
3237,ZEZE DI CAMARGO & LUCIANO,2023-08-04,2023,ESPACO UNIMED,Camarote,500.0,360.0,CAMAROTE
3241,ANA CASTELA,2023-08-19,2023,SAMBODROMO DO ANHEMBI,Camarote,450.0,258.0,CAMAROTE
3242,BRUNO & MARRONE,2023-08-19,2023,SAMBODROMO DO ANHEMBI,Camarote,450.0,258.0,CAMAROTE
3243,GUSTAVO MIOTO,2023-08-19,2023,SAMBODROMO DO ANHEMBI,Camarote,450.0,258.0,CAMAROTE
3244,JOAO GOMES,2023-08-19,2023,SAMBODROMO DO ANHEMBI,Camarote,450.0,258.0,CAMAROTE
3245,MAIARA & MARAISA,2023-08-19,2023,SAMBODROMO DO ANHEMBI,Camarote,450.0,258.0,CAMAROTE
3246,MARI FERNANDEZ,2023-08-19,2023,SAMBODROMO DO ANHEMBI,Camarote,450.0,258.0,CAMAROTE
3247,PEDRO SAMPAIO,2023-08-19,2023,SAMBODROMO DO ANHEMBI,Camarote,450.0,258.0,CAMAROTE
3248,ZE NETO & CRISTIANO,2023-08-19,2023,SAMBODROMO DO ANHEMBI,Camarote,450.0,258.0,CAMAROTE
3250,CALUM SCOTT,2023-08-25,2023,VIBRA SAO PAULO,Camarote,1200.0,810.0,CAMAROTE
3253,DILSINHO,2023-09-01,2023,ESPACO UNIMED,Camarote,190.0,116.66666666666667,CAMAROTE
3298,AESPA,2023-09-11,2023,ESPACO UNIMED,Camarote,840.0,807.5,CAMAROTE
3300,EDSON & HUDSON,2023-09-15,2023,VILLA COUNTRY,Camarote,400.0,602.0,CAMAROTE
3306,GHOST,2023-09-20,2023,ESPACO UNIMED,Camarote,650.0,550.0,CAMAROTE
3307,GHOST,2023-09-21,2023,ESPACO UNIMED,Camarote,650.0,550.0,CAMAROTE
3308,LYNYRD SKYNYRD,2023-09-22,2023,ESPACO UNIMED,Camarote,825.0,701.25,CAMAROTE
3314,IVETE SANGALO,2023-09-30,2023,ALLIANZ PARQUE,Camarote,1100.0,720.0,CAMAROTE
3315,ROD STEWART,2023-09-30,2023,ALLIANZ PARQUE,Camarote,1100.0,720.0,CAMAROTE
3317,JOTA QUEST,2023-10-08,2023,VIBRA SAO PAULO,Camarote,215.0,151.66666666666666,CAMAROTE
3321,RACA NEGRA,2023-10-11,2023,ESPACO UNIMED,Camarote,330.0,227.5,CAMAROTE
3324,JORGE BEN JOR,2023-10-21,2023,ESPACO UNIMED,Camarote,240.0,156.66666666666666,CAMAROTE
3325,ROBERTO CARLOS,2023-10-26,2023,ESPACO UNIMED,Camarote,630.0,554.0,CAMAROTE
3326,ROBERTO CARLOS,2023-10-28,2023,ESPACO UNIMED,Camarote,630.0,554.0,CAMAROTE
3327,ROBERTO CARLOS,2023-10-29,2023,ESPACO UNIMED,Camarote,630.0,554.0,CAMAROTE
3328,MANESKIN,2023-11-03,2023,ESPACO UNIMED,Camarote,850.0,687.5,CAMAROTE
3330,HALSEY,2023-11-04,2023,ALLIANZ PARQUE,Camarote,1990.0,896.0,CAMAROTE
3331,MGK,2023-11-04,2023,ALLIANZ PARQUE,Camarote,1990.0,896.0,CAMAROTE
3332,SWEDISH HOUSE MAFIA,2023-11-04,2023,ALLIANZ PARQUE,Camarote,1990.0,896.0,CAMAROTE
3337,THE LUMINEERS,2023-11-05,2023,ESPACO UNIMED,Camarote,680.0,586.0,CAMAROTE
3341,IN FLAMES,2023-11-09,2023,TOKIO MARINE HALL,Camarote,440.0,392.0,CAMAROTE
3342,JORGE DREXLER,2023-11-09,2023,ESPACO UNIMED,Camarote,470.0,362.5,CAMAROTE
3343,LULU SANTOS,2023-11-10,2023,TOKIO MARINE HALL,Camarote,420.0,310.0,CAMAROTE
3350,GOJIRA,2023-11-14,2023,ESPACO UNIMED,Camarote,850.0,685.0,CAMAROTE
3353,GLORIA GROOVE,2023-11-17,2023,ESPACO UNIMED,Camarote,360.0,245.0,CAMAROTE
3368,THE KILLERS,2023-11-30,2023,TOKIO MARINE HALL,Camarote,900.0,830.0,CAMAROTE
3374,ANAVITORIA,2023-12-03,2023,ESPACO UNIMED,Camarote,320.0,196.66666666666666,CAMAROTE
3383,COLBIE CAILLAT,2023-12-07,2023,VIBRA SAO PAULO,Camarote,430.0,346.6666666666667,CAMAROTE
3399,ZECA PAGODINHO,2023-12-15,2023,VIBRA SAO PAULO,Camarote,520.0,326.6666666666667,CAMAROTE
3425,MEN AT WORK,2024-02-21,2024,VIBRA SAO PAULO,Camarote,800.0,625.0,CAMAROTE
3427,SIMPLE PLAN,2024-03-01,2024,VIBRA SAO PAULO,Camarote,390.0,556.6666666666666,CAMAROTE
3428,ZE RAMALHO,2024-03-01,2024,ESPACO UNIMED,Camarote,360.0,253.33333333333334,CAMAROTE
3434,LAURA PAUSINI,2024-03-02,2024,ESPACO UNIMED,Camarote,850.0,716.6666666666666,CAMAROTE
3441,LAURA PAUSINI,2024-03-03,2024,ESPACO UNIMED,Camarote,850.0,716.6666666666666,CAMAROTE
3442,BAMBAM,2024-03-05,2024,VIBRA SAO PAULO,Camarote,600.0,1001.6666666666666,CAMAROTE
3443,ALCIONE,2024-03-08,2024,ESPACO UNIMED,Camarote,390.0,313.3333333333333,CAMAROTE
3444,MARIA BETHANIA,2024-03-09,2024,ESPACO UNIMED,Camarote,980.0,796.0,CAMAROTE
3445,MARIA BETHANIA,2024-03-10,2024,ESPACO UNIMED,Camarote,980.0,796.0,CAMAROTE
3446,PLACEBO,2024-03-17,2024,ESPACO UNIMED,Camarote,700.0,583.3333333333334,CAMAROTE
3467,LUIS MIGUEL,2024-03-23,2024,ALLIANZ PARQUE,Camarote,1300.0,860.0,CAMAROTE
3489,WESTLIFE,2024-03-24,2024,ESPACO UNIMED,Camarote,740.0,672.5,CAMAROTE
3491,AJULIACOSTA,2024-03-29,2024,AUDIO,Camarote,200.0,140.0,CAMAROTE
3493,SO PRA CONTRARIAR,2024-04-06,2024,ALLIANZ PARQUE,Camarote,200.0,185.0,CAMAROTE
3495,PITTY,2024-04-12,2024,ESPACO UNIMED,Camarote,230.0,156.66666666666666,CAMAROTE
3496,ROYAL BLOOD,2024-04-13,2024,AUDIO,Camarote,650.0,520.0,CAMAROTE
3498,PITTY,2024-04-14,2024,ESPACO UNIMED,Camarote,230.0,156.66666666666666,CAMAROTE
3500,TURNSTILE,2024-04-16,2024,TOKIO MARINE HALL,Camarote,540.0,736.6666666666666,CAMAROTE
3501,TOM JONES,2024-04-17,2024,ESPACO UNIMED,Camarote,790.0,790.0,CAMAROTE
3502,MEGADETH,2024-04-18,2024,ESPACO UNIMED,Camarote,850.0,672.5,CAMAROTE
3503,AIR SUPPLY,2024-04-21,2024,ESPACO UNIMED,Camarote,920.0,695.0,CAMAROTE
3504,VANESSA DA MATA,2024-04-27,2024,TOKIO MARINE HALL,Camarote,299.0,245.0,CAMAROTE
3507,JESSIE J,2024-04-30,2024,ESPACO UNIMED,Camarote,665.0,628.75,CAMAROTE
3508,LULU SANTOS,2024-05-04,2024,ESPACO UNIMED,Camarote,320.0,260.0,CAMAROTE
3512,GIANT ROOKS,2024-05-11,2024,ALLIANZ PARQUE,Camarote,1000.0,630.0,CAMAROTE
3513,LOUIS TOMLINSON,2024-05-11,2024,ALLIANZ PARQUE,Camarote,1000.0,630.0,CAMAROTE
3515,GILSONS,2024-05-17,2024,ESPACO UNIMED,Camarote,240.0,190.0,CAMAROTE
3520,GILSONS,2024-05-19,2024,ESPACO UNIMED,Camarote,240.0,190.0,CAMAROTE
3523,EDSON & HUDSON,2024-05-24,2024,TOKIO MARINE HALL,Camarote,300.0,240.0,CAMAROTE
3524,LUISA SONZA,2024-05-24,2024,ESPACO UNIMED,Camarote,360.0,260.0,CAMAROTE
3527,LUISA SONZA,2024-05-25,2024,ESPACO UNIMED,Camarote,360.0,260.0,CAMAROTE
3528,RAIMUNDOS,2024-05-25,2024,ARENA ANHEMBI,Camarote,260.0,190.0,CAMAROTE
3530,RICHARD CLAYDERMAN,2024-06-06,2024,ESPACO UNIMED,Camarote,500.0,325.0,CAMAROTE
3531,INTERPOL,2024-06-07,2024,AUDIO,Camarote,530.0,330.0,CAMAROTE
3532,INTERPOL,2024-06-08,2024,AUDIO,Camarote,530.0,330.0,CAMAROTE
3533,RACA NEGRA,2024-06-08,2024,VIBRA SAO PAULO,Camarote,170.0,136.66666666666666,CAMAROTE
3553,ZEZE DI CAMARGO & LUCIANO,2024-06-12,2024,ESPACO UNIMED,Camarote,500.0,350.0,CAMAROTE
3554,PERICLES,2024-06-14,2024,AUDIO,Camarote,260.0,200.0,CAMAROTE
3555,JOTA QUEST,2024-06-15,2024,ALLIANZ PARQUE,Camarote,700.0,422.0,CAMAROTE
3557,ZECA PAGODINHO,2024-06-21,2024,ESPACO UNIMED,Camarote,420.0,403.3333333333333,CAMAROTE
3558,ZECA PAGODINHO,2024-06-22,2024,ESPACO UNIMED,Camarote,420.0,403.3333333333333,CAMAROTE
3559,IVE,2024-06-26,2024,ESPACO UNIMED,Camarote,920.0,835.0,CAMAROTE
3561,OS PARALAMAS DO SUCESSO,2024-06-27,2024,PAVILHAO DO TRANSAMERICA EXPO CENTER,Camarote,395.0,247.5,CAMAROTE
3562,LAGUM,2024-06-28,2024,ESPACO UNIMED,Camarote,360.0,300.0,CAMAROTE
3563,CAPITAL INICIAL,2024-06-29,2024,ESPACO UNIMED,Camarote,280.0,220.0,CAMAROTE
3564,CAPITAL INICIAL,2024-06-30,2024,ESPACO UNIMED,Camarote,280.0,220.0,CAMAROTE
3565,THIAGUINHO,2024-07-06,2024,ESPACO UNIMED,Camarote,430.0,333.3333333333333,CAMAROTE
3571,XANDE DE PILARES,2024-07-20,2024,ESPACO UNIMED,Camarote,380.0,280.0,CAMAROTE
3585,LEGIAO URBANA,2024-08-31,2024,ESPACO UNIMED,Camarote,320.0,226.66666666666666,CAMAROTE
3587,NCT DREAM,2024-09-02,2024,ESPACO UNIMED,Camarote,840.0,1051.5,CAMAROTE
3591,SEPULTURA,2024-09-06,2024,ESPACO UNIMED,Camarote,350.0,340.0,CAMAROTE
3596,SEPULTURA,2024-09-07,2024,ESPACO UNIMED,Camarote,350.0,340.0,CAMAROTE
3598,SEPULTURA,2024-09-08,2024,ESPACO UNIMED,Camarote,350.0,340.0,CAMAROTE
3602,DEEP PURPLE,2024-09-13,2024,ESPACO UNIMED,Camarote,825.0,681.25,CAMAROTE
3603,NE-YO,2024-09-19,2024,ESPACO UNIMED,Camarote,1200.0,830.0,CAMAROTE
3606,ERIC CLAPTON,2024-09-28,2024,VIBRA SAO PAULO,Camarote,2000.0,1110.0,CAMAROTE
3609,SEU JORGE,2024-09-29,2024,MEMORIAL DA AMERICA LATINA,Camarote,360.0,280.0,CAMAROTE
3619,NANDO REIS,2024-10-12,2024,ESPACO UNIMED,Camarote,360.0,290.0,CAMAROTE
3623,THE HIVES,2024-10-15,2024,TOKIO MARINE HALL,Camarote,550.0,432.5,CAMAROTE
3625,GLORIA GROOVE,2024-10-19,2024,ESPACO UNIMED,Camarote,320.0,260.0,CAMAROTE
3634,CHITAOZINHO & XORORO,2024-10-23,2024,AUDIO,Camarote,1200.0,739.0,CAMAROTE
3635,MOTHER MOTHER,2024-10-23,2024,TOKIO MARINE HALL,Camarote,640.0,486.0,CAMAROTE
3636,DIONNE WARWICK,2024-10-26,2024,VIBRA SAO PAULO,Camarote,1200.0,733.3333333333334,CAMAROTE
3638,MATUE,2024-10-26,2024,MEMORIAL DA AMERICA LATINA,Camarote,600.0,300.0,CAMAROTE
3640,THE SMASHING PUMPKINS,2024-11-03,2024,ESPACO UNIMED,Camarote,600.0,582.5,CAMAROTE
3641,TRAVIS,2024-11-05,2024,AUDIO,Camarote,890.0,660.0,CAMAROTE
3642,ERYKAH BADU,2024-11-06,2024,ESPACO UNIMED,Camarote,475.0,345.0,CAMAROTE
3643,MARCELO D2,2024-11-06,2024,CENTRO CULTURAL SAO PAULO,Camarote,230.0,154.66666666666666,CAMAROTE
3645,MARCELO D2,2024-11-07,2024,CENTRO CULTURAL SAO PAULO,Camarote,230.0,154.66666666666666,CAMAROTE
3648,TITAS,2024-11-08,2024,EXPO CENTER NORTE,Camarote,320.0,473.75,CAMAROTE
3649,KEANE,2024-11-09,2024,ESPACO UNIMED,Camarote,830.0,665.0,CAMAROTE
3650,RAIMUNDOS,2024-11-09,2024,ESTADIO DO CANINDE,Camarote,450.0,523.3333333333334,CAMAROTE
3653,FRANZ FERDINAND,2024-11-14,2024,TOKIO MARINE HALL,Camarote,500.0,422.0,CAMAROTE
3654,GRUPO MENOS E MAIS,2024-11-14,2024,ESPACO UNIMED,Camarote,320.0,226.66666666666666,CAMAROTE
3656,KOOL & THE GANG,2024-11-15,2024,ESPACO UNIMED,Camarote,820.0,630.0,CAMAROTE
3658,AURORA,2024-11-16,2024,ESPACO UNIMED,Camarote,770.0,680.0,CAMAROTE
3662,JA RULE,2024-11-19,2024,TERRA SP,Camarote,330.0,265.0,CAMAROTE
3664,LULU SANTOS,2024-11-22,2024,TOKIO MARINE HALL,Camarote,460.0,340.0,CAMAROTE
3665,RACIONAIS MC'S,2024-11-22,2024,ESPACO UNIMED,Camarote,290.0,215.0,CAMAROTE
3666,JORGE BEN JOR,2024-11-23,2024,ESPACO UNIMED,Camarote,290.0,265.0,CAMAROTE
3670,ROBERTO CARLOS,2024-11-27,2024,ALLIANZ PARQUE,Camarote,1120.0,585.7142857142857,CAMAROTE
3672,RACIONAIS MC'S,2024-11-29,2024,ESPACO UNIMED,Camarote,290.0,215.0,CAMAROTE
3685,TOKIO HOTEL,2024-12-12,2024,VIBRA SAO PAULO,Camarote,400.0,300.0,CAMAROTE
3686,SIMONE MENDES,2024-12-13,2024,CENTRO DE TRADICOES NORDESTINAS,Camarote,900.0,416.6666666666667,CAMAROTE
3688,ZECA PAGODINHO,2024-12-14,2024,VIBRA SAO PAULO,Camarote,1200.0,820.0,CAMAROTE
3690,DREAM THEATER,2024-12-15,2024,VIBRA SAO PAULO,Camarote,850.0,1210.0,CAMAROTE
3692,CHRIS BROWN,2024-12-21,2024,ALLIANZ PARQUE,Camarote,685.5,538.0,CAMAROTE
3697,CHRIS BROWN,2024-12-22,2024,ALLIANZ PARQUE,Camarote,685.5,538.0,CAMAROTE
3707,PITTY,2025-03-21,2025,ESPACO UNIMED,Camarote,230.0,156.66666666666666,CAMAROTE
3708,ALCIONE,2025-03-22,2025,ESPACO UNIMED,Camarote,320.0,220.0,CAMAROTE
3709,GARBAGE,2025-03-22,2025,TERRA SP,Camarote,1200.0,933.3333333333334,CAMAROTE
3724,LUAN SANTANA,2025-03-29,2025,MERCADO LIVRE ARENA PACAEMBU,Camarote,1000.0,646.6666666666666,CAMAROTE
3743,BELO,2025-04-05,2025,MERCADO LIVRE ARENA PACAEMBU,Camarote,1600.0,666.6666666666666,CAMAROTE
3744,CESAR MENOTTI & FABIANO,2025-04-05,2025,MERCADO LIVRE ARENA PACAEMBU,Camarote,1600.0,666.6666666666666,CAMAROTE
3745,JORGE & MATEUS,2025-04-05,2025,MERCADO LIVRE ARENA PACAEMBU,Camarote,1600.0,666.6666666666666,CAMAROTE
3747,JORGE & MATEUS,2025-04-06,2025,MERCADO LIVRE ARENA PACAEMBU,Camarote,1600.0,666.6666666666666,CAMAROTE
3748,SIMONE MENDES,2025-04-06,2025,MERCADO LIVRE ARENA PACAEMBU,Camarote,1600.0,666.6666666666666,CAMAROTE
3750,INCUBUS,2025-04-10,2025,ESPACO UNIMED,Camarote,650.0,1368.3333333333333,CAMAROTE
3753,LUISA SONZA,2025-04-12,2025,ESPACO UNIMED,Camarote,360.0,260.0,CAMAROTE
3760,XG,2025-04-24,2025,TOKIO MARINE HALL,Camarote,630.0,570.0,CAMAROTE
3763,MARINA SENA,2025-04-26,2025,ESPACO UNIMED,Camarote,1295.0,987.5,CAMAROTE
3765,POWERWOLF,2025-05-03,2025,MEMORIAL DA AMERICA LATINA,Camarote,2172.0,1682.0,CAMAROTE
3766,SABATON,2025-05-03,2025,MEMORIAL DA AMERICA LATINA,Camarote,2172.0,1682.0,CAMAROTE
3767,SIMPLE MINDS,2025-05-04,2025,ESPACO UNIMED,Camarote,830.0,655.0,CAMAROTE
3768,SEVDALIZA,2025-05-08,2025,TOKIO MARINE HALL,Camarote,400.0,393.3333333333333,CAMAROTE
3769,PABLLO VITTAR,2025-05-09,2025,CENTRO DE TRADICOES NORDESTINAS,Camarote,500.0,366.6666666666667,CAMAROTE
3770,FOREIGNER,2025-05-10,2025,ESPACO UNIMED,Camarote,850.0,750.0,CAMAROTE
3773,ZE RAMALHO,2025-05-11,2025,ESPACO UNIMED,Camarote,360.0,253.33333333333334,CAMAROTE
3778,STICK FIGURE,2025-05-25,2025,TERRA SP,Camarote,920.0,680.0,CAMAROTE
3780,GIGI PEREZ,2025-05-30,2025,ESPACO UNIMED,Camarote,890.0,815.0,CAMAROTE
3781,HOZIER,2025-05-30,2025,ESPACO UNIMED,Camarote,890.0,815.0,CAMAROTE
3784,ANAVITORIA,2025-06-06,2025,ESPACO UNIMED,Camarote,320.0,193.33333333333334,CAMAROTE
3788,NANDO REIS,2025-06-13,2025,VIBRA SAO PAULO,Camarote,400.0,315.0,CAMAROTE
3789,BAEKHYUN,2025-06-14,2025,VIBRA SAO PAULO,Camarote,650.0,1190.0,CAMAROTE
3790,MARCOS & BELUTTI,2025-06-14,2025,SUHAI MUSIC HALL,Camarote,420.0,370.0,CAMAROTE
3791,BAEKHYUN,2025-06-15,2025,VIBRA SAO PAULO,Camarote,650.0,1190.0,CAMAROTE
3798,JEFF SATUR,2025-07-06,2025,TERRA SP,Camarote,600.0,911.6666666666666,CAMAROTE
3803,VANESSA DA MATA,2025-07-19,2025,VIBRA SAO PAULO,Camarote,320.0,220.0,CAMAROTE
3805,MATUE,2025-08-01,2025,MERCADO LIVRE ARENA PACAEMBU,Camarote,600.0,300.0,CAMAROTE
3806,VEIGH,2025-08-01,2025,MERCADO LIVRE ARENA PACAEMBU,Camarote,600.0,300.0,CAMAROTE
3807,LAGUM,2025-08-02,2025,ESPACO UNIMED,Camarote,260.0,240.0,CAMAROTE
3808,MAGIC!,2025-08-02,2025,TOKIO MARINE HALL,Camarote,1200.0,840.0,CAMAROTE
3809,THE ROSE,2025-08-08,2025,VIBRA SAO PAULO,Camarote,940.0,738.3333333333334,CAMAROTE
3813,ADO,2025-08-13,2025,ESPACO UNIMED,Camarote,930.0,710.0,CAMAROTE
3814,CPM 22,2025-08-15,2025,SUHAI MUSIC HALL,Camarote,1200.0,950.0,CAMAROTE
3815,KYLIE MINOGUE,2025-08-15,2025,GINASIO DO IBIRAPUERA,Camarote,1480.0,1144.2857142857142,CAMAROTE
3818,ROBERTO CARLOS,2025-08-16,2025,TOKIO MARINE HALL,Camarote,1200.0,956.0,CAMAROTE
3821,CHITAOZINHO & XORORO,2025-08-23,2025,ALLIANZ PARQUE,Camarote,200.0,180.0,CAMAROTE
3822,DANIEL,2025-08-23,2025,ALLIANZ PARQUE,Camarote,200.0,180.0,CAMAROTE
3823,LEONARDO,2025-08-23,2025,ALLIANZ PARQUE,Camarote,200.0,180.0,CAMAROTE
3824,VICTOR & LEO,2025-08-23,2025,ALLIANZ PARQUE,Camarote,200.0,180.0,CAMAROTE
3825,ZEZE DI CAMARGO & LUCIANO,2025-08-23,2025,ALLIANZ PARQUE,Camarote,200.0,180.0,CAMAROTE
3826,NECK DEEP,2025-08-29,2025,TOKIO MARINE HALL,Camarote,695.0,515.0,CAMAROTE
3827,YELLOWCARD,2025-08-29,2025,TOKIO MARINE HALL,Camarote,695.0,515.0,CAMAROTE
3887,JORGE BEN JOR,2025-09-20,2025,ESPACO UNIMED,Camarote,530.0,370.0,CAMAROTE
3888,RACA NEGRA,2025-09-26,2025,ESPACO UNIMED,Camarote,460.0,440.0,CAMAROTE
3889,CLAUDIA LEITTE,2025-09-27,2025,SUHAI MUSIC HALL,Camarote,400.0,416.0,CAMAROTE
3895,LAGUM,2025-10-03,2025,ESPACO UNIMED,Camarote,260.0,240.0,CAMAROTE
3896,ANAVITORIA,2025-10-04,2025,ESPACO UNIMED,Camarote,320.0,193.33333333333334,CAMAROTE
3897,MARIA BETHANIA,2025-10-04,2025,TOKIO MARINE HALL,Camarote,980.0,780.0,CAMAROTE
3898,ANAVITORIA,2025-10-05,2025,ESPACO UNIMED,Camarote,320.0,193.33333333333334,CAMAROTE
3899,MARIA BETHANIA,2025-10-05,2025,TOKIO MARINE HALL,Camarote,980.0,780.0,CAMAROTE
3900,KENNY G,2025-10-10,2025,ESPACO UNIMED,Camarote,770.0,700.0,CAMAROTE
3901,ANA CASTELA,2025-10-11,2025,SUHAI MUSIC HALL,Camarote,250.0,210.0,CAMAROTE
3902,MARIA BETHANIA,2025-10-11,2025,TOKIO MARINE HALL,Camarote,980.0,780.0,CAMAROTE
3903,MARIA BETHANIA,2025-10-12,2025,TOKIO MARINE HALL,Camarote,980.0,780.0,CAMAROTE
3904,THE CALLING,2025-10-12,2025,AUDIO,Camarote,400.0,366.6666666666667,CAMAROTE
3909,TOQUINHO,2025-10-17,2025,ESPACO UNIMED,Camarote,380.0,365.0,CAMAROTE
3911,MARIA BETHANIA,2025-10-19,2025,TOKIO MARINE HALL,Camarote,980.0,780.0,CAMAROTE
3912,RAUW ALEJANDRO,2025-10-22,2025,VIBRA SAO PAULO,Camarote,885.0,2992.5714285714284,CAMAROTE
3914,OS PARALAMAS DO SUCESSO,2025-10-24,2025,ESPACO UNIMED,Camarote,530.0,395.0,CAMAROTE
3915,P1HARMONY,2025-10-24,2025,VIBRA SAO PAULO,Camarote,700.0,1045.0,CAMAROTE
3920,MARIA BETHANIA,2025-10-25,2025,TOKIO MARINE HALL,Camarote,980.0,780.0,CAMAROTE
3924,VEIGH,2025-10-25,2025,ESPACO UNIMED,Camarote,485.0,467.8,CAMAROTE
3925,MARIA BETHANIA,2025-10-26,2025,TOKIO MARINE HALL,Camarote,980.0,780.0,CAMAROTE
3926,BACO EXU DO BLUES,2025-10-31,2025,ESPACO UNIMED,Camarote,265.0,212.5,CAMAROTE
3930,GUSTAVO MIOTO,2025-11-01,2025,ESPACO UNIMED,Camarote,300.0,200.0,CAMAROTE
3935,DAMIANO DAVID,2025-11-07,2025,TOKIO MARINE HALL,Camarote,570.0,496.0,CAMAROTE
3936,BILLY IDOL,2025-11-08,2025,VIBRA SAO PAULO,Camarote,930.0,622.5,CAMAROTE
3938,LINKIN PARK,2025-11-08,2025,MORUMBIS,Camarote,890.0,2885.8,CAMAROTE
3939,MATUE,2025-11-08,2025,KOMPLEXO TEMPO,Camarote,600.0,300.0,CAMAROTE
3940,POPPY,2025-11-08,2025,MORUMBIS,Camarote,890.0,2885.8,CAMAROTE
3941,CHASE ATLANTIC,2025-11-09,2025,SUHAI MUSIC HALL,Camarote,820.0,695.0,CAMAROTE
3942,POLO & PAN,2025-11-12,2025,AUDIO,Camarote,450.0,613.3333333333334,CAMAROTE
3943,JAMES,2025-11-13,2025,AUDIO,Camarote,685.0,685.0,CAMAROTE
3944,MASSIVE ATTACK,2025-11-13,2025,ESPACO UNIMED,Camarote,1295.0,987.5,CAMAROTE
3945,CAPITAL INICIAL,2025-11-14,2025,ESPACO UNIMED,Camarote,420.0,313.3333333333333,CAMAROTE
3946,ROBERTO CARLOS,2025-11-14,2025,SUHAI MUSIC HALL,Camarote,1200.0,750.0,CAMAROTE
3947,CAPITAL INICIAL,2025-11-15,2025,ESPACO UNIMED,Camarote,420.0,313.3333333333333,CAMAROTE
3948,DUA LIPA,2025-11-15,2025,MORUMBIS,Camarote,520.0,506.0,CAMAROTE
3949,MOLCHAT DOMA,2025-11-15,2025,TOKIO MARINE HALL,Camarote,320.0,400.0,CAMAROTE
3950,ROBERTO CARLOS,2025-11-15,2025,SUHAI MUSIC HALL,Camarote,1200.0,750.0,CAMAROTE
3952,SEU JORGE,2025-11-18,2025,ESPACO UNIMED,Camarote,460.0,400.0,CAMAROTE
3958,CHITAOZINHO & XORORO,2025-11-21,2025,ESPACO UNIMED,Camarote,700.0,540.0,CAMAROTE
3961,CHITAOZINHO & XORORO,2025-11-22,2025,ESPACO UNIMED,Camarote,700.0,540.0,CAMAROTE
3966,MC HARIEL,2025-11-23,2025,SUHAI MUSIC HALL,Camarote,170.0,157.5,CAMAROTE
3967,MC LIVINHO,2025-11-23,2025,SUHAI MUSIC HALL,Camarote,170.0,157.5,CAMAROTE
3972,ZEZE DI CAMARGO & LUCIANO,2021-09-04,2021,ESPACO DAS AMERICAS,Cadeira Inferior,350.0,564.0,CADEIRA INFERIOR
3974,FERNANDO & SOROCABA,2021-10-22,2021,VILLA COUNTRY,Cadeira Inferior,120.0,237.5,CADEIRA INFERIOR
3975,MAIARA & MARAISA,2021-10-22,2021,VILLA COUNTRY,Cadeira Inferior,120.0,237.5,CADEIRA INFERIOR
3976,FERNANDO & SOROCABA,2021-10-23,2021,VILLA COUNTRY,Cadeira Inferior,120.0,237.5,CADEIRA INFERIOR
3977,MAIARA & MARAISA,2021-10-23,2021,VILLA COUNTRY,Cadeira Inferior,120.0,237.5,CADEIRA INFERIOR
3979,ZECA PAGODINHO,2021-11-12,2021,ESPACO DAS AMERICAS,Cadeira Inferior,280.0,307.5,CADEIRA INFERIOR
3989,JOAO GOMES,2021-12-04,2021,ARENA ANHEMBI,Cadeira Inferior,560.0,622.5,CADEIRA INFERIOR
3990,LEO SANTANA,2021-12-04,2021,ARENA ANHEMBI,Cadeira Inferior,560.0,622.5,CADEIRA INFERIOR
3991,WESLEY SAFADAO,2021-12-04,2021,ARENA ANHEMBI,Cadeira Inferior,560.0,622.5,CADEIRA INFERIOR
3992,ZE NETO & CRISTIANO,2021-12-04,2021,ARENA ANHEMBI,Cadeira Inferior,560.0,622.5,CADEIRA INFERIOR
3996,HENRIQUE & JULIANO,2021-12-17,2021,ESTADIO DO CANINDE,Cadeira Inferior,250.0,570.0,CADEIRA INFERIOR
3998,NANDO REIS,2021-12-23,2021,ESPACO DAS AMERICAS,Cadeira Inferior,180.0,195.0,CADEIRA INFERIOR
4008,FERRUGEM,2022-02-05,2022,ESTADIO DO CANINDE,Cadeira Inferior,645.0,858.3333333333334,CADEIRA INFERIOR
4009,LUAN SANTANA,2022-02-05,2022,ESTADIO DO CANINDE,Cadeira Inferior,645.0,858.3333333333334,CADEIRA INFERIOR
4010,LUDMILLA,2022-02-05,2022,ESTADIO DO CANINDE,Cadeira Inferior,645.0,858.3333333333334,CADEIRA INFERIOR
4020,ZE RAMALHO,2022-02-13,2022,ESPACO DAS AMERICAS,Cadeira Inferior,220.0,245.0,CADEIRA INFERIOR
4028,DENNIS,2022-02-27,2022,JOCKEY CLUB,Cadeira Inferior,260.0,386.0,CADEIRA INFERIOR
4029,LUDMILLA,2022-02-27,2022,JOCKEY CLUB,Cadeira Inferior,260.0,386.0,CADEIRA INFERIOR
4033,GLORIA GROOVE,2022-03-01,2022,ESPACO DAS AMERICAS,Cadeira Inferior,260.0,386.0,CADEIRA INFERIOR
4035,LUDMILLA,2022-03-01,2022,ESPACO DAS AMERICAS,Cadeira Inferior,260.0,386.0,CADEIRA INFERIOR
4037,BACO EXU DO BLUES,2022-03-12,2022,AUDIO,Cadeira Inferior,110.0,123.33333333333333,CADEIRA INFERIOR
4105,KISS,2022-04-30,2022,ALLIANZ PARQUE,Cadeira Inferior,480.0,470.0,CADEIRA INFERIOR
4112,GRETA VAN FLEET,2022-05-10,2022,ESTADIO DO MORUMBI,Cadeira Inferior,320.0,452.5,CADEIRA INFERIOR
4113,METALLICA,2022-05-10,2022,ESTADIO DO MORUMBI,Cadeira Inferior,320.0,452.5,CADEIRA INFERIOR
4137,DJAVAN,2022-06-04,2022,ESPACO UNIMED,Cadeira Inferior,280.0,310.0,CADEIRA INFERIOR
4145,GLORIA GROOVE,2022-06-17,2022,ARENA ANHEMBI,Cadeira Inferior,260.0,386.0,CADEIRA INFERIOR
4147,LUDMILLA,2022-06-17,2022,ARENA ANHEMBI,Cadeira Inferior,260.0,386.0,CADEIRA INFERIOR
4148,PABLLO VITTAR,2022-06-17,2022,ARENA ANHEMBI,Cadeira Inferior,260.0,386.0,CADEIRA INFERIOR
4153,CLAUDIA LEITTE,2022-06-18,2022,ARENA ANHEMBI,Cadeira Inferior,260.0,386.0,CADEIRA INFERIOR
4212,BULLET FOR MY VALENTINE,2022-09-03,2022,AUDIO,Cadeira Inferior,665.0,605.0,CADEIRA INFERIOR
4213,IRON MAIDEN,2022-09-04,2022,ESTADIO DO MORUMBI,Cadeira Inferior,520.0,566.6666666666666,CADEIRA INFERIOR
4215,DUA LIPA,2022-09-08,2022,ARENA ANHEMBI,Cadeira Inferior,720.0,688.0,CADEIRA INFERIOR
4216,BASTILLE,2022-09-09,2022,TOKIO MARINE HALL,Cadeira Inferior,370.0,426.0,CADEIRA INFERIOR
4221,ANAVITORIA,2022-09-11,2022,TOKIO MARINE HALL,Cadeira Inferior,310.0,290.0,CADEIRA INFERIOR
4222,DJAVAN,2022-09-16,2022,MEMORIAL DA AMERICA LATINA,Cadeira Inferior,520.0,558.0,CADEIRA INFERIOR
4223,GILBERTO GIL,2022-09-16,2022,MEMORIAL DA AMERICA LATINA,Cadeira Inferior,520.0,558.0,CADEIRA INFERIOR
4225,LINIKER,2022-09-16,2022,MEMORIAL DA AMERICA LATINA,Cadeira Inferior,520.0,558.0,CADEIRA INFERIOR
4226,TASHA & TRACIE,2022-09-16,2022,MEMORIAL DA AMERICA LATINA,Cadeira Inferior,520.0,558.0,CADEIRA INFERIOR
4227,ALCEU VALENCA,2022-09-17,2022,MEMORIAL DA AMERICA LATINA,Cadeira Inferior,280.0,322.5,CADEIRA INFERIOR
4228,BK,2022-09-17,2022,MEMORIAL DA AMERICA LATINA,Cadeira Inferior,280.0,322.5,CADEIRA INFERIOR
4229,GAL COSTA,2022-09-17,2022,MEMORIAL DA AMERICA LATINA,Cadeira Inferior,280.0,322.5,CADEIRA INFERIOR
4234,BACO EXU DO BLUES,2022-09-23,2022,AUDIO,Cadeira Inferior,110.0,123.33333333333333,CADEIRA INFERIOR
4235,GUNS N' ROSES,2022-09-24,2022,ALLIANZ PARQUE,Cadeira Inferior,650.0,950.0,CADEIRA INFERIOR
4244,TINI,2022-10-08,2022,VIBRA SAO PAULO,Cadeira Inferior,650.0,650.0,CADEIRA INFERIOR
4262,ARCTIC MONKEYS,2022-11-05,2022,DISTRITO ANHEMBI,Cadeira Inferior,750.0,733.3333333333334,CADEIRA INFERIOR
4263,BEACH HOUSE,2022-11-05,2022,DISTRITO ANHEMBI,Cadeira Inferior,750.0,733.3333333333334,CADEIRA INFERIOR
4264,BJORK,2022-11-05,2022,DISTRITO ANHEMBI,Cadeira Inferior,750.0,733.3333333333334,CADEIRA INFERIOR
4265,INTERPOL,2022-11-05,2022,DISTRITO ANHEMBI,Cadeira Inferior,750.0,733.3333333333334,CADEIRA INFERIOR
4266,JOSE GONZALEZ,2022-11-05,2022,DISTRITO ANHEMBI,Cadeira Inferior,750.0,733.3333333333334,CADEIRA INFERIOR
4267,L7NNON,2022-11-05,2022,DISTRITO ANHEMBI,Cadeira Inferior,750.0,733.3333333333334,CADEIRA INFERIOR
4268,LINIKER,2022-11-05,2022,DISTRITO ANHEMBI,Cadeira Inferior,750.0,733.3333333333334,CADEIRA INFERIOR
4269,LUCCAS CARLOS,2022-11-05,2022,DISTRITO ANHEMBI,Cadeira Inferior,750.0,733.3333333333334,CADEIRA INFERIOR
4270,MICHAEL BUBLE,2022-11-05,2022,ALLIANZ PARQUE,Cadeira Inferior,400.0,468.0,CADEIRA INFERIOR
4271,MITSKI,2022-11-05,2022,DISTRITO ANHEMBI,Cadeira Inferior,750.0,733.3333333333334,CADEIRA INFERIOR
4274,SEVDALIZA,2022-11-05,2022,DISTRITO ANHEMBI,Cadeira Inferior,750.0,733.3333333333334,CADEIRA INFERIOR
4275,TASHA & TRACIE,2022-11-05,2022,DISTRITO ANHEMBI,Cadeira Inferior,750.0,733.3333333333334,CADEIRA INFERIOR
4276,BAD GYAL,2022-11-06,2022,DISTRITO ANHEMBI,Cadeira Inferior,750.0,733.3333333333334,CADEIRA INFERIOR
4277,CAROLINE POLACHEK,2022-11-06,2022,DISTRITO ANHEMBI,Cadeira Inferior,750.0,733.3333333333334,CADEIRA INFERIOR
4278,CHARLI XCX,2022-11-06,2022,DISTRITO ANHEMBI,Cadeira Inferior,750.0,733.3333333333334,CADEIRA INFERIOR
4279,FATHER JOHN MISTY,2022-11-06,2022,DISTRITO ANHEMBI,Cadeira Inferior,750.0,733.3333333333334,CADEIRA INFERIOR
4280,JPEGMAFIA,2022-11-06,2022,DISTRITO ANHEMBI,Cadeira Inferior,750.0,733.3333333333334,CADEIRA INFERIOR
4281,LORDE,2022-11-06,2022,DISTRITO ANHEMBI,Cadeira Inferior,750.0,733.3333333333334,CADEIRA INFERIOR
4282,MICHAEL BUBLE,2022-11-06,2022,ALLIANZ PARQUE,Cadeira Inferior,400.0,468.0,CADEIRA INFERIOR
4283,PHOEBE BRIDGERS,2022-11-06,2022,DISTRITO ANHEMBI,Cadeira Inferior,750.0,733.3333333333334,CADEIRA INFERIOR
4285,TRAVIS SCOTT,2022-11-06,2022,DISTRITO ANHEMBI,Cadeira Inferior,750.0,625.0,CADEIRA INFERIOR
4292,THE KILLERS,2022-11-12,2022,ALLIANZ PARQUE,Cadeira Inferior,680.0,908.0,CADEIRA INFERIOR
4293,TWENTY ONE PILOTS,2022-11-12,2022,ALLIANZ PARQUE,Cadeira Inferior,680.0,908.0,CADEIRA INFERIOR
4316,BRUNO & MARRONE,2022-12-10,2022,ALLIANZ PARQUE,Cadeira Inferior,180.0,4533.666666666667,CADEIRA INFERIOR
4317,CHITAOZINHO & XORORO,2022-12-10,2022,ALLIANZ PARQUE,Cadeira Inferior,180.0,4533.666666666667,CADEIRA INFERIOR
4318,EDUARDO COSTA,2022-12-10,2022,ALLIANZ PARQUE,Cadeira Inferior,180.0,4533.666666666667,CADEIRA INFERIOR
4319,LUDMILLA,2022-12-10,2022,NEO QUIMICA ARENA,Cadeira Inferior,260.0,386.0,CADEIRA INFERIOR
4320,MU540,2022-12-10,2022,NEO QUIMICA ARENA,Cadeira Inferior,260.0,386.0,CADEIRA INFERIOR
4321,URIAS,2022-12-10,2022,NEO QUIMICA ARENA,Cadeira Inferior,260.0,386.0,CADEIRA INFERIOR
4322,ZEZE DI CAMARGO & LUCIANO,2022-12-10,2022,ALLIANZ PARQUE,Cadeira Inferior,180.0,4533.666666666667,CADEIRA INFERIOR
4325,HARRY STYLES,2022-12-13,2022,ALLIANZ PARQUE,Cadeira Inferior,561.0,564.3333333333334,CADEIRA INFERIOR
4326,HARRY STYLES,2022-12-14,2022,ALLIANZ PARQUE,Cadeira Inferior,561.0,564.3333333333334,CADEIRA INFERIOR
4330,BRING ME THE HORIZON,2022-12-16,2022,VIBRA SAO PAULO,Cadeira Inferior,490.0,480.0,CADEIRA INFERIOR
4331,JORGE & MATEUS,2022-12-17,2022,NOVO ANHANGABAU,Cadeira Inferior,740.0,685.0,CADEIRA INFERIOR
4332,PEDRO SAMPAIO,2022-12-17,2022,NOVO ANHANGABAU,Cadeira Inferior,740.0,685.0,CADEIRA INFERIOR
4333,WESLEY SAFADAO,2022-12-17,2022,NOVO ANHANGABAU,Cadeira Inferior,740.0,685.0,CADEIRA INFERIOR
4341,LUDMILLA,2022-12-23,2022,ESPACO UNIMED,Cadeira Inferior,260.0,386.0,CADEIRA INFERIOR
4342,MC DON JUAN,2022-12-23,2022,ESPACO UNIMED,Cadeira Inferior,260.0,386.0,CADEIRA INFERIOR
4343,MC HARIEL,2022-12-23,2022,ESPACO UNIMED,Cadeira Inferior,260.0,386.0,CADEIRA INFERIOR
4344,MC LIVINHO,2022-12-23,2022,ESPACO UNIMED,Cadeira Inferior,260.0,386.0,CADEIRA INFERIOR
4359,BACKSTREET BOYS,2023-01-27,2023,ALLIANZ PARQUE,Cadeira Inferior,480.0,582.5,CADEIRA INFERIOR
4361,BACKSTREET BOYS,2023-01-28,2023,ALLIANZ PARQUE,Cadeira Inferior,480.0,582.5,CADEIRA INFERIOR
4388,IMAGINE DRAGONS,2023-02-28,2023,ALLIANZ PARQUE,Cadeira Inferior,920.0,928.3333333333334,CADEIRA INFERIOR
4390,CHICO BUARQUE,2023-03-04,2023,TOKIO MARINE HALL,Cadeira Inferior,280.0,374.0,CADEIRA INFERIOR
4392,CHICO BUARQUE,2023-03-05,2023,TOKIO MARINE HALL,Cadeira Inferior,280.0,374.0,CADEIRA INFERIOR
4393,DEF LEPPARD,2023-03-07,2023,ALLIANZ PARQUE,Cadeira Inferior,780.0,1538.5714285714287,CADEIRA INFERIOR
4394,MOTLEY CRUE,2023-03-07,2023,ALLIANZ PARQUE,Cadeira Inferior,780.0,1538.5714285714287,CADEIRA INFERIOR
4395,COLDPLAY,2023-03-10,2023,ESTADIO DO MORUMBI,Cadeira Inferior,750.0,702.5,CADEIRA INFERIOR
4396,COLDPLAY,2023-03-11,2023,ESTADIO DO MORUMBI,Cadeira Inferior,750.0,702.5,CADEIRA INFERIOR
4398,COLDPLAY,2023-03-13,2023,ESTADIO DO MORUMBI,Cadeira Inferior,750.0,702.5,CADEIRA INFERIOR
4399,COLDPLAY,2023-03-14,2023,ESTADIO DO MORUMBI,Cadeira Inferior,750.0,702.5,CADEIRA INFERIOR
4401,COLDPLAY,2023-03-17,2023,ESTADIO DO MORUMBI,Cadeira Inferior,750.0,702.5,CADEIRA INFERIOR
4403,COLDPLAY,2023-03-18,2023,ESTADIO DO MORUMBI,Cadeira Inferior,750.0,702.5,CADEIRA INFERIOR
4405,LUDOVICO EINAUDI,2023-03-19,2023,VIBRA SAO PAULO,Cadeira Inferior,710.0,563.3333333333334,CADEIRA INFERIOR
4423,CHICO BUARQUE,2023-03-25,2023,TOKIO MARINE HALL,Cadeira Inferior,280.0,374.0,CADEIRA INFERIOR
4451,CHICO BUARQUE,2023-03-30,2023,TOKIO MARINE HALL,Cadeira Inferior,280.0,374.0,CADEIRA INFERIOR
4456,GUSTAVO MIOTO,2023-04-06,2023,VIBRA SAO PAULO,Cadeira Inferior,320.0,373.3333333333333,CADEIRA INFERIOR
4457,CHICO BUARQUE,2023-04-07,2023,TOKIO MARINE HALL,Cadeira Inferior,280.0,374.0,CADEIRA INFERIOR
4467,DEEP PURPLE,2023-04-22,2023,ALLIANZ PARQUE,Cadeira Inferior,780.0,780.0,CADEIRA INFERIOR
4469,HELLOWEEN,2023-04-22,2023,ALLIANZ PARQUE,Cadeira Inferior,780.0,780.0,CADEIRA INFERIOR
4470,KISS,2023-04-22,2023,ALLIANZ PARQUE,Cadeira Inferior,780.0,780.0,CADEIRA INFERIOR
4472,SCORPIONS,2023-04-22,2023,ALLIANZ PARQUE,Cadeira Inferior,780.0,780.0,CADEIRA INFERIOR
4475,PERICLES,2023-04-28,2023,ESPACO UNIMED,Cadeira Inferior,200.0,220.0,CADEIRA INFERIOR
4490,ALICIA KEYS,2023-05-05,2023,ALLIANZ PARQUE,Cadeira Inferior,720.0,782.0,CADEIRA INFERIOR
4491,EDSON & HUDSON,2023-05-05,2023,ESPACO UNIMED,Cadeira Inferior,480.0,370.0,CADEIRA INFERIOR
4509,DANIEL,2023-05-14,2023,VIBRA SAO PAULO,Cadeira Inferior,140.0,202.5,CADEIRA INFERIOR
4511,DANIEL,2023-05-19,2023,VIBRA SAO PAULO,Cadeira Inferior,140.0,202.5,CADEIRA INFERIOR
4524,LULU SANTOS,2023-06-03,2023,ESPACO UNIMED,Cadeira Inferior,260.0,260.0,CADEIRA INFERIOR
4538,TITAS,2023-06-16,2023,ALLIANZ PARQUE,Cadeira Inferior,250.0,539.1666666666666,CADEIRA INFERIOR
4539,TITAS,2023-06-17,2023,ALLIANZ PARQUE,Cadeira Inferior,250.0,539.1666666666666,CADEIRA INFERIOR
4540,TITAS,2023-06-18,2023,ALLIANZ PARQUE,Cadeira Inferior,250.0,539.1666666666666,CADEIRA INFERIOR
4555,P1HARMONY,2023-07-21,2023,TOKIO MARINE HALL,Cadeira Inferior,490.0,437.14285714285717,CADEIRA INFERIOR
4561,ZEZE DI CAMARGO & LUCIANO,2023-08-04,2023,ESPACO UNIMED,Cadeira Inferior,340.0,360.0,CADEIRA INFERIOR
4565,ANA CASTELA,2023-08-19,2023,SAMBODROMO DO ANHEMBI,Cadeira Inferior,220.0,258.0,CADEIRA INFERIOR
4566,BRUNO & MARRONE,2023-08-19,2023,SAMBODROMO DO ANHEMBI,Cadeira Inferior,220.0,258.0,CADEIRA INFERIOR
4567,GUSTAVO MIOTO,2023-08-19,2023,SAMBODROMO DO ANHEMBI,Cadeira Inferior,220.0,258.0,CADEIRA INFERIOR
4568,JOAO GOMES,2023-08-19,2023,SAMBODROMO DO ANHEMBI,Cadeira Inferior,220.0,258.0,CADEIRA INFERIOR
4569,MAIARA & MARAISA,2023-08-19,2023,SAMBODROMO DO ANHEMBI,Cadeira Inferior,220.0,258.0,CADEIRA INFERIOR
4570,MARI FERNANDEZ,2023-08-19,2023,SAMBODROMO DO ANHEMBI,Cadeira Inferior,220.0,258.0,CADEIRA INFERIOR
4571,PEDRO SAMPAIO,2023-08-19,2023,SAMBODROMO DO ANHEMBI,Cadeira Inferior,220.0,258.0,CADEIRA INFERIOR
4572,ZE NETO & CRISTIANO,2023-08-19,2023,SAMBODROMO DO ANHEMBI,Cadeira Inferior,220.0,258.0,CADEIRA INFERIOR
4575,ATEEZ,2023-08-26,2023,ALLIANZ PARQUE,Cadeira Inferior,390.0,690.0,CADEIRA INFERIOR
4623,GILBERTO GIL,2023-09-14,2023,ESPACO UNIMED,Cadeira Inferior,380.0,396.6666666666667,CADEIRA INFERIOR
4625,GILBERTO GIL,2023-09-15,2023,ESPACO UNIMED,Cadeira Inferior,380.0,396.6666666666667,CADEIRA INFERIOR
4628,GILBERTO GIL,2023-09-16,2023,ESPACO UNIMED,Cadeira Inferior,380.0,396.6666666666667,CADEIRA INFERIOR
4638,IVETE SANGALO,2023-09-30,2023,ALLIANZ PARQUE,Cadeira Inferior,660.0,720.0,CADEIRA INFERIOR
4639,ROD STEWART,2023-09-30,2023,ALLIANZ PARQUE,Cadeira Inferior,660.0,720.0,CADEIRA INFERIOR
4641,JOTA QUEST,2023-10-08,2023,VIBRA SAO PAULO,Cadeira Inferior,190.0,151.66666666666666,CADEIRA INFERIOR
4642,KAYTRANADA,2023-10-10,2023,ALLIANZ PARQUE,Cadeira Inferior,650.0,620.0,CADEIRA INFERIOR
4643,THE WEEKND,2023-10-10,2023,ALLIANZ PARQUE,Cadeira Inferior,650.0,620.0,CADEIRA INFERIOR
4644,KAYTRANADA,2023-10-11,2023,ALLIANZ PARQUE,Cadeira Inferior,650.0,620.0,CADEIRA INFERIOR
4645,RACA NEGRA,2023-10-11,2023,ESPACO UNIMED,Cadeira Inferior,200.0,227.5,CADEIRA INFERIOR
4646,THE WEEKND,2023-10-11,2023,ALLIANZ PARQUE,Cadeira Inferior,650.0,620.0,CADEIRA INFERIOR
4647,EVANESCENCE,2023-10-21,2023,ALLIANZ PARQUE,Cadeira Inferior,350.0,975.6,CADEIRA INFERIOR
4654,HALSEY,2023-11-04,2023,ALLIANZ PARQUE,Cadeira Inferior,560.0,896.0,CADEIRA INFERIOR
4655,MGK,2023-11-04,2023,ALLIANZ PARQUE,Cadeira Inferior,560.0,896.0,CADEIRA INFERIOR
4656,SWEDISH HOUSE MAFIA,2023-11-04,2023,ALLIANZ PARQUE,Cadeira Inferior,560.0,896.0,CADEIRA INFERIOR
4665,IN FLAMES,2023-11-09,2023,TOKIO MARINE HALL,Cadeira Inferior,340.0,392.0,CADEIRA INFERIOR
4669,RED HOT CHILI PEPPERS,2023-11-10,2023,ESTADIO DO MORUMBI,Cadeira Inferior,620.0,626.0,CADEIRA INFERIOR
4671,RBD,2023-11-12,2023,ESTADIO DO MORUMBI,Cadeira Inferior,540.0,570.0,CADEIRA INFERIOR
4672,RBD,2023-11-13,2023,ESTADIO DO MORUMBI,Cadeira Inferior,540.0,570.0,CADEIRA INFERIOR
4673,ALANIS MORISSETTE,2023-11-14,2023,ALLIANZ PARQUE,Cadeira Inferior,640.0,600.0,CADEIRA INFERIOR
4675,PITTY,2023-11-14,2023,ALLIANZ PARQUE,Cadeira Inferior,640.0,600.0,CADEIRA INFERIOR
4676,RBD,2023-11-16,2023,ALLIANZ PARQUE,Cadeira Inferior,560.0,577.5,CADEIRA INFERIOR
4679,RBD,2023-11-17,2023,ALLIANZ PARQUE,Cadeira Inferior,560.0,577.5,CADEIRA INFERIOR
4681,RBD,2023-11-18,2023,ALLIANZ PARQUE,Cadeira Inferior,560.0,577.5,CADEIRA INFERIOR
4682,RBD,2023-11-19,2023,ALLIANZ PARQUE,Cadeira Inferior,560.0,577.5,CADEIRA INFERIOR
4683,SABRINA CARPENTER,2023-11-24,2023,ALLIANZ PARQUE,Cadeira Inferior,750.0,632.0,CADEIRA INFERIOR
4684,TAYLOR SWIFT,2023-11-24,2023,ALLIANZ PARQUE,Cadeira Inferior,750.0,632.0,CADEIRA INFERIOR
4686,SABRINA CARPENTER,2023-11-25,2023,ALLIANZ PARQUE,Cadeira Inferior,750.0,632.0,CADEIRA INFERIOR
4687,TAYLOR SWIFT,2023-11-25,2023,ALLIANZ PARQUE,Cadeira Inferior,750.0,632.0,CADEIRA INFERIOR
4688,SABRINA CARPENTER,2023-11-26,2023,ALLIANZ PARQUE,Cadeira Inferior,750.0,632.0,CADEIRA INFERIOR
4689,TAYLOR SWIFT,2023-11-26,2023,ALLIANZ PARQUE,Cadeira Inferior,750.0,632.0,CADEIRA INFERIOR
4692,THE KILLERS,2023-11-30,2023,TOKIO MARINE HALL,Cadeira Inferior,780.0,830.0,CADEIRA INFERIOR
4708,PAUL MCCARTNEY,2023-12-07,2023,ALLIANZ PARQUE,Cadeira Inferior,890.0,745.0,CADEIRA INFERIOR
4710,DJAVAN,2023-12-09,2023,VIBRA SAO PAULO,Cadeira Inferior,520.0,405.0,CADEIRA INFERIOR
4713,PAUL MCCARTNEY,2023-12-09,2023,ALLIANZ PARQUE,Cadeira Inferior,890.0,745.0,CADEIRA INFERIOR
4719,PAUL MCCARTNEY,2023-12-10,2023,ALLIANZ PARQUE,Cadeira Inferior,890.0,745.0,CADEIRA INFERIOR
4725,TITAS,2023-12-21,2023,ALLIANZ PARQUE,Cadeira Inferior,250.0,539.1666666666666,CADEIRA INFERIOR
4726,TITAS,2023-12-22,2023,ALLIANZ PARQUE,Cadeira Inferior,250.0,539.1666666666666,CADEIRA INFERIOR
4727,TITAS,2023-12-23,2023,ALLIANZ PARQUE,Cadeira Inferior,250.0,539.1666666666666,CADEIRA INFERIOR
4729,JAO,2024-01-20,2024,ALLIANZ PARQUE,Cadeira Inferior,125.0,400.8333333333333,CADEIRA INFERIOR
4730,JAO,2024-01-21,2024,ALLIANZ PARQUE,Cadeira Inferior,125.0,400.8333333333333,CADEIRA INFERIOR
4738,GLORIA GROOVE,2024-01-27,2024,ALLIANZ PARQUE,Cadeira Inferior,290.0,464.0,CADEIRA INFERIOR
4739,MAIARA & MARAISA,2024-01-27,2024,ALLIANZ PARQUE,Cadeira Inferior,290.0,464.0,CADEIRA INFERIOR
4747,TWICE,2024-02-06,2024,ALLIANZ PARQUE,Cadeira Inferior,620.0,626.0,CADEIRA INFERIOR
4748,TWICE,2024-02-07,2024,ALLIANZ PARQUE,Cadeira Inferior,620.0,626.0,CADEIRA INFERIOR
4749,MEN AT WORK,2024-02-21,2024,VIBRA SAO PAULO,Cadeira Inferior,700.0,625.0,CADEIRA INFERIOR
4753,A DAY TO REMEMBER,2024-03-02,2024,ALLIANZ PARQUE,Cadeira Inferior,420.0,786.6666666666666,CADEIRA INFERIOR
4754,ALL TIME LOW,2024-03-02,2024,ALLIANZ PARQUE,Cadeira Inferior,420.0,786.6666666666666,CADEIRA INFERIOR
4755,ASKING ALEXANDRIA,2024-03-02,2024,ALLIANZ PARQUE,Cadeira Inferior,420.0,786.6666666666666,CADEIRA INFERIOR
4756,BOYS LIKE GIRLS,2024-03-02,2024,ALLIANZ PARQUE,Cadeira Inferior,420.0,786.6666666666666,CADEIRA INFERIOR
4759,MAYDAY PARADE,2024-03-02,2024,ALLIANZ PARQUE,Cadeira Inferior,420.0,786.6666666666666,CADEIRA INFERIOR
4760,PITTY,2024-03-02,2024,ALLIANZ PARQUE,Cadeira Inferior,420.0,786.6666666666666,CADEIRA INFERIOR
4761,PLAIN WHITE T'S,2024-03-02,2024,ALLIANZ PARQUE,Cadeira Inferior,420.0,786.6666666666666,CADEIRA INFERIOR
4762,SIMPLE PLAN,2024-03-02,2024,ALLIANZ PARQUE,Cadeira Inferior,420.0,786.6666666666666,CADEIRA INFERIOR
4763,THE ALL-AMERICAN REJECTS,2024-03-02,2024,ALLIANZ PARQUE,Cadeira Inferior,420.0,786.6666666666666,CADEIRA INFERIOR
4764,THE USED,2024-03-02,2024,ALLIANZ PARQUE,Cadeira Inferior,420.0,786.6666666666666,CADEIRA INFERIOR
4768,MARIA BETHANIA,2024-03-09,2024,ESPACO UNIMED,Cadeira Inferior,940.0,796.0,CADEIRA INFERIOR
4769,MARIA BETHANIA,2024-03-10,2024,ESPACO UNIMED,Cadeira Inferior,940.0,796.0,CADEIRA INFERIOR
4791,LUIS MIGUEL,2024-03-23,2024,ALLIANZ PARQUE,Cadeira Inferior,660.0,860.0,CADEIRA INFERIOR
4817,SO PRA CONTRARIAR,2024-04-06,2024,ALLIANZ PARQUE,Cadeira Inferior,200.0,185.0,CADEIRA INFERIOR
4823,JONAS BROTHERS,2024-04-16,2024,ALLIANZ PARQUE,Cadeira Inferior,540.0,517.5,CADEIRA INFERIOR
4824,TURNSTILE,2024-04-16,2024,TOKIO MARINE HALL,Cadeira Inferior,440.0,736.6666666666666,CADEIRA INFERIOR
4828,VANESSA DA MATA,2024-04-27,2024,TOKIO MARINE HALL,Cadeira Inferior,269.0,245.0,CADEIRA INFERIOR
4832,LULU SANTOS,2024-05-04,2024,ESPACO UNIMED,Cadeira Inferior,260.0,260.0,CADEIRA INFERIOR
4836,GIANT ROOKS,2024-05-11,2024,ALLIANZ PARQUE,Cadeira Inferior,550.0,630.0,CADEIRA INFERIOR
4837,LOUIS TOMLINSON,2024-05-11,2024,ALLIANZ PARQUE,Cadeira Inferior,550.0,630.0,CADEIRA INFERIOR
4850,ANDREA BOCELLI,2024-05-25,2024,ALLIANZ PARQUE,Cadeira Inferior,1640.0,2845.0,CADEIRA INFERIOR
4853,ANDREA BOCELLI,2024-05-26,2024,ALLIANZ PARQUE,Cadeira Inferior,1640.0,2845.0,CADEIRA INFERIOR
4858,ARMANDINHO,2024-06-09,2024,ALLIANZ PARQUE,Cadeira Inferior,290.0,464.0,CADEIRA INFERIOR
4859,FERRUGEM,2024-06-09,2024,ALLIANZ PARQUE,Cadeira Inferior,290.0,464.0,CADEIRA INFERIOR
4860,GLORIA GROOVE,2024-06-09,2024,ALLIANZ PARQUE,Cadeira Inferior,290.0,464.0,CADEIRA INFERIOR
4861,GRUPO MENOS E MAIS,2024-06-09,2024,ALLIANZ PARQUE,Cadeira Inferior,290.0,464.0,CADEIRA INFERIOR
4862,LEO SANTANA,2024-06-09,2024,ALLIANZ PARQUE,Cadeira Inferior,290.0,464.0,CADEIRA INFERIOR
4863,LUAN PEREIRA,2024-06-09,2024,ALLIANZ PARQUE,Cadeira Inferior,290.0,464.0,CADEIRA INFERIOR
4864,LUDMILLA,2024-06-09,2024,ALLIANZ PARQUE,Cadeira Inferior,290.0,464.0,CADEIRA INFERIOR
4865,LUISA SONZA,2024-06-09,2024,ALLIANZ PARQUE,Cadeira Inferior,290.0,464.0,CADEIRA INFERIOR
4866,MC DANIEL,2024-06-09,2024,ALLIANZ PARQUE,Cadeira Inferior,290.0,464.0,CADEIRA INFERIOR
4867,MC DAVI,2024-06-09,2024,ALLIANZ PARQUE,Cadeira Inferior,290.0,464.0,CADEIRA INFERIOR
4868,MC DON JUAN,2024-06-09,2024,ALLIANZ PARQUE,Cadeira Inferior,290.0,464.0,CADEIRA INFERIOR
4869,MC HARIEL,2024-06-09,2024,ALLIANZ PARQUE,Cadeira Inferior,290.0,464.0,CADEIRA INFERIOR
4870,PEDRO SAMPAIO,2024-06-09,2024,ALLIANZ PARQUE,Cadeira Inferior,290.0,464.0,CADEIRA INFERIOR
4871,TURMA DO PAGODE,2024-06-09,2024,ALLIANZ PARQUE,Cadeira Inferior,290.0,464.0,CADEIRA INFERIOR
4872,VITOR KLEY,2024-06-09,2024,ALLIANZ PARQUE,Cadeira Inferior,290.0,464.0,CADEIRA INFERIOR
4873,WIU,2024-06-09,2024,ALLIANZ PARQUE,Cadeira Inferior,290.0,464.0,CADEIRA INFERIOR
4874,XAMA,2024-06-09,2024,ALLIANZ PARQUE,Cadeira Inferior,290.0,464.0,CADEIRA INFERIOR
4875,XAND AVIAO,2024-06-09,2024,ALLIANZ PARQUE,Cadeira Inferior,290.0,464.0,CADEIRA INFERIOR
4876,ZE FELIPE,2024-06-09,2024,ALLIANZ PARQUE,Cadeira Inferior,290.0,464.0,CADEIRA INFERIOR
4877,ZEZE DI CAMARGO & LUCIANO,2024-06-12,2024,ESPACO UNIMED,Cadeira Inferior,220.0,350.0,CADEIRA INFERIOR
4879,JOTA QUEST,2024-06-15,2024,ALLIANZ PARQUE,Cadeira Inferior,250.0,422.0,CADEIRA INFERIOR
4895,XANDE DE PILARES,2024-07-20,2024,ESPACO UNIMED,Cadeira Inferior,280.0,280.0,CADEIRA INFERIOR
4897,GUSTAVO MIOTO,2024-08-17,2024,DISTRITO ANHEMBI,Cadeira Inferior,720.0,1003.5,CADEIRA INFERIOR
4898,LEONARDO,2024-08-17,2024,DISTRITO ANHEMBI,Cadeira Inferior,720.0,1003.5,CADEIRA INFERIOR
4899,MAIARA & MARAISA,2024-08-17,2024,DISTRITO ANHEMBI,Cadeira Inferior,720.0,1003.5,CADEIRA INFERIOR
4900,NATTAN,2024-08-17,2024,DISTRITO ANHEMBI,Cadeira Inferior,720.0,1003.5,CADEIRA INFERIOR
4901,PEDRO SAMPAIO,2024-08-17,2024,DISTRITO ANHEMBI,Cadeira Inferior,720.0,1003.5,CADEIRA INFERIOR
4902,SIMONE MENDES,2024-08-17,2024,DISTRITO ANHEMBI,Cadeira Inferior,720.0,1003.5,CADEIRA INFERIOR
4903,VITOR FERNANDES,2024-08-17,2024,DISTRITO ANHEMBI,Cadeira Inferior,720.0,1003.5,CADEIRA INFERIOR
4904,ZE NETO & CRISTIANO,2024-08-17,2024,DISTRITO ANHEMBI,Cadeira Inferior,720.0,1003.5,CADEIRA INFERIOR
4917,DJ GUUGA,2024-09-07,2024,MORUMBIS,Cadeira Inferior,800.0,710.0,CADEIRA INFERIOR
4921,THE WEEKND,2024-09-07,2024,MORUMBIS,Cadeira Inferior,800.0,710.0,CADEIRA INFERIOR
4925,TRAVIS SCOTT,2024-09-11,2024,ALLIANZ PARQUE,Cadeira Inferior,750.0,672.5,CADEIRA INFERIOR
4928,MARIAH CAREY,2024-09-20,2024,ALLIANZ PARQUE,Cadeira Inferior,490.0,502.5,CADEIRA INFERIOR
4932,ERIC CLAPTON,2024-09-29,2024,ALLIANZ PARQUE,Cadeira Inferior,780.0,757.5,CADEIRA INFERIOR
4935,BRUNO MARS,2024-10-04,2024,MORUMBIS,Cadeira Inferior,780.0,802.0,CADEIRA INFERIOR
4936,BRUNO MARS,2024-10-05,2024,MORUMBIS,Cadeira Inferior,780.0,802.0,CADEIRA INFERIOR
4938,BRUNO MARS,2024-10-08,2024,MORUMBIS,Cadeira Inferior,780.0,802.0,CADEIRA INFERIOR
4939,BRUNO MARS,2024-10-09,2024,MORUMBIS,Cadeira Inferior,780.0,802.0,CADEIRA INFERIOR
4942,BRUNO MARS,2024-10-12,2024,MORUMBIS,Cadeira Inferior,780.0,802.0,CADEIRA INFERIOR
4944,BRUNO MARS,2024-10-13,2024,MORUMBIS,Cadeira Inferior,780.0,802.0,CADEIRA INFERIOR
4946,PAUL MCCARTNEY,2024-10-15,2024,ALLIANZ PARQUE,Cadeira Inferior,890.0,745.0,CADEIRA INFERIOR
4947,THE HIVES,2024-10-15,2024,TOKIO MARINE HALL,Cadeira Inferior,400.0,432.5,CADEIRA INFERIOR
4948,PAUL MCCARTNEY,2024-10-16,2024,ALLIANZ PARQUE,Cadeira Inferior,890.0,745.0,CADEIRA INFERIOR
4950,MUDVAYNE,2024-10-19,2024,ALLIANZ PARQUE,Cadeira Inferior,690.0,1790.0,CADEIRA INFERIOR
4951,SLIPKNOT,2024-10-19,2024,ALLIANZ PARQUE,Cadeira Inferior,690.0,1790.0,CADEIRA INFERIOR
4952,BABYMETAL,2024-10-20,2024,ALLIANZ PARQUE,Cadeira Inferior,690.0,1790.0,CADEIRA INFERIOR
4953,BAD OMENS,2024-10-20,2024,ALLIANZ PARQUE,Cadeira Inferior,690.0,1790.0,CADEIRA INFERIOR
4954,P.O.D.,2024-10-20,2024,ALLIANZ PARQUE,Cadeira Inferior,690.0,1790.0,CADEIRA INFERIOR
4955,POPPY,2024-10-20,2024,ALLIANZ PARQUE,Cadeira Inferior,690.0,1790.0,CADEIRA INFERIOR
4956,SLIPKNOT,2024-10-20,2024,ALLIANZ PARQUE,Cadeira Inferior,690.0,1790.0,CADEIRA INFERIOR
4958,CHITAOZINHO & XORORO,2024-10-23,2024,AUDIO,Cadeira Inferior,560.0,739.0,CADEIRA INFERIOR
4959,MOTHER MOTHER,2024-10-23,2024,TOKIO MARINE HALL,Cadeira Inferior,390.0,486.0,CADEIRA INFERIOR
4977,FRANZ FERDINAND,2024-11-14,2024,TOKIO MARINE HALL,Cadeira Inferior,420.0,422.0,CADEIRA INFERIOR
4981,LINKIN PARK,2024-11-15,2024,ALLIANZ PARQUE,Cadeira Inferior,850.0,848.3333333333334,CADEIRA INFERIOR
4984,LINKIN PARK,2024-11-16,2024,ALLIANZ PARQUE,Cadeira Inferior,850.0,848.3333333333334,CADEIRA INFERIOR
4991,LENNY KRAVITZ,2024-11-23,2024,ALLIANZ PARQUE,Cadeira Inferior,680.0,574.0,CADEIRA INFERIOR
4992,LINIKER,2024-11-23,2024,ALLIANZ PARQUE,Cadeira Inferior,680.0,574.0,CADEIRA INFERIOR
4994,ROBERTO CARLOS,2024-11-27,2024,ALLIANZ PARQUE,Cadeira Inferior,590.0,585.7142857142857,CADEIRA INFERIOR
4998,BRING ME THE HORIZON,2024-11-30,2024,ALLIANZ PARQUE,Cadeira Inferior,490.0,480.0,CADEIRA INFERIOR
4999,MOTIONLESS IN WHITE,2024-11-30,2024,ALLIANZ PARQUE,Cadeira Inferior,490.0,480.0,CADEIRA INFERIOR
5000,SPIRITBOX,2024-11-30,2024,ALLIANZ PARQUE,Cadeira Inferior,490.0,480.0,CADEIRA INFERIOR
5001,THE PLOT IN YOU,2024-11-30,2024,ALLIANZ PARQUE,Cadeira Inferior,490.0,480.0,CADEIRA INFERIOR
5002,IRON MAIDEN,2024-12-06,2024,ALLIANZ PARQUE,Cadeira Inferior,690.0,710.0,CADEIRA INFERIOR
5003,VOLBEAT,2024-12-06,2024,ALLIANZ PARQUE,Cadeira Inferior,690.0,710.0,CADEIRA INFERIOR
5004,IRON MAIDEN,2024-12-07,2024,ALLIANZ PARQUE,Cadeira Inferior,690.0,710.0,CADEIRA INFERIOR
5007,VOLBEAT,2024-12-07,2024,ALLIANZ PARQUE,Cadeira Inferior,690.0,710.0,CADEIRA INFERIOR
5023,RISE AGAINST,2025-03-08,2025,ALLIANZ PARQUE,Cadeira Inferior,590.0,623.3333333333334,CADEIRA INFERIOR
5024,SUBLIME,2025-03-08,2025,ALLIANZ PARQUE,Cadeira Inferior,590.0,623.3333333333334,CADEIRA INFERIOR
5025,THE OFFSPRING,2025-03-08,2025,ALLIANZ PARQUE,Cadeira Inferior,590.0,623.3333333333334,CADEIRA INFERIOR
5026,THE WARNING,2025-03-08,2025,ALLIANZ PARQUE,Cadeira Inferior,590.0,623.3333333333334,CADEIRA INFERIOR
5027,SIMPLY RED,2025-03-15,2025,ALLIANZ PARQUE,Cadeira Inferior,690.0,868.0,CADEIRA INFERIOR
5067,BELO,2025-04-05,2025,MERCADO LIVRE ARENA PACAEMBU,Cadeira Inferior,300.0,666.6666666666666,CADEIRA INFERIOR
5068,CESAR MENOTTI & FABIANO,2025-04-05,2025,MERCADO LIVRE ARENA PACAEMBU,Cadeira Inferior,300.0,666.6666666666666,CADEIRA INFERIOR
5069,JORGE & MATEUS,2025-04-05,2025,MERCADO LIVRE ARENA PACAEMBU,Cadeira Inferior,300.0,666.6666666666666,CADEIRA INFERIOR
5070,STRAY KIDS,2025-04-05,2025,MORUMBIS,Cadeira Inferior,720.0,1003.5,CADEIRA INFERIOR
5071,JORGE & MATEUS,2025-04-06,2025,MERCADO LIVRE ARENA PACAEMBU,Cadeira Inferior,300.0,666.6666666666666,CADEIRA INFERIOR
5072,SIMONE MENDES,2025-04-06,2025,MERCADO LIVRE ARENA PACAEMBU,Cadeira Inferior,300.0,666.6666666666666,CADEIRA INFERIOR
5073,STRAY KIDS,2025-04-06,2025,MORUMBIS,Cadeira Inferior,720.0,1003.5,CADEIRA INFERIOR
5075,GILBERTO GIL,2025-04-11,2025,ALLIANZ PARQUE,Cadeira Inferior,380.0,380.0,CADEIRA INFERIOR
5076,GILBERTO GIL,2025-04-12,2025,ALLIANZ PARQUE,Cadeira Inferior,380.0,380.0,CADEIRA INFERIOR
5079,EUROPE,2025-04-19,2025,ALLIANZ PARQUE,Cadeira Inferior,780.0,1474.2857142857142,CADEIRA INFERIOR
5080,JUDAS PRIEST,2025-04-19,2025,ALLIANZ PARQUE,Cadeira Inferior,780.0,1474.2857142857142,CADEIRA INFERIOR
5081,SCORPIONS,2025-04-19,2025,ALLIANZ PARQUE,Cadeira Inferior,780.0,1474.2857142857142,CADEIRA INFERIOR
5082,JUDAS PRIEST,2025-04-20,2025,VIBRA SAO PAULO,Cadeira Inferior,780.0,1474.2857142857142,CADEIRA INFERIOR
5084,XG,2025-04-24,2025,TOKIO MARINE HALL,Cadeira Inferior,380.0,570.0,CADEIRA INFERIOR
5085,GILBERTO GIL,2025-04-25,2025,ALLIANZ PARQUE,Cadeira Inferior,380.0,380.0,CADEIRA INFERIOR
5086,GILBERTO GIL,2025-04-26,2025,ALLIANZ PARQUE,Cadeira Inferior,380.0,380.0,CADEIRA INFERIOR
5095,SYSTEM OF A DOWN,2025-05-10,2025,ALLIANZ PARQUE,Cadeira Inferior,695.0,993.3333333333334,CADEIRA INFERIOR
5096,SYSTEM OF A DOWN,2025-05-11,2025,ALLIANZ PARQUE,Cadeira Inferior,695.0,993.3333333333334,CADEIRA INFERIOR
5106,OS PARALAMAS DO SUCESSO,2025-05-31,2025,ALLIANZ PARQUE,Cadeira Inferior,345.0,266.25,CADEIRA INFERIOR
5121,HENRIQUE & JULIANO,2025-07-05,2025,ALLIANZ PARQUE,Cadeira Inferior,580.0,567.5,CADEIRA INFERIOR
5128,MAIARA & MARAISA,2025-07-25,2025,CENTRO DE TRADICOES NORDESTINAS,Cadeira Inferior,690.0,1790.0,CADEIRA INFERIOR
5133,THE ROSE,2025-08-08,2025,VIBRA SAO PAULO,Cadeira Inferior,890.0,738.3333333333334,CADEIRA INFERIOR
5139,KYLIE MINOGUE,2025-08-15,2025,GINASIO DO IBIRAPUERA,Cadeira Inferior,1180.0,1144.2857142857142,CADEIRA INFERIOR
5142,ROBERTO CARLOS,2025-08-16,2025,TOKIO MARINE HALL,Cadeira Inferior,900.0,956.0,CADEIRA INFERIOR
5150,NECK DEEP,2025-08-29,2025,TOKIO MARINE HALL,Cadeira Inferior,495.0,515.0,CADEIRA INFERIOR
5151,YELLOWCARD,2025-08-29,2025,TOKIO MARINE HALL,Cadeira Inferior,495.0,515.0,CADEIRA INFERIOR
5152,FALL OUT BOY,2025-08-30,2025,ALLIANZ PARQUE,Cadeira Inferior,695.0,870.0,CADEIRA INFERIOR
5153,GOOD CHARLOTTE,2025-08-30,2025,ALLIANZ PARQUE,Cadeira Inferior,695.0,870.0,CADEIRA INFERIOR
5154,NECK DEEP,2025-08-30,2025,ALLIANZ PARQUE,Cadeira Inferior,695.0,870.0,CADEIRA INFERIOR
5155,YELLOWCARD,2025-08-30,2025,ALLIANZ PARQUE,Cadeira Inferior,695.0,870.0,CADEIRA INFERIOR
5212,RACA NEGRA,2025-09-26,2025,ESPACO UNIMED,Cadeira Inferior,400.0,440.0,CADEIRA INFERIOR
5216,CA7RIEL & PACO AMOROSO,2025-09-30,2025,ALLIANZ PARQUE,Cadeira Inferior,890.0,757.5,CADEIRA INFERIOR
5217,KENDRICK LAMAR,2025-09-30,2025,ALLIANZ PARQUE,Cadeira Inferior,890.0,757.5,CADEIRA INFERIOR
5221,MARIA BETHANIA,2025-10-04,2025,TOKIO MARINE HALL,Cadeira Inferior,940.0,780.0,CADEIRA INFERIOR
5223,MARIA BETHANIA,2025-10-05,2025,TOKIO MARINE HALL,Cadeira Inferior,940.0,780.0,CADEIRA INFERIOR
5225,ANA CASTELA,2025-10-11,2025,SUHAI MUSIC HALL,Cadeira Inferior,150.0,210.0,CADEIRA INFERIOR
5226,MARIA BETHANIA,2025-10-11,2025,TOKIO MARINE HALL,Cadeira Inferior,940.0,780.0,CADEIRA INFERIOR
5227,MARIA BETHANIA,2025-10-12,2025,TOKIO MARINE HALL,Cadeira Inferior,940.0,780.0,CADEIRA INFERIOR
5230,GILBERTO GIL,2025-10-17,2025,ALLIANZ PARQUE,Cadeira Inferior,380.0,380.0,CADEIRA INFERIOR
5234,GILBERTO GIL,2025-10-18,2025,ALLIANZ PARQUE,Cadeira Inferior,380.0,380.0,CADEIRA INFERIOR
5235,MARIA BETHANIA,2025-10-19,2025,TOKIO MARINE HALL,Cadeira Inferior,940.0,780.0,CADEIRA INFERIOR
5244,MARIA BETHANIA,2025-10-25,2025,TOKIO MARINE HALL,Cadeira Inferior,940.0,780.0,CADEIRA INFERIOR
5249,MARIA BETHANIA,2025-10-26,2025,TOKIO MARINE HALL,Cadeira Inferior,940.0,780.0,CADEIRA INFERIOR
5259,DAMIANO DAVID,2025-11-07,2025,TOKIO MARINE HALL,Cadeira Inferior,490.0,496.0,CADEIRA INFERIOR
5272,DUA LIPA,2025-11-15,2025,MORUMBIS,Cadeira Inferior,520.0,506.0,CADEIRA INFERIOR
5273,MOLCHAT DOMA,2025-11-15,2025,TOKIO MARINE HALL,Cadeira Inferior,400.0,400.0,CADEIRA INFERIOR
5280,ANDREA BOCELLI,2025-11-21,2025,MERCADO LIVRE ARENA PACAEMBU,Cadeira Inferior,1580.0,3423.3333333333335,CADEIRA INFERIOR
5284,ANDREA BOCELLI,2025-11-22,2025,MERCADO LIVRE ARENA PACAEMBU,Cadeira Inferior,1580.0,3423.3333333333335,CADEIRA INFERIOR
5421,MARIA BETHANIA,2022-04-16,2022,ESPACO DAS AMERICAS,Cadeira Inferior Visão Parcial,140.0,215.4,CADEIRA INFERIOR VISAO PARCIAL
5497,RAIMUNDOS,2022-07-17,2022,TOKIO MARINE HALL,Cadeira Inferior Visão Parcial,220.0,230.0,CADEIRA INFERIOR VISAO PARCIAL
5965,JOTA QUEST,2023-10-08,2023,VIBRA SAO PAULO,Cadeira Inferior Visão Parcial,150.0,151.66666666666666,CADEIRA INFERIOR VISAO PARCIAL
6007,SABRINA CARPENTER,2023-11-24,2023,ALLIANZ PARQUE,Cadeira Inferior Visão Parcial,480.0,632.0,CADEIRA INFERIOR VISAO PARCIAL
6008,TAYLOR SWIFT,2023-11-24,2023,ALLIANZ PARQUE,Cadeira Inferior Visão Parcial,480.0,632.0,CADEIRA INFERIOR VISAO PARCIAL
6010,SABRINA CARPENTER,2023-11-25,2023,ALLIANZ PARQUE,Cadeira Inferior Visão Parcial,480.0,632.0,CADEIRA INFERIOR VISAO PARCIAL
6011,TAYLOR SWIFT,2023-11-25,2023,ALLIANZ PARQUE,Cadeira Inferior Visão Parcial,480.0,632.0,CADEIRA INFERIOR VISAO PARCIAL
6012,SABRINA CARPENTER,2023-11-26,2023,ALLIANZ PARQUE,Cadeira Inferior Visão Parcial,480.0,632.0,CADEIRA INFERIOR VISAO PARCIAL
6013,TAYLOR SWIFT,2023-11-26,2023,ALLIANZ PARQUE,Cadeira Inferior Visão Parcial,480.0,632.0,CADEIRA INFERIOR VISAO PARCIAL
6115,LUIS MIGUEL,2024-03-23,2024,ALLIANZ PARQUE,Cadeira Inferior Visão Parcial,720.0,860.0,CADEIRA INFERIOR VISAO PARCIAL
6315,LENNY KRAVITZ,2024-11-23,2024,ALLIANZ PARQUE,Cadeira Inferior Visão Parcial,480.0,574.0,CADEIRA INFERIOR VISAO PARCIAL
6316,LINIKER,2024-11-23,2024,ALLIANZ PARQUE,Cadeira Inferior Visão Parcial,480.0,574.0,CADEIRA INFERIOR VISAO PARCIAL
6318,ROBERTO CARLOS,2024-11-27,2024,ALLIANZ PARQUE,Cadeira Inferior Visão Parcial,350.0,585.7142857142857,CADEIRA INFERIOR VISAO PARCIAL
6326,IRON MAIDEN,2024-12-06,2024,ALLIANZ PARQUE,Cadeira Inferior Visão Parcial,650.0,710.0,CADEIRA INFERIOR VISAO PARCIAL
6327,VOLBEAT,2024-12-06,2024,ALLIANZ PARQUE,Cadeira Inferior Visão Parcial,650.0,710.0,CADEIRA INFERIOR VISAO PARCIAL
6328,IRON MAIDEN,2024-12-07,2024,ALLIANZ PARQUE,Cadeira Inferior Visão Parcial,650.0,710.0,CADEIRA INFERIOR VISAO PARCIAL
6331,VOLBEAT,2024-12-07,2024,ALLIANZ PARQUE,Cadeira Inferior Visão Parcial,650.0,710.0,CADEIRA INFERIOR VISAO PARCIAL
6351,SIMPLY RED,2025-03-15,2025,ALLIANZ PARQUE,Cadeira Inferior Visão Parcial,560.0,868.0,CADEIRA INFERIOR VISAO PARCIAL
6457,THE ROSE,2025-08-08,2025,VIBRA SAO PAULO,Cadeira Inferior Visão Parcial,690.0,738.3333333333334,CADEIRA INFERIOR VISAO PARCIAL
6463,KYLIE MINOGUE,2025-08-15,2025,GINASIO DO IBIRAPUERA,Cadeira Inferior Visão Parcial,1080.0,1144.2857142857142,CADEIRA INFERIOR VISAO PARCIAL
6620,ZEZE DI CAMARGO & LUCIANO,2021-09-04,2021,ESPACO DAS AMERICAS,Cadeira Superior,220.0,564.0,CADEIRA SUPERIOR
6622,FERNANDO & SOROCABA,2021-10-22,2021,VILLA COUNTRY,Cadeira Superior,80.0,237.5,CADEIRA SUPERIOR
6623,MAIARA & MARAISA,2021-10-22,2021,VILLA COUNTRY,Cadeira Superior,80.0,237.5,CADEIRA SUPERIOR
6624,FERNANDO & SOROCABA,2021-10-23,2021,VILLA COUNTRY,Cadeira Superior,80.0,237.5,CADEIRA SUPERIOR
6625,MAIARA & MARAISA,2021-10-23,2021,VILLA COUNTRY,Cadeira Superior,80.0,237.5,CADEIRA SUPERIOR
6637,JOAO GOMES,2021-12-04,2021,ARENA ANHEMBI,Cadeira Superior,390.0,622.5,CADEIRA SUPERIOR
6638,LEO SANTANA,2021-12-04,2021,ARENA ANHEMBI,Cadeira Superior,390.0,622.5,CADEIRA SUPERIOR
6639,WESLEY SAFADAO,2021-12-04,2021,ARENA ANHEMBI,Cadeira Superior,390.0,622.5,CADEIRA SUPERIOR
6640,ZE NETO & CRISTIANO,2021-12-04,2021,ARENA ANHEMBI,Cadeira Superior,390.0,622.5,CADEIRA SUPERIOR
6644,HENRIQUE & JULIANO,2021-12-17,2021,ESTADIO DO CANINDE,Cadeira Superior,100.0,570.0,CADEIRA SUPERIOR
6676,DENNIS,2022-02-27,2022,JOCKEY CLUB,Cadeira Superior,260.0,386.0,CADEIRA SUPERIOR
6677,LUDMILLA,2022-02-27,2022,JOCKEY CLUB,Cadeira Superior,260.0,386.0,CADEIRA SUPERIOR
6681,GLORIA GROOVE,2022-03-01,2022,ESPACO DAS AMERICAS,Cadeira Superior,260.0,386.0,CADEIRA SUPERIOR
6683,LUDMILLA,2022-03-01,2022,ESPACO DAS AMERICAS,Cadeira Superior,260.0,386.0,CADEIRA SUPERIOR
6753,KISS,2022-04-30,2022,ALLIANZ PARQUE,Cadeira Superior,300.0,470.0,CADEIRA SUPERIOR
6754,CAETANO VELOSO,2022-05-06,2022,ESPACO DAS AMERICAS,Cadeira Superior,320.0,350.0,CADEIRA SUPERIOR
6760,GRETA VAN FLEET,2022-05-10,2022,ESTADIO DO MORUMBI,Cadeira Superior,290.0,452.5,CADEIRA SUPERIOR
6761,METALLICA,2022-05-10,2022,ESTADIO DO MORUMBI,Cadeira Superior,290.0,452.5,CADEIRA SUPERIOR
6787,NANDO REIS,2022-06-10,2022,VIBRA SAO PAULO,Cadeira Superior,140.0,336.0,CADEIRA SUPERIOR
6793,GLORIA GROOVE,2022-06-17,2022,ARENA ANHEMBI,Cadeira Superior,260.0,386.0,CADEIRA SUPERIOR
6795,LUDMILLA,2022-06-17,2022,ARENA ANHEMBI,Cadeira Superior,260.0,386.0,CADEIRA SUPERIOR
6796,PABLLO VITTAR,2022-06-17,2022,ARENA ANHEMBI,Cadeira Superior,260.0,386.0,CADEIRA SUPERIOR
6801,CLAUDIA LEITTE,2022-06-18,2022,ARENA ANHEMBI,Cadeira Superior,260.0,386.0,CADEIRA SUPERIOR
6816,CAETANO VELOSO,2022-06-24,2022,ESPACO UNIMED,Cadeira Superior,320.0,351.6666666666667,CADEIRA SUPERIOR
6818,CAETANO VELOSO,2022-06-25,2022,ESPACO UNIMED,Cadeira Superior,320.0,351.6666666666667,CADEIRA SUPERIOR
6822,A-HA,2022-07-18,2022,ESPACO UNIMED,Cadeira Superior,240.0,466.6666666666667,CADEIRA SUPERIOR
6823,A-HA,2022-07-19,2022,ESPACO UNIMED,Cadeira Superior,240.0,466.6666666666667,CADEIRA SUPERIOR
6860,BULLET FOR MY VALENTINE,2022-09-03,2022,AUDIO,Cadeira Superior,365.0,605.0,CADEIRA SUPERIOR
6863,DUA LIPA,2022-09-08,2022,ARENA ANHEMBI,Cadeira Superior,780.0,688.0,CADEIRA SUPERIOR
6864,BASTILLE,2022-09-09,2022,TOKIO MARINE HALL,Cadeira Superior,340.0,426.0,CADEIRA SUPERIOR
6869,ANAVITORIA,2022-09-11,2022,TOKIO MARINE HALL,Cadeira Superior,250.0,290.0,CADEIRA SUPERIOR
6870,DJAVAN,2022-09-16,2022,MEMORIAL DA AMERICA LATINA,Cadeira Superior,210.0,558.0,CADEIRA SUPERIOR
6871,GILBERTO GIL,2022-09-16,2022,MEMORIAL DA AMERICA LATINA,Cadeira Superior,210.0,558.0,CADEIRA SUPERIOR
6873,LINIKER,2022-09-16,2022,MEMORIAL DA AMERICA LATINA,Cadeira Superior,210.0,558.0,CADEIRA SUPERIOR
6874,TASHA & TRACIE,2022-09-16,2022,MEMORIAL DA AMERICA LATINA,Cadeira Superior,210.0,558.0,CADEIRA SUPERIOR
6883,GUNS N' ROSES,2022-09-24,2022,ALLIANZ PARQUE,Cadeira Superior,380.0,950.0,CADEIRA SUPERIOR
6892,TINI,2022-10-08,2022,VIBRA SAO PAULO,Cadeira Superior,350.0,650.0,CADEIRA SUPERIOR
6899,DIOGO NOGUEIRA,2022-10-16,2022,SAMBODROMO DO ANHEMBI,Cadeira Superior,500.0,820.0,CADEIRA SUPERIOR
6901,NANDO REIS,2022-10-16,2022,SAMBODROMO DO ANHEMBI,Cadeira Superior,500.0,820.0,CADEIRA SUPERIOR
6902,VANESSA DA MATA,2022-10-16,2022,SAMBODROMO DO ANHEMBI,Cadeira Superior,500.0,820.0,CADEIRA SUPERIOR
6918,MICHAEL BUBLE,2022-11-05,2022,ALLIANZ PARQUE,Cadeira Superior,300.0,468.0,CADEIRA SUPERIOR
6930,MICHAEL BUBLE,2022-11-06,2022,ALLIANZ PARQUE,Cadeira Superior,300.0,468.0,CADEIRA SUPERIOR
6939,BONNIE TYLER,2022-11-12,2022,TOKIO MARINE HALL,Cadeira Superior,259.0,305.0,CADEIRA SUPERIOR
6940,THE KILLERS,2022-11-12,2022,ALLIANZ PARQUE,Cadeira Superior,340.0,908.0,CADEIRA SUPERIOR
6941,TWENTY ONE PILOTS,2022-11-12,2022,ALLIANZ PARQUE,Cadeira Superior,340.0,908.0,CADEIRA SUPERIOR
6951,CAETANO VELOSO,2022-11-25,2022,ESPACO UNIMED,Cadeira Superior,320.0,351.6666666666667,CADEIRA SUPERIOR
6952,CAETANO VELOSO,2022-11-26,2022,ESPACO UNIMED,Cadeira Superior,320.0,351.6666666666667,CADEIRA SUPERIOR
6955,CAETANO VELOSO,2022-11-27,2022,ESPACO UNIMED,Cadeira Superior,320.0,351.6666666666667,CADEIRA SUPERIOR
6962,HARRY STYLES,2022-12-06,2022,ALLIANZ PARQUE,Cadeira Superior,328.0,498.0,CADEIRA SUPERIOR
6967,LUDMILLA,2022-12-10,2022,NEO QUIMICA ARENA,Cadeira Superior,260.0,386.0,CADEIRA SUPERIOR
6968,MU540,2022-12-10,2022,NEO QUIMICA ARENA,Cadeira Superior,260.0,386.0,CADEIRA SUPERIOR
6969,URIAS,2022-12-10,2022,NEO QUIMICA ARENA,Cadeira Superior,260.0,386.0,CADEIRA SUPERIOR
6973,HARRY STYLES,2022-12-13,2022,ALLIANZ PARQUE,Cadeira Superior,381.0,564.3333333333334,CADEIRA SUPERIOR
6974,HARRY STYLES,2022-12-14,2022,ALLIANZ PARQUE,Cadeira Superior,381.0,564.3333333333334,CADEIRA SUPERIOR
6978,BRING ME THE HORIZON,2022-12-16,2022,VIBRA SAO PAULO,Cadeira Superior,250.0,480.0,CADEIRA SUPERIOR
6979,JORGE & MATEUS,2022-12-17,2022,NOVO ANHANGABAU,Cadeira Superior,460.0,685.0,CADEIRA SUPERIOR
6980,PEDRO SAMPAIO,2022-12-17,2022,NOVO ANHANGABAU,Cadeira Superior,460.0,685.0,CADEIRA SUPERIOR
6981,WESLEY SAFADAO,2022-12-17,2022,NOVO ANHANGABAU,Cadeira Superior,460.0,685.0,CADEIRA SUPERIOR
6988,DANIEL,2022-12-21,2022,VIBRA SAO PAULO,Cadeira Superior,190.0,350.0,CADEIRA SUPERIOR
6989,LUDMILLA,2022-12-23,2022,ESPACO UNIMED,Cadeira Superior,260.0,386.0,CADEIRA SUPERIOR
6990,MC DON JUAN,2022-12-23,2022,ESPACO UNIMED,Cadeira Superior,260.0,386.0,CADEIRA SUPERIOR
6991,MC HARIEL,2022-12-23,2022,ESPACO UNIMED,Cadeira Superior,260.0,386.0,CADEIRA SUPERIOR
6992,MC LIVINHO,2022-12-23,2022,ESPACO UNIMED,Cadeira Superior,260.0,386.0,CADEIRA SUPERIOR
6999,NCT 127,2023-01-18,2023,VIBRA SAO PAULO,Cadeira Superior,400.0,612.0,CADEIRA SUPERIOR
7000,NCT 127,2023-01-19,2023,VIBRA SAO PAULO,Cadeira Superior,400.0,612.0,CADEIRA SUPERIOR
7002,NCT 127,2023-01-20,2023,VIBRA SAO PAULO,Cadeira Superior,400.0,612.0,CADEIRA SUPERIOR
7036,IMAGINE DRAGONS,2023-02-28,2023,ALLIANZ PARQUE,Cadeira Superior,860.0,928.3333333333334,CADEIRA SUPERIOR
7038,CHICO BUARQUE,2023-03-04,2023,TOKIO MARINE HALL,Cadeira Superior,250.0,374.0,CADEIRA SUPERIOR
7040,CHICO BUARQUE,2023-03-05,2023,TOKIO MARINE HALL,Cadeira Superior,250.0,374.0,CADEIRA SUPERIOR
7041,DEF LEPPARD,2023-03-07,2023,ALLIANZ PARQUE,Cadeira Superior,480.0,1538.5714285714287,CADEIRA SUPERIOR
7042,MOTLEY CRUE,2023-03-07,2023,ALLIANZ PARQUE,Cadeira Superior,480.0,1538.5714285714287,CADEIRA SUPERIOR
7043,COLDPLAY,2023-03-10,2023,ESTADIO DO MORUMBI,Cadeira Superior,490.0,702.5,CADEIRA SUPERIOR
7044,COLDPLAY,2023-03-11,2023,ESTADIO DO MORUMBI,Cadeira Superior,490.0,702.5,CADEIRA SUPERIOR
7046,COLDPLAY,2023-03-13,2023,ESTADIO DO MORUMBI,Cadeira Superior,490.0,702.5,CADEIRA SUPERIOR
7047,COLDPLAY,2023-03-14,2023,ESTADIO DO MORUMBI,Cadeira Superior,490.0,702.5,CADEIRA SUPERIOR
7049,COLDPLAY,2023-03-17,2023,ESTADIO DO MORUMBI,Cadeira Superior,490.0,702.5,CADEIRA SUPERIOR
7050,SKANK,2023-03-17,2023,ESPACO UNIMED,Cadeira Superior,140.0,292.6666666666667,CADEIRA SUPERIOR
7051,COLDPLAY,2023-03-18,2023,ESTADIO DO MORUMBI,Cadeira Superior,490.0,702.5,CADEIRA SUPERIOR
7052,SKANK,2023-03-18,2023,ESPACO UNIMED,Cadeira Superior,140.0,292.6666666666667,CADEIRA SUPERIOR
7053,LUDOVICO EINAUDI,2023-03-19,2023,VIBRA SAO PAULO,Cadeira Superior,580.0,563.3333333333334,CADEIRA SUPERIOR
7054,SKANK,2023-03-19,2023,ESPACO UNIMED,Cadeira Superior,140.0,292.6666666666667,CADEIRA SUPERIOR
7071,CHICO BUARQUE,2023-03-25,2023,TOKIO MARINE HALL,Cadeira Superior,250.0,374.0,CADEIRA SUPERIOR
7099,CHICO BUARQUE,2023-03-30,2023,TOKIO MARINE HALL,Cadeira Superior,250.0,374.0,CADEIRA SUPERIOR
7105,CHICO BUARQUE,2023-04-07,2023,TOKIO MARINE HALL,Cadeira Superior,250.0,374.0,CADEIRA SUPERIOR
7115,DEEP PURPLE,2023-04-22,2023,ALLIANZ PARQUE,Cadeira Superior,480.0,780.0,CADEIRA SUPERIOR
7117,HELLOWEEN,2023-04-22,2023,ALLIANZ PARQUE,Cadeira Superior,480.0,780.0,CADEIRA SUPERIOR
7118,KISS,2023-04-22,2023,ALLIANZ PARQUE,Cadeira Superior,480.0,780.0,CADEIRA SUPERIOR
7120,SCORPIONS,2023-04-22,2023,ALLIANZ PARQUE,Cadeira Superior,480.0,780.0,CADEIRA SUPERIOR
7138,ALICIA KEYS,2023-05-05,2023,ALLIANZ PARQUE,Cadeira Superior,550.0,782.0,CADEIRA SUPERIOR
7139,EDSON & HUDSON,2023-05-05,2023,ESPACO UNIMED,Cadeira Superior,340.0,370.0,CADEIRA SUPERIOR
7156,BACO EXU DO BLUES,2023-05-12,2023,ESPACO UNIMED,Cadeira Superior,110.0,135.0,CADEIRA SUPERIOR
7186,TITAS,2023-06-16,2023,ALLIANZ PARQUE,Cadeira Superior,95.0,539.1666666666666,CADEIRA SUPERIOR
7187,TITAS,2023-06-17,2023,ALLIANZ PARQUE,Cadeira Superior,95.0,539.1666666666666,CADEIRA SUPERIOR
7188,TITAS,2023-06-18,2023,ALLIANZ PARQUE,Cadeira Superior,95.0,539.1666666666666,CADEIRA SUPERIOR
7195,NCT DREAM,2023-07-04,2023,VIBRA SAO PAULO,Cadeira Superior,400.0,636.0,CADEIRA SUPERIOR
7203,P1HARMONY,2023-07-21,2023,TOKIO MARINE HALL,Cadeira Superior,340.0,437.14285714285717,CADEIRA SUPERIOR
7213,ANA CASTELA,2023-08-19,2023,SAMBODROMO DO ANHEMBI,Cadeira Superior,120.0,258.0,CADEIRA SUPERIOR
7214,BRUNO & MARRONE,2023-08-19,2023,SAMBODROMO DO ANHEMBI,Cadeira Superior,120.0,258.0,CADEIRA SUPERIOR
7215,GUSTAVO MIOTO,2023-08-19,2023,SAMBODROMO DO ANHEMBI,Cadeira Superior,120.0,258.0,CADEIRA SUPERIOR
7216,JOAO GOMES,2023-08-19,2023,SAMBODROMO DO ANHEMBI,Cadeira Superior,120.0,258.0,CADEIRA SUPERIOR
7217,MAIARA & MARAISA,2023-08-19,2023,SAMBODROMO DO ANHEMBI,Cadeira Superior,120.0,258.0,CADEIRA SUPERIOR
7218,MARI FERNANDEZ,2023-08-19,2023,SAMBODROMO DO ANHEMBI,Cadeira Superior,120.0,258.0,CADEIRA SUPERIOR
7219,PEDRO SAMPAIO,2023-08-19,2023,SAMBODROMO DO ANHEMBI,Cadeira Superior,120.0,258.0,CADEIRA SUPERIOR
7220,ZE NETO & CRISTIANO,2023-08-19,2023,SAMBODROMO DO ANHEMBI,Cadeira Superior,120.0,258.0,CADEIRA SUPERIOR
7286,IVETE SANGALO,2023-09-30,2023,ALLIANZ PARQUE,Cadeira Superior,320.0,720.0,CADEIRA SUPERIOR
7287,ROD STEWART,2023-09-30,2023,ALLIANZ PARQUE,Cadeira Superior,320.0,720.0,CADEIRA SUPERIOR
7289,JOTA QUEST,2023-10-08,2023,VIBRA SAO PAULO,Cadeira Superior,80.0,151.66666666666666,CADEIRA SUPERIOR
7290,KAYTRANADA,2023-10-10,2023,ALLIANZ PARQUE,Cadeira Superior,460.0,620.0,CADEIRA SUPERIOR
7291,THE WEEKND,2023-10-10,2023,ALLIANZ PARQUE,Cadeira Superior,460.0,620.0,CADEIRA SUPERIOR
7292,KAYTRANADA,2023-10-11,2023,ALLIANZ PARQUE,Cadeira Superior,460.0,620.0,CADEIRA SUPERIOR
7294,THE WEEKND,2023-10-11,2023,ALLIANZ PARQUE,Cadeira Superior,460.0,620.0,CADEIRA SUPERIOR
7302,HALSEY,2023-11-04,2023,ALLIANZ PARQUE,Cadeira Superior,390.0,896.0,CADEIRA SUPERIOR
7303,MGK,2023-11-04,2023,ALLIANZ PARQUE,Cadeira Superior,390.0,896.0,CADEIRA SUPERIOR
7304,SWEDISH HOUSE MAFIA,2023-11-04,2023,ALLIANZ PARQUE,Cadeira Superior,390.0,896.0,CADEIRA SUPERIOR
7309,THE LUMINEERS,2023-11-05,2023,ESPACO UNIMED,Cadeira Superior,350.0,586.0,CADEIRA SUPERIOR
7313,IN FLAMES,2023-11-09,2023,TOKIO MARINE HALL,Cadeira Superior,240.0,392.0,CADEIRA SUPERIOR
7317,RED HOT CHILI PEPPERS,2023-11-10,2023,ESTADIO DO MORUMBI,Cadeira Superior,650.0,626.0,CADEIRA SUPERIOR
7319,RBD,2023-11-12,2023,ESTADIO DO MORUMBI,Cadeira Superior,420.0,570.0,CADEIRA SUPERIOR
7320,RBD,2023-11-13,2023,ESTADIO DO MORUMBI,Cadeira Superior,420.0,570.0,CADEIRA SUPERIOR
7321,ALANIS MORISSETTE,2023-11-14,2023,ALLIANZ PARQUE,Cadeira Superior,450.0,600.0,CADEIRA SUPERIOR
7323,PITTY,2023-11-14,2023,ALLIANZ PARQUE,Cadeira Superior,450.0,600.0,CADEIRA SUPERIOR
7324,RBD,2023-11-16,2023,ALLIANZ PARQUE,Cadeira Superior,420.0,577.5,CADEIRA SUPERIOR
7327,RBD,2023-11-17,2023,ALLIANZ PARQUE,Cadeira Superior,420.0,577.5,CADEIRA SUPERIOR
7329,RBD,2023-11-18,2023,ALLIANZ PARQUE,Cadeira Superior,420.0,577.5,CADEIRA SUPERIOR
7330,RBD,2023-11-19,2023,ALLIANZ PARQUE,Cadeira Superior,420.0,577.5,CADEIRA SUPERIOR
7331,SABRINA CARPENTER,2023-11-24,2023,ALLIANZ PARQUE,Cadeira Superior,500.0,632.0,CADEIRA SUPERIOR
7332,TAYLOR SWIFT,2023-11-24,2023,ALLIANZ PARQUE,Cadeira Superior,500.0,632.0,CADEIRA SUPERIOR
7334,SABRINA CARPENTER,2023-11-25,2023,ALLIANZ PARQUE,Cadeira Superior,500.0,632.0,CADEIRA SUPERIOR
7335,TAYLOR SWIFT,2023-11-25,2023,ALLIANZ PARQUE,Cadeira Superior,500.0,632.0,CADEIRA SUPERIOR
7336,SABRINA CARPENTER,2023-11-26,2023,ALLIANZ PARQUE,Cadeira Superior,500.0,632.0,CADEIRA SUPERIOR
7337,TAYLOR SWIFT,2023-11-26,2023,ALLIANZ PARQUE,Cadeira Superior,500.0,632.0,CADEIRA SUPERIOR
7355,COLBIE CAILLAT,2023-12-07,2023,VIBRA SAO PAULO,Cadeira Superior,280.0,346.6666666666667,CADEIRA SUPERIOR
7356,PAUL MCCARTNEY,2023-12-07,2023,ALLIANZ PARQUE,Cadeira Superior,450.0,745.0,CADEIRA SUPERIOR
7358,DJAVAN,2023-12-09,2023,VIBRA SAO PAULO,Cadeira Superior,210.0,405.0,CADEIRA SUPERIOR
7361,PAUL MCCARTNEY,2023-12-09,2023,ALLIANZ PARQUE,Cadeira Superior,450.0,745.0,CADEIRA SUPERIOR
7367,PAUL MCCARTNEY,2023-12-10,2023,ALLIANZ PARQUE,Cadeira Superior,450.0,745.0,CADEIRA SUPERIOR
7373,TITAS,2023-12-21,2023,ALLIANZ PARQUE,Cadeira Superior,95.0,539.1666666666666,CADEIRA SUPERIOR
7374,TITAS,2023-12-22,2023,ALLIANZ PARQUE,Cadeira Superior,95.0,539.1666666666666,CADEIRA SUPERIOR
7375,TITAS,2023-12-23,2023,ALLIANZ PARQUE,Cadeira Superior,95.0,539.1666666666666,CADEIRA SUPERIOR
7377,JAO,2024-01-20,2024,ALLIANZ PARQUE,Cadeira Superior,60.0,400.8333333333333,CADEIRA SUPERIOR
7378,JAO,2024-01-21,2024,ALLIANZ PARQUE,Cadeira Superior,60.0,400.8333333333333,CADEIRA SUPERIOR
7385,BACO EXU DO BLUES,2024-01-26,2024,ESPACO UNIMED,Cadeira Superior,110.0,135.0,CADEIRA SUPERIOR
7386,GLORIA GROOVE,2024-01-27,2024,ALLIANZ PARQUE,Cadeira Superior,100.0,464.0,CADEIRA SUPERIOR
7387,MAIARA & MARAISA,2024-01-27,2024,ALLIANZ PARQUE,Cadeira Superior,100.0,464.0,CADEIRA SUPERIOR
7395,TWICE,2024-02-06,2024,ALLIANZ PARQUE,Cadeira Superior,650.0,626.0,CADEIRA SUPERIOR
7396,TWICE,2024-02-07,2024,ALLIANZ PARQUE,Cadeira Superior,650.0,626.0,CADEIRA SUPERIOR
7397,MEN AT WORK,2024-02-21,2024,VIBRA SAO PAULO,Cadeira Superior,400.0,625.0,CADEIRA SUPERIOR
7401,A DAY TO REMEMBER,2024-03-02,2024,ALLIANZ PARQUE,Cadeira Superior,280.0,786.6666666666666,CADEIRA SUPERIOR
7402,ALL TIME LOW,2024-03-02,2024,ALLIANZ PARQUE,Cadeira Superior,280.0,786.6666666666666,CADEIRA SUPERIOR
7403,ASKING ALEXANDRIA,2024-03-02,2024,ALLIANZ PARQUE,Cadeira Superior,280.0,786.6666666666666,CADEIRA SUPERIOR
7404,BOYS LIKE GIRLS,2024-03-02,2024,ALLIANZ PARQUE,Cadeira Superior,280.0,786.6666666666666,CADEIRA SUPERIOR
7407,MAYDAY PARADE,2024-03-02,2024,ALLIANZ PARQUE,Cadeira Superior,280.0,786.6666666666666,CADEIRA SUPERIOR
7408,PITTY,2024-03-02,2024,ALLIANZ PARQUE,Cadeira Superior,280.0,786.6666666666666,CADEIRA SUPERIOR
7409,PLAIN WHITE T'S,2024-03-02,2024,ALLIANZ PARQUE,Cadeira Superior,280.0,786.6666666666666,CADEIRA SUPERIOR
7410,SIMPLE PLAN,2024-03-02,2024,ALLIANZ PARQUE,Cadeira Superior,280.0,786.6666666666666,CADEIRA SUPERIOR
7411,THE ALL-AMERICAN REJECTS,2024-03-02,2024,ALLIANZ PARQUE,Cadeira Superior,280.0,786.6666666666666,CADEIRA SUPERIOR
7412,THE USED,2024-03-02,2024,ALLIANZ PARQUE,Cadeira Superior,280.0,786.6666666666666,CADEIRA SUPERIOR
7414,BAMBAM,2024-03-05,2024,VIBRA SAO PAULO,Cadeira Superior,400.0,1001.6666666666666,CADEIRA SUPERIOR
7416,MARIA BETHANIA,2024-03-09,2024,ESPACO UNIMED,Cadeira Superior,440.0,796.0,CADEIRA SUPERIOR
7417,MARIA BETHANIA,2024-03-10,2024,ESPACO UNIMED,Cadeira Superior,440.0,796.0,CADEIRA SUPERIOR
7439,LUIS MIGUEL,2024-03-23,2024,ALLIANZ PARQUE,Cadeira Superior,430.0,860.0,CADEIRA SUPERIOR
7471,JONAS BROTHERS,2024-04-16,2024,ALLIANZ PARQUE,Cadeira Superior,350.0,517.5,CADEIRA SUPERIOR
7472,TURNSTILE,2024-04-16,2024,TOKIO MARINE HALL,Cadeira Superior,340.0,736.6666666666666,CADEIRA SUPERIOR
7476,VANESSA DA MATA,2024-04-27,2024,TOKIO MARINE HALL,Cadeira Superior,219.0,245.0,CADEIRA SUPERIOR
7484,GIANT ROOKS,2024-05-11,2024,ALLIANZ PARQUE,Cadeira Superior,320.0,630.0,CADEIRA SUPERIOR
7485,LOUIS TOMLINSON,2024-05-11,2024,ALLIANZ PARQUE,Cadeira Superior,320.0,630.0,CADEIRA SUPERIOR
7498,ANDREA BOCELLI,2024-05-25,2024,ALLIANZ PARQUE,Cadeira Superior,495.0,2845.0,CADEIRA SUPERIOR
7501,ANDREA BOCELLI,2024-05-26,2024,ALLIANZ PARQUE,Cadeira Superior,495.0,2845.0,CADEIRA SUPERIOR
7506,ARMANDINHO,2024-06-09,2024,ALLIANZ PARQUE,Cadeira Superior,100.0,464.0,CADEIRA SUPERIOR
7507,FERRUGEM,2024-06-09,2024,ALLIANZ PARQUE,Cadeira Superior,100.0,464.0,CADEIRA SUPERIOR
7508,GLORIA GROOVE,2024-06-09,2024,ALLIANZ PARQUE,Cadeira Superior,100.0,464.0,CADEIRA SUPERIOR
7509,GRUPO MENOS E MAIS,2024-06-09,2024,ALLIANZ PARQUE,Cadeira Superior,100.0,464.0,CADEIRA SUPERIOR
7510,LEO SANTANA,2024-06-09,2024,ALLIANZ PARQUE,Cadeira Superior,100.0,464.0,CADEIRA SUPERIOR
7511,LUAN PEREIRA,2024-06-09,2024,ALLIANZ PARQUE,Cadeira Superior,100.0,464.0,CADEIRA SUPERIOR
7512,LUDMILLA,2024-06-09,2024,ALLIANZ PARQUE,Cadeira Superior,100.0,464.0,CADEIRA SUPERIOR
7513,LUISA SONZA,2024-06-09,2024,ALLIANZ PARQUE,Cadeira Superior,100.0,464.0,CADEIRA SUPERIOR
7514,MC DANIEL,2024-06-09,2024,ALLIANZ PARQUE,Cadeira Superior,100.0,464.0,CADEIRA SUPERIOR
7515,MC DAVI,2024-06-09,2024,ALLIANZ PARQUE,Cadeira Superior,100.0,464.0,CADEIRA SUPERIOR
7516,MC DON JUAN,2024-06-09,2024,ALLIANZ PARQUE,Cadeira Superior,100.0,464.0,CADEIRA SUPERIOR
7517,MC HARIEL,2024-06-09,2024,ALLIANZ PARQUE,Cadeira Superior,100.0,464.0,CADEIRA SUPERIOR
7518,PEDRO SAMPAIO,2024-06-09,2024,ALLIANZ PARQUE,Cadeira Superior,100.0,464.0,CADEIRA SUPERIOR
7519,TURMA DO PAGODE,2024-06-09,2024,ALLIANZ PARQUE,Cadeira Superior,100.0,464.0,CADEIRA SUPERIOR
7520,VITOR KLEY,2024-06-09,2024,ALLIANZ PARQUE,Cadeira Superior,100.0,464.0,CADEIRA SUPERIOR
7521,WIU,2024-06-09,2024,ALLIANZ PARQUE,Cadeira Superior,100.0,464.0,CADEIRA SUPERIOR
7522,XAMA,2024-06-09,2024,ALLIANZ PARQUE,Cadeira Superior,100.0,464.0,CADEIRA SUPERIOR
7523,XAND AVIAO,2024-06-09,2024,ALLIANZ PARQUE,Cadeira Superior,100.0,464.0,CADEIRA SUPERIOR
7524,ZE FELIPE,2024-06-09,2024,ALLIANZ PARQUE,Cadeira Superior,100.0,464.0,CADEIRA SUPERIOR
7525,ZEZE DI CAMARGO & LUCIANO,2024-06-12,2024,ESPACO UNIMED,Cadeira Superior,180.0,350.0,CADEIRA SUPERIOR
7527,JOTA QUEST,2024-06-15,2024,ALLIANZ PARQUE,Cadeira Superior,100.0,422.0,CADEIRA SUPERIOR
7535,CAPITAL INICIAL,2024-06-29,2024,ESPACO UNIMED,Cadeira Superior,140.0,220.0,CADEIRA SUPERIOR
7536,CAPITAL INICIAL,2024-06-30,2024,ESPACO UNIMED,Cadeira Superior,140.0,220.0,CADEIRA SUPERIOR
7545,GUSTAVO MIOTO,2024-08-17,2024,DISTRITO ANHEMBI,Cadeira Superior,750.0,1003.5,CADEIRA SUPERIOR
7546,LEONARDO,2024-08-17,2024,DISTRITO ANHEMBI,Cadeira Superior,750.0,1003.5,CADEIRA SUPERIOR
7547,MAIARA & MARAISA,2024-08-17,2024,DISTRITO ANHEMBI,Cadeira Superior,750.0,1003.5,CADEIRA SUPERIOR
7548,NATTAN,2024-08-17,2024,DISTRITO ANHEMBI,Cadeira Superior,750.0,1003.5,CADEIRA SUPERIOR
7549,PEDRO SAMPAIO,2024-08-17,2024,DISTRITO ANHEMBI,Cadeira Superior,750.0,1003.5,CADEIRA SUPERIOR
7550,SIMONE MENDES,2024-08-17,2024,DISTRITO ANHEMBI,Cadeira Superior,750.0,1003.5,CADEIRA SUPERIOR
7551,VITOR FERNANDES,2024-08-17,2024,DISTRITO ANHEMBI,Cadeira Superior,750.0,1003.5,CADEIRA SUPERIOR
7552,ZE NETO & CRISTIANO,2024-08-17,2024,DISTRITO ANHEMBI,Cadeira Superior,750.0,1003.5,CADEIRA SUPERIOR
7553,NATIRUTS,2024-08-24,2024,ALLIANZ PARQUE,Cadeira Superior,120.0,266.6666666666667,CADEIRA SUPERIOR
7554,NATIRUTS,2024-08-25,2024,ALLIANZ PARQUE,Cadeira Superior,120.0,266.6666666666667,CADEIRA SUPERIOR
7555,BACO EXU DO BLUES,2024-08-30,2024,ESPACO UNIMED,Cadeira Superior,110.0,135.0,CADEIRA SUPERIOR
7556,NATIRUTS,2024-08-30,2024,ALLIANZ PARQUE,Cadeira Superior,120.0,266.6666666666667,CADEIRA SUPERIOR
7558,NATIRUTS,2024-08-31,2024,ALLIANZ PARQUE,Cadeira Superior,120.0,266.6666666666667,CADEIRA SUPERIOR
7565,DJ GUUGA,2024-09-07,2024,MORUMBIS,Cadeira Superior,850.0,710.0,CADEIRA SUPERIOR
7569,THE WEEKND,2024-09-07,2024,MORUMBIS,Cadeira Superior,850.0,710.0,CADEIRA SUPERIOR
7573,TRAVIS SCOTT,2024-09-11,2024,ALLIANZ PARQUE,Cadeira Superior,490.0,672.5,CADEIRA SUPERIOR
7575,NE-YO,2024-09-19,2024,ESPACO UNIMED,Cadeira Superior,530.0,830.0,CADEIRA SUPERIOR
7576,MARIAH CAREY,2024-09-20,2024,ALLIANZ PARQUE,Cadeira Superior,340.0,502.5,CADEIRA SUPERIOR
7578,ERIC CLAPTON,2024-09-28,2024,VIBRA SAO PAULO,Cadeira Superior,460.0,1110.0,CADEIRA SUPERIOR
7580,ERIC CLAPTON,2024-09-29,2024,ALLIANZ PARQUE,Cadeira Superior,430.0,757.5,CADEIRA SUPERIOR
7583,BRUNO MARS,2024-10-04,2024,MORUMBIS,Cadeira Superior,860.0,802.0,CADEIRA SUPERIOR
7584,BRUNO MARS,2024-10-05,2024,MORUMBIS,Cadeira Superior,860.0,802.0,CADEIRA SUPERIOR
7586,BRUNO MARS,2024-10-08,2024,MORUMBIS,Cadeira Superior,860.0,802.0,CADEIRA SUPERIOR
7587,BRUNO MARS,2024-10-09,2024,MORUMBIS,Cadeira Superior,860.0,802.0,CADEIRA SUPERIOR
7590,BRUNO MARS,2024-10-12,2024,MORUMBIS,Cadeira Superior,860.0,802.0,CADEIRA SUPERIOR
7592,BRUNO MARS,2024-10-13,2024,MORUMBIS,Cadeira Superior,860.0,802.0,CADEIRA SUPERIOR
7594,PAUL MCCARTNEY,2024-10-15,2024,ALLIANZ PARQUE,Cadeira Superior,450.0,745.0,CADEIRA SUPERIOR
7596,PAUL MCCARTNEY,2024-10-16,2024,ALLIANZ PARQUE,Cadeira Superior,450.0,745.0,CADEIRA SUPERIOR
7598,MUDVAYNE,2024-10-19,2024,ALLIANZ PARQUE,Cadeira Superior,490.0,1790.0,CADEIRA SUPERIOR
7599,SLIPKNOT,2024-10-19,2024,ALLIANZ PARQUE,Cadeira Superior,490.0,1790.0,CADEIRA SUPERIOR
7600,BABYMETAL,2024-10-20,2024,ALLIANZ PARQUE,Cadeira Superior,490.0,1790.0,CADEIRA SUPERIOR
7601,BAD OMENS,2024-10-20,2024,ALLIANZ PARQUE,Cadeira Superior,490.0,1790.0,CADEIRA SUPERIOR
7602,P.O.D.,2024-10-20,2024,ALLIANZ PARQUE,Cadeira Superior,490.0,1790.0,CADEIRA SUPERIOR
7603,POPPY,2024-10-20,2024,ALLIANZ PARQUE,Cadeira Superior,490.0,1790.0,CADEIRA SUPERIOR
7604,SLIPKNOT,2024-10-20,2024,ALLIANZ PARQUE,Cadeira Superior,490.0,1790.0,CADEIRA SUPERIOR
7606,CHITAOZINHO & XORORO,2024-10-23,2024,AUDIO,Cadeira Superior,200.0,739.0,CADEIRA SUPERIOR
7607,MOTHER MOTHER,2024-10-23,2024,TOKIO MARINE HALL,Cadeira Superior,360.0,486.0,CADEIRA SUPERIOR
7625,FRANZ FERDINAND,2024-11-14,2024,TOKIO MARINE HALL,Cadeira Superior,350.0,422.0,CADEIRA SUPERIOR
7627,MARINA SENA,2024-11-14,2024,AUDIO,Cadeira Superior,95.0,235.0,CADEIRA SUPERIOR
7629,LINKIN PARK,2024-11-15,2024,ALLIANZ PARQUE,Cadeira Superior,750.0,848.3333333333334,CADEIRA SUPERIOR
7632,LINKIN PARK,2024-11-16,2024,ALLIANZ PARQUE,Cadeira Superior,750.0,848.3333333333334,CADEIRA SUPERIOR
7639,LENNY KRAVITZ,2024-11-23,2024,ALLIANZ PARQUE,Cadeira Superior,380.0,574.0,CADEIRA SUPERIOR
7640,LINIKER,2024-11-23,2024,ALLIANZ PARQUE,Cadeira Superior,380.0,574.0,CADEIRA SUPERIOR
7642,ROBERTO CARLOS,2024-11-27,2024,ALLIANZ PARQUE,Cadeira Superior,350.0,585.7142857142857,CADEIRA SUPERIOR
7646,BRING ME THE HORIZON,2024-11-30,2024,ALLIANZ PARQUE,Cadeira Superior,250.0,480.0,CADEIRA SUPERIOR
7647,MOTIONLESS IN WHITE,2024-11-30,2024,ALLIANZ PARQUE,Cadeira Superior,250.0,480.0,CADEIRA SUPERIOR
7648,SPIRITBOX,2024-11-30,2024,ALLIANZ PARQUE,Cadeira Superior,250.0,480.0,CADEIRA SUPERIOR
7649,THE PLOT IN YOU,2024-11-30,2024,ALLIANZ PARQUE,Cadeira Superior,250.0,480.0,CADEIRA SUPERIOR
7650,IRON MAIDEN,2024-12-06,2024,ALLIANZ PARQUE,Cadeira Superior,425.0,710.0,CADEIRA SUPERIOR
7651,VOLBEAT,2024-12-06,2024,ALLIANZ PARQUE,Cadeira Superior,425.0,710.0,CADEIRA SUPERIOR
7652,IRON MAIDEN,2024-12-07,2024,ALLIANZ PARQUE,Cadeira Superior,425.0,710.0,CADEIRA SUPERIOR
7655,VOLBEAT,2024-12-07,2024,ALLIANZ PARQUE,Cadeira Superior,425.0,710.0,CADEIRA SUPERIOR
7660,ZECA PAGODINHO,2024-12-14,2024,VIBRA SAO PAULO,Cadeira Superior,500.0,820.0,CADEIRA SUPERIOR
7663,TITAS,2024-12-20,2024,TERRA SP,Cadeira Superior,100.0,453.3333333333333,CADEIRA SUPERIOR
7671,RISE AGAINST,2025-03-08,2025,ALLIANZ PARQUE,Cadeira Superior,390.0,623.3333333333334,CADEIRA SUPERIOR
7672,SUBLIME,2025-03-08,2025,ALLIANZ PARQUE,Cadeira Superior,390.0,623.3333333333334,CADEIRA SUPERIOR
7673,THE OFFSPRING,2025-03-08,2025,ALLIANZ PARQUE,Cadeira Superior,390.0,623.3333333333334,CADEIRA SUPERIOR
7674,THE WARNING,2025-03-08,2025,ALLIANZ PARQUE,Cadeira Superior,390.0,623.3333333333334,CADEIRA SUPERIOR
7675,SIMPLY RED,2025-03-15,2025,ALLIANZ PARQUE,Cadeira Superior,390.0,868.0,CADEIRA SUPERIOR
7680,ALCIONE,2025-03-22,2025,ESPACO UNIMED,Cadeira Superior,160.0,220.0,CADEIRA SUPERIOR
7715,BELO,2025-04-05,2025,MERCADO LIVRE ARENA PACAEMBU,Cadeira Superior,100.0,666.6666666666666,CADEIRA SUPERIOR
7716,CESAR MENOTTI & FABIANO,2025-04-05,2025,MERCADO LIVRE ARENA PACAEMBU,Cadeira Superior,100.0,666.6666666666666,CADEIRA SUPERIOR
7717,JORGE & MATEUS,2025-04-05,2025,MERCADO LIVRE ARENA PACAEMBU,Cadeira Superior,100.0,666.6666666666666,CADEIRA SUPERIOR
7718,STRAY KIDS,2025-04-05,2025,MORUMBIS,Cadeira Superior,750.0,1003.5,CADEIRA SUPERIOR
7719,JORGE & MATEUS,2025-04-06,2025,MERCADO LIVRE ARENA PACAEMBU,Cadeira Superior,100.0,666.6666666666666,CADEIRA SUPERIOR
7720,SIMONE MENDES,2025-04-06,2025,MERCADO LIVRE ARENA PACAEMBU,Cadeira Superior,100.0,666.6666666666666,CADEIRA SUPERIOR
7721,STRAY KIDS,2025-04-06,2025,MORUMBIS,Cadeira Superior,750.0,1003.5,CADEIRA SUPERIOR
7723,GILBERTO GIL,2025-04-11,2025,ALLIANZ PARQUE,Cadeira Superior,230.0,380.0,CADEIRA SUPERIOR
7724,GILBERTO GIL,2025-04-12,2025,ALLIANZ PARQUE,Cadeira Superior,230.0,380.0,CADEIRA SUPERIOR
7727,EUROPE,2025-04-19,2025,ALLIANZ PARQUE,Cadeira Superior,480.0,1474.2857142857142,CADEIRA SUPERIOR
7728,JUDAS PRIEST,2025-04-19,2025,ALLIANZ PARQUE,Cadeira Superior,480.0,1474.2857142857142,CADEIRA SUPERIOR
7729,SCORPIONS,2025-04-19,2025,ALLIANZ PARQUE,Cadeira Superior,480.0,1474.2857142857142,CADEIRA SUPERIOR
7730,JUDAS PRIEST,2025-04-20,2025,VIBRA SAO PAULO,Cadeira Superior,480.0,1474.2857142857142,CADEIRA SUPERIOR
7732,XG,2025-04-24,2025,TOKIO MARINE HALL,Cadeira Superior,300.0,570.0,CADEIRA SUPERIOR
7733,GILBERTO GIL,2025-04-25,2025,ALLIANZ PARQUE,Cadeira Superior,230.0,380.0,CADEIRA SUPERIOR
7734,GILBERTO GIL,2025-04-26,2025,ALLIANZ PARQUE,Cadeira Superior,230.0,380.0,CADEIRA SUPERIOR
7743,SYSTEM OF A DOWN,2025-05-10,2025,ALLIANZ PARQUE,Cadeira Superior,495.0,993.3333333333334,CADEIRA SUPERIOR
7744,SYSTEM OF A DOWN,2025-05-11,2025,ALLIANZ PARQUE,Cadeira Superior,495.0,993.3333333333334,CADEIRA SUPERIOR
7754,OS PARALAMAS DO SUCESSO,2025-05-31,2025,ALLIANZ PARQUE,Cadeira Superior,100.0,266.25,CADEIRA SUPERIOR
7761,BAEKHYUN,2025-06-14,2025,VIBRA SAO PAULO,Cadeira Superior,360.0,1190.0,CADEIRA SUPERIOR
7763,BAEKHYUN,2025-06-15,2025,VIBRA SAO PAULO,Cadeira Superior,360.0,1190.0,CADEIRA SUPERIOR
7769,HENRIQUE & JULIANO,2025-07-05,2025,ALLIANZ PARQUE,Cadeira Superior,420.0,567.5,CADEIRA SUPERIOR
7773,NATIRUTS,2025-07-18,2025,ALLIANZ PARQUE,Cadeira Superior,140.0,477.5,CADEIRA SUPERIOR
7774,NATIRUTS,2025-07-19,2025,ALLIANZ PARQUE,Cadeira Superior,140.0,477.5,CADEIRA SUPERIOR
7776,MAIARA & MARAISA,2025-07-25,2025,CENTRO DE TRADICOES NORDESTINAS,Cadeira Superior,490.0,1790.0,CADEIRA SUPERIOR
7780,MAGIC!,2025-08-02,2025,TOKIO MARINE HALL,Cadeira Superior,560.0,840.0,CADEIRA SUPERIOR
7781,THE ROSE,2025-08-08,2025,VIBRA SAO PAULO,Cadeira Superior,500.0,738.3333333333334,CADEIRA SUPERIOR
7787,KYLIE MINOGUE,2025-08-15,2025,GINASIO DO IBIRAPUERA,Cadeira Superior,880.0,1144.2857142857142,CADEIRA SUPERIOR
7790,ROBERTO CARLOS,2025-08-16,2025,TOKIO MARINE HALL,Cadeira Superior,780.0,956.0,CADEIRA SUPERIOR
7798,NECK DEEP,2025-08-29,2025,TOKIO MARINE HALL,Cadeira Superior,395.0,515.0,CADEIRA SUPERIOR
7799,YELLOWCARD,2025-08-29,2025,TOKIO MARINE HALL,Cadeira Superior,395.0,515.0,CADEIRA SUPERIOR
7800,FALL OUT BOY,2025-08-30,2025,ALLIANZ PARQUE,Cadeira Superior,495.0,870.0,CADEIRA SUPERIOR
7801,GOOD CHARLOTTE,2025-08-30,2025,ALLIANZ PARQUE,Cadeira Superior,495.0,870.0,CADEIRA SUPERIOR
7802,NECK DEEP,2025-08-30,2025,ALLIANZ PARQUE,Cadeira Superior,495.0,870.0,CADEIRA SUPERIOR
7803,YELLOWCARD,2025-08-30,2025,ALLIANZ PARQUE,Cadeira Superior,495.0,870.0,CADEIRA SUPERIOR
7864,CA7RIEL & PACO AMOROSO,2025-09-30,2025,ALLIANZ PARQUE,Cadeira Superior,560.0,757.5,CADEIRA SUPERIOR
7865,KENDRICK LAMAR,2025-09-30,2025,ALLIANZ PARQUE,Cadeira Superior,560.0,757.5,CADEIRA SUPERIOR
7869,MARIA BETHANIA,2025-10-04,2025,TOKIO MARINE HALL,Cadeira Superior,440.0,780.0,CADEIRA SUPERIOR
7871,MARIA BETHANIA,2025-10-05,2025,TOKIO MARINE HALL,Cadeira Superior,440.0,780.0,CADEIRA SUPERIOR
7874,MARIA BETHANIA,2025-10-11,2025,TOKIO MARINE HALL,Cadeira Superior,440.0,780.0,CADEIRA SUPERIOR
7875,MARIA BETHANIA,2025-10-12,2025,TOKIO MARINE HALL,Cadeira Superior,440.0,780.0,CADEIRA SUPERIOR
7878,GILBERTO GIL,2025-10-17,2025,ALLIANZ PARQUE,Cadeira Superior,230.0,380.0,CADEIRA SUPERIOR
7882,GILBERTO GIL,2025-10-18,2025,ALLIANZ PARQUE,Cadeira Superior,230.0,380.0,CADEIRA SUPERIOR
7883,MARIA BETHANIA,2025-10-19,2025,TOKIO MARINE HALL,Cadeira Superior,440.0,780.0,CADEIRA SUPERIOR
7884,RAUW ALEJANDRO,2025-10-22,2025,VIBRA SAO PAULO,Cadeira Superior,450.0,2992.5714285714284,CADEIRA SUPERIOR
7887,P1HARMONY,2025-10-24,2025,VIBRA SAO PAULO,Cadeira Superior,500.0,1045.0,CADEIRA SUPERIOR
7892,MARIA BETHANIA,2025-10-25,2025,TOKIO MARINE HALL,Cadeira Superior,440.0,780.0,CADEIRA SUPERIOR
7897,MARIA BETHANIA,2025-10-26,2025,TOKIO MARINE HALL,Cadeira Superior,440.0,780.0,CADEIRA SUPERIOR
7907,DAMIANO DAVID,2025-11-07,2025,TOKIO MARINE HALL,Cadeira Superior,490.0,496.0,CADEIRA SUPERIOR
7908,BILLY IDOL,2025-11-08,2025,VIBRA SAO PAULO,Cadeira Superior,470.0,622.5,CADEIRA SUPERIOR
7910,LINKIN PARK,2025-11-08,2025,MORUMBIS,Cadeira Superior,420.0,2885.8,CADEIRA SUPERIOR
7912,POPPY,2025-11-08,2025,MORUMBIS,Cadeira Superior,420.0,2885.8,CADEIRA SUPERIOR
7920,DUA LIPA,2025-11-15,2025,MORUMBIS,Cadeira Superior,320.0,506.0,CADEIRA SUPERIOR
7921,MOLCHAT DOMA,2025-11-15,2025,TOKIO MARINE HALL,Cadeira Superior,500.0,400.0,CADEIRA SUPERIOR
7928,ANDREA BOCELLI,2025-11-21,2025,MERCADO LIVRE ARENA PACAEMBU,Cadeira Superior,790.0,3423.3333333333335,CADEIRA SUPERIOR
7932,ANDREA BOCELLI,2025-11-22,2025,MERCADO LIVRE ARENA PACAEMBU,Cadeira Superior,790.0,3423.3333333333335,CADEIRA SUPERIOR
8242,MICHAEL BUBLE,2022-11-05,2022,ALLIANZ PARQUE,Cadeira Superior Visão Parcial,220.0,468.0,CADEIRA SUPERIOR VISAO PARCIAL
8254,MICHAEL BUBLE,2022-11-06,2022,ALLIANZ PARQUE,Cadeira Superior Visão Parcial,220.0,468.0,CADEIRA SUPERIOR VISAO PARCIAL
8323,NCT 127,2023-01-18,2023,VIBRA SAO PAULO,Cadeira Superior Visão Parcial,350.0,612.0,CADEIRA SUPERIOR VISAO PARCIAL
8324,NCT 127,2023-01-19,2023,VIBRA SAO PAULO,Cadeira Superior Visão Parcial,350.0,612.0,CADEIRA SUPERIOR VISAO PARCIAL
8326,NCT 127,2023-01-20,2023,VIBRA SAO PAULO,Cadeira Superior Visão Parcial,350.0,612.0,CADEIRA SUPERIOR VISAO PARCIAL
8519,NCT DREAM,2023-07-04,2023,VIBRA SAO PAULO,Cadeira Superior Visão Parcial,350.0,636.0,CADEIRA SUPERIOR VISAO PARCIAL
8613,JOTA QUEST,2023-10-08,2023,VIBRA SAO PAULO,Cadeira Superior Visão Parcial,65.0,151.66666666666666,CADEIRA SUPERIOR VISAO PARCIAL
8655,SABRINA CARPENTER,2023-11-24,2023,ALLIANZ PARQUE,Cadeira Superior Visão Parcial,380.0,632.0,CADEIRA SUPERIOR VISAO PARCIAL
8656,TAYLOR SWIFT,2023-11-24,2023,ALLIANZ PARQUE,Cadeira Superior Visão Parcial,380.0,632.0,CADEIRA SUPERIOR VISAO PARCIAL
8658,SABRINA CARPENTER,2023-11-25,2023,ALLIANZ PARQUE,Cadeira Superior Visão Parcial,380.0,632.0,CADEIRA SUPERIOR VISAO PARCIAL
8659,TAYLOR SWIFT,2023-11-25,2023,ALLIANZ PARQUE,Cadeira Superior Visão Parcial,380.0,632.0,CADEIRA SUPERIOR VISAO PARCIAL
8660,SABRINA CARPENTER,2023-11-26,2023,ALLIANZ PARQUE,Cadeira Superior Visão Parcial,380.0,632.0,CADEIRA SUPERIOR VISAO PARCIAL
8661,TAYLOR SWIFT,2023-11-26,2023,ALLIANZ PARQUE,Cadeira Superior Visão Parcial,380.0,632.0,CADEIRA SUPERIOR VISAO PARCIAL
8902,ERIC CLAPTON,2024-09-28,2024,VIBRA SAO PAULO,Cadeira Superior Visão Parcial,280.0,1110.0,CADEIRA SUPERIOR VISAO PARCIAL
8966,ROBERTO CARLOS,2024-11-27,2024,ALLIANZ PARQUE,Cadeira Superior Visão Parcial,240.0,585.7142857142857,CADEIRA SUPERIOR VISAO PARCIAL
9105,THE ROSE,2025-08-08,2025,VIBRA SAO PAULO,Cadeira Superior Visão Parcial,420.0,738.3333333333334,CADEIRA SUPERIOR VISAO PARCIAL
9111,KYLIE MINOGUE,2025-08-15,2025,GINASIO DO IBIRAPUERA,Cadeira Superior Visão Parcial,790.0,1144.2857142857142,CADEIRA SUPERIOR VISAO PARCIAL
9297,DENNIS,2022-01-22,2022,SAO PAULO EXPO,Mesa,420.0,400.0,MESA
9298,FERRUGEM,2022-01-22,2022,SAO PAULO EXPO,Mesa,420.0,400.0,MESA
9299,GUSTAVO MIOTO,2022-01-22,2022,SAO PAULO EXPO,Mesa,420.0,400.0,MESA
9435,NANDO REIS,2022-06-10,2022,VIBRA SAO PAULO,Mesa,440.0,336.0,MESA
9612,BRUNO & MARRONE,2022-12-10,2022,ALLIANZ PARQUE,Mesa,13000.0,4533.666666666667,MESA
9613,CHITAOZINHO & XORORO,2022-12-10,2022,ALLIANZ PARQUE,Mesa,13000.0,4533.666666666667,MESA
9614,EDUARDO COSTA,2022-12-10,2022,ALLIANZ PARQUE,Mesa,13000.0,4533.666666666667,MESA
9618,ZEZE DI CAMARGO & LUCIANO,2022-12-10,2022,ALLIANZ PARQUE,Mesa,13000.0,4533.666666666667,MESA
9636,DANIEL,2022-12-21,2022,VIBRA SAO PAULO,Mesa,550.0,350.0,MESA
9920,EDSON & HUDSON,2023-09-15,2023,VILLA COUNTRY,Mesa,700.0,602.0,MESA
10153,RACA NEGRA,2024-06-08,2024,VIBRA SAO PAULO,Mesa,150.0,136.66666666666666,MESA
10180,CHITAOZINHO & XORORO,2024-06-27,2024,ALLIANZ PARQUE,Mesa,13500.0,4713.666666666667,MESA
10390,FOREIGNER,2025-05-10,2025,ESPACO UNIMED,Mesa,750.0,750.0,MESA
10408,NANDO REIS,2025-06-13,2025,VIBRA SAO PAULO,Mesa,400.0,315.0,MESA
10423,VANESSA DA MATA,2025-07-19,2025,VIBRA SAO PAULO,Mesa,120.0,220.0,MESA
10814,GUSTAVO MIOTO,2022-08-20,2022,DISTRITO ANHEMBI,Cadeira,380.0,767.5,CADEIRA
10816,JORGE & MATEUS,2022-08-20,2022,DISTRITO ANHEMBI,Cadeira,380.0,767.5,CADEIRA
10817,LUDMILLA,2022-08-20,2022,DISTRITO ANHEMBI,Cadeira,380.0,767.5,CADEIRA
10818,MARI FERNANDEZ,2022-08-20,2022,DISTRITO ANHEMBI,Cadeira,380.0,767.5,CADEIRA
10819,PEDRO SAMPAIO,2022-08-20,2022,DISTRITO ANHEMBI,Cadeira,380.0,767.5,CADEIRA
10820,XAND AVIAO,2022-08-20,2022,DISTRITO ANHEMBI,Cadeira,380.0,767.5,CADEIRA
10821,ZE NETO & CRISTIANO,2022-08-20,2022,DISTRITO ANHEMBI,Cadeira,380.0,767.5,CADEIRA
11025,LUDOVICO EINAUDI,2023-03-19,2023,VIBRA SAO PAULO,Cadeira,860.0,563.3333333333334,CADEIRA
11411,LUIS MIGUEL,2024-03-23,2024,ALLIANZ PARQUE,Cadeira,800.0,860.0,CADEIRA
11470,ANDREA BOCELLI,2024-05-25,2024,ALLIANZ PARQUE,Cadeira,6400.0,2845.0,CADEIRA
11473,ANDREA BOCELLI,2024-05-26,2024,ALLIANZ PARQUE,Cadeira,6400.0,2845.0,CADEIRA
11497,ZEZE DI CAMARGO & LUCIANO,2024-06-12,2024,ESPACO UNIMED,Cadeira,480.0,350.0,CADEIRA
11504,CHITAOZINHO & XORORO,2024-06-27,2024,ALLIANZ PARQUE,Cadeira,220.0,4713.666666666667,CADEIRA
11715,SYSTEM OF A DOWN,2025-05-10,2025,ALLIANZ PARQUE,Cadeira,1195.0,993.3333333333334,CADEIRA
11716,SYSTEM OF A DOWN,2025-05-11,2025,ALLIANZ PARQUE,Cadeira,1195.0,993.3333333333334,CADEIRA
11738,ALOK,2025-06-28,2025,MERCADO LIVRE ARENA PACAEMBU,Cadeira,200.0,395.0,CADEIRA
11739,MATUE,2025-06-28,2025,MERCADO LIVRE ARENA PACAEMBU,Cadeira,200.0,395.0,CADEIRA
11900,ANDREA BOCELLI,2025-11-21,2025,MERCADO LIVRE ARENA PACAEMBU,Cadeira,7900.0,3423.3333333333335,CADEIRA
11904,ANDREA BOCELLI,2025-11-22,2025,MERCADO LIVRE ARENA PACAEMBU,Cadeira,7900.0,3423.3333333333335,CADEIRA
11972,DENNIS,2022-02-27,2022,JOCKEY CLUB,Open Bar,580.0,386.0,OPEN BAR
11973,LUDMILLA,2022-02-27,2022,JOCKEY CLUB,Open Bar,580.0,386.0,OPEN BAR
11977,GLORIA GROOVE,2022-03-01,2022,ESPACO DAS AMERICAS,Open Bar,580.0,386.0,OPEN BAR
11979,LUDMILLA,2022-03-01,2022,ESPACO DAS AMERICAS,Open Bar,580.0,386.0,OPEN BAR
12089,GLORIA GROOVE,2022-06-17,2022,ARENA ANHEMBI,Open Bar,580.0,386.0,OPEN BAR
12091,LUDMILLA,2022-06-17,2022,ARENA ANHEMBI,Open Bar,580.0,386.0,OPEN BAR
12092,PABLLO VITTAR,2022-06-17,2022,ARENA ANHEMBI,Open Bar,580.0,386.0,OPEN BAR
12097,CLAUDIA LEITTE,2022-06-18,2022,ARENA ANHEMBI,Open Bar,580.0,386.0,OPEN BAR
12263,LUDMILLA,2022-12-10,2022,NEO QUIMICA ARENA,Open Bar,580.0,386.0,OPEN BAR
12264,MU540,2022-12-10,2022,NEO QUIMICA ARENA,Open Bar,580.0,386.0,OPEN BAR
12265,URIAS,2022-12-10,2022,NEO QUIMICA ARENA,Open Bar,580.0,386.0,OPEN BAR
12285,LUDMILLA,2022-12-23,2022,ESPACO UNIMED,Open Bar,580.0,386.0,OPEN BAR
12286,MC DON JUAN,2022-12-23,2022,ESPACO UNIMED,Open Bar,580.0,386.0,OPEN BAR
12287,MC HARIEL,2022-12-23,2022,ESPACO UNIMED,Open Bar,580.0,386.0,OPEN BAR
12288,MC LIVINHO,2022-12-23,2022,ESPACO UNIMED,Open Bar,580.0,386.0,OPEN BAR
12320,DENNIS,2023-02-18,2023,JOCKEY CLUB,Open Bar,1670.0,1670.0,OPEN BAR
12321,NATTAN,2023-02-18,2023,JOCKEY CLUB,Open Bar,1670.0,1670.0,OPEN BAR
12322,THIAGUINHO,2023-02-18,2023,JOCKEY CLUB,Open Bar,1670.0,1670.0,OPEN BAR
12328,ANITTA,2023-02-21,2023,JOCKEY CLUB,Open Bar,390.0,280.0,OPEN BAR
12329,JORGE & MATEUS,2023-02-21,2023,JOCKEY CLUB,Open Bar,390.0,280.0,OPEN BAR
12330,XAND AVIAO,2023-02-21,2023,JOCKEY CLUB,Open Bar,390.0,280.0,OPEN BAR
12653,DEREK,2023-12-09,2023,NEO QUIMICA ARENA,Open Bar,330.0,470.0,OPEN BAR
12655,DON TOLIVER,2023-12-09,2023,NEO QUIMICA ARENA,Open Bar,330.0,470.0,OPEN BAR
12656,MAJOR RD,2023-12-09,2023,NEO QUIMICA ARENA,Open Bar,330.0,470.0,OPEN BAR
12658,SHECK WES,2023-12-09,2023,NEO QUIMICA ARENA,Open Bar,330.0,470.0,OPEN BAR
12659,TASHA & TRACIE,2023-12-09,2023,NEO QUIMICA ARENA,Open Bar,330.0,470.0,OPEN BAR
12660,WESLEY SAFADAO,2023-12-09,2023,DISTRITO ANHEMBI,Open Bar,330.0,470.0,OPEN BAR
12675,ANITTA,2024-01-25,2024,MEMORIAL DA AMERICA LATINA,Open Bar,680.0,480.0,OPEN BAR
12676,CLAUDIA LEITTE,2024-01-25,2024,MEMORIAL DA AMERICA LATINA,Open Bar,680.0,480.0,OPEN BAR
12677,LUISA SONZA,2024-01-25,2024,MEMORIAL DA AMERICA LATINA,Open Bar,680.0,480.0,OPEN BAR
12678,MANU,2024-01-25,2024,MEMORIAL DA AMERICA LATINA,Open Bar,680.0,480.0,OPEN BAR
12679,TETO,2024-01-25,2024,MEMORIAL DA AMERICA LATINA,Open Bar,680.0,480.0,OPEN BAR
12680,WIU,2024-01-25,2024,MEMORIAL DA AMERICA LATINA,Open Bar,680.0,480.0,OPEN BAR
12686,ANITTA,2024-02-04,2024,MEMORIAL DA AMERICA LATINA,Open Bar,680.0,480.0,OPEN BAR
12687,DENNIS,2024-02-04,2024,MEMORIAL DA AMERICA LATINA,Open Bar,680.0,480.0,OPEN BAR
12688,JOAO GOMES,2024-02-04,2024,MEMORIAL DA AMERICA LATINA,Open Bar,680.0,480.0,OPEN BAR
12689,VEIGH,2024-02-04,2024,MEMORIAL DA AMERICA LATINA,Open Bar,680.0,480.0,OPEN BAR
12690,XAND AVIAO,2024-02-04,2024,MEMORIAL DA AMERICA LATINA,Open Bar,680.0,480.0,OPEN BAR
12966,ANITTA,2025-03-03,2025,JOCKEY CLUB,Open Bar,780.0,560.0,OPEN BAR
13062,ALOK,2025-06-28,2025,MERCADO LIVRE ARENA PACAEMBU,Open Bar,900.0,395.0,OPEN BAR
13063,MATUE,2025-06-28,2025,MERCADO LIVRE ARENA PACAEMBU,Open Bar,900.0,395.0,OPEN BAR
13084,ANA CASTELA,2025-08-16,2025,ARENA ANHEMBI,Open Bar,1300.0,656.6666666666666,OPEN BAR
13085,LUAN SANTANA,2025-08-16,2025,ARENA ANHEMBI,Open Bar,1300.0,656.6666666666666,OPEN BAR
13088,IVETE SANGALO,2025-08-21,2025,SUHAI MUSIC HALL,Open Bar,570.0,556.6666666666666,OPEN BAR
13187,IVETE SANGALO,2025-10-25,2025,JOCKEY CLUB,Open Bar,570.0,556.6666666666666,OPEN BAR
13267,JORGE & MATEUS,2022-01-08,2022,EXPO CENTER NORTE,Arquibancada,90.0,283.3333333333333,ARQUIBANCADA
13268,PEDRO SAMPAIO,2022-01-08,2022,EXPO CENTER NORTE,Arquibancada,90.0,283.3333333333333,ARQUIBANCADA
13302,JORGE & MATEUS,2022-03-01,2022,JOCKEY CLUB,Arquibancada,72.0,498.0,ARQUIBANCADA
13462,GUSTAVO MIOTO,2022-08-20,2022,DISTRITO ANHEMBI,Arquibancada,190.0,767.5,ARQUIBANCADA
13464,JORGE & MATEUS,2022-08-20,2022,DISTRITO ANHEMBI,Arquibancada,190.0,767.5,ARQUIBANCADA
13465,LUDMILLA,2022-08-20,2022,DISTRITO ANHEMBI,Arquibancada,190.0,767.5,ARQUIBANCADA
13466,MARI FERNANDEZ,2022-08-20,2022,DISTRITO ANHEMBI,Arquibancada,190.0,767.5,ARQUIBANCADA
13467,PEDRO SAMPAIO,2022-08-20,2022,DISTRITO ANHEMBI,Arquibancada,190.0,767.5,ARQUIBANCADA
13468,XAND AVIAO,2022-08-20,2022,DISTRITO ANHEMBI,Arquibancada,190.0,767.5,ARQUIBANCADA
13469,ZE NETO & CRISTIANO,2022-08-20,2022,DISTRITO ANHEMBI,Arquibancada,190.0,767.5,ARQUIBANCADA
13483,DUA LIPA,2022-09-08,2022,ARENA ANHEMBI,Arquibancada,460.0,688.0,ARQUIBANCADA
13656,IMAGINE DRAGONS,2023-02-28,2023,ALLIANZ PARQUE,Arquibancada,490.0,928.3333333333334,ARQUIBANCADA
13842,CALUM SCOTT,2023-08-25,2023,VIBRA SAO PAULO,Arquibancada,470.0,810.0,ARQUIBANCADA
13937,RED HOT CHILI PEPPERS,2023-11-10,2023,ESTADIO DO MORUMBI,Arquibancada,440.0,626.0,ARQUIBANCADA
13939,RBD,2023-11-12,2023,ESTADIO DO MORUMBI,Arquibancada,560.0,570.0,ARQUIBANCADA
13940,RBD,2023-11-13,2023,ESTADIO DO MORUMBI,Arquibancada,560.0,570.0,ARQUIBANCADA
14015,TWICE,2024-02-06,2024,ALLIANZ PARQUE,Arquibancada,440.0,626.0,ARQUIBANCADA
14016,TWICE,2024-02-07,2024,ALLIANZ PARQUE,Arquibancada,440.0,626.0,ARQUIBANCADA
14065,VICTOR & LEO,2024-03-23,2024,MORUMBIS,Arquibancada,160.0,200.0,ARQUIBANCADA
14125,RACA NEGRA,2024-06-08,2024,VIBRA SAO PAULO,Arquibancada,90.0,136.66666666666666,ARQUIBANCADA
14165,GUSTAVO MIOTO,2024-08-17,2024,DISTRITO ANHEMBI,Arquibancada,460.0,1003.5,ARQUIBANCADA
14166,LEONARDO,2024-08-17,2024,DISTRITO ANHEMBI,Arquibancada,460.0,1003.5,ARQUIBANCADA
14167,MAIARA & MARAISA,2024-08-17,2024,DISTRITO ANHEMBI,Arquibancada,460.0,1003.5,ARQUIBANCADA
14168,NATTAN,2024-08-17,2024,DISTRITO ANHEMBI,Arquibancada,460.0,1003.5,ARQUIBANCADA
14169,PEDRO SAMPAIO,2024-08-17,2024,DISTRITO ANHEMBI,Arquibancada,460.0,1003.5,ARQUIBANCADA
14170,SIMONE MENDES,2024-08-17,2024,DISTRITO ANHEMBI,Arquibancada,460.0,1003.5,ARQUIBANCADA
14171,VITOR FERNANDES,2024-08-17,2024,DISTRITO ANHEMBI,Arquibancada,460.0,1003.5,ARQUIBANCADA
14172,ZE NETO & CRISTIANO,2024-08-17,2024,DISTRITO ANHEMBI,Arquibancada,460.0,1003.5,ARQUIBANCADA
14185,DJ GUUGA,2024-09-07,2024,MORUMBIS,Arquibancada,490.0,710.0,ARQUIBANCADA
14189,THE WEEKND,2024-09-07,2024,MORUMBIS,Arquibancada,490.0,710.0,ARQUIBANCADA
14203,BRUNO MARS,2024-10-04,2024,MORUMBIS,Arquibancada,470.0,802.0,ARQUIBANCADA
14204,BRUNO MARS,2024-10-05,2024,MORUMBIS,Arquibancada,470.0,802.0,ARQUIBANCADA
14206,BRUNO MARS,2024-10-08,2024,MORUMBIS,Arquibancada,470.0,802.0,ARQUIBANCADA
14207,BRUNO MARS,2024-10-09,2024,MORUMBIS,Arquibancada,470.0,802.0,ARQUIBANCADA
14210,BRUNO MARS,2024-10-12,2024,MORUMBIS,Arquibancada,470.0,802.0,ARQUIBANCADA
14212,BRUNO MARS,2024-10-13,2024,MORUMBIS,Arquibancada,470.0,802.0,ARQUIBANCADA
14249,LINKIN PARK,2024-11-15,2024,ALLIANZ PARQUE,Arquibancada,540.0,848.3333333333334,ARQUIBANCADA
14252,LINKIN PARK,2024-11-16,2024,ALLIANZ PARQUE,Arquibancada,540.0,848.3333333333334,ARQUIBANCADA
14316,LUAN SANTANA,2025-03-29,2025,MERCADO LIVRE ARENA PACAEMBU,Arquibancada,380.0,646.6666666666666,ARQUIBANCADA
14338,STRAY KIDS,2025-04-05,2025,MORUMBIS,Arquibancada,460.0,1003.5,ARQUIBANCADA
14341,STRAY KIDS,2025-04-06,2025,MORUMBIS,Arquibancada,460.0,1003.5,ARQUIBANCADA
14386,ALOK,2025-06-28,2025,MERCADO LIVRE ARENA PACAEMBU,Arquibancada,140.0,395.0,ARQUIBANCADA
14387,MATUE,2025-06-28,2025,MERCADO LIVRE ARENA PACAEMBU,Arquibancada,140.0,395.0,ARQUIBANCADA
14951,BACKSTREET BOYS,2023-01-27,2023,ALLIANZ PARQUE,PIT,770.0,582.5,PIT
14953,BACKSTREET BOYS,2023-01-28,2023,ALLIANZ PARQUE,PIT,770.0,582.5,PIT
14980,IMAGINE DRAGONS,2023-02-28,2023,ALLIANZ PARQUE,PIT,1800.0,928.3333333333334,PIT
15167,ATEEZ,2023-08-26,2023,ALLIANZ PARQUE,PIT,990.0,690.0,PIT
15417,TOM JONES,2024-04-17,2024,ESPACO UNIMED,PIT,980.0,790.0,PIT
15573,LINKIN PARK,2024-11-15,2024,ALLIANZ PARQUE,PIT,1250.0,848.3333333333334,PIT
15576,LINKIN PARK,2024-11-16,2024,ALLIANZ PARQUE,PIT,1250.0,848.3333333333334,PIT
16099,PEDRO SAMPAIO,2022-07-26,2022,VIBRA SAO PAULO,Early Entrance,1100.0,1100.0,EARLY ENTRANCE
16351,WALLOWS,2023-03-25,2023,AUTODROMO DE INTERLAGOS,Early Entrance,1100.0,1706.6666666666667,EARLY ENTRANCE
16352,YUNGBLUD,2023-03-25,2023,AUTODROMO DE INTERLAGOS,Early Entrance,1100.0,1706.6666666666667,EARLY ENTRANCE
16454,TITAS,2023-06-16,2023,ALLIANZ PARQUE,Early Entrance,700.0,539.1666666666666,EARLY ENTRANCE
16455,TITAS,2023-06-17,2023,ALLIANZ PARQUE,Early Entrance,700.0,539.1666666666666,EARLY ENTRANCE
16456,TITAS,2023-06-18,2023,ALLIANZ PARQUE,Early Entrance,700.0,539.1666666666666,EARLY ENTRANCE
16641,TITAS,2023-12-21,2023,ALLIANZ PARQUE,Early Entrance,700.0,539.1666666666666,EARLY ENTRANCE
16642,TITAS,2023-12-22,2023,ALLIANZ PARQUE,Early Entrance,700.0,539.1666666666666,EARLY ENTRANCE
16643,TITAS,2023-12-23,2023,ALLIANZ PARQUE,Early Entrance,700.0,539.1666666666666,EARLY ENTRANCE
16666,ANYMA,2024-02-24,2024,AUTODROMO DE INTERLAGOS,Early Entrance,1100.0,1100.0,EARLY ENTRANCE
16699,THE OFFSPRING,2024-03-22,2024,AUTODROMO DE INTERLAGOS,Early Entrance,1100.0,1100.0,EARLY ENTRANCE
16813,GUSTAVO MIOTO,2024-08-17,2024,DISTRITO ANHEMBI,Early Entrance,2581.0,1003.5,EARLY ENTRANCE
16814,LEONARDO,2024-08-17,2024,DISTRITO ANHEMBI,Early Entrance,2581.0,1003.5,EARLY ENTRANCE
16815,MAIARA & MARAISA,2024-08-17,2024,DISTRITO ANHEMBI,Early Entrance,2581.0,1003.5,EARLY ENTRANCE
16816,NATTAN,2024-08-17,2024,DISTRITO ANHEMBI,Early Entrance,2581.0,1003.5,EARLY ENTRANCE
16817,PEDRO SAMPAIO,2024-08-17,2024,DISTRITO ANHEMBI,Early Entrance,2581.0,1003.5,EARLY ENTRANCE
16818,SIMONE MENDES,2024-08-17,2024,DISTRITO ANHEMBI,Early Entrance,2581.0,1003.5,EARLY ENTRANCE
16819,VITOR FERNANDES,2024-08-17,2024,DISTRITO ANHEMBI,Early Entrance,2581.0,1003.5,EARLY ENTRANCE
16820,ZE NETO & CRISTIANO,2024-08-17,2024,DISTRITO ANHEMBI,Early Entrance,2581.0,1003.5,EARLY ENTRANCE
16831,SEPULTURA,2024-09-06,2024,ESPACO UNIMED,Early Entrance,650.0,340.0,EARLY ENTRANCE
16836,SEPULTURA,2024-09-07,2024,ESPACO UNIMED,Early Entrance,650.0,340.0,EARLY ENTRANCE
16838,SEPULTURA,2024-09-08,2024,ESPACO UNIMED,Early Entrance,650.0,340.0,EARLY ENTRANCE
17152,RAUW ALEJANDRO,2025-10-22,2025,VIBRA SAO PAULO,Early Entrance,3898.0,2992.5714285714284,EARLY ENTRANCE
17284,DOJA CAT,2022-03-24,2022,AUTODROMO DE INTERLAGOS,Lolla Pista,1050.0,1763.3333333333333,LOLLA PISTA
17285,KEHLANI,2022-03-24,2022,AUTODROMO DE INTERLAGOS,Lolla Pista,1050.0,1763.3333333333333,LOLLA PISTA
17286,MGK,2022-03-24,2022,AUTODROMO DE INTERLAGOS,Lolla Pista,1050.0,1763.3333333333333,LOLLA PISTA
17287,PABLLO VITTAR,2022-03-24,2022,AUTODROMO DE INTERLAGOS,Lolla Pista,1050.0,1763.3333333333333,LOLLA PISTA
17288,070 SHAKE,2022-03-25,2022,AUTODROMO DE INTERLAGOS,Lolla Pista,1050.0,1763.3333333333333,LOLLA PISTA
17289,ALAN WALKER,2022-03-25,2022,AUTODROMO DE INTERLAGOS,Lolla Pista,1050.0,1763.3333333333333,LOLLA PISTA
17290,ASHNIKKO,2022-03-25,2022,AUTODROMO DE INTERLAGOS,Lolla Pista,1050.0,1763.3333333333333,LOLLA PISTA
17291,CHRIS LAKE,2022-03-25,2022,AUTODROMO DE INTERLAGOS,Lolla Pista,1050.0,1763.3333333333333,LOLLA PISTA
17292,DOJA CAT,2022-03-25,2022,AUTODROMO DE INTERLAGOS,Lolla Pista,1050.0,1763.3333333333333,LOLLA PISTA
17293,JACK HARLOW,2022-03-25,2022,AUTODROMO DE INTERLAGOS,Lolla Pista,1050.0,1763.3333333333333,LOLLA PISTA
17294,LP,2022-03-25,2022,AUTODROMO DE INTERLAGOS,Lolla Pista,1050.0,1763.3333333333333,LOLLA PISTA
17295,MARINA,2022-03-25,2022,AUTODROMO DE INTERLAGOS,Lolla Pista,1050.0,1763.3333333333333,LOLLA PISTA
17296,MATUE,2022-03-25,2022,AUTODROMO DE INTERLAGOS,Lolla Pista,1050.0,1763.3333333333333,LOLLA PISTA
17297,MGK,2022-03-25,2022,AUTODROMO DE INTERLAGOS,Lolla Pista,1050.0,1763.3333333333333,LOLLA PISTA
17298,PABLLO VITTAR,2022-03-25,2022,AUTODROMO DE INTERLAGOS,Lolla Pista,1050.0,1763.3333333333333,LOLLA PISTA
17299,THE STROKES,2022-03-25,2022,AUTODROMO DE INTERLAGOS,Lolla Pista,1050.0,1763.3333333333333,LOLLA PISTA
17300,THE WOMBATS,2022-03-25,2022,AUTODROMO DE INTERLAGOS,Lolla Pista,1050.0,1763.3333333333333,LOLLA PISTA
17301,TURNSTILE,2022-03-25,2022,AUTODROMO DE INTERLAGOS,Lolla Pista,1050.0,1763.3333333333333,LOLLA PISTA
17302,A DAY TO REMEMBER,2022-03-26,2022,AUTODROMO DE INTERLAGOS,Lolla Pista,1050.0,1763.3333333333333,LOLLA PISTA
17303,A$AP ROCKY,2022-03-26,2022,AUTODROMO DE INTERLAGOS,Lolla Pista,1050.0,1763.3333333333333,LOLLA PISTA
17304,ALESSIA CARA,2022-03-26,2022,AUTODROMO DE INTERLAGOS,Lolla Pista,1050.0,1763.3333333333333,LOLLA PISTA
17305,ALOK,2022-03-26,2022,AUTODROMO DE INTERLAGOS,Lolla Pista,1050.0,1763.3333333333333,LOLLA PISTA
17306,DEORRO,2022-03-26,2022,AUTODROMO DE INTERLAGOS,Lolla Pista,1050.0,1763.3333333333333,LOLLA PISTA
17307,EMICIDA,2022-03-26,2022,AUTODROMO DE INTERLAGOS,Lolla Pista,1050.0,1763.3333333333333,LOLLA PISTA
17308,JAO,2022-03-26,2022,AUTODROMO DE INTERLAGOS,Lolla Pista,1050.0,1763.3333333333333,LOLLA PISTA
17309,MILEY CYRUS,2022-03-26,2022,AUTODROMO DE INTERLAGOS,Lolla Pista,1050.0,1763.3333333333333,LOLLA PISTA
17310,REMI WOLF,2022-03-26,2022,AUTODROMO DE INTERLAGOS,Lolla Pista,1050.0,1763.3333333333333,LOLLA PISTA
17311,TWO FEET,2022-03-26,2022,AUTODROMO DE INTERLAGOS,Lolla Pista,1050.0,1763.3333333333333,LOLLA PISTA
17312,ALESSO,2022-03-27,2022,AUTODROMO DE INTERLAGOS,Lolla Pista,1050.0,1763.3333333333333,LOLLA PISTA
17313,BLACK PUMAS,2022-03-27,2022,AUTODROMO DE INTERLAGOS,Lolla Pista,1050.0,1763.3333333333333,LOLLA PISTA
17315,DJONGA,2022-03-27,2022,AUTODROMO DE INTERLAGOS,Lolla Pista,1050.0,1763.3333333333333,LOLLA PISTA
17316,GLORIA GROOVE,2022-03-27,2022,AUTODROMO DE INTERLAGOS,Lolla Pista,1050.0,1763.3333333333333,LOLLA PISTA
17317,IDLES,2022-03-27,2022,AUTODROMO DE INTERLAGOS,Lolla Pista,1050.0,1763.3333333333333,LOLLA PISTA
17318,KAYTRANADA,2022-03-27,2022,AUTODROMO DE INTERLAGOS,Lolla Pista,1050.0,1763.3333333333333,LOLLA PISTA
17319,KEHLANI,2022-03-27,2022,AUTODROMO DE INTERLAGOS,Lolla Pista,1050.0,1763.3333333333333,LOLLA PISTA
17320,LAGUM,2022-03-27,2022,AUTODROMO DE INTERLAGOS,Lolla Pista,1050.0,1763.3333333333333,LOLLA PISTA
17321,MARINA SENA,2022-03-27,2022,AUTODROMO DE INTERLAGOS,Lolla Pista,1050.0,1763.3333333333333,LOLLA PISTA
17322,MARTIN GARRIX,2022-03-27,2022,AUTODROMO DE INTERLAGOS,Lolla Pista,1050.0,1763.3333333333333,LOLLA PISTA
17421,LUISA SONZA,2022-07-26,2022,VIBRA SAO PAULO,Lolla Pista,1100.0,1700.0,LOLLA PISTA
17422,MATUE,2022-07-26,2022,VIBRA SAO PAULO,Lolla Pista,1100.0,1700.0,LOLLA PISTA
17424,SKANK,2022-07-26,2022,VIBRA SAO PAULO,Lolla Pista,1050.0,1763.3333333333333,LOLLA PISTA
17425,XAMA,2022-07-26,2022,VIBRA SAO PAULO,Lolla Pista,1100.0,1706.6666666666667,LOLLA PISTA
17647,ANAVITORIA,2023-03-24,2023,AUTODROMO DE INTERLAGOS,Lolla Pista,1100.0,1706.6666666666667,LOLLA PISTA
17648,BILLIE EILISH,2023-03-24,2023,AUTODROMO DE INTERLAGOS,Lolla Pista,1100.0,1706.6666666666667,LOLLA PISTA
17649,BLACK ALIEN,2023-03-24,2023,AUTODROMO DE INTERLAGOS,Lolla Pista,1100.0,1706.6666666666667,LOLLA PISTA
17650,CLAPTONE,2023-03-24,2023,AUTODROMO DE INTERLAGOS,Lolla Pista,1100.0,1706.6666666666667,LOLLA PISTA
17651,CONAN GRAY,2023-03-24,2023,AUTODROMO DE INTERLAGOS,Lolla Pista,1100.0,1706.6666666666667,LOLLA PISTA
17652,GORGON CITY,2023-03-24,2023,AUTODROMO DE INTERLAGOS,Lolla Pista,1100.0,1706.6666666666667,LOLLA PISTA
17653,JOHN SUMMIT,2023-03-24,2023,AUTODROMO DE INTERLAGOS,Lolla Pista,1100.0,1706.6666666666667,LOLLA PISTA
17654,KALI UCHIS,2023-03-24,2023,AUTODROMO DE INTERLAGOS,Lolla Pista,1100.0,1706.6666666666667,LOLLA PISTA
17655,LIL NAS X,2023-03-24,2023,AUTODROMO DE INTERLAGOS,Lolla Pista,1100.0,1706.6666666666667,LOLLA PISTA
17656,MODEST MOUSE,2023-03-24,2023,AUTODROMO DE INTERLAGOS,Lolla Pista,1100.0,1706.6666666666667,LOLLA PISTA
17657,MOTHER MOTHER,2023-03-24,2023,AUTODROMO DE INTERLAGOS,Lolla Pista,1100.0,1706.6666666666667,LOLLA PISTA
17658,PEDRO SAMPAIO,2023-03-24,2023,AUTODROMO DE INTERLAGOS,Lolla Pista,1100.0,1706.6666666666667,LOLLA PISTA
17659,POLO & PAN,2023-03-24,2023,AUTODROMO DE INTERLAGOS,Lolla Pista,1100.0,1706.6666666666667,LOLLA PISTA
17660,RISE AGAINST,2023-03-24,2023,AUTODROMO DE INTERLAGOS,Lolla Pista,1100.0,1706.6666666666667,LOLLA PISTA
17661,SUKI WATERHOUSE,2023-03-24,2023,AUTODROMO DE INTERLAGOS,Lolla Pista,1100.0,1706.6666666666667,LOLLA PISTA
17662,CAROL BIAZIN,2023-03-25,2023,AUTODROMO DE INTERLAGOS,Lolla Pista,1100.0,1706.6666666666667,LOLLA PISTA
17664,FILIPE RET,2023-03-25,2023,AUTODROMO DE INTERLAGOS,Lolla Pista,1100.0,1706.6666666666667,LOLLA PISTA
17665,GILSONS,2023-03-25,2023,AUTODROMO DE INTERLAGOS,Lolla Pista,1100.0,1706.6666666666667,LOLLA PISTA
17666,JAMIE XX,2023-03-25,2023,AUTODROMO DE INTERLAGOS,Lolla Pista,1100.0,1706.6666666666667,LOLLA PISTA
17667,LUDMILLA,2023-03-25,2023,AUTODROMO DE INTERLAGOS,Lolla Pista,1100.0,1706.6666666666667,LOLLA PISTA
17668,MELANIE MARTINEZ,2023-03-25,2023,AUTODROMO DE INTERLAGOS,Lolla Pista,1100.0,1706.6666666666667,LOLLA PISTA
17669,PITTY,2023-03-25,2023,AUTODROMO DE INTERLAGOS,Lolla Pista,1100.0,1706.6666666666667,LOLLA PISTA
17670,PURPLE DISCO MACHINE,2023-03-25,2023,AUTODROMO DE INTERLAGOS,Lolla Pista,1100.0,1706.6666666666667,LOLLA PISTA
17671,SOFI TUKKER,2023-03-25,2023,AUTODROMO DE INTERLAGOS,Lolla Pista,1100.0,1706.6666666666667,LOLLA PISTA
17672,TAME IMPALA,2023-03-25,2023,AUTODROMO DE INTERLAGOS,Lolla Pista,1100.0,1706.6666666666667,LOLLA PISTA
17673,THE 1975,2023-03-25,2023,AUTODROMO DE INTERLAGOS,Lolla Pista,1100.0,1706.6666666666667,LOLLA PISTA
17674,TWENTY ONE PILOTS,2023-03-25,2023,AUTODROMO DE INTERLAGOS,Lolla Pista,1100.0,1706.6666666666667,LOLLA PISTA
17675,WALLOWS,2023-03-25,2023,AUTODROMO DE INTERLAGOS,Lolla Pista,2250.0,1706.6666666666667,LOLLA PISTA
17676,YUNGBLUD,2023-03-25,2023,AUTODROMO DE INTERLAGOS,Lolla Pista,2250.0,1706.6666666666667,LOLLA PISTA
17677,ARMIN VAN BUUREN,2023-03-26,2023,AUTODROMO DE INTERLAGOS,Lolla Pista,1100.0,1706.6666666666667,LOLLA PISTA
17678,AURORA,2023-03-26,2023,AUTODROMO DE INTERLAGOS,Lolla Pista,1100.0,1706.6666666666667,LOLLA PISTA
17679,BACO EXU DO BLUES,2023-03-26,2023,AUTODROMO DE INTERLAGOS,Lolla Pista,1100.0,1706.6666666666667,LOLLA PISTA
17680,CIGARETTES AFTER SEX,2023-03-26,2023,AUTODROMO DE INTERLAGOS,Lolla Pista,1100.0,1706.6666666666667,LOLLA PISTA
17681,DUBDOGZ,2023-03-26,2023,AUTODROMO DE INTERLAGOS,Lolla Pista,1100.0,1706.6666666666667,LOLLA PISTA
17682,FRED AGAIN..,2023-03-26,2023,AUTODROMO DE INTERLAGOS,Lolla Pista,1100.0,1706.6666666666667,LOLLA PISTA
17683,L7NNON,2023-03-26,2023,AUTODROMO DE INTERLAGOS,Lolla Pista,1100.0,1706.6666666666667,LOLLA PISTA
17684,OS PARALAMAS DO SUCESSO,2023-03-26,2023,AUTODROMO DE INTERLAGOS,Lolla Pista,1100.0,1706.6666666666667,LOLLA PISTA
17685,ROSALIA,2023-03-26,2023,AUTODROMO DE INTERLAGOS,Lolla Pista,1100.0,1706.6666666666667,LOLLA PISTA
17686,SKRILLEX,2023-03-26,2023,AUTODROMO DE INTERLAGOS,Lolla Pista,1100.0,1706.6666666666667,LOLLA PISTA
17687,THE ROSE,2023-03-26,2023,AUTODROMO DE INTERLAGOS,Lolla Pista,1100.0,1706.6666666666667,LOLLA PISTA
17688,TOVE LO,2023-03-26,2023,AUTODROMO DE INTERLAGOS,Lolla Pista,1100.0,1706.6666666666667,LOLLA PISTA
18012,ARCADE FIRE,2024-03-22,2024,AUTODROMO DE INTERLAGOS,Lolla Pista,1100.0,1700.0,LOLLA PISTA
18014,DIPLO,2024-03-22,2024,AUTODROMO DE INTERLAGOS,Lolla Pista,1100.0,1700.0,LOLLA PISTA
18015,DOM DOLLA,2024-03-22,2024,AUTODROMO DE INTERLAGOS,Lolla Pista,1100.0,1700.0,LOLLA PISTA
18016,FLETCHER,2024-03-22,2024,AUTODROMO DE INTERLAGOS,Lolla Pista,1100.0,1700.0,LOLLA PISTA
18017,JUNGLE,2024-03-22,2024,AUTODROMO DE INTERLAGOS,Lolla Pista,1100.0,1700.0,LOLLA PISTA
18018,LOURENA,2024-03-22,2024,AUTODROMO DE INTERLAGOS,Lolla Pista,1100.0,1700.0,LOLLA PISTA
18019,LUISA SONZA,2024-03-22,2024,AUTODROMO DE INTERLAGOS,Lolla Pista,1100.0,1700.0,LOLLA PISTA
18020,MANEVA,2024-03-22,2024,AUTODROMO DE INTERLAGOS,Lolla Pista,1100.0,1700.0,LOLLA PISTA
18021,MARCELO D2,2024-03-22,2024,AUTODROMO DE INTERLAGOS,Lolla Pista,1100.0,1700.0,LOLLA PISTA
18022,THE BLAZE,2024-03-22,2024,AUTODROMO DE INTERLAGOS,Lolla Pista,1100.0,1700.0,LOLLA PISTA
18024,ABOVE & BEYOND,2024-03-23,2024,AUTODROMO DE INTERLAGOS,Lolla Pista,1100.0,1700.0,LOLLA PISTA
18025,BK,2024-03-23,2024,AUTODROMO DE INTERLAGOS,Lolla Pista,1100.0,1700.0,LOLLA PISTA
18026,HOZIER,2024-03-23,2024,AUTODROMO DE INTERLAGOS,Lolla Pista,1100.0,1700.0,LOLLA PISTA
18027,JESSIE REYEZ,2024-03-23,2024,AUTODROMO DE INTERLAGOS,Lolla Pista,1100.0,1700.0,LOLLA PISTA
18028,KINGS OF LEON,2024-03-23,2024,AUTODROMO DE INTERLAGOS,Lolla Pista,1100.0,1700.0,LOLLA PISTA
18029,LIMP BIZKIT,2024-03-23,2024,AUTODROMO DE INTERLAGOS,Lolla Pista,1100.0,1700.0,LOLLA PISTA
18030,LOUD LUXURY,2024-03-23,2024,AUTODROMO DE INTERLAGOS,Lolla Pista,1100.0,1700.0,LOLLA PISTA
18032,MC LUANNA,2024-03-23,2024,AUTODROMO DE INTERLAGOS,Lolla Pista,1100.0,1700.0,LOLLA PISTA
18033,PIERCE THE VEIL,2024-03-23,2024,AUTODROMO DE INTERLAGOS,Lolla Pista,1100.0,1700.0,LOLLA PISTA
18034,THIRTY SECONDS TO MARS,2024-03-23,2024,AUTODROMO DE INTERLAGOS,Lolla Pista,1100.0,1700.0,LOLLA PISTA
18035,TIMMY TRUMPET,2024-03-23,2024,AUTODROMO DE INTERLAGOS,Lolla Pista,1100.0,1700.0,LOLLA PISTA
18036,TITAS,2024-03-23,2024,AUTODROMO DE INTERLAGOS,Lolla Pista,1100.0,1700.0,LOLLA PISTA
18038,XAMA,2024-03-23,2024,AUTODROMO DE INTERLAGOS,Lolla Pista,1100.0,1700.0,LOLLA PISTA
18039,DAYGLOW,2024-03-24,2024,AUTODROMO DE INTERLAGOS,Lolla Pista,1100.0,1700.0,LOLLA PISTA
18040,GILBERTO GIL,2024-03-24,2024,AUTODROMO DE INTERLAGOS,Lolla Pista,1100.0,1700.0,LOLLA PISTA
18041,GRETA VAN FLEET,2024-03-24,2024,AUTODROMO DE INTERLAGOS,Lolla Pista,1100.0,1700.0,LOLLA PISTA
18042,HUNGRIA,2024-03-24,2024,AUTODROMO DE INTERLAGOS,Lolla Pista,1100.0,1700.0,LOLLA PISTA
18043,MC DANIEL,2024-03-24,2024,AUTODROMO DE INTERLAGOS,Lolla Pista,1100.0,1700.0,LOLLA PISTA
18044,MC LIVINHO,2024-03-24,2024,AUTODROMO DE INTERLAGOS,Lolla Pista,1100.0,1700.0,LOLLA PISTA
18045,MEDUZA,2024-03-24,2024,AUTODROMO DE INTERLAGOS,Lolla Pista,1100.0,1700.0,LOLLA PISTA
18046,NOTHING BUT THIEVES,2024-03-24,2024,AUTODROMO DE INTERLAGOS,Lolla Pista,1100.0,1700.0,LOLLA PISTA
18047,OMAR APOLLO,2024-03-24,2024,AUTODROMO DE INTERLAGOS,Lolla Pista,1100.0,1700.0,LOLLA PISTA
18048,PHOENIX,2024-03-24,2024,AUTODROMO DE INTERLAGOS,Lolla Pista,1100.0,1700.0,LOLLA PISTA
18049,SAM SMITH,2024-03-24,2024,AUTODROMO DE INTERLAGOS,Lolla Pista,1100.0,1700.0,LOLLA PISTA
18050,SZA,2024-03-24,2024,AUTODROMO DE INTERLAGOS,Lolla Pista,1100.0,1700.0,LOLLA PISTA
18051,TZ DA CORONEL,2024-03-24,2024,AUTODROMO DE INTERLAGOS,Lolla Pista,1100.0,1700.0,LOLLA PISTA
18052,VULGO FK,2024-03-24,2024,AUTODROMO DE INTERLAGOS,Lolla Pista,1100.0,1700.0,LOLLA PISTA
18275,DISCO LINES,2025-03-28,2025,AUTODROMO DE INTERLAGOS,Lolla Pista,1050.0,1678.1666666666667,LOLLA PISTA
18276,EMPIRE OF THE SUN,2025-03-28,2025,AUTODROMO DE INTERLAGOS,Lolla Pista,1050.0,1678.1666666666667,LOLLA PISTA
18277,GIRL IN RED,2025-03-28,2025,AUTODROMO DE INTERLAGOS,Lolla Pista,1050.0,1678.1666666666667,LOLLA PISTA
18278,JAMES HYPE,2025-03-28,2025,AUTODROMO DE INTERLAGOS,Lolla Pista,1050.0,1678.1666666666667,LOLLA PISTA
18279,JAO,2025-03-28,2025,AUTODROMO DE INTERLAGOS,Lolla Pista,1050.0,1678.1666666666667,LOLLA PISTA
18280,JPEGMAFIA,2025-03-28,2025,AUTODROMO DE INTERLAGOS,Lolla Pista,1050.0,1678.1666666666667,LOLLA PISTA
18281,NESSA BARRETT,2025-03-28,2025,AUTODROMO DE INTERLAGOS,Lolla Pista,1050.0,1678.1666666666667,LOLLA PISTA
18282,OLIVIA RODRIGO,2025-03-28,2025,AUTODROMO DE INTERLAGOS,Lolla Pista,1050.0,1678.1666666666667,LOLLA PISTA
18283,RUFUS DU SOL,2025-03-28,2025,AUTODROMO DE INTERLAGOS,Lolla Pista,1050.0,1678.1666666666667,LOLLA PISTA
18284,ALANIS MORISSETTE,2025-03-29,2025,AUTODROMO DE INTERLAGOS,Lolla Pista,1050.0,1678.1666666666667,LOLLA PISTA
18285,ARTEMAS,2025-03-29,2025,AUTODROMO DE INTERLAGOS,Lolla Pista,1050.0,1678.1666666666667,LOLLA PISTA
18286,BENSON BOONE,2025-03-29,2025,AUTODROMO DE INTERLAGOS,Lolla Pista,1050.0,1678.1666666666667,LOLLA PISTA
18287,BRUNO MARTINI,2025-03-29,2025,AUTODROMO DE INTERLAGOS,Lolla Pista,1050.0,1678.1666666666667,LOLLA PISTA
18289,SHAWN MENDES,2025-03-29,2025,AUTODROMO DE INTERLAGOS,Lolla Pista,1050.0,1678.1666666666667,LOLLA PISTA
18290,TATE MCRAE,2025-03-29,2025,AUTODROMO DE INTERLAGOS,Lolla Pista,1050.0,1678.1666666666667,LOLLA PISTA
18291,TEDDY SWIMS,2025-03-29,2025,AUTODROMO DE INTERLAGOS,Lolla Pista,1050.0,1678.1666666666667,LOLLA PISTA
18292,THE MARIAS,2025-03-29,2025,AUTODROMO DE INTERLAGOS,Lolla Pista,1050.0,1678.1666666666667,LOLLA PISTA
18293,WAVE TO EARTH,2025-03-29,2025,AUTODROMO DE INTERLAGOS,Lolla Pista,1050.0,1678.1666666666667,LOLLA PISTA
18294,ZEDD,2025-03-29,2025,AUTODROMO DE INTERLAGOS,Lolla Pista,1050.0,1678.1666666666667,LOLLA PISTA
18295,BLOND:ISH,2025-03-30,2025,AUTODROMO DE INTERLAGOS,Lolla Pista,1050.0,1678.1666666666667,LOLLA PISTA
18296,BUSH,2025-03-30,2025,AUTODROMO DE INTERLAGOS,Lolla Pista,1050.0,1678.1666666666667,LOLLA PISTA
18297,CA7RIEL & PACO AMOROSO,2025-03-30,2025,AUTODROMO DE INTERLAGOS,Lolla Pista,1050.0,1678.1666666666667,LOLLA PISTA
18298,CHARLOTTE DE WITTE,2025-03-30,2025,AUTODROMO DE INTERLAGOS,Lolla Pista,1050.0,1678.1666666666667,LOLLA PISTA
18299,FOSTER THE PEOPLE,2025-03-30,2025,AUTODROMO DE INTERLAGOS,Lolla Pista,1050.0,1678.1666666666667,LOLLA PISTA
18300,JUSTIN TIMBERLAKE,2025-03-30,2025,AUTODROMO DE INTERLAGOS,Lolla Pista,1050.0,1678.1666666666667,LOLLA PISTA
18301,MICHAEL KIWANUKA,2025-03-30,2025,AUTODROMO DE INTERLAGOS,Lolla Pista,1050.0,1678.1666666666667,LOLLA PISTA
18302,NEIL FRANCES,2025-03-30,2025,AUTODROMO DE INTERLAGOS,Lolla Pista,1050.0,1678.1666666666667,LOLLA PISTA
18303,PARCELS,2025-03-30,2025,AUTODROMO DE INTERLAGOS,Lolla Pista,1050.0,1678.1666666666667,LOLLA PISTA
18304,SEPULTURA,2025-03-30,2025,AUTODROMO DE INTERLAGOS,Lolla Pista,1050.0,1678.1666666666667,LOLLA PISTA
18305,TOOL,2025-03-30,2025,AUTODROMO DE INTERLAGOS,Lolla Pista,1050.0,1678.1666666666667,LOLLA PISTA
18608,DOJA CAT,2022-03-24,2022,AUTODROMO DE INTERLAGOS,Lolla Lounge,2400.0,1763.3333333333333,LOLLA LOUNGE
18609,KEHLANI,2022-03-24,2022,AUTODROMO DE INTERLAGOS,Lolla Lounge,2400.0,1763.3333333333333,LOLLA LOUNGE
18610,MGK,2022-03-24,2022,AUTODROMO DE INTERLAGOS,Lolla Lounge,2400.0,1763.3333333333333,LOLLA LOUNGE
18611,PABLLO VITTAR,2022-03-24,2022,AUTODROMO DE INTERLAGOS,Lolla Lounge,2400.0,1763.3333333333333,LOLLA LOUNGE
18612,070 SHAKE,2022-03-25,2022,AUTODROMO DE INTERLAGOS,Lolla Lounge,2400.0,1763.3333333333333,LOLLA LOUNGE
18613,ALAN WALKER,2022-03-25,2022,AUTODROMO DE INTERLAGOS,Lolla Lounge,2400.0,1763.3333333333333,LOLLA LOUNGE
18614,ASHNIKKO,2022-03-25,2022,AUTODROMO DE INTERLAGOS,Lolla Lounge,2400.0,1763.3333333333333,LOLLA LOUNGE
18615,CHRIS LAKE,2022-03-25,2022,AUTODROMO DE INTERLAGOS,Lolla Lounge,2400.0,1763.3333333333333,LOLLA LOUNGE
18616,DOJA CAT,2022-03-25,2022,AUTODROMO DE INTERLAGOS,Lolla Lounge,2400.0,1763.3333333333333,LOLLA LOUNGE
18617,JACK HARLOW,2022-03-25,2022,AUTODROMO DE INTERLAGOS,Lolla Lounge,2400.0,1763.3333333333333,LOLLA LOUNGE
18618,LP,2022-03-25,2022,AUTODROMO DE INTERLAGOS,Lolla Lounge,2400.0,1763.3333333333333,LOLLA LOUNGE
18619,MARINA,2022-03-25,2022,AUTODROMO DE INTERLAGOS,Lolla Lounge,2400.0,1763.3333333333333,LOLLA LOUNGE
18620,MATUE,2022-03-25,2022,AUTODROMO DE INTERLAGOS,Lolla Lounge,2400.0,1763.3333333333333,LOLLA LOUNGE
18621,MGK,2022-03-25,2022,AUTODROMO DE INTERLAGOS,Lolla Lounge,2400.0,1763.3333333333333,LOLLA LOUNGE
18622,PABLLO VITTAR,2022-03-25,2022,AUTODROMO DE INTERLAGOS,Lolla Lounge,2400.0,1763.3333333333333,LOLLA LOUNGE
18623,THE STROKES,2022-03-25,2022,AUTODROMO DE INTERLAGOS,Lolla Lounge,2400.0,1763.3333333333333,LOLLA LOUNGE
18624,THE WOMBATS,2022-03-25,2022,AUTODROMO DE INTERLAGOS,Lolla Lounge,2400.0,1763.3333333333333,LOLLA LOUNGE
18625,TURNSTILE,2022-03-25,2022,AUTODROMO DE INTERLAGOS,Lolla Lounge,2400.0,1763.3333333333333,LOLLA LOUNGE
18626,A DAY TO REMEMBER,2022-03-26,2022,AUTODROMO DE INTERLAGOS,Lolla Lounge,2400.0,1763.3333333333333,LOLLA LOUNGE
18627,A$AP ROCKY,2022-03-26,2022,AUTODROMO DE INTERLAGOS,Lolla Lounge,2400.0,1763.3333333333333,LOLLA LOUNGE
18628,ALESSIA CARA,2022-03-26,2022,AUTODROMO DE INTERLAGOS,Lolla Lounge,2400.0,1763.3333333333333,LOLLA LOUNGE
18629,ALOK,2022-03-26,2022,AUTODROMO DE INTERLAGOS,Lolla Lounge,2400.0,1763.3333333333333,LOLLA LOUNGE
18630,DEORRO,2022-03-26,2022,AUTODROMO DE INTERLAGOS,Lolla Lounge,2400.0,1763.3333333333333,LOLLA LOUNGE
18631,EMICIDA,2022-03-26,2022,AUTODROMO DE INTERLAGOS,Lolla Lounge,2400.0,1763.3333333333333,LOLLA LOUNGE
18632,JAO,2022-03-26,2022,AUTODROMO DE INTERLAGOS,Lolla Lounge,2400.0,1763.3333333333333,LOLLA LOUNGE
18633,MILEY CYRUS,2022-03-26,2022,AUTODROMO DE INTERLAGOS,Lolla Lounge,2400.0,1763.3333333333333,LOLLA LOUNGE
18634,REMI WOLF,2022-03-26,2022,AUTODROMO DE INTERLAGOS,Lolla Lounge,2400.0,1763.3333333333333,LOLLA LOUNGE
18635,TWO FEET,2022-03-26,2022,AUTODROMO DE INTERLAGOS,Lolla Lounge,2400.0,1763.3333333333333,LOLLA LOUNGE
18636,ALESSO,2022-03-27,2022,AUTODROMO DE INTERLAGOS,Lolla Lounge,2400.0,1763.3333333333333,LOLLA LOUNGE
18637,BLACK PUMAS,2022-03-27,2022,AUTODROMO DE INTERLAGOS,Lolla Lounge,2400.0,1763.3333333333333,LOLLA LOUNGE
18639,DJONGA,2022-03-27,2022,AUTODROMO DE INTERLAGOS,Lolla Lounge,2400.0,1763.3333333333333,LOLLA LOUNGE
18640,GLORIA GROOVE,2022-03-27,2022,AUTODROMO DE INTERLAGOS,Lolla Lounge,2400.0,1763.3333333333333,LOLLA LOUNGE
18641,IDLES,2022-03-27,2022,AUTODROMO DE INTERLAGOS,Lolla Lounge,2400.0,1763.3333333333333,LOLLA LOUNGE
18642,KAYTRANADA,2022-03-27,2022,AUTODROMO DE INTERLAGOS,Lolla Lounge,2400.0,1763.3333333333333,LOLLA LOUNGE
18643,KEHLANI,2022-03-27,2022,AUTODROMO DE INTERLAGOS,Lolla Lounge,2400.0,1763.3333333333333,LOLLA LOUNGE
18644,LAGUM,2022-03-27,2022,AUTODROMO DE INTERLAGOS,Lolla Lounge,2400.0,1763.3333333333333,LOLLA LOUNGE
18645,MARINA SENA,2022-03-27,2022,AUTODROMO DE INTERLAGOS,Lolla Lounge,2400.0,1763.3333333333333,LOLLA LOUNGE
18646,MARTIN GARRIX,2022-03-27,2022,AUTODROMO DE INTERLAGOS,Lolla Lounge,2400.0,1763.3333333333333,LOLLA LOUNGE
18745,LUISA SONZA,2022-07-26,2022,VIBRA SAO PAULO,Lolla Lounge,2250.0,1700.0,LOLLA LOUNGE
18746,MATUE,2022-07-26,2022,VIBRA SAO PAULO,Lolla Lounge,2250.0,1700.0,LOLLA LOUNGE
18748,SKANK,2022-07-26,2022,VIBRA SAO PAULO,Lolla Lounge,2400.0,1763.3333333333333,LOLLA LOUNGE
18749,XAMA,2022-07-26,2022,VIBRA SAO PAULO,Lolla Lounge,2250.0,1706.6666666666667,LOLLA LOUNGE
18971,ANAVITORIA,2023-03-24,2023,AUTODROMO DE INTERLAGOS,Lolla Lounge,2250.0,1706.6666666666667,LOLLA LOUNGE
18972,BILLIE EILISH,2023-03-24,2023,AUTODROMO DE INTERLAGOS,Lolla Lounge,2250.0,1706.6666666666667,LOLLA LOUNGE
18973,BLACK ALIEN,2023-03-24,2023,AUTODROMO DE INTERLAGOS,Lolla Lounge,2250.0,1706.6666666666667,LOLLA LOUNGE
18974,CLAPTONE,2023-03-24,2023,AUTODROMO DE INTERLAGOS,Lolla Lounge,2250.0,1706.6666666666667,LOLLA LOUNGE
18975,CONAN GRAY,2023-03-24,2023,AUTODROMO DE INTERLAGOS,Lolla Lounge,2250.0,1706.6666666666667,LOLLA LOUNGE
18976,GORGON CITY,2023-03-24,2023,AUTODROMO DE INTERLAGOS,Lolla Lounge,2250.0,1706.6666666666667,LOLLA LOUNGE
18977,JOHN SUMMIT,2023-03-24,2023,AUTODROMO DE INTERLAGOS,Lolla Lounge,2250.0,1706.6666666666667,LOLLA LOUNGE
18978,KALI UCHIS,2023-03-24,2023,AUTODROMO DE INTERLAGOS,Lolla Lounge,2250.0,1706.6666666666667,LOLLA LOUNGE
18979,LIL NAS X,2023-03-24,2023,AUTODROMO DE INTERLAGOS,Lolla Lounge,2250.0,1706.6666666666667,LOLLA LOUNGE
18980,MODEST MOUSE,2023-03-24,2023,AUTODROMO DE INTERLAGOS,Lolla Lounge,2250.0,1706.6666666666667,LOLLA LOUNGE
18981,MOTHER MOTHER,2023-03-24,2023,AUTODROMO DE INTERLAGOS,Lolla Lounge,2250.0,1706.6666666666667,LOLLA LOUNGE
18982,PEDRO SAMPAIO,2023-03-24,2023,AUTODROMO DE INTERLAGOS,Lolla Lounge,2250.0,1706.6666666666667,LOLLA LOUNGE
18983,POLO & PAN,2023-03-24,2023,AUTODROMO DE INTERLAGOS,Lolla Lounge,2250.0,1706.6666666666667,LOLLA LOUNGE
18984,RISE AGAINST,2023-03-24,2023,AUTODROMO DE INTERLAGOS,Lolla Lounge,2250.0,1706.6666666666667,LOLLA LOUNGE
18985,SUKI WATERHOUSE,2023-03-24,2023,AUTODROMO DE INTERLAGOS,Lolla Lounge,2250.0,1706.6666666666667,LOLLA LOUNGE
18986,CAROL BIAZIN,2023-03-25,2023,AUTODROMO DE INTERLAGOS,Lolla Lounge,2250.0,1706.6666666666667,LOLLA LOUNGE
18988,FILIPE RET,2023-03-25,2023,AUTODROMO DE INTERLAGOS,Lolla Lounge,2250.0,1706.6666666666667,LOLLA LOUNGE
18989,GILSONS,2023-03-25,2023,AUTODROMO DE INTERLAGOS,Lolla Lounge,2250.0,1706.6666666666667,LOLLA LOUNGE
18990,JAMIE XX,2023-03-25,2023,AUTODROMO DE INTERLAGOS,Lolla Lounge,2250.0,1706.6666666666667,LOLLA LOUNGE
18991,LUDMILLA,2023-03-25,2023,AUTODROMO DE INTERLAGOS,Lolla Lounge,2250.0,1706.6666666666667,LOLLA LOUNGE
18992,MELANIE MARTINEZ,2023-03-25,2023,AUTODROMO DE INTERLAGOS,Lolla Lounge,2250.0,1706.6666666666667,LOLLA LOUNGE
18993,PITTY,2023-03-25,2023,AUTODROMO DE INTERLAGOS,Lolla Lounge,2250.0,1706.6666666666667,LOLLA LOUNGE
18994,PURPLE DISCO MACHINE,2023-03-25,2023,AUTODROMO DE INTERLAGOS,Lolla Lounge,2250.0,1706.6666666666667,LOLLA LOUNGE
18995,SOFI TUKKER,2023-03-25,2023,AUTODROMO DE INTERLAGOS,Lolla Lounge,2250.0,1706.6666666666667,LOLLA LOUNGE
18996,TAME IMPALA,2023-03-25,2023,AUTODROMO DE INTERLAGOS,Lolla Lounge,2250.0,1706.6666666666667,LOLLA LOUNGE
18997,THE 1975,2023-03-25,2023,AUTODROMO DE INTERLAGOS,Lolla Lounge,2250.0,1706.6666666666667,LOLLA LOUNGE
18998,TWENTY ONE PILOTS,2023-03-25,2023,AUTODROMO DE INTERLAGOS,Lolla Lounge,2250.0,1706.6666666666667,LOLLA LOUNGE
18999,WALLOWS,2023-03-25,2023,AUTODROMO DE INTERLAGOS,Lolla Lounge,1770.0,1706.6666666666667,LOLLA LOUNGE
19000,YUNGBLUD,2023-03-25,2023,AUTODROMO DE INTERLAGOS,Lolla Lounge,1770.0,1706.6666666666667,LOLLA LOUNGE
19001,ARMIN VAN BUUREN,2023-03-26,2023,AUTODROMO DE INTERLAGOS,Lolla Lounge,2250.0,1706.6666666666667,LOLLA LOUNGE
19002,AURORA,2023-03-26,2023,AUTODROMO DE INTERLAGOS,Lolla Lounge,2250.0,1706.6666666666667,LOLLA LOUNGE
19003,BACO EXU DO BLUES,2023-03-26,2023,AUTODROMO DE INTERLAGOS,Lolla Lounge,2250.0,1706.6666666666667,LOLLA LOUNGE
19004,CIGARETTES AFTER SEX,2023-03-26,2023,AUTODROMO DE INTERLAGOS,Lolla Lounge,2250.0,1706.6666666666667,LOLLA LOUNGE
19005,DUBDOGZ,2023-03-26,2023,AUTODROMO DE INTERLAGOS,Lolla Lounge,2250.0,1706.6666666666667,LOLLA LOUNGE
19006,FRED AGAIN..,2023-03-26,2023,AUTODROMO DE INTERLAGOS,Lolla Lounge,2250.0,1706.6666666666667,LOLLA LOUNGE
19007,L7NNON,2023-03-26,2023,AUTODROMO DE INTERLAGOS,Lolla Lounge,2250.0,1706.6666666666667,LOLLA LOUNGE
19008,OS PARALAMAS DO SUCESSO,2023-03-26,2023,AUTODROMO DE INTERLAGOS,Lolla Lounge,2250.0,1706.6666666666667,LOLLA LOUNGE
19009,ROSALIA,2023-03-26,2023,AUTODROMO DE INTERLAGOS,Lolla Lounge,2250.0,1706.6666666666667,LOLLA LOUNGE
19010,SKRILLEX,2023-03-26,2023,AUTODROMO DE INTERLAGOS,Lolla Lounge,2250.0,1706.6666666666667,LOLLA LOUNGE
19011,THE ROSE,2023-03-26,2023,AUTODROMO DE INTERLAGOS,Lolla Lounge,2250.0,1706.6666666666667,LOLLA LOUNGE
19012,TOVE LO,2023-03-26,2023,AUTODROMO DE INTERLAGOS,Lolla Lounge,2250.0,1706.6666666666667,LOLLA LOUNGE
19336,ARCADE FIRE,2024-03-22,2024,AUTODROMO DE INTERLAGOS,Lolla Lounge,2250.0,1700.0,LOLLA LOUNGE
19338,DIPLO,2024-03-22,2024,AUTODROMO DE INTERLAGOS,Lolla Lounge,2250.0,1700.0,LOLLA LOUNGE
19339,DOM DOLLA,2024-03-22,2024,AUTODROMO DE INTERLAGOS,Lolla Lounge,2250.0,1700.0,LOLLA LOUNGE
19340,FLETCHER,2024-03-22,2024,AUTODROMO DE INTERLAGOS,Lolla Lounge,2250.0,1700.0,LOLLA LOUNGE
19341,JUNGLE,2024-03-22,2024,AUTODROMO DE INTERLAGOS,Lolla Lounge,2250.0,1700.0,LOLLA LOUNGE
19342,LOURENA,2024-03-22,2024,AUTODROMO DE INTERLAGOS,Lolla Lounge,2250.0,1700.0,LOLLA LOUNGE
19343,LUISA SONZA,2024-03-22,2024,AUTODROMO DE INTERLAGOS,Lolla Lounge,2250.0,1700.0,LOLLA LOUNGE
19344,MANEVA,2024-03-22,2024,AUTODROMO DE INTERLAGOS,Lolla Lounge,2250.0,1700.0,LOLLA LOUNGE
19345,MARCELO D2,2024-03-22,2024,AUTODROMO DE INTERLAGOS,Lolla Lounge,2250.0,1700.0,LOLLA LOUNGE
19346,THE BLAZE,2024-03-22,2024,AUTODROMO DE INTERLAGOS,Lolla Lounge,2250.0,1700.0,LOLLA LOUNGE
19348,ABOVE & BEYOND,2024-03-23,2024,AUTODROMO DE INTERLAGOS,Lolla Lounge,2250.0,1700.0,LOLLA LOUNGE
19349,BK,2024-03-23,2024,AUTODROMO DE INTERLAGOS,Lolla Lounge,2250.0,1700.0,LOLLA LOUNGE
19350,HOZIER,2024-03-23,2024,AUTODROMO DE INTERLAGOS,Lolla Lounge,2250.0,1700.0,LOLLA LOUNGE
19351,JESSIE REYEZ,2024-03-23,2024,AUTODROMO DE INTERLAGOS,Lolla Lounge,2250.0,1700.0,LOLLA LOUNGE
19352,KINGS OF LEON,2024-03-23,2024,AUTODROMO DE INTERLAGOS,Lolla Lounge,2250.0,1700.0,LOLLA LOUNGE
19353,LIMP BIZKIT,2024-03-23,2024,AUTODROMO DE INTERLAGOS,Lolla Lounge,2250.0,1700.0,LOLLA LOUNGE
19354,LOUD LUXURY,2024-03-23,2024,AUTODROMO DE INTERLAGOS,Lolla Lounge,2250.0,1700.0,LOLLA LOUNGE
19356,MC LUANNA,2024-03-23,2024,AUTODROMO DE INTERLAGOS,Lolla Lounge,2250.0,1700.0,LOLLA LOUNGE
19357,PIERCE THE VEIL,2024-03-23,2024,AUTODROMO DE INTERLAGOS,Lolla Lounge,2250.0,1700.0,LOLLA LOUNGE
19358,THIRTY SECONDS TO MARS,2024-03-23,2024,AUTODROMO DE INTERLAGOS,Lolla Lounge,2250.0,1700.0,LOLLA LOUNGE
19359,TIMMY TRUMPET,2024-03-23,2024,AUTODROMO DE INTERLAGOS,Lolla Lounge,2250.0,1700.0,LOLLA LOUNGE
19360,TITAS,2024-03-23,2024,AUTODROMO DE INTERLAGOS,Lolla Lounge,2250.0,1700.0,LOLLA LOUNGE
19362,XAMA,2024-03-23,2024,AUTODROMO DE INTERLAGOS,Lolla Lounge,2250.0,1700.0,LOLLA LOUNGE
19363,DAYGLOW,2024-03-24,2024,AUTODROMO DE INTERLAGOS,Lolla Lounge,2250.0,1700.0,LOLLA LOUNGE
19364,GILBERTO GIL,2024-03-24,2024,AUTODROMO DE INTERLAGOS,Lolla Lounge,2250.0,1700.0,LOLLA LOUNGE
19365,GRETA VAN FLEET,2024-03-24,2024,AUTODROMO DE INTERLAGOS,Lolla Lounge,2250.0,1700.0,LOLLA LOUNGE
19366,HUNGRIA,2024-03-24,2024,AUTODROMO DE INTERLAGOS,Lolla Lounge,2250.0,1700.0,LOLLA LOUNGE
19367,MC DANIEL,2024-03-24,2024,AUTODROMO DE INTERLAGOS,Lolla Lounge,2250.0,1700.0,LOLLA LOUNGE
19368,MC LIVINHO,2024-03-24,2024,AUTODROMO DE INTERLAGOS,Lolla Lounge,2250.0,1700.0,LOLLA LOUNGE
19369,MEDUZA,2024-03-24,2024,AUTODROMO DE INTERLAGOS,Lolla Lounge,2250.0,1700.0,LOLLA LOUNGE
19370,NOTHING BUT THIEVES,2024-03-24,2024,AUTODROMO DE INTERLAGOS,Lolla Lounge,2250.0,1700.0,LOLLA LOUNGE
19371,OMAR APOLLO,2024-03-24,2024,AUTODROMO DE INTERLAGOS,Lolla Lounge,2250.0,1700.0,LOLLA LOUNGE
19372,PHOENIX,2024-03-24,2024,AUTODROMO DE INTERLAGOS,Lolla Lounge,2250.0,1700.0,LOLLA LOUNGE
19373,SAM SMITH,2024-03-24,2024,AUTODROMO DE INTERLAGOS,Lolla Lounge,2250.0,1700.0,LOLLA LOUNGE
19374,SZA,2024-03-24,2024,AUTODROMO DE INTERLAGOS,Lolla Lounge,2250.0,1700.0,LOLLA LOUNGE
19375,TZ DA CORONEL,2024-03-24,2024,AUTODROMO DE INTERLAGOS,Lolla Lounge,2250.0,1700.0,LOLLA LOUNGE
19376,VULGO FK,2024-03-24,2024,AUTODROMO DE INTERLAGOS,Lolla Lounge,2250.0,1700.0,LOLLA LOUNGE
19599,DISCO LINES,2025-03-28,2025,AUTODROMO DE INTERLAGOS,Lolla Lounge,2310.0,1678.1666666666667,LOLLA LOUNGE
19600,EMPIRE OF THE SUN,2025-03-28,2025,AUTODROMO DE INTERLAGOS,Lolla Lounge,2310.0,1678.1666666666667,LOLLA LOUNGE
19601,GIRL IN RED,2025-03-28,2025,AUTODROMO DE INTERLAGOS,Lolla Lounge,2310.0,1678.1666666666667,LOLLA LOUNGE
19602,JAMES HYPE,2025-03-28,2025,AUTODROMO DE INTERLAGOS,Lolla Lounge,2310.0,1678.1666666666667,LOLLA LOUNGE
19603,JAO,2025-03-28,2025,AUTODROMO DE INTERLAGOS,Lolla Lounge,2310.0,1678.1666666666667,LOLLA LOUNGE
19604,JPEGMAFIA,2025-03-28,2025,AUTODROMO DE INTERLAGOS,Lolla Lounge,2310.0,1678.1666666666667,LOLLA LOUNGE
19605,NESSA BARRETT,2025-03-28,2025,AUTODROMO DE INTERLAGOS,Lolla Lounge,2310.0,1678.1666666666667,LOLLA LOUNGE
19606,OLIVIA RODRIGO,2025-03-28,2025,AUTODROMO DE INTERLAGOS,Lolla Lounge,2310.0,1678.1666666666667,LOLLA LOUNGE
19607,RUFUS DU SOL,2025-03-28,2025,AUTODROMO DE INTERLAGOS,Lolla Lounge,2310.0,1678.1666666666667,LOLLA LOUNGE
19608,ALANIS MORISSETTE,2025-03-29,2025,AUTODROMO DE INTERLAGOS,Lolla Lounge,2310.0,1678.1666666666667,LOLLA LOUNGE
19609,ARTEMAS,2025-03-29,2025,AUTODROMO DE INTERLAGOS,Lolla Lounge,2310.0,1678.1666666666667,LOLLA LOUNGE
19610,BENSON BOONE,2025-03-29,2025,AUTODROMO DE INTERLAGOS,Lolla Lounge,2310.0,1678.1666666666667,LOLLA LOUNGE
19611,BRUNO MARTINI,2025-03-29,2025,AUTODROMO DE INTERLAGOS,Lolla Lounge,2310.0,1678.1666666666667,LOLLA LOUNGE
19613,SHAWN MENDES,2025-03-29,2025,AUTODROMO DE INTERLAGOS,Lolla Lounge,2310.0,1678.1666666666667,LOLLA LOUNGE
19614,TATE MCRAE,2025-03-29,2025,AUTODROMO DE INTERLAGOS,Lolla Lounge,2310.0,1678.1666666666667,LOLLA LOUNGE
19615,TEDDY SWIMS,2025-03-29,2025,AUTODROMO DE INTERLAGOS,Lolla Lounge,2310.0,1678.1666666666667,LOLLA LOUNGE
19616,THE MARIAS,2025-03-29,2025,AUTODROMO DE INTERLAGOS,Lolla Lounge,2310.0,1678.1666666666667,LOLLA LOUNGE
19617,WAVE TO EARTH,2025-03-29,2025,AUTODROMO DE INTERLAGOS,Lolla Lounge,2310.0,1678.1666666666667,LOLLA LOUNGE
19618,ZEDD,2025-03-29,2025,AUTODROMO DE INTERLAGOS,Lolla Lounge,2310.0,1678.1666666666667,LOLLA LOUNGE
19619,BLOND:ISH,2025-03-30,2025,AUTODROMO DE INTERLAGOS,Lolla Lounge,2310.0,1678.1666666666667,LOLLA LOUNGE
19620,BUSH,2025-03-30,2025,AUTODROMO DE INTERLAGOS,Lolla Lounge,2310.0,1678.1666666666667,LOLLA LOUNGE
19621,CA7RIEL & PACO AMOROSO,2025-03-30,2025,AUTODROMO DE INTERLAGOS,Lolla Lounge,2310.0,1678.1666666666667,LOLLA LOUNGE
19622,CHARLOTTE DE WITTE,2025-03-30,2025,AUTODROMO DE INTERLAGOS,Lolla Lounge,2310.0,1678.1666666666667,LOLLA LOUNGE
19623,FOSTER THE PEOPLE,2025-03-30,2025,AUTODROMO DE INTERLAGOS,Lolla Lounge,2310.0,1678.1666666666667,LOLLA LOUNGE
19624,JUSTIN TIMBERLAKE,2025-03-30,2025,AUTODROMO DE INTERLAGOS,Lolla Lounge,2310.0,1678.1666666666667,LOLLA LOUNGE
19625,MICHAEL KIWANUKA,2025-03-30,2025,AUTODROMO DE INTERLAGOS,Lolla Lounge,2310.0,1678.1666666666667,LOLLA LOUNGE
19626,NEIL FRANCES,2025-03-30,2025,AUTODROMO DE INTERLAGOS,Lolla Lounge,2310.0,1678.1666666666667,LOLLA LOUNGE
19627,PARCELS,2025-03-30,2025,AUTODROMO DE INTERLAGOS,Lolla Lounge,2310.0,1678.1666666666667,LOLLA LOUNGE
19628,SEPULTURA,2025-03-30,2025,AUTODROMO DE INTERLAGOS,Lolla Lounge,2310.0,1678.1666666666667,LOLLA LOUNGE
19629,TOOL,2025-03-30,2025,AUTODROMO DE INTERLAGOS,Lolla Lounge,2310.0,1678.1666666666667,LOLLA LOUNGE
19932,DOJA CAT,2022-03-24,2022,AUTODROMO DE INTERLAGOS,Lolla Confort,1840.0,1763.3333333333333,LOLLA CONFORT
19933,KEHLANI,2022-03-24,2022,AUTODROMO DE INTERLAGOS,Lolla Confort,1840.0,1763.3333333333333,LOLLA CONFORT
19934,MGK,2022-03-24,2022,AUTODROMO DE INTERLAGOS,Lolla Confort,1840.0,1763.3333333333333,LOLLA CONFORT
19935,PABLLO VITTAR,2022-03-24,2022,AUTODROMO DE INTERLAGOS,Lolla Confort,1840.0,1763.3333333333333,LOLLA CONFORT
19936,070 SHAKE,2022-03-25,2022,AUTODROMO DE INTERLAGOS,Lolla Confort,1840.0,1763.3333333333333,LOLLA CONFORT
19937,ALAN WALKER,2022-03-25,2022,AUTODROMO DE INTERLAGOS,Lolla Confort,1840.0,1763.3333333333333,LOLLA CONFORT
19938,ASHNIKKO,2022-03-25,2022,AUTODROMO DE INTERLAGOS,Lolla Confort,1840.0,1763.3333333333333,LOLLA CONFORT
19939,CHRIS LAKE,2022-03-25,2022,AUTODROMO DE INTERLAGOS,Lolla Confort,1840.0,1763.3333333333333,LOLLA CONFORT
19940,DOJA CAT,2022-03-25,2022,AUTODROMO DE INTERLAGOS,Lolla Confort,1840.0,1763.3333333333333,LOLLA CONFORT
19941,JACK HARLOW,2022-03-25,2022,AUTODROMO DE INTERLAGOS,Lolla Confort,1840.0,1763.3333333333333,LOLLA CONFORT
19942,LP,2022-03-25,2022,AUTODROMO DE INTERLAGOS,Lolla Confort,1840.0,1763.3333333333333,LOLLA CONFORT
19943,MARINA,2022-03-25,2022,AUTODROMO DE INTERLAGOS,Lolla Confort,1840.0,1763.3333333333333,LOLLA CONFORT
19944,MATUE,2022-03-25,2022,AUTODROMO DE INTERLAGOS,Lolla Confort,1840.0,1763.3333333333333,LOLLA CONFORT
19945,MGK,2022-03-25,2022,AUTODROMO DE INTERLAGOS,Lolla Confort,1840.0,1763.3333333333333,LOLLA CONFORT
19946,PABLLO VITTAR,2022-03-25,2022,AUTODROMO DE INTERLAGOS,Lolla Confort,1840.0,1763.3333333333333,LOLLA CONFORT
19947,THE STROKES,2022-03-25,2022,AUTODROMO DE INTERLAGOS,Lolla Confort,1840.0,1763.3333333333333,LOLLA CONFORT
19948,THE WOMBATS,2022-03-25,2022,AUTODROMO DE INTERLAGOS,Lolla Confort,1840.0,1763.3333333333333,LOLLA CONFORT
19949,TURNSTILE,2022-03-25,2022,AUTODROMO DE INTERLAGOS,Lolla Confort,1840.0,1763.3333333333333,LOLLA CONFORT
19950,A DAY TO REMEMBER,2022-03-26,2022,AUTODROMO DE INTERLAGOS,Lolla Confort,1840.0,1763.3333333333333,LOLLA CONFORT
19951,A$AP ROCKY,2022-03-26,2022,AUTODROMO DE INTERLAGOS,Lolla Confort,1840.0,1763.3333333333333,LOLLA CONFORT
19952,ALESSIA CARA,2022-03-26,2022,AUTODROMO DE INTERLAGOS,Lolla Confort,1840.0,1763.3333333333333,LOLLA CONFORT
19953,ALOK,2022-03-26,2022,AUTODROMO DE INTERLAGOS,Lolla Confort,1840.0,1763.3333333333333,LOLLA CONFORT
19954,DEORRO,2022-03-26,2022,AUTODROMO DE INTERLAGOS,Lolla Confort,1840.0,1763.3333333333333,LOLLA CONFORT
19955,EMICIDA,2022-03-26,2022,AUTODROMO DE INTERLAGOS,Lolla Confort,1840.0,1763.3333333333333,LOLLA CONFORT
19956,JAO,2022-03-26,2022,AUTODROMO DE INTERLAGOS,Lolla Confort,1840.0,1763.3333333333333,LOLLA CONFORT
19957,MILEY CYRUS,2022-03-26,2022,AUTODROMO DE INTERLAGOS,Lolla Confort,1840.0,1763.3333333333333,LOLLA CONFORT
19958,REMI WOLF,2022-03-26,2022,AUTODROMO DE INTERLAGOS,Lolla Confort,1840.0,1763.3333333333333,LOLLA CONFORT
19959,TWO FEET,2022-03-26,2022,AUTODROMO DE INTERLAGOS,Lolla Confort,1840.0,1763.3333333333333,LOLLA CONFORT
19960,ALESSO,2022-03-27,2022,AUTODROMO DE INTERLAGOS,Lolla Confort,1840.0,1763.3333333333333,LOLLA CONFORT
19961,BLACK PUMAS,2022-03-27,2022,AUTODROMO DE INTERLAGOS,Lolla Confort,1840.0,1763.3333333333333,LOLLA CONFORT
19963,DJONGA,2022-03-27,2022,AUTODROMO DE INTERLAGOS,Lolla Confort,1840.0,1763.3333333333333,LOLLA CONFORT
19964,GLORIA GROOVE,2022-03-27,2022,AUTODROMO DE INTERLAGOS,Lolla Confort,1840.0,1763.3333333333333,LOLLA CONFORT
19965,IDLES,2022-03-27,2022,AUTODROMO DE INTERLAGOS,Lolla Confort,1840.0,1763.3333333333333,LOLLA CONFORT
19966,KAYTRANADA,2022-03-27,2022,AUTODROMO DE INTERLAGOS,Lolla Confort,1840.0,1763.3333333333333,LOLLA CONFORT
19967,KEHLANI,2022-03-27,2022,AUTODROMO DE INTERLAGOS,Lolla Confort,1840.0,1763.3333333333333,LOLLA CONFORT
19968,LAGUM,2022-03-27,2022,AUTODROMO DE INTERLAGOS,Lolla Confort,1840.0,1763.3333333333333,LOLLA CONFORT
19969,MARINA SENA,2022-03-27,2022,AUTODROMO DE INTERLAGOS,Lolla Confort,1840.0,1763.3333333333333,LOLLA CONFORT
19970,MARTIN GARRIX,2022-03-27,2022,AUTODROMO DE INTERLAGOS,Lolla Confort,1840.0,1763.3333333333333,LOLLA CONFORT
20069,LUISA SONZA,2022-07-26,2022,VIBRA SAO PAULO,Lolla Confort,1750.0,1700.0,LOLLA CONFORT
20070,MATUE,2022-07-26,2022,VIBRA SAO PAULO,Lolla Confort,1750.0,1700.0,LOLLA CONFORT
20072,SKANK,2022-07-26,2022,VIBRA SAO PAULO,Lolla Confort,1840.0,1763.3333333333333,LOLLA CONFORT
20073,XAMA,2022-07-26,2022,VIBRA SAO PAULO,Lolla Confort,1770.0,1706.6666666666667,LOLLA CONFORT
20295,ANAVITORIA,2023-03-24,2023,AUTODROMO DE INTERLAGOS,Lolla Confort,1770.0,1706.6666666666667,LOLLA CONFORT
20296,BILLIE EILISH,2023-03-24,2023,AUTODROMO DE INTERLAGOS,Lolla Confort,1770.0,1706.6666666666667,LOLLA CONFORT
20297,BLACK ALIEN,2023-03-24,2023,AUTODROMO DE INTERLAGOS,Lolla Confort,1770.0,1706.6666666666667,LOLLA CONFORT
20298,CLAPTONE,2023-03-24,2023,AUTODROMO DE INTERLAGOS,Lolla Confort,1770.0,1706.6666666666667,LOLLA CONFORT
20299,CONAN GRAY,2023-03-24,2023,AUTODROMO DE INTERLAGOS,Lolla Confort,1770.0,1706.6666666666667,LOLLA CONFORT
20300,GORGON CITY,2023-03-24,2023,AUTODROMO DE INTERLAGOS,Lolla Confort,1770.0,1706.6666666666667,LOLLA CONFORT
20301,JOHN SUMMIT,2023-03-24,2023,AUTODROMO DE INTERLAGOS,Lolla Confort,1770.0,1706.6666666666667,LOLLA CONFORT
20302,KALI UCHIS,2023-03-24,2023,AUTODROMO DE INTERLAGOS,Lolla Confort,1770.0,1706.6666666666667,LOLLA CONFORT
20303,LIL NAS X,2023-03-24,2023,AUTODROMO DE INTERLAGOS,Lolla Confort,1770.0,1706.6666666666667,LOLLA CONFORT
20304,MODEST MOUSE,2023-03-24,2023,AUTODROMO DE INTERLAGOS,Lolla Confort,1770.0,1706.6666666666667,LOLLA CONFORT
20305,MOTHER MOTHER,2023-03-24,2023,AUTODROMO DE INTERLAGOS,Lolla Confort,1770.0,1706.6666666666667,LOLLA CONFORT
20306,PEDRO SAMPAIO,2023-03-24,2023,AUTODROMO DE INTERLAGOS,Lolla Confort,1770.0,1706.6666666666667,LOLLA CONFORT
20307,POLO & PAN,2023-03-24,2023,AUTODROMO DE INTERLAGOS,Lolla Confort,1770.0,1706.6666666666667,LOLLA CONFORT
20308,RISE AGAINST,2023-03-24,2023,AUTODROMO DE INTERLAGOS,Lolla Confort,1770.0,1706.6666666666667,LOLLA CONFORT
20309,SUKI WATERHOUSE,2023-03-24,2023,AUTODROMO DE INTERLAGOS,Lolla Confort,1770.0,1706.6666666666667,LOLLA CONFORT
20310,CAROL BIAZIN,2023-03-25,2023,AUTODROMO DE INTERLAGOS,Lolla Confort,1770.0,1706.6666666666667,LOLLA CONFORT
20312,FILIPE RET,2023-03-25,2023,AUTODROMO DE INTERLAGOS,Lolla Confort,1770.0,1706.6666666666667,LOLLA CONFORT
20313,GILSONS,2023-03-25,2023,AUTODROMO DE INTERLAGOS,Lolla Confort,1770.0,1706.6666666666667,LOLLA CONFORT
20314,JAMIE XX,2023-03-25,2023,AUTODROMO DE INTERLAGOS,Lolla Confort,1770.0,1706.6666666666667,LOLLA CONFORT
20315,LUDMILLA,2023-03-25,2023,AUTODROMO DE INTERLAGOS,Lolla Confort,1770.0,1706.6666666666667,LOLLA CONFORT
20316,MELANIE MARTINEZ,2023-03-25,2023,AUTODROMO DE INTERLAGOS,Lolla Confort,1770.0,1706.6666666666667,LOLLA CONFORT
20317,PITTY,2023-03-25,2023,AUTODROMO DE INTERLAGOS,Lolla Confort,1770.0,1706.6666666666667,LOLLA CONFORT
20318,PURPLE DISCO MACHINE,2023-03-25,2023,AUTODROMO DE INTERLAGOS,Lolla Confort,1770.0,1706.6666666666667,LOLLA CONFORT
20319,SOFI TUKKER,2023-03-25,2023,AUTODROMO DE INTERLAGOS,Lolla Confort,1770.0,1706.6666666666667,LOLLA CONFORT
20320,TAME IMPALA,2023-03-25,2023,AUTODROMO DE INTERLAGOS,Lolla Confort,1770.0,1706.6666666666667,LOLLA CONFORT
20321,THE 1975,2023-03-25,2023,AUTODROMO DE INTERLAGOS,Lolla Confort,1770.0,1706.6666666666667,LOLLA CONFORT
20322,TWENTY ONE PILOTS,2023-03-25,2023,AUTODROMO DE INTERLAGOS,Lolla Confort,1770.0,1706.6666666666667,LOLLA CONFORT
20325,ARMIN VAN BUUREN,2023-03-26,2023,AUTODROMO DE INTERLAGOS,Lolla Confort,1770.0,1706.6666666666667,LOLLA CONFORT
20326,AURORA,2023-03-26,2023,AUTODROMO DE INTERLAGOS,Lolla Confort,1770.0,1706.6666666666667,LOLLA CONFORT
20327,BACO EXU DO BLUES,2023-03-26,2023,AUTODROMO DE INTERLAGOS,Lolla Confort,1770.0,1706.6666666666667,LOLLA CONFORT
20328,CIGARETTES AFTER SEX,2023-03-26,2023,AUTODROMO DE INTERLAGOS,Lolla Confort,1770.0,1706.6666666666667,LOLLA CONFORT
20329,DUBDOGZ,2023-03-26,2023,AUTODROMO DE INTERLAGOS,Lolla Confort,1770.0,1706.6666666666667,LOLLA CONFORT
20330,FRED AGAIN..,2023-03-26,2023,AUTODROMO DE INTERLAGOS,Lolla Confort,1770.0,1706.6666666666667,LOLLA CONFORT
20331,L7NNON,2023-03-26,2023,AUTODROMO DE INTERLAGOS,Lolla Confort,1770.0,1706.6666666666667,LOLLA CONFORT
20332,OS PARALAMAS DO SUCESSO,2023-03-26,2023,AUTODROMO DE INTERLAGOS,Lolla Confort,1770.0,1706.6666666666667,LOLLA CONFORT
20333,ROSALIA,2023-03-26,2023,AUTODROMO DE INTERLAGOS,Lolla Confort,1770.0,1706.6666666666667,LOLLA CONFORT
20334,SKRILLEX,2023-03-26,2023,AUTODROMO DE INTERLAGOS,Lolla Confort,1770.0,1706.6666666666667,LOLLA CONFORT
20335,THE ROSE,2023-03-26,2023,AUTODROMO DE INTERLAGOS,Lolla Confort,1770.0,1706.6666666666667,LOLLA CONFORT
20336,TOVE LO,2023-03-26,2023,AUTODROMO DE INTERLAGOS,Lolla Confort,1770.0,1706.6666666666667,LOLLA CONFORT
20660,ARCADE FIRE,2024-03-22,2024,AUTODROMO DE INTERLAGOS,Lolla Confort,1750.0,1700.0,LOLLA CONFORT
20662,DIPLO,2024-03-22,2024,AUTODROMO DE INTERLAGOS,Lolla Confort,1750.0,1700.0,LOLLA CONFORT
20663,DOM DOLLA,2024-03-22,2024,AUTODROMO DE INTERLAGOS,Lolla Confort,1750.0,1700.0,LOLLA CONFORT
20664,FLETCHER,2024-03-22,2024,AUTODROMO DE INTERLAGOS,Lolla Confort,1750.0,1700.0,LOLLA CONFORT
20665,JUNGLE,2024-03-22,2024,AUTODROMO DE INTERLAGOS,Lolla Confort,1750.0,1700.0,LOLLA CONFORT
20666,LOURENA,2024-03-22,2024,AUTODROMO DE INTERLAGOS,Lolla Confort,1750.0,1700.0,LOLLA CONFORT
20667,LUISA SONZA,2024-03-22,2024,AUTODROMO DE INTERLAGOS,Lolla Confort,1750.0,1700.0,LOLLA CONFORT
20668,MANEVA,2024-03-22,2024,AUTODROMO DE INTERLAGOS,Lolla Confort,1750.0,1700.0,LOLLA CONFORT
20669,MARCELO D2,2024-03-22,2024,AUTODROMO DE INTERLAGOS,Lolla Confort,1750.0,1700.0,LOLLA CONFORT
20670,THE BLAZE,2024-03-22,2024,AUTODROMO DE INTERLAGOS,Lolla Confort,1750.0,1700.0,LOLLA CONFORT
20672,ABOVE & BEYOND,2024-03-23,2024,AUTODROMO DE INTERLAGOS,Lolla Confort,1750.0,1700.0,LOLLA CONFORT
20673,BK,2024-03-23,2024,AUTODROMO DE INTERLAGOS,Lolla Confort,1750.0,1700.0,LOLLA CONFORT
20674,HOZIER,2024-03-23,2024,AUTODROMO DE INTERLAGOS,Lolla Confort,1750.0,1700.0,LOLLA CONFORT
20675,JESSIE REYEZ,2024-03-23,2024,AUTODROMO DE INTERLAGOS,Lolla Confort,1750.0,1700.0,LOLLA CONFORT
20676,KINGS OF LEON,2024-03-23,2024,AUTODROMO DE INTERLAGOS,Lolla Confort,1750.0,1700.0,LOLLA CONFORT
20677,LIMP BIZKIT,2024-03-23,2024,AUTODROMO DE INTERLAGOS,Lolla Confort,1750.0,1700.0,LOLLA CONFORT
20678,LOUD LUXURY,2024-03-23,2024,AUTODROMO DE INTERLAGOS,Lolla Confort,1750.0,1700.0,LOLLA CONFORT
20680,MC LUANNA,2024-03-23,2024,AUTODROMO DE INTERLAGOS,Lolla Confort,1750.0,1700.0,LOLLA CONFORT
20681,PIERCE THE VEIL,2024-03-23,2024,AUTODROMO DE INTERLAGOS,Lolla Confort,1750.0,1700.0,LOLLA CONFORT
20682,THIRTY SECONDS TO MARS,2024-03-23,2024,AUTODROMO DE INTERLAGOS,Lolla Confort,1750.0,1700.0,LOLLA CONFORT
20683,TIMMY TRUMPET,2024-03-23,2024,AUTODROMO DE INTERLAGOS,Lolla Confort,1750.0,1700.0,LOLLA CONFORT
20684,TITAS,2024-03-23,2024,AUTODROMO DE INTERLAGOS,Lolla Confort,1750.0,1700.0,LOLLA CONFORT
20686,XAMA,2024-03-23,2024,AUTODROMO DE INTERLAGOS,Lolla Confort,1750.0,1700.0,LOLLA CONFORT
20687,DAYGLOW,2024-03-24,2024,AUTODROMO DE INTERLAGOS,Lolla Confort,1750.0,1700.0,LOLLA CONFORT
20688,GILBERTO GIL,2024-03-24,2024,AUTODROMO DE INTERLAGOS,Lolla Confort,1750.0,1700.0,LOLLA CONFORT
20689,GRETA VAN FLEET,2024-03-24,2024,AUTODROMO DE INTERLAGOS,Lolla Confort,1750.0,1700.0,LOLLA CONFORT
20690,HUNGRIA,2024-03-24,2024,AUTODROMO DE INTERLAGOS,Lolla Confort,1750.0,1700.0,LOLLA CONFORT
20691,MC DANIEL,2024-03-24,2024,AUTODROMO DE INTERLAGOS,Lolla Confort,1750.0,1700.0,LOLLA CONFORT
20692,MC LIVINHO,2024-03-24,2024,AUTODROMO DE INTERLAGOS,Lolla Confort,1750.0,1700.0,LOLLA CONFORT
20693,MEDUZA,2024-03-24,2024,AUTODROMO DE INTERLAGOS,Lolla Confort,1750.0,1700.0,LOLLA CONFORT
20694,NOTHING BUT THIEVES,2024-03-24,2024,AUTODROMO DE INTERLAGOS,Lolla Confort,1750.0,1700.0,LOLLA CONFORT
20695,OMAR APOLLO,2024-03-24,2024,AUTODROMO DE INTERLAGOS,Lolla Confort,1750.0,1700.0,LOLLA CONFORT
20696,PHOENIX,2024-03-24,2024,AUTODROMO DE INTERLAGOS,Lolla Confort,1750.0,1700.0,LOLLA CONFORT
20697,SAM SMITH,2024-03-24,2024,AUTODROMO DE INTERLAGOS,Lolla Confort,1750.0,1700.0,LOLLA CONFORT
20698,SZA,2024-03-24,2024,AUTODROMO DE INTERLAGOS,Lolla Confort,1750.0,1700.0,LOLLA CONFORT
20699,TZ DA CORONEL,2024-03-24,2024,AUTODROMO DE INTERLAGOS,Lolla Confort,1750.0,1700.0,LOLLA CONFORT
20700,VULGO FK,2024-03-24,2024,AUTODROMO DE INTERLAGOS,Lolla Confort,1750.0,1700.0,LOLLA CONFORT
20923,DISCO LINES,2025-03-28,2025,AUTODROMO DE INTERLAGOS,Lolla Confort,1674.5,1678.1666666666667,LOLLA CONFORT
20924,EMPIRE OF THE SUN,2025-03-28,2025,AUTODROMO DE INTERLAGOS,Lolla Confort,1674.5,1678.1666666666667,LOLLA CONFORT
20925,GIRL IN RED,2025-03-28,2025,AUTODROMO DE INTERLAGOS,Lolla Confort,1674.5,1678.1666666666667,LOLLA CONFORT
20926,JAMES HYPE,2025-03-28,2025,AUTODROMO DE INTERLAGOS,Lolla Confort,1674.5,1678.1666666666667,LOLLA CONFORT
20927,JAO,2025-03-28,2025,AUTODROMO DE INTERLAGOS,Lolla Confort,1674.5,1678.1666666666667,LOLLA CONFORT
20928,JPEGMAFIA,2025-03-28,2025,AUTODROMO DE INTERLAGOS,Lolla Confort,1674.5,1678.1666666666667,LOLLA CONFORT
20929,NESSA BARRETT,2025-03-28,2025,AUTODROMO DE INTERLAGOS,Lolla Confort,1674.5,1678.1666666666667,LOLLA CONFORT
20930,OLIVIA RODRIGO,2025-03-28,2025,AUTODROMO DE INTERLAGOS,Lolla Confort,1674.5,1678.1666666666667,LOLLA CONFORT
20931,RUFUS DU SOL,2025-03-28,2025,AUTODROMO DE INTERLAGOS,Lolla Confort,1674.5,1678.1666666666667,LOLLA CONFORT
20932,ALANIS MORISSETTE,2025-03-29,2025,AUTODROMO DE INTERLAGOS,Lolla Confort,1674.5,1678.1666666666667,LOLLA CONFORT
20933,ARTEMAS,2025-03-29,2025,AUTODROMO DE INTERLAGOS,Lolla Confort,1674.5,1678.1666666666667,LOLLA CONFORT
20934,BENSON BOONE,2025-03-29,2025,AUTODROMO DE INTERLAGOS,Lolla Confort,1674.5,1678.1666666666667,LOLLA CONFORT
20935,BRUNO MARTINI,2025-03-29,2025,AUTODROMO DE INTERLAGOS,Lolla Confort,1674.5,1678.1666666666667,LOLLA CONFORT
20937,SHAWN MENDES,2025-03-29,2025,AUTODROMO DE INTERLAGOS,Lolla Confort,1674.5,1678.1666666666667,LOLLA CONFORT
20938,TATE MCRAE,2025-03-29,2025,AUTODROMO DE INTERLAGOS,Lolla Confort,1674.5,1678.1666666666667,LOLLA CONFORT
20939,TEDDY SWIMS,2025-03-29,2025,AUTODROMO DE INTERLAGOS,Lolla Confort,1674.5,1678.1666666666667,LOLLA CONFORT
20940,THE MARIAS,2025-03-29,2025,AUTODROMO DE INTERLAGOS,Lolla Confort,1674.5,1678.1666666666667,LOLLA CONFORT
20941,WAVE TO EARTH,2025-03-29,2025,AUTODROMO DE INTERLAGOS,Lolla Confort,1674.5,1678.1666666666667,LOLLA CONFORT
20942,ZEDD,2025-03-29,2025,AUTODROMO DE INTERLAGOS,Lolla Confort,1674.5,1678.1666666666667,LOLLA CONFORT
20943,BLOND:ISH,2025-03-30,2025,AUTODROMO DE INTERLAGOS,Lolla Confort,1674.5,1678.1666666666667,LOLLA CONFORT
20944,BUSH,2025-03-30,2025,AUTODROMO DE INTERLAGOS,Lolla Confort,1674.5,1678.1666666666667,LOLLA CONFORT
20945,CA7RIEL & PACO AMOROSO,2025-03-30,2025,AUTODROMO DE INTERLAGOS,Lolla Confort,1674.5,1678.1666666666667,LOLLA CONFORT
20946,CHARLOTTE DE WITTE,2025-03-30,2025,AUTODROMO DE INTERLAGOS,Lolla Confort,1674.5,1678.1666666666667,LOLLA CONFORT
20947,FOSTER THE PEOPLE,2025-03-30,2025,AUTODROMO DE INTERLAGOS,Lolla Confort,1674.5,1678.1666666666667,LOLLA CONFORT
20948,JUSTIN TIMBERLAKE,2025-03-30,2025,AUTODROMO DE INTERLAGOS,Lolla Confort,1674.5,1678.1666666666667,LOLLA CONFORT
20949,MICHAEL KIWANUKA,2025-03-30,2025,AUTODROMO DE INTERLAGOS,Lolla Confort,1674.5,1678.1666666666667,LOLLA CONFORT
20950,NEIL FRANCES,2025-03-30,2025,AUTODROMO DE INTERLAGOS,Lolla Confort,1674.5,1678.1666666666667,LOLLA CONFORT
20951,PARCELS,2025-03-30,2025,AUTODROMO DE INTERLAGOS,Lolla Confort,1674.5,1678.1666666666667,LOLLA CONFORT
20952,SEPULTURA,2025-03-30,2025,AUTODROMO DE INTERLAGOS,Lolla Confort,1674.5,1678.1666666666667,LOLLA CONFORT
20953,TOOL,2025-03-30,2025,AUTODROMO DE INTERLAGOS,Lolla Confort,1674.5,1678.1666666666667,LOLLA CONFORT
21523,THE ROSE,2022-12-04,2022,ESPACO UNIMED,Meet & Greet,600.0,493.3333333333333,MEET & GREET
21750,TITAS,2023-06-16,2023,ALLIANZ PARQUE,Meet & Greet,1440.0,539.1666666666666,MEET & GREET
21751,TITAS,2023-06-17,2023,ALLIANZ PARQUE,Meet & Greet,1440.0,539.1666666666666,MEET & GREET
21752,TITAS,2023-06-18,2023,ALLIANZ PARQUE,Meet & Greet,1440.0,539.1666666666666,MEET & GREET
21937,TITAS,2023-12-21,2023,ALLIANZ PARQUE,Meet & Greet,1440.0,539.1666666666666,MEET & GREET
21938,TITAS,2023-12-22,2023,ALLIANZ PARQUE,Meet & Greet,1440.0,539.1666666666666,MEET & GREET
21939,TITAS,2023-12-23,2023,ALLIANZ PARQUE,Meet & Greet,1440.0,539.1666666666666,MEET & GREET
22295,KALEO,2025-04-22,2025,AUDIO,Meet & Greet,1040.0,709.6666666666666,MEET & GREET
22448,RAUW ALEJANDRO,2025-10-22,2025,VIBRA SAO PAULO,Meet & Greet,11709.0,2992.5714285714284,MEET & GREET
22474,LINKIN PARK,2025-11-08,2025,MORUMBIS,Meet & Greet,11709.0,2885.8,MEET & GREET
22476,POPPY,2025-11-08,2025,MORUMBIS,Meet & Greet,11709.0,2885.8,MEET & GREET
22532,HENRIQUE & JULIANO,2021-12-17,2021,ESTADIO DO CANINDE,Backstage,1690.0,570.0,BACKSTAGE
22623,GLORIA GROOVE,2022-04-03,2022,VALE DO ANHANGABAU,Backstage,500.0,400.0,BACKSTAGE
22629,VITOR KLEY,2022-04-10,2022,AUDIO,Backstage,70.0,70.0,BACKSTAGE
22645,LAGUM,2022-05-07,2022,EXPO CENTER NORTE,Backstage,70.0,70.0,BACKSTAGE
22771,GUNS N' ROSES,2022-09-24,2022,ALLIANZ PARQUE,Backstage,2290.0,950.0,BACKSTAGE
22929,DEF LEPPARD,2023-03-07,2023,ALLIANZ PARQUE,Backstage,2800.0,1538.5714285714287,BACKSTAGE
22930,MOTLEY CRUE,2023-03-07,2023,ALLIANZ PARQUE,Backstage,2800.0,1538.5714285714287,BACKSTAGE
23615,EUROPE,2025-04-19,2025,ALLIANZ PARQUE,Backstage,2800.0,1474.2857142857142,BACKSTAGE
23616,JUDAS PRIEST,2025-04-19,2025,ALLIANZ PARQUE,Backstage,2800.0,1474.2857142857142,BACKSTAGE
23617,SCORPIONS,2025-04-19,2025,ALLIANZ PARQUE,Backstage,2800.0,1474.2857142857142,BACKSTAGE
23618,JUDAS PRIEST,2025-04-20,2025,VIBRA SAO PAULO,Backstage,2800.0,1474.2857142857142,BACKSTAGE
23652,LUDMILLA,2025-06-21,2025,VALE DO ANHANGABAU,Backstage,500.0,400.0,BACKSTAGE
23653,URIAS,2025-06-21,2025,VALE DO ANHANGABAU,Backstage,500.0,400.0,BACKSTAGE
23670,CALCINHA PRETA,2025-08-09,2025,NEO QUIMICA ARENA,Backstage,440.0,286.6666666666667,BACKSTAGE
23671,RAI SAIA RODADA,2025-08-09,2025,NEO QUIMICA ARENA,Backstage,440.0,286.6666666666667,BACKSTAGE
23896,SKANK,2022-03-11,2022,ESPACO DAS AMERICAS,Mezanino ,290.0,257.5,MEZANINO
23899,SKANK,2022-03-12,2022,ESPACO DAS AMERICAS,Mezanino ,290.0,257.5,MEZANINO
23900,SKANK,2022-03-13,2022,ESPACO DAS AMERICAS,Mezanino ,290.0,257.5,MEZANINO
23954,MOLCHAT DOMA,2022-04-11,2022,AUDIO,Mezanino ,400.0,290.0,MEZANINO
23957,MARIA BETHANIA,2022-04-16,2022,ESPACO DAS AMERICAS,Mezanino ,150.0,215.4,MEZANINO
23961,CPM 22,2022-04-23,2022,AUDIO,Mezanino ,100.0,150.0,MEZANINO
23962,IVETE SANGALO,2022-04-23,2022,ESPACO DAS AMERICAS,Mezanino ,300.0,245.0,MEZANINO
23967,CHARLOTTE DE WITTE,2022-05-06,2022,SAMBODROMO DO ANHEMBI,Mezanino ,780.0,640.0,MEZANINO
23971,CPM 22,2022-05-08,2022,AUDIO,Mezanino ,100.0,150.0,MEZANINO
23979,TWO DOOR CINEMA CLUB,2022-05-18,2022,AUDIO,Mezanino ,350.0,300.0,MEZANINO
23980,THE KOOKS,2022-05-20,2022,ESPACO UNIMED,Mezanino ,800.0,566.6666666666666,MEZANINO
24028,CAETANO VELOSO,2022-06-24,2022,ESPACO UNIMED,Mezanino ,280.0,351.6666666666667,MEZANINO
24030,CAETANO VELOSO,2022-06-25,2022,ESPACO UNIMED,Mezanino ,280.0,351.6666666666667,MEZANINO
24031,JOTA QUEST,2022-07-02,2022,ESPACO UNIMED,Mezanino ,240.0,220.0,MEZANINO
24032,PITTY,2022-07-09,2022,AUDIO,Mezanino ,180.0,260.0,MEZANINO
24036,MARISA MONTE,2022-07-21,2022,ESPACO UNIMED,Mezanino ,240.0,350.0,MEZANINO
24037,MARISA MONTE,2022-07-22,2022,ESPACO UNIMED,Mezanino ,240.0,350.0,MEZANINO
24038,MARISA MONTE,2022-07-23,2022,ESPACO UNIMED,Mezanino ,240.0,350.0,MEZANINO
24046,MARISA MONTE,2022-07-28,2022,ESPACO UNIMED,Mezanino ,240.0,350.0,MEZANINO
24047,MARISA MONTE,2022-07-29,2022,ESPACO UNIMED,Mezanino ,240.0,350.0,MEZANINO
24062,ROSALIA,2022-08-22,2022,ESPACO UNIMED,Mezanino ,740.0,672.5,MEZANINO
24063,MILTON NASCIMENTO,2022-08-26,2022,ESPACO UNIMED,Mezanino ,320.0,420.0,MEZANINO
24064,MC HARIEL,2022-08-27,2022,ESTADIO DO CANINDE,Mezanino ,320.0,420.0,MEZANINO
24065,MILTON NASCIMENTO,2022-08-27,2022,ESPACO UNIMED,Mezanino ,320.0,420.0,MEZANINO
24070,MILTON NASCIMENTO,2022-09-01,2022,ESPACO UNIMED,Mezanino ,320.0,420.0,MEZANINO
24071,MILTON NASCIMENTO,2022-09-02,2022,ESPACO UNIMED,Mezanino ,320.0,420.0,MEZANINO
24074,AVRIL LAVIGNE,2022-09-07,2022,ESPACO UNIMED,Mezanino ,301.0,538.5,MEZANINO
24077,MANESKIN,2022-09-09,2022,ESPACO UNIMED,Mezanino ,620.0,570.0,MEZANINO
24097,MILTON NASCIMENTO,2022-09-24,2022,ESPACO UNIMED,Mezanino ,320.0,420.0,MEZANINO
24098,MILTON NASCIMENTO,2022-09-25,2022,ESPACO UNIMED,Mezanino ,320.0,420.0,MEZANINO
24102,HELLOWEEN,2022-10-08,2022,ESPACO UNIMED,Mezanino ,520.0,462.5,MEZANINO
24105,HELLOWEEN,2022-10-09,2022,ESPACO UNIMED,Mezanino ,520.0,462.5,MEZANINO
24106,BEAST IN BLACK,2022-10-14,2022,ESPACO UNIMED,Mezanino ,370.0,332.5,MEZANINO
24107,NIGHTWISH,2022-10-14,2022,ESPACO UNIMED,Mezanino ,370.0,332.5,MEZANINO
24115,SKANK,2022-10-21,2022,ESPACO UNIMED,Mezanino ,280.0,260.0,MEZANINO
24116,SKANK,2022-10-22,2022,ESPACO UNIMED,Mezanino ,280.0,260.0,MEZANINO
24118,MILTON NASCIMENTO,2022-11-01,2022,ESPACO UNIMED,Mezanino ,320.0,420.0,MEZANINO
24119,MILTON NASCIMENTO,2022-11-03,2022,ESPACO UNIMED,Mezanino ,320.0,420.0,MEZANINO
24121,MILTON NASCIMENTO,2022-11-04,2022,ESPACO UNIMED,Mezanino ,320.0,420.0,MEZANINO
24146,CHARLI XCX,2022-11-09,2022,AUDIO,Mezanino ,540.0,455.0,MEZANINO
24163,CAETANO VELOSO,2022-11-25,2022,ESPACO UNIMED,Mezanino ,280.0,351.6666666666667,MEZANINO
24164,CAETANO VELOSO,2022-11-26,2022,ESPACO UNIMED,Mezanino ,280.0,351.6666666666667,MEZANINO
24165,GUSTTAVO LIMA,2022-11-26,2022,ALLIANZ PARQUE,Mezanino ,7000.0,3670.0,MEZANINO
24166,MAIARA & MARAISA,2022-11-26,2022,ALLIANZ PARQUE,Mezanino ,7000.0,3670.0,MEZANINO
24167,CAETANO VELOSO,2022-11-27,2022,ESPACO UNIMED,Mezanino ,280.0,351.6666666666667,MEZANINO
24171,THE ROSE,2022-12-04,2022,ESPACO UNIMED,Mezanino ,480.0,493.3333333333333,MEZANINO
24188,JUDAS PRIEST,2022-12-15,2022,VIBRA SAO PAULO,Mezanino ,260.0,485.0,MEZANINO
24189,PANTERA,2022-12-15,2022,VIBRA SAO PAULO,Mezanino ,260.0,485.0,MEZANINO
24210,JACK JOHNSON,2023-01-18,2023,ESPACO UNIMED,Mezanino ,625.5,568.0,MEZANINO
24220,LUISA SONZA,2023-01-27,2023,ESPACO UNIMED,Mezanino ,280.0,250.0,MEZANINO
24228,LP,2023-02-08,2023,AUDIO,Mezanino ,420.0,370.0,MEZANINO
24229,SUPER JUNIOR,2023-02-09,2023,ESPACO UNIMED,Mezanino ,790.0,785.0,MEZANINO
24249,BIG TIME RUSH,2023-03-03,2023,ESPACO UNIMED,Mezanino ,680.0,585.0,MEZANINO
24260,THE BLACK CROWES,2023-03-14,2023,ESPACO UNIMED,Mezanino ,640.0,562.5,MEZANINO
24309,CIGARETTES AFTER SEX,2023-03-27,2023,AUDIO,Mezanino ,240.0,200.0,MEZANINO
24318,PIERCE THE VEIL,2023-04-09,2023,AUDIO,Mezanino ,660.0,592.5,MEZANINO
24334,VITOR KLEY,2023-04-23,2023,AUDIO,Mezanino ,180.0,273.3333333333333,MEZANINO
24336,APOCALYPTICA,2023-04-29,2023,MEMORIAL DA AMERICA LATINA,Mezanino ,600.0,533.3333333333334,MEZANINO
24337,LAMB OF GOD,2023-04-29,2023,MEMORIAL DA AMERICA LATINA,Mezanino ,600.0,533.3333333333334,MEZANINO
24338,SEPULTURA,2023-04-29,2023,MEMORIAL DA AMERICA LATINA,Mezanino ,600.0,533.3333333333334,MEZANINO
24339,SKID ROW,2023-04-29,2023,MEMORIAL DA AMERICA LATINA,Mezanino ,600.0,533.3333333333334,MEZANINO
24340,STONE TEMPLE PILOTS,2023-04-29,2023,MEMORIAL DA AMERICA LATINA,Mezanino ,600.0,533.3333333333334,MEZANINO
24341,BEAST IN BLACK,2023-04-30,2023,MEMORIAL DA AMERICA LATINA,Mezanino ,600.0,533.3333333333334,MEZANINO
24346,PARKWAY DRIVE,2023-04-30,2023,MEMORIAL DA AMERICA LATINA,Mezanino ,600.0,533.3333333333334,MEZANINO
24352,MARINA SENA,2023-05-05,2023,AUDIO,Mezanino ,300.0,240.0,MEZANINO
24370,JACKSON WANG,2023-05-15,2023,ESPACO UNIMED,Mezanino ,900.0,852.5,MEZANINO
24397,MARCELO D2,2023-06-16,2023,AUDIO,Mezanino ,300.0,210.0,MEZANINO
24401,CHITAOZINHO & XORORO,2023-06-23,2023,ESPACO UNIMED,Mezanino ,250.0,525.0,MEZANINO
24402,CHITAOZINHO & XORORO,2023-06-24,2023,ESPACO UNIMED,Mezanino ,250.0,525.0,MEZANINO
24409,JEFF SATUR,2023-07-07,2023,ESPACO UNIMED,Mezanino ,980.0,817.5,MEZANINO
24412,MARISA MONTE,2023-07-14,2023,ESPACO UNIMED,Mezanino ,280.0,340.0,MEZANINO
24413,MARISA MONTE,2023-07-15,2023,ESPACO UNIMED,Mezanino ,280.0,340.0,MEZANINO
24414,MARISA MONTE,2023-07-21,2023,ESPACO UNIMED,Mezanino ,280.0,340.0,MEZANINO
24416,MARISA MONTE,2023-07-22,2023,ESPACO UNIMED,Mezanino ,280.0,340.0,MEZANINO
24417,5 SECONDS OF SUMMER,2023-07-25,2023,ESPACO UNIMED,Mezanino ,720.0,635.0,MEZANINO
24482,AESPA,2023-09-11,2023,ESPACO UNIMED,Mezanino ,960.0,807.5,MEZANINO
24484,EDSON & HUDSON,2023-09-15,2023,VILLA COUNTRY,Mezanino ,1700.0,602.0,MEZANINO
24490,GHOST,2023-09-20,2023,ESPACO UNIMED,Mezanino ,600.0,550.0,MEZANINO
24491,GHOST,2023-09-21,2023,ESPACO UNIMED,Mezanino ,600.0,550.0,MEZANINO
24492,LYNYRD SKYNYRD,2023-09-22,2023,ESPACO UNIMED,Mezanino ,780.0,701.25,MEZANINO
24509,ROBERTO CARLOS,2023-10-26,2023,ESPACO UNIMED,Mezanino ,600.0,554.0,MEZANINO
24510,ROBERTO CARLOS,2023-10-28,2023,ESPACO UNIMED,Mezanino ,600.0,554.0,MEZANINO
24511,ROBERTO CARLOS,2023-10-29,2023,ESPACO UNIMED,Mezanino ,600.0,554.0,MEZANINO
24512,MANESKIN,2023-11-03,2023,ESPACO UNIMED,Mezanino ,750.0,687.5,MEZANINO
24521,THE LUMINEERS,2023-11-05,2023,ESPACO UNIMED,Mezanino ,740.0,586.0,MEZANINO
24523,ALTER BRIDGE,2023-11-08,2023,ESPACO UNIMED,Mezanino ,550.0,450.0,MEZANINO
24526,JORGE DREXLER,2023-11-09,2023,ESPACO UNIMED,Mezanino ,320.0,362.5,MEZANINO
24534,GOJIRA,2023-11-14,2023,ESPACO UNIMED,Mezanino ,750.0,685.0,MEZANINO
24537,GLORIA GROOVE,2023-11-17,2023,ESPACO UNIMED,Mezanino ,280.0,245.0,MEZANINO
24565,PET SHOP BOYS,2023-12-04,2023,AUDIO,Mezanino ,560.0,505.0,MEZANINO
24617,KING KRULE,2024-03-02,2024,TERRA SP,Mezanino ,420.0,375.0,MEZANINO
24630,PLACEBO,2024-03-17,2024,ESPACO UNIMED,Mezanino ,550.0,583.3333333333334,MEZANINO
24631,RADWIMPS,2024-03-21,2024,TERRA SP,Mezanino ,650.0,650.0,MEZANINO
24651,LUIS MIGUEL,2024-03-23,2024,ALLIANZ PARQUE,Mezanino ,1250.0,860.0,MEZANINO
24673,WESTLIFE,2024-03-24,2024,ESPACO UNIMED,Mezanino ,750.0,672.5,MEZANINO
24674,BLACK VEIL BRIDES,2024-03-26,2024,TERRA SP,Mezanino ,440.0,420.0,MEZANINO
24675,AJULIACOSTA,2024-03-29,2024,AUDIO,Mezanino ,160.0,140.0,MEZANINO
24685,TOM JONES,2024-04-17,2024,ESPACO UNIMED,Mezanino ,650.0,790.0,MEZANINO
24686,MEGADETH,2024-04-18,2024,ESPACO UNIMED,Mezanino ,720.0,672.5,MEZANINO
24687,AIR SUPPLY,2024-04-21,2024,ESPACO UNIMED,Mezanino ,800.0,695.0,MEZANINO
24691,JESSIE J,2024-04-30,2024,ESPACO UNIMED,Mezanino ,750.0,628.75,MEZANINO
24693,LANY,2024-05-07,2024,AUDIO,Mezanino ,475.0,615.0,MEZANINO
24741,ZECA PAGODINHO,2024-06-21,2024,ESPACO UNIMED,Mezanino ,250.0,403.3333333333333,MEZANINO
24742,ZECA PAGODINHO,2024-06-22,2024,ESPACO UNIMED,Mezanino ,250.0,403.3333333333333,MEZANINO
24743,IVE,2024-06-26,2024,ESPACO UNIMED,Mezanino ,950.0,835.0,MEZANINO
24771,NCT DREAM,2024-09-02,2024,ESPACO UNIMED,Mezanino ,850.0,1051.5,MEZANINO
24775,SEPULTURA,2024-09-06,2024,ESPACO UNIMED,Mezanino ,300.0,340.0,MEZANINO
24780,SEPULTURA,2024-09-07,2024,ESPACO UNIMED,Mezanino ,300.0,340.0,MEZANINO
24782,SEPULTURA,2024-09-08,2024,ESPACO UNIMED,Mezanino ,300.0,340.0,MEZANINO
24786,DEEP PURPLE,2024-09-13,2024,ESPACO UNIMED,Mezanino ,750.0,681.25,MEZANINO
24789,GLORIA GAYNOR,2024-09-21,2024,ESPACO UNIMED,Mezanino ,400.0,520.0,MEZANINO
24805,DPR IAN,2024-10-14,2024,KOMPLEXO TEMPO,Mezanino ,560.0,740.0,MEZANINO
24824,THE SMASHING PUMPKINS,2024-11-03,2024,ESPACO UNIMED,Mezanino ,650.0,582.5,MEZANINO
24833,KEANE,2024-11-09,2024,ESPACO UNIMED,Mezanino ,740.0,665.0,MEZANINO
24842,AURORA,2024-11-16,2024,ESPACO UNIMED,Mezanino ,680.0,680.0,MEZANINO
24853,TOTO,2024-11-24,2024,ESPACO UNIMED,Mezanino ,780.0,730.0,MEZANINO
24855,BRING ME THE HORIZON,2024-11-28,2024,AUDIO,Mezanino ,450.0,420.0,MEZANINO
24876,CHRIS BROWN,2024-12-21,2024,ALLIANZ PARQUE,Mezanino ,295.5,538.0,MEZANINO
24881,CHRIS BROWN,2024-12-22,2024,ALLIANZ PARQUE,Mezanino ,295.5,538.0,MEZANINO
24934,INCUBUS,2025-04-10,2025,ESPACO UNIMED,Mezanino ,750.0,1368.3333333333333,MEZANINO
24938,ONE OK ROCK,2025-04-13,2025,ESPACO UNIMED,Mezanino ,500.0,390.0,MEZANINO
24947,MARINA SENA,2025-04-26,2025,ESPACO UNIMED,Mezanino ,1125.0,987.5,MEZANINO
24951,SIMPLE MINDS,2025-05-04,2025,ESPACO UNIMED,Mezanino ,720.0,655.0,MEZANINO
24954,FOREIGNER,2025-05-10,2025,ESPACO UNIMED,Mezanino ,720.0,750.0,MEZANINO
24959,STONE TEMPLE PILOTS,2025-05-22,2025,TERRA SP,Mezanino ,600.0,533.3333333333334,MEZANINO
24963,WIU,2025-05-29,2025,AUDIO,Mezanino ,160.0,166.66666666666666,MEZANINO
24964,GIGI PEREZ,2025-05-30,2025,ESPACO UNIMED,Mezanino ,880.0,815.0,MEZANINO
24965,HOZIER,2025-05-30,2025,ESPACO UNIMED,Mezanino ,880.0,815.0,MEZANINO
24974,MARCOS & BELUTTI,2025-06-14,2025,SUHAI MUSIC HALL,Mezanino ,360.0,370.0,MEZANINO
24982,JEFF SATUR,2025-07-06,2025,TERRA SP,Mezanino ,340.0,911.6666666666666,MEZANINO
24984,BK,2025-07-13,2025,ESPACO UNIMED,Mezanino ,250.0,225.0,MEZANINO
25073,CLAUDIA LEITTE,2025-09-27,2025,SUHAI MUSIC HALL,Mezanino ,400.0,416.0,MEZANINO
25075,KACEY MUSGRAVES,2025-09-28,2025,AUDIO,Mezanino ,386.0,396.0,MEZANINO
25084,KENNY G,2025-10-10,2025,ESPACO UNIMED,Mezanino ,540.0,700.0,MEZANINO
25108,VEIGH,2025-10-25,2025,ESPACO UNIMED,Mezanino ,465.0,467.8,MEZANINO
25117,L'IMPERATRICE,2025-11-04,2025,AUDIO,Mezanino ,455.0,405.0,MEZANINO
25118,TASH SULTANA,2025-11-05,2025,AUDIO,Mezanino ,465.0,445.0,MEZANINO
25125,CHASE ATLANTIC,2025-11-09,2025,SUHAI MUSIC HALL,Mezanino ,780.0,695.0,MEZANINO
25128,MASSIVE ATTACK,2025-11-13,2025,ESPACO UNIMED,Mezanino ,1125.0,987.5,MEZANINO
25130,ROBERTO CARLOS,2025-11-14,2025,SUHAI MUSIC HALL,Mezanino ,300.0,750.0,MEZANINO
25134,ROBERTO CARLOS,2025-11-15,2025,SUHAI MUSIC HALL,Mezanino ,300.0,750.0,MEZANINO
25150,MC HARIEL,2025-11-23,2025,SUHAI MUSIC HALL,Mezanino ,160.0,157.5,MEZANINO
25151,MC LIVINHO,2025-11-23,2025,SUHAI MUSIC HALL,Mezanino ,160.0,157.5,MEZANINO
25207,SEPULTURA,2022-02-20,2022,AUDIO,Frontstage,240.0,200.0,FRONTSTAGE
25208,PABLLO VITTAR,2022-02-25,2022,AUDIO,Frontstage,220.0,196.66666666666666,FRONTSTAGE
25212,DENNIS,2022-02-27,2022,JOCKEY CLUB,Frontstage,450.0,386.0,FRONTSTAGE
25213,LUDMILLA,2022-02-27,2022,JOCKEY CLUB,Frontstage,450.0,386.0,FRONTSTAGE
25217,GLORIA GROOVE,2022-03-01,2022,ESPACO DAS AMERICAS,Frontstage,450.0,386.0,FRONTSTAGE
25219,LUDMILLA,2022-03-01,2022,ESPACO DAS AMERICAS,Frontstage,450.0,386.0,FRONTSTAGE
25329,GLORIA GROOVE,2022-06-17,2022,ARENA ANHEMBI,Frontstage,450.0,386.0,FRONTSTAGE
25331,LUDMILLA,2022-06-17,2022,ARENA ANHEMBI,Frontstage,450.0,386.0,FRONTSTAGE
25332,PABLLO VITTAR,2022-06-17,2022,ARENA ANHEMBI,Frontstage,450.0,386.0,FRONTSTAGE
25337,CLAUDIA LEITTE,2022-06-18,2022,ARENA ANHEMBI,Frontstage,450.0,386.0,FRONTSTAGE
25378,GUSTAVO MIOTO,2022-08-20,2022,DISTRITO ANHEMBI,Frontstage,1400.0,767.5,FRONTSTAGE
25380,JORGE & MATEUS,2022-08-20,2022,DISTRITO ANHEMBI,Frontstage,1400.0,767.5,FRONTSTAGE
25381,LUDMILLA,2022-08-20,2022,DISTRITO ANHEMBI,Frontstage,1400.0,767.5,FRONTSTAGE
25382,MARI FERNANDEZ,2022-08-20,2022,DISTRITO ANHEMBI,Frontstage,1400.0,767.5,FRONTSTAGE
25383,PEDRO SAMPAIO,2022-08-20,2022,DISTRITO ANHEMBI,Frontstage,1400.0,767.5,FRONTSTAGE
25384,XAND AVIAO,2022-08-20,2022,DISTRITO ANHEMBI,Frontstage,1400.0,767.5,FRONTSTAGE
25385,ZE NETO & CRISTIANO,2022-08-20,2022,DISTRITO ANHEMBI,Frontstage,1400.0,767.5,FRONTSTAGE
25503,LUDMILLA,2022-12-10,2022,NEO QUIMICA ARENA,Frontstage,450.0,386.0,FRONTSTAGE
25504,MU540,2022-12-10,2022,NEO QUIMICA ARENA,Frontstage,450.0,386.0,FRONTSTAGE
25505,URIAS,2022-12-10,2022,NEO QUIMICA ARENA,Frontstage,450.0,386.0,FRONTSTAGE
25525,LUDMILLA,2022-12-23,2022,ESPACO UNIMED,Frontstage,450.0,386.0,FRONTSTAGE
25526,MC DON JUAN,2022-12-23,2022,ESPACO UNIMED,Frontstage,450.0,386.0,FRONTSTAGE
25527,MC HARIEL,2022-12-23,2022,ESPACO UNIMED,Frontstage,450.0,386.0,FRONTSTAGE
25528,MC LIVINHO,2022-12-23,2022,ESPACO UNIMED,Frontstage,450.0,386.0,FRONTSTAGE
25702,PABLLO VITTAR,2023-06-02,2023,KOMPLEXO TEMPO,Frontstage,220.0,196.66666666666666,FRONTSTAGE
25703,URIAS,2023-06-02,2023,KOMPLEXO TEMPO,Frontstage,220.0,196.66666666666666,FRONTSTAGE
26146,MATUE,2024-10-26,2024,MEMORIAL DA AMERICA LATINA,Frontstage,200.0,300.0,FRONTSTAGE
26313,MATUE,2025-08-01,2025,MERCADO LIVRE ARENA PACAEMBU,Frontstage,200.0,300.0,FRONTSTAGE
26314,VEIGH,2025-08-01,2025,MERCADO LIVRE ARENA PACAEMBU,Frontstage,200.0,300.0,FRONTSTAGE
26324,ANA CASTELA,2025-08-16,2025,ARENA ANHEMBI,Frontstage,450.0,656.6666666666666,FRONTSTAGE
26325,LUAN SANTANA,2025-08-16,2025,ARENA ANHEMBI,Frontstage,450.0,656.6666666666666,FRONTSTAGE
26408,KENNY G,2025-10-10,2025,ESPACO UNIMED,Frontstage,900.0,700.0,FRONTSTAGE
26447,MATUE,2025-11-08,2025,KOMPLEXO TEMPO,Frontstage,200.0,300.0,FRONTSTAGE
26516,FERRUGEM,2022-02-05,2022,ESTADIO DO CANINDE,VIP I,1465.0,858.3333333333334,VIP I
26517,LUAN SANTANA,2022-02-05,2022,ESTADIO DO CANINDE,VIP I,1465.0,858.3333333333334,VIP I
26518,LUDMILLA,2022-02-05,2022,ESTADIO DO CANINDE,VIP I,1465.0,858.3333333333334,VIP I
26522,ANITTA,2022-02-12,2022,MEMORIAL DA AMERICA LATINA,VIP I,500.0,390.0,VIP I
26523,ATITUDE 67,2022-02-12,2022,MEMORIAL DA AMERICA LATINA,VIP I,500.0,390.0,VIP I
26526,MATHEUS FERNANDES,2022-02-12,2022,MEMORIAL DA AMERICA LATINA,VIP I,500.0,390.0,VIP I
26527,PABLLO VITTAR,2022-02-12,2022,MEMORIAL DA AMERICA LATINA,VIP I,500.0,390.0,VIP I
26614,CAETANO VELOSO,2022-05-06,2022,ESPACO DAS AMERICAS,VIP I,480.0,350.0,VIP I
26676,CAETANO VELOSO,2022-06-24,2022,ESPACO UNIMED,VIP I,520.0,351.6666666666667,VIP I
26678,CAETANO VELOSO,2022-06-25,2022,ESPACO UNIMED,VIP I,520.0,351.6666666666667,VIP I
26730,DJAVAN,2022-09-16,2022,MEMORIAL DA AMERICA LATINA,VIP I,1170.0,558.0,VIP I
26731,GILBERTO GIL,2022-09-16,2022,MEMORIAL DA AMERICA LATINA,VIP I,1170.0,558.0,VIP I
26733,LINIKER,2022-09-16,2022,MEMORIAL DA AMERICA LATINA,VIP I,1170.0,558.0,VIP I
26734,TASHA & TRACIE,2022-09-16,2022,MEMORIAL DA AMERICA LATINA,VIP I,1170.0,558.0,VIP I
26760,DPR IAN,2022-10-16,2022,AUDIO,VIP I,580.0,555.0,VIP I
26765,BLACK LABEL SOCIETY,2022-10-23,2022,AUDIO,VIP I,600.0,420.0,VIP I
26799,BONNIE TYLER,2022-11-12,2022,TOKIO MARINE HALL,VIP I,379.0,305.0,VIP I
26811,CAETANO VELOSO,2022-11-25,2022,ESPACO UNIMED,VIP I,520.0,351.6666666666667,VIP I
26812,CAETANO VELOSO,2022-11-26,2022,ESPACO UNIMED,VIP I,520.0,351.6666666666667,VIP I
26815,CAETANO VELOSO,2022-11-27,2022,ESPACO UNIMED,VIP I,520.0,351.6666666666667,VIP I
26877,SUPER JUNIOR,2023-02-09,2023,ESPACO UNIMED,VIP I,1000.0,785.0,VIP I
26901,DEF LEPPARD,2023-03-07,2023,ALLIANZ PARQUE,VIP I,2400.0,1538.5714285714287,VIP I
26902,MOTLEY CRUE,2023-03-07,2023,ALLIANZ PARQUE,VIP I,2400.0,1538.5714285714287,VIP I
26982,VITOR KLEY,2023-04-23,2023,AUDIO,VIP I,500.0,273.3333333333333,VIP I
27020,DJAVAN,2023-05-20,2023,ESPACO UNIMED,VIP I,1000.0,601.6666666666666,VIP I
27063,P1HARMONY,2023-07-21,2023,TOKIO MARINE HALL,VIP I,440.0,437.14285714285717,VIP I
27155,EVANESCENCE,2023-10-21,2023,ALLIANZ PARQUE,VIP I,1385.0,975.6,VIP I
27157,ROBERTO CARLOS,2023-10-26,2023,ESPACO UNIMED,VIP I,800.0,554.0,VIP I
27158,ROBERTO CARLOS,2023-10-28,2023,ESPACO UNIMED,VIP I,800.0,554.0,VIP I
27159,ROBERTO CARLOS,2023-10-29,2023,ESPACO UNIMED,VIP I,800.0,554.0,VIP I
27217,DEREK,2023-12-09,2023,NEO QUIMICA ARENA,VIP I,860.0,470.0,VIP I
27219,DON TOLIVER,2023-12-09,2023,NEO QUIMICA ARENA,VIP I,860.0,470.0,VIP I
27220,MAJOR RD,2023-12-09,2023,NEO QUIMICA ARENA,VIP I,860.0,470.0,VIP I
27222,SHECK WES,2023-12-09,2023,NEO QUIMICA ARENA,VIP I,860.0,470.0,VIP I
27223,TASHA & TRACIE,2023-12-09,2023,NEO QUIMICA ARENA,VIP I,860.0,470.0,VIP I
27224,WESLEY SAFADAO,2023-12-09,2023,DISTRITO ANHEMBI,VIP I,860.0,470.0,VIP I
27237,JAO,2024-01-20,2024,ALLIANZ PARQUE,VIP I,790.0,400.8333333333333,VIP I
27238,JAO,2024-01-21,2024,ALLIANZ PARQUE,VIP I,790.0,400.8333333333333,VIP I
27246,GLORIA GROOVE,2024-01-27,2024,ALLIANZ PARQUE,VIP I,1190.0,464.0,VIP I
27247,MAIARA & MARAISA,2024-01-27,2024,ALLIANZ PARQUE,VIP I,1190.0,464.0,VIP I
27261,A DAY TO REMEMBER,2024-03-02,2024,ALLIANZ PARQUE,VIP I,990.0,786.6666666666666,VIP I
27262,ALL TIME LOW,2024-03-02,2024,ALLIANZ PARQUE,VIP I,990.0,786.6666666666666,VIP I
27263,ASKING ALEXANDRIA,2024-03-02,2024,ALLIANZ PARQUE,VIP I,990.0,786.6666666666666,VIP I
27264,BOYS LIKE GIRLS,2024-03-02,2024,ALLIANZ PARQUE,VIP I,990.0,786.6666666666666,VIP I
27267,MAYDAY PARADE,2024-03-02,2024,ALLIANZ PARQUE,VIP I,990.0,786.6666666666666,VIP I
27268,PITTY,2024-03-02,2024,ALLIANZ PARQUE,VIP I,990.0,786.6666666666666,VIP I
27269,PLAIN WHITE T'S,2024-03-02,2024,ALLIANZ PARQUE,VIP I,990.0,786.6666666666666,VIP I
27270,SIMPLE PLAN,2024-03-02,2024,ALLIANZ PARQUE,VIP I,990.0,786.6666666666666,VIP I
27271,THE ALL-AMERICAN REJECTS,2024-03-02,2024,ALLIANZ PARQUE,VIP I,990.0,786.6666666666666,VIP I
27272,THE USED,2024-03-02,2024,ALLIANZ PARQUE,VIP I,990.0,786.6666666666666,VIP I
27274,BAMBAM,2024-03-05,2024,VIBRA SAO PAULO,VIP I,1980.0,1001.6666666666666,VIP I
27275,ALCIONE,2024-03-08,2024,ESPACO UNIMED,VIP I,390.0,313.3333333333333,VIP I
27332,TURNSTILE,2024-04-16,2024,TOKIO MARINE HALL,VIP I,2200.0,736.6666666666666,VIP I
27341,LANY,2024-05-07,2024,AUDIO,VIP I,975.0,615.0,VIP I
27366,ARMANDINHO,2024-06-09,2024,ALLIANZ PARQUE,VIP I,1190.0,464.0,VIP I
27367,FERRUGEM,2024-06-09,2024,ALLIANZ PARQUE,VIP I,1190.0,464.0,VIP I
27368,GLORIA GROOVE,2024-06-09,2024,ALLIANZ PARQUE,VIP I,1190.0,464.0,VIP I
27369,GRUPO MENOS E MAIS,2024-06-09,2024,ALLIANZ PARQUE,VIP I,1190.0,464.0,VIP I
27370,LEO SANTANA,2024-06-09,2024,ALLIANZ PARQUE,VIP I,1190.0,464.0,VIP I
27371,LUAN PEREIRA,2024-06-09,2024,ALLIANZ PARQUE,VIP I,1190.0,464.0,VIP I
27372,LUDMILLA,2024-06-09,2024,ALLIANZ PARQUE,VIP I,1190.0,464.0,VIP I
27373,LUISA SONZA,2024-06-09,2024,ALLIANZ PARQUE,VIP I,1190.0,464.0,VIP I
27374,MC DANIEL,2024-06-09,2024,ALLIANZ PARQUE,VIP I,1190.0,464.0,VIP I
27375,MC DAVI,2024-06-09,2024,ALLIANZ PARQUE,VIP I,1190.0,464.0,VIP I
27376,MC DON JUAN,2024-06-09,2024,ALLIANZ PARQUE,VIP I,1190.0,464.0,VIP I
27377,MC HARIEL,2024-06-09,2024,ALLIANZ PARQUE,VIP I,1190.0,464.0,VIP I
27378,PEDRO SAMPAIO,2024-06-09,2024,ALLIANZ PARQUE,VIP I,1190.0,464.0,VIP I
27379,TURMA DO PAGODE,2024-06-09,2024,ALLIANZ PARQUE,VIP I,1190.0,464.0,VIP I
27380,VITOR KLEY,2024-06-09,2024,ALLIANZ PARQUE,VIP I,1190.0,464.0,VIP I
27381,WIU,2024-06-09,2024,ALLIANZ PARQUE,VIP I,1190.0,464.0,VIP I
27382,XAMA,2024-06-09,2024,ALLIANZ PARQUE,VIP I,1190.0,464.0,VIP I
27383,XAND AVIAO,2024-06-09,2024,ALLIANZ PARQUE,VIP I,1190.0,464.0,VIP I
27384,ZE FELIPE,2024-06-09,2024,ALLIANZ PARQUE,VIP I,1190.0,464.0,VIP I
27419,NCT DREAM,2024-09-02,2024,ESPACO UNIMED,VIP I,1726.0,1051.5,VIP I
27420,ANITTA,2024-09-06,2024,NEO QUIMICA ARENA,VIP I,298.0,298.0,VIP I
27422,LUISA SONZA,2024-09-06,2024,NEO QUIMICA ARENA,VIP I,298.0,298.0,VIP I
27424,ZEEBA,2024-09-06,2024,NEO QUIMICA ARENA,VIP I,298.0,298.0,VIP I
27453,DPR IAN,2024-10-14,2024,KOMPLEXO TEMPO,VIP I,600.0,740.0,VIP I
27458,MUDVAYNE,2024-10-19,2024,ALLIANZ PARQUE,VIP I,4990.0,1790.0,VIP I
27459,SLIPKNOT,2024-10-19,2024,ALLIANZ PARQUE,VIP I,4990.0,1790.0,VIP I
27460,BABYMETAL,2024-10-20,2024,ALLIANZ PARQUE,VIP I,4990.0,1790.0,VIP I
27461,BAD OMENS,2024-10-20,2024,ALLIANZ PARQUE,VIP I,4990.0,1790.0,VIP I
27462,P.O.D.,2024-10-20,2024,ALLIANZ PARQUE,VIP I,4990.0,1790.0,VIP I
27463,POPPY,2024-10-20,2024,ALLIANZ PARQUE,VIP I,4990.0,1790.0,VIP I
27464,SLIPKNOT,2024-10-20,2024,ALLIANZ PARQUE,VIP I,4990.0,1790.0,VIP I
27480,TITAS,2024-11-08,2024,EXPO CENTER NORTE,VIP I,990.0,473.75,VIP I
27505,ARMANDINHO,2024-11-30,2024,AUDIO,VIP I,140.0,110.0,VIP I
27522,DREAM THEATER,2024-12-15,2024,VIBRA SAO PAULO,VIP I,1700.0,1210.0,VIP I
27578,STRAY KIDS,2025-04-05,2025,MORUMBIS,VIP I,2581.0,1003.5,VIP I
27581,STRAY KIDS,2025-04-06,2025,MORUMBIS,VIP I,2581.0,1003.5,VIP I
27582,INCUBUS,2025-04-10,2025,ESPACO UNIMED,VIP I,2470.0,1368.3333333333333,VIP I
27587,EUROPE,2025-04-19,2025,ALLIANZ PARQUE,VIP I,2000.0,1474.2857142857142,VIP I
27588,JUDAS PRIEST,2025-04-19,2025,ALLIANZ PARQUE,VIP I,2000.0,1474.2857142857142,VIP I
27589,SCORPIONS,2025-04-19,2025,ALLIANZ PARQUE,VIP I,2000.0,1474.2857142857142,VIP I
27590,JUDAS PRIEST,2025-04-20,2025,VIBRA SAO PAULO,VIP I,2000.0,1474.2857142857142,VIP I
27591,KALEO,2025-04-22,2025,AUDIO,VIP I,729.0,709.6666666666666,VIP I
27592,XG,2025-04-24,2025,TOKIO MARINE HALL,VIP I,1020.0,570.0,VIP I
27603,SYSTEM OF A DOWN,2025-05-10,2025,ALLIANZ PARQUE,VIP I,1885.0,993.3333333333334,VIP I
27604,SYSTEM OF A DOWN,2025-05-11,2025,ALLIANZ PARQUE,VIP I,1885.0,993.3333333333334,VIP I
27606,SYSTEM OF A DOWN,2025-05-14,2025,AUTODROMO DE INTERLAGOS,VIP I,2495.0,1545.0,VIP I
27621,BAEKHYUN,2025-06-14,2025,VIBRA SAO PAULO,VIP I,2100.0,1190.0,VIP I
27622,MARCOS & BELUTTI,2025-06-14,2025,SUHAI MUSIC HALL,VIP I,400.0,370.0,VIP I
27623,BAEKHYUN,2025-06-15,2025,VIBRA SAO PAULO,VIP I,2100.0,1190.0,VIP I
27630,JEFF SATUR,2025-07-06,2025,TERRA SP,VIP I,1240.0,911.6666666666666,VIP I
27633,NATIRUTS,2025-07-18,2025,ALLIANZ PARQUE,VIP I,990.0,477.5,VIP I
27634,NATIRUTS,2025-07-19,2025,ALLIANZ PARQUE,VIP I,990.0,477.5,VIP I
27636,MAIARA & MARAISA,2025-07-25,2025,CENTRO DE TRADICOES NORDESTINAS,VIP I,4990.0,1790.0,VIP I
27645,ADO,2025-08-13,2025,ESPACO UNIMED,VIP I,840.0,710.0,VIP I
27660,FALL OUT BOY,2025-08-30,2025,ALLIANZ PARQUE,VIP I,1395.0,870.0,VIP I
27661,GOOD CHARLOTTE,2025-08-30,2025,ALLIANZ PARQUE,VIP I,1395.0,870.0,VIP I
27662,NECK DEEP,2025-08-30,2025,ALLIANZ PARQUE,VIP I,1395.0,870.0,VIP I
27663,YELLOWCARD,2025-08-30,2025,ALLIANZ PARQUE,VIP I,1395.0,870.0,VIP I
27720,RACA NEGRA,2025-09-26,2025,ESPACO UNIMED,VIP I,580.0,440.0,VIP I
27721,CLAUDIA LEITTE,2025-09-27,2025,SUHAI MUSIC HALL,VIP I,450.0,416.0,VIP I
27729,MARIA BETHANIA,2025-10-04,2025,TOKIO MARINE HALL,VIP I,820.0,780.0,VIP I
27731,MARIA BETHANIA,2025-10-05,2025,TOKIO MARINE HALL,VIP I,820.0,780.0,VIP I
27734,MARIA BETHANIA,2025-10-11,2025,TOKIO MARINE HALL,VIP I,820.0,780.0,VIP I
27735,MARIA BETHANIA,2025-10-12,2025,TOKIO MARINE HALL,VIP I,820.0,780.0,VIP I
27741,TOQUINHO,2025-10-17,2025,ESPACO UNIMED,VIP I,520.0,365.0,VIP I
27743,MARIA BETHANIA,2025-10-19,2025,TOKIO MARINE HALL,VIP I,820.0,780.0,VIP I
27744,RAUW ALEJANDRO,2025-10-22,2025,VIBRA SAO PAULO,VIP I,2596.0,2992.5714285714284,VIP I
27747,P1HARMONY,2025-10-24,2025,VIBRA SAO PAULO,VIP I,1500.0,1045.0,VIP I
27748,SKILLET,2025-10-24,2025,AUDIO,VIP I,590.0,565.0,VIP I
27752,MARIA BETHANIA,2025-10-25,2025,TOKIO MARINE HALL,VIP I,820.0,780.0,VIP I
27756,VEIGH,2025-10-25,2025,ESPACO UNIMED,VIP I,477.0,467.8,VIP I
27757,MARIA BETHANIA,2025-10-26,2025,TOKIO MARINE HALL,VIP I,820.0,780.0,VIP I
27774,POLO & PAN,2025-11-12,2025,AUDIO,VIP I,990.0,613.3333333333334,VIP I
27778,ROBERTO CARLOS,2025-11-14,2025,SUHAI MUSIC HALL,VIP I,860.0,750.0,VIP I
27782,ROBERTO CARLOS,2025-11-15,2025,SUHAI MUSIC HALL,VIP I,860.0,750.0,VIP I
28084,DPR IAN,2022-10-16,2022,AUDIO,VIP II,830.0,555.0,VIP II
28225,DEF LEPPARD,2023-03-07,2023,ALLIANZ PARQUE,VIP II,2450.0,1538.5714285714287,VIP II
28226,MOTLEY CRUE,2023-03-07,2023,ALLIANZ PARQUE,VIP II,2450.0,1538.5714285714287,VIP II
28387,P1HARMONY,2023-07-21,2023,TOKIO MARINE HALL,VIP II,550.0,437.14285714285717,VIP II
28479,EVANESCENCE,2023-10-21,2023,ALLIANZ PARQUE,VIP II,2143.0,975.6,VIP II
28561,JAO,2024-01-20,2024,ALLIANZ PARQUE,VIP II,900.0,400.8333333333333,VIP II
28562,JAO,2024-01-21,2024,ALLIANZ PARQUE,VIP II,900.0,400.8333333333333,VIP II
28585,A DAY TO REMEMBER,2024-03-02,2024,ALLIANZ PARQUE,VIP II,2000.0,786.6666666666666,VIP II
28586,ALL TIME LOW,2024-03-02,2024,ALLIANZ PARQUE,VIP II,2000.0,786.6666666666666,VIP II
28587,ASKING ALEXANDRIA,2024-03-02,2024,ALLIANZ PARQUE,VIP II,2000.0,786.6666666666666,VIP II
28588,BOYS LIKE GIRLS,2024-03-02,2024,ALLIANZ PARQUE,VIP II,2000.0,786.6666666666666,VIP II
28591,MAYDAY PARADE,2024-03-02,2024,ALLIANZ PARQUE,VIP II,2000.0,786.6666666666666,VIP II
28592,PITTY,2024-03-02,2024,ALLIANZ PARQUE,VIP II,2000.0,786.6666666666666,VIP II
28593,PLAIN WHITE T'S,2024-03-02,2024,ALLIANZ PARQUE,VIP II,2000.0,786.6666666666666,VIP II
28594,SIMPLE PLAN,2024-03-02,2024,ALLIANZ PARQUE,VIP II,2000.0,786.6666666666666,VIP II
28595,THE ALL-AMERICAN REJECTS,2024-03-02,2024,ALLIANZ PARQUE,VIP II,2000.0,786.6666666666666,VIP II
28596,THE USED,2024-03-02,2024,ALLIANZ PARQUE,VIP II,2000.0,786.6666666666666,VIP II
28598,BAMBAM,2024-03-05,2024,VIBRA SAO PAULO,VIP II,1780.0,1001.6666666666666,VIP II
28777,DPR IAN,2024-10-14,2024,KOMPLEXO TEMPO,VIP II,1350.0,740.0,VIP II
28782,MUDVAYNE,2024-10-19,2024,ALLIANZ PARQUE,VIP II,1990.0,1790.0,VIP II
28783,SLIPKNOT,2024-10-19,2024,ALLIANZ PARQUE,VIP II,1990.0,1790.0,VIP II
28784,BABYMETAL,2024-10-20,2024,ALLIANZ PARQUE,VIP II,1990.0,1790.0,VIP II
28785,BAD OMENS,2024-10-20,2024,ALLIANZ PARQUE,VIP II,1990.0,1790.0,VIP II
28786,P.O.D.,2024-10-20,2024,ALLIANZ PARQUE,VIP II,1990.0,1790.0,VIP II
28787,POPPY,2024-10-20,2024,ALLIANZ PARQUE,VIP II,1990.0,1790.0,VIP II
28788,SLIPKNOT,2024-10-20,2024,ALLIANZ PARQUE,VIP II,1990.0,1790.0,VIP II
28846,DREAM THEATER,2024-12-15,2024,VIBRA SAO PAULO,VIP II,2000.0,1210.0,VIP II
28906,INCUBUS,2025-04-10,2025,ESPACO UNIMED,VIP II,3220.0,1368.3333333333333,VIP II
28911,EUROPE,2025-04-19,2025,ALLIANZ PARQUE,VIP II,2400.0,1474.2857142857142,VIP II
28912,JUDAS PRIEST,2025-04-19,2025,ALLIANZ PARQUE,VIP II,2400.0,1474.2857142857142,VIP II
28913,SCORPIONS,2025-04-19,2025,ALLIANZ PARQUE,VIP II,2400.0,1474.2857142857142,VIP II
28914,JUDAS PRIEST,2025-04-20,2025,VIBRA SAO PAULO,VIP II,2400.0,1474.2857142857142,VIP II
28945,BAEKHYUN,2025-06-14,2025,VIBRA SAO PAULO,VIP II,2500.0,1190.0,VIP II
28946,MARCOS & BELUTTI,2025-06-14,2025,SUHAI MUSIC HALL,VIP II,440.0,370.0,VIP II
28947,BAEKHYUN,2025-06-15,2025,VIBRA SAO PAULO,VIP II,2500.0,1190.0,VIP II
28954,JEFF SATUR,2025-07-06,2025,TERRA SP,VIP II,2150.0,911.6666666666666,VIP II
28960,MAIARA & MARAISA,2025-07-25,2025,CENTRO DE TRADICOES NORDESTINAS,VIP II,1990.0,1790.0,VIP II
29045,CLAUDIA LEITTE,2025-09-27,2025,SUHAI MUSIC HALL,VIP II,500.0,416.0,VIP II
29053,MARIA BETHANIA,2025-10-04,2025,TOKIO MARINE HALL,VIP II,980.0,780.0,VIP II
29055,MARIA BETHANIA,2025-10-05,2025,TOKIO MARINE HALL,VIP II,980.0,780.0,VIP II
29058,MARIA BETHANIA,2025-10-11,2025,TOKIO MARINE HALL,VIP II,980.0,780.0,VIP II
29059,MARIA BETHANIA,2025-10-12,2025,TOKIO MARINE HALL,VIP II,980.0,780.0,VIP II
29067,MARIA BETHANIA,2025-10-19,2025,TOKIO MARINE HALL,VIP II,980.0,780.0,VIP II
29071,P1HARMONY,2025-10-24,2025,VIBRA SAO PAULO,VIP II,2000.0,1045.0,VIP II
29076,MARIA BETHANIA,2025-10-25,2025,TOKIO MARINE HALL,VIP II,980.0,780.0,VIP II
29080,VEIGH,2025-10-25,2025,ESPACO UNIMED,VIP II,777.0,467.8,VIP II
29081,MARIA BETHANIA,2025-10-26,2025,TOKIO MARINE HALL,VIP II,980.0,780.0,VIP II
29102,ROBERTO CARLOS,2025-11-14,2025,SUHAI MUSIC HALL,VIP II,800.0,750.0,VIP II
29106,ROBERTO CARLOS,2025-11-15,2025,SUHAI MUSIC HALL,VIP II,800.0,750.0,VIP II
32089,TRAVIS SCOTT,2022-11-06,2022,DISTRITO ANHEMBI,Lounge,300.0,625.0,LOUNGE
32295,EDSON & HUDSON,2023-05-05,2023,ESPACO UNIMED,Lounge,300.0,370.0,LOUNGE
32649,MATUE,2024-05-19,2024,VALE DO ANHANGABAU,Lounge,300.0,300.0,LOUNGE
